smiles,log10_caco2,log10_pampa,log10_mdck,split
C#CCN(C)Cc1ccc(O)c2ncccc12,-4.542713,-4.6523895,-4.4504313,train
C#CCN(CCC1CCN(Cc2ccccc2)CC1)Cc1ccc(O)c2ncccc12,-4.816683,-4.7812905,-4.701191,train
C#CCN(CCCC1CCN(Cc2ccccc2)CC1)Cc1ccc(O)c2ncccc12,-4.8448176,-4.7349186,-4.7011504,train
C#CCN(Cc1ccc(O)c2ncccc12)C(C#N)C1CCN(Cc2ccccc2)CC1,-5.240986,-4.583029,-4.679162,train
C#CCN(Cc1ccc(O)c2ncccc12)C1CCN(Cc2ccccc2)CC1,-4.7551613,-4.6026797,-4.6292143,train
C#CCN(Cc1ccc(O)c2ncccc12)CC1CCN(Cc2ccccc2)CC1,-4.7637405,-4.737593,-4.651162,train
C/C=C/C[C@@H](C)C(=O)[C@H]1C(=O)N[C@@H](CC)C(=O)N(C)CC(=O)N(C)[C@@H](CC(C)C)C(=O)N[C@@H](C(C)C)C(=O)N(C)[C@@H](CC(C)C)C(=O)N[C@@H](C)C(=O)N[C@H](C)C(=O)N(C)[C@@H](CC(C)C)C(=O)N(C)[C@@H](CC(C)C)C(=O)N(C)[C@@H](C(C)C)C(=O)N1C,-5.2098274,-5.5845175,-5.8803024,train
C/C=C/C[C@@H](C)[C@@H](O)[C@H]1C(=O)N[C@@H](C(C)C)C(=O)N(C)CC(=O)N(C)[C@@H](CC(C)C)C(=O)N[C@@H](C(C)C)C(=O)N(C)[C@@H](CC(C)C)C(=O)N[C@@H](C)C(=O)N[C@H](C)C(=O)N(C)[C@@H](CC(C)C)C(=O)N(C)[C@@H](CC(C)C)C(=O)N(C)[C@@H](C(C)C)C(=O)N1C,-5.353653,-5.778491,-5.9495807,train
C/C=C/C[C@@H](C)[C@@H](O)[C@H]1C(=O)N[C@@H](CC)C(=O)N(C)CC(=O)N(C)[C@@H](CC(C)C)C(=O)N[C@@H](C(C)C)C(=O)N(C)[C@@H](CC(C)C)C(=O)N[C@@H](C)C(=O)N[C@H](C)C(=O)N(C)[C@@H](CC(C)C)C(=O)N(C)[C@@H](CC(C)C)C(=O)N(C)[C@H](C(C)C)C(=O)N1C,-5.3923903,-5.906939,-5.948728,train
C/C=C/C[C@@H](C)[C@@H](O)[C@H]1C(=O)N[C@@H]([C@@H](C)O)C(=O)N(C)CC(=O)N(C)[C@@H](CC(C)C)C(=O)N[C@@H](C(C)C)C(=O)N(C)[C@@H](CC(C)C)C(=O)N[C@@H](C)C(=O)N[C@H](C)C(=O)N(C)[C@@H](CC(C)C)C(=O)N(C)[C@@H](CC(C)C)C(=O)N(C)[C@@H](C(C)C)C(=O)N1C,-5.6863003,-6.0899563,-6.123192,train
C=C1C[C@@](C)(c2cc(NC(=O)c3ccc(C#N)cn3)ccc2F)N=C(N)S1,-4.6356325,-4.140387,-4.620542,train
C=CC(=O)N1CCN(c2nc(=O)n(-c3c(C(C)C)ccnc3C)c3nc(-c4c(O)cccc4F)c(Cl)cc23)[C@@H](C)C1,-5.462834,-5.6810317,-5.3217573,train
C=CC(=O)N1CCN(c2nc(=O)n(-c3c(C(C)C)ccnc3C)c3nc(-c4c(O)cccc4F)c(F)cc23)[C@@H](C)C1,-5.4152985,-5.6136413,-5.24047,train
C=CC(=O)N1CCN(c2nc(=O)n(-c3c(C)cccc3C(C)C)c3nc(-c4c(O)cccc4F)c(Cl)cc23)[C@@H](C)C1,-5.209558,-5.0683517,-4.9651384,train
C=CC(=O)N1CCN(c2nc(=O)n(-c3c(C)cccc3C(C)C)c3nc(-c4c(O)cccc4F)c(F)cc23)[C@@H](C)C1,-5.200277,-5.0243354,-4.9316545,train
C=CC(=O)N1CCN(c2nc(=O)n(-c3c(C)ccnc3C(C)C)c3nc(-c4c(O)cccc4F)c(Cl)cc23)[C@@H](C)C1,-5.3626423,-5.73126,-5.3220906,train
C=CC(=O)N1CCN(c2nc(=O)n(-c3c(C)ccnc3C(C)C)c3nc(-c4c(O)cccc4F)c(F)cc23)[C@@H](C)C1,-5.334957,-5.6879964,-5.256274,train
C=CC(=O)N1CCN(c2nc(=O)n(-c3c(C)ncnc3C(C)C)c3nc(-c4c(O)cccc4F)c(F)cc23)[C@@H](C)C1,-5.795161,-6.1930366,-5.7202334,train
C=CC(=O)N1CCN(c2nc(=O)n(-c3ccccc3C(C)C)c3cc(-c4c(C)ccc5[nH]ncc45)c(Cl)cc23)CC1,-5.8643217,-5.3567686,-5.289138,train
C=CC(=O)N1CCN(c2nc(=O)n(-c3ccccc3C(C)C)c3cc(-c4c(O)cccc4F)c(Cl)cc23)CC1,-5.7961373,-5.4579506,-5.292116,train
C=CC(=O)N1CCN(c2nc(=O)n(-c3ccccc3C(C)C)c3cc(-c4c(O)cccc4F)c(Cl)cc23)[C@@H](C)C1,-5.268058,-5.339128,-5.1182737,train
C=CC(=O)N1CCN(c2nc(=O)n(-c3ccccc3C(C)C)c3cc(-c4ccccc4C(F)(F)F)c(Cl)cc23)[C@@H](C)C1,-6.0318136,-5.640792,-5.1474543,train
C=CC(=O)N1CCN(c2nc(=O)n(-c3ccccc3C(C)C)c3cc(-c4ccccc4F)c(Cl)cc23)[C@@H](C)C1,-5.6923137,-5.330335,-5.1014853,train
C=CC(=O)N1CCN(c2nc(=O)n(-c3ccccc3C(C)C)c3nc(-c4c(O)cccc4F)c(Cl)cc23)CC1,-5.8767767,-5.236199,-5.169903,train
C=CC(=O)N1CCN(c2nc(=O)n(-c3ccccc3C(C)C)c3nc(-c4c(O)cccc4F)c(Cl)cc23)[C@@H](C)C1,-5.3762345,-5.171586,-5.032067,train
C=CC(=O)N1CCN(c2nc(=O)n(-c3ccccc3C(C)C)c3nc(-c4ccccc4Cl)c(Cl)cc23)[C@@H](C)C1,-5.848036,-5.3106318,-5.0880604,train
C=CC(=O)N1CCN(c2nc(=O)n(-c3ccccc3C(C)C)c3nc(-c4ccccc4F)c(Cl)cc23)[C@@H](C)C1,-5.480815,-5.160264,-4.9542937,train
C=CC(=O)N1CCN(c2nc(=O)n(-c3ccccc3C(C)C)c3nc(-c4ccccc4O)c(Cl)cc23)[C@@H](C)C1,-5.4810777,-5.0985026,-5.018589,train
CC(=O)N1CC(CC#N)(n2cc(-c3nc(-c4cnn(C)c4)cn4nccc34)cn2)C1,-5.457486,-5.2185664,-4.8766575,train
CC(=O)N1CCN(c2ccc(Nc3cc(-c4ccnc(N5CCn6c(cc7c6CC(C)(C)C7)C5=O)c4CO)cn(C)c3=O)nc2)CC1,-5.526115,-4.3757644,-4.839857,train
CC(=O)N1CCc2c(c(-c3cccc4cc(-c5cnn(C)c5)ncc34)nn2C2CCOCC2)C1,-4.8445745,-4.9888377,-4.7156677,train
CC(=O)N1CCc2c(c(Nc3ccc(-c4cnn(C)c4)cc3F)nn2[C@@H]2CCOC2)C1,-4.676267,-4.85516,-4.7238135,train
CC(=O)N1CCc2c(c(Nc3cccc(-c4cc[nH]n4)c3)nn2CC2CC2)C1,-5.2819133,-4.819299,-4.88062,train
CC(=O)N1CCc2c(c(Nc3cccc(-c4ccccn4)c3)nn2CC2CC2)C1,-5.3029237,-4.7548127,-4.783596,train
CC(=O)N1CCc2c(c(Nc3cccc(-c4ccncc4)c3)nn2CC2CC2)C1,-5.162322,-4.8411613,-4.9444175,train
CC(=O)N1CCc2c(c(Nc3cccc(-c4ccnn4C)c3)nn2CC2CC2)C1,-5.31163,-4.903512,-4.895155,train
CC(=O)N1CCc2c(c(Nc3cccc(-c4cn[nH]c4)c3)nn2CC2CC2)C1,-5.124326,-5.238724,-5.1364217,train
CC(=O)N1CCc2c(c(Nc3cccc(-c4cnn(C)c4)c3)nn2CC2CC2)C1,-4.866346,-4.4551373,-4.7236905,train
CC(=O)N1CCc2c(c(Nc3cccc(C(=O)NC(C)C)c3)nn2CC2CC2)C1,-5.8548527,-5.039168,-5.163461,train
CC(=O)NC1CCN(c2nc(-c3ccccn3)nc3c2CN(Cc2ccc(Cl)cc2)CC3)CC1,-4.8151426,-4.9469247,-4.91012,train
CC(=O)NS(=O)(=O)c1ccc(-c2cnc(N)c(-c3ccc(Cl)cc3)c2)cc1,-5.077092,-5.277063,-4.8503304,train
CC(=O)NS(=O)(=O)c1ccc(Oc2ccc(F)c(Cl)c2)c(C(F)(F)F)c1,-5.570265,-5.28804,-4.7773113,train
CC(=O)N[C@@H](Cc1cc(F)cc(F)c1)[C@H](O)CNC1(c2cc(C(C)(C)C)ncn2)CCCCC1,-6.8756466,-7.095397,-6.7943373,train
CC(=O)N[C@@H](Cc1cc(F)cc(F)c1)[C@H](O)CNC1(c2cc(CC(C)(C)C)no2)CCCCC1,-7.1268535,-7.2127743,-6.8662643,train
CC(=O)N[C@@H](Cc1cc(F)cc(F)c1)[C@H](O)CNC1(c2cccc(-n3ccnc3)c2)CCCCC1,-7.4876986,-7.729688,-7.6214914,train
CC(=O)N[C@@H](Cc1cc(F)cc(F)c1)[C@H](O)CNC1(c2cccc(-n3nccn3)c2)CCCCC1,-7.391673,-7.4532156,-7.406098,train
CC(=O)N[C@@H](Cc1cc(F)cc(F)c1)[C@H](O)CNC1(c2cccc(C#N)c2)CCCCC1,-7.391643,-7.4237657,-7.315581,train
CC(=O)N[C@@H](Cc1cc(F)cc(F)c1)[C@H](O)CNC1(c2cccc(C(C)(C)C#N)c2)CCCCC1,-7.5197735,-7.2681274,-7.273715,train
CC(=O)N[C@@H](Cc1cc(F)cc(F)c1)[C@H](O)CNC1(c2cccc(C(C)(C)C)c2)CC1,-7.982191,-7.125052,-7.467228,train
CC(=O)N[C@@H](Cc1cc(F)cc(F)c1)[C@H](O)CNC1(c2cccc(C(C)(C)C)c2)CCCCC1,-8.104017,-7.1706095,-7.6212845,train
CC(=O)N[C@@H](Cc1cc(F)cc(F)c1)[C@H](O)CNC1(c2cccc(C(C)(C)C)c2)CCOCC1,-7.5605774,-7.195618,-7.3348556,train
CC(=O)N[C@@H](Cc1cc(F)cc(F)c1)[C@H](O)CNC1(c2cccc(C(C)(C)C)c2)CCc2n[nH]cc2C1,-8.132313,-7.282013,-7.744094,train
CC(=O)N[C@@H](Cc1cc(F)cc(F)c1)[C@H](O)CNC1(c2cccc(C(C)(C)CO)c2)CCCCC1,-7.87949,-7.4948997,-7.6692433,train
CC(=O)N[C@@H](Cc1cc(F)cc(F)c1)[C@H](O)CNC1(c2cccc(C3(C)CCCO3)c2)CC1,-7.176585,-7.30977,-7.1303477,train
CC(=O)N[C@@H](Cc1cc(F)cc(F)c1)[C@H](O)CNC1(c2cccc(C3CCCC3=O)c2)CCCCC1,-7.116172,-7.3295984,-7.1427975,train
CC(=O)N[C@@H](Cc1cc(F)cc(F)c1)[C@H](O)CNC1(c2cccc(C3CCCCO3)c2)CC1,-7.1025677,-7.4383726,-7.108385,train
CC(=O)N[C@@H](Cc1cc(F)cc(F)c1)[C@H](O)CNC1(c2cccc(C3CCCO3)c2)CCCCC1,-7.1678896,-7.472683,-7.2210693,train
CC(=O)N[C@@H](Cc1cc(F)cc(F)c1)[C@H](O)CNC1(c2cccc(C3CCOC3)c2)CCCCC1,-7.082874,-7.6420574,-7.2480507,train
CC(=O)N[C@@H](Cc1cc(F)cc(F)c1)[C@H](O)CNC1(c2cccc(C3CCOCOC3)c2)CCCCC1,-6.7894607,-7.412343,-7.0180593,train
CC(=O)N[C@@H](Cc1cc(F)cc(F)c1)[C@H](O)CNC1(c2cccc(C3COCCO3)c2)CC1,-6.6446466,-7.1879272,-6.768695,train
CC(=O)N[C@@H](Cc1cc(F)cc(F)c1)[C@H](O)CNC1(c2cccc(N(C)C)c2)CCCCC1,-7.592602,-7.4415402,-7.4671884,train
CC(=O)N[C@@H](Cc1cc(F)cc(F)c1)[C@H](O)CNC1(c2cccc(N3CCCCC3=O)c2)CCCCC1,-7.7566123,-7.6901097,-7.698085,train
CC(=O)N[C@@H](Cc1cc(F)cc(F)c1)[C@H](O)CNC1(c2cccc(N3CCCNC3=O)c2)CCCCC1,-8.232836,-7.894392,-8.06648,train
CC(=O)N[C@@H](Cc1cc(F)cc(F)c1)[C@H](O)CNC1(c2cccc(N3CCCOCC3)c2)CCCCC1,-7.0064197,-7.475775,-7.2369347,train
CC(=O)N[C@@H](Cc1cc(F)cc(F)c1)[C@H](O)CNC1(c2cccc(N3CCCOCC3=O)c2)CCCCC1,-8.01639,-8.1783695,-8.032381,train
CC(=O)N[C@@H](Cc1cc(F)cc(F)c1)[C@H](O)CNC1(c2cccc(N3CCNC3=O)c2)CCCCC1,-8.074512,-7.705707,-7.880168,train
CC(=O)N[C@@H](Cc1cc(F)cc(F)c1)[C@H](O)CNC1(c2cccc(N3CCOC3=O)c2)CCCCC1,-7.737692,-7.4760876,-7.4515953,train
CC(=O)N[C@@H](Cc1cc(F)cc(F)c1)[C@H](O)CNC1(c2cccc(N3CCOCC3=O)c2)CCCCC1,-7.9111614,-7.960249,-7.849693,train
CC(=O)N[C@@H](Cc1cc(F)cc(F)c1)[C@H](O)CNC1(c2cccc(S(C)(=O)=O)c2)CCCCC1,-7.880001,-7.478448,-7.421219,train
CC(=O)N[C@@H](Cc1cc(F)cc(F)c1)[C@H](O)CNC1(c2ccccc2)CCCCC1,-7.434915,-7.451837,-7.347733,train
CC(=O)N[C@@H](Cc1cc(F)cc(F)c1)[C@H](O)CNC1(c2cncc(CC(C)(C)C)c2)CC1,-6.842538,-7.614931,-7.094722,train
CC(=O)N[C@@H](Cc1cc(F)cc(F)c1)[C@H](O)CNC1(c2cnn(CC(C)(C)C)c2)CC1,-6.7454376,-7.4081726,-6.898932,train
CC(=O)N[C@@H](Cc1cc(F)cc(F)c1)[C@H](O)CNC1(c2nc(CC(C)(C)C)cs2)CC1,-7.044208,-7.3022566,-6.89292,train
CC(=O)N[C@@H](Cc1cc(F)cc(F)c1)[C@H](O)CNCc1cccc(C(C)C)c1,-6.900997,-6.0147524,-5.8682632,train
CC(=O)N[C@@H](Cc1cc(F)cc(F)c1)[C@H](O)CN[C@H]1CC(C)(C)Oc2ccc(CC(C)(C)C#N)cc21,-7.496409,-7.873443,-7.6911197,train
CC(=O)N[C@@H](Cc1cc(F)cc(F)c1)[C@H](O)CN[C@H]1CC(C)(C)Oc2ccc(CC(C)(C)C)cc21,-7.57125,-8.177012,-7.9398737,train
CC(=O)N[C@@H](Cc1cc(F)cc(F)c1)[C@H](O)CN[C@H]1CC(C)(C)Oc2ccc(CC(C)(F)F)cc21,-7.5666065,-7.9771214,-7.870332,train
CC(=O)N[C@@H](Cc1cc(F)cc(F)c1)[C@H](O)CN[C@H]1CC(C)(C)Oc2ccc(OC(C)(C)C)cc21,-7.407872,-8.136376,-7.803062,train
CC(=O)N[C@@H](Cc1cc(F)cc(F)c1)[C@H](O)CN[C@H]1CC(C)(C)Oc2ccc(OC(F)(F)F)cc21,-7.724342,-7.765213,-7.802958,train
CC(=O)N[C@@H](Cc1cc(F)cc(F)c1)[C@H](O)CN[C@H]1CCCc2ccc(CC(C)(C)C)cc21,-7.4393325,-8.036213,-7.737611,train
CC(=O)N[C@@H](Cc1cc(F)cc(F)c1)[C@H](O)CN[C@H]1CCOc2ccc(CC(C)(C)C#N)cc21,-6.993823,-7.353611,-7.0129657,train
CC(=O)N[C@@H](Cc1cc(F)cc(F)c1)[C@H](O)CN[C@H]1CCOc2ccc(CC(C)(C)C)cc21,-7.0447617,-7.6497946,-7.275519,train
CC(=O)N[C@@H](Cc1cc(F)cc(F)c1)[C@H](O)CN[C@H]1CCOc2ccc(CC(C)(C)F)cc21,-6.969786,-7.5009403,-7.185415,train
CC(=O)N[C@@H](Cc1cc(F)cc(F)c1)[C@H](O)CN[C@H]1CCOc2ccc(CC(C)(F)F)cc21,-7.039738,-7.4580774,-7.19345,train
CC(=O)N[C@@H](Cc1cc(F)cc(F)c1)[C@H](O)CN[C@H]1CCOc2ccc(OC(C)C)cc21,-7.0524993,-7.4464035,-7.192272,train
CC(=O)N[C@@H](Cc1cc(F)cc(F)c1)[C@H](O)CN[C@H]1CCOc2ccc(OC3CCCO3)cc21,-7.0229,-7.4801397,-7.129236,train
CC(=O)N[C@@H](Cc1cc(F)cc(F)c1)[C@H](O)CN[C@H]1CCOc2ccc(OC3CCOC3)cc21,-6.856447,-7.41572,-7.089115,train
CC(=O)N[C@@H](Cc1cc(F)cc(F)c1)[C@H](O)CN[C@]1(c2cccc(C(C)(C)C)c2)CC[C@@H](O)CC1,-8.484716,-7.6965284,-8.221012,train
CC(=O)N[C@H]1CCN(c2ccc(C3=NO[C@H](CNS(=O)(=O)C(C)C)C3)cc2F)C1,-5.6689734,-6.398224,-5.0909944,train
CC(=O)Nc1ccc(Oc2ccccc2)c(-c2cn(C)c(=O)c3[nH]ccc23)c1,-4.760315,-4.335148,-4.753697,train
CC(=O)Nc1ccc(Oc2cncc3sc(-c4nnn[nH]4)cc23)cc1,-6.02261,-6.4311085,-5.9673405,train
CC(=O)O[C@H]1C(=O)[C@@]2(C)[C@H]([C@H](OC(=O)c3ccccc3)[C@]3(O)C[C@H](OC(=O)[C@H](O)[C@@H](NC(=O)c4ccccc4)c4ccccc4)C(C)=C1C3(C)C)[C@]1(OC(C)=O)CO[C@@H]1C[C@@H]2O,-5.789574,-5.347784,-6.112455,train
CC(=O)c1ccc(N2C3CCC2CC(NC(=O)c2ccc(C(N)=O)c(NCC4CC4)c2)C3)nc1,-6.5556207,-6.4825735,-6.570285,train
CC(C)(C(=O)O)c1cccc(-c2cnc(N)c(-c3ccc(Cl)cc3)c2)c1,-4.7548547,-4.792842,-4.8113422,train
CC(C)(C)CC(=O)N1CCC2(CC1)CC2CNC(=O)N1Cc2ccncc2C1,-5.1621904,-5.5475307,-5.0481443,train
CC(C)(C)C[C@@H]1NC(=O)[C@@H](Cc2ccccc2)NC(=O)[C@H](CC2CCCCC2)NC(=O)CN(CCCc2ccc(F)cc2F)C(=O)[C@H]2CCCN2C(=O)[C@H](Cc2cscn2)NC1=O,-5.4027357,-5.7994633,-5.618288,train
CC(C)(C)C[C@@H]1NC(=O)[C@@H](Cc2ccccc2)NC(=O)[C@H](CCCc2ccccc2)NC(=O)CN(CCCc2ccccc2)C(=O)[C@H]2CCCN2C(=O)[C@H](Cc2cccnc2)NC1=O,-5.406198,-5.8773518,-5.60174,train
CC(C)(C)C[C@@H]1NC(=O)[C@@H](Cc2ccccc2)NC(=O)[C@H](CCCc2ccccc2)NC(=O)CN(CCCc2ccccc2)C(=O)[C@H]2CCCN2C(=O)[C@H](Cc2cscn2)NC1=O,-5.418703,-5.8523054,-5.5984516,train
CC(C)(C)C[C@@H]1NC(=O)[C@@H](Cc2ccccc2)NC(=O)[C@H](COCc2ccccc2)NC(=O)CN(CCCc2ccc(F)cc2F)C(=O)[C@H]2CCCN2C(=O)[C@H](Cc2cscn2)NC1=O,-5.390848,-5.880868,-5.586421,train
CC(C)(C)C[C@@H]1NC(=O)[C@@H](Cc2ccccc2)NC(=O)[C@H](Cc2ccccc2)NC(=O)CN(CCCc2ccc(F)cc2F)C(=O)[C@H]2CCCN2C(=O)[C@H](Cc2cscn2)NC1=O,-5.477702,-5.8850145,-5.6123385,train
CC(C)(C)NC(=O)[C@H]1CC[C@H]2[C@@H]3CC=C4C=C(C(=O)O)CC[C@]4(C)[C@H]3CC[C@]12C,-4.961872,-5.423696,-4.9403825,train
CC(C)(C)OC(=O)N1CCC2(CC1)CC2CNC(=O)N1Cc2ccncc2C1,-4.7991533,-5.343481,-4.844131,train
CC(C)(C)OC(=O)N1CCC2(CC1)CC2CNC(=O)c1cc2ccncc2o1,-4.5400467,-4.629042,-4.6325173,train
CC(C)(C)OC(=O)N1CCC2(CC1)CC2CNC(=O)c1ccc2nccn2c1,-4.657498,-4.891535,-4.808691,train
CC(C)(C)OC(=O)N1C[C@H](Nc2nc3cc(F)ccc3[nH]2)[C@@H](OC(=O)c2ccc(-c3ccccc3)cc2)C1,-5.2519855,-6.1746106,-5.52832,train
CC(C)(C)OC(=O)N1C[C@H](Nc2nc3cc(F)ccc3[nH]2)[C@@H](OCc2ccc(-c3ccccc3)cc2)C1,-5.322147,-6.1581507,-5.57851,train
CC(C)(C)OC(=O)N[C@@H]1CC[C@@H](n2cnc3cnc4[nH]ccc4c32)C1,-4.675128,-4.7874007,-4.978898,train
CC(C)(C)OC(=O)N[C@H]1CCCCC/C=C\[C@@H]2C[C@@]2(C(=O)NS(=O)(=O)C2CC2)NC(=O)[C@@H]2C[C@@H](OC(=O)N3Cc4cccc(F)c4C3)CN2C1=O,-5.5997515,-6.3373013,-5.4975553,train
CC(C)(C)[C@H](N/C(=N\S(=O)(=O)c1ccc(Cl)cc1)N1CC(c2ccccc2)C(c2ccc(Cl)cc2)=N1)C(N)=O,-6.3103905,-6.3413687,-6.0070667,train
CC(C)(C)c1ccc(N2CCOc3ncnc(N)c3C2=O)cc1,-4.947757,-3.9762602,-4.7961326,train
CC(C)(C)c1cccc(CN[C@H]2CS(=O)(=O)C[C@@H](Cc3ccc(O)c(Br)c3)[C@@H]2O)c1,-5.980082,-5.629219,-5.238321,train
CC(C)(CC1Cc2ccccc2C1)NC[C@@H](O)COc1cc(C2CC3CC2C2C(C(=O)O)C32)ccc1C#N,-6.9764423,-5.4947886,-5.0598617,train
CC(C)(CN1CC2CCC1C2)NCC(O)c1cc(C(F)(F)F)nc2c(C(F)(F)F)cccc12,-6.8407617,-4.880316,-4.913333,train
CC(C)(COc1ccc(-c2cnc(N)c(-c3ccc(Cl)cc3)c2)cc1)C(=O)O,-4.6790695,-4.986965,-4.7805786,train
CC(C)(N)C[C@H]1CC[C@H](c2ccc(N3CCOc4ncnc(N)c4C3=O)cc2)CC1,-5.4320817,-5.912051,-5.4332376,train
CC(C)(O)C(=O)Nc1sc(S(=O)(=O)c2ccc(F)cc2)cc1C(N)=O,-5.6250973,-5.9217973,-5.2390337,train
CC(C)(O)CCN1Cc2cc(NC(=O)c3cnn4cccnc34)c(N3CCOCC3)cc2C1=O,-4.9333925,-5.124674,-4.957678,train
CC(C)(O)CS(=O)(=O)c1ccc2c(c1)nc(C(C)(C)C)n2CC1CCOCC1,-4.815102,-5.1990004,-4.6796045,train
CC(C)(O)[C@H](F)CN1Cc2cc(NC(=O)c3cnn4cccnc34)c(N3CCC(N4CC(F)(F)C4)CC3)cc2C1=O,-5.2243237,-5.2783303,-4.9823017,train
CC(C)(O)[C@H](F)CN1Cc2cc(NC(=O)c3cnn4cccnc34)c(N3CCC(N4CCC4)CC3)cc2C1=O,-6.338876,-7.4618344,-6.698487,train
CC(C)(O)[C@H](F)CN1Cc2cc(NC(=O)c3cnn4cccnc34)c(N3CCN(C4COC4)CC3)cc2C1=O,-5.7148304,-6.773554,-5.9769616,train
CC(C)(O)[C@H](F)CN1Cc2cc(NC(=O)c3cnn4cccnc34)c(N3CCN(CC(F)F)CC3)cc2C1=O,-5.3687396,-5.671041,-5.1751404,train
CC(C)(O)[C@H](F)CN1Cc2cc(NC(=O)c3cnn4cccnc34)c(N3CCOCC3)cc2C1=O,-5.3097434,-6.1435614,-5.348934,train
CC(C)(O)[C@]1(C)Cc2cc(NC(=O)c3cnn4cccnc34)c(N3CCOCC3)cc2O1,-4.886998,-5.012762,-4.831844,train
CC(C)(O)c1ccccc1CC[C@@H](SCC1(CC(=O)O)CC1)c1cccc(/C=C/c2ccc3ccc(Cl)cc3n2)c1,-6.057747,-5.7502966,-5.275713,train
CC(C)(Oc1ccc(-c2cnc(N)c(-c3ccc(Cl)cc3)c2)cc1)C(=O)O,-5.120914,-4.9454446,-4.8568053,train
CC(C)(Oc1cccc(-c2cnc(N)c(-c3ccc(Cl)cc3)c2)c1)C(=O)O,-5.1505938,-4.8544674,-4.840771,train
CC(C)/C(=C1/SC(=O)NC1=O)c1ccc(-c2ccc3cccc(F)c3c2)[nH]c1=O,-5.0952983,-4.2986646,-4.8333464,train
CC(C)/C(=C1\C(=O)NC(=O)N1C)c1ccc(-c2ccc3cccc(F)c3c2)[nH]c1=O,-5.410199,-4.834572,-4.9106493,train
CC(C)C(/C=C1/C(=O)NC(=O)N1C)c1ccc(-c2ccc3cccc(F)c3c2)[nH]c1=O,-5.362048,-4.558864,-4.8902144,train
CC(C)C(/C=C1\NC(=O)NC1=O)c1ccc(-c2ccc3cccc(F)c3c2)[nH]c1=O,-5.117543,-4.661198,-4.8109865,train
CC(C)C(/C=C1\OC(=O)NC1=O)c1ccc(-c2ccc3cccc(F)c3c2)[nH]c1=O,-5.443256,-4.8535175,-4.9372125,train
CC(C)C(/C=C1\SC(=O)NC1=O)c1ccc(-c2ccc3cccc(F)c3c2)[nH]c1=O,-5.2225595,-4.245554,-4.8276663,train
CC(C)C(=O)N1CCC(c2ccc(N3CCOc4ncnc(N)c4C3=O)cc2)CC1,-4.80329,-5.435141,-4.8491635,train
CC(C)C(CC1NC(=O)NC1=O)c1ccc(-c2ccc3cccc(F)c3c2)[nH]c1=O,-5.428201,-5.048708,-4.9364552,train
CC(C)C(c1ccc(-c2ccc3cccc(F)c3c2)[nH]c1=O)C1SC(=O)NC1=O,-4.8302426,-4.6141195,-4.6009154,train
CC(C)CC(=O)N1CCC2(CC1)CC2CNC(=O)N1Cc2ccncc2C1,-5.5032053,-5.871513,-5.1121435,train
CC(C)CCn1c(CN2C(=O)C3(CC3)c3cc(F)ccc32)nc2cc(CN)ccc21,-5.06674,-5.07526,-5.0565457,train
CC(C)CCn1c(CN2C(=O)C3(CCCC3)c3ccncc32)nc2cc(CN)ccc21,-5.1200542,-5.160489,-5.1058707,train
CC(C)CN1CCC(S(=O)(=O)c2ccc(CNC(=O)c3cc4ccncc4o3)cc2)CC1,-4.669753,-5.2012725,-4.736305,train
CC(C)CN1CCC([S+]([O-])c2ccc(CNC(=O)c3cc4ccncc4o3)cc2)CC1,-4.6653705,-4.598247,-4.8944144,train
CC(C)C[C@H](NC(=O)c1cc2ccccc2o1)C(=O)N[C@@H]1C(=O)CN(S(=O)(=O)c2ccccn2)CC[C@@H]1C,-4.361656,-4.399045,-4.457603,train
CC(C)C[C@H](NC(=O)c1cc2ccccc2o1)C(=O)N[C@H]1CCCN(S(=O)(=O)c2ccccn2)CC1=O,-4.260646,-4.504075,-4.392635,train
CC(C)C[C@H](NC(=O)c1cc2ccccc2o1)C(=O)N[C@H]1CC[C@@H](C)N(S(=O)(=O)c2ccccn2)CC1=O,-4.626203,-4.8404837,-4.47809,train
CC(C)C[C@H](NC(=O)c1cc2ccccc2o1)C(=O)N[C@H]1C[C@H](C)CN(S(=O)(=O)c2ccccn2)CC1=O,-4.285935,-4.47291,-4.4103045,train
CC(C)C[C@H](Nc1ccc(C(=O)NCCC(=O)O)cn1)c1ccc(-c2ccc(C(F)(F)F)cn2)cc1,-6.693196,-7.0867014,-6.534151,train
CC(C)Cc1ccc(C(C)C(=O)O)cc1,-4.7486405,-5.2851686,-4.6972303,train
CC(C)N(/C(Cc1ccc([N+](=O)[O-])cc1)=N/P(=O)(Oc1ccccc1)Oc1ccccc1)C(C)C,-5.1745806,-5.7767806,-4.996997,train
CC(C)N(C)CCNCC(O)c1cc(C(F)(F)F)nc2c(C(F)(F)F)cccc12,-6.825123,-5.0337186,-4.969569,train
CC(C)N1CCN(C(=O)C2CC23CCN(C2CCOCC2)CC3)CC1,-5.2817283,-6.1757193,-5.283768,train
CC(C)N1CCN(C(=O)C2CC3(CCN(C4CCOCC4)CC3)C2)CC1,-5.276576,-6.129407,-5.2627864,train
CC(C)N1CCN(C(=O)[C@H]2CC23CCN(C2CCOCC2)CC3)CC1,-4.9564033,-5.9079437,-5.0394998,train
CC(C)N=[S+](C)([O-])c1ccc(Nc2ncc(C(F)(F)F)c(N[C@@H]3CCC[C@H]3N(C)C)n2)cc1,-5.3228564,-5.4974403,-5.173216,train
CC(C)NCC(O)COc1ccc(CC(N)=O)cc1,-6.266099,-6.332899,-5.9394026,train
CC(C)NCC(O)COc1cccc2ccccc12,-5.097298,-5.0513306,-4.68531,train
CC(C)NCC1(O)CN(C(=O)c2ccc(F)c(F)c2Nc2ccc(I)cc2F)C1,-6.53566,-7.1968565,-6.858391,train
CC(C)NCCNCC(O)c1cc(C(F)(F)F)nc2c(C(F)(F)F)cccc12,-7.143335,-5.5190177,-5.1376023,train
CC(C)OC(=O)OCOc1c2c(c3n(c1=O)[C@@]1(CC[C@H]4C[C@H]41)N(C[C@H](C)O)C3=O)CCN(Cc1ccc(F)c(Cl)c1)C2=O,-4.906463,-4.6154346,-4.7629905,train
CC(C)Oc1cc(CN2CC[C@@]3(C[C@@H]2C)CN(C)S(=O)(=O)N3c2cccc(F)c2)ccc1O,-4.823108,-5.4643736,-4.734662,train
CC(C)Oc1cc(Oc2ccc(S(C)(=O)=O)cc2)cc(-c2cccc(=O)[nH]2)c1,-5.747523,-5.3368163,-4.7235637,train
CC(C)Oc1cc(Oc2ccc(S(C)(=O)=O)cc2)cc(-c2cncc(=O)[nH]2)c1,-5.6432233,-5.4345484,-4.792041,train
CC(C)Oc1cc(Oc2ccc(S(C)(=O)=O)cc2)cc(-c2ncc(Cl)c(=O)[nH]2)c1,-6.2008924,-5.1522784,-4.882369,train
CC(C)Oc1cc(Oc2ccc(S(C)(=O)=O)cc2)cc(-c2nccc(=O)[nH]2)c1,-5.957066,-5.2287273,-4.893059,train
CC(C)Oc1cc(Oc2cnc(C(=O)N(C)C)c(F)c2)cc(-c2nccc(=O)[nH]2)c1,-5.2079005,-5.0827265,-4.852732,train
CC(C)Oc1cc(Oc2cnc(C(=O)N(C)C)cn2)cc(-c2nccc(=O)[nH]2)c1,-4.9725227,-5.188543,-4.887897,train
CC(C)Oc1cc(Oc2cnc(C(=O)N(C)C)nc2)cc(-c2nccc(=O)[nH]2)c1,-4.745305,-5.1852264,-4.796468,train
CC(C)Oc1ccc(-c2nc(-c3ccc4c(c3)CCN(CCCC(=O)O)CC4)no2)cc1C#N,-6.3361025,-7.36597,-6.561365,train
CC(C)Oc1ccc(-c2nc(-c3cccc4c3OCCN(CCCC(=O)O)C4)no2)cc1Cl,-6.0906086,-7.394266,-6.609311,train
CC(C)Oc1ccc(Cl)c(C2CC(=O)C(Sc3cc(O)ccc3C#N)=C(O)C2)c1Cl,-5.611242,-5.568428,-5.24204,train
CC(C)Oc1cccc(CN(C(=O)c2cn(C)cn2)[C@H]2C[C@H]3CNC[C@H]3C2)c1,-5.8176107,-7.1763144,-6.2573433,train
CC(C)Oc1cccc(CN2CC[C@@]3(C[C@@H]2C)CN(C)S(=O)(=O)N3c2cccc(F)c2)c1,-4.6298866,-5.4220924,-4.5874753,train
CC(C)Oc1cccc(CN2CC[C@]3(CNS(=O)(=O)N3c3cccc(F)c3)C[C@@H]2C)c1,-4.9184494,-5.992246,-4.7712417,train
CC(C)S(=O)(=O)N1CCC2(CCN(C(=O)N3CCCN(C4CCC4)CC3)C2)CC1,-4.9889383,-5.9255595,-4.806511,train
CC(C)S(=O)(=O)NCC1CC(c2ccc(-c3ccc(C#N)cc3)c(F)c2)=NO1,-5.135434,-5.241022,-4.622661,train
CC(C)S(=O)(=O)NCC1CC(c2ccc(-c3cccc(C#N)c3)c(F)c2)=NO1,-5.1964335,-5.2235885,-4.6111937,train
CC(C)S(=O)(=O)NCC1CC(c2ccc(-c3ccccc3C#N)c(F)c2)=NO1,-5.3732057,-5.2729454,-4.6113267,train
CC(C)S(=O)(=O)NCC1CC(c2ccc(-c3cccnc3)c(F)c2)=NO1,-4.796937,-5.375018,-4.6065035,train
CC(C)S(=O)(=O)NC[C@@H]1CC(c2ccc(-c3ccccc3C#N)c(F)c2)=NO1,-5.529935,-5.34791,-4.686994,train
CC(C)S(=O)(=O)NC[C@@H]1CC(c2ccc(N3CCCC3)c(F)c2)=NO1,-5.1562886,-5.5967464,-4.6513653,train
CC(C)S(=O)(=O)Nc1cncc(-c2ccccc2O[C@H]2C[C@@H]3CNC[C@H]2C3)c1,-5.9715466,-7.182618,-6.17957,train
CC(C)[C@@H](C[C@H]1SC(=O)NC1=O)c1ccc(-c2ccc3cccc(F)c3c2)[nH]c1=O,-4.7296352,-4.4244065,-4.6217933,train
CC(C)[C@@H](c1ccc(-c2ccc3cccc(F)c3c2)[nH]c1=O)[C@H]1OC(=O)NC1=O,-5.228555,-5.568179,-4.859612,train
CC(C)[C@H](CO)NC(=O)C[C@H]1CC[C@H](c2ccc(N3CCOc4ncnc(N)c4C3=O)cc2)CC1,-5.052171,-6.1818185,-5.3476453,train
CC(C)[C@H](C[C@H]1OC(=O)NC1=O)c1ccc(-c2ccc3cccc(F)c3c2)[nH]c1=O,-4.799915,-5.3874674,-4.7708807,train
CC(C)[C@H](C[C@H]1SC(=O)NC1=O)c1ccc(-c2ccc3cccc(F)c3c2)[nH]c1=O,-4.684189,-4.7147593,-4.6474285,train
CC(C)[C@H](N/C(=N\S(=O)(=O)c1ccc(Cl)cc1)N1CC(c2ccccc2)C(c2ccc(Cl)cc2)=N1)C(N)=O,-6.6470613,-6.0244923,-5.881461,train
CC(C)c1c(C(=O)Nc2ccccc2)c(-c2ccccc2)c(-c2ccc(F)cc2)n1CC[C@@H](O)C[C@@H](O)CC(=O)O,-7.016437,-5.0762243,-5.3338313,train
CC(C)c1ccc(C(=O)O[C@H]2CN(C(=O)OC(C)(C)C)C[C@@H]2Nc2nc3cc(F)ccc3[nH]2)cc1,-5.13508,-5.8134594,-5.277296,train
CC(C)c1cccc(CN[C@H]2CS(=O)(=O)C[C@@H](Cc3ccc(O)c(Br)c3)[C@@H]2O)c1,-5.56905,-5.4442782,-5.0333304,train
CC(C)c1cccc(CN[C@H]2CS(=O)(=O)C[C@@H](Cc3ccc(O)c(CCO)c3)[C@@H]2O)c1,-6.019314,-6.0434003,-5.4792295,train
CC(C)c1cccc(CN[C@H]2CS(=O)(=O)C[C@@H](Cc3ccc(O)c(CO)c3)[C@@H]2O)c1,-6.0524664,-5.8580523,-5.3916154,train
CC(C)c1cccc(CN[C@H]2CS(=O)(=O)C[C@@H](Cc3ccccc3)[C@@H]2O)c1,-5.3927026,-5.216995,-4.823508,train
CC(C)c1coc(-c2cccc(CNc3ccc4[nH]nc(C(=O)O)c4c3)c2O)n1,-7.140278,-5.9060645,-5.55625,train
CC(C)c1csc(-c2cccc(CN(C)c3ccc4[nH]nc(C(=O)O)c4c3)c2)n1,-7.28992,-5.5760555,-5.380363,train
CC(C)c1csc(-c2cccc(CN(C)c3ccc4[nH]nc(C(=O)O)c4c3)c2O)n1,-7.4274616,-5.7697363,-5.587837,train
CC(C)c1csc(-c2cccc(CNc3ccc4[nH]nc(C(=O)O)c4c3)c2O)n1,-7.419021,-5.759341,-5.546355,train
CC(C)c1n[nH]c2c(=O)[nH]c(C[C@@H]3CCCC[C@H]3NC(=O)CN3CCCC3)nc12,-6.1919556,-6.9398904,-6.2460675,train
CC(C)c1n[nH]c2c(=O)[nH]c(C[C@@H]3CCCC[C@H]3NC(=O)NCCCN3CCOCC3)nc12,-6.119037,-6.942665,-6.238684,train
CC(C)c1n[nH]c2c(=O)[nH]c(C[C@@H]3CCCC[C@H]3Nc3ncccn3)nc12,-4.790446,-5.3036323,-4.9139433,train
CC(C)c1n[nH]c2c(=O)[nH]c(C[C@@H]3CCCC[C@H]3OCCN3CCOCC3)nc12,-4.9509845,-5.2474227,-5.0399685,train
CC(C)c1n[nH]c2c(=O)[nH]c(Cc3ccccc3OC(F)(F)F)nc12,-5.2046566,-5.0742154,-4.832692,train
CC(C)c1n[nH]c2c(=O)[nH]c(Cc3ccccc3OCCN3CCOCC3)nc12,-5.1872807,-5.1245255,-5.067413,train
CC(C)c1n[nH]c2cc(OCCNC[C@H](O)c3cccc(NS(C)(=O)=O)c3)ccc12,-6.4075804,-5.743019,-5.3412595,train
CC(C)c1nc(CN(C)C(=O)N[C@H](C(=O)N[C@@H](Cc2ccccc2)C[C@H](O)[C@H](Cc2ccccc2)NC(=O)OCc2cncs2)C(C)C)cs1,-5.373672,-5.057416,-4.97766,train
CC(C)c1nc(N(C)S(C)(=O)=O)nc(-c2ccc(F)cc2)c1/C=C/[C@@H](O)C[C@@H](O)CC(=O)O,-6.4917192,-6.0834837,-5.625652,train
CC(C)c1nn(C(C)C)c2cc(Nc3ccnc(-c4cnn(S(=O)(=O)C5CC5)c4)n3)ncc12,-5.378184,-4.957425,-4.754877,train
CC(C)c1nn(C)c2c(=O)[nH]c(Cc3ccccc3OCCN3CCOCC3)nc12,-5.100296,-5.012386,-4.945065,train
CC(C)c1noc(-c2cccc(CNc3ccc4[nH]nc(C(=O)O)c4c3)c2O)n1,-6.9633718,-5.808878,-5.565613,train
CC(C)n1c(/C=C/[C@@H](O)C[C@@H](O)CC(=O)O)c(-c2ccc(F)cc2)c2ccccc21,-5.880994,-5.0184402,-5.003211,train
CC(C)n1cc(C(=O)NC2CCOCC2)c2cnc(Nc3ccnc(-c4cnn(S(=O)(=O)C5CC5)c4)n3)cc21,-5.022469,-5.261237,-4.909551,train
CC(C)n1cc(C(N)=O)c2cnc(Nc3ccnc(-c4cnn(S(=O)(=O)C5CC5)c4)n3)cc21,-5.648239,-5.2499795,-4.9965334,train
CC(C)n1cc(S(=O)(=O)c2ccc(CNC(=O)N3Cc4ccncc4C3)cc2)cn1,-5.478732,-6.124841,-5.2451,train
CC(C)n1cc(S(=O)(=O)c2ccc(CNC(=O)c3cc4ccncc4o3)cc2)cn1,-4.6704283,-5.4420586,-4.7853856,train
CC(C)n1cc(S(=O)(=O)c2ccc(CNC(=O)c3cc4ccncc4o3)nc2)cn1,-4.6811423,-5.5038333,-4.8157783,train
CC(C)n1cc(S(=O)(=O)c2ccc(CNC(=O)c3cc4cnccc4[nH]3)nc2)cn1,-5.063719,-6.1734467,-5.3046026,train
CC(C)n1cc(S(=O)(=O)c2ccc(NC(=O)[C@@H]3C[C@H]3c3cccnc3)cc2)cn1,-4.789809,-5.5897713,-4.9219847,train
CC(C)n1cc(S(=O)(=O)c2ccc(NC(=O)[C@H]3C[C@@H]3c3cccnc3)cc2)cn1,-4.8161554,-5.8351636,-4.9659295,train
CC(C)n1nc(N)c2cnc(Nc3ccnc(-c4cnn(S(=O)(=O)C5CC5)c4)n3)cc21,-5.452623,-5.449711,-4.993249,train
CC(C)n1nc(N)nc1-c1cn2c(n1)-c1ccc(N3CCC[C@H]3C(N)=O)cc1OCC2,-5.961617,-6.32447,-6.008336,train
CC(C)n1nc(N2CC(C(C)(C)O)C2)c2cnc(Nc3ccnc(-c4cnn(S(=O)(=O)C5CC5)c4)n3)cc21,-5.54186,-5.294504,-4.8578205,train
CC(C)n1nc(N2CC(CO)C2)c2cnc(Nc3ccnc(-c4cnn(S(=O)(=O)C5CC5)c4)n3)cc21,-6.029833,-5.3806734,-4.9905233,train
CC(C)n1nc(N2CCC(O)CC2)c2cnc(Nc3ccnc(-c4cnn(S(=O)(=O)C5CC5)c4)n3)cc21,-5.6215587,-5.075557,-4.9388304,train
CC(C)n1nc(N2CCOCC2)c2cnc(Nc3ccnc(-c4cnn(S(=O)(=O)C5CC5)c4)n3)cc21,-5.2143564,-5.0878644,-4.8720126,train
CC(C)n1ncc2c1C(=O)CC1(CCN(C(=O)c3ccc4[nH]nc(C(N)=O)c4c3)CC1)C2,-5.331377,-5.4445796,-5.223182,train
CC(C)n1ncnc1-c1cc2c(s1)-c1ccc(C(N)=O)cc1OCC2,-5.4758635,-5.1748543,-5.0129523,train
CC(CN1CC2CCC1C2)NCC(O)c1cc(C(F)(F)F)nc2c(C(F)(F)F)cccc12,-7.045777,-5.2572837,-5.0293164,train
CC(CN1CCCC1)NCC(O)c1cc(C(F)(F)F)nc2c(C(F)(F)F)cccc12,-6.882818,-5.364308,-5.011786,train
CC(CNC(C)(C)C)NCC(O)c1cc(C(F)(F)F)nc2c(C(F)(F)F)cccc12,-7.253066,-5.4318843,-5.012287,train
CC(CNC1CCC1)NCC(O)c1cc(C(F)(F)F)nc2c(C(F)(F)F)cccc12,-6.77679,-5.550835,-5.087031,train
CC(CNC1CCCC1)NCC(O)c1cc(C(F)(F)F)nc2c(C(F)(F)F)cccc12,-6.9134173,-5.359527,-5.052958,train
CC(Cc1ccc(O)cc1)NCC(O)c1cc(O)cc(O)c1,-6.0063033,-6.545476,-5.9998064,train
CC(F)CN1C[C@H]2C[C@@H](N(Cc3cccc(OC(F)(F)F)c3)C(=O)c3cn(C)cn3)C[C@H]2C1,-4.493472,-4.9487305,-4.707653,train
CC(O)(c1ccc(S(=O)(=O)C2SC(N3CCCCC3)=NC2C(F)(F)F)cc1)C(F)(F)F,-6.2567024,-6.0260124,-5.158535,train
CC(c1nc2c(oc3ccc(Br)cc32)c(=O)[nH]1)N1CCN(C)CC1,-6.3295875,-6.581475,-6.15053,train
CC/C(=C(/c1ccc(/C=C/C(=O)O)cc1)c1ccc2[nH]ncc2c1)c1ccc(F)cc1Cl,-5.456178,-5.264256,-5.6714087,train
CC/C(=C(\c1ccccc1)c1ccc(OCCN(C)C)cc1)c1ccccc1,-6.6440983,-6.062494,-6.446373,train
CC1(C)C(=O)NC(=O)N1c1cn2c(n1)-c1ccc(N3CCC[C@H]3C(N)=O)cc1OCC2,-6.538993,-7.209977,-6.4792147,train
CC1(C)CC[C@H](Nc2ncc(C(F)(F)F)c(-c3c[nH]c4c(P(C)(C)=O)c(C#N)ccc34)n2)CN1,-5.122721,-5.9421926,-5.2681584,train
CC1(C)CCc2c(C(=O)Nc3cnn(Cc4ccccc4)c3)n[nH]c2C1,-4.977408,-4.837272,-4.887768,train
CC1(C)CCc2c(C(=O)Nc3cnn([C@@H](CCS(C)(=O)=O)c4ccccc4)c3)n[nH]c2C1,-5.409947,-5.3301134,-5.0162706,train
CC1(C)CN(CCC#N)C(=O)[C@@H]1Oc1ccc(C#N)c(C(F)(F)F)c1,-5.765042,-5.5101404,-4.8095784,train
CC1(C)CN2CCC[C@@]2(CNc2cc(F)c(S(=O)(=O)Nc3nccs3)cc2Cl)C1,-5.160075,-4.689324,-4.9405966,train
CC1(C)CN2CCC[C@]2(CNc2cc(F)c(S(=O)(=O)Nc3nccs3)cc2Cl)C1,-5.232438,-4.595355,-4.950018,train
CC1(C)CNC[C@@H](Nc2ncc(C(F)(F)F)c(-c3c[nH]c4c(P(C)(C)=O)c(C#N)ccc34)n2)C1,-5.2473216,-6.0073314,-5.45233,train
CC1(C)Cc2cc(Cl)ccc2C(NC(Cc2ccccc2)c2n[nH]c(=O)[nH]2)=N1,-7.1876817,-7.9402876,-7.476137,train
CC1(C)Cc2cc(Cl)ccc2C(N[C@@H](Cc2ccccc2)c2nc3ccncc3c(=O)[nH]2)=N1,-6.713479,-7.200964,-6.9543056,train
CC1(C)Cc2cc(Cl)ccc2C(N[C@@H](Cc2ccccc2)c2ncc(C#N)c(=O)[nH]2)=N1,-7.3822346,-7.474888,-7.285595,train
CC1(C)Cc2cc(Cl)ccc2C(N[C@@H](Cc2ccccc2)c2ncc(Cl)c(=O)[nH]2)=N1,-6.5547714,-6.459802,-6.4399667,train
CC1(C)Cc2cc(Cl)ccc2C(N[C@@H](Cc2ccccc2)c2noc(=O)[nH]2)=N1,-7.0180097,-7.481835,-7.1562524,train
CC1(C)Cc2cc(NC(=O)c3cnn4cc(C#N)cnc34)c(N3CCOCC3)cc2O1,-4.925357,-5.4396744,-4.9679103,train
CC1(C)Cc2cc(NC(=O)c3cnn4cc(C(N)=O)cnc34)c(N3CCOCC3)cc2O1,-5.3911424,-6.3231344,-5.719204,train
CC1(C)Cc2cc(NC(=O)c3cnn4cc(CO)cnc34)c(N3CCOCC3)cc2O1,-4.888641,-5.439035,-4.9561644,train
CC1(C)Cc2cc(NC(=O)c3cnn4cc(O)cnc34)c(N3CCOCC3)cc2O1,-4.9429593,-5.376816,-4.944286,train
CC1(C)Cc2cc(NC(=O)c3cnn4cc(OC(F)F)cnc34)c(N3CCOCC3)cc2O1,-4.733021,-5.1301365,-4.7996197,train
CC1(C)Cc2cc(NC(=O)c3cnn4cccnc34)c(N3CCC(CO)CC3)cc2O1,-5.2636743,-5.5861106,-5.0331154,train
CC1(C)Cc2cc(NC(=O)c3cnn4cccnc34)c(N3CCN(CC(N)=O)CC3)cc2O1,-5.5811386,-5.996563,-5.634581,train
CC1(C)Cc2cc(NC(=O)c3cnn4cccnc34)c(N3CCN(CCO)CC3)cc2O1,-5.1710043,-5.611686,-5.1409845,train
CC1(C)OCc2c(Nc3n[nH]c4c(C(F)(F)F)cccc34)nc(-c3cn[nH]c3)nc21,-4.986786,-5.297495,-4.9062834,train
CC1(C)OCc2c(Nc3n[nH]c4c(Cl)cccc34)nc(-c3cn[nH]c3C(F)F)nc21,-5.3040485,-5.314108,-4.9435005,train
CC1(C)OCc2c(Nc3n[nH]c4cc(C(F)(F)F)ccc34)nc(-c3cn[nH]c3)nc21,-5.0106487,-5.154469,-4.907055,train
CC1(C)OCc2c(Nc3n[nH]c4ccccc34)nc(-c3cn[nH]c3)nc21,-4.8347287,-5.077224,-4.8664412,train
CC1(CC(=O)N2CCC3(CC2)CC3CNC(=O)N2Cc3ccncc3C2)CCOCC1,-5.8009048,-7.030602,-5.7370224,train
CC1(CC(=O)N2CCC3(CC2)CC3CNC(=O)N2Cc3ccncc3C2)COC1,-5.727442,-6.913906,-5.648916,train
CC1(COc2cc(F)c(C(=O)NS(=O)(=O)C3CC3)cc2C2CC2)CCC2(CC1)CC2,-7.0936475,-6.101562,-5.1595025,train
CC1(N)CCN(c2cnc3c(-c4cccc(Cl)c4Cl)n[nH]c3n2)CC1,-5.0148616,-5.419205,-5.1839175,train
CC1(O)CC(CC(=O)N2CCC3(CC2)CC3CNC(=O)N2Cc3ccncc3C2)C1,-6.461012,-7.7454844,-6.473077,train
CC1(OC(=O)N2CCC3(CC2)CC3CNC(=O)N2Cc3ccncc3C2)CCC1,-4.9970126,-5.745343,-4.861868,train
CC1(OC(=O)N2CCC3(CC2)CC3CNC(=O)N2Cc3ccncc3C2)COC1,-4.9393315,-5.755364,-4.864777,train
CC1(OC(=O)N2CCC3(CC2)C[C@H]3CNC(=O)N2Cc3ccncc3C2)COC1,-4.9987392,-5.9279027,-4.968999,train
CC1(n2nnc3cnc4[nH]ccc4c32)CCN(S(C)(=O)=O)CC1,-4.3934827,-4.8204412,-4.550129,train
CC1CCN(CC(C)(C)NCC(O)c2cc(C(F)(F)F)nc3c(C(F)(F)F)cccc23)CC1,-6.4519587,-4.8613005,-4.834958,train
CC1CN(c2ccc(C3(c4ccsc4)CC(O)=C(Sc4ccccc4Cl)C(=O)N3)cc2)CC(C)O1,-5.959371,-5.9690313,-5.294309,train
CC1CNCCN(S(=O)(=O)c2ccc(NC(=O)NCc3cccnc3)cc2)C1,-6.7517533,-7.912982,-6.5210752,train
CCC(CC)Nc1cc(C(=O)NC2CC3CCC(C2)N3c2ccc(C(=O)C3CC3)cn2)c(C)cc1C(N)=O,-6.6578083,-6.3036757,-6.688557,train
CCC(CC)Nc1cc(C(=O)NC2CC3CCC(C2)N3c2ccc(C(=O)C3CC3)cn2)ccc1C(N)=O,-6.7712364,-6.5731745,-6.808332,train
CCC(CC)Oc1cc(Oc2cnc(C(=O)N(C)C)nc2)cc(-c2nccc(=O)[nH]2)c1,-4.837482,-5.0540376,-4.825155,train
CCC(CO)c1cc(Cl)c2c(c1Cl)C(=O)N(Cc1c(C)cc(C)[nH]c1=O)CC2,-4.9560738,-4.665477,-4.874878,train
CCC(O)c1cc(Cl)c2c(c1Cl)C(=O)N(Cc1c(C)cc(C)[nH]c1=O)CC2,-5.301387,-4.401766,-4.8902903,train
CCC1(CC)CC(=O)N([C@@H]2CCOc3ccc(C(=O)N[C@@H]4CCOc5ccccc54)cc32)C(=N)N1,-4.721244,-5.1423545,-4.8174133,train
CCC1(CC)CC(=O)N([C@@H]2CCOc3ccc(C(=O)N[C@H]4CC(C)(C)Oc5ccccc54)cc32)C(=N)N1,-4.8168845,-5.23358,-4.9794087,train
CCC1C(=O)N(C)c2cnc(-c3cn[nH]c3-c3ccccn3)nc2N1c1cnn(C)c1,-6.523881,-8.028389,-6.896531,train
CCC1C(=O)N(C)c2cnc(-n3ccnc3-c3ccc(F)cc3)nc2N1c1cc[nH]n1,-6.607631,-7.719893,-6.805315,train
CCC1C(=O)N(C)c2cnc(-n3ccnc3-c3ccccc3)nc2N1c1cncnc1,-6.6936846,-7.680263,-6.7716684,train
CCCC(Nc1cc(C)c(-n2cc(C(F)(F)F)cn2)c(C)c1)c1ccc(C(=O)NCCC(=O)O)cc1,-6.043179,-5.735933,-5.5404854,train
CCCC(Nc1ccc(-n2cc(C(F)(F)F)cn2)cn1)c1ccc(C(=O)NCCC(=O)O)cc1,-6.2336936,-6.273951,-5.908391,train
CCCC(Nc1ccc(-n2cc(C(F)(F)F)cn2)nc1)c1ccc(C(=O)NCCC(=O)O)cc1,-6.4726305,-6.203723,-5.896207,train
CCCC(Nc1ccc(-n2cnc(C(F)(F)F)c2)cc1)c1ccc(C(=O)NCCC(=O)O)cc1,-6.2261915,-6.3171206,-5.942643,train
CCCC(Nc1cnc(-n2cc(C(F)(F)F)cn2)nc1)c1ccc(C(=O)NCCC(=O)O)cc1,-6.4134007,-5.967005,-5.681627,train
CCCC(Nc1cnn(-c2ccc(C(F)(F)F)cc2)c1)c1ccc(C(=O)NCCC(=O)O)cc1,-6.1370354,-5.499898,-5.244362,train
CCCC(Oc1ccc(-n2cc(C(F)(F)F)cn2)cc1)c1ccc(C(=O)NCCC(=O)O)cc1,-6.3096223,-5.402982,-5.278438,train
CCCC(Oc1ccc(-n2cc3ccccc3n2)cc1)c1ccc(C(=O)NCCC(=O)O)cc1,-6.3525457,-5.1183124,-5.2681727,train
CCCC(Oc1ccc(-n2cnc(C(F)(F)F)c2)cc1)c1ccc(C(=O)NCCC(=O)O)cc1,-6.0951447,-5.5990815,-5.3190002,train
CCCC(Oc1cnn(-c2ccc(C(F)(F)F)cc2)c1)c1ccc(C(=O)NCCC(=O)O)cc1,-6.3932414,-5.34781,-5.172878,train
CCCCC(=O)N(Cc1ccc(-c2ccccc2-c2nnn[nH]2)cc1)[C@H](C(=O)O)C(C)C,-6.226119,-6.586405,-6.33085,train
CCCCC(C(=O)COc1c(F)c(F)cc(F)c1F)n1cc([C@@](C)(NCc2ccc3ncccc3c2)C(C)C)nn1,-5.4605465,-5.666377,-5.360823,train
CCCCC(C(=O)COc1c(F)c(F)cc(F)c1F)n1cc([C@@](C)(NCc2ccc3ncccc3c2)C2CCCC2)nn1,-6.1414566,-5.88254,-5.919391,train
CCCCC(C(=O)COc1c(F)c(F)cc(F)c1F)n1cc([C@@](C)(NCc2ccn3nccc3n2)C(C)C)nn1,-5.377189,-5.4635553,-5.1760874,train
CCCCC(C(=O)COc1c(F)c(F)cc(F)c1F)n1cc([C@@](C)(NCc2ccn3nccc3n2)C2CCCC2)nn1,-5.7785416,-5.4807577,-5.4329996,train
CCCCCN(CCCOC)C(=O)[C@@H](CCC(=O)O)NC(=O)c1ccc(Cl)c(Cl)c1,-5.425787,-5.0813704,-5.1736145,train
CCCCNCCNCC(O)c1cc(C(F)(F)F)nc2c(C(F)(F)F)cccc12,-6.919203,-5.063741,-5.029484,train
CCCC[C@@H](/C=N/NC(=O)N1CCCC1)NC(=O)OC(C)(C)C,-7.2977223,-7.437121,-6.776662,train
CCCC[C@@H](/C=N/NC(=O)N1CCOCC1)NC(=O)OC(C)(C)C,-7.171324,-7.7785177,-6.958486,train
CCCC[C@@H](/C=N/NC(=O)N1CCOCC1)NC(=O)O[C@@H](C)Cc1ccccc1,-7.6278973,-7.62754,-6.9266963,train
CCCC[C@@H](/C=N/NC(=O)N1CCc2ccccc21)NC(=O)OC(C)(C)C,-7.3581843,-7.013959,-6.616695,train
CCCC[C@@H](/C=N/NS(=O)(=O)N(C)C)NC(=O)OC(C)(C)C,-6.773768,-6.694534,-6.021281,train
CCCC[C@@H]1NC(=O)C2CCCN2C(=O)[C@H](CCCC)NC(=O)[C@H](Cc2ccccc2)NC(=O)CSC[C@H](C(=O)NC)NC(=O)[C@H](CCCC)NC1=O,-6.2139974,-6.4413977,-6.075257,train
CCCC[C@@H]1NC(=O)[C@H](CCCC)N(C)C(=O)[C@@H]2CCCN2C(=O)[C@H](CCCC)N(C)C(=O)[C@H](Cc2ccccc2)NC(=O)CSC[C@@H](C(=O)NC)NC(=O)[C@H](CCCC)N(C)C1=O,-5.3607397,-6.021502,-5.7212276,train
CCCC[C@@H]1NC(=O)[C@H](CCCC)N(C)C(=O)[C@H](CCCC)NC(=O)[C@H](CCCC)N(C)C(=O)[C@@H](Cc2ccccc2)NC(=O)CSC[C@H](C(=O)NC)NC1=O,-5.506777,-6.135471,-5.8043146,train
CCCC[C@@H]1NC(=O)[C@H](CCCC)N(C)C(=O)[C@H](CCCC)NC(=O)[C@H](CCCC)N(C)C(=O)[C@H](CCCC)NC(=O)[C@H](CCCC)N(C)C(=O)[C@@H](Cc2ccccc2)NC(=O)CSC[C@@H](C(=O)NC)NC1=O,-5.559446,-6.291462,-5.946532,train
CCCC[C@@H]1NC(=O)[C@H](CCCC)N(C)C(=O)[C@H](CCCC)NC(=O)[C@H](Cc2ccccc2)N(C)C(=O)[C@H]([C@@H](C)O)NC(=O)[C@H](CCCC)N(C)C(=O)[C@@H](Cc2ccccc2)NC(=O)CSC[C@@H](C(=O)NC)NC1=O,-6.0417776,-6.559279,-6.0915427,train
CCCC[C@@H]1NC(=O)[C@H](CCCC)N(C)C(=O)[C@H](Cc2ccccc2)NC(=O)[C@H](CCCC)N(C)C(=O)[C@H](CCCC)NC(=O)[C@H](CCCC)N(C)C(=O)[C@@H](Cc2ccccc2)NC(=O)CSC[C@@H](C(=O)NC)NC1=O,-5.558531,-6.2011538,-5.8942695,train
CCCC[C@@H]1NC(=O)[C@H](CCCC)NC(=O)[C@H](CCCC)N(C)C(=O)[C@@H]2CCCN2C(=O)[C@H](CCCC)N(C)C(=O)[C@H](Cc2ccccc2)NC(=O)CSC[C@@H](C(=O)NC)NC1=O,-5.602816,-6.1821847,-5.8550954,train
CCCC[C@@H]1NC(=O)[C@H](CCCC)NC(=O)[C@H](CCCC)NC(=O)[C@@H](Cc2ccccc2)NC(=O)CSC[C@H](C(=O)NC)NC(=O)[C@H](CCCC)NC1=O,-6.0788655,-6.4693074,-6.1019483,train
CCCC[C@@H]1NC(=O)[C@H](CCCC)NC(=O)[C@H]2CCCN2C(=O)[C@H](CCCC)NC(=O)[C@H](Cc2ccccc2)NC(=O)CSC[C@H](C(=O)NC)NC(=O)[C@H](CCCC)NC1=O,-6.0498605,-6.4109936,-6.0686884,train
CCCC[C@@H]1NC(=O)[C@H](Cc2ccccc2)N(C)C(=O)CSC[C@H](C(=O)NC)N(C)C(=O)[C@H](CCCC)NC(=O)[C@H](CCCC)N(C)C(=O)C2CCCN2C1=O,-5.723732,-6.1600327,-5.7763567,train
CCCC[C@@H]1NC(=O)[C@H](Cc2ccccc2)N(C)C(=O)[C@@H]2CCCN2C(=O)[C@H](CCCC)N(C)C(=O)[C@H](Cc2ccccc2)NC(=O)CSC[C@@H](C(=O)NC)NC(=O)[C@H](CCCC)N(C)C1=O,-5.490024,-5.964866,-5.710949,train
CCCC[C@@H]1NC(=O)[C@H](Cc2ccccc2)NC(=O)CSC[C@@H](C(=O)NC)NC(=O)[C@H](CCCC)N(C)C(=O)[C@H](CCCC)N(C)C(=O)[C@H](CCCC)N(C)C(=O)[C@H](CCCC)NC(=O)[C@H](CCCC)N(C)C1=O,-5.3776007,-6.172298,-5.8423543,train
CCCC[C@@H]1NC(=O)[C@H](Cc2ccccc2)NC(=O)CSC[C@H](C(=O)NC)NC(=O)[C@H](CCCC)N(C)C(=O)[C@H](CCCC)NC(=O)[C@H](CCCC)N(C)C1=O,-5.5675144,-6.1732273,-5.8182893,train
CCCC[C@@H]1NC(=O)[C@H](Cc2ccccc2)NC(=O)CSC[C@H](C(=O)NC)NC(=O)[C@H](CCCC)NC(=O)[C@H](CCCC)NC(=O)[C@H](CCCC)NC1=O,-6.089659,-6.4609966,-6.102262,train
CCCC[C@H](NC(=O)O[C@@H]1C(=O)N(C(=O)Cc2ccccc2)CC1(C)C)C(=O)C(=O)N[C@H](C)c1ccccc1,-6.739692,-7.3734837,-6.672521,train
CCCC[C@H](NC(=O)O[C@@H]1C(=O)N(C(=O)Nc2c(C)noc2C)CC1(C)C)C(=O)C(=O)N[C@H](C)c1ccccc1,-7.389566,-8.25577,-7.512914,train
CCCC[C@H](NC(=O)O[C@@H]1C(=O)N(C(=O)Nc2ccc(C(F)(F)F)cc2)CC1(C)C)C(=O)C(=O)Nc1cc[nH]n1,-7.7654123,-8.089491,-7.424904,train
CCCC[C@H](NC(=O)O[C@@H]1C(=O)N(C(=O)c2cccnc2)CC1(C)C)C(=O)C(=O)N[C@H](C)c1ccccc1,-6.7562714,-7.9324837,-6.8666096,train
CCCC[C@H](NC(=O)O[C@@H]1C(=O)N(C(=O)c2ccno2)CC1(C)C)C(=O)C(=O)N[C@H](C)c1ccccc1,-6.657506,-7.732524,-6.726367,train
CCCC[C@H](NC(=O)O[C@@H]1C(=O)N(C(=O)c2nc3ccccc3s2)CC1(C)C)C(=O)C(=O)Nc1cc[nH]n1,-7.404668,-7.3126545,-6.869193,train
CCCC[C@H](NC(=O)O[C@@H]1C(=O)N(C(=O)c2nnc(C(F)(F)F)s2)CC1(C)C)C(=O)C(=O)Nc1cc[nH]n1,-7.0987763,-7.661853,-6.8505683,train
CCCC[C@H](NC(=O)O[C@H](Cn1ccc(-c2ccc(C(F)(F)F)cc2)n1)C(C)(C)C)C(=O)C(=O)Nc1ccn[nH]1,-6.9546347,-7.4091015,-6.9143753,train
CCCC[C@H](NC(=O)O[C@H](Cn1ccc(-c2ccc(C(F)(F)F)cc2)n1)C(C)(C)C)C(=O)CNS(=O)(=O)c1ccccn1,-7.2120867,-7.12957,-6.689554,train
CCCC[C@H](NC(=O)O[C@H](Cn1ccc(-c2ccncc2)n1)C(C)(C)C)C(=O)CNS(=O)(=O)c1ccccn1,-7.125647,-7.7302423,-7.1213384,train
CCCC[C@H](NC(=O)O[C@H](Cn1ccc(C(F)(F)F)n1)C(C)(C)C)C(=O)CNS(=O)(=O)c1ccccn1,-7.0637,-7.220855,-6.6458807,train
CCCC[C@H](NC(=O)O[C@H](Cn1cnc(-c2ccc(C(F)(F)F)cc2)c1)C(C)(C)C)C(=O)CNS(=O)(=O)c1ccccn1,-6.9999475,-7.262306,-6.7267814,train
CCCC[C@H](NC(=O)O[C@H](Cn1cnc2cc(Cl)c(Cl)cc21)C(C)(C)C)C(=O)CNS(=O)(=O)c1ccccn1,-7.0080714,-7.0291247,-6.7407722,train
CCCCc1cc(C[C@@H]2CS(=O)(=O)C[C@H](NCc3cccc(C(C)C)c3)[C@H]2O)ccc1O,-6.048341,-5.793979,-5.318742,train
CCCN1C(=O)OC[C@@H]1Cc1cc(C[C@@H]2CS(=O)(=O)C[C@H](NCc3cccc(C(C)C)c3)[C@H]2O)ccc1O,-6.2758517,-6.2358136,-5.7491856,train
CCCNc1cc(C(=O)NC2CC3CCC(C2)N3c2ccc(C(=O)C3CC3)cn2)c(C)cc1C(N)=O,-6.9203463,-6.0568247,-6.5511785,train
CCCOCc1cccc(C[C@@H]2CS(=O)(=O)C[C@H](NCc3cccc(C(C)C)c3)[C@H]2O)c1,-5.915307,-5.746986,-5.20224,train
CCCOc1cccc(C[C@@H]2CS(=O)(=O)C[C@H](NCc3cccc(C(C)C)c3)[C@H]2O)c1,-6.3943925,-5.797371,-5.2442403,train
CCC[C@H](Oc1cc(C)c(-n2cc(C(F)(F)F)cn2)c(C)c1)c1ccc(C(=O)NCCC(=O)O)cc1,-5.826238,-5.3244796,-5.1934824,train
CCC[C@H](c1cccc(C(=O)N[C@H]2CCOc3ccccc32)c1)N1C(=N)NC(CC)(CC)CC1=O,-4.633961,-5.118493,-4.8115005,train
CCCc1cc(C[C@@H]2CS(=O)(=O)C[C@H](NCc3cccc(C(C)C)c3)[C@H]2O)ccc1O,-5.959143,-5.853993,-5.340598,train
CCCc1nc2c(C)cc(-c3nc4ccccc4n3C)cc2n1Cc1ccc(-c2ccccc2C(=O)O)cc1,-6.182746,-5.361141,-5.295802,train
CCCn1cc(S(=O)(=O)c2ccc(CNC(=O)c3cc4ccncc4o3)cc2)cn1,-4.663413,-5.673017,-4.815427,train
CCCn1cc(S(=O)(=O)c2ccc(CNC(=O)c3cc4ccncc4o3)nc2)cn1,-4.6791697,-5.694518,-4.847912,train
CCCn1cc(S(=O)(=O)c2ccc(NC(=O)[C@@H]3C[C@H]3c3cccnc3)cc2)cn1,-4.8372884,-5.8447866,-4.9926214,train
CCCn1cc(S(=O)(=O)c2ccc(NC(=O)[C@H]3C[C@@H]3c3cccnc3)cc2)cn1,-4.890619,-6.1120887,-5.065565,train
CCCn1cnc(C[C@H](CCCN)C(=O)O)c1,-5.925225,-7.6583424,-6.4472685,train
CCN(C)C(=O)c1cc2c(-c3cc(S(C)(=O)=O)ccc3Oc3ccc(F)cc3F)cn(C)c(=O)c2[nH]1,-4.984043,-4.922484,-4.7856836,train
CCN(CC)CCCC(C)Nc1ccnc2cc(Cl)ccc12,-4.845288,-3.5345445,-4.7717166,train
CCN(Cc1ccc2[nH]cnc2c1Cl)c1nccc(Nc2cc(C3CC3)[nH]n2)n1,-6.409997,-5.5617075,-5.2248254,train
CCN1CCC(n2c([C@@H](C)O)nc3cnc4[nH]ccc4c32)C(F)(F)C1,-5.498847,-5.313795,-5.001858,train
CCN1CCN(Cc2ccc(NC(=O)N[C@H]3CCN(c4ccnc(NC)n4)C3)cc2C(F)(F)F)CC1,-5.7144275,-5.969474,-5.9025383,train
CCN1C[C@H]2C[C@@H](N(Cc3ccc(F)c(C(F)(F)F)c3)C(=O)c3cn(C)cn3)C[C@H]2C1,-4.607649,-5.317742,-4.8750205,train
CCN=[S+](C)([O-])c1ccc(Nc2ncc(C(F)(F)F)c(N[C@@H]3CCC[C@H]3N(C)C)n2)cc1,-5.1842847,-5.506029,-5.144609,train
CCNC(=O)N1C[C@H]2[C@H](C)[C@@H](C)[C@H](/C=C/c3ccc(-c4ccccc4C#N)cn3)[C@@H]3[C@@H](C)OC(=O)[C@@]32C1,-4.671622,-4.847328,-4.767577,train
CCNC(=O)c1cc2c(-c3cc(C(=O)O)ccc3Oc3c(C)cccc3C)cn(C)c(=O)c2[nH]1,-5.2960587,-5.9232645,-5.6147985,train
CCNC(=O)c1cc2c(-c3cc(C(C)(C)O)ccc3Oc3c(C)cccc3C)cn(C)c(=O)c2[nH]1,-5.678578,-5.5019755,-5.5694985,train
CCNC(=O)c1cc2c(-c3cc(C4(O)CCC4)ccc3Oc3c(C)cc(F)cc3C)cn(C)c(=O)c2[nH]1,-5.571376,-5.75479,-5.847978,train
CCNC(=O)c1cc2c(-c3cc(C4(O)CCOCC4)ccc3Oc3c(C)cc(F)cc3C)cn(C)c(=O)c2[nH]1,-5.4454584,-5.7486553,-5.774829,train
CCNC(=O)c1cc2c(-c3cc(C4(O)COC4)ccc3Oc3c(C)cc(F)cc3C)cn(C)c(=O)c2[nH]1,-5.4194026,-5.911899,-5.7550855,train
CCNC(=O)c1cc2c(-c3cc(CO)ccc3Oc3c(C)cccc3C)cn(C)c(=O)c2[nH]1,-5.356511,-5.4803185,-5.488364,train
CCNC(=O)c1cc2c(-c3cc(NC(=O)OC)ccc3Oc3c(C)cc(F)cc3C)cn(C)c(=O)c2[nH]1,-6.0919027,-5.727726,-5.904643,train
CCNC(=O)c1cc2c(-c3cc(NC(C)=O)ccc3Oc3c(C)cc(F)cc3C)cn(C)c(=O)c2[nH]1,-5.9534283,-5.9864187,-6.115363,train
CCNC(=O)c1cc2c(-c3cc(NC(C)=O)ccc3Oc3c(C)cccc3C)cn(C)c(=O)c2[nH]1,-5.537558,-5.7539845,-5.7715716,train
CCNC(=O)c1cc2c(-c3cc(NS(=O)(=O)CC)ccc3Oc3c(C)cc(F)cc3C)cn(C)c(=O)c2[nH]1,-6.208556,-6.5250964,-6.400766,train
CCNC(=O)c1cc2c(-c3cc(NS(=O)(=O)CC)ccc3Oc3c(C)cccc3C)cn(C)c(=O)c2[nH]1,-5.836486,-6.3598914,-6.114795,train
CCNC(=O)c1cc2c(-c3cc(S(=O)(=O)C4CC4)ccc3Oc3c(C)cccc3C)cn(C)c(=O)c2[nH]1,-5.346127,-5.2132535,-5.077357,train
CCNC(=O)c1cc2c(-c3cc(S(=O)(=O)CC)ccc3-c3c(C)cccc3C)cn(C)c(=O)c2[nH]1,-4.7760653,-5.0240064,-4.8945265,train
CCNC(=O)c1cc2c(-c3cc(S(=O)(=O)CC)ccc3-c3cccc4cc[nH]c34)cn(C)c(=O)c2[nH]1,-4.840791,-5.389048,-5.039423,train
CCNC(=O)c1cc2c(-c3cc(S(=O)(=O)CC)ccc3-n3ccc4cccc(C)c43)cn(C)c(=O)c2[nH]1,-4.7774367,-5.092745,-4.862099,train
CCNC(=O)c1cc2c(-c3cc(S(=O)(=O)CC)ccc3-n3ccc4ccccc43)cn(C)c(=O)c2[nH]1,-4.7295814,-5.3387465,-4.876881,train
CCNC(=O)c1cc2c(-c3cc(S(=O)(=O)CC)ccc3Oc3c(C)cc(Cl)cc3C)cn(C)c(=O)c2[nH]1,-5.7337637,-5.460535,-5.4665046,train
CCNC(=O)c1cc2c(-c3cc(S(=O)(=O)CC)ccc3Oc3c(C)cc(F)cc3C)cn(C)c(=O)c2[nH]1,-5.4348946,-5.3072934,-5.291931,train
CCNC(=O)c1cc2c(-c3cc(S(=O)(=O)CC)ccc3Oc3c(C)cccc3Br)cn(C)c(=O)c2[nH]1,-5.06771,-4.97294,-4.986411,train
CCNC(=O)c1cc2c(-c3cc(S(=O)(=O)CC)ccc3Oc3c(C)cccc3C#N)cn(C)c(=O)c2[nH]1,-5.3204517,-5.1255846,-5.059597,train
CCNC(=O)c1cc2c(-c3cc(S(=O)(=O)CC)ccc3Oc3c(C)cccc3C(F)F)cn(C)c(=O)c2[nH]1,-5.275927,-5.1540227,-4.9563327,train
CCNC(=O)c1cc2c(-c3cc(S(=O)(=O)CC)ccc3Oc3c(C)cccc3C)cn(C)c(=O)c2[nH]1,-5.0944834,-5.0907407,-5.0702357,train
CCNC(=O)c1cc2c(-c3cc(S(=O)(=O)CC)ccc3Oc3c(C)cccc3Cl)cn(C)c(=O)c2[nH]1,-5.344828,-5.1800323,-5.177043,train
CCNC(=O)c1cc2c(-c3cc(S(=O)(=O)CC)ccc3Oc3c(C)cccc3F)cn(C)c(=O)c2[nH]1,-5.078033,-5.071417,-5.030178,train
CCNC(=O)c1cc2c(-c3cc(S(=O)(=O)CC)ccc3Oc3cc(C)cc(C)c3)cn(C)c(=O)c2[nH]1,-4.955061,-5.086211,-4.971775,train
CCNC(=O)c1cc2c(-c3cc(S(=O)(=O)CC)ccc3Oc3ccccc3C)cn(C)c(=O)c2[nH]1,-4.8496127,-5.0777607,-4.9066477,train
CCNC(=O)c1cc2c(-c3cc(S(=O)(=O)CC)ccc3Oc3ccccc3Cl)cn(C)c(=O)c2[nH]1,-5.1924853,-5.093876,-4.991045,train
CCNC(=O)c1cc2c(-c3cc(S(C)(=O)=O)ccc3Oc3c(C)cccc3C)cn(C)c(=O)c2[nH]1,-5.4104486,-5.249178,-5.163318,train
CCNC(=O)c1ccc(N2C3CCC2CC(NC(=O)c2ccc(C(N)=O)c(NCC4CC4)c2)C3)nc1,-7.153577,-7.2645082,-7.25473,train
CCNC(=O)c1ccc(Oc2c(C)cccc2C)c(-c2cn(C)c(=O)c3[nH]c(C(=O)NCC)cc23)c1,-5.36082,-5.448717,-5.555766,train
CCNC(=O)c1ccc(Oc2ccccc2)c(-c2cn(C)c(=O)c3[nH]ccc23)c1,-4.887737,-4.81969,-4.8109226,train
CCNC(=O)c1cnc(-c2cncc(Oc3ncccc3OCC)c2)nc1,-4.724657,-5.4311595,-4.7971973,train
CCNC1=NC(C(F)(F)F)C(S(=O)(=O)c2ccc(C(C)(O)C(F)(F)F)cc2)S1,-6.194159,-5.94719,-5.163972,train
CCNCC1(O)CN(C(=O)c2ccc(F)c(F)c2Nc2ccc(I)cc2F)C1,-6.5281544,-6.8775315,-6.7508903,train
CCNCc1ccc(C(=O)Nc2cc(C)n(Cc3cc(Cl)ccc3OCC(C)C)n2)cc1,-6.5463667,-5.9768558,-6.237044,train
CCNc1ncc2cc(-c3ccc(-c4cncc(C)n4)cc3Cl)c(=O)n(CC3CCNC(=O)C3)c2n1,-5.026235,-4.95746,-4.935859,train
CCNc1ncc2cc(-c3ccc(-c4cncc(C)n4)cc3Cl)c(=O)n(CC3CCNCC3)c2n1,-5.693134,-5.456575,-5.5064945,train
CCNc1ncc2cc(-c3ccc(-c4cncc(C)n4)cc3Cl)c(=O)n(CCCCN)c2n1,-5.9456816,-5.5974917,-5.7158265,train
CCNc1ncc2cc(-c3ccc(-c4cncc(C)n4)cc3Cl)c(=O)n(C[C@H]3CC[C@H](N)CC3)c2n1,-5.8582034,-6.2482257,-6.204478,train
CCNc1ncc2cc(-c3ccc(-c4cncc(C)n4)cc3Cl)c(=O)n(C[C@H]3OC[C@H](N)CO3)c2n1,-5.892056,-6.16312,-5.9080725,train
CCNc1nccc(-c2n[nH]c3nc(N4CCC5(CC4)CO[C@@H](C)[C@H]5N)cnc23)c1Cl,-5.123535,-5.0591493,-5.0187383,train
CCOC(=O)c1ccc(/C=C2\CNC/C(=C\c3ccc(C(=O)OCC)cc3)C2=O)cc1,-5.2563634,-5.1521378,-5.1437817,train
CCOC(c1cc(Cl)c2c(c1Cl)C(=O)N(Cc1c(C)cc(C)[nH]c1=O)CC2)C1CS(=O)(=O)C1,-6.35224,-5.8635716,-5.1676745,train
CCOCC(=O)N1CCC(c2ccc(N3CCOc4ncnc(N)c4C3=O)cc2)CC1,-4.868929,-6.2900405,-5.0655103,train
CCOP(=O)(OCC)N1C/C(=C\c2cc(OC)c(OC)c(OC)c2)C(=O)/C(=C/c2cc(OC)c(OC)c(OC)c2)C1,-4.337537,-4.4685335,-4.325605,train
CCOc1cc(CC(=O)N[C@@H](CC(C)C)c2ccccc2N2CCCCC2)ccc1C(=O)O,-4.950533,-5.2630258,-4.854993,train
CCOc1ccccc1O[C@@H]1CCCN(c2ncc(C(=O)NC(C)(C)CO)cn2)C1,-4.7093625,-5.508186,-4.7335243,train
CCOc1cccnc1Oc1cncc(-c2ncc(C(=O)NC(C)(C)CS(C)(=O)=O)cn2)c1,-5.1184278,-5.48546,-4.776122,train
CCOc1cccnc1Oc1cncc(-c2ncc(C(=O)NC3(CO)CCOC3)cn2)c1,-4.835471,-5.8005877,-4.9391184,train
CCOc1cccnc1Oc1cncc(-c2ncc(C(=O)NC3CC(=O)N(C)C3)cn2)c1,-5.4972425,-6.855099,-5.643838,train
CCOc1cccnc1Oc1cncc(-c2ncc(C(=O)NC3CCCOC3)cn2)c1,-4.6952643,-5.6736665,-4.8550925,train
CCOc1cccnc1Oc1cncc(-c2ncc(C(=O)NC3CCOCC3)cn2)c1,-4.6491766,-5.8473797,-4.90799,train
CCOc1cccnc1Oc1cncc(-c2ncc(C(=O)N[C@H]3CCOC3)cn2)c1,-4.605264,-5.710661,-4.8251014,train
CCS(=O)(=O)Nc1ccc(OC2CCC(N(C)C)CC2)c(-c2cn(C)c(=O)c3[nH]ccc23)c1,-5.6254816,-5.6691637,-5.465413,train
CCS(=O)(=O)Nc1ccc(OC2CCN(C)CC2)c(-c2cn(C)c(=O)c3[nH]ccc23)c1,-5.9653664,-7.135584,-6.229727,train
CCS(=O)(=O)Nc1ccc(OCC(C)(C)C)c(-c2cn(C)c(=O)c3[nH]ccc23)c1,-4.8078504,-3.995232,-4.782164,train
CCS(=O)(=O)Nc1ccc(Oc2c(F)cc(F)cc2F)c(-c2cn(C)c(=O)c3[nH]ccc23)c1,-5.4289746,-5.1813374,-5.093528,train
CCS(=O)(=O)Nc1ccc(Oc2ccc(C#N)cc2)c(-c2cn(C)c(=O)c3[nH]ccc23)c1,-5.0778008,-5.272822,-4.9897103,train
CCS(=O)(=O)Nc1ccc(Oc2ccc(C(F)(F)F)cc2)c(-c2cn(C)c(=O)c3[nH]ccc23)c1,-4.8896055,-4.53817,-4.802377,train
CCS(=O)(=O)Nc1ccc(Oc2ccc(Cl)cc2)c(-c2cn(C)c(=O)c3[nH]ccc23)c1,-4.915435,-4.403223,-4.8918586,train
CCS(=O)(=O)Nc1ccc(Oc2ccc(F)cc2F)c(-c2cn(C)c(=O)c3[nH]ccc23)c1,-4.9032526,-4.866195,-4.9031005,train
CCS(=O)(=O)Nc1ccc(Oc2ccccc2)c(-c2cn(C)c(=O)c3[nH]ccc23)c1,-4.9029217,-4.6555862,-4.8589516,train
CCS(=O)(=O)Nc1ccc(Oc2cncnc2)c(-c2cn(C)c(=O)c3[nH]ccc23)c1,-5.4494734,-6.5844116,-5.599446,train
CCS(=O)(=O)Nc1cncc(-c2ccccc2O[C@H]2C[C@@H]3CNC[C@H]2C3)c1,-5.944489,-7.1666317,-6.168697,train
CCS(=O)(=O)c1ccc(CNC(=O)c2cc3c(s2)C2(CCN([C@H](C)c4ccc(C#N)cc4)CC2)OCC3)cc1,-5.1629305,-5.162157,-4.9533825,train
CCS(=O)(=O)c1ccc(CNC(=O)c2cc3c(s2)C2(CCN([C@H](C)c4ccc(C#N)cc4)CC2)OCC3)nc1,-5.057742,-5.1809278,-4.9328113,train
CCS(=O)(=O)c1ccc(CNC(=O)c2cc3c(s2)C2(CCN([C@H](C)c4cnc(C(F)(F)F)nc4)CC2)OCC3)cc1,-5.26157,-5.2775736,-4.9902687,train
CCS(=O)(=O)c1ccc(CNC(=O)c2cc3c(s2)C2(CCN([C@H](C)c4cnc(C(F)(F)F)nc4)CC2)O[C@@H](C)C3)cc1,-5.1207585,-5.313463,-5.0147405,train
CCS(=O)(=O)c1ccc(CNC(=O)c2cc3c(s2)C2(CCN([C@H](C)c4cnc(C(F)(F)F)nc4)CC2)O[C@@H](C)C3)nc1,-5.0492425,-5.2689204,-5.011397,train
CCS(=O)(=O)c1ccc(Oc2cc(O[C@@H](C)CO)cc(-c3nccc(=O)[nH]3)c2)cc1,-7.0010424,-5.745424,-5.3750525,train
CC[C@@H](C)n1nc(N2CC(C(C)(C)O)C2)c2cnc(Nc3ccnc(-c4cnn(S(=O)(=O)C5CC5)c4)n3)cc21,-5.39434,-5.076063,-4.796847,train
CC[C@@H](O)c1nc2cnc3[nH]ccc3c2n1C1CCCCC1,-5.2265234,-3.825157,-4.656904,train
CC[C@@H]1C(=O)N(C)c2cnc(-c3cn[nH]c3-c3nccs3)nc2N1C1CCOCC1,-6.570943,-7.923136,-6.914163,train
CC[C@@H]1C(=O)N(C)c2cnc(-c3cn[nH]c3-c3nccs3)nc2N1[C@H]1CCOC1,-6.399797,-7.6555405,-6.6322474,train
CC[C@@H]1C(=O)N(C)c2cnc(-c3cn[nH]c3-c3nccs3)nc2N1c1cn[nH]c1,-6.7065744,-7.7453403,-6.922488,train
CC[C@@H]1C(=O)N(C)c2cnc(-n3ccnc3-c3ccc(F)cc3)nc2N1CCC(F)(F)F,-6.3862414,-7.355576,-6.5606437,train
CC[C@@H]1C(=O)N(C)c2cnc(-n3ccnc3-c3ccc(F)cc3)nc2N1[C@H]1CCOC1,-6.1707487,-7.5735564,-6.469535,train
CC[C@@H]1C(=O)N(C)c2cnc(-n3ccnc3-c3ccc(F)cc3)nc2N1c1ccn(C)n1,-6.781438,-7.60448,-6.807046,train
CC[C@@H]1C(=O)N(C)c2cnc(-n3ccnc3-c3ccc(F)cc3)nc2N1c1cnn(C)c1,-6.6644993,-7.6987543,-6.770503,train
CC[C@@H]1C(=O)N(C)c2cnc(-n3ccnc3-c3ccccc3)nc2N1C1CCCC1,-6.658188,-7.334949,-6.6811686,train
CC[C@@H]1CN(C(=O)NCC(F)(F)F)C[C@@H]1c1cnc2cnc3[nH]ccc3n12,-5.424846,-6.2754197,-5.296377,train
CC[C@@H]1NC(=O)[C@H](CC(C)C)N(C)C(=O)[C@H](C(C)C)N(C)C(=O)[C@H](CC(C)C)N(C)C(=O)[C@H](CC(C)C)N(C)C(=O)[C@@H](C)NC(=O)[C@H](C)NC(=O)[C@H](CC(C)C)N(C)C(=O)[C@H](C(C)C)NC(=O)[C@H](CC(C)C)N(C)C(=O)CN(C)C1=O,-5.6491227,-6.8231473,-5.9072833,train
CC[C@@H]1NC(=O)[C@H](CC(C)C)N(C)C(=O)[C@H](CC)N(C)C(=O)[C@H](CC(C)C)N(C)C(=O)[C@H](CC(C)C)N(C)C(=O)[C@@H](C)NC(=O)[C@H](C)NC(=O)[C@H](CC(C)C)N(C)C(=O)[C@H](C(C)C)NC(=O)[C@H](CC(C)C)N(C)C(=O)CN(C)C1=O,-5.519548,-6.6907177,-5.846613,train
CC[C@H](C)Nc1cc(C(=O)NC2CC3CCC(C2)N3c2ccc(C(=O)C3CC3)cn2)c(C)cc1C(N)=O,-6.640027,-6.0689445,-6.571463,train
CC[C@H](C)n1nc(N2CC(C(C)(C)O)C2)c2cnc(Nc3ccnc(-c4cnn(S(=O)(=O)C5CC5)c4)n3)cc21,-5.351807,-5.062496,-4.8232093,train
CC[C@H](Nc1ccc2c(c1)OCCn1cc(N3C(=O)OC[C@H]3C(F)(F)F)nc1-2)C(N)=O,-6.120219,-6.3583136,-5.9697075,train
CC[C@H]1CN(C2COC2)CCN1c1ccc(Nc2cc(-c3ccnc(N4CCn5c(cc6c5CC(C)(C)C6)C4=O)c3CO)cn(C)c2=O)nc1,-5.2464046,-4.9842963,-4.962264,train
CC[C@](C)(O)C#Cc1cc2c(ccn2-c2ccnc(N)n2)cn1,-4.590139,-5.2617517,-4.644955,train
CC[C@](C)(O)C#Cc1cc2c(cn1)cnn2-c1ccnc(N)n1,-4.6291313,-5.197843,-4.6628757,train
CC[S+]([O-])(=NC)c1ccc(Nc2ncc(C(F)(F)F)c(N[C@@H]3CCC[C@H]3N(C)C)n2)cc1,-5.0181646,-5.3480315,-5.082823,train
CCc1cc(C[C@@H]2CS(=O)(=O)C[C@H](NCc3cccc(C(C)C)c3)[C@H]2O)ccc1O,-6.024394,-5.7350984,-5.269543,train
CCc1ccc2c(c1)[C@@H](NC[C@@H](O)[C@H](Cc1cc(F)cc(F)c1)NC(C)=O)CS(=O)(=O)C2,-8.575693,-8.302952,-8.338718,train
CCc1cccc(C2(NC[C@@H](O)[C@H](Cc3cc(F)cc(F)c3)NC(C)=O)CCCCC2)c1,-7.5216146,-7.5962543,-7.640876,train
CCc1cnc(-c2cc(Oc3ccc(S(C)(=O)=O)cc3)cc(OC(C)C)c2)[nH]c1=O,-5.710341,-5.1736765,-4.844507,train
CCc1cnc(N[C@H]2CCCNC2)nc1-c1c[nH]c2c(S(C)(=O)=O)c(C#N)ccc12,-5.7997193,-6.166149,-5.443206,train
CCc1cnc(N[C@H]2CCCNC2)nc1-c1c[nH]c2ccccc12,-5.036477,-6.265368,-5.417703,train
CCn1c(=O)c(-c2ccc(-c3cncc(C)n3)cc2Cl)cc2cnc(NCCC3CCN(C)CC3)nc21,-5.2972827,-5.322597,-5.270769,train
CCn1c(=O)c(-c2ccc(-n3cccc(C)c3=O)cc2Cl)cc2cnc(NC)nc21,-4.913994,-4.543572,-4.8636584,train
CCn1c(=O)c(-c2ccc(-n3cccc(C)c3=O)cc2Cl)cc2cnc(NC3COC3)nc21,-4.871086,-5.3171844,-5.0025787,train
CCn1c(C(=O)N(C2CC2)C2CC2)cc2c3c(ncn3C)c(Nc3cc(C)n(C)n3)nc21,-5.5780473,-4.2588377,-5.052918,train
CN(C(=O)Nc1ccccc1)c1ccc2[nH]c(-c3n[nH]c4ccccc34)cc2n1,-5.9570456,-4.9225807,-5.311251,train
CN(C(=O)c1cc2c(s1)-c1ccc(C(N)=O)cc1OCC2)c1ccccc1Cl,-6.600728,-5.319723,-5.4532776,train
CN(C(=O)c1ccc(Cl)cc1)c1ccc2[nH]c(-c3n[nH]c4ccccc34)cc2n1,-5.6608806,-5.234891,-5.2786694,train
CN(C(=O)c1ccccc1)c1ccc2[nH]c(-c3n[nH]c4ccccc34)cc2n1,-5.525729,-5.486573,-5.248795,train
CN(C)C(=O)C(CCN1CCC(O)(c2ccc(Cl)cc2)CC1)(c1ccccc1)c1ccccc1,-5.1691613,-4.6460524,-5.3105645,train
CN(C)C(=O)CCS[C@H](SCCC(=O)O)c1cccc(/C=C/c2ccc3ccc(Cl)cc3n2)c1,-4.855055,-5.2575474,-4.9434366,train
CN(C)C(=O)c1c(N)ccc(-c2cnc3c(c2Cl)C2(CCCC2)CN3)c1F,-4.672933,-4.305934,-4.759255,train
CN(C)C(=O)c1c(N)ccc(-c2cnc3c(c2Cl)[C@@]2(CC[C@@](C)(C(N)=O)C2)CN3)c1F,-6.3767366,-6.685461,-6.4615474,train
CN(C)C(=O)c1c(N)ccc(-c2cnc3c(c2Cl)[C@]2(CC[C@@]4(CCCCNC4=O)C2)CN3)c1F,-5.0833936,-4.810508,-5.0192723,train
CN(C)C(=O)c1c(N)ccc(-c2cnc3c(c2Cl)[C@]2(CC[C@H](C(N)=O)C2)CN3)c1F,-6.499558,-6.6401415,-6.3965225,train
CN(C)C(=O)c1c(N)ccc(-c2cnc3c(c2Cl)[C@]2(CC[C@H](c4ncn[nH]4)C2)CN3)c1F,-6.370101,-6.520011,-6.1304703,train
CN(C)C(=O)c1c(N)ccc(-c2cnc3c(c2Cl)[C@]2(CC[C@](C)(C#N)C2)CN3)c1F,-4.9387097,-4.87782,-4.8481755,train
CN(C)C(=O)c1c(N)ccc(-c2cnc3c(c2Cl)[C@]2(CC[C@](C)(C#N)CC2)CN3)c1F,-4.8044543,-4.763226,-4.777963,train
CN(C)C(=O)c1c(N)ccc(-c2cnc3c(c2Cl)[C@]2(CC[C@](C)(O)C2)CN3)c1F,-5.176648,-5.228596,-5.116592,train
CN(C)C(=O)c1cc(CC(=O)O)ccc1NC(=O)c1ccccc1-c1ccc(C(F)(F)F)cc1,-5.807961,-5.9443984,-5.5168214,train
CN(C)C(=O)c1ncc(Oc2cc(OC3CCCC3)cc(-c3nccc(=O)[nH]3)c2)cn1,-4.7611866,-5.1845756,-4.8180227,train
CN(C)CCNC(=O)c1ccc(-c2cnc3ccc(NCC4CC4)nn23)cc1,-5.1100116,-4.150349,-5.0519223,train
CN(C)CCNC(=O)c1ccc(-c2cnc3ccc(NCC4CC4)nn23)cc1F,-4.9850626,-3.8569806,-4.9489384,train
CN(C)CC[C@@H](c1ccccc1)n1cc(NC(=O)c2n[nH]c3c2CCC(C)(C)C3)cn1,-5.1108294,-4.9976625,-5.1568427,train
CN(C)C[C@@H](OC(=O)N1Cc2c(NC(=O)C3(C(F)(F)F)CC3)n[nH]c2C1(C)C)c1ccccc1,-5.0189376,-4.177577,-4.767242,train
CN(C)C[C@@H](c1ccccc1)n1cc(NC(=O)c2n[nH]c3c2CCC(C)(C)C3)cn1,-5.0481787,-4.574731,-4.976294,train
CN(C)S(=O)(=O)Nc1ccc(Oc2ccccc2)c(-c2cn(C)c(=O)c3[nH]ccc23)c1,-4.8504167,-4.2733,-4.8233604,train
CN(C)[C@@H]1CCC[C@H]1Nc1nc(Nc2ccc(S(=O)(=O)NC3CC3)cc2)ncc1C(F)(F)F,-5.401208,-6.1610413,-5.338093,train
CN(C)[C@@H]1CCC[C@H]1Nc1nc(Nc2ccc(S(C)(=O)=O)cc2)ncc1C(F)(F)F,-5.4990406,-5.8403525,-5.0983644,train
CN(C)[C@@H]1CCC[C@H]1Nc1nc(Nc2ccc([S+](C)(=N)[O-])cc2)ncc1C(F)(F)F,-5.703621,-6.1404076,-5.7558804,train
CN(C)c1ccc(/C=C/C(=O)/C=C/c2ccc(N(C)C)cc2)cc1,-5.158943,-5.0546722,-5.013093,train
CN(C)c1ccc(C(=O)N(CCCCCC(=O)NO)CC(=O)NCc2ccccc2)cc1,-6.2795653,-7.7900867,-6.970812,train
CN(C)c1ccc(S(=O)(=O)c2ccc(CNC(=O)c3cnc4[nH]ncc4c3)cc2)cn1,-5.448875,-6.6297803,-5.774501,train
CN(C)c1noc(-c2cccc(CN(C)c3ccc4[nH]nc(C(=O)O)c4c3)c2O)n1,-6.7408285,-6.1933866,-5.737421,train
CN(C)c1noc(-c2cccc(CNc3ccc4[nH]nc(C(=O)O)c4c3)c2)n1,-6.7284346,-6.179063,-5.77361,train
CN(C)c1noc(-c2cccc(CNc3ccc4[nH]nc(C(=O)O)c4c3)c2Cl)n1,-6.7604656,-5.9142475,-5.678699,train
CN(C)c1noc(-c2cccc(CNc3ccc4[nH]nc(C(=O)O)c4c3)c2O)n1,-6.7462726,-6.122672,-5.6876345,train
CN(C)c1noc(-c2cccc(CNc3cnc4nn[nH]c4c3)c2O)n1,-5.2996063,-5.466279,-5.1207833,train
CN(CC(=O)O)C(=O)C[C@H]1CC[C@H](c2ccc(N3CCOc4ncnc(N)c4C3=O)cc2)CC1,-5.827528,-7.526263,-6.32988,train
CN(CCN)CC(O)c1cc(C(F)(F)F)nc2c(C(F)(F)F)cccc12,-6.89684,-5.9469824,-5.464221,train
CN(Cc1ccc2[nH]cnc2c1Cl)c1nccc(Nc2cc(C3CC3)[nH]n2)n1,-6.508598,-5.5165114,-5.255417,train
CN(Cc1ccccc1)c1ccc2[nH]nc(-c3ccc(N4CCNCC4)nc3)c2c1,-5.8534875,-4.951285,-5.1943717,train
CN(c1ccccc1CNc1nc(Nc2ccc3c(c2)CC(=O)N3)ncc1C(F)(F)F)S(C)(=O)=O,-5.8363023,-5.1536436,-4.9714837,train
CN1C(=O)[C@@H](Cc2ccccc2)NC(=O)[C@H](CCCc2ccccc2)NC(=O)CN(CCCc2ccccc2)C(=O)[C@H]2CCCN2C(=O)[C@H](Cc2cccnc2)NC(=O)[C@@H]1Cc1cscn1,-5.643814,-5.781872,-5.665247,train
CN1C(=O)[C@@H]2CN(S(=O)(=O)c3ccc(F)c(Cl)c3)C[C@@H]2c2cnccc21,-4.3792214,-5.044686,-4.446506,train
CN1C(=O)[C@@H]2CN(S(=O)(=O)c3ccc4c(c3)CCO4)C[C@@H]2c2cnccc21,-4.5260053,-5.3721232,-4.4955254,train
CN1C(=O)[C@@H]2CN(S(=O)(=O)c3ccc4c(c3)OCC4)C[C@@H]2c2cnccc21,-4.428463,-5.3542924,-4.421771,train
CN1C(=O)[C@@H]2CN(S(=O)(=O)c3ccc4c(c3)OCO4)C[C@@H]2c2cc(O)ccc21,-4.7875376,-5.2101097,-4.56258,train
CN1C(=O)[C@@H]2CN(S(=O)(=O)c3ccc4c(c3)OCO4)C[C@@H]2c2cnccc21,-4.2743487,-4.8812976,-4.3153667,train
CN1C(=O)[C@@H]2CN(S(=O)(=O)c3ccc4c(c3)OCO4)C[C@@H]2c2ncccc21,-4.2016563,-4.629872,-4.259975,train
CN1C(=O)[C@@H]2CN(S(=O)(=O)c3ccc4ocnc4c3)C[C@@H]2c2cnccc21,-4.4695973,-5.1587915,-4.4595165,train
CN1C(=O)[C@@H]2CN(S(=O)(=O)c3ccc4scnc4c3)C[C@@H]2c2cnccc21,-4.5768743,-5.1332016,-4.4624195,train
CN1C(=O)[C@@H]2CN(S(=O)(=O)c3ccn4ccnc4c3)C[C@@H]2c2cnccc21,-4.797961,-5.7163095,-4.6654167,train
CN1C(=O)c2c3c(c(O)c(=O)n2[C@]12CC[C@@H]1C[C@@]12CO)C(=O)N(Cc1ccc(F)c(Cl)c1)CC3,-5.3303266,-4.9620833,-4.960309,train
CN1CCC(c2ccc(C(=O)N3CCC4(CC3)CC4CNC(=O)N3Cc4ccncc4C3)cc2)CC1,-6.3476377,-7.59383,-6.645248,train
CN1CCC2(CC1)Cc1cc(NC(=O)c3cnn4cccnc34)c(N3CCOCC3)cc1O2,-4.9085226,-5.468074,-5.0196013,train
CN1CCN(C(=O)COc2ccc3cc(Oc4ccccn4)ccc3n2)CC1,-4.6682315,-5.137659,-4.638933,train
CN1CCN(C(=O)C[C@H]2CC[C@H](c3ccc(N4CCOc5ncnc(N)c5C4=O)cc3)CC2)CC1=O,-5.552562,-6.6249695,-5.7284493,train
CN1CCN(Cc2nc3c(oc4ccc(Br)cc43)c(=O)[nH]2)CC1,-6.289535,-7.1455975,-6.4741507,train
CN1C[C@@H]2CC[C@H]1CN2Cc1nc2c(oc3ccc(Br)cc32)c(=O)[nH]1,-6.4176636,-7.6871715,-6.739402,train
CN1C[C@@H]2C[C@H]1CN2Cc1nc2c(oc3ccc(Br)cc32)c(=O)[nH]1,-6.509895,-7.782958,-6.827556,train
CN1C[C@H]2C[C@@H](N(Cc3ccc(F)c(C(F)(F)F)c3)C(=O)c3cn(C)cn3)C[C@H]2C1,-4.611388,-5.492848,-4.8689184,train
CN1C[C@H]2C[C@@H](N(Cc3ccc(F)c(OC4CCCC4)c3)C(=O)c3cn(C)cn3)C[C@H]2C1,-4.7237387,-5.7133455,-4.9870224,train
CN1C[C@H]2C[C@@H](N(Cc3cccc(OC(F)(F)F)c3)C(=O)c3cn(C)cn3)C[C@H]2C1,-4.590318,-5.464368,-4.8699317,train
CN1Cc2cc(NC(=O)c3cnn4cccnc34)c(N3CCOCC3)cc2C1=O,-4.8518405,-5.5513134,-4.957793,train
CN1Cc2cc(NC(=O)c3cnn4cccnc34)c(N3CCOCC3)cc2S1(=O)=O,-4.743911,-5.312816,-4.747186,train
CN=[S+](C)([O-])c1ccc(Nc2ncc(C(F)(F)F)c(N[C@@H]3CCC[C@H]3N(C)C)n2)cc1,-5.1369233,-5.4601593,-5.139434,train
CNC(=O)N1CC(NC(=O)c2cnc(N)c3nc(-c4cccc(F)c4)ccc23)C1,-5.580058,-5.545067,-5.208335,train
CNC(=O)N1CCc2c(c(-c3cccc4cc(-c5cnn(C)c5)c(C(F)F)cc34)nn2C2CCOCC2)C1,-5.4597793,-5.002787,-4.955015,train
CNC(=O)Oc1ccc(C[C@@H]2CS(=O)(=O)C[C@H](NCc3cccc(C(C)C)c3)[C@H]2O)cc1Br,-6.3971763,-5.9044557,-5.445459,train
CNC(=O)[C@H]1CC[C@@]2(CNc3ncc(-c4ccc(N)c(C(=O)N(C)C)c4F)c(Cl)c32)C1,-5.8821263,-6.4344006,-6.093475,train
CNC(=O)[C@H]1CC[C@H](Nc2cc(=O)[nH]c3ccc(-c4cncs4)cc23)CC1,-7.5821314,-9.682362,-8.29712,train
CNC(=O)[C@H]1CC[C@H](Nc2cc(=O)n(C)c3c(C)cc(-c4cncs4)cc23)CC1,-7.250038,-8.900092,-7.7870064,train
CNC(=O)[C@H]1CC[C@H](Nc2cc(=O)n(C)c3ccc(-c4cncs4)cc23)CC1,-7.4915876,-9.491913,-8.110168,train
CNC(=O)c1c(-c2ccc(F)cc2)oc2cc(N(C)S(C)(=O)=O)c(-c3ccc4c(n3)-c3cc5c(F)cccc5n3CC4)cc12,-5.9992056,-5.3670597,-5.0522532,train
CNC(=O)c1c(-c2ccc(F)cc2)oc2cc(N(C)S(C)(=O)=O)c(-c3ccc4c(n3)-c3cc5c(F)cccc5n3CN4)cc12,-6.0316563,-5.381055,-5.120076,train
CNC(=O)c1c(-c2ccc(F)cc2)oc2cc(N(C)S(C)(=O)=O)c(-c3ccc4c(n3)-c3cc5c(F)cccc5n3CO4)cc12,-5.833606,-5.3439217,-5.0273414,train
CNC(=O)c1c(-c2ccc(F)cc2)oc2cc(N(C)S(C)(=O)=O)c(-c3ccc4ccn5c6cccc(F)c6cc5c4n3)cc12,-5.865431,-5.2872453,-4.992701,train
CNC(=O)c1c(-c2ccc(F)cc2)oc2cc(N(C)S(C)(=O)=O)c(-c3ccc4ncn5c6cccc(F)c6cc5c4n3)cc12,-5.5055184,-4.936017,-4.9464426,train
CNC(=O)c1c(O)c(NS(=O)(=O)c2cc(Br)ccc2O)cc(C2CC2)c1F,-4.965043,-5.1933756,-4.8855157,train
CNC(=O)c1cc(C2(C#N)CCC2)cc(NS(=O)(=O)c2cc(Br)cc(Cl)c2O)c1O,-5.010498,-5.1460085,-4.8142853,train
CNC(=O)c1cc(C2(C#N)CCC2)cc(NS(=O)(=O)c2cc(Br)ccc2O)c1O,-4.9818764,-5.1769466,-4.7916923,train
CNC(=O)c1cc(Cl)cc(NS(=O)(=O)c2cc(Br)ccc2O)c1O,-4.762297,-5.110014,-4.8109202,train
CNC(=O)c1cc(OC)ccc1CC(=O)N1CCC2(CC1)CN([C@@H]1CCc3cc(-c4cc(C)ncn4)ccc31)C2,-5.418328,-5.0582914,-5.1031175,train
CNC(=O)c1ccc(-c2cc3cccc(-c4nn(C5CCOCC5)c5c4CN(C(C)=O)CC5)c3cn2)cn1,-4.9825726,-5.1887455,-4.8864393,train
CNCCN(C)CC(O)c1cc(C(F)(F)F)nc2c(C(F)(F)F)cccc12,-6.877994,-5.7062187,-5.3138337,train
CNCCN(CC(O)c1cc(C(F)(F)F)nc2c(C(F)(F)F)cccc12)CC(O)c1cc(C(F)(F)F)nc2c(C(F)(F)F)cccc12,-8.21659,-6.767515,-6.4626594,train
CNCc1ccc(NC(=O)c2cc(C)n(Cc3cc(Cl)ccc3OCc3ccccc3)n2)cc1,-6.8672237,-6.005568,-6.577907,train
CNS(=O)(=O)c1ccc(C(=O)N2CCOc3ccc(-c4ccc5nc[nH]c5c4)cc3C2)cc1,-7.0509415,-8.230261,-7.439564,train
CNS(=O)(=O)c1ccc(Nc2ncc(C(F)(F)F)c(N[C@@H]3CCC[C@H]3N(C)C)n2)cc1,-5.023034,-5.835377,-5.0775466,train
CNS(=O)(=O)c1ccc(Oc2cc(OC(C)C)cc(-c3nccc(=O)[nH]3)c2)cc1,-5.397604,-5.2646427,-4.844653,train
CNS(=O)(=O)c1cccc(C(=O)N2CCC(CCN3C4CCC3CC(n3c(C)nc5ccccc53)C4)(c3ccccc3)CC2)c1,-7.618169,-7.966486,-8.045885,train
CN[C@H](CNc1cc(F)c(S(=O)(=O)Nc2ncc(F)s2)cc1Cl)CC(C)(C)C,-5.3235216,-4.6135087,-4.9125347,train
CN[C@H](CNc1cc(F)c(S(=O)(=O)Nc2ncc(F)s2)cc1Cl)CC1(C)CC1,-5.7714815,-5.020056,-5.0490665,train
CN[C@H](CNc1cc(F)c(S(=O)(=O)Nc2ncc(F)s2)cc1Cl)CC12CC(C1)C2,-6.6537576,-5.148906,-5.141949,train
CN[C@H](CNc1cc(F)c(S(=O)(=O)Nc2ncc(F)s2)cc1Cl)CC1CC1,-6.120952,-4.985664,-5.112764,train
CN[C@H](CNc1cc(F)c(S(=O)(=O)Nc2ncc(F)s2)cc1Cl)CC1CCC1,-6.44281,-5.0201178,-5.166768,train
CN[C@H](CNc1cc(F)c(S(=O)(=O)Nc2ncc(F)s2)cc1Cl)Cc1ccccc1,-6.03403,-5.0432673,-5.0932746,train
CN[C@H](CNc1cc(F)c(S(=O)(=O)Nc2nccs2)cc1Cl)Cc1ccccc1,-5.9181557,-5.030872,-5.129143,train
CNc1cc(-c2cccc(Cl)c2Cl)nc(N)n1,-4.690468,-5.5464125,-4.925575,train
CNc1cc(C)nc(Nc2ccc(OC)c(C3=CCN(C)CCC3)c2)n1,-4.7885456,-4.8629193,-4.8755918,train
CNc1cc(C)nc(Nc2ccc(OC)c(OCCCN3CCCC3)c2)n1,-5.4659376,-5.794422,-5.2426615,train
CNc1ccn2ncc(C(=O)Nc3cc(C)nn3-c3cccc(Cl)c3)c2n1,-5.6859517,-5.073017,-5.088615,train
CNc1ncc2cc(-c3ccc(-c4cccc(C)n4)cc3Cl)c(=O)n(CC3COC4(CNC4)OC3)c2n1,-5.802843,-5.9979873,-5.839803,train
CNc1ncc2cc(-c3ccc(-c4cccc(C)n4)cc3Cl)c(=O)n(C[C@H]3OC[C@H](N)CO3)c2n1,-6.0088205,-6.161308,-5.964595,train
CNc1ncc2cc(-c3ccc(-c4cccc(C)n4)cc3Cl)c(=O)n(C[C@H]3OC[C@H](NC)CO3)c2n1,-5.9713407,-6.1690674,-6.017966,train
CNc1ncc2cc(-c3ccc(-c4cncc(C)n4)cc3Cl)c(=O)n(C[C@H]3CC[C@H](N)CC3)c2n1,-5.993752,-6.2590575,-6.279422,train
CNc1ncc2cc(-c3ccc(-c4cncc(C)n4)cc3Cl)c(=O)n(C[C@H]3CNCCO3)c2n1,-5.567731,-5.437134,-5.4266586,train
CNc1ncc2cc(-c3ccc(-n4cccc(C)c4=O)cc3Cl)c(=O)n(CC(F)(F)CN)c2n1,-5.187659,-5.230039,-5.141486,train
CNc1ncc2cc(-c3ccc(-n4cccc(C)c4=O)cc3Cl)c(=O)n(CC3CCNCC3(F)F)c2n1,-5.1638193,-5.0774174,-5.129353,train
CNc1ncc2cc(-c3ccc(-n4cccc(C)c4=O)cc3Cl)c(=O)n(CCC3(F)CN(C)C3)c2n1,-5.1113343,-4.727171,-4.973825,train
CNc1ncc2cc(-c3ccc(-n4cccc(C)c4=O)cc3Cl)c(=O)n(CCCN)c2n1,-6.3656697,-6.0444946,-6.27864,train
CNc1ncc2cc(-c3ccc(-n4cccc(C)c4=O)cc3Cl)c(=O)n(CCO)c2n1,-5.4807773,-4.9921927,-5.1444354,train
CNc1ncc2cc(-c3ccc(-n4cccc(C)c4=O)cc3Cl)c(=O)n(CCOC)c2n1,-4.97762,-4.4758167,-4.915459,train
CNc1ncc2cc(-c3ccc(-n4cccc(C)c4=O)cc3Cl)c(=O)n(CCOC3CN(C)C3)c2n1,-6.2338166,-6.4684143,-6.2828507,train
CNc1nccc(-c2n[nH]c3nc(N4CCC(C)(N)CC4)cnc23)c1Cl,-5.2214875,-5.3754435,-5.165415,train
CNc1nccc(N2CC[C@H](NC(=O)Nc3ccc(C)c(Cl)c3)C2)n1,-5.1264625,-4.965523,-5.138922,train
CNc1nccc(N2CC[C@H](NC(=O)Nc3ccc(CN4CCN(C)CC4)c(C(F)(F)F)c3)C2)n1,-5.739704,-5.7337418,-5.7487793,train
CNc1nccc(N2CC[C@H](NC(=O)Nc3ccc(Cl)c(C(F)(F)F)c3)C2)n1,-5.1684422,-5.1531234,-5.0800815,train
COC(=O)C[C@H]1CC[C@H](c2ccc(N3CCOc4ncnc(N)c4C3=O)cc2)CC1,-4.599178,-5.7502866,-4.8578005,train
COC(=O)N[C@H]1CC[C@H](n2c(C)nc3cnc4[nH]ccc4c32)CC1,-4.9717536,-5.75292,-5.0438795,train
COC(=O)Nn1c(C[C@H]2CCC[C@H](OCc3cc(C(F)(F)F)cc(C(F)(F)F)c3)[C@@H]2c2ccccc2)n[nH]c1=O,-4.9871798,-5.251888,-4.9095187,train
COC(=O)c1cccc(C(=O)N2CCC(CCN3C4CCC3CC(n3c(C)nc5ccccc53)C4)(c3ccccc3)CC2)c1,-7.153723,-6.832841,-7.405438,train
COC(C)(C)CCN1Cc2cc(NC(=O)c3cnn4cccnc34)c(N3CCOCC3)cc2C1=O,-4.849032,-4.72636,-4.8907,train
COC(C)c1cc(Cl)c2c(c1Cl)C(=O)N(Cc1c(C)cc(C)[nH]c1=O)CC2,-5.1076226,-4.512111,-4.8571043,train
COC(c1cc(Cl)c2c(c1Cl)C(=O)N(Cc1c(C)cc(C)[nH]c1=O)CC2)C1CCN(C(=O)CO)CC1,-5.883727,-4.8619676,-5.2945685,train
COC(c1cc(Cl)c2c(c1Cl)C(=O)N(Cc1c(C)cc(C)[nH]c1=O)CC2)C1CCN(C(C)=O)CC1,-5.55377,-4.4274955,-5.1331167,train
COC(c1cc(Cl)c2c(c1Cl)C(=O)N(Cc1c(C)cc(C)[nH]c1=O)CC2)C1CCN(C)CC1,-5.592752,-4.8837423,-5.369381,train
COC(c1cc(Cl)c2c(c1Cl)C(=O)N(Cc1c(C)cc(C)[nH]c1=O)CC2)C1CCN(C2COC2)CC1,-5.297687,-4.9002185,-5.23946,train
COC(c1cc(Cl)c2c(c1Cl)C(=O)N(Cc1c(C)cc(C)[nH]c1=O)CC2)C1CCOC1,-5.151287,-4.6997547,-4.9890924,train
COC(c1cc(Cl)c2c(c1Cl)C(=O)N(Cc1c(C)cc(C)[nH]c1=O)CC2)C1CCOCC1,-5.1696,-4.72488,-5.0046496,train
COC(c1cc(Cl)c2c(c1Cl)C(=O)N(Cc1c(C)cc(C)[nH]c1=O)CC2)C1CCS(=O)(=O)CC1,-5.7906938,-5.529123,-4.9626036,train
COC(c1cc(Cl)c2c(c1Cl)C(=O)N(Cc1c(C)cc(C)[nH]c1=O)CC2)C1CS(=O)(=O)C1,-6.175295,-5.6788692,-5.064499,train
COC1CCN(C(=O)C[C@H]2CC[C@H](c3ccc(N4CCOc5ncnc(N)c5C4=O)cc3)CC2)CC1,-4.7806287,-5.6611466,-4.967888,train
COC1CCN(c2nccc(Nc3cc4c(cn3)c(C(N)=O)cn4C(C)C)n2)CC1,-4.8273606,-5.056541,-4.8173876,train
COCCCN1CCN(c2ccc(Nc3cc(-c4ccnc(N5CCn6c(cc7c6CC(C)(C)C7)C5=O)c4CO)cn(C)c3=O)nc2)CC1,-5.4032164,-4.490009,-4.900483,train
COCCCN1C[C@H](C)N(C(=O)N2Cc3c(NC(=O)c4ccccn4)n[nH]c3C2(C)C)C[C@H]1C,-5.188999,-4.85366,-4.8814387,train
COCCCO[C@H]1CN(c2ccc(O[C@@H]3CCN(c4cc(OC)ncc4Cl)C[C@H]3C)cc2)[C@@H](CC(=O)O)[C@@H]1C,-6.3856626,-7.5178347,-6.7216377,train
COCCN1CCN(c2ccc(Nc3cc(-c4ccnc(N5CCn6c(cc7c6CC(C)(C)C7)C5=O)c4CO)cn(C)c3=O)nc2)CC1,-5.3220606,-4.4854965,-4.865135,train
COCCO[C@H]1CC[C@H](Nc2cc(=O)[nH]c3ccc(-c4cncs4)cc23)CC1,-6.6949286,-8.193006,-7.3544655,train
COCCO[C@H]1CC[C@H](Nc2cc(=O)n(C)c3c(C)cc(-c4cncs4)cc23)CC1,-6.2716107,-7.3331556,-6.7652984,train
COCCO[C@H]1CC[C@H](Nc2cc(=O)n(C)c3ccc(-c4cncs4)cc23)CC1,-6.5534277,-7.961025,-7.1379366,train
COCCO[C@H]1CC[C@H](Nc2nc(=O)n(C)c3ccc(-c4cncs4)cc23)CC1,-6.429616,-8.2301445,-7.141555,train
COCCc1ccc(OCC(O)CNC(C)C)cc1,-4.8903503,-5.277053,-4.79724,train
COCCn1c(=O)c(-c2ccc(-n3cccc(C)c3=O)cc2Cl)cc2cnc(NC3COC3)nc21,-4.924744,-5.386996,-5.0872645,train
COC[C@H](C)Oc1cc(Oc2cnc(C(=O)N(C)C)cn2)cc(-c2nccc(=O)[nH]2)c1,-5.4705615,-5.9099474,-5.3663273,train
COCc1c(C(C)C)nc(C(C)C)c(/C=C/[C@@H](O)C[C@@H](O)CC(=O)O)c1-c1ccc(F)cc1,-5.448545,-5.0124836,-4.997449,train
CO[C@@H]1CCN(c2c(NC(=O)c3nc(-c4c(F)cccc4F)sc3N)cnn2C)CC[C@H]1N,-5.6279488,-6.275215,-5.9094715,train
CO[C@@H]1CCN(c2ccc(Cc3cc(C(=O)N[C@H]4CCCC[C@@H]4O)c(=O)n(C)c3C)cc2)C1,-4.6645856,-5.034558,-4.692476,train
CO[C@@H]1C[C@H](C(=O)Nc2ccc(-n3cc(Cl)ccc3=O)cc2F)N(C(=O)Nc2ccc(Cl)cc2)C1,-5.1207414,-4.340155,-5.040384,train
CO[C@H]1C(=O)[C@]2(C)[C@@H](OC(=O)N(C)C)C[C@H]3OC[C@@]3(OC(C)=O)[C@H]2[C@H](OC(=O)c2ccccc2)[C@]2(O)C[C@H](OC(=O)[C@H](O)[C@@H](NC(=O)OC(C)(C)C)c3ccccc3)C(C)=C1C2(C)C,-5.2809706,-5.494163,-5.794731,train
CO[C@H]1CCN(c2cn3c(n2)-c2ccc(N4CCC[C@H]4C(N)=O)cc2OCC3)C1=O,-5.5660844,-6.1955876,-5.58964,train
CO[C@H]1CC[C@H](Nc2cc(=O)[nH]c3c(C)cc(-c4cncs4)cc23)CC1,-6.182011,-7.6843567,-6.773733,train
CO[C@H]1CC[C@H](Nc2cc(=O)n(C)c3c(C)cc(-c4cncs4)cc23)CC1,-5.894781,-7.1567736,-6.378906,train
CO[C@H]1CC[C@H](Nc2nc(=O)n(C)c3ccc(-c4cncs4)cc23)CC1,-6.124889,-8.285564,-6.8742514,train
CO[C@H]1C[C@H]2OC[C@@]2(OC(C)=O)[C@H]2[C@H](OC(=O)c3ccccc3)[C@]34OC(=O)O[C@H]3[C@H](OC(=O)[C@H](O)[C@@H](NC(=O)OC(C)(C)C)c3ccccc3)C(C)=C([C@@H](OC(=O)N(C)C)C(=O)[C@]12C)C4(C)C,-5.585886,-5.526181,-5.909645,train
CO[C@H]1C[C@](CC#N)(n2cc(-c3nc(-c4cnn(C)c4)cn4nccc34)cn2)C1,-4.7161484,-4.9623384,-4.7125225,train
CO[C@]12CC3CC(C1)[C@@H](NC(=O)c1cnn4cc(C)cnc14)C(C3)C2,-4.6235223,-3.9042888,-4.395015,train
COc1cc(/C=C/C(=O)O)ccc1[C@@H]1c2ccc3[nH]ncc3c2C[C@@H](C)N1CC(C)(F)F,-4.843255,-5.2666016,-4.9377813,train
COc1cc(/C=C2\CCCN([C@@H](C)c3ccc(F)cc3)C2=O)ccc1-n1cnc(C)c1,-5.8322773,-5.029479,-5.0973606,train
COc1cc(C(F)(F)F)ccc1-c1cccc2cc(S(=O)(=O)Nc3ccccn3)ccc12,-5.0182314,-4.4379406,-4.6009507,train
COc1cc(C(F)(F)F)ccc1-c1cccc2cc(S(=O)(=O)Nc3ccncn3)ccc12,-5.1603546,-4.443596,-4.689827,train
COc1cc(C(F)(F)F)ccc1-c1cccc2cc(S(=O)(=O)Nc3cncs3)ccc12,-4.971881,-4.5756135,-4.6686897,train
COc1cc(C(F)(F)F)ccc1-c1cccc2cc(S(=O)(=O)Nc3cscn3)ccc12,-5.2617774,-4.26416,-4.679166,train
COc1cc(C(F)(F)F)ccc1-c1cccc2cc(S(=O)(=O)Nc3ncccn3)ccc12,-5.5653906,-4.8649683,-4.7653613,train
COc1cc(C(F)(F)F)ccc1-c1cccc2cc(S(=O)(=O)Nc3nccs3)ccc12,-5.2540812,-4.6469574,-4.7689285,train
COc1cc(C(F)(F)F)ccc1-c1cccc2cc(S(=O)(=O)Nc3ncns3)ccc12,-6.1877832,-5.3953433,-5.21612,train
COc1cc(C(F)(F)F)ccc1-c1nccc2cc(S(=O)(=O)Nc3nccs3)ccc12,-4.967711,-4.6083937,-4.685023,train
COc1cc(C(F)(F)F)ccc1-c1nccc2cc(S(=O)(=O)Nc3nccs3)cnc12,-4.765665,-4.561664,-4.6914477,train
COc1cc(C(F)(F)F)ccc1-c1ncnc2cc(S(=O)(=O)Nc3nccs3)ccc12,-5.0016856,-4.685102,-4.716907,train
COc1cc(C)[nH]c(=O)c1CN1CCc2c(Cl)cc(-c3c(C)noc3C)c(Cl)c2C1=O,-5.487257,-4.672957,-4.926587,train
COc1cc(C)[nH]c(=O)c1CN1CCc2c(Cl)cc(C(OC)C3(C)COC3)c(Cl)c2C1=O,-4.8904386,-4.5746317,-4.8214293,train
COc1cc(C)[nH]c(=O)c1CN1CCc2c(Cl)cc(C(OC)C3CCN(C(=O)CO)CC3)c(Cl)c2C1=O,-6.0403647,-4.7978406,-5.2362103,train
COc1cc(C)[nH]c(=O)c1CN1CCc2c(Cl)cc(C(OC)C3CCOC3)c(Cl)c2C1=O,-5.263507,-4.6433334,-4.924783,train
COc1cc(C)[nH]c(=O)c1CN1CCc2c(Cl)cc([C@@H](OC)C3COC3)c(Cl)c2C1=O,-4.9814854,-4.835253,-4.9609065,train
COc1cc(CC(=O)N2C[C@@H](F)C[C@H]2COc2ccc(C(=O)O)cc2)ccc1NC(=O)Nc1ccccc1C,-6.378409,-5.5702286,-5.6823177,train
COc1cc(CC(=O)N2C[C@@H](F)C[C@H]2COc2ccc(C(=O)O)cc2)ccc1NC(=O)Nc1ccccc1Cl,-6.34696,-5.425308,-5.503072,train
COc1cc(Cl)c(-n2c(C)cc(=O)c3c(F)cncc32)c(Cl)c1,-4.8064585,-4.5380006,-4.6493487,train
COc1cc(N2CC[C@@H](Oc3ccc(N4N=C(C(F)(F)F)[C@@H](C)[C@@H]4CC(=O)O)cc3)[C@H](C)C2)c(Cl)cn1,-6.8194876,-7.7317142,-6.8147173,train
COc1cc2c(OC[C@H]3NC(=O)[C@@H]4C[C@]34C)nccc2cc1C(N)=O,-4.7321177,-5.4205914,-4.8133755,train
COc1cc2c(cc1Nc1ncc(C(N)=O)c(NC3CCCC3)n1)CN(C)CC2,-6.9487076,-6.8544207,-7.0937314,train
COc1cc2c(cc1Nc1ncc(C(N)=O)c(Nc3c(F)cccc3C(F)(F)F)n1)CN(C)CC2,-8.055717,-7.3242707,-7.795847,train
COc1cc2c(cc1Nc1ncc(C(N)=O)c(Nc3ccccc3)n1)CN(C)CC2,-7.6175156,-7.3492904,-7.6029353,train
COc1cc2c(cc1Nc1ncc(C(N)=O)c(Nc3ccccc3Br)n1)CN(C)CC2,-7.561453,-6.8975587,-7.3145084,train
COc1cc2c(cc1Nc1ncc(C(N)=O)c(Nc3ccccc3CO)n1)CN(C)CC2,-8.065708,-7.660082,-7.978494,train
COc1cc2c(cc1OC)C(=O)C(CC1CCN(Cc3ccccc3)CC1)C2,-5.0879154,-4.79358,-4.763005,train
COc1cc2cncnc2cc1OCCc1ccc2ccccc2n1,-5.016032,-5.7978187,-4.81803,train
COc1cc2nc(N3CCN(C(=O)c4ccco4)CC3)nc(N)c2cc1OC,-4.7399497,-5.15469,-4.7557616,train
COc1cc2ncn(C)c(=O)c2cc1OCCc1ccc2ccccc2n1,-5.2408266,-5.4699473,-4.7711515,train
COc1cc2ncnc(N(C)C)c2cc1OCCc1ccc2ccccc2n1,-4.904512,-5.1329966,-4.7321267,train
COc1ccc(-c2cc(-c3ccc(C(=O)O)cc3)cnc2N)cc1,-4.6945076,-5.297286,-4.7768126,train
COc1ccc(-c2cc(N3C[C@H](N)[C@@H](N4CCCCC4=O)C3)ncn2)cn1,-5.3974543,-5.9888124,-5.3426805,train
COc1ccc(-c2cc3c(C(=O)O)n[nH]c3cc2Cl)cc1,-6.853404,-6.063181,-5.4015627,train
COc1ccc(-c2cncc(-c3ccc(C(N)=O)cc3)c2)cc1,-4.798096,-5.357946,-4.9879646,train
COc1ccc(-n2ncc3c(=O)n(CC(=O)Nc4cc(C(F)(F)F)ccc4Cl)cnc32)cc1,-5.8473415,-4.241318,-4.9996376,train
COc1ccc(/C=C2\CNC/C(=C\c3ccc(OC)c(OC)c3)C2=O)cc1OC,-4.8741055,-4.595672,-4.704685,train
COc1ccc(C(=O)NCc2nc(C)no2)cc1S(=O)(=O)Nc1ccc(C)cc1,-4.9644494,-4.309662,-4.8324146,train
COc1ccc(CC(=O)N2CCC3(CC2)CN([C@@H]2CCc4cc(-c5cc(C)ncn5)ccc42)C3)c(C#N)c1,-5.342265,-4.8239245,-4.899214,train
COc1ccc(CC(=O)N2CCC3(CC2)CN([C@@H]2CCc4cc(-c5cc(C)ncn5)ccc42)C3)c(C(N)=O)c1,-5.717836,-4.9646335,-5.2393456,train
COc1ccc(CC(=O)N2CCC3(CC2)CN([C@@H]2CCc4cc(-c5cc(C)ncn5)ccc42)C3)c(NC(C)=O)c1,-5.609896,-4.8377914,-5.093356,train
COc1ccc(CC(=O)N2CCC3(CC2)CN([C@@H]2CCc4cc(-c5cc(C)ncn5)ccc42)C3)nc1,-5.110136,-4.8815575,-4.80474,train
COc1ccc(CC(=O)N2CCC3(CC2)CN([C@@H]2CCc4cc(-c5ccncn5)ccc42)C3)nc1,-4.907049,-4.806,-4.7238946,train
COc1ccc(CC(=O)N2CCC3(CC2)CN([C@@H]2CCc4cc(-c5ncc(C)cn5)ccc42)C3)nc1,-4.908607,-4.7014236,-4.6902666,train
COc1ccc(CC(=O)N2CCC3(CC2)CN([C@@H]2CCc4cc(-c5nccc(C)n5)ccc42)C3)nc1,-5.0576425,-4.7474613,-4.770424,train
COc1ccc(CC(=O)N2CCC3(CC2)CN([C@@H]2CCc4cc(-c5ncccn5)ccc42)C3)cc1,-5.159879,-4.7077837,-4.8914976,train
COc1ccc(CCC(=O)N2CCC3(CC2)CN([C@@H]2CCc4cc(-c5cc(C)ncn5)ccc42)C3)c(C(N)=O)c1,-5.718619,-5.1655664,-5.269572,train
COc1ccc(CCN(C)CCCC(C#N)(c2ccc(OC)c(OC)c2)C(C)C)cc1OC,-5.3296003,-4.3438435,-4.6974773,train
COc1ccc(CN(C(=O)c2cn(C)cn2)[C@H]2C[C@H]3CNC[C@H]3C2)cc1OC1CCCC1,-6.1370964,-7.348528,-6.441703,train
COc1ccc(C[C@@H]2CS(=O)(=O)C[C@H](NCc3cccc(C(C)C)c3)[C@H]2O)cc1Br,-5.9520745,-5.508395,-5.1028504,train
COc1ccc(Cc2cc([C@@H]3OC4(COC4)[C@@H](O)[C@H](O)[C@H]3O)ccc2C)cc1,-5.33205,-5.061584,-5.1453133,train
COc1ccc(Cl)c(SC2=C(O)CC(c3c(Cl)ccc(NC4CCOCC4)c3Cl)CC2=O)c1,-5.314846,-5.4731836,-5.1085114,train
COc1ccc(Cl)cc1C(=O)NCCc1ccc(S(=O)(=O)NC(=O)NC2CCCCC2)cc1,-6.1484427,-5.0533075,-5.113326,train
COc1ccc(Cl)cc1OC1CN(S(=O)(=O)c2ccc3[nH]c(=O)oc3c2)C1,-4.6245275,-5.629861,-4.499093,train
COc1ccc(F)c(-c2ccc(Cc3ccc(N4N=C(C(F)(F)F)[C@@H](C)[C@@H]4CC(=O)O)cc3)c(C)c2)c1,-7.2337437,-7.451007,-7.12525,train
COc1ccc(OCC(=O)N2CCC3(CC2)CN([C@@H]2CCc4cc(-c5cc(C)ncn5)ccc42)C3)c(C#N)c1,-5.3318744,-4.8382463,-4.8057914,train
COc1ccc(OCC(=O)N2CCC3(CC2)CN([C@@H]2CCc4cc(-c5cc(C)ncn5)ccc42)C3)c(C(N)=O)c1,-5.6162915,-4.9316955,-5.0804176,train
COc1ccc2c(c1)C(=O)N(CCc1ccc(S(=O)(=O)NC(=O)NC3CCCCC3)cc1)C(=O)C2(C)C,-5.549106,-4.9508705,-4.9902396,train
COc1ccc2ncc(F)c([C@@H](O)CC[C@@H]3CCN(CCSc4cccs4)C[C@@H]3C(=O)O)c2c1,-5.5167494,-5.049567,-5.0279856,train
COc1cccc(-c2nc3c(oc4ccc(Br)cc43)c(=O)[nH]2)c1Cl,-6.691639,-7.011153,-6.634837,train
COc1cccc(C(=O)NC2CC3CCC(C2)N3c2ccc(C(=O)NCc3ccc(N4CCN(C)CC4)cc3)cn2)c1C,-6.8966637,-6.4868655,-6.936237,train
COc1cccc(C(=O)NC2CC3CCC(C2)N3c2ccc(C(=O)NCc3ccccc3)cn2)c1C,-6.5719886,-5.872311,-6.375329,train
COc1cccc(C(=O)NC2CC3CCC(C2)N3c2ccc(C(=O)N[C@@H](C)c3ccc(N4CCN(C)CC4)cc3)cn2)c1C,-6.83554,-6.737803,-6.9486136,train
COc1cccc(C(=O)NC2CC3CCC(C2)N3c2ccc(C(=O)N[C@@H](C)c3ccccc3)cn2)c1C,-6.598867,-6.50686,-6.5649104,train
COc1cccc(C(=O)NC2CC3CCC(C2)N3c2ccc(C(N)=O)cn2)c1C,-6.807637,-6.8637047,-6.8125014,train
COc1cccc(F)c1-c1cc2c(cn1)cnn2-c1cccc(N2CC3CCC(C2)N3C)n1,-4.863667,-4.766203,-4.644703,train
COc1cccc(F)c1-c1cc2c(cn1)cnn2-c1cccc(N2CC[C@H](N(C)C)C2)n1,-4.7447753,-5.2576637,-4.7668734,train
COc1cccc(F)c1-c1cc2c(cn1)cnn2-c1cccc(N2C[C@@H]3C[C@H]2CN3C)n1,-4.698862,-5.39793,-4.7842417,train
COc1ccccc1/C=C1\CNC/C(=C\c2ccccc2OC)C1=O,-4.829126,-4.472383,-4.7382584,train
COc1ccccc1NC(=O)Nc1ccc(CC(=O)N2C[C@@H](F)C[C@H]2COc2ccc(C(=O)O)cc2)cc1OC,-6.429093,-5.585841,-5.6649985,train
COc1ccccc1OC1CN(S(=O)(=O)c2ccc3c(c2)OCO3)C1,-4.1923294,-4.8492813,-4.2088127,train
COc1ccccc1[C@H](Cn1c(=O)n(C(C)(C)C(=O)O)c(=O)c2c(C)c(-c3ncco3)sc21)OC1CCOCC1,-5.325902,-5.6804676,-5.302364,train
COc1cnc(-c2cc(Oc3ccc(S(C)(=O)=O)cc3)cc(OC(C)C)c2)[nH]c1=O,-6.268583,-5.195844,-4.95184,train
COc1cnc(C(=O)Nc2ccc(F)c([C@]34CN(c5ncc(F)cn5)C[C@H]3CSC(N)=N4)c2)cn1,-4.522935,-4.1651697,-4.5266337,train
COc1cncc(-c2ccccc2O[C@H]2C[C@@H]3CNC[C@H]2C3)c1,-4.77886,-5.400983,-4.807455,train
COc1ncc(Cl)c2c1c(=O)cc(CO)n2-c1c(Cl)cccc1Cl,-4.9986095,-4.237996,-4.6998744,train
CP(C)(=O)c1cccc2c(-c3nc(N[C@H]4CCCNC4)ncc3C(F)(F)F)c[nH]c12,-5.2872963,-6.304478,-5.548641,train
CS(=O)(=O)CCCOc1ncc(Cl)c2c1c(=O)cc(CO)n2-c1c(Cl)cccc1Cl,-5.921859,-5.2756095,-5.0020075,train
CS(=O)(=O)N1CCC(n2nnc3cnc4[nH]ccc4c32)CC1,-4.7384405,-5.2727704,-4.6213923,train
CS(=O)(=O)N1CCC2(CC1)CC(C(=O)N1CCN(C3CCC3)CC1)C2,-4.7768683,-5.618772,-4.7231917,train
CS(=O)(=O)NC(=O)Cc1ccc(OC(=O)c2ccc(NC(=N)N)cc2)c2ncnn12,-7.0354195,-6.0862203,-5.847668,train
CS(=O)(=O)NC(=O)c1cc(Cl)c(OCC23CC4CC(CC(C4)C2)C3)cc1F,-8.623383,-5.4153924,-4.995911,train
CS(=O)(=O)NC(=O)c1ccc(-c2cnc(N)c(-c3ccc(Cl)cc3)c2)cc1,-6.853973,-5.92635,-5.4633937,train
CS(=O)(=O)Nc1ccccc1CNc1ccc2[nH]nc(-c3ccc(N4CCNCC4)nc3)c2c1,-6.48108,-5.415982,-5.5954537,train
CS(=O)(=O)Nc1ccccc1CNc1ccc2[nH]nc(-c3ccc(NC4CCNCC4)nc3)c2c1,-6.848311,-7.107987,-6.7912893,train
CS(=O)(=O)Nc1ccccc1CNc1ccc2[nH]nc(-c3ccc(OC4CCNCC4)nc3)c2c1,-6.3629246,-6.729494,-6.3676844,train
CS(=O)(=O)Nc1cncc(-c2ccccc2O[C@@H]2C[C@H]3CNC[C@@H]2C3)c1,-5.9690065,-6.8652706,-6.0860744,train
CS(=O)(=O)Nc1cncc(-c2ccccc2O[C@H]2C[C@@H]3CNC[C@H]2C3)c1,-5.863987,-6.8414264,-5.980595,train
CS(=O)(=O)c1cc(Cl)cc(NS(=O)(=O)c2cc(Br)ccc2O)c1,-5.3571653,-5.0557857,-4.826628,train
CS(=O)(=O)c1cc(NS(=O)(=O)c2cc(Br)ccc2O)cc(S(F)(F)(F)(F)F)c1,-4.8764133,-4.7371244,-4.742619,train
CS(=O)(=O)c1cc(S(F)(F)(F)(F)F)cc(NS(=O)(=O)c2cc(Br)cc(Cl)c2O)c1O,-5.0438867,-5.014913,-4.795189,train
CS(=O)(=O)c1ccc(-c2cc(-c3ccc(C(N)=O)cc3)cnc2N)cc1,-5.7106876,-5.643618,-5.244939,train
CS(=O)(=O)c1ccc(-c2cc(-c3ccc(O)cc3)cnc2N)cc1,-5.178194,-5.216507,-4.9262433,train
CS(=O)(=O)c1ccc(F)cc1CNc1ccc2[nH]nc(-c3ccc(N4CCNCC4)nc3)c2c1,-6.4728174,-5.469147,-5.300802,train
CS(=O)(=O)c1ccc(F)cc1CNc1ccc2[nH]nc(-c3ccccn3)c2c1,-4.796131,-5.0627217,-4.583111,train
CS(=O)(=O)c1cccc(C(=O)O)c1,-5.2099304,-6.11479,-4.6909375,train
CS(=O)(=O)c1cccc(S(=O)(=O)c2ccc(NC(=O)[C@@H]3C[C@H]3c3cccnc3)cc2)c1,-5.318466,-5.949322,-5.04381,train
CS(=O)(=O)c1cccc2c(-c3nc(N[C@H]4CCCNC4)ncc3C(F)(F)F)c[nH]c12,-5.7233343,-6.0887256,-5.25014,train
CS(=O)(=O)c1ccccc1CNc1ccc2[nH]nc(-c3ccc(N4CCNCC4)nc3)c2c1,-6.5234714,-5.326174,-5.2459354,train
C[C@@H](O)[C@H](N/C(=N/S(=O)(=O)c1ccc(Cl)cc1)N1CC(c2ccccc2)C(c2ccc(Cl)cc2)=N1)C(N)=O,-7.060584,-6.0936656,-5.978084,train
C[C@@H](O)c1nc2cnc3[nH]ccc3c2n1C1CCCCC1,-5.566837,-4.574324,-4.8379483,train
C[C@@H](O)c1nc2cnc3[nH]ccc3c2n1C1CCN(CC(F)(F)F)CC1,-4.9325547,-4.875941,-4.8054123,train
C[C@@H](O)c1nc2cnc3[nH]ccc3c2n1C1CCN(CCC#N)CC1,-6.397304,-5.6720967,-5.4378157,train
C[C@@H](O)c1nc2cnc3[nH]ccc3c2n1[C@@H]1CCCN(C(=O)CC#N)C1,-7.532575,-7.15361,-6.652476,train
C[C@@H](O)c1nc2cnc3[nH]ccc3c2n1[C@@H]1CCC[C@@H](O)C1,-6.415274,-7.149166,-6.2507043,train
C[C@@H](O)c1nc2cnc3[nH]ccc3c2n1[C@H]1CCCOC1,-5.582253,-6.258065,-5.40056,train
C[C@@H](O)c1nc2cnc3[nH]ccc3c2n1[C@H]1CC[C@@H](NCC(F)(F)F)C1,-5.251565,-5.5768313,-5.1407137,train
C[C@@H](O)c1nc2cnc3[nH]ccc3c2n1[C@H]1CC[C@H](C#N)CC1,-5.882322,-5.9354343,-5.3819222,train
C[C@@H](O)c1nc2cnc3[nH]ccc3c2n1[C@H]1CC[C@H](CC#N)CC1,-5.758364,-5.801735,-5.271107,train
C[C@@H](O)c1nc2cnc3[nH]ccc3c2n1[C@H]1CC[C@H](CCC#N)CC1,-5.7086864,-5.484553,-5.1541495,train
C[C@@H](O)c1nc2cnc3[nH]ccc3c2n1[C@H]1CC[C@H](NCC(F)(F)F)CC1,-5.5375757,-5.778989,-5.335074,train
C[C@@H](O)c1nc2cnc3[nH]ccc3c2n1[C@H]1CC[C@H](NCC(F)F)CC1,-5.818234,-5.85645,-5.4205656,train
C[C@@H](Oc1ccc(-c2cnc(N)c(-c3ccc(Cl)cc3)c2)cc1)C(=O)O,-5.7284236,-5.468052,-5.0063095,train
C[C@@H]1CCC[C@@](O)(CNC(=O)c2c(Cl)ccc3nc(N4CCC(N(C)C)C4)ccc23)C1,-5.3201156,-6.096525,-5.662995,train
C[C@@H]1CCC[C@@](O)(CNC(=O)c2c(Cl)ccc3nc(N4CC[C@@H](C(C)(C)O)C4)ccc23)C1,-5.3149166,-6.495351,-5.832557,train
C[C@@H]1CCN(C(=O)CC#N)C[C@@H]1N(C)c1ncnc2[nH]ccc12,-5.7989955,-6.356326,-5.417755,train
C[C@@H]1CN(C(=O)OCC(F)(F)F)CCN1c1ncc(OCc2ccncc2C#N)cn1,-4.894974,-5.203774,-4.6891546,train
C[C@@H]1CN(C2COC2)CCN1c1ccc(Nc2cc(-c3ccnc(N4CCn5c(cc6c5CC(C)(C)C6)C4=O)c3CO)cn(C)c2=O)nc1,-5.2837524,-4.9450846,-4.948004,train
C[C@@H]1CN(S(=O)(=O)c2ccc(NC(=O)NCc3cccnc3)cc2)C[C@H](C)O1,-5.0541205,-5.924041,-5.081517,train
C[C@@H]1CN(c2ccc(Nc3cc(-c4ccnc(N5CCn6c(cc7c6CC(C)(C)C7)C5=O)c4CO)cn(C)c3=O)nc2)[C@@H](C)CN1C1COC1,-5.324729,-5.1295514,-4.9790945,train
C[C@@H]1CN(c2ncc(C(=O)NC3C4CC5CC3CC(O)(C5)C4)c(C3CCCC3)n2)C[C@H](C)O1,-5.197307,-4.6490874,-4.7041664,train
C[C@@H]1CN(c2ncc(C(=O)NC3C4CC5CC3CC(O)(C5)C4)c([C@H]3CCCO3)n2)C[C@H](C)O1,-5.0666404,-4.6613865,-4.6970215,train
C[C@@H]1COC(=O)N1c1cn2c(n1)-c1ccc(N3CCC[C@H]3C(N)=O)cc1OCC2,-5.62268,-6.11195,-5.6009603,train
C[C@@H]1C[C@H]1COC(C)(C)[C@@H]1C[C@H]1[C@]12CN(c3ncccn3)C[C@H]1CSC(N)=N2,-4.363684,-4.610137,-4.529089,train
C[C@@H]1Cc2c([nH]c3cc(F)ccc23)[C@@H](c2c(F)cc(NC3CN(CCCF)C3)cc2F)N1CC(F)(F)CO,-5.7238483,-5.9316425,-5.74425,train
C[C@@H]1Cc2c([nH]c3cccc(F)c23)[C@@H](c2c(F)cc(NC3CN(CCCF)C3)cc2F)N1CC(F)(F)CO,-5.6195726,-5.817131,-5.6196356,train
C[C@@H]1Cc2c([nH]c3ccccc23)[C@@H](c2c(F)cc(OC3CN(CCCF)C3)cc2F)N1CC(C)(C)F,-5.8185077,-6.4075537,-5.9162474,train
C[C@@H]1Cc2c([nH]c3ccccc23)[C@@H](c2c(F)cc(OCCN3CC(CF)C3)cc2F)N1C(=O)C(C)(C)F,-5.771108,-6.245508,-5.880672,train
C[C@@H]1Cc2c([nH]c3ccccc23)[C@@H](c2ccc(OCCN3CC(CF)C3)cc2)N1S(C)(=O)=O,-5.8901386,-5.876365,-5.243845,train
C[C@@H]1Cc2c(ccc3[nH]ncc23)[C@@H](c2c(F)cc(/C=C/C(=O)O)cc2F)N1CC(C)(F)F,-5.0096436,-5.339231,-5.1523385,train
C[C@@H]1OCC2(CCN(c3cnc4c(-c5cccc(Cl)c5Cl)n[nH]c4n3)CC2)[C@@H]1N,-4.769398,-5.2861195,-4.9669085,train
C[C@@H]1[C@@H]2CN(c3nc(Nc4cnn(C)c4)ncc3F)C[C@]12NC(=O)[C@@H]1CC1(F)F,-4.586517,-5.2108755,-4.7724485,train
C[C@@H]1[C@@H]2CN(c3nc(Nc4cnn(C)c4)ncc3F)C[C@]12NC(=O)[C@@H]1C[C@H]1C#N,-4.901169,-5.5580564,-5.046421,train
C[C@@H]1[C@@H]2CN(c3nc(Nc4cnn(C)c4)ncc3F)C[C@]12NC(=O)[C@H]1C[C@@H]1C#N,-4.9626036,-5.791198,-5.1535997,train
C[C@@H]1[C@@H]2CN(c3nc(Nc4cnn(CCO)c4)ncc3F)C[C@]12NC(=O)[C@H]1C[C@@H]1C#N,-5.8059926,-6.5341187,-5.7409463,train
C[C@@]1(CO)Cc2cc(NC(=O)c3cnn4cccnc34)c(N3CCOCC3)cc2O1,-4.8075914,-4.9925084,-4.83763,train
C[C@@]1(NC(=O)c2cc(CN3CCC(C#N)(c4ccccn4)CC3)c3ccccn3c2=O)CCCC[C@H]1O,-4.6508875,-4.855836,-4.6092463,train
C[C@@]1(c2cc(-c3cncnc3)c(F)cc2F)CCSC(N)=N1,-4.3154974,-4.585245,-4.4735126,train
C[C@@]1(c2cc(NC(=O)c3ccc(C#N)cn3)ccc2F)C=CSC(N)=N1,-4.7147512,-4.6508927,-4.68552,train
C[C@@]1(c2cc(NC(=O)c3ccc(C#N)cn3)ccc2F)CCSC(N)=N1,-4.576514,-4.255972,-4.564302,train
C[C@@]12Cc3[nH]nc(C(=O)Nc4cnn([C@H](c5ccccc5)C5CCS(=O)(=O)CC5)c4)c3C[C@@H]1C2,-5.410638,-6.1500816,-5.206649,train
C[C@@]12Cc3[nH]nc(C(=O)Nc4cnn([C@H](c5ccccc5)[C@H]5CCCCS5(=O)=O)c4)c3C[C@@H]1C2(F)F,-5.4691706,-6.6634927,-5.5607314,train
C[C@H](CO)CONC(=O)c1ncc2cncn2c1Nc1ccc(I)cc1F,-4.978364,-5.8911157,-4.9820538,train
C[C@H](N)C1(O)CN(C(=O)c2ccc(F)c(F)c2Nc2ccc(I)cc2F)C1,-7.0210066,-7.0790296,-7.076182,train
C[C@H](N/C(=N\S(=O)(=O)c1ccc(Cl)cc1)N1CC(c2ccccc2)C(c2ccc(Cl)cc2)=N1)C(N)=O,-6.69287,-5.836339,-5.749704,train
C[C@H](NC(=O)O[C@H](Cn1ccc(-c2ccc(C(F)(F)F)cc2)n1)C(C)(C)C)C(=O)CNS(=O)(=O)c1ccccn1,-7.0093184,-7.1349077,-6.5719404,train
C[C@H](NC(=O)c1ccc(N2C3CCC2CC(NC(=O)c2ccc(C(N)=O)c(NC4CCC4)c2)C3)nc1)c1ccc(N2CCN(C)CC2)cc1,-7.172801,-7.469409,-7.64332,train
C[C@H](Nc1ccc2c(c1)OCCn1cc(N3C(=O)OC[C@H]3C(F)(F)F)nc1-2)C(N)=O,-6.014092,-6.1957345,-5.854758,train
C[C@H](Nc1ccc2c(c1)OCCn1cc(N3C(=O)OC[C@H]3C(F)F)nc1-2)C(N)=O,-6.0772967,-6.087844,-5.812184,train
C[C@H](Nc1nccc(Nc2cc(C3CC3)[nH]n2)n1)c1cc2cc[nH]c2cn1,-6.1661034,-5.691385,-5.410265,train
C[C@H](Nc1nccc(Nc2cc(C3CC3)[nH]n2)n1)c1ccc2[nH]ccc2n1,-6.226905,-5.5383086,-5.323362,train
C[C@H](Nc1nccc(Nc2cc(C3CC3)[nH]n2)n1)c1ccc2[nH]cnc2c1,-6.5938506,-6.635335,-6.0938563,train
C[C@H](Nc1nccc(Nc2cc(C3CC3)[nH]n2)n1)c1nc2cc[nH]c2cc1F,-6.1286526,-5.378219,-5.310562,train
C[C@H](Nc1nccc(Nc2cc([C@@H]3C[C@H]3F)[nH]n2)n1)c1ccc2[nH]ccc2n1,-5.4509697,-5.4943995,-5.180873,train
C[C@H](Nc1nccc(Nc2cc([C@H]3C[C@@H]3F)[nH]n2)n1)c1ccc2[nH]ccc2n1,-5.625175,-5.480609,-5.2732725,train
C[C@H](O)CN1C(=O)c2c3c(c(O)c(=O)n2[C@@]12CC[C@H]1C[C@H]12)C(=O)N(Cc1ccc(F)c(Cl)c1)CC3,-5.058308,-5.0770926,-4.848145,train
C[C@H](Oc1cc2cc(C(N)=O)ccc2nc1N)c1cc2[nH]ncc2cc1-n1cccn1,-5.824546,-6.201827,-5.943172,train
C[C@H](Oc1cc2cc(F)ccc2nc1N)c1[nH]c(=O)ccc1-n1cccn1,-5.052591,-4.882135,-4.7221875,train
C[C@H](Oc1ccc(-c2cnc(N)c(-c3ccc(Cl)cc3)c2)cc1)C(=O)O,-5.6883245,-5.684688,-5.096282,train
C[C@H](Oc1ccc2c(c1)OCCn1cc(-c3nc(CO)nn3CC(F)(F)F)nc1-2)C(N)=O,-6.5459995,-6.036111,-5.7649055,train
C[C@H](c1nc2cnc(N3CCC[C@@H](C(=O)N4CCCC4)C3)nc2[nH]1)n1cc(Cl)cn1,-5.395188,-5.0176525,-5.0101905,train
C[C@H]1CCC[C@@](O)(CNC(=O)c2c(Cl)ccc3nc(N4CC[C@@H](F)C4)ccc23)C1,-4.8848367,-5.5999565,-5.0901103,train
C[C@H]1CCN1c1nc(N2C[C@@H]3[C@@H](CC(=O)O)[C@@H]3C2)cc(C(F)(F)F)n1,-4.310994,-5.1500945,-4.605849,train
C[C@H]1CN(C2COC2)CCN1c1ccc(Nc2cc(-c3ccnc(N4CCn5c(cc6c5CC(C)(C)C6)C4=O)c3CO)cn(C)c2=O)nc1,-5.2418146,-4.940432,-4.924332,train
C[C@H]1CN(C2COC2)CCN1c1ccc(Nc2cc(-c3ccnc(N4CCn5c(cc6c5CC(C)(C)C6)C4=O)c3CO)nn(C)c2=O)nc1,-5.279354,-5.0176864,-4.9414845,train
C[C@H]1CN(C2COC2)CCN1c1cnc(Nc2cc(-c3ccnc(N4CCn5c(cc6c5CC(C)(C)C6)C4=O)c3CO)cn(C)c2=O)cn1,-5.2852445,-4.995179,-4.944993,train
C[C@H]1COCCN1c1nc(-c2cnc(N)nc2)c2c(n1)N([C@@]1(C)CCN(C(=O)C(C)(C)N)C1)CC2,-5.3584766,-5.763071,-5.3170986,train
C[C@H]1C[C@H]2CSC(N)=N[C@@]2(c2cc(C#N)ccc2F)CO1,-4.3534107,-4.748879,-4.446095,train
C[C@H]1OC(=O)[C@]2(N)CC(F)(F)[C@@H](C)[C@H](/C=C/c3ccc(-c4ccccc4C#N)cn3)[C@H]12,-4.488701,-4.9046817,-4.593152,train
C[C@H]1O[C@@H](O[C@H]2[C@@H](O)C[C@H](O[C@H]3[C@@H](O)C[C@H](O[C@H]4CC[C@@]5(C)[C@H](CC[C@@H]6[C@@H]5C[C@@H](O)[C@]5(C)[C@@H](C7=CC(=O)OC7)CC[C@]65O)C4)O[C@@H]3C)O[C@@H]2C)C[C@H](O)[C@@H]1O,-6.7618895,-4.961777,-6.4119964,train
C[C@H]1[C@@H](O)O[C@@H]2O[C@@]3(C)CC[C@H]4[C@H](C)CC[C@@H]1[C@@]24OO3,-4.5852895,-5.155916,-4.765431,train
C[C@H]1[C@@H](Oc2ccc(/C=C/C(=O)N3CCN(c4cccc(C(F)(F)F)c4)CC3)cc2)O[C@@H]2O[C@@]3(C)CC[C@H]4[C@H](C)CC[C@@H]1[C@@]24OO3,-5.692644,-5.0675554,-5.740846,train
C[C@H]1[C@@H](Oc2ccc(CN3CCN(c4ccc(F)cc4)CC3)cc2)O[C@@H]2O[C@@]3(C)CC[C@H]4[C@H](C)CC[C@@H]1[C@@]24OO3,-5.634472,-5.780096,-5.7968187,train
C[C@H]1[C@H](F)C[C@@H](C(=O)NCc2cc(-c3cnc(C(F)(F)F)nc3)ncc2C(F)(F)F)N1S(=O)(=O)c1ccc(F)cc1,-4.860844,-4.504313,-4.7107587,train
C[C@H]1[C@H](F)C[C@@H](C(=O)NCc2cc(-c3cnc(C(F)(F)F)nc3)ncc2F)N1S(=O)(=O)c1ccc(F)cc1,-4.764698,-4.488763,-4.6791344,train
C[C@H]1[C@H](F)C[C@@H](C(=O)NCc2cc(-c3cnc(C(F)(F)F)nc3)ncn2)N1S(=O)(=O)c1ccc(F)cc1,-5.0076203,-5.029945,-4.8457894,train
C[C@H]1[C@H](O)CN1c1nc(N2C[C@@H]3[C@@H](CC(=O)O)[C@@H]3C2)cc(C(F)(F)F)c1C#N,-5.6650205,-6.0370674,-5.4804015,train
C[C@H]1[C@H](O)CN1c1nc(N2C[C@@H]3[C@@H](CC(=O)O)[C@@H]3C2)cc(C(F)(F)F)n1,-5.7596703,-6.3670874,-5.6529,train
C[C@H]1[C@H]2C(=O)N(C)c3ccncc3[C@H]2CN1S(=O)(=O)c1ccc2c(c1)OCO2,-4.614786,-5.121555,-4.5345154,train
C[C@H]1c2cccc(CCC(C)(C)O)c2C[C@H](CO)N1C(=O)Cc1c(Cl)cccc1Cl,-5.114439,-5.1779523,-4.9380283,train
C[C@]1(CN2CCc3nc(-c4ccc(F)cc4)ccc3C2)Cn2cc([N+](=O)[O-])nc2O1,-5.2614775,-5.7202053,-5.177639,train
C[C@]1(CO)Cc2cc(NC(=O)c3cnn4cccnc34)c(N3CCOCC3)cc2O1,-4.864935,-5.3027563,-4.8970904,train
C[C@]1(COc2ccc(N3CCC(Oc4ccc(OC(F)(F)F)cc4)CC3)cc2)Cn2cc([N+](=O)[O-])nc2O1,-5.9960256,-7.0816927,-6.29615,train
Cc1c(C(=O)N2CCC3(CC2)CC3CNC(=O)N2Cc3ccncc3C2)cnn1C,-6.3174887,-7.4449763,-6.4580793,train
Cc1c(C(=O)N2CCOc3ccc(-c4ccc(N)nc4)cc3C2)ccc(S(C)(=O)=O)c1F,-6.5042295,-6.538659,-6.283913,train
Cc1c(C(=O)O)cnn1-c1nc(-c2cccc(C(F)(F)F)c2)cs1,-5.6837673,-5.3460855,-4.785453,train
Cc1c(CN2CCN(C(=O)C3CCCC3)[C@@H](C)C2)cc(F)cc1NC(=O)c1cccc(C#N)c1,-5.039239,-4.8737545,-4.922241,train
Cc1c(CN2CCN(C(=O)C3CCCC3)[C@@H](C)C2)cc(F)cc1NS(=O)(=O)c1ccc(F)cc1,-4.887951,-4.9364443,-4.8633122,train
Cc1c(CN2CCN(C(=O)CC3CC3)[C@@H](C)C2)cc(F)cc1NS(=O)(=O)c1ccc(F)cc1,-4.8833513,-4.983994,-4.863759,train
Cc1c(Cc2ccc(-c3ccn(C)n3)cc2)cc(C(=O)N[C@H]2CCCC[C@@H]2O)c(=O)n1C,-4.878865,-4.7925735,-4.7287755,train
Cc1c(Cc2ccc(-c3cocn3)cc2)cc(C(=O)N[C@H]2CCCC[C@@H]2O)c(=O)n1C,-4.5996723,-4.726377,-4.605152,train
Cc1c(Cc2ccc(-c3cscn3)cc2)cc(C(=O)N[C@H]2CCCC[C@@H]2O)c(=O)n1C,-4.676311,-4.678715,-4.615451,train
Cc1c(Cc2ccc(-n3cccn3)cc2)cc(C(=O)N[C@H]2CCCC[C@@H]2O)c(=O)n1C,-4.637615,-4.8079286,-4.6472254,train
Cc1c(F)cccc1NC(=O)Nc1ccc(CC(=O)N2C[C@@H](F)C[C@H]2COc2ccc(C(=O)O)cc2)cc1Cl,-6.168895,-5.465635,-5.492478,train
Cc1c2cc(C#N)cc1NS(=O)(=O)CCCCC[C@H]1CN(CCN1C(=O)C(C)C)C2,-4.87813,-5.511705,-4.672358,train
Cc1c2cc(F)cc1NS(=O)(=O)CCCCC1CN(CCN1C(=O)CC1CC1)C2,-5.0350103,-5.4144206,-4.6265407,train
Cc1c2cc(F)cc1NS(=O)(=O)CCCCCC1CN(CCN1C(=O)CC1CC1)C2,-5.0001907,-5.324268,-4.6064663,train
Cc1c2cc(F)cc1NS(=O)(=O)CCCCC[C@H]1CN(CCN1C(=O)C(C)C)C2,-4.7169743,-5.501884,-4.604534,train
Cc1c2cc(F)cc1NS(=O)(=O)N(C)CCCCC1CN(CCN1C(=O)CC1CC1)C2,-4.9000225,-5.172381,-4.6464257,train
Cc1c2cc(F)cc1NS(=O)(=O)NCCCCC1CN(CCN1C(=O)CC1CC1)C2,-5.1165295,-5.777854,-4.7901096,train
Cc1c2cccc1NS(=O)(=O)CCCCC[C@H]1CN(CCN1C(=O)C(C)C)C2,-4.611272,-5.4590445,-4.5428863,train
Cc1cc(-c2ccc(=O)n(C)c2C)cc2cn(C3CCNCC3)nc12,-5.4483833,-4.834641,-5.2427335,train
Cc1cc(-c2ccc3c(c2)CC[C@H]3N2CC3(CCN(C(=O)Cc4cn5cc(C)sc5n4)CC3)C2)ncn1,-5.2793455,-4.8009357,-4.928047,train
Cc1cc(-c2ccc3c(c2)CC[C@H]3N2CC3(CCN(C(=O)Cc4nn(C)c5ncccc45)CC3)C2)ncn1,-5.1734147,-5.150176,-4.9725223,train
Cc1cc(=O)c2c(F)cncc2n1-c1c(Cl)cc(C#CCN2CCOCC2)cc1Cl,-4.586857,-4.3122377,-4.6348467,train
Cc1cc(=O)c2c(F)cncc2n1-c1c(Cl)cc(C#CCO)cc1Cl,-4.680784,-4.251516,-4.5681605,train
Cc1cc(=O)c2c(F)cncc2n1-c1c(Cl)cc(C#N)cc1Cl,-4.6696978,-4.762391,-4.6683908,train
Cc1cc(=O)c2c(OCC(O)CC(O)CO)ncc(Cl)c2n1-c1c(Cl)cccc1Cl,-5.8816643,-4.8718767,-5.045574,train
Cc1cc(=O)c2c(OCC(O)COCC(O)CO)ncc(Cl)c2n1-c1c(Cl)cccc1Cl,-5.436636,-5.2433577,-4.971597,train
Cc1cc(=O)c2c(OCCO)ncc(Cl)c2n1-c1c(Cl)cccc1Cl,-5.005486,-4.0659256,-4.674696,train
Cc1cc(C(=O)O)ccc1CN1CCC[C@H](O[C@H](CO)c2cc(Cl)cc(Cl)c2)[C@@H]1c1ccccc1,-4.666998,-5.2299128,-4.8842764,train
Cc1cc(C(F)(F)F)ccc1-c1cccc2cc(S(=O)(=O)Nc3ncns3)ccc12,-5.9929523,-5.2970037,-5.229052,train
Cc1cc(C(N)=O)c(NC2CCCC2)cc1C(=O)NC1CC2CCC(C1)N2c1ccc(C(=O)C2CC2)cn1,-6.8115773,-6.1615825,-6.7203255,train
Cc1cc(C(N)=O)c(NCC2CC2)cc1C(=O)NC1CC2CCC(C1)N2c1ccc(C(=O)C2CC2)cn1,-6.624731,-6.072932,-6.446097,train
Cc1cc(C(N)=O)ccc1C(=O)NC1CC2CCC(C1)N2c1ccc(C(=O)NCc2ccccc2)cn1,-7.5075083,-7.457755,-7.7171545,train
Cc1cc(C)c(CN2CCc3c(Cl)cc(-c4c(C)noc4C)c(Cl)c3C2=O)c(=O)[nH]1,-5.315886,-4.6821957,-4.962024,train
Cc1cc(C)c(CN2CCc3c(Cl)cc(C(CO)C4CCOC4)c(Cl)c3C2=O)c(=O)[nH]1,-5.4943566,-5.0972705,-5.2382455,train
Cc1cc(C)c(CN2CCc3c(Cl)cc(C(CO)C4CCOCC4)c(Cl)c3C2=O)c(=O)[nH]1,-5.4842005,-5.172895,-5.2717977,train
Cc1cc(C)c(CN2CCc3c(Cl)cc(C(CO)c4ccon4)c(Cl)c3C2=O)c(=O)[nH]1,-5.6314435,-5.1901336,-5.1745167,train
Cc1cc(C)c(CN2CCc3c(Cl)cc([C@@H](CO)[C@@H]4CCCO4)c(Cl)c3C2=O)c(=O)[nH]1,-4.987856,-4.875363,-5.0057726,train
Cc1cc(C)c(CN2CCc3c(Cl)cc([C@@H](CO)[C@@H]4CCOC4)c(Cl)c3C2=O)c(=O)[nH]1,-5.1426554,-5.003333,-5.1795783,train
Cc1cc(C)c(CN2CCc3c(Cl)cc([C@@H](CO)[C@H]4CCCO4)c(Cl)c3C2=O)c(=O)[nH]1,-5.0200057,-4.9043665,-5.053297,train
Cc1cc(C)c(CN2CCc3c(Cl)cc([C@H](C)CO)c(Cl)c3C2=O)c(=O)[nH]1,-5.1456475,-4.915147,-4.971887,train
Cc1cc(C)c(CN2CCc3c(Cl)cc([C@H](CO)[C@@H]4CCCO4)c(Cl)c3C2=O)c(=O)[nH]1,-4.902935,-4.8959007,-4.9271765,train
Cc1cc(C)c(CN2CCc3c(Cl)cc([C@H](CO)[C@H]4CCOC4)c(Cl)c3C2=O)c(=O)[nH]1,-5.121251,-5.0454383,-5.17022,train
Cc1cc(CC(=O)N2C[C@@H](F)C[C@H]2COc2ccc(C(=O)O)cc2)ccc1NC(=O)Nc1ccccc1Br,-5.8993173,-5.4054813,-5.398174,train
Cc1cc(CC(=O)N2C[C@@H](F)C[C@H]2COc2ccc(C(=O)O)cc2)ccc1NC(=O)Nc1ccccc1Cl,-6.2849946,-5.435846,-5.5164495,train
Cc1cc(CO)ccc1C(=O)NC1CC2CCC(C1)N2c1ccc(C(=O)NCc2ccccc2)cn1,-7.0465035,-6.9605536,-7.221034,train
Cc1cc(F)c(C(=O)N[C@H]2CCOC[C@@H]2O)cc1Cc1ccc(-n2cccn2)cc1,-4.624071,-5.1083827,-4.8069053,train
Cc1cc(F)c(NC(=O)NCCC(C)(C)C)cc1-c1ccc2c(=O)n(C)ncc2c1,-5.0065217,-3.8836436,-4.9487367,train
Cc1cc(F)c(NC(=O)c2cccc(C(C)(C)C#N)c2)cc1-c1cnc2c(=O)n(C)ncc2c1,-4.945127,-4.962411,-4.829567,train
Cc1cc(F)cc(C)c1Oc1ccc(C(C)(C)O)cc1-c1cn(C)c(=O)c2[nH]c(C(=O)NC(C)(C)C(F)(F)F)cc12,-6.492477,-6.3950686,-6.254567,train
Cc1cc(F)cc(C)c1Oc1ccc(C(C)(C)O)cc1-c1cn(C)c(=O)c2[nH]c(C(=O)NC3(C)CC3(F)F)cc12,-6.300822,-6.193137,-6.1856246,train
Cc1cc(F)cc(C)c1Oc1ccc(C(C)(C)O)cc1-c1cn(C)c(=O)c2[nH]c(C(=O)NC34CC(C3)C4)cc12,-6.2625184,-5.751196,-5.799505,train
Cc1cc(F)cc(C)c1Oc1ccc(C(C)(C)O)cc1-c1cn(C)c(=O)c2[nH]c(C(=O)NC3CC3)cc12,-6.069653,-5.9226108,-5.985639,train
Cc1cc(F)ccc1NC(=O)Nc1ccc(CC(=O)N2C[C@@H](F)C[C@H]2COc2ccc(C(=O)O)cc2)cc1Cl,-6.120628,-5.4101677,-5.476848,train
Cc1cc(NC(=O)Nc2ccccc2C)c(Cl)cc1CC(=O)N1C[C@@H](F)C[C@H]1COc1ccc(C(=O)O)cc1,-6.2563233,-5.303505,-5.490587,train
Cc1cc(NC(=O)Nc2ccccc2Cl)c(Cl)cc1CC(=O)N1C[C@@H](F)C[C@H]1COc1ccc(C(=O)O)cc1,-6.32726,-5.3483663,-5.428962,train
Cc1cc(NC(=O)c2ccc(CN3CCCC3)cc2)nn1Cc1cc(Cl)ccc1OCC(C)C,-6.458274,-5.7762628,-5.9866385,train
Cc1cc(NC(=O)c2cnn3ccc(N)nc23)n(-c2cccc(Cl)c2)n1,-5.294279,-5.1127005,-5.00811,train
Cc1cc(NC(=O)c2cnn3cccnc23)n(-c2cccc(Cl)c2)n1,-5.1573467,-4.470036,-4.814679,train
Cc1ccc(C(=O)NCc2cn(C)nn2)cc1S(=O)(=O)Nc1ccc(Cl)cc1,-4.8785043,-4.4374876,-4.8376384,train
Cc1ccc(CC(=O)N2CCC3(CC2)CN([C@@H]2CCc4cc(-c5cc(C)ncn5)ccc42)C3)nc1,-4.9796014,-4.9346294,-4.775983,train
Cc1ccc(CC(C)(C)NC[C@@H](O)CO[C@H](C)c2ccccc2-c2ccc(C(=O)O)c(C)c2)cc1F,-5.6803656,-5.38484,-5.0944653,train
Cc1ccc(N2CCN(Cc3cc(C(=O)N[C@H]4CCCC[C@@H]4O)c(=O)n4ccccc34)CC2)nc1,-4.6614842,-5.0607734,-4.6288137,train
Cc1ccc(N2CCOc3ncnc(N)c3C2=O)cc1,-4.5136533,-5.259367,-4.678392,train
Cc1ccc(NC(=O)C2(c3ccc4c(c3)OC(F)(F)O4)CC2)nc1-c1cccc(C(=O)O)c1,-4.68652,-4.896198,-4.679935,train
Cc1ccc(NC(=O)N2CCN(Cc3sc4ccccc4c3C)CC2)nc1,-5.192818,-4.8435597,-4.8532515,train
Cc1ccc(NC(=O)c2cc(Oc3ccc(S(C)(=O)=O)cc3)c3c(c2)OC(C)(C)C3)nc1,-5.7078257,-5.5414867,-4.969996,train
Cc1ccc(NC(=O)c2cc(Oc3ccc(S(C)(=O)=O)cc3)cc(OC(C)C)c2)nc1,-6.5296535,-5.477528,-5.058129,train
Cc1ccc(NC(=O)c2ccc(CN3CCN(C)CC3)cc2)cc1Nc1nccc(-c2cccnc2)n1,-5.0607557,-5.2243133,-5.2064557,train
Cc1ccc(NS(=O)(=O)c2cc(C(=O)NCc3cccnc3)ccc2C)cc1,-4.752428,-4.0661182,-4.8372445,train
Cc1ccc(NS(=O)(=O)c2cc(C(=O)NCc3nc(C)no3)ccc2C)cc1,-4.9226894,-4.299909,-4.8244467,train
Cc1ccc(Oc2cncc3sc(-c4nn[nH]n4)cc23)cc1,-4.914553,-5.4606643,-4.904962,train
Cc1ccc(S(=O)(=O)N(CCN2CCCCC2)CC(O)c2cc(C(F)(F)F)nc3c(C(F)(F)F)cccc23)cc1,-6.414117,-5.641582,-5.236642,train
Cc1ccc(S(=O)(=O)c2ccc(CNC(=O)c3cc4ccncc4o3)nc2)cn1,-4.7522426,-5.8277392,-4.9110866,train
Cc1ccc2[nH]c(N[C@H]3CNC[C@@H]3OC(=O)c3ccc(-c4ccccc4)cc3)nc2c1,-5.3341727,-5.790289,-5.4897046,train
Cc1cccc(-c2ccc(/C=C/[C@@H]3[C@@H]4[C@@H](C)OC(=O)[C@]4(O)CC(F)(F)[C@H]3C)nc2)c1C#N,-4.4078164,-4.3416967,-4.516577,train
Cc1cccc(C)c1Oc1ccc(C(C)(C)O)cc1-c1cn(C)c(=O)c2[nH]c(C(=O)NC(C)(C)C)cc12,-5.5482197,-5.7571273,-5.5435305,train
Cc1cccc(F)c1-c1cc2c(cnn2-c2ccc(N3CCN(C)CC3)cc2)cc1C#N,-5.1658745,-4.60128,-4.828289,train
Cc1cccc([C@H](CCN(C)C)n2cc(NC(=O)c3n[nH]c4c3CCC(C)(C)C4)cn2)c1,-5.1138496,-5.5689697,-5.373585,train
Cc1ccccc1NC(=O)Nc1cc(F)c(CC(=O)N2C[C@@H](F)C[C@H]2COc2ccc(C(=O)O)cc2)cc1Cl,-6.2729187,-5.31361,-5.453362,train
Cc1ccccc1NC(=O)Nc1ccc(CC(=O)N2CCOC[C@H]2C(=O)N2CCC(CC(=O)O)CC2)cc1,-7.245092,-7.3693247,-7.2118683,train
Cc1ccccc1NC(=O)Nc1ccc(CC(=O)N2C[C@@H](F)C[C@H]2COc2ccc(C(=O)O)cc2)cc1Br,-5.8763146,-5.372679,-5.369743,train
Cc1ccccc1NC(=O)Nc1ccc(CC(=O)N2C[C@@H](F)C[C@H]2COc2ccc(C(=O)O)cc2)cc1C,-6.279931,-5.543234,-5.673842,train
Cc1ccccc1NC(=O)Nc1ccc(CC(=O)N2C[C@@H](F)C[C@H]2COc2ccc(C(=O)O)cc2)cc1Cl,-6.2492747,-5.412363,-5.4941893,train
Cc1ccccc1OCCN1CCN(CC(=O)Nc2nccs2)CC1,-6.120865,-6.994135,-6.5899615,train
Cc1ccncc1C(=O)N1CCC2(CC1)CC2CNC(=O)N1Cc2ccncc2C1,-6.0057487,-6.9567785,-6.156457,train
Cc1cn2cc(CC(=O)N3CCC4(CC3)CN([C@@H]3CCc5cc(-c6ncccn6)ccc53)C4)nc2s1,-5.2023134,-4.744195,-4.859398,train
Cc1cnc(-c2cc(Oc3ccc(S(=O)(=O)N(C)C)cc3)cc(O[C@@H](C)CO)c2)[nH]c1=O,-6.252063,-5.414733,-5.081957,train
Cc1cnc(-c2cc(Oc3cnc(C(=O)N(C)C)nc3)cc(OC(C)C)c2)[nH]c1=O,-4.7216563,-4.9055552,-4.704753,train
Cc1cnc(C(=O)NCCc2ccc(S(=O)(=O)NC(=O)NC3CCCCC3)cc2)cn1,-5.633503,-5.014468,-4.960076,train
Cc1cnc(C(=O)N[C@H]2CCCC[C@@H]2O)cc1Cc1ccc(-n2cccn2)cc1,-4.542014,-4.6009173,-4.590676,train
Cc1cnc(C(=O)N[C@H]2CCOC[C@@H]2O)cc1Cc1ccc(-c2cocn2)cc1,-4.549353,-5.0868483,-4.6845326,train
Cc1cnc(C(=O)N[C@H]2CCOC[C@@H]2O)cc1Cc1ccc(-c2cscn2)cc1,-4.606862,-4.974035,-4.677507,train
Cc1cnc(C(=O)N[C@H]2CCOC[C@@H]2O)cc1Cc1ccc(-n2cccn2)cc1,-4.5827036,-5.092974,-4.7285123,train
Cc1cnc(N)nc1OCC(C)(C)C,-4.236304,-4.456239,-4.3894625,train
Cc1cnc(N)nc1OCC(C)(C)CO,-4.368189,-4.866754,-4.4346266,train
Cc1cnc(NC(=O)[C@H](CO[C@H](C)CO)Oc2ncnc3c2cnn3-c2c(Cl)cccc2C#N)cn1,-7.647045,-7.4624634,-7.0526276,train
Cc1cnc(NS(=O)(=O)c2cc(Cl)c(NCC34CCCN3CCC4)cc2F)s1,-5.835494,-4.66934,-5.174947,train
Cc1cnc2c(C(=O)N[C@H]3C4CC5CC3C[C@](C#N)(C5)C4)cnn2c1,-4.746194,-3.7706168,-4.413309,train
Cc1cnc2c(C(=O)N[C@H]3C4CC5CC3C[C@](O)(C5)C4)cnn2c1,-4.9286323,-4.9622025,-4.5142207,train
Cc1cncc(-c2cc3c(-c4cccc(N5CCCNCC5)n4)n[nH]c3cn2)n1,-5.452491,-5.8552923,-5.247704,train
Cc1cnn2ncn(Cc3nc([C@H]4[C@@H]5CN(c6cccc(Cl)c6)C[C@@H]54)no3)c(=O)c12,-4.3589187,-4.260776,-4.623749,train
Cc1csc(-c2cccc(CNc3ccc4[nH]nc(C(=O)O)c4c3)c2O)n1,-7.342138,-5.613361,-5.4210744,train
Cc1csc(NS(=O)(=O)c2cc(Cl)c(NCC34CCCN3CCC4)cc2F)n1,-6.1423764,-4.541612,-5.1979065,train
Cc1n[nH]c2cc(OCCNC[C@H](O)c3cccc(NS(=O)(=O)C4CCC4)c3)ccc12,-6.104521,-5.565954,-5.1644297,train
Cc1n[nH]c2cc(OCCNC[C@H](O)c3cccc(NS(=O)(=O)c4ccccc4)c3)ccc12,-6.2398233,-5.603267,-5.238736,train
Cc1n[nH]c2cc(OCCNC[C@H](O)c3cccc(NS(C)(=O)=O)c3)ccc12,-6.3179464,-5.958315,-5.3984537,train
Cc1n[nH]cc1-c1cnc(N)c(O[C@@H](C)c2cc(F)ccc2-n2cccn2)c1,-4.636143,-4.7981124,-4.725127,train
Cc1nc(-c2cccc(CN(C)c3ccc4[nH]nc(C(=O)O)c4c3)c2)sc1C,-7.011154,-5.208779,-5.2077374,train
Cc1nc(-c2cccc(CNc3ccc4[nH]nc(C(=O)O)c4c3)c2O)sc1C,-6.9757776,-5.340434,-5.2551074,train
Cc1nc(-c2cn3c(n2)-c2cc([C@@H](C)N4CCN(C(C)(C)C)CC4)c(C)cc2OCC3)n(C(C)C)n1,-5.1627955,-5.122652,-4.9026537,train
Cc1nc(-c2cn3c(n2)-c2cc([C@@H](C)N4CCN(C(C)(C)C)CC4)c(F)cc2OCC3)n(C(C)C)n1,-5.179016,-5.1738057,-4.9015207,train
Cc1nc(-c2cn3c(n2)-c2cc([C@H](C)N4CCN(C(C)(C)C)CC4)ncc2OCC3)n(C(C)C)n1,-5.172387,-5.2725477,-4.9341674,train
Cc1nc(C)c(-c2ccc(-c3ccc(CC(=O)O)cc3Cl)c(Cl)c2)nc1C(N)=O,-6.3457966,-6.6219683,-6.6063957,train
Cc1nc(C)c(-c2ccc(-c3ccc(CC(=O)O)cc3Cl)cc2)nc1C(N)=O,-6.4584913,-7.0726,-6.8315377,train
Cc1nc(C)c(-c2ccc(-c3ccc([C@H](C)C(=O)O)cc3Cl)c(F)c2)nc1C(N)=O,-6.1671395,-7.006967,-6.6082683,train
Cc1nc(C)c(-c2ccc(-c3ccc([C@H](C)C(=O)O)cc3Cl)cc2)nc1C(N)=O,-6.325219,-7.113392,-6.7522244,train
Cc1nc(C)c(-c2ccc(C34CCC(C(=O)O)(CC3)CC4)cc2)nc1C(N)=O,-4.76042,-5.2428107,-4.81716,train
Cc1nc(C)c(-c2ccc([C@H]3CC[C@H](CC(=O)O)CC3)cc2)nc1C(N)=O,-4.8615212,-5.9669724,-5.1746845,train
Cc1nc(C)c(-c2ccc([C@H]3CC[C@H](CC(N)=O)CC3)cc2)nc1C(N)=O,-4.822984,-5.381702,-4.9970007,train
Cc1nc(C)c(C(=O)N2CCC3(CC2)CC3CNC(=O)N2Cc3ccncc3C2)o1,-6.0712404,-6.527011,-5.822501,train
Cc1nc(C)n(CC(=O)N2CCN(c3sc(C(F)(F)F)nc3-c3nc4c(F)cccc4[nH]3)C[C@H]2C)n1,-5.310418,-5.524006,-5.0586185,train
Cc1nc(C)n(CC(=O)N2CCN(c3sc(C(F)(F)F)nc3-c3nc4ccccc4[nH]3)C[C@H]2C)n1,-5.237085,-5.594675,-5.0691314,train
Cc1nc(N2C[C@H](N)[C@@H](N3CC(F)(F)CCC3=O)C2)cc(N2CCC(F)(F)C2)n1,-5.1863284,-5.6178265,-5.071949,train
Cc1nc(NS(=O)(=O)c2cc(Cl)c(NCC34CCCN3CCC4)cc2F)sc1F,-5.9722557,-4.4006715,-5.110426,train
Cc1nc([C@@H]2CCOC2)c2c(N3CCc4c(c(C5CC5)nn4C)C3)ncnn12,-4.75579,-5.176422,-4.732298,train
Cc1nc2c(s1)CC[C@H]2C(=O)Nc1ccc(C[C@@H]2CC[C@H]([C@H](O)c3ccccc3)N2)cc1,-4.9665103,-5.0231676,-4.8591366,train
Cc1nc2c(s1)CC[C@H]2C(=O)Nc1ccc(C[C@@H]2CC[C@H]([C@H](O)c3cccnc3)N2)cc1,-5.001609,-5.1883054,-4.9575768,train
Cc1nc2ccccc2n1C1CC2CCC(C1)N2CCC1(c2ccccc2)CCN(C(=O)C(C)(C)C(=O)NS(C)(=O)=O)CC1,-9.148748,-8.780691,-8.97842,train
Cc1nc2ccccc2n1C1CC2CCC(C1)N2CCC1(c2ccccc2)CCN(C(=O)C(C)(C)CO)CC1,-6.6475725,-6.739057,-6.9716206,train
Cc1nc2ccccc2n1C1CC2CCC(C1)N2CCC1(c2ccccc2)CCN(C(=O)C(C)(C)c2nnn[nH]2)CC1,-8.1665745,-8.853943,-8.823047,train
Cc1nc2ccccc2n1C1CC2CCC(C1)N2CCC1(c2ccccc2)CCN(C(=O)c2ccc3c(c2)CC(=O)NS3(=O)=O)CC1,-8.370569,-7.98402,-8.224788,train
Cc1nc2ccccc2n1C1CC2CCC(C1)N2CCC1(c2ccccc2)CCN(C(=O)c2cccc(C(=O)NO)c2)CC1,-7.769336,-9.167899,-8.855309,train
Cc1nc2ccccc2n1C1CC2CCC(C1)N2CCC1(c2ccccc2)CCN(C(=O)c2cccc(C(=O)O)c2)CC1,-7.807914,-8.546578,-8.369629,train
Cc1nc2ccccc2n1C1CC2CCC(C1)N2CCC1(c2ccccc2)CCN(C(=O)c2cccc(C(N)=O)c2)CC1,-8.025628,-7.6911607,-8.419862,train
Cc1nc2ccccc2n1C1CC2CCC(C1)N2CCC1(c2ccccc2)CCN(C(=O)c2ccccc2C(=O)O)CC1,-7.9175673,-8.385212,-8.307365,train
Cc1nc2cnc(Nc3ccnc(-c4cnn(S(=O)(=O)C5CC5)c4)n3)cc2n1C(C)C,-5.051225,-4.7281165,-4.706203,train
Cc1nc2cnc(Nc3ccnc(N4CC[C@H](O)[C@H](F)C4)n3)cc2n1C(C)C,-4.6148443,-4.1711917,-4.5592,train
Cc1nc2cnc3[nH]ccc3c2n1C1CCCCC1,-4.5786457,-3.777625,-4.585899,train
Cc1nc2cnc3[nH]ccc3c2n1C1CCN(CCC#N)CC1,-5.0771976,-4.662567,-4.97246,train
Cc1nc2cnc3[nH]ccc3c2n1C1CCN(Cc2ccccc2)CC1,-4.678832,-4.120911,-4.76781,train
Cc1nc2cnc3[nH]ccc3c2n1C1CCNCC1(F)F,-4.9061546,-5.59311,-5.053119,train
Cc1nc2cnc3[nH]ccc3c2n1C1CCOCC1,-4.5386543,-5.2367787,-4.766723,train
Cc1nc2cnc3[nH]ccc3c2n1[C@@H]1CCCC[C@H]1O,-4.789975,-5.0756235,-4.8031917,train
Cc1nc2cnc3[nH]ccc3c2n1[C@@H]1CCC[C@@H](O)C1,-5.228352,-5.9488125,-5.3207393,train
Cc1nc2cnc3[nH]ccc3c2n1[C@@H]1CCNC[C@H]1F,-5.1145163,-5.5248036,-5.1500006,train
Cc1nc2cnc3[nH]ccc3c2n1[C@@H]1CC[C@@H](O)C1,-5.2562604,-6.07825,-5.382658,train
Cc1nc2cnc3[nH]ccc3c2n1[C@H]1CCCNC1,-5.649725,-6.460424,-5.8723845,train
Cc1nc2cnc3[nH]ccc3c2n1[C@H]1CCC[C@@H](O)C1,-5.050272,-5.5397882,-5.1681523,train
Cc1nc2cnc3[nH]ccc3c2n1[C@H]1CC[C@@H](O)C1,-5.0097256,-5.7338743,-5.177018,train
Cc1nc2cnc3[nH]ccc3c2n1[C@H]1CC[C@@H](O)CC1,-5.2015324,-5.833847,-5.330273,train
Cc1nc2cnc3[nH]ccc3c2n1[C@H]1CC[C@H](O)CC1,-5.511417,-6.500585,-5.6766872,train
Cc1nc2nc(-c3cccnc3)nn2c(C)c1CC(=O)Nc1cccc(C(F)(F)F)c1,-4.7937107,-5.159196,-5.0585437,train
Cc1ncc(-c2ccc(C(C(=O)NO)c3ccccc3F)cc2)cn1,-5.7749944,-7.44095,-6.4574075,train
Cc1ncncc1-c1ccc(C(C(=O)NO)c2ccccc2F)cc1,-5.853047,-7.442479,-6.5092964,train
Cc1nn(-c2ccccn2)c2c1C(=O)CC(C)(C)C2Br,-4.5968075,-4.480286,-4.578165,train
Cc1nn(-c2cnc(OCC(C)C)c(Cl)c2)c2ccc(C(=O)NS(C)(=O)=O)cc12,-7.563771,-6.0138817,-5.4624357,train
Cc1nn(C)cc1C(=O)N1CCC2(CC1)CC2CNC(=O)N1Cc2ccncc2C1,-6.431199,-7.4140935,-6.412393,train
Cc1nnc(C[C@H]2CC[C@H](c3ccc(N4CCOc5ncnc(N)c5C4=O)cc3)CC2)[nH]1,-5.0132823,-5.5891786,-5.172047,train
Cc1nnc(C[C@H]2CC[C@H](c3ccc(N4CCOc5ncnc(N)c5C4=O)cc3)CC2)n1C,-5.0647335,-6.1909947,-5.3958755,train
Cc1nnc(C[C@H]2CC[C@H](c3ccc(N4CCOc5ncnc(N)c5C4=O)cc3)CC2)o1,-4.556058,-6.014083,-4.933757,train
Cc1nnc(C[C@H]2CC[C@H](c3ccc(N4CCOc5ncnc(N)c5C4=O)cc3)CC2)s1,-4.594055,-5.737523,-4.8646092,train
Cc1noc(C)c1-c1ccc2c(-c3nc(N[C@H]4CCCNC4)ncc3C(F)(F)F)c[nH]c2c1,-5.284319,-5.962454,-5.4612327,train
Cc1noc(C)c1-c1ccc2c(-c3nc(N[C@H]4CCCNC4)ncc3C(F)(F)F)c[nH]c2n1,-5.1473107,-5.7179756,-5.1896224,train
Cc1noc(CC[C@H]2CC[C@H](c3ccc(N4CCOc5ncnc(N)c5C4=O)cc3)CC2)n1,-4.7306414,-5.6690097,-4.934045,train
Cc1noc(CNC(=O)c2ccc(C)c(S(=O)(=O)Nc3ccc(-c4ccno4)cc3)c2)n1,-5.467258,-4.970768,-5.086528,train
Cc1noc(CNC(=O)c2ccc(C)c(S(=O)(=O)Nc3ccc(Cl)cc3)c2)n1,-4.97196,-4.197272,-4.857309,train
Clc1c(CNc2nccc(Nc3cc(C4CC4)[nH]n3)n2)ccc2[nH]cnc12,-6.553079,-5.7238135,-5.341575,train
Clc1cc(Cl)cc(CO[C@H]2CCCN(Cc3ncc[nH]3)[C@H]2c2ccccc2)c1,-5.2644057,-5.707058,-5.5375924,train
Clc1ccc(Oc2cncc3sc(-c4nn[nH]n4)cc23)cc1,-5.0973525,-5.548992,-4.9901524,train
Clc1cnc(N[C@H]2CCCNC2)nc1-c1c[nH]c2ccccc12,-4.8463483,-5.668525,-5.021867,train
Cn1c(-c2ccc(Cl)cc2)cnc1-c1ccc(C(N)=O)cc1,-5.3417797,-5.0746756,-5.14707,train
Cn1c(=O)c2c(ncn2C)n(C)c1=O,-4.6272326,-5.586912,-4.737204,train
Cn1c(N2CCOCC2)nc2cc(N3CCC(CO)CC3)c(NC(=O)c3cnn4cccnc34)cc21,-5.432142,-5.8372974,-5.253891,train
Cn1cc(-c2cc(-c3ccc(C(=O)O)cc3)cnc2N)cn1,-4.916153,-6.2198644,-5.1462975,train
Cn1cc(-c2cc(C(N)=O)ccc2Oc2ccccc2)c2cc[nH]c2c1=O,-5.137859,-5.2045407,-4.9513626,train
Cn1cc(-c2cc(NS(=O)(=O)CC(F)(F)F)ccc2Oc2ccccc2)c2cc[nH]c2c1=O,-4.888156,-4.382537,-4.751448,train
Cn1cc(-c2cc(NS(C)(=O)=O)ccc2OC2CCC(F)(F)CC2)c2cc[nH]c2c1=O,-4.8447204,-4.934594,-4.8425183,train
Cn1cc(-c2cc(NS(C)(=O)=O)ccc2OC2CCOCC2)c2cc[nH]c2c1=O,-5.029378,-5.963743,-5.2433043,train
Cn1cc(-c2cc(NS(C)(=O)=O)ccc2Oc2ccc(F)cc2Cl)c2cc[nH]c2c1=O,-5.1210694,-4.3396893,-4.9340897,train
Cn1cc(-c2cc(NS(C)(=O)=O)ccc2Oc2ccc(F)cc2F)c2cc[nH]c2c1=O,-4.8579874,-4.570588,-4.847114,train
Cn1cc(-c2cc(NS(C)(=O)=O)ccc2Oc2ccccc2C(F)(F)F)c2cc[nH]c2c1=O,-4.899152,-4.267813,-4.797049,train
Cn1cc(-c2cc(S(C)(=O)=O)ccc2Oc2ccc(F)cc2F)c2cc(C(N)=O)[nH]c2c1=O,-5.8033566,-5.576671,-5.2705183,train
Cn1cc(-c2cc(S(C)(=O)=O)ccc2Oc2ccccc2)c2cc[nH]c2c1=O,-4.697553,-4.6843104,-4.5152574,train
Cn1cc(-c2cc(S(N)(=O)=O)ccc2Oc2ccccc2)c2cc[nH]c2c1=O,-4.712353,-5.485029,-4.7358437,train
Cn1cc(-c2ccccc2Oc2ccccc2)c2cc[nH]c2c1=O,-4.6435437,-4.502917,-4.570594,train
Cn1cc(-c2ccnc(-n3ncc4cc(C(C)(C)C)cc(F)c4c3=O)c2CO)cc(NC(=O)C2CC2)c1=O,-5.697334,-3.597287,-4.9157996,train
Cn1cc(-c2ccnc(-n3ncc4cc(C(C)(C)C)cc(F)c4c3=O)c2CO)cc(NC(=O)[C@@H]2C[C@H]2F)c1=O,-4.9357142,-3.4987283,-4.747305,train
Cn1cc(-c2ccnc(-n3ncc4cc(C(C)(C)C)cc(F)c4c3=O)c2CO)cc(NC(=O)[C@H]2C[C@@H]2F)c1=O,-5.0880632,-3.6925998,-4.841121,train
Cn1cc(-c2ccnc(-n3ncc4cc(C(C)(C)C)cc(F)c4c3=O)c2CO)cc(NC(=O)[C@H]2C[C@H]2F)c1=O,-5.0753355,-3.6022148,-4.811638,train
Cn1cc(-c2ccnc(N3CCn4c(cc5c4CC(C)(C)C5)C3=O)c2CO)cc(Nc2ccc(C3CN(C4COC4)C3)cn2)c1=O,-5.330106,-4.9841037,-4.883408,train
Cn1cc(-c2ccnc(N3CCn4c(cc5c4CC(C)(C)C5)C3=O)c2CO)cc(Nc2ccc(N3CCN(CCC(F)(F)F)CC3)cn2)c1=O,-5.284082,-4.7383137,-4.8432155,train
Cn1cc(-c2cn3nccc3c(-c3cnn(C4(CC#N)CN(CC#N)C4)c3)n2)cn1,-5.5746274,-4.8731685,-4.8429046,train
Cn1cc(-c2cn3nccc3c(-c3cnn(C4(CC#N)CN(CC(F)(F)F)C4)c3)n2)cn1,-4.7850256,-4.752467,-4.6664534,train
Cn1cc(-c2cn3nccc3c(-c3cnn(C4(CC#N)CN(CC5CC5)C4)c3)n2)cn1,-5.020727,-4.593422,-4.688329,train
Cn1cc(-c2cn3nccc3c(-c3cnn(C4(CC#N)CN(CCO)C4)c3)n2)cn1,-5.8362484,-5.1688657,-5.065333,train
Cn1cc(-c2cn3nccc3c(-c3cnn([C@]4(CC#N)C[C@@H](C#N)C4)c3)n2)cn1,-4.8579335,-4.9579873,-4.7043242,train
Cn1cc(-c2cn3nccc3c(-c3cnn([C@]4(CC#N)C[C@@H](CC#N)C4)c3)n2)cn1,-5.008042,-4.836463,-4.74034,train
Cn1cc(-c2cn3nccc3c(-c3cnn([C@]4(CC#N)C[C@H](C#N)C4)c3)n2)cn1,-5.14694,-4.9854627,-4.8174424,train
Cn1cc(-c2cn3nccc3c(-c3cnn([C@]4(CC#N)C[C@H](CC#N)C4)c3)n2)cn1,-5.270147,-4.9737945,-4.856132,train
Cn1cc(C(=O)O)c2ccc(N3CCC(OCc4c(-c5c(Cl)cccc5Cl)noc4C4CC4)CC3)cc21,-5.1256113,-5.1978693,-4.986706,train
Cn1cc(NC(=O)c2ccc3ccc(N[C@@H]4CCCC[C@@H]4N)nn23)c(C#N)n1,-4.9456673,-4.887262,-4.729641,train
Cn1cc(NC(=O)c2ccc3ccc(N[C@@H]4CCCC[C@@H]4N)nn23)c(C(F)(F)F)n1,-4.6871257,-4.613519,-4.648218,train
Cn1cc(NC(=O)c2ccc3ccc(N[C@@H]4CCCNC4)nn23)c(C(F)(F)F)n1,-4.654884,-4.1255374,-4.5638533,train
Cn1cc(NC(=O)c2ccc3ccc(N[C@@H]4CCCNC4)nn23)c(C(F)F)n1,-4.89005,-4.2800508,-4.5879817,train
Cn1cc(NC(=O)c2ccc3cnc(N[C@@H]4CC(F)(F)CC[C@@H]4N)nn23)c(C(F)F)n1,-4.7924223,-4.842947,-4.675269,train
Cn1cc(NC(=O)c2ccc3cnc(N[C@@H]4CCCCNC4)nn23)c(C(F)F)n1,-4.648066,-4.3688774,-4.6031957,train
Cn1cc(NC(=O)c2ccc3cnc(N[C@@H]4CCCC[C@@H]4N)nn23)c(C(F)(F)F)n1,-4.6374784,-4.6269536,-4.651165,train
Cn1cc(NC(=O)c2ccc3cnc(N[C@@H]4CCCC[C@@H]4N)nn23)c(C(F)F)n1,-4.7431326,-4.6877856,-4.65897,train
Cn1cc(NC(=O)c2ccc3cnc(N[C@@H]4CCCNC4)nn23)c(C(F)(F)F)n1,-4.594047,-4.36615,-4.599956,train
Cn1cc(NC(=O)c2ccc3cnc(N[C@@H]4CCCNC4)nn23)c(C(F)F)n1,-4.7821207,-4.5236783,-4.6214275,train
Cn1cc(NC(=O)c2cnn3ccc(CCCN)nc23)c(C(N)=O)n1,-6.425886,-6.4838066,-6.086206,train
Cn1cc(NC(=O)c2cnn3ccc(N4CCNCC4)nc23)c(C(F)(F)F)n1,-4.6499567,-3.547093,-4.6410995,train
Cn1cc(NC(=O)c2cnn3ccc(N4CCNCC4)nc23)c(C(F)F)n1,-4.9367995,-3.7965074,-4.7038507,train
Cn1cc(NC(=O)c2cnn3ccc(N4C[C@H](N)CC(F)(F)C4)nc23)c(C(F)(F)F)n1,-4.7542844,-5.290882,-4.764636,train
Cn1cc(NC(=O)c2cnn3ccc(N4C[C@H](N)C[C@@H](F)C4)nc23)c(C(F)(F)F)n1,-4.6509833,-4.7666636,-4.695799,train
Cn1cc(NC(=O)c2cnn3ccc(NC4CCCCC4)nc23)c(C(F)(F)F)n1,-4.349819,-3.0559897,-4.451396,train
Cn1cc(NC(=O)c2cnn3ccc(N[C@@H]4CC(F)(F)CC[C@@H]4N)nc23)c(C(F)(F)F)n1,-4.742778,-4.6306295,-4.7523537,train
Cn1cc(NC(=O)c2cnn3ccc(N[C@@H]4CC(F)(F)CC[C@@H]4N)nc23)c(C(F)F)n1,-4.8435493,-4.7067976,-4.749397,train
Cn1cc(NC(=O)c2cnn3ccc(N[C@@H]4CCCC(F)(F)[C@@H]4N)nc23)c(C(F)(F)F)n1,-4.672551,-4.606561,-4.7256613,train
Cn1cc(NC(=O)c2cnn3ccc(N[C@@H]4CCCC[C@@H]4N)nc23)c(-c2ccncc2)n1,-5.154043,-6.2075777,-5.5895147,train
Cn1cc(NC(=O)c2cnn3ccc(N[C@@H]4CCCC[C@@H]4N)nc23)c(-c2cncnc2)n1,-5.092362,-5.9552336,-5.3863883,train
Cn1cc(NC(=O)c2cnn3ccc(N[C@@H]4CCCC[C@@H]4N)nc23)c(-c2nnco2)n1,-4.892326,-5.9511657,-5.2074428,train
Cn1cc(NC(=O)c2cnn3ccc(N[C@@H]4CCCC[C@@H]4N)nc23)c(C#N)n1,-4.9490223,-5.0364056,-4.843267,train
Cn1cc(NC(=O)c2cnn3ccc(N[C@@H]4CCCC[C@@H]4N)nc23)c(C(F)(F)C(F)(F)F)n1,-5.0082293,-4.64125,-4.83245,train
Cn1cc(NC(=O)c2cnn3ccc(N[C@@H]4CCCC[C@@H]4N)nc23)c(C(F)(F)F)n1,-4.668576,-4.4763036,-4.7317047,train
Cn1cc(NC(=O)c2cnn3ccc(N[C@@H]4CCCC[C@@H]4N)nc23)c(Cl)n1,-4.8443646,-5.102641,-4.8745,train
Cn1cc(NC(=O)c2cnn3ccc(N[C@@H]4CCCC[C@@H]4N)nc23)cn1,-4.9403687,-5.94717,-5.1997366,train
Cn1cc(NC(=O)c2cnn3ccc(N[C@@H]4CCCC[C@@H]4O)nc23)c(C(F)F)n1,-4.364815,-3.351339,-4.4530888,train
Cn1cc(NC(=O)c2cnn3ccc(N[C@@H]4CCCNC4)nc23)c(C(F)(F)F)n1,-4.623531,-4.062411,-4.652714,train
Cn1cc(NC(=O)c2cnn3ccc(N[C@@H]4CCCNC4)nc23)c(C(F)F)n1,-4.827336,-4.295635,-4.69033,train
Cn1cc(NC(=O)c2cnn3ccc(N[C@H]4CCCC[C@H]4N)nc23)c(C(N)=O)n1,-5.554038,-6.0486503,-5.7686253,train
Cn1cc(NC(=O)c2cnn3cccnc23)c(-c2cc(Cl)ccc2Cl)n1,-4.6061516,-4.1089215,-4.6752934,train
Cn1cc(NC(=O)c2cnn3cccnc23)c(-c2cc(Cl)ccc2OC(F)F)n1,-4.3454323,-4.091652,-4.539293,train
Cn1cc(NC(=O)c2cnn3cccnc23)c(C(N)=O)n1,-4.473962,-4.335777,-4.631239,train
Cn1cc(NC(=O)c2csc3ncc(N[C@@H]4CCCC[C@@H]4N)nc23)c(C#N)n1,-5.122566,-4.806283,-4.804605,train
Cn1cc(NC(=O)c2csc3ncc(N[C@@H]4CCCC[C@@H]4N)nc23)c(Cl)n1,-5.0110216,-4.8330684,-4.8247833,train
Cn1cc(NC(=O)c2csc3ncc(N[C@@H]4CCCNC4)nc23)c(C(F)(F)F)n1,-4.8739996,-4.194602,-4.6332464,train
Cn1cc(NC(=O)c2csc3ncc(N[C@@H]4CCCNC4)nc23)c(C(F)F)n1,-5.0968122,-4.253255,-4.650608,train
Cn1ccc(-c2cn3nccc3c(-c3cnn([C@]4(CC#N)C[C@H](C#N)C4)c3)n2)n1,-5.3846335,-5.083337,-4.8761797,train
Cn1ccc(-c2n[nH]c3ccc(NCc4cc(F)ccc4S(C)(=O)=O)cc23)n1,-5.5401697,-5.3907847,-4.8217554,train
Cn1ccc([C@H]2C[C@@H](C(F)(F)F)CCN2[C@H]2CCOc3cc(S(=O)(=O)Nc4ccncn4)c(F)cc32)n1,-5.811687,-5.849302,-5.6007786,train
Cn1ccnc1-c1ccc(C(C(=O)NO)c2ccccc2F)cc1,-5.944342,-7.649205,-6.659547,train
Cn1cnc(-c2ccc(O[C@H]3CCN(C(=O)Cc4ccc(OC(F)(F)F)cc4)C[C@@H]3F)c(C(N)=O)c2)c1,-5.224984,-5.120231,-5.1509776,train
Cn1cnc(C(=O)N(Cc2ccc(F)c(C(F)(F)F)c2)[C@@H]2C[C@H]3CNC[C@H]3C2)c1,-6.1261992,-7.034966,-6.4046316,train
Cn1cnc(C(=O)N(Cc2ccc(F)c(OC3CCCC3)c2)[C@H]2C[C@H]3CNC[C@H]3C2)c1,-5.8967233,-7.127381,-6.311796,train
Cn1cnc(C(=O)N(Cc2cccc(OC(F)(F)F)c2)[C@@H]2C[C@@H]3CN(CC(C)(C)O)C[C@@H]3C2)c1,-4.696951,-5.1555834,-4.8087654,train
Cn1cnc(C(=O)N(Cc2cccc(OC(F)(F)F)c2)[C@@H]2C[C@@H]3CN(CC(O)c4ccccc4)C[C@@H]3C2)c1,-4.8552475,-5.28106,-4.968009,train
Cn1cnc(C(=O)N(Cc2cccc(OC(F)(F)F)c2)[C@@H]2C[C@@H]3CN(CCC(F)(F)F)C[C@@H]3C2)c1,-4.5374746,-4.8442883,-4.7771993,train
Cn1cnc(C(=O)N(Cc2cccc(OC3CCCC3)c2)[C@H]2C[C@H]3CNC[C@H]3C2)c1,-5.8864965,-7.219351,-6.33818,train
Cn1cnc2ncn(Cc3nc([C@@H]4CO[C@@H](c5ccc(Cl)cc5)C4)no3)c(=O)c21,-4.642411,-4.622895,-4.719934,train
Cn1cnc2ncn(Cc3nc([C@H]4[C@@H]5CN(c6cc(Cl)ccn6)C[C@@H]54)no3)c(=O)c21,-4.417239,-4.6035156,-4.749193,train
Cn1cnc2ncn(Cc3nc([C@H]4[C@@H]5CN(c6cccc(Cl)c6)C[C@@H]54)no3)c(=O)c21,-4.382371,-4.305104,-4.6919274,train
Cn1cnc2ncn(Cc3nn(C[C@H](F)c4ccc(Cl)cc4)c(=O)o3)c(=O)c21,-4.775337,-5.7535186,-4.9544835,train
Cn1cnc2ncn(Cc3nn([C@H]4C[C@H](c5ccc(Cl)cc5)C4)c(=O)o3)c(=O)c21,-4.6706867,-5.5299435,-4.9263062,train
Cn1cnc2ncn(Cc3nn([C@H]4C[C@H](c5ccccc5)C4)c(=O)o3)c(=O)c21,-4.674361,-5.8920984,-4.9832354,train
Cn1ncc(-c2ccc(C(=O)N(c3ncccc3Cl)[C@@H]3CCCNC3)cc2)c1C(=O)O,-7.3082857,-6.8029165,-6.3297386,train
Cn1ncc(NC(=O)c2csc(-c3c(F)cccc3F)n2)c1N1CCC[C@H](N)CC1,-5.669565,-6.8080406,-6.066766,train
Cn1ncc(NC(=O)c2nc(-c3c(F)cccc3F)sc2N)c1C1CCC(N)C(F)CC1,-5.24076,-5.3328905,-5.181003,train
Cn1ncc(NC(=O)c2nc(-c3c(F)cccc3F)sc2N)c1N1CCCC(N)C(F)C1,-5.507913,-5.630575,-5.3688617,train
Cn1ncc(NC(=O)c2nc(-c3c(F)cccc3F)sc2N)c1N1CCCC(O)CC1,-5.4903016,-5.504201,-5.154962,train
Cn1ncc(NC(=O)c2nc(-c3c(F)cccc3F)sc2N)c1N1CCCNCC1,-5.581811,-5.4860616,-5.3185015,train
Cn1ncc(NC(=O)c2nc(-c3c(F)cccc3F)sc2N)c1N1CCC[C@H](N)CC1,-5.915299,-6.9344673,-6.348599,train
Cn1ncc(NC(=O)c2nc(-c3c(F)cccc3F)sc2N)c1N1CC[C@@H](N)C(F)(F)CC1,-5.7049956,-6.597927,-6.0411496,train
Cn1ncc(NC(=O)c2nc(-c3c(F)cccc3F)sc2N)c1N1CC[C@@H](N)[C@@H](O)CC1,-6.259993,-6.872829,-6.620989,train
Cn1ncc(NC(=O)c2nc(-c3c(F)cccc3F)sc2N)c1N1CC[C@@H](N)[C@H](F)CC1,-5.4329433,-5.9135704,-5.562144,train
Cn1ncc(NC(=O)c2nc(-c3c(F)cccc3F)sc2N)c1N1CC[C@@](C)(N)CC(F)(F)C1,-5.740687,-5.5043416,-5.23863,train
Cn1ncc(NC(=O)c2nc(-c3c(F)cccc3F)sc2N)c1[C@@]12CC[C@@H](N)[C@@H](CC1)O2,-5.644646,-6.1700363,-5.9872794,train
Cn1ncc2c(-c3ccc(S(C)(=O)=O)cc3)nc(-c3cccc4[nH]ncc34)nc21,-5.4256334,-5.6746483,-5.051833,train
Cn1ncc2c(Nc3ccc(S(C)(=O)=O)cc3)nc(-c3cccc4[nH]ncc34)nc21,-6.2055554,-7.423825,-6.339529,train
Cn1ncc2c(Oc3ccc(S(C)(=O)=O)cc3)cc(-c3cccc4[nH]ncc34)nc21,-4.9985743,-5.450416,-4.7860293,train
Cn1ncc2c(Oc3ccc(S(C)(=O)=O)cc3)nc(-c3cccc4[nH]ncc34)nc21,-4.905737,-6.1561823,-5.1415086,train
Cn1nccc1-c1cc(C(F)(F)F)ccc1-c1cccc2cc(S(=O)(=O)Nc3ncns3)ccc12,-6.267115,-5.6859612,-5.444032,train
Cn1nccc1-c1cc(C(F)(F)F)ccc1-c1cn(C)c2cc(S(=O)(=O)Nc3ncns3)ccc12,-6.2714915,-5.748185,-5.449704,train
Cn1nccc1-c1nc(Nc2n[nH]c3ccccc23)c2c(n1)C(C)(C)OC2,-4.8133073,-5.166449,-4.792486,train
Cn1nccc1[C@H]1C[C@@H](C(F)(F)F)CCN1[C@H]1CCOc2cc(S(=O)(=O)Nc3ccncn3)c(F)cc21,-5.835078,-5.916612,-5.6509976,train
FC(F)(F)Oc1ccc(Oc2cncc3sc(-c4nnn[nH]4)cc23)cc1,-5.471487,-5.483226,-5.109761,train
FC(F)(F)c1cnc(N[C@H]2CCCNC2)nc1-c1c[nH]c2ccccc12,-4.911359,-5.908941,-5.1400366,train
Fc1ccc(Oc2cncc3sc(-c4nnn[nH]4)cc23)cc1,-5.309635,-5.562237,-5.1071014,train
Fc1ccncc1-c1ccccc1O[C@H]1C[C@@H]2CNC[C@H]1C2,-4.7353497,-5.66411,-4.92501,train
Fc1cncc(-c2ccccc2O[C@H]2C[C@@H]3CNC[C@H]2C3)c1,-4.703102,-5.6865654,-4.8565173,train
Ic1ccc(Oc2cncc3sc(-c4nn[nH]n4)cc23)cc1,-4.936367,-5.627782,-4.956455,train
N#CC1(c2cc(NS(=O)(=O)c3cc(Br)cc(Cl)c3O)c(O)c(C(=O)O)c2)CCC1,-5.444577,-5.776218,-5.062738,train
N#CC1(c2cc(Nc3nc[nH]n3)c(O)c(NS(=O)(=O)c3cc(Br)ccc3O)c2)CCC1,-4.9710937,-4.852004,-4.7373967,train
N#CC1(c2ccc(O)c(NS(=O)(=O)c3cc(Br)ccc3O)c2)CCC1,-4.8347516,-4.831732,-4.6514783,train
N#CC1(c2ccccc2)CCN(Cc2cc(C(=O)N[C@H]3CCCC[C@@H]3O)c(=O)n3ccccc23)CC1,-4.636652,-4.4377975,-4.5202026,train
N#CC1(c2ccccn2)CCN(Cc2cc(C(=O)NC3CCCCC3(F)F)c(=O)n3ccccc23)CC1,-4.5293365,-4.8541865,-4.5287776,train
N#CC1(c2ccccn2)CCN(Cc2cc(C(=O)NC3CCCCC3)c(=O)n3ccccc23)CC1,-4.610823,-4.3509007,-4.5184636,train
N#CC1(c2ccccn2)CCN(Cc2cc(C(=O)NC3CCOCC3)c(=O)n3ccccc23)CC1,-4.5258284,-5.3400145,-4.6215944,train
N#CC1(c2ccccn2)CCN(Cc2cc(C(=O)N[C@H]3CCCC[C@@H]3F)c(=O)n3ccccc23)CC1,-4.499275,-4.7042766,-4.4841347,train
N#CC1(c2ccccn2)CCN(Cc2cc(C(=O)N[C@H]3CCCC[C@@H]3O)c(=O)n3ccccc23)CC1,-4.523674,-4.538268,-4.4472175,train
N#CC1(c2ccccn2)CCN(Cc2cc(C(=O)O)c(=O)n3ccccc23)CC1,-4.906121,-5.5095515,-4.6904635,train
N#CCC(=O)N1CCC[C@@H](n2cnc3cnc4[nH]ccc4c32)C1,-6.534561,-6.8943152,-6.0446534,train
N#CCC(=O)N1CCC[C@@H](n2nnc3cnc4[nH]ccc4c32)C1,-6.29131,-5.8549247,-5.271199,train
N#CCCN1CCC(n2cnc3cnc4[nH]ccc4c32)CC1,-5.037437,-4.611533,-4.959837,train
N#CCCN1CCC(n2nnc3cnc4[nH]ccc4c32)CC1,-5.0670724,-4.6154585,-4.91133,train
N#CCCN[C@H]1CC[C@H](n2cnc3cnc4[nH]ccc4c32)CC1,-5.5996537,-6.3050804,-5.7679152,train
N#CCCN[C@H]1CC[C@H](n2nnc3cnc4[nH]ccc4c32)CC1,-5.2467937,-5.5075603,-5.1981916,train
N#CC[C@H]1CC[C@H](c2ccc(N3CCOc4ncnc(N)c4C3=O)cc2)CC1,-4.6847677,-5.5808,-4.8426046,train
N#CC[C@]1(n2cc(-c3nc(-c4cc[nH]n4)cn4nccc34)cn2)C[C@@H](C#N)C1,-4.906944,-5.0020638,-4.7035637,train
N#CC[C@]1(n2cc(-c3nc(-c4cc[nH]n4)cn4nccc34)cn2)C[C@H](C#N)C1,-5.1702175,-5.0097017,-4.811249,train
N#CN=C(NCCCCCCOc1ccc(Cl)cc1)Nc1ccncc1,-6.64516,-5.1448417,-5.2086906,train
N#C[C@H]1CCC[C@H]1Nc1nc(-c2cn[nH]c2)nc2c(=O)[nH]ccc12,-6.2711506,-7.5303535,-6.6351886,train
N#C[C@]12CC3CC(C1)[C@@H](NC(=O)c1cnn4cc(Cl)cnc14)C(C3)C2,-4.9393096,-3.7604854,-4.4209538,train
N#Cc1cc(Cl)c(C(=O)Nc2ccnc(NC(=O)C3CC3)c2)c(Cl)c1,-5.37355,-4.230526,-5.0363564,train
N#Cc1cc(Cl)c(C(=O)Nc2ccnc(NC(=O)[C@H]3C[C@H]3F)c2)c(Cl)c1,-4.8921986,-4.4771714,-4.919862,train
N#Cc1cc(F)c(C(=O)Nc2ccnc(NC(=O)[C@H]3C[C@H]3F)c2)c(Cl)c1,-4.794916,-4.4446955,-4.844734,train
N#Cc1ccc(-c2cc(-c3ccc(C(=O)O)cc3)cnc2N)cc1,-4.7572184,-5.5339913,-4.871914,train
N#Cc1ccc(C(=O)Nc2ccc(F)c([C@]3(CF)CCSC(N)=N3)c2)nc1,-4.624664,-4.4775763,-4.606265,train
N#Cc1ccc(N2CCN(Cc3cc(C(=O)N[C@H]4CCCC[C@@H]4O)c(=O)n4ccccc34)CC2)cc1,-4.767375,-5.35733,-4.730627,train
N#Cc1ccc(N2N=C(N3CCC(C(=O)N4CCC(O)CC4)CC3)C[C@H]2C2CCCC2)cc1Cl,-5.748521,-4.6098175,-5.1002226,train
N#Cc1ccc(OCCN2CCN(CC(=O)Nc3nccs3)CC2)cc1,-6.2358913,-7.1577845,-6.695848,train
N#Cc1ccc(Oc2ccc3nc(C(=O)N4CCNCC4)ccc3c2)cc1,-5.197867,-5.406315,-5.1530566,train
N#Cc1ccc(Oc2ccc3nc(OCC(=O)N4CCCCC4)ccc3c2)cc1,-4.8603516,-4.2868123,-4.581246,train
N#Cc1ccc(Oc2ccc3nc(OCC(=O)N4CCNC(=O)C4)ccc3c2)cc1,-5.025732,-4.8452225,-4.703301,train
N#Cc1ccc(Oc2ccc3nc(OCC(=O)N4CCOCC4)ccc3c2)cc1,-4.7871404,-5.044185,-4.6472096,train
N#Cc1ccc(Oc2ccc3nc(OCC(=O)NCC(N)=O)ccc3c2)cc1,-5.1771784,-5.5265293,-4.9285192,train
N#Cc1ccc(Oc2cncc3sc(-c4nnn[nH]4)cc23)cc1,-5.460712,-5.566553,-5.1712837,train
N#Cc1ccc2c(-c3nc(N[C@H]4CCCNC4)ncc3C(F)(F)F)c[nH]c2c1,-5.198625,-6.1018734,-5.3993154,train
N#Cc1ccc2c(c1)[C@@H](O)[C@H]([C@H]1c3ccccc3-c3cncn31)CC2,-5.482177,-5.689883,-5.44353,train
N#Cc1ccc2c(ccc(=O)n2CC(=O)Nc2scc(Br)c2-c2ncn[nH]2)c1,-6.8579173,-8.038274,-7.3445773,train
N#Cc1cccc(Cn2cc(NC(=O)c3n[nH]c4cc(-c5cn[nH]c5)ccc34)cn2)c1,-6.1851025,-7.482831,-6.7467866,train
N#Cc1cccc([C@H](CC(=O)O)C(=O)N2CC[C@@H](CCc3ccc4c(n3)NCCC4)C2)c1,-6.3950315,-8.461497,-6.942683,train
N#Cc1ccccc1SC1=C(O)CC(c2c(Cl)cccc2Br)CC1=O,-5.582717,-5.506918,-5.077096,train
N#Cc1ccccc1SC1=C(O)CC(c2ccccc2)CC1=O,-5.5158825,-5.672635,-4.988979,train
N#Cc1cccnc1N1CCN([C@@H]2CN[C@H](C(=O)N3CCC(F)(F)C3)C2)CC1,-5.143313,-5.220449,-4.8720756,train
N#Cc1cnccc1COc1cnc(N2CCN(C(=O)OCC(F)(F)F)CC2)nc1,-4.7400475,-5.223265,-4.6157703,train
N=C(N)NCCC[C@@H]1NC(=O)[C@H](Cc2c[nH]c3ccccc23)NC(=O)[C@@H](Cc2ccccc2)NC(=O)[C@H](Cc2c[nH]c3ccccc23)NC(=O)CN(CCCc2ccc(F)cc2F)C(=O)[C@H]2CCCN2C1=O,-6.432634,-6.3036923,-6.02091,train
N=C(N)NCCC[C@@H]1NC(=O)[C@H](Cc2c[nH]c3ccccc23)NC(=O)[C@@H](Cc2ccccc2)NC(=O)[C@H](Cc2c[nH]c3ccccc23)NC(=O)CN(CCCc2ccccc2)C(=O)[C@H]2CCCN2C1=O,-6.423105,-6.2515564,-5.9966927,train
N=C(N)NCCC[C@@H]1NC(=O)[C@H](Cc2c[nH]c3ccccc23)NC(=O)[C@@H](Cc2ccccc2)NC(=O)[C@H](Cc2c[nH]c3ccccc23)NC(=O)CN(CCc2ccccc2)C(=O)[C@H]2CCCN2C1=O,-6.435423,-6.2340703,-5.9758472,train
N=C(N)NCCC[C@@H]1NC(=O)[C@H](Cc2c[nH]c3ccccc23)NC(=O)[C@@H](Cc2ccccc2)NC(=O)[C@H](Cc2c[nH]c3ccccc23)NC(=O)CN(Cc2ccccc2)C(=O)[C@H]2CCCN2C1=O,-6.4931364,-6.2497525,-6.0029817,train
N=C(N)NCCC[C@@H]1NC(=O)[C@H](Cc2c[nH]c3ccccc23)NC(=O)[C@@H](Cc2ccccc2)NC(=O)[C@H](Cc2c[nH]c3ccccc23)NC(=O)[C@@H]2Cc3ccccc3CN2C(=O)[C@H]2CCCN2C1=O,-6.645824,-6.3663015,-6.062903,train
N=C(N)Nc1ccc(C(=O)Oc2cc(CCC(=O)O)cn3ncnc23)cc1,-5.596176,-5.8193097,-5.5214715,train
N=C(N)Nc1ccc(C(=O)Oc2ccc(CC(=O)N(CC(=O)O)CC(=O)O)n3ncnc23)cc1,-6.500577,-6.3991,-6.04732,train
N=C(N)Nc1ccc(C(=O)Oc2ccc(CC(=O)NC(CC(=O)O)(CC(=O)O)CC(=O)O)n3ncnc23)cc1,-6.386322,-6.4064655,-6.007277,train
N=C(N)Nc1ccc(C(=O)Oc2ccc(CC(=O)NCC(=O)O)n3ncnc23)cc1,-6.021439,-6.315625,-5.9312887,train
N=C(N)Nc1ccc(C(=O)Oc2ccc(CC(=O)N[C@@H](CC(=O)O)C(=O)O)n3ncnc23)cc1,-6.5716996,-6.3992686,-6.087294,train
N=C(N)Nc1ccc(C(=O)Oc2ccc(CC(=O)O)n3ccnc23)cc1,-6.431364,-6.109945,-5.8425474,train
N=C(N)Nc1ccc(C(=O)Oc2ccc(CC(=O)O)n3ncnc23)cc1,-6.0885205,-6.0564995,-5.747098,train
N=C(N)Nc1ccc(C(=O)Oc2ccc(Cc3nn[nH]n3)n3ncnc23)cc1,-6.089793,-6.2372904,-5.8135743,train
NC(=O)CCN/C(=N\S(=O)(=O)c1ccc(Cl)cc1)N1CC(c2ccccc2)C(c2ccc(Cl)cc2)=N1,-7.250141,-5.9219193,-5.8669057,train
NC(=O)CN/C(=N\S(=O)(=O)c1ccc(Cl)cc1)N1CC(c2ccccc2)C(c2ccc(Cl)cc2)=N1,-6.585032,-5.741514,-5.5031586,train
NC(=O)CNC(=O)CN/C(=N\S(=O)(=O)c1ccc(Cl)cc1)N1CC(c2ccccc2)C(c2ccc(Cl)cc2)=N1,-6.574243,-6.027154,-5.825874,train
NC(=O)C[C@H]1CC[C@H](c2ccc(N3CCOc4ncnc(N)c4C3=O)cc2)CC1,-4.842152,-5.891827,-5.105802,train
NC(=O)[C@@H](Nc1ccc2c(c1)OCCn1cc(N3C(=O)OC[C@H]3C(F)(F)F)nc1-2)C1CC1,-5.709863,-6.3443313,-5.8499775,train
NC(=O)[C@@H](Nc1ccc2c(c1)OCCn1cc(N3C(=O)OC[C@H]3C(F)F)nc1-2)C1CC1,-5.7075124,-6.1827235,-5.719882,train
NC(=O)[C@@H](Nc1ccc2c(c1)OCCn1cc(N3C(=O)OC[C@H]3CF)nc1-2)C1CC1,-5.6639094,-6.6074324,-5.9523716,train
NC(=O)[C@@H]1CCCN1c1ccc2c(c1)OCCn1cc(N3C(=O)OC[C@H]3C(F)(F)F)nc1-2,-5.8599243,-5.9979863,-5.669652,train
NC(=O)[C@@H]1CCCN1c1ccc2c(c1)OCCn1cc(N3C(=O)OC[C@H]3CF)nc1-2,-5.7644973,-6.0446253,-5.63667,train
NC(=O)[C@@H]1CCCN1c1ccc2c(c1)OCCn1cc(N3CCOC3=O)nc1-2,-6.202549,-6.3353662,-5.8128686,train
NC(=O)[C@@H]1CCCN1c1ccc2c(c1)OCCn1cc(N3CC[C@H](O)C3=O)nc1-2,-6.3055086,-6.809923,-6.1712513,train
NC(=O)c1c(-c2ccc(Oc3ccc(Cl)cc3)cc2)nn([C@@H]2CCCN(C(=O)/C=C/CO)C2)c1N,-5.705828,-5.0498405,-5.3091483,train
NC(=O)c1cc(N2CCOCC2)ccc1OCCc1cccc(F)c1,-4.799358,-5.575675,-4.943307,train
NC(=O)c1cc(S(=O)(=O)c2ccc(F)cc2)sc1NC(=O)C1(O)CC1,-5.6288195,-6.0186796,-5.553007,train
NC(=O)c1cc(S(=O)(=O)c2ccc(F)cc2)sc1NC(=O)c1ccn[nH]1,-5.855621,-6.2922544,-5.943556,train
NC(=O)c1ccc(-c2cc(-c3ccc(Cl)cc3)ccn2)cc1,-5.4202547,-5.115808,-5.1170897,train
NC(=O)c1ccc(-c2ccc(Oc3cncc4sc(-c5nn[nH]n5)cc34)cc2)cc1,-5.769026,-6.037627,-5.8193035,train
NC(=O)c1ccc(-c2cn(-c3ccc(Cl)cc3)cn2)cc1,-5.052293,-5.2162,-5.0733023,train
NC(=O)c1ccc(-c2cnc(N)c(-c3ccc(Cl)cc3)c2)cc1,-4.934811,-5.016443,-5.032009,train
NC(=O)c1ccc(-c2cncc(-c3ccc(Cl)cc3)c2)cc1,-4.7999845,-5.159543,-5.0246696,train
NC(=O)c1ccc(C(=O)NC2CC3CCC(C2)N3c2ccc(C(=O)NC3CCCC3)cn2)cc1NCC1CC1,-6.9890704,-7.1456037,-7.1383095,train
NC(=O)c1ccc(Oc2cncc3sc(-c4nnn[nH]4)cc23)cc1,-6.3376923,-6.313807,-6.144519,train
NC(=O)c1ccc2c(c1)OCCc1cc(-c3ncnn3-c3ccc(F)cc3F)sc1-2,-5.6871085,-5.275296,-5.1238365,train
NC(=O)c1cncc(OCc2cccc(NC(=O)c3cccnc3)c2)c1,-4.8889217,-5.590604,-5.0482407,train
NC(=O)c1cncc(OCc2cccc(NC(=O)c3ccncc3)c2)c1,-5.1006484,-5.607947,-5.221475,train
NC(=O)c1cncc(Oc2cccc3c(NC(=O)c4ccccc4)cccc23)c1,-5.830626,-5.6405654,-5.279025,train
NC(=O)c1sc(N2CCOCC2)cc1OCCc1ccccc1,-4.922979,-5.2870207,-4.8753686,train
NC1=N[C@@]2(c3cc(NC(=O)c4ccc(F)cn4)ccc3F)CN(c3ncc(F)cn3)C[C@H]2CS1,-4.3102255,-3.7886567,-4.415303,train
NC1=N[C@@]2(c3cc(NC(=O)c4ccc(F)cn4)ccc3F)COC[C@H]2CS1,-4.3849783,-4.391514,-4.5474973,train
NC1=N[C@@]2(c3cc(NC(=O)c4ncc(F)cc4F)ccc3F)CN(c3ncc(F)cn3)C[C@H]2CS1,-4.400798,-3.8063288,-4.4512367,train
NC1=N[C@@]2(c3cccs3)CN(c3ncc(F)cn3)C[C@H]2CS1,-4.312996,-4.1979356,-4.325994,train
NC1=N[C@@]2(c3cccs3)CN(c3ncccn3)C[C@H]2CS1,-4.3084464,-4.2298784,-4.366868,train
NC1=N[C@@]2(c3ccns3)CN(c3ncc(F)cn3)C[C@H]2CS1,-4.4046774,-4.286613,-4.387512,train
NCCN(Cc1ccccc1)CC(O)c1cc(C(F)(F)F)nc2c(C(F)(F)F)cccc12,-6.7882504,-5.8954377,-5.3780446,train
NCCNCC(O)c1cc(C(F)(F)F)nc2c(C(F)(F)F)cccc12,-7.1527457,-5.843654,-5.32685,train
NCc1ccc(-c2nc3c(oc4ccc(Br)cc43)c(=O)[nH]2)c(Cl)c1,-7.1370664,-8.069185,-7.595188,train
NS(=O)(=O)c1ccc(C(=O)N2CCOc3ccc(-c4ccc5nc[nH]c5c4)cc3C2)cc1,-6.9956656,-7.7995887,-7.323494,train
N[C@@H]1CCCC12CCN(c1nc3[nH]nc(-c4cccc(Cl)c4Cl)c3c(=O)[nH]1)CC2,-5.664573,-7.060142,-6.4252663,train
N[C@@H]1CCN(Cc2nc3c(oc4ccc(Br)cc43)c(=O)[nH]2)C1,-6.8336716,-8.408165,-7.3849034,train
N[C@H]1CCN(Cc2nc3c(oc4ccc(Br)cc43)c(=O)[nH]2)C1,-6.8465643,-8.267624,-7.410913,train
N[C@H]1CC[C@H](CNc2nccc(Nc3cc(C4CC4)[nH]n3)n2)CC1,-6.4740276,-6.9117584,-6.429862,train
N[C@H]1CC[C@H](n2cnc3cnc4[nH]ccc4c32)CC1,-6.268486,-7.2752256,-6.7307143,train
N[C@H]1CN(c2cc(N3CCC(F)(F)C3)ncn2)C[C@@H]1N1CC(F)(F)CCC1=O,-5.525942,-5.6063843,-5.2349405,train
N[C@H]1CN(c2ncnc(N3CCC(F)(F)C3)n2)C[C@@H]1N1CCCCC1=O,-5.370315,-5.8087306,-5.251638,train
Nc1[nH]ncc1-c1cc(Cl)ccc1Oc1cc(F)c(S(=O)(=O)Nc2cscn2)cc1Cl,-6.187872,-5.1427193,-5.525425,train
Nc1cc(C(=O)O)ccc1CN1CCC[C@H](O[C@H](CO)c2cc(Cl)cc(Cl)c2)[C@@H]1c1ccccc1,-4.7244034,-5.3280087,-4.945047,train
Nc1ccc(-c2ccccc2F)nc1C(=O)Nc1cnccc1N1CCC[C@H](N)C1,-5.616827,-6.631418,-6.0184674,train
Nc1ccc(-c2cnc(N)c(-c3ccc(Cl)cc3)c2)cn1,-4.6396966,-4.5763993,-4.7946625,train
Nc1ccc(CNC(=O)Nc2ccc(S(=O)(=O)c3ccccc3)cc2)cn1,-5.897384,-6.1928897,-5.4962707,train
Nc1ccc(S(=O)(=O)c2ccc(CNC(=O)N3Cc4ccncc4C3)cc2)cn1,-6.178693,-7.0737925,-6.054927,train
Nc1nc(CC(=O)Nc2ccc(C[C@@H]3CC[C@H]([C@H](O)c4ccccc4)N3)cc2)cs1,-5.613069,-4.8989453,-5.1687493,train
Nc1nc2c(s1)CC[C@H]2C(=O)Nc1ccc(C[C@@H]2CC[C@H]([C@H](O)c3ccccc3)N2)cc1,-5.1252365,-5.158615,-4.983729,train
Nc1nc2c(s1)CC[C@H]2C(=O)Nc1ccc(C[C@@H]2CC[C@H]([C@H](O)c3cccnc3)N2)cc1,-5.1801143,-5.382169,-5.1230545,train
Nc1ncc(-c2ccc(-c3nn[nH]n3)cc2)cc1-c1ccc(Cl)cc1,-5.0135837,-5.8670225,-5.2811756,train
Nc1ncc(-c2ccc(C(=O)O)cc2)cc1-c1ccc(Cl)cc1,-4.658582,-5.269733,-4.8092775,train
Nc1ncc(-c2ccc(C(=O)O)cc2)cc1-c1ccc(F)cc1,-4.634113,-5.5232396,-4.8167176,train
Nc1ncc(-c2ccc(C(=O)O)cc2)cc1-c1cccc(Cl)c1,-4.668372,-5.285445,-4.819223,train
Nc1ncc(-c2ccc(C(=O)O)cc2)cc1OCC1CCC1,-4.7810287,-5.5750394,-4.792047,train
Nc1ncc(-c2ccc(C(=O)O)cc2)cc1OCc1ccccc1,-4.8166027,-5.214352,-4.7739725,train
Nc1ncc(-c2ccc(C3(C(=O)O)CCCC3)cc2)cc1-c1ccc(Cl)cc1,-4.904451,-5.378479,-5.065202,train
Nc1ncc(-c2ccc(OC3(C(=O)O)CCCC3)cc2)cc1-c1ccc(Cl)cc1,-5.474168,-5.2921424,-4.944012,train
Nc1ncc(-c2ccc(OCC(=O)O)cc2)cc1-c1ccc(Cl)cc1,-5.8090367,-5.604739,-5.1040606,train
Nc1ncc(-c2ccc3c(c2)CC[C@@H]3C(=O)O)cc1-c1ccc(Cl)cc1,-4.596616,-4.973891,-4.7764697,train
Nc1ncc(-c2ccc3c(c2)CC[C@H]3C(=O)O)cc1-c1ccc(Cl)cc1,-4.6128163,-5.01816,-4.8060265,train
Nc1ncc(-c2cnc(N)c(-c3ccc(Cl)cc3)c2)cn1,-4.7092023,-5.186327,-4.8422813,train
Nc1ncc(C(=O)NC2CC2)c2ccc(-c3cccc(F)c3)nc12,-4.7214947,-5.1938305,-4.8535576,train
Nc1ncc(C(=O)NC2CN(C(=O)C3CC3)C2)c2ccc(-c3cccc(F)c3)nc12,-4.959407,-5.1676407,-4.8841386,train
Nc1ncc(C(=O)N[C@H]2C[C@@H](O)C2)c2ccc(-c3cccc(F)c3)nc12,-4.7706265,-5.5557575,-4.997783,train
Nc1ncnc2c1C(=O)N(c1ccc(C3CCN(C(=O)C4CCCCC4)CC3)cc1)CCO2,-4.7818875,-4.6713185,-4.7594414,train
Nc1ncnc2c1C(=O)N(c1ccc(C3CCN(C(=O)C4CCOCC4)CC3)cc1)CCO2,-4.7037735,-5.6343255,-4.892941,train
Nc1ncnc2c1C(=O)N(c1ccc(C3CCN(C(=O)[C@H]4CC[C@@H](O)CC4)CC3)cc1)CCO2,-5.653899,-6.503029,-5.8382263,train
Nc1ncnc2c1C(=O)N(c1ccc(C3CCN(C(=O)c4ccccc4)CC3)cc1)CCO2,-4.6641884,-5.445585,-4.919439,train
Nc1ncnc2c1C(=O)N(c1ccc(C3CCN(C(=O)c4ccno4)CC3)cc1)CCO2,-4.6624303,-5.541397,-4.9097815,train
Nc1ncnc2c1C(=O)N(c1ccc(C3CCN(C(=O)c4ccon4)CC3)cc1)CCO2,-4.5560617,-5.5858583,-4.836973,train
Nc1ncnc2c1C(=O)N(c1ccc([C@H]3CC[C@H](CC(=O)N4CC[C@@H](O)C4)CC3)cc1)CCO2,-5.467161,-6.6158776,-5.787504,train
Nc1ncnc2c1C(=O)N(c1ccc([C@H]3CC[C@H](CC(=O)NC4CCCC4)CC3)cc1)CCO2,-4.6224475,-5.3493986,-4.8802853,train
Nc1ncnc2c1C(=O)N(c1ccc([C@H]3CC[C@H](CC(=O)O)CC3)cc1)CCO2,-4.8095083,-6.1732297,-5.1802983,train
Nc1ncnc2c1C(=O)N(c1ccc([C@H]3CC[C@H](CCC(=O)O)CC3)cc1)CCO2,-4.7090673,-5.857211,-5.028499,train
Nc1ncnc2c1C(=O)N(c1ccc([C@H]3CC[C@H](Cc4nn[nH]n4)CC3)cc1)CCO2,-5.547933,-7.142368,-6.1615825,train
Nc1nn2cccnc2c1C(=O)Nc1c[nH]nc1-c1cc(Cl)ccc1OC(F)F,-4.653162,-5.5027275,-4.984908,train
Nc1sc(-c2c(F)cccc2F)nc1C(=O)Nc1cnccc1N1CCC[C@H](N)C1,-5.1693916,-5.8898945,-5.4980044,train
O=C(/C=C/c1ccccc1)c1ccccc1,-5.646624,-5.2694993,-5.1018887,train
O=C(C1CC12CCN(C1CCCCC1)CC2)N1CCN(C2CCCCC2)CC1,-5.5095434,-4.311535,-5.1079545,train
O=C(C1CC12CCN(C1CCOCC1)CC2)N1CCN(C2CC2)CC1,-5.248014,-5.9291344,-5.2287955,train
O=C(C1CC12CCN(C1CCOCC1)CC2)N1CCN(C2CCC2)CC1,-5.2708287,-5.8739247,-5.252681,train
O=C(C1CC12CCN(C1CCOCC1)CC2)N1CCN(C2CCCC2)CC1,-5.2650895,-5.591435,-5.213447,train
O=C(C1CC2(CCN(C3CCOCC3)CC2)C1)N1CCN(C2CCC2)CC1,-5.248874,-5.8030634,-5.231292,train
O=C(CC1CC1)N1CCN2Cc3cc(F)cc(c3)NS(=O)(=O)CCCCCC1C2,-5.1705785,-5.6062064,-4.687398,train
O=C(CC1CCOCC1)N1CCC2(CC1)CC2CNC(=O)N1Cc2ccncc2C1,-5.920017,-7.0211797,-5.6837654,train
O=C(CCC1CCOCC1)N1CCC2(CC1)CC2CNC(=O)N1Cc2ccncc2C1,-6.0601,-7.1452794,-5.8497424,train
O=C(CCCCCN1C(=O)c2ccccc2N(Cc2ccccc2)C(=O)[C@@H]1Cc1ccccc1)NO,-6.3536625,-7.367118,-6.76046,train
O=C(CCN1CCCCC1)Nc1ccc(-c2nc3c(oc4ccc(Br)cc43)c(=O)[nH]2)c(Cl)c1,-7.4349494,-7.4086103,-7.446021,train
O=C(CN1C(=O)CCc2ncccc21)Nc1scc(Br)c1-c1ncn[nH]1,-6.214489,-7.3371735,-6.6202545,train
O=C(CN1C(=O)S/C(=C\c2ccc(O)cc2)C1=O)Nc1ccccc1Cl,-5.962663,-5.222378,-5.427871,train
O=C(CN1CCN(CCOc2ccc(OC(F)(F)F)cc2)CC1)Nc1nccs1,-6.0688014,-6.742915,-6.4993815,train
O=C(COc1ccc2cc(Oc3ccc(C(F)(F)F)cn3)ccc2n1)N1CCCCC1,-4.5871077,-4.3172364,-4.45996,train
O=C(COc1ccc2cc(Oc3ccc(C(F)(F)F)cn3)ccc2n1)N1CCNCC1,-5.1527157,-5.2848535,-4.872761,train
O=C(COc1ccc2cc(Oc3ccccn3)ccc2n1)N1CCNCC1,-4.97229,-5.57386,-4.875733,train
O=C(Cn1c(=O)ccc2cc(C(F)(F)F)ccc21)Nc1scc(Br)c1-c1ncn[nH]1,-6.8977804,-7.637324,-7.157586,train
O=C(NC(c1ccccc1)c1ccccc1)C1CC1,-4.5999207,-4.5825796,-4.600039,train
O=C(NC1C2CC3CC1CC(O)(C3)C2)c1cnc(N[C@H]2CCOC2)nc1C1CCCC1,-5.4100995,-5.96132,-5.017032,train
O=C(NC1CC1)c1nc2cccnn2c1-c1ccc2ncnn2c1,-4.4069247,-4.8915367,-4.811997,train
O=C(NC1CCCC1)C1CCN(c2nc3cc(Cl)ccc3o2)CC1,-4.4919724,-4.990414,-4.6569347,train
O=C(NCC1CC12CCN(C(=O)c1ccccc1)CC2)N1Cc2ccncc2C1,-5.814974,-6.175327,-5.5265665,train
O=C(NCC1CCC(F)(F)CC1)c1c(Cl)ccc2nc(N3CCC(CCO)C3)ccc12,-5.308128,-5.5642605,-4.870561,train
O=C(NCC1CCC(F)(F)CC1)c1c(Cl)ccc2nc(N3CCCC3)ccc12,-4.8678555,-5.583176,-4.7909827,train
O=C(NCC1CCCC(F)(F)C1)c1c(Cl)ccc2nc(N3CC[C@@H](F)C3)ccc12,-4.6790347,-4.97885,-4.6499033,train
O=C(NCCN1CCCC1)c1ccc(-c2cnc3ccc(NCC4CC4)nn23)cc1,-5.50975,-4.4521556,-5.233261,train
O=C(NCCN1CCCC1)c1ccc(-c2cnc3ccc(NCC4CC4)nn23)cc1F,-5.2991858,-4.091389,-5.0968895,train
O=C(NCCN1CCCCC1)c1ccc(-c2nc3c(oc4ccc(Br)cc43)c(=O)[nH]2)c(Cl)c1,-7.5456266,-7.750656,-7.6707597,train
O=C(NC[C@@H]1C[C@@H](F)CN1)c1ccc(-c2cnc3ccc(NC4CCC4)nn23)cc1F,-4.9780407,-4.126667,-4.90905,train
O=C(NC[C@@H]1C[C@@H](F)CN1)c1ccc(-c2cnc3ccc(NCC4CC4)nn23)cc1F,-5.0083904,-3.936212,-4.833181,train
O=C(NC[C@]1(O)CCCC(F)(F)C1)c1c(Cl)ccc2nc(N3CC[C@@H](F)C3)ccc12,-4.724324,-5.5134664,-4.841248,train
O=C(NCc1ccc(S(=O)(=O)C2CCN(C3CCOCC3)CC2)cc1)N1Cc2ccncc2C1,-6.5232472,-8.111392,-6.7094264,train
O=C(NCc1ccc(S(=O)(=O)C2CCN(C3CCOCC3)CC2)cc1)c1cc2ccncc2o1,-5.559144,-7.047071,-5.712696,train
O=C(NCc1ccc(S(=O)(=O)C2CCN(C3CCOCC3)CC2)cc1)c1cc2cnccc2[nH]1,-6.221961,-7.7840786,-6.599239,train
O=C(NCc1ccc(S(=O)(=O)C2CCN(C3COC3)CC2)cc1)N1Cc2ccncc2C1,-6.1968255,-7.7932377,-6.331744,train
O=C(NCc1ccc(S(=O)(=O)C2CCN(C3COC3)CC2)cc1)c1cc2ccncc2o1,-5.138985,-6.632585,-5.289543,train
O=C(NCc1ccc(S(=O)(=O)C2CCOCC2)cc1)c1cc2ccncc2o1,-4.7172985,-6.108967,-4.819604,train
O=C(NCc1ccc(S(=O)(=O)C2CCOCC2)cc1)c1cc2cnccc2[nH]1,-5.41273,-7.1055207,-5.735794,train
O=C(NCc1ccc(S(=O)(=O)N2CCOCC2)cc1)c1cc2ccncc2o1,-4.715164,-6.348741,-4.8450623,train
O=C(NCc1ccc(S(=O)(=O)N2CCOCC2)cc1)c1cc2ccncc2s1,-4.980215,-6.418598,-4.9478693,train
O=C(NCc1ccc(S(=O)(=O)N2CCOCC2)cc1)c1cc2cnccc2[nH]1,-5.4165306,-7.2602205,-5.685604,train
O=C(NCc1ccc(S(=O)(=O)c2cc(F)cc(F)c2)cc1)c1cc2ccncc2s1,-4.7679405,-5.5291076,-4.7850084,train
O=C(NCc1ccc(S(=O)(=O)c2cc(F)cc(F)c2)cc1)c1cc2cnccc2[nH]1,-4.6656694,-5.6970954,-4.988816,train
O=C(NCc1ccc(S(=O)(=O)c2cc(F)cc(F)c2)cc1)c1cnc2[nH]ncc2c1,-4.7027583,-5.6778,-5.0150275,train
O=C(NCc1ccc(S(=O)(=O)c2cc(F)cc(F)c2)cc1)c1cnc2nccn2c1,-4.9906764,-5.934332,-5.133364,train
O=C(NCc1ccc(S(=O)(=O)c2cc(F)cc(F)c2)cn1)c1cc2ccncc2o1,-4.454011,-5.455055,-4.694208,train
O=C(NCc1ccc(S(=O)(=O)c2cc(F)cc(F)c2)cn1)c1cc2cnccc2[nH]1,-4.6438417,-5.857452,-4.996688,train
O=C(NCc1ccc(S(=O)(=O)c2ccc(N3CCOCC3)nc2)cc1)c1cc2cnccc2[nH]1,-5.5125747,-6.372552,-5.707911,train
O=C(NCc1ccc(S(=O)(=O)c2ccc(N3CCOCC3)nc2)cc1)c1ccc2nccn2c1,-5.6618333,-6.448991,-5.7295456,train
O=C(NCc1ccc(S(=O)(=O)c2ccc(N3CCOCC3)nc2)cc1)c1cnc2[nH]ncc2c1,-5.636324,-6.4555316,-5.804711,train
O=C(NCc1ccc(S(=O)(=O)c2ccc(N3CCOCC3)nc2)cc1)c1cnc2nccn2c1,-5.853237,-6.6338973,-5.9390593,train
O=C(NCc1ccc(S(=O)(=O)c2cccc(C(F)(F)F)c2)cc1)c1cc2ccncc2s1,-5.2328596,-5.614665,-4.8027506,train
O=C(NCc1ccc(S(=O)(=O)c2cccc(C(F)(F)F)c2)cc1)c1cnc2[nH]ncc2c1,-5.0967755,-5.7643957,-5.080289,train
O=C(NCc1ccc(S(=O)(=O)c2cccc(OC(F)(F)F)c2)cc1)c1cnc2[nH]ncc2c1,-5.0087156,-5.686502,-5.080762,train
O=C(NCc1ccc(S(=O)(=O)c2ccccc2)cc1)N1Cc2ccncc2C1,-5.7172623,-6.1913376,-5.1502776,train
O=C(NCc1ccc(S(=O)(=O)c2ccccc2)cn1)c1cc2ccncc2o1,-4.542674,-5.472166,-4.689903,train
O=C(NCc1ccc(S(=O)(=O)c2cnc3ccccc3c2)cc1)c1cnc2[nH]ncc2c1,-5.0851364,-6.2542224,-5.444908,train
O=C(NCc1ccc(S(=O)(=O)c2cncc(C(F)(F)F)c2)cc1)c1cnc2[nH]ncc2c1,-5.183551,-6.173778,-5.3875,train
O=C(NCc1ccc(S(=O)(=O)c2cncc(Cl)c2)cc1)c1cnc2[nH]ncc2c1,-4.9697037,-6.0121922,-5.277207,train
O=C(NCc1ccc([S+]([O-])C2CCN(C3CCOCC3)CC2)cc1)c1cc2ccncc2o1,-5.621182,-6.7366734,-6.089351,train
O=C(NCc1ccc([S+]([O-])c2cc(F)cc(F)c2)cn1)c1cc2ccncc2o1,-4.575543,-5.2763247,-4.761809,train
O=C(NCc1ccc([S@@+]([O-])c2cc(F)cc(F)c2)cn1)c1cc2ccncc2o1,-4.609317,-5.2390013,-4.780428,train
O=C(NCc1ccccc1)c1ccc(N2C3CCC2CC(NC(=O)c2ccc(CO)cc2)C3)nc1,-7.2579956,-7.289666,-7.3918037,train
O=C(NCc1cccnc1)Nc1ccc(S(=O)(=O)N2CCC3(CCNC3)CC2)cc1,-7.0261045,-9.026056,-7.283945,train
O=C(NCc1cccnc1)Nc1ccc(S(=O)(=O)N[C@H]2CCC[C@H](O)C2)cc1,-6.614033,-8.5039625,-6.875331,train
O=C(NCc1ncc(S(=O)(=O)c2ccccc2)cn1)c1cc2ccncc2o1,-4.6407075,-5.506492,-4.81349,train
O=C(NO)C(c1ccc(-c2ccncn2)cc1)c1ccccc1F,-5.58452,-7.0980554,-6.249675,train
O=C(NO)C(c1ccc(-c2cnc(C3CC3)nc2)cc1)c1ccccc1F,-5.433203,-7.038724,-6.0976787,train
O=C(NO)C(c1ccc(-c2cncnc2)cc1)c1ccccc1F,-5.741916,-7.4128475,-6.440364,train
O=C(NO)C(c1ccc(-c2cnco2)cc1)c1ccccc1F,-5.499605,-7.2709713,-6.2510853,train
O=C(NO)C(c1ccc(-c2cncs2)cc1)c1ccccc1F,-5.697089,-7.333086,-6.424689,train
O=C(NO)C(c1ccc(-c2ncc(F)cn2)cc1)c1ccccc1F,-5.599787,-6.9757547,-6.136504,train
O=C(NO)C(c1ccc(-c2ncccn2)cc1)c1ccccc1F,-5.7159243,-7.0865154,-6.298423,train
O=C(NOCCO)c1ccc2cncn2c1Nc1ccc(I)cc1F,-5.1498556,-5.227525,-4.8701963,train
O=C(NOCCO)c1ncc2cncn2c1Nc1ccc(I)cc1F,-4.6961493,-4.8663034,-4.7309513,train
O=C(N[C@@H]1C[C@H]2CCN(C2)C1)c1cc2ccoc2cn1,-4.684943,-5.8926506,-4.868418,train
O=C(N[C@@H]1C[C@H]2CCN(C2)C1)c1ccc2occc2c1,-4.8237166,-6.2259665,-5.035871,train
O=C(N[C@H]1C2CC3CC1C[C@](O)(C3)C2)c1cnn2cc(Cl)cnc12,-5.167015,-4.9155865,-4.5163565,train
O=C(N[C@H]1CCCC[C@@H]1O)c1cc(CN2CCN(c3cc4ccccc4cn3)CC2)c2ccccn2c1=O,-4.698285,-5.0857835,-4.6716194,train
O=C(N[C@H]1CCCC[C@@H]1O)c1cc(CN2CCN(c3cc4scnc4cn3)CC2)c2ccccn2c1=O,-4.86127,-4.7596803,-4.678382,train
O=C(N[C@H]1CN2CCC1CC2)c1cc2ccoc2cn1,-4.4952636,-5.696832,-4.6733165,train
O=C(N[C@]12C[C@H]1CN(c1nc(Nc3cnn(CCO)c3)ncc1F)C2)C1CC1,-5.4722,-5.9993715,-5.093801,train
O=C(Nc1c[nH]nc1-c1cc(Cl)ccc1OC(F)F)c1cncc2c[nH]nc12,-4.7942343,-5.8098617,-5.21708,train
O=C(Nc1c[nH]nc1-c1cc(I)ccc1OC(F)F)c1cnn2cccnc12,-4.448591,-4.9460354,-4.787059,train
O=C(Nc1c[nH]nc1-c1cc2ccccc2cc1OC(F)F)c1cnn2cccnc12,-4.711749,-5.2935705,-4.9268484,train
O=C(Nc1c[nH]nc1-c1cc2cn[nH]c2cc1OC(F)F)c1cnn2cccnc12,-5.204549,-6.7058926,-5.694054,train
O=C(Nc1cc(Cl)c(CC(=O)N2C[C@@H](F)C[C@H]2COc2ccc(C(=O)O)cc2)cc1Cl)Nc1ccccc1Br,-6.276358,-5.354523,-5.3950143,train
O=C(Nc1cc2sc(N3CCOCC3)nc2cc1N1CCC(CO)CC1)c1cnn2cccnc12,-5.3027954,-5.1951284,-4.9698544,train
O=C(Nc1cc2sc(N3CCOCC3)nc2cc1N1CCOCC1)c1cnn2cccnc12,-4.722277,-5.0627327,-4.772153,train
O=C(Nc1ccc(C2CCC3(CC2)CC(C(=O)O)C3)cc1)c1nnc(Nc2ccc(F)c(F)c2)o1,-6.8423047,-7.772298,-7.079768,train
O=C(Nc1ccc(CC(=O)N2C[C@@H](F)C[C@H]2COc2ccc(C(=O)O)cc2)cc1Cl)Nc1ccccc1Br,-5.9300833,-5.3822765,-5.3047113,train
O=C(Nc1ccc(C[C@@H]2CC[C@H]([C@H](O)c3ccccc3)N2)cc1)[C@@H]1CCc2scnc21,-5.029948,-4.9451942,-4.8065734,train
O=C(Nc1ccc(C[C@@H]2CC[C@H]([C@H](O)c3cccnc3)N2)cc1)[C@@H]1CCc2ccnn21,-4.9435363,-5.2266846,-4.94144,train
O=C(Nc1ccc(C[C@@H]2CC[C@H]([C@H](O)c3cccnc3)N2)cc1)[C@@H]1CCc2scnc21,-5.073401,-5.202641,-4.932999,train
O=C(Nc1ccc(F)cn1)[C@H](CN1CC(O)C1)Oc1ncnc2c1cnn2-c1ccccc1Cl,-6.7113347,-7.5936346,-6.762171,train
O=C(Nc1ccc(N2CCC3(CC2)CC(C(=O)O)C3)nc1)c1nnc(Nc2ccc(F)c(F)c2)o1,-6.8980727,-7.999818,-7.151046,train
O=C(Nc1ccc(O[C@H]2CC[C@@H](C(=O)O)CC2)cc1)c1nnc(Nc2cc(F)c(F)cc2F)o1,-4.6539493,-5.0817933,-4.8281164,train
O=C(Nc1ccc(O[C@H]2CC[C@@H](C(=O)O)CC2)nc1F)c1nnc(Nc2cc(F)c(F)cc2F)o1,-4.5623116,-4.987404,-4.7061863,train
O=C(Nc1ccc(O[C@H]2CC[C@@H](C(=O)O)CC2)nc1F)c1nnc(Nc2ccc(F)c(F)c2)o1,-4.551564,-5.236915,-4.7691817,train
O=C(Nc1ccc(S(=O)(=O)c2cccc(OC(F)(F)F)c2)cc1)[C@@H]1C[C@H]1c1cccnc1,-4.621533,-5.126849,-4.7589717,train
O=C(Nc1ccc(S(=O)(=O)c2ccccc2)cc1)[C@@H]1C[C@H]1c1cccnc1,-4.6403847,-5.4249253,-4.780511,train
O=C(Nc1ccc(S(=O)(=O)c2ccccc2)cc1)[C@H]1C[C@@H]1c1cccnc1,-4.6674223,-5.7593727,-4.8202605,train
O=C(Nc1ccc(S(=O)(=O)c2cnn(C3CCOCC3)c2)cc1)[C@@H]1C[C@H]1c1cccnc1,-5.4132347,-6.5776176,-5.553925,train
O=C(Nc1ccc2c(c1)N(S(=O)(=O)c1ccc(F)cc1)CC2)c1c(F)cccc1F,-4.9016256,-5.474464,-4.683893,train
O=C(Nc1ccc2c(c1)N(S(=O)(=O)c1ccc(F)cc1)CCC2)c1c(F)cccc1Cl,-5.2401333,-5.477966,-4.788332,train
O=C(Nc1ccc2c(c1)N(S(=O)(=O)c1ccc(F)cc1)CCC2)c1c(F)cccc1F,-4.866128,-5.542485,-4.6686535,train
O=C(Nc1ccc2c(c1)N(S(=O)(=O)c1ccc(F)cc1)CCC2)c1ccccc1Cl,-5.3606753,-5.4064956,-4.7785463,train
O=C(Nc1ccccc1Cl)Nc1ccc(CC(=O)N2C[C@@H](F)C[C@H]2COc2ccc(C(=O)O)cc2)cc1Br,-5.9691567,-5.3890204,-5.3144636,train
O=C(Nc1ccccc1Cl)Nc1ccc(CC(=O)N2C[C@@H](F)C[C@H]2COc2ccc(C(=O)O)cc2)cc1Cl,-6.3139215,-5.434255,-5.423013,train
O=C(Nc1ccnc(NC(=O)C2CC2)c1)c1c(Cl)cccc1Cl,-5.473526,-3.777775,-4.945773,train
O=C(Nc1ccnc(NC(=O)[C@H]2C[C@H]2F)c1)c1c(Cl)cccc1Cl,-4.9819183,-3.9411144,-4.890229,train
O=C(Nc1ccnc(NC(=O)[C@H]2C[C@H]2F)c1)c1c(F)cccc1Cl,-4.772726,-3.8902776,-4.783668,train
O=C(O)C(=O)Nc1ccc(NC(=O)[C@H](CC2CCCC2)n2cnc(C(F)(F)F)c2)nc1,-5.9092116,-6.650879,-5.8313823,train
O=C(O)CC1CCC2(CC1)CCC(c1ccc(NC(=O)c3nnc(Nc4ccc(F)c(F)c4)o3)cn1)CC2,-7.096495,-7.5166283,-7.0268593,train
O=C(O)CC1CCC2(CC1)CCN(c1ccc(NC(=O)c3nnc(Nc4ccc(F)c(F)c4)o3)cn1)CC2,-6.7775545,-7.57049,-6.966297,train
O=C(O)CCNC(=O)c1ccc(C(CCC(F)(F)F)Nc2cnn(-c3ccc(C(F)(F)F)cc3)c2)cc1,-5.9694333,-5.9798155,-5.426863,train
O=C(O)CCNC(=O)c1ccc(C(Nc2cnn(-c3ccc(C(F)(F)F)cc3)c2)C2CCCC2)cc1,-6.5925107,-5.6007867,-5.4457293,train
O=C(O)C[C@H](C(=O)N1CC[C@@H](CCc2ccc3c(n2)NCCC3)C1)c1cccc(C(F)(F)F)c1,-6.325627,-8.01321,-6.661644,train
O=C(O)C[C@H](O)C[C@H](O)/C=C/c1c(C2CC2)nc2ccccc2c1-c1ccc(F)cc1,-5.1283493,-5.495037,-4.8735847,train
O=C(O)[C@@H]1CCCN(C(=O)n2cnc(-c3ccc(-c4cnc(N5CCOCC5)nc4)cc3)n2)[C@H]1c1ccccc1,-4.8466215,-5.7004128,-5.0800257,train
O=C(O)[C@@H]1CCC[C@H]1C(=O)c1ccc(-c2ccc(Nc3nc4ccc(F)cc4s3)c(F)c2)cc1,-4.8616033,-5.211176,-4.983783,train
O=C(O)[C@@H]1CCN(C(=O)n2cnc(-c3ccc(-c4cnc(N5CCOCC5)nc4)cc3)n2)[C@@H](c2ccccc2)C1,-4.6873302,-5.140409,-4.8683696,train
O=C(O)c1ccc(CN2CCC[C@H](O[C@H](CO)c3cc(Cl)cc(Cl)c3)[C@@H]2c2ccccc2)c([N+](=O)[O-])c1,-4.7817745,-5.1406198,-4.9563494,train
O=C(O)c1ccc(Oc2ccc(NC(=O)c3nnc(Nc4ccc(F)c(F)c4)o3)cn2)cc1,-5.1984196,-6.41852,-5.564021,train
O=C(O)c1ccc2c(CN3CCC[C@H](O[C@H](CO)c4cc(Cl)cc(Cl)c4)[C@@H]3c3ccccc3)c[nH]c2c1,-4.754786,-5.4182606,-5.02629,train
O=C(O)c1cncc(CN2CCC[C@H](O[C@H](CO)c3cc(Cl)cc(Cl)c3)[C@@H]2c2ccccc2)c1,-4.747482,-5.5137,-5.014347,train
O=C(O)c1csc(-n2nc(-c3ccccc3)c3ccc(C(F)(F)F)nc32)n1,-6.0388336,-4.931596,-4.817087,train
O=C(O)c1csc(-n2nc(C3=CCCCO3)c3ccc(C(F)(F)F)cc32)n1,-5.614355,-4.9914026,-4.656321,train
O=C(O)c1csc(Cn2nc(-c3ccccc3)c3ccc(C(F)(F)F)cc32)n1,-6.450699,-5.149001,-4.915292,train
O=C(O)c1nc2cc(Cl)c(Cl)cc2nc1O,-6.996248,-6.414713,-5.69047,train
O=C([C@@H]1C[C@H](N2CCN(c3ccc(C(F)(F)F)cn3)CC2)CN1)N1CCC(F)(F)C1,-5.195751,-5.203024,-4.913815,train
O=C([C@@H]1C[C@H](N2CCN(c3cnccn3)CC2)CN1)N1CCC(F)(F)C1,-5.071578,-5.3903403,-4.9493647,train
O=C([C@@H]1C[C@H](N2CCN(c3ncccn3)CC2)CN1)N1CC(F)(F)C(F)(F)C1,-5.281782,-5.0749245,-4.8975945,train
O=C([C@@H]1C[C@H](N2CCN(c3ncccn3)CC2)CN1)N1CC(F)C1,-5.0240083,-5.187366,-4.876011,train
O=C([C@@H]1C[C@H](N2CCN(c3ncccn3)CC2)CN1)N1CCC1,-5.1950226,-5.777926,-5.166062,train
O=C([C@@H]1C[C@H](N2CCN(c3ncccn3)CC2)CN1)N1CCCC1,-5.142963,-5.5740213,-5.0618973,train
O=C([C@@H]1C[C@H](N2CCN(c3ncccn3)CC2)CN1)N1CC[C@H](F)C1,-5.0685453,-5.512178,-4.991509,train
O=C([C@@H]1C[C@H](N2CCN(c3ncccn3)CC2)CN1)N1C[C@@H](F)[C@@H](F)C1,-5.046773,-5.4494786,-4.990331,train
O=C([C@@H]1C[C@H](N2CCN(c3ncccn3)CC2)CN1)N1C[C@@H](F)[C@H](F)C1,-5.150587,-5.5074034,-5.0307913,train
O=C([C@@H]1C[C@H](N2CCN(c3noc4ccccc34)CC2)CN1)N1CCC(F)(F)C1,-5.1553745,-5.181233,-4.8762765,train
O=C(c1ccc(C(=O)C(F)(F)F)cc1)N1CCOc2ccc(-c3ccc4nc[nH]c4c3)cc2C1,-7.3379297,-8.078057,-7.801981,train
O=C(c1ccc(C(=O)C(F)(F)F)cc1)N1CCOc2ccc(-c3cnc4ccccc4c3)cc2C1,-7.0943513,-7.3283987,-7.280237,train
O=C(c1ccc2cc(Oc3cc(C(F)(F)F)ccn3)ccc2n1)N1CCNCC1,-4.958575,-4.9963965,-4.871361,train
O=C(c1ccc2cc(Oc3ccc(C(F)(F)F)cn3)ccc2n1)N1CCN(CC(F)(F)F)CC1,-4.287876,-4.57818,-4.480466,train
O=C(c1cccc(F)c1-c1ncccn1)N1[C@@H]2CC[C@H]1[C@H](Nc1cnc(C(F)(F)F)cn1)C2,-5.7245607,-6.103272,-5.7293096,train
O=C(c1cccc(F)c1-c1ncccn1)N1[C@@H]2CC[C@H]1[C@H](Nc1ncc(C(F)(F)F)cc1F)C2,-5.461512,-5.619895,-5.414481,train
O=C(c1cccc(N2CCNCC2)n1)N1CCC(c2ccccc2F)CC1,-4.9006042,-5.1503396,-4.773989,train
O=C(c1ccccc1)N1CCC2(CC1)CCN(C(=O)N1CCN(C3CCC3)CC1)C2,-5.0157433,-5.007031,-5.059611,train
O=C(c1ccccc1-c1ncccn1)N1[C@@H]2CC[C@H]1[C@H](Nc1cnc(C(F)(F)F)cn1)C2,-5.6476707,-5.9717355,-5.5871835,train
O=C(c1cccs1)N1CCN(CCOc2ccc(Cl)cc2)CC1,-5.919918,-5.3514266,-5.3957057,train
O=C(c1cccs1)N1CCN(CCOc2ccc(Cl)cc2Cl)CC1,-6.2005377,-5.25127,-5.5090356,train
O=C1/C(=C/c2cccc(O)c2)CNC/C1=C\c1cccc(O)c1,-4.848029,-5.005789,-4.840637,train
O=C1/C(=C/c2ccccc2)CNC/C1=C\c1ccccc1,-5.1564064,-5.0396185,-5.026632,train
O=C1/C(=C/c2ccccc2F)CNC/C1=C\c1ccccc1F,-5.2149353,-4.9740763,-5.0117874,train
O=C1CC(c2c(Cl)cccc2Cl)CC(O)=C1Sc1ccccc1Cl,-5.74946,-5.594029,-5.2289233,train
O=C1CC(c2ccccc2)CC(O)=C1Nc1ccccc1Cl,-5.2645125,-5.4373827,-4.900094,train
O=C1CC(c2ccccc2)CC(O)=C1Oc1ccccc1Cl,-5.674028,-5.78613,-5.0183096,train
O=C1CC(c2ccccc2)CC(O)=C1Sc1ccccc1Cl,-5.42527,-5.653994,-5.0320177,train
O=C1CN(CCCc2ccccc2)C(=O)[C@H]2CCCN2C(=O)[C@H](Cc2cccnc2)NC(=O)[C@H](CCCc2ccccc2)NC(=O)[C@@H](Cc2ccccc2)NC(=O)[C@H](CCCc2ccccc2)N1,-5.818979,-5.794948,-5.7329574,train
O=C1CN(CCCc2ccccc2)C(=O)[C@H]2CCCN2C(=O)[C@H](Cc2cccnc2)NC(=O)[C@H](CCc2ccccc2)NC(=O)[C@@H](Cc2ccccc2)NC(=O)[C@H](CCCc2ccccc2)N1,-5.887334,-5.7916207,-5.759763,train
O=C1CN(CCCc2ccccc2)C(=O)[C@H]2CCCN2C(=O)[C@H](Cc2cccnc2)NC(=O)[C@H](Cc2c[nH]c3ccccc23)NC(=O)[C@@H](Cc2ccccc2)NC(=O)[C@H](CCCc2ccccc2)N1,-6.0232663,-5.8633065,-5.8261833,train
O=C1CN(CCCc2ccccc2)C(=O)[C@H]2CCCN2C(=O)[C@H](Cc2cccnc2)NC(=O)[C@H](Cc2cscn2)NC(=O)[C@@H](Cc2ccccc2)NC(=O)[C@H](CCCc2ccccc2)N1,-5.9838586,-5.8478765,-5.791962,train
O=C1NC(c2ccccc2)(c2ccccc2)CC(O)=C1Sc1ccccc1Cl,-6.4478226,-5.921363,-5.3261776,train
O=C1NC(c2ccccc2)(c2ccsc2)CC(O)=C1Sc1ccccc1Cl,-6.396536,-5.9577384,-5.329094,train
O=C1NC(c2ccccc2)CC(O)=C1Nc1ccccc1Cl,-4.9947624,-5.1847973,-4.794339,train
O=C1NC(c2ccccc2)CC(O)=C1Oc1ccccc1Cl,-5.5491977,-5.6840672,-4.9324446,train
O=C1NC(c2ccccc2)CC(O)=C1Sc1ccccc1Cl,-5.6280065,-5.6111507,-4.969616,train
O=C1NC(c2ccsc2)(c2cccc(NC3CCOCC3)c2)CC(O)=C1Sc1ccccc1Cl,-6.164921,-6.4161005,-5.755354,train
O=C1NC(c2ccsc2)(c2cccc(Nc3ccc(F)cc3)c2)CC(O)=C1Sc1ccccc1Cl,-6.6980677,-6.0074444,-5.5784082,train
O=C1N[C@](c2ccc(N3CCOCC3)cc2)(c2ccsc2)CC(O)=C1Sc1ccccc1Cl,-5.8053784,-5.9982767,-5.4426794,train
O=C1OC(c2ccccc2)CC(O)=C1Nc1ccccc1Cl,-5.186642,-5.4069576,-4.883917,train
O=C1OC(c2ccccc2)CC(O)=C1Oc1ccccc1Cl,-5.728611,-5.8325953,-5.0619397,train
O=C1OC(c2ccccc2)CC(O)=C1Sc1ccccc1Cl,-5.824602,-5.787353,-5.1525874,train
O=C1OC2(CCc3c(-c4ccccc4)cccc32)CC(O)=C1Sc1ccccc1Cl,-6.666557,-5.695663,-5.39203,train
O=S(=O)(Nc1cc(Cl)ccc1O)c1cc(Br)ccc1O,-4.7694473,-4.925335,-4.7189245,train
O=S(=O)(Nc1cc(S(F)(F)(F)(F)F)ccc1O)c1cc(Br)ccc1O,-4.6960845,-4.735717,-4.676657,train
O=S(=O)(Nc1cccc(F)n1)c1cc(Cl)c(NCC23CCCN2CCC3)cc1F,-5.536745,-4.237947,-4.9782224,train
O=S(=O)(Nc1ccncn1)c1cc(Cl)c(NCC23CCCN2CCC3)cc1F,-6.0002284,-4.7441278,-5.1878996,train
O=S(=O)(Nc1ccncn1)c1cc2c(cc1F)[C@@H](N1CC[C@H](C(F)(F)F)C[C@@H]1c1cc[nH]n1)CCO2,-5.9269595,-5.842909,-5.6554294,train
O=S(=O)(Nc1ccncn1)c1cc2c(cc1F)[C@@H](N1CC[C@H](C(F)(F)F)C[C@@H]1c1ccc(F)cc1)CCO2,-5.411424,-5.5166874,-5.2366443,train
O=S(=O)(Nc1ccncn1)c1cc2c(cc1F)[C@@H](N1CC[C@H](C(F)(F)F)C[C@@H]1c1ccccn1)CCO2,-5.670512,-5.630077,-5.385448,train
O=S(=O)(Nc1ccncn1)c1cc2c(cc1F)[C@@H](N1CC[C@H](C(F)(F)F)C[C@@H]1c1cccnc1)CCO2,-5.6293964,-5.759361,-5.4450855,train
O=S(=O)(Nc1ccncn1)c1cc2c(cc1F)[C@@H](N1CC[C@H](C(F)(F)F)C[C@@H]1c1ccncc1)CCO2,-5.761677,-5.8712444,-5.5736456,train
O=S(=O)(Nc1ccncn1)c1cc2c(cc1F)[C@@H](N1CC[C@H](C(F)(F)F)C[C@@H]1c1ccncn1)CCO2,-6.0879536,-6.0308495,-5.8212714,train
O=S(=O)(Nc1ccncn1)c1cc2c(cc1F)[C@@H](N1CC[C@H](C(F)(F)F)C[C@@H]1c1cn[nH]c1)CCO2,-5.9742594,-6.04872,-5.822937,train
O=S(=O)(Nc1ccncn1)c1cc2c(cc1F)[C@@H](N1CC[C@H](C(F)(F)F)C[C@@H]1c1cnccn1)CCO2,-5.9838433,-5.9656363,-5.723934,train
O=S(=O)(Nc1ccncn1)c1cc2c(cc1F)[C@@H](N1CC[C@H](C(F)(F)F)C[C@@H]1c1cnco1)CCO2,-5.769631,-5.82865,-5.5867906,train
O=S(=O)(Nc1ncc(Cl)s1)c1cc(Cl)c(NCC23CCCN2CCC3)cc1F,-6.54047,-4.9581695,-5.303153,train
O=S(=O)(Nc1ncc(F)s1)c1cc(Cl)c(NCC23CCCN2CCC3)cc1F,-6.138277,-4.770957,-5.220927,train
O=S(=O)(Nc1nccs1)c1cc(Cl)c(NCC2(Cc3ccccc3)CCCN2)cc1F,-5.340118,-4.190242,-4.9473667,train
O=S(=O)(Nc1nccs1)c1cc(Cl)c(NCC23CCCCN2CCCC3)cc1F,-6.354604,-4.757186,-5.2800875,train
O=S(=O)(Nc1nccs1)c1cc(Cl)c(NCC23CCCN2CC(F)(F)C3)cc1F,-5.368081,-4.5025163,-4.8864107,train
O=S(=O)(Nc1nccs1)c1cc(Cl)c(NCC23CCCN2CCC3)cc1F,-6.074057,-4.85024,-5.2829933,train
O=S(=O)(Nc1nccs1)c1cc(Cl)c(NCCC23CCCN2CCC3)cc1F,-6.3742323,-5.2034364,-5.431301,train
O=S(=O)(Nc1nccs1)c1cc(Cl)c(NC[C@]23CCCN2C[C@@H](F)C3)cc1F,-5.2159843,-4.5902553,-4.933632,train
O=S(=O)(Nc1ncns1)c1cc(Cl)c(NCC23CCCN2CCC3)cc1F,-6.4472046,-5.423655,-5.6260037,train
O=S(=O)(Nc1ncns1)c1cc(F)c(NCC23CCCN2CCC3)cc1F,-6.423867,-5.693283,-5.780768,train
O=S(=O)(Nc1ncns1)c1ccc2c(-c3ccc(C(F)(F)F)cc3Br)cccc2c1,-6.2021117,-5.463032,-5.3328247,train
O=S(=O)(Nc1ncns1)c1ccc2c(-c3ccc(C(F)(F)F)cc3O)cccc2c1,-6.188121,-5.5835104,-5.3770323,train
O=S(=O)(Nc1ncns1)c1ccc2c(c1)OCC[C@@H]2N1CC[C@H](C(F)(F)F)C[C@@H]1c1ccc(F)cc1,-5.984989,-5.957638,-5.672425,train
O=S(=O)(Nc1nncs1)c1cc(Cl)c(Oc2ccc(C(F)(F)F)cc2-c2ccnnc2)cc1F,-6.401745,-5.312486,-5.379654,train
O=c1[nH]c(-c2c(F)cccc2Cl)nc2c1oc1ccc(Br)cc12,-6.3888035,-7.071744,-6.6109886,train
O=c1[nH]c(-c2cc(F)ccc2Cl)nc2c1oc1ccc(Br)cc12,-6.7740917,-7.374572,-6.8631663,train
O=c1[nH]c(-c2ccc(CNC3CCNCC3)cc2Cl)nc2c1oc1ccc(Br)cc12,-7.4886646,-8.701674,-8.173305,train
O=c1[nH]c(-c2ccc(F)cc2Cl)nc2c1oc1ccc(Br)cc12,-6.7060137,-7.410042,-6.8419952,train
O=c1[nH]c(-c2ccc(NCC3CCNCC3)cc2)nc2c1oc1ccc(Br)cc12,-7.7956805,-8.666765,-8.133782,train
O=c1[nH]c(-c2cccc(Cl)c2Cl)nc2c1oc1ccc(Br)cc12,-6.6176505,-7.335814,-6.8600283,train
O=c1[nH]c(CN2CC(O)C2)nc2c1oc1ccc(Br)cc12,-6.630852,-8.091316,-6.966448,train
O=c1[nH]c(CN2CCC2)nc2c1oc1ccc(Br)cc12,-6.3165,-7.1750526,-6.393494,train
O=c1[nH]c(CN2CC[C@@H](O)C2)nc2c1oc1ccc(Br)cc12,-6.4073563,-7.909045,-6.8122144,train
O=c1[nH]nc(-c2ccnc(NC3CCCCC3)c2)n1-c1ccc2ccccc2c1,-6.773552,-7.5934033,-7.071158,train
O=c1[nH]nc(-c2ccnc(NC3CCOCC3)c2)n1-c1ccc2cc(F)ccc2c1,-6.4855766,-8.546836,-7.164492,train
O=c1[nH]nc(-c2ccnc(NC3CCOCC3)c2)n1-c1ccc2ccccc2c1,-6.504013,-8.553662,-7.1632547,train
O=c1cc(-c2ccnc(NC3CCOCC3)n2)ccn1[C@H](CO)c1ccc(Cl)c(F)c1,-4.664186,-5.8384395,-5.03713,train
O=c1cc(-c2ccnc(NC3CCOCC3)n2)ccn1[C@H](CO)c1ccc(F)c(Cl)c1,-4.65929,-5.8289843,-5.0260262,train
O=c1cc(CO)n(-c2c(Cl)cccc2Cl)c2c(Cl)cnc(OCC(O)CO)c12,-5.793562,-5.11228,-5.0845675,train
O=c1cc(CO)n(-c2c(Cl)cccc2Cl)c2c(Cl)cnc(OC[C@@H](O)CO)c12,-5.7106667,-5.20241,-5.155275,train
O=c1cc(CO)n(-c2c(Cl)cccc2Cl)c2c(Cl)cnc(OC[C@H](O)CO)c12,-5.729516,-5.333416,-5.1240573,train
O=c1ccc(-c2cc(C(F)(F)F)c3nn(C4CCNCC4)cc3c2)c2n1CCC2,-5.8009996,-5.2032456,-5.333703,train
O=c1ccc(-c2cc(C(F)(F)F)c3nn([C@@H]4CCNC[C@@H]4F)cc3c2)c2n1CCC2,-5.295748,-4.94767,-4.934593,train
O=c1ccc(-c2cc(C(F)(F)F)c3nn([C@@H]4CCNC[C@H]4F)cc3c2)c2n1CCC2,-5.303967,-4.933675,-4.991719,train
O=c1ccc(-c2cc(C(F)(F)F)c3nn([C@H]4CCNC[C@@H]4F)cc3c2)c2n1CCC2,-5.069672,-4.8473573,-4.8299274,train
O=c1n(-c2ccccn2)nc(-c2ccnc(NC3CCOCC3)c2)n1-c1ccc2ccccc2c1,-6.2521043,-8.210111,-6.935629,train
O=c1n(Cc2ccccn2)nc(-c2ccnc(NC3CCOCC3)c2)n1-c1ccc2ccccc2c1,-5.9880652,-7.9647064,-6.703909,train
O=c1n(Cc2ccncc2)nc(-c2ccnc(NC3CCCCC3)c2)n1-c1ccc2ccccc2c1,-6.296438,-7.4482617,-6.9384575,train
O=c1nc(NCc2ccc(-c3ccncc3)cc2)c2cccnc2n1O,-7.2868795,-9.210121,-7.875375,train
O=c1nc(NCc2ccc(N3CCOCC3)cc2)c2cccnc2n1O,-6.910945,-8.676467,-7.384713,train
O=c1nc(Nc2ccc(-c3ccccc3)cc2)c2cccnc2n1O,-7.51169,-8.1086035,-7.2618527,train
O=c1nc(Nc2ccc(-c3ccncc3)cc2)c2cccnc2n1O,-7.409475,-8.800381,-7.692215,train
O=c1nc(Nc2ccc(CN3CCOCC3)cc2)c2cccnc2n1O,-7.1967044,-9.06495,-7.754098,train
OC(CNCCN(C1CCCCC1)C1CCCCC1)c1cc(C(F)(F)F)nc2c(C(F)(F)F)cccc12,-7.1270437,-4.544045,-4.984235,train
OC(CNCCN1CC2CCC1C2)c1cc(C(F)(F)F)nc2c(C(F)(F)F)cccc12,-7.1423216,-5.158968,-5.0916386,train
OC(CNCCNC1CC1)c1cc(C(F)(F)F)nc2c(C(F)(F)F)cccc12,-6.9561987,-5.5470023,-5.120141,train
OC(CNCCNC1CCC1)c1cc(C(F)(F)F)nc2c(C(F)(F)F)cccc12,-6.6815395,-5.5667396,-5.1252627,train
OC(CNCCNC1CCCC1)c1cc(C(F)(F)F)nc2c(C(F)(F)F)cccc12,-6.8138,-5.353934,-5.0926285,train
OC(CNCCNC1CCCCC1)c1cc(C(F)(F)F)nc2c(C(F)(F)F)cccc12,-6.996098,-5.227348,-5.076277,train
OC(CNCCNCc1ccccc1)c1cc(C(F)(F)F)nc2c(C(F)(F)F)cccc12,-6.7926,-5.179268,-5.0248437,train
OC(CNCCNc1ccccc1)c1cc(C(F)(F)F)nc2c(C(F)(F)F)cccc12,-6.8407183,-5.517261,-5.055079,train
OC(c1cc(C(F)(F)F)nc2c(C(F)(F)F)cccc12)C1CCCCN1,-6.686207,-5.681105,-5.0979247,train
OCCc1nc2cnc3[nH]ccc3c2n1C1CCCCC1,-5.1786327,-4.564932,-4.7308865,train
OC[C@@H](O)c1nc2cnc3[nH]ccc3c2n1C1CCCCC1,-5.475715,-4.995284,-4.8680916,train
OC[C@@H](O[C@H]1CCCN(Cc2cccc3nonc23)[C@H]1c1ccccc1)c1cc(Cl)cc(Cl)c1,-4.666783,-4.8635416,-4.792035,train
OC[C@@H](O[C@H]1CCCN(Cc2ncc[nH]2)[C@H]1c1ccccc1)c1cc(Cl)cc(Cl)c1,-4.849251,-5.21942,-5.0121293,train
OCc1nc2cnc3[nH]ccc3c2n1C1CCCCC1,-4.7365966,-3.5957255,-4.577603,train
O[C@@H](COc1cccc2ncccc12)CN1CCN([C@@H]2c3ccccc3[C@@H]3[C@H](c4ccccc42)C3(F)F)CC1,-5.775044,-6.066303,-5.6440883,train
O[C@@H](c1cc(C(F)(F)F)nc2c(C(F)(F)F)cccc12)[C@H]1CCCCN1,-7.30705,-6.369736,-5.947252,train
O[C@@H]1c2cnccc2CC[C@H]1[C@H]1c2ccccc2-c2cncn21,-5.057689,-5.297374,-4.928995,train
O[C@@H]1c2nonc2CC[C@H]1[C@H]1c2ccccc2-c2cncn21,-4.93463,-4.9227943,-4.750781,train
O[C@]12C=C(c3nccc4c3[nH]c3ccccc34)[C@@H]3CCN(CCCC/C=C\CC1)C[C@@]31C[C@@H]3/C=C\CCCCN3[C@H]12,-5.7917366,-6.495016,-5.9569926,train
Oc1cncc(-c2ccccc2O[C@@H]2C[C@H]3CNC[C@@H]2C3)c1,-5.3255587,-5.997355,-5.3930597,train
Oc1cncc(-c2ccccc2O[C@H]2C[C@@H]3CNC[C@H]2C3)c1,-5.178935,-5.896935,-5.2372856,train
Oc1noc2cc(Cl)c(Cl)cc12,-4.953637,-4.718405,-4.699638,train
c1cc(NCCCCN2CCOCC2)c2ccc3c(ccc4c(NCCN5CCOCC5)ccnc43)c2n1,-4.9198065,-4.324367,-4.965719,train
c1ccc(CCc2ccc3[nH]nc(-c4ccc(N5CCNCC5)nc4)c3c2)cc1,-5.587766,-4.832908,-5.125928,train
c1ccc(CN2CCC(n3cnc4cnc5[nH]ccc5c43)CC2)cc1,-4.6035347,-4.03518,-4.7347355,train
c1ccc(CNc2ccc3[nH]nc(-c4ccc(N5CCNCC5)nc4)c3c2)cc1,-5.968108,-5.040342,-5.2663903,train
c1ccc(COc2ccc3[nH]nc(-c4ccc(N5CCNCC5)nc4)c3c2)cc1,-5.6945972,-4.584882,-5.043965,train
c1ccc(Oc2cncc3sc(-c4nn[nH]n4)cc23)cc1,-5.048803,-5.666092,-4.9620953,train
c1ccc2cc(-c3[nH]ncc3-c3ccncc3)ccc2c1,-5.3133287,-6.762146,-6.015743,train
c1ccc2cc(-c3nn[nH]c3-c3ccncc3)ccc2c1,-5.7231917,-7.441011,-6.404827,train
c1ccc2cc(-n3cnnc3-c3ccncc3)ccc2c1,-5.5070615,-7.2416925,-6.0650578,train
c1cncc(-c2ccccc2O[C@H]2C[C@@H]3CNC[C@H]2C3)c1,-4.7591486,-5.8205533,-4.9269266,train
