canonical_smiles,molwt
CCN1/C(=C\C2=C([O-])/C(=C/c3[se]c4ccccc4[n+]3CC)C2=O)C(C)(C)c2ccccc21,489.477
CCN1/C(=C\C2=C([O-])/C(=C/c3[se]c4ccccc4[n+]3CC)C2=O)C(C)(C)c2cc(Br)ccc21,568.373
CCN1/C(=C\C2=C([O-])/C(=C/c3[se]c4ccccc4[n+]3CC)C2=O)C(C)(C)c2cc(I)ccc21,615.373
CCCCN1/C(=C\C2=C([O-])/C(=C/c3[se]c4ccccc4[n+]3CC)C2=O)C(C)(C)c2ccccc21,517.531
CCCCN1/C(=C\C2=C([O-])/C(=C/c3[se]c4ccccc4[n+]3CC)C2=O)C(C)(C)c2cc(Br)ccc21,596.427
CCCCN1/C(=C\C2=C([O-])/C(=C/c3[se]c4ccccc4[n+]3CC)C2=O)C(C)(C)c2cc(I)ccc21,643.427
CC[n+]1c(/C=C2\C(=O)C(/C=C3\N(CCCCN)c4ccccc4C3(C)C)=C2[O-])[se]c2ccccc21,532.546
CC[n+]1c(/C=C2\C(=O)C(/C=C3\N(CCCCN)c4ccc(Br)cc4C3(C)C)=C2[O-])[se]c2ccccc21,611.442
CC[n+]1c(/C=C2\C(=O)C(/C=C3\N(CCCCN)c4ccc(I)cc4C3(C)C)=C2[O-])[se]c2ccccc21,658.442
CC[n+]1c(/C=C2\C(=O)C(/C=C3\N(CCCCO)c4ccccc4C3(C)C)=C2[O-])[se]c2ccccc21,533.53
CC[n+]1c(/C=C2\C(=O)C(/C=C3\N(CCCCO)c4ccc(Br)cc4C3(C)C)=C2[O-])[se]c2ccccc21,612.426
CC[n+]1c(/C=C2\C(=O)C(/C=C3\N(CCCCO)c4ccc(I)cc4C3(C)C)=C2[O-])[se]c2ccccc21,659.426
CC[n+]1c(/C=C2\C(=O)C(/C=C3\N(CCCC[N+](CC)(CC)CC)c4ccccc4C3(C)C)=C2[O-])[se]c2ccccc21,617.716
CC[n+]1c(/C=C2\C(=O)C(/C=C3\N(CCCC[N+](CC)(CC)CC)c4ccc(Br)cc4C3(C)C)=C2[O-])[se]c2ccccc21,696.612
CC[n+]1c(/C=C2\C(=O)C(/C=C3\N(CCCC[N+](CC)(CC)CC)c4ccc(I)cc4C3(C)C)=C2[O-])[se]c2ccccc21,743.612
CC[n+]1c(/C=C2\C(=O)C(/C=C3\N(CCCCS(=O)(=O)O)c4ccccc4C3(C)C)=C2[O-])[se]c2ccccc21,597.595
CC[n+]1c(/C=C2\C(=O)C(/C=C3\N(CCCCS(=O)(=O)O)c4ccc(Br)cc4C3(C)C)=C2[O-])[se]c2ccccc21,676.491
CC[n+]1c(/C=C2\C(=O)C(/C=C3\N(CCCCS(=O)(=O)O)c4ccc(I)cc4C3(C)C)=C2[O-])[se]c2ccccc21,723.491
CC[n+]1c(/C=C2\C(=O)C(/C=C3\N(Cc4ccccc4)c4ccccc4C3(C)C)=C2[O-])[se]c2ccccc21,551.548
CC[n+]1c(/C=C2\C(=O)C(/C=C3\N(Cc4ccccc4)c4ccc(Br)cc4C3(C)C)=C2[O-])[se]c2ccccc21,630.444
CC[n+]1c(/C=C2\C(=O)C(/C=C3\N(Cc4ccccc4)c4ccc(I)cc4C3(C)C)=C2[O-])[se]c2ccccc21,677.444
CC[n+]1c(/C=C2\C(=O)C(/C=C3\N(Cc4ccsc4)c4ccccc4C3(C)C)=C2[O-])[se]c2ccccc21,557.577
CC[n+]1c(/C=C2\C(=O)C(/C=C3\N(Cc4ccsc4)c4ccc(Br)cc4C3(C)C)=C2[O-])[se]c2ccccc21,636.473
CC[n+]1c(/C=C2\C(=O)C(/C=C3\N(Cc4ccsc4)c4ccc(I)cc4C3(C)C)=C2[O-])[se]c2ccccc21,683.473
CCN1/C(=C\C2=C([O-])/C(=C/c3[se]c4cc(Br)ccc4[n+]3CC)C2=O)C(C)(C)c2ccccc21,568.373
CCN1/C(=C\C2=C([O-])/C(=C/c3[se]c4cc(Br)ccc4[n+]3CC)C2=O)C(C)(C)c2cc(Br)ccc21,647.269
CCN1/C(=C\C2=C([O-])/C(=C/c3[se]c4cc(Br)ccc4[n+]3CC)C2=O)C(C)(C)c2cc(I)ccc21,694.269
CCCCN1/C(=C\C2=C([O-])/C(=C/c3[se]c4cc(Br)ccc4[n+]3CC)C2=O)C(C)(C)c2ccccc21,596.427
CCCCN1/C(=C\C2=C([O-])/C(=C/c3[se]c4cc(Br)ccc4[n+]3CC)C2=O)C(C)(C)c2cc(Br)ccc21,675.323
CCCCN1/C(=C\C2=C([O-])/C(=C/c3[se]c4cc(Br)ccc4[n+]3CC)C2=O)C(C)(C)c2cc(I)ccc21,722.323
CC[n+]1c(/C=C2\C(=O)C(/C=C3\N(CCCCN)c4ccccc4C3(C)C)=C2[O-])[se]c2cc(Br)ccc21,611.442
CC[n+]1c(/C=C2\C(=O)C(/C=C3\N(CCCCN)c4ccc(Br)cc4C3(C)C)=C2[O-])[se]c2cc(Br)ccc21,690.338
CC[n+]1c(/C=C2\C(=O)C(/C=C3\N(CCCCN)c4ccc(I)cc4C3(C)C)=C2[O-])[se]c2cc(Br)ccc21,737.338
CC[n+]1c(/C=C2\C(=O)C(/C=C3\N(CCCCO)c4ccccc4C3(C)C)=C2[O-])[se]c2cc(Br)ccc21,612.426
CC[n+]1c(/C=C2\C(=O)C(/C=C3\N(CCCCO)c4ccc(Br)cc4C3(C)C)=C2[O-])[se]c2cc(Br)ccc21,691.322
CC[n+]1c(/C=C2\C(=O)C(/C=C3\N(CCCCO)c4ccc(I)cc4C3(C)C)=C2[O-])[se]c2cc(Br)ccc21,738.322
CC[n+]1c(/C=C2\C(=O)C(/C=C3\N(CCCC[N+](CC)(CC)CC)c4ccccc4C3(C)C)=C2[O-])[se]c2cc(Br)ccc21,696.612
CC[n+]1c(/C=C2\C(=O)C(/C=C3\N(CCCC[N+](CC)(CC)CC)c4ccc(Br)cc4C3(C)C)=C2[O-])[se]c2cc(Br)ccc21,775.508
CC[n+]1c(/C=C2\C(=O)C(/C=C3\N(CCCC[N+](CC)(CC)CC)c4ccc(I)cc4C3(C)C)=C2[O-])[se]c2cc(Br)ccc21,822.508
CC[n+]1c(/C=C2\C(=O)C(/C=C3\N(CCCCS(=O)(=O)O)c4ccccc4C3(C)C)=C2[O-])[se]c2cc(Br)ccc21,676.491
CC[n+]1c(/C=C2\C(=O)C(/C=C3\N(CCCCS(=O)(=O)O)c4ccc(Br)cc4C3(C)C)=C2[O-])[se]c2cc(Br)ccc21,755.387
CC[n+]1c(/C=C2\C(=O)C(/C=C3\N(CCCCS(=O)(=O)O)c4ccc(I)cc4C3(C)C)=C2[O-])[se]c2cc(Br)ccc21,802.387
CC[n+]1c(/C=C2\C(=O)C(/C=C3\N(Cc4ccccc4)c4ccccc4C3(C)C)=C2[O-])[se]c2cc(Br)ccc21,630.444
CC[n+]1c(/C=C2\C(=O)C(/C=C3\N(Cc4ccccc4)c4ccc(Br)cc4C3(C)C)=C2[O-])[se]c2cc(Br)ccc21,709.34
CC[n+]1c(/C=C2\C(=O)C(/C=C3\N(Cc4ccccc4)c4ccc(I)cc4C3(C)C)=C2[O-])[se]c2cc(Br)ccc21,756.34
CC[n+]1c(/C=C2\C(=O)C(/C=C3\N(Cc4ccsc4)c4ccccc4C3(C)C)=C2[O-])[se]c2cc(Br)ccc21,636.473
CC[n+]1c(/C=C2\C(=O)C(/C=C3\N(Cc4ccsc4)c4ccc(Br)cc4C3(C)C)=C2[O-])[se]c2cc(Br)ccc21,715.369
CC[n+]1c(/C=C2\C(=O)C(/C=C3\N(Cc4ccsc4)c4ccc(I)cc4C3(C)C)=C2[O-])[se]c2cc(Br)ccc21,762.369
CCN1/C(=C\C2=C([O-])/C(=C/c3[se]c4cc(I)ccc4[n+]3CC)C2=O)C(C)(C)c2ccccc21,615.373
CCN1/C(=C\C2=C([O-])/C(=C/c3[se]c4cc(I)ccc4[n+]3CC)C2=O)C(C)(C)c2cc(Br)ccc21,694.269
CCN1/C(=C\C2=C([O-])/C(=C/c3[se]c4cc(I)ccc4[n+]3CC)C2=O)C(C)(C)c2cc(I)ccc21,741.269
CCCCN1/C(=C\C2=C([O-])/C(=C/c3[se]c4cc(I)ccc4[n+]3CC)C2=O)C(C)(C)c2ccccc21,643.427
CCCCN1/C(=C\C2=C([O-])/C(=C/c3[se]c4cc(I)ccc4[n+]3CC)C2=O)C(C)(C)c2cc(Br)ccc21,722.323
CCCCN1/C(=C\C2=C([O-])/C(=C/c3[se]c4cc(I)ccc4[n+]3CC)C2=O)C(C)(C)c2cc(I)ccc21,769.323
CC[n+]1c(/C=C2\C(=O)C(/C=C3\N(CCCCN)c4ccccc4C3(C)C)=C2[O-])[se]c2cc(I)ccc21,658.442
CC[n+]1c(/C=C2\C(=O)C(/C=C3\N(CCCCN)c4ccc(Br)cc4C3(C)C)=C2[O-])[se]c2cc(I)ccc21,737.338
CC[n+]1c(/C=C2\C(=O)C(/C=C3\N(CCCCN)c4ccc(I)cc4C3(C)C)=C2[O-])[se]c2cc(I)ccc21,784.338
CC[n+]1c(/C=C2\C(=O)C(/C=C3\N(CCCCO)c4ccccc4C3(C)C)=C2[O-])[se]c2cc(I)ccc21,659.426
CC[n+]1c(/C=C2\C(=O)C(/C=C3\N(CCCCO)c4ccc(Br)cc4C3(C)C)=C2[O-])[se]c2cc(I)ccc21,738.322
CC[n+]1c(/C=C2\C(=O)C(/C=C3\N(CCCCO)c4ccc(I)cc4C3(C)C)=C2[O-])[se]c2cc(I)ccc21,785.322
CC[n+]1c(/C=C2\C(=O)C(/C=C3\N(CCCC[N+](CC)(CC)CC)c4ccccc4C3(C)C)=C2[O-])[se]c2cc(I)ccc21,743.612
CC[n+]1c(/C=C2\C(=O)C(/C=C3\N(CCCC[N+](CC)(CC)CC)c4ccc(Br)cc4C3(C)C)=C2[O-])[se]c2cc(I)ccc21,822.508
CC[n+]1c(/C=C2\C(=O)C(/C=C3\N(CCCC[N+](CC)(CC)CC)c4ccc(I)cc4C3(C)C)=C2[O-])[se]c2cc(I)ccc21,869.508
CC[n+]1c(/C=C2\C(=O)C(/C=C3\N(CCCCS(=O)(=O)O)c4ccccc4C3(C)C)=C2[O-])[se]c2cc(I)ccc21,723.491
CC[n+]1c(/C=C2\C(=O)C(/C=C3\N(CCCCS(=O)(=O)O)c4ccc(Br)cc4C3(C)C)=C2[O-])[se]c2cc(I)ccc21,802.387
CC[n+]1c(/C=C2\C(=O)C(/C=C3\N(CCCCS(=O)(=O)O)c4ccc(I)cc4C3(C)C)=C2[O-])[se]c2cc(I)ccc21,849.387
CC[n+]1c(/C=C2\C(=O)C(/C=C3\N(Cc4ccccc4)c4ccccc4C3(C)C)=C2[O-])[se]c2cc(I)ccc21,677.444
CC[n+]1c(/C=C2\C(=O)C(/C=C3\N(Cc4ccccc4)c4ccc(Br)cc4C3(C)C)=C2[O-])[se]c2cc(I)ccc21,756.34
CC[n+]1c(/C=C2\C(=O)C(/C=C3\N(Cc4ccccc4)c4ccc(I)cc4C3(C)C)=C2[O-])[se]c2cc(I)ccc21,803.34
CC[n+]1c(/C=C2\C(=O)C(/C=C3\N(Cc4ccsc4)c4ccccc4C3(C)C)=C2[O-])[se]c2cc(I)ccc21,683.473
CC[n+]1c(/C=C2\C(=O)C(/C=C3\N(Cc4ccsc4)c4ccc(Br)cc4C3(C)C)=C2[O-])[se]c2cc(I)ccc21,762.369
CC[n+]1c(/C=C2\C(=O)C(/C=C3\N(Cc4ccsc4)c4ccc(I)cc4C3(C)C)=C2[O-])[se]c2cc(I)ccc21,809.369
CCCC[n+]1c(/C=C2\C(=O)C(/C=C3\N(CC)c4ccccc4C3(C)C)=C2[O-])[se]c2ccccc21,517.531
CCCC[n+]1c(/C=C2\C(=O)C(/C=C3\N(CC)c4ccc(Br)cc4C3(C)C)=C2[O-])[se]c2ccccc21,596.427
CCCC[n+]1c(/C=C2\C(=O)C(/C=C3\N(CC)c4ccc(I)cc4C3(C)C)=C2[O-])[se]c2ccccc21,643.427
CCCCN1/C(=C\C2=C([O-])/C(=C/c3[se]c4ccccc4[n+]3CCCC)C2=O)C(C)(C)c2ccccc21,545.585
CCCCN1/C(=C\C2=C([O-])/C(=C/c3[se]c4ccccc4[n+]3CCCC)C2=O)C(C)(C)c2cc(Br)ccc21,624.481
CCCCN1/C(=C\C2=C([O-])/C(=C/c3[se]c4ccccc4[n+]3CCCC)C2=O)C(C)(C)c2cc(I)ccc21,671.481
CCCC[n+]1c(/C=C2\C(=O)C(/C=C3\N(CCCCN)c4ccccc4C3(C)C)=C2[O-])[se]c2ccccc21,560.6
CCCC[n+]1c(/C=C2\C(=O)C(/C=C3\N(CCCCN)c4ccc(Br)cc4C3(C)C)=C2[O-])[se]c2ccccc21,639.496
CCCC[n+]1c(/C=C2\C(=O)C(/C=C3\N(CCCCN)c4ccc(I)cc4C3(C)C)=C2[O-])[se]c2ccccc21,686.496
CCCC[n+]1c(/C=C2\C(=O)C(/C=C3\N(CCCCO)c4ccccc4C3(C)C)=C2[O-])[se]c2ccccc21,561.584
CCCC[n+]1c(/C=C2\C(=O)C(/C=C3\N(CCCCO)c4ccc(Br)cc4C3(C)C)=C2[O-])[se]c2ccccc21,640.48
CCCC[n+]1c(/C=C2\C(=O)C(/C=C3\N(CCCCO)c4ccc(I)cc4C3(C)C)=C2[O-])[se]c2ccccc21,687.48
CCCC[n+]1c(/C=C2\C(=O)C(/C=C3\N(CCCC[N+](CC)(CC)CC)c4ccccc4C3(C)C)=C2[O-])[se]c2ccccc21,645.77
CCCC[n+]1c(/C=C2\C(=O)C(/C=C3\N(CCCC[N+](CC)(CC)CC)c4ccc(Br)cc4C3(C)C)=C2[O-])[se]c2ccccc21,724.666
CCCC[n+]1c(/C=C2\C(=O)C(/C=C3\N(CCCC[N+](CC)(CC)CC)c4ccc(I)cc4C3(C)C)=C2[O-])[se]c2ccccc21,771.666
CCCC[n+]1c(/C=C2\C(=O)C(/C=C3\N(CCCCS(=O)(=O)O)c4ccccc4C3(C)C)=C2[O-])[se]c2ccccc21,625.649
CCCC[n+]1c(/C=C2\C(=O)C(/C=C3\N(CCCCS(=O)(=O)O)c4ccc(Br)cc4C3(C)C)=C2[O-])[se]c2ccccc21,704.545
CCCC[n+]1c(/C=C2\C(=O)C(/C=C3\N(CCCCS(=O)(=O)O)c4ccc(I)cc4C3(C)C)=C2[O-])[se]c2ccccc21,751.545
CCCC[n+]1c(/C=C2\C(=O)C(/C=C3\N(Cc4ccccc4)c4ccccc4C3(C)C)=C2[O-])[se]c2ccccc21,579.602
CCCC[n+]1c(/C=C2\C(=O)C(/C=C3\N(Cc4ccccc4)c4ccc(Br)cc4C3(C)C)=C2[O-])[se]c2ccccc21,658.498
CCCC[n+]1c(/C=C2\C(=O)C(/C=C3\N(Cc4ccccc4)c4ccc(I)cc4C3(C)C)=C2[O-])[se]c2ccccc21,705.498
CCCC[n+]1c(/C=C2\C(=O)C(/C=C3\N(Cc4ccsc4)c4ccccc4C3(C)C)=C2[O-])[se]c2ccccc21,585.631
CCCC[n+]1c(/C=C2\C(=O)C(/C=C3\N(Cc4ccsc4)c4ccc(Br)cc4C3(C)C)=C2[O-])[se]c2ccccc21,664.527
CCCC[n+]1c(/C=C2\C(=O)C(/C=C3\N(Cc4ccsc4)c4ccc(I)cc4C3(C)C)=C2[O-])[se]c2ccccc21,711.527
CCCC[n+]1c(/C=C2\C(=O)C(/C=C3\N(CC)c4ccccc4C3(C)C)=C2[O-])[se]c2cc(Br)ccc21,596.427
CCCC[n+]1c(/C=C2\C(=O)C(/C=C3\N(CC)c4ccc(Br)cc4C3(C)C)=C2[O-])[se]c2cc(Br)ccc21,675.323
CCCC[n+]1c(/C=C2\C(=O)C(/C=C3\N(CC)c4ccc(I)cc4C3(C)C)=C2[O-])[se]c2cc(Br)ccc21,722.323
CCCCN1/C(=C\C2=C([O-])/C(=C/c3[se]c4cc(Br)ccc4[n+]3CCCC)C2=O)C(C)(C)c2ccccc21,624.481
CCCCN1/C(=C\C2=C([O-])/C(=C/c3[se]c4cc(Br)ccc4[n+]3CCCC)C2=O)C(C)(C)c2cc(Br)ccc21,703.377
CCCCN1/C(=C\C2=C([O-])/C(=C/c3[se]c4cc(Br)ccc4[n+]3CCCC)C2=O)C(C)(C)c2cc(I)ccc21,750.377
CCCC[n+]1c(/C=C2\C(=O)C(/C=C3\N(CCCCN)c4ccccc4C3(C)C)=C2[O-])[se]c2cc(Br)ccc21,639.496
CCCC[n+]1c(/C=C2\C(=O)C(/C=C3\N(CCCCN)c4ccc(Br)cc4C3(C)C)=C2[O-])[se]c2cc(Br)ccc21,718.392
CCCC[n+]1c(/C=C2\C(=O)C(/C=C3\N(CCCCN)c4ccc(I)cc4C3(C)C)=C2[O-])[se]c2cc(Br)ccc21,765.392
CCCC[n+]1c(/C=C2\C(=O)C(/C=C3\N(CCCCO)c4ccccc4C3(C)C)=C2[O-])[se]c2cc(Br)ccc21,640.48
CCCC[n+]1c(/C=C2\C(=O)C(/C=C3\N(CCCCO)c4ccc(Br)cc4C3(C)C)=C2[O-])[se]c2cc(Br)ccc21,719.376
CCCC[n+]1c(/C=C2\C(=O)C(/C=C3\N(CCCCO)c4ccc(I)cc4C3(C)C)=C2[O-])[se]c2cc(Br)ccc21,766.376
CCCC[n+]1c(/C=C2\C(=O)C(/C=C3\N(CCCC[N+](CC)(CC)CC)c4ccccc4C3(C)C)=C2[O-])[se]c2cc(Br)ccc21,724.666
CCCC[n+]1c(/C=C2\C(=O)C(/C=C3\N(CCCC[N+](CC)(CC)CC)c4ccc(Br)cc4C3(C)C)=C2[O-])[se]c2cc(Br)ccc21,803.562
CCCC[n+]1c(/C=C2\C(=O)C(/C=C3\N(CCCC[N+](CC)(CC)CC)c4ccc(I)cc4C3(C)C)=C2[O-])[se]c2cc(Br)ccc21,850.562
CCCC[n+]1c(/C=C2\C(=O)C(/C=C3\N(CCCCS(=O)(=O)O)c4ccccc4C3(C)C)=C2[O-])[se]c2cc(Br)ccc21,704.545
CCCC[n+]1c(/C=C2\C(=O)C(/C=C3\N(CCCCS(=O)(=O)O)c4ccc(Br)cc4C3(C)C)=C2[O-])[se]c2cc(Br)ccc21,783.441
CCCC[n+]1c(/C=C2\C(=O)C(/C=C3\N(CCCCS(=O)(=O)O)c4ccc(I)cc4C3(C)C)=C2[O-])[se]c2cc(Br)ccc21,830.441
CCCC[n+]1c(/C=C2\C(=O)C(/C=C3\N(Cc4ccccc4)c4ccccc4C3(C)C)=C2[O-])[se]c2cc(Br)ccc21,658.498
CCCC[n+]1c(/C=C2\C(=O)C(/C=C3\N(Cc4ccccc4)c4ccc(Br)cc4C3(C)C)=C2[O-])[se]c2cc(Br)ccc21,737.394
CCCC[n+]1c(/C=C2\C(=O)C(/C=C3\N(Cc4ccccc4)c4ccc(I)cc4C3(C)C)=C2[O-])[se]c2cc(Br)ccc21,784.394
CCCC[n+]1c(/C=C2\C(=O)C(/C=C3\N(Cc4ccsc4)c4ccccc4C3(C)C)=C2[O-])[se]c2cc(Br)ccc21,664.527
CCCC[n+]1c(/C=C2\C(=O)C(/C=C3\N(Cc4ccsc4)c4ccc(Br)cc4C3(C)C)=C2[O-])[se]c2cc(Br)ccc21,743.423
CCCC[n+]1c(/C=C2\C(=O)C(/C=C3\N(Cc4ccsc4)c4ccc(I)cc4C3(C)C)=C2[O-])[se]c2cc(Br)ccc21,790.423
CCCC[n+]1c(/C=C2\C(=O)C(/C=C3\N(CC)c4ccccc4C3(C)C)=C2[O-])[se]c2cc(I)ccc21,643.427
CCCC[n+]1c(/C=C2\C(=O)C(/C=C3\N(CC)c4ccc(Br)cc4C3(C)C)=C2[O-])[se]c2cc(I)ccc21,722.323
CCCC[n+]1c(/C=C2\C(=O)C(/C=C3\N(CC)c4ccc(I)cc4C3(C)C)=C2[O-])[se]c2cc(I)ccc21,769.323
CCCCN1/C(=C\C2=C([O-])/C(=C/c3[se]c4cc(I)ccc4[n+]3CCCC)C2=O)C(C)(C)c2ccccc21,671.481
CCCCN1/C(=C\C2=C([O-])/C(=C/c3[se]c4cc(I)ccc4[n+]3CCCC)C2=O)C(C)(C)c2cc(Br)ccc21,750.377
CCCCN1/C(=C\C2=C([O-])/C(=C/c3[se]c4cc(I)ccc4[n+]3CCCC)C2=O)C(C)(C)c2cc(I)ccc21,797.377
CCCC[n+]1c(/C=C2\C(=O)C(/C=C3\N(CCCCN)c4ccccc4C3(C)C)=C2[O-])[se]c2cc(I)ccc21,686.496
CCCC[n+]1c(/C=C2\C(=O)C(/C=C3\N(CCCCN)c4ccc(Br)cc4C3(C)C)=C2[O-])[se]c2cc(I)ccc21,765.392
CCCC[n+]1c(/C=C2\C(=O)C(/C=C3\N(CCCCN)c4ccc(I)cc4C3(C)C)=C2[O-])[se]c2cc(I)ccc21,812.392
CCCC[n+]1c(/C=C2\C(=O)C(/C=C3\N(CCCCO)c4ccccc4C3(C)C)=C2[O-])[se]c2cc(I)ccc21,687.48
CCCC[n+]1c(/C=C2\C(=O)C(/C=C3\N(CCCCO)c4ccc(Br)cc4C3(C)C)=C2[O-])[se]c2cc(I)ccc21,766.376
CCCC[n+]1c(/C=C2\C(=O)C(/C=C3\N(CCCCO)c4ccc(I)cc4C3(C)C)=C2[O-])[se]c2cc(I)ccc21,813.376
CCCC[n+]1c(/C=C2\C(=O)C(/C=C3\N(CCCC[N+](CC)(CC)CC)c4ccccc4C3(C)C)=C2[O-])[se]c2cc(I)ccc21,771.666
CCCC[n+]1c(/C=C2\C(=O)C(/C=C3\N(CCCC[N+](CC)(CC)CC)c4ccc(Br)cc4C3(C)C)=C2[O-])[se]c2cc(I)ccc21,850.562
CCCC[n+]1c(/C=C2\C(=O)C(/C=C3\N(CCCC[N+](CC)(CC)CC)c4ccc(I)cc4C3(C)C)=C2[O-])[se]c2cc(I)ccc21,897.562
CCCC[n+]1c(/C=C2\C(=O)C(/C=C3\N(CCCCS(=O)(=O)O)c4ccccc4C3(C)C)=C2[O-])[se]c2cc(I)ccc21,751.545
CCCC[n+]1c(/C=C2\C(=O)C(/C=C3\N(CCCCS(=O)(=O)O)c4ccc(Br)cc4C3(C)C)=C2[O-])[se]c2cc(I)ccc21,830.441
CCCC[n+]1c(/C=C2\C(=O)C(/C=C3\N(CCCCS(=O)(=O)O)c4ccc(I)cc4C3(C)C)=C2[O-])[se]c2cc(I)ccc21,877.441
CCCC[n+]1c(/C=C2\C(=O)C(/C=C3\N(Cc4ccccc4)c4ccccc4C3(C)C)=C2[O-])[se]c2cc(I)ccc21,705.498
CCCC[n+]1c(/C=C2\C(=O)C(/C=C3\N(Cc4ccccc4)c4ccc(Br)cc4C3(C)C)=C2[O-])[se]c2cc(I)ccc21,784.394
CCCC[n+]1c(/C=C2\C(=O)C(/C=C3\N(Cc4ccccc4)c4ccc(I)cc4C3(C)C)=C2[O-])[se]c2cc(I)ccc21,831.394
CCCC[n+]1c(/C=C2\C(=O)C(/C=C3\N(Cc4ccsc4)c4ccccc4C3(C)C)=C2[O-])[se]c2cc(I)ccc21,711.527
CCCC[n+]1c(/C=C2\C(=O)C(/C=C3\N(Cc4ccsc4)c4ccc(Br)cc4C3(C)C)=C2[O-])[se]c2cc(I)ccc21,790.423
CCCC[n+]1c(/C=C2\C(=O)C(/C=C3\N(Cc4ccsc4)c4ccc(I)cc4C3(C)C)=C2[O-])[se]c2cc(I)ccc21,837.423
CCN1/C(=C\C2=C([O-])/C(=C/c3[se]c4ccccc4[n+]3CCCCN)C2=O)C(C)(C)c2ccccc21,532.546
CCN1/C(=C\C2=C([O-])/C(=C/c3[se]c4ccccc4[n+]3CCCCN)C2=O)C(C)(C)c2cc(Br)ccc21,611.442
CCN1/C(=C\C2=C([O-])/C(=C/c3[se]c4ccccc4[n+]3CCCCN)C2=O)C(C)(C)c2cc(I)ccc21,658.442
CCCCN1/C(=C\C2=C([O-])/C(=C/c3[se]c4ccccc4[n+]3CCCCN)C2=O)C(C)(C)c2ccccc21,560.6
CCCCN1/C(=C\C2=C([O-])/C(=C/c3[se]c4ccccc4[n+]3CCCCN)C2=O)C(C)(C)c2cc(Br)ccc21,639.496
CCCCN1/C(=C\C2=C([O-])/C(=C/c3[se]c4ccccc4[n+]3CCCCN)C2=O)C(C)(C)c2cc(I)ccc21,686.496
CC1(C)/C(=C/C2=C([O-])/C(=C/c3[se]c4ccccc4[n+]3CCCCN)C2=O)N(CCCCN)c2ccccc21,575.615
CC1(C)/C(=C/C2=C([O-])/C(=C/c3[se]c4ccccc4[n+]3CCCCN)C2=O)N(CCCCN)c2ccc(Br)cc21,654.511
CC1(C)/C(=C/C2=C([O-])/C(=C/c3[se]c4ccccc4[n+]3CCCCN)C2=O)N(CCCCN)c2ccc(I)cc21,701.511
CC1(C)/C(=C/C2=C([O-])/C(=C/c3[se]c4ccccc4[n+]3CCCCN)C2=O)N(CCCCO)c2ccccc21,576.599
CC1(C)/C(=C/C2=C([O-])/C(=C/c3[se]c4ccccc4[n+]3CCCCN)C2=O)N(CCCCO)c2ccc(Br)cc21,655.495
CC1(C)/C(=C/C2=C([O-])/C(=C/c3[se]c4ccccc4[n+]3CCCCN)C2=O)N(CCCCO)c2ccc(I)cc21,702.495
CC[N+](CC)(CC)CCCCN1/C(=C\C2=C([O-])/C(=C/c3[se]c4ccccc4[n+]3CCCCN)C2=O)C(C)(C)c2ccccc21,660.785
CC[N+](CC)(CC)CCCCN1/C(=C\C2=C([O-])/C(=C/c3[se]c4ccccc4[n+]3CCCCN)C2=O)C(C)(C)c2cc(Br)ccc21,739.681
CC[N+](CC)(CC)CCCCN1/C(=C\C2=C([O-])/C(=C/c3[se]c4ccccc4[n+]3CCCCN)C2=O)C(C)(C)c2cc(I)ccc21,786.681
CC1(C)/C(=C/C2=C([O-])/C(=C/c3[se]c4ccccc4[n+]3CCCCN)C2=O)N(CCCCS(=O)(=O)O)c2ccccc21,640.664
CC1(C)/C(=C/C2=C([O-])/C(=C/c3[se]c4ccccc4[n+]3CCCCN)C2=O)N(CCCCS(=O)(=O)O)c2ccc(Br)cc21,719.56
CC1(C)/C(=C/C2=C([O-])/C(=C/c3[se]c4ccccc4[n+]3CCCCN)C2=O)N(CCCCS(=O)(=O)O)c2ccc(I)cc21,766.56
CC1(C)/C(=C/C2=C([O-])/C(=C/c3[se]c4ccccc4[n+]3CCCCN)C2=O)N(Cc2ccccc2)c2ccccc21,594.617
CC1(C)/C(=C/C2=C([O-])/C(=C/c3[se]c4ccccc4[n+]3CCCCN)C2=O)N(Cc2ccccc2)c2ccc(Br)cc21,673.513
CC1(C)/C(=C/C2=C([O-])/C(=C/c3[se]c4ccccc4[n+]3CCCCN)C2=O)N(Cc2ccccc2)c2ccc(I)cc21,720.513
CC1(C)/C(=C/C2=C([O-])/C(=C/c3[se]c4ccccc4[n+]3CCCCN)C2=O)N(Cc2ccsc2)c2ccccc21,600.646
CC1(C)/C(=C/C2=C([O-])/C(=C/c3[se]c4ccccc4[n+]3CCCCN)C2=O)N(Cc2ccsc2)c2ccc(Br)cc21,679.542
CC1(C)/C(=C/C2=C([O-])/C(=C/c3[se]c4ccccc4[n+]3CCCCN)C2=O)N(Cc2ccsc2)c2ccc(I)cc21,726.542
CCN1/C(=C\C2=C([O-])/C(=C/c3[se]c4cc(Br)ccc4[n+]3CCCCN)C2=O)C(C)(C)c2ccccc21,611.442
CCN1/C(=C\C2=C([O-])/C(=C/c3[se]c4cc(Br)ccc4[n+]3CCCCN)C2=O)C(C)(C)c2cc(Br)ccc21,690.338
CCN1/C(=C\C2=C([O-])/C(=C/c3[se]c4cc(Br)ccc4[n+]3CCCCN)C2=O)C(C)(C)c2cc(I)ccc21,737.338
CCCCN1/C(=C\C2=C([O-])/C(=C/c3[se]c4cc(Br)ccc4[n+]3CCCCN)C2=O)C(C)(C)c2ccccc21,639.496
CCCCN1/C(=C\C2=C([O-])/C(=C/c3[se]c4cc(Br)ccc4[n+]3CCCCN)C2=O)C(C)(C)c2cc(Br)ccc21,718.392
CCCCN1/C(=C\C2=C([O-])/C(=C/c3[se]c4cc(Br)ccc4[n+]3CCCCN)C2=O)C(C)(C)c2cc(I)ccc21,765.392
CC1(C)/C(=C/C2=C([O-])/C(=C/c3[se]c4cc(Br)ccc4[n+]3CCCCN)C2=O)N(CCCCN)c2ccccc21,654.511
CC1(C)/C(=C/C2=C([O-])/C(=C/c3[se]c4cc(Br)ccc4[n+]3CCCCN)C2=O)N(CCCCN)c2ccc(Br)cc21,733.407
CC1(C)/C(=C/C2=C([O-])/C(=C/c3[se]c4cc(Br)ccc4[n+]3CCCCN)C2=O)N(CCCCN)c2ccc(I)cc21,780.407
CC1(C)/C(=C/C2=C([O-])/C(=C/c3[se]c4cc(Br)ccc4[n+]3CCCCN)C2=O)N(CCCCO)c2ccccc21,655.495
CC1(C)/C(=C/C2=C([O-])/C(=C/c3[se]c4cc(Br)ccc4[n+]3CCCCN)C2=O)N(CCCCO)c2ccc(Br)cc21,734.391
CC1(C)/C(=C/C2=C([O-])/C(=C/c3[se]c4cc(Br)ccc4[n+]3CCCCN)C2=O)N(CCCCO)c2ccc(I)cc21,781.391
CC[N+](CC)(CC)CCCCN1/C(=C\C2=C([O-])/C(=C/c3[se]c4cc(Br)ccc4[n+]3CCCCN)C2=O)C(C)(C)c2ccccc21,739.681
CC[N+](CC)(CC)CCCCN1/C(=C\C2=C([O-])/C(=C/c3[se]c4cc(Br)ccc4[n+]3CCCCN)C2=O)C(C)(C)c2cc(Br)ccc21,818.577
CC[N+](CC)(CC)CCCCN1/C(=C\C2=C([O-])/C(=C/c3[se]c4cc(Br)ccc4[n+]3CCCCN)C2=O)C(C)(C)c2cc(I)ccc21,865.577
CC1(C)/C(=C/C2=C([O-])/C(=C/c3[se]c4cc(Br)ccc4[n+]3CCCCN)C2=O)N(CCCCS(=O)(=O)O)c2ccccc21,719.56
CC1(C)/C(=C/C2=C([O-])/C(=C/c3[se]c4cc(Br)ccc4[n+]3CCCCN)C2=O)N(CCCCS(=O)(=O)O)c2ccc(Br)cc21,798.456
CC1(C)/C(=C/C2=C([O-])/C(=C/c3[se]c4cc(Br)ccc4[n+]3CCCCN)C2=O)N(CCCCS(=O)(=O)O)c2ccc(I)cc21,845.456
CC1(C)/C(=C/C2=C([O-])/C(=C/c3[se]c4cc(Br)ccc4[n+]3CCCCN)C2=O)N(Cc2ccccc2)c2ccccc21,673.513
CC1(C)/C(=C/C2=C([O-])/C(=C/c3[se]c4cc(Br)ccc4[n+]3CCCCN)C2=O)N(Cc2ccccc2)c2ccc(Br)cc21,752.409
CC1(C)/C(=C/C2=C([O-])/C(=C/c3[se]c4cc(Br)ccc4[n+]3CCCCN)C2=O)N(Cc2ccccc2)c2ccc(I)cc21,799.409
CC1(C)/C(=C/C2=C([O-])/C(=C/c3[se]c4cc(Br)ccc4[n+]3CCCCN)C2=O)N(Cc2ccsc2)c2ccccc21,679.542
CC1(C)/C(=C/C2=C([O-])/C(=C/c3[se]c4cc(Br)ccc4[n+]3CCCCN)C2=O)N(Cc2ccsc2)c2ccc(Br)cc21,758.438
CC1(C)/C(=C/C2=C([O-])/C(=C/c3[se]c4cc(Br)ccc4[n+]3CCCCN)C2=O)N(Cc2ccsc2)c2ccc(I)cc21,805.438
CCN1/C(=C\C2=C([O-])/C(=C/c3[se]c4cc(I)ccc4[n+]3CCCCN)C2=O)C(C)(C)c2ccccc21,658.442
CCN1/C(=C\C2=C([O-])/C(=C/c3[se]c4cc(I)ccc4[n+]3CCCCN)C2=O)C(C)(C)c2cc(Br)ccc21,737.338
CCN1/C(=C\C2=C([O-])/C(=C/c3[se]c4cc(I)ccc4[n+]3CCCCN)C2=O)C(C)(C)c2cc(I)ccc21,784.338
CCCCN1/C(=C\C2=C([O-])/C(=C/c3[se]c4cc(I)ccc4[n+]3CCCCN)C2=O)C(C)(C)c2ccccc21,686.496
CCCCN1/C(=C\C2=C([O-])/C(=C/c3[se]c4cc(I)ccc4[n+]3CCCCN)C2=O)C(C)(C)c2cc(Br)ccc21,765.392
CCCCN1/C(=C\C2=C([O-])/C(=C/c3[se]c4cc(I)ccc4[n+]3CCCCN)C2=O)C(C)(C)c2cc(I)ccc21,812.392
CC1(C)/C(=C/C2=C([O-])/C(=C/c3[se]c4cc(I)ccc4[n+]3CCCCN)C2=O)N(CCCCN)c2ccccc21,701.511
CC1(C)/C(=C/C2=C([O-])/C(=C/c3[se]c4cc(I)ccc4[n+]3CCCCN)C2=O)N(CCCCN)c2ccc(Br)cc21,780.407
CC1(C)/C(=C/C2=C([O-])/C(=C/c3[se]c4cc(I)ccc4[n+]3CCCCN)C2=O)N(CCCCN)c2ccc(I)cc21,827.407
CC1(C)/C(=C/C2=C([O-])/C(=C/c3[se]c4cc(I)ccc4[n+]3CCCCN)C2=O)N(CCCCO)c2ccccc21,702.495
CC1(C)/C(=C/C2=C([O-])/C(=C/c3[se]c4cc(I)ccc4[n+]3CCCCN)C2=O)N(CCCCO)c2ccc(Br)cc21,781.391
CC1(C)/C(=C/C2=C([O-])/C(=C/c3[se]c4cc(I)ccc4[n+]3CCCCN)C2=O)N(CCCCO)c2ccc(I)cc21,828.391
CC[N+](CC)(CC)CCCCN1/C(=C\C2=C([O-])/C(=C/c3[se]c4cc(I)ccc4[n+]3CCCCN)C2=O)C(C)(C)c2ccccc21,786.681
CC[N+](CC)(CC)CCCCN1/C(=C\C2=C([O-])/C(=C/c3[se]c4cc(I)ccc4[n+]3CCCCN)C2=O)C(C)(C)c2cc(Br)ccc21,865.577
CC[N+](CC)(CC)CCCCN1/C(=C\C2=C([O-])/C(=C/c3[se]c4cc(I)ccc4[n+]3CCCCN)C2=O)C(C)(C)c2cc(I)ccc21,912.577
CC1(C)/C(=C/C2=C([O-])/C(=C/c3[se]c4cc(I)ccc4[n+]3CCCCN)C2=O)N(CCCCS(=O)(=O)O)c2ccccc21,766.56
CC1(C)/C(=C/C2=C([O-])/C(=C/c3[se]c4cc(I)ccc4[n+]3CCCCN)C2=O)N(CCCCS(=O)(=O)O)c2ccc(Br)cc21,845.456
CC1(C)/C(=C/C2=C([O-])/C(=C/c3[se]c4cc(I)ccc4[n+]3CCCCN)C2=O)N(CCCCS(=O)(=O)O)c2ccc(I)cc21,892.456
CC1(C)/C(=C/C2=C([O-])/C(=C/c3[se]c4cc(I)ccc4[n+]3CCCCN)C2=O)N(Cc2ccccc2)c2ccccc21,720.513
CC1(C)/C(=C/C2=C([O-])/C(=C/c3[se]c4cc(I)ccc4[n+]3CCCCN)C2=O)N(Cc2ccccc2)c2ccc(Br)cc21,799.409
CC1(C)/C(=C/C2=C([O-])/C(=C/c3[se]c4cc(I)ccc4[n+]3CCCCN)C2=O)N(Cc2ccccc2)c2ccc(I)cc21,846.409
CC1(C)/C(=C/C2=C([O-])/C(=C/c3[se]c4cc(I)ccc4[n+]3CCCCN)C2=O)N(Cc2ccsc2)c2ccccc21,726.542
CC1(C)/C(=C/C2=C([O-])/C(=C/c3[se]c4cc(I)ccc4[n+]3CCCCN)C2=O)N(Cc2ccsc2)c2ccc(Br)cc21,805.438
CC1(C)/C(=C/C2=C([O-])/C(=C/c3[se]c4cc(I)ccc4[n+]3CCCCN)C2=O)N(Cc2ccsc2)c2ccc(I)cc21,852.438
CCN1/C(=C\C2=C([O-])/C(=C/c3[se]c4ccccc4[n+]3CCCCO)C2=O)C(C)(C)c2ccccc21,533.53
CCN1/C(=C\C2=C([O-])/C(=C/c3[se]c4ccccc4[n+]3CCCCO)C2=O)C(C)(C)c2cc(Br)ccc21,612.426
CCN1/C(=C\C2=C([O-])/C(=C/c3[se]c4ccccc4[n+]3CCCCO)C2=O)C(C)(C)c2cc(I)ccc21,659.426
CCCCN1/C(=C\C2=C([O-])/C(=C/c3[se]c4ccccc4[n+]3CCCCO)C2=O)C(C)(C)c2ccccc21,561.584
CCCCN1/C(=C\C2=C([O-])/C(=C/c3[se]c4ccccc4[n+]3CCCCO)C2=O)C(C)(C)c2cc(Br)ccc21,640.48
CCCCN1/C(=C\C2=C([O-])/C(=C/c3[se]c4ccccc4[n+]3CCCCO)C2=O)C(C)(C)c2cc(I)ccc21,687.48
CC1(C)/C(=C/C2=C([O-])/C(=C/c3[se]c4ccccc4[n+]3CCCCO)C2=O)N(CCCCN)c2ccccc21,576.599
CC1(C)/C(=C/C2=C([O-])/C(=C/c3[se]c4ccccc4[n+]3CCCCO)C2=O)N(CCCCN)c2ccc(Br)cc21,655.495
CC1(C)/C(=C/C2=C([O-])/C(=C/c3[se]c4ccccc4[n+]3CCCCO)C2=O)N(CCCCN)c2ccc(I)cc21,702.495
CC1(C)/C(=C/C2=C([O-])/C(=C/c3[se]c4ccccc4[n+]3CCCCO)C2=O)N(CCCCO)c2ccccc21,577.583
CC1(C)/C(=C/C2=C([O-])/C(=C/c3[se]c4ccccc4[n+]3CCCCO)C2=O)N(CCCCO)c2ccc(Br)cc21,656.479
CC1(C)/C(=C/C2=C([O-])/C(=C/c3[se]c4ccccc4[n+]3CCCCO)C2=O)N(CCCCO)c2ccc(I)cc21,703.479
CC[N+](CC)(CC)CCCCN1/C(=C\C2=C([O-])/C(=C/c3[se]c4ccccc4[n+]3CCCCO)C2=O)C(C)(C)c2ccccc21,661.769
CC[N+](CC)(CC)CCCCN1/C(=C\C2=C([O-])/C(=C/c3[se]c4ccccc4[n+]3CCCCO)C2=O)C(C)(C)c2cc(Br)ccc21,740.665
CC[N+](CC)(CC)CCCCN1/C(=C\C2=C([O-])/C(=C/c3[se]c4ccccc4[n+]3CCCCO)C2=O)C(C)(C)c2cc(I)ccc21,787.665
CC1(C)/C(=C/C2=C([O-])/C(=C/c3[se]c4ccccc4[n+]3CCCCO)C2=O)N(CCCCS(=O)(=O)O)c2ccccc21,641.648
CC1(C)/C(=C/C2=C([O-])/C(=C/c3[se]c4ccccc4[n+]3CCCCO)C2=O)N(CCCCS(=O)(=O)O)c2ccc(Br)cc21,720.544
CC1(C)/C(=C/C2=C([O-])/C(=C/c3[se]c4ccccc4[n+]3CCCCO)C2=O)N(CCCCS(=O)(=O)O)c2ccc(I)cc21,767.544
CC1(C)/C(=C/C2=C([O-])/C(=C/c3[se]c4ccccc4[n+]3CCCCO)C2=O)N(Cc2ccccc2)c2ccccc21,595.601
CC1(C)/C(=C/C2=C([O-])/C(=C/c3[se]c4ccccc4[n+]3CCCCO)C2=O)N(Cc2ccccc2)c2ccc(Br)cc21,674.497
CC1(C)/C(=C/C2=C([O-])/C(=C/c3[se]c4ccccc4[n+]3CCCCO)C2=O)N(Cc2ccccc2)c2ccc(I)cc21,721.497
CC1(C)/C(=C/C2=C([O-])/C(=C/c3[se]c4ccccc4[n+]3CCCCO)C2=O)N(Cc2ccsc2)c2ccccc21,601.63
CC1(C)/C(=C/C2=C([O-])/C(=C/c3[se]c4ccccc4[n+]3CCCCO)C2=O)N(Cc2ccsc2)c2ccc(Br)cc21,680.526
CC1(C)/C(=C/C2=C([O-])/C(=C/c3[se]c4ccccc4[n+]3CCCCO)C2=O)N(Cc2ccsc2)c2ccc(I)cc21,727.526
CCN1/C(=C\C2=C([O-])/C(=C/c3[se]c4cc(Br)ccc4[n+]3CCCCO)C2=O)C(C)(C)c2ccccc21,612.426
CCN1/C(=C\C2=C([O-])/C(=C/c3[se]c4cc(Br)ccc4[n+]3CCCCO)C2=O)C(C)(C)c2cc(Br)ccc21,691.322
CCN1/C(=C\C2=C([O-])/C(=C/c3[se]c4cc(Br)ccc4[n+]3CCCCO)C2=O)C(C)(C)c2cc(I)ccc21,738.322
CCCCN1/C(=C\C2=C([O-])/C(=C/c3[se]c4cc(Br)ccc4[n+]3CCCCO)C2=O)C(C)(C)c2ccccc21,640.48
CCCCN1/C(=C\C2=C([O-])/C(=C/c3[se]c4cc(Br)ccc4[n+]3CCCCO)C2=O)C(C)(C)c2cc(Br)ccc21,719.376
CCCCN1/C(=C\C2=C([O-])/C(=C/c3[se]c4cc(Br)ccc4[n+]3CCCCO)C2=O)C(C)(C)c2cc(I)ccc21,766.376
CC1(C)/C(=C/C2=C([O-])/C(=C/c3[se]c4cc(Br)ccc4[n+]3CCCCO)C2=O)N(CCCCN)c2ccccc21,655.495
CC1(C)/C(=C/C2=C([O-])/C(=C/c3[se]c4cc(Br)ccc4[n+]3CCCCO)C2=O)N(CCCCN)c2ccc(Br)cc21,734.391
CC1(C)/C(=C/C2=C([O-])/C(=C/c3[se]c4cc(Br)ccc4[n+]3CCCCO)C2=O)N(CCCCN)c2ccc(I)cc21,781.391
CC1(C)/C(=C/C2=C([O-])/C(=C/c3[se]c4cc(Br)ccc4[n+]3CCCCO)C2=O)N(CCCCO)c2ccccc21,656.479
CC1(C)/C(=C/C2=C([O-])/C(=C/c3[se]c4cc(Br)ccc4[n+]3CCCCO)C2=O)N(CCCCO)c2ccc(Br)cc21,735.375
CC1(C)/C(=C/C2=C([O-])/C(=C/c3[se]c4cc(Br)ccc4[n+]3CCCCO)C2=O)N(CCCCO)c2ccc(I)cc21,782.375
CC[N+](CC)(CC)CCCCN1/C(=C\C2=C([O-])/C(=C/c3[se]c4cc(Br)ccc4[n+]3CCCCO)C2=O)C(C)(C)c2ccccc21,740.665
CC[N+](CC)(CC)CCCCN1/C(=C\C2=C([O-])/C(=C/c3[se]c4cc(Br)ccc4[n+]3CCCCO)C2=O)C(C)(C)c2cc(Br)ccc21,819.561
CC[N+](CC)(CC)CCCCN1/C(=C\C2=C([O-])/C(=C/c3[se]c4cc(Br)ccc4[n+]3CCCCO)C2=O)C(C)(C)c2cc(I)ccc21,866.561
CC1(C)/C(=C/C2=C([O-])/C(=C/c3[se]c4cc(Br)ccc4[n+]3CCCCO)C2=O)N(CCCCS(=O)(=O)O)c2ccccc21,720.544
CC1(C)/C(=C/C2=C([O-])/C(=C/c3[se]c4cc(Br)ccc4[n+]3CCCCO)C2=O)N(CCCCS(=O)(=O)O)c2ccc(Br)cc21,799.44
CC1(C)/C(=C/C2=C([O-])/C(=C/c3[se]c4cc(Br)ccc4[n+]3CCCCO)C2=O)N(CCCCS(=O)(=O)O)c2ccc(I)cc21,846.44
CC1(C)/C(=C/C2=C([O-])/C(=C/c3[se]c4cc(Br)ccc4[n+]3CCCCO)C2=O)N(Cc2ccccc2)c2ccccc21,674.497
CC1(C)/C(=C/C2=C([O-])/C(=C/c3[se]c4cc(Br)ccc4[n+]3CCCCO)C2=O)N(Cc2ccccc2)c2ccc(Br)cc21,753.393
CC1(C)/C(=C/C2=C([O-])/C(=C/c3[se]c4cc(Br)ccc4[n+]3CCCCO)C2=O)N(Cc2ccccc2)c2ccc(I)cc21,800.393
CC1(C)/C(=C/C2=C([O-])/C(=C/c3[se]c4cc(Br)ccc4[n+]3CCCCO)C2=O)N(Cc2ccsc2)c2ccccc21,680.526
CC1(C)/C(=C/C2=C([O-])/C(=C/c3[se]c4cc(Br)ccc4[n+]3CCCCO)C2=O)N(Cc2ccsc2)c2ccc(Br)cc21,759.422
CC1(C)/C(=C/C2=C([O-])/C(=C/c3[se]c4cc(Br)ccc4[n+]3CCCCO)C2=O)N(Cc2ccsc2)c2ccc(I)cc21,806.422
CCN1/C(=C\C2=C([O-])/C(=C/c3[se]c4cc(I)ccc4[n+]3CCCCO)C2=O)C(C)(C)c2ccccc21,659.426
CCN1/C(=C\C2=C([O-])/C(=C/c3[se]c4cc(I)ccc4[n+]3CCCCO)C2=O)C(C)(C)c2cc(Br)ccc21,738.322
CCN1/C(=C\C2=C([O-])/C(=C/c3[se]c4cc(I)ccc4[n+]3CCCCO)C2=O)C(C)(C)c2cc(I)ccc21,785.322
CCCCN1/C(=C\C2=C([O-])/C(=C/c3[se]c4cc(I)ccc4[n+]3CCCCO)C2=O)C(C)(C)c2ccccc21,687.48
CCCCN1/C(=C\C2=C([O-])/C(=C/c3[se]c4cc(I)ccc4[n+]3CCCCO)C2=O)C(C)(C)c2cc(Br)ccc21,766.376
CCCCN1/C(=C\C2=C([O-])/C(=C/c3[se]c4cc(I)ccc4[n+]3CCCCO)C2=O)C(C)(C)c2cc(I)ccc21,813.376
CC1(C)/C(=C/C2=C([O-])/C(=C/c3[se]c4cc(I)ccc4[n+]3CCCCO)C2=O)N(CCCCN)c2ccccc21,702.495
CC1(C)/C(=C/C2=C([O-])/C(=C/c3[se]c4cc(I)ccc4[n+]3CCCCO)C2=O)N(CCCCN)c2ccc(Br)cc21,781.391
CC1(C)/C(=C/C2=C([O-])/C(=C/c3[se]c4cc(I)ccc4[n+]3CCCCO)C2=O)N(CCCCN)c2ccc(I)cc21,828.391
CC1(C)/C(=C/C2=C([O-])/C(=C/c3[se]c4cc(I)ccc4[n+]3CCCCO)C2=O)N(CCCCO)c2ccccc21,703.479
CC1(C)/C(=C/C2=C([O-])/C(=C/c3[se]c4cc(I)ccc4[n+]3CCCCO)C2=O)N(CCCCO)c2ccc(Br)cc21,782.375
CC1(C)/C(=C/C2=C([O-])/C(=C/c3[se]c4cc(I)ccc4[n+]3CCCCO)C2=O)N(CCCCO)c2ccc(I)cc21,829.375
CC[N+](CC)(CC)CCCCN1/C(=C\C2=C([O-])/C(=C/c3[se]c4cc(I)ccc4[n+]3CCCCO)C2=O)C(C)(C)c2ccccc21,787.665
CC[N+](CC)(CC)CCCCN1/C(=C\C2=C([O-])/C(=C/c3[se]c4cc(I)ccc4[n+]3CCCCO)C2=O)C(C)(C)c2cc(Br)ccc21,866.561
CC[N+](CC)(CC)CCCCN1/C(=C\C2=C([O-])/C(=C/c3[se]c4cc(I)ccc4[n+]3CCCCO)C2=O)C(C)(C)c2cc(I)ccc21,913.561
CC1(C)/C(=C/C2=C([O-])/C(=C/c3[se]c4cc(I)ccc4[n+]3CCCCO)C2=O)N(CCCCS(=O)(=O)O)c2ccccc21,767.544
CC1(C)/C(=C/C2=C([O-])/C(=C/c3[se]c4cc(I)ccc4[n+]3CCCCO)C2=O)N(CCCCS(=O)(=O)O)c2ccc(Br)cc21,846.44
CC1(C)/C(=C/C2=C([O-])/C(=C/c3[se]c4cc(I)ccc4[n+]3CCCCO)C2=O)N(CCCCS(=O)(=O)O)c2ccc(I)cc21,893.44
CC1(C)/C(=C/C2=C([O-])/C(=C/c3[se]c4cc(I)ccc4[n+]3CCCCO)C2=O)N(Cc2ccccc2)c2ccccc21,721.497
CC1(C)/C(=C/C2=C([O-])/C(=C/c3[se]c4cc(I)ccc4[n+]3CCCCO)C2=O)N(Cc2ccccc2)c2ccc(Br)cc21,800.393
CC1(C)/C(=C/C2=C([O-])/C(=C/c3[se]c4cc(I)ccc4[n+]3CCCCO)C2=O)N(Cc2ccccc2)c2ccc(I)cc21,847.393
CC1(C)/C(=C/C2=C([O-])/C(=C/c3[se]c4cc(I)ccc4[n+]3CCCCO)C2=O)N(Cc2ccsc2)c2ccccc21,727.526
CC1(C)/C(=C/C2=C([O-])/C(=C/c3[se]c4cc(I)ccc4[n+]3CCCCO)C2=O)N(Cc2ccsc2)c2ccc(Br)cc21,806.422
CC1(C)/C(=C/C2=C([O-])/C(=C/c3[se]c4cc(I)ccc4[n+]3CCCCO)C2=O)N(Cc2ccsc2)c2ccc(I)cc21,853.422
CCN1/C(=C\C2=C([O-])/C(=C/c3[se]c4ccccc4[n+]3CCCC[N+](CC)(CC)CC)C2=O)C(C)(C)c2ccccc21,617.716
CCN1/C(=C\C2=C([O-])/C(=C/c3[se]c4ccccc4[n+]3CCCC[N+](CC)(CC)CC)C2=O)C(C)(C)c2cc(Br)ccc21,696.612
CCN1/C(=C\C2=C([O-])/C(=C/c3[se]c4ccccc4[n+]3CCCC[N+](CC)(CC)CC)C2=O)C(C)(C)c2cc(I)ccc21,743.612
CCCCN1/C(=C\C2=C([O-])/C(=C/c3[se]c4ccccc4[n+]3CCCC[N+](CC)(CC)CC)C2=O)C(C)(C)c2ccccc21,645.77
CCCCN1/C(=C\C2=C([O-])/C(=C/c3[se]c4ccccc4[n+]3CCCC[N+](CC)(CC)CC)C2=O)C(C)(C)c2cc(Br)ccc21,724.666
CCCCN1/C(=C\C2=C([O-])/C(=C/c3[se]c4ccccc4[n+]3CCCC[N+](CC)(CC)CC)C2=O)C(C)(C)c2cc(I)ccc21,771.666
CC[N+](CC)(CC)CCCC[n+]1c(/C=C2\C(=O)C(/C=C3\N(CCCCN)c4ccccc4C3(C)C)=C2[O-])[se]c2ccccc21,660.785
CC[N+](CC)(CC)CCCC[n+]1c(/C=C2\C(=O)C(/C=C3\N(CCCCN)c4ccc(Br)cc4C3(C)C)=C2[O-])[se]c2ccccc21,739.681
CC[N+](CC)(CC)CCCC[n+]1c(/C=C2\C(=O)C(/C=C3\N(CCCCN)c4ccc(I)cc4C3(C)C)=C2[O-])[se]c2ccccc21,786.681
CC[N+](CC)(CC)CCCC[n+]1c(/C=C2\C(=O)C(/C=C3\N(CCCCO)c4ccccc4C3(C)C)=C2[O-])[se]c2ccccc21,661.769
CC[N+](CC)(CC)CCCC[n+]1c(/C=C2\C(=O)C(/C=C3\N(CCCCO)c4ccc(Br)cc4C3(C)C)=C2[O-])[se]c2ccccc21,740.665
CC[N+](CC)(CC)CCCC[n+]1c(/C=C2\C(=O)C(/C=C3\N(CCCCO)c4ccc(I)cc4C3(C)C)=C2[O-])[se]c2ccccc21,787.665
CC[N+](CC)(CC)CCCCN1/C(=C\C2=C([O-])/C(=C/c3[se]c4ccccc4[n+]3CCCC[N+](CC)(CC)CC)C2=O)C(C)(C)c2ccccc21,745.955
CC[N+](CC)(CC)CCCCN1/C(=C\C2=C([O-])/C(=C/c3[se]c4ccccc4[n+]3CCCC[N+](CC)(CC)CC)C2=O)C(C)(C)c2cc(Br)ccc21,824.851
CC[N+](CC)(CC)CCCCN1/C(=C\C2=C([O-])/C(=C/c3[se]c4ccccc4[n+]3CCCC[N+](CC)(CC)CC)C2=O)C(C)(C)c2cc(I)ccc21,871.851
CC[N+](CC)(CC)CCCC[n+]1c(/C=C2\C(=O)C(/C=C3\N(CCCCS(=O)(=O)O)c4ccccc4C3(C)C)=C2[O-])[se]c2ccccc21,725.834
CC[N+](CC)(CC)CCCC[n+]1c(/C=C2\C(=O)C(/C=C3\N(CCCCS(=O)(=O)O)c4ccc(Br)cc4C3(C)C)=C2[O-])[se]c2ccccc21,804.73
CC[N+](CC)(CC)CCCC[n+]1c(/C=C2\C(=O)C(/C=C3\N(CCCCS(=O)(=O)O)c4ccc(I)cc4C3(C)C)=C2[O-])[se]c2ccccc21,851.73
CC[N+](CC)(CC)CCCC[n+]1c(/C=C2\C(=O)C(/C=C3\N(Cc4ccccc4)c4ccccc4C3(C)C)=C2[O-])[se]c2ccccc21,679.787
CC[N+](CC)(CC)CCCC[n+]1c(/C=C2\C(=O)C(/C=C3\N(Cc4ccccc4)c4ccc(Br)cc4C3(C)C)=C2[O-])[se]c2ccccc21,758.683
CC[N+](CC)(CC)CCCC[n+]1c(/C=C2\C(=O)C(/C=C3\N(Cc4ccccc4)c4ccc(I)cc4C3(C)C)=C2[O-])[se]c2ccccc21,805.683
CC[N+](CC)(CC)CCCC[n+]1c(/C=C2\C(=O)C(/C=C3\N(Cc4ccsc4)c4ccccc4C3(C)C)=C2[O-])[se]c2ccccc21,685.816
CC[N+](CC)(CC)CCCC[n+]1c(/C=C2\C(=O)C(/C=C3\N(Cc4ccsc4)c4ccc(Br)cc4C3(C)C)=C2[O-])[se]c2ccccc21,764.712
CC[N+](CC)(CC)CCCC[n+]1c(/C=C2\C(=O)C(/C=C3\N(Cc4ccsc4)c4ccc(I)cc4C3(C)C)=C2[O-])[se]c2ccccc21,811.712
CCN1/C(=C\C2=C([O-])/C(=C/c3[se]c4cc(Br)ccc4[n+]3CCCC[N+](CC)(CC)CC)C2=O)C(C)(C)c2ccccc21,696.612
CCN1/C(=C\C2=C([O-])/C(=C/c3[se]c4cc(Br)ccc4[n+]3CCCC[N+](CC)(CC)CC)C2=O)C(C)(C)c2cc(Br)ccc21,775.508
CCN1/C(=C\C2=C([O-])/C(=C/c3[se]c4cc(Br)ccc4[n+]3CCCC[N+](CC)(CC)CC)C2=O)C(C)(C)c2cc(I)ccc21,822.508
CCCCN1/C(=C\C2=C([O-])/C(=C/c3[se]c4cc(Br)ccc4[n+]3CCCC[N+](CC)(CC)CC)C2=O)C(C)(C)c2ccccc21,724.666
CCCCN1/C(=C\C2=C([O-])/C(=C/c3[se]c4cc(Br)ccc4[n+]3CCCC[N+](CC)(CC)CC)C2=O)C(C)(C)c2cc(Br)ccc21,803.562
CCCCN1/C(=C\C2=C([O-])/C(=C/c3[se]c4cc(Br)ccc4[n+]3CCCC[N+](CC)(CC)CC)C2=O)C(C)(C)c2cc(I)ccc21,850.562
CC[N+](CC)(CC)CCCC[n+]1c(/C=C2\C(=O)C(/C=C3\N(CCCCN)c4ccccc4C3(C)C)=C2[O-])[se]c2cc(Br)ccc21,739.681
CC[N+](CC)(CC)CCCC[n+]1c(/C=C2\C(=O)C(/C=C3\N(CCCCN)c4ccc(Br)cc4C3(C)C)=C2[O-])[se]c2cc(Br)ccc21,818.577
CC[N+](CC)(CC)CCCC[n+]1c(/C=C2\C(=O)C(/C=C3\N(CCCCN)c4ccc(I)cc4C3(C)C)=C2[O-])[se]c2cc(Br)ccc21,865.577
CC[N+](CC)(CC)CCCC[n+]1c(/C=C2\C(=O)C(/C=C3\N(CCCCO)c4ccccc4C3(C)C)=C2[O-])[se]c2cc(Br)ccc21,740.665
CC[N+](CC)(CC)CCCC[n+]1c(/C=C2\C(=O)C(/C=C3\N(CCCCO)c4ccc(Br)cc4C3(C)C)=C2[O-])[se]c2cc(Br)ccc21,819.561
CC[N+](CC)(CC)CCCC[n+]1c(/C=C2\C(=O)C(/C=C3\N(CCCCO)c4ccc(I)cc4C3(C)C)=C2[O-])[se]c2cc(Br)ccc21,866.561
CC[N+](CC)(CC)CCCCN1/C(=C\C2=C([O-])/C(=C/c3[se]c4cc(Br)ccc4[n+]3CCCC[N+](CC)(CC)CC)C2=O)C(C)(C)c2ccccc21,824.851
CC[N+](CC)(CC)CCCCN1/C(=C\C2=C([O-])/C(=C/c3[se]c4cc(Br)ccc4[n+]3CCCC[N+](CC)(CC)CC)C2=O)C(C)(C)c2cc(Br)ccc21,903.747
CC[N+](CC)(CC)CCCCN1/C(=C\C2=C([O-])/C(=C/c3[se]c4cc(Br)ccc4[n+]3CCCC[N+](CC)(CC)CC)C2=O)C(C)(C)c2cc(I)ccc21,950.747
CC[N+](CC)(CC)CCCC[n+]1c(/C=C2\C(=O)C(/C=C3\N(CCCCS(=O)(=O)O)c4ccccc4C3(C)C)=C2[O-])[se]c2cc(Br)ccc21,804.73
CC[N+](CC)(CC)CCCC[n+]1c(/C=C2\C(=O)C(/C=C3\N(CCCCS(=O)(=O)O)c4ccc(Br)cc4C3(C)C)=C2[O-])[se]c2cc(Br)ccc21,883.626
CC[N+](CC)(CC)CCCC[n+]1c(/C=C2\C(=O)C(/C=C3\N(CCCCS(=O)(=O)O)c4ccc(I)cc4C3(C)C)=C2[O-])[se]c2cc(Br)ccc21,930.626
CC[N+](CC)(CC)CCCC[n+]1c(/C=C2\C(=O)C(/C=C3\N(Cc4ccccc4)c4ccccc4C3(C)C)=C2[O-])[se]c2cc(Br)ccc21,758.683
CC[N+](CC)(CC)CCCC[n+]1c(/C=C2\C(=O)C(/C=C3\N(Cc4ccccc4)c4ccc(Br)cc4C3(C)C)=C2[O-])[se]c2cc(Br)ccc21,837.579
CC[N+](CC)(CC)CCCC[n+]1c(/C=C2\C(=O)C(/C=C3\N(Cc4ccccc4)c4ccc(I)cc4C3(C)C)=C2[O-])[se]c2cc(Br)ccc21,884.579
CC[N+](CC)(CC)CCCC[n+]1c(/C=C2\C(=O)C(/C=C3\N(Cc4ccsc4)c4ccccc4C3(C)C)=C2[O-])[se]c2cc(Br)ccc21,764.712
CC[N+](CC)(CC)CCCC[n+]1c(/C=C2\C(=O)C(/C=C3\N(Cc4ccsc4)c4ccc(Br)cc4C3(C)C)=C2[O-])[se]c2cc(Br)ccc21,843.608
CC[N+](CC)(CC)CCCC[n+]1c(/C=C2\C(=O)C(/C=C3\N(Cc4ccsc4)c4ccc(I)cc4C3(C)C)=C2[O-])[se]c2cc(Br)ccc21,890.608
CCN1/C(=C\C2=C([O-])/C(=C/c3[se]c4cc(I)ccc4[n+]3CCCC[N+](CC)(CC)CC)C2=O)C(C)(C)c2ccccc21,743.612
CCN1/C(=C\C2=C([O-])/C(=C/c3[se]c4cc(I)ccc4[n+]3CCCC[N+](CC)(CC)CC)C2=O)C(C)(C)c2cc(Br)ccc21,822.508
CCN1/C(=C\C2=C([O-])/C(=C/c3[se]c4cc(I)ccc4[n+]3CCCC[N+](CC)(CC)CC)C2=O)C(C)(C)c2cc(I)ccc21,869.508
CCCCN1/C(=C\C2=C([O-])/C(=C/c3[se]c4cc(I)ccc4[n+]3CCCC[N+](CC)(CC)CC)C2=O)C(C)(C)c2ccccc21,771.666
CCCCN1/C(=C\C2=C([O-])/C(=C/c3[se]c4cc(I)ccc4[n+]3CCCC[N+](CC)(CC)CC)C2=O)C(C)(C)c2cc(Br)ccc21,850.562
CCCCN1/C(=C\C2=C([O-])/C(=C/c3[se]c4cc(I)ccc4[n+]3CCCC[N+](CC)(CC)CC)C2=O)C(C)(C)c2cc(I)ccc21,897.562
CC[N+](CC)(CC)CCCC[n+]1c(/C=C2\C(=O)C(/C=C3\N(CCCCN)c4ccccc4C3(C)C)=C2[O-])[se]c2cc(I)ccc21,786.681
CC[N+](CC)(CC)CCCC[n+]1c(/C=C2\C(=O)C(/C=C3\N(CCCCN)c4ccc(Br)cc4C3(C)C)=C2[O-])[se]c2cc(I)ccc21,865.577
CC[N+](CC)(CC)CCCC[n+]1c(/C=C2\C(=O)C(/C=C3\N(CCCCN)c4ccc(I)cc4C3(C)C)=C2[O-])[se]c2cc(I)ccc21,912.577
CC[N+](CC)(CC)CCCC[n+]1c(/C=C2\C(=O)C(/C=C3\N(CCCCO)c4ccccc4C3(C)C)=C2[O-])[se]c2cc(I)ccc21,787.665
CC[N+](CC)(CC)CCCC[n+]1c(/C=C2\C(=O)C(/C=C3\N(CCCCO)c4ccc(Br)cc4C3(C)C)=C2[O-])[se]c2cc(I)ccc21,866.561
CC[N+](CC)(CC)CCCC[n+]1c(/C=C2\C(=O)C(/C=C3\N(CCCCO)c4ccc(I)cc4C3(C)C)=C2[O-])[se]c2cc(I)ccc21,913.561
CC[N+](CC)(CC)CCCCN1/C(=C\C2=C([O-])/C(=C/c3[se]c4cc(I)ccc4[n+]3CCCC[N+](CC)(CC)CC)C2=O)C(C)(C)c2ccccc21,871.851
CC[N+](CC)(CC)CCCCN1/C(=C\C2=C([O-])/C(=C/c3[se]c4cc(I)ccc4[n+]3CCCC[N+](CC)(CC)CC)C2=O)C(C)(C)c2cc(Br)ccc21,950.747
CC[N+](CC)(CC)CCCCN1/C(=C\C2=C([O-])/C(=C/c3[se]c4cc(I)ccc4[n+]3CCCC[N+](CC)(CC)CC)C2=O)C(C)(C)c2cc(I)ccc21,997.747
CC[N+](CC)(CC)CCCC[n+]1c(/C=C2\C(=O)C(/C=C3\N(CCCCS(=O)(=O)O)c4ccccc4C3(C)C)=C2[O-])[se]c2cc(I)ccc21,851.73
CC[N+](CC)(CC)CCCC[n+]1c(/C=C2\C(=O)C(/C=C3\N(CCCCS(=O)(=O)O)c4ccc(Br)cc4C3(C)C)=C2[O-])[se]c2cc(I)ccc21,930.626
CC[N+](CC)(CC)CCCC[n+]1c(/C=C2\C(=O)C(/C=C3\N(CCCCS(=O)(=O)O)c4ccc(I)cc4C3(C)C)=C2[O-])[se]c2cc(I)ccc21,977.626
CC[N+](CC)(CC)CCCC[n+]1c(/C=C2\C(=O)C(/C=C3\N(Cc4ccccc4)c4ccccc4C3(C)C)=C2[O-])[se]c2cc(I)ccc21,805.683
CC[N+](CC)(CC)CCCC[n+]1c(/C=C2\C(=O)C(/C=C3\N(Cc4ccccc4)c4ccc(Br)cc4C3(C)C)=C2[O-])[se]c2cc(I)ccc21,884.579
CC[N+](CC)(CC)CCCC[n+]1c(/C=C2\C(=O)C(/C=C3\N(Cc4ccccc4)c4ccc(I)cc4C3(C)C)=C2[O-])[se]c2cc(I)ccc21,931.579
CC[N+](CC)(CC)CCCC[n+]1c(/C=C2\C(=O)C(/C=C3\N(Cc4ccsc4)c4ccccc4C3(C)C)=C2[O-])[se]c2cc(I)ccc21,811.712
CC[N+](CC)(CC)CCCC[n+]1c(/C=C2\C(=O)C(/C=C3\N(Cc4ccsc4)c4ccc(Br)cc4C3(C)C)=C2[O-])[se]c2cc(I)ccc21,890.608
CC[N+](CC)(CC)CCCC[n+]1c(/C=C2\C(=O)C(/C=C3\N(Cc4ccsc4)c4ccc(I)cc4C3(C)C)=C2[O-])[se]c2cc(I)ccc21,937.608
CCN1/C(=C\C2=C([O-])/C(=C/c3[se]c4ccccc4[n+]3CCCCS(=O)(=O)O)C2=O)C(C)(C)c2ccccc21,597.595
CCN1/C(=C\C2=C([O-])/C(=C/c3[se]c4ccccc4[n+]3CCCCS(=O)(=O)O)C2=O)C(C)(C)c2cc(Br)ccc21,676.491
CCN1/C(=C\C2=C([O-])/C(=C/c3[se]c4ccccc4[n+]3CCCCS(=O)(=O)O)C2=O)C(C)(C)c2cc(I)ccc21,723.491
CCCCN1/C(=C\C2=C([O-])/C(=C/c3[se]c4ccccc4[n+]3CCCCS(=O)(=O)O)C2=O)C(C)(C)c2ccccc21,625.649
CCCCN1/C(=C\C2=C([O-])/C(=C/c3[se]c4ccccc4[n+]3CCCCS(=O)(=O)O)C2=O)C(C)(C)c2cc(Br)ccc21,704.545
CCCCN1/C(=C\C2=C([O-])/C(=C/c3[se]c4ccccc4[n+]3CCCCS(=O)(=O)O)C2=O)C(C)(C)c2cc(I)ccc21,751.545
CC1(C)/C(=C/C2=C([O-])/C(=C/c3[se]c4ccccc4[n+]3CCCCS(=O)(=O)O)C2=O)N(CCCCN)c2ccccc21,640.664
CC1(C)/C(=C/C2=C([O-])/C(=C/c3[se]c4ccccc4[n+]3CCCCS(=O)(=O)O)C2=O)N(CCCCN)c2ccc(Br)cc21,719.56
CC1(C)/C(=C/C2=C([O-])/C(=C/c3[se]c4ccccc4[n+]3CCCCS(=O)(=O)O)C2=O)N(CCCCN)c2ccc(I)cc21,766.56
CC1(C)/C(=C/C2=C([O-])/C(=C/c3[se]c4ccccc4[n+]3CCCCS(=O)(=O)O)C2=O)N(CCCCO)c2ccccc21,641.648
CC1(C)/C(=C/C2=C([O-])/C(=C/c3[se]c4ccccc4[n+]3CCCCS(=O)(=O)O)C2=O)N(CCCCO)c2ccc(Br)cc21,720.544
CC1(C)/C(=C/C2=C([O-])/C(=C/c3[se]c4ccccc4[n+]3CCCCS(=O)(=O)O)C2=O)N(CCCCO)c2ccc(I)cc21,767.544
CC[N+](CC)(CC)CCCCN1/C(=C\C2=C([O-])/C(=C/c3[se]c4ccccc4[n+]3CCCCS(=O)(=O)O)C2=O)C(C)(C)c2ccccc21,725.834
CC[N+](CC)(CC)CCCCN1/C(=C\C2=C([O-])/C(=C/c3[se]c4ccccc4[n+]3CCCCS(=O)(=O)O)C2=O)C(C)(C)c2cc(Br)ccc21,804.73
CC[N+](CC)(CC)CCCCN1/C(=C\C2=C([O-])/C(=C/c3[se]c4ccccc4[n+]3CCCCS(=O)(=O)O)C2=O)C(C)(C)c2cc(I)ccc21,851.73
CC1(C)/C(=C/C2=C([O-])/C(=C/c3[se]c4ccccc4[n+]3CCCCS(=O)(=O)O)C2=O)N(CCCCS(=O)(=O)O)c2ccccc21,705.713
CC1(C)/C(=C/C2=C([O-])/C(=C/c3[se]c4ccccc4[n+]3CCCCS(=O)(=O)O)C2=O)N(CCCCS(=O)(=O)O)c2ccc(Br)cc21,784.609
CC1(C)/C(=C/C2=C([O-])/C(=C/c3[se]c4ccccc4[n+]3CCCCS(=O)(=O)O)C2=O)N(CCCCS(=O)(=O)O)c2ccc(I)cc21,831.609
CC1(C)/C(=C/C2=C([O-])/C(=C/c3[se]c4ccccc4[n+]3CCCCS(=O)(=O)O)C2=O)N(Cc2ccccc2)c2ccccc21,659.666000000001
CC1(C)/C(=C/C2=C([O-])/C(=C/c3[se]c4ccccc4[n+]3CCCCS(=O)(=O)O)C2=O)N(Cc2ccccc2)c2ccc(Br)cc21,738.562000000001
CC1(C)/C(=C/C2=C([O-])/C(=C/c3[se]c4ccccc4[n+]3CCCCS(=O)(=O)O)C2=O)N(Cc2ccccc2)c2ccc(I)cc21,785.562
CC1(C)/C(=C/C2=C([O-])/C(=C/c3[se]c4ccccc4[n+]3CCCCS(=O)(=O)O)C2=O)N(Cc2ccsc2)c2ccccc21,665.695000000001
CC1(C)/C(=C/C2=C([O-])/C(=C/c3[se]c4ccccc4[n+]3CCCCS(=O)(=O)O)C2=O)N(Cc2ccsc2)c2ccc(Br)cc21,744.591000000001
CC1(C)/C(=C/C2=C([O-])/C(=C/c3[se]c4ccccc4[n+]3CCCCS(=O)(=O)O)C2=O)N(Cc2ccsc2)c2ccc(I)cc21,791.591
CCN1/C(=C\C2=C([O-])/C(=C/c3[se]c4cc(Br)ccc4[n+]3CCCCS(=O)(=O)O)C2=O)C(C)(C)c2ccccc21,676.491
CCN1/C(=C\C2=C([O-])/C(=C/c3[se]c4cc(Br)ccc4[n+]3CCCCS(=O)(=O)O)C2=O)C(C)(C)c2cc(Br)ccc21,755.387
CCN1/C(=C\C2=C([O-])/C(=C/c3[se]c4cc(Br)ccc4[n+]3CCCCS(=O)(=O)O)C2=O)C(C)(C)c2cc(I)ccc21,802.387
CCCCN1/C(=C\C2=C([O-])/C(=C/c3[se]c4cc(Br)ccc4[n+]3CCCCS(=O)(=O)O)C2=O)C(C)(C)c2ccccc21,704.545
CCCCN1/C(=C\C2=C([O-])/C(=C/c3[se]c4cc(Br)ccc4[n+]3CCCCS(=O)(=O)O)C2=O)C(C)(C)c2cc(Br)ccc21,783.441
CCCCN1/C(=C\C2=C([O-])/C(=C/c3[se]c4cc(Br)ccc4[n+]3CCCCS(=O)(=O)O)C2=O)C(C)(C)c2cc(I)ccc21,830.441
CC1(C)/C(=C/C2=C([O-])/C(=C/c3[se]c4cc(Br)ccc4[n+]3CCCCS(=O)(=O)O)C2=O)N(CCCCN)c2ccccc21,719.56
CC1(C)/C(=C/C2=C([O-])/C(=C/c3[se]c4cc(Br)ccc4[n+]3CCCCS(=O)(=O)O)C2=O)N(CCCCN)c2ccc(Br)cc21,798.456
CC1(C)/C(=C/C2=C([O-])/C(=C/c3[se]c4cc(Br)ccc4[n+]3CCCCS(=O)(=O)O)C2=O)N(CCCCN)c2ccc(I)cc21,845.456
CC1(C)/C(=C/C2=C([O-])/C(=C/c3[se]c4cc(Br)ccc4[n+]3CCCCS(=O)(=O)O)C2=O)N(CCCCO)c2ccccc21,720.544
CC1(C)/C(=C/C2=C([O-])/C(=C/c3[se]c4cc(Br)ccc4[n+]3CCCCS(=O)(=O)O)C2=O)N(CCCCO)c2ccc(Br)cc21,799.44
CC1(C)/C(=C/C2=C([O-])/C(=C/c3[se]c4cc(Br)ccc4[n+]3CCCCS(=O)(=O)O)C2=O)N(CCCCO)c2ccc(I)cc21,846.44
CC[N+](CC)(CC)CCCCN1/C(=C\C2=C([O-])/C(=C/c3[se]c4cc(Br)ccc4[n+]3CCCCS(=O)(=O)O)C2=O)C(C)(C)c2ccccc21,804.73
CC[N+](CC)(CC)CCCCN1/C(=C\C2=C([O-])/C(=C/c3[se]c4cc(Br)ccc4[n+]3CCCCS(=O)(=O)O)C2=O)C(C)(C)c2cc(Br)ccc21,883.626
CC[N+](CC)(CC)CCCCN1/C(=C\C2=C([O-])/C(=C/c3[se]c4cc(Br)ccc4[n+]3CCCCS(=O)(=O)O)C2=O)C(C)(C)c2cc(I)ccc21,930.626
CC1(C)/C(=C/C2=C([O-])/C(=C/c3[se]c4cc(Br)ccc4[n+]3CCCCS(=O)(=O)O)C2=O)N(CCCCS(=O)(=O)O)c2ccccc21,784.609
CC1(C)/C(=C/C2=C([O-])/C(=C/c3[se]c4cc(Br)ccc4[n+]3CCCCS(=O)(=O)O)C2=O)N(CCCCS(=O)(=O)O)c2ccc(Br)cc21,863.505
CC1(C)/C(=C/C2=C([O-])/C(=C/c3[se]c4cc(Br)ccc4[n+]3CCCCS(=O)(=O)O)C2=O)N(CCCCS(=O)(=O)O)c2ccc(I)cc21,910.505
CC1(C)/C(=C/C2=C([O-])/C(=C/c3[se]c4cc(Br)ccc4[n+]3CCCCS(=O)(=O)O)C2=O)N(Cc2ccccc2)c2ccccc21,738.562000000001
CC1(C)/C(=C/C2=C([O-])/C(=C/c3[se]c4cc(Br)ccc4[n+]3CCCCS(=O)(=O)O)C2=O)N(Cc2ccccc2)c2ccc(Br)cc21,817.458
CC1(C)/C(=C/C2=C([O-])/C(=C/c3[se]c4cc(Br)ccc4[n+]3CCCCS(=O)(=O)O)C2=O)N(Cc2ccccc2)c2ccc(I)cc21,864.458000000001
CC1(C)/C(=C/C2=C([O-])/C(=C/c3[se]c4cc(Br)ccc4[n+]3CCCCS(=O)(=O)O)C2=O)N(Cc2ccsc2)c2ccccc21,744.591000000001
CC1(C)/C(=C/C2=C([O-])/C(=C/c3[se]c4cc(Br)ccc4[n+]3CCCCS(=O)(=O)O)C2=O)N(Cc2ccsc2)c2ccc(Br)cc21,823.487
CC1(C)/C(=C/C2=C([O-])/C(=C/c3[se]c4cc(Br)ccc4[n+]3CCCCS(=O)(=O)O)C2=O)N(Cc2ccsc2)c2ccc(I)cc21,870.487000000001
CCN1/C(=C\C2=C([O-])/C(=C/c3[se]c4cc(I)ccc4[n+]3CCCCS(=O)(=O)O)C2=O)C(C)(C)c2ccccc21,723.491
CCN1/C(=C\C2=C([O-])/C(=C/c3[se]c4cc(I)ccc4[n+]3CCCCS(=O)(=O)O)C2=O)C(C)(C)c2cc(Br)ccc21,802.387
CCN1/C(=C\C2=C([O-])/C(=C/c3[se]c4cc(I)ccc4[n+]3CCCCS(=O)(=O)O)C2=O)C(C)(C)c2cc(I)ccc21,849.387000000001
CCCCN1/C(=C\C2=C([O-])/C(=C/c3[se]c4cc(I)ccc4[n+]3CCCCS(=O)(=O)O)C2=O)C(C)(C)c2ccccc21,751.545
CCCCN1/C(=C\C2=C([O-])/C(=C/c3[se]c4cc(I)ccc4[n+]3CCCCS(=O)(=O)O)C2=O)C(C)(C)c2cc(Br)ccc21,830.441
CCCCN1/C(=C\C2=C([O-])/C(=C/c3[se]c4cc(I)ccc4[n+]3CCCCS(=O)(=O)O)C2=O)C(C)(C)c2cc(I)ccc21,877.441
CC1(C)/C(=C/C2=C([O-])/C(=C/c3[se]c4cc(I)ccc4[n+]3CCCCS(=O)(=O)O)C2=O)N(CCCCN)c2ccccc21,766.56
CC1(C)/C(=C/C2=C([O-])/C(=C/c3[se]c4cc(I)ccc4[n+]3CCCCS(=O)(=O)O)C2=O)N(CCCCN)c2ccc(Br)cc21,845.456
CC1(C)/C(=C/C2=C([O-])/C(=C/c3[se]c4cc(I)ccc4[n+]3CCCCS(=O)(=O)O)C2=O)N(CCCCN)c2ccc(I)cc21,892.456
CC1(C)/C(=C/C2=C([O-])/C(=C/c3[se]c4cc(I)ccc4[n+]3CCCCS(=O)(=O)O)C2=O)N(CCCCO)c2ccccc21,767.544
CC1(C)/C(=C/C2=C([O-])/C(=C/c3[se]c4cc(I)ccc4[n+]3CCCCS(=O)(=O)O)C2=O)N(CCCCO)c2ccc(Br)cc21,846.44
CC1(C)/C(=C/C2=C([O-])/C(=C/c3[se]c4cc(I)ccc4[n+]3CCCCS(=O)(=O)O)C2=O)N(CCCCO)c2ccc(I)cc21,893.44
CC[N+](CC)(CC)CCCCN1/C(=C\C2=C([O-])/C(=C/c3[se]c4cc(I)ccc4[n+]3CCCCS(=O)(=O)O)C2=O)C(C)(C)c2ccccc21,851.73
CC[N+](CC)(CC)CCCCN1/C(=C\C2=C([O-])/C(=C/c3[se]c4cc(I)ccc4[n+]3CCCCS(=O)(=O)O)C2=O)C(C)(C)c2cc(Br)ccc21,930.626
CC[N+](CC)(CC)CCCCN1/C(=C\C2=C([O-])/C(=C/c3[se]c4cc(I)ccc4[n+]3CCCCS(=O)(=O)O)C2=O)C(C)(C)c2cc(I)ccc21,977.626
CC1(C)/C(=C/C2=C([O-])/C(=C/c3[se]c4cc(I)ccc4[n+]3CCCCS(=O)(=O)O)C2=O)N(CCCCS(=O)(=O)O)c2ccccc21,831.609
CC1(C)/C(=C/C2=C([O-])/C(=C/c3[se]c4cc(I)ccc4[n+]3CCCCS(=O)(=O)O)C2=O)N(CCCCS(=O)(=O)O)c2ccc(Br)cc21,910.505
CC1(C)/C(=C/C2=C([O-])/C(=C/c3[se]c4cc(I)ccc4[n+]3CCCCS(=O)(=O)O)C2=O)N(CCCCS(=O)(=O)O)c2ccc(I)cc21,957.505
CC1(C)/C(=C/C2=C([O-])/C(=C/c3[se]c4cc(I)ccc4[n+]3CCCCS(=O)(=O)O)C2=O)N(Cc2ccccc2)c2ccccc21,785.562
CC1(C)/C(=C/C2=C([O-])/C(=C/c3[se]c4cc(I)ccc4[n+]3CCCCS(=O)(=O)O)C2=O)N(Cc2ccccc2)c2ccc(Br)cc21,864.458000000001
CC1(C)/C(=C/C2=C([O-])/C(=C/c3[se]c4cc(I)ccc4[n+]3CCCCS(=O)(=O)O)C2=O)N(Cc2ccccc2)c2ccc(I)cc21,911.458
CC1(C)/C(=C/C2=C([O-])/C(=C/c3[se]c4cc(I)ccc4[n+]3CCCCS(=O)(=O)O)C2=O)N(Cc2ccsc2)c2ccccc21,791.591
CC1(C)/C(=C/C2=C([O-])/C(=C/c3[se]c4cc(I)ccc4[n+]3CCCCS(=O)(=O)O)C2=O)N(Cc2ccsc2)c2ccc(Br)cc21,870.487000000001
CC1(C)/C(=C/C2=C([O-])/C(=C/c3[se]c4cc(I)ccc4[n+]3CCCCS(=O)(=O)O)C2=O)N(Cc2ccsc2)c2ccc(I)cc21,917.487
CCN1/C(=C\C2=C([O-])/C(=C/c3[se]c4ccccc4[n+]3Cc3ccccc3)C2=O)C(C)(C)c2ccccc21,551.548
CCN1/C(=C\C2=C([O-])/C(=C/c3[se]c4ccccc4[n+]3Cc3ccccc3)C2=O)C(C)(C)c2cc(Br)ccc21,630.444
CCN1/C(=C\C2=C([O-])/C(=C/c3[se]c4ccccc4[n+]3Cc3ccccc3)C2=O)C(C)(C)c2cc(I)ccc21,677.444
CCCCN1/C(=C\C2=C([O-])/C(=C/c3[se]c4ccccc4[n+]3Cc3ccccc3)C2=O)C(C)(C)c2ccccc21,579.602
CCCCN1/C(=C\C2=C([O-])/C(=C/c3[se]c4ccccc4[n+]3Cc3ccccc3)C2=O)C(C)(C)c2cc(Br)ccc21,658.498
CCCCN1/C(=C\C2=C([O-])/C(=C/c3[se]c4ccccc4[n+]3Cc3ccccc3)C2=O)C(C)(C)c2cc(I)ccc21,705.498
CC1(C)/C(=C/C2=C([O-])/C(=C/c3[se]c4ccccc4[n+]3Cc3ccccc3)C2=O)N(CCCCN)c2ccccc21,594.617
CC1(C)/C(=C/C2=C([O-])/C(=C/c3[se]c4ccccc4[n+]3Cc3ccccc3)C2=O)N(CCCCN)c2ccc(Br)cc21,673.513
CC1(C)/C(=C/C2=C([O-])/C(=C/c3[se]c4ccccc4[n+]3Cc3ccccc3)C2=O)N(CCCCN)c2ccc(I)cc21,720.513
CC1(C)/C(=C/C2=C([O-])/C(=C/c3[se]c4ccccc4[n+]3Cc3ccccc3)C2=O)N(CCCCO)c2ccccc21,595.601
CC1(C)/C(=C/C2=C([O-])/C(=C/c3[se]c4ccccc4[n+]3Cc3ccccc3)C2=O)N(CCCCO)c2ccc(Br)cc21,674.497
CC1(C)/C(=C/C2=C([O-])/C(=C/c3[se]c4ccccc4[n+]3Cc3ccccc3)C2=O)N(CCCCO)c2ccc(I)cc21,721.497
CC[N+](CC)(CC)CCCCN1/C(=C\C2=C([O-])/C(=C/c3[se]c4ccccc4[n+]3Cc3ccccc3)C2=O)C(C)(C)c2ccccc21,679.787
CC[N+](CC)(CC)CCCCN1/C(=C\C2=C([O-])/C(=C/c3[se]c4ccccc4[n+]3Cc3ccccc3)C2=O)C(C)(C)c2cc(Br)ccc21,758.683
CC[N+](CC)(CC)CCCCN1/C(=C\C2=C([O-])/C(=C/c3[se]c4ccccc4[n+]3Cc3ccccc3)C2=O)C(C)(C)c2cc(I)ccc21,805.683
CC1(C)/C(=C/C2=C([O-])/C(=C/c3[se]c4ccccc4[n+]3Cc3ccccc3)C2=O)N(CCCCS(=O)(=O)O)c2ccccc21,659.666
CC1(C)/C(=C/C2=C([O-])/C(=C/c3[se]c4ccccc4[n+]3Cc3ccccc3)C2=O)N(CCCCS(=O)(=O)O)c2ccc(Br)cc21,738.562
CC1(C)/C(=C/C2=C([O-])/C(=C/c3[se]c4ccccc4[n+]3Cc3ccccc3)C2=O)N(CCCCS(=O)(=O)O)c2ccc(I)cc21,785.562
CC1(C)/C(=C/C2=C([O-])/C(=C/c3[se]c4ccccc4[n+]3Cc3ccccc3)C2=O)N(Cc2ccccc2)c2ccccc21,613.619
CC1(C)/C(=C/C2=C([O-])/C(=C/c3[se]c4ccccc4[n+]3Cc3ccccc3)C2=O)N(Cc2ccccc2)c2ccc(Br)cc21,692.515
CC1(C)/C(=C/C2=C([O-])/C(=C/c3[se]c4ccccc4[n+]3Cc3ccccc3)C2=O)N(Cc2ccccc2)c2ccc(I)cc21,739.515
CC1(C)/C(=C/C2=C([O-])/C(=C/c3[se]c4ccccc4[n+]3Cc3ccccc3)C2=O)N(Cc2ccsc2)c2ccccc21,619.648
CC1(C)/C(=C/C2=C([O-])/C(=C/c3[se]c4ccccc4[n+]3Cc3ccccc3)C2=O)N(Cc2ccsc2)c2ccc(Br)cc21,698.544
CC1(C)/C(=C/C2=C([O-])/C(=C/c3[se]c4ccccc4[n+]3Cc3ccccc3)C2=O)N(Cc2ccsc2)c2ccc(I)cc21,745.544
CCN1/C(=C\C2=C([O-])/C(=C/c3[se]c4cc(Br)ccc4[n+]3Cc3ccccc3)C2=O)C(C)(C)c2ccccc21,630.444
CCN1/C(=C\C2=C([O-])/C(=C/c3[se]c4cc(Br)ccc4[n+]3Cc3ccccc3)C2=O)C(C)(C)c2cc(Br)ccc21,709.34
CCN1/C(=C\C2=C([O-])/C(=C/c3[se]c4cc(Br)ccc4[n+]3Cc3ccccc3)C2=O)C(C)(C)c2cc(I)ccc21,756.34
CCCCN1/C(=C\C2=C([O-])/C(=C/c3[se]c4cc(Br)ccc4[n+]3Cc3ccccc3)C2=O)C(C)(C)c2ccccc21,658.498
CCCCN1/C(=C\C2=C([O-])/C(=C/c3[se]c4cc(Br)ccc4[n+]3Cc3ccccc3)C2=O)C(C)(C)c2cc(Br)ccc21,737.394
CCCCN1/C(=C\C2=C([O-])/C(=C/c3[se]c4cc(Br)ccc4[n+]3Cc3ccccc3)C2=O)C(C)(C)c2cc(I)ccc21,784.394
CC1(C)/C(=C/C2=C([O-])/C(=C/c3[se]c4cc(Br)ccc4[n+]3Cc3ccccc3)C2=O)N(CCCCN)c2ccccc21,673.513
CC1(C)/C(=C/C2=C([O-])/C(=C/c3[se]c4cc(Br)ccc4[n+]3Cc3ccccc3)C2=O)N(CCCCN)c2ccc(Br)cc21,752.409
CC1(C)/C(=C/C2=C([O-])/C(=C/c3[se]c4cc(Br)ccc4[n+]3Cc3ccccc3)C2=O)N(CCCCN)c2ccc(I)cc21,799.409
CC1(C)/C(=C/C2=C([O-])/C(=C/c3[se]c4cc(Br)ccc4[n+]3Cc3ccccc3)C2=O)N(CCCCO)c2ccccc21,674.497
CC1(C)/C(=C/C2=C([O-])/C(=C/c3[se]c4cc(Br)ccc4[n+]3Cc3ccccc3)C2=O)N(CCCCO)c2ccc(Br)cc21,753.393
CC1(C)/C(=C/C2=C([O-])/C(=C/c3[se]c4cc(Br)ccc4[n+]3Cc3ccccc3)C2=O)N(CCCCO)c2ccc(I)cc21,800.393
CC[N+](CC)(CC)CCCCN1/C(=C\C2=C([O-])/C(=C/c3[se]c4cc(Br)ccc4[n+]3Cc3ccccc3)C2=O)C(C)(C)c2ccccc21,758.683
CC[N+](CC)(CC)CCCCN1/C(=C\C2=C([O-])/C(=C/c3[se]c4cc(Br)ccc4[n+]3Cc3ccccc3)C2=O)C(C)(C)c2cc(Br)ccc21,837.579
CC[N+](CC)(CC)CCCCN1/C(=C\C2=C([O-])/C(=C/c3[se]c4cc(Br)ccc4[n+]3Cc3ccccc3)C2=O)C(C)(C)c2cc(I)ccc21,884.579
CC1(C)/C(=C/C2=C([O-])/C(=C/c3[se]c4cc(Br)ccc4[n+]3Cc3ccccc3)C2=O)N(CCCCS(=O)(=O)O)c2ccccc21,738.562
CC1(C)/C(=C/C2=C([O-])/C(=C/c3[se]c4cc(Br)ccc4[n+]3Cc3ccccc3)C2=O)N(CCCCS(=O)(=O)O)c2ccc(Br)cc21,817.458
CC1(C)/C(=C/C2=C([O-])/C(=C/c3[se]c4cc(Br)ccc4[n+]3Cc3ccccc3)C2=O)N(CCCCS(=O)(=O)O)c2ccc(I)cc21,864.458
CC1(C)/C(=C/C2=C([O-])/C(=C/c3[se]c4cc(Br)ccc4[n+]3Cc3ccccc3)C2=O)N(Cc2ccccc2)c2ccccc21,692.515
CC1(C)/C(=C/C2=C([O-])/C(=C/c3[se]c4cc(Br)ccc4[n+]3Cc3ccccc3)C2=O)N(Cc2ccccc2)c2ccc(Br)cc21,771.411
CC1(C)/C(=C/C2=C([O-])/C(=C/c3[se]c4cc(Br)ccc4[n+]3Cc3ccccc3)C2=O)N(Cc2ccccc2)c2ccc(I)cc21,818.411
CC1(C)/C(=C/C2=C([O-])/C(=C/c3[se]c4cc(Br)ccc4[n+]3Cc3ccccc3)C2=O)N(Cc2ccsc2)c2ccccc21,698.544
CC1(C)/C(=C/C2=C([O-])/C(=C/c3[se]c4cc(Br)ccc4[n+]3Cc3ccccc3)C2=O)N(Cc2ccsc2)c2ccc(Br)cc21,777.44
CC1(C)/C(=C/C2=C([O-])/C(=C/c3[se]c4cc(Br)ccc4[n+]3Cc3ccccc3)C2=O)N(Cc2ccsc2)c2ccc(I)cc21,824.44
CCN1/C(=C\C2=C([O-])/C(=C/c3[se]c4cc(I)ccc4[n+]3Cc3ccccc3)C2=O)C(C)(C)c2ccccc21,677.444
CCN1/C(=C\C2=C([O-])/C(=C/c3[se]c4cc(I)ccc4[n+]3Cc3ccccc3)C2=O)C(C)(C)c2cc(Br)ccc21,756.34
CCN1/C(=C\C2=C([O-])/C(=C/c3[se]c4cc(I)ccc4[n+]3Cc3ccccc3)C2=O)C(C)(C)c2cc(I)ccc21,803.34
CCCCN1/C(=C\C2=C([O-])/C(=C/c3[se]c4cc(I)ccc4[n+]3Cc3ccccc3)C2=O)C(C)(C)c2ccccc21,705.498
CCCCN1/C(=C\C2=C([O-])/C(=C/c3[se]c4cc(I)ccc4[n+]3Cc3ccccc3)C2=O)C(C)(C)c2cc(Br)ccc21,784.394
CCCCN1/C(=C\C2=C([O-])/C(=C/c3[se]c4cc(I)ccc4[n+]3Cc3ccccc3)C2=O)C(C)(C)c2cc(I)ccc21,831.394
CC1(C)/C(=C/C2=C([O-])/C(=C/c3[se]c4cc(I)ccc4[n+]3Cc3ccccc3)C2=O)N(CCCCN)c2ccccc21,720.513
CC1(C)/C(=C/C2=C([O-])/C(=C/c3[se]c4cc(I)ccc4[n+]3Cc3ccccc3)C2=O)N(CCCCN)c2ccc(Br)cc21,799.409
CC1(C)/C(=C/C2=C([O-])/C(=C/c3[se]c4cc(I)ccc4[n+]3Cc3ccccc3)C2=O)N(CCCCN)c2ccc(I)cc21,846.409
CC1(C)/C(=C/C2=C([O-])/C(=C/c3[se]c4cc(I)ccc4[n+]3Cc3ccccc3)C2=O)N(CCCCO)c2ccccc21,721.497
CC1(C)/C(=C/C2=C([O-])/C(=C/c3[se]c4cc(I)ccc4[n+]3Cc3ccccc3)C2=O)N(CCCCO)c2ccc(Br)cc21,800.393
CC1(C)/C(=C/C2=C([O-])/C(=C/c3[se]c4cc(I)ccc4[n+]3Cc3ccccc3)C2=O)N(CCCCO)c2ccc(I)cc21,847.393
CC[N+](CC)(CC)CCCCN1/C(=C\C2=C([O-])/C(=C/c3[se]c4cc(I)ccc4[n+]3Cc3ccccc3)C2=O)C(C)(C)c2ccccc21,805.683
CC[N+](CC)(CC)CCCCN1/C(=C\C2=C([O-])/C(=C/c3[se]c4cc(I)ccc4[n+]3Cc3ccccc3)C2=O)C(C)(C)c2cc(Br)ccc21,884.579
CC[N+](CC)(CC)CCCCN1/C(=C\C2=C([O-])/C(=C/c3[se]c4cc(I)ccc4[n+]3Cc3ccccc3)C2=O)C(C)(C)c2cc(I)ccc21,931.579
CC1(C)/C(=C/C2=C([O-])/C(=C/c3[se]c4cc(I)ccc4[n+]3Cc3ccccc3)C2=O)N(CCCCS(=O)(=O)O)c2ccccc21,785.562
CC1(C)/C(=C/C2=C([O-])/C(=C/c3[se]c4cc(I)ccc4[n+]3Cc3ccccc3)C2=O)N(CCCCS(=O)(=O)O)c2ccc(Br)cc21,864.458
CC1(C)/C(=C/C2=C([O-])/C(=C/c3[se]c4cc(I)ccc4[n+]3Cc3ccccc3)C2=O)N(CCCCS(=O)(=O)O)c2ccc(I)cc21,911.458
CC1(C)/C(=C/C2=C([O-])/C(=C/c3[se]c4cc(I)ccc4[n+]3Cc3ccccc3)C2=O)N(Cc2ccccc2)c2ccccc21,739.515
CC1(C)/C(=C/C2=C([O-])/C(=C/c3[se]c4cc(I)ccc4[n+]3Cc3ccccc3)C2=O)N(Cc2ccccc2)c2ccc(Br)cc21,818.411
CC1(C)/C(=C/C2=C([O-])/C(=C/c3[se]c4cc(I)ccc4[n+]3Cc3ccccc3)C2=O)N(Cc2ccccc2)c2ccc(I)cc21,865.411
CC1(C)/C(=C/C2=C([O-])/C(=C/c3[se]c4cc(I)ccc4[n+]3Cc3ccccc3)C2=O)N(Cc2ccsc2)c2ccccc21,745.544
CC1(C)/C(=C/C2=C([O-])/C(=C/c3[se]c4cc(I)ccc4[n+]3Cc3ccccc3)C2=O)N(Cc2ccsc2)c2ccc(Br)cc21,824.44
CC1(C)/C(=C/C2=C([O-])/C(=C/c3[se]c4cc(I)ccc4[n+]3Cc3ccccc3)C2=O)N(Cc2ccsc2)c2ccc(I)cc21,871.44
CCN1/C(=C\C2=C([O-])/C(=C/c3[se]c4ccccc4[n+]3Cc3ccsc3)C2=O)C(C)(C)c2ccccc21,557.577
CCN1/C(=C\C2=C([O-])/C(=C/c3[se]c4ccccc4[n+]3Cc3ccsc3)C2=O)C(C)(C)c2cc(Br)ccc21,636.473
CCN1/C(=C\C2=C([O-])/C(=C/c3[se]c4ccccc4[n+]3Cc3ccsc3)C2=O)C(C)(C)c2cc(I)ccc21,683.473
CCCCN1/C(=C\C2=C([O-])/C(=C/c3[se]c4ccccc4[n+]3Cc3ccsc3)C2=O)C(C)(C)c2ccccc21,585.631
CCCCN1/C(=C\C2=C([O-])/C(=C/c3[se]c4ccccc4[n+]3Cc3ccsc3)C2=O)C(C)(C)c2cc(Br)ccc21,664.527
CCCCN1/C(=C\C2=C([O-])/C(=C/c3[se]c4ccccc4[n+]3Cc3ccsc3)C2=O)C(C)(C)c2cc(I)ccc21,711.527
CC1(C)/C(=C/C2=C([O-])/C(=C/c3[se]c4ccccc4[n+]3Cc3ccsc3)C2=O)N(CCCCN)c2ccccc21,600.646
CC1(C)/C(=C/C2=C([O-])/C(=C/c3[se]c4ccccc4[n+]3Cc3ccsc3)C2=O)N(CCCCN)c2ccc(Br)cc21,679.542
CC1(C)/C(=C/C2=C([O-])/C(=C/c3[se]c4ccccc4[n+]3Cc3ccsc3)C2=O)N(CCCCN)c2ccc(I)cc21,726.542
CC1(C)/C(=C/C2=C([O-])/C(=C/c3[se]c4ccccc4[n+]3Cc3ccsc3)C2=O)N(CCCCO)c2ccccc21,601.63
CC1(C)/C(=C/C2=C([O-])/C(=C/c3[se]c4ccccc4[n+]3Cc3ccsc3)C2=O)N(CCCCO)c2ccc(Br)cc21,680.526
CC1(C)/C(=C/C2=C([O-])/C(=C/c3[se]c4ccccc4[n+]3Cc3ccsc3)C2=O)N(CCCCO)c2ccc(I)cc21,727.526
CC[N+](CC)(CC)CCCCN1/C(=C\C2=C([O-])/C(=C/c3[se]c4ccccc4[n+]3Cc3ccsc3)C2=O)C(C)(C)c2ccccc21,685.816
CC[N+](CC)(CC)CCCCN1/C(=C\C2=C([O-])/C(=C/c3[se]c4ccccc4[n+]3Cc3ccsc3)C2=O)C(C)(C)c2cc(Br)ccc21,764.712
CC[N+](CC)(CC)CCCCN1/C(=C\C2=C([O-])/C(=C/c3[se]c4ccccc4[n+]3Cc3ccsc3)C2=O)C(C)(C)c2cc(I)ccc21,811.712
CC1(C)/C(=C/C2=C([O-])/C(=C/c3[se]c4ccccc4[n+]3Cc3ccsc3)C2=O)N(CCCCS(=O)(=O)O)c2ccccc21,665.695
CC1(C)/C(=C/C2=C([O-])/C(=C/c3[se]c4ccccc4[n+]3Cc3ccsc3)C2=O)N(CCCCS(=O)(=O)O)c2ccc(Br)cc21,744.591
CC1(C)/C(=C/C2=C([O-])/C(=C/c3[se]c4ccccc4[n+]3Cc3ccsc3)C2=O)N(CCCCS(=O)(=O)O)c2ccc(I)cc21,791.591
CC1(C)/C(=C/C2=C([O-])/C(=C/c3[se]c4ccccc4[n+]3Cc3ccsc3)C2=O)N(Cc2ccccc2)c2ccccc21,619.648
CC1(C)/C(=C/C2=C([O-])/C(=C/c3[se]c4ccccc4[n+]3Cc3ccsc3)C2=O)N(Cc2ccccc2)c2ccc(Br)cc21,698.544
CC1(C)/C(=C/C2=C([O-])/C(=C/c3[se]c4ccccc4[n+]3Cc3ccsc3)C2=O)N(Cc2ccccc2)c2ccc(I)cc21,745.544
CC1(C)/C(=C/C2=C([O-])/C(=C/c3[se]c4ccccc4[n+]3Cc3ccsc3)C2=O)N(Cc2ccsc2)c2ccccc21,625.677
CC1(C)/C(=C/C2=C([O-])/C(=C/c3[se]c4ccccc4[n+]3Cc3ccsc3)C2=O)N(Cc2ccsc2)c2ccc(Br)cc21,704.573
CC1(C)/C(=C/C2=C([O-])/C(=C/c3[se]c4ccccc4[n+]3Cc3ccsc3)C2=O)N(Cc2ccsc2)c2ccc(I)cc21,751.573
CCN1/C(=C\C2=C([O-])/C(=C/c3[se]c4cc(Br)ccc4[n+]3Cc3ccsc3)C2=O)C(C)(C)c2ccccc21,636.473
CCN1/C(=C\C2=C([O-])/C(=C/c3[se]c4cc(Br)ccc4[n+]3Cc3ccsc3)C2=O)C(C)(C)c2cc(Br)ccc21,715.369
CCN1/C(=C\C2=C([O-])/C(=C/c3[se]c4cc(Br)ccc4[n+]3Cc3ccsc3)C2=O)C(C)(C)c2cc(I)ccc21,762.369
CCCCN1/C(=C\C2=C([O-])/C(=C/c3[se]c4cc(Br)ccc4[n+]3Cc3ccsc3)C2=O)C(C)(C)c2ccccc21,664.527
CCCCN1/C(=C\C2=C([O-])/C(=C/c3[se]c4cc(Br)ccc4[n+]3Cc3ccsc3)C2=O)C(C)(C)c2cc(Br)ccc21,743.423
CCCCN1/C(=C\C2=C([O-])/C(=C/c3[se]c4cc(Br)ccc4[n+]3Cc3ccsc3)C2=O)C(C)(C)c2cc(I)ccc21,790.423
CC1(C)/C(=C/C2=C([O-])/C(=C/c3[se]c4cc(Br)ccc4[n+]3Cc3ccsc3)C2=O)N(CCCCN)c2ccccc21,679.542
CC1(C)/C(=C/C2=C([O-])/C(=C/c3[se]c4cc(Br)ccc4[n+]3Cc3ccsc3)C2=O)N(CCCCN)c2ccc(Br)cc21,758.438
CC1(C)/C(=C/C2=C([O-])/C(=C/c3[se]c4cc(Br)ccc4[n+]3Cc3ccsc3)C2=O)N(CCCCN)c2ccc(I)cc21,805.438
CC1(C)/C(=C/C2=C([O-])/C(=C/c3[se]c4cc(Br)ccc4[n+]3Cc3ccsc3)C2=O)N(CCCCO)c2ccccc21,680.526
CC1(C)/C(=C/C2=C([O-])/C(=C/c3[se]c4cc(Br)ccc4[n+]3Cc3ccsc3)C2=O)N(CCCCO)c2ccc(Br)cc21,759.422
CC1(C)/C(=C/C2=C([O-])/C(=C/c3[se]c4cc(Br)ccc4[n+]3Cc3ccsc3)C2=O)N(CCCCO)c2ccc(I)cc21,806.422
CC[N+](CC)(CC)CCCCN1/C(=C\C2=C([O-])/C(=C/c3[se]c4cc(Br)ccc4[n+]3Cc3ccsc3)C2=O)C(C)(C)c2ccccc21,764.712
CC[N+](CC)(CC)CCCCN1/C(=C\C2=C([O-])/C(=C/c3[se]c4cc(Br)ccc4[n+]3Cc3ccsc3)C2=O)C(C)(C)c2cc(Br)ccc21,843.608
CC[N+](CC)(CC)CCCCN1/C(=C\C2=C([O-])/C(=C/c3[se]c4cc(Br)ccc4[n+]3Cc3ccsc3)C2=O)C(C)(C)c2cc(I)ccc21,890.608
CC1(C)/C(=C/C2=C([O-])/C(=C/c3[se]c4cc(Br)ccc4[n+]3Cc3ccsc3)C2=O)N(CCCCS(=O)(=O)O)c2ccccc21,744.591
CC1(C)/C(=C/C2=C([O-])/C(=C/c3[se]c4cc(Br)ccc4[n+]3Cc3ccsc3)C2=O)N(CCCCS(=O)(=O)O)c2ccc(Br)cc21,823.487
CC1(C)/C(=C/C2=C([O-])/C(=C/c3[se]c4cc(Br)ccc4[n+]3Cc3ccsc3)C2=O)N(CCCCS(=O)(=O)O)c2ccc(I)cc21,870.487
CC1(C)/C(=C/C2=C([O-])/C(=C/c3[se]c4cc(Br)ccc4[n+]3Cc3ccsc3)C2=O)N(Cc2ccccc2)c2ccccc21,698.544
CC1(C)/C(=C/C2=C([O-])/C(=C/c3[se]c4cc(Br)ccc4[n+]3Cc3ccsc3)C2=O)N(Cc2ccccc2)c2ccc(Br)cc21,777.44
CC1(C)/C(=C/C2=C([O-])/C(=C/c3[se]c4cc(Br)ccc4[n+]3Cc3ccsc3)C2=O)N(Cc2ccccc2)c2ccc(I)cc21,824.44
CC1(C)/C(=C/C2=C([O-])/C(=C/c3[se]c4cc(Br)ccc4[n+]3Cc3ccsc3)C2=O)N(Cc2ccsc2)c2ccccc21,704.573
CC1(C)/C(=C/C2=C([O-])/C(=C/c3[se]c4cc(Br)ccc4[n+]3Cc3ccsc3)C2=O)N(Cc2ccsc2)c2ccc(Br)cc21,783.469
CC1(C)/C(=C/C2=C([O-])/C(=C/c3[se]c4cc(Br)ccc4[n+]3Cc3ccsc3)C2=O)N(Cc2ccsc2)c2ccc(I)cc21,830.469
CCN1/C(=C\C2=C([O-])/C(=C/c3[se]c4cc(I)ccc4[n+]3Cc3ccsc3)C2=O)C(C)(C)c2ccccc21,683.473
CCN1/C(=C\C2=C([O-])/C(=C/c3[se]c4cc(I)ccc4[n+]3Cc3ccsc3)C2=O)C(C)(C)c2cc(Br)ccc21,762.369
CCN1/C(=C\C2=C([O-])/C(=C/c3[se]c4cc(I)ccc4[n+]3Cc3ccsc3)C2=O)C(C)(C)c2cc(I)ccc21,809.369
CCCCN1/C(=C\C2=C([O-])/C(=C/c3[se]c4cc(I)ccc4[n+]3Cc3ccsc3)C2=O)C(C)(C)c2ccccc21,711.527
CCCCN1/C(=C\C2=C([O-])/C(=C/c3[se]c4cc(I)ccc4[n+]3Cc3ccsc3)C2=O)C(C)(C)c2cc(Br)ccc21,790.423
CCCCN1/C(=C\C2=C([O-])/C(=C/c3[se]c4cc(I)ccc4[n+]3Cc3ccsc3)C2=O)C(C)(C)c2cc(I)ccc21,837.423
CC1(C)/C(=C/C2=C([O-])/C(=C/c3[se]c4cc(I)ccc4[n+]3Cc3ccsc3)C2=O)N(CCCCN)c2ccccc21,726.542
CC1(C)/C(=C/C2=C([O-])/C(=C/c3[se]c4cc(I)ccc4[n+]3Cc3ccsc3)C2=O)N(CCCCN)c2ccc(Br)cc21,805.438
CC1(C)/C(=C/C2=C([O-])/C(=C/c3[se]c4cc(I)ccc4[n+]3Cc3ccsc3)C2=O)N(CCCCN)c2ccc(I)cc21,852.438
CC1(C)/C(=C/C2=C([O-])/C(=C/c3[se]c4cc(I)ccc4[n+]3Cc3ccsc3)C2=O)N(CCCCO)c2ccccc21,727.526
CC1(C)/C(=C/C2=C([O-])/C(=C/c3[se]c4cc(I)ccc4[n+]3Cc3ccsc3)C2=O)N(CCCCO)c2ccc(Br)cc21,806.422
CC1(C)/C(=C/C2=C([O-])/C(=C/c3[se]c4cc(I)ccc4[n+]3Cc3ccsc3)C2=O)N(CCCCO)c2ccc(I)cc21,853.422
CC[N+](CC)(CC)CCCCN1/C(=C\C2=C([O-])/C(=C/c3[se]c4cc(I)ccc4[n+]3Cc3ccsc3)C2=O)C(C)(C)c2ccccc21,811.712
CC[N+](CC)(CC)CCCCN1/C(=C\C2=C([O-])/C(=C/c3[se]c4cc(I)ccc4[n+]3Cc3ccsc3)C2=O)C(C)(C)c2cc(Br)ccc21,890.608
CC[N+](CC)(CC)CCCCN1/C(=C\C2=C([O-])/C(=C/c3[se]c4cc(I)ccc4[n+]3Cc3ccsc3)C2=O)C(C)(C)c2cc(I)ccc21,937.608
CC1(C)/C(=C/C2=C([O-])/C(=C/c3[se]c4cc(I)ccc4[n+]3Cc3ccsc3)C2=O)N(CCCCS(=O)(=O)O)c2ccccc21,791.591
CC1(C)/C(=C/C2=C([O-])/C(=C/c3[se]c4cc(I)ccc4[n+]3Cc3ccsc3)C2=O)N(CCCCS(=O)(=O)O)c2ccc(Br)cc21,870.487
CC1(C)/C(=C/C2=C([O-])/C(=C/c3[se]c4cc(I)ccc4[n+]3Cc3ccsc3)C2=O)N(CCCCS(=O)(=O)O)c2ccc(I)cc21,917.487
CC1(C)/C(=C/C2=C([O-])/C(=C/c3[se]c4cc(I)ccc4[n+]3Cc3ccsc3)C2=O)N(Cc2ccccc2)c2ccccc21,745.544
CC1(C)/C(=C/C2=C([O-])/C(=C/c3[se]c4cc(I)ccc4[n+]3Cc3ccsc3)C2=O)N(Cc2ccccc2)c2ccc(Br)cc21,824.44
CC1(C)/C(=C/C2=C([O-])/C(=C/c3[se]c4cc(I)ccc4[n+]3Cc3ccsc3)C2=O)N(Cc2ccccc2)c2ccc(I)cc21,871.44
CC1(C)/C(=C/C2=C([O-])/C(=C/c3[se]c4cc(I)ccc4[n+]3Cc3ccsc3)C2=O)N(Cc2ccsc2)c2ccccc21,751.573
CC1(C)/C(=C/C2=C([O-])/C(=C/c3[se]c4cc(I)ccc4[n+]3Cc3ccsc3)C2=O)N(Cc2ccsc2)c2ccc(Br)cc21,830.469
CC1(C)/C(=C/C2=C([O-])/C(=C/c3[se]c4cc(I)ccc4[n+]3Cc3ccsc3)C2=O)N(Cc2ccsc2)c2ccc(I)cc21,877.469
CCN1/C(=C\C2=C([O-])/C(=C/C3=[N+](CC)c4ccccc4C3(C)C)C2=O)C(C)(C)c2ccccc21,452.598
CCN1/C(=C\C2=C([O-])/C(=C/C3=[N+](CC)c4ccccc4C3(C)C)C2=O)C(C)(C)c2cc(Br)ccc21,531.494
CCN1/C(=C\C2=C([O-])/C(=C/C3=[N+](CC)c4ccccc4C3(C)C)C2=O)C(C)(C)c2cc(I)ccc21,578.494
CCCCN1/C(=C\C2=C([O-])/C(=C/C3=[N+](CC)c4ccccc4C3(C)C)C2=O)C(C)(C)c2ccccc21,480.652
CCCCN1/C(=C\C2=C([O-])/C(=C/C3=[N+](CC)c4ccccc4C3(C)C)C2=O)C(C)(C)c2cc(Br)ccc21,559.548
CCCCN1/C(=C\C2=C([O-])/C(=C/C3=[N+](CC)c4ccccc4C3(C)C)C2=O)C(C)(C)c2cc(I)ccc21,606.548
CC[N+]1=C(/C=C2\C(=O)C(/C=C3\N(CCCCN)c4ccccc4C3(C)C)=C2[O-])C(C)(C)c2ccccc21,495.667
CC[N+]1=C(/C=C2\C(=O)C(/C=C3\N(CCCCN)c4ccc(Br)cc4C3(C)C)=C2[O-])C(C)(C)c2ccccc21,574.563
CC[N+]1=C(/C=C2\C(=O)C(/C=C3\N(CCCCN)c4ccc(I)cc4C3(C)C)=C2[O-])C(C)(C)c2ccccc21,621.563
CC[N+]1=C(/C=C2\C(=O)C(/C=C3\N(CCCCO)c4ccccc4C3(C)C)=C2[O-])C(C)(C)c2ccccc21,496.651
CC[N+]1=C(/C=C2\C(=O)C(/C=C3\N(CCCCO)c4ccc(Br)cc4C3(C)C)=C2[O-])C(C)(C)c2ccccc21,575.547
CC[N+]1=C(/C=C2\C(=O)C(/C=C3\N(CCCCO)c4ccc(I)cc4C3(C)C)=C2[O-])C(C)(C)c2ccccc21,622.547
CC[N+]1=C(/C=C2\C(=O)C(/C=C3\N(CCCC[N+](CC)(CC)CC)c4ccccc4C3(C)C)=C2[O-])C(C)(C)c2ccccc21,580.837
CC[N+]1=C(/C=C2\C(=O)C(/C=C3\N(CCCC[N+](CC)(CC)CC)c4ccc(Br)cc4C3(C)C)=C2[O-])C(C)(C)c2ccccc21,659.733
CC[N+]1=C(/C=C2\C(=O)C(/C=C3\N(CCCC[N+](CC)(CC)CC)c4ccc(I)cc4C3(C)C)=C2[O-])C(C)(C)c2ccccc21,706.733
CC[N+]1=C(/C=C2\C(=O)C(/C=C3\N(CCCCS(=O)(=O)O)c4ccccc4C3(C)C)=C2[O-])C(C)(C)c2ccccc21,560.716000000001
CC[N+]1=C(/C=C2\C(=O)C(/C=C3\N(CCCCS(=O)(=O)O)c4ccc(Br)cc4C3(C)C)=C2[O-])C(C)(C)c2ccccc21,639.612
CC[N+]1=C(/C=C2\C(=O)C(/C=C3\N(CCCCS(=O)(=O)O)c4ccc(I)cc4C3(C)C)=C2[O-])C(C)(C)c2ccccc21,686.612
CC[N+]1=C(/C=C2\C(=O)C(/C=C3\N(Cc4ccccc4)c4ccccc4C3(C)C)=C2[O-])C(C)(C)c2ccccc21,514.669
CC[N+]1=C(/C=C2\C(=O)C(/C=C3\N(Cc4ccccc4)c4ccc(Br)cc4C3(C)C)=C2[O-])C(C)(C)c2ccccc21,593.565
CC[N+]1=C(/C=C2\C(=O)C(/C=C3\N(Cc4ccccc4)c4ccc(I)cc4C3(C)C)=C2[O-])C(C)(C)c2ccccc21,640.565
CC[N+]1=C(/C=C2\C(=O)C(/C=C3\N(Cc4ccsc4)c4ccccc4C3(C)C)=C2[O-])C(C)(C)c2ccccc21,520.698
CC[N+]1=C(/C=C2\C(=O)C(/C=C3\N(Cc4ccsc4)c4ccc(Br)cc4C3(C)C)=C2[O-])C(C)(C)c2ccccc21,599.594
CC[N+]1=C(/C=C2\C(=O)C(/C=C3\N(Cc4ccsc4)c4ccc(I)cc4C3(C)C)=C2[O-])C(C)(C)c2ccccc21,646.594
CCN1/C(=C\C2=C([O-])/C(=C/C3=[N+](CC)c4ccc(Br)cc4C3(C)C)C2=O)C(C)(C)c2ccccc21,531.494
CCN1/C(=C\C2=C([O-])/C(=C/C3=[N+](CC)c4ccc(Br)cc4C3(C)C)C2=O)C(C)(C)c2cc(Br)ccc21,610.39
CCN1/C(=C\C2=C([O-])/C(=C/C3=[N+](CC)c4ccc(Br)cc4C3(C)C)C2=O)C(C)(C)c2cc(I)ccc21,657.39
CCCCN1/C(=C\C2=C([O-])/C(=C/C3=[N+](CC)c4ccc(Br)cc4C3(C)C)C2=O)C(C)(C)c2ccccc21,559.548
CCCCN1/C(=C\C2=C([O-])/C(=C/C3=[N+](CC)c4ccc(Br)cc4C3(C)C)C2=O)C(C)(C)c2cc(Br)ccc21,638.444
CCCCN1/C(=C\C2=C([O-])/C(=C/C3=[N+](CC)c4ccc(Br)cc4C3(C)C)C2=O)C(C)(C)c2cc(I)ccc21,685.444
CC[N+]1=C(/C=C2\C(=O)C(/C=C3\N(CCCCN)c4ccccc4C3(C)C)=C2[O-])C(C)(C)c2cc(Br)ccc21,574.563
CC[N+]1=C(/C=C2\C(=O)C(/C=C3\N(CCCCN)c4ccc(Br)cc4C3(C)C)=C2[O-])C(C)(C)c2cc(Br)ccc21,653.459
CC[N+]1=C(/C=C2\C(=O)C(/C=C3\N(CCCCN)c4ccc(I)cc4C3(C)C)=C2[O-])C(C)(C)c2cc(Br)ccc21,700.459
CC[N+]1=C(/C=C2\C(=O)C(/C=C3\N(CCCCO)c4ccccc4C3(C)C)=C2[O-])C(C)(C)c2cc(Br)ccc21,575.547
CC[N+]1=C(/C=C2\C(=O)C(/C=C3\N(CCCCO)c4ccc(Br)cc4C3(C)C)=C2[O-])C(C)(C)c2cc(Br)ccc21,654.443
CC[N+]1=C(/C=C2\C(=O)C(/C=C3\N(CCCCO)c4ccc(I)cc4C3(C)C)=C2[O-])C(C)(C)c2cc(Br)ccc21,701.443
CC[N+]1=C(/C=C2\C(=O)C(/C=C3\N(CCCC[N+](CC)(CC)CC)c4ccccc4C3(C)C)=C2[O-])C(C)(C)c2cc(Br)ccc21,659.733
CC[N+]1=C(/C=C2\C(=O)C(/C=C3\N(CCCC[N+](CC)(CC)CC)c4ccc(Br)cc4C3(C)C)=C2[O-])C(C)(C)c2cc(Br)ccc21,738.629
CC[N+]1=C(/C=C2\C(=O)C(/C=C3\N(CCCC[N+](CC)(CC)CC)c4ccc(I)cc4C3(C)C)=C2[O-])C(C)(C)c2cc(Br)ccc21,785.629
CC[N+]1=C(/C=C2\C(=O)C(/C=C3\N(CCCCS(=O)(=O)O)c4ccccc4C3(C)C)=C2[O-])C(C)(C)c2cc(Br)ccc21,639.612
CC[N+]1=C(/C=C2\C(=O)C(/C=C3\N(CCCCS(=O)(=O)O)c4ccc(Br)cc4C3(C)C)=C2[O-])C(C)(C)c2cc(Br)ccc21,718.508
CC[N+]1=C(/C=C2\C(=O)C(/C=C3\N(CCCCS(=O)(=O)O)c4ccc(I)cc4C3(C)C)=C2[O-])C(C)(C)c2cc(Br)ccc21,765.508
CC[N+]1=C(/C=C2\C(=O)C(/C=C3\N(Cc4ccccc4)c4ccccc4C3(C)C)=C2[O-])C(C)(C)c2cc(Br)ccc21,593.565
CC[N+]1=C(/C=C2\C(=O)C(/C=C3\N(Cc4ccccc4)c4ccc(Br)cc4C3(C)C)=C2[O-])C(C)(C)c2cc(Br)ccc21,672.461
CC[N+]1=C(/C=C2\C(=O)C(/C=C3\N(Cc4ccccc4)c4ccc(I)cc4C3(C)C)=C2[O-])C(C)(C)c2cc(Br)ccc21,719.461
CC[N+]1=C(/C=C2\C(=O)C(/C=C3\N(Cc4ccsc4)c4ccccc4C3(C)C)=C2[O-])C(C)(C)c2cc(Br)ccc21,599.594
CC[N+]1=C(/C=C2\C(=O)C(/C=C3\N(Cc4ccsc4)c4ccc(Br)cc4C3(C)C)=C2[O-])C(C)(C)c2cc(Br)ccc21,678.49
CC[N+]1=C(/C=C2\C(=O)C(/C=C3\N(Cc4ccsc4)c4ccc(I)cc4C3(C)C)=C2[O-])C(C)(C)c2cc(Br)ccc21,725.49
CCN1/C(=C\C2=C([O-])/C(=C/C3=[N+](CC)c4ccc(I)cc4C3(C)C)C2=O)C(C)(C)c2ccccc21,578.494
CCN1/C(=C\C2=C([O-])/C(=C/C3=[N+](CC)c4ccc(I)cc4C3(C)C)C2=O)C(C)(C)c2cc(Br)ccc21,657.39
CCN1/C(=C\C2=C([O-])/C(=C/C3=[N+](CC)c4ccc(I)cc4C3(C)C)C2=O)C(C)(C)c2cc(I)ccc21,704.39
CCCCN1/C(=C\C2=C([O-])/C(=C/C3=[N+](CC)c4ccc(I)cc4C3(C)C)C2=O)C(C)(C)c2ccccc21,606.548
CCCCN1/C(=C\C2=C([O-])/C(=C/C3=[N+](CC)c4ccc(I)cc4C3(C)C)C2=O)C(C)(C)c2cc(Br)ccc21,685.444
CCCCN1/C(=C\C2=C([O-])/C(=C/C3=[N+](CC)c4ccc(I)cc4C3(C)C)C2=O)C(C)(C)c2cc(I)ccc21,732.444
CC[N+]1=C(/C=C2\C(=O)C(/C=C3\N(CCCCN)c4ccccc4C3(C)C)=C2[O-])C(C)(C)c2cc(I)ccc21,621.563
CC[N+]1=C(/C=C2\C(=O)C(/C=C3\N(CCCCN)c4ccc(Br)cc4C3(C)C)=C2[O-])C(C)(C)c2cc(I)ccc21,700.459
CC[N+]1=C(/C=C2\C(=O)C(/C=C3\N(CCCCN)c4ccc(I)cc4C3(C)C)=C2[O-])C(C)(C)c2cc(I)ccc21,747.459
CC[N+]1=C(/C=C2\C(=O)C(/C=C3\N(CCCCO)c4ccccc4C3(C)C)=C2[O-])C(C)(C)c2cc(I)ccc21,622.547
CC[N+]1=C(/C=C2\C(=O)C(/C=C3\N(CCCCO)c4ccc(Br)cc4C3(C)C)=C2[O-])C(C)(C)c2cc(I)ccc21,701.443
CC[N+]1=C(/C=C2\C(=O)C(/C=C3\N(CCCCO)c4ccc(I)cc4C3(C)C)=C2[O-])C(C)(C)c2cc(I)ccc21,748.443
CC[N+]1=C(/C=C2\C(=O)C(/C=C3\N(CCCC[N+](CC)(CC)CC)c4ccccc4C3(C)C)=C2[O-])C(C)(C)c2cc(I)ccc21,706.733
CC[N+]1=C(/C=C2\C(=O)C(/C=C3\N(CCCC[N+](CC)(CC)CC)c4ccc(Br)cc4C3(C)C)=C2[O-])C(C)(C)c2cc(I)ccc21,785.629
CC[N+]1=C(/C=C2\C(=O)C(/C=C3\N(CCCC[N+](CC)(CC)CC)c4ccc(I)cc4C3(C)C)=C2[O-])C(C)(C)c2cc(I)ccc21,832.629
CC[N+]1=C(/C=C2\C(=O)C(/C=C3\N(CCCCS(=O)(=O)O)c4ccccc4C3(C)C)=C2[O-])C(C)(C)c2cc(I)ccc21,686.612
CC[N+]1=C(/C=C2\C(=O)C(/C=C3\N(CCCCS(=O)(=O)O)c4ccc(Br)cc4C3(C)C)=C2[O-])C(C)(C)c2cc(I)ccc21,765.508
CC[N+]1=C(/C=C2\C(=O)C(/C=C3\N(CCCCS(=O)(=O)O)c4ccc(I)cc4C3(C)C)=C2[O-])C(C)(C)c2cc(I)ccc21,812.508
CC[N+]1=C(/C=C2\C(=O)C(/C=C3\N(Cc4ccccc4)c4ccccc4C3(C)C)=C2[O-])C(C)(C)c2cc(I)ccc21,640.565
CC[N+]1=C(/C=C2\C(=O)C(/C=C3\N(Cc4ccccc4)c4ccc(Br)cc4C3(C)C)=C2[O-])C(C)(C)c2cc(I)ccc21,719.461
CC[N+]1=C(/C=C2\C(=O)C(/C=C3\N(Cc4ccccc4)c4ccc(I)cc4C3(C)C)=C2[O-])C(C)(C)c2cc(I)ccc21,766.461
CC[N+]1=C(/C=C2\C(=O)C(/C=C3\N(Cc4ccsc4)c4ccccc4C3(C)C)=C2[O-])C(C)(C)c2cc(I)ccc21,646.594
CC[N+]1=C(/C=C2\C(=O)C(/C=C3\N(Cc4ccsc4)c4ccc(Br)cc4C3(C)C)=C2[O-])C(C)(C)c2cc(I)ccc21,725.49
CC[N+]1=C(/C=C2\C(=O)C(/C=C3\N(Cc4ccsc4)c4ccc(I)cc4C3(C)C)=C2[O-])C(C)(C)c2cc(I)ccc21,772.49
CCCC[N+]1=C(/C=C2\C(=O)C(/C=C3\N(CC)c4ccccc4C3(C)C)=C2[O-])C(C)(C)c2ccccc21,480.652
CCCC[N+]1=C(/C=C2\C(=O)C(/C=C3\N(CC)c4ccc(Br)cc4C3(C)C)=C2[O-])C(C)(C)c2ccccc21,559.548
CCCC[N+]1=C(/C=C2\C(=O)C(/C=C3\N(CC)c4ccc(I)cc4C3(C)C)=C2[O-])C(C)(C)c2ccccc21,606.548
CCCCN1/C(=C\C2=C([O-])/C(=C/C3=[N+](CCCC)c4ccccc4C3(C)C)C2=O)C(C)(C)c2ccccc21,508.706
CCCCN1/C(=C\C2=C([O-])/C(=C/C3=[N+](CCCC)c4ccccc4C3(C)C)C2=O)C(C)(C)c2cc(Br)ccc21,587.602
CCCCN1/C(=C\C2=C([O-])/C(=C/C3=[N+](CCCC)c4ccccc4C3(C)C)C2=O)C(C)(C)c2cc(I)ccc21,634.602
CCCC[N+]1=C(/C=C2\C(=O)C(/C=C3\N(CCCCN)c4ccccc4C3(C)C)=C2[O-])C(C)(C)c2ccccc21,523.721
CCCC[N+]1=C(/C=C2\C(=O)C(/C=C3\N(CCCCN)c4ccc(Br)cc4C3(C)C)=C2[O-])C(C)(C)c2ccccc21,602.617
CCCC[N+]1=C(/C=C2\C(=O)C(/C=C3\N(CCCCN)c4ccc(I)cc4C3(C)C)=C2[O-])C(C)(C)c2ccccc21,649.617
CCCC[N+]1=C(/C=C2\C(=O)C(/C=C3\N(CCCCO)c4ccccc4C3(C)C)=C2[O-])C(C)(C)c2ccccc21,524.705000000001
CCCC[N+]1=C(/C=C2\C(=O)C(/C=C3\N(CCCCO)c4ccc(Br)cc4C3(C)C)=C2[O-])C(C)(C)c2ccccc21,603.601
CCCC[N+]1=C(/C=C2\C(=O)C(/C=C3\N(CCCCO)c4ccc(I)cc4C3(C)C)=C2[O-])C(C)(C)c2ccccc21,650.601
CCCC[N+]1=C(/C=C2\C(=O)C(/C=C3\N(CCCC[N+](CC)(CC)CC)c4ccccc4C3(C)C)=C2[O-])C(C)(C)c2ccccc21,608.891
CCCC[N+]1=C(/C=C2\C(=O)C(/C=C3\N(CCCC[N+](CC)(CC)CC)c4ccc(Br)cc4C3(C)C)=C2[O-])C(C)(C)c2ccccc21,687.787
CCCC[N+]1=C(/C=C2\C(=O)C(/C=C3\N(CCCC[N+](CC)(CC)CC)c4ccc(I)cc4C3(C)C)=C2[O-])C(C)(C)c2ccccc21,734.787
CCCC[N+]1=C(/C=C2\C(=O)C(/C=C3\N(CCCCS(=O)(=O)O)c4ccccc4C3(C)C)=C2[O-])C(C)(C)c2ccccc21,588.770000000001
CCCC[N+]1=C(/C=C2\C(=O)C(/C=C3\N(CCCCS(=O)(=O)O)c4ccc(Br)cc4C3(C)C)=C2[O-])C(C)(C)c2ccccc21,667.666000000001
CCCC[N+]1=C(/C=C2\C(=O)C(/C=C3\N(CCCCS(=O)(=O)O)c4ccc(I)cc4C3(C)C)=C2[O-])C(C)(C)c2ccccc21,714.666000000001
CCCC[N+]1=C(/C=C2\C(=O)C(/C=C3\N(Cc4ccccc4)c4ccccc4C3(C)C)=C2[O-])C(C)(C)c2ccccc21,542.723
CCCC[N+]1=C(/C=C2\C(=O)C(/C=C3\N(Cc4ccccc4)c4ccc(Br)cc4C3(C)C)=C2[O-])C(C)(C)c2ccccc21,621.619
CCCC[N+]1=C(/C=C2\C(=O)C(/C=C3\N(Cc4ccccc4)c4ccc(I)cc4C3(C)C)=C2[O-])C(C)(C)c2ccccc21,668.619
CCCC[N+]1=C(/C=C2\C(=O)C(/C=C3\N(Cc4ccsc4)c4ccccc4C3(C)C)=C2[O-])C(C)(C)c2ccccc21,548.752
CCCC[N+]1=C(/C=C2\C(=O)C(/C=C3\N(Cc4ccsc4)c4ccc(Br)cc4C3(C)C)=C2[O-])C(C)(C)c2ccccc21,627.648
CCCC[N+]1=C(/C=C2\C(=O)C(/C=C3\N(Cc4ccsc4)c4ccc(I)cc4C3(C)C)=C2[O-])C(C)(C)c2ccccc21,674.648
CCCC[N+]1=C(/C=C2\C(=O)C(/C=C3\N(CC)c4ccccc4C3(C)C)=C2[O-])C(C)(C)c2cc(Br)ccc21,559.548
CCCC[N+]1=C(/C=C2\C(=O)C(/C=C3\N(CC)c4ccc(Br)cc4C3(C)C)=C2[O-])C(C)(C)c2cc(Br)ccc21,638.444
CCCC[N+]1=C(/C=C2\C(=O)C(/C=C3\N(CC)c4ccc(I)cc4C3(C)C)=C2[O-])C(C)(C)c2cc(Br)ccc21,685.444
CCCCN1/C(=C\C2=C([O-])/C(=C/C3=[N+](CCCC)c4ccc(Br)cc4C3(C)C)C2=O)C(C)(C)c2ccccc21,587.602
CCCCN1/C(=C\C2=C([O-])/C(=C/C3=[N+](CCCC)c4ccc(Br)cc4C3(C)C)C2=O)C(C)(C)c2cc(Br)ccc21,666.498
CCCCN1/C(=C\C2=C([O-])/C(=C/C3=[N+](CCCC)c4ccc(Br)cc4C3(C)C)C2=O)C(C)(C)c2cc(I)ccc21,713.498
CCCC[N+]1=C(/C=C2\C(=O)C(/C=C3\N(CCCCN)c4ccccc4C3(C)C)=C2[O-])C(C)(C)c2cc(Br)ccc21,602.617
CCCC[N+]1=C(/C=C2\C(=O)C(/C=C3\N(CCCCN)c4ccc(Br)cc4C3(C)C)=C2[O-])C(C)(C)c2cc(Br)ccc21,681.513
CCCC[N+]1=C(/C=C2\C(=O)C(/C=C3\N(CCCCN)c4ccc(I)cc4C3(C)C)=C2[O-])C(C)(C)c2cc(Br)ccc21,728.513
CCCC[N+]1=C(/C=C2\C(=O)C(/C=C3\N(CCCCO)c4ccccc4C3(C)C)=C2[O-])C(C)(C)c2cc(Br)ccc21,603.601
CCCC[N+]1=C(/C=C2\C(=O)C(/C=C3\N(CCCCO)c4ccc(Br)cc4C3(C)C)=C2[O-])C(C)(C)c2cc(Br)ccc21,682.497
CCCC[N+]1=C(/C=C2\C(=O)C(/C=C3\N(CCCCO)c4ccc(I)cc4C3(C)C)=C2[O-])C(C)(C)c2cc(Br)ccc21,729.497
CCCC[N+]1=C(/C=C2\C(=O)C(/C=C3\N(CCCC[N+](CC)(CC)CC)c4ccccc4C3(C)C)=C2[O-])C(C)(C)c2cc(Br)ccc21,687.787
CCCC[N+]1=C(/C=C2\C(=O)C(/C=C3\N(CCCC[N+](CC)(CC)CC)c4ccc(Br)cc4C3(C)C)=C2[O-])C(C)(C)c2cc(Br)ccc21,766.683
CCCC[N+]1=C(/C=C2\C(=O)C(/C=C3\N(CCCC[N+](CC)(CC)CC)c4ccc(I)cc4C3(C)C)=C2[O-])C(C)(C)c2cc(Br)ccc21,813.683
CCCC[N+]1=C(/C=C2\C(=O)C(/C=C3\N(CCCCS(=O)(=O)O)c4ccccc4C3(C)C)=C2[O-])C(C)(C)c2cc(Br)ccc21,667.666
CCCC[N+]1=C(/C=C2\C(=O)C(/C=C3\N(CCCCS(=O)(=O)O)c4ccc(Br)cc4C3(C)C)=C2[O-])C(C)(C)c2cc(Br)ccc21,746.562
CCCC[N+]1=C(/C=C2\C(=O)C(/C=C3\N(CCCCS(=O)(=O)O)c4ccc(I)cc4C3(C)C)=C2[O-])C(C)(C)c2cc(Br)ccc21,793.562
CCCC[N+]1=C(/C=C2\C(=O)C(/C=C3\N(Cc4ccccc4)c4ccccc4C3(C)C)=C2[O-])C(C)(C)c2cc(Br)ccc21,621.619
CCCC[N+]1=C(/C=C2\C(=O)C(/C=C3\N(Cc4ccccc4)c4ccc(Br)cc4C3(C)C)=C2[O-])C(C)(C)c2cc(Br)ccc21,700.515
CCCC[N+]1=C(/C=C2\C(=O)C(/C=C3\N(Cc4ccccc4)c4ccc(I)cc4C3(C)C)=C2[O-])C(C)(C)c2cc(Br)ccc21,747.515
CCCC[N+]1=C(/C=C2\C(=O)C(/C=C3\N(Cc4ccsc4)c4ccccc4C3(C)C)=C2[O-])C(C)(C)c2cc(Br)ccc21,627.648
CCCC[N+]1=C(/C=C2\C(=O)C(/C=C3\N(Cc4ccsc4)c4ccc(Br)cc4C3(C)C)=C2[O-])C(C)(C)c2cc(Br)ccc21,706.544
CCCC[N+]1=C(/C=C2\C(=O)C(/C=C3\N(Cc4ccsc4)c4ccc(I)cc4C3(C)C)=C2[O-])C(C)(C)c2cc(Br)ccc21,753.544
CCCC[N+]1=C(/C=C2\C(=O)C(/C=C3\N(CC)c4ccccc4C3(C)C)=C2[O-])C(C)(C)c2cc(I)ccc21,606.548
CCCC[N+]1=C(/C=C2\C(=O)C(/C=C3\N(CC)c4ccc(Br)cc4C3(C)C)=C2[O-])C(C)(C)c2cc(I)ccc21,685.444
CCCC[N+]1=C(/C=C2\C(=O)C(/C=C3\N(CC)c4ccc(I)cc4C3(C)C)=C2[O-])C(C)(C)c2cc(I)ccc21,732.444
CCCCN1/C(=C\C2=C([O-])/C(=C/C3=[N+](CCCC)c4ccc(I)cc4C3(C)C)C2=O)C(C)(C)c2ccccc21,634.602
CCCCN1/C(=C\C2=C([O-])/C(=C/C3=[N+](CCCC)c4ccc(I)cc4C3(C)C)C2=O)C(C)(C)c2cc(Br)ccc21,713.498
CCCCN1/C(=C\C2=C([O-])/C(=C/C3=[N+](CCCC)c4ccc(I)cc4C3(C)C)C2=O)C(C)(C)c2cc(I)ccc21,760.498
CCCC[N+]1=C(/C=C2\C(=O)C(/C=C3\N(CCCCN)c4ccccc4C3(C)C)=C2[O-])C(C)(C)c2cc(I)ccc21,649.617
CCCC[N+]1=C(/C=C2\C(=O)C(/C=C3\N(CCCCN)c4ccc(Br)cc4C3(C)C)=C2[O-])C(C)(C)c2cc(I)ccc21,728.513
CCCC[N+]1=C(/C=C2\C(=O)C(/C=C3\N(CCCCN)c4ccc(I)cc4C3(C)C)=C2[O-])C(C)(C)c2cc(I)ccc21,775.513
CCCC[N+]1=C(/C=C2\C(=O)C(/C=C3\N(CCCCO)c4ccccc4C3(C)C)=C2[O-])C(C)(C)c2cc(I)ccc21,650.601
CCCC[N+]1=C(/C=C2\C(=O)C(/C=C3\N(CCCCO)c4ccc(Br)cc4C3(C)C)=C2[O-])C(C)(C)c2cc(I)ccc21,729.497
CCCC[N+]1=C(/C=C2\C(=O)C(/C=C3\N(CCCCO)c4ccc(I)cc4C3(C)C)=C2[O-])C(C)(C)c2cc(I)ccc21,776.497
CCCC[N+]1=C(/C=C2\C(=O)C(/C=C3\N(CCCC[N+](CC)(CC)CC)c4ccccc4C3(C)C)=C2[O-])C(C)(C)c2cc(I)ccc21,734.787
CCCC[N+]1=C(/C=C2\C(=O)C(/C=C3\N(CCCC[N+](CC)(CC)CC)c4ccc(Br)cc4C3(C)C)=C2[O-])C(C)(C)c2cc(I)ccc21,813.683
CCCC[N+]1=C(/C=C2\C(=O)C(/C=C3\N(CCCC[N+](CC)(CC)CC)c4ccc(I)cc4C3(C)C)=C2[O-])C(C)(C)c2cc(I)ccc21,860.683
CCCC[N+]1=C(/C=C2\C(=O)C(/C=C3\N(CCCCS(=O)(=O)O)c4ccccc4C3(C)C)=C2[O-])C(C)(C)c2cc(I)ccc21,714.666
CCCC[N+]1=C(/C=C2\C(=O)C(/C=C3\N(CCCCS(=O)(=O)O)c4ccc(Br)cc4C3(C)C)=C2[O-])C(C)(C)c2cc(I)ccc21,793.562
CCCC[N+]1=C(/C=C2\C(=O)C(/C=C3\N(CCCCS(=O)(=O)O)c4ccc(I)cc4C3(C)C)=C2[O-])C(C)(C)c2cc(I)ccc21,840.562
CCCC[N+]1=C(/C=C2\C(=O)C(/C=C3\N(Cc4ccccc4)c4ccccc4C3(C)C)=C2[O-])C(C)(C)c2cc(I)ccc21,668.619
CCCC[N+]1=C(/C=C2\C(=O)C(/C=C3\N(Cc4ccccc4)c4ccc(Br)cc4C3(C)C)=C2[O-])C(C)(C)c2cc(I)ccc21,747.515
CCCC[N+]1=C(/C=C2\C(=O)C(/C=C3\N(Cc4ccccc4)c4ccc(I)cc4C3(C)C)=C2[O-])C(C)(C)c2cc(I)ccc21,794.515
CCCC[N+]1=C(/C=C2\C(=O)C(/C=C3\N(Cc4ccsc4)c4ccccc4C3(C)C)=C2[O-])C(C)(C)c2cc(I)ccc21,674.648
CCCC[N+]1=C(/C=C2\C(=O)C(/C=C3\N(Cc4ccsc4)c4ccc(Br)cc4C3(C)C)=C2[O-])C(C)(C)c2cc(I)ccc21,753.544
CCCC[N+]1=C(/C=C2\C(=O)C(/C=C3\N(Cc4ccsc4)c4ccc(I)cc4C3(C)C)=C2[O-])C(C)(C)c2cc(I)ccc21,800.544
CCN1/C(=C\C2=C([O-])/C(=C/C3=[N+](CCCCN)c4ccccc4C3(C)C)C2=O)C(C)(C)c2ccccc21,495.667
CCN1/C(=C\C2=C([O-])/C(=C/C3=[N+](CCCCN)c4ccccc4C3(C)C)C2=O)C(C)(C)c2cc(Br)ccc21,574.563
CCN1/C(=C\C2=C([O-])/C(=C/C3=[N+](CCCCN)c4ccccc4C3(C)C)C2=O)C(C)(C)c2cc(I)ccc21,621.563
CCCCN1/C(=C\C2=C([O-])/C(=C/C3=[N+](CCCCN)c4ccccc4C3(C)C)C2=O)C(C)(C)c2ccccc21,523.721
CCCCN1/C(=C\C2=C([O-])/C(=C/C3=[N+](CCCCN)c4ccccc4C3(C)C)C2=O)C(C)(C)c2cc(Br)ccc21,602.617
CCCCN1/C(=C\C2=C([O-])/C(=C/C3=[N+](CCCCN)c4ccccc4C3(C)C)C2=O)C(C)(C)c2cc(I)ccc21,649.617
CC1(C)C(/C=C2\C(=O)C(/C=C3\N(CCCCN)c4ccccc4C3(C)C)=C2[O-])=[N+](CCCCN)c2ccccc21,538.736
CC1(C)C(/C=C2\C(=O)C(/C=C3\N(CCCCN)c4ccc(Br)cc4C3(C)C)=C2[O-])=[N+](CCCCN)c2ccccc21,617.632
CC1(C)C(/C=C2\C(=O)C(/C=C3\N(CCCCN)c4ccc(I)cc4C3(C)C)=C2[O-])=[N+](CCCCN)c2ccccc21,664.632
CC1(C)C(/C=C2\C(=O)C(/C=C3\N(CCCCO)c4ccccc4C3(C)C)=C2[O-])=[N+](CCCCN)c2ccccc21,539.720000000001
CC1(C)C(/C=C2\C(=O)C(/C=C3\N(CCCCO)c4ccc(Br)cc4C3(C)C)=C2[O-])=[N+](CCCCN)c2ccccc21,618.616
CC1(C)C(/C=C2\C(=O)C(/C=C3\N(CCCCO)c4ccc(I)cc4C3(C)C)=C2[O-])=[N+](CCCCN)c2ccccc21,665.616
CC[N+](CC)(CC)CCCCN1/C(=C\C2=C([O-])/C(=C/C3=[N+](CCCCN)c4ccccc4C3(C)C)C2=O)C(C)(C)c2ccccc21,623.906
CC[N+](CC)(CC)CCCCN1/C(=C\C2=C([O-])/C(=C/C3=[N+](CCCCN)c4ccccc4C3(C)C)C2=O)C(C)(C)c2cc(Br)ccc21,702.802
CC[N+](CC)(CC)CCCCN1/C(=C\C2=C([O-])/C(=C/C3=[N+](CCCCN)c4ccccc4C3(C)C)C2=O)C(C)(C)c2cc(I)ccc21,749.802
CC1(C)C(/C=C2\C(=O)C(/C=C3\N(CCCCS(=O)(=O)O)c4ccccc4C3(C)C)=C2[O-])=[N+](CCCCN)c2ccccc21,603.785000000001
CC1(C)C(/C=C2\C(=O)C(/C=C3\N(CCCCS(=O)(=O)O)c4ccc(Br)cc4C3(C)C)=C2[O-])=[N+](CCCCN)c2ccccc21,682.681000000001
CC1(C)C(/C=C2\C(=O)C(/C=C3\N(CCCCS(=O)(=O)O)c4ccc(I)cc4C3(C)C)=C2[O-])=[N+](CCCCN)c2ccccc21,729.681000000001
CC1(C)C(/C=C2\C(=O)C(/C=C3\N(Cc4ccccc4)c4ccccc4C3(C)C)=C2[O-])=[N+](CCCCN)c2ccccc21,557.738000000001
CC1(C)C(/C=C2\C(=O)C(/C=C3\N(Cc4ccccc4)c4ccc(Br)cc4C3(C)C)=C2[O-])=[N+](CCCCN)c2ccccc21,636.634
CC1(C)C(/C=C2\C(=O)C(/C=C3\N(Cc4ccccc4)c4ccc(I)cc4C3(C)C)=C2[O-])=[N+](CCCCN)c2ccccc21,683.634
CC1(C)C(/C=C2\C(=O)C(/C=C3\N(Cc4ccsc4)c4ccccc4C3(C)C)=C2[O-])=[N+](CCCCN)c2ccccc21,563.767
CC1(C)C(/C=C2\C(=O)C(/C=C3\N(Cc4ccsc4)c4ccc(Br)cc4C3(C)C)=C2[O-])=[N+](CCCCN)c2ccccc21,642.663
CC1(C)C(/C=C2\C(=O)C(/C=C3\N(Cc4ccsc4)c4ccc(I)cc4C3(C)C)=C2[O-])=[N+](CCCCN)c2ccccc21,689.663
CCN1/C(=C\C2=C([O-])/C(=C/C3=[N+](CCCCN)c4ccc(Br)cc4C3(C)C)C2=O)C(C)(C)c2ccccc21,574.563
CCN1/C(=C\C2=C([O-])/C(=C/C3=[N+](CCCCN)c4ccc(Br)cc4C3(C)C)C2=O)C(C)(C)c2cc(Br)ccc21,653.459
CCN1/C(=C\C2=C([O-])/C(=C/C3=[N+](CCCCN)c4ccc(Br)cc4C3(C)C)C2=O)C(C)(C)c2cc(I)ccc21,700.459
CCCCN1/C(=C\C2=C([O-])/C(=C/C3=[N+](CCCCN)c4ccc(Br)cc4C3(C)C)C2=O)C(C)(C)c2ccccc21,602.617
CCCCN1/C(=C\C2=C([O-])/C(=C/C3=[N+](CCCCN)c4ccc(Br)cc4C3(C)C)C2=O)C(C)(C)c2cc(Br)ccc21,681.513
CCCCN1/C(=C\C2=C([O-])/C(=C/C3=[N+](CCCCN)c4ccc(Br)cc4C3(C)C)C2=O)C(C)(C)c2cc(I)ccc21,728.513
CC1(C)C(/C=C2\C(=O)C(/C=C3\N(CCCCN)c4ccccc4C3(C)C)=C2[O-])=[N+](CCCCN)c2ccc(Br)cc21,617.632
CC1(C)C(/C=C2\C(=O)C(/C=C3\N(CCCCN)c4ccc(Br)cc4C3(C)C)=C2[O-])=[N+](CCCCN)c2ccc(Br)cc21,696.528
CC1(C)C(/C=C2\C(=O)C(/C=C3\N(CCCCN)c4ccc(I)cc4C3(C)C)=C2[O-])=[N+](CCCCN)c2ccc(Br)cc21,743.528
CC1(C)C(/C=C2\C(=O)C(/C=C3\N(CCCCO)c4ccccc4C3(C)C)=C2[O-])=[N+](CCCCN)c2ccc(Br)cc21,618.616
CC1(C)C(/C=C2\C(=O)C(/C=C3\N(CCCCO)c4ccc(Br)cc4C3(C)C)=C2[O-])=[N+](CCCCN)c2ccc(Br)cc21,697.512
CC1(C)C(/C=C2\C(=O)C(/C=C3\N(CCCCO)c4ccc(I)cc4C3(C)C)=C2[O-])=[N+](CCCCN)c2ccc(Br)cc21,744.512
CC[N+](CC)(CC)CCCCN1/C(=C\C2=C([O-])/C(=C/C3=[N+](CCCCN)c4ccc(Br)cc4C3(C)C)C2=O)C(C)(C)c2ccccc21,702.802
CC[N+](CC)(CC)CCCCN1/C(=C\C2=C([O-])/C(=C/C3=[N+](CCCCN)c4ccc(Br)cc4C3(C)C)C2=O)C(C)(C)c2cc(Br)ccc21,781.698
CC[N+](CC)(CC)CCCCN1/C(=C\C2=C([O-])/C(=C/C3=[N+](CCCCN)c4ccc(Br)cc4C3(C)C)C2=O)C(C)(C)c2cc(I)ccc21,828.698
CC1(C)C(/C=C2\C(=O)C(/C=C3\N(CCCCS(=O)(=O)O)c4ccccc4C3(C)C)=C2[O-])=[N+](CCCCN)c2ccc(Br)cc21,682.681
CC1(C)C(/C=C2\C(=O)C(/C=C3\N(CCCCS(=O)(=O)O)c4ccc(Br)cc4C3(C)C)=C2[O-])=[N+](CCCCN)c2ccc(Br)cc21,761.577
CC1(C)C(/C=C2\C(=O)C(/C=C3\N(CCCCS(=O)(=O)O)c4ccc(I)cc4C3(C)C)=C2[O-])=[N+](CCCCN)c2ccc(Br)cc21,808.577
CC1(C)C(/C=C2\C(=O)C(/C=C3\N(Cc4ccccc4)c4ccccc4C3(C)C)=C2[O-])=[N+](CCCCN)c2ccc(Br)cc21,636.634
CC1(C)C(/C=C2\C(=O)C(/C=C3\N(Cc4ccccc4)c4ccc(Br)cc4C3(C)C)=C2[O-])=[N+](CCCCN)c2ccc(Br)cc21,715.53
CC1(C)C(/C=C2\C(=O)C(/C=C3\N(Cc4ccccc4)c4ccc(I)cc4C3(C)C)=C2[O-])=[N+](CCCCN)c2ccc(Br)cc21,762.53
CC1(C)C(/C=C2\C(=O)C(/C=C3\N(Cc4ccsc4)c4ccccc4C3(C)C)=C2[O-])=[N+](CCCCN)c2ccc(Br)cc21,642.663
CC1(C)C(/C=C2\C(=O)C(/C=C3\N(Cc4ccsc4)c4ccc(Br)cc4C3(C)C)=C2[O-])=[N+](CCCCN)c2ccc(Br)cc21,721.559
CC1(C)C(/C=C2\C(=O)C(/C=C3\N(Cc4ccsc4)c4ccc(I)cc4C3(C)C)=C2[O-])=[N+](CCCCN)c2ccc(Br)cc21,768.559
CCN1/C(=C\C2=C([O-])/C(=C/C3=[N+](CCCCN)c4ccc(I)cc4C3(C)C)C2=O)C(C)(C)c2ccccc21,621.563
CCN1/C(=C\C2=C([O-])/C(=C/C3=[N+](CCCCN)c4ccc(I)cc4C3(C)C)C2=O)C(C)(C)c2cc(Br)ccc21,700.459
CCN1/C(=C\C2=C([O-])/C(=C/C3=[N+](CCCCN)c4ccc(I)cc4C3(C)C)C2=O)C(C)(C)c2cc(I)ccc21,747.459
CCCCN1/C(=C\C2=C([O-])/C(=C/C3=[N+](CCCCN)c4ccc(I)cc4C3(C)C)C2=O)C(C)(C)c2ccccc21,649.617
CCCCN1/C(=C\C2=C([O-])/C(=C/C3=[N+](CCCCN)c4ccc(I)cc4C3(C)C)C2=O)C(C)(C)c2cc(Br)ccc21,728.513
CCCCN1/C(=C\C2=C([O-])/C(=C/C3=[N+](CCCCN)c4ccc(I)cc4C3(C)C)C2=O)C(C)(C)c2cc(I)ccc21,775.513
CC1(C)C(/C=C2\C(=O)C(/C=C3\N(CCCCN)c4ccccc4C3(C)C)=C2[O-])=[N+](CCCCN)c2ccc(I)cc21,664.632
CC1(C)C(/C=C2\C(=O)C(/C=C3\N(CCCCN)c4ccc(Br)cc4C3(C)C)=C2[O-])=[N+](CCCCN)c2ccc(I)cc21,743.528
CC1(C)C(/C=C2\C(=O)C(/C=C3\N(CCCCN)c4ccc(I)cc4C3(C)C)=C2[O-])=[N+](CCCCN)c2ccc(I)cc21,790.528
CC1(C)C(/C=C2\C(=O)C(/C=C3\N(CCCCO)c4ccccc4C3(C)C)=C2[O-])=[N+](CCCCN)c2ccc(I)cc21,665.616
CC1(C)C(/C=C2\C(=O)C(/C=C3\N(CCCCO)c4ccc(Br)cc4C3(C)C)=C2[O-])=[N+](CCCCN)c2ccc(I)cc21,744.512
CC1(C)C(/C=C2\C(=O)C(/C=C3\N(CCCCO)c4ccc(I)cc4C3(C)C)=C2[O-])=[N+](CCCCN)c2ccc(I)cc21,791.512
CC[N+](CC)(CC)CCCCN1/C(=C\C2=C([O-])/C(=C/C3=[N+](CCCCN)c4ccc(I)cc4C3(C)C)C2=O)C(C)(C)c2ccccc21,749.802
CC[N+](CC)(CC)CCCCN1/C(=C\C2=C([O-])/C(=C/C3=[N+](CCCCN)c4ccc(I)cc4C3(C)C)C2=O)C(C)(C)c2cc(Br)ccc21,828.698
CC[N+](CC)(CC)CCCCN1/C(=C\C2=C([O-])/C(=C/C3=[N+](CCCCN)c4ccc(I)cc4C3(C)C)C2=O)C(C)(C)c2cc(I)ccc21,875.698
CC1(C)C(/C=C2\C(=O)C(/C=C3\N(CCCCS(=O)(=O)O)c4ccccc4C3(C)C)=C2[O-])=[N+](CCCCN)c2ccc(I)cc21,729.681
CC1(C)C(/C=C2\C(=O)C(/C=C3\N(CCCCS(=O)(=O)O)c4ccc(Br)cc4C3(C)C)=C2[O-])=[N+](CCCCN)c2ccc(I)cc21,808.577
CC1(C)C(/C=C2\C(=O)C(/C=C3\N(CCCCS(=O)(=O)O)c4ccc(I)cc4C3(C)C)=C2[O-])=[N+](CCCCN)c2ccc(I)cc21,855.577
CC1(C)C(/C=C2\C(=O)C(/C=C3\N(Cc4ccccc4)c4ccccc4C3(C)C)=C2[O-])=[N+](CCCCN)c2ccc(I)cc21,683.634
CC1(C)C(/C=C2\C(=O)C(/C=C3\N(Cc4ccccc4)c4ccc(Br)cc4C3(C)C)=C2[O-])=[N+](CCCCN)c2ccc(I)cc21,762.53
CC1(C)C(/C=C2\C(=O)C(/C=C3\N(Cc4ccccc4)c4ccc(I)cc4C3(C)C)=C2[O-])=[N+](CCCCN)c2ccc(I)cc21,809.53
CC1(C)C(/C=C2\C(=O)C(/C=C3\N(Cc4ccsc4)c4ccccc4C3(C)C)=C2[O-])=[N+](CCCCN)c2ccc(I)cc21,689.663
CC1(C)C(/C=C2\C(=O)C(/C=C3\N(Cc4ccsc4)c4ccc(Br)cc4C3(C)C)=C2[O-])=[N+](CCCCN)c2ccc(I)cc21,768.559
CC1(C)C(/C=C2\C(=O)C(/C=C3\N(Cc4ccsc4)c4ccc(I)cc4C3(C)C)=C2[O-])=[N+](CCCCN)c2ccc(I)cc21,815.559
CCN1/C(=C\C2=C([O-])/C(=C/C3=[N+](CCCCO)c4ccccc4C3(C)C)C2=O)C(C)(C)c2ccccc21,496.651
CCN1/C(=C\C2=C([O-])/C(=C/C3=[N+](CCCCO)c4ccccc4C3(C)C)C2=O)C(C)(C)c2cc(Br)ccc21,575.547
CCN1/C(=C\C2=C([O-])/C(=C/C3=[N+](CCCCO)c4ccccc4C3(C)C)C2=O)C(C)(C)c2cc(I)ccc21,622.547
CCCCN1/C(=C\C2=C([O-])/C(=C/C3=[N+](CCCCO)c4ccccc4C3(C)C)C2=O)C(C)(C)c2ccccc21,524.705000000001
CCCCN1/C(=C\C2=C([O-])/C(=C/C3=[N+](CCCCO)c4ccccc4C3(C)C)C2=O)C(C)(C)c2cc(Br)ccc21,603.601
CCCCN1/C(=C\C2=C([O-])/C(=C/C3=[N+](CCCCO)c4ccccc4C3(C)C)C2=O)C(C)(C)c2cc(I)ccc21,650.601
CC1(C)C(/C=C2\C(=O)C(/C=C3\N(CCCCN)c4ccccc4C3(C)C)=C2[O-])=[N+](CCCCO)c2ccccc21,539.72
CC1(C)C(/C=C2\C(=O)C(/C=C3\N(CCCCN)c4ccc(Br)cc4C3(C)C)=C2[O-])=[N+](CCCCO)c2ccccc21,618.616
CC1(C)C(/C=C2\C(=O)C(/C=C3\N(CCCCN)c4ccc(I)cc4C3(C)C)=C2[O-])=[N+](CCCCO)c2ccccc21,665.616
CC1(C)C(/C=C2\C(=O)C(/C=C3\N(CCCCO)c4ccccc4C3(C)C)=C2[O-])=[N+](CCCCO)c2ccccc21,540.704000000001
CC1(C)C(/C=C2\C(=O)C(/C=C3\N(CCCCO)c4ccc(Br)cc4C3(C)C)=C2[O-])=[N+](CCCCO)c2ccccc21,619.600000000001
CC1(C)C(/C=C2\C(=O)C(/C=C3\N(CCCCO)c4ccc(I)cc4C3(C)C)=C2[O-])=[N+](CCCCO)c2ccccc21,666.600000000001
CC[N+](CC)(CC)CCCCN1/C(=C\C2=C([O-])/C(=C/C3=[N+](CCCCO)c4ccccc4C3(C)C)C2=O)C(C)(C)c2ccccc21,624.89
CC[N+](CC)(CC)CCCCN1/C(=C\C2=C([O-])/C(=C/C3=[N+](CCCCO)c4ccccc4C3(C)C)C2=O)C(C)(C)c2cc(Br)ccc21,703.786
CC[N+](CC)(CC)CCCCN1/C(=C\C2=C([O-])/C(=C/C3=[N+](CCCCO)c4ccccc4C3(C)C)C2=O)C(C)(C)c2cc(I)ccc21,750.786
CC1(C)C(/C=C2\C(=O)C(/C=C3\N(CCCCS(=O)(=O)O)c4ccccc4C3(C)C)=C2[O-])=[N+](CCCCO)c2ccccc21,604.769000000001
CC1(C)C(/C=C2\C(=O)C(/C=C3\N(CCCCS(=O)(=O)O)c4ccc(Br)cc4C3(C)C)=C2[O-])=[N+](CCCCO)c2ccccc21,683.665000000001
CC1(C)C(/C=C2\C(=O)C(/C=C3\N(CCCCS(=O)(=O)O)c4ccc(I)cc4C3(C)C)=C2[O-])=[N+](CCCCO)c2ccccc21,730.665000000001
CC1(C)C(/C=C2\C(=O)C(/C=C3\N(Cc4ccccc4)c4ccccc4C3(C)C)=C2[O-])=[N+](CCCCO)c2ccccc21,558.722000000001
CC1(C)C(/C=C2\C(=O)C(/C=C3\N(Cc4ccccc4)c4ccc(Br)cc4C3(C)C)=C2[O-])=[N+](CCCCO)c2ccccc21,637.618
CC1(C)C(/C=C2\C(=O)C(/C=C3\N(Cc4ccccc4)c4ccc(I)cc4C3(C)C)=C2[O-])=[N+](CCCCO)c2ccccc21,684.618
CC1(C)C(/C=C2\C(=O)C(/C=C3\N(Cc4ccsc4)c4ccccc4C3(C)C)=C2[O-])=[N+](CCCCO)c2ccccc21,564.751
CC1(C)C(/C=C2\C(=O)C(/C=C3\N(Cc4ccsc4)c4ccc(Br)cc4C3(C)C)=C2[O-])=[N+](CCCCO)c2ccccc21,643.647
CC1(C)C(/C=C2\C(=O)C(/C=C3\N(Cc4ccsc4)c4ccc(I)cc4C3(C)C)=C2[O-])=[N+](CCCCO)c2ccccc21,690.647
CCN1/C(=C\C2=C([O-])/C(=C/C3=[N+](CCCCO)c4ccc(Br)cc4C3(C)C)C2=O)C(C)(C)c2ccccc21,575.547
CCN1/C(=C\C2=C([O-])/C(=C/C3=[N+](CCCCO)c4ccc(Br)cc4C3(C)C)C2=O)C(C)(C)c2cc(Br)ccc21,654.443
CCN1/C(=C\C2=C([O-])/C(=C/C3=[N+](CCCCO)c4ccc(Br)cc4C3(C)C)C2=O)C(C)(C)c2cc(I)ccc21,701.443
CCCCN1/C(=C\C2=C([O-])/C(=C/C3=[N+](CCCCO)c4ccc(Br)cc4C3(C)C)C2=O)C(C)(C)c2ccccc21,603.601
CCCCN1/C(=C\C2=C([O-])/C(=C/C3=[N+](CCCCO)c4ccc(Br)cc4C3(C)C)C2=O)C(C)(C)c2cc(Br)ccc21,682.497
CCCCN1/C(=C\C2=C([O-])/C(=C/C3=[N+](CCCCO)c4ccc(Br)cc4C3(C)C)C2=O)C(C)(C)c2cc(I)ccc21,729.497
CC1(C)C(/C=C2\C(=O)C(/C=C3\N(CCCCN)c4ccccc4C3(C)C)=C2[O-])=[N+](CCCCO)c2ccc(Br)cc21,618.616
CC1(C)C(/C=C2\C(=O)C(/C=C3\N(CCCCN)c4ccc(Br)cc4C3(C)C)=C2[O-])=[N+](CCCCO)c2ccc(Br)cc21,697.512
CC1(C)C(/C=C2\C(=O)C(/C=C3\N(CCCCN)c4ccc(I)cc4C3(C)C)=C2[O-])=[N+](CCCCO)c2ccc(Br)cc21,744.512
CC1(C)C(/C=C2\C(=O)C(/C=C3\N(CCCCO)c4ccccc4C3(C)C)=C2[O-])=[N+](CCCCO)c2ccc(Br)cc21,619.6
CC1(C)C(/C=C2\C(=O)C(/C=C3\N(CCCCO)c4ccc(Br)cc4C3(C)C)=C2[O-])=[N+](CCCCO)c2ccc(Br)cc21,698.496
CC1(C)C(/C=C2\C(=O)C(/C=C3\N(CCCCO)c4ccc(I)cc4C3(C)C)=C2[O-])=[N+](CCCCO)c2ccc(Br)cc21,745.496
CC[N+](CC)(CC)CCCCN1/C(=C\C2=C([O-])/C(=C/C3=[N+](CCCCO)c4ccc(Br)cc4C3(C)C)C2=O)C(C)(C)c2ccccc21,703.786
CC[N+](CC)(CC)CCCCN1/C(=C\C2=C([O-])/C(=C/C3=[N+](CCCCO)c4ccc(Br)cc4C3(C)C)C2=O)C(C)(C)c2cc(Br)ccc21,782.682
CC[N+](CC)(CC)CCCCN1/C(=C\C2=C([O-])/C(=C/C3=[N+](CCCCO)c4ccc(Br)cc4C3(C)C)C2=O)C(C)(C)c2cc(I)ccc21,829.682
CC1(C)C(/C=C2\C(=O)C(/C=C3\N(CCCCS(=O)(=O)O)c4ccccc4C3(C)C)=C2[O-])=[N+](CCCCO)c2ccc(Br)cc21,683.665
CC1(C)C(/C=C2\C(=O)C(/C=C3\N(CCCCS(=O)(=O)O)c4ccc(Br)cc4C3(C)C)=C2[O-])=[N+](CCCCO)c2ccc(Br)cc21,762.561
CC1(C)C(/C=C2\C(=O)C(/C=C3\N(CCCCS(=O)(=O)O)c4ccc(I)cc4C3(C)C)=C2[O-])=[N+](CCCCO)c2ccc(Br)cc21,809.561
CC1(C)C(/C=C2\C(=O)C(/C=C3\N(Cc4ccccc4)c4ccccc4C3(C)C)=C2[O-])=[N+](CCCCO)c2ccc(Br)cc21,637.618
CC1(C)C(/C=C2\C(=O)C(/C=C3\N(Cc4ccccc4)c4ccc(Br)cc4C3(C)C)=C2[O-])=[N+](CCCCO)c2ccc(Br)cc21,716.514
CC1(C)C(/C=C2\C(=O)C(/C=C3\N(Cc4ccccc4)c4ccc(I)cc4C3(C)C)=C2[O-])=[N+](CCCCO)c2ccc(Br)cc21,763.514
CC1(C)C(/C=C2\C(=O)C(/C=C3\N(Cc4ccsc4)c4ccccc4C3(C)C)=C2[O-])=[N+](CCCCO)c2ccc(Br)cc21,643.647
CC1(C)C(/C=C2\C(=O)C(/C=C3\N(Cc4ccsc4)c4ccc(Br)cc4C3(C)C)=C2[O-])=[N+](CCCCO)c2ccc(Br)cc21,722.543
CC1(C)C(/C=C2\C(=O)C(/C=C3\N(Cc4ccsc4)c4ccc(I)cc4C3(C)C)=C2[O-])=[N+](CCCCO)c2ccc(Br)cc21,769.543
CCN1/C(=C\C2=C([O-])/C(=C/C3=[N+](CCCCO)c4ccc(I)cc4C3(C)C)C2=O)C(C)(C)c2ccccc21,622.547
CCN1/C(=C\C2=C([O-])/C(=C/C3=[N+](CCCCO)c4ccc(I)cc4C3(C)C)C2=O)C(C)(C)c2cc(Br)ccc21,701.443
CCN1/C(=C\C2=C([O-])/C(=C/C3=[N+](CCCCO)c4ccc(I)cc4C3(C)C)C2=O)C(C)(C)c2cc(I)ccc21,748.443
CCCCN1/C(=C\C2=C([O-])/C(=C/C3=[N+](CCCCO)c4ccc(I)cc4C3(C)C)C2=O)C(C)(C)c2ccccc21,650.601
CCCCN1/C(=C\C2=C([O-])/C(=C/C3=[N+](CCCCO)c4ccc(I)cc4C3(C)C)C2=O)C(C)(C)c2cc(Br)ccc21,729.497
CCCCN1/C(=C\C2=C([O-])/C(=C/C3=[N+](CCCCO)c4ccc(I)cc4C3(C)C)C2=O)C(C)(C)c2cc(I)ccc21,776.497
CC1(C)C(/C=C2\C(=O)C(/C=C3\N(CCCCN)c4ccccc4C3(C)C)=C2[O-])=[N+](CCCCO)c2ccc(I)cc21,665.616
CC1(C)C(/C=C2\C(=O)C(/C=C3\N(CCCCN)c4ccc(Br)cc4C3(C)C)=C2[O-])=[N+](CCCCO)c2ccc(I)cc21,744.512
CC1(C)C(/C=C2\C(=O)C(/C=C3\N(CCCCN)c4ccc(I)cc4C3(C)C)=C2[O-])=[N+](CCCCO)c2ccc(I)cc21,791.512
CC1(C)C(/C=C2\C(=O)C(/C=C3\N(CCCCO)c4ccccc4C3(C)C)=C2[O-])=[N+](CCCCO)c2ccc(I)cc21,666.6
CC1(C)C(/C=C2\C(=O)C(/C=C3\N(CCCCO)c4ccc(Br)cc4C3(C)C)=C2[O-])=[N+](CCCCO)c2ccc(I)cc21,745.496
CC1(C)C(/C=C2\C(=O)C(/C=C3\N(CCCCO)c4ccc(I)cc4C3(C)C)=C2[O-])=[N+](CCCCO)c2ccc(I)cc21,792.496
CC[N+](CC)(CC)CCCCN1/C(=C\C2=C([O-])/C(=C/C3=[N+](CCCCO)c4ccc(I)cc4C3(C)C)C2=O)C(C)(C)c2ccccc21,750.786
CC[N+](CC)(CC)CCCCN1/C(=C\C2=C([O-])/C(=C/C3=[N+](CCCCO)c4ccc(I)cc4C3(C)C)C2=O)C(C)(C)c2cc(Br)ccc21,829.682
CC[N+](CC)(CC)CCCCN1/C(=C\C2=C([O-])/C(=C/C3=[N+](CCCCO)c4ccc(I)cc4C3(C)C)C2=O)C(C)(C)c2cc(I)ccc21,876.682
CC1(C)C(/C=C2\C(=O)C(/C=C3\N(CCCCS(=O)(=O)O)c4ccccc4C3(C)C)=C2[O-])=[N+](CCCCO)c2ccc(I)cc21,730.665
CC1(C)C(/C=C2\C(=O)C(/C=C3\N(CCCCS(=O)(=O)O)c4ccc(Br)cc4C3(C)C)=C2[O-])=[N+](CCCCO)c2ccc(I)cc21,809.561
CC1(C)C(/C=C2\C(=O)C(/C=C3\N(CCCCS(=O)(=O)O)c4ccc(I)cc4C3(C)C)=C2[O-])=[N+](CCCCO)c2ccc(I)cc21,856.561
CC1(C)C(/C=C2\C(=O)C(/C=C3\N(Cc4ccccc4)c4ccccc4C3(C)C)=C2[O-])=[N+](CCCCO)c2ccc(I)cc21,684.618
CC1(C)C(/C=C2\C(=O)C(/C=C3\N(Cc4ccccc4)c4ccc(Br)cc4C3(C)C)=C2[O-])=[N+](CCCCO)c2ccc(I)cc21,763.514
CC1(C)C(/C=C2\C(=O)C(/C=C3\N(Cc4ccccc4)c4ccc(I)cc4C3(C)C)=C2[O-])=[N+](CCCCO)c2ccc(I)cc21,810.514
CC1(C)C(/C=C2\C(=O)C(/C=C3\N(Cc4ccsc4)c4ccccc4C3(C)C)=C2[O-])=[N+](CCCCO)c2ccc(I)cc21,690.647
CC1(C)C(/C=C2\C(=O)C(/C=C3\N(Cc4ccsc4)c4ccc(Br)cc4C3(C)C)=C2[O-])=[N+](CCCCO)c2ccc(I)cc21,769.543
CC1(C)C(/C=C2\C(=O)C(/C=C3\N(Cc4ccsc4)c4ccc(I)cc4C3(C)C)=C2[O-])=[N+](CCCCO)c2ccc(I)cc21,816.543
CCN1/C(=C\C2=C([O-])/C(=C/C3=[N+](CCCC[N+](CC)(CC)CC)c4ccccc4C3(C)C)C2=O)C(C)(C)c2ccccc21,580.837
CCN1/C(=C\C2=C([O-])/C(=C/C3=[N+](CCCC[N+](CC)(CC)CC)c4ccccc4C3(C)C)C2=O)C(C)(C)c2cc(Br)ccc21,659.733
CCN1/C(=C\C2=C([O-])/C(=C/C3=[N+](CCCC[N+](CC)(CC)CC)c4ccccc4C3(C)C)C2=O)C(C)(C)c2cc(I)ccc21,706.733
CCCCN1/C(=C\C2=C([O-])/C(=C/C3=[N+](CCCC[N+](CC)(CC)CC)c4ccccc4C3(C)C)C2=O)C(C)(C)c2ccccc21,608.891
CCCCN1/C(=C\C2=C([O-])/C(=C/C3=[N+](CCCC[N+](CC)(CC)CC)c4ccccc4C3(C)C)C2=O)C(C)(C)c2cc(Br)ccc21,687.787
CCCCN1/C(=C\C2=C([O-])/C(=C/C3=[N+](CCCC[N+](CC)(CC)CC)c4ccccc4C3(C)C)C2=O)C(C)(C)c2cc(I)ccc21,734.787
CC[N+](CC)(CC)CCCC[N+]1=C(/C=C2\C(=O)C(/C=C3\N(CCCCN)c4ccccc4C3(C)C)=C2[O-])C(C)(C)c2ccccc21,623.906
CC[N+](CC)(CC)CCCC[N+]1=C(/C=C2\C(=O)C(/C=C3\N(CCCCN)c4ccc(Br)cc4C3(C)C)=C2[O-])C(C)(C)c2ccccc21,702.802
CC[N+](CC)(CC)CCCC[N+]1=C(/C=C2\C(=O)C(/C=C3\N(CCCCN)c4ccc(I)cc4C3(C)C)=C2[O-])C(C)(C)c2ccccc21,749.802
CC[N+](CC)(CC)CCCC[N+]1=C(/C=C2\C(=O)C(/C=C3\N(CCCCO)c4ccccc4C3(C)C)=C2[O-])C(C)(C)c2ccccc21,624.89
CC[N+](CC)(CC)CCCC[N+]1=C(/C=C2\C(=O)C(/C=C3\N(CCCCO)c4ccc(Br)cc4C3(C)C)=C2[O-])C(C)(C)c2ccccc21,703.786
CC[N+](CC)(CC)CCCC[N+]1=C(/C=C2\C(=O)C(/C=C3\N(CCCCO)c4ccc(I)cc4C3(C)C)=C2[O-])C(C)(C)c2ccccc21,750.786
CC[N+](CC)(CC)CCCCN1/C(=C\C2=C([O-])/C(=C/C3=[N+](CCCC[N+](CC)(CC)CC)c4ccccc4C3(C)C)C2=O)C(C)(C)c2ccccc21,709.076
CC[N+](CC)(CC)CCCCN1/C(=C\C2=C([O-])/C(=C/C3=[N+](CCCC[N+](CC)(CC)CC)c4ccccc4C3(C)C)C2=O)C(C)(C)c2cc(Br)ccc21,787.972
CC[N+](CC)(CC)CCCCN1/C(=C\C2=C([O-])/C(=C/C3=[N+](CCCC[N+](CC)(CC)CC)c4ccccc4C3(C)C)C2=O)C(C)(C)c2cc(I)ccc21,834.972
CC[N+](CC)(CC)CCCC[N+]1=C(/C=C2\C(=O)C(/C=C3\N(CCCCS(=O)(=O)O)c4ccccc4C3(C)C)=C2[O-])C(C)(C)c2ccccc21,688.955
CC[N+](CC)(CC)CCCC[N+]1=C(/C=C2\C(=O)C(/C=C3\N(CCCCS(=O)(=O)O)c4ccc(Br)cc4C3(C)C)=C2[O-])C(C)(C)c2ccccc21,767.851
CC[N+](CC)(CC)CCCC[N+]1=C(/C=C2\C(=O)C(/C=C3\N(CCCCS(=O)(=O)O)c4ccc(I)cc4C3(C)C)=C2[O-])C(C)(C)c2ccccc21,814.851
CC[N+](CC)(CC)CCCC[N+]1=C(/C=C2\C(=O)C(/C=C3\N(Cc4ccccc4)c4ccccc4C3(C)C)=C2[O-])C(C)(C)c2ccccc21,642.908
CC[N+](CC)(CC)CCCC[N+]1=C(/C=C2\C(=O)C(/C=C3\N(Cc4ccccc4)c4ccc(Br)cc4C3(C)C)=C2[O-])C(C)(C)c2ccccc21,721.804
CC[N+](CC)(CC)CCCC[N+]1=C(/C=C2\C(=O)C(/C=C3\N(Cc4ccccc4)c4ccc(I)cc4C3(C)C)=C2[O-])C(C)(C)c2ccccc21,768.804
CC[N+](CC)(CC)CCCC[N+]1=C(/C=C2\C(=O)C(/C=C3\N(Cc4ccsc4)c4ccccc4C3(C)C)=C2[O-])C(C)(C)c2ccccc21,648.937
CC[N+](CC)(CC)CCCC[N+]1=C(/C=C2\C(=O)C(/C=C3\N(Cc4ccsc4)c4ccc(Br)cc4C3(C)C)=C2[O-])C(C)(C)c2ccccc21,727.833
CC[N+](CC)(CC)CCCC[N+]1=C(/C=C2\C(=O)C(/C=C3\N(Cc4ccsc4)c4ccc(I)cc4C3(C)C)=C2[O-])C(C)(C)c2ccccc21,774.833
CCN1/C(=C\C2=C([O-])/C(=C/C3=[N+](CCCC[N+](CC)(CC)CC)c4ccc(Br)cc4C3(C)C)C2=O)C(C)(C)c2ccccc21,659.733
CCN1/C(=C\C2=C([O-])/C(=C/C3=[N+](CCCC[N+](CC)(CC)CC)c4ccc(Br)cc4C3(C)C)C2=O)C(C)(C)c2cc(Br)ccc21,738.629
CCN1/C(=C\C2=C([O-])/C(=C/C3=[N+](CCCC[N+](CC)(CC)CC)c4ccc(Br)cc4C3(C)C)C2=O)C(C)(C)c2cc(I)ccc21,785.629
CCCCN1/C(=C\C2=C([O-])/C(=C/C3=[N+](CCCC[N+](CC)(CC)CC)c4ccc(Br)cc4C3(C)C)C2=O)C(C)(C)c2ccccc21,687.787
CCCCN1/C(=C\C2=C([O-])/C(=C/C3=[N+](CCCC[N+](CC)(CC)CC)c4ccc(Br)cc4C3(C)C)C2=O)C(C)(C)c2cc(Br)ccc21,766.683
CCCCN1/C(=C\C2=C([O-])/C(=C/C3=[N+](CCCC[N+](CC)(CC)CC)c4ccc(Br)cc4C3(C)C)C2=O)C(C)(C)c2cc(I)ccc21,813.683
CC[N+](CC)(CC)CCCC[N+]1=C(/C=C2\C(=O)C(/C=C3\N(CCCCN)c4ccccc4C3(C)C)=C2[O-])C(C)(C)c2cc(Br)ccc21,702.802
CC[N+](CC)(CC)CCCC[N+]1=C(/C=C2\C(=O)C(/C=C3\N(CCCCN)c4ccc(Br)cc4C3(C)C)=C2[O-])C(C)(C)c2cc(Br)ccc21,781.698
CC[N+](CC)(CC)CCCC[N+]1=C(/C=C2\C(=O)C(/C=C3\N(CCCCN)c4ccc(I)cc4C3(C)C)=C2[O-])C(C)(C)c2cc(Br)ccc21,828.698
CC[N+](CC)(CC)CCCC[N+]1=C(/C=C2\C(=O)C(/C=C3\N(CCCCO)c4ccccc4C3(C)C)=C2[O-])C(C)(C)c2cc(Br)ccc21,703.786
CC[N+](CC)(CC)CCCC[N+]1=C(/C=C2\C(=O)C(/C=C3\N(CCCCO)c4ccc(Br)cc4C3(C)C)=C2[O-])C(C)(C)c2cc(Br)ccc21,782.682
CC[N+](CC)(CC)CCCC[N+]1=C(/C=C2\C(=O)C(/C=C3\N(CCCCO)c4ccc(I)cc4C3(C)C)=C2[O-])C(C)(C)c2cc(Br)ccc21,829.682
CC[N+](CC)(CC)CCCCN1/C(=C\C2=C([O-])/C(=C/C3=[N+](CCCC[N+](CC)(CC)CC)c4ccc(Br)cc4C3(C)C)C2=O)C(C)(C)c2ccccc21,787.972
CC[N+](CC)(CC)CCCCN1/C(=C\C2=C([O-])/C(=C/C3=[N+](CCCC[N+](CC)(CC)CC)c4ccc(Br)cc4C3(C)C)C2=O)C(C)(C)c2cc(Br)ccc21,866.868
CC[N+](CC)(CC)CCCCN1/C(=C\C2=C([O-])/C(=C/C3=[N+](CCCC[N+](CC)(CC)CC)c4ccc(Br)cc4C3(C)C)C2=O)C(C)(C)c2cc(I)ccc21,913.868
CC[N+](CC)(CC)CCCC[N+]1=C(/C=C2\C(=O)C(/C=C3\N(CCCCS(=O)(=O)O)c4ccccc4C3(C)C)=C2[O-])C(C)(C)c2cc(Br)ccc21,767.851
CC[N+](CC)(CC)CCCC[N+]1=C(/C=C2\C(=O)C(/C=C3\N(CCCCS(=O)(=O)O)c4ccc(Br)cc4C3(C)C)=C2[O-])C(C)(C)c2cc(Br)ccc21,846.747
CC[N+](CC)(CC)CCCC[N+]1=C(/C=C2\C(=O)C(/C=C3\N(CCCCS(=O)(=O)O)c4ccc(I)cc4C3(C)C)=C2[O-])C(C)(C)c2cc(Br)ccc21,893.747
CC[N+](CC)(CC)CCCC[N+]1=C(/C=C2\C(=O)C(/C=C3\N(Cc4ccccc4)c4ccccc4C3(C)C)=C2[O-])C(C)(C)c2cc(Br)ccc21,721.804
CC[N+](CC)(CC)CCCC[N+]1=C(/C=C2\C(=O)C(/C=C3\N(Cc4ccccc4)c4ccc(Br)cc4C3(C)C)=C2[O-])C(C)(C)c2cc(Br)ccc21,800.7
CC[N+](CC)(CC)CCCC[N+]1=C(/C=C2\C(=O)C(/C=C3\N(Cc4ccccc4)c4ccc(I)cc4C3(C)C)=C2[O-])C(C)(C)c2cc(Br)ccc21,847.7
CC[N+](CC)(CC)CCCC[N+]1=C(/C=C2\C(=O)C(/C=C3\N(Cc4ccsc4)c4ccccc4C3(C)C)=C2[O-])C(C)(C)c2cc(Br)ccc21,727.833
CC[N+](CC)(CC)CCCC[N+]1=C(/C=C2\C(=O)C(/C=C3\N(Cc4ccsc4)c4ccc(Br)cc4C3(C)C)=C2[O-])C(C)(C)c2cc(Br)ccc21,806.729
CC[N+](CC)(CC)CCCC[N+]1=C(/C=C2\C(=O)C(/C=C3\N(Cc4ccsc4)c4ccc(I)cc4C3(C)C)=C2[O-])C(C)(C)c2cc(Br)ccc21,853.729
CCN1/C(=C\C2=C([O-])/C(=C/C3=[N+](CCCC[N+](CC)(CC)CC)c4ccc(I)cc4C3(C)C)C2=O)C(C)(C)c2ccccc21,706.733
CCN1/C(=C\C2=C([O-])/C(=C/C3=[N+](CCCC[N+](CC)(CC)CC)c4ccc(I)cc4C3(C)C)C2=O)C(C)(C)c2cc(Br)ccc21,785.629
CCN1/C(=C\C2=C([O-])/C(=C/C3=[N+](CCCC[N+](CC)(CC)CC)c4ccc(I)cc4C3(C)C)C2=O)C(C)(C)c2cc(I)ccc21,832.629
CCCCN1/C(=C\C2=C([O-])/C(=C/C3=[N+](CCCC[N+](CC)(CC)CC)c4ccc(I)cc4C3(C)C)C2=O)C(C)(C)c2ccccc21,734.787
CCCCN1/C(=C\C2=C([O-])/C(=C/C3=[N+](CCCC[N+](CC)(CC)CC)c4ccc(I)cc4C3(C)C)C2=O)C(C)(C)c2cc(Br)ccc21,813.683
CCCCN1/C(=C\C2=C([O-])/C(=C/C3=[N+](CCCC[N+](CC)(CC)CC)c4ccc(I)cc4C3(C)C)C2=O)C(C)(C)c2cc(I)ccc21,860.683
CC[N+](CC)(CC)CCCC[N+]1=C(/C=C2\C(=O)C(/C=C3\N(CCCCN)c4ccccc4C3(C)C)=C2[O-])C(C)(C)c2cc(I)ccc21,749.802
CC[N+](CC)(CC)CCCC[N+]1=C(/C=C2\C(=O)C(/C=C3\N(CCCCN)c4ccc(Br)cc4C3(C)C)=C2[O-])C(C)(C)c2cc(I)ccc21,828.698
CC[N+](CC)(CC)CCCC[N+]1=C(/C=C2\C(=O)C(/C=C3\N(CCCCN)c4ccc(I)cc4C3(C)C)=C2[O-])C(C)(C)c2cc(I)ccc21,875.698
CC[N+](CC)(CC)CCCC[N+]1=C(/C=C2\C(=O)C(/C=C3\N(CCCCO)c4ccccc4C3(C)C)=C2[O-])C(C)(C)c2cc(I)ccc21,750.786
CC[N+](CC)(CC)CCCC[N+]1=C(/C=C2\C(=O)C(/C=C3\N(CCCCO)c4ccc(Br)cc4C3(C)C)=C2[O-])C(C)(C)c2cc(I)ccc21,829.682
CC[N+](CC)(CC)CCCC[N+]1=C(/C=C2\C(=O)C(/C=C3\N(CCCCO)c4ccc(I)cc4C3(C)C)=C2[O-])C(C)(C)c2cc(I)ccc21,876.682
CC[N+](CC)(CC)CCCCN1/C(=C\C2=C([O-])/C(=C/C3=[N+](CCCC[N+](CC)(CC)CC)c4ccc(I)cc4C3(C)C)C2=O)C(C)(C)c2ccccc21,834.972
CC[N+](CC)(CC)CCCCN1/C(=C\C2=C([O-])/C(=C/C3=[N+](CCCC[N+](CC)(CC)CC)c4ccc(I)cc4C3(C)C)C2=O)C(C)(C)c2cc(Br)ccc21,913.868
CC[N+](CC)(CC)CCCCN1/C(=C\C2=C([O-])/C(=C/C3=[N+](CCCC[N+](CC)(CC)CC)c4ccc(I)cc4C3(C)C)C2=O)C(C)(C)c2cc(I)ccc21,960.868
CC[N+](CC)(CC)CCCC[N+]1=C(/C=C2\C(=O)C(/C=C3\N(CCCCS(=O)(=O)O)c4ccccc4C3(C)C)=C2[O-])C(C)(C)c2cc(I)ccc21,814.851
CC[N+](CC)(CC)CCCC[N+]1=C(/C=C2\C(=O)C(/C=C3\N(CCCCS(=O)(=O)O)c4ccc(Br)cc4C3(C)C)=C2[O-])C(C)(C)c2cc(I)ccc21,893.747
CC[N+](CC)(CC)CCCC[N+]1=C(/C=C2\C(=O)C(/C=C3\N(CCCCS(=O)(=O)O)c4ccc(I)cc4C3(C)C)=C2[O-])C(C)(C)c2cc(I)ccc21,940.747
CC[N+](CC)(CC)CCCC[N+]1=C(/C=C2\C(=O)C(/C=C3\N(Cc4ccccc4)c4ccccc4C3(C)C)=C2[O-])C(C)(C)c2cc(I)ccc21,768.804
CC[N+](CC)(CC)CCCC[N+]1=C(/C=C2\C(=O)C(/C=C3\N(Cc4ccccc4)c4ccc(Br)cc4C3(C)C)=C2[O-])C(C)(C)c2cc(I)ccc21,847.7
CC[N+](CC)(CC)CCCC[N+]1=C(/C=C2\C(=O)C(/C=C3\N(Cc4ccccc4)c4ccc(I)cc4C3(C)C)=C2[O-])C(C)(C)c2cc(I)ccc21,894.7
CC[N+](CC)(CC)CCCC[N+]1=C(/C=C2\C(=O)C(/C=C3\N(Cc4ccsc4)c4ccccc4C3(C)C)=C2[O-])C(C)(C)c2cc(I)ccc21,774.833
CC[N+](CC)(CC)CCCC[N+]1=C(/C=C2\C(=O)C(/C=C3\N(Cc4ccsc4)c4ccc(Br)cc4C3(C)C)=C2[O-])C(C)(C)c2cc(I)ccc21,853.729
CC[N+](CC)(CC)CCCC[N+]1=C(/C=C2\C(=O)C(/C=C3\N(Cc4ccsc4)c4ccc(I)cc4C3(C)C)=C2[O-])C(C)(C)c2cc(I)ccc21,900.729000000001
CCN1/C(=C\C2=C([O-])/C(=C/C3=[N+](CCCCS(=O)(=O)O)c4ccccc4C3(C)C)C2=O)C(C)(C)c2ccccc21,560.716
CCN1/C(=C\C2=C([O-])/C(=C/C3=[N+](CCCCS(=O)(=O)O)c4ccccc4C3(C)C)C2=O)C(C)(C)c2cc(Br)ccc21,639.612
CCN1/C(=C\C2=C([O-])/C(=C/C3=[N+](CCCCS(=O)(=O)O)c4ccccc4C3(C)C)C2=O)C(C)(C)c2cc(I)ccc21,686.612
CCCCN1/C(=C\C2=C([O-])/C(=C/C3=[N+](CCCCS(=O)(=O)O)c4ccccc4C3(C)C)C2=O)C(C)(C)c2ccccc21,588.77
CCCCN1/C(=C\C2=C([O-])/C(=C/C3=[N+](CCCCS(=O)(=O)O)c4ccccc4C3(C)C)C2=O)C(C)(C)c2cc(Br)ccc21,667.666
CCCCN1/C(=C\C2=C([O-])/C(=C/C3=[N+](CCCCS(=O)(=O)O)c4ccccc4C3(C)C)C2=O)C(C)(C)c2cc(I)ccc21,714.666
CC1(C)C(/C=C2\C(=O)C(/C=C3\N(CCCCN)c4ccccc4C3(C)C)=C2[O-])=[N+](CCCCS(=O)(=O)O)c2ccccc21,603.785
CC1(C)C(/C=C2\C(=O)C(/C=C3\N(CCCCN)c4ccc(Br)cc4C3(C)C)=C2[O-])=[N+](CCCCS(=O)(=O)O)c2ccccc21,682.681
CC1(C)C(/C=C2\C(=O)C(/C=C3\N(CCCCN)c4ccc(I)cc4C3(C)C)=C2[O-])=[N+](CCCCS(=O)(=O)O)c2ccccc21,729.681
CC1(C)C(/C=C2\C(=O)C(/C=C3\N(CCCCO)c4ccccc4C3(C)C)=C2[O-])=[N+](CCCCS(=O)(=O)O)c2ccccc21,604.769
CC1(C)C(/C=C2\C(=O)C(/C=C3\N(CCCCO)c4ccc(Br)cc4C3(C)C)=C2[O-])=[N+](CCCCS(=O)(=O)O)c2ccccc21,683.665
CC1(C)C(/C=C2\C(=O)C(/C=C3\N(CCCCO)c4ccc(I)cc4C3(C)C)=C2[O-])=[N+](CCCCS(=O)(=O)O)c2ccccc21,730.665
CC[N+](CC)(CC)CCCCN1/C(=C\C2=C([O-])/C(=C/C3=[N+](CCCCS(=O)(=O)O)c4ccccc4C3(C)C)C2=O)C(C)(C)c2ccccc21,688.955
CC[N+](CC)(CC)CCCCN1/C(=C\C2=C([O-])/C(=C/C3=[N+](CCCCS(=O)(=O)O)c4ccccc4C3(C)C)C2=O)C(C)(C)c2cc(Br)ccc21,767.851
CC[N+](CC)(CC)CCCCN1/C(=C\C2=C([O-])/C(=C/C3=[N+](CCCCS(=O)(=O)O)c4ccccc4C3(C)C)C2=O)C(C)(C)c2cc(I)ccc21,814.851
CC1(C)C(/C=C2\C(=O)C(/C=C3\N(CCCCS(=O)(=O)O)c4ccccc4C3(C)C)=C2[O-])=[N+](CCCCS(=O)(=O)O)c2ccccc21,668.834
CC1(C)C(/C=C2\C(=O)C(/C=C3\N(CCCCS(=O)(=O)O)c4ccc(Br)cc4C3(C)C)=C2[O-])=[N+](CCCCS(=O)(=O)O)c2ccccc21,747.73
CC1(C)C(/C=C2\C(=O)C(/C=C3\N(CCCCS(=O)(=O)O)c4ccc(I)cc4C3(C)C)=C2[O-])=[N+](CCCCS(=O)(=O)O)c2ccccc21,794.73
CC1(C)C(/C=C2\C(=O)C(/C=C3\N(Cc4ccccc4)c4ccccc4C3(C)C)=C2[O-])=[N+](CCCCS(=O)(=O)O)c2ccccc21,622.787
CC1(C)C(/C=C2\C(=O)C(/C=C3\N(Cc4ccccc4)c4ccc(Br)cc4C3(C)C)=C2[O-])=[N+](CCCCS(=O)(=O)O)c2ccccc21,701.683
CC1(C)C(/C=C2\C(=O)C(/C=C3\N(Cc4ccccc4)c4ccc(I)cc4C3(C)C)=C2[O-])=[N+](CCCCS(=O)(=O)O)c2ccccc21,748.683
CC1(C)C(/C=C2\C(=O)C(/C=C3\N(Cc4ccsc4)c4ccccc4C3(C)C)=C2[O-])=[N+](CCCCS(=O)(=O)O)c2ccccc21,628.816
CC1(C)C(/C=C2\C(=O)C(/C=C3\N(Cc4ccsc4)c4ccc(Br)cc4C3(C)C)=C2[O-])=[N+](CCCCS(=O)(=O)O)c2ccccc21,707.712
CC1(C)C(/C=C2\C(=O)C(/C=C3\N(Cc4ccsc4)c4ccc(I)cc4C3(C)C)=C2[O-])=[N+](CCCCS(=O)(=O)O)c2ccccc21,754.712
CCN1/C(=C\C2=C([O-])/C(=C/C3=[N+](CCCCS(=O)(=O)O)c4ccc(Br)cc4C3(C)C)C2=O)C(C)(C)c2ccccc21,639.612
CCN1/C(=C\C2=C([O-])/C(=C/C3=[N+](CCCCS(=O)(=O)O)c4ccc(Br)cc4C3(C)C)C2=O)C(C)(C)c2cc(Br)ccc21,718.508
CCN1/C(=C\C2=C([O-])/C(=C/C3=[N+](CCCCS(=O)(=O)O)c4ccc(Br)cc4C3(C)C)C2=O)C(C)(C)c2cc(I)ccc21,765.508
CCCCN1/C(=C\C2=C([O-])/C(=C/C3=[N+](CCCCS(=O)(=O)O)c4ccc(Br)cc4C3(C)C)C2=O)C(C)(C)c2ccccc21,667.666
CCCCN1/C(=C\C2=C([O-])/C(=C/C3=[N+](CCCCS(=O)(=O)O)c4ccc(Br)cc4C3(C)C)C2=O)C(C)(C)c2cc(Br)ccc21,746.562
CCCCN1/C(=C\C2=C([O-])/C(=C/C3=[N+](CCCCS(=O)(=O)O)c4ccc(Br)cc4C3(C)C)C2=O)C(C)(C)c2cc(I)ccc21,793.562
CC1(C)C(/C=C2\C(=O)C(/C=C3\N(CCCCN)c4ccccc4C3(C)C)=C2[O-])=[N+](CCCCS(=O)(=O)O)c2ccc(Br)cc21,682.681
CC1(C)C(/C=C2\C(=O)C(/C=C3\N(CCCCN)c4ccc(Br)cc4C3(C)C)=C2[O-])=[N+](CCCCS(=O)(=O)O)c2ccc(Br)cc21,761.577
CC1(C)C(/C=C2\C(=O)C(/C=C3\N(CCCCN)c4ccc(I)cc4C3(C)C)=C2[O-])=[N+](CCCCS(=O)(=O)O)c2ccc(Br)cc21,808.577
CC1(C)C(/C=C2\C(=O)C(/C=C3\N(CCCCO)c4ccccc4C3(C)C)=C2[O-])=[N+](CCCCS(=O)(=O)O)c2ccc(Br)cc21,683.665
CC1(C)C(/C=C2\C(=O)C(/C=C3\N(CCCCO)c4ccc(Br)cc4C3(C)C)=C2[O-])=[N+](CCCCS(=O)(=O)O)c2ccc(Br)cc21,762.561
CC1(C)C(/C=C2\C(=O)C(/C=C3\N(CCCCO)c4ccc(I)cc4C3(C)C)=C2[O-])=[N+](CCCCS(=O)(=O)O)c2ccc(Br)cc21,809.561
CC[N+](CC)(CC)CCCCN1/C(=C\C2=C([O-])/C(=C/C3=[N+](CCCCS(=O)(=O)O)c4ccc(Br)cc4C3(C)C)C2=O)C(C)(C)c2ccccc21,767.851
CC[N+](CC)(CC)CCCCN1/C(=C\C2=C([O-])/C(=C/C3=[N+](CCCCS(=O)(=O)O)c4ccc(Br)cc4C3(C)C)C2=O)C(C)(C)c2cc(Br)ccc21,846.747
CC[N+](CC)(CC)CCCCN1/C(=C\C2=C([O-])/C(=C/C3=[N+](CCCCS(=O)(=O)O)c4ccc(Br)cc4C3(C)C)C2=O)C(C)(C)c2cc(I)ccc21,893.747
CC1(C)C(/C=C2\C(=O)C(/C=C3\N(CCCCS(=O)(=O)O)c4ccccc4C3(C)C)=C2[O-])=[N+](CCCCS(=O)(=O)O)c2ccc(Br)cc21,747.73
CC1(C)C(/C=C2\C(=O)C(/C=C3\N(CCCCS(=O)(=O)O)c4ccc(Br)cc4C3(C)C)=C2[O-])=[N+](CCCCS(=O)(=O)O)c2ccc(Br)cc21,826.626
CC1(C)C(/C=C2\C(=O)C(/C=C3\N(CCCCS(=O)(=O)O)c4ccc(I)cc4C3(C)C)=C2[O-])=[N+](CCCCS(=O)(=O)O)c2ccc(Br)cc21,873.626
CC1(C)C(/C=C2\C(=O)C(/C=C3\N(Cc4ccccc4)c4ccccc4C3(C)C)=C2[O-])=[N+](CCCCS(=O)(=O)O)c2ccc(Br)cc21,701.683
CC1(C)C(/C=C2\C(=O)C(/C=C3\N(Cc4ccccc4)c4ccc(Br)cc4C3(C)C)=C2[O-])=[N+](CCCCS(=O)(=O)O)c2ccc(Br)cc21,780.579
CC1(C)C(/C=C2\C(=O)C(/C=C3\N(Cc4ccccc4)c4ccc(I)cc4C3(C)C)=C2[O-])=[N+](CCCCS(=O)(=O)O)c2ccc(Br)cc21,827.579
CC1(C)C(/C=C2\C(=O)C(/C=C3\N(Cc4ccsc4)c4ccccc4C3(C)C)=C2[O-])=[N+](CCCCS(=O)(=O)O)c2ccc(Br)cc21,707.712
CC1(C)C(/C=C2\C(=O)C(/C=C3\N(Cc4ccsc4)c4ccc(Br)cc4C3(C)C)=C2[O-])=[N+](CCCCS(=O)(=O)O)c2ccc(Br)cc21,786.608
CC1(C)C(/C=C2\C(=O)C(/C=C3\N(Cc4ccsc4)c4ccc(I)cc4C3(C)C)=C2[O-])=[N+](CCCCS(=O)(=O)O)c2ccc(Br)cc21,833.608
CCN1/C(=C\C2=C([O-])/C(=C/C3=[N+](CCCCS(=O)(=O)O)c4ccc(I)cc4C3(C)C)C2=O)C(C)(C)c2ccccc21,686.612
CCN1/C(=C\C2=C([O-])/C(=C/C3=[N+](CCCCS(=O)(=O)O)c4ccc(I)cc4C3(C)C)C2=O)C(C)(C)c2cc(Br)ccc21,765.508
CCN1/C(=C\C2=C([O-])/C(=C/C3=[N+](CCCCS(=O)(=O)O)c4ccc(I)cc4C3(C)C)C2=O)C(C)(C)c2cc(I)ccc21,812.508
CCCCN1/C(=C\C2=C([O-])/C(=C/C3=[N+](CCCCS(=O)(=O)O)c4ccc(I)cc4C3(C)C)C2=O)C(C)(C)c2ccccc21,714.666
CCCCN1/C(=C\C2=C([O-])/C(=C/C3=[N+](CCCCS(=O)(=O)O)c4ccc(I)cc4C3(C)C)C2=O)C(C)(C)c2cc(Br)ccc21,793.562
CCCCN1/C(=C\C2=C([O-])/C(=C/C3=[N+](CCCCS(=O)(=O)O)c4ccc(I)cc4C3(C)C)C2=O)C(C)(C)c2cc(I)ccc21,840.562
CC1(C)C(/C=C2\C(=O)C(/C=C3\N(CCCCN)c4ccccc4C3(C)C)=C2[O-])=[N+](CCCCS(=O)(=O)O)c2ccc(I)cc21,729.681
CC1(C)C(/C=C2\C(=O)C(/C=C3\N(CCCCN)c4ccc(Br)cc4C3(C)C)=C2[O-])=[N+](CCCCS(=O)(=O)O)c2ccc(I)cc21,808.577
CC1(C)C(/C=C2\C(=O)C(/C=C3\N(CCCCN)c4ccc(I)cc4C3(C)C)=C2[O-])=[N+](CCCCS(=O)(=O)O)c2ccc(I)cc21,855.577
CC1(C)C(/C=C2\C(=O)C(/C=C3\N(CCCCO)c4ccccc4C3(C)C)=C2[O-])=[N+](CCCCS(=O)(=O)O)c2ccc(I)cc21,730.665
CC1(C)C(/C=C2\C(=O)C(/C=C3\N(CCCCO)c4ccc(Br)cc4C3(C)C)=C2[O-])=[N+](CCCCS(=O)(=O)O)c2ccc(I)cc21,809.561
CC1(C)C(/C=C2\C(=O)C(/C=C3\N(CCCCO)c4ccc(I)cc4C3(C)C)=C2[O-])=[N+](CCCCS(=O)(=O)O)c2ccc(I)cc21,856.561
CC[N+](CC)(CC)CCCCN1/C(=C\C2=C([O-])/C(=C/C3=[N+](CCCCS(=O)(=O)O)c4ccc(I)cc4C3(C)C)C2=O)C(C)(C)c2ccccc21,814.851
CC[N+](CC)(CC)CCCCN1/C(=C\C2=C([O-])/C(=C/C3=[N+](CCCCS(=O)(=O)O)c4ccc(I)cc4C3(C)C)C2=O)C(C)(C)c2cc(Br)ccc21,893.747
CC[N+](CC)(CC)CCCCN1/C(=C\C2=C([O-])/C(=C/C3=[N+](CCCCS(=O)(=O)O)c4ccc(I)cc4C3(C)C)C2=O)C(C)(C)c2cc(I)ccc21,940.747
CC1(C)C(/C=C2\C(=O)C(/C=C3\N(CCCCS(=O)(=O)O)c4ccccc4C3(C)C)=C2[O-])=[N+](CCCCS(=O)(=O)O)c2ccc(I)cc21,794.73
CC1(C)C(/C=C2\C(=O)C(/C=C3\N(CCCCS(=O)(=O)O)c4ccc(Br)cc4C3(C)C)=C2[O-])=[N+](CCCCS(=O)(=O)O)c2ccc(I)cc21,873.626
CC1(C)C(/C=C2\C(=O)C(/C=C3\N(CCCCS(=O)(=O)O)c4ccc(I)cc4C3(C)C)=C2[O-])=[N+](CCCCS(=O)(=O)O)c2ccc(I)cc21,920.626
CC1(C)C(/C=C2\C(=O)C(/C=C3\N(Cc4ccccc4)c4ccccc4C3(C)C)=C2[O-])=[N+](CCCCS(=O)(=O)O)c2ccc(I)cc21,748.683
CC1(C)C(/C=C2\C(=O)C(/C=C3\N(Cc4ccccc4)c4ccc(Br)cc4C3(C)C)=C2[O-])=[N+](CCCCS(=O)(=O)O)c2ccc(I)cc21,827.579
CC1(C)C(/C=C2\C(=O)C(/C=C3\N(Cc4ccccc4)c4ccc(I)cc4C3(C)C)=C2[O-])=[N+](CCCCS(=O)(=O)O)c2ccc(I)cc21,874.579
CC1(C)C(/C=C2\C(=O)C(/C=C3\N(Cc4ccsc4)c4ccccc4C3(C)C)=C2[O-])=[N+](CCCCS(=O)(=O)O)c2ccc(I)cc21,754.712
CC1(C)C(/C=C2\C(=O)C(/C=C3\N(Cc4ccsc4)c4ccc(Br)cc4C3(C)C)=C2[O-])=[N+](CCCCS(=O)(=O)O)c2ccc(I)cc21,833.608
CC1(C)C(/C=C2\C(=O)C(/C=C3\N(Cc4ccsc4)c4ccc(I)cc4C3(C)C)=C2[O-])=[N+](CCCCS(=O)(=O)O)c2ccc(I)cc21,880.608
CCN1/C(=C\C2=C([O-])/C(=C/C3=[N+](Cc4ccccc4)c4ccccc4C3(C)C)C2=O)C(C)(C)c2ccccc21,514.669
CCN1/C(=C\C2=C([O-])/C(=C/C3=[N+](Cc4ccccc4)c4ccccc4C3(C)C)C2=O)C(C)(C)c2cc(Br)ccc21,593.565
CCN1/C(=C\C2=C([O-])/C(=C/C3=[N+](Cc4ccccc4)c4ccccc4C3(C)C)C2=O)C(C)(C)c2cc(I)ccc21,640.565
CCCCN1/C(=C\C2=C([O-])/C(=C/C3=[N+](Cc4ccccc4)c4ccccc4C3(C)C)C2=O)C(C)(C)c2ccccc21,542.723
CCCCN1/C(=C\C2=C([O-])/C(=C/C3=[N+](Cc4ccccc4)c4ccccc4C3(C)C)C2=O)C(C)(C)c2cc(Br)ccc21,621.619
CCCCN1/C(=C\C2=C([O-])/C(=C/C3=[N+](Cc4ccccc4)c4ccccc4C3(C)C)C2=O)C(C)(C)c2cc(I)ccc21,668.619
CC1(C)C(/C=C2\C(=O)C(/C=C3\N(CCCCN)c4ccccc4C3(C)C)=C2[O-])=[N+](Cc2ccccc2)c2ccccc21,557.738
CC1(C)C(/C=C2\C(=O)C(/C=C3\N(CCCCN)c4ccc(Br)cc4C3(C)C)=C2[O-])=[N+](Cc2ccccc2)c2ccccc21,636.634
CC1(C)C(/C=C2\C(=O)C(/C=C3\N(CCCCN)c4ccc(I)cc4C3(C)C)=C2[O-])=[N+](Cc2ccccc2)c2ccccc21,683.634
CC1(C)C(/C=C2\C(=O)C(/C=C3\N(CCCCO)c4ccccc4C3(C)C)=C2[O-])=[N+](Cc2ccccc2)c2ccccc21,558.722
CC1(C)C(/C=C2\C(=O)C(/C=C3\N(CCCCO)c4ccc(Br)cc4C3(C)C)=C2[O-])=[N+](Cc2ccccc2)c2ccccc21,637.618
CC1(C)C(/C=C2\C(=O)C(/C=C3\N(CCCCO)c4ccc(I)cc4C3(C)C)=C2[O-])=[N+](Cc2ccccc2)c2ccccc21,684.618
CC[N+](CC)(CC)CCCCN1/C(=C\C2=C([O-])/C(=C/C3=[N+](Cc4ccccc4)c4ccccc4C3(C)C)C2=O)C(C)(C)c2ccccc21,642.908
CC[N+](CC)(CC)CCCCN1/C(=C\C2=C([O-])/C(=C/C3=[N+](Cc4ccccc4)c4ccccc4C3(C)C)C2=O)C(C)(C)c2cc(Br)ccc21,721.804
CC[N+](CC)(CC)CCCCN1/C(=C\C2=C([O-])/C(=C/C3=[N+](Cc4ccccc4)c4ccccc4C3(C)C)C2=O)C(C)(C)c2cc(I)ccc21,768.804
CC1(C)C(/C=C2\C(=O)C(/C=C3\N(CCCCS(=O)(=O)O)c4ccccc4C3(C)C)=C2[O-])=[N+](Cc2ccccc2)c2ccccc21,622.787
CC1(C)C(/C=C2\C(=O)C(/C=C3\N(CCCCS(=O)(=O)O)c4ccc(Br)cc4C3(C)C)=C2[O-])=[N+](Cc2ccccc2)c2ccccc21,701.683
CC1(C)C(/C=C2\C(=O)C(/C=C3\N(CCCCS(=O)(=O)O)c4ccc(I)cc4C3(C)C)=C2[O-])=[N+](Cc2ccccc2)c2ccccc21,748.683
CC1(C)C(/C=C2\C(=O)C(/C=C3\N(Cc4ccccc4)c4ccccc4C3(C)C)=C2[O-])=[N+](Cc2ccccc2)c2ccccc21,576.74
CC1(C)C(/C=C2\C(=O)C(/C=C3\N(Cc4ccccc4)c4ccc(Br)cc4C3(C)C)=C2[O-])=[N+](Cc2ccccc2)c2ccccc21,655.636
CC1(C)C(/C=C2\C(=O)C(/C=C3\N(Cc4ccccc4)c4ccc(I)cc4C3(C)C)=C2[O-])=[N+](Cc2ccccc2)c2ccccc21,702.636
CC1(C)C(/C=C2\C(=O)C(/C=C3\N(Cc4ccsc4)c4ccccc4C3(C)C)=C2[O-])=[N+](Cc2ccccc2)c2ccccc21,582.769
CC1(C)C(/C=C2\C(=O)C(/C=C3\N(Cc4ccsc4)c4ccc(Br)cc4C3(C)C)=C2[O-])=[N+](Cc2ccccc2)c2ccccc21,661.665
CC1(C)C(/C=C2\C(=O)C(/C=C3\N(Cc4ccsc4)c4ccc(I)cc4C3(C)C)=C2[O-])=[N+](Cc2ccccc2)c2ccccc21,708.665
CCN1/C(=C\C2=C([O-])/C(=C/C3=[N+](Cc4ccccc4)c4ccc(Br)cc4C3(C)C)C2=O)C(C)(C)c2ccccc21,593.565
CCN1/C(=C\C2=C([O-])/C(=C/C3=[N+](Cc4ccccc4)c4ccc(Br)cc4C3(C)C)C2=O)C(C)(C)c2cc(Br)ccc21,672.461
CCN1/C(=C\C2=C([O-])/C(=C/C3=[N+](Cc4ccccc4)c4ccc(Br)cc4C3(C)C)C2=O)C(C)(C)c2cc(I)ccc21,719.461
CCCCN1/C(=C\C2=C([O-])/C(=C/C3=[N+](Cc4ccccc4)c4ccc(Br)cc4C3(C)C)C2=O)C(C)(C)c2ccccc21,621.619
CCCCN1/C(=C\C2=C([O-])/C(=C/C3=[N+](Cc4ccccc4)c4ccc(Br)cc4C3(C)C)C2=O)C(C)(C)c2cc(Br)ccc21,700.515
CCCCN1/C(=C\C2=C([O-])/C(=C/C3=[N+](Cc4ccccc4)c4ccc(Br)cc4C3(C)C)C2=O)C(C)(C)c2cc(I)ccc21,747.515
CC1(C)C(/C=C2\C(=O)C(/C=C3\N(CCCCN)c4ccccc4C3(C)C)=C2[O-])=[N+](Cc2ccccc2)c2ccc(Br)cc21,636.634
CC1(C)C(/C=C2\C(=O)C(/C=C3\N(CCCCN)c4ccc(Br)cc4C3(C)C)=C2[O-])=[N+](Cc2ccccc2)c2ccc(Br)cc21,715.53
CC1(C)C(/C=C2\C(=O)C(/C=C3\N(CCCCN)c4ccc(I)cc4C3(C)C)=C2[O-])=[N+](Cc2ccccc2)c2ccc(Br)cc21,762.53
CC1(C)C(/C=C2\C(=O)C(/C=C3\N(CCCCO)c4ccccc4C3(C)C)=C2[O-])=[N+](Cc2ccccc2)c2ccc(Br)cc21,637.618
CC1(C)C(/C=C2\C(=O)C(/C=C3\N(CCCCO)c4ccc(Br)cc4C3(C)C)=C2[O-])=[N+](Cc2ccccc2)c2ccc(Br)cc21,716.514
CC1(C)C(/C=C2\C(=O)C(/C=C3\N(CCCCO)c4ccc(I)cc4C3(C)C)=C2[O-])=[N+](Cc2ccccc2)c2ccc(Br)cc21,763.514
CC[N+](CC)(CC)CCCCN1/C(=C\C2=C([O-])/C(=C/C3=[N+](Cc4ccccc4)c4ccc(Br)cc4C3(C)C)C2=O)C(C)(C)c2ccccc21,721.804
CC[N+](CC)(CC)CCCCN1/C(=C\C2=C([O-])/C(=C/C3=[N+](Cc4ccccc4)c4ccc(Br)cc4C3(C)C)C2=O)C(C)(C)c2cc(Br)ccc21,800.7
CC[N+](CC)(CC)CCCCN1/C(=C\C2=C([O-])/C(=C/C3=[N+](Cc4ccccc4)c4ccc(Br)cc4C3(C)C)C2=O)C(C)(C)c2cc(I)ccc21,847.7
CC1(C)C(/C=C2\C(=O)C(/C=C3\N(CCCCS(=O)(=O)O)c4ccccc4C3(C)C)=C2[O-])=[N+](Cc2ccccc2)c2ccc(Br)cc21,701.683
CC1(C)C(/C=C2\C(=O)C(/C=C3\N(CCCCS(=O)(=O)O)c4ccc(Br)cc4C3(C)C)=C2[O-])=[N+](Cc2ccccc2)c2ccc(Br)cc21,780.579
CC1(C)C(/C=C2\C(=O)C(/C=C3\N(CCCCS(=O)(=O)O)c4ccc(I)cc4C3(C)C)=C2[O-])=[N+](Cc2ccccc2)c2ccc(Br)cc21,827.579
CC1(C)C(/C=C2\C(=O)C(/C=C3\N(Cc4ccccc4)c4ccccc4C3(C)C)=C2[O-])=[N+](Cc2ccccc2)c2ccc(Br)cc21,655.636
CC1(C)C(/C=C2\C(=O)C(/C=C3\N(Cc4ccccc4)c4ccc(Br)cc4C3(C)C)=C2[O-])=[N+](Cc2ccccc2)c2ccc(Br)cc21,734.532
CC1(C)C(/C=C2\C(=O)C(/C=C3\N(Cc4ccccc4)c4ccc(I)cc4C3(C)C)=C2[O-])=[N+](Cc2ccccc2)c2ccc(Br)cc21,781.532
CC1(C)C(/C=C2\C(=O)C(/C=C3\N(Cc4ccsc4)c4ccccc4C3(C)C)=C2[O-])=[N+](Cc2ccccc2)c2ccc(Br)cc21,661.665
CC1(C)C(/C=C2\C(=O)C(/C=C3\N(Cc4ccsc4)c4ccc(Br)cc4C3(C)C)=C2[O-])=[N+](Cc2ccccc2)c2ccc(Br)cc21,740.561
CC1(C)C(/C=C2\C(=O)C(/C=C3\N(Cc4ccsc4)c4ccc(I)cc4C3(C)C)=C2[O-])=[N+](Cc2ccccc2)c2ccc(Br)cc21,787.561
CCN1/C(=C\C2=C([O-])/C(=C/C3=[N+](Cc4ccccc4)c4ccc(I)cc4C3(C)C)C2=O)C(C)(C)c2ccccc21,640.565
CCN1/C(=C\C2=C([O-])/C(=C/C3=[N+](Cc4ccccc4)c4ccc(I)cc4C3(C)C)C2=O)C(C)(C)c2cc(Br)ccc21,719.461
CCN1/C(=C\C2=C([O-])/C(=C/C3=[N+](Cc4ccccc4)c4ccc(I)cc4C3(C)C)C2=O)C(C)(C)c2cc(I)ccc21,766.461
CCCCN1/C(=C\C2=C([O-])/C(=C/C3=[N+](Cc4ccccc4)c4ccc(I)cc4C3(C)C)C2=O)C(C)(C)c2ccccc21,668.619
CCCCN1/C(=C\C2=C([O-])/C(=C/C3=[N+](Cc4ccccc4)c4ccc(I)cc4C3(C)C)C2=O)C(C)(C)c2cc(Br)ccc21,747.515
CCCCN1/C(=C\C2=C([O-])/C(=C/C3=[N+](Cc4ccccc4)c4ccc(I)cc4C3(C)C)C2=O)C(C)(C)c2cc(I)ccc21,794.515
CC1(C)C(/C=C2\C(=O)C(/C=C3\N(CCCCN)c4ccccc4C3(C)C)=C2[O-])=[N+](Cc2ccccc2)c2ccc(I)cc21,683.634
CC1(C)C(/C=C2\C(=O)C(/C=C3\N(CCCCN)c4ccc(Br)cc4C3(C)C)=C2[O-])=[N+](Cc2ccccc2)c2ccc(I)cc21,762.53
CC1(C)C(/C=C2\C(=O)C(/C=C3\N(CCCCN)c4ccc(I)cc4C3(C)C)=C2[O-])=[N+](Cc2ccccc2)c2ccc(I)cc21,809.53
CC1(C)C(/C=C2\C(=O)C(/C=C3\N(CCCCO)c4ccccc4C3(C)C)=C2[O-])=[N+](Cc2ccccc2)c2ccc(I)cc21,684.618
CC1(C)C(/C=C2\C(=O)C(/C=C3\N(CCCCO)c4ccc(Br)cc4C3(C)C)=C2[O-])=[N+](Cc2ccccc2)c2ccc(I)cc21,763.514
CC1(C)C(/C=C2\C(=O)C(/C=C3\N(CCCCO)c4ccc(I)cc4C3(C)C)=C2[O-])=[N+](Cc2ccccc2)c2ccc(I)cc21,810.514
CC[N+](CC)(CC)CCCCN1/C(=C\C2=C([O-])/C(=C/C3=[N+](Cc4ccccc4)c4ccc(I)cc4C3(C)C)C2=O)C(C)(C)c2ccccc21,768.804
CC[N+](CC)(CC)CCCCN1/C(=C\C2=C([O-])/C(=C/C3=[N+](Cc4ccccc4)c4ccc(I)cc4C3(C)C)C2=O)C(C)(C)c2cc(Br)ccc21,847.7
CC[N+](CC)(CC)CCCCN1/C(=C\C2=C([O-])/C(=C/C3=[N+](Cc4ccccc4)c4ccc(I)cc4C3(C)C)C2=O)C(C)(C)c2cc(I)ccc21,894.7
CC1(C)C(/C=C2\C(=O)C(/C=C3\N(CCCCS(=O)(=O)O)c4ccccc4C3(C)C)=C2[O-])=[N+](Cc2ccccc2)c2ccc(I)cc21,748.683
CC1(C)C(/C=C2\C(=O)C(/C=C3\N(CCCCS(=O)(=O)O)c4ccc(Br)cc4C3(C)C)=C2[O-])=[N+](Cc2ccccc2)c2ccc(I)cc21,827.579
CC1(C)C(/C=C2\C(=O)C(/C=C3\N(CCCCS(=O)(=O)O)c4ccc(I)cc4C3(C)C)=C2[O-])=[N+](Cc2ccccc2)c2ccc(I)cc21,874.579
CC1(C)C(/C=C2\C(=O)C(/C=C3\N(Cc4ccccc4)c4ccccc4C3(C)C)=C2[O-])=[N+](Cc2ccccc2)c2ccc(I)cc21,702.636
CC1(C)C(/C=C2\C(=O)C(/C=C3\N(Cc4ccccc4)c4ccc(Br)cc4C3(C)C)=C2[O-])=[N+](Cc2ccccc2)c2ccc(I)cc21,781.532
CC1(C)C(/C=C2\C(=O)C(/C=C3\N(Cc4ccccc4)c4ccc(I)cc4C3(C)C)=C2[O-])=[N+](Cc2ccccc2)c2ccc(I)cc21,828.532
CC1(C)C(/C=C2\C(=O)C(/C=C3\N(Cc4ccsc4)c4ccccc4C3(C)C)=C2[O-])=[N+](Cc2ccccc2)c2ccc(I)cc21,708.665
CC1(C)C(/C=C2\C(=O)C(/C=C3\N(Cc4ccsc4)c4ccc(Br)cc4C3(C)C)=C2[O-])=[N+](Cc2ccccc2)c2ccc(I)cc21,787.561
CC1(C)C(/C=C2\C(=O)C(/C=C3\N(Cc4ccsc4)c4ccc(I)cc4C3(C)C)=C2[O-])=[N+](Cc2ccccc2)c2ccc(I)cc21,834.561
CCN1/C(=C\C2=C([O-])/C(=C/C3=[N+](Cc4ccsc4)c4ccccc4C3(C)C)C2=O)C(C)(C)c2ccccc21,520.698
CCN1/C(=C\C2=C([O-])/C(=C/C3=[N+](Cc4ccsc4)c4ccccc4C3(C)C)C2=O)C(C)(C)c2cc(Br)ccc21,599.594
CCN1/C(=C\C2=C([O-])/C(=C/C3=[N+](Cc4ccsc4)c4ccccc4C3(C)C)C2=O)C(C)(C)c2cc(I)ccc21,646.594
CCCCN1/C(=C\C2=C([O-])/C(=C/C3=[N+](Cc4ccsc4)c4ccccc4C3(C)C)C2=O)C(C)(C)c2ccccc21,548.752
CCCCN1/C(=C\C2=C([O-])/C(=C/C3=[N+](Cc4ccsc4)c4ccccc4C3(C)C)C2=O)C(C)(C)c2cc(Br)ccc21,627.648
CCCCN1/C(=C\C2=C([O-])/C(=C/C3=[N+](Cc4ccsc4)c4ccccc4C3(C)C)C2=O)C(C)(C)c2cc(I)ccc21,674.648
CC1(C)C(/C=C2\C(=O)C(/C=C3\N(CCCCN)c4ccccc4C3(C)C)=C2[O-])=[N+](Cc2ccsc2)c2ccccc21,563.767
CC1(C)C(/C=C2\C(=O)C(/C=C3\N(CCCCN)c4ccc(Br)cc4C3(C)C)=C2[O-])=[N+](Cc2ccsc2)c2ccccc21,642.663
CC1(C)C(/C=C2\C(=O)C(/C=C3\N(CCCCN)c4ccc(I)cc4C3(C)C)=C2[O-])=[N+](Cc2ccsc2)c2ccccc21,689.663
CC1(C)C(/C=C2\C(=O)C(/C=C3\N(CCCCO)c4ccccc4C3(C)C)=C2[O-])=[N+](Cc2ccsc2)c2ccccc21,564.751
CC1(C)C(/C=C2\C(=O)C(/C=C3\N(CCCCO)c4ccc(Br)cc4C3(C)C)=C2[O-])=[N+](Cc2ccsc2)c2ccccc21,643.647
CC1(C)C(/C=C2\C(=O)C(/C=C3\N(CCCCO)c4ccc(I)cc4C3(C)C)=C2[O-])=[N+](Cc2ccsc2)c2ccccc21,690.647
CC[N+](CC)(CC)CCCCN1/C(=C\C2=C([O-])/C(=C/C3=[N+](Cc4ccsc4)c4ccccc4C3(C)C)C2=O)C(C)(C)c2ccccc21,648.937
CC[N+](CC)(CC)CCCCN1/C(=C\C2=C([O-])/C(=C/C3=[N+](Cc4ccsc4)c4ccccc4C3(C)C)C2=O)C(C)(C)c2cc(Br)ccc21,727.833
CC[N+](CC)(CC)CCCCN1/C(=C\C2=C([O-])/C(=C/C3=[N+](Cc4ccsc4)c4ccccc4C3(C)C)C2=O)C(C)(C)c2cc(I)ccc21,774.833
CC1(C)C(/C=C2\C(=O)C(/C=C3\N(CCCCS(=O)(=O)O)c4ccccc4C3(C)C)=C2[O-])=[N+](Cc2ccsc2)c2ccccc21,628.816
CC1(C)C(/C=C2\C(=O)C(/C=C3\N(CCCCS(=O)(=O)O)c4ccc(Br)cc4C3(C)C)=C2[O-])=[N+](Cc2ccsc2)c2ccccc21,707.712
CC1(C)C(/C=C2\C(=O)C(/C=C3\N(CCCCS(=O)(=O)O)c4ccc(I)cc4C3(C)C)=C2[O-])=[N+](Cc2ccsc2)c2ccccc21,754.712
CC1(C)C(/C=C2\C(=O)C(/C=C3\N(Cc4ccccc4)c4ccccc4C3(C)C)=C2[O-])=[N+](Cc2ccsc2)c2ccccc21,582.769
CC1(C)C(/C=C2\C(=O)C(/C=C3\N(Cc4ccccc4)c4ccc(Br)cc4C3(C)C)=C2[O-])=[N+](Cc2ccsc2)c2ccccc21,661.665
CC1(C)C(/C=C2\C(=O)C(/C=C3\N(Cc4ccccc4)c4ccc(I)cc4C3(C)C)=C2[O-])=[N+](Cc2ccsc2)c2ccccc21,708.665
CC1(C)C(/C=C2\C(=O)C(/C=C3\N(Cc4ccsc4)c4ccccc4C3(C)C)=C2[O-])=[N+](Cc2ccsc2)c2ccccc21,588.798
CC1(C)C(/C=C2\C(=O)C(/C=C3\N(Cc4ccsc4)c4ccc(Br)cc4C3(C)C)=C2[O-])=[N+](Cc2ccsc2)c2ccccc21,667.694
CC1(C)C(/C=C2\C(=O)C(/C=C3\N(Cc4ccsc4)c4ccc(I)cc4C3(C)C)=C2[O-])=[N+](Cc2ccsc2)c2ccccc21,714.694
CCN1/C(=C\C2=C([O-])/C(=C/C3=[N+](Cc4ccsc4)c4ccc(Br)cc4C3(C)C)C2=O)C(C)(C)c2ccccc21,599.594
CCN1/C(=C\C2=C([O-])/C(=C/C3=[N+](Cc4ccsc4)c4ccc(Br)cc4C3(C)C)C2=O)C(C)(C)c2cc(Br)ccc21,678.49
CCN1/C(=C\C2=C([O-])/C(=C/C3=[N+](Cc4ccsc4)c4ccc(Br)cc4C3(C)C)C2=O)C(C)(C)c2cc(I)ccc21,725.49
CCCCN1/C(=C\C2=C([O-])/C(=C/C3=[N+](Cc4ccsc4)c4ccc(Br)cc4C3(C)C)C2=O)C(C)(C)c2ccccc21,627.648
CCCCN1/C(=C\C2=C([O-])/C(=C/C3=[N+](Cc4ccsc4)c4ccc(Br)cc4C3(C)C)C2=O)C(C)(C)c2cc(Br)ccc21,706.544
CCCCN1/C(=C\C2=C([O-])/C(=C/C3=[N+](Cc4ccsc4)c4ccc(Br)cc4C3(C)C)C2=O)C(C)(C)c2cc(I)ccc21,753.544
CC1(C)C(/C=C2\C(=O)C(/C=C3\N(CCCCN)c4ccccc4C3(C)C)=C2[O-])=[N+](Cc2ccsc2)c2ccc(Br)cc21,642.663
CC1(C)C(/C=C2\C(=O)C(/C=C3\N(CCCCN)c4ccc(Br)cc4C3(C)C)=C2[O-])=[N+](Cc2ccsc2)c2ccc(Br)cc21,721.559
CC1(C)C(/C=C2\C(=O)C(/C=C3\N(CCCCN)c4ccc(I)cc4C3(C)C)=C2[O-])=[N+](Cc2ccsc2)c2ccc(Br)cc21,768.559
CC1(C)C(/C=C2\C(=O)C(/C=C3\N(CCCCO)c4ccccc4C3(C)C)=C2[O-])=[N+](Cc2ccsc2)c2ccc(Br)cc21,643.647
CC1(C)C(/C=C2\C(=O)C(/C=C3\N(CCCCO)c4ccc(Br)cc4C3(C)C)=C2[O-])=[N+](Cc2ccsc2)c2ccc(Br)cc21,722.543
CC1(C)C(/C=C2\C(=O)C(/C=C3\N(CCCCO)c4ccc(I)cc4C3(C)C)=C2[O-])=[N+](Cc2ccsc2)c2ccc(Br)cc21,769.543
CC[N+](CC)(CC)CCCCN1/C(=C\C2=C([O-])/C(=C/C3=[N+](Cc4ccsc4)c4ccc(Br)cc4C3(C)C)C2=O)C(C)(C)c2ccccc21,727.833
CC[N+](CC)(CC)CCCCN1/C(=C\C2=C([O-])/C(=C/C3=[N+](Cc4ccsc4)c4ccc(Br)cc4C3(C)C)C2=O)C(C)(C)c2cc(Br)ccc21,806.729
CC[N+](CC)(CC)CCCCN1/C(=C\C2=C([O-])/C(=C/C3=[N+](Cc4ccsc4)c4ccc(Br)cc4C3(C)C)C2=O)C(C)(C)c2cc(I)ccc21,853.729
CC1(C)C(/C=C2\C(=O)C(/C=C3\N(CCCCS(=O)(=O)O)c4ccccc4C3(C)C)=C2[O-])=[N+](Cc2ccsc2)c2ccc(Br)cc21,707.712
CC1(C)C(/C=C2\C(=O)C(/C=C3\N(CCCCS(=O)(=O)O)c4ccc(Br)cc4C3(C)C)=C2[O-])=[N+](Cc2ccsc2)c2ccc(Br)cc21,786.608
CC1(C)C(/C=C2\C(=O)C(/C=C3\N(CCCCS(=O)(=O)O)c4ccc(I)cc4C3(C)C)=C2[O-])=[N+](Cc2ccsc2)c2ccc(Br)cc21,833.608
CC1(C)C(/C=C2\C(=O)C(/C=C3\N(Cc4ccccc4)c4ccccc4C3(C)C)=C2[O-])=[N+](Cc2ccsc2)c2ccc(Br)cc21,661.665
CC1(C)C(/C=C2\C(=O)C(/C=C3\N(Cc4ccccc4)c4ccc(Br)cc4C3(C)C)=C2[O-])=[N+](Cc2ccsc2)c2ccc(Br)cc21,740.561
CC1(C)C(/C=C2\C(=O)C(/C=C3\N(Cc4ccccc4)c4ccc(I)cc4C3(C)C)=C2[O-])=[N+](Cc2ccsc2)c2ccc(Br)cc21,787.561
CC1(C)C(/C=C2\C(=O)C(/C=C3\N(Cc4ccsc4)c4ccccc4C3(C)C)=C2[O-])=[N+](Cc2ccsc2)c2ccc(Br)cc21,667.694
CC1(C)C(/C=C2\C(=O)C(/C=C3\N(Cc4ccsc4)c4ccc(Br)cc4C3(C)C)=C2[O-])=[N+](Cc2ccsc2)c2ccc(Br)cc21,746.59
CC1(C)C(/C=C2\C(=O)C(/C=C3\N(Cc4ccsc4)c4ccc(I)cc4C3(C)C)=C2[O-])=[N+](Cc2ccsc2)c2ccc(Br)cc21,793.59
CCN1/C(=C\C2=C([O-])/C(=C/C3=[N+](Cc4ccsc4)c4ccc(I)cc4C3(C)C)C2=O)C(C)(C)c2ccccc21,646.594
CCN1/C(=C\C2=C([O-])/C(=C/C3=[N+](Cc4ccsc4)c4ccc(I)cc4C3(C)C)C2=O)C(C)(C)c2cc(Br)ccc21,725.49
CCN1/C(=C\C2=C([O-])/C(=C/C3=[N+](Cc4ccsc4)c4ccc(I)cc4C3(C)C)C2=O)C(C)(C)c2cc(I)ccc21,772.49
CCCCN1/C(=C\C2=C([O-])/C(=C/C3=[N+](Cc4ccsc4)c4ccc(I)cc4C3(C)C)C2=O)C(C)(C)c2ccccc21,674.648
CCCCN1/C(=C\C2=C([O-])/C(=C/C3=[N+](Cc4ccsc4)c4ccc(I)cc4C3(C)C)C2=O)C(C)(C)c2cc(Br)ccc21,753.544
CCCCN1/C(=C\C2=C([O-])/C(=C/C3=[N+](Cc4ccsc4)c4ccc(I)cc4C3(C)C)C2=O)C(C)(C)c2cc(I)ccc21,800.544
CC1(C)C(/C=C2\C(=O)C(/C=C3\N(CCCCN)c4ccccc4C3(C)C)=C2[O-])=[N+](Cc2ccsc2)c2ccc(I)cc21,689.663
CC1(C)C(/C=C2\C(=O)C(/C=C3\N(CCCCN)c4ccc(Br)cc4C3(C)C)=C2[O-])=[N+](Cc2ccsc2)c2ccc(I)cc21,768.559
CC1(C)C(/C=C2\C(=O)C(/C=C3\N(CCCCN)c4ccc(I)cc4C3(C)C)=C2[O-])=[N+](Cc2ccsc2)c2ccc(I)cc21,815.559
CC1(C)C(/C=C2\C(=O)C(/C=C3\N(CCCCO)c4ccccc4C3(C)C)=C2[O-])=[N+](Cc2ccsc2)c2ccc(I)cc21,690.647
CC1(C)C(/C=C2\C(=O)C(/C=C3\N(CCCCO)c4ccc(Br)cc4C3(C)C)=C2[O-])=[N+](Cc2ccsc2)c2ccc(I)cc21,769.543
CC1(C)C(/C=C2\C(=O)C(/C=C3\N(CCCCO)c4ccc(I)cc4C3(C)C)=C2[O-])=[N+](Cc2ccsc2)c2ccc(I)cc21,816.543
CC[N+](CC)(CC)CCCCN1/C(=C\C2=C([O-])/C(=C/C3=[N+](Cc4ccsc4)c4ccc(I)cc4C3(C)C)C2=O)C(C)(C)c2ccccc21,774.833
CC[N+](CC)(CC)CCCCN1/C(=C\C2=C([O-])/C(=C/C3=[N+](Cc4ccsc4)c4ccc(I)cc4C3(C)C)C2=O)C(C)(C)c2cc(Br)ccc21,853.729
CC[N+](CC)(CC)CCCCN1/C(=C\C2=C([O-])/C(=C/C3=[N+](Cc4ccsc4)c4ccc(I)cc4C3(C)C)C2=O)C(C)(C)c2cc(I)ccc21,900.729
CC1(C)C(/C=C2\C(=O)C(/C=C3\N(CCCCS(=O)(=O)O)c4ccccc4C3(C)C)=C2[O-])=[N+](Cc2ccsc2)c2ccc(I)cc21,754.712
CC1(C)C(/C=C2\C(=O)C(/C=C3\N(CCCCS(=O)(=O)O)c4ccc(Br)cc4C3(C)C)=C2[O-])=[N+](Cc2ccsc2)c2ccc(I)cc21,833.608
CC1(C)C(/C=C2\C(=O)C(/C=C3\N(CCCCS(=O)(=O)O)c4ccc(I)cc4C3(C)C)=C2[O-])=[N+](Cc2ccsc2)c2ccc(I)cc21,880.608
CC1(C)C(/C=C2\C(=O)C(/C=C3\N(Cc4ccccc4)c4ccccc4C3(C)C)=C2[O-])=[N+](Cc2ccsc2)c2ccc(I)cc21,708.665
CC1(C)C(/C=C2\C(=O)C(/C=C3\N(Cc4ccccc4)c4ccc(Br)cc4C3(C)C)=C2[O-])=[N+](Cc2ccsc2)c2ccc(I)cc21,787.561
CC1(C)C(/C=C2\C(=O)C(/C=C3\N(Cc4ccccc4)c4ccc(I)cc4C3(C)C)=C2[O-])=[N+](Cc2ccsc2)c2ccc(I)cc21,834.561
CC1(C)C(/C=C2\C(=O)C(/C=C3\N(Cc4ccsc4)c4ccccc4C3(C)C)=C2[O-])=[N+](Cc2ccsc2)c2ccc(I)cc21,714.694
CC1(C)C(/C=C2\C(=O)C(/C=C3\N(Cc4ccsc4)c4ccc(Br)cc4C3(C)C)=C2[O-])=[N+](Cc2ccsc2)c2ccc(I)cc21,793.59
CC1(C)C(/C=C2\C(=O)C(/C=C3\N(Cc4ccsc4)c4ccc(I)cc4C3(C)C)=C2[O-])=[N+](Cc2ccsc2)c2ccc(I)cc21,840.59
CCN1/C(=C/C=C/C=C/c2[se]c3ccccc3[n+]2CC)[Se]c2ccccc21,485.371
CCCCN1/C(=C/C=C/C=C/c2[se]c3ccccc3[n+]2CC)[Se]c2ccccc21,513.425
CC[n+]1c(/C=C/C=C/C=C2\[Se]c3ccccc3N2CCCCN)[se]c2ccccc21,528.44
CC[n+]1c(/C=C/C=C/C=C2\[Se]c3ccccc3N2CCCCO)[se]c2ccccc21,529.424
CC[n+]1c(/C=C/C=C/C=C2\[Se]c3ccccc3N2CCCC[N+](CC)(CC)CC)[se]c2ccccc21,613.61
CC[n+]1c(/C=C/C=C/C=C2\[Se]c3ccccc3N2CCCCS(=O)(=O)O)[se]c2ccccc21,593.489
CC[n+]1c(/C=C/C=C/C=C2\[Se]c3ccccc3N2Cc2ccccc2)[se]c2ccccc21,547.442
CCN1/C(=C/C=C/C=C/c2[se]c3cc(OC)ccc3[n+]2CC)[Se]c2ccccc21,515.397
CCCCN1/C(=C/C=C/C=C/c2[se]c3cc(OC)ccc3[n+]2CC)[Se]c2ccccc21,543.451
CC[n+]1c(/C=C/C=C/C=C2\[Se]c3ccccc3N2CCCCN)[se]c2cc(OC)ccc21,558.466
CC[n+]1c(/C=C/C=C/C=C2\[Se]c3ccccc3N2CCCCO)[se]c2cc(OC)ccc21,559.45
CC[n+]1c(/C=C/C=C/C=C2\[Se]c3ccccc3N2CCCC[N+](CC)(CC)CC)[se]c2cc(OC)ccc21,643.636
CC[n+]1c(/C=C/C=C/C=C2\[Se]c3ccccc3N2CCCCS(=O)(=O)O)[se]c2cc(OC)ccc21,623.515
CC[n+]1c(/C=C/C=C/C=C2\[Se]c3ccccc3N2Cc2ccccc2)[se]c2cc(OC)ccc21,577.468
CCCC[n+]1c(/C=C/C=C/C=C2\[Se]c3ccccc3N2CC)[se]c2ccccc21,513.425
CCCCN1/C(=C/C=C/C=C/c2[se]c3ccccc3[n+]2CCCC)[Se]c2ccccc21,541.479
CCCC[n+]1c(/C=C/C=C/C=C2\[Se]c3ccccc3N2CCCCN)[se]c2ccccc21,556.494
CCCC[n+]1c(/C=C/C=C/C=C2\[Se]c3ccccc3N2CCCCO)[se]c2ccccc21,557.478
CCCC[n+]1c(/C=C/C=C/C=C2\[Se]c3ccccc3N2CCCC[N+](CC)(CC)CC)[se]c2ccccc21,641.664
CCCC[n+]1c(/C=C/C=C/C=C2\[Se]c3ccccc3N2CCCCS(=O)(=O)O)[se]c2ccccc21,621.543
CCCC[n+]1c(/C=C/C=C/C=C2\[Se]c3ccccc3N2Cc2ccccc2)[se]c2ccccc21,575.496
CCCC[n+]1c(/C=C/C=C/C=C2\[Se]c3ccccc3N2CC)[se]c2cc(OC)ccc21,543.451
CCCCN1/C(=C/C=C/C=C/c2[se]c3cc(OC)ccc3[n+]2CCCC)[Se]c2ccccc21,571.505
CCCC[n+]1c(/C=C/C=C/C=C2\[Se]c3ccccc3N2CCCCN)[se]c2cc(OC)ccc21,586.52
CCCC[n+]1c(/C=C/C=C/C=C2\[Se]c3ccccc3N2CCCCO)[se]c2cc(OC)ccc21,587.504
CCCC[n+]1c(/C=C/C=C/C=C2\[Se]c3ccccc3N2CCCC[N+](CC)(CC)CC)[se]c2cc(OC)ccc21,671.689999999999
CCCC[n+]1c(/C=C/C=C/C=C2\[Se]c3ccccc3N2CCCCS(=O)(=O)O)[se]c2cc(OC)ccc21,651.569
CCCC[n+]1c(/C=C/C=C/C=C2\[Se]c3ccccc3N2Cc2ccccc2)[se]c2cc(OC)ccc21,605.522
CCN1/C(=C/C=C/C=C/c2[se]c3ccccc3[n+]2CCCCN)[Se]c2ccccc21,528.44
CCCCN1/C(=C/C=C/C=C/c2[se]c3ccccc3[n+]2CCCCN)[Se]c2ccccc21,556.494
NCCCCN1/C(=C/C=C/C=C/c2[se]c3ccccc3[n+]2CCCCN)[Se]c2ccccc21,571.509
NCCCC[n+]1c(/C=C/C=C/C=C2\[Se]c3ccccc3N2CCCCO)[se]c2ccccc21,572.493
CC[N+](CC)(CC)CCCCN1/C(=C/C=C/C=C/c2[se]c3ccccc3[n+]2CCCCN)[Se]c2ccccc21,656.679
NCCCC[n+]1c(/C=C/C=C/C=C2\[Se]c3ccccc3N2CCCCS(=O)(=O)O)[se]c2ccccc21,636.558
NCCCC[n+]1c(/C=C/C=C/C=C2\[Se]c3ccccc3N2Cc2ccccc2)[se]c2ccccc21,590.511
CCN1/C(=C/C=C/C=C/c2[se]c3cc(OC)ccc3[n+]2CCCCN)[Se]c2ccccc21,558.466
CCCCN1/C(=C/C=C/C=C/c2[se]c3cc(OC)ccc3[n+]2CCCCN)[Se]c2ccccc21,586.52
COc1ccc2c(c1)[se]c(/C=C/C=C/C=C1\[Se]c3ccccc3N1CCCCN)[n+]2CCCCN,601.535
COc1ccc2c(c1)[se]c(/C=C/C=C/C=C1\[Se]c3ccccc3N1CCCCO)[n+]2CCCCN,602.519
CC[N+](CC)(CC)CCCCN1/C(=C/C=C/C=C/c2[se]c3cc(OC)ccc3[n+]2CCCCN)[Se]c2ccccc21,686.704999999999
COc1ccc2c(c1)[se]c(/C=C/C=C/C=C1\[Se]c3ccccc3N1CCCCS(=O)(=O)O)[n+]2CCCCN,666.584
COc1ccc2c(c1)[se]c(/C=C/C=C/C=C1\[Se]c3ccccc3N1Cc1ccccc1)[n+]2CCCCN,620.537
CCN1/C(=C/C=C/C=C/c2[se]c3ccccc3[n+]2CCCCO)[Se]c2ccccc21,529.424
CCCCN1/C(=C/C=C/C=C/c2[se]c3ccccc3[n+]2CCCCO)[Se]c2ccccc21,557.478
NCCCCN1/C(=C/C=C/C=C/c2[se]c3ccccc3[n+]2CCCCO)[Se]c2ccccc21,572.493
OCCCCN1/C(=C/C=C/C=C/c2[se]c3ccccc3[n+]2CCCCO)[Se]c2ccccc21,573.477
CC[N+](CC)(CC)CCCCN1/C(=C/C=C/C=C/c2[se]c3ccccc3[n+]2CCCCO)[Se]c2ccccc21,657.663
O=S(=O)(O)CCCCN1/C(=C/C=C/C=C/c2[se]c3ccccc3[n+]2CCCCO)[Se]c2ccccc21,637.542
OCCCC[n+]1c(/C=C/C=C/C=C2\[Se]c3ccccc3N2Cc2ccccc2)[se]c2ccccc21,591.495
CCN1/C(=C/C=C/C=C/c2[se]c3cc(OC)ccc3[n+]2CCCCO)[Se]c2ccccc21,559.45
CCCCN1/C(=C/C=C/C=C/c2[se]c3cc(OC)ccc3[n+]2CCCCO)[Se]c2ccccc21,587.504
COc1ccc2c(c1)[se]c(/C=C/C=C/C=C1\[Se]c3ccccc3N1CCCCN)[n+]2CCCCO,602.519
COc1ccc2c(c1)[se]c(/C=C/C=C/C=C1\[Se]c3ccccc3N1CCCCO)[n+]2CCCCO,603.503
CC[N+](CC)(CC)CCCCN1/C(=C/C=C/C=C/c2[se]c3cc(OC)ccc3[n+]2CCCCO)[Se]c2ccccc21,687.689
COc1ccc2c(c1)[se]c(/C=C/C=C/C=C1\[Se]c3ccccc3N1CCCCS(=O)(=O)O)[n+]2CCCCO,667.568
COc1ccc2c(c1)[se]c(/C=C/C=C/C=C1\[Se]c3ccccc3N1Cc1ccccc1)[n+]2CCCCO,621.521
CCN1/C(=C/C=C/C=C/c2[se]c3ccccc3[n+]2CCCC[N+](CC)(CC)CC)[Se]c2ccccc21,613.61
CCCCN1/C(=C/C=C/C=C/c2[se]c3ccccc3[n+]2CCCC[N+](CC)(CC)CC)[Se]c2ccccc21,641.664
CC[N+](CC)(CC)CCCC[n+]1c(/C=C/C=C/C=C2\[Se]c3ccccc3N2CCCCN)[se]c2ccccc21,656.679
CC[N+](CC)(CC)CCCC[n+]1c(/C=C/C=C/C=C2\[Se]c3ccccc3N2CCCCO)[se]c2ccccc21,657.663
CC[N+](CC)(CC)CCCCN1/C(=C/C=C/C=C/c2[se]c3ccccc3[n+]2CCCC[N+](CC)(CC)CC)[Se]c2ccccc21,741.848999999999
CC[N+](CC)(CC)CCCC[n+]1c(/C=C/C=C/C=C2\[Se]c3ccccc3N2CCCCS(=O)(=O)O)[se]c2ccccc21,721.728
CC[N+](CC)(CC)CCCC[n+]1c(/C=C/C=C/C=C2\[Se]c3ccccc3N2Cc2ccccc2)[se]c2ccccc21,675.681
CCN1/C(=C/C=C/C=C/c2[se]c3cc(OC)ccc3[n+]2CCCC[N+](CC)(CC)CC)[Se]c2ccccc21,643.636
CCCCN1/C(=C/C=C/C=C/c2[se]c3cc(OC)ccc3[n+]2CCCC[N+](CC)(CC)CC)[Se]c2ccccc21,671.69
CC[N+](CC)(CC)CCCC[n+]1c(/C=C/C=C/C=C2\[Se]c3ccccc3N2CCCCN)[se]c2cc(OC)ccc21,686.705
CC[N+](CC)(CC)CCCC[n+]1c(/C=C/C=C/C=C2\[Se]c3ccccc3N2CCCCO)[se]c2cc(OC)ccc21,687.689
CC[N+](CC)(CC)CCCCN1/C(=C/C=C/C=C/c2[se]c3cc(OC)ccc3[n+]2CCCC[N+](CC)(CC)CC)[Se]c2ccccc21,771.874999999999
CC[N+](CC)(CC)CCCC[n+]1c(/C=C/C=C/C=C2\[Se]c3ccccc3N2CCCCS(=O)(=O)O)[se]c2cc(OC)ccc21,751.754
CC[N+](CC)(CC)CCCC[n+]1c(/C=C/C=C/C=C2\[Se]c3ccccc3N2Cc2ccccc2)[se]c2cc(OC)ccc21,705.707
CCN1/C(=C/C=C/C=C/c2[se]c3ccccc3[n+]2CCCCS(=O)(=O)O)[Se]c2ccccc21,593.489
CCCCN1/C(=C/C=C/C=C/c2[se]c3ccccc3[n+]2CCCCS(=O)(=O)O)[Se]c2ccccc21,621.543
NCCCCN1/C(=C/C=C/C=C/c2[se]c3ccccc3[n+]2CCCCS(=O)(=O)O)[Se]c2ccccc21,636.558
O=S(=O)(O)CCCC[n+]1c(/C=C/C=C/C=C2\[Se]c3ccccc3N2CCCCO)[se]c2ccccc21,637.542
CC[N+](CC)(CC)CCCCN1/C(=C/C=C/C=C/c2[se]c3ccccc3[n+]2CCCCS(=O)(=O)O)[Se]c2ccccc21,721.728
O=S(=O)(O)CCCCN1/C(=C/C=C/C=C/c2[se]c3ccccc3[n+]2CCCCS(=O)(=O)O)[Se]c2ccccc21,701.607
O=S(=O)(O)CCCC[n+]1c(/C=C/C=C/C=C2\[Se]c3ccccc3N2Cc2ccccc2)[se]c2ccccc21,655.56
CCN1/C(=C/C=C/C=C/c2[se]c3cc(OC)ccc3[n+]2CCCCS(=O)(=O)O)[Se]c2ccccc21,623.515
CCCCN1/C(=C/C=C/C=C/c2[se]c3cc(OC)ccc3[n+]2CCCCS(=O)(=O)O)[Se]c2ccccc21,651.569
COc1ccc2c(c1)[se]c(/C=C/C=C/C=C1\[Se]c3ccccc3N1CCCCN)[n+]2CCCCS(=O)(=O)O,666.584
COc1ccc2c(c1)[se]c(/C=C/C=C/C=C1\[Se]c3ccccc3N1CCCCO)[n+]2CCCCS(=O)(=O)O,667.568
CC[N+](CC)(CC)CCCCN1/C(=C/C=C/C=C/c2[se]c3cc(OC)ccc3[n+]2CCCCS(=O)(=O)O)[Se]c2ccccc21,751.754
COc1ccc2c(c1)[se]c(/C=C/C=C/C=C1\[Se]c3ccccc3N1CCCCS(=O)(=O)O)[n+]2CCCCS(=O)(=O)O,731.633
COc1ccc2c(c1)[se]c(/C=C/C=C/C=C1\[Se]c3ccccc3N1Cc1ccccc1)[n+]2CCCCS(=O)(=O)O,685.586
CCN1/C(=C/C=C/C=C/c2[se]c3ccccc3[n+]2Cc2ccccc2)[Se]c2ccccc21,547.442
CCCCN1/C(=C/C=C/C=C/c2[se]c3ccccc3[n+]2Cc2ccccc2)[Se]c2ccccc21,575.496
NCCCCN1/C(=C/C=C/C=C/c2[se]c3ccccc3[n+]2Cc2ccccc2)[Se]c2ccccc21,590.511
OCCCCN1/C(=C/C=C/C=C/c2[se]c3ccccc3[n+]2Cc2ccccc2)[Se]c2ccccc21,591.495
CC[N+](CC)(CC)CCCCN1/C(=C/C=C/C=C/c2[se]c3ccccc3[n+]2Cc2ccccc2)[Se]c2ccccc21,675.680999999999
O=S(=O)(O)CCCCN1/C(=C/C=C/C=C/c2[se]c3ccccc3[n+]2Cc2ccccc2)[Se]c2ccccc21,655.56
C(/C=C/C=C/c1[se]c2ccccc2[n+]1Cc1ccccc1)=C1/[Se]c2ccccc2N1Cc1ccccc1,609.513
CCN1/C(=C/C=C/C=C/c2[se]c3cc(OC)ccc3[n+]2Cc2ccccc2)[Se]c2ccccc21,577.468
CCCCN1/C(=C/C=C/C=C/c2[se]c3cc(OC)ccc3[n+]2Cc2ccccc2)[Se]c2ccccc21,605.522
COc1ccc2c(c1)[se]c(/C=C/C=C/C=C1\[Se]c3ccccc3N1CCCCN)[n+]2Cc1ccccc1,620.537
COc1ccc2c(c1)[se]c(/C=C/C=C/C=C1\[Se]c3ccccc3N1CCCCO)[n+]2Cc1ccccc1,621.521
CC[N+](CC)(CC)CCCCN1/C(=C/C=C/C=C/c2[se]c3cc(OC)ccc3[n+]2Cc2ccccc2)[Se]c2ccccc21,705.706999999999
COc1ccc2c(c1)[se]c(/C=C/C=C/C=C1\[Se]c3ccccc3N1CCCCS(=O)(=O)O)[n+]2Cc1ccccc1,685.586
COc1ccc2c(c1)[se]c(/C=C/C=C/C=C1\[Se]c3ccccc3N1Cc1ccccc1)[n+]2Cc1ccccc1,639.539
CCN1/C(=C/C=C/C=C/c2[se]c3ccccc3[n+]2CC)[Se]c2cc(OC)ccc21,515.397
CCCCN1/C(=C/C=C/C=C/c2[se]c3ccccc3[n+]2CC)[Se]c2cc(OC)ccc21,543.451
CC[n+]1c(/C=C/C=C/C=C2\[Se]c3cc(OC)ccc3N2CCCCN)[se]c2ccccc21,558.466
CC[n+]1c(/C=C/C=C/C=C2\[Se]c3cc(OC)ccc3N2CCCCO)[se]c2ccccc21,559.45
CC[n+]1c(/C=C/C=C/C=C2\[Se]c3cc(OC)ccc3N2CCCC[N+](CC)(CC)CC)[se]c2ccccc21,643.636
CC[n+]1c(/C=C/C=C/C=C2\[Se]c3cc(OC)ccc3N2CCCCS(=O)(=O)O)[se]c2ccccc21,623.515
CC[n+]1c(/C=C/C=C/C=C2\[Se]c3cc(OC)ccc3N2Cc2ccccc2)[se]c2ccccc21,577.468
CCN1/C(=C/C=C/C=C/c2[se]c3cc(OC)ccc3[n+]2CC)[Se]c2cc(OC)ccc21,545.423
CCCCN1/C(=C/C=C/C=C/c2[se]c3cc(OC)ccc3[n+]2CC)[Se]c2cc(OC)ccc21,573.477
CC[n+]1c(/C=C/C=C/C=C2\[Se]c3cc(OC)ccc3N2CCCCN)[se]c2cc(OC)ccc21,588.492
CC[n+]1c(/C=C/C=C/C=C2\[Se]c3cc(OC)ccc3N2CCCCO)[se]c2cc(OC)ccc21,589.476
CC[n+]1c(/C=C/C=C/C=C2\[Se]c3cc(OC)ccc3N2CCCC[N+](CC)(CC)CC)[se]c2cc(OC)ccc21,673.662
CC[n+]1c(/C=C/C=C/C=C2\[Se]c3cc(OC)ccc3N2CCCCS(=O)(=O)O)[se]c2cc(OC)ccc21,653.541
CC[n+]1c(/C=C/C=C/C=C2\[Se]c3cc(OC)ccc3N2Cc2ccccc2)[se]c2cc(OC)ccc21,607.494
CCCC[n+]1c(/C=C/C=C/C=C2\[Se]c3cc(OC)ccc3N2CC)[se]c2ccccc21,543.451
CCCCN1/C(=C/C=C/C=C/c2[se]c3ccccc3[n+]2CCCC)[Se]c2cc(OC)ccc21,571.505
CCCC[n+]1c(/C=C/C=C/C=C2\[Se]c3cc(OC)ccc3N2CCCCN)[se]c2ccccc21,586.52
CCCC[n+]1c(/C=C/C=C/C=C2\[Se]c3cc(OC)ccc3N2CCCCO)[se]c2ccccc21,587.504
CCCC[n+]1c(/C=C/C=C/C=C2\[Se]c3cc(OC)ccc3N2CCCC[N+](CC)(CC)CC)[se]c2ccccc21,671.69
CCCC[n+]1c(/C=C/C=C/C=C2\[Se]c3cc(OC)ccc3N2CCCCS(=O)(=O)O)[se]c2ccccc21,651.569
CCCC[n+]1c(/C=C/C=C/C=C2\[Se]c3cc(OC)ccc3N2Cc2ccccc2)[se]c2ccccc21,605.522
CCCC[n+]1c(/C=C/C=C/C=C2\[Se]c3cc(OC)ccc3N2CC)[se]c2cc(OC)ccc21,573.477
CCCCN1/C(=C/C=C/C=C/c2[se]c3cc(OC)ccc3[n+]2CCCC)[Se]c2cc(OC)ccc21,601.531
CCCC[n+]1c(/C=C/C=C/C=C2\[Se]c3cc(OC)ccc3N2CCCCN)[se]c2cc(OC)ccc21,616.546
CCCC[n+]1c(/C=C/C=C/C=C2\[Se]c3cc(OC)ccc3N2CCCCO)[se]c2cc(OC)ccc21,617.53
CCCC[n+]1c(/C=C/C=C/C=C2\[Se]c3cc(OC)ccc3N2CCCC[N+](CC)(CC)CC)[se]c2cc(OC)ccc21,701.716
CCCC[n+]1c(/C=C/C=C/C=C2\[Se]c3cc(OC)ccc3N2CCCCS(=O)(=O)O)[se]c2cc(OC)ccc21,681.595
CCCC[n+]1c(/C=C/C=C/C=C2\[Se]c3cc(OC)ccc3N2Cc2ccccc2)[se]c2cc(OC)ccc21,635.548
CCN1/C(=C/C=C/C=C/c2[se]c3ccccc3[n+]2CCCCN)[Se]c2cc(OC)ccc21,558.466
CCCCN1/C(=C/C=C/C=C/c2[se]c3ccccc3[n+]2CCCCN)[Se]c2cc(OC)ccc21,586.52
COc1ccc2c(c1)[Se]/C(=C\C=C\C=C\c1[se]c3ccccc3[n+]1CCCCN)N2CCCCN,601.535
COc1ccc2c(c1)[Se]/C(=C\C=C\C=C\c1[se]c3ccccc3[n+]1CCCCN)N2CCCCO,602.519
CC[N+](CC)(CC)CCCCN1/C(=C/C=C/C=C/c2[se]c3ccccc3[n+]2CCCCN)[Se]c2cc(OC)ccc21,686.704999999999
COc1ccc2c(c1)[Se]/C(=C\C=C\C=C\c1[se]c3ccccc3[n+]1CCCCN)N2CCCCS(=O)(=O)O,666.584
COc1ccc2c(c1)[Se]/C(=C\C=C\C=C\c1[se]c3ccccc3[n+]1CCCCN)N2Cc1ccccc1,620.537
CCN1/C(=C/C=C/C=C/c2[se]c3cc(OC)ccc3[n+]2CCCCN)[Se]c2cc(OC)ccc21,588.492
CCCCN1/C(=C/C=C/C=C/c2[se]c3cc(OC)ccc3[n+]2CCCCN)[Se]c2cc(OC)ccc21,616.546
COc1ccc2c(c1)[Se]/C(=C\C=C\C=C\c1[se]c3cc(OC)ccc3[n+]1CCCCN)N2CCCCN,631.561
COc1ccc2c(c1)[Se]/C(=C\C=C\C=C\c1[se]c3cc(OC)ccc3[n+]1CCCCN)N2CCCCO,632.545
CC[N+](CC)(CC)CCCCN1/C(=C/C=C/C=C/c2[se]c3cc(OC)ccc3[n+]2CCCCN)[Se]c2cc(OC)ccc21,716.730999999999
COc1ccc2c(c1)[Se]/C(=C\C=C\C=C\c1[se]c3cc(OC)ccc3[n+]1CCCCN)N2CCCCS(=O)(=O)O,696.61
COc1ccc2c(c1)[Se]/C(=C\C=C\C=C\c1[se]c3cc(OC)ccc3[n+]1CCCCN)N2Cc1ccccc1,650.563
CCN1/C(=C/C=C/C=C/c2[se]c3ccccc3[n+]2CCCCO)[Se]c2cc(OC)ccc21,559.45
CCCCN1/C(=C/C=C/C=C/c2[se]c3ccccc3[n+]2CCCCO)[Se]c2cc(OC)ccc21,587.504
COc1ccc2c(c1)[Se]/C(=C\C=C\C=C\c1[se]c3ccccc3[n+]1CCCCO)N2CCCCN,602.519
COc1ccc2c(c1)[Se]/C(=C\C=C\C=C\c1[se]c3ccccc3[n+]1CCCCO)N2CCCCO,603.503
CC[N+](CC)(CC)CCCCN1/C(=C/C=C/C=C/c2[se]c3ccccc3[n+]2CCCCO)[Se]c2cc(OC)ccc21,687.689
COc1ccc2c(c1)[Se]/C(=C\C=C\C=C\c1[se]c3ccccc3[n+]1CCCCO)N2CCCCS(=O)(=O)O,667.568
COc1ccc2c(c1)[Se]/C(=C\C=C\C=C\c1[se]c3ccccc3[n+]1CCCCO)N2Cc1ccccc1,621.521
CCN1/C(=C/C=C/C=C/c2[se]c3cc(OC)ccc3[n+]2CCCCO)[Se]c2cc(OC)ccc21,589.476
CCCCN1/C(=C/C=C/C=C/c2[se]c3cc(OC)ccc3[n+]2CCCCO)[Se]c2cc(OC)ccc21,617.53
COc1ccc2c(c1)[Se]/C(=C\C=C\C=C\c1[se]c3cc(OC)ccc3[n+]1CCCCO)N2CCCCN,632.545
COc1ccc2c(c1)[Se]/C(=C\C=C\C=C\c1[se]c3cc(OC)ccc3[n+]1CCCCO)N2CCCCO,633.529
CC[N+](CC)(CC)CCCCN1/C(=C/C=C/C=C/c2[se]c3cc(OC)ccc3[n+]2CCCCO)[Se]c2cc(OC)ccc21,717.715
COc1ccc2c(c1)[Se]/C(=C\C=C\C=C\c1[se]c3cc(OC)ccc3[n+]1CCCCO)N2CCCCS(=O)(=O)O,697.594
COc1ccc2c(c1)[Se]/C(=C\C=C\C=C\c1[se]c3cc(OC)ccc3[n+]1CCCCO)N2Cc1ccccc1,651.547
CCN1/C(=C/C=C/C=C/c2[se]c3ccccc3[n+]2CCCC[N+](CC)(CC)CC)[Se]c2cc(OC)ccc21,643.636
CCCCN1/C(=C/C=C/C=C/c2[se]c3ccccc3[n+]2CCCC[N+](CC)(CC)CC)[Se]c2cc(OC)ccc21,671.69
CC[N+](CC)(CC)CCCC[n+]1c(/C=C/C=C/C=C2\[Se]c3cc(OC)ccc3N2CCCCN)[se]c2ccccc21,686.704999999999
CC[N+](CC)(CC)CCCC[n+]1c(/C=C/C=C/C=C2\[Se]c3cc(OC)ccc3N2CCCCO)[se]c2ccccc21,687.689
CC[N+](CC)(CC)CCCCN1/C(=C/C=C/C=C/c2[se]c3ccccc3[n+]2CCCC[N+](CC)(CC)CC)[Se]c2cc(OC)ccc21,771.874999999999
CC[N+](CC)(CC)CCCC[n+]1c(/C=C/C=C/C=C2\[Se]c3cc(OC)ccc3N2CCCCS(=O)(=O)O)[se]c2ccccc21,751.754
CC[N+](CC)(CC)CCCC[n+]1c(/C=C/C=C/C=C2\[Se]c3cc(OC)ccc3N2Cc2ccccc2)[se]c2ccccc21,705.707
CCN1/C(=C/C=C/C=C/c2[se]c3cc(OC)ccc3[n+]2CCCC[N+](CC)(CC)CC)[Se]c2cc(OC)ccc21,673.662
CCCCN1/C(=C/C=C/C=C/c2[se]c3cc(OC)ccc3[n+]2CCCC[N+](CC)(CC)CC)[Se]c2cc(OC)ccc21,701.716
CC[N+](CC)(CC)CCCC[n+]1c(/C=C/C=C/C=C2\[Se]c3cc(OC)ccc3N2CCCCN)[se]c2cc(OC)ccc21,716.730999999999
CC[N+](CC)(CC)CCCC[n+]1c(/C=C/C=C/C=C2\[Se]c3cc(OC)ccc3N2CCCCO)[se]c2cc(OC)ccc21,717.715
CC[N+](CC)(CC)CCCCN1/C(=C/C=C/C=C/c2[se]c3cc(OC)ccc3[n+]2CCCC[N+](CC)(CC)CC)[Se]c2cc(OC)ccc21,801.900999999999
CC[N+](CC)(CC)CCCC[n+]1c(/C=C/C=C/C=C2\[Se]c3cc(OC)ccc3N2CCCCS(=O)(=O)O)[se]c2cc(OC)ccc21,781.78
CC[N+](CC)(CC)CCCC[n+]1c(/C=C/C=C/C=C2\[Se]c3cc(OC)ccc3N2Cc2ccccc2)[se]c2cc(OC)ccc21,735.733
CCN1/C(=C/C=C/C=C/c2[se]c3ccccc3[n+]2CCCCS(=O)(=O)O)[Se]c2cc(OC)ccc21,623.515
CCCCN1/C(=C/C=C/C=C/c2[se]c3ccccc3[n+]2CCCCS(=O)(=O)O)[Se]c2cc(OC)ccc21,651.569
COc1ccc2c(c1)[Se]/C(=C\C=C\C=C\c1[se]c3ccccc3[n+]1CCCCS(=O)(=O)O)N2CCCCN,666.584
COc1ccc2c(c1)[Se]/C(=C\C=C\C=C\c1[se]c3ccccc3[n+]1CCCCS(=O)(=O)O)N2CCCCO,667.568
CC[N+](CC)(CC)CCCCN1/C(=C/C=C/C=C/c2[se]c3ccccc3[n+]2CCCCS(=O)(=O)O)[Se]c2cc(OC)ccc21,751.754
COc1ccc2c(c1)[Se]/C(=C\C=C\C=C\c1[se]c3ccccc3[n+]1CCCCS(=O)(=O)O)N2CCCCS(=O)(=O)O,731.633
COc1ccc2c(c1)[Se]/C(=C\C=C\C=C\c1[se]c3ccccc3[n+]1CCCCS(=O)(=O)O)N2Cc1ccccc1,685.586
CCN1/C(=C/C=C/C=C/c2[se]c3cc(OC)ccc3[n+]2CCCCS(=O)(=O)O)[Se]c2cc(OC)ccc21,653.541
CCCCN1/C(=C/C=C/C=C/c2[se]c3cc(OC)ccc3[n+]2CCCCS(=O)(=O)O)[Se]c2cc(OC)ccc21,681.595
COc1ccc2c(c1)[Se]/C(=C\C=C\C=C\c1[se]c3cc(OC)ccc3[n+]1CCCCS(=O)(=O)O)N2CCCCN,696.61
COc1ccc2c(c1)[Se]/C(=C\C=C\C=C\c1[se]c3cc(OC)ccc3[n+]1CCCCS(=O)(=O)O)N2CCCCO,697.594
CC[N+](CC)(CC)CCCCN1/C(=C/C=C/C=C/c2[se]c3cc(OC)ccc3[n+]2CCCCS(=O)(=O)O)[Se]c2cc(OC)ccc21,781.78
COc1ccc2c(c1)[Se]/C(=C\C=C\C=C\c1[se]c3cc(OC)ccc3[n+]1CCCCS(=O)(=O)O)N2CCCCS(=O)(=O)O,761.659
COc1ccc2c(c1)[Se]/C(=C\C=C\C=C\c1[se]c3cc(OC)ccc3[n+]1CCCCS(=O)(=O)O)N2Cc1ccccc1,715.612
CCN1/C(=C/C=C/C=C/c2[se]c3ccccc3[n+]2Cc2ccccc2)[Se]c2cc(OC)ccc21,577.468
CCCCN1/C(=C/C=C/C=C/c2[se]c3ccccc3[n+]2Cc2ccccc2)[Se]c2cc(OC)ccc21,605.522
COc1ccc2c(c1)[Se]/C(=C\C=C\C=C\c1[se]c3ccccc3[n+]1Cc1ccccc1)N2CCCCN,620.537
COc1ccc2c(c1)[Se]/C(=C\C=C\C=C\c1[se]c3ccccc3[n+]1Cc1ccccc1)N2CCCCO,621.521
CC[N+](CC)(CC)CCCCN1/C(=C/C=C/C=C/c2[se]c3ccccc3[n+]2Cc2ccccc2)[Se]c2cc(OC)ccc21,705.707
COc1ccc2c(c1)[Se]/C(=C\C=C\C=C\c1[se]c3ccccc3[n+]1Cc1ccccc1)N2CCCCS(=O)(=O)O,685.586
COc1ccc2c(c1)[Se]/C(=C\C=C\C=C\c1[se]c3ccccc3[n+]1Cc1ccccc1)N2Cc1ccccc1,639.539
CCN1/C(=C/C=C/C=C/c2[se]c3cc(OC)ccc3[n+]2Cc2ccccc2)[Se]c2cc(OC)ccc21,607.494
CCCCN1/C(=C/C=C/C=C/c2[se]c3cc(OC)ccc3[n+]2Cc2ccccc2)[Se]c2cc(OC)ccc21,635.548
COc1ccc2c(c1)[Se]/C(=C\C=C\C=C\c1[se]c3cc(OC)ccc3[n+]1Cc1ccccc1)N2CCCCN,650.563
COc1ccc2c(c1)[Se]/C(=C\C=C\C=C\c1[se]c3cc(OC)ccc3[n+]1Cc1ccccc1)N2CCCCO,651.547
CC[N+](CC)(CC)CCCCN1/C(=C/C=C/C=C/c2[se]c3cc(OC)ccc3[n+]2Cc2ccccc2)[Se]c2cc(OC)ccc21,735.733
COc1ccc2c(c1)[Se]/C(=C\C=C\C=C\c1[se]c3cc(OC)ccc3[n+]1Cc1ccccc1)N2CCCCS(=O)(=O)O,715.612
COc1ccc2c(c1)[Se]/C(=C\C=C\C=C\c1[se]c3cc(OC)ccc3[n+]1Cc1ccccc1)N2Cc1ccccc1,669.565
CCN1/C(=C/C=C/C=C/C2=[N+](CC)c3ccccc3C2(C)C)C(C)(C)c2ccccc21,411.613
CCCCN1/C(=C/C=C/C=C/C2=[N+](CC)c3ccccc3C2(C)C)C(C)(C)c2ccccc21,439.667
CC[N+]1=C(/C=C/C=C/C=C2/N(CCCCN)c3ccccc3C2(C)C)C(C)(C)c2ccccc21,454.682
CC[N+]1=C(/C=C/C=C/C=C2/N(CCCCO)c3ccccc3C2(C)C)C(C)(C)c2ccccc21,455.666
CC[N+]1=C(/C=C/C=C/C=C2/N(CCCC[N+](CC)(CC)CC)c3ccccc3C2(C)C)C(C)(C)c2ccccc21,539.852
CC[N+]1=C(/C=C/C=C/C=C2/N(CCCCS(=O)(=O)O)c3ccccc3C2(C)C)C(C)(C)c2ccccc21,519.731
CC[N+]1=C(/C=C/C=C/C=C2/N(Cc3ccccc3)c3ccccc3C2(C)C)C(C)(C)c2ccccc21,473.684
CC[N+]1=C(/C=C/C=C/C=C2/N(Cc3ccsc3)c3ccccc3C2(C)C)C(C)(C)c2ccccc21,479.713
CCN1/C(=C/C=C/C=C/C2=[N+](CC)c3ccc(Br)cc3C2(C)C)C(C)(C)c2ccccc21,490.509
CCCCN1/C(=C/C=C/C=C/C2=[N+](CC)c3ccc(Br)cc3C2(C)C)C(C)(C)c2ccccc21,518.563
CC[N+]1=C(/C=C/C=C/C=C2/N(CCCCN)c3ccccc3C2(C)C)C(C)(C)c2cc(Br)ccc21,533.578
CC[N+]1=C(/C=C/C=C/C=C2/N(CCCCO)c3ccccc3C2(C)C)C(C)(C)c2cc(Br)ccc21,534.562
CC[N+]1=C(/C=C/C=C/C=C2/N(CCCC[N+](CC)(CC)CC)c3ccccc3C2(C)C)C(C)(C)c2cc(Br)ccc21,618.748
CC[N+]1=C(/C=C/C=C/C=C2/N(CCCCS(=O)(=O)O)c3ccccc3C2(C)C)C(C)(C)c2cc(Br)ccc21,598.627
CC[N+]1=C(/C=C/C=C/C=C2/N(Cc3ccccc3)c3ccccc3C2(C)C)C(C)(C)c2cc(Br)ccc21,552.58
CC[N+]1=C(/C=C/C=C/C=C2/N(Cc3ccsc3)c3ccccc3C2(C)C)C(C)(C)c2cc(Br)ccc21,558.609
CCN1/C(=C/C=C/C=C/C2=[N+](CC)c3ccc(I)cc3C2(C)C)C(C)(C)c2ccccc21,537.509
CCCCN1/C(=C/C=C/C=C/C2=[N+](CC)c3ccc(I)cc3C2(C)C)C(C)(C)c2ccccc21,565.563
CC[N+]1=C(/C=C/C=C/C=C2/N(CCCCN)c3ccccc3C2(C)C)C(C)(C)c2cc(I)ccc21,580.578
CC[N+]1=C(/C=C/C=C/C=C2/N(CCCCO)c3ccccc3C2(C)C)C(C)(C)c2cc(I)ccc21,581.562
CC[N+]1=C(/C=C/C=C/C=C2/N(CCCC[N+](CC)(CC)CC)c3ccccc3C2(C)C)C(C)(C)c2cc(I)ccc21,665.748
CC[N+]1=C(/C=C/C=C/C=C2/N(CCCCS(=O)(=O)O)c3ccccc3C2(C)C)C(C)(C)c2cc(I)ccc21,645.627
CC[N+]1=C(/C=C/C=C/C=C2/N(Cc3ccccc3)c3ccccc3C2(C)C)C(C)(C)c2cc(I)ccc21,599.58
CC[N+]1=C(/C=C/C=C/C=C2/N(Cc3ccsc3)c3ccccc3C2(C)C)C(C)(C)c2cc(I)ccc21,605.609
CCCC[N+]1=C(/C=C/C=C/C=C2/N(CC)c3ccccc3C2(C)C)C(C)(C)c2ccccc21,439.667
CCCCN1/C(=C/C=C/C=C/C2=[N+](CCCC)c3ccccc3C2(C)C)C(C)(C)c2ccccc21,467.721
CCCC[N+]1=C(/C=C/C=C/C=C2/N(CCCCN)c3ccccc3C2(C)C)C(C)(C)c2ccccc21,482.736000000001
CCCC[N+]1=C(/C=C/C=C/C=C2/N(CCCCO)c3ccccc3C2(C)C)C(C)(C)c2ccccc21,483.72
CCCC[N+]1=C(/C=C/C=C/C=C2/N(CCCC[N+](CC)(CC)CC)c3ccccc3C2(C)C)C(C)(C)c2ccccc21,567.906
CCCC[N+]1=C(/C=C/C=C/C=C2/N(CCCCS(=O)(=O)O)c3ccccc3C2(C)C)C(C)(C)c2ccccc21,547.785000000001
CCCC[N+]1=C(/C=C/C=C/C=C2/N(Cc3ccccc3)c3ccccc3C2(C)C)C(C)(C)c2ccccc21,501.738
CCCC[N+]1=C(/C=C/C=C/C=C2/N(Cc3ccsc3)c3ccccc3C2(C)C)C(C)(C)c2ccccc21,507.767
CCCC[N+]1=C(/C=C/C=C/C=C2/N(CC)c3ccccc3C2(C)C)C(C)(C)c2cc(Br)ccc21,518.563
CCCCN1/C(=C/C=C/C=C/C2=[N+](CCCC)c3ccc(Br)cc3C2(C)C)C(C)(C)c2ccccc21,546.617
CCCC[N+]1=C(/C=C/C=C/C=C2/N(CCCCN)c3ccccc3C2(C)C)C(C)(C)c2cc(Br)ccc21,561.632
CCCC[N+]1=C(/C=C/C=C/C=C2/N(CCCCO)c3ccccc3C2(C)C)C(C)(C)c2cc(Br)ccc21,562.616
CCCC[N+]1=C(/C=C/C=C/C=C2/N(CCCC[N+](CC)(CC)CC)c3ccccc3C2(C)C)C(C)(C)c2cc(Br)ccc21,646.802
CCCC[N+]1=C(/C=C/C=C/C=C2/N(CCCCS(=O)(=O)O)c3ccccc3C2(C)C)C(C)(C)c2cc(Br)ccc21,626.681
CCCC[N+]1=C(/C=C/C=C/C=C2/N(Cc3ccccc3)c3ccccc3C2(C)C)C(C)(C)c2cc(Br)ccc21,580.634
CCCC[N+]1=C(/C=C/C=C/C=C2/N(Cc3ccsc3)c3ccccc3C2(C)C)C(C)(C)c2cc(Br)ccc21,586.663
CCCC[N+]1=C(/C=C/C=C/C=C2/N(CC)c3ccccc3C2(C)C)C(C)(C)c2cc(I)ccc21,565.563
CCCCN1/C(=C/C=C/C=C/C2=[N+](CCCC)c3ccc(I)cc3C2(C)C)C(C)(C)c2ccccc21,593.617
CCCC[N+]1=C(/C=C/C=C/C=C2/N(CCCCN)c3ccccc3C2(C)C)C(C)(C)c2cc(I)ccc21,608.632
CCCC[N+]1=C(/C=C/C=C/C=C2/N(CCCCO)c3ccccc3C2(C)C)C(C)(C)c2cc(I)ccc21,609.616
CCCC[N+]1=C(/C=C/C=C/C=C2/N(CCCC[N+](CC)(CC)CC)c3ccccc3C2(C)C)C(C)(C)c2cc(I)ccc21,693.802
CCCC[N+]1=C(/C=C/C=C/C=C2/N(CCCCS(=O)(=O)O)c3ccccc3C2(C)C)C(C)(C)c2cc(I)ccc21,673.681
CCCC[N+]1=C(/C=C/C=C/C=C2/N(Cc3ccccc3)c3ccccc3C2(C)C)C(C)(C)c2cc(I)ccc21,627.634
CCCC[N+]1=C(/C=C/C=C/C=C2/N(Cc3ccsc3)c3ccccc3C2(C)C)C(C)(C)c2cc(I)ccc21,633.663
CCN1/C(=C/C=C/C=C/C2=[N+](CCCCN)c3ccccc3C2(C)C)C(C)(C)c2ccccc21,454.682
CCCCN1/C(=C/C=C/C=C/C2=[N+](CCCCN)c3ccccc3C2(C)C)C(C)(C)c2ccccc21,482.736000000001
CC1(C)C(/C=C/C=C/C=C2/N(CCCCN)c3ccccc3C2(C)C)=[N+](CCCCN)c2ccccc21,497.751000000001
CC1(C)C(/C=C/C=C/C=C2/N(CCCCO)c3ccccc3C2(C)C)=[N+](CCCCN)c2ccccc21,498.735
CC[N+](CC)(CC)CCCCN1/C(=C/C=C/C=C/C2=[N+](CCCCN)c3ccccc3C2(C)C)C(C)(C)c2ccccc21,582.921
CC1(C)C(/C=C/C=C/C=C2/N(CCCCS(=O)(=O)O)c3ccccc3C2(C)C)=[N+](CCCCN)c2ccccc21,562.800000000001
CC1(C)C(/C=C/C=C/C=C2/N(Cc3ccccc3)c3ccccc3C2(C)C)=[N+](CCCCN)c2ccccc21,516.753
CC1(C)C(/C=C/C=C/C=C2/N(Cc3ccsc3)c3ccccc3C2(C)C)=[N+](CCCCN)c2ccccc21,522.782
CCN1/C(=C/C=C/C=C/C2=[N+](CCCCN)c3ccc(Br)cc3C2(C)C)C(C)(C)c2ccccc21,533.578
CCCCN1/C(=C/C=C/C=C/C2=[N+](CCCCN)c3ccc(Br)cc3C2(C)C)C(C)(C)c2ccccc21,561.632
CC1(C)C(/C=C/C=C/C=C2/N(CCCCN)c3ccccc3C2(C)C)=[N+](CCCCN)c2ccc(Br)cc21,576.647
CC1(C)C(/C=C/C=C/C=C2/N(CCCCO)c3ccccc3C2(C)C)=[N+](CCCCN)c2ccc(Br)cc21,577.631
CC[N+](CC)(CC)CCCCN1/C(=C/C=C/C=C/C2=[N+](CCCCN)c3ccc(Br)cc3C2(C)C)C(C)(C)c2ccccc21,661.817
CC1(C)C(/C=C/C=C/C=C2/N(CCCCS(=O)(=O)O)c3ccccc3C2(C)C)=[N+](CCCCN)c2ccc(Br)cc21,641.696
CC1(C)C(/C=C/C=C/C=C2/N(Cc3ccccc3)c3ccccc3C2(C)C)=[N+](CCCCN)c2ccc(Br)cc21,595.649
CC1(C)C(/C=C/C=C/C=C2/N(Cc3ccsc3)c3ccccc3C2(C)C)=[N+](CCCCN)c2ccc(Br)cc21,601.678
CCN1/C(=C/C=C/C=C/C2=[N+](CCCCN)c3ccc(I)cc3C2(C)C)C(C)(C)c2ccccc21,580.578
CCCCN1/C(=C/C=C/C=C/C2=[N+](CCCCN)c3ccc(I)cc3C2(C)C)C(C)(C)c2ccccc21,608.632
CC1(C)C(/C=C/C=C/C=C2/N(CCCCN)c3ccccc3C2(C)C)=[N+](CCCCN)c2ccc(I)cc21,623.647
CC1(C)C(/C=C/C=C/C=C2/N(CCCCO)c3ccccc3C2(C)C)=[N+](CCCCN)c2ccc(I)cc21,624.631
CC[N+](CC)(CC)CCCCN1/C(=C/C=C/C=C/C2=[N+](CCCCN)c3ccc(I)cc3C2(C)C)C(C)(C)c2ccccc21,708.817
CC1(C)C(/C=C/C=C/C=C2/N(CCCCS(=O)(=O)O)c3ccccc3C2(C)C)=[N+](CCCCN)c2ccc(I)cc21,688.696
CC1(C)C(/C=C/C=C/C=C2/N(Cc3ccccc3)c3ccccc3C2(C)C)=[N+](CCCCN)c2ccc(I)cc21,642.649
CC1(C)C(/C=C/C=C/C=C2/N(Cc3ccsc3)c3ccccc3C2(C)C)=[N+](CCCCN)c2ccc(I)cc21,648.678
CCN1/C(=C/C=C/C=C/C2=[N+](CCCCO)c3ccccc3C2(C)C)C(C)(C)c2ccccc21,455.666
CCCCN1/C(=C/C=C/C=C/C2=[N+](CCCCO)c3ccccc3C2(C)C)C(C)(C)c2ccccc21,483.72
CC1(C)C(/C=C/C=C/C=C2/N(CCCCN)c3ccccc3C2(C)C)=[N+](CCCCO)c2ccccc21,498.735
CC1(C)C(/C=C/C=C/C=C2/N(CCCCO)c3ccccc3C2(C)C)=[N+](CCCCO)c2ccccc21,499.719000000001
CC[N+](CC)(CC)CCCCN1/C(=C/C=C/C=C/C2=[N+](CCCCO)c3ccccc3C2(C)C)C(C)(C)c2ccccc21,583.905
CC1(C)C(/C=C/C=C/C=C2/N(CCCCS(=O)(=O)O)c3ccccc3C2(C)C)=[N+](CCCCO)c2ccccc21,563.784000000001
CC1(C)C(/C=C/C=C/C=C2/N(Cc3ccccc3)c3ccccc3C2(C)C)=[N+](CCCCO)c2ccccc21,517.737
CC1(C)C(/C=C/C=C/C=C2/N(Cc3ccsc3)c3ccccc3C2(C)C)=[N+](CCCCO)c2ccccc21,523.766
CCN1/C(=C/C=C/C=C/C2=[N+](CCCCO)c3ccc(Br)cc3C2(C)C)C(C)(C)c2ccccc21,534.562
CCCCN1/C(=C/C=C/C=C/C2=[N+](CCCCO)c3ccc(Br)cc3C2(C)C)C(C)(C)c2ccccc21,562.616
CC1(C)C(/C=C/C=C/C=C2/N(CCCCN)c3ccccc3C2(C)C)=[N+](CCCCO)c2ccc(Br)cc21,577.631
CC1(C)C(/C=C/C=C/C=C2/N(CCCCO)c3ccccc3C2(C)C)=[N+](CCCCO)c2ccc(Br)cc21,578.615
CC[N+](CC)(CC)CCCCN1/C(=C/C=C/C=C/C2=[N+](CCCCO)c3ccc(Br)cc3C2(C)C)C(C)(C)c2ccccc21,662.801
CC1(C)C(/C=C/C=C/C=C2/N(CCCCS(=O)(=O)O)c3ccccc3C2(C)C)=[N+](CCCCO)c2ccc(Br)cc21,642.68
CC1(C)C(/C=C/C=C/C=C2/N(Cc3ccccc3)c3ccccc3C2(C)C)=[N+](CCCCO)c2ccc(Br)cc21,596.633
CC1(C)C(/C=C/C=C/C=C2/N(Cc3ccsc3)c3ccccc3C2(C)C)=[N+](CCCCO)c2ccc(Br)cc21,602.662
CCN1/C(=C/C=C/C=C/C2=[N+](CCCCO)c3ccc(I)cc3C2(C)C)C(C)(C)c2ccccc21,581.562
CCCCN1/C(=C/C=C/C=C/C2=[N+](CCCCO)c3ccc(I)cc3C2(C)C)C(C)(C)c2ccccc21,609.616
CC1(C)C(/C=C/C=C/C=C2/N(CCCCN)c3ccccc3C2(C)C)=[N+](CCCCO)c2ccc(I)cc21,624.631
CC1(C)C(/C=C/C=C/C=C2/N(CCCCO)c3ccccc3C2(C)C)=[N+](CCCCO)c2ccc(I)cc21,625.615
CC[N+](CC)(CC)CCCCN1/C(=C/C=C/C=C/C2=[N+](CCCCO)c3ccc(I)cc3C2(C)C)C(C)(C)c2ccccc21,709.801
CC1(C)C(/C=C/C=C/C=C2/N(CCCCS(=O)(=O)O)c3ccccc3C2(C)C)=[N+](CCCCO)c2ccc(I)cc21,689.68
CC1(C)C(/C=C/C=C/C=C2/N(Cc3ccccc3)c3ccccc3C2(C)C)=[N+](CCCCO)c2ccc(I)cc21,643.633
CC1(C)C(/C=C/C=C/C=C2/N(Cc3ccsc3)c3ccccc3C2(C)C)=[N+](CCCCO)c2ccc(I)cc21,649.662
CCN1/C(=C/C=C/C=C/C2=[N+](CCCC[N+](CC)(CC)CC)c3ccccc3C2(C)C)C(C)(C)c2ccccc21,539.852
CCCCN1/C(=C/C=C/C=C/C2=[N+](CCCC[N+](CC)(CC)CC)c3ccccc3C2(C)C)C(C)(C)c2ccccc21,567.906
CC[N+](CC)(CC)CCCC[N+]1=C(/C=C/C=C/C=C2/N(CCCCN)c3ccccc3C2(C)C)C(C)(C)c2ccccc21,582.921
CC[N+](CC)(CC)CCCC[N+]1=C(/C=C/C=C/C=C2/N(CCCCO)c3ccccc3C2(C)C)C(C)(C)c2ccccc21,583.905
CC[N+](CC)(CC)CCCCN1/C(=C/C=C/C=C/C2=[N+](CCCC[N+](CC)(CC)CC)c3ccccc3C2(C)C)C(C)(C)c2ccccc21,668.091
CC[N+](CC)(CC)CCCC[N+]1=C(/C=C/C=C/C=C2/N(CCCCS(=O)(=O)O)c3ccccc3C2(C)C)C(C)(C)c2ccccc21,647.97
CC[N+](CC)(CC)CCCC[N+]1=C(/C=C/C=C/C=C2/N(Cc3ccccc3)c3ccccc3C2(C)C)C(C)(C)c2ccccc21,601.923000000001
CC[N+](CC)(CC)CCCC[N+]1=C(/C=C/C=C/C=C2/N(Cc3ccsc3)c3ccccc3C2(C)C)C(C)(C)c2ccccc21,607.952000000001
CCN1/C(=C/C=C/C=C/C2=[N+](CCCC[N+](CC)(CC)CC)c3ccc(Br)cc3C2(C)C)C(C)(C)c2ccccc21,618.748
CCCCN1/C(=C/C=C/C=C/C2=[N+](CCCC[N+](CC)(CC)CC)c3ccc(Br)cc3C2(C)C)C(C)(C)c2ccccc21,646.802
CC[N+](CC)(CC)CCCC[N+]1=C(/C=C/C=C/C=C2/N(CCCCN)c3ccccc3C2(C)C)C(C)(C)c2cc(Br)ccc21,661.817
CC[N+](CC)(CC)CCCC[N+]1=C(/C=C/C=C/C=C2/N(CCCCO)c3ccccc3C2(C)C)C(C)(C)c2cc(Br)ccc21,662.801
CC[N+](CC)(CC)CCCCN1/C(=C/C=C/C=C/C2=[N+](CCCC[N+](CC)(CC)CC)c3ccc(Br)cc3C2(C)C)C(C)(C)c2ccccc21,746.987
CC[N+](CC)(CC)CCCC[N+]1=C(/C=C/C=C/C=C2/N(CCCCS(=O)(=O)O)c3ccccc3C2(C)C)C(C)(C)c2cc(Br)ccc21,726.866
CC[N+](CC)(CC)CCCC[N+]1=C(/C=C/C=C/C=C2/N(Cc3ccccc3)c3ccccc3C2(C)C)C(C)(C)c2cc(Br)ccc21,680.819
CC[N+](CC)(CC)CCCC[N+]1=C(/C=C/C=C/C=C2/N(Cc3ccsc3)c3ccccc3C2(C)C)C(C)(C)c2cc(Br)ccc21,686.848
CCN1/C(=C/C=C/C=C/C2=[N+](CCCC[N+](CC)(CC)CC)c3ccc(I)cc3C2(C)C)C(C)(C)c2ccccc21,665.748
CCCCN1/C(=C/C=C/C=C/C2=[N+](CCCC[N+](CC)(CC)CC)c3ccc(I)cc3C2(C)C)C(C)(C)c2ccccc21,693.802
CC[N+](CC)(CC)CCCC[N+]1=C(/C=C/C=C/C=C2/N(CCCCN)c3ccccc3C2(C)C)C(C)(C)c2cc(I)ccc21,708.817
CC[N+](CC)(CC)CCCC[N+]1=C(/C=C/C=C/C=C2/N(CCCCO)c3ccccc3C2(C)C)C(C)(C)c2cc(I)ccc21,709.801
CC[N+](CC)(CC)CCCCN1/C(=C/C=C/C=C/C2=[N+](CCCC[N+](CC)(CC)CC)c3ccc(I)cc3C2(C)C)C(C)(C)c2ccccc21,793.987
CC[N+](CC)(CC)CCCC[N+]1=C(/C=C/C=C/C=C2/N(CCCCS(=O)(=O)O)c3ccccc3C2(C)C)C(C)(C)c2cc(I)ccc21,773.866
CC[N+](CC)(CC)CCCC[N+]1=C(/C=C/C=C/C=C2/N(Cc3ccccc3)c3ccccc3C2(C)C)C(C)(C)c2cc(I)ccc21,727.819
CC[N+](CC)(CC)CCCC[N+]1=C(/C=C/C=C/C=C2/N(Cc3ccsc3)c3ccccc3C2(C)C)C(C)(C)c2cc(I)ccc21,733.848
CCN1/C(=C/C=C/C=C/C2=[N+](CCCCS(=O)(=O)O)c3ccccc3C2(C)C)C(C)(C)c2ccccc21,519.731
CCCCN1/C(=C/C=C/C=C/C2=[N+](CCCCS(=O)(=O)O)c3ccccc3C2(C)C)C(C)(C)c2ccccc21,547.785
CC1(C)C(/C=C/C=C/C=C2/N(CCCCN)c3ccccc3C2(C)C)=[N+](CCCCS(=O)(=O)O)c2ccccc21,562.8
CC1(C)C(/C=C/C=C/C=C2/N(CCCCO)c3ccccc3C2(C)C)=[N+](CCCCS(=O)(=O)O)c2ccccc21,563.784
CC[N+](CC)(CC)CCCCN1/C(=C/C=C/C=C/C2=[N+](CCCCS(=O)(=O)O)c3ccccc3C2(C)C)C(C)(C)c2ccccc21,647.97
CC1(C)C(/C=C/C=C/C=C2/N(CCCCS(=O)(=O)O)c3ccccc3C2(C)C)=[N+](CCCCS(=O)(=O)O)c2ccccc21,627.849
CC1(C)C(/C=C/C=C/C=C2/N(Cc3ccccc3)c3ccccc3C2(C)C)=[N+](CCCCS(=O)(=O)O)c2ccccc21,581.802
CC1(C)C(/C=C/C=C/C=C2/N(Cc3ccsc3)c3ccccc3C2(C)C)=[N+](CCCCS(=O)(=O)O)c2ccccc21,587.831
CCN1/C(=C/C=C/C=C/C2=[N+](CCCCS(=O)(=O)O)c3ccc(Br)cc3C2(C)C)C(C)(C)c2ccccc21,598.627
CCCCN1/C(=C/C=C/C=C/C2=[N+](CCCCS(=O)(=O)O)c3ccc(Br)cc3C2(C)C)C(C)(C)c2ccccc21,626.681
CC1(C)C(/C=C/C=C/C=C2/N(CCCCN)c3ccccc3C2(C)C)=[N+](CCCCS(=O)(=O)O)c2ccc(Br)cc21,641.696
CC1(C)C(/C=C/C=C/C=C2/N(CCCCO)c3ccccc3C2(C)C)=[N+](CCCCS(=O)(=O)O)c2ccc(Br)cc21,642.68
CC[N+](CC)(CC)CCCCN1/C(=C/C=C/C=C/C2=[N+](CCCCS(=O)(=O)O)c3ccc(Br)cc3C2(C)C)C(C)(C)c2ccccc21,726.866
CC1(C)C(/C=C/C=C/C=C2/N(CCCCS(=O)(=O)O)c3ccccc3C2(C)C)=[N+](CCCCS(=O)(=O)O)c2ccc(Br)cc21,706.745
CC1(C)C(/C=C/C=C/C=C2/N(Cc3ccccc3)c3ccccc3C2(C)C)=[N+](CCCCS(=O)(=O)O)c2ccc(Br)cc21,660.698
CC1(C)C(/C=C/C=C/C=C2/N(Cc3ccsc3)c3ccccc3C2(C)C)=[N+](CCCCS(=O)(=O)O)c2ccc(Br)cc21,666.727
CCN1/C(=C/C=C/C=C/C2=[N+](CCCCS(=O)(=O)O)c3ccc(I)cc3C2(C)C)C(C)(C)c2ccccc21,645.627
CCCCN1/C(=C/C=C/C=C/C2=[N+](CCCCS(=O)(=O)O)c3ccc(I)cc3C2(C)C)C(C)(C)c2ccccc21,673.681
CC1(C)C(/C=C/C=C/C=C2/N(CCCCN)c3ccccc3C2(C)C)=[N+](CCCCS(=O)(=O)O)c2ccc(I)cc21,688.696
CC1(C)C(/C=C/C=C/C=C2/N(CCCCO)c3ccccc3C2(C)C)=[N+](CCCCS(=O)(=O)O)c2ccc(I)cc21,689.68
CC[N+](CC)(CC)CCCCN1/C(=C/C=C/C=C/C2=[N+](CCCCS(=O)(=O)O)c3ccc(I)cc3C2(C)C)C(C)(C)c2ccccc21,773.866
CC1(C)C(/C=C/C=C/C=C2/N(CCCCS(=O)(=O)O)c3ccccc3C2(C)C)=[N+](CCCCS(=O)(=O)O)c2ccc(I)cc21,753.745
CC1(C)C(/C=C/C=C/C=C2/N(Cc3ccccc3)c3ccccc3C2(C)C)=[N+](CCCCS(=O)(=O)O)c2ccc(I)cc21,707.698
CC1(C)C(/C=C/C=C/C=C2/N(Cc3ccsc3)c3ccccc3C2(C)C)=[N+](CCCCS(=O)(=O)O)c2ccc(I)cc21,713.727
CCN1/C(=C/C=C/C=C/C2=[N+](Cc3ccccc3)c3ccccc3C2(C)C)C(C)(C)c2ccccc21,473.684
CCCCN1/C(=C/C=C/C=C/C2=[N+](Cc3ccccc3)c3ccccc3C2(C)C)C(C)(C)c2ccccc21,501.738
CC1(C)C(/C=C/C=C/C=C2/N(CCCCN)c3ccccc3C2(C)C)=[N+](Cc2ccccc2)c2ccccc21,516.753
CC1(C)C(/C=C/C=C/C=C2/N(CCCCO)c3ccccc3C2(C)C)=[N+](Cc2ccccc2)c2ccccc21,517.737
CC[N+](CC)(CC)CCCCN1/C(=C/C=C/C=C/C2=[N+](Cc3ccccc3)c3ccccc3C2(C)C)C(C)(C)c2ccccc21,601.923
CC1(C)C(/C=C/C=C/C=C2/N(CCCCS(=O)(=O)O)c3ccccc3C2(C)C)=[N+](Cc2ccccc2)c2ccccc21,581.802000000001
CC1(C)C(/C=C/C=C/C=C2/N(Cc3ccccc3)c3ccccc3C2(C)C)=[N+](Cc2ccccc2)c2ccccc21,535.755
CC1(C)C(/C=C/C=C/C=C2/N(Cc3ccsc3)c3ccccc3C2(C)C)=[N+](Cc2ccccc2)c2ccccc21,541.784
CCN1/C(=C/C=C/C=C/C2=[N+](Cc3ccccc3)c3ccc(Br)cc3C2(C)C)C(C)(C)c2ccccc21,552.58
CCCCN1/C(=C/C=C/C=C/C2=[N+](Cc3ccccc3)c3ccc(Br)cc3C2(C)C)C(C)(C)c2ccccc21,580.634
CC1(C)C(/C=C/C=C/C=C2/N(CCCCN)c3ccccc3C2(C)C)=[N+](Cc2ccccc2)c2ccc(Br)cc21,595.649
CC1(C)C(/C=C/C=C/C=C2/N(CCCCO)c3ccccc3C2(C)C)=[N+](Cc2ccccc2)c2ccc(Br)cc21,596.633
CC[N+](CC)(CC)CCCCN1/C(=C/C=C/C=C/C2=[N+](Cc3ccccc3)c3ccc(Br)cc3C2(C)C)C(C)(C)c2ccccc21,680.819
CC1(C)C(/C=C/C=C/C=C2/N(CCCCS(=O)(=O)O)c3ccccc3C2(C)C)=[N+](Cc2ccccc2)c2ccc(Br)cc21,660.698
CC1(C)C(/C=C/C=C/C=C2/N(Cc3ccccc3)c3ccccc3C2(C)C)=[N+](Cc2ccccc2)c2ccc(Br)cc21,614.651
CC1(C)C(/C=C/C=C/C=C2/N(Cc3ccsc3)c3ccccc3C2(C)C)=[N+](Cc2ccccc2)c2ccc(Br)cc21,620.68
CCN1/C(=C/C=C/C=C/C2=[N+](Cc3ccccc3)c3ccc(I)cc3C2(C)C)C(C)(C)c2ccccc21,599.58
CCCCN1/C(=C/C=C/C=C/C2=[N+](Cc3ccccc3)c3ccc(I)cc3C2(C)C)C(C)(C)c2ccccc21,627.634
CC1(C)C(/C=C/C=C/C=C2/N(CCCCN)c3ccccc3C2(C)C)=[N+](Cc2ccccc2)c2ccc(I)cc21,642.649
CC1(C)C(/C=C/C=C/C=C2/N(CCCCO)c3ccccc3C2(C)C)=[N+](Cc2ccccc2)c2ccc(I)cc21,643.633
CC[N+](CC)(CC)CCCCN1/C(=C/C=C/C=C/C2=[N+](Cc3ccccc3)c3ccc(I)cc3C2(C)C)C(C)(C)c2ccccc21,727.819
CC1(C)C(/C=C/C=C/C=C2/N(CCCCS(=O)(=O)O)c3ccccc3C2(C)C)=[N+](Cc2ccccc2)c2ccc(I)cc21,707.698
CC1(C)C(/C=C/C=C/C=C2/N(Cc3ccccc3)c3ccccc3C2(C)C)=[N+](Cc2ccccc2)c2ccc(I)cc21,661.651
CC1(C)C(/C=C/C=C/C=C2/N(Cc3ccsc3)c3ccccc3C2(C)C)=[N+](Cc2ccccc2)c2ccc(I)cc21,667.68
CCN1/C(=C/C=C/C=C/C2=[N+](Cc3ccsc3)c3ccccc3C2(C)C)C(C)(C)c2ccccc21,479.713
CCCCN1/C(=C/C=C/C=C/C2=[N+](Cc3ccsc3)c3ccccc3C2(C)C)C(C)(C)c2ccccc21,507.767
CC1(C)C(/C=C/C=C/C=C2/N(CCCCN)c3ccccc3C2(C)C)=[N+](Cc2ccsc2)c2ccccc21,522.782
CC1(C)C(/C=C/C=C/C=C2/N(CCCCO)c3ccccc3C2(C)C)=[N+](Cc2ccsc2)c2ccccc21,523.766
CC[N+](CC)(CC)CCCCN1/C(=C/C=C/C=C/C2=[N+](Cc3ccsc3)c3ccccc3C2(C)C)C(C)(C)c2ccccc21,607.952
CC1(C)C(/C=C/C=C/C=C2/N(CCCCS(=O)(=O)O)c3ccccc3C2(C)C)=[N+](Cc2ccsc2)c2ccccc21,587.831
CC1(C)C(/C=C/C=C/C=C2/N(Cc3ccccc3)c3ccccc3C2(C)C)=[N+](Cc2ccsc2)c2ccccc21,541.784
CC1(C)C(/C=C/C=C/C=C2/N(Cc3ccsc3)c3ccccc3C2(C)C)=[N+](Cc2ccsc2)c2ccccc21,547.813
CCN1/C(=C/C=C/C=C/C2=[N+](Cc3ccsc3)c3ccc(Br)cc3C2(C)C)C(C)(C)c2ccccc21,558.609
CCCCN1/C(=C/C=C/C=C/C2=[N+](Cc3ccsc3)c3ccc(Br)cc3C2(C)C)C(C)(C)c2ccccc21,586.663
CC1(C)C(/C=C/C=C/C=C2/N(CCCCN)c3ccccc3C2(C)C)=[N+](Cc2ccsc2)c2ccc(Br)cc21,601.678
CC1(C)C(/C=C/C=C/C=C2/N(CCCCO)c3ccccc3C2(C)C)=[N+](Cc2ccsc2)c2ccc(Br)cc21,602.662
CC[N+](CC)(CC)CCCCN1/C(=C/C=C/C=C/C2=[N+](Cc3ccsc3)c3ccc(Br)cc3C2(C)C)C(C)(C)c2ccccc21,686.848
CC1(C)C(/C=C/C=C/C=C2/N(CCCCS(=O)(=O)O)c3ccccc3C2(C)C)=[N+](Cc2ccsc2)c2ccc(Br)cc21,666.727
CC1(C)C(/C=C/C=C/C=C2/N(Cc3ccccc3)c3ccccc3C2(C)C)=[N+](Cc2ccsc2)c2ccc(Br)cc21,620.68
CC1(C)C(/C=C/C=C/C=C2/N(Cc3ccsc3)c3ccccc3C2(C)C)=[N+](Cc2ccsc2)c2ccc(Br)cc21,626.709
CCN1/C(=C/C=C/C=C/C2=[N+](Cc3ccsc3)c3ccc(I)cc3C2(C)C)C(C)(C)c2ccccc21,605.609
CCCCN1/C(=C/C=C/C=C/C2=[N+](Cc3ccsc3)c3ccc(I)cc3C2(C)C)C(C)(C)c2ccccc21,633.663
CC1(C)C(/C=C/C=C/C=C2/N(CCCCN)c3ccccc3C2(C)C)=[N+](Cc2ccsc2)c2ccc(I)cc21,648.678
CC1(C)C(/C=C/C=C/C=C2/N(CCCCO)c3ccccc3C2(C)C)=[N+](Cc2ccsc2)c2ccc(I)cc21,649.662
CC[N+](CC)(CC)CCCCN1/C(=C/C=C/C=C/C2=[N+](Cc3ccsc3)c3ccc(I)cc3C2(C)C)C(C)(C)c2ccccc21,733.848
CC1(C)C(/C=C/C=C/C=C2/N(CCCCS(=O)(=O)O)c3ccccc3C2(C)C)=[N+](Cc2ccsc2)c2ccc(I)cc21,713.727
CC1(C)C(/C=C/C=C/C=C2/N(Cc3ccccc3)c3ccccc3C2(C)C)=[N+](Cc2ccsc2)c2ccc(I)cc21,667.68
CC1(C)C(/C=C/C=C/C=C2/N(Cc3ccsc3)c3ccccc3C2(C)C)=[N+](Cc2ccsc2)c2ccc(I)cc21,673.709
CCN1/C(=C/C=C(Br)/C=C/C2=[N+](CC)c3ccccc3C2(C)C)C(C)(C)c2ccccc21,490.509
CCCCN1/C(=C/C=C(Br)/C=C/C2=[N+](CC)c3ccccc3C2(C)C)C(C)(C)c2ccccc21,518.563
CC[N+]1=C(/C=C/C(Br)=C/C=C2/N(CCCCN)c3ccccc3C2(C)C)C(C)(C)c2ccccc21,533.578
CC[N+]1=C(/C=C/C(Br)=C/C=C2/N(CCCCO)c3ccccc3C2(C)C)C(C)(C)c2ccccc21,534.562
CC[N+]1=C(/C=C/C(Br)=C/C=C2/N(CCCC[N+](CC)(CC)CC)c3ccccc3C2(C)C)C(C)(C)c2ccccc21,618.748
CC[N+]1=C(/C=C/C(Br)=C/C=C2/N(CCCCS(=O)(=O)O)c3ccccc3C2(C)C)C(C)(C)c2ccccc21,598.627
CC[N+]1=C(/C=C/C(Br)=C/C=C2/N(Cc3ccccc3)c3ccccc3C2(C)C)C(C)(C)c2ccccc21,552.58
CC[N+]1=C(/C=C/C(Br)=C/C=C2/N(Cc3ccsc3)c3ccccc3C2(C)C)C(C)(C)c2ccccc21,558.609
CCN1/C(=C/C=C(Br)/C=C/C2=[N+](CC)c3ccc(Br)cc3C2(C)C)C(C)(C)c2ccccc21,569.405
CCCCN1/C(=C/C=C(Br)/C=C/C2=[N+](CC)c3ccc(Br)cc3C2(C)C)C(C)(C)c2ccccc21,597.459
CC[N+]1=C(/C=C/C(Br)=C/C=C2/N(CCCCN)c3ccccc3C2(C)C)C(C)(C)c2cc(Br)ccc21,612.474
CC[N+]1=C(/C=C/C(Br)=C/C=C2/N(CCCCO)c3ccccc3C2(C)C)C(C)(C)c2cc(Br)ccc21,613.458
CC[N+]1=C(/C=C/C(Br)=C/C=C2/N(CCCC[N+](CC)(CC)CC)c3ccccc3C2(C)C)C(C)(C)c2cc(Br)ccc21,697.644
CC[N+]1=C(/C=C/C(Br)=C/C=C2/N(CCCCS(=O)(=O)O)c3ccccc3C2(C)C)C(C)(C)c2cc(Br)ccc21,677.523
CC[N+]1=C(/C=C/C(Br)=C/C=C2/N(Cc3ccccc3)c3ccccc3C2(C)C)C(C)(C)c2cc(Br)ccc21,631.476
CC[N+]1=C(/C=C/C(Br)=C/C=C2/N(Cc3ccsc3)c3ccccc3C2(C)C)C(C)(C)c2cc(Br)ccc21,637.505
CCN1/C(=C/C=C(Br)/C=C/C2=[N+](CC)c3ccc(I)cc3C2(C)C)C(C)(C)c2ccccc21,616.405
CCCCN1/C(=C/C=C(Br)/C=C/C2=[N+](CC)c3ccc(I)cc3C2(C)C)C(C)(C)c2ccccc21,644.459
CC[N+]1=C(/C=C/C(Br)=C/C=C2/N(CCCCN)c3ccccc3C2(C)C)C(C)(C)c2cc(I)ccc21,659.474
CC[N+]1=C(/C=C/C(Br)=C/C=C2/N(CCCCO)c3ccccc3C2(C)C)C(C)(C)c2cc(I)ccc21,660.458
CC[N+]1=C(/C=C/C(Br)=C/C=C2/N(CCCC[N+](CC)(CC)CC)c3ccccc3C2(C)C)C(C)(C)c2cc(I)ccc21,744.644
CC[N+]1=C(/C=C/C(Br)=C/C=C2/N(CCCCS(=O)(=O)O)c3ccccc3C2(C)C)C(C)(C)c2cc(I)ccc21,724.523
CC[N+]1=C(/C=C/C(Br)=C/C=C2/N(Cc3ccccc3)c3ccccc3C2(C)C)C(C)(C)c2cc(I)ccc21,678.476
CC[N+]1=C(/C=C/C(Br)=C/C=C2/N(Cc3ccsc3)c3ccccc3C2(C)C)C(C)(C)c2cc(I)ccc21,684.505
CCCC[N+]1=C(/C=C/C(Br)=C/C=C2/N(CC)c3ccccc3C2(C)C)C(C)(C)c2ccccc21,518.563
CCCCN1/C(=C/C=C(Br)/C=C/C2=[N+](CCCC)c3ccccc3C2(C)C)C(C)(C)c2ccccc21,546.617
CCCC[N+]1=C(/C=C/C(Br)=C/C=C2/N(CCCCN)c3ccccc3C2(C)C)C(C)(C)c2ccccc21,561.632
CCCC[N+]1=C(/C=C/C(Br)=C/C=C2/N(CCCCO)c3ccccc3C2(C)C)C(C)(C)c2ccccc21,562.616
CCCC[N+]1=C(/C=C/C(Br)=C/C=C2/N(CCCC[N+](CC)(CC)CC)c3ccccc3C2(C)C)C(C)(C)c2ccccc21,646.802
CCCC[N+]1=C(/C=C/C(Br)=C/C=C2/N(CCCCS(=O)(=O)O)c3ccccc3C2(C)C)C(C)(C)c2ccccc21,626.681
CCCC[N+]1=C(/C=C/C(Br)=C/C=C2/N(Cc3ccccc3)c3ccccc3C2(C)C)C(C)(C)c2ccccc21,580.634
CCCC[N+]1=C(/C=C/C(Br)=C/C=C2/N(Cc3ccsc3)c3ccccc3C2(C)C)C(C)(C)c2ccccc21,586.663
CCCC[N+]1=C(/C=C/C(Br)=C/C=C2/N(CC)c3ccccc3C2(C)C)C(C)(C)c2cc(Br)ccc21,597.459
CCCCN1/C(=C/C=C(Br)/C=C/C2=[N+](CCCC)c3ccc(Br)cc3C2(C)C)C(C)(C)c2ccccc21,625.513
CCCC[N+]1=C(/C=C/C(Br)=C/C=C2/N(CCCCN)c3ccccc3C2(C)C)C(C)(C)c2cc(Br)ccc21,640.528
CCCC[N+]1=C(/C=C/C(Br)=C/C=C2/N(CCCCO)c3ccccc3C2(C)C)C(C)(C)c2cc(Br)ccc21,641.512
CCCC[N+]1=C(/C=C/C(Br)=C/C=C2/N(CCCC[N+](CC)(CC)CC)c3ccccc3C2(C)C)C(C)(C)c2cc(Br)ccc21,725.698
CCCC[N+]1=C(/C=C/C(Br)=C/C=C2/N(CCCCS(=O)(=O)O)c3ccccc3C2(C)C)C(C)(C)c2cc(Br)ccc21,705.577
CCCC[N+]1=C(/C=C/C(Br)=C/C=C2/N(Cc3ccccc3)c3ccccc3C2(C)C)C(C)(C)c2cc(Br)ccc21,659.53
CCCC[N+]1=C(/C=C/C(Br)=C/C=C2/N(Cc3ccsc3)c3ccccc3C2(C)C)C(C)(C)c2cc(Br)ccc21,665.559
CCCC[N+]1=C(/C=C/C(Br)=C/C=C2/N(CC)c3ccccc3C2(C)C)C(C)(C)c2cc(I)ccc21,644.459
CCCCN1/C(=C/C=C(Br)/C=C/C2=[N+](CCCC)c3ccc(I)cc3C2(C)C)C(C)(C)c2ccccc21,672.513
CCCC[N+]1=C(/C=C/C(Br)=C/C=C2/N(CCCCN)c3ccccc3C2(C)C)C(C)(C)c2cc(I)ccc21,687.528
CCCC[N+]1=C(/C=C/C(Br)=C/C=C2/N(CCCCO)c3ccccc3C2(C)C)C(C)(C)c2cc(I)ccc21,688.512
CCCC[N+]1=C(/C=C/C(Br)=C/C=C2/N(CCCC[N+](CC)(CC)CC)c3ccccc3C2(C)C)C(C)(C)c2cc(I)ccc21,772.698
CCCC[N+]1=C(/C=C/C(Br)=C/C=C2/N(CCCCS(=O)(=O)O)c3ccccc3C2(C)C)C(C)(C)c2cc(I)ccc21,752.577
CCCC[N+]1=C(/C=C/C(Br)=C/C=C2/N(Cc3ccccc3)c3ccccc3C2(C)C)C(C)(C)c2cc(I)ccc21,706.53
CCCC[N+]1=C(/C=C/C(Br)=C/C=C2/N(Cc3ccsc3)c3ccccc3C2(C)C)C(C)(C)c2cc(I)ccc21,712.559
CCN1/C(=C/C=C(Br)/C=C/C2=[N+](CCCCN)c3ccccc3C2(C)C)C(C)(C)c2ccccc21,533.578
CCCCN1/C(=C/C=C(Br)/C=C/C2=[N+](CCCCN)c3ccccc3C2(C)C)C(C)(C)c2ccccc21,561.632
CC1(C)C(/C=C/C(Br)=C/C=C2/N(CCCCN)c3ccccc3C2(C)C)=[N+](CCCCN)c2ccccc21,576.647
CC1(C)C(/C=C/C(Br)=C/C=C2/N(CCCCO)c3ccccc3C2(C)C)=[N+](CCCCN)c2ccccc21,577.631
CC[N+](CC)(CC)CCCCN1/C(=C/C=C(Br)/C=C/C2=[N+](CCCCN)c3ccccc3C2(C)C)C(C)(C)c2ccccc21,661.817
CC1(C)C(/C=C/C(Br)=C/C=C2/N(CCCCS(=O)(=O)O)c3ccccc3C2(C)C)=[N+](CCCCN)c2ccccc21,641.696
CC1(C)C(/C=C/C(Br)=C/C=C2/N(Cc3ccccc3)c3ccccc3C2(C)C)=[N+](CCCCN)c2ccccc21,595.649
CC1(C)C(/C=C/C(Br)=C/C=C2/N(Cc3ccsc3)c3ccccc3C2(C)C)=[N+](CCCCN)c2ccccc21,601.678
CCN1/C(=C/C=C(Br)/C=C/C2=[N+](CCCCN)c3ccc(Br)cc3C2(C)C)C(C)(C)c2ccccc21,612.474
CCCCN1/C(=C/C=C(Br)/C=C/C2=[N+](CCCCN)c3ccc(Br)cc3C2(C)C)C(C)(C)c2ccccc21,640.528
CC1(C)C(/C=C/C(Br)=C/C=C2/N(CCCCN)c3ccccc3C2(C)C)=[N+](CCCCN)c2ccc(Br)cc21,655.543
CC1(C)C(/C=C/C(Br)=C/C=C2/N(CCCCO)c3ccccc3C2(C)C)=[N+](CCCCN)c2ccc(Br)cc21,656.527
CC[N+](CC)(CC)CCCCN1/C(=C/C=C(Br)/C=C/C2=[N+](CCCCN)c3ccc(Br)cc3C2(C)C)C(C)(C)c2ccccc21,740.713
CC1(C)C(/C=C/C(Br)=C/C=C2/N(CCCCS(=O)(=O)O)c3ccccc3C2(C)C)=[N+](CCCCN)c2ccc(Br)cc21,720.592
CC1(C)C(/C=C/C(Br)=C/C=C2/N(Cc3ccccc3)c3ccccc3C2(C)C)=[N+](CCCCN)c2ccc(Br)cc21,674.545
CC1(C)C(/C=C/C(Br)=C/C=C2/N(Cc3ccsc3)c3ccccc3C2(C)C)=[N+](CCCCN)c2ccc(Br)cc21,680.574
CCN1/C(=C/C=C(Br)/C=C/C2=[N+](CCCCN)c3ccc(I)cc3C2(C)C)C(C)(C)c2ccccc21,659.474
CCCCN1/C(=C/C=C(Br)/C=C/C2=[N+](CCCCN)c3ccc(I)cc3C2(C)C)C(C)(C)c2ccccc21,687.528
CC1(C)C(/C=C/C(Br)=C/C=C2/N(CCCCN)c3ccccc3C2(C)C)=[N+](CCCCN)c2ccc(I)cc21,702.543
CC1(C)C(/C=C/C(Br)=C/C=C2/N(CCCCO)c3ccccc3C2(C)C)=[N+](CCCCN)c2ccc(I)cc21,703.527
CC[N+](CC)(CC)CCCCN1/C(=C/C=C(Br)/C=C/C2=[N+](CCCCN)c3ccc(I)cc3C2(C)C)C(C)(C)c2ccccc21,787.713
CC1(C)C(/C=C/C(Br)=C/C=C2/N(CCCCS(=O)(=O)O)c3ccccc3C2(C)C)=[N+](CCCCN)c2ccc(I)cc21,767.592
CC1(C)C(/C=C/C(Br)=C/C=C2/N(Cc3ccccc3)c3ccccc3C2(C)C)=[N+](CCCCN)c2ccc(I)cc21,721.545
CC1(C)C(/C=C/C(Br)=C/C=C2/N(Cc3ccsc3)c3ccccc3C2(C)C)=[N+](CCCCN)c2ccc(I)cc21,727.574
CCN1/C(=C/C=C(Br)/C=C/C2=[N+](CCCCO)c3ccccc3C2(C)C)C(C)(C)c2ccccc21,534.562
CCCCN1/C(=C/C=C(Br)/C=C/C2=[N+](CCCCO)c3ccccc3C2(C)C)C(C)(C)c2ccccc21,562.616
CC1(C)C(/C=C/C(Br)=C/C=C2/N(CCCCN)c3ccccc3C2(C)C)=[N+](CCCCO)c2ccccc21,577.631
CC1(C)C(/C=C/C(Br)=C/C=C2/N(CCCCO)c3ccccc3C2(C)C)=[N+](CCCCO)c2ccccc21,578.615
CC[N+](CC)(CC)CCCCN1/C(=C/C=C(Br)/C=C/C2=[N+](CCCCO)c3ccccc3C2(C)C)C(C)(C)c2ccccc21,662.801
CC1(C)C(/C=C/C(Br)=C/C=C2/N(CCCCS(=O)(=O)O)c3ccccc3C2(C)C)=[N+](CCCCO)c2ccccc21,642.68
CC1(C)C(/C=C/C(Br)=C/C=C2/N(Cc3ccccc3)c3ccccc3C2(C)C)=[N+](CCCCO)c2ccccc21,596.633
CC1(C)C(/C=C/C(Br)=C/C=C2/N(Cc3ccsc3)c3ccccc3C2(C)C)=[N+](CCCCO)c2ccccc21,602.662
CCN1/C(=C/C=C(Br)/C=C/C2=[N+](CCCCO)c3ccc(Br)cc3C2(C)C)C(C)(C)c2ccccc21,613.458
CCCCN1/C(=C/C=C(Br)/C=C/C2=[N+](CCCCO)c3ccc(Br)cc3C2(C)C)C(C)(C)c2ccccc21,641.512
CC1(C)C(/C=C/C(Br)=C/C=C2/N(CCCCN)c3ccccc3C2(C)C)=[N+](CCCCO)c2ccc(Br)cc21,656.527
CC1(C)C(/C=C/C(Br)=C/C=C2/N(CCCCO)c3ccccc3C2(C)C)=[N+](CCCCO)c2ccc(Br)cc21,657.511
CC[N+](CC)(CC)CCCCN1/C(=C/C=C(Br)/C=C/C2=[N+](CCCCO)c3ccc(Br)cc3C2(C)C)C(C)(C)c2ccccc21,741.697
CC1(C)C(/C=C/C(Br)=C/C=C2/N(CCCCS(=O)(=O)O)c3ccccc3C2(C)C)=[N+](CCCCO)c2ccc(Br)cc21,721.576
CC1(C)C(/C=C/C(Br)=C/C=C2/N(Cc3ccccc3)c3ccccc3C2(C)C)=[N+](CCCCO)c2ccc(Br)cc21,675.529
CC1(C)C(/C=C/C(Br)=C/C=C2/N(Cc3ccsc3)c3ccccc3C2(C)C)=[N+](CCCCO)c2ccc(Br)cc21,681.558
CCN1/C(=C/C=C(Br)/C=C/C2=[N+](CCCCO)c3ccc(I)cc3C2(C)C)C(C)(C)c2ccccc21,660.458
CCCCN1/C(=C/C=C(Br)/C=C/C2=[N+](CCCCO)c3ccc(I)cc3C2(C)C)C(C)(C)c2ccccc21,688.512
CC1(C)C(/C=C/C(Br)=C/C=C2/N(CCCCN)c3ccccc3C2(C)C)=[N+](CCCCO)c2ccc(I)cc21,703.527
CC1(C)C(/C=C/C(Br)=C/C=C2/N(CCCCO)c3ccccc3C2(C)C)=[N+](CCCCO)c2ccc(I)cc21,704.511
CC[N+](CC)(CC)CCCCN1/C(=C/C=C(Br)/C=C/C2=[N+](CCCCO)c3ccc(I)cc3C2(C)C)C(C)(C)c2ccccc21,788.697
CC1(C)C(/C=C/C(Br)=C/C=C2/N(CCCCS(=O)(=O)O)c3ccccc3C2(C)C)=[N+](CCCCO)c2ccc(I)cc21,768.576
CC1(C)C(/C=C/C(Br)=C/C=C2/N(Cc3ccccc3)c3ccccc3C2(C)C)=[N+](CCCCO)c2ccc(I)cc21,722.529
CC1(C)C(/C=C/C(Br)=C/C=C2/N(Cc3ccsc3)c3ccccc3C2(C)C)=[N+](CCCCO)c2ccc(I)cc21,728.558
CCN1/C(=C/C=C(Br)/C=C/C2=[N+](CCCC[N+](CC)(CC)CC)c3ccccc3C2(C)C)C(C)(C)c2ccccc21,618.748
CCCCN1/C(=C/C=C(Br)/C=C/C2=[N+](CCCC[N+](CC)(CC)CC)c3ccccc3C2(C)C)C(C)(C)c2ccccc21,646.802
CC[N+](CC)(CC)CCCC[N+]1=C(/C=C/C(Br)=C/C=C2/N(CCCCN)c3ccccc3C2(C)C)C(C)(C)c2ccccc21,661.817
CC[N+](CC)(CC)CCCC[N+]1=C(/C=C/C(Br)=C/C=C2/N(CCCCO)c3ccccc3C2(C)C)C(C)(C)c2ccccc21,662.801
CC[N+](CC)(CC)CCCCN1/C(=C/C=C(Br)/C=C/C2=[N+](CCCC[N+](CC)(CC)CC)c3ccccc3C2(C)C)C(C)(C)c2ccccc21,746.986999999999
CC[N+](CC)(CC)CCCC[N+]1=C(/C=C/C(Br)=C/C=C2/N(CCCCS(=O)(=O)O)c3ccccc3C2(C)C)C(C)(C)c2ccccc21,726.866
CC[N+](CC)(CC)CCCC[N+]1=C(/C=C/C(Br)=C/C=C2/N(Cc3ccccc3)c3ccccc3C2(C)C)C(C)(C)c2ccccc21,680.819
CC[N+](CC)(CC)CCCC[N+]1=C(/C=C/C(Br)=C/C=C2/N(Cc3ccsc3)c3ccccc3C2(C)C)C(C)(C)c2ccccc21,686.848
CCN1/C(=C/C=C(Br)/C=C/C2=[N+](CCCC[N+](CC)(CC)CC)c3ccc(Br)cc3C2(C)C)C(C)(C)c2ccccc21,697.644
CCCCN1/C(=C/C=C(Br)/C=C/C2=[N+](CCCC[N+](CC)(CC)CC)c3ccc(Br)cc3C2(C)C)C(C)(C)c2ccccc21,725.698
CC[N+](CC)(CC)CCCC[N+]1=C(/C=C/C(Br)=C/C=C2/N(CCCCN)c3ccccc3C2(C)C)C(C)(C)c2cc(Br)ccc21,740.713
CC[N+](CC)(CC)CCCC[N+]1=C(/C=C/C(Br)=C/C=C2/N(CCCCO)c3ccccc3C2(C)C)C(C)(C)c2cc(Br)ccc21,741.697
CC[N+](CC)(CC)CCCCN1/C(=C/C=C(Br)/C=C/C2=[N+](CCCC[N+](CC)(CC)CC)c3ccc(Br)cc3C2(C)C)C(C)(C)c2ccccc21,825.882999999999
CC[N+](CC)(CC)CCCC[N+]1=C(/C=C/C(Br)=C/C=C2/N(CCCCS(=O)(=O)O)c3ccccc3C2(C)C)C(C)(C)c2cc(Br)ccc21,805.762
CC[N+](CC)(CC)CCCC[N+]1=C(/C=C/C(Br)=C/C=C2/N(Cc3ccccc3)c3ccccc3C2(C)C)C(C)(C)c2cc(Br)ccc21,759.715
CC[N+](CC)(CC)CCCC[N+]1=C(/C=C/C(Br)=C/C=C2/N(Cc3ccsc3)c3ccccc3C2(C)C)C(C)(C)c2cc(Br)ccc21,765.744
CCN1/C(=C/C=C(Br)/C=C/C2=[N+](CCCC[N+](CC)(CC)CC)c3ccc(I)cc3C2(C)C)C(C)(C)c2ccccc21,744.644
CCCCN1/C(=C/C=C(Br)/C=C/C2=[N+](CCCC[N+](CC)(CC)CC)c3ccc(I)cc3C2(C)C)C(C)(C)c2ccccc21,772.698
CC[N+](CC)(CC)CCCC[N+]1=C(/C=C/C(Br)=C/C=C2/N(CCCCN)c3ccccc3C2(C)C)C(C)(C)c2cc(I)ccc21,787.713
CC[N+](CC)(CC)CCCC[N+]1=C(/C=C/C(Br)=C/C=C2/N(CCCCO)c3ccccc3C2(C)C)C(C)(C)c2cc(I)ccc21,788.697
CC[N+](CC)(CC)CCCCN1/C(=C/C=C(Br)/C=C/C2=[N+](CCCC[N+](CC)(CC)CC)c3ccc(I)cc3C2(C)C)C(C)(C)c2ccccc21,872.882999999999
CC[N+](CC)(CC)CCCC[N+]1=C(/C=C/C(Br)=C/C=C2/N(CCCCS(=O)(=O)O)c3ccccc3C2(C)C)C(C)(C)c2cc(I)ccc21,852.762
CC[N+](CC)(CC)CCCC[N+]1=C(/C=C/C(Br)=C/C=C2/N(Cc3ccccc3)c3ccccc3C2(C)C)C(C)(C)c2cc(I)ccc21,806.715
CC[N+](CC)(CC)CCCC[N+]1=C(/C=C/C(Br)=C/C=C2/N(Cc3ccsc3)c3ccccc3C2(C)C)C(C)(C)c2cc(I)ccc21,812.744
CCN1/C(=C/C=C(Br)/C=C/C2=[N+](CCCCS(=O)(=O)O)c3ccccc3C2(C)C)C(C)(C)c2ccccc21,598.627
CCCCN1/C(=C/C=C(Br)/C=C/C2=[N+](CCCCS(=O)(=O)O)c3ccccc3C2(C)C)C(C)(C)c2ccccc21,626.681
CC1(C)C(/C=C/C(Br)=C/C=C2/N(CCCCN)c3ccccc3C2(C)C)=[N+](CCCCS(=O)(=O)O)c2ccccc21,641.696
CC1(C)C(/C=C/C(Br)=C/C=C2/N(CCCCO)c3ccccc3C2(C)C)=[N+](CCCCS(=O)(=O)O)c2ccccc21,642.68
CC[N+](CC)(CC)CCCCN1/C(=C/C=C(Br)/C=C/C2=[N+](CCCCS(=O)(=O)O)c3ccccc3C2(C)C)C(C)(C)c2ccccc21,726.866
CC1(C)C(/C=C/C(Br)=C/C=C2/N(CCCCS(=O)(=O)O)c3ccccc3C2(C)C)=[N+](CCCCS(=O)(=O)O)c2ccccc21,706.745
CC1(C)C(/C=C/C(Br)=C/C=C2/N(Cc3ccccc3)c3ccccc3C2(C)C)=[N+](CCCCS(=O)(=O)O)c2ccccc21,660.698
CC1(C)C(/C=C/C(Br)=C/C=C2/N(Cc3ccsc3)c3ccccc3C2(C)C)=[N+](CCCCS(=O)(=O)O)c2ccccc21,666.727
CCN1/C(=C/C=C(Br)/C=C/C2=[N+](CCCCS(=O)(=O)O)c3ccc(Br)cc3C2(C)C)C(C)(C)c2ccccc21,677.523
CCCCN1/C(=C/C=C(Br)/C=C/C2=[N+](CCCCS(=O)(=O)O)c3ccc(Br)cc3C2(C)C)C(C)(C)c2ccccc21,705.577
CC1(C)C(/C=C/C(Br)=C/C=C2/N(CCCCN)c3ccccc3C2(C)C)=[N+](CCCCS(=O)(=O)O)c2ccc(Br)cc21,720.592
CC1(C)C(/C=C/C(Br)=C/C=C2/N(CCCCO)c3ccccc3C2(C)C)=[N+](CCCCS(=O)(=O)O)c2ccc(Br)cc21,721.576
CC[N+](CC)(CC)CCCCN1/C(=C/C=C(Br)/C=C/C2=[N+](CCCCS(=O)(=O)O)c3ccc(Br)cc3C2(C)C)C(C)(C)c2ccccc21,805.762
CC1(C)C(/C=C/C(Br)=C/C=C2/N(CCCCS(=O)(=O)O)c3ccccc3C2(C)C)=[N+](CCCCS(=O)(=O)O)c2ccc(Br)cc21,785.641
CC1(C)C(/C=C/C(Br)=C/C=C2/N(Cc3ccccc3)c3ccccc3C2(C)C)=[N+](CCCCS(=O)(=O)O)c2ccc(Br)cc21,739.594
CC1(C)C(/C=C/C(Br)=C/C=C2/N(Cc3ccsc3)c3ccccc3C2(C)C)=[N+](CCCCS(=O)(=O)O)c2ccc(Br)cc21,745.623
CCN1/C(=C/C=C(Br)/C=C/C2=[N+](CCCCS(=O)(=O)O)c3ccc(I)cc3C2(C)C)C(C)(C)c2ccccc21,724.523
CCCCN1/C(=C/C=C(Br)/C=C/C2=[N+](CCCCS(=O)(=O)O)c3ccc(I)cc3C2(C)C)C(C)(C)c2ccccc21,752.577
CC1(C)C(/C=C/C(Br)=C/C=C2/N(CCCCN)c3ccccc3C2(C)C)=[N+](CCCCS(=O)(=O)O)c2ccc(I)cc21,767.592
CC1(C)C(/C=C/C(Br)=C/C=C2/N(CCCCO)c3ccccc3C2(C)C)=[N+](CCCCS(=O)(=O)O)c2ccc(I)cc21,768.576
CC[N+](CC)(CC)CCCCN1/C(=C/C=C(Br)/C=C/C2=[N+](CCCCS(=O)(=O)O)c3ccc(I)cc3C2(C)C)C(C)(C)c2ccccc21,852.762
CC1(C)C(/C=C/C(Br)=C/C=C2/N(CCCCS(=O)(=O)O)c3ccccc3C2(C)C)=[N+](CCCCS(=O)(=O)O)c2ccc(I)cc21,832.641
CC1(C)C(/C=C/C(Br)=C/C=C2/N(Cc3ccccc3)c3ccccc3C2(C)C)=[N+](CCCCS(=O)(=O)O)c2ccc(I)cc21,786.594
CC1(C)C(/C=C/C(Br)=C/C=C2/N(Cc3ccsc3)c3ccccc3C2(C)C)=[N+](CCCCS(=O)(=O)O)c2ccc(I)cc21,792.623
CCN1/C(=C/C=C(Br)/C=C/C2=[N+](Cc3ccccc3)c3ccccc3C2(C)C)C(C)(C)c2ccccc21,552.58
CCCCN1/C(=C/C=C(Br)/C=C/C2=[N+](Cc3ccccc3)c3ccccc3C2(C)C)C(C)(C)c2ccccc21,580.634
CC1(C)C(/C=C/C(Br)=C/C=C2/N(CCCCN)c3ccccc3C2(C)C)=[N+](Cc2ccccc2)c2ccccc21,595.649
CC1(C)C(/C=C/C(Br)=C/C=C2/N(CCCCO)c3ccccc3C2(C)C)=[N+](Cc2ccccc2)c2ccccc21,596.633
CC[N+](CC)(CC)CCCCN1/C(=C/C=C(Br)/C=C/C2=[N+](Cc3ccccc3)c3ccccc3C2(C)C)C(C)(C)c2ccccc21,680.819
CC1(C)C(/C=C/C(Br)=C/C=C2/N(CCCCS(=O)(=O)O)c3ccccc3C2(C)C)=[N+](Cc2ccccc2)c2ccccc21,660.698
CC1(C)C(/C=C/C(Br)=C/C=C2/N(Cc3ccccc3)c3ccccc3C2(C)C)=[N+](Cc2ccccc2)c2ccccc21,614.651
CC1(C)C(/C=C/C(Br)=C/C=C2/N(Cc3ccsc3)c3ccccc3C2(C)C)=[N+](Cc2ccccc2)c2ccccc21,620.68
CCN1/C(=C/C=C(Br)/C=C/C2=[N+](Cc3ccccc3)c3ccc(Br)cc3C2(C)C)C(C)(C)c2ccccc21,631.476
CCCCN1/C(=C/C=C(Br)/C=C/C2=[N+](Cc3ccccc3)c3ccc(Br)cc3C2(C)C)C(C)(C)c2ccccc21,659.53
CC1(C)C(/C=C/C(Br)=C/C=C2/N(CCCCN)c3ccccc3C2(C)C)=[N+](Cc2ccccc2)c2ccc(Br)cc21,674.545
CC1(C)C(/C=C/C(Br)=C/C=C2/N(CCCCO)c3ccccc3C2(C)C)=[N+](Cc2ccccc2)c2ccc(Br)cc21,675.529
CC[N+](CC)(CC)CCCCN1/C(=C/C=C(Br)/C=C/C2=[N+](Cc3ccccc3)c3ccc(Br)cc3C2(C)C)C(C)(C)c2ccccc21,759.715
CC1(C)C(/C=C/C(Br)=C/C=C2/N(CCCCS(=O)(=O)O)c3ccccc3C2(C)C)=[N+](Cc2ccccc2)c2ccc(Br)cc21,739.594
CC1(C)C(/C=C/C(Br)=C/C=C2/N(Cc3ccccc3)c3ccccc3C2(C)C)=[N+](Cc2ccccc2)c2ccc(Br)cc21,693.547
CC1(C)C(/C=C/C(Br)=C/C=C2/N(Cc3ccsc3)c3ccccc3C2(C)C)=[N+](Cc2ccccc2)c2ccc(Br)cc21,699.576
CCN1/C(=C/C=C(Br)/C=C/C2=[N+](Cc3ccccc3)c3ccc(I)cc3C2(C)C)C(C)(C)c2ccccc21,678.476
CCCCN1/C(=C/C=C(Br)/C=C/C2=[N+](Cc3ccccc3)c3ccc(I)cc3C2(C)C)C(C)(C)c2ccccc21,706.53
CC1(C)C(/C=C/C(Br)=C/C=C2/N(CCCCN)c3ccccc3C2(C)C)=[N+](Cc2ccccc2)c2ccc(I)cc21,721.545
CC1(C)C(/C=C/C(Br)=C/C=C2/N(CCCCO)c3ccccc3C2(C)C)=[N+](Cc2ccccc2)c2ccc(I)cc21,722.529
CC[N+](CC)(CC)CCCCN1/C(=C/C=C(Br)/C=C/C2=[N+](Cc3ccccc3)c3ccc(I)cc3C2(C)C)C(C)(C)c2ccccc21,806.715
CC1(C)C(/C=C/C(Br)=C/C=C2/N(CCCCS(=O)(=O)O)c3ccccc3C2(C)C)=[N+](Cc2ccccc2)c2ccc(I)cc21,786.594
CC1(C)C(/C=C/C(Br)=C/C=C2/N(Cc3ccccc3)c3ccccc3C2(C)C)=[N+](Cc2ccccc2)c2ccc(I)cc21,740.547
CC1(C)C(/C=C/C(Br)=C/C=C2/N(Cc3ccsc3)c3ccccc3C2(C)C)=[N+](Cc2ccccc2)c2ccc(I)cc21,746.576
CCN1/C(=C/C=C(Br)/C=C/C2=[N+](Cc3ccsc3)c3ccccc3C2(C)C)C(C)(C)c2ccccc21,558.609
CCCCN1/C(=C/C=C(Br)/C=C/C2=[N+](Cc3ccsc3)c3ccccc3C2(C)C)C(C)(C)c2ccccc21,586.663
CC1(C)C(/C=C/C(Br)=C/C=C2/N(CCCCN)c3ccccc3C2(C)C)=[N+](Cc2ccsc2)c2ccccc21,601.678
CC1(C)C(/C=C/C(Br)=C/C=C2/N(CCCCO)c3ccccc3C2(C)C)=[N+](Cc2ccsc2)c2ccccc21,602.662
CC[N+](CC)(CC)CCCCN1/C(=C/C=C(Br)/C=C/C2=[N+](Cc3ccsc3)c3ccccc3C2(C)C)C(C)(C)c2ccccc21,686.848
CC1(C)C(/C=C/C(Br)=C/C=C2/N(CCCCS(=O)(=O)O)c3ccccc3C2(C)C)=[N+](Cc2ccsc2)c2ccccc21,666.727
CC1(C)C(/C=C/C(Br)=C/C=C2/N(Cc3ccccc3)c3ccccc3C2(C)C)=[N+](Cc2ccsc2)c2ccccc21,620.68
CC1(C)C(/C=C/C(Br)=C/C=C2/N(Cc3ccsc3)c3ccccc3C2(C)C)=[N+](Cc2ccsc2)c2ccccc21,626.709
CCN1/C(=C/C=C(Br)/C=C/C2=[N+](Cc3ccsc3)c3ccc(Br)cc3C2(C)C)C(C)(C)c2ccccc21,637.505
CCCCN1/C(=C/C=C(Br)/C=C/C2=[N+](Cc3ccsc3)c3ccc(Br)cc3C2(C)C)C(C)(C)c2ccccc21,665.559
CC1(C)C(/C=C/C(Br)=C/C=C2/N(CCCCN)c3ccccc3C2(C)C)=[N+](Cc2ccsc2)c2ccc(Br)cc21,680.574
CC1(C)C(/C=C/C(Br)=C/C=C2/N(CCCCO)c3ccccc3C2(C)C)=[N+](Cc2ccsc2)c2ccc(Br)cc21,681.558
CC[N+](CC)(CC)CCCCN1/C(=C/C=C(Br)/C=C/C2=[N+](Cc3ccsc3)c3ccc(Br)cc3C2(C)C)C(C)(C)c2ccccc21,765.744
CC1(C)C(/C=C/C(Br)=C/C=C2/N(CCCCS(=O)(=O)O)c3ccccc3C2(C)C)=[N+](Cc2ccsc2)c2ccc(Br)cc21,745.623
CC1(C)C(/C=C/C(Br)=C/C=C2/N(Cc3ccccc3)c3ccccc3C2(C)C)=[N+](Cc2ccsc2)c2ccc(Br)cc21,699.576
CC1(C)C(/C=C/C(Br)=C/C=C2/N(Cc3ccsc3)c3ccccc3C2(C)C)=[N+](Cc2ccsc2)c2ccc(Br)cc21,705.605
CCN1/C(=C/C=C(Br)/C=C/C2=[N+](Cc3ccsc3)c3ccc(I)cc3C2(C)C)C(C)(C)c2ccccc21,684.505
CCCCN1/C(=C/C=C(Br)/C=C/C2=[N+](Cc3ccsc3)c3ccc(I)cc3C2(C)C)C(C)(C)c2ccccc21,712.559
CC1(C)C(/C=C/C(Br)=C/C=C2/N(CCCCN)c3ccccc3C2(C)C)=[N+](Cc2ccsc2)c2ccc(I)cc21,727.574
CC1(C)C(/C=C/C(Br)=C/C=C2/N(CCCCO)c3ccccc3C2(C)C)=[N+](Cc2ccsc2)c2ccc(I)cc21,728.558
CC[N+](CC)(CC)CCCCN1/C(=C/C=C(Br)/C=C/C2=[N+](Cc3ccsc3)c3ccc(I)cc3C2(C)C)C(C)(C)c2ccccc21,812.744
CC1(C)C(/C=C/C(Br)=C/C=C2/N(CCCCS(=O)(=O)O)c3ccccc3C2(C)C)=[N+](Cc2ccsc2)c2ccc(I)cc21,792.623
CC1(C)C(/C=C/C(Br)=C/C=C2/N(Cc3ccccc3)c3ccccc3C2(C)C)=[N+](Cc2ccsc2)c2ccc(I)cc21,746.576
CC1(C)C(/C=C/C(Br)=C/C=C2/N(Cc3ccsc3)c3ccccc3C2(C)C)=[N+](Cc2ccsc2)c2ccc(I)cc21,752.605
CCN1/C(=C/C=C(I)/C=C/C2=[N+](CC)c3ccccc3C2(C)C)C(C)(C)c2ccccc21,537.509
CCCCN1/C(=C/C=C(I)/C=C/C2=[N+](CC)c3ccccc3C2(C)C)C(C)(C)c2ccccc21,565.563
CC[N+]1=C(/C=C/C(I)=C/C=C2/N(CCCCN)c3ccccc3C2(C)C)C(C)(C)c2ccccc21,580.578
CC[N+]1=C(/C=C/C(I)=C/C=C2/N(CCCCO)c3ccccc3C2(C)C)C(C)(C)c2ccccc21,581.562
CC[N+]1=C(/C=C/C(I)=C/C=C2/N(CCCC[N+](CC)(CC)CC)c3ccccc3C2(C)C)C(C)(C)c2ccccc21,665.748
CC[N+]1=C(/C=C/C(I)=C/C=C2/N(CCCCS(=O)(=O)O)c3ccccc3C2(C)C)C(C)(C)c2ccccc21,645.627
CC[N+]1=C(/C=C/C(I)=C/C=C2/N(Cc3ccccc3)c3ccccc3C2(C)C)C(C)(C)c2ccccc21,599.58
CC[N+]1=C(/C=C/C(I)=C/C=C2/N(Cc3ccsc3)c3ccccc3C2(C)C)C(C)(C)c2ccccc21,605.609
CCN1/C(=C/C=C(I)/C=C/C2=[N+](CC)c3ccc(Br)cc3C2(C)C)C(C)(C)c2ccccc21,616.405
CCCCN1/C(=C/C=C(I)/C=C/C2=[N+](CC)c3ccc(Br)cc3C2(C)C)C(C)(C)c2ccccc21,644.459
CC[N+]1=C(/C=C/C(I)=C/C=C2/N(CCCCN)c3ccccc3C2(C)C)C(C)(C)c2cc(Br)ccc21,659.474
CC[N+]1=C(/C=C/C(I)=C/C=C2/N(CCCCO)c3ccccc3C2(C)C)C(C)(C)c2cc(Br)ccc21,660.458
CC[N+]1=C(/C=C/C(I)=C/C=C2/N(CCCC[N+](CC)(CC)CC)c3ccccc3C2(C)C)C(C)(C)c2cc(Br)ccc21,744.644
CC[N+]1=C(/C=C/C(I)=C/C=C2/N(CCCCS(=O)(=O)O)c3ccccc3C2(C)C)C(C)(C)c2cc(Br)ccc21,724.523
CC[N+]1=C(/C=C/C(I)=C/C=C2/N(Cc3ccccc3)c3ccccc3C2(C)C)C(C)(C)c2cc(Br)ccc21,678.476
CC[N+]1=C(/C=C/C(I)=C/C=C2/N(Cc3ccsc3)c3ccccc3C2(C)C)C(C)(C)c2cc(Br)ccc21,684.505
CCN1/C(=C/C=C(I)/C=C/C2=[N+](CC)c3ccc(I)cc3C2(C)C)C(C)(C)c2ccccc21,663.405
CCCCN1/C(=C/C=C(I)/C=C/C2=[N+](CC)c3ccc(I)cc3C2(C)C)C(C)(C)c2ccccc21,691.459
CC[N+]1=C(/C=C/C(I)=C/C=C2/N(CCCCN)c3ccccc3C2(C)C)C(C)(C)c2cc(I)ccc21,706.474
CC[N+]1=C(/C=C/C(I)=C/C=C2/N(CCCCO)c3ccccc3C2(C)C)C(C)(C)c2cc(I)ccc21,707.458
CC[N+]1=C(/C=C/C(I)=C/C=C2/N(CCCC[N+](CC)(CC)CC)c3ccccc3C2(C)C)C(C)(C)c2cc(I)ccc21,791.644
CC[N+]1=C(/C=C/C(I)=C/C=C2/N(CCCCS(=O)(=O)O)c3ccccc3C2(C)C)C(C)(C)c2cc(I)ccc21,771.523
CC[N+]1=C(/C=C/C(I)=C/C=C2/N(Cc3ccccc3)c3ccccc3C2(C)C)C(C)(C)c2cc(I)ccc21,725.476
CC[N+]1=C(/C=C/C(I)=C/C=C2/N(Cc3ccsc3)c3ccccc3C2(C)C)C(C)(C)c2cc(I)ccc21,731.505
CCCC[N+]1=C(/C=C/C(I)=C/C=C2/N(CC)c3ccccc3C2(C)C)C(C)(C)c2ccccc21,565.563
CCCCN1/C(=C/C=C(I)/C=C/C2=[N+](CCCC)c3ccccc3C2(C)C)C(C)(C)c2ccccc21,593.617
CCCC[N+]1=C(/C=C/C(I)=C/C=C2/N(CCCCN)c3ccccc3C2(C)C)C(C)(C)c2ccccc21,608.632
CCCC[N+]1=C(/C=C/C(I)=C/C=C2/N(CCCCO)c3ccccc3C2(C)C)C(C)(C)c2ccccc21,609.616
CCCC[N+]1=C(/C=C/C(I)=C/C=C2/N(CCCC[N+](CC)(CC)CC)c3ccccc3C2(C)C)C(C)(C)c2ccccc21,693.802
CCCC[N+]1=C(/C=C/C(I)=C/C=C2/N(CCCCS(=O)(=O)O)c3ccccc3C2(C)C)C(C)(C)c2ccccc21,673.681
CCCC[N+]1=C(/C=C/C(I)=C/C=C2/N(Cc3ccccc3)c3ccccc3C2(C)C)C(C)(C)c2ccccc21,627.634
CCCC[N+]1=C(/C=C/C(I)=C/C=C2/N(Cc3ccsc3)c3ccccc3C2(C)C)C(C)(C)c2ccccc21,633.663
CCCC[N+]1=C(/C=C/C(I)=C/C=C2/N(CC)c3ccccc3C2(C)C)C(C)(C)c2cc(Br)ccc21,644.459
CCCCN1/C(=C/C=C(I)/C=C/C2=[N+](CCCC)c3ccc(Br)cc3C2(C)C)C(C)(C)c2ccccc21,672.513
CCCC[N+]1=C(/C=C/C(I)=C/C=C2/N(CCCCN)c3ccccc3C2(C)C)C(C)(C)c2cc(Br)ccc21,687.528
CCCC[N+]1=C(/C=C/C(I)=C/C=C2/N(CCCCO)c3ccccc3C2(C)C)C(C)(C)c2cc(Br)ccc21,688.512
CCCC[N+]1=C(/C=C/C(I)=C/C=C2/N(CCCC[N+](CC)(CC)CC)c3ccccc3C2(C)C)C(C)(C)c2cc(Br)ccc21,772.698
CCCC[N+]1=C(/C=C/C(I)=C/C=C2/N(CCCCS(=O)(=O)O)c3ccccc3C2(C)C)C(C)(C)c2cc(Br)ccc21,752.577
CCCC[N+]1=C(/C=C/C(I)=C/C=C2/N(Cc3ccccc3)c3ccccc3C2(C)C)C(C)(C)c2cc(Br)ccc21,706.53
CCCC[N+]1=C(/C=C/C(I)=C/C=C2/N(Cc3ccsc3)c3ccccc3C2(C)C)C(C)(C)c2cc(Br)ccc21,712.559
CCCC[N+]1=C(/C=C/C(I)=C/C=C2/N(CC)c3ccccc3C2(C)C)C(C)(C)c2cc(I)ccc21,691.459
CCCCN1/C(=C/C=C(I)/C=C/C2=[N+](CCCC)c3ccc(I)cc3C2(C)C)C(C)(C)c2ccccc21,719.513
CCCC[N+]1=C(/C=C/C(I)=C/C=C2/N(CCCCN)c3ccccc3C2(C)C)C(C)(C)c2cc(I)ccc21,734.528
CCCC[N+]1=C(/C=C/C(I)=C/C=C2/N(CCCCO)c3ccccc3C2(C)C)C(C)(C)c2cc(I)ccc21,735.512
CCCC[N+]1=C(/C=C/C(I)=C/C=C2/N(CCCC[N+](CC)(CC)CC)c3ccccc3C2(C)C)C(C)(C)c2cc(I)ccc21,819.697999999999
CCCC[N+]1=C(/C=C/C(I)=C/C=C2/N(CCCCS(=O)(=O)O)c3ccccc3C2(C)C)C(C)(C)c2cc(I)ccc21,799.577
CCCC[N+]1=C(/C=C/C(I)=C/C=C2/N(Cc3ccccc3)c3ccccc3C2(C)C)C(C)(C)c2cc(I)ccc21,753.53
CCCC[N+]1=C(/C=C/C(I)=C/C=C2/N(Cc3ccsc3)c3ccccc3C2(C)C)C(C)(C)c2cc(I)ccc21,759.559
CCN1/C(=C/C=C(I)/C=C/C2=[N+](CCCCN)c3ccccc3C2(C)C)C(C)(C)c2ccccc21,580.578
CCCCN1/C(=C/C=C(I)/C=C/C2=[N+](CCCCN)c3ccccc3C2(C)C)C(C)(C)c2ccccc21,608.632
CC1(C)C(/C=C/C(I)=C/C=C2/N(CCCCN)c3ccccc3C2(C)C)=[N+](CCCCN)c2ccccc21,623.647
CC1(C)C(/C=C/C(I)=C/C=C2/N(CCCCO)c3ccccc3C2(C)C)=[N+](CCCCN)c2ccccc21,624.631
CC[N+](CC)(CC)CCCCN1/C(=C/C=C(I)/C=C/C2=[N+](CCCCN)c3ccccc3C2(C)C)C(C)(C)c2ccccc21,708.816999999999
CC1(C)C(/C=C/C(I)=C/C=C2/N(CCCCS(=O)(=O)O)c3ccccc3C2(C)C)=[N+](CCCCN)c2ccccc21,688.696
CC1(C)C(/C=C/C(I)=C/C=C2/N(Cc3ccccc3)c3ccccc3C2(C)C)=[N+](CCCCN)c2ccccc21,642.649
CC1(C)C(/C=C/C(I)=C/C=C2/N(Cc3ccsc3)c3ccccc3C2(C)C)=[N+](CCCCN)c2ccccc21,648.678
CCN1/C(=C/C=C(I)/C=C/C2=[N+](CCCCN)c3ccc(Br)cc3C2(C)C)C(C)(C)c2ccccc21,659.474
CCCCN1/C(=C/C=C(I)/C=C/C2=[N+](CCCCN)c3ccc(Br)cc3C2(C)C)C(C)(C)c2ccccc21,687.528
CC1(C)C(/C=C/C(I)=C/C=C2/N(CCCCN)c3ccccc3C2(C)C)=[N+](CCCCN)c2ccc(Br)cc21,702.543
CC1(C)C(/C=C/C(I)=C/C=C2/N(CCCCO)c3ccccc3C2(C)C)=[N+](CCCCN)c2ccc(Br)cc21,703.527
CC[N+](CC)(CC)CCCCN1/C(=C/C=C(I)/C=C/C2=[N+](CCCCN)c3ccc(Br)cc3C2(C)C)C(C)(C)c2ccccc21,787.712999999999
CC1(C)C(/C=C/C(I)=C/C=C2/N(CCCCS(=O)(=O)O)c3ccccc3C2(C)C)=[N+](CCCCN)c2ccc(Br)cc21,767.592
CC1(C)C(/C=C/C(I)=C/C=C2/N(Cc3ccccc3)c3ccccc3C2(C)C)=[N+](CCCCN)c2ccc(Br)cc21,721.545
CC1(C)C(/C=C/C(I)=C/C=C2/N(Cc3ccsc3)c3ccccc3C2(C)C)=[N+](CCCCN)c2ccc(Br)cc21,727.574
CCN1/C(=C/C=C(I)/C=C/C2=[N+](CCCCN)c3ccc(I)cc3C2(C)C)C(C)(C)c2ccccc21,706.474
CCCCN1/C(=C/C=C(I)/C=C/C2=[N+](CCCCN)c3ccc(I)cc3C2(C)C)C(C)(C)c2ccccc21,734.528
CC1(C)C(/C=C/C(I)=C/C=C2/N(CCCCN)c3ccccc3C2(C)C)=[N+](CCCCN)c2ccc(I)cc21,749.543
CC1(C)C(/C=C/C(I)=C/C=C2/N(CCCCO)c3ccccc3C2(C)C)=[N+](CCCCN)c2ccc(I)cc21,750.527
CC[N+](CC)(CC)CCCCN1/C(=C/C=C(I)/C=C/C2=[N+](CCCCN)c3ccc(I)cc3C2(C)C)C(C)(C)c2ccccc21,834.712999999999
CC1(C)C(/C=C/C(I)=C/C=C2/N(CCCCS(=O)(=O)O)c3ccccc3C2(C)C)=[N+](CCCCN)c2ccc(I)cc21,814.592
CC1(C)C(/C=C/C(I)=C/C=C2/N(Cc3ccccc3)c3ccccc3C2(C)C)=[N+](CCCCN)c2ccc(I)cc21,768.545
CC1(C)C(/C=C/C(I)=C/C=C2/N(Cc3ccsc3)c3ccccc3C2(C)C)=[N+](CCCCN)c2ccc(I)cc21,774.574
CCN1/C(=C/C=C(I)/C=C/C2=[N+](CCCCO)c3ccccc3C2(C)C)C(C)(C)c2ccccc21,581.562
CCCCN1/C(=C/C=C(I)/C=C/C2=[N+](CCCCO)c3ccccc3C2(C)C)C(C)(C)c2ccccc21,609.616
CC1(C)C(/C=C/C(I)=C/C=C2/N(CCCCN)c3ccccc3C2(C)C)=[N+](CCCCO)c2ccccc21,624.631
CC1(C)C(/C=C/C(I)=C/C=C2/N(CCCCO)c3ccccc3C2(C)C)=[N+](CCCCO)c2ccccc21,625.615
CC[N+](CC)(CC)CCCCN1/C(=C/C=C(I)/C=C/C2=[N+](CCCCO)c3ccccc3C2(C)C)C(C)(C)c2ccccc21,709.801
CC1(C)C(/C=C/C(I)=C/C=C2/N(CCCCS(=O)(=O)O)c3ccccc3C2(C)C)=[N+](CCCCO)c2ccccc21,689.68
CC1(C)C(/C=C/C(I)=C/C=C2/N(Cc3ccccc3)c3ccccc3C2(C)C)=[N+](CCCCO)c2ccccc21,643.633
CC1(C)C(/C=C/C(I)=C/C=C2/N(Cc3ccsc3)c3ccccc3C2(C)C)=[N+](CCCCO)c2ccccc21,649.662
CCN1/C(=C/C=C(I)/C=C/C2=[N+](CCCCO)c3ccc(Br)cc3C2(C)C)C(C)(C)c2ccccc21,660.458
CCCCN1/C(=C/C=C(I)/C=C/C2=[N+](CCCCO)c3ccc(Br)cc3C2(C)C)C(C)(C)c2ccccc21,688.512
CC1(C)C(/C=C/C(I)=C/C=C2/N(CCCCN)c3ccccc3C2(C)C)=[N+](CCCCO)c2ccc(Br)cc21,703.527
CC1(C)C(/C=C/C(I)=C/C=C2/N(CCCCO)c3ccccc3C2(C)C)=[N+](CCCCO)c2ccc(Br)cc21,704.511
CC[N+](CC)(CC)CCCCN1/C(=C/C=C(I)/C=C/C2=[N+](CCCCO)c3ccc(Br)cc3C2(C)C)C(C)(C)c2ccccc21,788.697
CC1(C)C(/C=C/C(I)=C/C=C2/N(CCCCS(=O)(=O)O)c3ccccc3C2(C)C)=[N+](CCCCO)c2ccc(Br)cc21,768.576
CC1(C)C(/C=C/C(I)=C/C=C2/N(Cc3ccccc3)c3ccccc3C2(C)C)=[N+](CCCCO)c2ccc(Br)cc21,722.529
CC1(C)C(/C=C/C(I)=C/C=C2/N(Cc3ccsc3)c3ccccc3C2(C)C)=[N+](CCCCO)c2ccc(Br)cc21,728.558
CCN1/C(=C/C=C(I)/C=C/C2=[N+](CCCCO)c3ccc(I)cc3C2(C)C)C(C)(C)c2ccccc21,707.458
CCCCN1/C(=C/C=C(I)/C=C/C2=[N+](CCCCO)c3ccc(I)cc3C2(C)C)C(C)(C)c2ccccc21,735.512
CC1(C)C(/C=C/C(I)=C/C=C2/N(CCCCN)c3ccccc3C2(C)C)=[N+](CCCCO)c2ccc(I)cc21,750.527
CC1(C)C(/C=C/C(I)=C/C=C2/N(CCCCO)c3ccccc3C2(C)C)=[N+](CCCCO)c2ccc(I)cc21,751.511
CC[N+](CC)(CC)CCCCN1/C(=C/C=C(I)/C=C/C2=[N+](CCCCO)c3ccc(I)cc3C2(C)C)C(C)(C)c2ccccc21,835.697
CC1(C)C(/C=C/C(I)=C/C=C2/N(CCCCS(=O)(=O)O)c3ccccc3C2(C)C)=[N+](CCCCO)c2ccc(I)cc21,815.576
CC1(C)C(/C=C/C(I)=C/C=C2/N(Cc3ccccc3)c3ccccc3C2(C)C)=[N+](CCCCO)c2ccc(I)cc21,769.529
CC1(C)C(/C=C/C(I)=C/C=C2/N(Cc3ccsc3)c3ccccc3C2(C)C)=[N+](CCCCO)c2ccc(I)cc21,775.558
CCN1/C(=C/C=C(I)/C=C/C2=[N+](CCCC[N+](CC)(CC)CC)c3ccccc3C2(C)C)C(C)(C)c2ccccc21,665.748
CCCCN1/C(=C/C=C(I)/C=C/C2=[N+](CCCC[N+](CC)(CC)CC)c3ccccc3C2(C)C)C(C)(C)c2ccccc21,693.802
CC[N+](CC)(CC)CCCC[N+]1=C(/C=C/C(I)=C/C=C2/N(CCCCN)c3ccccc3C2(C)C)C(C)(C)c2ccccc21,708.816999999999
CC[N+](CC)(CC)CCCC[N+]1=C(/C=C/C(I)=C/C=C2/N(CCCCO)c3ccccc3C2(C)C)C(C)(C)c2ccccc21,709.801
CC[N+](CC)(CC)CCCCN1/C(=C/C=C(I)/C=C/C2=[N+](CCCC[N+](CC)(CC)CC)c3ccccc3C2(C)C)C(C)(C)c2ccccc21,793.986999999999
CC[N+](CC)(CC)CCCC[N+]1=C(/C=C/C(I)=C/C=C2/N(CCCCS(=O)(=O)O)c3ccccc3C2(C)C)C(C)(C)c2ccccc21,773.866
CC[N+](CC)(CC)CCCC[N+]1=C(/C=C/C(I)=C/C=C2/N(Cc3ccccc3)c3ccccc3C2(C)C)C(C)(C)c2ccccc21,727.819
CC[N+](CC)(CC)CCCC[N+]1=C(/C=C/C(I)=C/C=C2/N(Cc3ccsc3)c3ccccc3C2(C)C)C(C)(C)c2ccccc21,733.848
CCN1/C(=C/C=C(I)/C=C/C2=[N+](CCCC[N+](CC)(CC)CC)c3ccc(Br)cc3C2(C)C)C(C)(C)c2ccccc21,744.644
CCCCN1/C(=C/C=C(I)/C=C/C2=[N+](CCCC[N+](CC)(CC)CC)c3ccc(Br)cc3C2(C)C)C(C)(C)c2ccccc21,772.698
CC[N+](CC)(CC)CCCC[N+]1=C(/C=C/C(I)=C/C=C2/N(CCCCN)c3ccccc3C2(C)C)C(C)(C)c2cc(Br)ccc21,787.712999999999
CC[N+](CC)(CC)CCCC[N+]1=C(/C=C/C(I)=C/C=C2/N(CCCCO)c3ccccc3C2(C)C)C(C)(C)c2cc(Br)ccc21,788.697
CC[N+](CC)(CC)CCCCN1/C(=C/C=C(I)/C=C/C2=[N+](CCCC[N+](CC)(CC)CC)c3ccc(Br)cc3C2(C)C)C(C)(C)c2ccccc21,872.882999999999
CC[N+](CC)(CC)CCCC[N+]1=C(/C=C/C(I)=C/C=C2/N(CCCCS(=O)(=O)O)c3ccccc3C2(C)C)C(C)(C)c2cc(Br)ccc21,852.762
CC[N+](CC)(CC)CCCC[N+]1=C(/C=C/C(I)=C/C=C2/N(Cc3ccccc3)c3ccccc3C2(C)C)C(C)(C)c2cc(Br)ccc21,806.715
CC[N+](CC)(CC)CCCC[N+]1=C(/C=C/C(I)=C/C=C2/N(Cc3ccsc3)c3ccccc3C2(C)C)C(C)(C)c2cc(Br)ccc21,812.744
CCN1/C(=C/C=C(I)/C=C/C2=[N+](CCCC[N+](CC)(CC)CC)c3ccc(I)cc3C2(C)C)C(C)(C)c2ccccc21,791.644
CCCCN1/C(=C/C=C(I)/C=C/C2=[N+](CCCC[N+](CC)(CC)CC)c3ccc(I)cc3C2(C)C)C(C)(C)c2ccccc21,819.697999999999
CC[N+](CC)(CC)CCCC[N+]1=C(/C=C/C(I)=C/C=C2/N(CCCCN)c3ccccc3C2(C)C)C(C)(C)c2cc(I)ccc21,834.712999999999
CC[N+](CC)(CC)CCCC[N+]1=C(/C=C/C(I)=C/C=C2/N(CCCCO)c3ccccc3C2(C)C)C(C)(C)c2cc(I)ccc21,835.697
CC[N+](CC)(CC)CCCCN1/C(=C/C=C(I)/C=C/C2=[N+](CCCC[N+](CC)(CC)CC)c3ccc(I)cc3C2(C)C)C(C)(C)c2ccccc21,919.882999999999
CC[N+](CC)(CC)CCCC[N+]1=C(/C=C/C(I)=C/C=C2/N(CCCCS(=O)(=O)O)c3ccccc3C2(C)C)C(C)(C)c2cc(I)ccc21,899.762
CC[N+](CC)(CC)CCCC[N+]1=C(/C=C/C(I)=C/C=C2/N(Cc3ccccc3)c3ccccc3C2(C)C)C(C)(C)c2cc(I)ccc21,853.715
CC[N+](CC)(CC)CCCC[N+]1=C(/C=C/C(I)=C/C=C2/N(Cc3ccsc3)c3ccccc3C2(C)C)C(C)(C)c2cc(I)ccc21,859.744
CCN1/C(=C/C=C(I)/C=C/C2=[N+](CCCCS(=O)(=O)O)c3ccccc3C2(C)C)C(C)(C)c2ccccc21,645.627
CCCCN1/C(=C/C=C(I)/C=C/C2=[N+](CCCCS(=O)(=O)O)c3ccccc3C2(C)C)C(C)(C)c2ccccc21,673.681
CC1(C)C(/C=C/C(I)=C/C=C2/N(CCCCN)c3ccccc3C2(C)C)=[N+](CCCCS(=O)(=O)O)c2ccccc21,688.696
CC1(C)C(/C=C/C(I)=C/C=C2/N(CCCCO)c3ccccc3C2(C)C)=[N+](CCCCS(=O)(=O)O)c2ccccc21,689.68
CC[N+](CC)(CC)CCCCN1/C(=C/C=C(I)/C=C/C2=[N+](CCCCS(=O)(=O)O)c3ccccc3C2(C)C)C(C)(C)c2ccccc21,773.866
CC1(C)C(/C=C/C(I)=C/C=C2/N(CCCCS(=O)(=O)O)c3ccccc3C2(C)C)=[N+](CCCCS(=O)(=O)O)c2ccccc21,753.745
CC1(C)C(/C=C/C(I)=C/C=C2/N(Cc3ccccc3)c3ccccc3C2(C)C)=[N+](CCCCS(=O)(=O)O)c2ccccc21,707.698
CC1(C)C(/C=C/C(I)=C/C=C2/N(Cc3ccsc3)c3ccccc3C2(C)C)=[N+](CCCCS(=O)(=O)O)c2ccccc21,713.727
CCN1/C(=C/C=C(I)/C=C/C2=[N+](CCCCS(=O)(=O)O)c3ccc(Br)cc3C2(C)C)C(C)(C)c2ccccc21,724.523
CCCCN1/C(=C/C=C(I)/C=C/C2=[N+](CCCCS(=O)(=O)O)c3ccc(Br)cc3C2(C)C)C(C)(C)c2ccccc21,752.577
CC1(C)C(/C=C/C(I)=C/C=C2/N(CCCCN)c3ccccc3C2(C)C)=[N+](CCCCS(=O)(=O)O)c2ccc(Br)cc21,767.592
CC1(C)C(/C=C/C(I)=C/C=C2/N(CCCCO)c3ccccc3C2(C)C)=[N+](CCCCS(=O)(=O)O)c2ccc(Br)cc21,768.576
CC[N+](CC)(CC)CCCCN1/C(=C/C=C(I)/C=C/C2=[N+](CCCCS(=O)(=O)O)c3ccc(Br)cc3C2(C)C)C(C)(C)c2ccccc21,852.762
CC1(C)C(/C=C/C(I)=C/C=C2/N(CCCCS(=O)(=O)O)c3ccccc3C2(C)C)=[N+](CCCCS(=O)(=O)O)c2ccc(Br)cc21,832.641
CC1(C)C(/C=C/C(I)=C/C=C2/N(Cc3ccccc3)c3ccccc3C2(C)C)=[N+](CCCCS(=O)(=O)O)c2ccc(Br)cc21,786.594
CC1(C)C(/C=C/C(I)=C/C=C2/N(Cc3ccsc3)c3ccccc3C2(C)C)=[N+](CCCCS(=O)(=O)O)c2ccc(Br)cc21,792.623
CCN1/C(=C/C=C(I)/C=C/C2=[N+](CCCCS(=O)(=O)O)c3ccc(I)cc3C2(C)C)C(C)(C)c2ccccc21,771.523
CCCCN1/C(=C/C=C(I)/C=C/C2=[N+](CCCCS(=O)(=O)O)c3ccc(I)cc3C2(C)C)C(C)(C)c2ccccc21,799.577
CC1(C)C(/C=C/C(I)=C/C=C2/N(CCCCN)c3ccccc3C2(C)C)=[N+](CCCCS(=O)(=O)O)c2ccc(I)cc21,814.592
CC1(C)C(/C=C/C(I)=C/C=C2/N(CCCCO)c3ccccc3C2(C)C)=[N+](CCCCS(=O)(=O)O)c2ccc(I)cc21,815.576
CC[N+](CC)(CC)CCCCN1/C(=C/C=C(I)/C=C/C2=[N+](CCCCS(=O)(=O)O)c3ccc(I)cc3C2(C)C)C(C)(C)c2ccccc21,899.762
CC1(C)C(/C=C/C(I)=C/C=C2/N(CCCCS(=O)(=O)O)c3ccccc3C2(C)C)=[N+](CCCCS(=O)(=O)O)c2ccc(I)cc21,879.641
CC1(C)C(/C=C/C(I)=C/C=C2/N(Cc3ccccc3)c3ccccc3C2(C)C)=[N+](CCCCS(=O)(=O)O)c2ccc(I)cc21,833.594
CC1(C)C(/C=C/C(I)=C/C=C2/N(Cc3ccsc3)c3ccccc3C2(C)C)=[N+](CCCCS(=O)(=O)O)c2ccc(I)cc21,839.623
CCN1/C(=C/C=C(I)/C=C/C2=[N+](Cc3ccccc3)c3ccccc3C2(C)C)C(C)(C)c2ccccc21,599.58
CCCCN1/C(=C/C=C(I)/C=C/C2=[N+](Cc3ccccc3)c3ccccc3C2(C)C)C(C)(C)c2ccccc21,627.634
CC1(C)C(/C=C/C(I)=C/C=C2/N(CCCCN)c3ccccc3C2(C)C)=[N+](Cc2ccccc2)c2ccccc21,642.649
CC1(C)C(/C=C/C(I)=C/C=C2/N(CCCCO)c3ccccc3C2(C)C)=[N+](Cc2ccccc2)c2ccccc21,643.633
CC[N+](CC)(CC)CCCCN1/C(=C/C=C(I)/C=C/C2=[N+](Cc3ccccc3)c3ccccc3C2(C)C)C(C)(C)c2ccccc21,727.819
CC1(C)C(/C=C/C(I)=C/C=C2/N(CCCCS(=O)(=O)O)c3ccccc3C2(C)C)=[N+](Cc2ccccc2)c2ccccc21,707.698
CC1(C)C(/C=C/C(I)=C/C=C2/N(Cc3ccccc3)c3ccccc3C2(C)C)=[N+](Cc2ccccc2)c2ccccc21,661.651
CC1(C)C(/C=C/C(I)=C/C=C2/N(Cc3ccsc3)c3ccccc3C2(C)C)=[N+](Cc2ccccc2)c2ccccc21,667.68
CCN1/C(=C/C=C(I)/C=C/C2=[N+](Cc3ccccc3)c3ccc(Br)cc3C2(C)C)C(C)(C)c2ccccc21,678.476
CCCCN1/C(=C/C=C(I)/C=C/C2=[N+](Cc3ccccc3)c3ccc(Br)cc3C2(C)C)C(C)(C)c2ccccc21,706.53
CC1(C)C(/C=C/C(I)=C/C=C2/N(CCCCN)c3ccccc3C2(C)C)=[N+](Cc2ccccc2)c2ccc(Br)cc21,721.545
CC1(C)C(/C=C/C(I)=C/C=C2/N(CCCCO)c3ccccc3C2(C)C)=[N+](Cc2ccccc2)c2ccc(Br)cc21,722.529
CC[N+](CC)(CC)CCCCN1/C(=C/C=C(I)/C=C/C2=[N+](Cc3ccccc3)c3ccc(Br)cc3C2(C)C)C(C)(C)c2ccccc21,806.715
CC1(C)C(/C=C/C(I)=C/C=C2/N(CCCCS(=O)(=O)O)c3ccccc3C2(C)C)=[N+](Cc2ccccc2)c2ccc(Br)cc21,786.594
CC1(C)C(/C=C/C(I)=C/C=C2/N(Cc3ccccc3)c3ccccc3C2(C)C)=[N+](Cc2ccccc2)c2ccc(Br)cc21,740.547
CC1(C)C(/C=C/C(I)=C/C=C2/N(Cc3ccsc3)c3ccccc3C2(C)C)=[N+](Cc2ccccc2)c2ccc(Br)cc21,746.576
CCN1/C(=C/C=C(I)/C=C/C2=[N+](Cc3ccccc3)c3ccc(I)cc3C2(C)C)C(C)(C)c2ccccc21,725.476
CCCCN1/C(=C/C=C(I)/C=C/C2=[N+](Cc3ccccc3)c3ccc(I)cc3C2(C)C)C(C)(C)c2ccccc21,753.53
CC1(C)C(/C=C/C(I)=C/C=C2/N(CCCCN)c3ccccc3C2(C)C)=[N+](Cc2ccccc2)c2ccc(I)cc21,768.545
CC1(C)C(/C=C/C(I)=C/C=C2/N(CCCCO)c3ccccc3C2(C)C)=[N+](Cc2ccccc2)c2ccc(I)cc21,769.529
CC[N+](CC)(CC)CCCCN1/C(=C/C=C(I)/C=C/C2=[N+](Cc3ccccc3)c3ccc(I)cc3C2(C)C)C(C)(C)c2ccccc21,853.715
CC1(C)C(/C=C/C(I)=C/C=C2/N(CCCCS(=O)(=O)O)c3ccccc3C2(C)C)=[N+](Cc2ccccc2)c2ccc(I)cc21,833.594
CC1(C)C(/C=C/C(I)=C/C=C2/N(Cc3ccccc3)c3ccccc3C2(C)C)=[N+](Cc2ccccc2)c2ccc(I)cc21,787.547
CC1(C)C(/C=C/C(I)=C/C=C2/N(Cc3ccsc3)c3ccccc3C2(C)C)=[N+](Cc2ccccc2)c2ccc(I)cc21,793.576
CCN1/C(=C/C=C(I)/C=C/C2=[N+](Cc3ccsc3)c3ccccc3C2(C)C)C(C)(C)c2ccccc21,605.609
CCCCN1/C(=C/C=C(I)/C=C/C2=[N+](Cc3ccsc3)c3ccccc3C2(C)C)C(C)(C)c2ccccc21,633.663
CC1(C)C(/C=C/C(I)=C/C=C2/N(CCCCN)c3ccccc3C2(C)C)=[N+](Cc2ccsc2)c2ccccc21,648.678
CC1(C)C(/C=C/C(I)=C/C=C2/N(CCCCO)c3ccccc3C2(C)C)=[N+](Cc2ccsc2)c2ccccc21,649.662
CC[N+](CC)(CC)CCCCN1/C(=C/C=C(I)/C=C/C2=[N+](Cc3ccsc3)c3ccccc3C2(C)C)C(C)(C)c2ccccc21,733.848
CC1(C)C(/C=C/C(I)=C/C=C2/N(CCCCS(=O)(=O)O)c3ccccc3C2(C)C)=[N+](Cc2ccsc2)c2ccccc21,713.727
CC1(C)C(/C=C/C(I)=C/C=C2/N(Cc3ccccc3)c3ccccc3C2(C)C)=[N+](Cc2ccsc2)c2ccccc21,667.68
CC1(C)C(/C=C/C(I)=C/C=C2/N(Cc3ccsc3)c3ccccc3C2(C)C)=[N+](Cc2ccsc2)c2ccccc21,673.709
CCN1/C(=C/C=C(I)/C=C/C2=[N+](Cc3ccsc3)c3ccc(Br)cc3C2(C)C)C(C)(C)c2ccccc21,684.505
CCCCN1/C(=C/C=C(I)/C=C/C2=[N+](Cc3ccsc3)c3ccc(Br)cc3C2(C)C)C(C)(C)c2ccccc21,712.559
CC1(C)C(/C=C/C(I)=C/C=C2/N(CCCCN)c3ccccc3C2(C)C)=[N+](Cc2ccsc2)c2ccc(Br)cc21,727.574
CC1(C)C(/C=C/C(I)=C/C=C2/N(CCCCO)c3ccccc3C2(C)C)=[N+](Cc2ccsc2)c2ccc(Br)cc21,728.558
CC[N+](CC)(CC)CCCCN1/C(=C/C=C(I)/C=C/C2=[N+](Cc3ccsc3)c3ccc(Br)cc3C2(C)C)C(C)(C)c2ccccc21,812.744
CC1(C)C(/C=C/C(I)=C/C=C2/N(CCCCS(=O)(=O)O)c3ccccc3C2(C)C)=[N+](Cc2ccsc2)c2ccc(Br)cc21,792.623
CC1(C)C(/C=C/C(I)=C/C=C2/N(Cc3ccccc3)c3ccccc3C2(C)C)=[N+](Cc2ccsc2)c2ccc(Br)cc21,746.576
CC1(C)C(/C=C/C(I)=C/C=C2/N(Cc3ccsc3)c3ccccc3C2(C)C)=[N+](Cc2ccsc2)c2ccc(Br)cc21,752.605
CCN1/C(=C/C=C(I)/C=C/C2=[N+](Cc3ccsc3)c3ccc(I)cc3C2(C)C)C(C)(C)c2ccccc21,731.505
CCCCN1/C(=C/C=C(I)/C=C/C2=[N+](Cc3ccsc3)c3ccc(I)cc3C2(C)C)C(C)(C)c2ccccc21,759.559
CC1(C)C(/C=C/C(I)=C/C=C2/N(CCCCN)c3ccccc3C2(C)C)=[N+](Cc2ccsc2)c2ccc(I)cc21,774.574
CC1(C)C(/C=C/C(I)=C/C=C2/N(CCCCO)c3ccccc3C2(C)C)=[N+](Cc2ccsc2)c2ccc(I)cc21,775.558
CC[N+](CC)(CC)CCCCN1/C(=C/C=C(I)/C=C/C2=[N+](Cc3ccsc3)c3ccc(I)cc3C2(C)C)C(C)(C)c2ccccc21,859.744
CC1(C)C(/C=C/C(I)=C/C=C2/N(CCCCS(=O)(=O)O)c3ccccc3C2(C)C)=[N+](Cc2ccsc2)c2ccc(I)cc21,839.623
CC1(C)C(/C=C/C(I)=C/C=C2/N(Cc3ccccc3)c3ccccc3C2(C)C)=[N+](Cc2ccsc2)c2ccc(I)cc21,793.576
CC1(C)C(/C=C/C(I)=C/C=C2/N(Cc3ccsc3)c3ccccc3C2(C)C)=[N+](Cc2ccsc2)c2ccc(I)cc21,799.605
CCN1/C(=C/C=C(/C=C/C2=[N+](CC)c3ccccc3C2(C)C)c2c3ccccc3cc3ccccc23)C(C)(C)c2ccccc21,587.831
CCCCN1/C(=C/C=C(/C=C/C2=[N+](CC)c3ccccc3C2(C)C)c2c3ccccc3cc3ccccc23)C(C)(C)c2ccccc21,615.885
CC[N+]1=C(/C=C/C(=C/C=C2/N(CCCCN)c3ccccc3C2(C)C)c2c3ccccc3cc3ccccc23)C(C)(C)c2ccccc21,630.9
CC[N+]1=C(/C=C/C(=C/C=C2/N(CCCCO)c3ccccc3C2(C)C)c2c3ccccc3cc3ccccc23)C(C)(C)c2ccccc21,631.884
CC[N+]1=C(/C=C/C(=C/C=C2/N(CCCC[N+](CC)(CC)CC)c3ccccc3C2(C)C)c2c3ccccc3cc3ccccc23)C(C)(C)c2ccccc21,716.07
CC[N+]1=C(/C=C/C(=C/C=C2/N(CCCCS(=O)(=O)O)c3ccccc3C2(C)C)c2c3ccccc3cc3ccccc23)C(C)(C)c2ccccc21,695.949
CC[N+]1=C(/C=C/C(=C/C=C2/N(Cc3ccccc3)c3ccccc3C2(C)C)c2c3ccccc3cc3ccccc23)C(C)(C)c2ccccc21,649.902
CC[N+]1=C(/C=C/C(=C/C=C2/N(Cc3ccsc3)c3ccccc3C2(C)C)c2c3ccccc3cc3ccccc23)C(C)(C)c2ccccc21,655.931
CCN1/C(=C/C=C(/C=C/C2=[N+](CC)c3ccc(Br)cc3C2(C)C)c2c3ccccc3cc3ccccc23)C(C)(C)c2ccccc21,666.727
CCCCN1/C(=C/C=C(/C=C/C2=[N+](CC)c3ccc(Br)cc3C2(C)C)c2c3ccccc3cc3ccccc23)C(C)(C)c2ccccc21,694.781
CC[N+]1=C(/C=C/C(=C/C=C2/N(CCCCN)c3ccccc3C2(C)C)c2c3ccccc3cc3ccccc23)C(C)(C)c2cc(Br)ccc21,709.796
CC[N+]1=C(/C=C/C(=C/C=C2/N(CCCCO)c3ccccc3C2(C)C)c2c3ccccc3cc3ccccc23)C(C)(C)c2cc(Br)ccc21,710.78
CC[N+]1=C(/C=C/C(=C/C=C2/N(CCCC[N+](CC)(CC)CC)c3ccccc3C2(C)C)c2c3ccccc3cc3ccccc23)C(C)(C)c2cc(Br)ccc21,794.966
CC[N+]1=C(/C=C/C(=C/C=C2/N(CCCCS(=O)(=O)O)c3ccccc3C2(C)C)c2c3ccccc3cc3ccccc23)C(C)(C)c2cc(Br)ccc21,774.845
CC[N+]1=C(/C=C/C(=C/C=C2/N(Cc3ccccc3)c3ccccc3C2(C)C)c2c3ccccc3cc3ccccc23)C(C)(C)c2cc(Br)ccc21,728.798
CC[N+]1=C(/C=C/C(=C/C=C2/N(Cc3ccsc3)c3ccccc3C2(C)C)c2c3ccccc3cc3ccccc23)C(C)(C)c2cc(Br)ccc21,734.827
CCN1/C(=C/C=C(/C=C/C2=[N+](CC)c3ccc(I)cc3C2(C)C)c2c3ccccc3cc3ccccc23)C(C)(C)c2ccccc21,713.727
CCCCN1/C(=C/C=C(/C=C/C2=[N+](CC)c3ccc(I)cc3C2(C)C)c2c3ccccc3cc3ccccc23)C(C)(C)c2ccccc21,741.781
CC[N+]1=C(/C=C/C(=C/C=C2/N(CCCCN)c3ccccc3C2(C)C)c2c3ccccc3cc3ccccc23)C(C)(C)c2cc(I)ccc21,756.796
CC[N+]1=C(/C=C/C(=C/C=C2/N(CCCCO)c3ccccc3C2(C)C)c2c3ccccc3cc3ccccc23)C(C)(C)c2cc(I)ccc21,757.78
CC[N+]1=C(/C=C/C(=C/C=C2/N(CCCC[N+](CC)(CC)CC)c3ccccc3C2(C)C)c2c3ccccc3cc3ccccc23)C(C)(C)c2cc(I)ccc21,841.966
CC[N+]1=C(/C=C/C(=C/C=C2/N(CCCCS(=O)(=O)O)c3ccccc3C2(C)C)c2c3ccccc3cc3ccccc23)C(C)(C)c2cc(I)ccc21,821.845
CC[N+]1=C(/C=C/C(=C/C=C2/N(Cc3ccccc3)c3ccccc3C2(C)C)c2c3ccccc3cc3ccccc23)C(C)(C)c2cc(I)ccc21,775.798
CC[N+]1=C(/C=C/C(=C/C=C2/N(Cc3ccsc3)c3ccccc3C2(C)C)c2c3ccccc3cc3ccccc23)C(C)(C)c2cc(I)ccc21,781.827
CCCC[N+]1=C(/C=C/C(=C/C=C2/N(CC)c3ccccc3C2(C)C)c2c3ccccc3cc3ccccc23)C(C)(C)c2ccccc21,615.885
CCCCN1/C(=C/C=C(/C=C/C2=[N+](CCCC)c3ccccc3C2(C)C)c2c3ccccc3cc3ccccc23)C(C)(C)c2ccccc21,643.939
CCCC[N+]1=C(/C=C/C(=C/C=C2/N(CCCCN)c3ccccc3C2(C)C)c2c3ccccc3cc3ccccc23)C(C)(C)c2ccccc21,658.954
CCCC[N+]1=C(/C=C/C(=C/C=C2/N(CCCCO)c3ccccc3C2(C)C)c2c3ccccc3cc3ccccc23)C(C)(C)c2ccccc21,659.938
CCCC[N+]1=C(/C=C/C(=C/C=C2/N(CCCC[N+](CC)(CC)CC)c3ccccc3C2(C)C)c2c3ccccc3cc3ccccc23)C(C)(C)c2ccccc21,744.123999999999
CCCC[N+]1=C(/C=C/C(=C/C=C2/N(CCCCS(=O)(=O)O)c3ccccc3C2(C)C)c2c3ccccc3cc3ccccc23)C(C)(C)c2ccccc21,724.003
CCCC[N+]1=C(/C=C/C(=C/C=C2/N(Cc3ccccc3)c3ccccc3C2(C)C)c2c3ccccc3cc3ccccc23)C(C)(C)c2ccccc21,677.956
CCCC[N+]1=C(/C=C/C(=C/C=C2/N(Cc3ccsc3)c3ccccc3C2(C)C)c2c3ccccc3cc3ccccc23)C(C)(C)c2ccccc21,683.985
CCCC[N+]1=C(/C=C/C(=C/C=C2/N(CC)c3ccccc3C2(C)C)c2c3ccccc3cc3ccccc23)C(C)(C)c2cc(Br)ccc21,694.781
CCCCN1/C(=C/C=C(/C=C/C2=[N+](CCCC)c3ccc(Br)cc3C2(C)C)c2c3ccccc3cc3ccccc23)C(C)(C)c2ccccc21,722.835
CCCC[N+]1=C(/C=C/C(=C/C=C2/N(CCCCN)c3ccccc3C2(C)C)c2c3ccccc3cc3ccccc23)C(C)(C)c2cc(Br)ccc21,737.85
CCCC[N+]1=C(/C=C/C(=C/C=C2/N(CCCCO)c3ccccc3C2(C)C)c2c3ccccc3cc3ccccc23)C(C)(C)c2cc(Br)ccc21,738.834
CCCC[N+]1=C(/C=C/C(=C/C=C2/N(CCCC[N+](CC)(CC)CC)c3ccccc3C2(C)C)c2c3ccccc3cc3ccccc23)C(C)(C)c2cc(Br)ccc21,823.019999999999
CCCC[N+]1=C(/C=C/C(=C/C=C2/N(CCCCS(=O)(=O)O)c3ccccc3C2(C)C)c2c3ccccc3cc3ccccc23)C(C)(C)c2cc(Br)ccc21,802.899
CCCC[N+]1=C(/C=C/C(=C/C=C2/N(Cc3ccccc3)c3ccccc3C2(C)C)c2c3ccccc3cc3ccccc23)C(C)(C)c2cc(Br)ccc21,756.852
CCCC[N+]1=C(/C=C/C(=C/C=C2/N(Cc3ccsc3)c3ccccc3C2(C)C)c2c3ccccc3cc3ccccc23)C(C)(C)c2cc(Br)ccc21,762.881
CCCC[N+]1=C(/C=C/C(=C/C=C2/N(CC)c3ccccc3C2(C)C)c2c3ccccc3cc3ccccc23)C(C)(C)c2cc(I)ccc21,741.781
CCCCN1/C(=C/C=C(/C=C/C2=[N+](CCCC)c3ccc(I)cc3C2(C)C)c2c3ccccc3cc3ccccc23)C(C)(C)c2ccccc21,769.835
CCCC[N+]1=C(/C=C/C(=C/C=C2/N(CCCCN)c3ccccc3C2(C)C)c2c3ccccc3cc3ccccc23)C(C)(C)c2cc(I)ccc21,784.85
CCCC[N+]1=C(/C=C/C(=C/C=C2/N(CCCCO)c3ccccc3C2(C)C)c2c3ccccc3cc3ccccc23)C(C)(C)c2cc(I)ccc21,785.834
CCCC[N+]1=C(/C=C/C(=C/C=C2/N(CCCC[N+](CC)(CC)CC)c3ccccc3C2(C)C)c2c3ccccc3cc3ccccc23)C(C)(C)c2cc(I)ccc21,870.019999999999
CCCC[N+]1=C(/C=C/C(=C/C=C2/N(CCCCS(=O)(=O)O)c3ccccc3C2(C)C)c2c3ccccc3cc3ccccc23)C(C)(C)c2cc(I)ccc21,849.899
CCCC[N+]1=C(/C=C/C(=C/C=C2/N(Cc3ccccc3)c3ccccc3C2(C)C)c2c3ccccc3cc3ccccc23)C(C)(C)c2cc(I)ccc21,803.852
CCCC[N+]1=C(/C=C/C(=C/C=C2/N(Cc3ccsc3)c3ccccc3C2(C)C)c2c3ccccc3cc3ccccc23)C(C)(C)c2cc(I)ccc21,809.881
CCN1/C(=C/C=C(/C=C/C2=[N+](CCCCN)c3ccccc3C2(C)C)c2c3ccccc3cc3ccccc23)C(C)(C)c2ccccc21,630.9
CCCCN1/C(=C/C=C(/C=C/C2=[N+](CCCCN)c3ccccc3C2(C)C)c2c3ccccc3cc3ccccc23)C(C)(C)c2ccccc21,658.954
CC1(C)C(/C=C/C(=C/C=C2/N(CCCCN)c3ccccc3C2(C)C)c2c3ccccc3cc3ccccc23)=[N+](CCCCN)c2ccccc21,673.969
CC1(C)C(/C=C/C(=C/C=C2/N(CCCCO)c3ccccc3C2(C)C)c2c3ccccc3cc3ccccc23)=[N+](CCCCN)c2ccccc21,674.953
CC[N+](CC)(CC)CCCCN1/C(=C/C=C(/C=C/C2=[N+](CCCCN)c3ccccc3C2(C)C)c2c3ccccc3cc3ccccc23)C(C)(C)c2ccccc21,759.138999999999
CC1(C)C(/C=C/C(=C/C=C2/N(CCCCS(=O)(=O)O)c3ccccc3C2(C)C)c2c3ccccc3cc3ccccc23)=[N+](CCCCN)c2ccccc21,739.018
CC1(C)C(/C=C/C(=C/C=C2/N(Cc3ccccc3)c3ccccc3C2(C)C)c2c3ccccc3cc3ccccc23)=[N+](CCCCN)c2ccccc21,692.971
CC1(C)C(/C=C/C(=C/C=C2/N(Cc3ccsc3)c3ccccc3C2(C)C)c2c3ccccc3cc3ccccc23)=[N+](CCCCN)c2ccccc21,699
CCN1/C(=C/C=C(/C=C/C2=[N+](CCCCN)c3ccc(Br)cc3C2(C)C)c2c3ccccc3cc3ccccc23)C(C)(C)c2ccccc21,709.796
CCCCN1/C(=C/C=C(/C=C/C2=[N+](CCCCN)c3ccc(Br)cc3C2(C)C)c2c3ccccc3cc3ccccc23)C(C)(C)c2ccccc21,737.85
CC1(C)C(/C=C/C(=C/C=C2/N(CCCCN)c3ccccc3C2(C)C)c2c3ccccc3cc3ccccc23)=[N+](CCCCN)c2ccc(Br)cc21,752.865
CC1(C)C(/C=C/C(=C/C=C2/N(CCCCO)c3ccccc3C2(C)C)c2c3ccccc3cc3ccccc23)=[N+](CCCCN)c2ccc(Br)cc21,753.849
CC[N+](CC)(CC)CCCCN1/C(=C/C=C(/C=C/C2=[N+](CCCCN)c3ccc(Br)cc3C2(C)C)c2c3ccccc3cc3ccccc23)C(C)(C)c2ccccc21,838.034999999999
CC1(C)C(/C=C/C(=C/C=C2/N(CCCCS(=O)(=O)O)c3ccccc3C2(C)C)c2c3ccccc3cc3ccccc23)=[N+](CCCCN)c2ccc(Br)cc21,817.914
CC1(C)C(/C=C/C(=C/C=C2/N(Cc3ccccc3)c3ccccc3C2(C)C)c2c3ccccc3cc3ccccc23)=[N+](CCCCN)c2ccc(Br)cc21,771.867
CC1(C)C(/C=C/C(=C/C=C2/N(Cc3ccsc3)c3ccccc3C2(C)C)c2c3ccccc3cc3ccccc23)=[N+](CCCCN)c2ccc(Br)cc21,777.896
CCN1/C(=C/C=C(/C=C/C2=[N+](CCCCN)c3ccc(I)cc3C2(C)C)c2c3ccccc3cc3ccccc23)C(C)(C)c2ccccc21,756.796
CCCCN1/C(=C/C=C(/C=C/C2=[N+](CCCCN)c3ccc(I)cc3C2(C)C)c2c3ccccc3cc3ccccc23)C(C)(C)c2ccccc21,784.85
CC1(C)C(/C=C/C(=C/C=C2/N(CCCCN)c3ccccc3C2(C)C)c2c3ccccc3cc3ccccc23)=[N+](CCCCN)c2ccc(I)cc21,799.865
CC1(C)C(/C=C/C(=C/C=C2/N(CCCCO)c3ccccc3C2(C)C)c2c3ccccc3cc3ccccc23)=[N+](CCCCN)c2ccc(I)cc21,800.849
CC[N+](CC)(CC)CCCCN1/C(=C/C=C(/C=C/C2=[N+](CCCCN)c3ccc(I)cc3C2(C)C)c2c3ccccc3cc3ccccc23)C(C)(C)c2ccccc21,885.034999999999
CC1(C)C(/C=C/C(=C/C=C2/N(CCCCS(=O)(=O)O)c3ccccc3C2(C)C)c2c3ccccc3cc3ccccc23)=[N+](CCCCN)c2ccc(I)cc21,864.914
CC1(C)C(/C=C/C(=C/C=C2/N(Cc3ccccc3)c3ccccc3C2(C)C)c2c3ccccc3cc3ccccc23)=[N+](CCCCN)c2ccc(I)cc21,818.867
CC1(C)C(/C=C/C(=C/C=C2/N(Cc3ccsc3)c3ccccc3C2(C)C)c2c3ccccc3cc3ccccc23)=[N+](CCCCN)c2ccc(I)cc21,824.896
CCN1/C(=C/C=C(/C=C/C2=[N+](CCCCO)c3ccccc3C2(C)C)c2c3ccccc3cc3ccccc23)C(C)(C)c2ccccc21,631.884
CCCCN1/C(=C/C=C(/C=C/C2=[N+](CCCCO)c3ccccc3C2(C)C)c2c3ccccc3cc3ccccc23)C(C)(C)c2ccccc21,659.938
CC1(C)C(/C=C/C(=C/C=C2/N(CCCCN)c3ccccc3C2(C)C)c2c3ccccc3cc3ccccc23)=[N+](CCCCO)c2ccccc21,674.953
CC1(C)C(/C=C/C(=C/C=C2/N(CCCCO)c3ccccc3C2(C)C)c2c3ccccc3cc3ccccc23)=[N+](CCCCO)c2ccccc21,675.937
CC[N+](CC)(CC)CCCCN1/C(=C/C=C(/C=C/C2=[N+](CCCCO)c3ccccc3C2(C)C)c2c3ccccc3cc3ccccc23)C(C)(C)c2ccccc21,760.123
CC1(C)C(/C=C/C(=C/C=C2/N(CCCCS(=O)(=O)O)c3ccccc3C2(C)C)c2c3ccccc3cc3ccccc23)=[N+](CCCCO)c2ccccc21,740.002
CC1(C)C(/C=C/C(=C/C=C2/N(Cc3ccccc3)c3ccccc3C2(C)C)c2c3ccccc3cc3ccccc23)=[N+](CCCCO)c2ccccc21,693.955
CC1(C)C(/C=C/C(=C/C=C2/N(Cc3ccsc3)c3ccccc3C2(C)C)c2c3ccccc3cc3ccccc23)=[N+](CCCCO)c2ccccc21,699.984
CCN1/C(=C/C=C(/C=C/C2=[N+](CCCCO)c3ccc(Br)cc3C2(C)C)c2c3ccccc3cc3ccccc23)C(C)(C)c2ccccc21,710.78
CCCCN1/C(=C/C=C(/C=C/C2=[N+](CCCCO)c3ccc(Br)cc3C2(C)C)c2c3ccccc3cc3ccccc23)C(C)(C)c2ccccc21,738.834
CC1(C)C(/C=C/C(=C/C=C2/N(CCCCN)c3ccccc3C2(C)C)c2c3ccccc3cc3ccccc23)=[N+](CCCCO)c2ccc(Br)cc21,753.849
CC1(C)C(/C=C/C(=C/C=C2/N(CCCCO)c3ccccc3C2(C)C)c2c3ccccc3cc3ccccc23)=[N+](CCCCO)c2ccc(Br)cc21,754.833
CC[N+](CC)(CC)CCCCN1/C(=C/C=C(/C=C/C2=[N+](CCCCO)c3ccc(Br)cc3C2(C)C)c2c3ccccc3cc3ccccc23)C(C)(C)c2ccccc21,839.019
CC1(C)C(/C=C/C(=C/C=C2/N(CCCCS(=O)(=O)O)c3ccccc3C2(C)C)c2c3ccccc3cc3ccccc23)=[N+](CCCCO)c2ccc(Br)cc21,818.898
CC1(C)C(/C=C/C(=C/C=C2/N(Cc3ccccc3)c3ccccc3C2(C)C)c2c3ccccc3cc3ccccc23)=[N+](CCCCO)c2ccc(Br)cc21,772.851
CC1(C)C(/C=C/C(=C/C=C2/N(Cc3ccsc3)c3ccccc3C2(C)C)c2c3ccccc3cc3ccccc23)=[N+](CCCCO)c2ccc(Br)cc21,778.88
CCN1/C(=C/C=C(/C=C/C2=[N+](CCCCO)c3ccc(I)cc3C2(C)C)c2c3ccccc3cc3ccccc23)C(C)(C)c2ccccc21,757.78
CCCCN1/C(=C/C=C(/C=C/C2=[N+](CCCCO)c3ccc(I)cc3C2(C)C)c2c3ccccc3cc3ccccc23)C(C)(C)c2ccccc21,785.834
CC1(C)C(/C=C/C(=C/C=C2/N(CCCCN)c3ccccc3C2(C)C)c2c3ccccc3cc3ccccc23)=[N+](CCCCO)c2ccc(I)cc21,800.849
CC1(C)C(/C=C/C(=C/C=C2/N(CCCCO)c3ccccc3C2(C)C)c2c3ccccc3cc3ccccc23)=[N+](CCCCO)c2ccc(I)cc21,801.833
CC[N+](CC)(CC)CCCCN1/C(=C/C=C(/C=C/C2=[N+](CCCCO)c3ccc(I)cc3C2(C)C)c2c3ccccc3cc3ccccc23)C(C)(C)c2ccccc21,886.018999999999
CC1(C)C(/C=C/C(=C/C=C2/N(CCCCS(=O)(=O)O)c3ccccc3C2(C)C)c2c3ccccc3cc3ccccc23)=[N+](CCCCO)c2ccc(I)cc21,865.898
CC1(C)C(/C=C/C(=C/C=C2/N(Cc3ccccc3)c3ccccc3C2(C)C)c2c3ccccc3cc3ccccc23)=[N+](CCCCO)c2ccc(I)cc21,819.851
CC1(C)C(/C=C/C(=C/C=C2/N(Cc3ccsc3)c3ccccc3C2(C)C)c2c3ccccc3cc3ccccc23)=[N+](CCCCO)c2ccc(I)cc21,825.88
CCN1/C(=C/C=C(/C=C/C2=[N+](CCCC[N+](CC)(CC)CC)c3ccccc3C2(C)C)c2c3ccccc3cc3ccccc23)C(C)(C)c2ccccc21,716.07
CCCCN1/C(=C/C=C(/C=C/C2=[N+](CCCC[N+](CC)(CC)CC)c3ccccc3C2(C)C)c2c3ccccc3cc3ccccc23)C(C)(C)c2ccccc21,744.123999999999
CC[N+](CC)(CC)CCCC[N+]1=C(/C=C/C(=C/C=C2/N(CCCCN)c3ccccc3C2(C)C)c2c3ccccc3cc3ccccc23)C(C)(C)c2ccccc21,759.138999999999
CC[N+](CC)(CC)CCCC[N+]1=C(/C=C/C(=C/C=C2/N(CCCCO)c3ccccc3C2(C)C)c2c3ccccc3cc3ccccc23)C(C)(C)c2ccccc21,760.123
CC[N+](CC)(CC)CCCCN1/C(=C/C=C(/C=C/C2=[N+](CCCC[N+](CC)(CC)CC)c3ccccc3C2(C)C)c2c3ccccc3cc3ccccc23)C(C)(C)c2ccccc21,844.308999999999
CC[N+](CC)(CC)CCCC[N+]1=C(/C=C/C(=C/C=C2/N(CCCCS(=O)(=O)O)c3ccccc3C2(C)C)c2c3ccccc3cc3ccccc23)C(C)(C)c2ccccc21,824.188
CC[N+](CC)(CC)CCCC[N+]1=C(/C=C/C(=C/C=C2/N(Cc3ccccc3)c3ccccc3C2(C)C)c2c3ccccc3cc3ccccc23)C(C)(C)c2ccccc21,778.141
CC[N+](CC)(CC)CCCC[N+]1=C(/C=C/C(=C/C=C2/N(Cc3ccsc3)c3ccccc3C2(C)C)c2c3ccccc3cc3ccccc23)C(C)(C)c2ccccc21,784.17
CCN1/C(=C/C=C(/C=C/C2=[N+](CCCC[N+](CC)(CC)CC)c3ccc(Br)cc3C2(C)C)c2c3ccccc3cc3ccccc23)C(C)(C)c2ccccc21,794.966
CCCCN1/C(=C/C=C(/C=C/C2=[N+](CCCC[N+](CC)(CC)CC)c3ccc(Br)cc3C2(C)C)c2c3ccccc3cc3ccccc23)C(C)(C)c2ccccc21,823.019999999999
CC[N+](CC)(CC)CCCC[N+]1=C(/C=C/C(=C/C=C2/N(CCCCN)c3ccccc3C2(C)C)c2c3ccccc3cc3ccccc23)C(C)(C)c2cc(Br)ccc21,838.034999999999
CC[N+](CC)(CC)CCCC[N+]1=C(/C=C/C(=C/C=C2/N(CCCCO)c3ccccc3C2(C)C)c2c3ccccc3cc3ccccc23)C(C)(C)c2cc(Br)ccc21,839.019
CC[N+](CC)(CC)CCCCN1/C(=C/C=C(/C=C/C2=[N+](CCCC[N+](CC)(CC)CC)c3ccc(Br)cc3C2(C)C)c2c3ccccc3cc3ccccc23)C(C)(C)c2ccccc21,923.204999999999
CC[N+](CC)(CC)CCCC[N+]1=C(/C=C/C(=C/C=C2/N(CCCCS(=O)(=O)O)c3ccccc3C2(C)C)c2c3ccccc3cc3ccccc23)C(C)(C)c2cc(Br)ccc21,903.084
CC[N+](CC)(CC)CCCC[N+]1=C(/C=C/C(=C/C=C2/N(Cc3ccccc3)c3ccccc3C2(C)C)c2c3ccccc3cc3ccccc23)C(C)(C)c2cc(Br)ccc21,857.037
CC[N+](CC)(CC)CCCC[N+]1=C(/C=C/C(=C/C=C2/N(Cc3ccsc3)c3ccccc3C2(C)C)c2c3ccccc3cc3ccccc23)C(C)(C)c2cc(Br)ccc21,863.066
CCN1/C(=C/C=C(/C=C/C2=[N+](CCCC[N+](CC)(CC)CC)c3ccc(I)cc3C2(C)C)c2c3ccccc3cc3ccccc23)C(C)(C)c2ccccc21,841.966
CCCCN1/C(=C/C=C(/C=C/C2=[N+](CCCC[N+](CC)(CC)CC)c3ccc(I)cc3C2(C)C)c2c3ccccc3cc3ccccc23)C(C)(C)c2ccccc21,870.019999999999
CC[N+](CC)(CC)CCCC[N+]1=C(/C=C/C(=C/C=C2/N(CCCCN)c3ccccc3C2(C)C)c2c3ccccc3cc3ccccc23)C(C)(C)c2cc(I)ccc21,885.034999999999
CC[N+](CC)(CC)CCCC[N+]1=C(/C=C/C(=C/C=C2/N(CCCCO)c3ccccc3C2(C)C)c2c3ccccc3cc3ccccc23)C(C)(C)c2cc(I)ccc21,886.018999999999
CC[N+](CC)(CC)CCCCN1/C(=C/C=C(/C=C/C2=[N+](CCCC[N+](CC)(CC)CC)c3ccc(I)cc3C2(C)C)c2c3ccccc3cc3ccccc23)C(C)(C)c2ccccc21,970.204999999999
CC[N+](CC)(CC)CCCC[N+]1=C(/C=C/C(=C/C=C2/N(CCCCS(=O)(=O)O)c3ccccc3C2(C)C)c2c3ccccc3cc3ccccc23)C(C)(C)c2cc(I)ccc21,950.084
CC[N+](CC)(CC)CCCC[N+]1=C(/C=C/C(=C/C=C2/N(Cc3ccccc3)c3ccccc3C2(C)C)c2c3ccccc3cc3ccccc23)C(C)(C)c2cc(I)ccc21,904.037
CC[N+](CC)(CC)CCCC[N+]1=C(/C=C/C(=C/C=C2/N(Cc3ccsc3)c3ccccc3C2(C)C)c2c3ccccc3cc3ccccc23)C(C)(C)c2cc(I)ccc21,910.066
CCN1/C(=C/C=C(/C=C/C2=[N+](CCCCS(=O)(=O)O)c3ccccc3C2(C)C)c2c3ccccc3cc3ccccc23)C(C)(C)c2ccccc21,695.949
CCCCN1/C(=C/C=C(/C=C/C2=[N+](CCCCS(=O)(=O)O)c3ccccc3C2(C)C)c2c3ccccc3cc3ccccc23)C(C)(C)c2ccccc21,724.003
CC1(C)C(/C=C/C(=C/C=C2/N(CCCCN)c3ccccc3C2(C)C)c2c3ccccc3cc3ccccc23)=[N+](CCCCS(=O)(=O)O)c2ccccc21,739.018
CC1(C)C(/C=C/C(=C/C=C2/N(CCCCO)c3ccccc3C2(C)C)c2c3ccccc3cc3ccccc23)=[N+](CCCCS(=O)(=O)O)c2ccccc21,740.002
CC[N+](CC)(CC)CCCCN1/C(=C/C=C(/C=C/C2=[N+](CCCCS(=O)(=O)O)c3ccccc3C2(C)C)c2c3ccccc3cc3ccccc23)C(C)(C)c2ccccc21,824.188
CC1(C)C(/C=C/C(=C/C=C2/N(CCCCS(=O)(=O)O)c3ccccc3C2(C)C)c2c3ccccc3cc3ccccc23)=[N+](CCCCS(=O)(=O)O)c2ccccc21,804.067
CC1(C)C(/C=C/C(=C/C=C2/N(Cc3ccccc3)c3ccccc3C2(C)C)c2c3ccccc3cc3ccccc23)=[N+](CCCCS(=O)(=O)O)c2ccccc21,758.02
CC1(C)C(/C=C/C(=C/C=C2/N(Cc3ccsc3)c3ccccc3C2(C)C)c2c3ccccc3cc3ccccc23)=[N+](CCCCS(=O)(=O)O)c2ccccc21,764.049
CCN1/C(=C/C=C(/C=C/C2=[N+](CCCCS(=O)(=O)O)c3ccc(Br)cc3C2(C)C)c2c3ccccc3cc3ccccc23)C(C)(C)c2ccccc21,774.845
CCCCN1/C(=C/C=C(/C=C/C2=[N+](CCCCS(=O)(=O)O)c3ccc(Br)cc3C2(C)C)c2c3ccccc3cc3ccccc23)C(C)(C)c2ccccc21,802.899
CC1(C)C(/C=C/C(=C/C=C2/N(CCCCN)c3ccccc3C2(C)C)c2c3ccccc3cc3ccccc23)=[N+](CCCCS(=O)(=O)O)c2ccc(Br)cc21,817.914
CC1(C)C(/C=C/C(=C/C=C2/N(CCCCO)c3ccccc3C2(C)C)c2c3ccccc3cc3ccccc23)=[N+](CCCCS(=O)(=O)O)c2ccc(Br)cc21,818.898
CC[N+](CC)(CC)CCCCN1/C(=C/C=C(/C=C/C2=[N+](CCCCS(=O)(=O)O)c3ccc(Br)cc3C2(C)C)c2c3ccccc3cc3ccccc23)C(C)(C)c2ccccc21,903.084
CC1(C)C(/C=C/C(=C/C=C2/N(CCCCS(=O)(=O)O)c3ccccc3C2(C)C)c2c3ccccc3cc3ccccc23)=[N+](CCCCS(=O)(=O)O)c2ccc(Br)cc21,882.963
CC1(C)C(/C=C/C(=C/C=C2/N(Cc3ccccc3)c3ccccc3C2(C)C)c2c3ccccc3cc3ccccc23)=[N+](CCCCS(=O)(=O)O)c2ccc(Br)cc21,836.916
CC1(C)C(/C=C/C(=C/C=C2/N(Cc3ccsc3)c3ccccc3C2(C)C)c2c3ccccc3cc3ccccc23)=[N+](CCCCS(=O)(=O)O)c2ccc(Br)cc21,842.945
CCN1/C(=C/C=C(/C=C/C2=[N+](CCCCS(=O)(=O)O)c3ccc(I)cc3C2(C)C)c2c3ccccc3cc3ccccc23)C(C)(C)c2ccccc21,821.845
CCCCN1/C(=C/C=C(/C=C/C2=[N+](CCCCS(=O)(=O)O)c3ccc(I)cc3C2(C)C)c2c3ccccc3cc3ccccc23)C(C)(C)c2ccccc21,849.899
CC1(C)C(/C=C/C(=C/C=C2/N(CCCCN)c3ccccc3C2(C)C)c2c3ccccc3cc3ccccc23)=[N+](CCCCS(=O)(=O)O)c2ccc(I)cc21,864.914
CC1(C)C(/C=C/C(=C/C=C2/N(CCCCO)c3ccccc3C2(C)C)c2c3ccccc3cc3ccccc23)=[N+](CCCCS(=O)(=O)O)c2ccc(I)cc21,865.898
CC[N+](CC)(CC)CCCCN1/C(=C/C=C(/C=C/C2=[N+](CCCCS(=O)(=O)O)c3ccc(I)cc3C2(C)C)c2c3ccccc3cc3ccccc23)C(C)(C)c2ccccc21,950.084
CC1(C)C(/C=C/C(=C/C=C2/N(CCCCS(=O)(=O)O)c3ccccc3C2(C)C)c2c3ccccc3cc3ccccc23)=[N+](CCCCS(=O)(=O)O)c2ccc(I)cc21,929.963
CC1(C)C(/C=C/C(=C/C=C2/N(Cc3ccccc3)c3ccccc3C2(C)C)c2c3ccccc3cc3ccccc23)=[N+](CCCCS(=O)(=O)O)c2ccc(I)cc21,883.916
CC1(C)C(/C=C/C(=C/C=C2/N(Cc3ccsc3)c3ccccc3C2(C)C)c2c3ccccc3cc3ccccc23)=[N+](CCCCS(=O)(=O)O)c2ccc(I)cc21,889.945
CCN1/C(=C/C=C(/C=C/C2=[N+](Cc3ccccc3)c3ccccc3C2(C)C)c2c3ccccc3cc3ccccc23)C(C)(C)c2ccccc21,649.902
CCCCN1/C(=C/C=C(/C=C/C2=[N+](Cc3ccccc3)c3ccccc3C2(C)C)c2c3ccccc3cc3ccccc23)C(C)(C)c2ccccc21,677.956
CC1(C)C(/C=C/C(=C/C=C2/N(CCCCN)c3ccccc3C2(C)C)c2c3ccccc3cc3ccccc23)=[N+](Cc2ccccc2)c2ccccc21,692.971
CC1(C)C(/C=C/C(=C/C=C2/N(CCCCO)c3ccccc3C2(C)C)c2c3ccccc3cc3ccccc23)=[N+](Cc2ccccc2)c2ccccc21,693.955
CC[N+](CC)(CC)CCCCN1/C(=C/C=C(/C=C/C2=[N+](Cc3ccccc3)c3ccccc3C2(C)C)c2c3ccccc3cc3ccccc23)C(C)(C)c2ccccc21,778.141
CC1(C)C(/C=C/C(=C/C=C2/N(CCCCS(=O)(=O)O)c3ccccc3C2(C)C)c2c3ccccc3cc3ccccc23)=[N+](Cc2ccccc2)c2ccccc21,758.02
CC1(C)C(/C=C/C(=C/C=C2/N(Cc3ccccc3)c3ccccc3C2(C)C)c2c3ccccc3cc3ccccc23)=[N+](Cc2ccccc2)c2ccccc21,711.973
CC1(C)C(/C=C/C(=C/C=C2/N(Cc3ccsc3)c3ccccc3C2(C)C)c2c3ccccc3cc3ccccc23)=[N+](Cc2ccccc2)c2ccccc21,718.002
CCN1/C(=C/C=C(/C=C/C2=[N+](Cc3ccccc3)c3ccc(Br)cc3C2(C)C)c2c3ccccc3cc3ccccc23)C(C)(C)c2ccccc21,728.798
CCCCN1/C(=C/C=C(/C=C/C2=[N+](Cc3ccccc3)c3ccc(Br)cc3C2(C)C)c2c3ccccc3cc3ccccc23)C(C)(C)c2ccccc21,756.852
CC1(C)C(/C=C/C(=C/C=C2/N(CCCCN)c3ccccc3C2(C)C)c2c3ccccc3cc3ccccc23)=[N+](Cc2ccccc2)c2ccc(Br)cc21,771.867
CC1(C)C(/C=C/C(=C/C=C2/N(CCCCO)c3ccccc3C2(C)C)c2c3ccccc3cc3ccccc23)=[N+](Cc2ccccc2)c2ccc(Br)cc21,772.851
CC[N+](CC)(CC)CCCCN1/C(=C/C=C(/C=C/C2=[N+](Cc3ccccc3)c3ccc(Br)cc3C2(C)C)c2c3ccccc3cc3ccccc23)C(C)(C)c2ccccc21,857.037
CC1(C)C(/C=C/C(=C/C=C2/N(CCCCS(=O)(=O)O)c3ccccc3C2(C)C)c2c3ccccc3cc3ccccc23)=[N+](Cc2ccccc2)c2ccc(Br)cc21,836.916
CC1(C)C(/C=C/C(=C/C=C2/N(Cc3ccccc3)c3ccccc3C2(C)C)c2c3ccccc3cc3ccccc23)=[N+](Cc2ccccc2)c2ccc(Br)cc21,790.869
CC1(C)C(/C=C/C(=C/C=C2/N(Cc3ccsc3)c3ccccc3C2(C)C)c2c3ccccc3cc3ccccc23)=[N+](Cc2ccccc2)c2ccc(Br)cc21,796.898
CCN1/C(=C/C=C(/C=C/C2=[N+](Cc3ccccc3)c3ccc(I)cc3C2(C)C)c2c3ccccc3cc3ccccc23)C(C)(C)c2ccccc21,775.798
CCCCN1/C(=C/C=C(/C=C/C2=[N+](Cc3ccccc3)c3ccc(I)cc3C2(C)C)c2c3ccccc3cc3ccccc23)C(C)(C)c2ccccc21,803.852
CC1(C)C(/C=C/C(=C/C=C2/N(CCCCN)c3ccccc3C2(C)C)c2c3ccccc3cc3ccccc23)=[N+](Cc2ccccc2)c2ccc(I)cc21,818.867
CC1(C)C(/C=C/C(=C/C=C2/N(CCCCO)c3ccccc3C2(C)C)c2c3ccccc3cc3ccccc23)=[N+](Cc2ccccc2)c2ccc(I)cc21,819.851
CC[N+](CC)(CC)CCCCN1/C(=C/C=C(/C=C/C2=[N+](Cc3ccccc3)c3ccc(I)cc3C2(C)C)c2c3ccccc3cc3ccccc23)C(C)(C)c2ccccc21,904.037
CC1(C)C(/C=C/C(=C/C=C2/N(CCCCS(=O)(=O)O)c3ccccc3C2(C)C)c2c3ccccc3cc3ccccc23)=[N+](Cc2ccccc2)c2ccc(I)cc21,883.916
CC1(C)C(/C=C/C(=C/C=C2/N(Cc3ccccc3)c3ccccc3C2(C)C)c2c3ccccc3cc3ccccc23)=[N+](Cc2ccccc2)c2ccc(I)cc21,837.869
CC1(C)C(/C=C/C(=C/C=C2/N(Cc3ccsc3)c3ccccc3C2(C)C)c2c3ccccc3cc3ccccc23)=[N+](Cc2ccccc2)c2ccc(I)cc21,843.898
CCN1/C(=C/C=C(/C=C/C2=[N+](Cc3ccsc3)c3ccccc3C2(C)C)c2c3ccccc3cc3ccccc23)C(C)(C)c2ccccc21,655.931
CCCCN1/C(=C/C=C(/C=C/C2=[N+](Cc3ccsc3)c3ccccc3C2(C)C)c2c3ccccc3cc3ccccc23)C(C)(C)c2ccccc21,683.985
CC1(C)C(/C=C/C(=C/C=C2/N(CCCCN)c3ccccc3C2(C)C)c2c3ccccc3cc3ccccc23)=[N+](Cc2ccsc2)c2ccccc21,699
CC1(C)C(/C=C/C(=C/C=C2/N(CCCCO)c3ccccc3C2(C)C)c2c3ccccc3cc3ccccc23)=[N+](Cc2ccsc2)c2ccccc21,699.984
CC[N+](CC)(CC)CCCCN1/C(=C/C=C(/C=C/C2=[N+](Cc3ccsc3)c3ccccc3C2(C)C)c2c3ccccc3cc3ccccc23)C(C)(C)c2ccccc21,784.17
CC1(C)C(/C=C/C(=C/C=C2/N(CCCCS(=O)(=O)O)c3ccccc3C2(C)C)c2c3ccccc3cc3ccccc23)=[N+](Cc2ccsc2)c2ccccc21,764.049
CC1(C)C(/C=C/C(=C/C=C2/N(Cc3ccccc3)c3ccccc3C2(C)C)c2c3ccccc3cc3ccccc23)=[N+](Cc2ccsc2)c2ccccc21,718.002
CC1(C)C(/C=C/C(=C/C=C2/N(Cc3ccsc3)c3ccccc3C2(C)C)c2c3ccccc3cc3ccccc23)=[N+](Cc2ccsc2)c2ccccc21,724.031
CCN1/C(=C/C=C(/C=C/C2=[N+](Cc3ccsc3)c3ccc(Br)cc3C2(C)C)c2c3ccccc3cc3ccccc23)C(C)(C)c2ccccc21,734.827
CCCCN1/C(=C/C=C(/C=C/C2=[N+](Cc3ccsc3)c3ccc(Br)cc3C2(C)C)c2c3ccccc3cc3ccccc23)C(C)(C)c2ccccc21,762.881
CC1(C)C(/C=C/C(=C/C=C2/N(CCCCN)c3ccccc3C2(C)C)c2c3ccccc3cc3ccccc23)=[N+](Cc2ccsc2)c2ccc(Br)cc21,777.896
CC1(C)C(/C=C/C(=C/C=C2/N(CCCCO)c3ccccc3C2(C)C)c2c3ccccc3cc3ccccc23)=[N+](Cc2ccsc2)c2ccc(Br)cc21,778.88
CC[N+](CC)(CC)CCCCN1/C(=C/C=C(/C=C/C2=[N+](Cc3ccsc3)c3ccc(Br)cc3C2(C)C)c2c3ccccc3cc3ccccc23)C(C)(C)c2ccccc21,863.066
CC1(C)C(/C=C/C(=C/C=C2/N(CCCCS(=O)(=O)O)c3ccccc3C2(C)C)c2c3ccccc3cc3ccccc23)=[N+](Cc2ccsc2)c2ccc(Br)cc21,842.945
CC1(C)C(/C=C/C(=C/C=C2/N(Cc3ccccc3)c3ccccc3C2(C)C)c2c3ccccc3cc3ccccc23)=[N+](Cc2ccsc2)c2ccc(Br)cc21,796.898
CC1(C)C(/C=C/C(=C/C=C2/N(Cc3ccsc3)c3ccccc3C2(C)C)c2c3ccccc3cc3ccccc23)=[N+](Cc2ccsc2)c2ccc(Br)cc21,802.927
CCN1/C(=C/C=C(/C=C/C2=[N+](Cc3ccsc3)c3ccc(I)cc3C2(C)C)c2c3ccccc3cc3ccccc23)C(C)(C)c2ccccc21,781.827
CCCCN1/C(=C/C=C(/C=C/C2=[N+](Cc3ccsc3)c3ccc(I)cc3C2(C)C)c2c3ccccc3cc3ccccc23)C(C)(C)c2ccccc21,809.881
CC1(C)C(/C=C/C(=C/C=C2/N(CCCCN)c3ccccc3C2(C)C)c2c3ccccc3cc3ccccc23)=[N+](Cc2ccsc2)c2ccc(I)cc21,824.896
CC1(C)C(/C=C/C(=C/C=C2/N(CCCCO)c3ccccc3C2(C)C)c2c3ccccc3cc3ccccc23)=[N+](Cc2ccsc2)c2ccc(I)cc21,825.88
CC[N+](CC)(CC)CCCCN1/C(=C/C=C(/C=C/C2=[N+](Cc3ccsc3)c3ccc(I)cc3C2(C)C)c2c3ccccc3cc3ccccc23)C(C)(C)c2ccccc21,910.066
CC1(C)C(/C=C/C(=C/C=C2/N(CCCCS(=O)(=O)O)c3ccccc3C2(C)C)c2c3ccccc3cc3ccccc23)=[N+](Cc2ccsc2)c2ccc(I)cc21,889.945
CC1(C)C(/C=C/C(=C/C=C2/N(Cc3ccccc3)c3ccccc3C2(C)C)c2c3ccccc3cc3ccccc23)=[N+](Cc2ccsc2)c2ccc(I)cc21,843.898
CC1(C)C(/C=C/C(=C/C=C2/N(Cc3ccsc3)c3ccccc3C2(C)C)c2c3ccccc3cc3ccccc23)=[N+](Cc2ccsc2)c2ccc(I)cc21,849.927
CCN1/C(=C/C=C/C=C/C2=[N+](CC)c3ccccc3C2(C)C)C(C)(C)c2cc(Br)ccc21,490.509
CCCCN1/C(=C/C=C/C=C/C2=[N+](CC)c3ccccc3C2(C)C)C(C)(C)c2cc(Br)ccc21,518.563
CC[N+]1=C(/C=C/C=C/C=C2/N(CCCCN)c3ccc(Br)cc3C2(C)C)C(C)(C)c2ccccc21,533.578
CC[N+]1=C(/C=C/C=C/C=C2/N(CCCCO)c3ccc(Br)cc3C2(C)C)C(C)(C)c2ccccc21,534.562
CC[N+]1=C(/C=C/C=C/C=C2/N(CCCC[N+](CC)(CC)CC)c3ccc(Br)cc3C2(C)C)C(C)(C)c2ccccc21,618.748
CC[N+]1=C(/C=C/C=C/C=C2/N(CCCCS(=O)(=O)O)c3ccc(Br)cc3C2(C)C)C(C)(C)c2ccccc21,598.627
CC[N+]1=C(/C=C/C=C/C=C2/N(Cc3ccccc3)c3ccc(Br)cc3C2(C)C)C(C)(C)c2ccccc21,552.58
CC[N+]1=C(/C=C/C=C/C=C2/N(Cc3ccsc3)c3ccc(Br)cc3C2(C)C)C(C)(C)c2ccccc21,558.609
CCN1/C(=C/C=C/C=C/C2=[N+](CC)c3ccc(Br)cc3C2(C)C)C(C)(C)c2cc(Br)ccc21,569.405
CCCCN1/C(=C/C=C/C=C/C2=[N+](CC)c3ccc(Br)cc3C2(C)C)C(C)(C)c2cc(Br)ccc21,597.459
CC[N+]1=C(/C=C/C=C/C=C2/N(CCCCN)c3ccc(Br)cc3C2(C)C)C(C)(C)c2cc(Br)ccc21,612.474
CC[N+]1=C(/C=C/C=C/C=C2/N(CCCCO)c3ccc(Br)cc3C2(C)C)C(C)(C)c2cc(Br)ccc21,613.458
CC[N+]1=C(/C=C/C=C/C=C2/N(CCCC[N+](CC)(CC)CC)c3ccc(Br)cc3C2(C)C)C(C)(C)c2cc(Br)ccc21,697.644
CC[N+]1=C(/C=C/C=C/C=C2/N(CCCCS(=O)(=O)O)c3ccc(Br)cc3C2(C)C)C(C)(C)c2cc(Br)ccc21,677.523
CC[N+]1=C(/C=C/C=C/C=C2/N(Cc3ccccc3)c3ccc(Br)cc3C2(C)C)C(C)(C)c2cc(Br)ccc21,631.476
CC[N+]1=C(/C=C/C=C/C=C2/N(Cc3ccsc3)c3ccc(Br)cc3C2(C)C)C(C)(C)c2cc(Br)ccc21,637.505
CCN1/C(=C/C=C/C=C/C2=[N+](CC)c3ccc(I)cc3C2(C)C)C(C)(C)c2cc(Br)ccc21,616.405
CCCCN1/C(=C/C=C/C=C/C2=[N+](CC)c3ccc(I)cc3C2(C)C)C(C)(C)c2cc(Br)ccc21,644.459
CC[N+]1=C(/C=C/C=C/C=C2/N(CCCCN)c3ccc(Br)cc3C2(C)C)C(C)(C)c2cc(I)ccc21,659.474
CC[N+]1=C(/C=C/C=C/C=C2/N(CCCCO)c3ccc(Br)cc3C2(C)C)C(C)(C)c2cc(I)ccc21,660.458
CC[N+]1=C(/C=C/C=C/C=C2/N(CCCC[N+](CC)(CC)CC)c3ccc(Br)cc3C2(C)C)C(C)(C)c2cc(I)ccc21,744.644
CC[N+]1=C(/C=C/C=C/C=C2/N(CCCCS(=O)(=O)O)c3ccc(Br)cc3C2(C)C)C(C)(C)c2cc(I)ccc21,724.523
CC[N+]1=C(/C=C/C=C/C=C2/N(Cc3ccccc3)c3ccc(Br)cc3C2(C)C)C(C)(C)c2cc(I)ccc21,678.476
CC[N+]1=C(/C=C/C=C/C=C2/N(Cc3ccsc3)c3ccc(Br)cc3C2(C)C)C(C)(C)c2cc(I)ccc21,684.505
CCCC[N+]1=C(/C=C/C=C/C=C2/N(CC)c3ccc(Br)cc3C2(C)C)C(C)(C)c2ccccc21,518.563
CCCCN1/C(=C/C=C/C=C/C2=[N+](CCCC)c3ccccc3C2(C)C)C(C)(C)c2cc(Br)ccc21,546.617
CCCC[N+]1=C(/C=C/C=C/C=C2/N(CCCCN)c3ccc(Br)cc3C2(C)C)C(C)(C)c2ccccc21,561.632
CCCC[N+]1=C(/C=C/C=C/C=C2/N(CCCCO)c3ccc(Br)cc3C2(C)C)C(C)(C)c2ccccc21,562.616
CCCC[N+]1=C(/C=C/C=C/C=C2/N(CCCC[N+](CC)(CC)CC)c3ccc(Br)cc3C2(C)C)C(C)(C)c2ccccc21,646.802
CCCC[N+]1=C(/C=C/C=C/C=C2/N(CCCCS(=O)(=O)O)c3ccc(Br)cc3C2(C)C)C(C)(C)c2ccccc21,626.681
CCCC[N+]1=C(/C=C/C=C/C=C2/N(Cc3ccccc3)c3ccc(Br)cc3C2(C)C)C(C)(C)c2ccccc21,580.634
CCCC[N+]1=C(/C=C/C=C/C=C2/N(Cc3ccsc3)c3ccc(Br)cc3C2(C)C)C(C)(C)c2ccccc21,586.663
CCCC[N+]1=C(/C=C/C=C/C=C2/N(CC)c3ccc(Br)cc3C2(C)C)C(C)(C)c2cc(Br)ccc21,597.459
CCCCN1/C(=C/C=C/C=C/C2=[N+](CCCC)c3ccc(Br)cc3C2(C)C)C(C)(C)c2cc(Br)ccc21,625.513
CCCC[N+]1=C(/C=C/C=C/C=C2/N(CCCCN)c3ccc(Br)cc3C2(C)C)C(C)(C)c2cc(Br)ccc21,640.528
CCCC[N+]1=C(/C=C/C=C/C=C2/N(CCCCO)c3ccc(Br)cc3C2(C)C)C(C)(C)c2cc(Br)ccc21,641.512
CCCC[N+]1=C(/C=C/C=C/C=C2/N(CCCC[N+](CC)(CC)CC)c3ccc(Br)cc3C2(C)C)C(C)(C)c2cc(Br)ccc21,725.698
CCCC[N+]1=C(/C=C/C=C/C=C2/N(CCCCS(=O)(=O)O)c3ccc(Br)cc3C2(C)C)C(C)(C)c2cc(Br)ccc21,705.577
CCCC[N+]1=C(/C=C/C=C/C=C2/N(Cc3ccccc3)c3ccc(Br)cc3C2(C)C)C(C)(C)c2cc(Br)ccc21,659.53
CCCC[N+]1=C(/C=C/C=C/C=C2/N(Cc3ccsc3)c3ccc(Br)cc3C2(C)C)C(C)(C)c2cc(Br)ccc21,665.559
CCCC[N+]1=C(/C=C/C=C/C=C2/N(CC)c3ccc(Br)cc3C2(C)C)C(C)(C)c2cc(I)ccc21,644.459
CCCCN1/C(=C/C=C/C=C/C2=[N+](CCCC)c3ccc(I)cc3C2(C)C)C(C)(C)c2cc(Br)ccc21,672.513
CCCC[N+]1=C(/C=C/C=C/C=C2/N(CCCCN)c3ccc(Br)cc3C2(C)C)C(C)(C)c2cc(I)ccc21,687.528
CCCC[N+]1=C(/C=C/C=C/C=C2/N(CCCCO)c3ccc(Br)cc3C2(C)C)C(C)(C)c2cc(I)ccc21,688.512
CCCC[N+]1=C(/C=C/C=C/C=C2/N(CCCC[N+](CC)(CC)CC)c3ccc(Br)cc3C2(C)C)C(C)(C)c2cc(I)ccc21,772.698
CCCC[N+]1=C(/C=C/C=C/C=C2/N(CCCCS(=O)(=O)O)c3ccc(Br)cc3C2(C)C)C(C)(C)c2cc(I)ccc21,752.577
CCCC[N+]1=C(/C=C/C=C/C=C2/N(Cc3ccccc3)c3ccc(Br)cc3C2(C)C)C(C)(C)c2cc(I)ccc21,706.53
CCCC[N+]1=C(/C=C/C=C/C=C2/N(Cc3ccsc3)c3ccc(Br)cc3C2(C)C)C(C)(C)c2cc(I)ccc21,712.559
CCN1/C(=C/C=C/C=C/C2=[N+](CCCCN)c3ccccc3C2(C)C)C(C)(C)c2cc(Br)ccc21,533.578
CCCCN1/C(=C/C=C/C=C/C2=[N+](CCCCN)c3ccccc3C2(C)C)C(C)(C)c2cc(Br)ccc21,561.632
CC1(C)C(/C=C/C=C/C=C2/N(CCCCN)c3ccc(Br)cc3C2(C)C)=[N+](CCCCN)c2ccccc21,576.647
CC1(C)C(/C=C/C=C/C=C2/N(CCCCO)c3ccc(Br)cc3C2(C)C)=[N+](CCCCN)c2ccccc21,577.631
CC[N+](CC)(CC)CCCCN1/C(=C/C=C/C=C/C2=[N+](CCCCN)c3ccccc3C2(C)C)C(C)(C)c2cc(Br)ccc21,661.817
CC1(C)C(/C=C/C=C/C=C2/N(CCCCS(=O)(=O)O)c3ccc(Br)cc3C2(C)C)=[N+](CCCCN)c2ccccc21,641.696
CC1(C)C(/C=C/C=C/C=C2/N(Cc3ccccc3)c3ccc(Br)cc3C2(C)C)=[N+](CCCCN)c2ccccc21,595.649
CC1(C)C(/C=C/C=C/C=C2/N(Cc3ccsc3)c3ccc(Br)cc3C2(C)C)=[N+](CCCCN)c2ccccc21,601.678
CCN1/C(=C/C=C/C=C/C2=[N+](CCCCN)c3ccc(Br)cc3C2(C)C)C(C)(C)c2cc(Br)ccc21,612.474
CCCCN1/C(=C/C=C/C=C/C2=[N+](CCCCN)c3ccc(Br)cc3C2(C)C)C(C)(C)c2cc(Br)ccc21,640.528
CC1(C)C(/C=C/C=C/C=C2/N(CCCCN)c3ccc(Br)cc3C2(C)C)=[N+](CCCCN)c2ccc(Br)cc21,655.543
CC1(C)C(/C=C/C=C/C=C2/N(CCCCO)c3ccc(Br)cc3C2(C)C)=[N+](CCCCN)c2ccc(Br)cc21,656.527
CC[N+](CC)(CC)CCCCN1/C(=C/C=C/C=C/C2=[N+](CCCCN)c3ccc(Br)cc3C2(C)C)C(C)(C)c2cc(Br)ccc21,740.713
CC1(C)C(/C=C/C=C/C=C2/N(CCCCS(=O)(=O)O)c3ccc(Br)cc3C2(C)C)=[N+](CCCCN)c2ccc(Br)cc21,720.592
CC1(C)C(/C=C/C=C/C=C2/N(Cc3ccccc3)c3ccc(Br)cc3C2(C)C)=[N+](CCCCN)c2ccc(Br)cc21,674.545
CC1(C)C(/C=C/C=C/C=C2/N(Cc3ccsc3)c3ccc(Br)cc3C2(C)C)=[N+](CCCCN)c2ccc(Br)cc21,680.574
CCN1/C(=C/C=C/C=C/C2=[N+](CCCCN)c3ccc(I)cc3C2(C)C)C(C)(C)c2cc(Br)ccc21,659.474
CCCCN1/C(=C/C=C/C=C/C2=[N+](CCCCN)c3ccc(I)cc3C2(C)C)C(C)(C)c2cc(Br)ccc21,687.528
CC1(C)C(/C=C/C=C/C=C2/N(CCCCN)c3ccc(Br)cc3C2(C)C)=[N+](CCCCN)c2ccc(I)cc21,702.543
CC1(C)C(/C=C/C=C/C=C2/N(CCCCO)c3ccc(Br)cc3C2(C)C)=[N+](CCCCN)c2ccc(I)cc21,703.527
CC[N+](CC)(CC)CCCCN1/C(=C/C=C/C=C/C2=[N+](CCCCN)c3ccc(I)cc3C2(C)C)C(C)(C)c2cc(Br)ccc21,787.713
CC1(C)C(/C=C/C=C/C=C2/N(CCCCS(=O)(=O)O)c3ccc(Br)cc3C2(C)C)=[N+](CCCCN)c2ccc(I)cc21,767.592
CC1(C)C(/C=C/C=C/C=C2/N(Cc3ccccc3)c3ccc(Br)cc3C2(C)C)=[N+](CCCCN)c2ccc(I)cc21,721.545
CC1(C)C(/C=C/C=C/C=C2/N(Cc3ccsc3)c3ccc(Br)cc3C2(C)C)=[N+](CCCCN)c2ccc(I)cc21,727.574
CCN1/C(=C/C=C/C=C/C2=[N+](CCCCO)c3ccccc3C2(C)C)C(C)(C)c2cc(Br)ccc21,534.562
CCCCN1/C(=C/C=C/C=C/C2=[N+](CCCCO)c3ccccc3C2(C)C)C(C)(C)c2cc(Br)ccc21,562.616
CC1(C)C(/C=C/C=C/C=C2/N(CCCCN)c3ccc(Br)cc3C2(C)C)=[N+](CCCCO)c2ccccc21,577.631
CC1(C)C(/C=C/C=C/C=C2/N(CCCCO)c3ccc(Br)cc3C2(C)C)=[N+](CCCCO)c2ccccc21,578.615
CC[N+](CC)(CC)CCCCN1/C(=C/C=C/C=C/C2=[N+](CCCCO)c3ccccc3C2(C)C)C(C)(C)c2cc(Br)ccc21,662.801
CC1(C)C(/C=C/C=C/C=C2/N(CCCCS(=O)(=O)O)c3ccc(Br)cc3C2(C)C)=[N+](CCCCO)c2ccccc21,642.68
CC1(C)C(/C=C/C=C/C=C2/N(Cc3ccccc3)c3ccc(Br)cc3C2(C)C)=[N+](CCCCO)c2ccccc21,596.633
CC1(C)C(/C=C/C=C/C=C2/N(Cc3ccsc3)c3ccc(Br)cc3C2(C)C)=[N+](CCCCO)c2ccccc21,602.662
CCN1/C(=C/C=C/C=C/C2=[N+](CCCCO)c3ccc(Br)cc3C2(C)C)C(C)(C)c2cc(Br)ccc21,613.458
CCCCN1/C(=C/C=C/C=C/C2=[N+](CCCCO)c3ccc(Br)cc3C2(C)C)C(C)(C)c2cc(Br)ccc21,641.512
CC1(C)C(/C=C/C=C/C=C2/N(CCCCN)c3ccc(Br)cc3C2(C)C)=[N+](CCCCO)c2ccc(Br)cc21,656.527
CC1(C)C(/C=C/C=C/C=C2/N(CCCCO)c3ccc(Br)cc3C2(C)C)=[N+](CCCCO)c2ccc(Br)cc21,657.511
CC[N+](CC)(CC)CCCCN1/C(=C/C=C/C=C/C2=[N+](CCCCO)c3ccc(Br)cc3C2(C)C)C(C)(C)c2cc(Br)ccc21,741.697
CC1(C)C(/C=C/C=C/C=C2/N(CCCCS(=O)(=O)O)c3ccc(Br)cc3C2(C)C)=[N+](CCCCO)c2ccc(Br)cc21,721.576
CC1(C)C(/C=C/C=C/C=C2/N(Cc3ccccc3)c3ccc(Br)cc3C2(C)C)=[N+](CCCCO)c2ccc(Br)cc21,675.529
CC1(C)C(/C=C/C=C/C=C2/N(Cc3ccsc3)c3ccc(Br)cc3C2(C)C)=[N+](CCCCO)c2ccc(Br)cc21,681.558
CCN1/C(=C/C=C/C=C/C2=[N+](CCCCO)c3ccc(I)cc3C2(C)C)C(C)(C)c2cc(Br)ccc21,660.458
CCCCN1/C(=C/C=C/C=C/C2=[N+](CCCCO)c3ccc(I)cc3C2(C)C)C(C)(C)c2cc(Br)ccc21,688.512
CC1(C)C(/C=C/C=C/C=C2/N(CCCCN)c3ccc(Br)cc3C2(C)C)=[N+](CCCCO)c2ccc(I)cc21,703.527
CC1(C)C(/C=C/C=C/C=C2/N(CCCCO)c3ccc(Br)cc3C2(C)C)=[N+](CCCCO)c2ccc(I)cc21,704.511
CC[N+](CC)(CC)CCCCN1/C(=C/C=C/C=C/C2=[N+](CCCCO)c3ccc(I)cc3C2(C)C)C(C)(C)c2cc(Br)ccc21,788.697
CC1(C)C(/C=C/C=C/C=C2/N(CCCCS(=O)(=O)O)c3ccc(Br)cc3C2(C)C)=[N+](CCCCO)c2ccc(I)cc21,768.576
CC1(C)C(/C=C/C=C/C=C2/N(Cc3ccccc3)c3ccc(Br)cc3C2(C)C)=[N+](CCCCO)c2ccc(I)cc21,722.529
CC1(C)C(/C=C/C=C/C=C2/N(Cc3ccsc3)c3ccc(Br)cc3C2(C)C)=[N+](CCCCO)c2ccc(I)cc21,728.558
CCN1/C(=C/C=C/C=C/C2=[N+](CCCC[N+](CC)(CC)CC)c3ccccc3C2(C)C)C(C)(C)c2cc(Br)ccc21,618.748
CCCCN1/C(=C/C=C/C=C/C2=[N+](CCCC[N+](CC)(CC)CC)c3ccccc3C2(C)C)C(C)(C)c2cc(Br)ccc21,646.802
CC[N+](CC)(CC)CCCC[N+]1=C(/C=C/C=C/C=C2/N(CCCCN)c3ccc(Br)cc3C2(C)C)C(C)(C)c2ccccc21,661.817
CC[N+](CC)(CC)CCCC[N+]1=C(/C=C/C=C/C=C2/N(CCCCO)c3ccc(Br)cc3C2(C)C)C(C)(C)c2ccccc21,662.801
CC[N+](CC)(CC)CCCCN1/C(=C/C=C/C=C/C2=[N+](CCCC[N+](CC)(CC)CC)c3ccccc3C2(C)C)C(C)(C)c2cc(Br)ccc21,746.986999999999
CC[N+](CC)(CC)CCCC[N+]1=C(/C=C/C=C/C=C2/N(CCCCS(=O)(=O)O)c3ccc(Br)cc3C2(C)C)C(C)(C)c2ccccc21,726.866
CC[N+](CC)(CC)CCCC[N+]1=C(/C=C/C=C/C=C2/N(Cc3ccccc3)c3ccc(Br)cc3C2(C)C)C(C)(C)c2ccccc21,680.819
CC[N+](CC)(CC)CCCC[N+]1=C(/C=C/C=C/C=C2/N(Cc3ccsc3)c3ccc(Br)cc3C2(C)C)C(C)(C)c2ccccc21,686.848
CCN1/C(=C/C=C/C=C/C2=[N+](CCCC[N+](CC)(CC)CC)c3ccc(Br)cc3C2(C)C)C(C)(C)c2cc(Br)ccc21,697.644
CCCCN1/C(=C/C=C/C=C/C2=[N+](CCCC[N+](CC)(CC)CC)c3ccc(Br)cc3C2(C)C)C(C)(C)c2cc(Br)ccc21,725.698
CC[N+](CC)(CC)CCCC[N+]1=C(/C=C/C=C/C=C2/N(CCCCN)c3ccc(Br)cc3C2(C)C)C(C)(C)c2cc(Br)ccc21,740.713
CC[N+](CC)(CC)CCCC[N+]1=C(/C=C/C=C/C=C2/N(CCCCO)c3ccc(Br)cc3C2(C)C)C(C)(C)c2cc(Br)ccc21,741.697
CC[N+](CC)(CC)CCCCN1/C(=C/C=C/C=C/C2=[N+](CCCC[N+](CC)(CC)CC)c3ccc(Br)cc3C2(C)C)C(C)(C)c2cc(Br)ccc21,825.882999999999
CC[N+](CC)(CC)CCCC[N+]1=C(/C=C/C=C/C=C2/N(CCCCS(=O)(=O)O)c3ccc(Br)cc3C2(C)C)C(C)(C)c2cc(Br)ccc21,805.762
CC[N+](CC)(CC)CCCC[N+]1=C(/C=C/C=C/C=C2/N(Cc3ccccc3)c3ccc(Br)cc3C2(C)C)C(C)(C)c2cc(Br)ccc21,759.715
CC[N+](CC)(CC)CCCC[N+]1=C(/C=C/C=C/C=C2/N(Cc3ccsc3)c3ccc(Br)cc3C2(C)C)C(C)(C)c2cc(Br)ccc21,765.744
CCN1/C(=C/C=C/C=C/C2=[N+](CCCC[N+](CC)(CC)CC)c3ccc(I)cc3C2(C)C)C(C)(C)c2cc(Br)ccc21,744.644
CCCCN1/C(=C/C=C/C=C/C2=[N+](CCCC[N+](CC)(CC)CC)c3ccc(I)cc3C2(C)C)C(C)(C)c2cc(Br)ccc21,772.698
CC[N+](CC)(CC)CCCC[N+]1=C(/C=C/C=C/C=C2/N(CCCCN)c3ccc(Br)cc3C2(C)C)C(C)(C)c2cc(I)ccc21,787.713
CC[N+](CC)(CC)CCCC[N+]1=C(/C=C/C=C/C=C2/N(CCCCO)c3ccc(Br)cc3C2(C)C)C(C)(C)c2cc(I)ccc21,788.697
CC[N+](CC)(CC)CCCCN1/C(=C/C=C/C=C/C2=[N+](CCCC[N+](CC)(CC)CC)c3ccc(I)cc3C2(C)C)C(C)(C)c2cc(Br)ccc21,872.882999999999
CC[N+](CC)(CC)CCCC[N+]1=C(/C=C/C=C/C=C2/N(CCCCS(=O)(=O)O)c3ccc(Br)cc3C2(C)C)C(C)(C)c2cc(I)ccc21,852.762
CC[N+](CC)(CC)CCCC[N+]1=C(/C=C/C=C/C=C2/N(Cc3ccccc3)c3ccc(Br)cc3C2(C)C)C(C)(C)c2cc(I)ccc21,806.715
CC[N+](CC)(CC)CCCC[N+]1=C(/C=C/C=C/C=C2/N(Cc3ccsc3)c3ccc(Br)cc3C2(C)C)C(C)(C)c2cc(I)ccc21,812.744
CCN1/C(=C/C=C/C=C/C2=[N+](CCCCS(=O)(=O)O)c3ccccc3C2(C)C)C(C)(C)c2cc(Br)ccc21,598.627
CCCCN1/C(=C/C=C/C=C/C2=[N+](CCCCS(=O)(=O)O)c3ccccc3C2(C)C)C(C)(C)c2cc(Br)ccc21,626.681
CC1(C)C(/C=C/C=C/C=C2/N(CCCCN)c3ccc(Br)cc3C2(C)C)=[N+](CCCCS(=O)(=O)O)c2ccccc21,641.696
CC1(C)C(/C=C/C=C/C=C2/N(CCCCO)c3ccc(Br)cc3C2(C)C)=[N+](CCCCS(=O)(=O)O)c2ccccc21,642.68
CC[N+](CC)(CC)CCCCN1/C(=C/C=C/C=C/C2=[N+](CCCCS(=O)(=O)O)c3ccccc3C2(C)C)C(C)(C)c2cc(Br)ccc21,726.866
CC1(C)C(/C=C/C=C/C=C2/N(CCCCS(=O)(=O)O)c3ccc(Br)cc3C2(C)C)=[N+](CCCCS(=O)(=O)O)c2ccccc21,706.745
CC1(C)C(/C=C/C=C/C=C2/N(Cc3ccccc3)c3ccc(Br)cc3C2(C)C)=[N+](CCCCS(=O)(=O)O)c2ccccc21,660.698
CC1(C)C(/C=C/C=C/C=C2/N(Cc3ccsc3)c3ccc(Br)cc3C2(C)C)=[N+](CCCCS(=O)(=O)O)c2ccccc21,666.727
CCN1/C(=C/C=C/C=C/C2=[N+](CCCCS(=O)(=O)O)c3ccc(Br)cc3C2(C)C)C(C)(C)c2cc(Br)ccc21,677.523
CCCCN1/C(=C/C=C/C=C/C2=[N+](CCCCS(=O)(=O)O)c3ccc(Br)cc3C2(C)C)C(C)(C)c2cc(Br)ccc21,705.577
CC1(C)C(/C=C/C=C/C=C2/N(CCCCN)c3ccc(Br)cc3C2(C)C)=[N+](CCCCS(=O)(=O)O)c2ccc(Br)cc21,720.592
CC1(C)C(/C=C/C=C/C=C2/N(CCCCO)c3ccc(Br)cc3C2(C)C)=[N+](CCCCS(=O)(=O)O)c2ccc(Br)cc21,721.576
CC[N+](CC)(CC)CCCCN1/C(=C/C=C/C=C/C2=[N+](CCCCS(=O)(=O)O)c3ccc(Br)cc3C2(C)C)C(C)(C)c2cc(Br)ccc21,805.762
CC1(C)C(/C=C/C=C/C=C2/N(CCCCS(=O)(=O)O)c3ccc(Br)cc3C2(C)C)=[N+](CCCCS(=O)(=O)O)c2ccc(Br)cc21,785.641
CC1(C)C(/C=C/C=C/C=C2/N(Cc3ccccc3)c3ccc(Br)cc3C2(C)C)=[N+](CCCCS(=O)(=O)O)c2ccc(Br)cc21,739.594
CC1(C)C(/C=C/C=C/C=C2/N(Cc3ccsc3)c3ccc(Br)cc3C2(C)C)=[N+](CCCCS(=O)(=O)O)c2ccc(Br)cc21,745.623
CCN1/C(=C/C=C/C=C/C2=[N+](CCCCS(=O)(=O)O)c3ccc(I)cc3C2(C)C)C(C)(C)c2cc(Br)ccc21,724.523
CCCCN1/C(=C/C=C/C=C/C2=[N+](CCCCS(=O)(=O)O)c3ccc(I)cc3C2(C)C)C(C)(C)c2cc(Br)ccc21,752.577
CC1(C)C(/C=C/C=C/C=C2/N(CCCCN)c3ccc(Br)cc3C2(C)C)=[N+](CCCCS(=O)(=O)O)c2ccc(I)cc21,767.592
CC1(C)C(/C=C/C=C/C=C2/N(CCCCO)c3ccc(Br)cc3C2(C)C)=[N+](CCCCS(=O)(=O)O)c2ccc(I)cc21,768.576
CC[N+](CC)(CC)CCCCN1/C(=C/C=C/C=C/C2=[N+](CCCCS(=O)(=O)O)c3ccc(I)cc3C2(C)C)C(C)(C)c2cc(Br)ccc21,852.762
CC1(C)C(/C=C/C=C/C=C2/N(CCCCS(=O)(=O)O)c3ccc(Br)cc3C2(C)C)=[N+](CCCCS(=O)(=O)O)c2ccc(I)cc21,832.641
CC1(C)C(/C=C/C=C/C=C2/N(Cc3ccccc3)c3ccc(Br)cc3C2(C)C)=[N+](CCCCS(=O)(=O)O)c2ccc(I)cc21,786.594
CC1(C)C(/C=C/C=C/C=C2/N(Cc3ccsc3)c3ccc(Br)cc3C2(C)C)=[N+](CCCCS(=O)(=O)O)c2ccc(I)cc21,792.623
CCN1/C(=C/C=C/C=C/C2=[N+](Cc3ccccc3)c3ccccc3C2(C)C)C(C)(C)c2cc(Br)ccc21,552.58
CCCCN1/C(=C/C=C/C=C/C2=[N+](Cc3ccccc3)c3ccccc3C2(C)C)C(C)(C)c2cc(Br)ccc21,580.634
CC1(C)C(/C=C/C=C/C=C2/N(CCCCN)c3ccc(Br)cc3C2(C)C)=[N+](Cc2ccccc2)c2ccccc21,595.649
CC1(C)C(/C=C/C=C/C=C2/N(CCCCO)c3ccc(Br)cc3C2(C)C)=[N+](Cc2ccccc2)c2ccccc21,596.633
CC[N+](CC)(CC)CCCCN1/C(=C/C=C/C=C/C2=[N+](Cc3ccccc3)c3ccccc3C2(C)C)C(C)(C)c2cc(Br)ccc21,680.819
CC1(C)C(/C=C/C=C/C=C2/N(CCCCS(=O)(=O)O)c3ccc(Br)cc3C2(C)C)=[N+](Cc2ccccc2)c2ccccc21,660.698
CC1(C)C(/C=C/C=C/C=C2/N(Cc3ccccc3)c3ccc(Br)cc3C2(C)C)=[N+](Cc2ccccc2)c2ccccc21,614.651
CC1(C)C(/C=C/C=C/C=C2/N(Cc3ccsc3)c3ccc(Br)cc3C2(C)C)=[N+](Cc2ccccc2)c2ccccc21,620.68
CCN1/C(=C/C=C/C=C/C2=[N+](Cc3ccccc3)c3ccc(Br)cc3C2(C)C)C(C)(C)c2cc(Br)ccc21,631.476
CCCCN1/C(=C/C=C/C=C/C2=[N+](Cc3ccccc3)c3ccc(Br)cc3C2(C)C)C(C)(C)c2cc(Br)ccc21,659.53
CC1(C)C(/C=C/C=C/C=C2/N(CCCCN)c3ccc(Br)cc3C2(C)C)=[N+](Cc2ccccc2)c2ccc(Br)cc21,674.545
CC1(C)C(/C=C/C=C/C=C2/N(CCCCO)c3ccc(Br)cc3C2(C)C)=[N+](Cc2ccccc2)c2ccc(Br)cc21,675.529
CC[N+](CC)(CC)CCCCN1/C(=C/C=C/C=C/C2=[N+](Cc3ccccc3)c3ccc(Br)cc3C2(C)C)C(C)(C)c2cc(Br)ccc21,759.715
CC1(C)C(/C=C/C=C/C=C2/N(CCCCS(=O)(=O)O)c3ccc(Br)cc3C2(C)C)=[N+](Cc2ccccc2)c2ccc(Br)cc21,739.594
CC1(C)C(/C=C/C=C/C=C2/N(Cc3ccccc3)c3ccc(Br)cc3C2(C)C)=[N+](Cc2ccccc2)c2ccc(Br)cc21,693.547
CC1(C)C(/C=C/C=C/C=C2/N(Cc3ccsc3)c3ccc(Br)cc3C2(C)C)=[N+](Cc2ccccc2)c2ccc(Br)cc21,699.576
CCN1/C(=C/C=C/C=C/C2=[N+](Cc3ccccc3)c3ccc(I)cc3C2(C)C)C(C)(C)c2cc(Br)ccc21,678.476
CCCCN1/C(=C/C=C/C=C/C2=[N+](Cc3ccccc3)c3ccc(I)cc3C2(C)C)C(C)(C)c2cc(Br)ccc21,706.53
CC1(C)C(/C=C/C=C/C=C2/N(CCCCN)c3ccc(Br)cc3C2(C)C)=[N+](Cc2ccccc2)c2ccc(I)cc21,721.545
CC1(C)C(/C=C/C=C/C=C2/N(CCCCO)c3ccc(Br)cc3C2(C)C)=[N+](Cc2ccccc2)c2ccc(I)cc21,722.529
CC[N+](CC)(CC)CCCCN1/C(=C/C=C/C=C/C2=[N+](Cc3ccccc3)c3ccc(I)cc3C2(C)C)C(C)(C)c2cc(Br)ccc21,806.715
CC1(C)C(/C=C/C=C/C=C2/N(CCCCS(=O)(=O)O)c3ccc(Br)cc3C2(C)C)=[N+](Cc2ccccc2)c2ccc(I)cc21,786.594
CC1(C)C(/C=C/C=C/C=C2/N(Cc3ccccc3)c3ccc(Br)cc3C2(C)C)=[N+](Cc2ccccc2)c2ccc(I)cc21,740.547
CC1(C)C(/C=C/C=C/C=C2/N(Cc3ccsc3)c3ccc(Br)cc3C2(C)C)=[N+](Cc2ccccc2)c2ccc(I)cc21,746.576
CCN1/C(=C/C=C/C=C/C2=[N+](Cc3ccsc3)c3ccccc3C2(C)C)C(C)(C)c2cc(Br)ccc21,558.609
CCCCN1/C(=C/C=C/C=C/C2=[N+](Cc3ccsc3)c3ccccc3C2(C)C)C(C)(C)c2cc(Br)ccc21,586.663
CC1(C)C(/C=C/C=C/C=C2/N(CCCCN)c3ccc(Br)cc3C2(C)C)=[N+](Cc2ccsc2)c2ccccc21,601.678
CC1(C)C(/C=C/C=C/C=C2/N(CCCCO)c3ccc(Br)cc3C2(C)C)=[N+](Cc2ccsc2)c2ccccc21,602.662
CC[N+](CC)(CC)CCCCN1/C(=C/C=C/C=C/C2=[N+](Cc3ccsc3)c3ccccc3C2(C)C)C(C)(C)c2cc(Br)ccc21,686.848
CC1(C)C(/C=C/C=C/C=C2/N(CCCCS(=O)(=O)O)c3ccc(Br)cc3C2(C)C)=[N+](Cc2ccsc2)c2ccccc21,666.727
CC1(C)C(/C=C/C=C/C=C2/N(Cc3ccccc3)c3ccc(Br)cc3C2(C)C)=[N+](Cc2ccsc2)c2ccccc21,620.68
CC1(C)C(/C=C/C=C/C=C2/N(Cc3ccsc3)c3ccc(Br)cc3C2(C)C)=[N+](Cc2ccsc2)c2ccccc21,626.709
CCN1/C(=C/C=C/C=C/C2=[N+](Cc3ccsc3)c3ccc(Br)cc3C2(C)C)C(C)(C)c2cc(Br)ccc21,637.505
CCCCN1/C(=C/C=C/C=C/C2=[N+](Cc3ccsc3)c3ccc(Br)cc3C2(C)C)C(C)(C)c2cc(Br)ccc21,665.559
CC1(C)C(/C=C/C=C/C=C2/N(CCCCN)c3ccc(Br)cc3C2(C)C)=[N+](Cc2ccsc2)c2ccc(Br)cc21,680.574
CC1(C)C(/C=C/C=C/C=C2/N(CCCCO)c3ccc(Br)cc3C2(C)C)=[N+](Cc2ccsc2)c2ccc(Br)cc21,681.558
CC[N+](CC)(CC)CCCCN1/C(=C/C=C/C=C/C2=[N+](Cc3ccsc3)c3ccc(Br)cc3C2(C)C)C(C)(C)c2cc(Br)ccc21,765.744
CC1(C)C(/C=C/C=C/C=C2/N(CCCCS(=O)(=O)O)c3ccc(Br)cc3C2(C)C)=[N+](Cc2ccsc2)c2ccc(Br)cc21,745.623
CC1(C)C(/C=C/C=C/C=C2/N(Cc3ccccc3)c3ccc(Br)cc3C2(C)C)=[N+](Cc2ccsc2)c2ccc(Br)cc21,699.576
CC1(C)C(/C=C/C=C/C=C2/N(Cc3ccsc3)c3ccc(Br)cc3C2(C)C)=[N+](Cc2ccsc2)c2ccc(Br)cc21,705.605
CCN1/C(=C/C=C/C=C/C2=[N+](Cc3ccsc3)c3ccc(I)cc3C2(C)C)C(C)(C)c2cc(Br)ccc21,684.505
CCCCN1/C(=C/C=C/C=C/C2=[N+](Cc3ccsc3)c3ccc(I)cc3C2(C)C)C(C)(C)c2cc(Br)ccc21,712.559
CC1(C)C(/C=C/C=C/C=C2/N(CCCCN)c3ccc(Br)cc3C2(C)C)=[N+](Cc2ccsc2)c2ccc(I)cc21,727.574
CC1(C)C(/C=C/C=C/C=C2/N(CCCCO)c3ccc(Br)cc3C2(C)C)=[N+](Cc2ccsc2)c2ccc(I)cc21,728.558
CC[N+](CC)(CC)CCCCN1/C(=C/C=C/C=C/C2=[N+](Cc3ccsc3)c3ccc(I)cc3C2(C)C)C(C)(C)c2cc(Br)ccc21,812.744
CC1(C)C(/C=C/C=C/C=C2/N(CCCCS(=O)(=O)O)c3ccc(Br)cc3C2(C)C)=[N+](Cc2ccsc2)c2ccc(I)cc21,792.623
CC1(C)C(/C=C/C=C/C=C2/N(Cc3ccccc3)c3ccc(Br)cc3C2(C)C)=[N+](Cc2ccsc2)c2ccc(I)cc21,746.576
CC1(C)C(/C=C/C=C/C=C2/N(Cc3ccsc3)c3ccc(Br)cc3C2(C)C)=[N+](Cc2ccsc2)c2ccc(I)cc21,752.605
CCN1/C(=C/C=C(Br)/C=C/C2=[N+](CC)c3ccccc3C2(C)C)C(C)(C)c2cc(Br)ccc21,569.405
CCCCN1/C(=C/C=C(Br)/C=C/C2=[N+](CC)c3ccccc3C2(C)C)C(C)(C)c2cc(Br)ccc21,597.459
CC[N+]1=C(/C=C/C(Br)=C/C=C2/N(CCCCN)c3ccc(Br)cc3C2(C)C)C(C)(C)c2ccccc21,612.474
CC[N+]1=C(/C=C/C(Br)=C/C=C2/N(CCCCO)c3ccc(Br)cc3C2(C)C)C(C)(C)c2ccccc21,613.458
CC[N+]1=C(/C=C/C(Br)=C/C=C2/N(CCCC[N+](CC)(CC)CC)c3ccc(Br)cc3C2(C)C)C(C)(C)c2ccccc21,697.643999999999
CC[N+]1=C(/C=C/C(Br)=C/C=C2/N(CCCCS(=O)(=O)O)c3ccc(Br)cc3C2(C)C)C(C)(C)c2ccccc21,677.523
CC[N+]1=C(/C=C/C(Br)=C/C=C2/N(Cc3ccccc3)c3ccc(Br)cc3C2(C)C)C(C)(C)c2ccccc21,631.476
CC[N+]1=C(/C=C/C(Br)=C/C=C2/N(Cc3ccsc3)c3ccc(Br)cc3C2(C)C)C(C)(C)c2ccccc21,637.505
CCN1/C(=C/C=C(Br)/C=C/C2=[N+](CC)c3ccc(Br)cc3C2(C)C)C(C)(C)c2cc(Br)ccc21,648.301
CCCCN1/C(=C/C=C(Br)/C=C/C2=[N+](CC)c3ccc(Br)cc3C2(C)C)C(C)(C)c2cc(Br)ccc21,676.355
CC[N+]1=C(/C=C/C(Br)=C/C=C2/N(CCCCN)c3ccc(Br)cc3C2(C)C)C(C)(C)c2cc(Br)ccc21,691.37
CC[N+]1=C(/C=C/C(Br)=C/C=C2/N(CCCCO)c3ccc(Br)cc3C2(C)C)C(C)(C)c2cc(Br)ccc21,692.354
CC[N+]1=C(/C=C/C(Br)=C/C=C2/N(CCCC[N+](CC)(CC)CC)c3ccc(Br)cc3C2(C)C)C(C)(C)c2cc(Br)ccc21,776.539999999999
CC[N+]1=C(/C=C/C(Br)=C/C=C2/N(CCCCS(=O)(=O)O)c3ccc(Br)cc3C2(C)C)C(C)(C)c2cc(Br)ccc21,756.419
CC[N+]1=C(/C=C/C(Br)=C/C=C2/N(Cc3ccccc3)c3ccc(Br)cc3C2(C)C)C(C)(C)c2cc(Br)ccc21,710.372
CC[N+]1=C(/C=C/C(Br)=C/C=C2/N(Cc3ccsc3)c3ccc(Br)cc3C2(C)C)C(C)(C)c2cc(Br)ccc21,716.401
CCN1/C(=C/C=C(Br)/C=C/C2=[N+](CC)c3ccc(I)cc3C2(C)C)C(C)(C)c2cc(Br)ccc21,695.301
CCCCN1/C(=C/C=C(Br)/C=C/C2=[N+](CC)c3ccc(I)cc3C2(C)C)C(C)(C)c2cc(Br)ccc21,723.355
CC[N+]1=C(/C=C/C(Br)=C/C=C2/N(CCCCN)c3ccc(Br)cc3C2(C)C)C(C)(C)c2cc(I)ccc21,738.37
CC[N+]1=C(/C=C/C(Br)=C/C=C2/N(CCCCO)c3ccc(Br)cc3C2(C)C)C(C)(C)c2cc(I)ccc21,739.354
CC[N+]1=C(/C=C/C(Br)=C/C=C2/N(CCCC[N+](CC)(CC)CC)c3ccc(Br)cc3C2(C)C)C(C)(C)c2cc(I)ccc21,823.539999999999
CC[N+]1=C(/C=C/C(Br)=C/C=C2/N(CCCCS(=O)(=O)O)c3ccc(Br)cc3C2(C)C)C(C)(C)c2cc(I)ccc21,803.419
CC[N+]1=C(/C=C/C(Br)=C/C=C2/N(Cc3ccccc3)c3ccc(Br)cc3C2(C)C)C(C)(C)c2cc(I)ccc21,757.372
CC[N+]1=C(/C=C/C(Br)=C/C=C2/N(Cc3ccsc3)c3ccc(Br)cc3C2(C)C)C(C)(C)c2cc(I)ccc21,763.401
CCCC[N+]1=C(/C=C/C(Br)=C/C=C2/N(CC)c3ccc(Br)cc3C2(C)C)C(C)(C)c2ccccc21,597.459
CCCCN1/C(=C/C=C(Br)/C=C/C2=[N+](CCCC)c3ccccc3C2(C)C)C(C)(C)c2cc(Br)ccc21,625.513
CCCC[N+]1=C(/C=C/C(Br)=C/C=C2/N(CCCCN)c3ccc(Br)cc3C2(C)C)C(C)(C)c2ccccc21,640.528
CCCC[N+]1=C(/C=C/C(Br)=C/C=C2/N(CCCCO)c3ccc(Br)cc3C2(C)C)C(C)(C)c2ccccc21,641.512
CCCC[N+]1=C(/C=C/C(Br)=C/C=C2/N(CCCC[N+](CC)(CC)CC)c3ccc(Br)cc3C2(C)C)C(C)(C)c2ccccc21,725.697999999999
CCCC[N+]1=C(/C=C/C(Br)=C/C=C2/N(CCCCS(=O)(=O)O)c3ccc(Br)cc3C2(C)C)C(C)(C)c2ccccc21,705.577
CCCC[N+]1=C(/C=C/C(Br)=C/C=C2/N(Cc3ccccc3)c3ccc(Br)cc3C2(C)C)C(C)(C)c2ccccc21,659.53
CCCC[N+]1=C(/C=C/C(Br)=C/C=C2/N(Cc3ccsc3)c3ccc(Br)cc3C2(C)C)C(C)(C)c2ccccc21,665.559
CCCC[N+]1=C(/C=C/C(Br)=C/C=C2/N(CC)c3ccc(Br)cc3C2(C)C)C(C)(C)c2cc(Br)ccc21,676.355
CCCCN1/C(=C/C=C(Br)/C=C/C2=[N+](CCCC)c3ccc(Br)cc3C2(C)C)C(C)(C)c2cc(Br)ccc21,704.409
CCCC[N+]1=C(/C=C/C(Br)=C/C=C2/N(CCCCN)c3ccc(Br)cc3C2(C)C)C(C)(C)c2cc(Br)ccc21,719.424
CCCC[N+]1=C(/C=C/C(Br)=C/C=C2/N(CCCCO)c3ccc(Br)cc3C2(C)C)C(C)(C)c2cc(Br)ccc21,720.408
CCCC[N+]1=C(/C=C/C(Br)=C/C=C2/N(CCCC[N+](CC)(CC)CC)c3ccc(Br)cc3C2(C)C)C(C)(C)c2cc(Br)ccc21,804.593999999999
CCCC[N+]1=C(/C=C/C(Br)=C/C=C2/N(CCCCS(=O)(=O)O)c3ccc(Br)cc3C2(C)C)C(C)(C)c2cc(Br)ccc21,784.473
CCCC[N+]1=C(/C=C/C(Br)=C/C=C2/N(Cc3ccccc3)c3ccc(Br)cc3C2(C)C)C(C)(C)c2cc(Br)ccc21,738.426
CCCC[N+]1=C(/C=C/C(Br)=C/C=C2/N(Cc3ccsc3)c3ccc(Br)cc3C2(C)C)C(C)(C)c2cc(Br)ccc21,744.455
CCCC[N+]1=C(/C=C/C(Br)=C/C=C2/N(CC)c3ccc(Br)cc3C2(C)C)C(C)(C)c2cc(I)ccc21,723.355
CCCCN1/C(=C/C=C(Br)/C=C/C2=[N+](CCCC)c3ccc(I)cc3C2(C)C)C(C)(C)c2cc(Br)ccc21,751.409
CCCC[N+]1=C(/C=C/C(Br)=C/C=C2/N(CCCCN)c3ccc(Br)cc3C2(C)C)C(C)(C)c2cc(I)ccc21,766.424
CCCC[N+]1=C(/C=C/C(Br)=C/C=C2/N(CCCCO)c3ccc(Br)cc3C2(C)C)C(C)(C)c2cc(I)ccc21,767.408
CCCC[N+]1=C(/C=C/C(Br)=C/C=C2/N(CCCC[N+](CC)(CC)CC)c3ccc(Br)cc3C2(C)C)C(C)(C)c2cc(I)ccc21,851.593999999999
CCCC[N+]1=C(/C=C/C(Br)=C/C=C2/N(CCCCS(=O)(=O)O)c3ccc(Br)cc3C2(C)C)C(C)(C)c2cc(I)ccc21,831.473
CCCC[N+]1=C(/C=C/C(Br)=C/C=C2/N(Cc3ccccc3)c3ccc(Br)cc3C2(C)C)C(C)(C)c2cc(I)ccc21,785.426
CCCC[N+]1=C(/C=C/C(Br)=C/C=C2/N(Cc3ccsc3)c3ccc(Br)cc3C2(C)C)C(C)(C)c2cc(I)ccc21,791.455
CCN1/C(=C/C=C(Br)/C=C/C2=[N+](CCCCN)c3ccccc3C2(C)C)C(C)(C)c2cc(Br)ccc21,612.474
CCCCN1/C(=C/C=C(Br)/C=C/C2=[N+](CCCCN)c3ccccc3C2(C)C)C(C)(C)c2cc(Br)ccc21,640.528
CC1(C)C(/C=C/C(Br)=C/C=C2/N(CCCCN)c3ccc(Br)cc3C2(C)C)=[N+](CCCCN)c2ccccc21,655.542999999999
CC1(C)C(/C=C/C(Br)=C/C=C2/N(CCCCO)c3ccc(Br)cc3C2(C)C)=[N+](CCCCN)c2ccccc21,656.527
CC[N+](CC)(CC)CCCCN1/C(=C/C=C(Br)/C=C/C2=[N+](CCCCN)c3ccccc3C2(C)C)C(C)(C)c2cc(Br)ccc21,740.712999999999
CC1(C)C(/C=C/C(Br)=C/C=C2/N(CCCCS(=O)(=O)O)c3ccc(Br)cc3C2(C)C)=[N+](CCCCN)c2ccccc21,720.592
CC1(C)C(/C=C/C(Br)=C/C=C2/N(Cc3ccccc3)c3ccc(Br)cc3C2(C)C)=[N+](CCCCN)c2ccccc21,674.545
CC1(C)C(/C=C/C(Br)=C/C=C2/N(Cc3ccsc3)c3ccc(Br)cc3C2(C)C)=[N+](CCCCN)c2ccccc21,680.574
CCN1/C(=C/C=C(Br)/C=C/C2=[N+](CCCCN)c3ccc(Br)cc3C2(C)C)C(C)(C)c2cc(Br)ccc21,691.37
CCCCN1/C(=C/C=C(Br)/C=C/C2=[N+](CCCCN)c3ccc(Br)cc3C2(C)C)C(C)(C)c2cc(Br)ccc21,719.424
CC1(C)C(/C=C/C(Br)=C/C=C2/N(CCCCN)c3ccc(Br)cc3C2(C)C)=[N+](CCCCN)c2ccc(Br)cc21,734.438999999999
CC1(C)C(/C=C/C(Br)=C/C=C2/N(CCCCO)c3ccc(Br)cc3C2(C)C)=[N+](CCCCN)c2ccc(Br)cc21,735.423
CC[N+](CC)(CC)CCCCN1/C(=C/C=C(Br)/C=C/C2=[N+](CCCCN)c3ccc(Br)cc3C2(C)C)C(C)(C)c2cc(Br)ccc21,819.608999999999
CC1(C)C(/C=C/C(Br)=C/C=C2/N(CCCCS(=O)(=O)O)c3ccc(Br)cc3C2(C)C)=[N+](CCCCN)c2ccc(Br)cc21,799.488
CC1(C)C(/C=C/C(Br)=C/C=C2/N(Cc3ccccc3)c3ccc(Br)cc3C2(C)C)=[N+](CCCCN)c2ccc(Br)cc21,753.441
CC1(C)C(/C=C/C(Br)=C/C=C2/N(Cc3ccsc3)c3ccc(Br)cc3C2(C)C)=[N+](CCCCN)c2ccc(Br)cc21,759.47
CCN1/C(=C/C=C(Br)/C=C/C2=[N+](CCCCN)c3ccc(I)cc3C2(C)C)C(C)(C)c2cc(Br)ccc21,738.37
CCCCN1/C(=C/C=C(Br)/C=C/C2=[N+](CCCCN)c3ccc(I)cc3C2(C)C)C(C)(C)c2cc(Br)ccc21,766.424
CC1(C)C(/C=C/C(Br)=C/C=C2/N(CCCCN)c3ccc(Br)cc3C2(C)C)=[N+](CCCCN)c2ccc(I)cc21,781.438999999999
CC1(C)C(/C=C/C(Br)=C/C=C2/N(CCCCO)c3ccc(Br)cc3C2(C)C)=[N+](CCCCN)c2ccc(I)cc21,782.423
CC[N+](CC)(CC)CCCCN1/C(=C/C=C(Br)/C=C/C2=[N+](CCCCN)c3ccc(I)cc3C2(C)C)C(C)(C)c2cc(Br)ccc21,866.608999999999
CC1(C)C(/C=C/C(Br)=C/C=C2/N(CCCCS(=O)(=O)O)c3ccc(Br)cc3C2(C)C)=[N+](CCCCN)c2ccc(I)cc21,846.488
CC1(C)C(/C=C/C(Br)=C/C=C2/N(Cc3ccccc3)c3ccc(Br)cc3C2(C)C)=[N+](CCCCN)c2ccc(I)cc21,800.441
CC1(C)C(/C=C/C(Br)=C/C=C2/N(Cc3ccsc3)c3ccc(Br)cc3C2(C)C)=[N+](CCCCN)c2ccc(I)cc21,806.47
CCN1/C(=C/C=C(Br)/C=C/C2=[N+](CCCCO)c3ccccc3C2(C)C)C(C)(C)c2cc(Br)ccc21,613.458
CCCCN1/C(=C/C=C(Br)/C=C/C2=[N+](CCCCO)c3ccccc3C2(C)C)C(C)(C)c2cc(Br)ccc21,641.512
CC1(C)C(/C=C/C(Br)=C/C=C2/N(CCCCN)c3ccc(Br)cc3C2(C)C)=[N+](CCCCO)c2ccccc21,656.527
CC1(C)C(/C=C/C(Br)=C/C=C2/N(CCCCO)c3ccc(Br)cc3C2(C)C)=[N+](CCCCO)c2ccccc21,657.511
CC[N+](CC)(CC)CCCCN1/C(=C/C=C(Br)/C=C/C2=[N+](CCCCO)c3ccccc3C2(C)C)C(C)(C)c2cc(Br)ccc21,741.696999999999
CC1(C)C(/C=C/C(Br)=C/C=C2/N(CCCCS(=O)(=O)O)c3ccc(Br)cc3C2(C)C)=[N+](CCCCO)c2ccccc21,721.576
CC1(C)C(/C=C/C(Br)=C/C=C2/N(Cc3ccccc3)c3ccc(Br)cc3C2(C)C)=[N+](CCCCO)c2ccccc21,675.529
CC1(C)C(/C=C/C(Br)=C/C=C2/N(Cc3ccsc3)c3ccc(Br)cc3C2(C)C)=[N+](CCCCO)c2ccccc21,681.558
CCN1/C(=C/C=C(Br)/C=C/C2=[N+](CCCCO)c3ccc(Br)cc3C2(C)C)C(C)(C)c2cc(Br)ccc21,692.354
CCCCN1/C(=C/C=C(Br)/C=C/C2=[N+](CCCCO)c3ccc(Br)cc3C2(C)C)C(C)(C)c2cc(Br)ccc21,720.408
CC1(C)C(/C=C/C(Br)=C/C=C2/N(CCCCN)c3ccc(Br)cc3C2(C)C)=[N+](CCCCO)c2ccc(Br)cc21,735.423
CC1(C)C(/C=C/C(Br)=C/C=C2/N(CCCCO)c3ccc(Br)cc3C2(C)C)=[N+](CCCCO)c2ccc(Br)cc21,736.407
CC[N+](CC)(CC)CCCCN1/C(=C/C=C(Br)/C=C/C2=[N+](CCCCO)c3ccc(Br)cc3C2(C)C)C(C)(C)c2cc(Br)ccc21,820.592999999999
CC1(C)C(/C=C/C(Br)=C/C=C2/N(CCCCS(=O)(=O)O)c3ccc(Br)cc3C2(C)C)=[N+](CCCCO)c2ccc(Br)cc21,800.472
CC1(C)C(/C=C/C(Br)=C/C=C2/N(Cc3ccccc3)c3ccc(Br)cc3C2(C)C)=[N+](CCCCO)c2ccc(Br)cc21,754.425
CC1(C)C(/C=C/C(Br)=C/C=C2/N(Cc3ccsc3)c3ccc(Br)cc3C2(C)C)=[N+](CCCCO)c2ccc(Br)cc21,760.454
CCN1/C(=C/C=C(Br)/C=C/C2=[N+](CCCCO)c3ccc(I)cc3C2(C)C)C(C)(C)c2cc(Br)ccc21,739.354
CCCCN1/C(=C/C=C(Br)/C=C/C2=[N+](CCCCO)c3ccc(I)cc3C2(C)C)C(C)(C)c2cc(Br)ccc21,767.408
CC1(C)C(/C=C/C(Br)=C/C=C2/N(CCCCN)c3ccc(Br)cc3C2(C)C)=[N+](CCCCO)c2ccc(I)cc21,782.423
CC1(C)C(/C=C/C(Br)=C/C=C2/N(CCCCO)c3ccc(Br)cc3C2(C)C)=[N+](CCCCO)c2ccc(I)cc21,783.407
CC[N+](CC)(CC)CCCCN1/C(=C/C=C(Br)/C=C/C2=[N+](CCCCO)c3ccc(I)cc3C2(C)C)C(C)(C)c2cc(Br)ccc21,867.592999999999
CC1(C)C(/C=C/C(Br)=C/C=C2/N(CCCCS(=O)(=O)O)c3ccc(Br)cc3C2(C)C)=[N+](CCCCO)c2ccc(I)cc21,847.472
CC1(C)C(/C=C/C(Br)=C/C=C2/N(Cc3ccccc3)c3ccc(Br)cc3C2(C)C)=[N+](CCCCO)c2ccc(I)cc21,801.425
CC1(C)C(/C=C/C(Br)=C/C=C2/N(Cc3ccsc3)c3ccc(Br)cc3C2(C)C)=[N+](CCCCO)c2ccc(I)cc21,807.454
CCN1/C(=C/C=C(Br)/C=C/C2=[N+](CCCC[N+](CC)(CC)CC)c3ccccc3C2(C)C)C(C)(C)c2cc(Br)ccc21,697.643999999999
CCCCN1/C(=C/C=C(Br)/C=C/C2=[N+](CCCC[N+](CC)(CC)CC)c3ccccc3C2(C)C)C(C)(C)c2cc(Br)ccc21,725.697999999999
CC[N+](CC)(CC)CCCC[N+]1=C(/C=C/C(Br)=C/C=C2/N(CCCCN)c3ccc(Br)cc3C2(C)C)C(C)(C)c2ccccc21,740.712999999999
CC[N+](CC)(CC)CCCC[N+]1=C(/C=C/C(Br)=C/C=C2/N(CCCCO)c3ccc(Br)cc3C2(C)C)C(C)(C)c2ccccc21,741.696999999999
CC[N+](CC)(CC)CCCCN1/C(=C/C=C(Br)/C=C/C2=[N+](CCCC[N+](CC)(CC)CC)c3ccccc3C2(C)C)C(C)(C)c2cc(Br)ccc21,825.882999999999
CC[N+](CC)(CC)CCCC[N+]1=C(/C=C/C(Br)=C/C=C2/N(CCCCS(=O)(=O)O)c3ccc(Br)cc3C2(C)C)C(C)(C)c2ccccc21,805.761999999999
CC[N+](CC)(CC)CCCC[N+]1=C(/C=C/C(Br)=C/C=C2/N(Cc3ccccc3)c3ccc(Br)cc3C2(C)C)C(C)(C)c2ccccc21,759.715
CC[N+](CC)(CC)CCCC[N+]1=C(/C=C/C(Br)=C/C=C2/N(Cc3ccsc3)c3ccc(Br)cc3C2(C)C)C(C)(C)c2ccccc21,765.744
CCN1/C(=C/C=C(Br)/C=C/C2=[N+](CCCC[N+](CC)(CC)CC)c3ccc(Br)cc3C2(C)C)C(C)(C)c2cc(Br)ccc21,776.539999999999
CCCCN1/C(=C/C=C(Br)/C=C/C2=[N+](CCCC[N+](CC)(CC)CC)c3ccc(Br)cc3C2(C)C)C(C)(C)c2cc(Br)ccc21,804.593999999999
CC[N+](CC)(CC)CCCC[N+]1=C(/C=C/C(Br)=C/C=C2/N(CCCCN)c3ccc(Br)cc3C2(C)C)C(C)(C)c2cc(Br)ccc21,819.608999999999
CC[N+](CC)(CC)CCCC[N+]1=C(/C=C/C(Br)=C/C=C2/N(CCCCO)c3ccc(Br)cc3C2(C)C)C(C)(C)c2cc(Br)ccc21,820.592999999999
CC[N+](CC)(CC)CCCCN1/C(=C/C=C(Br)/C=C/C2=[N+](CCCC[N+](CC)(CC)CC)c3ccc(Br)cc3C2(C)C)C(C)(C)c2cc(Br)ccc21,904.778999999999
CC[N+](CC)(CC)CCCC[N+]1=C(/C=C/C(Br)=C/C=C2/N(CCCCS(=O)(=O)O)c3ccc(Br)cc3C2(C)C)C(C)(C)c2cc(Br)ccc21,884.657999999999
CC[N+](CC)(CC)CCCC[N+]1=C(/C=C/C(Br)=C/C=C2/N(Cc3ccccc3)c3ccc(Br)cc3C2(C)C)C(C)(C)c2cc(Br)ccc21,838.611
CC[N+](CC)(CC)CCCC[N+]1=C(/C=C/C(Br)=C/C=C2/N(Cc3ccsc3)c3ccc(Br)cc3C2(C)C)C(C)(C)c2cc(Br)ccc21,844.639999999999
CCN1/C(=C/C=C(Br)/C=C/C2=[N+](CCCC[N+](CC)(CC)CC)c3ccc(I)cc3C2(C)C)C(C)(C)c2cc(Br)ccc21,823.539999999999
CCCCN1/C(=C/C=C(Br)/C=C/C2=[N+](CCCC[N+](CC)(CC)CC)c3ccc(I)cc3C2(C)C)C(C)(C)c2cc(Br)ccc21,851.593999999999
CC[N+](CC)(CC)CCCC[N+]1=C(/C=C/C(Br)=C/C=C2/N(CCCCN)c3ccc(Br)cc3C2(C)C)C(C)(C)c2cc(I)ccc21,866.608999999999
CC[N+](CC)(CC)CCCC[N+]1=C(/C=C/C(Br)=C/C=C2/N(CCCCO)c3ccc(Br)cc3C2(C)C)C(C)(C)c2cc(I)ccc21,867.592999999999
CC[N+](CC)(CC)CCCCN1/C(=C/C=C(Br)/C=C/C2=[N+](CCCC[N+](CC)(CC)CC)c3ccc(I)cc3C2(C)C)C(C)(C)c2cc(Br)ccc21,951.778999999999
CC[N+](CC)(CC)CCCC[N+]1=C(/C=C/C(Br)=C/C=C2/N(CCCCS(=O)(=O)O)c3ccc(Br)cc3C2(C)C)C(C)(C)c2cc(I)ccc21,931.657999999999
CC[N+](CC)(CC)CCCC[N+]1=C(/C=C/C(Br)=C/C=C2/N(Cc3ccccc3)c3ccc(Br)cc3C2(C)C)C(C)(C)c2cc(I)ccc21,885.610999999999
CC[N+](CC)(CC)CCCC[N+]1=C(/C=C/C(Br)=C/C=C2/N(Cc3ccsc3)c3ccc(Br)cc3C2(C)C)C(C)(C)c2cc(I)ccc21,891.639999999999
CCN1/C(=C/C=C(Br)/C=C/C2=[N+](CCCCS(=O)(=O)O)c3ccccc3C2(C)C)C(C)(C)c2cc(Br)ccc21,677.523
CCCCN1/C(=C/C=C(Br)/C=C/C2=[N+](CCCCS(=O)(=O)O)c3ccccc3C2(C)C)C(C)(C)c2cc(Br)ccc21,705.577
CC1(C)C(/C=C/C(Br)=C/C=C2/N(CCCCN)c3ccc(Br)cc3C2(C)C)=[N+](CCCCS(=O)(=O)O)c2ccccc21,720.592
CC1(C)C(/C=C/C(Br)=C/C=C2/N(CCCCO)c3ccc(Br)cc3C2(C)C)=[N+](CCCCS(=O)(=O)O)c2ccccc21,721.576
CC[N+](CC)(CC)CCCCN1/C(=C/C=C(Br)/C=C/C2=[N+](CCCCS(=O)(=O)O)c3ccccc3C2(C)C)C(C)(C)c2cc(Br)ccc21,805.761999999999
CC1(C)C(/C=C/C(Br)=C/C=C2/N(CCCCS(=O)(=O)O)c3ccc(Br)cc3C2(C)C)=[N+](CCCCS(=O)(=O)O)c2ccccc21,785.641
CC1(C)C(/C=C/C(Br)=C/C=C2/N(Cc3ccccc3)c3ccc(Br)cc3C2(C)C)=[N+](CCCCS(=O)(=O)O)c2ccccc21,739.594
CC1(C)C(/C=C/C(Br)=C/C=C2/N(Cc3ccsc3)c3ccc(Br)cc3C2(C)C)=[N+](CCCCS(=O)(=O)O)c2ccccc21,745.623
CCN1/C(=C/C=C(Br)/C=C/C2=[N+](CCCCS(=O)(=O)O)c3ccc(Br)cc3C2(C)C)C(C)(C)c2cc(Br)ccc21,756.419
CCCCN1/C(=C/C=C(Br)/C=C/C2=[N+](CCCCS(=O)(=O)O)c3ccc(Br)cc3C2(C)C)C(C)(C)c2cc(Br)ccc21,784.473
CC1(C)C(/C=C/C(Br)=C/C=C2/N(CCCCN)c3ccc(Br)cc3C2(C)C)=[N+](CCCCS(=O)(=O)O)c2ccc(Br)cc21,799.488
CC1(C)C(/C=C/C(Br)=C/C=C2/N(CCCCO)c3ccc(Br)cc3C2(C)C)=[N+](CCCCS(=O)(=O)O)c2ccc(Br)cc21,800.472
CC[N+](CC)(CC)CCCCN1/C(=C/C=C(Br)/C=C/C2=[N+](CCCCS(=O)(=O)O)c3ccc(Br)cc3C2(C)C)C(C)(C)c2cc(Br)ccc21,884.657999999999
CC1(C)C(/C=C/C(Br)=C/C=C2/N(CCCCS(=O)(=O)O)c3ccc(Br)cc3C2(C)C)=[N+](CCCCS(=O)(=O)O)c2ccc(Br)cc21,864.537
CC1(C)C(/C=C/C(Br)=C/C=C2/N(Cc3ccccc3)c3ccc(Br)cc3C2(C)C)=[N+](CCCCS(=O)(=O)O)c2ccc(Br)cc21,818.49
CC1(C)C(/C=C/C(Br)=C/C=C2/N(Cc3ccsc3)c3ccc(Br)cc3C2(C)C)=[N+](CCCCS(=O)(=O)O)c2ccc(Br)cc21,824.519
CCN1/C(=C/C=C(Br)/C=C/C2=[N+](CCCCS(=O)(=O)O)c3ccc(I)cc3C2(C)C)C(C)(C)c2cc(Br)ccc21,803.419
CCCCN1/C(=C/C=C(Br)/C=C/C2=[N+](CCCCS(=O)(=O)O)c3ccc(I)cc3C2(C)C)C(C)(C)c2cc(Br)ccc21,831.473
CC1(C)C(/C=C/C(Br)=C/C=C2/N(CCCCN)c3ccc(Br)cc3C2(C)C)=[N+](CCCCS(=O)(=O)O)c2ccc(I)cc21,846.488
CC1(C)C(/C=C/C(Br)=C/C=C2/N(CCCCO)c3ccc(Br)cc3C2(C)C)=[N+](CCCCS(=O)(=O)O)c2ccc(I)cc21,847.472
CC[N+](CC)(CC)CCCCN1/C(=C/C=C(Br)/C=C/C2=[N+](CCCCS(=O)(=O)O)c3ccc(I)cc3C2(C)C)C(C)(C)c2cc(Br)ccc21,931.657999999999
CC1(C)C(/C=C/C(Br)=C/C=C2/N(CCCCS(=O)(=O)O)c3ccc(Br)cc3C2(C)C)=[N+](CCCCS(=O)(=O)O)c2ccc(I)cc21,911.537
CC1(C)C(/C=C/C(Br)=C/C=C2/N(Cc3ccccc3)c3ccc(Br)cc3C2(C)C)=[N+](CCCCS(=O)(=O)O)c2ccc(I)cc21,865.49
CC1(C)C(/C=C/C(Br)=C/C=C2/N(Cc3ccsc3)c3ccc(Br)cc3C2(C)C)=[N+](CCCCS(=O)(=O)O)c2ccc(I)cc21,871.519
CCN1/C(=C/C=C(Br)/C=C/C2=[N+](Cc3ccccc3)c3ccccc3C2(C)C)C(C)(C)c2cc(Br)ccc21,631.476
CCCCN1/C(=C/C=C(Br)/C=C/C2=[N+](Cc3ccccc3)c3ccccc3C2(C)C)C(C)(C)c2cc(Br)ccc21,659.53
CC1(C)C(/C=C/C(Br)=C/C=C2/N(CCCCN)c3ccc(Br)cc3C2(C)C)=[N+](Cc2ccccc2)c2ccccc21,674.545
CC1(C)C(/C=C/C(Br)=C/C=C2/N(CCCCO)c3ccc(Br)cc3C2(C)C)=[N+](Cc2ccccc2)c2ccccc21,675.529
CC[N+](CC)(CC)CCCCN1/C(=C/C=C(Br)/C=C/C2=[N+](Cc3ccccc3)c3ccccc3C2(C)C)C(C)(C)c2cc(Br)ccc21,759.715
CC1(C)C(/C=C/C(Br)=C/C=C2/N(CCCCS(=O)(=O)O)c3ccc(Br)cc3C2(C)C)=[N+](Cc2ccccc2)c2ccccc21,739.594
CC1(C)C(/C=C/C(Br)=C/C=C2/N(Cc3ccccc3)c3ccc(Br)cc3C2(C)C)=[N+](Cc2ccccc2)c2ccccc21,693.547
CC1(C)C(/C=C/C(Br)=C/C=C2/N(Cc3ccsc3)c3ccc(Br)cc3C2(C)C)=[N+](Cc2ccccc2)c2ccccc21,699.576
CCN1/C(=C/C=C(Br)/C=C/C2=[N+](Cc3ccccc3)c3ccc(Br)cc3C2(C)C)C(C)(C)c2cc(Br)ccc21,710.372
CCCCN1/C(=C/C=C(Br)/C=C/C2=[N+](Cc3ccccc3)c3ccc(Br)cc3C2(C)C)C(C)(C)c2cc(Br)ccc21,738.426
CC1(C)C(/C=C/C(Br)=C/C=C2/N(CCCCN)c3ccc(Br)cc3C2(C)C)=[N+](Cc2ccccc2)c2ccc(Br)cc21,753.441
CC1(C)C(/C=C/C(Br)=C/C=C2/N(CCCCO)c3ccc(Br)cc3C2(C)C)=[N+](Cc2ccccc2)c2ccc(Br)cc21,754.425
CC[N+](CC)(CC)CCCCN1/C(=C/C=C(Br)/C=C/C2=[N+](Cc3ccccc3)c3ccc(Br)cc3C2(C)C)C(C)(C)c2cc(Br)ccc21,838.611
CC1(C)C(/C=C/C(Br)=C/C=C2/N(CCCCS(=O)(=O)O)c3ccc(Br)cc3C2(C)C)=[N+](Cc2ccccc2)c2ccc(Br)cc21,818.49
CC1(C)C(/C=C/C(Br)=C/C=C2/N(Cc3ccccc3)c3ccc(Br)cc3C2(C)C)=[N+](Cc2ccccc2)c2ccc(Br)cc21,772.443
CC1(C)C(/C=C/C(Br)=C/C=C2/N(Cc3ccsc3)c3ccc(Br)cc3C2(C)C)=[N+](Cc2ccccc2)c2ccc(Br)cc21,778.472
CCN1/C(=C/C=C(Br)/C=C/C2=[N+](Cc3ccccc3)c3ccc(I)cc3C2(C)C)C(C)(C)c2cc(Br)ccc21,757.372
CCCCN1/C(=C/C=C(Br)/C=C/C2=[N+](Cc3ccccc3)c3ccc(I)cc3C2(C)C)C(C)(C)c2cc(Br)ccc21,785.426
CC1(C)C(/C=C/C(Br)=C/C=C2/N(CCCCN)c3ccc(Br)cc3C2(C)C)=[N+](Cc2ccccc2)c2ccc(I)cc21,800.441
CC1(C)C(/C=C/C(Br)=C/C=C2/N(CCCCO)c3ccc(Br)cc3C2(C)C)=[N+](Cc2ccccc2)c2ccc(I)cc21,801.425
CC[N+](CC)(CC)CCCCN1/C(=C/C=C(Br)/C=C/C2=[N+](Cc3ccccc3)c3ccc(I)cc3C2(C)C)C(C)(C)c2cc(Br)ccc21,885.610999999999
CC1(C)C(/C=C/C(Br)=C/C=C2/N(CCCCS(=O)(=O)O)c3ccc(Br)cc3C2(C)C)=[N+](Cc2ccccc2)c2ccc(I)cc21,865.49
CC1(C)C(/C=C/C(Br)=C/C=C2/N(Cc3ccccc3)c3ccc(Br)cc3C2(C)C)=[N+](Cc2ccccc2)c2ccc(I)cc21,819.443
CC1(C)C(/C=C/C(Br)=C/C=C2/N(Cc3ccsc3)c3ccc(Br)cc3C2(C)C)=[N+](Cc2ccccc2)c2ccc(I)cc21,825.472
CCN1/C(=C/C=C(Br)/C=C/C2=[N+](Cc3ccsc3)c3ccccc3C2(C)C)C(C)(C)c2cc(Br)ccc21,637.505
CCCCN1/C(=C/C=C(Br)/C=C/C2=[N+](Cc3ccsc3)c3ccccc3C2(C)C)C(C)(C)c2cc(Br)ccc21,665.559
CC1(C)C(/C=C/C(Br)=C/C=C2/N(CCCCN)c3ccc(Br)cc3C2(C)C)=[N+](Cc2ccsc2)c2ccccc21,680.574
CC1(C)C(/C=C/C(Br)=C/C=C2/N(CCCCO)c3ccc(Br)cc3C2(C)C)=[N+](Cc2ccsc2)c2ccccc21,681.558
CC[N+](CC)(CC)CCCCN1/C(=C/C=C(Br)/C=C/C2=[N+](Cc3ccsc3)c3ccccc3C2(C)C)C(C)(C)c2cc(Br)ccc21,765.744
CC1(C)C(/C=C/C(Br)=C/C=C2/N(CCCCS(=O)(=O)O)c3ccc(Br)cc3C2(C)C)=[N+](Cc2ccsc2)c2ccccc21,745.623
CC1(C)C(/C=C/C(Br)=C/C=C2/N(Cc3ccccc3)c3ccc(Br)cc3C2(C)C)=[N+](Cc2ccsc2)c2ccccc21,699.576
CC1(C)C(/C=C/C(Br)=C/C=C2/N(Cc3ccsc3)c3ccc(Br)cc3C2(C)C)=[N+](Cc2ccsc2)c2ccccc21,705.605
CCN1/C(=C/C=C(Br)/C=C/C2=[N+](Cc3ccsc3)c3ccc(Br)cc3C2(C)C)C(C)(C)c2cc(Br)ccc21,716.401
CCCCN1/C(=C/C=C(Br)/C=C/C2=[N+](Cc3ccsc3)c3ccc(Br)cc3C2(C)C)C(C)(C)c2cc(Br)ccc21,744.455
CC1(C)C(/C=C/C(Br)=C/C=C2/N(CCCCN)c3ccc(Br)cc3C2(C)C)=[N+](Cc2ccsc2)c2ccc(Br)cc21,759.47
CC1(C)C(/C=C/C(Br)=C/C=C2/N(CCCCO)c3ccc(Br)cc3C2(C)C)=[N+](Cc2ccsc2)c2ccc(Br)cc21,760.454
CC[N+](CC)(CC)CCCCN1/C(=C/C=C(Br)/C=C/C2=[N+](Cc3ccsc3)c3ccc(Br)cc3C2(C)C)C(C)(C)c2cc(Br)ccc21,844.639999999999
CC1(C)C(/C=C/C(Br)=C/C=C2/N(CCCCS(=O)(=O)O)c3ccc(Br)cc3C2(C)C)=[N+](Cc2ccsc2)c2ccc(Br)cc21,824.519
CC1(C)C(/C=C/C(Br)=C/C=C2/N(Cc3ccccc3)c3ccc(Br)cc3C2(C)C)=[N+](Cc2ccsc2)c2ccc(Br)cc21,778.472
CC1(C)C(/C=C/C(Br)=C/C=C2/N(Cc3ccsc3)c3ccc(Br)cc3C2(C)C)=[N+](Cc2ccsc2)c2ccc(Br)cc21,784.501
CCN1/C(=C/C=C(Br)/C=C/C2=[N+](Cc3ccsc3)c3ccc(I)cc3C2(C)C)C(C)(C)c2cc(Br)ccc21,763.401
CCCCN1/C(=C/C=C(Br)/C=C/C2=[N+](Cc3ccsc3)c3ccc(I)cc3C2(C)C)C(C)(C)c2cc(Br)ccc21,791.455
CC1(C)C(/C=C/C(Br)=C/C=C2/N(CCCCN)c3ccc(Br)cc3C2(C)C)=[N+](Cc2ccsc2)c2ccc(I)cc21,806.47
CC1(C)C(/C=C/C(Br)=C/C=C2/N(CCCCO)c3ccc(Br)cc3C2(C)C)=[N+](Cc2ccsc2)c2ccc(I)cc21,807.454
CC[N+](CC)(CC)CCCCN1/C(=C/C=C(Br)/C=C/C2=[N+](Cc3ccsc3)c3ccc(I)cc3C2(C)C)C(C)(C)c2cc(Br)ccc21,891.639999999999
CC1(C)C(/C=C/C(Br)=C/C=C2/N(CCCCS(=O)(=O)O)c3ccc(Br)cc3C2(C)C)=[N+](Cc2ccsc2)c2ccc(I)cc21,871.519
CC1(C)C(/C=C/C(Br)=C/C=C2/N(Cc3ccccc3)c3ccc(Br)cc3C2(C)C)=[N+](Cc2ccsc2)c2ccc(I)cc21,825.472
CC1(C)C(/C=C/C(Br)=C/C=C2/N(Cc3ccsc3)c3ccc(Br)cc3C2(C)C)=[N+](Cc2ccsc2)c2ccc(I)cc21,831.501
CCN1/C(=C/C=C(I)/C=C/C2=[N+](CC)c3ccccc3C2(C)C)C(C)(C)c2cc(Br)ccc21,616.405
CCCCN1/C(=C/C=C(I)/C=C/C2=[N+](CC)c3ccccc3C2(C)C)C(C)(C)c2cc(Br)ccc21,644.459
CC[N+]1=C(/C=C/C(I)=C/C=C2/N(CCCCN)c3ccc(Br)cc3C2(C)C)C(C)(C)c2ccccc21,659.474
CC[N+]1=C(/C=C/C(I)=C/C=C2/N(CCCCO)c3ccc(Br)cc3C2(C)C)C(C)(C)c2ccccc21,660.458
CC[N+]1=C(/C=C/C(I)=C/C=C2/N(CCCC[N+](CC)(CC)CC)c3ccc(Br)cc3C2(C)C)C(C)(C)c2ccccc21,744.643999999999
CC[N+]1=C(/C=C/C(I)=C/C=C2/N(CCCCS(=O)(=O)O)c3ccc(Br)cc3C2(C)C)C(C)(C)c2ccccc21,724.523
CC[N+]1=C(/C=C/C(I)=C/C=C2/N(Cc3ccccc3)c3ccc(Br)cc3C2(C)C)C(C)(C)c2ccccc21,678.476
CC[N+]1=C(/C=C/C(I)=C/C=C2/N(Cc3ccsc3)c3ccc(Br)cc3C2(C)C)C(C)(C)c2ccccc21,684.505
CCN1/C(=C/C=C(I)/C=C/C2=[N+](CC)c3ccc(Br)cc3C2(C)C)C(C)(C)c2cc(Br)ccc21,695.301
CCCCN1/C(=C/C=C(I)/C=C/C2=[N+](CC)c3ccc(Br)cc3C2(C)C)C(C)(C)c2cc(Br)ccc21,723.355
CC[N+]1=C(/C=C/C(I)=C/C=C2/N(CCCCN)c3ccc(Br)cc3C2(C)C)C(C)(C)c2cc(Br)ccc21,738.37
CC[N+]1=C(/C=C/C(I)=C/C=C2/N(CCCCO)c3ccc(Br)cc3C2(C)C)C(C)(C)c2cc(Br)ccc21,739.354
CC[N+]1=C(/C=C/C(I)=C/C=C2/N(CCCC[N+](CC)(CC)CC)c3ccc(Br)cc3C2(C)C)C(C)(C)c2cc(Br)ccc21,823.539999999999
CC[N+]1=C(/C=C/C(I)=C/C=C2/N(CCCCS(=O)(=O)O)c3ccc(Br)cc3C2(C)C)C(C)(C)c2cc(Br)ccc21,803.419
CC[N+]1=C(/C=C/C(I)=C/C=C2/N(Cc3ccccc3)c3ccc(Br)cc3C2(C)C)C(C)(C)c2cc(Br)ccc21,757.372
CC[N+]1=C(/C=C/C(I)=C/C=C2/N(Cc3ccsc3)c3ccc(Br)cc3C2(C)C)C(C)(C)c2cc(Br)ccc21,763.401
CCN1/C(=C/C=C(I)/C=C/C2=[N+](CC)c3ccc(I)cc3C2(C)C)C(C)(C)c2cc(Br)ccc21,742.301
CCCCN1/C(=C/C=C(I)/C=C/C2=[N+](CC)c3ccc(I)cc3C2(C)C)C(C)(C)c2cc(Br)ccc21,770.355
CC[N+]1=C(/C=C/C(I)=C/C=C2/N(CCCCN)c3ccc(Br)cc3C2(C)C)C(C)(C)c2cc(I)ccc21,785.37
CC[N+]1=C(/C=C/C(I)=C/C=C2/N(CCCCO)c3ccc(Br)cc3C2(C)C)C(C)(C)c2cc(I)ccc21,786.354
CC[N+]1=C(/C=C/C(I)=C/C=C2/N(CCCC[N+](CC)(CC)CC)c3ccc(Br)cc3C2(C)C)C(C)(C)c2cc(I)ccc21,870.539999999999
CC[N+]1=C(/C=C/C(I)=C/C=C2/N(CCCCS(=O)(=O)O)c3ccc(Br)cc3C2(C)C)C(C)(C)c2cc(I)ccc21,850.419
CC[N+]1=C(/C=C/C(I)=C/C=C2/N(Cc3ccccc3)c3ccc(Br)cc3C2(C)C)C(C)(C)c2cc(I)ccc21,804.372
CC[N+]1=C(/C=C/C(I)=C/C=C2/N(Cc3ccsc3)c3ccc(Br)cc3C2(C)C)C(C)(C)c2cc(I)ccc21,810.401
CCCC[N+]1=C(/C=C/C(I)=C/C=C2/N(CC)c3ccc(Br)cc3C2(C)C)C(C)(C)c2ccccc21,644.459
CCCCN1/C(=C/C=C(I)/C=C/C2=[N+](CCCC)c3ccccc3C2(C)C)C(C)(C)c2cc(Br)ccc21,672.513
CCCC[N+]1=C(/C=C/C(I)=C/C=C2/N(CCCCN)c3ccc(Br)cc3C2(C)C)C(C)(C)c2ccccc21,687.528
CCCC[N+]1=C(/C=C/C(I)=C/C=C2/N(CCCCO)c3ccc(Br)cc3C2(C)C)C(C)(C)c2ccccc21,688.512
CCCC[N+]1=C(/C=C/C(I)=C/C=C2/N(CCCC[N+](CC)(CC)CC)c3ccc(Br)cc3C2(C)C)C(C)(C)c2ccccc21,772.697999999999
CCCC[N+]1=C(/C=C/C(I)=C/C=C2/N(CCCCS(=O)(=O)O)c3ccc(Br)cc3C2(C)C)C(C)(C)c2ccccc21,752.577
CCCC[N+]1=C(/C=C/C(I)=C/C=C2/N(Cc3ccccc3)c3ccc(Br)cc3C2(C)C)C(C)(C)c2ccccc21,706.53
CCCC[N+]1=C(/C=C/C(I)=C/C=C2/N(Cc3ccsc3)c3ccc(Br)cc3C2(C)C)C(C)(C)c2ccccc21,712.559
CCCC[N+]1=C(/C=C/C(I)=C/C=C2/N(CC)c3ccc(Br)cc3C2(C)C)C(C)(C)c2cc(Br)ccc21,723.355
CCCCN1/C(=C/C=C(I)/C=C/C2=[N+](CCCC)c3ccc(Br)cc3C2(C)C)C(C)(C)c2cc(Br)ccc21,751.409
CCCC[N+]1=C(/C=C/C(I)=C/C=C2/N(CCCCN)c3ccc(Br)cc3C2(C)C)C(C)(C)c2cc(Br)ccc21,766.424
CCCC[N+]1=C(/C=C/C(I)=C/C=C2/N(CCCCO)c3ccc(Br)cc3C2(C)C)C(C)(C)c2cc(Br)ccc21,767.408
CCCC[N+]1=C(/C=C/C(I)=C/C=C2/N(CCCC[N+](CC)(CC)CC)c3ccc(Br)cc3C2(C)C)C(C)(C)c2cc(Br)ccc21,851.593999999999
CCCC[N+]1=C(/C=C/C(I)=C/C=C2/N(CCCCS(=O)(=O)O)c3ccc(Br)cc3C2(C)C)C(C)(C)c2cc(Br)ccc21,831.473
CCCC[N+]1=C(/C=C/C(I)=C/C=C2/N(Cc3ccccc3)c3ccc(Br)cc3C2(C)C)C(C)(C)c2cc(Br)ccc21,785.426
CCCC[N+]1=C(/C=C/C(I)=C/C=C2/N(Cc3ccsc3)c3ccc(Br)cc3C2(C)C)C(C)(C)c2cc(Br)ccc21,791.455
CCCC[N+]1=C(/C=C/C(I)=C/C=C2/N(CC)c3ccc(Br)cc3C2(C)C)C(C)(C)c2cc(I)ccc21,770.355
CCCCN1/C(=C/C=C(I)/C=C/C2=[N+](CCCC)c3ccc(I)cc3C2(C)C)C(C)(C)c2cc(Br)ccc21,798.409
CCCC[N+]1=C(/C=C/C(I)=C/C=C2/N(CCCCN)c3ccc(Br)cc3C2(C)C)C(C)(C)c2cc(I)ccc21,813.424
CCCC[N+]1=C(/C=C/C(I)=C/C=C2/N(CCCCO)c3ccc(Br)cc3C2(C)C)C(C)(C)c2cc(I)ccc21,814.408
CCCC[N+]1=C(/C=C/C(I)=C/C=C2/N(CCCC[N+](CC)(CC)CC)c3ccc(Br)cc3C2(C)C)C(C)(C)c2cc(I)ccc21,898.593999999999
CCCC[N+]1=C(/C=C/C(I)=C/C=C2/N(CCCCS(=O)(=O)O)c3ccc(Br)cc3C2(C)C)C(C)(C)c2cc(I)ccc21,878.473
CCCC[N+]1=C(/C=C/C(I)=C/C=C2/N(Cc3ccccc3)c3ccc(Br)cc3C2(C)C)C(C)(C)c2cc(I)ccc21,832.426
CCCC[N+]1=C(/C=C/C(I)=C/C=C2/N(Cc3ccsc3)c3ccc(Br)cc3C2(C)C)C(C)(C)c2cc(I)ccc21,838.455
CCN1/C(=C/C=C(I)/C=C/C2=[N+](CCCCN)c3ccccc3C2(C)C)C(C)(C)c2cc(Br)ccc21,659.474
CCCCN1/C(=C/C=C(I)/C=C/C2=[N+](CCCCN)c3ccccc3C2(C)C)C(C)(C)c2cc(Br)ccc21,687.528
CC1(C)C(/C=C/C(I)=C/C=C2/N(CCCCN)c3ccc(Br)cc3C2(C)C)=[N+](CCCCN)c2ccccc21,702.543
CC1(C)C(/C=C/C(I)=C/C=C2/N(CCCCO)c3ccc(Br)cc3C2(C)C)=[N+](CCCCN)c2ccccc21,703.527
CC[N+](CC)(CC)CCCCN1/C(=C/C=C(I)/C=C/C2=[N+](CCCCN)c3ccccc3C2(C)C)C(C)(C)c2cc(Br)ccc21,787.712999999999
CC1(C)C(/C=C/C(I)=C/C=C2/N(CCCCS(=O)(=O)O)c3ccc(Br)cc3C2(C)C)=[N+](CCCCN)c2ccccc21,767.592
CC1(C)C(/C=C/C(I)=C/C=C2/N(Cc3ccccc3)c3ccc(Br)cc3C2(C)C)=[N+](CCCCN)c2ccccc21,721.545
CC1(C)C(/C=C/C(I)=C/C=C2/N(Cc3ccsc3)c3ccc(Br)cc3C2(C)C)=[N+](CCCCN)c2ccccc21,727.574
CCN1/C(=C/C=C(I)/C=C/C2=[N+](CCCCN)c3ccc(Br)cc3C2(C)C)C(C)(C)c2cc(Br)ccc21,738.37
CCCCN1/C(=C/C=C(I)/C=C/C2=[N+](CCCCN)c3ccc(Br)cc3C2(C)C)C(C)(C)c2cc(Br)ccc21,766.424
CC1(C)C(/C=C/C(I)=C/C=C2/N(CCCCN)c3ccc(Br)cc3C2(C)C)=[N+](CCCCN)c2ccc(Br)cc21,781.438999999999
CC1(C)C(/C=C/C(I)=C/C=C2/N(CCCCO)c3ccc(Br)cc3C2(C)C)=[N+](CCCCN)c2ccc(Br)cc21,782.423
CC[N+](CC)(CC)CCCCN1/C(=C/C=C(I)/C=C/C2=[N+](CCCCN)c3ccc(Br)cc3C2(C)C)C(C)(C)c2cc(Br)ccc21,866.608999999999
CC1(C)C(/C=C/C(I)=C/C=C2/N(CCCCS(=O)(=O)O)c3ccc(Br)cc3C2(C)C)=[N+](CCCCN)c2ccc(Br)cc21,846.488
CC1(C)C(/C=C/C(I)=C/C=C2/N(Cc3ccccc3)c3ccc(Br)cc3C2(C)C)=[N+](CCCCN)c2ccc(Br)cc21,800.441
CC1(C)C(/C=C/C(I)=C/C=C2/N(Cc3ccsc3)c3ccc(Br)cc3C2(C)C)=[N+](CCCCN)c2ccc(Br)cc21,806.47
CCN1/C(=C/C=C(I)/C=C/C2=[N+](CCCCN)c3ccc(I)cc3C2(C)C)C(C)(C)c2cc(Br)ccc21,785.37
CCCCN1/C(=C/C=C(I)/C=C/C2=[N+](CCCCN)c3ccc(I)cc3C2(C)C)C(C)(C)c2cc(Br)ccc21,813.424
CC1(C)C(/C=C/C(I)=C/C=C2/N(CCCCN)c3ccc(Br)cc3C2(C)C)=[N+](CCCCN)c2ccc(I)cc21,828.439
CC1(C)C(/C=C/C(I)=C/C=C2/N(CCCCO)c3ccc(Br)cc3C2(C)C)=[N+](CCCCN)c2ccc(I)cc21,829.423
CC[N+](CC)(CC)CCCCN1/C(=C/C=C(I)/C=C/C2=[N+](CCCCN)c3ccc(I)cc3C2(C)C)C(C)(C)c2cc(Br)ccc21,913.608999999999
CC1(C)C(/C=C/C(I)=C/C=C2/N(CCCCS(=O)(=O)O)c3ccc(Br)cc3C2(C)C)=[N+](CCCCN)c2ccc(I)cc21,893.488
CC1(C)C(/C=C/C(I)=C/C=C2/N(Cc3ccccc3)c3ccc(Br)cc3C2(C)C)=[N+](CCCCN)c2ccc(I)cc21,847.441
CC1(C)C(/C=C/C(I)=C/C=C2/N(Cc3ccsc3)c3ccc(Br)cc3C2(C)C)=[N+](CCCCN)c2ccc(I)cc21,853.47
CCN1/C(=C/C=C(I)/C=C/C2=[N+](CCCCO)c3ccccc3C2(C)C)C(C)(C)c2cc(Br)ccc21,660.458
CCCCN1/C(=C/C=C(I)/C=C/C2=[N+](CCCCO)c3ccccc3C2(C)C)C(C)(C)c2cc(Br)ccc21,688.512
CC1(C)C(/C=C/C(I)=C/C=C2/N(CCCCN)c3ccc(Br)cc3C2(C)C)=[N+](CCCCO)c2ccccc21,703.527
CC1(C)C(/C=C/C(I)=C/C=C2/N(CCCCO)c3ccc(Br)cc3C2(C)C)=[N+](CCCCO)c2ccccc21,704.511
CC[N+](CC)(CC)CCCCN1/C(=C/C=C(I)/C=C/C2=[N+](CCCCO)c3ccccc3C2(C)C)C(C)(C)c2cc(Br)ccc21,788.696999999999
CC1(C)C(/C=C/C(I)=C/C=C2/N(CCCCS(=O)(=O)O)c3ccc(Br)cc3C2(C)C)=[N+](CCCCO)c2ccccc21,768.576
CC1(C)C(/C=C/C(I)=C/C=C2/N(Cc3ccccc3)c3ccc(Br)cc3C2(C)C)=[N+](CCCCO)c2ccccc21,722.529
CC1(C)C(/C=C/C(I)=C/C=C2/N(Cc3ccsc3)c3ccc(Br)cc3C2(C)C)=[N+](CCCCO)c2ccccc21,728.558
CCN1/C(=C/C=C(I)/C=C/C2=[N+](CCCCO)c3ccc(Br)cc3C2(C)C)C(C)(C)c2cc(Br)ccc21,739.354
CCCCN1/C(=C/C=C(I)/C=C/C2=[N+](CCCCO)c3ccc(Br)cc3C2(C)C)C(C)(C)c2cc(Br)ccc21,767.408
CC1(C)C(/C=C/C(I)=C/C=C2/N(CCCCN)c3ccc(Br)cc3C2(C)C)=[N+](CCCCO)c2ccc(Br)cc21,782.423
CC1(C)C(/C=C/C(I)=C/C=C2/N(CCCCO)c3ccc(Br)cc3C2(C)C)=[N+](CCCCO)c2ccc(Br)cc21,783.407
CC[N+](CC)(CC)CCCCN1/C(=C/C=C(I)/C=C/C2=[N+](CCCCO)c3ccc(Br)cc3C2(C)C)C(C)(C)c2cc(Br)ccc21,867.592999999999
CC1(C)C(/C=C/C(I)=C/C=C2/N(CCCCS(=O)(=O)O)c3ccc(Br)cc3C2(C)C)=[N+](CCCCO)c2ccc(Br)cc21,847.472
CC1(C)C(/C=C/C(I)=C/C=C2/N(Cc3ccccc3)c3ccc(Br)cc3C2(C)C)=[N+](CCCCO)c2ccc(Br)cc21,801.425
CC1(C)C(/C=C/C(I)=C/C=C2/N(Cc3ccsc3)c3ccc(Br)cc3C2(C)C)=[N+](CCCCO)c2ccc(Br)cc21,807.454
CCN1/C(=C/C=C(I)/C=C/C2=[N+](CCCCO)c3ccc(I)cc3C2(C)C)C(C)(C)c2cc(Br)ccc21,786.354
CCCCN1/C(=C/C=C(I)/C=C/C2=[N+](CCCCO)c3ccc(I)cc3C2(C)C)C(C)(C)c2cc(Br)ccc21,814.408
CC1(C)C(/C=C/C(I)=C/C=C2/N(CCCCN)c3ccc(Br)cc3C2(C)C)=[N+](CCCCO)c2ccc(I)cc21,829.423
CC1(C)C(/C=C/C(I)=C/C=C2/N(CCCCO)c3ccc(Br)cc3C2(C)C)=[N+](CCCCO)c2ccc(I)cc21,830.407
CC[N+](CC)(CC)CCCCN1/C(=C/C=C(I)/C=C/C2=[N+](CCCCO)c3ccc(I)cc3C2(C)C)C(C)(C)c2cc(Br)ccc21,914.592999999999
CC1(C)C(/C=C/C(I)=C/C=C2/N(CCCCS(=O)(=O)O)c3ccc(Br)cc3C2(C)C)=[N+](CCCCO)c2ccc(I)cc21,894.472
CC1(C)C(/C=C/C(I)=C/C=C2/N(Cc3ccccc3)c3ccc(Br)cc3C2(C)C)=[N+](CCCCO)c2ccc(I)cc21,848.425
CC1(C)C(/C=C/C(I)=C/C=C2/N(Cc3ccsc3)c3ccc(Br)cc3C2(C)C)=[N+](CCCCO)c2ccc(I)cc21,854.454
CCN1/C(=C/C=C(I)/C=C/C2=[N+](CCCC[N+](CC)(CC)CC)c3ccccc3C2(C)C)C(C)(C)c2cc(Br)ccc21,744.643999999999
CCCCN1/C(=C/C=C(I)/C=C/C2=[N+](CCCC[N+](CC)(CC)CC)c3ccccc3C2(C)C)C(C)(C)c2cc(Br)ccc21,772.697999999999
CC[N+](CC)(CC)CCCC[N+]1=C(/C=C/C(I)=C/C=C2/N(CCCCN)c3ccc(Br)cc3C2(C)C)C(C)(C)c2ccccc21,787.712999999999
CC[N+](CC)(CC)CCCC[N+]1=C(/C=C/C(I)=C/C=C2/N(CCCCO)c3ccc(Br)cc3C2(C)C)C(C)(C)c2ccccc21,788.696999999999
CC[N+](CC)(CC)CCCCN1/C(=C/C=C(I)/C=C/C2=[N+](CCCC[N+](CC)(CC)CC)c3ccccc3C2(C)C)C(C)(C)c2cc(Br)ccc21,872.882999999999
CC[N+](CC)(CC)CCCC[N+]1=C(/C=C/C(I)=C/C=C2/N(CCCCS(=O)(=O)O)c3ccc(Br)cc3C2(C)C)C(C)(C)c2ccccc21,852.761999999999
CC[N+](CC)(CC)CCCC[N+]1=C(/C=C/C(I)=C/C=C2/N(Cc3ccccc3)c3ccc(Br)cc3C2(C)C)C(C)(C)c2ccccc21,806.714999999999
CC[N+](CC)(CC)CCCC[N+]1=C(/C=C/C(I)=C/C=C2/N(Cc3ccsc3)c3ccc(Br)cc3C2(C)C)C(C)(C)c2ccccc21,812.743999999999
CCN1/C(=C/C=C(I)/C=C/C2=[N+](CCCC[N+](CC)(CC)CC)c3ccc(Br)cc3C2(C)C)C(C)(C)c2cc(Br)ccc21,823.539999999999
CCCCN1/C(=C/C=C(I)/C=C/C2=[N+](CCCC[N+](CC)(CC)CC)c3ccc(Br)cc3C2(C)C)C(C)(C)c2cc(Br)ccc21,851.593999999999
CC[N+](CC)(CC)CCCC[N+]1=C(/C=C/C(I)=C/C=C2/N(CCCCN)c3ccc(Br)cc3C2(C)C)C(C)(C)c2cc(Br)ccc21,866.608999999999
CC[N+](CC)(CC)CCCC[N+]1=C(/C=C/C(I)=C/C=C2/N(CCCCO)c3ccc(Br)cc3C2(C)C)C(C)(C)c2cc(Br)ccc21,867.592999999999
CC[N+](CC)(CC)CCCCN1/C(=C/C=C(I)/C=C/C2=[N+](CCCC[N+](CC)(CC)CC)c3ccc(Br)cc3C2(C)C)C(C)(C)c2cc(Br)ccc21,951.778999999999
CC[N+](CC)(CC)CCCC[N+]1=C(/C=C/C(I)=C/C=C2/N(CCCCS(=O)(=O)O)c3ccc(Br)cc3C2(C)C)C(C)(C)c2cc(Br)ccc21,931.657999999999
CC[N+](CC)(CC)CCCC[N+]1=C(/C=C/C(I)=C/C=C2/N(Cc3ccccc3)c3ccc(Br)cc3C2(C)C)C(C)(C)c2cc(Br)ccc21,885.610999999999
CC[N+](CC)(CC)CCCC[N+]1=C(/C=C/C(I)=C/C=C2/N(Cc3ccsc3)c3ccc(Br)cc3C2(C)C)C(C)(C)c2cc(Br)ccc21,891.639999999999
CCN1/C(=C/C=C(I)/C=C/C2=[N+](CCCC[N+](CC)(CC)CC)c3ccc(I)cc3C2(C)C)C(C)(C)c2cc(Br)ccc21,870.539999999999
CCCCN1/C(=C/C=C(I)/C=C/C2=[N+](CCCC[N+](CC)(CC)CC)c3ccc(I)cc3C2(C)C)C(C)(C)c2cc(Br)ccc21,898.593999999999
CC[N+](CC)(CC)CCCC[N+]1=C(/C=C/C(I)=C/C=C2/N(CCCCN)c3ccc(Br)cc3C2(C)C)C(C)(C)c2cc(I)ccc21,913.608999999999
CC[N+](CC)(CC)CCCC[N+]1=C(/C=C/C(I)=C/C=C2/N(CCCCO)c3ccc(Br)cc3C2(C)C)C(C)(C)c2cc(I)ccc21,914.592999999999
CC[N+](CC)(CC)CCCCN1/C(=C/C=C(I)/C=C/C2=[N+](CCCC[N+](CC)(CC)CC)c3ccc(I)cc3C2(C)C)C(C)(C)c2cc(Br)ccc21,998.778999999999
CC[N+](CC)(CC)CCCC[N+]1=C(/C=C/C(I)=C/C=C2/N(CCCCS(=O)(=O)O)c3ccc(Br)cc3C2(C)C)C(C)(C)c2cc(I)ccc21,978.657999999999
CC[N+](CC)(CC)CCCC[N+]1=C(/C=C/C(I)=C/C=C2/N(Cc3ccccc3)c3ccc(Br)cc3C2(C)C)C(C)(C)c2cc(I)ccc21,932.610999999999
CC[N+](CC)(CC)CCCC[N+]1=C(/C=C/C(I)=C/C=C2/N(Cc3ccsc3)c3ccc(Br)cc3C2(C)C)C(C)(C)c2cc(I)ccc21,938.64
CCN1/C(=C/C=C(I)/C=C/C2=[N+](CCCCS(=O)(=O)O)c3ccccc3C2(C)C)C(C)(C)c2cc(Br)ccc21,724.523
CCCCN1/C(=C/C=C(I)/C=C/C2=[N+](CCCCS(=O)(=O)O)c3ccccc3C2(C)C)C(C)(C)c2cc(Br)ccc21,752.577
CC1(C)C(/C=C/C(I)=C/C=C2/N(CCCCN)c3ccc(Br)cc3C2(C)C)=[N+](CCCCS(=O)(=O)O)c2ccccc21,767.592
CC1(C)C(/C=C/C(I)=C/C=C2/N(CCCCO)c3ccc(Br)cc3C2(C)C)=[N+](CCCCS(=O)(=O)O)c2ccccc21,768.576
CC[N+](CC)(CC)CCCCN1/C(=C/C=C(I)/C=C/C2=[N+](CCCCS(=O)(=O)O)c3ccccc3C2(C)C)C(C)(C)c2cc(Br)ccc21,852.761999999999
CC1(C)C(/C=C/C(I)=C/C=C2/N(CCCCS(=O)(=O)O)c3ccc(Br)cc3C2(C)C)=[N+](CCCCS(=O)(=O)O)c2ccccc21,832.641
CC1(C)C(/C=C/C(I)=C/C=C2/N(Cc3ccccc3)c3ccc(Br)cc3C2(C)C)=[N+](CCCCS(=O)(=O)O)c2ccccc21,786.594
CC1(C)C(/C=C/C(I)=C/C=C2/N(Cc3ccsc3)c3ccc(Br)cc3C2(C)C)=[N+](CCCCS(=O)(=O)O)c2ccccc21,792.623
CCN1/C(=C/C=C(I)/C=C/C2=[N+](CCCCS(=O)(=O)O)c3ccc(Br)cc3C2(C)C)C(C)(C)c2cc(Br)ccc21,803.419
CCCCN1/C(=C/C=C(I)/C=C/C2=[N+](CCCCS(=O)(=O)O)c3ccc(Br)cc3C2(C)C)C(C)(C)c2cc(Br)ccc21,831.473
CC1(C)C(/C=C/C(I)=C/C=C2/N(CCCCN)c3ccc(Br)cc3C2(C)C)=[N+](CCCCS(=O)(=O)O)c2ccc(Br)cc21,846.488
CC1(C)C(/C=C/C(I)=C/C=C2/N(CCCCO)c3ccc(Br)cc3C2(C)C)=[N+](CCCCS(=O)(=O)O)c2ccc(Br)cc21,847.472
CC[N+](CC)(CC)CCCCN1/C(=C/C=C(I)/C=C/C2=[N+](CCCCS(=O)(=O)O)c3ccc(Br)cc3C2(C)C)C(C)(C)c2cc(Br)ccc21,931.657999999999
CC1(C)C(/C=C/C(I)=C/C=C2/N(CCCCS(=O)(=O)O)c3ccc(Br)cc3C2(C)C)=[N+](CCCCS(=O)(=O)O)c2ccc(Br)cc21,911.537
CC1(C)C(/C=C/C(I)=C/C=C2/N(Cc3ccccc3)c3ccc(Br)cc3C2(C)C)=[N+](CCCCS(=O)(=O)O)c2ccc(Br)cc21,865.49
CC1(C)C(/C=C/C(I)=C/C=C2/N(Cc3ccsc3)c3ccc(Br)cc3C2(C)C)=[N+](CCCCS(=O)(=O)O)c2ccc(Br)cc21,871.519
CCN1/C(=C/C=C(I)/C=C/C2=[N+](CCCCS(=O)(=O)O)c3ccc(I)cc3C2(C)C)C(C)(C)c2cc(Br)ccc21,850.419
CCCCN1/C(=C/C=C(I)/C=C/C2=[N+](CCCCS(=O)(=O)O)c3ccc(I)cc3C2(C)C)C(C)(C)c2cc(Br)ccc21,878.473
CC1(C)C(/C=C/C(I)=C/C=C2/N(CCCCN)c3ccc(Br)cc3C2(C)C)=[N+](CCCCS(=O)(=O)O)c2ccc(I)cc21,893.488
CC1(C)C(/C=C/C(I)=C/C=C2/N(CCCCO)c3ccc(Br)cc3C2(C)C)=[N+](CCCCS(=O)(=O)O)c2ccc(I)cc21,894.472
CC[N+](CC)(CC)CCCCN1/C(=C/C=C(I)/C=C/C2=[N+](CCCCS(=O)(=O)O)c3ccc(I)cc3C2(C)C)C(C)(C)c2cc(Br)ccc21,978.657999999999
CC1(C)C(/C=C/C(I)=C/C=C2/N(CCCCS(=O)(=O)O)c3ccc(Br)cc3C2(C)C)=[N+](CCCCS(=O)(=O)O)c2ccc(I)cc21,958.537
CC1(C)C(/C=C/C(I)=C/C=C2/N(Cc3ccccc3)c3ccc(Br)cc3C2(C)C)=[N+](CCCCS(=O)(=O)O)c2ccc(I)cc21,912.49
CC1(C)C(/C=C/C(I)=C/C=C2/N(Cc3ccsc3)c3ccc(Br)cc3C2(C)C)=[N+](CCCCS(=O)(=O)O)c2ccc(I)cc21,918.519
CCN1/C(=C/C=C(I)/C=C/C2=[N+](Cc3ccccc3)c3ccccc3C2(C)C)C(C)(C)c2cc(Br)ccc21,678.476
CCCCN1/C(=C/C=C(I)/C=C/C2=[N+](Cc3ccccc3)c3ccccc3C2(C)C)C(C)(C)c2cc(Br)ccc21,706.53
CC1(C)C(/C=C/C(I)=C/C=C2/N(CCCCN)c3ccc(Br)cc3C2(C)C)=[N+](Cc2ccccc2)c2ccccc21,721.545
CC1(C)C(/C=C/C(I)=C/C=C2/N(CCCCO)c3ccc(Br)cc3C2(C)C)=[N+](Cc2ccccc2)c2ccccc21,722.529
CC[N+](CC)(CC)CCCCN1/C(=C/C=C(I)/C=C/C2=[N+](Cc3ccccc3)c3ccccc3C2(C)C)C(C)(C)c2cc(Br)ccc21,806.714999999999
CC1(C)C(/C=C/C(I)=C/C=C2/N(CCCCS(=O)(=O)O)c3ccc(Br)cc3C2(C)C)=[N+](Cc2ccccc2)c2ccccc21,786.594
CC1(C)C(/C=C/C(I)=C/C=C2/N(Cc3ccccc3)c3ccc(Br)cc3C2(C)C)=[N+](Cc2ccccc2)c2ccccc21,740.547
CC1(C)C(/C=C/C(I)=C/C=C2/N(Cc3ccsc3)c3ccc(Br)cc3C2(C)C)=[N+](Cc2ccccc2)c2ccccc21,746.576
CCN1/C(=C/C=C(I)/C=C/C2=[N+](Cc3ccccc3)c3ccc(Br)cc3C2(C)C)C(C)(C)c2cc(Br)ccc21,757.372
CCCCN1/C(=C/C=C(I)/C=C/C2=[N+](Cc3ccccc3)c3ccc(Br)cc3C2(C)C)C(C)(C)c2cc(Br)ccc21,785.426
CC1(C)C(/C=C/C(I)=C/C=C2/N(CCCCN)c3ccc(Br)cc3C2(C)C)=[N+](Cc2ccccc2)c2ccc(Br)cc21,800.441
CC1(C)C(/C=C/C(I)=C/C=C2/N(CCCCO)c3ccc(Br)cc3C2(C)C)=[N+](Cc2ccccc2)c2ccc(Br)cc21,801.425
CC[N+](CC)(CC)CCCCN1/C(=C/C=C(I)/C=C/C2=[N+](Cc3ccccc3)c3ccc(Br)cc3C2(C)C)C(C)(C)c2cc(Br)ccc21,885.610999999999
CC1(C)C(/C=C/C(I)=C/C=C2/N(CCCCS(=O)(=O)O)c3ccc(Br)cc3C2(C)C)=[N+](Cc2ccccc2)c2ccc(Br)cc21,865.49
CC1(C)C(/C=C/C(I)=C/C=C2/N(Cc3ccccc3)c3ccc(Br)cc3C2(C)C)=[N+](Cc2ccccc2)c2ccc(Br)cc21,819.443
CC1(C)C(/C=C/C(I)=C/C=C2/N(Cc3ccsc3)c3ccc(Br)cc3C2(C)C)=[N+](Cc2ccccc2)c2ccc(Br)cc21,825.472
CCN1/C(=C/C=C(I)/C=C/C2=[N+](Cc3ccccc3)c3ccc(I)cc3C2(C)C)C(C)(C)c2cc(Br)ccc21,804.372
CCCCN1/C(=C/C=C(I)/C=C/C2=[N+](Cc3ccccc3)c3ccc(I)cc3C2(C)C)C(C)(C)c2cc(Br)ccc21,832.426
CC1(C)C(/C=C/C(I)=C/C=C2/N(CCCCN)c3ccc(Br)cc3C2(C)C)=[N+](Cc2ccccc2)c2ccc(I)cc21,847.441
CC1(C)C(/C=C/C(I)=C/C=C2/N(CCCCO)c3ccc(Br)cc3C2(C)C)=[N+](Cc2ccccc2)c2ccc(I)cc21,848.425
CC[N+](CC)(CC)CCCCN1/C(=C/C=C(I)/C=C/C2=[N+](Cc3ccccc3)c3ccc(I)cc3C2(C)C)C(C)(C)c2cc(Br)ccc21,932.610999999999
CC1(C)C(/C=C/C(I)=C/C=C2/N(CCCCS(=O)(=O)O)c3ccc(Br)cc3C2(C)C)=[N+](Cc2ccccc2)c2ccc(I)cc21,912.49
CC1(C)C(/C=C/C(I)=C/C=C2/N(Cc3ccccc3)c3ccc(Br)cc3C2(C)C)=[N+](Cc2ccccc2)c2ccc(I)cc21,866.443
CC1(C)C(/C=C/C(I)=C/C=C2/N(Cc3ccsc3)c3ccc(Br)cc3C2(C)C)=[N+](Cc2ccccc2)c2ccc(I)cc21,872.472
CCN1/C(=C/C=C(I)/C=C/C2=[N+](Cc3ccsc3)c3ccccc3C2(C)C)C(C)(C)c2cc(Br)ccc21,684.505
CCCCN1/C(=C/C=C(I)/C=C/C2=[N+](Cc3ccsc3)c3ccccc3C2(C)C)C(C)(C)c2cc(Br)ccc21,712.559
CC1(C)C(/C=C/C(I)=C/C=C2/N(CCCCN)c3ccc(Br)cc3C2(C)C)=[N+](Cc2ccsc2)c2ccccc21,727.574
CC1(C)C(/C=C/C(I)=C/C=C2/N(CCCCO)c3ccc(Br)cc3C2(C)C)=[N+](Cc2ccsc2)c2ccccc21,728.558
CC[N+](CC)(CC)CCCCN1/C(=C/C=C(I)/C=C/C2=[N+](Cc3ccsc3)c3ccccc3C2(C)C)C(C)(C)c2cc(Br)ccc21,812.743999999999
CC1(C)C(/C=C/C(I)=C/C=C2/N(CCCCS(=O)(=O)O)c3ccc(Br)cc3C2(C)C)=[N+](Cc2ccsc2)c2ccccc21,792.623
CC1(C)C(/C=C/C(I)=C/C=C2/N(Cc3ccccc3)c3ccc(Br)cc3C2(C)C)=[N+](Cc2ccsc2)c2ccccc21,746.576
CC1(C)C(/C=C/C(I)=C/C=C2/N(Cc3ccsc3)c3ccc(Br)cc3C2(C)C)=[N+](Cc2ccsc2)c2ccccc21,752.605
CCN1/C(=C/C=C(I)/C=C/C2=[N+](Cc3ccsc3)c3ccc(Br)cc3C2(C)C)C(C)(C)c2cc(Br)ccc21,763.401
CCCCN1/C(=C/C=C(I)/C=C/C2=[N+](Cc3ccsc3)c3ccc(Br)cc3C2(C)C)C(C)(C)c2cc(Br)ccc21,791.455
CC1(C)C(/C=C/C(I)=C/C=C2/N(CCCCN)c3ccc(Br)cc3C2(C)C)=[N+](Cc2ccsc2)c2ccc(Br)cc21,806.47
CC1(C)C(/C=C/C(I)=C/C=C2/N(CCCCO)c3ccc(Br)cc3C2(C)C)=[N+](Cc2ccsc2)c2ccc(Br)cc21,807.454
CC[N+](CC)(CC)CCCCN1/C(=C/C=C(I)/C=C/C2=[N+](Cc3ccsc3)c3ccc(Br)cc3C2(C)C)C(C)(C)c2cc(Br)ccc21,891.639999999999
CC1(C)C(/C=C/C(I)=C/C=C2/N(CCCCS(=O)(=O)O)c3ccc(Br)cc3C2(C)C)=[N+](Cc2ccsc2)c2ccc(Br)cc21,871.519
CC1(C)C(/C=C/C(I)=C/C=C2/N(Cc3ccccc3)c3ccc(Br)cc3C2(C)C)=[N+](Cc2ccsc2)c2ccc(Br)cc21,825.472
CC1(C)C(/C=C/C(I)=C/C=C2/N(Cc3ccsc3)c3ccc(Br)cc3C2(C)C)=[N+](Cc2ccsc2)c2ccc(Br)cc21,831.501
CCN1/C(=C/C=C(I)/C=C/C2=[N+](Cc3ccsc3)c3ccc(I)cc3C2(C)C)C(C)(C)c2cc(Br)ccc21,810.401
CCCCN1/C(=C/C=C(I)/C=C/C2=[N+](Cc3ccsc3)c3ccc(I)cc3C2(C)C)C(C)(C)c2cc(Br)ccc21,838.455
CC1(C)C(/C=C/C(I)=C/C=C2/N(CCCCN)c3ccc(Br)cc3C2(C)C)=[N+](Cc2ccsc2)c2ccc(I)cc21,853.47
CC1(C)C(/C=C/C(I)=C/C=C2/N(CCCCO)c3ccc(Br)cc3C2(C)C)=[N+](Cc2ccsc2)c2ccc(I)cc21,854.454
CC[N+](CC)(CC)CCCCN1/C(=C/C=C(I)/C=C/C2=[N+](Cc3ccsc3)c3ccc(I)cc3C2(C)C)C(C)(C)c2cc(Br)ccc21,938.64
CC1(C)C(/C=C/C(I)=C/C=C2/N(CCCCS(=O)(=O)O)c3ccc(Br)cc3C2(C)C)=[N+](Cc2ccsc2)c2ccc(I)cc21,918.519
CC1(C)C(/C=C/C(I)=C/C=C2/N(Cc3ccccc3)c3ccc(Br)cc3C2(C)C)=[N+](Cc2ccsc2)c2ccc(I)cc21,872.472
CC1(C)C(/C=C/C(I)=C/C=C2/N(Cc3ccsc3)c3ccc(Br)cc3C2(C)C)=[N+](Cc2ccsc2)c2ccc(I)cc21,878.501
CCN1/C(=C/C=C(/C=C/C2=[N+](CC)c3ccccc3C2(C)C)c2c3ccccc3cc3ccccc23)C(C)(C)c2cc(Br)ccc21,666.727
CCCCN1/C(=C/C=C(/C=C/C2=[N+](CC)c3ccccc3C2(C)C)c2c3ccccc3cc3ccccc23)C(C)(C)c2cc(Br)ccc21,694.781
CC[N+]1=C(/C=C/C(=C/C=C2/N(CCCCN)c3ccc(Br)cc3C2(C)C)c2c3ccccc3cc3ccccc23)C(C)(C)c2ccccc21,709.796
CC[N+]1=C(/C=C/C(=C/C=C2/N(CCCCO)c3ccc(Br)cc3C2(C)C)c2c3ccccc3cc3ccccc23)C(C)(C)c2ccccc21,710.78
CC[N+]1=C(/C=C/C(=C/C=C2/N(CCCC[N+](CC)(CC)CC)c3ccc(Br)cc3C2(C)C)c2c3ccccc3cc3ccccc23)C(C)(C)c2ccccc21,794.965999999999
CC[N+]1=C(/C=C/C(=C/C=C2/N(CCCCS(=O)(=O)O)c3ccc(Br)cc3C2(C)C)c2c3ccccc3cc3ccccc23)C(C)(C)c2ccccc21,774.845
CC[N+]1=C(/C=C/C(=C/C=C2/N(Cc3ccccc3)c3ccc(Br)cc3C2(C)C)c2c3ccccc3cc3ccccc23)C(C)(C)c2ccccc21,728.798
CC[N+]1=C(/C=C/C(=C/C=C2/N(Cc3ccsc3)c3ccc(Br)cc3C2(C)C)c2c3ccccc3cc3ccccc23)C(C)(C)c2ccccc21,734.827
CCN1/C(=C/C=C(/C=C/C2=[N+](CC)c3ccc(Br)cc3C2(C)C)c2c3ccccc3cc3ccccc23)C(C)(C)c2cc(Br)ccc21,745.623
CCCCN1/C(=C/C=C(/C=C/C2=[N+](CC)c3ccc(Br)cc3C2(C)C)c2c3ccccc3cc3ccccc23)C(C)(C)c2cc(Br)ccc21,773.677
CC[N+]1=C(/C=C/C(=C/C=C2/N(CCCCN)c3ccc(Br)cc3C2(C)C)c2c3ccccc3cc3ccccc23)C(C)(C)c2cc(Br)ccc21,788.692
CC[N+]1=C(/C=C/C(=C/C=C2/N(CCCCO)c3ccc(Br)cc3C2(C)C)c2c3ccccc3cc3ccccc23)C(C)(C)c2cc(Br)ccc21,789.676
CC[N+]1=C(/C=C/C(=C/C=C2/N(CCCC[N+](CC)(CC)CC)c3ccc(Br)cc3C2(C)C)c2c3ccccc3cc3ccccc23)C(C)(C)c2cc(Br)ccc21,873.861999999999
CC[N+]1=C(/C=C/C(=C/C=C2/N(CCCCS(=O)(=O)O)c3ccc(Br)cc3C2(C)C)c2c3ccccc3cc3ccccc23)C(C)(C)c2cc(Br)ccc21,853.741
CC[N+]1=C(/C=C/C(=C/C=C2/N(Cc3ccccc3)c3ccc(Br)cc3C2(C)C)c2c3ccccc3cc3ccccc23)C(C)(C)c2cc(Br)ccc21,807.694
CC[N+]1=C(/C=C/C(=C/C=C2/N(Cc3ccsc3)c3ccc(Br)cc3C2(C)C)c2c3ccccc3cc3ccccc23)C(C)(C)c2cc(Br)ccc21,813.723
CCN1/C(=C/C=C(/C=C/C2=[N+](CC)c3ccc(I)cc3C2(C)C)c2c3ccccc3cc3ccccc23)C(C)(C)c2cc(Br)ccc21,792.623
CCCCN1/C(=C/C=C(/C=C/C2=[N+](CC)c3ccc(I)cc3C2(C)C)c2c3ccccc3cc3ccccc23)C(C)(C)c2cc(Br)ccc21,820.677
CC[N+]1=C(/C=C/C(=C/C=C2/N(CCCCN)c3ccc(Br)cc3C2(C)C)c2c3ccccc3cc3ccccc23)C(C)(C)c2cc(I)ccc21,835.692
CC[N+]1=C(/C=C/C(=C/C=C2/N(CCCCO)c3ccc(Br)cc3C2(C)C)c2c3ccccc3cc3ccccc23)C(C)(C)c2cc(I)ccc21,836.676
CC[N+]1=C(/C=C/C(=C/C=C2/N(CCCC[N+](CC)(CC)CC)c3ccc(Br)cc3C2(C)C)c2c3ccccc3cc3ccccc23)C(C)(C)c2cc(I)ccc21,920.861999999999
CC[N+]1=C(/C=C/C(=C/C=C2/N(CCCCS(=O)(=O)O)c3ccc(Br)cc3C2(C)C)c2c3ccccc3cc3ccccc23)C(C)(C)c2cc(I)ccc21,900.741
CC[N+]1=C(/C=C/C(=C/C=C2/N(Cc3ccccc3)c3ccc(Br)cc3C2(C)C)c2c3ccccc3cc3ccccc23)C(C)(C)c2cc(I)ccc21,854.694
CC[N+]1=C(/C=C/C(=C/C=C2/N(Cc3ccsc3)c3ccc(Br)cc3C2(C)C)c2c3ccccc3cc3ccccc23)C(C)(C)c2cc(I)ccc21,860.723
CCCC[N+]1=C(/C=C/C(=C/C=C2/N(CC)c3ccc(Br)cc3C2(C)C)c2c3ccccc3cc3ccccc23)C(C)(C)c2ccccc21,694.781
CCCCN1/C(=C/C=C(/C=C/C2=[N+](CCCC)c3ccccc3C2(C)C)c2c3ccccc3cc3ccccc23)C(C)(C)c2cc(Br)ccc21,722.835
CCCC[N+]1=C(/C=C/C(=C/C=C2/N(CCCCN)c3ccc(Br)cc3C2(C)C)c2c3ccccc3cc3ccccc23)C(C)(C)c2ccccc21,737.85
CCCC[N+]1=C(/C=C/C(=C/C=C2/N(CCCCO)c3ccc(Br)cc3C2(C)C)c2c3ccccc3cc3ccccc23)C(C)(C)c2ccccc21,738.834
CCCC[N+]1=C(/C=C/C(=C/C=C2/N(CCCC[N+](CC)(CC)CC)c3ccc(Br)cc3C2(C)C)c2c3ccccc3cc3ccccc23)C(C)(C)c2ccccc21,823.019999999999
CCCC[N+]1=C(/C=C/C(=C/C=C2/N(CCCCS(=O)(=O)O)c3ccc(Br)cc3C2(C)C)c2c3ccccc3cc3ccccc23)C(C)(C)c2ccccc21,802.899
CCCC[N+]1=C(/C=C/C(=C/C=C2/N(Cc3ccccc3)c3ccc(Br)cc3C2(C)C)c2c3ccccc3cc3ccccc23)C(C)(C)c2ccccc21,756.852
CCCC[N+]1=C(/C=C/C(=C/C=C2/N(Cc3ccsc3)c3ccc(Br)cc3C2(C)C)c2c3ccccc3cc3ccccc23)C(C)(C)c2ccccc21,762.881
CCCC[N+]1=C(/C=C/C(=C/C=C2/N(CC)c3ccc(Br)cc3C2(C)C)c2c3ccccc3cc3ccccc23)C(C)(C)c2cc(Br)ccc21,773.677
CCCCN1/C(=C/C=C(/C=C/C2=[N+](CCCC)c3ccc(Br)cc3C2(C)C)c2c3ccccc3cc3ccccc23)C(C)(C)c2cc(Br)ccc21,801.731
CCCC[N+]1=C(/C=C/C(=C/C=C2/N(CCCCN)c3ccc(Br)cc3C2(C)C)c2c3ccccc3cc3ccccc23)C(C)(C)c2cc(Br)ccc21,816.746
CCCC[N+]1=C(/C=C/C(=C/C=C2/N(CCCCO)c3ccc(Br)cc3C2(C)C)c2c3ccccc3cc3ccccc23)C(C)(C)c2cc(Br)ccc21,817.73
CCCC[N+]1=C(/C=C/C(=C/C=C2/N(CCCC[N+](CC)(CC)CC)c3ccc(Br)cc3C2(C)C)c2c3ccccc3cc3ccccc23)C(C)(C)c2cc(Br)ccc21,901.915999999999
CCCC[N+]1=C(/C=C/C(=C/C=C2/N(CCCCS(=O)(=O)O)c3ccc(Br)cc3C2(C)C)c2c3ccccc3cc3ccccc23)C(C)(C)c2cc(Br)ccc21,881.795
CCCC[N+]1=C(/C=C/C(=C/C=C2/N(Cc3ccccc3)c3ccc(Br)cc3C2(C)C)c2c3ccccc3cc3ccccc23)C(C)(C)c2cc(Br)ccc21,835.748
CCCC[N+]1=C(/C=C/C(=C/C=C2/N(Cc3ccsc3)c3ccc(Br)cc3C2(C)C)c2c3ccccc3cc3ccccc23)C(C)(C)c2cc(Br)ccc21,841.777
CCCC[N+]1=C(/C=C/C(=C/C=C2/N(CC)c3ccc(Br)cc3C2(C)C)c2c3ccccc3cc3ccccc23)C(C)(C)c2cc(I)ccc21,820.677
CCCCN1/C(=C/C=C(/C=C/C2=[N+](CCCC)c3ccc(I)cc3C2(C)C)c2c3ccccc3cc3ccccc23)C(C)(C)c2cc(Br)ccc21,848.731
CCCC[N+]1=C(/C=C/C(=C/C=C2/N(CCCCN)c3ccc(Br)cc3C2(C)C)c2c3ccccc3cc3ccccc23)C(C)(C)c2cc(I)ccc21,863.746
CCCC[N+]1=C(/C=C/C(=C/C=C2/N(CCCCO)c3ccc(Br)cc3C2(C)C)c2c3ccccc3cc3ccccc23)C(C)(C)c2cc(I)ccc21,864.73
CCCC[N+]1=C(/C=C/C(=C/C=C2/N(CCCC[N+](CC)(CC)CC)c3ccc(Br)cc3C2(C)C)c2c3ccccc3cc3ccccc23)C(C)(C)c2cc(I)ccc21,948.915999999999
CCCC[N+]1=C(/C=C/C(=C/C=C2/N(CCCCS(=O)(=O)O)c3ccc(Br)cc3C2(C)C)c2c3ccccc3cc3ccccc23)C(C)(C)c2cc(I)ccc21,928.795
CCCC[N+]1=C(/C=C/C(=C/C=C2/N(Cc3ccccc3)c3ccc(Br)cc3C2(C)C)c2c3ccccc3cc3ccccc23)C(C)(C)c2cc(I)ccc21,882.748
CCCC[N+]1=C(/C=C/C(=C/C=C2/N(Cc3ccsc3)c3ccc(Br)cc3C2(C)C)c2c3ccccc3cc3ccccc23)C(C)(C)c2cc(I)ccc21,888.777
CCN1/C(=C/C=C(/C=C/C2=[N+](CCCCN)c3ccccc3C2(C)C)c2c3ccccc3cc3ccccc23)C(C)(C)c2cc(Br)ccc21,709.796
CCCCN1/C(=C/C=C(/C=C/C2=[N+](CCCCN)c3ccccc3C2(C)C)c2c3ccccc3cc3ccccc23)C(C)(C)c2cc(Br)ccc21,737.85
CC1(C)C(/C=C/C(=C/C=C2/N(CCCCN)c3ccc(Br)cc3C2(C)C)c2c3ccccc3cc3ccccc23)=[N+](CCCCN)c2ccccc21,752.864999999999
CC1(C)C(/C=C/C(=C/C=C2/N(CCCCO)c3ccc(Br)cc3C2(C)C)c2c3ccccc3cc3ccccc23)=[N+](CCCCN)c2ccccc21,753.849
CC[N+](CC)(CC)CCCCN1/C(=C/C=C(/C=C/C2=[N+](CCCCN)c3ccccc3C2(C)C)c2c3ccccc3cc3ccccc23)C(C)(C)c2cc(Br)ccc21,838.034999999999
CC1(C)C(/C=C/C(=C/C=C2/N(CCCCS(=O)(=O)O)c3ccc(Br)cc3C2(C)C)c2c3ccccc3cc3ccccc23)=[N+](CCCCN)c2ccccc21,817.914
CC1(C)C(/C=C/C(=C/C=C2/N(Cc3ccccc3)c3ccc(Br)cc3C2(C)C)c2c3ccccc3cc3ccccc23)=[N+](CCCCN)c2ccccc21,771.867
CC1(C)C(/C=C/C(=C/C=C2/N(Cc3ccsc3)c3ccc(Br)cc3C2(C)C)c2c3ccccc3cc3ccccc23)=[N+](CCCCN)c2ccccc21,777.896
CCN1/C(=C/C=C(/C=C/C2=[N+](CCCCN)c3ccc(Br)cc3C2(C)C)c2c3ccccc3cc3ccccc23)C(C)(C)c2cc(Br)ccc21,788.692
CCCCN1/C(=C/C=C(/C=C/C2=[N+](CCCCN)c3ccc(Br)cc3C2(C)C)c2c3ccccc3cc3ccccc23)C(C)(C)c2cc(Br)ccc21,816.746
CC1(C)C(/C=C/C(=C/C=C2/N(CCCCN)c3ccc(Br)cc3C2(C)C)c2c3ccccc3cc3ccccc23)=[N+](CCCCN)c2ccc(Br)cc21,831.761
CC1(C)C(/C=C/C(=C/C=C2/N(CCCCO)c3ccc(Br)cc3C2(C)C)c2c3ccccc3cc3ccccc23)=[N+](CCCCN)c2ccc(Br)cc21,832.745
CC[N+](CC)(CC)CCCCN1/C(=C/C=C(/C=C/C2=[N+](CCCCN)c3ccc(Br)cc3C2(C)C)c2c3ccccc3cc3ccccc23)C(C)(C)c2cc(Br)ccc21,916.930999999999
CC1(C)C(/C=C/C(=C/C=C2/N(CCCCS(=O)(=O)O)c3ccc(Br)cc3C2(C)C)c2c3ccccc3cc3ccccc23)=[N+](CCCCN)c2ccc(Br)cc21,896.81
CC1(C)C(/C=C/C(=C/C=C2/N(Cc3ccccc3)c3ccc(Br)cc3C2(C)C)c2c3ccccc3cc3ccccc23)=[N+](CCCCN)c2ccc(Br)cc21,850.763
CC1(C)C(/C=C/C(=C/C=C2/N(Cc3ccsc3)c3ccc(Br)cc3C2(C)C)c2c3ccccc3cc3ccccc23)=[N+](CCCCN)c2ccc(Br)cc21,856.792
CCN1/C(=C/C=C(/C=C/C2=[N+](CCCCN)c3ccc(I)cc3C2(C)C)c2c3ccccc3cc3ccccc23)C(C)(C)c2cc(Br)ccc21,835.692
CCCCN1/C(=C/C=C(/C=C/C2=[N+](CCCCN)c3ccc(I)cc3C2(C)C)c2c3ccccc3cc3ccccc23)C(C)(C)c2cc(Br)ccc21,863.746
CC1(C)C(/C=C/C(=C/C=C2/N(CCCCN)c3ccc(Br)cc3C2(C)C)c2c3ccccc3cc3ccccc23)=[N+](CCCCN)c2ccc(I)cc21,878.760999999999
CC1(C)C(/C=C/C(=C/C=C2/N(CCCCO)c3ccc(Br)cc3C2(C)C)c2c3ccccc3cc3ccccc23)=[N+](CCCCN)c2ccc(I)cc21,879.745
CC[N+](CC)(CC)CCCCN1/C(=C/C=C(/C=C/C2=[N+](CCCCN)c3ccc(I)cc3C2(C)C)c2c3ccccc3cc3ccccc23)C(C)(C)c2cc(Br)ccc21,963.930999999999
CC1(C)C(/C=C/C(=C/C=C2/N(CCCCS(=O)(=O)O)c3ccc(Br)cc3C2(C)C)c2c3ccccc3cc3ccccc23)=[N+](CCCCN)c2ccc(I)cc21,943.81
CC1(C)C(/C=C/C(=C/C=C2/N(Cc3ccccc3)c3ccc(Br)cc3C2(C)C)c2c3ccccc3cc3ccccc23)=[N+](CCCCN)c2ccc(I)cc21,897.763
CC1(C)C(/C=C/C(=C/C=C2/N(Cc3ccsc3)c3ccc(Br)cc3C2(C)C)c2c3ccccc3cc3ccccc23)=[N+](CCCCN)c2ccc(I)cc21,903.792
CCN1/C(=C/C=C(/C=C/C2=[N+](CCCCO)c3ccccc3C2(C)C)c2c3ccccc3cc3ccccc23)C(C)(C)c2cc(Br)ccc21,710.78
CCCCN1/C(=C/C=C(/C=C/C2=[N+](CCCCO)c3ccccc3C2(C)C)c2c3ccccc3cc3ccccc23)C(C)(C)c2cc(Br)ccc21,738.834
CC1(C)C(/C=C/C(=C/C=C2/N(CCCCN)c3ccc(Br)cc3C2(C)C)c2c3ccccc3cc3ccccc23)=[N+](CCCCO)c2ccccc21,753.849
CC1(C)C(/C=C/C(=C/C=C2/N(CCCCO)c3ccc(Br)cc3C2(C)C)c2c3ccccc3cc3ccccc23)=[N+](CCCCO)c2ccccc21,754.833
CC[N+](CC)(CC)CCCCN1/C(=C/C=C(/C=C/C2=[N+](CCCCO)c3ccccc3C2(C)C)c2c3ccccc3cc3ccccc23)C(C)(C)c2cc(Br)ccc21,839.018999999999
CC1(C)C(/C=C/C(=C/C=C2/N(CCCCS(=O)(=O)O)c3ccc(Br)cc3C2(C)C)c2c3ccccc3cc3ccccc23)=[N+](CCCCO)c2ccccc21,818.898
CC1(C)C(/C=C/C(=C/C=C2/N(Cc3ccccc3)c3ccc(Br)cc3C2(C)C)c2c3ccccc3cc3ccccc23)=[N+](CCCCO)c2ccccc21,772.851
CC1(C)C(/C=C/C(=C/C=C2/N(Cc3ccsc3)c3ccc(Br)cc3C2(C)C)c2c3ccccc3cc3ccccc23)=[N+](CCCCO)c2ccccc21,778.88
CCN1/C(=C/C=C(/C=C/C2=[N+](CCCCO)c3ccc(Br)cc3C2(C)C)c2c3ccccc3cc3ccccc23)C(C)(C)c2cc(Br)ccc21,789.676
CCCCN1/C(=C/C=C(/C=C/C2=[N+](CCCCO)c3ccc(Br)cc3C2(C)C)c2c3ccccc3cc3ccccc23)C(C)(C)c2cc(Br)ccc21,817.73
CC1(C)C(/C=C/C(=C/C=C2/N(CCCCN)c3ccc(Br)cc3C2(C)C)c2c3ccccc3cc3ccccc23)=[N+](CCCCO)c2ccc(Br)cc21,832.745
CC1(C)C(/C=C/C(=C/C=C2/N(CCCCO)c3ccc(Br)cc3C2(C)C)c2c3ccccc3cc3ccccc23)=[N+](CCCCO)c2ccc(Br)cc21,833.729
CC[N+](CC)(CC)CCCCN1/C(=C/C=C(/C=C/C2=[N+](CCCCO)c3ccc(Br)cc3C2(C)C)c2c3ccccc3cc3ccccc23)C(C)(C)c2cc(Br)ccc21,917.914999999999
CC1(C)C(/C=C/C(=C/C=C2/N(CCCCS(=O)(=O)O)c3ccc(Br)cc3C2(C)C)c2c3ccccc3cc3ccccc23)=[N+](CCCCO)c2ccc(Br)cc21,897.794
CC1(C)C(/C=C/C(=C/C=C2/N(Cc3ccccc3)c3ccc(Br)cc3C2(C)C)c2c3ccccc3cc3ccccc23)=[N+](CCCCO)c2ccc(Br)cc21,851.747
CC1(C)C(/C=C/C(=C/C=C2/N(Cc3ccsc3)c3ccc(Br)cc3C2(C)C)c2c3ccccc3cc3ccccc23)=[N+](CCCCO)c2ccc(Br)cc21,857.776
CCN1/C(=C/C=C(/C=C/C2=[N+](CCCCO)c3ccc(I)cc3C2(C)C)c2c3ccccc3cc3ccccc23)C(C)(C)c2cc(Br)ccc21,836.676
CCCCN1/C(=C/C=C(/C=C/C2=[N+](CCCCO)c3ccc(I)cc3C2(C)C)c2c3ccccc3cc3ccccc23)C(C)(C)c2cc(Br)ccc21,864.73
CC1(C)C(/C=C/C(=C/C=C2/N(CCCCN)c3ccc(Br)cc3C2(C)C)c2c3ccccc3cc3ccccc23)=[N+](CCCCO)c2ccc(I)cc21,879.745
CC1(C)C(/C=C/C(=C/C=C2/N(CCCCO)c3ccc(Br)cc3C2(C)C)c2c3ccccc3cc3ccccc23)=[N+](CCCCO)c2ccc(I)cc21,880.729
CC[N+](CC)(CC)CCCCN1/C(=C/C=C(/C=C/C2=[N+](CCCCO)c3ccc(I)cc3C2(C)C)c2c3ccccc3cc3ccccc23)C(C)(C)c2cc(Br)ccc21,964.914999999999
CC1(C)C(/C=C/C(=C/C=C2/N(CCCCS(=O)(=O)O)c3ccc(Br)cc3C2(C)C)c2c3ccccc3cc3ccccc23)=[N+](CCCCO)c2ccc(I)cc21,944.794
CC1(C)C(/C=C/C(=C/C=C2/N(Cc3ccccc3)c3ccc(Br)cc3C2(C)C)c2c3ccccc3cc3ccccc23)=[N+](CCCCO)c2ccc(I)cc21,898.747
CC1(C)C(/C=C/C(=C/C=C2/N(Cc3ccsc3)c3ccc(Br)cc3C2(C)C)c2c3ccccc3cc3ccccc23)=[N+](CCCCO)c2ccc(I)cc21,904.776
CCN1/C(=C/C=C(/C=C/C2=[N+](CCCC[N+](CC)(CC)CC)c3ccccc3C2(C)C)c2c3ccccc3cc3ccccc23)C(C)(C)c2cc(Br)ccc21,794.965999999999
CCCCN1/C(=C/C=C(/C=C/C2=[N+](CCCC[N+](CC)(CC)CC)c3ccccc3C2(C)C)c2c3ccccc3cc3ccccc23)C(C)(C)c2cc(Br)ccc21,823.019999999999
CC[N+](CC)(CC)CCCC[N+]1=C(/C=C/C(=C/C=C2/N(CCCCN)c3ccc(Br)cc3C2(C)C)c2c3ccccc3cc3ccccc23)C(C)(C)c2ccccc21,838.034999999999
CC[N+](CC)(CC)CCCC[N+]1=C(/C=C/C(=C/C=C2/N(CCCCO)c3ccc(Br)cc3C2(C)C)c2c3ccccc3cc3ccccc23)C(C)(C)c2ccccc21,839.018999999999
CC[N+](CC)(CC)CCCCN1/C(=C/C=C(/C=C/C2=[N+](CCCC[N+](CC)(CC)CC)c3ccccc3C2(C)C)c2c3ccccc3cc3ccccc23)C(C)(C)c2cc(Br)ccc21,923.204999999999
CC[N+](CC)(CC)CCCC[N+]1=C(/C=C/C(=C/C=C2/N(CCCCS(=O)(=O)O)c3ccc(Br)cc3C2(C)C)c2c3ccccc3cc3ccccc23)C(C)(C)c2ccccc21,903.083999999999
CC[N+](CC)(CC)CCCC[N+]1=C(/C=C/C(=C/C=C2/N(Cc3ccccc3)c3ccc(Br)cc3C2(C)C)c2c3ccccc3cc3ccccc23)C(C)(C)c2ccccc21,857.037
CC[N+](CC)(CC)CCCC[N+]1=C(/C=C/C(=C/C=C2/N(Cc3ccsc3)c3ccc(Br)cc3C2(C)C)c2c3ccccc3cc3ccccc23)C(C)(C)c2ccccc21,863.066
CCN1/C(=C/C=C(/C=C/C2=[N+](CCCC[N+](CC)(CC)CC)c3ccc(Br)cc3C2(C)C)c2c3ccccc3cc3ccccc23)C(C)(C)c2cc(Br)ccc21,873.861999999999
CCCCN1/C(=C/C=C(/C=C/C2=[N+](CCCC[N+](CC)(CC)CC)c3ccc(Br)cc3C2(C)C)c2c3ccccc3cc3ccccc23)C(C)(C)c2cc(Br)ccc21,901.915999999999
CC[N+](CC)(CC)CCCC[N+]1=C(/C=C/C(=C/C=C2/N(CCCCN)c3ccc(Br)cc3C2(C)C)c2c3ccccc3cc3ccccc23)C(C)(C)c2cc(Br)ccc21,916.930999999999
CC[N+](CC)(CC)CCCC[N+]1=C(/C=C/C(=C/C=C2/N(CCCCO)c3ccc(Br)cc3C2(C)C)c2c3ccccc3cc3ccccc23)C(C)(C)c2cc(Br)ccc21,917.914999999999
CC[N+](CC)(CC)CCCCN1/C(=C/C=C(/C=C/C2=[N+](CCCC[N+](CC)(CC)CC)c3ccc(Br)cc3C2(C)C)c2c3ccccc3cc3ccccc23)C(C)(C)c2cc(Br)ccc21,1002.101
CC[N+](CC)(CC)CCCC[N+]1=C(/C=C/C(=C/C=C2/N(CCCCS(=O)(=O)O)c3ccc(Br)cc3C2(C)C)c2c3ccccc3cc3ccccc23)C(C)(C)c2cc(Br)ccc21,981.979999999999
CC[N+](CC)(CC)CCCC[N+]1=C(/C=C/C(=C/C=C2/N(Cc3ccccc3)c3ccc(Br)cc3C2(C)C)c2c3ccccc3cc3ccccc23)C(C)(C)c2cc(Br)ccc21,935.932999999999
CC[N+](CC)(CC)CCCC[N+]1=C(/C=C/C(=C/C=C2/N(Cc3ccsc3)c3ccc(Br)cc3C2(C)C)c2c3ccccc3cc3ccccc23)C(C)(C)c2cc(Br)ccc21,941.962
CCN1/C(=C/C=C(/C=C/C2=[N+](CCCC[N+](CC)(CC)CC)c3ccc(I)cc3C2(C)C)c2c3ccccc3cc3ccccc23)C(C)(C)c2cc(Br)ccc21,920.861999999999
CCCCN1/C(=C/C=C(/C=C/C2=[N+](CCCC[N+](CC)(CC)CC)c3ccc(I)cc3C2(C)C)c2c3ccccc3cc3ccccc23)C(C)(C)c2cc(Br)ccc21,948.915999999999
CC[N+](CC)(CC)CCCC[N+]1=C(/C=C/C(=C/C=C2/N(CCCCN)c3ccc(Br)cc3C2(C)C)c2c3ccccc3cc3ccccc23)C(C)(C)c2cc(I)ccc21,963.930999999999
CC[N+](CC)(CC)CCCC[N+]1=C(/C=C/C(=C/C=C2/N(CCCCO)c3ccc(Br)cc3C2(C)C)c2c3ccccc3cc3ccccc23)C(C)(C)c2cc(I)ccc21,964.914999999999
CC[N+](CC)(CC)CCCCN1/C(=C/C=C(/C=C/C2=[N+](CCCC[N+](CC)(CC)CC)c3ccc(I)cc3C2(C)C)c2c3ccccc3cc3ccccc23)C(C)(C)c2cc(Br)ccc21,1049.101
CC[N+](CC)(CC)CCCC[N+]1=C(/C=C/C(=C/C=C2/N(CCCCS(=O)(=O)O)c3ccc(Br)cc3C2(C)C)c2c3ccccc3cc3ccccc23)C(C)(C)c2cc(I)ccc21,1028.98
CC[N+](CC)(CC)CCCC[N+]1=C(/C=C/C(=C/C=C2/N(Cc3ccccc3)c3ccc(Br)cc3C2(C)C)c2c3ccccc3cc3ccccc23)C(C)(C)c2cc(I)ccc21,982.932999999999
CC[N+](CC)(CC)CCCC[N+]1=C(/C=C/C(=C/C=C2/N(Cc3ccsc3)c3ccc(Br)cc3C2(C)C)c2c3ccccc3cc3ccccc23)C(C)(C)c2cc(I)ccc21,988.961999999999
CCN1/C(=C/C=C(/C=C/C2=[N+](CCCCS(=O)(=O)O)c3ccccc3C2(C)C)c2c3ccccc3cc3ccccc23)C(C)(C)c2cc(Br)ccc21,774.845
CCCCN1/C(=C/C=C(/C=C/C2=[N+](CCCCS(=O)(=O)O)c3ccccc3C2(C)C)c2c3ccccc3cc3ccccc23)C(C)(C)c2cc(Br)ccc21,802.899
CC1(C)C(/C=C/C(=C/C=C2/N(CCCCN)c3ccc(Br)cc3C2(C)C)c2c3ccccc3cc3ccccc23)=[N+](CCCCS(=O)(=O)O)c2ccccc21,817.914
CC1(C)C(/C=C/C(=C/C=C2/N(CCCCO)c3ccc(Br)cc3C2(C)C)c2c3ccccc3cc3ccccc23)=[N+](CCCCS(=O)(=O)O)c2ccccc21,818.898
CC[N+](CC)(CC)CCCCN1/C(=C/C=C(/C=C/C2=[N+](CCCCS(=O)(=O)O)c3ccccc3C2(C)C)c2c3ccccc3cc3ccccc23)C(C)(C)c2cc(Br)ccc21,903.083999999999
CC1(C)C(/C=C/C(=C/C=C2/N(CCCCS(=O)(=O)O)c3ccc(Br)cc3C2(C)C)c2c3ccccc3cc3ccccc23)=[N+](CCCCS(=O)(=O)O)c2ccccc21,882.963
CC1(C)C(/C=C/C(=C/C=C2/N(Cc3ccccc3)c3ccc(Br)cc3C2(C)C)c2c3ccccc3cc3ccccc23)=[N+](CCCCS(=O)(=O)O)c2ccccc21,836.916
CC1(C)C(/C=C/C(=C/C=C2/N(Cc3ccsc3)c3ccc(Br)cc3C2(C)C)c2c3ccccc3cc3ccccc23)=[N+](CCCCS(=O)(=O)O)c2ccccc21,842.945
CCN1/C(=C/C=C(/C=C/C2=[N+](CCCCS(=O)(=O)O)c3ccc(Br)cc3C2(C)C)c2c3ccccc3cc3ccccc23)C(C)(C)c2cc(Br)ccc21,853.741
CCCCN1/C(=C/C=C(/C=C/C2=[N+](CCCCS(=O)(=O)O)c3ccc(Br)cc3C2(C)C)c2c3ccccc3cc3ccccc23)C(C)(C)c2cc(Br)ccc21,881.795
CC1(C)C(/C=C/C(=C/C=C2/N(CCCCN)c3ccc(Br)cc3C2(C)C)c2c3ccccc3cc3ccccc23)=[N+](CCCCS(=O)(=O)O)c2ccc(Br)cc21,896.81
CC1(C)C(/C=C/C(=C/C=C2/N(CCCCO)c3ccc(Br)cc3C2(C)C)c2c3ccccc3cc3ccccc23)=[N+](CCCCS(=O)(=O)O)c2ccc(Br)cc21,897.794
CC[N+](CC)(CC)CCCCN1/C(=C/C=C(/C=C/C2=[N+](CCCCS(=O)(=O)O)c3ccc(Br)cc3C2(C)C)c2c3ccccc3cc3ccccc23)C(C)(C)c2cc(Br)ccc21,981.979999999999
CC1(C)C(/C=C/C(=C/C=C2/N(CCCCS(=O)(=O)O)c3ccc(Br)cc3C2(C)C)c2c3ccccc3cc3ccccc23)=[N+](CCCCS(=O)(=O)O)c2ccc(Br)cc21,961.859
CC1(C)C(/C=C/C(=C/C=C2/N(Cc3ccccc3)c3ccc(Br)cc3C2(C)C)c2c3ccccc3cc3ccccc23)=[N+](CCCCS(=O)(=O)O)c2ccc(Br)cc21,915.812
CC1(C)C(/C=C/C(=C/C=C2/N(Cc3ccsc3)c3ccc(Br)cc3C2(C)C)c2c3ccccc3cc3ccccc23)=[N+](CCCCS(=O)(=O)O)c2ccc(Br)cc21,921.841
CCN1/C(=C/C=C(/C=C/C2=[N+](CCCCS(=O)(=O)O)c3ccc(I)cc3C2(C)C)c2c3ccccc3cc3ccccc23)C(C)(C)c2cc(Br)ccc21,900.741
CCCCN1/C(=C/C=C(/C=C/C2=[N+](CCCCS(=O)(=O)O)c3ccc(I)cc3C2(C)C)c2c3ccccc3cc3ccccc23)C(C)(C)c2cc(Br)ccc21,928.795
CC1(C)C(/C=C/C(=C/C=C2/N(CCCCN)c3ccc(Br)cc3C2(C)C)c2c3ccccc3cc3ccccc23)=[N+](CCCCS(=O)(=O)O)c2ccc(I)cc21,943.81
CC1(C)C(/C=C/C(=C/C=C2/N(CCCCO)c3ccc(Br)cc3C2(C)C)c2c3ccccc3cc3ccccc23)=[N+](CCCCS(=O)(=O)O)c2ccc(I)cc21,944.794
CC[N+](CC)(CC)CCCCN1/C(=C/C=C(/C=C/C2=[N+](CCCCS(=O)(=O)O)c3ccc(I)cc3C2(C)C)c2c3ccccc3cc3ccccc23)C(C)(C)c2cc(Br)ccc21,1028.98
CC1(C)C(/C=C/C(=C/C=C2/N(CCCCS(=O)(=O)O)c3ccc(Br)cc3C2(C)C)c2c3ccccc3cc3ccccc23)=[N+](CCCCS(=O)(=O)O)c2ccc(I)cc21,1008.859
CC1(C)C(/C=C/C(=C/C=C2/N(Cc3ccccc3)c3ccc(Br)cc3C2(C)C)c2c3ccccc3cc3ccccc23)=[N+](CCCCS(=O)(=O)O)c2ccc(I)cc21,962.812
CC1(C)C(/C=C/C(=C/C=C2/N(Cc3ccsc3)c3ccc(Br)cc3C2(C)C)c2c3ccccc3cc3ccccc23)=[N+](CCCCS(=O)(=O)O)c2ccc(I)cc21,968.841
CCN1/C(=C/C=C(/C=C/C2=[N+](Cc3ccccc3)c3ccccc3C2(C)C)c2c3ccccc3cc3ccccc23)C(C)(C)c2cc(Br)ccc21,728.798
CCCCN1/C(=C/C=C(/C=C/C2=[N+](Cc3ccccc3)c3ccccc3C2(C)C)c2c3ccccc3cc3ccccc23)C(C)(C)c2cc(Br)ccc21,756.852
CC1(C)C(/C=C/C(=C/C=C2/N(CCCCN)c3ccc(Br)cc3C2(C)C)c2c3ccccc3cc3ccccc23)=[N+](Cc2ccccc2)c2ccccc21,771.867
CC1(C)C(/C=C/C(=C/C=C2/N(CCCCO)c3ccc(Br)cc3C2(C)C)c2c3ccccc3cc3ccccc23)=[N+](Cc2ccccc2)c2ccccc21,772.851
CC[N+](CC)(CC)CCCCN1/C(=C/C=C(/C=C/C2=[N+](Cc3ccccc3)c3ccccc3C2(C)C)c2c3ccccc3cc3ccccc23)C(C)(C)c2cc(Br)ccc21,857.037
CC1(C)C(/C=C/C(=C/C=C2/N(CCCCS(=O)(=O)O)c3ccc(Br)cc3C2(C)C)c2c3ccccc3cc3ccccc23)=[N+](Cc2ccccc2)c2ccccc21,836.916
CC1(C)C(/C=C/C(=C/C=C2/N(Cc3ccccc3)c3ccc(Br)cc3C2(C)C)c2c3ccccc3cc3ccccc23)=[N+](Cc2ccccc2)c2ccccc21,790.869
CC1(C)C(/C=C/C(=C/C=C2/N(Cc3ccsc3)c3ccc(Br)cc3C2(C)C)c2c3ccccc3cc3ccccc23)=[N+](Cc2ccccc2)c2ccccc21,796.898
CCN1/C(=C/C=C(/C=C/C2=[N+](Cc3ccccc3)c3ccc(Br)cc3C2(C)C)c2c3ccccc3cc3ccccc23)C(C)(C)c2cc(Br)ccc21,807.694
CCCCN1/C(=C/C=C(/C=C/C2=[N+](Cc3ccccc3)c3ccc(Br)cc3C2(C)C)c2c3ccccc3cc3ccccc23)C(C)(C)c2cc(Br)ccc21,835.748
CC1(C)C(/C=C/C(=C/C=C2/N(CCCCN)c3ccc(Br)cc3C2(C)C)c2c3ccccc3cc3ccccc23)=[N+](Cc2ccccc2)c2ccc(Br)cc21,850.763
CC1(C)C(/C=C/C(=C/C=C2/N(CCCCO)c3ccc(Br)cc3C2(C)C)c2c3ccccc3cc3ccccc23)=[N+](Cc2ccccc2)c2ccc(Br)cc21,851.747
CC[N+](CC)(CC)CCCCN1/C(=C/C=C(/C=C/C2=[N+](Cc3ccccc3)c3ccc(Br)cc3C2(C)C)c2c3ccccc3cc3ccccc23)C(C)(C)c2cc(Br)ccc21,935.932999999999
CC1(C)C(/C=C/C(=C/C=C2/N(CCCCS(=O)(=O)O)c3ccc(Br)cc3C2(C)C)c2c3ccccc3cc3ccccc23)=[N+](Cc2ccccc2)c2ccc(Br)cc21,915.812
CC1(C)C(/C=C/C(=C/C=C2/N(Cc3ccccc3)c3ccc(Br)cc3C2(C)C)c2c3ccccc3cc3ccccc23)=[N+](Cc2ccccc2)c2ccc(Br)cc21,869.765
CC1(C)C(/C=C/C(=C/C=C2/N(Cc3ccsc3)c3ccc(Br)cc3C2(C)C)c2c3ccccc3cc3ccccc23)=[N+](Cc2ccccc2)c2ccc(Br)cc21,875.794
CCN1/C(=C/C=C(/C=C/C2=[N+](Cc3ccccc3)c3ccc(I)cc3C2(C)C)c2c3ccccc3cc3ccccc23)C(C)(C)c2cc(Br)ccc21,854.694
CCCCN1/C(=C/C=C(/C=C/C2=[N+](Cc3ccccc3)c3ccc(I)cc3C2(C)C)c2c3ccccc3cc3ccccc23)C(C)(C)c2cc(Br)ccc21,882.748
CC1(C)C(/C=C/C(=C/C=C2/N(CCCCN)c3ccc(Br)cc3C2(C)C)c2c3ccccc3cc3ccccc23)=[N+](Cc2ccccc2)c2ccc(I)cc21,897.763
CC1(C)C(/C=C/C(=C/C=C2/N(CCCCO)c3ccc(Br)cc3C2(C)C)c2c3ccccc3cc3ccccc23)=[N+](Cc2ccccc2)c2ccc(I)cc21,898.747
CC[N+](CC)(CC)CCCCN1/C(=C/C=C(/C=C/C2=[N+](Cc3ccccc3)c3ccc(I)cc3C2(C)C)c2c3ccccc3cc3ccccc23)C(C)(C)c2cc(Br)ccc21,982.932999999999
CC1(C)C(/C=C/C(=C/C=C2/N(CCCCS(=O)(=O)O)c3ccc(Br)cc3C2(C)C)c2c3ccccc3cc3ccccc23)=[N+](Cc2ccccc2)c2ccc(I)cc21,962.812
CC1(C)C(/C=C/C(=C/C=C2/N(Cc3ccccc3)c3ccc(Br)cc3C2(C)C)c2c3ccccc3cc3ccccc23)=[N+](Cc2ccccc2)c2ccc(I)cc21,916.765
CC1(C)C(/C=C/C(=C/C=C2/N(Cc3ccsc3)c3ccc(Br)cc3C2(C)C)c2c3ccccc3cc3ccccc23)=[N+](Cc2ccccc2)c2ccc(I)cc21,922.794
CCN1/C(=C/C=C(/C=C/C2=[N+](Cc3ccsc3)c3ccccc3C2(C)C)c2c3ccccc3cc3ccccc23)C(C)(C)c2cc(Br)ccc21,734.827
CCCCN1/C(=C/C=C(/C=C/C2=[N+](Cc3ccsc3)c3ccccc3C2(C)C)c2c3ccccc3cc3ccccc23)C(C)(C)c2cc(Br)ccc21,762.881
CC1(C)C(/C=C/C(=C/C=C2/N(CCCCN)c3ccc(Br)cc3C2(C)C)c2c3ccccc3cc3ccccc23)=[N+](Cc2ccsc2)c2ccccc21,777.896
CC1(C)C(/C=C/C(=C/C=C2/N(CCCCO)c3ccc(Br)cc3C2(C)C)c2c3ccccc3cc3ccccc23)=[N+](Cc2ccsc2)c2ccccc21,778.88
CC[N+](CC)(CC)CCCCN1/C(=C/C=C(/C=C/C2=[N+](Cc3ccsc3)c3ccccc3C2(C)C)c2c3ccccc3cc3ccccc23)C(C)(C)c2cc(Br)ccc21,863.066
CC1(C)C(/C=C/C(=C/C=C2/N(CCCCS(=O)(=O)O)c3ccc(Br)cc3C2(C)C)c2c3ccccc3cc3ccccc23)=[N+](Cc2ccsc2)c2ccccc21,842.945
CC1(C)C(/C=C/C(=C/C=C2/N(Cc3ccccc3)c3ccc(Br)cc3C2(C)C)c2c3ccccc3cc3ccccc23)=[N+](Cc2ccsc2)c2ccccc21,796.898
CC1(C)C(/C=C/C(=C/C=C2/N(Cc3ccsc3)c3ccc(Br)cc3C2(C)C)c2c3ccccc3cc3ccccc23)=[N+](Cc2ccsc2)c2ccccc21,802.927
CCN1/C(=C/C=C(/C=C/C2=[N+](Cc3ccsc3)c3ccc(Br)cc3C2(C)C)c2c3ccccc3cc3ccccc23)C(C)(C)c2cc(Br)ccc21,813.723
CCCCN1/C(=C/C=C(/C=C/C2=[N+](Cc3ccsc3)c3ccc(Br)cc3C2(C)C)c2c3ccccc3cc3ccccc23)C(C)(C)c2cc(Br)ccc21,841.777
CC1(C)C(/C=C/C(=C/C=C2/N(CCCCN)c3ccc(Br)cc3C2(C)C)c2c3ccccc3cc3ccccc23)=[N+](Cc2ccsc2)c2ccc(Br)cc21,856.792
CC1(C)C(/C=C/C(=C/C=C2/N(CCCCO)c3ccc(Br)cc3C2(C)C)c2c3ccccc3cc3ccccc23)=[N+](Cc2ccsc2)c2ccc(Br)cc21,857.776
CC[N+](CC)(CC)CCCCN1/C(=C/C=C(/C=C/C2=[N+](Cc3ccsc3)c3ccc(Br)cc3C2(C)C)c2c3ccccc3cc3ccccc23)C(C)(C)c2cc(Br)ccc21,941.962
CC1(C)C(/C=C/C(=C/C=C2/N(CCCCS(=O)(=O)O)c3ccc(Br)cc3C2(C)C)c2c3ccccc3cc3ccccc23)=[N+](Cc2ccsc2)c2ccc(Br)cc21,921.841
CC1(C)C(/C=C/C(=C/C=C2/N(Cc3ccccc3)c3ccc(Br)cc3C2(C)C)c2c3ccccc3cc3ccccc23)=[N+](Cc2ccsc2)c2ccc(Br)cc21,875.794
CC1(C)C(/C=C/C(=C/C=C2/N(Cc3ccsc3)c3ccc(Br)cc3C2(C)C)c2c3ccccc3cc3ccccc23)=[N+](Cc2ccsc2)c2ccc(Br)cc21,881.823
CCN1/C(=C/C=C(/C=C/C2=[N+](Cc3ccsc3)c3ccc(I)cc3C2(C)C)c2c3ccccc3cc3ccccc23)C(C)(C)c2cc(Br)ccc21,860.723
CCCCN1/C(=C/C=C(/C=C/C2=[N+](Cc3ccsc3)c3ccc(I)cc3C2(C)C)c2c3ccccc3cc3ccccc23)C(C)(C)c2cc(Br)ccc21,888.777
CC1(C)C(/C=C/C(=C/C=C2/N(CCCCN)c3ccc(Br)cc3C2(C)C)c2c3ccccc3cc3ccccc23)=[N+](Cc2ccsc2)c2ccc(I)cc21,903.792
CC1(C)C(/C=C/C(=C/C=C2/N(CCCCO)c3ccc(Br)cc3C2(C)C)c2c3ccccc3cc3ccccc23)=[N+](Cc2ccsc2)c2ccc(I)cc21,904.776
CC[N+](CC)(CC)CCCCN1/C(=C/C=C(/C=C/C2=[N+](Cc3ccsc3)c3ccc(I)cc3C2(C)C)c2c3ccccc3cc3ccccc23)C(C)(C)c2cc(Br)ccc21,988.961999999999
CC1(C)C(/C=C/C(=C/C=C2/N(CCCCS(=O)(=O)O)c3ccc(Br)cc3C2(C)C)c2c3ccccc3cc3ccccc23)=[N+](Cc2ccsc2)c2ccc(I)cc21,968.841
CC1(C)C(/C=C/C(=C/C=C2/N(Cc3ccccc3)c3ccc(Br)cc3C2(C)C)c2c3ccccc3cc3ccccc23)=[N+](Cc2ccsc2)c2ccc(I)cc21,922.794
CC1(C)C(/C=C/C(=C/C=C2/N(Cc3ccsc3)c3ccc(Br)cc3C2(C)C)c2c3ccccc3cc3ccccc23)=[N+](Cc2ccsc2)c2ccc(I)cc21,928.823
CCN1/C(=C/C=C/C=C/C2=[N+](CC)c3ccccc3C2(C)C)C(C)(C)c2cc(I)ccc21,537.509
CCCCN1/C(=C/C=C/C=C/C2=[N+](CC)c3ccccc3C2(C)C)C(C)(C)c2cc(I)ccc21,565.563
CC[N+]1=C(/C=C/C=C/C=C2/N(CCCCN)c3ccc(I)cc3C2(C)C)C(C)(C)c2ccccc21,580.578
CC[N+]1=C(/C=C/C=C/C=C2/N(CCCCO)c3ccc(I)cc3C2(C)C)C(C)(C)c2ccccc21,581.562
CC[N+]1=C(/C=C/C=C/C=C2/N(CCCC[N+](CC)(CC)CC)c3ccc(I)cc3C2(C)C)C(C)(C)c2ccccc21,665.748
CC[N+]1=C(/C=C/C=C/C=C2/N(CCCCS(=O)(=O)O)c3ccc(I)cc3C2(C)C)C(C)(C)c2ccccc21,645.627
CC[N+]1=C(/C=C/C=C/C=C2/N(Cc3ccccc3)c3ccc(I)cc3C2(C)C)C(C)(C)c2ccccc21,599.58
CC[N+]1=C(/C=C/C=C/C=C2/N(Cc3ccsc3)c3ccc(I)cc3C2(C)C)C(C)(C)c2ccccc21,605.609
CCN1/C(=C/C=C/C=C/C2=[N+](CC)c3ccc(Br)cc3C2(C)C)C(C)(C)c2cc(I)ccc21,616.405
CCCCN1/C(=C/C=C/C=C/C2=[N+](CC)c3ccc(Br)cc3C2(C)C)C(C)(C)c2cc(I)ccc21,644.459
CC[N+]1=C(/C=C/C=C/C=C2/N(CCCCN)c3ccc(I)cc3C2(C)C)C(C)(C)c2cc(Br)ccc21,659.474
CC[N+]1=C(/C=C/C=C/C=C2/N(CCCCO)c3ccc(I)cc3C2(C)C)C(C)(C)c2cc(Br)ccc21,660.458
CC[N+]1=C(/C=C/C=C/C=C2/N(CCCC[N+](CC)(CC)CC)c3ccc(I)cc3C2(C)C)C(C)(C)c2cc(Br)ccc21,744.644
CC[N+]1=C(/C=C/C=C/C=C2/N(CCCCS(=O)(=O)O)c3ccc(I)cc3C2(C)C)C(C)(C)c2cc(Br)ccc21,724.523
CC[N+]1=C(/C=C/C=C/C=C2/N(Cc3ccccc3)c3ccc(I)cc3C2(C)C)C(C)(C)c2cc(Br)ccc21,678.476
CC[N+]1=C(/C=C/C=C/C=C2/N(Cc3ccsc3)c3ccc(I)cc3C2(C)C)C(C)(C)c2cc(Br)ccc21,684.505
CCN1/C(=C/C=C/C=C/C2=[N+](CC)c3ccc(I)cc3C2(C)C)C(C)(C)c2cc(I)ccc21,663.405
CCCCN1/C(=C/C=C/C=C/C2=[N+](CC)c3ccc(I)cc3C2(C)C)C(C)(C)c2cc(I)ccc21,691.459
CC[N+]1=C(/C=C/C=C/C=C2/N(CCCCN)c3ccc(I)cc3C2(C)C)C(C)(C)c2cc(I)ccc21,706.474
CC[N+]1=C(/C=C/C=C/C=C2/N(CCCCO)c3ccc(I)cc3C2(C)C)C(C)(C)c2cc(I)ccc21,707.458
CC[N+]1=C(/C=C/C=C/C=C2/N(CCCC[N+](CC)(CC)CC)c3ccc(I)cc3C2(C)C)C(C)(C)c2cc(I)ccc21,791.644
CC[N+]1=C(/C=C/C=C/C=C2/N(CCCCS(=O)(=O)O)c3ccc(I)cc3C2(C)C)C(C)(C)c2cc(I)ccc21,771.523
CC[N+]1=C(/C=C/C=C/C=C2/N(Cc3ccccc3)c3ccc(I)cc3C2(C)C)C(C)(C)c2cc(I)ccc21,725.476
CC[N+]1=C(/C=C/C=C/C=C2/N(Cc3ccsc3)c3ccc(I)cc3C2(C)C)C(C)(C)c2cc(I)ccc21,731.505
CCCC[N+]1=C(/C=C/C=C/C=C2/N(CC)c3ccc(I)cc3C2(C)C)C(C)(C)c2ccccc21,565.563
CCCCN1/C(=C/C=C/C=C/C2=[N+](CCCC)c3ccccc3C2(C)C)C(C)(C)c2cc(I)ccc21,593.617
CCCC[N+]1=C(/C=C/C=C/C=C2/N(CCCCN)c3ccc(I)cc3C2(C)C)C(C)(C)c2ccccc21,608.632
CCCC[N+]1=C(/C=C/C=C/C=C2/N(CCCCO)c3ccc(I)cc3C2(C)C)C(C)(C)c2ccccc21,609.616
CCCC[N+]1=C(/C=C/C=C/C=C2/N(CCCC[N+](CC)(CC)CC)c3ccc(I)cc3C2(C)C)C(C)(C)c2ccccc21,693.802
CCCC[N+]1=C(/C=C/C=C/C=C2/N(CCCCS(=O)(=O)O)c3ccc(I)cc3C2(C)C)C(C)(C)c2ccccc21,673.681
CCCC[N+]1=C(/C=C/C=C/C=C2/N(Cc3ccccc3)c3ccc(I)cc3C2(C)C)C(C)(C)c2ccccc21,627.634
CCCC[N+]1=C(/C=C/C=C/C=C2/N(Cc3ccsc3)c3ccc(I)cc3C2(C)C)C(C)(C)c2ccccc21,633.663
CCCC[N+]1=C(/C=C/C=C/C=C2/N(CC)c3ccc(I)cc3C2(C)C)C(C)(C)c2cc(Br)ccc21,644.459
CCCCN1/C(=C/C=C/C=C/C2=[N+](CCCC)c3ccc(Br)cc3C2(C)C)C(C)(C)c2cc(I)ccc21,672.513
CCCC[N+]1=C(/C=C/C=C/C=C2/N(CCCCN)c3ccc(I)cc3C2(C)C)C(C)(C)c2cc(Br)ccc21,687.528
CCCC[N+]1=C(/C=C/C=C/C=C2/N(CCCCO)c3ccc(I)cc3C2(C)C)C(C)(C)c2cc(Br)ccc21,688.512
CCCC[N+]1=C(/C=C/C=C/C=C2/N(CCCC[N+](CC)(CC)CC)c3ccc(I)cc3C2(C)C)C(C)(C)c2cc(Br)ccc21,772.698
CCCC[N+]1=C(/C=C/C=C/C=C2/N(CCCCS(=O)(=O)O)c3ccc(I)cc3C2(C)C)C(C)(C)c2cc(Br)ccc21,752.577
CCCC[N+]1=C(/C=C/C=C/C=C2/N(Cc3ccccc3)c3ccc(I)cc3C2(C)C)C(C)(C)c2cc(Br)ccc21,706.53
CCCC[N+]1=C(/C=C/C=C/C=C2/N(Cc3ccsc3)c3ccc(I)cc3C2(C)C)C(C)(C)c2cc(Br)ccc21,712.559
CCCC[N+]1=C(/C=C/C=C/C=C2/N(CC)c3ccc(I)cc3C2(C)C)C(C)(C)c2cc(I)ccc21,691.459
CCCCN1/C(=C/C=C/C=C/C2=[N+](CCCC)c3ccc(I)cc3C2(C)C)C(C)(C)c2cc(I)ccc21,719.513
CCCC[N+]1=C(/C=C/C=C/C=C2/N(CCCCN)c3ccc(I)cc3C2(C)C)C(C)(C)c2cc(I)ccc21,734.528
CCCC[N+]1=C(/C=C/C=C/C=C2/N(CCCCO)c3ccc(I)cc3C2(C)C)C(C)(C)c2cc(I)ccc21,735.512
CCCC[N+]1=C(/C=C/C=C/C=C2/N(CCCC[N+](CC)(CC)CC)c3ccc(I)cc3C2(C)C)C(C)(C)c2cc(I)ccc21,819.697999999999
CCCC[N+]1=C(/C=C/C=C/C=C2/N(CCCCS(=O)(=O)O)c3ccc(I)cc3C2(C)C)C(C)(C)c2cc(I)ccc21,799.577
CCCC[N+]1=C(/C=C/C=C/C=C2/N(Cc3ccccc3)c3ccc(I)cc3C2(C)C)C(C)(C)c2cc(I)ccc21,753.53
CCCC[N+]1=C(/C=C/C=C/C=C2/N(Cc3ccsc3)c3ccc(I)cc3C2(C)C)C(C)(C)c2cc(I)ccc21,759.559
CCN1/C(=C/C=C/C=C/C2=[N+](CCCCN)c3ccccc3C2(C)C)C(C)(C)c2cc(I)ccc21,580.578
CCCCN1/C(=C/C=C/C=C/C2=[N+](CCCCN)c3ccccc3C2(C)C)C(C)(C)c2cc(I)ccc21,608.632
CC1(C)C(/C=C/C=C/C=C2/N(CCCCN)c3ccc(I)cc3C2(C)C)=[N+](CCCCN)c2ccccc21,623.647
CC1(C)C(/C=C/C=C/C=C2/N(CCCCO)c3ccc(I)cc3C2(C)C)=[N+](CCCCN)c2ccccc21,624.631
CC[N+](CC)(CC)CCCCN1/C(=C/C=C/C=C/C2=[N+](CCCCN)c3ccccc3C2(C)C)C(C)(C)c2cc(I)ccc21,708.816999999999
CC1(C)C(/C=C/C=C/C=C2/N(CCCCS(=O)(=O)O)c3ccc(I)cc3C2(C)C)=[N+](CCCCN)c2ccccc21,688.696
CC1(C)C(/C=C/C=C/C=C2/N(Cc3ccccc3)c3ccc(I)cc3C2(C)C)=[N+](CCCCN)c2ccccc21,642.649
CC1(C)C(/C=C/C=C/C=C2/N(Cc3ccsc3)c3ccc(I)cc3C2(C)C)=[N+](CCCCN)c2ccccc21,648.678
CCN1/C(=C/C=C/C=C/C2=[N+](CCCCN)c3ccc(Br)cc3C2(C)C)C(C)(C)c2cc(I)ccc21,659.474
CCCCN1/C(=C/C=C/C=C/C2=[N+](CCCCN)c3ccc(Br)cc3C2(C)C)C(C)(C)c2cc(I)ccc21,687.528
CC1(C)C(/C=C/C=C/C=C2/N(CCCCN)c3ccc(I)cc3C2(C)C)=[N+](CCCCN)c2ccc(Br)cc21,702.543
CC1(C)C(/C=C/C=C/C=C2/N(CCCCO)c3ccc(I)cc3C2(C)C)=[N+](CCCCN)c2ccc(Br)cc21,703.527
CC[N+](CC)(CC)CCCCN1/C(=C/C=C/C=C/C2=[N+](CCCCN)c3ccc(Br)cc3C2(C)C)C(C)(C)c2cc(I)ccc21,787.712999999999
CC1(C)C(/C=C/C=C/C=C2/N(CCCCS(=O)(=O)O)c3ccc(I)cc3C2(C)C)=[N+](CCCCN)c2ccc(Br)cc21,767.592
CC1(C)C(/C=C/C=C/C=C2/N(Cc3ccccc3)c3ccc(I)cc3C2(C)C)=[N+](CCCCN)c2ccc(Br)cc21,721.545
CC1(C)C(/C=C/C=C/C=C2/N(Cc3ccsc3)c3ccc(I)cc3C2(C)C)=[N+](CCCCN)c2ccc(Br)cc21,727.574
CCN1/C(=C/C=C/C=C/C2=[N+](CCCCN)c3ccc(I)cc3C2(C)C)C(C)(C)c2cc(I)ccc21,706.474
CCCCN1/C(=C/C=C/C=C/C2=[N+](CCCCN)c3ccc(I)cc3C2(C)C)C(C)(C)c2cc(I)ccc21,734.528
CC1(C)C(/C=C/C=C/C=C2/N(CCCCN)c3ccc(I)cc3C2(C)C)=[N+](CCCCN)c2ccc(I)cc21,749.543
CC1(C)C(/C=C/C=C/C=C2/N(CCCCO)c3ccc(I)cc3C2(C)C)=[N+](CCCCN)c2ccc(I)cc21,750.527
CC[N+](CC)(CC)CCCCN1/C(=C/C=C/C=C/C2=[N+](CCCCN)c3ccc(I)cc3C2(C)C)C(C)(C)c2cc(I)ccc21,834.712999999999
CC1(C)C(/C=C/C=C/C=C2/N(CCCCS(=O)(=O)O)c3ccc(I)cc3C2(C)C)=[N+](CCCCN)c2ccc(I)cc21,814.592
CC1(C)C(/C=C/C=C/C=C2/N(Cc3ccccc3)c3ccc(I)cc3C2(C)C)=[N+](CCCCN)c2ccc(I)cc21,768.545
CC1(C)C(/C=C/C=C/C=C2/N(Cc3ccsc3)c3ccc(I)cc3C2(C)C)=[N+](CCCCN)c2ccc(I)cc21,774.574
CCN1/C(=C/C=C/C=C/C2=[N+](CCCCO)c3ccccc3C2(C)C)C(C)(C)c2cc(I)ccc21,581.562
CCCCN1/C(=C/C=C/C=C/C2=[N+](CCCCO)c3ccccc3C2(C)C)C(C)(C)c2cc(I)ccc21,609.616
CC1(C)C(/C=C/C=C/C=C2/N(CCCCN)c3ccc(I)cc3C2(C)C)=[N+](CCCCO)c2ccccc21,624.631
CC1(C)C(/C=C/C=C/C=C2/N(CCCCO)c3ccc(I)cc3C2(C)C)=[N+](CCCCO)c2ccccc21,625.615
CC[N+](CC)(CC)CCCCN1/C(=C/C=C/C=C/C2=[N+](CCCCO)c3ccccc3C2(C)C)C(C)(C)c2cc(I)ccc21,709.801
CC1(C)C(/C=C/C=C/C=C2/N(CCCCS(=O)(=O)O)c3ccc(I)cc3C2(C)C)=[N+](CCCCO)c2ccccc21,689.68
CC1(C)C(/C=C/C=C/C=C2/N(Cc3ccccc3)c3ccc(I)cc3C2(C)C)=[N+](CCCCO)c2ccccc21,643.633
CC1(C)C(/C=C/C=C/C=C2/N(Cc3ccsc3)c3ccc(I)cc3C2(C)C)=[N+](CCCCO)c2ccccc21,649.662
CCN1/C(=C/C=C/C=C/C2=[N+](CCCCO)c3ccc(Br)cc3C2(C)C)C(C)(C)c2cc(I)ccc21,660.458
CCCCN1/C(=C/C=C/C=C/C2=[N+](CCCCO)c3ccc(Br)cc3C2(C)C)C(C)(C)c2cc(I)ccc21,688.512
CC1(C)C(/C=C/C=C/C=C2/N(CCCCN)c3ccc(I)cc3C2(C)C)=[N+](CCCCO)c2ccc(Br)cc21,703.527
CC1(C)C(/C=C/C=C/C=C2/N(CCCCO)c3ccc(I)cc3C2(C)C)=[N+](CCCCO)c2ccc(Br)cc21,704.511
CC[N+](CC)(CC)CCCCN1/C(=C/C=C/C=C/C2=[N+](CCCCO)c3ccc(Br)cc3C2(C)C)C(C)(C)c2cc(I)ccc21,788.697
CC1(C)C(/C=C/C=C/C=C2/N(CCCCS(=O)(=O)O)c3ccc(I)cc3C2(C)C)=[N+](CCCCO)c2ccc(Br)cc21,768.576
CC1(C)C(/C=C/C=C/C=C2/N(Cc3ccccc3)c3ccc(I)cc3C2(C)C)=[N+](CCCCO)c2ccc(Br)cc21,722.529
CC1(C)C(/C=C/C=C/C=C2/N(Cc3ccsc3)c3ccc(I)cc3C2(C)C)=[N+](CCCCO)c2ccc(Br)cc21,728.558
CCN1/C(=C/C=C/C=C/C2=[N+](CCCCO)c3ccc(I)cc3C2(C)C)C(C)(C)c2cc(I)ccc21,707.458
CCCCN1/C(=C/C=C/C=C/C2=[N+](CCCCO)c3ccc(I)cc3C2(C)C)C(C)(C)c2cc(I)ccc21,735.512
CC1(C)C(/C=C/C=C/C=C2/N(CCCCN)c3ccc(I)cc3C2(C)C)=[N+](CCCCO)c2ccc(I)cc21,750.527
CC1(C)C(/C=C/C=C/C=C2/N(CCCCO)c3ccc(I)cc3C2(C)C)=[N+](CCCCO)c2ccc(I)cc21,751.511
CC[N+](CC)(CC)CCCCN1/C(=C/C=C/C=C/C2=[N+](CCCCO)c3ccc(I)cc3C2(C)C)C(C)(C)c2cc(I)ccc21,835.697
CC1(C)C(/C=C/C=C/C=C2/N(CCCCS(=O)(=O)O)c3ccc(I)cc3C2(C)C)=[N+](CCCCO)c2ccc(I)cc21,815.576
CC1(C)C(/C=C/C=C/C=C2/N(Cc3ccccc3)c3ccc(I)cc3C2(C)C)=[N+](CCCCO)c2ccc(I)cc21,769.529
CC1(C)C(/C=C/C=C/C=C2/N(Cc3ccsc3)c3ccc(I)cc3C2(C)C)=[N+](CCCCO)c2ccc(I)cc21,775.558
CCN1/C(=C/C=C/C=C/C2=[N+](CCCC[N+](CC)(CC)CC)c3ccccc3C2(C)C)C(C)(C)c2cc(I)ccc21,665.748
CCCCN1/C(=C/C=C/C=C/C2=[N+](CCCC[N+](CC)(CC)CC)c3ccccc3C2(C)C)C(C)(C)c2cc(I)ccc21,693.802
CC[N+](CC)(CC)CCCC[N+]1=C(/C=C/C=C/C=C2/N(CCCCN)c3ccc(I)cc3C2(C)C)C(C)(C)c2ccccc21,708.816999999999
CC[N+](CC)(CC)CCCC[N+]1=C(/C=C/C=C/C=C2/N(CCCCO)c3ccc(I)cc3C2(C)C)C(C)(C)c2ccccc21,709.801
CC[N+](CC)(CC)CCCCN1/C(=C/C=C/C=C/C2=[N+](CCCC[N+](CC)(CC)CC)c3ccccc3C2(C)C)C(C)(C)c2cc(I)ccc21,793.986999999999
CC[N+](CC)(CC)CCCC[N+]1=C(/C=C/C=C/C=C2/N(CCCCS(=O)(=O)O)c3ccc(I)cc3C2(C)C)C(C)(C)c2ccccc21,773.866
CC[N+](CC)(CC)CCCC[N+]1=C(/C=C/C=C/C=C2/N(Cc3ccccc3)c3ccc(I)cc3C2(C)C)C(C)(C)c2ccccc21,727.819
CC[N+](CC)(CC)CCCC[N+]1=C(/C=C/C=C/C=C2/N(Cc3ccsc3)c3ccc(I)cc3C2(C)C)C(C)(C)c2ccccc21,733.848
CCN1/C(=C/C=C/C=C/C2=[N+](CCCC[N+](CC)(CC)CC)c3ccc(Br)cc3C2(C)C)C(C)(C)c2cc(I)ccc21,744.644
CCCCN1/C(=C/C=C/C=C/C2=[N+](CCCC[N+](CC)(CC)CC)c3ccc(Br)cc3C2(C)C)C(C)(C)c2cc(I)ccc21,772.698
CC[N+](CC)(CC)CCCC[N+]1=C(/C=C/C=C/C=C2/N(CCCCN)c3ccc(I)cc3C2(C)C)C(C)(C)c2cc(Br)ccc21,787.712999999999
CC[N+](CC)(CC)CCCC[N+]1=C(/C=C/C=C/C=C2/N(CCCCO)c3ccc(I)cc3C2(C)C)C(C)(C)c2cc(Br)ccc21,788.697
CC[N+](CC)(CC)CCCCN1/C(=C/C=C/C=C/C2=[N+](CCCC[N+](CC)(CC)CC)c3ccc(Br)cc3C2(C)C)C(C)(C)c2cc(I)ccc21,872.882999999999
CC[N+](CC)(CC)CCCC[N+]1=C(/C=C/C=C/C=C2/N(CCCCS(=O)(=O)O)c3ccc(I)cc3C2(C)C)C(C)(C)c2cc(Br)ccc21,852.762
CC[N+](CC)(CC)CCCC[N+]1=C(/C=C/C=C/C=C2/N(Cc3ccccc3)c3ccc(I)cc3C2(C)C)C(C)(C)c2cc(Br)ccc21,806.715
CC[N+](CC)(CC)CCCC[N+]1=C(/C=C/C=C/C=C2/N(Cc3ccsc3)c3ccc(I)cc3C2(C)C)C(C)(C)c2cc(Br)ccc21,812.744
CCN1/C(=C/C=C/C=C/C2=[N+](CCCC[N+](CC)(CC)CC)c3ccc(I)cc3C2(C)C)C(C)(C)c2cc(I)ccc21,791.644
CCCCN1/C(=C/C=C/C=C/C2=[N+](CCCC[N+](CC)(CC)CC)c3ccc(I)cc3C2(C)C)C(C)(C)c2cc(I)ccc21,819.697999999999
CC[N+](CC)(CC)CCCC[N+]1=C(/C=C/C=C/C=C2/N(CCCCN)c3ccc(I)cc3C2(C)C)C(C)(C)c2cc(I)ccc21,834.712999999999
CC[N+](CC)(CC)CCCC[N+]1=C(/C=C/C=C/C=C2/N(CCCCO)c3ccc(I)cc3C2(C)C)C(C)(C)c2cc(I)ccc21,835.697
CC[N+](CC)(CC)CCCCN1/C(=C/C=C/C=C/C2=[N+](CCCC[N+](CC)(CC)CC)c3ccc(I)cc3C2(C)C)C(C)(C)c2cc(I)ccc21,919.882999999999
CC[N+](CC)(CC)CCCC[N+]1=C(/C=C/C=C/C=C2/N(CCCCS(=O)(=O)O)c3ccc(I)cc3C2(C)C)C(C)(C)c2cc(I)ccc21,899.762
CC[N+](CC)(CC)CCCC[N+]1=C(/C=C/C=C/C=C2/N(Cc3ccccc3)c3ccc(I)cc3C2(C)C)C(C)(C)c2cc(I)ccc21,853.715
CC[N+](CC)(CC)CCCC[N+]1=C(/C=C/C=C/C=C2/N(Cc3ccsc3)c3ccc(I)cc3C2(C)C)C(C)(C)c2cc(I)ccc21,859.744
CCN1/C(=C/C=C/C=C/C2=[N+](CCCCS(=O)(=O)O)c3ccccc3C2(C)C)C(C)(C)c2cc(I)ccc21,645.627
CCCCN1/C(=C/C=C/C=C/C2=[N+](CCCCS(=O)(=O)O)c3ccccc3C2(C)C)C(C)(C)c2cc(I)ccc21,673.681
CC1(C)C(/C=C/C=C/C=C2/N(CCCCN)c3ccc(I)cc3C2(C)C)=[N+](CCCCS(=O)(=O)O)c2ccccc21,688.696
CC1(C)C(/C=C/C=C/C=C2/N(CCCCO)c3ccc(I)cc3C2(C)C)=[N+](CCCCS(=O)(=O)O)c2ccccc21,689.68
CC[N+](CC)(CC)CCCCN1/C(=C/C=C/C=C/C2=[N+](CCCCS(=O)(=O)O)c3ccccc3C2(C)C)C(C)(C)c2cc(I)ccc21,773.866
CC1(C)C(/C=C/C=C/C=C2/N(CCCCS(=O)(=O)O)c3ccc(I)cc3C2(C)C)=[N+](CCCCS(=O)(=O)O)c2ccccc21,753.745
CC1(C)C(/C=C/C=C/C=C2/N(Cc3ccccc3)c3ccc(I)cc3C2(C)C)=[N+](CCCCS(=O)(=O)O)c2ccccc21,707.698
CC1(C)C(/C=C/C=C/C=C2/N(Cc3ccsc3)c3ccc(I)cc3C2(C)C)=[N+](CCCCS(=O)(=O)O)c2ccccc21,713.727
CCN1/C(=C/C=C/C=C/C2=[N+](CCCCS(=O)(=O)O)c3ccc(Br)cc3C2(C)C)C(C)(C)c2cc(I)ccc21,724.523
CCCCN1/C(=C/C=C/C=C/C2=[N+](CCCCS(=O)(=O)O)c3ccc(Br)cc3C2(C)C)C(C)(C)c2cc(I)ccc21,752.577
CC1(C)C(/C=C/C=C/C=C2/N(CCCCN)c3ccc(I)cc3C2(C)C)=[N+](CCCCS(=O)(=O)O)c2ccc(Br)cc21,767.592
CC1(C)C(/C=C/C=C/C=C2/N(CCCCO)c3ccc(I)cc3C2(C)C)=[N+](CCCCS(=O)(=O)O)c2ccc(Br)cc21,768.576
CC[N+](CC)(CC)CCCCN1/C(=C/C=C/C=C/C2=[N+](CCCCS(=O)(=O)O)c3ccc(Br)cc3C2(C)C)C(C)(C)c2cc(I)ccc21,852.762
CC1(C)C(/C=C/C=C/C=C2/N(CCCCS(=O)(=O)O)c3ccc(I)cc3C2(C)C)=[N+](CCCCS(=O)(=O)O)c2ccc(Br)cc21,832.641
CC1(C)C(/C=C/C=C/C=C2/N(Cc3ccccc3)c3ccc(I)cc3C2(C)C)=[N+](CCCCS(=O)(=O)O)c2ccc(Br)cc21,786.594
CC1(C)C(/C=C/C=C/C=C2/N(Cc3ccsc3)c3ccc(I)cc3C2(C)C)=[N+](CCCCS(=O)(=O)O)c2ccc(Br)cc21,792.623
CCN1/C(=C/C=C/C=C/C2=[N+](CCCCS(=O)(=O)O)c3ccc(I)cc3C2(C)C)C(C)(C)c2cc(I)ccc21,771.523
CCCCN1/C(=C/C=C/C=C/C2=[N+](CCCCS(=O)(=O)O)c3ccc(I)cc3C2(C)C)C(C)(C)c2cc(I)ccc21,799.577
CC1(C)C(/C=C/C=C/C=C2/N(CCCCN)c3ccc(I)cc3C2(C)C)=[N+](CCCCS(=O)(=O)O)c2ccc(I)cc21,814.592
CC1(C)C(/C=C/C=C/C=C2/N(CCCCO)c3ccc(I)cc3C2(C)C)=[N+](CCCCS(=O)(=O)O)c2ccc(I)cc21,815.576
CC[N+](CC)(CC)CCCCN1/C(=C/C=C/C=C/C2=[N+](CCCCS(=O)(=O)O)c3ccc(I)cc3C2(C)C)C(C)(C)c2cc(I)ccc21,899.762
CC1(C)C(/C=C/C=C/C=C2/N(CCCCS(=O)(=O)O)c3ccc(I)cc3C2(C)C)=[N+](CCCCS(=O)(=O)O)c2ccc(I)cc21,879.641
CC1(C)C(/C=C/C=C/C=C2/N(Cc3ccccc3)c3ccc(I)cc3C2(C)C)=[N+](CCCCS(=O)(=O)O)c2ccc(I)cc21,833.594
CC1(C)C(/C=C/C=C/C=C2/N(Cc3ccsc3)c3ccc(I)cc3C2(C)C)=[N+](CCCCS(=O)(=O)O)c2ccc(I)cc21,839.623
CCN1/C(=C/C=C/C=C/C2=[N+](Cc3ccccc3)c3ccccc3C2(C)C)C(C)(C)c2cc(I)ccc21,599.58
CCCCN1/C(=C/C=C/C=C/C2=[N+](Cc3ccccc3)c3ccccc3C2(C)C)C(C)(C)c2cc(I)ccc21,627.634
CC1(C)C(/C=C/C=C/C=C2/N(CCCCN)c3ccc(I)cc3C2(C)C)=[N+](Cc2ccccc2)c2ccccc21,642.649
CC1(C)C(/C=C/C=C/C=C2/N(CCCCO)c3ccc(I)cc3C2(C)C)=[N+](Cc2ccccc2)c2ccccc21,643.633
CC[N+](CC)(CC)CCCCN1/C(=C/C=C/C=C/C2=[N+](Cc3ccccc3)c3ccccc3C2(C)C)C(C)(C)c2cc(I)ccc21,727.819
CC1(C)C(/C=C/C=C/C=C2/N(CCCCS(=O)(=O)O)c3ccc(I)cc3C2(C)C)=[N+](Cc2ccccc2)c2ccccc21,707.698
CC1(C)C(/C=C/C=C/C=C2/N(Cc3ccccc3)c3ccc(I)cc3C2(C)C)=[N+](Cc2ccccc2)c2ccccc21,661.651
CC1(C)C(/C=C/C=C/C=C2/N(Cc3ccsc3)c3ccc(I)cc3C2(C)C)=[N+](Cc2ccccc2)c2ccccc21,667.68
CCN1/C(=C/C=C/C=C/C2=[N+](Cc3ccccc3)c3ccc(Br)cc3C2(C)C)C(C)(C)c2cc(I)ccc21,678.476
CCCCN1/C(=C/C=C/C=C/C2=[N+](Cc3ccccc3)c3ccc(Br)cc3C2(C)C)C(C)(C)c2cc(I)ccc21,706.53
CC1(C)C(/C=C/C=C/C=C2/N(CCCCN)c3ccc(I)cc3C2(C)C)=[N+](Cc2ccccc2)c2ccc(Br)cc21,721.545
CC1(C)C(/C=C/C=C/C=C2/N(CCCCO)c3ccc(I)cc3C2(C)C)=[N+](Cc2ccccc2)c2ccc(Br)cc21,722.529
CC[N+](CC)(CC)CCCCN1/C(=C/C=C/C=C/C2=[N+](Cc3ccccc3)c3ccc(Br)cc3C2(C)C)C(C)(C)c2cc(I)ccc21,806.715
CC1(C)C(/C=C/C=C/C=C2/N(CCCCS(=O)(=O)O)c3ccc(I)cc3C2(C)C)=[N+](Cc2ccccc2)c2ccc(Br)cc21,786.594
CC1(C)C(/C=C/C=C/C=C2/N(Cc3ccccc3)c3ccc(I)cc3C2(C)C)=[N+](Cc2ccccc2)c2ccc(Br)cc21,740.547
CC1(C)C(/C=C/C=C/C=C2/N(Cc3ccsc3)c3ccc(I)cc3C2(C)C)=[N+](Cc2ccccc2)c2ccc(Br)cc21,746.576
CCN1/C(=C/C=C/C=C/C2=[N+](Cc3ccccc3)c3ccc(I)cc3C2(C)C)C(C)(C)c2cc(I)ccc21,725.476
CCCCN1/C(=C/C=C/C=C/C2=[N+](Cc3ccccc3)c3ccc(I)cc3C2(C)C)C(C)(C)c2cc(I)ccc21,753.53
CC1(C)C(/C=C/C=C/C=C2/N(CCCCN)c3ccc(I)cc3C2(C)C)=[N+](Cc2ccccc2)c2ccc(I)cc21,768.545
CC1(C)C(/C=C/C=C/C=C2/N(CCCCO)c3ccc(I)cc3C2(C)C)=[N+](Cc2ccccc2)c2ccc(I)cc21,769.529
CC[N+](CC)(CC)CCCCN1/C(=C/C=C/C=C/C2=[N+](Cc3ccccc3)c3ccc(I)cc3C2(C)C)C(C)(C)c2cc(I)ccc21,853.715
CC1(C)C(/C=C/C=C/C=C2/N(CCCCS(=O)(=O)O)c3ccc(I)cc3C2(C)C)=[N+](Cc2ccccc2)c2ccc(I)cc21,833.594
CC1(C)C(/C=C/C=C/C=C2/N(Cc3ccccc3)c3ccc(I)cc3C2(C)C)=[N+](Cc2ccccc2)c2ccc(I)cc21,787.547
CC1(C)C(/C=C/C=C/C=C2/N(Cc3ccsc3)c3ccc(I)cc3C2(C)C)=[N+](Cc2ccccc2)c2ccc(I)cc21,793.576
CCN1/C(=C/C=C/C=C/C2=[N+](Cc3ccsc3)c3ccccc3C2(C)C)C(C)(C)c2cc(I)ccc21,605.609
CCCCN1/C(=C/C=C/C=C/C2=[N+](Cc3ccsc3)c3ccccc3C2(C)C)C(C)(C)c2cc(I)ccc21,633.663
CC1(C)C(/C=C/C=C/C=C2/N(CCCCN)c3ccc(I)cc3C2(C)C)=[N+](Cc2ccsc2)c2ccccc21,648.678
CC1(C)C(/C=C/C=C/C=C2/N(CCCCO)c3ccc(I)cc3C2(C)C)=[N+](Cc2ccsc2)c2ccccc21,649.662
CC[N+](CC)(CC)CCCCN1/C(=C/C=C/C=C/C2=[N+](Cc3ccsc3)c3ccccc3C2(C)C)C(C)(C)c2cc(I)ccc21,733.848
CC1(C)C(/C=C/C=C/C=C2/N(CCCCS(=O)(=O)O)c3ccc(I)cc3C2(C)C)=[N+](Cc2ccsc2)c2ccccc21,713.727
CC1(C)C(/C=C/C=C/C=C2/N(Cc3ccccc3)c3ccc(I)cc3C2(C)C)=[N+](Cc2ccsc2)c2ccccc21,667.68
CC1(C)C(/C=C/C=C/C=C2/N(Cc3ccsc3)c3ccc(I)cc3C2(C)C)=[N+](Cc2ccsc2)c2ccccc21,673.709
CCN1/C(=C/C=C/C=C/C2=[N+](Cc3ccsc3)c3ccc(Br)cc3C2(C)C)C(C)(C)c2cc(I)ccc21,684.505
CCCCN1/C(=C/C=C/C=C/C2=[N+](Cc3ccsc3)c3ccc(Br)cc3C2(C)C)C(C)(C)c2cc(I)ccc21,712.559
CC1(C)C(/C=C/C=C/C=C2/N(CCCCN)c3ccc(I)cc3C2(C)C)=[N+](Cc2ccsc2)c2ccc(Br)cc21,727.574
CC1(C)C(/C=C/C=C/C=C2/N(CCCCO)c3ccc(I)cc3C2(C)C)=[N+](Cc2ccsc2)c2ccc(Br)cc21,728.558
CC[N+](CC)(CC)CCCCN1/C(=C/C=C/C=C/C2=[N+](Cc3ccsc3)c3ccc(Br)cc3C2(C)C)C(C)(C)c2cc(I)ccc21,812.744
CC1(C)C(/C=C/C=C/C=C2/N(CCCCS(=O)(=O)O)c3ccc(I)cc3C2(C)C)=[N+](Cc2ccsc2)c2ccc(Br)cc21,792.623
CC1(C)C(/C=C/C=C/C=C2/N(Cc3ccccc3)c3ccc(I)cc3C2(C)C)=[N+](Cc2ccsc2)c2ccc(Br)cc21,746.576
CC1(C)C(/C=C/C=C/C=C2/N(Cc3ccsc3)c3ccc(I)cc3C2(C)C)=[N+](Cc2ccsc2)c2ccc(Br)cc21,752.605
CCN1/C(=C/C=C/C=C/C2=[N+](Cc3ccsc3)c3ccc(I)cc3C2(C)C)C(C)(C)c2cc(I)ccc21,731.505
CCCCN1/C(=C/C=C/C=C/C2=[N+](Cc3ccsc3)c3ccc(I)cc3C2(C)C)C(C)(C)c2cc(I)ccc21,759.559
CC1(C)C(/C=C/C=C/C=C2/N(CCCCN)c3ccc(I)cc3C2(C)C)=[N+](Cc2ccsc2)c2ccc(I)cc21,774.574
CC1(C)C(/C=C/C=C/C=C2/N(CCCCO)c3ccc(I)cc3C2(C)C)=[N+](Cc2ccsc2)c2ccc(I)cc21,775.558
CC[N+](CC)(CC)CCCCN1/C(=C/C=C/C=C/C2=[N+](Cc3ccsc3)c3ccc(I)cc3C2(C)C)C(C)(C)c2cc(I)ccc21,859.744
CC1(C)C(/C=C/C=C/C=C2/N(CCCCS(=O)(=O)O)c3ccc(I)cc3C2(C)C)=[N+](Cc2ccsc2)c2ccc(I)cc21,839.623
CC1(C)C(/C=C/C=C/C=C2/N(Cc3ccccc3)c3ccc(I)cc3C2(C)C)=[N+](Cc2ccsc2)c2ccc(I)cc21,793.576
CC1(C)C(/C=C/C=C/C=C2/N(Cc3ccsc3)c3ccc(I)cc3C2(C)C)=[N+](Cc2ccsc2)c2ccc(I)cc21,799.605
CCN1/C(=C/C=C(Br)/C=C/C2=[N+](CC)c3ccccc3C2(C)C)C(C)(C)c2cc(I)ccc21,616.405
CCCCN1/C(=C/C=C(Br)/C=C/C2=[N+](CC)c3ccccc3C2(C)C)C(C)(C)c2cc(I)ccc21,644.459
CC[N+]1=C(/C=C/C(Br)=C/C=C2/N(CCCCN)c3ccc(I)cc3C2(C)C)C(C)(C)c2ccccc21,659.474
CC[N+]1=C(/C=C/C(Br)=C/C=C2/N(CCCCO)c3ccc(I)cc3C2(C)C)C(C)(C)c2ccccc21,660.458
CC[N+]1=C(/C=C/C(Br)=C/C=C2/N(CCCC[N+](CC)(CC)CC)c3ccc(I)cc3C2(C)C)C(C)(C)c2ccccc21,744.643999999999
CC[N+]1=C(/C=C/C(Br)=C/C=C2/N(CCCCS(=O)(=O)O)c3ccc(I)cc3C2(C)C)C(C)(C)c2ccccc21,724.523
CC[N+]1=C(/C=C/C(Br)=C/C=C2/N(Cc3ccccc3)c3ccc(I)cc3C2(C)C)C(C)(C)c2ccccc21,678.476
CC[N+]1=C(/C=C/C(Br)=C/C=C2/N(Cc3ccsc3)c3ccc(I)cc3C2(C)C)C(C)(C)c2ccccc21,684.505
CCN1/C(=C/C=C(Br)/C=C/C2=[N+](CC)c3ccc(Br)cc3C2(C)C)C(C)(C)c2cc(I)ccc21,695.301
CCCCN1/C(=C/C=C(Br)/C=C/C2=[N+](CC)c3ccc(Br)cc3C2(C)C)C(C)(C)c2cc(I)ccc21,723.355
CC[N+]1=C(/C=C/C(Br)=C/C=C2/N(CCCCN)c3ccc(I)cc3C2(C)C)C(C)(C)c2cc(Br)ccc21,738.37
CC[N+]1=C(/C=C/C(Br)=C/C=C2/N(CCCCO)c3ccc(I)cc3C2(C)C)C(C)(C)c2cc(Br)ccc21,739.354
CC[N+]1=C(/C=C/C(Br)=C/C=C2/N(CCCC[N+](CC)(CC)CC)c3ccc(I)cc3C2(C)C)C(C)(C)c2cc(Br)ccc21,823.539999999999
CC[N+]1=C(/C=C/C(Br)=C/C=C2/N(CCCCS(=O)(=O)O)c3ccc(I)cc3C2(C)C)C(C)(C)c2cc(Br)ccc21,803.419
CC[N+]1=C(/C=C/C(Br)=C/C=C2/N(Cc3ccccc3)c3ccc(I)cc3C2(C)C)C(C)(C)c2cc(Br)ccc21,757.372
CC[N+]1=C(/C=C/C(Br)=C/C=C2/N(Cc3ccsc3)c3ccc(I)cc3C2(C)C)C(C)(C)c2cc(Br)ccc21,763.401
CCN1/C(=C/C=C(Br)/C=C/C2=[N+](CC)c3ccc(I)cc3C2(C)C)C(C)(C)c2cc(I)ccc21,742.301
CCCCN1/C(=C/C=C(Br)/C=C/C2=[N+](CC)c3ccc(I)cc3C2(C)C)C(C)(C)c2cc(I)ccc21,770.355
CC[N+]1=C(/C=C/C(Br)=C/C=C2/N(CCCCN)c3ccc(I)cc3C2(C)C)C(C)(C)c2cc(I)ccc21,785.37
CC[N+]1=C(/C=C/C(Br)=C/C=C2/N(CCCCO)c3ccc(I)cc3C2(C)C)C(C)(C)c2cc(I)ccc21,786.354
CC[N+]1=C(/C=C/C(Br)=C/C=C2/N(CCCC[N+](CC)(CC)CC)c3ccc(I)cc3C2(C)C)C(C)(C)c2cc(I)ccc21,870.539999999999
CC[N+]1=C(/C=C/C(Br)=C/C=C2/N(CCCCS(=O)(=O)O)c3ccc(I)cc3C2(C)C)C(C)(C)c2cc(I)ccc21,850.419
CC[N+]1=C(/C=C/C(Br)=C/C=C2/N(Cc3ccccc3)c3ccc(I)cc3C2(C)C)C(C)(C)c2cc(I)ccc21,804.372
CC[N+]1=C(/C=C/C(Br)=C/C=C2/N(Cc3ccsc3)c3ccc(I)cc3C2(C)C)C(C)(C)c2cc(I)ccc21,810.401
CCCC[N+]1=C(/C=C/C(Br)=C/C=C2/N(CC)c3ccc(I)cc3C2(C)C)C(C)(C)c2ccccc21,644.459
CCCCN1/C(=C/C=C(Br)/C=C/C2=[N+](CCCC)c3ccccc3C2(C)C)C(C)(C)c2cc(I)ccc21,672.513
CCCC[N+]1=C(/C=C/C(Br)=C/C=C2/N(CCCCN)c3ccc(I)cc3C2(C)C)C(C)(C)c2ccccc21,687.528
CCCC[N+]1=C(/C=C/C(Br)=C/C=C2/N(CCCCO)c3ccc(I)cc3C2(C)C)C(C)(C)c2ccccc21,688.512
CCCC[N+]1=C(/C=C/C(Br)=C/C=C2/N(CCCC[N+](CC)(CC)CC)c3ccc(I)cc3C2(C)C)C(C)(C)c2ccccc21,772.697999999999
CCCC[N+]1=C(/C=C/C(Br)=C/C=C2/N(CCCCS(=O)(=O)O)c3ccc(I)cc3C2(C)C)C(C)(C)c2ccccc21,752.577
CCCC[N+]1=C(/C=C/C(Br)=C/C=C2/N(Cc3ccccc3)c3ccc(I)cc3C2(C)C)C(C)(C)c2ccccc21,706.53
CCCC[N+]1=C(/C=C/C(Br)=C/C=C2/N(Cc3ccsc3)c3ccc(I)cc3C2(C)C)C(C)(C)c2ccccc21,712.559
CCCC[N+]1=C(/C=C/C(Br)=C/C=C2/N(CC)c3ccc(I)cc3C2(C)C)C(C)(C)c2cc(Br)ccc21,723.355
CCCCN1/C(=C/C=C(Br)/C=C/C2=[N+](CCCC)c3ccc(Br)cc3C2(C)C)C(C)(C)c2cc(I)ccc21,751.409
CCCC[N+]1=C(/C=C/C(Br)=C/C=C2/N(CCCCN)c3ccc(I)cc3C2(C)C)C(C)(C)c2cc(Br)ccc21,766.424
CCCC[N+]1=C(/C=C/C(Br)=C/C=C2/N(CCCCO)c3ccc(I)cc3C2(C)C)C(C)(C)c2cc(Br)ccc21,767.408
CCCC[N+]1=C(/C=C/C(Br)=C/C=C2/N(CCCC[N+](CC)(CC)CC)c3ccc(I)cc3C2(C)C)C(C)(C)c2cc(Br)ccc21,851.593999999999
CCCC[N+]1=C(/C=C/C(Br)=C/C=C2/N(CCCCS(=O)(=O)O)c3ccc(I)cc3C2(C)C)C(C)(C)c2cc(Br)ccc21,831.473
CCCC[N+]1=C(/C=C/C(Br)=C/C=C2/N(Cc3ccccc3)c3ccc(I)cc3C2(C)C)C(C)(C)c2cc(Br)ccc21,785.426
CCCC[N+]1=C(/C=C/C(Br)=C/C=C2/N(Cc3ccsc3)c3ccc(I)cc3C2(C)C)C(C)(C)c2cc(Br)ccc21,791.455
CCCC[N+]1=C(/C=C/C(Br)=C/C=C2/N(CC)c3ccc(I)cc3C2(C)C)C(C)(C)c2cc(I)ccc21,770.355
CCCCN1/C(=C/C=C(Br)/C=C/C2=[N+](CCCC)c3ccc(I)cc3C2(C)C)C(C)(C)c2cc(I)ccc21,798.409
CCCC[N+]1=C(/C=C/C(Br)=C/C=C2/N(CCCCN)c3ccc(I)cc3C2(C)C)C(C)(C)c2cc(I)ccc21,813.424
CCCC[N+]1=C(/C=C/C(Br)=C/C=C2/N(CCCCO)c3ccc(I)cc3C2(C)C)C(C)(C)c2cc(I)ccc21,814.408
CCCC[N+]1=C(/C=C/C(Br)=C/C=C2/N(CCCC[N+](CC)(CC)CC)c3ccc(I)cc3C2(C)C)C(C)(C)c2cc(I)ccc21,898.593999999999
CCCC[N+]1=C(/C=C/C(Br)=C/C=C2/N(CCCCS(=O)(=O)O)c3ccc(I)cc3C2(C)C)C(C)(C)c2cc(I)ccc21,878.473
CCCC[N+]1=C(/C=C/C(Br)=C/C=C2/N(Cc3ccccc3)c3ccc(I)cc3C2(C)C)C(C)(C)c2cc(I)ccc21,832.426
CCCC[N+]1=C(/C=C/C(Br)=C/C=C2/N(Cc3ccsc3)c3ccc(I)cc3C2(C)C)C(C)(C)c2cc(I)ccc21,838.455
CCN1/C(=C/C=C(Br)/C=C/C2=[N+](CCCCN)c3ccccc3C2(C)C)C(C)(C)c2cc(I)ccc21,659.474
CCCCN1/C(=C/C=C(Br)/C=C/C2=[N+](CCCCN)c3ccccc3C2(C)C)C(C)(C)c2cc(I)ccc21,687.528
CC1(C)C(/C=C/C(Br)=C/C=C2/N(CCCCN)c3ccc(I)cc3C2(C)C)=[N+](CCCCN)c2ccccc21,702.543
CC1(C)C(/C=C/C(Br)=C/C=C2/N(CCCCO)c3ccc(I)cc3C2(C)C)=[N+](CCCCN)c2ccccc21,703.527
CC[N+](CC)(CC)CCCCN1/C(=C/C=C(Br)/C=C/C2=[N+](CCCCN)c3ccccc3C2(C)C)C(C)(C)c2cc(I)ccc21,787.712999999999
CC1(C)C(/C=C/C(Br)=C/C=C2/N(CCCCS(=O)(=O)O)c3ccc(I)cc3C2(C)C)=[N+](CCCCN)c2ccccc21,767.592
CC1(C)C(/C=C/C(Br)=C/C=C2/N(Cc3ccccc3)c3ccc(I)cc3C2(C)C)=[N+](CCCCN)c2ccccc21,721.545
CC1(C)C(/C=C/C(Br)=C/C=C2/N(Cc3ccsc3)c3ccc(I)cc3C2(C)C)=[N+](CCCCN)c2ccccc21,727.574
CCN1/C(=C/C=C(Br)/C=C/C2=[N+](CCCCN)c3ccc(Br)cc3C2(C)C)C(C)(C)c2cc(I)ccc21,738.37
CCCCN1/C(=C/C=C(Br)/C=C/C2=[N+](CCCCN)c3ccc(Br)cc3C2(C)C)C(C)(C)c2cc(I)ccc21,766.424
CC1(C)C(/C=C/C(Br)=C/C=C2/N(CCCCN)c3ccc(I)cc3C2(C)C)=[N+](CCCCN)c2ccc(Br)cc21,781.438999999999
CC1(C)C(/C=C/C(Br)=C/C=C2/N(CCCCO)c3ccc(I)cc3C2(C)C)=[N+](CCCCN)c2ccc(Br)cc21,782.423
CC[N+](CC)(CC)CCCCN1/C(=C/C=C(Br)/C=C/C2=[N+](CCCCN)c3ccc(Br)cc3C2(C)C)C(C)(C)c2cc(I)ccc21,866.608999999999
CC1(C)C(/C=C/C(Br)=C/C=C2/N(CCCCS(=O)(=O)O)c3ccc(I)cc3C2(C)C)=[N+](CCCCN)c2ccc(Br)cc21,846.488
CC1(C)C(/C=C/C(Br)=C/C=C2/N(Cc3ccccc3)c3ccc(I)cc3C2(C)C)=[N+](CCCCN)c2ccc(Br)cc21,800.441
CC1(C)C(/C=C/C(Br)=C/C=C2/N(Cc3ccsc3)c3ccc(I)cc3C2(C)C)=[N+](CCCCN)c2ccc(Br)cc21,806.47
CCN1/C(=C/C=C(Br)/C=C/C2=[N+](CCCCN)c3ccc(I)cc3C2(C)C)C(C)(C)c2cc(I)ccc21,785.37
CCCCN1/C(=C/C=C(Br)/C=C/C2=[N+](CCCCN)c3ccc(I)cc3C2(C)C)C(C)(C)c2cc(I)ccc21,813.424
CC1(C)C(/C=C/C(Br)=C/C=C2/N(CCCCN)c3ccc(I)cc3C2(C)C)=[N+](CCCCN)c2ccc(I)cc21,828.439
CC1(C)C(/C=C/C(Br)=C/C=C2/N(CCCCO)c3ccc(I)cc3C2(C)C)=[N+](CCCCN)c2ccc(I)cc21,829.423
CC[N+](CC)(CC)CCCCN1/C(=C/C=C(Br)/C=C/C2=[N+](CCCCN)c3ccc(I)cc3C2(C)C)C(C)(C)c2cc(I)ccc21,913.608999999999
CC1(C)C(/C=C/C(Br)=C/C=C2/N(CCCCS(=O)(=O)O)c3ccc(I)cc3C2(C)C)=[N+](CCCCN)c2ccc(I)cc21,893.488
CC1(C)C(/C=C/C(Br)=C/C=C2/N(Cc3ccccc3)c3ccc(I)cc3C2(C)C)=[N+](CCCCN)c2ccc(I)cc21,847.441
CC1(C)C(/C=C/C(Br)=C/C=C2/N(Cc3ccsc3)c3ccc(I)cc3C2(C)C)=[N+](CCCCN)c2ccc(I)cc21,853.47
CCN1/C(=C/C=C(Br)/C=C/C2=[N+](CCCCO)c3ccccc3C2(C)C)C(C)(C)c2cc(I)ccc21,660.458
CCCCN1/C(=C/C=C(Br)/C=C/C2=[N+](CCCCO)c3ccccc3C2(C)C)C(C)(C)c2cc(I)ccc21,688.512
CC1(C)C(/C=C/C(Br)=C/C=C2/N(CCCCN)c3ccc(I)cc3C2(C)C)=[N+](CCCCO)c2ccccc21,703.527
CC1(C)C(/C=C/C(Br)=C/C=C2/N(CCCCO)c3ccc(I)cc3C2(C)C)=[N+](CCCCO)c2ccccc21,704.511
CC[N+](CC)(CC)CCCCN1/C(=C/C=C(Br)/C=C/C2=[N+](CCCCO)c3ccccc3C2(C)C)C(C)(C)c2cc(I)ccc21,788.696999999999
CC1(C)C(/C=C/C(Br)=C/C=C2/N(CCCCS(=O)(=O)O)c3ccc(I)cc3C2(C)C)=[N+](CCCCO)c2ccccc21,768.576
CC1(C)C(/C=C/C(Br)=C/C=C2/N(Cc3ccccc3)c3ccc(I)cc3C2(C)C)=[N+](CCCCO)c2ccccc21,722.529
CC1(C)C(/C=C/C(Br)=C/C=C2/N(Cc3ccsc3)c3ccc(I)cc3C2(C)C)=[N+](CCCCO)c2ccccc21,728.558
CCN1/C(=C/C=C(Br)/C=C/C2=[N+](CCCCO)c3ccc(Br)cc3C2(C)C)C(C)(C)c2cc(I)ccc21,739.354
CCCCN1/C(=C/C=C(Br)/C=C/C2=[N+](CCCCO)c3ccc(Br)cc3C2(C)C)C(C)(C)c2cc(I)ccc21,767.408
CC1(C)C(/C=C/C(Br)=C/C=C2/N(CCCCN)c3ccc(I)cc3C2(C)C)=[N+](CCCCO)c2ccc(Br)cc21,782.423
CC1(C)C(/C=C/C(Br)=C/C=C2/N(CCCCO)c3ccc(I)cc3C2(C)C)=[N+](CCCCO)c2ccc(Br)cc21,783.407
CC[N+](CC)(CC)CCCCN1/C(=C/C=C(Br)/C=C/C2=[N+](CCCCO)c3ccc(Br)cc3C2(C)C)C(C)(C)c2cc(I)ccc21,867.592999999999
CC1(C)C(/C=C/C(Br)=C/C=C2/N(CCCCS(=O)(=O)O)c3ccc(I)cc3C2(C)C)=[N+](CCCCO)c2ccc(Br)cc21,847.472
CC1(C)C(/C=C/C(Br)=C/C=C2/N(Cc3ccccc3)c3ccc(I)cc3C2(C)C)=[N+](CCCCO)c2ccc(Br)cc21,801.425
CC1(C)C(/C=C/C(Br)=C/C=C2/N(Cc3ccsc3)c3ccc(I)cc3C2(C)C)=[N+](CCCCO)c2ccc(Br)cc21,807.454
CCN1/C(=C/C=C(Br)/C=C/C2=[N+](CCCCO)c3ccc(I)cc3C2(C)C)C(C)(C)c2cc(I)ccc21,786.354
CCCCN1/C(=C/C=C(Br)/C=C/C2=[N+](CCCCO)c3ccc(I)cc3C2(C)C)C(C)(C)c2cc(I)ccc21,814.408
CC1(C)C(/C=C/C(Br)=C/C=C2/N(CCCCN)c3ccc(I)cc3C2(C)C)=[N+](CCCCO)c2ccc(I)cc21,829.423
CC1(C)C(/C=C/C(Br)=C/C=C2/N(CCCCO)c3ccc(I)cc3C2(C)C)=[N+](CCCCO)c2ccc(I)cc21,830.407
CC[N+](CC)(CC)CCCCN1/C(=C/C=C(Br)/C=C/C2=[N+](CCCCO)c3ccc(I)cc3C2(C)C)C(C)(C)c2cc(I)ccc21,914.592999999999
CC1(C)C(/C=C/C(Br)=C/C=C2/N(CCCCS(=O)(=O)O)c3ccc(I)cc3C2(C)C)=[N+](CCCCO)c2ccc(I)cc21,894.472
CC1(C)C(/C=C/C(Br)=C/C=C2/N(Cc3ccccc3)c3ccc(I)cc3C2(C)C)=[N+](CCCCO)c2ccc(I)cc21,848.425
CC1(C)C(/C=C/C(Br)=C/C=C2/N(Cc3ccsc3)c3ccc(I)cc3C2(C)C)=[N+](CCCCO)c2ccc(I)cc21,854.454
CCN1/C(=C/C=C(Br)/C=C/C2=[N+](CCCC[N+](CC)(CC)CC)c3ccccc3C2(C)C)C(C)(C)c2cc(I)ccc21,744.643999999999
CCCCN1/C(=C/C=C(Br)/C=C/C2=[N+](CCCC[N+](CC)(CC)CC)c3ccccc3C2(C)C)C(C)(C)c2cc(I)ccc21,772.697999999999
CC[N+](CC)(CC)CCCC[N+]1=C(/C=C/C(Br)=C/C=C2/N(CCCCN)c3ccc(I)cc3C2(C)C)C(C)(C)c2ccccc21,787.712999999999
CC[N+](CC)(CC)CCCC[N+]1=C(/C=C/C(Br)=C/C=C2/N(CCCCO)c3ccc(I)cc3C2(C)C)C(C)(C)c2ccccc21,788.696999999999
CC[N+](CC)(CC)CCCCN1/C(=C/C=C(Br)/C=C/C2=[N+](CCCC[N+](CC)(CC)CC)c3ccccc3C2(C)C)C(C)(C)c2cc(I)ccc21,872.882999999999
CC[N+](CC)(CC)CCCC[N+]1=C(/C=C/C(Br)=C/C=C2/N(CCCCS(=O)(=O)O)c3ccc(I)cc3C2(C)C)C(C)(C)c2ccccc21,852.761999999999
CC[N+](CC)(CC)CCCC[N+]1=C(/C=C/C(Br)=C/C=C2/N(Cc3ccccc3)c3ccc(I)cc3C2(C)C)C(C)(C)c2ccccc21,806.714999999999
CC[N+](CC)(CC)CCCC[N+]1=C(/C=C/C(Br)=C/C=C2/N(Cc3ccsc3)c3ccc(I)cc3C2(C)C)C(C)(C)c2ccccc21,812.743999999999
CCN1/C(=C/C=C(Br)/C=C/C2=[N+](CCCC[N+](CC)(CC)CC)c3ccc(Br)cc3C2(C)C)C(C)(C)c2cc(I)ccc21,823.539999999999
CCCCN1/C(=C/C=C(Br)/C=C/C2=[N+](CCCC[N+](CC)(CC)CC)c3ccc(Br)cc3C2(C)C)C(C)(C)c2cc(I)ccc21,851.593999999999
CC[N+](CC)(CC)CCCC[N+]1=C(/C=C/C(Br)=C/C=C2/N(CCCCN)c3ccc(I)cc3C2(C)C)C(C)(C)c2cc(Br)ccc21,866.608999999999
CC[N+](CC)(CC)CCCC[N+]1=C(/C=C/C(Br)=C/C=C2/N(CCCCO)c3ccc(I)cc3C2(C)C)C(C)(C)c2cc(Br)ccc21,867.592999999999
CC[N+](CC)(CC)CCCCN1/C(=C/C=C(Br)/C=C/C2=[N+](CCCC[N+](CC)(CC)CC)c3ccc(Br)cc3C2(C)C)C(C)(C)c2cc(I)ccc21,951.778999999999
CC[N+](CC)(CC)CCCC[N+]1=C(/C=C/C(Br)=C/C=C2/N(CCCCS(=O)(=O)O)c3ccc(I)cc3C2(C)C)C(C)(C)c2cc(Br)ccc21,931.657999999999
CC[N+](CC)(CC)CCCC[N+]1=C(/C=C/C(Br)=C/C=C2/N(Cc3ccccc3)c3ccc(I)cc3C2(C)C)C(C)(C)c2cc(Br)ccc21,885.610999999999
CC[N+](CC)(CC)CCCC[N+]1=C(/C=C/C(Br)=C/C=C2/N(Cc3ccsc3)c3ccc(I)cc3C2(C)C)C(C)(C)c2cc(Br)ccc21,891.639999999999
CCN1/C(=C/C=C(Br)/C=C/C2=[N+](CCCC[N+](CC)(CC)CC)c3ccc(I)cc3C2(C)C)C(C)(C)c2cc(I)ccc21,870.539999999999
CCCCN1/C(=C/C=C(Br)/C=C/C2=[N+](CCCC[N+](CC)(CC)CC)c3ccc(I)cc3C2(C)C)C(C)(C)c2cc(I)ccc21,898.593999999999
CC[N+](CC)(CC)CCCC[N+]1=C(/C=C/C(Br)=C/C=C2/N(CCCCN)c3ccc(I)cc3C2(C)C)C(C)(C)c2cc(I)ccc21,913.608999999999
CC[N+](CC)(CC)CCCC[N+]1=C(/C=C/C(Br)=C/C=C2/N(CCCCO)c3ccc(I)cc3C2(C)C)C(C)(C)c2cc(I)ccc21,914.592999999999
CC[N+](CC)(CC)CCCCN1/C(=C/C=C(Br)/C=C/C2=[N+](CCCC[N+](CC)(CC)CC)c3ccc(I)cc3C2(C)C)C(C)(C)c2cc(I)ccc21,998.778999999999
CC[N+](CC)(CC)CCCC[N+]1=C(/C=C/C(Br)=C/C=C2/N(CCCCS(=O)(=O)O)c3ccc(I)cc3C2(C)C)C(C)(C)c2cc(I)ccc21,978.657999999999
CC[N+](CC)(CC)CCCC[N+]1=C(/C=C/C(Br)=C/C=C2/N(Cc3ccccc3)c3ccc(I)cc3C2(C)C)C(C)(C)c2cc(I)ccc21,932.610999999999
CC[N+](CC)(CC)CCCC[N+]1=C(/C=C/C(Br)=C/C=C2/N(Cc3ccsc3)c3ccc(I)cc3C2(C)C)C(C)(C)c2cc(I)ccc21,938.64
CCN1/C(=C/C=C(Br)/C=C/C2=[N+](CCCCS(=O)(=O)O)c3ccccc3C2(C)C)C(C)(C)c2cc(I)ccc21,724.523
CCCCN1/C(=C/C=C(Br)/C=C/C2=[N+](CCCCS(=O)(=O)O)c3ccccc3C2(C)C)C(C)(C)c2cc(I)ccc21,752.577
CC1(C)C(/C=C/C(Br)=C/C=C2/N(CCCCN)c3ccc(I)cc3C2(C)C)=[N+](CCCCS(=O)(=O)O)c2ccccc21,767.592
CC1(C)C(/C=C/C(Br)=C/C=C2/N(CCCCO)c3ccc(I)cc3C2(C)C)=[N+](CCCCS(=O)(=O)O)c2ccccc21,768.576
CC[N+](CC)(CC)CCCCN1/C(=C/C=C(Br)/C=C/C2=[N+](CCCCS(=O)(=O)O)c3ccccc3C2(C)C)C(C)(C)c2cc(I)ccc21,852.761999999999
CC1(C)C(/C=C/C(Br)=C/C=C2/N(CCCCS(=O)(=O)O)c3ccc(I)cc3C2(C)C)=[N+](CCCCS(=O)(=O)O)c2ccccc21,832.641
CC1(C)C(/C=C/C(Br)=C/C=C2/N(Cc3ccccc3)c3ccc(I)cc3C2(C)C)=[N+](CCCCS(=O)(=O)O)c2ccccc21,786.594
CC1(C)C(/C=C/C(Br)=C/C=C2/N(Cc3ccsc3)c3ccc(I)cc3C2(C)C)=[N+](CCCCS(=O)(=O)O)c2ccccc21,792.623
CCN1/C(=C/C=C(Br)/C=C/C2=[N+](CCCCS(=O)(=O)O)c3ccc(Br)cc3C2(C)C)C(C)(C)c2cc(I)ccc21,803.419
CCCCN1/C(=C/C=C(Br)/C=C/C2=[N+](CCCCS(=O)(=O)O)c3ccc(Br)cc3C2(C)C)C(C)(C)c2cc(I)ccc21,831.473
CC1(C)C(/C=C/C(Br)=C/C=C2/N(CCCCN)c3ccc(I)cc3C2(C)C)=[N+](CCCCS(=O)(=O)O)c2ccc(Br)cc21,846.488
CC1(C)C(/C=C/C(Br)=C/C=C2/N(CCCCO)c3ccc(I)cc3C2(C)C)=[N+](CCCCS(=O)(=O)O)c2ccc(Br)cc21,847.472
CC[N+](CC)(CC)CCCCN1/C(=C/C=C(Br)/C=C/C2=[N+](CCCCS(=O)(=O)O)c3ccc(Br)cc3C2(C)C)C(C)(C)c2cc(I)ccc21,931.657999999999
CC1(C)C(/C=C/C(Br)=C/C=C2/N(CCCCS(=O)(=O)O)c3ccc(I)cc3C2(C)C)=[N+](CCCCS(=O)(=O)O)c2ccc(Br)cc21,911.537
CC1(C)C(/C=C/C(Br)=C/C=C2/N(Cc3ccccc3)c3ccc(I)cc3C2(C)C)=[N+](CCCCS(=O)(=O)O)c2ccc(Br)cc21,865.49
CC1(C)C(/C=C/C(Br)=C/C=C2/N(Cc3ccsc3)c3ccc(I)cc3C2(C)C)=[N+](CCCCS(=O)(=O)O)c2ccc(Br)cc21,871.519
CCN1/C(=C/C=C(Br)/C=C/C2=[N+](CCCCS(=O)(=O)O)c3ccc(I)cc3C2(C)C)C(C)(C)c2cc(I)ccc21,850.419
CCCCN1/C(=C/C=C(Br)/C=C/C2=[N+](CCCCS(=O)(=O)O)c3ccc(I)cc3C2(C)C)C(C)(C)c2cc(I)ccc21,878.473
CC1(C)C(/C=C/C(Br)=C/C=C2/N(CCCCN)c3ccc(I)cc3C2(C)C)=[N+](CCCCS(=O)(=O)O)c2ccc(I)cc21,893.488
CC1(C)C(/C=C/C(Br)=C/C=C2/N(CCCCO)c3ccc(I)cc3C2(C)C)=[N+](CCCCS(=O)(=O)O)c2ccc(I)cc21,894.472
CC[N+](CC)(CC)CCCCN1/C(=C/C=C(Br)/C=C/C2=[N+](CCCCS(=O)(=O)O)c3ccc(I)cc3C2(C)C)C(C)(C)c2cc(I)ccc21,978.657999999999
CC1(C)C(/C=C/C(Br)=C/C=C2/N(CCCCS(=O)(=O)O)c3ccc(I)cc3C2(C)C)=[N+](CCCCS(=O)(=O)O)c2ccc(I)cc21,958.537
CC1(C)C(/C=C/C(Br)=C/C=C2/N(Cc3ccccc3)c3ccc(I)cc3C2(C)C)=[N+](CCCCS(=O)(=O)O)c2ccc(I)cc21,912.49
CC1(C)C(/C=C/C(Br)=C/C=C2/N(Cc3ccsc3)c3ccc(I)cc3C2(C)C)=[N+](CCCCS(=O)(=O)O)c2ccc(I)cc21,918.519
CCN1/C(=C/C=C(Br)/C=C/C2=[N+](Cc3ccccc3)c3ccccc3C2(C)C)C(C)(C)c2cc(I)ccc21,678.476
CCCCN1/C(=C/C=C(Br)/C=C/C2=[N+](Cc3ccccc3)c3ccccc3C2(C)C)C(C)(C)c2cc(I)ccc21,706.53
CC1(C)C(/C=C/C(Br)=C/C=C2/N(CCCCN)c3ccc(I)cc3C2(C)C)=[N+](Cc2ccccc2)c2ccccc21,721.545
CC1(C)C(/C=C/C(Br)=C/C=C2/N(CCCCO)c3ccc(I)cc3C2(C)C)=[N+](Cc2ccccc2)c2ccccc21,722.529
CC[N+](CC)(CC)CCCCN1/C(=C/C=C(Br)/C=C/C2=[N+](Cc3ccccc3)c3ccccc3C2(C)C)C(C)(C)c2cc(I)ccc21,806.714999999999
CC1(C)C(/C=C/C(Br)=C/C=C2/N(CCCCS(=O)(=O)O)c3ccc(I)cc3C2(C)C)=[N+](Cc2ccccc2)c2ccccc21,786.594
CC1(C)C(/C=C/C(Br)=C/C=C2/N(Cc3ccccc3)c3ccc(I)cc3C2(C)C)=[N+](Cc2ccccc2)c2ccccc21,740.547
CC1(C)C(/C=C/C(Br)=C/C=C2/N(Cc3ccsc3)c3ccc(I)cc3C2(C)C)=[N+](Cc2ccccc2)c2ccccc21,746.576
CCN1/C(=C/C=C(Br)/C=C/C2=[N+](Cc3ccccc3)c3ccc(Br)cc3C2(C)C)C(C)(C)c2cc(I)ccc21,757.372
CCCCN1/C(=C/C=C(Br)/C=C/C2=[N+](Cc3ccccc3)c3ccc(Br)cc3C2(C)C)C(C)(C)c2cc(I)ccc21,785.426
CC1(C)C(/C=C/C(Br)=C/C=C2/N(CCCCN)c3ccc(I)cc3C2(C)C)=[N+](Cc2ccccc2)c2ccc(Br)cc21,800.441
CC1(C)C(/C=C/C(Br)=C/C=C2/N(CCCCO)c3ccc(I)cc3C2(C)C)=[N+](Cc2ccccc2)c2ccc(Br)cc21,801.425
CC[N+](CC)(CC)CCCCN1/C(=C/C=C(Br)/C=C/C2=[N+](Cc3ccccc3)c3ccc(Br)cc3C2(C)C)C(C)(C)c2cc(I)ccc21,885.610999999999
CC1(C)C(/C=C/C(Br)=C/C=C2/N(CCCCS(=O)(=O)O)c3ccc(I)cc3C2(C)C)=[N+](Cc2ccccc2)c2ccc(Br)cc21,865.49
CC1(C)C(/C=C/C(Br)=C/C=C2/N(Cc3ccccc3)c3ccc(I)cc3C2(C)C)=[N+](Cc2ccccc2)c2ccc(Br)cc21,819.443
CC1(C)C(/C=C/C(Br)=C/C=C2/N(Cc3ccsc3)c3ccc(I)cc3C2(C)C)=[N+](Cc2ccccc2)c2ccc(Br)cc21,825.472
CCN1/C(=C/C=C(Br)/C=C/C2=[N+](Cc3ccccc3)c3ccc(I)cc3C2(C)C)C(C)(C)c2cc(I)ccc21,804.372
CCCCN1/C(=C/C=C(Br)/C=C/C2=[N+](Cc3ccccc3)c3ccc(I)cc3C2(C)C)C(C)(C)c2cc(I)ccc21,832.426
CC1(C)C(/C=C/C(Br)=C/C=C2/N(CCCCN)c3ccc(I)cc3C2(C)C)=[N+](Cc2ccccc2)c2ccc(I)cc21,847.441
CC1(C)C(/C=C/C(Br)=C/C=C2/N(CCCCO)c3ccc(I)cc3C2(C)C)=[N+](Cc2ccccc2)c2ccc(I)cc21,848.425
CC[N+](CC)(CC)CCCCN1/C(=C/C=C(Br)/C=C/C2=[N+](Cc3ccccc3)c3ccc(I)cc3C2(C)C)C(C)(C)c2cc(I)ccc21,932.610999999999
CC1(C)C(/C=C/C(Br)=C/C=C2/N(CCCCS(=O)(=O)O)c3ccc(I)cc3C2(C)C)=[N+](Cc2ccccc2)c2ccc(I)cc21,912.49
CC1(C)C(/C=C/C(Br)=C/C=C2/N(Cc3ccccc3)c3ccc(I)cc3C2(C)C)=[N+](Cc2ccccc2)c2ccc(I)cc21,866.443
CC1(C)C(/C=C/C(Br)=C/C=C2/N(Cc3ccsc3)c3ccc(I)cc3C2(C)C)=[N+](Cc2ccccc2)c2ccc(I)cc21,872.472
CCN1/C(=C/C=C(Br)/C=C/C2=[N+](Cc3ccsc3)c3ccccc3C2(C)C)C(C)(C)c2cc(I)ccc21,684.505
CCCCN1/C(=C/C=C(Br)/C=C/C2=[N+](Cc3ccsc3)c3ccccc3C2(C)C)C(C)(C)c2cc(I)ccc21,712.559
CC1(C)C(/C=C/C(Br)=C/C=C2/N(CCCCN)c3ccc(I)cc3C2(C)C)=[N+](Cc2ccsc2)c2ccccc21,727.574
CC1(C)C(/C=C/C(Br)=C/C=C2/N(CCCCO)c3ccc(I)cc3C2(C)C)=[N+](Cc2ccsc2)c2ccccc21,728.558
CC[N+](CC)(CC)CCCCN1/C(=C/C=C(Br)/C=C/C2=[N+](Cc3ccsc3)c3ccccc3C2(C)C)C(C)(C)c2cc(I)ccc21,812.743999999999
CC1(C)C(/C=C/C(Br)=C/C=C2/N(CCCCS(=O)(=O)O)c3ccc(I)cc3C2(C)C)=[N+](Cc2ccsc2)c2ccccc21,792.623
CC1(C)C(/C=C/C(Br)=C/C=C2/N(Cc3ccccc3)c3ccc(I)cc3C2(C)C)=[N+](Cc2ccsc2)c2ccccc21,746.576
CC1(C)C(/C=C/C(Br)=C/C=C2/N(Cc3ccsc3)c3ccc(I)cc3C2(C)C)=[N+](Cc2ccsc2)c2ccccc21,752.605
CCN1/C(=C/C=C(Br)/C=C/C2=[N+](Cc3ccsc3)c3ccc(Br)cc3C2(C)C)C(C)(C)c2cc(I)ccc21,763.401
CCCCN1/C(=C/C=C(Br)/C=C/C2=[N+](Cc3ccsc3)c3ccc(Br)cc3C2(C)C)C(C)(C)c2cc(I)ccc21,791.455
CC1(C)C(/C=C/C(Br)=C/C=C2/N(CCCCN)c3ccc(I)cc3C2(C)C)=[N+](Cc2ccsc2)c2ccc(Br)cc21,806.47
CC1(C)C(/C=C/C(Br)=C/C=C2/N(CCCCO)c3ccc(I)cc3C2(C)C)=[N+](Cc2ccsc2)c2ccc(Br)cc21,807.454
CC[N+](CC)(CC)CCCCN1/C(=C/C=C(Br)/C=C/C2=[N+](Cc3ccsc3)c3ccc(Br)cc3C2(C)C)C(C)(C)c2cc(I)ccc21,891.639999999999
CC1(C)C(/C=C/C(Br)=C/C=C2/N(CCCCS(=O)(=O)O)c3ccc(I)cc3C2(C)C)=[N+](Cc2ccsc2)c2ccc(Br)cc21,871.519
CC1(C)C(/C=C/C(Br)=C/C=C2/N(Cc3ccccc3)c3ccc(I)cc3C2(C)C)=[N+](Cc2ccsc2)c2ccc(Br)cc21,825.472
CC1(C)C(/C=C/C(Br)=C/C=C2/N(Cc3ccsc3)c3ccc(I)cc3C2(C)C)=[N+](Cc2ccsc2)c2ccc(Br)cc21,831.501
CCN1/C(=C/C=C(Br)/C=C/C2=[N+](Cc3ccsc3)c3ccc(I)cc3C2(C)C)C(C)(C)c2cc(I)ccc21,810.401
CCCCN1/C(=C/C=C(Br)/C=C/C2=[N+](Cc3ccsc3)c3ccc(I)cc3C2(C)C)C(C)(C)c2cc(I)ccc21,838.455
CC1(C)C(/C=C/C(Br)=C/C=C2/N(CCCCN)c3ccc(I)cc3C2(C)C)=[N+](Cc2ccsc2)c2ccc(I)cc21,853.47
CC1(C)C(/C=C/C(Br)=C/C=C2/N(CCCCO)c3ccc(I)cc3C2(C)C)=[N+](Cc2ccsc2)c2ccc(I)cc21,854.454
CC[N+](CC)(CC)CCCCN1/C(=C/C=C(Br)/C=C/C2=[N+](Cc3ccsc3)c3ccc(I)cc3C2(C)C)C(C)(C)c2cc(I)ccc21,938.64
CC1(C)C(/C=C/C(Br)=C/C=C2/N(CCCCS(=O)(=O)O)c3ccc(I)cc3C2(C)C)=[N+](Cc2ccsc2)c2ccc(I)cc21,918.519
CC1(C)C(/C=C/C(Br)=C/C=C2/N(Cc3ccccc3)c3ccc(I)cc3C2(C)C)=[N+](Cc2ccsc2)c2ccc(I)cc21,872.472
CC1(C)C(/C=C/C(Br)=C/C=C2/N(Cc3ccsc3)c3ccc(I)cc3C2(C)C)=[N+](Cc2ccsc2)c2ccc(I)cc21,878.501
CCN1/C(=C/C=C(I)/C=C/C2=[N+](CC)c3ccccc3C2(C)C)C(C)(C)c2cc(I)ccc21,663.405
CCCCN1/C(=C/C=C(I)/C=C/C2=[N+](CC)c3ccccc3C2(C)C)C(C)(C)c2cc(I)ccc21,691.459
CC[N+]1=C(/C=C/C(I)=C/C=C2/N(CCCCN)c3ccc(I)cc3C2(C)C)C(C)(C)c2ccccc21,706.474
CC[N+]1=C(/C=C/C(I)=C/C=C2/N(CCCCO)c3ccc(I)cc3C2(C)C)C(C)(C)c2ccccc21,707.458
CC[N+]1=C(/C=C/C(I)=C/C=C2/N(CCCC[N+](CC)(CC)CC)c3ccc(I)cc3C2(C)C)C(C)(C)c2ccccc21,791.643999999999
CC[N+]1=C(/C=C/C(I)=C/C=C2/N(CCCCS(=O)(=O)O)c3ccc(I)cc3C2(C)C)C(C)(C)c2ccccc21,771.523
CC[N+]1=C(/C=C/C(I)=C/C=C2/N(Cc3ccccc3)c3ccc(I)cc3C2(C)C)C(C)(C)c2ccccc21,725.476
CC[N+]1=C(/C=C/C(I)=C/C=C2/N(Cc3ccsc3)c3ccc(I)cc3C2(C)C)C(C)(C)c2ccccc21,731.505
CCN1/C(=C/C=C(I)/C=C/C2=[N+](CC)c3ccc(Br)cc3C2(C)C)C(C)(C)c2cc(I)ccc21,742.301
CCCCN1/C(=C/C=C(I)/C=C/C2=[N+](CC)c3ccc(Br)cc3C2(C)C)C(C)(C)c2cc(I)ccc21,770.355
CC[N+]1=C(/C=C/C(I)=C/C=C2/N(CCCCN)c3ccc(I)cc3C2(C)C)C(C)(C)c2cc(Br)ccc21,785.37
CC[N+]1=C(/C=C/C(I)=C/C=C2/N(CCCCO)c3ccc(I)cc3C2(C)C)C(C)(C)c2cc(Br)ccc21,786.354
CC[N+]1=C(/C=C/C(I)=C/C=C2/N(CCCC[N+](CC)(CC)CC)c3ccc(I)cc3C2(C)C)C(C)(C)c2cc(Br)ccc21,870.539999999999
CC[N+]1=C(/C=C/C(I)=C/C=C2/N(CCCCS(=O)(=O)O)c3ccc(I)cc3C2(C)C)C(C)(C)c2cc(Br)ccc21,850.419
CC[N+]1=C(/C=C/C(I)=C/C=C2/N(Cc3ccccc3)c3ccc(I)cc3C2(C)C)C(C)(C)c2cc(Br)ccc21,804.372
CC[N+]1=C(/C=C/C(I)=C/C=C2/N(Cc3ccsc3)c3ccc(I)cc3C2(C)C)C(C)(C)c2cc(Br)ccc21,810.401
CCN1/C(=C/C=C(I)/C=C/C2=[N+](CC)c3ccc(I)cc3C2(C)C)C(C)(C)c2cc(I)ccc21,789.301
CCCCN1/C(=C/C=C(I)/C=C/C2=[N+](CC)c3ccc(I)cc3C2(C)C)C(C)(C)c2cc(I)ccc21,817.355
CC[N+]1=C(/C=C/C(I)=C/C=C2/N(CCCCN)c3ccc(I)cc3C2(C)C)C(C)(C)c2cc(I)ccc21,832.37
CC[N+]1=C(/C=C/C(I)=C/C=C2/N(CCCCO)c3ccc(I)cc3C2(C)C)C(C)(C)c2cc(I)ccc21,833.354
CC[N+]1=C(/C=C/C(I)=C/C=C2/N(CCCC[N+](CC)(CC)CC)c3ccc(I)cc3C2(C)C)C(C)(C)c2cc(I)ccc21,917.539999999999
CC[N+]1=C(/C=C/C(I)=C/C=C2/N(CCCCS(=O)(=O)O)c3ccc(I)cc3C2(C)C)C(C)(C)c2cc(I)ccc21,897.419
CC[N+]1=C(/C=C/C(I)=C/C=C2/N(Cc3ccccc3)c3ccc(I)cc3C2(C)C)C(C)(C)c2cc(I)ccc21,851.372
CC[N+]1=C(/C=C/C(I)=C/C=C2/N(Cc3ccsc3)c3ccc(I)cc3C2(C)C)C(C)(C)c2cc(I)ccc21,857.401
CCCC[N+]1=C(/C=C/C(I)=C/C=C2/N(CC)c3ccc(I)cc3C2(C)C)C(C)(C)c2ccccc21,691.459
CCCCN1/C(=C/C=C(I)/C=C/C2=[N+](CCCC)c3ccccc3C2(C)C)C(C)(C)c2cc(I)ccc21,719.513
CCCC[N+]1=C(/C=C/C(I)=C/C=C2/N(CCCCN)c3ccc(I)cc3C2(C)C)C(C)(C)c2ccccc21,734.528
CCCC[N+]1=C(/C=C/C(I)=C/C=C2/N(CCCCO)c3ccc(I)cc3C2(C)C)C(C)(C)c2ccccc21,735.512
CCCC[N+]1=C(/C=C/C(I)=C/C=C2/N(CCCC[N+](CC)(CC)CC)c3ccc(I)cc3C2(C)C)C(C)(C)c2ccccc21,819.697999999999
CCCC[N+]1=C(/C=C/C(I)=C/C=C2/N(CCCCS(=O)(=O)O)c3ccc(I)cc3C2(C)C)C(C)(C)c2ccccc21,799.577
CCCC[N+]1=C(/C=C/C(I)=C/C=C2/N(Cc3ccccc3)c3ccc(I)cc3C2(C)C)C(C)(C)c2ccccc21,753.53
CCCC[N+]1=C(/C=C/C(I)=C/C=C2/N(Cc3ccsc3)c3ccc(I)cc3C2(C)C)C(C)(C)c2ccccc21,759.559
CCCC[N+]1=C(/C=C/C(I)=C/C=C2/N(CC)c3ccc(I)cc3C2(C)C)C(C)(C)c2cc(Br)ccc21,770.355
CCCCN1/C(=C/C=C(I)/C=C/C2=[N+](CCCC)c3ccc(Br)cc3C2(C)C)C(C)(C)c2cc(I)ccc21,798.409
CCCC[N+]1=C(/C=C/C(I)=C/C=C2/N(CCCCN)c3ccc(I)cc3C2(C)C)C(C)(C)c2cc(Br)ccc21,813.424
CCCC[N+]1=C(/C=C/C(I)=C/C=C2/N(CCCCO)c3ccc(I)cc3C2(C)C)C(C)(C)c2cc(Br)ccc21,814.408
CCCC[N+]1=C(/C=C/C(I)=C/C=C2/N(CCCC[N+](CC)(CC)CC)c3ccc(I)cc3C2(C)C)C(C)(C)c2cc(Br)ccc21,898.593999999999
CCCC[N+]1=C(/C=C/C(I)=C/C=C2/N(CCCCS(=O)(=O)O)c3ccc(I)cc3C2(C)C)C(C)(C)c2cc(Br)ccc21,878.473
CCCC[N+]1=C(/C=C/C(I)=C/C=C2/N(Cc3ccccc3)c3ccc(I)cc3C2(C)C)C(C)(C)c2cc(Br)ccc21,832.426
CCCC[N+]1=C(/C=C/C(I)=C/C=C2/N(Cc3ccsc3)c3ccc(I)cc3C2(C)C)C(C)(C)c2cc(Br)ccc21,838.455
CCCC[N+]1=C(/C=C/C(I)=C/C=C2/N(CC)c3ccc(I)cc3C2(C)C)C(C)(C)c2cc(I)ccc21,817.355
CCCCN1/C(=C/C=C(I)/C=C/C2=[N+](CCCC)c3ccc(I)cc3C2(C)C)C(C)(C)c2cc(I)ccc21,845.409
CCCC[N+]1=C(/C=C/C(I)=C/C=C2/N(CCCCN)c3ccc(I)cc3C2(C)C)C(C)(C)c2cc(I)ccc21,860.424
CCCC[N+]1=C(/C=C/C(I)=C/C=C2/N(CCCCO)c3ccc(I)cc3C2(C)C)C(C)(C)c2cc(I)ccc21,861.408
CCCC[N+]1=C(/C=C/C(I)=C/C=C2/N(CCCC[N+](CC)(CC)CC)c3ccc(I)cc3C2(C)C)C(C)(C)c2cc(I)ccc21,945.593999999999
CCCC[N+]1=C(/C=C/C(I)=C/C=C2/N(CCCCS(=O)(=O)O)c3ccc(I)cc3C2(C)C)C(C)(C)c2cc(I)ccc21,925.473
CCCC[N+]1=C(/C=C/C(I)=C/C=C2/N(Cc3ccccc3)c3ccc(I)cc3C2(C)C)C(C)(C)c2cc(I)ccc21,879.426
CCCC[N+]1=C(/C=C/C(I)=C/C=C2/N(Cc3ccsc3)c3ccc(I)cc3C2(C)C)C(C)(C)c2cc(I)ccc21,885.455
CCN1/C(=C/C=C(I)/C=C/C2=[N+](CCCCN)c3ccccc3C2(C)C)C(C)(C)c2cc(I)ccc21,706.474
CCCCN1/C(=C/C=C(I)/C=C/C2=[N+](CCCCN)c3ccccc3C2(C)C)C(C)(C)c2cc(I)ccc21,734.528
CC1(C)C(/C=C/C(I)=C/C=C2/N(CCCCN)c3ccc(I)cc3C2(C)C)=[N+](CCCCN)c2ccccc21,749.542999999999
CC1(C)C(/C=C/C(I)=C/C=C2/N(CCCCO)c3ccc(I)cc3C2(C)C)=[N+](CCCCN)c2ccccc21,750.527
CC[N+](CC)(CC)CCCCN1/C(=C/C=C(I)/C=C/C2=[N+](CCCCN)c3ccccc3C2(C)C)C(C)(C)c2cc(I)ccc21,834.712999999999
CC1(C)C(/C=C/C(I)=C/C=C2/N(CCCCS(=O)(=O)O)c3ccc(I)cc3C2(C)C)=[N+](CCCCN)c2ccccc21,814.592
CC1(C)C(/C=C/C(I)=C/C=C2/N(Cc3ccccc3)c3ccc(I)cc3C2(C)C)=[N+](CCCCN)c2ccccc21,768.545
CC1(C)C(/C=C/C(I)=C/C=C2/N(Cc3ccsc3)c3ccc(I)cc3C2(C)C)=[N+](CCCCN)c2ccccc21,774.574
CCN1/C(=C/C=C(I)/C=C/C2=[N+](CCCCN)c3ccc(Br)cc3C2(C)C)C(C)(C)c2cc(I)ccc21,785.37
CCCCN1/C(=C/C=C(I)/C=C/C2=[N+](CCCCN)c3ccc(Br)cc3C2(C)C)C(C)(C)c2cc(I)ccc21,813.424
CC1(C)C(/C=C/C(I)=C/C=C2/N(CCCCN)c3ccc(I)cc3C2(C)C)=[N+](CCCCN)c2ccc(Br)cc21,828.439
CC1(C)C(/C=C/C(I)=C/C=C2/N(CCCCO)c3ccc(I)cc3C2(C)C)=[N+](CCCCN)c2ccc(Br)cc21,829.423
CC[N+](CC)(CC)CCCCN1/C(=C/C=C(I)/C=C/C2=[N+](CCCCN)c3ccc(Br)cc3C2(C)C)C(C)(C)c2cc(I)ccc21,913.608999999999
CC1(C)C(/C=C/C(I)=C/C=C2/N(CCCCS(=O)(=O)O)c3ccc(I)cc3C2(C)C)=[N+](CCCCN)c2ccc(Br)cc21,893.488
CC1(C)C(/C=C/C(I)=C/C=C2/N(Cc3ccccc3)c3ccc(I)cc3C2(C)C)=[N+](CCCCN)c2ccc(Br)cc21,847.441
CC1(C)C(/C=C/C(I)=C/C=C2/N(Cc3ccsc3)c3ccc(I)cc3C2(C)C)=[N+](CCCCN)c2ccc(Br)cc21,853.47
CCN1/C(=C/C=C(I)/C=C/C2=[N+](CCCCN)c3ccc(I)cc3C2(C)C)C(C)(C)c2cc(I)ccc21,832.37
CCCCN1/C(=C/C=C(I)/C=C/C2=[N+](CCCCN)c3ccc(I)cc3C2(C)C)C(C)(C)c2cc(I)ccc21,860.424
CC1(C)C(/C=C/C(I)=C/C=C2/N(CCCCN)c3ccc(I)cc3C2(C)C)=[N+](CCCCN)c2ccc(I)cc21,875.438999999999
CC1(C)C(/C=C/C(I)=C/C=C2/N(CCCCO)c3ccc(I)cc3C2(C)C)=[N+](CCCCN)c2ccc(I)cc21,876.423
CC[N+](CC)(CC)CCCCN1/C(=C/C=C(I)/C=C/C2=[N+](CCCCN)c3ccc(I)cc3C2(C)C)C(C)(C)c2cc(I)ccc21,960.608999999999
CC1(C)C(/C=C/C(I)=C/C=C2/N(CCCCS(=O)(=O)O)c3ccc(I)cc3C2(C)C)=[N+](CCCCN)c2ccc(I)cc21,940.488
CC1(C)C(/C=C/C(I)=C/C=C2/N(Cc3ccccc3)c3ccc(I)cc3C2(C)C)=[N+](CCCCN)c2ccc(I)cc21,894.441
CC1(C)C(/C=C/C(I)=C/C=C2/N(Cc3ccsc3)c3ccc(I)cc3C2(C)C)=[N+](CCCCN)c2ccc(I)cc21,900.47
CCN1/C(=C/C=C(I)/C=C/C2=[N+](CCCCO)c3ccccc3C2(C)C)C(C)(C)c2cc(I)ccc21,707.458
CCCCN1/C(=C/C=C(I)/C=C/C2=[N+](CCCCO)c3ccccc3C2(C)C)C(C)(C)c2cc(I)ccc21,735.512
CC1(C)C(/C=C/C(I)=C/C=C2/N(CCCCN)c3ccc(I)cc3C2(C)C)=[N+](CCCCO)c2ccccc21,750.527
CC1(C)C(/C=C/C(I)=C/C=C2/N(CCCCO)c3ccc(I)cc3C2(C)C)=[N+](CCCCO)c2ccccc21,751.511
CC[N+](CC)(CC)CCCCN1/C(=C/C=C(I)/C=C/C2=[N+](CCCCO)c3ccccc3C2(C)C)C(C)(C)c2cc(I)ccc21,835.696999999999
CC1(C)C(/C=C/C(I)=C/C=C2/N(CCCCS(=O)(=O)O)c3ccc(I)cc3C2(C)C)=[N+](CCCCO)c2ccccc21,815.576
CC1(C)C(/C=C/C(I)=C/C=C2/N(Cc3ccccc3)c3ccc(I)cc3C2(C)C)=[N+](CCCCO)c2ccccc21,769.529
CC1(C)C(/C=C/C(I)=C/C=C2/N(Cc3ccsc3)c3ccc(I)cc3C2(C)C)=[N+](CCCCO)c2ccccc21,775.558
CCN1/C(=C/C=C(I)/C=C/C2=[N+](CCCCO)c3ccc(Br)cc3C2(C)C)C(C)(C)c2cc(I)ccc21,786.354
CCCCN1/C(=C/C=C(I)/C=C/C2=[N+](CCCCO)c3ccc(Br)cc3C2(C)C)C(C)(C)c2cc(I)ccc21,814.408
CC1(C)C(/C=C/C(I)=C/C=C2/N(CCCCN)c3ccc(I)cc3C2(C)C)=[N+](CCCCO)c2ccc(Br)cc21,829.423
CC1(C)C(/C=C/C(I)=C/C=C2/N(CCCCO)c3ccc(I)cc3C2(C)C)=[N+](CCCCO)c2ccc(Br)cc21,830.407
CC[N+](CC)(CC)CCCCN1/C(=C/C=C(I)/C=C/C2=[N+](CCCCO)c3ccc(Br)cc3C2(C)C)C(C)(C)c2cc(I)ccc21,914.592999999999
CC1(C)C(/C=C/C(I)=C/C=C2/N(CCCCS(=O)(=O)O)c3ccc(I)cc3C2(C)C)=[N+](CCCCO)c2ccc(Br)cc21,894.472
CC1(C)C(/C=C/C(I)=C/C=C2/N(Cc3ccccc3)c3ccc(I)cc3C2(C)C)=[N+](CCCCO)c2ccc(Br)cc21,848.425
CC1(C)C(/C=C/C(I)=C/C=C2/N(Cc3ccsc3)c3ccc(I)cc3C2(C)C)=[N+](CCCCO)c2ccc(Br)cc21,854.454
CCN1/C(=C/C=C(I)/C=C/C2=[N+](CCCCO)c3ccc(I)cc3C2(C)C)C(C)(C)c2cc(I)ccc21,833.354
CCCCN1/C(=C/C=C(I)/C=C/C2=[N+](CCCCO)c3ccc(I)cc3C2(C)C)C(C)(C)c2cc(I)ccc21,861.408
CC1(C)C(/C=C/C(I)=C/C=C2/N(CCCCN)c3ccc(I)cc3C2(C)C)=[N+](CCCCO)c2ccc(I)cc21,876.423
CC1(C)C(/C=C/C(I)=C/C=C2/N(CCCCO)c3ccc(I)cc3C2(C)C)=[N+](CCCCO)c2ccc(I)cc21,877.407
CC[N+](CC)(CC)CCCCN1/C(=C/C=C(I)/C=C/C2=[N+](CCCCO)c3ccc(I)cc3C2(C)C)C(C)(C)c2cc(I)ccc21,961.592999999999
CC1(C)C(/C=C/C(I)=C/C=C2/N(CCCCS(=O)(=O)O)c3ccc(I)cc3C2(C)C)=[N+](CCCCO)c2ccc(I)cc21,941.472
CC1(C)C(/C=C/C(I)=C/C=C2/N(Cc3ccccc3)c3ccc(I)cc3C2(C)C)=[N+](CCCCO)c2ccc(I)cc21,895.425
CC1(C)C(/C=C/C(I)=C/C=C2/N(Cc3ccsc3)c3ccc(I)cc3C2(C)C)=[N+](CCCCO)c2ccc(I)cc21,901.454
CCN1/C(=C/C=C(I)/C=C/C2=[N+](CCCC[N+](CC)(CC)CC)c3ccccc3C2(C)C)C(C)(C)c2cc(I)ccc21,791.643999999999
CCCCN1/C(=C/C=C(I)/C=C/C2=[N+](CCCC[N+](CC)(CC)CC)c3ccccc3C2(C)C)C(C)(C)c2cc(I)ccc21,819.697999999999
CC[N+](CC)(CC)CCCC[N+]1=C(/C=C/C(I)=C/C=C2/N(CCCCN)c3ccc(I)cc3C2(C)C)C(C)(C)c2ccccc21,834.712999999999
CC[N+](CC)(CC)CCCC[N+]1=C(/C=C/C(I)=C/C=C2/N(CCCCO)c3ccc(I)cc3C2(C)C)C(C)(C)c2ccccc21,835.696999999999
CC[N+](CC)(CC)CCCCN1/C(=C/C=C(I)/C=C/C2=[N+](CCCC[N+](CC)(CC)CC)c3ccccc3C2(C)C)C(C)(C)c2cc(I)ccc21,919.882999999999
CC[N+](CC)(CC)CCCC[N+]1=C(/C=C/C(I)=C/C=C2/N(CCCCS(=O)(=O)O)c3ccc(I)cc3C2(C)C)C(C)(C)c2ccccc21,899.761999999999
CC[N+](CC)(CC)CCCC[N+]1=C(/C=C/C(I)=C/C=C2/N(Cc3ccccc3)c3ccc(I)cc3C2(C)C)C(C)(C)c2ccccc21,853.715
CC[N+](CC)(CC)CCCC[N+]1=C(/C=C/C(I)=C/C=C2/N(Cc3ccsc3)c3ccc(I)cc3C2(C)C)C(C)(C)c2ccccc21,859.744
CCN1/C(=C/C=C(I)/C=C/C2=[N+](CCCC[N+](CC)(CC)CC)c3ccc(Br)cc3C2(C)C)C(C)(C)c2cc(I)ccc21,870.539999999999
CCCCN1/C(=C/C=C(I)/C=C/C2=[N+](CCCC[N+](CC)(CC)CC)c3ccc(Br)cc3C2(C)C)C(C)(C)c2cc(I)ccc21,898.593999999999
CC[N+](CC)(CC)CCCC[N+]1=C(/C=C/C(I)=C/C=C2/N(CCCCN)c3ccc(I)cc3C2(C)C)C(C)(C)c2cc(Br)ccc21,913.608999999999
CC[N+](CC)(CC)CCCC[N+]1=C(/C=C/C(I)=C/C=C2/N(CCCCO)c3ccc(I)cc3C2(C)C)C(C)(C)c2cc(Br)ccc21,914.592999999999
CC[N+](CC)(CC)CCCCN1/C(=C/C=C(I)/C=C/C2=[N+](CCCC[N+](CC)(CC)CC)c3ccc(Br)cc3C2(C)C)C(C)(C)c2cc(I)ccc21,998.778999999999
CC[N+](CC)(CC)CCCC[N+]1=C(/C=C/C(I)=C/C=C2/N(CCCCS(=O)(=O)O)c3ccc(I)cc3C2(C)C)C(C)(C)c2cc(Br)ccc21,978.657999999999
CC[N+](CC)(CC)CCCC[N+]1=C(/C=C/C(I)=C/C=C2/N(Cc3ccccc3)c3ccc(I)cc3C2(C)C)C(C)(C)c2cc(Br)ccc21,932.610999999999
CC[N+](CC)(CC)CCCC[N+]1=C(/C=C/C(I)=C/C=C2/N(Cc3ccsc3)c3ccc(I)cc3C2(C)C)C(C)(C)c2cc(Br)ccc21,938.64
CCN1/C(=C/C=C(I)/C=C/C2=[N+](CCCC[N+](CC)(CC)CC)c3ccc(I)cc3C2(C)C)C(C)(C)c2cc(I)ccc21,917.539999999999
CCCCN1/C(=C/C=C(I)/C=C/C2=[N+](CCCC[N+](CC)(CC)CC)c3ccc(I)cc3C2(C)C)C(C)(C)c2cc(I)ccc21,945.593999999999
CC[N+](CC)(CC)CCCC[N+]1=C(/C=C/C(I)=C/C=C2/N(CCCCN)c3ccc(I)cc3C2(C)C)C(C)(C)c2cc(I)ccc21,960.608999999999
CC[N+](CC)(CC)CCCC[N+]1=C(/C=C/C(I)=C/C=C2/N(CCCCO)c3ccc(I)cc3C2(C)C)C(C)(C)c2cc(I)ccc21,961.592999999999
CC[N+](CC)(CC)CCCCN1/C(=C/C=C(I)/C=C/C2=[N+](CCCC[N+](CC)(CC)CC)c3ccc(I)cc3C2(C)C)C(C)(C)c2cc(I)ccc21,1045.779
CC[N+](CC)(CC)CCCC[N+]1=C(/C=C/C(I)=C/C=C2/N(CCCCS(=O)(=O)O)c3ccc(I)cc3C2(C)C)C(C)(C)c2cc(I)ccc21,1025.658
CC[N+](CC)(CC)CCCC[N+]1=C(/C=C/C(I)=C/C=C2/N(Cc3ccccc3)c3ccc(I)cc3C2(C)C)C(C)(C)c2cc(I)ccc21,979.610999999999
CC[N+](CC)(CC)CCCC[N+]1=C(/C=C/C(I)=C/C=C2/N(Cc3ccsc3)c3ccc(I)cc3C2(C)C)C(C)(C)c2cc(I)ccc21,985.639999999999
CCN1/C(=C/C=C(I)/C=C/C2=[N+](CCCCS(=O)(=O)O)c3ccccc3C2(C)C)C(C)(C)c2cc(I)ccc21,771.523
CCCCN1/C(=C/C=C(I)/C=C/C2=[N+](CCCCS(=O)(=O)O)c3ccccc3C2(C)C)C(C)(C)c2cc(I)ccc21,799.577
CC1(C)C(/C=C/C(I)=C/C=C2/N(CCCCN)c3ccc(I)cc3C2(C)C)=[N+](CCCCS(=O)(=O)O)c2ccccc21,814.592
CC1(C)C(/C=C/C(I)=C/C=C2/N(CCCCO)c3ccc(I)cc3C2(C)C)=[N+](CCCCS(=O)(=O)O)c2ccccc21,815.576
CC[N+](CC)(CC)CCCCN1/C(=C/C=C(I)/C=C/C2=[N+](CCCCS(=O)(=O)O)c3ccccc3C2(C)C)C(C)(C)c2cc(I)ccc21,899.761999999999
CC1(C)C(/C=C/C(I)=C/C=C2/N(CCCCS(=O)(=O)O)c3ccc(I)cc3C2(C)C)=[N+](CCCCS(=O)(=O)O)c2ccccc21,879.641
CC1(C)C(/C=C/C(I)=C/C=C2/N(Cc3ccccc3)c3ccc(I)cc3C2(C)C)=[N+](CCCCS(=O)(=O)O)c2ccccc21,833.594
CC1(C)C(/C=C/C(I)=C/C=C2/N(Cc3ccsc3)c3ccc(I)cc3C2(C)C)=[N+](CCCCS(=O)(=O)O)c2ccccc21,839.623
CCN1/C(=C/C=C(I)/C=C/C2=[N+](CCCCS(=O)(=O)O)c3ccc(Br)cc3C2(C)C)C(C)(C)c2cc(I)ccc21,850.419
CCCCN1/C(=C/C=C(I)/C=C/C2=[N+](CCCCS(=O)(=O)O)c3ccc(Br)cc3C2(C)C)C(C)(C)c2cc(I)ccc21,878.473
CC1(C)C(/C=C/C(I)=C/C=C2/N(CCCCN)c3ccc(I)cc3C2(C)C)=[N+](CCCCS(=O)(=O)O)c2ccc(Br)cc21,893.488
CC1(C)C(/C=C/C(I)=C/C=C2/N(CCCCO)c3ccc(I)cc3C2(C)C)=[N+](CCCCS(=O)(=O)O)c2ccc(Br)cc21,894.472
CC[N+](CC)(CC)CCCCN1/C(=C/C=C(I)/C=C/C2=[N+](CCCCS(=O)(=O)O)c3ccc(Br)cc3C2(C)C)C(C)(C)c2cc(I)ccc21,978.657999999999
CC1(C)C(/C=C/C(I)=C/C=C2/N(CCCCS(=O)(=O)O)c3ccc(I)cc3C2(C)C)=[N+](CCCCS(=O)(=O)O)c2ccc(Br)cc21,958.537
CC1(C)C(/C=C/C(I)=C/C=C2/N(Cc3ccccc3)c3ccc(I)cc3C2(C)C)=[N+](CCCCS(=O)(=O)O)c2ccc(Br)cc21,912.49
CC1(C)C(/C=C/C(I)=C/C=C2/N(Cc3ccsc3)c3ccc(I)cc3C2(C)C)=[N+](CCCCS(=O)(=O)O)c2ccc(Br)cc21,918.519
CCN1/C(=C/C=C(I)/C=C/C2=[N+](CCCCS(=O)(=O)O)c3ccc(I)cc3C2(C)C)C(C)(C)c2cc(I)ccc21,897.419
CCCCN1/C(=C/C=C(I)/C=C/C2=[N+](CCCCS(=O)(=O)O)c3ccc(I)cc3C2(C)C)C(C)(C)c2cc(I)ccc21,925.473
CC1(C)C(/C=C/C(I)=C/C=C2/N(CCCCN)c3ccc(I)cc3C2(C)C)=[N+](CCCCS(=O)(=O)O)c2ccc(I)cc21,940.488
CC1(C)C(/C=C/C(I)=C/C=C2/N(CCCCO)c3ccc(I)cc3C2(C)C)=[N+](CCCCS(=O)(=O)O)c2ccc(I)cc21,941.472
CC[N+](CC)(CC)CCCCN1/C(=C/C=C(I)/C=C/C2=[N+](CCCCS(=O)(=O)O)c3ccc(I)cc3C2(C)C)C(C)(C)c2cc(I)ccc21,1025.658
CC1(C)C(/C=C/C(I)=C/C=C2/N(CCCCS(=O)(=O)O)c3ccc(I)cc3C2(C)C)=[N+](CCCCS(=O)(=O)O)c2ccc(I)cc21,1005.537
CC1(C)C(/C=C/C(I)=C/C=C2/N(Cc3ccccc3)c3ccc(I)cc3C2(C)C)=[N+](CCCCS(=O)(=O)O)c2ccc(I)cc21,959.49
CC1(C)C(/C=C/C(I)=C/C=C2/N(Cc3ccsc3)c3ccc(I)cc3C2(C)C)=[N+](CCCCS(=O)(=O)O)c2ccc(I)cc21,965.519
CCN1/C(=C/C=C(I)/C=C/C2=[N+](Cc3ccccc3)c3ccccc3C2(C)C)C(C)(C)c2cc(I)ccc21,725.476
CCCCN1/C(=C/C=C(I)/C=C/C2=[N+](Cc3ccccc3)c3ccccc3C2(C)C)C(C)(C)c2cc(I)ccc21,753.53
CC1(C)C(/C=C/C(I)=C/C=C2/N(CCCCN)c3ccc(I)cc3C2(C)C)=[N+](Cc2ccccc2)c2ccccc21,768.545
CC1(C)C(/C=C/C(I)=C/C=C2/N(CCCCO)c3ccc(I)cc3C2(C)C)=[N+](Cc2ccccc2)c2ccccc21,769.529
CC[N+](CC)(CC)CCCCN1/C(=C/C=C(I)/C=C/C2=[N+](Cc3ccccc3)c3ccccc3C2(C)C)C(C)(C)c2cc(I)ccc21,853.715
CC1(C)C(/C=C/C(I)=C/C=C2/N(CCCCS(=O)(=O)O)c3ccc(I)cc3C2(C)C)=[N+](Cc2ccccc2)c2ccccc21,833.594
CC1(C)C(/C=C/C(I)=C/C=C2/N(Cc3ccccc3)c3ccc(I)cc3C2(C)C)=[N+](Cc2ccccc2)c2ccccc21,787.547
CC1(C)C(/C=C/C(I)=C/C=C2/N(Cc3ccsc3)c3ccc(I)cc3C2(C)C)=[N+](Cc2ccccc2)c2ccccc21,793.576
CCN1/C(=C/C=C(I)/C=C/C2=[N+](Cc3ccccc3)c3ccc(Br)cc3C2(C)C)C(C)(C)c2cc(I)ccc21,804.372
CCCCN1/C(=C/C=C(I)/C=C/C2=[N+](Cc3ccccc3)c3ccc(Br)cc3C2(C)C)C(C)(C)c2cc(I)ccc21,832.426
CC1(C)C(/C=C/C(I)=C/C=C2/N(CCCCN)c3ccc(I)cc3C2(C)C)=[N+](Cc2ccccc2)c2ccc(Br)cc21,847.441
CC1(C)C(/C=C/C(I)=C/C=C2/N(CCCCO)c3ccc(I)cc3C2(C)C)=[N+](Cc2ccccc2)c2ccc(Br)cc21,848.425
CC[N+](CC)(CC)CCCCN1/C(=C/C=C(I)/C=C/C2=[N+](Cc3ccccc3)c3ccc(Br)cc3C2(C)C)C(C)(C)c2cc(I)ccc21,932.610999999999
CC1(C)C(/C=C/C(I)=C/C=C2/N(CCCCS(=O)(=O)O)c3ccc(I)cc3C2(C)C)=[N+](Cc2ccccc2)c2ccc(Br)cc21,912.49
CC1(C)C(/C=C/C(I)=C/C=C2/N(Cc3ccccc3)c3ccc(I)cc3C2(C)C)=[N+](Cc2ccccc2)c2ccc(Br)cc21,866.443
CC1(C)C(/C=C/C(I)=C/C=C2/N(Cc3ccsc3)c3ccc(I)cc3C2(C)C)=[N+](Cc2ccccc2)c2ccc(Br)cc21,872.472
CCN1/C(=C/C=C(I)/C=C/C2=[N+](Cc3ccccc3)c3ccc(I)cc3C2(C)C)C(C)(C)c2cc(I)ccc21,851.372
CCCCN1/C(=C/C=C(I)/C=C/C2=[N+](Cc3ccccc3)c3ccc(I)cc3C2(C)C)C(C)(C)c2cc(I)ccc21,879.426
CC1(C)C(/C=C/C(I)=C/C=C2/N(CCCCN)c3ccc(I)cc3C2(C)C)=[N+](Cc2ccccc2)c2ccc(I)cc21,894.441
CC1(C)C(/C=C/C(I)=C/C=C2/N(CCCCO)c3ccc(I)cc3C2(C)C)=[N+](Cc2ccccc2)c2ccc(I)cc21,895.425
CC[N+](CC)(CC)CCCCN1/C(=C/C=C(I)/C=C/C2=[N+](Cc3ccccc3)c3ccc(I)cc3C2(C)C)C(C)(C)c2cc(I)ccc21,979.610999999999
CC1(C)C(/C=C/C(I)=C/C=C2/N(CCCCS(=O)(=O)O)c3ccc(I)cc3C2(C)C)=[N+](Cc2ccccc2)c2ccc(I)cc21,959.49
CC1(C)C(/C=C/C(I)=C/C=C2/N(Cc3ccccc3)c3ccc(I)cc3C2(C)C)=[N+](Cc2ccccc2)c2ccc(I)cc21,913.443
CC1(C)C(/C=C/C(I)=C/C=C2/N(Cc3ccsc3)c3ccc(I)cc3C2(C)C)=[N+](Cc2ccccc2)c2ccc(I)cc21,919.472
CCN1/C(=C/C=C(I)/C=C/C2=[N+](Cc3ccsc3)c3ccccc3C2(C)C)C(C)(C)c2cc(I)ccc21,731.505
CCCCN1/C(=C/C=C(I)/C=C/C2=[N+](Cc3ccsc3)c3ccccc3C2(C)C)C(C)(C)c2cc(I)ccc21,759.559
CC1(C)C(/C=C/C(I)=C/C=C2/N(CCCCN)c3ccc(I)cc3C2(C)C)=[N+](Cc2ccsc2)c2ccccc21,774.574
CC1(C)C(/C=C/C(I)=C/C=C2/N(CCCCO)c3ccc(I)cc3C2(C)C)=[N+](Cc2ccsc2)c2ccccc21,775.558
CC[N+](CC)(CC)CCCCN1/C(=C/C=C(I)/C=C/C2=[N+](Cc3ccsc3)c3ccccc3C2(C)C)C(C)(C)c2cc(I)ccc21,859.744
CC1(C)C(/C=C/C(I)=C/C=C2/N(CCCCS(=O)(=O)O)c3ccc(I)cc3C2(C)C)=[N+](Cc2ccsc2)c2ccccc21,839.623
CC1(C)C(/C=C/C(I)=C/C=C2/N(Cc3ccccc3)c3ccc(I)cc3C2(C)C)=[N+](Cc2ccsc2)c2ccccc21,793.576
CC1(C)C(/C=C/C(I)=C/C=C2/N(Cc3ccsc3)c3ccc(I)cc3C2(C)C)=[N+](Cc2ccsc2)c2ccccc21,799.605
CCN1/C(=C/C=C(I)/C=C/C2=[N+](Cc3ccsc3)c3ccc(Br)cc3C2(C)C)C(C)(C)c2cc(I)ccc21,810.401
CCCCN1/C(=C/C=C(I)/C=C/C2=[N+](Cc3ccsc3)c3ccc(Br)cc3C2(C)C)C(C)(C)c2cc(I)ccc21,838.455
CC1(C)C(/C=C/C(I)=C/C=C2/N(CCCCN)c3ccc(I)cc3C2(C)C)=[N+](Cc2ccsc2)c2ccc(Br)cc21,853.47
CC1(C)C(/C=C/C(I)=C/C=C2/N(CCCCO)c3ccc(I)cc3C2(C)C)=[N+](Cc2ccsc2)c2ccc(Br)cc21,854.454
CC[N+](CC)(CC)CCCCN1/C(=C/C=C(I)/C=C/C2=[N+](Cc3ccsc3)c3ccc(Br)cc3C2(C)C)C(C)(C)c2cc(I)ccc21,938.64
CC1(C)C(/C=C/C(I)=C/C=C2/N(CCCCS(=O)(=O)O)c3ccc(I)cc3C2(C)C)=[N+](Cc2ccsc2)c2ccc(Br)cc21,918.519
CC1(C)C(/C=C/C(I)=C/C=C2/N(Cc3ccccc3)c3ccc(I)cc3C2(C)C)=[N+](Cc2ccsc2)c2ccc(Br)cc21,872.472
CC1(C)C(/C=C/C(I)=C/C=C2/N(Cc3ccsc3)c3ccc(I)cc3C2(C)C)=[N+](Cc2ccsc2)c2ccc(Br)cc21,878.501
CCN1/C(=C/C=C(I)/C=C/C2=[N+](Cc3ccsc3)c3ccc(I)cc3C2(C)C)C(C)(C)c2cc(I)ccc21,857.401
CCCCN1/C(=C/C=C(I)/C=C/C2=[N+](Cc3ccsc3)c3ccc(I)cc3C2(C)C)C(C)(C)c2cc(I)ccc21,885.455
CC1(C)C(/C=C/C(I)=C/C=C2/N(CCCCN)c3ccc(I)cc3C2(C)C)=[N+](Cc2ccsc2)c2ccc(I)cc21,900.47
CC1(C)C(/C=C/C(I)=C/C=C2/N(CCCCO)c3ccc(I)cc3C2(C)C)=[N+](Cc2ccsc2)c2ccc(I)cc21,901.454
CC[N+](CC)(CC)CCCCN1/C(=C/C=C(I)/C=C/C2=[N+](Cc3ccsc3)c3ccc(I)cc3C2(C)C)C(C)(C)c2cc(I)ccc21,985.639999999999
CC1(C)C(/C=C/C(I)=C/C=C2/N(CCCCS(=O)(=O)O)c3ccc(I)cc3C2(C)C)=[N+](Cc2ccsc2)c2ccc(I)cc21,965.519
CC1(C)C(/C=C/C(I)=C/C=C2/N(Cc3ccccc3)c3ccc(I)cc3C2(C)C)=[N+](Cc2ccsc2)c2ccc(I)cc21,919.472
CC1(C)C(/C=C/C(I)=C/C=C2/N(Cc3ccsc3)c3ccc(I)cc3C2(C)C)=[N+](Cc2ccsc2)c2ccc(I)cc21,925.501
CCN1/C(=C/C=C(/C=C/C2=[N+](CC)c3ccccc3C2(C)C)c2c3ccccc3cc3ccccc23)C(C)(C)c2cc(I)ccc21,713.727
CCCCN1/C(=C/C=C(/C=C/C2=[N+](CC)c3ccccc3C2(C)C)c2c3ccccc3cc3ccccc23)C(C)(C)c2cc(I)ccc21,741.781
CC[N+]1=C(/C=C/C(=C/C=C2/N(CCCCN)c3ccc(I)cc3C2(C)C)c2c3ccccc3cc3ccccc23)C(C)(C)c2ccccc21,756.796
CC[N+]1=C(/C=C/C(=C/C=C2/N(CCCCO)c3ccc(I)cc3C2(C)C)c2c3ccccc3cc3ccccc23)C(C)(C)c2ccccc21,757.78
CC[N+]1=C(/C=C/C(=C/C=C2/N(CCCC[N+](CC)(CC)CC)c3ccc(I)cc3C2(C)C)c2c3ccccc3cc3ccccc23)C(C)(C)c2ccccc21,841.966
CC[N+]1=C(/C=C/C(=C/C=C2/N(CCCCS(=O)(=O)O)c3ccc(I)cc3C2(C)C)c2c3ccccc3cc3ccccc23)C(C)(C)c2ccccc21,821.845
CC[N+]1=C(/C=C/C(=C/C=C2/N(Cc3ccccc3)c3ccc(I)cc3C2(C)C)c2c3ccccc3cc3ccccc23)C(C)(C)c2ccccc21,775.798
CC[N+]1=C(/C=C/C(=C/C=C2/N(Cc3ccsc3)c3ccc(I)cc3C2(C)C)c2c3ccccc3cc3ccccc23)C(C)(C)c2ccccc21,781.827
CCN1/C(=C/C=C(/C=C/C2=[N+](CC)c3ccc(Br)cc3C2(C)C)c2c3ccccc3cc3ccccc23)C(C)(C)c2cc(I)ccc21,792.623
CCCCN1/C(=C/C=C(/C=C/C2=[N+](CC)c3ccc(Br)cc3C2(C)C)c2c3ccccc3cc3ccccc23)C(C)(C)c2cc(I)ccc21,820.677
CC[N+]1=C(/C=C/C(=C/C=C2/N(CCCCN)c3ccc(I)cc3C2(C)C)c2c3ccccc3cc3ccccc23)C(C)(C)c2cc(Br)ccc21,835.692
CC[N+]1=C(/C=C/C(=C/C=C2/N(CCCCO)c3ccc(I)cc3C2(C)C)c2c3ccccc3cc3ccccc23)C(C)(C)c2cc(Br)ccc21,836.676
CC[N+]1=C(/C=C/C(=C/C=C2/N(CCCC[N+](CC)(CC)CC)c3ccc(I)cc3C2(C)C)c2c3ccccc3cc3ccccc23)C(C)(C)c2cc(Br)ccc21,920.861999999999
CC[N+]1=C(/C=C/C(=C/C=C2/N(CCCCS(=O)(=O)O)c3ccc(I)cc3C2(C)C)c2c3ccccc3cc3ccccc23)C(C)(C)c2cc(Br)ccc21,900.741
CC[N+]1=C(/C=C/C(=C/C=C2/N(Cc3ccccc3)c3ccc(I)cc3C2(C)C)c2c3ccccc3cc3ccccc23)C(C)(C)c2cc(Br)ccc21,854.694
CC[N+]1=C(/C=C/C(=C/C=C2/N(Cc3ccsc3)c3ccc(I)cc3C2(C)C)c2c3ccccc3cc3ccccc23)C(C)(C)c2cc(Br)ccc21,860.723
CCN1/C(=C/C=C(/C=C/C2=[N+](CC)c3ccc(I)cc3C2(C)C)c2c3ccccc3cc3ccccc23)C(C)(C)c2cc(I)ccc21,839.623
CCCCN1/C(=C/C=C(/C=C/C2=[N+](CC)c3ccc(I)cc3C2(C)C)c2c3ccccc3cc3ccccc23)C(C)(C)c2cc(I)ccc21,867.677
CC[N+]1=C(/C=C/C(=C/C=C2/N(CCCCN)c3ccc(I)cc3C2(C)C)c2c3ccccc3cc3ccccc23)C(C)(C)c2cc(I)ccc21,882.692
CC[N+]1=C(/C=C/C(=C/C=C2/N(CCCCO)c3ccc(I)cc3C2(C)C)c2c3ccccc3cc3ccccc23)C(C)(C)c2cc(I)ccc21,883.676
CC[N+]1=C(/C=C/C(=C/C=C2/N(CCCC[N+](CC)(CC)CC)c3ccc(I)cc3C2(C)C)c2c3ccccc3cc3ccccc23)C(C)(C)c2cc(I)ccc21,967.861999999999
CC[N+]1=C(/C=C/C(=C/C=C2/N(CCCCS(=O)(=O)O)c3ccc(I)cc3C2(C)C)c2c3ccccc3cc3ccccc23)C(C)(C)c2cc(I)ccc21,947.741
CC[N+]1=C(/C=C/C(=C/C=C2/N(Cc3ccccc3)c3ccc(I)cc3C2(C)C)c2c3ccccc3cc3ccccc23)C(C)(C)c2cc(I)ccc21,901.694
CC[N+]1=C(/C=C/C(=C/C=C2/N(Cc3ccsc3)c3ccc(I)cc3C2(C)C)c2c3ccccc3cc3ccccc23)C(C)(C)c2cc(I)ccc21,907.723
CCCC[N+]1=C(/C=C/C(=C/C=C2/N(CC)c3ccc(I)cc3C2(C)C)c2c3ccccc3cc3ccccc23)C(C)(C)c2ccccc21,741.781
CCCCN1/C(=C/C=C(/C=C/C2=[N+](CCCC)c3ccccc3C2(C)C)c2c3ccccc3cc3ccccc23)C(C)(C)c2cc(I)ccc21,769.835
CCCC[N+]1=C(/C=C/C(=C/C=C2/N(CCCCN)c3ccc(I)cc3C2(C)C)c2c3ccccc3cc3ccccc23)C(C)(C)c2ccccc21,784.85
CCCC[N+]1=C(/C=C/C(=C/C=C2/N(CCCCO)c3ccc(I)cc3C2(C)C)c2c3ccccc3cc3ccccc23)C(C)(C)c2ccccc21,785.834
CCCC[N+]1=C(/C=C/C(=C/C=C2/N(CCCC[N+](CC)(CC)CC)c3ccc(I)cc3C2(C)C)c2c3ccccc3cc3ccccc23)C(C)(C)c2ccccc21,870.019999999999
CCCC[N+]1=C(/C=C/C(=C/C=C2/N(CCCCS(=O)(=O)O)c3ccc(I)cc3C2(C)C)c2c3ccccc3cc3ccccc23)C(C)(C)c2ccccc21,849.899
CCCC[N+]1=C(/C=C/C(=C/C=C2/N(Cc3ccccc3)c3ccc(I)cc3C2(C)C)c2c3ccccc3cc3ccccc23)C(C)(C)c2ccccc21,803.852
CCCC[N+]1=C(/C=C/C(=C/C=C2/N(Cc3ccsc3)c3ccc(I)cc3C2(C)C)c2c3ccccc3cc3ccccc23)C(C)(C)c2ccccc21,809.881
CCCC[N+]1=C(/C=C/C(=C/C=C2/N(CC)c3ccc(I)cc3C2(C)C)c2c3ccccc3cc3ccccc23)C(C)(C)c2cc(Br)ccc21,820.677
CCCCN1/C(=C/C=C(/C=C/C2=[N+](CCCC)c3ccc(Br)cc3C2(C)C)c2c3ccccc3cc3ccccc23)C(C)(C)c2cc(I)ccc21,848.731
CCCC[N+]1=C(/C=C/C(=C/C=C2/N(CCCCN)c3ccc(I)cc3C2(C)C)c2c3ccccc3cc3ccccc23)C(C)(C)c2cc(Br)ccc21,863.746
CCCC[N+]1=C(/C=C/C(=C/C=C2/N(CCCCO)c3ccc(I)cc3C2(C)C)c2c3ccccc3cc3ccccc23)C(C)(C)c2cc(Br)ccc21,864.73
CCCC[N+]1=C(/C=C/C(=C/C=C2/N(CCCC[N+](CC)(CC)CC)c3ccc(I)cc3C2(C)C)c2c3ccccc3cc3ccccc23)C(C)(C)c2cc(Br)ccc21,948.915999999999
CCCC[N+]1=C(/C=C/C(=C/C=C2/N(CCCCS(=O)(=O)O)c3ccc(I)cc3C2(C)C)c2c3ccccc3cc3ccccc23)C(C)(C)c2cc(Br)ccc21,928.795
CCCC[N+]1=C(/C=C/C(=C/C=C2/N(Cc3ccccc3)c3ccc(I)cc3C2(C)C)c2c3ccccc3cc3ccccc23)C(C)(C)c2cc(Br)ccc21,882.748
CCCC[N+]1=C(/C=C/C(=C/C=C2/N(Cc3ccsc3)c3ccc(I)cc3C2(C)C)c2c3ccccc3cc3ccccc23)C(C)(C)c2cc(Br)ccc21,888.777
CCCC[N+]1=C(/C=C/C(=C/C=C2/N(CC)c3ccc(I)cc3C2(C)C)c2c3ccccc3cc3ccccc23)C(C)(C)c2cc(I)ccc21,867.677
CCCCN1/C(=C/C=C(/C=C/C2=[N+](CCCC)c3ccc(I)cc3C2(C)C)c2c3ccccc3cc3ccccc23)C(C)(C)c2cc(I)ccc21,895.731
CCCC[N+]1=C(/C=C/C(=C/C=C2/N(CCCCN)c3ccc(I)cc3C2(C)C)c2c3ccccc3cc3ccccc23)C(C)(C)c2cc(I)ccc21,910.746
CCCC[N+]1=C(/C=C/C(=C/C=C2/N(CCCCO)c3ccc(I)cc3C2(C)C)c2c3ccccc3cc3ccccc23)C(C)(C)c2cc(I)ccc21,911.73
CCCC[N+]1=C(/C=C/C(=C/C=C2/N(CCCC[N+](CC)(CC)CC)c3ccc(I)cc3C2(C)C)c2c3ccccc3cc3ccccc23)C(C)(C)c2cc(I)ccc21,995.915999999999
CCCC[N+]1=C(/C=C/C(=C/C=C2/N(CCCCS(=O)(=O)O)c3ccc(I)cc3C2(C)C)c2c3ccccc3cc3ccccc23)C(C)(C)c2cc(I)ccc21,975.795
CCCC[N+]1=C(/C=C/C(=C/C=C2/N(Cc3ccccc3)c3ccc(I)cc3C2(C)C)c2c3ccccc3cc3ccccc23)C(C)(C)c2cc(I)ccc21,929.748
CCCC[N+]1=C(/C=C/C(=C/C=C2/N(Cc3ccsc3)c3ccc(I)cc3C2(C)C)c2c3ccccc3cc3ccccc23)C(C)(C)c2cc(I)ccc21,935.777
CCN1/C(=C/C=C(/C=C/C2=[N+](CCCCN)c3ccccc3C2(C)C)c2c3ccccc3cc3ccccc23)C(C)(C)c2cc(I)ccc21,756.796
CCCCN1/C(=C/C=C(/C=C/C2=[N+](CCCCN)c3ccccc3C2(C)C)c2c3ccccc3cc3ccccc23)C(C)(C)c2cc(I)ccc21,784.85
CC1(C)C(/C=C/C(=C/C=C2/N(CCCCN)c3ccc(I)cc3C2(C)C)c2c3ccccc3cc3ccccc23)=[N+](CCCCN)c2ccccc21,799.864999999999
CC1(C)C(/C=C/C(=C/C=C2/N(CCCCO)c3ccc(I)cc3C2(C)C)c2c3ccccc3cc3ccccc23)=[N+](CCCCN)c2ccccc21,800.849
CC[N+](CC)(CC)CCCCN1/C(=C/C=C(/C=C/C2=[N+](CCCCN)c3ccccc3C2(C)C)c2c3ccccc3cc3ccccc23)C(C)(C)c2cc(I)ccc21,885.034999999999
CC1(C)C(/C=C/C(=C/C=C2/N(CCCCS(=O)(=O)O)c3ccc(I)cc3C2(C)C)c2c3ccccc3cc3ccccc23)=[N+](CCCCN)c2ccccc21,864.914
CC1(C)C(/C=C/C(=C/C=C2/N(Cc3ccccc3)c3ccc(I)cc3C2(C)C)c2c3ccccc3cc3ccccc23)=[N+](CCCCN)c2ccccc21,818.867
CC1(C)C(/C=C/C(=C/C=C2/N(Cc3ccsc3)c3ccc(I)cc3C2(C)C)c2c3ccccc3cc3ccccc23)=[N+](CCCCN)c2ccccc21,824.896
CCN1/C(=C/C=C(/C=C/C2=[N+](CCCCN)c3ccc(Br)cc3C2(C)C)c2c3ccccc3cc3ccccc23)C(C)(C)c2cc(I)ccc21,835.692
CCCCN1/C(=C/C=C(/C=C/C2=[N+](CCCCN)c3ccc(Br)cc3C2(C)C)c2c3ccccc3cc3ccccc23)C(C)(C)c2cc(I)ccc21,863.746
CC1(C)C(/C=C/C(=C/C=C2/N(CCCCN)c3ccc(I)cc3C2(C)C)c2c3ccccc3cc3ccccc23)=[N+](CCCCN)c2ccc(Br)cc21,878.760999999999
CC1(C)C(/C=C/C(=C/C=C2/N(CCCCO)c3ccc(I)cc3C2(C)C)c2c3ccccc3cc3ccccc23)=[N+](CCCCN)c2ccc(Br)cc21,879.745
CC[N+](CC)(CC)CCCCN1/C(=C/C=C(/C=C/C2=[N+](CCCCN)c3ccc(Br)cc3C2(C)C)c2c3ccccc3cc3ccccc23)C(C)(C)c2cc(I)ccc21,963.930999999999
CC1(C)C(/C=C/C(=C/C=C2/N(CCCCS(=O)(=O)O)c3ccc(I)cc3C2(C)C)c2c3ccccc3cc3ccccc23)=[N+](CCCCN)c2ccc(Br)cc21,943.81
CC1(C)C(/C=C/C(=C/C=C2/N(Cc3ccccc3)c3ccc(I)cc3C2(C)C)c2c3ccccc3cc3ccccc23)=[N+](CCCCN)c2ccc(Br)cc21,897.763
CC1(C)C(/C=C/C(=C/C=C2/N(Cc3ccsc3)c3ccc(I)cc3C2(C)C)c2c3ccccc3cc3ccccc23)=[N+](CCCCN)c2ccc(Br)cc21,903.792
CCN1/C(=C/C=C(/C=C/C2=[N+](CCCCN)c3ccc(I)cc3C2(C)C)c2c3ccccc3cc3ccccc23)C(C)(C)c2cc(I)ccc21,882.692
CCCCN1/C(=C/C=C(/C=C/C2=[N+](CCCCN)c3ccc(I)cc3C2(C)C)c2c3ccccc3cc3ccccc23)C(C)(C)c2cc(I)ccc21,910.746
CC1(C)C(/C=C/C(=C/C=C2/N(CCCCN)c3ccc(I)cc3C2(C)C)c2c3ccccc3cc3ccccc23)=[N+](CCCCN)c2ccc(I)cc21,925.760999999999
CC1(C)C(/C=C/C(=C/C=C2/N(CCCCO)c3ccc(I)cc3C2(C)C)c2c3ccccc3cc3ccccc23)=[N+](CCCCN)c2ccc(I)cc21,926.745
CC[N+](CC)(CC)CCCCN1/C(=C/C=C(/C=C/C2=[N+](CCCCN)c3ccc(I)cc3C2(C)C)c2c3ccccc3cc3ccccc23)C(C)(C)c2cc(I)ccc21,1010.931
CC1(C)C(/C=C/C(=C/C=C2/N(CCCCS(=O)(=O)O)c3ccc(I)cc3C2(C)C)c2c3ccccc3cc3ccccc23)=[N+](CCCCN)c2ccc(I)cc21,990.81
CC1(C)C(/C=C/C(=C/C=C2/N(Cc3ccccc3)c3ccc(I)cc3C2(C)C)c2c3ccccc3cc3ccccc23)=[N+](CCCCN)c2ccc(I)cc21,944.763
CC1(C)C(/C=C/C(=C/C=C2/N(Cc3ccsc3)c3ccc(I)cc3C2(C)C)c2c3ccccc3cc3ccccc23)=[N+](CCCCN)c2ccc(I)cc21,950.792
CCN1/C(=C/C=C(/C=C/C2=[N+](CCCCO)c3ccccc3C2(C)C)c2c3ccccc3cc3ccccc23)C(C)(C)c2cc(I)ccc21,757.78
CCCCN1/C(=C/C=C(/C=C/C2=[N+](CCCCO)c3ccccc3C2(C)C)c2c3ccccc3cc3ccccc23)C(C)(C)c2cc(I)ccc21,785.834
CC1(C)C(/C=C/C(=C/C=C2/N(CCCCN)c3ccc(I)cc3C2(C)C)c2c3ccccc3cc3ccccc23)=[N+](CCCCO)c2ccccc21,800.849
CC1(C)C(/C=C/C(=C/C=C2/N(CCCCO)c3ccc(I)cc3C2(C)C)c2c3ccccc3cc3ccccc23)=[N+](CCCCO)c2ccccc21,801.833
CC[N+](CC)(CC)CCCCN1/C(=C/C=C(/C=C/C2=[N+](CCCCO)c3ccccc3C2(C)C)c2c3ccccc3cc3ccccc23)C(C)(C)c2cc(I)ccc21,886.018999999999
CC1(C)C(/C=C/C(=C/C=C2/N(CCCCS(=O)(=O)O)c3ccc(I)cc3C2(C)C)c2c3ccccc3cc3ccccc23)=[N+](CCCCO)c2ccccc21,865.898
CC1(C)C(/C=C/C(=C/C=C2/N(Cc3ccccc3)c3ccc(I)cc3C2(C)C)c2c3ccccc3cc3ccccc23)=[N+](CCCCO)c2ccccc21,819.851
CC1(C)C(/C=C/C(=C/C=C2/N(Cc3ccsc3)c3ccc(I)cc3C2(C)C)c2c3ccccc3cc3ccccc23)=[N+](CCCCO)c2ccccc21,825.88
CCN1/C(=C/C=C(/C=C/C2=[N+](CCCCO)c3ccc(Br)cc3C2(C)C)c2c3ccccc3cc3ccccc23)C(C)(C)c2cc(I)ccc21,836.676
CCCCN1/C(=C/C=C(/C=C/C2=[N+](CCCCO)c3ccc(Br)cc3C2(C)C)c2c3ccccc3cc3ccccc23)C(C)(C)c2cc(I)ccc21,864.73
CC1(C)C(/C=C/C(=C/C=C2/N(CCCCN)c3ccc(I)cc3C2(C)C)c2c3ccccc3cc3ccccc23)=[N+](CCCCO)c2ccc(Br)cc21,879.745
CC1(C)C(/C=C/C(=C/C=C2/N(CCCCO)c3ccc(I)cc3C2(C)C)c2c3ccccc3cc3ccccc23)=[N+](CCCCO)c2ccc(Br)cc21,880.729
CC[N+](CC)(CC)CCCCN1/C(=C/C=C(/C=C/C2=[N+](CCCCO)c3ccc(Br)cc3C2(C)C)c2c3ccccc3cc3ccccc23)C(C)(C)c2cc(I)ccc21,964.914999999999
CC1(C)C(/C=C/C(=C/C=C2/N(CCCCS(=O)(=O)O)c3ccc(I)cc3C2(C)C)c2c3ccccc3cc3ccccc23)=[N+](CCCCO)c2ccc(Br)cc21,944.794
CC1(C)C(/C=C/C(=C/C=C2/N(Cc3ccccc3)c3ccc(I)cc3C2(C)C)c2c3ccccc3cc3ccccc23)=[N+](CCCCO)c2ccc(Br)cc21,898.747
CC1(C)C(/C=C/C(=C/C=C2/N(Cc3ccsc3)c3ccc(I)cc3C2(C)C)c2c3ccccc3cc3ccccc23)=[N+](CCCCO)c2ccc(Br)cc21,904.776
CCN1/C(=C/C=C(/C=C/C2=[N+](CCCCO)c3ccc(I)cc3C2(C)C)c2c3ccccc3cc3ccccc23)C(C)(C)c2cc(I)ccc21,883.676
CCCCN1/C(=C/C=C(/C=C/C2=[N+](CCCCO)c3ccc(I)cc3C2(C)C)c2c3ccccc3cc3ccccc23)C(C)(C)c2cc(I)ccc21,911.73
CC1(C)C(/C=C/C(=C/C=C2/N(CCCCN)c3ccc(I)cc3C2(C)C)c2c3ccccc3cc3ccccc23)=[N+](CCCCO)c2ccc(I)cc21,926.745
CC1(C)C(/C=C/C(=C/C=C2/N(CCCCO)c3ccc(I)cc3C2(C)C)c2c3ccccc3cc3ccccc23)=[N+](CCCCO)c2ccc(I)cc21,927.729
CC[N+](CC)(CC)CCCCN1/C(=C/C=C(/C=C/C2=[N+](CCCCO)c3ccc(I)cc3C2(C)C)c2c3ccccc3cc3ccccc23)C(C)(C)c2cc(I)ccc21,1011.915
CC1(C)C(/C=C/C(=C/C=C2/N(CCCCS(=O)(=O)O)c3ccc(I)cc3C2(C)C)c2c3ccccc3cc3ccccc23)=[N+](CCCCO)c2ccc(I)cc21,991.794
CC1(C)C(/C=C/C(=C/C=C2/N(Cc3ccccc3)c3ccc(I)cc3C2(C)C)c2c3ccccc3cc3ccccc23)=[N+](CCCCO)c2ccc(I)cc21,945.747
CC1(C)C(/C=C/C(=C/C=C2/N(Cc3ccsc3)c3ccc(I)cc3C2(C)C)c2c3ccccc3cc3ccccc23)=[N+](CCCCO)c2ccc(I)cc21,951.776
CCN1/C(=C/C=C(/C=C/C2=[N+](CCCC[N+](CC)(CC)CC)c3ccccc3C2(C)C)c2c3ccccc3cc3ccccc23)C(C)(C)c2cc(I)ccc21,841.966
CCCCN1/C(=C/C=C(/C=C/C2=[N+](CCCC[N+](CC)(CC)CC)c3ccccc3C2(C)C)c2c3ccccc3cc3ccccc23)C(C)(C)c2cc(I)ccc21,870.019999999999
CC[N+](CC)(CC)CCCC[N+]1=C(/C=C/C(=C/C=C2/N(CCCCN)c3ccc(I)cc3C2(C)C)c2c3ccccc3cc3ccccc23)C(C)(C)c2ccccc21,885.034999999999
CC[N+](CC)(CC)CCCC[N+]1=C(/C=C/C(=C/C=C2/N(CCCCO)c3ccc(I)cc3C2(C)C)c2c3ccccc3cc3ccccc23)C(C)(C)c2ccccc21,886.018999999999
CC[N+](CC)(CC)CCCCN1/C(=C/C=C(/C=C/C2=[N+](CCCC[N+](CC)(CC)CC)c3ccccc3C2(C)C)c2c3ccccc3cc3ccccc23)C(C)(C)c2cc(I)ccc21,970.204999999999
CC[N+](CC)(CC)CCCC[N+]1=C(/C=C/C(=C/C=C2/N(CCCCS(=O)(=O)O)c3ccc(I)cc3C2(C)C)c2c3ccccc3cc3ccccc23)C(C)(C)c2ccccc21,950.083999999999
CC[N+](CC)(CC)CCCC[N+]1=C(/C=C/C(=C/C=C2/N(Cc3ccccc3)c3ccc(I)cc3C2(C)C)c2c3ccccc3cc3ccccc23)C(C)(C)c2ccccc21,904.037
CC[N+](CC)(CC)CCCC[N+]1=C(/C=C/C(=C/C=C2/N(Cc3ccsc3)c3ccc(I)cc3C2(C)C)c2c3ccccc3cc3ccccc23)C(C)(C)c2ccccc21,910.066
CCN1/C(=C/C=C(/C=C/C2=[N+](CCCC[N+](CC)(CC)CC)c3ccc(Br)cc3C2(C)C)c2c3ccccc3cc3ccccc23)C(C)(C)c2cc(I)ccc21,920.861999999999
CCCCN1/C(=C/C=C(/C=C/C2=[N+](CCCC[N+](CC)(CC)CC)c3ccc(Br)cc3C2(C)C)c2c3ccccc3cc3ccccc23)C(C)(C)c2cc(I)ccc21,948.915999999999
CC[N+](CC)(CC)CCCC[N+]1=C(/C=C/C(=C/C=C2/N(CCCCN)c3ccc(I)cc3C2(C)C)c2c3ccccc3cc3ccccc23)C(C)(C)c2cc(Br)ccc21,963.930999999999
CC[N+](CC)(CC)CCCC[N+]1=C(/C=C/C(=C/C=C2/N(CCCCO)c3ccc(I)cc3C2(C)C)c2c3ccccc3cc3ccccc23)C(C)(C)c2cc(Br)ccc21,964.914999999999
CC[N+](CC)(CC)CCCCN1/C(=C/C=C(/C=C/C2=[N+](CCCC[N+](CC)(CC)CC)c3ccc(Br)cc3C2(C)C)c2c3ccccc3cc3ccccc23)C(C)(C)c2cc(I)ccc21,1049.101
CC[N+](CC)(CC)CCCC[N+]1=C(/C=C/C(=C/C=C2/N(CCCCS(=O)(=O)O)c3ccc(I)cc3C2(C)C)c2c3ccccc3cc3ccccc23)C(C)(C)c2cc(Br)ccc21,1028.98
CC[N+](CC)(CC)CCCC[N+]1=C(/C=C/C(=C/C=C2/N(Cc3ccccc3)c3ccc(I)cc3C2(C)C)c2c3ccccc3cc3ccccc23)C(C)(C)c2cc(Br)ccc21,982.932999999999
CC[N+](CC)(CC)CCCC[N+]1=C(/C=C/C(=C/C=C2/N(Cc3ccsc3)c3ccc(I)cc3C2(C)C)c2c3ccccc3cc3ccccc23)C(C)(C)c2cc(Br)ccc21,988.961999999999
CCN1/C(=C/C=C(/C=C/C2=[N+](CCCC[N+](CC)(CC)CC)c3ccc(I)cc3C2(C)C)c2c3ccccc3cc3ccccc23)C(C)(C)c2cc(I)ccc21,967.861999999999
CCCCN1/C(=C/C=C(/C=C/C2=[N+](CCCC[N+](CC)(CC)CC)c3ccc(I)cc3C2(C)C)c2c3ccccc3cc3ccccc23)C(C)(C)c2cc(I)ccc21,995.915999999999
CC[N+](CC)(CC)CCCC[N+]1=C(/C=C/C(=C/C=C2/N(CCCCN)c3ccc(I)cc3C2(C)C)c2c3ccccc3cc3ccccc23)C(C)(C)c2cc(I)ccc21,1010.931
CC[N+](CC)(CC)CCCC[N+]1=C(/C=C/C(=C/C=C2/N(CCCCO)c3ccc(I)cc3C2(C)C)c2c3ccccc3cc3ccccc23)C(C)(C)c2cc(I)ccc21,1011.915
CC[N+](CC)(CC)CCCCN1/C(=C/C=C(/C=C/C2=[N+](CCCC[N+](CC)(CC)CC)c3ccc(I)cc3C2(C)C)c2c3ccccc3cc3ccccc23)C(C)(C)c2cc(I)ccc21,1096.101
CC[N+](CC)(CC)CCCC[N+]1=C(/C=C/C(=C/C=C2/N(CCCCS(=O)(=O)O)c3ccc(I)cc3C2(C)C)c2c3ccccc3cc3ccccc23)C(C)(C)c2cc(I)ccc21,1075.98
CC[N+](CC)(CC)CCCC[N+]1=C(/C=C/C(=C/C=C2/N(Cc3ccccc3)c3ccc(I)cc3C2(C)C)c2c3ccccc3cc3ccccc23)C(C)(C)c2cc(I)ccc21,1029.933
CC[N+](CC)(CC)CCCC[N+]1=C(/C=C/C(=C/C=C2/N(Cc3ccsc3)c3ccc(I)cc3C2(C)C)c2c3ccccc3cc3ccccc23)C(C)(C)c2cc(I)ccc21,1035.962
CCN1/C(=C/C=C(/C=C/C2=[N+](CCCCS(=O)(=O)O)c3ccccc3C2(C)C)c2c3ccccc3cc3ccccc23)C(C)(C)c2cc(I)ccc21,821.845
CCCCN1/C(=C/C=C(/C=C/C2=[N+](CCCCS(=O)(=O)O)c3ccccc3C2(C)C)c2c3ccccc3cc3ccccc23)C(C)(C)c2cc(I)ccc21,849.899
CC1(C)C(/C=C/C(=C/C=C2/N(CCCCN)c3ccc(I)cc3C2(C)C)c2c3ccccc3cc3ccccc23)=[N+](CCCCS(=O)(=O)O)c2ccccc21,864.914
CC1(C)C(/C=C/C(=C/C=C2/N(CCCCO)c3ccc(I)cc3C2(C)C)c2c3ccccc3cc3ccccc23)=[N+](CCCCS(=O)(=O)O)c2ccccc21,865.898
CC[N+](CC)(CC)CCCCN1/C(=C/C=C(/C=C/C2=[N+](CCCCS(=O)(=O)O)c3ccccc3C2(C)C)c2c3ccccc3cc3ccccc23)C(C)(C)c2cc(I)ccc21,950.083999999999
CC1(C)C(/C=C/C(=C/C=C2/N(CCCCS(=O)(=O)O)c3ccc(I)cc3C2(C)C)c2c3ccccc3cc3ccccc23)=[N+](CCCCS(=O)(=O)O)c2ccccc21,929.963
CC1(C)C(/C=C/C(=C/C=C2/N(Cc3ccccc3)c3ccc(I)cc3C2(C)C)c2c3ccccc3cc3ccccc23)=[N+](CCCCS(=O)(=O)O)c2ccccc21,883.916
CC1(C)C(/C=C/C(=C/C=C2/N(Cc3ccsc3)c3ccc(I)cc3C2(C)C)c2c3ccccc3cc3ccccc23)=[N+](CCCCS(=O)(=O)O)c2ccccc21,889.945
CCN1/C(=C/C=C(/C=C/C2=[N+](CCCCS(=O)(=O)O)c3ccc(Br)cc3C2(C)C)c2c3ccccc3cc3ccccc23)C(C)(C)c2cc(I)ccc21,900.741
CCCCN1/C(=C/C=C(/C=C/C2=[N+](CCCCS(=O)(=O)O)c3ccc(Br)cc3C2(C)C)c2c3ccccc3cc3ccccc23)C(C)(C)c2cc(I)ccc21,928.795
CC1(C)C(/C=C/C(=C/C=C2/N(CCCCN)c3ccc(I)cc3C2(C)C)c2c3ccccc3cc3ccccc23)=[N+](CCCCS(=O)(=O)O)c2ccc(Br)cc21,943.81
CC1(C)C(/C=C/C(=C/C=C2/N(CCCCO)c3ccc(I)cc3C2(C)C)c2c3ccccc3cc3ccccc23)=[N+](CCCCS(=O)(=O)O)c2ccc(Br)cc21,944.794
CC[N+](CC)(CC)CCCCN1/C(=C/C=C(/C=C/C2=[N+](CCCCS(=O)(=O)O)c3ccc(Br)cc3C2(C)C)c2c3ccccc3cc3ccccc23)C(C)(C)c2cc(I)ccc21,1028.98
CC1(C)C(/C=C/C(=C/C=C2/N(CCCCS(=O)(=O)O)c3ccc(I)cc3C2(C)C)c2c3ccccc3cc3ccccc23)=[N+](CCCCS(=O)(=O)O)c2ccc(Br)cc21,1008.859
CC1(C)C(/C=C/C(=C/C=C2/N(Cc3ccccc3)c3ccc(I)cc3C2(C)C)c2c3ccccc3cc3ccccc23)=[N+](CCCCS(=O)(=O)O)c2ccc(Br)cc21,962.812
CC1(C)C(/C=C/C(=C/C=C2/N(Cc3ccsc3)c3ccc(I)cc3C2(C)C)c2c3ccccc3cc3ccccc23)=[N+](CCCCS(=O)(=O)O)c2ccc(Br)cc21,968.841
CCN1/C(=C/C=C(/C=C/C2=[N+](CCCCS(=O)(=O)O)c3ccc(I)cc3C2(C)C)c2c3ccccc3cc3ccccc23)C(C)(C)c2cc(I)ccc21,947.741
CCCCN1/C(=C/C=C(/C=C/C2=[N+](CCCCS(=O)(=O)O)c3ccc(I)cc3C2(C)C)c2c3ccccc3cc3ccccc23)C(C)(C)c2cc(I)ccc21,975.795
CC1(C)C(/C=C/C(=C/C=C2/N(CCCCN)c3ccc(I)cc3C2(C)C)c2c3ccccc3cc3ccccc23)=[N+](CCCCS(=O)(=O)O)c2ccc(I)cc21,990.81
CC1(C)C(/C=C/C(=C/C=C2/N(CCCCO)c3ccc(I)cc3C2(C)C)c2c3ccccc3cc3ccccc23)=[N+](CCCCS(=O)(=O)O)c2ccc(I)cc21,991.794
CC[N+](CC)(CC)CCCCN1/C(=C/C=C(/C=C/C2=[N+](CCCCS(=O)(=O)O)c3ccc(I)cc3C2(C)C)c2c3ccccc3cc3ccccc23)C(C)(C)c2cc(I)ccc21,1075.98
CC1(C)C(/C=C/C(=C/C=C2/N(CCCCS(=O)(=O)O)c3ccc(I)cc3C2(C)C)c2c3ccccc3cc3ccccc23)=[N+](CCCCS(=O)(=O)O)c2ccc(I)cc21,1055.859
CC1(C)C(/C=C/C(=C/C=C2/N(Cc3ccccc3)c3ccc(I)cc3C2(C)C)c2c3ccccc3cc3ccccc23)=[N+](CCCCS(=O)(=O)O)c2ccc(I)cc21,1009.812
CC1(C)C(/C=C/C(=C/C=C2/N(Cc3ccsc3)c3ccc(I)cc3C2(C)C)c2c3ccccc3cc3ccccc23)=[N+](CCCCS(=O)(=O)O)c2ccc(I)cc21,1015.841
CCN1/C(=C/C=C(/C=C/C2=[N+](Cc3ccccc3)c3ccccc3C2(C)C)c2c3ccccc3cc3ccccc23)C(C)(C)c2cc(I)ccc21,775.798
CCCCN1/C(=C/C=C(/C=C/C2=[N+](Cc3ccccc3)c3ccccc3C2(C)C)c2c3ccccc3cc3ccccc23)C(C)(C)c2cc(I)ccc21,803.852
CC1(C)C(/C=C/C(=C/C=C2/N(CCCCN)c3ccc(I)cc3C2(C)C)c2c3ccccc3cc3ccccc23)=[N+](Cc2ccccc2)c2ccccc21,818.867
CC1(C)C(/C=C/C(=C/C=C2/N(CCCCO)c3ccc(I)cc3C2(C)C)c2c3ccccc3cc3ccccc23)=[N+](Cc2ccccc2)c2ccccc21,819.851
CC[N+](CC)(CC)CCCCN1/C(=C/C=C(/C=C/C2=[N+](Cc3ccccc3)c3ccccc3C2(C)C)c2c3ccccc3cc3ccccc23)C(C)(C)c2cc(I)ccc21,904.037
CC1(C)C(/C=C/C(=C/C=C2/N(CCCCS(=O)(=O)O)c3ccc(I)cc3C2(C)C)c2c3ccccc3cc3ccccc23)=[N+](Cc2ccccc2)c2ccccc21,883.916
CC1(C)C(/C=C/C(=C/C=C2/N(Cc3ccccc3)c3ccc(I)cc3C2(C)C)c2c3ccccc3cc3ccccc23)=[N+](Cc2ccccc2)c2ccccc21,837.869
CC1(C)C(/C=C/C(=C/C=C2/N(Cc3ccsc3)c3ccc(I)cc3C2(C)C)c2c3ccccc3cc3ccccc23)=[N+](Cc2ccccc2)c2ccccc21,843.898
CCN1/C(=C/C=C(/C=C/C2=[N+](Cc3ccccc3)c3ccc(Br)cc3C2(C)C)c2c3ccccc3cc3ccccc23)C(C)(C)c2cc(I)ccc21,854.694
CCCCN1/C(=C/C=C(/C=C/C2=[N+](Cc3ccccc3)c3ccc(Br)cc3C2(C)C)c2c3ccccc3cc3ccccc23)C(C)(C)c2cc(I)ccc21,882.748
CC1(C)C(/C=C/C(=C/C=C2/N(CCCCN)c3ccc(I)cc3C2(C)C)c2c3ccccc3cc3ccccc23)=[N+](Cc2ccccc2)c2ccc(Br)cc21,897.763
CC1(C)C(/C=C/C(=C/C=C2/N(CCCCO)c3ccc(I)cc3C2(C)C)c2c3ccccc3cc3ccccc23)=[N+](Cc2ccccc2)c2ccc(Br)cc21,898.747
CC[N+](CC)(CC)CCCCN1/C(=C/C=C(/C=C/C2=[N+](Cc3ccccc3)c3ccc(Br)cc3C2(C)C)c2c3ccccc3cc3ccccc23)C(C)(C)c2cc(I)ccc21,982.932999999999
CC1(C)C(/C=C/C(=C/C=C2/N(CCCCS(=O)(=O)O)c3ccc(I)cc3C2(C)C)c2c3ccccc3cc3ccccc23)=[N+](Cc2ccccc2)c2ccc(Br)cc21,962.812
CC1(C)C(/C=C/C(=C/C=C2/N(Cc3ccccc3)c3ccc(I)cc3C2(C)C)c2c3ccccc3cc3ccccc23)=[N+](Cc2ccccc2)c2ccc(Br)cc21,916.765
CC1(C)C(/C=C/C(=C/C=C2/N(Cc3ccsc3)c3ccc(I)cc3C2(C)C)c2c3ccccc3cc3ccccc23)=[N+](Cc2ccccc2)c2ccc(Br)cc21,922.794
CCN1/C(=C/C=C(/C=C/C2=[N+](Cc3ccccc3)c3ccc(I)cc3C2(C)C)c2c3ccccc3cc3ccccc23)C(C)(C)c2cc(I)ccc21,901.694
CCCCN1/C(=C/C=C(/C=C/C2=[N+](Cc3ccccc3)c3ccc(I)cc3C2(C)C)c2c3ccccc3cc3ccccc23)C(C)(C)c2cc(I)ccc21,929.748
CC1(C)C(/C=C/C(=C/C=C2/N(CCCCN)c3ccc(I)cc3C2(C)C)c2c3ccccc3cc3ccccc23)=[N+](Cc2ccccc2)c2ccc(I)cc21,944.763
CC1(C)C(/C=C/C(=C/C=C2/N(CCCCO)c3ccc(I)cc3C2(C)C)c2c3ccccc3cc3ccccc23)=[N+](Cc2ccccc2)c2ccc(I)cc21,945.747
CC[N+](CC)(CC)CCCCN1/C(=C/C=C(/C=C/C2=[N+](Cc3ccccc3)c3ccc(I)cc3C2(C)C)c2c3ccccc3cc3ccccc23)C(C)(C)c2cc(I)ccc21,1029.933
CC1(C)C(/C=C/C(=C/C=C2/N(CCCCS(=O)(=O)O)c3ccc(I)cc3C2(C)C)c2c3ccccc3cc3ccccc23)=[N+](Cc2ccccc2)c2ccc(I)cc21,1009.812
CC1(C)C(/C=C/C(=C/C=C2/N(Cc3ccccc3)c3ccc(I)cc3C2(C)C)c2c3ccccc3cc3ccccc23)=[N+](Cc2ccccc2)c2ccc(I)cc21,963.765
CC1(C)C(/C=C/C(=C/C=C2/N(Cc3ccsc3)c3ccc(I)cc3C2(C)C)c2c3ccccc3cc3ccccc23)=[N+](Cc2ccccc2)c2ccc(I)cc21,969.794
CCN1/C(=C/C=C(/C=C/C2=[N+](Cc3ccsc3)c3ccccc3C2(C)C)c2c3ccccc3cc3ccccc23)C(C)(C)c2cc(I)ccc21,781.827
CCCCN1/C(=C/C=C(/C=C/C2=[N+](Cc3ccsc3)c3ccccc3C2(C)C)c2c3ccccc3cc3ccccc23)C(C)(C)c2cc(I)ccc21,809.881
CC1(C)C(/C=C/C(=C/C=C2/N(CCCCN)c3ccc(I)cc3C2(C)C)c2c3ccccc3cc3ccccc23)=[N+](Cc2ccsc2)c2ccccc21,824.896
CC1(C)C(/C=C/C(=C/C=C2/N(CCCCO)c3ccc(I)cc3C2(C)C)c2c3ccccc3cc3ccccc23)=[N+](Cc2ccsc2)c2ccccc21,825.88
CC[N+](CC)(CC)CCCCN1/C(=C/C=C(/C=C/C2=[N+](Cc3ccsc3)c3ccccc3C2(C)C)c2c3ccccc3cc3ccccc23)C(C)(C)c2cc(I)ccc21,910.066
CC1(C)C(/C=C/C(=C/C=C2/N(CCCCS(=O)(=O)O)c3ccc(I)cc3C2(C)C)c2c3ccccc3cc3ccccc23)=[N+](Cc2ccsc2)c2ccccc21,889.945
CC1(C)C(/C=C/C(=C/C=C2/N(Cc3ccccc3)c3ccc(I)cc3C2(C)C)c2c3ccccc3cc3ccccc23)=[N+](Cc2ccsc2)c2ccccc21,843.898
CC1(C)C(/C=C/C(=C/C=C2/N(Cc3ccsc3)c3ccc(I)cc3C2(C)C)c2c3ccccc3cc3ccccc23)=[N+](Cc2ccsc2)c2ccccc21,849.927
CCN1/C(=C/C=C(/C=C/C2=[N+](Cc3ccsc3)c3ccc(Br)cc3C2(C)C)c2c3ccccc3cc3ccccc23)C(C)(C)c2cc(I)ccc21,860.723
CCCCN1/C(=C/C=C(/C=C/C2=[N+](Cc3ccsc3)c3ccc(Br)cc3C2(C)C)c2c3ccccc3cc3ccccc23)C(C)(C)c2cc(I)ccc21,888.777
CC1(C)C(/C=C/C(=C/C=C2/N(CCCCN)c3ccc(I)cc3C2(C)C)c2c3ccccc3cc3ccccc23)=[N+](Cc2ccsc2)c2ccc(Br)cc21,903.792
CC1(C)C(/C=C/C(=C/C=C2/N(CCCCO)c3ccc(I)cc3C2(C)C)c2c3ccccc3cc3ccccc23)=[N+](Cc2ccsc2)c2ccc(Br)cc21,904.776
CC[N+](CC)(CC)CCCCN1/C(=C/C=C(/C=C/C2=[N+](Cc3ccsc3)c3ccc(Br)cc3C2(C)C)c2c3ccccc3cc3ccccc23)C(C)(C)c2cc(I)ccc21,988.961999999999
CC1(C)C(/C=C/C(=C/C=C2/N(CCCCS(=O)(=O)O)c3ccc(I)cc3C2(C)C)c2c3ccccc3cc3ccccc23)=[N+](Cc2ccsc2)c2ccc(Br)cc21,968.841
CC1(C)C(/C=C/C(=C/C=C2/N(Cc3ccccc3)c3ccc(I)cc3C2(C)C)c2c3ccccc3cc3ccccc23)=[N+](Cc2ccsc2)c2ccc(Br)cc21,922.794
CC1(C)C(/C=C/C(=C/C=C2/N(Cc3ccsc3)c3ccc(I)cc3C2(C)C)c2c3ccccc3cc3ccccc23)=[N+](Cc2ccsc2)c2ccc(Br)cc21,928.823
CCN1/C(=C/C=C(/C=C/C2=[N+](Cc3ccsc3)c3ccc(I)cc3C2(C)C)c2c3ccccc3cc3ccccc23)C(C)(C)c2cc(I)ccc21,907.723
CCCCN1/C(=C/C=C(/C=C/C2=[N+](Cc3ccsc3)c3ccc(I)cc3C2(C)C)c2c3ccccc3cc3ccccc23)C(C)(C)c2cc(I)ccc21,935.777
CC1(C)C(/C=C/C(=C/C=C2/N(CCCCN)c3ccc(I)cc3C2(C)C)c2c3ccccc3cc3ccccc23)=[N+](Cc2ccsc2)c2ccc(I)cc21,950.792
CC1(C)C(/C=C/C(=C/C=C2/N(CCCCO)c3ccc(I)cc3C2(C)C)c2c3ccccc3cc3ccccc23)=[N+](Cc2ccsc2)c2ccc(I)cc21,951.776
CC[N+](CC)(CC)CCCCN1/C(=C/C=C(/C=C/C2=[N+](Cc3ccsc3)c3ccc(I)cc3C2(C)C)c2c3ccccc3cc3ccccc23)C(C)(C)c2cc(I)ccc21,1035.962
CC1(C)C(/C=C/C(=C/C=C2/N(CCCCS(=O)(=O)O)c3ccc(I)cc3C2(C)C)c2c3ccccc3cc3ccccc23)=[N+](Cc2ccsc2)c2ccc(I)cc21,1015.841
CC1(C)C(/C=C/C(=C/C=C2/N(Cc3ccccc3)c3ccc(I)cc3C2(C)C)c2c3ccccc3cc3ccccc23)=[N+](Cc2ccsc2)c2ccc(I)cc21,969.794
CC1(C)C(/C=C/C(=C/C=C2/N(Cc3ccsc3)c3ccc(I)cc3C2(C)C)c2c3ccccc3cc3ccccc23)=[N+](Cc2ccsc2)c2ccc(I)cc21,975.823
CCN1/C(=C\C2=C([O-])/C(=C\c3[se]c4ccccc4[n+]3CC)C2=O)C(C)(C)c2ccccc21,489.477
CCN1/C(=C\C2=C([O-])/C(=C\c3[se]c4ccccc4[n+]3CC)C2=O)C(C)(C)c2cc(Br)ccc21,568.373
CCN1/C(=C\C2=C([O-])/C(=C\c3[se]c4ccccc4[n+]3CC)C2=O)C(C)(C)c2cc(I)ccc21,615.373
CCCCN1/C(=C\C2=C([O-])/C(=C\c3[se]c4ccccc4[n+]3CC)C2=O)C(C)(C)c2ccccc21,517.531
CCCCN1/C(=C\C2=C([O-])/C(=C\c3[se]c4ccccc4[n+]3CC)C2=O)C(C)(C)c2cc(Br)ccc21,596.427
CCCCN1/C(=C\C2=C([O-])/C(=C\c3[se]c4ccccc4[n+]3CC)C2=O)C(C)(C)c2cc(I)ccc21,643.427
CC[n+]1c(/C=C2/C(=O)C(/C=C3\N(CCCCN)c4ccccc4C3(C)C)=C2[O-])[se]c2ccccc21,532.546
CC[n+]1c(/C=C2/C(=O)C(/C=C3\N(CCCCN)c4ccc(Br)cc4C3(C)C)=C2[O-])[se]c2ccccc21,611.442
CC[n+]1c(/C=C2/C(=O)C(/C=C3\N(CCCCN)c4ccc(I)cc4C3(C)C)=C2[O-])[se]c2ccccc21,658.442
CC[n+]1c(/C=C2/C(=O)C(/C=C3\N(CCCCO)c4ccccc4C3(C)C)=C2[O-])[se]c2ccccc21,533.53
CC[n+]1c(/C=C2/C(=O)C(/C=C3\N(CCCCO)c4ccc(Br)cc4C3(C)C)=C2[O-])[se]c2ccccc21,612.426
CC[n+]1c(/C=C2/C(=O)C(/C=C3\N(CCCCO)c4ccc(I)cc4C3(C)C)=C2[O-])[se]c2ccccc21,659.426
CC[n+]1c(/C=C2/C(=O)C(/C=C3\N(CCCC[N+](CC)(CC)CC)c4ccccc4C3(C)C)=C2[O-])[se]c2ccccc21,617.716
CC[n+]1c(/C=C2/C(=O)C(/C=C3\N(CCCC[N+](CC)(CC)CC)c4ccc(Br)cc4C3(C)C)=C2[O-])[se]c2ccccc21,696.612
CC[n+]1c(/C=C2/C(=O)C(/C=C3\N(CCCC[N+](CC)(CC)CC)c4ccc(I)cc4C3(C)C)=C2[O-])[se]c2ccccc21,743.612
CC[n+]1c(/C=C2/C(=O)C(/C=C3\N(CCCCS(=O)(=O)O)c4ccccc4C3(C)C)=C2[O-])[se]c2ccccc21,597.595
CC[n+]1c(/C=C2/C(=O)C(/C=C3\N(CCCCS(=O)(=O)O)c4ccc(Br)cc4C3(C)C)=C2[O-])[se]c2ccccc21,676.491
CC[n+]1c(/C=C2/C(=O)C(/C=C3\N(CCCCS(=O)(=O)O)c4ccc(I)cc4C3(C)C)=C2[O-])[se]c2ccccc21,723.491
CC[n+]1c(/C=C2/C(=O)C(/C=C3\N(Cc4ccccc4)c4ccccc4C3(C)C)=C2[O-])[se]c2ccccc21,551.548
CC[n+]1c(/C=C2/C(=O)C(/C=C3\N(Cc4ccccc4)c4ccc(Br)cc4C3(C)C)=C2[O-])[se]c2ccccc21,630.444
CC[n+]1c(/C=C2/C(=O)C(/C=C3\N(Cc4ccccc4)c4ccc(I)cc4C3(C)C)=C2[O-])[se]c2ccccc21,677.444
CC[n+]1c(/C=C2/C(=O)C(/C=C3\N(Cc4ccsc4)c4ccccc4C3(C)C)=C2[O-])[se]c2ccccc21,557.577
CC[n+]1c(/C=C2/C(=O)C(/C=C3\N(Cc4ccsc4)c4ccc(Br)cc4C3(C)C)=C2[O-])[se]c2ccccc21,636.473
CC[n+]1c(/C=C2/C(=O)C(/C=C3\N(Cc4ccsc4)c4ccc(I)cc4C3(C)C)=C2[O-])[se]c2ccccc21,683.473
CCN1/C(=C\C2=C([O-])/C(=C\c3[se]c4cc(Br)ccc4[n+]3CC)C2=O)C(C)(C)c2ccccc21,568.373
CCN1/C(=C\C2=C([O-])/C(=C\c3[se]c4cc(Br)ccc4[n+]3CC)C2=O)C(C)(C)c2cc(Br)ccc21,647.269
CCN1/C(=C\C2=C([O-])/C(=C\c3[se]c4cc(Br)ccc4[n+]3CC)C2=O)C(C)(C)c2cc(I)ccc21,694.269
CCCCN1/C(=C\C2=C([O-])/C(=C\c3[se]c4cc(Br)ccc4[n+]3CC)C2=O)C(C)(C)c2ccccc21,596.427
CCCCN1/C(=C\C2=C([O-])/C(=C\c3[se]c4cc(Br)ccc4[n+]3CC)C2=O)C(C)(C)c2cc(Br)ccc21,675.323
CCCCN1/C(=C\C2=C([O-])/C(=C\c3[se]c4cc(Br)ccc4[n+]3CC)C2=O)C(C)(C)c2cc(I)ccc21,722.323
CC[n+]1c(/C=C2/C(=O)C(/C=C3\N(CCCCN)c4ccccc4C3(C)C)=C2[O-])[se]c2cc(Br)ccc21,611.442
CC[n+]1c(/C=C2/C(=O)C(/C=C3\N(CCCCN)c4ccc(Br)cc4C3(C)C)=C2[O-])[se]c2cc(Br)ccc21,690.338
CC[n+]1c(/C=C2/C(=O)C(/C=C3\N(CCCCN)c4ccc(I)cc4C3(C)C)=C2[O-])[se]c2cc(Br)ccc21,737.338
CC[n+]1c(/C=C2/C(=O)C(/C=C3\N(CCCCO)c4ccccc4C3(C)C)=C2[O-])[se]c2cc(Br)ccc21,612.426
CC[n+]1c(/C=C2/C(=O)C(/C=C3\N(CCCCO)c4ccc(Br)cc4C3(C)C)=C2[O-])[se]c2cc(Br)ccc21,691.322
CC[n+]1c(/C=C2/C(=O)C(/C=C3\N(CCCCO)c4ccc(I)cc4C3(C)C)=C2[O-])[se]c2cc(Br)ccc21,738.322
CC[n+]1c(/C=C2/C(=O)C(/C=C3\N(CCCC[N+](CC)(CC)CC)c4ccccc4C3(C)C)=C2[O-])[se]c2cc(Br)ccc21,696.612
CC[n+]1c(/C=C2/C(=O)C(/C=C3\N(CCCC[N+](CC)(CC)CC)c4ccc(Br)cc4C3(C)C)=C2[O-])[se]c2cc(Br)ccc21,775.508
CC[n+]1c(/C=C2/C(=O)C(/C=C3\N(CCCC[N+](CC)(CC)CC)c4ccc(I)cc4C3(C)C)=C2[O-])[se]c2cc(Br)ccc21,822.508
CC[n+]1c(/C=C2/C(=O)C(/C=C3\N(CCCCS(=O)(=O)O)c4ccccc4C3(C)C)=C2[O-])[se]c2cc(Br)ccc21,676.491
CC[n+]1c(/C=C2/C(=O)C(/C=C3\N(CCCCS(=O)(=O)O)c4ccc(Br)cc4C3(C)C)=C2[O-])[se]c2cc(Br)ccc21,755.387
CC[n+]1c(/C=C2/C(=O)C(/C=C3\N(CCCCS(=O)(=O)O)c4ccc(I)cc4C3(C)C)=C2[O-])[se]c2cc(Br)ccc21,802.387
CC[n+]1c(/C=C2/C(=O)C(/C=C3\N(Cc4ccccc4)c4ccccc4C3(C)C)=C2[O-])[se]c2cc(Br)ccc21,630.444
CC[n+]1c(/C=C2/C(=O)C(/C=C3\N(Cc4ccccc4)c4ccc(Br)cc4C3(C)C)=C2[O-])[se]c2cc(Br)ccc21,709.34
CC[n+]1c(/C=C2/C(=O)C(/C=C3\N(Cc4ccccc4)c4ccc(I)cc4C3(C)C)=C2[O-])[se]c2cc(Br)ccc21,756.34
CC[n+]1c(/C=C2/C(=O)C(/C=C3\N(Cc4ccsc4)c4ccccc4C3(C)C)=C2[O-])[se]c2cc(Br)ccc21,636.473
CC[n+]1c(/C=C2/C(=O)C(/C=C3\N(Cc4ccsc4)c4ccc(Br)cc4C3(C)C)=C2[O-])[se]c2cc(Br)ccc21,715.369
CC[n+]1c(/C=C2/C(=O)C(/C=C3\N(Cc4ccsc4)c4ccc(I)cc4C3(C)C)=C2[O-])[se]c2cc(Br)ccc21,762.369
CCN1/C(=C\C2=C([O-])/C(=C\c3[se]c4cc(I)ccc4[n+]3CC)C2=O)C(C)(C)c2ccccc21,615.373
CCN1/C(=C\C2=C([O-])/C(=C\c3[se]c4cc(I)ccc4[n+]3CC)C2=O)C(C)(C)c2cc(Br)ccc21,694.269
CCN1/C(=C\C2=C([O-])/C(=C\c3[se]c4cc(I)ccc4[n+]3CC)C2=O)C(C)(C)c2cc(I)ccc21,741.269
CCCCN1/C(=C\C2=C([O-])/C(=C\c3[se]c4cc(I)ccc4[n+]3CC)C2=O)C(C)(C)c2ccccc21,643.427
CCCCN1/C(=C\C2=C([O-])/C(=C\c3[se]c4cc(I)ccc4[n+]3CC)C2=O)C(C)(C)c2cc(Br)ccc21,722.323
CCCCN1/C(=C\C2=C([O-])/C(=C\c3[se]c4cc(I)ccc4[n+]3CC)C2=O)C(C)(C)c2cc(I)ccc21,769.323
CC[n+]1c(/C=C2/C(=O)C(/C=C3\N(CCCCN)c4ccccc4C3(C)C)=C2[O-])[se]c2cc(I)ccc21,658.442
CC[n+]1c(/C=C2/C(=O)C(/C=C3\N(CCCCN)c4ccc(Br)cc4C3(C)C)=C2[O-])[se]c2cc(I)ccc21,737.338
CC[n+]1c(/C=C2/C(=O)C(/C=C3\N(CCCCN)c4ccc(I)cc4C3(C)C)=C2[O-])[se]c2cc(I)ccc21,784.338
CC[n+]1c(/C=C2/C(=O)C(/C=C3\N(CCCCO)c4ccccc4C3(C)C)=C2[O-])[se]c2cc(I)ccc21,659.426
CC[n+]1c(/C=C2/C(=O)C(/C=C3\N(CCCCO)c4ccc(Br)cc4C3(C)C)=C2[O-])[se]c2cc(I)ccc21,738.322
CC[n+]1c(/C=C2/C(=O)C(/C=C3\N(CCCCO)c4ccc(I)cc4C3(C)C)=C2[O-])[se]c2cc(I)ccc21,785.322
CC[n+]1c(/C=C2/C(=O)C(/C=C3\N(CCCC[N+](CC)(CC)CC)c4ccccc4C3(C)C)=C2[O-])[se]c2cc(I)ccc21,743.612
CC[n+]1c(/C=C2/C(=O)C(/C=C3\N(CCCC[N+](CC)(CC)CC)c4ccc(Br)cc4C3(C)C)=C2[O-])[se]c2cc(I)ccc21,822.508
CC[n+]1c(/C=C2/C(=O)C(/C=C3\N(CCCC[N+](CC)(CC)CC)c4ccc(I)cc4C3(C)C)=C2[O-])[se]c2cc(I)ccc21,869.508
CC[n+]1c(/C=C2/C(=O)C(/C=C3\N(CCCCS(=O)(=O)O)c4ccccc4C3(C)C)=C2[O-])[se]c2cc(I)ccc21,723.491
CC[n+]1c(/C=C2/C(=O)C(/C=C3\N(CCCCS(=O)(=O)O)c4ccc(Br)cc4C3(C)C)=C2[O-])[se]c2cc(I)ccc21,802.387
CC[n+]1c(/C=C2/C(=O)C(/C=C3\N(CCCCS(=O)(=O)O)c4ccc(I)cc4C3(C)C)=C2[O-])[se]c2cc(I)ccc21,849.387
CC[n+]1c(/C=C2/C(=O)C(/C=C3\N(Cc4ccccc4)c4ccccc4C3(C)C)=C2[O-])[se]c2cc(I)ccc21,677.444
CC[n+]1c(/C=C2/C(=O)C(/C=C3\N(Cc4ccccc4)c4ccc(Br)cc4C3(C)C)=C2[O-])[se]c2cc(I)ccc21,756.34
CC[n+]1c(/C=C2/C(=O)C(/C=C3\N(Cc4ccccc4)c4ccc(I)cc4C3(C)C)=C2[O-])[se]c2cc(I)ccc21,803.34
CC[n+]1c(/C=C2/C(=O)C(/C=C3\N(Cc4ccsc4)c4ccccc4C3(C)C)=C2[O-])[se]c2cc(I)ccc21,683.473
CC[n+]1c(/C=C2/C(=O)C(/C=C3\N(Cc4ccsc4)c4ccc(Br)cc4C3(C)C)=C2[O-])[se]c2cc(I)ccc21,762.369
CC[n+]1c(/C=C2/C(=O)C(/C=C3\N(Cc4ccsc4)c4ccc(I)cc4C3(C)C)=C2[O-])[se]c2cc(I)ccc21,809.369
CCCC[n+]1c(/C=C2/C(=O)C(/C=C3\N(CC)c4ccccc4C3(C)C)=C2[O-])[se]c2ccccc21,517.531
CCCC[n+]1c(/C=C2/C(=O)C(/C=C3\N(CC)c4ccc(Br)cc4C3(C)C)=C2[O-])[se]c2ccccc21,596.427
CCCC[n+]1c(/C=C2/C(=O)C(/C=C3\N(CC)c4ccc(I)cc4C3(C)C)=C2[O-])[se]c2ccccc21,643.427
CCCCN1/C(=C\C2=C([O-])/C(=C\c3[se]c4ccccc4[n+]3CCCC)C2=O)C(C)(C)c2ccccc21,545.585
CCCCN1/C(=C\C2=C([O-])/C(=C\c3[se]c4ccccc4[n+]3CCCC)C2=O)C(C)(C)c2cc(Br)ccc21,624.481
CCCCN1/C(=C\C2=C([O-])/C(=C\c3[se]c4ccccc4[n+]3CCCC)C2=O)C(C)(C)c2cc(I)ccc21,671.481
CCCC[n+]1c(/C=C2/C(=O)C(/C=C3\N(CCCCN)c4ccccc4C3(C)C)=C2[O-])[se]c2ccccc21,560.6
CCCC[n+]1c(/C=C2/C(=O)C(/C=C3\N(CCCCN)c4ccc(Br)cc4C3(C)C)=C2[O-])[se]c2ccccc21,639.496
CCCC[n+]1c(/C=C2/C(=O)C(/C=C3\N(CCCCN)c4ccc(I)cc4C3(C)C)=C2[O-])[se]c2ccccc21,686.496
CCCC[n+]1c(/C=C2/C(=O)C(/C=C3\N(CCCCO)c4ccccc4C3(C)C)=C2[O-])[se]c2ccccc21,561.584
CCCC[n+]1c(/C=C2/C(=O)C(/C=C3\N(CCCCO)c4ccc(Br)cc4C3(C)C)=C2[O-])[se]c2ccccc21,640.48
CCCC[n+]1c(/C=C2/C(=O)C(/C=C3\N(CCCCO)c4ccc(I)cc4C3(C)C)=C2[O-])[se]c2ccccc21,687.48
CCCC[n+]1c(/C=C2/C(=O)C(/C=C3\N(CCCC[N+](CC)(CC)CC)c4ccccc4C3(C)C)=C2[O-])[se]c2ccccc21,645.77
CCCC[n+]1c(/C=C2/C(=O)C(/C=C3\N(CCCC[N+](CC)(CC)CC)c4ccc(Br)cc4C3(C)C)=C2[O-])[se]c2ccccc21,724.666
CCCC[n+]1c(/C=C2/C(=O)C(/C=C3\N(CCCC[N+](CC)(CC)CC)c4ccc(I)cc4C3(C)C)=C2[O-])[se]c2ccccc21,771.666
CCCC[n+]1c(/C=C2/C(=O)C(/C=C3\N(CCCCS(=O)(=O)O)c4ccccc4C3(C)C)=C2[O-])[se]c2ccccc21,625.649
CCCC[n+]1c(/C=C2/C(=O)C(/C=C3\N(CCCCS(=O)(=O)O)c4ccc(Br)cc4C3(C)C)=C2[O-])[se]c2ccccc21,704.545
CCCC[n+]1c(/C=C2/C(=O)C(/C=C3\N(CCCCS(=O)(=O)O)c4ccc(I)cc4C3(C)C)=C2[O-])[se]c2ccccc21,751.545
CCCC[n+]1c(/C=C2/C(=O)C(/C=C3\N(Cc4ccccc4)c4ccccc4C3(C)C)=C2[O-])[se]c2ccccc21,579.602
CCCC[n+]1c(/C=C2/C(=O)C(/C=C3\N(Cc4ccccc4)c4ccc(Br)cc4C3(C)C)=C2[O-])[se]c2ccccc21,658.498
CCCC[n+]1c(/C=C2/C(=O)C(/C=C3\N(Cc4ccccc4)c4ccc(I)cc4C3(C)C)=C2[O-])[se]c2ccccc21,705.498
CCCC[n+]1c(/C=C2/C(=O)C(/C=C3\N(Cc4ccsc4)c4ccccc4C3(C)C)=C2[O-])[se]c2ccccc21,585.631
CCCC[n+]1c(/C=C2/C(=O)C(/C=C3\N(Cc4ccsc4)c4ccc(Br)cc4C3(C)C)=C2[O-])[se]c2ccccc21,664.527
CCCC[n+]1c(/C=C2/C(=O)C(/C=C3\N(Cc4ccsc4)c4ccc(I)cc4C3(C)C)=C2[O-])[se]c2ccccc21,711.527
CCCC[n+]1c(/C=C2/C(=O)C(/C=C3\N(CC)c4ccccc4C3(C)C)=C2[O-])[se]c2cc(Br)ccc21,596.427
CCCC[n+]1c(/C=C2/C(=O)C(/C=C3\N(CC)c4ccc(Br)cc4C3(C)C)=C2[O-])[se]c2cc(Br)ccc21,675.323
CCCC[n+]1c(/C=C2/C(=O)C(/C=C3\N(CC)c4ccc(I)cc4C3(C)C)=C2[O-])[se]c2cc(Br)ccc21,722.323
CCCCN1/C(=C\C2=C([O-])/C(=C\c3[se]c4cc(Br)ccc4[n+]3CCCC)C2=O)C(C)(C)c2ccccc21,624.481
CCCCN1/C(=C\C2=C([O-])/C(=C\c3[se]c4cc(Br)ccc4[n+]3CCCC)C2=O)C(C)(C)c2cc(Br)ccc21,703.377
CCCCN1/C(=C\C2=C([O-])/C(=C\c3[se]c4cc(Br)ccc4[n+]3CCCC)C2=O)C(C)(C)c2cc(I)ccc21,750.377
CCCC[n+]1c(/C=C2/C(=O)C(/C=C3\N(CCCCN)c4ccccc4C3(C)C)=C2[O-])[se]c2cc(Br)ccc21,639.496
CCCC[n+]1c(/C=C2/C(=O)C(/C=C3\N(CCCCN)c4ccc(Br)cc4C3(C)C)=C2[O-])[se]c2cc(Br)ccc21,718.392
CCCC[n+]1c(/C=C2/C(=O)C(/C=C3\N(CCCCN)c4ccc(I)cc4C3(C)C)=C2[O-])[se]c2cc(Br)ccc21,765.392
CCCC[n+]1c(/C=C2/C(=O)C(/C=C3\N(CCCCO)c4ccccc4C3(C)C)=C2[O-])[se]c2cc(Br)ccc21,640.48
CCCC[n+]1c(/C=C2/C(=O)C(/C=C3\N(CCCCO)c4ccc(Br)cc4C3(C)C)=C2[O-])[se]c2cc(Br)ccc21,719.376
CCCC[n+]1c(/C=C2/C(=O)C(/C=C3\N(CCCCO)c4ccc(I)cc4C3(C)C)=C2[O-])[se]c2cc(Br)ccc21,766.376
CCCC[n+]1c(/C=C2/C(=O)C(/C=C3\N(CCCC[N+](CC)(CC)CC)c4ccccc4C3(C)C)=C2[O-])[se]c2cc(Br)ccc21,724.666
CCCC[n+]1c(/C=C2/C(=O)C(/C=C3\N(CCCC[N+](CC)(CC)CC)c4ccc(Br)cc4C3(C)C)=C2[O-])[se]c2cc(Br)ccc21,803.562
CCCC[n+]1c(/C=C2/C(=O)C(/C=C3\N(CCCC[N+](CC)(CC)CC)c4ccc(I)cc4C3(C)C)=C2[O-])[se]c2cc(Br)ccc21,850.562
CCCC[n+]1c(/C=C2/C(=O)C(/C=C3\N(CCCCS(=O)(=O)O)c4ccccc4C3(C)C)=C2[O-])[se]c2cc(Br)ccc21,704.545
CCCC[n+]1c(/C=C2/C(=O)C(/C=C3\N(CCCCS(=O)(=O)O)c4ccc(Br)cc4C3(C)C)=C2[O-])[se]c2cc(Br)ccc21,783.441
CCCC[n+]1c(/C=C2/C(=O)C(/C=C3\N(CCCCS(=O)(=O)O)c4ccc(I)cc4C3(C)C)=C2[O-])[se]c2cc(Br)ccc21,830.441
CCCC[n+]1c(/C=C2/C(=O)C(/C=C3\N(Cc4ccccc4)c4ccccc4C3(C)C)=C2[O-])[se]c2cc(Br)ccc21,658.498
CCCC[n+]1c(/C=C2/C(=O)C(/C=C3\N(Cc4ccccc4)c4ccc(Br)cc4C3(C)C)=C2[O-])[se]c2cc(Br)ccc21,737.394
CCCC[n+]1c(/C=C2/C(=O)C(/C=C3\N(Cc4ccccc4)c4ccc(I)cc4C3(C)C)=C2[O-])[se]c2cc(Br)ccc21,784.394
CCCC[n+]1c(/C=C2/C(=O)C(/C=C3\N(Cc4ccsc4)c4ccccc4C3(C)C)=C2[O-])[se]c2cc(Br)ccc21,664.527
CCCC[n+]1c(/C=C2/C(=O)C(/C=C3\N(Cc4ccsc4)c4ccc(Br)cc4C3(C)C)=C2[O-])[se]c2cc(Br)ccc21,743.423
CCCC[n+]1c(/C=C2/C(=O)C(/C=C3\N(Cc4ccsc4)c4ccc(I)cc4C3(C)C)=C2[O-])[se]c2cc(Br)ccc21,790.423
CCCC[n+]1c(/C=C2/C(=O)C(/C=C3\N(CC)c4ccccc4C3(C)C)=C2[O-])[se]c2cc(I)ccc21,643.427
CCCC[n+]1c(/C=C2/C(=O)C(/C=C3\N(CC)c4ccc(Br)cc4C3(C)C)=C2[O-])[se]c2cc(I)ccc21,722.323
CCCC[n+]1c(/C=C2/C(=O)C(/C=C3\N(CC)c4ccc(I)cc4C3(C)C)=C2[O-])[se]c2cc(I)ccc21,769.323
CCCCN1/C(=C\C2=C([O-])/C(=C\c3[se]c4cc(I)ccc4[n+]3CCCC)C2=O)C(C)(C)c2ccccc21,671.481
CCCCN1/C(=C\C2=C([O-])/C(=C\c3[se]c4cc(I)ccc4[n+]3CCCC)C2=O)C(C)(C)c2cc(Br)ccc21,750.377
CCCCN1/C(=C\C2=C([O-])/C(=C\c3[se]c4cc(I)ccc4[n+]3CCCC)C2=O)C(C)(C)c2cc(I)ccc21,797.377
CCCC[n+]1c(/C=C2/C(=O)C(/C=C3\N(CCCCN)c4ccccc4C3(C)C)=C2[O-])[se]c2cc(I)ccc21,686.496
CCCC[n+]1c(/C=C2/C(=O)C(/C=C3\N(CCCCN)c4ccc(Br)cc4C3(C)C)=C2[O-])[se]c2cc(I)ccc21,765.392
CCCC[n+]1c(/C=C2/C(=O)C(/C=C3\N(CCCCN)c4ccc(I)cc4C3(C)C)=C2[O-])[se]c2cc(I)ccc21,812.392
CCCC[n+]1c(/C=C2/C(=O)C(/C=C3\N(CCCCO)c4ccccc4C3(C)C)=C2[O-])[se]c2cc(I)ccc21,687.48
CCCC[n+]1c(/C=C2/C(=O)C(/C=C3\N(CCCCO)c4ccc(Br)cc4C3(C)C)=C2[O-])[se]c2cc(I)ccc21,766.376
CCCC[n+]1c(/C=C2/C(=O)C(/C=C3\N(CCCCO)c4ccc(I)cc4C3(C)C)=C2[O-])[se]c2cc(I)ccc21,813.376
CCCC[n+]1c(/C=C2/C(=O)C(/C=C3\N(CCCC[N+](CC)(CC)CC)c4ccccc4C3(C)C)=C2[O-])[se]c2cc(I)ccc21,771.666
CCCC[n+]1c(/C=C2/C(=O)C(/C=C3\N(CCCC[N+](CC)(CC)CC)c4ccc(Br)cc4C3(C)C)=C2[O-])[se]c2cc(I)ccc21,850.562
CCCC[n+]1c(/C=C2/C(=O)C(/C=C3\N(CCCC[N+](CC)(CC)CC)c4ccc(I)cc4C3(C)C)=C2[O-])[se]c2cc(I)ccc21,897.562
CCCC[n+]1c(/C=C2/C(=O)C(/C=C3\N(CCCCS(=O)(=O)O)c4ccccc4C3(C)C)=C2[O-])[se]c2cc(I)ccc21,751.545
CCCC[n+]1c(/C=C2/C(=O)C(/C=C3\N(CCCCS(=O)(=O)O)c4ccc(Br)cc4C3(C)C)=C2[O-])[se]c2cc(I)ccc21,830.441
CCCC[n+]1c(/C=C2/C(=O)C(/C=C3\N(CCCCS(=O)(=O)O)c4ccc(I)cc4C3(C)C)=C2[O-])[se]c2cc(I)ccc21,877.441
CCCC[n+]1c(/C=C2/C(=O)C(/C=C3\N(Cc4ccccc4)c4ccccc4C3(C)C)=C2[O-])[se]c2cc(I)ccc21,705.498
CCCC[n+]1c(/C=C2/C(=O)C(/C=C3\N(Cc4ccccc4)c4ccc(Br)cc4C3(C)C)=C2[O-])[se]c2cc(I)ccc21,784.394
CCCC[n+]1c(/C=C2/C(=O)C(/C=C3\N(Cc4ccccc4)c4ccc(I)cc4C3(C)C)=C2[O-])[se]c2cc(I)ccc21,831.394
CCCC[n+]1c(/C=C2/C(=O)C(/C=C3\N(Cc4ccsc4)c4ccccc4C3(C)C)=C2[O-])[se]c2cc(I)ccc21,711.527
CCCC[n+]1c(/C=C2/C(=O)C(/C=C3\N(Cc4ccsc4)c4ccc(Br)cc4C3(C)C)=C2[O-])[se]c2cc(I)ccc21,790.423
CCCC[n+]1c(/C=C2/C(=O)C(/C=C3\N(Cc4ccsc4)c4ccc(I)cc4C3(C)C)=C2[O-])[se]c2cc(I)ccc21,837.423
CCN1/C(=C\C2=C([O-])/C(=C\c3[se]c4ccccc4[n+]3CCCCN)C2=O)C(C)(C)c2ccccc21,532.546
CCN1/C(=C\C2=C([O-])/C(=C\c3[se]c4ccccc4[n+]3CCCCN)C2=O)C(C)(C)c2cc(Br)ccc21,611.442
CCN1/C(=C\C2=C([O-])/C(=C\c3[se]c4ccccc4[n+]3CCCCN)C2=O)C(C)(C)c2cc(I)ccc21,658.442
CCCCN1/C(=C\C2=C([O-])/C(=C\c3[se]c4ccccc4[n+]3CCCCN)C2=O)C(C)(C)c2ccccc21,560.6
CCCCN1/C(=C\C2=C([O-])/C(=C\c3[se]c4ccccc4[n+]3CCCCN)C2=O)C(C)(C)c2cc(Br)ccc21,639.496
CCCCN1/C(=C\C2=C([O-])/C(=C\c3[se]c4ccccc4[n+]3CCCCN)C2=O)C(C)(C)c2cc(I)ccc21,686.496
CC1(C)/C(=C/C2=C([O-])/C(=C\c3[se]c4ccccc4[n+]3CCCCN)C2=O)N(CCCCN)c2ccccc21,575.615
CC1(C)/C(=C/C2=C([O-])/C(=C\c3[se]c4ccccc4[n+]3CCCCN)C2=O)N(CCCCN)c2ccc(Br)cc21,654.511
CC1(C)/C(=C/C2=C([O-])/C(=C\c3[se]c4ccccc4[n+]3CCCCN)C2=O)N(CCCCN)c2ccc(I)cc21,701.511
CC1(C)/C(=C/C2=C([O-])/C(=C\c3[se]c4ccccc4[n+]3CCCCN)C2=O)N(CCCCO)c2ccccc21,576.599
CC1(C)/C(=C/C2=C([O-])/C(=C\c3[se]c4ccccc4[n+]3CCCCN)C2=O)N(CCCCO)c2ccc(Br)cc21,655.495
CC1(C)/C(=C/C2=C([O-])/C(=C\c3[se]c4ccccc4[n+]3CCCCN)C2=O)N(CCCCO)c2ccc(I)cc21,702.495
CC[N+](CC)(CC)CCCCN1/C(=C\C2=C([O-])/C(=C\c3[se]c4ccccc4[n+]3CCCCN)C2=O)C(C)(C)c2ccccc21,660.785
CC[N+](CC)(CC)CCCCN1/C(=C\C2=C([O-])/C(=C\c3[se]c4ccccc4[n+]3CCCCN)C2=O)C(C)(C)c2cc(Br)ccc21,739.681
CC[N+](CC)(CC)CCCCN1/C(=C\C2=C([O-])/C(=C\c3[se]c4ccccc4[n+]3CCCCN)C2=O)C(C)(C)c2cc(I)ccc21,786.681
CC1(C)/C(=C/C2=C([O-])/C(=C\c3[se]c4ccccc4[n+]3CCCCN)C2=O)N(CCCCS(=O)(=O)O)c2ccccc21,640.664
CC1(C)/C(=C/C2=C([O-])/C(=C\c3[se]c4ccccc4[n+]3CCCCN)C2=O)N(CCCCS(=O)(=O)O)c2ccc(Br)cc21,719.56
CC1(C)/C(=C/C2=C([O-])/C(=C\c3[se]c4ccccc4[n+]3CCCCN)C2=O)N(CCCCS(=O)(=O)O)c2ccc(I)cc21,766.56
CC1(C)/C(=C/C2=C([O-])/C(=C\c3[se]c4ccccc4[n+]3CCCCN)C2=O)N(Cc2ccccc2)c2ccccc21,594.617
CC1(C)/C(=C/C2=C([O-])/C(=C\c3[se]c4ccccc4[n+]3CCCCN)C2=O)N(Cc2ccccc2)c2ccc(Br)cc21,673.513
CC1(C)/C(=C/C2=C([O-])/C(=C\c3[se]c4ccccc4[n+]3CCCCN)C2=O)N(Cc2ccccc2)c2ccc(I)cc21,720.513
CC1(C)/C(=C/C2=C([O-])/C(=C\c3[se]c4ccccc4[n+]3CCCCN)C2=O)N(Cc2ccsc2)c2ccccc21,600.646
CC1(C)/C(=C/C2=C([O-])/C(=C\c3[se]c4ccccc4[n+]3CCCCN)C2=O)N(Cc2ccsc2)c2ccc(Br)cc21,679.542
CC1(C)/C(=C/C2=C([O-])/C(=C\c3[se]c4ccccc4[n+]3CCCCN)C2=O)N(Cc2ccsc2)c2ccc(I)cc21,726.542
CCN1/C(=C\C2=C([O-])/C(=C\c3[se]c4cc(Br)ccc4[n+]3CCCCN)C2=O)C(C)(C)c2ccccc21,611.442
CCN1/C(=C\C2=C([O-])/C(=C\c3[se]c4cc(Br)ccc4[n+]3CCCCN)C2=O)C(C)(C)c2cc(Br)ccc21,690.338
CCN1/C(=C\C2=C([O-])/C(=C\c3[se]c4cc(Br)ccc4[n+]3CCCCN)C2=O)C(C)(C)c2cc(I)ccc21,737.338
CCCCN1/C(=C\C2=C([O-])/C(=C\c3[se]c4cc(Br)ccc4[n+]3CCCCN)C2=O)C(C)(C)c2ccccc21,639.496
CCCCN1/C(=C\C2=C([O-])/C(=C\c3[se]c4cc(Br)ccc4[n+]3CCCCN)C2=O)C(C)(C)c2cc(Br)ccc21,718.392
CCCCN1/C(=C\C2=C([O-])/C(=C\c3[se]c4cc(Br)ccc4[n+]3CCCCN)C2=O)C(C)(C)c2cc(I)ccc21,765.392
CC1(C)/C(=C/C2=C([O-])/C(=C\c3[se]c4cc(Br)ccc4[n+]3CCCCN)C2=O)N(CCCCN)c2ccccc21,654.511
CC1(C)/C(=C/C2=C([O-])/C(=C\c3[se]c4cc(Br)ccc4[n+]3CCCCN)C2=O)N(CCCCN)c2ccc(Br)cc21,733.407
CC1(C)/C(=C/C2=C([O-])/C(=C\c3[se]c4cc(Br)ccc4[n+]3CCCCN)C2=O)N(CCCCN)c2ccc(I)cc21,780.407
CC1(C)/C(=C/C2=C([O-])/C(=C\c3[se]c4cc(Br)ccc4[n+]3CCCCN)C2=O)N(CCCCO)c2ccccc21,655.495
CC1(C)/C(=C/C2=C([O-])/C(=C\c3[se]c4cc(Br)ccc4[n+]3CCCCN)C2=O)N(CCCCO)c2ccc(Br)cc21,734.391
CC1(C)/C(=C/C2=C([O-])/C(=C\c3[se]c4cc(Br)ccc4[n+]3CCCCN)C2=O)N(CCCCO)c2ccc(I)cc21,781.391
CC[N+](CC)(CC)CCCCN1/C(=C\C2=C([O-])/C(=C\c3[se]c4cc(Br)ccc4[n+]3CCCCN)C2=O)C(C)(C)c2ccccc21,739.681
CC[N+](CC)(CC)CCCCN1/C(=C\C2=C([O-])/C(=C\c3[se]c4cc(Br)ccc4[n+]3CCCCN)C2=O)C(C)(C)c2cc(Br)ccc21,818.577
CC[N+](CC)(CC)CCCCN1/C(=C\C2=C([O-])/C(=C\c3[se]c4cc(Br)ccc4[n+]3CCCCN)C2=O)C(C)(C)c2cc(I)ccc21,865.577
CC1(C)/C(=C/C2=C([O-])/C(=C\c3[se]c4cc(Br)ccc4[n+]3CCCCN)C2=O)N(CCCCS(=O)(=O)O)c2ccccc21,719.56
CC1(C)/C(=C/C2=C([O-])/C(=C\c3[se]c4cc(Br)ccc4[n+]3CCCCN)C2=O)N(CCCCS(=O)(=O)O)c2ccc(Br)cc21,798.456
CC1(C)/C(=C/C2=C([O-])/C(=C\c3[se]c4cc(Br)ccc4[n+]3CCCCN)C2=O)N(CCCCS(=O)(=O)O)c2ccc(I)cc21,845.456
CC1(C)/C(=C/C2=C([O-])/C(=C\c3[se]c4cc(Br)ccc4[n+]3CCCCN)C2=O)N(Cc2ccccc2)c2ccccc21,673.513
CC1(C)/C(=C/C2=C([O-])/C(=C\c3[se]c4cc(Br)ccc4[n+]3CCCCN)C2=O)N(Cc2ccccc2)c2ccc(Br)cc21,752.409
CC1(C)/C(=C/C2=C([O-])/C(=C\c3[se]c4cc(Br)ccc4[n+]3CCCCN)C2=O)N(Cc2ccccc2)c2ccc(I)cc21,799.409
CC1(C)/C(=C/C2=C([O-])/C(=C\c3[se]c4cc(Br)ccc4[n+]3CCCCN)C2=O)N(Cc2ccsc2)c2ccccc21,679.542
CC1(C)/C(=C/C2=C([O-])/C(=C\c3[se]c4cc(Br)ccc4[n+]3CCCCN)C2=O)N(Cc2ccsc2)c2ccc(Br)cc21,758.438
CC1(C)/C(=C/C2=C([O-])/C(=C\c3[se]c4cc(Br)ccc4[n+]3CCCCN)C2=O)N(Cc2ccsc2)c2ccc(I)cc21,805.438
CCN1/C(=C\C2=C([O-])/C(=C\c3[se]c4cc(I)ccc4[n+]3CCCCN)C2=O)C(C)(C)c2ccccc21,658.442
CCN1/C(=C\C2=C([O-])/C(=C\c3[se]c4cc(I)ccc4[n+]3CCCCN)C2=O)C(C)(C)c2cc(Br)ccc21,737.338
CCN1/C(=C\C2=C([O-])/C(=C\c3[se]c4cc(I)ccc4[n+]3CCCCN)C2=O)C(C)(C)c2cc(I)ccc21,784.338
CCCCN1/C(=C\C2=C([O-])/C(=C\c3[se]c4cc(I)ccc4[n+]3CCCCN)C2=O)C(C)(C)c2ccccc21,686.496
CCCCN1/C(=C\C2=C([O-])/C(=C\c3[se]c4cc(I)ccc4[n+]3CCCCN)C2=O)C(C)(C)c2cc(Br)ccc21,765.392
CCCCN1/C(=C\C2=C([O-])/C(=C\c3[se]c4cc(I)ccc4[n+]3CCCCN)C2=O)C(C)(C)c2cc(I)ccc21,812.392
CC1(C)/C(=C/C2=C([O-])/C(=C\c3[se]c4cc(I)ccc4[n+]3CCCCN)C2=O)N(CCCCN)c2ccccc21,701.511
CC1(C)/C(=C/C2=C([O-])/C(=C\c3[se]c4cc(I)ccc4[n+]3CCCCN)C2=O)N(CCCCN)c2ccc(Br)cc21,780.407
CC1(C)/C(=C/C2=C([O-])/C(=C\c3[se]c4cc(I)ccc4[n+]3CCCCN)C2=O)N(CCCCN)c2ccc(I)cc21,827.407
CC1(C)/C(=C/C2=C([O-])/C(=C\c3[se]c4cc(I)ccc4[n+]3CCCCN)C2=O)N(CCCCO)c2ccccc21,702.495
CC1(C)/C(=C/C2=C([O-])/C(=C\c3[se]c4cc(I)ccc4[n+]3CCCCN)C2=O)N(CCCCO)c2ccc(Br)cc21,781.391
CC1(C)/C(=C/C2=C([O-])/C(=C\c3[se]c4cc(I)ccc4[n+]3CCCCN)C2=O)N(CCCCO)c2ccc(I)cc21,828.391
CC[N+](CC)(CC)CCCCN1/C(=C\C2=C([O-])/C(=C\c3[se]c4cc(I)ccc4[n+]3CCCCN)C2=O)C(C)(C)c2ccccc21,786.681
CC[N+](CC)(CC)CCCCN1/C(=C\C2=C([O-])/C(=C\c3[se]c4cc(I)ccc4[n+]3CCCCN)C2=O)C(C)(C)c2cc(Br)ccc21,865.577
CC[N+](CC)(CC)CCCCN1/C(=C\C2=C([O-])/C(=C\c3[se]c4cc(I)ccc4[n+]3CCCCN)C2=O)C(C)(C)c2cc(I)ccc21,912.577
CC1(C)/C(=C/C2=C([O-])/C(=C\c3[se]c4cc(I)ccc4[n+]3CCCCN)C2=O)N(CCCCS(=O)(=O)O)c2ccccc21,766.56
CC1(C)/C(=C/C2=C([O-])/C(=C\c3[se]c4cc(I)ccc4[n+]3CCCCN)C2=O)N(CCCCS(=O)(=O)O)c2ccc(Br)cc21,845.456
CC1(C)/C(=C/C2=C([O-])/C(=C\c3[se]c4cc(I)ccc4[n+]3CCCCN)C2=O)N(CCCCS(=O)(=O)O)c2ccc(I)cc21,892.456
CC1(C)/C(=C/C2=C([O-])/C(=C\c3[se]c4cc(I)ccc4[n+]3CCCCN)C2=O)N(Cc2ccccc2)c2ccccc21,720.513
CC1(C)/C(=C/C2=C([O-])/C(=C\c3[se]c4cc(I)ccc4[n+]3CCCCN)C2=O)N(Cc2ccccc2)c2ccc(Br)cc21,799.409
CC1(C)/C(=C/C2=C([O-])/C(=C\c3[se]c4cc(I)ccc4[n+]3CCCCN)C2=O)N(Cc2ccccc2)c2ccc(I)cc21,846.409
CC1(C)/C(=C/C2=C([O-])/C(=C\c3[se]c4cc(I)ccc4[n+]3CCCCN)C2=O)N(Cc2ccsc2)c2ccccc21,726.542
CC1(C)/C(=C/C2=C([O-])/C(=C\c3[se]c4cc(I)ccc4[n+]3CCCCN)C2=O)N(Cc2ccsc2)c2ccc(Br)cc21,805.438
CC1(C)/C(=C/C2=C([O-])/C(=C\c3[se]c4cc(I)ccc4[n+]3CCCCN)C2=O)N(Cc2ccsc2)c2ccc(I)cc21,852.438
CCN1/C(=C\C2=C([O-])/C(=C\c3[se]c4ccccc4[n+]3CCCCO)C2=O)C(C)(C)c2ccccc21,533.53
CCN1/C(=C\C2=C([O-])/C(=C\c3[se]c4ccccc4[n+]3CCCCO)C2=O)C(C)(C)c2cc(Br)ccc21,612.426
CCN1/C(=C\C2=C([O-])/C(=C\c3[se]c4ccccc4[n+]3CCCCO)C2=O)C(C)(C)c2cc(I)ccc21,659.426
CCCCN1/C(=C\C2=C([O-])/C(=C\c3[se]c4ccccc4[n+]3CCCCO)C2=O)C(C)(C)c2ccccc21,561.584
CCCCN1/C(=C\C2=C([O-])/C(=C\c3[se]c4ccccc4[n+]3CCCCO)C2=O)C(C)(C)c2cc(Br)ccc21,640.48
CCCCN1/C(=C\C2=C([O-])/C(=C\c3[se]c4ccccc4[n+]3CCCCO)C2=O)C(C)(C)c2cc(I)ccc21,687.48
CC1(C)/C(=C/C2=C([O-])/C(=C\c3[se]c4ccccc4[n+]3CCCCO)C2=O)N(CCCCN)c2ccccc21,576.599
CC1(C)/C(=C/C2=C([O-])/C(=C\c3[se]c4ccccc4[n+]3CCCCO)C2=O)N(CCCCN)c2ccc(Br)cc21,655.495
CC1(C)/C(=C/C2=C([O-])/C(=C\c3[se]c4ccccc4[n+]3CCCCO)C2=O)N(CCCCN)c2ccc(I)cc21,702.495
CC1(C)/C(=C/C2=C([O-])/C(=C\c3[se]c4ccccc4[n+]3CCCCO)C2=O)N(CCCCO)c2ccccc21,577.583
CC1(C)/C(=C/C2=C([O-])/C(=C\c3[se]c4ccccc4[n+]3CCCCO)C2=O)N(CCCCO)c2ccc(Br)cc21,656.479
CC1(C)/C(=C/C2=C([O-])/C(=C\c3[se]c4ccccc4[n+]3CCCCO)C2=O)N(CCCCO)c2ccc(I)cc21,703.479
CC[N+](CC)(CC)CCCCN1/C(=C\C2=C([O-])/C(=C\c3[se]c4ccccc4[n+]3CCCCO)C2=O)C(C)(C)c2ccccc21,661.769
CC[N+](CC)(CC)CCCCN1/C(=C\C2=C([O-])/C(=C\c3[se]c4ccccc4[n+]3CCCCO)C2=O)C(C)(C)c2cc(Br)ccc21,740.665
CC[N+](CC)(CC)CCCCN1/C(=C\C2=C([O-])/C(=C\c3[se]c4ccccc4[n+]3CCCCO)C2=O)C(C)(C)c2cc(I)ccc21,787.665
CC1(C)/C(=C/C2=C([O-])/C(=C\c3[se]c4ccccc4[n+]3CCCCO)C2=O)N(CCCCS(=O)(=O)O)c2ccccc21,641.648
CC1(C)/C(=C/C2=C([O-])/C(=C\c3[se]c4ccccc4[n+]3CCCCO)C2=O)N(CCCCS(=O)(=O)O)c2ccc(Br)cc21,720.544
CC1(C)/C(=C/C2=C([O-])/C(=C\c3[se]c4ccccc4[n+]3CCCCO)C2=O)N(CCCCS(=O)(=O)O)c2ccc(I)cc21,767.544
CC1(C)/C(=C/C2=C([O-])/C(=C\c3[se]c4ccccc4[n+]3CCCCO)C2=O)N(Cc2ccccc2)c2ccccc21,595.601
CC1(C)/C(=C/C2=C([O-])/C(=C\c3[se]c4ccccc4[n+]3CCCCO)C2=O)N(Cc2ccccc2)c2ccc(Br)cc21,674.497
CC1(C)/C(=C/C2=C([O-])/C(=C\c3[se]c4ccccc4[n+]3CCCCO)C2=O)N(Cc2ccccc2)c2ccc(I)cc21,721.497
CC1(C)/C(=C/C2=C([O-])/C(=C\c3[se]c4ccccc4[n+]3CCCCO)C2=O)N(Cc2ccsc2)c2ccccc21,601.63
CC1(C)/C(=C/C2=C([O-])/C(=C\c3[se]c4ccccc4[n+]3CCCCO)C2=O)N(Cc2ccsc2)c2ccc(Br)cc21,680.526
CC1(C)/C(=C/C2=C([O-])/C(=C\c3[se]c4ccccc4[n+]3CCCCO)C2=O)N(Cc2ccsc2)c2ccc(I)cc21,727.526
CCN1/C(=C\C2=C([O-])/C(=C\c3[se]c4cc(Br)ccc4[n+]3CCCCO)C2=O)C(C)(C)c2ccccc21,612.426
CCN1/C(=C\C2=C([O-])/C(=C\c3[se]c4cc(Br)ccc4[n+]3CCCCO)C2=O)C(C)(C)c2cc(Br)ccc21,691.322
CCN1/C(=C\C2=C([O-])/C(=C\c3[se]c4cc(Br)ccc4[n+]3CCCCO)C2=O)C(C)(C)c2cc(I)ccc21,738.322
CCCCN1/C(=C\C2=C([O-])/C(=C\c3[se]c4cc(Br)ccc4[n+]3CCCCO)C2=O)C(C)(C)c2ccccc21,640.48
CCCCN1/C(=C\C2=C([O-])/C(=C\c3[se]c4cc(Br)ccc4[n+]3CCCCO)C2=O)C(C)(C)c2cc(Br)ccc21,719.376
CCCCN1/C(=C\C2=C([O-])/C(=C\c3[se]c4cc(Br)ccc4[n+]3CCCCO)C2=O)C(C)(C)c2cc(I)ccc21,766.376
CC1(C)/C(=C/C2=C([O-])/C(=C\c3[se]c4cc(Br)ccc4[n+]3CCCCO)C2=O)N(CCCCN)c2ccccc21,655.495
CC1(C)/C(=C/C2=C([O-])/C(=C\c3[se]c4cc(Br)ccc4[n+]3CCCCO)C2=O)N(CCCCN)c2ccc(Br)cc21,734.391
CC1(C)/C(=C/C2=C([O-])/C(=C\c3[se]c4cc(Br)ccc4[n+]3CCCCO)C2=O)N(CCCCN)c2ccc(I)cc21,781.391
CC1(C)/C(=C/C2=C([O-])/C(=C\c3[se]c4cc(Br)ccc4[n+]3CCCCO)C2=O)N(CCCCO)c2ccccc21,656.479
CC1(C)/C(=C/C2=C([O-])/C(=C\c3[se]c4cc(Br)ccc4[n+]3CCCCO)C2=O)N(CCCCO)c2ccc(Br)cc21,735.375
CC1(C)/C(=C/C2=C([O-])/C(=C\c3[se]c4cc(Br)ccc4[n+]3CCCCO)C2=O)N(CCCCO)c2ccc(I)cc21,782.375
CC[N+](CC)(CC)CCCCN1/C(=C\C2=C([O-])/C(=C\c3[se]c4cc(Br)ccc4[n+]3CCCCO)C2=O)C(C)(C)c2ccccc21,740.665
CC[N+](CC)(CC)CCCCN1/C(=C\C2=C([O-])/C(=C\c3[se]c4cc(Br)ccc4[n+]3CCCCO)C2=O)C(C)(C)c2cc(Br)ccc21,819.561
CC[N+](CC)(CC)CCCCN1/C(=C\C2=C([O-])/C(=C\c3[se]c4cc(Br)ccc4[n+]3CCCCO)C2=O)C(C)(C)c2cc(I)ccc21,866.561
CC1(C)/C(=C/C2=C([O-])/C(=C\c3[se]c4cc(Br)ccc4[n+]3CCCCO)C2=O)N(CCCCS(=O)(=O)O)c2ccccc21,720.544
CC1(C)/C(=C/C2=C([O-])/C(=C\c3[se]c4cc(Br)ccc4[n+]3CCCCO)C2=O)N(CCCCS(=O)(=O)O)c2ccc(Br)cc21,799.44
CC1(C)/C(=C/C2=C([O-])/C(=C\c3[se]c4cc(Br)ccc4[n+]3CCCCO)C2=O)N(CCCCS(=O)(=O)O)c2ccc(I)cc21,846.44
CC1(C)/C(=C/C2=C([O-])/C(=C\c3[se]c4cc(Br)ccc4[n+]3CCCCO)C2=O)N(Cc2ccccc2)c2ccccc21,674.497
CC1(C)/C(=C/C2=C([O-])/C(=C\c3[se]c4cc(Br)ccc4[n+]3CCCCO)C2=O)N(Cc2ccccc2)c2ccc(Br)cc21,753.393
CC1(C)/C(=C/C2=C([O-])/C(=C\c3[se]c4cc(Br)ccc4[n+]3CCCCO)C2=O)N(Cc2ccccc2)c2ccc(I)cc21,800.393
CC1(C)/C(=C/C2=C([O-])/C(=C\c3[se]c4cc(Br)ccc4[n+]3CCCCO)C2=O)N(Cc2ccsc2)c2ccccc21,680.526
CC1(C)/C(=C/C2=C([O-])/C(=C\c3[se]c4cc(Br)ccc4[n+]3CCCCO)C2=O)N(Cc2ccsc2)c2ccc(Br)cc21,759.422
CC1(C)/C(=C/C2=C([O-])/C(=C\c3[se]c4cc(Br)ccc4[n+]3CCCCO)C2=O)N(Cc2ccsc2)c2ccc(I)cc21,806.422
CCN1/C(=C\C2=C([O-])/C(=C\c3[se]c4cc(I)ccc4[n+]3CCCCO)C2=O)C(C)(C)c2ccccc21,659.426
CCN1/C(=C\C2=C([O-])/C(=C\c3[se]c4cc(I)ccc4[n+]3CCCCO)C2=O)C(C)(C)c2cc(Br)ccc21,738.322
CCN1/C(=C\C2=C([O-])/C(=C\c3[se]c4cc(I)ccc4[n+]3CCCCO)C2=O)C(C)(C)c2cc(I)ccc21,785.322
CCCCN1/C(=C\C2=C([O-])/C(=C\c3[se]c4cc(I)ccc4[n+]3CCCCO)C2=O)C(C)(C)c2ccccc21,687.48
CCCCN1/C(=C\C2=C([O-])/C(=C\c3[se]c4cc(I)ccc4[n+]3CCCCO)C2=O)C(C)(C)c2cc(Br)ccc21,766.376
CCCCN1/C(=C\C2=C([O-])/C(=C\c3[se]c4cc(I)ccc4[n+]3CCCCO)C2=O)C(C)(C)c2cc(I)ccc21,813.376
CC1(C)/C(=C/C2=C([O-])/C(=C\c3[se]c4cc(I)ccc4[n+]3CCCCO)C2=O)N(CCCCN)c2ccccc21,702.495
CC1(C)/C(=C/C2=C([O-])/C(=C\c3[se]c4cc(I)ccc4[n+]3CCCCO)C2=O)N(CCCCN)c2ccc(Br)cc21,781.391
CC1(C)/C(=C/C2=C([O-])/C(=C\c3[se]c4cc(I)ccc4[n+]3CCCCO)C2=O)N(CCCCN)c2ccc(I)cc21,828.391
CC1(C)/C(=C/C2=C([O-])/C(=C\c3[se]c4cc(I)ccc4[n+]3CCCCO)C2=O)N(CCCCO)c2ccccc21,703.479
CC1(C)/C(=C/C2=C([O-])/C(=C\c3[se]c4cc(I)ccc4[n+]3CCCCO)C2=O)N(CCCCO)c2ccc(Br)cc21,782.375
CC1(C)/C(=C/C2=C([O-])/C(=C\c3[se]c4cc(I)ccc4[n+]3CCCCO)C2=O)N(CCCCO)c2ccc(I)cc21,829.375
CC[N+](CC)(CC)CCCCN1/C(=C\C2=C([O-])/C(=C\c3[se]c4cc(I)ccc4[n+]3CCCCO)C2=O)C(C)(C)c2ccccc21,787.665
CC[N+](CC)(CC)CCCCN1/C(=C\C2=C([O-])/C(=C\c3[se]c4cc(I)ccc4[n+]3CCCCO)C2=O)C(C)(C)c2cc(Br)ccc21,866.561
CC[N+](CC)(CC)CCCCN1/C(=C\C2=C([O-])/C(=C\c3[se]c4cc(I)ccc4[n+]3CCCCO)C2=O)C(C)(C)c2cc(I)ccc21,913.561
CC1(C)/C(=C/C2=C([O-])/C(=C\c3[se]c4cc(I)ccc4[n+]3CCCCO)C2=O)N(CCCCS(=O)(=O)O)c2ccccc21,767.544
CC1(C)/C(=C/C2=C([O-])/C(=C\c3[se]c4cc(I)ccc4[n+]3CCCCO)C2=O)N(CCCCS(=O)(=O)O)c2ccc(Br)cc21,846.44
CC1(C)/C(=C/C2=C([O-])/C(=C\c3[se]c4cc(I)ccc4[n+]3CCCCO)C2=O)N(CCCCS(=O)(=O)O)c2ccc(I)cc21,893.44
CC1(C)/C(=C/C2=C([O-])/C(=C\c3[se]c4cc(I)ccc4[n+]3CCCCO)C2=O)N(Cc2ccccc2)c2ccccc21,721.497
CC1(C)/C(=C/C2=C([O-])/C(=C\c3[se]c4cc(I)ccc4[n+]3CCCCO)C2=O)N(Cc2ccccc2)c2ccc(Br)cc21,800.393
CC1(C)/C(=C/C2=C([O-])/C(=C\c3[se]c4cc(I)ccc4[n+]3CCCCO)C2=O)N(Cc2ccccc2)c2ccc(I)cc21,847.393
CC1(C)/C(=C/C2=C([O-])/C(=C\c3[se]c4cc(I)ccc4[n+]3CCCCO)C2=O)N(Cc2ccsc2)c2ccccc21,727.526
CC1(C)/C(=C/C2=C([O-])/C(=C\c3[se]c4cc(I)ccc4[n+]3CCCCO)C2=O)N(Cc2ccsc2)c2ccc(Br)cc21,806.422
CC1(C)/C(=C/C2=C([O-])/C(=C\c3[se]c4cc(I)ccc4[n+]3CCCCO)C2=O)N(Cc2ccsc2)c2ccc(I)cc21,853.422
CCN1/C(=C\C2=C([O-])/C(=C\c3[se]c4ccccc4[n+]3CCCC[N+](CC)(CC)CC)C2=O)C(C)(C)c2ccccc21,617.716
CCN1/C(=C\C2=C([O-])/C(=C\c3[se]c4ccccc4[n+]3CCCC[N+](CC)(CC)CC)C2=O)C(C)(C)c2cc(Br)ccc21,696.612
CCN1/C(=C\C2=C([O-])/C(=C\c3[se]c4ccccc4[n+]3CCCC[N+](CC)(CC)CC)C2=O)C(C)(C)c2cc(I)ccc21,743.612
CCCCN1/C(=C\C2=C([O-])/C(=C\c3[se]c4ccccc4[n+]3CCCC[N+](CC)(CC)CC)C2=O)C(C)(C)c2ccccc21,645.77
CCCCN1/C(=C\C2=C([O-])/C(=C\c3[se]c4ccccc4[n+]3CCCC[N+](CC)(CC)CC)C2=O)C(C)(C)c2cc(Br)ccc21,724.666
CCCCN1/C(=C\C2=C([O-])/C(=C\c3[se]c4ccccc4[n+]3CCCC[N+](CC)(CC)CC)C2=O)C(C)(C)c2cc(I)ccc21,771.666
CC[N+](CC)(CC)CCCC[n+]1c(/C=C2/C(=O)C(/C=C3\N(CCCCN)c4ccccc4C3(C)C)=C2[O-])[se]c2ccccc21,660.785
CC[N+](CC)(CC)CCCC[n+]1c(/C=C2/C(=O)C(/C=C3\N(CCCCN)c4ccc(Br)cc4C3(C)C)=C2[O-])[se]c2ccccc21,739.681
CC[N+](CC)(CC)CCCC[n+]1c(/C=C2/C(=O)C(/C=C3\N(CCCCN)c4ccc(I)cc4C3(C)C)=C2[O-])[se]c2ccccc21,786.681
CC[N+](CC)(CC)CCCC[n+]1c(/C=C2/C(=O)C(/C=C3\N(CCCCO)c4ccccc4C3(C)C)=C2[O-])[se]c2ccccc21,661.769
CC[N+](CC)(CC)CCCC[n+]1c(/C=C2/C(=O)C(/C=C3\N(CCCCO)c4ccc(Br)cc4C3(C)C)=C2[O-])[se]c2ccccc21,740.665
CC[N+](CC)(CC)CCCC[n+]1c(/C=C2/C(=O)C(/C=C3\N(CCCCO)c4ccc(I)cc4C3(C)C)=C2[O-])[se]c2ccccc21,787.665
CC[N+](CC)(CC)CCCCN1/C(=C\C2=C([O-])/C(=C\c3[se]c4ccccc4[n+]3CCCC[N+](CC)(CC)CC)C2=O)C(C)(C)c2ccccc21,745.955
CC[N+](CC)(CC)CCCCN1/C(=C\C2=C([O-])/C(=C\c3[se]c4ccccc4[n+]3CCCC[N+](CC)(CC)CC)C2=O)C(C)(C)c2cc(Br)ccc21,824.851
CC[N+](CC)(CC)CCCCN1/C(=C\C2=C([O-])/C(=C\c3[se]c4ccccc4[n+]3CCCC[N+](CC)(CC)CC)C2=O)C(C)(C)c2cc(I)ccc21,871.851
CC[N+](CC)(CC)CCCC[n+]1c(/C=C2/C(=O)C(/C=C3\N(CCCCS(=O)(=O)O)c4ccccc4C3(C)C)=C2[O-])[se]c2ccccc21,725.834
CC[N+](CC)(CC)CCCC[n+]1c(/C=C2/C(=O)C(/C=C3\N(CCCCS(=O)(=O)O)c4ccc(Br)cc4C3(C)C)=C2[O-])[se]c2ccccc21,804.73
CC[N+](CC)(CC)CCCC[n+]1c(/C=C2/C(=O)C(/C=C3\N(CCCCS(=O)(=O)O)c4ccc(I)cc4C3(C)C)=C2[O-])[se]c2ccccc21,851.73
CC[N+](CC)(CC)CCCC[n+]1c(/C=C2/C(=O)C(/C=C3\N(Cc4ccccc4)c4ccccc4C3(C)C)=C2[O-])[se]c2ccccc21,679.787
CC[N+](CC)(CC)CCCC[n+]1c(/C=C2/C(=O)C(/C=C3\N(Cc4ccccc4)c4ccc(Br)cc4C3(C)C)=C2[O-])[se]c2ccccc21,758.683
CC[N+](CC)(CC)CCCC[n+]1c(/C=C2/C(=O)C(/C=C3\N(Cc4ccccc4)c4ccc(I)cc4C3(C)C)=C2[O-])[se]c2ccccc21,805.683
CC[N+](CC)(CC)CCCC[n+]1c(/C=C2/C(=O)C(/C=C3\N(Cc4ccsc4)c4ccccc4C3(C)C)=C2[O-])[se]c2ccccc21,685.816
CC[N+](CC)(CC)CCCC[n+]1c(/C=C2/C(=O)C(/C=C3\N(Cc4ccsc4)c4ccc(Br)cc4C3(C)C)=C2[O-])[se]c2ccccc21,764.712
CC[N+](CC)(CC)CCCC[n+]1c(/C=C2/C(=O)C(/C=C3\N(Cc4ccsc4)c4ccc(I)cc4C3(C)C)=C2[O-])[se]c2ccccc21,811.712
CCN1/C(=C\C2=C([O-])/C(=C\c3[se]c4cc(Br)ccc4[n+]3CCCC[N+](CC)(CC)CC)C2=O)C(C)(C)c2ccccc21,696.612
CCN1/C(=C\C2=C([O-])/C(=C\c3[se]c4cc(Br)ccc4[n+]3CCCC[N+](CC)(CC)CC)C2=O)C(C)(C)c2cc(Br)ccc21,775.508
CCN1/C(=C\C2=C([O-])/C(=C\c3[se]c4cc(Br)ccc4[n+]3CCCC[N+](CC)(CC)CC)C2=O)C(C)(C)c2cc(I)ccc21,822.508
CCCCN1/C(=C\C2=C([O-])/C(=C\c3[se]c4cc(Br)ccc4[n+]3CCCC[N+](CC)(CC)CC)C2=O)C(C)(C)c2ccccc21,724.666
CCCCN1/C(=C\C2=C([O-])/C(=C\c3[se]c4cc(Br)ccc4[n+]3CCCC[N+](CC)(CC)CC)C2=O)C(C)(C)c2cc(Br)ccc21,803.562
CCCCN1/C(=C\C2=C([O-])/C(=C\c3[se]c4cc(Br)ccc4[n+]3CCCC[N+](CC)(CC)CC)C2=O)C(C)(C)c2cc(I)ccc21,850.562
CC[N+](CC)(CC)CCCC[n+]1c(/C=C2/C(=O)C(/C=C3\N(CCCCN)c4ccccc4C3(C)C)=C2[O-])[se]c2cc(Br)ccc21,739.681
CC[N+](CC)(CC)CCCC[n+]1c(/C=C2/C(=O)C(/C=C3\N(CCCCN)c4ccc(Br)cc4C3(C)C)=C2[O-])[se]c2cc(Br)ccc21,818.577
CC[N+](CC)(CC)CCCC[n+]1c(/C=C2/C(=O)C(/C=C3\N(CCCCN)c4ccc(I)cc4C3(C)C)=C2[O-])[se]c2cc(Br)ccc21,865.577
CC[N+](CC)(CC)CCCC[n+]1c(/C=C2/C(=O)C(/C=C3\N(CCCCO)c4ccccc4C3(C)C)=C2[O-])[se]c2cc(Br)ccc21,740.665
CC[N+](CC)(CC)CCCC[n+]1c(/C=C2/C(=O)C(/C=C3\N(CCCCO)c4ccc(Br)cc4C3(C)C)=C2[O-])[se]c2cc(Br)ccc21,819.561
CC[N+](CC)(CC)CCCC[n+]1c(/C=C2/C(=O)C(/C=C3\N(CCCCO)c4ccc(I)cc4C3(C)C)=C2[O-])[se]c2cc(Br)ccc21,866.561
CC[N+](CC)(CC)CCCCN1/C(=C\C2=C([O-])/C(=C\c3[se]c4cc(Br)ccc4[n+]3CCCC[N+](CC)(CC)CC)C2=O)C(C)(C)c2ccccc21,824.851
CC[N+](CC)(CC)CCCCN1/C(=C\C2=C([O-])/C(=C\c3[se]c4cc(Br)ccc4[n+]3CCCC[N+](CC)(CC)CC)C2=O)C(C)(C)c2cc(Br)ccc21,903.747
CC[N+](CC)(CC)CCCCN1/C(=C\C2=C([O-])/C(=C\c3[se]c4cc(Br)ccc4[n+]3CCCC[N+](CC)(CC)CC)C2=O)C(C)(C)c2cc(I)ccc21,950.747
CC[N+](CC)(CC)CCCC[n+]1c(/C=C2/C(=O)C(/C=C3\N(CCCCS(=O)(=O)O)c4ccccc4C3(C)C)=C2[O-])[se]c2cc(Br)ccc21,804.73
CC[N+](CC)(CC)CCCC[n+]1c(/C=C2/C(=O)C(/C=C3\N(CCCCS(=O)(=O)O)c4ccc(Br)cc4C3(C)C)=C2[O-])[se]c2cc(Br)ccc21,883.626
CC[N+](CC)(CC)CCCC[n+]1c(/C=C2/C(=O)C(/C=C3\N(CCCCS(=O)(=O)O)c4ccc(I)cc4C3(C)C)=C2[O-])[se]c2cc(Br)ccc21,930.626
CC[N+](CC)(CC)CCCC[n+]1c(/C=C2/C(=O)C(/C=C3\N(Cc4ccccc4)c4ccccc4C3(C)C)=C2[O-])[se]c2cc(Br)ccc21,758.683
CC[N+](CC)(CC)CCCC[n+]1c(/C=C2/C(=O)C(/C=C3\N(Cc4ccccc4)c4ccc(Br)cc4C3(C)C)=C2[O-])[se]c2cc(Br)ccc21,837.579
CC[N+](CC)(CC)CCCC[n+]1c(/C=C2/C(=O)C(/C=C3\N(Cc4ccccc4)c4ccc(I)cc4C3(C)C)=C2[O-])[se]c2cc(Br)ccc21,884.579
CC[N+](CC)(CC)CCCC[n+]1c(/C=C2/C(=O)C(/C=C3\N(Cc4ccsc4)c4ccccc4C3(C)C)=C2[O-])[se]c2cc(Br)ccc21,764.712
CC[N+](CC)(CC)CCCC[n+]1c(/C=C2/C(=O)C(/C=C3\N(Cc4ccsc4)c4ccc(Br)cc4C3(C)C)=C2[O-])[se]c2cc(Br)ccc21,843.608
CC[N+](CC)(CC)CCCC[n+]1c(/C=C2/C(=O)C(/C=C3\N(Cc4ccsc4)c4ccc(I)cc4C3(C)C)=C2[O-])[se]c2cc(Br)ccc21,890.608
CCN1/C(=C\C2=C([O-])/C(=C\c3[se]c4cc(I)ccc4[n+]3CCCC[N+](CC)(CC)CC)C2=O)C(C)(C)c2ccccc21,743.612
CCN1/C(=C\C2=C([O-])/C(=C\c3[se]c4cc(I)ccc4[n+]3CCCC[N+](CC)(CC)CC)C2=O)C(C)(C)c2cc(Br)ccc21,822.508
CCN1/C(=C\C2=C([O-])/C(=C\c3[se]c4cc(I)ccc4[n+]3CCCC[N+](CC)(CC)CC)C2=O)C(C)(C)c2cc(I)ccc21,869.508
CCCCN1/C(=C\C2=C([O-])/C(=C\c3[se]c4cc(I)ccc4[n+]3CCCC[N+](CC)(CC)CC)C2=O)C(C)(C)c2ccccc21,771.666
CCCCN1/C(=C\C2=C([O-])/C(=C\c3[se]c4cc(I)ccc4[n+]3CCCC[N+](CC)(CC)CC)C2=O)C(C)(C)c2cc(Br)ccc21,850.562
CCCCN1/C(=C\C2=C([O-])/C(=C\c3[se]c4cc(I)ccc4[n+]3CCCC[N+](CC)(CC)CC)C2=O)C(C)(C)c2cc(I)ccc21,897.562
CC[N+](CC)(CC)CCCC[n+]1c(/C=C2/C(=O)C(/C=C3\N(CCCCN)c4ccccc4C3(C)C)=C2[O-])[se]c2cc(I)ccc21,786.681
CC[N+](CC)(CC)CCCC[n+]1c(/C=C2/C(=O)C(/C=C3\N(CCCCN)c4ccc(Br)cc4C3(C)C)=C2[O-])[se]c2cc(I)ccc21,865.577
CC[N+](CC)(CC)CCCC[n+]1c(/C=C2/C(=O)C(/C=C3\N(CCCCN)c4ccc(I)cc4C3(C)C)=C2[O-])[se]c2cc(I)ccc21,912.577
CC[N+](CC)(CC)CCCC[n+]1c(/C=C2/C(=O)C(/C=C3\N(CCCCO)c4ccccc4C3(C)C)=C2[O-])[se]c2cc(I)ccc21,787.665
CC[N+](CC)(CC)CCCC[n+]1c(/C=C2/C(=O)C(/C=C3\N(CCCCO)c4ccc(Br)cc4C3(C)C)=C2[O-])[se]c2cc(I)ccc21,866.561
CC[N+](CC)(CC)CCCC[n+]1c(/C=C2/C(=O)C(/C=C3\N(CCCCO)c4ccc(I)cc4C3(C)C)=C2[O-])[se]c2cc(I)ccc21,913.561
CC[N+](CC)(CC)CCCCN1/C(=C\C2=C([O-])/C(=C\c3[se]c4cc(I)ccc4[n+]3CCCC[N+](CC)(CC)CC)C2=O)C(C)(C)c2ccccc21,871.851
CC[N+](CC)(CC)CCCCN1/C(=C\C2=C([O-])/C(=C\c3[se]c4cc(I)ccc4[n+]3CCCC[N+](CC)(CC)CC)C2=O)C(C)(C)c2cc(Br)ccc21,950.747
CC[N+](CC)(CC)CCCCN1/C(=C\C2=C([O-])/C(=C\c3[se]c4cc(I)ccc4[n+]3CCCC[N+](CC)(CC)CC)C2=O)C(C)(C)c2cc(I)ccc21,997.747
CC[N+](CC)(CC)CCCC[n+]1c(/C=C2/C(=O)C(/C=C3\N(CCCCS(=O)(=O)O)c4ccccc4C3(C)C)=C2[O-])[se]c2cc(I)ccc21,851.73
CC[N+](CC)(CC)CCCC[n+]1c(/C=C2/C(=O)C(/C=C3\N(CCCCS(=O)(=O)O)c4ccc(Br)cc4C3(C)C)=C2[O-])[se]c2cc(I)ccc21,930.626
CC[N+](CC)(CC)CCCC[n+]1c(/C=C2/C(=O)C(/C=C3\N(CCCCS(=O)(=O)O)c4ccc(I)cc4C3(C)C)=C2[O-])[se]c2cc(I)ccc21,977.626
CC[N+](CC)(CC)CCCC[n+]1c(/C=C2/C(=O)C(/C=C3\N(Cc4ccccc4)c4ccccc4C3(C)C)=C2[O-])[se]c2cc(I)ccc21,805.683
CC[N+](CC)(CC)CCCC[n+]1c(/C=C2/C(=O)C(/C=C3\N(Cc4ccccc4)c4ccc(Br)cc4C3(C)C)=C2[O-])[se]c2cc(I)ccc21,884.579
CC[N+](CC)(CC)CCCC[n+]1c(/C=C2/C(=O)C(/C=C3\N(Cc4ccccc4)c4ccc(I)cc4C3(C)C)=C2[O-])[se]c2cc(I)ccc21,931.579
CC[N+](CC)(CC)CCCC[n+]1c(/C=C2/C(=O)C(/C=C3\N(Cc4ccsc4)c4ccccc4C3(C)C)=C2[O-])[se]c2cc(I)ccc21,811.712
CC[N+](CC)(CC)CCCC[n+]1c(/C=C2/C(=O)C(/C=C3\N(Cc4ccsc4)c4ccc(Br)cc4C3(C)C)=C2[O-])[se]c2cc(I)ccc21,890.608
CC[N+](CC)(CC)CCCC[n+]1c(/C=C2/C(=O)C(/C=C3\N(Cc4ccsc4)c4ccc(I)cc4C3(C)C)=C2[O-])[se]c2cc(I)ccc21,937.608
CCN1/C(=C\C2=C([O-])/C(=C\c3[se]c4ccccc4[n+]3CCCCS(=O)(=O)O)C2=O)C(C)(C)c2ccccc21,597.595
CCN1/C(=C\C2=C([O-])/C(=C\c3[se]c4ccccc4[n+]3CCCCS(=O)(=O)O)C2=O)C(C)(C)c2cc(Br)ccc21,676.491
CCN1/C(=C\C2=C([O-])/C(=C\c3[se]c4ccccc4[n+]3CCCCS(=O)(=O)O)C2=O)C(C)(C)c2cc(I)ccc21,723.491
CCCCN1/C(=C\C2=C([O-])/C(=C\c3[se]c4ccccc4[n+]3CCCCS(=O)(=O)O)C2=O)C(C)(C)c2ccccc21,625.649
CCCCN1/C(=C\C2=C([O-])/C(=C\c3[se]c4ccccc4[n+]3CCCCS(=O)(=O)O)C2=O)C(C)(C)c2cc(Br)ccc21,704.545
CCCCN1/C(=C\C2=C([O-])/C(=C\c3[se]c4ccccc4[n+]3CCCCS(=O)(=O)O)C2=O)C(C)(C)c2cc(I)ccc21,751.545
CC1(C)/C(=C/C2=C([O-])/C(=C\c3[se]c4ccccc4[n+]3CCCCS(=O)(=O)O)C2=O)N(CCCCN)c2ccccc21,640.664
CC1(C)/C(=C/C2=C([O-])/C(=C\c3[se]c4ccccc4[n+]3CCCCS(=O)(=O)O)C2=O)N(CCCCN)c2ccc(Br)cc21,719.56
CC1(C)/C(=C/C2=C([O-])/C(=C\c3[se]c4ccccc4[n+]3CCCCS(=O)(=O)O)C2=O)N(CCCCN)c2ccc(I)cc21,766.56
CC1(C)/C(=C/C2=C([O-])/C(=C\c3[se]c4ccccc4[n+]3CCCCS(=O)(=O)O)C2=O)N(CCCCO)c2ccccc21,641.648
CC1(C)/C(=C/C2=C([O-])/C(=C\c3[se]c4ccccc4[n+]3CCCCS(=O)(=O)O)C2=O)N(CCCCO)c2ccc(Br)cc21,720.544
CC1(C)/C(=C/C2=C([O-])/C(=C\c3[se]c4ccccc4[n+]3CCCCS(=O)(=O)O)C2=O)N(CCCCO)c2ccc(I)cc21,767.544
CC[N+](CC)(CC)CCCCN1/C(=C\C2=C([O-])/C(=C\c3[se]c4ccccc4[n+]3CCCCS(=O)(=O)O)C2=O)C(C)(C)c2ccccc21,725.834
CC[N+](CC)(CC)CCCCN1/C(=C\C2=C([O-])/C(=C\c3[se]c4ccccc4[n+]3CCCCS(=O)(=O)O)C2=O)C(C)(C)c2cc(Br)ccc21,804.73
CC[N+](CC)(CC)CCCCN1/C(=C\C2=C([O-])/C(=C\c3[se]c4ccccc4[n+]3CCCCS(=O)(=O)O)C2=O)C(C)(C)c2cc(I)ccc21,851.73
CC1(C)/C(=C/C2=C([O-])/C(=C\c3[se]c4ccccc4[n+]3CCCCS(=O)(=O)O)C2=O)N(CCCCS(=O)(=O)O)c2ccccc21,705.713
CC1(C)/C(=C/C2=C([O-])/C(=C\c3[se]c4ccccc4[n+]3CCCCS(=O)(=O)O)C2=O)N(CCCCS(=O)(=O)O)c2ccc(Br)cc21,784.609
CC1(C)/C(=C/C2=C([O-])/C(=C\c3[se]c4ccccc4[n+]3CCCCS(=O)(=O)O)C2=O)N(CCCCS(=O)(=O)O)c2ccc(I)cc21,831.609
CC1(C)/C(=C/C2=C([O-])/C(=C\c3[se]c4ccccc4[n+]3CCCCS(=O)(=O)O)C2=O)N(Cc2ccccc2)c2ccccc21,659.666000000001
CC1(C)/C(=C/C2=C([O-])/C(=C\c3[se]c4ccccc4[n+]3CCCCS(=O)(=O)O)C2=O)N(Cc2ccccc2)c2ccc(Br)cc21,738.562000000001
CC1(C)/C(=C/C2=C([O-])/C(=C\c3[se]c4ccccc4[n+]3CCCCS(=O)(=O)O)C2=O)N(Cc2ccccc2)c2ccc(I)cc21,785.562
CC1(C)/C(=C/C2=C([O-])/C(=C\c3[se]c4ccccc4[n+]3CCCCS(=O)(=O)O)C2=O)N(Cc2ccsc2)c2ccccc21,665.695000000001
CC1(C)/C(=C/C2=C([O-])/C(=C\c3[se]c4ccccc4[n+]3CCCCS(=O)(=O)O)C2=O)N(Cc2ccsc2)c2ccc(Br)cc21,744.591000000001
CC1(C)/C(=C/C2=C([O-])/C(=C\c3[se]c4ccccc4[n+]3CCCCS(=O)(=O)O)C2=O)N(Cc2ccsc2)c2ccc(I)cc21,791.591
CCN1/C(=C\C2=C([O-])/C(=C\c3[se]c4cc(Br)ccc4[n+]3CCCCS(=O)(=O)O)C2=O)C(C)(C)c2ccccc21,676.491
CCN1/C(=C\C2=C([O-])/C(=C\c3[se]c4cc(Br)ccc4[n+]3CCCCS(=O)(=O)O)C2=O)C(C)(C)c2cc(Br)ccc21,755.387
CCN1/C(=C\C2=C([O-])/C(=C\c3[se]c4cc(Br)ccc4[n+]3CCCCS(=O)(=O)O)C2=O)C(C)(C)c2cc(I)ccc21,802.387
CCCCN1/C(=C\C2=C([O-])/C(=C\c3[se]c4cc(Br)ccc4[n+]3CCCCS(=O)(=O)O)C2=O)C(C)(C)c2ccccc21,704.545
CCCCN1/C(=C\C2=C([O-])/C(=C\c3[se]c4cc(Br)ccc4[n+]3CCCCS(=O)(=O)O)C2=O)C(C)(C)c2cc(Br)ccc21,783.441
CCCCN1/C(=C\C2=C([O-])/C(=C\c3[se]c4cc(Br)ccc4[n+]3CCCCS(=O)(=O)O)C2=O)C(C)(C)c2cc(I)ccc21,830.441
CC1(C)/C(=C/C2=C([O-])/C(=C\c3[se]c4cc(Br)ccc4[n+]3CCCCS(=O)(=O)O)C2=O)N(CCCCN)c2ccccc21,719.56
CC1(C)/C(=C/C2=C([O-])/C(=C\c3[se]c4cc(Br)ccc4[n+]3CCCCS(=O)(=O)O)C2=O)N(CCCCN)c2ccc(Br)cc21,798.456
CC1(C)/C(=C/C2=C([O-])/C(=C\c3[se]c4cc(Br)ccc4[n+]3CCCCS(=O)(=O)O)C2=O)N(CCCCN)c2ccc(I)cc21,845.456
CC1(C)/C(=C/C2=C([O-])/C(=C\c3[se]c4cc(Br)ccc4[n+]3CCCCS(=O)(=O)O)C2=O)N(CCCCO)c2ccccc21,720.544
CC1(C)/C(=C/C2=C([O-])/C(=C\c3[se]c4cc(Br)ccc4[n+]3CCCCS(=O)(=O)O)C2=O)N(CCCCO)c2ccc(Br)cc21,799.44
CC1(C)/C(=C/C2=C([O-])/C(=C\c3[se]c4cc(Br)ccc4[n+]3CCCCS(=O)(=O)O)C2=O)N(CCCCO)c2ccc(I)cc21,846.44
CC[N+](CC)(CC)CCCCN1/C(=C\C2=C([O-])/C(=C\c3[se]c4cc(Br)ccc4[n+]3CCCCS(=O)(=O)O)C2=O)C(C)(C)c2ccccc21,804.73
CC[N+](CC)(CC)CCCCN1/C(=C\C2=C([O-])/C(=C\c3[se]c4cc(Br)ccc4[n+]3CCCCS(=O)(=O)O)C2=O)C(C)(C)c2cc(Br)ccc21,883.626
CC[N+](CC)(CC)CCCCN1/C(=C\C2=C([O-])/C(=C\c3[se]c4cc(Br)ccc4[n+]3CCCCS(=O)(=O)O)C2=O)C(C)(C)c2cc(I)ccc21,930.626
CC1(C)/C(=C/C2=C([O-])/C(=C\c3[se]c4cc(Br)ccc4[n+]3CCCCS(=O)(=O)O)C2=O)N(CCCCS(=O)(=O)O)c2ccccc21,784.609
CC1(C)/C(=C/C2=C([O-])/C(=C\c3[se]c4cc(Br)ccc4[n+]3CCCCS(=O)(=O)O)C2=O)N(CCCCS(=O)(=O)O)c2ccc(Br)cc21,863.505
CC1(C)/C(=C/C2=C([O-])/C(=C\c3[se]c4cc(Br)ccc4[n+]3CCCCS(=O)(=O)O)C2=O)N(CCCCS(=O)(=O)O)c2ccc(I)cc21,910.505
CC1(C)/C(=C/C2=C([O-])/C(=C\c3[se]c4cc(Br)ccc4[n+]3CCCCS(=O)(=O)O)C2=O)N(Cc2ccccc2)c2ccccc21,738.562000000001
CC1(C)/C(=C/C2=C([O-])/C(=C\c3[se]c4cc(Br)ccc4[n+]3CCCCS(=O)(=O)O)C2=O)N(Cc2ccccc2)c2ccc(Br)cc21,817.458
CC1(C)/C(=C/C2=C([O-])/C(=C\c3[se]c4cc(Br)ccc4[n+]3CCCCS(=O)(=O)O)C2=O)N(Cc2ccccc2)c2ccc(I)cc21,864.458000000001
CC1(C)/C(=C/C2=C([O-])/C(=C\c3[se]c4cc(Br)ccc4[n+]3CCCCS(=O)(=O)O)C2=O)N(Cc2ccsc2)c2ccccc21,744.591000000001
CC1(C)/C(=C/C2=C([O-])/C(=C\c3[se]c4cc(Br)ccc4[n+]3CCCCS(=O)(=O)O)C2=O)N(Cc2ccsc2)c2ccc(Br)cc21,823.487
CC1(C)/C(=C/C2=C([O-])/C(=C\c3[se]c4cc(Br)ccc4[n+]3CCCCS(=O)(=O)O)C2=O)N(Cc2ccsc2)c2ccc(I)cc21,870.487000000001
CCN1/C(=C\C2=C([O-])/C(=C\c3[se]c4cc(I)ccc4[n+]3CCCCS(=O)(=O)O)C2=O)C(C)(C)c2ccccc21,723.491
CCN1/C(=C\C2=C([O-])/C(=C\c3[se]c4cc(I)ccc4[n+]3CCCCS(=O)(=O)O)C2=O)C(C)(C)c2cc(Br)ccc21,802.387
CCN1/C(=C\C2=C([O-])/C(=C\c3[se]c4cc(I)ccc4[n+]3CCCCS(=O)(=O)O)C2=O)C(C)(C)c2cc(I)ccc21,849.387000000001
CCCCN1/C(=C\C2=C([O-])/C(=C\c3[se]c4cc(I)ccc4[n+]3CCCCS(=O)(=O)O)C2=O)C(C)(C)c2ccccc21,751.545
CCCCN1/C(=C\C2=C([O-])/C(=C\c3[se]c4cc(I)ccc4[n+]3CCCCS(=O)(=O)O)C2=O)C(C)(C)c2cc(Br)ccc21,830.441
CCCCN1/C(=C\C2=C([O-])/C(=C\c3[se]c4cc(I)ccc4[n+]3CCCCS(=O)(=O)O)C2=O)C(C)(C)c2cc(I)ccc21,877.441
CC1(C)/C(=C/C2=C([O-])/C(=C\c3[se]c4cc(I)ccc4[n+]3CCCCS(=O)(=O)O)C2=O)N(CCCCN)c2ccccc21,766.56
CC1(C)/C(=C/C2=C([O-])/C(=C\c3[se]c4cc(I)ccc4[n+]3CCCCS(=O)(=O)O)C2=O)N(CCCCN)c2ccc(Br)cc21,845.456
CC1(C)/C(=C/C2=C([O-])/C(=C\c3[se]c4cc(I)ccc4[n+]3CCCCS(=O)(=O)O)C2=O)N(CCCCN)c2ccc(I)cc21,892.456
CC1(C)/C(=C/C2=C([O-])/C(=C\c3[se]c4cc(I)ccc4[n+]3CCCCS(=O)(=O)O)C2=O)N(CCCCO)c2ccccc21,767.544
CC1(C)/C(=C/C2=C([O-])/C(=C\c3[se]c4cc(I)ccc4[n+]3CCCCS(=O)(=O)O)C2=O)N(CCCCO)c2ccc(Br)cc21,846.44
CC1(C)/C(=C/C2=C([O-])/C(=C\c3[se]c4cc(I)ccc4[n+]3CCCCS(=O)(=O)O)C2=O)N(CCCCO)c2ccc(I)cc21,893.44
CC[N+](CC)(CC)CCCCN1/C(=C\C2=C([O-])/C(=C\c3[se]c4cc(I)ccc4[n+]3CCCCS(=O)(=O)O)C2=O)C(C)(C)c2ccccc21,851.73
CC[N+](CC)(CC)CCCCN1/C(=C\C2=C([O-])/C(=C\c3[se]c4cc(I)ccc4[n+]3CCCCS(=O)(=O)O)C2=O)C(C)(C)c2cc(Br)ccc21,930.626
CC[N+](CC)(CC)CCCCN1/C(=C\C2=C([O-])/C(=C\c3[se]c4cc(I)ccc4[n+]3CCCCS(=O)(=O)O)C2=O)C(C)(C)c2cc(I)ccc21,977.626
CC1(C)/C(=C/C2=C([O-])/C(=C\c3[se]c4cc(I)ccc4[n+]3CCCCS(=O)(=O)O)C2=O)N(CCCCS(=O)(=O)O)c2ccccc21,831.609
CC1(C)/C(=C/C2=C([O-])/C(=C\c3[se]c4cc(I)ccc4[n+]3CCCCS(=O)(=O)O)C2=O)N(CCCCS(=O)(=O)O)c2ccc(Br)cc21,910.505
CC1(C)/C(=C/C2=C([O-])/C(=C\c3[se]c4cc(I)ccc4[n+]3CCCCS(=O)(=O)O)C2=O)N(CCCCS(=O)(=O)O)c2ccc(I)cc21,957.505
CC1(C)/C(=C/C2=C([O-])/C(=C\c3[se]c4cc(I)ccc4[n+]3CCCCS(=O)(=O)O)C2=O)N(Cc2ccccc2)c2ccccc21,785.562
CC1(C)/C(=C/C2=C([O-])/C(=C\c3[se]c4cc(I)ccc4[n+]3CCCCS(=O)(=O)O)C2=O)N(Cc2ccccc2)c2ccc(Br)cc21,864.458000000001
CC1(C)/C(=C/C2=C([O-])/C(=C\c3[se]c4cc(I)ccc4[n+]3CCCCS(=O)(=O)O)C2=O)N(Cc2ccccc2)c2ccc(I)cc21,911.458
CC1(C)/C(=C/C2=C([O-])/C(=C\c3[se]c4cc(I)ccc4[n+]3CCCCS(=O)(=O)O)C2=O)N(Cc2ccsc2)c2ccccc21,791.591
CC1(C)/C(=C/C2=C([O-])/C(=C\c3[se]c4cc(I)ccc4[n+]3CCCCS(=O)(=O)O)C2=O)N(Cc2ccsc2)c2ccc(Br)cc21,870.487000000001
CC1(C)/C(=C/C2=C([O-])/C(=C\c3[se]c4cc(I)ccc4[n+]3CCCCS(=O)(=O)O)C2=O)N(Cc2ccsc2)c2ccc(I)cc21,917.487
CCN1/C(=C\C2=C([O-])/C(=C\c3[se]c4ccccc4[n+]3Cc3ccccc3)C2=O)C(C)(C)c2ccccc21,551.548
CCN1/C(=C\C2=C([O-])/C(=C\c3[se]c4ccccc4[n+]3Cc3ccccc3)C2=O)C(C)(C)c2cc(Br)ccc21,630.444
CCN1/C(=C\C2=C([O-])/C(=C\c3[se]c4ccccc4[n+]3Cc3ccccc3)C2=O)C(C)(C)c2cc(I)ccc21,677.444
CCCCN1/C(=C\C2=C([O-])/C(=C\c3[se]c4ccccc4[n+]3Cc3ccccc3)C2=O)C(C)(C)c2ccccc21,579.602
CCCCN1/C(=C\C2=C([O-])/C(=C\c3[se]c4ccccc4[n+]3Cc3ccccc3)C2=O)C(C)(C)c2cc(Br)ccc21,658.498
CCCCN1/C(=C\C2=C([O-])/C(=C\c3[se]c4ccccc4[n+]3Cc3ccccc3)C2=O)C(C)(C)c2cc(I)ccc21,705.498
CC1(C)/C(=C/C2=C([O-])/C(=C\c3[se]c4ccccc4[n+]3Cc3ccccc3)C2=O)N(CCCCN)c2ccccc21,594.617
CC1(C)/C(=C/C2=C([O-])/C(=C\c3[se]c4ccccc4[n+]3Cc3ccccc3)C2=O)N(CCCCN)c2ccc(Br)cc21,673.513
CC1(C)/C(=C/C2=C([O-])/C(=C\c3[se]c4ccccc4[n+]3Cc3ccccc3)C2=O)N(CCCCN)c2ccc(I)cc21,720.513
CC1(C)/C(=C/C2=C([O-])/C(=C\c3[se]c4ccccc4[n+]3Cc3ccccc3)C2=O)N(CCCCO)c2ccccc21,595.601
CC1(C)/C(=C/C2=C([O-])/C(=C\c3[se]c4ccccc4[n+]3Cc3ccccc3)C2=O)N(CCCCO)c2ccc(Br)cc21,674.497
CC1(C)/C(=C/C2=C([O-])/C(=C\c3[se]c4ccccc4[n+]3Cc3ccccc3)C2=O)N(CCCCO)c2ccc(I)cc21,721.497
CC[N+](CC)(CC)CCCCN1/C(=C\C2=C([O-])/C(=C\c3[se]c4ccccc4[n+]3Cc3ccccc3)C2=O)C(C)(C)c2ccccc21,679.787
CC[N+](CC)(CC)CCCCN1/C(=C\C2=C([O-])/C(=C\c3[se]c4ccccc4[n+]3Cc3ccccc3)C2=O)C(C)(C)c2cc(Br)ccc21,758.683
CC[N+](CC)(CC)CCCCN1/C(=C\C2=C([O-])/C(=C\c3[se]c4ccccc4[n+]3Cc3ccccc3)C2=O)C(C)(C)c2cc(I)ccc21,805.683
CC1(C)/C(=C/C2=C([O-])/C(=C\c3[se]c4ccccc4[n+]3Cc3ccccc3)C2=O)N(CCCCS(=O)(=O)O)c2ccccc21,659.666
CC1(C)/C(=C/C2=C([O-])/C(=C\c3[se]c4ccccc4[n+]3Cc3ccccc3)C2=O)N(CCCCS(=O)(=O)O)c2ccc(Br)cc21,738.562
CC1(C)/C(=C/C2=C([O-])/C(=C\c3[se]c4ccccc4[n+]3Cc3ccccc3)C2=O)N(CCCCS(=O)(=O)O)c2ccc(I)cc21,785.562
CC1(C)/C(=C/C2=C([O-])/C(=C\c3[se]c4ccccc4[n+]3Cc3ccccc3)C2=O)N(Cc2ccccc2)c2ccccc21,613.619
CC1(C)/C(=C/C2=C([O-])/C(=C\c3[se]c4ccccc4[n+]3Cc3ccccc3)C2=O)N(Cc2ccccc2)c2ccc(Br)cc21,692.515
CC1(C)/C(=C/C2=C([O-])/C(=C\c3[se]c4ccccc4[n+]3Cc3ccccc3)C2=O)N(Cc2ccccc2)c2ccc(I)cc21,739.515
CC1(C)/C(=C/C2=C([O-])/C(=C\c3[se]c4ccccc4[n+]3Cc3ccccc3)C2=O)N(Cc2ccsc2)c2ccccc21,619.648
CC1(C)/C(=C/C2=C([O-])/C(=C\c3[se]c4ccccc4[n+]3Cc3ccccc3)C2=O)N(Cc2ccsc2)c2ccc(Br)cc21,698.544
CC1(C)/C(=C/C2=C([O-])/C(=C\c3[se]c4ccccc4[n+]3Cc3ccccc3)C2=O)N(Cc2ccsc2)c2ccc(I)cc21,745.544
CCN1/C(=C\C2=C([O-])/C(=C\c3[se]c4cc(Br)ccc4[n+]3Cc3ccccc3)C2=O)C(C)(C)c2ccccc21,630.444
CCN1/C(=C\C2=C([O-])/C(=C\c3[se]c4cc(Br)ccc4[n+]3Cc3ccccc3)C2=O)C(C)(C)c2cc(Br)ccc21,709.34
CCN1/C(=C\C2=C([O-])/C(=C\c3[se]c4cc(Br)ccc4[n+]3Cc3ccccc3)C2=O)C(C)(C)c2cc(I)ccc21,756.34
CCCCN1/C(=C\C2=C([O-])/C(=C\c3[se]c4cc(Br)ccc4[n+]3Cc3ccccc3)C2=O)C(C)(C)c2ccccc21,658.498
CCCCN1/C(=C\C2=C([O-])/C(=C\c3[se]c4cc(Br)ccc4[n+]3Cc3ccccc3)C2=O)C(C)(C)c2cc(Br)ccc21,737.394
CCCCN1/C(=C\C2=C([O-])/C(=C\c3[se]c4cc(Br)ccc4[n+]3Cc3ccccc3)C2=O)C(C)(C)c2cc(I)ccc21,784.394
CC1(C)/C(=C/C2=C([O-])/C(=C\c3[se]c4cc(Br)ccc4[n+]3Cc3ccccc3)C2=O)N(CCCCN)c2ccccc21,673.513
CC1(C)/C(=C/C2=C([O-])/C(=C\c3[se]c4cc(Br)ccc4[n+]3Cc3ccccc3)C2=O)N(CCCCN)c2ccc(Br)cc21,752.409
CC1(C)/C(=C/C2=C([O-])/C(=C\c3[se]c4cc(Br)ccc4[n+]3Cc3ccccc3)C2=O)N(CCCCN)c2ccc(I)cc21,799.409
CC1(C)/C(=C/C2=C([O-])/C(=C\c3[se]c4cc(Br)ccc4[n+]3Cc3ccccc3)C2=O)N(CCCCO)c2ccccc21,674.497
CC1(C)/C(=C/C2=C([O-])/C(=C\c3[se]c4cc(Br)ccc4[n+]3Cc3ccccc3)C2=O)N(CCCCO)c2ccc(Br)cc21,753.393
CC1(C)/C(=C/C2=C([O-])/C(=C\c3[se]c4cc(Br)ccc4[n+]3Cc3ccccc3)C2=O)N(CCCCO)c2ccc(I)cc21,800.393
CC[N+](CC)(CC)CCCCN1/C(=C\C2=C([O-])/C(=C\c3[se]c4cc(Br)ccc4[n+]3Cc3ccccc3)C2=O)C(C)(C)c2ccccc21,758.683
CC[N+](CC)(CC)CCCCN1/C(=C\C2=C([O-])/C(=C\c3[se]c4cc(Br)ccc4[n+]3Cc3ccccc3)C2=O)C(C)(C)c2cc(Br)ccc21,837.579
CC[N+](CC)(CC)CCCCN1/C(=C\C2=C([O-])/C(=C\c3[se]c4cc(Br)ccc4[n+]3Cc3ccccc3)C2=O)C(C)(C)c2cc(I)ccc21,884.579
CC1(C)/C(=C/C2=C([O-])/C(=C\c3[se]c4cc(Br)ccc4[n+]3Cc3ccccc3)C2=O)N(CCCCS(=O)(=O)O)c2ccccc21,738.562
CC1(C)/C(=C/C2=C([O-])/C(=C\c3[se]c4cc(Br)ccc4[n+]3Cc3ccccc3)C2=O)N(CCCCS(=O)(=O)O)c2ccc(Br)cc21,817.458
CC1(C)/C(=C/C2=C([O-])/C(=C\c3[se]c4cc(Br)ccc4[n+]3Cc3ccccc3)C2=O)N(CCCCS(=O)(=O)O)c2ccc(I)cc21,864.458
CC1(C)/C(=C/C2=C([O-])/C(=C\c3[se]c4cc(Br)ccc4[n+]3Cc3ccccc3)C2=O)N(Cc2ccccc2)c2ccccc21,692.515
CC1(C)/C(=C/C2=C([O-])/C(=C\c3[se]c4cc(Br)ccc4[n+]3Cc3ccccc3)C2=O)N(Cc2ccccc2)c2ccc(Br)cc21,771.411
CC1(C)/C(=C/C2=C([O-])/C(=C\c3[se]c4cc(Br)ccc4[n+]3Cc3ccccc3)C2=O)N(Cc2ccccc2)c2ccc(I)cc21,818.411
CC1(C)/C(=C/C2=C([O-])/C(=C\c3[se]c4cc(Br)ccc4[n+]3Cc3ccccc3)C2=O)N(Cc2ccsc2)c2ccccc21,698.544
CC1(C)/C(=C/C2=C([O-])/C(=C\c3[se]c4cc(Br)ccc4[n+]3Cc3ccccc3)C2=O)N(Cc2ccsc2)c2ccc(Br)cc21,777.44
CC1(C)/C(=C/C2=C([O-])/C(=C\c3[se]c4cc(Br)ccc4[n+]3Cc3ccccc3)C2=O)N(Cc2ccsc2)c2ccc(I)cc21,824.44
CCN1/C(=C\C2=C([O-])/C(=C\c3[se]c4cc(I)ccc4[n+]3Cc3ccccc3)C2=O)C(C)(C)c2ccccc21,677.444
CCN1/C(=C\C2=C([O-])/C(=C\c3[se]c4cc(I)ccc4[n+]3Cc3ccccc3)C2=O)C(C)(C)c2cc(Br)ccc21,756.34
CCN1/C(=C\C2=C([O-])/C(=C\c3[se]c4cc(I)ccc4[n+]3Cc3ccccc3)C2=O)C(C)(C)c2cc(I)ccc21,803.34
CCCCN1/C(=C\C2=C([O-])/C(=C\c3[se]c4cc(I)ccc4[n+]3Cc3ccccc3)C2=O)C(C)(C)c2ccccc21,705.498
CCCCN1/C(=C\C2=C([O-])/C(=C\c3[se]c4cc(I)ccc4[n+]3Cc3ccccc3)C2=O)C(C)(C)c2cc(Br)ccc21,784.394
CCCCN1/C(=C\C2=C([O-])/C(=C\c3[se]c4cc(I)ccc4[n+]3Cc3ccccc3)C2=O)C(C)(C)c2cc(I)ccc21,831.394
CC1(C)/C(=C/C2=C([O-])/C(=C\c3[se]c4cc(I)ccc4[n+]3Cc3ccccc3)C2=O)N(CCCCN)c2ccccc21,720.513
CC1(C)/C(=C/C2=C([O-])/C(=C\c3[se]c4cc(I)ccc4[n+]3Cc3ccccc3)C2=O)N(CCCCN)c2ccc(Br)cc21,799.409
CC1(C)/C(=C/C2=C([O-])/C(=C\c3[se]c4cc(I)ccc4[n+]3Cc3ccccc3)C2=O)N(CCCCN)c2ccc(I)cc21,846.409
CC1(C)/C(=C/C2=C([O-])/C(=C\c3[se]c4cc(I)ccc4[n+]3Cc3ccccc3)C2=O)N(CCCCO)c2ccccc21,721.497
CC1(C)/C(=C/C2=C([O-])/C(=C\c3[se]c4cc(I)ccc4[n+]3Cc3ccccc3)C2=O)N(CCCCO)c2ccc(Br)cc21,800.393
CC1(C)/C(=C/C2=C([O-])/C(=C\c3[se]c4cc(I)ccc4[n+]3Cc3ccccc3)C2=O)N(CCCCO)c2ccc(I)cc21,847.393
CC[N+](CC)(CC)CCCCN1/C(=C\C2=C([O-])/C(=C\c3[se]c4cc(I)ccc4[n+]3Cc3ccccc3)C2=O)C(C)(C)c2ccccc21,805.683
CC[N+](CC)(CC)CCCCN1/C(=C\C2=C([O-])/C(=C\c3[se]c4cc(I)ccc4[n+]3Cc3ccccc3)C2=O)C(C)(C)c2cc(Br)ccc21,884.579
CC[N+](CC)(CC)CCCCN1/C(=C\C2=C([O-])/C(=C\c3[se]c4cc(I)ccc4[n+]3Cc3ccccc3)C2=O)C(C)(C)c2cc(I)ccc21,931.579
CC1(C)/C(=C/C2=C([O-])/C(=C\c3[se]c4cc(I)ccc4[n+]3Cc3ccccc3)C2=O)N(CCCCS(=O)(=O)O)c2ccccc21,785.562
CC1(C)/C(=C/C2=C([O-])/C(=C\c3[se]c4cc(I)ccc4[n+]3Cc3ccccc3)C2=O)N(CCCCS(=O)(=O)O)c2ccc(Br)cc21,864.458
CC1(C)/C(=C/C2=C([O-])/C(=C\c3[se]c4cc(I)ccc4[n+]3Cc3ccccc3)C2=O)N(CCCCS(=O)(=O)O)c2ccc(I)cc21,911.458
CC1(C)/C(=C/C2=C([O-])/C(=C\c3[se]c4cc(I)ccc4[n+]3Cc3ccccc3)C2=O)N(Cc2ccccc2)c2ccccc21,739.515
CC1(C)/C(=C/C2=C([O-])/C(=C\c3[se]c4cc(I)ccc4[n+]3Cc3ccccc3)C2=O)N(Cc2ccccc2)c2ccc(Br)cc21,818.411
CC1(C)/C(=C/C2=C([O-])/C(=C\c3[se]c4cc(I)ccc4[n+]3Cc3ccccc3)C2=O)N(Cc2ccccc2)c2ccc(I)cc21,865.411
CC1(C)/C(=C/C2=C([O-])/C(=C\c3[se]c4cc(I)ccc4[n+]3Cc3ccccc3)C2=O)N(Cc2ccsc2)c2ccccc21,745.544
CC1(C)/C(=C/C2=C([O-])/C(=C\c3[se]c4cc(I)ccc4[n+]3Cc3ccccc3)C2=O)N(Cc2ccsc2)c2ccc(Br)cc21,824.44
CC1(C)/C(=C/C2=C([O-])/C(=C\c3[se]c4cc(I)ccc4[n+]3Cc3ccccc3)C2=O)N(Cc2ccsc2)c2ccc(I)cc21,871.44
CCN1/C(=C\C2=C([O-])/C(=C\c3[se]c4ccccc4[n+]3Cc3ccsc3)C2=O)C(C)(C)c2ccccc21,557.577
CCN1/C(=C\C2=C([O-])/C(=C\c3[se]c4ccccc4[n+]3Cc3ccsc3)C2=O)C(C)(C)c2cc(Br)ccc21,636.473
CCN1/C(=C\C2=C([O-])/C(=C\c3[se]c4ccccc4[n+]3Cc3ccsc3)C2=O)C(C)(C)c2cc(I)ccc21,683.473
CCCCN1/C(=C\C2=C([O-])/C(=C\c3[se]c4ccccc4[n+]3Cc3ccsc3)C2=O)C(C)(C)c2ccccc21,585.631
CCCCN1/C(=C\C2=C([O-])/C(=C\c3[se]c4ccccc4[n+]3Cc3ccsc3)C2=O)C(C)(C)c2cc(Br)ccc21,664.527
CCCCN1/C(=C\C2=C([O-])/C(=C\c3[se]c4ccccc4[n+]3Cc3ccsc3)C2=O)C(C)(C)c2cc(I)ccc21,711.527
CC1(C)/C(=C/C2=C([O-])/C(=C\c3[se]c4ccccc4[n+]3Cc3ccsc3)C2=O)N(CCCCN)c2ccccc21,600.646
CC1(C)/C(=C/C2=C([O-])/C(=C\c3[se]c4ccccc4[n+]3Cc3ccsc3)C2=O)N(CCCCN)c2ccc(Br)cc21,679.542
CC1(C)/C(=C/C2=C([O-])/C(=C\c3[se]c4ccccc4[n+]3Cc3ccsc3)C2=O)N(CCCCN)c2ccc(I)cc21,726.542
CC1(C)/C(=C/C2=C([O-])/C(=C\c3[se]c4ccccc4[n+]3Cc3ccsc3)C2=O)N(CCCCO)c2ccccc21,601.63
CC1(C)/C(=C/C2=C([O-])/C(=C\c3[se]c4ccccc4[n+]3Cc3ccsc3)C2=O)N(CCCCO)c2ccc(Br)cc21,680.526
CC1(C)/C(=C/C2=C([O-])/C(=C\c3[se]c4ccccc4[n+]3Cc3ccsc3)C2=O)N(CCCCO)c2ccc(I)cc21,727.526
CC[N+](CC)(CC)CCCCN1/C(=C\C2=C([O-])/C(=C\c3[se]c4ccccc4[n+]3Cc3ccsc3)C2=O)C(C)(C)c2ccccc21,685.816
CC[N+](CC)(CC)CCCCN1/C(=C\C2=C([O-])/C(=C\c3[se]c4ccccc4[n+]3Cc3ccsc3)C2=O)C(C)(C)c2cc(Br)ccc21,764.712
CC[N+](CC)(CC)CCCCN1/C(=C\C2=C([O-])/C(=C\c3[se]c4ccccc4[n+]3Cc3ccsc3)C2=O)C(C)(C)c2cc(I)ccc21,811.712
CC1(C)/C(=C/C2=C([O-])/C(=C\c3[se]c4ccccc4[n+]3Cc3ccsc3)C2=O)N(CCCCS(=O)(=O)O)c2ccccc21,665.695
CC1(C)/C(=C/C2=C([O-])/C(=C\c3[se]c4ccccc4[n+]3Cc3ccsc3)C2=O)N(CCCCS(=O)(=O)O)c2ccc(Br)cc21,744.591
CC1(C)/C(=C/C2=C([O-])/C(=C\c3[se]c4ccccc4[n+]3Cc3ccsc3)C2=O)N(CCCCS(=O)(=O)O)c2ccc(I)cc21,791.591
CC1(C)/C(=C/C2=C([O-])/C(=C\c3[se]c4ccccc4[n+]3Cc3ccsc3)C2=O)N(Cc2ccccc2)c2ccccc21,619.648
CC1(C)/C(=C/C2=C([O-])/C(=C\c3[se]c4ccccc4[n+]3Cc3ccsc3)C2=O)N(Cc2ccccc2)c2ccc(Br)cc21,698.544
CC1(C)/C(=C/C2=C([O-])/C(=C\c3[se]c4ccccc4[n+]3Cc3ccsc3)C2=O)N(Cc2ccccc2)c2ccc(I)cc21,745.544
CC1(C)/C(=C/C2=C([O-])/C(=C\c3[se]c4ccccc4[n+]3Cc3ccsc3)C2=O)N(Cc2ccsc2)c2ccccc21,625.677
CC1(C)/C(=C/C2=C([O-])/C(=C\c3[se]c4ccccc4[n+]3Cc3ccsc3)C2=O)N(Cc2ccsc2)c2ccc(Br)cc21,704.573
CC1(C)/C(=C/C2=C([O-])/C(=C\c3[se]c4ccccc4[n+]3Cc3ccsc3)C2=O)N(Cc2ccsc2)c2ccc(I)cc21,751.573
CCN1/C(=C\C2=C([O-])/C(=C\c3[se]c4cc(Br)ccc4[n+]3Cc3ccsc3)C2=O)C(C)(C)c2ccccc21,636.473
CCN1/C(=C\C2=C([O-])/C(=C\c3[se]c4cc(Br)ccc4[n+]3Cc3ccsc3)C2=O)C(C)(C)c2cc(Br)ccc21,715.369
CCN1/C(=C\C2=C([O-])/C(=C\c3[se]c4cc(Br)ccc4[n+]3Cc3ccsc3)C2=O)C(C)(C)c2cc(I)ccc21,762.369
CCCCN1/C(=C\C2=C([O-])/C(=C\c3[se]c4cc(Br)ccc4[n+]3Cc3ccsc3)C2=O)C(C)(C)c2ccccc21,664.527
CCCCN1/C(=C\C2=C([O-])/C(=C\c3[se]c4cc(Br)ccc4[n+]3Cc3ccsc3)C2=O)C(C)(C)c2cc(Br)ccc21,743.423
CCCCN1/C(=C\C2=C([O-])/C(=C\c3[se]c4cc(Br)ccc4[n+]3Cc3ccsc3)C2=O)C(C)(C)c2cc(I)ccc21,790.423
CC1(C)/C(=C/C2=C([O-])/C(=C\c3[se]c4cc(Br)ccc4[n+]3Cc3ccsc3)C2=O)N(CCCCN)c2ccccc21,679.542
CC1(C)/C(=C/C2=C([O-])/C(=C\c3[se]c4cc(Br)ccc4[n+]3Cc3ccsc3)C2=O)N(CCCCN)c2ccc(Br)cc21,758.438
CC1(C)/C(=C/C2=C([O-])/C(=C\c3[se]c4cc(Br)ccc4[n+]3Cc3ccsc3)C2=O)N(CCCCN)c2ccc(I)cc21,805.438
CC1(C)/C(=C/C2=C([O-])/C(=C\c3[se]c4cc(Br)ccc4[n+]3Cc3ccsc3)C2=O)N(CCCCO)c2ccccc21,680.526
CC1(C)/C(=C/C2=C([O-])/C(=C\c3[se]c4cc(Br)ccc4[n+]3Cc3ccsc3)C2=O)N(CCCCO)c2ccc(Br)cc21,759.422
CC1(C)/C(=C/C2=C([O-])/C(=C\c3[se]c4cc(Br)ccc4[n+]3Cc3ccsc3)C2=O)N(CCCCO)c2ccc(I)cc21,806.422
CC[N+](CC)(CC)CCCCN1/C(=C\C2=C([O-])/C(=C\c3[se]c4cc(Br)ccc4[n+]3Cc3ccsc3)C2=O)C(C)(C)c2ccccc21,764.712
CC[N+](CC)(CC)CCCCN1/C(=C\C2=C([O-])/C(=C\c3[se]c4cc(Br)ccc4[n+]3Cc3ccsc3)C2=O)C(C)(C)c2cc(Br)ccc21,843.608
CC[N+](CC)(CC)CCCCN1/C(=C\C2=C([O-])/C(=C\c3[se]c4cc(Br)ccc4[n+]3Cc3ccsc3)C2=O)C(C)(C)c2cc(I)ccc21,890.608
CC1(C)/C(=C/C2=C([O-])/C(=C\c3[se]c4cc(Br)ccc4[n+]3Cc3ccsc3)C2=O)N(CCCCS(=O)(=O)O)c2ccccc21,744.591
CC1(C)/C(=C/C2=C([O-])/C(=C\c3[se]c4cc(Br)ccc4[n+]3Cc3ccsc3)C2=O)N(CCCCS(=O)(=O)O)c2ccc(Br)cc21,823.487
CC1(C)/C(=C/C2=C([O-])/C(=C\c3[se]c4cc(Br)ccc4[n+]3Cc3ccsc3)C2=O)N(CCCCS(=O)(=O)O)c2ccc(I)cc21,870.487
CC1(C)/C(=C/C2=C([O-])/C(=C\c3[se]c4cc(Br)ccc4[n+]3Cc3ccsc3)C2=O)N(Cc2ccccc2)c2ccccc21,698.544
CC1(C)/C(=C/C2=C([O-])/C(=C\c3[se]c4cc(Br)ccc4[n+]3Cc3ccsc3)C2=O)N(Cc2ccccc2)c2ccc(Br)cc21,777.44
CC1(C)/C(=C/C2=C([O-])/C(=C\c3[se]c4cc(Br)ccc4[n+]3Cc3ccsc3)C2=O)N(Cc2ccccc2)c2ccc(I)cc21,824.44
CC1(C)/C(=C/C2=C([O-])/C(=C\c3[se]c4cc(Br)ccc4[n+]3Cc3ccsc3)C2=O)N(Cc2ccsc2)c2ccccc21,704.573
CC1(C)/C(=C/C2=C([O-])/C(=C\c3[se]c4cc(Br)ccc4[n+]3Cc3ccsc3)C2=O)N(Cc2ccsc2)c2ccc(Br)cc21,783.469
CC1(C)/C(=C/C2=C([O-])/C(=C\c3[se]c4cc(Br)ccc4[n+]3Cc3ccsc3)C2=O)N(Cc2ccsc2)c2ccc(I)cc21,830.469
CCN1/C(=C\C2=C([O-])/C(=C\c3[se]c4cc(I)ccc4[n+]3Cc3ccsc3)C2=O)C(C)(C)c2ccccc21,683.473
CCN1/C(=C\C2=C([O-])/C(=C\c3[se]c4cc(I)ccc4[n+]3Cc3ccsc3)C2=O)C(C)(C)c2cc(Br)ccc21,762.369
CCN1/C(=C\C2=C([O-])/C(=C\c3[se]c4cc(I)ccc4[n+]3Cc3ccsc3)C2=O)C(C)(C)c2cc(I)ccc21,809.369
CCCCN1/C(=C\C2=C([O-])/C(=C\c3[se]c4cc(I)ccc4[n+]3Cc3ccsc3)C2=O)C(C)(C)c2ccccc21,711.527
CCCCN1/C(=C\C2=C([O-])/C(=C\c3[se]c4cc(I)ccc4[n+]3Cc3ccsc3)C2=O)C(C)(C)c2cc(Br)ccc21,790.423
CCCCN1/C(=C\C2=C([O-])/C(=C\c3[se]c4cc(I)ccc4[n+]3Cc3ccsc3)C2=O)C(C)(C)c2cc(I)ccc21,837.423
CC1(C)/C(=C/C2=C([O-])/C(=C\c3[se]c4cc(I)ccc4[n+]3Cc3ccsc3)C2=O)N(CCCCN)c2ccccc21,726.542
CC1(C)/C(=C/C2=C([O-])/C(=C\c3[se]c4cc(I)ccc4[n+]3Cc3ccsc3)C2=O)N(CCCCN)c2ccc(Br)cc21,805.438
CC1(C)/C(=C/C2=C([O-])/C(=C\c3[se]c4cc(I)ccc4[n+]3Cc3ccsc3)C2=O)N(CCCCN)c2ccc(I)cc21,852.438
CC1(C)/C(=C/C2=C([O-])/C(=C\c3[se]c4cc(I)ccc4[n+]3Cc3ccsc3)C2=O)N(CCCCO)c2ccccc21,727.526
CC1(C)/C(=C/C2=C([O-])/C(=C\c3[se]c4cc(I)ccc4[n+]3Cc3ccsc3)C2=O)N(CCCCO)c2ccc(Br)cc21,806.422
CC1(C)/C(=C/C2=C([O-])/C(=C\c3[se]c4cc(I)ccc4[n+]3Cc3ccsc3)C2=O)N(CCCCO)c2ccc(I)cc21,853.422
CC[N+](CC)(CC)CCCCN1/C(=C\C2=C([O-])/C(=C\c3[se]c4cc(I)ccc4[n+]3Cc3ccsc3)C2=O)C(C)(C)c2ccccc21,811.712
CC[N+](CC)(CC)CCCCN1/C(=C\C2=C([O-])/C(=C\c3[se]c4cc(I)ccc4[n+]3Cc3ccsc3)C2=O)C(C)(C)c2cc(Br)ccc21,890.608
CC[N+](CC)(CC)CCCCN1/C(=C\C2=C([O-])/C(=C\c3[se]c4cc(I)ccc4[n+]3Cc3ccsc3)C2=O)C(C)(C)c2cc(I)ccc21,937.608
CC1(C)/C(=C/C2=C([O-])/C(=C\c3[se]c4cc(I)ccc4[n+]3Cc3ccsc3)C2=O)N(CCCCS(=O)(=O)O)c2ccccc21,791.591
CC1(C)/C(=C/C2=C([O-])/C(=C\c3[se]c4cc(I)ccc4[n+]3Cc3ccsc3)C2=O)N(CCCCS(=O)(=O)O)c2ccc(Br)cc21,870.487
CC1(C)/C(=C/C2=C([O-])/C(=C\c3[se]c4cc(I)ccc4[n+]3Cc3ccsc3)C2=O)N(CCCCS(=O)(=O)O)c2ccc(I)cc21,917.487
CC1(C)/C(=C/C2=C([O-])/C(=C\c3[se]c4cc(I)ccc4[n+]3Cc3ccsc3)C2=O)N(Cc2ccccc2)c2ccccc21,745.544
CC1(C)/C(=C/C2=C([O-])/C(=C\c3[se]c4cc(I)ccc4[n+]3Cc3ccsc3)C2=O)N(Cc2ccccc2)c2ccc(Br)cc21,824.44
CC1(C)/C(=C/C2=C([O-])/C(=C\c3[se]c4cc(I)ccc4[n+]3Cc3ccsc3)C2=O)N(Cc2ccccc2)c2ccc(I)cc21,871.44
CC1(C)/C(=C/C2=C([O-])/C(=C\c3[se]c4cc(I)ccc4[n+]3Cc3ccsc3)C2=O)N(Cc2ccsc2)c2ccccc21,751.573
CC1(C)/C(=C/C2=C([O-])/C(=C\c3[se]c4cc(I)ccc4[n+]3Cc3ccsc3)C2=O)N(Cc2ccsc2)c2ccc(Br)cc21,830.469
CC1(C)/C(=C/C2=C([O-])/C(=C\c3[se]c4cc(I)ccc4[n+]3Cc3ccsc3)C2=O)N(Cc2ccsc2)c2ccc(I)cc21,877.469
CCN1/C(=C\C2=C([O-])/C(=C\C3=[N+](CC)c4ccccc4C3(C)C)C2=O)C(C)(C)c2ccccc21,452.598
CCN1/C(=C\C2=C([O-])/C(=C\C3=[N+](CC)c4ccccc4C3(C)C)C2=O)C(C)(C)c2cc(Br)ccc21,531.494
CCN1/C(=C\C2=C([O-])/C(=C\C3=[N+](CC)c4ccccc4C3(C)C)C2=O)C(C)(C)c2cc(I)ccc21,578.494
CCCCN1/C(=C\C2=C([O-])/C(=C\C3=[N+](CC)c4ccccc4C3(C)C)C2=O)C(C)(C)c2ccccc21,480.652
CCCCN1/C(=C\C2=C([O-])/C(=C\C3=[N+](CC)c4ccccc4C3(C)C)C2=O)C(C)(C)c2cc(Br)ccc21,559.548
CCCCN1/C(=C\C2=C([O-])/C(=C\C3=[N+](CC)c4ccccc4C3(C)C)C2=O)C(C)(C)c2cc(I)ccc21,606.548
CC[N+]1=C(/C=C2/C(=O)C(/C=C3\N(CCCCN)c4ccccc4C3(C)C)=C2[O-])C(C)(C)c2ccccc21,495.667
CC[N+]1=C(/C=C2/C(=O)C(/C=C3\N(CCCCN)c4ccc(Br)cc4C3(C)C)=C2[O-])C(C)(C)c2ccccc21,574.563
CC[N+]1=C(/C=C2/C(=O)C(/C=C3\N(CCCCN)c4ccc(I)cc4C3(C)C)=C2[O-])C(C)(C)c2ccccc21,621.563
CC[N+]1=C(/C=C2/C(=O)C(/C=C3\N(CCCCO)c4ccccc4C3(C)C)=C2[O-])C(C)(C)c2ccccc21,496.651
CC[N+]1=C(/C=C2/C(=O)C(/C=C3\N(CCCCO)c4ccc(Br)cc4C3(C)C)=C2[O-])C(C)(C)c2ccccc21,575.547
CC[N+]1=C(/C=C2/C(=O)C(/C=C3\N(CCCCO)c4ccc(I)cc4C3(C)C)=C2[O-])C(C)(C)c2ccccc21,622.547
CC[N+]1=C(/C=C2/C(=O)C(/C=C3\N(CCCC[N+](CC)(CC)CC)c4ccccc4C3(C)C)=C2[O-])C(C)(C)c2ccccc21,580.837
CC[N+]1=C(/C=C2/C(=O)C(/C=C3\N(CCCC[N+](CC)(CC)CC)c4ccc(Br)cc4C3(C)C)=C2[O-])C(C)(C)c2ccccc21,659.733
CC[N+]1=C(/C=C2/C(=O)C(/C=C3\N(CCCC[N+](CC)(CC)CC)c4ccc(I)cc4C3(C)C)=C2[O-])C(C)(C)c2ccccc21,706.733
CC[N+]1=C(/C=C2/C(=O)C(/C=C3\N(CCCCS(=O)(=O)O)c4ccccc4C3(C)C)=C2[O-])C(C)(C)c2ccccc21,560.716000000001
CC[N+]1=C(/C=C2/C(=O)C(/C=C3\N(CCCCS(=O)(=O)O)c4ccc(Br)cc4C3(C)C)=C2[O-])C(C)(C)c2ccccc21,639.612
CC[N+]1=C(/C=C2/C(=O)C(/C=C3\N(CCCCS(=O)(=O)O)c4ccc(I)cc4C3(C)C)=C2[O-])C(C)(C)c2ccccc21,686.612
CC[N+]1=C(/C=C2/C(=O)C(/C=C3\N(Cc4ccccc4)c4ccccc4C3(C)C)=C2[O-])C(C)(C)c2ccccc21,514.669
CC[N+]1=C(/C=C2/C(=O)C(/C=C3\N(Cc4ccccc4)c4ccc(Br)cc4C3(C)C)=C2[O-])C(C)(C)c2ccccc21,593.565
CC[N+]1=C(/C=C2/C(=O)C(/C=C3\N(Cc4ccccc4)c4ccc(I)cc4C3(C)C)=C2[O-])C(C)(C)c2ccccc21,640.565
CC[N+]1=C(/C=C2/C(=O)C(/C=C3\N(Cc4ccsc4)c4ccccc4C3(C)C)=C2[O-])C(C)(C)c2ccccc21,520.698
CC[N+]1=C(/C=C2/C(=O)C(/C=C3\N(Cc4ccsc4)c4ccc(Br)cc4C3(C)C)=C2[O-])C(C)(C)c2ccccc21,599.594
CC[N+]1=C(/C=C2/C(=O)C(/C=C3\N(Cc4ccsc4)c4ccc(I)cc4C3(C)C)=C2[O-])C(C)(C)c2ccccc21,646.594
CCN1/C(=C\C2=C([O-])/C(=C\C3=[N+](CC)c4ccc(Br)cc4C3(C)C)C2=O)C(C)(C)c2ccccc21,531.494
CCN1/C(=C\C2=C([O-])/C(=C\C3=[N+](CC)c4ccc(Br)cc4C3(C)C)C2=O)C(C)(C)c2cc(Br)ccc21,610.39
CCN1/C(=C\C2=C([O-])/C(=C\C3=[N+](CC)c4ccc(Br)cc4C3(C)C)C2=O)C(C)(C)c2cc(I)ccc21,657.39
CCCCN1/C(=C\C2=C([O-])/C(=C\C3=[N+](CC)c4ccc(Br)cc4C3(C)C)C2=O)C(C)(C)c2ccccc21,559.548
CCCCN1/C(=C\C2=C([O-])/C(=C\C3=[N+](CC)c4ccc(Br)cc4C3(C)C)C2=O)C(C)(C)c2cc(Br)ccc21,638.444
CCCCN1/C(=C\C2=C([O-])/C(=C\C3=[N+](CC)c4ccc(Br)cc4C3(C)C)C2=O)C(C)(C)c2cc(I)ccc21,685.444
CC[N+]1=C(/C=C2/C(=O)C(/C=C3\N(CCCCN)c4ccccc4C3(C)C)=C2[O-])C(C)(C)c2cc(Br)ccc21,574.563
CC[N+]1=C(/C=C2/C(=O)C(/C=C3\N(CCCCN)c4ccc(Br)cc4C3(C)C)=C2[O-])C(C)(C)c2cc(Br)ccc21,653.459
CC[N+]1=C(/C=C2/C(=O)C(/C=C3\N(CCCCN)c4ccc(I)cc4C3(C)C)=C2[O-])C(C)(C)c2cc(Br)ccc21,700.459
CC[N+]1=C(/C=C2/C(=O)C(/C=C3\N(CCCCO)c4ccccc4C3(C)C)=C2[O-])C(C)(C)c2cc(Br)ccc21,575.547
CC[N+]1=C(/C=C2/C(=O)C(/C=C3\N(CCCCO)c4ccc(Br)cc4C3(C)C)=C2[O-])C(C)(C)c2cc(Br)ccc21,654.443
CC[N+]1=C(/C=C2/C(=O)C(/C=C3\N(CCCCO)c4ccc(I)cc4C3(C)C)=C2[O-])C(C)(C)c2cc(Br)ccc21,701.443
CC[N+]1=C(/C=C2/C(=O)C(/C=C3\N(CCCC[N+](CC)(CC)CC)c4ccccc4C3(C)C)=C2[O-])C(C)(C)c2cc(Br)ccc21,659.733
CC[N+]1=C(/C=C2/C(=O)C(/C=C3\N(CCCC[N+](CC)(CC)CC)c4ccc(Br)cc4C3(C)C)=C2[O-])C(C)(C)c2cc(Br)ccc21,738.629
CC[N+]1=C(/C=C2/C(=O)C(/C=C3\N(CCCC[N+](CC)(CC)CC)c4ccc(I)cc4C3(C)C)=C2[O-])C(C)(C)c2cc(Br)ccc21,785.629
CC[N+]1=C(/C=C2/C(=O)C(/C=C3\N(CCCCS(=O)(=O)O)c4ccccc4C3(C)C)=C2[O-])C(C)(C)c2cc(Br)ccc21,639.612
CC[N+]1=C(/C=C2/C(=O)C(/C=C3\N(CCCCS(=O)(=O)O)c4ccc(Br)cc4C3(C)C)=C2[O-])C(C)(C)c2cc(Br)ccc21,718.508
CC[N+]1=C(/C=C2/C(=O)C(/C=C3\N(CCCCS(=O)(=O)O)c4ccc(I)cc4C3(C)C)=C2[O-])C(C)(C)c2cc(Br)ccc21,765.508
CC[N+]1=C(/C=C2/C(=O)C(/C=C3\N(Cc4ccccc4)c4ccccc4C3(C)C)=C2[O-])C(C)(C)c2cc(Br)ccc21,593.565
CC[N+]1=C(/C=C2/C(=O)C(/C=C3\N(Cc4ccccc4)c4ccc(Br)cc4C3(C)C)=C2[O-])C(C)(C)c2cc(Br)ccc21,672.461
CC[N+]1=C(/C=C2/C(=O)C(/C=C3\N(Cc4ccccc4)c4ccc(I)cc4C3(C)C)=C2[O-])C(C)(C)c2cc(Br)ccc21,719.461
CC[N+]1=C(/C=C2/C(=O)C(/C=C3\N(Cc4ccsc4)c4ccccc4C3(C)C)=C2[O-])C(C)(C)c2cc(Br)ccc21,599.594
CC[N+]1=C(/C=C2/C(=O)C(/C=C3\N(Cc4ccsc4)c4ccc(Br)cc4C3(C)C)=C2[O-])C(C)(C)c2cc(Br)ccc21,678.49
CC[N+]1=C(/C=C2/C(=O)C(/C=C3\N(Cc4ccsc4)c4ccc(I)cc4C3(C)C)=C2[O-])C(C)(C)c2cc(Br)ccc21,725.49
CCN1/C(=C\C2=C([O-])/C(=C\C3=[N+](CC)c4ccc(I)cc4C3(C)C)C2=O)C(C)(C)c2ccccc21,578.494
CCN1/C(=C\C2=C([O-])/C(=C\C3=[N+](CC)c4ccc(I)cc4C3(C)C)C2=O)C(C)(C)c2cc(Br)ccc21,657.39
CCN1/C(=C\C2=C([O-])/C(=C\C3=[N+](CC)c4ccc(I)cc4C3(C)C)C2=O)C(C)(C)c2cc(I)ccc21,704.39
CCCCN1/C(=C\C2=C([O-])/C(=C\C3=[N+](CC)c4ccc(I)cc4C3(C)C)C2=O)C(C)(C)c2ccccc21,606.548
CCCCN1/C(=C\C2=C([O-])/C(=C\C3=[N+](CC)c4ccc(I)cc4C3(C)C)C2=O)C(C)(C)c2cc(Br)ccc21,685.444
CCCCN1/C(=C\C2=C([O-])/C(=C\C3=[N+](CC)c4ccc(I)cc4C3(C)C)C2=O)C(C)(C)c2cc(I)ccc21,732.444
CC[N+]1=C(/C=C2/C(=O)C(/C=C3\N(CCCCN)c4ccccc4C3(C)C)=C2[O-])C(C)(C)c2cc(I)ccc21,621.563
CC[N+]1=C(/C=C2/C(=O)C(/C=C3\N(CCCCN)c4ccc(Br)cc4C3(C)C)=C2[O-])C(C)(C)c2cc(I)ccc21,700.459
CC[N+]1=C(/C=C2/C(=O)C(/C=C3\N(CCCCN)c4ccc(I)cc4C3(C)C)=C2[O-])C(C)(C)c2cc(I)ccc21,747.459
CC[N+]1=C(/C=C2/C(=O)C(/C=C3\N(CCCCO)c4ccccc4C3(C)C)=C2[O-])C(C)(C)c2cc(I)ccc21,622.547
CC[N+]1=C(/C=C2/C(=O)C(/C=C3\N(CCCCO)c4ccc(Br)cc4C3(C)C)=C2[O-])C(C)(C)c2cc(I)ccc21,701.443
CC[N+]1=C(/C=C2/C(=O)C(/C=C3\N(CCCCO)c4ccc(I)cc4C3(C)C)=C2[O-])C(C)(C)c2cc(I)ccc21,748.443
CC[N+]1=C(/C=C2/C(=O)C(/C=C3\N(CCCC[N+](CC)(CC)CC)c4ccccc4C3(C)C)=C2[O-])C(C)(C)c2cc(I)ccc21,706.733
CC[N+]1=C(/C=C2/C(=O)C(/C=C3\N(CCCC[N+](CC)(CC)CC)c4ccc(Br)cc4C3(C)C)=C2[O-])C(C)(C)c2cc(I)ccc21,785.629
CC[N+]1=C(/C=C2/C(=O)C(/C=C3\N(CCCC[N+](CC)(CC)CC)c4ccc(I)cc4C3(C)C)=C2[O-])C(C)(C)c2cc(I)ccc21,832.629
CC[N+]1=C(/C=C2/C(=O)C(/C=C3\N(CCCCS(=O)(=O)O)c4ccccc4C3(C)C)=C2[O-])C(C)(C)c2cc(I)ccc21,686.612
CC[N+]1=C(/C=C2/C(=O)C(/C=C3\N(CCCCS(=O)(=O)O)c4ccc(Br)cc4C3(C)C)=C2[O-])C(C)(C)c2cc(I)ccc21,765.508
CC[N+]1=C(/C=C2/C(=O)C(/C=C3\N(CCCCS(=O)(=O)O)c4ccc(I)cc4C3(C)C)=C2[O-])C(C)(C)c2cc(I)ccc21,812.508
CC[N+]1=C(/C=C2/C(=O)C(/C=C3\N(Cc4ccccc4)c4ccccc4C3(C)C)=C2[O-])C(C)(C)c2cc(I)ccc21,640.565
CC[N+]1=C(/C=C2/C(=O)C(/C=C3\N(Cc4ccccc4)c4ccc(Br)cc4C3(C)C)=C2[O-])C(C)(C)c2cc(I)ccc21,719.461
CC[N+]1=C(/C=C2/C(=O)C(/C=C3\N(Cc4ccccc4)c4ccc(I)cc4C3(C)C)=C2[O-])C(C)(C)c2cc(I)ccc21,766.461
CC[N+]1=C(/C=C2/C(=O)C(/C=C3\N(Cc4ccsc4)c4ccccc4C3(C)C)=C2[O-])C(C)(C)c2cc(I)ccc21,646.594
CC[N+]1=C(/C=C2/C(=O)C(/C=C3\N(Cc4ccsc4)c4ccc(Br)cc4C3(C)C)=C2[O-])C(C)(C)c2cc(I)ccc21,725.49
CC[N+]1=C(/C=C2/C(=O)C(/C=C3\N(Cc4ccsc4)c4ccc(I)cc4C3(C)C)=C2[O-])C(C)(C)c2cc(I)ccc21,772.49
CCCC[N+]1=C(/C=C2/C(=O)C(/C=C3\N(CC)c4ccccc4C3(C)C)=C2[O-])C(C)(C)c2ccccc21,480.652
CCCC[N+]1=C(/C=C2/C(=O)C(/C=C3\N(CC)c4ccc(Br)cc4C3(C)C)=C2[O-])C(C)(C)c2ccccc21,559.548
CCCC[N+]1=C(/C=C2/C(=O)C(/C=C3\N(CC)c4ccc(I)cc4C3(C)C)=C2[O-])C(C)(C)c2ccccc21,606.548
CCCCN1/C(=C\C2=C([O-])/C(=C\C3=[N+](CCCC)c4ccccc4C3(C)C)C2=O)C(C)(C)c2ccccc21,508.706
CCCCN1/C(=C\C2=C([O-])/C(=C\C3=[N+](CCCC)c4ccccc4C3(C)C)C2=O)C(C)(C)c2cc(Br)ccc21,587.602
CCCCN1/C(=C\C2=C([O-])/C(=C\C3=[N+](CCCC)c4ccccc4C3(C)C)C2=O)C(C)(C)c2cc(I)ccc21,634.602
CCCC[N+]1=C(/C=C2/C(=O)C(/C=C3\N(CCCCN)c4ccccc4C3(C)C)=C2[O-])C(C)(C)c2ccccc21,523.721
CCCC[N+]1=C(/C=C2/C(=O)C(/C=C3\N(CCCCN)c4ccc(Br)cc4C3(C)C)=C2[O-])C(C)(C)c2ccccc21,602.617
CCCC[N+]1=C(/C=C2/C(=O)C(/C=C3\N(CCCCN)c4ccc(I)cc4C3(C)C)=C2[O-])C(C)(C)c2ccccc21,649.617
CCCC[N+]1=C(/C=C2/C(=O)C(/C=C3\N(CCCCO)c4ccccc4C3(C)C)=C2[O-])C(C)(C)c2ccccc21,524.705000000001
CCCC[N+]1=C(/C=C2/C(=O)C(/C=C3\N(CCCCO)c4ccc(Br)cc4C3(C)C)=C2[O-])C(C)(C)c2ccccc21,603.601
CCCC[N+]1=C(/C=C2/C(=O)C(/C=C3\N(CCCCO)c4ccc(I)cc4C3(C)C)=C2[O-])C(C)(C)c2ccccc21,650.601
CCCC[N+]1=C(/C=C2/C(=O)C(/C=C3\N(CCCC[N+](CC)(CC)CC)c4ccccc4C3(C)C)=C2[O-])C(C)(C)c2ccccc21,608.891
CCCC[N+]1=C(/C=C2/C(=O)C(/C=C3\N(CCCC[N+](CC)(CC)CC)c4ccc(Br)cc4C3(C)C)=C2[O-])C(C)(C)c2ccccc21,687.787
CCCC[N+]1=C(/C=C2/C(=O)C(/C=C3\N(CCCC[N+](CC)(CC)CC)c4ccc(I)cc4C3(C)C)=C2[O-])C(C)(C)c2ccccc21,734.787
CCCC[N+]1=C(/C=C2/C(=O)C(/C=C3\N(CCCCS(=O)(=O)O)c4ccccc4C3(C)C)=C2[O-])C(C)(C)c2ccccc21,588.770000000001
CCCC[N+]1=C(/C=C2/C(=O)C(/C=C3\N(CCCCS(=O)(=O)O)c4ccc(Br)cc4C3(C)C)=C2[O-])C(C)(C)c2ccccc21,667.666000000001
CCCC[N+]1=C(/C=C2/C(=O)C(/C=C3\N(CCCCS(=O)(=O)O)c4ccc(I)cc4C3(C)C)=C2[O-])C(C)(C)c2ccccc21,714.666000000001
CCCC[N+]1=C(/C=C2/C(=O)C(/C=C3\N(Cc4ccccc4)c4ccccc4C3(C)C)=C2[O-])C(C)(C)c2ccccc21,542.723
CCCC[N+]1=C(/C=C2/C(=O)C(/C=C3\N(Cc4ccccc4)c4ccc(Br)cc4C3(C)C)=C2[O-])C(C)(C)c2ccccc21,621.619
CCCC[N+]1=C(/C=C2/C(=O)C(/C=C3\N(Cc4ccccc4)c4ccc(I)cc4C3(C)C)=C2[O-])C(C)(C)c2ccccc21,668.619
CCCC[N+]1=C(/C=C2/C(=O)C(/C=C3\N(Cc4ccsc4)c4ccccc4C3(C)C)=C2[O-])C(C)(C)c2ccccc21,548.752
CCCC[N+]1=C(/C=C2/C(=O)C(/C=C3\N(Cc4ccsc4)c4ccc(Br)cc4C3(C)C)=C2[O-])C(C)(C)c2ccccc21,627.648
CCCC[N+]1=C(/C=C2/C(=O)C(/C=C3\N(Cc4ccsc4)c4ccc(I)cc4C3(C)C)=C2[O-])C(C)(C)c2ccccc21,674.648
CCCC[N+]1=C(/C=C2/C(=O)C(/C=C3\N(CC)c4ccccc4C3(C)C)=C2[O-])C(C)(C)c2cc(Br)ccc21,559.548
CCCC[N+]1=C(/C=C2/C(=O)C(/C=C3\N(CC)c4ccc(Br)cc4C3(C)C)=C2[O-])C(C)(C)c2cc(Br)ccc21,638.444
CCCC[N+]1=C(/C=C2/C(=O)C(/C=C3\N(CC)c4ccc(I)cc4C3(C)C)=C2[O-])C(C)(C)c2cc(Br)ccc21,685.444
CCCCN1/C(=C\C2=C([O-])/C(=C\C3=[N+](CCCC)c4ccc(Br)cc4C3(C)C)C2=O)C(C)(C)c2ccccc21,587.602
CCCCN1/C(=C\C2=C([O-])/C(=C\C3=[N+](CCCC)c4ccc(Br)cc4C3(C)C)C2=O)C(C)(C)c2cc(Br)ccc21,666.498
CCCCN1/C(=C\C2=C([O-])/C(=C\C3=[N+](CCCC)c4ccc(Br)cc4C3(C)C)C2=O)C(C)(C)c2cc(I)ccc21,713.498
CCCC[N+]1=C(/C=C2/C(=O)C(/C=C3\N(CCCCN)c4ccccc4C3(C)C)=C2[O-])C(C)(C)c2cc(Br)ccc21,602.617
CCCC[N+]1=C(/C=C2/C(=O)C(/C=C3\N(CCCCN)c4ccc(Br)cc4C3(C)C)=C2[O-])C(C)(C)c2cc(Br)ccc21,681.513
CCCC[N+]1=C(/C=C2/C(=O)C(/C=C3\N(CCCCN)c4ccc(I)cc4C3(C)C)=C2[O-])C(C)(C)c2cc(Br)ccc21,728.513
CCCC[N+]1=C(/C=C2/C(=O)C(/C=C3\N(CCCCO)c4ccccc4C3(C)C)=C2[O-])C(C)(C)c2cc(Br)ccc21,603.601
CCCC[N+]1=C(/C=C2/C(=O)C(/C=C3\N(CCCCO)c4ccc(Br)cc4C3(C)C)=C2[O-])C(C)(C)c2cc(Br)ccc21,682.497
CCCC[N+]1=C(/C=C2/C(=O)C(/C=C3\N(CCCCO)c4ccc(I)cc4C3(C)C)=C2[O-])C(C)(C)c2cc(Br)ccc21,729.497
CCCC[N+]1=C(/C=C2/C(=O)C(/C=C3\N(CCCC[N+](CC)(CC)CC)c4ccccc4C3(C)C)=C2[O-])C(C)(C)c2cc(Br)ccc21,687.787
CCCC[N+]1=C(/C=C2/C(=O)C(/C=C3\N(CCCC[N+](CC)(CC)CC)c4ccc(Br)cc4C3(C)C)=C2[O-])C(C)(C)c2cc(Br)ccc21,766.683
CCCC[N+]1=C(/C=C2/C(=O)C(/C=C3\N(CCCC[N+](CC)(CC)CC)c4ccc(I)cc4C3(C)C)=C2[O-])C(C)(C)c2cc(Br)ccc21,813.683
CCCC[N+]1=C(/C=C2/C(=O)C(/C=C3\N(CCCCS(=O)(=O)O)c4ccccc4C3(C)C)=C2[O-])C(C)(C)c2cc(Br)ccc21,667.666
CCCC[N+]1=C(/C=C2/C(=O)C(/C=C3\N(CCCCS(=O)(=O)O)c4ccc(Br)cc4C3(C)C)=C2[O-])C(C)(C)c2cc(Br)ccc21,746.562
CCCC[N+]1=C(/C=C2/C(=O)C(/C=C3\N(CCCCS(=O)(=O)O)c4ccc(I)cc4C3(C)C)=C2[O-])C(C)(C)c2cc(Br)ccc21,793.562
CCCC[N+]1=C(/C=C2/C(=O)C(/C=C3\N(Cc4ccccc4)c4ccccc4C3(C)C)=C2[O-])C(C)(C)c2cc(Br)ccc21,621.619
CCCC[N+]1=C(/C=C2/C(=O)C(/C=C3\N(Cc4ccccc4)c4ccc(Br)cc4C3(C)C)=C2[O-])C(C)(C)c2cc(Br)ccc21,700.515
CCCC[N+]1=C(/C=C2/C(=O)C(/C=C3\N(Cc4ccccc4)c4ccc(I)cc4C3(C)C)=C2[O-])C(C)(C)c2cc(Br)ccc21,747.515
CCCC[N+]1=C(/C=C2/C(=O)C(/C=C3\N(Cc4ccsc4)c4ccccc4C3(C)C)=C2[O-])C(C)(C)c2cc(Br)ccc21,627.648
CCCC[N+]1=C(/C=C2/C(=O)C(/C=C3\N(Cc4ccsc4)c4ccc(Br)cc4C3(C)C)=C2[O-])C(C)(C)c2cc(Br)ccc21,706.544
CCCC[N+]1=C(/C=C2/C(=O)C(/C=C3\N(Cc4ccsc4)c4ccc(I)cc4C3(C)C)=C2[O-])C(C)(C)c2cc(Br)ccc21,753.544
CCCC[N+]1=C(/C=C2/C(=O)C(/C=C3\N(CC)c4ccccc4C3(C)C)=C2[O-])C(C)(C)c2cc(I)ccc21,606.548
CCCC[N+]1=C(/C=C2/C(=O)C(/C=C3\N(CC)c4ccc(Br)cc4C3(C)C)=C2[O-])C(C)(C)c2cc(I)ccc21,685.444
CCCC[N+]1=C(/C=C2/C(=O)C(/C=C3\N(CC)c4ccc(I)cc4C3(C)C)=C2[O-])C(C)(C)c2cc(I)ccc21,732.444
CCCCN1/C(=C\C2=C([O-])/C(=C\C3=[N+](CCCC)c4ccc(I)cc4C3(C)C)C2=O)C(C)(C)c2ccccc21,634.602
CCCCN1/C(=C\C2=C([O-])/C(=C\C3=[N+](CCCC)c4ccc(I)cc4C3(C)C)C2=O)C(C)(C)c2cc(Br)ccc21,713.498
CCCCN1/C(=C\C2=C([O-])/C(=C\C3=[N+](CCCC)c4ccc(I)cc4C3(C)C)C2=O)C(C)(C)c2cc(I)ccc21,760.498
CCCC[N+]1=C(/C=C2/C(=O)C(/C=C3\N(CCCCN)c4ccccc4C3(C)C)=C2[O-])C(C)(C)c2cc(I)ccc21,649.617
CCCC[N+]1=C(/C=C2/C(=O)C(/C=C3\N(CCCCN)c4ccc(Br)cc4C3(C)C)=C2[O-])C(C)(C)c2cc(I)ccc21,728.513
CCCC[N+]1=C(/C=C2/C(=O)C(/C=C3\N(CCCCN)c4ccc(I)cc4C3(C)C)=C2[O-])C(C)(C)c2cc(I)ccc21,775.513
CCCC[N+]1=C(/C=C2/C(=O)C(/C=C3\N(CCCCO)c4ccccc4C3(C)C)=C2[O-])C(C)(C)c2cc(I)ccc21,650.601
CCCC[N+]1=C(/C=C2/C(=O)C(/C=C3\N(CCCCO)c4ccc(Br)cc4C3(C)C)=C2[O-])C(C)(C)c2cc(I)ccc21,729.497
CCCC[N+]1=C(/C=C2/C(=O)C(/C=C3\N(CCCCO)c4ccc(I)cc4C3(C)C)=C2[O-])C(C)(C)c2cc(I)ccc21,776.497
CCCC[N+]1=C(/C=C2/C(=O)C(/C=C3\N(CCCC[N+](CC)(CC)CC)c4ccccc4C3(C)C)=C2[O-])C(C)(C)c2cc(I)ccc21,734.787
CCCC[N+]1=C(/C=C2/C(=O)C(/C=C3\N(CCCC[N+](CC)(CC)CC)c4ccc(Br)cc4C3(C)C)=C2[O-])C(C)(C)c2cc(I)ccc21,813.683
CCCC[N+]1=C(/C=C2/C(=O)C(/C=C3\N(CCCC[N+](CC)(CC)CC)c4ccc(I)cc4C3(C)C)=C2[O-])C(C)(C)c2cc(I)ccc21,860.683
CCCC[N+]1=C(/C=C2/C(=O)C(/C=C3\N(CCCCS(=O)(=O)O)c4ccccc4C3(C)C)=C2[O-])C(C)(C)c2cc(I)ccc21,714.666
CCCC[N+]1=C(/C=C2/C(=O)C(/C=C3\N(CCCCS(=O)(=O)O)c4ccc(Br)cc4C3(C)C)=C2[O-])C(C)(C)c2cc(I)ccc21,793.562
CCCC[N+]1=C(/C=C2/C(=O)C(/C=C3\N(CCCCS(=O)(=O)O)c4ccc(I)cc4C3(C)C)=C2[O-])C(C)(C)c2cc(I)ccc21,840.562
CCCC[N+]1=C(/C=C2/C(=O)C(/C=C3\N(Cc4ccccc4)c4ccccc4C3(C)C)=C2[O-])C(C)(C)c2cc(I)ccc21,668.619
CCCC[N+]1=C(/C=C2/C(=O)C(/C=C3\N(Cc4ccccc4)c4ccc(Br)cc4C3(C)C)=C2[O-])C(C)(C)c2cc(I)ccc21,747.515
CCCC[N+]1=C(/C=C2/C(=O)C(/C=C3\N(Cc4ccccc4)c4ccc(I)cc4C3(C)C)=C2[O-])C(C)(C)c2cc(I)ccc21,794.515
CCCC[N+]1=C(/C=C2/C(=O)C(/C=C3\N(Cc4ccsc4)c4ccccc4C3(C)C)=C2[O-])C(C)(C)c2cc(I)ccc21,674.648
CCCC[N+]1=C(/C=C2/C(=O)C(/C=C3\N(Cc4ccsc4)c4ccc(Br)cc4C3(C)C)=C2[O-])C(C)(C)c2cc(I)ccc21,753.544
CCCC[N+]1=C(/C=C2/C(=O)C(/C=C3\N(Cc4ccsc4)c4ccc(I)cc4C3(C)C)=C2[O-])C(C)(C)c2cc(I)ccc21,800.544
CCN1/C(=C\C2=C([O-])/C(=C\C3=[N+](CCCCN)c4ccccc4C3(C)C)C2=O)C(C)(C)c2ccccc21,495.667
CCN1/C(=C\C2=C([O-])/C(=C\C3=[N+](CCCCN)c4ccccc4C3(C)C)C2=O)C(C)(C)c2cc(Br)ccc21,574.563
CCN1/C(=C\C2=C([O-])/C(=C\C3=[N+](CCCCN)c4ccccc4C3(C)C)C2=O)C(C)(C)c2cc(I)ccc21,621.563
CCCCN1/C(=C\C2=C([O-])/C(=C\C3=[N+](CCCCN)c4ccccc4C3(C)C)C2=O)C(C)(C)c2ccccc21,523.721
CCCCN1/C(=C\C2=C([O-])/C(=C\C3=[N+](CCCCN)c4ccccc4C3(C)C)C2=O)C(C)(C)c2cc(Br)ccc21,602.617
CCCCN1/C(=C\C2=C([O-])/C(=C\C3=[N+](CCCCN)c4ccccc4C3(C)C)C2=O)C(C)(C)c2cc(I)ccc21,649.617
CC1(C)C(/C=C2/C(=O)C(/C=C3\N(CCCCN)c4ccccc4C3(C)C)=C2[O-])=[N+](CCCCN)c2ccccc21,538.736
CC1(C)C(/C=C2/C(=O)C(/C=C3\N(CCCCN)c4ccc(Br)cc4C3(C)C)=C2[O-])=[N+](CCCCN)c2ccccc21,617.632
CC1(C)C(/C=C2/C(=O)C(/C=C3\N(CCCCN)c4ccc(I)cc4C3(C)C)=C2[O-])=[N+](CCCCN)c2ccccc21,664.632
CC1(C)C(/C=C2/C(=O)C(/C=C3\N(CCCCO)c4ccccc4C3(C)C)=C2[O-])=[N+](CCCCN)c2ccccc21,539.720000000001
CC1(C)C(/C=C2/C(=O)C(/C=C3\N(CCCCO)c4ccc(Br)cc4C3(C)C)=C2[O-])=[N+](CCCCN)c2ccccc21,618.616
CC1(C)C(/C=C2/C(=O)C(/C=C3\N(CCCCO)c4ccc(I)cc4C3(C)C)=C2[O-])=[N+](CCCCN)c2ccccc21,665.616
CC[N+](CC)(CC)CCCCN1/C(=C\C2=C([O-])/C(=C\C3=[N+](CCCCN)c4ccccc4C3(C)C)C2=O)C(C)(C)c2ccccc21,623.906
CC[N+](CC)(CC)CCCCN1/C(=C\C2=C([O-])/C(=C\C3=[N+](CCCCN)c4ccccc4C3(C)C)C2=O)C(C)(C)c2cc(Br)ccc21,702.802
CC[N+](CC)(CC)CCCCN1/C(=C\C2=C([O-])/C(=C\C3=[N+](CCCCN)c4ccccc4C3(C)C)C2=O)C(C)(C)c2cc(I)ccc21,749.802
CC1(C)C(/C=C2/C(=O)C(/C=C3\N(CCCCS(=O)(=O)O)c4ccccc4C3(C)C)=C2[O-])=[N+](CCCCN)c2ccccc21,603.785000000001
CC1(C)C(/C=C2/C(=O)C(/C=C3\N(CCCCS(=O)(=O)O)c4ccc(Br)cc4C3(C)C)=C2[O-])=[N+](CCCCN)c2ccccc21,682.681000000001
CC1(C)C(/C=C2/C(=O)C(/C=C3\N(CCCCS(=O)(=O)O)c4ccc(I)cc4C3(C)C)=C2[O-])=[N+](CCCCN)c2ccccc21,729.681000000001
CC1(C)C(/C=C2/C(=O)C(/C=C3\N(Cc4ccccc4)c4ccccc4C3(C)C)=C2[O-])=[N+](CCCCN)c2ccccc21,557.738000000001
CC1(C)C(/C=C2/C(=O)C(/C=C3\N(Cc4ccccc4)c4ccc(Br)cc4C3(C)C)=C2[O-])=[N+](CCCCN)c2ccccc21,636.634
CC1(C)C(/C=C2/C(=O)C(/C=C3\N(Cc4ccccc4)c4ccc(I)cc4C3(C)C)=C2[O-])=[N+](CCCCN)c2ccccc21,683.634
CC1(C)C(/C=C2/C(=O)C(/C=C3\N(Cc4ccsc4)c4ccccc4C3(C)C)=C2[O-])=[N+](CCCCN)c2ccccc21,563.767
CC1(C)C(/C=C2/C(=O)C(/C=C3\N(Cc4ccsc4)c4ccc(Br)cc4C3(C)C)=C2[O-])=[N+](CCCCN)c2ccccc21,642.663
CC1(C)C(/C=C2/C(=O)C(/C=C3\N(Cc4ccsc4)c4ccc(I)cc4C3(C)C)=C2[O-])=[N+](CCCCN)c2ccccc21,689.663
CCN1/C(=C\C2=C([O-])/C(=C\C3=[N+](CCCCN)c4ccc(Br)cc4C3(C)C)C2=O)C(C)(C)c2ccccc21,574.563
CCN1/C(=C\C2=C([O-])/C(=C\C3=[N+](CCCCN)c4ccc(Br)cc4C3(C)C)C2=O)C(C)(C)c2cc(Br)ccc21,653.459
CCN1/C(=C\C2=C([O-])/C(=C\C3=[N+](CCCCN)c4ccc(Br)cc4C3(C)C)C2=O)C(C)(C)c2cc(I)ccc21,700.459
CCCCN1/C(=C\C2=C([O-])/C(=C\C3=[N+](CCCCN)c4ccc(Br)cc4C3(C)C)C2=O)C(C)(C)c2ccccc21,602.617
CCCCN1/C(=C\C2=C([O-])/C(=C\C3=[N+](CCCCN)c4ccc(Br)cc4C3(C)C)C2=O)C(C)(C)c2cc(Br)ccc21,681.513
CCCCN1/C(=C\C2=C([O-])/C(=C\C3=[N+](CCCCN)c4ccc(Br)cc4C3(C)C)C2=O)C(C)(C)c2cc(I)ccc21,728.513
CC1(C)C(/C=C2/C(=O)C(/C=C3\N(CCCCN)c4ccccc4C3(C)C)=C2[O-])=[N+](CCCCN)c2ccc(Br)cc21,617.632
CC1(C)C(/C=C2/C(=O)C(/C=C3\N(CCCCN)c4ccc(Br)cc4C3(C)C)=C2[O-])=[N+](CCCCN)c2ccc(Br)cc21,696.528
CC1(C)C(/C=C2/C(=O)C(/C=C3\N(CCCCN)c4ccc(I)cc4C3(C)C)=C2[O-])=[N+](CCCCN)c2ccc(Br)cc21,743.528
CC1(C)C(/C=C2/C(=O)C(/C=C3\N(CCCCO)c4ccccc4C3(C)C)=C2[O-])=[N+](CCCCN)c2ccc(Br)cc21,618.616
CC1(C)C(/C=C2/C(=O)C(/C=C3\N(CCCCO)c4ccc(Br)cc4C3(C)C)=C2[O-])=[N+](CCCCN)c2ccc(Br)cc21,697.512
CC1(C)C(/C=C2/C(=O)C(/C=C3\N(CCCCO)c4ccc(I)cc4C3(C)C)=C2[O-])=[N+](CCCCN)c2ccc(Br)cc21,744.512
CC[N+](CC)(CC)CCCCN1/C(=C\C2=C([O-])/C(=C\C3=[N+](CCCCN)c4ccc(Br)cc4C3(C)C)C2=O)C(C)(C)c2ccccc21,702.802
CC[N+](CC)(CC)CCCCN1/C(=C\C2=C([O-])/C(=C\C3=[N+](CCCCN)c4ccc(Br)cc4C3(C)C)C2=O)C(C)(C)c2cc(Br)ccc21,781.698
CC[N+](CC)(CC)CCCCN1/C(=C\C2=C([O-])/C(=C\C3=[N+](CCCCN)c4ccc(Br)cc4C3(C)C)C2=O)C(C)(C)c2cc(I)ccc21,828.698
CC1(C)C(/C=C2/C(=O)C(/C=C3\N(CCCCS(=O)(=O)O)c4ccccc4C3(C)C)=C2[O-])=[N+](CCCCN)c2ccc(Br)cc21,682.681
CC1(C)C(/C=C2/C(=O)C(/C=C3\N(CCCCS(=O)(=O)O)c4ccc(Br)cc4C3(C)C)=C2[O-])=[N+](CCCCN)c2ccc(Br)cc21,761.577
CC1(C)C(/C=C2/C(=O)C(/C=C3\N(CCCCS(=O)(=O)O)c4ccc(I)cc4C3(C)C)=C2[O-])=[N+](CCCCN)c2ccc(Br)cc21,808.577
CC1(C)C(/C=C2/C(=O)C(/C=C3\N(Cc4ccccc4)c4ccccc4C3(C)C)=C2[O-])=[N+](CCCCN)c2ccc(Br)cc21,636.634
CC1(C)C(/C=C2/C(=O)C(/C=C3\N(Cc4ccccc4)c4ccc(Br)cc4C3(C)C)=C2[O-])=[N+](CCCCN)c2ccc(Br)cc21,715.53
CC1(C)C(/C=C2/C(=O)C(/C=C3\N(Cc4ccccc4)c4ccc(I)cc4C3(C)C)=C2[O-])=[N+](CCCCN)c2ccc(Br)cc21,762.53
CC1(C)C(/C=C2/C(=O)C(/C=C3\N(Cc4ccsc4)c4ccccc4C3(C)C)=C2[O-])=[N+](CCCCN)c2ccc(Br)cc21,642.663
CC1(C)C(/C=C2/C(=O)C(/C=C3\N(Cc4ccsc4)c4ccc(Br)cc4C3(C)C)=C2[O-])=[N+](CCCCN)c2ccc(Br)cc21,721.559
CC1(C)C(/C=C2/C(=O)C(/C=C3\N(Cc4ccsc4)c4ccc(I)cc4C3(C)C)=C2[O-])=[N+](CCCCN)c2ccc(Br)cc21,768.559
CCN1/C(=C\C2=C([O-])/C(=C\C3=[N+](CCCCN)c4ccc(I)cc4C3(C)C)C2=O)C(C)(C)c2ccccc21,621.563
CCN1/C(=C\C2=C([O-])/C(=C\C3=[N+](CCCCN)c4ccc(I)cc4C3(C)C)C2=O)C(C)(C)c2cc(Br)ccc21,700.459
CCN1/C(=C\C2=C([O-])/C(=C\C3=[N+](CCCCN)c4ccc(I)cc4C3(C)C)C2=O)C(C)(C)c2cc(I)ccc21,747.459
CCCCN1/C(=C\C2=C([O-])/C(=C\C3=[N+](CCCCN)c4ccc(I)cc4C3(C)C)C2=O)C(C)(C)c2ccccc21,649.617
CCCCN1/C(=C\C2=C([O-])/C(=C\C3=[N+](CCCCN)c4ccc(I)cc4C3(C)C)C2=O)C(C)(C)c2cc(Br)ccc21,728.513
CCCCN1/C(=C\C2=C([O-])/C(=C\C3=[N+](CCCCN)c4ccc(I)cc4C3(C)C)C2=O)C(C)(C)c2cc(I)ccc21,775.513
CC1(C)C(/C=C2/C(=O)C(/C=C3\N(CCCCN)c4ccccc4C3(C)C)=C2[O-])=[N+](CCCCN)c2ccc(I)cc21,664.632
CC1(C)C(/C=C2/C(=O)C(/C=C3\N(CCCCN)c4ccc(Br)cc4C3(C)C)=C2[O-])=[N+](CCCCN)c2ccc(I)cc21,743.528
CC1(C)C(/C=C2/C(=O)C(/C=C3\N(CCCCN)c4ccc(I)cc4C3(C)C)=C2[O-])=[N+](CCCCN)c2ccc(I)cc21,790.528
CC1(C)C(/C=C2/C(=O)C(/C=C3\N(CCCCO)c4ccccc4C3(C)C)=C2[O-])=[N+](CCCCN)c2ccc(I)cc21,665.616
CC1(C)C(/C=C2/C(=O)C(/C=C3\N(CCCCO)c4ccc(Br)cc4C3(C)C)=C2[O-])=[N+](CCCCN)c2ccc(I)cc21,744.512
CC1(C)C(/C=C2/C(=O)C(/C=C3\N(CCCCO)c4ccc(I)cc4C3(C)C)=C2[O-])=[N+](CCCCN)c2ccc(I)cc21,791.512
CC[N+](CC)(CC)CCCCN1/C(=C\C2=C([O-])/C(=C\C3=[N+](CCCCN)c4ccc(I)cc4C3(C)C)C2=O)C(C)(C)c2ccccc21,749.802
CC[N+](CC)(CC)CCCCN1/C(=C\C2=C([O-])/C(=C\C3=[N+](CCCCN)c4ccc(I)cc4C3(C)C)C2=O)C(C)(C)c2cc(Br)ccc21,828.698
CC[N+](CC)(CC)CCCCN1/C(=C\C2=C([O-])/C(=C\C3=[N+](CCCCN)c4ccc(I)cc4C3(C)C)C2=O)C(C)(C)c2cc(I)ccc21,875.698
CC1(C)C(/C=C2/C(=O)C(/C=C3\N(CCCCS(=O)(=O)O)c4ccccc4C3(C)C)=C2[O-])=[N+](CCCCN)c2ccc(I)cc21,729.681
CC1(C)C(/C=C2/C(=O)C(/C=C3\N(CCCCS(=O)(=O)O)c4ccc(Br)cc4C3(C)C)=C2[O-])=[N+](CCCCN)c2ccc(I)cc21,808.577
CC1(C)C(/C=C2/C(=O)C(/C=C3\N(CCCCS(=O)(=O)O)c4ccc(I)cc4C3(C)C)=C2[O-])=[N+](CCCCN)c2ccc(I)cc21,855.577
CC1(C)C(/C=C2/C(=O)C(/C=C3\N(Cc4ccccc4)c4ccccc4C3(C)C)=C2[O-])=[N+](CCCCN)c2ccc(I)cc21,683.634
CC1(C)C(/C=C2/C(=O)C(/C=C3\N(Cc4ccccc4)c4ccc(Br)cc4C3(C)C)=C2[O-])=[N+](CCCCN)c2ccc(I)cc21,762.53
CC1(C)C(/C=C2/C(=O)C(/C=C3\N(Cc4ccccc4)c4ccc(I)cc4C3(C)C)=C2[O-])=[N+](CCCCN)c2ccc(I)cc21,809.53
CC1(C)C(/C=C2/C(=O)C(/C=C3\N(Cc4ccsc4)c4ccccc4C3(C)C)=C2[O-])=[N+](CCCCN)c2ccc(I)cc21,689.663
CC1(C)C(/C=C2/C(=O)C(/C=C3\N(Cc4ccsc4)c4ccc(Br)cc4C3(C)C)=C2[O-])=[N+](CCCCN)c2ccc(I)cc21,768.559
CC1(C)C(/C=C2/C(=O)C(/C=C3\N(Cc4ccsc4)c4ccc(I)cc4C3(C)C)=C2[O-])=[N+](CCCCN)c2ccc(I)cc21,815.559
CCN1/C(=C\C2=C([O-])/C(=C\C3=[N+](CCCCO)c4ccccc4C3(C)C)C2=O)C(C)(C)c2ccccc21,496.651
CCN1/C(=C\C2=C([O-])/C(=C\C3=[N+](CCCCO)c4ccccc4C3(C)C)C2=O)C(C)(C)c2cc(Br)ccc21,575.547
CCN1/C(=C\C2=C([O-])/C(=C\C3=[N+](CCCCO)c4ccccc4C3(C)C)C2=O)C(C)(C)c2cc(I)ccc21,622.547
CCCCN1/C(=C\C2=C([O-])/C(=C\C3=[N+](CCCCO)c4ccccc4C3(C)C)C2=O)C(C)(C)c2ccccc21,524.705000000001
CCCCN1/C(=C\C2=C([O-])/C(=C\C3=[N+](CCCCO)c4ccccc4C3(C)C)C2=O)C(C)(C)c2cc(Br)ccc21,603.601
CCCCN1/C(=C\C2=C([O-])/C(=C\C3=[N+](CCCCO)c4ccccc4C3(C)C)C2=O)C(C)(C)c2cc(I)ccc21,650.601
CC1(C)C(/C=C2/C(=O)C(/C=C3\N(CCCCN)c4ccccc4C3(C)C)=C2[O-])=[N+](CCCCO)c2ccccc21,539.72
CC1(C)C(/C=C2/C(=O)C(/C=C3\N(CCCCN)c4ccc(Br)cc4C3(C)C)=C2[O-])=[N+](CCCCO)c2ccccc21,618.616
CC1(C)C(/C=C2/C(=O)C(/C=C3\N(CCCCN)c4ccc(I)cc4C3(C)C)=C2[O-])=[N+](CCCCO)c2ccccc21,665.616
CC1(C)C(/C=C2/C(=O)C(/C=C3\N(CCCCO)c4ccccc4C3(C)C)=C2[O-])=[N+](CCCCO)c2ccccc21,540.704000000001
CC1(C)C(/C=C2/C(=O)C(/C=C3\N(CCCCO)c4ccc(Br)cc4C3(C)C)=C2[O-])=[N+](CCCCO)c2ccccc21,619.600000000001
CC1(C)C(/C=C2/C(=O)C(/C=C3\N(CCCCO)c4ccc(I)cc4C3(C)C)=C2[O-])=[N+](CCCCO)c2ccccc21,666.600000000001
CC[N+](CC)(CC)CCCCN1/C(=C\C2=C([O-])/C(=C\C3=[N+](CCCCO)c4ccccc4C3(C)C)C2=O)C(C)(C)c2ccccc21,624.89
CC[N+](CC)(CC)CCCCN1/C(=C\C2=C([O-])/C(=C\C3=[N+](CCCCO)c4ccccc4C3(C)C)C2=O)C(C)(C)c2cc(Br)ccc21,703.786
CC[N+](CC)(CC)CCCCN1/C(=C\C2=C([O-])/C(=C\C3=[N+](CCCCO)c4ccccc4C3(C)C)C2=O)C(C)(C)c2cc(I)ccc21,750.786
CC1(C)C(/C=C2/C(=O)C(/C=C3\N(CCCCS(=O)(=O)O)c4ccccc4C3(C)C)=C2[O-])=[N+](CCCCO)c2ccccc21,604.769000000001
CC1(C)C(/C=C2/C(=O)C(/C=C3\N(CCCCS(=O)(=O)O)c4ccc(Br)cc4C3(C)C)=C2[O-])=[N+](CCCCO)c2ccccc21,683.665000000001
CC1(C)C(/C=C2/C(=O)C(/C=C3\N(CCCCS(=O)(=O)O)c4ccc(I)cc4C3(C)C)=C2[O-])=[N+](CCCCO)c2ccccc21,730.665000000001
CC1(C)C(/C=C2/C(=O)C(/C=C3\N(Cc4ccccc4)c4ccccc4C3(C)C)=C2[O-])=[N+](CCCCO)c2ccccc21,558.722000000001
CC1(C)C(/C=C2/C(=O)C(/C=C3\N(Cc4ccccc4)c4ccc(Br)cc4C3(C)C)=C2[O-])=[N+](CCCCO)c2ccccc21,637.618
CC1(C)C(/C=C2/C(=O)C(/C=C3\N(Cc4ccccc4)c4ccc(I)cc4C3(C)C)=C2[O-])=[N+](CCCCO)c2ccccc21,684.618
CC1(C)C(/C=C2/C(=O)C(/C=C3\N(Cc4ccsc4)c4ccccc4C3(C)C)=C2[O-])=[N+](CCCCO)c2ccccc21,564.751
CC1(C)C(/C=C2/C(=O)C(/C=C3\N(Cc4ccsc4)c4ccc(Br)cc4C3(C)C)=C2[O-])=[N+](CCCCO)c2ccccc21,643.647
CC1(C)C(/C=C2/C(=O)C(/C=C3\N(Cc4ccsc4)c4ccc(I)cc4C3(C)C)=C2[O-])=[N+](CCCCO)c2ccccc21,690.647
CCN1/C(=C\C2=C([O-])/C(=C\C3=[N+](CCCCO)c4ccc(Br)cc4C3(C)C)C2=O)C(C)(C)c2ccccc21,575.547
CCN1/C(=C\C2=C([O-])/C(=C\C3=[N+](CCCCO)c4ccc(Br)cc4C3(C)C)C2=O)C(C)(C)c2cc(Br)ccc21,654.443
CCN1/C(=C\C2=C([O-])/C(=C\C3=[N+](CCCCO)c4ccc(Br)cc4C3(C)C)C2=O)C(C)(C)c2cc(I)ccc21,701.443
CCCCN1/C(=C\C2=C([O-])/C(=C\C3=[N+](CCCCO)c4ccc(Br)cc4C3(C)C)C2=O)C(C)(C)c2ccccc21,603.601
CCCCN1/C(=C\C2=C([O-])/C(=C\C3=[N+](CCCCO)c4ccc(Br)cc4C3(C)C)C2=O)C(C)(C)c2cc(Br)ccc21,682.497
CCCCN1/C(=C\C2=C([O-])/C(=C\C3=[N+](CCCCO)c4ccc(Br)cc4C3(C)C)C2=O)C(C)(C)c2cc(I)ccc21,729.497
CC1(C)C(/C=C2/C(=O)C(/C=C3\N(CCCCN)c4ccccc4C3(C)C)=C2[O-])=[N+](CCCCO)c2ccc(Br)cc21,618.616
CC1(C)C(/C=C2/C(=O)C(/C=C3\N(CCCCN)c4ccc(Br)cc4C3(C)C)=C2[O-])=[N+](CCCCO)c2ccc(Br)cc21,697.512
CC1(C)C(/C=C2/C(=O)C(/C=C3\N(CCCCN)c4ccc(I)cc4C3(C)C)=C2[O-])=[N+](CCCCO)c2ccc(Br)cc21,744.512
CC1(C)C(/C=C2/C(=O)C(/C=C3\N(CCCCO)c4ccccc4C3(C)C)=C2[O-])=[N+](CCCCO)c2ccc(Br)cc21,619.6
CC1(C)C(/C=C2/C(=O)C(/C=C3\N(CCCCO)c4ccc(Br)cc4C3(C)C)=C2[O-])=[N+](CCCCO)c2ccc(Br)cc21,698.496
CC1(C)C(/C=C2/C(=O)C(/C=C3\N(CCCCO)c4ccc(I)cc4C3(C)C)=C2[O-])=[N+](CCCCO)c2ccc(Br)cc21,745.496
CC[N+](CC)(CC)CCCCN1/C(=C\C2=C([O-])/C(=C\C3=[N+](CCCCO)c4ccc(Br)cc4C3(C)C)C2=O)C(C)(C)c2ccccc21,703.786
CC[N+](CC)(CC)CCCCN1/C(=C\C2=C([O-])/C(=C\C3=[N+](CCCCO)c4ccc(Br)cc4C3(C)C)C2=O)C(C)(C)c2cc(Br)ccc21,782.682
CC[N+](CC)(CC)CCCCN1/C(=C\C2=C([O-])/C(=C\C3=[N+](CCCCO)c4ccc(Br)cc4C3(C)C)C2=O)C(C)(C)c2cc(I)ccc21,829.682
CC1(C)C(/C=C2/C(=O)C(/C=C3\N(CCCCS(=O)(=O)O)c4ccccc4C3(C)C)=C2[O-])=[N+](CCCCO)c2ccc(Br)cc21,683.665
CC1(C)C(/C=C2/C(=O)C(/C=C3\N(CCCCS(=O)(=O)O)c4ccc(Br)cc4C3(C)C)=C2[O-])=[N+](CCCCO)c2ccc(Br)cc21,762.561
CC1(C)C(/C=C2/C(=O)C(/C=C3\N(CCCCS(=O)(=O)O)c4ccc(I)cc4C3(C)C)=C2[O-])=[N+](CCCCO)c2ccc(Br)cc21,809.561
CC1(C)C(/C=C2/C(=O)C(/C=C3\N(Cc4ccccc4)c4ccccc4C3(C)C)=C2[O-])=[N+](CCCCO)c2ccc(Br)cc21,637.618
CC1(C)C(/C=C2/C(=O)C(/C=C3\N(Cc4ccccc4)c4ccc(Br)cc4C3(C)C)=C2[O-])=[N+](CCCCO)c2ccc(Br)cc21,716.514
CC1(C)C(/C=C2/C(=O)C(/C=C3\N(Cc4ccccc4)c4ccc(I)cc4C3(C)C)=C2[O-])=[N+](CCCCO)c2ccc(Br)cc21,763.514
CC1(C)C(/C=C2/C(=O)C(/C=C3\N(Cc4ccsc4)c4ccccc4C3(C)C)=C2[O-])=[N+](CCCCO)c2ccc(Br)cc21,643.647
CC1(C)C(/C=C2/C(=O)C(/C=C3\N(Cc4ccsc4)c4ccc(Br)cc4C3(C)C)=C2[O-])=[N+](CCCCO)c2ccc(Br)cc21,722.543
CC1(C)C(/C=C2/C(=O)C(/C=C3\N(Cc4ccsc4)c4ccc(I)cc4C3(C)C)=C2[O-])=[N+](CCCCO)c2ccc(Br)cc21,769.543
CCN1/C(=C\C2=C([O-])/C(=C\C3=[N+](CCCCO)c4ccc(I)cc4C3(C)C)C2=O)C(C)(C)c2ccccc21,622.547
CCN1/C(=C\C2=C([O-])/C(=C\C3=[N+](CCCCO)c4ccc(I)cc4C3(C)C)C2=O)C(C)(C)c2cc(Br)ccc21,701.443
CCN1/C(=C\C2=C([O-])/C(=C\C3=[N+](CCCCO)c4ccc(I)cc4C3(C)C)C2=O)C(C)(C)c2cc(I)ccc21,748.443
CCCCN1/C(=C\C2=C([O-])/C(=C\C3=[N+](CCCCO)c4ccc(I)cc4C3(C)C)C2=O)C(C)(C)c2ccccc21,650.601
CCCCN1/C(=C\C2=C([O-])/C(=C\C3=[N+](CCCCO)c4ccc(I)cc4C3(C)C)C2=O)C(C)(C)c2cc(Br)ccc21,729.497
CCCCN1/C(=C\C2=C([O-])/C(=C\C3=[N+](CCCCO)c4ccc(I)cc4C3(C)C)C2=O)C(C)(C)c2cc(I)ccc21,776.497
CC1(C)C(/C=C2/C(=O)C(/C=C3\N(CCCCN)c4ccccc4C3(C)C)=C2[O-])=[N+](CCCCO)c2ccc(I)cc21,665.616
CC1(C)C(/C=C2/C(=O)C(/C=C3\N(CCCCN)c4ccc(Br)cc4C3(C)C)=C2[O-])=[N+](CCCCO)c2ccc(I)cc21,744.512
CC1(C)C(/C=C2/C(=O)C(/C=C3\N(CCCCN)c4ccc(I)cc4C3(C)C)=C2[O-])=[N+](CCCCO)c2ccc(I)cc21,791.512
CC1(C)C(/C=C2/C(=O)C(/C=C3\N(CCCCO)c4ccccc4C3(C)C)=C2[O-])=[N+](CCCCO)c2ccc(I)cc21,666.6
CC1(C)C(/C=C2/C(=O)C(/C=C3\N(CCCCO)c4ccc(Br)cc4C3(C)C)=C2[O-])=[N+](CCCCO)c2ccc(I)cc21,745.496
CC1(C)C(/C=C2/C(=O)C(/C=C3\N(CCCCO)c4ccc(I)cc4C3(C)C)=C2[O-])=[N+](CCCCO)c2ccc(I)cc21,792.496
CC[N+](CC)(CC)CCCCN1/C(=C\C2=C([O-])/C(=C\C3=[N+](CCCCO)c4ccc(I)cc4C3(C)C)C2=O)C(C)(C)c2ccccc21,750.786
CC[N+](CC)(CC)CCCCN1/C(=C\C2=C([O-])/C(=C\C3=[N+](CCCCO)c4ccc(I)cc4C3(C)C)C2=O)C(C)(C)c2cc(Br)ccc21,829.682
CC[N+](CC)(CC)CCCCN1/C(=C\C2=C([O-])/C(=C\C3=[N+](CCCCO)c4ccc(I)cc4C3(C)C)C2=O)C(C)(C)c2cc(I)ccc21,876.682
CC1(C)C(/C=C2/C(=O)C(/C=C3\N(CCCCS(=O)(=O)O)c4ccccc4C3(C)C)=C2[O-])=[N+](CCCCO)c2ccc(I)cc21,730.665
CC1(C)C(/C=C2/C(=O)C(/C=C3\N(CCCCS(=O)(=O)O)c4ccc(Br)cc4C3(C)C)=C2[O-])=[N+](CCCCO)c2ccc(I)cc21,809.561
CC1(C)C(/C=C2/C(=O)C(/C=C3\N(CCCCS(=O)(=O)O)c4ccc(I)cc4C3(C)C)=C2[O-])=[N+](CCCCO)c2ccc(I)cc21,856.561
CC1(C)C(/C=C2/C(=O)C(/C=C3\N(Cc4ccccc4)c4ccccc4C3(C)C)=C2[O-])=[N+](CCCCO)c2ccc(I)cc21,684.618
CC1(C)C(/C=C2/C(=O)C(/C=C3\N(Cc4ccccc4)c4ccc(Br)cc4C3(C)C)=C2[O-])=[N+](CCCCO)c2ccc(I)cc21,763.514
CC1(C)C(/C=C2/C(=O)C(/C=C3\N(Cc4ccccc4)c4ccc(I)cc4C3(C)C)=C2[O-])=[N+](CCCCO)c2ccc(I)cc21,810.514
CC1(C)C(/C=C2/C(=O)C(/C=C3\N(Cc4ccsc4)c4ccccc4C3(C)C)=C2[O-])=[N+](CCCCO)c2ccc(I)cc21,690.647
CC1(C)C(/C=C2/C(=O)C(/C=C3\N(Cc4ccsc4)c4ccc(Br)cc4C3(C)C)=C2[O-])=[N+](CCCCO)c2ccc(I)cc21,769.543
CC1(C)C(/C=C2/C(=O)C(/C=C3\N(Cc4ccsc4)c4ccc(I)cc4C3(C)C)=C2[O-])=[N+](CCCCO)c2ccc(I)cc21,816.543
CCN1/C(=C\C2=C([O-])/C(=C\C3=[N+](CCCC[N+](CC)(CC)CC)c4ccccc4C3(C)C)C2=O)C(C)(C)c2ccccc21,580.837
CCN1/C(=C\C2=C([O-])/C(=C\C3=[N+](CCCC[N+](CC)(CC)CC)c4ccccc4C3(C)C)C2=O)C(C)(C)c2cc(Br)ccc21,659.733
CCN1/C(=C\C2=C([O-])/C(=C\C3=[N+](CCCC[N+](CC)(CC)CC)c4ccccc4C3(C)C)C2=O)C(C)(C)c2cc(I)ccc21,706.733
CCCCN1/C(=C\C2=C([O-])/C(=C\C3=[N+](CCCC[N+](CC)(CC)CC)c4ccccc4C3(C)C)C2=O)C(C)(C)c2ccccc21,608.891
CCCCN1/C(=C\C2=C([O-])/C(=C\C3=[N+](CCCC[N+](CC)(CC)CC)c4ccccc4C3(C)C)C2=O)C(C)(C)c2cc(Br)ccc21,687.787
CCCCN1/C(=C\C2=C([O-])/C(=C\C3=[N+](CCCC[N+](CC)(CC)CC)c4ccccc4C3(C)C)C2=O)C(C)(C)c2cc(I)ccc21,734.787
CC[N+](CC)(CC)CCCC[N+]1=C(/C=C2/C(=O)C(/C=C3\N(CCCCN)c4ccccc4C3(C)C)=C2[O-])C(C)(C)c2ccccc21,623.906
CC[N+](CC)(CC)CCCC[N+]1=C(/C=C2/C(=O)C(/C=C3\N(CCCCN)c4ccc(Br)cc4C3(C)C)=C2[O-])C(C)(C)c2ccccc21,702.802
CC[N+](CC)(CC)CCCC[N+]1=C(/C=C2/C(=O)C(/C=C3\N(CCCCN)c4ccc(I)cc4C3(C)C)=C2[O-])C(C)(C)c2ccccc21,749.802
CC[N+](CC)(CC)CCCC[N+]1=C(/C=C2/C(=O)C(/C=C3\N(CCCCO)c4ccccc4C3(C)C)=C2[O-])C(C)(C)c2ccccc21,624.89
CC[N+](CC)(CC)CCCC[N+]1=C(/C=C2/C(=O)C(/C=C3\N(CCCCO)c4ccc(Br)cc4C3(C)C)=C2[O-])C(C)(C)c2ccccc21,703.786
CC[N+](CC)(CC)CCCC[N+]1=C(/C=C2/C(=O)C(/C=C3\N(CCCCO)c4ccc(I)cc4C3(C)C)=C2[O-])C(C)(C)c2ccccc21,750.786
CC[N+](CC)(CC)CCCCN1/C(=C\C2=C([O-])/C(=C\C3=[N+](CCCC[N+](CC)(CC)CC)c4ccccc4C3(C)C)C2=O)C(C)(C)c2ccccc21,709.076
CC[N+](CC)(CC)CCCCN1/C(=C\C2=C([O-])/C(=C\C3=[N+](CCCC[N+](CC)(CC)CC)c4ccccc4C3(C)C)C2=O)C(C)(C)c2cc(Br)ccc21,787.972
CC[N+](CC)(CC)CCCCN1/C(=C\C2=C([O-])/C(=C\C3=[N+](CCCC[N+](CC)(CC)CC)c4ccccc4C3(C)C)C2=O)C(C)(C)c2cc(I)ccc21,834.972
CC[N+](CC)(CC)CCCC[N+]1=C(/C=C2/C(=O)C(/C=C3\N(CCCCS(=O)(=O)O)c4ccccc4C3(C)C)=C2[O-])C(C)(C)c2ccccc21,688.955
CC[N+](CC)(CC)CCCC[N+]1=C(/C=C2/C(=O)C(/C=C3\N(CCCCS(=O)(=O)O)c4ccc(Br)cc4C3(C)C)=C2[O-])C(C)(C)c2ccccc21,767.851
CC[N+](CC)(CC)CCCC[N+]1=C(/C=C2/C(=O)C(/C=C3\N(CCCCS(=O)(=O)O)c4ccc(I)cc4C3(C)C)=C2[O-])C(C)(C)c2ccccc21,814.851
CC[N+](CC)(CC)CCCC[N+]1=C(/C=C2/C(=O)C(/C=C3\N(Cc4ccccc4)c4ccccc4C3(C)C)=C2[O-])C(C)(C)c2ccccc21,642.908
CC[N+](CC)(CC)CCCC[N+]1=C(/C=C2/C(=O)C(/C=C3\N(Cc4ccccc4)c4ccc(Br)cc4C3(C)C)=C2[O-])C(C)(C)c2ccccc21,721.804
CC[N+](CC)(CC)CCCC[N+]1=C(/C=C2/C(=O)C(/C=C3\N(Cc4ccccc4)c4ccc(I)cc4C3(C)C)=C2[O-])C(C)(C)c2ccccc21,768.804
CC[N+](CC)(CC)CCCC[N+]1=C(/C=C2/C(=O)C(/C=C3\N(Cc4ccsc4)c4ccccc4C3(C)C)=C2[O-])C(C)(C)c2ccccc21,648.937
CC[N+](CC)(CC)CCCC[N+]1=C(/C=C2/C(=O)C(/C=C3\N(Cc4ccsc4)c4ccc(Br)cc4C3(C)C)=C2[O-])C(C)(C)c2ccccc21,727.833
CC[N+](CC)(CC)CCCC[N+]1=C(/C=C2/C(=O)C(/C=C3\N(Cc4ccsc4)c4ccc(I)cc4C3(C)C)=C2[O-])C(C)(C)c2ccccc21,774.833
CCN1/C(=C\C2=C([O-])/C(=C\C3=[N+](CCCC[N+](CC)(CC)CC)c4ccc(Br)cc4C3(C)C)C2=O)C(C)(C)c2ccccc21,659.733
CCN1/C(=C\C2=C([O-])/C(=C\C3=[N+](CCCC[N+](CC)(CC)CC)c4ccc(Br)cc4C3(C)C)C2=O)C(C)(C)c2cc(Br)ccc21,738.629
CCN1/C(=C\C2=C([O-])/C(=C\C3=[N+](CCCC[N+](CC)(CC)CC)c4ccc(Br)cc4C3(C)C)C2=O)C(C)(C)c2cc(I)ccc21,785.629
CCCCN1/C(=C\C2=C([O-])/C(=C\C3=[N+](CCCC[N+](CC)(CC)CC)c4ccc(Br)cc4C3(C)C)C2=O)C(C)(C)c2ccccc21,687.787
CCCCN1/C(=C\C2=C([O-])/C(=C\C3=[N+](CCCC[N+](CC)(CC)CC)c4ccc(Br)cc4C3(C)C)C2=O)C(C)(C)c2cc(Br)ccc21,766.683
CCCCN1/C(=C\C2=C([O-])/C(=C\C3=[N+](CCCC[N+](CC)(CC)CC)c4ccc(Br)cc4C3(C)C)C2=O)C(C)(C)c2cc(I)ccc21,813.683
CC[N+](CC)(CC)CCCC[N+]1=C(/C=C2/C(=O)C(/C=C3\N(CCCCN)c4ccccc4C3(C)C)=C2[O-])C(C)(C)c2cc(Br)ccc21,702.802
CC[N+](CC)(CC)CCCC[N+]1=C(/C=C2/C(=O)C(/C=C3\N(CCCCN)c4ccc(Br)cc4C3(C)C)=C2[O-])C(C)(C)c2cc(Br)ccc21,781.698
CC[N+](CC)(CC)CCCC[N+]1=C(/C=C2/C(=O)C(/C=C3\N(CCCCN)c4ccc(I)cc4C3(C)C)=C2[O-])C(C)(C)c2cc(Br)ccc21,828.698
CC[N+](CC)(CC)CCCC[N+]1=C(/C=C2/C(=O)C(/C=C3\N(CCCCO)c4ccccc4C3(C)C)=C2[O-])C(C)(C)c2cc(Br)ccc21,703.786
CC[N+](CC)(CC)CCCC[N+]1=C(/C=C2/C(=O)C(/C=C3\N(CCCCO)c4ccc(Br)cc4C3(C)C)=C2[O-])C(C)(C)c2cc(Br)ccc21,782.682
CC[N+](CC)(CC)CCCC[N+]1=C(/C=C2/C(=O)C(/C=C3\N(CCCCO)c4ccc(I)cc4C3(C)C)=C2[O-])C(C)(C)c2cc(Br)ccc21,829.682
CC[N+](CC)(CC)CCCCN1/C(=C\C2=C([O-])/C(=C\C3=[N+](CCCC[N+](CC)(CC)CC)c4ccc(Br)cc4C3(C)C)C2=O)C(C)(C)c2ccccc21,787.972
CC[N+](CC)(CC)CCCCN1/C(=C\C2=C([O-])/C(=C\C3=[N+](CCCC[N+](CC)(CC)CC)c4ccc(Br)cc4C3(C)C)C2=O)C(C)(C)c2cc(Br)ccc21,866.868
CC[N+](CC)(CC)CCCCN1/C(=C\C2=C([O-])/C(=C\C3=[N+](CCCC[N+](CC)(CC)CC)c4ccc(Br)cc4C3(C)C)C2=O)C(C)(C)c2cc(I)ccc21,913.868
CC[N+](CC)(CC)CCCC[N+]1=C(/C=C2/C(=O)C(/C=C3\N(CCCCS(=O)(=O)O)c4ccccc4C3(C)C)=C2[O-])C(C)(C)c2cc(Br)ccc21,767.851
CC[N+](CC)(CC)CCCC[N+]1=C(/C=C2/C(=O)C(/C=C3\N(CCCCS(=O)(=O)O)c4ccc(Br)cc4C3(C)C)=C2[O-])C(C)(C)c2cc(Br)ccc21,846.747
CC[N+](CC)(CC)CCCC[N+]1=C(/C=C2/C(=O)C(/C=C3\N(CCCCS(=O)(=O)O)c4ccc(I)cc4C3(C)C)=C2[O-])C(C)(C)c2cc(Br)ccc21,893.747
CC[N+](CC)(CC)CCCC[N+]1=C(/C=C2/C(=O)C(/C=C3\N(Cc4ccccc4)c4ccccc4C3(C)C)=C2[O-])C(C)(C)c2cc(Br)ccc21,721.804
CC[N+](CC)(CC)CCCC[N+]1=C(/C=C2/C(=O)C(/C=C3\N(Cc4ccccc4)c4ccc(Br)cc4C3(C)C)=C2[O-])C(C)(C)c2cc(Br)ccc21,800.7
CC[N+](CC)(CC)CCCC[N+]1=C(/C=C2/C(=O)C(/C=C3\N(Cc4ccccc4)c4ccc(I)cc4C3(C)C)=C2[O-])C(C)(C)c2cc(Br)ccc21,847.7
CC[N+](CC)(CC)CCCC[N+]1=C(/C=C2/C(=O)C(/C=C3\N(Cc4ccsc4)c4ccccc4C3(C)C)=C2[O-])C(C)(C)c2cc(Br)ccc21,727.833
CC[N+](CC)(CC)CCCC[N+]1=C(/C=C2/C(=O)C(/C=C3\N(Cc4ccsc4)c4ccc(Br)cc4C3(C)C)=C2[O-])C(C)(C)c2cc(Br)ccc21,806.729
CC[N+](CC)(CC)CCCC[N+]1=C(/C=C2/C(=O)C(/C=C3\N(Cc4ccsc4)c4ccc(I)cc4C3(C)C)=C2[O-])C(C)(C)c2cc(Br)ccc21,853.729
CCN1/C(=C\C2=C([O-])/C(=C\C3=[N+](CCCC[N+](CC)(CC)CC)c4ccc(I)cc4C3(C)C)C2=O)C(C)(C)c2ccccc21,706.733
CCN1/C(=C\C2=C([O-])/C(=C\C3=[N+](CCCC[N+](CC)(CC)CC)c4ccc(I)cc4C3(C)C)C2=O)C(C)(C)c2cc(Br)ccc21,785.629
CCN1/C(=C\C2=C([O-])/C(=C\C3=[N+](CCCC[N+](CC)(CC)CC)c4ccc(I)cc4C3(C)C)C2=O)C(C)(C)c2cc(I)ccc21,832.629
CCCCN1/C(=C\C2=C([O-])/C(=C\C3=[N+](CCCC[N+](CC)(CC)CC)c4ccc(I)cc4C3(C)C)C2=O)C(C)(C)c2ccccc21,734.787
CCCCN1/C(=C\C2=C([O-])/C(=C\C3=[N+](CCCC[N+](CC)(CC)CC)c4ccc(I)cc4C3(C)C)C2=O)C(C)(C)c2cc(Br)ccc21,813.683
CCCCN1/C(=C\C2=C([O-])/C(=C\C3=[N+](CCCC[N+](CC)(CC)CC)c4ccc(I)cc4C3(C)C)C2=O)C(C)(C)c2cc(I)ccc21,860.683
CC[N+](CC)(CC)CCCC[N+]1=C(/C=C2/C(=O)C(/C=C3\N(CCCCN)c4ccccc4C3(C)C)=C2[O-])C(C)(C)c2cc(I)ccc21,749.802
CC[N+](CC)(CC)CCCC[N+]1=C(/C=C2/C(=O)C(/C=C3\N(CCCCN)c4ccc(Br)cc4C3(C)C)=C2[O-])C(C)(C)c2cc(I)ccc21,828.698
CC[N+](CC)(CC)CCCC[N+]1=C(/C=C2/C(=O)C(/C=C3\N(CCCCN)c4ccc(I)cc4C3(C)C)=C2[O-])C(C)(C)c2cc(I)ccc21,875.698
CC[N+](CC)(CC)CCCC[N+]1=C(/C=C2/C(=O)C(/C=C3\N(CCCCO)c4ccccc4C3(C)C)=C2[O-])C(C)(C)c2cc(I)ccc21,750.786
CC[N+](CC)(CC)CCCC[N+]1=C(/C=C2/C(=O)C(/C=C3\N(CCCCO)c4ccc(Br)cc4C3(C)C)=C2[O-])C(C)(C)c2cc(I)ccc21,829.682
CC[N+](CC)(CC)CCCC[N+]1=C(/C=C2/C(=O)C(/C=C3\N(CCCCO)c4ccc(I)cc4C3(C)C)=C2[O-])C(C)(C)c2cc(I)ccc21,876.682
CC[N+](CC)(CC)CCCCN1/C(=C\C2=C([O-])/C(=C\C3=[N+](CCCC[N+](CC)(CC)CC)c4ccc(I)cc4C3(C)C)C2=O)C(C)(C)c2ccccc21,834.972
CC[N+](CC)(CC)CCCCN1/C(=C\C2=C([O-])/C(=C\C3=[N+](CCCC[N+](CC)(CC)CC)c4ccc(I)cc4C3(C)C)C2=O)C(C)(C)c2cc(Br)ccc21,913.868
CC[N+](CC)(CC)CCCCN1/C(=C\C2=C([O-])/C(=C\C3=[N+](CCCC[N+](CC)(CC)CC)c4ccc(I)cc4C3(C)C)C2=O)C(C)(C)c2cc(I)ccc21,960.868
CC[N+](CC)(CC)CCCC[N+]1=C(/C=C2/C(=O)C(/C=C3\N(CCCCS(=O)(=O)O)c4ccccc4C3(C)C)=C2[O-])C(C)(C)c2cc(I)ccc21,814.851
CC[N+](CC)(CC)CCCC[N+]1=C(/C=C2/C(=O)C(/C=C3\N(CCCCS(=O)(=O)O)c4ccc(Br)cc4C3(C)C)=C2[O-])C(C)(C)c2cc(I)ccc21,893.747
CC[N+](CC)(CC)CCCC[N+]1=C(/C=C2/C(=O)C(/C=C3\N(CCCCS(=O)(=O)O)c4ccc(I)cc4C3(C)C)=C2[O-])C(C)(C)c2cc(I)ccc21,940.747
CC[N+](CC)(CC)CCCC[N+]1=C(/C=C2/C(=O)C(/C=C3\N(Cc4ccccc4)c4ccccc4C3(C)C)=C2[O-])C(C)(C)c2cc(I)ccc21,768.804
CC[N+](CC)(CC)CCCC[N+]1=C(/C=C2/C(=O)C(/C=C3\N(Cc4ccccc4)c4ccc(Br)cc4C3(C)C)=C2[O-])C(C)(C)c2cc(I)ccc21,847.7
CC[N+](CC)(CC)CCCC[N+]1=C(/C=C2/C(=O)C(/C=C3\N(Cc4ccccc4)c4ccc(I)cc4C3(C)C)=C2[O-])C(C)(C)c2cc(I)ccc21,894.7
CC[N+](CC)(CC)CCCC[N+]1=C(/C=C2/C(=O)C(/C=C3\N(Cc4ccsc4)c4ccccc4C3(C)C)=C2[O-])C(C)(C)c2cc(I)ccc21,774.833
CC[N+](CC)(CC)CCCC[N+]1=C(/C=C2/C(=O)C(/C=C3\N(Cc4ccsc4)c4ccc(Br)cc4C3(C)C)=C2[O-])C(C)(C)c2cc(I)ccc21,853.729
CC[N+](CC)(CC)CCCC[N+]1=C(/C=C2/C(=O)C(/C=C3\N(Cc4ccsc4)c4ccc(I)cc4C3(C)C)=C2[O-])C(C)(C)c2cc(I)ccc21,900.729000000001
CCN1/C(=C\C2=C([O-])/C(=C\C3=[N+](CCCCS(=O)(=O)O)c4ccccc4C3(C)C)C2=O)C(C)(C)c2ccccc21,560.716
CCN1/C(=C\C2=C([O-])/C(=C\C3=[N+](CCCCS(=O)(=O)O)c4ccccc4C3(C)C)C2=O)C(C)(C)c2cc(Br)ccc21,639.612
CCN1/C(=C\C2=C([O-])/C(=C\C3=[N+](CCCCS(=O)(=O)O)c4ccccc4C3(C)C)C2=O)C(C)(C)c2cc(I)ccc21,686.612
CCCCN1/C(=C\C2=C([O-])/C(=C\C3=[N+](CCCCS(=O)(=O)O)c4ccccc4C3(C)C)C2=O)C(C)(C)c2ccccc21,588.77
CCCCN1/C(=C\C2=C([O-])/C(=C\C3=[N+](CCCCS(=O)(=O)O)c4ccccc4C3(C)C)C2=O)C(C)(C)c2cc(Br)ccc21,667.666
CCCCN1/C(=C\C2=C([O-])/C(=C\C3=[N+](CCCCS(=O)(=O)O)c4ccccc4C3(C)C)C2=O)C(C)(C)c2cc(I)ccc21,714.666
CC1(C)C(/C=C2/C(=O)C(/C=C3\N(CCCCN)c4ccccc4C3(C)C)=C2[O-])=[N+](CCCCS(=O)(=O)O)c2ccccc21,603.785
CC1(C)C(/C=C2/C(=O)C(/C=C3\N(CCCCN)c4ccc(Br)cc4C3(C)C)=C2[O-])=[N+](CCCCS(=O)(=O)O)c2ccccc21,682.681
CC1(C)C(/C=C2/C(=O)C(/C=C3\N(CCCCN)c4ccc(I)cc4C3(C)C)=C2[O-])=[N+](CCCCS(=O)(=O)O)c2ccccc21,729.681
CC1(C)C(/C=C2/C(=O)C(/C=C3\N(CCCCO)c4ccccc4C3(C)C)=C2[O-])=[N+](CCCCS(=O)(=O)O)c2ccccc21,604.769
CC1(C)C(/C=C2/C(=O)C(/C=C3\N(CCCCO)c4ccc(Br)cc4C3(C)C)=C2[O-])=[N+](CCCCS(=O)(=O)O)c2ccccc21,683.665
CC1(C)C(/C=C2/C(=O)C(/C=C3\N(CCCCO)c4ccc(I)cc4C3(C)C)=C2[O-])=[N+](CCCCS(=O)(=O)O)c2ccccc21,730.665
CC[N+](CC)(CC)CCCCN1/C(=C\C2=C([O-])/C(=C\C3=[N+](CCCCS(=O)(=O)O)c4ccccc4C3(C)C)C2=O)C(C)(C)c2ccccc21,688.955
CC[N+](CC)(CC)CCCCN1/C(=C\C2=C([O-])/C(=C\C3=[N+](CCCCS(=O)(=O)O)c4ccccc4C3(C)C)C2=O)C(C)(C)c2cc(Br)ccc21,767.851
CC[N+](CC)(CC)CCCCN1/C(=C\C2=C([O-])/C(=C\C3=[N+](CCCCS(=O)(=O)O)c4ccccc4C3(C)C)C2=O)C(C)(C)c2cc(I)ccc21,814.851
CC1(C)C(/C=C2/C(=O)C(/C=C3\N(CCCCS(=O)(=O)O)c4ccccc4C3(C)C)=C2[O-])=[N+](CCCCS(=O)(=O)O)c2ccccc21,668.834
CC1(C)C(/C=C2/C(=O)C(/C=C3\N(CCCCS(=O)(=O)O)c4ccc(Br)cc4C3(C)C)=C2[O-])=[N+](CCCCS(=O)(=O)O)c2ccccc21,747.73
CC1(C)C(/C=C2/C(=O)C(/C=C3\N(CCCCS(=O)(=O)O)c4ccc(I)cc4C3(C)C)=C2[O-])=[N+](CCCCS(=O)(=O)O)c2ccccc21,794.73
CC1(C)C(/C=C2/C(=O)C(/C=C3\N(Cc4ccccc4)c4ccccc4C3(C)C)=C2[O-])=[N+](CCCCS(=O)(=O)O)c2ccccc21,622.787
CC1(C)C(/C=C2/C(=O)C(/C=C3\N(Cc4ccccc4)c4ccc(Br)cc4C3(C)C)=C2[O-])=[N+](CCCCS(=O)(=O)O)c2ccccc21,701.683
CC1(C)C(/C=C2/C(=O)C(/C=C3\N(Cc4ccccc4)c4ccc(I)cc4C3(C)C)=C2[O-])=[N+](CCCCS(=O)(=O)O)c2ccccc21,748.683
CC1(C)C(/C=C2/C(=O)C(/C=C3\N(Cc4ccsc4)c4ccccc4C3(C)C)=C2[O-])=[N+](CCCCS(=O)(=O)O)c2ccccc21,628.816
CC1(C)C(/C=C2/C(=O)C(/C=C3\N(Cc4ccsc4)c4ccc(Br)cc4C3(C)C)=C2[O-])=[N+](CCCCS(=O)(=O)O)c2ccccc21,707.712
CC1(C)C(/C=C2/C(=O)C(/C=C3\N(Cc4ccsc4)c4ccc(I)cc4C3(C)C)=C2[O-])=[N+](CCCCS(=O)(=O)O)c2ccccc21,754.712
CCN1/C(=C\C2=C([O-])/C(=C\C3=[N+](CCCCS(=O)(=O)O)c4ccc(Br)cc4C3(C)C)C2=O)C(C)(C)c2ccccc21,639.612
CCN1/C(=C\C2=C([O-])/C(=C\C3=[N+](CCCCS(=O)(=O)O)c4ccc(Br)cc4C3(C)C)C2=O)C(C)(C)c2cc(Br)ccc21,718.508
CCN1/C(=C\C2=C([O-])/C(=C\C3=[N+](CCCCS(=O)(=O)O)c4ccc(Br)cc4C3(C)C)C2=O)C(C)(C)c2cc(I)ccc21,765.508
CCCCN1/C(=C\C2=C([O-])/C(=C\C3=[N+](CCCCS(=O)(=O)O)c4ccc(Br)cc4C3(C)C)C2=O)C(C)(C)c2ccccc21,667.666
CCCCN1/C(=C\C2=C([O-])/C(=C\C3=[N+](CCCCS(=O)(=O)O)c4ccc(Br)cc4C3(C)C)C2=O)C(C)(C)c2cc(Br)ccc21,746.562
CCCCN1/C(=C\C2=C([O-])/C(=C\C3=[N+](CCCCS(=O)(=O)O)c4ccc(Br)cc4C3(C)C)C2=O)C(C)(C)c2cc(I)ccc21,793.562
CC1(C)C(/C=C2/C(=O)C(/C=C3\N(CCCCN)c4ccccc4C3(C)C)=C2[O-])=[N+](CCCCS(=O)(=O)O)c2ccc(Br)cc21,682.681
CC1(C)C(/C=C2/C(=O)C(/C=C3\N(CCCCN)c4ccc(Br)cc4C3(C)C)=C2[O-])=[N+](CCCCS(=O)(=O)O)c2ccc(Br)cc21,761.577
CC1(C)C(/C=C2/C(=O)C(/C=C3\N(CCCCN)c4ccc(I)cc4C3(C)C)=C2[O-])=[N+](CCCCS(=O)(=O)O)c2ccc(Br)cc21,808.577
CC1(C)C(/C=C2/C(=O)C(/C=C3\N(CCCCO)c4ccccc4C3(C)C)=C2[O-])=[N+](CCCCS(=O)(=O)O)c2ccc(Br)cc21,683.665
CC1(C)C(/C=C2/C(=O)C(/C=C3\N(CCCCO)c4ccc(Br)cc4C3(C)C)=C2[O-])=[N+](CCCCS(=O)(=O)O)c2ccc(Br)cc21,762.561
CC1(C)C(/C=C2/C(=O)C(/C=C3\N(CCCCO)c4ccc(I)cc4C3(C)C)=C2[O-])=[N+](CCCCS(=O)(=O)O)c2ccc(Br)cc21,809.561
CC[N+](CC)(CC)CCCCN1/C(=C\C2=C([O-])/C(=C\C3=[N+](CCCCS(=O)(=O)O)c4ccc(Br)cc4C3(C)C)C2=O)C(C)(C)c2ccccc21,767.851
CC[N+](CC)(CC)CCCCN1/C(=C\C2=C([O-])/C(=C\C3=[N+](CCCCS(=O)(=O)O)c4ccc(Br)cc4C3(C)C)C2=O)C(C)(C)c2cc(Br)ccc21,846.747
CC[N+](CC)(CC)CCCCN1/C(=C\C2=C([O-])/C(=C\C3=[N+](CCCCS(=O)(=O)O)c4ccc(Br)cc4C3(C)C)C2=O)C(C)(C)c2cc(I)ccc21,893.747
CC1(C)C(/C=C2/C(=O)C(/C=C3\N(CCCCS(=O)(=O)O)c4ccccc4C3(C)C)=C2[O-])=[N+](CCCCS(=O)(=O)O)c2ccc(Br)cc21,747.73
CC1(C)C(/C=C2/C(=O)C(/C=C3\N(CCCCS(=O)(=O)O)c4ccc(Br)cc4C3(C)C)=C2[O-])=[N+](CCCCS(=O)(=O)O)c2ccc(Br)cc21,826.626
CC1(C)C(/C=C2/C(=O)C(/C=C3\N(CCCCS(=O)(=O)O)c4ccc(I)cc4C3(C)C)=C2[O-])=[N+](CCCCS(=O)(=O)O)c2ccc(Br)cc21,873.626
CC1(C)C(/C=C2/C(=O)C(/C=C3\N(Cc4ccccc4)c4ccccc4C3(C)C)=C2[O-])=[N+](CCCCS(=O)(=O)O)c2ccc(Br)cc21,701.683
CC1(C)C(/C=C2/C(=O)C(/C=C3\N(Cc4ccccc4)c4ccc(Br)cc4C3(C)C)=C2[O-])=[N+](CCCCS(=O)(=O)O)c2ccc(Br)cc21,780.579
CC1(C)C(/C=C2/C(=O)C(/C=C3\N(Cc4ccccc4)c4ccc(I)cc4C3(C)C)=C2[O-])=[N+](CCCCS(=O)(=O)O)c2ccc(Br)cc21,827.579
CC1(C)C(/C=C2/C(=O)C(/C=C3\N(Cc4ccsc4)c4ccccc4C3(C)C)=C2[O-])=[N+](CCCCS(=O)(=O)O)c2ccc(Br)cc21,707.712
CC1(C)C(/C=C2/C(=O)C(/C=C3\N(Cc4ccsc4)c4ccc(Br)cc4C3(C)C)=C2[O-])=[N+](CCCCS(=O)(=O)O)c2ccc(Br)cc21,786.608
CC1(C)C(/C=C2/C(=O)C(/C=C3\N(Cc4ccsc4)c4ccc(I)cc4C3(C)C)=C2[O-])=[N+](CCCCS(=O)(=O)O)c2ccc(Br)cc21,833.608
CCN1/C(=C\C2=C([O-])/C(=C\C3=[N+](CCCCS(=O)(=O)O)c4ccc(I)cc4C3(C)C)C2=O)C(C)(C)c2ccccc21,686.612
CCN1/C(=C\C2=C([O-])/C(=C\C3=[N+](CCCCS(=O)(=O)O)c4ccc(I)cc4C3(C)C)C2=O)C(C)(C)c2cc(Br)ccc21,765.508
CCN1/C(=C\C2=C([O-])/C(=C\C3=[N+](CCCCS(=O)(=O)O)c4ccc(I)cc4C3(C)C)C2=O)C(C)(C)c2cc(I)ccc21,812.508
CCCCN1/C(=C\C2=C([O-])/C(=C\C3=[N+](CCCCS(=O)(=O)O)c4ccc(I)cc4C3(C)C)C2=O)C(C)(C)c2ccccc21,714.666
CCCCN1/C(=C\C2=C([O-])/C(=C\C3=[N+](CCCCS(=O)(=O)O)c4ccc(I)cc4C3(C)C)C2=O)C(C)(C)c2cc(Br)ccc21,793.562
CCCCN1/C(=C\C2=C([O-])/C(=C\C3=[N+](CCCCS(=O)(=O)O)c4ccc(I)cc4C3(C)C)C2=O)C(C)(C)c2cc(I)ccc21,840.562
CC1(C)C(/C=C2/C(=O)C(/C=C3\N(CCCCN)c4ccccc4C3(C)C)=C2[O-])=[N+](CCCCS(=O)(=O)O)c2ccc(I)cc21,729.681
CC1(C)C(/C=C2/C(=O)C(/C=C3\N(CCCCN)c4ccc(Br)cc4C3(C)C)=C2[O-])=[N+](CCCCS(=O)(=O)O)c2ccc(I)cc21,808.577
CC1(C)C(/C=C2/C(=O)C(/C=C3\N(CCCCN)c4ccc(I)cc4C3(C)C)=C2[O-])=[N+](CCCCS(=O)(=O)O)c2ccc(I)cc21,855.577
CC1(C)C(/C=C2/C(=O)C(/C=C3\N(CCCCO)c4ccccc4C3(C)C)=C2[O-])=[N+](CCCCS(=O)(=O)O)c2ccc(I)cc21,730.665
CC1(C)C(/C=C2/C(=O)C(/C=C3\N(CCCCO)c4ccc(Br)cc4C3(C)C)=C2[O-])=[N+](CCCCS(=O)(=O)O)c2ccc(I)cc21,809.561
CC1(C)C(/C=C2/C(=O)C(/C=C3\N(CCCCO)c4ccc(I)cc4C3(C)C)=C2[O-])=[N+](CCCCS(=O)(=O)O)c2ccc(I)cc21,856.561
CC[N+](CC)(CC)CCCCN1/C(=C\C2=C([O-])/C(=C\C3=[N+](CCCCS(=O)(=O)O)c4ccc(I)cc4C3(C)C)C2=O)C(C)(C)c2ccccc21,814.851
CC[N+](CC)(CC)CCCCN1/C(=C\C2=C([O-])/C(=C\C3=[N+](CCCCS(=O)(=O)O)c4ccc(I)cc4C3(C)C)C2=O)C(C)(C)c2cc(Br)ccc21,893.747
CC[N+](CC)(CC)CCCCN1/C(=C\C2=C([O-])/C(=C\C3=[N+](CCCCS(=O)(=O)O)c4ccc(I)cc4C3(C)C)C2=O)C(C)(C)c2cc(I)ccc21,940.747
CC1(C)C(/C=C2/C(=O)C(/C=C3\N(CCCCS(=O)(=O)O)c4ccccc4C3(C)C)=C2[O-])=[N+](CCCCS(=O)(=O)O)c2ccc(I)cc21,794.73
CC1(C)C(/C=C2/C(=O)C(/C=C3\N(CCCCS(=O)(=O)O)c4ccc(Br)cc4C3(C)C)=C2[O-])=[N+](CCCCS(=O)(=O)O)c2ccc(I)cc21,873.626
CC1(C)C(/C=C2/C(=O)C(/C=C3\N(CCCCS(=O)(=O)O)c4ccc(I)cc4C3(C)C)=C2[O-])=[N+](CCCCS(=O)(=O)O)c2ccc(I)cc21,920.626
CC1(C)C(/C=C2/C(=O)C(/C=C3\N(Cc4ccccc4)c4ccccc4C3(C)C)=C2[O-])=[N+](CCCCS(=O)(=O)O)c2ccc(I)cc21,748.683
CC1(C)C(/C=C2/C(=O)C(/C=C3\N(Cc4ccccc4)c4ccc(Br)cc4C3(C)C)=C2[O-])=[N+](CCCCS(=O)(=O)O)c2ccc(I)cc21,827.579
CC1(C)C(/C=C2/C(=O)C(/C=C3\N(Cc4ccccc4)c4ccc(I)cc4C3(C)C)=C2[O-])=[N+](CCCCS(=O)(=O)O)c2ccc(I)cc21,874.579
CC1(C)C(/C=C2/C(=O)C(/C=C3\N(Cc4ccsc4)c4ccccc4C3(C)C)=C2[O-])=[N+](CCCCS(=O)(=O)O)c2ccc(I)cc21,754.712
CC1(C)C(/C=C2/C(=O)C(/C=C3\N(Cc4ccsc4)c4ccc(Br)cc4C3(C)C)=C2[O-])=[N+](CCCCS(=O)(=O)O)c2ccc(I)cc21,833.608
CC1(C)C(/C=C2/C(=O)C(/C=C3\N(Cc4ccsc4)c4ccc(I)cc4C3(C)C)=C2[O-])=[N+](CCCCS(=O)(=O)O)c2ccc(I)cc21,880.608
CCN1/C(=C\C2=C([O-])/C(=C\C3=[N+](Cc4ccccc4)c4ccccc4C3(C)C)C2=O)C(C)(C)c2ccccc21,514.669
CCN1/C(=C\C2=C([O-])/C(=C\C3=[N+](Cc4ccccc4)c4ccccc4C3(C)C)C2=O)C(C)(C)c2cc(Br)ccc21,593.565
CCN1/C(=C\C2=C([O-])/C(=C\C3=[N+](Cc4ccccc4)c4ccccc4C3(C)C)C2=O)C(C)(C)c2cc(I)ccc21,640.565
CCCCN1/C(=C\C2=C([O-])/C(=C\C3=[N+](Cc4ccccc4)c4ccccc4C3(C)C)C2=O)C(C)(C)c2ccccc21,542.723
CCCCN1/C(=C\C2=C([O-])/C(=C\C3=[N+](Cc4ccccc4)c4ccccc4C3(C)C)C2=O)C(C)(C)c2cc(Br)ccc21,621.619
CCCCN1/C(=C\C2=C([O-])/C(=C\C3=[N+](Cc4ccccc4)c4ccccc4C3(C)C)C2=O)C(C)(C)c2cc(I)ccc21,668.619
CC1(C)C(/C=C2/C(=O)C(/C=C3\N(CCCCN)c4ccccc4C3(C)C)=C2[O-])=[N+](Cc2ccccc2)c2ccccc21,557.738
CC1(C)C(/C=C2/C(=O)C(/C=C3\N(CCCCN)c4ccc(Br)cc4C3(C)C)=C2[O-])=[N+](Cc2ccccc2)c2ccccc21,636.634
CC1(C)C(/C=C2/C(=O)C(/C=C3\N(CCCCN)c4ccc(I)cc4C3(C)C)=C2[O-])=[N+](Cc2ccccc2)c2ccccc21,683.634
CC1(C)C(/C=C2/C(=O)C(/C=C3\N(CCCCO)c4ccccc4C3(C)C)=C2[O-])=[N+](Cc2ccccc2)c2ccccc21,558.722
CC1(C)C(/C=C2/C(=O)C(/C=C3\N(CCCCO)c4ccc(Br)cc4C3(C)C)=C2[O-])=[N+](Cc2ccccc2)c2ccccc21,637.618
CC1(C)C(/C=C2/C(=O)C(/C=C3\N(CCCCO)c4ccc(I)cc4C3(C)C)=C2[O-])=[N+](Cc2ccccc2)c2ccccc21,684.618
CC[N+](CC)(CC)CCCCN1/C(=C\C2=C([O-])/C(=C\C3=[N+](Cc4ccccc4)c4ccccc4C3(C)C)C2=O)C(C)(C)c2ccccc21,642.908
CC[N+](CC)(CC)CCCCN1/C(=C\C2=C([O-])/C(=C\C3=[N+](Cc4ccccc4)c4ccccc4C3(C)C)C2=O)C(C)(C)c2cc(Br)ccc21,721.804
CC[N+](CC)(CC)CCCCN1/C(=C\C2=C([O-])/C(=C\C3=[N+](Cc4ccccc4)c4ccccc4C3(C)C)C2=O)C(C)(C)c2cc(I)ccc21,768.804
CC1(C)C(/C=C2/C(=O)C(/C=C3\N(CCCCS(=O)(=O)O)c4ccccc4C3(C)C)=C2[O-])=[N+](Cc2ccccc2)c2ccccc21,622.787
CC1(C)C(/C=C2/C(=O)C(/C=C3\N(CCCCS(=O)(=O)O)c4ccc(Br)cc4C3(C)C)=C2[O-])=[N+](Cc2ccccc2)c2ccccc21,701.683
CC1(C)C(/C=C2/C(=O)C(/C=C3\N(CCCCS(=O)(=O)O)c4ccc(I)cc4C3(C)C)=C2[O-])=[N+](Cc2ccccc2)c2ccccc21,748.683
CC1(C)C(/C=C2/C(=O)C(/C=C3\N(Cc4ccccc4)c4ccccc4C3(C)C)=C2[O-])=[N+](Cc2ccccc2)c2ccccc21,576.74
CC1(C)C(/C=C2/C(=O)C(/C=C3\N(Cc4ccccc4)c4ccc(Br)cc4C3(C)C)=C2[O-])=[N+](Cc2ccccc2)c2ccccc21,655.636
CC1(C)C(/C=C2/C(=O)C(/C=C3\N(Cc4ccccc4)c4ccc(I)cc4C3(C)C)=C2[O-])=[N+](Cc2ccccc2)c2ccccc21,702.636
CC1(C)C(/C=C2/C(=O)C(/C=C3\N(Cc4ccsc4)c4ccccc4C3(C)C)=C2[O-])=[N+](Cc2ccccc2)c2ccccc21,582.769
CC1(C)C(/C=C2/C(=O)C(/C=C3\N(Cc4ccsc4)c4ccc(Br)cc4C3(C)C)=C2[O-])=[N+](Cc2ccccc2)c2ccccc21,661.665
CC1(C)C(/C=C2/C(=O)C(/C=C3\N(Cc4ccsc4)c4ccc(I)cc4C3(C)C)=C2[O-])=[N+](Cc2ccccc2)c2ccccc21,708.665
CCN1/C(=C\C2=C([O-])/C(=C\C3=[N+](Cc4ccccc4)c4ccc(Br)cc4C3(C)C)C2=O)C(C)(C)c2ccccc21,593.565
CCN1/C(=C\C2=C([O-])/C(=C\C3=[N+](Cc4ccccc4)c4ccc(Br)cc4C3(C)C)C2=O)C(C)(C)c2cc(Br)ccc21,672.461
CCN1/C(=C\C2=C([O-])/C(=C\C3=[N+](Cc4ccccc4)c4ccc(Br)cc4C3(C)C)C2=O)C(C)(C)c2cc(I)ccc21,719.461
CCCCN1/C(=C\C2=C([O-])/C(=C\C3=[N+](Cc4ccccc4)c4ccc(Br)cc4C3(C)C)C2=O)C(C)(C)c2ccccc21,621.619
CCCCN1/C(=C\C2=C([O-])/C(=C\C3=[N+](Cc4ccccc4)c4ccc(Br)cc4C3(C)C)C2=O)C(C)(C)c2cc(Br)ccc21,700.515
CCCCN1/C(=C\C2=C([O-])/C(=C\C3=[N+](Cc4ccccc4)c4ccc(Br)cc4C3(C)C)C2=O)C(C)(C)c2cc(I)ccc21,747.515
CC1(C)C(/C=C2/C(=O)C(/C=C3\N(CCCCN)c4ccccc4C3(C)C)=C2[O-])=[N+](Cc2ccccc2)c2ccc(Br)cc21,636.634
CC1(C)C(/C=C2/C(=O)C(/C=C3\N(CCCCN)c4ccc(Br)cc4C3(C)C)=C2[O-])=[N+](Cc2ccccc2)c2ccc(Br)cc21,715.53
CC1(C)C(/C=C2/C(=O)C(/C=C3\N(CCCCN)c4ccc(I)cc4C3(C)C)=C2[O-])=[N+](Cc2ccccc2)c2ccc(Br)cc21,762.53
CC1(C)C(/C=C2/C(=O)C(/C=C3\N(CCCCO)c4ccccc4C3(C)C)=C2[O-])=[N+](Cc2ccccc2)c2ccc(Br)cc21,637.618
CC1(C)C(/C=C2/C(=O)C(/C=C3\N(CCCCO)c4ccc(Br)cc4C3(C)C)=C2[O-])=[N+](Cc2ccccc2)c2ccc(Br)cc21,716.514
CC1(C)C(/C=C2/C(=O)C(/C=C3\N(CCCCO)c4ccc(I)cc4C3(C)C)=C2[O-])=[N+](Cc2ccccc2)c2ccc(Br)cc21,763.514
CC[N+](CC)(CC)CCCCN1/C(=C\C2=C([O-])/C(=C\C3=[N+](Cc4ccccc4)c4ccc(Br)cc4C3(C)C)C2=O)C(C)(C)c2ccccc21,721.804
CC[N+](CC)(CC)CCCCN1/C(=C\C2=C([O-])/C(=C\C3=[N+](Cc4ccccc4)c4ccc(Br)cc4C3(C)C)C2=O)C(C)(C)c2cc(Br)ccc21,800.7
CC[N+](CC)(CC)CCCCN1/C(=C\C2=C([O-])/C(=C\C3=[N+](Cc4ccccc4)c4ccc(Br)cc4C3(C)C)C2=O)C(C)(C)c2cc(I)ccc21,847.7
CC1(C)C(/C=C2/C(=O)C(/C=C3\N(CCCCS(=O)(=O)O)c4ccccc4C3(C)C)=C2[O-])=[N+](Cc2ccccc2)c2ccc(Br)cc21,701.683
CC1(C)C(/C=C2/C(=O)C(/C=C3\N(CCCCS(=O)(=O)O)c4ccc(Br)cc4C3(C)C)=C2[O-])=[N+](Cc2ccccc2)c2ccc(Br)cc21,780.579
CC1(C)C(/C=C2/C(=O)C(/C=C3\N(CCCCS(=O)(=O)O)c4ccc(I)cc4C3(C)C)=C2[O-])=[N+](Cc2ccccc2)c2ccc(Br)cc21,827.579
CC1(C)C(/C=C2/C(=O)C(/C=C3\N(Cc4ccccc4)c4ccccc4C3(C)C)=C2[O-])=[N+](Cc2ccccc2)c2ccc(Br)cc21,655.636
CC1(C)C(/C=C2/C(=O)C(/C=C3\N(Cc4ccccc4)c4ccc(Br)cc4C3(C)C)=C2[O-])=[N+](Cc2ccccc2)c2ccc(Br)cc21,734.532
CC1(C)C(/C=C2/C(=O)C(/C=C3\N(Cc4ccccc4)c4ccc(I)cc4C3(C)C)=C2[O-])=[N+](Cc2ccccc2)c2ccc(Br)cc21,781.532
CC1(C)C(/C=C2/C(=O)C(/C=C3\N(Cc4ccsc4)c4ccccc4C3(C)C)=C2[O-])=[N+](Cc2ccccc2)c2ccc(Br)cc21,661.665
CC1(C)C(/C=C2/C(=O)C(/C=C3\N(Cc4ccsc4)c4ccc(Br)cc4C3(C)C)=C2[O-])=[N+](Cc2ccccc2)c2ccc(Br)cc21,740.561
CC1(C)C(/C=C2/C(=O)C(/C=C3\N(Cc4ccsc4)c4ccc(I)cc4C3(C)C)=C2[O-])=[N+](Cc2ccccc2)c2ccc(Br)cc21,787.561
CCN1/C(=C\C2=C([O-])/C(=C\C3=[N+](Cc4ccccc4)c4ccc(I)cc4C3(C)C)C2=O)C(C)(C)c2ccccc21,640.565
CCN1/C(=C\C2=C([O-])/C(=C\C3=[N+](Cc4ccccc4)c4ccc(I)cc4C3(C)C)C2=O)C(C)(C)c2cc(Br)ccc21,719.461
CCN1/C(=C\C2=C([O-])/C(=C\C3=[N+](Cc4ccccc4)c4ccc(I)cc4C3(C)C)C2=O)C(C)(C)c2cc(I)ccc21,766.461
CCCCN1/C(=C\C2=C([O-])/C(=C\C3=[N+](Cc4ccccc4)c4ccc(I)cc4C3(C)C)C2=O)C(C)(C)c2ccccc21,668.619
CCCCN1/C(=C\C2=C([O-])/C(=C\C3=[N+](Cc4ccccc4)c4ccc(I)cc4C3(C)C)C2=O)C(C)(C)c2cc(Br)ccc21,747.515
CCCCN1/C(=C\C2=C([O-])/C(=C\C3=[N+](Cc4ccccc4)c4ccc(I)cc4C3(C)C)C2=O)C(C)(C)c2cc(I)ccc21,794.515
CC1(C)C(/C=C2/C(=O)C(/C=C3\N(CCCCN)c4ccccc4C3(C)C)=C2[O-])=[N+](Cc2ccccc2)c2ccc(I)cc21,683.634
CC1(C)C(/C=C2/C(=O)C(/C=C3\N(CCCCN)c4ccc(Br)cc4C3(C)C)=C2[O-])=[N+](Cc2ccccc2)c2ccc(I)cc21,762.53
CC1(C)C(/C=C2/C(=O)C(/C=C3\N(CCCCN)c4ccc(I)cc4C3(C)C)=C2[O-])=[N+](Cc2ccccc2)c2ccc(I)cc21,809.53
CC1(C)C(/C=C2/C(=O)C(/C=C3\N(CCCCO)c4ccccc4C3(C)C)=C2[O-])=[N+](Cc2ccccc2)c2ccc(I)cc21,684.618
CC1(C)C(/C=C2/C(=O)C(/C=C3\N(CCCCO)c4ccc(Br)cc4C3(C)C)=C2[O-])=[N+](Cc2ccccc2)c2ccc(I)cc21,763.514
CC1(C)C(/C=C2/C(=O)C(/C=C3\N(CCCCO)c4ccc(I)cc4C3(C)C)=C2[O-])=[N+](Cc2ccccc2)c2ccc(I)cc21,810.514
CC[N+](CC)(CC)CCCCN1/C(=C\C2=C([O-])/C(=C\C3=[N+](Cc4ccccc4)c4ccc(I)cc4C3(C)C)C2=O)C(C)(C)c2ccccc21,768.804
CC[N+](CC)(CC)CCCCN1/C(=C\C2=C([O-])/C(=C\C3=[N+](Cc4ccccc4)c4ccc(I)cc4C3(C)C)C2=O)C(C)(C)c2cc(Br)ccc21,847.7
CC[N+](CC)(CC)CCCCN1/C(=C\C2=C([O-])/C(=C\C3=[N+](Cc4ccccc4)c4ccc(I)cc4C3(C)C)C2=O)C(C)(C)c2cc(I)ccc21,894.7
CC1(C)C(/C=C2/C(=O)C(/C=C3\N(CCCCS(=O)(=O)O)c4ccccc4C3(C)C)=C2[O-])=[N+](Cc2ccccc2)c2ccc(I)cc21,748.683
CC1(C)C(/C=C2/C(=O)C(/C=C3\N(CCCCS(=O)(=O)O)c4ccc(Br)cc4C3(C)C)=C2[O-])=[N+](Cc2ccccc2)c2ccc(I)cc21,827.579
CC1(C)C(/C=C2/C(=O)C(/C=C3\N(CCCCS(=O)(=O)O)c4ccc(I)cc4C3(C)C)=C2[O-])=[N+](Cc2ccccc2)c2ccc(I)cc21,874.579
CC1(C)C(/C=C2/C(=O)C(/C=C3\N(Cc4ccccc4)c4ccccc4C3(C)C)=C2[O-])=[N+](Cc2ccccc2)c2ccc(I)cc21,702.636
CC1(C)C(/C=C2/C(=O)C(/C=C3\N(Cc4ccccc4)c4ccc(Br)cc4C3(C)C)=C2[O-])=[N+](Cc2ccccc2)c2ccc(I)cc21,781.532
CC1(C)C(/C=C2/C(=O)C(/C=C3\N(Cc4ccccc4)c4ccc(I)cc4C3(C)C)=C2[O-])=[N+](Cc2ccccc2)c2ccc(I)cc21,828.532
CC1(C)C(/C=C2/C(=O)C(/C=C3\N(Cc4ccsc4)c4ccccc4C3(C)C)=C2[O-])=[N+](Cc2ccccc2)c2ccc(I)cc21,708.665
CC1(C)C(/C=C2/C(=O)C(/C=C3\N(Cc4ccsc4)c4ccc(Br)cc4C3(C)C)=C2[O-])=[N+](Cc2ccccc2)c2ccc(I)cc21,787.561
CC1(C)C(/C=C2/C(=O)C(/C=C3\N(Cc4ccsc4)c4ccc(I)cc4C3(C)C)=C2[O-])=[N+](Cc2ccccc2)c2ccc(I)cc21,834.561
CCN1/C(=C\C2=C([O-])/C(=C\C3=[N+](Cc4ccsc4)c4ccccc4C3(C)C)C2=O)C(C)(C)c2ccccc21,520.698
CCN1/C(=C\C2=C([O-])/C(=C\C3=[N+](Cc4ccsc4)c4ccccc4C3(C)C)C2=O)C(C)(C)c2cc(Br)ccc21,599.594
CCN1/C(=C\C2=C([O-])/C(=C\C3=[N+](Cc4ccsc4)c4ccccc4C3(C)C)C2=O)C(C)(C)c2cc(I)ccc21,646.594
CCCCN1/C(=C\C2=C([O-])/C(=C\C3=[N+](Cc4ccsc4)c4ccccc4C3(C)C)C2=O)C(C)(C)c2ccccc21,548.752
CCCCN1/C(=C\C2=C([O-])/C(=C\C3=[N+](Cc4ccsc4)c4ccccc4C3(C)C)C2=O)C(C)(C)c2cc(Br)ccc21,627.648
CCCCN1/C(=C\C2=C([O-])/C(=C\C3=[N+](Cc4ccsc4)c4ccccc4C3(C)C)C2=O)C(C)(C)c2cc(I)ccc21,674.648
CC1(C)C(/C=C2/C(=O)C(/C=C3\N(CCCCN)c4ccccc4C3(C)C)=C2[O-])=[N+](Cc2ccsc2)c2ccccc21,563.767
CC1(C)C(/C=C2/C(=O)C(/C=C3\N(CCCCN)c4ccc(Br)cc4C3(C)C)=C2[O-])=[N+](Cc2ccsc2)c2ccccc21,642.663
CC1(C)C(/C=C2/C(=O)C(/C=C3\N(CCCCN)c4ccc(I)cc4C3(C)C)=C2[O-])=[N+](Cc2ccsc2)c2ccccc21,689.663
CC1(C)C(/C=C2/C(=O)C(/C=C3\N(CCCCO)c4ccccc4C3(C)C)=C2[O-])=[N+](Cc2ccsc2)c2ccccc21,564.751
CC1(C)C(/C=C2/C(=O)C(/C=C3\N(CCCCO)c4ccc(Br)cc4C3(C)C)=C2[O-])=[N+](Cc2ccsc2)c2ccccc21,643.647
CC1(C)C(/C=C2/C(=O)C(/C=C3\N(CCCCO)c4ccc(I)cc4C3(C)C)=C2[O-])=[N+](Cc2ccsc2)c2ccccc21,690.647
CC[N+](CC)(CC)CCCCN1/C(=C\C2=C([O-])/C(=C\C3=[N+](Cc4ccsc4)c4ccccc4C3(C)C)C2=O)C(C)(C)c2ccccc21,648.937
CC[N+](CC)(CC)CCCCN1/C(=C\C2=C([O-])/C(=C\C3=[N+](Cc4ccsc4)c4ccccc4C3(C)C)C2=O)C(C)(C)c2cc(Br)ccc21,727.833
CC[N+](CC)(CC)CCCCN1/C(=C\C2=C([O-])/C(=C\C3=[N+](Cc4ccsc4)c4ccccc4C3(C)C)C2=O)C(C)(C)c2cc(I)ccc21,774.833
CC1(C)C(/C=C2/C(=O)C(/C=C3\N(CCCCS(=O)(=O)O)c4ccccc4C3(C)C)=C2[O-])=[N+](Cc2ccsc2)c2ccccc21,628.816
CC1(C)C(/C=C2/C(=O)C(/C=C3\N(CCCCS(=O)(=O)O)c4ccc(Br)cc4C3(C)C)=C2[O-])=[N+](Cc2ccsc2)c2ccccc21,707.712
CC1(C)C(/C=C2/C(=O)C(/C=C3\N(CCCCS(=O)(=O)O)c4ccc(I)cc4C3(C)C)=C2[O-])=[N+](Cc2ccsc2)c2ccccc21,754.712
CC1(C)C(/C=C2/C(=O)C(/C=C3\N(Cc4ccccc4)c4ccccc4C3(C)C)=C2[O-])=[N+](Cc2ccsc2)c2ccccc21,582.769
CC1(C)C(/C=C2/C(=O)C(/C=C3\N(Cc4ccccc4)c4ccc(Br)cc4C3(C)C)=C2[O-])=[N+](Cc2ccsc2)c2ccccc21,661.665
CC1(C)C(/C=C2/C(=O)C(/C=C3\N(Cc4ccccc4)c4ccc(I)cc4C3(C)C)=C2[O-])=[N+](Cc2ccsc2)c2ccccc21,708.665
CC1(C)C(/C=C2/C(=O)C(/C=C3\N(Cc4ccsc4)c4ccccc4C3(C)C)=C2[O-])=[N+](Cc2ccsc2)c2ccccc21,588.798
CC1(C)C(/C=C2/C(=O)C(/C=C3\N(Cc4ccsc4)c4ccc(Br)cc4C3(C)C)=C2[O-])=[N+](Cc2ccsc2)c2ccccc21,667.694
CC1(C)C(/C=C2/C(=O)C(/C=C3\N(Cc4ccsc4)c4ccc(I)cc4C3(C)C)=C2[O-])=[N+](Cc2ccsc2)c2ccccc21,714.694
CCN1/C(=C\C2=C([O-])/C(=C\C3=[N+](Cc4ccsc4)c4ccc(Br)cc4C3(C)C)C2=O)C(C)(C)c2ccccc21,599.594
CCN1/C(=C\C2=C([O-])/C(=C\C3=[N+](Cc4ccsc4)c4ccc(Br)cc4C3(C)C)C2=O)C(C)(C)c2cc(Br)ccc21,678.49
CCN1/C(=C\C2=C([O-])/C(=C\C3=[N+](Cc4ccsc4)c4ccc(Br)cc4C3(C)C)C2=O)C(C)(C)c2cc(I)ccc21,725.49
CCCCN1/C(=C\C2=C([O-])/C(=C\C3=[N+](Cc4ccsc4)c4ccc(Br)cc4C3(C)C)C2=O)C(C)(C)c2ccccc21,627.648
CCCCN1/C(=C\C2=C([O-])/C(=C\C3=[N+](Cc4ccsc4)c4ccc(Br)cc4C3(C)C)C2=O)C(C)(C)c2cc(Br)ccc21,706.544
CCCCN1/C(=C\C2=C([O-])/C(=C\C3=[N+](Cc4ccsc4)c4ccc(Br)cc4C3(C)C)C2=O)C(C)(C)c2cc(I)ccc21,753.544
CC1(C)C(/C=C2/C(=O)C(/C=C3\N(CCCCN)c4ccccc4C3(C)C)=C2[O-])=[N+](Cc2ccsc2)c2ccc(Br)cc21,642.663
CC1(C)C(/C=C2/C(=O)C(/C=C3\N(CCCCN)c4ccc(Br)cc4C3(C)C)=C2[O-])=[N+](Cc2ccsc2)c2ccc(Br)cc21,721.559
CC1(C)C(/C=C2/C(=O)C(/C=C3\N(CCCCN)c4ccc(I)cc4C3(C)C)=C2[O-])=[N+](Cc2ccsc2)c2ccc(Br)cc21,768.559
CC1(C)C(/C=C2/C(=O)C(/C=C3\N(CCCCO)c4ccccc4C3(C)C)=C2[O-])=[N+](Cc2ccsc2)c2ccc(Br)cc21,643.647
CC1(C)C(/C=C2/C(=O)C(/C=C3\N(CCCCO)c4ccc(Br)cc4C3(C)C)=C2[O-])=[N+](Cc2ccsc2)c2ccc(Br)cc21,722.543
CC1(C)C(/C=C2/C(=O)C(/C=C3\N(CCCCO)c4ccc(I)cc4C3(C)C)=C2[O-])=[N+](Cc2ccsc2)c2ccc(Br)cc21,769.543
CC[N+](CC)(CC)CCCCN1/C(=C\C2=C([O-])/C(=C\C3=[N+](Cc4ccsc4)c4ccc(Br)cc4C3(C)C)C2=O)C(C)(C)c2ccccc21,727.833
CC[N+](CC)(CC)CCCCN1/C(=C\C2=C([O-])/C(=C\C3=[N+](Cc4ccsc4)c4ccc(Br)cc4C3(C)C)C2=O)C(C)(C)c2cc(Br)ccc21,806.729
CC[N+](CC)(CC)CCCCN1/C(=C\C2=C([O-])/C(=C\C3=[N+](Cc4ccsc4)c4ccc(Br)cc4C3(C)C)C2=O)C(C)(C)c2cc(I)ccc21,853.729
CC1(C)C(/C=C2/C(=O)C(/C=C3\N(CCCCS(=O)(=O)O)c4ccccc4C3(C)C)=C2[O-])=[N+](Cc2ccsc2)c2ccc(Br)cc21,707.712
CC1(C)C(/C=C2/C(=O)C(/C=C3\N(CCCCS(=O)(=O)O)c4ccc(Br)cc4C3(C)C)=C2[O-])=[N+](Cc2ccsc2)c2ccc(Br)cc21,786.608
CC1(C)C(/C=C2/C(=O)C(/C=C3\N(CCCCS(=O)(=O)O)c4ccc(I)cc4C3(C)C)=C2[O-])=[N+](Cc2ccsc2)c2ccc(Br)cc21,833.608
CC1(C)C(/C=C2/C(=O)C(/C=C3\N(Cc4ccccc4)c4ccccc4C3(C)C)=C2[O-])=[N+](Cc2ccsc2)c2ccc(Br)cc21,661.665
CC1(C)C(/C=C2/C(=O)C(/C=C3\N(Cc4ccccc4)c4ccc(Br)cc4C3(C)C)=C2[O-])=[N+](Cc2ccsc2)c2ccc(Br)cc21,740.561
CC1(C)C(/C=C2/C(=O)C(/C=C3\N(Cc4ccccc4)c4ccc(I)cc4C3(C)C)=C2[O-])=[N+](Cc2ccsc2)c2ccc(Br)cc21,787.561
CC1(C)C(/C=C2/C(=O)C(/C=C3\N(Cc4ccsc4)c4ccccc4C3(C)C)=C2[O-])=[N+](Cc2ccsc2)c2ccc(Br)cc21,667.694
CC1(C)C(/C=C2/C(=O)C(/C=C3\N(Cc4ccsc4)c4ccc(Br)cc4C3(C)C)=C2[O-])=[N+](Cc2ccsc2)c2ccc(Br)cc21,746.59
CC1(C)C(/C=C2/C(=O)C(/C=C3\N(Cc4ccsc4)c4ccc(I)cc4C3(C)C)=C2[O-])=[N+](Cc2ccsc2)c2ccc(Br)cc21,793.59
CCN1/C(=C\C2=C([O-])/C(=C\C3=[N+](Cc4ccsc4)c4ccc(I)cc4C3(C)C)C2=O)C(C)(C)c2ccccc21,646.594
CCN1/C(=C\C2=C([O-])/C(=C\C3=[N+](Cc4ccsc4)c4ccc(I)cc4C3(C)C)C2=O)C(C)(C)c2cc(Br)ccc21,725.49
CCN1/C(=C\C2=C([O-])/C(=C\C3=[N+](Cc4ccsc4)c4ccc(I)cc4C3(C)C)C2=O)C(C)(C)c2cc(I)ccc21,772.49
CCCCN1/C(=C\C2=C([O-])/C(=C\C3=[N+](Cc4ccsc4)c4ccc(I)cc4C3(C)C)C2=O)C(C)(C)c2ccccc21,674.648
CCCCN1/C(=C\C2=C([O-])/C(=C\C3=[N+](Cc4ccsc4)c4ccc(I)cc4C3(C)C)C2=O)C(C)(C)c2cc(Br)ccc21,753.544
CCCCN1/C(=C\C2=C([O-])/C(=C\C3=[N+](Cc4ccsc4)c4ccc(I)cc4C3(C)C)C2=O)C(C)(C)c2cc(I)ccc21,800.544
CC1(C)C(/C=C2/C(=O)C(/C=C3\N(CCCCN)c4ccccc4C3(C)C)=C2[O-])=[N+](Cc2ccsc2)c2ccc(I)cc21,689.663
CC1(C)C(/C=C2/C(=O)C(/C=C3\N(CCCCN)c4ccc(Br)cc4C3(C)C)=C2[O-])=[N+](Cc2ccsc2)c2ccc(I)cc21,768.559
CC1(C)C(/C=C2/C(=O)C(/C=C3\N(CCCCN)c4ccc(I)cc4C3(C)C)=C2[O-])=[N+](Cc2ccsc2)c2ccc(I)cc21,815.559
CC1(C)C(/C=C2/C(=O)C(/C=C3\N(CCCCO)c4ccccc4C3(C)C)=C2[O-])=[N+](Cc2ccsc2)c2ccc(I)cc21,690.647
CC1(C)C(/C=C2/C(=O)C(/C=C3\N(CCCCO)c4ccc(Br)cc4C3(C)C)=C2[O-])=[N+](Cc2ccsc2)c2ccc(I)cc21,769.543
CC1(C)C(/C=C2/C(=O)C(/C=C3\N(CCCCO)c4ccc(I)cc4C3(C)C)=C2[O-])=[N+](Cc2ccsc2)c2ccc(I)cc21,816.543
CC[N+](CC)(CC)CCCCN1/C(=C\C2=C([O-])/C(=C\C3=[N+](Cc4ccsc4)c4ccc(I)cc4C3(C)C)C2=O)C(C)(C)c2ccccc21,774.833
CC[N+](CC)(CC)CCCCN1/C(=C\C2=C([O-])/C(=C\C3=[N+](Cc4ccsc4)c4ccc(I)cc4C3(C)C)C2=O)C(C)(C)c2cc(Br)ccc21,853.729
CC[N+](CC)(CC)CCCCN1/C(=C\C2=C([O-])/C(=C\C3=[N+](Cc4ccsc4)c4ccc(I)cc4C3(C)C)C2=O)C(C)(C)c2cc(I)ccc21,900.729
CC1(C)C(/C=C2/C(=O)C(/C=C3\N(CCCCS(=O)(=O)O)c4ccccc4C3(C)C)=C2[O-])=[N+](Cc2ccsc2)c2ccc(I)cc21,754.712
CC1(C)C(/C=C2/C(=O)C(/C=C3\N(CCCCS(=O)(=O)O)c4ccc(Br)cc4C3(C)C)=C2[O-])=[N+](Cc2ccsc2)c2ccc(I)cc21,833.608
CC1(C)C(/C=C2/C(=O)C(/C=C3\N(CCCCS(=O)(=O)O)c4ccc(I)cc4C3(C)C)=C2[O-])=[N+](Cc2ccsc2)c2ccc(I)cc21,880.608
CC1(C)C(/C=C2/C(=O)C(/C=C3\N(Cc4ccccc4)c4ccccc4C3(C)C)=C2[O-])=[N+](Cc2ccsc2)c2ccc(I)cc21,708.665
CC1(C)C(/C=C2/C(=O)C(/C=C3\N(Cc4ccccc4)c4ccc(Br)cc4C3(C)C)=C2[O-])=[N+](Cc2ccsc2)c2ccc(I)cc21,787.561
CC1(C)C(/C=C2/C(=O)C(/C=C3\N(Cc4ccccc4)c4ccc(I)cc4C3(C)C)=C2[O-])=[N+](Cc2ccsc2)c2ccc(I)cc21,834.561
CC1(C)C(/C=C2/C(=O)C(/C=C3\N(Cc4ccsc4)c4ccccc4C3(C)C)=C2[O-])=[N+](Cc2ccsc2)c2ccc(I)cc21,714.694
CC1(C)C(/C=C2/C(=O)C(/C=C3\N(Cc4ccsc4)c4ccc(Br)cc4C3(C)C)=C2[O-])=[N+](Cc2ccsc2)c2ccc(I)cc21,793.59
CC1(C)C(/C=C2/C(=O)C(/C=C3\N(Cc4ccsc4)c4ccc(I)cc4C3(C)C)=C2[O-])=[N+](Cc2ccsc2)c2ccc(I)cc21,840.59
CCN1/C(=C/C2=C(O)/C(=C/c3[se]c4ccccc4[n+]3CC)C2=O)[Se]c2ccccc21,527.364
CCN1/C(=C/C2=C(O)/C(=C/c3[se]c4ccccc4[n+]3CC)C2=O)[Se]c2cc(Br)ccc21,606.26
CCN1/C(=C/C2=C(O)/C(=C/c3[se]c4ccccc4[n+]3CC)C2=O)[Se]c2cc(I)ccc21,653.26
CCCCN1/C(=C/C2=C(O)/C(=C/c3[se]c4ccccc4[n+]3CC)C2=O)[Se]c2ccccc21,555.418
CCCCN1/C(=C/C2=C(O)/C(=C/c3[se]c4ccccc4[n+]3CC)C2=O)[Se]c2cc(Br)ccc21,634.314
CCCCN1/C(=C/C2=C(O)/C(=C/c3[se]c4ccccc4[n+]3CC)C2=O)[Se]c2cc(I)ccc21,681.314
CC[n+]1c(/C=C2\C(=O)C(/C=C3\[Se]c4ccccc4N3CCCCN)=C2O)[se]c2ccccc21,570.433
CC[n+]1c(/C=C2\C(=O)C(/C=C3\[Se]c4cc(Br)ccc4N3CCCCN)=C2O)[se]c2ccccc21,649.329
CC[n+]1c(/C=C2\C(=O)C(/C=C3\[Se]c4cc(I)ccc4N3CCCCN)=C2O)[se]c2ccccc21,696.329
CC[n+]1c(/C=C2\C(=O)C(/C=C3\[Se]c4ccccc4N3CCCCO)=C2O)[se]c2ccccc21,571.417
CC[n+]1c(/C=C2\C(=O)C(/C=C3\[Se]c4cc(Br)ccc4N3CCCCO)=C2O)[se]c2ccccc21,650.313
CC[n+]1c(/C=C2\C(=O)C(/C=C3\[Se]c4cc(I)ccc4N3CCCCO)=C2O)[se]c2ccccc21,697.313
CC[n+]1c(/C=C2\C(=O)C(/C=C3\[Se]c4ccccc4N3CCCC[N+](CC)(CC)CC)=C2O)[se]c2ccccc21,655.603
CC[n+]1c(/C=C2\C(=O)C(/C=C3\[Se]c4cc(Br)ccc4N3CCCC[N+](CC)(CC)CC)=C2O)[se]c2ccccc21,734.499
CC[n+]1c(/C=C2\C(=O)C(/C=C3\[Se]c4cc(I)ccc4N3CCCC[N+](CC)(CC)CC)=C2O)[se]c2ccccc21,781.499
CC[n+]1c(/C=C2\C(=O)C(/C=C3\[Se]c4ccccc4N3CCCCS(=O)(=O)O)=C2O)[se]c2ccccc21,635.482
CC[n+]1c(/C=C2\C(=O)C(/C=C3\[Se]c4cc(Br)ccc4N3CCCCS(=O)(=O)O)=C2O)[se]c2ccccc21,714.378
CC[n+]1c(/C=C2\C(=O)C(/C=C3\[Se]c4cc(I)ccc4N3CCCCS(=O)(=O)O)=C2O)[se]c2ccccc21,761.378
CC[n+]1c(/C=C2\C(=O)C(/C=C3\[Se]c4ccccc4N3Cc3ccccc3)=C2O)[se]c2ccccc21,589.435
CC[n+]1c(/C=C2\C(=O)C(/C=C3\[Se]c4cc(Br)ccc4N3Cc3ccccc3)=C2O)[se]c2ccccc21,668.331
CC[n+]1c(/C=C2\C(=O)C(/C=C3\[Se]c4cc(I)ccc4N3Cc3ccccc3)=C2O)[se]c2ccccc21,715.331
CC[n+]1c(/C=C2\C(=O)C(/C=C3\[Se]c4ccccc4N3Cc3ccsc3)=C2O)[se]c2ccccc21,595.464
CC[n+]1c(/C=C2\C(=O)C(/C=C3\[Se]c4cc(Br)ccc4N3Cc3ccsc3)=C2O)[se]c2ccccc21,674.36
CC[n+]1c(/C=C2\C(=O)C(/C=C3\[Se]c4cc(I)ccc4N3Cc3ccsc3)=C2O)[se]c2ccccc21,721.36
CCN1/C(=C/C2=C(O)/C(=C/c3[se]c4cc(Br)ccc4[n+]3CC)C2=O)[Se]c2ccccc21,606.26
CCN1/C(=C/C2=C(O)/C(=C/c3[se]c4cc(Br)ccc4[n+]3CC)C2=O)[Se]c2cc(Br)ccc21,685.156
CCN1/C(=C/C2=C(O)/C(=C/c3[se]c4cc(Br)ccc4[n+]3CC)C2=O)[Se]c2cc(I)ccc21,732.156
CCCCN1/C(=C/C2=C(O)/C(=C/c3[se]c4cc(Br)ccc4[n+]3CC)C2=O)[Se]c2ccccc21,634.314
CCCCN1/C(=C/C2=C(O)/C(=C/c3[se]c4cc(Br)ccc4[n+]3CC)C2=O)[Se]c2cc(Br)ccc21,713.21
CCCCN1/C(=C/C2=C(O)/C(=C/c3[se]c4cc(Br)ccc4[n+]3CC)C2=O)[Se]c2cc(I)ccc21,760.21
CC[n+]1c(/C=C2\C(=O)C(/C=C3\[Se]c4ccccc4N3CCCCN)=C2O)[se]c2cc(Br)ccc21,649.329
CC[n+]1c(/C=C2\C(=O)C(/C=C3\[Se]c4cc(Br)ccc4N3CCCCN)=C2O)[se]c2cc(Br)ccc21,728.225
CC[n+]1c(/C=C2\C(=O)C(/C=C3\[Se]c4cc(I)ccc4N3CCCCN)=C2O)[se]c2cc(Br)ccc21,775.225
CC[n+]1c(/C=C2\C(=O)C(/C=C3\[Se]c4ccccc4N3CCCCO)=C2O)[se]c2cc(Br)ccc21,650.313
CC[n+]1c(/C=C2\C(=O)C(/C=C3\[Se]c4cc(Br)ccc4N3CCCCO)=C2O)[se]c2cc(Br)ccc21,729.209
CC[n+]1c(/C=C2\C(=O)C(/C=C3\[Se]c4cc(I)ccc4N3CCCCO)=C2O)[se]c2cc(Br)ccc21,776.209
CC[n+]1c(/C=C2\C(=O)C(/C=C3\[Se]c4ccccc4N3CCCC[N+](CC)(CC)CC)=C2O)[se]c2cc(Br)ccc21,734.499
CC[n+]1c(/C=C2\C(=O)C(/C=C3\[Se]c4cc(Br)ccc4N3CCCC[N+](CC)(CC)CC)=C2O)[se]c2cc(Br)ccc21,813.395
CC[n+]1c(/C=C2\C(=O)C(/C=C3\[Se]c4cc(I)ccc4N3CCCC[N+](CC)(CC)CC)=C2O)[se]c2cc(Br)ccc21,860.395
CC[n+]1c(/C=C2\C(=O)C(/C=C3\[Se]c4ccccc4N3CCCCS(=O)(=O)O)=C2O)[se]c2cc(Br)ccc21,714.378
CC[n+]1c(/C=C2\C(=O)C(/C=C3\[Se]c4cc(Br)ccc4N3CCCCS(=O)(=O)O)=C2O)[se]c2cc(Br)ccc21,793.274
CC[n+]1c(/C=C2\C(=O)C(/C=C3\[Se]c4cc(I)ccc4N3CCCCS(=O)(=O)O)=C2O)[se]c2cc(Br)ccc21,840.274
CC[n+]1c(/C=C2\C(=O)C(/C=C3\[Se]c4ccccc4N3Cc3ccccc3)=C2O)[se]c2cc(Br)ccc21,668.331
CC[n+]1c(/C=C2\C(=O)C(/C=C3\[Se]c4cc(Br)ccc4N3Cc3ccccc3)=C2O)[se]c2cc(Br)ccc21,747.227
CC[n+]1c(/C=C2\C(=O)C(/C=C3\[Se]c4cc(I)ccc4N3Cc3ccccc3)=C2O)[se]c2cc(Br)ccc21,794.227
CC[n+]1c(/C=C2\C(=O)C(/C=C3\[Se]c4ccccc4N3Cc3ccsc3)=C2O)[se]c2cc(Br)ccc21,674.36
CC[n+]1c(/C=C2\C(=O)C(/C=C3\[Se]c4cc(Br)ccc4N3Cc3ccsc3)=C2O)[se]c2cc(Br)ccc21,753.256
CC[n+]1c(/C=C2\C(=O)C(/C=C3\[Se]c4cc(I)ccc4N3Cc3ccsc3)=C2O)[se]c2cc(Br)ccc21,800.256
CCN1/C(=C/C2=C(O)/C(=C/c3[se]c4cc(I)ccc4[n+]3CC)C2=O)[Se]c2ccccc21,653.26
CCN1/C(=C/C2=C(O)/C(=C/c3[se]c4cc(I)ccc4[n+]3CC)C2=O)[Se]c2cc(Br)ccc21,732.156
CCN1/C(=C/C2=C(O)/C(=C/c3[se]c4cc(I)ccc4[n+]3CC)C2=O)[Se]c2cc(I)ccc21,779.156
CCCCN1/C(=C/C2=C(O)/C(=C/c3[se]c4cc(I)ccc4[n+]3CC)C2=O)[Se]c2ccccc21,681.314
CCCCN1/C(=C/C2=C(O)/C(=C/c3[se]c4cc(I)ccc4[n+]3CC)C2=O)[Se]c2cc(Br)ccc21,760.21
CCCCN1/C(=C/C2=C(O)/C(=C/c3[se]c4cc(I)ccc4[n+]3CC)C2=O)[Se]c2cc(I)ccc21,807.21
CC[n+]1c(/C=C2\C(=O)C(/C=C3\[Se]c4ccccc4N3CCCCN)=C2O)[se]c2cc(I)ccc21,696.329
CC[n+]1c(/C=C2\C(=O)C(/C=C3\[Se]c4cc(Br)ccc4N3CCCCN)=C2O)[se]c2cc(I)ccc21,775.225
CC[n+]1c(/C=C2\C(=O)C(/C=C3\[Se]c4cc(I)ccc4N3CCCCN)=C2O)[se]c2cc(I)ccc21,822.225
CC[n+]1c(/C=C2\C(=O)C(/C=C3\[Se]c4ccccc4N3CCCCO)=C2O)[se]c2cc(I)ccc21,697.313
CC[n+]1c(/C=C2\C(=O)C(/C=C3\[Se]c4cc(Br)ccc4N3CCCCO)=C2O)[se]c2cc(I)ccc21,776.209
CC[n+]1c(/C=C2\C(=O)C(/C=C3\[Se]c4cc(I)ccc4N3CCCCO)=C2O)[se]c2cc(I)ccc21,823.209
CC[n+]1c(/C=C2\C(=O)C(/C=C3\[Se]c4ccccc4N3CCCC[N+](CC)(CC)CC)=C2O)[se]c2cc(I)ccc21,781.499
CC[n+]1c(/C=C2\C(=O)C(/C=C3\[Se]c4cc(Br)ccc4N3CCCC[N+](CC)(CC)CC)=C2O)[se]c2cc(I)ccc21,860.395
CC[n+]1c(/C=C2\C(=O)C(/C=C3\[Se]c4cc(I)ccc4N3CCCC[N+](CC)(CC)CC)=C2O)[se]c2cc(I)ccc21,907.395
CC[n+]1c(/C=C2\C(=O)C(/C=C3\[Se]c4ccccc4N3CCCCS(=O)(=O)O)=C2O)[se]c2cc(I)ccc21,761.378
CC[n+]1c(/C=C2\C(=O)C(/C=C3\[Se]c4cc(Br)ccc4N3CCCCS(=O)(=O)O)=C2O)[se]c2cc(I)ccc21,840.274
CC[n+]1c(/C=C2\C(=O)C(/C=C3\[Se]c4cc(I)ccc4N3CCCCS(=O)(=O)O)=C2O)[se]c2cc(I)ccc21,887.274
CC[n+]1c(/C=C2\C(=O)C(/C=C3\[Se]c4ccccc4N3Cc3ccccc3)=C2O)[se]c2cc(I)ccc21,715.331
CC[n+]1c(/C=C2\C(=O)C(/C=C3\[Se]c4cc(Br)ccc4N3Cc3ccccc3)=C2O)[se]c2cc(I)ccc21,794.227
CC[n+]1c(/C=C2\C(=O)C(/C=C3\[Se]c4cc(I)ccc4N3Cc3ccccc3)=C2O)[se]c2cc(I)ccc21,841.227
CC[n+]1c(/C=C2\C(=O)C(/C=C3\[Se]c4ccccc4N3Cc3ccsc3)=C2O)[se]c2cc(I)ccc21,721.36
CC[n+]1c(/C=C2\C(=O)C(/C=C3\[Se]c4cc(Br)ccc4N3Cc3ccsc3)=C2O)[se]c2cc(I)ccc21,800.256
CC[n+]1c(/C=C2\C(=O)C(/C=C3\[Se]c4cc(I)ccc4N3Cc3ccsc3)=C2O)[se]c2cc(I)ccc21,847.256
CCCC[n+]1c(/C=C2\C(=O)C(/C=C3\[Se]c4ccccc4N3CC)=C2O)[se]c2ccccc21,555.418
CCCC[n+]1c(/C=C2\C(=O)C(/C=C3\[Se]c4cc(Br)ccc4N3CC)=C2O)[se]c2ccccc21,634.314
CCCC[n+]1c(/C=C2\C(=O)C(/C=C3\[Se]c4cc(I)ccc4N3CC)=C2O)[se]c2ccccc21,681.314
CCCCN1/C(=C/C2=C(O)/C(=C/c3[se]c4ccccc4[n+]3CCCC)C2=O)[Se]c2ccccc21,583.472
CCCCN1/C(=C/C2=C(O)/C(=C/c3[se]c4ccccc4[n+]3CCCC)C2=O)[Se]c2cc(Br)ccc21,662.368
CCCCN1/C(=C/C2=C(O)/C(=C/c3[se]c4ccccc4[n+]3CCCC)C2=O)[Se]c2cc(I)ccc21,709.368
CCCC[n+]1c(/C=C2\C(=O)C(/C=C3\[Se]c4ccccc4N3CCCCN)=C2O)[se]c2ccccc21,598.487
CCCC[n+]1c(/C=C2\C(=O)C(/C=C3\[Se]c4cc(Br)ccc4N3CCCCN)=C2O)[se]c2ccccc21,677.383
CCCC[n+]1c(/C=C2\C(=O)C(/C=C3\[Se]c4cc(I)ccc4N3CCCCN)=C2O)[se]c2ccccc21,724.383
CCCC[n+]1c(/C=C2\C(=O)C(/C=C3\[Se]c4ccccc4N3CCCCO)=C2O)[se]c2ccccc21,599.471
CCCC[n+]1c(/C=C2\C(=O)C(/C=C3\[Se]c4cc(Br)ccc4N3CCCCO)=C2O)[se]c2ccccc21,678.367
CCCC[n+]1c(/C=C2\C(=O)C(/C=C3\[Se]c4cc(I)ccc4N3CCCCO)=C2O)[se]c2ccccc21,725.367
CCCC[n+]1c(/C=C2\C(=O)C(/C=C3\[Se]c4ccccc4N3CCCC[N+](CC)(CC)CC)=C2O)[se]c2ccccc21,683.657
CCCC[n+]1c(/C=C2\C(=O)C(/C=C3\[Se]c4cc(Br)ccc4N3CCCC[N+](CC)(CC)CC)=C2O)[se]c2ccccc21,762.553
CCCC[n+]1c(/C=C2\C(=O)C(/C=C3\[Se]c4cc(I)ccc4N3CCCC[N+](CC)(CC)CC)=C2O)[se]c2ccccc21,809.553
CCCC[n+]1c(/C=C2\C(=O)C(/C=C3\[Se]c4ccccc4N3CCCCS(=O)(=O)O)=C2O)[se]c2ccccc21,663.536
CCCC[n+]1c(/C=C2\C(=O)C(/C=C3\[Se]c4cc(Br)ccc4N3CCCCS(=O)(=O)O)=C2O)[se]c2ccccc21,742.432
CCCC[n+]1c(/C=C2\C(=O)C(/C=C3\[Se]c4cc(I)ccc4N3CCCCS(=O)(=O)O)=C2O)[se]c2ccccc21,789.432
CCCC[n+]1c(/C=C2\C(=O)C(/C=C3\[Se]c4ccccc4N3Cc3ccccc3)=C2O)[se]c2ccccc21,617.489
CCCC[n+]1c(/C=C2\C(=O)C(/C=C3\[Se]c4cc(Br)ccc4N3Cc3ccccc3)=C2O)[se]c2ccccc21,696.385
CCCC[n+]1c(/C=C2\C(=O)C(/C=C3\[Se]c4cc(I)ccc4N3Cc3ccccc3)=C2O)[se]c2ccccc21,743.385
CCCC[n+]1c(/C=C2\C(=O)C(/C=C3\[Se]c4ccccc4N3Cc3ccsc3)=C2O)[se]c2ccccc21,623.518
CCCC[n+]1c(/C=C2\C(=O)C(/C=C3\[Se]c4cc(Br)ccc4N3Cc3ccsc3)=C2O)[se]c2ccccc21,702.414
CCCC[n+]1c(/C=C2\C(=O)C(/C=C3\[Se]c4cc(I)ccc4N3Cc3ccsc3)=C2O)[se]c2ccccc21,749.414
CCCC[n+]1c(/C=C2\C(=O)C(/C=C3\[Se]c4ccccc4N3CC)=C2O)[se]c2cc(Br)ccc21,634.314
CCCC[n+]1c(/C=C2\C(=O)C(/C=C3\[Se]c4cc(Br)ccc4N3CC)=C2O)[se]c2cc(Br)ccc21,713.21
CCCC[n+]1c(/C=C2\C(=O)C(/C=C3\[Se]c4cc(I)ccc4N3CC)=C2O)[se]c2cc(Br)ccc21,760.21
CCCCN1/C(=C/C2=C(O)/C(=C/c3[se]c4cc(Br)ccc4[n+]3CCCC)C2=O)[Se]c2ccccc21,662.368
CCCCN1/C(=C/C2=C(O)/C(=C/c3[se]c4cc(Br)ccc4[n+]3CCCC)C2=O)[Se]c2cc(Br)ccc21,741.264
CCCCN1/C(=C/C2=C(O)/C(=C/c3[se]c4cc(Br)ccc4[n+]3CCCC)C2=O)[Se]c2cc(I)ccc21,788.264
CCCC[n+]1c(/C=C2\C(=O)C(/C=C3\[Se]c4ccccc4N3CCCCN)=C2O)[se]c2cc(Br)ccc21,677.383
CCCC[n+]1c(/C=C2\C(=O)C(/C=C3\[Se]c4cc(Br)ccc4N3CCCCN)=C2O)[se]c2cc(Br)ccc21,756.279
CCCC[n+]1c(/C=C2\C(=O)C(/C=C3\[Se]c4cc(I)ccc4N3CCCCN)=C2O)[se]c2cc(Br)ccc21,803.279
CCCC[n+]1c(/C=C2\C(=O)C(/C=C3\[Se]c4ccccc4N3CCCCO)=C2O)[se]c2cc(Br)ccc21,678.367
CCCC[n+]1c(/C=C2\C(=O)C(/C=C3\[Se]c4cc(Br)ccc4N3CCCCO)=C2O)[se]c2cc(Br)ccc21,757.263
CCCC[n+]1c(/C=C2\C(=O)C(/C=C3\[Se]c4cc(I)ccc4N3CCCCO)=C2O)[se]c2cc(Br)ccc21,804.263
CCCC[n+]1c(/C=C2\C(=O)C(/C=C3\[Se]c4ccccc4N3CCCC[N+](CC)(CC)CC)=C2O)[se]c2cc(Br)ccc21,762.553
CCCC[n+]1c(/C=C2\C(=O)C(/C=C3\[Se]c4cc(Br)ccc4N3CCCC[N+](CC)(CC)CC)=C2O)[se]c2cc(Br)ccc21,841.449
CCCC[n+]1c(/C=C2\C(=O)C(/C=C3\[Se]c4cc(I)ccc4N3CCCC[N+](CC)(CC)CC)=C2O)[se]c2cc(Br)ccc21,888.449
CCCC[n+]1c(/C=C2\C(=O)C(/C=C3\[Se]c4ccccc4N3CCCCS(=O)(=O)O)=C2O)[se]c2cc(Br)ccc21,742.432
CCCC[n+]1c(/C=C2\C(=O)C(/C=C3\[Se]c4cc(Br)ccc4N3CCCCS(=O)(=O)O)=C2O)[se]c2cc(Br)ccc21,821.328
CCCC[n+]1c(/C=C2\C(=O)C(/C=C3\[Se]c4cc(I)ccc4N3CCCCS(=O)(=O)O)=C2O)[se]c2cc(Br)ccc21,868.328
CCCC[n+]1c(/C=C2\C(=O)C(/C=C3\[Se]c4ccccc4N3Cc3ccccc3)=C2O)[se]c2cc(Br)ccc21,696.385
CCCC[n+]1c(/C=C2\C(=O)C(/C=C3\[Se]c4cc(Br)ccc4N3Cc3ccccc3)=C2O)[se]c2cc(Br)ccc21,775.281
CCCC[n+]1c(/C=C2\C(=O)C(/C=C3\[Se]c4cc(I)ccc4N3Cc3ccccc3)=C2O)[se]c2cc(Br)ccc21,822.281
CCCC[n+]1c(/C=C2\C(=O)C(/C=C3\[Se]c4ccccc4N3Cc3ccsc3)=C2O)[se]c2cc(Br)ccc21,702.414
CCCC[n+]1c(/C=C2\C(=O)C(/C=C3\[Se]c4cc(Br)ccc4N3Cc3ccsc3)=C2O)[se]c2cc(Br)ccc21,781.31
CCCC[n+]1c(/C=C2\C(=O)C(/C=C3\[Se]c4cc(I)ccc4N3Cc3ccsc3)=C2O)[se]c2cc(Br)ccc21,828.31
CCCC[n+]1c(/C=C2\C(=O)C(/C=C3\[Se]c4ccccc4N3CC)=C2O)[se]c2cc(I)ccc21,681.314
CCCC[n+]1c(/C=C2\C(=O)C(/C=C3\[Se]c4cc(Br)ccc4N3CC)=C2O)[se]c2cc(I)ccc21,760.21
CCCC[n+]1c(/C=C2\C(=O)C(/C=C3\[Se]c4cc(I)ccc4N3CC)=C2O)[se]c2cc(I)ccc21,807.21
CCCCN1/C(=C/C2=C(O)/C(=C/c3[se]c4cc(I)ccc4[n+]3CCCC)C2=O)[Se]c2ccccc21,709.368
CCCCN1/C(=C/C2=C(O)/C(=C/c3[se]c4cc(I)ccc4[n+]3CCCC)C2=O)[Se]c2cc(Br)ccc21,788.264
CCCCN1/C(=C/C2=C(O)/C(=C/c3[se]c4cc(I)ccc4[n+]3CCCC)C2=O)[Se]c2cc(I)ccc21,835.264
CCCC[n+]1c(/C=C2\C(=O)C(/C=C3\[Se]c4ccccc4N3CCCCN)=C2O)[se]c2cc(I)ccc21,724.383
CCCC[n+]1c(/C=C2\C(=O)C(/C=C3\[Se]c4cc(Br)ccc4N3CCCCN)=C2O)[se]c2cc(I)ccc21,803.279
CCCC[n+]1c(/C=C2\C(=O)C(/C=C3\[Se]c4cc(I)ccc4N3CCCCN)=C2O)[se]c2cc(I)ccc21,850.279
CCCC[n+]1c(/C=C2\C(=O)C(/C=C3\[Se]c4ccccc4N3CCCCO)=C2O)[se]c2cc(I)ccc21,725.367
CCCC[n+]1c(/C=C2\C(=O)C(/C=C3\[Se]c4cc(Br)ccc4N3CCCCO)=C2O)[se]c2cc(I)ccc21,804.263
CCCC[n+]1c(/C=C2\C(=O)C(/C=C3\[Se]c4cc(I)ccc4N3CCCCO)=C2O)[se]c2cc(I)ccc21,851.263
CCCC[n+]1c(/C=C2\C(=O)C(/C=C3\[Se]c4ccccc4N3CCCC[N+](CC)(CC)CC)=C2O)[se]c2cc(I)ccc21,809.553
CCCC[n+]1c(/C=C2\C(=O)C(/C=C3\[Se]c4cc(Br)ccc4N3CCCC[N+](CC)(CC)CC)=C2O)[se]c2cc(I)ccc21,888.449
CCCC[n+]1c(/C=C2\C(=O)C(/C=C3\[Se]c4cc(I)ccc4N3CCCC[N+](CC)(CC)CC)=C2O)[se]c2cc(I)ccc21,935.449
CCCC[n+]1c(/C=C2\C(=O)C(/C=C3\[Se]c4ccccc4N3CCCCS(=O)(=O)O)=C2O)[se]c2cc(I)ccc21,789.432
CCCC[n+]1c(/C=C2\C(=O)C(/C=C3\[Se]c4cc(Br)ccc4N3CCCCS(=O)(=O)O)=C2O)[se]c2cc(I)ccc21,868.328
CCCC[n+]1c(/C=C2\C(=O)C(/C=C3\[Se]c4cc(I)ccc4N3CCCCS(=O)(=O)O)=C2O)[se]c2cc(I)ccc21,915.328
CCCC[n+]1c(/C=C2\C(=O)C(/C=C3\[Se]c4ccccc4N3Cc3ccccc3)=C2O)[se]c2cc(I)ccc21,743.385
CCCC[n+]1c(/C=C2\C(=O)C(/C=C3\[Se]c4cc(Br)ccc4N3Cc3ccccc3)=C2O)[se]c2cc(I)ccc21,822.281
CCCC[n+]1c(/C=C2\C(=O)C(/C=C3\[Se]c4cc(I)ccc4N3Cc3ccccc3)=C2O)[se]c2cc(I)ccc21,869.281
CCCC[n+]1c(/C=C2\C(=O)C(/C=C3\[Se]c4ccccc4N3Cc3ccsc3)=C2O)[se]c2cc(I)ccc21,749.414
CCCC[n+]1c(/C=C2\C(=O)C(/C=C3\[Se]c4cc(Br)ccc4N3Cc3ccsc3)=C2O)[se]c2cc(I)ccc21,828.31
CCCC[n+]1c(/C=C2\C(=O)C(/C=C3\[Se]c4cc(I)ccc4N3Cc3ccsc3)=C2O)[se]c2cc(I)ccc21,875.31
CCN1/C(=C/C2=C(O)/C(=C/c3[se]c4ccccc4[n+]3CCCCN)C2=O)[Se]c2ccccc21,570.433
CCN1/C(=C/C2=C(O)/C(=C/c3[se]c4ccccc4[n+]3CCCCN)C2=O)[Se]c2cc(Br)ccc21,649.329
CCN1/C(=C/C2=C(O)/C(=C/c3[se]c4ccccc4[n+]3CCCCN)C2=O)[Se]c2cc(I)ccc21,696.329
CCCCN1/C(=C/C2=C(O)/C(=C/c3[se]c4ccccc4[n+]3CCCCN)C2=O)[Se]c2ccccc21,598.487
CCCCN1/C(=C/C2=C(O)/C(=C/c3[se]c4ccccc4[n+]3CCCCN)C2=O)[Se]c2cc(Br)ccc21,677.383
CCCCN1/C(=C/C2=C(O)/C(=C/c3[se]c4ccccc4[n+]3CCCCN)C2=O)[Se]c2cc(I)ccc21,724.383
NCCCCN1/C(=C/C2=C(O)/C(=C/c3[se]c4ccccc4[n+]3CCCCN)C2=O)[Se]c2ccccc21,613.502
NCCCCN1/C(=C/C2=C(O)/C(=C/c3[se]c4ccccc4[n+]3CCCCN)C2=O)[Se]c2cc(Br)ccc21,692.398
NCCCCN1/C(=C/C2=C(O)/C(=C/c3[se]c4ccccc4[n+]3CCCCN)C2=O)[Se]c2cc(I)ccc21,739.398
NCCCC[n+]1c(/C=C2\C(=O)C(/C=C3\[Se]c4ccccc4N3CCCCO)=C2O)[se]c2ccccc21,614.486
NCCCC[n+]1c(/C=C2\C(=O)C(/C=C3\[Se]c4cc(Br)ccc4N3CCCCO)=C2O)[se]c2ccccc21,693.382
NCCCC[n+]1c(/C=C2\C(=O)C(/C=C3\[Se]c4cc(I)ccc4N3CCCCO)=C2O)[se]c2ccccc21,740.382
CC[N+](CC)(CC)CCCCN1/C(=C/C2=C(O)/C(=C/c3[se]c4ccccc4[n+]3CCCCN)C2=O)[Se]c2ccccc21,698.672
CC[N+](CC)(CC)CCCCN1/C(=C/C2=C(O)/C(=C/c3[se]c4ccccc4[n+]3CCCCN)C2=O)[Se]c2cc(Br)ccc21,777.568
CC[N+](CC)(CC)CCCCN1/C(=C/C2=C(O)/C(=C/c3[se]c4ccccc4[n+]3CCCCN)C2=O)[Se]c2cc(I)ccc21,824.568
NCCCC[n+]1c(/C=C2\C(=O)C(/C=C3\[Se]c4ccccc4N3CCCCS(=O)(=O)O)=C2O)[se]c2ccccc21,678.551
NCCCC[n+]1c(/C=C2\C(=O)C(/C=C3\[Se]c4cc(Br)ccc4N3CCCCS(=O)(=O)O)=C2O)[se]c2ccccc21,757.447
NCCCC[n+]1c(/C=C2\C(=O)C(/C=C3\[Se]c4cc(I)ccc4N3CCCCS(=O)(=O)O)=C2O)[se]c2ccccc21,804.447
NCCCC[n+]1c(/C=C2\C(=O)C(/C=C3\[Se]c4ccccc4N3Cc3ccccc3)=C2O)[se]c2ccccc21,632.504
NCCCC[n+]1c(/C=C2\C(=O)C(/C=C3\[Se]c4cc(Br)ccc4N3Cc3ccccc3)=C2O)[se]c2ccccc21,711.4
NCCCC[n+]1c(/C=C2\C(=O)C(/C=C3\[Se]c4cc(I)ccc4N3Cc3ccccc3)=C2O)[se]c2ccccc21,758.4
NCCCC[n+]1c(/C=C2\C(=O)C(/C=C3\[Se]c4ccccc4N3Cc3ccsc3)=C2O)[se]c2ccccc21,638.533
NCCCC[n+]1c(/C=C2\C(=O)C(/C=C3\[Se]c4cc(Br)ccc4N3Cc3ccsc3)=C2O)[se]c2ccccc21,717.429
NCCCC[n+]1c(/C=C2\C(=O)C(/C=C3\[Se]c4cc(I)ccc4N3Cc3ccsc3)=C2O)[se]c2ccccc21,764.429
CCN1/C(=C/C2=C(O)/C(=C/c3[se]c4cc(Br)ccc4[n+]3CCCCN)C2=O)[Se]c2ccccc21,649.329
CCN1/C(=C/C2=C(O)/C(=C/c3[se]c4cc(Br)ccc4[n+]3CCCCN)C2=O)[Se]c2cc(Br)ccc21,728.225
CCN1/C(=C/C2=C(O)/C(=C/c3[se]c4cc(Br)ccc4[n+]3CCCCN)C2=O)[Se]c2cc(I)ccc21,775.225
CCCCN1/C(=C/C2=C(O)/C(=C/c3[se]c4cc(Br)ccc4[n+]3CCCCN)C2=O)[Se]c2ccccc21,677.383
CCCCN1/C(=C/C2=C(O)/C(=C/c3[se]c4cc(Br)ccc4[n+]3CCCCN)C2=O)[Se]c2cc(Br)ccc21,756.279
CCCCN1/C(=C/C2=C(O)/C(=C/c3[se]c4cc(Br)ccc4[n+]3CCCCN)C2=O)[Se]c2cc(I)ccc21,803.279
NCCCCN1/C(=C/C2=C(O)/C(=C/c3[se]c4cc(Br)ccc4[n+]3CCCCN)C2=O)[Se]c2ccccc21,692.398
NCCCCN1/C(=C/C2=C(O)/C(=C/c3[se]c4cc(Br)ccc4[n+]3CCCCN)C2=O)[Se]c2cc(Br)ccc21,771.294
NCCCCN1/C(=C/C2=C(O)/C(=C/c3[se]c4cc(Br)ccc4[n+]3CCCCN)C2=O)[Se]c2cc(I)ccc21,818.294
NCCCC[n+]1c(/C=C2\C(=O)C(/C=C3\[Se]c4ccccc4N3CCCCO)=C2O)[se]c2cc(Br)ccc21,693.382
NCCCC[n+]1c(/C=C2\C(=O)C(/C=C3\[Se]c4cc(Br)ccc4N3CCCCO)=C2O)[se]c2cc(Br)ccc21,772.278
NCCCC[n+]1c(/C=C2\C(=O)C(/C=C3\[Se]c4cc(I)ccc4N3CCCCO)=C2O)[se]c2cc(Br)ccc21,819.278
CC[N+](CC)(CC)CCCCN1/C(=C/C2=C(O)/C(=C/c3[se]c4cc(Br)ccc4[n+]3CCCCN)C2=O)[Se]c2ccccc21,777.568
CC[N+](CC)(CC)CCCCN1/C(=C/C2=C(O)/C(=C/c3[se]c4cc(Br)ccc4[n+]3CCCCN)C2=O)[Se]c2cc(Br)ccc21,856.464
CC[N+](CC)(CC)CCCCN1/C(=C/C2=C(O)/C(=C/c3[se]c4cc(Br)ccc4[n+]3CCCCN)C2=O)[Se]c2cc(I)ccc21,903.464
NCCCC[n+]1c(/C=C2\C(=O)C(/C=C3\[Se]c4ccccc4N3CCCCS(=O)(=O)O)=C2O)[se]c2cc(Br)ccc21,757.447
NCCCC[n+]1c(/C=C2\C(=O)C(/C=C3\[Se]c4cc(Br)ccc4N3CCCCS(=O)(=O)O)=C2O)[se]c2cc(Br)ccc21,836.343
NCCCC[n+]1c(/C=C2\C(=O)C(/C=C3\[Se]c4cc(I)ccc4N3CCCCS(=O)(=O)O)=C2O)[se]c2cc(Br)ccc21,883.343
NCCCC[n+]1c(/C=C2\C(=O)C(/C=C3\[Se]c4ccccc4N3Cc3ccccc3)=C2O)[se]c2cc(Br)ccc21,711.4
NCCCC[n+]1c(/C=C2\C(=O)C(/C=C3\[Se]c4cc(Br)ccc4N3Cc3ccccc3)=C2O)[se]c2cc(Br)ccc21,790.296
NCCCC[n+]1c(/C=C2\C(=O)C(/C=C3\[Se]c4cc(I)ccc4N3Cc3ccccc3)=C2O)[se]c2cc(Br)ccc21,837.296
NCCCC[n+]1c(/C=C2\C(=O)C(/C=C3\[Se]c4ccccc4N3Cc3ccsc3)=C2O)[se]c2cc(Br)ccc21,717.429
NCCCC[n+]1c(/C=C2\C(=O)C(/C=C3\[Se]c4cc(Br)ccc4N3Cc3ccsc3)=C2O)[se]c2cc(Br)ccc21,796.325
NCCCC[n+]1c(/C=C2\C(=O)C(/C=C3\[Se]c4cc(I)ccc4N3Cc3ccsc3)=C2O)[se]c2cc(Br)ccc21,843.325
CCN1/C(=C/C2=C(O)/C(=C/c3[se]c4cc(I)ccc4[n+]3CCCCN)C2=O)[Se]c2ccccc21,696.329
CCN1/C(=C/C2=C(O)/C(=C/c3[se]c4cc(I)ccc4[n+]3CCCCN)C2=O)[Se]c2cc(Br)ccc21,775.225
CCN1/C(=C/C2=C(O)/C(=C/c3[se]c4cc(I)ccc4[n+]3CCCCN)C2=O)[Se]c2cc(I)ccc21,822.225
CCCCN1/C(=C/C2=C(O)/C(=C/c3[se]c4cc(I)ccc4[n+]3CCCCN)C2=O)[Se]c2ccccc21,724.383
CCCCN1/C(=C/C2=C(O)/C(=C/c3[se]c4cc(I)ccc4[n+]3CCCCN)C2=O)[Se]c2cc(Br)ccc21,803.279
CCCCN1/C(=C/C2=C(O)/C(=C/c3[se]c4cc(I)ccc4[n+]3CCCCN)C2=O)[Se]c2cc(I)ccc21,850.279
NCCCCN1/C(=C/C2=C(O)/C(=C/c3[se]c4cc(I)ccc4[n+]3CCCCN)C2=O)[Se]c2ccccc21,739.398
NCCCCN1/C(=C/C2=C(O)/C(=C/c3[se]c4cc(I)ccc4[n+]3CCCCN)C2=O)[Se]c2cc(Br)ccc21,818.294
NCCCCN1/C(=C/C2=C(O)/C(=C/c3[se]c4cc(I)ccc4[n+]3CCCCN)C2=O)[Se]c2cc(I)ccc21,865.294
NCCCC[n+]1c(/C=C2\C(=O)C(/C=C3\[Se]c4ccccc4N3CCCCO)=C2O)[se]c2cc(I)ccc21,740.382
NCCCC[n+]1c(/C=C2\C(=O)C(/C=C3\[Se]c4cc(Br)ccc4N3CCCCO)=C2O)[se]c2cc(I)ccc21,819.278
NCCCC[n+]1c(/C=C2\C(=O)C(/C=C3\[Se]c4cc(I)ccc4N3CCCCO)=C2O)[se]c2cc(I)ccc21,866.278
CC[N+](CC)(CC)CCCCN1/C(=C/C2=C(O)/C(=C/c3[se]c4cc(I)ccc4[n+]3CCCCN)C2=O)[Se]c2ccccc21,824.568
CC[N+](CC)(CC)CCCCN1/C(=C/C2=C(O)/C(=C/c3[se]c4cc(I)ccc4[n+]3CCCCN)C2=O)[Se]c2cc(Br)ccc21,903.464
CC[N+](CC)(CC)CCCCN1/C(=C/C2=C(O)/C(=C/c3[se]c4cc(I)ccc4[n+]3CCCCN)C2=O)[Se]c2cc(I)ccc21,950.464
NCCCC[n+]1c(/C=C2\C(=O)C(/C=C3\[Se]c4ccccc4N3CCCCS(=O)(=O)O)=C2O)[se]c2cc(I)ccc21,804.447
NCCCC[n+]1c(/C=C2\C(=O)C(/C=C3\[Se]c4cc(Br)ccc4N3CCCCS(=O)(=O)O)=C2O)[se]c2cc(I)ccc21,883.343
NCCCC[n+]1c(/C=C2\C(=O)C(/C=C3\[Se]c4cc(I)ccc4N3CCCCS(=O)(=O)O)=C2O)[se]c2cc(I)ccc21,930.343
NCCCC[n+]1c(/C=C2\C(=O)C(/C=C3\[Se]c4ccccc4N3Cc3ccccc3)=C2O)[se]c2cc(I)ccc21,758.4
NCCCC[n+]1c(/C=C2\C(=O)C(/C=C3\[Se]c4cc(Br)ccc4N3Cc3ccccc3)=C2O)[se]c2cc(I)ccc21,837.296
NCCCC[n+]1c(/C=C2\C(=O)C(/C=C3\[Se]c4cc(I)ccc4N3Cc3ccccc3)=C2O)[se]c2cc(I)ccc21,884.296
NCCCC[n+]1c(/C=C2\C(=O)C(/C=C3\[Se]c4ccccc4N3Cc3ccsc3)=C2O)[se]c2cc(I)ccc21,764.429
NCCCC[n+]1c(/C=C2\C(=O)C(/C=C3\[Se]c4cc(Br)ccc4N3Cc3ccsc3)=C2O)[se]c2cc(I)ccc21,843.325
NCCCC[n+]1c(/C=C2\C(=O)C(/C=C3\[Se]c4cc(I)ccc4N3Cc3ccsc3)=C2O)[se]c2cc(I)ccc21,890.325
CCN1/C(=C/C2=C(O)/C(=C/c3[se]c4ccccc4[n+]3CCCCO)C2=O)[Se]c2ccccc21,571.417
CCN1/C(=C/C2=C(O)/C(=C/c3[se]c4ccccc4[n+]3CCCCO)C2=O)[Se]c2cc(Br)ccc21,650.313
CCN1/C(=C/C2=C(O)/C(=C/c3[se]c4ccccc4[n+]3CCCCO)C2=O)[Se]c2cc(I)ccc21,697.313
CCCCN1/C(=C/C2=C(O)/C(=C/c3[se]c4ccccc4[n+]3CCCCO)C2=O)[Se]c2ccccc21,599.471
CCCCN1/C(=C/C2=C(O)/C(=C/c3[se]c4ccccc4[n+]3CCCCO)C2=O)[Se]c2cc(Br)ccc21,678.367
CCCCN1/C(=C/C2=C(O)/C(=C/c3[se]c4ccccc4[n+]3CCCCO)C2=O)[Se]c2cc(I)ccc21,725.367
NCCCCN1/C(=C/C2=C(O)/C(=C/c3[se]c4ccccc4[n+]3CCCCO)C2=O)[Se]c2ccccc21,614.486
NCCCCN1/C(=C/C2=C(O)/C(=C/c3[se]c4ccccc4[n+]3CCCCO)C2=O)[Se]c2cc(Br)ccc21,693.382
NCCCCN1/C(=C/C2=C(O)/C(=C/c3[se]c4ccccc4[n+]3CCCCO)C2=O)[Se]c2cc(I)ccc21,740.382
O=C1C(/C=C2\[Se]c3ccccc3N2CCCCO)=C(O)/C1=C/c1[se]c2ccccc2[n+]1CCCCO,615.47
O=C1C(/C=C2\[Se]c3cc(Br)ccc3N2CCCCO)=C(O)/C1=C/c1[se]c2ccccc2[n+]1CCCCO,694.366
O=C1C(/C=C2\[Se]c3cc(I)ccc3N2CCCCO)=C(O)/C1=C/c1[se]c2ccccc2[n+]1CCCCO,741.366
CC[N+](CC)(CC)CCCCN1/C(=C/C2=C(O)/C(=C/c3[se]c4ccccc4[n+]3CCCCO)C2=O)[Se]c2ccccc21,699.656
CC[N+](CC)(CC)CCCCN1/C(=C/C2=C(O)/C(=C/c3[se]c4ccccc4[n+]3CCCCO)C2=O)[Se]c2cc(Br)ccc21,778.552
CC[N+](CC)(CC)CCCCN1/C(=C/C2=C(O)/C(=C/c3[se]c4ccccc4[n+]3CCCCO)C2=O)[Se]c2cc(I)ccc21,825.552
O=C1C(/C=C2\[Se]c3ccccc3N2CCCCS(=O)(=O)O)=C(O)/C1=C/c1[se]c2ccccc2[n+]1CCCCO,679.535
O=C1C(/C=C2\[Se]c3cc(Br)ccc3N2CCCCS(=O)(=O)O)=C(O)/C1=C/c1[se]c2ccccc2[n+]1CCCCO,758.431
O=C1C(/C=C2\[Se]c3cc(I)ccc3N2CCCCS(=O)(=O)O)=C(O)/C1=C/c1[se]c2ccccc2[n+]1CCCCO,805.431
O=C1C(/C=C2\[Se]c3ccccc3N2Cc2ccccc2)=C(O)/C1=C/c1[se]c2ccccc2[n+]1CCCCO,633.488
O=C1C(/C=C2\[Se]c3cc(Br)ccc3N2Cc2ccccc2)=C(O)/C1=C/c1[se]c2ccccc2[n+]1CCCCO,712.384
O=C1C(/C=C2\[Se]c3cc(I)ccc3N2Cc2ccccc2)=C(O)/C1=C/c1[se]c2ccccc2[n+]1CCCCO,759.384
O=C1C(/C=C2\[Se]c3ccccc3N2Cc2ccsc2)=C(O)/C1=C/c1[se]c2ccccc2[n+]1CCCCO,639.517
O=C1C(/C=C2\[Se]c3cc(Br)ccc3N2Cc2ccsc2)=C(O)/C1=C/c1[se]c2ccccc2[n+]1CCCCO,718.413
O=C1C(/C=C2\[Se]c3cc(I)ccc3N2Cc2ccsc2)=C(O)/C1=C/c1[se]c2ccccc2[n+]1CCCCO,765.413
CCN1/C(=C/C2=C(O)/C(=C/c3[se]c4cc(Br)ccc4[n+]3CCCCO)C2=O)[Se]c2ccccc21,650.313
CCN1/C(=C/C2=C(O)/C(=C/c3[se]c4cc(Br)ccc4[n+]3CCCCO)C2=O)[Se]c2cc(Br)ccc21,729.209
CCN1/C(=C/C2=C(O)/C(=C/c3[se]c4cc(Br)ccc4[n+]3CCCCO)C2=O)[Se]c2cc(I)ccc21,776.209
CCCCN1/C(=C/C2=C(O)/C(=C/c3[se]c4cc(Br)ccc4[n+]3CCCCO)C2=O)[Se]c2ccccc21,678.367
CCCCN1/C(=C/C2=C(O)/C(=C/c3[se]c4cc(Br)ccc4[n+]3CCCCO)C2=O)[Se]c2cc(Br)ccc21,757.263
CCCCN1/C(=C/C2=C(O)/C(=C/c3[se]c4cc(Br)ccc4[n+]3CCCCO)C2=O)[Se]c2cc(I)ccc21,804.263
NCCCCN1/C(=C/C2=C(O)/C(=C/c3[se]c4cc(Br)ccc4[n+]3CCCCO)C2=O)[Se]c2ccccc21,693.382
NCCCCN1/C(=C/C2=C(O)/C(=C/c3[se]c4cc(Br)ccc4[n+]3CCCCO)C2=O)[Se]c2cc(Br)ccc21,772.278
NCCCCN1/C(=C/C2=C(O)/C(=C/c3[se]c4cc(Br)ccc4[n+]3CCCCO)C2=O)[Se]c2cc(I)ccc21,819.278
O=C1C(/C=C2\[Se]c3ccccc3N2CCCCO)=C(O)/C1=C/c1[se]c2cc(Br)ccc2[n+]1CCCCO,694.366
O=C1C(/C=C2\[Se]c3cc(Br)ccc3N2CCCCO)=C(O)/C1=C/c1[se]c2cc(Br)ccc2[n+]1CCCCO,773.262
O=C1C(/C=C2\[Se]c3cc(I)ccc3N2CCCCO)=C(O)/C1=C/c1[se]c2cc(Br)ccc2[n+]1CCCCO,820.262
CC[N+](CC)(CC)CCCCN1/C(=C/C2=C(O)/C(=C/c3[se]c4cc(Br)ccc4[n+]3CCCCO)C2=O)[Se]c2ccccc21,778.552
CC[N+](CC)(CC)CCCCN1/C(=C/C2=C(O)/C(=C/c3[se]c4cc(Br)ccc4[n+]3CCCCO)C2=O)[Se]c2cc(Br)ccc21,857.448
CC[N+](CC)(CC)CCCCN1/C(=C/C2=C(O)/C(=C/c3[se]c4cc(Br)ccc4[n+]3CCCCO)C2=O)[Se]c2cc(I)ccc21,904.448
O=C1C(/C=C2\[Se]c3ccccc3N2CCCCS(=O)(=O)O)=C(O)/C1=C/c1[se]c2cc(Br)ccc2[n+]1CCCCO,758.431
O=C1C(/C=C2\[Se]c3cc(Br)ccc3N2CCCCS(=O)(=O)O)=C(O)/C1=C/c1[se]c2cc(Br)ccc2[n+]1CCCCO,837.327
O=C1C(/C=C2\[Se]c3cc(I)ccc3N2CCCCS(=O)(=O)O)=C(O)/C1=C/c1[se]c2cc(Br)ccc2[n+]1CCCCO,884.327
O=C1C(/C=C2\[Se]c3ccccc3N2Cc2ccccc2)=C(O)/C1=C/c1[se]c2cc(Br)ccc2[n+]1CCCCO,712.384
O=C1C(/C=C2\[Se]c3cc(Br)ccc3N2Cc2ccccc2)=C(O)/C1=C/c1[se]c2cc(Br)ccc2[n+]1CCCCO,791.28
O=C1C(/C=C2\[Se]c3cc(I)ccc3N2Cc2ccccc2)=C(O)/C1=C/c1[se]c2cc(Br)ccc2[n+]1CCCCO,838.28
O=C1C(/C=C2\[Se]c3ccccc3N2Cc2ccsc2)=C(O)/C1=C/c1[se]c2cc(Br)ccc2[n+]1CCCCO,718.413
O=C1C(/C=C2\[Se]c3cc(Br)ccc3N2Cc2ccsc2)=C(O)/C1=C/c1[se]c2cc(Br)ccc2[n+]1CCCCO,797.309
O=C1C(/C=C2\[Se]c3cc(I)ccc3N2Cc2ccsc2)=C(O)/C1=C/c1[se]c2cc(Br)ccc2[n+]1CCCCO,844.309
CCN1/C(=C/C2=C(O)/C(=C/c3[se]c4cc(I)ccc4[n+]3CCCCO)C2=O)[Se]c2ccccc21,697.313
CCN1/C(=C/C2=C(O)/C(=C/c3[se]c4cc(I)ccc4[n+]3CCCCO)C2=O)[Se]c2cc(Br)ccc21,776.209
CCN1/C(=C/C2=C(O)/C(=C/c3[se]c4cc(I)ccc4[n+]3CCCCO)C2=O)[Se]c2cc(I)ccc21,823.209
CCCCN1/C(=C/C2=C(O)/C(=C/c3[se]c4cc(I)ccc4[n+]3CCCCO)C2=O)[Se]c2ccccc21,725.367
CCCCN1/C(=C/C2=C(O)/C(=C/c3[se]c4cc(I)ccc4[n+]3CCCCO)C2=O)[Se]c2cc(Br)ccc21,804.263
CCCCN1/C(=C/C2=C(O)/C(=C/c3[se]c4cc(I)ccc4[n+]3CCCCO)C2=O)[Se]c2cc(I)ccc21,851.263
NCCCCN1/C(=C/C2=C(O)/C(=C/c3[se]c4cc(I)ccc4[n+]3CCCCO)C2=O)[Se]c2ccccc21,740.382
NCCCCN1/C(=C/C2=C(O)/C(=C/c3[se]c4cc(I)ccc4[n+]3CCCCO)C2=O)[Se]c2cc(Br)ccc21,819.278
NCCCCN1/C(=C/C2=C(O)/C(=C/c3[se]c4cc(I)ccc4[n+]3CCCCO)C2=O)[Se]c2cc(I)ccc21,866.278
O=C1C(/C=C2\[Se]c3ccccc3N2CCCCO)=C(O)/C1=C/c1[se]c2cc(I)ccc2[n+]1CCCCO,741.366
O=C1C(/C=C2\[Se]c3cc(Br)ccc3N2CCCCO)=C(O)/C1=C/c1[se]c2cc(I)ccc2[n+]1CCCCO,820.262
O=C1C(/C=C2\[Se]c3cc(I)ccc3N2CCCCO)=C(O)/C1=C/c1[se]c2cc(I)ccc2[n+]1CCCCO,867.262
CC[N+](CC)(CC)CCCCN1/C(=C/C2=C(O)/C(=C/c3[se]c4cc(I)ccc4[n+]3CCCCO)C2=O)[Se]c2ccccc21,825.552
CC[N+](CC)(CC)CCCCN1/C(=C/C2=C(O)/C(=C/c3[se]c4cc(I)ccc4[n+]3CCCCO)C2=O)[Se]c2cc(Br)ccc21,904.448
CC[N+](CC)(CC)CCCCN1/C(=C/C2=C(O)/C(=C/c3[se]c4cc(I)ccc4[n+]3CCCCO)C2=O)[Se]c2cc(I)ccc21,951.448
O=C1C(/C=C2\[Se]c3ccccc3N2CCCCS(=O)(=O)O)=C(O)/C1=C/c1[se]c2cc(I)ccc2[n+]1CCCCO,805.431
O=C1C(/C=C2\[Se]c3cc(Br)ccc3N2CCCCS(=O)(=O)O)=C(O)/C1=C/c1[se]c2cc(I)ccc2[n+]1CCCCO,884.327
O=C1C(/C=C2\[Se]c3cc(I)ccc3N2CCCCS(=O)(=O)O)=C(O)/C1=C/c1[se]c2cc(I)ccc2[n+]1CCCCO,931.327
O=C1C(/C=C2\[Se]c3ccccc3N2Cc2ccccc2)=C(O)/C1=C/c1[se]c2cc(I)ccc2[n+]1CCCCO,759.384
O=C1C(/C=C2\[Se]c3cc(Br)ccc3N2Cc2ccccc2)=C(O)/C1=C/c1[se]c2cc(I)ccc2[n+]1CCCCO,838.28
O=C1C(/C=C2\[Se]c3cc(I)ccc3N2Cc2ccccc2)=C(O)/C1=C/c1[se]c2cc(I)ccc2[n+]1CCCCO,885.28
O=C1C(/C=C2\[Se]c3ccccc3N2Cc2ccsc2)=C(O)/C1=C/c1[se]c2cc(I)ccc2[n+]1CCCCO,765.413
O=C1C(/C=C2\[Se]c3cc(Br)ccc3N2Cc2ccsc2)=C(O)/C1=C/c1[se]c2cc(I)ccc2[n+]1CCCCO,844.309
O=C1C(/C=C2\[Se]c3cc(I)ccc3N2Cc2ccsc2)=C(O)/C1=C/c1[se]c2cc(I)ccc2[n+]1CCCCO,891.309
CCN1/C(=C/C2=C(O)/C(=C/c3[se]c4ccccc4[n+]3CCCC[N+](CC)(CC)CC)C2=O)[Se]c2ccccc21,655.603
CCN1/C(=C/C2=C(O)/C(=C/c3[se]c4ccccc4[n+]3CCCC[N+](CC)(CC)CC)C2=O)[Se]c2cc(Br)ccc21,734.499
CCN1/C(=C/C2=C(O)/C(=C/c3[se]c4ccccc4[n+]3CCCC[N+](CC)(CC)CC)C2=O)[Se]c2cc(I)ccc21,781.499
CCCCN1/C(=C/C2=C(O)/C(=C/c3[se]c4ccccc4[n+]3CCCC[N+](CC)(CC)CC)C2=O)[Se]c2ccccc21,683.657
CCCCN1/C(=C/C2=C(O)/C(=C/c3[se]c4ccccc4[n+]3CCCC[N+](CC)(CC)CC)C2=O)[Se]c2cc(Br)ccc21,762.553
CCCCN1/C(=C/C2=C(O)/C(=C/c3[se]c4ccccc4[n+]3CCCC[N+](CC)(CC)CC)C2=O)[Se]c2cc(I)ccc21,809.553
CC[N+](CC)(CC)CCCC[n+]1c(/C=C2\C(=O)C(/C=C3\[Se]c4ccccc4N3CCCCN)=C2O)[se]c2ccccc21,698.672
CC[N+](CC)(CC)CCCC[n+]1c(/C=C2\C(=O)C(/C=C3\[Se]c4cc(Br)ccc4N3CCCCN)=C2O)[se]c2ccccc21,777.568
CC[N+](CC)(CC)CCCC[n+]1c(/C=C2\C(=O)C(/C=C3\[Se]c4cc(I)ccc4N3CCCCN)=C2O)[se]c2ccccc21,824.568
CC[N+](CC)(CC)CCCC[n+]1c(/C=C2\C(=O)C(/C=C3\[Se]c4ccccc4N3CCCCO)=C2O)[se]c2ccccc21,699.656
CC[N+](CC)(CC)CCCC[n+]1c(/C=C2\C(=O)C(/C=C3\[Se]c4cc(Br)ccc4N3CCCCO)=C2O)[se]c2ccccc21,778.552
CC[N+](CC)(CC)CCCC[n+]1c(/C=C2\C(=O)C(/C=C3\[Se]c4cc(I)ccc4N3CCCCO)=C2O)[se]c2ccccc21,825.552
CC[N+](CC)(CC)CCCCN1/C(=C/C2=C(O)/C(=C/c3[se]c4ccccc4[n+]3CCCC[N+](CC)(CC)CC)C2=O)[Se]c2ccccc21,783.841999999999
CC[N+](CC)(CC)CCCCN1/C(=C/C2=C(O)/C(=C/c3[se]c4ccccc4[n+]3CCCC[N+](CC)(CC)CC)C2=O)[Se]c2cc(Br)ccc21,862.737999999999
CC[N+](CC)(CC)CCCCN1/C(=C/C2=C(O)/C(=C/c3[se]c4ccccc4[n+]3CCCC[N+](CC)(CC)CC)C2=O)[Se]c2cc(I)ccc21,909.737999999999
CC[N+](CC)(CC)CCCC[n+]1c(/C=C2\C(=O)C(/C=C3\[Se]c4ccccc4N3CCCCS(=O)(=O)O)=C2O)[se]c2ccccc21,763.721
CC[N+](CC)(CC)CCCC[n+]1c(/C=C2\C(=O)C(/C=C3\[Se]c4cc(Br)ccc4N3CCCCS(=O)(=O)O)=C2O)[se]c2ccccc21,842.617
CC[N+](CC)(CC)CCCC[n+]1c(/C=C2\C(=O)C(/C=C3\[Se]c4cc(I)ccc4N3CCCCS(=O)(=O)O)=C2O)[se]c2ccccc21,889.617
CC[N+](CC)(CC)CCCC[n+]1c(/C=C2\C(=O)C(/C=C3\[Se]c4ccccc4N3Cc3ccccc3)=C2O)[se]c2ccccc21,717.674
CC[N+](CC)(CC)CCCC[n+]1c(/C=C2\C(=O)C(/C=C3\[Se]c4cc(Br)ccc4N3Cc3ccccc3)=C2O)[se]c2ccccc21,796.57
CC[N+](CC)(CC)CCCC[n+]1c(/C=C2\C(=O)C(/C=C3\[Se]c4cc(I)ccc4N3Cc3ccccc3)=C2O)[se]c2ccccc21,843.57
CC[N+](CC)(CC)CCCC[n+]1c(/C=C2\C(=O)C(/C=C3\[Se]c4ccccc4N3Cc3ccsc3)=C2O)[se]c2ccccc21,723.703
CC[N+](CC)(CC)CCCC[n+]1c(/C=C2\C(=O)C(/C=C3\[Se]c4cc(Br)ccc4N3Cc3ccsc3)=C2O)[se]c2ccccc21,802.599
CC[N+](CC)(CC)CCCC[n+]1c(/C=C2\C(=O)C(/C=C3\[Se]c4cc(I)ccc4N3Cc3ccsc3)=C2O)[se]c2ccccc21,849.599
CCN1/C(=C/C2=C(O)/C(=C/c3[se]c4cc(Br)ccc4[n+]3CCCC[N+](CC)(CC)CC)C2=O)[Se]c2ccccc21,734.499
CCN1/C(=C/C2=C(O)/C(=C/c3[se]c4cc(Br)ccc4[n+]3CCCC[N+](CC)(CC)CC)C2=O)[Se]c2cc(Br)ccc21,813.395
CCN1/C(=C/C2=C(O)/C(=C/c3[se]c4cc(Br)ccc4[n+]3CCCC[N+](CC)(CC)CC)C2=O)[Se]c2cc(I)ccc21,860.395
CCCCN1/C(=C/C2=C(O)/C(=C/c3[se]c4cc(Br)ccc4[n+]3CCCC[N+](CC)(CC)CC)C2=O)[Se]c2ccccc21,762.553
CCCCN1/C(=C/C2=C(O)/C(=C/c3[se]c4cc(Br)ccc4[n+]3CCCC[N+](CC)(CC)CC)C2=O)[Se]c2cc(Br)ccc21,841.449
CCCCN1/C(=C/C2=C(O)/C(=C/c3[se]c4cc(Br)ccc4[n+]3CCCC[N+](CC)(CC)CC)C2=O)[Se]c2cc(I)ccc21,888.449
CC[N+](CC)(CC)CCCC[n+]1c(/C=C2\C(=O)C(/C=C3\[Se]c4ccccc4N3CCCCN)=C2O)[se]c2cc(Br)ccc21,777.568
CC[N+](CC)(CC)CCCC[n+]1c(/C=C2\C(=O)C(/C=C3\[Se]c4cc(Br)ccc4N3CCCCN)=C2O)[se]c2cc(Br)ccc21,856.464
CC[N+](CC)(CC)CCCC[n+]1c(/C=C2\C(=O)C(/C=C3\[Se]c4cc(I)ccc4N3CCCCN)=C2O)[se]c2cc(Br)ccc21,903.464
CC[N+](CC)(CC)CCCC[n+]1c(/C=C2\C(=O)C(/C=C3\[Se]c4ccccc4N3CCCCO)=C2O)[se]c2cc(Br)ccc21,778.552
CC[N+](CC)(CC)CCCC[n+]1c(/C=C2\C(=O)C(/C=C3\[Se]c4cc(Br)ccc4N3CCCCO)=C2O)[se]c2cc(Br)ccc21,857.448
CC[N+](CC)(CC)CCCC[n+]1c(/C=C2\C(=O)C(/C=C3\[Se]c4cc(I)ccc4N3CCCCO)=C2O)[se]c2cc(Br)ccc21,904.448
CC[N+](CC)(CC)CCCCN1/C(=C/C2=C(O)/C(=C/c3[se]c4cc(Br)ccc4[n+]3CCCC[N+](CC)(CC)CC)C2=O)[Se]c2ccccc21,862.737999999999
CC[N+](CC)(CC)CCCCN1/C(=C/C2=C(O)/C(=C/c3[se]c4cc(Br)ccc4[n+]3CCCC[N+](CC)(CC)CC)C2=O)[Se]c2cc(Br)ccc21,941.633999999999
CC[N+](CC)(CC)CCCCN1/C(=C/C2=C(O)/C(=C/c3[se]c4cc(Br)ccc4[n+]3CCCC[N+](CC)(CC)CC)C2=O)[Se]c2cc(I)ccc21,988.633999999999
CC[N+](CC)(CC)CCCC[n+]1c(/C=C2\C(=O)C(/C=C3\[Se]c4ccccc4N3CCCCS(=O)(=O)O)=C2O)[se]c2cc(Br)ccc21,842.617
CC[N+](CC)(CC)CCCC[n+]1c(/C=C2\C(=O)C(/C=C3\[Se]c4cc(Br)ccc4N3CCCCS(=O)(=O)O)=C2O)[se]c2cc(Br)ccc21,921.513
CC[N+](CC)(CC)CCCC[n+]1c(/C=C2\C(=O)C(/C=C3\[Se]c4cc(I)ccc4N3CCCCS(=O)(=O)O)=C2O)[se]c2cc(Br)ccc21,968.513
CC[N+](CC)(CC)CCCC[n+]1c(/C=C2\C(=O)C(/C=C3\[Se]c4ccccc4N3Cc3ccccc3)=C2O)[se]c2cc(Br)ccc21,796.57
CC[N+](CC)(CC)CCCC[n+]1c(/C=C2\C(=O)C(/C=C3\[Se]c4cc(Br)ccc4N3Cc3ccccc3)=C2O)[se]c2cc(Br)ccc21,875.466
CC[N+](CC)(CC)CCCC[n+]1c(/C=C2\C(=O)C(/C=C3\[Se]c4cc(I)ccc4N3Cc3ccccc3)=C2O)[se]c2cc(Br)ccc21,922.466
CC[N+](CC)(CC)CCCC[n+]1c(/C=C2\C(=O)C(/C=C3\[Se]c4ccccc4N3Cc3ccsc3)=C2O)[se]c2cc(Br)ccc21,802.599
CC[N+](CC)(CC)CCCC[n+]1c(/C=C2\C(=O)C(/C=C3\[Se]c4cc(Br)ccc4N3Cc3ccsc3)=C2O)[se]c2cc(Br)ccc21,881.495
CC[N+](CC)(CC)CCCC[n+]1c(/C=C2\C(=O)C(/C=C3\[Se]c4cc(I)ccc4N3Cc3ccsc3)=C2O)[se]c2cc(Br)ccc21,928.495
CCN1/C(=C/C2=C(O)/C(=C/c3[se]c4cc(I)ccc4[n+]3CCCC[N+](CC)(CC)CC)C2=O)[Se]c2ccccc21,781.499
CCN1/C(=C/C2=C(O)/C(=C/c3[se]c4cc(I)ccc4[n+]3CCCC[N+](CC)(CC)CC)C2=O)[Se]c2cc(Br)ccc21,860.395
CCN1/C(=C/C2=C(O)/C(=C/c3[se]c4cc(I)ccc4[n+]3CCCC[N+](CC)(CC)CC)C2=O)[Se]c2cc(I)ccc21,907.395
CCCCN1/C(=C/C2=C(O)/C(=C/c3[se]c4cc(I)ccc4[n+]3CCCC[N+](CC)(CC)CC)C2=O)[Se]c2ccccc21,809.553
CCCCN1/C(=C/C2=C(O)/C(=C/c3[se]c4cc(I)ccc4[n+]3CCCC[N+](CC)(CC)CC)C2=O)[Se]c2cc(Br)ccc21,888.449
CCCCN1/C(=C/C2=C(O)/C(=C/c3[se]c4cc(I)ccc4[n+]3CCCC[N+](CC)(CC)CC)C2=O)[Se]c2cc(I)ccc21,935.449
CC[N+](CC)(CC)CCCC[n+]1c(/C=C2\C(=O)C(/C=C3\[Se]c4ccccc4N3CCCCN)=C2O)[se]c2cc(I)ccc21,824.568
CC[N+](CC)(CC)CCCC[n+]1c(/C=C2\C(=O)C(/C=C3\[Se]c4cc(Br)ccc4N3CCCCN)=C2O)[se]c2cc(I)ccc21,903.464
CC[N+](CC)(CC)CCCC[n+]1c(/C=C2\C(=O)C(/C=C3\[Se]c4cc(I)ccc4N3CCCCN)=C2O)[se]c2cc(I)ccc21,950.464
CC[N+](CC)(CC)CCCC[n+]1c(/C=C2\C(=O)C(/C=C3\[Se]c4ccccc4N3CCCCO)=C2O)[se]c2cc(I)ccc21,825.552
CC[N+](CC)(CC)CCCC[n+]1c(/C=C2\C(=O)C(/C=C3\[Se]c4cc(Br)ccc4N3CCCCO)=C2O)[se]c2cc(I)ccc21,904.448
CC[N+](CC)(CC)CCCC[n+]1c(/C=C2\C(=O)C(/C=C3\[Se]c4cc(I)ccc4N3CCCCO)=C2O)[se]c2cc(I)ccc21,951.448
CC[N+](CC)(CC)CCCCN1/C(=C/C2=C(O)/C(=C/c3[se]c4cc(I)ccc4[n+]3CCCC[N+](CC)(CC)CC)C2=O)[Se]c2ccccc21,909.737999999999
CC[N+](CC)(CC)CCCCN1/C(=C/C2=C(O)/C(=C/c3[se]c4cc(I)ccc4[n+]3CCCC[N+](CC)(CC)CC)C2=O)[Se]c2cc(Br)ccc21,988.633999999999
CC[N+](CC)(CC)CCCCN1/C(=C/C2=C(O)/C(=C/c3[se]c4cc(I)ccc4[n+]3CCCC[N+](CC)(CC)CC)C2=O)[Se]c2cc(I)ccc21,1035.634
CC[N+](CC)(CC)CCCC[n+]1c(/C=C2\C(=O)C(/C=C3\[Se]c4ccccc4N3CCCCS(=O)(=O)O)=C2O)[se]c2cc(I)ccc21,889.617
CC[N+](CC)(CC)CCCC[n+]1c(/C=C2\C(=O)C(/C=C3\[Se]c4cc(Br)ccc4N3CCCCS(=O)(=O)O)=C2O)[se]c2cc(I)ccc21,968.513
CC[N+](CC)(CC)CCCC[n+]1c(/C=C2\C(=O)C(/C=C3\[Se]c4cc(I)ccc4N3CCCCS(=O)(=O)O)=C2O)[se]c2cc(I)ccc21,1015.513
CC[N+](CC)(CC)CCCC[n+]1c(/C=C2\C(=O)C(/C=C3\[Se]c4ccccc4N3Cc3ccccc3)=C2O)[se]c2cc(I)ccc21,843.57
CC[N+](CC)(CC)CCCC[n+]1c(/C=C2\C(=O)C(/C=C3\[Se]c4cc(Br)ccc4N3Cc3ccccc3)=C2O)[se]c2cc(I)ccc21,922.466
CC[N+](CC)(CC)CCCC[n+]1c(/C=C2\C(=O)C(/C=C3\[Se]c4cc(I)ccc4N3Cc3ccccc3)=C2O)[se]c2cc(I)ccc21,969.466
CC[N+](CC)(CC)CCCC[n+]1c(/C=C2\C(=O)C(/C=C3\[Se]c4ccccc4N3Cc3ccsc3)=C2O)[se]c2cc(I)ccc21,849.599
CC[N+](CC)(CC)CCCC[n+]1c(/C=C2\C(=O)C(/C=C3\[Se]c4cc(Br)ccc4N3Cc3ccsc3)=C2O)[se]c2cc(I)ccc21,928.495
CC[N+](CC)(CC)CCCC[n+]1c(/C=C2\C(=O)C(/C=C3\[Se]c4cc(I)ccc4N3Cc3ccsc3)=C2O)[se]c2cc(I)ccc21,975.495
CCN1/C(=C/C2=C(O)/C(=C/c3[se]c4ccccc4[n+]3CCCCS(=O)(=O)O)C2=O)[Se]c2ccccc21,635.482
CCN1/C(=C/C2=C(O)/C(=C/c3[se]c4ccccc4[n+]3CCCCS(=O)(=O)O)C2=O)[Se]c2cc(Br)ccc21,714.378
CCN1/C(=C/C2=C(O)/C(=C/c3[se]c4ccccc4[n+]3CCCCS(=O)(=O)O)C2=O)[Se]c2cc(I)ccc21,761.378
CCCCN1/C(=C/C2=C(O)/C(=C/c3[se]c4ccccc4[n+]3CCCCS(=O)(=O)O)C2=O)[Se]c2ccccc21,663.536
CCCCN1/C(=C/C2=C(O)/C(=C/c3[se]c4ccccc4[n+]3CCCCS(=O)(=O)O)C2=O)[Se]c2cc(Br)ccc21,742.432
CCCCN1/C(=C/C2=C(O)/C(=C/c3[se]c4ccccc4[n+]3CCCCS(=O)(=O)O)C2=O)[Se]c2cc(I)ccc21,789.432
NCCCCN1/C(=C/C2=C(O)/C(=C/c3[se]c4ccccc4[n+]3CCCCS(=O)(=O)O)C2=O)[Se]c2ccccc21,678.551
NCCCCN1/C(=C/C2=C(O)/C(=C/c3[se]c4ccccc4[n+]3CCCCS(=O)(=O)O)C2=O)[Se]c2cc(Br)ccc21,757.447
NCCCCN1/C(=C/C2=C(O)/C(=C/c3[se]c4ccccc4[n+]3CCCCS(=O)(=O)O)C2=O)[Se]c2cc(I)ccc21,804.447
O=C1C(/C=C2\[Se]c3ccccc3N2CCCCO)=C(O)/C1=C/c1[se]c2ccccc2[n+]1CCCCS(=O)(=O)O,679.535
O=C1C(/C=C2\[Se]c3cc(Br)ccc3N2CCCCO)=C(O)/C1=C/c1[se]c2ccccc2[n+]1CCCCS(=O)(=O)O,758.431
O=C1C(/C=C2\[Se]c3cc(I)ccc3N2CCCCO)=C(O)/C1=C/c1[se]c2ccccc2[n+]1CCCCS(=O)(=O)O,805.431
CC[N+](CC)(CC)CCCCN1/C(=C/C2=C(O)/C(=C/c3[se]c4ccccc4[n+]3CCCCS(=O)(=O)O)C2=O)[Se]c2ccccc21,763.721
CC[N+](CC)(CC)CCCCN1/C(=C/C2=C(O)/C(=C/c3[se]c4ccccc4[n+]3CCCCS(=O)(=O)O)C2=O)[Se]c2cc(Br)ccc21,842.617
CC[N+](CC)(CC)CCCCN1/C(=C/C2=C(O)/C(=C/c3[se]c4ccccc4[n+]3CCCCS(=O)(=O)O)C2=O)[Se]c2cc(I)ccc21,889.617
O=C1C(/C=C2\[Se]c3ccccc3N2CCCCS(=O)(=O)O)=C(O)/C1=C/c1[se]c2ccccc2[n+]1CCCCS(=O)(=O)O,743.6
O=C1C(/C=C2\[Se]c3cc(Br)ccc3N2CCCCS(=O)(=O)O)=C(O)/C1=C/c1[se]c2ccccc2[n+]1CCCCS(=O)(=O)O,822.496
O=C1C(/C=C2\[Se]c3cc(I)ccc3N2CCCCS(=O)(=O)O)=C(O)/C1=C/c1[se]c2ccccc2[n+]1CCCCS(=O)(=O)O,869.496
O=C1C(/C=C2\[Se]c3ccccc3N2Cc2ccccc2)=C(O)/C1=C/c1[se]c2ccccc2[n+]1CCCCS(=O)(=O)O,697.553
O=C1C(/C=C2\[Se]c3cc(Br)ccc3N2Cc2ccccc2)=C(O)/C1=C/c1[se]c2ccccc2[n+]1CCCCS(=O)(=O)O,776.449
O=C1C(/C=C2\[Se]c3cc(I)ccc3N2Cc2ccccc2)=C(O)/C1=C/c1[se]c2ccccc2[n+]1CCCCS(=O)(=O)O,823.449
O=C1C(/C=C2\[Se]c3ccccc3N2Cc2ccsc2)=C(O)/C1=C/c1[se]c2ccccc2[n+]1CCCCS(=O)(=O)O,703.582
O=C1C(/C=C2\[Se]c3cc(Br)ccc3N2Cc2ccsc2)=C(O)/C1=C/c1[se]c2ccccc2[n+]1CCCCS(=O)(=O)O,782.478
O=C1C(/C=C2\[Se]c3cc(I)ccc3N2Cc2ccsc2)=C(O)/C1=C/c1[se]c2ccccc2[n+]1CCCCS(=O)(=O)O,829.478
CCN1/C(=C/C2=C(O)/C(=C/c3[se]c4cc(Br)ccc4[n+]3CCCCS(=O)(=O)O)C2=O)[Se]c2ccccc21,714.378
CCN1/C(=C/C2=C(O)/C(=C/c3[se]c4cc(Br)ccc4[n+]3CCCCS(=O)(=O)O)C2=O)[Se]c2cc(Br)ccc21,793.274
CCN1/C(=C/C2=C(O)/C(=C/c3[se]c4cc(Br)ccc4[n+]3CCCCS(=O)(=O)O)C2=O)[Se]c2cc(I)ccc21,840.274
CCCCN1/C(=C/C2=C(O)/C(=C/c3[se]c4cc(Br)ccc4[n+]3CCCCS(=O)(=O)O)C2=O)[Se]c2ccccc21,742.432
CCCCN1/C(=C/C2=C(O)/C(=C/c3[se]c4cc(Br)ccc4[n+]3CCCCS(=O)(=O)O)C2=O)[Se]c2cc(Br)ccc21,821.328
CCCCN1/C(=C/C2=C(O)/C(=C/c3[se]c4cc(Br)ccc4[n+]3CCCCS(=O)(=O)O)C2=O)[Se]c2cc(I)ccc21,868.328
NCCCCN1/C(=C/C2=C(O)/C(=C/c3[se]c4cc(Br)ccc4[n+]3CCCCS(=O)(=O)O)C2=O)[Se]c2ccccc21,757.447
NCCCCN1/C(=C/C2=C(O)/C(=C/c3[se]c4cc(Br)ccc4[n+]3CCCCS(=O)(=O)O)C2=O)[Se]c2cc(Br)ccc21,836.343
NCCCCN1/C(=C/C2=C(O)/C(=C/c3[se]c4cc(Br)ccc4[n+]3CCCCS(=O)(=O)O)C2=O)[Se]c2cc(I)ccc21,883.343
O=C1C(/C=C2\[Se]c3ccccc3N2CCCCO)=C(O)/C1=C/c1[se]c2cc(Br)ccc2[n+]1CCCCS(=O)(=O)O,758.431
O=C1C(/C=C2\[Se]c3cc(Br)ccc3N2CCCCO)=C(O)/C1=C/c1[se]c2cc(Br)ccc2[n+]1CCCCS(=O)(=O)O,837.327
O=C1C(/C=C2\[Se]c3cc(I)ccc3N2CCCCO)=C(O)/C1=C/c1[se]c2cc(Br)ccc2[n+]1CCCCS(=O)(=O)O,884.327
CC[N+](CC)(CC)CCCCN1/C(=C/C2=C(O)/C(=C/c3[se]c4cc(Br)ccc4[n+]3CCCCS(=O)(=O)O)C2=O)[Se]c2ccccc21,842.617
CC[N+](CC)(CC)CCCCN1/C(=C/C2=C(O)/C(=C/c3[se]c4cc(Br)ccc4[n+]3CCCCS(=O)(=O)O)C2=O)[Se]c2cc(Br)ccc21,921.513
CC[N+](CC)(CC)CCCCN1/C(=C/C2=C(O)/C(=C/c3[se]c4cc(Br)ccc4[n+]3CCCCS(=O)(=O)O)C2=O)[Se]c2cc(I)ccc21,968.513
O=C1C(/C=C2\[Se]c3ccccc3N2CCCCS(=O)(=O)O)=C(O)/C1=C/c1[se]c2cc(Br)ccc2[n+]1CCCCS(=O)(=O)O,822.496
O=C1C(/C=C2\[Se]c3cc(Br)ccc3N2CCCCS(=O)(=O)O)=C(O)/C1=C/c1[se]c2cc(Br)ccc2[n+]1CCCCS(=O)(=O)O,901.392
O=C1C(/C=C2\[Se]c3cc(I)ccc3N2CCCCS(=O)(=O)O)=C(O)/C1=C/c1[se]c2cc(Br)ccc2[n+]1CCCCS(=O)(=O)O,948.392
O=C1C(/C=C2\[Se]c3ccccc3N2Cc2ccccc2)=C(O)/C1=C/c1[se]c2cc(Br)ccc2[n+]1CCCCS(=O)(=O)O,776.449
O=C1C(/C=C2\[Se]c3cc(Br)ccc3N2Cc2ccccc2)=C(O)/C1=C/c1[se]c2cc(Br)ccc2[n+]1CCCCS(=O)(=O)O,855.345
O=C1C(/C=C2\[Se]c3cc(I)ccc3N2Cc2ccccc2)=C(O)/C1=C/c1[se]c2cc(Br)ccc2[n+]1CCCCS(=O)(=O)O,902.345
O=C1C(/C=C2\[Se]c3ccccc3N2Cc2ccsc2)=C(O)/C1=C/c1[se]c2cc(Br)ccc2[n+]1CCCCS(=O)(=O)O,782.478
O=C1C(/C=C2\[Se]c3cc(Br)ccc3N2Cc2ccsc2)=C(O)/C1=C/c1[se]c2cc(Br)ccc2[n+]1CCCCS(=O)(=O)O,861.374
O=C1C(/C=C2\[Se]c3cc(I)ccc3N2Cc2ccsc2)=C(O)/C1=C/c1[se]c2cc(Br)ccc2[n+]1CCCCS(=O)(=O)O,908.374
CCN1/C(=C/C2=C(O)/C(=C/c3[se]c4cc(I)ccc4[n+]3CCCCS(=O)(=O)O)C2=O)[Se]c2ccccc21,761.378
CCN1/C(=C/C2=C(O)/C(=C/c3[se]c4cc(I)ccc4[n+]3CCCCS(=O)(=O)O)C2=O)[Se]c2cc(Br)ccc21,840.274
CCN1/C(=C/C2=C(O)/C(=C/c3[se]c4cc(I)ccc4[n+]3CCCCS(=O)(=O)O)C2=O)[Se]c2cc(I)ccc21,887.274
CCCCN1/C(=C/C2=C(O)/C(=C/c3[se]c4cc(I)ccc4[n+]3CCCCS(=O)(=O)O)C2=O)[Se]c2ccccc21,789.432
CCCCN1/C(=C/C2=C(O)/C(=C/c3[se]c4cc(I)ccc4[n+]3CCCCS(=O)(=O)O)C2=O)[Se]c2cc(Br)ccc21,868.328
CCCCN1/C(=C/C2=C(O)/C(=C/c3[se]c4cc(I)ccc4[n+]3CCCCS(=O)(=O)O)C2=O)[Se]c2cc(I)ccc21,915.328
NCCCCN1/C(=C/C2=C(O)/C(=C/c3[se]c4cc(I)ccc4[n+]3CCCCS(=O)(=O)O)C2=O)[Se]c2ccccc21,804.447
NCCCCN1/C(=C/C2=C(O)/C(=C/c3[se]c4cc(I)ccc4[n+]3CCCCS(=O)(=O)O)C2=O)[Se]c2cc(Br)ccc21,883.343
NCCCCN1/C(=C/C2=C(O)/C(=C/c3[se]c4cc(I)ccc4[n+]3CCCCS(=O)(=O)O)C2=O)[Se]c2cc(I)ccc21,930.343
O=C1C(/C=C2\[Se]c3ccccc3N2CCCCO)=C(O)/C1=C/c1[se]c2cc(I)ccc2[n+]1CCCCS(=O)(=O)O,805.431
O=C1C(/C=C2\[Se]c3cc(Br)ccc3N2CCCCO)=C(O)/C1=C/c1[se]c2cc(I)ccc2[n+]1CCCCS(=O)(=O)O,884.327
O=C1C(/C=C2\[Se]c3cc(I)ccc3N2CCCCO)=C(O)/C1=C/c1[se]c2cc(I)ccc2[n+]1CCCCS(=O)(=O)O,931.327
CC[N+](CC)(CC)CCCCN1/C(=C/C2=C(O)/C(=C/c3[se]c4cc(I)ccc4[n+]3CCCCS(=O)(=O)O)C2=O)[Se]c2ccccc21,889.617
CC[N+](CC)(CC)CCCCN1/C(=C/C2=C(O)/C(=C/c3[se]c4cc(I)ccc4[n+]3CCCCS(=O)(=O)O)C2=O)[Se]c2cc(Br)ccc21,968.513
CC[N+](CC)(CC)CCCCN1/C(=C/C2=C(O)/C(=C/c3[se]c4cc(I)ccc4[n+]3CCCCS(=O)(=O)O)C2=O)[Se]c2cc(I)ccc21,1015.513
O=C1C(/C=C2\[Se]c3ccccc3N2CCCCS(=O)(=O)O)=C(O)/C1=C/c1[se]c2cc(I)ccc2[n+]1CCCCS(=O)(=O)O,869.496
O=C1C(/C=C2\[Se]c3cc(Br)ccc3N2CCCCS(=O)(=O)O)=C(O)/C1=C/c1[se]c2cc(I)ccc2[n+]1CCCCS(=O)(=O)O,948.392
O=C1C(/C=C2\[Se]c3cc(I)ccc3N2CCCCS(=O)(=O)O)=C(O)/C1=C/c1[se]c2cc(I)ccc2[n+]1CCCCS(=O)(=O)O,995.392
O=C1C(/C=C2\[Se]c3ccccc3N2Cc2ccccc2)=C(O)/C1=C/c1[se]c2cc(I)ccc2[n+]1CCCCS(=O)(=O)O,823.449
O=C1C(/C=C2\[Se]c3cc(Br)ccc3N2Cc2ccccc2)=C(O)/C1=C/c1[se]c2cc(I)ccc2[n+]1CCCCS(=O)(=O)O,902.345
O=C1C(/C=C2\[Se]c3cc(I)ccc3N2Cc2ccccc2)=C(O)/C1=C/c1[se]c2cc(I)ccc2[n+]1CCCCS(=O)(=O)O,949.345
O=C1C(/C=C2\[Se]c3ccccc3N2Cc2ccsc2)=C(O)/C1=C/c1[se]c2cc(I)ccc2[n+]1CCCCS(=O)(=O)O,829.478
O=C1C(/C=C2\[Se]c3cc(Br)ccc3N2Cc2ccsc2)=C(O)/C1=C/c1[se]c2cc(I)ccc2[n+]1CCCCS(=O)(=O)O,908.374
O=C1C(/C=C2\[Se]c3cc(I)ccc3N2Cc2ccsc2)=C(O)/C1=C/c1[se]c2cc(I)ccc2[n+]1CCCCS(=O)(=O)O,955.374
CCN1/C(=C/C2=C(O)/C(=C/c3[se]c4ccccc4[n+]3Cc3ccccc3)C2=O)[Se]c2ccccc21,589.435
CCN1/C(=C/C2=C(O)/C(=C/c3[se]c4ccccc4[n+]3Cc3ccccc3)C2=O)[Se]c2cc(Br)ccc21,668.331
CCN1/C(=C/C2=C(O)/C(=C/c3[se]c4ccccc4[n+]3Cc3ccccc3)C2=O)[Se]c2cc(I)ccc21,715.331
CCCCN1/C(=C/C2=C(O)/C(=C/c3[se]c4ccccc4[n+]3Cc3ccccc3)C2=O)[Se]c2ccccc21,617.489
CCCCN1/C(=C/C2=C(O)/C(=C/c3[se]c4ccccc4[n+]3Cc3ccccc3)C2=O)[Se]c2cc(Br)ccc21,696.385
CCCCN1/C(=C/C2=C(O)/C(=C/c3[se]c4ccccc4[n+]3Cc3ccccc3)C2=O)[Se]c2cc(I)ccc21,743.385
NCCCCN1/C(=C/C2=C(O)/C(=C/c3[se]c4ccccc4[n+]3Cc3ccccc3)C2=O)[Se]c2ccccc21,632.504
NCCCCN1/C(=C/C2=C(O)/C(=C/c3[se]c4ccccc4[n+]3Cc3ccccc3)C2=O)[Se]c2cc(Br)ccc21,711.4
NCCCCN1/C(=C/C2=C(O)/C(=C/c3[se]c4ccccc4[n+]3Cc3ccccc3)C2=O)[Se]c2cc(I)ccc21,758.4
O=C1C(/C=C2\[Se]c3ccccc3N2CCCCO)=C(O)/C1=C/c1[se]c2ccccc2[n+]1Cc1ccccc1,633.488
O=C1C(/C=C2\[Se]c3cc(Br)ccc3N2CCCCO)=C(O)/C1=C/c1[se]c2ccccc2[n+]1Cc1ccccc1,712.384
O=C1C(/C=C2\[Se]c3cc(I)ccc3N2CCCCO)=C(O)/C1=C/c1[se]c2ccccc2[n+]1Cc1ccccc1,759.384
CC[N+](CC)(CC)CCCCN1/C(=C/C2=C(O)/C(=C/c3[se]c4ccccc4[n+]3Cc3ccccc3)C2=O)[Se]c2ccccc21,717.674
CC[N+](CC)(CC)CCCCN1/C(=C/C2=C(O)/C(=C/c3[se]c4ccccc4[n+]3Cc3ccccc3)C2=O)[Se]c2cc(Br)ccc21,796.57
CC[N+](CC)(CC)CCCCN1/C(=C/C2=C(O)/C(=C/c3[se]c4ccccc4[n+]3Cc3ccccc3)C2=O)[Se]c2cc(I)ccc21,843.57
O=C1C(/C=C2\[Se]c3ccccc3N2CCCCS(=O)(=O)O)=C(O)/C1=C/c1[se]c2ccccc2[n+]1Cc1ccccc1,697.553
O=C1C(/C=C2\[Se]c3cc(Br)ccc3N2CCCCS(=O)(=O)O)=C(O)/C1=C/c1[se]c2ccccc2[n+]1Cc1ccccc1,776.449
O=C1C(/C=C2\[Se]c3cc(I)ccc3N2CCCCS(=O)(=O)O)=C(O)/C1=C/c1[se]c2ccccc2[n+]1Cc1ccccc1,823.449
O=C1C(/C=C2\[Se]c3ccccc3N2Cc2ccccc2)=C(O)/C1=C/c1[se]c2ccccc2[n+]1Cc1ccccc1,651.506
O=C1C(/C=C2\[Se]c3cc(Br)ccc3N2Cc2ccccc2)=C(O)/C1=C/c1[se]c2ccccc2[n+]1Cc1ccccc1,730.402
O=C1C(/C=C2\[Se]c3cc(I)ccc3N2Cc2ccccc2)=C(O)/C1=C/c1[se]c2ccccc2[n+]1Cc1ccccc1,777.402
O=C1C(/C=C2\[Se]c3ccccc3N2Cc2ccsc2)=C(O)/C1=C/c1[se]c2ccccc2[n+]1Cc1ccccc1,657.535
O=C1C(/C=C2\[Se]c3cc(Br)ccc3N2Cc2ccsc2)=C(O)/C1=C/c1[se]c2ccccc2[n+]1Cc1ccccc1,736.431
O=C1C(/C=C2\[Se]c3cc(I)ccc3N2Cc2ccsc2)=C(O)/C1=C/c1[se]c2ccccc2[n+]1Cc1ccccc1,783.431
CCN1/C(=C/C2=C(O)/C(=C/c3[se]c4cc(Br)ccc4[n+]3Cc3ccccc3)C2=O)[Se]c2ccccc21,668.331
CCN1/C(=C/C2=C(O)/C(=C/c3[se]c4cc(Br)ccc4[n+]3Cc3ccccc3)C2=O)[Se]c2cc(Br)ccc21,747.227
CCN1/C(=C/C2=C(O)/C(=C/c3[se]c4cc(Br)ccc4[n+]3Cc3ccccc3)C2=O)[Se]c2cc(I)ccc21,794.227
CCCCN1/C(=C/C2=C(O)/C(=C/c3[se]c4cc(Br)ccc4[n+]3Cc3ccccc3)C2=O)[Se]c2ccccc21,696.385
CCCCN1/C(=C/C2=C(O)/C(=C/c3[se]c4cc(Br)ccc4[n+]3Cc3ccccc3)C2=O)[Se]c2cc(Br)ccc21,775.281
CCCCN1/C(=C/C2=C(O)/C(=C/c3[se]c4cc(Br)ccc4[n+]3Cc3ccccc3)C2=O)[Se]c2cc(I)ccc21,822.281
NCCCCN1/C(=C/C2=C(O)/C(=C/c3[se]c4cc(Br)ccc4[n+]3Cc3ccccc3)C2=O)[Se]c2ccccc21,711.4
NCCCCN1/C(=C/C2=C(O)/C(=C/c3[se]c4cc(Br)ccc4[n+]3Cc3ccccc3)C2=O)[Se]c2cc(Br)ccc21,790.296
NCCCCN1/C(=C/C2=C(O)/C(=C/c3[se]c4cc(Br)ccc4[n+]3Cc3ccccc3)C2=O)[Se]c2cc(I)ccc21,837.296
O=C1C(/C=C2\[Se]c3ccccc3N2CCCCO)=C(O)/C1=C/c1[se]c2cc(Br)ccc2[n+]1Cc1ccccc1,712.384
O=C1C(/C=C2\[Se]c3cc(Br)ccc3N2CCCCO)=C(O)/C1=C/c1[se]c2cc(Br)ccc2[n+]1Cc1ccccc1,791.28
O=C1C(/C=C2\[Se]c3cc(I)ccc3N2CCCCO)=C(O)/C1=C/c1[se]c2cc(Br)ccc2[n+]1Cc1ccccc1,838.28
CC[N+](CC)(CC)CCCCN1/C(=C/C2=C(O)/C(=C/c3[se]c4cc(Br)ccc4[n+]3Cc3ccccc3)C2=O)[Se]c2ccccc21,796.57
CC[N+](CC)(CC)CCCCN1/C(=C/C2=C(O)/C(=C/c3[se]c4cc(Br)ccc4[n+]3Cc3ccccc3)C2=O)[Se]c2cc(Br)ccc21,875.466
CC[N+](CC)(CC)CCCCN1/C(=C/C2=C(O)/C(=C/c3[se]c4cc(Br)ccc4[n+]3Cc3ccccc3)C2=O)[Se]c2cc(I)ccc21,922.466
O=C1C(/C=C2\[Se]c3ccccc3N2CCCCS(=O)(=O)O)=C(O)/C1=C/c1[se]c2cc(Br)ccc2[n+]1Cc1ccccc1,776.449
O=C1C(/C=C2\[Se]c3cc(Br)ccc3N2CCCCS(=O)(=O)O)=C(O)/C1=C/c1[se]c2cc(Br)ccc2[n+]1Cc1ccccc1,855.345
O=C1C(/C=C2\[Se]c3cc(I)ccc3N2CCCCS(=O)(=O)O)=C(O)/C1=C/c1[se]c2cc(Br)ccc2[n+]1Cc1ccccc1,902.345
O=C1C(/C=C2\[Se]c3ccccc3N2Cc2ccccc2)=C(O)/C1=C/c1[se]c2cc(Br)ccc2[n+]1Cc1ccccc1,730.402
O=C1C(/C=C2\[Se]c3cc(Br)ccc3N2Cc2ccccc2)=C(O)/C1=C/c1[se]c2cc(Br)ccc2[n+]1Cc1ccccc1,809.298
O=C1C(/C=C2\[Se]c3cc(I)ccc3N2Cc2ccccc2)=C(O)/C1=C/c1[se]c2cc(Br)ccc2[n+]1Cc1ccccc1,856.298
O=C1C(/C=C2\[Se]c3ccccc3N2Cc2ccsc2)=C(O)/C1=C/c1[se]c2cc(Br)ccc2[n+]1Cc1ccccc1,736.431
O=C1C(/C=C2\[Se]c3cc(Br)ccc3N2Cc2ccsc2)=C(O)/C1=C/c1[se]c2cc(Br)ccc2[n+]1Cc1ccccc1,815.327
O=C1C(/C=C2\[Se]c3cc(I)ccc3N2Cc2ccsc2)=C(O)/C1=C/c1[se]c2cc(Br)ccc2[n+]1Cc1ccccc1,862.327
CCN1/C(=C/C2=C(O)/C(=C/c3[se]c4cc(I)ccc4[n+]3Cc3ccccc3)C2=O)[Se]c2ccccc21,715.331
CCN1/C(=C/C2=C(O)/C(=C/c3[se]c4cc(I)ccc4[n+]3Cc3ccccc3)C2=O)[Se]c2cc(Br)ccc21,794.227
CCN1/C(=C/C2=C(O)/C(=C/c3[se]c4cc(I)ccc4[n+]3Cc3ccccc3)C2=O)[Se]c2cc(I)ccc21,841.227
CCCCN1/C(=C/C2=C(O)/C(=C/c3[se]c4cc(I)ccc4[n+]3Cc3ccccc3)C2=O)[Se]c2ccccc21,743.385
CCCCN1/C(=C/C2=C(O)/C(=C/c3[se]c4cc(I)ccc4[n+]3Cc3ccccc3)C2=O)[Se]c2cc(Br)ccc21,822.281
CCCCN1/C(=C/C2=C(O)/C(=C/c3[se]c4cc(I)ccc4[n+]3Cc3ccccc3)C2=O)[Se]c2cc(I)ccc21,869.281
NCCCCN1/C(=C/C2=C(O)/C(=C/c3[se]c4cc(I)ccc4[n+]3Cc3ccccc3)C2=O)[Se]c2ccccc21,758.4
NCCCCN1/C(=C/C2=C(O)/C(=C/c3[se]c4cc(I)ccc4[n+]3Cc3ccccc3)C2=O)[Se]c2cc(Br)ccc21,837.296
NCCCCN1/C(=C/C2=C(O)/C(=C/c3[se]c4cc(I)ccc4[n+]3Cc3ccccc3)C2=O)[Se]c2cc(I)ccc21,884.296
O=C1C(/C=C2\[Se]c3ccccc3N2CCCCO)=C(O)/C1=C/c1[se]c2cc(I)ccc2[n+]1Cc1ccccc1,759.384
O=C1C(/C=C2\[Se]c3cc(Br)ccc3N2CCCCO)=C(O)/C1=C/c1[se]c2cc(I)ccc2[n+]1Cc1ccccc1,838.28
O=C1C(/C=C2\[Se]c3cc(I)ccc3N2CCCCO)=C(O)/C1=C/c1[se]c2cc(I)ccc2[n+]1Cc1ccccc1,885.28
CC[N+](CC)(CC)CCCCN1/C(=C/C2=C(O)/C(=C/c3[se]c4cc(I)ccc4[n+]3Cc3ccccc3)C2=O)[Se]c2ccccc21,843.57
CC[N+](CC)(CC)CCCCN1/C(=C/C2=C(O)/C(=C/c3[se]c4cc(I)ccc4[n+]3Cc3ccccc3)C2=O)[Se]c2cc(Br)ccc21,922.466
CC[N+](CC)(CC)CCCCN1/C(=C/C2=C(O)/C(=C/c3[se]c4cc(I)ccc4[n+]3Cc3ccccc3)C2=O)[Se]c2cc(I)ccc21,969.466
O=C1C(/C=C2\[Se]c3ccccc3N2CCCCS(=O)(=O)O)=C(O)/C1=C/c1[se]c2cc(I)ccc2[n+]1Cc1ccccc1,823.449
O=C1C(/C=C2\[Se]c3cc(Br)ccc3N2CCCCS(=O)(=O)O)=C(O)/C1=C/c1[se]c2cc(I)ccc2[n+]1Cc1ccccc1,902.345
O=C1C(/C=C2\[Se]c3cc(I)ccc3N2CCCCS(=O)(=O)O)=C(O)/C1=C/c1[se]c2cc(I)ccc2[n+]1Cc1ccccc1,949.345
O=C1C(/C=C2\[Se]c3ccccc3N2Cc2ccccc2)=C(O)/C1=C/c1[se]c2cc(I)ccc2[n+]1Cc1ccccc1,777.402
O=C1C(/C=C2\[Se]c3cc(Br)ccc3N2Cc2ccccc2)=C(O)/C1=C/c1[se]c2cc(I)ccc2[n+]1Cc1ccccc1,856.298
O=C1C(/C=C2\[Se]c3cc(I)ccc3N2Cc2ccccc2)=C(O)/C1=C/c1[se]c2cc(I)ccc2[n+]1Cc1ccccc1,903.298
O=C1C(/C=C2\[Se]c3ccccc3N2Cc2ccsc2)=C(O)/C1=C/c1[se]c2cc(I)ccc2[n+]1Cc1ccccc1,783.431
O=C1C(/C=C2\[Se]c3cc(Br)ccc3N2Cc2ccsc2)=C(O)/C1=C/c1[se]c2cc(I)ccc2[n+]1Cc1ccccc1,862.327
O=C1C(/C=C2\[Se]c3cc(I)ccc3N2Cc2ccsc2)=C(O)/C1=C/c1[se]c2cc(I)ccc2[n+]1Cc1ccccc1,909.327
CCN1/C(=C/C2=C(O)/C(=C/c3[se]c4ccccc4[n+]3Cc3ccsc3)C2=O)[Se]c2ccccc21,595.464
CCN1/C(=C/C2=C(O)/C(=C/c3[se]c4ccccc4[n+]3Cc3ccsc3)C2=O)[Se]c2cc(Br)ccc21,674.36
CCN1/C(=C/C2=C(O)/C(=C/c3[se]c4ccccc4[n+]3Cc3ccsc3)C2=O)[Se]c2cc(I)ccc21,721.36
CCCCN1/C(=C/C2=C(O)/C(=C/c3[se]c4ccccc4[n+]3Cc3ccsc3)C2=O)[Se]c2ccccc21,623.518
CCCCN1/C(=C/C2=C(O)/C(=C/c3[se]c4ccccc4[n+]3Cc3ccsc3)C2=O)[Se]c2cc(Br)ccc21,702.414
CCCCN1/C(=C/C2=C(O)/C(=C/c3[se]c4ccccc4[n+]3Cc3ccsc3)C2=O)[Se]c2cc(I)ccc21,749.414
NCCCCN1/C(=C/C2=C(O)/C(=C/c3[se]c4ccccc4[n+]3Cc3ccsc3)C2=O)[Se]c2ccccc21,638.533
NCCCCN1/C(=C/C2=C(O)/C(=C/c3[se]c4ccccc4[n+]3Cc3ccsc3)C2=O)[Se]c2cc(Br)ccc21,717.429
NCCCCN1/C(=C/C2=C(O)/C(=C/c3[se]c4ccccc4[n+]3Cc3ccsc3)C2=O)[Se]c2cc(I)ccc21,764.429
O=C1C(/C=C2\[Se]c3ccccc3N2CCCCO)=C(O)/C1=C/c1[se]c2ccccc2[n+]1Cc1ccsc1,639.517
O=C1C(/C=C2\[Se]c3cc(Br)ccc3N2CCCCO)=C(O)/C1=C/c1[se]c2ccccc2[n+]1Cc1ccsc1,718.413
O=C1C(/C=C2\[Se]c3cc(I)ccc3N2CCCCO)=C(O)/C1=C/c1[se]c2ccccc2[n+]1Cc1ccsc1,765.413
CC[N+](CC)(CC)CCCCN1/C(=C/C2=C(O)/C(=C/c3[se]c4ccccc4[n+]3Cc3ccsc3)C2=O)[Se]c2ccccc21,723.703
CC[N+](CC)(CC)CCCCN1/C(=C/C2=C(O)/C(=C/c3[se]c4ccccc4[n+]3Cc3ccsc3)C2=O)[Se]c2cc(Br)ccc21,802.599
CC[N+](CC)(CC)CCCCN1/C(=C/C2=C(O)/C(=C/c3[se]c4ccccc4[n+]3Cc3ccsc3)C2=O)[Se]c2cc(I)ccc21,849.599
O=C1C(/C=C2\[Se]c3ccccc3N2CCCCS(=O)(=O)O)=C(O)/C1=C/c1[se]c2ccccc2[n+]1Cc1ccsc1,703.582
O=C1C(/C=C2\[Se]c3cc(Br)ccc3N2CCCCS(=O)(=O)O)=C(O)/C1=C/c1[se]c2ccccc2[n+]1Cc1ccsc1,782.478
O=C1C(/C=C2\[Se]c3cc(I)ccc3N2CCCCS(=O)(=O)O)=C(O)/C1=C/c1[se]c2ccccc2[n+]1Cc1ccsc1,829.478
O=C1C(/C=C2\[Se]c3ccccc3N2Cc2ccccc2)=C(O)/C1=C/c1[se]c2ccccc2[n+]1Cc1ccsc1,657.535
O=C1C(/C=C2\[Se]c3cc(Br)ccc3N2Cc2ccccc2)=C(O)/C1=C/c1[se]c2ccccc2[n+]1Cc1ccsc1,736.431
O=C1C(/C=C2\[Se]c3cc(I)ccc3N2Cc2ccccc2)=C(O)/C1=C/c1[se]c2ccccc2[n+]1Cc1ccsc1,783.431
O=C1C(/C=C2\[Se]c3ccccc3N2Cc2ccsc2)=C(O)/C1=C/c1[se]c2ccccc2[n+]1Cc1ccsc1,663.564
O=C1C(/C=C2\[Se]c3cc(Br)ccc3N2Cc2ccsc2)=C(O)/C1=C/c1[se]c2ccccc2[n+]1Cc1ccsc1,742.46
O=C1C(/C=C2\[Se]c3cc(I)ccc3N2Cc2ccsc2)=C(O)/C1=C/c1[se]c2ccccc2[n+]1Cc1ccsc1,789.46
CCN1/C(=C/C2=C(O)/C(=C/c3[se]c4cc(Br)ccc4[n+]3Cc3ccsc3)C2=O)[Se]c2ccccc21,674.36
CCN1/C(=C/C2=C(O)/C(=C/c3[se]c4cc(Br)ccc4[n+]3Cc3ccsc3)C2=O)[Se]c2cc(Br)ccc21,753.256
CCN1/C(=C/C2=C(O)/C(=C/c3[se]c4cc(Br)ccc4[n+]3Cc3ccsc3)C2=O)[Se]c2cc(I)ccc21,800.256
CCCCN1/C(=C/C2=C(O)/C(=C/c3[se]c4cc(Br)ccc4[n+]3Cc3ccsc3)C2=O)[Se]c2ccccc21,702.414
CCCCN1/C(=C/C2=C(O)/C(=C/c3[se]c4cc(Br)ccc4[n+]3Cc3ccsc3)C2=O)[Se]c2cc(Br)ccc21,781.31
CCCCN1/C(=C/C2=C(O)/C(=C/c3[se]c4cc(Br)ccc4[n+]3Cc3ccsc3)C2=O)[Se]c2cc(I)ccc21,828.31
NCCCCN1/C(=C/C2=C(O)/C(=C/c3[se]c4cc(Br)ccc4[n+]3Cc3ccsc3)C2=O)[Se]c2ccccc21,717.429
NCCCCN1/C(=C/C2=C(O)/C(=C/c3[se]c4cc(Br)ccc4[n+]3Cc3ccsc3)C2=O)[Se]c2cc(Br)ccc21,796.325
NCCCCN1/C(=C/C2=C(O)/C(=C/c3[se]c4cc(Br)ccc4[n+]3Cc3ccsc3)C2=O)[Se]c2cc(I)ccc21,843.325
O=C1C(/C=C2\[Se]c3ccccc3N2CCCCO)=C(O)/C1=C/c1[se]c2cc(Br)ccc2[n+]1Cc1ccsc1,718.413
O=C1C(/C=C2\[Se]c3cc(Br)ccc3N2CCCCO)=C(O)/C1=C/c1[se]c2cc(Br)ccc2[n+]1Cc1ccsc1,797.309
O=C1C(/C=C2\[Se]c3cc(I)ccc3N2CCCCO)=C(O)/C1=C/c1[se]c2cc(Br)ccc2[n+]1Cc1ccsc1,844.309
CC[N+](CC)(CC)CCCCN1/C(=C/C2=C(O)/C(=C/c3[se]c4cc(Br)ccc4[n+]3Cc3ccsc3)C2=O)[Se]c2ccccc21,802.599
CC[N+](CC)(CC)CCCCN1/C(=C/C2=C(O)/C(=C/c3[se]c4cc(Br)ccc4[n+]3Cc3ccsc3)C2=O)[Se]c2cc(Br)ccc21,881.495
CC[N+](CC)(CC)CCCCN1/C(=C/C2=C(O)/C(=C/c3[se]c4cc(Br)ccc4[n+]3Cc3ccsc3)C2=O)[Se]c2cc(I)ccc21,928.495
O=C1C(/C=C2\[Se]c3ccccc3N2CCCCS(=O)(=O)O)=C(O)/C1=C/c1[se]c2cc(Br)ccc2[n+]1Cc1ccsc1,782.478
O=C1C(/C=C2\[Se]c3cc(Br)ccc3N2CCCCS(=O)(=O)O)=C(O)/C1=C/c1[se]c2cc(Br)ccc2[n+]1Cc1ccsc1,861.374
O=C1C(/C=C2\[Se]c3cc(I)ccc3N2CCCCS(=O)(=O)O)=C(O)/C1=C/c1[se]c2cc(Br)ccc2[n+]1Cc1ccsc1,908.374
O=C1C(/C=C2\[Se]c3ccccc3N2Cc2ccccc2)=C(O)/C1=C/c1[se]c2cc(Br)ccc2[n+]1Cc1ccsc1,736.431
O=C1C(/C=C2\[Se]c3cc(Br)ccc3N2Cc2ccccc2)=C(O)/C1=C/c1[se]c2cc(Br)ccc2[n+]1Cc1ccsc1,815.327
O=C1C(/C=C2\[Se]c3cc(I)ccc3N2Cc2ccccc2)=C(O)/C1=C/c1[se]c2cc(Br)ccc2[n+]1Cc1ccsc1,862.327
O=C1C(/C=C2\[Se]c3ccccc3N2Cc2ccsc2)=C(O)/C1=C/c1[se]c2cc(Br)ccc2[n+]1Cc1ccsc1,742.46
O=C1C(/C=C2\[Se]c3cc(Br)ccc3N2Cc2ccsc2)=C(O)/C1=C/c1[se]c2cc(Br)ccc2[n+]1Cc1ccsc1,821.356
O=C1C(/C=C2\[Se]c3cc(I)ccc3N2Cc2ccsc2)=C(O)/C1=C/c1[se]c2cc(Br)ccc2[n+]1Cc1ccsc1,868.356
CCN1/C(=C/C2=C(O)/C(=C/c3[se]c4cc(I)ccc4[n+]3Cc3ccsc3)C2=O)[Se]c2ccccc21,721.36
CCN1/C(=C/C2=C(O)/C(=C/c3[se]c4cc(I)ccc4[n+]3Cc3ccsc3)C2=O)[Se]c2cc(Br)ccc21,800.256
CCN1/C(=C/C2=C(O)/C(=C/c3[se]c4cc(I)ccc4[n+]3Cc3ccsc3)C2=O)[Se]c2cc(I)ccc21,847.256
CCCCN1/C(=C/C2=C(O)/C(=C/c3[se]c4cc(I)ccc4[n+]3Cc3ccsc3)C2=O)[Se]c2ccccc21,749.414
CCCCN1/C(=C/C2=C(O)/C(=C/c3[se]c4cc(I)ccc4[n+]3Cc3ccsc3)C2=O)[Se]c2cc(Br)ccc21,828.31
CCCCN1/C(=C/C2=C(O)/C(=C/c3[se]c4cc(I)ccc4[n+]3Cc3ccsc3)C2=O)[Se]c2cc(I)ccc21,875.31
NCCCCN1/C(=C/C2=C(O)/C(=C/c3[se]c4cc(I)ccc4[n+]3Cc3ccsc3)C2=O)[Se]c2ccccc21,764.429
NCCCCN1/C(=C/C2=C(O)/C(=C/c3[se]c4cc(I)ccc4[n+]3Cc3ccsc3)C2=O)[Se]c2cc(Br)ccc21,843.325
NCCCCN1/C(=C/C2=C(O)/C(=C/c3[se]c4cc(I)ccc4[n+]3Cc3ccsc3)C2=O)[Se]c2cc(I)ccc21,890.325
O=C1C(/C=C2\[Se]c3ccccc3N2CCCCO)=C(O)/C1=C/c1[se]c2cc(I)ccc2[n+]1Cc1ccsc1,765.413
O=C1C(/C=C2\[Se]c3cc(Br)ccc3N2CCCCO)=C(O)/C1=C/c1[se]c2cc(I)ccc2[n+]1Cc1ccsc1,844.309
O=C1C(/C=C2\[Se]c3cc(I)ccc3N2CCCCO)=C(O)/C1=C/c1[se]c2cc(I)ccc2[n+]1Cc1ccsc1,891.309
CC[N+](CC)(CC)CCCCN1/C(=C/C2=C(O)/C(=C/c3[se]c4cc(I)ccc4[n+]3Cc3ccsc3)C2=O)[Se]c2ccccc21,849.599
CC[N+](CC)(CC)CCCCN1/C(=C/C2=C(O)/C(=C/c3[se]c4cc(I)ccc4[n+]3Cc3ccsc3)C2=O)[Se]c2cc(Br)ccc21,928.495
CC[N+](CC)(CC)CCCCN1/C(=C/C2=C(O)/C(=C/c3[se]c4cc(I)ccc4[n+]3Cc3ccsc3)C2=O)[Se]c2cc(I)ccc21,975.495
O=C1C(/C=C2\[Se]c3ccccc3N2CCCCS(=O)(=O)O)=C(O)/C1=C/c1[se]c2cc(I)ccc2[n+]1Cc1ccsc1,829.478
O=C1C(/C=C2\[Se]c3cc(Br)ccc3N2CCCCS(=O)(=O)O)=C(O)/C1=C/c1[se]c2cc(I)ccc2[n+]1Cc1ccsc1,908.374
O=C1C(/C=C2\[Se]c3cc(I)ccc3N2CCCCS(=O)(=O)O)=C(O)/C1=C/c1[se]c2cc(I)ccc2[n+]1Cc1ccsc1,955.374
O=C1C(/C=C2\[Se]c3ccccc3N2Cc2ccccc2)=C(O)/C1=C/c1[se]c2cc(I)ccc2[n+]1Cc1ccsc1,783.431
O=C1C(/C=C2\[Se]c3cc(Br)ccc3N2Cc2ccccc2)=C(O)/C1=C/c1[se]c2cc(I)ccc2[n+]1Cc1ccsc1,862.327
O=C1C(/C=C2\[Se]c3cc(I)ccc3N2Cc2ccccc2)=C(O)/C1=C/c1[se]c2cc(I)ccc2[n+]1Cc1ccsc1,909.327
O=C1C(/C=C2\[Se]c3ccccc3N2Cc2ccsc2)=C(O)/C1=C/c1[se]c2cc(I)ccc2[n+]1Cc1ccsc1,789.46
O=C1C(/C=C2\[Se]c3cc(Br)ccc3N2Cc2ccsc2)=C(O)/C1=C/c1[se]c2cc(I)ccc2[n+]1Cc1ccsc1,868.356
O=C1C(/C=C2\[Se]c3cc(I)ccc3N2Cc2ccsc2)=C(O)/C1=C/c1[se]c2cc(I)ccc2[n+]1Cc1ccsc1,915.356
CCN1/C(=C/C2=C(O)/C(=C/C3=[N+](CC)c4ccccc4C3(C)C)C2=O)C(C)(C)c2ccccc21,453.606
CCN1/C(=C/C2=C(O)/C(=C/C3=[N+](CC)c4ccccc4C3(C)C)C2=O)C(C)(C)c2cc(Br)ccc21,532.502
CCN1/C(=C/C2=C(O)/C(=C/C3=[N+](CC)c4ccccc4C3(C)C)C2=O)C(C)(C)c2cc(I)ccc21,579.502
CCCCN1/C(=C/C2=C(O)/C(=C/C3=[N+](CC)c4ccccc4C3(C)C)C2=O)C(C)(C)c2ccccc21,481.66
CCCCN1/C(=C/C2=C(O)/C(=C/C3=[N+](CC)c4ccccc4C3(C)C)C2=O)C(C)(C)c2cc(Br)ccc21,560.556
CCCCN1/C(=C/C2=C(O)/C(=C/C3=[N+](CC)c4ccccc4C3(C)C)C2=O)C(C)(C)c2cc(I)ccc21,607.556
CC[N+]1=C(/C=C2\C(=O)C(/C=C3/N(CCCCN)c4ccccc4C3(C)C)=C2O)C(C)(C)c2ccccc21,496.675
CC[N+]1=C(/C=C2\C(=O)C(/C=C3/N(CCCCN)c4ccc(Br)cc4C3(C)C)=C2O)C(C)(C)c2ccccc21,575.571
CC[N+]1=C(/C=C2\C(=O)C(/C=C3/N(CCCCN)c4ccc(I)cc4C3(C)C)=C2O)C(C)(C)c2ccccc21,622.571
CC[N+]1=C(/C=C2\C(=O)C(/C=C3/N(CCCCO)c4ccccc4C3(C)C)=C2O)C(C)(C)c2ccccc21,497.659
CC[N+]1=C(/C=C2\C(=O)C(/C=C3/N(CCCCO)c4ccc(Br)cc4C3(C)C)=C2O)C(C)(C)c2ccccc21,576.555
CC[N+]1=C(/C=C2\C(=O)C(/C=C3/N(CCCCO)c4ccc(I)cc4C3(C)C)=C2O)C(C)(C)c2ccccc21,623.555
CC[N+]1=C(/C=C2\C(=O)C(/C=C3/N(CCCC[N+](CC)(CC)CC)c4ccccc4C3(C)C)=C2O)C(C)(C)c2ccccc21,581.845
CC[N+]1=C(/C=C2\C(=O)C(/C=C3/N(CCCC[N+](CC)(CC)CC)c4ccc(Br)cc4C3(C)C)=C2O)C(C)(C)c2ccccc21,660.741
CC[N+]1=C(/C=C2\C(=O)C(/C=C3/N(CCCC[N+](CC)(CC)CC)c4ccc(I)cc4C3(C)C)=C2O)C(C)(C)c2ccccc21,707.741
CC[N+]1=C(/C=C2\C(=O)C(/C=C3/N(CCCCS(=O)(=O)O)c4ccccc4C3(C)C)=C2O)C(C)(C)c2ccccc21,561.724000000001
CC[N+]1=C(/C=C2\C(=O)C(/C=C3/N(CCCCS(=O)(=O)O)c4ccc(Br)cc4C3(C)C)=C2O)C(C)(C)c2ccccc21,640.62
CC[N+]1=C(/C=C2\C(=O)C(/C=C3/N(CCCCS(=O)(=O)O)c4ccc(I)cc4C3(C)C)=C2O)C(C)(C)c2ccccc21,687.62
CC[N+]1=C(/C=C2\C(=O)C(/C=C3/N(Cc4ccccc4)c4ccccc4C3(C)C)=C2O)C(C)(C)c2ccccc21,515.677
CC[N+]1=C(/C=C2\C(=O)C(/C=C3/N(Cc4ccccc4)c4ccc(Br)cc4C3(C)C)=C2O)C(C)(C)c2ccccc21,594.573
CC[N+]1=C(/C=C2\C(=O)C(/C=C3/N(Cc4ccccc4)c4ccc(I)cc4C3(C)C)=C2O)C(C)(C)c2ccccc21,641.573
CC[N+]1=C(/C=C2\C(=O)C(/C=C3/N(Cc4ccsc4)c4ccccc4C3(C)C)=C2O)C(C)(C)c2ccccc21,521.706
CC[N+]1=C(/C=C2\C(=O)C(/C=C3/N(Cc4ccsc4)c4ccc(Br)cc4C3(C)C)=C2O)C(C)(C)c2ccccc21,600.602
CC[N+]1=C(/C=C2\C(=O)C(/C=C3/N(Cc4ccsc4)c4ccc(I)cc4C3(C)C)=C2O)C(C)(C)c2ccccc21,647.602
CCN1/C(=C/C2=C(O)/C(=C/C3=[N+](CC)c4ccc(Br)cc4C3(C)C)C2=O)C(C)(C)c2ccccc21,532.502
CCN1/C(=C/C2=C(O)/C(=C/C3=[N+](CC)c4ccc(Br)cc4C3(C)C)C2=O)C(C)(C)c2cc(Br)ccc21,611.398
CCN1/C(=C/C2=C(O)/C(=C/C3=[N+](CC)c4ccc(Br)cc4C3(C)C)C2=O)C(C)(C)c2cc(I)ccc21,658.398
CCCCN1/C(=C/C2=C(O)/C(=C/C3=[N+](CC)c4ccc(Br)cc4C3(C)C)C2=O)C(C)(C)c2ccccc21,560.556
CCCCN1/C(=C/C2=C(O)/C(=C/C3=[N+](CC)c4ccc(Br)cc4C3(C)C)C2=O)C(C)(C)c2cc(Br)ccc21,639.452
CCCCN1/C(=C/C2=C(O)/C(=C/C3=[N+](CC)c4ccc(Br)cc4C3(C)C)C2=O)C(C)(C)c2cc(I)ccc21,686.452
CC[N+]1=C(/C=C2\C(=O)C(/C=C3/N(CCCCN)c4ccccc4C3(C)C)=C2O)C(C)(C)c2cc(Br)ccc21,575.571
CC[N+]1=C(/C=C2\C(=O)C(/C=C3/N(CCCCN)c4ccc(Br)cc4C3(C)C)=C2O)C(C)(C)c2cc(Br)ccc21,654.467
CC[N+]1=C(/C=C2\C(=O)C(/C=C3/N(CCCCN)c4ccc(I)cc4C3(C)C)=C2O)C(C)(C)c2cc(Br)ccc21,701.467
CC[N+]1=C(/C=C2\C(=O)C(/C=C3/N(CCCCO)c4ccccc4C3(C)C)=C2O)C(C)(C)c2cc(Br)ccc21,576.555
CC[N+]1=C(/C=C2\C(=O)C(/C=C3/N(CCCCO)c4ccc(Br)cc4C3(C)C)=C2O)C(C)(C)c2cc(Br)ccc21,655.451
CC[N+]1=C(/C=C2\C(=O)C(/C=C3/N(CCCCO)c4ccc(I)cc4C3(C)C)=C2O)C(C)(C)c2cc(Br)ccc21,702.451
CC[N+]1=C(/C=C2\C(=O)C(/C=C3/N(CCCC[N+](CC)(CC)CC)c4ccccc4C3(C)C)=C2O)C(C)(C)c2cc(Br)ccc21,660.741
CC[N+]1=C(/C=C2\C(=O)C(/C=C3/N(CCCC[N+](CC)(CC)CC)c4ccc(Br)cc4C3(C)C)=C2O)C(C)(C)c2cc(Br)ccc21,739.637
CC[N+]1=C(/C=C2\C(=O)C(/C=C3/N(CCCC[N+](CC)(CC)CC)c4ccc(I)cc4C3(C)C)=C2O)C(C)(C)c2cc(Br)ccc21,786.637
CC[N+]1=C(/C=C2\C(=O)C(/C=C3/N(CCCCS(=O)(=O)O)c4ccccc4C3(C)C)=C2O)C(C)(C)c2cc(Br)ccc21,640.62
CC[N+]1=C(/C=C2\C(=O)C(/C=C3/N(CCCCS(=O)(=O)O)c4ccc(Br)cc4C3(C)C)=C2O)C(C)(C)c2cc(Br)ccc21,719.516
CC[N+]1=C(/C=C2\C(=O)C(/C=C3/N(CCCCS(=O)(=O)O)c4ccc(I)cc4C3(C)C)=C2O)C(C)(C)c2cc(Br)ccc21,766.516
CC[N+]1=C(/C=C2\C(=O)C(/C=C3/N(Cc4ccccc4)c4ccccc4C3(C)C)=C2O)C(C)(C)c2cc(Br)ccc21,594.573
CC[N+]1=C(/C=C2\C(=O)C(/C=C3/N(Cc4ccccc4)c4ccc(Br)cc4C3(C)C)=C2O)C(C)(C)c2cc(Br)ccc21,673.469
CC[N+]1=C(/C=C2\C(=O)C(/C=C3/N(Cc4ccccc4)c4ccc(I)cc4C3(C)C)=C2O)C(C)(C)c2cc(Br)ccc21,720.469
CC[N+]1=C(/C=C2\C(=O)C(/C=C3/N(Cc4ccsc4)c4ccccc4C3(C)C)=C2O)C(C)(C)c2cc(Br)ccc21,600.602
CC[N+]1=C(/C=C2\C(=O)C(/C=C3/N(Cc4ccsc4)c4ccc(Br)cc4C3(C)C)=C2O)C(C)(C)c2cc(Br)ccc21,679.498
CC[N+]1=C(/C=C2\C(=O)C(/C=C3/N(Cc4ccsc4)c4ccc(I)cc4C3(C)C)=C2O)C(C)(C)c2cc(Br)ccc21,726.498
CCN1/C(=C/C2=C(O)/C(=C/C3=[N+](CC)c4ccc(I)cc4C3(C)C)C2=O)C(C)(C)c2ccccc21,579.502
CCN1/C(=C/C2=C(O)/C(=C/C3=[N+](CC)c4ccc(I)cc4C3(C)C)C2=O)C(C)(C)c2cc(Br)ccc21,658.398
CCN1/C(=C/C2=C(O)/C(=C/C3=[N+](CC)c4ccc(I)cc4C3(C)C)C2=O)C(C)(C)c2cc(I)ccc21,705.398
CCCCN1/C(=C/C2=C(O)/C(=C/C3=[N+](CC)c4ccc(I)cc4C3(C)C)C2=O)C(C)(C)c2ccccc21,607.556
CCCCN1/C(=C/C2=C(O)/C(=C/C3=[N+](CC)c4ccc(I)cc4C3(C)C)C2=O)C(C)(C)c2cc(Br)ccc21,686.452
CCCCN1/C(=C/C2=C(O)/C(=C/C3=[N+](CC)c4ccc(I)cc4C3(C)C)C2=O)C(C)(C)c2cc(I)ccc21,733.452
CC[N+]1=C(/C=C2\C(=O)C(/C=C3/N(CCCCN)c4ccccc4C3(C)C)=C2O)C(C)(C)c2cc(I)ccc21,622.571
CC[N+]1=C(/C=C2\C(=O)C(/C=C3/N(CCCCN)c4ccc(Br)cc4C3(C)C)=C2O)C(C)(C)c2cc(I)ccc21,701.467
CC[N+]1=C(/C=C2\C(=O)C(/C=C3/N(CCCCN)c4ccc(I)cc4C3(C)C)=C2O)C(C)(C)c2cc(I)ccc21,748.467
CC[N+]1=C(/C=C2\C(=O)C(/C=C3/N(CCCCO)c4ccccc4C3(C)C)=C2O)C(C)(C)c2cc(I)ccc21,623.555
CC[N+]1=C(/C=C2\C(=O)C(/C=C3/N(CCCCO)c4ccc(Br)cc4C3(C)C)=C2O)C(C)(C)c2cc(I)ccc21,702.451
CC[N+]1=C(/C=C2\C(=O)C(/C=C3/N(CCCCO)c4ccc(I)cc4C3(C)C)=C2O)C(C)(C)c2cc(I)ccc21,749.451
CC[N+]1=C(/C=C2\C(=O)C(/C=C3/N(CCCC[N+](CC)(CC)CC)c4ccccc4C3(C)C)=C2O)C(C)(C)c2cc(I)ccc21,707.741
CC[N+]1=C(/C=C2\C(=O)C(/C=C3/N(CCCC[N+](CC)(CC)CC)c4ccc(Br)cc4C3(C)C)=C2O)C(C)(C)c2cc(I)ccc21,786.637
CC[N+]1=C(/C=C2\C(=O)C(/C=C3/N(CCCC[N+](CC)(CC)CC)c4ccc(I)cc4C3(C)C)=C2O)C(C)(C)c2cc(I)ccc21,833.637
CC[N+]1=C(/C=C2\C(=O)C(/C=C3/N(CCCCS(=O)(=O)O)c4ccccc4C3(C)C)=C2O)C(C)(C)c2cc(I)ccc21,687.62
CC[N+]1=C(/C=C2\C(=O)C(/C=C3/N(CCCCS(=O)(=O)O)c4ccc(Br)cc4C3(C)C)=C2O)C(C)(C)c2cc(I)ccc21,766.516
CC[N+]1=C(/C=C2\C(=O)C(/C=C3/N(CCCCS(=O)(=O)O)c4ccc(I)cc4C3(C)C)=C2O)C(C)(C)c2cc(I)ccc21,813.516
CC[N+]1=C(/C=C2\C(=O)C(/C=C3/N(Cc4ccccc4)c4ccccc4C3(C)C)=C2O)C(C)(C)c2cc(I)ccc21,641.573
CC[N+]1=C(/C=C2\C(=O)C(/C=C3/N(Cc4ccccc4)c4ccc(Br)cc4C3(C)C)=C2O)C(C)(C)c2cc(I)ccc21,720.469
CC[N+]1=C(/C=C2\C(=O)C(/C=C3/N(Cc4ccccc4)c4ccc(I)cc4C3(C)C)=C2O)C(C)(C)c2cc(I)ccc21,767.469
CC[N+]1=C(/C=C2\C(=O)C(/C=C3/N(Cc4ccsc4)c4ccccc4C3(C)C)=C2O)C(C)(C)c2cc(I)ccc21,647.602
CC[N+]1=C(/C=C2\C(=O)C(/C=C3/N(Cc4ccsc4)c4ccc(Br)cc4C3(C)C)=C2O)C(C)(C)c2cc(I)ccc21,726.498
CC[N+]1=C(/C=C2\C(=O)C(/C=C3/N(Cc4ccsc4)c4ccc(I)cc4C3(C)C)=C2O)C(C)(C)c2cc(I)ccc21,773.498
CCCC[N+]1=C(/C=C2\C(=O)C(/C=C3/N(CC)c4ccccc4C3(C)C)=C2O)C(C)(C)c2ccccc21,481.66
CCCC[N+]1=C(/C=C2\C(=O)C(/C=C3/N(CC)c4ccc(Br)cc4C3(C)C)=C2O)C(C)(C)c2ccccc21,560.556
CCCC[N+]1=C(/C=C2\C(=O)C(/C=C3/N(CC)c4ccc(I)cc4C3(C)C)=C2O)C(C)(C)c2ccccc21,607.556
CCCCN1/C(=C/C2=C(O)/C(=C/C3=[N+](CCCC)c4ccccc4C3(C)C)C2=O)C(C)(C)c2ccccc21,509.714
CCCCN1/C(=C/C2=C(O)/C(=C/C3=[N+](CCCC)c4ccccc4C3(C)C)C2=O)C(C)(C)c2cc(Br)ccc21,588.61
CCCCN1/C(=C/C2=C(O)/C(=C/C3=[N+](CCCC)c4ccccc4C3(C)C)C2=O)C(C)(C)c2cc(I)ccc21,635.61
CCCC[N+]1=C(/C=C2\C(=O)C(/C=C3/N(CCCCN)c4ccccc4C3(C)C)=C2O)C(C)(C)c2ccccc21,524.729
CCCC[N+]1=C(/C=C2\C(=O)C(/C=C3/N(CCCCN)c4ccc(Br)cc4C3(C)C)=C2O)C(C)(C)c2ccccc21,603.625
CCCC[N+]1=C(/C=C2\C(=O)C(/C=C3/N(CCCCN)c4ccc(I)cc4C3(C)C)=C2O)C(C)(C)c2ccccc21,650.625
CCCC[N+]1=C(/C=C2\C(=O)C(/C=C3/N(CCCCO)c4ccccc4C3(C)C)=C2O)C(C)(C)c2ccccc21,525.713000000001
CCCC[N+]1=C(/C=C2\C(=O)C(/C=C3/N(CCCCO)c4ccc(Br)cc4C3(C)C)=C2O)C(C)(C)c2ccccc21,604.609000000001
CCCC[N+]1=C(/C=C2\C(=O)C(/C=C3/N(CCCCO)c4ccc(I)cc4C3(C)C)=C2O)C(C)(C)c2ccccc21,651.609
CCCC[N+]1=C(/C=C2\C(=O)C(/C=C3/N(CCCC[N+](CC)(CC)CC)c4ccccc4C3(C)C)=C2O)C(C)(C)c2ccccc21,609.899
CCCC[N+]1=C(/C=C2\C(=O)C(/C=C3/N(CCCC[N+](CC)(CC)CC)c4ccc(Br)cc4C3(C)C)=C2O)C(C)(C)c2ccccc21,688.795
CCCC[N+]1=C(/C=C2\C(=O)C(/C=C3/N(CCCC[N+](CC)(CC)CC)c4ccc(I)cc4C3(C)C)=C2O)C(C)(C)c2ccccc21,735.795
CCCC[N+]1=C(/C=C2\C(=O)C(/C=C3/N(CCCCS(=O)(=O)O)c4ccccc4C3(C)C)=C2O)C(C)(C)c2ccccc21,589.778000000001
CCCC[N+]1=C(/C=C2\C(=O)C(/C=C3/N(CCCCS(=O)(=O)O)c4ccc(Br)cc4C3(C)C)=C2O)C(C)(C)c2ccccc21,668.674000000001
CCCC[N+]1=C(/C=C2\C(=O)C(/C=C3/N(CCCCS(=O)(=O)O)c4ccc(I)cc4C3(C)C)=C2O)C(C)(C)c2ccccc21,715.674000000001
CCCC[N+]1=C(/C=C2\C(=O)C(/C=C3/N(Cc4ccccc4)c4ccccc4C3(C)C)=C2O)C(C)(C)c2ccccc21,543.731
CCCC[N+]1=C(/C=C2\C(=O)C(/C=C3/N(Cc4ccccc4)c4ccc(Br)cc4C3(C)C)=C2O)C(C)(C)c2ccccc21,622.627
CCCC[N+]1=C(/C=C2\C(=O)C(/C=C3/N(Cc4ccccc4)c4ccc(I)cc4C3(C)C)=C2O)C(C)(C)c2ccccc21,669.627
CCCC[N+]1=C(/C=C2\C(=O)C(/C=C3/N(Cc4ccsc4)c4ccccc4C3(C)C)=C2O)C(C)(C)c2ccccc21,549.76
CCCC[N+]1=C(/C=C2\C(=O)C(/C=C3/N(Cc4ccsc4)c4ccc(Br)cc4C3(C)C)=C2O)C(C)(C)c2ccccc21,628.656
CCCC[N+]1=C(/C=C2\C(=O)C(/C=C3/N(Cc4ccsc4)c4ccc(I)cc4C3(C)C)=C2O)C(C)(C)c2ccccc21,675.656
CCCC[N+]1=C(/C=C2\C(=O)C(/C=C3/N(CC)c4ccccc4C3(C)C)=C2O)C(C)(C)c2cc(Br)ccc21,560.556
CCCC[N+]1=C(/C=C2\C(=O)C(/C=C3/N(CC)c4ccc(Br)cc4C3(C)C)=C2O)C(C)(C)c2cc(Br)ccc21,639.452
CCCC[N+]1=C(/C=C2\C(=O)C(/C=C3/N(CC)c4ccc(I)cc4C3(C)C)=C2O)C(C)(C)c2cc(Br)ccc21,686.452
CCCCN1/C(=C/C2=C(O)/C(=C/C3=[N+](CCCC)c4ccc(Br)cc4C3(C)C)C2=O)C(C)(C)c2ccccc21,588.61
CCCCN1/C(=C/C2=C(O)/C(=C/C3=[N+](CCCC)c4ccc(Br)cc4C3(C)C)C2=O)C(C)(C)c2cc(Br)ccc21,667.506
CCCCN1/C(=C/C2=C(O)/C(=C/C3=[N+](CCCC)c4ccc(Br)cc4C3(C)C)C2=O)C(C)(C)c2cc(I)ccc21,714.506
CCCC[N+]1=C(/C=C2\C(=O)C(/C=C3/N(CCCCN)c4ccccc4C3(C)C)=C2O)C(C)(C)c2cc(Br)ccc21,603.625
CCCC[N+]1=C(/C=C2\C(=O)C(/C=C3/N(CCCCN)c4ccc(Br)cc4C3(C)C)=C2O)C(C)(C)c2cc(Br)ccc21,682.521
CCCC[N+]1=C(/C=C2\C(=O)C(/C=C3/N(CCCCN)c4ccc(I)cc4C3(C)C)=C2O)C(C)(C)c2cc(Br)ccc21,729.521
CCCC[N+]1=C(/C=C2\C(=O)C(/C=C3/N(CCCCO)c4ccccc4C3(C)C)=C2O)C(C)(C)c2cc(Br)ccc21,604.609
CCCC[N+]1=C(/C=C2\C(=O)C(/C=C3/N(CCCCO)c4ccc(Br)cc4C3(C)C)=C2O)C(C)(C)c2cc(Br)ccc21,683.505
CCCC[N+]1=C(/C=C2\C(=O)C(/C=C3/N(CCCCO)c4ccc(I)cc4C3(C)C)=C2O)C(C)(C)c2cc(Br)ccc21,730.505
CCCC[N+]1=C(/C=C2\C(=O)C(/C=C3/N(CCCC[N+](CC)(CC)CC)c4ccccc4C3(C)C)=C2O)C(C)(C)c2cc(Br)ccc21,688.795
CCCC[N+]1=C(/C=C2\C(=O)C(/C=C3/N(CCCC[N+](CC)(CC)CC)c4ccc(Br)cc4C3(C)C)=C2O)C(C)(C)c2cc(Br)ccc21,767.691
CCCC[N+]1=C(/C=C2\C(=O)C(/C=C3/N(CCCC[N+](CC)(CC)CC)c4ccc(I)cc4C3(C)C)=C2O)C(C)(C)c2cc(Br)ccc21,814.691
CCCC[N+]1=C(/C=C2\C(=O)C(/C=C3/N(CCCCS(=O)(=O)O)c4ccccc4C3(C)C)=C2O)C(C)(C)c2cc(Br)ccc21,668.674
CCCC[N+]1=C(/C=C2\C(=O)C(/C=C3/N(CCCCS(=O)(=O)O)c4ccc(Br)cc4C3(C)C)=C2O)C(C)(C)c2cc(Br)ccc21,747.57
CCCC[N+]1=C(/C=C2\C(=O)C(/C=C3/N(CCCCS(=O)(=O)O)c4ccc(I)cc4C3(C)C)=C2O)C(C)(C)c2cc(Br)ccc21,794.57
CCCC[N+]1=C(/C=C2\C(=O)C(/C=C3/N(Cc4ccccc4)c4ccccc4C3(C)C)=C2O)C(C)(C)c2cc(Br)ccc21,622.627
CCCC[N+]1=C(/C=C2\C(=O)C(/C=C3/N(Cc4ccccc4)c4ccc(Br)cc4C3(C)C)=C2O)C(C)(C)c2cc(Br)ccc21,701.523
CCCC[N+]1=C(/C=C2\C(=O)C(/C=C3/N(Cc4ccccc4)c4ccc(I)cc4C3(C)C)=C2O)C(C)(C)c2cc(Br)ccc21,748.523
CCCC[N+]1=C(/C=C2\C(=O)C(/C=C3/N(Cc4ccsc4)c4ccccc4C3(C)C)=C2O)C(C)(C)c2cc(Br)ccc21,628.656
CCCC[N+]1=C(/C=C2\C(=O)C(/C=C3/N(Cc4ccsc4)c4ccc(Br)cc4C3(C)C)=C2O)C(C)(C)c2cc(Br)ccc21,707.552
CCCC[N+]1=C(/C=C2\C(=O)C(/C=C3/N(Cc4ccsc4)c4ccc(I)cc4C3(C)C)=C2O)C(C)(C)c2cc(Br)ccc21,754.552
CCCC[N+]1=C(/C=C2\C(=O)C(/C=C3/N(CC)c4ccccc4C3(C)C)=C2O)C(C)(C)c2cc(I)ccc21,607.556
CCCC[N+]1=C(/C=C2\C(=O)C(/C=C3/N(CC)c4ccc(Br)cc4C3(C)C)=C2O)C(C)(C)c2cc(I)ccc21,686.452
CCCC[N+]1=C(/C=C2\C(=O)C(/C=C3/N(CC)c4ccc(I)cc4C3(C)C)=C2O)C(C)(C)c2cc(I)ccc21,733.452
CCCCN1/C(=C/C2=C(O)/C(=C/C3=[N+](CCCC)c4ccc(I)cc4C3(C)C)C2=O)C(C)(C)c2ccccc21,635.61
CCCCN1/C(=C/C2=C(O)/C(=C/C3=[N+](CCCC)c4ccc(I)cc4C3(C)C)C2=O)C(C)(C)c2cc(Br)ccc21,714.506
CCCCN1/C(=C/C2=C(O)/C(=C/C3=[N+](CCCC)c4ccc(I)cc4C3(C)C)C2=O)C(C)(C)c2cc(I)ccc21,761.506
CCCC[N+]1=C(/C=C2\C(=O)C(/C=C3/N(CCCCN)c4ccccc4C3(C)C)=C2O)C(C)(C)c2cc(I)ccc21,650.625
CCCC[N+]1=C(/C=C2\C(=O)C(/C=C3/N(CCCCN)c4ccc(Br)cc4C3(C)C)=C2O)C(C)(C)c2cc(I)ccc21,729.521
CCCC[N+]1=C(/C=C2\C(=O)C(/C=C3/N(CCCCN)c4ccc(I)cc4C3(C)C)=C2O)C(C)(C)c2cc(I)ccc21,776.521
CCCC[N+]1=C(/C=C2\C(=O)C(/C=C3/N(CCCCO)c4ccccc4C3(C)C)=C2O)C(C)(C)c2cc(I)ccc21,651.609
CCCC[N+]1=C(/C=C2\C(=O)C(/C=C3/N(CCCCO)c4ccc(Br)cc4C3(C)C)=C2O)C(C)(C)c2cc(I)ccc21,730.505
CCCC[N+]1=C(/C=C2\C(=O)C(/C=C3/N(CCCCO)c4ccc(I)cc4C3(C)C)=C2O)C(C)(C)c2cc(I)ccc21,777.505
CCCC[N+]1=C(/C=C2\C(=O)C(/C=C3/N(CCCC[N+](CC)(CC)CC)c4ccccc4C3(C)C)=C2O)C(C)(C)c2cc(I)ccc21,735.795
CCCC[N+]1=C(/C=C2\C(=O)C(/C=C3/N(CCCC[N+](CC)(CC)CC)c4ccc(Br)cc4C3(C)C)=C2O)C(C)(C)c2cc(I)ccc21,814.691
CCCC[N+]1=C(/C=C2\C(=O)C(/C=C3/N(CCCC[N+](CC)(CC)CC)c4ccc(I)cc4C3(C)C)=C2O)C(C)(C)c2cc(I)ccc21,861.691
CCCC[N+]1=C(/C=C2\C(=O)C(/C=C3/N(CCCCS(=O)(=O)O)c4ccccc4C3(C)C)=C2O)C(C)(C)c2cc(I)ccc21,715.674
CCCC[N+]1=C(/C=C2\C(=O)C(/C=C3/N(CCCCS(=O)(=O)O)c4ccc(Br)cc4C3(C)C)=C2O)C(C)(C)c2cc(I)ccc21,794.57
CCCC[N+]1=C(/C=C2\C(=O)C(/C=C3/N(CCCCS(=O)(=O)O)c4ccc(I)cc4C3(C)C)=C2O)C(C)(C)c2cc(I)ccc21,841.57
CCCC[N+]1=C(/C=C2\C(=O)C(/C=C3/N(Cc4ccccc4)c4ccccc4C3(C)C)=C2O)C(C)(C)c2cc(I)ccc21,669.627
CCCC[N+]1=C(/C=C2\C(=O)C(/C=C3/N(Cc4ccccc4)c4ccc(Br)cc4C3(C)C)=C2O)C(C)(C)c2cc(I)ccc21,748.523
CCCC[N+]1=C(/C=C2\C(=O)C(/C=C3/N(Cc4ccccc4)c4ccc(I)cc4C3(C)C)=C2O)C(C)(C)c2cc(I)ccc21,795.523
CCCC[N+]1=C(/C=C2\C(=O)C(/C=C3/N(Cc4ccsc4)c4ccccc4C3(C)C)=C2O)C(C)(C)c2cc(I)ccc21,675.656
CCCC[N+]1=C(/C=C2\C(=O)C(/C=C3/N(Cc4ccsc4)c4ccc(Br)cc4C3(C)C)=C2O)C(C)(C)c2cc(I)ccc21,754.552
CCCC[N+]1=C(/C=C2\C(=O)C(/C=C3/N(Cc4ccsc4)c4ccc(I)cc4C3(C)C)=C2O)C(C)(C)c2cc(I)ccc21,801.552
CCN1/C(=C/C2=C(O)/C(=C/C3=[N+](CCCCN)c4ccccc4C3(C)C)C2=O)C(C)(C)c2ccccc21,496.675
CCN1/C(=C/C2=C(O)/C(=C/C3=[N+](CCCCN)c4ccccc4C3(C)C)C2=O)C(C)(C)c2cc(Br)ccc21,575.571
CCN1/C(=C/C2=C(O)/C(=C/C3=[N+](CCCCN)c4ccccc4C3(C)C)C2=O)C(C)(C)c2cc(I)ccc21,622.571
CCCCN1/C(=C/C2=C(O)/C(=C/C3=[N+](CCCCN)c4ccccc4C3(C)C)C2=O)C(C)(C)c2ccccc21,524.729000000001
CCCCN1/C(=C/C2=C(O)/C(=C/C3=[N+](CCCCN)c4ccccc4C3(C)C)C2=O)C(C)(C)c2cc(Br)ccc21,603.625
CCCCN1/C(=C/C2=C(O)/C(=C/C3=[N+](CCCCN)c4ccccc4C3(C)C)C2=O)C(C)(C)c2cc(I)ccc21,650.625000000001
CC1(C)C(/C=C2\C(=O)C(/C=C3/N(CCCCN)c4ccccc4C3(C)C)=C2O)=[N+](CCCCN)c2ccccc21,539.744
CC1(C)C(/C=C2\C(=O)C(/C=C3/N(CCCCN)c4ccc(Br)cc4C3(C)C)=C2O)=[N+](CCCCN)c2ccccc21,618.64
CC1(C)C(/C=C2\C(=O)C(/C=C3/N(CCCCN)c4ccc(I)cc4C3(C)C)=C2O)=[N+](CCCCN)c2ccccc21,665.64
CC1(C)C(/C=C2\C(=O)C(/C=C3/N(CCCCO)c4ccccc4C3(C)C)=C2O)=[N+](CCCCN)c2ccccc21,540.728000000001
CC1(C)C(/C=C2\C(=O)C(/C=C3/N(CCCCO)c4ccc(Br)cc4C3(C)C)=C2O)=[N+](CCCCN)c2ccccc21,619.624000000001
CC1(C)C(/C=C2\C(=O)C(/C=C3/N(CCCCO)c4ccc(I)cc4C3(C)C)=C2O)=[N+](CCCCN)c2ccccc21,666.624
CC[N+](CC)(CC)CCCCN1/C(=C/C2=C(O)/C(=C/C3=[N+](CCCCN)c4ccccc4C3(C)C)C2=O)C(C)(C)c2ccccc21,624.914
CC[N+](CC)(CC)CCCCN1/C(=C/C2=C(O)/C(=C/C3=[N+](CCCCN)c4ccccc4C3(C)C)C2=O)C(C)(C)c2cc(Br)ccc21,703.81
CC[N+](CC)(CC)CCCCN1/C(=C/C2=C(O)/C(=C/C3=[N+](CCCCN)c4ccccc4C3(C)C)C2=O)C(C)(C)c2cc(I)ccc21,750.81
CC1(C)C(/C=C2\C(=O)C(/C=C3/N(CCCCS(=O)(=O)O)c4ccccc4C3(C)C)=C2O)=[N+](CCCCN)c2ccccc21,604.793000000001
CC1(C)C(/C=C2\C(=O)C(/C=C3/N(CCCCS(=O)(=O)O)c4ccc(Br)cc4C3(C)C)=C2O)=[N+](CCCCN)c2ccccc21,683.689000000001
CC1(C)C(/C=C2\C(=O)C(/C=C3/N(CCCCS(=O)(=O)O)c4ccc(I)cc4C3(C)C)=C2O)=[N+](CCCCN)c2ccccc21,730.689000000001
CC1(C)C(/C=C2\C(=O)C(/C=C3/N(Cc4ccccc4)c4ccccc4C3(C)C)=C2O)=[N+](CCCCN)c2ccccc21,558.746
CC1(C)C(/C=C2\C(=O)C(/C=C3/N(Cc4ccccc4)c4ccc(Br)cc4C3(C)C)=C2O)=[N+](CCCCN)c2ccccc21,637.642
CC1(C)C(/C=C2\C(=O)C(/C=C3/N(Cc4ccccc4)c4ccc(I)cc4C3(C)C)=C2O)=[N+](CCCCN)c2ccccc21,684.642
CC1(C)C(/C=C2\C(=O)C(/C=C3/N(Cc4ccsc4)c4ccccc4C3(C)C)=C2O)=[N+](CCCCN)c2ccccc21,564.775000000001
CC1(C)C(/C=C2\C(=O)C(/C=C3/N(Cc4ccsc4)c4ccc(Br)cc4C3(C)C)=C2O)=[N+](CCCCN)c2ccccc21,643.671
CC1(C)C(/C=C2\C(=O)C(/C=C3/N(Cc4ccsc4)c4ccc(I)cc4C3(C)C)=C2O)=[N+](CCCCN)c2ccccc21,690.671
CCN1/C(=C/C2=C(O)/C(=C/C3=[N+](CCCCN)c4ccc(Br)cc4C3(C)C)C2=O)C(C)(C)c2ccccc21,575.571
CCN1/C(=C/C2=C(O)/C(=C/C3=[N+](CCCCN)c4ccc(Br)cc4C3(C)C)C2=O)C(C)(C)c2cc(Br)ccc21,654.467
CCN1/C(=C/C2=C(O)/C(=C/C3=[N+](CCCCN)c4ccc(Br)cc4C3(C)C)C2=O)C(C)(C)c2cc(I)ccc21,701.467
CCCCN1/C(=C/C2=C(O)/C(=C/C3=[N+](CCCCN)c4ccc(Br)cc4C3(C)C)C2=O)C(C)(C)c2ccccc21,603.625
CCCCN1/C(=C/C2=C(O)/C(=C/C3=[N+](CCCCN)c4ccc(Br)cc4C3(C)C)C2=O)C(C)(C)c2cc(Br)ccc21,682.521
CCCCN1/C(=C/C2=C(O)/C(=C/C3=[N+](CCCCN)c4ccc(Br)cc4C3(C)C)C2=O)C(C)(C)c2cc(I)ccc21,729.521
CC1(C)C(/C=C2\C(=O)C(/C=C3/N(CCCCN)c4ccccc4C3(C)C)=C2O)=[N+](CCCCN)c2ccc(Br)cc21,618.64
CC1(C)C(/C=C2\C(=O)C(/C=C3/N(CCCCN)c4ccc(Br)cc4C3(C)C)=C2O)=[N+](CCCCN)c2ccc(Br)cc21,697.536
CC1(C)C(/C=C2\C(=O)C(/C=C3/N(CCCCN)c4ccc(I)cc4C3(C)C)=C2O)=[N+](CCCCN)c2ccc(Br)cc21,744.536
CC1(C)C(/C=C2\C(=O)C(/C=C3/N(CCCCO)c4ccccc4C3(C)C)=C2O)=[N+](CCCCN)c2ccc(Br)cc21,619.624
CC1(C)C(/C=C2\C(=O)C(/C=C3/N(CCCCO)c4ccc(Br)cc4C3(C)C)=C2O)=[N+](CCCCN)c2ccc(Br)cc21,698.52
CC1(C)C(/C=C2\C(=O)C(/C=C3/N(CCCCO)c4ccc(I)cc4C3(C)C)=C2O)=[N+](CCCCN)c2ccc(Br)cc21,745.52
CC[N+](CC)(CC)CCCCN1/C(=C/C2=C(O)/C(=C/C3=[N+](CCCCN)c4ccc(Br)cc4C3(C)C)C2=O)C(C)(C)c2ccccc21,703.81
CC[N+](CC)(CC)CCCCN1/C(=C/C2=C(O)/C(=C/C3=[N+](CCCCN)c4ccc(Br)cc4C3(C)C)C2=O)C(C)(C)c2cc(Br)ccc21,782.706
CC[N+](CC)(CC)CCCCN1/C(=C/C2=C(O)/C(=C/C3=[N+](CCCCN)c4ccc(Br)cc4C3(C)C)C2=O)C(C)(C)c2cc(I)ccc21,829.706
CC1(C)C(/C=C2\C(=O)C(/C=C3/N(CCCCS(=O)(=O)O)c4ccccc4C3(C)C)=C2O)=[N+](CCCCN)c2ccc(Br)cc21,683.689
CC1(C)C(/C=C2\C(=O)C(/C=C3/N(CCCCS(=O)(=O)O)c4ccc(Br)cc4C3(C)C)=C2O)=[N+](CCCCN)c2ccc(Br)cc21,762.585
CC1(C)C(/C=C2\C(=O)C(/C=C3/N(CCCCS(=O)(=O)O)c4ccc(I)cc4C3(C)C)=C2O)=[N+](CCCCN)c2ccc(Br)cc21,809.585
CC1(C)C(/C=C2\C(=O)C(/C=C3/N(Cc4ccccc4)c4ccccc4C3(C)C)=C2O)=[N+](CCCCN)c2ccc(Br)cc21,637.642
CC1(C)C(/C=C2\C(=O)C(/C=C3/N(Cc4ccccc4)c4ccc(Br)cc4C3(C)C)=C2O)=[N+](CCCCN)c2ccc(Br)cc21,716.538
CC1(C)C(/C=C2\C(=O)C(/C=C3/N(Cc4ccccc4)c4ccc(I)cc4C3(C)C)=C2O)=[N+](CCCCN)c2ccc(Br)cc21,763.538
CC1(C)C(/C=C2\C(=O)C(/C=C3/N(Cc4ccsc4)c4ccccc4C3(C)C)=C2O)=[N+](CCCCN)c2ccc(Br)cc21,643.671
CC1(C)C(/C=C2\C(=O)C(/C=C3/N(Cc4ccsc4)c4ccc(Br)cc4C3(C)C)=C2O)=[N+](CCCCN)c2ccc(Br)cc21,722.567
CC1(C)C(/C=C2\C(=O)C(/C=C3/N(Cc4ccsc4)c4ccc(I)cc4C3(C)C)=C2O)=[N+](CCCCN)c2ccc(Br)cc21,769.567
CCN1/C(=C/C2=C(O)/C(=C/C3=[N+](CCCCN)c4ccc(I)cc4C3(C)C)C2=O)C(C)(C)c2ccccc21,622.571
CCN1/C(=C/C2=C(O)/C(=C/C3=[N+](CCCCN)c4ccc(I)cc4C3(C)C)C2=O)C(C)(C)c2cc(Br)ccc21,701.467
CCN1/C(=C/C2=C(O)/C(=C/C3=[N+](CCCCN)c4ccc(I)cc4C3(C)C)C2=O)C(C)(C)c2cc(I)ccc21,748.467
CCCCN1/C(=C/C2=C(O)/C(=C/C3=[N+](CCCCN)c4ccc(I)cc4C3(C)C)C2=O)C(C)(C)c2ccccc21,650.625
CCCCN1/C(=C/C2=C(O)/C(=C/C3=[N+](CCCCN)c4ccc(I)cc4C3(C)C)C2=O)C(C)(C)c2cc(Br)ccc21,729.521
CCCCN1/C(=C/C2=C(O)/C(=C/C3=[N+](CCCCN)c4ccc(I)cc4C3(C)C)C2=O)C(C)(C)c2cc(I)ccc21,776.521
CC1(C)C(/C=C2\C(=O)C(/C=C3/N(CCCCN)c4ccccc4C3(C)C)=C2O)=[N+](CCCCN)c2ccc(I)cc21,665.64
CC1(C)C(/C=C2\C(=O)C(/C=C3/N(CCCCN)c4ccc(Br)cc4C3(C)C)=C2O)=[N+](CCCCN)c2ccc(I)cc21,744.536
CC1(C)C(/C=C2\C(=O)C(/C=C3/N(CCCCN)c4ccc(I)cc4C3(C)C)=C2O)=[N+](CCCCN)c2ccc(I)cc21,791.536
CC1(C)C(/C=C2\C(=O)C(/C=C3/N(CCCCO)c4ccccc4C3(C)C)=C2O)=[N+](CCCCN)c2ccc(I)cc21,666.624
CC1(C)C(/C=C2\C(=O)C(/C=C3/N(CCCCO)c4ccc(Br)cc4C3(C)C)=C2O)=[N+](CCCCN)c2ccc(I)cc21,745.52
CC1(C)C(/C=C2\C(=O)C(/C=C3/N(CCCCO)c4ccc(I)cc4C3(C)C)=C2O)=[N+](CCCCN)c2ccc(I)cc21,792.52
CC[N+](CC)(CC)CCCCN1/C(=C/C2=C(O)/C(=C/C3=[N+](CCCCN)c4ccc(I)cc4C3(C)C)C2=O)C(C)(C)c2ccccc21,750.81
CC[N+](CC)(CC)CCCCN1/C(=C/C2=C(O)/C(=C/C3=[N+](CCCCN)c4ccc(I)cc4C3(C)C)C2=O)C(C)(C)c2cc(Br)ccc21,829.706
CC[N+](CC)(CC)CCCCN1/C(=C/C2=C(O)/C(=C/C3=[N+](CCCCN)c4ccc(I)cc4C3(C)C)C2=O)C(C)(C)c2cc(I)ccc21,876.706
CC1(C)C(/C=C2\C(=O)C(/C=C3/N(CCCCS(=O)(=O)O)c4ccccc4C3(C)C)=C2O)=[N+](CCCCN)c2ccc(I)cc21,730.689
CC1(C)C(/C=C2\C(=O)C(/C=C3/N(CCCCS(=O)(=O)O)c4ccc(Br)cc4C3(C)C)=C2O)=[N+](CCCCN)c2ccc(I)cc21,809.585
CC1(C)C(/C=C2\C(=O)C(/C=C3/N(CCCCS(=O)(=O)O)c4ccc(I)cc4C3(C)C)=C2O)=[N+](CCCCN)c2ccc(I)cc21,856.585
CC1(C)C(/C=C2\C(=O)C(/C=C3/N(Cc4ccccc4)c4ccccc4C3(C)C)=C2O)=[N+](CCCCN)c2ccc(I)cc21,684.642
CC1(C)C(/C=C2\C(=O)C(/C=C3/N(Cc4ccccc4)c4ccc(Br)cc4C3(C)C)=C2O)=[N+](CCCCN)c2ccc(I)cc21,763.538
CC1(C)C(/C=C2\C(=O)C(/C=C3/N(Cc4ccccc4)c4ccc(I)cc4C3(C)C)=C2O)=[N+](CCCCN)c2ccc(I)cc21,810.538
CC1(C)C(/C=C2\C(=O)C(/C=C3/N(Cc4ccsc4)c4ccccc4C3(C)C)=C2O)=[N+](CCCCN)c2ccc(I)cc21,690.671
CC1(C)C(/C=C2\C(=O)C(/C=C3/N(Cc4ccsc4)c4ccc(Br)cc4C3(C)C)=C2O)=[N+](CCCCN)c2ccc(I)cc21,769.567
CC1(C)C(/C=C2\C(=O)C(/C=C3/N(Cc4ccsc4)c4ccc(I)cc4C3(C)C)=C2O)=[N+](CCCCN)c2ccc(I)cc21,816.567
CCN1/C(=C/C2=C(O)/C(=C/C3=[N+](CCCCO)c4ccccc4C3(C)C)C2=O)C(C)(C)c2ccccc21,497.659
CCN1/C(=C/C2=C(O)/C(=C/C3=[N+](CCCCO)c4ccccc4C3(C)C)C2=O)C(C)(C)c2cc(Br)ccc21,576.555
CCN1/C(=C/C2=C(O)/C(=C/C3=[N+](CCCCO)c4ccccc4C3(C)C)C2=O)C(C)(C)c2cc(I)ccc21,623.555
CCCCN1/C(=C/C2=C(O)/C(=C/C3=[N+](CCCCO)c4ccccc4C3(C)C)C2=O)C(C)(C)c2ccccc21,525.713
CCCCN1/C(=C/C2=C(O)/C(=C/C3=[N+](CCCCO)c4ccccc4C3(C)C)C2=O)C(C)(C)c2cc(Br)ccc21,604.609
CCCCN1/C(=C/C2=C(O)/C(=C/C3=[N+](CCCCO)c4ccccc4C3(C)C)C2=O)C(C)(C)c2cc(I)ccc21,651.609
CC1(C)C(/C=C2\C(=O)C(/C=C3/N(CCCCN)c4ccccc4C3(C)C)=C2O)=[N+](CCCCO)c2ccccc21,540.728
CC1(C)C(/C=C2\C(=O)C(/C=C3/N(CCCCN)c4ccc(Br)cc4C3(C)C)=C2O)=[N+](CCCCO)c2ccccc21,619.624
CC1(C)C(/C=C2\C(=O)C(/C=C3/N(CCCCN)c4ccc(I)cc4C3(C)C)=C2O)=[N+](CCCCO)c2ccccc21,666.624
CC1(C)C(/C=C2\C(=O)C(/C=C3/N(CCCCO)c4ccccc4C3(C)C)=C2O)=[N+](CCCCO)c2ccccc21,541.712
CC1(C)C(/C=C2\C(=O)C(/C=C3/N(CCCCO)c4ccc(Br)cc4C3(C)C)=C2O)=[N+](CCCCO)c2ccccc21,620.608
CC1(C)C(/C=C2\C(=O)C(/C=C3/N(CCCCO)c4ccc(I)cc4C3(C)C)=C2O)=[N+](CCCCO)c2ccccc21,667.608
CC[N+](CC)(CC)CCCCN1/C(=C/C2=C(O)/C(=C/C3=[N+](CCCCO)c4ccccc4C3(C)C)C2=O)C(C)(C)c2ccccc21,625.898
CC[N+](CC)(CC)CCCCN1/C(=C/C2=C(O)/C(=C/C3=[N+](CCCCO)c4ccccc4C3(C)C)C2=O)C(C)(C)c2cc(Br)ccc21,704.794
CC[N+](CC)(CC)CCCCN1/C(=C/C2=C(O)/C(=C/C3=[N+](CCCCO)c4ccccc4C3(C)C)C2=O)C(C)(C)c2cc(I)ccc21,751.794
CC1(C)C(/C=C2\C(=O)C(/C=C3/N(CCCCS(=O)(=O)O)c4ccccc4C3(C)C)=C2O)=[N+](CCCCO)c2ccccc21,605.777000000001
CC1(C)C(/C=C2\C(=O)C(/C=C3/N(CCCCS(=O)(=O)O)c4ccc(Br)cc4C3(C)C)=C2O)=[N+](CCCCO)c2ccccc21,684.673
CC1(C)C(/C=C2\C(=O)C(/C=C3/N(CCCCS(=O)(=O)O)c4ccc(I)cc4C3(C)C)=C2O)=[N+](CCCCO)c2ccccc21,731.673
CC1(C)C(/C=C2\C(=O)C(/C=C3/N(Cc4ccccc4)c4ccccc4C3(C)C)=C2O)=[N+](CCCCO)c2ccccc21,559.730000000001
CC1(C)C(/C=C2\C(=O)C(/C=C3/N(Cc4ccccc4)c4ccc(Br)cc4C3(C)C)=C2O)=[N+](CCCCO)c2ccccc21,638.626
CC1(C)C(/C=C2\C(=O)C(/C=C3/N(Cc4ccccc4)c4ccc(I)cc4C3(C)C)=C2O)=[N+](CCCCO)c2ccccc21,685.626
CC1(C)C(/C=C2\C(=O)C(/C=C3/N(Cc4ccsc4)c4ccccc4C3(C)C)=C2O)=[N+](CCCCO)c2ccccc21,565.759
CC1(C)C(/C=C2\C(=O)C(/C=C3/N(Cc4ccsc4)c4ccc(Br)cc4C3(C)C)=C2O)=[N+](CCCCO)c2ccccc21,644.655
CC1(C)C(/C=C2\C(=O)C(/C=C3/N(Cc4ccsc4)c4ccc(I)cc4C3(C)C)=C2O)=[N+](CCCCO)c2ccccc21,691.655
CCN1/C(=C/C2=C(O)/C(=C/C3=[N+](CCCCO)c4ccc(Br)cc4C3(C)C)C2=O)C(C)(C)c2ccccc21,576.555
CCN1/C(=C/C2=C(O)/C(=C/C3=[N+](CCCCO)c4ccc(Br)cc4C3(C)C)C2=O)C(C)(C)c2cc(Br)ccc21,655.451
CCN1/C(=C/C2=C(O)/C(=C/C3=[N+](CCCCO)c4ccc(Br)cc4C3(C)C)C2=O)C(C)(C)c2cc(I)ccc21,702.451
CCCCN1/C(=C/C2=C(O)/C(=C/C3=[N+](CCCCO)c4ccc(Br)cc4C3(C)C)C2=O)C(C)(C)c2ccccc21,604.609
CCCCN1/C(=C/C2=C(O)/C(=C/C3=[N+](CCCCO)c4ccc(Br)cc4C3(C)C)C2=O)C(C)(C)c2cc(Br)ccc21,683.505
CCCCN1/C(=C/C2=C(O)/C(=C/C3=[N+](CCCCO)c4ccc(Br)cc4C3(C)C)C2=O)C(C)(C)c2cc(I)ccc21,730.505
CC1(C)C(/C=C2\C(=O)C(/C=C3/N(CCCCN)c4ccccc4C3(C)C)=C2O)=[N+](CCCCO)c2ccc(Br)cc21,619.624
CC1(C)C(/C=C2\C(=O)C(/C=C3/N(CCCCN)c4ccc(Br)cc4C3(C)C)=C2O)=[N+](CCCCO)c2ccc(Br)cc21,698.52
CC1(C)C(/C=C2\C(=O)C(/C=C3/N(CCCCN)c4ccc(I)cc4C3(C)C)=C2O)=[N+](CCCCO)c2ccc(Br)cc21,745.52
CC1(C)C(/C=C2\C(=O)C(/C=C3/N(CCCCO)c4ccccc4C3(C)C)=C2O)=[N+](CCCCO)c2ccc(Br)cc21,620.608
CC1(C)C(/C=C2\C(=O)C(/C=C3/N(CCCCO)c4ccc(Br)cc4C3(C)C)=C2O)=[N+](CCCCO)c2ccc(Br)cc21,699.504
CC1(C)C(/C=C2\C(=O)C(/C=C3/N(CCCCO)c4ccc(I)cc4C3(C)C)=C2O)=[N+](CCCCO)c2ccc(Br)cc21,746.504
CC[N+](CC)(CC)CCCCN1/C(=C/C2=C(O)/C(=C/C3=[N+](CCCCO)c4ccc(Br)cc4C3(C)C)C2=O)C(C)(C)c2ccccc21,704.794
CC[N+](CC)(CC)CCCCN1/C(=C/C2=C(O)/C(=C/C3=[N+](CCCCO)c4ccc(Br)cc4C3(C)C)C2=O)C(C)(C)c2cc(Br)ccc21,783.69
CC[N+](CC)(CC)CCCCN1/C(=C/C2=C(O)/C(=C/C3=[N+](CCCCO)c4ccc(Br)cc4C3(C)C)C2=O)C(C)(C)c2cc(I)ccc21,830.69
CC1(C)C(/C=C2\C(=O)C(/C=C3/N(CCCCS(=O)(=O)O)c4ccccc4C3(C)C)=C2O)=[N+](CCCCO)c2ccc(Br)cc21,684.673
CC1(C)C(/C=C2\C(=O)C(/C=C3/N(CCCCS(=O)(=O)O)c4ccc(Br)cc4C3(C)C)=C2O)=[N+](CCCCO)c2ccc(Br)cc21,763.569
CC1(C)C(/C=C2\C(=O)C(/C=C3/N(CCCCS(=O)(=O)O)c4ccc(I)cc4C3(C)C)=C2O)=[N+](CCCCO)c2ccc(Br)cc21,810.569
CC1(C)C(/C=C2\C(=O)C(/C=C3/N(Cc4ccccc4)c4ccccc4C3(C)C)=C2O)=[N+](CCCCO)c2ccc(Br)cc21,638.626
CC1(C)C(/C=C2\C(=O)C(/C=C3/N(Cc4ccccc4)c4ccc(Br)cc4C3(C)C)=C2O)=[N+](CCCCO)c2ccc(Br)cc21,717.522
CC1(C)C(/C=C2\C(=O)C(/C=C3/N(Cc4ccccc4)c4ccc(I)cc4C3(C)C)=C2O)=[N+](CCCCO)c2ccc(Br)cc21,764.522
CC1(C)C(/C=C2\C(=O)C(/C=C3/N(Cc4ccsc4)c4ccccc4C3(C)C)=C2O)=[N+](CCCCO)c2ccc(Br)cc21,644.655
CC1(C)C(/C=C2\C(=O)C(/C=C3/N(Cc4ccsc4)c4ccc(Br)cc4C3(C)C)=C2O)=[N+](CCCCO)c2ccc(Br)cc21,723.551
CC1(C)C(/C=C2\C(=O)C(/C=C3/N(Cc4ccsc4)c4ccc(I)cc4C3(C)C)=C2O)=[N+](CCCCO)c2ccc(Br)cc21,770.551
CCN1/C(=C/C2=C(O)/C(=C/C3=[N+](CCCCO)c4ccc(I)cc4C3(C)C)C2=O)C(C)(C)c2ccccc21,623.555
CCN1/C(=C/C2=C(O)/C(=C/C3=[N+](CCCCO)c4ccc(I)cc4C3(C)C)C2=O)C(C)(C)c2cc(Br)ccc21,702.451
CCN1/C(=C/C2=C(O)/C(=C/C3=[N+](CCCCO)c4ccc(I)cc4C3(C)C)C2=O)C(C)(C)c2cc(I)ccc21,749.451
CCCCN1/C(=C/C2=C(O)/C(=C/C3=[N+](CCCCO)c4ccc(I)cc4C3(C)C)C2=O)C(C)(C)c2ccccc21,651.609
CCCCN1/C(=C/C2=C(O)/C(=C/C3=[N+](CCCCO)c4ccc(I)cc4C3(C)C)C2=O)C(C)(C)c2cc(Br)ccc21,730.505
CCCCN1/C(=C/C2=C(O)/C(=C/C3=[N+](CCCCO)c4ccc(I)cc4C3(C)C)C2=O)C(C)(C)c2cc(I)ccc21,777.505
CC1(C)C(/C=C2\C(=O)C(/C=C3/N(CCCCN)c4ccccc4C3(C)C)=C2O)=[N+](CCCCO)c2ccc(I)cc21,666.624
CC1(C)C(/C=C2\C(=O)C(/C=C3/N(CCCCN)c4ccc(Br)cc4C3(C)C)=C2O)=[N+](CCCCO)c2ccc(I)cc21,745.52
CC1(C)C(/C=C2\C(=O)C(/C=C3/N(CCCCN)c4ccc(I)cc4C3(C)C)=C2O)=[N+](CCCCO)c2ccc(I)cc21,792.52
CC1(C)C(/C=C2\C(=O)C(/C=C3/N(CCCCO)c4ccccc4C3(C)C)=C2O)=[N+](CCCCO)c2ccc(I)cc21,667.608
CC1(C)C(/C=C2\C(=O)C(/C=C3/N(CCCCO)c4ccc(Br)cc4C3(C)C)=C2O)=[N+](CCCCO)c2ccc(I)cc21,746.504
CC1(C)C(/C=C2\C(=O)C(/C=C3/N(CCCCO)c4ccc(I)cc4C3(C)C)=C2O)=[N+](CCCCO)c2ccc(I)cc21,793.504
CC[N+](CC)(CC)CCCCN1/C(=C/C2=C(O)/C(=C/C3=[N+](CCCCO)c4ccc(I)cc4C3(C)C)C2=O)C(C)(C)c2ccccc21,751.794
CC[N+](CC)(CC)CCCCN1/C(=C/C2=C(O)/C(=C/C3=[N+](CCCCO)c4ccc(I)cc4C3(C)C)C2=O)C(C)(C)c2cc(Br)ccc21,830.69
CC[N+](CC)(CC)CCCCN1/C(=C/C2=C(O)/C(=C/C3=[N+](CCCCO)c4ccc(I)cc4C3(C)C)C2=O)C(C)(C)c2cc(I)ccc21,877.69
CC1(C)C(/C=C2\C(=O)C(/C=C3/N(CCCCS(=O)(=O)O)c4ccccc4C3(C)C)=C2O)=[N+](CCCCO)c2ccc(I)cc21,731.673
CC1(C)C(/C=C2\C(=O)C(/C=C3/N(CCCCS(=O)(=O)O)c4ccc(Br)cc4C3(C)C)=C2O)=[N+](CCCCO)c2ccc(I)cc21,810.569
CC1(C)C(/C=C2\C(=O)C(/C=C3/N(CCCCS(=O)(=O)O)c4ccc(I)cc4C3(C)C)=C2O)=[N+](CCCCO)c2ccc(I)cc21,857.569
CC1(C)C(/C=C2\C(=O)C(/C=C3/N(Cc4ccccc4)c4ccccc4C3(C)C)=C2O)=[N+](CCCCO)c2ccc(I)cc21,685.626
CC1(C)C(/C=C2\C(=O)C(/C=C3/N(Cc4ccccc4)c4ccc(Br)cc4C3(C)C)=C2O)=[N+](CCCCO)c2ccc(I)cc21,764.522
CC1(C)C(/C=C2\C(=O)C(/C=C3/N(Cc4ccccc4)c4ccc(I)cc4C3(C)C)=C2O)=[N+](CCCCO)c2ccc(I)cc21,811.522
CC1(C)C(/C=C2\C(=O)C(/C=C3/N(Cc4ccsc4)c4ccccc4C3(C)C)=C2O)=[N+](CCCCO)c2ccc(I)cc21,691.655
CC1(C)C(/C=C2\C(=O)C(/C=C3/N(Cc4ccsc4)c4ccc(Br)cc4C3(C)C)=C2O)=[N+](CCCCO)c2ccc(I)cc21,770.551
CC1(C)C(/C=C2\C(=O)C(/C=C3/N(Cc4ccsc4)c4ccc(I)cc4C3(C)C)=C2O)=[N+](CCCCO)c2ccc(I)cc21,817.551
CCN1/C(=C/C2=C(O)/C(=C/C3=[N+](CCCC[N+](CC)(CC)CC)c4ccccc4C3(C)C)C2=O)C(C)(C)c2ccccc21,581.845
CCN1/C(=C/C2=C(O)/C(=C/C3=[N+](CCCC[N+](CC)(CC)CC)c4ccccc4C3(C)C)C2=O)C(C)(C)c2cc(Br)ccc21,660.741
CCN1/C(=C/C2=C(O)/C(=C/C3=[N+](CCCC[N+](CC)(CC)CC)c4ccccc4C3(C)C)C2=O)C(C)(C)c2cc(I)ccc21,707.741
CCCCN1/C(=C/C2=C(O)/C(=C/C3=[N+](CCCC[N+](CC)(CC)CC)c4ccccc4C3(C)C)C2=O)C(C)(C)c2ccccc21,609.899
CCCCN1/C(=C/C2=C(O)/C(=C/C3=[N+](CCCC[N+](CC)(CC)CC)c4ccccc4C3(C)C)C2=O)C(C)(C)c2cc(Br)ccc21,688.795
CCCCN1/C(=C/C2=C(O)/C(=C/C3=[N+](CCCC[N+](CC)(CC)CC)c4ccccc4C3(C)C)C2=O)C(C)(C)c2cc(I)ccc21,735.795
CC[N+](CC)(CC)CCCC[N+]1=C(/C=C2\C(=O)C(/C=C3/N(CCCCN)c4ccccc4C3(C)C)=C2O)C(C)(C)c2ccccc21,624.914
CC[N+](CC)(CC)CCCC[N+]1=C(/C=C2\C(=O)C(/C=C3/N(CCCCN)c4ccc(Br)cc4C3(C)C)=C2O)C(C)(C)c2ccccc21,703.81
CC[N+](CC)(CC)CCCC[N+]1=C(/C=C2\C(=O)C(/C=C3/N(CCCCN)c4ccc(I)cc4C3(C)C)=C2O)C(C)(C)c2ccccc21,750.81
CC[N+](CC)(CC)CCCC[N+]1=C(/C=C2\C(=O)C(/C=C3/N(CCCCO)c4ccccc4C3(C)C)=C2O)C(C)(C)c2ccccc21,625.898
CC[N+](CC)(CC)CCCC[N+]1=C(/C=C2\C(=O)C(/C=C3/N(CCCCO)c4ccc(Br)cc4C3(C)C)=C2O)C(C)(C)c2ccccc21,704.794
CC[N+](CC)(CC)CCCC[N+]1=C(/C=C2\C(=O)C(/C=C3/N(CCCCO)c4ccc(I)cc4C3(C)C)=C2O)C(C)(C)c2ccccc21,751.794
CC[N+](CC)(CC)CCCCN1/C(=C/C2=C(O)/C(=C/C3=[N+](CCCC[N+](CC)(CC)CC)c4ccccc4C3(C)C)C2=O)C(C)(C)c2ccccc21,710.084
CC[N+](CC)(CC)CCCCN1/C(=C/C2=C(O)/C(=C/C3=[N+](CCCC[N+](CC)(CC)CC)c4ccccc4C3(C)C)C2=O)C(C)(C)c2cc(Br)ccc21,788.98
CC[N+](CC)(CC)CCCCN1/C(=C/C2=C(O)/C(=C/C3=[N+](CCCC[N+](CC)(CC)CC)c4ccccc4C3(C)C)C2=O)C(C)(C)c2cc(I)ccc21,835.98
CC[N+](CC)(CC)CCCC[N+]1=C(/C=C2\C(=O)C(/C=C3/N(CCCCS(=O)(=O)O)c4ccccc4C3(C)C)=C2O)C(C)(C)c2ccccc21,689.963
CC[N+](CC)(CC)CCCC[N+]1=C(/C=C2\C(=O)C(/C=C3/N(CCCCS(=O)(=O)O)c4ccc(Br)cc4C3(C)C)=C2O)C(C)(C)c2ccccc21,768.859
CC[N+](CC)(CC)CCCC[N+]1=C(/C=C2\C(=O)C(/C=C3/N(CCCCS(=O)(=O)O)c4ccc(I)cc4C3(C)C)=C2O)C(C)(C)c2ccccc21,815.859
CC[N+](CC)(CC)CCCC[N+]1=C(/C=C2\C(=O)C(/C=C3/N(Cc4ccccc4)c4ccccc4C3(C)C)=C2O)C(C)(C)c2ccccc21,643.916
CC[N+](CC)(CC)CCCC[N+]1=C(/C=C2\C(=O)C(/C=C3/N(Cc4ccccc4)c4ccc(Br)cc4C3(C)C)=C2O)C(C)(C)c2ccccc21,722.812
CC[N+](CC)(CC)CCCC[N+]1=C(/C=C2\C(=O)C(/C=C3/N(Cc4ccccc4)c4ccc(I)cc4C3(C)C)=C2O)C(C)(C)c2ccccc21,769.812
CC[N+](CC)(CC)CCCC[N+]1=C(/C=C2\C(=O)C(/C=C3/N(Cc4ccsc4)c4ccccc4C3(C)C)=C2O)C(C)(C)c2ccccc21,649.945
CC[N+](CC)(CC)CCCC[N+]1=C(/C=C2\C(=O)C(/C=C3/N(Cc4ccsc4)c4ccc(Br)cc4C3(C)C)=C2O)C(C)(C)c2ccccc21,728.841
CC[N+](CC)(CC)CCCC[N+]1=C(/C=C2\C(=O)C(/C=C3/N(Cc4ccsc4)c4ccc(I)cc4C3(C)C)=C2O)C(C)(C)c2ccccc21,775.841
CCN1/C(=C/C2=C(O)/C(=C/C3=[N+](CCCC[N+](CC)(CC)CC)c4ccc(Br)cc4C3(C)C)C2=O)C(C)(C)c2ccccc21,660.741
CCN1/C(=C/C2=C(O)/C(=C/C3=[N+](CCCC[N+](CC)(CC)CC)c4ccc(Br)cc4C3(C)C)C2=O)C(C)(C)c2cc(Br)ccc21,739.637
CCN1/C(=C/C2=C(O)/C(=C/C3=[N+](CCCC[N+](CC)(CC)CC)c4ccc(Br)cc4C3(C)C)C2=O)C(C)(C)c2cc(I)ccc21,786.637
CCCCN1/C(=C/C2=C(O)/C(=C/C3=[N+](CCCC[N+](CC)(CC)CC)c4ccc(Br)cc4C3(C)C)C2=O)C(C)(C)c2ccccc21,688.795
CCCCN1/C(=C/C2=C(O)/C(=C/C3=[N+](CCCC[N+](CC)(CC)CC)c4ccc(Br)cc4C3(C)C)C2=O)C(C)(C)c2cc(Br)ccc21,767.691
CCCCN1/C(=C/C2=C(O)/C(=C/C3=[N+](CCCC[N+](CC)(CC)CC)c4ccc(Br)cc4C3(C)C)C2=O)C(C)(C)c2cc(I)ccc21,814.691
CC[N+](CC)(CC)CCCC[N+]1=C(/C=C2\C(=O)C(/C=C3/N(CCCCN)c4ccccc4C3(C)C)=C2O)C(C)(C)c2cc(Br)ccc21,703.81
CC[N+](CC)(CC)CCCC[N+]1=C(/C=C2\C(=O)C(/C=C3/N(CCCCN)c4ccc(Br)cc4C3(C)C)=C2O)C(C)(C)c2cc(Br)ccc21,782.706
CC[N+](CC)(CC)CCCC[N+]1=C(/C=C2\C(=O)C(/C=C3/N(CCCCN)c4ccc(I)cc4C3(C)C)=C2O)C(C)(C)c2cc(Br)ccc21,829.706
CC[N+](CC)(CC)CCCC[N+]1=C(/C=C2\C(=O)C(/C=C3/N(CCCCO)c4ccccc4C3(C)C)=C2O)C(C)(C)c2cc(Br)ccc21,704.794
CC[N+](CC)(CC)CCCC[N+]1=C(/C=C2\C(=O)C(/C=C3/N(CCCCO)c4ccc(Br)cc4C3(C)C)=C2O)C(C)(C)c2cc(Br)ccc21,783.69
CC[N+](CC)(CC)CCCC[N+]1=C(/C=C2\C(=O)C(/C=C3/N(CCCCO)c4ccc(I)cc4C3(C)C)=C2O)C(C)(C)c2cc(Br)ccc21,830.69
CC[N+](CC)(CC)CCCCN1/C(=C/C2=C(O)/C(=C/C3=[N+](CCCC[N+](CC)(CC)CC)c4ccc(Br)cc4C3(C)C)C2=O)C(C)(C)c2ccccc21,788.98
CC[N+](CC)(CC)CCCCN1/C(=C/C2=C(O)/C(=C/C3=[N+](CCCC[N+](CC)(CC)CC)c4ccc(Br)cc4C3(C)C)C2=O)C(C)(C)c2cc(Br)ccc21,867.876
CC[N+](CC)(CC)CCCCN1/C(=C/C2=C(O)/C(=C/C3=[N+](CCCC[N+](CC)(CC)CC)c4ccc(Br)cc4C3(C)C)C2=O)C(C)(C)c2cc(I)ccc21,914.876
CC[N+](CC)(CC)CCCC[N+]1=C(/C=C2\C(=O)C(/C=C3/N(CCCCS(=O)(=O)O)c4ccccc4C3(C)C)=C2O)C(C)(C)c2cc(Br)ccc21,768.859
CC[N+](CC)(CC)CCCC[N+]1=C(/C=C2\C(=O)C(/C=C3/N(CCCCS(=O)(=O)O)c4ccc(Br)cc4C3(C)C)=C2O)C(C)(C)c2cc(Br)ccc21,847.755
CC[N+](CC)(CC)CCCC[N+]1=C(/C=C2\C(=O)C(/C=C3/N(CCCCS(=O)(=O)O)c4ccc(I)cc4C3(C)C)=C2O)C(C)(C)c2cc(Br)ccc21,894.755
CC[N+](CC)(CC)CCCC[N+]1=C(/C=C2\C(=O)C(/C=C3/N(Cc4ccccc4)c4ccccc4C3(C)C)=C2O)C(C)(C)c2cc(Br)ccc21,722.812
CC[N+](CC)(CC)CCCC[N+]1=C(/C=C2\C(=O)C(/C=C3/N(Cc4ccccc4)c4ccc(Br)cc4C3(C)C)=C2O)C(C)(C)c2cc(Br)ccc21,801.708
CC[N+](CC)(CC)CCCC[N+]1=C(/C=C2\C(=O)C(/C=C3/N(Cc4ccccc4)c4ccc(I)cc4C3(C)C)=C2O)C(C)(C)c2cc(Br)ccc21,848.708
CC[N+](CC)(CC)CCCC[N+]1=C(/C=C2\C(=O)C(/C=C3/N(Cc4ccsc4)c4ccccc4C3(C)C)=C2O)C(C)(C)c2cc(Br)ccc21,728.841
CC[N+](CC)(CC)CCCC[N+]1=C(/C=C2\C(=O)C(/C=C3/N(Cc4ccsc4)c4ccc(Br)cc4C3(C)C)=C2O)C(C)(C)c2cc(Br)ccc21,807.737
CC[N+](CC)(CC)CCCC[N+]1=C(/C=C2\C(=O)C(/C=C3/N(Cc4ccsc4)c4ccc(I)cc4C3(C)C)=C2O)C(C)(C)c2cc(Br)ccc21,854.737
CCN1/C(=C/C2=C(O)/C(=C/C3=[N+](CCCC[N+](CC)(CC)CC)c4ccc(I)cc4C3(C)C)C2=O)C(C)(C)c2ccccc21,707.741
CCN1/C(=C/C2=C(O)/C(=C/C3=[N+](CCCC[N+](CC)(CC)CC)c4ccc(I)cc4C3(C)C)C2=O)C(C)(C)c2cc(Br)ccc21,786.637
CCN1/C(=C/C2=C(O)/C(=C/C3=[N+](CCCC[N+](CC)(CC)CC)c4ccc(I)cc4C3(C)C)C2=O)C(C)(C)c2cc(I)ccc21,833.637
CCCCN1/C(=C/C2=C(O)/C(=C/C3=[N+](CCCC[N+](CC)(CC)CC)c4ccc(I)cc4C3(C)C)C2=O)C(C)(C)c2ccccc21,735.795
CCCCN1/C(=C/C2=C(O)/C(=C/C3=[N+](CCCC[N+](CC)(CC)CC)c4ccc(I)cc4C3(C)C)C2=O)C(C)(C)c2cc(Br)ccc21,814.691
CCCCN1/C(=C/C2=C(O)/C(=C/C3=[N+](CCCC[N+](CC)(CC)CC)c4ccc(I)cc4C3(C)C)C2=O)C(C)(C)c2cc(I)ccc21,861.691
CC[N+](CC)(CC)CCCC[N+]1=C(/C=C2\C(=O)C(/C=C3/N(CCCCN)c4ccccc4C3(C)C)=C2O)C(C)(C)c2cc(I)ccc21,750.81
CC[N+](CC)(CC)CCCC[N+]1=C(/C=C2\C(=O)C(/C=C3/N(CCCCN)c4ccc(Br)cc4C3(C)C)=C2O)C(C)(C)c2cc(I)ccc21,829.706
CC[N+](CC)(CC)CCCC[N+]1=C(/C=C2\C(=O)C(/C=C3/N(CCCCN)c4ccc(I)cc4C3(C)C)=C2O)C(C)(C)c2cc(I)ccc21,876.706
CC[N+](CC)(CC)CCCC[N+]1=C(/C=C2\C(=O)C(/C=C3/N(CCCCO)c4ccccc4C3(C)C)=C2O)C(C)(C)c2cc(I)ccc21,751.794
CC[N+](CC)(CC)CCCC[N+]1=C(/C=C2\C(=O)C(/C=C3/N(CCCCO)c4ccc(Br)cc4C3(C)C)=C2O)C(C)(C)c2cc(I)ccc21,830.69
CC[N+](CC)(CC)CCCC[N+]1=C(/C=C2\C(=O)C(/C=C3/N(CCCCO)c4ccc(I)cc4C3(C)C)=C2O)C(C)(C)c2cc(I)ccc21,877.69
CC[N+](CC)(CC)CCCCN1/C(=C/C2=C(O)/C(=C/C3=[N+](CCCC[N+](CC)(CC)CC)c4ccc(I)cc4C3(C)C)C2=O)C(C)(C)c2ccccc21,835.98
CC[N+](CC)(CC)CCCCN1/C(=C/C2=C(O)/C(=C/C3=[N+](CCCC[N+](CC)(CC)CC)c4ccc(I)cc4C3(C)C)C2=O)C(C)(C)c2cc(Br)ccc21,914.876
CC[N+](CC)(CC)CCCCN1/C(=C/C2=C(O)/C(=C/C3=[N+](CCCC[N+](CC)(CC)CC)c4ccc(I)cc4C3(C)C)C2=O)C(C)(C)c2cc(I)ccc21,961.876
CC[N+](CC)(CC)CCCC[N+]1=C(/C=C2\C(=O)C(/C=C3/N(CCCCS(=O)(=O)O)c4ccccc4C3(C)C)=C2O)C(C)(C)c2cc(I)ccc21,815.859
CC[N+](CC)(CC)CCCC[N+]1=C(/C=C2\C(=O)C(/C=C3/N(CCCCS(=O)(=O)O)c4ccc(Br)cc4C3(C)C)=C2O)C(C)(C)c2cc(I)ccc21,894.755
CC[N+](CC)(CC)CCCC[N+]1=C(/C=C2\C(=O)C(/C=C3/N(CCCCS(=O)(=O)O)c4ccc(I)cc4C3(C)C)=C2O)C(C)(C)c2cc(I)ccc21,941.755
CC[N+](CC)(CC)CCCC[N+]1=C(/C=C2\C(=O)C(/C=C3/N(Cc4ccccc4)c4ccccc4C3(C)C)=C2O)C(C)(C)c2cc(I)ccc21,769.812
CC[N+](CC)(CC)CCCC[N+]1=C(/C=C2\C(=O)C(/C=C3/N(Cc4ccccc4)c4ccc(Br)cc4C3(C)C)=C2O)C(C)(C)c2cc(I)ccc21,848.708
CC[N+](CC)(CC)CCCC[N+]1=C(/C=C2\C(=O)C(/C=C3/N(Cc4ccccc4)c4ccc(I)cc4C3(C)C)=C2O)C(C)(C)c2cc(I)ccc21,895.708
CC[N+](CC)(CC)CCCC[N+]1=C(/C=C2\C(=O)C(/C=C3/N(Cc4ccsc4)c4ccccc4C3(C)C)=C2O)C(C)(C)c2cc(I)ccc21,775.841
CC[N+](CC)(CC)CCCC[N+]1=C(/C=C2\C(=O)C(/C=C3/N(Cc4ccsc4)c4ccc(Br)cc4C3(C)C)=C2O)C(C)(C)c2cc(I)ccc21,854.737
CC[N+](CC)(CC)CCCC[N+]1=C(/C=C2\C(=O)C(/C=C3/N(Cc4ccsc4)c4ccc(I)cc4C3(C)C)=C2O)C(C)(C)c2cc(I)ccc21,901.737
CCN1/C(=C/C2=C(O)/C(=C/C3=[N+](CCCCS(=O)(=O)O)c4ccccc4C3(C)C)C2=O)C(C)(C)c2ccccc21,561.724
CCN1/C(=C/C2=C(O)/C(=C/C3=[N+](CCCCS(=O)(=O)O)c4ccccc4C3(C)C)C2=O)C(C)(C)c2cc(Br)ccc21,640.62
CCN1/C(=C/C2=C(O)/C(=C/C3=[N+](CCCCS(=O)(=O)O)c4ccccc4C3(C)C)C2=O)C(C)(C)c2cc(I)ccc21,687.62
CCCCN1/C(=C/C2=C(O)/C(=C/C3=[N+](CCCCS(=O)(=O)O)c4ccccc4C3(C)C)C2=O)C(C)(C)c2ccccc21,589.778
CCCCN1/C(=C/C2=C(O)/C(=C/C3=[N+](CCCCS(=O)(=O)O)c4ccccc4C3(C)C)C2=O)C(C)(C)c2cc(Br)ccc21,668.674
CCCCN1/C(=C/C2=C(O)/C(=C/C3=[N+](CCCCS(=O)(=O)O)c4ccccc4C3(C)C)C2=O)C(C)(C)c2cc(I)ccc21,715.674
CC1(C)C(/C=C2\C(=O)C(/C=C3/N(CCCCN)c4ccccc4C3(C)C)=C2O)=[N+](CCCCS(=O)(=O)O)c2ccccc21,604.793
CC1(C)C(/C=C2\C(=O)C(/C=C3/N(CCCCN)c4ccc(Br)cc4C3(C)C)=C2O)=[N+](CCCCS(=O)(=O)O)c2ccccc21,683.689
CC1(C)C(/C=C2\C(=O)C(/C=C3/N(CCCCN)c4ccc(I)cc4C3(C)C)=C2O)=[N+](CCCCS(=O)(=O)O)c2ccccc21,730.689
CC1(C)C(/C=C2\C(=O)C(/C=C3/N(CCCCO)c4ccccc4C3(C)C)=C2O)=[N+](CCCCS(=O)(=O)O)c2ccccc21,605.777
CC1(C)C(/C=C2\C(=O)C(/C=C3/N(CCCCO)c4ccc(Br)cc4C3(C)C)=C2O)=[N+](CCCCS(=O)(=O)O)c2ccccc21,684.673
CC1(C)C(/C=C2\C(=O)C(/C=C3/N(CCCCO)c4ccc(I)cc4C3(C)C)=C2O)=[N+](CCCCS(=O)(=O)O)c2ccccc21,731.673
CC[N+](CC)(CC)CCCCN1/C(=C/C2=C(O)/C(=C/C3=[N+](CCCCS(=O)(=O)O)c4ccccc4C3(C)C)C2=O)C(C)(C)c2ccccc21,689.963
CC[N+](CC)(CC)CCCCN1/C(=C/C2=C(O)/C(=C/C3=[N+](CCCCS(=O)(=O)O)c4ccccc4C3(C)C)C2=O)C(C)(C)c2cc(Br)ccc21,768.859
CC[N+](CC)(CC)CCCCN1/C(=C/C2=C(O)/C(=C/C3=[N+](CCCCS(=O)(=O)O)c4ccccc4C3(C)C)C2=O)C(C)(C)c2cc(I)ccc21,815.859
CC1(C)C(/C=C2\C(=O)C(/C=C3/N(CCCCS(=O)(=O)O)c4ccccc4C3(C)C)=C2O)=[N+](CCCCS(=O)(=O)O)c2ccccc21,669.842
CC1(C)C(/C=C2\C(=O)C(/C=C3/N(CCCCS(=O)(=O)O)c4ccc(Br)cc4C3(C)C)=C2O)=[N+](CCCCS(=O)(=O)O)c2ccccc21,748.738
CC1(C)C(/C=C2\C(=O)C(/C=C3/N(CCCCS(=O)(=O)O)c4ccc(I)cc4C3(C)C)=C2O)=[N+](CCCCS(=O)(=O)O)c2ccccc21,795.738
CC1(C)C(/C=C2\C(=O)C(/C=C3/N(Cc4ccccc4)c4ccccc4C3(C)C)=C2O)=[N+](CCCCS(=O)(=O)O)c2ccccc21,623.795
CC1(C)C(/C=C2\C(=O)C(/C=C3/N(Cc4ccccc4)c4ccc(Br)cc4C3(C)C)=C2O)=[N+](CCCCS(=O)(=O)O)c2ccccc21,702.691
CC1(C)C(/C=C2\C(=O)C(/C=C3/N(Cc4ccccc4)c4ccc(I)cc4C3(C)C)=C2O)=[N+](CCCCS(=O)(=O)O)c2ccccc21,749.691
CC1(C)C(/C=C2\C(=O)C(/C=C3/N(Cc4ccsc4)c4ccccc4C3(C)C)=C2O)=[N+](CCCCS(=O)(=O)O)c2ccccc21,629.824
CC1(C)C(/C=C2\C(=O)C(/C=C3/N(Cc4ccsc4)c4ccc(Br)cc4C3(C)C)=C2O)=[N+](CCCCS(=O)(=O)O)c2ccccc21,708.72
CC1(C)C(/C=C2\C(=O)C(/C=C3/N(Cc4ccsc4)c4ccc(I)cc4C3(C)C)=C2O)=[N+](CCCCS(=O)(=O)O)c2ccccc21,755.72
CCN1/C(=C/C2=C(O)/C(=C/C3=[N+](CCCCS(=O)(=O)O)c4ccc(Br)cc4C3(C)C)C2=O)C(C)(C)c2ccccc21,640.62
CCN1/C(=C/C2=C(O)/C(=C/C3=[N+](CCCCS(=O)(=O)O)c4ccc(Br)cc4C3(C)C)C2=O)C(C)(C)c2cc(Br)ccc21,719.516
CCN1/C(=C/C2=C(O)/C(=C/C3=[N+](CCCCS(=O)(=O)O)c4ccc(Br)cc4C3(C)C)C2=O)C(C)(C)c2cc(I)ccc21,766.516
CCCCN1/C(=C/C2=C(O)/C(=C/C3=[N+](CCCCS(=O)(=O)O)c4ccc(Br)cc4C3(C)C)C2=O)C(C)(C)c2ccccc21,668.674
CCCCN1/C(=C/C2=C(O)/C(=C/C3=[N+](CCCCS(=O)(=O)O)c4ccc(Br)cc4C3(C)C)C2=O)C(C)(C)c2cc(Br)ccc21,747.57
CCCCN1/C(=C/C2=C(O)/C(=C/C3=[N+](CCCCS(=O)(=O)O)c4ccc(Br)cc4C3(C)C)C2=O)C(C)(C)c2cc(I)ccc21,794.57
CC1(C)C(/C=C2\C(=O)C(/C=C3/N(CCCCN)c4ccccc4C3(C)C)=C2O)=[N+](CCCCS(=O)(=O)O)c2ccc(Br)cc21,683.689
CC1(C)C(/C=C2\C(=O)C(/C=C3/N(CCCCN)c4ccc(Br)cc4C3(C)C)=C2O)=[N+](CCCCS(=O)(=O)O)c2ccc(Br)cc21,762.585
CC1(C)C(/C=C2\C(=O)C(/C=C3/N(CCCCN)c4ccc(I)cc4C3(C)C)=C2O)=[N+](CCCCS(=O)(=O)O)c2ccc(Br)cc21,809.585
CC1(C)C(/C=C2\C(=O)C(/C=C3/N(CCCCO)c4ccccc4C3(C)C)=C2O)=[N+](CCCCS(=O)(=O)O)c2ccc(Br)cc21,684.673
CC1(C)C(/C=C2\C(=O)C(/C=C3/N(CCCCO)c4ccc(Br)cc4C3(C)C)=C2O)=[N+](CCCCS(=O)(=O)O)c2ccc(Br)cc21,763.569
CC1(C)C(/C=C2\C(=O)C(/C=C3/N(CCCCO)c4ccc(I)cc4C3(C)C)=C2O)=[N+](CCCCS(=O)(=O)O)c2ccc(Br)cc21,810.569
CC[N+](CC)(CC)CCCCN1/C(=C/C2=C(O)/C(=C/C3=[N+](CCCCS(=O)(=O)O)c4ccc(Br)cc4C3(C)C)C2=O)C(C)(C)c2ccccc21,768.859
CC[N+](CC)(CC)CCCCN1/C(=C/C2=C(O)/C(=C/C3=[N+](CCCCS(=O)(=O)O)c4ccc(Br)cc4C3(C)C)C2=O)C(C)(C)c2cc(Br)ccc21,847.755
CC[N+](CC)(CC)CCCCN1/C(=C/C2=C(O)/C(=C/C3=[N+](CCCCS(=O)(=O)O)c4ccc(Br)cc4C3(C)C)C2=O)C(C)(C)c2cc(I)ccc21,894.755
CC1(C)C(/C=C2\C(=O)C(/C=C3/N(CCCCS(=O)(=O)O)c4ccccc4C3(C)C)=C2O)=[N+](CCCCS(=O)(=O)O)c2ccc(Br)cc21,748.738
CC1(C)C(/C=C2\C(=O)C(/C=C3/N(CCCCS(=O)(=O)O)c4ccc(Br)cc4C3(C)C)=C2O)=[N+](CCCCS(=O)(=O)O)c2ccc(Br)cc21,827.634
CC1(C)C(/C=C2\C(=O)C(/C=C3/N(CCCCS(=O)(=O)O)c4ccc(I)cc4C3(C)C)=C2O)=[N+](CCCCS(=O)(=O)O)c2ccc(Br)cc21,874.634
CC1(C)C(/C=C2\C(=O)C(/C=C3/N(Cc4ccccc4)c4ccccc4C3(C)C)=C2O)=[N+](CCCCS(=O)(=O)O)c2ccc(Br)cc21,702.691
CC1(C)C(/C=C2\C(=O)C(/C=C3/N(Cc4ccccc4)c4ccc(Br)cc4C3(C)C)=C2O)=[N+](CCCCS(=O)(=O)O)c2ccc(Br)cc21,781.587
CC1(C)C(/C=C2\C(=O)C(/C=C3/N(Cc4ccccc4)c4ccc(I)cc4C3(C)C)=C2O)=[N+](CCCCS(=O)(=O)O)c2ccc(Br)cc21,828.587
CC1(C)C(/C=C2\C(=O)C(/C=C3/N(Cc4ccsc4)c4ccccc4C3(C)C)=C2O)=[N+](CCCCS(=O)(=O)O)c2ccc(Br)cc21,708.72
CC1(C)C(/C=C2\C(=O)C(/C=C3/N(Cc4ccsc4)c4ccc(Br)cc4C3(C)C)=C2O)=[N+](CCCCS(=O)(=O)O)c2ccc(Br)cc21,787.616
CC1(C)C(/C=C2\C(=O)C(/C=C3/N(Cc4ccsc4)c4ccc(I)cc4C3(C)C)=C2O)=[N+](CCCCS(=O)(=O)O)c2ccc(Br)cc21,834.616
CCN1/C(=C/C2=C(O)/C(=C/C3=[N+](CCCCS(=O)(=O)O)c4ccc(I)cc4C3(C)C)C2=O)C(C)(C)c2ccccc21,687.62
CCN1/C(=C/C2=C(O)/C(=C/C3=[N+](CCCCS(=O)(=O)O)c4ccc(I)cc4C3(C)C)C2=O)C(C)(C)c2cc(Br)ccc21,766.516
CCN1/C(=C/C2=C(O)/C(=C/C3=[N+](CCCCS(=O)(=O)O)c4ccc(I)cc4C3(C)C)C2=O)C(C)(C)c2cc(I)ccc21,813.516
CCCCN1/C(=C/C2=C(O)/C(=C/C3=[N+](CCCCS(=O)(=O)O)c4ccc(I)cc4C3(C)C)C2=O)C(C)(C)c2ccccc21,715.674
CCCCN1/C(=C/C2=C(O)/C(=C/C3=[N+](CCCCS(=O)(=O)O)c4ccc(I)cc4C3(C)C)C2=O)C(C)(C)c2cc(Br)ccc21,794.57
CCCCN1/C(=C/C2=C(O)/C(=C/C3=[N+](CCCCS(=O)(=O)O)c4ccc(I)cc4C3(C)C)C2=O)C(C)(C)c2cc(I)ccc21,841.57
CC1(C)C(/C=C2\C(=O)C(/C=C3/N(CCCCN)c4ccccc4C3(C)C)=C2O)=[N+](CCCCS(=O)(=O)O)c2ccc(I)cc21,730.689
CC1(C)C(/C=C2\C(=O)C(/C=C3/N(CCCCN)c4ccc(Br)cc4C3(C)C)=C2O)=[N+](CCCCS(=O)(=O)O)c2ccc(I)cc21,809.585
CC1(C)C(/C=C2\C(=O)C(/C=C3/N(CCCCN)c4ccc(I)cc4C3(C)C)=C2O)=[N+](CCCCS(=O)(=O)O)c2ccc(I)cc21,856.585
CC1(C)C(/C=C2\C(=O)C(/C=C3/N(CCCCO)c4ccccc4C3(C)C)=C2O)=[N+](CCCCS(=O)(=O)O)c2ccc(I)cc21,731.673
CC1(C)C(/C=C2\C(=O)C(/C=C3/N(CCCCO)c4ccc(Br)cc4C3(C)C)=C2O)=[N+](CCCCS(=O)(=O)O)c2ccc(I)cc21,810.569
CC1(C)C(/C=C2\C(=O)C(/C=C3/N(CCCCO)c4ccc(I)cc4C3(C)C)=C2O)=[N+](CCCCS(=O)(=O)O)c2ccc(I)cc21,857.569
CC[N+](CC)(CC)CCCCN1/C(=C/C2=C(O)/C(=C/C3=[N+](CCCCS(=O)(=O)O)c4ccc(I)cc4C3(C)C)C2=O)C(C)(C)c2ccccc21,815.859
CC[N+](CC)(CC)CCCCN1/C(=C/C2=C(O)/C(=C/C3=[N+](CCCCS(=O)(=O)O)c4ccc(I)cc4C3(C)C)C2=O)C(C)(C)c2cc(Br)ccc21,894.755
CC[N+](CC)(CC)CCCCN1/C(=C/C2=C(O)/C(=C/C3=[N+](CCCCS(=O)(=O)O)c4ccc(I)cc4C3(C)C)C2=O)C(C)(C)c2cc(I)ccc21,941.755
CC1(C)C(/C=C2\C(=O)C(/C=C3/N(CCCCS(=O)(=O)O)c4ccccc4C3(C)C)=C2O)=[N+](CCCCS(=O)(=O)O)c2ccc(I)cc21,795.738
CC1(C)C(/C=C2\C(=O)C(/C=C3/N(CCCCS(=O)(=O)O)c4ccc(Br)cc4C3(C)C)=C2O)=[N+](CCCCS(=O)(=O)O)c2ccc(I)cc21,874.634
CC1(C)C(/C=C2\C(=O)C(/C=C3/N(CCCCS(=O)(=O)O)c4ccc(I)cc4C3(C)C)=C2O)=[N+](CCCCS(=O)(=O)O)c2ccc(I)cc21,921.634
CC1(C)C(/C=C2\C(=O)C(/C=C3/N(Cc4ccccc4)c4ccccc4C3(C)C)=C2O)=[N+](CCCCS(=O)(=O)O)c2ccc(I)cc21,749.691
CC1(C)C(/C=C2\C(=O)C(/C=C3/N(Cc4ccccc4)c4ccc(Br)cc4C3(C)C)=C2O)=[N+](CCCCS(=O)(=O)O)c2ccc(I)cc21,828.587
CC1(C)C(/C=C2\C(=O)C(/C=C3/N(Cc4ccccc4)c4ccc(I)cc4C3(C)C)=C2O)=[N+](CCCCS(=O)(=O)O)c2ccc(I)cc21,875.587
CC1(C)C(/C=C2\C(=O)C(/C=C3/N(Cc4ccsc4)c4ccccc4C3(C)C)=C2O)=[N+](CCCCS(=O)(=O)O)c2ccc(I)cc21,755.72
CC1(C)C(/C=C2\C(=O)C(/C=C3/N(Cc4ccsc4)c4ccc(Br)cc4C3(C)C)=C2O)=[N+](CCCCS(=O)(=O)O)c2ccc(I)cc21,834.616
CC1(C)C(/C=C2\C(=O)C(/C=C3/N(Cc4ccsc4)c4ccc(I)cc4C3(C)C)=C2O)=[N+](CCCCS(=O)(=O)O)c2ccc(I)cc21,881.616
CCN1/C(=C/C2=C(O)/C(=C/C3=[N+](Cc4ccccc4)c4ccccc4C3(C)C)C2=O)C(C)(C)c2ccccc21,515.677
CCN1/C(=C/C2=C(O)/C(=C/C3=[N+](Cc4ccccc4)c4ccccc4C3(C)C)C2=O)C(C)(C)c2cc(Br)ccc21,594.573
CCN1/C(=C/C2=C(O)/C(=C/C3=[N+](Cc4ccccc4)c4ccccc4C3(C)C)C2=O)C(C)(C)c2cc(I)ccc21,641.573
CCCCN1/C(=C/C2=C(O)/C(=C/C3=[N+](Cc4ccccc4)c4ccccc4C3(C)C)C2=O)C(C)(C)c2ccccc21,543.731
CCCCN1/C(=C/C2=C(O)/C(=C/C3=[N+](Cc4ccccc4)c4ccccc4C3(C)C)C2=O)C(C)(C)c2cc(Br)ccc21,622.627
CCCCN1/C(=C/C2=C(O)/C(=C/C3=[N+](Cc4ccccc4)c4ccccc4C3(C)C)C2=O)C(C)(C)c2cc(I)ccc21,669.627
CC1(C)C(/C=C2\C(=O)C(/C=C3/N(CCCCN)c4ccccc4C3(C)C)=C2O)=[N+](Cc2ccccc2)c2ccccc21,558.746
CC1(C)C(/C=C2\C(=O)C(/C=C3/N(CCCCN)c4ccc(Br)cc4C3(C)C)=C2O)=[N+](Cc2ccccc2)c2ccccc21,637.642
CC1(C)C(/C=C2\C(=O)C(/C=C3/N(CCCCN)c4ccc(I)cc4C3(C)C)=C2O)=[N+](Cc2ccccc2)c2ccccc21,684.642
CC1(C)C(/C=C2\C(=O)C(/C=C3/N(CCCCO)c4ccccc4C3(C)C)=C2O)=[N+](Cc2ccccc2)c2ccccc21,559.73
CC1(C)C(/C=C2\C(=O)C(/C=C3/N(CCCCO)c4ccc(Br)cc4C3(C)C)=C2O)=[N+](Cc2ccccc2)c2ccccc21,638.626
CC1(C)C(/C=C2\C(=O)C(/C=C3/N(CCCCO)c4ccc(I)cc4C3(C)C)=C2O)=[N+](Cc2ccccc2)c2ccccc21,685.626
CC[N+](CC)(CC)CCCCN1/C(=C/C2=C(O)/C(=C/C3=[N+](Cc4ccccc4)c4ccccc4C3(C)C)C2=O)C(C)(C)c2ccccc21,643.916
CC[N+](CC)(CC)CCCCN1/C(=C/C2=C(O)/C(=C/C3=[N+](Cc4ccccc4)c4ccccc4C3(C)C)C2=O)C(C)(C)c2cc(Br)ccc21,722.812
CC[N+](CC)(CC)CCCCN1/C(=C/C2=C(O)/C(=C/C3=[N+](Cc4ccccc4)c4ccccc4C3(C)C)C2=O)C(C)(C)c2cc(I)ccc21,769.812
CC1(C)C(/C=C2\C(=O)C(/C=C3/N(CCCCS(=O)(=O)O)c4ccccc4C3(C)C)=C2O)=[N+](Cc2ccccc2)c2ccccc21,623.795
CC1(C)C(/C=C2\C(=O)C(/C=C3/N(CCCCS(=O)(=O)O)c4ccc(Br)cc4C3(C)C)=C2O)=[N+](Cc2ccccc2)c2ccccc21,702.691
CC1(C)C(/C=C2\C(=O)C(/C=C3/N(CCCCS(=O)(=O)O)c4ccc(I)cc4C3(C)C)=C2O)=[N+](Cc2ccccc2)c2ccccc21,749.691
CC1(C)C(/C=C2\C(=O)C(/C=C3/N(Cc4ccccc4)c4ccccc4C3(C)C)=C2O)=[N+](Cc2ccccc2)c2ccccc21,577.748
CC1(C)C(/C=C2\C(=O)C(/C=C3/N(Cc4ccccc4)c4ccc(Br)cc4C3(C)C)=C2O)=[N+](Cc2ccccc2)c2ccccc21,656.644
CC1(C)C(/C=C2\C(=O)C(/C=C3/N(Cc4ccccc4)c4ccc(I)cc4C3(C)C)=C2O)=[N+](Cc2ccccc2)c2ccccc21,703.644
CC1(C)C(/C=C2\C(=O)C(/C=C3/N(Cc4ccsc4)c4ccccc4C3(C)C)=C2O)=[N+](Cc2ccccc2)c2ccccc21,583.777
CC1(C)C(/C=C2\C(=O)C(/C=C3/N(Cc4ccsc4)c4ccc(Br)cc4C3(C)C)=C2O)=[N+](Cc2ccccc2)c2ccccc21,662.673
CC1(C)C(/C=C2\C(=O)C(/C=C3/N(Cc4ccsc4)c4ccc(I)cc4C3(C)C)=C2O)=[N+](Cc2ccccc2)c2ccccc21,709.673
CCN1/C(=C/C2=C(O)/C(=C/C3=[N+](Cc4ccccc4)c4ccc(Br)cc4C3(C)C)C2=O)C(C)(C)c2ccccc21,594.573
CCN1/C(=C/C2=C(O)/C(=C/C3=[N+](Cc4ccccc4)c4ccc(Br)cc4C3(C)C)C2=O)C(C)(C)c2cc(Br)ccc21,673.469
CCN1/C(=C/C2=C(O)/C(=C/C3=[N+](Cc4ccccc4)c4ccc(Br)cc4C3(C)C)C2=O)C(C)(C)c2cc(I)ccc21,720.469
CCCCN1/C(=C/C2=C(O)/C(=C/C3=[N+](Cc4ccccc4)c4ccc(Br)cc4C3(C)C)C2=O)C(C)(C)c2ccccc21,622.627
CCCCN1/C(=C/C2=C(O)/C(=C/C3=[N+](Cc4ccccc4)c4ccc(Br)cc4C3(C)C)C2=O)C(C)(C)c2cc(Br)ccc21,701.523
CCCCN1/C(=C/C2=C(O)/C(=C/C3=[N+](Cc4ccccc4)c4ccc(Br)cc4C3(C)C)C2=O)C(C)(C)c2cc(I)ccc21,748.523
CC1(C)C(/C=C2\C(=O)C(/C=C3/N(CCCCN)c4ccccc4C3(C)C)=C2O)=[N+](Cc2ccccc2)c2ccc(Br)cc21,637.642
CC1(C)C(/C=C2\C(=O)C(/C=C3/N(CCCCN)c4ccc(Br)cc4C3(C)C)=C2O)=[N+](Cc2ccccc2)c2ccc(Br)cc21,716.538
CC1(C)C(/C=C2\C(=O)C(/C=C3/N(CCCCN)c4ccc(I)cc4C3(C)C)=C2O)=[N+](Cc2ccccc2)c2ccc(Br)cc21,763.538
CC1(C)C(/C=C2\C(=O)C(/C=C3/N(CCCCO)c4ccccc4C3(C)C)=C2O)=[N+](Cc2ccccc2)c2ccc(Br)cc21,638.626
CC1(C)C(/C=C2\C(=O)C(/C=C3/N(CCCCO)c4ccc(Br)cc4C3(C)C)=C2O)=[N+](Cc2ccccc2)c2ccc(Br)cc21,717.522
CC1(C)C(/C=C2\C(=O)C(/C=C3/N(CCCCO)c4ccc(I)cc4C3(C)C)=C2O)=[N+](Cc2ccccc2)c2ccc(Br)cc21,764.522
CC[N+](CC)(CC)CCCCN1/C(=C/C2=C(O)/C(=C/C3=[N+](Cc4ccccc4)c4ccc(Br)cc4C3(C)C)C2=O)C(C)(C)c2ccccc21,722.812
CC[N+](CC)(CC)CCCCN1/C(=C/C2=C(O)/C(=C/C3=[N+](Cc4ccccc4)c4ccc(Br)cc4C3(C)C)C2=O)C(C)(C)c2cc(Br)ccc21,801.707999999999
CC[N+](CC)(CC)CCCCN1/C(=C/C2=C(O)/C(=C/C3=[N+](Cc4ccccc4)c4ccc(Br)cc4C3(C)C)C2=O)C(C)(C)c2cc(I)ccc21,848.708
CC1(C)C(/C=C2\C(=O)C(/C=C3/N(CCCCS(=O)(=O)O)c4ccccc4C3(C)C)=C2O)=[N+](Cc2ccccc2)c2ccc(Br)cc21,702.691
CC1(C)C(/C=C2\C(=O)C(/C=C3/N(CCCCS(=O)(=O)O)c4ccc(Br)cc4C3(C)C)=C2O)=[N+](Cc2ccccc2)c2ccc(Br)cc21,781.587
CC1(C)C(/C=C2\C(=O)C(/C=C3/N(CCCCS(=O)(=O)O)c4ccc(I)cc4C3(C)C)=C2O)=[N+](Cc2ccccc2)c2ccc(Br)cc21,828.587
CC1(C)C(/C=C2\C(=O)C(/C=C3/N(Cc4ccccc4)c4ccccc4C3(C)C)=C2O)=[N+](Cc2ccccc2)c2ccc(Br)cc21,656.644
CC1(C)C(/C=C2\C(=O)C(/C=C3/N(Cc4ccccc4)c4ccc(Br)cc4C3(C)C)=C2O)=[N+](Cc2ccccc2)c2ccc(Br)cc21,735.54
CC1(C)C(/C=C2\C(=O)C(/C=C3/N(Cc4ccccc4)c4ccc(I)cc4C3(C)C)=C2O)=[N+](Cc2ccccc2)c2ccc(Br)cc21,782.54
CC1(C)C(/C=C2\C(=O)C(/C=C3/N(Cc4ccsc4)c4ccccc4C3(C)C)=C2O)=[N+](Cc2ccccc2)c2ccc(Br)cc21,662.673
CC1(C)C(/C=C2\C(=O)C(/C=C3/N(Cc4ccsc4)c4ccc(Br)cc4C3(C)C)=C2O)=[N+](Cc2ccccc2)c2ccc(Br)cc21,741.569
CC1(C)C(/C=C2\C(=O)C(/C=C3/N(Cc4ccsc4)c4ccc(I)cc4C3(C)C)=C2O)=[N+](Cc2ccccc2)c2ccc(Br)cc21,788.569
CCN1/C(=C/C2=C(O)/C(=C/C3=[N+](Cc4ccccc4)c4ccc(I)cc4C3(C)C)C2=O)C(C)(C)c2ccccc21,641.573
CCN1/C(=C/C2=C(O)/C(=C/C3=[N+](Cc4ccccc4)c4ccc(I)cc4C3(C)C)C2=O)C(C)(C)c2cc(Br)ccc21,720.469
CCN1/C(=C/C2=C(O)/C(=C/C3=[N+](Cc4ccccc4)c4ccc(I)cc4C3(C)C)C2=O)C(C)(C)c2cc(I)ccc21,767.469
CCCCN1/C(=C/C2=C(O)/C(=C/C3=[N+](Cc4ccccc4)c4ccc(I)cc4C3(C)C)C2=O)C(C)(C)c2ccccc21,669.627
CCCCN1/C(=C/C2=C(O)/C(=C/C3=[N+](Cc4ccccc4)c4ccc(I)cc4C3(C)C)C2=O)C(C)(C)c2cc(Br)ccc21,748.523
CCCCN1/C(=C/C2=C(O)/C(=C/C3=[N+](Cc4ccccc4)c4ccc(I)cc4C3(C)C)C2=O)C(C)(C)c2cc(I)ccc21,795.523
CC1(C)C(/C=C2\C(=O)C(/C=C3/N(CCCCN)c4ccccc4C3(C)C)=C2O)=[N+](Cc2ccccc2)c2ccc(I)cc21,684.642
CC1(C)C(/C=C2\C(=O)C(/C=C3/N(CCCCN)c4ccc(Br)cc4C3(C)C)=C2O)=[N+](Cc2ccccc2)c2ccc(I)cc21,763.538
CC1(C)C(/C=C2\C(=O)C(/C=C3/N(CCCCN)c4ccc(I)cc4C3(C)C)=C2O)=[N+](Cc2ccccc2)c2ccc(I)cc21,810.538
CC1(C)C(/C=C2\C(=O)C(/C=C3/N(CCCCO)c4ccccc4C3(C)C)=C2O)=[N+](Cc2ccccc2)c2ccc(I)cc21,685.626
CC1(C)C(/C=C2\C(=O)C(/C=C3/N(CCCCO)c4ccc(Br)cc4C3(C)C)=C2O)=[N+](Cc2ccccc2)c2ccc(I)cc21,764.522
CC1(C)C(/C=C2\C(=O)C(/C=C3/N(CCCCO)c4ccc(I)cc4C3(C)C)=C2O)=[N+](Cc2ccccc2)c2ccc(I)cc21,811.522
CC[N+](CC)(CC)CCCCN1/C(=C/C2=C(O)/C(=C/C3=[N+](Cc4ccccc4)c4ccc(I)cc4C3(C)C)C2=O)C(C)(C)c2ccccc21,769.812
CC[N+](CC)(CC)CCCCN1/C(=C/C2=C(O)/C(=C/C3=[N+](Cc4ccccc4)c4ccc(I)cc4C3(C)C)C2=O)C(C)(C)c2cc(Br)ccc21,848.708
CC[N+](CC)(CC)CCCCN1/C(=C/C2=C(O)/C(=C/C3=[N+](Cc4ccccc4)c4ccc(I)cc4C3(C)C)C2=O)C(C)(C)c2cc(I)ccc21,895.708
CC1(C)C(/C=C2\C(=O)C(/C=C3/N(CCCCS(=O)(=O)O)c4ccccc4C3(C)C)=C2O)=[N+](Cc2ccccc2)c2ccc(I)cc21,749.691
CC1(C)C(/C=C2\C(=O)C(/C=C3/N(CCCCS(=O)(=O)O)c4ccc(Br)cc4C3(C)C)=C2O)=[N+](Cc2ccccc2)c2ccc(I)cc21,828.587
CC1(C)C(/C=C2\C(=O)C(/C=C3/N(CCCCS(=O)(=O)O)c4ccc(I)cc4C3(C)C)=C2O)=[N+](Cc2ccccc2)c2ccc(I)cc21,875.587
CC1(C)C(/C=C2\C(=O)C(/C=C3/N(Cc4ccccc4)c4ccccc4C3(C)C)=C2O)=[N+](Cc2ccccc2)c2ccc(I)cc21,703.644
CC1(C)C(/C=C2\C(=O)C(/C=C3/N(Cc4ccccc4)c4ccc(Br)cc4C3(C)C)=C2O)=[N+](Cc2ccccc2)c2ccc(I)cc21,782.54
CC1(C)C(/C=C2\C(=O)C(/C=C3/N(Cc4ccccc4)c4ccc(I)cc4C3(C)C)=C2O)=[N+](Cc2ccccc2)c2ccc(I)cc21,829.54
CC1(C)C(/C=C2\C(=O)C(/C=C3/N(Cc4ccsc4)c4ccccc4C3(C)C)=C2O)=[N+](Cc2ccccc2)c2ccc(I)cc21,709.673
CC1(C)C(/C=C2\C(=O)C(/C=C3/N(Cc4ccsc4)c4ccc(Br)cc4C3(C)C)=C2O)=[N+](Cc2ccccc2)c2ccc(I)cc21,788.569
CC1(C)C(/C=C2\C(=O)C(/C=C3/N(Cc4ccsc4)c4ccc(I)cc4C3(C)C)=C2O)=[N+](Cc2ccccc2)c2ccc(I)cc21,835.569
CCN1/C(=C/C2=C(O)/C(=C/C3=[N+](Cc4ccsc4)c4ccccc4C3(C)C)C2=O)C(C)(C)c2ccccc21,521.706
CCN1/C(=C/C2=C(O)/C(=C/C3=[N+](Cc4ccsc4)c4ccccc4C3(C)C)C2=O)C(C)(C)c2cc(Br)ccc21,600.602
CCN1/C(=C/C2=C(O)/C(=C/C3=[N+](Cc4ccsc4)c4ccccc4C3(C)C)C2=O)C(C)(C)c2cc(I)ccc21,647.602
CCCCN1/C(=C/C2=C(O)/C(=C/C3=[N+](Cc4ccsc4)c4ccccc4C3(C)C)C2=O)C(C)(C)c2ccccc21,549.76
CCCCN1/C(=C/C2=C(O)/C(=C/C3=[N+](Cc4ccsc4)c4ccccc4C3(C)C)C2=O)C(C)(C)c2cc(Br)ccc21,628.656
CCCCN1/C(=C/C2=C(O)/C(=C/C3=[N+](Cc4ccsc4)c4ccccc4C3(C)C)C2=O)C(C)(C)c2cc(I)ccc21,675.656
CC1(C)C(/C=C2\C(=O)C(/C=C3/N(CCCCN)c4ccccc4C3(C)C)=C2O)=[N+](Cc2ccsc2)c2ccccc21,564.775
CC1(C)C(/C=C2\C(=O)C(/C=C3/N(CCCCN)c4ccc(Br)cc4C3(C)C)=C2O)=[N+](Cc2ccsc2)c2ccccc21,643.671
CC1(C)C(/C=C2\C(=O)C(/C=C3/N(CCCCN)c4ccc(I)cc4C3(C)C)=C2O)=[N+](Cc2ccsc2)c2ccccc21,690.671
CC1(C)C(/C=C2\C(=O)C(/C=C3/N(CCCCO)c4ccccc4C3(C)C)=C2O)=[N+](Cc2ccsc2)c2ccccc21,565.759
CC1(C)C(/C=C2\C(=O)C(/C=C3/N(CCCCO)c4ccc(Br)cc4C3(C)C)=C2O)=[N+](Cc2ccsc2)c2ccccc21,644.655
CC1(C)C(/C=C2\C(=O)C(/C=C3/N(CCCCO)c4ccc(I)cc4C3(C)C)=C2O)=[N+](Cc2ccsc2)c2ccccc21,691.655
CC[N+](CC)(CC)CCCCN1/C(=C/C2=C(O)/C(=C/C3=[N+](Cc4ccsc4)c4ccccc4C3(C)C)C2=O)C(C)(C)c2ccccc21,649.945
CC[N+](CC)(CC)CCCCN1/C(=C/C2=C(O)/C(=C/C3=[N+](Cc4ccsc4)c4ccccc4C3(C)C)C2=O)C(C)(C)c2cc(Br)ccc21,728.841
CC[N+](CC)(CC)CCCCN1/C(=C/C2=C(O)/C(=C/C3=[N+](Cc4ccsc4)c4ccccc4C3(C)C)C2=O)C(C)(C)c2cc(I)ccc21,775.841
CC1(C)C(/C=C2\C(=O)C(/C=C3/N(CCCCS(=O)(=O)O)c4ccccc4C3(C)C)=C2O)=[N+](Cc2ccsc2)c2ccccc21,629.824
CC1(C)C(/C=C2\C(=O)C(/C=C3/N(CCCCS(=O)(=O)O)c4ccc(Br)cc4C3(C)C)=C2O)=[N+](Cc2ccsc2)c2ccccc21,708.72
CC1(C)C(/C=C2\C(=O)C(/C=C3/N(CCCCS(=O)(=O)O)c4ccc(I)cc4C3(C)C)=C2O)=[N+](Cc2ccsc2)c2ccccc21,755.72
CC1(C)C(/C=C2\C(=O)C(/C=C3/N(Cc4ccccc4)c4ccccc4C3(C)C)=C2O)=[N+](Cc2ccsc2)c2ccccc21,583.777
CC1(C)C(/C=C2\C(=O)C(/C=C3/N(Cc4ccccc4)c4ccc(Br)cc4C3(C)C)=C2O)=[N+](Cc2ccsc2)c2ccccc21,662.673
CC1(C)C(/C=C2\C(=O)C(/C=C3/N(Cc4ccccc4)c4ccc(I)cc4C3(C)C)=C2O)=[N+](Cc2ccsc2)c2ccccc21,709.673
CC1(C)C(/C=C2\C(=O)C(/C=C3/N(Cc4ccsc4)c4ccccc4C3(C)C)=C2O)=[N+](Cc2ccsc2)c2ccccc21,589.806
CC1(C)C(/C=C2\C(=O)C(/C=C3/N(Cc4ccsc4)c4ccc(Br)cc4C3(C)C)=C2O)=[N+](Cc2ccsc2)c2ccccc21,668.702
CC1(C)C(/C=C2\C(=O)C(/C=C3/N(Cc4ccsc4)c4ccc(I)cc4C3(C)C)=C2O)=[N+](Cc2ccsc2)c2ccccc21,715.702
CCN1/C(=C/C2=C(O)/C(=C/C3=[N+](Cc4ccsc4)c4ccc(Br)cc4C3(C)C)C2=O)C(C)(C)c2ccccc21,600.602
CCN1/C(=C/C2=C(O)/C(=C/C3=[N+](Cc4ccsc4)c4ccc(Br)cc4C3(C)C)C2=O)C(C)(C)c2cc(Br)ccc21,679.498
CCN1/C(=C/C2=C(O)/C(=C/C3=[N+](Cc4ccsc4)c4ccc(Br)cc4C3(C)C)C2=O)C(C)(C)c2cc(I)ccc21,726.498
CCCCN1/C(=C/C2=C(O)/C(=C/C3=[N+](Cc4ccsc4)c4ccc(Br)cc4C3(C)C)C2=O)C(C)(C)c2ccccc21,628.656
CCCCN1/C(=C/C2=C(O)/C(=C/C3=[N+](Cc4ccsc4)c4ccc(Br)cc4C3(C)C)C2=O)C(C)(C)c2cc(Br)ccc21,707.552
CCCCN1/C(=C/C2=C(O)/C(=C/C3=[N+](Cc4ccsc4)c4ccc(Br)cc4C3(C)C)C2=O)C(C)(C)c2cc(I)ccc21,754.552
CC1(C)C(/C=C2\C(=O)C(/C=C3/N(CCCCN)c4ccccc4C3(C)C)=C2O)=[N+](Cc2ccsc2)c2ccc(Br)cc21,643.671
CC1(C)C(/C=C2\C(=O)C(/C=C3/N(CCCCN)c4ccc(Br)cc4C3(C)C)=C2O)=[N+](Cc2ccsc2)c2ccc(Br)cc21,722.567
CC1(C)C(/C=C2\C(=O)C(/C=C3/N(CCCCN)c4ccc(I)cc4C3(C)C)=C2O)=[N+](Cc2ccsc2)c2ccc(Br)cc21,769.567
CC1(C)C(/C=C2\C(=O)C(/C=C3/N(CCCCO)c4ccccc4C3(C)C)=C2O)=[N+](Cc2ccsc2)c2ccc(Br)cc21,644.655
CC1(C)C(/C=C2\C(=O)C(/C=C3/N(CCCCO)c4ccc(Br)cc4C3(C)C)=C2O)=[N+](Cc2ccsc2)c2ccc(Br)cc21,723.551
CC1(C)C(/C=C2\C(=O)C(/C=C3/N(CCCCO)c4ccc(I)cc4C3(C)C)=C2O)=[N+](Cc2ccsc2)c2ccc(Br)cc21,770.551
CC[N+](CC)(CC)CCCCN1/C(=C/C2=C(O)/C(=C/C3=[N+](Cc4ccsc4)c4ccc(Br)cc4C3(C)C)C2=O)C(C)(C)c2ccccc21,728.841
CC[N+](CC)(CC)CCCCN1/C(=C/C2=C(O)/C(=C/C3=[N+](Cc4ccsc4)c4ccc(Br)cc4C3(C)C)C2=O)C(C)(C)c2cc(Br)ccc21,807.737
CC[N+](CC)(CC)CCCCN1/C(=C/C2=C(O)/C(=C/C3=[N+](Cc4ccsc4)c4ccc(Br)cc4C3(C)C)C2=O)C(C)(C)c2cc(I)ccc21,854.737
CC1(C)C(/C=C2\C(=O)C(/C=C3/N(CCCCS(=O)(=O)O)c4ccccc4C3(C)C)=C2O)=[N+](Cc2ccsc2)c2ccc(Br)cc21,708.72
CC1(C)C(/C=C2\C(=O)C(/C=C3/N(CCCCS(=O)(=O)O)c4ccc(Br)cc4C3(C)C)=C2O)=[N+](Cc2ccsc2)c2ccc(Br)cc21,787.616
CC1(C)C(/C=C2\C(=O)C(/C=C3/N(CCCCS(=O)(=O)O)c4ccc(I)cc4C3(C)C)=C2O)=[N+](Cc2ccsc2)c2ccc(Br)cc21,834.616
CC1(C)C(/C=C2\C(=O)C(/C=C3/N(Cc4ccccc4)c4ccccc4C3(C)C)=C2O)=[N+](Cc2ccsc2)c2ccc(Br)cc21,662.673
CC1(C)C(/C=C2\C(=O)C(/C=C3/N(Cc4ccccc4)c4ccc(Br)cc4C3(C)C)=C2O)=[N+](Cc2ccsc2)c2ccc(Br)cc21,741.569
CC1(C)C(/C=C2\C(=O)C(/C=C3/N(Cc4ccccc4)c4ccc(I)cc4C3(C)C)=C2O)=[N+](Cc2ccsc2)c2ccc(Br)cc21,788.569
CC1(C)C(/C=C2\C(=O)C(/C=C3/N(Cc4ccsc4)c4ccccc4C3(C)C)=C2O)=[N+](Cc2ccsc2)c2ccc(Br)cc21,668.702
CC1(C)C(/C=C2\C(=O)C(/C=C3/N(Cc4ccsc4)c4ccc(Br)cc4C3(C)C)=C2O)=[N+](Cc2ccsc2)c2ccc(Br)cc21,747.598
CC1(C)C(/C=C2\C(=O)C(/C=C3/N(Cc4ccsc4)c4ccc(I)cc4C3(C)C)=C2O)=[N+](Cc2ccsc2)c2ccc(Br)cc21,794.598
CCN1/C(=C/C2=C(O)/C(=C/C3=[N+](Cc4ccsc4)c4ccc(I)cc4C3(C)C)C2=O)C(C)(C)c2ccccc21,647.602
CCN1/C(=C/C2=C(O)/C(=C/C3=[N+](Cc4ccsc4)c4ccc(I)cc4C3(C)C)C2=O)C(C)(C)c2cc(Br)ccc21,726.498
CCN1/C(=C/C2=C(O)/C(=C/C3=[N+](Cc4ccsc4)c4ccc(I)cc4C3(C)C)C2=O)C(C)(C)c2cc(I)ccc21,773.498
CCCCN1/C(=C/C2=C(O)/C(=C/C3=[N+](Cc4ccsc4)c4ccc(I)cc4C3(C)C)C2=O)C(C)(C)c2ccccc21,675.656
CCCCN1/C(=C/C2=C(O)/C(=C/C3=[N+](Cc4ccsc4)c4ccc(I)cc4C3(C)C)C2=O)C(C)(C)c2cc(Br)ccc21,754.552
CCCCN1/C(=C/C2=C(O)/C(=C/C3=[N+](Cc4ccsc4)c4ccc(I)cc4C3(C)C)C2=O)C(C)(C)c2cc(I)ccc21,801.552
CC1(C)C(/C=C2\C(=O)C(/C=C3/N(CCCCN)c4ccccc4C3(C)C)=C2O)=[N+](Cc2ccsc2)c2ccc(I)cc21,690.671
CC1(C)C(/C=C2\C(=O)C(/C=C3/N(CCCCN)c4ccc(Br)cc4C3(C)C)=C2O)=[N+](Cc2ccsc2)c2ccc(I)cc21,769.567
CC1(C)C(/C=C2\C(=O)C(/C=C3/N(CCCCN)c4ccc(I)cc4C3(C)C)=C2O)=[N+](Cc2ccsc2)c2ccc(I)cc21,816.567
CC1(C)C(/C=C2\C(=O)C(/C=C3/N(CCCCO)c4ccccc4C3(C)C)=C2O)=[N+](Cc2ccsc2)c2ccc(I)cc21,691.655
CC1(C)C(/C=C2\C(=O)C(/C=C3/N(CCCCO)c4ccc(Br)cc4C3(C)C)=C2O)=[N+](Cc2ccsc2)c2ccc(I)cc21,770.551
CC1(C)C(/C=C2\C(=O)C(/C=C3/N(CCCCO)c4ccc(I)cc4C3(C)C)=C2O)=[N+](Cc2ccsc2)c2ccc(I)cc21,817.551
CC[N+](CC)(CC)CCCCN1/C(=C/C2=C(O)/C(=C/C3=[N+](Cc4ccsc4)c4ccc(I)cc4C3(C)C)C2=O)C(C)(C)c2ccccc21,775.841
CC[N+](CC)(CC)CCCCN1/C(=C/C2=C(O)/C(=C/C3=[N+](Cc4ccsc4)c4ccc(I)cc4C3(C)C)C2=O)C(C)(C)c2cc(Br)ccc21,854.737
CC[N+](CC)(CC)CCCCN1/C(=C/C2=C(O)/C(=C/C3=[N+](Cc4ccsc4)c4ccc(I)cc4C3(C)C)C2=O)C(C)(C)c2cc(I)ccc21,901.737
CC1(C)C(/C=C2\C(=O)C(/C=C3/N(CCCCS(=O)(=O)O)c4ccccc4C3(C)C)=C2O)=[N+](Cc2ccsc2)c2ccc(I)cc21,755.72
CC1(C)C(/C=C2\C(=O)C(/C=C3/N(CCCCS(=O)(=O)O)c4ccc(Br)cc4C3(C)C)=C2O)=[N+](Cc2ccsc2)c2ccc(I)cc21,834.616
CC1(C)C(/C=C2\C(=O)C(/C=C3/N(CCCCS(=O)(=O)O)c4ccc(I)cc4C3(C)C)=C2O)=[N+](Cc2ccsc2)c2ccc(I)cc21,881.616
CC1(C)C(/C=C2\C(=O)C(/C=C3/N(Cc4ccccc4)c4ccccc4C3(C)C)=C2O)=[N+](Cc2ccsc2)c2ccc(I)cc21,709.673
CC1(C)C(/C=C2\C(=O)C(/C=C3/N(Cc4ccccc4)c4ccc(Br)cc4C3(C)C)=C2O)=[N+](Cc2ccsc2)c2ccc(I)cc21,788.569
CC1(C)C(/C=C2\C(=O)C(/C=C3/N(Cc4ccccc4)c4ccc(I)cc4C3(C)C)=C2O)=[N+](Cc2ccsc2)c2ccc(I)cc21,835.569
CC1(C)C(/C=C2\C(=O)C(/C=C3/N(Cc4ccsc4)c4ccccc4C3(C)C)=C2O)=[N+](Cc2ccsc2)c2ccc(I)cc21,715.702
CC1(C)C(/C=C2\C(=O)C(/C=C3/N(Cc4ccsc4)c4ccc(Br)cc4C3(C)C)=C2O)=[N+](Cc2ccsc2)c2ccc(I)cc21,794.598
CC1(C)C(/C=C2\C(=O)C(/C=C3/N(Cc4ccsc4)c4ccc(I)cc4C3(C)C)=C2O)=[N+](Cc2ccsc2)c2ccc(I)cc21,841.598
