smiles,log10_pampa,log10_caco2,log10_mdck,mean_value
CCN1/C(=C\C2=C([O-])/C(=C/c3[se]c4ccccc4[n+]3CC)C2=O)C(C)(C)c2ccccc21,-5.1225357,-6.348417,-5.626925,-5.699292566666667
CCN1/C(=C\C2=C([O-])/C(=C/c3[se]c4ccccc4[n+]3CC)C2=O)C(C)(C)c2cc(Br)ccc21,-5.19113,-6.45969,-5.726275,-5.792365
CCN1/C(=C\C2=C([O-])/C(=C/c3[se]c4ccccc4[n+]3CC)C2=O)C(C)(C)c2cc(I)ccc21,-5.0957646,-6.286003,-5.6316013,-5.671122966666666
CCCCN1/C(=C\C2=C([O-])/C(=C/c3[se]c4ccccc4[n+]3CC)C2=O)C(C)(C)c2ccccc21,-5.099818,-6.301532,-5.6165605,-5.672636833333333
CCCCN1/C(=C\C2=C([O-])/C(=C/c3[se]c4ccccc4[n+]3CC)C2=O)C(C)(C)c2cc(Br)ccc21,-5.1706924,-6.4053,-5.7133045,-5.763098966666667
CCCCN1/C(=C\C2=C([O-])/C(=C/c3[se]c4ccccc4[n+]3CC)C2=O)C(C)(C)c2cc(I)ccc21,-5.0743003,-6.236839,-5.6193824,-5.643507233333334
CC[n+]1c(/C=C2\C(=O)C(/C=C3\N(CCCCN)c4ccccc4C3(C)C)=C2[O-])[se]c2ccccc21,-5.2326384,-6.597876,-5.840546,-5.890353466666667
CC[n+]1c(/C=C2\C(=O)C(/C=C3\N(CCCCN)c4ccc(Br)cc4C3(C)C)=C2[O-])[se]c2ccccc21,-5.2943516,-6.646999,-5.9058537,-5.949068100000001
CC[n+]1c(/C=C2\C(=O)C(/C=C3\N(CCCCN)c4ccc(I)cc4C3(C)C)=C2[O-])[se]c2ccccc21,-5.2226014,-6.5524855,-5.8504515,-5.875179466666668
CC[n+]1c(/C=C2\C(=O)C(/C=C3\N(CCCCO)c4ccccc4C3(C)C)=C2[O-])[se]c2ccccc21,-5.0253787,-6.4058766,-5.6192784,-5.683511233333333
CC[n+]1c(/C=C2\C(=O)C(/C=C3\N(CCCCO)c4ccc(Br)cc4C3(C)C)=C2[O-])[se]c2ccccc21,-5.155859,-6.534125,-5.7378964,-5.8092934666666665
CC[n+]1c(/C=C2\C(=O)C(/C=C3\N(CCCCO)c4ccc(I)cc4C3(C)C)=C2[O-])[se]c2ccccc21,-5.006799,-6.343338,-5.6260276,-5.658721533333334
CC[n+]1c(/C=C2\C(=O)C(/C=C3\N(CCCC[N+](CC)(CC)CC)c4ccccc4C3(C)C)=C2[O-])[se]c2ccccc21,-5.6247516,-6.659969,-5.7388005,-6.007840366666667
CC[n+]1c(/C=C2\C(=O)C(/C=C3\N(CCCC[N+](CC)(CC)CC)c4ccc(Br)cc4C3(C)C)=C2[O-])[se]c2ccccc21,-5.5988164,-6.7382894,-5.816725,-6.051276933333334
CC[n+]1c(/C=C2\C(=O)C(/C=C3\N(CCCC[N+](CC)(CC)CC)c4ccc(I)cc4C3(C)C)=C2[O-])[se]c2ccccc21,-5.609543,-6.5963793,-5.7320204,-5.979314233333334
CC[n+]1c(/C=C2\C(=O)C(/C=C3\N(CCCCS(=O)(=O)O)c4ccccc4C3(C)C)=C2[O-])[se]c2ccccc21,-5.705654,-6.8259816,-5.403265,-5.9783002000000005
CC[n+]1c(/C=C2\C(=O)C(/C=C3\N(CCCCS(=O)(=O)O)c4ccc(Br)cc4C3(C)C)=C2[O-])[se]c2ccccc21,-5.7709036,-6.8825026,-5.4826713,-6.045359166666667
CC[n+]1c(/C=C2\C(=O)C(/C=C3\N(CCCCS(=O)(=O)O)c4ccc(I)cc4C3(C)C)=C2[O-])[se]c2ccccc21,-5.715833,-6.776045,-5.41362,-5.968499333333334
CC[n+]1c(/C=C2\C(=O)C(/C=C3\N(Cc4ccccc4)c4ccccc4C3(C)C)=C2[O-])[se]c2ccccc21,-5.194217,-6.502531,-5.674006,-5.790251333333333
CC[n+]1c(/C=C2\C(=O)C(/C=C3\N(Cc4ccccc4)c4ccc(Br)cc4C3(C)C)=C2[O-])[se]c2ccccc21,-5.260497,-6.601881,-5.769756,-5.877378
CC[n+]1c(/C=C2\C(=O)C(/C=C3\N(Cc4ccccc4)c4ccc(I)cc4C3(C)C)=C2[O-])[se]c2ccccc21,-5.1811514,-6.4448614,-5.68138,-5.769130933333333
CC[n+]1c(/C=C2\C(=O)C(/C=C3\N(Cc4ccsc4)c4ccccc4C3(C)C)=C2[O-])[se]c2ccccc21,-5.197785,-6.4894567,-5.676693,-5.787978233333334
CC[n+]1c(/C=C2\C(=O)C(/C=C3\N(Cc4ccsc4)c4ccc(Br)cc4C3(C)C)=C2[O-])[se]c2ccccc21,-5.2625513,-6.5973516,-5.7763696,-5.8787575
CC[n+]1c(/C=C2\C(=O)C(/C=C3\N(Cc4ccsc4)c4ccc(I)cc4C3(C)C)=C2[O-])[se]c2ccccc21,-5.179267,-6.4342394,-5.682268,-5.765258133333333
CCN1/C(=C\C2=C([O-])/C(=C/c3[se]c4cc(Br)ccc4[n+]3CC)C2=O)C(C)(C)c2ccccc21,-5.1711493,-6.4381638,-5.7017736,-5.7703622333333335
CCN1/C(=C\C2=C([O-])/C(=C/c3[se]c4cc(Br)ccc4[n+]3CC)C2=O)C(C)(C)c2cc(Br)ccc21,-5.2404966,-6.5499887,-5.8006363,-5.8637072
CCN1/C(=C\C2=C([O-])/C(=C/c3[se]c4cc(Br)ccc4[n+]3CC)C2=O)C(C)(C)c2cc(I)ccc21,-5.153421,-6.3849964,-5.706433,-5.748283466666667
CCCCN1/C(=C\C2=C([O-])/C(=C/c3[se]c4cc(Br)ccc4[n+]3CC)C2=O)C(C)(C)c2ccccc21,-5.150946,-6.384182,-5.690117,-5.741748333333334
CCCCN1/C(=C\C2=C([O-])/C(=C/c3[se]c4cc(Br)ccc4[n+]3CC)C2=O)C(C)(C)c2cc(Br)ccc21,-5.2247086,-6.4901724,-5.78528,-5.833386999999999
CCCCN1/C(=C\C2=C([O-])/C(=C/c3[se]c4cc(Br)ccc4[n+]3CC)C2=O)C(C)(C)c2cc(I)ccc21,-5.1319437,-6.3293815,-5.6934276,-5.718250933333334
CC[n+]1c(/C=C2\C(=O)C(/C=C3\N(CCCCN)c4ccccc4C3(C)C)=C2[O-])[se]c2cc(Br)ccc21,-5.2701025,-6.638384,-5.8902836,-5.9329233666666665
CC[n+]1c(/C=C2\C(=O)C(/C=C3\N(CCCCN)c4ccc(Br)cc4C3(C)C)=C2[O-])[se]c2cc(Br)ccc21,-5.3316083,-6.6919794,-5.9555354,-5.993041033333333
CC[n+]1c(/C=C2\C(=O)C(/C=C3\N(CCCCN)c4ccc(I)cc4C3(C)C)=C2[O-])[se]c2cc(Br)ccc21,-5.266678,-6.5964518,-5.902802,-5.921977266666667
CC[n+]1c(/C=C2\C(=O)C(/C=C3\N(CCCCO)c4ccccc4C3(C)C)=C2[O-])[se]c2cc(Br)ccc21,-5.1168785,-6.4984756,-5.7057023,-5.773685466666667
CC[n+]1c(/C=C2\C(=O)C(/C=C3\N(CCCCO)c4ccc(Br)cc4C3(C)C)=C2[O-])[se]c2cc(Br)ccc21,-5.2375627,-6.612609,-5.8139257,-5.888032466666668
CC[n+]1c(/C=C2\C(=O)C(/C=C3\N(CCCCO)c4ccc(I)cc4C3(C)C)=C2[O-])[se]c2cc(Br)ccc21,-5.1040897,-6.4446907,-5.713352,-5.754044133333333
CC[n+]1c(/C=C2\C(=O)C(/C=C3\N(CCCC[N+](CC)(CC)CC)c4ccccc4C3(C)C)=C2[O-])[se]c2cc(Br)ccc21,-5.606443,-6.7180686,-5.794017,-6.039509533333333
CC[n+]1c(/C=C2\C(=O)C(/C=C3\N(CCCC[N+](CC)(CC)CC)c4ccc(Br)cc4C3(C)C)=C2[O-])[se]c2cc(Br)ccc21,-5.579101,-6.799924,-5.872705,-6.0839099999999995
CC[n+]1c(/C=C2\C(=O)C(/C=C3\N(CCCC[N+](CC)(CC)CC)c4ccc(I)cc4C3(C)C)=C2[O-])[se]c2cc(Br)ccc21,-5.595746,-6.6532373,-5.7866006,-6.0118613
CC[n+]1c(/C=C2\C(=O)C(/C=C3\N(CCCCS(=O)(=O)O)c4ccccc4C3(C)C)=C2[O-])[se]c2cc(Br)ccc21,-5.7512507,-6.8702908,-5.4641814,-6.0285743
CC[n+]1c(/C=C2\C(=O)C(/C=C3\N(CCCCS(=O)(=O)O)c4ccc(Br)cc4C3(C)C)=C2[O-])[se]c2cc(Br)ccc21,-5.809448,-6.91395,-5.5390086,-6.087468866666666
CC[n+]1c(/C=C2\C(=O)C(/C=C3\N(CCCCS(=O)(=O)O)c4ccc(I)cc4C3(C)C)=C2[O-])[se]c2cc(Br)ccc21,-5.7560086,-6.824127,-5.4757,-6.018611866666667
CC[n+]1c(/C=C2\C(=O)C(/C=C3\N(Cc4ccccc4)c4ccccc4C3(C)C)=C2[O-])[se]c2cc(Br)ccc21,-5.243787,-6.5846167,-5.7455378,-5.8579805
CC[n+]1c(/C=C2\C(=O)C(/C=C3\N(Cc4ccccc4)c4ccc(Br)cc4C3(C)C)=C2[O-])[se]c2cc(Br)ccc21,-5.304208,-6.678875,-5.836653,-5.939912
CC[n+]1c(/C=C2\C(=O)C(/C=C3\N(Cc4ccccc4)c4ccc(I)cc4C3(C)C)=C2[O-])[se]c2cc(Br)ccc21,-5.230247,-6.536962,-5.754219,-5.840476
CC[n+]1c(/C=C2\C(=O)C(/C=C3\N(Cc4ccsc4)c4ccccc4C3(C)C)=C2[O-])[se]c2cc(Br)ccc21,-5.2445893,-6.5776305,-5.751787,-5.8580022666666665
CC[n+]1c(/C=C2\C(=O)C(/C=C3\N(Cc4ccsc4)c4ccc(Br)cc4C3(C)C)=C2[O-])[se]c2cc(Br)ccc21,-5.301916,-6.6621346,-5.838414,-5.934154866666667
CC[n+]1c(/C=C2\C(=O)C(/C=C3\N(Cc4ccsc4)c4ccc(I)cc4C3(C)C)=C2[O-])[se]c2cc(Br)ccc21,-5.229498,-6.527256,-5.7584577,-5.8384039
CCN1/C(=C\C2=C([O-])/C(=C/c3[se]c4cc(I)ccc4[n+]3CC)C2=O)C(C)(C)c2ccccc21,-5.108314,-6.3033705,-5.6449976,-5.6855607
CCN1/C(=C\C2=C([O-])/C(=C/c3[se]c4cc(I)ccc4[n+]3CC)C2=O)C(C)(C)c2cc(Br)ccc21,-5.1861415,-6.424982,-5.7455697,-5.785564399999999
CCN1/C(=C\C2=C([O-])/C(=C/c3[se]c4cc(I)ccc4[n+]3CC)C2=O)C(C)(C)c2cc(I)ccc21,-5.0821695,-6.2425017,-5.6471653,-5.657278833333334
CCCCN1/C(=C\C2=C([O-])/C(=C/c3[se]c4cc(I)ccc4[n+]3CC)C2=O)C(C)(C)c2ccccc21,-5.086736,-6.254402,-5.6358876,-5.659008533333334
CCCCN1/C(=C\C2=C([O-])/C(=C/c3[se]c4cc(I)ccc4[n+]3CC)C2=O)C(C)(C)c2cc(Br)ccc21,-5.164237,-6.3675394,-5.7332945,-5.755023633333334
CCCCN1/C(=C\C2=C([O-])/C(=C/c3[se]c4cc(I)ccc4[n+]3CC)C2=O)C(C)(C)c2cc(I)ccc21,-5.0585847,-6.1872454,-5.6351776,-5.627002566666666
CC[n+]1c(/C=C2\C(=O)C(/C=C3\N(CCCCN)c4ccccc4C3(C)C)=C2[O-])[se]c2cc(I)ccc21,-5.231182,-6.5613976,-5.8629165,-5.885165366666667
CC[n+]1c(/C=C2\C(=O)C(/C=C3\N(CCCCN)c4ccc(Br)cc4C3(C)C)=C2[O-])[se]c2cc(I)ccc21,-5.2928467,-6.611092,-5.9264483,-5.943462333333334
CC[n+]1c(/C=C2\C(=O)C(/C=C3\N(CCCCN)c4ccc(I)cc4C3(C)C)=C2[O-])[se]c2cc(I)ccc21,-5.2189727,-6.511953,-5.871306,-5.867410566666667
CC[n+]1c(/C=C2\C(=O)C(/C=C3\N(CCCCO)c4ccccc4C3(C)C)=C2[O-])[se]c2cc(I)ccc21,-5.0168223,-6.353921,-5.641193,-5.670645433333334
CC[n+]1c(/C=C2\C(=O)C(/C=C3\N(CCCCO)c4ccc(Br)cc4C3(C)C)=C2[O-])[se]c2cc(I)ccc21,-5.1554356,-6.495026,-5.7607727,-5.803744766666667
CC[n+]1c(/C=C2\C(=O)C(/C=C3\N(CCCCO)c4ccc(I)cc4C3(C)C)=C2[O-])[se]c2cc(I)ccc21,-4.9991503,-6.293432,-5.6471996,-5.646593966666667
CC[n+]1c(/C=C2\C(=O)C(/C=C3\N(CCCC[N+](CC)(CC)CC)c4ccccc4C3(C)C)=C2[O-])[se]c2cc(I)ccc21,-5.609593,-6.608864,-5.7429996,-5.987152200000001
CC[n+]1c(/C=C2\C(=O)C(/C=C3\N(CCCC[N+](CC)(CC)CC)c4ccc(Br)cc4C3(C)C)=C2[O-])[se]c2cc(I)ccc21,-5.588201,-6.690344,-5.8191648,-6.032569933333334
CC[n+]1c(/C=C2\C(=O)C(/C=C3\N(CCCC[N+](CC)(CC)CC)c4ccc(I)cc4C3(C)C)=C2[O-])[se]c2cc(I)ccc21,-5.5966325,-6.5453644,-5.734685,-5.958893966666667
CC[n+]1c(/C=C2\C(=O)C(/C=C3\N(CCCCS(=O)(=O)O)c4ccccc4C3(C)C)=C2[O-])[se]c2cc(I)ccc21,-5.7189045,-6.78014,-5.427454,-5.975499500000001
CC[n+]1c(/C=C2\C(=O)C(/C=C3\N(CCCCS(=O)(=O)O)c4ccc(Br)cc4C3(C)C)=C2[O-])[se]c2cc(I)ccc21,-5.7822514,-6.8362217,-5.5070457,-6.041839599999999
CC[n+]1c(/C=C2\C(=O)C(/C=C3\N(CCCCS(=O)(=O)O)c4ccc(I)cc4C3(C)C)=C2[O-])[se]c2cc(I)ccc21,-5.7213683,-6.7339926,-5.439649,-5.965003299999999
CC[n+]1c(/C=C2\C(=O)C(/C=C3\N(Cc4ccccc4)c4ccccc4C3(C)C)=C2[O-])[se]c2cc(I)ccc21,-5.191805,-6.4607487,-5.6929045,-5.7818194
CC[n+]1c(/C=C2\C(=O)C(/C=C3\N(Cc4ccccc4)c4ccc(Br)cc4C3(C)C)=C2[O-])[se]c2cc(I)ccc21,-5.258206,-6.570015,-5.7887883,-5.872336433333333
CC[n+]1c(/C=C2\C(=O)C(/C=C3\N(Cc4ccccc4)c4ccc(I)cc4C3(C)C)=C2[O-])[se]c2cc(I)ccc21,-5.1746798,-6.409222,-5.69919,-5.761030600000001
CC[n+]1c(/C=C2\C(=O)C(/C=C3\N(Cc4ccsc4)c4ccccc4C3(C)C)=C2[O-])[se]c2cc(I)ccc21,-5.191099,-6.4518037,-5.6949887,-5.779297133333333
CC[n+]1c(/C=C2\C(=O)C(/C=C3\N(Cc4ccsc4)c4ccc(Br)cc4C3(C)C)=C2[O-])[se]c2cc(I)ccc21,-5.259699,-6.565599,-5.7958164,-5.8737048
CC[n+]1c(/C=C2\C(=O)C(/C=C3\N(Cc4ccsc4)c4ccc(I)cc4C3(C)C)=C2[O-])[se]c2cc(I)ccc21,-5.171924,-6.396487,-5.7000456,-5.7561522
CCCC[n+]1c(/C=C2\C(=O)C(/C=C3\N(CC)c4ccccc4C3(C)C)=C2[O-])[se]c2ccccc21,-5.1094737,-6.383203,-5.645785,-5.712820566666667
CCCC[n+]1c(/C=C2\C(=O)C(/C=C3\N(CC)c4ccc(Br)cc4C3(C)C)=C2[O-])[se]c2ccccc21,-5.1751733,-6.4820805,-5.7425256,-5.799926466666666
CCCC[n+]1c(/C=C2\C(=O)C(/C=C3\N(CC)c4ccc(I)cc4C3(C)C)=C2[O-])[se]c2ccccc21,-5.0902166,-6.324891,-5.654254,-5.6897872000000005
CCCCN1/C(=C\C2=C([O-])/C(=C/c3[se]c4ccccc4[n+]3CCCC)C2=O)C(C)(C)c2ccccc21,-5.0905466,-6.330124,-5.6398544,-5.686841666666666
CCCCN1/C(=C\C2=C([O-])/C(=C/c3[se]c4ccccc4[n+]3CCCC)C2=O)C(C)(C)c2cc(Br)ccc21,-5.155528,-6.418373,-5.7274127,-5.767104566666667
CCCCN1/C(=C\C2=C([O-])/C(=C/c3[se]c4ccccc4[n+]3CCCC)C2=O)C(C)(C)c2cc(I)ccc21,-5.070383,-6.2674274,-5.6435204,-5.6604436
CCCC[n+]1c(/C=C2\C(=O)C(/C=C3\N(CCCCN)c4ccccc4C3(C)C)=C2[O-])[se]c2ccccc21,-5.2124934,-6.59169,-5.8405533,-5.8815789
CCCC[n+]1c(/C=C2\C(=O)C(/C=C3\N(CCCCN)c4ccc(Br)cc4C3(C)C)=C2[O-])[se]c2ccccc21,-5.2733417,-6.627022,-5.9043493,-5.934904333333333
CCCC[n+]1c(/C=C2\C(=O)C(/C=C3\N(CCCCN)c4ccc(I)cc4C3(C)C)=C2[O-])[se]c2ccccc21,-5.201168,-6.5449834,-5.849158,-5.865103133333332
CCCC[n+]1c(/C=C2\C(=O)C(/C=C3\N(CCCCO)c4ccccc4C3(C)C)=C2[O-])[se]c2ccccc21,-5.0278378,-6.4234357,-5.641308,-5.697527166666667
CCCC[n+]1c(/C=C2\C(=O)C(/C=C3\N(CCCCO)c4ccc(Br)cc4C3(C)C)=C2[O-])[se]c2ccccc21,-5.15171,-6.524953,-5.7446036,-5.807088866666667
CCCC[n+]1c(/C=C2\C(=O)C(/C=C3\N(CCCCO)c4ccc(I)cc4C3(C)C)=C2[O-])[se]c2ccccc21,-5.007859,-6.3587766,-5.646284,-5.670973199999999
CCCC[n+]1c(/C=C2\C(=O)C(/C=C3\N(CCCC[N+](CC)(CC)CC)c4ccccc4C3(C)C)=C2[O-])[se]c2ccccc21,-5.6167674,-6.746296,-5.770768,-6.044610466666666
CCCC[n+]1c(/C=C2\C(=O)C(/C=C3\N(CCCC[N+](CC)(CC)CC)c4ccc(Br)cc4C3(C)C)=C2[O-])[se]c2ccccc21,-5.594441,-6.816695,-5.8471355,-6.0860905
CCCC[n+]1c(/C=C2\C(=O)C(/C=C3\N(CCCC[N+](CC)(CC)CC)c4ccc(I)cc4C3(C)C)=C2[O-])[se]c2ccccc21,-5.603005,-6.683462,-5.7642107,-6.016892566666666
CCCC[n+]1c(/C=C2\C(=O)C(/C=C3\N(CCCCS(=O)(=O)O)c4ccccc4C3(C)C)=C2[O-])[se]c2ccccc21,-5.6600256,-6.8192167,-5.413216,-5.964152766666667
CCCC[n+]1c(/C=C2\C(=O)C(/C=C3\N(CCCCS(=O)(=O)O)c4ccc(Br)cc4C3(C)C)=C2[O-])[se]c2ccccc21,-5.733573,-6.8690004,-5.491967,-6.0315134666666665
CCCC[n+]1c(/C=C2\C(=O)C(/C=C3\N(CCCCS(=O)(=O)O)c4ccc(I)cc4C3(C)C)=C2[O-])[se]c2ccccc21,-5.6680493,-6.7682323,-5.423794,-5.953358533333334
CCCC[n+]1c(/C=C2\C(=O)C(/C=C3\N(Cc4ccccc4)c4ccccc4C3(C)C)=C2[O-])[se]c2ccccc21,-5.188904,-6.5336175,-5.6896152,-5.804045566666666
CCCC[n+]1c(/C=C2\C(=O)C(/C=C3\N(Cc4ccccc4)c4ccc(Br)cc4C3(C)C)=C2[O-])[se]c2ccccc21,-5.2458577,-6.622664,-5.779984,-5.882835233333334
CCCC[n+]1c(/C=C2\C(=O)C(/C=C3\N(Cc4ccccc4)c4ccc(I)cc4C3(C)C)=C2[O-])[se]c2ccccc21,-5.170207,-6.4763913,-5.69789,-5.781496100000001
CCCC[n+]1c(/C=C2\C(=O)C(/C=C3\N(Cc4ccsc4)c4ccccc4C3(C)C)=C2[O-])[se]c2ccccc21,-5.187849,-6.5254145,-5.690391,-5.801218166666668
CCCC[n+]1c(/C=C2\C(=O)C(/C=C3\N(Cc4ccsc4)c4ccc(Br)cc4C3(C)C)=C2[O-])[se]c2ccccc21,-5.2438474,-6.611068,-5.7800055,-5.878306966666666
CCCC[n+]1c(/C=C2\C(=O)C(/C=C3\N(Cc4ccsc4)c4ccc(I)cc4C3(C)C)=C2[O-])[se]c2ccccc21,-5.168509,-6.465111,-5.696201,-5.776607000000001
CCCC[n+]1c(/C=C2\C(=O)C(/C=C3\N(CC)c4ccccc4C3(C)C)=C2[O-])[se]c2cc(Br)ccc21,-5.154301,-6.461129,-5.7177415,-5.777723833333333
CCCC[n+]1c(/C=C2\C(=O)C(/C=C3\N(CC)c4ccc(Br)cc4C3(C)C)=C2[O-])[se]c2cc(Br)ccc21,-5.2204156,-6.5590525,-5.8094687,-5.862978933333333
CCCC[n+]1c(/C=C2\C(=O)C(/C=C3\N(CC)c4ccc(I)cc4C3(C)C)=C2[O-])[se]c2cc(Br)ccc21,-5.138948,-6.4069757,-5.723432,-5.756451899999999
CCCCN1/C(=C\C2=C([O-])/C(=C/c3[se]c4cc(Br)ccc4[n+]3CCCC)C2=O)C(C)(C)c2ccccc21,-5.134792,-6.3968863,-5.705223,-5.745633766666667
CCCCN1/C(=C\C2=C([O-])/C(=C/c3[se]c4cc(Br)ccc4[n+]3CCCC)C2=O)C(C)(C)c2cc(Br)ccc21,-5.2032266,-6.4924874,-5.791245,-5.828986333333333
CCCCN1/C(=C\C2=C([O-])/C(=C/c3[se]c4cc(Br)ccc4[n+]3CCCC)C2=O)C(C)(C)c2cc(I)ccc21,-5.1179843,-6.342021,-5.7070584,-5.722354566666667
CCCC[n+]1c(/C=C2\C(=O)C(/C=C3\N(CCCCN)c4ccccc4C3(C)C)=C2[O-])[se]c2cc(Br)ccc21,-5.2468505,-6.6206617,-5.8888283,-5.918780166666667
CCCC[n+]1c(/C=C2\C(=O)C(/C=C3\N(CCCCN)c4ccc(Br)cc4C3(C)C)=C2[O-])[se]c2cc(Br)ccc21,-5.319019,-6.669675,-5.9593015,-5.982665166666666
CCCC[n+]1c(/C=C2\C(=O)C(/C=C3\N(CCCCN)c4ccc(I)cc4C3(C)C)=C2[O-])[se]c2cc(Br)ccc21,-5.241968,-6.5748363,-5.899505,-5.9054364333333345
CCCC[n+]1c(/C=C2\C(=O)C(/C=C3\N(CCCCO)c4ccccc4C3(C)C)=C2[O-])[se]c2cc(Br)ccc21,-5.1100874,-6.4961853,-5.717557,-5.774609900000001
CCCC[n+]1c(/C=C2\C(=O)C(/C=C3\N(CCCCO)c4ccc(Br)cc4C3(C)C)=C2[O-])[se]c2cc(Br)ccc21,-5.2268915,-6.592962,-5.8160276,-5.878627033333333
CCCC[n+]1c(/C=C2\C(=O)C(/C=C3\N(CCCCO)c4ccc(I)cc4C3(C)C)=C2[O-])[se]c2cc(Br)ccc21,-5.10113,-6.442367,-5.7266693,-5.7567221
CCCC[n+]1c(/C=C2\C(=O)C(/C=C3\N(CCCC[N+](CC)(CC)CC)c4ccccc4C3(C)C)=C2[O-])[se]c2cc(Br)ccc21,-5.599173,-6.801916,-5.827133,-6.076074000000001
CCCC[n+]1c(/C=C2\C(=O)C(/C=C3\N(CCCC[N+](CC)(CC)CC)c4ccc(Br)cc4C3(C)C)=C2[O-])[se]c2cc(Br)ccc21,-5.5755997,-6.872585,-5.9046345,-6.1176064
CCCC[n+]1c(/C=C2\C(=O)C(/C=C3\N(CCCC[N+](CC)(CC)CC)c4ccc(I)cc4C3(C)C)=C2[O-])[se]c2cc(Br)ccc21,-5.5907326,-6.737656,-5.8183756,-6.0489214
CCCC[n+]1c(/C=C2\C(=O)C(/C=C3\N(CCCCS(=O)(=O)O)c4ccccc4C3(C)C)=C2[O-])[se]c2cc(Br)ccc21,-5.709904,-6.859068,-5.474992,-6.014654666666666
CCCC[n+]1c(/C=C2\C(=O)C(/C=C3\N(CCCCS(=O)(=O)O)c4ccc(Br)cc4C3(C)C)=C2[O-])[se]c2cc(Br)ccc21,-5.7685494,-6.9010377,-5.5452366,-6.0716079
CCCC[n+]1c(/C=C2\C(=O)C(/C=C3\N(CCCCS(=O)(=O)O)c4ccc(I)cc4C3(C)C)=C2[O-])[se]c2cc(Br)ccc21,-5.720783,-6.812993,-5.4846478,-6.006141266666667
CCCC[n+]1c(/C=C2\C(=O)C(/C=C3\N(Cc4ccccc4)c4ccccc4C3(C)C)=C2[O-])[se]c2cc(Br)ccc21,-5.2274446,-6.608015,-5.758266,-5.8645752
CCCC[n+]1c(/C=C2\C(=O)C(/C=C3\N(Cc4ccccc4)c4ccc(Br)cc4C3(C)C)=C2[O-])[se]c2cc(Br)ccc21,-5.2806263,-6.68169,-5.837994,-5.9334367666666665
CCCC[n+]1c(/C=C2\C(=O)C(/C=C3\N(Cc4ccccc4)c4ccc(I)cc4C3(C)C)=C2[O-])[se]c2cc(Br)ccc21,-5.2121615,-6.554044,-5.763792,-5.8433325
CCCC[n+]1c(/C=C2\C(=O)C(/C=C3\N(Cc4ccsc4)c4ccccc4C3(C)C)=C2[O-])[se]c2cc(Br)ccc21,-5.225697,-6.594863,-5.7577233,-5.859427766666667
CCCC[n+]1c(/C=C2\C(=O)C(/C=C3\N(Cc4ccsc4)c4ccc(Br)cc4C3(C)C)=C2[O-])[se]c2cc(Br)ccc21,-5.277157,-6.666038,-5.8379707,-5.927055233333333
CCCC[n+]1c(/C=C2\C(=O)C(/C=C3\N(Cc4ccsc4)c4ccc(I)cc4C3(C)C)=C2[O-])[se]c2cc(Br)ccc21,-5.210442,-6.541491,-5.762806,-5.838246333333333
CCCC[n+]1c(/C=C2\C(=O)C(/C=C3\N(CC)c4ccccc4C3(C)C)=C2[O-])[se]c2cc(I)ccc21,-5.1001787,-6.3394594,-5.6670685,-5.702235533333333
CCCC[n+]1c(/C=C2\C(=O)C(/C=C3\N(CC)c4ccc(Br)cc4C3(C)C)=C2[O-])[se]c2cc(I)ccc21,-5.168443,-6.443624,-5.761766,-5.791277666666666
CCCC[n+]1c(/C=C2\C(=O)C(/C=C3\N(CC)c4ccc(I)cc4C3(C)C)=C2[O-])[se]c2cc(I)ccc21,-5.077031,-6.28104,-5.6704407,-5.676170566666666
CCCCN1/C(=C\C2=C([O-])/C(=C/c3[se]c4cc(I)ccc4[n+]3CCCC)C2=O)C(C)(C)c2ccccc21,-5.079786,-6.281344,-5.6584053,-5.673178433333334
CCCCN1/C(=C\C2=C([O-])/C(=C/c3[se]c4cc(I)ccc4[n+]3CCCC)C2=O)C(C)(C)c2cc(Br)ccc21,-5.1491113,-6.3790145,-5.745859,-5.757994933333333
CCCCN1/C(=C\C2=C([O-])/C(=C/c3[se]c4cc(I)ccc4[n+]3CCCC)C2=O)C(C)(C)c2cc(I)ccc21,-5.0582104,-6.2210712,-5.6579933,-5.645758300000001
CCCC[n+]1c(/C=C2\C(=O)C(/C=C3\N(CCCCN)c4ccccc4C3(C)C)=C2[O-])[se]c2cc(I)ccc21,-5.208331,-6.5535426,-5.862221,-5.8746982
CCCC[n+]1c(/C=C2\C(=O)C(/C=C3\N(CCCCN)c4ccc(Br)cc4C3(C)C)=C2[O-])[se]c2cc(I)ccc21,-5.275861,-6.5893564,-5.9272594,-5.9308255999999995
CCCC[n+]1c(/C=C2\C(=O)C(/C=C3\N(CCCCN)c4ccc(I)cc4C3(C)C)=C2[O-])[se]c2cc(I)ccc21,-5.1972322,-6.5021524,-5.8706193,-5.856667966666667
CCCC[n+]1c(/C=C2\C(=O)C(/C=C3\N(CCCCO)c4ccccc4C3(C)C)=C2[O-])[se]c2cc(I)ccc21,-5.0205517,-6.370283,-5.6627855,-5.684540066666666
CCCC[n+]1c(/C=C2\C(=O)C(/C=C3\N(CCCCO)c4ccc(Br)cc4C3(C)C)=C2[O-])[se]c2cc(I)ccc21,-5.152726,-6.4867363,-5.770485,-5.803315766666667
CCCC[n+]1c(/C=C2\C(=O)C(/C=C3\N(CCCCO)c4ccc(I)cc4C3(C)C)=C2[O-])[se]c2cc(I)ccc21,-4.997999,-6.3032455,-5.6668773,-5.6560406
CCCC[n+]1c(/C=C2\C(=O)C(/C=C3\N(CCCC[N+](CC)(CC)CC)c4ccccc4C3(C)C)=C2[O-])[se]c2cc(I)ccc21,-5.6018133,-6.696084,-5.7760873,-6.024661533333333
CCCC[n+]1c(/C=C2\C(=O)C(/C=C3\N(CCCC[N+](CC)(CC)CC)c4ccc(Br)cc4C3(C)C)=C2[O-])[se]c2cc(I)ccc21,-5.5834284,-6.766293,-5.849829,-6.0665168
CCCC[n+]1c(/C=C2\C(=O)C(/C=C3\N(CCCC[N+](CC)(CC)CC)c4ccc(I)cc4C3(C)C)=C2[O-])[se]c2cc(I)ccc21,-5.5878057,-6.631691,-5.768176,-5.9958909
CCCC[n+]1c(/C=C2\C(=O)C(/C=C3\N(CCCCS(=O)(=O)O)c4ccccc4C3(C)C)=C2[O-])[se]c2cc(I)ccc21,-5.6701837,-6.772247,-5.4385557,-5.960328799999999
CCCC[n+]1c(/C=C2\C(=O)C(/C=C3\N(CCCCS(=O)(=O)O)c4ccc(Br)cc4C3(C)C)=C2[O-])[se]c2cc(I)ccc21,-5.739517,-6.822824,-5.5142016,-6.0255142
CCCC[n+]1c(/C=C2\C(=O)C(/C=C3\N(CCCCS(=O)(=O)O)c4ccc(I)cc4C3(C)C)=C2[O-])[se]c2cc(I)ccc21,-5.671683,-6.7252936,-5.4491086,-5.948695066666666
CCCC[n+]1c(/C=C2\C(=O)C(/C=C3\N(Cc4ccccc4)c4ccccc4C3(C)C)=C2[O-])[se]c2cc(I)ccc21,-5.17936,-6.491116,-5.7104745,-5.793650166666667
CCCC[n+]1c(/C=C2\C(=O)C(/C=C3\N(Cc4ccccc4)c4ccc(Br)cc4C3(C)C)=C2[O-])[se]c2cc(I)ccc21,-5.240224,-6.586257,-5.7980585,-5.8748465
CCCC[n+]1c(/C=C2\C(=O)C(/C=C3\N(Cc4ccccc4)c4ccc(I)cc4C3(C)C)=C2[O-])[se]c2cc(I)ccc21,-5.1615953,-6.437565,-5.7165327,-5.771897666666668
CCCC[n+]1c(/C=C2\C(=O)C(/C=C3\N(Cc4ccsc4)c4ccccc4C3(C)C)=C2[O-])[se]c2cc(I)ccc21,-5.178349,-6.482049,-5.7091236,-5.789840533333333
CCCC[n+]1c(/C=C2\C(=O)C(/C=C3\N(Cc4ccsc4)c4ccc(Br)cc4C3(C)C)=C2[O-])[se]c2cc(I)ccc21,-5.237629,-6.5740867,-5.798035,-5.8699169
CCCC[n+]1c(/C=C2\C(=O)C(/C=C3\N(Cc4ccsc4)c4ccc(I)cc4C3(C)C)=C2[O-])[se]c2cc(I)ccc21,-5.158749,-6.424143,-5.713025,-5.765305666666667
CCN1/C(=C\C2=C([O-])/C(=C/c3[se]c4ccccc4[n+]3CCCCN)C2=O)C(C)(C)c2ccccc21,-5.217371,-6.649972,-5.8581257,-5.908489566666667
CCN1/C(=C\C2=C([O-])/C(=C/c3[se]c4ccccc4[n+]3CCCCN)C2=O)C(C)(C)c2cc(Br)ccc21,-5.278232,-6.6991034,-5.927793,-5.968376133333334
CCN1/C(=C\C2=C([O-])/C(=C/c3[se]c4ccccc4[n+]3CCCCN)C2=O)C(C)(C)c2cc(I)ccc21,-5.206727,-6.602213,-5.869905,-5.892948333333333
CCCCN1/C(=C\C2=C([O-])/C(=C/c3[se]c4ccccc4[n+]3CCCCN)C2=O)C(C)(C)c2ccccc21,-5.201269,-6.5815783,-5.842593,-5.875146766666667
CCCCN1/C(=C\C2=C([O-])/C(=C/c3[se]c4ccccc4[n+]3CCCCN)C2=O)C(C)(C)c2cc(Br)ccc21,-5.27411,-6.6296635,-5.9109774,-5.9382503
CCCCN1/C(=C\C2=C([O-])/C(=C/c3[se]c4ccccc4[n+]3CCCCN)C2=O)C(C)(C)c2cc(I)ccc21,-5.191024,-6.53592,-5.8516493,-5.859531100000001
CC1(C)/C(=C/C2=C([O-])/C(=C/c3[se]c4ccccc4[n+]3CCCCN)C2=O)N(CCCCN)c2ccccc21,-5.307625,-6.742578,-5.982939,-6.011047333333333
CC1(C)/C(=C/C2=C([O-])/C(=C/c3[se]c4ccccc4[n+]3CCCCN)C2=O)N(CCCCN)c2ccc(Br)cc21,-5.3605037,-6.795587,-6.03418,-6.063423566666667
CC1(C)/C(=C/C2=C([O-])/C(=C/c3[se]c4ccccc4[n+]3CCCCN)C2=O)N(CCCCN)c2ccc(I)cc21,-5.304997,-6.696271,-5.9903083,-5.9971920999999995
CC1(C)/C(=C/C2=C([O-])/C(=C/c3[se]c4ccccc4[n+]3CCCCN)C2=O)N(CCCCO)c2ccccc21,-5.222104,-6.67431,-5.8474274,-5.914613800000001
CC1(C)/C(=C/C2=C([O-])/C(=C/c3[se]c4ccccc4[n+]3CCCCN)C2=O)N(CCCCO)c2ccc(Br)cc21,-5.2997293,-6.7210174,-5.9224777,-5.981074799999999
CC1(C)/C(=C/C2=C([O-])/C(=C/c3[se]c4ccccc4[n+]3CCCCN)C2=O)N(CCCCO)c2ccc(I)cc21,-5.218347,-6.62452,-5.862546,-5.901804333333334
CC[N+](CC)(CC)CCCCN1/C(=C\C2=C([O-])/C(=C/c3[se]c4ccccc4[n+]3CCCCN)C2=O)C(C)(C)c2ccccc21,-5.546068,-7.020164,-5.9845552,-6.183595733333333
CC[N+](CC)(CC)CCCCN1/C(=C\C2=C([O-])/C(=C/c3[se]c4ccccc4[n+]3CCCCN)C2=O)C(C)(C)c2cc(Br)ccc21,-5.5280294,-7.1010904,-6.0781984,-6.235772733333334
CC[N+](CC)(CC)CCCCN1/C(=C\C2=C([O-])/C(=C/c3[se]c4ccccc4[n+]3CCCCN)C2=O)C(C)(C)c2cc(I)ccc21,-5.5359297,-6.949185,-5.9735913,-6.152902
CC1(C)/C(=C/C2=C([O-])/C(=C/c3[se]c4ccccc4[n+]3CCCCN)C2=O)N(CCCCS(=O)(=O)O)c2ccccc21,-5.7466207,-6.9961605,-5.571816,-6.104865733333334
CC1(C)/C(=C/C2=C([O-])/C(=C/c3[se]c4ccccc4[n+]3CCCCN)C2=O)N(CCCCS(=O)(=O)O)c2ccc(Br)cc21,-5.7768664,-7.028594,-5.6429853,-6.1494819000000005
CC1(C)/C(=C/C2=C([O-])/C(=C/c3[se]c4ccccc4[n+]3CCCCN)C2=O)N(CCCCS(=O)(=O)O)c2ccc(I)cc21,-5.7551384,-6.932733,-5.584483,-6.090784799999999
CC1(C)/C(=C/C2=C([O-])/C(=C/c3[se]c4ccccc4[n+]3CCCCN)C2=O)N(Cc2ccccc2)c2ccccc21,-5.264433,-6.7581844,-5.8791547,-5.967257366666668
CC1(C)/C(=C/C2=C([O-])/C(=C/c3[se]c4ccccc4[n+]3CCCCN)C2=O)N(Cc2ccccc2)c2ccc(Br)cc21,-5.296271,-6.7792215,-5.940709,-6.0054005
CC1(C)/C(=C/C2=C([O-])/C(=C/c3[se]c4ccccc4[n+]3CCCCN)C2=O)N(Cc2ccccc2)c2ccc(I)cc21,-5.258295,-6.7015843,-5.889342,-5.949740433333333
CC1(C)/C(=C/C2=C([O-])/C(=C/c3[se]c4ccccc4[n+]3CCCCN)C2=O)N(Cc2ccsc2)c2ccccc21,-5.2684064,-6.734706,-5.880979,-5.9613638
CC1(C)/C(=C/C2=C([O-])/C(=C/c3[se]c4ccccc4[n+]3CCCCN)C2=O)N(Cc2ccsc2)c2ccc(Br)cc21,-5.299471,-6.7557,-5.940789,-5.998653333333333
CC1(C)/C(=C/C2=C([O-])/C(=C/c3[se]c4ccccc4[n+]3CCCCN)C2=O)N(Cc2ccsc2)c2ccc(I)cc21,-5.2549977,-6.685248,-5.891063,-5.943769566666666
CCN1/C(=C\C2=C([O-])/C(=C/c3[se]c4cc(Br)ccc4[n+]3CCCCN)C2=O)C(C)(C)c2ccccc21,-5.254631,-6.692073,-5.910231,-5.952311666666667
CCN1/C(=C\C2=C([O-])/C(=C/c3[se]c4cc(Br)ccc4[n+]3CCCCN)C2=O)C(C)(C)c2cc(Br)ccc21,-5.3223524,-6.7411194,-5.978203,-6.0138916
CCN1/C(=C\C2=C([O-])/C(=C/c3[se]c4cc(Br)ccc4[n+]3CCCCN)C2=O)C(C)(C)c2cc(I)ccc21,-5.2494073,-6.646591,-5.923538,-5.939845433333333
CCCCN1/C(=C\C2=C([O-])/C(=C/c3[se]c4cc(Br)ccc4[n+]3CCCCN)C2=O)C(C)(C)c2ccccc21,-5.246266,-6.6218824,-5.8949695,-5.9210392999999995
CCCCN1/C(=C\C2=C([O-])/C(=C/c3[se]c4cc(Br)ccc4[n+]3CCCCN)C2=O)C(C)(C)c2cc(Br)ccc21,-5.322109,-6.673581,-5.965956,-5.987215333333334
CCCCN1/C(=C\C2=C([O-])/C(=C/c3[se]c4cc(Br)ccc4[n+]3CCCCN)C2=O)C(C)(C)c2cc(I)ccc21,-5.245439,-6.578815,-5.9076343,-5.910629433333334
CC1(C)/C(=C/C2=C([O-])/C(=C/c3[se]c4cc(Br)ccc4[n+]3CCCCN)C2=O)N(CCCCN)c2ccccc21,-5.344574,-6.785878,-6.0277195,-6.052723833333334
CC1(C)/C(=C/C2=C([O-])/C(=C/c3[se]c4cc(Br)ccc4[n+]3CCCCN)C2=O)N(CCCCN)c2ccc(Br)cc21,-5.3869753,-6.8383493,-6.0625076,-6.095944066666667
CC1(C)/C(=C/C2=C([O-])/C(=C/c3[se]c4cc(Br)ccc4[n+]3CCCCN)C2=O)N(CCCCN)c2ccc(I)cc21,-5.3415394,-6.740231,-6.0288196,-6.036863333333334
CC1(C)/C(=C/C2=C([O-])/C(=C/c3[se]c4cc(Br)ccc4[n+]3CCCCN)C2=O)N(CCCCO)c2ccccc21,-5.271491,-6.7097073,-5.903958,-5.9617187666666664
CC1(C)/C(=C/C2=C([O-])/C(=C/c3[se]c4cc(Br)ccc4[n+]3CCCCN)C2=O)N(CCCCO)c2ccc(Br)cc21,-5.349119,-6.7677183,-5.97987,-6.032235766666666
CC1(C)/C(=C/C2=C([O-])/C(=C/c3[se]c4cc(Br)ccc4[n+]3CCCCN)C2=O)N(CCCCO)c2ccc(I)cc21,-5.269836,-6.665507,-5.916473,-5.950605333333333
CC[N+](CC)(CC)CCCCN1/C(=C\C2=C([O-])/C(=C/c3[se]c4cc(Br)ccc4[n+]3CCCCN)C2=O)C(C)(C)c2ccccc21,-5.5334754,-7.085079,-6.053859,-6.2241378
CC[N+](CC)(CC)CCCCN1/C(=C\C2=C([O-])/C(=C/c3[se]c4cc(Br)ccc4[n+]3CCCCN)C2=O)C(C)(C)c2cc(Br)ccc21,-5.51799,-7.145501,-6.1306286,-6.264706533333334
CC[N+](CC)(CC)CCCCN1/C(=C\C2=C([O-])/C(=C/c3[se]c4cc(Br)ccc4[n+]3CCCCN)C2=O)C(C)(C)c2cc(I)ccc21,-5.5227356,-7.0148106,-6.037527,-6.1916910666666665
CC1(C)/C(=C/C2=C([O-])/C(=C/c3[se]c4cc(Br)ccc4[n+]3CCCCN)C2=O)N(CCCCS(=O)(=O)O)c2ccccc21,-5.767946,-7.0212355,-5.62715,-6.138777166666667
CC1(C)/C(=C/C2=C([O-])/C(=C/c3[se]c4cc(Br)ccc4[n+]3CCCCN)C2=O)N(CCCCS(=O)(=O)O)c2ccc(Br)cc21,-5.7935157,-7.060208,-5.7058735,-6.1865324
CC1(C)/C(=C/C2=C([O-])/C(=C/c3[se]c4cc(Br)ccc4[n+]3CCCCN)C2=O)N(CCCCS(=O)(=O)O)c2ccc(I)cc21,-5.7746134,-6.957906,-5.641053,-6.124524133333334
CC1(C)/C(=C/C2=C([O-])/C(=C/c3[se]c4cc(Br)ccc4[n+]3CCCCN)C2=O)N(Cc2ccccc2)c2ccccc21,-5.2864103,-6.7805386,-5.925094,-5.997347633333334
CC1(C)/C(=C/C2=C([O-])/C(=C/c3[se]c4cc(Br)ccc4[n+]3CCCCN)C2=O)N(Cc2ccccc2)c2ccc(Br)cc21,-5.3222637,-6.806244,-5.9877663,-6.0387580000000005
CC1(C)/C(=C/C2=C([O-])/C(=C/c3[se]c4cc(Br)ccc4[n+]3CCCCN)C2=O)N(Cc2ccccc2)c2ccc(I)cc21,-5.279892,-6.7289886,-5.936976,-5.981952199999999
CC1(C)/C(=C/C2=C([O-])/C(=C/c3[se]c4cc(Br)ccc4[n+]3CCCCN)C2=O)N(Cc2ccsc2)c2ccccc21,-5.287473,-6.7590714,-5.925733,-5.990759133333333
CC1(C)/C(=C/C2=C([O-])/C(=C/c3[se]c4cc(Br)ccc4[n+]3CCCCN)C2=O)N(Cc2ccsc2)c2ccc(Br)cc21,-5.334913,-6.7941437,-5.9893126,-6.039456433333332
CC1(C)/C(=C/C2=C([O-])/C(=C/c3[se]c4cc(Br)ccc4[n+]3CCCCN)C2=O)N(Cc2ccsc2)c2ccc(I)cc21,-5.281832,-6.7101183,-5.938974,-5.976974766666667
CCN1/C(=C\C2=C([O-])/C(=C/c3[se]c4cc(I)ccc4[n+]3CCCCN)C2=O)C(C)(C)c2ccccc21,-5.2150536,-6.613825,-5.8815775,-5.903485366666666
CCN1/C(=C\C2=C([O-])/C(=C/c3[se]c4cc(I)ccc4[n+]3CCCCN)C2=O)C(C)(C)c2cc(Br)ccc21,-5.278387,-6.6593466,-5.9491563,-5.962296633333334
CCN1/C(=C\C2=C([O-])/C(=C/c3[se]c4cc(I)ccc4[n+]3CCCCN)C2=O)C(C)(C)c2cc(I)ccc21,-5.203654,-6.5633006,-5.891898,-5.8862841999999995
CCCCN1/C(=C\C2=C([O-])/C(=C/c3[se]c4cc(I)ccc4[n+]3CCCCN)C2=O)C(C)(C)c2ccccc21,-5.1993566,-6.5457687,-5.865282,-5.8701357666666665
CCCCN1/C(=C\C2=C([O-])/C(=C/c3[se]c4cc(I)ccc4[n+]3CCCCN)C2=O)C(C)(C)c2cc(Br)ccc21,-5.2768626,-6.5920773,-5.933997,-5.934312299999999
CCCCN1/C(=C\C2=C([O-])/C(=C/c3[se]c4cc(I)ccc4[n+]3CCCCN)C2=O)C(C)(C)c2cc(I)ccc21,-5.189248,-6.494993,-5.873829,-5.85269
CC1(C)/C(=C/C2=C([O-])/C(=C/c3[se]c4cc(I)ccc4[n+]3CCCCN)C2=O)N(CCCCN)c2ccccc21,-5.3052616,-6.69972,-5.9961543,-6.000378633333334
CC1(C)/C(=C/C2=C([O-])/C(=C/c3[se]c4cc(I)ccc4[n+]3CCCCN)C2=O)N(CCCCN)c2ccc(Br)cc21,-5.356283,-6.751892,-6.036087,-6.048087333333332
CC1(C)/C(=C/C2=C([O-])/C(=C/c3[se]c4cc(I)ccc4[n+]3CCCCN)C2=O)N(CCCCN)c2ccc(I)cc21,-5.300077,-6.658246,-6.0005093,-5.986277433333334
CC1(C)/C(=C/C2=C([O-])/C(=C/c3[se]c4cc(I)ccc4[n+]3CCCCN)C2=O)N(CCCCO)c2ccccc21,-5.220581,-6.6278086,-5.873477,-5.907288866666668
CC1(C)/C(=C/C2=C([O-])/C(=C/c3[se]c4cc(I)ccc4[n+]3CCCCN)C2=O)N(CCCCO)c2ccc(Br)cc21,-5.301991,-6.6799107,-5.9467187,-5.9762068
CC1(C)/C(=C/C2=C([O-])/C(=C/c3[se]c4cc(I)ccc4[n+]3CCCCN)C2=O)N(CCCCO)c2ccc(I)cc21,-5.217852,-6.5837264,-5.8862963,-5.895958233333334
CC[N+](CC)(CC)CCCCN1/C(=C\C2=C([O-])/C(=C/c3[se]c4cc(I)ccc4[n+]3CCCCN)C2=O)C(C)(C)c2ccccc21,-5.534839,-6.960992,-5.9845157,-6.160115566666666
CC[N+](CC)(CC)CCCCN1/C(=C\C2=C([O-])/C(=C/c3[se]c4cc(I)ccc4[n+]3CCCCN)C2=O)C(C)(C)c2cc(Br)ccc21,-5.519907,-7.0483584,-6.074027,-6.214097466666666
CC[N+](CC)(CC)CCCCN1/C(=C\C2=C([O-])/C(=C/c3[se]c4cc(I)ccc4[n+]3CCCCN)C2=O)C(C)(C)c2cc(I)ccc21,-5.526854,-6.8935328,-5.9723754,-6.130920733333333
CC1(C)/C(=C/C2=C([O-])/C(=C/c3[se]c4cc(I)ccc4[n+]3CCCCN)C2=O)N(CCCCS(=O)(=O)O)c2ccccc21,-5.753756,-6.9307013,-5.594092,-6.092849766666667
CC1(C)/C(=C/C2=C([O-])/C(=C/c3[se]c4cc(I)ccc4[n+]3CCCCN)C2=O)N(CCCCS(=O)(=O)O)c2ccc(Br)cc21,-5.785215,-6.961793,-5.6675687,-6.138192233333334
CC1(C)/C(=C/C2=C([O-])/C(=C/c3[se]c4cc(I)ccc4[n+]3CCCCN)C2=O)N(CCCCS(=O)(=O)O)c2ccc(I)cc21,-5.760734,-6.873333,-5.6087155,-6.0809275000000005
CC1(C)/C(=C/C2=C([O-])/C(=C/c3[se]c4cc(I)ccc4[n+]3CCCCN)C2=O)N(Cc2ccccc2)c2ccccc21,-5.264031,-6.7097526,-5.8984923,-5.957425300000001
CC1(C)/C(=C/C2=C([O-])/C(=C/c3[se]c4cc(I)ccc4[n+]3CCCCN)C2=O)N(Cc2ccccc2)c2ccc(Br)cc21,-5.297161,-6.730248,-5.9612036,-5.9962042
CC1(C)/C(=C/C2=C([O-])/C(=C/c3[se]c4cc(I)ccc4[n+]3CCCCN)C2=O)N(Cc2ccccc2)c2ccc(I)cc21,-5.252481,-6.660357,-5.9109235,-5.941253833333334
CC1(C)/C(=C/C2=C([O-])/C(=C/c3[se]c4cc(I)ccc4[n+]3CCCCN)C2=O)N(Cc2ccsc2)c2ccccc21,-5.261966,-6.693666,-5.900762,-5.952131333333334
CC1(C)/C(=C/C2=C([O-])/C(=C/c3[se]c4cc(I)ccc4[n+]3CCCCN)C2=O)N(Cc2ccsc2)c2ccc(Br)cc21,-5.2980943,-6.713007,-5.9616675,-5.990922933333334
CC1(C)/C(=C/C2=C([O-])/C(=C/c3[se]c4cc(I)ccc4[n+]3CCCCN)C2=O)N(Cc2ccsc2)c2ccc(I)cc21,-5.2493114,-6.644325,-5.913007,-5.935547799999999
CCN1/C(=C\C2=C([O-])/C(=C/c3[se]c4ccccc4[n+]3CCCCO)C2=O)C(C)(C)c2ccccc21,-5.046645,-6.487837,-5.6678505,-5.734110833333333
CCN1/C(=C\C2=C([O-])/C(=C/c3[se]c4ccccc4[n+]3CCCCO)C2=O)C(C)(C)c2cc(Br)ccc21,-5.174179,-6.6118455,-5.786955,-5.857659833333333
CCN1/C(=C\C2=C([O-])/C(=C/c3[se]c4ccccc4[n+]3CCCCO)C2=O)C(C)(C)c2cc(I)ccc21,-5.033244,-6.4302483,-5.679051,-5.7141811
CCCCN1/C(=C\C2=C([O-])/C(=C/c3[se]c4ccccc4[n+]3CCCCO)C2=O)C(C)(C)c2ccccc21,-5.0243835,-6.420765,-5.655839,-5.700329166666667
CCCCN1/C(=C\C2=C([O-])/C(=C/c3[se]c4ccccc4[n+]3CCCCO)C2=O)C(C)(C)c2cc(Br)ccc21,-5.1679516,-6.5379715,-5.7690344,-5.824985833333333
CCCCN1/C(=C\C2=C([O-])/C(=C/c3[se]c4ccccc4[n+]3CCCCO)C2=O)C(C)(C)c2cc(I)ccc21,-5.0119395,-6.3605394,-5.6632457,-5.6785748666666676
CC1(C)/C(=C/C2=C([O-])/C(=C/c3[se]c4ccccc4[n+]3CCCCO)C2=O)N(CCCCN)c2ccccc21,-5.2328844,-6.675683,-5.8591423,-5.922569899999999
CC1(C)/C(=C/C2=C([O-])/C(=C/c3[se]c4ccccc4[n+]3CCCCO)C2=O)N(CCCCN)c2ccc(Br)cc21,-5.3112082,-6.7258925,-5.934293,-5.990464566666667
CC1(C)/C(=C/C2=C([O-])/C(=C/c3[se]c4ccccc4[n+]3CCCCO)C2=O)N(CCCCN)c2ccc(I)cc21,-5.2292576,-6.628634,-5.87367,-5.910520533333333
CC1(C)/C(=C/C2=C([O-])/C(=C/c3[se]c4ccccc4[n+]3CCCCO)C2=O)N(CCCCO)c2ccccc21,-5.093382,-6.5753107,-5.6820064,-5.783566366666666
CC1(C)/C(=C/C2=C([O-])/C(=C/c3[se]c4ccccc4[n+]3CCCCO)C2=O)N(CCCCO)c2ccc(Br)cc21,-5.2309866,-6.6719036,-5.785767,-5.896219066666667
CC1(C)/C(=C/C2=C([O-])/C(=C/c3[se]c4ccccc4[n+]3CCCCO)C2=O)N(CCCCO)c2ccc(I)cc21,-5.0859227,-6.5222673,-5.695139,-5.767776333333334
CC[N+](CC)(CC)CCCCN1/C(=C\C2=C([O-])/C(=C/c3[se]c4ccccc4[n+]3CCCCO)C2=O)C(C)(C)c2ccccc21,-5.5703483,-6.825286,-5.807363,-6.067665766666667
CC[N+](CC)(CC)CCCCN1/C(=C\C2=C([O-])/C(=C/c3[se]c4ccccc4[n+]3CCCCO)C2=O)C(C)(C)c2cc(Br)ccc21,-5.5487213,-6.9007416,-5.889589,-6.1130173
CC[N+](CC)(CC)CCCCN1/C(=C\C2=C([O-])/C(=C/c3[se]c4ccccc4[n+]3CCCCO)C2=O)C(C)(C)c2cc(I)ccc21,-5.5629716,-6.7579155,-5.800077,-6.040321366666667
CC1(C)/C(=C/C2=C([O-])/C(=C/c3[se]c4ccccc4[n+]3CCCCO)C2=O)N(CCCCS(=O)(=O)O)c2ccccc21,-5.70126,-6.9532375,-5.436207,-6.030234833333334
CC1(C)/C(=C/C2=C([O-])/C(=C/c3[se]c4ccccc4[n+]3CCCCO)C2=O)N(CCCCS(=O)(=O)O)c2ccc(Br)cc21,-5.7729983,-7.0053034,-5.522765,-6.100355566666667
CC1(C)/C(=C/C2=C([O-])/C(=C/c3[se]c4ccccc4[n+]3CCCCO)C2=O)N(CCCCS(=O)(=O)O)c2ccc(I)cc21,-5.7155714,-6.8973436,-5.448978,-6.020631000000001
CC1(C)/C(=C/C2=C([O-])/C(=C/c3[se]c4ccccc4[n+]3CCCCO)C2=O)N(Cc2ccccc2)c2ccccc21,-5.1415825,-6.6442747,-5.7198205,-5.8352259
CC1(C)/C(=C/C2=C([O-])/C(=C/c3[se]c4ccccc4[n+]3CCCCO)C2=O)N(Cc2ccccc2)c2ccc(Br)cc21,-5.2098384,-6.6993084,-5.8073306,-5.905492466666666
CC1(C)/C(=C/C2=C([O-])/C(=C/c3[se]c4ccccc4[n+]3CCCCO)C2=O)N(Cc2ccccc2)c2ccc(I)cc21,-5.1293263,-6.5819674,-5.730249,-5.8138475666666665
CC1(C)/C(=C/C2=C([O-])/C(=C/c3[se]c4ccccc4[n+]3CCCCO)C2=O)N(Cc2ccsc2)c2ccccc21,-5.1435466,-6.626972,-5.720431,-5.830316533333334
CC1(C)/C(=C/C2=C([O-])/C(=C/c3[se]c4ccccc4[n+]3CCCCO)C2=O)N(Cc2ccsc2)c2ccc(Br)cc21,-5.217404,-6.6830006,-5.807762,-5.9027221999999995
CC1(C)/C(=C/C2=C([O-])/C(=C/c3[se]c4ccccc4[n+]3CCCCO)C2=O)N(Cc2ccsc2)c2ccc(I)cc21,-5.127981,-6.5674615,-5.7310567,-5.808833066666668
CCN1/C(=C\C2=C([O-])/C(=C/c3[se]c4cc(Br)ccc4[n+]3CCCCO)C2=O)C(C)(C)c2ccccc21,-5.134521,-6.5834913,-5.755926,-5.8246461
CCN1/C(=C\C2=C([O-])/C(=C/c3[se]c4cc(Br)ccc4[n+]3CCCCO)C2=O)C(C)(C)c2cc(Br)ccc21,-5.245965,-6.6741247,-5.8544865,-5.924858733333333
CCN1/C(=C\C2=C([O-])/C(=C/c3[se]c4cc(Br)ccc4[n+]3CCCCO)C2=O)C(C)(C)c2cc(I)ccc21,-5.125916,-6.529329,-5.765923,-5.807056
CCCCN1/C(=C\C2=C([O-])/C(=C/c3[se]c4cc(Br)ccc4[n+]3CCCCO)C2=O)C(C)(C)c2ccccc21,-5.1268983,-6.509678,-5.7423444,-5.792973566666667
CCCCN1/C(=C\C2=C([O-])/C(=C/c3[se]c4cc(Br)ccc4[n+]3CCCCO)C2=O)C(C)(C)c2cc(Br)ccc21,-5.242819,-6.6041145,-5.8369575,-5.894630333333333
CCCCN1/C(=C\C2=C([O-])/C(=C/c3[se]c4cc(Br)ccc4[n+]3CCCCO)C2=O)C(C)(C)c2cc(I)ccc21,-5.1170044,-6.4577622,-5.749818,-5.7748615333333335
CC1(C)/C(=C/C2=C([O-])/C(=C/c3[se]c4cc(Br)ccc4[n+]3CCCCO)C2=O)N(CCCCN)c2ccccc21,-5.2827673,-6.7145905,-5.915534,-5.9709639333333335
CC1(C)/C(=C/C2=C([O-])/C(=C/c3[se]c4cc(Br)ccc4[n+]3CCCCO)C2=O)N(CCCCN)c2ccc(Br)cc21,-5.3590198,-6.7701917,-5.9891696,-6.039460366666667
CC1(C)/C(=C/C2=C([O-])/C(=C/c3[se]c4cc(Br)ccc4[n+]3CCCCO)C2=O)N(CCCCN)c2ccc(I)cc21,-5.281378,-6.67045,-5.928042,-5.959956666666666
CC1(C)/C(=C/C2=C([O-])/C(=C/c3[se]c4cc(Br)ccc4[n+]3CCCCO)C2=O)N(CCCCO)c2ccccc21,-5.1832495,-6.64911,-5.762612,-5.8649905
CC1(C)/C(=C/C2=C([O-])/C(=C/c3[se]c4cc(Br)ccc4[n+]3CCCCO)C2=O)N(CCCCO)c2ccc(Br)cc21,-5.2825456,-6.705498,-5.8489976,-5.9456804000000005
CC1(C)/C(=C/C2=C([O-])/C(=C/c3[se]c4cc(Br)ccc4[n+]3CCCCO)C2=O)N(CCCCO)c2ccc(I)cc21,-5.177608,-6.597778,-5.778047,-5.851144333333334
CC[N+](CC)(CC)CCCCN1/C(=C\C2=C([O-])/C(=C/c3[se]c4cc(Br)ccc4[n+]3CCCCO)C2=O)C(C)(C)c2ccccc21,-5.5548983,-6.8831444,-5.8667073,-6.101583333333333
CC[N+](CC)(CC)CCCCN1/C(=C\C2=C([O-])/C(=C/c3[se]c4cc(Br)ccc4[n+]3CCCCO)C2=O)C(C)(C)c2cc(Br)ccc21,-5.531579,-6.954515,-5.951423,-6.145839
CC[N+](CC)(CC)CCCCN1/C(=C\C2=C([O-])/C(=C/c3[se]c4cc(Br)ccc4[n+]3CCCCO)C2=O)C(C)(C)c2cc(I)ccc21,-5.5474124,-6.8092833,-5.8583055,-6.071667066666667
CC1(C)/C(=C/C2=C([O-])/C(=C/c3[se]c4cc(Br)ccc4[n+]3CCCCO)C2=O)N(CCCCS(=O)(=O)O)c2ccccc21,-5.7495923,-6.9869785,-5.5002217,-6.078930833333334
CC1(C)/C(=C/C2=C([O-])/C(=C/c3[se]c4cc(Br)ccc4[n+]3CCCCO)C2=O)N(CCCCS(=O)(=O)O)c2ccc(Br)cc21,-5.7934346,-7.0308867,-5.5765114,-6.133610900000001
CC1(C)/C(=C/C2=C([O-])/C(=C/c3[se]c4cc(Br)ccc4[n+]3CCCCO)C2=O)N(CCCCS(=O)(=O)O)c2ccc(I)cc21,-5.7605405,-6.928467,-5.5121193,-6.067042266666667
CC1(C)/C(=C/C2=C([O-])/C(=C/c3[se]c4cc(Br)ccc4[n+]3CCCCO)C2=O)N(Cc2ccccc2)c2ccccc21,-5.191231,-6.695355,-5.787088,-5.891224666666667
CC1(C)/C(=C/C2=C([O-])/C(=C/c3[se]c4cc(Br)ccc4[n+]3CCCCO)C2=O)N(Cc2ccccc2)c2ccc(Br)cc21,-5.2523375,-6.732214,-5.8625393,-5.949030266666667
CC1(C)/C(=C/C2=C([O-])/C(=C/c3[se]c4cc(Br)ccc4[n+]3CCCCO)C2=O)N(Cc2ccccc2)c2ccc(I)cc21,-5.180275,-6.6386375,-5.7972617,-5.872058066666667
CC1(C)/C(=C/C2=C([O-])/C(=C/c3[se]c4cc(Br)ccc4[n+]3CCCCO)C2=O)N(Cc2ccsc2)c2ccccc21,-5.195627,-6.677842,-5.7882767,-5.887248566666667
CC1(C)/C(=C/C2=C([O-])/C(=C/c3[se]c4cc(Br)ccc4[n+]3CCCCO)C2=O)N(Cc2ccsc2)c2ccc(Br)cc21,-5.2657876,-6.72245,-5.8652353,-5.951157633333334
CC1(C)/C(=C/C2=C([O-])/C(=C/c3[se]c4cc(Br)ccc4[n+]3CCCCO)C2=O)N(Cc2ccsc2)c2ccc(I)cc21,-5.181068,-6.622819,-5.79766,-5.867182333333333
CCN1/C(=C\C2=C([O-])/C(=C/c3[se]c4cc(I)ccc4[n+]3CCCCO)C2=O)C(C)(C)c2ccccc21,-5.042863,-6.442747,-5.6944017,-5.726670566666667
CCN1/C(=C\C2=C([O-])/C(=C/c3[se]c4cc(I)ccc4[n+]3CCCCO)C2=O)C(C)(C)c2cc(Br)ccc21,-5.176853,-6.574495,-5.812752,-5.8547
CCN1/C(=C\C2=C([O-])/C(=C/c3[se]c4cc(I)ccc4[n+]3CCCCO)C2=O)C(C)(C)c2cc(I)ccc21,-5.027898,-6.386893,-5.70306,-5.705950333333334
CCCCN1/C(=C\C2=C([O-])/C(=C/c3[se]c4cc(I)ccc4[n+]3CCCCO)C2=O)C(C)(C)c2ccccc21,-5.0223055,-6.3711205,-5.679992,-5.691139333333333
CCCCN1/C(=C\C2=C([O-])/C(=C/c3[se]c4cc(I)ccc4[n+]3CCCCO)C2=O)C(C)(C)c2cc(Br)ccc21,-5.170152,-6.5026255,-5.794553,-5.822443499999999
CCCCN1/C(=C\C2=C([O-])/C(=C/c3[se]c4cc(I)ccc4[n+]3CCCCO)C2=O)C(C)(C)c2cc(I)ccc21,-5.0097065,-6.3131366,-5.6856384,-5.669493833333334
CC1(C)/C(=C/C2=C([O-])/C(=C/c3[se]c4cc(I)ccc4[n+]3CCCCO)C2=O)N(CCCCN)c2ccccc21,-5.232004,-6.632308,-5.8848047,-5.916372233333334
CC1(C)/C(=C/C2=C([O-])/C(=C/c3[se]c4cc(I)ccc4[n+]3CCCCO)C2=O)N(CCCCN)c2ccc(Br)cc21,-5.3135576,-6.68486,-5.9588823,-5.985766633333333
CC1(C)/C(=C/C2=C([O-])/C(=C/c3[se]c4cc(I)ccc4[n+]3CCCCO)C2=O)N(CCCCN)c2ccc(I)cc21,-5.2294073,-6.588423,-5.8973546,-5.905061633333333
CC1(C)/C(=C/C2=C([O-])/C(=C/c3[se]c4cc(I)ccc4[n+]3CCCCO)C2=O)N(CCCCO)c2ccccc21,-5.0956507,-6.5313425,-5.712792,-5.7799284
CC1(C)/C(=C/C2=C([O-])/C(=C/c3[se]c4cc(I)ccc4[n+]3CCCCO)C2=O)N(CCCCO)c2ccc(Br)cc21,-5.226471,-6.6220355,-5.814579,-5.887695166666667
CC1(C)/C(=C/C2=C([O-])/C(=C/c3[se]c4cc(I)ccc4[n+]3CCCCO)C2=O)N(CCCCO)c2ccc(I)cc21,-5.085625,-6.4781294,-5.7264543,-5.7634029
CC[N+](CC)(CC)CCCCN1/C(=C\C2=C([O-])/C(=C/c3[se]c4cc(I)ccc4[n+]3CCCCO)C2=O)C(C)(C)c2ccccc21,-5.5600905,-6.768848,-5.811695,-6.046877833333333
CC[N+](CC)(CC)CCCCN1/C(=C\C2=C([O-])/C(=C/c3[se]c4cc(I)ccc4[n+]3CCCCO)C2=O)C(C)(C)c2cc(Br)ccc21,-5.539091,-6.837356,-5.891556,-6.089334333333333
CC[N+](CC)(CC)CCCCN1/C(=C\C2=C([O-])/C(=C/c3[se]c4cc(I)ccc4[n+]3CCCCO)C2=O)C(C)(C)c2cc(I)ccc21,-5.552064,-6.70168,-5.8032947,-6.0190129
CC1(C)/C(=C/C2=C([O-])/C(=C/c3[se]c4cc(I)ccc4[n+]3CCCCO)C2=O)N(CCCCS(=O)(=O)O)c2ccccc21,-5.713886,-6.89632,-5.4607015,-6.0236358333333335
CC1(C)/C(=C/C2=C([O-])/C(=C/c3[se]c4cc(I)ccc4[n+]3CCCCO)C2=O)N(CCCCS(=O)(=O)O)c2ccc(Br)cc21,-5.7781672,-6.9392633,-5.5427666,-6.086732366666666
CC1(C)/C(=C/C2=C([O-])/C(=C/c3[se]c4cc(I)ccc4[n+]3CCCCO)C2=O)N(CCCCS(=O)(=O)O)c2ccc(I)cc21,-5.722339,-6.842291,-5.4728556,-6.0124952
CC1(C)/C(=C/C2=C([O-])/C(=C/c3[se]c4cc(I)ccc4[n+]3CCCCO)C2=O)N(Cc2ccccc2)c2ccccc21,-5.141848,-6.5979853,-5.746529,-5.828787433333333
CC1(C)/C(=C/C2=C([O-])/C(=C/c3[se]c4cc(I)ccc4[n+]3CCCCO)C2=O)N(Cc2ccccc2)c2ccc(Br)cc21,-5.207539,-6.6529284,-5.829011,-5.896492800000001
CC1(C)/C(=C/C2=C([O-])/C(=C/c3[se]c4cc(I)ccc4[n+]3CCCCO)C2=O)N(Cc2ccccc2)c2ccc(I)cc21,-5.1233864,-6.539095,-5.754051,-5.8055108
CC1(C)/C(=C/C2=C([O-])/C(=C/c3[se]c4cc(I)ccc4[n+]3CCCCO)C2=O)N(Cc2ccsc2)c2ccccc21,-5.140619,-6.581387,-5.7461977,-5.822734566666667
CC1(C)/C(=C/C2=C([O-])/C(=C/c3[se]c4cc(I)ccc4[n+]3CCCCO)C2=O)N(Cc2ccsc2)c2ccc(Br)cc21,-5.2140594,-6.6399956,-5.83079,-5.894948333333333
CC1(C)/C(=C/C2=C([O-])/C(=C/c3[se]c4cc(I)ccc4[n+]3CCCCO)C2=O)N(Cc2ccsc2)c2ccc(I)cc21,-5.1244164,-6.5250545,-5.7532206,-5.800897166666666
CCN1/C(=C\C2=C([O-])/C(=C/c3[se]c4ccccc4[n+]3CCCC[N+](CC)(CC)CC)C2=O)C(C)(C)c2ccccc21,-5.6237073,-6.7507915,-5.7790666,-6.051188466666667
CCN1/C(=C\C2=C([O-])/C(=C/c3[se]c4ccccc4[n+]3CCCC[N+](CC)(CC)CC)C2=O)C(C)(C)c2cc(Br)ccc21,-5.5924044,-6.830448,-5.8601527,-6.0943350333333335
CCN1/C(=C\C2=C([O-])/C(=C/c3[se]c4ccccc4[n+]3CCCC[N+](CC)(CC)CC)C2=O)C(C)(C)c2cc(I)ccc21,-5.6112027,-6.685667,-5.7728333,-6.023234333333332
CCCCN1/C(=C\C2=C([O-])/C(=C/c3[se]c4ccccc4[n+]3CCCC[N+](CC)(CC)CC)C2=O)C(C)(C)c2ccccc21,-5.624059,-6.7396965,-5.773922,-6.0458925
CCCCN1/C(=C\C2=C([O-])/C(=C/c3[se]c4ccccc4[n+]3CCCC[N+](CC)(CC)CC)C2=O)C(C)(C)c2cc(Br)ccc21,-5.598051,-6.8132687,-5.851585,-6.0876349
CCCCN1/C(=C\C2=C([O-])/C(=C/c3[se]c4ccccc4[n+]3CCCC[N+](CC)(CC)CC)C2=O)C(C)(C)c2cc(I)ccc21,-5.6102777,-6.6782093,-5.767375,-6.018620666666667
CC[N+](CC)(CC)CCCC[n+]1c(/C=C2\C(=O)C(/C=C3\N(CCCCN)c4ccccc4C3(C)C)=C2[O-])[se]c2ccccc21,-5.55867,-7.015009,-5.9821243,-6.185267766666667
CC[N+](CC)(CC)CCCC[n+]1c(/C=C2\C(=O)C(/C=C3\N(CCCCN)c4ccc(Br)cc4C3(C)C)=C2[O-])[se]c2ccccc21,-5.5404773,-7.096975,-6.073803,-6.237085099999999
CC[N+](CC)(CC)CCCC[n+]1c(/C=C2\C(=O)C(/C=C3\N(CCCCN)c4ccc(I)cc4C3(C)C)=C2[O-])[se]c2ccccc21,-5.5482483,-6.943861,-5.9709196,-6.154342966666666
CC[N+](CC)(CC)CCCC[n+]1c(/C=C2\C(=O)C(/C=C3\N(CCCCO)c4ccccc4C3(C)C)=C2[O-])[se]c2ccccc21,-5.5853066,-6.8355346,-5.8030295,-6.074623566666666
CC[N+](CC)(CC)CCCC[n+]1c(/C=C2\C(=O)C(/C=C3\N(CCCCO)c4ccc(Br)cc4C3(C)C)=C2[O-])[se]c2ccccc21,-5.5643835,-6.9106317,-5.883747,-6.1195874
CC[N+](CC)(CC)CCCC[n+]1c(/C=C2\C(=O)C(/C=C3\N(CCCCO)c4ccc(I)cc4C3(C)C)=C2[O-])[se]c2ccccc21,-5.5781035,-6.7679834,-5.7956734,-6.047253433333334
CC[N+](CC)(CC)CCCCN1/C(=C\C2=C([O-])/C(=C/c3[se]c4ccccc4[n+]3CCCC[N+](CC)(CC)CC)C2=O)C(C)(C)c2ccccc21,-5.8441615,-7.2614145,-6.0237536,-6.3764432
CC[N+](CC)(CC)CCCCN1/C(=C\C2=C([O-])/C(=C/c3[se]c4ccccc4[n+]3CCCC[N+](CC)(CC)CC)C2=O)C(C)(C)c2cc(Br)ccc21,-5.785185,-7.3583345,-6.1395717,-6.427697066666667
CC[N+](CC)(CC)CCCCN1/C(=C\C2=C([O-])/C(=C/c3[se]c4ccccc4[n+]3CCCC[N+](CC)(CC)CC)C2=O)C(C)(C)c2cc(I)ccc21,-5.830247,-7.1813426,-6.0102105,-6.340600033333334
CC[N+](CC)(CC)CCCC[n+]1c(/C=C2\C(=O)C(/C=C3\N(CCCCS(=O)(=O)O)c4ccccc4C3(C)C)=C2[O-])[se]c2ccccc21,-5.8640566,-7.235493,-5.666616,-6.255388533333334
CC[N+](CC)(CC)CCCC[n+]1c(/C=C2\C(=O)C(/C=C3\N(CCCCS(=O)(=O)O)c4ccc(Br)cc4C3(C)C)=C2[O-])[se]c2ccccc21,-5.815282,-7.2695255,-5.7472806,-6.2773627
CC[N+](CC)(CC)CCCC[n+]1c(/C=C2\C(=O)C(/C=C3\N(CCCCS(=O)(=O)O)c4ccc(I)cc4C3(C)C)=C2[O-])[se]c2ccccc21,-5.8541164,-7.155827,-5.66121,-6.2237178
CC[N+](CC)(CC)CCCC[n+]1c(/C=C2\C(=O)C(/C=C3\N(Cc4ccccc4)c4ccccc4C3(C)C)=C2[O-])[se]c2ccccc21,-5.655964,-6.8971825,-5.818277,-6.123807833333333
CC[N+](CC)(CC)CCCC[n+]1c(/C=C2\C(=O)C(/C=C3\N(Cc4ccccc4)c4ccc(Br)cc4C3(C)C)=C2[O-])[se]c2ccccc21,-5.6247177,-6.9796686,-5.9021263,-6.168837533333334
CC[N+](CC)(CC)CCCC[n+]1c(/C=C2\C(=O)C(/C=C3\N(Cc4ccccc4)c4ccc(I)cc4C3(C)C)=C2[O-])[se]c2ccccc21,-5.6453576,-6.8259544,-5.810579,-6.093963666666666
CC[N+](CC)(CC)CCCC[n+]1c(/C=C2\C(=O)C(/C=C3\N(Cc4ccsc4)c4ccccc4C3(C)C)=C2[O-])[se]c2ccccc21,-5.6492968,-6.8533826,-5.8092155,-6.103964966666666
CC[N+](CC)(CC)CCCC[n+]1c(/C=C2\C(=O)C(/C=C3\N(Cc4ccsc4)c4ccc(Br)cc4C3(C)C)=C2[O-])[se]c2ccccc21,-5.6178236,-6.9359865,-5.8933716,-6.149060566666667
CC[N+](CC)(CC)CCCC[n+]1c(/C=C2\C(=O)C(/C=C3\N(Cc4ccsc4)c4ccc(I)cc4C3(C)C)=C2[O-])[se]c2ccccc21,-5.637161,-6.785884,-5.802232,-6.075092333333333
CCN1/C(=C\C2=C([O-])/C(=C/c3[se]c4cc(Br)ccc4[n+]3CCCC[N+](CC)(CC)CC)C2=O)C(C)(C)c2ccccc21,-5.60074,-6.81179,-5.836433,-6.082987666666667
CCN1/C(=C\C2=C([O-])/C(=C/c3[se]c4cc(Br)ccc4[n+]3CCCC[N+](CC)(CC)CC)C2=O)C(C)(C)c2cc(Br)ccc21,-5.572277,-6.8911686,-5.915812,-6.1264192
CCN1/C(=C\C2=C([O-])/C(=C/c3[se]c4cc(Br)ccc4[n+]3CCCC[N+](CC)(CC)CC)C2=O)C(C)(C)c2cc(I)ccc21,-5.5892725,-6.7452583,-5.829007,-6.0545126
CCCCN1/C(=C\C2=C([O-])/C(=C/c3[se]c4cc(Br)ccc4[n+]3CCCC[N+](CC)(CC)CC)C2=O)C(C)(C)c2ccccc21,-5.6025314,-6.79676,-5.830172,-6.0764878
CCCCN1/C(=C\C2=C([O-])/C(=C/c3[se]c4cc(Br)ccc4[n+]3CCCC[N+](CC)(CC)CC)C2=O)C(C)(C)c2cc(Br)ccc21,-5.579227,-6.868689,-5.907475,-6.118463666666666
CCCCN1/C(=C\C2=C([O-])/C(=C/c3[se]c4cc(Br)ccc4[n+]3CCCC[N+](CC)(CC)CC)C2=O)C(C)(C)c2cc(I)ccc21,-5.5944533,-6.7336035,-5.821263,-6.049773266666667
CC[N+](CC)(CC)CCCC[n+]1c(/C=C2\C(=O)C(/C=C3\N(CCCCN)c4ccccc4C3(C)C)=C2[O-])[se]c2cc(Br)ccc21,-5.545417,-7.078848,-6.0491486,-6.2244712
CC[N+](CC)(CC)CCCC[n+]1c(/C=C2\C(=O)C(/C=C3\N(CCCCN)c4ccc(Br)cc4C3(C)C)=C2[O-])[se]c2cc(Br)ccc21,-5.5305414,-7.1393065,-6.1263266,-6.2653915
CC[N+](CC)(CC)CCCC[n+]1c(/C=C2\C(=O)C(/C=C3\N(CCCCN)c4ccc(I)cc4C3(C)C)=C2[O-])[se]c2cc(Br)ccc21,-5.534924,-7.008723,-6.0321584,-6.191935133333334
CC[N+](CC)(CC)CCCC[n+]1c(/C=C2\C(=O)C(/C=C3\N(CCCCO)c4ccccc4C3(C)C)=C2[O-])[se]c2cc(Br)ccc21,-5.5698075,-6.892693,-5.861155,-6.107885166666667
CC[N+](CC)(CC)CCCC[n+]1c(/C=C2\C(=O)C(/C=C3\N(CCCCO)c4ccc(Br)cc4C3(C)C)=C2[O-])[se]c2cc(Br)ccc21,-5.548099,-6.9650593,-5.945441,-6.152866433333333
CC[N+](CC)(CC)CCCC[n+]1c(/C=C2\C(=O)C(/C=C3\N(CCCCO)c4ccc(I)cc4C3(C)C)=C2[O-])[se]c2cc(Br)ccc21,-5.563421,-6.8187647,-5.852647,-6.078277566666667
CC[N+](CC)(CC)CCCCN1/C(=C\C2=C([O-])/C(=C/c3[se]c4cc(Br)ccc4[n+]3CCCC[N+](CC)(CC)CC)C2=O)C(C)(C)c2ccccc21,-5.804844,-7.3223786,-6.102478,-6.4099002
CC[N+](CC)(CC)CCCCN1/C(=C\C2=C([O-])/C(=C/c3[se]c4cc(Br)ccc4[n+]3CCCC[N+](CC)(CC)CC)C2=O)C(C)(C)c2cc(Br)ccc21,-5.7410417,-7.4331875,-6.217355,-6.4638614
CC[N+](CC)(CC)CCCCN1/C(=C\C2=C([O-])/C(=C/c3[se]c4cc(Br)ccc4[n+]3CCCC[N+](CC)(CC)CC)C2=O)C(C)(C)c2cc(I)ccc21,-5.7963505,-7.2423854,-6.088119,-6.375618299999999
CC[N+](CC)(CC)CCCC[n+]1c(/C=C2\C(=O)C(/C=C3\N(CCCCS(=O)(=O)O)c4ccccc4C3(C)C)=C2[O-])[se]c2cc(Br)ccc21,-5.8335114,-7.2632513,-5.72598,-6.274247566666666
CC[N+](CC)(CC)CCCC[n+]1c(/C=C2\C(=O)C(/C=C3\N(CCCCS(=O)(=O)O)c4ccc(Br)cc4C3(C)C)=C2[O-])[se]c2cc(Br)ccc21,-5.788083,-7.3014216,-5.8039775,-6.297827366666667
CC[N+](CC)(CC)CCCC[n+]1c(/C=C2\C(=O)C(/C=C3\N(CCCCS(=O)(=O)O)c4ccc(I)cc4C3(C)C)=C2[O-])[se]c2cc(Br)ccc21,-5.8268924,-7.18222,-5.71723,-6.242114133333334
CC[N+](CC)(CC)CCCC[n+]1c(/C=C2\C(=O)C(/C=C3\N(Cc4ccccc4)c4ccccc4C3(C)C)=C2[O-])[se]c2cc(Br)ccc21,-5.6323695,-6.9619327,-5.8796105,-6.1579709
CC[N+](CC)(CC)CCCC[n+]1c(/C=C2\C(=O)C(/C=C3\N(Cc4ccccc4)c4ccc(Br)cc4C3(C)C)=C2[O-])[se]c2cc(Br)ccc21,-5.603225,-7.0377884,-5.9597526,-6.200255333333334
CC[N+](CC)(CC)CCCC[n+]1c(/C=C2\C(=O)C(/C=C3\N(Cc4ccccc4)c4ccc(I)cc4C3(C)C)=C2[O-])[se]c2cc(Br)ccc21,-5.6220593,-6.8864512,-5.8695655,-6.126025333333334
CC[N+](CC)(CC)CCCC[n+]1c(/C=C2\C(=O)C(/C=C3\N(Cc4ccsc4)c4ccccc4C3(C)C)=C2[O-])[se]c2cc(Br)ccc21,-5.6256876,-6.917236,-5.8696637,-6.137529099999999
CC[N+](CC)(CC)CCCC[n+]1c(/C=C2\C(=O)C(/C=C3\N(Cc4ccsc4)c4ccc(Br)cc4C3(C)C)=C2[O-])[se]c2cc(Br)ccc21,-5.599098,-6.995146,-5.9487076,-6.180983866666666
CC[N+](CC)(CC)CCCC[n+]1c(/C=C2\C(=O)C(/C=C3\N(Cc4ccsc4)c4ccc(I)cc4C3(C)C)=C2[O-])[se]c2cc(Br)ccc21,-5.6154213,-6.8452187,-5.8596544,-6.1067648000000005
CCN1/C(=C\C2=C([O-])/C(=C/c3[se]c4cc(I)ccc4[n+]3CCCC[N+](CC)(CC)CC)C2=O)C(C)(C)c2ccccc21,-5.610339,-6.7002077,-5.7836337,-6.031393466666667
CCN1/C(=C\C2=C([O-])/C(=C/c3[se]c4cc(I)ccc4[n+]3CCCC[N+](CC)(CC)CC)C2=O)C(C)(C)c2cc(Br)ccc21,-5.580876,-6.7780523,-5.8615675,-6.0734986
CCN1/C(=C\C2=C([O-])/C(=C/c3[se]c4cc(I)ccc4[n+]3CCCC[N+](CC)(CC)CC)C2=O)C(C)(C)c2cc(I)ccc21,-5.5964856,-6.635709,-5.7776246,-6.003273066666666
CCCCN1/C(=C\C2=C([O-])/C(=C/c3[se]c4cc(I)ccc4[n+]3CCCC[N+](CC)(CC)CC)C2=O)C(C)(C)c2ccccc21,-5.608969,-6.6905537,-5.779197,-6.0262399
CCCCN1/C(=C\C2=C([O-])/C(=C/c3[se]c4cc(I)ccc4[n+]3CCCC[N+](CC)(CC)CC)C2=O)C(C)(C)c2cc(Br)ccc21,-5.5872693,-6.763532,-5.8538227,-6.068208000000001
CCCCN1/C(=C\C2=C([O-])/C(=C/c3[se]c4cc(I)ccc4[n+]3CCCC[N+](CC)(CC)CC)C2=O)C(C)(C)c2cc(I)ccc21,-5.5950313,-6.6269155,-5.7712984,-5.9977484
CC[N+](CC)(CC)CCCC[n+]1c(/C=C2\C(=O)C(/C=C3\N(CCCCN)c4ccccc4C3(C)C)=C2[O-])[se]c2cc(I)ccc21,-5.547158,-6.9556675,-5.9818435,-6.161556333333333
CC[N+](CC)(CC)CCCC[n+]1c(/C=C2\C(=O)C(/C=C3\N(CCCCN)c4ccc(Br)cc4C3(C)C)=C2[O-])[se]c2cc(I)ccc21,-5.5322347,-7.040993,-6.068289,-6.2138389
CC[N+](CC)(CC)CCCC[n+]1c(/C=C2\C(=O)C(/C=C3\N(CCCCN)c4ccc(I)cc4C3(C)C)=C2[O-])[se]c2cc(I)ccc21,-5.5395045,-6.889224,-5.969191,-6.132639833333333
CC[N+](CC)(CC)CCCC[n+]1c(/C=C2\C(=O)C(/C=C3\N(CCCCO)c4ccccc4C3(C)C)=C2[O-])[se]c2cc(I)ccc21,-5.5751734,-6.778112,-5.8068647,-6.053383366666668
CC[N+](CC)(CC)CCCC[n+]1c(/C=C2\C(=O)C(/C=C3\N(CCCCO)c4ccc(Br)cc4C3(C)C)=C2[O-])[se]c2cc(I)ccc21,-5.554987,-6.846918,-5.8858643,-6.0959231
CC[N+](CC)(CC)CCCC[n+]1c(/C=C2\C(=O)C(/C=C3\N(CCCCO)c4ccc(I)cc4C3(C)C)=C2[O-])[se]c2cc(I)ccc21,-5.5671835,-6.710807,-5.7985706,-6.025520366666666
CC[N+](CC)(CC)CCCCN1/C(=C\C2=C([O-])/C(=C/c3[se]c4cc(I)ccc4[n+]3CCCC[N+](CC)(CC)CC)C2=O)C(C)(C)c2ccccc21,-5.8292413,-7.1916184,-6.022972,-6.3479439
CC[N+](CC)(CC)CCCCN1/C(=C\C2=C([O-])/C(=C/c3[se]c4cc(I)ccc4[n+]3CCCC[N+](CC)(CC)CC)C2=O)C(C)(C)c2cc(Br)ccc21,-5.77661,-7.2871494,-6.1335125,-6.399090633333333
CC[N+](CC)(CC)CCCCN1/C(=C\C2=C([O-])/C(=C/c3[se]c4cc(I)ccc4[n+]3CCCC[N+](CC)(CC)CC)C2=O)C(C)(C)c2cc(I)ccc21,-5.8150024,-7.1098013,-6.00917,-6.311324566666666
CC[N+](CC)(CC)CCCC[n+]1c(/C=C2\C(=O)C(/C=C3\N(CCCCS(=O)(=O)O)c4ccccc4C3(C)C)=C2[O-])[se]c2cc(I)ccc21,-5.8519535,-7.158713,-5.6715093,-6.227391933333333
CC[N+](CC)(CC)CCCC[n+]1c(/C=C2\C(=O)C(/C=C3\N(CCCCS(=O)(=O)O)c4ccc(Br)cc4C3(C)C)=C2[O-])[se]c2cc(I)ccc21,-5.809476,-7.1928473,-5.748978,-6.250433766666667
CC[N+](CC)(CC)CCCC[n+]1c(/C=C2\C(=O)C(/C=C3\N(CCCCS(=O)(=O)O)c4ccc(I)cc4C3(C)C)=C2[O-])[se]c2cc(I)ccc21,-5.841076,-7.0819407,-5.666609,-6.1965419
CC[N+](CC)(CC)CCCC[n+]1c(/C=C2\C(=O)C(/C=C3\N(Cc4ccccc4)c4ccccc4C3(C)C)=C2[O-])[se]c2cc(I)ccc21,-5.6434426,-6.8394384,-5.8218994,-6.1015934666666665
CC[N+](CC)(CC)CCCC[n+]1c(/C=C2\C(=O)C(/C=C3\N(Cc4ccccc4)c4ccc(Br)cc4C3(C)C)=C2[O-])[se]c2cc(I)ccc21,-5.6121383,-6.9193788,-5.9028997,-6.144805599999999
CC[N+](CC)(CC)CCCC[n+]1c(/C=C2\C(=O)C(/C=C3\N(Cc4ccccc4)c4ccc(I)cc4C3(C)C)=C2[O-])[se]c2cc(I)ccc21,-5.6319013,-6.7757635,-5.815593,-6.074419266666666
CC[N+](CC)(CC)CCCC[n+]1c(/C=C2\C(=O)C(/C=C3\N(Cc4ccsc4)c4ccccc4C3(C)C)=C2[O-])[se]c2cc(I)ccc21,-5.635183,-6.7989283,-5.81349,-6.082533766666667
CC[N+](CC)(CC)CCCC[n+]1c(/C=C2\C(=O)C(/C=C3\N(Cc4ccsc4)c4ccc(Br)cc4C3(C)C)=C2[O-])[se]c2cc(I)ccc21,-5.6075325,-6.879982,-5.893037,-6.1268505
CC[N+](CC)(CC)CCCC[n+]1c(/C=C2\C(=O)C(/C=C3\N(Cc4ccsc4)c4ccc(I)cc4C3(C)C)=C2[O-])[se]c2cc(I)ccc21,-5.6232314,-6.734909,-5.8068323,-6.0549909
CCN1/C(=C\C2=C([O-])/C(=C/c3[se]c4ccccc4[n+]3CCCCS(=O)(=O)O)C2=O)C(C)(C)c2ccccc21,-5.709161,-6.905568,-5.4351363,-6.016621766666667
CCN1/C(=C\C2=C([O-])/C(=C/c3[se]c4ccccc4[n+]3CCCCS(=O)(=O)O)C2=O)C(C)(C)c2cc(Br)ccc21,-5.7720504,-6.951501,-5.514431,-6.079327466666666
CCN1/C(=C\C2=C([O-])/C(=C/c3[se]c4ccccc4[n+]3CCCCS(=O)(=O)O)C2=O)C(C)(C)c2cc(I)ccc21,-5.7150064,-6.8509717,-5.449471,-6.0051497
CCCCN1/C(=C\C2=C([O-])/C(=C/c3[se]c4ccccc4[n+]3CCCCS(=O)(=O)O)C2=O)C(C)(C)c2ccccc21,-5.6885366,-6.8362627,-5.4241295,-5.982976266666667
CCCCN1/C(=C\C2=C([O-])/C(=C/c3[se]c4ccccc4[n+]3CCCCS(=O)(=O)O)C2=O)C(C)(C)c2cc(Br)ccc21,-5.761945,-6.8841677,-5.501807,-6.049306566666666
CCCCN1/C(=C\C2=C([O-])/C(=C/c3[se]c4ccccc4[n+]3CCCCS(=O)(=O)O)C2=O)C(C)(C)c2cc(I)ccc21,-5.699159,-6.785783,-5.4344754,-5.9731391333333335
CC1(C)/C(=C/C2=C([O-])/C(=C/c3[se]c4ccccc4[n+]3CCCCS(=O)(=O)O)C2=O)N(CCCCN)c2ccccc21,-5.7617135,-7.005161,-5.575724,-6.114199500000001
CC1(C)/C(=C/C2=C([O-])/C(=C/c3[se]c4ccccc4[n+]3CCCCS(=O)(=O)O)C2=O)N(CCCCN)c2ccc(Br)cc21,-5.786613,-7.0367064,-5.648175,-6.157164799999999
CC1(C)/C(=C/C2=C([O-])/C(=C/c3[se]c4ccccc4[n+]3CCCCS(=O)(=O)O)C2=O)N(CCCCN)c2ccc(I)cc21,-5.76999,-6.9418592,-5.5888386,-6.100229266666666
CC1(C)/C(=C/C2=C([O-])/C(=C/c3[se]c4ccccc4[n+]3CCCCS(=O)(=O)O)C2=O)N(CCCCO)c2ccccc21,-5.7091284,-6.966138,-5.429752,-6.035006133333333
CC1(C)/C(=C/C2=C([O-])/C(=C/c3[se]c4ccccc4[n+]3CCCCS(=O)(=O)O)C2=O)N(CCCCO)c2ccc(Br)cc21,-5.7786818,-7.0172396,-5.514956,-6.1036258000000005
CC1(C)/C(=C/C2=C([O-])/C(=C/c3[se]c4ccccc4[n+]3CCCCS(=O)(=O)O)C2=O)N(CCCCO)c2ccc(I)cc21,-5.7227945,-6.9099574,-5.4417286,-6.024826833333333
CC[N+](CC)(CC)CCCCN1/C(=C\C2=C([O-])/C(=C/c3[se]c4ccccc4[n+]3CCCCS(=O)(=O)O)C2=O)C(C)(C)c2ccccc21,-5.8653855,-7.2438736,-5.6672764,-6.258845166666667
CC[N+](CC)(CC)CCCCN1/C(=C\C2=C([O-])/C(=C/c3[se]c4ccccc4[n+]3CCCCS(=O)(=O)O)C2=O)C(C)(C)c2cc(Br)ccc21,-5.815972,-7.2796736,-5.74984,-6.281828533333333
CC[N+](CC)(CC)CCCCN1/C(=C\C2=C([O-])/C(=C/c3[se]c4ccccc4[n+]3CCCCS(=O)(=O)O)C2=O)C(C)(C)c2cc(I)ccc21,-5.856592,-7.1635885,-5.6617365,-6.227305666666666
CC1(C)/C(=C/C2=C([O-])/C(=C/c3[se]c4ccccc4[n+]3CCCCS(=O)(=O)O)C2=O)N(CCCCS(=O)(=O)O)c2ccccc21,-6.015802,-7.4258,-5.258262,-6.233287999999999
CC1(C)/C(=C/C2=C([O-])/C(=C/c3[se]c4ccccc4[n+]3CCCCS(=O)(=O)O)C2=O)N(CCCCS(=O)(=O)O)c2ccc(Br)cc21,-6.039772,-7.4604044,-5.3536205,-6.284598966666667
CC1(C)/C(=C/C2=C([O-])/C(=C/c3[se]c4ccccc4[n+]3CCCCS(=O)(=O)O)C2=O)N(CCCCS(=O)(=O)O)c2ccc(I)cc21,-6.0227304,-7.350543,-5.2762156,-6.216496333333333
CC1(C)/C(=C/C2=C([O-])/C(=C/c3[se]c4ccccc4[n+]3CCCCS(=O)(=O)O)C2=O)N(Cc2ccccc2)c2ccccc21,-5.7165766,-6.9992094,-5.443593,-6.053126333333334
CC1(C)/C(=C/C2=C([O-])/C(=C/c3[se]c4ccccc4[n+]3CCCCS(=O)(=O)O)C2=O)N(Cc2ccccc2)c2ccc(Br)cc21,-5.7439885,-7.0287237,-5.5210958,-6.097936000000001
CC1(C)/C(=C/C2=C([O-])/C(=C/c3[se]c4ccccc4[n+]3CCCCS(=O)(=O)O)C2=O)N(Cc2ccccc2)c2ccc(I)cc21,-5.71876,-6.9350133,-5.4602175,-6.037996933333333
CC1(C)/C(=C/C2=C([O-])/C(=C/c3[se]c4ccccc4[n+]3CCCCS(=O)(=O)O)C2=O)N(Cc2ccsc2)c2ccccc21,-5.726322,-6.9824047,-5.452261,-6.053662566666667
CC1(C)/C(=C/C2=C([O-])/C(=C/c3[se]c4ccccc4[n+]3CCCCS(=O)(=O)O)C2=O)N(Cc2ccsc2)c2ccc(Br)cc21,-5.755014,-7.007603,-5.525635,-6.096084
CC1(C)/C(=C/C2=C([O-])/C(=C/c3[se]c4ccccc4[n+]3CCCCS(=O)(=O)O)C2=O)N(Cc2ccsc2)c2ccc(I)cc21,-5.7295,-6.9232416,-5.4659147,-6.039552099999999
CCN1/C(=C\C2=C([O-])/C(=C/c3[se]c4cc(Br)ccc4[n+]3CCCCS(=O)(=O)O)C2=O)C(C)(C)c2ccccc21,-5.7495246,-6.9472485,-5.495282,-6.064018366666666
CCN1/C(=C\C2=C([O-])/C(=C/c3[se]c4cc(Br)ccc4[n+]3CCCCS(=O)(=O)O)C2=O)C(C)(C)c2cc(Br)ccc21,-5.795163,-6.979698,-5.570603,-6.115154666666666
CCN1/C(=C\C2=C([O-])/C(=C/c3[se]c4cc(Br)ccc4[n+]3CCCCS(=O)(=O)O)C2=O)C(C)(C)c2cc(I)ccc21,-5.754955,-6.894744,-5.5102596,-6.053319533333333
CCCCN1/C(=C\C2=C([O-])/C(=C/c3[se]c4cc(Br)ccc4[n+]3CCCCS(=O)(=O)O)C2=O)C(C)(C)c2ccccc21,-5.7400756,-6.876725,-5.4847794,-6.033860000000001
CCCCN1/C(=C\C2=C([O-])/C(=C/c3[se]c4cc(Br)ccc4[n+]3CCCCS(=O)(=O)O)C2=O)C(C)(C)c2cc(Br)ccc21,-5.788296,-6.912546,-5.554401,-6.085081
CCCCN1/C(=C\C2=C([O-])/C(=C/c3[se]c4cc(Br)ccc4[n+]3CCCCS(=O)(=O)O)C2=O)C(C)(C)c2cc(I)ccc21,-5.7474775,-6.830704,-5.4951873,-6.024456266666667
CC1(C)/C(=C/C2=C([O-])/C(=C/c3[se]c4cc(Br)ccc4[n+]3CCCCS(=O)(=O)O)C2=O)N(CCCCN)c2ccccc21,-5.778728,-7.029231,-5.632088,-6.146682333333334
CC1(C)/C(=C/C2=C([O-])/C(=C/c3[se]c4cc(Br)ccc4[n+]3CCCCS(=O)(=O)O)C2=O)N(CCCCN)c2ccc(Br)cc21,-5.80506,-7.067152,-5.7105923,-6.1942680999999995
CC1(C)/C(=C/C2=C([O-])/C(=C/c3[se]c4cc(Br)ccc4[n+]3CCCCS(=O)(=O)O)C2=O)N(CCCCN)c2ccc(I)cc21,-5.7875724,-6.9657373,-5.646177,-6.133162233333333
CC1(C)/C(=C/C2=C([O-])/C(=C/c3[se]c4cc(Br)ccc4[n+]3CCCCS(=O)(=O)O)C2=O)N(CCCCO)c2ccccc21,-5.756707,-6.999906,-5.4931183,-6.0832437666666666
CC1(C)/C(=C/C2=C([O-])/C(=C/c3[se]c4cc(Br)ccc4[n+]3CCCCS(=O)(=O)O)C2=O)N(CCCCO)c2ccc(Br)cc21,-5.795796,-7.041877,-5.567949,-6.135207333333334
CC1(C)/C(=C/C2=C([O-])/C(=C/c3[se]c4cc(Br)ccc4[n+]3CCCCS(=O)(=O)O)C2=O)N(CCCCO)c2ccc(I)cc21,-5.765933,-6.9403014,-5.5046964,-6.070310266666667
CC[N+](CC)(CC)CCCCN1/C(=C\C2=C([O-])/C(=C/c3[se]c4cc(Br)ccc4[n+]3CCCCS(=O)(=O)O)C2=O)C(C)(C)c2ccccc21,-5.8345513,-7.271976,-5.7271404,-6.277889233333333
CC[N+](CC)(CC)CCCCN1/C(=C\C2=C([O-])/C(=C/c3[se]c4cc(Br)ccc4[n+]3CCCCS(=O)(=O)O)C2=O)C(C)(C)c2cc(Br)ccc21,-5.788392,-7.3117476,-5.8074217,-6.302520433333334
CC[N+](CC)(CC)CCCCN1/C(=C\C2=C([O-])/C(=C/c3[se]c4cc(Br)ccc4[n+]3CCCCS(=O)(=O)O)C2=O)C(C)(C)c2cc(I)ccc21,-5.828788,-7.1900864,-5.7184005,-6.245758300000001
CC1(C)/C(=C/C2=C([O-])/C(=C/c3[se]c4cc(Br)ccc4[n+]3CCCCS(=O)(=O)O)C2=O)N(CCCCS(=O)(=O)O)c2ccccc21,-6.0288525,-7.4441495,-5.3309755,-6.267992500000001
CC1(C)/C(=C/C2=C([O-])/C(=C/c3[se]c4cc(Br)ccc4[n+]3CCCCS(=O)(=O)O)C2=O)N(CCCCS(=O)(=O)O)c2ccc(Br)cc21,-6.0333366,-7.479671,-5.416909,-6.3099722
CC1(C)/C(=C/C2=C([O-])/C(=C/c3[se]c4cc(Br)ccc4[n+]3CCCCS(=O)(=O)O)C2=O)N(CCCCS(=O)(=O)O)c2ccc(I)cc21,-6.0360723,-7.3666506,-5.344921,-6.249214633333334
CC1(C)/C(=C/C2=C([O-])/C(=C/c3[se]c4cc(Br)ccc4[n+]3CCCCS(=O)(=O)O)C2=O)N(Cc2ccccc2)c2ccccc21,-5.742134,-7.0301533,-5.505987,-6.0927581
CC1(C)/C(=C/C2=C([O-])/C(=C/c3[se]c4cc(Br)ccc4[n+]3CCCCS(=O)(=O)O)C2=O)N(Cc2ccccc2)c2ccc(Br)cc21,-5.755521,-7.0510054,-5.576821,-6.127782466666666
CC1(C)/C(=C/C2=C([O-])/C(=C/c3[se]c4cc(Br)ccc4[n+]3CCCCS(=O)(=O)O)C2=O)N(Cc2ccccc2)c2ccc(I)cc21,-5.744773,-6.962708,-5.5174656,-6.074982200000001
CC1(C)/C(=C/C2=C([O-])/C(=C/c3[se]c4cc(Br)ccc4[n+]3CCCCS(=O)(=O)O)C2=O)N(Cc2ccsc2)c2ccccc21,-5.751625,-7.0071125,-5.5092144,-6.0893173
CC1(C)/C(=C/C2=C([O-])/C(=C/c3[se]c4cc(Br)ccc4[n+]3CCCCS(=O)(=O)O)C2=O)N(Cc2ccsc2)c2ccc(Br)cc21,-5.7707934,-7.034232,-5.5831895,-6.129404966666667
CC1(C)/C(=C/C2=C([O-])/C(=C/c3[se]c4cc(Br)ccc4[n+]3CCCCS(=O)(=O)O)C2=O)N(Cc2ccsc2)c2ccc(I)cc21,-5.7544203,-6.942952,-5.520145,-6.072505766666667
CCN1/C(=C\C2=C([O-])/C(=C/c3[se]c4cc(I)ccc4[n+]3CCCCS(=O)(=O)O)C2=O)C(C)(C)c2ccccc21,-5.7167974,-6.8568325,-5.461209,-6.011612966666667
CCN1/C(=C\C2=C([O-])/C(=C/c3[se]c4cc(I)ccc4[n+]3CCCCS(=O)(=O)O)C2=O)C(C)(C)c2cc(Br)ccc21,-5.7789083,-6.9036674,-5.5401907,-6.074255466666667
CCN1/C(=C\C2=C([O-])/C(=C/c3[se]c4cc(I)ccc4[n+]3CCCCS(=O)(=O)O)C2=O)C(C)(C)c2cc(I)ccc21,-5.719973,-6.808443,-5.4745054,-6.0009738
CCCCN1/C(=C\C2=C([O-])/C(=C/c3[se]c4cc(I)ccc4[n+]3CCCCS(=O)(=O)O)C2=O)C(C)(C)c2ccccc21,-5.7008257,-6.789765,-5.4489484,-5.979846366666667
CCCCN1/C(=C\C2=C([O-])/C(=C/c3[se]c4cc(I)ccc4[n+]3CCCCS(=O)(=O)O)C2=O)C(C)(C)c2cc(Br)ccc21,-5.768638,-6.838867,-5.5247664,-6.044090466666667
CCCCN1/C(=C\C2=C([O-])/C(=C/c3[se]c4cc(I)ccc4[n+]3CCCCS(=O)(=O)O)C2=O)C(C)(C)c2cc(I)ccc21,-5.7079144,-6.743264,-5.4590187,-5.970065699999999
CC1(C)/C(=C/C2=C([O-])/C(=C/c3[se]c4cc(I)ccc4[n+]3CCCCS(=O)(=O)O)C2=O)N(CCCCN)c2ccccc21,-5.768921,-6.9400034,-5.598744,-6.102556133333334
CC1(C)/C(=C/C2=C([O-])/C(=C/c3[se]c4cc(I)ccc4[n+]3CCCCS(=O)(=O)O)C2=O)N(CCCCN)c2ccc(Br)cc21,-5.7964725,-6.969867,-5.67215,-6.146163166666668
CC1(C)/C(=C/C2=C([O-])/C(=C/c3[se]c4cc(I)ccc4[n+]3CCCCS(=O)(=O)O)C2=O)N(CCCCN)c2ccc(I)cc21,-5.777003,-6.88471,-5.613274,-6.091662333333333
CC1(C)/C(=C/C2=C([O-])/C(=C/c3[se]c4cc(I)ccc4[n+]3CCCCS(=O)(=O)O)C2=O)N(CCCCO)c2ccccc21,-5.723749,-6.910886,-5.454664,-6.029766333333334
CC1(C)/C(=C/C2=C([O-])/C(=C/c3[se]c4cc(I)ccc4[n+]3CCCCS(=O)(=O)O)C2=O)N(CCCCO)c2ccc(Br)cc21,-5.783213,-6.9497714,-5.53401,-6.088998133333334
CC1(C)/C(=C/C2=C([O-])/C(=C/c3[se]c4cc(I)ccc4[n+]3CCCCS(=O)(=O)O)C2=O)N(CCCCO)c2ccc(I)cc21,-5.73212,-6.8540645,-5.465989,-6.017391166666667
CC[N+](CC)(CC)CCCCN1/C(=C\C2=C([O-])/C(=C/c3[se]c4cc(I)ccc4[n+]3CCCCS(=O)(=O)O)C2=O)C(C)(C)c2ccccc21,-5.8538675,-7.166476,-5.6722646,-6.230869366666667
CC[N+](CC)(CC)CCCCN1/C(=C\C2=C([O-])/C(=C/c3[se]c4cc(I)ccc4[n+]3CCCCS(=O)(=O)O)C2=O)C(C)(C)c2cc(Br)ccc21,-5.810108,-7.2017684,-5.7511616,-6.254345999999999
CC[N+](CC)(CC)CCCCN1/C(=C\C2=C([O-])/C(=C/c3[se]c4cc(I)ccc4[n+]3CCCCS(=O)(=O)O)C2=O)C(C)(C)c2cc(I)ccc21,-5.8434153,-7.0888834,-5.667425,-6.1999078999999995
CC1(C)/C(=C/C2=C([O-])/C(=C/c3[se]c4cc(I)ccc4[n+]3CCCCS(=O)(=O)O)C2=O)N(CCCCS(=O)(=O)O)c2ccccc21,-6.020335,-7.3451185,-5.2877603,-6.217737933333335
CC1(C)/C(=C/C2=C([O-])/C(=C/c3[se]c4cc(I)ccc4[n+]3CCCCS(=O)(=O)O)C2=O)N(CCCCS(=O)(=O)O)c2ccc(Br)cc21,-6.0429134,-7.3774357,-5.3731346,-6.2644945666666665
CC1(C)/C(=C/C2=C([O-])/C(=C/c3[se]c4cc(I)ccc4[n+]3CCCCS(=O)(=O)O)C2=O)N(CCCCS(=O)(=O)O)c2ccc(I)cc21,-6.0246553,-7.268187,-5.3050632,-6.199301833333333
CC1(C)/C(=C/C2=C([O-])/C(=C/c3[se]c4cc(I)ccc4[n+]3CCCCS(=O)(=O)O)C2=O)N(Cc2ccccc2)c2ccccc21,-5.721663,-6.9415755,-5.471109,-6.0447825
CC1(C)/C(=C/C2=C([O-])/C(=C/c3[se]c4cc(I)ccc4[n+]3CCCCS(=O)(=O)O)C2=O)N(Cc2ccccc2)c2ccc(Br)cc21,-5.748719,-6.963807,-5.5429797,-6.085168566666667
CC1(C)/C(=C/C2=C([O-])/C(=C/c3[se]c4cc(I)ccc4[n+]3CCCCS(=O)(=O)O)C2=O)N(Cc2ccccc2)c2ccc(I)cc21,-5.7234015,-6.885045,-5.484072,-6.0308395
CC1(C)/C(=C/C2=C([O-])/C(=C/c3[se]c4cc(I)ccc4[n+]3CCCCS(=O)(=O)O)C2=O)N(Cc2ccsc2)c2ccccc21,-5.731874,-6.927227,-5.476258,-6.045119666666667
CC1(C)/C(=C/C2=C([O-])/C(=C/c3[se]c4cc(I)ccc4[n+]3CCCCS(=O)(=O)O)C2=O)N(Cc2ccsc2)c2ccc(Br)cc21,-5.759897,-6.945621,-5.5476336,-6.084383866666666
CC1(C)/C(=C/C2=C([O-])/C(=C/c3[se]c4cc(I)ccc4[n+]3CCCCS(=O)(=O)O)C2=O)N(Cc2ccsc2)c2ccc(I)cc21,-5.7356005,-6.873226,-5.4891896,-6.032672033333333
CCN1/C(=C\C2=C([O-])/C(=C/c3[se]c4ccccc4[n+]3Cc3ccccc3)C2=O)C(C)(C)c2ccccc21,-5.1387396,-6.4010987,-5.6672964,-5.735711566666666
CCN1/C(=C\C2=C([O-])/C(=C/c3[se]c4ccccc4[n+]3Cc3ccccc3)C2=O)C(C)(C)c2cc(Br)ccc21,-5.2120986,-6.5162754,-5.766702,-5.831691999999999
CCN1/C(=C\C2=C([O-])/C(=C/c3[se]c4ccccc4[n+]3Cc3ccccc3)C2=O)C(C)(C)c2cc(I)ccc21,-5.123525,-6.346859,-5.6729364,-5.7144401333333334
CCCCN1/C(=C\C2=C([O-])/C(=C/c3[se]c4ccccc4[n+]3Cc3ccccc3)C2=O)C(C)(C)c2ccccc21,-5.123452,-6.352105,-5.656975,-5.710844000000001
CCCCN1/C(=C\C2=C([O-])/C(=C/c3[se]c4ccccc4[n+]3Cc3ccccc3)C2=O)C(C)(C)c2cc(Br)ccc21,-5.196266,-6.464054,-5.753275,-5.804531666666667
CCCCN1/C(=C\C2=C([O-])/C(=C/c3[se]c4ccccc4[n+]3Cc3ccccc3)C2=O)C(C)(C)c2cc(I)ccc21,-5.103774,-6.2972555,-5.6604156,-5.6871483666666665
CC1(C)/C(=C/C2=C([O-])/C(=C/c3[se]c4ccccc4[n+]3Cc3ccccc3)C2=O)N(CCCCN)c2ccccc21,-5.246695,-6.6417565,-5.86941,-5.919287166666666
CC1(C)/C(=C/C2=C([O-])/C(=C/c3[se]c4ccccc4[n+]3Cc3ccccc3)C2=O)N(CCCCN)c2ccc(Br)cc21,-5.298475,-6.678556,-5.933586,-5.970205666666668
CC1(C)/C(=C/C2=C([O-])/C(=C/c3[se]c4ccccc4[n+]3Cc3ccccc3)C2=O)N(CCCCN)c2ccc(I)cc21,-5.2440953,-6.597653,-5.880324,-5.907357433333334
CC1(C)/C(=C/C2=C([O-])/C(=C/c3[se]c4ccccc4[n+]3Cc3ccccc3)C2=O)N(CCCCO)c2ccccc21,-5.0663204,-6.461367,-5.6669655,-5.731550966666667
CC1(C)/C(=C/C2=C([O-])/C(=C/c3[se]c4ccccc4[n+]3Cc3ccccc3)C2=O)N(CCCCO)c2ccc(Br)cc21,-5.154511,-6.5625696,-5.770159,-5.8290798666666666
CC1(C)/C(=C/C2=C([O-])/C(=C/c3[se]c4ccccc4[n+]3Cc3ccccc3)C2=O)N(CCCCO)c2ccc(I)cc21,-5.04447,-6.3971624,-5.6729317,-5.704854699999999
CC[N+](CC)(CC)CCCCN1/C(=C\C2=C([O-])/C(=C/c3[se]c4ccccc4[n+]3Cc3ccccc3)C2=O)C(C)(C)c2ccccc21,-5.6417723,-6.732641,-5.770214,-6.0482091
CC[N+](CC)(CC)CCCCN1/C(=C\C2=C([O-])/C(=C/c3[se]c4ccccc4[n+]3Cc3ccccc3)C2=O)C(C)(C)c2cc(Br)ccc21,-5.6114054,-6.810681,-5.8522663,-6.091450900000001
CC[N+](CC)(CC)CCCCN1/C(=C\C2=C([O-])/C(=C/c3[se]c4ccccc4[n+]3Cc3ccccc3)C2=O)C(C)(C)c2cc(I)ccc21,-5.6273117,-6.6671667,-5.763976,-6.0194848
CC1(C)/C(=C/C2=C([O-])/C(=C/c3[se]c4ccccc4[n+]3Cc3ccccc3)C2=O)N(CCCCS(=O)(=O)O)c2ccccc21,-5.6936607,-6.849036,-5.427561,-5.9900859
CC1(C)/C(=C/C2=C([O-])/C(=C/c3[se]c4ccccc4[n+]3Cc3ccccc3)C2=O)N(CCCCS(=O)(=O)O)c2ccc(Br)cc21,-5.752158,-6.9012804,-5.50276,-6.052066133333334
CC1(C)/C(=C/C2=C([O-])/C(=C/c3[se]c4ccccc4[n+]3Cc3ccccc3)C2=O)N(CCCCS(=O)(=O)O)c2ccc(I)cc21,-5.702319,-6.7968674,-5.438913,-5.979366466666666
CC1(C)/C(=C/C2=C([O-])/C(=C/c3[se]c4ccccc4[n+]3Cc3ccccc3)C2=O)N(Cc2ccccc2)c2ccccc21,-5.2050385,-6.557455,-5.7098813,-5.824124933333334
CC1(C)/C(=C/C2=C([O-])/C(=C/c3[se]c4ccccc4[n+]3Cc3ccccc3)C2=O)N(Cc2ccccc2)c2ccc(Br)cc21,-5.27372,-6.6585274,-5.8051896,-5.912479
CC1(C)/C(=C/C2=C([O-])/C(=C/c3[se]c4ccccc4[n+]3Cc3ccccc3)C2=O)N(Cc2ccccc2)c2ccc(I)cc21,-5.191359,-6.5000553,-5.715525,-5.8023131
CC1(C)/C(=C/C2=C([O-])/C(=C/c3[se]c4ccccc4[n+]3Cc3ccccc3)C2=O)N(Cc2ccsc2)c2ccccc21,-5.2074785,-6.5448046,-5.713898,-5.822060366666666
CC1(C)/C(=C/C2=C([O-])/C(=C/c3[se]c4ccccc4[n+]3Cc3ccccc3)C2=O)N(Cc2ccsc2)c2ccc(Br)cc21,-5.2808967,-6.651181,-5.812341,-5.9148062333333336
CC1(C)/C(=C/C2=C([O-])/C(=C/c3[se]c4ccccc4[n+]3Cc3ccccc3)C2=O)N(Cc2ccsc2)c2ccc(I)cc21,-5.196551,-6.491583,-5.720662,-5.802932000000001
CCN1/C(=C\C2=C([O-])/C(=C/c3[se]c4cc(Br)ccc4[n+]3Cc3ccccc3)C2=O)C(C)(C)c2ccccc21,-5.186381,-6.489672,-5.741105,-5.805719333333333
CCN1/C(=C\C2=C([O-])/C(=C/c3[se]c4cc(Br)ccc4[n+]3Cc3ccccc3)C2=O)C(C)(C)c2cc(Br)ccc21,-5.257996,-6.60002,-5.8394823,-5.8991660999999995
CCN1/C(=C\C2=C([O-])/C(=C/c3[se]c4cc(Br)ccc4[n+]3Cc3ccccc3)C2=O)C(C)(C)c2cc(I)ccc21,-5.1724963,-6.441054,-5.7479763,-5.7871755333333335
CCCCN1/C(=C\C2=C([O-])/C(=C/c3[se]c4cc(Br)ccc4[n+]3Cc3ccccc3)C2=O)C(C)(C)c2ccccc21,-5.1709323,-6.438529,-5.7303605,-5.7799406
CCCCN1/C(=C\C2=C([O-])/C(=C/c3[se]c4cc(Br)ccc4[n+]3Cc3ccccc3)C2=O)C(C)(C)c2cc(Br)ccc21,-5.240268,-6.537817,-5.8207307,-5.866271900000001
CCCCN1/C(=C\C2=C([O-])/C(=C/c3[se]c4cc(Br)ccc4[n+]3Cc3ccccc3)C2=O)C(C)(C)c2cc(I)ccc21,-5.1552105,-6.3841734,-5.7334847,-5.757622866666668
CC1(C)/C(=C/C2=C([O-])/C(=C/c3[se]c4cc(Br)ccc4[n+]3Cc3ccccc3)C2=O)N(CCCCN)c2ccccc21,-5.281939,-6.6780653,-5.9201794,-5.9600612333333345
CC1(C)/C(=C/C2=C([O-])/C(=C/c3[se]c4cc(Br)ccc4[n+]3Cc3ccccc3)C2=O)N(CCCCN)c2ccc(Br)cc21,-5.3233514,-6.715737,-5.9794555,-6.006181300000001
CC1(C)/C(=C/C2=C([O-])/C(=C/c3[se]c4cc(Br)ccc4[n+]3Cc3ccccc3)C2=O)N(CCCCN)c2ccc(I)cc21,-5.2734485,-6.63038,-5.9314504,-5.9450929666666665
CC1(C)/C(=C/C2=C([O-])/C(=C/c3[se]c4cc(Br)ccc4[n+]3Cc3ccccc3)C2=O)N(CCCCO)c2ccccc21,-5.124778,-6.5353403,-5.7455063,-5.801874866666666
CC1(C)/C(=C/C2=C([O-])/C(=C/c3[se]c4cc(Br)ccc4[n+]3Cc3ccccc3)C2=O)N(CCCCO)c2ccc(Br)cc21,-5.227288,-6.632792,-5.8424644,-5.900848133333334
CC1(C)/C(=C/C2=C([O-])/C(=C/c3[se]c4cc(Br)ccc4[n+]3Cc3ccccc3)C2=O)N(CCCCO)c2ccc(I)cc21,-5.105539,-6.479635,-5.7485046,-5.777892866666666
CC[N+](CC)(CC)CCCCN1/C(=C\C2=C([O-])/C(=C/c3[se]c4cc(Br)ccc4[n+]3Cc3ccccc3)C2=O)C(C)(C)c2ccccc21,-5.6163106,-6.7897987,-5.8294353,-6.078514866666667
CC[N+](CC)(CC)CCCCN1/C(=C\C2=C([O-])/C(=C/c3[se]c4cc(Br)ccc4[n+]3Cc3ccccc3)C2=O)C(C)(C)c2cc(Br)ccc21,-5.5901046,-6.873496,-5.9065466,-6.1233824
CC[N+](CC)(CC)CCCCN1/C(=C\C2=C([O-])/C(=C/c3[se]c4cc(Br)ccc4[n+]3Cc3ccccc3)C2=O)C(C)(C)c2cc(I)ccc21,-5.607743,-6.727924,-5.821111,-6.0522593333333345
CC1(C)/C(=C/C2=C([O-])/C(=C/c3[se]c4cc(Br)ccc4[n+]3Cc3ccccc3)C2=O)N(CCCCS(=O)(=O)O)c2ccccc21,-5.7318797,-6.888728,-5.485675,-6.035427566666667
CC1(C)/C(=C/C2=C([O-])/C(=C/c3[se]c4cc(Br)ccc4[n+]3Cc3ccccc3)C2=O)N(CCCCS(=O)(=O)O)c2ccc(Br)cc21,-5.780324,-6.930376,-5.561699,-6.090799666666666
CC1(C)/C(=C/C2=C([O-])/C(=C/c3[se]c4cc(Br)ccc4[n+]3Cc3ccccc3)C2=O)N(CCCCS(=O)(=O)O)c2ccc(I)cc21,-5.7374325,-6.841378,-5.497784,-6.0255315
CC1(C)/C(=C/C2=C([O-])/C(=C/c3[se]c4cc(Br)ccc4[n+]3Cc3ccccc3)C2=O)N(Cc2ccccc2)c2ccccc21,-5.2530947,-6.6365514,-5.779252,-5.8896327
CC1(C)/C(=C/C2=C([O-])/C(=C/c3[se]c4cc(Br)ccc4[n+]3Cc3ccccc3)C2=O)N(Cc2ccccc2)c2ccc(Br)cc21,-5.3195615,-6.7309785,-5.875049,-5.975196333333333
CC1(C)/C(=C/C2=C([O-])/C(=C/c3[se]c4cc(Br)ccc4[n+]3Cc3ccccc3)C2=O)N(Cc2ccccc2)c2ccc(I)cc21,-5.2425823,-6.5860405,-5.787253,-5.871958599999999
CC1(C)/C(=C/C2=C([O-])/C(=C/c3[se]c4cc(Br)ccc4[n+]3Cc3ccccc3)C2=O)N(Cc2ccsc2)c2ccccc21,-5.2592263,-6.6291323,-5.786636,-5.891664866666666
CC1(C)/C(=C/C2=C([O-])/C(=C/c3[se]c4cc(Br)ccc4[n+]3Cc3ccccc3)C2=O)N(Cc2ccsc2)c2ccc(Br)cc21,-5.3214664,-6.713428,-5.8776016,-5.970832000000001
CC1(C)/C(=C/C2=C([O-])/C(=C/c3[se]c4cc(Br)ccc4[n+]3Cc3ccccc3)C2=O)N(Cc2ccsc2)c2ccc(I)cc21,-5.245017,-6.576374,-5.792207,-5.871199333333333
CCN1/C(=C\C2=C([O-])/C(=C/c3[se]c4cc(I)ccc4[n+]3Cc3ccccc3)C2=O)C(C)(C)c2ccccc21,-5.1308675,-6.3622646,-5.6875525,-5.726894866666666
CCN1/C(=C\C2=C([O-])/C(=C/c3[se]c4cc(I)ccc4[n+]3Cc3ccccc3)C2=O)C(C)(C)c2cc(Br)ccc21,-5.2053547,-6.482604,-5.787655,-5.825204566666667
CCN1/C(=C\C2=C([O-])/C(=C/c3[se]c4cc(I)ccc4[n+]3Cc3ccccc3)C2=O)C(C)(C)c2cc(I)ccc21,-5.109588,-6.3040485,-5.691818,-5.7018181666666665
CCCCN1/C(=C\C2=C([O-])/C(=C/c3[se]c4cc(I)ccc4[n+]3Cc3ccccc3)C2=O)C(C)(C)c2ccccc21,-5.110604,-6.3112216,-5.6771946,-5.699673399999999
CCCCN1/C(=C\C2=C([O-])/C(=C/c3[se]c4cc(I)ccc4[n+]3Cc3ccccc3)C2=O)C(C)(C)c2cc(Br)ccc21,-5.187327,-6.4237895,-5.7720246,-5.794380366666666
CCCCN1/C(=C\C2=C([O-])/C(=C/c3[se]c4cc(I)ccc4[n+]3Cc3ccccc3)C2=O)C(C)(C)c2cc(I)ccc21,-5.086727,-6.250345,-5.6784573,-5.671843099999999
CC1(C)/C(=C/C2=C([O-])/C(=C/c3[se]c4cc(I)ccc4[n+]3Cc3ccccc3)C2=O)N(CCCCN)c2ccccc21,-5.2483244,-6.6053953,-5.893346,-5.915688566666667
CC1(C)/C(=C/C2=C([O-])/C(=C/c3[se]c4cc(I)ccc4[n+]3Cc3ccccc3)C2=O)N(CCCCN)c2ccc(Br)cc21,-5.2912326,-6.6398325,-5.9531636,-5.961409566666667
CC1(C)/C(=C/C2=C([O-])/C(=C/c3[se]c4cc(I)ccc4[n+]3Cc3ccccc3)C2=O)N(CCCCN)c2ccc(I)cc21,-5.2403107,-6.5579853,-5.903751,-5.900682333333333
CC1(C)/C(=C/C2=C([O-])/C(=C/c3[se]c4cc(I)ccc4[n+]3Cc3ccccc3)C2=O)N(CCCCO)c2ccccc21,-5.054214,-6.409717,-5.6917114,-5.718547466666666
CC1(C)/C(=C/C2=C([O-])/C(=C/c3[se]c4cc(I)ccc4[n+]3Cc3ccccc3)C2=O)N(CCCCO)c2ccc(Br)cc21,-5.1517544,-6.524541,-5.7935624,-5.8232859333333336
CC1(C)/C(=C/C2=C([O-])/C(=C/c3[se]c4cc(I)ccc4[n+]3Cc3ccccc3)C2=O)N(CCCCO)c2ccc(I)cc21,-5.0290556,-6.346937,-5.693009,-5.6896672
CC[N+](CC)(CC)CCCCN1/C(=C\C2=C([O-])/C(=C/c3[se]c4cc(I)ccc4[n+]3Cc3ccccc3)C2=O)C(C)(C)c2ccccc21,-5.6252007,-6.6807103,-5.7764664,-6.027459133333333
CC[N+](CC)(CC)CCCCN1/C(=C\C2=C([O-])/C(=C/c3[se]c4cc(I)ccc4[n+]3Cc3ccccc3)C2=O)C(C)(C)c2cc(Br)ccc21,-5.600078,-6.7670817,-5.8557653,-6.074308333333334
CC[N+](CC)(CC)CCCCN1/C(=C\C2=C([O-])/C(=C/c3[se]c4cc(I)ccc4[n+]3Cc3ccccc3)C2=O)C(C)(C)c2cc(I)ccc21,-5.6114573,-6.615637,-5.767533,-5.9982091
CC1(C)/C(=C/C2=C([O-])/C(=C/c3[se]c4cc(I)ccc4[n+]3Cc3ccccc3)C2=O)N(CCCCS(=O)(=O)O)c2ccccc21,-5.700773,-6.7995996,-5.4525185,-5.984297033333333
CC1(C)/C(=C/C2=C([O-])/C(=C/c3[se]c4cc(I)ccc4[n+]3Cc3ccccc3)C2=O)N(CCCCS(=O)(=O)O)c2ccc(Br)cc21,-5.762494,-6.8541136,-5.5290923,-6.048566633333333
CC1(C)/C(=C/C2=C([O-])/C(=C/c3[se]c4cc(I)ccc4[n+]3Cc3ccccc3)C2=O)N(CCCCS(=O)(=O)O)c2ccc(I)cc21,-5.7030897,-6.7520056,-5.464539,-5.973211433333333
CC1(C)/C(=C/C2=C([O-])/C(=C/c3[se]c4cc(I)ccc4[n+]3Cc3ccccc3)C2=O)N(Cc2ccccc2)c2ccccc21,-5.1996794,-6.514639,-5.7286725,-5.814330299999999
CC1(C)/C(=C/C2=C([O-])/C(=C/c3[se]c4cc(I)ccc4[n+]3Cc3ccccc3)C2=O)N(Cc2ccccc2)c2ccc(Br)cc21,-5.2747326,-6.6229715,-5.8256216,-5.907775233333333
CC1(C)/C(=C/C2=C([O-])/C(=C/c3[se]c4cc(I)ccc4[n+]3Cc3ccccc3)C2=O)N(Cc2ccccc2)c2ccc(I)cc21,-5.188594,-6.462645,-5.735446,-5.795561666666667
CC1(C)/C(=C/C2=C([O-])/C(=C/c3[se]c4cc(I)ccc4[n+]3Cc3ccccc3)C2=O)N(Cc2ccsc2)c2ccccc21,-5.204877,-6.506633,-5.734832,-5.815447333333334
CC1(C)/C(=C/C2=C([O-])/C(=C/c3[se]c4cc(I)ccc4[n+]3Cc3ccccc3)C2=O)N(Cc2ccsc2)c2ccc(Br)cc21,-5.277599,-6.6137133,-5.831373,-5.907561766666666
CC1(C)/C(=C/C2=C([O-])/C(=C/c3[se]c4cc(I)ccc4[n+]3Cc3ccccc3)C2=O)N(Cc2ccsc2)c2ccc(I)cc21,-5.190279,-6.45411,-5.7408285,-5.7950725
CCN1/C(=C\C2=C([O-])/C(=C/c3[se]c4ccccc4[n+]3Cc3ccsc3)C2=O)C(C)(C)c2ccccc21,-5.159409,-6.4501777,-5.6888223,-5.766136333333333
CCN1/C(=C\C2=C([O-])/C(=C/c3[se]c4ccccc4[n+]3Cc3ccsc3)C2=O)C(C)(C)c2cc(Br)ccc21,-5.2343082,-6.568537,-5.7914467,-5.8647639666666675
CCN1/C(=C\C2=C([O-])/C(=C/c3[se]c4ccccc4[n+]3Cc3ccsc3)C2=O)C(C)(C)c2cc(I)ccc21,-5.1424475,-6.39634,-5.694441,-5.744409500000001
CCCCN1/C(=C\C2=C([O-])/C(=C/c3[se]c4ccccc4[n+]3Cc3ccsc3)C2=O)C(C)(C)c2ccccc21,-5.142351,-6.3986397,-5.674376,-5.738455566666667
CCCCN1/C(=C\C2=C([O-])/C(=C/c3[se]c4ccccc4[n+]3Cc3ccsc3)C2=O)C(C)(C)c2cc(Br)ccc21,-5.214757,-6.506743,-5.7683034,-5.829934466666667
CCCCN1/C(=C\C2=C([O-])/C(=C/c3[se]c4ccccc4[n+]3Cc3ccsc3)C2=O)C(C)(C)c2cc(I)ccc21,-5.122633,-6.342066,-5.67429,-5.712996333333333
CC1(C)/C(=C/C2=C([O-])/C(=C/c3[se]c4ccccc4[n+]3Cc3ccsc3)C2=O)N(CCCCN)c2ccccc21,-5.2678957,-6.671895,-5.8865867,-5.9421257999999995
CC1(C)/C(=C/C2=C([O-])/C(=C/c3[se]c4ccccc4[n+]3Cc3ccsc3)C2=O)N(CCCCN)c2ccc(Br)cc21,-5.3119626,-6.708561,-5.9483275,-5.989617033333334
CC1(C)/C(=C/C2=C([O-])/C(=C/c3[se]c4ccccc4[n+]3Cc3ccsc3)C2=O)N(CCCCN)c2ccc(I)cc21,-5.2566476,-6.624956,-5.894973,-5.9255255333333325
CC1(C)/C(=C/C2=C([O-])/C(=C/c3[se]c4ccccc4[n+]3Cc3ccsc3)C2=O)N(CCCCO)c2ccccc21,-5.0932794,-6.503677,-5.685358,-5.760771466666667
CC1(C)/C(=C/C2=C([O-])/C(=C/c3[se]c4ccccc4[n+]3Cc3ccsc3)C2=O)N(CCCCO)c2ccc(Br)cc21,-5.1950192,-6.616061,-5.791558,-5.867546066666667
CC1(C)/C(=C/C2=C([O-])/C(=C/c3[se]c4ccccc4[n+]3Cc3ccsc3)C2=O)N(CCCCO)c2ccc(I)cc21,-5.072737,-6.4442363,-5.6892295,-5.735400933333334
CC[N+](CC)(CC)CCCCN1/C(=C\C2=C([O-])/C(=C/c3[se]c4ccccc4[n+]3Cc3ccsc3)C2=O)C(C)(C)c2ccccc21,-5.631935,-6.7393966,-5.7813196,-6.050883733333333
CC[N+](CC)(CC)CCCCN1/C(=C\C2=C([O-])/C(=C/c3[se]c4ccccc4[n+]3Cc3ccsc3)C2=O)C(C)(C)c2cc(Br)ccc21,-5.6035504,-6.8261166,-5.86525,-6.098305666666666
CC[N+](CC)(CC)CCCCN1/C(=C\C2=C([O-])/C(=C/c3[se]c4ccccc4[n+]3Cc3ccsc3)C2=O)C(C)(C)c2cc(I)ccc21,-5.619422,-6.675049,-5.774016,-6.022828999999999
CC1(C)/C(=C/C2=C([O-])/C(=C/c3[se]c4ccccc4[n+]3Cc3ccsc3)C2=O)N(CCCCS(=O)(=O)O)c2ccccc21,-5.72526,-6.8910084,-5.445223,-6.0204971333333335
CC1(C)/C(=C/C2=C([O-])/C(=C/c3[se]c4ccccc4[n+]3Cc3ccsc3)C2=O)N(CCCCS(=O)(=O)O)c2ccc(Br)cc21,-5.781713,-6.939762,-5.523437,-6.081637333333333
CC1(C)/C(=C/C2=C([O-])/C(=C/c3[se]c4ccccc4[n+]3Cc3ccsc3)C2=O)N(CCCCS(=O)(=O)O)c2ccc(I)cc21,-5.730764,-6.8407516,-5.456728,-6.0094145333333335
CC1(C)/C(=C/C2=C([O-])/C(=C/c3[se]c4ccccc4[n+]3Cc3ccsc3)C2=O)N(Cc2ccccc2)c2ccccc21,-5.227124,-6.604885,-5.7331853,-5.855064766666666
CC1(C)/C(=C/C2=C([O-])/C(=C/c3[se]c4ccccc4[n+]3Cc3ccsc3)C2=O)N(Cc2ccccc2)c2ccc(Br)cc21,-5.297503,-6.703249,-5.827637,-5.942796333333333
CC1(C)/C(=C/C2=C([O-])/C(=C/c3[se]c4ccccc4[n+]3Cc3ccsc3)C2=O)N(Cc2ccccc2)c2ccc(I)cc21,-5.215959,-6.548601,-5.7387214,-5.834427133333333
CC1(C)/C(=C/C2=C([O-])/C(=C/c3[se]c4ccccc4[n+]3Cc3ccsc3)C2=O)N(Cc2ccsc2)c2ccccc21,-5.2315807,-6.5892496,-5.733454,-5.8514281
CC1(C)/C(=C/C2=C([O-])/C(=C/c3[se]c4ccccc4[n+]3Cc3ccsc3)C2=O)N(Cc2ccsc2)c2ccc(Br)cc21,-5.2999835,-6.6897717,-5.8300996,-5.9399516
CC1(C)/C(=C/C2=C([O-])/C(=C/c3[se]c4ccccc4[n+]3Cc3ccsc3)C2=O)N(Cc2ccsc2)c2ccc(I)cc21,-5.216779,-6.5325613,-5.7378883,-5.8290762
CCN1/C(=C\C2=C([O-])/C(=C/c3[se]c4cc(Br)ccc4[n+]3Cc3ccsc3)C2=O)C(C)(C)c2ccccc21,-5.208957,-6.541242,-5.7643886,-5.838195866666666
CCN1/C(=C\C2=C([O-])/C(=C/c3[se]c4cc(Br)ccc4[n+]3Cc3ccsc3)C2=O)C(C)(C)c2cc(Br)ccc21,-5.2775183,-6.6428022,-5.859501,-5.926607166666666
CCN1/C(=C\C2=C([O-])/C(=C/c3[se]c4cc(Br)ccc4[n+]3Cc3ccsc3)C2=O)C(C)(C)c2cc(I)ccc21,-5.1928077,-6.487088,-5.7677093,-5.815868333333333
CCCCN1/C(=C\C2=C([O-])/C(=C/c3[se]c4cc(Br)ccc4[n+]3Cc3ccsc3)C2=O)C(C)(C)c2ccccc21,-5.189695,-6.481615,-5.7452817,-5.805530566666666
CCCCN1/C(=C\C2=C([O-])/C(=C/c3[se]c4cc(Br)ccc4[n+]3Cc3ccsc3)C2=O)C(C)(C)c2cc(Br)ccc21,-5.26053,-6.583217,-5.8379273,-5.893891433333334
CCCCN1/C(=C\C2=C([O-])/C(=C/c3[se]c4cc(Br)ccc4[n+]3Cc3ccsc3)C2=O)C(C)(C)c2cc(I)ccc21,-5.1744,-6.4281135,-5.7477894,-5.783434300000001
CC1(C)/C(=C/C2=C([O-])/C(=C/c3[se]c4cc(Br)ccc4[n+]3Cc3ccsc3)C2=O)N(CCCCN)c2ccccc21,-5.29274,-6.7039948,-5.9339056,-5.976880133333334
CC1(C)/C(=C/C2=C([O-])/C(=C/c3[se]c4cc(Br)ccc4[n+]3Cc3ccsc3)C2=O)N(CCCCN)c2ccc(Br)cc21,-5.347482,-6.7542005,-5.991865,-6.0311825
CC1(C)/C(=C/C2=C([O-])/C(=C/c3[se]c4cc(Br)ccc4[n+]3Cc3ccsc3)C2=O)N(CCCCN)c2ccc(I)cc21,-5.2839546,-6.65921,-5.941727,-5.9616305333333335
CC1(C)/C(=C/C2=C([O-])/C(=C/c3[se]c4cc(Br)ccc4[n+]3Cc3ccsc3)C2=O)N(CCCCO)c2ccccc21,-5.1525345,-6.5832863,-5.763564,-5.833128266666666
CC1(C)/C(=C/C2=C([O-])/C(=C/c3[se]c4cc(Br)ccc4[n+]3Cc3ccsc3)C2=O)N(CCCCO)c2ccc(Br)cc21,-5.262083,-6.674771,-5.860135,-5.932329666666667
CC1(C)/C(=C/C2=C([O-])/C(=C/c3[se]c4cc(Br)ccc4[n+]3Cc3ccsc3)C2=O)N(CCCCO)c2ccc(I)cc21,-5.1438217,-6.5315065,-5.7689624,-5.814763533333333
CC[N+](CC)(CC)CCCCN1/C(=C\C2=C([O-])/C(=C/c3[se]c4cc(Br)ccc4[n+]3Cc3ccsc3)C2=O)C(C)(C)c2ccccc21,-5.608275,-6.8014345,-5.84116,-6.0836231666666665
CC[N+](CC)(CC)CCCCN1/C(=C\C2=C([O-])/C(=C/c3[se]c4cc(Br)ccc4[n+]3Cc3ccsc3)C2=O)C(C)(C)c2cc(Br)ccc21,-5.5855384,-6.892935,-5.920405,-6.132959466666666
CC[N+](CC)(CC)CCCCN1/C(=C\C2=C([O-])/C(=C/c3[se]c4cc(Br)ccc4[n+]3Cc3ccsc3)C2=O)C(C)(C)c2cc(I)ccc21,-5.5992594,-6.7409697,-5.831442,-6.057223700000001
CC1(C)/C(=C/C2=C([O-])/C(=C/c3[se]c4cc(Br)ccc4[n+]3Cc3ccsc3)C2=O)N(CCCCS(=O)(=O)O)c2ccccc21,-5.760983,-6.9309907,-5.5048323,-6.065602000000001
CC1(C)/C(=C/C2=C([O-])/C(=C/c3[se]c4cc(Br)ccc4[n+]3Cc3ccsc3)C2=O)N(CCCCS(=O)(=O)O)c2ccc(Br)cc21,-5.8004065,-6.96513,-5.5819793,-6.1158386
CC1(C)/C(=C/C2=C([O-])/C(=C/c3[se]c4cc(Br)ccc4[n+]3Cc3ccsc3)C2=O)N(CCCCS(=O)(=O)O)c2ccc(I)cc21,-5.7663364,-6.880769,-5.5169497,-6.054685033333333
CC1(C)/C(=C/C2=C([O-])/C(=C/c3[se]c4cc(Br)ccc4[n+]3Cc3ccsc3)C2=O)N(Cc2ccccc2)c2ccccc21,-5.276517,-6.681454,-5.802044,-5.920005000000001
CC1(C)/C(=C/C2=C([O-])/C(=C/c3[se]c4cc(Br)ccc4[n+]3Cc3ccsc3)C2=O)N(Cc2ccccc2)c2ccc(Br)cc21,-5.3333716,-6.759072,-5.891671,-5.994704866666666
CC1(C)/C(=C/C2=C([O-])/C(=C/c3[se]c4cc(Br)ccc4[n+]3Cc3ccsc3)C2=O)N(Cc2ccccc2)c2ccc(I)cc21,-5.2629175,-6.6287646,-5.806759,-5.899480366666666
CC1(C)/C(=C/C2=C([O-])/C(=C/c3[se]c4cc(Br)ccc4[n+]3Cc3ccsc3)C2=O)N(Cc2ccsc2)c2ccccc21,-5.2785187,-6.6703095,-5.8057017,-5.918176633333334
CC1(C)/C(=C/C2=C([O-])/C(=C/c3[se]c4cc(Br)ccc4[n+]3Cc3ccsc3)C2=O)N(Cc2ccsc2)c2ccc(Br)cc21,-5.328091,-6.7364593,-5.890398,-5.9849827666666675
CC1(C)/C(=C/C2=C([O-])/C(=C/c3[se]c4cc(Br)ccc4[n+]3Cc3ccsc3)C2=O)N(Cc2ccsc2)c2ccc(I)cc21,-5.262323,-6.618164,-5.8097606,-5.8967491999999995
CCN1/C(=C\C2=C([O-])/C(=C/c3[se]c4cc(I)ccc4[n+]3Cc3ccsc3)C2=O)C(C)(C)c2ccccc21,-5.149975,-6.411844,-5.709525,-5.757114666666666
CCN1/C(=C\C2=C([O-])/C(=C/c3[se]c4cc(I)ccc4[n+]3Cc3ccsc3)C2=O)C(C)(C)c2cc(Br)ccc21,-5.227378,-6.5311775,-5.809901,-5.856152166666667
CCN1/C(=C\C2=C([O-])/C(=C/c3[se]c4cc(I)ccc4[n+]3Cc3ccsc3)C2=O)C(C)(C)c2cc(I)ccc21,-5.129299,-6.3517275,-5.711808,-5.730944833333333
CCCCN1/C(=C\C2=C([O-])/C(=C/c3[se]c4cc(I)ccc4[n+]3Cc3ccsc3)C2=O)C(C)(C)c2ccccc21,-5.131191,-6.3575144,-5.6928167,-5.727174033333334
CCCCN1/C(=C\C2=C([O-])/C(=C/c3[se]c4cc(I)ccc4[n+]3Cc3ccsc3)C2=O)C(C)(C)c2cc(Br)ccc21,-5.205394,-6.46696,-5.7873006,-5.8198848666666665
CCCCN1/C(=C\C2=C([O-])/C(=C/c3[se]c4cc(I)ccc4[n+]3Cc3ccsc3)C2=O)C(C)(C)c2cc(I)ccc21,-5.107373,-6.2937927,-5.690948,-5.697371233333333
CC1(C)/C(=C/C2=C([O-])/C(=C/c3[se]c4cc(I)ccc4[n+]3Cc3ccsc3)C2=O)N(CCCCN)c2ccccc21,-5.2604074,-6.6312222,-5.907648,-5.933092533333333
CC1(C)/C(=C/C2=C([O-])/C(=C/c3[se]c4cc(I)ccc4[n+]3Cc3ccsc3)C2=O)N(CCCCN)c2ccc(Br)cc21,-5.3066945,-6.6746387,-5.9632983,-5.981543833333333
CC1(C)/C(=C/C2=C([O-])/C(=C/c3[se]c4cc(I)ccc4[n+]3Cc3ccsc3)C2=O)N(CCCCN)c2ccc(I)cc21,-5.2491584,-6.584721,-5.91432,-5.916066466666667
CC1(C)/C(=C/C2=C([O-])/C(=C/c3[se]c4cc(I)ccc4[n+]3Cc3ccsc3)C2=O)N(CCCCO)c2ccccc21,-5.080714,-6.4568534,-5.707062,-5.748209800000001
CC1(C)/C(=C/C2=C([O-])/C(=C/c3[se]c4cc(I)ccc4[n+]3Cc3ccsc3)C2=O)N(CCCCO)c2ccc(Br)cc21,-5.1944113,-6.575568,-5.8160806,-5.862019966666666
CC1(C)/C(=C/C2=C([O-])/C(=C/c3[se]c4cc(I)ccc4[n+]3Cc3ccsc3)C2=O)N(CCCCO)c2ccc(I)cc21,-5.0583506,-6.397762,-5.709425,-5.7218458666666665
CC[N+](CC)(CC)CCCCN1/C(=C\C2=C([O-])/C(=C/c3[se]c4cc(I)ccc4[n+]3Cc3ccsc3)C2=O)C(C)(C)c2ccccc21,-5.616264,-6.687929,-5.786689,-6.0302940000000005
CC[N+](CC)(CC)CCCCN1/C(=C\C2=C([O-])/C(=C/c3[se]c4cc(I)ccc4[n+]3Cc3ccsc3)C2=O)C(C)(C)c2cc(Br)ccc21,-5.5925837,-6.7798586,-5.8663445,-6.0795956
CC[N+](CC)(CC)CCCCN1/C(=C\C2=C([O-])/C(=C/c3[se]c4cc(I)ccc4[n+]3Cc3ccsc3)C2=O)C(C)(C)c2cc(I)ccc21,-5.604472,-6.628581,-5.7770667,-6.003373233333334
CC1(C)/C(=C/C2=C([O-])/C(=C/c3[se]c4cc(I)ccc4[n+]3Cc3ccsc3)C2=O)N(CCCCS(=O)(=O)O)c2ccccc21,-5.728902,-6.8433757,-5.4701724,-6.014150033333333
CC1(C)/C(=C/C2=C([O-])/C(=C/c3[se]c4cc(I)ccc4[n+]3Cc3ccsc3)C2=O)N(CCCCS(=O)(=O)O)c2ccc(Br)cc21,-5.7888813,-6.890168,-5.5495405,-6.076196599999999
CC1(C)/C(=C/C2=C([O-])/C(=C/c3[se]c4cc(I)ccc4[n+]3Cc3ccsc3)C2=O)N(CCCCS(=O)(=O)O)c2ccc(I)cc21,-5.7299547,-6.796325,-5.4820585,-6.0027794000000005
CC1(C)/C(=C/C2=C([O-])/C(=C/c3[se]c4cc(I)ccc4[n+]3Cc3ccsc3)C2=O)N(Cc2ccccc2)c2ccccc21,-5.2244954,-6.5640955,-5.7529497,-5.8471801999999995
CC1(C)/C(=C/C2=C([O-])/C(=C/c3[se]c4cc(I)ccc4[n+]3Cc3ccsc3)C2=O)N(Cc2ccccc2)c2ccc(Br)cc21,-5.2940116,-6.664962,-5.846506,-5.935159866666666
CC1(C)/C(=C/C2=C([O-])/C(=C/c3[se]c4cc(I)ccc4[n+]3Cc3ccsc3)C2=O)N(Cc2ccccc2)c2ccc(I)cc21,-5.2094345,-6.5088735,-5.7568593,-5.825055766666668
CC1(C)/C(=C/C2=C([O-])/C(=C/c3[se]c4cc(I)ccc4[n+]3Cc3ccsc3)C2=O)N(Cc2ccsc2)c2ccccc21,-5.2259283,-6.549444,-5.752817,-5.842729766666667
CC1(C)/C(=C/C2=C([O-])/C(=C/c3[se]c4cc(I)ccc4[n+]3Cc3ccsc3)C2=O)N(Cc2ccsc2)c2ccc(Br)cc21,-5.2924376,-6.6494474,-5.848824,-5.930236333333333
CC1(C)/C(=C/C2=C([O-])/C(=C/c3[se]c4cc(I)ccc4[n+]3Cc3ccsc3)C2=O)N(Cc2ccsc2)c2ccc(I)cc21,-5.2070746,-6.492965,-5.755688,-5.8185758666666665
CCN1/C(=C\C2=C([O-])/C(=C/C3=[N+](CC)c4ccccc4C3(C)C)C2=O)C(C)(C)c2ccccc21,-4.9695354,-6.194119,-5.702111,-5.6219218
CCN1/C(=C\C2=C([O-])/C(=C/C3=[N+](CC)c4ccccc4C3(C)C)C2=O)C(C)(C)c2cc(Br)ccc21,-5.0405607,-6.3143873,-5.804561,-5.719836333333333
CCN1/C(=C\C2=C([O-])/C(=C/C3=[N+](CC)c4ccccc4C3(C)C)C2=O)C(C)(C)c2cc(I)ccc21,-4.9478617,-6.1413884,-5.7038684,-5.597706166666668
CCCCN1/C(=C\C2=C([O-])/C(=C/C3=[N+](CC)c4ccccc4C3(C)C)C2=O)C(C)(C)c2ccccc21,-4.943004,-6.136367,-5.6923933,-5.590588100000001
CCCCN1/C(=C\C2=C([O-])/C(=C/C3=[N+](CC)c4ccccc4C3(C)C)C2=O)C(C)(C)c2cc(Br)ccc21,-5.019596,-6.253194,-5.791672,-5.688154
CCCCN1/C(=C\C2=C([O-])/C(=C/C3=[N+](CC)c4ccccc4C3(C)C)C2=O)C(C)(C)c2cc(I)ccc21,-4.918343,-6.080537,-5.690896,-5.563258666666667
CC[N+]1=C(/C=C2\C(=O)C(/C=C3\N(CCCCN)c4ccccc4C3(C)C)=C2[O-])C(C)(C)c2ccccc21,-5.0895634,-6.452221,-5.906268,-5.8160174666666675
CC[N+]1=C(/C=C2\C(=O)C(/C=C3\N(CCCCN)c4ccc(Br)cc4C3(C)C)=C2[O-])C(C)(C)c2ccccc21,-5.191599,-6.561963,-5.984318,-5.912626666666667
CC[N+]1=C(/C=C2\C(=O)C(/C=C3\N(CCCCN)c4ccc(I)cc4C3(C)C)=C2[O-])C(C)(C)c2ccccc21,-5.081048,-6.4180927,-5.916492,-5.8052109
CC[N+]1=C(/C=C2\C(=O)C(/C=C3\N(CCCCO)c4ccccc4C3(C)C)=C2[O-])C(C)(C)c2ccccc21,-4.8720174,-6.223456,-5.710151,-5.6018748
CC[N+]1=C(/C=C2\C(=O)C(/C=C3\N(CCCCO)c4ccc(Br)cc4C3(C)C)=C2[O-])C(C)(C)c2ccccc21,-5.0111184,-6.3767467,-5.8232822,-5.7370491
CC[N+]1=C(/C=C2\C(=O)C(/C=C3\N(CCCCO)c4ccc(I)cc4C3(C)C)=C2[O-])C(C)(C)c2ccccc21,-4.8541756,-6.1690497,-5.7103896,-5.577871633333333
CC[N+]1=C(/C=C2\C(=O)C(/C=C3\N(CCCC[N+](CC)(CC)CC)c4ccccc4C3(C)C)=C2[O-])C(C)(C)c2ccccc21,-5.5304747,-6.6123433,-5.7981725,-5.980330166666666
CC[N+]1=C(/C=C2\C(=O)C(/C=C3\N(CCCC[N+](CC)(CC)CC)c4ccc(Br)cc4C3(C)C)=C2[O-])C(C)(C)c2ccccc21,-5.505183,-6.6809754,-5.866514,-6.017557466666666
CC[N+]1=C(/C=C2\C(=O)C(/C=C3\N(CCCC[N+](CC)(CC)CC)c4ccc(I)cc4C3(C)C)=C2[O-])C(C)(C)c2ccccc21,-5.523031,-6.560043,-5.790277,-5.957783666666667
CC[N+]1=C(/C=C2\C(=O)C(/C=C3\N(CCCCS(=O)(=O)O)c4ccccc4C3(C)C)=C2[O-])C(C)(C)c2ccccc21,-5.544592,-6.6780634,-5.5250444,-5.915899933333333
CC[N+]1=C(/C=C2\C(=O)C(/C=C3\N(CCCCS(=O)(=O)O)c4ccc(Br)cc4C3(C)C)=C2[O-])C(C)(C)c2ccccc21,-5.609154,-6.739291,-5.601161,-5.9832019999999995
CC[N+]1=C(/C=C2\C(=O)C(/C=C3\N(CCCCS(=O)(=O)O)c4ccc(I)cc4C3(C)C)=C2[O-])C(C)(C)c2ccccc21,-5.5396156,-6.6320767,-5.5411997,-5.904297333333333
CC[N+]1=C(/C=C2\C(=O)C(/C=C3\N(Cc4ccccc4)c4ccccc4C3(C)C)=C2[O-])C(C)(C)c2ccccc21,-5.062862,-6.3520436,-5.751641,-5.7221822
CC[N+]1=C(/C=C2\C(=O)C(/C=C3\N(Cc4ccccc4)c4ccc(Br)cc4C3(C)C)=C2[O-])C(C)(C)c2ccccc21,-5.130066,-6.4637284,-5.849148,-5.814314133333333
CC[N+]1=C(/C=C2\C(=O)C(/C=C3\N(Cc4ccccc4)c4ccc(I)cc4C3(C)C)=C2[O-])C(C)(C)c2ccccc21,-5.042046,-6.299504,-5.7554717,-5.699007233333333
CC[N+]1=C(/C=C2\C(=O)C(/C=C3\N(Cc4ccsc4)c4ccccc4C3(C)C)=C2[O-])C(C)(C)c2ccccc21,-5.057636,-6.3445272,-5.754429,-5.718864066666666
CC[N+]1=C(/C=C2\C(=O)C(/C=C3\N(Cc4ccsc4)c4ccc(Br)cc4C3(C)C)=C2[O-])C(C)(C)c2ccccc21,-5.1306458,-6.4608464,-5.8543105,-5.815267566666667
CC[N+]1=C(/C=C2\C(=O)C(/C=C3\N(Cc4ccsc4)c4ccc(I)cc4C3(C)C)=C2[O-])C(C)(C)c2ccccc21,-5.0362177,-6.2912,-5.757877,-5.695098233333333
CCN1/C(=C\C2=C([O-])/C(=C/C3=[N+](CC)c4ccc(Br)cc4C3(C)C)C2=O)C(C)(C)c2ccccc21,-5.023749,-6.2789288,-5.7801514,-5.6942764
CCN1/C(=C\C2=C([O-])/C(=C/C3=[N+](CC)c4ccc(Br)cc4C3(C)C)C2=O)C(C)(C)c2cc(Br)ccc21,-5.101733,-6.4023185,-5.877319,-5.793790166666667
CCN1/C(=C\C2=C([O-])/C(=C/C3=[N+](CC)c4ccc(Br)cc4C3(C)C)C2=O)C(C)(C)c2cc(I)ccc21,-5.0018153,-6.233771,-5.7820463,-5.6725442
CCCCN1/C(=C\C2=C([O-])/C(=C/C3=[N+](CC)c4ccc(Br)cc4C3(C)C)C2=O)C(C)(C)c2ccccc21,-5.002216,-6.217268,-5.7676888,-5.6623909333333335
CCCCN1/C(=C\C2=C([O-])/C(=C/C3=[N+](CC)c4ccc(Br)cc4C3(C)C)C2=O)C(C)(C)c2cc(Br)ccc21,-5.07758,-6.3368216,-5.8629417,-5.759114433333334
CCCCN1/C(=C\C2=C([O-])/C(=C/C3=[N+](CC)c4ccc(Br)cc4C3(C)C)C2=O)C(C)(C)c2cc(I)ccc21,-4.9805617,-6.170213,-5.7653794,-5.638718033333333
CC[N+]1=C(/C=C2\C(=O)C(/C=C3\N(CCCCN)c4ccccc4C3(C)C)=C2[O-])C(C)(C)c2cc(Br)ccc21,-5.164893,-6.531557,-5.971841,-5.889430333333333
CC[N+]1=C(/C=C2\C(=O)C(/C=C3\N(CCCCN)c4ccc(Br)cc4C3(C)C)=C2[O-])C(C)(C)c2cc(Br)ccc21,-5.2309604,-6.6032195,-6.021786,-5.9519886333333325
CC[N+]1=C(/C=C2\C(=O)C(/C=C3\N(CCCCN)c4ccc(I)cc4C3(C)C)=C2[O-])C(C)(C)c2cc(Br)ccc21,-5.155775,-6.5019827,-5.979526,-5.879094566666667
CC[N+]1=C(/C=C2\C(=O)C(/C=C3\N(CCCCO)c4ccccc4C3(C)C)=C2[O-])C(C)(C)c2cc(Br)ccc21,-4.972448,-6.325278,-5.797965,-5.698563666666668
CC[N+]1=C(/C=C2\C(=O)C(/C=C3\N(CCCCO)c4ccc(Br)cc4C3(C)C)=C2[O-])C(C)(C)c2cc(Br)ccc21,-5.1012197,-6.4659815,-5.8984375,-5.8218795666666665
CC[N+]1=C(/C=C2\C(=O)C(/C=C3\N(CCCCO)c4ccc(I)cc4C3(C)C)=C2[O-])C(C)(C)c2cc(Br)ccc21,-4.95879,-6.280036,-5.802739,-5.6805216666666665
CC[N+]1=C(/C=C2\C(=O)C(/C=C3\N(CCCC[N+](CC)(CC)CC)c4ccccc4C3(C)C)=C2[O-])C(C)(C)c2cc(Br)ccc21,-5.5112696,-6.6550493,-5.847244,-6.004520966666667
CC[N+]1=C(/C=C2\C(=O)C(/C=C3\N(CCCC[N+](CC)(CC)CC)c4ccc(Br)cc4C3(C)C)=C2[O-])C(C)(C)c2cc(Br)ccc21,-5.484194,-6.726593,-5.913746,-6.041511
CC[N+]1=C(/C=C2\C(=O)C(/C=C3\N(CCCC[N+](CC)(CC)CC)c4ccc(I)cc4C3(C)C)=C2[O-])C(C)(C)c2cc(Br)ccc21,-5.5024967,-6.6088257,-5.840639,-5.983987133333333
CC[N+]1=C(/C=C2\C(=O)C(/C=C3\N(CCCCS(=O)(=O)O)c4ccccc4C3(C)C)=C2[O-])C(C)(C)c2cc(Br)ccc21,-5.5863795,-6.713107,-5.590862,-5.9634495
CC[N+]1=C(/C=C2\C(=O)C(/C=C3\N(CCCCS(=O)(=O)O)c4ccc(Br)cc4C3(C)C)=C2[O-])C(C)(C)c2cc(Br)ccc21,-5.654696,-6.7789006,-5.668292,-6.033962866666667
CC[N+]1=C(/C=C2\C(=O)C(/C=C3\N(CCCCS(=O)(=O)O)c4ccc(I)cc4C3(C)C)=C2[O-])C(C)(C)c2cc(Br)ccc21,-5.5820465,-6.672598,-5.607744,-5.9541295000000005
CC[N+]1=C(/C=C2\C(=O)C(/C=C3\N(Cc4ccccc4)c4ccccc4C3(C)C)=C2[O-])C(C)(C)c2cc(Br)ccc21,-5.113283,-6.429921,-5.8256364,-5.789613466666666
CC[N+]1=C(/C=C2\C(=O)C(/C=C3\N(Cc4ccccc4)c4ccc(Br)cc4C3(C)C)=C2[O-])C(C)(C)c2cc(Br)ccc21,-5.1826525,-6.5368567,-5.9192657,-5.879591633333334
CC[N+]1=C(/C=C2\C(=O)C(/C=C3\N(Cc4ccccc4)c4ccc(I)cc4C3(C)C)=C2[O-])C(C)(C)c2cc(Br)ccc21,-5.094948,-6.3822784,-5.8315177,-5.769581366666666
CC[N+]1=C(/C=C2\C(=O)C(/C=C3\N(Cc4ccsc4)c4ccccc4C3(C)C)=C2[O-])C(C)(C)c2cc(Br)ccc21,-5.1119566,-6.426505,-5.8299727,-5.7894781
CC[N+]1=C(/C=C2\C(=O)C(/C=C3\N(Cc4ccsc4)c4ccc(Br)cc4C3(C)C)=C2[O-])C(C)(C)c2cc(Br)ccc21,-5.187448,-6.534863,-5.9224176,-5.8815762000000005
CC[N+]1=C(/C=C2\C(=O)C(/C=C3\N(Cc4ccsc4)c4ccc(I)cc4C3(C)C)=C2[O-])C(C)(C)c2cc(Br)ccc21,-5.091787,-6.377799,-5.831909,-5.767164999999999
CCN1/C(=C\C2=C([O-])/C(=C/C3=[N+](CC)c4ccc(I)cc4C3(C)C)C2=O)C(C)(C)c2ccccc21,-4.9562736,-6.139081,-5.702437,-5.599263866666667
CCN1/C(=C\C2=C([O-])/C(=C/C3=[N+](CC)c4ccc(I)cc4C3(C)C)C2=O)C(C)(C)c2cc(Br)ccc21,-5.0276294,-6.2695627,-5.807766,-5.7016527
CCN1/C(=C\C2=C([O-])/C(=C/C3=[N+](CC)c4ccc(I)cc4C3(C)C)C2=O)C(C)(C)c2cc(I)ccc21,-4.928096,-6.08409,-5.701165,-5.571117
CCCCN1/C(=C\C2=C([O-])/C(=C/C3=[N+](CC)c4ccc(I)cc4C3(C)C)C2=O)C(C)(C)c2ccccc21,-4.92631,-6.0767756,-5.6914167,-5.5648341
CCCCN1/C(=C\C2=C([O-])/C(=C/C3=[N+](CC)c4ccc(I)cc4C3(C)C)C2=O)C(C)(C)c2cc(Br)ccc21,-5.0054793,-6.2051015,-5.790824,-5.667134933333333
CCCCN1/C(=C\C2=C([O-])/C(=C/C3=[N+](CC)c4ccc(I)cc4C3(C)C)C2=O)C(C)(C)c2cc(I)ccc21,-4.8917346,-6.016536,-5.686214,-5.531494866666667
CC[N+]1=C(/C=C2\C(=O)C(/C=C3\N(CCCCN)c4ccccc4C3(C)C)=C2[O-])C(C)(C)c2cc(I)ccc21,-5.086755,-6.4155884,-5.917723,-5.8066888
CC[N+]1=C(/C=C2\C(=O)C(/C=C3\N(CCCCN)c4ccc(Br)cc4C3(C)C)=C2[O-])C(C)(C)c2cc(I)ccc21,-5.1874146,-6.523947,-5.989416,-5.900259200000001
CC[N+]1=C(/C=C2\C(=O)C(/C=C3\N(CCCCN)c4ccc(I)cc4C3(C)C)=C2[O-])C(C)(C)c2cc(I)ccc21,-5.077371,-6.3888884,-5.927332,-5.797863799999999
CC[N+]1=C(/C=C2\C(=O)C(/C=C3\N(CCCCO)c4ccccc4C3(C)C)=C2[O-])C(C)(C)c2cc(I)ccc21,-4.860068,-6.1646667,-5.7106476,-5.578460766666666
CC[N+]1=C(/C=C2\C(=O)C(/C=C3\N(CCCCO)c4ccc(Br)cc4C3(C)C)=C2[O-])C(C)(C)c2cc(I)ccc21,-5.005063,-6.3286796,-5.83204,-5.721927533333333
CC[N+]1=C(/C=C2\C(=O)C(/C=C3\N(CCCCO)c4ccc(I)cc4C3(C)C)=C2[O-])C(C)(C)c2cc(I)ccc21,-4.837075,-6.1070666,-5.709751,-5.551297533333333
CC[N+]1=C(/C=C2\C(=O)C(/C=C3\N(CCCC[N+](CC)(CC)CC)c4ccccc4C3(C)C)=C2[O-])C(C)(C)c2cc(I)ccc21,-5.527214,-6.556414,-5.7883253,-5.957317766666667
CC[N+]1=C(/C=C2\C(=O)C(/C=C3\N(CCCC[N+](CC)(CC)CC)c4ccc(Br)cc4C3(C)C)=C2[O-])C(C)(C)c2cc(I)ccc21,-5.5029807,-6.630225,-5.856249,-5.996484900000001
CC[N+]1=C(/C=C2\C(=O)C(/C=C3\N(CCCC[N+](CC)(CC)CC)c4ccc(I)cc4C3(C)C)=C2[O-])C(C)(C)c2cc(I)ccc21,-5.517372,-6.5068626,-5.780493,-5.9349092
CC[N+]1=C(/C=C2\C(=O)C(/C=C3\N(CCCCS(=O)(=O)O)c4ccccc4C3(C)C)=C2[O-])C(C)(C)c2cc(I)ccc21,-5.548296,-6.6275563,-5.5414114,-5.905754566666666
CC[N+]1=C(/C=C2\C(=O)C(/C=C3\N(CCCCS(=O)(=O)O)c4ccc(Br)cc4C3(C)C)=C2[O-])C(C)(C)c2cc(I)ccc21,-5.6136727,-6.6952925,-5.618614,-5.975859733333333
CC[N+]1=C(/C=C2\C(=O)C(/C=C3\N(CCCCS(=O)(=O)O)c4ccc(I)cc4C3(C)C)=C2[O-])C(C)(C)c2cc(I)ccc21,-5.538173,-6.5839605,-5.5570817,-5.893071733333334
CC[N+]1=C(/C=C2\C(=O)C(/C=C3\N(Cc4ccccc4)c4ccccc4C3(C)C)=C2[O-])C(C)(C)c2cc(I)ccc21,-5.0520053,-6.2981005,-5.7541533,-5.7014197
CC[N+]1=C(/C=C2\C(=O)C(/C=C3\N(Cc4ccccc4)c4ccc(Br)cc4C3(C)C)=C2[O-])C(C)(C)c2cc(I)ccc21,-5.123407,-6.41631,-5.8547773,-5.798164766666666
CC[N+]1=C(/C=C2\C(=O)C(/C=C3\N(Cc4ccccc4)c4ccc(I)cc4C3(C)C)=C2[O-])C(C)(C)c2cc(I)ccc21,-5.0300555,-6.244415,-5.7574296,-5.677300033333334
CC[N+]1=C(/C=C2\C(=O)C(/C=C3\N(Cc4ccsc4)c4ccccc4C3(C)C)=C2[O-])C(C)(C)c2cc(I)ccc21,-5.0464334,-6.290337,-5.756615,-5.697795133333333
CC[N+]1=C(/C=C2\C(=O)C(/C=C3\N(Cc4ccsc4)c4ccc(Br)cc4C3(C)C)=C2[O-])C(C)(C)c2cc(I)ccc21,-5.1208763,-6.4124365,-5.8570943,-5.796802366666667
CC[N+]1=C(/C=C2\C(=O)C(/C=C3\N(Cc4ccsc4)c4ccc(I)cc4C3(C)C)=C2[O-])C(C)(C)c2cc(I)ccc21,-5.021057,-6.23796,-5.758138,-5.672384999999999
CCCC[N+]1=C(/C=C2\C(=O)C(/C=C3\N(CC)c4ccccc4C3(C)C)=C2[O-])C(C)(C)c2ccccc21,-4.9344015,-6.1834273,-5.704091,-5.6073066
CCCC[N+]1=C(/C=C2\C(=O)C(/C=C3\N(CC)c4ccc(Br)cc4C3(C)C)=C2[O-])C(C)(C)c2ccccc21,-5.0091114,-6.299118,-5.805854,-5.704694466666666
CCCC[N+]1=C(/C=C2\C(=O)C(/C=C3\N(CC)c4ccc(I)cc4C3(C)C)=C2[O-])C(C)(C)c2ccccc21,-4.910723,-6.1304913,-5.7061386,-5.582450966666666
CCCCN1/C(=C\C2=C([O-])/C(=C/C3=[N+](CCCC)c4ccccc4C3(C)C)C2=O)C(C)(C)c2ccccc21,-4.906192,-6.1204357,-5.693069,-5.573232233333333
CCCCN1/C(=C\C2=C([O-])/C(=C/C3=[N+](CCCC)c4ccccc4C3(C)C)C2=O)C(C)(C)c2cc(Br)ccc21,-4.9863214,-6.2305655,-5.7847943,-5.667227066666666
CCCCN1/C(=C\C2=C([O-])/C(=C/C3=[N+](CCCC)c4ccccc4C3(C)C)C2=O)C(C)(C)c2cc(I)ccc21,-4.8829017,-6.0640535,-5.690925,-5.545960066666666
CCCC[N+]1=C(/C=C2\C(=O)C(/C=C3\N(CCCCN)c4ccccc4C3(C)C)=C2[O-])C(C)(C)c2ccccc21,-5.055598,-6.418813,-5.9012747,-5.7918952333333324
CCCC[N+]1=C(/C=C2\C(=O)C(/C=C3\N(CCCCN)c4ccc(Br)cc4C3(C)C)=C2[O-])C(C)(C)c2ccccc21,-5.161285,-6.530533,-5.982512,-5.891443333333334
CCCC[N+]1=C(/C=C2\C(=O)C(/C=C3\N(CCCCN)c4ccc(I)cc4C3(C)C)=C2[O-])C(C)(C)c2ccccc21,-5.047741,-6.383253,-5.9107313,-5.7805751
CCCC[N+]1=C(/C=C2\C(=O)C(/C=C3\N(CCCCO)c4ccccc4C3(C)C)=C2[O-])C(C)(C)c2ccccc21,-4.8384595,-6.2070513,-5.707614,-5.584374933333333
CCCC[N+]1=C(/C=C2\C(=O)C(/C=C3\N(CCCCO)c4ccc(Br)cc4C3(C)C)=C2[O-])C(C)(C)c2ccccc21,-4.9854646,-6.354226,-5.821341,-5.720343866666667
CCCC[N+]1=C(/C=C2\C(=O)C(/C=C3\N(CCCCO)c4ccc(I)cc4C3(C)C)=C2[O-])C(C)(C)c2ccccc21,-4.818646,-6.1499405,-5.7072554,-5.558613966666667
CCCC[N+]1=C(/C=C2\C(=O)C(/C=C3\N(CCCC[N+](CC)(CC)CC)c4ccccc4C3(C)C)=C2[O-])C(C)(C)c2ccccc21,-5.5125656,-6.6417503,-5.8115077,-5.9886078666666664
CCCC[N+]1=C(/C=C2\C(=O)C(/C=C3\N(CCCC[N+](CC)(CC)CC)c4ccc(Br)cc4C3(C)C)=C2[O-])C(C)(C)c2ccccc21,-5.487702,-6.7095695,-5.879471,-6.025580833333333
CCCC[N+]1=C(/C=C2\C(=O)C(/C=C3\N(CCCC[N+](CC)(CC)CC)c4ccc(I)cc4C3(C)C)=C2[O-])C(C)(C)c2ccccc21,-5.505048,-6.5899997,-5.804205,-5.966417566666666
CCCC[N+]1=C(/C=C2\C(=O)C(/C=C3\N(CCCCS(=O)(=O)O)c4ccccc4C3(C)C)=C2[O-])C(C)(C)c2ccccc21,-5.5105157,-6.656424,-5.517696,-5.894878566666667
CCCC[N+]1=C(/C=C2\C(=O)C(/C=C3\N(CCCCS(=O)(=O)O)c4ccc(Br)cc4C3(C)C)=C2[O-])C(C)(C)c2ccccc21,-5.5846353,-6.7150993,-5.590741,-5.963491866666668
CCCC[N+]1=C(/C=C2\C(=O)C(/C=C3\N(CCCCS(=O)(=O)O)c4ccc(I)cc4C3(C)C)=C2[O-])C(C)(C)c2ccccc21,-5.504145,-6.6110196,-5.5313883,-5.8821843
CCCC[N+]1=C(/C=C2\C(=O)C(/C=C3\N(Cc4ccccc4)c4ccccc4C3(C)C)=C2[O-])C(C)(C)c2ccccc21,-5.0317984,-6.342456,-5.753741,-5.7093318
CCCC[N+]1=C(/C=C2\C(=O)C(/C=C3\N(Cc4ccccc4)c4ccc(Br)cc4C3(C)C)=C2[O-])C(C)(C)c2ccccc21,-5.097026,-6.4479814,-5.846744,-5.797250466666667
CCCC[N+]1=C(/C=C2\C(=O)C(/C=C3\N(Cc4ccccc4)c4ccc(I)cc4C3(C)C)=C2[O-])C(C)(C)c2ccccc21,-5.0101485,-6.287635,-5.756669,-5.6848175
CCCC[N+]1=C(/C=C2\C(=O)C(/C=C3\N(Cc4ccsc4)c4ccccc4C3(C)C)=C2[O-])C(C)(C)c2ccccc21,-5.027101,-6.333811,-5.754862,-5.705258
CCCC[N+]1=C(/C=C2\C(=O)C(/C=C3\N(Cc4ccsc4)c4ccc(Br)cc4C3(C)C)=C2[O-])C(C)(C)c2ccccc21,-5.0948195,-6.4384274,-5.849143,-5.794129966666667
CCCC[N+]1=C(/C=C2\C(=O)C(/C=C3\N(Cc4ccsc4)c4ccc(I)cc4C3(C)C)=C2[O-])C(C)(C)c2ccccc21,-5.0054784,-6.276799,-5.756149,-5.679475466666666
CCCC[N+]1=C(/C=C2\C(=O)C(/C=C3\N(CC)c4ccccc4C3(C)C)=C2[O-])C(C)(C)c2cc(Br)ccc21,-4.993319,-6.264681,-5.7783327,-5.678777566666667
CCCC[N+]1=C(/C=C2\C(=O)C(/C=C3\N(CC)c4ccc(Br)cc4C3(C)C)=C2[O-])C(C)(C)c2cc(Br)ccc21,-5.0688853,-6.377894,-5.874876,-5.7738851
CCCC[N+]1=C(/C=C2\C(=O)C(/C=C3\N(CC)c4ccc(I)cc4C3(C)C)=C2[O-])C(C)(C)c2cc(Br)ccc21,-4.9744034,-6.215438,-5.7796946,-5.656511999999999
CCCCN1/C(=C\C2=C([O-])/C(=C/C3=[N+](CCCC)c4ccc(Br)cc4C3(C)C)C2=O)C(C)(C)c2ccccc21,-4.971822,-6.1997757,-5.7614913,-5.644362999999999
CCCCN1/C(=C\C2=C([O-])/C(=C/C3=[N+](CCCC)c4ccc(Br)cc4C3(C)C)C2=O)C(C)(C)c2cc(Br)ccc21,-5.046806,-6.309779,-5.8593435,-5.738642833333333
CCCCN1/C(=C\C2=C([O-])/C(=C/C3=[N+](CCCC)c4ccc(Br)cc4C3(C)C)C2=O)C(C)(C)c2cc(I)ccc21,-4.950914,-6.1479163,-5.7598977,-5.6195759999999995
CCCC[N+]1=C(/C=C2\C(=O)C(/C=C3\N(CCCCN)c4ccccc4C3(C)C)=C2[O-])C(C)(C)c2cc(Br)ccc21,-5.132823,-6.5007086,-5.9668837,-5.8668051000000006
CCCC[N+]1=C(/C=C2\C(=O)C(/C=C3\N(CCCCN)c4ccc(Br)cc4C3(C)C)=C2[O-])C(C)(C)c2cc(Br)ccc21,-5.212797,-6.567815,-6.020801,-5.933804333333334
CCCC[N+]1=C(/C=C2\C(=O)C(/C=C3\N(CCCCN)c4ccc(I)cc4C3(C)C)=C2[O-])C(C)(C)c2cc(Br)ccc21,-5.1256857,-6.4674892,-5.9724226,-5.855199166666668
CCCC[N+]1=C(/C=C2\C(=O)C(/C=C3\N(CCCCO)c4ccccc4C3(C)C)=C2[O-])C(C)(C)c2cc(Br)ccc21,-4.944535,-6.304262,-5.793054,-5.680617000000001
CCCC[N+]1=C(/C=C2\C(=O)C(/C=C3\N(CCCCO)c4ccc(Br)cc4C3(C)C)=C2[O-])C(C)(C)c2cc(Br)ccc21,-5.0854735,-6.4367194,-5.8977776,-5.806656833333334
CCCC[N+]1=C(/C=C2\C(=O)C(/C=C3\N(CCCCO)c4ccc(I)cc4C3(C)C)=C2[O-])C(C)(C)c2cc(Br)ccc21,-4.9350224,-6.254683,-5.796616,-5.6621071333333335
CCCC[N+]1=C(/C=C2\C(=O)C(/C=C3\N(CCCC[N+](CC)(CC)CC)c4ccccc4C3(C)C)=C2[O-])C(C)(C)c2cc(Br)ccc21,-5.494326,-6.684536,-5.860161,-6.013007666666667
CCCC[N+]1=C(/C=C2\C(=O)C(/C=C3\N(CCCC[N+](CC)(CC)CC)c4ccc(Br)cc4C3(C)C)=C2[O-])C(C)(C)c2cc(Br)ccc21,-5.4739823,-6.751589,-5.925838,-6.050469766666667
CCCC[N+]1=C(/C=C2\C(=O)C(/C=C3\N(CCCC[N+](CC)(CC)CC)c4ccc(I)cc4C3(C)C)=C2[O-])C(C)(C)c2cc(Br)ccc21,-5.4880157,-6.6356463,-5.8527203,-5.992127433333333
CCCC[N+]1=C(/C=C2\C(=O)C(/C=C3\N(CCCCS(=O)(=O)O)c4ccccc4C3(C)C)=C2[O-])C(C)(C)c2cc(Br)ccc21,-5.561396,-6.6910744,-5.580196,-5.944222133333334
CCCC[N+]1=C(/C=C2\C(=O)C(/C=C3\N(CCCCS(=O)(=O)O)c4ccc(Br)cc4C3(C)C)=C2[O-])C(C)(C)c2cc(Br)ccc21,-5.6443944,-6.7531304,-5.656195,-6.0179066
CCCC[N+]1=C(/C=C2\C(=O)C(/C=C3\N(CCCCS(=O)(=O)O)c4ccc(I)cc4C3(C)C)=C2[O-])C(C)(C)c2cc(Br)ccc21,-5.563887,-6.6469693,-5.595438,-5.935431433333332
CCCC[N+]1=C(/C=C2\C(=O)C(/C=C3\N(Cc4ccccc4)c4ccccc4C3(C)C)=C2[O-])C(C)(C)c2cc(Br)ccc21,-5.081181,-6.416918,-5.8225446,-5.773547866666667
CCCC[N+]1=C(/C=C2\C(=O)C(/C=C3\N(Cc4ccccc4)c4ccc(Br)cc4C3(C)C)=C2[O-])C(C)(C)c2cc(Br)ccc21,-5.152762,-6.5163584,-5.919593,-5.8629044666666665
CCCC[N+]1=C(/C=C2\C(=O)C(/C=C3\N(Cc4ccccc4)c4ccc(I)cc4C3(C)C)=C2[O-])C(C)(C)c2cc(Br)ccc21,-5.0647917,-6.364114,-5.826894,-5.751933233333333
CCCC[N+]1=C(/C=C2\C(=O)C(/C=C3\N(Cc4ccsc4)c4ccccc4C3(C)C)=C2[O-])C(C)(C)c2cc(Br)ccc21,-5.079775,-6.4078465,-5.824384,-5.770668499999999
CCCC[N+]1=C(/C=C2\C(=O)C(/C=C3\N(Cc4ccsc4)c4ccc(Br)cc4C3(C)C)=C2[O-])C(C)(C)c2cc(Br)ccc21,-5.1535053,-6.5089593,-5.919002,-5.860488866666667
CCCC[N+]1=C(/C=C2\C(=O)C(/C=C3\N(Cc4ccsc4)c4ccc(I)cc4C3(C)C)=C2[O-])C(C)(C)c2cc(Br)ccc21,-5.0614944,-6.3564973,-5.8271046,-5.748365433333333
CCCC[N+]1=C(/C=C2\C(=O)C(/C=C3\N(CC)c4ccccc4C3(C)C)=C2[O-])C(C)(C)c2cc(I)ccc21,-4.921734,-6.129658,-5.7035847,-5.584992233333334
CCCC[N+]1=C(/C=C2\C(=O)C(/C=C3\N(CC)c4ccc(Br)cc4C3(C)C)=C2[O-])C(C)(C)c2cc(I)ccc21,-4.999434,-6.2500687,-5.805182,-5.684894900000001
CCCC[N+]1=C(/C=C2\C(=O)C(/C=C3\N(CC)c4ccc(I)cc4C3(C)C)=C2[O-])C(C)(C)c2cc(I)ccc21,-4.892953,-6.0709705,-5.7031937,-5.555705733333333
CCCCN1/C(=C\C2=C([O-])/C(=C/C3=[N+](CCCC)c4ccc(I)cc4C3(C)C)C2=O)C(C)(C)c2ccccc21,-4.892502,-6.062367,-5.6906543,-5.548507766666667
CCCCN1/C(=C\C2=C([O-])/C(=C/C3=[N+](CCCC)c4ccc(I)cc4C3(C)C)C2=O)C(C)(C)c2cc(Br)ccc21,-4.975741,-6.1788983,-5.7839346,-5.646191300000001
CCCCN1/C(=C\C2=C([O-])/C(=C/C3=[N+](CCCC)c4ccc(I)cc4C3(C)C)C2=O)C(C)(C)c2cc(I)ccc21,-4.863047,-6.0037847,-5.6862645,-5.517698733333333
CCCC[N+]1=C(/C=C2\C(=O)C(/C=C3\N(CCCCN)c4ccccc4C3(C)C)=C2[O-])C(C)(C)c2cc(I)ccc21,-5.054126,-6.3816624,-5.9111195,-5.782302633333333
CCCC[N+]1=C(/C=C2\C(=O)C(/C=C3\N(CCCCN)c4ccc(Br)cc4C3(C)C)=C2[O-])C(C)(C)c2cc(I)ccc21,-5.1606894,-6.489763,-5.986176,-5.878876133333333
CCCC[N+]1=C(/C=C2\C(=O)C(/C=C3\N(CCCCN)c4ccc(I)cc4C3(C)C)=C2[O-])C(C)(C)c2cc(I)ccc21,-5.0460386,-6.3540344,-5.918217,-5.772763333333333
CCCC[N+]1=C(/C=C2\C(=O)C(/C=C3\N(CCCCO)c4ccccc4C3(C)C)=C2[O-])C(C)(C)c2cc(I)ccc21,-4.8256245,-6.1465464,-5.706447,-5.5595393
CCCC[N+]1=C(/C=C2\C(=O)C(/C=C3\N(CCCCO)c4ccc(Br)cc4C3(C)C)=C2[O-])C(C)(C)c2cc(I)ccc21,-4.9831743,-6.3020697,-5.827342,-5.704195333333334
CCCC[N+]1=C(/C=C2\C(=O)C(/C=C3\N(CCCCO)c4ccc(I)cc4C3(C)C)=C2[O-])C(C)(C)c2cc(I)ccc21,-4.802984,-6.089694,-5.705624,-5.532767333333333
CCCC[N+]1=C(/C=C2\C(=O)C(/C=C3\N(CCCC[N+](CC)(CC)CC)c4ccccc4C3(C)C)=C2[O-])C(C)(C)c2cc(I)ccc21,-5.5098386,-6.5870667,-5.8020453,-5.966316866666666
CCCC[N+]1=C(/C=C2\C(=O)C(/C=C3\N(CCCC[N+](CC)(CC)CC)c4ccc(Br)cc4C3(C)C)=C2[O-])C(C)(C)c2cc(I)ccc21,-5.485858,-6.658063,-5.8703537,-6.004758233333334
CCCC[N+]1=C(/C=C2\C(=O)C(/C=C3\N(CCCC[N+](CC)(CC)CC)c4ccc(I)cc4C3(C)C)=C2[O-])C(C)(C)c2cc(I)ccc21,-5.502033,-6.5364494,-5.7943015,-5.9442613
CCCC[N+]1=C(/C=C2\C(=O)C(/C=C3\N(CCCCS(=O)(=O)O)c4ccccc4C3(C)C)=C2[O-])C(C)(C)c2cc(I)ccc21,-5.5115256,-6.6078606,-5.530265,-5.883217066666667
CCCC[N+]1=C(/C=C2\C(=O)C(/C=C3\N(CCCCS(=O)(=O)O)c4ccc(Br)cc4C3(C)C)=C2[O-])C(C)(C)c2cc(I)ccc21,-5.595461,-6.668998,-5.606494,-5.956984333333334
CCCC[N+]1=C(/C=C2\C(=O)C(/C=C3\N(CCCCS(=O)(=O)O)c4ccc(I)cc4C3(C)C)=C2[O-])C(C)(C)c2cc(I)ccc21,-5.5084352,-6.5623345,-5.5445814,-5.871783699999999
CCCC[N+]1=C(/C=C2\C(=O)C(/C=C3\N(Cc4ccccc4)c4ccccc4C3(C)C)=C2[O-])C(C)(C)c2cc(I)ccc21,-5.0218334,-6.288234,-5.754578,-5.688215133333334
CCCC[N+]1=C(/C=C2\C(=O)C(/C=C3\N(Cc4ccccc4)c4ccc(Br)cc4C3(C)C)=C2[O-])C(C)(C)c2cc(I)ccc21,-5.091444,-6.3951445,-5.850787,-5.779125166666667
CCCC[N+]1=C(/C=C2\C(=O)C(/C=C3\N(Cc4ccccc4)c4ccc(I)cc4C3(C)C)=C2[O-])C(C)(C)c2cc(I)ccc21,-5.0001755,-6.2320585,-5.7559147,-5.662716233333334
CCCC[N+]1=C(/C=C2\C(=O)C(/C=C3\N(Cc4ccsc4)c4ccccc4C3(C)C)=C2[O-])C(C)(C)c2cc(I)ccc21,-5.016926,-6.2783303,-5.7545624,-5.6832728999999995
CCCC[N+]1=C(/C=C2\C(=O)C(/C=C3\N(Cc4ccsc4)c4ccc(Br)cc4C3(C)C)=C2[O-])C(C)(C)c2cc(I)ccc21,-5.087424,-6.388553,-5.8514175,-5.775798166666667
CCCC[N+]1=C(/C=C2\C(=O)C(/C=C3\N(Cc4ccsc4)c4ccc(I)cc4C3(C)C)=C2[O-])C(C)(C)c2cc(I)ccc21,-4.994685,-6.223116,-5.7553024,-5.657701133333333
CCN1/C(=C\C2=C([O-])/C(=C/C3=[N+](CCCCN)c4ccccc4C3(C)C)C2=O)C(C)(C)c2ccccc21,-5.0937386,-6.509713,-5.931194,-5.8448818666666655
CCN1/C(=C\C2=C([O-])/C(=C/C3=[N+](CCCCN)c4ccccc4C3(C)C)C2=O)C(C)(C)c2cc(Br)ccc21,-5.184953,-6.6069236,-6.0038576,-5.9319114
CCN1/C(=C\C2=C([O-])/C(=C/C3=[N+](CCCCN)c4ccccc4C3(C)C)C2=O)C(C)(C)c2cc(I)ccc21,-5.08723,-6.473727,-5.9422426,-5.834399866666668
CCCCN1/C(=C\C2=C([O-])/C(=C/C3=[N+](CCCCN)c4ccccc4C3(C)C)C2=O)C(C)(C)c2ccccc21,-5.0709906,-6.43485,-5.9151373,-5.806992633333333
CCCCN1/C(=C\C2=C([O-])/C(=C/C3=[N+](CCCCN)c4ccccc4C3(C)C)C2=O)C(C)(C)c2cc(Br)ccc21,-5.174674,-6.5409245,-5.9922915,-5.902629999999999
CCCCN1/C(=C\C2=C([O-])/C(=C/C3=[N+](CCCCN)c4ccccc4C3(C)C)C2=O)C(C)(C)c2cc(I)ccc21,-5.063486,-6.3990803,-5.9241095,-5.7955586
CC1(C)C(/C=C2\C(=O)C(/C=C3\N(CCCCN)c4ccccc4C3(C)C)=C2[O-])=[N+](CCCCN)c2ccccc21,-5.2070637,-6.648695,-6.047767,-5.9678419
CC1(C)C(/C=C2\C(=O)C(/C=C3\N(CCCCN)c4ccc(Br)cc4C3(C)C)=C2[O-])=[N+](CCCCN)c2ccccc21,-5.2570443,-6.6922894,-6.076061,-6.0084649
CC1(C)C(/C=C2\C(=O)C(/C=C3\N(CCCCN)c4ccc(I)cc4C3(C)C)=C2[O-])=[N+](CCCCN)c2ccccc21,-5.202057,-6.609209,-6.049576,-5.953613999999999
CC1(C)C(/C=C2\C(=O)C(/C=C3\N(CCCCO)c4ccccc4C3(C)C)=C2[O-])=[N+](CCCCN)c2ccccc21,-5.110609,-6.5587907,-5.9407,-5.870033233333333
CC1(C)C(/C=C2\C(=O)C(/C=C3\N(CCCCO)c4ccc(Br)cc4C3(C)C)=C2[O-])=[N+](CCCCN)c2ccccc21,-5.200074,-6.6234756,-6.0065737,-5.943374433333333
CC1(C)C(/C=C2\C(=O)C(/C=C3\N(CCCCO)c4ccc(I)cc4C3(C)C)=C2[O-])=[N+](CCCCN)c2ccccc21,-5.1052823,-6.5169287,-5.9516253,-5.857945433333334
CC[N+](CC)(CC)CCCCN1/C(=C\C2=C([O-])/C(=C/C3=[N+](CCCCN)c4ccccc4C3(C)C)C2=O)C(C)(C)c2ccccc21,-5.44776,-6.9014835,-6.0087323,-6.119325266666666
CC[N+](CC)(CC)CCCCN1/C(=C\C2=C([O-])/C(=C/C3=[N+](CCCCN)c4ccccc4C3(C)C)C2=O)C(C)(C)c2cc(Br)ccc21,-5.438645,-6.950052,-6.0741863,-6.154294433333334
CC[N+](CC)(CC)CCCCN1/C(=C\C2=C([O-])/C(=C/C3=[N+](CCCCN)c4ccccc4C3(C)C)C2=O)C(C)(C)c2cc(I)ccc21,-5.439551,-6.8450975,-5.9992704,-6.094639633333333
CC1(C)C(/C=C2\C(=O)C(/C=C3\N(CCCCS(=O)(=O)O)c4ccccc4C3(C)C)=C2[O-])=[N+](CCCCN)c2ccccc21,-5.640193,-6.853005,-5.6898727,-6.061023566666666
CC1(C)C(/C=C2\C(=O)C(/C=C3\N(CCCCS(=O)(=O)O)c4ccc(Br)cc4C3(C)C)=C2[O-])=[N+](CCCCN)c2ccccc21,-5.684287,-6.884517,-5.7560053,-6.108269766666666
CC1(C)C(/C=C2\C(=O)C(/C=C3\N(CCCCS(=O)(=O)O)c4ccc(I)cc4C3(C)C)=C2[O-])=[N+](CCCCN)c2ccccc21,-5.6389174,-6.805639,-5.704409,-6.049655133333334
CC1(C)C(/C=C2\C(=O)C(/C=C3\N(Cc4ccccc4)c4ccccc4C3(C)C)=C2[O-])=[N+](CCCCN)c2ccccc21,-5.1598735,-6.6282587,-5.960263,-5.916131733333334
CC1(C)C(/C=C2\C(=O)C(/C=C3\N(Cc4ccccc4)c4ccc(Br)cc4C3(C)C)=C2[O-])=[N+](CCCCN)c2ccccc21,-5.2044277,-6.6722226,-6.0216784,-5.966109566666667
CC1(C)C(/C=C2\C(=O)C(/C=C3\N(Cc4ccccc4)c4ccc(I)cc4C3(C)C)=C2[O-])=[N+](CCCCN)c2ccccc21,-5.1540017,-6.584492,-5.972151,-5.903548233333333
CC1(C)C(/C=C2\C(=O)C(/C=C3\N(Cc4ccsc4)c4ccccc4C3(C)C)=C2[O-])=[N+](CCCCN)c2ccccc21,-5.1638007,-6.6197777,-5.964371,-5.9159831333333335
CC1(C)C(/C=C2\C(=O)C(/C=C3\N(Cc4ccsc4)c4ccc(Br)cc4C3(C)C)=C2[O-])=[N+](CCCCN)c2ccccc21,-5.205958,-6.6661053,-6.0208826,-5.9643153
CC1(C)C(/C=C2\C(=O)C(/C=C3\N(Cc4ccsc4)c4ccc(I)cc4C3(C)C)=C2[O-])=[N+](CCCCN)c2ccccc21,-5.1513376,-6.5737734,-5.9731603,-5.899423766666668
CCN1/C(=C\C2=C([O-])/C(=C/C3=[N+](CCCCN)c4ccc(Br)cc4C3(C)C)C2=O)C(C)(C)c2ccccc21,-5.1624103,-6.5827065,-5.992809,-5.912641933333333
CCN1/C(=C\C2=C([O-])/C(=C/C3=[N+](CCCCN)c4ccc(Br)cc4C3(C)C)C2=O)C(C)(C)c2cc(Br)ccc21,-5.2224293,-6.642507,-6.0388207,-5.967918999999999
CCN1/C(=C\C2=C([O-])/C(=C/C3=[N+](CCCCN)c4ccc(Br)cc4C3(C)C)C2=O)C(C)(C)c2cc(I)ccc21,-5.152934,-6.5450892,-5.998425,-5.898816066666666
CCCCN1/C(=C\C2=C([O-])/C(=C/C3=[N+](CCCCN)c4ccc(Br)cc4C3(C)C)C2=O)C(C)(C)c2ccccc21,-5.14703,-6.513877,-5.9783425,-5.8797498333333325
CCCCN1/C(=C\C2=C([O-])/C(=C/C3=[N+](CCCCN)c4ccc(Br)cc4C3(C)C)C2=O)C(C)(C)c2cc(Br)ccc21,-5.222669,-6.5741067,-6.027611,-5.941462233333333
CCCCN1/C(=C\C2=C([O-])/C(=C/C3=[N+](CCCCN)c4ccc(Br)cc4C3(C)C)C2=O)C(C)(C)c2cc(I)ccc21,-5.1402564,-6.478646,-5.98251,-5.867137466666667
CC1(C)C(/C=C2\C(=O)C(/C=C3\N(CCCCN)c4ccccc4C3(C)C)=C2[O-])=[N+](CCCCN)c2ccc(Br)cc21,-5.2435613,-6.6747627,-6.074086,-5.99747
CC1(C)C(/C=C2\C(=O)C(/C=C3\N(CCCCN)c4ccc(Br)cc4C3(C)C)=C2[O-])=[N+](CCCCN)c2ccc(Br)cc21,-5.2842975,-6.7172823,-6.096029,-6.032536266666667
CC1(C)C(/C=C2\C(=O)C(/C=C3\N(CCCCN)c4ccc(I)cc4C3(C)C)=C2[O-])=[N+](CCCCN)c2ccc(Br)cc21,-5.236335,-6.6379952,-6.0731397,-5.982489966666666
CC1(C)C(/C=C2\C(=O)C(/C=C3\N(CCCCO)c4ccccc4C3(C)C)=C2[O-])=[N+](CCCCN)c2ccc(Br)cc21,-5.1727123,-6.5994606,-5.9954224,-5.922531766666666
CC1(C)C(/C=C2\C(=O)C(/C=C3\N(CCCCO)c4ccc(Br)cc4C3(C)C)=C2[O-])=[N+](CCCCN)c2ccc(Br)cc21,-5.2456255,-6.6538367,-6.0424843,-5.980648833333333
CC1(C)C(/C=C2\C(=O)C(/C=C3\N(CCCCO)c4ccc(I)cc4C3(C)C)=C2[O-])=[N+](CCCCN)c2ccc(Br)cc21,-5.167054,-6.5584373,-6.0001764,-5.9085559
CC[N+](CC)(CC)CCCCN1/C(=C\C2=C([O-])/C(=C/C3=[N+](CCCCN)c4ccc(Br)cc4C3(C)C)C2=O)C(C)(C)c2ccccc21,-5.440467,-6.9301686,-6.054063,-6.1415662
CC[N+](CC)(CC)CCCCN1/C(=C\C2=C([O-])/C(=C/C3=[N+](CCCCN)c4ccc(Br)cc4C3(C)C)C2=O)C(C)(C)c2cc(Br)ccc21,-5.4303923,-6.961474,-6.1113534,-6.1677399
CC[N+](CC)(CC)CCCCN1/C(=C\C2=C([O-])/C(=C/C3=[N+](CCCCN)c4ccc(Br)cc4C3(C)C)C2=O)C(C)(C)c2cc(I)ccc21,-5.431925,-6.8802567,-6.0469255,-6.1197024
CC1(C)C(/C=C2\C(=O)C(/C=C3\N(CCCCS(=O)(=O)O)c4ccccc4C3(C)C)=C2[O-])=[N+](CCCCN)c2ccc(Br)cc21,-5.6680236,-6.862152,-5.7450542,-6.091743266666666
CC1(C)C(/C=C2\C(=O)C(/C=C3\N(CCCCS(=O)(=O)O)c4ccc(Br)cc4C3(C)C)=C2[O-])=[N+](CCCCN)c2ccc(Br)cc21,-5.7140517,-6.9036655,-5.816462,-6.1447264
CC1(C)C(/C=C2\C(=O)C(/C=C3\N(CCCCS(=O)(=O)O)c4ccc(I)cc4C3(C)C)=C2[O-])=[N+](CCCCN)c2ccc(Br)cc21,-5.6667542,-6.8184557,-5.7595897,-6.081599866666667
CC1(C)C(/C=C2\C(=O)C(/C=C3\N(Cc4ccccc4)c4ccccc4C3(C)C)=C2[O-])=[N+](CCCCN)c2ccc(Br)cc21,-5.197914,-6.660749,-6.0116315,-5.956764833333334
CC1(C)C(/C=C2\C(=O)C(/C=C3\N(Cc4ccccc4)c4ccc(Br)cc4C3(C)C)=C2[O-])=[N+](CCCCN)c2ccc(Br)cc21,-5.235474,-6.6980224,-6.053945,-5.9958138
CC1(C)C(/C=C2\C(=O)C(/C=C3\N(Cc4ccccc4)c4ccc(I)cc4C3(C)C)=C2[O-])=[N+](CCCCN)c2ccc(Br)cc21,-5.1846666,-6.61713,-6.0190973,-5.940297966666667
CC1(C)C(/C=C2\C(=O)C(/C=C3\N(Cc4ccsc4)c4ccccc4C3(C)C)=C2[O-])=[N+](CCCCN)c2ccc(Br)cc21,-5.194342,-6.650777,-6.010652,-5.951923666666667
CC1(C)C(/C=C2\C(=O)C(/C=C3\N(Cc4ccsc4)c4ccc(Br)cc4C3(C)C)=C2[O-])=[N+](CCCCN)c2ccc(Br)cc21,-5.243117,-6.692714,-6.053429,-5.9964200000000005
CC1(C)C(/C=C2\C(=O)C(/C=C3\N(Cc4ccsc4)c4ccc(I)cc4C3(C)C)=C2[O-])=[N+](CCCCN)c2ccc(Br)cc21,-5.1807675,-6.6074934,-6.017636,-5.935298966666667
CCN1/C(=C\C2=C([O-])/C(=C/C3=[N+](CCCCN)c4ccc(I)cc4C3(C)C)C2=O)C(C)(C)c2ccccc21,-5.0944095,-6.4730277,-5.9408226,-5.836086600000001
CCN1/C(=C\C2=C([O-])/C(=C/C3=[N+](CCCCN)c4ccc(I)cc4C3(C)C)C2=O)C(C)(C)c2cc(Br)ccc21,-5.1813197,-6.565428,-6.00714,-5.917962566666667
CCN1/C(=C\C2=C([O-])/C(=C/C3=[N+](CCCCN)c4ccc(I)cc4C3(C)C)C2=O)C(C)(C)c2cc(I)ccc21,-5.084545,-6.442155,-5.951944,-5.826214666666666
CCCCN1/C(=C\C2=C([O-])/C(=C/C3=[N+](CCCCN)c4ccc(I)cc4C3(C)C)C2=O)C(C)(C)c2ccccc21,-5.069936,-6.3973117,-5.9240327,-5.7970934666666665
CCCCN1/C(=C\C2=C([O-])/C(=C/C3=[N+](CCCCN)c4ccc(I)cc4C3(C)C)C2=O)C(C)(C)c2cc(Br)ccc21,-5.1726985,-6.4981074,-5.99417,-5.888325300000001
CCCCN1/C(=C\C2=C([O-])/C(=C/C3=[N+](CCCCN)c4ccc(I)cc4C3(C)C)C2=O)C(C)(C)c2cc(I)ccc21,-5.061397,-6.369936,-5.930663,-5.787332
CC1(C)C(/C=C2\C(=O)C(/C=C3\N(CCCCN)c4ccccc4C3(C)C)=C2[O-])=[N+](CCCCN)c2ccc(I)cc21,-5.207727,-6.6058183,-6.049433,-5.9543261
CC1(C)C(/C=C2\C(=O)C(/C=C3\N(CCCCN)c4ccc(Br)cc4C3(C)C)=C2[O-])=[N+](CCCCN)c2ccc(I)cc21,-5.255726,-6.6501846,-6.0733514,-5.9930873333333325
CC1(C)C(/C=C2\C(=O)C(/C=C3\N(CCCCN)c4ccc(I)cc4C3(C)C)=C2[O-])=[N+](CCCCN)c2ccc(I)cc21,-5.200536,-6.570444,-6.0505395,-5.940506500000001
CC1(C)C(/C=C2\C(=O)C(/C=C3\N(CCCCO)c4ccccc4C3(C)C)=C2[O-])=[N+](CCCCN)c2ccc(I)cc21,-5.1118054,-6.5146785,-5.9516277,-5.859370533333333
CC1(C)C(/C=C2\C(=O)C(/C=C3\N(CCCCO)c4ccc(Br)cc4C3(C)C)=C2[O-])=[N+](CCCCN)c2ccc(I)cc21,-5.197892,-6.577923,-6.00908,-5.928298333333334
CC1(C)C(/C=C2\C(=O)C(/C=C3\N(CCCCO)c4ccc(I)cc4C3(C)C)=C2[O-])=[N+](CCCCN)c2ccc(I)cc21,-5.1021395,-6.470519,-5.956747,-5.843135166666666
CC[N+](CC)(CC)CCCCN1/C(=C\C2=C([O-])/C(=C/C3=[N+](CCCCN)c4ccc(I)cc4C3(C)C)C2=O)C(C)(C)c2ccccc21,-5.4461045,-6.843358,-5.996431,-6.095297833333333
CC[N+](CC)(CC)CCCCN1/C(=C\C2=C([O-])/C(=C/C3=[N+](CCCCN)c4ccc(I)cc4C3(C)C)C2=O)C(C)(C)c2cc(Br)ccc21,-5.4366617,-6.8945484,-6.0630536,-6.1314212333333336
CC[N+](CC)(CC)CCCCN1/C(=C\C2=C([O-])/C(=C/C3=[N+](CCCCN)c4ccc(I)cc4C3(C)C)C2=O)C(C)(C)c2cc(I)ccc21,-5.438644,-6.7892885,-5.9878864,-6.071939633333333
CC1(C)C(/C=C2\C(=O)C(/C=C3\N(CCCCS(=O)(=O)O)c4ccccc4C3(C)C)=C2[O-])=[N+](CCCCN)c2ccc(I)cc21,-5.645515,-6.800409,-5.7028475,-6.0495905
CC1(C)C(/C=C2\C(=O)C(/C=C3\N(CCCCS(=O)(=O)O)c4ccc(Br)cc4C3(C)C)=C2[O-])=[N+](CCCCN)c2ccc(I)cc21,-5.6922264,-6.8348336,-5.7697268,-6.098928933333333
CC1(C)C(/C=C2\C(=O)C(/C=C3\N(CCCCS(=O)(=O)O)c4ccc(I)cc4C3(C)C)=C2[O-])=[N+](CCCCN)c2ccc(I)cc21,-5.642566,-6.7562695,-5.7168617,-6.038565733333333
CC1(C)C(/C=C2\C(=O)C(/C=C3\N(Cc4ccccc4)c4ccccc4C3(C)C)=C2[O-])=[N+](CCCCN)c2ccc(I)cc21,-5.1636443,-6.585067,-5.9705195,-5.906410266666666
CC1(C)C(/C=C2\C(=O)C(/C=C3\N(Cc4ccccc4)c4ccc(Br)cc4C3(C)C)=C2[O-])=[N+](CCCCN)c2ccc(I)cc21,-5.2004128,-6.628139,-6.0258923,-5.951481366666666
CC1(C)C(/C=C2\C(=O)C(/C=C3\N(Cc4ccccc4)c4ccc(I)cc4C3(C)C)=C2[O-])=[N+](CCCCN)c2ccc(I)cc21,-5.151036,-6.541043,-5.97926,-5.890446333333333
CC1(C)C(/C=C2\C(=O)C(/C=C3\N(Cc4ccsc4)c4ccccc4C3(C)C)=C2[O-])=[N+](CCCCN)c2ccc(I)cc21,-5.160454,-6.5736995,-5.9711437,-5.901765733333334
CC1(C)C(/C=C2\C(=O)C(/C=C3\N(Cc4ccsc4)c4ccc(Br)cc4C3(C)C)=C2[O-])=[N+](CCCCN)c2ccc(I)cc21,-5.20593,-6.6246085,-6.0259285,-5.952155666666666
CC1(C)C(/C=C2\C(=O)C(/C=C3\N(Cc4ccsc4)c4ccc(I)cc4C3(C)C)=C2[O-])=[N+](CCCCN)c2ccc(I)cc21,-5.1426377,-6.528759,-5.977378,-5.882924899999999
CCN1/C(=C\C2=C([O-])/C(=C/C3=[N+](CCCCO)c4ccccc4C3(C)C)C2=O)C(C)(C)c2ccccc21,-4.8697567,-6.2567897,-5.7163916,-5.614312666666666
CCN1/C(=C\C2=C([O-])/C(=C/C3=[N+](CCCCO)c4ccccc4C3(C)C)C2=O)C(C)(C)c2cc(Br)ccc21,-5.0085115,-6.406858,-5.8297772,-5.748382233333333
CCN1/C(=C\C2=C([O-])/C(=C/C3=[N+](CCCCO)c4ccccc4C3(C)C)C2=O)C(C)(C)c2cc(I)ccc21,-4.85277,-6.2022448,-5.7192464,-5.5914204
CCCCN1/C(=C\C2=C([O-])/C(=C/C3=[N+](CCCCO)c4ccccc4C3(C)C)C2=O)C(C)(C)c2ccccc21,-4.8420696,-6.1869025,-5.6995897,-5.576187266666667
CCCCN1/C(=C\C2=C([O-])/C(=C/C3=[N+](CCCCO)c4ccccc4C3(C)C)C2=O)C(C)(C)c2cc(Br)ccc21,-4.989918,-6.3369856,-5.8143525,-5.713752033333333
CCCCN1/C(=C\C2=C([O-])/C(=C/C3=[N+](CCCCO)c4ccccc4C3(C)C)C2=O)C(C)(C)c2cc(I)ccc21,-4.8205695,-6.1278358,-5.6986704,-5.549025233333334
CC1(C)C(/C=C2\C(=O)C(/C=C3\N(CCCCN)c4ccccc4C3(C)C)=C2[O-])=[N+](CCCCO)c2ccccc21,-5.099002,-6.5298977,-5.9207106,-5.8498700999999995
CC1(C)C(/C=C2\C(=O)C(/C=C3\N(CCCCN)c4ccc(Br)cc4C3(C)C)=C2[O-])=[N+](CCCCO)c2ccccc21,-5.203196,-6.6106353,-5.993894,-5.935908433333334
CC1(C)C(/C=C2\C(=O)C(/C=C3\N(CCCCN)c4ccc(I)cc4C3(C)C)=C2[O-])=[N+](CCCCO)c2ccccc21,-5.095266,-6.491044,-5.932207,-5.839505666666667
CC1(C)C(/C=C2\C(=O)C(/C=C3\N(CCCCO)c4ccccc4C3(C)C)=C2[O-])=[N+](CCCCO)c2ccccc21,-4.921098,-6.363043,-5.7497215,-5.677954166666666
CC1(C)C(/C=C2\C(=O)C(/C=C3\N(CCCCO)c4ccc(Br)cc4C3(C)C)=C2[O-])=[N+](CCCCO)c2ccccc21,-5.0815897,-6.5010023,-5.854171,-5.812254333333333
CC1(C)C(/C=C2\C(=O)C(/C=C3\N(CCCCO)c4ccc(I)cc4C3(C)C)=C2[O-])=[N+](CCCCO)c2ccccc21,-4.9086585,-6.3103957,-5.757309,-5.658787733333333
CC[N+](CC)(CC)CCCCN1/C(=C\C2=C([O-])/C(=C/C3=[N+](CCCCO)c4ccccc4C3(C)C)C2=O)C(C)(C)c2ccccc21,-5.466226,-6.6841793,-5.8307633,-5.993722866666666
CC[N+](CC)(CC)CCCCN1/C(=C\C2=C([O-])/C(=C/C3=[N+](CCCCO)c4ccccc4C3(C)C)C2=O)C(C)(C)c2cc(Br)ccc21,-5.4474187,-6.743267,-5.896878,-6.0291879
CC[N+](CC)(CC)CCCCN1/C(=C\C2=C([O-])/C(=C/C3=[N+](CCCCO)c4ccccc4C3(C)C)C2=O)C(C)(C)c2cc(I)ccc21,-5.458702,-6.6265445,-5.823352,-5.969532833333333
CC1(C)C(/C=C2\C(=O)C(/C=C3\N(CCCCS(=O)(=O)O)c4ccccc4C3(C)C)=C2[O-])=[N+](CCCCO)c2ccccc21,-5.5538282,-6.769082,-5.5212665,-5.9480588999999995
CC1(C)C(/C=C2\C(=O)C(/C=C3\N(CCCCS(=O)(=O)O)c4ccc(Br)cc4C3(C)C)=C2[O-])=[N+](CCCCO)c2ccccc21,-5.6531854,-6.8400307,-5.603674,-6.0322967
CC1(C)C(/C=C2\C(=O)C(/C=C3\N(CCCCS(=O)(=O)O)c4ccc(I)cc4C3(C)C)=C2[O-])=[N+](CCCCO)c2ccccc21,-5.562494,-6.7261453,-5.5379677,-5.942202333333333
CC1(C)C(/C=C2\C(=O)C(/C=C3\N(Cc4ccccc4)c4ccccc4C3(C)C)=C2[O-])=[N+](CCCCO)c2ccccc21,-4.969373,-6.4148197,-5.7643266,-5.7161731
CC1(C)C(/C=C2\C(=O)C(/C=C3\N(Cc4ccccc4)c4ccc(Br)cc4C3(C)C)=C2[O-])=[N+](CCCCO)c2ccccc21,-5.057176,-6.517044,-5.8578644,-5.8106948
CC1(C)C(/C=C2\C(=O)C(/C=C3\N(Cc4ccccc4)c4ccc(I)cc4C3(C)C)=C2[O-])=[N+](CCCCO)c2ccccc21,-4.9451485,-6.3521323,-5.767422,-5.688234266666666
CC1(C)C(/C=C2\C(=O)C(/C=C3\N(Cc4ccsc4)c4ccccc4C3(C)C)=C2[O-])=[N+](CCCCO)c2ccccc21,-4.964859,-6.4020076,-5.7638474,-5.710238
CC1(C)C(/C=C2\C(=O)C(/C=C3\N(Cc4ccsc4)c4ccc(Br)cc4C3(C)C)=C2[O-])=[N+](CCCCO)c2ccccc21,-5.075257,-6.521661,-5.868365,-5.8217609999999995
CC1(C)C(/C=C2\C(=O)C(/C=C3\N(Cc4ccsc4)c4ccc(I)cc4C3(C)C)=C2[O-])=[N+](CCCCO)c2ccccc21,-4.9391775,-6.339074,-5.7670927,-5.681781399999999
CCN1/C(=C\C2=C([O-])/C(=C/C3=[N+](CCCCO)c4ccc(Br)cc4C3(C)C)C2=O)C(C)(C)c2ccccc21,-4.971769,-6.3598957,-5.80207,-5.7112449000000005
CCN1/C(=C\C2=C([O-])/C(=C/C3=[N+](CCCCO)c4ccc(Br)cc4C3(C)C)C2=O)C(C)(C)c2cc(Br)ccc21,-5.099489,-6.494663,-5.905002,-5.833051333333334
CCN1/C(=C\C2=C([O-])/C(=C/C3=[N+](CCCCO)c4ccc(Br)cc4C3(C)C)C2=O)C(C)(C)c2cc(I)ccc21,-4.9588804,-6.311565,-5.810292,-5.693579133333333
CCCCN1/C(=C\C2=C([O-])/C(=C/C3=[N+](CCCCO)c4ccc(Br)cc4C3(C)C)C2=O)C(C)(C)c2ccccc21,-4.948146,-6.286542,-5.7860594,-5.673582466666667
CCCCN1/C(=C\C2=C([O-])/C(=C/C3=[N+](CCCCO)c4ccc(Br)cc4C3(C)C)C2=O)C(C)(C)c2cc(Br)ccc21,-5.091952,-6.423956,-5.891659,-5.802522333333333
CCCCN1/C(=C\C2=C([O-])/C(=C/C3=[N+](CCCCO)c4ccc(Br)cc4C3(C)C)C2=O)C(C)(C)c2cc(I)ccc21,-4.9379845,-6.2367554,-5.7895637,-5.654767866666667
CC1(C)C(/C=C2\C(=O)C(/C=C3\N(CCCCN)c4ccccc4C3(C)C)=C2[O-])=[N+](CCCCO)c2ccc(Br)cc21,-5.1704345,-6.581412,-5.9804125,-5.910753
CC1(C)C(/C=C2\C(=O)C(/C=C3\N(CCCCN)c4ccc(Br)cc4C3(C)C)=C2[O-])=[N+](CCCCO)c2ccc(Br)cc21,-5.2497964,-6.641078,-6.030376,-5.973750133333334
CC1(C)C(/C=C2\C(=O)C(/C=C3\N(CCCCN)c4ccc(I)cc4C3(C)C)=C2[O-])=[N+](CCCCO)c2ccc(Br)cc21,-5.163777,-6.5396104,-5.9857235,-5.8963703
CC1(C)C(/C=C2\C(=O)C(/C=C3\N(CCCCO)c4ccccc4C3(C)C)=C2[O-])=[N+](CCCCO)c2ccc(Br)cc21,-5.0317845,-6.452523,-5.8311076,-5.771805033333333
CC1(C)C(/C=C2\C(=O)C(/C=C3\N(CCCCO)c4ccc(Br)cc4C3(C)C)=C2[O-])=[N+](CCCCO)c2ccc(Br)cc21,-5.1734276,-6.570611,-5.927791,-5.890609866666666
CC1(C)C(/C=C2\C(=O)C(/C=C3\N(CCCCO)c4ccc(I)cc4C3(C)C)=C2[O-])=[N+](CCCCO)c2ccc(Br)cc21,-5.0262723,-6.409959,-5.8446236,-5.760284966666667
CC[N+](CC)(CC)CCCCN1/C(=C\C2=C([O-])/C(=C/C3=[N+](CCCCO)c4ccc(Br)cc4C3(C)C)C2=O)C(C)(C)c2ccccc21,-5.45565,-6.7138247,-5.8742585,-6.014577733333333
CC[N+](CC)(CC)CCCCN1/C(=C\C2=C([O-])/C(=C/C3=[N+](CCCCO)c4ccc(Br)cc4C3(C)C)C2=O)C(C)(C)c2cc(Br)ccc21,-5.4371986,-6.779007,-5.942235,-6.052813533333333
CC[N+](CC)(CC)CCCCN1/C(=C\C2=C([O-])/C(=C/C3=[N+](CCCCO)c4ccc(Br)cc4C3(C)C)C2=O)C(C)(C)c2cc(I)ccc21,-5.448415,-6.656579,-5.866726,-5.990573333333333
CC1(C)C(/C=C2\C(=O)C(/C=C3\N(CCCCS(=O)(=O)O)c4ccccc4C3(C)C)=C2[O-])=[N+](CCCCO)c2ccc(Br)cc21,-5.6181545,-6.805154,-5.5876307,-6.003646400000001
CC1(C)C(/C=C2\C(=O)C(/C=C3\N(CCCCS(=O)(=O)O)c4ccc(Br)cc4C3(C)C)=C2[O-])=[N+](CCCCO)c2ccc(Br)cc21,-5.7100134,-6.869227,-5.6698904,-6.0830436
CC1(C)C(/C=C2\C(=O)C(/C=C3\N(CCCCS(=O)(=O)O)c4ccc(I)cc4C3(C)C)=C2[O-])=[N+](CCCCO)c2ccc(Br)cc21,-5.6249866,-6.7636757,-5.603359,-5.997340433333334
CC1(C)C(/C=C2\C(=O)C(/C=C3\N(Cc4ccccc4)c4ccccc4C3(C)C)=C2[O-])=[N+](CCCCO)c2ccc(Br)cc21,-5.034338,-6.485425,-5.8365183,-5.7854271
CC1(C)C(/C=C2\C(=O)C(/C=C3\N(Cc4ccccc4)c4ccc(Br)cc4C3(C)C)=C2[O-])=[N+](CCCCO)c2ccc(Br)cc21,-5.141607,-6.58552,-5.928562,-5.885229666666667
CC1(C)C(/C=C2\C(=O)C(/C=C3\N(Cc4ccccc4)c4ccc(I)cc4C3(C)C)=C2[O-])=[N+](CCCCO)c2ccc(Br)cc21,-5.013712,-6.427671,-5.843229,-5.761537333333333
CC1(C)C(/C=C2\C(=O)C(/C=C3\N(Cc4ccsc4)c4ccccc4C3(C)C)=C2[O-])=[N+](CCCCO)c2ccc(Br)cc21,-5.0399623,-6.4805365,-5.8401937,-5.786897499999999
CC1(C)C(/C=C2\C(=O)C(/C=C3\N(Cc4ccsc4)c4ccc(Br)cc4C3(C)C)=C2[O-])=[N+](CCCCO)c2ccc(Br)cc21,-5.1571183,-6.587039,-5.9351687,-5.8931086666666666
CC1(C)C(/C=C2\C(=O)C(/C=C3\N(Cc4ccsc4)c4ccc(I)cc4C3(C)C)=C2[O-])=[N+](CCCCO)c2ccc(Br)cc21,-5.0262804,-6.428032,-5.8490176,-5.767776666666666
CCN1/C(=C\C2=C([O-])/C(=C/C3=[N+](CCCCO)c4ccc(I)cc4C3(C)C)C2=O)C(C)(C)c2ccccc21,-4.8603306,-6.1995873,-5.71623,-5.5920493
CCN1/C(=C\C2=C([O-])/C(=C/C3=[N+](CCCCO)c4ccc(I)cc4C3(C)C)C2=O)C(C)(C)c2cc(Br)ccc21,-5.005491,-6.36023,-5.839752,-5.735157666666667
CCN1/C(=C\C2=C([O-])/C(=C/C3=[N+](CCCCO)c4ccc(I)cc4C3(C)C)C2=O)C(C)(C)c2cc(I)ccc21,-4.8394837,-6.143998,-5.7184415,-5.567307733333333
CCCCN1/C(=C\C2=C([O-])/C(=C/C3=[N+](CCCCO)c4ccc(I)cc4C3(C)C)C2=O)C(C)(C)c2ccccc21,-4.827671,-6.1251636,-5.697957,-5.550263866666666
CCCCN1/C(=C\C2=C([O-])/C(=C/C3=[N+](CCCCO)c4ccc(I)cc4C3(C)C)C2=O)C(C)(C)c2cc(Br)ccc21,-4.9872193,-6.2842774,-5.820467,-5.697321233333334
CCCCN1/C(=C\C2=C([O-])/C(=C/C3=[N+](CCCCO)c4ccc(I)cc4C3(C)C)C2=O)C(C)(C)c2cc(I)ccc21,-4.803433,-6.0666957,-5.6965084,-5.522212366666667
CC1(C)C(/C=C2\C(=O)C(/C=C3\N(CCCCN)c4ccccc4C3(C)C)=C2[O-])=[N+](CCCCO)c2ccc(I)cc21,-5.1017447,-6.488795,-5.9321866,-5.840908766666668
CC1(C)C(/C=C2\C(=O)C(/C=C3\N(CCCCN)c4ccc(Br)cc4C3(C)C)=C2[O-])=[N+](CCCCO)c2ccc(I)cc21,-5.2014294,-6.565524,-5.9978447,-5.921599366666666
CC1(C)C(/C=C2\C(=O)C(/C=C3\N(CCCCN)c4ccc(I)cc4C3(C)C)=C2[O-])=[N+](CCCCO)c2ccc(I)cc21,-5.093341,-6.4480524,-5.9401493,-5.827180899999999
CC1(C)C(/C=C2\C(=O)C(/C=C3\N(CCCCO)c4ccccc4C3(C)C)=C2[O-])=[N+](CCCCO)c2ccc(I)cc21,-4.9127765,-6.3047714,-5.7557287,-5.657758866666666
CC1(C)C(/C=C2\C(=O)C(/C=C3\N(CCCCO)c4ccc(Br)cc4C3(C)C)=C2[O-])=[N+](CCCCO)c2ccc(I)cc21,-5.0828133,-6.4559526,-5.867431,-5.802065633333332
CC1(C)C(/C=C2\C(=O)C(/C=C3\N(CCCCO)c4ccc(I)cc4C3(C)C)=C2[O-])=[N+](CCCCO)c2ccc(I)cc21,-4.897434,-6.248972,-5.7586136,-5.635006533333333
CC[N+](CC)(CC)CCCCN1/C(=C\C2=C([O-])/C(=C/C3=[N+](CCCCO)c4ccc(I)cc4C3(C)C)C2=O)C(C)(C)c2ccccc21,-5.4641113,-6.6230383,-5.820457,-5.969202200000001
CC[N+](CC)(CC)CCCCN1/C(=C\C2=C([O-])/C(=C/C3=[N+](CCCCO)c4ccc(I)cc4C3(C)C)C2=O)C(C)(C)c2cc(Br)ccc21,-5.4481983,-6.6815414,-5.884647,-6.004795566666666
CC[N+](CC)(CC)CCCCN1/C(=C\C2=C([O-])/C(=C/C3=[N+](CCCCO)c4ccc(I)cc4C3(C)C)C2=O)C(C)(C)c2cc(I)ccc21,-5.4579005,-6.566805,-5.8127065,-5.945804
CC1(C)C(/C=C2\C(=O)C(/C=C3\N(CCCCS(=O)(=O)O)c4ccccc4C3(C)C)=C2[O-])=[N+](CCCCO)c2ccc(I)cc21,-5.5672507,-6.721507,-5.536712,-5.941823233333333
CC1(C)C(/C=C2\C(=O)C(/C=C3\N(CCCCS(=O)(=O)O)c4ccc(Br)cc4C3(C)C)=C2[O-])=[N+](CCCCO)c2ccc(I)cc21,-5.66596,-6.794278,-5.6196213,-6.026619766666667
CC1(C)C(/C=C2\C(=O)C(/C=C3\N(CCCCS(=O)(=O)O)c4ccc(I)cc4C3(C)C)=C2[O-])=[N+](CCCCO)c2ccc(I)cc21,-5.571727,-6.678161,-5.552005,-5.933964333333333
CC1(C)C(/C=C2\C(=O)C(/C=C3\N(Cc4ccccc4)c4ccccc4C3(C)C)=C2[O-])=[N+](CCCCO)c2ccc(I)cc21,-4.9577127,-6.3541822,-5.7655287,-5.692474533333333
CC1(C)C(/C=C2\C(=O)C(/C=C3\N(Cc4ccccc4)c4ccc(Br)cc4C3(C)C)=C2[O-])=[N+](CCCCO)c2ccc(I)cc21,-5.056909,-6.4714117,-5.8687897,-5.7990368
CC1(C)C(/C=C2\C(=O)C(/C=C3\N(Cc4ccccc4)c4ccc(I)cc4C3(C)C)=C2[O-])=[N+](CCCCO)c2ccc(I)cc21,-4.931616,-6.2914796,-5.7677016,-5.6635990666666665
CC1(C)C(/C=C2\C(=O)C(/C=C3\N(Cc4ccsc4)c4ccccc4C3(C)C)=C2[O-])=[N+](CCCCO)c2ccc(I)cc21,-4.9518147,-6.3412066,-5.765276,-5.6860991
CC1(C)C(/C=C2\C(=O)C(/C=C3\N(Cc4ccsc4)c4ccc(Br)cc4C3(C)C)=C2[O-])=[N+](CCCCO)c2ccc(I)cc21,-5.076218,-6.47359,-5.876433,-5.808746999999999
CC1(C)C(/C=C2\C(=O)C(/C=C3\N(Cc4ccsc4)c4ccc(I)cc4C3(C)C)=C2[O-])=[N+](CCCCO)c2ccc(I)cc21,-4.9252505,-6.2785597,-5.767159,-5.656989733333333
CCN1/C(=C\C2=C([O-])/C(=C/C3=[N+](CCCC[N+](CC)(CC)CC)c4ccccc4C3(C)C)C2=O)C(C)(C)c2ccccc21,-5.517417,-6.6459913,-5.8131495,-5.992185933333334
CCN1/C(=C\C2=C([O-])/C(=C/C3=[N+](CCCC[N+](CC)(CC)CC)c4ccccc4C3(C)C)C2=O)C(C)(C)c2cc(Br)ccc21,-5.490324,-6.7107253,-5.8816366,-6.027561966666667
CCN1/C(=C\C2=C([O-])/C(=C/C3=[N+](CCCC[N+](CC)(CC)CC)c4ccccc4C3(C)C)C2=O)C(C)(C)c2cc(I)ccc21,-5.509838,-6.5935426,-5.806372,-5.969917533333334
CCCCN1/C(=C\C2=C([O-])/C(=C/C3=[N+](CCCC[N+](CC)(CC)CC)c4ccccc4C3(C)C)C2=O)C(C)(C)c2ccccc21,-5.517353,-6.6346326,-5.8096666,-5.9872174
CCCCN1/C(=C\C2=C([O-])/C(=C/C3=[N+](CCCC[N+](CC)(CC)CC)c4ccccc4C3(C)C)C2=O)C(C)(C)c2cc(Br)ccc21,-5.4925323,-6.7021027,-5.876631,-6.023755333333334
CCCCN1/C(=C\C2=C([O-])/C(=C/C3=[N+](CCCC[N+](CC)(CC)CC)c4ccccc4C3(C)C)C2=O)C(C)(C)c2cc(I)ccc21,-5.5097585,-6.583775,-5.8019934,-5.965175633333334
CC[N+](CC)(CC)CCCC[N+]1=C(/C=C2\C(=O)C(/C=C3\N(CCCCN)c4ccccc4C3(C)C)=C2[O-])C(C)(C)c2ccccc21,-5.449937,-6.879444,-5.9927936,-6.107391533333334
CC[N+](CC)(CC)CCCC[N+]1=C(/C=C2\C(=O)C(/C=C3\N(CCCCN)c4ccc(Br)cc4C3(C)C)=C2[O-])C(C)(C)c2ccccc21,-5.440499,-6.927618,-6.057381,-6.141832666666667
CC[N+](CC)(CC)CCCC[N+]1=C(/C=C2\C(=O)C(/C=C3\N(CCCCN)c4ccc(I)cc4C3(C)C)=C2[O-])C(C)(C)c2ccccc21,-5.4430676,-6.824356,-5.9834075,-6.083610366666666
CC[N+](CC)(CC)CCCC[N+]1=C(/C=C2\C(=O)C(/C=C3\N(CCCCO)c4ccccc4C3(C)C)=C2[O-])C(C)(C)c2ccccc21,-5.46609,-6.7011023,-5.8375115,-6.001567933333334
CC[N+](CC)(CC)CCCC[N+]1=C(/C=C2\C(=O)C(/C=C3\N(CCCCO)c4ccc(Br)cc4C3(C)C)=C2[O-])C(C)(C)c2ccccc21,-5.4465156,-6.7605424,-5.90508,-6.037379333333334
CC[N+](CC)(CC)CCCC[N+]1=C(/C=C2\C(=O)C(/C=C3\N(CCCCO)c4ccc(I)cc4C3(C)C)=C2[O-])C(C)(C)c2ccccc21,-5.45843,-6.6428843,-5.830616,-5.9773101
CC[N+](CC)(CC)CCCCN1/C(=C\C2=C([O-])/C(=C/C3=[N+](CCCC[N+](CC)(CC)CC)c4ccccc4C3(C)C)C2=O)C(C)(C)c2ccccc21,-5.7568007,-7.0332527,-5.9959397,-6.261997700000001
CC[N+](CC)(CC)CCCCN1/C(=C\C2=C([O-])/C(=C/C3=[N+](CCCC[N+](CC)(CC)CC)c4ccccc4C3(C)C)C2=O)C(C)(C)c2cc(Br)ccc21,-5.717464,-7.119586,-6.092802,-6.3099506666666665
CC[N+](CC)(CC)CCCCN1/C(=C\C2=C([O-])/C(=C/C3=[N+](CCCC[N+](CC)(CC)CC)c4ccccc4C3(C)C)C2=O)C(C)(C)c2cc(I)ccc21,-5.7426233,-6.9653172,-5.9890447,-6.2323284
CC[N+](CC)(CC)CCCC[N+]1=C(/C=C2\C(=O)C(/C=C3\N(CCCCS(=O)(=O)O)c4ccccc4C3(C)C)=C2[O-])C(C)(C)c2ccccc21,-5.759494,-6.988749,-5.6797323,-6.142658433333334
CC[N+](CC)(CC)CCCC[N+]1=C(/C=C2\C(=O)C(/C=C3\N(CCCCS(=O)(=O)O)c4ccc(Br)cc4C3(C)C)=C2[O-])C(C)(C)c2ccccc21,-5.7396746,-7.0155587,-5.7478065,-6.167679933333333
CC[N+](CC)(CC)CCCC[N+]1=C(/C=C2\C(=O)C(/C=C3\N(CCCCS(=O)(=O)O)c4ccc(I)cc4C3(C)C)=C2[O-])C(C)(C)c2ccccc21,-5.7505226,-6.9254227,-5.678503,-6.1181494333333335
CC[N+](CC)(CC)CCCC[N+]1=C(/C=C2\C(=O)C(/C=C3\N(Cc4ccccc4)c4ccccc4C3(C)C)=C2[O-])C(C)(C)c2ccccc21,-5.5566473,-6.7876086,-5.8503585,-6.064871466666666
CC[N+](CC)(CC)CCCC[N+]1=C(/C=C2\C(=O)C(/C=C3\N(Cc4ccccc4)c4ccc(Br)cc4C3(C)C)=C2[O-])C(C)(C)c2ccccc21,-5.525576,-6.847122,-5.9202013,-6.0976331
CC[N+](CC)(CC)CCCC[N+]1=C(/C=C2\C(=O)C(/C=C3\N(Cc4ccccc4)c4ccc(I)cc4C3(C)C)=C2[O-])C(C)(C)c2ccccc21,-5.5465117,-6.731142,-5.844096,-6.040583233333334
CC[N+](CC)(CC)CCCC[N+]1=C(/C=C2\C(=O)C(/C=C3\N(Cc4ccsc4)c4ccccc4C3(C)C)=C2[O-])C(C)(C)c2ccccc21,-5.546031,-6.7452765,-5.842031,-6.044446166666667
CC[N+](CC)(CC)CCCC[N+]1=C(/C=C2\C(=O)C(/C=C3\N(Cc4ccsc4)c4ccc(Br)cc4C3(C)C)=C2[O-])C(C)(C)c2ccccc21,-5.5152507,-6.808588,-5.9112296,-6.078356100000001
CC[N+](CC)(CC)CCCC[N+]1=C(/C=C2\C(=O)C(/C=C3\N(Cc4ccsc4)c4ccc(I)cc4C3(C)C)=C2[O-])C(C)(C)c2ccccc21,-5.5345755,-6.690645,-5.8365498,-6.0205901
CCN1/C(=C\C2=C([O-])/C(=C/C3=[N+](CCCC[N+](CC)(CC)CC)c4ccc(Br)cc4C3(C)C)C2=O)C(C)(C)c2ccccc21,-5.499556,-6.6861157,-5.860093,-6.0152548999999995
CCN1/C(=C\C2=C([O-])/C(=C/C3=[N+](CCCC[N+](CC)(CC)CC)c4ccc(Br)cc4C3(C)C)C2=O)C(C)(C)c2cc(Br)ccc21,-5.469336,-6.7563295,-5.9282403,-6.051301933333334
CCN1/C(=C\C2=C([O-])/C(=C/C3=[N+](CCCC[N+](CC)(CC)CC)c4ccc(Br)cc4C3(C)C)C2=O)C(C)(C)c2cc(I)ccc21,-5.48871,-6.638914,-5.8547826,-5.994135533333334
CCCCN1/C(=C\C2=C([O-])/C(=C/C3=[N+](CCCC[N+](CC)(CC)CC)c4ccc(Br)cc4C3(C)C)C2=O)C(C)(C)c2ccccc21,-5.499149,-6.6771073,-5.857371,-6.011209099999999
CCCCN1/C(=C\C2=C([O-])/C(=C/C3=[N+](CCCC[N+](CC)(CC)CC)c4ccc(Br)cc4C3(C)C)C2=O)C(C)(C)c2cc(Br)ccc21,-5.4772077,-6.745017,-5.923705,-6.048643233333333
CCCCN1/C(=C\C2=C([O-])/C(=C/C3=[N+](CCCC[N+](CC)(CC)CC)c4ccc(Br)cc4C3(C)C)C2=O)C(C)(C)c2cc(I)ccc21,-5.4926577,-6.6283426,-5.8502164,-5.9904055666666665
CC[N+](CC)(CC)CCCC[N+]1=C(/C=C2\C(=O)C(/C=C3\N(CCCCN)c4ccccc4C3(C)C)=C2[O-])C(C)(C)c2cc(Br)ccc21,-5.442052,-6.9081597,-6.0376053,-6.129272333333333
CC[N+](CC)(CC)CCCC[N+]1=C(/C=C2\C(=O)C(/C=C3\N(CCCCN)c4ccc(Br)cc4C3(C)C)=C2[O-])C(C)(C)c2cc(Br)ccc21,-5.4326825,-6.9424195,-6.0952497,-6.156783900000001
CC[N+](CC)(CC)CCCC[N+]1=C(/C=C2\C(=O)C(/C=C3\N(CCCCN)c4ccc(I)cc4C3(C)C)=C2[O-])C(C)(C)c2cc(Br)ccc21,-5.4338527,-6.860262,-6.030995,-6.1083699
CC[N+](CC)(CC)CCCC[N+]1=C(/C=C2\C(=O)C(/C=C3\N(CCCCO)c4ccccc4C3(C)C)=C2[O-])C(C)(C)c2cc(Br)ccc21,-5.4547043,-6.730626,-5.8819795,-6.0224366
CC[N+](CC)(CC)CCCC[N+]1=C(/C=C2\C(=O)C(/C=C3\N(CCCCO)c4ccc(Br)cc4C3(C)C)=C2[O-])C(C)(C)c2cc(Br)ccc21,-5.436489,-6.7943263,-5.9493227,-6.060046
CC[N+](CC)(CC)CCCC[N+]1=C(/C=C2\C(=O)C(/C=C3\N(CCCCO)c4ccc(I)cc4C3(C)C)=C2[O-])C(C)(C)c2cc(Br)ccc21,-5.4479766,-6.6728635,-5.874142,-5.998327366666666
CC[N+](CC)(CC)CCCCN1/C(=C\C2=C([O-])/C(=C/C3=[N+](CCCC[N+](CC)(CC)CC)c4ccc(Br)cc4C3(C)C)C2=O)C(C)(C)c2ccccc21,-5.727755,-7.076348,-6.0592785,-6.2877938333333345
CC[N+](CC)(CC)CCCCN1/C(=C\C2=C([O-])/C(=C/C3=[N+](CCCC[N+](CC)(CC)CC)c4ccc(Br)cc4C3(C)C)C2=O)C(C)(C)c2cc(Br)ccc21,-5.6961975,-7.1694274,-6.1508336,-6.3388195
CC[N+](CC)(CC)CCCCN1/C(=C\C2=C([O-])/C(=C/C3=[N+](CCCC[N+](CC)(CC)CC)c4ccc(Br)cc4C3(C)C)C2=O)C(C)(C)c2cc(I)ccc21,-5.720261,-7.0105286,-6.0458484,-6.258879333333333
CC[N+](CC)(CC)CCCC[N+]1=C(/C=C2\C(=O)C(/C=C3\N(CCCCS(=O)(=O)O)c4ccccc4C3(C)C)=C2[O-])C(C)(C)c2cc(Br)ccc21,-5.745854,-6.9945126,-5.728071,-6.156145866666667
CC[N+](CC)(CC)CCCC[N+]1=C(/C=C2\C(=O)C(/C=C3\N(CCCCS(=O)(=O)O)c4ccc(Br)cc4C3(C)C)=C2[O-])C(C)(C)c2cc(Br)ccc21,-5.721808,-7.019397,-5.791195,-6.1774666666666675
CC[N+](CC)(CC)CCCC[N+]1=C(/C=C2\C(=O)C(/C=C3\N(CCCCS(=O)(=O)O)c4ccc(I)cc4C3(C)C)=C2[O-])C(C)(C)c2cc(Br)ccc21,-5.737004,-6.931776,-5.7250466,-6.1312755333333335
CC[N+](CC)(CC)CCCC[N+]1=C(/C=C2\C(=O)C(/C=C3\N(Cc4ccccc4)c4ccccc4C3(C)C)=C2[O-])C(C)(C)c2cc(Br)ccc21,-5.535264,-6.8215766,-5.897842,-6.0848942
CC[N+](CC)(CC)CCCC[N+]1=C(/C=C2\C(=O)C(/C=C3\N(Cc4ccccc4)c4ccc(Br)cc4C3(C)C)=C2[O-])C(C)(C)c2cc(Br)ccc21,-5.50486,-6.8888707,-5.966997,-6.120242566666666
CC[N+](CC)(CC)CCCC[N+]1=C(/C=C2\C(=O)C(/C=C3\N(Cc4ccccc4)c4ccc(I)cc4C3(C)C)=C2[O-])C(C)(C)c2cc(Br)ccc21,-5.5251117,-6.7707195,-5.8915625,-6.062464566666667
CC[N+](CC)(CC)CCCC[N+]1=C(/C=C2\C(=O)C(/C=C3\N(Cc4ccsc4)c4ccccc4C3(C)C)=C2[O-])C(C)(C)c2cc(Br)ccc21,-5.5241566,-6.784567,-5.889735,-6.066152866666667
CC[N+](CC)(CC)CCCC[N+]1=C(/C=C2\C(=O)C(/C=C3\N(Cc4ccsc4)c4ccc(Br)cc4C3(C)C)=C2[O-])C(C)(C)c2cc(Br)ccc21,-5.495449,-6.8538103,-5.9586754,-6.1026449000000005
CC[N+](CC)(CC)CCCC[N+]1=C(/C=C2\C(=O)C(/C=C3\N(Cc4ccsc4)c4ccc(I)cc4C3(C)C)=C2[O-])C(C)(C)c2cc(Br)ccc21,-5.514399,-6.7357817,-5.883461,-6.044547233333334
CCN1/C(=C\C2=C([O-])/C(=C/C3=[N+](CCCC[N+](CC)(CC)CC)c4ccc(I)cc4C3(C)C)C2=O)C(C)(C)c2ccccc21,-5.5162635,-6.591345,-5.8026633,-5.9700906
CCN1/C(=C\C2=C([O-])/C(=C/C3=[N+](CCCC[N+](CC)(CC)CC)c4ccc(I)cc4C3(C)C)C2=O)C(C)(C)c2cc(Br)ccc21,-5.489579,-6.6604037,-5.8704348,-6.006805833333334
CCN1/C(=C\C2=C([O-])/C(=C/C3=[N+](CCCC[N+](CC)(CC)CC)c4ccc(I)cc4C3(C)C)C2=O)C(C)(C)c2cc(I)ccc21,-5.505285,-6.5402684,-5.7964563,-5.947336566666666
CCCCN1/C(=C\C2=C([O-])/C(=C/C3=[N+](CCCC[N+](CC)(CC)CC)c4ccc(I)cc4C3(C)C)C2=O)C(C)(C)c2ccccc21,-5.5145607,-6.5808477,-5.7997594,-5.965055933333333
CCCCN1/C(=C\C2=C([O-])/C(=C/C3=[N+](CCCC[N+](CC)(CC)CC)c4ccc(I)cc4C3(C)C)C2=O)C(C)(C)c2cc(Br)ccc21,-5.490674,-6.650645,-5.86751,-6.002942999999999
CCCCN1/C(=C\C2=C([O-])/C(=C/C3=[N+](CCCC[N+](CC)(CC)CC)c4ccc(I)cc4C3(C)C)C2=O)C(C)(C)c2cc(I)ccc21,-5.506875,-6.530628,-5.7920156,-5.943172866666667
CC[N+](CC)(CC)CCCC[N+]1=C(/C=C2\C(=O)C(/C=C3\N(CCCCN)c4ccccc4C3(C)C)=C2[O-])C(C)(C)c2cc(I)ccc21,-5.44935,-6.822399,-5.9806185,-6.084122499999999
CC[N+](CC)(CC)CCCC[N+]1=C(/C=C2\C(=O)C(/C=C3\N(CCCCN)c4ccc(Br)cc4C3(C)C)=C2[O-])C(C)(C)c2cc(I)ccc21,-5.4388294,-6.875809,-6.0476713,-6.1207699
CC[N+](CC)(CC)CCCC[N+]1=C(/C=C2\C(=O)C(/C=C3\N(CCCCN)c4ccc(I)cc4C3(C)C)=C2[O-])C(C)(C)c2cc(I)ccc21,-5.4423137,-6.7701306,-5.97214,-6.061528099999999
CC[N+](CC)(CC)CCCC[N+]1=C(/C=C2\C(=O)C(/C=C3\N(CCCCO)c4ccccc4C3(C)C)=C2[O-])C(C)(C)c2cc(I)ccc21,-5.463793,-6.639803,-5.8279185,-5.9771715
CC[N+](CC)(CC)CCCC[N+]1=C(/C=C2\C(=O)C(/C=C3\N(CCCCO)c4ccc(Br)cc4C3(C)C)=C2[O-])C(C)(C)c2cc(I)ccc21,-5.4468803,-6.698352,-5.892468,-6.012566766666667
CC[N+](CC)(CC)CCCC[N+]1=C(/C=C2\C(=O)C(/C=C3\N(CCCCO)c4ccc(I)cc4C3(C)C)=C2[O-])C(C)(C)c2cc(I)ccc21,-5.457163,-6.5846066,-5.82091,-5.954226533333333
CC[N+](CC)(CC)CCCCN1/C(=C\C2=C([O-])/C(=C/C3=[N+](CCCC[N+](CC)(CC)CC)c4ccc(I)cc4C3(C)C)C2=O)C(C)(C)c2ccccc21,-5.7486234,-6.9622316,-5.984713,-6.231856
CC[N+](CC)(CC)CCCCN1/C(=C\C2=C([O-])/C(=C/C3=[N+](CCCC[N+](CC)(CC)CC)c4ccc(I)cc4C3(C)C)C2=O)C(C)(C)c2cc(Br)ccc21,-5.7163625,-7.0517454,-6.0754023,-6.281170066666667
CC[N+](CC)(CC)CCCCN1/C(=C\C2=C([O-])/C(=C/C3=[N+](CCCC[N+](CC)(CC)CC)c4ccc(I)cc4C3(C)C)C2=O)C(C)(C)c2cc(I)ccc21,-5.7380004,-6.897009,-5.9756885,-6.203565966666666
CC[N+](CC)(CC)CCCC[N+]1=C(/C=C2\C(=O)C(/C=C3\N(CCCCS(=O)(=O)O)c4ccccc4C3(C)C)=C2[O-])C(C)(C)c2cc(I)ccc21,-5.7554007,-6.92128,-5.6767936,-6.117824766666668
CC[N+](CC)(CC)CCCC[N+]1=C(/C=C2\C(=O)C(/C=C3\N(CCCCS(=O)(=O)O)c4ccc(Br)cc4C3(C)C)=C2[O-])C(C)(C)c2cc(I)ccc21,-5.7358856,-6.9491506,-5.742966,-6.1426674
CC[N+](CC)(CC)CCCC[N+]1=C(/C=C2\C(=O)C(/C=C3\N(CCCCS(=O)(=O)O)c4ccc(I)cc4C3(C)C)=C2[O-])C(C)(C)c2cc(I)ccc21,-5.7480416,-6.8590326,-5.6737013,-6.093591833333334
CC[N+](CC)(CC)CCCC[N+]1=C(/C=C2\C(=O)C(/C=C3\N(Cc4ccccc4)c4ccccc4C3(C)C)=C2[O-])C(C)(C)c2cc(I)ccc21,-5.5538626,-6.730139,-5.8403263,-6.041442633333333
CC[N+](CC)(CC)CCCC[N+]1=C(/C=C2\C(=O)C(/C=C3\N(Cc4ccccc4)c4ccc(Br)cc4C3(C)C)=C2[O-])C(C)(C)c2cc(I)ccc21,-5.5242214,-6.792405,-5.9081774,-6.0749346
CC[N+](CC)(CC)CCCC[N+]1=C(/C=C2\C(=O)C(/C=C3\N(Cc4ccccc4)c4ccc(I)cc4C3(C)C)=C2[O-])C(C)(C)c2cc(I)ccc21,-5.5426917,-6.6778684,-5.835035,-6.0185317000000005
CC[N+](CC)(CC)CCCC[N+]1=C(/C=C2\C(=O)C(/C=C3\N(Cc4ccsc4)c4ccccc4C3(C)C)=C2[O-])C(C)(C)c2cc(I)ccc21,-5.5419073,-6.6895933,-5.8327336,-6.021411400000001
CC[N+](CC)(CC)CCCC[N+]1=C(/C=C2\C(=O)C(/C=C3\N(Cc4ccsc4)c4ccc(Br)cc4C3(C)C)=C2[O-])C(C)(C)c2cc(I)ccc21,-5.5141163,-6.757263,-5.8998885,-6.057089266666666
CC[N+](CC)(CC)CCCC[N+]1=C(/C=C2\C(=O)C(/C=C3\N(Cc4ccsc4)c4ccc(I)cc4C3(C)C)=C2[O-])C(C)(C)c2cc(I)ccc21,-5.5315623,-6.6420097,-5.8271904,-6.000254133333333
CCN1/C(=C\C2=C([O-])/C(=C/C3=[N+](CCCCS(=O)(=O)O)c4ccccc4C3(C)C)C2=O)C(C)(C)c2ccccc21,-5.524081,-6.732653,-5.534639,-5.930457666666666
CCN1/C(=C\C2=C([O-])/C(=C/C3=[N+](CCCCS(=O)(=O)O)c4ccccc4C3(C)C)C2=O)C(C)(C)c2cc(Br)ccc21,-5.5911164,-6.7914057,-5.612214,-5.998245366666666
CCN1/C(=C\C2=C([O-])/C(=C/C3=[N+](CCCCS(=O)(=O)O)c4ccccc4C3(C)C)C2=O)C(C)(C)c2cc(I)ccc21,-5.521072,-6.6848807,-5.5533447,-5.9197658
CCCCN1/C(=C\C2=C([O-])/C(=C/C3=[N+](CCCCS(=O)(=O)O)c4ccccc4C3(C)C)C2=O)C(C)(C)c2ccccc21,-5.517303,-6.6663084,-5.518615,-5.900742133333334
CCCCN1/C(=C\C2=C([O-])/C(=C/C3=[N+](CCCCS(=O)(=O)O)c4ccccc4C3(C)C)C2=O)C(C)(C)c2cc(Br)ccc21,-5.5914326,-6.724532,-5.592163,-5.969375866666667
CCCCN1/C(=C\C2=C([O-])/C(=C/C3=[N+](CCCCS(=O)(=O)O)c4ccccc4C3(C)C)C2=O)C(C)(C)c2cc(I)ccc21,-5.511688,-6.6216383,-5.533072,-5.888799433333333
CC1(C)C(/C=C2\C(=O)C(/C=C3\N(CCCCN)c4ccccc4C3(C)C)=C2[O-])=[N+](CCCCS(=O)(=O)O)c2ccccc21,-5.634183,-6.8585043,-5.6818213,-6.058169533333333
CC1(C)C(/C=C2\C(=O)C(/C=C3\N(CCCCN)c4ccc(Br)cc4C3(C)C)=C2[O-])=[N+](CCCCS(=O)(=O)O)c2ccccc21,-5.6851187,-6.8936625,-5.749839,-6.109540066666667
CC1(C)C(/C=C2\C(=O)C(/C=C3\N(CCCCN)c4ccc(I)cc4C3(C)C)=C2[O-])=[N+](CCCCS(=O)(=O)O)c2ccccc21,-5.6363487,-6.8123484,-5.6973386,-6.048678566666666
CC1(C)C(/C=C2\C(=O)C(/C=C3\N(CCCCO)c4ccccc4C3(C)C)=C2[O-])=[N+](CCCCS(=O)(=O)O)c2ccccc21,-5.5453196,-6.7905636,-5.5287147,-5.954865966666667
CC1(C)C(/C=C2\C(=O)C(/C=C3\N(CCCCO)c4ccc(Br)cc4C3(C)C)=C2[O-])=[N+](CCCCS(=O)(=O)O)c2ccccc21,-5.645381,-6.861288,-5.610369,-6.039012666666667
CC1(C)C(/C=C2\C(=O)C(/C=C3\N(CCCCO)c4ccc(I)cc4C3(C)C)=C2[O-])=[N+](CCCCS(=O)(=O)O)c2ccccc21,-5.554699,-6.747401,-5.545191,-5.949096999999999
CC[N+](CC)(CC)CCCCN1/C(=C\C2=C([O-])/C(=C/C3=[N+](CCCCS(=O)(=O)O)c4ccccc4C3(C)C)C2=O)C(C)(C)c2ccccc21,-5.7572727,-7.009934,-5.685036,-6.150747566666666
CC[N+](CC)(CC)CCCCN1/C(=C\C2=C([O-])/C(=C/C3=[N+](CCCCS(=O)(=O)O)c4ccccc4C3(C)C)C2=O)C(C)(C)c2cc(Br)ccc21,-5.738021,-7.037575,-5.754552,-6.176716
CC[N+](CC)(CC)CCCCN1/C(=C\C2=C([O-])/C(=C/C3=[N+](CCCCS(=O)(=O)O)c4ccccc4C3(C)C)C2=O)C(C)(C)c2cc(I)ccc21,-5.748732,-6.943763,-5.683131,-6.1252086666666665
CC1(C)C(/C=C2\C(=O)C(/C=C3\N(CCCCS(=O)(=O)O)c4ccccc4C3(C)C)=C2[O-])=[N+](CCCCS(=O)(=O)O)c2ccccc21,-5.8911443,-7.1612983,-5.3523564,-6.134932999999999
CC1(C)C(/C=C2\C(=O)C(/C=C3\N(CCCCS(=O)(=O)O)c4ccc(Br)cc4C3(C)C)=C2[O-])=[N+](CCCCS(=O)(=O)O)c2ccccc21,-5.955034,-7.2192464,-5.4286017,-6.2009607
CC1(C)C(/C=C2\C(=O)C(/C=C3\N(CCCCS(=O)(=O)O)c4ccc(I)cc4C3(C)C)=C2[O-])=[N+](CCCCS(=O)(=O)O)c2ccccc21,-5.900774,-7.1042433,-5.367463,-6.1241601
CC1(C)C(/C=C2\C(=O)C(/C=C3\N(Cc4ccccc4)c4ccccc4C3(C)C)=C2[O-])=[N+](CCCCS(=O)(=O)O)c2ccccc21,-5.5353355,-6.811248,-5.542166,-5.962916500000001
CC1(C)C(/C=C2\C(=O)C(/C=C3\N(Cc4ccccc4)c4ccc(Br)cc4C3(C)C)=C2[O-])=[N+](CCCCS(=O)(=O)O)c2ccccc21,-5.6043487,-6.870327,-5.6221447,-6.032273466666666
CC1(C)C(/C=C2\C(=O)C(/C=C3\N(Cc4ccccc4)c4ccc(I)cc4C3(C)C)=C2[O-])=[N+](CCCCS(=O)(=O)O)c2ccccc21,-5.5335493,-6.7620406,-5.5593934,-5.9516611
CC1(C)C(/C=C2\C(=O)C(/C=C3\N(Cc4ccsc4)c4ccccc4C3(C)C)=C2[O-])=[N+](CCCCS(=O)(=O)O)c2ccccc21,-5.550289,-6.808327,-5.549721,-5.969445666666668
CC1(C)C(/C=C2\C(=O)C(/C=C3\N(Cc4ccsc4)c4ccc(Br)cc4C3(C)C)=C2[O-])=[N+](CCCCS(=O)(=O)O)c2ccccc21,-5.624345,-6.865974,-5.6312695,-6.040529500000001
CC1(C)C(/C=C2\C(=O)C(/C=C3\N(Cc4ccsc4)c4ccc(I)cc4C3(C)C)=C2[O-])=[N+](CCCCS(=O)(=O)O)c2ccccc21,-5.5483418,-6.7589335,-5.5667753,-5.958016866666667
CCN1/C(=C\C2=C([O-])/C(=C/C3=[N+](CCCCS(=O)(=O)O)c4ccc(Br)cc4C3(C)C)C2=O)C(C)(C)c2ccccc21,-5.5711675,-6.7694354,-5.5988307,-5.9798112
CCN1/C(=C\C2=C([O-])/C(=C/C3=[N+](CCCCS(=O)(=O)O)c4ccc(Br)cc4C3(C)C)C2=O)C(C)(C)c2cc(Br)ccc21,-5.6421824,-6.830558,-5.6798716,-6.050870666666666
CCN1/C(=C\C2=C([O-])/C(=C/C3=[N+](CCCCS(=O)(=O)O)c4ccc(Br)cc4C3(C)C)C2=O)C(C)(C)c2cc(I)ccc21,-5.567342,-6.7253795,-5.6172657,-5.9699957333333336
CCCCN1/C(=C\C2=C([O-])/C(=C/C3=[N+](CCCCS(=O)(=O)O)c4ccc(Br)cc4C3(C)C)C2=O)C(C)(C)c2ccccc21,-5.5684876,-6.7007127,-5.581535,-5.9502451
CCCCN1/C(=C\C2=C([O-])/C(=C/C3=[N+](CCCCS(=O)(=O)O)c4ccc(Br)cc4C3(C)C)C2=O)C(C)(C)c2cc(Br)ccc21,-5.6516924,-6.7626476,-5.6585183,-6.0242861
CCCCN1/C(=C\C2=C([O-])/C(=C/C3=[N+](CCCCS(=O)(=O)O)c4ccc(Br)cc4C3(C)C)C2=O)C(C)(C)c2cc(I)ccc21,-5.572208,-6.65745,-5.597333,-5.9423303333333335
CC1(C)C(/C=C2\C(=O)C(/C=C3\N(CCCCN)c4ccccc4C3(C)C)=C2[O-])=[N+](CCCCS(=O)(=O)O)c2ccc(Br)cc21,-5.666515,-6.8694882,-5.7385836,-6.091528933333334
CC1(C)C(/C=C2\C(=O)C(/C=C3\N(CCCCN)c4ccc(Br)cc4C3(C)C)=C2[O-])=[N+](CCCCS(=O)(=O)O)c2ccc(Br)cc21,-5.7137375,-6.911041,-5.809718,-6.144832166666667
CC1(C)C(/C=C2\C(=O)C(/C=C3\N(CCCCN)c4ccc(I)cc4C3(C)C)=C2[O-])=[N+](CCCCS(=O)(=O)O)c2ccc(Br)cc21,-5.665524,-6.8251677,-5.752927,-6.081206233333333
CC1(C)C(/C=C2\C(=O)C(/C=C3\N(CCCCO)c4ccccc4C3(C)C)=C2[O-])=[N+](CCCCS(=O)(=O)O)c2ccc(Br)cc21,-5.610543,-6.8263674,-5.5943384,-6.010416266666667
CC1(C)C(/C=C2\C(=O)C(/C=C3\N(CCCCO)c4ccc(Br)cc4C3(C)C)=C2[O-])=[N+](CCCCS(=O)(=O)O)c2ccc(Br)cc21,-5.70211,-6.8902946,-5.6771593,-6.089854633333334
CC1(C)C(/C=C2\C(=O)C(/C=C3\N(CCCCO)c4ccc(I)cc4C3(C)C)=C2[O-])=[N+](CCCCS(=O)(=O)O)c2ccc(Br)cc21,-5.617011,-6.7849846,-5.610125,-6.0040401999999995
CC[N+](CC)(CC)CCCCN1/C(=C\C2=C([O-])/C(=C/C3=[N+](CCCCS(=O)(=O)O)c4ccc(Br)cc4C3(C)C)C2=O)C(C)(C)c2ccccc21,-5.744623,-7.0146236,-5.7339587,-6.164401766666667
CC[N+](CC)(CC)CCCCN1/C(=C\C2=C([O-])/C(=C/C3=[N+](CCCCS(=O)(=O)O)c4ccc(Br)cc4C3(C)C)C2=O)C(C)(C)c2cc(Br)ccc21,-5.720685,-7.0399156,-5.7977295,-6.186110033333333
CC[N+](CC)(CC)CCCCN1/C(=C\C2=C([O-])/C(=C/C3=[N+](CCCCS(=O)(=O)O)c4ccc(Br)cc4C3(C)C)C2=O)C(C)(C)c2cc(I)ccc21,-5.736152,-6.9517145,-5.7311053,-6.139657266666666
CC1(C)C(/C=C2\C(=O)C(/C=C3\N(CCCCS(=O)(=O)O)c4ccccc4C3(C)C)=C2[O-])=[N+](CCCCS(=O)(=O)O)c2ccc(Br)cc21,-5.9362288,-7.181329,-5.413353,-6.176970266666667
CC1(C)C(/C=C2\C(=O)C(/C=C3\N(CCCCS(=O)(=O)O)c4ccc(Br)cc4C3(C)C)=C2[O-])=[N+](CCCCS(=O)(=O)O)c2ccc(Br)cc21,-5.987502,-7.2241845,-5.4871306,-6.232939033333333
CC1(C)C(/C=C2\C(=O)C(/C=C3\N(CCCCS(=O)(=O)O)c4ccc(I)cc4C3(C)C)=C2[O-])=[N+](CCCCS(=O)(=O)O)c2ccc(Br)cc21,-5.9455566,-7.122678,-5.4256063,-6.164613633333334
CC1(C)C(/C=C2\C(=O)C(/C=C3\N(Cc4ccccc4)c4ccccc4C3(C)C)=C2[O-])=[N+](CCCCS(=O)(=O)O)c2ccc(Br)cc21,-5.587044,-6.847745,-5.606931,-6.013906666666666
CC1(C)C(/C=C2\C(=O)C(/C=C3\N(Cc4ccccc4)c4ccc(Br)cc4C3(C)C)=C2[O-])=[N+](CCCCS(=O)(=O)O)c2ccc(Br)cc21,-5.655085,-6.8925915,-5.6843452,-6.077340566666667
CC1(C)C(/C=C2\C(=O)C(/C=C3\N(Cc4ccccc4)c4ccc(I)cc4C3(C)C)=C2[O-])=[N+](CCCCS(=O)(=O)O)c2ccc(Br)cc21,-5.5916386,-6.800477,-5.625852,-6.005989199999999
CC1(C)C(/C=C2\C(=O)C(/C=C3\N(Cc4ccsc4)c4ccccc4C3(C)C)=C2[O-])=[N+](CCCCS(=O)(=O)O)c2ccc(Br)cc21,-5.605222,-6.844522,-5.616747,-6.022163666666667
CC1(C)C(/C=C2\C(=O)C(/C=C3\N(Cc4ccsc4)c4ccc(Br)cc4C3(C)C)=C2[O-])=[N+](CCCCS(=O)(=O)O)c2ccc(Br)cc21,-5.6682763,-6.8806815,-5.6910625,-6.080006766666667
CC1(C)C(/C=C2\C(=O)C(/C=C3\N(Cc4ccsc4)c4ccc(I)cc4C3(C)C)=C2[O-])=[N+](CCCCS(=O)(=O)O)c2ccc(Br)cc21,-5.6104274,-6.796123,-5.6334553,-6.013335233333334
CCN1/C(=C\C2=C([O-])/C(=C/C3=[N+](CCCCS(=O)(=O)O)c4ccc(I)cc4C3(C)C)C2=O)C(C)(C)c2ccccc21,-5.52989,-6.68417,-5.5505757,-5.921545233333333
CCN1/C(=C\C2=C([O-])/C(=C/C3=[N+](CCCCS(=O)(=O)O)c4ccc(I)cc4C3(C)C)C2=O)C(C)(C)c2cc(Br)ccc21,-5.5981393,-6.748213,-5.6287165,-5.9916896
CCN1/C(=C\C2=C([O-])/C(=C/C3=[N+](CCCCS(=O)(=O)O)c4ccc(I)cc4C3(C)C)C2=O)C(C)(C)c2cc(I)ccc21,-5.5213876,-6.637843,-5.5683317,-5.909187433333334
CCCCN1/C(=C\C2=C([O-])/C(=C/C3=[N+](CCCCS(=O)(=O)O)c4ccc(I)cc4C3(C)C)C2=O)C(C)(C)c2ccccc21,-5.519269,-6.61848,-5.531931,-5.889893333333333
CCCCN1/C(=C\C2=C([O-])/C(=C/C3=[N+](CCCCS(=O)(=O)O)c4ccc(I)cc4C3(C)C)C2=O)C(C)(C)c2cc(Br)ccc21,-5.6029162,-6.67884,-5.608234,-5.963330066666667
CCCCN1/C(=C\C2=C([O-])/C(=C/C3=[N+](CCCCS(=O)(=O)O)c4ccc(I)cc4C3(C)C)C2=O)C(C)(C)c2cc(I)ccc21,-5.5176044,-6.5732827,-5.5469174,-5.879268166666667
CC1(C)C(/C=C2\C(=O)C(/C=C3\N(CCCCN)c4ccccc4C3(C)C)=C2[O-])=[N+](CCCCS(=O)(=O)O)c2ccc(I)cc21,-5.64281,-6.807237,-5.696108,-6.048718333333333
CC1(C)C(/C=C2\C(=O)C(/C=C3\N(CCCCN)c4ccc(Br)cc4C3(C)C)=C2[O-])=[N+](CCCCS(=O)(=O)O)c2ccc(I)cc21,-5.6920176,-6.8432918,-5.76278,-6.099363133333333
CC1(C)C(/C=C2\C(=O)C(/C=C3\N(CCCCN)c4ccc(I)cc4C3(C)C)=C2[O-])=[N+](CCCCS(=O)(=O)O)c2ccc(I)cc21,-5.641583,-6.7631297,-5.7103777,-6.038363466666667
CC1(C)C(/C=C2\C(=O)C(/C=C3\N(CCCCO)c4ccccc4C3(C)C)=C2[O-])=[N+](CCCCS(=O)(=O)O)c2ccc(I)cc21,-5.559478,-6.742738,-5.543873,-5.948696333333333
CC1(C)C(/C=C2\C(=O)C(/C=C3\N(CCCCO)c4ccc(Br)cc4C3(C)C)=C2[O-])=[N+](CCCCS(=O)(=O)O)c2ccc(I)cc21,-5.6581326,-6.8157215,-5.6267314,-6.0335285
CC1(C)C(/C=C2\C(=O)C(/C=C3\N(CCCCO)c4ccc(I)cc4C3(C)C)=C2[O-])=[N+](CCCCS(=O)(=O)O)c2ccc(I)cc21,-5.564753,-6.700243,-5.559336,-5.941444
CC[N+](CC)(CC)CCCCN1/C(=C\C2=C([O-])/C(=C/C3=[N+](CCCCS(=O)(=O)O)c4ccc(I)cc4C3(C)C)C2=O)C(C)(C)c2ccccc21,-5.7536087,-6.939612,-5.6814194,-6.1248800333333335
CC[N+](CC)(CC)CCCCN1/C(=C\C2=C([O-])/C(=C/C3=[N+](CCCCS(=O)(=O)O)c4ccc(I)cc4C3(C)C)C2=O)C(C)(C)c2cc(Br)ccc21,-5.7351403,-6.9690914,-5.7490735,-6.151101733333334
CC[N+](CC)(CC)CCCCN1/C(=C\C2=C([O-])/C(=C/C3=[N+](CCCCS(=O)(=O)O)c4ccc(I)cc4C3(C)C)C2=O)C(C)(C)c2cc(I)ccc21,-5.746669,-6.8769093,-5.6784496,-6.100675966666667
CC1(C)C(/C=C2\C(=O)C(/C=C3\N(CCCCS(=O)(=O)O)c4ccccc4C3(C)C)=C2[O-])=[N+](CCCCS(=O)(=O)O)c2ccc(I)cc21,-5.904391,-7.0984955,-5.3662887,-6.123058400000001
CC1(C)C(/C=C2\C(=O)C(/C=C3\N(CCCCS(=O)(=O)O)c4ccc(Br)cc4C3(C)C)=C2[O-])=[N+](CCCCS(=O)(=O)O)c2ccc(I)cc21,-5.9680076,-7.152088,-5.4392076,-6.1864344
CC1(C)C(/C=C2\C(=O)C(/C=C3\N(CCCCS(=O)(=O)O)c4ccc(I)cc4C3(C)C)=C2[O-])=[N+](CCCCS(=O)(=O)O)c2ccc(I)cc21,-5.916361,-7.04356,-5.378875,-6.112932000000001
CC1(C)C(/C=C2\C(=O)C(/C=C3\N(Cc4ccccc4)c4ccccc4C3(C)C)=C2[O-])=[N+](CCCCS(=O)(=O)O)c2ccc(I)cc21,-5.5443697,-6.76057,-5.555482,-5.9534739
CC1(C)C(/C=C2\C(=O)C(/C=C3\N(Cc4ccccc4)c4ccc(Br)cc4C3(C)C)=C2[O-])=[N+](CCCCS(=O)(=O)O)c2ccc(I)cc21,-5.622221,-6.822006,-5.636867,-6.027031333333333
CC1(C)C(/C=C2\C(=O)C(/C=C3\N(Cc4ccccc4)c4ccc(I)cc4C3(C)C)=C2[O-])=[N+](CCCCS(=O)(=O)O)c2ccc(I)cc21,-5.542398,-6.711155,-5.572511,-5.942021333333334
CC1(C)C(/C=C2\C(=O)C(/C=C3\N(Cc4ccsc4)c4ccccc4C3(C)C)=C2[O-])=[N+](CCCCS(=O)(=O)O)c2ccc(I)cc21,-5.5591116,-6.757435,-5.5628204,-5.959789
CC1(C)C(/C=C2\C(=O)C(/C=C3\N(Cc4ccsc4)c4ccc(Br)cc4C3(C)C)=C2[O-])=[N+](CCCCS(=O)(=O)O)c2ccc(I)cc21,-5.6394596,-6.815034,-5.645346,-6.033279866666667
CC1(C)C(/C=C2\C(=O)C(/C=C3\N(Cc4ccsc4)c4ccc(I)cc4C3(C)C)=C2[O-])=[N+](CCCCS(=O)(=O)O)c2ccc(I)cc21,-5.5578456,-6.7087755,-5.5807824,-5.9491344999999995
CCN1/C(=C\C2=C([O-])/C(=C/C3=[N+](Cc4ccccc4)c4ccccc4C3(C)C)C2=O)C(C)(C)c2ccccc21,-5.063559,-6.3841295,-5.751329,-5.733005833333333
CCN1/C(=C\C2=C([O-])/C(=C/C3=[N+](Cc4ccccc4)c4ccccc4C3(C)C)C2=O)C(C)(C)c2cc(Br)ccc21,-5.1321335,-6.4964943,-5.8496,-5.826075933333333
CCN1/C(=C\C2=C([O-])/C(=C/C3=[N+](Cc4ccccc4)c4ccccc4C3(C)C)C2=O)C(C)(C)c2cc(I)ccc21,-5.0474167,-6.3331337,-5.756848,-5.712466133333334
CCCCN1/C(=C\C2=C([O-])/C(=C/C3=[N+](Cc4ccccc4)c4ccccc4C3(C)C)C2=O)C(C)(C)c2ccccc21,-5.0448527,-6.327384,-5.7431755,-5.705137400000001
CCCCN1/C(=C\C2=C([O-])/C(=C/C3=[N+](Cc4ccccc4)c4ccccc4C3(C)C)C2=O)C(C)(C)c2cc(Br)ccc21,-5.116796,-6.4409957,-5.8383584,-5.7987167
CCCCN1/C(=C\C2=C([O-])/C(=C/C3=[N+](Cc4ccccc4)c4ccccc4C3(C)C)C2=O)C(C)(C)c2cc(I)ccc21,-5.0266423,-6.2747703,-5.7447567,-5.682056433333333
CC1(C)C(/C=C2\C(=O)C(/C=C3\N(CCCCN)c4ccccc4C3(C)C)=C2[O-])=[N+](Cc2ccccc2)c2ccccc21,-5.168496,-6.611657,-5.9418797,-5.907344233333333
CC1(C)C(/C=C2\C(=O)C(/C=C3\N(CCCCN)c4ccc(Br)cc4C3(C)C)=C2[O-])=[N+](Cc2ccccc2)c2ccccc21,-5.225051,-6.672876,-6.0082536,-5.968726866666667
CC1(C)C(/C=C2\C(=O)C(/C=C3\N(CCCCN)c4ccc(I)cc4C3(C)C)=C2[O-])=[N+](Cc2ccccc2)c2ccccc21,-5.164331,-6.5705175,-5.9534507,-5.896099733333333
CC1(C)C(/C=C2\C(=O)C(/C=C3\N(CCCCO)c4ccccc4C3(C)C)=C2[O-])=[N+](Cc2ccccc2)c2ccccc21,-4.9853344,-6.4255075,-5.7631097,-5.724650533333334
CC1(C)C(/C=C2\C(=O)C(/C=C3\N(CCCCO)c4ccc(Br)cc4C3(C)C)=C2[O-])=[N+](Cc2ccccc2)c2ccccc21,-5.06566,-6.525969,-5.8532934,-5.814974133333334
CC1(C)C(/C=C2\C(=O)C(/C=C3\N(CCCCO)c4ccc(I)cc4C3(C)C)=C2[O-])=[N+](Cc2ccccc2)c2ccccc21,-4.964426,-6.3665314,-5.7642636,-5.698407
CC[N+](CC)(CC)CCCCN1/C(=C\C2=C([O-])/C(=C/C3=[N+](Cc4ccccc4)c4ccccc4C3(C)C)C2=O)C(C)(C)c2ccccc21,-5.564515,-6.7877316,-5.851761,-6.068002533333334
CC[N+](CC)(CC)CCCCN1/C(=C\C2=C([O-])/C(=C/C3=[N+](Cc4ccccc4)c4ccccc4C3(C)C)C2=O)C(C)(C)c2cc(Br)ccc21,-5.5349426,-6.8581343,-5.9236326,-6.105569833333334
CC[N+](CC)(CC)CCCCN1/C(=C\C2=C([O-])/C(=C/C3=[N+](Cc4ccccc4)c4ccccc4C3(C)C)C2=O)C(C)(C)c2cc(I)ccc21,-5.5579567,-6.7321987,-5.843649,-6.044601466666666
CC1(C)C(/C=C2\C(=O)C(/C=C3\N(CCCCS(=O)(=O)O)c4ccccc4C3(C)C)=C2[O-])=[N+](Cc2ccccc2)c2ccccc21,-5.557857,-6.7990694,-5.5332994,-5.9634086
CC1(C)C(/C=C2\C(=O)C(/C=C3\N(CCCCS(=O)(=O)O)c4ccc(Br)cc4C3(C)C)=C2[O-])=[N+](Cc2ccccc2)c2ccccc21,-5.62512,-6.860012,-5.609682,-6.0316046666666665
CC1(C)C(/C=C2\C(=O)C(/C=C3\N(CCCCS(=O)(=O)O)c4ccc(I)cc4C3(C)C)=C2[O-])=[N+](Cc2ccccc2)c2ccccc21,-5.553883,-6.7525244,-5.5486364,-5.951681266666667
CC1(C)C(/C=C2\C(=O)C(/C=C3\N(Cc4ccccc4)c4ccccc4C3(C)C)=C2[O-])=[N+](Cc2ccccc2)c2ccccc21,-5.1220694,-6.5316563,-5.788414,-5.814046566666666
CC1(C)C(/C=C2\C(=O)C(/C=C3\N(Cc4ccccc4)c4ccc(Br)cc4C3(C)C)=C2[O-])=[N+](Cc2ccccc2)c2ccccc21,-5.19284,-6.636113,-5.887138,-5.905363666666666
CC1(C)C(/C=C2\C(=O)C(/C=C3\N(Cc4ccccc4)c4ccc(I)cc4C3(C)C)=C2[O-])=[N+](Cc2ccccc2)c2ccccc21,-5.1144114,-6.482053,-5.79718,-5.7978814666666665
CC1(C)C(/C=C2\C(=O)C(/C=C3\N(Cc4ccsc4)c4ccccc4C3(C)C)=C2[O-])=[N+](Cc2ccccc2)c2ccccc21,-5.12913,-6.53046,-5.7966213,-5.8187371
CC1(C)C(/C=C2\C(=O)C(/C=C3\N(Cc4ccsc4)c4ccc(Br)cc4C3(C)C)=C2[O-])=[N+](Cc2ccccc2)c2ccccc21,-5.203551,-6.635107,-5.895752,-5.911469999999999
CC1(C)C(/C=C2\C(=O)C(/C=C3\N(Cc4ccsc4)c4ccc(I)cc4C3(C)C)=C2[O-])=[N+](Cc2ccccc2)c2ccccc21,-5.1187987,-6.4793386,-5.8036833,-5.800606866666667
CCN1/C(=C\C2=C([O-])/C(=C/C3=[N+](Cc4ccccc4)c4ccc(Br)cc4C3(C)C)C2=O)C(C)(C)c2ccccc21,-5.1123514,-6.461968,-5.8269835,-5.8004343
CCN1/C(=C\C2=C([O-])/C(=C/C3=[N+](Cc4ccccc4)c4ccc(Br)cc4C3(C)C)C2=O)C(C)(C)c2cc(Br)ccc21,-5.185282,-6.5699887,-5.9236784,-5.8929830333333335
CCN1/C(=C\C2=C([O-])/C(=C/C3=[N+](Cc4ccccc4)c4ccc(Br)cc4C3(C)C)C2=O)C(C)(C)c2cc(I)ccc21,-5.097953,-6.413574,-5.835319,-5.7822819999999995
CCCCN1/C(=C\C2=C([O-])/C(=C/C3=[N+](Cc4ccccc4)c4ccc(Br)cc4C3(C)C)C2=O)C(C)(C)c2ccccc21,-5.094587,-6.403369,-5.816139,-5.771364999999999
CCCCN1/C(=C\C2=C([O-])/C(=C/C3=[N+](Cc4ccccc4)c4ccc(Br)cc4C3(C)C)C2=O)C(C)(C)c2cc(Br)ccc21,-5.168888,-6.5067945,-5.9114256,-5.862369366666667
CCCCN1/C(=C\C2=C([O-])/C(=C/C3=[N+](Cc4ccccc4)c4ccc(Br)cc4C3(C)C)C2=O)C(C)(C)c2cc(I)ccc21,-5.0797305,-6.35094,-5.817599,-5.749423166666666
CC1(C)C(/C=C2\C(=O)C(/C=C3\N(CCCCN)c4ccccc4C3(C)C)=C2[O-])=[N+](Cc2ccccc2)c2ccc(Br)cc21,-5.2143097,-6.6582403,-6.0018716,-5.958140533333334
CC1(C)C(/C=C2\C(=O)C(/C=C3\N(CCCCN)c4ccc(Br)cc4C3(C)C)=C2[O-])=[N+](Cc2ccccc2)c2ccc(Br)cc21,-5.250356,-6.700545,-6.043703,-5.998201333333333
CC1(C)C(/C=C2\C(=O)C(/C=C3\N(CCCCN)c4ccc(I)cc4C3(C)C)=C2[O-])=[N+](Cc2ccccc2)c2ccc(Br)cc21,-5.2029014,-6.6160316,-6.007202,-5.942045
CC1(C)C(/C=C2\C(=O)C(/C=C3\N(CCCCO)c4ccccc4C3(C)C)=C2[O-])=[N+](Cc2ccccc2)c2ccc(Br)cc21,-5.0466304,-6.496886,-5.8383317,-5.793949366666666
CC1(C)C(/C=C2\C(=O)C(/C=C3\N(CCCCO)c4ccc(Br)cc4C3(C)C)=C2[O-])=[N+](Cc2ccccc2)c2ccc(Br)cc21,-5.147089,-6.595671,-5.927145,-5.889968333333333
CC1(C)C(/C=C2\C(=O)C(/C=C3\N(CCCCO)c4ccc(I)cc4C3(C)C)=C2[O-])=[N+](Cc2ccccc2)c2ccc(Br)cc21,-5.0310535,-6.4429727,-5.8442926,-5.772772933333333
CC[N+](CC)(CC)CCCCN1/C(=C\C2=C([O-])/C(=C/C3=[N+](Cc4ccccc4)c4ccc(Br)cc4C3(C)C)C2=O)C(C)(C)c2ccccc21,-5.5419946,-6.827968,-5.9017673,-6.090576633333334
CC[N+](CC)(CC)CCCCN1/C(=C\C2=C([O-])/C(=C/C3=[N+](Cc4ccccc4)c4ccc(Br)cc4C3(C)C)C2=O)C(C)(C)c2cc(Br)ccc21,-5.5138745,-6.897454,-5.970844,-6.127390833333333
CC[N+](CC)(CC)CCCCN1/C(=C\C2=C([O-])/C(=C/C3=[N+](Cc4ccccc4)c4ccc(Br)cc4C3(C)C)C2=O)C(C)(C)c2cc(I)ccc21,-5.5342097,-6.774306,-5.8928704,-6.0671287000000005
CC1(C)C(/C=C2\C(=O)C(/C=C3\N(CCCCS(=O)(=O)O)c4ccccc4C3(C)C)=C2[O-])=[N+](Cc2ccccc2)c2ccc(Br)cc21,-5.602583,-6.8334703,-5.6003647,-6.012139333333334
CC1(C)C(/C=C2\C(=O)C(/C=C3\N(CCCCS(=O)(=O)O)c4ccc(Br)cc4C3(C)C)=C2[O-])=[N+](Cc2ccccc2)c2ccc(Br)cc21,-5.675194,-6.8858724,-5.67542,-6.0788288
CC1(C)C(/C=C2\C(=O)C(/C=C3\N(CCCCS(=O)(=O)O)c4ccc(I)cc4C3(C)C)=C2[O-])=[N+](Cc2ccccc2)c2ccc(Br)cc21,-5.607885,-6.788617,-5.6158032,-6.004101733333333
CC1(C)C(/C=C2\C(=O)C(/C=C3\N(Cc4ccccc4)c4ccccc4C3(C)C)=C2[O-])=[N+](Cc2ccccc2)c2ccc(Br)cc21,-5.176705,-6.6041946,-5.863558,-5.881485866666666
CC1(C)C(/C=C2\C(=O)C(/C=C3\N(Cc4ccccc4)c4ccc(Br)cc4C3(C)C)=C2[O-])=[N+](Cc2ccccc2)c2ccc(Br)cc21,-5.248635,-6.700841,-5.9639254,-5.9711338000000005
CC1(C)C(/C=C2\C(=O)C(/C=C3\N(Cc4ccccc4)c4ccc(I)cc4C3(C)C)=C2[O-])=[N+](Cc2ccccc2)c2ccc(Br)cc21,-5.1689515,-6.5535765,-5.872087,-5.864871666666667
CC1(C)C(/C=C2\C(=O)C(/C=C3\N(Cc4ccsc4)c4ccccc4C3(C)C)=C2[O-])=[N+](Cc2ccccc2)c2ccc(Br)cc21,-5.1849184,-6.6000094,-5.869237,-5.8847216
CC1(C)C(/C=C2\C(=O)C(/C=C3\N(Cc4ccsc4)c4ccc(Br)cc4C3(C)C)=C2[O-])=[N+](Cc2ccccc2)c2ccc(Br)cc21,-5.2521014,-6.69662,-5.9669013,-5.971874233333334
CC1(C)C(/C=C2\C(=O)C(/C=C3\N(Cc4ccsc4)c4ccc(I)cc4C3(C)C)=C2[O-])=[N+](Cc2ccccc2)c2ccc(Br)cc21,-5.170631,-6.5474873,-5.8751163,-5.864411533333334
CCN1/C(=C\C2=C([O-])/C(=C/C3=[N+](Cc4ccccc4)c4ccc(I)cc4C3(C)C)C2=O)C(C)(C)c2ccccc21,-5.0534,-6.330408,-5.755774,-5.7131940000000005
CCN1/C(=C\C2=C([O-])/C(=C/C3=[N+](Cc4ccccc4)c4ccc(I)cc4C3(C)C)C2=O)C(C)(C)c2cc(Br)ccc21,-5.1273913,-6.448037,-5.8592772,-5.8115685
CCN1/C(=C\C2=C([O-])/C(=C/C3=[N+](Cc4ccccc4)c4ccc(I)cc4C3(C)C)C2=O)C(C)(C)c2cc(I)ccc21,-5.034438,-6.278929,-5.7591095,-5.6908255
CCCCN1/C(=C\C2=C([O-])/C(=C/C3=[N+](Cc4ccccc4)c4ccc(I)cc4C3(C)C)C2=O)C(C)(C)c2ccccc21,-5.0320935,-6.2714863,-5.7456403,-5.683073366666666
CCCCN1/C(=C\C2=C([O-])/C(=C/C3=[N+](Cc4ccccc4)c4ccc(I)cc4C3(C)C)C2=O)C(C)(C)c2cc(Br)ccc21,-5.1077795,-6.3856525,-5.844185,-5.779205666666667
CCCCN1/C(=C\C2=C([O-])/C(=C/C3=[N+](Cc4ccccc4)c4ccc(I)cc4C3(C)C)C2=O)C(C)(C)c2cc(I)ccc21,-5.0128727,-6.2180157,-5.745679,-5.6588558
CC1(C)C(/C=C2\C(=O)C(/C=C3\N(CCCCN)c4ccccc4C3(C)C)=C2[O-])=[N+](Cc2ccccc2)c2ccc(I)cc21,-5.1698847,-6.56787,-5.9548216,-5.897525433333333
CC1(C)C(/C=C2\C(=O)C(/C=C3\N(CCCCN)c4ccc(Br)cc4C3(C)C)=C2[O-])=[N+](Cc2ccccc2)c2ccc(I)cc21,-5.217352,-6.6261735,-6.0124545,-5.951993333333333
CC1(C)C(/C=C2\C(=O)C(/C=C3\N(CCCCN)c4ccc(I)cc4C3(C)C)=C2[O-])=[N+](Cc2ccccc2)c2ccc(I)cc21,-5.1628966,-6.529749,-5.963444,-5.8853632
CC1(C)C(/C=C2\C(=O)C(/C=C3\N(CCCCO)c4ccccc4C3(C)C)=C2[O-])=[N+](Cc2ccccc2)c2ccc(I)cc21,-4.9699235,-6.363134,-5.7657065,-5.699587999999999
CC1(C)C(/C=C2\C(=O)C(/C=C3\N(CCCCO)c4ccc(Br)cc4C3(C)C)=C2[O-])=[N+](Cc2ccccc2)c2ccc(I)cc21,-5.06328,-6.478582,-5.8665986,-5.802820199999999
CC1(C)C(/C=C2\C(=O)C(/C=C3\N(CCCCO)c4ccc(I)cc4C3(C)C)=C2[O-])=[N+](Cc2ccccc2)c2ccc(I)cc21,-4.947625,-6.3035884,-5.7667,-5.6726378
CC[N+](CC)(CC)CCCCN1/C(=C\C2=C([O-])/C(=C/C3=[N+](Cc4ccccc4)c4ccc(I)cc4C3(C)C)C2=O)C(C)(C)c2ccccc21,-5.5609007,-6.730384,-5.8427634,-6.0446827
CC[N+](CC)(CC)CCCCN1/C(=C\C2=C([O-])/C(=C/C3=[N+](Cc4ccccc4)c4ccc(I)cc4C3(C)C)C2=O)C(C)(C)c2cc(Br)ccc21,-5.532525,-6.799823,-5.911588,-6.081312
CC[N+](CC)(CC)CCCCN1/C(=C\C2=C([O-])/C(=C/C3=[N+](Cc4ccccc4)c4ccc(I)cc4C3(C)C)C2=O)C(C)(C)c2cc(I)ccc21,-5.551753,-6.6761274,-5.835021,-6.020967133333333
CC1(C)C(/C=C2\C(=O)C(/C=C3\N(CCCCS(=O)(=O)O)c4ccccc4C3(C)C)=C2[O-])=[N+](Cc2ccccc2)c2ccc(I)cc21,-5.561466,-6.7467613,-5.5490966,-5.9524413
CC1(C)C(/C=C2\C(=O)C(/C=C3\N(CCCCS(=O)(=O)O)c4ccc(Br)cc4C3(C)C)=C2[O-])=[N+](Cc2ccccc2)c2ccc(I)cc21,-5.6376452,-6.810914,-5.6269703,-6.025176500000001
CC1(C)C(/C=C2\C(=O)C(/C=C3\N(CCCCS(=O)(=O)O)c4ccc(I)cc4C3(C)C)=C2[O-])=[N+](Cc2ccccc2)c2ccc(I)cc21,-5.5591984,-6.699775,-5.5640173,-5.940996899999999
CC1(C)C(/C=C2\C(=O)C(/C=C3\N(Cc4ccccc4)c4ccccc4C3(C)C)=C2[O-])=[N+](Cc2ccccc2)c2ccc(I)cc21,-5.122734,-6.4807343,-5.796256,-5.7999081
CC1(C)C(/C=C2\C(=O)C(/C=C3\N(Cc4ccccc4)c4ccc(Br)cc4C3(C)C)=C2[O-])=[N+](Cc2ccccc2)c2ccc(I)cc21,-5.1962295,-6.58683,-5.8971577,-5.893405733333334
CC1(C)C(/C=C2\C(=O)C(/C=C3\N(Cc4ccccc4)c4ccc(I)cc4C3(C)C)=C2[O-])=[N+](Cc2ccccc2)c2ccc(I)cc21,-5.1128716,-6.4310536,-5.8034487,-5.782457966666667
CC1(C)C(/C=C2\C(=O)C(/C=C3\N(Cc4ccsc4)c4ccccc4C3(C)C)=C2[O-])=[N+](Cc2ccccc2)c2ccc(I)cc21,-5.126192,-6.4781246,-5.8025026,-5.802273066666667
CC1(C)C(/C=C2\C(=O)C(/C=C3\N(Cc4ccsc4)c4ccc(Br)cc4C3(C)C)=C2[O-])=[N+](Cc2ccccc2)c2ccc(I)cc21,-5.201635,-6.584861,-5.9027777,-5.896424566666667
CC1(C)C(/C=C2\C(=O)C(/C=C3\N(Cc4ccsc4)c4ccc(I)cc4C3(C)C)=C2[O-])=[N+](Cc2ccccc2)c2ccc(I)cc21,-5.1105423,-6.4252977,-5.807745,-5.781195
CCN1/C(=C\C2=C([O-])/C(=C/C3=[N+](Cc4ccsc4)c4ccccc4C3(C)C)C2=O)C(C)(C)c2ccccc21,-5.0594244,-6.374708,-5.7477303,-5.727287566666667
CCN1/C(=C\C2=C([O-])/C(=C/C3=[N+](Cc4ccsc4)c4ccccc4C3(C)C)C2=O)C(C)(C)c2cc(Br)ccc21,-5.1364875,-6.4958167,-5.8522553,-5.8281865
CCN1/C(=C\C2=C([O-])/C(=C/C3=[N+](Cc4ccsc4)c4ccccc4C3(C)C)C2=O)C(C)(C)c2cc(I)ccc21,-5.04036,-6.3216233,-5.7529397,-5.7049743333333325
CCCCN1/C(=C\C2=C([O-])/C(=C/C3=[N+](Cc4ccsc4)c4ccccc4C3(C)C)C2=O)C(C)(C)c2ccccc21,-5.0386877,-6.317558,-5.7387094,-5.698318366666666
CCCCN1/C(=C\C2=C([O-])/C(=C/C3=[N+](Cc4ccsc4)c4ccccc4C3(C)C)C2=O)C(C)(C)c2cc(Br)ccc21,-5.1150155,-6.4320316,-5.8349924,-5.794013166666667
CCCCN1/C(=C\C2=C([O-])/C(=C/C3=[N+](Cc4ccsc4)c4ccccc4C3(C)C)C2=O)C(C)(C)c2cc(I)ccc21,-5.020783,-6.263205,-5.739211,-5.674399666666667
CC1(C)C(/C=C2\C(=O)C(/C=C3\N(CCCCN)c4ccccc4C3(C)C)=C2[O-])=[N+](Cc2ccsc2)c2ccccc21,-5.173726,-6.607567,-5.9426646,-5.907985866666667
CC1(C)C(/C=C2\C(=O)C(/C=C3\N(CCCCN)c4ccc(Br)cc4C3(C)C)=C2[O-])=[N+](Cc2ccsc2)c2ccccc21,-5.226549,-6.667264,-6.003061,-5.965624666666667
CC1(C)C(/C=C2\C(=O)C(/C=C3\N(CCCCN)c4ccc(I)cc4C3(C)C)=C2[O-])=[N+](Cc2ccsc2)c2ccccc21,-5.1679173,-6.567941,-5.952249,-5.8960357666666665
CC1(C)C(/C=C2\C(=O)C(/C=C3\N(CCCCO)c4ccccc4C3(C)C)=C2[O-])=[N+](Cc2ccsc2)c2ccccc21,-4.9790363,-6.41021,-5.755362,-5.714869433333334
CC1(C)C(/C=C2\C(=O)C(/C=C3\N(CCCCO)c4ccc(Br)cc4C3(C)C)=C2[O-])=[N+](Cc2ccsc2)c2ccccc21,-5.083339,-6.534219,-5.858615,-5.825391
CC1(C)C(/C=C2\C(=O)C(/C=C3\N(CCCCO)c4ccc(I)cc4C3(C)C)=C2[O-])=[N+](Cc2ccsc2)c2ccccc21,-4.95607,-6.350425,-5.756466,-5.687653666666667
CC[N+](CC)(CC)CCCCN1/C(=C\C2=C([O-])/C(=C/C3=[N+](Cc4ccsc4)c4ccccc4C3(C)C)C2=O)C(C)(C)c2ccccc21,-5.5558057,-6.7407856,-5.8385415,-6.045044266666667
CC[N+](CC)(CC)CCCCN1/C(=C\C2=C([O-])/C(=C/C3=[N+](Cc4ccsc4)c4ccccc4C3(C)C)C2=O)C(C)(C)c2cc(Br)ccc21,-5.526819,-6.814559,-5.909403,-6.083593666666666
CC[N+](CC)(CC)CCCCN1/C(=C\C2=C([O-])/C(=C/C3=[N+](Cc4ccsc4)c4ccccc4C3(C)C)C2=O)C(C)(C)c2cc(I)ccc21,-5.546778,-6.6858454,-5.8309298,-6.0211844
CC1(C)C(/C=C2\C(=O)C(/C=C3\N(CCCCS(=O)(=O)O)c4ccccc4C3(C)C)=C2[O-])=[N+](Cc2ccsc2)c2ccccc21,-5.576182,-6.801481,-5.5368485,-5.971503833333333
CC1(C)C(/C=C2\C(=O)C(/C=C3\N(CCCCS(=O)(=O)O)c4ccc(Br)cc4C3(C)C)=C2[O-])=[N+](Cc2ccsc2)c2ccccc21,-5.6451902,-6.862932,-5.6137505,-6.040624233333332
CC1(C)C(/C=C2\C(=O)C(/C=C3\N(CCCCS(=O)(=O)O)c4ccc(I)cc4C3(C)C)=C2[O-])=[N+](Cc2ccsc2)c2ccccc21,-5.572049,-6.754511,-5.5520015,-5.9595205
CC1(C)C(/C=C2\C(=O)C(/C=C3\N(Cc4ccccc4)c4ccccc4C3(C)C)=C2[O-])=[N+](Cc2ccsc2)c2ccccc21,-5.127999,-6.5283213,-5.790522,-5.8156141
CC1(C)C(/C=C2\C(=O)C(/C=C3\N(Cc4ccccc4)c4ccc(Br)cc4C3(C)C)=C2[O-])=[N+](Cc2ccsc2)c2ccccc21,-5.20182,-6.632768,-5.888448,-5.9076786666666665
CC1(C)C(/C=C2\C(=O)C(/C=C3\N(Cc4ccccc4)c4ccc(I)cc4C3(C)C)=C2[O-])=[N+](Cc2ccsc2)c2ccccc21,-5.1178637,-6.4770613,-5.7975135,-5.797479500000001
CC1(C)C(/C=C2\C(=O)C(/C=C3\N(Cc4ccsc4)c4ccccc4C3(C)C)=C2[O-])=[N+](Cc2ccsc2)c2ccccc21,-5.1332316,-6.522105,-5.7946663,-5.816667633333334
CC1(C)C(/C=C2\C(=O)C(/C=C3\N(Cc4ccsc4)c4ccc(Br)cc4C3(C)C)=C2[O-])=[N+](Cc2ccsc2)c2ccccc21,-5.2039986,-6.6243167,-5.890833,-5.906382766666667
CC1(C)C(/C=C2\C(=O)C(/C=C3\N(Cc4ccsc4)c4ccc(I)cc4C3(C)C)=C2[O-])=[N+](Cc2ccsc2)c2ccccc21,-5.11724,-6.467186,-5.798135,-5.794187000000001
CCN1/C(=C\C2=C([O-])/C(=C/C3=[N+](Cc4ccsc4)c4ccc(Br)cc4C3(C)C)C2=O)C(C)(C)c2ccccc21,-5.1115365,-6.4557447,-5.8259583,-5.7977465
CCN1/C(=C\C2=C([O-])/C(=C/C3=[N+](Cc4ccsc4)c4ccc(Br)cc4C3(C)C)C2=O)C(C)(C)c2cc(Br)ccc21,-5.190005,-6.5649705,-5.9208703,-5.8919486
CCN1/C(=C\C2=C([O-])/C(=C/C3=[N+](Cc4ccsc4)c4ccc(Br)cc4C3(C)C)C2=O)C(C)(C)c2cc(I)ccc21,-5.094525,-6.4039383,-5.830321,-5.776261433333334
CCCCN1/C(=C\C2=C([O-])/C(=C/C3=[N+](Cc4ccsc4)c4ccc(Br)cc4C3(C)C)C2=O)C(C)(C)c2ccccc21,-5.091473,-6.39019,-5.810237,-5.763966666666666
CCCCN1/C(=C\C2=C([O-])/C(=C/C3=[N+](Cc4ccsc4)c4ccc(Br)cc4C3(C)C)C2=O)C(C)(C)c2cc(Br)ccc21,-5.172143,-6.501337,-5.9072328,-5.8602376000000005
CCCCN1/C(=C\C2=C([O-])/C(=C/C3=[N+](Cc4ccsc4)c4ccc(Br)cc4C3(C)C)C2=O)C(C)(C)c2cc(I)ccc21,-5.0748878,-6.338324,-5.811531,-5.741580933333332
CC1(C)C(/C=C2\C(=O)C(/C=C3\N(CCCCN)c4ccccc4C3(C)C)=C2[O-])=[N+](Cc2ccsc2)c2ccc(Br)cc21,-5.2108474,-6.6483803,-5.9957,-5.951642566666667
CC1(C)C(/C=C2\C(=O)C(/C=C3\N(CCCCN)c4ccc(Br)cc4C3(C)C)=C2[O-])=[N+](Cc2ccsc2)c2ccc(Br)cc21,-5.259861,-6.6991234,-6.039448,-5.999477466666666
CC1(C)C(/C=C2\C(=O)C(/C=C3\N(CCCCN)c4ccc(I)cc4C3(C)C)=C2[O-])=[N+](Cc2ccsc2)c2ccc(Br)cc21,-5.199098,-6.605772,-6.000898,-5.935256
CC1(C)C(/C=C2\C(=O)C(/C=C3\N(CCCCO)c4ccccc4C3(C)C)=C2[O-])=[N+](Cc2ccsc2)c2ccc(Br)cc21,-5.0460176,-6.4869757,-5.835085,-5.789359433333334
CC1(C)C(/C=C2\C(=O)C(/C=C3\N(CCCCO)c4ccc(Br)cc4C3(C)C)=C2[O-])=[N+](Cc2ccsc2)c2ccc(Br)cc21,-5.1672363,-6.600985,-5.931188,-5.8998031
CC1(C)C(/C=C2\C(=O)C(/C=C3\N(CCCCO)c4ccc(I)cc4C3(C)C)=C2[O-])=[N+](Cc2ccsc2)c2ccc(Br)cc21,-5.034267,-6.4370174,-5.841182,-5.770822133333333
CC[N+](CC)(CC)CCCCN1/C(=C\C2=C([O-])/C(=C/C3=[N+](Cc4ccsc4)c4ccc(Br)cc4C3(C)C)C2=O)C(C)(C)c2ccccc21,-5.5327086,-6.7845497,-5.888015,-6.068424433333334
CC[N+](CC)(CC)CCCCN1/C(=C\C2=C([O-])/C(=C/C3=[N+](Cc4ccsc4)c4ccc(Br)cc4C3(C)C)C2=O)C(C)(C)c2cc(Br)ccc21,-5.50526,-6.8582916,-5.957746,-6.1070992
CC[N+](CC)(CC)CCCCN1/C(=C\C2=C([O-])/C(=C/C3=[N+](Cc4ccsc4)c4ccc(Br)cc4C3(C)C)C2=O)C(C)(C)c2cc(I)ccc21,-5.5247874,-6.7344575,-5.880091,-6.046445299999999
CC1(C)C(/C=C2\C(=O)C(/C=C3\N(CCCCS(=O)(=O)O)c4ccccc4C3(C)C)=C2[O-])=[N+](Cc2ccsc2)c2ccc(Br)cc21,-5.622597,-6.8360515,-5.6037135,-6.020787333333334
CC1(C)C(/C=C2\C(=O)C(/C=C3\N(CCCCS(=O)(=O)O)c4ccc(Br)cc4C3(C)C)=C2[O-])=[N+](Cc2ccsc2)c2ccc(Br)cc21,-5.6955643,-6.886378,-5.6799583,-6.0873002000000005
CC1(C)C(/C=C2\C(=O)C(/C=C3\N(CCCCS(=O)(=O)O)c4ccc(I)cc4C3(C)C)=C2[O-])=[N+](Cc2ccsc2)c2ccc(Br)cc21,-5.626618,-6.7921257,-5.6193395,-6.0126944
CC1(C)C(/C=C2\C(=O)C(/C=C3\N(Cc4ccccc4)c4ccccc4C3(C)C)=C2[O-])=[N+](Cc2ccsc2)c2ccc(Br)cc21,-5.1830606,-6.597123,-5.8618965,-5.880693366666667
CC1(C)C(/C=C2\C(=O)C(/C=C3\N(Cc4ccccc4)c4ccc(Br)cc4C3(C)C)=C2[O-])=[N+](Cc2ccsc2)c2ccc(Br)cc21,-5.2516217,-6.696161,-5.9609036,-5.9695621
CC1(C)C(/C=C2\C(=O)C(/C=C3\N(Cc4ccccc4)c4ccc(I)cc4C3(C)C)=C2[O-])=[N+](Cc2ccsc2)c2ccc(Br)cc21,-5.168631,-6.5446143,-5.86779,-5.8603451
CC1(C)C(/C=C2\C(=O)C(/C=C3\N(Cc4ccsc4)c4ccccc4C3(C)C)=C2[O-])=[N+](Cc2ccsc2)c2ccc(Br)cc21,-5.184098,-6.590152,-5.8649426,-5.879730866666666
CC1(C)C(/C=C2\C(=O)C(/C=C3\N(Cc4ccsc4)c4ccc(Br)cc4C3(C)C)=C2[O-])=[N+](Cc2ccsc2)c2ccc(Br)cc21,-5.252514,-6.6848955,-5.9604945,-5.965968
CC1(C)C(/C=C2\C(=O)C(/C=C3\N(Cc4ccsc4)c4ccc(I)cc4C3(C)C)=C2[O-])=[N+](Cc2ccsc2)c2ccc(Br)cc21,-5.1691175,-6.538434,-5.870126,-5.859225833333333
CCN1/C(=C\C2=C([O-])/C(=C/C3=[N+](Cc4ccsc4)c4ccc(I)cc4C3(C)C)C2=O)C(C)(C)c2ccccc21,-5.0463014,-6.318733,-5.751773,-5.705602466666666
CCN1/C(=C\C2=C([O-])/C(=C/C3=[N+](Cc4ccsc4)c4ccc(I)cc4C3(C)C)C2=O)C(C)(C)c2cc(Br)ccc21,-5.12573,-6.443281,-5.856892,-5.808634333333333
CCN1/C(=C\C2=C([O-])/C(=C/C3=[N+](Cc4ccsc4)c4ccc(I)cc4C3(C)C)C2=O)C(C)(C)c2cc(I)ccc21,-5.0253325,-6.264698,-5.7544403,-5.681490266666667
CCCCN1/C(=C\C2=C([O-])/C(=C/C3=[N+](Cc4ccsc4)c4ccc(I)cc4C3(C)C)C2=O)C(C)(C)c2ccccc21,-5.026156,-6.2598357,-5.74011,-5.675367233333333
CCCCN1/C(=C\C2=C([O-])/C(=C/C3=[N+](Cc4ccsc4)c4ccc(I)cc4C3(C)C)C2=O)C(C)(C)c2cc(Br)ccc21,-5.1034703,-6.376213,-5.8386602,-5.7727811666666655
CCCCN1/C(=C\C2=C([O-])/C(=C/C3=[N+](Cc4ccsc4)c4ccc(I)cc4C3(C)C)C2=O)C(C)(C)c2cc(I)ccc21,-5.006131,-6.2048483,-5.7387476,-5.6499089666666675
CC1(C)C(/C=C2\C(=O)C(/C=C3\N(CCCCN)c4ccccc4C3(C)C)=C2[O-])=[N+](Cc2ccsc2)c2ccc(I)cc21,-5.17294,-6.565598,-5.953365,-5.897300999999999
CC1(C)C(/C=C2\C(=O)C(/C=C3\N(CCCCN)c4ccc(Br)cc4C3(C)C)=C2[O-])=[N+](Cc2ccsc2)c2ccc(I)cc21,-5.222876,-6.6242933,-6.0085464,-5.951905233333334
CC1(C)C(/C=C2\C(=O)C(/C=C3\N(CCCCN)c4ccc(I)cc4C3(C)C)=C2[O-])=[N+](Cc2ccsc2)c2ccc(I)cc21,-5.1612544,-6.526037,-5.960079,-5.8824568
CC1(C)C(/C=C2\C(=O)C(/C=C3\N(CCCCO)c4ccccc4C3(C)C)=C2[O-])=[N+](Cc2ccsc2)c2ccc(I)cc21,-4.962052,-6.347337,-5.7582164,-5.689201799999999
CC1(C)C(/C=C2\C(=O)C(/C=C3\N(CCCCO)c4ccc(Br)cc4C3(C)C)=C2[O-])=[N+](Cc2ccsc2)c2ccc(I)cc21,-5.0822167,-6.4832044,-5.868765,-5.811395366666666
CC1(C)C(/C=C2\C(=O)C(/C=C3\N(CCCCO)c4ccc(I)cc4C3(C)C)=C2[O-])=[N+](Cc2ccsc2)c2ccc(I)cc21,-4.9386926,-6.287753,-5.758641,-5.661695533333334
CC[N+](CC)(CC)CCCCN1/C(=C\C2=C([O-])/C(=C/C3=[N+](Cc4ccsc4)c4ccc(I)cc4C3(C)C)C2=O)C(C)(C)c2ccccc21,-5.550325,-6.68407,-5.829625,-6.0213399999999995
CC[N+](CC)(CC)CCCCN1/C(=C\C2=C([O-])/C(=C/C3=[N+](Cc4ccsc4)c4ccc(I)cc4C3(C)C)C2=O)C(C)(C)c2cc(Br)ccc21,-5.523854,-6.7585773,-5.8981056,-6.060178966666666
CC[N+](CC)(CC)CCCCN1/C(=C\C2=C([O-])/C(=C/C3=[N+](Cc4ccsc4)c4ccc(I)cc4C3(C)C)C2=O)C(C)(C)c2cc(I)ccc21,-5.5412836,-6.632558,-5.8214927,-5.998444766666666
CC1(C)C(/C=C2\C(=O)C(/C=C3\N(CCCCS(=O)(=O)O)c4ccccc4C3(C)C)=C2[O-])=[N+](Cc2ccsc2)c2ccc(I)cc21,-5.579632,-6.748748,-5.552462,-5.960280666666667
CC1(C)C(/C=C2\C(=O)C(/C=C3\N(CCCCS(=O)(=O)O)c4ccc(Br)cc4C3(C)C)=C2[O-])=[N+](Cc2ccsc2)c2ccc(I)cc21,-5.659005,-6.8144794,-5.631604,-6.035029466666667
CC1(C)C(/C=C2\C(=O)C(/C=C3\N(CCCCS(=O)(=O)O)c4ccc(I)cc4C3(C)C)=C2[O-])=[N+](Cc2ccsc2)c2ccc(I)cc21,-5.5758586,-6.703164,-5.5675926,-5.948871733333334
CC1(C)C(/C=C2\C(=O)C(/C=C3\N(Cc4ccccc4)c4ccccc4C3(C)C)=C2[O-])=[N+](Cc2ccsc2)c2ccc(I)cc21,-5.125259,-6.475697,-5.796237,-5.799064333333334
CC1(C)C(/C=C2\C(=O)C(/C=C3\N(Cc4ccccc4)c4ccc(Br)cc4C3(C)C)=C2[O-])=[N+](Cc2ccsc2)c2ccc(I)cc21,-5.199407,-6.581849,-5.8951583,-5.8921380999999995
CC1(C)C(/C=C2\C(=O)C(/C=C3\N(Cc4ccccc4)c4ccc(I)cc4C3(C)C)=C2[O-])=[N+](Cc2ccsc2)c2ccc(I)cc21,-5.1094003,-6.422359,-5.801072,-5.777610433333334
CC1(C)C(/C=C2\C(=O)C(/C=C3\N(Cc4ccsc4)c4ccccc4C3(C)C)=C2[O-])=[N+](Cc2ccsc2)c2ccc(I)cc21,-5.124832,-6.4667716,-5.797388,-5.796330533333332
CC1(C)C(/C=C2\C(=O)C(/C=C3\N(Cc4ccsc4)c4ccc(Br)cc4C3(C)C)=C2[O-])=[N+](Cc2ccsc2)c2ccc(I)cc21,-5.199753,-6.5745726,-5.8960805,-5.890135366666667
CC1(C)C(/C=C2\C(=O)C(/C=C3\N(Cc4ccsc4)c4ccc(I)cc4C3(C)C)=C2[O-])=[N+](Cc2ccsc2)c2ccc(I)cc21,-5.10813,-6.410801,-5.800869,-5.773266666666667
CCN1/C(=C/C=C/C=C/c2[se]c3ccccc3[n+]2CC)[Se]c2ccccc21,-5.91612,-6.3918047,-5.412603,-5.9068425666666675
CCCCN1/C(=C/C=C/C=C/c2[se]c3ccccc3[n+]2CC)[Se]c2ccccc21,-5.904304,-6.3697734,-5.4147124,-5.896263266666666
CC[n+]1c(/C=C/C=C/C=C2\[Se]c3ccccc3N2CCCCN)[se]c2ccccc21,-5.8131437,-6.8766394,-5.743016,-6.144266366666667
CC[n+]1c(/C=C/C=C/C=C2\[Se]c3ccccc3N2CCCCO)[se]c2ccccc21,-5.8867702,-6.601527,-5.480688,-5.989661733333333
CC[n+]1c(/C=C/C=C/C=C2\[Se]c3ccccc3N2CCCC[N+](CC)(CC)CC)[se]c2ccccc21,-6.1921186,-7.0738535,-5.7102985,-6.325423533333333
CC[n+]1c(/C=C/C=C/C=C2\[Se]c3ccccc3N2CCCCS(=O)(=O)O)[se]c2ccccc21,-6.1268067,-7.2625895,-5.3875904,-6.258995533333334
CC[n+]1c(/C=C/C=C/C=C2\[Se]c3ccccc3N2Cc2ccccc2)[se]c2ccccc21,-5.8918614,-6.629545,-5.4993067,-6.006904366666667
CCN1/C(=C/C=C/C=C/c2[se]c3cc(OC)ccc3[n+]2CC)[Se]c2ccccc21,-5.899001,-6.3567386,-5.389897,-5.881878866666667
CCCCN1/C(=C/C=C/C=C/c2[se]c3cc(OC)ccc3[n+]2CC)[Se]c2ccccc21,-5.8872046,-6.3357263,-5.3926196,-5.871850166666666
CC[n+]1c(/C=C/C=C/C=C2\[Se]c3ccccc3N2CCCCN)[se]c2cc(OC)ccc21,-5.804902,-6.8336105,-5.7130766,-6.1171963666666676
CC[n+]1c(/C=C/C=C/C=C2\[Se]c3ccccc3N2CCCCO)[se]c2cc(OC)ccc21,-5.874087,-6.5642924,-5.45572,-5.964699800000001
CC[n+]1c(/C=C/C=C/C=C2\[Se]c3ccccc3N2CCCC[N+](CC)(CC)CC)[se]c2cc(OC)ccc21,-6.1814775,-7.039261,-5.688807,-6.303181833333333
CC[n+]1c(/C=C/C=C/C=C2\[Se]c3ccccc3N2CCCCS(=O)(=O)O)[se]c2cc(OC)ccc21,-6.1134233,-7.2164783,-5.363555,-6.2311521999999995
CC[n+]1c(/C=C/C=C/C=C2\[Se]c3ccccc3N2Cc2ccccc2)[se]c2cc(OC)ccc21,-5.8810935,-6.585452,-5.474009,-5.980184833333333
CCCC[n+]1c(/C=C/C=C/C=C2\[Se]c3ccccc3N2CC)[se]c2ccccc21,-5.8722186,-6.4797983,-5.4691563,-5.940391066666666
CCCCN1/C(=C/C=C/C=C/c2[se]c3ccccc3[n+]2CCCC)[Se]c2ccccc21,-5.860205,-6.4604273,-5.4728565,-5.931162933333333
CCCC[n+]1c(/C=C/C=C/C=C2\[Se]c3ccccc3N2CCCCN)[se]c2ccccc21,-5.77128,-6.9653187,-5.801159,-6.1792525666666664
CCCC[n+]1c(/C=C/C=C/C=C2\[Se]c3ccccc3N2CCCCO)[se]c2ccccc21,-5.8409667,-6.6880054,-5.5365005,-6.0218242
CCCC[n+]1c(/C=C/C=C/C=C2\[Se]c3ccccc3N2CCCC[N+](CC)(CC)CC)[se]c2ccccc21,-6.1450844,-7.14964,-5.765853,-6.3535258
CCCC[n+]1c(/C=C/C=C/C=C2\[Se]c3ccccc3N2CCCCS(=O)(=O)O)[se]c2ccccc21,-6.0638423,-7.360029,-5.451524,-6.291798433333334
CCCC[n+]1c(/C=C/C=C/C=C2\[Se]c3ccccc3N2Cc2ccccc2)[se]c2ccccc21,-5.847592,-6.7155704,-5.5541577,-6.0391067000000005
CCCC[n+]1c(/C=C/C=C/C=C2\[Se]c3ccccc3N2CC)[se]c2cc(OC)ccc21,-5.857001,-6.450928,-5.448662,-5.918863666666667
CCCCN1/C(=C/C=C/C=C/c2[se]c3cc(OC)ccc3[n+]2CCCC)[Se]c2ccccc21,-5.8457522,-6.433511,-5.4527955,-5.910686233333333
CCCC[n+]1c(/C=C/C=C/C=C2\[Se]c3ccccc3N2CCCCN)[se]c2cc(OC)ccc21,-5.7609406,-6.9216647,-5.7710924,-6.151232566666667
CCCC[n+]1c(/C=C/C=C/C=C2\[Se]c3ccccc3N2CCCCO)[se]c2cc(OC)ccc21,-5.8286533,-6.653685,-5.513334,-5.9985574333333345
CCCC[n+]1c(/C=C/C=C/C=C2\[Se]c3ccccc3N2CCCC[N+](CC)(CC)CC)[se]c2cc(OC)ccc21,-6.1344285,-7.118806,-5.7455964,-6.3329436333333335
CCCC[n+]1c(/C=C/C=C/C=C2\[Se]c3ccccc3N2CCCCS(=O)(=O)O)[se]c2cc(OC)ccc21,-6.04812,-7.3125286,-5.4287353,-6.263127966666667
CCCC[n+]1c(/C=C/C=C/C=C2\[Se]c3ccccc3N2Cc2ccccc2)[se]c2cc(OC)ccc21,-5.8406796,-6.6850877,-5.5323324,-6.019366566666666
CCN1/C(=C/C=C/C=C/c2[se]c3ccccc3[n+]2CCCCN)[Se]c2ccccc21,-5.7823305,-7.004192,-5.8146653,-6.200395933333333
CCCCN1/C(=C/C=C/C=C/c2[se]c3ccccc3[n+]2CCCCN)[Se]c2ccccc21,-5.7757344,-6.9803667,-5.813088,-6.1897297
NCCCCN1/C(=C/C=C/C=C/c2[se]c3ccccc3[n+]2CCCCN)[Se]c2ccccc21,-5.691103,-7.5961976,-6.2970853,-6.528128633333334
NCCCC[n+]1c(/C=C/C=C/C=C2\[Se]c3ccccc3N2CCCCO)[se]c2ccccc21,-5.7434926,-7.248588,-5.912339,-6.3014732
CC[N+](CC)(CC)CCCCN1/C(=C/C=C/C=C/c2[se]c3ccccc3[n+]2CCCCN)[Se]c2ccccc21,-5.982639,-7.7006764,-6.1818385,-6.621717966666666
NCCCC[n+]1c(/C=C/C=C/C=C2\[Se]c3ccccc3N2CCCCS(=O)(=O)O)[se]c2ccccc21,-5.940877,-7.89981,-5.8468127,-6.5624999
NCCCC[n+]1c(/C=C/C=C/C=C2\[Se]c3ccccc3N2Cc2ccccc2)[se]c2ccccc21,-5.7476277,-7.2599106,-5.9103312,-6.305956500000001
CCN1/C(=C/C=C/C=C/c2[se]c3cc(OC)ccc3[n+]2CCCCN)[Se]c2ccccc21,-5.771953,-6.9602675,-5.7844243,-6.172214933333334
CCCCN1/C(=C/C=C/C=C/c2[se]c3cc(OC)ccc3[n+]2CCCCN)[Se]c2ccccc21,-5.7653923,-6.9367,-5.7830133,-6.161701866666667
COc1ccc2c(c1)[se]c(/C=C/C=C/C=C1\[Se]c3ccccc3N1CCCCN)[n+]2CCCCN,-5.6713047,-7.524216,-6.2356567,-6.477059133333333
COc1ccc2c(c1)[se]c(/C=C/C=C/C=C1\[Se]c3ccccc3N1CCCCO)[n+]2CCCCN,-5.736572,-7.194722,-5.873938,-6.268410666666667
CC[N+](CC)(CC)CCCCN1/C(=C/C=C/C=C/c2[se]c3cc(OC)ccc3[n+]2CCCCN)[Se]c2ccccc21,-5.979762,-7.6501017,-6.145052,-6.591638566666667
COc1ccc2c(c1)[se]c(/C=C/C=C/C=C1\[Se]c3ccccc3N1CCCCS(=O)(=O)O)[n+]2CCCCN,-5.928964,-7.834757,-5.809686,-6.524469
COc1ccc2c(c1)[se]c(/C=C/C=C/C=C1\[Se]c3ccccc3N1Cc1ccccc1)[n+]2CCCCN,-5.7455883,-7.198574,-5.8737707,-6.272644333333332
CCN1/C(=C/C=C/C=C/c2[se]c3ccccc3[n+]2CCCCO)[Se]c2ccccc21,-5.8534946,-6.694413,-5.544416,-6.030774533333333
CCCCN1/C(=C/C=C/C=C/c2[se]c3ccccc3[n+]2CCCCO)[Se]c2ccccc21,-5.8432946,-6.6708,-5.5450587,-6.019717766666666
NCCCCN1/C(=C/C=C/C=C/c2[se]c3ccccc3[n+]2CCCCO)[Se]c2ccccc21,-5.739772,-7.216101,-5.914761,-6.2902113333333345
OCCCCN1/C(=C/C=C/C=C/c2[se]c3ccccc3[n+]2CCCCO)[Se]c2ccccc21,-5.818536,-6.9261284,-5.623406,-6.122690133333333
CC[N+](CC)(CC)CCCCN1/C(=C/C=C/C=C/c2[se]c3ccccc3[n+]2CCCCO)[Se]c2ccccc21,-6.106417,-7.361844,-5.866802,-6.445021
O=S(=O)(O)CCCCN1/C(=C/C=C/C=C/c2[se]c3ccccc3[n+]2CCCCO)[Se]c2ccccc21,-6.035818,-7.6329236,-5.5500727,-6.406271433333334
OCCCC[n+]1c(/C=C/C=C/C=C2\[Se]c3ccccc3N2Cc2ccccc2)[se]c2ccccc21,-5.817845,-6.9545636,-5.6353555,-6.135921366666667
CCN1/C(=C/C=C/C=C/c2[se]c3cc(OC)ccc3[n+]2CCCCO)[Se]c2ccccc21,-5.8411913,-6.6591244,-5.5218077,-6.007374466666666
CCCCN1/C(=C/C=C/C=C/c2[se]c3cc(OC)ccc3[n+]2CCCCO)[Se]c2ccccc21,-5.83124,-6.6352997,-5.522197,-5.9962455666666665
COc1ccc2c(c1)[se]c(/C=C/C=C/C=C1\[Se]c3ccccc3N1CCCCN)[n+]2CCCCO,-5.73232,-7.164001,-5.876765,-6.257695333333333
COc1ccc2c(c1)[se]c(/C=C/C=C/C=C1\[Se]c3ccccc3N1CCCCO)[n+]2CCCCO,-5.809735,-6.8817234,-5.592288,-6.094582133333333
CC[N+](CC)(CC)CCCCN1/C(=C/C=C/C=C/c2[se]c3cc(OC)ccc3[n+]2CCCCO)[Se]c2ccccc21,-6.101646,-7.323744,-5.8394794,-6.421623133333334
COc1ccc2c(c1)[se]c(/C=C/C=C/C=C1\[Se]c3ccccc3N1CCCCS(=O)(=O)O)[n+]2CCCCO,-6.0223503,-7.5759234,-5.5210814,-6.373118366666667
COc1ccc2c(c1)[se]c(/C=C/C=C/C=C1\[Se]c3ccccc3N1Cc1ccccc1)[n+]2CCCCO,-5.811079,-6.904564,-5.6071754,-6.107606133333333
CCN1/C(=C/C=C/C=C/c2[se]c3ccccc3[n+]2CCCC[N+](CC)(CC)CC)[Se]c2ccccc21,-6.1724653,-7.1692705,-5.768443,-6.3700596
CCCCN1/C(=C/C=C/C=C/c2[se]c3ccccc3[n+]2CCCC[N+](CC)(CC)CC)[Se]c2ccccc21,-6.158536,-7.1469164,-5.7692776,-6.358243333333333
CC[N+](CC)(CC)CCCC[n+]1c(/C=C/C=C/C=C2\[Se]c3ccccc3N2CCCCN)[se]c2ccccc21,-5.9903607,-7.689766,-6.17871,-6.619612233333332
CC[N+](CC)(CC)CCCC[n+]1c(/C=C/C=C/C=C2\[Se]c3ccccc3N2CCCCO)[se]c2ccccc21,-6.1177626,-7.3728075,-5.86086,-6.450476699999999
CC[N+](CC)(CC)CCCCN1/C(=C/C=C/C=C/c2[se]c3ccccc3[n+]2CCCC[N+](CC)(CC)CC)[Se]c2ccccc21,-6.3233533,-7.885563,-6.123105,-6.777340433333333
CC[N+](CC)(CC)CCCC[n+]1c(/C=C/C=C/C=C2\[Se]c3ccccc3N2CCCCS(=O)(=O)O)[se]c2ccccc21,-6.283132,-7.985012,-5.8098474,-6.692663799999999
CC[N+](CC)(CC)CCCC[n+]1c(/C=C/C=C/C=C2\[Se]c3ccccc3N2Cc2ccccc2)[se]c2ccccc21,-6.142851,-7.37418,-5.855714,-6.457581666666666
CCN1/C(=C/C=C/C=C/c2[se]c3cc(OC)ccc3[n+]2CCCC[N+](CC)(CC)CC)[Se]c2ccccc21,-6.161363,-7.133079,-5.74397,-6.346137333333334
CCCCN1/C(=C/C=C/C=C/c2[se]c3cc(OC)ccc3[n+]2CCCC[N+](CC)(CC)CC)[Se]c2ccccc21,-6.145588,-7.1114383,-5.746352,-6.3344594333333335
CC[N+](CC)(CC)CCCC[n+]1c(/C=C/C=C/C=C2\[Se]c3ccccc3N2CCCCN)[se]c2cc(OC)ccc21,-5.987262,-7.6393795,-6.1414175,-6.589353
CC[N+](CC)(CC)CCCC[n+]1c(/C=C/C=C/C=C2\[Se]c3ccccc3N2CCCCO)[se]c2cc(OC)ccc21,-6.1124306,-7.3349233,-5.8340325,-6.427128799999999
CC[N+](CC)(CC)CCCCN1/C(=C/C=C/C=C/c2[se]c3cc(OC)ccc3[n+]2CCCC[N+](CC)(CC)CC)[Se]c2ccccc21,-6.317748,-7.8482513,-6.0968194,-6.7542729
CC[N+](CC)(CC)CCCC[n+]1c(/C=C/C=C/C=C2\[Se]c3ccccc3N2CCCCS(=O)(=O)O)[se]c2cc(OC)ccc21,-6.2765965,-7.938937,-5.778868,-6.664800499999999
CC[N+](CC)(CC)CCCC[n+]1c(/C=C/C=C/C=C2\[Se]c3ccccc3N2Cc2ccccc2)[se]c2cc(OC)ccc21,-6.1356344,-7.3381257,-5.829986,-6.434582033333332
CCN1/C(=C/C=C/C=C/c2[se]c3ccccc3[n+]2CCCCS(=O)(=O)O)[Se]c2ccccc21,-6.0997066,-7.391737,-5.4515524,-6.314332
CCCCN1/C(=C/C=C/C=C/c2[se]c3ccccc3[n+]2CCCCS(=O)(=O)O)[Se]c2ccccc21,-6.083157,-7.3548794,-5.4542127,-6.297416366666667
NCCCCN1/C(=C/C=C/C=C/c2[se]c3ccccc3[n+]2CCCCS(=O)(=O)O)[Se]c2ccccc21,-5.952914,-7.8951902,-5.8479023,-6.5653355
O=S(=O)(O)CCCC[n+]1c(/C=C/C=C/C=C2\[Se]c3ccccc3N2CCCCO)[se]c2ccccc21,-6.047766,-7.655471,-5.5451427,-6.416126566666667
CC[N+](CC)(CC)CCCCN1/C(=C/C=C/C=C/c2[se]c3ccccc3[n+]2CCCCS(=O)(=O)O)[Se]c2ccccc21,-6.283842,-7.994183,-5.8116875,-6.6965708333333325
O=S(=O)(O)CCCCN1/C(=C/C=C/C=C/c2[se]c3ccccc3[n+]2CCCCS(=O)(=O)O)[Se]c2ccccc21,-6.166831,-8.301098,-5.4680257,-6.645318233333334
O=S(=O)(O)CCCC[n+]1c(/C=C/C=C/C=C2\[Se]c3ccccc3N2Cc2ccccc2)[se]c2ccccc21,-6.065963,-7.6851645,-5.533956,-6.428361166666666
CCN1/C(=C/C=C/C=C/c2[se]c3cc(OC)ccc3[n+]2CCCCS(=O)(=O)O)[Se]c2ccccc21,-6.084273,-7.345653,-5.430115,-6.286680333333333
CCCCN1/C(=C/C=C/C=C/c2[se]c3cc(OC)ccc3[n+]2CCCCS(=O)(=O)O)[Se]c2ccccc21,-6.0674047,-7.3078513,-5.433033,-6.269429666666667
COc1ccc2c(c1)[se]c(/C=C/C=C/C=C1\[Se]c3ccccc3N1CCCCN)[n+]2CCCCS(=O)(=O)O,-5.940926,-7.832058,-5.809153,-6.527379000000001
COc1ccc2c(c1)[se]c(/C=C/C=C/C=C1\[Se]c3ccccc3N1CCCCO)[n+]2CCCCS(=O)(=O)O,-6.03436,-7.59918,-5.5166025,-6.383380833333334
CC[N+](CC)(CC)CCCCN1/C(=C/C=C/C=C/c2[se]c3cc(OC)ccc3[n+]2CCCCS(=O)(=O)O)[Se]c2ccccc21,-6.277483,-7.948019,-5.7807636,-6.6687552
COc1ccc2c(c1)[se]c(/C=C/C=C/C=C1\[Se]c3ccccc3N1CCCCS(=O)(=O)O)[n+]2CCCCS(=O)(=O)O,-6.1529245,-8.234505,-5.4355636,-6.607664366666666
COc1ccc2c(c1)[se]c(/C=C/C=C/C=C1\[Se]c3ccccc3N1Cc1ccccc1)[n+]2CCCCS(=O)(=O)O,-6.0521126,-7.637591,-5.5110173,-6.4002403
CCN1/C(=C/C=C/C=C/c2[se]c3ccccc3[n+]2Cc2ccccc2)[Se]c2ccccc21,-5.8941875,-6.516284,-5.4780097,-5.962827066666667
CCCCN1/C(=C/C=C/C=C/c2[se]c3ccccc3[n+]2Cc2ccccc2)[Se]c2ccccc21,-5.883258,-6.49201,-5.478898,-5.951388666666666
NCCCCN1/C(=C/C=C/C=C/c2[se]c3ccccc3[n+]2Cc2ccccc2)[Se]c2ccccc21,-5.784201,-7.0077825,-5.8146405,-6.202208
OCCCCN1/C(=C/C=C/C=C/c2[se]c3ccccc3[n+]2Cc2ccccc2)[Se]c2ccccc21,-5.856715,-6.7341504,-5.549238,-6.046701133333333
CC[N+](CC)(CC)CCCCN1/C(=C/C=C/C=C/c2[se]c3ccccc3[n+]2Cc2ccccc2)[Se]c2ccccc21,-6.169314,-7.186903,-5.773619,-6.376612000000001
O=S(=O)(O)CCCCN1/C(=C/C=C/C=C/c2[se]c3ccccc3[n+]2Cc2ccccc2)[Se]c2ccccc21,-6.097218,-7.4131927,-5.4527373,-6.321049333333334
C(/C=C/C=C/c1[se]c2ccccc2[n+]1Cc1ccccc1)=C1/[Se]c2ccccc2N1Cc1ccccc1,-5.858699,-6.789664,-5.5735517,-6.073971566666667
CCN1/C(=C/C=C/C=C/c2[se]c3cc(OC)ccc3[n+]2Cc2ccccc2)[Se]c2ccccc21,-5.8766637,-6.481692,-5.4564004,-5.938252033333334
CCCCN1/C(=C/C=C/C=C/c2[se]c3cc(OC)ccc3[n+]2Cc2ccccc2)[Se]c2ccccc21,-5.8671975,-6.462477,-5.4591985,-5.929624333333333
COc1ccc2c(c1)[se]c(/C=C/C=C/C=C1\[Se]c3ccccc3N1CCCCN)[n+]2Cc1ccccc1,-5.7740264,-6.9594717,-5.782594,-6.1720307000000005
COc1ccc2c(c1)[se]c(/C=C/C=C/C=C1\[Se]c3ccccc3N1CCCCO)[n+]2Cc1ccccc1,-5.8458314,-6.6917157,-5.524119,-6.020555366666667
CC[N+](CC)(CC)CCCCN1/C(=C/C=C/C=C/c2[se]c3cc(OC)ccc3[n+]2Cc2ccccc2)[Se]c2ccccc21,-6.157666,-7.1512375,-5.750304,-6.353069166666667
COc1ccc2c(c1)[se]c(/C=C/C=C/C=C1\[Se]c3ccccc3N1CCCCS(=O)(=O)O)[n+]2Cc1ccccc1,-6.0793,-7.3656406,-5.4299545,-6.2916317
COc1ccc2c(c1)[se]c(/C=C/C=C/C=C1\[Se]c3ccccc3N1Cc1ccccc1)[n+]2Cc1ccccc1,-5.850982,-6.747282,-5.55174,-6.050001333333333
CCN1/C(=C/C=C/C=C/c2[se]c3ccccc3[n+]2CC)[Se]c2cc(OC)ccc21,-5.9065113,-6.311318,-5.3726897,-5.8635063333333335
CCCCN1/C(=C/C=C/C=C/c2[se]c3ccccc3[n+]2CC)[Se]c2cc(OC)ccc21,-5.8950143,-6.298344,-5.3755784,-5.856312233333334
CC[n+]1c(/C=C/C=C/C=C2\[Se]c3cc(OC)ccc3N2CCCCN)[se]c2ccccc21,-5.8151426,-6.7940693,-5.6946254,-6.101279099999999
CC[n+]1c(/C=C/C=C/C=C2\[Se]c3cc(OC)ccc3N2CCCCO)[se]c2ccccc21,-5.8818865,-6.5259166,-5.4379597,-5.948587600000001
CC[n+]1c(/C=C/C=C/C=C2\[Se]c3cc(OC)ccc3N2CCCC[N+](CC)(CC)CC)[se]c2ccccc21,-6.1886578,-7.006382,-5.6729937,-6.2893444999999994
CC[n+]1c(/C=C/C=C/C=C2\[Se]c3cc(OC)ccc3N2CCCCS(=O)(=O)O)[se]c2ccccc21,-6.125592,-7.1732507,-5.3455043,-6.214782333333333
CC[n+]1c(/C=C/C=C/C=C2\[Se]c3cc(OC)ccc3N2Cc2ccccc2)[se]c2ccccc21,-5.8883495,-6.5349016,-5.454767,-5.959339366666668
CCN1/C(=C/C=C/C=C/c2[se]c3cc(OC)ccc3[n+]2CC)[Se]c2cc(OC)ccc21,-5.8899565,-6.2807603,-5.351402,-5.840706266666667
CCCCN1/C(=C/C=C/C=C/c2[se]c3cc(OC)ccc3[n+]2CC)[Se]c2cc(OC)ccc21,-5.8798857,-6.2706532,-5.355642,-5.835393633333333
CC[n+]1c(/C=C/C=C/C=C2\[Se]c3cc(OC)ccc3N2CCCCN)[se]c2cc(OC)ccc21,-5.8032875,-6.751972,-5.6665483,-6.073935933333334
CC[n+]1c(/C=C/C=C/C=C2\[Se]c3cc(OC)ccc3N2CCCCO)[se]c2cc(OC)ccc21,-5.8651896,-6.490755,-5.4151673,-5.923703966666667
CC[n+]1c(/C=C/C=C/C=C2\[Se]c3cc(OC)ccc3N2CCCC[N+](CC)(CC)CC)[se]c2cc(OC)ccc21,-6.1788235,-6.972743,-5.6509156,-6.267494033333334
CC[n+]1c(/C=C/C=C/C=C2\[Se]c3cc(OC)ccc3N2CCCCS(=O)(=O)O)[se]c2cc(OC)ccc21,-6.107031,-7.1302137,-5.322794,-6.186679566666666
CC[n+]1c(/C=C/C=C/C=C2\[Se]c3cc(OC)ccc3N2Cc2ccccc2)[se]c2cc(OC)ccc21,-5.876569,-6.50769,-5.4340134,-5.9394241333333335
CCCC[n+]1c(/C=C/C=C/C=C2\[Se]c3cc(OC)ccc3N2CC)[se]c2ccccc21,-5.863875,-6.401122,-5.4287887,-5.897928566666667
CCCCN1/C(=C/C=C/C=C/c2[se]c3ccccc3[n+]2CCCC)[Se]c2cc(OC)ccc21,-5.853505,-6.39172,-5.432865,-5.892696666666667
CCCC[n+]1c(/C=C/C=C/C=C2\[Se]c3cc(OC)ccc3N2CCCCN)[se]c2ccccc21,-5.771903,-6.880699,-5.7506466,-6.1344161999999995
CCCC[n+]1c(/C=C/C=C/C=C2\[Se]c3cc(OC)ccc3N2CCCCO)[se]c2ccccc21,-5.8387094,-6.614407,-5.4943542,-5.9824902
CCCC[n+]1c(/C=C/C=C/C=C2\[Se]c3cc(OC)ccc3N2CCCC[N+](CC)(CC)CC)[se]c2ccccc21,-6.142344,-7.0816784,-5.72741,-6.317144133333333
CCCC[n+]1c(/C=C/C=C/C=C2\[Se]c3cc(OC)ccc3N2CCCCS(=O)(=O)O)[se]c2ccccc21,-6.0610213,-7.2660975,-5.4071317,-6.244750166666667
CCCC[n+]1c(/C=C/C=C/C=C2\[Se]c3cc(OC)ccc3N2Cc2ccccc2)[se]c2ccccc21,-5.8491187,-6.6323047,-5.512414,-5.9979458
CCCC[n+]1c(/C=C/C=C/C=C2\[Se]c3cc(OC)ccc3N2CC)[se]c2cc(OC)ccc21,-5.8495874,-6.377234,-5.410288,-5.879036466666666
CCCCN1/C(=C/C=C/C=C/c2[se]c3cc(OC)ccc3[n+]2CCCC)[Se]c2cc(OC)ccc21,-5.840379,-6.3692575,-5.415038,-5.8748915
CCCC[n+]1c(/C=C/C=C/C=C2\[Se]c3cc(OC)ccc3N2CCCCN)[se]c2cc(OC)ccc21,-5.760087,-6.8421817,-5.7254896,-6.109252766666667
CCCC[n+]1c(/C=C/C=C/C=C2\[Se]c3cc(OC)ccc3N2CCCCO)[se]c2cc(OC)ccc21,-5.8229237,-6.5846777,-5.4745555,-5.960718966666668
CCCC[n+]1c(/C=C/C=C/C=C2\[Se]c3cc(OC)ccc3N2CCCC[N+](CC)(CC)CC)[se]c2cc(OC)ccc21,-6.134482,-7.0564575,-5.709105,-6.300014833333333
CCCC[n+]1c(/C=C/C=C/C=C2\[Se]c3cc(OC)ccc3N2CCCCS(=O)(=O)O)[se]c2cc(OC)ccc21,-6.0484266,-7.222928,-5.3838077,-6.2183874333333335
CCCC[n+]1c(/C=C/C=C/C=C2\[Se]c3cc(OC)ccc3N2Cc2ccccc2)[se]c2cc(OC)ccc21,-5.8378496,-6.6084766,-5.4936466,-5.979990933333333
CCN1/C(=C/C=C/C=C/c2[se]c3ccccc3[n+]2CCCCN)[Se]c2cc(OC)ccc21,-5.7819943,-6.9098983,-5.7622533,-6.1513819666666665
CCCCN1/C(=C/C=C/C=C/c2[se]c3ccccc3[n+]2CCCCN)[Se]c2cc(OC)ccc21,-5.7759533,-6.895447,-5.7619557,-6.144452
COc1ccc2c(c1)[Se]/C(=C\C=C\C=C\c1[se]c3ccccc3[n+]1CCCCN)N2CCCCN,-5.680594,-7.4857984,-6.2128706,-6.459754333333333
COc1ccc2c(c1)[Se]/C(=C\C=C\C=C\c1[se]c3ccccc3[n+]1CCCCN)N2CCCCO,-5.748986,-7.1525927,-5.852933,-6.2515039
CC[N+](CC)(CC)CCCCN1/C(=C/C=C/C=C/c2[se]c3ccccc3[n+]2CCCCN)[Se]c2cc(OC)ccc21,-5.9913664,-7.6101336,-6.1231914,-6.574897133333334
COc1ccc2c(c1)[Se]/C(=C\C=C\C=C\c1[se]c3ccccc3[n+]1CCCCN)N2CCCCS(=O)(=O)O,-5.942817,-7.798189,-5.7903023,-6.5104361
COc1ccc2c(c1)[Se]/C(=C\C=C\C=C\c1[se]c3ccccc3[n+]1CCCCN)N2Cc1ccccc1,-5.7564735,-7.1459637,-5.85232,-6.251585733333333
CCN1/C(=C/C=C/C=C/c2[se]c3cc(OC)ccc3[n+]2CCCCN)[Se]c2cc(OC)ccc21,-5.7724614,-6.868601,-5.73427,-6.125110799999999
CCCCN1/C(=C/C=C/C=C/c2[se]c3cc(OC)ccc3[n+]2CCCCN)[Se]c2cc(OC)ccc21,-5.76488,-6.854625,-5.7347717,-6.118092233333333
COc1ccc2c(c1)[Se]/C(=C\C=C\C=C\c1[se]c3cc(OC)ccc3[n+]1CCCCN)N2CCCCN,-5.6639924,-7.4171515,-6.154843,-6.4119956333333334
COc1ccc2c(c1)[Se]/C(=C\C=C\C=C\c1[se]c3cc(OC)ccc3[n+]1CCCCN)N2CCCCO,-5.74177,-7.1032696,-5.8202057,-6.221748433333333
CC[N+](CC)(CC)CCCCN1/C(=C/C=C/C=C/c2[se]c3cc(OC)ccc3[n+]2CCCCN)[Se]c2cc(OC)ccc21,-5.987513,-7.5638533,-6.0885096,-6.5466253
COc1ccc2c(c1)[Se]/C(=C\C=C\C=C\c1[se]c3cc(OC)ccc3[n+]1CCCCN)N2CCCCS(=O)(=O)O,-5.935161,-7.732519,-5.7512727,-6.472984233333334
COc1ccc2c(c1)[Se]/C(=C\C=C\C=C\c1[se]c3cc(OC)ccc3[n+]1CCCCN)N2Cc1ccccc1,-5.7478623,-7.0959773,-5.8202987,-6.221379433333333
CCN1/C(=C/C=C/C=C/c2[se]c3ccccc3[n+]2CCCCO)[Se]c2cc(OC)ccc21,-5.8516316,-6.610834,-5.5017834,-5.988083
CCCCN1/C(=C/C=C/C=C/c2[se]c3ccccc3[n+]2CCCCO)[Se]c2cc(OC)ccc21,-5.8416834,-6.595875,-5.502816,-5.9801248
COc1ccc2c(c1)[Se]/C(=C\C=C\C=C\c1[se]c3ccccc3[n+]1CCCCO)N2CCCCN,-5.7438984,-7.1243114,-5.856194,-6.2414679333333325
COc1ccc2c(c1)[Se]/C(=C\C=C\C=C\c1[se]c3ccccc3[n+]1CCCCO)N2CCCCO,-5.821495,-6.8377323,-5.5707316,-6.076652966666667
CC[N+](CC)(CC)CCCCN1/C(=C/C=C/C=C/c2[se]c3ccccc3[n+]2CCCCO)[Se]c2cc(OC)ccc21,-6.1131377,-7.287265,-5.8194795,-6.4066274000000005
COc1ccc2c(c1)[Se]/C(=C\C=C\C=C\c1[se]c3ccccc3[n+]1CCCCO)N2CCCCS(=O)(=O)O,-6.034805,-7.532533,-5.5000215,-6.3557865
COc1ccc2c(c1)[Se]/C(=C\C=C\C=C\c1[se]c3ccccc3[n+]1CCCCO)N2Cc1ccccc1,-5.821709,-6.8516183,-5.587438,-6.086921766666666
CCN1/C(=C/C=C/C=C/c2[se]c3cc(OC)ccc3[n+]2CCCCO)[Se]c2cc(OC)ccc21,-5.837922,-6.5758324,-5.4781656,-5.963973333333333
CCCCN1/C(=C/C=C/C=C/c2[se]c3cc(OC)ccc3[n+]2CCCCO)[Se]c2cc(OC)ccc21,-5.8264337,-6.5623436,-5.4807696,-5.956515633333335
COc1ccc2c(c1)[Se]/C(=C\C=C\C=C\c1[se]c3cc(OC)ccc3[n+]1CCCCO)N2CCCCN,-5.736847,-7.0770845,-5.824438,-6.212789833333333
COc1ccc2c(c1)[Se]/C(=C\C=C\C=C\c1[se]c3cc(OC)ccc3[n+]1CCCCO)N2CCCCO,-5.808605,-6.797973,-5.546238,-6.050938666666666
CC[N+](CC)(CC)CCCCN1/C(=C/C=C/C=C/c2[se]c3cc(OC)ccc3[n+]2CCCCO)[Se]c2cc(OC)ccc21,-6.107934,-7.2504077,-5.793019,-6.3837869000000005
COc1ccc2c(c1)[Se]/C(=C\C=C\C=C\c1[se]c3cc(OC)ccc3[n+]1CCCCO)N2CCCCS(=O)(=O)O,-6.021414,-7.4781275,-5.473427,-6.3243228333333334
COc1ccc2c(c1)[Se]/C(=C\C=C\C=C\c1[se]c3cc(OC)ccc3[n+]1CCCCO)N2Cc1ccccc1,-5.810987,-6.814249,-5.563797,-6.063011
CCN1/C(=C/C=C/C=C/c2[se]c3ccccc3[n+]2CCCC[N+](CC)(CC)CC)[Se]c2cc(OC)ccc21,-6.1696234,-7.09046,-5.7254744,-6.3285192666666665
CCCCN1/C(=C/C=C/C=C/c2[se]c3ccccc3[n+]2CCCC[N+](CC)(CC)CC)[Se]c2cc(OC)ccc21,-6.1543465,-7.0763655,-5.728652,-6.319788
CC[N+](CC)(CC)CCCC[n+]1c(/C=C/C=C/C=C2\[Se]c3cc(OC)ccc3N2CCCCN)[se]c2ccccc21,-5.9986963,-7.5994205,-6.1195908,-6.5725692
CC[N+](CC)(CC)CCCC[n+]1c(/C=C/C=C/C=C2\[Se]c3cc(OC)ccc3N2CCCCO)[se]c2ccccc21,-6.1241612,-7.29844,-5.813959,-6.412186733333333
CC[N+](CC)(CC)CCCCN1/C(=C/C=C/C=C/c2[se]c3ccccc3[n+]2CCCC[N+](CC)(CC)CC)[Se]c2cc(OC)ccc21,-6.328649,-7.812727,-6.077616,-6.739664
CC[N+](CC)(CC)CCCC[n+]1c(/C=C/C=C/C=C2\[Se]c3cc(OC)ccc3N2CCCCS(=O)(=O)O)[se]c2ccccc21,-6.288623,-7.8967767,-5.757468,-6.647622566666667
CC[N+](CC)(CC)CCCC[n+]1c(/C=C/C=C/C=C2\[Se]c3cc(OC)ccc3N2Cc2ccccc2)[se]c2ccccc21,-6.144829,-7.294958,-5.810298,-6.416695
CCN1/C(=C/C=C/C=C/c2[se]c3cc(OC)ccc3[n+]2CCCC[N+](CC)(CC)CC)[Se]c2cc(OC)ccc21,-6.159774,-7.060278,-5.7058945,-6.308648833333333
CCCCN1/C(=C/C=C/C=C/c2[se]c3cc(OC)ccc3[n+]2CCCC[N+](CC)(CC)CC)[Se]c2cc(OC)ccc21,-6.145482,-7.0489054,-5.7098923,-6.301426566666667
CC[N+](CC)(CC)CCCC[n+]1c(/C=C/C=C/C=C2\[Se]c3cc(OC)ccc3N2CCCCN)[se]c2cc(OC)ccc21,-5.994843,-7.5531397,-6.084909,-6.544297233333334
CC[N+](CC)(CC)CCCC[n+]1c(/C=C/C=C/C=C2\[Se]c3cc(OC)ccc3N2CCCCO)[se]c2cc(OC)ccc21,-6.117681,-7.261177,-5.787687,-6.388848333333333
CC[N+](CC)(CC)CCCCN1/C(=C/C=C/C=C/c2[se]c3cc(OC)ccc3[n+]2CCCC[N+](CC)(CC)CC)[Se]c2cc(OC)ccc21,-6.3262396,-7.779643,-6.0516276,-6.719170066666667
CC[N+](CC)(CC)CCCC[n+]1c(/C=C/C=C/C=C2\[Se]c3cc(OC)ccc3N2CCCCS(=O)(=O)O)[se]c2cc(OC)ccc21,-6.2830215,-7.855342,-5.730191,-6.6228515
CC[N+](CC)(CC)CCCC[n+]1c(/C=C/C=C/C=C2\[Se]c3cc(OC)ccc3N2Cc2ccccc2)[se]c2cc(OC)ccc21,-6.1371326,-7.2665725,-5.7877536,-6.397152899999999
CCN1/C(=C/C=C/C=C/c2[se]c3ccccc3[n+]2CCCCS(=O)(=O)O)[Se]c2cc(OC)ccc21,-6.0965514,-7.2860575,-5.407955,-6.263521300000001
CCCCN1/C(=C/C=C/C=C/c2[se]c3ccccc3[n+]2CCCCS(=O)(=O)O)[Se]c2cc(OC)ccc21,-6.08001,-7.260804,-5.4115396,-6.250784533333333
COc1ccc2c(c1)[Se]/C(=C\C=C\C=C\c1[se]c3ccccc3[n+]1CCCCS(=O)(=O)O)N2CCCCN,-5.9549966,-7.7953634,-5.7897468,-6.513368933333333
COc1ccc2c(c1)[Se]/C(=C\C=C\C=C\c1[se]c3ccccc3[n+]1CCCCS(=O)(=O)O)N2CCCCO,-6.046596,-7.55642,-5.4960794,-6.366365133333333
CC[N+](CC)(CC)CCCCN1/C(=C/C=C/C=C/c2[se]c3ccccc3[n+]2CCCCS(=O)(=O)O)[Se]c2cc(OC)ccc21,-6.2894793,-7.9056473,-5.7592773,-6.651467966666666
COc1ccc2c(c1)[Se]/C(=C\C=C\C=C\c1[se]c3ccccc3[n+]1CCCCS(=O)(=O)O)N2CCCCS(=O)(=O)O,-6.160787,-8.203556,-5.4202657,-6.594869566666667
COc1ccc2c(c1)[Se]/C(=C\C=C\C=C\c1[se]c3ccccc3[n+]1CCCCS(=O)(=O)O)N2Cc1ccccc1,-6.0627317,-7.5796585,-5.492368,-6.378252733333333
CCN1/C(=C/C=C/C=C/c2[se]c3cc(OC)ccc3[n+]2CCCCS(=O)(=O)O)[Se]c2cc(OC)ccc21,-6.0834813,-7.2430973,-5.383962,-6.236846866666667
CCCCN1/C(=C/C=C/C=C/c2[se]c3cc(OC)ccc3[n+]2CCCCS(=O)(=O)O)[Se]c2cc(OC)ccc21,-6.068046,-7.218683,-5.387413,-6.224714
COc1ccc2c(c1)[Se]/C(=C\C=C\C=C\c1[se]c3cc(OC)ccc3[n+]1CCCCS(=O)(=O)O)N2CCCCN,-5.946655,-7.730077,-5.750754,-6.475828666666666
COc1ccc2c(c1)[Se]/C(=C\C=C\C=C\c1[se]c3cc(OC)ccc3[n+]1CCCCS(=O)(=O)O)N2CCCCO,-6.033063,-7.5036173,-5.4701743,-6.3356182
CC[N+](CC)(CC)CCCCN1/C(=C/C=C/C=C/c2[se]c3cc(OC)ccc3[n+]2CCCCS(=O)(=O)O)[Se]c2cc(OC)ccc21,-6.2838993,-7.8645725,-5.732175,-6.626882266666667
COc1ccc2c(c1)[Se]/C(=C\C=C\C=C\c1[se]c3cc(OC)ccc3[n+]1CCCCS(=O)(=O)O)N2CCCCS(=O)(=O)O,-6.1480217,-8.141861,-5.3923373,-6.56074
COc1ccc2c(c1)[Se]/C(=C\C=C\C=C\c1[se]c3cc(OC)ccc3[n+]1CCCCS(=O)(=O)O)N2Cc1ccccc1,-6.0510836,-7.5357327,-5.470791,-6.352535766666667
CCN1/C(=C/C=C/C=C/c2[se]c3ccccc3[n+]2Cc2ccccc2)[Se]c2cc(OC)ccc21,-5.8855453,-6.432777,-5.4361897,-5.918170666666666
CCCCN1/C(=C/C=C/C=C/c2[se]c3ccccc3[n+]2Cc2ccccc2)[Se]c2cc(OC)ccc21,-5.87525,-6.4213667,-5.4394236,-5.912013433333333
COc1ccc2c(c1)[Se]/C(=C\C=C\C=C\c1[se]c3ccccc3[n+]1Cc1ccccc1)N2CCCCN,-5.786404,-6.917628,-5.7606587,-6.1548969
COc1ccc2c(c1)[Se]/C(=C\C=C\C=C\c1[se]c3ccccc3[n+]1Cc1ccccc1)N2CCCCO,-5.858945,-6.650465,-5.503558,-6.004322666666667
CC[N+](CC)(CC)CCCCN1/C(=C/C=C/C=C/c2[se]c3ccccc3[n+]2Cc2ccccc2)[Se]c2cc(OC)ccc21,-6.1672945,-7.116644,-5.732448,-6.3387955
COc1ccc2c(c1)[Se]/C(=C\C=C\C=C\c1[se]c3ccccc3[n+]1Cc1ccccc1)N2CCCCS(=O)(=O)O,-6.093002,-7.3204165,-5.408659,-6.274025833333333
COc1ccc2c(c1)[Se]/C(=C\C=C\C=C\c1[se]c3ccccc3[n+]1Cc1ccccc1)N2Cc1ccccc1,-5.864398,-6.689811,-5.529226,-6.0278116666666675
CCN1/C(=C/C=C/C=C/c2[se]c3cc(OC)ccc3[n+]2Cc2ccccc2)[Se]c2cc(OC)ccc21,-5.870141,-6.4080505,-5.4181786,-5.898790033333333
CCCCN1/C(=C/C=C/C=C/c2[se]c3cc(OC)ccc3[n+]2Cc2ccccc2)[Se]c2cc(OC)ccc21,-5.8608823,-6.397581,-5.421604,-5.893355766666666
COc1ccc2c(c1)[Se]/C(=C\C=C\C=C\c1[se]c3cc(OC)ccc3[n+]1Cc1ccccc1)N2CCCCN,-5.7756443,-6.8748817,-5.733168,-6.127897999999999
COc1ccc2c(c1)[Se]/C(=C\C=C\C=C\c1[se]c3cc(OC)ccc3[n+]1Cc1ccccc1)N2CCCCO,-5.8436604,-6.61551,-5.4813967,-5.980189033333333
CC[N+](CC)(CC)CCCCN1/C(=C/C=C/C=C/c2[se]c3cc(OC)ccc3[n+]2Cc2ccccc2)[Se]c2cc(OC)ccc21,-6.157362,-7.0884047,-5.7136602,-6.319808966666667
COc1ccc2c(c1)[Se]/C(=C\C=C\C=C\c1[se]c3cc(OC)ccc3[n+]1Cc1ccccc1)N2CCCCS(=O)(=O)O,-6.080664,-7.2755017,-5.3861957,-6.2474538
COc1ccc2c(c1)[Se]/C(=C\C=C\C=C\c1[se]c3cc(OC)ccc3[n+]1Cc1ccccc1)N2Cc1ccccc1,-5.8554397,-6.655728,-5.508052,-6.006406566666667
CCN1/C(=C/C=C/C=C/C2=[N+](CC)c3ccccc3C2(C)C)C(C)(C)c2ccccc21,-5.873182,-6.1699452,-5.408389,-5.817172066666667
CCCCN1/C(=C/C=C/C=C/C2=[N+](CC)c3ccccc3C2(C)C)C(C)(C)c2ccccc21,-5.8652616,-6.1855087,-5.4095917,-5.820120666666667
CC[N+]1=C(/C=C/C=C/C=C2/N(CCCCN)c3ccccc3C2(C)C)C(C)(C)c2ccccc21,-5.7664394,-6.6497173,-5.7265463,-6.047567666666667
CC[N+]1=C(/C=C/C=C/C=C2/N(CCCCO)c3ccccc3C2(C)C)C(C)(C)c2ccccc21,-5.844165,-6.379571,-5.46961,-5.897782
CC[N+]1=C(/C=C/C=C/C=C2/N(CCCC[N+](CC)(CC)CC)c3ccccc3C2(C)C)C(C)(C)c2ccccc21,-6.143755,-6.8690605,-5.694711,-6.235842166666667
CC[N+]1=C(/C=C/C=C/C=C2/N(CCCCS(=O)(=O)O)c3ccccc3C2(C)C)C(C)(C)c2ccccc21,-6.0950828,-6.9601793,-5.3700624,-6.141774833333334
CC[N+]1=C(/C=C/C=C/C=C2/N(Cc3ccccc3)c3ccccc3C2(C)C)C(C)(C)c2ccccc21,-5.8654823,-6.2879047,-5.452733,-5.868706666666667
CC[N+]1=C(/C=C/C=C/C=C2/N(Cc3ccsc3)c3ccccc3C2(C)C)C(C)(C)c2ccccc21,-5.852836,-6.23331,-5.4435825,-5.843242833333332
CCN1/C(=C/C=C/C=C/C2=[N+](CC)c3ccc(Br)cc3C2(C)C)C(C)(C)c2ccccc21,-5.8322325,-6.2181683,-5.482286,-5.8442289333333335
CCCCN1/C(=C/C=C/C=C/C2=[N+](CC)c3ccc(Br)cc3C2(C)C)C(C)(C)c2ccccc21,-5.8247294,-6.232742,-5.483288,-5.846919799999999
CC[N+]1=C(/C=C/C=C/C=C2/N(CCCCN)c3ccccc3C2(C)C)C(C)(C)c2cc(Br)ccc21,-5.7106624,-6.702916,-5.8153067,-6.076295033333333
CC[N+]1=C(/C=C/C=C/C=C2/N(CCCCO)c3ccccc3C2(C)C)C(C)(C)c2cc(Br)ccc21,-5.79476,-6.431713,-5.5533056,-5.926592866666667
CC[N+]1=C(/C=C/C=C/C=C2/N(CCCC[N+](CC)(CC)CC)c3ccccc3C2(C)C)C(C)(C)c2cc(Br)ccc21,-6.100544,-6.9092445,-5.769023,-6.259603833333333
CC[N+]1=C(/C=C/C=C/C=C2/N(CCCCS(=O)(=O)O)c3ccccc3C2(C)C)C(C)(C)c2cc(Br)ccc21,-6.037965,-6.9859943,-5.4443746,-6.156111299999999
CC[N+]1=C(/C=C/C=C/C=C2/N(Cc3ccccc3)c3ccccc3C2(C)C)C(C)(C)c2cc(Br)ccc21,-5.822742,-6.3375416,-5.527763,-5.896015533333333
CC[N+]1=C(/C=C/C=C/C=C2/N(Cc3ccsc3)c3ccccc3C2(C)C)C(C)(C)c2cc(Br)ccc21,-5.8112273,-6.282401,-5.51871,-5.8707794333333325
CCN1/C(=C/C=C/C=C/C2=[N+](CC)c3ccc(I)cc3C2(C)C)C(C)(C)c2ccccc21,-5.859433,-6.0668197,-5.391877,-5.7727099
CCCCN1/C(=C/C=C/C=C/C2=[N+](CC)c3ccc(I)cc3C2(C)C)C(C)(C)c2ccccc21,-5.8505955,-6.081527,-5.3932734,-5.775131966666667
CC[N+]1=C(/C=C/C=C/C=C2/N(CCCCN)c3ccccc3C2(C)C)C(C)(C)c2cc(I)ccc21,-5.750964,-6.537834,-5.7061834,-5.9983271333333334
CC[N+]1=C(/C=C/C=C/C=C2/N(CCCCO)c3ccccc3C2(C)C)C(C)(C)c2cc(I)ccc21,-5.8298993,-6.265997,-5.452097,-5.849331100000001
CC[N+]1=C(/C=C/C=C/C=C2/N(CCCC[N+](CC)(CC)CC)c3ccccc3C2(C)C)C(C)(C)c2cc(I)ccc21,-6.128811,-6.7613125,-5.67406,-6.1880611666666665
CC[N+]1=C(/C=C/C=C/C=C2/N(CCCCS(=O)(=O)O)c3ccccc3C2(C)C)C(C)(C)c2cc(I)ccc21,-6.09199,-6.8273773,-5.349023,-6.089463433333333
CC[N+]1=C(/C=C/C=C/C=C2/N(Cc3ccccc3)c3ccccc3C2(C)C)C(C)(C)c2cc(I)ccc21,-5.8514643,-6.182159,-5.435224,-5.8229491
CC[N+]1=C(/C=C/C=C/C=C2/N(Cc3ccsc3)c3ccccc3C2(C)C)C(C)(C)c2cc(I)ccc21,-5.8395605,-6.129204,-5.426777,-5.798513833333334
CCCC[N+]1=C(/C=C/C=C/C=C2/N(CC)c3ccccc3C2(C)C)C(C)(C)c2ccccc21,-5.851043,-6.21439,-5.432003,-5.832478666666667
CCCCN1/C(=C/C=C/C=C/C2=[N+](CCCC)c3ccccc3C2(C)C)C(C)(C)c2ccccc21,-5.8416114,-6.2303624,-5.434154,-5.835375933333332
CCCC[N+]1=C(/C=C/C=C/C=C2/N(CCCCN)c3ccccc3C2(C)C)C(C)(C)c2ccccc21,-5.749392,-6.687929,-5.745181,-6.060834
CCCC[N+]1=C(/C=C/C=C/C=C2/N(CCCCO)c3ccccc3C2(C)C)C(C)(C)c2ccccc21,-5.8215723,-6.423309,-5.4912553,-5.912045533333333
CCCC[N+]1=C(/C=C/C=C/C=C2/N(CCCC[N+](CC)(CC)CC)c3ccccc3C2(C)C)C(C)(C)c2ccccc21,-6.120077,-6.9035616,-5.7151766,-6.246271733333334
CCCC[N+]1=C(/C=C/C=C/C=C2/N(CCCCS(=O)(=O)O)c3ccccc3C2(C)C)C(C)(C)c2ccccc21,-6.058381,-6.9941964,-5.390822,-6.1477998000000005
CCCC[N+]1=C(/C=C/C=C/C=C2/N(Cc3ccccc3)c3ccccc3C2(C)C)C(C)(C)c2ccccc21,-5.8459525,-6.332568,-5.4759083,-5.8848096000000005
CCCC[N+]1=C(/C=C/C=C/C=C2/N(Cc3ccsc3)c3ccccc3C2(C)C)C(C)(C)c2ccccc21,-5.832112,-6.2773895,-5.4666677,-5.858723066666667
CCCC[N+]1=C(/C=C/C=C/C=C2/N(CC)c3ccccc3C2(C)C)C(C)(C)c2cc(Br)ccc21,-5.811527,-6.264722,-5.5051355,-5.8604614999999995
CCCCN1/C(=C/C=C/C=C/C2=[N+](CCCC)c3ccc(Br)cc3C2(C)C)C(C)(C)c2ccccc21,-5.802637,-6.280965,-5.507397,-5.863666333333334
CCCC[N+]1=C(/C=C/C=C/C=C2/N(CCCCN)c3ccccc3C2(C)C)C(C)(C)c2cc(Br)ccc21,-5.6956754,-6.7444987,-5.8331566,-6.091110233333333
CCCC[N+]1=C(/C=C/C=C/C=C2/N(CCCCO)c3ccccc3C2(C)C)C(C)(C)c2cc(Br)ccc21,-5.771732,-6.4768405,-5.572268,-5.940280166666667
CCCC[N+]1=C(/C=C/C=C/C=C2/N(CCCC[N+](CC)(CC)CC)c3ccccc3C2(C)C)C(C)(C)c2cc(Br)ccc21,-6.0756493,-6.953015,-5.792981,-6.273881766666666
CCCC[N+]1=C(/C=C/C=C/C=C2/N(CCCCS(=O)(=O)O)c3ccccc3C2(C)C)C(C)(C)c2cc(Br)ccc21,-6.0012927,-7.022114,-5.4647436,-6.162716766666667
CCCC[N+]1=C(/C=C/C=C/C=C2/N(Cc3ccccc3)c3ccccc3C2(C)C)C(C)(C)c2cc(Br)ccc21,-5.80323,-6.3834925,-5.54979,-5.912170833333334
CCCC[N+]1=C(/C=C/C=C/C=C2/N(Cc3ccsc3)c3ccccc3C2(C)C)C(C)(C)c2cc(Br)ccc21,-5.7913737,-6.329378,-5.5415854,-5.8874457
CCCC[N+]1=C(/C=C/C=C/C=C2/N(CC)c3ccccc3C2(C)C)C(C)(C)c2cc(I)ccc21,-5.836801,-6.1126113,-5.4156013,-5.788337866666667
CCCCN1/C(=C/C=C/C=C/C2=[N+](CCCC)c3ccc(I)cc3C2(C)C)C(C)(C)c2ccccc21,-5.8272424,-6.128138,-5.4174814,-5.790953933333333
CCCC[N+]1=C(/C=C/C=C/C=C2/N(CCCCN)c3ccccc3C2(C)C)C(C)(C)c2cc(I)ccc21,-5.7308187,-6.5787096,-5.724965,-6.011497766666667
CCCC[N+]1=C(/C=C/C=C/C=C2/N(CCCCO)c3ccccc3C2(C)C)C(C)(C)c2cc(I)ccc21,-5.807438,-6.312977,-5.474626,-5.865013666666667
CCCC[N+]1=C(/C=C/C=C/C=C2/N(CCCC[N+](CC)(CC)CC)c3ccccc3C2(C)C)C(C)(C)c2cc(I)ccc21,-6.1058216,-6.800737,-5.6947627,-6.200440433333334
CCCC[N+]1=C(/C=C/C=C/C=C2/N(CCCCS(=O)(=O)O)c3ccccc3C2(C)C)C(C)(C)c2cc(I)ccc21,-6.0539937,-6.8689256,-5.3710313,-6.097983533333334
CCCC[N+]1=C(/C=C/C=C/C=C2/N(Cc3ccccc3)c3ccccc3C2(C)C)C(C)(C)c2cc(I)ccc21,-5.83111,-6.2289057,-5.4584427,-5.839486133333334
CCCC[N+]1=C(/C=C/C=C/C=C2/N(Cc3ccsc3)c3ccccc3C2(C)C)C(C)(C)c2cc(I)ccc21,-5.8183904,-6.175534,-5.4497457,-5.814556700000001
CCN1/C(=C/C=C/C=C/C2=[N+](CCCCN)c3ccccc3C2(C)C)C(C)(C)c2ccccc21,-5.745976,-6.7106943,-5.7733264,-6.076665566666667
CCCCN1/C(=C/C=C/C=C/C2=[N+](CCCCN)c3ccccc3C2(C)C)C(C)(C)c2ccccc21,-5.7466283,-6.724459,-5.7704034,-6.0804969
CC1(C)C(/C=C/C=C/C=C2/N(CCCCN)c3ccccc3C2(C)C)=[N+](CCCCN)c2ccccc21,-5.6737967,-7.296644,-6.216338,-6.3955929
CC1(C)C(/C=C/C=C/C=C2/N(CCCCO)c3ccccc3C2(C)C)=[N+](CCCCN)c2ccccc21,-5.715703,-6.968148,-5.860685,-6.181512000000001
CC[N+](CC)(CC)CCCCN1/C(=C/C=C/C=C/C2=[N+](CCCCN)c3ccccc3C2(C)C)C(C)(C)c2ccccc21,-5.96379,-7.448081,-6.123728,-6.511866333333334
CC1(C)C(/C=C/C=C/C=C2/N(CCCCS(=O)(=O)O)c3ccccc3C2(C)C)=[N+](CCCCN)c2ccccc21,-5.922355,-7.519783,-5.773031,-6.4050563333333335
CC1(C)C(/C=C/C=C/C=C2/N(Cc3ccccc3)c3ccccc3C2(C)C)=[N+](CCCCN)c2ccccc21,-5.73769,-6.811131,-5.8050237,-6.117948233333333
CC1(C)C(/C=C/C=C/C=C2/N(Cc3ccsc3)c3ccccc3C2(C)C)=[N+](CCCCN)c2ccccc21,-5.7234054,-6.7566366,-5.7998695,-6.093303833333334
CCN1/C(=C/C=C/C=C/C2=[N+](CCCCN)c3ccc(Br)cc3C2(C)C)C(C)(C)c2ccccc21,-5.6884747,-6.7693963,-5.862669,-6.106846666666667
CCCCN1/C(=C/C=C/C=C/C2=[N+](CCCCN)c3ccc(Br)cc3C2(C)C)C(C)(C)c2ccccc21,-5.691064,-6.781525,-5.858444,-6.110344333333333
CC1(C)C(/C=C/C=C/C=C2/N(CCCCN)c3ccccc3C2(C)C)=[N+](CCCCN)c2ccc(Br)cc21,-5.647973,-7.3483276,-6.312685,-6.4363285333333335
CC1(C)C(/C=C/C=C/C=C2/N(CCCCO)c3ccccc3C2(C)C)=[N+](CCCCN)c2ccc(Br)cc21,-5.6695986,-7.0136724,-5.960665,-6.214645333333333
CC[N+](CC)(CC)CCCCN1/C(=C/C=C/C=C/C2=[N+](CCCCN)c3ccc(Br)cc3C2(C)C)C(C)(C)c2ccccc21,-5.9024835,-7.5164156,-6.2153263,-6.544741800000001
CC1(C)C(/C=C/C=C/C=C2/N(CCCCS(=O)(=O)O)c3ccccc3C2(C)C)=[N+](CCCCN)c2ccc(Br)cc21,-5.8686395,-7.5321403,-5.865251,-6.422010266666667
CC1(C)C(/C=C/C=C/C=C2/N(Cc3ccccc3)c3ccccc3C2(C)C)=[N+](CCCCN)c2ccc(Br)cc21,-5.676084,-6.863046,-5.892926,-6.144018666666667
CC1(C)C(/C=C/C=C/C=C2/N(Cc3ccsc3)c3ccccc3C2(C)C)=[N+](CCCCN)c2ccc(Br)cc21,-5.6652684,-6.8114734,-5.8851986,-6.120646799999999
CCN1/C(=C/C=C/C=C/C2=[N+](CCCCN)c3ccc(I)cc3C2(C)C)C(C)(C)c2ccccc21,-5.7325993,-6.597846,-5.7496996,-6.026714966666667
CCCCN1/C(=C/C=C/C=C/C2=[N+](CCCCN)c3ccc(I)cc3C2(C)C)C(C)(C)c2ccccc21,-5.7293234,-6.613774,-5.748499,-6.030532133333334
CC1(C)C(/C=C/C=C/C=C2/N(CCCCN)c3ccccc3C2(C)C)=[N+](CCCCN)c2ccc(I)cc21,-5.6551332,-7.1659636,-6.1713743,-6.3308237
CC1(C)C(/C=C/C=C/C=C2/N(CCCCO)c3ccccc3C2(C)C)=[N+](CCCCN)c2ccc(I)cc21,-5.700835,-6.841284,-5.836229,-6.126116
CC[N+](CC)(CC)CCCCN1/C(=C/C=C/C=C/C2=[N+](CCCCN)c3ccc(I)cc3C2(C)C)C(C)(C)c2ccccc21,-5.960006,-7.336546,-6.0913844,-6.462645466666667
CC1(C)C(/C=C/C=C/C=C2/N(CCCCS(=O)(=O)O)c3ccccc3C2(C)C)=[N+](CCCCN)c2ccc(I)cc21,-5.915513,-7.3857574,-5.7470465,-6.349438966666667
CC1(C)C(/C=C/C=C/C=C2/N(Cc3ccccc3)c3ccccc3C2(C)C)=[N+](CCCCN)c2ccc(I)cc21,-5.721884,-6.698096,-5.782799,-6.067593
CC1(C)C(/C=C/C=C/C=C2/N(Cc3ccsc3)c3ccccc3C2(C)C)=[N+](CCCCN)c2ccc(I)cc21,-5.708834,-6.6442385,-5.776118,-6.0430635
CCN1/C(=C/C=C/C=C/C2=[N+](CCCCO)c3ccccc3C2(C)C)C(C)(C)c2ccccc21,-5.83517,-6.374932,-5.480045,-5.896715666666666
CCCCN1/C(=C/C=C/C=C/C2=[N+](CCCCO)c3ccccc3C2(C)C)C(C)(C)c2ccccc21,-5.8272576,-6.393326,-5.47953,-5.9000378666666675
CC1(C)C(/C=C/C=C/C=C2/N(CCCCN)c3ccccc3C2(C)C)=[N+](CCCCO)c2ccccc21,-5.724171,-6.8977957,-5.8221188,-6.1480285
CC1(C)C(/C=C/C=C/C=C2/N(CCCCO)c3ccccc3C2(C)C)=[N+](CCCCO)c2ccccc21,-5.8037033,-6.6117005,-5.5442266,-5.986543466666667
CC[N+](CC)(CC)CCCCN1/C(=C/C=C/C=C/C2=[N+](CCCCO)c3ccccc3C2(C)C)C(C)(C)c2ccccc21,-6.101004,-7.0785007,-5.78216,-6.3205549
CC1(C)C(/C=C/C=C/C=C2/N(CCCCS(=O)(=O)O)c3ccccc3C2(C)C)=[N+](CCCCO)c2ccccc21,-6.0225763,-7.2048645,-5.45532,-6.227586933333334
CC1(C)C(/C=C/C=C/C=C2/N(Cc3ccccc3)c3ccccc3C2(C)C)=[N+](CCCCO)c2ccccc21,-5.820207,-6.486834,-5.5227027,-5.9432479
CC1(C)C(/C=C/C=C/C=C2/N(Cc3ccsc3)c3ccccc3C2(C)C)=[N+](CCCCO)c2ccccc21,-5.8128433,-6.4342165,-5.514984,-5.920681266666667
CCN1/C(=C/C=C/C=C/C2=[N+](CCCCO)c3ccc(Br)cc3C2(C)C)C(C)(C)c2ccccc21,-5.7837286,-6.4327793,-5.5641117,-5.9268732
CCCCN1/C(=C/C=C/C=C/C2=[N+](CCCCO)c3ccc(Br)cc3C2(C)C)C(C)(C)c2ccccc21,-5.7790937,-6.4466133,-5.560127,-5.9286113333333335
CC1(C)C(/C=C/C=C/C=C2/N(CCCCN)c3ccccc3C2(C)C)=[N+](CCCCO)c2ccc(Br)cc21,-5.6720476,-6.9468427,-5.919862,-6.1795841
CC1(C)C(/C=C/C=C/C=C2/N(CCCCO)c3ccccc3C2(C)C)=[N+](CCCCO)c2ccc(Br)cc21,-5.757918,-6.6662297,-5.634351,-6.019499566666666
CC[N+](CC)(CC)CCCCN1/C(=C/C=C/C=C/C2=[N+](CCCCO)c3ccc(Br)cc3C2(C)C)C(C)(C)c2ccccc21,-6.031452,-7.140417,-5.8787446,-6.350204533333334
CC1(C)C(/C=C/C=C/C=C2/N(CCCCS(=O)(=O)O)c3ccccc3C2(C)C)=[N+](CCCCO)c2ccc(Br)cc21,-5.9706807,-7.237182,-5.5456166,-6.2511597666666665
CC1(C)C(/C=C/C=C/C=C2/N(Cc3ccccc3)c3ccccc3C2(C)C)=[N+](CCCCO)c2ccc(Br)cc21,-5.767907,-6.5411363,-5.6034403,-5.970827866666666
CC1(C)C(/C=C/C=C/C=C2/N(Cc3ccsc3)c3ccccc3C2(C)C)=[N+](CCCCO)c2ccc(Br)cc21,-5.758999,-6.4894595,-5.597947,-5.9488018333333335
CCN1/C(=C/C=C/C=C/C2=[N+](CCCCO)c3ccc(I)cc3C2(C)C)C(C)(C)c2ccccc21,-5.8214025,-6.266442,-5.4618506,-5.849898366666667
CCCCN1/C(=C/C=C/C=C/C2=[N+](CCCCO)c3ccc(I)cc3C2(C)C)C(C)(C)c2ccccc21,-5.81292,-6.2829027,-5.4629416,-5.852921433333333
CC1(C)C(/C=C/C=C/C=C2/N(CCCCN)c3ccccc3C2(C)C)=[N+](CCCCO)c2ccc(I)cc21,-5.710657,-6.774157,-5.7991056,-6.094639866666667
CC1(C)C(/C=C/C=C/C=C2/N(CCCCO)c3ccccc3C2(C)C)=[N+](CCCCO)c2ccc(I)cc21,-5.788611,-6.4926577,-5.527036,-5.936101566666667
CC[N+](CC)(CC)CCCCN1/C(=C/C=C/C=C/C2=[N+](CCCCO)c3ccc(I)cc3C2(C)C)C(C)(C)c2ccccc21,-6.091927,-6.9720078,-5.758007,-6.273980600000001
CC1(C)C(/C=C/C=C/C=C2/N(CCCCS(=O)(=O)O)c3ccccc3C2(C)C)=[N+](CCCCO)c2ccc(I)cc21,-6.016677,-7.06917,-5.432423,-6.172756666666667
CC1(C)C(/C=C/C=C/C=C2/N(Cc3ccccc3)c3ccccc3C2(C)C)=[N+](CCCCO)c2ccc(I)cc21,-5.8109593,-6.3797274,-5.50533,-5.8986722333333335
CC1(C)C(/C=C/C=C/C=C2/N(Cc3ccsc3)c3ccccc3C2(C)C)=[N+](CCCCO)c2ccc(I)cc21,-5.8012624,-6.3258,-5.495911,-5.874324466666667
CCN1/C(=C/C=C/C=C/C2=[N+](CCCC[N+](CC)(CC)CC)c3ccccc3C2(C)C)C(C)(C)c2ccccc21,-6.1353683,-6.8823795,-5.713034,-6.243593933333333
CCCCN1/C(=C/C=C/C=C/C2=[N+](CCCC[N+](CC)(CC)CC)c3ccccc3C2(C)C)C(C)(C)c2ccccc21,-6.1230206,-6.896594,-5.715282,-6.244965533333333
CC[N+](CC)(CC)CCCC[N+]1=C(/C=C/C=C/C=C2/N(CCCCN)c3ccccc3C2(C)C)C(C)(C)c2ccccc21,-5.9732304,-7.4043365,-6.097004,-6.491523633333334
CC[N+](CC)(CC)CCCC[N+]1=C(/C=C/C=C/C=C2/N(CCCCO)c3ccccc3C2(C)C)C(C)(C)c2ccccc21,-6.09969,-7.0989366,-5.793217,-6.330614533333335
CC[N+](CC)(CC)CCCCN1/C(=C/C=C/C=C/C2=[N+](CCCC[N+](CC)(CC)CC)c3ccccc3C2(C)C)C(C)(C)c2ccccc21,-6.304052,-7.6198273,-6.051975,-6.658618099999999
CC[N+](CC)(CC)CCCC[N+]1=C(/C=C/C=C/C=C2/N(CCCCS(=O)(=O)O)c3ccccc3C2(C)C)C(C)(C)c2ccccc21,-6.2705812,-7.6657724,-5.7362213,-6.557524966666667
CC[N+](CC)(CC)CCCC[N+]1=C(/C=C/C=C/C=C2/N(Cc3ccccc3)c3ccccc3C2(C)C)C(C)(C)c2ccccc21,-6.130162,-6.9810257,-5.7477365,-6.286308066666667
CC[N+](CC)(CC)CCCC[N+]1=C(/C=C/C=C/C=C2/N(Cc3ccsc3)c3ccccc3C2(C)C)C(C)(C)c2ccccc21,-6.1215973,-6.930882,-5.739097,-6.263858766666668
CCN1/C(=C/C=C/C=C/C2=[N+](CCCC[N+](CC)(CC)CC)c3ccc(Br)cc3C2(C)C)C(C)(C)c2ccccc21,-6.087963,-6.9310794,-5.7921553,-6.270399233333333
CCCCN1/C(=C/C=C/C=C/C2=[N+](CCCC[N+](CC)(CC)CC)c3ccc(Br)cc3C2(C)C)C(C)(C)c2ccccc21,-6.0783606,-6.9464912,-5.7932816,-6.272711133333334
CC[N+](CC)(CC)CCCC[N+]1=C(/C=C/C=C/C=C2/N(CCCCN)c3ccccc3C2(C)C)C(C)(C)c2cc(Br)ccc21,-5.911496,-7.4723797,-6.1885653,-6.524147
CC[N+](CC)(CC)CCCC[N+]1=C(/C=C/C=C/C=C2/N(CCCCO)c3ccccc3C2(C)C)C(C)(C)c2cc(Br)ccc21,-6.0280533,-7.16345,-5.8921447,-6.361216
CC[N+](CC)(CC)CCCCN1/C(=C/C=C/C=C/C2=[N+](CCCC[N+](CC)(CC)CC)c3ccc(Br)cc3C2(C)C)C(C)(C)c2ccccc21,-6.2442813,-7.6803293,-6.136944,-6.687184866666667
CC[N+](CC)(CC)CCCC[N+]1=C(/C=C/C=C/C=C2/N(CCCCS(=O)(=O)O)c3ccccc3C2(C)C)C(C)(C)c2cc(Br)ccc21,-6.2088327,-7.7235775,-5.8381495,-6.590186566666667
CC[N+](CC)(CC)CCCC[N+]1=C(/C=C/C=C/C=C2/N(Cc3ccccc3)c3ccccc3C2(C)C)C(C)(C)c2cc(Br)ccc21,-6.0749197,-7.033951,-5.8330374,-6.313969366666666
CC[N+](CC)(CC)CCCC[N+]1=C(/C=C/C=C/C=C2/N(Cc3ccsc3)c3ccccc3C2(C)C)C(C)(C)c2cc(Br)ccc21,-6.069754,-6.9837966,-5.821815,-6.2917885333333325
CCN1/C(=C/C=C/C=C/C2=[N+](CCCC[N+](CC)(CC)CC)c3ccc(I)cc3C2(C)C)C(C)(C)c2ccccc21,-6.1203523,-6.7782154,-5.6915584,-6.196708699999999
CCCCN1/C(=C/C=C/C=C/C2=[N+](CCCC[N+](CC)(CC)CC)c3ccc(I)cc3C2(C)C)C(C)(C)c2ccccc21,-6.1083083,-6.793318,-5.694305,-6.198643766666667
CC[N+](CC)(CC)CCCC[N+]1=C(/C=C/C=C/C=C2/N(CCCCN)c3ccccc3C2(C)C)C(C)(C)c2cc(I)ccc21,-5.9700465,-7.2919874,-6.06443,-6.442154633333334
CC[N+](CC)(CC)CCCC[N+]1=C(/C=C/C=C/C=C2/N(CCCCO)c3ccccc3C2(C)C)C(C)(C)c2cc(I)ccc21,-6.0912123,-6.991702,-5.768613,-6.283842433333334
CC[N+](CC)(CC)CCCCN1/C(=C/C=C/C=C/C2=[N+](CCCC[N+](CC)(CC)CC)c3ccc(I)cc3C2(C)C)C(C)(C)c2ccccc21,-6.299761,-7.5153203,-6.024759,-6.6132801
CC[N+](CC)(CC)CCCC[N+]1=C(/C=C/C=C/C=C2/N(CCCCS(=O)(=O)O)c3ccccc3C2(C)C)C(C)(C)c2cc(I)ccc21,-6.2669134,-7.5482025,-5.7129693,-6.509361733333333
CC[N+](CC)(CC)CCCC[N+]1=C(/C=C/C=C/C=C2/N(Cc3ccccc3)c3ccccc3C2(C)C)C(C)(C)c2cc(I)ccc21,-6.1164136,-6.8788414,-5.7269526,-6.240735866666667
CC[N+](CC)(CC)CCCC[N+]1=C(/C=C/C=C/C=C2/N(Cc3ccsc3)c3ccccc3C2(C)C)C(C)(C)c2cc(I)ccc21,-6.1085114,-6.830415,-5.717896,-6.2189407999999995
CCN1/C(=C/C=C/C=C/C2=[N+](CCCCS(=O)(=O)O)c3ccccc3C2(C)C)C(C)(C)c2ccccc21,-6.0706615,-7.0043225,-5.3994055,-6.158129833333334
CCCCN1/C(=C/C=C/C=C/C2=[N+](CCCCS(=O)(=O)O)c3ccccc3C2(C)C)C(C)(C)c2ccccc21,-6.054447,-7.01873,-5.4008837,-6.158020233333333
CC1(C)C(/C=C/C=C/C=C2/N(CCCCN)c3ccccc3C2(C)C)=[N+](CCCCS(=O)(=O)O)c2ccccc21,-5.92377,-7.511398,-5.761033,-6.398733666666668
CC1(C)C(/C=C/C=C/C=C2/N(CCCCO)c3ccccc3C2(C)C)=[N+](CCCCS(=O)(=O)O)c2ccccc21,-6.0157356,-7.2676616,-5.4800353,-6.2544775
CC[N+](CC)(CC)CCCCN1/C(=C/C=C/C=C/C2=[N+](CCCCS(=O)(=O)O)c3ccccc3C2(C)C)C(C)(C)c2ccccc21,-6.2632413,-7.6954107,-5.748271,-6.568974333333333
CC1(C)C(/C=C/C=C/C=C2/N(CCCCS(=O)(=O)O)c3ccccc3C2(C)C)=[N+](CCCCS(=O)(=O)O)c2ccccc21,-6.1196375,-7.8568087,-5.4196377,-6.4653613000000005
CC1(C)C(/C=C/C=C/C=C2/N(Cc3ccccc3)c3ccccc3C2(C)C)=[N+](CCCCS(=O)(=O)O)c2ccccc21,-6.0510216,-7.125682,-5.4370284,-6.204577333333333
CC1(C)C(/C=C/C=C/C=C2/N(Cc3ccsc3)c3ccccc3C2(C)C)=[N+](CCCCS(=O)(=O)O)c2ccccc21,-6.044903,-7.0682287,-5.42897,-6.180700566666666
CCN1/C(=C/C=C/C=C/C2=[N+](CCCCS(=O)(=O)O)c3ccc(Br)cc3C2(C)C)C(C)(C)c2ccccc21,-6.012995,-7.0371737,-5.478181,-6.176116566666667
CCCCN1/C(=C/C=C/C=C/C2=[N+](CCCCS(=O)(=O)O)c3ccc(Br)cc3C2(C)C)C(C)(C)c2ccccc21,-5.998,-7.0483584,-5.476998,-6.174452133333332
CC1(C)C(/C=C/C=C/C=C2/N(CCCCN)c3ccccc3C2(C)C)=[N+](CCCCS(=O)(=O)O)c2ccc(Br)cc21,-5.8681736,-7.524305,-5.851775,-6.4147512
CC1(C)C(/C=C/C=C/C=C2/N(CCCCO)c3ccccc3C2(C)C)=[N+](CCCCS(=O)(=O)O)c2ccc(Br)cc21,-5.962346,-7.298166,-5.571944,-6.277485333333334
CC[N+](CC)(CC)CCCCN1/C(=C/C=C/C=C/C2=[N+](CCCCS(=O)(=O)O)c3ccc(Br)cc3C2(C)C)C(C)(C)c2ccccc21,-6.2026916,-7.7545595,-5.8507533,-6.602668133333334
CC1(C)C(/C=C/C=C/C=C2/N(CCCCS(=O)(=O)O)c3ccccc3C2(C)C)=[N+](CCCCS(=O)(=O)O)c2ccc(Br)cc21,-6.0914636,-7.8507814,-5.509365,-6.48387
CC1(C)C(/C=C/C=C/C=C2/N(Cc3ccccc3)c3ccccc3C2(C)C)=[N+](CCCCS(=O)(=O)O)c2ccc(Br)cc21,-5.994705,-7.1532974,-5.5139904,-6.220664266666667
CC1(C)C(/C=C/C=C/C=C2/N(Cc3ccsc3)c3ccccc3C2(C)C)=[N+](CCCCS(=O)(=O)O)c2ccc(Br)cc21,-5.988871,-7.097829,-5.5066066,-6.197768866666666
CCN1/C(=C/C=C/C=C/C2=[N+](CCCCS(=O)(=O)O)c3ccc(I)cc3C2(C)C)C(C)(C)c2ccccc21,-6.0698404,-6.8762746,-5.377641,-6.1079186666666665
CCCCN1/C(=C/C=C/C=C/C2=[N+](CCCCS(=O)(=O)O)c3ccc(I)cc3C2(C)C)C(C)(C)c2ccccc21,-6.0514326,-6.8925257,-5.3801003,-6.108019533333334
CC1(C)C(/C=C/C=C/C=C2/N(CCCCN)c3ccccc3C2(C)C)=[N+](CCCCS(=O)(=O)O)c2ccc(I)cc21,-5.916256,-7.3790827,-5.735784,-6.343707566666666
CC1(C)C(/C=C/C=C/C=C2/N(CCCCO)c3ccccc3C2(C)C)=[N+](CCCCS(=O)(=O)O)c2ccc(I)cc21,-6.01015,-7.128593,-5.4553065,-6.1980165000000005
CC[N+](CC)(CC)CCCCN1/C(=C/C=C/C=C/C2=[N+](CCCCS(=O)(=O)O)c3ccc(I)cc3C2(C)C)C(C)(C)c2ccccc21,-6.2597084,-7.5770154,-5.724407,-6.520376933333334
CC1(C)C(/C=C/C=C/C=C2/N(CCCCS(=O)(=O)O)c3ccccc3C2(C)C)=[N+](CCCCS(=O)(=O)O)c2ccc(I)cc21,-6.1194067,-7.7221317,-5.4070277,-6.4161887
CC1(C)C(/C=C/C=C/C=C2/N(Cc3ccccc3)c3ccccc3C2(C)C)=[N+](CCCCS(=O)(=O)O)c2ccc(I)cc21,-6.046519,-6.99914,-5.4153757,-6.153678233333333
CC1(C)C(/C=C/C=C/C=C2/N(Cc3ccsc3)c3ccccc3C2(C)C)=[N+](CCCCS(=O)(=O)O)c2ccc(I)cc21,-6.04245,-6.942522,-5.407694,-6.130888666666666
CCN1/C(=C/C=C/C=C/C2=[N+](Cc3ccccc3)c3ccccc3C2(C)C)C(C)(C)c2ccccc21,-5.8671055,-6.3896112,-5.485893,-5.914203233333333
CCCCN1/C(=C/C=C/C=C/C2=[N+](Cc3ccccc3)c3ccccc3C2(C)C)C(C)(C)c2ccccc21,-5.8588057,-6.405514,-5.485483,-5.9166009
CC1(C)C(/C=C/C=C/C=C2/N(CCCCN)c3ccccc3C2(C)C)=[N+](Cc2ccccc2)c2ccccc21,-5.7564464,-6.8845468,-5.8097167,-6.150236633333333
CC1(C)C(/C=C/C=C/C=C2/N(CCCCO)c3ccccc3C2(C)C)=[N+](Cc2ccccc2)c2ccccc21,-5.829195,-6.608059,-5.546761,-5.994671666666666
CC[N+](CC)(CC)CCCCN1/C(=C/C=C/C=C/C2=[N+](Cc3ccccc3)c3ccccc3C2(C)C)C(C)(C)c2ccccc21,-6.1383777,-7.0804815,-5.7718983,-6.3302525
CC1(C)C(/C=C/C=C/C=C2/N(CCCCS(=O)(=O)O)c3ccccc3C2(C)C)=[N+](Cc2ccccc2)c2ccccc21,-6.0673895,-7.2384152,-5.4490237,-6.251609466666667
CC1(C)C(/C=C/C=C/C=C2/N(Cc3ccccc3)c3ccccc3C2(C)C)=[N+](Cc2ccccc2)c2ccccc21,-5.859428,-6.5132976,-5.5309916,-5.967905733333333
CC1(C)C(/C=C/C=C/C=C2/N(Cc3ccsc3)c3ccccc3C2(C)C)=[N+](Cc2ccccc2)c2ccccc21,-5.849922,-6.4549522,-5.521721,-5.9421984
CCN1/C(=C/C=C/C=C/C2=[N+](Cc3ccccc3)c3ccc(Br)cc3C2(C)C)C(C)(C)c2ccccc21,-5.8179336,-6.4407835,-5.5658603,-5.9415258
CCCCN1/C(=C/C=C/C=C/C2=[N+](Cc3ccccc3)c3ccc(Br)cc3C2(C)C)C(C)(C)c2ccccc21,-5.815386,-6.4511747,-5.5620346,-5.9428651
CC1(C)C(/C=C/C=C/C=C2/N(CCCCN)c3ccccc3C2(C)C)=[N+](Cc2ccccc2)c2ccc(Br)cc21,-5.700211,-6.942116,-5.905241,-6.182522666666667
CC1(C)C(/C=C/C=C/C=C2/N(CCCCO)c3ccccc3C2(C)C)=[N+](Cc2ccccc2)c2ccc(Br)cc21,-5.781186,-6.6651936,-5.6318617,-6.026080433333334
CC[N+](CC)(CC)CCCCN1/C(=C/C=C/C=C/C2=[N+](Cc3ccccc3)c3ccc(Br)cc3C2(C)C)C(C)(C)c2ccccc21,-6.0786624,-7.131519,-5.859218,-6.356466466666667
CC1(C)C(/C=C/C=C/C=C2/N(CCCCS(=O)(=O)O)c3ccccc3C2(C)C)=[N+](Cc2ccccc2)c2ccc(Br)cc21,-6.0111117,-7.261403,-5.5328255,-6.268446733333334
CC1(C)C(/C=C/C=C/C=C2/N(Cc3ccccc3)c3ccccc3C2(C)C)=[N+](Cc2ccccc2)c2ccc(Br)cc21,-5.811008,-6.555987,-5.6070013,-5.9913321
CC1(C)C(/C=C/C=C/C=C2/N(Cc3ccsc3)c3ccccc3C2(C)C)=[N+](Cc2ccccc2)c2ccc(Br)cc21,-5.7980924,-6.5032053,-5.600936,-5.967411233333333
CCN1/C(=C/C=C/C=C/C2=[N+](Cc3ccccc3)c3ccc(I)cc3C2(C)C)C(C)(C)c2ccccc21,-5.8498936,-6.2830343,-5.46882,-5.8672493
CCCCN1/C(=C/C=C/C=C/C2=[N+](Cc3ccccc3)c3ccc(I)cc3C2(C)C)C(C)(C)c2ccccc21,-5.8419642,-6.2991514,-5.4704385,-5.870518033333333
CC1(C)C(/C=C/C=C/C=C2/N(CCCCN)c3ccccc3C2(C)C)=[N+](Cc2ccccc2)c2ccc(I)cc21,-5.741397,-6.762801,-5.7898355,-6.098011166666666
CC1(C)C(/C=C/C=C/C=C2/N(CCCCO)c3ccccc3C2(C)C)=[N+](Cc2ccccc2)c2ccc(I)cc21,-5.818363,-6.494768,-5.530949,-5.948026666666666
CC[N+](CC)(CC)CCCCN1/C(=C/C=C/C=C/C2=[N+](Cc3ccccc3)c3ccc(I)cc3C2(C)C)C(C)(C)c2ccccc21,-6.1228566,-6.9754057,-5.751903,-6.283388433333333
CC1(C)C(/C=C/C=C/C=C2/N(CCCCS(=O)(=O)O)c3ccccc3C2(C)C)=[N+](Cc2ccccc2)c2ccc(I)cc21,-6.0608315,-7.096608,-5.4279175,-6.195118999999999
CC1(C)C(/C=C/C=C/C=C2/N(Cc3ccccc3)c3ccccc3C2(C)C)=[N+](Cc2ccccc2)c2ccc(I)cc21,-5.8480988,-6.404301,-5.5145807,-5.922326833333333
CC1(C)C(/C=C/C=C/C=C2/N(Cc3ccsc3)c3ccccc3C2(C)C)=[N+](Cc2ccccc2)c2ccc(I)cc21,-5.8342133,-6.3484597,-5.5049095,-5.895860833333334
CCN1/C(=C/C=C/C=C/C2=[N+](Cc3ccsc3)c3ccccc3C2(C)C)C(C)(C)c2ccccc21,-5.860002,-6.341385,-5.470871,-5.890752666666667
CCCCN1/C(=C/C=C/C=C/C2=[N+](Cc3ccsc3)c3ccccc3C2(C)C)C(C)(C)c2ccccc21,-5.851975,-6.35704,-5.471397,-5.8934706666666665
CC1(C)C(/C=C/C=C/C=C2/N(CCCCN)c3ccccc3C2(C)C)=[N+](Cc2ccsc2)c2ccccc21,-5.750788,-6.840646,-5.8004675,-6.1306338333333334
CC1(C)C(/C=C/C=C/C=C2/N(CCCCO)c3ccccc3C2(C)C)=[N+](Cc2ccsc2)c2ccccc21,-5.827166,-6.5619483,-5.5324497,-5.973854666666667
CC[N+](CC)(CC)CCCCN1/C(=C/C=C/C=C/C2=[N+](Cc3ccsc3)c3ccccc3C2(C)C)C(C)(C)c2ccccc21,-6.134773,-7.0388184,-5.7587852,-6.310792199999999
CC1(C)C(/C=C/C=C/C=C2/N(CCCCS(=O)(=O)O)c3ccccc3C2(C)C)=[N+](Cc2ccsc2)c2ccccc21,-6.0680933,-7.186602,-5.4368477,-6.230514333333333
CC1(C)C(/C=C/C=C/C=C2/N(Cc3ccccc3)c3ccccc3C2(C)C)=[N+](Cc2ccsc2)c2ccccc21,-5.8548865,-6.462465,-5.5155635,-5.944305
CC1(C)C(/C=C/C=C/C=C2/N(Cc3ccsc3)c3ccccc3C2(C)C)=[N+](Cc2ccsc2)c2ccccc21,-5.8420906,-6.4064207,-5.5069494,-5.9184869
CCN1/C(=C/C=C/C=C/C2=[N+](Cc3ccsc3)c3ccc(Br)cc3C2(C)C)C(C)(C)c2ccccc21,-5.8135033,-6.393152,-5.550678,-5.919111099999999
CCCCN1/C(=C/C=C/C=C/C2=[N+](Cc3ccsc3)c3ccc(Br)cc3C2(C)C)C(C)(C)c2ccccc21,-5.811127,-6.404292,-5.5467653,-5.920728100000001
CC1(C)C(/C=C/C=C/C=C2/N(CCCCN)c3ccccc3C2(C)C)=[N+](Cc2ccsc2)c2ccc(Br)cc21,-5.6958447,-6.8963423,-5.8935456,-6.161910866666666
CC1(C)C(/C=C/C=C/C=C2/N(CCCCO)c3ccccc3C2(C)C)=[N+](Cc2ccsc2)c2ccc(Br)cc21,-5.7766347,-6.619037,-5.6202455,-6.0053057333333335
CC[N+](CC)(CC)CCCCN1/C(=C/C=C/C=C/C2=[N+](Cc3ccsc3)c3ccc(Br)cc3C2(C)C)C(C)(C)c2ccccc21,-6.0789433,-7.0886803,-5.8427563,-6.336793299999999
CC1(C)C(/C=C/C=C/C=C2/N(CCCCS(=O)(=O)O)c3ccccc3C2(C)C)=[N+](Cc2ccsc2)c2ccc(Br)cc21,-6.0137577,-7.2171884,-5.5202994,-6.2504151666666665
CC1(C)C(/C=C/C=C/C=C2/N(Cc3ccccc3)c3ccccc3C2(C)C)=[N+](Cc2ccsc2)c2ccc(Br)cc21,-5.803898,-6.5102434,-5.5953307,-5.969824033333334
CC1(C)C(/C=C/C=C/C=C2/N(Cc3ccsc3)c3ccccc3C2(C)C)=[N+](Cc2ccsc2)c2ccc(Br)cc21,-5.791519,-6.4575644,-5.588347,-5.945810133333333
CCN1/C(=C/C=C/C=C/C2=[N+](Cc3ccsc3)c3ccc(I)cc3C2(C)C)C(C)(C)c2ccccc21,-5.842144,-6.2353497,-5.4541936,-5.843895766666667
CCCCN1/C(=C/C=C/C=C/C2=[N+](Cc3ccsc3)c3ccc(I)cc3C2(C)C)C(C)(C)c2ccccc21,-5.833946,-6.2516875,-5.4560356,-5.847223033333333
CC1(C)C(/C=C/C=C/C=C2/N(CCCCN)c3ccccc3C2(C)C)=[N+](Cc2ccsc2)c2ccc(I)cc21,-5.735206,-6.7209682,-5.779844,-6.078672733333334
CC1(C)C(/C=C/C=C/C=C2/N(CCCCO)c3ccccc3C2(C)C)=[N+](Cc2ccsc2)c2ccc(I)cc21,-5.8165894,-6.450764,-5.5163727,-5.927908700000001
CC[N+](CC)(CC)CCCCN1/C(=C/C=C/C=C/C2=[N+](Cc3ccsc3)c3ccc(I)cc3C2(C)C)C(C)(C)c2ccccc21,-6.1191187,-6.9354696,-5.738882,-6.2644901
CC1(C)C(/C=C/C=C/C=C2/N(CCCCS(=O)(=O)O)c3ccccc3C2(C)C)=[N+](Cc2ccsc2)c2ccc(I)cc21,-6.0632453,-7.0482836,-5.4143605,-6.1752964666666665
CC1(C)C(/C=C/C=C/C=C2/N(Cc3ccccc3)c3ccccc3C2(C)C)=[N+](Cc2ccsc2)c2ccc(I)cc21,-5.839747,-6.3551955,-5.4990344,-5.897992299999999
CC1(C)C(/C=C/C=C/C=C2/N(Cc3ccsc3)c3ccccc3C2(C)C)=[N+](Cc2ccsc2)c2ccc(I)cc21,-5.8258615,-6.299354,-5.4893637,-5.8715264000000005
CCN1/C(=C/C=C(Br)/C=C/C2=[N+](CC)c3ccccc3C2(C)C)C(C)(C)c2ccccc21,-5.8630347,-5.99254,-5.348721,-5.734765233333333
CCCCN1/C(=C/C=C(Br)/C=C/C2=[N+](CC)c3ccccc3C2(C)C)C(C)(C)c2ccccc21,-5.853439,-6.011153,-5.3534408,-5.7393442666666665
CC[N+]1=C(/C=C/C(Br)=C/C=C2/N(CCCCN)c3ccccc3C2(C)C)C(C)(C)c2ccccc21,-5.765011,-6.4163256,-5.625242,-5.935526200000001
CC[N+]1=C(/C=C/C(Br)=C/C=C2/N(CCCCO)c3ccccc3C2(C)C)C(C)(C)c2ccccc21,-5.832243,-6.1640716,-5.3987546,-5.7983564
CC[N+]1=C(/C=C/C(Br)=C/C=C2/N(CCCC[N+](CC)(CC)CC)c3ccccc3C2(C)C)C(C)(C)c2ccccc21,-6.1513314,-6.6067505,-5.585232,-6.114437966666667
CC[N+]1=C(/C=C/C(Br)=C/C=C2/N(CCCCS(=O)(=O)O)c3ccccc3C2(C)C)C(C)(C)c2ccccc21,-6.11636,-6.645355,-5.2955136,-6.019076200000001
CC[N+]1=C(/C=C/C(Br)=C/C=C2/N(Cc3ccccc3)c3ccccc3C2(C)C)C(C)(C)c2ccccc21,-5.856459,-6.10059,-5.388481,-5.781843333333334
CC[N+]1=C(/C=C/C(Br)=C/C=C2/N(Cc3ccsc3)c3ccccc3C2(C)C)C(C)(C)c2ccccc21,-5.84271,-6.0478287,-5.3801546,-5.756897766666667
CCN1/C(=C/C=C(Br)/C=C/C2=[N+](CC)c3ccc(Br)cc3C2(C)C)C(C)(C)c2ccccc21,-5.8234134,-6.0444913,-5.41686,-5.761588233333334
CCCCN1/C(=C/C=C(Br)/C=C/C2=[N+](CC)c3ccc(Br)cc3C2(C)C)C(C)(C)c2ccccc21,-5.8145604,-6.06085,-5.422328,-5.7659128
CC[N+]1=C(/C=C/C(Br)=C/C=C2/N(CCCCN)c3ccccc3C2(C)C)C(C)(C)c2cc(Br)ccc21,-5.7151804,-6.4629307,-5.696516,-5.9582090333333335
CC[N+]1=C(/C=C/C(Br)=C/C=C2/N(CCCCO)c3ccccc3C2(C)C)C(C)(C)c2cc(Br)ccc21,-5.7870717,-6.2152667,-5.4716687,-5.8246690333333335
CC[N+]1=C(/C=C/C(Br)=C/C=C2/N(CCCC[N+](CC)(CC)CC)c3ccccc3C2(C)C)C(C)(C)c2cc(Br)ccc21,-6.101587,-6.6536655,-5.6578693,-6.137707266666666
CC[N+]1=C(/C=C/C(Br)=C/C=C2/N(CCCCS(=O)(=O)O)c3ccccc3C2(C)C)C(C)(C)c2cc(Br)ccc21,-6.0641837,-6.6767454,-5.358661,-6.0331967
CC[N+]1=C(/C=C/C(Br)=C/C=C2/N(Cc3ccccc3)c3ccccc3C2(C)C)C(C)(C)c2cc(Br)ccc21,-5.817974,-6.149153,-5.45435,-5.807159000000001
CC[N+]1=C(/C=C/C(Br)=C/C=C2/N(Cc3ccsc3)c3ccccc3C2(C)C)C(C)(C)c2cc(Br)ccc21,-5.8059955,-6.0987797,-5.4460607,-5.783611966666666
CCN1/C(=C/C=C(Br)/C=C/C2=[N+](CC)c3ccc(I)cc3C2(C)C)C(C)(C)c2ccccc21,-5.849774,-5.90447,-5.3353753,-5.696539766666667
CCCCN1/C(=C/C=C(Br)/C=C/C2=[N+](CC)c3ccc(I)cc3C2(C)C)C(C)(C)c2ccccc21,-5.838828,-5.919979,-5.340946,-5.699917666666667
CC[N+]1=C(/C=C/C(Br)=C/C=C2/N(CCCCN)c3ccccc3C2(C)C)C(C)(C)c2cc(I)ccc21,-5.751961,-6.3242364,-5.608726,-5.894974466666667
CC[N+]1=C(/C=C/C(Br)=C/C=C2/N(CCCCO)c3ccccc3C2(C)C)C(C)(C)c2cc(I)ccc21,-5.8155107,-6.070034,-5.3860035,-5.757182733333334
CC[N+]1=C(/C=C/C(Br)=C/C=C2/N(CCCC[N+](CC)(CC)CC)c3ccccc3C2(C)C)C(C)(C)c2cc(I)ccc21,-6.138102,-6.5016427,-5.5651226,-6.0682891
CC[N+]1=C(/C=C/C(Br)=C/C=C2/N(CCCCS(=O)(=O)O)c3ccccc3C2(C)C)C(C)(C)c2cc(I)ccc21,-6.1037784,-6.5398197,-5.283475,-5.975691033333334
CC[N+]1=C(/C=C/C(Br)=C/C=C2/N(Cc3ccccc3)c3ccccc3C2(C)C)C(C)(C)c2cc(I)ccc21,-5.840244,-6.0057464,-5.375665,-5.7405517999999995
CC[N+]1=C(/C=C/C(Br)=C/C=C2/N(Cc3ccsc3)c3ccccc3C2(C)C)C(C)(C)c2cc(I)ccc21,-5.8277454,-5.9593587,-5.366026,-5.717710033333333
CCCC[N+]1=C(/C=C/C(Br)=C/C=C2/N(CC)c3ccccc3C2(C)C)C(C)(C)c2ccccc21,-5.840857,-6.0328274,-5.372208,-5.7486308
CCCCN1/C(=C/C=C(Br)/C=C/C2=[N+](CCCC)c3ccccc3C2(C)C)C(C)(C)c2ccccc21,-5.830406,-6.0527105,-5.378234,-5.7537835
CCCC[N+]1=C(/C=C/C(Br)=C/C=C2/N(CCCCN)c3ccccc3C2(C)C)C(C)(C)c2ccccc21,-5.7405925,-6.4463387,-5.6458473,-5.9442595
CCCC[N+]1=C(/C=C/C(Br)=C/C=C2/N(CCCCO)c3ccccc3C2(C)C)C(C)(C)c2ccccc21,-5.8074865,-6.205244,-5.4236326,-5.812121033333334
CCCC[N+]1=C(/C=C/C(Br)=C/C=C2/N(CCCC[N+](CC)(CC)CC)c3ccccc3C2(C)C)C(C)(C)c2ccccc21,-6.1247754,-6.6427093,-5.609817,-6.125767233333334
CCCC[N+]1=C(/C=C/C(Br)=C/C=C2/N(CCCCS(=O)(=O)O)c3ccccc3C2(C)C)C(C)(C)c2ccccc21,-6.0745,-6.6762533,-5.317513,-6.022755433333333
CCCC[N+]1=C(/C=C/C(Br)=C/C=C2/N(Cc3ccccc3)c3ccccc3C2(C)C)C(C)(C)c2ccccc21,-5.835105,-6.141327,-5.4121175,-5.796183166666666
CCCC[N+]1=C(/C=C/C(Br)=C/C=C2/N(Cc3ccsc3)c3ccccc3C2(C)C)C(C)(C)c2ccccc21,-5.821356,-6.088566,-5.4037914,-5.771237800000001
CCCC[N+]1=C(/C=C/C(Br)=C/C=C2/N(CC)c3ccccc3C2(C)C)C(C)(C)c2cc(Br)ccc21,-5.8012476,-6.08474,-5.4409394,-5.775642333333334
CCCCN1/C(=C/C=C(Br)/C=C/C2=[N+](CCCC)c3ccc(Br)cc3C2(C)C)C(C)(C)c2ccccc21,-5.791389,-6.1021905,-5.4472113,-5.7802636000000005
CCCC[N+]1=C(/C=C/C(Br)=C/C=C2/N(CCCCN)c3ccccc3C2(C)C)C(C)(C)c2cc(Br)ccc21,-5.692833,-6.49242,-5.7158623,-5.967038433333333
CCCC[N+]1=C(/C=C/C(Br)=C/C=C2/N(CCCCO)c3ccccc3C2(C)C)C(C)(C)c2cc(Br)ccc21,-5.764697,-6.250843,-5.4930086,-5.8361828666666655
CCCC[N+]1=C(/C=C/C(Br)=C/C=C2/N(CCCC[N+](CC)(CC)CC)c3ccccc3C2(C)C)C(C)(C)c2cc(Br)ccc21,-6.0737295,-6.695878,-5.683441,-6.151016166666667
CCCC[N+]1=C(/C=C/C(Br)=C/C=C2/N(CCCCS(=O)(=O)O)c3ccccc3C2(C)C)C(C)(C)c2cc(Br)ccc21,-6.024182,-6.705763,-5.377809,-6.035918
CCCC[N+]1=C(/C=C/C(Br)=C/C=C2/N(Cc3ccccc3)c3ccccc3C2(C)C)C(C)(C)c2cc(Br)ccc21,-5.7960467,-6.186821,-5.477091,-5.819986233333334
CCCC[N+]1=C(/C=C/C(Br)=C/C=C2/N(Cc3ccsc3)c3ccccc3C2(C)C)C(C)(C)c2cc(Br)ccc21,-5.78448,-6.1394854,-5.469625,-5.797863466666667
CCCC[N+]1=C(/C=C/C(Br)=C/C=C2/N(CC)c3ccccc3C2(C)C)C(C)(C)c2cc(I)ccc21,-5.8253937,-5.942153,-5.358582,-5.708709566666667
CCCCN1/C(=C/C=C(Br)/C=C/C2=[N+](CCCC)c3ccc(I)cc3C2(C)C)C(C)(C)c2ccccc21,-5.8144183,-5.96057,-5.365522,-5.713503433333334
CCCC[N+]1=C(/C=C/C(Br)=C/C=C2/N(CCCCN)c3ccccc3C2(C)C)C(C)(C)c2cc(I)ccc21,-5.726113,-6.3564754,-5.630314,-5.904300799999999
CCCC[N+]1=C(/C=C/C(Br)=C/C=C2/N(CCCCO)c3ccccc3C2(C)C)C(C)(C)c2cc(I)ccc21,-5.791668,-6.112376,-5.410035,-5.771359666666666
CCCC[N+]1=C(/C=C/C(Br)=C/C=C2/N(CCCC[N+](CC)(CC)CC)c3ccccc3C2(C)C)C(C)(C)c2cc(I)ccc21,-6.11191,-6.542127,-5.5897875,-6.081274833333333
CCCC[N+]1=C(/C=C/C(Br)=C/C=C2/N(CCCCS(=O)(=O)O)c3ccccc3C2(C)C)C(C)(C)c2cc(I)ccc21,-6.0611796,-6.5736403,-5.3056865,-5.9801688
CCCC[N+]1=C(/C=C/C(Br)=C/C=C2/N(Cc3ccccc3)c3ccccc3C2(C)C)C(C)(C)c2cc(I)ccc21,-5.819365,-6.0484843,-5.3989477,-5.755599
CCCC[N+]1=C(/C=C/C(Br)=C/C=C2/N(Cc3ccsc3)c3ccccc3C2(C)C)C(C)(C)c2cc(I)ccc21,-5.8063354,-5.9993606,-5.3906074,-5.732101133333334
CCN1/C(=C/C=C(Br)/C=C/C2=[N+](CCCCN)c3ccccc3C2(C)C)C(C)(C)c2ccccc21,-5.748649,-6.459588,-5.6608005,-5.956345833333334
CCCCN1/C(=C/C=C(Br)/C=C/C2=[N+](CCCCN)c3ccccc3C2(C)C)C(C)(C)c2ccccc21,-5.7387123,-6.470854,-5.6634088,-5.957658366666667
CC1(C)C(/C=C/C(Br)=C/C=C2/N(CCCCN)c3ccccc3C2(C)C)=[N+](CCCCN)c2ccccc21,-5.639468,-6.9173107,-5.9846706,-6.1804831
CC1(C)C(/C=C/C(Br)=C/C=C2/N(CCCCO)c3ccccc3C2(C)C)=[N+](CCCCN)c2ccccc21,-5.7133594,-6.645448,-5.7251196,-6.027975666666666
CC[N+](CC)(CC)CCCCN1/C(=C/C=C(Br)/C=C/C2=[N+](CCCCN)c3ccccc3C2(C)C)C(C)(C)c2ccccc21,-5.994128,-7.1425533,-5.9679103,-6.3681972
CC1(C)C(/C=C/C(Br)=C/C=C2/N(CCCCS(=O)(=O)O)c3ccccc3C2(C)C)=[N+](CCCCN)c2ccccc21,-5.9318023,-7.1091304,-5.6103005,-6.217077733333333
CC1(C)C(/C=C/C(Br)=C/C=C2/N(Cc3ccccc3)c3ccccc3C2(C)C)=[N+](CCCCN)c2ccccc21,-5.740782,-6.5459886,-5.687917,-5.991562533333333
CC1(C)C(/C=C/C(Br)=C/C=C2/N(Cc3ccsc3)c3ccccc3C2(C)C)=[N+](CCCCN)c2ccccc21,-5.726864,-6.50268,-5.6835012,-5.971015066666666
CCN1/C(=C/C=C(Br)/C=C/C2=[N+](CCCCN)c3ccc(Br)cc3C2(C)C)C(C)(C)c2ccccc21,-5.6976795,-6.511361,-5.7316055,-5.980215333333334
CCCCN1/C(=C/C=C(Br)/C=C/C2=[N+](CCCCN)c3ccc(Br)cc3C2(C)C)C(C)(C)c2ccccc21,-5.6916213,-6.520044,-5.7342825,-5.981982599999999
CC1(C)C(/C=C/C(Br)=C/C=C2/N(CCCCN)c3ccccc3C2(C)C)=[N+](CCCCN)c2ccc(Br)cc21,-5.607134,-6.9677258,-6.0549927,-6.209950833333333
CC1(C)C(/C=C/C(Br)=C/C=C2/N(CCCCO)c3ccccc3C2(C)C)=[N+](CCCCN)c2ccc(Br)cc21,-5.6558647,-6.6887064,-5.806624,-6.050398366666666
CC[N+](CC)(CC)CCCCN1/C(=C/C=C(Br)/C=C/C2=[N+](CCCCN)c3ccc(Br)cc3C2(C)C)C(C)(C)c2ccccc21,-5.930692,-7.205633,-6.0529823,-6.3964357666666665
CC1(C)C(/C=C/C(Br)=C/C=C2/N(CCCCS(=O)(=O)O)c3ccccc3C2(C)C)=[N+](CCCCN)c2ccc(Br)cc21,-5.870687,-7.132881,-5.6891313,-6.230899766666667
CC1(C)C(/C=C/C(Br)=C/C=C2/N(Cc3ccccc3)c3ccccc3C2(C)C)=[N+](CCCCN)c2ccc(Br)cc21,-5.687917,-6.5933876,-5.7618833,-6.014395966666666
CC1(C)C(/C=C/C(Br)=C/C=C2/N(Cc3ccsc3)c3ccccc3C2(C)C)=[N+](CCCCN)c2ccc(Br)cc21,-5.6761484,-6.54865,-5.7521524,-5.992316933333334
CCN1/C(=C/C=C(Br)/C=C/C2=[N+](CCCCN)c3ccc(I)cc3C2(C)C)C(C)(C)c2ccccc21,-5.735336,-6.372023,-5.645158,-5.917505666666667
CCCCN1/C(=C/C=C(Br)/C=C/C2=[N+](CCCCN)c3ccc(I)cc3C2(C)C)C(C)(C)c2ccccc21,-5.7243114,-6.3830786,-5.6480727,-5.918487566666667
CC1(C)C(/C=C/C(Br)=C/C=C2/N(CCCCN)c3ccccc3C2(C)C)=[N+](CCCCN)c2ccc(I)cc21,-5.624907,-6.817792,-5.9518156,-6.131504866666667
CC1(C)C(/C=C/C(Br)=C/C=C2/N(CCCCO)c3ccccc3C2(C)C)=[N+](CCCCN)c2ccc(I)cc21,-5.6962733,-6.546139,-5.708292,-5.983568099999999
CC[N+](CC)(CC)CCCCN1/C(=C/C=C(Br)/C=C/C2=[N+](CCCCN)c3ccc(I)cc3C2(C)C)C(C)(C)c2ccccc21,-5.9877486,-7.0356455,-5.940051,-6.321148366666667
CC1(C)C(/C=C/C(Br)=C/C=C2/N(CCCCS(=O)(=O)O)c3ccccc3C2(C)C)=[N+](CCCCN)c2ccc(I)cc21,-5.923981,-7.0050745,-5.591941,-6.173665500000001
CC1(C)C(/C=C/C(Br)=C/C=C2/N(Cc3ccccc3)c3ccccc3C2(C)C)=[N+](CCCCN)c2ccc(I)cc21,-5.7266335,-6.458216,-5.6736817,-5.952843733333334
CC1(C)C(/C=C/C(Br)=C/C=C2/N(Cc3ccsc3)c3ccccc3C2(C)C)=[N+](CCCCN)c2ccc(I)cc21,-5.712713,-6.417961,-5.6690445,-5.933239499999999
CCN1/C(=C/C=C(Br)/C=C/C2=[N+](CCCCO)c3ccccc3C2(C)C)C(C)(C)c2ccccc21,-5.824444,-6.1540914,-5.40498,-5.794505133333334
CCCCN1/C(=C/C=C(Br)/C=C/C2=[N+](CCCCO)c3ccccc3C2(C)C)C(C)(C)c2ccccc21,-5.8147526,-6.173687,-5.4103713,-5.799603633333334
CC1(C)C(/C=C/C(Br)=C/C=C2/N(CCCCN)c3ccccc3C2(C)C)=[N+](CCCCO)c2ccccc21,-5.721857,-6.587854,-5.692577,-6.000762666666667
CC1(C)C(/C=C/C(Br)=C/C=C2/N(CCCCO)c3ccccc3C2(C)C)=[N+](CCCCO)c2ccccc21,-5.792987,-6.3447194,-5.457687,-5.865131133333333
CC[N+](CC)(CC)CCCCN1/C(=C/C=C(Br)/C=C/C2=[N+](CCCCO)c3ccccc3C2(C)C)C(C)(C)c2ccccc21,-6.1016593,-6.8096795,-5.666584,-6.192640933333333
CC1(C)C(/C=C/C(Br)=C/C=C2/N(CCCCS(=O)(=O)O)c3ccccc3C2(C)C)=[N+](CCCCO)c2ccccc21,-6.0418944,-6.839978,-5.356133,-6.079335133333333
CC1(C)C(/C=C/C(Br)=C/C=C2/N(Cc3ccccc3)c3ccccc3C2(C)C)=[N+](CCCCO)c2ccccc21,-5.8152456,-6.26283,-5.443842,-5.840639200000001
CC1(C)C(/C=C/C(Br)=C/C=C2/N(Cc3ccsc3)c3ccccc3C2(C)C)=[N+](CCCCO)c2ccccc21,-5.8012805,-6.2088904,-5.435615,-5.815261966666665
CCN1/C(=C/C=C(Br)/C=C/C2=[N+](CCCCO)c3ccc(Br)cc3C2(C)C)C(C)(C)c2ccccc21,-5.778724,-6.206522,-5.4777336,-5.8209932
CCCCN1/C(=C/C=C(Br)/C=C/C2=[N+](CCCCO)c3ccc(Br)cc3C2(C)C)C(C)(C)c2ccccc21,-5.7728777,-6.2194734,-5.4791465,-5.823832533333333
CC1(C)C(/C=C/C(Br)=C/C=C2/N(CCCCN)c3ccccc3C2(C)C)=[N+](CCCCO)c2ccc(Br)cc21,-5.665295,-6.6315775,-5.7745066,-6.023793033333333
CC1(C)C(/C=C/C(Br)=C/C=C2/N(CCCCO)c3ccccc3C2(C)C)=[N+](CCCCO)c2ccc(Br)cc21,-5.748533,-6.3938446,-5.537271,-5.8932162
CC[N+](CC)(CC)CCCCN1/C(=C/C=C(Br)/C=C/C2=[N+](CCCCO)c3ccc(Br)cc3C2(C)C)C(C)(C)c2ccccc21,-6.0514746,-6.8649,-5.750549,-6.222307866666667
CC1(C)C(/C=C/C(Br)=C/C=C2/N(CCCCS(=O)(=O)O)c3ccccc3C2(C)C)=[N+](CCCCO)c2ccc(Br)cc21,-5.9799347,-6.8722286,-5.4247723,-6.092311866666667
CC1(C)C(/C=C/C(Br)=C/C=C2/N(Cc3ccccc3)c3ccccc3C2(C)C)=[N+](CCCCO)c2ccc(Br)cc21,-5.7702947,-6.3073983,-5.513575,-5.8637559999999995
CC1(C)C(/C=C/C(Br)=C/C=C2/N(Cc3ccsc3)c3ccccc3C2(C)C)=[N+](CCCCO)c2ccc(Br)cc21,-5.756401,-6.260892,-5.5088053,-5.842032766666667
CCN1/C(=C/C=C(Br)/C=C/C2=[N+](CCCCO)c3ccc(I)cc3C2(C)C)C(C)(C)c2ccccc21,-5.808436,-6.0627294,-5.3920617,-5.754409033333334
CCCCN1/C(=C/C=C(Br)/C=C/C2=[N+](CCCCO)c3ccc(I)cc3C2(C)C)C(C)(C)c2ccccc21,-5.7986565,-6.081979,-5.3972235,-5.759286333333333
CC1(C)C(/C=C/C(Br)=C/C=C2/N(CCCCN)c3ccccc3C2(C)C)=[N+](CCCCO)c2ccc(I)cc21,-5.705489,-6.490959,-5.677996,-5.958148
CC1(C)C(/C=C/C(Br)=C/C=C2/N(CCCCO)c3ccccc3C2(C)C)=[N+](CCCCO)c2ccc(I)cc21,-5.780864,-6.2459927,-5.4445367,-5.8237978
CC[N+](CC)(CC)CCCCN1/C(=C/C=C(Br)/C=C/C2=[N+](CCCCO)c3ccc(I)cc3C2(C)C)C(C)(C)c2ccccc21,-6.088258,-6.705796,-5.6461763,-6.1467434333333335
CC1(C)C(/C=C/C(Br)=C/C=C2/N(CCCCS(=O)(=O)O)c3ccccc3C2(C)C)=[N+](CCCCO)c2ccc(I)cc21,-6.0310936,-6.7310567,-5.342022,-6.034724100000001
CC1(C)C(/C=C/C(Br)=C/C=C2/N(Cc3ccccc3)c3ccccc3C2(C)C)=[N+](CCCCO)c2ccc(I)cc21,-5.8003063,-6.1677084,-5.429425,-5.799146566666667
CC1(C)C(/C=C/C(Br)=C/C=C2/N(Cc3ccsc3)c3ccccc3C2(C)C)=[N+](CCCCO)c2ccc(I)cc21,-5.7876754,-6.114926,-5.420992,-5.774531133333333
CCN1/C(=C/C=C(Br)/C=C/C2=[N+](CCCC[N+](CC)(CC)CC)c3ccccc3C2(C)C)C(C)(C)c2ccccc21,-6.14388,-6.6132727,-5.5992646,-6.118805766666665
CCCCN1/C(=C/C=C(Br)/C=C/C2=[N+](CCCC[N+](CC)(CC)CC)c3ccccc3C2(C)C)C(C)(C)c2ccccc21,-6.1275616,-6.6348424,-5.6089425,-6.123782166666667
CC[N+](CC)(CC)CCCC[N+]1=C(/C=C/C(Br)=C/C=C2/N(CCCCN)c3ccccc3C2(C)C)C(C)(C)c2ccccc21,-6.0044255,-7.100874,-5.9434495,-6.349583
CC[N+](CC)(CC)CCCC[N+]1=C(/C=C/C(Br)=C/C=C2/N(CCCCO)c3ccccc3C2(C)C)C(C)(C)c2ccccc21,-6.101433,-6.8307595,-5.677643,-6.2032785
CC[N+](CC)(CC)CCCCN1/C(=C/C=C(Br)/C=C/C2=[N+](CCCC[N+](CC)(CC)CC)c3ccccc3C2(C)C)C(C)(C)c2ccccc21,-6.3259783,-7.3423204,-5.928521,-6.532273233333334
CC[N+](CC)(CC)CCCC[N+]1=C(/C=C/C(Br)=C/C=C2/N(CCCCS(=O)(=O)O)c3ccccc3C2(C)C)C(C)(C)c2ccccc21,-6.312906,-7.3612194,-5.602458,-6.4255278
CC[N+](CC)(CC)CCCC[N+]1=C(/C=C/C(Br)=C/C=C2/N(Cc3ccccc3)c3ccccc3C2(C)C)C(C)(C)c2ccccc21,-6.13287,-6.716328,-5.636618,-6.161938666666667
CC[N+](CC)(CC)CCCC[N+]1=C(/C=C/C(Br)=C/C=C2/N(Cc3ccsc3)c3ccccc3C2(C)C)C(C)(C)c2ccccc21,-6.125459,-6.6656027,-5.628357,-6.139806233333334
CCN1/C(=C/C=C(Br)/C=C/C2=[N+](CCCC[N+](CC)(CC)CC)c3ccc(Br)cc3C2(C)C)C(C)(C)c2ccccc21,-6.0929384,-6.666568,-5.6735587,-6.144355033333333
CCCCN1/C(=C/C=C(Br)/C=C/C2=[N+](CCCC[N+](CC)(CC)CC)c3ccc(Br)cc3C2(C)C)C(C)(C)c2ccccc21,-6.076307,-6.6886306,-5.682934,-6.149290533333333
CC[N+](CC)(CC)CCCC[N+]1=C(/C=C/C(Br)=C/C=C2/N(CCCCN)c3ccccc3C2(C)C)C(C)(C)c2cc(Br)ccc21,-5.9421024,-7.1621747,-6.0273867,-6.377221266666666
CC[N+](CC)(CC)CCCC[N+]1=C(/C=C/C(Br)=C/C=C2/N(CCCCO)c3ccccc3C2(C)C)C(C)(C)c2cc(Br)ccc21,-6.0498753,-6.8868413,-5.7627034,-6.23314
CC[N+](CC)(CC)CCCCN1/C(=C/C=C(Br)/C=C/C2=[N+](CCCC[N+](CC)(CC)CC)c3ccc(Br)cc3C2(C)C)C(C)(C)c2ccccc21,-6.2653437,-7.3996563,-6.007378,-6.557459333333333
CC[N+](CC)(CC)CCCC[N+]1=C(/C=C/C(Br)=C/C=C2/N(CCCCS(=O)(=O)O)c3ccccc3C2(C)C)C(C)(C)c2cc(Br)ccc21,-6.2480464,-7.3968105,-5.6882963,-6.444384400000001
CC[N+](CC)(CC)CCCC[N+]1=C(/C=C/C(Br)=C/C=C2/N(Cc3ccccc3)c3ccccc3C2(C)C)C(C)(C)c2cc(Br)ccc21,-6.081097,-6.764282,-5.7102084,-6.1851958
CC[N+](CC)(CC)CCCC[N+]1=C(/C=C/C(Br)=C/C=C2/N(Cc3ccsc3)c3ccccc3C2(C)C)C(C)(C)c2cc(Br)ccc21,-6.073627,-6.715353,-5.701367,-6.163449
CCN1/C(=C/C=C(Br)/C=C/C2=[N+](CCCC[N+](CC)(CC)CC)c3ccc(I)cc3C2(C)C)C(C)(C)c2ccccc21,-6.130862,-6.5130286,-5.579623,-6.074504533333332
CCCCN1/C(=C/C=C(Br)/C=C/C2=[N+](CCCC[N+](CC)(CC)CC)c3ccc(I)cc3C2(C)C)C(C)(C)c2ccccc21,-6.1146383,-6.5346756,-5.5890317,-6.079448533333333
CC[N+](CC)(CC)CCCC[N+]1=C(/C=C/C(Br)=C/C=C2/N(CCCCN)c3ccccc3C2(C)C)C(C)(C)c2cc(I)ccc21,-5.996989,-6.995257,-5.915974,-6.30274
CC[N+](CC)(CC)CCCC[N+]1=C(/C=C/C(Br)=C/C=C2/N(CCCCO)c3ccccc3C2(C)C)C(C)(C)c2cc(I)ccc21,-6.086995,-6.726302,-5.6566634,-6.156653466666666
CC[N+](CC)(CC)CCCCN1/C(=C/C=C(Br)/C=C/C2=[N+](CCCC[N+](CC)(CC)CC)c3ccc(I)cc3C2(C)C)C(C)(C)c2ccccc21,-6.3217535,-7.2390504,-5.902161,-6.487654966666667
CC[N+](CC)(CC)CCCC[N+]1=C(/C=C/C(Br)=C/C=C2/N(CCCCS(=O)(=O)O)c3ccccc3C2(C)C)C(C)(C)c2cc(I)ccc21,-6.3100305,-7.2471128,-5.580666,-6.379269766666667
CC[N+](CC)(CC)CCCC[N+]1=C(/C=C/C(Br)=C/C=C2/N(Cc3ccccc3)c3ccccc3C2(C)C)C(C)(C)c2cc(I)ccc21,-6.120741,-6.612884,-5.616084,-6.116569666666667
CC[N+](CC)(CC)CCCC[N+]1=C(/C=C/C(Br)=C/C=C2/N(Cc3ccsc3)c3ccccc3C2(C)C)C(C)(C)c2cc(I)ccc21,-6.1131916,-6.5670867,-5.608436,-6.096238100000001
CCN1/C(=C/C=C(Br)/C=C/C2=[N+](CCCCS(=O)(=O)O)c3ccccc3C2(C)C)C(C)(C)c2ccccc21,-6.0972986,-6.676999,-5.316969,-6.0304222
CCCCN1/C(=C/C=C(Br)/C=C/C2=[N+](CCCCS(=O)(=O)O)c3ccccc3C2(C)C)C(C)(C)c2ccccc21,-6.0731373,-6.695293,-5.3231072,-6.0305125
CC1(C)C(/C=C/C(Br)=C/C=C2/N(CCCCN)c3ccccc3C2(C)C)=[N+](CCCCS(=O)(=O)O)c2ccccc21,-5.9337153,-7.1002855,-5.5996532,-6.211218
CC1(C)C(/C=C/C(Br)=C/C=C2/N(CCCCO)c3ccccc3C2(C)C)=[N+](CCCCS(=O)(=O)O)c2ccccc21,-6.0308757,-6.893858,-5.374672,-6.0998019
CC[N+](CC)(CC)CCCCN1/C(=C/C=C(Br)/C=C/C2=[N+](CCCCS(=O)(=O)O)c3ccccc3C2(C)C)C(C)(C)c2ccccc21,-6.304879,-7.389576,-5.6136475,-6.4360341666666665
CC1(C)C(/C=C/C(Br)=C/C=C2/N(CCCCS(=O)(=O)O)c3ccccc3C2(C)C)=[N+](CCCCS(=O)(=O)O)c2ccccc21,-6.1368995,-7.4315023,-5.330428,-6.2996099333333335
CC1(C)C(/C=C/C(Br)=C/C=C2/N(Cc3ccccc3)c3ccccc3C2(C)C)=[N+](CCCCS(=O)(=O)O)c2ccccc21,-6.0779943,-6.7796,-5.3493433,-6.0689792
CC1(C)C(/C=C/C(Br)=C/C=C2/N(Cc3ccsc3)c3ccccc3C2(C)C)=[N+](CCCCS(=O)(=O)O)c2ccccc21,-6.0738463,-6.730917,-5.342523,-6.049095433333332
CCN1/C(=C/C=C(Br)/C=C/C2=[N+](CCCCS(=O)(=O)O)c3ccc(Br)cc3C2(C)C)C(C)(C)c2ccccc21,-6.0469384,-6.7118683,-5.3797693,-6.0461920000000005
CCCCN1/C(=C/C=C(Br)/C=C/C2=[N+](CCCCS(=O)(=O)O)c3ccc(Br)cc3C2(C)C)C(C)(C)c2ccccc21,-6.022617,-6.7249804,-5.383494,-6.043697133333333
CC1(C)C(/C=C/C(Br)=C/C=C2/N(CCCCN)c3ccccc3C2(C)C)=[N+](CCCCS(=O)(=O)O)c2ccc(Br)cc21,-5.8730187,-7.127182,-5.6792383,-6.226479666666667
CC1(C)C(/C=C/C(Br)=C/C=C2/N(CCCCO)c3ccccc3C2(C)C)=[N+](CCCCS(=O)(=O)O)c2ccc(Br)cc21,-5.968584,-6.925102,-5.4455004,-6.113062133333333
CC[N+](CC)(CC)CCCCN1/C(=C/C=C(Br)/C=C/C2=[N+](CCCCS(=O)(=O)O)c3ccc(Br)cc3C2(C)C)C(C)(C)c2ccccc21,-6.240486,-7.4292207,-5.702074,-6.457260233333333
CC1(C)C(/C=C/C(Br)=C/C=C2/N(CCCCS(=O)(=O)O)c3ccccc3C2(C)C)=[N+](CCCCS(=O)(=O)O)c2ccc(Br)cc21,-6.0988154,-7.444986,-5.396593,-6.313464799999999
CC1(C)C(/C=C/C(Br)=C/C=C2/N(Cc3ccccc3)c3ccccc3C2(C)C)=[N+](CCCCS(=O)(=O)O)c2ccc(Br)cc21,-6.025347,-6.804493,-5.4095845,-6.079808166666667
CC1(C)C(/C=C/C(Br)=C/C=C2/N(Cc3ccsc3)c3ccccc3C2(C)C)=[N+](CCCCS(=O)(=O)O)c2ccc(Br)cc21,-6.023035,-6.764011,-5.404277,-6.063774333333334
CCN1/C(=C/C=C(Br)/C=C/C2=[N+](CCCCS(=O)(=O)O)c3ccc(I)cc3C2(C)C)C(C)(C)c2ccccc21,-6.08634,-6.575858,-5.3048005,-5.988999499999999
CCCCN1/C(=C/C=C(Br)/C=C/C2=[N+](CCCCS(=O)(=O)O)c3ccc(I)cc3C2(C)C)C(C)(C)c2ccccc21,-6.0613365,-6.5919466,-5.3103414,-5.987874833333334
CC1(C)C(/C=C/C(Br)=C/C=C2/N(CCCCN)c3ccccc3C2(C)C)=[N+](CCCCS(=O)(=O)O)c2ccc(I)cc21,-5.92612,-6.997509,-5.5814238,-6.1683509333333335
CC1(C)C(/C=C/C(Br)=C/C=C2/N(CCCCO)c3ccccc3C2(C)C)=[N+](CCCCS(=O)(=O)O)c2ccc(I)cc21,-6.0251203,-6.781879,-5.3578997,-6.054966333333334
CC[N+](CC)(CC)CCCCN1/C(=C/C=C(Br)/C=C/C2=[N+](CCCCS(=O)(=O)O)c3ccc(I)cc3C2(C)C)C(C)(C)c2ccccc21,-6.302843,-7.27488,-5.5924892,-6.390070733333332
CC1(C)C(/C=C/C(Br)=C/C=C2/N(CCCCS(=O)(=O)O)c3ccccc3C2(C)C)=[N+](CCCCS(=O)(=O)O)c2ccc(I)cc21,-6.1414137,-7.317529,-5.316432,-6.258458233333333
CC1(C)C(/C=C/C(Br)=C/C=C2/N(Cc3ccccc3)c3ccccc3C2(C)C)=[N+](CCCCS(=O)(=O)O)c2ccc(I)cc21,-6.069578,-6.670337,-5.3352714,-6.025062133333333
CC1(C)C(/C=C/C(Br)=C/C=C2/N(Cc3ccsc3)c3ccccc3C2(C)C)=[N+](CCCCS(=O)(=O)O)c2ccc(I)cc21,-6.0635576,-6.627808,-5.3298435,-6.0070697
CCN1/C(=C/C=C(Br)/C=C/C2=[N+](Cc3ccccc3)c3ccccc3C2(C)C)C(C)(C)c2ccccc21,-5.8611255,-6.169191,-5.4098907,-5.8134024
CCCCN1/C(=C/C=C(Br)/C=C/C2=[N+](Cc3ccccc3)c3ccccc3C2(C)C)C(C)(C)c2ccccc21,-5.8531995,-6.187221,-5.4140315,-5.818150666666667
CC1(C)C(/C=C/C(Br)=C/C=C2/N(CCCCN)c3ccccc3C2(C)C)=[N+](Cc2ccccc2)c2ccccc21,-5.7646084,-6.5933185,-5.6850977,-6.014341533333333
CC1(C)C(/C=C/C(Br)=C/C=C2/N(CCCCO)c3ccccc3C2(C)C)=[N+](Cc2ccccc2)c2ccccc21,-5.828938,-6.353974,-5.463262,-5.882058000000001
CC[N+](CC)(CC)CCCCN1/C(=C/C=C(Br)/C=C/C2=[N+](Cc3ccccc3)c3ccccc3C2(C)C)C(C)(C)c2ccccc21,-6.139821,-6.811809,-5.6615644,-6.204398133333334
CC1(C)C(/C=C/C(Br)=C/C=C2/N(CCCCS(=O)(=O)O)c3ccccc3C2(C)C)=[N+](Cc2ccccc2)c2ccccc21,-6.1063457,-6.8649087,-5.350903,-6.107385799999999
CC1(C)C(/C=C/C(Br)=C/C=C2/N(Cc3ccccc3)c3ccccc3C2(C)C)=[N+](Cc2ccccc2)c2ccccc21,-5.856028,-6.2792983,-5.4497786,-5.8617016333333325
CC1(C)C(/C=C/C(Br)=C/C=C2/N(Cc3ccsc3)c3ccccc3C2(C)C)=[N+](Cc2ccccc2)c2ccccc21,-5.841502,-6.223939,-5.441632,-5.835691
CCN1/C(=C/C=C(Br)/C=C/C2=[N+](Cc3ccccc3)c3ccc(Br)cc3C2(C)C)C(C)(C)c2ccccc21,-5.82115,-6.221647,-5.480083,-5.84096
CCCCN1/C(=C/C=C(Br)/C=C/C2=[N+](Cc3ccccc3)c3ccc(Br)cc3C2(C)C)C(C)(C)c2ccccc21,-5.8146744,-6.239444,-5.483731,-5.8459498
CC1(C)C(/C=C/C(Br)=C/C=C2/N(CCCCN)c3ccccc3C2(C)C)=[N+](Cc2ccccc2)c2ccc(Br)cc21,-5.707305,-6.637207,-5.765067,-6.036526333333334
CC1(C)C(/C=C/C(Br)=C/C=C2/N(CCCCO)c3ccccc3C2(C)C)=[N+](Cc2ccccc2)c2ccc(Br)cc21,-5.779778,-6.4011154,-5.539007,-5.906633466666666
CC[N+](CC)(CC)CCCCN1/C(=C/C=C(Br)/C=C/C2=[N+](Cc3ccccc3)c3ccc(Br)cc3C2(C)C)C(C)(C)c2ccccc21,-6.0910096,-6.8572187,-5.7365384,-6.228255566666667
CC1(C)C(/C=C/C(Br)=C/C=C2/N(CCCCS(=O)(=O)O)c3ccccc3C2(C)C)=[N+](Cc2ccccc2)c2ccc(Br)cc21,-6.0497756,-6.884263,-5.414088,-6.1160422
CC1(C)C(/C=C/C(Br)=C/C=C2/N(Cc3ccccc3)c3ccccc3C2(C)C)=[N+](Cc2ccccc2)c2ccc(Br)cc21,-5.815524,-6.330206,-5.5185747,-5.888101566666667
CC1(C)C(/C=C/C(Br)=C/C=C2/N(Cc3ccsc3)c3ccccc3C2(C)C)=[N+](Cc2ccccc2)c2ccc(Br)cc21,-5.8015456,-6.280378,-5.512525,-5.8648162
CCN1/C(=C/C=C(Br)/C=C/C2=[N+](Cc3ccccc3)c3ccc(I)cc3C2(C)C)C(C)(C)c2ccccc21,-5.844146,-6.0759816,-5.398343,-5.772823533333334
CCCCN1/C(=C/C=C(Br)/C=C/C2=[N+](Cc3ccccc3)c3ccc(I)cc3C2(C)C)C(C)(C)c2ccccc21,-5.8360424,-6.094205,-5.4025054,-5.777584266666666
CC1(C)C(/C=C/C(Br)=C/C=C2/N(CCCCN)c3ccccc3C2(C)C)=[N+](Cc2ccccc2)c2ccc(I)cc21,-5.7465034,-6.4952674,-5.6717157,-5.971162166666667
CC1(C)C(/C=C/C(Br)=C/C=C2/N(CCCCO)c3ccccc3C2(C)C)=[N+](Cc2ccccc2)c2ccc(I)cc21,-5.81274,-6.2522597,-5.4487796,-5.837926433333333
CC[N+](CC)(CC)CCCCN1/C(=C/C=C(Br)/C=C/C2=[N+](Cc3ccccc3)c3ccc(I)cc3C2(C)C)C(C)(C)c2ccccc21,-6.1265516,-6.7063136,-5.642067,-6.158310733333334
CC1(C)C(/C=C/C(Br)=C/C=C2/N(CCCCS(=O)(=O)O)c3ccccc3C2(C)C)=[N+](Cc2ccccc2)c2ccc(I)cc21,-6.0975246,-6.7424517,-5.3356385,-6.058538266666666
CC1(C)C(/C=C/C(Br)=C/C=C2/N(Cc3ccccc3)c3ccccc3C2(C)C)=[N+](Cc2ccccc2)c2ccc(I)cc21,-5.8390718,-6.1847296,-5.4371037,-5.820301699999999
CC1(C)C(/C=C/C(Br)=C/C=C2/N(Cc3ccsc3)c3ccccc3C2(C)C)=[N+](Cc2ccccc2)c2ccc(I)cc21,-5.8253517,-6.130856,-5.429466,-5.795224566666666
CCN1/C(=C/C=C(Br)/C=C/C2=[N+](Cc3ccsc3)c3ccccc3C2(C)C)C(C)(C)c2ccccc21,-5.85246,-6.122641,-5.396013,-5.790371333333333
CCCCN1/C(=C/C=C(Br)/C=C/C2=[N+](Cc3ccsc3)c3ccccc3C2(C)C)C(C)(C)c2ccccc21,-5.8443265,-6.1421013,-5.4005976,-5.795675133333334
CC1(C)C(/C=C/C(Br)=C/C=C2/N(CCCCN)c3ccccc3C2(C)C)=[N+](Cc2ccsc2)c2ccccc21,-5.7551637,-6.5524197,-5.6764917,-5.9946917
CC1(C)C(/C=C/C(Br)=C/C=C2/N(CCCCO)c3ccccc3C2(C)C)=[N+](Cc2ccsc2)c2ccccc21,-5.8235254,-6.3072977,-5.4496584,-5.8601605
CC[N+](CC)(CC)CCCCN1/C(=C/C=C(Br)/C=C/C2=[N+](Cc3ccsc3)c3ccccc3C2(C)C)C(C)(C)c2ccccc21,-6.136309,-6.770796,-5.649056,-6.1853869999999995
CC1(C)C(/C=C/C(Br)=C/C=C2/N(CCCCS(=O)(=O)O)c3ccccc3C2(C)C)=[N+](Cc2ccsc2)c2ccccc21,-6.1080804,-6.8213563,-5.3384395,-6.089292066666666
CC1(C)C(/C=C/C(Br)=C/C=C2/N(Cc3ccccc3)c3ccccc3C2(C)C)=[N+](Cc2ccsc2)c2ccccc21,-5.8463907,-6.2299304,-5.4360404,-5.837453833333334
CC1(C)C(/C=C/C(Br)=C/C=C2/N(Cc3ccsc3)c3ccccc3C2(C)C)=[N+](Cc2ccsc2)c2ccccc21,-5.8330035,-6.1762967,-5.4273543,-5.812218166666667
CCN1/C(=C/C=C(Br)/C=C/C2=[N+](Cc3ccsc3)c3ccc(Br)cc3C2(C)C)C(C)(C)c2ccccc21,-5.813525,-6.1742845,-5.4663224,-5.818043966666667
CCCCN1/C(=C/C=C(Br)/C=C/C2=[N+](Cc3ccsc3)c3ccc(Br)cc3C2(C)C)C(C)(C)c2ccccc21,-5.806042,-6.191491,-5.4708247,-5.8227858999999995
CC1(C)C(/C=C/C(Br)=C/C=C2/N(CCCCN)c3ccccc3C2(C)C)=[N+](Cc2ccsc2)c2ccc(Br)cc21,-5.6999807,-6.599806,-5.7531567,-6.0176478
CC1(C)C(/C=C/C(Br)=C/C=C2/N(CCCCO)c3ccccc3C2(C)C)=[N+](Cc2ccsc2)c2ccc(Br)cc21,-5.7760243,-6.3624077,-5.527767,-5.888732999999999
CC[N+](CC)(CC)CCCCN1/C(=C/C=C(Br)/C=C/C2=[N+](Cc3ccsc3)c3ccc(Br)cc3C2(C)C)C(C)(C)c2ccccc21,-6.0881634,-6.8156233,-5.7222166,-6.208667766666667
CC1(C)C(/C=C/C(Br)=C/C=C2/N(CCCCS(=O)(=O)O)c3ccccc3C2(C)C)=[N+](Cc2ccsc2)c2ccc(Br)cc21,-6.054385,-6.847632,-5.402483,-6.101500000000001
CC1(C)C(/C=C/C(Br)=C/C=C2/N(Cc3ccccc3)c3ccccc3C2(C)C)=[N+](Cc2ccsc2)c2ccc(Br)cc21,-5.806421,-6.2852025,-5.5072145,-5.866279333333334
CC1(C)C(/C=C/C(Br)=C/C=C2/N(Cc3ccsc3)c3ccccc3C2(C)C)=[N+](Cc2ccsc2)c2ccc(Br)cc21,-5.7936053,-6.2335496,-5.499123,-5.842092633333333
CCN1/C(=C/C=C(Br)/C=C/C2=[N+](Cc3ccsc3)c3ccc(I)cc3C2(C)C)C(C)(C)c2ccccc21,-5.835393,-6.030735,-5.384705,-5.750277666666666
CCCCN1/C(=C/C=C(Br)/C=C/C2=[N+](Cc3ccsc3)c3ccc(I)cc3C2(C)C)C(C)(C)c2ccccc21,-5.827009,-6.049156,-5.38909,-5.755085
CC1(C)C(/C=C/C(Br)=C/C=C2/N(CCCCN)c3ccccc3C2(C)C)=[N+](Cc2ccsc2)c2ccc(I)cc21,-5.738792,-6.4591017,-5.662784,-5.953559233333333
CC1(C)C(/C=C/C(Br)=C/C=C2/N(CCCCO)c3ccccc3C2(C)C)=[N+](Cc2ccsc2)c2ccc(I)cc21,-5.805478,-6.2059655,-5.435498,-5.815647166666666
CC[N+](CC)(CC)CCCCN1/C(=C/C=C(Br)/C=C/C2=[N+](Cc3ccsc3)c3ccc(I)cc3C2(C)C)C(C)(C)c2ccccc21,-6.1231112,-6.66637,-5.6294427,-6.139641300000001
CC1(C)C(/C=C/C(Br)=C/C=C2/N(CCCCS(=O)(=O)O)c3ccccc3C2(C)C)=[N+](Cc2ccsc2)c2ccc(I)cc21,-6.0974298,-6.704798,-5.3248353,-6.042354366666667
CC1(C)C(/C=C/C(Br)=C/C=C2/N(Cc3ccccc3)c3ccccc3C2(C)C)=[N+](Cc2ccsc2)c2ccc(I)cc21,-5.830048,-6.136904,-5.4238772,-5.796943066666667
CC1(C)C(/C=C/C(Br)=C/C=C2/N(Cc3ccsc3)c3ccccc3C2(C)C)=[N+](Cc2ccsc2)c2ccc(I)cc21,-5.817162,-6.0848517,-5.4151692,-5.772394299999999
CCN1/C(=C/C=C(I)/C=C/C2=[N+](CC)c3ccccc3C2(C)C)C(C)(C)c2ccccc21,-5.832977,-6.1235824,-5.4145393,-5.790366233333334
CCCCN1/C(=C/C=C(I)/C=C/C2=[N+](CC)c3ccccc3C2(C)C)C(C)(C)c2ccccc21,-5.825193,-6.141779,-5.418194,-5.795055333333333
CC[N+]1=C(/C=C/C(I)=C/C=C2/N(CCCCN)c3ccccc3C2(C)C)C(C)(C)c2ccccc21,-5.733666,-6.5527472,-5.6967936,-5.994402266666667
CC[N+]1=C(/C=C/C(I)=C/C=C2/N(CCCCO)c3ccccc3C2(C)C)C(C)(C)c2ccccc21,-5.8050413,-6.303508,-5.467063,-5.858537433333333
CC[N+]1=C(/C=C/C(I)=C/C=C2/N(CCCC[N+](CC)(CC)CC)c3ccccc3C2(C)C)C(C)(C)c2ccccc21,-6.1200953,-6.7560506,-5.6634555,-6.179867133333334
CC[N+]1=C(/C=C/C(I)=C/C=C2/N(CCCCS(=O)(=O)O)c3ccccc3C2(C)C)C(C)(C)c2ccccc21,-6.073193,-6.8084598,-5.3568077,-6.079486833333333
CC[N+]1=C(/C=C/C(I)=C/C=C2/N(Cc3ccccc3)c3ccccc3C2(C)C)C(C)(C)c2ccccc21,-5.8250866,-6.230361,-5.4536376,-5.836361733333334
CC[N+]1=C(/C=C/C(I)=C/C=C2/N(Cc3ccsc3)c3ccccc3C2(C)C)C(C)(C)c2ccccc21,-5.811844,-6.1764426,-5.444681,-5.810989199999999
CCN1/C(=C/C=C(I)/C=C/C2=[N+](CC)c3ccc(Br)cc3C2(C)C)C(C)(C)c2ccccc21,-5.792385,-6.175272,-5.4854465,-5.817701166666666
CCCCN1/C(=C/C=C(I)/C=C/C2=[N+](CC)c3ccc(Br)cc3C2(C)C)C(C)(C)c2ccccc21,-5.785634,-6.1909847,-5.4882793,-5.821632666666666
CC[N+]1=C(/C=C/C(I)=C/C=C2/N(CCCCN)c3ccccc3C2(C)C)C(C)(C)c2cc(Br)ccc21,-5.676776,-6.5941234,-5.772954,-6.014617800000001
CC[N+]1=C(/C=C/C(I)=C/C=C2/N(CCCCO)c3ccccc3C2(C)C)C(C)(C)c2cc(Br)ccc21,-5.754334,-6.3631415,-5.5487676,-5.888747700000001
CC[N+]1=C(/C=C/C(I)=C/C=C2/N(CCCC[N+](CC)(CC)CC)c3ccccc3C2(C)C)C(C)(C)c2cc(Br)ccc21,-6.070164,-6.8016667,-5.7400727,-6.2039678
CC[N+]1=C(/C=C/C(I)=C/C=C2/N(CCCCS(=O)(=O)O)c3ccccc3C2(C)C)C(C)(C)c2cc(Br)ccc21,-6.0177364,-6.8384895,-5.4218254,-6.092683766666667
CC[N+]1=C(/C=C/C(I)=C/C=C2/N(Cc3ccccc3)c3ccccc3C2(C)C)C(C)(C)c2cc(Br)ccc21,-5.784343,-6.2865014,-5.526237,-5.8656938
CC[N+]1=C(/C=C/C(I)=C/C=C2/N(Cc3ccsc3)c3ccccc3C2(C)C)C(C)(C)c2cc(Br)ccc21,-5.7714505,-6.2336655,-5.5177712,-5.8409623999999996
CCN1/C(=C/C=C(I)/C=C/C2=[N+](CC)c3ccc(I)cc3C2(C)C)C(C)(C)c2ccccc21,-5.816816,-6.031403,-5.4018073,-5.750008766666667
CCCCN1/C(=C/C=C(I)/C=C/C2=[N+](CC)c3ccc(I)cc3C2(C)C)C(C)(C)c2ccccc21,-5.809164,-6.048701,-5.4057097,-5.7545249
CC[N+]1=C(/C=C/C(I)=C/C=C2/N(CCCCN)c3ccccc3C2(C)C)C(C)(C)c2cc(I)ccc21,-5.71774,-6.4594173,-5.683057,-5.953404766666668
CC[N+]1=C(/C=C/C(I)=C/C=C2/N(CCCCO)c3ccccc3C2(C)C)C(C)(C)c2cc(I)ccc21,-5.788024,-6.2041774,-5.452109,-5.814770133333333
CC[N+]1=C(/C=C/C(I)=C/C=C2/N(CCCC[N+](CC)(CC)CC)c3ccccc3C2(C)C)C(C)(C)c2cc(I)ccc21,-6.1076074,-6.649743,-5.6426644,-6.133338266666667
CC[N+]1=C(/C=C/C(I)=C/C=C2/N(CCCCS(=O)(=O)O)c3ccccc3C2(C)C)C(C)(C)c2cc(I)ccc21,-6.0616393,-6.6972404,-5.3438015,-6.034227066666666
CC[N+]1=C(/C=C/C(I)=C/C=C2/N(Cc3ccccc3)c3ccccc3C2(C)C)C(C)(C)c2cc(I)ccc21,-5.8097777,-6.135282,-5.4404044,-5.7951547
CC[N+]1=C(/C=C/C(I)=C/C=C2/N(Cc3ccsc3)c3ccccc3C2(C)C)C(C)(C)c2cc(I)ccc21,-5.796858,-6.0825167,-5.431638,-5.770337566666666
CCCC[N+]1=C(/C=C/C(I)=C/C=C2/N(CC)c3ccccc3C2(C)C)C(C)(C)c2ccccc21,-5.811232,-6.164425,-5.4378715,-5.804509499999999
CCCCN1/C(=C/C=C(I)/C=C/C2=[N+](CCCC)c3ccccc3C2(C)C)C(C)(C)c2ccccc21,-5.8021884,-6.1838965,-5.4423776,-5.8094875
CCCC[N+]1=C(/C=C/C(I)=C/C=C2/N(CCCCN)c3ccccc3C2(C)C)C(C)(C)c2ccccc21,-5.7134914,-6.5808806,-5.7151403,-6.003170766666666
CCCC[N+]1=C(/C=C/C(I)=C/C=C2/N(CCCCO)c3ccccc3C2(C)C)C(C)(C)c2ccccc21,-5.783191,-6.3452234,-5.4908757,-5.8730967000000005
CCCC[N+]1=C(/C=C/C(I)=C/C=C2/N(CCCC[N+](CC)(CC)CC)c3ccccc3C2(C)C)C(C)(C)c2ccccc21,-6.0934305,-6.7925143,-5.6879606,-6.191301800000001
CCCC[N+]1=C(/C=C/C(I)=C/C=C2/N(CCCCS(=O)(=O)O)c3ccccc3C2(C)C)C(C)(C)c2ccccc21,-6.0327907,-6.8368616,-5.3768015,-6.082151266666666
CCCC[N+]1=C(/C=C/C(I)=C/C=C2/N(Cc3ccccc3)c3ccccc3C2(C)C)C(C)(C)c2ccccc21,-5.8044143,-6.272625,-5.4771185,-5.851385933333333
CCCC[N+]1=C(/C=C/C(I)=C/C=C2/N(Cc3ccsc3)c3ccccc3C2(C)C)C(C)(C)c2ccccc21,-5.7911396,-6.2183123,-5.467956,-5.825802633333333
CCCC[N+]1=C(/C=C/C(I)=C/C=C2/N(CC)c3ccccc3C2(C)C)C(C)(C)c2cc(Br)ccc21,-5.7691965,-6.2186623,-5.5103717,-5.832743499999999
CCCCN1/C(=C/C=C(I)/C=C/C2=[N+](CCCC)c3ccc(Br)cc3C2(C)C)C(C)(C)c2ccccc21,-5.763222,-6.2354302,-5.512878,-5.837176733333333
CCCC[N+]1=C(/C=C/C(I)=C/C=C2/N(CCCCN)c3ccccc3C2(C)C)C(C)(C)c2cc(Br)ccc21,-5.659414,-6.62726,-5.7916584,-6.0261108000000005
CCCC[N+]1=C(/C=C/C(I)=C/C=C2/N(CCCCO)c3ccccc3C2(C)C)C(C)(C)c2cc(Br)ccc21,-5.7318707,-6.398207,-5.569043,-5.899706900000001
CCCC[N+]1=C(/C=C/C(I)=C/C=C2/N(CCCC[N+](CC)(CC)CC)c3ccccc3C2(C)C)C(C)(C)c2cc(Br)ccc21,-6.043631,-6.8444347,-5.765721,-6.2179289
CCCC[N+]1=C(/C=C/C(I)=C/C=C2/N(CCCCS(=O)(=O)O)c3ccccc3C2(C)C)C(C)(C)c2cc(Br)ccc21,-5.97836,-6.867641,-5.441352,-6.095784333333334
CCCC[N+]1=C(/C=C/C(I)=C/C=C2/N(Cc3ccccc3)c3ccccc3C2(C)C)C(C)(C)c2cc(Br)ccc21,-5.763664,-6.327656,-5.548874,-5.880064666666667
CCCC[N+]1=C(/C=C/C(I)=C/C=C2/N(Cc3ccsc3)c3ccccc3C2(C)C)C(C)(C)c2cc(Br)ccc21,-5.7507577,-6.2778845,-5.542615,-5.857085733333332
CCCC[N+]1=C(/C=C/C(I)=C/C=C2/N(CC)c3ccccc3C2(C)C)C(C)(C)c2cc(I)ccc21,-5.7961416,-6.0731316,-5.4249234,-5.7647322
CCCCN1/C(=C/C=C(I)/C=C/C2=[N+](CCCC)c3ccc(I)cc3C2(C)C)C(C)(C)c2ccccc21,-5.7874565,-6.0918894,-5.42921,-5.769518633333334
CCCC[N+]1=C(/C=C/C(I)=C/C=C2/N(CCCCN)c3ccccc3C2(C)C)C(C)(C)c2cc(I)ccc21,-5.695855,-6.489532,-5.7021565,-5.9625145
CCCC[N+]1=C(/C=C/C(I)=C/C=C2/N(CCCCO)c3ccccc3C2(C)C)C(C)(C)c2cc(I)ccc21,-5.767065,-6.2477007,-5.475305,-5.830023566666667
CCCC[N+]1=C(/C=C/C(I)=C/C=C2/N(CCCC[N+](CC)(CC)CC)c3ccccc3C2(C)C)C(C)(C)c2cc(I)ccc21,-6.080513,-6.6919312,-5.6686625,-6.147035566666666
CCCC[N+]1=C(/C=C/C(I)=C/C=C2/N(CCCCS(=O)(=O)O)c3ccccc3C2(C)C)C(C)(C)c2cc(I)ccc21,-6.022613,-6.7289166,-5.363623,-6.038384199999999
CCCC[N+]1=C(/C=C/C(I)=C/C=C2/N(Cc3ccccc3)c3ccccc3C2(C)C)C(C)(C)c2cc(I)ccc21,-5.7892013,-6.1794815,-5.4635124,-5.810731733333333
CCCC[N+]1=C(/C=C/C(I)=C/C=C2/N(Cc3ccsc3)c3ccccc3C2(C)C)C(C)(C)c2cc(I)ccc21,-5.776527,-6.126178,-5.454655,-5.785786666666667
CCN1/C(=C/C=C(I)/C=C/C2=[N+](CCCCN)c3ccccc3C2(C)C)C(C)(C)c2ccccc21,-5.716258,-6.598439,-5.734081,-6.016259333333333
CCCCN1/C(=C/C=C(I)/C=C/C2=[N+](CCCCN)c3ccccc3C2(C)C)C(C)(C)c2ccccc21,-5.712296,-6.6085844,-5.73376,-6.0182134666666665
CC1(C)C(/C=C/C(I)=C/C=C2/N(CCCCN)c3ccccc3C2(C)C)=[N+](CCCCN)c2ccccc21,-5.6122465,-7.073182,-6.0825734,-6.256000633333334
CC1(C)C(/C=C/C(I)=C/C=C2/N(CCCCO)c3ccccc3C2(C)C)=[N+](CCCCN)c2ccccc21,-5.6764708,-6.7989273,-5.8072653,-6.094221133333334
CC[N+](CC)(CC)CCCCN1/C(=C/C=C(I)/C=C/C2=[N+](CCCCN)c3ccccc3C2(C)C)C(C)(C)c2ccccc21,-5.951259,-7.3069224,-6.063115,-6.440432133333334
CC1(C)C(/C=C/C(I)=C/C=C2/N(CCCCS(=O)(=O)O)c3ccccc3C2(C)C)=[N+](CCCCN)c2ccccc21,-5.8913093,-7.279564,-5.6936216,-6.288164966666667
CC1(C)C(/C=C/C(I)=C/C=C2/N(Cc3ccccc3)c3ccccc3C2(C)C)=[N+](CCCCN)c2ccccc21,-5.705057,-6.6912274,-5.7633657,-6.0532167
CC1(C)C(/C=C/C(I)=C/C=C2/N(Cc3ccsc3)c3ccccc3C2(C)C)=[N+](CCCCN)c2ccccc21,-5.692188,-6.6395125,-5.7575717,-6.0297574
CCN1/C(=C/C=C(I)/C=C/C2=[N+](CCCCN)c3ccc(Br)cc3C2(C)C)C(C)(C)c2ccccc21,-5.659945,-6.643434,-5.810318,-6.0378989999999995
CCCCN1/C(=C/C=C(I)/C=C/C2=[N+](CCCCN)c3ccc(Br)cc3C2(C)C)C(C)(C)c2ccccc21,-5.656288,-6.6556783,-5.8119817,-6.041315999999999
CC1(C)C(/C=C/C(I)=C/C=C2/N(CCCCN)c3ccccc3C2(C)C)=[N+](CCCCN)c2ccc(Br)cc21,-5.5875206,-7.1191807,-6.157716,-6.2881390999999995
CC1(C)C(/C=C/C(I)=C/C=C2/N(CCCCO)c3ccccc3C2(C)C)=[N+](CCCCN)c2ccc(Br)cc21,-5.6185403,-6.831946,-5.884561,-6.111682433333333
CC[N+](CC)(CC)CCCCN1/C(=C/C=C(I)/C=C/C2=[N+](CCCCN)c3ccc(Br)cc3C2(C)C)C(C)(C)c2ccccc21,-5.8885217,-7.3704233,-6.1477556,-6.4689002
CC1(C)C(/C=C/C(I)=C/C=C2/N(CCCCS(=O)(=O)O)c3ccccc3C2(C)C)=[N+](CCCCN)c2ccc(Br)cc21,-5.832552,-7.2906857,-5.7728095,-6.298682400000001
CC1(C)C(/C=C/C(I)=C/C=C2/N(Cc3ccccc3)c3ccccc3C2(C)C)=[N+](CCCCN)c2ccc(Br)cc21,-5.6460586,-6.7317123,-5.840769,-6.0728466333333335
CC1(C)C(/C=C/C(I)=C/C=C2/N(Cc3ccsc3)c3ccccc3C2(C)C)=[N+](CCCCN)c2ccc(Br)cc21,-5.634915,-6.6836276,-5.8315268,-6.050023133333333
CCN1/C(=C/C=C(I)/C=C/C2=[N+](CCCCN)c3ccc(I)cc3C2(C)C)C(C)(C)c2ccccc21,-5.702518,-6.5062485,-5.717985,-5.975583833333332
CCCCN1/C(=C/C=C(I)/C=C/C2=[N+](CCCCN)c3ccc(I)cc3C2(C)C)C(C)(C)c2ccccc21,-5.6947894,-6.517217,-5.719956,-5.9773208
CC1(C)C(/C=C/C(I)=C/C=C2/N(CCCCN)c3ccccc3C2(C)C)=[N+](CCCCN)c2ccc(I)cc21,-5.5974402,-6.968335,-6.046606,-6.2041270666666675
CC1(C)C(/C=C/C(I)=C/C=C2/N(CCCCO)c3ccccc3C2(C)C)=[N+](CCCCN)c2ccc(I)cc21,-5.661086,-6.68887,-5.7878585,-6.045938166666666
CC[N+](CC)(CC)CCCCN1/C(=C/C=C(I)/C=C/C2=[N+](CCCCN)c3ccc(I)cc3C2(C)C)C(C)(C)c2ccccc21,-5.9443426,-7.1974025,-6.033641,-6.391795366666667
CC1(C)C(/C=C/C(I)=C/C=C2/N(CCCCS(=O)(=O)O)c3ccccc3C2(C)C)=[N+](CCCCN)c2ccc(I)cc21,-5.8852735,-7.1673613,-5.6732,-6.2419449333333334
CC1(C)C(/C=C/C(I)=C/C=C2/N(Cc3ccccc3)c3ccccc3C2(C)C)=[N+](CCCCN)c2ccc(I)cc21,-5.693722,-6.5924664,-5.745148,-6.010445466666667
CC1(C)C(/C=C/C(I)=C/C=C2/N(Cc3ccsc3)c3ccccc3C2(C)C)=[N+](CCCCN)c2ccc(I)cc21,-5.6801753,-6.5461426,-5.739005,-5.9884409666666665
CCN1/C(=C/C=C(I)/C=C/C2=[N+](CCCCO)c3ccccc3C2(C)C)C(C)(C)c2ccccc21,-5.797828,-6.293334,-5.472878,-5.854679999999999
CCCCN1/C(=C/C=C(I)/C=C/C2=[N+](CCCCO)c3ccccc3C2(C)C)C(C)(C)c2ccccc21,-5.789801,-6.313381,-5.4776325,-5.8602715000000005
CC1(C)C(/C=C/C(I)=C/C=C2/N(CCCCN)c3ccccc3C2(C)C)=[N+](CCCCO)c2ccccc21,-5.686928,-6.7396245,-5.774417,-6.066989833333333
CC1(C)C(/C=C/C(I)=C/C=C2/N(CCCCO)c3ccccc3C2(C)C)=[N+](CCCCO)c2ccccc21,-5.7579103,-6.503602,-5.536132,-5.932548100000001
CC[N+](CC)(CC)CCCCN1/C(=C/C=C(I)/C=C/C2=[N+](CCCCO)c3ccccc3C2(C)C)C(C)(C)c2ccccc21,-6.0759096,-6.95868,-5.7467957,-6.260461766666666
CC1(C)C(/C=C/C(I)=C/C=C2/N(CCCCS(=O)(=O)O)c3ccccc3C2(C)C)=[N+](CCCCO)c2ccccc21,-5.992018,-7.014901,-5.4244447,-6.1437878999999995
CC1(C)C(/C=C/C(I)=C/C=C2/N(Cc3ccccc3)c3ccccc3C2(C)C)=[N+](CCCCO)c2ccccc21,-5.786472,-6.404592,-5.513322,-5.9014619999999995
CC1(C)C(/C=C/C(I)=C/C=C2/N(Cc3ccsc3)c3ccccc3C2(C)C)=[N+](CCCCO)c2ccccc21,-5.7744,-6.351628,-5.505553,-5.877193666666667
CCN1/C(=C/C=C(I)/C=C/C2=[N+](CCCCO)c3ccc(Br)cc3C2(C)C)C(C)(C)c2ccccc21,-5.745535,-6.355314,-5.5554214,-5.8854234666666665
CCCCN1/C(=C/C=C(I)/C=C/C2=[N+](CCCCO)c3ccc(Br)cc3C2(C)C)C(C)(C)c2ccccc21,-5.7395263,-6.3676305,-5.5557747,-5.887643833333333
CC1(C)C(/C=C/C(I)=C/C=C2/N(CCCCN)c3ccccc3C2(C)C)=[N+](CCCCO)c2ccc(Br)cc21,-5.626663,-6.7764664,-5.8541045,-6.085744633333334
CC1(C)C(/C=C/C(I)=C/C=C2/N(CCCCO)c3ccccc3C2(C)C)=[N+](CCCCO)c2ccc(Br)cc21,-5.712093,-6.5460234,-5.615261,-5.9577924666666675
CC[N+](CC)(CC)CCCCN1/C(=C/C=C(I)/C=C/C2=[N+](CCCCO)c3ccc(Br)cc3C2(C)C)C(C)(C)c2ccccc21,-6.0146823,-7.017623,-5.8375416,-6.289948966666667
CC1(C)C(/C=C/C(I)=C/C=C2/N(CCCCS(=O)(=O)O)c3ccccc3C2(C)C)=[N+](CCCCO)c2ccc(Br)cc21,-5.939222,-7.043527,-5.4989176,-6.1605555333333335
CC1(C)C(/C=C/C(I)=C/C=C2/N(Cc3ccccc3)c3ccccc3C2(C)C)=[N+](CCCCO)c2ccc(Br)cc21,-5.733404,-6.45226,-5.589031,-5.924898333333334
CC1(C)C(/C=C/C(I)=C/C=C2/N(Cc3ccsc3)c3ccccc3C2(C)C)=[N+](CCCCO)c2ccc(Br)cc21,-5.7212634,-6.4072585,-5.5850215,-5.904514466666666
CCN1/C(=C/C=C(I)/C=C/C2=[N+](CCCCO)c3ccc(I)cc3C2(C)C)C(C)(C)c2ccccc21,-5.781376,-6.196952,-5.457772,-5.812033333333333
CCCCN1/C(=C/C=C(I)/C=C/C2=[N+](CCCCO)c3ccc(I)cc3C2(C)C)C(C)(C)c2ccccc21,-5.773667,-6.2158155,-5.461959,-5.817147166666667
CC1(C)C(/C=C/C(I)=C/C=C2/N(CCCCN)c3ccccc3C2(C)C)=[N+](CCCCO)c2ccc(I)cc21,-5.669623,-6.6336665,-5.756026,-6.019771833333333
CC1(C)C(/C=C/C(I)=C/C=C2/N(CCCCO)c3ccccc3C2(C)C)=[N+](CCCCO)c2ccc(I)cc21,-5.7467484,-6.3982267,-5.5206404,-5.8885385
CC[N+](CC)(CC)CCCCN1/C(=C/C=C(I)/C=C/C2=[N+](CCCCO)c3ccc(I)cc3C2(C)C)C(C)(C)c2ccccc21,-6.0597935,-6.8530912,-5.7249575,-6.212614066666667
CC1(C)C(/C=C/C(I)=C/C=C2/N(CCCCS(=O)(=O)O)c3ccccc3C2(C)C)=[N+](CCCCO)c2ccc(I)cc21,-5.9892063,-6.8954124,-5.4045653,-6.096394666666666
CC1(C)C(/C=C/C(I)=C/C=C2/N(Cc3ccccc3)c3ccccc3C2(C)C)=[N+](CCCCO)c2ccc(I)cc21,-5.772405,-6.3058333,-5.49667,-5.858302766666665
CC1(C)C(/C=C/C(I)=C/C=C2/N(Cc3ccsc3)c3ccccc3C2(C)C)=[N+](CCCCO)c2ccc(I)cc21,-5.760445,-6.2530847,-5.4886737,-5.8340678
CCN1/C(=C/C=C(I)/C=C/C2=[N+](CCCC[N+](CC)(CC)CC)c3ccccc3C2(C)C)C(C)(C)c2ccccc21,-6.1118507,-6.7629724,-5.678103,-6.1843087
CCCCN1/C(=C/C=C(I)/C=C/C2=[N+](CCCC[N+](CC)(CC)CC)c3ccccc3C2(C)C)C(C)(C)c2ccccc21,-6.096109,-6.784992,-5.687291,-6.189464000000001
CC[N+](CC)(CC)CCCC[N+]1=C(/C=C/C(I)=C/C=C2/N(CCCCN)c3ccccc3C2(C)C)C(C)(C)c2ccccc21,-5.9606824,-7.2638683,-6.037173,-6.420574566666667
CC[N+](CC)(CC)CCCC[N+]1=C(/C=C/C(I)=C/C=C2/N(CCCCO)c3ccccc3C2(C)C)C(C)(C)c2ccccc21,-6.0745063,-6.9807353,-5.759024,-6.271421866666667
CC[N+](CC)(CC)CCCCN1/C(=C/C=C(I)/C=C/C2=[N+](CCCC[N+](CC)(CC)CC)c3ccccc3C2(C)C)C(C)(C)c2ccccc21,-6.2879095,-7.491973,-6.01101,-6.596964166666666
CC[N+](CC)(CC)CCCC[N+]1=C(/C=C/C(I)=C/C=C2/N(CCCCS(=O)(=O)O)c3ccccc3C2(C)C)C(C)(C)c2ccccc21,-6.266272,-7.5198584,-5.686633,-6.490921133333334
CC[N+](CC)(CC)CCCC[N+]1=C(/C=C/C(I)=C/C=C2/N(Cc3ccccc3)c3ccccc3C2(C)C)C(C)(C)c2ccccc21,-6.102633,-6.8615084,-5.7130127,-6.225718033333333
CC[N+](CC)(CC)CCCC[N+]1=C(/C=C/C(I)=C/C=C2/N(Cc3ccsc3)c3ccccc3C2(C)C)C(C)(C)c2ccccc21,-6.0947766,-6.8107157,-5.7049384,-6.203476900000001
CCN1/C(=C/C=C(I)/C=C/C2=[N+](CCCC[N+](CC)(CC)CC)c3ccc(Br)cc3C2(C)C)C(C)(C)c2ccccc21,-6.0609956,-6.8152156,-5.757776,-6.211329066666667
CCCCN1/C(=C/C=C(I)/C=C/C2=[N+](CCCC[N+](CC)(CC)CC)c3ccc(Br)cc3C2(C)C)C(C)(C)c2ccccc21,-6.046018,-6.837429,-5.7658486,-6.216431866666667
CC[N+](CC)(CC)CCCC[N+]1=C(/C=C/C(I)=C/C=C2/N(CCCCN)c3ccccc3C2(C)C)C(C)(C)c2cc(Br)ccc21,-5.8975964,-7.3272862,-6.1218925,-6.448925033333334
CC[N+](CC)(CC)CCCC[N+]1=C(/C=C/C(I)=C/C=C2/N(CCCCO)c3ccccc3C2(C)C)C(C)(C)c2cc(Br)ccc21,-6.0118456,-7.0398784,-5.850036,-6.300586666666667
CC[N+](CC)(CC)CCCCN1/C(=C/C=C(I)/C=C/C2=[N+](CCCC[N+](CC)(CC)CC)c3ccc(Br)cc3C2(C)C)C(C)(C)c2ccccc21,-6.224497,-7.5525503,-6.094825,-6.6239574333333335
CC[N+](CC)(CC)CCCC[N+]1=C(/C=C/C(I)=C/C=C2/N(CCCCS(=O)(=O)O)c3ccccc3C2(C)C)C(C)(C)c2cc(Br)ccc21,-6.2035036,-7.569543,-5.7834425,-6.5188297
CC[N+](CC)(CC)CCCC[N+]1=C(/C=C/C(I)=C/C=C2/N(Cc3ccccc3)c3ccccc3C2(C)C)C(C)(C)c2cc(Br)ccc21,-6.050665,-6.9141464,-5.7936516,-6.252821
CC[N+](CC)(CC)CCCC[N+]1=C(/C=C/C(I)=C/C=C2/N(Cc3ccsc3)c3ccccc3C2(C)C)C(C)(C)c2cc(Br)ccc21,-6.0437164,-6.8648815,-5.7841244,-6.230907433333333
CCN1/C(=C/C=C(I)/C=C/C2=[N+](CCCC[N+](CC)(CC)CC)c3ccc(I)cc3C2(C)C)C(C)(C)c2ccccc21,-6.099577,-6.660721,-5.6576934,-6.139330466666666
CCCCN1/C(=C/C=C(I)/C=C/C2=[N+](CCCC[N+](CC)(CC)CC)c3ccc(I)cc3C2(C)C)C(C)(C)c2ccccc21,-6.083101,-6.684019,-5.667806,-6.144975333333334
CC[N+](CC)(CC)CCCC[N+]1=C(/C=C/C(I)=C/C=C2/N(CCCCN)c3ccccc3C2(C)C)C(C)(C)c2cc(I)ccc21,-5.95404,-7.1553245,-6.008832,-6.372732166666666
CC[N+](CC)(CC)CCCC[N+]1=C(/C=C/C(I)=C/C=C2/N(CCCCO)c3ccccc3C2(C)C)C(C)(C)c2cc(I)ccc21,-6.058577,-6.8746996,-5.7369514,-6.223409333333333
CC[N+](CC)(CC)CCCCN1/C(=C/C=C(I)/C=C/C2=[N+](CCCC[N+](CC)(CC)CC)c3ccc(I)cc3C2(C)C)C(C)(C)c2ccccc21,-6.2837057,-7.389731,-5.9846406,-6.552692433333333
CC[N+](CC)(CC)CCCC[N+]1=C(/C=C/C(I)=C/C=C2/N(CCCCS(=O)(=O)O)c3ccccc3C2(C)C)C(C)(C)c2cc(I)ccc21,-6.2636786,-7.4056625,-5.666141,-6.4451607
CC[N+](CC)(CC)CCCC[N+]1=C(/C=C/C(I)=C/C=C2/N(Cc3ccccc3)c3ccccc3C2(C)C)C(C)(C)c2cc(I)ccc21,-6.089165,-6.76034,-5.6941957,-6.181233566666667
CC[N+](CC)(CC)CCCC[N+]1=C(/C=C/C(I)=C/C=C2/N(Cc3ccsc3)c3ccccc3C2(C)C)C(C)(C)c2cc(I)ccc21,-6.082008,-6.7111206,-5.685572,-6.159566866666666
CCN1/C(=C/C=C(I)/C=C/C2=[N+](CCCCS(=O)(=O)O)c3ccccc3C2(C)C)C(C)(C)c2ccccc21,-6.0571103,-6.841042,-5.3779306,-6.092027633333333
CCCCN1/C(=C/C=C(I)/C=C/C2=[N+](CCCCS(=O)(=O)O)c3ccccc3C2(C)C)C(C)(C)c2ccccc21,-6.0315514,-6.857452,-5.3827996,-6.0906009999999995
CC1(C)C(/C=C/C(I)=C/C=C2/N(CCCCN)c3ccccc3C2(C)C)=[N+](CCCCS(=O)(=O)O)c2ccccc21,-5.893118,-7.2738047,-5.6831827,-6.2833684666666665
CC1(C)C(/C=C/C(I)=C/C=C2/N(CCCCO)c3ccccc3C2(C)C)=[N+](CCCCS(=O)(=O)O)c2ccccc21,-5.9824424,-7.071166,-5.4442654,-6.165957933333334
CC[N+](CC)(CC)CCCCN1/C(=C/C=C(I)/C=C/C2=[N+](CCCCS(=O)(=O)O)c3ccccc3C2(C)C)C(C)(C)c2ccccc21,-6.25915,-7.547719,-5.697207,-6.501358666666666
CC1(C)C(/C=C/C(I)=C/C=C2/N(CCCCS(=O)(=O)O)c3ccccc3C2(C)C)=[N+](CCCCS(=O)(=O)O)c2ccccc21,-6.0857744,-7.598061,-5.3926163,-6.358817233333333
CC1(C)C(/C=C/C(I)=C/C=C2/N(Cc3ccccc3)c3ccccc3C2(C)C)=[N+](CCCCS(=O)(=O)O)c2ccccc21,-6.0314007,-6.9515905,-5.4124,-6.131797066666667
CC1(C)C(/C=C/C(I)=C/C=C2/N(Cc3ccsc3)c3ccccc3C2(C)C)=[N+](CCCCS(=O)(=O)O)c2ccccc21,-6.031074,-6.898785,-5.403871,-6.111243333333333
CCN1/C(=C/C=C(I)/C=C/C2=[N+](CCCCS(=O)(=O)O)c3ccc(Br)cc3C2(C)C)C(C)(C)c2ccccc21,-5.9958086,-6.878467,-5.448401,-6.107558866666667
CCCCN1/C(=C/C=C(I)/C=C/C2=[N+](CCCCS(=O)(=O)O)c3ccc(Br)cc3C2(C)C)C(C)(C)c2ccccc21,-5.97425,-6.889087,-5.449653,-6.10433
CC1(C)C(/C=C/C(I)=C/C=C2/N(CCCCN)c3ccccc3C2(C)C)=[N+](CCCCS(=O)(=O)O)c2ccc(Br)cc21,-5.834633,-7.2858953,-5.7623925,-6.294306933333334
CC1(C)C(/C=C/C(I)=C/C=C2/N(CCCCO)c3ccccc3C2(C)C)=[N+](CCCCS(=O)(=O)O)c2ccc(Br)cc21,-5.9319983,-7.095184,-5.519626,-6.182269433333333
CC[N+](CC)(CC)CCCCN1/C(=C/C=C(I)/C=C/C2=[N+](CCCCS(=O)(=O)O)c3ccc(Br)cc3C2(C)C)C(C)(C)c2ccccc21,-6.195708,-7.601958,-5.7964883,-6.531384766666666
CC1(C)C(/C=C/C(I)=C/C=C2/N(CCCCS(=O)(=O)O)c3ccccc3C2(C)C)=[N+](CCCCS(=O)(=O)O)c2ccc(Br)cc21,-6.057827,-7.600957,-5.4595203,-6.372768100000001
CC1(C)C(/C=C/C(I)=C/C=C2/N(Cc3ccccc3)c3ccccc3C2(C)C)=[N+](CCCCS(=O)(=O)O)c2ccc(Br)cc21,-5.974703,-6.973299,-5.478042,-6.1420146666666655
CC1(C)C(/C=C/C(I)=C/C=C2/N(Cc3ccsc3)c3ccccc3C2(C)C)=[N+](CCCCS(=O)(=O)O)c2ccc(Br)cc21,-5.973148,-6.928462,-5.472008,-6.124539333333334
CCN1/C(=C/C=C(I)/C=C/C2=[N+](CCCCS(=O)(=O)O)c3ccc(I)cc3C2(C)C)C(C)(C)c2ccccc21,-6.046257,-6.7331333,-5.364694,-6.0480281
CCCCN1/C(=C/C=C(I)/C=C/C2=[N+](CCCCS(=O)(=O)O)c3ccc(I)cc3C2(C)C)C(C)(C)c2ccccc21,-6.0210342,-6.748513,-5.369326,-6.046291066666666
CC1(C)C(/C=C/C(I)=C/C=C2/N(CCCCN)c3ccccc3C2(C)C)=[N+](CCCCS(=O)(=O)O)c2ccc(I)cc21,-5.8875065,-7.1599445,-5.6622076,-6.236552866666666
CC1(C)C(/C=C/C(I)=C/C=C2/N(CCCCO)c3ccccc3C2(C)C)=[N+](CCCCS(=O)(=O)O)c2ccc(I)cc21,-5.9784446,-6.9499264,-5.423705,-6.117358666666667
CC[N+](CC)(CC)CCCCN1/C(=C/C=C(I)/C=C/C2=[N+](CCCCS(=O)(=O)O)c3ccc(I)cc3C2(C)C)C(C)(C)c2ccccc21,-6.2556515,-7.4340196,-5.677331,-6.455667366666667
CC1(C)C(/C=C/C(I)=C/C=C2/N(CCCCS(=O)(=O)O)c3ccccc3C2(C)C)=[N+](CCCCS(=O)(=O)O)c2ccc(I)cc21,-6.0921702,-7.479365,-5.37899,-6.316841733333334
CC1(C)C(/C=C/C(I)=C/C=C2/N(Cc3ccccc3)c3ccccc3C2(C)C)=[N+](CCCCS(=O)(=O)O)c2ccc(I)cc21,-6.028125,-6.8333416,-5.394933,-6.085466533333334
CC1(C)C(/C=C/C(I)=C/C=C2/N(Cc3ccsc3)c3ccccc3C2(C)C)=[N+](CCCCS(=O)(=O)O)c2ccc(I)cc21,-6.02323,-6.7856636,-5.388995,-6.065962866666667
CCN1/C(=C/C=C(I)/C=C/C2=[N+](Cc3ccccc3)c3ccccc3C2(C)C)C(C)(C)c2ccccc21,-5.83025,-6.3065395,-5.4779496,-5.871579700000001
CCCCN1/C(=C/C=C(I)/C=C/C2=[N+](Cc3ccccc3)c3ccccc3C2(C)C)C(C)(C)c2ccccc21,-5.8240976,-6.3261414,-5.4818177,-5.877352233333333
CC1(C)C(/C=C/C(I)=C/C=C2/N(CCCCN)c3ccccc3C2(C)C)=[N+](Cc2ccccc2)c2ccccc21,-5.7282,-6.748695,-5.766404,-6.081099666666667
CC1(C)C(/C=C/C(I)=C/C=C2/N(CCCCO)c3ccccc3C2(C)C)=[N+](Cc2ccccc2)c2ccccc21,-5.795842,-6.5057526,-5.536002,-5.9458655333333335
CC[N+](CC)(CC)CCCCN1/C(=C/C=C(I)/C=C/C2=[N+](Cc3ccccc3)c3ccccc3C2(C)C)C(C)(C)c2ccccc21,-6.112269,-6.954517,-5.7348,-6.2671953333333335
CC1(C)C(/C=C/C(I)=C/C=C2/N(CCCCS(=O)(=O)O)c3ccccc3C2(C)C)=[N+](Cc2ccccc2)c2ccccc21,-6.0539436,-7.0430536,-5.41837,-6.171789066666666
CC1(C)C(/C=C/C(I)=C/C=C2/N(Cc3ccccc3)c3ccccc3C2(C)C)=[N+](Cc2ccccc2)c2ccccc21,-5.825841,-6.42161,-5.518914,-5.9221216666666665
CC1(C)C(/C=C/C(I)=C/C=C2/N(Cc3ccsc3)c3ccccc3C2(C)C)=[N+](Cc2ccccc2)c2ccccc21,-5.8122435,-6.366679,-5.5117044,-5.896875633333334
CCN1/C(=C/C=C(I)/C=C/C2=[N+](Cc3ccccc3)c3ccc(Br)cc3C2(C)C)C(C)(C)c2ccccc21,-5.787414,-6.364024,-5.554225,-5.901887666666666
CCCCN1/C(=C/C=C(I)/C=C/C2=[N+](Cc3ccccc3)c3ccc(Br)cc3C2(C)C)C(C)(C)c2ccccc21,-5.7836475,-6.380002,-5.554982,-5.9062105
CC1(C)C(/C=C/C(I)=C/C=C2/N(CCCCN)c3ccccc3C2(C)C)=[N+](Cc2ccccc2)c2ccc(Br)cc21,-5.664856,-6.78777,-5.8494763,-6.100700766666667
CC1(C)C(/C=C/C(I)=C/C=C2/N(CCCCO)c3ccccc3C2(C)C)=[N+](Cc2ccccc2)c2ccc(Br)cc21,-5.7431006,-6.553418,-5.615688,-5.9707355333333325
CC[N+](CC)(CC)CCCCN1/C(=C/C=C(I)/C=C/C2=[N+](Cc3ccccc3)c3ccc(Br)cc3C2(C)C)C(C)(C)c2ccccc21,-6.0590296,-7.0078955,-5.820819,-6.2959147
CC1(C)C(/C=C/C(I)=C/C=C2/N(CCCCS(=O)(=O)O)c3ccccc3C2(C)C)=[N+](Cc2ccccc2)c2ccc(Br)cc21,-5.9956856,-7.0633016,-5.4882298,-6.182405666666667
CC1(C)C(/C=C/C(I)=C/C=C2/N(Cc3ccccc3)c3ccccc3C2(C)C)=[N+](Cc2ccccc2)c2ccc(Br)cc21,-5.7792683,-6.47247,-5.59183,-5.9478561
CC1(C)C(/C=C/C(I)=C/C=C2/N(Cc3ccsc3)c3ccccc3C2(C)C)=[N+](Cc2ccccc2)c2ccc(Br)cc21,-5.7670574,-6.4209642,-5.5857763,-5.9245993
CCN1/C(=C/C=C(I)/C=C/C2=[N+](Cc3ccccc3)c3ccc(I)cc3C2(C)C)C(C)(C)c2ccccc21,-5.813231,-6.2079015,-5.4640503,-5.828394266666667
CCCCN1/C(=C/C=C(I)/C=C/C2=[N+](Cc3ccccc3)c3ccc(I)cc3C2(C)C)C(C)(C)c2ccccc21,-5.806228,-6.2267885,-5.4677124,-5.8335763
CC1(C)C(/C=C/C(I)=C/C=C2/N(CCCCN)c3ccccc3C2(C)C)=[N+](Cc2ccccc2)c2ccc(I)cc21,-5.713701,-6.6411657,-5.747975,-6.034280566666666
CC1(C)C(/C=C/C(I)=C/C=C2/N(CCCCO)c3ccccc3C2(C)C)=[N+](Cc2ccccc2)c2ccc(I)cc21,-5.785462,-6.400823,-5.5217876,-5.902690866666667
CC[N+](CC)(CC)CCCCN1/C(=C/C=C(I)/C=C/C2=[N+](Cc3ccccc3)c3ccc(I)cc3C2(C)C)C(C)(C)c2ccccc21,-6.098067,-6.8518243,-5.716735,-6.222208766666667
CC1(C)C(/C=C/C(I)=C/C=C2/N(CCCCS(=O)(=O)O)c3ccccc3C2(C)C)=[N+](Cc2ccccc2)c2ccc(I)cc21,-6.0508313,-6.918219,-5.398943,-6.122664433333333
CC1(C)C(/C=C/C(I)=C/C=C2/N(Cc3ccccc3)c3ccccc3C2(C)C)=[N+](Cc2ccccc2)c2ccc(I)cc21,-5.809038,-6.321392,-5.5050488,-5.878492933333334
CC1(C)C(/C=C/C(I)=C/C=C2/N(Cc3ccsc3)c3ccccc3C2(C)C)=[N+](Cc2ccccc2)c2ccc(I)cc21,-5.794993,-6.2646365,-5.496531,-5.8520535
CCN1/C(=C/C=C(I)/C=C/C2=[N+](Cc3ccsc3)c3ccccc3C2(C)C)C(C)(C)c2ccccc21,-5.8222365,-6.258623,-5.4637938,-5.848217766666667
CCCCN1/C(=C/C=C(I)/C=C/C2=[N+](Cc3ccsc3)c3ccccc3C2(C)C)C(C)(C)c2ccccc21,-5.815561,-6.278689,-5.467654,-5.853967999999999
CC1(C)C(/C=C/C(I)=C/C=C2/N(CCCCN)c3ccccc3C2(C)C)=[N+](Cc2ccsc2)c2ccccc21,-5.7198796,-6.7060137,-5.7563434,-6.060745566666665
CC1(C)C(/C=C/C(I)=C/C=C2/N(CCCCO)c3ccccc3C2(C)C)=[N+](Cc2ccsc2)c2ccccc21,-5.793383,-6.4590325,-5.5225797,-5.9249984
CC[N+](CC)(CC)CCCCN1/C(=C/C=C(I)/C=C/C2=[N+](Cc3ccsc3)c3ccccc3C2(C)C)C(C)(C)c2ccccc21,-6.1088223,-6.912112,-5.7217336,-6.247555966666667
CC1(C)C(/C=C/C(I)=C/C=C2/N(CCCCS(=O)(=O)O)c3ccccc3C2(C)C)=[N+](Cc2ccsc2)c2ccccc21,-6.055336,-7.0006337,-5.4056983,-6.153889333333333
CC1(C)C(/C=C/C(I)=C/C=C2/N(Cc3ccccc3)c3ccccc3C2(C)C)=[N+](Cc2ccsc2)c2ccccc21,-5.817143,-6.373279,-5.506292,-5.898904666666667
CC1(C)C(/C=C/C(I)=C/C=C2/N(Cc3ccsc3)c3ccccc3C2(C)C)=[N+](Cc2ccsc2)c2ccccc21,-5.8039722,-6.3184805,-5.4972773,-5.873243333333334
CCN1/C(=C/C=C(I)/C=C/C2=[N+](Cc3ccsc3)c3ccc(Br)cc3C2(C)C)C(C)(C)c2ccccc21,-5.780895,-6.317515,-5.541727,-5.880045666666668
CCCCN1/C(=C/C=C(I)/C=C/C2=[N+](Cc3ccsc3)c3ccc(Br)cc3C2(C)C)C(C)(C)c2ccccc21,-5.775879,-6.3339953,-5.54323,-5.8843681
CC1(C)C(/C=C/C(I)=C/C=C2/N(CCCCN)c3ccccc3C2(C)C)=[N+](Cc2ccsc2)c2ccc(Br)cc21,-5.6599092,-6.7467146,-5.837013,-6.081212266666667
CC1(C)C(/C=C/C(I)=C/C=C2/N(CCCCO)c3ccccc3C2(C)C)=[N+](Cc2ccsc2)c2ccc(Br)cc21,-5.738471,-6.515565,-5.6066003,-5.953545433333333
CC[N+](CC)(CC)CCCCN1/C(=C/C=C(I)/C=C/C2=[N+](Cc3ccsc3)c3ccc(Br)cc3C2(C)C)C(C)(C)c2ccccc21,-6.0565324,-6.9653187,-5.805854,-6.2759016999999995
CC1(C)C(/C=C/C(I)=C/C=C2/N(CCCCS(=O)(=O)O)c3ccccc3C2(C)C)=[N+](Cc2ccsc2)c2ccc(Br)cc21,-5.998705,-7.0273733,-5.4769936,-6.167690633333334
CC1(C)C(/C=C/C(I)=C/C=C2/N(Cc3ccccc3)c3ccccc3C2(C)C)=[N+](Cc2ccsc2)c2ccc(Br)cc21,-5.772442,-6.4273143,-5.58033,-5.926695433333333
CC1(C)C(/C=C/C(I)=C/C=C2/N(Cc3ccsc3)c3ccccc3C2(C)C)=[N+](Cc2ccsc2)c2ccc(Br)cc21,-5.760664,-6.3752785,-5.5737686,-5.903237033333333
CCN1/C(=C/C=C(I)/C=C/C2=[N+](Cc3ccsc3)c3ccc(I)cc3C2(C)C)C(C)(C)c2ccccc21,-5.805832,-6.162008,-5.450379,-5.8060730000000005
CCCCN1/C(=C/C=C(I)/C=C/C2=[N+](Cc3ccsc3)c3ccc(I)cc3C2(C)C)C(C)(C)c2ccccc21,-5.7986727,-6.181326,-5.4540844,-5.811361033333333
CC1(C)C(/C=C/C(I)=C/C=C2/N(CCCCN)c3ccccc3C2(C)C)=[N+](Cc2ccsc2)c2ccc(I)cc21,-5.706283,-6.6007705,-5.7387547,-6.0152694
CC1(C)C(/C=C/C(I)=C/C=C2/N(CCCCO)c3ccccc3C2(C)C)=[N+](Cc2ccsc2)c2ccc(I)cc21,-5.779815,-6.352893,-5.5072746,-5.8799942
CC[N+](CC)(CC)CCCCN1/C(=C/C=C(I)/C=C/C2=[N+](Cc3ccsc3)c3ccc(I)cc3C2(C)C)C(C)(C)c2ccccc21,-6.094874,-6.810133,-5.703669,-6.202892000000001
CC1(C)C(/C=C/C(I)=C/C=C2/N(CCCCS(=O)(=O)O)c3ccccc3C2(C)C)=[N+](Cc2ccsc2)c2ccc(I)cc21,-6.05363,-6.876073,-5.3863945,-6.105365833333333
CC1(C)C(/C=C/C(I)=C/C=C2/N(Cc3ccccc3)c3ccccc3C2(C)C)=[N+](Cc2ccsc2)c2ccc(I)cc21,-5.7997556,-6.2710147,-5.4909525,-5.853907599999999
CC1(C)C(/C=C/C(I)=C/C=C2/N(Cc3ccsc3)c3ccccc3C2(C)C)=[N+](Cc2ccsc2)c2ccc(I)cc21,-5.7871776,-6.217541,-5.4823155,-5.829011366666667
CCN1/C(=C/C=C(/C=C/C2=[N+](CC)c3ccccc3C2(C)C)c2c3ccccc3cc3ccccc23)C(C)(C)c2ccccc21,-5.743168,-6.779251,-5.7287903,-6.083736433333333
CCCCN1/C(=C/C=C(/C=C/C2=[N+](CC)c3ccccc3C2(C)C)c2c3ccccc3cc3ccccc23)C(C)(C)c2ccccc21,-5.7410336,-6.7950444,-5.7269516,-6.087676533333333
CC[N+]1=C(/C=C/C(=C/C=C2/N(CCCCN)c3ccccc3C2(C)C)c2c3ccccc3cc3ccccc23)C(C)(C)c2ccccc21,-5.621573,-7.2550964,-6.0721807,-6.316283366666667
CC[N+]1=C(/C=C/C(=C/C=C2/N(CCCCO)c3ccccc3C2(C)C)c2c3ccccc3cc3ccccc23)C(C)(C)c2ccccc21,-5.6996117,-6.998154,-5.798839,-6.165534900000001
CC[N+]1=C(/C=C/C(=C/C=C2/N(CCCC[N+](CC)(CC)CC)c3ccccc3C2(C)C)c2c3ccccc3cc3ccccc23)C(C)(C)c2ccccc21,-5.9906783,-7.4795117,-6.051485,-6.507224999999999
CC[N+]1=C(/C=C/C(=C/C=C2/N(CCCCS(=O)(=O)O)c3ccccc3C2(C)C)c2c3ccccc3cc3ccccc23)C(C)(C)c2ccccc21,-5.9240313,-7.561826,-5.696834,-6.394230433333333
CC[N+]1=C(/C=C/C(=C/C=C2/N(Cc3ccccc3)c3ccccc3C2(C)C)c2c3ccccc3cc3ccccc23)C(C)(C)c2ccccc21,-5.731947,-6.8869734,-5.761212,-6.126710800000001
CC[N+]1=C(/C=C/C(=C/C=C2/N(Cc3ccsc3)c3ccccc3C2(C)C)c2c3ccccc3cc3ccccc23)C(C)(C)c2ccccc21,-5.721779,-6.833164,-5.756382,-6.103775
CCN1/C(=C/C=C(/C=C/C2=[N+](CC)c3ccc(Br)cc3C2(C)C)c2c3ccccc3cc3ccccc23)C(C)(C)c2ccccc21,-5.6891065,-6.808772,-5.8086185,-6.102165666666667
CCCCN1/C(=C/C=C(/C=C/C2=[N+](CC)c3ccc(Br)cc3C2(C)C)c2c3ccccc3cc3ccccc23)C(C)(C)c2ccccc21,-5.689877,-6.8271065,-5.8079715,-6.108318333333333
CC[N+]1=C(/C=C/C(=C/C=C2/N(CCCCN)c3ccccc3C2(C)C)c2c3ccccc3cc3ccccc23)C(C)(C)c2cc(Br)ccc21,-5.586158,-7.2979565,-6.1638513,-6.349321933333333
CC[N+]1=C(/C=C/C(=C/C=C2/N(CCCCO)c3ccccc3C2(C)C)c2c3ccccc3cc3ccccc23)C(C)(C)c2cc(Br)ccc21,-5.644069,-7.025925,-5.8789716,-6.182988533333333
CC[N+]1=C(/C=C/C(=C/C=C2/N(CCCC[N+](CC)(CC)CC)c3ccccc3C2(C)C)c2c3ccccc3cc3ccccc23)C(C)(C)c2cc(Br)ccc21,-5.9284377,-7.5386124,-6.1388574,-6.5353025
CC[N+]1=C(/C=C/C(=C/C=C2/N(CCCCS(=O)(=O)O)c3ccccc3C2(C)C)c2c3ccccc3cc3ccccc23)C(C)(C)c2cc(Br)ccc21,-5.865347,-7.5719247,-5.777612,-6.404961233333334
CC[N+]1=C(/C=C/C(=C/C=C2/N(Cc3ccccc3)c3ccccc3C2(C)C)c2c3ccccc3cc3ccccc23)C(C)(C)c2cc(Br)ccc21,-5.6794724,-6.9146852,-5.840806,-6.144987866666667
CC[N+]1=C(/C=C/C(=C/C=C2/N(Cc3ccsc3)c3ccccc3C2(C)C)c2c3ccccc3cc3ccccc23)C(C)(C)c2cc(Br)ccc21,-5.6686635,-6.858011,-5.8334794,-6.1200513
CCN1/C(=C/C=C(/C=C/C2=[N+](CC)c3ccc(I)cc3C2(C)C)c2c3ccccc3cc3ccccc23)C(C)(C)c2ccccc21,-5.7322106,-6.6693745,-5.711903,-6.037829366666667
CCCCN1/C(=C/C=C(/C=C/C2=[N+](CC)c3ccc(I)cc3C2(C)C)c2c3ccccc3cc3ccccc23)C(C)(C)c2ccccc21,-5.7292867,-6.6847005,-5.7116966,-6.0418946
CC[N+]1=C(/C=C/C(=C/C=C2/N(CCCCN)c3ccccc3C2(C)C)c2c3ccccc3cc3ccccc23)C(C)(C)c2cc(I)ccc21,-5.6101923,-7.1288977,-6.0427914,-6.260627133333333
CC[N+]1=C(/C=C/C(=C/C=C2/N(CCCCO)c3ccccc3C2(C)C)c2c3ccccc3cc3ccccc23)C(C)(C)c2cc(I)ccc21,-5.686671,-6.880253,-5.77958,-6.1155013333333335
CC[N+]1=C(/C=C/C(=C/C=C2/N(CCCC[N+](CC)(CC)CC)c3ccccc3C2(C)C)c2c3ccccc3cc3ccccc23)C(C)(C)c2cc(I)ccc21,-5.9821653,-7.369664,-6.0248933,-6.458907533333334
CC[N+]1=C(/C=C/C(=C/C=C2/N(CCCCS(=O)(=O)O)c3ccccc3C2(C)C)c2c3ccccc3cc3ccccc23)C(C)(C)c2cc(I)ccc21,-5.918299,-7.4350224,-5.6739798,-6.342433733333333
CC[N+]1=C(/C=C/C(=C/C=C2/N(Cc3ccccc3)c3ccccc3C2(C)C)c2c3ccccc3cc3ccccc23)C(C)(C)c2cc(I)ccc21,-5.7250495,-6.7758007,-5.743834,-6.081561399999999
CC[N+]1=C(/C=C/C(=C/C=C2/N(Cc3ccsc3)c3ccccc3C2(C)C)c2c3ccccc3cc3ccccc23)C(C)(C)c2cc(I)ccc21,-5.7130384,-6.7198806,-5.738549,-6.057156
CCCC[N+]1=C(/C=C/C(=C/C=C2/N(CC)c3ccccc3C2(C)C)c2c3ccccc3cc3ccccc23)C(C)(C)c2ccccc21,-5.7265973,-6.8095694,-5.7450767,-6.0937478
CCCCN1/C(=C/C=C(/C=C/C2=[N+](CCCC)c3ccccc3C2(C)C)c2c3ccccc3cc3ccccc23)C(C)(C)c2ccccc21,-5.724096,-6.8260527,-5.743789,-6.097979233333334
CCCC[N+]1=C(/C=C/C(=C/C=C2/N(CCCCN)c3ccccc3C2(C)C)c2c3ccccc3cc3ccccc23)C(C)(C)c2ccccc21,-5.609972,-7.280878,-6.0851145,-6.3253215
CCCC[N+]1=C(/C=C/C(=C/C=C2/N(CCCCO)c3ccccc3C2(C)C)c2c3ccccc3cc3ccccc23)C(C)(C)c2ccccc21,-5.684268,-7.023873,-5.8136716,-6.1739375333333335
CCCC[N+]1=C(/C=C/C(=C/C=C2/N(CCCC[N+](CC)(CC)CC)c3ccccc3C2(C)C)c2c3ccccc3cc3ccccc23)C(C)(C)c2ccccc21,-5.9714026,-7.513791,-6.0718975,-6.519030366666667
CCCC[N+]1=C(/C=C/C(=C/C=C2/N(CCCCS(=O)(=O)O)c3ccccc3C2(C)C)c2c3ccccc3cc3ccccc23)C(C)(C)c2ccccc21,-5.895509,-7.5825877,-5.7130322,-6.397042966666667
CCCC[N+]1=C(/C=C/C(=C/C=C2/N(Cc3ccccc3)c3ccccc3C2(C)C)c2c3ccccc3cc3ccccc23)C(C)(C)c2ccccc21,-5.715896,-6.919694,-5.7780676,-6.137885866666667
CCCC[N+]1=C(/C=C/C(=C/C=C2/N(Cc3ccsc3)c3ccccc3C2(C)C)c2c3ccccc3cc3ccccc23)C(C)(C)c2ccccc21,-5.705519,-6.8635054,-5.7722826,-6.1137690000000005
CCCC[N+]1=C(/C=C/C(=C/C=C2/N(CC)c3ccccc3C2(C)C)c2c3ccccc3cc3ccccc23)C(C)(C)c2cc(Br)ccc21,-5.674428,-6.8453646,-5.82677,-6.1155208666666665
CCCCN1/C(=C/C=C(/C=C/C2=[N+](CCCC)c3ccc(Br)cc3C2(C)C)c2c3ccccc3cc3ccccc23)C(C)(C)c2ccccc21,-5.675931,-6.8609877,-5.8245234,-6.120480700000001
CCCC[N+]1=C(/C=C/C(=C/C=C2/N(CCCCN)c3ccccc3C2(C)C)c2c3ccccc3cc3ccccc23)C(C)(C)c2cc(Br)ccc21,-5.5744348,-7.323389,-6.175428,-6.3577506
CCCC[N+]1=C(/C=C/C(=C/C=C2/N(CCCCO)c3ccccc3C2(C)C)c2c3ccccc3cc3ccccc23)C(C)(C)c2cc(Br)ccc21,-5.631724,-7.057109,-5.8952556,-6.194696199999999
CCCC[N+]1=C(/C=C/C(=C/C=C2/N(CCCC[N+](CC)(CC)CC)c3ccccc3C2(C)C)c2c3ccccc3cc3ccccc23)C(C)(C)c2cc(Br)ccc21,-5.9093304,-7.5766845,-6.159238,-6.548417633333334
CCCC[N+]1=C(/C=C/C(=C/C=C2/N(CCCCS(=O)(=O)O)c3ccccc3C2(C)C)c2c3ccccc3cc3ccccc23)C(C)(C)c2cc(Br)ccc21,-5.8415704,-7.5911236,-5.7909555,-6.407883166666667
CCCC[N+]1=C(/C=C/C(=C/C=C2/N(Cc3ccccc3)c3ccccc3C2(C)C)c2c3ccccc3cc3ccccc23)C(C)(C)c2cc(Br)ccc21,-5.665998,-6.9509544,-5.8579426,-6.158298333333334
CCCC[N+]1=C(/C=C/C(=C/C=C2/N(Cc3ccsc3)c3ccccc3C2(C)C)c2c3ccccc3cc3ccccc23)C(C)(C)c2cc(Br)ccc21,-5.6540947,-6.892517,-5.850976,-6.132529233333333
CCCC[N+]1=C(/C=C/C(=C/C=C2/N(CC)c3ccccc3C2(C)C)c2c3ccccc3cc3ccccc23)C(C)(C)c2cc(I)ccc21,-5.7155914,-6.7026334,-5.729607,-6.0492772666666665
CCCCN1/C(=C/C=C(/C=C/C2=[N+](CCCC)c3ccc(I)cc3C2(C)C)c2c3ccccc3cc3ccccc23)C(C)(C)c2ccccc21,-5.7117376,-6.71887,-5.728953,-6.053186866666667
CCCC[N+]1=C(/C=C/C(=C/C=C2/N(CCCCN)c3ccccc3C2(C)C)c2c3ccccc3cc3ccccc23)C(C)(C)c2cc(I)ccc21,-5.5967393,-7.158801,-6.0569797,-6.27084
CCCC[N+]1=C(/C=C/C(=C/C=C2/N(CCCCO)c3ccccc3C2(C)C)c2c3ccccc3cc3ccccc23)C(C)(C)c2cc(I)ccc21,-5.672219,-6.912399,-5.7954526,-6.1266902
CCCC[N+]1=C(/C=C/C(=C/C=C2/N(CCCC[N+](CC)(CC)CC)c3ccccc3C2(C)C)c2c3ccccc3cc3ccccc23)C(C)(C)c2cc(I)ccc21,-5.962872,-7.4088273,-6.046014,-6.4725711
CCCC[N+]1=C(/C=C/C(=C/C=C2/N(CCCCS(=O)(=O)O)c3ccccc3C2(C)C)c2c3ccccc3cc3ccccc23)C(C)(C)c2cc(I)ccc21,-5.8910418,-7.4589877,-5.6894817,-6.346503733333333
CCCC[N+]1=C(/C=C/C(=C/C=C2/N(Cc3ccccc3)c3ccccc3C2(C)C)c2c3ccccc3cc3ccccc23)C(C)(C)c2cc(I)ccc21,-5.7088633,-6.8121805,-5.7608447,-6.093962833333333
CCCC[N+]1=C(/C=C/C(=C/C=C2/N(Cc3ccsc3)c3ccccc3C2(C)C)c2c3ccccc3cc3ccccc23)C(C)(C)c2cc(I)ccc21,-5.696517,-6.7556615,-5.7557106,-6.069296366666666
CCN1/C(=C/C=C(/C=C/C2=[N+](CCCCN)c3ccccc3C2(C)C)c2c3ccccc3cc3ccccc23)C(C)(C)c2ccccc21,-5.6082172,-7.3089066,-6.120881,-6.3460016
CCCCN1/C(=C/C=C(/C=C/C2=[N+](CCCCN)c3ccccc3C2(C)C)c2c3ccccc3cc3ccccc23)C(C)(C)c2ccccc21,-5.6099315,-7.324256,-6.1183577,-6.3508484
CC1(C)C(/C=C/C(=C/C=C2/N(CCCCN)c3ccccc3C2(C)C)c2c3ccccc3cc3ccccc23)=[N+](CCCCN)c2ccccc21,-5.6006894,-7.8469515,-6.591979,-6.6798733
CC1(C)C(/C=C/C(=C/C=C2/N(CCCCO)c3ccccc3C2(C)C)c2c3ccccc3cc3ccccc23)=[N+](CCCCN)c2ccccc21,-5.591306,-7.577941,-6.249897,-6.4730479999999995
CC[N+](CC)(CC)CCCCN1/C(=C/C=C(/C=C/C2=[N+](CCCCN)c3ccccc3C2(C)C)c2c3ccccc3cc3ccccc23)C(C)(C)c2ccccc21,-5.8127623,-8.09434,-6.4978724,-6.801658233333335
CC1(C)C(/C=C/C(=C/C=C2/N(CCCCS(=O)(=O)O)c3ccccc3C2(C)C)c2c3ccccc3cc3ccccc23)=[N+](CCCCN)c2ccccc21,-5.7629976,-8.030332,-6.1173177,-6.636882433333334
CC1(C)C(/C=C/C(=C/C=C2/N(Cc3ccccc3)c3ccccc3C2(C)C)c2c3ccccc3cc3ccccc23)=[N+](CCCCN)c2ccccc21,-5.5929327,-7.414559,-6.15732,-6.388270566666667
CC1(C)C(/C=C/C(=C/C=C2/N(Cc3ccsc3)c3ccccc3C2(C)C)c2c3ccccc3cc3ccccc23)=[N+](CCCCN)c2ccccc21,-5.5833607,-7.353224,-6.1445446,-6.360376433333333
CCN1/C(=C/C=C(/C=C/C2=[N+](CCCCN)c3ccc(Br)cc3C2(C)C)c2c3ccccc3cc3ccccc23)C(C)(C)c2ccccc21,-5.576785,-7.356292,-6.2136307,-6.3822359
CCCCN1/C(=C/C=C(/C=C/C2=[N+](CCCCN)c3ccc(Br)cc3C2(C)C)c2c3ccccc3cc3ccccc23)C(C)(C)c2ccccc21,-5.577239,-7.367695,-6.211116,-6.38535
CC1(C)C(/C=C/C(=C/C=C2/N(CCCCN)c3ccccc3C2(C)C)c2c3ccccc3cc3ccccc23)=[N+](CCCCN)c2ccc(Br)cc21,-5.6004767,-7.8540726,-6.652645,-6.7023981
CC1(C)C(/C=C/C(=C/C=C2/N(CCCCO)c3ccccc3C2(C)C)c2c3ccccc3cc3ccccc23)=[N+](CCCCN)c2ccc(Br)cc21,-5.5678873,-7.602431,-6.337737,-6.5026851
CC[N+](CC)(CC)CCCCN1/C(=C/C=C(/C=C/C2=[N+](CCCCN)c3ccc(Br)cc3C2(C)C)c2c3ccccc3cc3ccccc23)C(C)(C)c2ccccc21,-5.7673726,-8.156014,-6.5946546,-6.839347066666666
CC1(C)C(/C=C/C(=C/C=C2/N(CCCCS(=O)(=O)O)c3ccccc3C2(C)C)c2c3ccccc3cc3ccccc23)=[N+](CCCCN)c2ccc(Br)cc21,-5.7321343,-8.024972,-6.209118,-6.6554081
CC1(C)C(/C=C/C(=C/C=C2/N(Cc3ccccc3)c3ccccc3C2(C)C)c2c3ccccc3cc3ccccc23)=[N+](CCCCN)c2ccc(Br)cc21,-5.5598407,-7.4616003,-6.2555966,-6.4256792
CC1(C)C(/C=C/C(=C/C=C2/N(Cc3ccsc3)c3ccccc3C2(C)C)c2c3ccccc3cc3ccccc23)=[N+](CCCCN)c2ccc(Br)cc21,-5.5526614,-7.400114,-6.2366643,-6.3964799
CCN1/C(=C/C=C(/C=C/C2=[N+](CCCCN)c3ccc(I)cc3C2(C)C)c2c3ccccc3cc3ccccc23)C(C)(C)c2ccccc21,-5.596179,-7.187345,-6.0865355,-6.290019833333333
CCCCN1/C(=C/C=C(/C=C/C2=[N+](CCCCN)c3ccc(I)cc3C2(C)C)c2c3ccccc3cc3ccccc23)C(C)(C)c2ccccc21,-5.596563,-7.1994915,-6.0856876,-6.293914033333333
CC1(C)C(/C=C/C(=C/C=C2/N(CCCCN)c3ccccc3C2(C)C)c2c3ccccc3cc3ccccc23)=[N+](CCCCN)c2ccc(I)cc21,-5.5889378,-7.7246294,-6.5377574,-6.6171082000000006
CC1(C)C(/C=C/C(=C/C=C2/N(CCCCO)c3ccccc3C2(C)C)c2c3ccccc3cc3ccccc23)=[N+](CCCCN)c2ccc(I)cc21,-5.582889,-7.440041,-6.2077994,-6.410243133333332
CC[N+](CC)(CC)CCCCN1/C(=C/C=C(/C=C/C2=[N+](CCCCN)c3ccc(I)cc3C2(C)C)c2c3ccccc3cc3ccccc23)C(C)(C)c2ccccc21,-5.8054414,-7.975772,-6.462528,-6.7479138
CC1(C)C(/C=C/C(=C/C=C2/N(CCCCS(=O)(=O)O)c3ccccc3C2(C)C)c2c3ccccc3cc3ccccc23)=[N+](CCCCN)c2ccc(I)cc21,-5.760933,-7.90588,-6.0914927,-6.5861019
CC1(C)C(/C=C/C(=C/C=C2/N(Cc3ccccc3)c3ccccc3C2(C)C)c2c3ccccc3cc3ccccc23)=[N+](CCCCN)c2ccc(I)cc21,-5.584155,-7.286991,-6.1219687,-6.3310382333333335
CC1(C)C(/C=C/C(=C/C=C2/N(Cc3ccsc3)c3ccccc3C2(C)C)c2c3ccccc3cc3ccccc23)=[N+](CCCCN)c2ccc(I)cc21,-5.5732646,-7.2297945,-6.1092906,-6.304116566666667
CCN1/C(=C/C=C(/C=C/C2=[N+](CCCCO)c3ccccc3C2(C)C)c2c3ccccc3cc3ccccc23)C(C)(C)c2ccccc21,-5.689284,-6.9834266,-5.8067155,-6.159808699999999
CCCCN1/C(=C/C=C(/C=C/C2=[N+](CCCCO)c3ccccc3C2(C)C)c2c3ccccc3cc3ccccc23)C(C)(C)c2ccccc21,-5.690793,-6.9968753,-5.803225,-6.1636311
CC1(C)C(/C=C/C(=C/C=C2/N(CCCCN)c3ccccc3C2(C)C)c2c3ccccc3cc3ccccc23)=[N+](CCCCO)c2ccccc21,-5.591708,-7.510068,-6.203549,-6.435108333333333
CC1(C)C(/C=C/C(=C/C=C2/N(CCCCO)c3ccccc3C2(C)C)c2c3ccccc3cc3ccccc23)=[N+](CCCCO)c2ccccc21,-5.6532483,-7.21749,-5.8814306,-6.250722966666667
CC[N+](CC)(CC)CCCCN1/C(=C/C=C(/C=C/C2=[N+](CCCCO)c3ccccc3C2(C)C)c2c3ccccc3cc3ccccc23)C(C)(C)c2ccccc21,-5.9285474,-7.7078667,-6.1579156,-6.5981099
CC1(C)C(/C=C/C(=C/C=C2/N(CCCCS(=O)(=O)O)c3ccccc3C2(C)C)c2c3ccccc3cc3ccccc23)=[N+](CCCCO)c2ccccc21,-5.8558445,-7.7661037,-5.785365,-6.4691044
CC1(C)C(/C=C/C(=C/C=C2/N(Cc3ccccc3)c3ccccc3C2(C)C)c2c3ccccc3cc3ccccc23)=[N+](CCCCO)c2ccccc21,-5.6742315,-7.091712,-5.8418226,-6.2025887
CC1(C)C(/C=C/C(=C/C=C2/N(Cc3ccsc3)c3ccccc3C2(C)C)c2c3ccccc3cc3ccccc23)=[N+](CCCCO)c2ccccc21,-5.665278,-7.0308204,-5.832895,-6.176331133333334
CCN1/C(=C/C=C(/C=C/C2=[N+](CCCCO)c3ccc(Br)cc3C2(C)C)c2c3ccccc3cc3ccccc23)C(C)(C)c2ccccc21,-5.633684,-7.0157056,-5.887199,-6.178862866666666
CCCCN1/C(=C/C=C(/C=C/C2=[N+](CCCCO)c3ccc(Br)cc3C2(C)C)c2c3ccccc3cc3ccccc23)C(C)(C)c2ccccc21,-5.6369295,-7.0309544,-5.885362,-6.1844153
CC1(C)C(/C=C/C(=C/C=C2/N(CCCCN)c3ccccc3C2(C)C)c2c3ccccc3cc3ccccc23)=[N+](CCCCO)c2ccc(Br)cc21,-5.5660253,-7.534656,-6.291252,-6.463977766666666
CC1(C)C(/C=C/C(=C/C=C2/N(CCCCO)c3ccccc3C2(C)C)c2c3ccccc3cc3ccccc23)=[N+](CCCCO)c2ccc(Br)cc21,-5.607747,-7.2468243,-5.9643507,-6.2729740000000005
CC[N+](CC)(CC)CCCCN1/C(=C/C=C(/C=C/C2=[N+](CCCCO)c3ccc(Br)cc3C2(C)C)c2c3ccccc3cc3ccccc23)C(C)(C)c2ccccc21,-5.8718596,-7.769245,-6.2477837,-6.629629433333332
CC1(C)C(/C=C/C(=C/C=C2/N(CCCCS(=O)(=O)O)c3ccccc3C2(C)C)c2c3ccccc3cc3ccccc23)=[N+](CCCCO)c2ccc(Br)cc21,-5.8016906,-7.7749734,-5.8665957,-6.481086566666668
CC1(C)C(/C=C/C(=C/C=C2/N(Cc3ccccc3)c3ccccc3C2(C)C)c2c3ccccc3cc3ccccc23)=[N+](CCCCO)c2ccc(Br)cc21,-5.6194844,-7.120476,-5.920376,-6.220112133333334
CC1(C)C(/C=C/C(=C/C=C2/N(Cc3ccsc3)c3ccccc3C2(C)C)c2c3ccccc3cc3ccccc23)=[N+](CCCCO)c2ccc(Br)cc21,-5.6113396,-7.061526,-5.9115567,-6.194807433333334
CCN1/C(=C/C=C(/C=C/C2=[N+](CCCCO)c3ccc(I)cc3C2(C)C)c2c3ccccc3cc3ccccc23)C(C)(C)c2ccccc21,-5.67703,-6.868885,-5.7873373,-6.1110841
CCCCN1/C(=C/C=C(/C=C/C2=[N+](CCCCO)c3ccc(I)cc3C2(C)C)c2c3ccccc3cc3ccccc23)C(C)(C)c2ccccc21,-5.678399,-6.885734,-5.785098,-6.1164103333333335
CC1(C)C(/C=C/C(=C/C=C2/N(CCCCN)c3ccccc3C2(C)C)c2c3ccccc3cc3ccccc23)=[N+](CCCCO)c2ccc(I)cc21,-5.5842247,-7.3730206,-6.1629043,-6.3733832
CC1(C)C(/C=C/C(=C/C=C2/N(CCCCO)c3ccccc3C2(C)C)c2c3ccccc3cc3ccccc23)=[N+](CCCCO)c2ccc(I)cc21,-5.646875,-7.087028,-5.8565593,-6.196820766666666
CC[N+](CC)(CC)CCCCN1/C(=C/C=C(/C=C/C2=[N+](CCCCO)c3ccc(I)cc3C2(C)C)c2c3ccccc3cc3ccccc23)C(C)(C)c2ccccc21,-5.922188,-7.593323,-6.130238,-6.548583000000001
CC1(C)C(/C=C/C(=C/C=C2/N(CCCCS(=O)(=O)O)c3ccccc3C2(C)C)c2c3ccccc3cc3ccccc23)=[N+](CCCCO)c2ccc(I)cc21,-5.854446,-7.64011,-5.760532,-6.418362666666667
CC1(C)C(/C=C/C(=C/C=C2/N(Cc3ccccc3)c3ccccc3C2(C)C)c2c3ccccc3cc3ccccc23)=[N+](CCCCO)c2ccc(I)cc21,-5.665336,-6.9713135,-5.8196363,-6.152095266666667
CC1(C)C(/C=C/C(=C/C=C2/N(Cc3ccsc3)c3ccccc3C2(C)C)c2c3ccccc3cc3ccccc23)=[N+](CCCCO)c2ccc(I)cc21,-5.6545587,-6.9147797,-5.8124256,-6.1272546666666665
CCN1/C(=C/C=C(/C=C/C2=[N+](CCCC[N+](CC)(CC)CC)c3ccccc3C2(C)C)c2c3ccccc3cc3ccccc23)C(C)(C)c2ccccc21,-5.9803114,-7.490061,-6.0694127,-6.5132617
CCCCN1/C(=C/C=C(/C=C/C2=[N+](CCCC[N+](CC)(CC)CC)c3ccccc3C2(C)C)c2c3ccccc3cc3ccccc23)C(C)(C)c2ccccc21,-5.973101,-7.508341,-6.0733056,-6.5182492
CC[N+](CC)(CC)CCCC[N+]1=C(/C=C/C(=C/C=C2/N(CCCCN)c3ccccc3C2(C)C)c2c3ccccc3cc3ccccc23)C(C)(C)c2ccccc21,-5.8187118,-8.049473,-6.468831,-6.779005266666668
CC[N+](CC)(CC)CCCC[N+]1=C(/C=C/C(=C/C=C2/N(CCCCO)c3ccccc3C2(C)C)c2c3ccccc3cc3ccccc23)C(C)(C)c2ccccc21,-5.926455,-7.7313986,-6.1697116,-6.6091884
CC[N+](CC)(CC)CCCCN1/C(=C/C=C(/C=C/C2=[N+](CCCC[N+](CC)(CC)CC)c3ccccc3C2(C)C)c2c3ccccc3cc3ccccc23)C(C)(C)c2ccccc21,-6.1385984,-8.240763,-6.4278007,-6.9357207
CC[N+](CC)(CC)CCCC[N+]1=C(/C=C/C(=C/C=C2/N(CCCCS(=O)(=O)O)c3ccccc3C2(C)C)c2c3ccccc3cc3ccccc23)C(C)(C)c2ccccc21,-6.0971417,-8.2864895,-6.098924,-6.8275184
CC[N+](CC)(CC)CCCC[N+]1=C(/C=C/C(=C/C=C2/N(Cc3ccccc3)c3ccccc3C2(C)C)c2c3ccccc3cc3ccccc23)C(C)(C)c2ccccc21,-5.967973,-7.582685,-6.1019144,-6.550857466666666
CC[N+](CC)(CC)CCCC[N+]1=C(/C=C/C(=C/C=C2/N(Cc3ccsc3)c3ccccc3C2(C)C)c2c3ccccc3cc3ccccc23)C(C)(C)c2ccccc21,-5.960127,-7.5329924,-6.09272,-6.528613133333334
CCN1/C(=C/C=C(/C=C/C2=[N+](CCCC[N+](CC)(CC)CC)c3ccc(Br)cc3C2(C)C)c2c3ccccc3cc3ccccc23)C(C)(C)c2ccccc21,-5.9169154,-7.553015,-6.156334,-6.542088133333333
CCCCN1/C(=C/C=C(/C=C/C2=[N+](CCCC[N+](CC)(CC)CC)c3ccc(Br)cc3C2(C)C)c2c3ccccc3cc3ccccc23)C(C)(C)c2ccccc21,-5.910719,-7.571225,-6.160318,-6.547420666666667
CC[N+](CC)(CC)CCCC[N+]1=C(/C=C/C(=C/C=C2/N(CCCCN)c3ccccc3C2(C)C)c2c3ccccc3cc3ccccc23)C(C)(C)c2cc(Br)ccc21,-5.7716575,-8.109316,-6.563388,-6.814787166666666
CC[N+](CC)(CC)CCCC[N+]1=C(/C=C/C(=C/C=C2/N(CCCCO)c3ccccc3C2(C)C)c2c3ccccc3cc3ccccc23)C(C)(C)c2cc(Br)ccc21,-5.869853,-7.7928896,-6.26035,-6.641030866666667
CC[N+](CC)(CC)CCCCN1/C(=C/C=C(/C=C/C2=[N+](CCCC[N+](CC)(CC)CC)c3ccc(Br)cc3C2(C)C)c2c3ccccc3cc3ccccc23)C(C)(C)c2ccccc21,-6.07996,-8.304848,-6.51772,-6.967509333333333
CC[N+](CC)(CC)CCCC[N+]1=C(/C=C/C(=C/C=C2/N(CCCCS(=O)(=O)O)c3ccccc3C2(C)C)c2c3ccccc3cc3ccccc23)C(C)(C)c2cc(Br)ccc21,-6.0419297,-8.335095,-6.202858,-6.8599609
CC[N+](CC)(CC)CCCC[N+]1=C(/C=C/C(=C/C=C2/N(Cc3ccccc3)c3ccccc3C2(C)C)c2c3ccccc3cc3ccccc23)C(C)(C)c2cc(Br)ccc21,-5.901138,-7.6474066,-6.1923876,-6.5803107333333335
CC[N+](CC)(CC)CCCC[N+]1=C(/C=C/C(=C/C=C2/N(Cc3ccsc3)c3ccccc3C2(C)C)c2c3ccccc3cc3ccccc23)C(C)(C)c2cc(Br)ccc21,-5.8948154,-7.597019,-6.1817307,-6.557855033333333
CCN1/C(=C/C=C(/C=C/C2=[N+](CCCC[N+](CC)(CC)CC)c3ccc(I)cc3C2(C)C)c2c3ccccc3cc3ccccc23)C(C)(C)c2ccccc21,-5.971713,-7.3836045,-6.0423985,-6.465905333333333
CCCCN1/C(=C/C=C(/C=C/C2=[N+](CCCC[N+](CC)(CC)CC)c3ccc(I)cc3C2(C)C)c2c3ccccc3cc3ccccc23)C(C)(C)c2ccccc21,-5.964577,-7.402795,-6.046921,-6.471431
CC[N+](CC)(CC)CCCC[N+]1=C(/C=C/C(=C/C=C2/N(CCCCN)c3ccccc3C2(C)C)c2c3ccccc3cc3ccccc23)C(C)(C)c2cc(I)ccc21,-5.8118052,-7.9317093,-6.4350634,-6.7261926333333335
CC[N+](CC)(CC)CCCC[N+]1=C(/C=C/C(=C/C=C2/N(CCCCO)c3ccccc3C2(C)C)c2c3ccccc3cc3ccccc23)C(C)(C)c2cc(I)ccc21,-5.9194508,-7.616453,-6.14233,-6.559411266666667
CC[N+](CC)(CC)CCCCN1/C(=C/C=C(/C=C/C2=[N+](CCCC[N+](CC)(CC)CC)c3ccc(I)cc3C2(C)C)c2c3ccccc3cc3ccccc23)C(C)(C)c2ccccc21,-6.1322513,-8.132582,-6.3975677,-6.887467
CC[N+](CC)(CC)CCCC[N+]1=C(/C=C/C(=C/C=C2/N(CCCCS(=O)(=O)O)c3ccccc3C2(C)C)c2c3ccccc3cc3ccccc23)C(C)(C)c2cc(I)ccc21,-6.095023,-8.165793,-6.0741405,-6.778318833333334
CC[N+](CC)(CC)CCCC[N+]1=C(/C=C/C(=C/C=C2/N(Cc3ccccc3)c3ccccc3C2(C)C)c2c3ccccc3cc3ccccc23)C(C)(C)c2cc(I)ccc21,-5.9613605,-7.475823,-6.075435,-6.504206166666666
CC[N+](CC)(CC)CCCC[N+]1=C(/C=C/C(=C/C=C2/N(Cc3ccsc3)c3ccccc3C2(C)C)c2c3ccccc3cc3ccccc23)C(C)(C)c2cc(I)ccc21,-5.953081,-7.4273386,-6.067102,-6.482507200000001
CCN1/C(=C/C=C(/C=C/C2=[N+](CCCCS(=O)(=O)O)c3ccccc3C2(C)C)c2c3ccccc3cc3ccccc23)C(C)(C)c2ccccc21,-5.903866,-7.591578,-5.72492,-6.406788
CCCCN1/C(=C/C=C(/C=C/C2=[N+](CCCCS(=O)(=O)O)c3ccccc3C2(C)C)c2c3ccccc3cc3ccccc23)C(C)(C)c2ccccc21,-5.890779,-7.6101007,-5.7262735,-6.409051066666667
CC1(C)C(/C=C/C(=C/C=C2/N(CCCCN)c3ccccc3C2(C)C)c2c3ccccc3cc3ccccc23)=[N+](CCCCS(=O)(=O)O)c2ccccc21,-5.7615657,-8.025253,-6.1027007,-6.629839799999999
CC1(C)C(/C=C/C(=C/C=C2/N(CCCCO)c3ccccc3C2(C)C)c2c3ccccc3cc3ccccc23)=[N+](CCCCS(=O)(=O)O)c2ccccc21,-5.846902,-7.822446,-5.8093033,-6.492883766666666
CC[N+](CC)(CC)CCCCN1/C(=C/C=C(/C=C/C2=[N+](CCCCS(=O)(=O)O)c3ccccc3C2(C)C)c2c3ccccc3cc3ccccc23)C(C)(C)c2ccccc21,-6.091309,-8.321239,-6.1128845,-6.841810833333334
CC1(C)C(/C=C/C(=C/C=C2/N(CCCCS(=O)(=O)O)c3ccccc3C2(C)C)c2c3ccccc3cc3ccccc23)=[N+](CCCCS(=O)(=O)O)c2ccccc21,-5.9653554,-8.297166,-5.6931825,-6.6519013
CC1(C)C(/C=C/C(=C/C=C2/N(Cc3ccccc3)c3ccccc3C2(C)C)c2c3ccccc3cc3ccccc23)=[N+](CCCCS(=O)(=O)O)c2ccccc21,-5.8860693,-7.6992455,-5.7557282,-6.447014333333333
CC1(C)C(/C=C/C(=C/C=C2/N(Cc3ccsc3)c3ccccc3C2(C)C)c2c3ccccc3cc3ccccc23)=[N+](CCCCS(=O)(=O)O)c2ccccc21,-5.881214,-7.642594,-5.7491918,-6.424333266666667
CCN1/C(=C/C=C(/C=C/C2=[N+](CCCCS(=O)(=O)O)c3ccc(Br)cc3C2(C)C)c2c3ccccc3cc3ccccc23)C(C)(C)c2ccccc21,-5.8465185,-7.607199,-5.805561,-6.4197595000000005
CCCCN1/C(=C/C=C(/C=C/C2=[N+](CCCCS(=O)(=O)O)c3ccc(Br)cc3C2(C)C)c2c3ccccc3cc3ccccc23)C(C)(C)c2ccccc21,-5.8379407,-7.619099,-5.80477,-6.420603233333334
CC1(C)C(/C=C/C(=C/C=C2/N(CCCCN)c3ccccc3C2(C)C)c2c3ccccc3cc3ccccc23)=[N+](CCCCS(=O)(=O)O)c2ccc(Br)cc21,-5.7300596,-8.020501,-6.1949453,-6.648501966666667
CC1(C)C(/C=C/C(=C/C=C2/N(CCCCO)c3ccccc3C2(C)C)c2c3ccccc3cc3ccccc23)=[N+](CCCCS(=O)(=O)O)c2ccc(Br)cc21,-5.793361,-7.830343,-5.8910165,-6.504906833333333
CC[N+](CC)(CC)CCCCN1/C(=C/C=C(/C=C/C2=[N+](CCCCS(=O)(=O)O)c3ccc(Br)cc3C2(C)C)c2c3ccccc3cc3ccccc23)C(C)(C)c2ccccc21,-6.0366173,-8.370644,-6.217861,-6.875040766666667
CC1(C)C(/C=C/C(=C/C=C2/N(CCCCS(=O)(=O)O)c3ccccc3C2(C)C)c2c3ccccc3cc3ccccc23)=[N+](CCCCS(=O)(=O)O)c2ccc(Br)cc21,-5.9201665,-8.277622,-5.7738323,-6.657206933333332
CC1(C)C(/C=C/C(=C/C=C2/N(Cc3ccccc3)c3ccccc3C2(C)C)c2c3ccccc3cc3ccccc23)=[N+](CCCCS(=O)(=O)O)c2ccc(Br)cc21,-5.8268886,-7.7152414,-5.8377533,-6.4599611
CC1(C)C(/C=C/C(=C/C=C2/N(Cc3ccsc3)c3ccccc3C2(C)C)c2c3ccccc3cc3ccccc23)=[N+](CCCCS(=O)(=O)O)c2ccc(Br)cc21,-5.8244123,-7.6586494,-5.8290014,-6.437354366666667
CCN1/C(=C/C=C(/C=C/C2=[N+](CCCCS(=O)(=O)O)c3ccc(I)cc3C2(C)C)c2c3ccccc3cc3ccccc23)C(C)(C)c2ccccc21,-5.899018,-7.47013,-5.7026057,-6.357251233333333
CCCCN1/C(=C/C=C(/C=C/C2=[N+](CCCCS(=O)(=O)O)c3ccc(I)cc3C2(C)C)c2c3ccccc3cc3ccccc23)C(C)(C)c2ccccc21,-5.886279,-7.4855146,-5.702663,-6.3581522
CC1(C)C(/C=C/C(=C/C=C2/N(CCCCN)c3ccccc3C2(C)C)c2c3ccccc3cc3ccccc23)=[N+](CCCCS(=O)(=O)O)c2ccc(I)cc21,-5.7594304,-7.901038,-6.076963,-6.5791438
CC1(C)C(/C=C/C(=C/C=C2/N(CCCCO)c3ccccc3C2(C)C)c2c3ccccc3cc3ccccc23)=[N+](CCCCS(=O)(=O)O)c2ccc(I)cc21,-5.846946,-7.6957674,-5.7840776,-6.442263666666666
CC[N+](CC)(CC)CCCCN1/C(=C/C=C(/C=C/C2=[N+](CCCCS(=O)(=O)O)c3ccc(I)cc3C2(C)C)c2c3ccccc3cc3ccccc23)C(C)(C)c2ccccc21,-6.088786,-8.199963,-6.0874443,-6.792064433333333
CC1(C)C(/C=C/C(=C/C=C2/N(CCCCS(=O)(=O)O)c3ccccc3C2(C)C)c2c3ccccc3cc3ccccc23)=[N+](CCCCS(=O)(=O)O)c2ccc(I)cc21,-5.967014,-8.175589,-5.684099,-6.608900666666667
CC1(C)C(/C=C/C(=C/C=C2/N(Cc3ccccc3)c3ccccc3C2(C)C)c2c3ccccc3cc3ccccc23)=[N+](CCCCS(=O)(=O)O)c2ccc(I)cc21,-5.8804207,-7.572626,-5.7340183,-6.395688333333333
CC1(C)C(/C=C/C(=C/C=C2/N(Cc3ccsc3)c3ccccc3C2(C)C)c2c3ccccc3cc3ccccc23)=[N+](CCCCS(=O)(=O)O)c2ccc(I)cc21,-5.8768797,-7.519312,-5.7268176,-6.374336433333333
CCN1/C(=C/C=C(/C=C/C2=[N+](Cc3ccccc3)c3ccccc3C2(C)C)c2c3ccccc3cc3ccccc23)C(C)(C)c2ccccc21,-5.731363,-7.0059633,-5.805273,-6.180866433333333
CCCCN1/C(=C/C=C(/C=C/C2=[N+](Cc3ccccc3)c3ccccc3C2(C)C)c2c3ccccc3cc3ccccc23)C(C)(C)c2ccccc21,-5.73232,-7.022435,-5.8032494,-6.186001466666667
CC1(C)C(/C=C/C(=C/C=C2/N(CCCCN)c3ccccc3C2(C)C)c2c3ccccc3cc3ccccc23)=[N+](Cc2ccccc2)c2ccccc21,-5.612675,-7.5118384,-6.183003,-6.4358388
CC1(C)C(/C=C/C(=C/C=C2/N(CCCCO)c3ccccc3C2(C)C)c2c3ccccc3cc3ccccc23)=[N+](Cc2ccccc2)c2ccccc21,-5.6827707,-7.242875,-5.881293,-6.268979566666666
CC[N+](CC)(CC)CCCCN1/C(=C/C=C(/C=C/C2=[N+](Cc3ccccc3)c3ccccc3C2(C)C)c2c3ccccc3cc3ccccc23)C(C)(C)c2ccccc21,-5.9755707,-7.6893787,-6.13594,-6.600296466666666
CC1(C)C(/C=C/C(=C/C=C2/N(CCCCS(=O)(=O)O)c3ccccc3C2(C)C)c2c3ccccc3cc3ccccc23)=[N+](Cc2ccccc2)c2ccccc21,-5.913013,-7.818452,-5.775426,-6.5022969999999995
CC1(C)C(/C=C/C(=C/C=C2/N(Cc3ccccc3)c3ccccc3C2(C)C)c2c3ccccc3cc3ccccc23)=[N+](Cc2ccccc2)c2ccccc21,-5.7202992,-7.131859,-5.8442388,-6.232132333333333
CC1(C)C(/C=C/C(=C/C=C2/N(Cc3ccsc3)c3ccccc3C2(C)C)c2c3ccccc3cc3ccccc23)=[N+](Cc2ccccc2)c2ccccc21,-5.708449,-7.064152,-5.835099,-6.202566666666667
CCN1/C(=C/C=C(/C=C/C2=[N+](Cc3ccccc3)c3ccc(Br)cc3C2(C)C)c2c3ccccc3cc3ccccc23)C(C)(C)c2ccccc21,-5.680129,-7.0323553,-5.884979,-6.199154433333334
CCCCN1/C(=C/C=C(/C=C/C2=[N+](Cc3ccccc3)c3ccc(Br)cc3C2(C)C)c2c3ccccc3cc3ccccc23)C(C)(C)c2ccccc21,-5.681975,-7.053599,-5.885106,-6.206893333333333
CC1(C)C(/C=C/C(=C/C=C2/N(CCCCN)c3ccccc3C2(C)C)c2c3ccccc3cc3ccccc23)=[N+](Cc2ccccc2)c2ccc(Br)cc21,-5.578232,-7.5571265,-6.287789,-6.4743825
CC1(C)C(/C=C/C(=C/C=C2/N(CCCCO)c3ccccc3C2(C)C)c2c3ccccc3cc3ccccc23)=[N+](Cc2ccccc2)c2ccc(Br)cc21,-5.630315,-7.2691956,-5.9629297,-6.2874801
CC[N+](CC)(CC)CCCCN1/C(=C/C=C(/C=C/C2=[N+](Cc3ccccc3)c3ccc(Br)cc3C2(C)C)c2c3ccccc3cc3ccccc23)C(C)(C)c2ccccc21,-5.9085226,-7.7559547,-6.2285705,-6.631015933333334
CC1(C)C(/C=C/C(=C/C=C2/N(CCCCS(=O)(=O)O)c3ccccc3C2(C)C)c2c3ccccc3cc3ccccc23)=[N+](Cc2ccccc2)c2ccc(Br)cc21,-5.8452353,-7.8291683,-5.8639026,-6.512768733333334
CC1(C)C(/C=C/C(=C/C=C2/N(Cc3ccccc3)c3ccccc3C2(C)C)c2c3ccccc3cc3ccccc23)=[N+](Cc2ccccc2)c2ccc(Br)cc21,-5.66609,-7.1476316,-5.9204564,-6.244726
CC1(C)C(/C=C/C(=C/C=C2/N(Cc3ccsc3)c3ccccc3C2(C)C)c2c3ccccc3cc3ccccc23)=[N+](Cc2ccccc2)c2ccc(Br)cc21,-5.6564837,-7.0813065,-5.911338,-6.216376066666666
CCN1/C(=C/C=C(/C=C/C2=[N+](Cc3ccccc3)c3ccc(I)cc3C2(C)C)c2c3ccccc3cc3ccccc23)C(C)(C)c2ccccc21,-5.7220864,-6.888103,-5.7855186,-6.131902666666666
CCCCN1/C(=C/C=C(/C=C/C2=[N+](Cc3ccccc3)c3ccc(I)cc3C2(C)C)c2c3ccccc3cc3ccccc23)C(C)(C)c2ccccc21,-5.7211995,-6.9046483,-5.783644,-6.136497266666666
CC1(C)C(/C=C/C(=C/C=C2/N(CCCCN)c3ccccc3C2(C)C)c2c3ccccc3cc3ccccc23)=[N+](Cc2ccccc2)c2ccc(I)cc21,-5.6022882,-7.377944,-6.1464047,-6.375545633333334
CC1(C)C(/C=C/C(=C/C=C2/N(CCCCO)c3ccccc3C2(C)C)c2c3ccccc3cc3ccccc23)=[N+](Cc2ccccc2)c2ccc(I)cc21,-5.67831,-7.111163,-5.8586917,-6.2160549000000005
CC[N+](CC)(CC)CCCCN1/C(=C/C=C(/C=C/C2=[N+](Cc3ccccc3)c3ccc(I)cc3C2(C)C)c2c3ccccc3cc3ccccc23)C(C)(C)c2ccccc21,-5.9661727,-7.5778465,-6.11072,-6.551579733333334
CC1(C)C(/C=C/C(=C/C=C2/N(CCCCS(=O)(=O)O)c3ccccc3C2(C)C)c2c3ccccc3cc3ccccc23)=[N+](Cc2ccccc2)c2ccc(I)cc21,-5.9026947,-7.681118,-5.755188,-6.446333566666667
CC1(C)C(/C=C/C(=C/C=C2/N(Cc3ccccc3)c3ccccc3C2(C)C)c2c3ccccc3cc3ccccc23)=[N+](Cc2ccccc2)c2ccc(I)cc21,-5.7124844,-7.0057955,-5.821591,-6.179956966666666
CC1(C)C(/C=C/C(=C/C=C2/N(Cc3ccsc3)c3ccccc3C2(C)C)c2c3ccccc3cc3ccccc23)=[N+](Cc2ccccc2)c2ccc(I)cc21,-5.701535,-6.9445467,-5.8139133,-6.153331666666666
CCN1/C(=C/C=C(/C=C/C2=[N+](Cc3ccsc3)c3ccccc3C2(C)C)c2c3ccccc3cc3ccccc23)C(C)(C)c2ccccc21,-5.7248936,-6.9577594,-5.794079,-6.158910666666666
CCCCN1/C(=C/C=C(/C=C/C2=[N+](Cc3ccsc3)c3ccccc3C2(C)C)c2c3ccccc3cc3ccccc23)C(C)(C)c2ccccc21,-5.7254496,-6.9740133,-5.7916646,-6.163709166666667
CC1(C)C(/C=C/C(=C/C=C2/N(CCCCN)c3ccccc3C2(C)C)c2c3ccccc3cc3ccccc23)=[N+](Cc2ccsc2)c2ccccc21,-5.6070127,-7.46283,-6.1660223,-6.411955
CC1(C)C(/C=C/C(=C/C=C2/N(CCCCO)c3ccccc3C2(C)C)c2c3ccccc3cc3ccccc23)=[N+](Cc2ccsc2)c2ccccc21,-5.6815224,-7.1913776,-5.8668838,-6.246594600000001
CC[N+](CC)(CC)CCCCN1/C(=C/C=C(/C=C/C2=[N+](Cc3ccsc3)c3ccccc3C2(C)C)c2c3ccccc3cc3ccccc23)C(C)(C)c2ccccc21,-5.972001,-7.6470523,-6.1232038,-6.580752366666666
CC1(C)C(/C=C/C(=C/C=C2/N(CCCCS(=O)(=O)O)c3ccccc3C2(C)C)c2c3ccccc3cc3ccccc23)=[N+](Cc2ccsc2)c2ccccc21,-5.9109693,-7.7725406,-5.76601,-6.4831733
CC1(C)C(/C=C/C(=C/C=C2/N(Cc3ccccc3)c3ccccc3C2(C)C)c2c3ccccc3cc3ccccc23)=[N+](Cc2ccsc2)c2ccccc21,-5.7129045,-7.075191,-5.83054,-6.206211833333334
CC1(C)C(/C=C/C(=C/C=C2/N(Cc3ccsc3)c3ccccc3C2(C)C)c2c3ccccc3cc3ccccc23)=[N+](Cc2ccsc2)c2ccccc21,-5.7020636,-7.012517,-5.8225083,-6.179029633333333
CCN1/C(=C/C=C(/C=C/C2=[N+](Cc3ccsc3)c3ccc(Br)cc3C2(C)C)c2c3ccccc3cc3ccccc23)C(C)(C)c2ccccc21,-5.674558,-6.9826155,-5.8730874,-6.176753633333333
CCCCN1/C(=C/C=C(/C=C/C2=[N+](Cc3ccsc3)c3ccc(Br)cc3C2(C)C)c2c3ccccc3cc3ccccc23)C(C)(C)c2ccccc21,-5.677097,-7.0044446,-5.872891,-6.184810866666666
CC1(C)C(/C=C/C(=C/C=C2/N(CCCCN)c3ccccc3C2(C)C)c2c3ccccc3cc3ccccc23)=[N+](Cc2ccsc2)c2ccc(Br)cc21,-5.5742087,-7.509467,-6.268078,-6.450584566666667
CC1(C)C(/C=C/C(=C/C=C2/N(CCCCO)c3ccccc3C2(C)C)c2c3ccccc3cc3ccccc23)=[N+](Cc2ccsc2)c2ccc(Br)cc21,-5.6275325,-7.222371,-5.94942,-6.266441166666667
CC[N+](CC)(CC)CCCCN1/C(=C/C=C(/C=C/C2=[N+](Cc3ccsc3)c3ccc(Br)cc3C2(C)C)c2c3ccccc3cc3ccccc23)C(C)(C)c2ccccc21,-5.9050093,-7.7126913,-6.2143693,-6.6106899666666665
CC1(C)C(/C=C/C(=C/C=C2/N(CCCCS(=O)(=O)O)c3ccccc3C2(C)C)c2c3ccccc3cc3ccccc23)=[N+](Cc2ccsc2)c2ccc(Br)cc21,-5.847063,-7.7871666,-5.8522434,-6.495491
CC1(C)C(/C=C/C(=C/C=C2/N(Cc3ccccc3)c3ccccc3C2(C)C)c2c3ccccc3cc3ccccc23)=[N+](Cc2ccsc2)c2ccc(Br)cc21,-5.660918,-7.092251,-5.9068685,-6.2200125
CC1(C)C(/C=C/C(=C/C=C2/N(Cc3ccsc3)c3ccccc3C2(C)C)c2c3ccccc3cc3ccccc23)=[N+](Cc2ccsc2)c2ccc(Br)cc21,-5.652502,-7.0295296,-5.8982997,-6.193443766666667
CCN1/C(=C/C=C(/C=C/C2=[N+](Cc3ccsc3)c3ccc(I)cc3C2(C)C)c2c3ccccc3cc3ccccc23)C(C)(C)c2ccccc21,-5.7158566,-6.842865,-5.7748637,-6.1111951
CCCCN1/C(=C/C=C(/C=C/C2=[N+](Cc3ccsc3)c3ccc(I)cc3C2(C)C)c2c3ccccc3cc3ccccc23)C(C)(C)c2ccccc21,-5.71477,-6.859516,-5.7731404,-6.1158088
CC1(C)C(/C=C/C(=C/C=C2/N(CCCCN)c3ccccc3C2(C)C)c2c3ccccc3cc3ccccc23)=[N+](Cc2ccsc2)c2ccc(I)cc21,-5.597405,-7.3262014,-6.127831,-6.350479133333334
CC1(C)C(/C=C/C(=C/C=C2/N(CCCCO)c3ccccc3C2(C)C)c2c3ccccc3cc3ccccc23)=[N+](Cc2ccsc2)c2ccc(I)cc21,-5.674966,-7.0627394,-5.845404,-6.1943698
CC[N+](CC)(CC)CCCCN1/C(=C/C=C(/C=C/C2=[N+](Cc3ccsc3)c3ccc(I)cc3C2(C)C)c2c3ccccc3cc3ccccc23)C(C)(C)c2ccccc21,-5.9626026,-7.5373063,-6.097201,-6.532369966666667
CC1(C)C(/C=C/C(=C/C=C2/N(CCCCS(=O)(=O)O)c3ccccc3C2(C)C)c2c3ccccc3cc3ccccc23)=[N+](Cc2ccsc2)c2ccc(I)cc21,-5.903894,-7.6419067,-5.7442813,-6.430027333333334
CC1(C)C(/C=C/C(=C/C=C2/N(Cc3ccccc3)c3ccccc3C2(C)C)c2c3ccccc3cc3ccccc23)=[N+](Cc2ccsc2)c2ccc(I)cc21,-5.705488,-6.953752,-5.809073,-6.156104333333334
CC1(C)C(/C=C/C(=C/C=C2/N(Cc3ccsc3)c3ccccc3C2(C)C)c2c3ccccc3cc3ccccc23)=[N+](Cc2ccsc2)c2ccc(I)cc21,-5.6957326,-6.8942466,-5.801509,-6.130496066666667
CCN1/C(=C/C=C/C=C/C2=[N+](CC)c3ccccc3C2(C)C)C(C)(C)c2cc(Br)ccc21,-5.820933,-6.3031445,-5.532082,-5.8853865
CCCCN1/C(=C/C=C/C=C/C2=[N+](CC)c3ccccc3C2(C)C)C(C)(C)c2cc(Br)ccc21,-5.8160386,-6.322698,-5.5332284,-5.890655
CC[N+]1=C(/C=C/C=C/C=C2/N(CCCCN)c3ccc(Br)cc3C2(C)C)C(C)(C)c2ccccc21,-5.698402,-6.816419,-5.8838305,-6.1328838333333335
CC[N+]1=C(/C=C/C=C/C=C2/N(CCCCO)c3ccc(Br)cc3C2(C)C)C(C)(C)c2ccccc21,-5.785801,-6.533968,-5.6089015,-5.976223500000001
CC[N+]1=C(/C=C/C=C/C=C2/N(CCCC[N+](CC)(CC)CC)c3ccc(Br)cc3C2(C)C)C(C)(C)c2ccccc21,-6.078025,-7.0101566,-5.835145,-6.307775533333333
CC[N+]1=C(/C=C/C=C/C=C2/N(CCCCS(=O)(=O)O)c3ccc(Br)cc3C2(C)C)C(C)(C)c2ccccc21,-6.0159464,-7.088191,-5.504717,-6.202951466666666
CC[N+]1=C(/C=C/C=C/C=C2/N(Cc3ccccc3)c3ccc(Br)cc3C2(C)C)C(C)(C)c2ccccc21,-5.813174,-6.412426,-5.570647,-5.932082333333334
CC[N+]1=C(/C=C/C=C/C=C2/N(Cc3ccsc3)c3ccc(Br)cc3C2(C)C)C(C)(C)c2ccccc21,-5.8014607,-6.3601704,-5.5646873,-5.9087728
CCN1/C(=C/C=C/C=C/C2=[N+](CC)c3ccc(Br)cc3C2(C)C)C(C)(C)c2cc(Br)ccc21,-5.764714,-6.3638806,-5.616412,-5.9150022
CCCCN1/C(=C/C=C/C=C/C2=[N+](CC)c3ccc(Br)cc3C2(C)C)C(C)(C)c2cc(Br)ccc21,-5.7599983,-6.380862,-5.616642,-5.919167433333333
CC[N+]1=C(/C=C/C=C/C=C2/N(CCCCN)c3ccc(Br)cc3C2(C)C)C(C)(C)c2cc(Br)ccc21,-5.6534767,-6.8673253,-5.9652615,-6.162021166666666
CC[N+]1=C(/C=C/C=C/C=C2/N(CCCCO)c3ccc(Br)cc3C2(C)C)C(C)(C)c2cc(Br)ccc21,-5.7302876,-6.5834427,-5.694566,-6.002765433333333
CC[N+]1=C(/C=C/C=C/C=C2/N(CCCC[N+](CC)(CC)CC)c3ccc(Br)cc3C2(C)C)C(C)(C)c2cc(Br)ccc21,-6.0120187,-7.0749106,-5.9286375,-6.338522266666666
CC[N+]1=C(/C=C/C=C/C=C2/N(CCCCS(=O)(=O)O)c3ccc(Br)cc3C2(C)C)C(C)(C)c2cc(Br)ccc21,-5.9565797,-7.122758,-5.59631,-6.225215899999999
CC[N+]1=C(/C=C/C=C/C=C2/N(Cc3ccccc3)c3ccc(Br)cc3C2(C)C)C(C)(C)c2cc(Br)ccc21,-5.758937,-6.467732,-5.651197,-5.959288666666667
CC[N+]1=C(/C=C/C=C/C=C2/N(Cc3ccsc3)c3ccc(Br)cc3C2(C)C)C(C)(C)c2cc(Br)ccc21,-5.7475176,-6.418519,-5.6445603,-5.936865633333333
CCN1/C(=C/C=C/C=C/C2=[N+](CC)c3ccc(I)cc3C2(C)C)C(C)(C)c2cc(Br)ccc21,-5.8104334,-6.1952076,-5.5110087,-5.838883233333334
CCCCN1/C(=C/C=C/C=C/C2=[N+](CC)c3ccc(I)cc3C2(C)C)C(C)(C)c2cc(Br)ccc21,-5.805133,-6.2144494,-5.512901,-5.844161133333333
CC[N+]1=C(/C=C/C=C/C=C2/N(CCCCN)c3ccc(Br)cc3C2(C)C)C(C)(C)c2cc(I)ccc21,-5.6863403,-6.696123,-5.851774,-6.0780791
CC[N+]1=C(/C=C/C=C/C=C2/N(CCCCO)c3ccc(Br)cc3C2(C)C)C(C)(C)c2cc(I)ccc21,-5.770221,-6.419671,-5.588627,-5.9261729999999995
CC[N+]1=C(/C=C/C=C/C=C2/N(CCCC[N+](CC)(CC)CC)c3ccc(Br)cc3C2(C)C)C(C)(C)c2cc(I)ccc21,-6.0713797,-6.901742,-5.8072886,-6.260136766666666
CC[N+]1=C(/C=C/C=C/C=C2/N(CCCCS(=O)(=O)O)c3ccc(Br)cc3C2(C)C)C(C)(C)c2cc(I)ccc21,-6.0114784,-6.9542513,-5.4797034,-6.148477700000001
CC[N+]1=C(/C=C/C=C/C=C2/N(Cc3ccccc3)c3ccc(Br)cc3C2(C)C)C(C)(C)c2cc(I)ccc21,-5.801799,-6.3075705,-5.553047,-5.887472166666666
CC[N+]1=C(/C=C/C=C/C=C2/N(Cc3ccsc3)c3ccc(Br)cc3C2(C)C)C(C)(C)c2cc(I)ccc21,-5.7908254,-6.256511,-5.5452476,-5.864194666666666
CCCC[N+]1=C(/C=C/C=C/C=C2/N(CC)c3ccc(Br)cc3C2(C)C)C(C)(C)c2ccccc21,-5.7984605,-6.345887,-5.5544877,-5.899611733333334
CCCCN1/C(=C/C=C/C=C/C2=[N+](CCCC)c3ccccc3C2(C)C)C(C)(C)c2cc(Br)ccc21,-5.792958,-6.3665195,-5.5562105,-5.905229333333334
CCCC[N+]1=C(/C=C/C=C/C=C2/N(CCCCN)c3ccc(Br)cc3C2(C)C)C(C)(C)c2ccccc21,-5.682367,-6.846026,-5.8979034,-6.1420988
CCCC[N+]1=C(/C=C/C=C/C=C2/N(CCCCO)c3ccc(Br)cc3C2(C)C)C(C)(C)c2ccccc21,-5.7621465,-6.574514,-5.627688,-5.988116166666667
CCCC[N+]1=C(/C=C/C=C/C=C2/N(CCCC[N+](CC)(CC)CC)c3ccc(Br)cc3C2(C)C)C(C)(C)c2ccccc21,-6.0545797,-7.0506563,-5.8572803,-6.320838766666667
CCCC[N+]1=C(/C=C/C=C/C=C2/N(CCCCS(=O)(=O)O)c3ccc(Br)cc3C2(C)C)C(C)(C)c2ccccc21,-5.9803867,-7.116103,-5.5233746,-6.206621433333333
CCCC[N+]1=C(/C=C/C=C/C=C2/N(Cc3ccccc3)c3ccc(Br)cc3C2(C)C)C(C)(C)c2ccccc21,-5.792706,-6.455167,-5.592153,-5.946675333333334
CCCC[N+]1=C(/C=C/C=C/C=C2/N(Cc3ccsc3)c3ccc(Br)cc3C2(C)C)C(C)(C)c2ccccc21,-5.7803197,-6.4026656,-5.5861487,-5.923044666666666
CCCC[N+]1=C(/C=C/C=C/C=C2/N(CC)c3ccc(Br)cc3C2(C)C)C(C)(C)c2cc(Br)ccc21,-5.7432923,-6.406249,-5.6374774,-5.929006233333332
CCCCN1/C(=C/C=C/C=C/C2=[N+](CCCC)c3ccc(Br)cc3C2(C)C)C(C)(C)c2cc(Br)ccc21,-5.737365,-6.424199,-5.63928,-5.933614666666666
CCCC[N+]1=C(/C=C/C=C/C=C2/N(CCCCN)c3ccc(Br)cc3C2(C)C)C(C)(C)c2cc(Br)ccc21,-5.6383977,-6.8978305,-5.9795837,-6.1719373
CCCC[N+]1=C(/C=C/C=C/C=C2/N(CCCCO)c3ccc(Br)cc3C2(C)C)C(C)(C)c2cc(Br)ccc21,-5.7133646,-6.6190934,-5.711042,-6.014499999999999
CCCC[N+]1=C(/C=C/C=C/C=C2/N(CCCC[N+](CC)(CC)CC)c3ccc(Br)cc3C2(C)C)C(C)(C)c2cc(Br)ccc21,-5.989218,-7.119587,-5.9504843,-6.3530964333333335
CCCC[N+]1=C(/C=C/C=C/C=C2/N(CCCCS(=O)(=O)O)c3ccc(Br)cc3C2(C)C)C(C)(C)c2cc(Br)ccc21,-5.9248586,-7.1544237,-5.6137757,-6.231019333333333
CCCC[N+]1=C(/C=C/C=C/C=C2/N(Cc3ccccc3)c3ccc(Br)cc3C2(C)C)C(C)(C)c2cc(Br)ccc21,-5.7399745,-6.5065985,-5.67034,-5.972304333333334
CCCC[N+]1=C(/C=C/C=C/C=C2/N(Cc3ccsc3)c3ccc(Br)cc3C2(C)C)C(C)(C)c2cc(Br)ccc21,-5.7280087,-6.4598913,-5.663991,-5.950630333333333
CCCC[N+]1=C(/C=C/C=C/C=C2/N(CC)c3ccc(Br)cc3C2(C)C)C(C)(C)c2cc(I)ccc21,-5.7870917,-6.241979,-5.5352874,-5.854786033333333
CCCCN1/C(=C/C=C/C=C/C2=[N+](CCCC)c3ccc(I)cc3C2(C)C)C(C)(C)c2cc(Br)ccc21,-5.781491,-6.2637506,-5.5380764,-5.8611059999999995
CCCC[N+]1=C(/C=C/C=C/C=C2/N(CCCCN)c3ccc(Br)cc3C2(C)C)C(C)(C)c2cc(I)ccc21,-5.669216,-6.7313128,-5.868558,-6.0896956
CCCC[N+]1=C(/C=C/C=C/C=C2/N(CCCCO)c3ccc(Br)cc3C2(C)C)C(C)(C)c2cc(I)ccc21,-5.747736,-6.463837,-5.609589,-5.940387333333334
CCCC[N+]1=C(/C=C/C=C/C=C2/N(CCCC[N+](CC)(CC)CC)c3ccc(Br)cc3C2(C)C)C(C)(C)c2cc(I)ccc21,-6.0482845,-6.945303,-5.829748,-6.274445166666666
CCCC[N+]1=C(/C=C/C=C/C=C2/N(CCCCS(=O)(=O)O)c3ccc(Br)cc3C2(C)C)C(C)(C)c2cc(I)ccc21,-5.9739914,-6.9877663,-5.499191,-6.153649566666666
CCCC[N+]1=C(/C=C/C=C/C=C2/N(Cc3ccccc3)c3ccc(Br)cc3C2(C)C)C(C)(C)c2cc(I)ccc21,-5.7814903,-6.35382,-5.5750446,-5.903451633333333
CCCC[N+]1=C(/C=C/C=C/C=C2/N(Cc3ccsc3)c3ccc(Br)cc3C2(C)C)C(C)(C)c2cc(I)ccc21,-5.7696304,-6.3017945,-5.568471,-5.879965299999999
CCN1/C(=C/C=C/C=C/C2=[N+](CCCCN)c3ccccc3C2(C)C)C(C)(C)c2cc(Br)ccc21,-5.677722,-6.867312,-5.9286494,-6.157894466666668
CCCCN1/C(=C/C=C/C=C/C2=[N+](CCCCN)c3ccccc3C2(C)C)C(C)(C)c2cc(Br)ccc21,-5.6797466,-6.886932,-5.9268646,-6.164514399999999
CC1(C)C(/C=C/C=C/C=C2/N(CCCCN)c3ccc(Br)cc3C2(C)C)=[N+](CCCCN)c2ccccc21,-5.676808,-7.4785337,-6.421807,-6.525716233333334
CC1(C)C(/C=C/C=C/C=C2/N(CCCCO)c3ccc(Br)cc3C2(C)C)=[N+](CCCCN)c2ccccc21,-5.671076,-7.130269,-6.044172,-6.281839000000001
CC[N+](CC)(CC)CCCCN1/C(=C/C=C/C=C/C2=[N+](CCCCN)c3ccccc3C2(C)C)C(C)(C)c2cc(Br)ccc21,-5.8805633,-7.625873,-6.288282,-6.598239433333333
CC1(C)C(/C=C/C=C/C=C2/N(CCCCS(=O)(=O)O)c3ccc(Br)cc3C2(C)C)=[N+](CCCCN)c2ccccc21,-5.8577313,-7.639375,-5.952333,-6.483146433333334
CC1(C)C(/C=C/C=C/C=C2/N(Cc3ccccc3)c3ccc(Br)cc3C2(C)C)=[N+](CCCCN)c2ccccc21,-5.668575,-6.952734,-5.956094,-6.1924676666666665
CC1(C)C(/C=C/C=C/C=C2/N(Cc3ccsc3)c3ccc(Br)cc3C2(C)C)=[N+](CCCCN)c2ccccc21,-5.657369,-6.9025116,-5.9482923,-6.169390966666666
CCN1/C(=C/C=C/C=C/C2=[N+](CCCCN)c3ccc(Br)cc3C2(C)C)C(C)(C)c2cc(Br)ccc21,-5.639764,-6.926163,-6.010151,-6.192025999999999
CCCCN1/C(=C/C=C/C=C/C2=[N+](CCCCN)c3ccc(Br)cc3C2(C)C)C(C)(C)c2cc(Br)ccc21,-5.6405683,-6.9414396,-6.0105953,-6.197534399999999
CC1(C)C(/C=C/C=C/C=C2/N(CCCCN)c3ccc(Br)cc3C2(C)C)=[N+](CCCCN)c2ccc(Br)cc21,-5.6901183,-7.5135403,-6.5008235,-6.5681607
CC1(C)C(/C=C/C=C/C=C2/N(CCCCO)c3ccc(Br)cc3C2(C)C)=[N+](CCCCN)c2ccc(Br)cc21,-5.648718,-7.174504,-6.145556,-6.322926
CC[N+](CC)(CC)CCCCN1/C(=C/C=C/C=C/C2=[N+](CCCCN)c3ccc(Br)cc3C2(C)C)C(C)(C)c2cc(Br)ccc21,-5.8323197,-7.693578,-6.3785286,-6.634808766666667
CC1(C)C(/C=C/C=C/C=C2/N(CCCCS(=O)(=O)O)c3ccc(Br)cc3C2(C)C)=[N+](CCCCN)c2ccc(Br)cc21,-5.8199553,-7.65331,-6.06136,-6.511541766666667
CC1(C)C(/C=C/C=C/C=C2/N(Cc3ccccc3)c3ccc(Br)cc3C2(C)C)=[N+](CCCCN)c2ccc(Br)cc21,-5.6265078,-7.011465,-6.044042,-6.227338266666667
CC1(C)C(/C=C/C=C/C=C2/N(Cc3ccsc3)c3ccc(Br)cc3C2(C)C)=[N+](CCCCN)c2ccc(Br)cc21,-5.619913,-6.9619594,-6.02745,-6.203107466666666
CCN1/C(=C/C=C/C=C/C2=[N+](CCCCN)c3ccc(I)cc3C2(C)C)C(C)(C)c2cc(Br)ccc21,-5.6659174,-6.754055,-5.8959665,-6.105312966666666
CCCCN1/C(=C/C=C/C=C/C2=[N+](CCCCN)c3ccc(I)cc3C2(C)C)C(C)(C)c2cc(Br)ccc21,-5.666126,-6.770671,-5.8958817,-6.1108929000000005
CC1(C)C(/C=C/C=C/C=C2/N(CCCCN)c3ccc(Br)cc3C2(C)C)=[N+](CCCCN)c2ccc(I)cc21,-5.6579776,-7.349533,-6.3582067,-6.4552391
CC1(C)C(/C=C/C=C/C=C2/N(CCCCO)c3ccc(Br)cc3C2(C)C)=[N+](CCCCN)c2ccc(I)cc21,-5.658047,-6.9998403,-6.007916,-6.221934433333334
CC[N+](CC)(CC)CCCCN1/C(=C/C=C/C=C/C2=[N+](CCCCN)c3ccc(I)cc3C2(C)C)C(C)(C)c2cc(Br)ccc21,-5.875435,-7.5115514,-6.254934,-6.547306800000001
CC1(C)C(/C=C/C=C/C=C2/N(CCCCS(=O)(=O)O)c3ccc(Br)cc3C2(C)C)=[N+](CCCCN)c2ccc(I)cc21,-5.8491583,-7.5068755,-5.920542,-6.425525266666667
CC1(C)C(/C=C/C=C/C=C2/N(Cc3ccccc3)c3ccc(Br)cc3C2(C)C)=[N+](CCCCN)c2ccc(I)cc21,-5.654103,-6.8414674,-5.9282722,-6.1412808666666665
CC1(C)C(/C=C/C=C/C=C2/N(Cc3ccsc3)c3ccc(Br)cc3C2(C)C)=[N+](CCCCN)c2ccc(I)cc21,-5.646119,-6.792434,-5.916776,-6.118442999999999
CCN1/C(=C/C=C/C=C/C2=[N+](CCCCO)c3ccccc3C2(C)C)C(C)(C)c2cc(Br)ccc21,-5.7742405,-6.52323,-5.6174946,-5.971655033333334
CCCCN1/C(=C/C=C/C=C/C2=[N+](CCCCO)c3ccccc3C2(C)C)C(C)(C)c2cc(Br)ccc21,-5.76826,-6.5449524,-5.6163044,-5.976505599999999
CC1(C)C(/C=C/C=C/C=C2/N(CCCCN)c3ccc(Br)cc3C2(C)C)=[N+](CCCCO)c2ccccc21,-5.6711516,-7.0608945,-5.9994044,-6.243816833333334
CC1(C)C(/C=C/C=C/C=C2/N(CCCCO)c3ccc(Br)cc3C2(C)C)=[N+](CCCCO)c2ccccc21,-5.7467217,-6.7659764,-5.6934853,-6.0687278000000004
CC[N+](CC)(CC)CCCCN1/C(=C/C=C/C=C/C2=[N+](CCCCO)c3ccccc3C2(C)C)C(C)(C)c2cc(Br)ccc21,-6.005586,-7.2451687,-5.9506884,-6.400481033333333
CC1(C)C(/C=C/C=C/C=C2/N(CCCCS(=O)(=O)O)c3ccc(Br)cc3C2(C)C)=[N+](CCCCO)c2ccccc21,-5.9510937,-7.3431563,-5.614925,-6.303058333333333
CC1(C)C(/C=C/C=C/C=C2/N(Cc3ccccc3)c3ccc(Br)cc3C2(C)C)=[N+](CCCCO)c2ccccc21,-5.765251,-6.620339,-5.647561,-6.011050333333333
CC1(C)C(/C=C/C=C/C=C2/N(Cc3ccsc3)c3ccc(Br)cc3C2(C)C)=[N+](CCCCO)c2ccccc21,-5.7545767,-6.568387,-5.64321,-5.988724566666666
CCN1/C(=C/C=C/C=C/C2=[N+](CCCCO)c3ccc(Br)cc3C2(C)C)C(C)(C)c2cc(Br)ccc21,-5.7182927,-6.574352,-5.701811,-5.9981519
CCCCN1/C(=C/C=C/C=C/C2=[N+](CCCCO)c3ccc(Br)cc3C2(C)C)C(C)(C)c2cc(Br)ccc21,-5.7197328,-6.591815,-5.7001095,-6.0038857666666665
CC1(C)C(/C=C/C=C/C=C2/N(CCCCN)c3ccc(Br)cc3C2(C)C)=[N+](CCCCO)c2ccc(Br)cc21,-5.648854,-7.106928,-6.0988216,-6.284867866666667
CC1(C)C(/C=C/C=C/C=C2/N(CCCCO)c3ccc(Br)cc3C2(C)C)=[N+](CCCCO)c2ccc(Br)cc21,-5.7009444,-6.8079414,-5.78555,-6.098145266666666
CC[N+](CC)(CC)CCCCN1/C(=C/C=C/C=C/C2=[N+](CCCCO)c3ccc(Br)cc3C2(C)C)C(C)(C)c2cc(Br)ccc21,-5.9495473,-7.3120756,-6.04455,-6.435390966666667
CC1(C)C(/C=C/C=C/C=C2/N(CCCCS(=O)(=O)O)c3ccc(Br)cc3C2(C)C)=[N+](CCCCO)c2ccc(Br)cc21,-5.8980355,-7.356519,-5.6986823,-6.317745599999999
CC1(C)C(/C=C/C=C/C=C2/N(Cc3ccccc3)c3ccc(Br)cc3C2(C)C)=[N+](CCCCO)c2ccc(Br)cc21,-5.709011,-6.66266,-5.7299824,-6.033884466666667
CC1(C)C(/C=C/C=C/C=C2/N(Cc3ccsc3)c3ccc(Br)cc3C2(C)C)=[N+](CCCCO)c2ccc(Br)cc21,-5.698167,-6.6155086,-5.7260456,-6.0132404
CCN1/C(=C/C=C/C=C/C2=[N+](CCCCO)c3ccc(I)cc3C2(C)C)C(C)(C)c2cc(Br)ccc21,-5.7588024,-6.4135175,-5.59701,-5.923109966666668
CCCCN1/C(=C/C=C/C=C/C2=[N+](CCCCO)c3ccc(I)cc3C2(C)C)C(C)(C)c2cc(Br)ccc21,-5.7545695,-6.43407,-5.5969296,-5.928523033333334
CC1(C)C(/C=C/C=C/C=C2/N(CCCCN)c3ccc(Br)cc3C2(C)C)=[N+](CCCCO)c2ccc(I)cc21,-5.659979,-6.9323997,-5.965824,-6.186067566666668
CC1(C)C(/C=C/C=C/C=C2/N(CCCCO)c3ccc(Br)cc3C2(C)C)=[N+](CCCCO)c2ccc(I)cc21,-5.7368455,-6.64488,-5.6717486,-6.017824699999999
CC[N+](CC)(CC)CCCCN1/C(=C/C=C/C=C/C2=[N+](CCCCO)c3ccc(I)cc3C2(C)C)C(C)(C)c2cc(Br)ccc21,-6.0037155,-7.1339793,-5.9182777,-6.351990833333333
CC1(C)C(/C=C/C=C/C=C2/N(CCCCS(=O)(=O)O)c3ccc(Br)cc3C2(C)C)=[N+](CCCCO)c2ccc(I)cc21,-5.94666,-7.208243,-5.5868707,-6.247257900000001
CC1(C)C(/C=C/C=C/C=C2/N(Cc3ccccc3)c3ccc(Br)cc3C2(C)C)=[N+](CCCCO)c2ccc(I)cc21,-5.7492476,-6.5121865,-5.631302,-5.964245366666667
CC1(C)C(/C=C/C=C/C=C2/N(Cc3ccsc3)c3ccc(Br)cc3C2(C)C)=[N+](CCCCO)c2ccc(I)cc21,-5.7384644,-6.461484,-5.6246896,-5.941546
CCN1/C(=C/C=C/C=C/C2=[N+](CCCC[N+](CC)(CC)CC)c3ccccc3C2(C)C)C(C)(C)c2cc(Br)ccc21,-6.063239,-7.021707,-5.8549504,-6.313298800000001
CCCCN1/C(=C/C=C/C=C/C2=[N+](CCCC[N+](CC)(CC)CC)c3ccccc3C2(C)C)C(C)(C)c2cc(Br)ccc21,-6.057088,-7.0443816,-5.8577495,-6.3197397
CC[N+](CC)(CC)CCCC[N+]1=C(/C=C/C=C/C=C2/N(CCCCN)c3ccc(Br)cc3C2(C)C)C(C)(C)c2ccccc21,-5.88948,-7.58113,-6.260776,-6.577128666666667
CC[N+](CC)(CC)CCCC[N+]1=C(/C=C/C=C/C=C2/N(CCCCO)c3ccc(Br)cc3C2(C)C)C(C)(C)c2ccccc21,-6.002412,-7.2682533,-5.9643583,-6.411674533333333
CC[N+](CC)(CC)CCCCN1/C(=C/C=C/C=C/C2=[N+](CCCC[N+](CC)(CC)CC)c3ccccc3C2(C)C)C(C)(C)c2cc(Br)ccc21,-6.2209353,-7.784844,-6.2082424,-6.738007233333334
CC[N+](CC)(CC)CCCC[N+]1=C(/C=C/C=C/C=C2/N(CCCCS(=O)(=O)O)c3ccc(Br)cc3C2(C)C)C(C)(C)c2ccccc21,-6.178749,-7.8294754,-5.910737,-6.6396538000000005
CC[N+](CC)(CC)CCCC[N+]1=C(/C=C/C=C/C=C2/N(Cc3ccccc3)c3ccc(Br)cc3C2(C)C)C(C)(C)c2ccccc21,-6.0524197,-7.1198864,-5.893208,-6.355171366666667
CC[N+](CC)(CC)CCCC[N+]1=C(/C=C/C=C/C=C2/N(Cc3ccsc3)c3ccc(Br)cc3C2(C)C)C(C)(C)c2ccccc21,-6.0460725,-7.0690894,-5.8822584,-6.332473433333334
CCN1/C(=C/C=C/C=C/C2=[N+](CCCC[N+](CC)(CC)CC)c3ccc(Br)cc3C2(C)C)C(C)(C)c2cc(Br)ccc21,-5.9987063,-7.0896893,-5.9479737,-6.345456433333333
CCCCN1/C(=C/C=C/C=C/C2=[N+](CCCC[N+](CC)(CC)CC)c3ccc(Br)cc3C2(C)C)C(C)(C)c2cc(Br)ccc21,-5.991652,-7.1141276,-5.951602,-6.352460533333333
CC[N+](CC)(CC)CCCC[N+]1=C(/C=C/C=C/C=C2/N(CCCCN)c3ccc(Br)cc3C2(C)C)C(C)(C)c2cc(Br)ccc21,-5.8385415,-7.6481876,-6.3499403,-6.612223133333333
CC[N+](CC)(CC)CCCC[N+]1=C(/C=C/C=C/C=C2/N(CCCCO)c3ccc(Br)cc3C2(C)C)C(C)(C)c2cc(Br)ccc21,-5.9456797,-7.3357925,-6.0578713,-6.446447833333333
CC[N+](CC)(CC)CCCCN1/C(=C/C=C/C=C/C2=[N+](CCCC[N+](CC)(CC)CC)c3ccc(Br)cc3C2(C)C)C(C)(C)c2cc(Br)ccc21,-6.158811,-7.8558846,-6.3048263,-6.773173966666666
CC[N+](CC)(CC)CCCC[N+]1=C(/C=C/C=C/C=C2/N(CCCCS(=O)(=O)O)c3ccc(Br)cc3C2(C)C)C(C)(C)c2cc(Br)ccc21,-6.1160913,-7.8883986,-6.0104427,-6.671644199999999
CC[N+](CC)(CC)CCCC[N+]1=C(/C=C/C=C/C=C2/N(Cc3ccccc3)c3ccc(Br)cc3C2(C)C)C(C)(C)c2cc(Br)ccc21,-5.9873886,-7.1846547,-5.985911,-6.385984766666667
CC[N+](CC)(CC)CCCC[N+]1=C(/C=C/C=C/C=C2/N(Cc3ccsc3)c3ccc(Br)cc3C2(C)C)C(C)(C)c2cc(Br)ccc21,-5.9819956,-7.1340933,-5.9740906,-6.363393166666667
CCN1/C(=C/C=C/C=C/C2=[N+](CCCC[N+](CC)(CC)CC)c3ccc(I)cc3C2(C)C)C(C)(C)c2cc(Br)ccc21,-6.057064,-6.916148,-5.827197,-6.266803
CCCCN1/C(=C/C=C/C=C/C2=[N+](CCCC[N+](CC)(CC)CC)c3ccc(I)cc3C2(C)C)C(C)(C)c2cc(Br)ccc21,-6.0503993,-6.9390945,-5.830316,-6.273269933333334
CC[N+](CC)(CC)CCCC[N+]1=C(/C=C/C=C/C=C2/N(CCCCN)c3ccc(Br)cc3C2(C)C)C(C)(C)c2cc(I)ccc21,-5.883488,-7.4682193,-6.228583,-6.5267634333333335
CC[N+](CC)(CC)CCCC[N+]1=C(/C=C/C=C/C=C2/N(CCCCO)c3ccc(Br)cc3C2(C)C)C(C)(C)c2cc(I)ccc21,-6.0005417,-7.157064,-5.9319477,-6.363184466666667
CC[N+](CC)(CC)CCCCN1/C(=C/C=C/C=C/C2=[N+](CCCC[N+](CC)(CC)CC)c3ccc(I)cc3C2(C)C)C(C)(C)c2cc(Br)ccc21,-6.2142367,-7.6768813,-6.1772666,-6.689461533333333
CC[N+](CC)(CC)CCCC[N+]1=C(/C=C/C=C/C=C2/N(CCCCS(=O)(=O)O)c3ccc(Br)cc3C2(C)C)C(C)(C)c2cc(I)ccc21,-6.180208,-7.709145,-5.8852773,-6.5915434333333325
CC[N+](CC)(CC)CCCC[N+]1=C(/C=C/C=C/C=C2/N(Cc3ccccc3)c3ccc(Br)cc3C2(C)C)C(C)(C)c2cc(I)ccc21,-6.0476794,-7.0130463,-5.8651514,-6.3086257
CC[N+](CC)(CC)CCCC[N+]1=C(/C=C/C=C/C=C2/N(Cc3ccsc3)c3ccc(Br)cc3C2(C)C)C(C)(C)c2cc(I)ccc21,-6.041697,-6.963915,-5.855208,-6.28694
CCN1/C(=C/C=C/C=C/C2=[N+](CCCCS(=O)(=O)O)c3ccccc3C2(C)C)C(C)(C)c2cc(Br)ccc21,-5.9925237,-7.125558,-5.5361233,-6.218068333333332
CCCCN1/C(=C/C=C/C=C/C2=[N+](CCCCS(=O)(=O)O)c3ccccc3C2(C)C)C(C)(C)c2cc(Br)ccc21,-5.9779534,-7.145644,-5.5374956,-6.220364333333333
CC1(C)C(/C=C/C=C/C=C2/N(CCCCN)c3ccc(Br)cc3C2(C)C)=[N+](CCCCS(=O)(=O)O)c2ccccc21,-5.8559165,-7.6299157,-5.9360313,-6.4739545000000005
CC1(C)C(/C=C/C=C/C=C2/N(CCCCO)c3ccc(Br)cc3C2(C)C)=[N+](CCCCS(=O)(=O)O)c2ccccc21,-5.944701,-7.402574,-5.639405,-6.328893333333333
CC[N+](CC)(CC)CCCCN1/C(=C/C=C/C=C/C2=[N+](CCCCS(=O)(=O)O)c3ccccc3C2(C)C)C(C)(C)c2cc(Br)ccc21,-6.171686,-7.862112,-5.923972,-6.65259
CC1(C)C(/C=C/C=C/C=C2/N(CCCCS(=O)(=O)O)c3ccc(Br)cc3C2(C)C)=[N+](CCCCS(=O)(=O)O)c2ccccc21,-6.0791574,-7.9540067,-5.5724907,-6.535218266666667
CC1(C)C(/C=C/C=C/C=C2/N(Cc3ccccc3)c3ccc(Br)cc3C2(C)C)=[N+](CCCCS(=O)(=O)O)c2ccccc21,-5.9739056,-7.226918,-5.567421,-6.256081533333333
CC1(C)C(/C=C/C=C/C=C2/N(Cc3ccsc3)c3ccc(Br)cc3C2(C)C)=[N+](CCCCS(=O)(=O)O)c2ccccc21,-5.9716196,-7.1742997,-5.5596232,-6.235180833333334
CCN1/C(=C/C=C/C=C/C2=[N+](CCCCS(=O)(=O)O)c3ccc(Br)cc3C2(C)C)C(C)(C)c2cc(Br)ccc21,-5.933639,-7.16488,-5.628359,-6.242292666666667
CCCCN1/C(=C/C=C/C=C/C2=[N+](CCCCS(=O)(=O)O)c3ccc(Br)cc3C2(C)C)C(C)(C)c2cc(Br)ccc21,-5.922162,-7.1835704,-5.629207,-6.2449798
CC1(C)C(/C=C/C=C/C=C2/N(CCCCN)c3ccc(Br)cc3C2(C)C)=[N+](CCCCS(=O)(=O)O)c2ccc(Br)cc21,-5.818471,-7.645242,-6.045665,-6.503125999999999
CC1(C)C(/C=C/C=C/C=C2/N(CCCCO)c3ccc(Br)cc3C2(C)C)=[N+](CCCCS(=O)(=O)O)c2ccc(Br)cc21,-5.890719,-7.411943,-5.7225266,-6.341729533333333
CC[N+](CC)(CC)CCCCN1/C(=C/C=C/C=C/C2=[N+](CCCCS(=O)(=O)O)c3ccc(Br)cc3C2(C)C)C(C)(C)c2cc(Br)ccc21,-6.109608,-7.920801,-6.023488,-6.684632333333333
CC1(C)C(/C=C/C=C/C=C2/N(CCCCS(=O)(=O)O)c3ccc(Br)cc3C2(C)C)=[N+](CCCCS(=O)(=O)O)c2ccc(Br)cc21,-6.044174,-7.963142,-5.65785,-6.555055333333333
CC1(C)C(/C=C/C=C/C=C2/N(Cc3ccccc3)c3ccc(Br)cc3C2(C)C)=[N+](CCCCS(=O)(=O)O)c2ccc(Br)cc21,-5.9136853,-7.255616,-5.6556935,-6.274998266666667
CC1(C)C(/C=C/C=C/C=C2/N(Cc3ccsc3)c3ccc(Br)cc3C2(C)C)=[N+](CCCCS(=O)(=O)O)c2ccc(Br)cc21,-5.9136214,-7.210086,-5.6512656,-6.258324333333334
CCN1/C(=C/C=C/C=C/C2=[N+](CCCCS(=O)(=O)O)c3ccc(I)cc3C2(C)C)C(C)(C)c2cc(Br)ccc21,-5.9863997,-6.996722,-5.510239,-6.164453566666666
CCCCN1/C(=C/C=C/C=C/C2=[N+](CCCCS(=O)(=O)O)c3ccc(I)cc3C2(C)C)C(C)(C)c2cc(Br)ccc21,-5.9711156,-7.0154147,-5.5118046,-6.166111633333333
CC1(C)C(/C=C/C=C/C=C2/N(CCCCN)c3ccc(Br)cc3C2(C)C)=[N+](CCCCS(=O)(=O)O)c2ccc(I)cc21,-5.8483286,-7.4967985,-5.905075,-6.416734033333333
CC1(C)C(/C=C/C=C/C=C2/N(CCCCO)c3ccc(Br)cc3C2(C)C)=[N+](CCCCS(=O)(=O)O)c2ccc(I)cc21,-5.940155,-7.2686996,-5.612602,-6.273818866666666
CC[N+](CC)(CC)CCCCN1/C(=C/C=C/C=C/C2=[N+](CCCCS(=O)(=O)O)c3ccc(I)cc3C2(C)C)C(C)(C)c2cc(Br)ccc21,-6.173446,-7.740601,-5.8980913,-6.604046100000001
CC1(C)C(/C=C/C=C/C=C2/N(CCCCS(=O)(=O)O)c3ccc(Br)cc3C2(C)C)=[N+](CCCCS(=O)(=O)O)c2ccc(I)cc21,-6.0843725,-7.8272324,-5.554308,-6.488637633333333
CC1(C)C(/C=C/C=C/C=C2/N(Cc3ccccc3)c3ccc(Br)cc3C2(C)C)=[N+](CCCCS(=O)(=O)O)c2ccc(I)cc21,-5.970046,-7.101693,-5.542133,-6.204624
CC1(C)C(/C=C/C=C/C=C2/N(Cc3ccsc3)c3ccc(Br)cc3C2(C)C)=[N+](CCCCS(=O)(=O)O)c2ccc(I)cc21,-5.9662952,-7.0482807,-5.534779,-6.1831183
CCN1/C(=C/C=C/C=C/C2=[N+](Cc3ccccc3)c3ccccc3C2(C)C)C(C)(C)c2cc(Br)ccc21,-5.8055696,-6.523498,-5.612885,-5.980650866666667
CCCCN1/C(=C/C=C/C=C/C2=[N+](Cc3ccccc3)c3ccccc3C2(C)C)C(C)(C)c2cc(Br)ccc21,-5.8027387,-6.5436463,-5.61279,-5.986391666666667
CC1(C)C(/C=C/C=C/C=C2/N(CCCCN)c3ccc(Br)cc3C2(C)C)=[N+](Cc2ccccc2)c2ccccc21,-5.6904325,-7.054188,-5.975882,-6.240167500000001
CC1(C)C(/C=C/C=C/C=C2/N(CCCCO)c3ccc(Br)cc3C2(C)C)=[N+](Cc2ccccc2)c2ccccc21,-5.7720485,-6.7700024,-5.6865425,-6.0761978
CC[N+](CC)(CC)CCCCN1/C(=C/C=C/C=C/C2=[N+](Cc3ccccc3)c3ccccc3C2(C)C)C(C)(C)c2cc(Br)ccc21,-6.0504513,-7.2357044,-5.9302583,-6.405471333333334
CC1(C)C(/C=C/C=C/C=C2/N(CCCCS(=O)(=O)O)c3ccc(Br)cc3C2(C)C)=[N+](Cc2ccccc2)c2ccccc21,-5.988714,-7.3653493,-5.596996,-6.317019766666667
CC1(C)C(/C=C/C=C/C=C2/N(Cc3ccccc3)c3ccc(Br)cc3C2(C)C)=[N+](Cc2ccccc2)c2ccccc21,-5.8037004,-6.6322746,-5.648406,-6.0281270000000005
CC1(C)C(/C=C/C=C/C=C2/N(Cc3ccsc3)c3ccc(Br)cc3C2(C)C)=[N+](Cc2ccccc2)c2ccccc21,-5.7904735,-6.5755424,-5.6410995,-6.0023718
CCN1/C(=C/C=C/C=C/C2=[N+](Cc3ccccc3)c3ccc(Br)cc3C2(C)C)C(C)(C)c2cc(Br)ccc21,-5.7533493,-6.5790243,-5.696152,-6.009508533333334
CCCCN1/C(=C/C=C/C=C/C2=[N+](Cc3ccccc3)c3ccc(Br)cc3C2(C)C)C(C)(C)c2cc(Br)ccc21,-5.7529364,-6.59543,-5.692986,-6.013784133333334
CC1(C)C(/C=C/C=C/C=C2/N(CCCCN)c3ccc(Br)cc3C2(C)C)=[N+](Cc2ccccc2)c2ccc(Br)cc21,-5.6455545,-7.105142,-6.0736403,-6.274778933333334
CC1(C)C(/C=C/C=C/C=C2/N(CCCCO)c3ccc(Br)cc3C2(C)C)=[N+](Cc2ccccc2)c2ccc(Br)cc21,-5.717758,-6.816564,-5.776402,-6.103574666666667
CC[N+](CC)(CC)CCCCN1/C(=C/C=C/C=C/C2=[N+](Cc3ccccc3)c3ccc(Br)cc3C2(C)C)C(C)(C)c2cc(Br)ccc21,-5.985192,-7.3011227,-6.025766,-6.437360233333333
CC1(C)C(/C=C/C=C/C=C2/N(CCCCS(=O)(=O)O)c3ccc(Br)cc3C2(C)C)=[N+](Cc2ccccc2)c2ccc(Br)cc21,-5.929369,-7.3901157,-5.6878195,-6.335768066666667
CC1(C)C(/C=C/C=C/C=C2/N(Cc3ccccc3)c3ccc(Br)cc3C2(C)C)=[N+](Cc2ccccc2)c2ccc(Br)cc21,-5.7516465,-6.6810536,-5.7281914,-6.0536305
CC1(C)C(/C=C/C=C/C=C2/N(Cc3ccsc3)c3ccc(Br)cc3C2(C)C)=[N+](Cc2ccccc2)c2ccc(Br)cc21,-5.737987,-6.6290774,-5.722344,-6.0298028
CCN1/C(=C/C=C/C=C/C2=[N+](Cc3ccccc3)c3ccc(I)cc3C2(C)C)C(C)(C)c2cc(Br)ccc21,-5.792549,-6.4172497,-5.5951023,-5.934967
CCCCN1/C(=C/C=C/C=C/C2=[N+](Cc3ccccc3)c3ccc(I)cc3C2(C)C)C(C)(C)c2cc(Br)ccc21,-5.7891707,-6.4381824,-5.596006,-5.941119699999999
CC1(C)C(/C=C/C=C/C=C2/N(CCCCN)c3ccc(Br)cc3C2(C)C)=[N+](Cc2ccccc2)c2ccc(I)cc21,-5.6740813,-6.9307227,-5.9497523,-6.1848521000000005
CC1(C)C(/C=C/C=C/C=C2/N(CCCCO)c3ccc(Br)cc3C2(C)C)=[N+](Cc2ccccc2)c2ccc(I)cc21,-5.7594237,-6.64779,-5.6673393,-6.024851000000001
CC[N+](CC)(CC)CCCCN1/C(=C/C=C/C=C/C2=[N+](Cc3ccccc3)c3ccc(I)cc3C2(C)C)C(C)(C)c2cc(Br)ccc21,-6.043957,-7.1266465,-5.9026,-6.357734499999999
CC1(C)C(/C=C/C=C/C=C2/N(CCCCS(=O)(=O)O)c3ccc(Br)cc3C2(C)C)=[N+](Cc2ccccc2)c2ccc(I)cc21,-5.9840045,-7.2303376,-5.571728,-6.262023366666667
CC1(C)C(/C=C/C=C/C=C2/N(Cc3ccccc3)c3ccc(Br)cc3C2(C)C)=[N+](Cc2ccccc2)c2ccc(I)cc21,-5.7903934,-6.5244346,-5.6308923,-5.981906766666667
CC1(C)C(/C=C/C=C/C=C2/N(Cc3ccsc3)c3ccc(Br)cc3C2(C)C)=[N+](Cc2ccccc2)c2ccc(I)cc21,-5.7774343,-6.4718566,-5.624891,-5.958060633333333
CCN1/C(=C/C=C/C=C/C2=[N+](Cc3ccsc3)c3ccccc3C2(C)C)C(C)(C)c2cc(Br)ccc21,-5.800298,-6.480015,-5.6017337,-5.960682233333333
CCCCN1/C(=C/C=C/C=C/C2=[N+](Cc3ccsc3)c3ccccc3C2(C)C)C(C)(C)c2cc(Br)ccc21,-5.798138,-6.499488,-5.600885,-5.966170333333333
CC1(C)C(/C=C/C=C/C=C2/N(CCCCN)c3ccc(Br)cc3C2(C)C)=[N+](Cc2ccsc2)c2ccccc21,-5.685512,-7.008917,-5.9639587,-6.2194625666666665
CC1(C)C(/C=C/C=C/C=C2/N(CCCCO)c3ccc(Br)cc3C2(C)C)=[N+](Cc2ccsc2)c2ccccc21,-5.7683525,-6.7241926,-5.6752567,-6.055933933333333
CC[N+](CC)(CC)CCCCN1/C(=C/C=C/C=C/C2=[N+](Cc3ccsc3)c3ccccc3C2(C)C)C(C)(C)c2cc(Br)ccc21,-6.0501637,-7.1937027,-5.9137635,-6.385876633333333
CC1(C)C(/C=C/C=C/C=C2/N(CCCCS(=O)(=O)O)c3ccc(Br)cc3C2(C)C)=[N+](Cc2ccsc2)c2ccccc21,-5.992616,-7.3251257,-5.585949,-6.3012302333333325
CC1(C)C(/C=C/C=C/C=C2/N(Cc3ccccc3)c3ccc(Br)cc3C2(C)C)=[N+](Cc2ccsc2)c2ccccc21,-5.7962437,-6.582592,-5.6354737,-6.004769800000001
CC1(C)C(/C=C/C=C/C=C2/N(Cc3ccsc3)c3ccc(Br)cc3C2(C)C)=[N+](Cc2ccsc2)c2ccccc21,-5.783251,-6.531092,-5.630113,-5.981485333333334
CCN1/C(=C/C=C/C=C/C2=[N+](Cc3ccsc3)c3ccc(Br)cc3C2(C)C)C(C)(C)c2cc(Br)ccc21,-5.7494035,-6.5364738,-5.684419,-5.990098766666667
CCCCN1/C(=C/C=C/C=C/C2=[N+](Cc3ccsc3)c3ccc(Br)cc3C2(C)C)C(C)(C)c2cc(Br)ccc21,-5.747738,-6.554156,-5.6833253,-5.9950731
CC1(C)C(/C=C/C=C/C=C2/N(CCCCN)c3ccc(Br)cc3C2(C)C)=[N+](Cc2ccsc2)c2ccc(Br)cc21,-5.643178,-7.0633326,-6.055525,-6.254011866666667
CC1(C)C(/C=C/C=C/C=C2/N(CCCCO)c3ccc(Br)cc3C2(C)C)=[N+](Cc2ccsc2)c2ccc(Br)cc21,-5.712823,-6.775092,-5.7675915,-6.085168833333334
CC[N+](CC)(CC)CCCCN1/C(=C/C=C/C=C/C2=[N+](Cc3ccsc3)c3ccc(Br)cc3C2(C)C)C(C)(C)c2cc(Br)ccc21,-5.984958,-7.2605143,-6.010228,-6.418566766666667
CC1(C)C(/C=C/C=C/C=C2/N(CCCCS(=O)(=O)O)c3ccc(Br)cc3C2(C)C)=[N+](Cc2ccsc2)c2ccc(Br)cc21,-5.9334674,-7.3549476,-5.6794367,-6.322617233333333
CC1(C)C(/C=C/C=C/C=C2/N(Cc3ccccc3)c3ccc(Br)cc3C2(C)C)=[N+](Cc2ccsc2)c2ccc(Br)cc21,-5.74332,-6.636528,-5.7178397,-6.032562566666666
CC1(C)C(/C=C/C=C/C=C2/N(Cc3ccsc3)c3ccc(Br)cc3C2(C)C)=[N+](Cc2ccsc2)c2ccc(Br)cc21,-5.731447,-6.587102,-5.7117186,-6.0100892
CCN1/C(=C/C=C/C=C/C2=[N+](Cc3ccsc3)c3ccc(I)cc3C2(C)C)C(C)(C)c2cc(Br)ccc21,-5.7872515,-6.371804,-5.583057,-5.9140375
CCCCN1/C(=C/C=C/C=C/C2=[N+](Cc3ccsc3)c3ccc(I)cc3C2(C)C)C(C)(C)c2cc(Br)ccc21,-5.7839913,-6.392465,-5.583567,-5.920007766666667
CC1(C)C(/C=C/C=C/C=C2/N(CCCCN)c3ccc(Br)cc3C2(C)C)=[N+](Cc2ccsc2)c2ccc(I)cc21,-5.6699214,-6.889731,-5.936418,-6.1653568000000005
CC1(C)C(/C=C/C=C/C=C2/N(CCCCO)c3ccc(Br)cc3C2(C)C)=[N+](Cc2ccsc2)c2ccc(I)cc21,-5.755795,-6.602209,-5.6562653,-6.004756433333334
CC[N+](CC)(CC)CCCCN1/C(=C/C=C/C=C/C2=[N+](Cc3ccsc3)c3ccc(I)cc3C2(C)C)C(C)(C)c2cc(Br)ccc21,-6.0446424,-7.0836897,-5.8849554,-6.3377625
CC1(C)C(/C=C/C=C/C=C2/N(CCCCS(=O)(=O)O)c3ccc(Br)cc3C2(C)C)=[N+](Cc2ccsc2)c2ccc(I)cc21,-5.9873586,-7.1895137,-5.560033,-6.2456351
CC1(C)C(/C=C/C=C/C=C2/N(Cc3ccccc3)c3ccc(Br)cc3C2(C)C)=[N+](Cc2ccsc2)c2ccc(I)cc21,-5.783288,-6.4787674,-5.6192455,-5.960433633333333
CC1(C)C(/C=C/C=C/C=C2/N(Cc3ccsc3)c3ccc(Br)cc3C2(C)C)=[N+](Cc2ccsc2)c2ccc(I)cc21,-5.7704754,-6.427202,-5.613547,-5.9370748
CCN1/C(=C/C=C(Br)/C=C/C2=[N+](CC)c3ccccc3C2(C)C)C(C)(C)c2cc(Br)ccc21,-5.8204355,-6.108913,-5.451681,-5.7936765
CCCCN1/C(=C/C=C(Br)/C=C/C2=[N+](CC)c3ccccc3C2(C)C)C(C)(C)c2cc(Br)ccc21,-5.812717,-6.130348,-5.45823,-5.800431666666667
CC[N+]1=C(/C=C/C(Br)=C/C=C2/N(CCCCN)c3ccc(Br)cc3C2(C)C)C(C)(C)c2ccccc21,-5.704433,-6.5385666,-5.7444367,-5.995812099999999
CC[N+]1=C(/C=C/C(Br)=C/C=C2/N(CCCCO)c3ccc(Br)cc3C2(C)C)C(C)(C)c2ccccc21,-5.78195,-6.288996,-5.513068,-5.861338
CC[N+]1=C(/C=C/C(Br)=C/C=C2/N(CCCC[N+](CC)(CC)CC)c3ccc(Br)cc3C2(C)C)C(C)(C)c2ccccc21,-6.0870366,-6.746234,-5.714835,-6.182701866666666
CC[N+]1=C(/C=C/C(Br)=C/C=C2/N(CCCCS(=O)(=O)O)c3ccc(Br)cc3C2(C)C)C(C)(C)c2ccccc21,-6.045988,-6.750031,-5.394477,-6.063498666666668
CC[N+]1=C(/C=C/C(Br)=C/C=C2/N(Cc3ccccc3)c3ccc(Br)cc3C2(C)C)C(C)(C)c2ccccc21,-5.817313,-6.2104826,-5.4879127,-5.838569433333333
CC[N+]1=C(/C=C/C(Br)=C/C=C2/N(Cc3ccsc3)c3ccc(Br)cc3C2(C)C)C(C)(C)c2ccccc21,-5.8044386,-6.162038,-5.4804497,-5.815642100000001
CCN1/C(=C/C=C(Br)/C=C/C2=[N+](CC)c3ccc(Br)cc3C2(C)C)C(C)(C)c2cc(Br)ccc21,-5.7715316,-6.1668253,-5.525293,-5.821216633333333
CCCCN1/C(=C/C=C(Br)/C=C/C2=[N+](CC)c3ccc(Br)cc3C2(C)C)C(C)(C)c2cc(Br)ccc21,-5.766653,-6.1806827,-5.5290837,-5.825473133333333
CC[N+]1=C(/C=C/C(Br)=C/C=C2/N(CCCCN)c3ccc(Br)cc3C2(C)C)C(C)(C)c2cc(Br)ccc21,-5.656088,-6.579933,-5.8060136,-6.014011533333334
CC[N+]1=C(/C=C/C(Br)=C/C=C2/N(CCCCO)c3ccc(Br)cc3C2(C)C)C(C)(C)c2cc(Br)ccc21,-5.731131,-6.3376164,-5.5895405,-5.886095966666666
CC[N+]1=C(/C=C/C(Br)=C/C=C2/N(CCCC[N+](CC)(CC)CC)c3ccc(Br)cc3C2(C)C)C(C)(C)c2cc(Br)ccc21,-6.034246,-6.8051424,-5.796328,-6.211905466666667
CC[N+]1=C(/C=C/C(Br)=C/C=C2/N(CCCCS(=O)(=O)O)c3ccc(Br)cc3C2(C)C)C(C)(C)c2cc(Br)ccc21,-5.978915,-6.791001,-5.473892,-6.081269333333332
CC[N+]1=C(/C=C/C(Br)=C/C=C2/N(Cc3ccccc3)c3ccc(Br)cc3C2(C)C)C(C)(C)c2cc(Br)ccc21,-5.7677083,-6.256865,-5.5581713,-5.860914866666666
CC[N+]1=C(/C=C/C(Br)=C/C=C2/N(Cc3ccsc3)c3ccc(Br)cc3C2(C)C)C(C)(C)c2cc(Br)ccc21,-5.75584,-6.2139225,-5.5515246,-5.840429033333333
CCN1/C(=C/C=C(Br)/C=C/C2=[N+](CC)c3ccc(I)cc3C2(C)C)C(C)(C)c2cc(Br)ccc21,-5.807488,-6.0215154,-5.4359455,-5.754982966666667
CCCCN1/C(=C/C=C(Br)/C=C/C2=[N+](CC)c3ccc(I)cc3C2(C)C)C(C)(C)c2cc(Br)ccc21,-5.799674,-6.0416965,-5.4437337,-5.7617014
CC[N+]1=C(/C=C/C(Br)=C/C=C2/N(CCCCN)c3ccc(Br)cc3C2(C)C)C(C)(C)c2cc(I)ccc21,-5.69439,-6.449241,-5.721981,-5.955203999999999
CC[N+]1=C(/C=C/C(Br)=C/C=C2/N(CCCCO)c3ccc(Br)cc3C2(C)C)C(C)(C)c2cc(I)ccc21,-5.7684426,-6.1946054,-5.4974217,-5.820156566666667
CC[N+]1=C(/C=C/C(Br)=C/C=C2/N(CCCC[N+](CC)(CC)CC)c3ccc(Br)cc3C2(C)C)C(C)(C)c2cc(I)ccc21,-6.0742173,-6.6424823,-5.6917996,-6.1361664000000005
CC[N+]1=C(/C=C/C(Br)=C/C=C2/N(CCCCS(=O)(=O)O)c3ccc(Br)cc3C2(C)C)C(C)(C)c2cc(I)ccc21,-6.038376,-6.643453,-5.3804803,-6.0207697666666675
CC[N+]1=C(/C=C/C(Br)=C/C=C2/N(Cc3ccccc3)c3ccc(Br)cc3C2(C)C)C(C)(C)c2cc(I)ccc21,-5.8034906,-6.1212125,-5.4730783,-5.7992604666666665
CC[N+]1=C(/C=C/C(Br)=C/C=C2/N(Cc3ccsc3)c3ccc(Br)cc3C2(C)C)C(C)(C)c2cc(I)ccc21,-5.791589,-6.0726166,-5.4643764,-5.776194
CCCC[N+]1=C(/C=C/C(Br)=C/C=C2/N(CC)c3ccc(Br)cc3C2(C)C)C(C)(C)c2ccccc21,-5.797023,-6.1455383,-5.4759316,-5.8061643
CCCCN1/C(=C/C=C(Br)/C=C/C2=[N+](CCCC)c3ccccc3C2(C)C)C(C)(C)c2cc(Br)ccc21,-5.788638,-6.164345,-5.482432,-5.811805
CCCC[N+]1=C(/C=C/C(Br)=C/C=C2/N(CCCCN)c3ccc(Br)cc3C2(C)C)C(C)(C)c2ccccc21,-5.6836333,-6.564351,-5.7640934,-6.004025899999999
CCCC[N+]1=C(/C=C/C(Br)=C/C=C2/N(CCCCO)c3ccc(Br)cc3C2(C)C)C(C)(C)c2ccccc21,-5.759443,-6.32184,-5.534179,-5.871820666666667
CCCC[N+]1=C(/C=C/C(Br)=C/C=C2/N(CCCC[N+](CC)(CC)CC)c3ccc(Br)cc3C2(C)C)C(C)(C)c2ccccc21,-6.0590467,-6.7853546,-5.7403445,-6.1949152666666665
CCCC[N+]1=C(/C=C/C(Br)=C/C=C2/N(CCCCS(=O)(=O)O)c3ccc(Br)cc3C2(C)C)C(C)(C)c2ccccc21,-6.005922,-6.775771,-5.4141874,-6.065293466666667
CCCC[N+]1=C(/C=C/C(Br)=C/C=C2/N(Cc3ccccc3)c3ccc(Br)cc3C2(C)C)C(C)(C)c2ccccc21,-5.794417,-6.2419624,-5.5099525,-5.848777300000001
CCCC[N+]1=C(/C=C/C(Br)=C/C=C2/N(Cc3ccsc3)c3ccc(Br)cc3C2(C)C)C(C)(C)c2ccccc21,-5.781558,-6.1961,-5.50348,-5.827046
CCCC[N+]1=C(/C=C/C(Br)=C/C=C2/N(CC)c3ccc(Br)cc3C2(C)C)C(C)(C)c2cc(Br)ccc21,-5.7497363,-6.198112,-5.547069,-5.8316391
CCCCN1/C(=C/C=C(Br)/C=C/C2=[N+](CCCC)c3ccc(Br)cc3C2(C)C)C(C)(C)c2cc(Br)ccc21,-5.7401595,-6.2143955,-5.552547,-5.835700666666667
CCCC[N+]1=C(/C=C/C(Br)=C/C=C2/N(CCCCN)c3ccc(Br)cc3C2(C)C)C(C)(C)c2cc(Br)ccc21,-5.6393433,-6.608576,-5.82433,-6.0240830999999995
CCCC[N+]1=C(/C=C/C(Br)=C/C=C2/N(CCCCO)c3ccc(Br)cc3C2(C)C)C(C)(C)c2cc(Br)ccc21,-5.7078114,-6.3689184,-5.6100473,-5.8955923666666665
CCCC[N+]1=C(/C=C/C(Br)=C/C=C2/N(CCCC[N+](CC)(CC)CC)c3ccc(Br)cc3C2(C)C)C(C)(C)c2cc(Br)ccc21,-6.008217,-6.843963,-5.820348,-6.224176
CCCC[N+]1=C(/C=C/C(Br)=C/C=C2/N(CCCCS(=O)(=O)O)c3ccc(Br)cc3C2(C)C)C(C)(C)c2cc(Br)ccc21,-5.9393992,-6.8121676,-5.4902,-6.080588933333334
CCCC[N+]1=C(/C=C/C(Br)=C/C=C2/N(Cc3ccccc3)c3ccc(Br)cc3C2(C)C)C(C)(C)c2cc(Br)ccc21,-5.7459135,-6.288988,-5.578186,-5.871029166666666
CCCC[N+]1=C(/C=C/C(Br)=C/C=C2/N(Cc3ccsc3)c3ccc(Br)cc3C2(C)C)C(C)(C)c2cc(Br)ccc21,-5.734368,-6.245988,-5.572472,-5.8509426666666675
CCCC[N+]1=C(/C=C/C(Br)=C/C=C2/N(CC)c3ccc(Br)cc3C2(C)C)C(C)(C)c2cc(I)ccc21,-5.7843127,-6.0613427,-5.4618096,-5.7691550000000005
CCCCN1/C(=C/C=C(Br)/C=C/C2=[N+](CCCC)c3ccc(I)cc3C2(C)C)C(C)(C)c2cc(Br)ccc21,-5.7756996,-6.0815015,-5.4692216,-5.775474233333334
CCCC[N+]1=C(/C=C/C(Br)=C/C=C2/N(CCCCN)c3ccc(Br)cc3C2(C)C)C(C)(C)c2cc(I)ccc21,-5.673096,-6.4802094,-5.7422414,-5.965182266666667
CCCC[N+]1=C(/C=C/C(Br)=C/C=C2/N(CCCCO)c3ccc(Br)cc3C2(C)C)C(C)(C)c2cc(I)ccc21,-5.744377,-6.2280684,-5.519707,-5.830717466666667
CCCC[N+]1=C(/C=C/C(Br)=C/C=C2/N(CCCC[N+](CC)(CC)CC)c3ccc(Br)cc3C2(C)C)C(C)(C)c2cc(I)ccc21,-6.0461187,-6.686162,-5.718604,-6.1502949
CCCC[N+]1=C(/C=C/C(Br)=C/C=C2/N(CCCCS(=O)(=O)O)c3ccc(Br)cc3C2(C)C)C(C)(C)c2cc(I)ccc21,-5.998329,-6.671613,-5.3997226,-6.023221533333333
CCCC[N+]1=C(/C=C/C(Br)=C/C=C2/N(Cc3ccccc3)c3ccc(Br)cc3C2(C)C)C(C)(C)c2cc(I)ccc21,-5.7815466,-6.155281,-5.4951596,-5.810662400000001
CCCC[N+]1=C(/C=C/C(Br)=C/C=C2/N(Cc3ccsc3)c3ccc(Br)cc3C2(C)C)C(C)(C)c2cc(I)ccc21,-5.769146,-6.1108046,-5.489087,-5.789679199999999
CCN1/C(=C/C=C(Br)/C=C/C2=[N+](CCCCN)c3ccccc3C2(C)C)C(C)(C)c2cc(Br)ccc21,-5.68645,-6.577316,-5.7778387,-6.0138682333333335
CCCCN1/C(=C/C=C(Br)/C=C/C2=[N+](CCCCN)c3ccccc3C2(C)C)C(C)(C)c2cc(Br)ccc21,-5.6806493,-6.594926,-5.7849874,-6.020187566666666
CC1(C)C(/C=C/C(Br)=C/C=C2/N(CCCCN)c3ccc(Br)cc3C2(C)C)=[N+](CCCCN)c2ccccc21,-5.617039,-7.0575333,-6.1260366,-6.266869633333333
CC1(C)C(/C=C/C(Br)=C/C=C2/N(CCCCO)c3ccc(Br)cc3C2(C)C)=[N+](CCCCN)c2ccccc21,-5.6454186,-6.7725573,-5.859878,-6.092617966666666
CC[N+](CC)(CC)CCCCN1/C(=C/C=C(Br)/C=C/C2=[N+](CCCCN)c3ccccc3C2(C)C)C(C)(C)c2cc(Br)ccc21,-5.9048166,-7.3105965,-6.1211867,-6.445533266666666
CC1(C)C(/C=C/C(Br)=C/C=C2/N(CCCCS(=O)(=O)O)c3ccc(Br)cc3C2(C)C)=[N+](CCCCN)c2ccccc21,-5.8473907,-7.197308,-5.743498,-6.262732233333334
CC1(C)C(/C=C/C(Br)=C/C=C2/N(Cc3ccccc3)c3ccc(Br)cc3C2(C)C)=[N+](CCCCN)c2ccccc21,-5.676804,-6.65968,-5.807215,-6.047899666666666
CC1(C)C(/C=C/C(Br)=C/C=C2/N(Cc3ccsc3)c3ccc(Br)cc3C2(C)C)=[N+](CCCCN)c2ccccc21,-5.6658144,-6.6144686,-5.796888,-6.025723666666667
CCN1/C(=C/C=C(Br)/C=C/C2=[N+](CCCCN)c3ccc(Br)cc3C2(C)C)C(C)(C)c2cc(Br)ccc21,-5.6382556,-6.6229124,-5.8376102,-6.032926066666666
CCCCN1/C(=C/C=C(Br)/C=C/C2=[N+](CCCCN)c3ccc(Br)cc3C2(C)C)C(C)(C)c2cc(Br)ccc21,-5.635728,-6.6395617,-5.844916,-6.040068566666666
CC1(C)C(/C=C/C(Br)=C/C=C2/N(CCCCN)c3ccc(Br)cc3C2(C)C)=[N+](CCCCN)c2ccc(Br)cc21,-5.602775,-7.0927925,-6.187724,-6.2944305
CC1(C)C(/C=C/C(Br)=C/C=C2/N(CCCCO)c3ccc(Br)cc3C2(C)C)=[N+](CCCCN)c2ccc(Br)cc21,-5.6110272,-6.8181753,-5.927277,-6.1188265
CC[N+](CC)(CC)CCCCN1/C(=C/C=C(Br)/C=C/C2=[N+](CCCCN)c3ccc(Br)cc3C2(C)C)C(C)(C)c2cc(Br)ccc21,-5.8514233,-7.3729987,-6.2007713,-6.475064433333333
CC1(C)C(/C=C/C(Br)=C/C=C2/N(CCCCS(=O)(=O)O)c3ccc(Br)cc3C2(C)C)=[N+](CCCCN)c2ccc(Br)cc21,-5.796533,-7.2177486,-5.8235188,-6.279266799999999
CC1(C)C(/C=C/C(Br)=C/C=C2/N(Cc3ccccc3)c3ccc(Br)cc3C2(C)C)=[N+](CCCCN)c2ccc(Br)cc21,-5.625248,-6.7080455,-5.873483,-6.0689255
CC1(C)C(/C=C/C(Br)=C/C=C2/N(Cc3ccsc3)c3ccc(Br)cc3C2(C)C)=[N+](CCCCN)c2ccc(Br)cc21,-5.6188636,-6.664315,-5.860247,-6.047808533333334
CCN1/C(=C/C=C(Br)/C=C/C2=[N+](CCCCN)c3ccc(I)cc3C2(C)C)C(C)(C)c2cc(Br)ccc21,-5.67694,-6.490222,-5.7541814,-5.9737811333333335
CCCCN1/C(=C/C=C(Br)/C=C/C2=[N+](CCCCN)c3ccc(I)cc3C2(C)C)C(C)(C)c2cc(Br)ccc21,-5.671154,-6.507044,-5.760216,-5.979471333333333
CC1(C)C(/C=C/C(Br)=C/C=C2/N(CCCCN)c3ccc(Br)cc3C2(C)C)=[N+](CCCCN)c2ccc(I)cc21,-5.602167,-6.954426,-6.0832834,-6.213292133333333
CC1(C)C(/C=C/C(Br)=C/C=C2/N(CCCCO)c3ccc(Br)cc3C2(C)C)=[N+](CCCCN)c2ccc(I)cc21,-5.6366687,-6.672276,-5.8329024,-6.047282366666667
CC[N+](CC)(CC)CCCCN1/C(=C/C=C(Br)/C=C/C2=[N+](CCCCN)c3ccc(I)cc3C2(C)C)C(C)(C)c2cc(Br)ccc21,-5.902803,-7.2015553,-6.0867834,-6.397047233333333
CC1(C)C(/C=C/C(Br)=C/C=C2/N(CCCCS(=O)(=O)O)c3ccc(Br)cc3C2(C)C)=[N+](CCCCN)c2ccc(I)cc21,-5.8402348,-7.101429,-5.7281413,-6.223268366666667
CC1(C)C(/C=C/C(Br)=C/C=C2/N(Cc3ccccc3)c3ccc(Br)cc3C2(C)C)=[N+](CCCCN)c2ccc(I)cc21,-5.6697125,-6.5682983,-5.782749,-6.006919933333333
CC1(C)C(/C=C/C(Br)=C/C=C2/N(Cc3ccsc3)c3ccc(Br)cc3C2(C)C)=[N+](CCCCN)c2ccc(I)cc21,-5.6590533,-6.5240917,-5.7709875,-5.984710833333334
CCN1/C(=C/C=C(Br)/C=C/C2=[N+](CCCCO)c3ccccc3C2(C)C)C(C)(C)c2cc(Br)ccc21,-5.7714767,-6.270501,-5.5170636,-5.853013766666667
CCCCN1/C(=C/C=C(Br)/C=C/C2=[N+](CCCCO)c3ccccc3C2(C)C)C(C)(C)c2cc(Br)ccc21,-5.766806,-6.291369,-5.520985,-5.85972
CC1(C)C(/C=C/C(Br)=C/C=C2/N(CCCCN)c3ccc(Br)cc3C2(C)C)=[N+](CCCCO)c2ccccc21,-5.6529365,-6.7131085,-5.8267746,-6.0642732
CC1(C)C(/C=C/C(Br)=C/C=C2/N(CCCCO)c3ccc(Br)cc3C2(C)C)=[N+](CCCCO)c2ccccc21,-5.7414947,-6.4710116,-5.5819945,-5.931500266666667
CC[N+](CC)(CC)CCCCN1/C(=C/C=C(Br)/C=C/C2=[N+](CCCCO)c3ccccc3C2(C)C)C(C)(C)c2cc(Br)ccc21,-6.0326977,-6.958312,-5.8110714,-6.267360366666666
CC1(C)C(/C=C/C(Br)=C/C=C2/N(CCCCS(=O)(=O)O)c3ccc(Br)cc3C2(C)C)=[N+](CCCCO)c2ccccc21,-5.957078,-6.950032,-5.4726186,-6.1265762
CC1(C)C(/C=C/C(Br)=C/C=C2/N(Cc3ccccc3)c3ccc(Br)cc3C2(C)C)=[N+](CCCCO)c2ccccc21,-5.7625723,-6.364206,-5.549882,-5.8922201
CC1(C)C(/C=C/C(Br)=C/C=C2/N(Cc3ccsc3)c3ccc(Br)cc3C2(C)C)=[N+](CCCCO)c2ccccc21,-5.749743,-6.318887,-5.5456467,-5.871425566666666
CCN1/C(=C/C=C(Br)/C=C/C2=[N+](CCCCO)c3ccc(Br)cc3C2(C)C)C(C)(C)c2cc(Br)ccc21,-5.7225356,-6.3229475,-5.593075,-5.879519366666666
CCCCN1/C(=C/C=C(Br)/C=C/C2=[N+](CCCCO)c3ccc(Br)cc3C2(C)C)C(C)(C)c2cc(Br)ccc21,-5.715469,-6.339295,-5.5967455,-5.8838365
CC1(C)C(/C=C/C(Br)=C/C=C2/N(CCCCN)c3ccc(Br)cc3C2(C)C)=[N+](CCCCO)c2ccc(Br)cc21,-5.6132298,-6.7625027,-5.8933296,-6.089687366666666
CC1(C)C(/C=C/C(Br)=C/C=C2/N(CCCCO)c3ccc(Br)cc3C2(C)C)=[N+](CCCCO)c2ccc(Br)cc21,-5.692323,-6.5095143,-5.661764,-5.954533766666667
CC[N+](CC)(CC)CCCCN1/C(=C/C=C(Br)/C=C/C2=[N+](CCCCO)c3ccc(Br)cc3C2(C)C)C(C)(C)c2cc(Br)ccc21,-5.9711294,-7.016177,-5.8961334,-6.294479933333332
CC1(C)C(/C=C/C(Br)=C/C=C2/N(CCCCS(=O)(=O)O)c3ccc(Br)cc3C2(C)C)=[N+](CCCCO)c2ccc(Br)cc21,-5.905812,-6.9815507,-5.5508657,-6.146076133333334
CC1(C)C(/C=C/C(Br)=C/C=C2/N(Cc3ccccc3)c3ccc(Br)cc3C2(C)C)=[N+](CCCCO)c2ccc(Br)cc21,-5.7126727,-6.4105997,-5.6232247,-5.915499033333333
CC1(C)C(/C=C/C(Br)=C/C=C2/N(Cc3ccsc3)c3ccc(Br)cc3C2(C)C)=[N+](CCCCO)c2ccc(Br)cc21,-5.7022123,-6.3674226,-5.61829,-5.8959749666666665
CCN1/C(=C/C=C(Br)/C=C/C2=[N+](CCCCO)c3ccc(I)cc3C2(C)C)C(C)(C)c2cc(Br)ccc21,-5.7597084,-6.18033,-5.5007815,-5.813606633333333
CCCCN1/C(=C/C=C(Br)/C=C/C2=[N+](CCCCO)c3ccc(I)cc3C2(C)C)C(C)(C)c2cc(Br)ccc21,-5.7519126,-6.1976056,-5.5063934,-5.8186372
CC1(C)C(/C=C/C(Br)=C/C=C2/N(CCCCN)c3ccc(Br)cc3C2(C)C)=[N+](CCCCO)c2ccc(I)cc21,-5.6456723,-6.6135144,-5.8014956,-6.020227433333333
CC1(C)C(/C=C/C(Br)=C/C=C2/N(CCCCO)c3ccc(Br)cc3C2(C)C)=[N+](CCCCO)c2ccc(I)cc21,-5.7259727,-6.3705573,-5.5674524,-5.887994133333333
CC[N+](CC)(CC)CCCCN1/C(=C/C=C(Br)/C=C/C2=[N+](CCCCO)c3ccc(I)cc3C2(C)C)C(C)(C)c2cc(Br)ccc21,-6.0234127,-6.854738,-5.7854586,-6.221203099999999
CC1(C)C(/C=C/C(Br)=C/C=C2/N(CCCCS(=O)(=O)O)c3ccc(Br)cc3C2(C)C)=[N+](CCCCO)c2ccc(I)cc21,-5.9519496,-6.8458767,-5.4550834,-6.084303233333333
CC1(C)C(/C=C/C(Br)=C/C=C2/N(Cc3ccccc3)c3ccc(Br)cc3C2(C)C)=[N+](CCCCO)c2ccc(I)cc21,-5.7522163,-6.2733536,-5.534089,-5.853219633333334
CC1(C)C(/C=C/C(Br)=C/C=C2/N(Cc3ccsc3)c3ccc(Br)cc3C2(C)C)=[N+](CCCCO)c2ccc(I)cc21,-5.7404594,-6.2308784,-5.52879,-5.8333759333333335
CCN1/C(=C/C=C(Br)/C=C/C2=[N+](CCCC[N+](CC)(CC)CC)c3ccccc3C2(C)C)C(C)(C)c2cc(Br)ccc21,-6.076821,-6.749101,-5.729347,-6.185089666666666
CCCCN1/C(=C/C=C(Br)/C=C/C2=[N+](CCCC[N+](CC)(CC)CC)c3ccccc3C2(C)C)C(C)(C)c2cc(Br)ccc21,-6.0616612,-6.778391,-5.74043,-6.193494066666666
CC[N+](CC)(CC)CCCC[N+]1=C(/C=C/C(Br)=C/C=C2/N(CCCCN)c3ccc(Br)cc3C2(C)C)C(C)(C)c2ccccc21,-5.914386,-7.2663136,-6.094249,-6.424982866666667
CC[N+](CC)(CC)CCCC[N+]1=C(/C=C/C(Br)=C/C=C2/N(CCCCO)c3ccc(Br)cc3C2(C)C)C(C)(C)c2ccccc21,-6.0302386,-6.979717,-5.823127,-6.2776942
CC[N+](CC)(CC)CCCCN1/C(=C/C=C(Br)/C=C/C2=[N+](CCCC[N+](CC)(CC)CC)c3ccccc3C2(C)C)C(C)(C)c2cc(Br)ccc21,-6.239913,-7.4972515,-6.070089,-6.602417833333333
CC[N+](CC)(CC)CCCC[N+]1=C(/C=C/C(Br)=C/C=C2/N(CCCCS(=O)(=O)O)c3ccc(Br)cc3C2(C)C)C(C)(C)c2ccccc21,-6.219753,-7.488943,-5.756706,-6.488467333333333
CC[N+](CC)(CC)CCCC[N+]1=C(/C=C/C(Br)=C/C=C2/N(Cc3ccccc3)c3ccc(Br)cc3C2(C)C)C(C)(C)c2ccccc21,-6.070019,-6.8442793,-5.7625,-6.2255994333333335
CC[N+](CC)(CC)CCCC[N+]1=C(/C=C/C(Br)=C/C=C2/N(Cc3ccsc3)c3ccc(Br)cc3C2(C)C)C(C)(C)c2ccccc21,-6.0616503,-6.7942953,-5.7531977,-6.203047766666667
CCN1/C(=C/C=C(Br)/C=C/C2=[N+](CCCC[N+](CC)(CC)CC)c3ccc(Br)cc3C2(C)C)C(C)(C)c2cc(Br)ccc21,-6.024313,-6.813051,-5.8099937,-6.2157859
CCCCN1/C(=C/C=C(Br)/C=C/C2=[N+](CCCC[N+](CC)(CC)CC)c3ccc(Br)cc3C2(C)C)C(C)(C)c2cc(Br)ccc21,-6.01099,-6.837978,-5.8199596,-6.222975866666666
CC[N+](CC)(CC)CCCC[N+]1=C(/C=C/C(Br)=C/C=C2/N(CCCCN)c3ccc(Br)cc3C2(C)C)C(C)(C)c2cc(Br)ccc21,-5.8598657,-7.3297377,-6.175069,-6.4548908
CC[N+](CC)(CC)CCCC[N+]1=C(/C=C/C(Br)=C/C=C2/N(CCCCO)c3ccc(Br)cc3C2(C)C)C(C)(C)c2cc(Br)ccc21,-5.968138,-7.038073,-5.9079747,-6.304728566666667
CC[N+](CC)(CC)CCCCN1/C(=C/C=C(Br)/C=C/C2=[N+](CCCC[N+](CC)(CC)CC)c3ccc(Br)cc3C2(C)C)C(C)(C)c2cc(Br)ccc21,-6.1800914,-7.5638065,-6.1595864,-6.634494766666667
CC[N+](CC)(CC)CCCC[N+]1=C(/C=C/C(Br)=C/C=C2/N(CCCCS(=O)(=O)O)c3ccc(Br)cc3C2(C)C)C(C)(C)c2cc(Br)ccc21,-6.1530685,-7.53393,-5.85109,-6.512696166666667
CC[N+](CC)(CC)CCCC[N+]1=C(/C=C/C(Br)=C/C=C2/N(Cc3ccccc3)c3ccc(Br)cc3C2(C)C)C(C)(C)c2cc(Br)ccc21,-6.0132775,-6.898239,-5.843406,-6.251640833333333
CC[N+](CC)(CC)CCCC[N+]1=C(/C=C/C(Br)=C/C=C2/N(Cc3ccsc3)c3ccc(Br)cc3C2(C)C)C(C)(C)c2cc(Br)ccc21,-6.008014,-6.8532333,-5.833014,-6.231420433333334
CCN1/C(=C/C=C(Br)/C=C/C2=[N+](CCCC[N+](CC)(CC)CC)c3ccc(I)cc3C2(C)C)C(C)(C)c2cc(Br)ccc21,-6.0638695,-6.6507716,-5.707526,-6.140722366666666
CCCCN1/C(=C/C=C(Br)/C=C/C2=[N+](CCCC[N+](CC)(CC)CC)c3ccc(I)cc3C2(C)C)C(C)(C)c2cc(Br)ccc21,-6.0485506,-6.679496,-5.718706,-6.148917533333333
CC[N+](CC)(CC)CCCC[N+]1=C(/C=C/C(Br)=C/C=C2/N(CCCCN)c3ccc(Br)cc3C2(C)C)C(C)(C)c2cc(I)ccc21,-5.9136267,-7.1571627,-6.061219,-6.377336133333333
CC[N+](CC)(CC)CCCC[N+]1=C(/C=C/C(Br)=C/C=C2/N(CCCCO)c3ccc(Br)cc3C2(C)C)C(C)(C)c2cc(I)ccc21,-6.021218,-6.876551,-5.797596,-6.231788333333334
CC[N+](CC)(CC)CCCCN1/C(=C/C=C(Br)/C=C/C2=[N+](CCCC[N+](CC)(CC)CC)c3ccc(I)cc3C2(C)C)C(C)(C)c2cc(Br)ccc21,-6.233905,-7.3919744,-6.041999,-6.555959466666667
CC[N+](CC)(CC)CCCC[N+]1=C(/C=C/C(Br)=C/C=C2/N(CCCCS(=O)(=O)O)c3ccc(Br)cc3C2(C)C)C(C)(C)c2cc(I)ccc21,-6.2135596,-7.3794994,-5.732424,-6.441827666666666
CC[N+](CC)(CC)CCCC[N+]1=C(/C=C/C(Br)=C/C=C2/N(Cc3ccccc3)c3ccc(Br)cc3C2(C)C)C(C)(C)c2cc(I)ccc21,-6.05616,-6.7427225,-5.7403646,-6.179749033333334
CC[N+](CC)(CC)CCCC[N+]1=C(/C=C/C(Br)=C/C=C2/N(Cc3ccsc3)c3ccc(Br)cc3C2(C)C)C(C)(C)c2cc(I)ccc21,-6.0494413,-6.695742,-5.730623,-6.1586021
CCN1/C(=C/C=C(Br)/C=C/C2=[N+](CCCCS(=O)(=O)O)c3ccccc3C2(C)C)C(C)(C)c2cc(Br)ccc21,-6.022773,-6.777958,-5.4181376,-6.0729562
CCCCN1/C(=C/C=C(Br)/C=C/C2=[N+](CCCCS(=O)(=O)O)c3ccccc3C2(C)C)C(C)(C)c2cc(Br)ccc21,-6.0012646,-6.7972646,-5.422567,-6.073698733333334
CC1(C)C(/C=C/C(Br)=C/C=C2/N(CCCCN)c3ccc(Br)cc3C2(C)C)=[N+](CCCCS(=O)(=O)O)c2ccccc21,-5.849693,-7.1917915,-5.7328115,-6.258098666666666
CC1(C)C(/C=C/C(Br)=C/C=C2/N(CCCCO)c3ccc(Br)cc3C2(C)C)=[N+](CCCCS(=O)(=O)O)c2ccccc21,-5.949306,-7.003412,-5.493018,-6.148578666666666
CC[N+](CC)(CC)CCCCN1/C(=C/C=C(Br)/C=C/C2=[N+](CCCCS(=O)(=O)O)c3ccccc3C2(C)C)C(C)(C)c2cc(Br)ccc21,-6.212476,-7.5216436,-5.76979,-6.5013032
CC1(C)C(/C=C/C(Br)=C/C=C2/N(CCCCS(=O)(=O)O)c3ccc(Br)cc3C2(C)C)=[N+](CCCCS(=O)(=O)O)c2ccccc21,-6.0848265,-7.520091,-5.4391217,-6.348013066666667
CC1(C)C(/C=C/C(Br)=C/C=C2/N(Cc3ccccc3)c3ccc(Br)cc3C2(C)C)=[N+](CCCCS(=O)(=O)O)c2ccccc21,-6.0044327,-6.865886,-5.446724,-6.105680899999999
CC1(C)C(/C=C/C(Br)=C/C=C2/N(Cc3ccsc3)c3ccc(Br)cc3C2(C)C)=[N+](CCCCS(=O)(=O)O)c2ccccc21,-6.001516,-6.8261967,-5.4418187,-6.0898438
CCN1/C(=C/C=C(Br)/C=C/C2=[N+](CCCCS(=O)(=O)O)c3ccc(Br)cc3C2(C)C)C(C)(C)c2cc(Br)ccc21,-5.9582515,-6.821594,-5.4979296,-6.0925917
CCCCN1/C(=C/C=C(Br)/C=C/C2=[N+](CCCCS(=O)(=O)O)c3ccc(Br)cc3C2(C)C)C(C)(C)c2cc(Br)ccc21,-5.93505,-6.833691,-5.4995203,-6.089420433333333
CC1(C)C(/C=C/C(Br)=C/C=C2/N(CCCCN)c3ccc(Br)cc3C2(C)C)=[N+](CCCCS(=O)(=O)O)c2ccc(Br)cc21,-5.797548,-7.2145576,-5.8128166,-6.274974066666666
CC1(C)C(/C=C/C(Br)=C/C=C2/N(CCCCO)c3ccc(Br)cc3C2(C)C)=[N+](CCCCS(=O)(=O)O)c2ccc(Br)cc21,-5.8993735,-7.0291786,-5.5712385,-6.166596866666667
CC[N+](CC)(CC)CCCCN1/C(=C/C=C(Br)/C=C/C2=[N+](CCCCS(=O)(=O)O)c3ccc(Br)cc3C2(C)C)C(C)(C)c2cc(Br)ccc21,-6.1458755,-7.56649,-5.8650036,-6.5257897
CC1(C)C(/C=C/C(Br)=C/C=C2/N(CCCCS(=O)(=O)O)c3ccc(Br)cc3C2(C)C)=[N+](CCCCS(=O)(=O)O)c2ccc(Br)cc21,-6.0546703,-7.5309305,-5.5118527,-6.365817833333334
CC1(C)C(/C=C/C(Br)=C/C=C2/N(Cc3ccccc3)c3ccc(Br)cc3C2(C)C)=[N+](CCCCS(=O)(=O)O)c2ccc(Br)cc21,-5.943758,-6.895769,-5.520549,-6.120025333333333
CC1(C)C(/C=C/C(Br)=C/C=C2/N(Cc3ccsc3)c3ccc(Br)cc3C2(C)C)=[N+](CCCCS(=O)(=O)O)c2ccc(Br)cc21,-5.939459,-6.86135,-5.517593,-6.106134
CCN1/C(=C/C=C(Br)/C=C/C2=[N+](CCCCS(=O)(=O)O)c3ccc(I)cc3C2(C)C)C(C)(C)c2cc(Br)ccc21,-6.0176024,-6.67381,-5.402499,-6.0313038
CCCCN1/C(=C/C=C(Br)/C=C/C2=[N+](CCCCS(=O)(=O)O)c3ccc(I)cc3C2(C)C)C(C)(C)c2cc(Br)ccc21,-5.994512,-6.691718,-5.406834,-6.0310213333333325
CC1(C)C(/C=C/C(Br)=C/C=C2/N(CCCCN)c3ccc(Br)cc3C2(C)C)=[N+](CCCCS(=O)(=O)O)c2ccc(I)cc21,-5.843003,-7.0964947,-5.717803,-6.219100233333333
CC1(C)C(/C=C/C(Br)=C/C=C2/N(CCCCO)c3ccc(Br)cc3C2(C)C)=[N+](CCCCS(=O)(=O)O)c2ccc(I)cc21,-5.943418,-6.898125,-5.4757004,-6.1057478000000005
CC[N+](CC)(CC)CCCCN1/C(=C/C=C(Br)/C=C/C2=[N+](CCCCS(=O)(=O)O)c3ccc(I)cc3C2(C)C)C(C)(C)c2cc(Br)ccc21,-6.207284,-7.4114504,-5.74613,-6.454954799999999
CC1(C)C(/C=C/C(Br)=C/C=C2/N(CCCCS(=O)(=O)O)c3ccc(Br)cc3C2(C)C)=[N+](CCCCS(=O)(=O)O)c2ccc(I)cc21,-6.091606,-7.4063005,-5.423312,-6.307072833333333
CC1(C)C(/C=C/C(Br)=C/C=C2/N(Cc3ccccc3)c3ccc(Br)cc3C2(C)C)=[N+](CCCCS(=O)(=O)O)c2ccc(I)cc21,-6.0000463,-6.7603507,-5.430264,-6.063553666666667
CC1(C)C(/C=C/C(Br)=C/C=C2/N(Cc3ccsc3)c3ccc(Br)cc3C2(C)C)=[N+](CCCCS(=O)(=O)O)c2ccc(I)cc21,-5.9976096,-6.7217264,-5.4256163,-6.048317433333334
CCN1/C(=C/C=C(Br)/C=C/C2=[N+](Cc3ccccc3)c3ccccc3C2(C)C)C(C)(C)c2cc(Br)ccc21,-5.8167067,-6.292495,-5.5187774,-5.875993033333334
CCCCN1/C(=C/C=C(Br)/C=C/C2=[N+](Cc3ccccc3)c3ccccc3C2(C)C)C(C)(C)c2cc(Br)ccc21,-5.8125362,-6.310488,-5.5211887,-5.8814043
CC1(C)C(/C=C/C(Br)=C/C=C2/N(CCCCN)c3ccc(Br)cc3C2(C)C)=[N+](Cc2ccccc2)c2ccccc21,-5.692818,-6.724635,-5.81928,-6.078911000000001
CC1(C)C(/C=C/C(Br)=C/C=C2/N(CCCCO)c3ccc(Br)cc3C2(C)C)=[N+](Cc2ccccc2)c2ccccc21,-5.7733765,-6.4767804,-5.579664,-5.943273633333334
CC[N+](CC)(CC)CCCCN1/C(=C/C=C(Br)/C=C/C2=[N+](Cc3ccccc3)c3ccccc3C2(C)C)C(C)(C)c2cc(Br)ccc21,-6.077981,-6.951664,-5.794155,-6.2745999999999995
CC1(C)C(/C=C/C(Br)=C/C=C2/N(CCCCS(=O)(=O)O)c3ccc(Br)cc3C2(C)C)=[N+](Cc2ccccc2)c2ccccc21,-6.023631,-6.970075,-5.459352,-6.151019333333333
CC1(C)C(/C=C/C(Br)=C/C=C2/N(Cc3ccccc3)c3ccc(Br)cc3C2(C)C)=[N+](Cc2ccccc2)c2ccccc21,-5.8123007,-6.3854337,-5.550272,-5.9160021333333335
CC1(C)C(/C=C/C(Br)=C/C=C2/N(Cc3ccsc3)c3ccc(Br)cc3C2(C)C)=[N+](Cc2ccccc2)c2ccccc21,-5.800291,-6.3392844,-5.5449004,-5.894825266666667
CCN1/C(=C/C=C(Br)/C=C/C2=[N+](Cc3ccccc3)c3ccc(Br)cc3C2(C)C)C(C)(C)c2cc(Br)ccc21,-5.762998,-6.3392754,-5.5910697,-5.897781033333334
CCCCN1/C(=C/C=C(Br)/C=C/C2=[N+](Cc3ccccc3)c3ccc(Br)cc3C2(C)C)C(C)(C)c2cc(Br)ccc21,-5.756642,-6.35526,-5.5947633,-5.902221766666667
CC1(C)C(/C=C/C(Br)=C/C=C2/N(CCCCN)c3ccc(Br)cc3C2(C)C)=[N+](Cc2ccccc2)c2ccc(Br)cc21,-5.6387005,-6.7645855,-5.890058,-6.097781333333333
CC1(C)C(/C=C/C(Br)=C/C=C2/N(CCCCO)c3ccc(Br)cc3C2(C)C)=[N+](Cc2ccccc2)c2ccc(Br)cc21,-5.720049,-6.5157666,-5.656738,-5.964184533333333
CC[N+](CC)(CC)CCCCN1/C(=C/C=C(Br)/C=C/C2=[N+](Cc3ccccc3)c3ccc(Br)cc3C2(C)C)C(C)(C)c2cc(Br)ccc21,-6.014948,-7.0078945,-5.880923,-6.3012551666666665
CC1(C)C(/C=C/C(Br)=C/C=C2/N(CCCCS(=O)(=O)O)c3ccc(Br)cc3C2(C)C)=[N+](Cc2ccccc2)c2ccc(Br)cc21,-5.962527,-6.9884624,-5.5355835,-6.162190966666667
CC1(C)C(/C=C/C(Br)=C/C=C2/N(Cc3ccccc3)c3ccc(Br)cc3C2(C)C)=[N+](Cc2ccccc2)c2ccc(Br)cc21,-5.7594304,-6.428484,-5.6212916,-5.936402
CC1(C)C(/C=C/C(Br)=C/C=C2/N(Cc3ccsc3)c3ccc(Br)cc3C2(C)C)=[N+](Cc2ccccc2)c2ccc(Br)cc21,-5.748172,-6.385767,-5.616133,-5.916690666666668
CCN1/C(=C/C=C(Br)/C=C/C2=[N+](Cc3ccccc3)c3ccc(I)cc3C2(C)C)C(C)(C)c2cc(Br)ccc21,-5.8027263,-6.2011623,-5.503717,-5.835868533333333
CCCCN1/C(=C/C=C(Br)/C=C/C2=[N+](Cc3ccccc3)c3ccc(I)cc3C2(C)C)C(C)(C)c2cc(Br)ccc21,-5.796724,-6.2214622,-5.5092406,-5.8424756
CC1(C)C(/C=C/C(Br)=C/C=C2/N(CCCCN)c3ccc(Br)cc3C2(C)C)=[N+](Cc2ccccc2)c2ccc(I)cc21,-5.6828995,-6.6229224,-5.7964225,-6.034081466666668
CC1(C)C(/C=C/C(Br)=C/C=C2/N(CCCCO)c3ccc(Br)cc3C2(C)C)=[N+](Cc2ccccc2)c2ccc(I)cc21,-5.7563124,-6.378198,-5.5665307,-5.900347033333333
CC[N+](CC)(CC)CCCCN1/C(=C/C=C(Br)/C=C/C2=[N+](Cc3ccccc3)c3ccc(I)cc3C2(C)C)C(C)(C)c2cc(Br)ccc21,-6.063432,-6.8471413,-5.772271,-6.227614766666666
CC1(C)C(/C=C/C(Br)=C/C=C2/N(CCCCS(=O)(=O)O)c3ccc(Br)cc3C2(C)C)=[N+](Cc2ccccc2)c2ccc(I)cc21,-6.020951,-6.846271,-5.4379535,-6.101725166666667
CC1(C)C(/C=C/C(Br)=C/C=C2/N(Cc3ccccc3)c3ccc(Br)cc3C2(C)C)=[N+](Cc2ccccc2)c2ccc(I)cc21,-5.8005486,-6.296829,-5.5368047,-5.878060766666667
CC1(C)C(/C=C/C(Br)=C/C=C2/N(Cc3ccsc3)c3ccc(Br)cc3C2(C)C)=[N+](Cc2ccccc2)c2ccc(I)cc21,-5.78745,-6.2530637,-5.531698,-5.8574039
CCN1/C(=C/C=C(Br)/C=C/C2=[N+](Cc3ccsc3)c3ccccc3C2(C)C)C(C)(C)c2cc(Br)ccc21,-5.8102536,-6.248145,-5.5055547,-5.854651100000001
CCCCN1/C(=C/C=C(Br)/C=C/C2=[N+](Cc3ccsc3)c3ccccc3C2(C)C)C(C)(C)c2cc(Br)ccc21,-5.80423,-6.270775,-5.511746,-5.862250333333333
CC1(C)C(/C=C/C(Br)=C/C=C2/N(CCCCN)c3ccc(Br)cc3C2(C)C)=[N+](Cc2ccsc2)c2ccccc21,-5.6876683,-6.6867905,-5.807209,-6.060555933333333
CC1(C)C(/C=C/C(Br)=C/C=C2/N(CCCCO)c3ccc(Br)cc3C2(C)C)=[N+](Cc2ccsc2)c2ccccc21,-5.7687774,-6.439065,-5.5696464,-5.9258296
CC[N+](CC)(CC)CCCCN1/C(=C/C=C(Br)/C=C/C2=[N+](Cc3ccsc3)c3ccccc3C2(C)C)C(C)(C)c2cc(Br)ccc21,-6.074881,-6.909031,-5.779463,-6.254458333333333
CC1(C)C(/C=C/C(Br)=C/C=C2/N(CCCCS(=O)(=O)O)c3ccc(Br)cc3C2(C)C)=[N+](Cc2ccsc2)c2ccccc21,-6.0289445,-6.931806,-5.446772,-6.135840833333333
CC1(C)C(/C=C/C(Br)=C/C=C2/N(Cc3ccccc3)c3ccc(Br)cc3C2(C)C)=[N+](Cc2ccsc2)c2ccccc21,-5.8051214,-6.344407,-5.5397797,-5.896436033333334
CC1(C)C(/C=C/C(Br)=C/C=C2/N(Cc3ccsc3)c3ccc(Br)cc3C2(C)C)=[N+](Cc2ccsc2)c2ccccc21,-5.7939835,-6.301591,-5.534708,-5.876760833333333
CCN1/C(=C/C=C(Br)/C=C/C2=[N+](Cc3ccsc3)c3ccc(Br)cc3C2(C)C)C(C)(C)c2cc(Br)ccc21,-5.7565007,-6.3026156,-5.5814037,-5.880173333333333
CCCCN1/C(=C/C=C(Br)/C=C/C2=[N+](Cc3ccsc3)c3ccc(Br)cc3C2(C)C)C(C)(C)c2cc(Br)ccc21,-5.74988,-6.3184614,-5.585164,-5.8845018
CC1(C)C(/C=C/C(Br)=C/C=C2/N(CCCCN)c3ccc(Br)cc3C2(C)C)=[N+](Cc2ccsc2)c2ccc(Br)cc21,-5.638326,-6.7270107,-5.872429,-6.079255233333334
CC1(C)C(/C=C/C(Br)=C/C=C2/N(CCCCO)c3ccc(Br)cc3C2(C)C)=[N+](Cc2ccsc2)c2ccc(Br)cc21,-5.7165766,-6.4794197,-5.645833,-5.947276433333333
CC[N+](CC)(CC)CCCCN1/C(=C/C=C(Br)/C=C/C2=[N+](Cc3ccsc3)c3ccc(Br)cc3C2(C)C)C(C)(C)c2cc(Br)ccc21,-6.013038,-6.9680715,-5.866312,-6.282473833333333
CC1(C)C(/C=C/C(Br)=C/C=C2/N(CCCCS(=O)(=O)O)c3ccc(Br)cc3C2(C)C)=[N+](Cc2ccsc2)c2ccc(Br)cc21,-5.9654217,-6.9628057,-5.527644,-6.151957133333333
CC1(C)C(/C=C/C(Br)=C/C=C2/N(Cc3ccccc3)c3ccc(Br)cc3C2(C)C)=[N+](Cc2ccsc2)c2ccc(Br)cc21,-5.7530813,-6.390362,-5.610862,-5.918101766666666
CC1(C)C(/C=C/C(Br)=C/C=C2/N(Cc3ccsc3)c3ccc(Br)cc3C2(C)C)=[N+](Cc2ccsc2)c2ccc(Br)cc21,-5.741956,-6.349296,-5.606101,-5.899117666666666
CCN1/C(=C/C=C(Br)/C=C/C2=[N+](Cc3ccsc3)c3ccc(I)cc3C2(C)C)C(C)(C)c2cc(Br)ccc21,-5.795435,-6.1555495,-5.4901857,-5.813723400000001
CCCCN1/C(=C/C=C(Br)/C=C/C2=[N+](Cc3ccsc3)c3ccc(I)cc3C2(C)C)C(C)(C)c2cc(Br)ccc21,-5.7892427,-6.177941,-5.496522,-5.821235233333333
CC1(C)C(/C=C/C(Br)=C/C=C2/N(CCCCN)c3ccc(Br)cc3C2(C)C)=[N+](Cc2ccsc2)c2ccc(I)cc21,-5.677918,-6.582456,-5.782446,-6.014273333333333
CC1(C)C(/C=C/C(Br)=C/C=C2/N(CCCCO)c3ccc(Br)cc3C2(C)C)=[N+](Cc2ccsc2)c2ccc(I)cc21,-5.7520633,-6.340433,-5.5563273,-5.8829412
CC[N+](CC)(CC)CCCCN1/C(=C/C=C(Br)/C=C/C2=[N+](Cc3ccsc3)c3ccc(I)cc3C2(C)C)C(C)(C)c2cc(Br)ccc21,-6.0606055,-6.8055487,-5.757945,-6.208033066666666
CC1(C)C(/C=C/C(Br)=C/C=C2/N(CCCCS(=O)(=O)O)c3ccc(Br)cc3C2(C)C)=[N+](Cc2ccsc2)c2ccc(I)cc21,-6.0243735,-6.8161616,-5.4280396,-6.089524900000001
CC1(C)C(/C=C/C(Br)=C/C=C2/N(Cc3ccccc3)c3ccc(Br)cc3C2(C)C)=[N+](Cc2ccsc2)c2ccc(I)cc21,-5.7923155,-6.2576575,-5.5264087,-5.858793899999999
CC1(C)C(/C=C/C(Br)=C/C=C2/N(Cc3ccsc3)c3ccc(Br)cc3C2(C)C)=[N+](Cc2ccsc2)c2ccc(I)cc21,-5.779411,-6.20949,-5.519621,-5.836174
CCN1/C(=C/C=C(I)/C=C/C2=[N+](CC)c3ccccc3C2(C)C)C(C)(C)c2cc(Br)ccc21,-5.787486,-6.249857,-5.5268044,-5.8547158
CCCCN1/C(=C/C=C(I)/C=C/C2=[N+](CC)c3ccccc3C2(C)C)C(C)(C)c2cc(Br)ccc21,-5.7823806,-6.2722993,-5.531974,-5.862217966666667
CC[N+]1=C(/C=C/C(I)=C/C=C2/N(CCCCN)c3ccc(Br)cc3C2(C)C)C(C)(C)c2ccccc21,-5.6644716,-6.6722255,-5.8240876,-6.0535949
CC[N+]1=C(/C=C/C(I)=C/C=C2/N(CCCCO)c3ccc(Br)cc3C2(C)C)C(C)(C)c2ccccc21,-5.7451487,-6.4391203,-5.5917697,-5.925346233333333
CC[N+]1=C(/C=C/C(I)=C/C=C2/N(CCCC[N+](CC)(CC)CC)c3ccc(Br)cc3C2(C)C)C(C)(C)c2ccccc21,-6.056082,-6.897321,-5.7989507,-6.250784566666667
CC[N+]1=C(/C=C/C(I)=C/C=C2/N(CCCCS(=O)(=O)O)c3ccc(Br)cc3C2(C)C)C(C)(C)c2ccccc21,-5.993864,-6.918961,-5.4677773,-6.1268674333333335
CC[N+]1=C(/C=C/C(I)=C/C=C2/N(Cc3ccccc3)c3ccc(Br)cc3C2(C)C)C(C)(C)c2ccccc21,-5.7805643,-6.349271,-5.5614376,-5.897090966666667
CC[N+]1=C(/C=C/C(I)=C/C=C2/N(Cc3ccsc3)c3ccc(Br)cc3C2(C)C)C(C)(C)c2ccccc21,-5.7691793,-6.302649,-5.5552006,-5.875676299999999
CCN1/C(=C/C=C(I)/C=C/C2=[N+](CC)c3ccc(Br)cc3C2(C)C)C(C)(C)c2cc(Br)ccc21,-5.7332363,-6.3056617,-5.6024103,-5.8804361
CCCCN1/C(=C/C=C(I)/C=C/C2=[N+](CC)c3ccc(Br)cc3C2(C)C)C(C)(C)c2cc(Br)ccc21,-5.725367,-6.320841,-5.606204,-5.884137333333332
CC[N+]1=C(/C=C/C(I)=C/C=C2/N(CCCCN)c3ccc(Br)cc3C2(C)C)C(C)(C)c2cc(Br)ccc21,-5.615672,-6.7177773,-5.886422,-6.073290433333334
CC[N+]1=C(/C=C/C(I)=C/C=C2/N(CCCCO)c3ccc(Br)cc3C2(C)C)C(C)(C)c2cc(Br)ccc21,-5.6945095,-6.4792323,-5.667975,-5.947238933333334
CC[N+]1=C(/C=C/C(I)=C/C=C2/N(CCCC[N+](CC)(CC)CC)c3ccc(Br)cc3C2(C)C)C(C)(C)c2cc(Br)ccc21,-5.9959984,-6.9546785,-5.88259,-6.277755633333334
CC[N+]1=C(/C=C/C(I)=C/C=C2/N(CCCCS(=O)(=O)O)c3ccc(Br)cc3C2(C)C)C(C)(C)c2cc(Br)ccc21,-5.9324636,-6.9511023,-5.547604,-6.1437233
CC[N+]1=C(/C=C/C(I)=C/C=C2/N(Cc3ccccc3)c3ccc(Br)cc3C2(C)C)C(C)(C)c2cc(Br)ccc21,-5.7285953,-6.392204,-5.6310687,-5.917289333333334
CC[N+]1=C(/C=C/C(I)=C/C=C2/N(Cc3ccsc3)c3ccc(Br)cc3C2(C)C)C(C)(C)c2cc(Br)ccc21,-5.7168555,-6.35153,-5.627102,-5.898495833333334
CCN1/C(=C/C=C(I)/C=C/C2=[N+](CC)c3ccc(I)cc3C2(C)C)C(C)(C)c2cc(Br)ccc21,-5.7744393,-6.1552725,-5.509687,-5.813132933333333
CCCCN1/C(=C/C=C(I)/C=C/C2=[N+](CC)c3ccc(I)cc3C2(C)C)C(C)(C)c2cc(Br)ccc21,-5.766923,-6.1759996,-5.5157394,-5.819554
CC[N+]1=C(/C=C/C(I)=C/C=C2/N(CCCCN)c3ccc(Br)cc3C2(C)C)C(C)(C)c2cc(I)ccc21,-5.657496,-6.579698,-5.7986097,-6.011934566666667
CC[N+]1=C(/C=C/C(I)=C/C=C2/N(CCCCO)c3ccc(Br)cc3C2(C)C)C(C)(C)c2cc(I)ccc21,-5.7288184,-6.3415504,-5.577937,-5.882768600000001
CC[N+]1=C(/C=C/C(I)=C/C=C2/N(CCCC[N+](CC)(CC)CC)c3ccc(Br)cc3C2(C)C)C(C)(C)c2cc(I)ccc21,-6.043796,-6.7916865,-5.7751303,-6.203537600000001
CC[N+]1=C(/C=C/C(I)=C/C=C2/N(CCCCS(=O)(=O)O)c3ccc(Br)cc3C2(C)C)C(C)(C)c2cc(I)ccc21,-5.9878793,-6.8106227,-5.4503217,-6.082941233333333
CC[N+]1=C(/C=C/C(I)=C/C=C2/N(Cc3ccccc3)c3ccc(Br)cc3C2(C)C)C(C)(C)c2cc(I)ccc21,-5.7689114,-6.258851,-5.5459247,-5.8578957
CC[N+]1=C(/C=C/C(I)=C/C=C2/N(Cc3ccsc3)c3ccc(Br)cc3C2(C)C)C(C)(C)c2cc(I)ccc21,-5.756278,-6.2087407,-5.538177,-5.834398566666667
CCCC[N+]1=C(/C=C/C(I)=C/C=C2/N(CC)c3ccc(Br)cc3C2(C)C)C(C)(C)c2ccccc21,-5.7644563,-6.2887344,-5.5505905,-5.867927066666667
CCCCN1/C(=C/C=C(I)/C=C/C2=[N+](CCCC)c3ccccc3C2(C)C)C(C)(C)c2cc(Br)ccc21,-5.7568264,-6.305581,-5.5540776,-5.872161666666667
CCCC[N+]1=C(/C=C/C(I)=C/C=C2/N(CCCCN)c3ccc(Br)cc3C2(C)C)C(C)(C)c2ccccc21,-5.646792,-6.7021403,-5.841389,-6.063440433333334
CCCC[N+]1=C(/C=C/C(I)=C/C=C2/N(CCCCO)c3ccc(Br)cc3C2(C)C)C(C)(C)c2ccccc21,-5.7213244,-6.4692464,-5.6117616,-5.9341108
CCCC[N+]1=C(/C=C/C(I)=C/C=C2/N(CCCC[N+](CC)(CC)CC)c3ccc(Br)cc3C2(C)C)C(C)(C)c2ccccc21,-6.0299,-6.9367833,-5.8238773,-6.263520199999999
CCCC[N+]1=C(/C=C/C(I)=C/C=C2/N(CCCCS(=O)(=O)O)c3ccc(Br)cc3C2(C)C)C(C)(C)c2ccccc21,-5.955059,-6.9445567,-5.4872613,-6.128958999999999
CCCC[N+]1=C(/C=C/C(I)=C/C=C2/N(Cc3ccccc3)c3ccc(Br)cc3C2(C)C)C(C)(C)c2ccccc21,-5.7599726,-6.379938,-5.5808773,-5.906929300000001
CCCC[N+]1=C(/C=C/C(I)=C/C=C2/N(Cc3ccsc3)c3ccc(Br)cc3C2(C)C)C(C)(C)c2ccccc21,-5.7477756,-6.3362193,-5.576538,-5.8868443
CCCC[N+]1=C(/C=C/C(I)=C/C=C2/N(CC)c3ccc(Br)cc3C2(C)C)C(C)(C)c2cc(Br)ccc21,-5.7093806,-6.336092,-5.622608,-5.8893602
CCCCN1/C(=C/C=C(I)/C=C/C2=[N+](CCCC)c3ccc(Br)cc3C2(C)C)C(C)(C)c2cc(Br)ccc21,-5.7015243,-6.351359,-5.626386,-5.893089766666667
CCCC[N+]1=C(/C=C/C(I)=C/C=C2/N(CCCCN)c3ccc(Br)cc3C2(C)C)C(C)(C)c2cc(Br)ccc21,-5.6001735,-6.7457123,-5.9043727,-6.083419500000001
CCCC[N+]1=C(/C=C/C(I)=C/C=C2/N(CCCCO)c3ccc(Br)cc3C2(C)C)C(C)(C)c2cc(Br)ccc21,-5.673573,-6.509425,-5.687041,-5.956679666666667
CCCC[N+]1=C(/C=C/C(I)=C/C=C2/N(CCCC[N+](CC)(CC)CC)c3ccc(Br)cc3C2(C)C)C(C)(C)c2cc(Br)ccc21,-5.972857,-6.995427,-5.9060884,-6.2914574666666665
CCCC[N+]1=C(/C=C/C(I)=C/C=C2/N(CCCCS(=O)(=O)O)c3ccc(Br)cc3C2(C)C)C(C)(C)c2cc(Br)ccc21,-5.8958297,-6.9703116,-5.56333,-6.1431571
CCCC[N+]1=C(/C=C/C(I)=C/C=C2/N(Cc3ccccc3)c3ccc(Br)cc3C2(C)C)C(C)(C)c2cc(Br)ccc21,-5.706124,-6.422863,-5.6511273,-5.926704766666667
CCCC[N+]1=C(/C=C/C(I)=C/C=C2/N(Cc3ccsc3)c3ccc(Br)cc3C2(C)C)C(C)(C)c2cc(Br)ccc21,-5.6940265,-6.3819795,-5.6468987,-5.907634900000001
CCCC[N+]1=C(/C=C/C(I)=C/C=C2/N(CC)c3ccc(Br)cc3C2(C)C)C(C)(C)c2cc(I)ccc21,-5.7503877,-6.197994,-5.5349336,-5.8277717666666655
CCCCN1/C(=C/C=C(I)/C=C/C2=[N+](CCCC)c3ccc(I)cc3C2(C)C)C(C)(C)c2cc(Br)ccc21,-5.7406425,-6.2170224,-5.541493,-5.833052633333334
CCCC[N+]1=C(/C=C/C(I)=C/C=C2/N(CCCCN)c3ccc(Br)cc3C2(C)C)C(C)(C)c2cc(I)ccc21,-5.639464,-6.6097503,-5.8170996,-6.022104633333334
CCCC[N+]1=C(/C=C/C(I)=C/C=C2/N(CCCCO)c3ccc(Br)cc3C2(C)C)C(C)(C)c2cc(I)ccc21,-5.705392,-6.374422,-5.597956,-5.892589999999999
CCCC[N+]1=C(/C=C/C(I)=C/C=C2/N(CCCC[N+](CC)(CC)CC)c3ccc(Br)cc3C2(C)C)C(C)(C)c2cc(I)ccc21,-6.017847,-6.8343215,-5.79995,-6.217372833333333
CCCC[N+]1=C(/C=C/C(I)=C/C=C2/N(CCCCS(=O)(=O)O)c3ccc(Br)cc3C2(C)C)C(C)(C)c2cc(I)ccc21,-5.9479723,-6.838036,-5.4690995,-6.085035933333333
CCCC[N+]1=C(/C=C/C(I)=C/C=C2/N(Cc3ccccc3)c3ccc(Br)cc3C2(C)C)C(C)(C)c2cc(I)ccc21,-5.747395,-6.2941613,-5.5677066,-5.8697543
CCCC[N+]1=C(/C=C/C(I)=C/C=C2/N(Cc3ccsc3)c3ccc(Br)cc3C2(C)C)C(C)(C)c2cc(I)ccc21,-5.7343507,-6.2506003,-5.5630836,-5.849344866666667
CCN1/C(=C/C=C(I)/C=C/C2=[N+](CCCCN)c3ccccc3C2(C)C)C(C)(C)c2cc(Br)ccc21,-5.6456785,-6.7150555,-5.8579655,-6.0728998333333335
CCCCN1/C(=C/C=C(I)/C=C/C2=[N+](CCCCN)c3ccccc3C2(C)C)C(C)(C)c2cc(Br)ccc21,-5.6429176,-6.73256,-5.8626304,-6.079369333333333
CC1(C)C(/C=C/C(I)=C/C=C2/N(CCCCN)c3ccc(Br)cc3C2(C)C)=[N+](CCCCN)c2ccccc21,-5.599276,-7.221731,-6.2416854,-6.3542308
CC1(C)C(/C=C/C(I)=C/C=C2/N(CCCCO)c3ccc(Br)cc3C2(C)C)=[N+](CCCCN)c2ccccc21,-5.6141644,-6.924636,-5.9462414,-6.1616805999999995
CC[N+](CC)(CC)CCCCN1/C(=C/C=C(I)/C=C/C2=[N+](CCCCN)c3ccccc3C2(C)C)C(C)(C)c2cc(Br)ccc21,-5.867384,-7.4754863,-6.2168117,-6.519894000000001
CC1(C)C(/C=C/C(I)=C/C=C2/N(CCCCS(=O)(=O)O)c3ccc(Br)cc3C2(C)C)=[N+](CCCCN)c2ccccc21,-5.8139215,-7.3635817,-5.828846,-6.335449733333334
CC1(C)C(/C=C/C(I)=C/C=C2/N(Cc3ccccc3)c3ccc(Br)cc3C2(C)C)=[N+](CCCCN)c2ccccc21,-5.633799,-6.8020544,-5.8890104,-6.108287933333333
CC1(C)C(/C=C/C(I)=C/C=C2/N(Cc3ccsc3)c3ccc(Br)cc3C2(C)C)=[N+](CCCCN)c2ccccc21,-5.623095,-6.754632,-5.879628,-6.0857850000000004
CCN1/C(=C/C=C(I)/C=C/C2=[N+](CCCCN)c3ccc(Br)cc3C2(C)C)C(C)(C)c2cc(Br)ccc21,-5.5996127,-6.7645435,-5.922165,-6.0954404
CCCCN1/C(=C/C=C(I)/C=C/C2=[N+](CCCCN)c3ccc(Br)cc3C2(C)C)C(C)(C)c2cc(Br)ccc21,-5.5987577,-6.7778077,-5.9268546,-6.101140000000001
CC1(C)C(/C=C/C(I)=C/C=C2/N(CCCCN)c3ccc(Br)cc3C2(C)C)=[N+](CCCCN)c2ccc(Br)cc21,-5.590986,-7.2520337,-6.305517,-6.382845566666667
CC1(C)C(/C=C/C(I)=C/C=C2/N(CCCCO)c3ccc(Br)cc3C2(C)C)=[N+](CCCCN)c2ccc(Br)cc21,-5.5890756,-6.9654107,-6.0196695,-6.191385266666667
CC[N+](CC)(CC)CCCCN1/C(=C/C=C(I)/C=C/C2=[N+](CCCCN)c3ccc(Br)cc3C2(C)C)C(C)(C)c2cc(Br)ccc21,-5.814702,-7.5383887,-6.29854,-6.550543566666666
CC1(C)C(/C=C/C(I)=C/C=C2/N(CCCCS(=O)(=O)O)c3ccc(Br)cc3C2(C)C)=[N+](CCCCN)c2ccc(Br)cc21,-5.7709913,-7.3714304,-5.913927,-6.352116233333334
CC1(C)C(/C=C/C(I)=C/C=C2/N(Cc3ccccc3)c3ccc(Br)cc3C2(C)C)=[N+](CCCCN)c2ccc(Br)cc21,-5.5870466,-6.849083,-5.9557104,-6.130613333333334
CC1(C)C(/C=C/C(I)=C/C=C2/N(Cc3ccsc3)c3ccc(Br)cc3C2(C)C)=[N+](CCCCN)c2ccc(Br)cc21,-5.579877,-6.804791,-5.9423695,-6.1090124999999995
CCN1/C(=C/C=C(I)/C=C/C2=[N+](CCCCN)c3ccc(I)cc3C2(C)C)C(C)(C)c2cc(Br)ccc21,-5.6396523,-6.623674,-5.832282,-6.031869433333333
CCCCN1/C(=C/C=C(I)/C=C/C2=[N+](CCCCN)c3ccc(I)cc3C2(C)C)C(C)(C)c2cc(Br)ccc21,-5.635647,-6.639021,-5.837382,-6.037349999999999
CC1(C)C(/C=C/C(I)=C/C=C2/N(CCCCN)c3ccc(Br)cc3C2(C)C)=[N+](CCCCN)c2ccc(I)cc21,-5.586846,-7.111586,-6.1922655,-6.296899166666667
CC1(C)C(/C=C/C(I)=C/C=C2/N(CCCCO)c3ccc(Br)cc3C2(C)C)=[N+](CCCCN)c2ccc(I)cc21,-5.6036243,-6.8147664,-5.917097,-6.111829233333334
CC[N+](CC)(CC)CCCCN1/C(=C/C=C(I)/C=C/C2=[N+](CCCCN)c3ccc(I)cc3C2(C)C)C(C)(C)c2cc(Br)ccc21,-5.8623095,-7.3649616,-6.1844544,-6.470575166666666
CC1(C)C(/C=C/C(I)=C/C=C2/N(CCCCS(=O)(=O)O)c3ccc(Br)cc3C2(C)C)=[N+](CCCCN)c2ccc(I)cc21,-5.809881,-7.258812,-5.8102827,-6.2929919
CC1(C)C(/C=C/C(I)=C/C=C2/N(Cc3ccccc3)c3ccc(Br)cc3C2(C)C)=[N+](CCCCN)c2ccc(I)cc21,-5.6264687,-6.706507,-5.8639426,-6.065639433333334
CC1(C)C(/C=C/C(I)=C/C=C2/N(Cc3ccsc3)c3ccc(Br)cc3C2(C)C)=[N+](CCCCN)c2ccc(I)cc21,-5.619231,-6.661678,-5.8524327,-6.044447233333334
CCN1/C(=C/C=C(I)/C=C/C2=[N+](CCCCO)c3ccccc3C2(C)C)C(C)(C)c2cc(Br)ccc21,-5.7357306,-6.420275,-5.595632,-5.917212533333334
CCCCN1/C(=C/C=C(I)/C=C/C2=[N+](CCCCO)c3ccccc3C2(C)C)C(C)(C)c2cc(Br)ccc21,-5.7287183,-6.4384613,-5.5984306,-5.921870066666667
CC1(C)C(/C=C/C(I)=C/C=C2/N(CCCCN)c3ccc(Br)cc3C2(C)C)=[N+](CCCCO)c2ccccc21,-5.6183605,-6.8641224,-5.9103603,-6.1309477333333335
CC1(C)C(/C=C/C(I)=C/C=C2/N(CCCCO)c3ccc(Br)cc3C2(C)C)=[N+](CCCCO)c2ccccc21,-5.7057805,-6.6230497,-5.660663,-5.9964977333333325
CC[N+](CC)(CC)CCCCN1/C(=C/C=C(I)/C=C/C2=[N+](CCCCO)c3ccccc3C2(C)C)C(C)(C)c2cc(Br)ccc21,-5.9881744,-7.1158867,-5.9018273,-6.335296133333333
CC1(C)C(/C=C/C(I)=C/C=C2/N(CCCCS(=O)(=O)O)c3ccc(Br)cc3C2(C)C)=[N+](CCCCO)c2ccccc21,-5.9201527,-7.125372,-5.5513573,-6.198960666666667
CC1(C)C(/C=C/C(I)=C/C=C2/N(Cc3ccccc3)c3ccc(Br)cc3C2(C)C)=[N+](CCCCO)c2ccccc21,-5.7259054,-6.5103364,-5.625345,-5.953862266666667
CC1(C)C(/C=C/C(I)=C/C=C2/N(Cc3ccsc3)c3ccc(Br)cc3C2(C)C)=[N+](CCCCO)c2ccccc21,-5.712578,-6.463833,-5.621164,-5.932525000000001
CCN1/C(=C/C=C(I)/C=C/C2=[N+](CCCCO)c3ccc(Br)cc3C2(C)C)C(C)(C)c2cc(Br)ccc21,-5.6859145,-6.4667015,-5.6722407,-5.941618899999999
CCCCN1/C(=C/C=C(I)/C=C/C2=[N+](CCCCO)c3ccc(Br)cc3C2(C)C)C(C)(C)c2cc(Br)ccc21,-5.679353,-6.481268,-5.675112,-5.945244333333332
CC1(C)C(/C=C/C(I)=C/C=C2/N(CCCCN)c3ccc(Br)cc3C2(C)C)=[N+](CCCCO)c2ccc(Br)cc21,-5.589248,-6.9047174,-5.981975,-6.1586468
CC1(C)C(/C=C/C(I)=C/C=C2/N(CCCCO)c3ccc(Br)cc3C2(C)C)=[N+](CCCCO)c2ccc(Br)cc21,-5.660623,-6.6518283,-5.73938,-6.0172771
CC[N+](CC)(CC)CCCCN1/C(=C/C=C(I)/C=C/C2=[N+](CCCCO)c3ccc(Br)cc3C2(C)C)C(C)(C)c2cc(Br)ccc21,-5.9301357,-7.1739087,-5.986581,-6.3635418
CC1(C)C(/C=C/C(I)=C/C=C2/N(CCCCS(=O)(=O)O)c3ccc(Br)cc3C2(C)C)=[N+](CCCCO)c2ccc(Br)cc21,-5.8716717,-7.14411,-5.6289244,-6.214902033333334
CC1(C)C(/C=C/C(I)=C/C=C2/N(Cc3ccccc3)c3ccc(Br)cc3C2(C)C)=[N+](CCCCO)c2ccc(Br)cc21,-5.676447,-6.5462146,-5.6970787,-5.973246766666666
CC1(C)C(/C=C/C(I)=C/C=C2/N(Cc3ccsc3)c3ccc(Br)cc3C2(C)C)=[N+](CCCCO)c2ccc(Br)cc21,-5.6662345,-6.5019994,-5.692033,-5.9534223
CCN1/C(=C/C=C(I)/C=C/C2=[N+](CCCCO)c3ccc(I)cc3C2(C)C)C(C)(C)c2cc(Br)ccc21,-5.720541,-6.3269715,-5.581444,-5.876318833333333
CCCCN1/C(=C/C=C(I)/C=C/C2=[N+](CCCCO)c3ccc(I)cc3C2(C)C)C(C)(C)c2cc(Br)ccc21,-5.713278,-6.343812,-5.58473,-5.880606666666666
CC1(C)C(/C=C/C(I)=C/C=C2/N(CCCCN)c3ccc(Br)cc3C2(C)C)=[N+](CCCCO)c2ccc(I)cc21,-5.6076937,-6.757676,-5.883709,-6.0830262333333325
CC1(C)C(/C=C/C(I)=C/C=C2/N(CCCCO)c3ccc(Br)cc3C2(C)C)=[N+](CCCCO)c2ccc(I)cc21,-5.6945477,-6.5170474,-5.6473145,-5.952969866666667
CC[N+](CC)(CC)CCCCN1/C(=C/C=C(I)/C=C/C2=[N+](CCCCO)c3ccc(I)cc3C2(C)C)C(C)(C)c2cc(Br)ccc21,-5.9835057,-7.0078545,-5.8727255,-6.288028566666665
CC1(C)C(/C=C/C(I)=C/C=C2/N(CCCCS(=O)(=O)O)c3ccc(Br)cc3C2(C)C)=[N+](CCCCO)c2ccc(I)cc21,-5.9160056,-7.011989,-5.531415,-6.153136533333334
CC1(C)C(/C=C/C(I)=C/C=C2/N(Cc3ccccc3)c3ccc(Br)cc3C2(C)C)=[N+](CCCCO)c2ccc(I)cc21,-5.7125306,-6.4160843,-5.6107507,-5.913121866666667
CC1(C)C(/C=C/C(I)=C/C=C2/N(Cc3ccsc3)c3ccc(Br)cc3C2(C)C)=[N+](CCCCO)c2ccc(I)cc21,-5.7012715,-6.3728976,-5.6063266,-5.893498566666666
CCN1/C(=C/C=C(I)/C=C/C2=[N+](CCCC[N+](CC)(CC)CC)c3ccccc3C2(C)C)C(C)(C)c2cc(Br)ccc21,-6.0451202,-6.900697,-5.81394,-6.2532524
CCCCN1/C(=C/C=C(I)/C=C/C2=[N+](CCCC[N+](CC)(CC)CC)c3ccccc3C2(C)C)C(C)(C)c2cc(Br)ccc21,-6.0325875,-6.9301195,-5.823881,-6.262196
CC[N+](CC)(CC)CCCC[N+]1=C(/C=C/C(I)=C/C=C2/N(CCCCN)c3ccc(Br)cc3C2(C)C)C(C)(C)c2ccccc21,-5.876013,-7.4315543,-6.1904345,-6.499333933333333
CC[N+](CC)(CC)CCCC[N+]1=C(/C=C/C(I)=C/C=C2/N(CCCCO)c3ccc(Br)cc3C2(C)C)C(C)(C)c2ccccc21,-5.984689,-7.138541,-5.9143815,-6.3458705
CC[N+](CC)(CC)CCCCN1/C(=C/C=C(I)/C=C/C2=[N+](CCCC[N+](CC)(CC)CC)c3ccccc3C2(C)C)C(C)(C)c2cc(Br)ccc21,-6.200997,-7.6547337,-6.1632686,-6.672999766666667
CC[N+](CC)(CC)CCCC[N+]1=C(/C=C/C(I)=C/C=C2/N(CCCCS(=O)(=O)O)c3ccc(Br)cc3C2(C)C)C(C)(C)c2ccccc21,-6.17383,-7.6636915,-5.851814,-6.563111833333333
CC[N+](CC)(CC)CCCC[N+]1=C(/C=C/C(I)=C/C=C2/N(Cc3ccccc3)c3ccc(Br)cc3C2(C)C)C(C)(C)c2ccccc21,-6.0354195,-6.9934998,-5.846796,-6.2919051
CC[N+](CC)(CC)CCCC[N+]1=C(/C=C/C(I)=C/C=C2/N(Cc3ccsc3)c3ccc(Br)cc3C2(C)C)C(C)(C)c2ccccc21,-6.02854,-6.943783,-5.837245,-6.269856
CCN1/C(=C/C=C(I)/C=C/C2=[N+](CCCC[N+](CC)(CC)CC)c3ccc(Br)cc3C2(C)C)C(C)(C)c2cc(Br)ccc21,-5.9851484,-6.9605217,-5.897356,-6.281008700000001
CCCCN1/C(=C/C=C(I)/C=C/C2=[N+](CCCC[N+](CC)(CC)CC)c3ccc(Br)cc3C2(C)C)C(C)(C)c2cc(Br)ccc21,-5.9750338,-6.989212,-5.906639,-6.290294933333333
CC[N+](CC)(CC)CCCC[N+]1=C(/C=C/C(I)=C/C=C2/N(CCCCN)c3ccc(Br)cc3C2(C)C)C(C)(C)c2cc(Br)ccc21,-5.8219733,-7.4952874,-6.2725105,-6.529923733333333
CC[N+](CC)(CC)CCCC[N+]1=C(/C=C/C(I)=C/C=C2/N(CCCCO)c3ccc(Br)cc3C2(C)C)C(C)(C)c2cc(Br)ccc21,-5.9272647,-7.1967316,-5.998866,-6.3742874333333335
CC[N+](CC)(CC)CCCCN1/C(=C/C=C(I)/C=C/C2=[N+](CCCC[N+](CC)(CC)CC)c3ccc(Br)cc3C2(C)C)C(C)(C)c2cc(Br)ccc21,-6.139386,-7.723445,-6.254675,-6.705835333333333
CC[N+](CC)(CC)CCCC[N+]1=C(/C=C/C(I)=C/C=C2/N(CCCCS(=O)(=O)O)c3ccc(Br)cc3C2(C)C)C(C)(C)c2cc(Br)ccc21,-6.106097,-7.707799,-5.9475603,-6.5871521
CC[N+](CC)(CC)CCCC[N+]1=C(/C=C/C(I)=C/C=C2/N(Cc3ccccc3)c3ccc(Br)cc3C2(C)C)C(C)(C)c2cc(Br)ccc21,-5.9739437,-7.049688,-5.931895,-6.3185089
CC[N+](CC)(CC)CCCC[N+]1=C(/C=C/C(I)=C/C=C2/N(Cc3ccsc3)c3ccc(Br)cc3C2(C)C)C(C)(C)c2cc(Br)ccc21,-5.968352,-7.0024586,-5.920803,-6.297204533333333
CCN1/C(=C/C=C(I)/C=C/C2=[N+](CCCC[N+](CC)(CC)CC)c3ccc(I)cc3C2(C)C)C(C)(C)c2cc(Br)ccc21,-6.034395,-6.79792,-5.789435,-6.207250000000001
CCCCN1/C(=C/C=C(I)/C=C/C2=[N+](CCCC[N+](CC)(CC)CC)c3ccc(I)cc3C2(C)C)C(C)(C)c2cc(Br)ccc21,-6.02037,-6.827273,-5.79984,-6.215827666666667
CC[N+](CC)(CC)CCCC[N+]1=C(/C=C/C(I)=C/C=C2/N(CCCCN)c3ccc(Br)cc3C2(C)C)C(C)(C)c2cc(I)ccc21,-5.8710017,-7.321125,-6.158329,-6.450151899999999
CC[N+](CC)(CC)CCCC[N+]1=C(/C=C/C(I)=C/C=C2/N(CCCCO)c3ccc(Br)cc3C2(C)C)C(C)(C)c2cc(I)ccc21,-5.9801764,-7.030452,-5.8858414,-6.298823266666667
CC[N+](CC)(CC)CCCCN1/C(=C/C=C(I)/C=C/C2=[N+](CCCC[N+](CC)(CC)CC)c3ccc(I)cc3C2(C)C)C(C)(C)c2cc(Br)ccc21,-6.1943927,-7.5472455,-6.132569,-6.624735733333334
CC[N+](CC)(CC)CCCC[N+]1=C(/C=C/C(I)=C/C=C2/N(CCCCS(=O)(=O)O)c3ccc(Br)cc3C2(C)C)C(C)(C)c2cc(I)ccc21,-6.1719475,-7.5503864,-5.8285007,-6.516944866666666
CC[N+](CC)(CC)CCCC[N+]1=C(/C=C/C(I)=C/C=C2/N(Cc3ccccc3)c3ccc(Br)cc3C2(C)C)C(C)(C)c2cc(I)ccc21,-6.0253158,-6.8911448,-5.823149,-6.246536533333334
CC[N+](CC)(CC)CCCC[N+]1=C(/C=C/C(I)=C/C=C2/N(Cc3ccsc3)c3ccc(Br)cc3C2(C)C)C(C)(C)c2cc(I)ccc21,-6.0193186,-6.843073,-5.813993,-6.225461533333333
CCN1/C(=C/C=C(I)/C=C/C2=[N+](CCCCS(=O)(=O)O)c3ccccc3C2(C)C)C(C)(C)c2cc(Br)ccc21,-5.973487,-6.9447784,-5.491616,-6.1366271333333335
CCCCN1/C(=C/C=C(I)/C=C/C2=[N+](CCCCS(=O)(=O)O)c3ccccc3C2(C)C)C(C)(C)c2cc(Br)ccc21,-5.9515,-6.9664927,-5.497354,-6.1384489
CC1(C)C(/C=C/C(I)=C/C=C2/N(CCCCN)c3ccc(Br)cc3C2(C)C)=[N+](CCCCS(=O)(=O)O)c2ccccc21,-5.8152456,-7.3595753,-5.8184233,-6.3310813999999995
CC1(C)C(/C=C/C(I)=C/C=C2/N(CCCCO)c3ccc(Br)cc3C2(C)C)=[N+](CCCCS(=O)(=O)O)c2ccccc21,-5.913395,-7.1798263,-5.574102,-6.2224411
CC[N+](CC)(CC)CCCCN1/C(=C/C=C(I)/C=C/C2=[N+](CCCCS(=O)(=O)O)c3ccccc3C2(C)C)C(C)(C)c2cc(Br)ccc21,-6.165283,-7.697253,-5.8652,-6.575912
CC1(C)C(/C=C/C(I)=C/C=C2/N(CCCCS(=O)(=O)O)c3ccc(Br)cc3C2(C)C)=[N+](CCCCS(=O)(=O)O)c2ccccc21,-6.0465403,-7.679637,-5.505664,-6.410613766666667
CC1(C)C(/C=C/C(I)=C/C=C2/N(Cc3ccccc3)c3ccc(Br)cc3C2(C)C)=[N+](CCCCS(=O)(=O)O)c2ccccc21,-5.955328,-7.037795,-5.520624,-6.171249
CC1(C)C(/C=C/C(I)=C/C=C2/N(Cc3ccsc3)c3ccc(Br)cc3C2(C)C)=[N+](CCCCS(=O)(=O)O)c2ccccc21,-5.953771,-6.9917803,-5.51401,-6.1531871
CCN1/C(=C/C=C(I)/C=C/C2=[N+](CCCCS(=O)(=O)O)c3ccc(Br)cc3C2(C)C)C(C)(C)c2cc(Br)ccc21,-5.9140983,-6.979982,-5.571696,-6.155258766666666
CCCCN1/C(=C/C=C(I)/C=C/C2=[N+](CCCCS(=O)(=O)O)c3ccc(Br)cc3C2(C)C)C(C)(C)c2cc(Br)ccc21,-5.892406,-6.991921,-5.573672,-6.152666333333333
CC1(C)C(/C=C/C(I)=C/C=C2/N(CCCCN)c3ccc(Br)cc3C2(C)C)=[N+](CCCCS(=O)(=O)O)c2ccc(Br)cc21,-5.7713556,-7.366859,-5.9009147,-6.346376433333333
CC1(C)C(/C=C/C(I)=C/C=C2/N(CCCCO)c3ccc(Br)cc3C2(C)C)=[N+](CCCCS(=O)(=O)O)c2ccc(Br)cc21,-5.864131,-7.1949053,-5.650476,-6.2365041
CC[N+](CC)(CC)CCCCN1/C(=C/C=C(I)/C=C/C2=[N+](CCCCS(=O)(=O)O)c3ccc(Br)cc3C2(C)C)C(C)(C)c2cc(Br)ccc21,-6.0991035,-7.740347,-5.9606667,-6.600039066666667
CC1(C)C(/C=C/C(I)=C/C=C2/N(CCCCS(=O)(=O)O)c3ccc(Br)cc3C2(C)C)=[N+](CCCCS(=O)(=O)O)c2ccc(Br)cc21,-6.016832,-7.690862,-5.5824394,-6.430044466666668
CC1(C)C(/C=C/C(I)=C/C=C2/N(Cc3ccccc3)c3ccc(Br)cc3C2(C)C)=[N+](CCCCS(=O)(=O)O)c2ccc(Br)cc21,-5.899766,-7.059039,-5.5967746,-6.1851932000000005
CC1(C)C(/C=C/C(I)=C/C=C2/N(Cc3ccsc3)c3ccc(Br)cc3C2(C)C)=[N+](CCCCS(=O)(=O)O)c2ccc(Br)cc21,-5.8969383,-7.01941,-5.591559,-6.169302433333333
CCN1/C(=C/C=C(I)/C=C/C2=[N+](CCCCS(=O)(=O)O)c3ccc(I)cc3C2(C)C)C(C)(C)c2cc(Br)ccc21,-5.966434,-6.8435674,-5.4755597,-6.0951870333333344
CCCCN1/C(=C/C=C(I)/C=C/C2=[N+](CCCCS(=O)(=O)O)c3ccc(I)cc3C2(C)C)C(C)(C)c2cc(Br)ccc21,-5.9439373,-6.859499,-5.479017,-6.0941511
CC1(C)C(/C=C/C(I)=C/C=C2/N(CCCCN)c3ccc(Br)cc3C2(C)C)=[N+](CCCCS(=O)(=O)O)c2ccc(I)cc21,-5.8111796,-7.25352,-5.7992682,-6.287989266666667
CC1(C)C(/C=C/C(I)=C/C=C2/N(CCCCO)c3ccc(Br)cc3C2(C)C)=[N+](CCCCS(=O)(=O)O)c2ccc(I)cc21,-5.9098325,-7.0609746,-5.55138,-6.174062366666667
CC[N+](CC)(CC)CCCCN1/C(=C/C=C(I)/C=C/C2=[N+](CCCCS(=O)(=O)O)c3ccc(I)cc3C2(C)C)C(C)(C)c2cc(Br)ccc21,-6.1645026,-7.583555,-5.841797,-6.529951533333333
CC1(C)C(/C=C/C(I)=C/C=C2/N(CCCCS(=O)(=O)O)c3ccc(Br)cc3C2(C)C)=[N+](CCCCS(=O)(=O)O)c2ccc(I)cc21,-6.049395,-7.566557,-5.4918985,-6.369283499999999
CC1(C)C(/C=C/C(I)=C/C=C2/N(Cc3ccccc3)c3ccc(Br)cc3C2(C)C)=[N+](CCCCS(=O)(=O)O)c2ccc(I)cc21,-5.9512873,-6.9248953,-5.501142,-6.125774866666667
CC1(C)C(/C=C/C(I)=C/C=C2/N(Cc3ccsc3)c3ccc(Br)cc3C2(C)C)=[N+](CCCCS(=O)(=O)O)c2ccc(I)cc21,-5.947393,-6.8869104,-5.496699,-6.110334133333333
CCN1/C(=C/C=C(I)/C=C/C2=[N+](Cc3ccccc3)c3ccccc3C2(C)C)C(C)(C)c2cc(Br)ccc21,-5.778453,-6.437623,-5.5944123,-5.936829433333334
CCCCN1/C(=C/C=C(I)/C=C/C2=[N+](Cc3ccccc3)c3ccccc3C2(C)C)C(C)(C)c2cc(Br)ccc21,-5.772906,-6.457414,-5.597675,-5.942664999999999
CC1(C)C(/C=C/C(I)=C/C=C2/N(CCCCN)c3ccc(Br)cc3C2(C)C)=[N+](Cc2ccccc2)c2ccccc21,-5.6516886,-6.8726087,-5.902353,-6.1422167666666665
CC1(C)C(/C=C/C(I)=C/C=C2/N(CCCCO)c3ccc(Br)cc3C2(C)C)=[N+](Cc2ccccc2)c2ccccc21,-5.7405133,-6.630904,-5.656774,-6.009397100000001
CC[N+](CC)(CC)CCCCN1/C(=C/C=C(I)/C=C/C2=[N+](Cc3ccccc3)c3ccccc3C2(C)C)C(C)(C)c2cc(Br)ccc21,-6.037418,-7.103406,-5.8817515,-6.3408584999999995
CC1(C)C(/C=C/C(I)=C/C=C2/N(CCCCS(=O)(=O)O)c3ccc(Br)cc3C2(C)C)=[N+](Cc2ccccc2)c2ccccc21,-5.972296,-7.1471357,-5.5390697,-6.219500466666666
CC1(C)C(/C=C/C(I)=C/C=C2/N(Cc3ccccc3)c3ccc(Br)cc3C2(C)C)=[N+](Cc2ccccc2)c2ccccc21,-5.774535,-6.532605,-5.625293,-5.977477666666666
CC1(C)C(/C=C/C(I)=C/C=C2/N(Cc3ccsc3)c3ccc(Br)cc3C2(C)C)=[N+](Cc2ccccc2)c2ccccc21,-5.762289,-6.486391,-5.621235,-5.956638333333333
CCN1/C(=C/C=C(I)/C=C/C2=[N+](Cc3ccccc3)c3ccc(Br)cc3C2(C)C)C(C)(C)c2cc(Br)ccc21,-5.726128,-6.47735,-5.666911,-5.956796333333333
CCCCN1/C(=C/C=C(I)/C=C/C2=[N+](Cc3ccccc3)c3ccc(Br)cc3C2(C)C)C(C)(C)c2cc(Br)ccc21,-5.7188125,-6.493646,-5.6701818,-5.9608801
CC1(C)C(/C=C/C(I)=C/C=C2/N(CCCCN)c3ccc(Br)cc3C2(C)C)=[N+](Cc2ccccc2)c2ccc(Br)cc21,-5.6027555,-6.913109,-5.975402,-6.1637555
CC1(C)C(/C=C/C(I)=C/C=C2/N(CCCCO)c3ccc(Br)cc3C2(C)C)=[N+](Cc2ccccc2)c2ccc(Br)cc21,-5.6832995,-6.6642327,-5.734473,-6.027335066666667
CC[N+](CC)(CC)CCCCN1/C(=C/C=C(I)/C=C/C2=[N+](Cc3ccccc3)c3ccc(Br)cc3C2(C)C)C(C)(C)c2cc(Br)ccc21,-5.971722,-7.1640987,-5.972248,-6.369356233333334
CC1(C)C(/C=C/C(I)=C/C=C2/N(CCCCS(=O)(=O)O)c3ccc(Br)cc3C2(C)C)=[N+](Cc2ccccc2)c2ccc(Br)cc21,-5.917152,-7.1664486,-5.6177344,-6.233778333333333
CC1(C)C(/C=C/C(I)=C/C=C2/N(Cc3ccccc3)c3ccc(Br)cc3C2(C)C)=[N+](Cc2ccccc2)c2ccc(Br)cc21,-5.7245717,-6.566485,-5.6944966,-5.995184433333333
CC1(C)C(/C=C/C(I)=C/C=C2/N(Cc3ccsc3)c3ccc(Br)cc3C2(C)C)=[N+](Cc2ccccc2)c2ccc(Br)cc21,-5.711953,-6.5213804,-5.688851,-5.974061466666666
CCN1/C(=C/C=C(I)/C=C/C2=[N+](Cc3ccccc3)c3ccc(I)cc3C2(C)C)C(C)(C)c2cc(Br)ccc21,-5.7658215,-6.341306,-5.579221,-5.895449500000001
CCCCN1/C(=C/C=C(I)/C=C/C2=[N+](Cc3ccccc3)c3ccc(I)cc3C2(C)C)C(C)(C)c2cc(Br)ccc21,-5.75848,-6.361381,-5.584477,-5.901446
CC1(C)C(/C=C/C(I)=C/C=C2/N(CCCCN)c3ccc(Br)cc3C2(C)C)=[N+](Cc2ccccc2)c2ccc(I)cc21,-5.6405473,-6.7708273,-5.8797383,-6.097037633333333
CC1(C)C(/C=C/C(I)=C/C=C2/N(CCCCO)c3ccc(Br)cc3C2(C)C)=[N+](Cc2ccccc2)c2ccc(I)cc21,-5.719741,-6.5286813,-5.6450653,-5.964495866666667
CC[N+](CC)(CC)CCCCN1/C(=C/C=C(I)/C=C/C2=[N+](Cc3ccccc3)c3ccc(I)cc3C2(C)C)C(C)(C)c2cc(Br)ccc21,-6.028224,-6.998126,-5.857907,-6.294752333333334
CC1(C)C(/C=C/C(I)=C/C=C2/N(CCCCS(=O)(=O)O)c3ccc(Br)cc3C2(C)C)=[N+](Cc2ccccc2)c2ccc(I)cc21,-5.9673896,-7.027543,-5.518729,-6.171220533333333
CC1(C)C(/C=C/C(I)=C/C=C2/N(Cc3ccccc3)c3ccc(Br)cc3C2(C)C)=[N+](Cc2ccccc2)c2ccc(I)cc21,-5.76105,-6.4378915,-5.6120815,-5.937007666666666
CC1(C)C(/C=C/C(I)=C/C=C2/N(Cc3ccsc3)c3ccc(Br)cc3C2(C)C)=[N+](Cc2ccccc2)c2ccc(I)cc21,-5.749702,-6.393404,-5.606807,-5.9166376666666665
CCN1/C(=C/C=C(I)/C=C/C2=[N+](Cc3ccsc3)c3ccccc3C2(C)C)C(C)(C)c2cc(Br)ccc21,-5.7721505,-6.392673,-5.5828614,-5.9158949666666665
CCCCN1/C(=C/C=C(I)/C=C/C2=[N+](Cc3ccsc3)c3ccccc3C2(C)C)C(C)(C)c2cc(Br)ccc21,-5.766057,-6.415851,-5.587324,-5.923077333333333
CC1(C)C(/C=C/C(I)=C/C=C2/N(CCCCN)c3ccc(Br)cc3C2(C)C)=[N+](Cc2ccsc2)c2ccccc21,-5.647188,-6.8324895,-5.8899517,-6.123209733333334
CC1(C)C(/C=C/C(I)=C/C=C2/N(CCCCO)c3ccc(Br)cc3C2(C)C)=[N+](Cc2ccsc2)c2ccccc21,-5.733967,-6.591034,-5.648074,-5.9910250000000005
CC[N+](CC)(CC)CCCCN1/C(=C/C=C(I)/C=C/C2=[N+](Cc3ccsc3)c3ccccc3C2(C)C)C(C)(C)c2cc(Br)ccc21,-6.0355577,-7.061641,-5.8673706,-6.3215231
CC1(C)C(/C=C/C(I)=C/C=C2/N(CCCCS(=O)(=O)O)c3ccc(Br)cc3C2(C)C)=[N+](Cc2ccsc2)c2ccccc21,-5.97624,-7.1131134,-5.528397,-6.2059168
CC1(C)C(/C=C/C(I)=C/C=C2/N(Cc3ccccc3)c3ccc(Br)cc3C2(C)C)=[N+](Cc2ccsc2)c2ccccc21,-5.767295,-6.4933167,-5.6161847,-5.958932133333334
CC1(C)C(/C=C/C(I)=C/C=C2/N(Cc3ccsc3)c3ccc(Br)cc3C2(C)C)=[N+](Cc2ccsc2)c2ccccc21,-5.755115,-6.4451466,-5.6112137,-5.937158433333334
CCN1/C(=C/C=C(I)/C=C/C2=[N+](Cc3ccsc3)c3ccc(Br)cc3C2(C)C)C(C)(C)c2cc(Br)ccc21,-5.718396,-6.4407854,-5.657258,-5.938813133333333
CCCCN1/C(=C/C=C(I)/C=C/C2=[N+](Cc3ccsc3)c3ccc(Br)cc3C2(C)C)C(C)(C)c2cc(Br)ccc21,-5.711364,-6.455206,-5.6597376,-5.942102533333333
CC1(C)C(/C=C/C(I)=C/C=C2/N(CCCCN)c3ccc(Br)cc3C2(C)C)=[N+](Cc2ccsc2)c2ccc(Br)cc21,-5.6021953,-6.875403,-5.959164,-6.145587433333334
CC1(C)C(/C=C/C(I)=C/C=C2/N(CCCCO)c3ccc(Br)cc3C2(C)C)=[N+](Cc2ccsc2)c2ccc(Br)cc21,-5.679357,-6.625393,-5.7245674,-6.009772466666667
CC[N+](CC)(CC)CCCCN1/C(=C/C=C(I)/C=C/C2=[N+](Cc3ccsc3)c3ccc(Br)cc3C2(C)C)C(C)(C)c2cc(Br)ccc21,-5.970413,-7.123443,-5.9573326,-6.3503962
CC1(C)C(/C=C/C(I)=C/C=C2/N(CCCCS(=O)(=O)O)c3ccc(Br)cc3C2(C)C)=[N+](Cc2ccsc2)c2ccc(Br)cc21,-5.9224033,-7.1372247,-5.608835,-6.222821
CC1(C)C(/C=C/C(I)=C/C=C2/N(Cc3ccccc3)c3ccc(Br)cc3C2(C)C)=[N+](Cc2ccsc2)c2ccc(Br)cc21,-5.7164893,-6.5278983,-5.6844096,-5.976265733333332
CC1(C)C(/C=C/C(I)=C/C=C2/N(Cc3ccsc3)c3ccc(Br)cc3C2(C)C)=[N+](Cc2ccsc2)c2ccc(Br)cc21,-5.704786,-6.486311,-5.679647,-5.956914666666666
CCN1/C(=C/C=C(I)/C=C/C2=[N+](Cc3ccsc3)c3ccc(I)cc3C2(C)C)C(C)(C)c2cc(Br)ccc21,-5.7599173,-6.2984185,-5.5675406,-5.875292133333333
CCCCN1/C(=C/C=C(I)/C=C/C2=[N+](Cc3ccsc3)c3ccc(I)cc3C2(C)C)C(C)(C)c2cc(Br)ccc21,-5.752658,-6.3175755,-5.5717363,-5.880656600000001
CC1(C)C(/C=C/C(I)=C/C=C2/N(CCCCN)c3ccc(Br)cc3C2(C)C)=[N+](Cc2ccsc2)c2ccc(I)cc21,-5.6370482,-6.7281103,-5.8658166,-6.0769917
CC1(C)C(/C=C/C(I)=C/C=C2/N(CCCCO)c3ccc(Br)cc3C2(C)C)=[N+](Cc2ccsc2)c2ccc(I)cc21,-5.7141666,-6.4909816,-5.6351924,-5.9467802
CC[N+](CC)(CC)CCCCN1/C(=C/C=C(I)/C=C/C2=[N+](Cc3ccsc3)c3ccc(I)cc3C2(C)C)C(C)(C)c2cc(Br)ccc21,-6.0261674,-6.956028,-5.8431377,-6.275111033333334
CC1(C)C(/C=C/C(I)=C/C=C2/N(CCCCS(=O)(=O)O)c3ccc(Br)cc3C2(C)C)=[N+](Cc2ccsc2)c2ccc(I)cc21,-5.9714265,-6.993206,-5.5079823,-6.157538266666667
CC1(C)C(/C=C/C(I)=C/C=C2/N(Cc3ccccc3)c3ccc(Br)cc3C2(C)C)=[N+](Cc2ccsc2)c2ccc(I)cc21,-5.754679,-6.3987684,-5.6016417,-5.918363033333333
CC1(C)C(/C=C/C(I)=C/C=C2/N(Cc3ccsc3)c3ccc(Br)cc3C2(C)C)=[N+](Cc2ccsc2)c2ccc(I)cc21,-5.7436705,-6.3488336,-5.5944357,-5.895646599999999
CCN1/C(=C/C=C(/C=C/C2=[N+](CC)c3ccccc3C2(C)C)c2c3ccccc3cc3ccccc23)C(C)(C)c2cc(Br)ccc21,-5.6763353,-6.890268,-5.8593597,-6.141987666666666
CCCCN1/C(=C/C=C(/C=C/C2=[N+](CC)c3ccccc3C2(C)C)c2c3ccccc3cc3ccccc23)C(C)(C)c2cc(Br)ccc21,-5.6787295,-6.918438,-5.861816,-6.152994500000001
CC[N+]1=C(/C=C/C(=C/C=C2/N(CCCCN)c3ccc(Br)cc3C2(C)C)c2c3ccccc3cc3ccccc23)C(C)(C)c2ccccc21,-5.5874724,-7.4109063,-6.248575,-6.415651233333333
CC[N+]1=C(/C=C/C(=C/C=C2/N(CCCCO)c3ccc(Br)cc3C2(C)C)c2c3ccccc3cc3ccccc23)C(C)(C)c2ccccc21,-5.6335573,-7.1252203,-5.9364095,-6.231729033333333
CC[N+]1=C(/C=C/C(=C/C=C2/N(CCCC[N+](CC)(CC)CC)c3ccc(Br)cc3C2(C)C)c2c3ccccc3cc3ccccc23)C(C)(C)c2ccccc21,-5.9047136,-7.645564,-6.206827,-6.585701533333334
CC[N+]1=C(/C=C/C(=C/C=C2/N(CCCCS(=O)(=O)O)c3ccc(Br)cc3C2(C)C)c2c3ccccc3cc3ccccc23)C(C)(C)c2ccccc21,-5.839532,-7.661762,-5.835375,-6.445556333333333
CC[N+]1=C(/C=C/C(=C/C=C2/N(Cc3ccccc3)c3ccc(Br)cc3C2(C)C)c2c3ccccc3cc3ccccc23)C(C)(C)c2ccccc21,-5.6688275,-6.991319,-5.888568,-6.182904833333333
CC[N+]1=C(/C=C/C(=C/C=C2/N(Cc3ccsc3)c3ccc(Br)cc3C2(C)C)c2c3ccccc3cc3ccccc23)C(C)(C)c2ccccc21,-5.6578174,-6.9330087,-5.8810773,-6.157301133333334
CCN1/C(=C/C=C(/C=C/C2=[N+](CC)c3ccc(Br)cc3C2(C)C)c2c3ccccc3cc3ccccc23)C(C)(C)c2cc(Br)ccc21,-5.6248636,-6.9255915,-5.9301815,-6.1602122
CCCCN1/C(=C/C=C(/C=C/C2=[N+](CC)c3ccc(Br)cc3C2(C)C)c2c3ccccc3cc3ccccc23)C(C)(C)c2cc(Br)ccc21,-5.6250625,-6.949914,-5.934266,-6.1697475
CC[N+]1=C(/C=C/C(=C/C=C2/N(CCCCN)c3ccc(Br)cc3C2(C)C)c2c3ccccc3cc3ccccc23)C(C)(C)c2cc(Br)ccc21,-5.5668354,-7.453761,-6.3244658,-6.448354066666667
CC[N+]1=C(/C=C/C(=C/C=C2/N(CCCCO)c3ccc(Br)cc3C2(C)C)c2c3ccccc3cc3ccccc23)C(C)(C)c2cc(Br)ccc21,-5.588236,-7.156907,-6.020392,-6.255178333333333
CC[N+]1=C(/C=C/C(=C/C=C2/N(CCCC[N+](CC)(CC)CC)c3ccc(Br)cc3C2(C)C)c2c3ccccc3cc3ccccc23)C(C)(C)c2cc(Br)ccc21,-5.846054,-7.7005405,-6.2915664,-6.612720299999999
CC[N+]1=C(/C=C/C(=C/C=C2/N(CCCCS(=O)(=O)O)c3ccc(Br)cc3C2(C)C)c2c3ccccc3cc3ccccc23)C(C)(C)c2cc(Br)ccc21,-5.7865243,-7.662666,-5.9158278,-6.4550060333333334
CC[N+]1=C(/C=C/C(=C/C=C2/N(Cc3ccccc3)c3ccc(Br)cc3C2(C)C)c2c3ccccc3cc3ccccc23)C(C)(C)c2cc(Br)ccc21,-5.6182957,-7.022304,-5.9621515,-6.200917066666666
CC[N+]1=C(/C=C/C(=C/C=C2/N(Cc3ccsc3)c3ccc(Br)cc3C2(C)C)c2c3ccccc3cc3ccccc23)C(C)(C)c2cc(Br)ccc21,-5.6084023,-6.9710345,-5.9527416,-6.1773928
CCN1/C(=C/C=C(/C=C/C2=[N+](CC)c3ccc(I)cc3C2(C)C)c2c3ccccc3cc3ccccc23)C(C)(C)c2cc(Br)ccc21,-5.6677194,-6.782903,-5.836036,-6.0955528
CCCCN1/C(=C/C=C(/C=C/C2=[N+](CC)c3ccc(I)cc3C2(C)C)c2c3ccccc3cc3ccccc23)C(C)(C)c2cc(Br)ccc21,-5.669445,-6.805624,-5.839478,-6.104848999999999
CC[N+]1=C(/C=C/C(=C/C=C2/N(CCCCN)c3ccc(Br)cc3C2(C)C)c2c3ccccc3cc3ccccc23)C(C)(C)c2cc(I)ccc21,-5.5788145,-7.2853622,-6.2023516,-6.355509433333334
CC[N+]1=C(/C=C/C(=C/C=C2/N(CCCCO)c3ccc(Br)cc3C2(C)C)c2c3ccccc3cc3ccccc23)C(C)(C)c2cc(I)ccc21,-5.6211247,-7.001144,-5.914367,-6.178878566666666
CC[N+]1=C(/C=C/C(=C/C=C2/N(CCCC[N+](CC)(CC)CC)c3ccc(Br)cc3C2(C)C)c2c3ccccc3cc3ccccc23)C(C)(C)c2cc(I)ccc21,-5.8974504,-7.531163,-6.175713,-6.534775466666666
CC[N+]1=C(/C=C/C(=C/C=C2/N(CCCCS(=O)(=O)O)c3ccc(Br)cc3C2(C)C)c2c3ccccc3cc3ccccc23)C(C)(C)c2cc(I)ccc21,-5.836517,-7.5328245,-5.810693,-6.393344833333334
CC[N+]1=C(/C=C/C(=C/C=C2/N(Cc3ccccc3)c3ccc(Br)cc3C2(C)C)c2c3ccccc3cc3ccccc23)C(C)(C)c2cc(I)ccc21,-5.662639,-6.879599,-5.867701,-6.136646333333334
CC[N+]1=C(/C=C/C(=C/C=C2/N(Cc3ccsc3)c3ccc(Br)cc3C2(C)C)c2c3ccccc3cc3ccccc23)C(C)(C)c2cc(I)ccc21,-5.651601,-6.8267817,-5.8575106,-6.111964433333334
CCCC[N+]1=C(/C=C/C(=C/C=C2/N(CC)c3ccc(Br)cc3C2(C)C)c2c3ccccc3cc3ccccc23)C(C)(C)c2ccccc21,-5.6616325,-6.923612,-5.8769317,-6.154058733333334
CCCCN1/C(=C/C=C(/C=C/C2=[N+](CCCC)c3ccccc3C2(C)C)c2c3ccccc3cc3ccccc23)C(C)(C)c2cc(Br)ccc21,-5.662669,-6.9450393,-5.8778715,-6.161859933333333
CCCC[N+]1=C(/C=C/C(=C/C=C2/N(CCCCN)c3ccc(Br)cc3C2(C)C)c2c3ccccc3cc3ccccc23)C(C)(C)c2ccccc21,-5.575149,-7.4291334,-6.2566447,-6.420309033333333
CCCC[N+]1=C(/C=C/C(=C/C=C2/N(CCCCO)c3ccc(Br)cc3C2(C)C)c2c3ccccc3cc3ccccc23)C(C)(C)c2ccccc21,-5.61944,-7.150008,-5.9513416,-6.2402632
CCCC[N+]1=C(/C=C/C(=C/C=C2/N(CCCC[N+](CC)(CC)CC)c3ccc(Br)cc3C2(C)C)c2c3ccccc3cc3ccccc23)C(C)(C)c2ccccc21,-5.8855085,-7.6766977,-6.225271,-6.595825733333334
CCCC[N+]1=C(/C=C/C(=C/C=C2/N(CCCCS(=O)(=O)O)c3ccc(Br)cc3C2(C)C)c2c3ccccc3cc3ccccc23)C(C)(C)c2ccccc21,-5.8188767,-7.6709538,-5.8464284,-6.445419633333334
CCCC[N+]1=C(/C=C/C(=C/C=C2/N(Cc3ccccc3)c3ccc(Br)cc3C2(C)C)c2c3ccccc3cc3ccccc23)C(C)(C)c2ccccc21,-5.653863,-7.0243244,-5.9061737,-6.194787033333334
CCCC[N+]1=C(/C=C/C(=C/C=C2/N(Cc3ccsc3)c3ccc(Br)cc3C2(C)C)c2c3ccccc3cc3ccccc23)C(C)(C)c2ccccc21,-5.6429176,-6.9664207,-5.8986464,-6.169328233333332
CCCC[N+]1=C(/C=C/C(=C/C=C2/N(CC)c3ccc(Br)cc3C2(C)C)c2c3ccccc3cc3ccccc23)C(C)(C)c2cc(Br)ccc21,-5.610814,-6.958914,-5.947358,-6.172362000000001
CCCCN1/C(=C/C=C(/C=C/C2=[N+](CCCC)c3ccc(Br)cc3C2(C)C)c2c3ccccc3cc3ccccc23)C(C)(C)c2cc(Br)ccc21,-5.609573,-6.9830027,-5.9505067,-6.181027466666667
CCCC[N+]1=C(/C=C/C(=C/C=C2/N(CCCCN)c3ccc(Br)cc3C2(C)C)c2c3ccccc3cc3ccccc23)C(C)(C)c2cc(Br)ccc21,-5.55811,-7.471988,-6.3335204,-6.454539466666667
CCCC[N+]1=C(/C=C/C(=C/C=C2/N(CCCCO)c3ccc(Br)cc3C2(C)C)c2c3ccccc3cc3ccccc23)C(C)(C)c2cc(Br)ccc21,-5.582786,-7.180226,-6.0320835,-6.265031833333333
CCCC[N+]1=C(/C=C/C(=C/C=C2/N(CCCC[N+](CC)(CC)CC)c3ccc(Br)cc3C2(C)C)c2c3ccccc3cc3ccccc23)C(C)(C)c2cc(Br)ccc21,-5.82983,-7.727948,-6.3079786,-6.6219188666666655
CCCC[N+]1=C(/C=C/C(=C/C=C2/N(CCCCS(=O)(=O)O)c3ccc(Br)cc3C2(C)C)c2c3ccccc3cc3ccccc23)C(C)(C)c2cc(Br)ccc21,-5.7690325,-7.670207,-5.925532,-6.454923833333333
CCCC[N+]1=C(/C=C/C(=C/C=C2/N(Cc3ccccc3)c3ccc(Br)cc3C2(C)C)c2c3ccccc3cc3ccccc23)C(C)(C)c2cc(Br)ccc21,-5.603448,-7.0556793,-5.978492,-6.212539766666667
CCCC[N+]1=C(/C=C/C(=C/C=C2/N(Cc3ccsc3)c3ccc(Br)cc3C2(C)C)c2c3ccccc3cc3ccccc23)C(C)(C)c2cc(Br)ccc21,-5.593809,-7.005641,-5.9707036,-6.1900512
CCCC[N+]1=C(/C=C/C(=C/C=C2/N(CC)c3ccc(Br)cc3C2(C)C)c2c3ccccc3cc3ccccc23)C(C)(C)c2cc(I)ccc21,-5.654637,-6.816764,-5.8537364,-6.108379133333333
CCCCN1/C(=C/C=C(/C=C/C2=[N+](CCCC)c3ccc(I)cc3C2(C)C)c2c3ccccc3cc3ccccc23)C(C)(C)c2cc(Br)ccc21,-5.654272,-6.8358083,-5.856636,-6.115572099999999
CCCC[N+]1=C(/C=C/C(=C/C=C2/N(CCCCN)c3ccc(Br)cc3C2(C)C)c2c3ccccc3cc3ccccc23)C(C)(C)c2cc(I)ccc21,-5.5671663,-7.3076816,-6.2122726,-6.3623735
CCCC[N+]1=C(/C=C/C(=C/C=C2/N(CCCCO)c3ccc(Br)cc3C2(C)C)c2c3ccccc3cc3ccccc23)C(C)(C)c2cc(I)ccc21,-5.609871,-7.0287204,-5.929672,-6.189421133333333
CCCC[N+]1=C(/C=C/C(=C/C=C2/N(CCCC[N+](CC)(CC)CC)c3ccc(Br)cc3C2(C)C)c2c3ccccc3cc3ccccc23)C(C)(C)c2cc(I)ccc21,-5.879055,-7.5678596,-6.194605,-6.5471732
CCCC[N+]1=C(/C=C/C(=C/C=C2/N(CCCCS(=O)(=O)O)c3ccc(Br)cc3C2(C)C)c2c3ccccc3cc3ccccc23)C(C)(C)c2cc(I)ccc21,-5.816625,-7.548488,-5.8239036,-6.396338866666667
CCCC[N+]1=C(/C=C/C(=C/C=C2/N(Cc3ccccc3)c3ccc(Br)cc3C2(C)C)c2c3ccccc3cc3ccccc23)C(C)(C)c2cc(I)ccc21,-5.648513,-6.9145856,-5.884519,-6.149205866666667
CCCC[N+]1=C(/C=C/C(=C/C=C2/N(Cc3ccsc3)c3ccc(Br)cc3C2(C)C)c2c3ccccc3cc3ccccc23)C(C)(C)c2cc(I)ccc21,-5.639218,-6.860723,-5.874581,-6.124840666666667
CCN1/C(=C/C=C(/C=C/C2=[N+](CCCCN)c3ccccc3C2(C)C)c2c3ccccc3cc3ccccc23)C(C)(C)c2cc(Br)ccc21,-5.577918,-7.45488,-6.292026,-6.441608
CCCCN1/C(=C/C=C(/C=C/C2=[N+](CCCCN)c3ccccc3C2(C)C)c2c3ccccc3cc3ccccc23)C(C)(C)c2cc(Br)ccc21,-5.5785227,-7.471638,-6.2914352,-6.447198633333333
CC1(C)C(/C=C/C(=C/C=C2/N(CCCCN)c3ccc(Br)cc3C2(C)C)c2c3ccccc3cc3ccccc23)=[N+](CCCCN)c2ccccc21,-5.6214995,-7.9480066,-6.7412024,-6.770236166666667
CC1(C)C(/C=C/C(=C/C=C2/N(CCCCO)c3ccc(Br)cc3C2(C)C)c2c3ccccc3cc3ccccc23)=[N+](CCCCN)c2ccccc21,-5.57792,-7.712699,-6.4257755,-6.5721315
CC[N+](CC)(CC)CCCCN1/C(=C/C=C(/C=C/C2=[N+](CCCCN)c3ccccc3C2(C)C)c2c3ccccc3cc3ccccc23)C(C)(C)c2cc(Br)ccc21,-5.760105,-8.2696495,-6.679584,-6.903112833333334
CC1(C)C(/C=C/C(=C/C=C2/N(CCCCS(=O)(=O)O)c3ccc(Br)cc3C2(C)C)c2c3ccccc3cc3ccccc23)=[N+](CCCCN)c2ccccc21,-5.72492,-8.105801,-6.281528,-6.704083
CC1(C)C(/C=C/C(=C/C=C2/N(Cc3ccccc3)c3ccc(Br)cc3C2(C)C)c2c3ccccc3cc3ccccc23)=[N+](CCCCN)c2ccccc21,-5.5631137,-7.55647,-6.3326726,-6.484085433333334
CC1(C)C(/C=C/C(=C/C=C2/N(Cc3ccsc3)c3ccc(Br)cc3C2(C)C)c2c3ccccc3cc3ccccc23)=[N+](CCCCN)c2ccccc21,-5.5566754,-7.4945364,-6.3134913,-6.454901033333333
CCN1/C(=C/C=C(/C=C/C2=[N+](CCCCN)c3ccc(Br)cc3C2(C)C)c2c3ccccc3cc3ccccc23)C(C)(C)c2cc(Br)ccc21,-5.5588207,-7.50113,-6.366072,-6.4753409
CCCCN1/C(=C/C=C(/C=C/C2=[N+](CCCCN)c3ccc(Br)cc3C2(C)C)c2c3ccccc3cc3ccccc23)C(C)(C)c2cc(Br)ccc21,-5.564838,-7.514622,-6.3680844,-6.482514800000001
CC1(C)C(/C=C/C(=C/C=C2/N(CCCCN)c3ccc(Br)cc3C2(C)C)c2c3ccccc3cc3ccccc23)=[N+](CCCCN)c2ccc(Br)cc21,-5.629329,-7.9579735,-6.8017116,-6.796338033333334
CC1(C)C(/C=C/C(=C/C=C2/N(CCCCO)c3ccc(Br)cc3C2(C)C)c2c3ccccc3cc3ccccc23)=[N+](CCCCN)c2ccc(Br)cc21,-5.576641,-7.7352605,-6.505476,-6.6057925
CC[N+](CC)(CC)CCCCN1/C(=C/C=C(/C=C/C2=[N+](CCCCN)c3ccc(Br)cc3C2(C)C)c2c3ccccc3cc3ccccc23)C(C)(C)c2cc(Br)ccc21,-5.724724,-8.333409,-6.7750535,-6.9443955
CC1(C)C(/C=C/C(=C/C=C2/N(CCCCS(=O)(=O)O)c3ccc(Br)cc3C2(C)C)c2c3ccccc3cc3ccccc23)=[N+](CCCCN)c2ccc(Br)cc21,-5.7062044,-8.08976,-6.359409,-6.7184577999999995
CC1(C)C(/C=C/C(=C/C=C2/N(Cc3ccccc3)c3ccc(Br)cc3C2(C)C)c2c3ccccc3cc3ccccc23)=[N+](CCCCN)c2ccc(Br)cc21,-5.5423374,-7.5857553,-6.40342,-6.510504233333333
CC1(C)C(/C=C/C(=C/C=C2/N(Cc3ccsc3)c3ccc(Br)cc3C2(C)C)c2c3ccccc3cc3ccccc23)=[N+](CCCCN)c2ccc(Br)cc21,-5.5383167,-7.537081,-6.386279,-6.487225566666666
CCN1/C(=C/C=C(/C=C/C2=[N+](CCCCN)c3ccc(I)cc3C2(C)C)c2c3ccccc3cc3ccccc23)C(C)(C)c2cc(Br)ccc21,-5.569614,-7.335979,-6.2441864,-6.3832598
CCCCN1/C(=C/C=C(/C=C/C2=[N+](CCCCN)c3ccc(I)cc3C2(C)C)c2c3ccccc3cc3ccccc23)C(C)(C)c2cc(Br)ccc21,-5.57178,-7.349872,-6.2464085,-6.389353500000001
CC1(C)C(/C=C/C(=C/C=C2/N(CCCCN)c3ccc(Br)cc3C2(C)C)c2c3ccccc3cc3ccccc23)=[N+](CCCCN)c2ccc(I)cc21,-5.6128893,-7.836093,-6.689041,-6.7126744333333335
CC1(C)C(/C=C/C(=C/C=C2/N(CCCCO)c3ccc(Br)cc3C2(C)C)c2c3ccccc3cc3ccccc23)=[N+](CCCCN)c2ccc(I)cc21,-5.568476,-7.584034,-6.37747,-6.509993333333333
CC[N+](CC)(CC)CCCCN1/C(=C/C=C(/C=C/C2=[N+](CCCCN)c3ccc(I)cc3C2(C)C)c2c3ccccc3cc3ccccc23)C(C)(C)c2cc(Br)ccc21,-5.7491755,-8.148881,-6.64084,-6.846298833333333
CC1(C)C(/C=C/C(=C/C=C2/N(CCCCS(=O)(=O)O)c3ccc(Br)cc3C2(C)C)c2c3ccccc3cc3ccccc23)=[N+](CCCCN)c2ccc(I)cc21,-5.7233834,-7.9869637,-6.25734,-6.655895699999999
CC1(C)C(/C=C/C(=C/C=C2/N(Cc3ccccc3)c3ccc(Br)cc3C2(C)C)c2c3ccccc3cc3ccccc23)=[N+](CCCCN)c2ccc(I)cc21,-5.5554338,-7.430526,-6.285526,-6.4238286
CC1(C)C(/C=C/C(=C/C=C2/N(Cc3ccsc3)c3ccc(Br)cc3C2(C)C)c2c3ccccc3cc3ccccc23)=[N+](CCCCN)c2ccc(I)cc21,-5.5487347,-7.375886,-6.2661433,-6.396921333333334
CCN1/C(=C/C=C(/C=C/C2=[N+](CCCCO)c3ccccc3C2(C)C)c2c3ccccc3cc3ccccc23)C(C)(C)c2cc(Br)ccc21,-5.6222706,-7.1007066,-5.9402113,-6.221062833333332
CCCCN1/C(=C/C=C(/C=C/C2=[N+](CCCCO)c3ccccc3C2(C)C)c2c3ccccc3cc3ccccc23)C(C)(C)c2cc(Br)ccc21,-5.624194,-7.1252074,-5.9427133,-6.2307049
CC1(C)C(/C=C/C(=C/C=C2/N(CCCCN)c3ccc(Br)cc3C2(C)C)c2c3ccccc3cc3ccccc23)=[N+](CCCCO)c2ccccc21,-5.5742917,-7.6466036,-6.378841,-6.533245433333334
CC1(C)C(/C=C/C(=C/C=C2/N(CCCCO)c3ccc(Br)cc3C2(C)C)c2c3ccccc3cc3ccccc23)=[N+](CCCCO)c2ccccc21,-5.597124,-7.3583503,-6.0402164,-6.331896899999999
CC[N+](CC)(CC)CCCCN1/C(=C/C=C(/C=C/C2=[N+](CCCCO)c3ccccc3C2(C)C)c2c3ccccc3cc3ccccc23)C(C)(C)c2cc(Br)ccc21,-5.851636,-7.8733435,-6.318439,-6.6811395000000005
CC1(C)C(/C=C/C(=C/C=C2/N(CCCCS(=O)(=O)O)c3ccc(Br)cc3C2(C)C)c2c3ccccc3cc3ccccc23)=[N+](CCCCO)c2ccccc21,-5.778291,-7.8633943,-5.9329257,-6.524870333333333
CC1(C)C(/C=C/C(=C/C=C2/N(Cc3ccccc3)c3ccc(Br)cc3C2(C)C)c2c3ccccc3cc3ccccc23)=[N+](CCCCO)c2ccccc21,-5.6099052,-7.2000313,-5.971439,-6.2604584999999995
CC1(C)C(/C=C/C(=C/C=C2/N(Cc3ccsc3)c3ccc(Br)cc3C2(C)C)c2c3ccccc3cc3ccccc23)=[N+](CCCCO)c2ccccc21,-5.6021996,-7.1389422,-5.961281,-6.234140933333333
CCN1/C(=C/C=C(/C=C/C2=[N+](CCCCO)c3ccc(Br)cc3C2(C)C)c2c3ccccc3cc3ccccc23)C(C)(C)c2cc(Br)ccc21,-5.5794535,-7.137892,-6.0221624,-6.246502633333333
CCCCN1/C(=C/C=C(/C=C/C2=[N+](CCCCO)c3ccc(Br)cc3C2(C)C)c2c3ccccc3cc3ccccc23)C(C)(C)c2cc(Br)ccc21,-5.586103,-7.1564827,-6.024078,-6.2555545666666665
CC1(C)C(/C=C/C(=C/C=C2/N(CCCCN)c3ccc(Br)cc3C2(C)C)c2c3ccccc3cc3ccccc23)=[N+](CCCCO)c2ccc(Br)cc21,-5.5721335,-7.672687,-6.4587164,-6.5678456333333335
CC1(C)C(/C=C/C(=C/C=C2/N(CCCCO)c3ccc(Br)cc3C2(C)C)c2c3ccccc3cc3ccccc23)=[N+](CCCCO)c2ccc(Br)cc21,-5.572469,-7.390978,-6.1313386,-6.364928533333333
CC[N+](CC)(CC)CCCCN1/C(=C/C=C(/C=C/C2=[N+](CCCCO)c3ccc(Br)cc3C2(C)C)c2c3ccccc3cc3ccccc23)C(C)(C)c2cc(Br)ccc21,-5.7974963,-7.925187,-6.4042764,-6.708986566666667
CC1(C)C(/C=C/C(=C/C=C2/N(CCCCS(=O)(=O)O)c3ccc(Br)cc3C2(C)C)c2c3ccccc3cc3ccccc23)=[N+](CCCCO)c2ccc(Br)cc21,-5.739568,-7.8650274,-6.023881,-6.542825466666667
CC1(C)C(/C=C/C(=C/C=C2/N(Cc3ccccc3)c3ccc(Br)cc3C2(C)C)c2c3ccccc3cc3ccccc23)=[N+](CCCCO)c2ccc(Br)cc21,-5.5665517,-7.2342224,-6.056638,-6.285804033333334
CC1(C)C(/C=C/C(=C/C=C2/N(Cc3ccsc3)c3ccc(Br)cc3C2(C)C)c2c3ccccc3cc3ccccc23)=[N+](CCCCO)c2ccc(Br)cc21,-5.562266,-7.17896,-6.0434914,-6.261572466666667
CCN1/C(=C/C=C(/C=C/C2=[N+](CCCCO)c3ccc(I)cc3C2(C)C)c2c3ccccc3cc3ccccc23)C(C)(C)c2cc(Br)ccc21,-5.611372,-6.9818544,-5.918236,-6.170487466666667
CCCCN1/C(=C/C=C(/C=C/C2=[N+](CCCCO)c3ccc(I)cc3C2(C)C)c2c3ccccc3cc3ccccc23)C(C)(C)c2cc(Br)ccc21,-5.6143265,-7.002667,-5.9205666,-6.1791867
CC1(C)C(/C=C/C(=C/C=C2/N(CCCCN)c3ccc(Br)cc3C2(C)C)c2c3ccccc3cc3ccccc23)=[N+](CCCCO)c2ccc(I)cc21,-5.5659466,-7.518507,-6.332426,-6.4722932
CC1(C)C(/C=C/C(=C/C=C2/N(CCCCO)c3ccc(Br)cc3C2(C)C)c2c3ccccc3cc3ccccc23)=[N+](CCCCO)c2ccc(I)cc21,-5.593391,-7.223671,-6.0071373,-6.2747331
CC[N+](CC)(CC)CCCCN1/C(=C/C=C(/C=C/C2=[N+](CCCCO)c3ccc(I)cc3C2(C)C)c2c3ccccc3cc3ccccc23)C(C)(C)c2cc(Br)ccc21,-5.8456464,-7.75506,-6.2845454,-6.628417266666666
CC1(C)C(/C=C/C(=C/C=C2/N(CCCCS(=O)(=O)O)c3ccc(Br)cc3C2(C)C)c2c3ccccc3cc3ccccc23)=[N+](CCCCO)c2ccc(I)cc21,-5.7783184,-7.739059,-5.90642,-6.474599133333334
CC1(C)C(/C=C/C(=C/C=C2/N(Cc3ccccc3)c3ccc(Br)cc3C2(C)C)c2c3ccccc3cc3ccccc23)=[N+](CCCCO)c2ccc(I)cc21,-5.6014414,-7.078623,-5.9476905,-6.209251633333333
CC1(C)C(/C=C/C(=C/C=C2/N(Cc3ccsc3)c3ccc(Br)cc3C2(C)C)c2c3ccccc3cc3ccccc23)=[N+](CCCCO)c2ccc(I)cc21,-5.592478,-7.022166,-5.9397087,-6.184784233333333
CCN1/C(=C/C=C(/C=C/C2=[N+](CCCC[N+](CC)(CC)CC)c3ccccc3C2(C)C)c2c3ccccc3cc3ccccc23)C(C)(C)c2cc(Br)ccc21,-5.8939295,-7.6487145,-6.2205653,-6.587736433333333
CCCCN1/C(=C/C=C(/C=C/C2=[N+](CCCC[N+](CC)(CC)CC)c3ccccc3C2(C)C)c2c3ccccc3cc3ccccc23)C(C)(C)c2cc(Br)ccc21,-5.8874054,-7.6726704,-6.227163,-6.595746266666667
CC[N+](CC)(CC)CCCC[N+]1=C(/C=C/C(=C/C=C2/N(CCCCN)c3ccc(Br)cc3C2(C)C)c2c3ccccc3cc3ccccc23)C(C)(C)c2ccccc21,-5.763247,-8.221607,-6.6469817,-6.877278566666667
CC[N+](CC)(CC)CCCC[N+]1=C(/C=C/C(=C/C=C2/N(CCCCO)c3ccc(Br)cc3C2(C)C)c2c3ccccc3cc3ccccc23)C(C)(C)c2ccccc21,-5.8501253,-7.8967323,-6.3306694,-6.692509
CC[N+](CC)(CC)CCCCN1/C(=C/C=C(/C=C/C2=[N+](CCCC[N+](CC)(CC)CC)c3ccccc3C2(C)C)c2c3ccccc3cc3ccccc23)C(C)(C)c2cc(Br)ccc21,-6.0596,-8.409845,-6.5923843,-7.0206097666666665
CC[N+](CC)(CC)CCCC[N+]1=C(/C=C/C(=C/C=C2/N(CCCCS(=O)(=O)O)c3ccc(Br)cc3C2(C)C)c2c3ccccc3cc3ccccc23)C(C)(C)c2ccccc21,-6.019022,-8.440613,-6.281955,-6.913863333333334
CC[N+](CC)(CC)CCCC[N+]1=C(/C=C/C(=C/C=C2/N(Cc3ccccc3)c3ccc(Br)cc3C2(C)C)c2c3ccccc3cc3ccccc23)C(C)(C)c2ccccc21,-5.8807745,-7.7365227,-6.2529774,-6.623424866666666
CC[N+](CC)(CC)CCCC[N+]1=C(/C=C/C(=C/C=C2/N(Cc3ccsc3)c3ccc(Br)cc3C2(C)C)c2c3ccccc3cc3ccccc23)C(C)(C)c2ccccc21,-5.873293,-7.686305,-6.2432384,-6.6009454666666665
CCN1/C(=C/C=C(/C=C/C2=[N+](CCCC[N+](CC)(CC)CC)c3ccc(Br)cc3C2(C)C)c2c3ccccc3cc3ccccc23)C(C)(C)c2cc(Br)ccc21,-5.835739,-7.7041636,-6.3046603,-6.6148543
CCCCN1/C(=C/C=C(/C=C/C2=[N+](CCCC[N+](CC)(CC)CC)c3ccc(Br)cc3C2(C)C)c2c3ccccc3cc3ccccc23)C(C)(C)c2cc(Br)ccc21,-5.8313036,-7.7245836,-6.3101664,-6.622017866666667
CC[N+](CC)(CC)CCCC[N+]1=C(/C=C/C(=C/C=C2/N(CCCCN)c3ccc(Br)cc3C2(C)C)c2c3ccccc3cc3ccccc23)C(C)(C)c2cc(Br)ccc21,-5.7269053,-8.285446,-6.7431393,-6.9184968666666675
CC[N+](CC)(CC)CCCC[N+]1=C(/C=C/C(=C/C=C2/N(CCCCO)c3ccc(Br)cc3C2(C)C)c2c3ccccc3cc3ccccc23)C(C)(C)c2cc(Br)ccc21,-5.7961993,-7.948455,-6.416875,-6.720509766666667
CC[N+](CC)(CC)CCCCN1/C(=C/C=C(/C=C/C2=[N+](CCCC[N+](CC)(CC)CC)c3ccc(Br)cc3C2(C)C)c2c3ccccc3cc3ccccc23)C(C)(C)c2cc(Br)ccc21,-6.009676,-8.471486,-6.680155,-7.053772333333334
CC[N+](CC)(CC)CCCC[N+]1=C(/C=C/C(=C/C=C2/N(CCCCS(=O)(=O)O)c3ccc(Br)cc3C2(C)C)c2c3ccccc3cc3ccccc23)C(C)(C)c2cc(Br)ccc21,-5.976134,-8.48588,-6.380857,-6.947623666666666
CC[N+](CC)(CC)CCCC[N+]1=C(/C=C/C(=C/C=C2/N(Cc3ccccc3)c3ccc(Br)cc3C2(C)C)c2c3ccccc3cc3ccccc23)C(C)(C)c2cc(Br)ccc21,-5.822678,-7.7927074,-6.3381233,-6.651169566666667
CC[N+](CC)(CC)CCCC[N+]1=C(/C=C/C(=C/C=C2/N(Cc3ccsc3)c3ccc(Br)cc3C2(C)C)c2c3ccccc3cc3ccccc23)C(C)(C)c2cc(Br)ccc21,-5.815162,-7.7428923,-6.3269787,-6.628344333333334
CCN1/C(=C/C=C(/C=C/C2=[N+](CCCC[N+](CC)(CC)CC)c3ccc(I)cc3C2(C)C)c2c3ccccc3cc3ccccc23)C(C)(C)c2cc(Br)ccc21,-5.887463,-7.5374627,-6.1890855,-6.538003733333333
CCCCN1/C(=C/C=C(/C=C/C2=[N+](CCCC[N+](CC)(CC)CC)c3ccc(I)cc3C2(C)C)c2c3ccccc3cc3ccccc23)C(C)(C)c2cc(Br)ccc21,-5.8809376,-7.563296,-6.196304,-6.546845866666668
CC[N+](CC)(CC)CCCC[N+]1=C(/C=C/C(=C/C=C2/N(CCCCN)c3ccc(Br)cc3C2(C)C)c2c3ccccc3cc3ccccc23)C(C)(C)c2cc(I)ccc21,-5.752754,-8.1017685,-6.608553,-6.821025166666668
CC[N+](CC)(CC)CCCC[N+]1=C(/C=C/C(=C/C=C2/N(CCCCO)c3ccc(Br)cc3C2(C)C)c2c3ccccc3cc3ccccc23)C(C)(C)c2cc(I)ccc21,-5.8442464,-7.7783856,-6.296697,-6.639776333333333
CC[N+](CC)(CC)CCCCN1/C(=C/C=C(/C=C/C2=[N+](CCCC[N+](CC)(CC)CC)c3ccc(I)cc3C2(C)C)c2c3ccccc3cc3ccccc23)C(C)(C)c2cc(Br)ccc21,-6.0534515,-8.299781,-6.5580707,-6.970434399999999
CC[N+](CC)(CC)CCCC[N+]1=C(/C=C/C(=C/C=C2/N(CCCCS(=O)(=O)O)c3ccc(Br)cc3C2(C)C)c2c3ccccc3cc3ccccc23)C(C)(C)c2cc(I)ccc21,-6.014117,-8.315461,-6.25136,-6.860312666666668
CC[N+](CC)(CC)CCCC[N+]1=C(/C=C/C(=C/C=C2/N(Cc3ccccc3)c3ccc(Br)cc3C2(C)C)c2c3ccccc3cc3ccccc23)C(C)(C)c2cc(I)ccc21,-5.8751,-7.624603,-6.2222495,-6.5739841666666665
CC[N+](CC)(CC)CCCC[N+]1=C(/C=C/C(=C/C=C2/N(Cc3ccsc3)c3ccc(Br)cc3C2(C)C)c2c3ccccc3cc3ccccc23)C(C)(C)c2cc(I)ccc21,-5.8692503,-7.576751,-6.2116485,-6.552549933333332
CCN1/C(=C/C=C(/C=C/C2=[N+](CCCCS(=O)(=O)O)c3ccccc3C2(C)C)c2c3ccccc3cc3ccccc23)C(C)(C)c2cc(Br)ccc21,-5.819706,-7.6841717,-5.860018,-6.4546319
CCCCN1/C(=C/C=C(/C=C/C2=[N+](CCCCS(=O)(=O)O)c3ccccc3C2(C)C)c2c3ccccc3cc3ccccc23)C(C)(C)c2cc(Br)ccc21,-5.813678,-7.699182,-5.8608913,-6.4579170999999995
CC1(C)C(/C=C/C(=C/C=C2/N(CCCCN)c3ccc(Br)cc3C2(C)C)c2c3ccccc3cc3ccccc23)=[N+](CCCCS(=O)(=O)O)c2ccccc21,-5.722503,-8.102682,-6.2688136,-6.697999533333333
CC1(C)C(/C=C/C(=C/C=C2/N(CCCCO)c3ccc(Br)cc3C2(C)C)c2c3ccccc3cc3ccccc23)=[N+](CCCCS(=O)(=O)O)c2ccccc21,-5.7719083,-7.919774,-5.9590874,-6.550256566666666
CC[N+](CC)(CC)CCCCN1/C(=C/C=C(/C=C/C2=[N+](CCCCS(=O)(=O)O)c3ccccc3C2(C)C)c2c3ccccc3cc3ccccc23)C(C)(C)c2cc(Br)ccc21,-6.014078,-8.476547,-6.2971797,-6.929268233333333
CC1(C)C(/C=C/C(=C/C=C2/N(CCCCS(=O)(=O)O)c3ccc(Br)cc3C2(C)C)c2c3ccccc3cc3ccccc23)=[N+](CCCCS(=O)(=O)O)c2ccccc21,-5.898648,-8.350201,-5.8237257,-6.6908582333333335
CC1(C)C(/C=C/C(=C/C=C2/N(Cc3ccccc3)c3ccc(Br)cc3C2(C)C)c2c3ccccc3cc3ccccc23)=[N+](CCCCS(=O)(=O)O)c2ccccc21,-5.8024273,-7.784238,-5.8899035,-6.4921896
CC1(C)C(/C=C/C(=C/C=C2/N(Cc3ccsc3)c3ccc(Br)cc3C2(C)C)c2c3ccccc3cc3ccccc23)=[N+](CCCCS(=O)(=O)O)c2ccccc21,-5.8008986,-7.732166,-5.882114,-6.471726199999999
CCN1/C(=C/C=C(/C=C/C2=[N+](CCCCS(=O)(=O)O)c3ccc(Br)cc3C2(C)C)c2c3ccccc3cc3ccccc23)C(C)(C)c2cc(Br)ccc21,-5.7704625,-7.68642,-5.941323,-6.4660684999999996
CCCCN1/C(=C/C=C(/C=C/C2=[N+](CCCCS(=O)(=O)O)c3ccc(Br)cc3C2(C)C)c2c3ccccc3cc3ccccc23)C(C)(C)c2cc(Br)ccc21,-5.7656713,-7.701357,-5.943954,-6.470327433333334
CC1(C)C(/C=C/C(=C/C=C2/N(CCCCN)c3ccc(Br)cc3C2(C)C)c2c3ccccc3cc3ccccc23)=[N+](CCCCS(=O)(=O)O)c2ccc(Br)cc21,-5.7026887,-8.085985,-6.34567,-6.7114479000000005
CC1(C)C(/C=C/C(=C/C=C2/N(CCCCO)c3ccc(Br)cc3C2(C)C)c2c3ccccc3cc3ccccc23)=[N+](CCCCS(=O)(=O)O)c2ccc(Br)cc21,-5.7355556,-7.9208894,-6.0516195,-6.569354833333333
CC[N+](CC)(CC)CCCCN1/C(=C/C=C(/C=C/C2=[N+](CCCCS(=O)(=O)O)c3ccc(Br)cc3C2(C)C)c2c3ccccc3cc3ccccc23)C(C)(C)c2cc(Br)ccc21,-5.972073,-8.522551,-6.3971515,-6.963925166666667
CC1(C)C(/C=C/C(=C/C=C2/N(CCCCS(=O)(=O)O)c3ccc(Br)cc3C2(C)C)c2c3ccccc3cc3ccccc23)=[N+](CCCCS(=O)(=O)O)c2ccc(Br)cc21,-5.873565,-8.346028,-5.906617,-6.708736666666667
CC1(C)C(/C=C/C(=C/C=C2/N(Cc3ccccc3)c3ccc(Br)cc3C2(C)C)c2c3ccccc3cc3ccccc23)=[N+](CCCCS(=O)(=O)O)c2ccc(Br)cc21,-5.749561,-7.779957,-5.966854,-6.498790666666667
CC1(C)C(/C=C/C(=C/C=C2/N(Cc3ccsc3)c3ccc(Br)cc3C2(C)C)c2c3ccccc3cc3ccccc23)=[N+](CCCCS(=O)(=O)O)c2ccc(Br)cc21,-5.753832,-7.7269707,-5.960103,-6.480301900000001
CCN1/C(=C/C=C(/C=C/C2=[N+](CCCCS(=O)(=O)O)c3ccc(I)cc3C2(C)C)c2c3ccccc3cc3ccccc23)C(C)(C)c2cc(Br)ccc21,-5.817628,-7.5594544,-5.835312,-6.404131466666667
CCCCN1/C(=C/C=C(/C=C/C2=[N+](CCCCS(=O)(=O)O)c3ccc(I)cc3C2(C)C)c2c3ccccc3cc3ccccc23)C(C)(C)c2cc(Br)ccc21,-5.812963,-7.575287,-5.838046,-6.408765333333332
CC1(C)C(/C=C/C(=C/C=C2/N(CCCCN)c3ccc(Br)cc3C2(C)C)c2c3ccccc3cc3ccccc23)=[N+](CCCCS(=O)(=O)O)c2ccc(I)cc21,-5.720952,-7.983917,-6.244642,-6.649836999999999
CC1(C)C(/C=C/C(=C/C=C2/N(CCCCO)c3ccc(Br)cc3C2(C)C)c2c3ccccc3cc3ccccc23)=[N+](CCCCS(=O)(=O)O)c2ccc(I)cc21,-5.7719183,-7.793144,-5.931704,-6.498922100000001
CC[N+](CC)(CC)CCCCN1/C(=C/C=C(/C=C/C2=[N+](CCCCS(=O)(=O)O)c3ccc(I)cc3C2(C)C)c2c3ccccc3cc3ccccc23)C(C)(C)c2cc(Br)ccc21,-6.0090976,-8.351133,-6.266453,-6.8755612
CC1(C)C(/C=C/C(=C/C=C2/N(CCCCS(=O)(=O)O)c3ccc(Br)cc3C2(C)C)c2c3ccccc3cc3ccccc23)=[N+](CCCCS(=O)(=O)O)c2ccc(I)cc21,-5.899143,-8.234276,-5.8136883,-6.649035766666667
CC1(C)C(/C=C/C(=C/C=C2/N(Cc3ccccc3)c3ccc(Br)cc3C2(C)C)c2c3ccccc3cc3ccccc23)=[N+](CCCCS(=O)(=O)O)c2ccc(I)cc21,-5.80177,-7.6606336,-5.865424,-6.4426092
CC1(C)C(/C=C/C(=C/C=C2/N(Cc3ccsc3)c3ccc(Br)cc3C2(C)C)c2c3ccccc3cc3ccccc23)=[N+](CCCCS(=O)(=O)O)c2ccc(I)cc21,-5.7999306,-7.6023335,-5.85566,-6.419308033333333
CCN1/C(=C/C=C(/C=C/C2=[N+](Cc3ccccc3)c3ccccc3C2(C)C)c2c3ccccc3cc3ccccc23)C(C)(C)c2cc(Br)ccc21,-5.663453,-7.1207185,-5.938504,-6.240891833333333
CCCCN1/C(=C/C=C(/C=C/C2=[N+](Cc3ccccc3)c3ccccc3C2(C)C)c2c3ccccc3cc3ccccc23)C(C)(C)c2cc(Br)ccc21,-5.6640654,-7.1506243,-5.942024,-6.2522379
CC1(C)C(/C=C/C(=C/C=C2/N(CCCCN)c3ccc(Br)cc3C2(C)C)c2c3ccccc3cc3ccccc23)=[N+](Cc2ccccc2)c2ccccc21,-5.5822864,-7.6753273,-6.375913,-6.5445089
CC1(C)C(/C=C/C(=C/C=C2/N(CCCCO)c3ccc(Br)cc3C2(C)C)c2c3ccccc3cc3ccccc23)=[N+](Cc2ccccc2)c2ccccc21,-5.6135473,-7.3780866,-6.0288205,-6.340151466666666
CC[N+](CC)(CC)CCCCN1/C(=C/C=C(/C=C/C2=[N+](Cc3ccccc3)c3ccccc3C2(C)C)c2c3ccccc3cc3ccccc23)C(C)(C)c2cc(Br)ccc21,-5.8884425,-7.8682775,-6.3000407,-6.6855869
CC1(C)C(/C=C/C(=C/C=C2/N(CCCCS(=O)(=O)O)c3ccc(Br)cc3C2(C)C)c2c3ccccc3cc3ccccc23)=[N+](Cc2ccccc2)c2ccccc21,-5.818866,-7.9243326,-5.926734,-6.5566442
CC1(C)C(/C=C/C(=C/C=C2/N(Cc3ccccc3)c3ccc(Br)cc3C2(C)C)c2c3ccccc3cc3ccccc23)=[N+](Cc2ccccc2)c2ccccc21,-5.6521215,-7.2301564,-5.9718103,-6.284696066666666
CC1(C)C(/C=C/C(=C/C=C2/N(Cc3ccsc3)c3ccc(Br)cc3C2(C)C)c2c3ccccc3cc3ccccc23)=[N+](Cc2ccccc2)c2ccccc21,-5.642723,-7.164175,-5.9621506,-6.256349533333334
CCN1/C(=C/C=C(/C=C/C2=[N+](Cc3ccccc3)c3ccc(Br)cc3C2(C)C)c2c3ccccc3cc3ccccc23)C(C)(C)c2cc(Br)ccc21,-5.6141543,-7.15287,-6.018348,-6.261790766666667
CCCCN1/C(=C/C=C(/C=C/C2=[N+](Cc3ccccc3)c3ccc(Br)cc3C2(C)C)c2c3ccccc3cc3ccccc23)C(C)(C)c2cc(Br)ccc21,-5.613256,-7.180185,-6.0229793,-6.2721401000000006
CC1(C)C(/C=C/C(=C/C=C2/N(CCCCN)c3ccc(Br)cc3C2(C)C)c2c3ccccc3cc3ccccc23)=[N+](Cc2ccccc2)c2ccc(Br)cc21,-5.5660295,-7.7104464,-6.4545913,-6.577022400000001
CC1(C)C(/C=C/C(=C/C=C2/N(CCCCO)c3ccc(Br)cc3C2(C)C)c2c3ccccc3cc3ccccc23)=[N+](Cc2ccccc2)c2ccc(Br)cc21,-5.573365,-7.411235,-6.1235375,-6.3693791666666675
CC[N+](CC)(CC)CCCCN1/C(=C/C=C(/C=C/C2=[N+](Cc3ccccc3)c3ccc(Br)cc3C2(C)C)c2c3ccccc3cc3ccccc23)C(C)(C)c2cc(Br)ccc21,-5.829049,-7.927604,-6.388805,-6.715152666666666
CC1(C)C(/C=C/C(=C/C=C2/N(CCCCS(=O)(=O)O)c3ccc(Br)cc3C2(C)C)c2c3ccccc3cc3ccccc23)=[N+](Cc2ccccc2)c2ccc(Br)cc21,-5.7671604,-7.93078,-6.015566,-6.5711688
CC1(C)C(/C=C/C(=C/C=C2/N(Cc3ccccc3)c3ccc(Br)cc3C2(C)C)c2c3ccccc3cc3ccccc23)=[N+](Cc2ccccc2)c2ccc(Br)cc21,-5.6062107,-7.2562766,-6.050844,-6.304443766666666
CC1(C)C(/C=C/C(=C/C=C2/N(Cc3ccsc3)c3ccc(Br)cc3C2(C)C)c2c3ccccc3cc3ccccc23)=[N+](Cc2ccccc2)c2ccc(Br)cc21,-5.596939,-7.1988425,-6.03951,-6.2784305
CCN1/C(=C/C=C(/C=C/C2=[N+](Cc3ccccc3)c3ccc(I)cc3C2(C)C)c2c3ccccc3cc3ccccc23)C(C)(C)c2cc(Br)ccc21,-5.656412,-6.999985,-5.9161954,-6.190864133333334
CCCCN1/C(=C/C=C(/C=C/C2=[N+](Cc3ccccc3)c3ccc(I)cc3C2(C)C)c2c3ccccc3cc3ccccc23)C(C)(C)c2cc(Br)ccc21,-5.655701,-7.0270157,-5.9200625,-6.2009264
CC1(C)C(/C=C/C(=C/C=C2/N(CCCCN)c3ccc(Br)cc3C2(C)C)c2c3ccccc3cc3ccccc23)=[N+](Cc2ccccc2)c2ccc(I)cc21,-5.5724225,-7.5435553,-6.3291345,-6.481704099999999
CC1(C)C(/C=C/C(=C/C=C2/N(CCCCO)c3ccc(Br)cc3C2(C)C)c2c3ccccc3cc3ccccc23)=[N+](Cc2ccccc2)c2ccc(I)cc21,-5.6088376,-7.2449894,-6.0019193,-6.285248766666666
CC[N+](CC)(CC)CCCCN1/C(=C/C=C(/C=C/C2=[N+](Cc3ccccc3)c3ccc(I)cc3C2(C)C)c2c3ccccc3cc3ccccc23)C(C)(C)c2cc(Br)ccc21,-5.8780355,-7.749303,-6.268848,-6.632062166666667
CC1(C)C(/C=C/C(=C/C=C2/N(CCCCS(=O)(=O)O)c3ccc(Br)cc3C2(C)C)c2c3ccccc3cc3ccccc23)=[N+](Cc2ccccc2)c2ccc(I)cc21,-5.8158827,-7.791992,-5.899459,-6.502444566666667
CC1(C)C(/C=C/C(=C/C=C2/N(Cc3ccccc3)c3ccc(Br)cc3C2(C)C)c2c3ccccc3cc3ccccc23)=[N+](Cc2ccccc2)c2ccc(I)cc21,-5.6461635,-7.105028,-5.9486094,-6.233266966666666
CC1(C)C(/C=C/C(=C/C=C2/N(Cc3ccsc3)c3ccc(Br)cc3C2(C)C)c2c3ccccc3cc3ccccc23)=[N+](Cc2ccccc2)c2ccc(I)cc21,-5.639399,-7.044055,-5.937434,-6.206962666666667
CCN1/C(=C/C=C(/C=C/C2=[N+](Cc3ccsc3)c3ccccc3C2(C)C)c2c3ccccc3cc3ccccc23)C(C)(C)c2cc(Br)ccc21,-5.659618,-7.0685396,-5.9244084,-6.217522
CCCCN1/C(=C/C=C(/C=C/C2=[N+](Cc3ccsc3)c3ccccc3C2(C)C)c2c3ccccc3cc3ccccc23)C(C)(C)c2cc(Br)ccc21,-5.6607904,-7.100253,-5.928077,-6.2297068
CC1(C)C(/C=C/C(=C/C=C2/N(CCCCN)c3ccc(Br)cc3C2(C)C)c2c3ccccc3cc3ccccc23)=[N+](Cc2ccsc2)c2ccccc21,-5.5774236,-7.6276956,-6.355964,-6.520361066666666
CC1(C)C(/C=C/C(=C/C=C2/N(CCCCO)c3ccc(Br)cc3C2(C)C)c2c3ccccc3cc3ccccc23)=[N+](Cc2ccsc2)c2ccccc21,-5.611605,-7.3291416,-6.0142612,-6.3183359333333335
CC[N+](CC)(CC)CCCCN1/C(=C/C=C(/C=C/C2=[N+](Cc3ccsc3)c3ccccc3C2(C)C)c2c3ccccc3cc3ccccc23)C(C)(C)c2cc(Br)ccc21,-5.8847346,-7.825276,-6.2850065,-6.665005699999999
CC1(C)C(/C=C/C(=C/C=C2/N(CCCCS(=O)(=O)O)c3ccc(Br)cc3C2(C)C)c2c3ccccc3cc3ccccc23)=[N+](Cc2ccsc2)c2ccccc21,-5.821209,-7.8832417,-5.913687,-6.5393792333333325
CC1(C)C(/C=C/C(=C/C=C2/N(Cc3ccccc3)c3ccc(Br)cc3C2(C)C)c2c3ccccc3cc3ccccc23)=[N+](Cc2ccsc2)c2ccccc21,-5.647583,-7.175385,-5.9576983,-6.2602221
CC1(C)C(/C=C/C(=C/C=C2/N(Cc3ccsc3)c3ccc(Br)cc3C2(C)C)c2c3ccccc3cc3ccccc23)=[N+](Cc2ccsc2)c2ccccc21,-5.6384153,-7.1117754,-5.948367,-6.232852566666668
CCN1/C(=C/C=C(/C=C/C2=[N+](Cc3ccsc3)c3ccc(Br)cc3C2(C)C)c2c3ccccc3cc3ccccc23)C(C)(C)c2cc(Br)ccc21,-5.610381,-7.110507,-6.004337,-6.241741666666667
CCCCN1/C(=C/C=C(/C=C/C2=[N+](Cc3ccsc3)c3ccc(Br)cc3C2(C)C)c2c3ccccc3cc3ccccc23)C(C)(C)c2cc(Br)ccc21,-5.6098733,-7.1397514,-6.008594,-6.2527395666666665
CC1(C)C(/C=C/C(=C/C=C2/N(CCCCN)c3ccc(Br)cc3C2(C)C)c2c3ccccc3cc3ccccc23)=[N+](Cc2ccsc2)c2ccc(Br)cc21,-5.564119,-7.6653776,-6.4339504,-6.5544823333333335
CC1(C)C(/C=C/C(=C/C=C2/N(CCCCO)c3ccc(Br)cc3C2(C)C)c2c3ccccc3cc3ccccc23)=[N+](Cc2ccsc2)c2ccc(Br)cc21,-5.5713124,-7.3628006,-6.1073294,-6.347147466666667
CC[N+](CC)(CC)CCCCN1/C(=C/C=C(/C=C/C2=[N+](Cc3ccsc3)c3ccc(Br)cc3C2(C)C)c2c3ccccc3cc3ccccc23)C(C)(C)c2cc(Br)ccc21,-5.826304,-7.886776,-6.373614,-6.695564666666667
CC1(C)C(/C=C/C(=C/C=C2/N(CCCCS(=O)(=O)O)c3ccc(Br)cc3C2(C)C)c2c3ccccc3cc3ccccc23)=[N+](Cc2ccsc2)c2ccc(Br)cc21,-5.7750783,-7.8946886,-6.007212,-6.558992966666666
CC1(C)C(/C=C/C(=C/C=C2/N(Cc3ccccc3)c3ccc(Br)cc3C2(C)C)c2c3ccccc3cc3ccccc23)=[N+](Cc2ccsc2)c2ccc(Br)cc21,-5.600981,-7.2095385,-6.0357027,-6.282074066666667
CC1(C)C(/C=C/C(=C/C=C2/N(Cc3ccsc3)c3ccc(Br)cc3C2(C)C)c2c3ccccc3cc3ccccc23)=[N+](Cc2ccsc2)c2ccc(Br)cc21,-5.592894,-7.1533775,-6.0245094,-6.256926966666668
CCN1/C(=C/C=C(/C=C/C2=[N+](Cc3ccsc3)c3ccc(I)cc3C2(C)C)c2c3ccccc3cc3ccccc23)C(C)(C)c2cc(Br)ccc21,-5.651475,-6.9538774,-5.9026356,-6.169329333333333
CCCCN1/C(=C/C=C(/C=C/C2=[N+](Cc3ccsc3)c3ccc(I)cc3C2(C)C)c2c3ccccc3cc3ccccc23)C(C)(C)c2cc(Br)ccc21,-5.650632,-6.981374,-5.9071555,-6.179720499999999
CC1(C)C(/C=C/C(=C/C=C2/N(CCCCN)c3ccc(Br)cc3C2(C)C)c2c3ccccc3cc3ccccc23)=[N+](Cc2ccsc2)c2ccc(I)cc21,-5.5695357,-7.4982123,-6.307131,-6.458293
CC1(C)C(/C=C/C(=C/C=C2/N(CCCCO)c3ccc(Br)cc3C2(C)C)c2c3ccccc3cc3ccccc23)=[N+](Cc2ccsc2)c2ccc(I)cc21,-5.606941,-7.196872,-5.987971,-6.263928
CC[N+](CC)(CC)CCCCN1/C(=C/C=C(/C=C/C2=[N+](Cc3ccsc3)c3ccc(I)cc3C2(C)C)c2c3ccccc3cc3ccccc23)C(C)(C)c2cc(Br)ccc21,-5.8748555,-7.706024,-6.2544127,-6.611764066666666
CC1(C)C(/C=C/C(=C/C=C2/N(CCCCS(=O)(=O)O)c3ccc(Br)cc3C2(C)C)c2c3ccccc3cc3ccccc23)=[N+](Cc2ccsc2)c2ccc(I)cc21,-5.8178267,-7.749694,-5.88715,-6.484890233333334
CC1(C)C(/C=C/C(=C/C=C2/N(Cc3ccccc3)c3ccc(Br)cc3C2(C)C)c2c3ccccc3cc3ccccc23)=[N+](Cc2ccsc2)c2ccc(I)cc21,-5.643023,-7.0534945,-5.9337735,-6.210097
CC1(C)C(/C=C/C(=C/C=C2/N(Cc3ccsc3)c3ccc(Br)cc3C2(C)C)c2c3ccccc3cc3ccccc23)=[N+](Cc2ccsc2)c2ccc(I)cc21,-5.63552,-6.9989104,-5.9241276,-6.186185999999999
CCN1/C(=C/C=C/C=C/C2=[N+](CC)c3ccccc3C2(C)C)C(C)(C)c2cc(I)ccc21,-5.8481636,-6.0870547,-5.406663,-5.7806271
CCCCN1/C(=C/C=C/C=C/C2=[N+](CC)c3ccccc3C2(C)C)C(C)(C)c2cc(I)ccc21,-5.840343,-6.108183,-5.410271,-5.786265666666668
CC[N+]1=C(/C=C/C=C/C=C2/N(CCCCN)c3ccc(I)cc3C2(C)C)C(C)(C)c2ccccc21,-5.7410097,-6.5638475,-5.72395,-6.009602400000001
CC[N+]1=C(/C=C/C=C/C=C2/N(CCCCO)c3ccc(I)cc3C2(C)C)C(C)(C)c2ccccc21,-5.821046,-6.2938433,-5.4694786,-5.861455966666667
CC[N+]1=C(/C=C/C=C/C=C2/N(CCCC[N+](CC)(CC)CC)c3ccc(I)cc3C2(C)C)C(C)(C)c2ccccc21,-6.120859,-6.7870965,-5.6902328,-6.1993961
CC[N+]1=C(/C=C/C=C/C=C2/N(CCCCS(=O)(=O)O)c3ccc(I)cc3C2(C)C)C(C)(C)c2ccccc21,-6.0792656,-6.857157,-5.365067,-6.100496533333334
CC[N+]1=C(/C=C/C=C/C=C2/N(Cc3ccccc3)c3ccc(I)cc3C2(C)C)C(C)(C)c2ccccc21,-5.844913,-6.1962805,-5.44641,-5.8292011666666665
CC[N+]1=C(/C=C/C=C/C=C2/N(Cc3ccsc3)c3ccc(I)cc3C2(C)C)C(C)(C)c2ccccc21,-5.8328767,-6.1430674,-5.437854,-5.804599366666667
CCN1/C(=C/C=C/C=C/C2=[N+](CC)c3ccc(Br)cc3C2(C)C)C(C)(C)c2cc(I)ccc21,-5.805853,-6.1328917,-5.4796634,-5.806136033333334
CCCCN1/C(=C/C=C/C=C/C2=[N+](CC)c3ccc(Br)cc3C2(C)C)C(C)(C)c2cc(I)ccc21,-5.798842,-6.1538563,-5.4834037,-5.812034
CC[N+]1=C(/C=C/C=C/C=C2/N(CCCCN)c3ccc(I)cc3C2(C)C)C(C)(C)c2cc(Br)ccc21,-5.6869187,-6.618584,-5.8078384,-6.0377803666666665
CC[N+]1=C(/C=C/C=C/C=C2/N(CCCCO)c3ccc(I)cc3C2(C)C)C(C)(C)c2cc(Br)ccc21,-5.770677,-6.349108,-5.551967,-5.8905840000000005
CC[N+]1=C(/C=C/C=C/C=C2/N(CCCC[N+](CC)(CC)CC)c3ccc(I)cc3C2(C)C)C(C)(C)c2cc(Br)ccc21,-6.0786123,-6.8303103,-5.7639384,-6.224287
CC[N+]1=C(/C=C/C=C/C=C2/N(CCCCS(=O)(=O)O)c3ccc(I)cc3C2(C)C)C(C)(C)c2cc(Br)ccc21,-6.0195055,-6.888016,-5.4393125,-6.115611333333334
CC[N+]1=C(/C=C/C=C/C=C2/N(Cc3ccccc3)c3ccc(I)cc3C2(C)C)C(C)(C)c2cc(Br)ccc21,-5.8030148,-6.245129,-5.52086,-5.8563346
CC[N+]1=C(/C=C/C=C/C=C2/N(Cc3ccsc3)c3ccc(I)cc3C2(C)C)C(C)(C)c2cc(Br)ccc21,-5.791185,-6.192556,-5.5118537,-5.831864899999999
CCN1/C(=C/C=C/C=C/C2=[N+](CC)c3ccc(I)cc3C2(C)C)C(C)(C)c2cc(I)ccc21,-5.831804,-5.9875193,-5.389563,-5.736295433333333
CCCCN1/C(=C/C=C/C=C/C2=[N+](CC)c3ccc(I)cc3C2(C)C)C(C)(C)c2cc(I)ccc21,-5.8237343,-6.007816,-5.3938184,-5.741789566666667
CC[N+]1=C(/C=C/C=C/C=C2/N(CCCCN)c3ccc(I)cc3C2(C)C)C(C)(C)c2cc(I)ccc21,-5.7256722,-6.458507,-5.7050624,-5.963080533333333
CC[N+]1=C(/C=C/C=C/C=C2/N(CCCCO)c3ccc(I)cc3C2(C)C)C(C)(C)c2cc(I)ccc21,-5.803063,-6.1832957,-5.4512033,-5.812520666666667
CC[N+]1=C(/C=C/C=C/C=C2/N(CCCC[N+](CC)(CC)CC)c3ccc(I)cc3C2(C)C)C(C)(C)c2cc(I)ccc21,-6.1073976,-6.6816406,-5.6694107,-6.1528163000000005
CC[N+]1=C(/C=C/C=C/C=C2/N(CCCCS(=O)(=O)O)c3ccc(I)cc3C2(C)C)C(C)(C)c2cc(I)ccc21,-6.0718784,-6.730389,-5.347844,-6.050037133333333
CC[N+]1=C(/C=C/C=C/C=C2/N(Cc3ccccc3)c3ccc(I)cc3C2(C)C)C(C)(C)c2cc(I)ccc21,-5.8302526,-6.093893,-5.430667,-5.784937533333333
CC[N+]1=C(/C=C/C=C/C=C2/N(Cc3ccsc3)c3ccc(I)cc3C2(C)C)C(C)(C)c2cc(I)ccc21,-5.8184047,-6.0428143,-5.4215884,-5.7609357999999995
CCCC[N+]1=C(/C=C/C=C/C=C2/N(CC)c3ccc(I)cc3C2(C)C)C(C)(C)c2ccccc21,-5.8253484,-6.130122,-5.430323,-5.795264466666666
CCCCN1/C(=C/C=C/C=C/C2=[N+](CCCC)c3ccccc3C2(C)C)C(C)(C)c2cc(I)ccc21,-5.8168,-6.152481,-5.4344997,-5.801260233333333
CCCC[N+]1=C(/C=C/C=C/C=C2/N(CCCCN)c3ccc(I)cc3C2(C)C)C(C)(C)c2ccccc21,-5.721042,-6.6017866,-5.7427444,-6.0218576666666666
CCCC[N+]1=C(/C=C/C=C/C=C2/N(CCCCO)c3ccc(I)cc3C2(C)C)C(C)(C)c2ccccc21,-5.798583,-6.337198,-5.491651,-5.875810666666666
CCCC[N+]1=C(/C=C/C=C/C=C2/N(CCCC[N+](CC)(CC)CC)c3ccc(I)cc3C2(C)C)C(C)(C)c2ccccc21,-6.0979977,-6.8228908,-5.7104225,-6.210437
CCCC[N+]1=C(/C=C/C=C/C=C2/N(CCCCS(=O)(=O)O)c3ccc(I)cc3C2(C)C)C(C)(C)c2ccccc21,-6.0413666,-6.8943954,-5.386819,-6.107527
CCCC[N+]1=C(/C=C/C=C/C=C2/N(Cc3ccccc3)c3ccc(I)cc3C2(C)C)C(C)(C)c2ccccc21,-5.8243265,-6.2401586,-5.469664,-5.844716366666667
CCCC[N+]1=C(/C=C/C=C/C=C2/N(Cc3ccsc3)c3ccc(I)cc3C2(C)C)C(C)(C)c2ccccc21,-5.811423,-6.186377,-5.460836,-5.819545333333333
CCCC[N+]1=C(/C=C/C=C/C=C2/N(CC)c3ccc(I)cc3C2(C)C)C(C)(C)c2cc(Br)ccc21,-5.783875,-6.178512,-5.5030074,-5.821798133333334
CCCCN1/C(=C/C=C/C=C/C2=[N+](CCCC)c3ccc(Br)cc3C2(C)C)C(C)(C)c2cc(I)ccc21,-5.7761316,-6.2015915,-5.507499,-5.828407366666667
CCCC[N+]1=C(/C=C/C=C/C=C2/N(CCCCN)c3ccc(I)cc3C2(C)C)C(C)(C)c2cc(Br)ccc21,-5.671185,-6.660674,-5.826579,-6.052812666666667
CCCC[N+]1=C(/C=C/C=C/C=C2/N(CCCCO)c3ccc(I)cc3C2(C)C)C(C)(C)c2cc(Br)ccc21,-5.749474,-6.393805,-5.5727835,-5.905354166666666
CCCC[N+]1=C(/C=C/C=C/C=C2/N(CCCC[N+](CC)(CC)CC)c3ccc(I)cc3C2(C)C)C(C)(C)c2cc(Br)ccc21,-6.053731,-6.8742695,-5.7879925,-6.2386643333333325
CCCC[N+]1=C(/C=C/C=C/C=C2/N(CCCCS(=O)(=O)O)c3ccc(I)cc3C2(C)C)C(C)(C)c2cc(Br)ccc21,-5.983286,-6.92354,-5.459557,-6.122127666666667
CCCC[N+]1=C(/C=C/C=C/C=C2/N(Cc3ccccc3)c3ccc(I)cc3C2(C)C)C(C)(C)c2cc(Br)ccc21,-5.7830853,-6.292976,-5.544658,-5.873573099999999
CCCC[N+]1=C(/C=C/C=C/C=C2/N(Cc3ccsc3)c3ccc(I)cc3C2(C)C)C(C)(C)c2cc(Br)ccc21,-5.7700653,-6.238224,-5.535597,-5.8479621
CCCC[N+]1=C(/C=C/C=C/C=C2/N(CC)c3ccc(I)cc3C2(C)C)C(C)(C)c2cc(I)ccc21,-5.809547,-6.030891,-5.414036,-5.751491333333333
CCCCN1/C(=C/C=C/C=C/C2=[N+](CCCC)c3ccc(I)cc3C2(C)C)C(C)(C)c2cc(I)ccc21,-5.801063,-6.053118,-5.418016,-5.7573989999999995
CCCC[N+]1=C(/C=C/C=C/C=C2/N(CCCCN)c3ccc(I)cc3C2(C)C)C(C)(C)c2cc(I)ccc21,-5.704296,-6.4994087,-5.724565,-5.976089900000001
CCCC[N+]1=C(/C=C/C=C/C=C2/N(CCCCO)c3ccc(I)cc3C2(C)C)C(C)(C)c2cc(I)ccc21,-5.781134,-6.22991,-5.4745073,-5.8285171
CCCC[N+]1=C(/C=C/C=C/C=C2/N(CCCC[N+](CC)(CC)CC)c3ccc(I)cc3C2(C)C)C(C)(C)c2cc(I)ccc21,-6.085158,-6.7220006,-5.6904035,-6.165854033333335
CCCC[N+]1=C(/C=C/C=C/C=C2/N(CCCCS(=O)(=O)O)c3ccc(I)cc3C2(C)C)C(C)(C)c2cc(I)ccc21,-6.0331798,-6.77442,-5.370444,-6.059347933333334
CCCC[N+]1=C(/C=C/C=C/C=C2/N(Cc3ccccc3)c3ccc(I)cc3C2(C)C)C(C)(C)c2cc(I)ccc21,-5.809628,-6.1404,-5.453917,-5.801315
CCCC[N+]1=C(/C=C/C=C/C=C2/N(Cc3ccsc3)c3ccc(I)cc3C2(C)C)C(C)(C)c2cc(I)ccc21,-5.797355,-6.086972,-5.445101,-5.776476
CCN1/C(=C/C=C/C=C/C2=[N+](CCCCN)c3ccccc3C2(C)C)C(C)(C)c2cc(I)ccc21,-5.720436,-6.6149225,-5.766037,-6.0337985
CCCCN1/C(=C/C=C/C=C/C2=[N+](CCCCN)c3ccccc3C2(C)C)C(C)(C)c2cc(I)ccc21,-5.7202315,-6.637365,-5.766716,-6.0414375
CC1(C)C(/C=C/C=C/C=C2/N(CCCCN)c3ccc(I)cc3C2(C)C)=[N+](CCCCN)c2ccccc21,-5.647696,-7.1950216,-6.196053,-6.346256866666667
CC1(C)C(/C=C/C=C/C=C2/N(CCCCO)c3ccc(I)cc3C2(C)C)=[N+](CCCCN)c2ccccc21,-5.689859,-6.86555,-5.855294,-6.136901000000001
CC[N+](CC)(CC)CCCCN1/C(=C/C=C/C=C/C2=[N+](CCCCN)c3ccccc3C2(C)C)C(C)(C)c2cc(I)ccc21,-5.949226,-7.361554,-6.111258,-6.474012666666667
CC1(C)C(/C=C/C=C/C=C2/N(CCCCS(=O)(=O)O)c3ccc(I)cc3C2(C)C)=[N+](CCCCN)c2ccccc21,-5.9056,-7.413483,-5.7664204,-6.361834466666667
CC1(C)C(/C=C/C=C/C=C2/N(Cc3ccccc3)c3ccc(I)cc3C2(C)C)=[N+](CCCCN)c2ccccc21,-5.714794,-6.710487,-5.7957206,-6.0736672
CC1(C)C(/C=C/C=C/C=C2/N(Cc3ccsc3)c3ccc(I)cc3C2(C)C)=[N+](CCCCN)c2ccccc21,-5.7012763,-6.6558566,-5.788845,-6.0486593
CCN1/C(=C/C=C/C=C/C2=[N+](CCCCN)c3ccc(Br)cc3C2(C)C)C(C)(C)c2cc(I)ccc21,-5.6672354,-6.6744595,-5.8494763,-6.063723733333333
CCCCN1/C(=C/C=C/C=C/C2=[N+](CCCCN)c3ccc(Br)cc3C2(C)C)C(C)(C)c2cc(I)ccc21,-5.6689553,-6.696139,-5.850566,-6.071886766666666
CC1(C)C(/C=C/C=C/C=C2/N(CCCCN)c3ccc(I)cc3C2(C)C)=[N+](CCCCN)c2ccc(Br)cc21,-5.6293116,-7.2517724,-6.278702,-6.386595333333333
CC1(C)C(/C=C/C=C/C=C2/N(CCCCO)c3ccc(I)cc3C2(C)C)=[N+](CCCCN)c2ccc(Br)cc21,-5.6476502,-6.912845,-5.951279,-6.1705914
CC[N+](CC)(CC)CCCCN1/C(=C/C=C/C=C/C2=[N+](CCCCN)c3ccc(Br)cc3C2(C)C)C(C)(C)c2cc(I)ccc21,-5.88723,-7.4301558,-6.203305,-6.5068969333333335
CC1(C)C(/C=C/C=C/C=C2/N(CCCCS(=O)(=O)O)c3ccc(I)cc3C2(C)C)=[N+](CCCCN)c2ccc(Br)cc21,-5.851875,-7.432393,-5.8601236,-6.3814638666666665
CC1(C)C(/C=C/C=C/C=C2/N(Cc3ccccc3)c3ccc(I)cc3C2(C)C)=[N+](CCCCN)c2ccc(Br)cc21,-5.6569967,-6.764935,-5.879648,-6.100526566666667
CC1(C)C(/C=C/C=C/C=C2/N(Cc3ccsc3)c3ccc(I)cc3C2(C)C)=[N+](CCCCN)c2ccc(Br)cc21,-5.647794,-6.7161913,-5.8715878,-6.078524366666667
CCN1/C(=C/C=C/C=C/C2=[N+](CCCCN)c3ccc(I)cc3C2(C)C)C(C)(C)c2cc(I)ccc21,-5.7086425,-6.5111074,-5.7425,-5.987416633333333
CCCCN1/C(=C/C=C/C=C/C2=[N+](CCCCN)c3ccc(I)cc3C2(C)C)C(C)(C)c2cc(I)ccc21,-5.7036595,-6.5326657,-5.74512,-5.9938150666666665
CC1(C)C(/C=C/C=C/C=C2/N(CCCCN)c3ccc(I)cc3C2(C)C)=[N+](CCCCN)c2ccc(I)cc21,-5.634271,-7.071736,-6.1412973,-6.282434766666666
CC1(C)C(/C=C/C=C/C=C2/N(CCCCO)c3ccc(I)cc3C2(C)C)=[N+](CCCCN)c2ccc(I)cc21,-5.6777143,-6.7405396,-5.8320494,-6.083434433333333
CC[N+](CC)(CC)CCCCN1/C(=C/C=C/C=C/C2=[N+](CCCCN)c3ccc(I)cc3C2(C)C)C(C)(C)c2cc(I)ccc21,-5.945309,-7.2494664,-6.077208,-6.423994466666667
CC1(C)C(/C=C/C=C/C=C2/N(CCCCS(=O)(=O)O)c3ccc(I)cc3C2(C)C)=[N+](CCCCN)c2ccc(I)cc21,-5.896784,-7.287559,-5.742611,-6.308984666666667
CC1(C)C(/C=C/C=C/C=C2/N(Cc3ccccc3)c3ccc(I)cc3C2(C)C)=[N+](CCCCN)c2ccc(I)cc21,-5.703124,-6.603783,-5.771845,-6.026250666666666
CC1(C)C(/C=C/C=C/C=C2/N(Cc3ccsc3)c3ccc(I)cc3C2(C)C)=[N+](CCCCN)c2ccc(I)cc21,-5.691241,-6.5516696,-5.7634616,-6.002124066666667
CCN1/C(=C/C=C/C=C/C2=[N+](CCCCO)c3ccccc3C2(C)C)C(C)(C)c2cc(I)ccc21,-5.8111186,-6.2828865,-5.4764805,-5.856828533333334
CCCCN1/C(=C/C=C/C=C/C2=[N+](CCCCO)c3ccccc3C2(C)C)C(C)(C)c2cc(I)ccc21,-5.804082,-6.3072352,-5.480011,-5.8637760666666665
CC1(C)C(/C=C/C=C/C=C2/N(CCCCN)c3ccc(I)cc3C2(C)C)=[N+](CCCCO)c2ccccc21,-5.6996355,-6.7992115,-5.818254,-6.105700333333334
CC1(C)C(/C=C/C=C/C=C2/N(CCCCO)c3ccc(I)cc3C2(C)C)=[N+](CCCCO)c2ccccc21,-5.7771125,-6.5182896,-5.5458803,-5.947094133333334
CC[N+](CC)(CC)CCCCN1/C(=C/C=C/C=C/C2=[N+](CCCCO)c3ccccc3C2(C)C)C(C)(C)c2cc(I)ccc21,-6.083421,-6.9937253,-5.774789,-6.283978433333334
CC1(C)C(/C=C/C=C/C=C2/N(CCCCS(=O)(=O)O)c3ccc(I)cc3C2(C)C)=[N+](CCCCO)c2ccccc21,-6.0060167,-7.096653,-5.4495444,-6.184071366666667
CC1(C)C(/C=C/C=C/C=C2/N(Cc3ccccc3)c3ccc(I)cc3C2(C)C)=[N+](CCCCO)c2ccccc21,-5.80413,-6.391034,-5.517117,-5.904093666666667
CC1(C)C(/C=C/C=C/C=C2/N(Cc3ccsc3)c3ccc(I)cc3C2(C)C)=[N+](CCCCO)c2ccccc21,-5.79395,-6.3370986,-5.5079308,-5.8796598
CCN1/C(=C/C=C/C=C/C2=[N+](CCCCO)c3ccc(Br)cc3C2(C)C)C(C)(C)c2cc(I)ccc21,-5.7591124,-6.3428135,-5.5600963,-5.8873407333333345
CCCCN1/C(=C/C=C/C=C/C2=[N+](CCCCO)c3ccc(Br)cc3C2(C)C)C(C)(C)c2cc(I)ccc21,-5.7563376,-6.3640046,-5.560345,-5.8935624
CC1(C)C(/C=C/C=C/C=C2/N(CCCCN)c3ccc(I)cc3C2(C)C)=[N+](CCCCO)c2ccc(Br)cc21,-5.6496515,-6.8462863,-5.9115705,-6.1358361
CC1(C)C(/C=C/C=C/C=C2/N(CCCCO)c3ccc(I)cc3C2(C)C)=[N+](CCCCO)c2ccc(Br)cc21,-5.7368026,-6.5750346,-5.6347647,-5.982200633333332
CC[N+](CC)(CC)CCCCN1/C(=C/C=C/C=C/C2=[N+](CCCCO)c3ccc(Br)cc3C2(C)C)C(C)(C)c2cc(I)ccc21,-6.017332,-7.0547695,-5.867382,-6.313161166666666
CC1(C)C(/C=C/C=C/C=C2/N(CCCCS(=O)(=O)O)c3ccc(I)cc3C2(C)C)=[N+](CCCCO)c2ccc(Br)cc21,-5.956328,-7.132223,-5.536136,-6.208228999999999
CC1(C)C(/C=C/C=C/C=C2/N(Cc3ccccc3)c3ccc(I)cc3C2(C)C)=[N+](CCCCO)c2ccc(Br)cc21,-5.7482862,-6.4474797,-5.5987377,-5.9315012
CC1(C)C(/C=C/C=C/C=C2/N(Cc3ccsc3)c3ccc(I)cc3C2(C)C)=[N+](CCCCO)c2ccc(Br)cc21,-5.738439,-6.397053,-5.592333,-5.909275
CCN1/C(=C/C=C/C=C/C2=[N+](CCCCO)c3ccc(I)cc3C2(C)C)C(C)(C)c2cc(I)ccc21,-5.793153,-6.1766367,-5.458581,-5.8094569
CCCCN1/C(=C/C=C/C=C/C2=[N+](CCCCO)c3ccc(I)cc3C2(C)C)C(C)(C)c2cc(I)ccc21,-5.786282,-6.1997585,-5.46232,-5.816120166666667
CC1(C)C(/C=C/C=C/C=C2/N(CCCCN)c3ccc(I)cc3C2(C)C)=[N+](CCCCO)c2ccc(I)cc21,-5.6848803,-6.679661,-5.796521,-6.053687433333333
CC1(C)C(/C=C/C=C/C=C2/N(CCCCO)c3ccc(I)cc3C2(C)C)=[N+](CCCCO)c2ccc(I)cc21,-5.7696652,-6.405376,-5.527095,-5.900712066666667
CC[N+](CC)(CC)CCCCN1/C(=C/C=C/C=C/C2=[N+](CCCCO)c3ccc(I)cc3C2(C)C)C(C)(C)c2cc(I)ccc21,-6.069504,-6.8897543,-5.7530117,-6.237423333333333
CC1(C)C(/C=C/C=C/C=C2/N(CCCCS(=O)(=O)O)c3ccc(I)cc3C2(C)C)=[N+](CCCCO)c2ccc(I)cc21,-6.0014806,-6.966011,-5.4255924,-6.131028
CC1(C)C(/C=C/C=C/C=C2/N(Cc3ccccc3)c3ccc(I)cc3C2(C)C)=[N+](CCCCO)c2ccc(I)cc21,-5.790747,-6.2860084,-5.4981117,-5.858289033333333
CC1(C)C(/C=C/C=C/C=C2/N(Cc3ccsc3)c3ccc(I)cc3C2(C)C)=[N+](CCCCO)c2ccc(I)cc21,-5.7779317,-6.2314262,-5.489611,-5.832989633333334
CCN1/C(=C/C=C/C=C/C2=[N+](CCCC[N+](CC)(CC)CC)c3ccccc3C2(C)C)C(C)(C)c2cc(I)ccc21,-6.111466,-6.7938757,-5.705649,-6.203663566666667
CCCCN1/C(=C/C=C/C=C/C2=[N+](CCCC[N+](CC)(CC)CC)c3ccccc3C2(C)C)C(C)(C)c2cc(I)ccc21,-6.1006083,-6.815691,-5.710336,-6.208878433333333
CC[N+](CC)(CC)CCCC[N+]1=C(/C=C/C=C/C=C2/N(CCCCN)c3ccc(I)cc3C2(C)C)C(C)(C)c2ccccc21,-5.959073,-7.316885,-6.0843678,-6.453441933333333
CC[N+](CC)(CC)CCCC[N+]1=C(/C=C/C=C/C=C2/N(CCCCO)c3ccc(I)cc3C2(C)C)C(C)(C)c2ccccc21,-6.081497,-7.0138464,-5.7859354,-6.2937596000000005
CC[N+](CC)(CC)CCCCN1/C(=C/C=C/C=C/C2=[N+](CCCC[N+](CC)(CC)CC)c3ccccc3C2(C)C)C(C)(C)c2cc(I)ccc21,-6.2894645,-7.538477,-6.042147,-6.623362833333334
CC[N+](CC)(CC)CCCC[N+]1=C(/C=C/C=C/C=C2/N(CCCCS(=O)(=O)O)c3ccc(I)cc3C2(C)C)C(C)(C)c2ccccc21,-6.256568,-7.571236,-5.730411,-6.519405
CC[N+](CC)(CC)CCCC[N+]1=C(/C=C/C=C/C=C2/N(Cc3ccccc3)c3ccc(I)cc3C2(C)C)C(C)(C)c2ccccc21,-6.110522,-6.8889236,-5.738154,-6.245866533333333
CC[N+](CC)(CC)CCCC[N+]1=C(/C=C/C=C/C=C2/N(Cc3ccsc3)c3ccc(I)cc3C2(C)C)C(C)(C)c2ccccc21,-6.102959,-6.8405666,-5.7288933,-6.224139633333333
CCN1/C(=C/C=C/C=C/C2=[N+](CCCC[N+](CC)(CC)CC)c3ccc(Br)cc3C2(C)C)C(C)(C)c2cc(I)ccc21,-6.066741,-6.844384,-5.783321,-6.231482
CCCCN1/C(=C/C=C/C=C/C2=[N+](CCCC[N+](CC)(CC)CC)c3ccc(Br)cc3C2(C)C)C(C)(C)c2cc(I)ccc21,-6.0563474,-6.8674464,-5.787993,-6.237262266666666
CC[N+](CC)(CC)CCCC[N+]1=C(/C=C/C=C/C=C2/N(CCCCN)c3ccc(I)cc3C2(C)C)C(C)(C)c2cc(Br)ccc21,-5.8965325,-7.38647,-6.1766396,-6.486547366666667
CC[N+](CC)(CC)CCCC[N+]1=C(/C=C/C=C/C=C2/N(CCCCO)c3ccc(I)cc3C2(C)C)C(C)(C)c2cc(Br)ccc21,-6.0137825,-7.0777,-5.8808465,-6.324109666666666
CC[N+](CC)(CC)CCCCN1/C(=C/C=C/C=C/C2=[N+](CCCC[N+](CC)(CC)CC)c3ccc(Br)cc3C2(C)C)C(C)(C)c2cc(I)ccc21,-6.2266603,-7.5963883,-6.1253195,-6.649456033333333
CC[N+](CC)(CC)CCCC[N+]1=C(/C=C/C=C/C=C2/N(CCCCS(=O)(=O)O)c3ccc(I)cc3C2(C)C)C(C)(C)c2cc(Br)ccc21,-6.1969366,-7.628518,-5.8318706,-6.5524417333333345
CC[N+](CC)(CC)CCCC[N+]1=C(/C=C/C=C/C=C2/N(Cc3ccccc3)c3ccc(I)cc3C2(C)C)C(C)(C)c2cc(Br)ccc21,-6.0615835,-6.9428062,-5.8200607,-6.2748168
CC[N+](CC)(CC)CCCC[N+]1=C(/C=C/C=C/C=C2/N(Cc3ccsc3)c3ccc(I)cc3C2(C)C)C(C)(C)c2cc(Br)ccc21,-6.0562744,-6.893344,-5.8092203,-6.252946233333333
CCN1/C(=C/C=C/C=C/C2=[N+](CCCC[N+](CC)(CC)CC)c3ccc(I)cc3C2(C)C)C(C)(C)c2cc(I)ccc21,-6.097939,-6.6919565,-5.6844163,-6.158103933333333
CCCCN1/C(=C/C=C/C=C/C2=[N+](CCCC[N+](CC)(CC)CC)c3ccc(I)cc3C2(C)C)C(C)(C)c2cc(I)ccc21,-6.0876074,-6.714574,-5.689953,-6.164044799999999
CC[N+](CC)(CC)CCCC[N+]1=C(/C=C/C=C/C=C2/N(CCCCN)c3ccc(I)cc3C2(C)C)C(C)(C)c2cc(I)ccc21,-5.9553237,-7.2048893,-6.050137,-6.403449999999999
CC[N+](CC)(CC)CCCC[N+]1=C(/C=C/C=C/C=C2/N(CCCCO)c3ccc(I)cc3C2(C)C)C(C)(C)c2cc(I)ccc21,-6.0698767,-6.9092083,-5.7631025,-6.247395833333333
CC[N+](CC)(CC)CCCCN1/C(=C/C=C/C=C/C2=[N+](CCCC[N+](CC)(CC)CC)c3ccc(I)cc3C2(C)C)C(C)(C)c2cc(I)ccc21,-6.285173,-7.43397,-6.014931,-6.578024666666667
CC[N+](CC)(CC)CCCC[N+]1=C(/C=C/C=C/C=C2/N(CCCCS(=O)(=O)O)c3ccc(I)cc3C2(C)C)C(C)(C)c2cc(I)ccc21,-6.252103,-7.455398,-5.7082305,-6.4719105
CC[N+](CC)(CC)CCCC[N+]1=C(/C=C/C=C/C=C2/N(Cc3ccccc3)c3ccc(I)cc3C2(C)C)C(C)(C)c2cc(I)ccc21,-6.0970545,-6.789324,-5.717567,-6.201315166666666
CC[N+](CC)(CC)CCCC[N+]1=C(/C=C/C=C/C=C2/N(Cc3ccsc3)c3ccc(I)cc3C2(C)C)C(C)(C)c2cc(I)ccc21,-6.0899796,-6.741527,-5.70885,-6.1801188666666675
CCN1/C(=C/C=C/C=C/C2=[N+](CCCCS(=O)(=O)O)c3ccccc3C2(C)C)C(C)(C)c2cc(I)ccc21,-6.056055,-6.8935227,-5.391073,-6.113550233333332
CCCCN1/C(=C/C=C/C=C/C2=[N+](CCCCS(=O)(=O)O)c3ccccc3C2(C)C)C(C)(C)c2cc(I)ccc21,-6.0387163,-6.918131,-5.3959765,-6.117607933333333
CC1(C)C(/C=C/C=C/C=C2/N(CCCCN)c3ccc(I)cc3C2(C)C)=[N+](CCCCS(=O)(=O)O)c2ccccc21,-5.906251,-7.4061823,-5.7549405,-6.3557912666666665
CC1(C)C(/C=C/C=C/C=C2/N(CCCCO)c3ccc(I)cc3C2(C)C)=[N+](CCCCS(=O)(=O)O)c2ccccc21,-5.998682,-7.158125,-5.4740176,-6.2102748666666665
CC[N+](CC)(CC)CCCCN1/C(=C/C=C/C=C/C2=[N+](CCCCS(=O)(=O)O)c3ccccc3C2(C)C)C(C)(C)c2cc(I)ccc21,-6.2494044,-7.6002483,-5.7420187,-6.530557133333333
CC1(C)C(/C=C/C=C/C=C2/N(CCCCS(=O)(=O)O)c3ccc(I)cc3C2(C)C)=[N+](CCCCS(=O)(=O)O)c2ccccc21,-6.112402,-7.7475095,-5.4219403,-6.4272839333333325
CC1(C)C(/C=C/C=C/C=C2/N(Cc3ccccc3)c3ccc(I)cc3C2(C)C)=[N+](CCCCS(=O)(=O)O)c2ccccc21,-6.038676,-7.010497,-5.425958,-6.158376999999999
CC1(C)C(/C=C/C=C/C=C2/N(Cc3ccsc3)c3ccc(I)cc3C2(C)C)=[N+](CCCCS(=O)(=O)O)c2ccccc21,-6.0341344,-6.9537954,-5.418277,-6.1354022666666665
CCN1/C(=C/C=C/C=C/C2=[N+](CCCCS(=O)(=O)O)c3ccc(Br)cc3C2(C)C)C(C)(C)c2cc(I)ccc21,-5.9949107,-6.93033,-5.4698644,-6.1317017
CCCCN1/C(=C/C=C/C=C/C2=[N+](CCCCS(=O)(=O)O)c3ccc(Br)cc3C2(C)C)C(C)(C)c2cc(I)ccc21,-5.9799113,-6.9488463,-5.471603,-6.133453533333333
CC1(C)C(/C=C/C=C/C=C2/N(CCCCN)c3ccc(I)cc3C2(C)C)=[N+](CCCCS(=O)(=O)O)c2ccc(Br)cc21,-5.85182,-7.4232306,-5.845999,-6.373683199999999
CC1(C)C(/C=C/C=C/C=C2/N(CCCCO)c3ccc(I)cc3C2(C)C)=[N+](CCCCS(=O)(=O)O)c2ccc(Br)cc21,-5.947064,-7.1944733,-5.5634084,-6.2349819
CC[N+](CC)(CC)CCCCN1/C(=C/C=C/C=C/C2=[N+](CCCCS(=O)(=O)O)c3ccc(Br)cc3C2(C)C)C(C)(C)c2cc(I)ccc21,-6.1907635,-7.659361,-5.8443847,-6.5648364
CC1(C)C(/C=C/C=C/C=C2/N(CCCCS(=O)(=O)O)c3ccc(I)cc3C2(C)C)=[N+](CCCCS(=O)(=O)O)c2ccc(Br)cc21,-6.0865297,-7.749852,-5.5071197,-6.447833800000001
CC1(C)C(/C=C/C=C/C=C2/N(Cc3ccccc3)c3ccc(I)cc3C2(C)C)=[N+](CCCCS(=O)(=O)O)c2ccc(Br)cc21,-5.9811735,-7.039277,-5.502981,-6.174477166666667
CC1(C)C(/C=C/C=C/C=C2/N(Cc3ccsc3)c3ccc(I)cc3C2(C)C)=[N+](CCCCS(=O)(=O)O)c2ccc(Br)cc21,-5.976049,-6.9838924,-5.4956036,-6.151848333333334
CCN1/C(=C/C=C/C=C/C2=[N+](CCCCS(=O)(=O)O)c3ccc(I)cc3C2(C)C)C(C)(C)c2cc(I)ccc21,-6.0516305,-6.7719035,-5.3721924,-6.065242133333332
CCCCN1/C(=C/C=C/C=C/C2=[N+](CCCCS(=O)(=O)O)c3ccc(I)cc3C2(C)C)C(C)(C)c2cc(I)ccc21,-6.0323606,-6.7955856,-5.3780046,-6.068650266666666
CC1(C)C(/C=C/C=C/C=C2/N(CCCCN)c3ccc(I)cc3C2(C)C)=[N+](CCCCS(=O)(=O)O)c2ccc(I)cc21,-5.8974543,-7.279796,-5.7309494,-6.302733233333334
CC1(C)C(/C=C/C=C/C=C2/N(CCCCO)c3ccc(I)cc3C2(C)C)=[N+](CCCCS(=O)(=O)O)c2ccc(I)cc21,-5.993457,-7.0257435,-5.449089,-6.1560965
CC[N+](CC)(CC)CCCCN1/C(=C/C=C/C=C/C2=[N+](CCCCS(=O)(=O)O)c3ccc(I)cc3C2(C)C)C(C)(C)c2cc(I)ccc21,-6.2451763,-7.4835567,-5.719335,-6.482689333333333
CC1(C)C(/C=C/C=C/C=C2/N(CCCCS(=O)(=O)O)c3ccc(I)cc3C2(C)C)=[N+](CCCCS(=O)(=O)O)c2ccc(I)cc21,-6.11392,-7.6164527,-5.405325,-6.378565900000001
CC1(C)C(/C=C/C=C/C=C2/N(Cc3ccccc3)c3ccc(I)cc3C2(C)C)=[N+](CCCCS(=O)(=O)O)c2ccc(I)cc21,-6.0370965,-6.8857765,-5.405343,-6.109405333333332
CC1(C)C(/C=C/C=C/C=C2/N(Cc3ccsc3)c3ccc(I)cc3C2(C)C)=[N+](CCCCS(=O)(=O)O)c2ccc(I)cc21,-6.032961,-6.825383,-5.3971257,-6.085156566666666
CCN1/C(=C/C=C/C=C/C2=[N+](Cc3ccccc3)c3ccccc3C2(C)C)C(C)(C)c2cc(I)ccc21,-5.839757,-6.3011003,-5.4822974,-5.8743849
CCCCN1/C(=C/C=C/C=C/C2=[N+](Cc3ccccc3)c3ccccc3C2(C)C)C(C)(C)c2cc(I)ccc21,-5.833833,-6.3235617,-5.485846,-5.881080233333333
CC1(C)C(/C=C/C=C/C=C2/N(CCCCN)c3ccc(I)cc3C2(C)C)=[N+](Cc2ccccc2)c2ccccc21,-5.731597,-6.788827,-5.8075104,-6.109311466666667
CC1(C)C(/C=C/C=C/C=C2/N(CCCCO)c3ccc(I)cc3C2(C)C)=[N+](Cc2ccccc2)c2ccccc21,-5.808396,-6.519678,-5.546715,-5.958263
CC[N+](CC)(CC)CCCCN1/C(=C/C=C/C=C/C2=[N+](Cc3ccccc3)c3ccccc3C2(C)C)C(C)(C)c2cc(I)ccc21,-6.1153083,-6.997822,-5.767039,-6.2933897666666665
CC1(C)C(/C=C/C=C/C=C2/N(CCCCS(=O)(=O)O)c3ccc(I)cc3C2(C)C)=[N+](Cc2ccccc2)c2ccccc21,-6.0486994,-7.127104,-5.4437466,-6.2065166666666665
CC1(C)C(/C=C/C=C/C=C2/N(Cc3ccccc3)c3ccc(I)cc3C2(C)C)=[N+](Cc2ccccc2)c2ccccc21,-5.842438,-6.4165754,-5.5245214,-5.927844933333334
CC1(C)C(/C=C/C=C/C=C2/N(Cc3ccsc3)c3ccc(I)cc3C2(C)C)=[N+](Cc2ccccc2)c2ccccc21,-5.828649,-6.3610973,-5.515153,-5.901633100000001
CCN1/C(=C/C=C/C=C/C2=[N+](Cc3ccccc3)c3ccc(Br)cc3C2(C)C)C(C)(C)c2cc(I)ccc21,-5.7927866,-6.354461,-5.563081,-5.9034428666666665
CCCCN1/C(=C/C=C/C=C/C2=[N+](Cc3ccccc3)c3ccc(Br)cc3C2(C)C)C(C)(C)c2cc(I)ccc21,-5.7902575,-6.372571,-5.562399,-5.908409166666666
CC1(C)C(/C=C/C=C/C=C2/N(CCCCN)c3ccc(I)cc3C2(C)C)=[N+](Cc2ccccc2)c2ccc(Br)cc21,-5.6739655,-6.8473334,-5.8990383,-6.1401124000000005
CC1(C)C(/C=C/C=C/C=C2/N(CCCCO)c3ccc(I)cc3C2(C)C)=[N+](Cc2ccccc2)c2ccc(Br)cc21,-5.7563686,-6.5743237,-5.632093,-5.9875951
CC[N+](CC)(CC)CCCCN1/C(=C/C=C/C=C/C2=[N+](Cc3ccccc3)c3ccc(Br)cc3C2(C)C)C(C)(C)c2cc(I)ccc21,-6.0608945,-7.049966,-5.8517747,-6.320878400000001
CC1(C)C(/C=C/C=C/C=C2/N(CCCCS(=O)(=O)O)c3ccc(I)cc3C2(C)C)=[N+](Cc2ccccc2)c2ccc(Br)cc21,-5.994132,-7.1580553,-5.5262036,-6.2261303
CC1(C)C(/C=C/C=C/C=C2/N(Cc3ccccc3)c3ccc(I)cc3C2(C)C)=[N+](Cc2ccccc2)c2ccc(Br)cc21,-5.7911263,-6.4649963,-5.6015396,-5.952554066666667
CC1(C)C(/C=C/C=C/C=C2/N(Cc3ccsc3)c3ccc(I)cc3C2(C)C)=[N+](Cc2ccccc2)c2ccc(Br)cc21,-5.7789803,-6.4116774,-5.5948277,-5.928495133333333
CCN1/C(=C/C=C/C=C/C2=[N+](Cc3ccccc3)c3ccc(I)cc3C2(C)C)C(C)(C)c2cc(I)ccc21,-5.821915,-6.1970243,-5.4665756,-5.828504966666666
CCCCN1/C(=C/C=C/C=C/C2=[N+](Cc3ccccc3)c3ccc(I)cc3C2(C)C)C(C)(C)c2cc(I)ccc21,-5.8150764,-6.2192698,-5.4702854,-5.8348772
CC1(C)C(/C=C/C=C/C=C2/N(CCCCN)c3ccc(I)cc3C2(C)C)=[N+](Cc2ccccc2)c2ccc(I)cc21,-5.7161694,-6.6749954,-5.785442,-6.058868933333334
CC1(C)C(/C=C/C=C/C=C2/N(CCCCO)c3ccc(I)cc3C2(C)C)=[N+](Cc2ccccc2)c2ccc(I)cc21,-5.7961907,-6.4099307,-5.5314755,-5.9125323
CC[N+](CC)(CC)CCCCN1/C(=C/C=C/C=C/C2=[N+](Cc3ccccc3)c3ccc(I)cc3C2(C)C)C(C)(C)c2cc(I)ccc21,-6.101308,-6.895774,-5.7469935,-6.248025166666667
CC1(C)C(/C=C/C=C/C=C2/N(CCCCS(=O)(=O)O)c3ccc(I)cc3C2(C)C)=[N+](Cc2ccccc2)c2ccc(I)cc21,-6.044506,-6.992141,-5.421779,-6.152808666666666
CC1(C)C(/C=C/C=C/C=C2/N(Cc3ccccc3)c3ccc(I)cc3C2(C)C)=[N+](Cc2ccccc2)c2ccc(I)cc21,-5.824258,-6.311203,-5.508341,-5.881267333333334
CC1(C)C(/C=C/C=C/C=C2/N(Cc3ccsc3)c3ccc(I)cc3C2(C)C)=[N+](Cc2ccccc2)c2ccc(I)cc21,-5.810725,-6.2551312,-5.4984765,-5.854777566666666
CCN1/C(=C/C=C/C=C/C2=[N+](Cc3ccsc3)c3ccccc3C2(C)C)C(C)(C)c2cc(I)ccc21,-5.8322115,-6.2530446,-5.4674397,-5.8508986
CCCCN1/C(=C/C=C/C=C/C2=[N+](Cc3ccsc3)c3ccccc3C2(C)C)C(C)(C)c2cc(I)ccc21,-5.8258624,-6.2760863,-5.471433,-5.857793900000001
CC1(C)C(/C=C/C=C/C=C2/N(CCCCN)c3ccc(I)cc3C2(C)C)=[N+](Cc2ccsc2)c2ccccc21,-5.725699,-6.7465606,-5.797564,-6.089941199999999
CC1(C)C(/C=C/C=C/C=C2/N(CCCCO)c3ccc(I)cc3C2(C)C)=[N+](Cc2ccsc2)c2ccccc21,-5.806743,-6.4761314,-5.5325184,-5.938464266666667
CC[N+](CC)(CC)CCCCN1/C(=C/C=C/C=C/C2=[N+](Cc3ccsc3)c3ccccc3C2(C)C)C(C)(C)c2cc(I)ccc21,-6.112069,-6.958033,-5.754019,-6.274707
CC1(C)C(/C=C/C=C/C=C2/N(CCCCS(=O)(=O)O)c3ccc(I)cc3C2(C)C)=[N+](Cc2ccsc2)c2ccccc21,-6.051153,-7.0776434,-5.430079,-6.1862918
CC1(C)C(/C=C/C=C/C=C2/N(Cc3ccccc3)c3ccc(I)cc3C2(C)C)=[N+](Cc2ccsc2)c2ccccc21,-5.834023,-6.36789,-5.509338,-5.903750333333334
CC1(C)C(/C=C/C=C/C=C2/N(Cc3ccsc3)c3ccc(I)cc3C2(C)C)=[N+](Cc2ccsc2)c2ccccc21,-5.8202972,-6.3119917,-5.4996066,-5.877298499999999
CCN1/C(=C/C=C/C=C/C2=[N+](Cc3ccsc3)c3ccc(Br)cc3C2(C)C)C(C)(C)c2cc(I)ccc21,-5.788027,-6.3053966,-5.5467353,-5.880052966666667
CCCCN1/C(=C/C=C/C=C/C2=[N+](Cc3ccsc3)c3ccc(Br)cc3C2(C)C)C(C)(C)c2cc(I)ccc21,-5.7853656,-6.3253026,-5.5472746,-5.885980933333333
CC1(C)C(/C=C/C=C/C=C2/N(CCCCN)c3ccc(I)cc3C2(C)C)=[N+](Cc2ccsc2)c2ccc(Br)cc21,-5.6700597,-6.803808,-5.8856983,-6.119855333333334
CC1(C)C(/C=C/C=C/C=C2/N(CCCCO)c3ccc(I)cc3C2(C)C)=[N+](Cc2ccsc2)c2ccc(Br)cc21,-5.7535987,-6.532356,-5.620806,-5.968920233333333
CC[N+](CC)(CC)CCCCN1/C(=C/C=C/C=C/C2=[N+](Cc3ccsc3)c3ccc(Br)cc3C2(C)C)C(C)(C)c2cc(I)ccc21,-6.0618944,-7.007765,-5.8352823,-6.301647233333333
CC1(C)C(/C=C/C=C/C=C2/N(CCCCS(=O)(=O)O)c3ccc(I)cc3C2(C)C)=[N+](Cc2ccsc2)c2ccc(Br)cc21,-5.9962835,-7.115208,-5.513868,-6.208453166666668
CC1(C)C(/C=C/C=C/C=C2/N(Cc3ccccc3)c3ccc(I)cc3C2(C)C)=[N+](Cc2ccsc2)c2ccc(Br)cc21,-5.7843857,-6.4185877,-5.5891542,-5.9307092
CC1(C)C(/C=C/C=C/C=C2/N(Cc3ccsc3)c3ccc(I)cc3C2(C)C)=[N+](Cc2ccsc2)c2ccc(Br)cc21,-5.7727227,-6.3653154,-5.581462,-5.906500033333333
CCN1/C(=C/C=C/C=C/C2=[N+](Cc3ccsc3)c3ccc(I)cc3C2(C)C)C(C)(C)c2cc(I)ccc21,-5.8152413,-6.1509366,-5.452437,-5.806204966666667
CCCCN1/C(=C/C=C/C=C/C2=[N+](Cc3ccsc3)c3ccc(I)cc3C2(C)C)C(C)(C)c2cc(I)ccc21,-5.8081956,-6.1737447,-5.4564767,-5.812805666666667
CC1(C)C(/C=C/C=C/C=C2/N(CCCCN)c3ccc(I)cc3C2(C)C)=[N+](Cc2ccsc2)c2ccc(I)cc21,-5.7113667,-6.6366253,-5.7751646,-6.0410522
CC1(C)C(/C=C/C=C/C=C2/N(CCCCO)c3ccc(I)cc3C2(C)C)=[N+](Cc2ccsc2)c2ccc(I)cc21,-5.7938976,-6.3649836,-5.5161285,-5.8916699
CC[N+](CC)(CC)CCCCN1/C(=C/C=C/C=C/C2=[N+](Cc3ccsc3)c3ccc(I)cc3C2(C)C)C(C)(C)c2cc(I)ccc21,-6.097931,-6.856625,-5.733549,-6.229368333333333
CC1(C)C(/C=C/C=C/C=C2/N(CCCCS(=O)(=O)O)c3ccc(I)cc3C2(C)C)=[N+](Cc2ccsc2)c2ccc(I)cc21,-6.0486374,-6.942598,-5.408341,-6.133192133333334
CC1(C)C(/C=C/C=C/C=C2/N(Cc3ccccc3)c3ccc(I)cc3C2(C)C)=[N+](Cc2ccsc2)c2ccc(I)cc21,-5.8156605,-6.2620955,-5.492839,-5.856865
CC1(C)C(/C=C/C=C/C=C2/N(Cc3ccsc3)c3ccc(I)cc3C2(C)C)=[N+](Cc2ccsc2)c2ccc(I)cc21,-5.8027854,-6.207351,-5.4834046,-5.831180333333333
CCN1/C(=C/C=C(Br)/C=C/C2=[N+](CC)c3ccccc3C2(C)C)C(C)(C)c2cc(I)ccc21,-5.837953,-5.921306,-5.3483443,-5.702534433333334
CCCCN1/C(=C/C=C(Br)/C=C/C2=[N+](CC)c3ccccc3C2(C)C)C(C)(C)c2cc(I)ccc21,-5.828798,-5.9420767,-5.3554564,-5.708777033333334
CC[N+]1=C(/C=C/C(Br)=C/C=C2/N(CCCCN)c3ccc(I)cc3C2(C)C)C(C)(C)c2ccccc21,-5.7415295,-6.348522,-5.6258817,-5.905311066666667
CC[N+]1=C(/C=C/C(Br)=C/C=C2/N(CCCCO)c3ccc(I)cc3C2(C)C)C(C)(C)c2ccccc21,-5.807392,-6.0932393,-5.4007835,-5.767138266666667
CC[N+]1=C(/C=C/C(Br)=C/C=C2/N(CCCC[N+](CC)(CC)CC)c3ccc(I)cc3C2(C)C)C(C)(C)c2ccccc21,-6.128972,-6.527108,-5.5819864,-6.079355466666667
CC[N+]1=C(/C=C/C(Br)=C/C=C2/N(CCCCS(=O)(=O)O)c3ccc(I)cc3C2(C)C)C(C)(C)c2ccccc21,-6.093144,-6.5655603,-5.2962284,-5.984977566666667
CC[N+]1=C(/C=C/C(Br)=C/C=C2/N(Cc3ccccc3)c3ccc(I)cc3C2(C)C)C(C)(C)c2ccccc21,-5.833785,-6.018923,-5.386243,-5.746317
CC[N+]1=C(/C=C/C(Br)=C/C=C2/N(Cc3ccsc3)c3ccc(I)cc3C2(C)C)C(C)(C)c2ccccc21,-5.8212814,-5.971449,-5.376341,-5.7230238
CCN1/C(=C/C=C(Br)/C=C/C2=[N+](CC)c3ccc(Br)cc3C2(C)C)C(C)(C)c2cc(I)ccc21,-5.8007274,-5.976831,-5.414476,-5.730678133333334
CCCCN1/C(=C/C=C(Br)/C=C/C2=[N+](CC)c3ccc(Br)cc3C2(C)C)C(C)(C)c2cc(I)ccc21,-5.7934303,-5.9967113,-5.421877,-5.7373395333333335
CC[N+]1=C(/C=C/C(Br)=C/C=C2/N(CCCCN)c3ccc(I)cc3C2(C)C)C(C)(C)c2cc(Br)ccc21,-5.691784,-6.4010825,-5.6958613,-5.929575933333333
CC[N+]1=C(/C=C/C(Br)=C/C=C2/N(CCCCO)c3ccc(I)cc3C2(C)C)C(C)(C)c2cc(Br)ccc21,-5.76265,-6.1447225,-5.472944,-5.793438833333333
CC[N+]1=C(/C=C/C(Br)=C/C=C2/N(CCCC[N+](CC)(CC)CC)c3ccc(I)cc3C2(C)C)C(C)(C)c2cc(Br)ccc21,-6.0792155,-6.577385,-5.6545525,-6.103717666666667
CC[N+]1=C(/C=C/C(Br)=C/C=C2/N(CCCCS(=O)(=O)O)c3ccc(I)cc3C2(C)C)C(C)(C)c2cc(Br)ccc21,-6.043913,-6.596778,-5.3587747,-5.999821900000001
CC[N+]1=C(/C=C/C(Br)=C/C=C2/N(Cc3ccccc3)c3ccc(I)cc3C2(C)C)C(C)(C)c2cc(Br)ccc21,-5.798379,-6.073007,-5.450147,-5.773844333333333
CC[N+]1=C(/C=C/C(Br)=C/C=C2/N(Cc3ccsc3)c3ccc(I)cc3C2(C)C)C(C)(C)c2cc(Br)ccc21,-5.7864995,-6.02517,-5.441096,-5.750921833333334
CCN1/C(=C/C=C(Br)/C=C/C2=[N+](CC)c3ccc(I)cc3C2(C)C)C(C)(C)c2cc(I)ccc21,-5.830268,-5.84472,-5.3351636,-5.670050533333334
CCCCN1/C(=C/C=C(Br)/C=C/C2=[N+](CC)c3ccc(I)cc3C2(C)C)C(C)(C)c2cc(I)ccc21,-5.8192744,-5.8652005,-5.3425684,-5.675681100000001
CC[N+]1=C(/C=C/C(Br)=C/C=C2/N(CCCCN)c3ccc(I)cc3C2(C)C)C(C)(C)c2cc(I)ccc21,-5.7276382,-6.2620664,-5.609143,-5.866282533333333
CC[N+]1=C(/C=C/C(Br)=C/C=C2/N(CCCCO)c3ccc(I)cc3C2(C)C)C(C)(C)c2cc(I)ccc21,-5.791029,-5.999861,-5.3881946,-5.726361533333335
CC[N+]1=C(/C=C/C(Br)=C/C=C2/N(CCCC[N+](CC)(CC)CC)c3ccc(I)cc3C2(C)C)C(C)(C)c2cc(I)ccc21,-6.116949,-6.428524,-5.5610156,-6.035496200000001
CC[N+]1=C(/C=C/C(Br)=C/C=C2/N(CCCCS(=O)(=O)O)c3ccc(I)cc3C2(C)C)C(C)(C)c2cc(I)ccc21,-6.0779204,-6.461556,-5.285192,-5.941556133333333
CC[N+]1=C(/C=C/C(Br)=C/C=C2/N(Cc3ccccc3)c3ccc(I)cc3C2(C)C)C(C)(C)c2cc(I)ccc21,-5.820525,-5.934174,-5.370661,-5.708453333333334
CC[N+]1=C(/C=C/C(Br)=C/C=C2/N(Cc3ccsc3)c3ccc(I)cc3C2(C)C)C(C)(C)c2cc(I)ccc21,-5.810335,-5.8916287,-5.362714,-5.6882259
CCCC[N+]1=C(/C=C/C(Br)=C/C=C2/N(CC)c3ccc(I)cc3C2(C)C)C(C)(C)c2ccccc21,-5.814862,-5.958097,-5.3721776,-5.715045533333334
CCCCN1/C(=C/C=C(Br)/C=C/C2=[N+](CCCC)c3ccccc3C2(C)C)C(C)(C)c2cc(I)ccc21,-5.805564,-5.9819517,-5.380792,-5.7227692333333335
CCCC[N+]1=C(/C=C/C(Br)=C/C=C2/N(CCCCN)c3ccc(I)cc3C2(C)C)C(C)(C)c2ccccc21,-5.71575,-6.3780527,-5.647298,-5.9137002333333335
CCCC[N+]1=C(/C=C/C(Br)=C/C=C2/N(CCCCO)c3ccc(I)cc3C2(C)C)C(C)(C)c2ccccc21,-5.783475,-6.133332,-5.424899,-5.780568666666667
CCCC[N+]1=C(/C=C/C(Br)=C/C=C2/N(CCCC[N+](CC)(CC)CC)c3ccc(I)cc3C2(C)C)C(C)(C)c2ccccc21,-6.1024065,-6.5644655,-5.6064506,-6.091107533333333
CCCC[N+]1=C(/C=C/C(Br)=C/C=C2/N(CCCCS(=O)(=O)O)c3ccc(I)cc3C2(C)C)C(C)(C)c2ccccc21,-6.05246,-6.5960174,-5.3180437,-5.988840366666667
CCCC[N+]1=C(/C=C/C(Br)=C/C=C2/N(Cc3ccccc3)c3ccc(I)cc3C2(C)C)C(C)(C)c2ccccc21,-5.812677,-6.0593843,-5.4097185,-5.760593266666667
CCCC[N+]1=C(/C=C/C(Br)=C/C=C2/N(Cc3ccsc3)c3ccc(I)cc3C2(C)C)C(C)(C)c2ccccc21,-5.8000193,-6.0093665,-5.400845,-5.7367436
CCCC[N+]1=C(/C=C/C(Br)=C/C=C2/N(CC)c3ccc(I)cc3C2(C)C)C(C)(C)c2cc(Br)ccc21,-5.779333,-6.0162654,-5.4387727,-5.744790366666667
CCCCN1/C(=C/C=C(Br)/C=C/C2=[N+](CCCC)c3ccc(Br)cc3C2(C)C)C(C)(C)c2cc(I)ccc21,-5.770172,-6.0364757,-5.4475336,-5.751393766666666
CCCC[N+]1=C(/C=C/C(Br)=C/C=C2/N(CCCCN)c3ccc(I)cc3C2(C)C)C(C)(C)c2cc(Br)ccc21,-5.6683946,-6.4312925,-5.7162795,-5.938655533333333
CCCC[N+]1=C(/C=C/C(Br)=C/C=C2/N(CCCCO)c3ccc(I)cc3C2(C)C)C(C)(C)c2cc(Br)ccc21,-5.7395973,-6.1820283,-5.4960628,-5.805896133333333
CCCC[N+]1=C(/C=C/C(Br)=C/C=C2/N(CCCC[N+](CC)(CC)CC)c3ccc(I)cc3C2(C)C)C(C)(C)c2cc(Br)ccc21,-6.052173,-6.6201277,-5.680268,-6.1175229
CCCC[N+]1=C(/C=C/C(Br)=C/C=C2/N(CCCCS(=O)(=O)O)c3ccc(I)cc3C2(C)C)C(C)(C)c2cc(Br)ccc21,-6.004102,-6.6258883,-5.3784833,-6.0028245333333325
CCCC[N+]1=C(/C=C/C(Br)=C/C=C2/N(Cc3ccccc3)c3ccc(I)cc3C2(C)C)C(C)(C)c2cc(Br)ccc21,-5.7769027,-6.112894,-5.47382,-5.787872233333334
CCCC[N+]1=C(/C=C/C(Br)=C/C=C2/N(Cc3ccsc3)c3ccc(I)cc3C2(C)C)C(C)(C)c2cc(Br)ccc21,-5.7652555,-6.0648193,-5.4650726,-5.765049133333334
CCCC[N+]1=C(/C=C/C(Br)=C/C=C2/N(CC)c3ccc(I)cc3C2(C)C)C(C)(C)c2cc(I)ccc21,-5.8046837,-5.883236,-5.3587494,-5.682223033333333
CCCCN1/C(=C/C=C(Br)/C=C/C2=[N+](CCCC)c3ccc(I)cc3C2(C)C)C(C)(C)c2cc(I)ccc21,-5.7933207,-5.9048853,-5.3674393,-5.688548433333334
CCCC[N+]1=C(/C=C/C(Br)=C/C=C2/N(CCCCN)c3ccc(I)cc3C2(C)C)C(C)(C)c2cc(I)ccc21,-5.701849,-6.293168,-5.630892,-5.875303
CCCC[N+]1=C(/C=C/C(Br)=C/C=C2/N(CCCCO)c3ccc(I)cc3C2(C)C)C(C)(C)c2cc(I)ccc21,-5.768195,-6.0423226,-5.4117894,-5.740769
CCCC[N+]1=C(/C=C/C(Br)=C/C=C2/N(CCCC[N+](CC)(CC)CC)c3ccc(I)cc3C2(C)C)C(C)(C)c2cc(I)ccc21,-6.0909886,-6.4675856,-5.5860534,-6.0482092
CCCC[N+]1=C(/C=C/C(Br)=C/C=C2/N(CCCCS(=O)(=O)O)c3ccc(I)cc3C2(C)C)C(C)(C)c2cc(I)ccc21,-6.0369925,-6.4944267,-5.3075614,-5.946326866666666
CCCC[N+]1=C(/C=C/C(Br)=C/C=C2/N(Cc3ccccc3)c3ccc(I)cc3C2(C)C)C(C)(C)c2cc(I)ccc21,-5.79935,-5.973659,-5.3947334,-5.722580799999999
CCCC[N+]1=C(/C=C/C(Br)=C/C=C2/N(Cc3ccsc3)c3ccc(I)cc3C2(C)C)C(C)(C)c2cc(I)ccc21,-5.788299,-5.929683,-5.3855333,-5.701171766666666
CCN1/C(=C/C=C(Br)/C=C/C2=[N+](CCCCN)c3ccccc3C2(C)C)C(C)(C)c2cc(I)ccc21,-5.724283,-6.387435,-5.6597886,-5.923835533333333
CCCCN1/C(=C/C=C(Br)/C=C/C2=[N+](CCCCN)c3ccccc3C2(C)C)C(C)(C)c2cc(I)ccc21,-5.7146087,-6.403879,-5.664276,-5.9275879
CC1(C)C(/C=C/C(Br)=C/C=C2/N(CCCCN)c3ccc(I)cc3C2(C)C)=[N+](CCCCN)c2ccccc21,-5.615558,-6.8406506,-5.9710364,-6.142415
CC1(C)C(/C=C/C(Br)=C/C=C2/N(CCCCO)c3ccc(I)cc3C2(C)C)=[N+](CCCCN)c2ccccc21,-5.686044,-6.5673327,-5.7254863,-5.9929543333333335
CC[N+](CC)(CC)CCCCN1/C(=C/C=C(Br)/C=C/C2=[N+](CCCCN)c3ccccc3C2(C)C)C(C)(C)c2cc(I)ccc21,-5.976525,-7.0589604,-5.9587617,-6.3314157
CC1(C)C(/C=C/C(Br)=C/C=C2/N(CCCCS(=O)(=O)O)c3ccc(I)cc3C2(C)C)=[N+](CCCCN)c2ccccc21,-5.9124026,-7.0284023,-5.609187,-6.183330633333334
CC1(C)C(/C=C/C(Br)=C/C=C2/N(Cc3ccccc3)c3ccc(I)cc3C2(C)C)=[N+](CCCCN)c2ccccc21,-5.7200723,-6.4681387,-5.6842065,-5.957472499999999
CC1(C)C(/C=C/C(Br)=C/C=C2/N(Cc3ccsc3)c3ccc(I)cc3C2(C)C)=[N+](CCCCN)c2ccccc21,-5.7061996,-6.4277463,-5.679556,-5.937833966666666
CCN1/C(=C/C=C(Br)/C=C/C2=[N+](CCCCN)c3ccc(Br)cc3C2(C)C)C(C)(C)c2cc(I)ccc21,-5.6758876,-6.4410048,-5.7263474,-5.947746599999999
CCCCN1/C(=C/C=C(Br)/C=C/C2=[N+](CCCCN)c3ccc(Br)cc3C2(C)C)C(C)(C)c2cc(I)ccc21,-5.667726,-6.456914,-5.7323165,-5.952318833333333
CC1(C)C(/C=C/C(Br)=C/C=C2/N(CCCCN)c3ccc(I)cc3C2(C)C)=[N+](CCCCN)c2ccc(Br)cc21,-5.587761,-6.8903637,-6.038528,-6.172217566666667
CC1(C)C(/C=C/C(Br)=C/C=C2/N(CCCCO)c3ccc(I)cc3C2(C)C)=[N+](CCCCN)c2ccc(Br)cc21,-5.6367784,-6.6095605,-5.798787,-6.015041966666666
CC[N+](CC)(CC)CCCCN1/C(=C/C=C(Br)/C=C/C2=[N+](CCCCN)c3ccc(Br)cc3C2(C)C)C(C)(C)c2cc(I)ccc21,-5.916953,-7.122828,-6.040578,-6.360119666666667
CC1(C)C(/C=C/C(Br)=C/C=C2/N(CCCCS(=O)(=O)O)c3ccc(I)cc3C2(C)C)=[N+](CCCCN)c2ccc(Br)cc21,-5.852851,-7.056143,-5.690651,-6.199881666666666
CC1(C)C(/C=C/C(Br)=C/C=C2/N(Cc3ccccc3)c3ccc(I)cc3C2(C)C)=[N+](CCCCN)c2ccc(Br)cc21,-5.6719484,-6.516637,-5.7515354,-5.980040266666667
CC1(C)C(/C=C/C(Br)=C/C=C2/N(Cc3ccsc3)c3ccc(I)cc3C2(C)C)=[N+](CCCCN)c2ccc(Br)cc21,-5.6599746,-6.476061,-5.7435527,-5.959862766666667
CCN1/C(=C/C=C(Br)/C=C/C2=[N+](CCCCN)c3ccc(I)cc3C2(C)C)C(C)(C)c2cc(I)ccc21,-5.7100663,-6.3052535,-5.64236,-5.885893266666667
CCCCN1/C(=C/C=C(Br)/C=C/C2=[N+](CCCCN)c3ccc(I)cc3C2(C)C)C(C)(C)c2cc(I)ccc21,-5.69927,-6.319592,-5.6485295,-5.8891305
CC1(C)C(/C=C/C(Br)=C/C=C2/N(CCCCN)c3ccc(I)cc3C2(C)C)=[N+](CCCCN)c2ccc(I)cc21,-5.6038203,-6.7405205,-5.9367056,-6.093682133333334
CC1(C)C(/C=C/C(Br)=C/C=C2/N(CCCCO)c3ccc(I)cc3C2(C)C)=[N+](CCCCN)c2ccc(I)cc21,-5.6736827,-6.474687,-5.708398,-5.9522559
CC[N+](CC)(CC)CCCCN1/C(=C/C=C(Br)/C=C/C2=[N+](CCCCN)c3ccc(I)cc3C2(C)C)C(C)(C)c2cc(I)ccc21,-5.96995,-6.95566,-5.9303594,-6.285323133333333
CC1(C)C(/C=C/C(Br)=C/C=C2/N(CCCCS(=O)(=O)O)c3ccc(I)cc3C2(C)C)=[N+](CCCCN)c2ccc(I)cc21,-5.9052362,-6.920341,-5.589341,-6.138306066666666
CC1(C)C(/C=C/C(Br)=C/C=C2/N(Cc3ccccc3)c3ccc(I)cc3C2(C)C)=[N+](CCCCN)c2ccc(I)cc21,-5.7057757,-6.384996,-5.6697516,-5.920174433333334
CC1(C)C(/C=C/C(Br)=C/C=C2/N(Cc3ccsc3)c3ccc(I)cc3C2(C)C)=[N+](CCCCN)c2ccc(I)cc21,-5.693278,-6.3471518,-5.663705,-5.901378266666666
CCN1/C(=C/C=C(Br)/C=C/C2=[N+](CCCCO)c3ccccc3C2(C)C)C(C)(C)c2cc(I)ccc21,-5.7985077,-6.0775275,-5.4051433,-5.760392833333333
CCCCN1/C(=C/C=C(Br)/C=C/C2=[N+](CCCCO)c3ccccc3C2(C)C)C(C)(C)c2cc(I)ccc21,-5.790377,-6.102965,-5.412234,-5.768525333333334
CC1(C)C(/C=C/C(Br)=C/C=C2/N(CCCCN)c3ccc(I)cc3C2(C)C)=[N+](CCCCO)c2ccccc21,-5.694954,-6.5119057,-5.694185,-5.9670149
CC1(C)C(/C=C/C(Br)=C/C=C2/N(CCCCO)c3ccc(I)cc3C2(C)C)=[N+](CCCCO)c2ccccc21,-5.7711296,-6.26939,-5.46123,-5.833916533333333
CC[N+](CC)(CC)CCCCN1/C(=C/C=C(Br)/C=C/C2=[N+](CCCCO)c3ccccc3C2(C)C)C(C)(C)c2cc(I)ccc21,-6.078224,-6.7282743,-5.66317,-6.1565560999999995
CC1(C)C(/C=C/C(Br)=C/C=C2/N(CCCCS(=O)(=O)O)c3ccc(I)cc3C2(C)C)=[N+](CCCCO)c2ccccc21,-6.023157,-6.753861,-5.3543124,-6.0437768
CC1(C)C(/C=C/C(Br)=C/C=C2/N(Cc3ccccc3)c3ccc(I)cc3C2(C)C)=[N+](CCCCO)c2ccccc21,-5.7939253,-6.1783247,-5.4395766,-5.803942199999999
CC1(C)C(/C=C/C(Br)=C/C=C2/N(Cc3ccsc3)c3ccc(I)cc3C2(C)C)=[N+](CCCCO)c2ccccc21,-5.7813797,-6.1250534,-5.4312057,-5.7792129333333335
CCN1/C(=C/C=C(Br)/C=C/C2=[N+](CCCCO)c3ccc(Br)cc3C2(C)C)C(C)(C)c2cc(I)ccc21,-5.7539306,-6.133402,-5.4773827,-5.788238433333333
CCCCN1/C(=C/C=C(Br)/C=C/C2=[N+](CCCCO)c3ccc(Br)cc3C2(C)C)C(C)(C)c2cc(I)ccc21,-5.7474675,-6.151219,-5.482287,-5.7936578333333335
CC1(C)C(/C=C/C(Br)=C/C=C2/N(CCCCN)c3ccc(I)cc3C2(C)C)=[N+](CCCCO)c2ccc(Br)cc21,-5.6462774,-6.5548534,-5.7685113,-5.9898807000000005
CC1(C)C(/C=C/C(Br)=C/C=C2/N(CCCCO)c3ccc(I)cc3C2(C)C)=[N+](CCCCO)c2ccc(Br)cc21,-5.722915,-6.319298,-5.539738,-5.860650333333333
CC[N+](CC)(CC)CCCCN1/C(=C/C=C(Br)/C=C/C2=[N+](CCCCO)c3ccc(Br)cc3C2(C)C)C(C)(C)c2cc(I)ccc21,-6.027685,-6.783805,-5.745584,-6.185691333333334
CC1(C)C(/C=C/C(Br)=C/C=C2/N(CCCCS(=O)(=O)O)c3ccc(I)cc3C2(C)C)=[N+](CCCCO)c2ccc(Br)cc21,-5.9628153,-6.792924,-5.4236693,-6.059802866666668
CC1(C)C(/C=C/C(Br)=C/C=C2/N(Cc3ccccc3)c3ccc(I)cc3C2(C)C)=[N+](CCCCO)c2ccc(Br)cc21,-5.7487874,-6.229172,-5.510988,-5.829649133333334
CC1(C)C(/C=C/C(Br)=C/C=C2/N(Cc3ccsc3)c3ccc(I)cc3C2(C)C)=[N+](CCCCO)c2ccc(Br)cc21,-5.736394,-6.184487,-5.5049915,-5.808624166666667
CCN1/C(=C/C=C(Br)/C=C/C2=[N+](CCCCO)c3ccc(I)cc3C2(C)C)C(C)(C)c2cc(I)ccc21,-5.7835674,-5.988035,-5.3917,-5.721100799999999
CCCCN1/C(=C/C=C(Br)/C=C/C2=[N+](CCCCO)c3ccc(I)cc3C2(C)C)C(C)(C)c2cc(I)ccc21,-5.7749844,-6.011193,-5.3989234,-5.728366933333334
CC1(C)C(/C=C/C(Br)=C/C=C2/N(CCCCN)c3ccc(I)cc3C2(C)C)=[N+](CCCCO)c2ccc(I)cc21,-5.6806827,-6.4199886,-5.6797605,-5.9268106000000005
CC1(C)C(/C=C/C(Br)=C/C=C2/N(CCCCO)c3ccc(I)cc3C2(C)C)=[N+](CCCCO)c2ccc(I)cc21,-5.7571163,-6.170611,-5.4457674,-5.791164900000001
CC[N+](CC)(CC)CCCCN1/C(=C/C=C(Br)/C=C/C2=[N+](CCCCO)c3ccc(I)cc3C2(C)C)C(C)(C)c2cc(I)ccc21,-6.0668125,-6.624893,-5.6423926,-6.111366033333334
CC1(C)C(/C=C/C(Br)=C/C=C2/N(CCCCS(=O)(=O)O)c3ccc(I)cc3C2(C)C)=[N+](CCCCO)c2ccc(I)cc21,-6.011395,-6.649588,-5.341242,-6.000741666666666
CC1(C)C(/C=C/C(Br)=C/C=C2/N(Cc3ccccc3)c3ccc(I)cc3C2(C)C)=[N+](CCCCO)c2ccc(I)cc21,-5.7791147,-6.0868187,-5.4265914,-5.764174933333333
CC1(C)C(/C=C/C(Br)=C/C=C2/N(Cc3ccsc3)c3ccc(I)cc3C2(C)C)=[N+](CCCCO)c2ccc(I)cc21,-5.767272,-6.036651,-5.417623,-5.740515333333334
CCN1/C(=C/C=C(Br)/C=C/C2=[N+](CCCC[N+](CC)(CC)CC)c3ccccc3C2(C)C)C(C)(C)c2cc(I)ccc21,-6.1206856,-6.528463,-5.5937996,-6.080982733333333
CCCCN1/C(=C/C=C(Br)/C=C/C2=[N+](CCCC[N+](CC)(CC)CC)c3ccccc3C2(C)C)C(C)(C)c2cc(I)ccc21,-6.1052337,-6.556891,-5.6055975,-6.089240733333334
CC[N+](CC)(CC)CCCC[N+]1=C(/C=C/C(Br)=C/C=C2/N(CCCCN)c3ccc(I)cc3C2(C)C)C(C)(C)c2ccccc21,-5.986274,-7.0179806,-5.934456,-6.312903533333333
CC[N+](CC)(CC)CCCC[N+]1=C(/C=C/C(Br)=C/C=C2/N(CCCCO)c3ccc(I)cc3C2(C)C)C(C)(C)c2ccccc21,-6.0769625,-6.7484956,-5.6735773,-6.166345133333333
CC[N+](CC)(CC)CCCCN1/C(=C/C=C(Br)/C=C/C2=[N+](CCCC[N+](CC)(CC)CC)c3ccccc3C2(C)C)C(C)(C)c2cc(I)ccc21,-6.3114543,-7.261647,-5.9191513,-6.4974175333333335
CC[N+](CC)(CC)CCCC[N+]1=C(/C=C/C(Br)=C/C=C2/N(CCCCS(=O)(=O)O)c3ccc(I)cc3C2(C)C)C(C)(C)c2ccccc21,-6.2985435,-7.270196,-5.598221,-6.388986833333333
CC[N+](CC)(CC)CCCC[N+]1=C(/C=C/C(Br)=C/C=C2/N(Cc3ccccc3)c3ccc(I)cc3C2(C)C)C(C)(C)c2ccccc21,-6.113455,-6.62393,-5.6277,-6.121695
CC[N+](CC)(CC)CCCC[N+]1=C(/C=C/C(Br)=C/C=C2/N(Cc3ccsc3)c3ccc(I)cc3C2(C)C)C(C)(C)c2ccccc21,-6.106046,-6.5771513,-5.619666,-6.1009544333333325
CCN1/C(=C/C=C(Br)/C=C/C2=[N+](CCCC[N+](CC)(CC)CC)c3ccc(Br)cc3C2(C)C)C(C)(C)c2cc(I)ccc21,-6.0697265,-6.5838566,-5.667821,-6.1071347
CCCCN1/C(=C/C=C(Br)/C=C/C2=[N+](CCCC[N+](CC)(CC)CC)c3ccc(Br)cc3C2(C)C)C(C)(C)c2cc(I)ccc21,-6.0545273,-6.6128387,-5.6798024,-6.1157228
CC[N+](CC)(CC)CCCC[N+]1=C(/C=C/C(Br)=C/C=C2/N(CCCCN)c3ccc(I)cc3C2(C)C)C(C)(C)c2cc(Br)ccc21,-5.9273634,-7.0793014,-6.015509,-6.340724599999999
CC[N+](CC)(CC)CCCC[N+]1=C(/C=C/C(Br)=C/C=C2/N(CCCCO)c3ccc(I)cc3C2(C)C)C(C)(C)c2cc(Br)ccc21,-6.0266466,-6.805517,-5.757371,-6.196511533333333
CC[N+](CC)(CC)CCCCN1/C(=C/C=C(Br)/C=C/C2=[N+](CCCC[N+](CC)(CC)CC)c3ccc(Br)cc3C2(C)C)C(C)(C)c2cc(I)ccc21,-6.249999,-7.31824,-5.9979143,-6.5220511
CC[N+](CC)(CC)CCCC[N+]1=C(/C=C/C(Br)=C/C=C2/N(CCCCS(=O)(=O)O)c3ccc(I)cc3C2(C)C)C(C)(C)c2cc(Br)ccc21,-6.2308245,-7.312438,-5.6840057,-6.4090894
CC[N+](CC)(CC)CCCC[N+]1=C(/C=C/C(Br)=C/C=C2/N(Cc3ccccc3)c3ccc(I)cc3C2(C)C)C(C)(C)c2cc(Br)ccc21,-6.0612764,-6.6777496,-5.7021627,-6.147062899999999
CC[N+](CC)(CC)CCCC[N+]1=C(/C=C/C(Br)=C/C=C2/N(Cc3ccsc3)c3ccc(I)cc3C2(C)C)C(C)(C)c2cc(Br)ccc21,-6.0551224,-6.631661,-5.6932716,-6.126684999999999
CCN1/C(=C/C=C(Br)/C=C/C2=[N+](CCCC[N+](CC)(CC)CC)c3ccc(I)cc3C2(C)C)C(C)(C)c2cc(I)ccc21,-6.1087055,-6.434511,-5.57347,-6.0388955
CCCCN1/C(=C/C=C(Br)/C=C/C2=[N+](CCCC[N+](CC)(CC)CC)c3ccc(I)cc3C2(C)C)C(C)(C)c2cc(I)ccc21,-6.0934668,-6.4604635,-5.5851603,-6.046363533333334
CC[N+](CC)(CC)CCCC[N+]1=C(/C=C/C(Br)=C/C=C2/N(CCCCN)c3ccc(I)cc3C2(C)C)C(C)(C)c2cc(I)ccc21,-5.9790044,-6.9161086,-5.906947,-6.267353333333333
CC[N+](CC)(CC)CCCC[N+]1=C(/C=C/C(Br)=C/C=C2/N(CCCCO)c3ccc(I)cc3C2(C)C)C(C)(C)c2cc(I)ccc21,-6.0652523,-6.646821,-5.65341,-6.121827766666667
CC[N+](CC)(CC)CCCCN1/C(=C/C=C(Br)/C=C/C2=[N+](CCCC[N+](CC)(CC)CC)c3ccc(I)cc3C2(C)C)C(C)(C)c2cc(I)ccc21,-6.3050175,-7.158542,-5.8935633,-6.452374266666666
CC[N+](CC)(CC)CCCC[N+]1=C(/C=C/C(Br)=C/C=C2/N(CCCCS(=O)(=O)O)c3ccc(I)cc3C2(C)C)C(C)(C)c2cc(I)ccc21,-6.293662,-7.157716,-5.575117,-6.3421650000000005
CC[N+](CC)(CC)CCCC[N+]1=C(/C=C/C(Br)=C/C=C2/N(Cc3ccccc3)c3ccc(I)cc3C2(C)C)C(C)(C)c2cc(I)ccc21,-6.1010385,-6.5268326,-5.6082926,-6.078721233333333
CC[N+](CC)(CC)CCCC[N+]1=C(/C=C/C(Br)=C/C=C2/N(Cc3ccsc3)c3ccc(I)cc3C2(C)C)C(C)(C)c2cc(I)ccc21,-6.094373,-6.483349,-5.6005287,-6.0594168999999996
CCN1/C(=C/C=C(Br)/C=C/C2=[N+](CCCCS(=O)(=O)O)c3ccccc3C2(C)C)C(C)(C)c2cc(I)ccc21,-6.0745115,-6.590735,-5.315727,-5.993657833333333
CCCCN1/C(=C/C=C(Br)/C=C/C2=[N+](CCCCS(=O)(=O)O)c3ccccc3C2(C)C)C(C)(C)c2cc(I)ccc21,-6.051361,-6.6147375,-5.3234744,-5.9965243
CC1(C)C(/C=C/C(Br)=C/C=C2/N(CCCCN)c3ccc(I)cc3C2(C)C)=[N+](CCCCS(=O)(=O)O)c2ccccc21,-5.9149365,-7.020751,-5.598639,-6.178108833333333
CC1(C)C(/C=C/C(Br)=C/C=C2/N(CCCCO)c3ccc(I)cc3C2(C)C)=[N+](CCCCS(=O)(=O)O)c2ccccc21,-6.0143785,-6.804544,-5.3709483,-6.063290266666667
CC[N+](CC)(CC)CCCCN1/C(=C/C=C(Br)/C=C/C2=[N+](CCCCS(=O)(=O)O)c3ccccc3C2(C)C)C(C)(C)c2cc(I)ccc21,-6.2914023,-7.2977753,-5.6099343,-6.399703966666666
CC1(C)C(/C=C/C(Br)=C/C=C2/N(CCCCS(=O)(=O)O)c3ccc(I)cc3C2(C)C)=[N+](CCCCS(=O)(=O)O)c2ccccc21,-6.131616,-7.339278,-5.3297925,-6.2668955
CC1(C)C(/C=C/C(Br)=C/C=C2/N(Cc3ccccc3)c3ccc(I)cc3C2(C)C)=[N+](CCCCS(=O)(=O)O)c2ccccc21,-6.063218,-6.6806517,-5.3439,-6.0292565666666675
CC1(C)C(/C=C/C(Br)=C/C=C2/N(Cc3ccsc3)c3ccc(I)cc3C2(C)C)=[N+](CCCCS(=O)(=O)O)c2ccccc21,-6.057219,-6.6384172,-5.338619,-6.011418399999999
CCN1/C(=C/C=C(Br)/C=C/C2=[N+](CCCCS(=O)(=O)O)c3ccc(Br)cc3C2(C)C)C(C)(C)c2cc(I)ccc21,-6.027879,-6.62645,-5.3784637,-6.010930900000001
CCCCN1/C(=C/C=C(Br)/C=C/C2=[N+](CCCCS(=O)(=O)O)c3ccc(Br)cc3C2(C)C)C(C)(C)c2cc(I)ccc21,-6.002329,-6.644509,-5.3839,-6.0102459999999995
CC1(C)C(/C=C/C(Br)=C/C=C2/N(CCCCN)c3ccc(I)cc3C2(C)C)=[N+](CCCCS(=O)(=O)O)c2ccc(Br)cc21,-5.8551016,-7.0505667,-5.6802974,-6.1953219
CC1(C)C(/C=C/C(Br)=C/C=C2/N(CCCCO)c3ccc(I)cc3C2(C)C)=[N+](CCCCS(=O)(=O)O)c2ccc(Br)cc21,-5.952165,-6.8450017,-5.443796,-6.0803209
CC[N+](CC)(CC)CCCCN1/C(=C/C=C(Br)/C=C/C2=[N+](CCCCS(=O)(=O)O)c3ccc(Br)cc3C2(C)C)C(C)(C)c2cc(I)ccc21,-6.2235456,-7.3429966,-5.696935,-6.421159066666667
CC1(C)C(/C=C/C(Br)=C/C=C2/N(CCCCS(=O)(=O)O)c3ccc(I)cc3C2(C)C)=[N+](CCCCS(=O)(=O)O)c2ccc(Br)cc21,-6.095626,-7.3569274,-5.395156,-6.2825698
CC1(C)C(/C=C/C(Br)=C/C=C2/N(Cc3ccccc3)c3ccc(I)cc3C2(C)C)=[N+](CCCCS(=O)(=O)O)c2ccc(Br)cc21,-6.013036,-6.7118115,-5.4044595,-6.043102333333333
CC1(C)C(/C=C/C(Br)=C/C=C2/N(Cc3ccsc3)c3ccc(I)cc3C2(C)C)=[N+](CCCCS(=O)(=O)O)c2ccc(Br)cc21,-6.009666,-6.6719933,-5.3998923,-6.027183866666667
CCN1/C(=C/C=C(Br)/C=C/C2=[N+](CCCCS(=O)(=O)O)c3ccc(I)cc3C2(C)C)C(C)(C)c2cc(I)ccc21,-6.0623846,-6.491349,-5.304145,-5.9526262
CCCCN1/C(=C/C=C(Br)/C=C/C2=[N+](CCCCS(=O)(=O)O)c3ccc(I)cc3C2(C)C)C(C)(C)c2cc(I)ccc21,-6.037296,-6.512596,-5.312117,-5.954003
CC1(C)C(/C=C/C(Br)=C/C=C2/N(CCCCN)c3ccc(I)cc3C2(C)C)=[N+](CCCCS(=O)(=O)O)c2ccc(I)cc21,-5.90704,-6.9137297,-5.579264,-6.1333445666666675
CC1(C)C(/C=C/C(Br)=C/C=C2/N(CCCCO)c3ccc(I)cc3C2(C)C)=[N+](CCCCS(=O)(=O)O)c2ccc(I)cc21,-6.0055065,-6.6993327,-5.357064,-6.0206344
CC[N+](CC)(CC)CCCCN1/C(=C/C=C(Br)/C=C/C2=[N+](CCCCS(=O)(=O)O)c3ccc(I)cc3C2(C)C)C(C)(C)c2cc(I)ccc21,-6.286474,-7.1854835,-5.5869403,-6.3529659333333335
CC1(C)C(/C=C/C(Br)=C/C=C2/N(CCCCS(=O)(=O)O)c3ccc(I)cc3C2(C)C)=[N+](CCCCS(=O)(=O)O)c2ccc(I)cc21,-6.134625,-7.230729,-5.3148155,-6.226723166666666
CC1(C)C(/C=C/C(Br)=C/C=C2/N(Cc3ccccc3)c3ccc(I)cc3C2(C)C)=[N+](CCCCS(=O)(=O)O)c2ccc(I)cc21,-6.0525093,-6.578959,-5.3308797,-5.987449333333333
CC1(C)C(/C=C/C(Br)=C/C=C2/N(Cc3ccsc3)c3ccc(I)cc3C2(C)C)=[N+](CCCCS(=O)(=O)O)c2ccc(I)cc21,-6.045215,-6.5381947,-5.326063,-5.969824233333334
CCN1/C(=C/C=C(Br)/C=C/C2=[N+](Cc3ccccc3)c3ccccc3C2(C)C)C(C)(C)c2cc(I)ccc21,-5.835147,-6.092173,-5.410476,-5.779265333333334
CCCCN1/C(=C/C=C(Br)/C=C/C2=[N+](Cc3ccccc3)c3ccccc3C2(C)C)C(C)(C)c2cc(I)ccc21,-5.8285894,-6.116367,-5.416431,-5.787129133333334
CC1(C)C(/C=C/C(Br)=C/C=C2/N(CCCCN)c3ccc(I)cc3C2(C)C)=[N+](Cc2ccccc2)c2ccccc21,-5.7377186,-6.5168543,-5.686653,-5.980408633333333
CC1(C)C(/C=C/C(Br)=C/C=C2/N(CCCCO)c3ccc(I)cc3C2(C)C)=[N+](Cc2ccccc2)c2ccccc21,-5.805191,-6.276079,-5.4633036,-5.8481912
CC[N+](CC)(CC)CCCCN1/C(=C/C=C(Br)/C=C/C2=[N+](Cc3ccccc3)c3ccccc3C2(C)C)C(C)(C)c2cc(I)ccc21,-6.117644,-6.7305245,-5.657827,-6.168665166666667
CC1(C)C(/C=C/C(Br)=C/C=C2/N(CCCCS(=O)(=O)O)c3ccc(I)cc3C2(C)C)=[N+](Cc2ccccc2)c2ccccc21,-6.087824,-6.769591,-5.3479905,-6.068468499999999
CC1(C)C(/C=C/C(Br)=C/C=C2/N(Cc3ccccc3)c3ccc(I)cc3C2(C)C)=[N+](Cc2ccccc2)c2ccccc21,-5.833826,-6.1956,-5.446083,-5.8251696666666675
CC1(C)C(/C=C/C(Br)=C/C=C2/N(Cc3ccsc3)c3ccc(I)cc3C2(C)C)=[N+](Cc2ccccc2)c2ccccc21,-5.8201985,-6.141189,-5.4383464,-5.799911300000001
CCN1/C(=C/C=C(Br)/C=C/C2=[N+](Cc3ccccc3)c3ccc(Br)cc3C2(C)C)C(C)(C)c2cc(I)ccc21,-5.7975783,-6.147188,-5.4786477,-5.807804666666667
CCCCN1/C(=C/C=C(Br)/C=C/C2=[N+](Cc3ccccc3)c3ccc(Br)cc3C2(C)C)C(C)(C)c2cc(I)ccc21,-5.7916293,-6.1687856,-5.484153,-5.814855966666666
CC1(C)C(/C=C/C(Br)=C/C=C2/N(CCCCN)c3ccc(I)cc3C2(C)C)=[N+](Cc2ccccc2)c2ccc(Br)cc21,-5.684778,-6.566781,-5.761291,-6.004283333333333
CC1(C)C(/C=C/C(Br)=C/C=C2/N(CCCCO)c3ccc(I)cc3C2(C)C)=[N+](Cc2ccccc2)c2ccc(Br)cc21,-5.757193,-6.332189,-5.5414557,-5.8769459
CC[N+](CC)(CC)CCCCN1/C(=C/C=C(Br)/C=C/C2=[N+](Cc3ccccc3)c3ccc(Br)cc3C2(C)C)C(C)(C)c2cc(I)ccc21,-6.0683665,-6.7791195,-5.7322583,-6.193248100000001
CC1(C)C(/C=C/C(Br)=C/C=C2/N(CCCCS(=O)(=O)O)c3ccc(I)cc3C2(C)C)=[N+](Cc2ccccc2)c2ccc(Br)cc21,-6.034561,-6.793497,-5.4095006,-6.0791862
CC1(C)C(/C=C/C(Br)=C/C=C2/N(Cc3ccccc3)c3ccc(I)cc3C2(C)C)=[N+](Cc2ccccc2)c2ccc(Br)cc21,-5.7938104,-6.251898,-5.5157924,-5.853833599999999
CC1(C)C(/C=C/C(Br)=C/C=C2/N(Cc3ccsc3)c3ccc(I)cc3C2(C)C)=[N+](Cc2ccccc2)c2ccc(Br)cc21,-5.780979,-6.2011127,-5.5081153,-5.830069000000001
CCN1/C(=C/C=C(Br)/C=C/C2=[N+](Cc3ccccc3)c3ccc(I)cc3C2(C)C)C(C)(C)c2cc(I)ccc21,-5.8194165,-6.0022254,-5.3975043,-5.739715399999999
CCCCN1/C(=C/C=C(Br)/C=C/C2=[N+](Cc3ccccc3)c3ccc(I)cc3C2(C)C)C(C)(C)c2cc(I)ccc21,-5.8120484,-6.023638,-5.4046316,-5.746772666666668
CC1(C)C(/C=C/C(Br)=C/C=C2/N(CCCCN)c3ccc(I)cc3C2(C)C)=[N+](Cc2ccccc2)c2ccc(I)cc21,-5.720977,-6.42917,-5.672918,-5.941021666666667
CC1(C)C(/C=C/C(Br)=C/C=C2/N(CCCCO)c3ccc(I)cc3C2(C)C)=[N+](Cc2ccccc2)c2ccc(I)cc21,-5.7878942,-6.1780024,-5.449615,-5.805170533333334
CC[N+](CC)(CC)CCCCN1/C(=C/C=C(Br)/C=C/C2=[N+](Cc3ccccc3)c3ccc(I)cc3C2(C)C)C(C)(C)c2cc(I)ccc21,-6.1044936,-6.6263323,-5.6379795,-6.122935133333333
CC1(C)C(/C=C/C(Br)=C/C=C2/N(CCCCS(=O)(=O)O)c3ccc(I)cc3C2(C)C)=[N+](Cc2ccccc2)c2ccc(I)cc21,-6.0769897,-6.6584377,-5.335359,-6.023595466666667
CC1(C)C(/C=C/C(Br)=C/C=C2/N(Cc3ccccc3)c3ccc(I)cc3C2(C)C)=[N+](Cc2ccccc2)c2ccc(I)cc21,-5.818035,-6.104749,-5.434309,-5.785697666666667
CC1(C)C(/C=C/C(Br)=C/C=C2/N(Cc3ccsc3)c3ccc(I)cc3C2(C)C)=[N+](Cc2ccccc2)c2ccc(I)cc21,-5.805159,-6.053572,-5.425938,-5.761556333333334
CCN1/C(=C/C=C(Br)/C=C/C2=[N+](Cc3ccsc3)c3ccccc3C2(C)C)C(C)(C)c2cc(I)ccc21,-5.8264174,-6.0465236,-5.3967247,-5.756555233333334
CCCCN1/C(=C/C=C(Br)/C=C/C2=[N+](Cc3ccsc3)c3ccccc3C2(C)C)C(C)(C)c2cc(I)ccc21,-5.8197784,-6.071311,-5.402934,-5.7646744666666665
CC1(C)C(/C=C/C(Br)=C/C=C2/N(CCCCN)c3ccc(I)cc3C2(C)C)=[N+](Cc2ccsc2)c2ccccc21,-5.730143,-6.4801354,-5.6773653,-5.9625479
CC1(C)C(/C=C/C(Br)=C/C=C2/N(CCCCO)c3ccc(I)cc3C2(C)C)=[N+](Cc2ccsc2)c2ccccc21,-5.797858,-6.2290263,-5.450092,-5.825658766666666
CC[N+](CC)(CC)CCCCN1/C(=C/C=C(Br)/C=C/C2=[N+](Cc3ccsc3)c3ccccc3C2(C)C)C(C)(C)c2cc(I)ccc21,-6.1142015,-6.690523,-5.645221,-6.1499818333333325
CC1(C)C(/C=C/C(Br)=C/C=C2/N(CCCCS(=O)(=O)O)c3ccc(I)cc3C2(C)C)=[N+](Cc2ccsc2)c2ccccc21,-6.087602,-6.729602,-5.336846,-6.05135
CC1(C)C(/C=C/C(Br)=C/C=C2/N(Cc3ccccc3)c3ccc(I)cc3C2(C)C)=[N+](Cc2ccsc2)c2ccccc21,-5.8248954,-6.14722,-5.4328036,-5.8016396666666665
CC1(C)C(/C=C/C(Br)=C/C=C2/N(Cc3ccsc3)c3ccc(I)cc3C2(C)C)=[N+](Cc2ccsc2)c2ccccc21,-5.8118224,-6.0954804,-5.4243956,-5.7772328
CCN1/C(=C/C=C(Br)/C=C/C2=[N+](Cc3ccsc3)c3ccc(Br)cc3C2(C)C)C(C)(C)c2cc(I)ccc21,-5.790029,-6.101026,-5.4651265,-5.785393833333333
CCCCN1/C(=C/C=C(Br)/C=C/C2=[N+](Cc3ccsc3)c3ccc(Br)cc3C2(C)C)C(C)(C)c2cc(I)ccc21,-5.7841225,-6.1238065,-5.471168,-5.793032333333333
CC1(C)C(/C=C/C(Br)=C/C=C2/N(CCCCN)c3ccc(I)cc3C2(C)C)=[N+](Cc2ccsc2)c2ccc(Br)cc21,-5.678398,-6.5275593,-5.74836,-5.984772433333333
CC1(C)C(/C=C/C(Br)=C/C=C2/N(CCCCO)c3ccc(I)cc3C2(C)C)=[N+](Cc2ccsc2)c2ccc(Br)cc21,-5.7519126,-6.2901206,-5.5293303,-5.857121166666666
CC[N+](CC)(CC)CCCCN1/C(=C/C=C(Br)/C=C/C2=[N+](Cc3ccsc3)c3ccc(Br)cc3C2(C)C)C(C)(C)c2cc(I)ccc21,-6.065911,-6.737596,-5.717865,-6.173790666666666
CC1(C)C(/C=C/C(Br)=C/C=C2/N(CCCCS(=O)(=O)O)c3ccc(I)cc3C2(C)C)=[N+](Cc2ccsc2)c2ccc(Br)cc21,-6.0370913,-6.7620955,-5.399457,-6.0662145999999995
CC1(C)C(/C=C/C(Br)=C/C=C2/N(Cc3ccccc3)c3ccc(I)cc3C2(C)C)=[N+](Cc2ccsc2)c2ccc(Br)cc21,-5.7859387,-6.2054143,-5.5025277,-5.831293566666666
CC1(C)C(/C=C/C(Br)=C/C=C2/N(Cc3ccsc3)c3ccc(I)cc3C2(C)C)=[N+](Cc2ccsc2)c2ccc(Br)cc21,-5.7738314,-6.154761,-5.494522,-5.8077048
CCN1/C(=C/C=C(Br)/C=C/C2=[N+](Cc3ccsc3)c3ccc(I)cc3C2(C)C)C(C)(C)c2cc(I)ccc21,-5.8118944,-5.9605155,-5.3824186,-5.718276166666667
CCCCN1/C(=C/C=C(Br)/C=C/C2=[N+](Cc3ccsc3)c3ccc(I)cc3C2(C)C)C(C)(C)c2cc(I)ccc21,-5.8041277,-5.981544,-5.3900437,-5.725238466666667
CC1(C)C(/C=C/C(Br)=C/C=C2/N(CCCCN)c3ccc(I)cc3C2(C)C)=[N+](Cc2ccsc2)c2ccc(I)cc21,-5.7128034,-6.395022,-5.6638513,-5.9238922333333335
CC1(C)C(/C=C/C(Br)=C/C=C2/N(CCCCO)c3ccc(I)cc3C2(C)C)=[N+](Cc2ccsc2)c2ccc(I)cc21,-5.781178,-6.133046,-5.4367833,-5.7836691
CC[N+](CC)(CC)CCCCN1/C(=C/C=C(Br)/C=C/C2=[N+](Cc3ccsc3)c3ccc(I)cc3C2(C)C)C(C)(C)c2cc(I)ccc21,-6.10122,-6.587225,-5.625115,-6.10452
CC1(C)C(/C=C/C(Br)=C/C=C2/N(CCCCS(=O)(=O)O)c3ccc(I)cc3C2(C)C)=[N+](Cc2ccsc2)c2ccc(I)cc21,-6.0755653,-6.6247854,-5.3253407,-6.0085638
CC1(C)C(/C=C/C(Br)=C/C=C2/N(Cc3ccccc3)c3ccc(I)cc3C2(C)C)=[N+](Cc2ccsc2)c2ccc(I)cc21,-5.809424,-6.058562,-5.420712,-5.762899333333333
CC1(C)C(/C=C/C(Br)=C/C=C2/N(Cc3ccsc3)c3ccc(I)cc3C2(C)C)=[N+](Cc2ccsc2)c2ccc(I)cc21,-5.797513,-6.0102754,-5.410464,-5.739417466666667
CCN1/C(=C/C=C(I)/C=C/C2=[N+](CC)c3ccccc3C2(C)C)C(C)(C)c2cc(I)ccc21,-5.807819,-6.0482206,-5.4146185,-5.756886033333333
CCCCN1/C(=C/C=C(I)/C=C/C2=[N+](CC)c3ccccc3C2(C)C)C(C)(C)c2cc(I)ccc21,-5.8014927,-6.071511,-5.4203687,-5.764457466666666
CC[N+]1=C(/C=C/C(I)=C/C=C2/N(CCCCN)c3ccc(I)cc3C2(C)C)C(C)(C)c2ccccc21,-5.7092876,-6.482413,-5.6985416,-5.963414066666668
CC[N+]1=C(/C=C/C(I)=C/C=C2/N(CCCCO)c3ccc(I)cc3C2(C)C)C(C)(C)c2ccccc21,-5.7805786,-6.229245,-5.4676404,-5.825821333333334
CC[N+]1=C(/C=C/C(I)=C/C=C2/N(CCCC[N+](CC)(CC)CC)c3ccc(I)cc3C2(C)C)C(C)(C)c2ccccc21,-6.097862,-6.675515,-5.659958,-6.144445
CC[N+]1=C(/C=C/C(I)=C/C=C2/N(CCCCS(=O)(=O)O)c3ccc(I)cc3C2(C)C)C(C)(C)c2ccccc21,-6.0519032,-6.7229753,-5.3564124,-6.0437636333333336
CC[N+]1=C(/C=C/C(I)=C/C=C2/N(Cc3ccccc3)c3ccc(I)cc3C2(C)C)C(C)(C)c2ccccc21,-5.8035817,-6.1478553,-5.4505897,-5.8006755666666665
CC[N+]1=C(/C=C/C(I)=C/C=C2/N(Cc3ccsc3)c3ccc(I)cc3C2(C)C)C(C)(C)c2ccccc21,-5.790923,-6.094585,-5.4417214,-5.775743133333333
CCN1/C(=C/C=C(I)/C=C/C2=[N+](CC)c3ccc(Br)cc3C2(C)C)C(C)(C)c2cc(I)ccc21,-5.769587,-6.1036725,-5.483379,-5.785546166666666
CCCCN1/C(=C/C=C(I)/C=C/C2=[N+](CC)c3ccc(Br)cc3C2(C)C)C(C)(C)c2cc(I)ccc21,-5.763289,-6.12322,-5.4892716,-5.791926866666667
CC[N+]1=C(/C=C/C(I)=C/C=C2/N(CCCCN)c3ccc(I)cc3C2(C)C)C(C)(C)c2cc(Br)ccc21,-5.6581926,-6.5248623,-5.7661295,-5.983061466666666
CC[N+]1=C(/C=C/C(I)=C/C=C2/N(CCCCO)c3ccc(I)cc3C2(C)C)C(C)(C)c2cc(Br)ccc21,-5.729869,-6.289468,-5.5496984,-5.856345133333334
CC[N+]1=C(/C=C/C(I)=C/C=C2/N(CCCC[N+](CC)(CC)CC)c3ccc(I)cc3C2(C)C)C(C)(C)c2cc(Br)ccc21,-6.0488043,-6.723729,-5.7354493,-6.169327533333333
CC[N+]1=C(/C=C/C(I)=C/C=C2/N(CCCCS(=O)(=O)O)c3ccc(I)cc3C2(C)C)C(C)(C)c2cc(Br)ccc21,-6.00047,-6.756508,-5.4205904,-6.059189466666666
CC[N+]1=C(/C=C/C(I)=C/C=C2/N(Cc3ccccc3)c3ccc(I)cc3C2(C)C)C(C)(C)c2cc(Br)ccc21,-5.763838,-6.206475,-5.5216527,-5.830655233333334
CC[N+]1=C(/C=C/C(I)=C/C=C2/N(Cc3ccsc3)c3ccc(I)cc3C2(C)C)C(C)(C)c2cc(Br)ccc21,-5.75195,-6.155904,-5.5129085,-5.806920833333334
CCN1/C(=C/C=C(I)/C=C/C2=[N+](CC)c3ccc(I)cc3C2(C)C)C(C)(C)c2cc(I)ccc21,-5.7938027,-5.9625416,-5.3992004,-5.7185149
CCCCN1/C(=C/C=C(I)/C=C/C2=[N+](CC)c3ccc(I)cc3C2(C)C)C(C)(C)c2cc(I)ccc21,-5.7866025,-5.9823833,-5.4058065,-5.724930766666667
CC[N+]1=C(/C=C/C(I)=C/C=C2/N(CCCCN)c3ccc(I)cc3C2(C)C)C(C)(C)c2cc(I)ccc21,-5.692446,-6.3936887,-5.6841183,-5.9234176666666665
CC[N+]1=C(/C=C/C(I)=C/C=C2/N(CCCCO)c3ccc(I)cc3C2(C)C)C(C)(C)c2cc(I)ccc21,-5.764045,-6.131569,-5.453389,-5.783001
CC[N+]1=C(/C=C/C(I)=C/C=C2/N(CCCC[N+](CC)(CC)CC)c3ccc(I)cc3C2(C)C)C(C)(C)c2cc(I)ccc21,-6.0864353,-6.5711136,-5.638502,-6.098683633333334
CC[N+]1=C(/C=C/C(I)=C/C=C2/N(CCCCS(=O)(=O)O)c3ccc(I)cc3C2(C)C)C(C)(C)c2cc(I)ccc21,-6.0407495,-6.617354,-5.3442955,-6.0007996666666665
CC[N+]1=C(/C=C/C(I)=C/C=C2/N(Cc3ccccc3)c3ccc(I)cc3C2(C)C)C(C)(C)c2cc(I)ccc21,-5.789192,-6.057603,-5.4366126,-5.761135866666667
CC[N+]1=C(/C=C/C(I)=C/C=C2/N(Cc3ccsc3)c3ccc(I)cc3C2(C)C)C(C)(C)c2cc(I)ccc21,-5.777311,-6.009779,-5.426015,-5.737701666666666
CCCC[N+]1=C(/C=C/C(I)=C/C=C2/N(CC)c3ccc(I)cc3C2(C)C)C(C)(C)c2ccccc21,-5.7866907,-6.0876865,-5.4379454,-5.770774200000001
CCCCN1/C(=C/C=C(I)/C=C/C2=[N+](CCCC)c3ccccc3C2(C)C)C(C)(C)c2cc(I)ccc21,-5.778893,-6.1131263,-5.444404,-5.778807766666667
CCCC[N+]1=C(/C=C/C(I)=C/C=C2/N(CCCCN)c3ccc(I)cc3C2(C)C)C(C)(C)c2ccccc21,-5.687246,-6.509895,-5.717715,-5.971618666666667
CCCC[N+]1=C(/C=C/C(I)=C/C=C2/N(CCCCO)c3ccc(I)cc3C2(C)C)C(C)(C)c2ccccc21,-5.759373,-6.2706914,-5.490962,-5.840342133333333
CCCC[N+]1=C(/C=C/C(I)=C/C=C2/N(CCCC[N+](CC)(CC)CC)c3ccc(I)cc3C2(C)C)C(C)(C)c2ccccc21,-6.0720353,-6.7133703,-5.684363,-6.156589533333334
CCCC[N+]1=C(/C=C/C(I)=C/C=C2/N(CCCCS(=O)(=O)O)c3ccc(I)cc3C2(C)C)C(C)(C)c2ccccc21,-6.0124636,-6.751198,-5.3762746,-6.0466454
CCCC[N+]1=C(/C=C/C(I)=C/C=C2/N(Cc3ccccc3)c3ccc(I)cc3C2(C)C)C(C)(C)c2ccccc21,-5.782585,-6.1897163,-5.473918,-5.815406433333333
CCCC[N+]1=C(/C=C/C(I)=C/C=C2/N(Cc3ccsc3)c3ccc(I)cc3C2(C)C)C(C)(C)c2ccccc21,-5.770133,-6.1363626,-5.465015,-5.790503533333333
CCCC[N+]1=C(/C=C/C(I)=C/C=C2/N(CC)c3ccc(I)cc3C2(C)C)C(C)(C)c2cc(Br)ccc21,-5.7467813,-6.145508,-5.5087624,-5.800350566666668
CCCCN1/C(=C/C=C(I)/C=C/C2=[N+](CCCC)c3ccc(Br)cc3C2(C)C)C(C)(C)c2cc(I)ccc21,-5.7383924,-6.165362,-5.5144725,-5.806075633333333
CCCC[N+]1=C(/C=C/C(I)=C/C=C2/N(CCCCN)c3ccc(I)cc3C2(C)C)C(C)(C)c2cc(Br)ccc21,-5.6389027,-6.555286,-5.785518,-5.993235566666667
CCCC[N+]1=C(/C=C/C(I)=C/C=C2/N(CCCCO)c3ccc(I)cc3C2(C)C)C(C)(C)c2cc(Br)ccc21,-5.7062893,-6.327677,-5.5722685,-5.868744933333333
CCCC[N+]1=C(/C=C/C(I)=C/C=C2/N(CCCC[N+](CC)(CC)CC)c3ccc(I)cc3C2(C)C)C(C)(C)c2cc(Br)ccc21,-6.0224066,-6.766599,-5.7611756,-6.183393733333332
CCCC[N+]1=C(/C=C/C(I)=C/C=C2/N(CCCCS(=O)(=O)O)c3ccc(I)cc3C2(C)C)C(C)(C)c2cc(Br)ccc21,-5.959384,-6.784913,-5.440241,-6.061512666666666
CCCC[N+]1=C(/C=C/C(I)=C/C=C2/N(Cc3ccccc3)c3ccc(I)cc3C2(C)C)C(C)(C)c2cc(Br)ccc21,-5.7427144,-6.250079,-5.546332,-5.846375133333333
CCCC[N+]1=C(/C=C/C(I)=C/C=C2/N(Cc3ccsc3)c3ccc(I)cc3C2(C)C)C(C)(C)c2cc(Br)ccc21,-5.7309356,-6.1990695,-5.5378017,-5.822602266666666
CCCC[N+]1=C(/C=C/C(I)=C/C=C2/N(CC)c3ccc(I)cc3C2(C)C)C(C)(C)c2cc(I)ccc21,-5.7721677,-6.001404,-5.423131,-5.732234233333333
CCCCN1/C(=C/C=C(I)/C=C/C2=[N+](CCCC)c3ccc(I)cc3C2(C)C)C(C)(C)c2cc(I)ccc21,-5.763828,-6.02219,-5.430693,-5.738903666666666
CCCC[N+]1=C(/C=C/C(I)=C/C=C2/N(CCCCN)c3ccc(I)cc3C2(C)C)C(C)(C)c2cc(I)ccc21,-5.669753,-6.425705,-5.703175,-5.932877666666667
CCCC[N+]1=C(/C=C/C(I)=C/C=C2/N(CCCCO)c3ccc(I)cc3C2(C)C)C(C)(C)c2cc(I)ccc21,-5.7428594,-6.1746693,-5.4760704,-5.797866366666667
CCCC[N+]1=C(/C=C/C(I)=C/C=C2/N(CCCC[N+](CC)(CC)CC)c3ccc(I)cc3C2(C)C)C(C)(C)c2cc(I)ccc21,-6.060013,-6.6138196,-5.664355,-6.1127292
CCCC[N+]1=C(/C=C/C(I)=C/C=C2/N(CCCCS(=O)(=O)O)c3ccc(I)cc3C2(C)C)C(C)(C)c2cc(I)ccc21,-6.0019236,-6.649123,-5.3647437,-6.005263433333333
CCCC[N+]1=C(/C=C/C(I)=C/C=C2/N(Cc3ccccc3)c3ccc(I)cc3C2(C)C)C(C)(C)c2cc(I)ccc21,-5.7684503,-6.0985956,-5.4605594,-5.775868433333334
CCCC[N+]1=C(/C=C/C(I)=C/C=C2/N(Cc3ccsc3)c3ccc(I)cc3C2(C)C)C(C)(C)c2cc(I)ccc21,-5.756932,-6.0498996,-5.4499965,-5.752276033333334
CCN1/C(=C/C=C(I)/C=C/C2=[N+](CCCCN)c3ccccc3C2(C)C)C(C)(C)c2cc(I)ccc21,-5.6923995,-6.5203757,-5.731353,-5.981376066666667
CCCCN1/C(=C/C=C(I)/C=C/C2=[N+](CCCCN)c3ccccc3C2(C)C)C(C)(C)c2cc(I)ccc21,-5.686318,-6.537968,-5.7354903,-5.9865921
CC1(C)C(/C=C/C(I)=C/C=C2/N(CCCCN)c3ccc(I)cc3C2(C)C)=[N+](CCCCN)c2ccccc21,-5.5893626,-6.991933,-6.066477,-6.2159242
CC1(C)C(/C=C/C(I)=C/C=C2/N(CCCCO)c3ccc(I)cc3C2(C)C)=[N+](CCCCN)c2ccccc21,-5.6503625,-6.710488,-5.805008,-6.055286166666666
CC[N+](CC)(CC)CCCCN1/C(=C/C=C(I)/C=C/C2=[N+](CCCCN)c3ccccc3C2(C)C)C(C)(C)c2cc(I)ccc21,-5.933965,-7.2215524,-6.0524507,-6.402656033333334
CC1(C)C(/C=C/C(I)=C/C=C2/N(CCCCS(=O)(=O)O)c3ccc(I)cc3C2(C)C)=[N+](CCCCN)c2ccccc21,-5.874867,-7.1903296,-5.6908917,-6.252029433333334
CC1(C)C(/C=C/C(I)=C/C=C2/N(Cc3ccccc3)c3ccc(I)cc3C2(C)C)=[N+](CCCCN)c2ccccc21,-5.686747,-6.6033926,-5.756497,-6.015545533333333
CC1(C)C(/C=C/C(I)=C/C=C2/N(Cc3ccsc3)c3ccc(I)cc3C2(C)C)=[N+](CCCCN)c2ccccc21,-5.673814,-6.55703,-5.750027,-5.993623666666667
CCN1/C(=C/C=C(I)/C=C/C2=[N+](CCCCN)c3ccc(Br)cc3C2(C)C)C(C)(C)c2cc(I)ccc21,-5.6402783,-6.566704,-5.799173,-6.002051766666667
CCCCN1/C(=C/C=C(I)/C=C/C2=[N+](CCCCN)c3ccc(Br)cc3C2(C)C)C(C)(C)c2cc(I)ccc21,-5.6361947,-6.5838346,-5.8046613,-6.0082302
CC1(C)C(/C=C/C(I)=C/C=C2/N(CCCCN)c3ccc(I)cc3C2(C)C)=[N+](CCCCN)c2ccc(Br)cc21,-5.5686507,-7.0397873,-6.1367235,-6.248387166666667
CC1(C)C(/C=C/C(I)=C/C=C2/N(CCCCO)c3ccc(I)cc3C2(C)C)=[N+](CCCCN)c2ccc(Br)cc21,-5.600094,-6.7528267,-5.878692,-6.077204233333333
CC[N+](CC)(CC)CCCCN1/C(=C/C=C(I)/C=C/C2=[N+](CCCCN)c3ccc(Br)cc3C2(C)C)C(C)(C)c2cc(I)ccc21,-5.8727446,-7.285179,-6.134855,-6.430926199999999
CC1(C)C(/C=C/C(I)=C/C=C2/N(CCCCS(=O)(=O)O)c3ccc(I)cc3C2(C)C)=[N+](CCCCN)c2ccc(Br)cc21,-5.818086,-7.2115993,-5.772636,-6.267440433333334
CC1(C)C(/C=C/C(I)=C/C=C2/N(Cc3ccccc3)c3ccc(I)cc3C2(C)C)=[N+](CCCCN)c2ccc(Br)cc21,-5.6320963,-6.6483316,-5.828507,-6.036311633333334
CC1(C)C(/C=C/C(I)=C/C=C2/N(Cc3ccsc3)c3ccc(I)cc3C2(C)C)=[N+](CCCCN)c2ccc(Br)cc21,-5.6239357,-6.604544,-5.8167553,-6.015078333333332
CCN1/C(=C/C=C(I)/C=C/C2=[N+](CCCCN)c3ccc(I)cc3C2(C)C)C(C)(C)c2cc(I)ccc21,-5.676396,-6.435163,-5.7155023,-5.942353766666667
CCCCN1/C(=C/C=C(I)/C=C/C2=[N+](CCCCN)c3ccc(I)cc3C2(C)C)C(C)(C)c2cc(I)ccc21,-5.6690354,-6.452866,-5.7208424,-5.947581266666667
CC1(C)C(/C=C/C(I)=C/C=C2/N(CCCCN)c3ccc(I)cc3C2(C)C)=[N+](CCCCN)c2ccc(I)cc21,-5.576607,-6.886888,-6.0282826,-6.163925866666666
CC1(C)C(/C=C/C(I)=C/C=C2/N(CCCCO)c3ccc(I)cc3C2(C)C)=[N+](CCCCN)c2ccc(I)cc21,-5.637489,-6.6097713,-5.785821,-6.0110271
CC[N+](CC)(CC)CCCCN1/C(=C/C=C(I)/C=C/C2=[N+](CCCCN)c3ccc(I)cc3C2(C)C)C(C)(C)c2cc(I)ccc21,-5.927231,-7.1137495,-6.024314,-6.355098166666667
CC1(C)C(/C=C/C(I)=C/C=C2/N(CCCCS(=O)(=O)O)c3ccc(I)cc3C2(C)C)=[N+](CCCCN)c2ccc(I)cc21,-5.865945,-7.0851264,-5.673149,-6.208073466666666
CC1(C)C(/C=C/C(I)=C/C=C2/N(Cc3ccccc3)c3ccc(I)cc3C2(C)C)=[N+](CCCCN)c2ccc(I)cc21,-5.672807,-6.511774,-5.739089,-5.974556666666667
CC1(C)C(/C=C/C(I)=C/C=C2/N(Cc3ccsc3)c3ccc(I)cc3C2(C)C)=[N+](CCCCN)c2ccc(I)cc21,-5.659639,-6.469161,-5.7328777,-5.953892566666667
CCN1/C(=C/C=C(I)/C=C/C2=[N+](CCCCO)c3ccccc3C2(C)C)C(C)(C)c2cc(I)ccc21,-5.7723193,-6.2133427,-5.471263,-5.818975000000001
CCCCN1/C(=C/C=C(I)/C=C/C2=[N+](CCCCO)c3ccccc3C2(C)C)C(C)(C)c2cc(I)ccc21,-5.765977,-6.2388525,-5.477705,-5.8275115
CC1(C)C(/C=C/C(I)=C/C=C2/N(CCCCN)c3ccc(I)cc3C2(C)C)=[N+](CCCCO)c2ccccc21,-5.659355,-6.6549582,-5.773161,-6.0291580666666675
CC1(C)C(/C=C/C(I)=C/C=C2/N(CCCCO)c3ccc(I)cc3C2(C)C)=[N+](CCCCO)c2ccccc21,-5.7345634,-6.422103,-5.5390153,-5.898560566666666
CC[N+](CC)(CC)CCCCN1/C(=C/C=C(I)/C=C/C2=[N+](CCCCO)c3ccccc3C2(C)C)C(C)(C)c2cc(I)ccc21,-6.050687,-6.8761234,-5.7428975,-6.223235966666667
CC1(C)C(/C=C/C(I)=C/C=C2/N(CCCCS(=O)(=O)O)c3ccc(I)cc3C2(C)C)=[N+](CCCCO)c2ccccc21,-5.977797,-6.9207373,-5.4189677,-6.105833999999999
CC1(C)C(/C=C/C(I)=C/C=C2/N(Cc3ccccc3)c3ccc(I)cc3C2(C)C)=[N+](CCCCO)c2ccccc21,-5.765588,-6.3181796,-5.5083055,-5.8640243666666665
CC1(C)C(/C=C/C(I)=C/C=C2/N(Cc3ccsc3)c3ccc(I)cc3C2(C)C)=[N+](CCCCO)c2ccccc21,-5.753585,-6.265255,-5.500575,-5.839805000000001
CCN1/C(=C/C=C(I)/C=C/C2=[N+](CCCCO)c3ccc(Br)cc3C2(C)C)C(C)(C)c2cc(I)ccc21,-5.721125,-6.2773614,-5.5542254,-5.850903933333334
CCCCN1/C(=C/C=C(I)/C=C/C2=[N+](CCCCO)c3ccc(Br)cc3C2(C)C)C(C)(C)c2cc(I)ccc21,-5.714267,-6.297174,-5.558995,-5.856812000000001
CC1(C)C(/C=C/C(I)=C/C=C2/N(CCCCN)c3ccc(I)cc3C2(C)C)=[N+](CCCCO)c2ccc(Br)cc21,-5.6082654,-6.696493,-5.847419,-6.0507257999999995
CC1(C)C(/C=C/C(I)=C/C=C2/N(CCCCO)c3ccc(I)cc3C2(C)C)=[N+](CCCCO)c2ccc(Br)cc21,-5.6880546,-6.466778,-5.6191926,-5.924675066666666
CC[N+](CC)(CC)CCCCN1/C(=C/C=C(I)/C=C/C2=[N+](CCCCO)c3ccc(Br)cc3C2(C)C)C(C)(C)c2cc(I)ccc21,-5.9955597,-6.935706,-5.8296785,-6.253648066666667
CC1(C)C(/C=C/C(I)=C/C=C2/N(CCCCS(=O)(=O)O)c3ccc(I)cc3C2(C)C)=[N+](CCCCO)c2ccc(Br)cc21,-5.9238644,-6.958967,-5.4963098,-6.1263803999999995
CC1(C)C(/C=C/C(I)=C/C=C2/N(Cc3ccccc3)c3ccc(I)cc3C2(C)C)=[N+](CCCCO)c2ccc(Br)cc21,-5.713633,-6.371915,-5.586479,-5.890675666666667
CC1(C)C(/C=C/C(I)=C/C=C2/N(Cc3ccsc3)c3ccc(I)cc3C2(C)C)=[N+](CCCCO)c2ccc(Br)cc21,-5.7021527,-6.3284707,-5.5819325,-5.870851966666667
CCN1/C(=C/C=C(I)/C=C/C2=[N+](CCCCO)c3ccc(I)cc3C2(C)C)C(C)(C)c2cc(I)ccc21,-5.756741,-6.1187243,-5.4569154,-5.777460233333334
CCCCN1/C(=C/C=C(I)/C=C/C2=[N+](CCCCO)c3ccc(I)cc3C2(C)C)C(C)(C)c2cc(I)ccc21,-5.749509,-6.143059,-5.4630055,-5.785191166666667
CC1(C)C(/C=C/C(I)=C/C=C2/N(CCCCN)c3ccc(I)cc3C2(C)C)=[N+](CCCCO)c2ccc(I)cc21,-5.646377,-6.554369,-5.7538033,-5.984849766666667
CC1(C)C(/C=C/C(I)=C/C=C2/N(CCCCO)c3ccc(I)cc3C2(C)C)=[N+](CCCCO)c2ccc(I)cc21,-5.7241864,-6.3198476,-5.5229573,-5.855663766666666
CC[N+](CC)(CC)CCCCN1/C(=C/C=C(I)/C=C/C2=[N+](CCCCO)c3ccc(I)cc3C2(C)C)C(C)(C)c2cc(I)ccc21,-6.037845,-6.7727127,-5.7209797,-6.1771791333333335
CC1(C)C(/C=C/C(I)=C/C=C2/N(CCCCS(=O)(=O)O)c3ccc(I)cc3C2(C)C)=[N+](CCCCO)c2ccc(I)cc21,-5.972735,-6.8104877,-5.4018764,-6.061699699999999
CC1(C)C(/C=C/C(I)=C/C=C2/N(Cc3ccccc3)c3ccc(I)cc3C2(C)C)=[N+](CCCCO)c2ccc(I)cc21,-5.749747,-6.2205076,-5.4925528,-5.820935800000001
CC1(C)C(/C=C/C(I)=C/C=C2/N(Cc3ccsc3)c3ccc(I)cc3C2(C)C)=[N+](CCCCO)c2ccc(I)cc21,-5.7379274,-6.168931,-5.48522,-5.797359466666667
CCN1/C(=C/C=C(I)/C=C/C2=[N+](CCCC[N+](CC)(CC)CC)c3ccccc3C2(C)C)C(C)(C)c2cc(I)ccc21,-6.0888634,-6.675957,-5.6721315,-6.145650633333333
CCCCN1/C(=C/C=C(I)/C=C/C2=[N+](CCCC[N+](CC)(CC)CC)c3ccccc3C2(C)C)C(C)(C)c2cc(I)ccc21,-6.0744877,-6.705842,-5.6837287,-6.154686133333333
CC[N+](CC)(CC)CCCC[N+]1=C(/C=C/C(I)=C/C=C2/N(CCCCN)c3ccc(I)cc3C2(C)C)C(C)(C)c2ccccc21,-5.9426675,-7.1795063,-6.02768,-6.3832846
CC[N+](CC)(CC)CCCC[N+]1=C(/C=C/C(I)=C/C=C2/N(CCCCO)c3ccc(I)cc3C2(C)C)C(C)(C)c2ccccc21,-6.0494704,-6.8977313,-5.754892,-6.234031233333333
CC[N+](CC)(CC)CCCCN1/C(=C/C=C(I)/C=C/C2=[N+](CCCC[N+](CC)(CC)CC)c3ccccc3C2(C)C)C(C)(C)c2cc(I)ccc21,-6.2733755,-7.4117393,-6.0016336,-6.562249466666667
CC[N+](CC)(CC)CCCC[N+]1=C(/C=C/C(I)=C/C=C2/N(CCCCS(=O)(=O)O)c3ccc(I)cc3C2(C)C)C(C)(C)c2ccccc21,-6.252594,-7.4282627,-5.683069,-6.4546418999999995
CC[N+](CC)(CC)CCCC[N+]1=C(/C=C/C(I)=C/C=C2/N(Cc3ccccc3)c3ccc(I)cc3C2(C)C)C(C)(C)c2ccccc21,-6.082891,-6.770331,-5.70485,-6.186024
CC[N+](CC)(CC)CCCC[N+]1=C(/C=C/C(I)=C/C=C2/N(Cc3ccsc3)c3ccc(I)cc3C2(C)C)C(C)(C)c2ccccc21,-6.075816,-6.721191,-5.696214,-6.164407000000001
CCN1/C(=C/C=C(I)/C=C/C2=[N+](CCCC[N+](CC)(CC)CC)c3ccc(Br)cc3C2(C)C)C(C)(C)c2cc(I)ccc21,-6.039045,-6.73083,-5.7506027,-6.173492566666667
CCCCN1/C(=C/C=C(I)/C=C/C2=[N+](CCCC[N+](CC)(CC)CC)c3ccc(Br)cc3C2(C)C)C(C)(C)c2cc(I)ccc21,-6.0247936,-6.7595935,-5.7613034,-6.181896833333333
CC[N+](CC)(CC)CCCC[N+]1=C(/C=C/C(I)=C/C=C2/N(CCCCN)c3ccc(I)cc3C2(C)C)C(C)(C)c2cc(Br)ccc21,-5.8820252,-7.242378,-6.1103826,-6.411595266666667
CC[N+](CC)(CC)CCCC[N+]1=C(/C=C/C(I)=C/C=C2/N(CCCCO)c3ccc(I)cc3C2(C)C)C(C)(C)c2cc(Br)ccc21,-5.993003,-6.9575796,-5.841992,-6.264191533333334
CC[N+](CC)(CC)CCCCN1/C(=C/C=C(I)/C=C/C2=[N+](CCCC[N+](CC)(CC)CC)c3ccc(Br)cc3C2(C)C)C(C)(C)c2cc(I)ccc21,-6.207736,-7.4705367,-6.0853705,-6.587881066666667
CC[N+](CC)(CC)CCCC[N+]1=C(/C=C/C(I)=C/C=C2/N(CCCCS(=O)(=O)O)c3ccc(I)cc3C2(C)C)C(C)(C)c2cc(Br)ccc21,-6.1888847,-7.479189,-5.778058,-6.482043900000001
CC[N+](CC)(CC)CCCC[N+]1=C(/C=C/C(I)=C/C=C2/N(Cc3ccccc3)c3ccc(I)cc3C2(C)C)C(C)(C)c2cc(Br)ccc21,-6.0319533,-6.8248057,-5.783552,-6.213437
CC[N+](CC)(CC)CCCC[N+]1=C(/C=C/C(I)=C/C=C2/N(Cc3ccsc3)c3ccc(I)cc3C2(C)C)C(C)(C)c2cc(Br)ccc21,-6.024999,-6.775539,-5.774028,-6.191522
CCN1/C(=C/C=C(I)/C=C/C2=[N+](CCCC[N+](CC)(CC)CC)c3ccc(I)cc3C2(C)C)C(C)(C)c2cc(I)ccc21,-6.0777655,-6.5769625,-5.651381,-6.102036333333333
CCCCN1/C(=C/C=C(I)/C=C/C2=[N+](CCCC[N+](CC)(CC)CC)c3ccc(I)cc3C2(C)C)C(C)(C)c2cc(I)ccc21,-6.0626206,-6.606197,-5.663539,-6.110785533333334
CC[N+](CC)(CC)CCCC[N+]1=C(/C=C/C(I)=C/C=C2/N(CCCCN)c3ccc(I)cc3C2(C)C)C(C)(C)c2cc(I)ccc21,-5.9370575,-7.0717945,-5.999744,-6.336198666666667
CC[N+](CC)(CC)CCCC[N+]1=C(/C=C/C(I)=C/C=C2/N(CCCCO)c3ccc(I)cc3C2(C)C)C(C)(C)c2cc(I)ccc21,-6.0361967,-6.793989,-5.732973,-6.187719566666666
CC[N+](CC)(CC)CCCCN1/C(=C/C=C(I)/C=C/C2=[N+](CCCC[N+](CC)(CC)CC)c3ccc(I)cc3C2(C)C)C(C)(C)c2cc(I)ccc21,-6.269166,-7.3088293,-5.975095,-6.517696766666667
CC[N+](CC)(CC)CCCC[N+]1=C(/C=C/C(I)=C/C=C2/N(CCCCS(=O)(=O)O)c3ccc(I)cc3C2(C)C)C(C)(C)c2cc(I)ccc21,-6.24922,-7.3152366,-5.661266,-6.4085742
CC[N+](CC)(CC)CCCC[N+]1=C(/C=C/C(I)=C/C=C2/N(Cc3ccccc3)c3ccc(I)cc3C2(C)C)C(C)(C)c2cc(I)ccc21,-6.0706925,-6.671154,-5.6854367,-6.142427733333332
CC[N+](CC)(CC)CCCC[N+]1=C(/C=C/C(I)=C/C=C2/N(Cc3ccsc3)c3ccc(I)cc3C2(C)C)C(C)(C)c2cc(I)ccc21,-6.0636086,-6.6223764,-5.676605,-6.120863333333333
CCN1/C(=C/C=C(I)/C=C/C2=[N+](CCCCS(=O)(=O)O)c3ccccc3C2(C)C)C(C)(C)c2cc(I)ccc21,-6.035661,-6.7488914,-5.375697,-6.053416466666666
CCCCN1/C(=C/C=C(I)/C=C/C2=[N+](CCCCS(=O)(=O)O)c3ccccc3C2(C)C)C(C)(C)c2cc(I)ccc21,-6.011052,-6.7708855,-5.3819904,-6.054642633333334
CC1(C)C(/C=C/C(I)=C/C=C2/N(CCCCN)c3ccc(I)cc3C2(C)C)=[N+](CCCCS(=O)(=O)O)c2ccccc21,-5.8771,-7.182913,-5.6798987,-6.246637233333334
CC1(C)C(/C=C/C(I)=C/C=C2/N(CCCCO)c3ccc(I)cc3C2(C)C)=[N+](CCCCS(=O)(=O)O)c2ccccc21,-5.9675784,-6.976492,-5.439234,-6.127768133333333
CC[N+](CC)(CC)CCCCN1/C(=C/C=C(I)/C=C/C2=[N+](CCCCS(=O)(=O)O)c3ccccc3C2(C)C)C(C)(C)c2cc(I)ccc21,-6.245087,-7.4562893,-5.6938696,-6.465081966666666
CC1(C)C(/C=C/C(I)=C/C=C2/N(CCCCS(=O)(=O)O)c3ccc(I)cc3C2(C)C)=[N+](CCCCS(=O)(=O)O)c2ccccc21,-6.0819855,-7.5015306,-5.3921866,-6.325234233333333
CC1(C)C(/C=C/C(I)=C/C=C2/N(Cc3ccccc3)c3ccc(I)cc3C2(C)C)=[N+](CCCCS(=O)(=O)O)c2ccccc21,-6.022017,-6.84454,-5.403573,-6.090043333333334
CC1(C)C(/C=C/C(I)=C/C=C2/N(Cc3ccsc3)c3ccc(I)cc3C2(C)C)=[N+](CCCCS(=O)(=O)O)c2ccccc21,-6.0168867,-6.7967753,-5.397694,-6.070452
CCN1/C(=C/C=C(I)/C=C/C2=[N+](CCCCS(=O)(=O)O)c3ccc(Br)cc3C2(C)C)C(C)(C)c2cc(I)ccc21,-5.9781833,-6.78887,-5.4443574,-6.070470233333334
CCCCN1/C(=C/C=C(I)/C=C/C2=[N+](CCCCS(=O)(=O)O)c3ccc(Br)cc3C2(C)C)C(C)(C)c2cc(I)ccc21,-5.955525,-6.8056765,-5.4476423,-6.069614599999999
CC1(C)C(/C=C/C(I)=C/C=C2/N(CCCCN)c3ccc(I)cc3C2(C)C)=[N+](CCCCS(=O)(=O)O)c2ccc(Br)cc21,-5.8198557,-7.2068186,-5.76237,-6.263014766666667
CC1(C)C(/C=C/C(I)=C/C=C2/N(CCCCO)c3ccc(I)cc3C2(C)C)=[N+](CCCCS(=O)(=O)O)c2ccc(Br)cc21,-5.917331,-7.0084915,-5.516726,-6.147516166666667
CC[N+](CC)(CC)CCCCN1/C(=C/C=C(I)/C=C/C2=[N+](CCCCS(=O)(=O)O)c3ccc(Br)cc3C2(C)C)C(C)(C)c2cc(I)ccc21,-6.1821003,-7.5105543,-5.7914743,-6.494709633333334
CC1(C)C(/C=C/C(I)=C/C=C2/N(CCCCS(=O)(=O)O)c3ccc(I)cc3C2(C)C)=[N+](CCCCS(=O)(=O)O)c2ccc(Br)cc21,-6.0534267,-7.5091276,-5.4589868,-6.3405137
CC1(C)C(/C=C/C(I)=C/C=C2/N(Cc3ccccc3)c3ccc(I)cc3C2(C)C)=[N+](CCCCS(=O)(=O)O)c2ccc(Br)cc21,-5.964083,-6.873148,-5.4701657,-6.102465566666666
CC1(C)C(/C=C/C(I)=C/C=C2/N(Cc3ccsc3)c3ccc(I)cc3C2(C)C)=[N+](CCCCS(=O)(=O)O)c2ccc(Br)cc21,-5.960259,-6.8344183,-5.4660525,-6.086909933333334
CCN1/C(=C/C=C(I)/C=C/C2=[N+](CCCCS(=O)(=O)O)c3ccc(I)cc3C2(C)C)C(C)(C)c2cc(I)ccc21,-6.0250993,-6.646861,-5.3639054,-6.011955233333334
CCCCN1/C(=C/C=C(I)/C=C/C2=[N+](CCCCS(=O)(=O)O)c3ccc(I)cc3C2(C)C)C(C)(C)c2cc(I)ccc21,-6.000517,-6.668246,-5.3702703,-6.0130111
CC1(C)C(/C=C/C(I)=C/C=C2/N(CCCCN)c3ccc(I)cc3C2(C)C)=[N+](CCCCS(=O)(=O)O)c2ccc(I)cc21,-5.8678536,-7.07769,-5.662264,-6.202602533333334
CC1(C)C(/C=C/C(I)=C/C=C2/N(CCCCO)c3ccc(I)cc3C2(C)C)=[N+](CCCCS(=O)(=O)O)c2ccc(I)cc21,-5.9621143,-6.8619947,-5.4204497,-6.081519566666667
CC[N+](CC)(CC)CCCCN1/C(=C/C=C(I)/C=C/C2=[N+](CCCCS(=O)(=O)O)c3ccc(I)cc3C2(C)C)C(C)(C)c2cc(I)ccc21,-6.2422943,-7.342809,-5.6729,-6.419334433333333
CC1(C)C(/C=C/C(I)=C/C=C2/N(CCCCS(=O)(=O)O)c3ccc(I)cc3C2(C)C)=[N+](CCCCS(=O)(=O)O)c2ccc(I)cc21,-6.0889325,-7.3864408,-5.377369,-6.284247433333334
CC1(C)C(/C=C/C(I)=C/C=C2/N(Cc3ccccc3)c3ccc(I)cc3C2(C)C)=[N+](CCCCS(=O)(=O)O)c2ccc(I)cc21,-6.012888,-6.733595,-5.3896794,-6.045387466666668
CC1(C)C(/C=C/C(I)=C/C=C2/N(Cc3ccsc3)c3ccc(I)cc3C2(C)C)=[N+](CCCCS(=O)(=O)O)c2ccc(I)cc21,-6.006813,-6.6932874,-5.3857307,-6.028610366666666
CCN1/C(=C/C=C(I)/C=C/C2=[N+](Cc3ccccc3)c3ccccc3C2(C)C)C(C)(C)c2cc(I)ccc21,-5.804609,-6.224116,-5.476282,-5.8350023333333345
CCCCN1/C(=C/C=C(I)/C=C/C2=[N+](Cc3ccccc3)c3ccccc3C2(C)C)C(C)(C)c2cc(I)ccc21,-5.7994714,-6.24915,-5.481919,-5.843513466666667
CC1(C)C(/C=C/C(I)=C/C=C2/N(CCCCN)c3ccc(I)cc3C2(C)C)=[N+](Cc2ccccc2)c2ccccc21,-5.703258,-6.665518,-5.7643356,-6.044370533333333
CC1(C)C(/C=C/C(I)=C/C=C2/N(CCCCO)c3ccc(I)cc3C2(C)C)=[N+](Cc2ccccc2)c2ccccc21,-5.7760005,-6.426552,-5.5380025,-5.913518333333333
CC[N+](CC)(CC)CCCCN1/C(=C/C=C(I)/C=C/C2=[N+](Cc3ccccc3)c3ccccc3C2(C)C)C(C)(C)c2cc(I)ccc21,-6.089896,-6.874216,-5.7313747,-6.2318289
CC1(C)C(/C=C/C(I)=C/C=C2/N(CCCCS(=O)(=O)O)c3ccc(I)cc3C2(C)C)=[N+](Cc2ccccc2)c2ccccc21,-6.0378623,-6.9462643,-5.412713,-6.132279866666667
CC1(C)C(/C=C/C(I)=C/C=C2/N(Cc3ccccc3)c3ccc(I)cc3C2(C)C)=[N+](Cc2ccccc2)c2ccccc21,-5.80411,-6.3335967,-5.514537,-5.884081233333333
CC1(C)C(/C=C/C(I)=C/C=C2/N(Cc3ccsc3)c3ccc(I)cc3C2(C)C)=[N+](Cc2ccccc2)c2ccccc21,-5.7898855,-6.2768464,-5.5061827,-5.8576382
CCN1/C(=C/C=C(I)/C=C/C2=[N+](Cc3ccccc3)c3ccc(Br)cc3C2(C)C)C(C)(C)c2cc(I)ccc21,-5.7638354,-6.2864366,-5.5531487,-5.867806900000001
CCCCN1/C(=C/C=C(I)/C=C/C2=[N+](Cc3ccccc3)c3ccc(Br)cc3C2(C)C)C(C)(C)c2cc(I)ccc21,-5.756855,-6.3065743,-5.558102,-5.873843766666667
CC1(C)C(/C=C/C(I)=C/C=C2/N(CCCCN)c3ccc(I)cc3C2(C)C)=[N+](Cc2ccccc2)c2ccc(Br)cc21,-5.6439147,-6.7093205,-5.8431225,-6.065452566666667
CC1(C)C(/C=C/C(I)=C/C=C2/N(CCCCO)c3ccc(I)cc3C2(C)C)=[N+](Cc2ccccc2)c2ccc(Br)cc21,-5.7173986,-6.478868,-5.618306,-5.938190866666667
CC[N+](CC)(CC)CCCCN1/C(=C/C=C(I)/C=C/C2=[N+](Cc3ccccc3)c3ccc(Br)cc3C2(C)C)C(C)(C)c2cc(I)ccc21,-6.039,-6.929199,-5.815519,-6.261239333333333
CC1(C)C(/C=C/C(I)=C/C=C2/N(CCCCS(=O)(=O)O)c3ccc(I)cc3C2(C)C)=[N+](Cc2ccccc2)c2ccc(Br)cc21,-5.980339,-6.970932,-5.483667,-6.144979333333333
CC1(C)C(/C=C/C(I)=C/C=C2/N(Cc3ccccc3)c3ccc(I)cc3C2(C)C)=[N+](Cc2ccccc2)c2ccc(Br)cc21,-5.7597528,-6.3869452,-5.5873747,-5.911357566666666
CC1(C)C(/C=C/C(I)=C/C=C2/N(Cc3ccsc3)c3ccc(I)cc3C2(C)C)=[N+](Cc2ccccc2)c2ccc(Br)cc21,-5.74863,-6.3375325,-5.580133,-5.8887651666666665
CCN1/C(=C/C=C(I)/C=C/C2=[N+](Cc3ccccc3)c3ccc(I)cc3C2(C)C)C(C)(C)c2cc(I)ccc21,-5.7887697,-6.130424,-5.4638114,-5.794335033333333
CCCCN1/C(=C/C=C(I)/C=C/C2=[N+](Cc3ccccc3)c3ccc(I)cc3C2(C)C)C(C)(C)c2cc(I)ccc21,-5.783245,-6.1551514,-5.4692674,-5.802554600000001
CC1(C)C(/C=C/C(I)=C/C=C2/N(CCCCN)c3ccc(I)cc3C2(C)C)=[N+](Cc2ccccc2)c2ccc(I)cc21,-5.6892486,-6.5664263,-5.7470565,-6.000910466666666
CC1(C)C(/C=C/C(I)=C/C=C2/N(CCCCO)c3ccc(I)cc3C2(C)C)=[N+](Cc2ccccc2)c2ccc(I)cc21,-5.760657,-6.323122,-5.521985,-5.868588
CC[N+](CC)(CC)CCCCN1/C(=C/C=C(I)/C=C/C2=[N+](Cc3ccccc3)c3ccc(I)cc3C2(C)C)C(C)(C)c2cc(I)ccc21,-6.077076,-6.773035,-5.713004,-6.187705
CC1(C)C(/C=C/C(I)=C/C=C2/N(CCCCS(=O)(=O)O)c3ccc(I)cc3C2(C)C)=[N+](Cc2ccccc2)c2ccc(I)cc21,-6.033411,-6.8226867,-5.3952622,-6.083786633333333
CC1(C)C(/C=C/C(I)=C/C=C2/N(Cc3ccccc3)c3ccc(I)cc3C2(C)C)=[N+](Cc2ccccc2)c2ccc(I)cc21,-5.787603,-6.235108,-5.5003705,-5.841027166666667
CC1(C)C(/C=C/C(I)=C/C=C2/N(Cc3ccsc3)c3ccc(I)cc3C2(C)C)=[N+](Cc2ccccc2)c2ccc(I)cc21,-5.774266,-6.181616,-5.492216,-5.816032666666666
CCN1/C(=C/C=C(I)/C=C/C2=[N+](Cc3ccsc3)c3ccccc3C2(C)C)C(C)(C)c2cc(I)ccc21,-5.7970533,-6.1780896,-5.4625387,-5.812560533333333
CCCCN1/C(=C/C=C(I)/C=C/C2=[N+](Cc3ccsc3)c3ccccc3C2(C)C)C(C)(C)c2cc(I)ccc21,-5.791691,-6.203523,-5.468237,-5.821150333333333
CC1(C)C(/C=C/C(I)=C/C=C2/N(CCCCN)c3ccc(I)cc3C2(C)C)=[N+](Cc2ccsc2)c2ccccc21,-5.696835,-6.6251736,-5.7548656,-6.025624733333333
CC1(C)C(/C=C/C(I)=C/C=C2/N(CCCCO)c3ccc(I)cc3C2(C)C)=[N+](Cc2ccsc2)c2ccccc21,-5.771304,-6.3790574,-5.524048,-5.891469799999999
CC[N+](CC)(CC)CCCCN1/C(=C/C=C(I)/C=C/C2=[N+](Cc3ccsc3)c3ccccc3C2(C)C)C(C)(C)c2cc(I)ccc21,-6.0870085,-6.8325176,-5.718263,-6.212596366666666
CC1(C)C(/C=C/C(I)=C/C=C2/N(CCCCS(=O)(=O)O)c3ccc(I)cc3C2(C)C)=[N+](Cc2ccsc2)c2ccccc21,-6.0408087,-6.904483,-5.4002666,-6.1151861
CC1(C)C(/C=C/C(I)=C/C=C2/N(Cc3ccccc3)c3ccc(I)cc3C2(C)C)=[N+](Cc2ccsc2)c2ccccc21,-5.7947435,-6.2833786,-5.500763,-5.859628366666667
CC1(C)C(/C=C/C(I)=C/C=C2/N(Cc3ccsc3)c3ccc(I)cc3C2(C)C)=[N+](Cc2ccsc2)c2ccccc21,-5.7822104,-6.22929,-5.491862,-5.834454133333334
CCN1/C(=C/C=C(I)/C=C/C2=[N+](Cc3ccsc3)c3ccc(Br)cc3C2(C)C)C(C)(C)c2cc(I)ccc21,-5.756433,-6.240707,-5.539851,-5.845663666666667
CCCCN1/C(=C/C=C(I)/C=C/C2=[N+](Cc3ccsc3)c3ccc(Br)cc3C2(C)C)C(C)(C)c2cc(I)ccc21,-5.7495003,-6.26216,-5.5458226,-5.8524943
CC1(C)C(/C=C/C(I)=C/C=C2/N(CCCCN)c3ccc(I)cc3C2(C)C)=[N+](Cc2ccsc2)c2ccc(Br)cc21,-5.6399026,-6.6686983,-5.8298326,-6.0461445
CC1(C)C(/C=C/C(I)=C/C=C2/N(CCCCO)c3ccc(I)cc3C2(C)C)=[N+](Cc2ccsc2)c2ccc(Br)cc21,-5.7122145,-6.4387903,-5.6085205,-5.919841766666667
CC[N+](CC)(CC)CCCCN1/C(=C/C=C(I)/C=C/C2=[N+](Cc3ccsc3)c3ccc(Br)cc3C2(C)C)C(C)(C)c2cc(I)ccc21,-6.036742,-6.887479,-5.800779,-6.241666666666667
CC1(C)C(/C=C/C(I)=C/C=C2/N(CCCCS(=O)(=O)O)c3ccc(I)cc3C2(C)C)=[N+](Cc2ccsc2)c2ccc(Br)cc21,-5.9827933,-6.934146,-5.472594,-6.129844433333333
CC1(C)C(/C=C/C(I)=C/C=C2/N(Cc3ccccc3)c3ccc(I)cc3C2(C)C)=[N+](Cc2ccsc2)c2ccc(Br)cc21,-5.7536235,-6.3423357,-5.574829,-5.8902627333333335
CC1(C)C(/C=C/C(I)=C/C=C2/N(Cc3ccsc3)c3ccc(I)cc3C2(C)C)=[N+](Cc2ccsc2)c2ccc(Br)cc21,-5.741942,-6.2939744,-5.5682597,-5.8680587
CCN1/C(=C/C=C(I)/C=C/C2=[N+](Cc3ccsc3)c3ccc(I)cc3C2(C)C)C(C)(C)c2cc(I)ccc21,-5.7818637,-6.0863895,-5.449254,-5.7725024000000005
CCCCN1/C(=C/C=C(I)/C=C/C2=[N+](Cc3ccsc3)c3ccc(I)cc3C2(C)C)C(C)(C)c2cc(I)ccc21,-5.7757964,-6.109883,-5.45572,-5.780466466666667
CC1(C)C(/C=C/C(I)=C/C=C2/N(CCCCN)c3ccc(I)cc3C2(C)C)=[N+](Cc2ccsc2)c2ccc(I)cc21,-5.681468,-6.528454,-5.7369757,-5.982299233333333
CC1(C)C(/C=C/C(I)=C/C=C2/N(CCCCO)c3ccc(I)cc3C2(C)C)=[N+](Cc2ccsc2)c2ccc(I)cc21,-5.754184,-6.274687,-5.5078335,-5.845568166666666
CC[N+](CC)(CC)CCCCN1/C(=C/C=C(I)/C=C/C2=[N+](Cc3ccsc3)c3ccc(I)cc3C2(C)C)C(C)(C)c2cc(I)ccc21,-6.074199,-6.732425,-5.6996436,-6.168755866666667
CC1(C)C(/C=C/C(I)=C/C=C2/N(CCCCS(=O)(=O)O)c3ccc(I)cc3C2(C)C)=[N+](Cc2ccsc2)c2ccc(I)cc21,-6.0342994,-6.785453,-5.3849277,-6.0682267
CC1(C)C(/C=C/C(I)=C/C=C2/N(Cc3ccccc3)c3ccc(I)cc3C2(C)C)=[N+](Cc2ccsc2)c2ccc(I)cc21,-5.7785554,-6.1867003,-5.486999,-5.817418233333334
CC1(C)C(/C=C/C(I)=C/C=C2/N(Cc3ccsc3)c3ccc(I)cc3C2(C)C)=[N+](Cc2ccsc2)c2ccc(I)cc21,-5.7671165,-6.1371717,-5.4780517,-5.794113299999999
CCN1/C(=C/C=C(/C=C/C2=[N+](CC)c3ccccc3C2(C)C)c2c3ccccc3cc3ccccc23)C(C)(C)c2cc(I)ccc21,-5.7236805,-6.6892047,-5.7258215,-6.046235566666667
CCCCN1/C(=C/C=C(/C=C/C2=[N+](CC)c3ccccc3C2(C)C)c2c3ccccc3cc3ccccc23)C(C)(C)c2cc(I)ccc21,-5.721874,-6.71157,-5.7274737,-6.053639233333333
CC[N+]1=C(/C=C/C(=C/C=C2/N(CCCCN)c3ccc(I)cc3C2(C)C)c2c3ccccc3cc3ccccc23)C(C)(C)c2ccccc21,-5.6007724,-7.1587625,-6.06232,-6.273951633333333
CC[N+]1=C(/C=C/C(=C/C=C2/N(CCCCO)c3ccc(I)cc3C2(C)C)c2c3ccccc3cc3ccccc23)C(C)(C)c2ccccc21,-5.67789,-6.908013,-5.797411,-6.127771333333333
CC[N+]1=C(/C=C/C(=C/C=C2/N(CCCC[N+](CC)(CC)CC)c3ccc(I)cc3C2(C)C)c2c3ccccc3cc3ccccc23)C(C)(C)c2ccccc21,-5.9720707,-7.3959055,-6.043128,-6.4703680666666665
CC[N+]1=C(/C=C/C(=C/C=C2/N(CCCCS(=O)(=O)O)c3ccc(I)cc3C2(C)C)c2c3ccccc3cc3ccccc23)C(C)(C)c2ccccc21,-5.9080276,-7.4644437,-5.6918,-6.3547571000000005
CC[N+]1=C(/C=C/C(=C/C=C2/N(Cc3ccccc3)c3ccc(I)cc3C2(C)C)c2c3ccccc3cc3ccccc23)C(C)(C)c2ccccc21,-5.719167,-6.7910137,-5.7554727,-6.088551133333333
CC[N+]1=C(/C=C/C(=C/C=C2/N(Cc3ccsc3)c3ccc(I)cc3C2(C)C)c2c3ccccc3cc3ccccc23)C(C)(C)c2ccccc21,-5.707191,-6.7348957,-5.7501106,-6.064065766666666
CCN1/C(=C/C=C(/C=C/C2=[N+](CC)c3ccc(Br)cc3C2(C)C)c2c3ccccc3cc3ccccc23)C(C)(C)c2cc(I)ccc21,-5.6707997,-6.7235637,-5.8003707,-6.064911366666666
CCCCN1/C(=C/C=C(/C=C/C2=[N+](CC)c3ccc(Br)cc3C2(C)C)c2c3ccccc3cc3ccccc23)C(C)(C)c2cc(I)ccc21,-5.67139,-6.7454348,-5.803274,-6.0733662666666675
CC[N+]1=C(/C=C/C(=C/C=C2/N(CCCCN)c3ccc(I)cc3C2(C)C)c2c3ccccc3cc3ccccc23)C(C)(C)c2cc(Br)ccc21,-5.568475,-7.204706,-6.1449976,-6.306059533333333
CC[N+]1=C(/C=C/C(=C/C=C2/N(CCCCO)c3ccc(I)cc3C2(C)C)c2c3ccccc3cc3ccccc23)C(C)(C)c2cc(Br)ccc21,-5.6248755,-6.933838,-5.8753586,-6.144690700000001
CC[N+]1=C(/C=C/C(=C/C=C2/N(CCCC[N+](CC)(CC)CC)c3ccc(I)cc3C2(C)C)c2c3ccccc3cc3ccccc23)C(C)(C)c2cc(Br)ccc21,-5.9113474,-7.4542947,-6.1292224,-6.498288166666666
CC[N+]1=C(/C=C/C(=C/C=C2/N(CCCCS(=O)(=O)O)c3ccc(I)cc3C2(C)C)c2c3ccccc3cc3ccccc23)C(C)(C)c2cc(Br)ccc21,-5.849527,-7.4751215,-5.770828,-6.365158833333333
CC[N+]1=C(/C=C/C(=C/C=C2/N(Cc3ccccc3)c3ccc(I)cc3C2(C)C)c2c3ccccc3cc3ccccc23)C(C)(C)c2cc(Br)ccc21,-5.667101,-6.8196735,-5.830958,-6.105910833333333
CC[N+]1=C(/C=C/C(=C/C=C2/N(Cc3ccsc3)c3ccc(I)cc3C2(C)C)c2c3ccccc3cc3ccccc23)C(C)(C)c2cc(Br)ccc21,-5.6571755,-6.7661357,-5.821061,-6.081457400000001
CCN1/C(=C/C=C(/C=C/C2=[N+](CC)c3ccc(I)cc3C2(C)C)c2c3ccccc3cc3ccccc23)C(C)(C)c2cc(I)ccc21,-5.708357,-6.5907784,-5.7096567,-6.0029307
CCCCN1/C(=C/C=C(/C=C/C2=[N+](CC)c3ccc(I)cc3C2(C)C)c2c3ccccc3cc3ccccc23)C(C)(C)c2cc(I)ccc21,-5.705802,-6.6103854,-5.7128034,-6.0096636000000005
CC[N+]1=C(/C=C/C(=C/C=C2/N(CCCCN)c3ccc(I)cc3C2(C)C)c2c3ccccc3cc3ccccc23)C(C)(C)c2cc(I)ccc21,-5.5899196,-7.037886,-6.031859,-6.2198882
CC[N+]1=C(/C=C/C(=C/C=C2/N(CCCCO)c3ccc(I)cc3C2(C)C)c2c3ccccc3cc3ccccc23)C(C)(C)c2cc(I)ccc21,-5.666996,-6.7879677,-5.776476,-6.077146566666666
CC[N+]1=C(/C=C/C(=C/C=C2/N(CCCC[N+](CC)(CC)CC)c3ccc(I)cc3C2(C)C)c2c3ccccc3cc3ccccc23)C(C)(C)c2cc(I)ccc21,-5.965376,-7.2848296,-6.0157056,-6.4219704
CC[N+]1=C(/C=C/C(=C/C=C2/N(CCCCS(=O)(=O)O)c3ccc(I)cc3C2(C)C)c2c3ccccc3cc3ccccc23)C(C)(C)c2cc(I)ccc21,-5.902735,-7.3415794,-5.6691236,-6.304479333333333
CC[N+]1=C(/C=C/C(=C/C=C2/N(Cc3ccccc3)c3ccc(I)cc3C2(C)C)c2c3ccccc3cc3ccccc23)C(C)(C)c2cc(I)ccc21,-5.7079463,-6.684018,-5.7382536,-6.043405966666666
CC[N+]1=C(/C=C/C(=C/C=C2/N(Cc3ccsc3)c3ccc(I)cc3C2(C)C)c2c3ccccc3cc3ccccc23)C(C)(C)c2cc(I)ccc21,-5.696056,-6.6332054,-5.7310543,-6.020105233333333
CCCC[N+]1=C(/C=C/C(=C/C=C2/N(CC)c3ccc(I)cc3C2(C)C)c2c3ccccc3cc3ccccc23)C(C)(C)c2ccccc21,-5.706749,-6.7190137,-5.7430906,-6.056284433333334
CCCCN1/C(=C/C=C(/C=C/C2=[N+](CCCC)c3ccccc3C2(C)C)c2c3ccccc3cc3ccccc23)C(C)(C)c2cc(I)ccc21,-5.703772,-6.7428684,-5.744853,-6.063831133333333
CCCC[N+]1=C(/C=C/C(=C/C=C2/N(CCCCN)c3ccc(I)cc3C2(C)C)c2c3ccccc3cc3ccccc23)C(C)(C)c2ccccc21,-5.5882,-7.1838355,-6.075443,-6.282492833333333
CCCC[N+]1=C(/C=C/C(=C/C=C2/N(CCCCO)c3ccc(I)cc3C2(C)C)c2c3ccccc3cc3ccccc23)C(C)(C)c2ccccc21,-5.6631765,-6.9363346,-5.8128877,-6.137466266666667
CCCC[N+]1=C(/C=C/C(=C/C=C2/N(CCCC[N+](CC)(CC)CC)c3ccc(I)cc3C2(C)C)c2c3ccccc3cc3ccccc23)C(C)(C)c2ccccc21,-5.9529305,-7.431291,-6.063734,-6.482651833333333
CCCC[N+]1=C(/C=C/C(=C/C=C2/N(CCCCS(=O)(=O)O)c3ccc(I)cc3C2(C)C)c2c3ccccc3cc3ccccc23)C(C)(C)c2ccccc21,-5.880471,-7.483267,-5.706664,-6.356800666666667
CCCC[N+]1=C(/C=C/C(=C/C=C2/N(Cc3ccccc3)c3ccc(I)cc3C2(C)C)c2c3ccccc3cc3ccccc23)C(C)(C)c2ccccc21,-5.702734,-6.8236666,-5.7722287,-6.099543100000001
CCCC[N+]1=C(/C=C/C(=C/C=C2/N(Cc3ccsc3)c3ccc(I)cc3C2(C)C)c2c3ccccc3cc3ccccc23)C(C)(C)c2ccccc21,-5.6905975,-6.7671514,-5.7669764,-6.074908433333333
CCCC[N+]1=C(/C=C/C(=C/C=C2/N(CC)c3ccc(I)cc3C2(C)C)c2c3ccccc3cc3ccccc23)C(C)(C)c2cc(Br)ccc21,-5.655635,-6.7576823,-5.818712,-6.0773431
CCCCN1/C(=C/C=C(/C=C/C2=[N+](CCCC)c3ccc(Br)cc3C2(C)C)c2c3ccccc3cc3ccccc23)C(C)(C)c2cc(I)ccc21,-5.654911,-6.7799587,-5.822313,-6.085727566666667
CCCC[N+]1=C(/C=C/C(=C/C=C2/N(CCCCN)c3ccc(I)cc3C2(C)C)c2c3ccccc3cc3ccccc23)C(C)(C)c2cc(Br)ccc21,-5.556536,-7.2305107,-6.1557355,-6.314260733333334
CCCC[N+]1=C(/C=C/C(=C/C=C2/N(CCCCO)c3ccc(I)cc3C2(C)C)c2c3ccccc3cc3ccccc23)C(C)(C)c2cc(Br)ccc21,-5.6127334,-6.9604692,-5.890403,-6.154535200000001
CCCC[N+]1=C(/C=C/C(=C/C=C2/N(CCCC[N+](CC)(CC)CC)c3ccc(I)cc3C2(C)C)c2c3ccccc3cc3ccccc23)C(C)(C)c2cc(Br)ccc21,-5.892229,-7.4923573,-6.1494107,-6.511332333333333
CCCC[N+]1=C(/C=C/C(=C/C=C2/N(CCCCS(=O)(=O)O)c3ccc(I)cc3C2(C)C)c2c3ccccc3cc3ccccc23)C(C)(C)c2cc(Br)ccc21,-5.8279185,-7.492963,-5.7837543,-6.368211933333332
CCCC[N+]1=C(/C=C/C(=C/C=C2/N(Cc3ccccc3)c3ccc(I)cc3C2(C)C)c2c3ccccc3cc3ccccc23)C(C)(C)c2cc(Br)ccc21,-5.652855,-6.853744,-5.849032,-6.118543666666667
CCCC[N+]1=C(/C=C/C(=C/C=C2/N(Cc3ccsc3)c3ccc(I)cc3C2(C)C)c2c3ccccc3cc3ccccc23)C(C)(C)c2cc(Br)ccc21,-5.642367,-6.8013806,-5.8393917,-6.094379766666667
CCCC[N+]1=C(/C=C/C(=C/C=C2/N(CC)c3ccc(I)cc3C2(C)C)c2c3ccccc3cc3ccccc23)C(C)(C)c2cc(I)ccc21,-5.6912127,-6.6221867,-5.728235,-6.013878133333333
CCCCN1/C(=C/C=C(/C=C/C2=[N+](CCCC)c3ccc(I)cc3C2(C)C)c2c3ccccc3cc3ccccc23)C(C)(C)c2cc(I)ccc21,-5.6890464,-6.642603,-5.731073,-6.020907466666666
CCCC[N+]1=C(/C=C/C(=C/C=C2/N(CCCCN)c3ccc(I)cc3C2(C)C)c2c3ccccc3cc3ccccc23)C(C)(C)c2cc(I)ccc21,-5.5774083,-7.0668077,-6.0466037,-6.230273233333333
CCCC[N+]1=C(/C=C/C(=C/C=C2/N(CCCCO)c3ccc(I)cc3C2(C)C)c2c3ccccc3cc3ccccc23)C(C)(C)c2cc(I)ccc21,-5.651059,-6.825117,-5.7939997,-6.0900585666666665
CCCC[N+]1=C(/C=C/C(=C/C=C2/N(CCCC[N+](CC)(CC)CC)c3ccc(I)cc3C2(C)C)c2c3ccccc3cc3ccccc23)C(C)(C)c2cc(I)ccc21,-5.94491,-7.3271236,-6.0386834,-6.436905666666667
CCCC[N+]1=C(/C=C/C(=C/C=C2/N(CCCCS(=O)(=O)O)c3ccc(I)cc3C2(C)C)c2c3ccccc3cc3ccccc23)C(C)(C)c2cc(I)ccc21,-5.8758607,-7.36368,-5.684152,-6.307897566666667
CCCC[N+]1=C(/C=C/C(=C/C=C2/N(Cc3ccccc3)c3ccc(I)cc3C2(C)C)c2c3ccccc3cc3ccccc23)C(C)(C)c2cc(I)ccc21,-5.6912746,-6.7181177,-5.7568846,-6.055425633333333
CCCC[N+]1=C(/C=C/C(=C/C=C2/N(Cc3ccsc3)c3ccc(I)cc3C2(C)C)c2c3ccccc3cc3ccccc23)C(C)(C)c2cc(I)ccc21,-5.6795835,-6.6673074,-5.7498026,-6.032231166666667
CCN1/C(=C/C=C(/C=C/C2=[N+](CCCCN)c3ccccc3C2(C)C)c2c3ccccc3cc3ccccc23)C(C)(C)c2cc(I)ccc21,-5.5870833,-7.205624,-6.1037493,-6.298818866666667
CCCCN1/C(=C/C=C(/C=C/C2=[N+](CCCCN)c3ccccc3C2(C)C)c2c3ccccc3cc3ccccc23)C(C)(C)c2cc(I)ccc21,-5.588469,-7.226023,-6.1059113,-6.3068011
CC1(C)C(/C=C/C(=C/C=C2/N(CCCCN)c3ccc(I)cc3C2(C)C)c2c3ccccc3cc3ccccc23)=[N+](CCCCN)c2ccccc21,-5.5851493,-7.7497005,-6.562158,-6.632335933333334
CC1(C)C(/C=C/C(=C/C=C2/N(CCCCO)c3ccc(I)cc3C2(C)C)c2c3ccccc3cc3ccccc23)=[N+](CCCCN)c2ccccc21,-5.574557,-7.4686913,-6.2311263,-6.424791533333334
CC[N+](CC)(CC)CCCCN1/C(=C/C=C(/C=C/C2=[N+](CCCCN)c3ccccc3C2(C)C)c2c3ccccc3cc3ccccc23)C(C)(C)c2cc(I)ccc21,-5.795884,-8.002014,-6.4829335,-6.760277166666666
CC1(C)C(/C=C/C(=C/C=C2/N(CCCCS(=O)(=O)O)c3ccc(I)cc3C2(C)C)c2c3ccccc3cc3ccccc23)=[N+](CCCCN)c2ccccc21,-5.753034,-7.931288,-6.1123223,-6.598881433333333
CC1(C)C(/C=C/C(=C/C=C2/N(Cc3ccccc3)c3ccc(I)cc3C2(C)C)c2c3ccccc3cc3ccccc23)=[N+](CCCCN)c2ccccc21,-5.5785046,-7.3020086,-6.1372056,-6.339239599999999
CC1(C)C(/C=C/C(=C/C=C2/N(Cc3ccsc3)c3ccc(I)cc3C2(C)C)c2c3ccccc3cc3ccccc23)=[N+](CCCCN)c2ccccc21,-5.5674176,-7.2432055,-6.1233177,-6.311313600000001
CCN1/C(=C/C=C(/C=C/C2=[N+](CCCCN)c3ccc(Br)cc3C2(C)C)c2c3ccccc3cc3ccccc23)C(C)(C)c2cc(I)ccc21,-5.5589685,-7.2550764,-6.1864057,-6.333483533333333
CCCCN1/C(=C/C=C(/C=C/C2=[N+](CCCCN)c3ccc(Br)cc3C2(C)C)c2c3ccccc3cc3ccccc23)C(C)(C)c2cc(I)ccc21,-5.5598416,-7.2730856,-6.189415,-6.340780733333333
CC1(C)C(/C=C/C(=C/C=C2/N(CCCCN)c3ccc(I)cc3C2(C)C)c2c3ccccc3cc3ccccc23)=[N+](CCCCN)c2ccc(Br)cc21,-5.5865207,-7.767767,-6.626087,-6.6601249
CC1(C)C(/C=C/C(=C/C=C2/N(CCCCO)c3ccc(I)cc3C2(C)C)c2c3ccccc3cc3ccccc23)=[N+](CCCCN)c2ccc(Br)cc21,-5.551749,-7.5017304,-6.3151717,-6.456217033333334
CC[N+](CC)(CC)CCCCN1/C(=C/C=C(/C=C/C2=[N+](CCCCN)c3ccc(Br)cc3C2(C)C)c2c3ccccc3cc3ccccc23)C(C)(C)c2cc(I)ccc21,-5.7496777,-8.063162,-6.5780473,-6.796962333333333
CC1(C)C(/C=C/C(=C/C=C2/N(CCCCS(=O)(=O)O)c3ccc(I)cc3C2(C)C)c2c3ccccc3cc3ccccc23)=[N+](CCCCN)c2ccc(Br)cc21,-5.722714,-7.9263926,-6.2041955,-6.6177673666666665
CC1(C)C(/C=C/C(=C/C=C2/N(Cc3ccccc3)c3ccc(I)cc3C2(C)C)c2c3ccccc3cc3ccccc23)=[N+](CCCCN)c2ccc(Br)cc21,-5.5470724,-7.352786,-6.227229,-6.3756958
CC1(C)C(/C=C/C(=C/C=C2/N(Cc3ccsc3)c3ccc(I)cc3C2(C)C)c2c3ccccc3cc3ccccc23)=[N+](CCCCN)c2ccc(Br)cc21,-5.539864,-7.294803,-6.2071824,-6.347283133333334
CCN1/C(=C/C=C(/C=C/C2=[N+](CCCCN)c3ccc(I)cc3C2(C)C)c2c3ccccc3cc3ccccc23)C(C)(C)c2cc(I)ccc21,-5.5748243,-7.086281,-6.0705237,-6.243876333333333
CCCCN1/C(=C/C=C(/C=C/C2=[N+](CCCCN)c3ccc(I)cc3C2(C)C)c2c3ccccc3cc3ccccc23)C(C)(C)c2cc(I)ccc21,-5.576674,-7.1048098,-6.0724616,-6.251315133333333
CC1(C)C(/C=C/C(=C/C=C2/N(CCCCN)c3ccc(I)cc3C2(C)C)c2c3ccccc3cc3ccccc23)=[N+](CCCCN)c2ccc(I)cc21,-5.572277,-7.6324997,-6.5069885,-6.570588400000001
CC1(C)C(/C=C/C(=C/C=C2/N(CCCCO)c3ccc(I)cc3C2(C)C)c2c3ccccc3cc3ccccc23)=[N+](CCCCN)c2ccc(I)cc21,-5.5651226,-7.3365126,-6.189063,-6.3635660666666665
CC[N+](CC)(CC)CCCCN1/C(=C/C=C(/C=C/C2=[N+](CCCCN)c3ccc(I)cc3C2(C)C)c2c3ccccc3cc3ccccc23)C(C)(C)c2cc(I)ccc21,-5.789185,-7.884116,-6.44879,-6.707363666666666
CC1(C)C(/C=C/C(=C/C=C2/N(CCCCS(=O)(=O)O)c3ccc(I)cc3C2(C)C)c2c3ccccc3cc3ccccc23)=[N+](CCCCN)c2ccc(I)cc21,-5.75055,-7.806371,-6.0845604,-6.547160466666667
CC1(C)C(/C=C/C(=C/C=C2/N(Cc3ccccc3)c3ccc(I)cc3C2(C)C)c2c3ccccc3cc3ccccc23)=[N+](CCCCN)c2ccc(I)cc21,-5.569371,-7.1837416,-6.103392,-6.285501533333334
CC1(C)C(/C=C/C(=C/C=C2/N(Cc3ccsc3)c3ccc(I)cc3C2(C)C)c2c3ccccc3cc3ccccc23)=[N+](CCCCN)c2ccc(I)cc21,-5.5596676,-7.1266785,-6.0900583,-6.258801466666667
CCN1/C(=C/C=C(/C=C/C2=[N+](CCCCO)c3ccccc3C2(C)C)c2c3ccccc3cc3ccccc23)C(C)(C)c2cc(I)ccc21,-5.667032,-6.88504,-5.8020997,-6.1180572333333325
CCCCN1/C(=C/C=C(/C=C/C2=[N+](CCCCO)c3ccccc3C2(C)C)c2c3ccccc3cc3ccccc23)C(C)(C)c2cc(I)ccc21,-5.6693563,-6.9096375,-5.802584,-6.1271926
CC1(C)C(/C=C/C(=C/C=C2/N(CCCCN)c3ccc(I)cc3C2(C)C)c2c3ccccc3cc3ccccc23)=[N+](CCCCO)c2ccccc21,-5.5753336,-7.4011517,-6.1853566,-6.387280633333333
CC1(C)C(/C=C/C(=C/C=C2/N(CCCCO)c3ccc(I)cc3C2(C)C)c2c3ccccc3cc3ccccc23)=[N+](CCCCO)c2ccccc21,-5.6364627,-7.113582,-5.8751245,-6.208389733333334
CC[N+](CC)(CC)CCCCN1/C(=C/C=C(/C=C/C2=[N+](CCCCO)c3ccccc3C2(C)C)c2c3ccccc3cc3ccccc23)C(C)(C)c2cc(I)ccc21,-5.9108696,-7.617406,-6.1490407,-6.559105433333333
CC1(C)C(/C=C/C(=C/C=C2/N(CCCCS(=O)(=O)O)c3ccc(I)cc3C2(C)C)c2c3ccccc3cc3ccccc23)=[N+](CCCCO)c2ccccc21,-5.843977,-7.665964,-5.7783947,-6.4294452333333325
CC1(C)C(/C=C/C(=C/C=C2/N(Cc3ccccc3)c3ccc(I)cc3C2(C)C)c2c3ccccc3cc3ccccc23)=[N+](CCCCO)c2ccccc21,-5.6590385,-6.982971,-5.8316836,-6.1578976999999995
CC1(C)C(/C=C/C(=C/C=C2/N(Cc3ccsc3)c3ccc(I)cc3C2(C)C)c2c3ccccc3cc3ccccc23)=[N+](CCCCO)c2ccccc21,-5.6484785,-6.9257407,-5.82432,-6.132846400000001
CCN1/C(=C/C=C(/C=C/C2=[N+](CCCCO)c3ccc(Br)cc3C2(C)C)c2c3ccccc3cc3ccccc23)C(C)(C)c2cc(I)ccc21,-5.615409,-6.915856,-5.879878,-6.137047666666667
CCCCN1/C(=C/C=C(/C=C/C2=[N+](CCCCO)c3ccc(Br)cc3C2(C)C)c2c3ccccc3cc3ccccc23)C(C)(C)c2cc(I)ccc21,-5.6176257,-6.934606,-5.88092,-6.1443839
CC1(C)C(/C=C/C(=C/C=C2/N(CCCCN)c3ccc(I)cc3C2(C)C)c2c3ccccc3cc3ccccc23)=[N+](CCCCO)c2ccc(Br)cc21,-5.55162,-7.435665,-6.2707853,-6.419356766666667
CC1(C)C(/C=C/C(=C/C=C2/N(CCCCO)c3ccc(I)cc3C2(C)C)c2c3ccccc3cc3ccccc23)=[N+](CCCCO)c2ccc(Br)cc21,-5.5915565,-7.1456337,-5.9591374,-6.2321092
CC[N+](CC)(CC)CCCCN1/C(=C/C=C(/C=C/C2=[N+](CCCCO)c3ccc(Br)cc3C2(C)C)c2c3ccccc3cc3ccccc23)C(C)(C)c2cc(I)ccc21,-5.854517,-7.6789465,-6.236352,-6.5899385
CC1(C)C(/C=C/C(=C/C=C2/N(CCCCS(=O)(=O)O)c3ccc(I)cc3C2(C)C)c2c3ccccc3cc3ccccc23)=[N+](CCCCO)c2ccc(Br)cc21,-5.7909846,-7.6784678,-5.861128,-6.4435268
CC1(C)C(/C=C/C(=C/C=C2/N(Cc3ccccc3)c3ccc(I)cc3C2(C)C)c2c3ccccc3cc3ccccc23)=[N+](CCCCO)c2ccc(Br)cc21,-5.60525,-7.0141153,-5.9103403,-6.1765685333333336
CC1(C)C(/C=C/C(=C/C=C2/N(Cc3ccsc3)c3ccc(I)cc3C2(C)C)c2c3ccccc3cc3ccccc23)=[N+](CCCCO)c2ccc(Br)cc21,-5.5975504,-6.9583435,-5.901443,-6.1524456333333335
CCN1/C(=C/C=C(/C=C/C2=[N+](CCCCO)c3ccc(I)cc3C2(C)C)c2c3ccccc3cc3ccccc23)C(C)(C)c2cc(I)ccc21,-5.6576614,-6.769531,-5.7811112,-6.069434533333333
CCCCN1/C(=C/C=C(/C=C/C2=[N+](CCCCO)c3ccc(I)cc3C2(C)C)c2c3ccccc3cc3ccccc23)C(C)(C)c2cc(I)ccc21,-5.657276,-6.7986174,-5.7837725,-6.079888633333334
CC1(C)C(/C=C/C(=C/C=C2/N(CCCCN)c3ccc(I)cc3C2(C)C)c2c3ccccc3cc3ccccc23)=[N+](CCCCO)c2ccc(I)cc21,-5.566134,-7.2692285,-6.14423,-6.326530833333333
CC1(C)C(/C=C/C(=C/C=C2/N(CCCCO)c3ccc(I)cc3C2(C)C)c2c3ccccc3cc3ccccc23)=[N+](CCCCO)c2ccc(I)cc21,-5.6285686,-6.9895573,-5.853529,-6.1572183
CC[N+](CC)(CC)CCCCN1/C(=C/C=C(/C=C/C2=[N+](CCCCO)c3ccc(I)cc3C2(C)C)c2c3ccccc3cc3ccccc23)C(C)(C)c2cc(I)ccc21,-5.905845,-7.507378,-6.1204405,-6.511221166666666
CC1(C)C(/C=C/C(=C/C=C2/N(CCCCS(=O)(=O)O)c3ccc(I)cc3C2(C)C)c2c3ccccc3cc3ccccc23)=[N+](CCCCO)c2ccc(I)cc21,-5.8400226,-7.537555,-5.7541356,-6.377237733333334
CC1(C)C(/C=C/C(=C/C=C2/N(Cc3ccccc3)c3ccc(I)cc3C2(C)C)c2c3ccccc3cc3ccccc23)=[N+](CCCCO)c2ccc(I)cc21,-5.6497097,-6.8701954,-5.811586,-6.110497033333334
CC1(C)C(/C=C/C(=C/C=C2/N(Cc3ccsc3)c3ccc(I)cc3C2(C)C)c2c3ccccc3cc3ccccc23)=[N+](CCCCO)c2ccc(I)cc21,-5.6401095,-6.812015,-5.80394,-6.085354833333334
CCN1/C(=C/C=C(/C=C/C2=[N+](CCCC[N+](CC)(CC)CC)c3ccccc3C2(C)C)c2c3ccccc3cc3ccccc23)C(C)(C)c2cc(I)ccc21,-5.961517,-7.398653,-6.0569944,-6.472388133333333
CCCCN1/C(=C/C=C(/C=C/C2=[N+](CCCC[N+](CC)(CC)CC)c3ccccc3C2(C)C)c2c3ccccc3cc3ccccc23)C(C)(C)c2cc(I)ccc21,-5.954635,-7.4252586,-6.064641,-6.481511533333332
CC[N+](CC)(CC)CCCC[N+]1=C(/C=C/C(=C/C=C2/N(CCCCN)c3ccc(I)cc3C2(C)C)c2c3ccccc3cc3ccccc23)C(C)(C)c2ccccc21,-5.80198,-7.957515,-6.4548607,-6.738118566666667
CC[N+](CC)(CC)CCCC[N+]1=C(/C=C/C(=C/C=C2/N(CCCCO)c3ccc(I)cc3C2(C)C)c2c3ccccc3cc3ccccc23)C(C)(C)c2ccccc21,-5.908348,-7.6405644,-6.1608853,-6.569932566666666
CC[N+](CC)(CC)CCCCN1/C(=C/C=C(/C=C/C2=[N+](CCCC[N+](CC)(CC)CC)c3ccccc3C2(C)C)c2c3ccccc3cc3ccccc23)C(C)(C)c2cc(I)ccc21,-6.121286,-8.156085,-6.4162846,-6.8978852
CC[N+](CC)(CC)CCCC[N+]1=C(/C=C/C(=C/C=C2/N(CCCCS(=O)(=O)O)c3ccc(I)cc3C2(C)C)c2c3ccccc3cc3ccccc23)C(C)(C)c2ccccc21,-6.0838237,-8.19187,-6.093088,-6.7895939
CC[N+](CC)(CC)CCCC[N+]1=C(/C=C/C(=C/C=C2/N(Cc3ccccc3)c3ccc(I)cc3C2(C)C)c2c3ccccc3cc3ccccc23)C(C)(C)c2ccccc21,-5.953953,-7.487349,-6.0882044,-6.509835466666668
CC[N+](CC)(CC)CCCC[N+]1=C(/C=C/C(=C/C=C2/N(Cc3ccsc3)c3ccc(I)cc3C2(C)C)c2c3ccccc3cc3ccccc23)C(C)(C)c2ccccc21,-5.9456844,-7.4383526,-6.0794144,-6.487817133333333
CCN1/C(=C/C=C(/C=C/C2=[N+](CCCC[N+](CC)(CC)CC)c3ccc(Br)cc3C2(C)C)c2c3ccccc3cc3ccccc23)C(C)(C)c2cc(I)ccc21,-5.899932,-7.460659,-6.1429334,-6.5011748
CCCCN1/C(=C/C=C(/C=C/C2=[N+](CCCC[N+](CC)(CC)CC)c3ccc(Br)cc3C2(C)C)c2c3ccccc3cc3ccccc23)C(C)(C)c2cc(I)ccc21,-5.893623,-7.486884,-6.1504135,-6.510306833333334
CC[N+](CC)(CC)CCCC[N+]1=C(/C=C/C(=C/C=C2/N(CCCCN)c3ccc(I)cc3C2(C)C)c2c3ccccc3cc3ccccc23)C(C)(C)c2cc(Br)ccc21,-5.75467,-8.017352,-6.547746,-6.773256
CC[N+](CC)(CC)CCCC[N+]1=C(/C=C/C(=C/C=C2/N(CCCCO)c3ccc(I)cc3C2(C)C)c2c3ccccc3cc3ccccc23)C(C)(C)c2cc(Br)ccc21,-5.853047,-7.701891,-6.248138,-6.601025333333333
CC[N+](CC)(CC)CCCCN1/C(=C/C=C(/C=C/C2=[N+](CCCC[N+](CC)(CC)CC)c3ccc(Br)cc3C2(C)C)c2c3ccccc3cc3ccccc23)C(C)(C)c2cc(I)ccc21,-6.0628996,-8.220853,-6.506072,-6.929941533333333
CC[N+](CC)(CC)CCCC[N+]1=C(/C=C/C(=C/C=C2/N(CCCCS(=O)(=O)O)c3ccc(I)cc3C2(C)C)c2c3ccccc3cc3ccccc23)C(C)(C)c2cc(Br)ccc21,-6.026359,-8.238985,-6.19547,-6.820271333333333
CC[N+](CC)(CC)CCCC[N+]1=C(/C=C/C(=C/C=C2/N(Cc3ccccc3)c3ccc(I)cc3C2(C)C)c2c3ccccc3cc3ccccc23)C(C)(C)c2cc(Br)ccc21,-5.8883886,-7.5511637,-6.176967,-6.538839766666666
CC[N+](CC)(CC)CCCC[N+]1=C(/C=C/C(=C/C=C2/N(Cc3ccsc3)c3ccc(I)cc3C2(C)C)c2c3ccccc3cc3ccccc23)C(C)(C)c2cc(Br)ccc21,-5.882446,-7.500757,-6.166213,-6.516472
CCN1/C(=C/C=C(/C=C/C2=[N+](CCCC[N+](CC)(CC)CC)c3ccc(I)cc3C2(C)C)c2c3ccccc3cc3ccccc23)C(C)(C)c2cc(I)ccc21,-5.954584,-7.2919965,-6.0306597,-6.425746733333334
CCCCN1/C(=C/C=C(/C=C/C2=[N+](CCCC[N+](CC)(CC)CC)c3ccc(I)cc3C2(C)C)c2c3ccccc3cc3ccccc23)C(C)(C)c2cc(I)ccc21,-5.9465294,-7.321036,-6.0395217,-6.4356957
CC[N+](CC)(CC)CCCC[N+]1=C(/C=C/C(=C/C=C2/N(CCCCN)c3ccc(I)cc3C2(C)C)c2c3ccccc3cc3ccccc23)C(C)(C)c2cc(I)ccc21,-5.795885,-7.8394966,-6.4213476,-6.6855763999999995
CC[N+](CC)(CC)CCCC[N+]1=C(/C=C/C(=C/C=C2/N(CCCCO)c3ccc(I)cc3C2(C)C)c2c3ccccc3cc3ccccc23)C(C)(C)c2cc(I)ccc21,-5.9025097,-7.530265,-6.1330304,-6.521935033333333
CC[N+](CC)(CC)CCCCN1/C(=C/C=C(/C=C/C2=[N+](CCCC[N+](CC)(CC)CC)c3ccc(I)cc3C2(C)C)c2c3ccccc3cc3ccccc23)C(C)(C)c2cc(I)ccc21,-6.114543,-8.048164,-6.3862367,-6.849647900000001
CC[N+](CC)(CC)CCCC[N+]1=C(/C=C/C(=C/C=C2/N(CCCCS(=O)(=O)O)c3ccc(I)cc3C2(C)C)c2c3ccccc3cc3ccccc23)C(C)(C)c2cc(I)ccc21,-6.081476,-8.073693,-6.069333,-6.741500666666667
CC[N+](CC)(CC)CCCC[N+]1=C(/C=C/C(=C/C=C2/N(Cc3ccccc3)c3ccc(I)cc3C2(C)C)c2c3ccccc3cc3ccccc23)C(C)(C)c2cc(I)ccc21,-5.9453025,-7.382657,-6.0636783,-6.463879266666667
CC[N+](CC)(CC)CCCC[N+]1=C(/C=C/C(=C/C=C2/N(Cc3ccsc3)c3ccc(I)cc3C2(C)C)c2c3ccccc3cc3ccccc23)C(C)(C)c2cc(I)ccc21,-5.9378905,-7.334066,-6.0547237,-6.4422267333333325
CCN1/C(=C/C=C(/C=C/C2=[N+](CCCCS(=O)(=O)O)c3ccccc3C2(C)C)c2c3ccccc3cc3ccccc23)C(C)(C)c2cc(I)ccc21,-5.888526,-7.4864197,-5.716587,-6.3638442333333325
CCCCN1/C(=C/C=C(/C=C/C2=[N+](CCCCS(=O)(=O)O)c3ccccc3C2(C)C)c2c3ccccc3cc3ccccc23)C(C)(C)c2cc(I)ccc21,-5.8756943,-7.510444,-5.7199516,-6.368696633333333
CC1(C)C(/C=C/C(=C/C=C2/N(CCCCN)c3ccc(I)cc3C2(C)C)c2c3ccccc3cc3ccccc23)=[N+](CCCCS(=O)(=O)O)c2ccccc21,-5.751602,-7.9262104,-6.0977054,-6.591839266666667
CC1(C)C(/C=C/C(=C/C=C2/N(CCCCO)c3ccc(I)cc3C2(C)C)c2c3ccccc3cc3ccccc23)=[N+](CCCCS(=O)(=O)O)c2ccccc21,-5.835484,-7.722229,-5.8021965,-6.453303166666667
CC[N+](CC)(CC)CCCCN1/C(=C/C=C(/C=C/C2=[N+](CCCCS(=O)(=O)O)c3ccccc3C2(C)C)c2c3ccccc3cc3ccccc23)C(C)(C)c2cc(I)ccc21,-6.0776043,-8.226183,-6.1065655,-6.803450933333333
CC1(C)C(/C=C/C(=C/C=C2/N(CCCCS(=O)(=O)O)c3ccc(I)cc3C2(C)C)c2c3ccccc3cc3ccccc23)=[N+](CCCCS(=O)(=O)O)c2ccccc21,-5.958145,-8.197949,-5.698681,-6.618258333333333
CC1(C)C(/C=C/C(=C/C=C2/N(Cc3ccccc3)c3ccc(I)cc3C2(C)C)c2c3ccccc3cc3ccccc23)=[N+](CCCCS(=O)(=O)O)c2ccccc21,-5.8737965,-7.5839024,-5.7455387,-6.401079200000001
CC1(C)C(/C=C/C(=C/C=C2/N(Cc3ccsc3)c3ccc(I)cc3C2(C)C)c2c3ccccc3cc3ccccc23)=[N+](CCCCS(=O)(=O)O)c2ccccc21,-5.870337,-7.530359,-5.7383456,-6.379680533333333
CCN1/C(=C/C=C(/C=C/C2=[N+](CCCCS(=O)(=O)O)c3ccc(Br)cc3C2(C)C)c2c3ccccc3cc3ccccc23)C(C)(C)c2cc(I)ccc21,-5.8311715,-7.501861,-5.7955036,-6.3761787
CCCCN1/C(=C/C=C(/C=C/C2=[N+](CCCCS(=O)(=O)O)c3ccc(Br)cc3C2(C)C)c2c3ccccc3cc3ccccc23)C(C)(C)c2cc(I)ccc21,-5.8243113,-7.519337,-5.7978153,-6.380487866666667
CC1(C)C(/C=C/C(=C/C=C2/N(CCCCN)c3ccc(I)cc3C2(C)C)c2c3ccccc3cc3ccccc23)=[N+](CCCCS(=O)(=O)O)c2ccc(Br)cc21,-5.7204847,-7.9214773,-6.1901145,-6.6106921666666665
CC1(C)C(/C=C/C(=C/C=C2/N(CCCCO)c3ccc(I)cc3C2(C)C)c2c3ccccc3cc3ccccc23)=[N+](CCCCS(=O)(=O)O)c2ccc(Br)cc21,-5.7828455,-7.732317,-5.884601,-6.466587833333333
CC[N+](CC)(CC)CCCCN1/C(=C/C=C(/C=C/C2=[N+](CCCCS(=O)(=O)O)c3ccc(Br)cc3C2(C)C)c2c3ccccc3cc3ccccc23)C(C)(C)c2cc(I)ccc21,-6.0212073,-8.273907,-6.2102594,-6.835124566666667
CC1(C)C(/C=C/C(=C/C=C2/N(CCCCS(=O)(=O)O)c3ccc(I)cc3C2(C)C)c2c3ccccc3cc3ccccc23)=[N+](CCCCS(=O)(=O)O)c2ccc(Br)cc21,-5.911574,-8.183857,-5.7782645,-6.624565166666667
CC1(C)C(/C=C/C(=C/C=C2/N(Cc3ccccc3)c3ccc(I)cc3C2(C)C)c2c3ccccc3cc3ccccc23)=[N+](CCCCS(=O)(=O)O)c2ccc(Br)cc21,-5.8169184,-7.599805,-5.824572,-6.4137651333333325
CC1(C)C(/C=C/C(=C/C=C2/N(Cc3ccsc3)c3ccc(I)cc3C2(C)C)c2c3ccccc3cc3ccccc23)=[N+](CCCCS(=O)(=O)O)c2ccc(Br)cc21,-5.813721,-7.544881,-5.815849,-6.391483666666667
CCN1/C(=C/C=C(/C=C/C2=[N+](CCCCS(=O)(=O)O)c3ccc(I)cc3C2(C)C)c2c3ccccc3cc3ccccc23)C(C)(C)c2cc(I)ccc21,-5.8836994,-7.3672495,-5.6935782,-6.314842366666667
CCCCN1/C(=C/C=C(/C=C/C2=[N+](CCCCS(=O)(=O)O)c3ccc(I)cc3C2(C)C)c2c3ccccc3cc3ccccc23)C(C)(C)c2cc(I)ccc21,-5.8712497,-7.3890257,-5.6974897,-6.319255033333334
CC1(C)C(/C=C/C(=C/C=C2/N(CCCCN)c3ccc(I)cc3C2(C)C)c2c3ccccc3cc3ccccc23)=[N+](CCCCS(=O)(=O)O)c2ccc(I)cc21,-5.7493997,-7.8008423,-6.0701156,-6.5401192
CC1(C)C(/C=C/C(=C/C=C2/N(CCCCO)c3ccc(I)cc3C2(C)C)c2c3ccccc3cc3ccccc23)=[N+](CCCCS(=O)(=O)O)c2ccc(I)cc21,-5.8330536,-7.5934534,-5.7777395,-6.4014155
CC[N+](CC)(CC)CCCCN1/C(=C/C=C(/C=C/C2=[N+](CCCCS(=O)(=O)O)c3ccc(I)cc3C2(C)C)c2c3ccccc3cc3ccccc23)C(C)(C)c2cc(I)ccc21,-6.0755844,-8.106664,-6.082276,-6.754841466666666
CC1(C)C(/C=C/C(=C/C=C2/N(CCCCS(=O)(=O)O)c3ccc(I)cc3C2(C)C)c2c3ccccc3cc3ccccc23)=[N+](CCCCS(=O)(=O)O)c2ccc(I)cc21,-5.9591627,-8.076916,-5.688883,-6.574987233333334
CC1(C)C(/C=C/C(=C/C=C2/N(Cc3ccccc3)c3ccc(I)cc3C2(C)C)c2c3ccccc3cc3ccccc23)=[N+](CCCCS(=O)(=O)O)c2ccc(I)cc21,-5.869382,-7.462522,-5.7233095,-6.351737833333334
CC1(C)C(/C=C/C(=C/C=C2/N(Cc3ccsc3)c3ccc(I)cc3C2(C)C)c2c3ccccc3cc3ccccc23)=[N+](CCCCS(=O)(=O)O)c2ccc(I)cc21,-5.8655176,-7.4111104,-5.715291,-6.330639666666666
CCN1/C(=C/C=C(/C=C/C2=[N+](Cc3ccccc3)c3ccccc3C2(C)C)c2c3ccccc3cc3ccccc23)C(C)(C)c2cc(I)ccc21,-5.7126117,-6.907711,-5.7994337,-6.139918799999999
CCCCN1/C(=C/C=C(/C=C/C2=[N+](Cc3ccccc3)c3ccccc3C2(C)C)c2c3ccccc3cc3ccccc23)C(C)(C)c2cc(I)ccc21,-5.7127113,-6.9314823,-5.799998,-6.148063866666667
CC1(C)C(/C=C/C(=C/C=C2/N(CCCCN)c3ccc(I)cc3C2(C)C)c2c3ccccc3cc3ccccc23)=[N+](Cc2ccccc2)c2ccccc21,-5.593652,-7.408897,-6.168008,-6.3901856666666665
CC1(C)C(/C=C/C(=C/C=C2/N(CCCCO)c3ccc(I)cc3C2(C)C)c2c3ccccc3cc3ccccc23)=[N+](Cc2ccccc2)c2ccccc21,-5.668131,-7.140552,-5.876325,-6.228335999999999
CC[N+](CC)(CC)CCCCN1/C(=C/C=C(/C=C/C2=[N+](Cc3ccccc3)c3ccccc3C2(C)C)c2c3ccccc3cc3ccccc23)C(C)(C)c2cc(I)ccc21,-5.955685,-7.602704,-6.1286745,-6.5623545000000005
CC1(C)C(/C=C/C(=C/C=C2/N(CCCCS(=O)(=O)O)c3ccc(I)cc3C2(C)C)c2c3ccccc3cc3ccccc23)=[N+](Cc2ccccc2)c2ccccc21,-5.8924346,-7.7108526,-5.772033,-6.458440066666667
CC1(C)C(/C=C/C(=C/C=C2/N(Cc3ccccc3)c3ccc(I)cc3C2(C)C)c2c3ccccc3cc3ccccc23)=[N+](Cc2ccccc2)c2ccccc21,-5.7066417,-7.020352,-5.832871,-6.186621566666666
CC1(C)C(/C=C/C(=C/C=C2/N(Cc3ccsc3)c3ccc(I)cc3C2(C)C)c2c3ccccc3cc3ccccc23)=[N+](Cc2ccccc2)c2ccccc21,-5.695719,-6.9586945,-5.8250813,-6.1598316
CCN1/C(=C/C=C(/C=C/C2=[N+](Cc3ccccc3)c3ccc(Br)cc3C2(C)C)c2c3ccccc3cc3ccccc23)C(C)(C)c2cc(I)ccc21,-5.661045,-6.9364405,-5.8795567,-6.159014066666667
CCCCN1/C(=C/C=C(/C=C/C2=[N+](Cc3ccccc3)c3ccc(Br)cc3C2(C)C)c2c3ccccc3cc3ccccc23)C(C)(C)c2cc(I)ccc21,-5.6611767,-6.9621134,-5.8825374,-6.168609166666667
CC1(C)C(/C=C/C(=C/C=C2/N(CCCCN)c3ccc(I)cc3C2(C)C)c2c3ccccc3cc3ccccc23)=[N+](Cc2ccccc2)c2ccc(Br)cc21,-5.5630774,-7.4585886,-6.2666163,-6.429427433333333
CC1(C)C(/C=C/C(=C/C=C2/N(CCCCO)c3ccc(I)cc3C2(C)C)c2c3ccccc3cc3ccccc23)=[N+](Cc2ccccc2)c2ccc(Br)cc21,-5.611396,-7.1689434,-5.958171,-6.246170133333333
CC[N+](CC)(CC)CCCCN1/C(=C/C=C(/C=C/C2=[N+](Cc3ccccc3)c3ccc(Br)cc3C2(C)C)c2c3ccccc3cc3ccccc23)C(C)(C)c2cc(I)ccc21,-5.8894277,-7.6659384,-6.2175684,-6.590978166666667
CC1(C)C(/C=C/C(=C/C=C2/N(CCCCS(=O)(=O)O)c3ccc(I)cc3C2(C)C)c2c3ccccc3cc3ccccc23)=[N+](Cc2ccccc2)c2ccc(Br)cc21,-5.8323345,-7.7264338,-5.8563685,-6.471712266666667
CC1(C)C(/C=C/C(=C/C=C2/N(Cc3ccccc3)c3ccc(I)cc3C2(C)C)c2c3ccccc3cc3ccccc23)=[N+](Cc2ccccc2)c2ccc(Br)cc21,-5.655085,-7.039989,-5.909756,-6.20161
CC1(C)C(/C=C/C(=C/C=C2/N(Cc3ccsc3)c3ccc(I)cc3C2(C)C)c2c3ccccc3cc3ccccc23)=[N+](Cc2ccccc2)c2ccc(Br)cc21,-5.6469893,-6.9796114,-5.9002385,-6.175613066666667
CCN1/C(=C/C=C(/C=C/C2=[N+](Cc3ccccc3)c3ccc(I)cc3C2(C)C)c2c3ccccc3cc3ccccc23)C(C)(C)c2cc(I)ccc21,-5.703631,-6.7958965,-5.7811966,-6.0935747000000005
CCCCN1/C(=C/C=C(/C=C/C2=[N+](Cc3ccccc3)c3ccc(I)cc3C2(C)C)c2c3ccccc3cc3ccccc23)C(C)(C)c2cc(I)ccc21,-5.7022,-6.8209248,-5.7826295,-6.1019181
CC1(C)C(/C=C/C(=C/C=C2/N(CCCCN)c3ccc(I)cc3C2(C)C)c2c3ccccc3cc3ccccc23)=[N+](Cc2ccccc2)c2ccc(I)cc21,-5.583597,-7.276405,-6.131101,-6.330367666666667
CC1(C)C(/C=C/C(=C/C=C2/N(CCCCO)c3ccc(I)cc3C2(C)C)c2c3ccccc3cc3ccccc23)=[N+](Cc2ccccc2)c2ccc(I)cc21,-5.6586294,-7.0151596,-5.8549285,-6.176239166666666
CC[N+](CC)(CC)CCCCN1/C(=C/C=C(/C=C/C2=[N+](Cc3ccccc3)c3ccc(I)cc3C2(C)C)c2c3ccccc3cc3ccccc23)C(C)(C)c2cc(I)ccc21,-5.9470863,-7.4940004,-6.1023154,-6.5144673666666675
CC1(C)C(/C=C/C(=C/C=C2/N(CCCCS(=O)(=O)O)c3ccc(I)cc3C2(C)C)c2c3ccccc3cc3ccccc23)=[N+](Cc2ccccc2)c2ccc(I)cc21,-5.8868933,-7.5829015,-5.7503557,-6.406716833333333
CC1(C)C(/C=C/C(=C/C=C2/N(Cc3ccccc3)c3ccc(I)cc3C2(C)C)c2c3ccccc3cc3ccccc23)=[N+](Cc2ccccc2)c2ccc(I)cc21,-5.699167,-6.9035087,-5.8122816,-6.1383190999999995
CC1(C)C(/C=C/C(=C/C=C2/N(Cc3ccsc3)c3ccc(I)cc3C2(C)C)c2c3ccccc3cc3ccccc23)=[N+](Cc2ccccc2)c2ccc(I)cc21,-5.6893272,-6.8435106,-5.8049417,-6.112593166666667
CCN1/C(=C/C=C(/C=C/C2=[N+](Cc3ccsc3)c3ccccc3C2(C)C)c2c3ccccc3cc3ccccc23)C(C)(C)c2cc(I)ccc21,-5.7063813,-6.862473,-5.788779,-6.1192111
CCCCN1/C(=C/C=C(/C=C/C2=[N+](Cc3ccsc3)c3ccccc3C2(C)C)c2c3ccccc3cc3ccccc23)C(C)(C)c2cc(I)ccc21,-5.7058463,-6.8862343,-5.7897024,-6.127261
CC1(C)C(/C=C/C(=C/C=C2/N(CCCCN)c3ccc(I)cc3C2(C)C)c2c3ccccc3cc3ccccc23)=[N+](Cc2ccsc2)c2ccccc21,-5.588945,-7.3566246,-6.149001,-6.364856866666666
CC1(C)C(/C=C/C(=C/C=C2/N(CCCCO)c3ccc(I)cc3C2(C)C)c2c3ccccc3cc3ccccc23)=[N+](Cc2ccsc2)c2ccccc21,-5.6653323,-7.090994,-5.8627167,-6.206347666666667
CC[N+](CC)(CC)CCCCN1/C(=C/C=C(/C=C/C2=[N+](Cc3ccsc3)c3ccccc3C2(C)C)c2c3ccccc3cc3ccccc23)C(C)(C)c2cc(I)ccc21,-5.9529433,-7.562056,-6.114903,-6.543300766666666
CC1(C)C(/C=C/C(=C/C=C2/N(CCCCS(=O)(=O)O)c3ccc(I)cc3C2(C)C)c2c3ccccc3cc3ccccc23)=[N+](Cc2ccsc2)c2ccccc21,-5.893722,-7.670417,-5.7612667,-6.441801900000001
CC1(C)C(/C=C/C(=C/C=C2/N(Cc3ccccc3)c3ccc(I)cc3C2(C)C)c2c3ccccc3cc3ccccc23)=[N+](Cc2ccsc2)c2ccccc21,-5.6996717,-6.9679003,-5.820241,-6.162604333333333
CC1(C)C(/C=C/C(=C/C=C2/N(Cc3ccsc3)c3ccc(I)cc3C2(C)C)c2c3ccccc3cc3ccccc23)=[N+](Cc2ccsc2)c2ccccc21,-5.689966,-6.908214,-5.812686,-6.136955333333333
CCN1/C(=C/C=C(/C=C/C2=[N+](Cc3ccsc3)c3ccc(Br)cc3C2(C)C)c2c3ccccc3cc3ccccc23)C(C)(C)c2cc(I)ccc21,-5.654634,-6.890848,-5.8672543,-6.137578766666667
CCCCN1/C(=C/C=C(/C=C/C2=[N+](Cc3ccsc3)c3ccc(Br)cc3C2(C)C)c2c3ccccc3cc3ccccc23)C(C)(C)c2cc(I)ccc21,-5.653934,-6.915658,-5.8703003,-6.146630766666667
CC1(C)C(/C=C/C(=C/C=C2/N(CCCCN)c3ccc(I)cc3C2(C)C)c2c3ccccc3cc3ccccc23)=[N+](Cc2ccsc2)c2ccc(Br)cc21,-5.560486,-7.41339,-6.244816,-6.406230666666667
CC1(C)C(/C=C/C(=C/C=C2/N(CCCCO)c3ccc(I)cc3C2(C)C)c2c3ccccc3cc3ccccc23)=[N+](Cc2ccsc2)c2ccc(Br)cc21,-5.6092668,-7.1226454,-5.9450254,-6.2256458666666665
CC[N+](CC)(CC)CCCCN1/C(=C/C=C(/C=C/C2=[N+](Cc3ccsc3)c3ccc(Br)cc3C2(C)C)c2c3ccccc3cc3ccccc23)C(C)(C)c2cc(I)ccc21,-5.8873544,-7.625528,-6.2037096,-6.572197333333333
CC1(C)C(/C=C/C(=C/C=C2/N(CCCCS(=O)(=O)O)c3ccc(I)cc3C2(C)C)c2c3ccccc3cc3ccccc23)=[N+](Cc2ccsc2)c2ccc(Br)cc21,-5.8341694,-7.68417,-5.8445916,-6.454310333333333
CC1(C)C(/C=C/C(=C/C=C2/N(Cc3ccccc3)c3ccc(I)cc3C2(C)C)c2c3ccccc3cc3ccccc23)=[N+](Cc2ccsc2)c2ccc(Br)cc21,-5.6508355,-6.9883127,-5.896161,-6.1784364
CC1(C)C(/C=C/C(=C/C=C2/N(Cc3ccsc3)c3ccc(I)cc3C2(C)C)c2c3ccccc3cc3ccccc23)=[N+](Cc2ccsc2)c2ccc(Br)cc21,-5.64153,-6.9352727,-5.8873696,-6.1547241
CCN1/C(=C/C=C(/C=C/C2=[N+](Cc3ccsc3)c3ccc(I)cc3C2(C)C)c2c3ccccc3cc3ccccc23)C(C)(C)c2cc(I)ccc21,-5.696937,-6.751472,-5.771509,-6.073306
CCCCN1/C(=C/C=C(/C=C/C2=[N+](Cc3ccsc3)c3ccc(I)cc3C2(C)C)c2c3ccccc3cc3ccccc23)C(C)(C)c2cc(I)ccc21,-5.694913,-6.77487,-5.7727427,-6.0808419
CC1(C)C(/C=C/C(=C/C=C2/N(CCCCN)c3ccc(I)cc3C2(C)C)c2c3ccccc3cc3ccccc23)=[N+](Cc2ccsc2)c2ccc(I)cc21,-5.5791674,-7.230324,-6.1122017,-6.307231033333333
CC1(C)C(/C=C/C(=C/C=C2/N(CCCCO)c3ccc(I)cc3C2(C)C)c2c3ccccc3cc3ccccc23)=[N+](Cc2ccsc2)c2ccc(I)cc21,-5.6531425,-6.96951,-5.8428335,-6.155162000000001
CC[N+](CC)(CC)CCCCN1/C(=C/C=C(/C=C/C2=[N+](Cc3ccsc3)c3ccc(I)cc3C2(C)C)c2c3ccccc3cc3ccccc23)C(C)(C)c2cc(I)ccc21,-5.944462,-7.451807,-6.0872107,-6.494493233333333
CC1(C)C(/C=C/C(=C/C=C2/N(CCCCS(=O)(=O)O)c3ccc(I)cc3C2(C)C)c2c3ccccc3cc3ccccc23)=[N+](Cc2ccsc2)c2ccc(I)cc21,-5.8883514,-7.5440326,-5.739441,-6.390608333333334
CC1(C)C(/C=C/C(=C/C=C2/N(Cc3ccccc3)c3ccc(I)cc3C2(C)C)c2c3ccccc3cc3ccccc23)=[N+](Cc2ccsc2)c2ccc(I)cc21,-5.692611,-6.853079,-5.8004584,-6.1153828
CC1(C)C(/C=C/C(=C/C=C2/N(Cc3ccsc3)c3ccc(I)cc3C2(C)C)c2c3ccccc3cc3ccccc23)=[N+](Cc2ccsc2)c2ccc(I)cc21,-5.6840587,-6.7969856,-5.793583,-6.091542433333333
CCN1/C(=C\C2=C([O-])/C(=C\c3[se]c4ccccc4[n+]3CC)C2=O)C(C)(C)c2ccccc21,-5.2651906,-6.229673,-5.5962253,-5.697029633333334
CCN1/C(=C\C2=C([O-])/C(=C\c3[se]c4ccccc4[n+]3CC)C2=O)C(C)(C)c2cc(Br)ccc21,-5.325468,-6.3431273,-5.7027483,-5.790447866666667
CCN1/C(=C\C2=C([O-])/C(=C\c3[se]c4ccccc4[n+]3CC)C2=O)C(C)(C)c2cc(I)ccc21,-5.239031,-6.1690083,-5.5977907,-5.66861
CCCCN1/C(=C\C2=C([O-])/C(=C\c3[se]c4ccccc4[n+]3CC)C2=O)C(C)(C)c2ccccc21,-5.251592,-6.1891193,-5.585613,-5.675441433333333
CCCCN1/C(=C\C2=C([O-])/C(=C\c3[se]c4ccccc4[n+]3CC)C2=O)C(C)(C)c2cc(Br)ccc21,-5.311436,-6.292075,-5.6867566,-5.763422533333333
CCCCN1/C(=C\C2=C([O-])/C(=C\c3[se]c4ccccc4[n+]3CC)C2=O)C(C)(C)c2cc(I)ccc21,-5.222397,-6.121911,-5.5822415,-5.642183166666666
CC[n+]1c(/C=C2/C(=O)C(/C=C3\N(CCCCN)c4ccccc4C3(C)C)=C2[O-])[se]c2ccccc21,-5.3318233,-6.453453,-5.8294272,-5.871567833333333
CC[n+]1c(/C=C2/C(=O)C(/C=C3\N(CCCCN)c4ccc(Br)cc4C3(C)C)=C2[O-])[se]c2ccccc21,-5.358262,-6.4854693,-5.879416,-5.907715766666667
CC[n+]1c(/C=C2/C(=O)C(/C=C3\N(CCCCN)c4ccc(I)cc4C3(C)C)=C2[O-])[se]c2ccccc21,-5.3119493,-6.4025936,-5.833271,-5.849271300000001
CC[n+]1c(/C=C2/C(=O)C(/C=C3\N(CCCCO)c4ccccc4C3(C)C)=C2[O-])[se]c2ccccc21,-5.1672735,-6.306242,-5.6069584,-5.693491300000001
CC[n+]1c(/C=C2/C(=O)C(/C=C3\N(CCCCO)c4ccc(Br)cc4C3(C)C)=C2[O-])[se]c2ccccc21,-5.205108,-6.356407,-5.69613,-5.752548333333333
CC[n+]1c(/C=C2/C(=O)C(/C=C3\N(CCCCO)c4ccc(I)cc4C3(C)C)=C2[O-])[se]c2ccccc21,-5.1207366,-6.225604,-5.6012635,-5.6492013666666665
CC[n+]1c(/C=C2/C(=O)C(/C=C3\N(CCCC[N+](CC)(CC)CC)c4ccccc4C3(C)C)=C2[O-])[se]c2ccccc21,-5.711205,-6.4988832,-5.665355,-5.958481066666667
CC[n+]1c(/C=C2/C(=O)C(/C=C3\N(CCCC[N+](CC)(CC)CC)c4ccc(Br)cc4C3(C)C)=C2[O-])[se]c2ccccc21,-5.686455,-6.5798526,-5.7422414,-6.002849666666666
CC[n+]1c(/C=C2/C(=O)C(/C=C3\N(CCCC[N+](CC)(CC)CC)c4ccc(I)cc4C3(C)C)=C2[O-])[se]c2ccccc21,-5.6970983,-6.4342976,-5.656321,-5.9292389666666665
CC[n+]1c(/C=C2/C(=O)C(/C=C3\N(CCCCS(=O)(=O)O)c4ccccc4C3(C)C)=C2[O-])[se]c2ccccc21,-5.793408,-6.664726,-5.3570366,-5.938390200000001
CC[n+]1c(/C=C2/C(=O)C(/C=C3\N(CCCCS(=O)(=O)O)c4ccc(Br)cc4C3(C)C)=C2[O-])[se]c2ccccc21,-5.802128,-6.686057,-5.430837,-5.9730073333333324
CC[n+]1c(/C=C2/C(=O)C(/C=C3\N(CCCCS(=O)(=O)O)c4ccc(I)cc4C3(C)C)=C2[O-])[se]c2ccccc21,-5.7840114,-6.6107874,-5.3700576,-5.9216188
CC[n+]1c(/C=C2/C(=O)C(/C=C3\N(Cc4ccccc4)c4ccccc4C3(C)C)=C2[O-])[se]c2ccccc21,-5.359915,-6.3981204,-5.643357,-5.800464133333333
CC[n+]1c(/C=C2/C(=O)C(/C=C3\N(Cc4ccccc4)c4ccc(Br)cc4C3(C)C)=C2[O-])[se]c2ccccc21,-5.38361,-6.4641333,-5.7382784,-5.862007233333333
CC[n+]1c(/C=C2/C(=O)C(/C=C3\N(Cc4ccccc4)c4ccc(I)cc4C3(C)C)=C2[O-])[se]c2ccccc21,-5.3334594,-6.3360386,-5.6444993,-5.771332433333334
CC[n+]1c(/C=C2/C(=O)C(/C=C3\N(Cc4ccsc4)c4ccccc4C3(C)C)=C2[O-])[se]c2ccccc21,-5.342755,-6.371949,-5.6401396,-5.784947866666667
CC[n+]1c(/C=C2/C(=O)C(/C=C3\N(Cc4ccsc4)c4ccc(Br)cc4C3(C)C)=C2[O-])[se]c2ccccc21,-5.368684,-6.4432497,-5.736197,-5.8493769
CC[n+]1c(/C=C2/C(=O)C(/C=C3\N(Cc4ccsc4)c4ccc(I)cc4C3(C)C)=C2[O-])[se]c2ccccc21,-5.314591,-6.304173,-5.640084,-5.7529493333333335
CCN1/C(=C\C2=C([O-])/C(=C\c3[se]c4cc(Br)ccc4[n+]3CC)C2=O)C(C)(C)c2ccccc21,-5.3148804,-6.329246,-5.6779466,-5.774024333333334
CCN1/C(=C\C2=C([O-])/C(=C\c3[se]c4cc(Br)ccc4[n+]3CC)C2=O)C(C)(C)c2cc(Br)ccc21,-5.345558,-6.398286,-5.7630987,-5.835647566666666
CCN1/C(=C\C2=C([O-])/C(=C\c3[se]c4cc(Br)ccc4[n+]3CC)C2=O)C(C)(C)c2cc(I)ccc21,-5.2878575,-6.272128,-5.6788216,-5.746269033333333
CCCCN1/C(=C\C2=C([O-])/C(=C\c3[se]c4cc(Br)ccc4[n+]3CC)C2=O)C(C)(C)c2ccccc21,-5.299183,-6.2824802,-5.6639924,-5.748551866666666
CCCCN1/C(=C\C2=C([O-])/C(=C\c3[se]c4cc(Br)ccc4[n+]3CC)C2=O)C(C)(C)c2cc(Br)ccc21,-5.331587,-6.344657,-5.747056,-5.807766666666667
CCCCN1/C(=C\C2=C([O-])/C(=C\c3[se]c4cc(Br)ccc4[n+]3CC)C2=O)C(C)(C)c2cc(I)ccc21,-5.2702694,-6.219741,-5.661411,-5.717140466666667
CC[n+]1c(/C=C2/C(=O)C(/C=C3\N(CCCCN)c4ccccc4C3(C)C)=C2[O-])[se]c2cc(Br)ccc21,-5.3530517,-6.492008,-5.87413,-5.906396566666667
CC[n+]1c(/C=C2/C(=O)C(/C=C3\N(CCCCN)c4ccc(Br)cc4C3(C)C)=C2[O-])[se]c2cc(Br)ccc21,-5.3835783,-6.5220118,-5.909606,-5.9383987000000005
CC[n+]1c(/C=C2/C(=O)C(/C=C3\N(CCCCN)c4ccc(I)cc4C3(C)C)=C2[O-])[se]c2cc(Br)ccc21,-5.3314757,-6.443715,-5.8744082,-5.883199633333334
CC[n+]1c(/C=C2/C(=O)C(/C=C3\N(CCCCO)c4ccccc4C3(C)C)=C2[O-])[se]c2cc(Br)ccc21,-5.2041864,-6.3588634,-5.6773787,-5.7468095
CC[n+]1c(/C=C2/C(=O)C(/C=C3\N(CCCCO)c4ccc(Br)cc4C3(C)C)=C2[O-])[se]c2cc(Br)ccc21,-5.2781477,-6.42066,-5.7691703,-5.822659333333333
CC[n+]1c(/C=C2/C(=O)C(/C=C3\N(CCCCO)c4ccc(I)cc4C3(C)C)=C2[O-])[se]c2cc(Br)ccc21,-5.164176,-6.279944,-5.674351,-5.706157
CC[n+]1c(/C=C2/C(=O)C(/C=C3\N(CCCC[N+](CC)(CC)CC)c4ccccc4C3(C)C)=C2[O-])[se]c2cc(Br)ccc21,-5.6897326,-6.5631914,-5.7237988,-5.992240933333334
CC[n+]1c(/C=C2/C(=O)C(/C=C3\N(CCCC[N+](CC)(CC)CC)c4ccc(Br)cc4C3(C)C)=C2[O-])[se]c2cc(Br)ccc21,-5.669635,-6.65509,-5.801039,-6.041921333333334
CC[n+]1c(/C=C2/C(=O)C(/C=C3\N(CCCC[N+](CC)(CC)CC)c4ccc(I)cc4C3(C)C)=C2[O-])[se]c2cc(Br)ccc21,-5.674759,-6.4997945,-5.7125525,-5.962368666666666
CC[n+]1c(/C=C2/C(=O)C(/C=C3\N(CCCCS(=O)(=O)O)c4ccccc4C3(C)C)=C2[O-])[se]c2cc(Br)ccc21,-5.794979,-6.6889977,-5.4173837,-5.967120133333334
CC[n+]1c(/C=C2/C(=O)C(/C=C3\N(CCCCS(=O)(=O)O)c4ccc(Br)cc4C3(C)C)=C2[O-])[se]c2cc(Br)ccc21,-5.8284993,-6.7133512,-5.485647,-6.009165833333333
CC[n+]1c(/C=C2/C(=O)C(/C=C3\N(CCCCS(=O)(=O)O)c4ccc(I)cc4C3(C)C)=C2[O-])[se]c2cc(Br)ccc21,-5.7915783,-6.6372676,-5.427731,-5.9521923
CC[n+]1c(/C=C2/C(=O)C(/C=C3\N(Cc4ccccc4)c4ccccc4C3(C)C)=C2[O-])[se]c2cc(Br)ccc21,-5.379197,-6.45935,-5.7130136,-5.850520199999999
CC[n+]1c(/C=C2/C(=O)C(/C=C3\N(Cc4ccccc4)c4ccc(Br)cc4C3(C)C)=C2[O-])[se]c2cc(Br)ccc21,-5.3994446,-6.5140505,-5.794074,-5.902523033333334
CC[n+]1c(/C=C2/C(=O)C(/C=C3\N(Cc4ccccc4)c4ccc(I)cc4C3(C)C)=C2[O-])[se]c2cc(Br)ccc21,-5.3559093,-6.4019322,-5.7172537,-5.825031733333334
CC[n+]1c(/C=C2/C(=O)C(/C=C3\N(Cc4ccsc4)c4ccccc4C3(C)C)=C2[O-])[se]c2cc(Br)ccc21,-5.362985,-6.4323606,-5.7104216,-5.835255733333334
CC[n+]1c(/C=C2/C(=O)C(/C=C3\N(Cc4ccsc4)c4ccc(Br)cc4C3(C)C)=C2[O-])[se]c2cc(Br)ccc21,-5.38792,-6.4951835,-5.7955623,-5.8928886
CC[n+]1c(/C=C2/C(=O)C(/C=C3\N(Cc4ccsc4)c4ccc(I)cc4C3(C)C)=C2[O-])[se]c2cc(Br)ccc21,-5.337986,-6.3752556,-5.7124662,-5.808569266666666
CCN1/C(=C\C2=C([O-])/C(=C\c3[se]c4cc(I)ccc4[n+]3CC)C2=O)C(C)(C)c2ccccc21,-5.252862,-6.191174,-5.6121383,-5.685391433333334
CCN1/C(=C\C2=C([O-])/C(=C\c3[se]c4cc(I)ccc4[n+]3CC)C2=O)C(C)(C)c2cc(Br)ccc21,-5.3077645,-6.302884,-5.7143116,-5.7749866999999995
CCN1/C(=C\C2=C([O-])/C(=C\c3[se]c4cc(I)ccc4[n+]3CC)C2=O)C(C)(C)c2cc(I)ccc21,-5.224043,-6.1338406,-5.611269,-5.656384200000001
CCCCN1/C(=C\C2=C([O-])/C(=C\c3[se]c4cc(I)ccc4[n+]3CC)C2=O)C(C)(C)c2ccccc21,-5.236677,-6.1453214,-5.599862,-5.660620133333334
CCCCN1/C(=C\C2=C([O-])/C(=C\c3[se]c4cc(I)ccc4[n+]3CC)C2=O)C(C)(C)c2cc(Br)ccc21,-5.2910194,-6.249555,-5.697973,-5.746182466666667
CCCCN1/C(=C\C2=C([O-])/C(=C\c3[se]c4cc(I)ccc4[n+]3CC)C2=O)C(C)(C)c2cc(I)ccc21,-5.203824,-6.0783296,-5.592193,-5.624782200000001
CC[n+]1c(/C=C2/C(=O)C(/C=C3\N(CCCCN)c4ccccc4C3(C)C)=C2[O-])[se]c2cc(I)ccc21,-5.3203936,-6.414952,-5.84568,-5.8603418666666665
CC[n+]1c(/C=C2/C(=O)C(/C=C3\N(CCCCN)c4ccc(Br)cc4C3(C)C)=C2[O-])[se]c2cc(I)ccc21,-5.3430667,-6.4521995,-5.891962,-5.895742733333333
CC[n+]1c(/C=C2/C(=O)C(/C=C3\N(CCCCN)c4ccc(I)cc4C3(C)C)=C2[O-])[se]c2cc(I)ccc21,-5.294902,-6.3732657,-5.848032,-5.8387332333333335
CC[n+]1c(/C=C2/C(=O)C(/C=C3\N(CCCCO)c4ccccc4C3(C)C)=C2[O-])[se]c2cc(I)ccc21,-5.140325,-6.2465878,-5.624053,-5.670321933333334
CC[n+]1c(/C=C2/C(=O)C(/C=C3\N(CCCCO)c4ccc(Br)cc4C3(C)C)=C2[O-])[se]c2cc(I)ccc21,-5.1867614,-6.3017488,-5.7099686,-5.732826266666667
CC[n+]1c(/C=C2/C(=O)C(/C=C3\N(CCCCO)c4ccc(I)cc4C3(C)C)=C2[O-])[se]c2cc(I)ccc21,-5.087609,-6.156653,-5.6140614,-5.619441133333333
CC[n+]1c(/C=C2/C(=O)C(/C=C3\N(CCCC[N+](CC)(CC)CC)c4ccccc4C3(C)C)=C2[O-])[se]c2cc(I)ccc21,-5.696492,-6.4497285,-5.6667347,-5.937651733333333
CC[n+]1c(/C=C2/C(=O)C(/C=C3\N(CCCC[N+](CC)(CC)CC)c4ccc(Br)cc4C3(C)C)=C2[O-])[se]c2cc(I)ccc21,-5.672256,-6.535601,-5.7418933,-5.9832501
CC[n+]1c(/C=C2/C(=O)C(/C=C3\N(CCCC[N+](CC)(CC)CC)c4ccc(I)cc4C3(C)C)=C2[O-])[se]c2cc(I)ccc21,-5.682297,-6.3874626,-5.657496,-5.9090852
CC[n+]1c(/C=C2/C(=O)C(/C=C3\N(CCCCS(=O)(=O)O)c4ccccc4C3(C)C)=C2[O-])[se]c2cc(I)ccc21,-5.782906,-6.6148643,-5.3839355,-5.927235266666666
CC[n+]1c(/C=C2/C(=O)C(/C=C3\N(CCCCS(=O)(=O)O)c4ccc(Br)cc4C3(C)C)=C2[O-])[se]c2cc(I)ccc21,-5.8024106,-6.6393604,-5.454187,-5.965319333333333
CC[n+]1c(/C=C2/C(=O)C(/C=C3\N(CCCCS(=O)(=O)O)c4ccc(I)cc4C3(C)C)=C2[O-])[se]c2cc(I)ccc21,-5.7739687,-6.5610795,-5.3960752,-5.910374466666667
CC[n+]1c(/C=C2/C(=O)C(/C=C3\N(Cc4ccccc4)c4ccccc4C3(C)C)=C2[O-])[se]c2cc(I)ccc21,-5.345066,-6.353344,-5.6574955,-5.785301833333333
CC[n+]1c(/C=C2/C(=O)C(/C=C3\N(Cc4ccccc4)c4ccc(Br)cc4C3(C)C)=C2[O-])[se]c2cc(I)ccc21,-5.371629,-6.4272585,-5.7550726,-5.851320033333333
CC[n+]1c(/C=C2/C(=O)C(/C=C3\N(Cc4ccccc4)c4ccc(I)cc4C3(C)C)=C2[O-])[se]c2cc(I)ccc21,-5.3174086,-6.2862134,-5.657933,-5.753851666666667
CC[n+]1c(/C=C2/C(=O)C(/C=C3\N(Cc4ccsc4)c4ccccc4C3(C)C)=C2[O-])[se]c2cc(I)ccc21,-5.3272467,-6.322249,-5.6537232,-5.767739633333332
CC[n+]1c(/C=C2/C(=O)C(/C=C3\N(Cc4ccsc4)c4ccc(Br)cc4C3(C)C)=C2[O-])[se]c2cc(I)ccc21,-5.3546042,-6.4031367,-5.7509613,-5.836234066666667
CC[n+]1c(/C=C2/C(=O)C(/C=C3\N(Cc4ccsc4)c4ccc(I)cc4C3(C)C)=C2[O-])[se]c2cc(I)ccc21,-5.296984,-6.259515,-5.6523385,-5.736279166666667
CCCC[n+]1c(/C=C2/C(=O)C(/C=C3\N(CC)c4ccccc4C3(C)C)=C2[O-])[se]c2ccccc21,-5.2642417,-6.2904325,-5.6233773,-5.726017166666668
CCCC[n+]1c(/C=C2/C(=O)C(/C=C3\N(CC)c4ccc(Br)cc4C3(C)C)=C2[O-])[se]c2ccccc21,-5.31144,-6.373147,-5.7223887,-5.802325233333334
CCCC[n+]1c(/C=C2/C(=O)C(/C=C3\N(CC)c4ccc(I)cc4C3(C)C)=C2[O-])[se]c2ccccc21,-5.240519,-6.229046,-5.6274467,-5.6990039
CCCCN1/C(=C\C2=C([O-])/C(=C\c3[se]c4ccccc4[n+]3CCCC)C2=O)C(C)(C)c2ccccc21,-5.255061,-6.2459188,-5.618625,-5.706534933333333
CCCCN1/C(=C\C2=C([O-])/C(=C\c3[se]c4ccccc4[n+]3CCCC)C2=O)C(C)(C)c2cc(Br)ccc21,-5.3010006,-6.3202047,-5.7103643,-5.777189866666667
CCCCN1/C(=C\C2=C([O-])/C(=C\c3[se]c4ccccc4[n+]3CCCC)C2=O)C(C)(C)c2cc(I)ccc21,-5.2326155,-6.182691,-5.6190124,-5.6781063
CCCC[n+]1c(/C=C2/C(=O)C(/C=C3\N(CCCCN)c4ccccc4C3(C)C)=C2[O-])[se]c2ccccc21,-5.320886,-6.4603057,-5.8369217,-5.872704466666668
CCCC[n+]1c(/C=C2/C(=O)C(/C=C3\N(CCCCN)c4ccc(Br)cc4C3(C)C)=C2[O-])[se]c2ccccc21,-5.3585596,-6.480177,-5.886548,-5.9084282
CCCC[n+]1c(/C=C2/C(=O)C(/C=C3\N(CCCCN)c4ccc(I)cc4C3(C)C)=C2[O-])[se]c2ccccc21,-5.3002596,-6.4047513,-5.8382707,-5.847760533333333
CCCC[n+]1c(/C=C2/C(=O)C(/C=C3\N(CCCCO)c4ccccc4C3(C)C)=C2[O-])[se]c2ccccc21,-5.178878,-6.333794,-5.6339064,-5.715526133333333
CCCC[n+]1c(/C=C2/C(=O)C(/C=C3\N(CCCCO)c4ccc(Br)cc4C3(C)C)=C2[O-])[se]c2ccccc21,-5.227829,-6.3643093,-5.716897,-5.7696784333333335
CCCC[n+]1c(/C=C2/C(=O)C(/C=C3\N(CCCCO)c4ccc(I)cc4C3(C)C)=C2[O-])[se]c2ccccc21,-5.146041,-6.2606444,-5.6333375,-5.680007633333333
CCCC[n+]1c(/C=C2/C(=O)C(/C=C3\N(CCCC[N+](CC)(CC)CC)c4ccccc4C3(C)C)=C2[O-])[se]c2ccccc21,-5.693692,-6.581872,-5.7039866,-5.993183533333333
CCCC[n+]1c(/C=C2/C(=O)C(/C=C3\N(CCCC[N+](CC)(CC)CC)c4ccc(Br)cc4C3(C)C)=C2[O-])[se]c2ccccc21,-5.6796308,-6.6602106,-5.776281,-6.038707466666668
CCCC[n+]1c(/C=C2/C(=O)C(/C=C3\N(CCCC[N+](CC)(CC)CC)c4ccc(I)cc4C3(C)C)=C2[O-])[se]c2ccccc21,-5.677852,-6.518242,-5.694961,-5.963684999999999
CCCC[n+]1c(/C=C2/C(=O)C(/C=C3\N(CCCCS(=O)(=O)O)c4ccccc4C3(C)C)=C2[O-])[se]c2ccccc21,-5.736067,-6.662275,-5.3718214,-5.9233878
CCCC[n+]1c(/C=C2/C(=O)C(/C=C3\N(CCCCS(=O)(=O)O)c4ccc(Br)cc4C3(C)C)=C2[O-])[se]c2ccccc21,-5.7687364,-6.679975,-5.441532,-5.963414466666666
CCCC[n+]1c(/C=C2/C(=O)C(/C=C3\N(CCCCS(=O)(=O)O)c4ccc(I)cc4C3(C)C)=C2[O-])[se]c2ccccc21,-5.7322745,-6.604685,-5.383747,-5.906902166666666
CCCC[n+]1c(/C=C2/C(=O)C(/C=C3\N(Cc4ccccc4)c4ccccc4C3(C)C)=C2[O-])[se]c2ccccc21,-5.357496,-6.456343,-5.665097,-5.826312000000001
CCCC[n+]1c(/C=C2/C(=O)C(/C=C3\N(Cc4ccccc4)c4ccc(Br)cc4C3(C)C)=C2[O-])[se]c2ccccc21,-5.3746114,-6.5041943,-5.7523084,-5.877038033333334
CCCC[n+]1c(/C=C2/C(=O)C(/C=C3\N(Cc4ccccc4)c4ccc(I)cc4C3(C)C)=C2[O-])[se]c2ccccc21,-5.3346124,-6.396189,-5.66757,-5.799457133333334
CCCC[n+]1c(/C=C2/C(=O)C(/C=C3\N(Cc4ccsc4)c4ccccc4C3(C)C)=C2[O-])[se]c2ccccc21,-5.340772,-6.425371,-5.6609335,-5.8090255
CCCC[n+]1c(/C=C2/C(=O)C(/C=C3\N(Cc4ccsc4)c4ccc(Br)cc4C3(C)C)=C2[O-])[se]c2ccccc21,-5.3550515,-6.472327,-5.7497325,-5.859037000000001
CCCC[n+]1c(/C=C2/C(=O)C(/C=C3\N(Cc4ccsc4)c4ccc(I)cc4C3(C)C)=C2[O-])[se]c2ccccc21,-5.3132625,-6.3599772,-5.661985,-5.778408233333333
CCCC[n+]1c(/C=C2/C(=O)C(/C=C3\N(CC)c4ccccc4C3(C)C)=C2[O-])[se]c2cc(Br)ccc21,-5.3066006,-6.3743253,-5.702196,-5.794373966666666
CCCC[n+]1c(/C=C2/C(=O)C(/C=C3\N(CC)c4ccc(Br)cc4C3(C)C)=C2[O-])[se]c2cc(Br)ccc21,-5.3287783,-6.418774,-5.7817287,-5.8430936666666655
CCCC[n+]1c(/C=C2/C(=O)C(/C=C3\N(CC)c4ccc(I)cc4C3(C)C)=C2[O-])[se]c2cc(Br)ccc21,-5.2792273,-6.305457,-5.7042108,-5.762965033333333
CCCCN1/C(=C\C2=C([O-])/C(=C\c3[se]c4cc(Br)ccc4[n+]3CCCC)C2=O)C(C)(C)c2ccccc21,-5.29522,-6.3233466,-5.69309,-5.7705522
CCCCN1/C(=C\C2=C([O-])/C(=C\c3[se]c4cc(Br)ccc4[n+]3CCCC)C2=O)C(C)(C)c2cc(Br)ccc21,-5.32407,-6.3674364,-5.769925,-5.820477133333333
CCCCN1/C(=C\C2=C([O-])/C(=C\c3[se]c4cc(Br)ccc4[n+]3CCCC)C2=O)C(C)(C)c2cc(I)ccc21,-5.2680078,-6.2577333,-5.692427,-5.739389366666667
CCCC[n+]1c(/C=C2/C(=O)C(/C=C3\N(CCCCN)c4ccccc4C3(C)C)=C2[O-])[se]c2cc(Br)ccc21,-5.3496623,-6.4898305,-5.879507,-5.906333266666667
CCCC[n+]1c(/C=C2/C(=O)C(/C=C3\N(CCCCN)c4ccc(Br)cc4C3(C)C)=C2[O-])[se]c2cc(Br)ccc21,-5.3838596,-6.5063934,-5.9184966,-5.936249866666667
CCCC[n+]1c(/C=C2/C(=O)C(/C=C3\N(CCCCN)c4ccc(I)cc4C3(C)C)=C2[O-])[se]c2cc(Br)ccc21,-5.3314877,-6.4356875,-5.880883,-5.882686066666667
CCCC[n+]1c(/C=C2/C(=O)C(/C=C3\N(CCCCO)c4ccccc4C3(C)C)=C2[O-])[se]c2cc(Br)ccc21,-5.2238855,-6.3707924,-5.7022142,-5.7656307
CCCC[n+]1c(/C=C2/C(=O)C(/C=C3\N(CCCCO)c4ccc(Br)cc4C3(C)C)=C2[O-])[se]c2cc(Br)ccc21,-5.2785916,-6.4071207,-5.7825484,-5.822753566666667
CCCC[n+]1c(/C=C2/C(=O)C(/C=C3\N(CCCCO)c4ccc(I)cc4C3(C)C)=C2[O-])[se]c2cc(Br)ccc21,-5.194202,-6.2975054,-5.7008514,-5.730852933333334
CCCC[n+]1c(/C=C2/C(=O)C(/C=C3\N(CCCC[N+](CC)(CC)CC)c4ccccc4C3(C)C)=C2[O-])[se]c2cc(Br)ccc21,-5.68051,-6.6434236,-5.7583685,-6.027434033333333
CCCC[n+]1c(/C=C2/C(=O)C(/C=C3\N(CCCC[N+](CC)(CC)CC)c4ccc(Br)cc4C3(C)C)=C2[O-])[se]c2cc(Br)ccc21,-5.668537,-6.733071,-5.8352103,-6.078939433333333
CCCC[n+]1c(/C=C2/C(=O)C(/C=C3\N(CCCC[N+](CC)(CC)CC)c4ccc(I)cc4C3(C)C)=C2[O-])[se]c2cc(Br)ccc21,-5.6676807,-6.581097,-5.7468038,-5.998527166666666
CCCC[n+]1c(/C=C2/C(=O)C(/C=C3\N(CCCCS(=O)(=O)O)c4ccccc4C3(C)C)=C2[O-])[se]c2cc(Br)ccc21,-5.761126,-6.6833496,-5.4290347,-5.9578367666666665
CCCC[n+]1c(/C=C2/C(=O)C(/C=C3\N(CCCCS(=O)(=O)O)c4ccc(Br)cc4C3(C)C)=C2[O-])[se]c2cc(Br)ccc21,-5.7997084,-6.705021,-5.4948115,-5.9998469666666665
CCCC[n+]1c(/C=C2/C(=O)C(/C=C3\N(CCCCS(=O)(=O)O)c4ccc(I)cc4C3(C)C)=C2[O-])[se]c2cc(Br)ccc21,-5.766385,-6.628839,-5.4373693,-5.944197766666666
CCCC[n+]1c(/C=C2/C(=O)C(/C=C3\N(Cc4ccccc4)c4ccccc4C3(C)C)=C2[O-])[se]c2cc(Br)ccc21,-5.3702316,-6.508681,-5.730404,-5.8697722
CCCC[n+]1c(/C=C2/C(=O)C(/C=C3\N(Cc4ccccc4)c4ccc(Br)cc4C3(C)C)=C2[O-])[se]c2cc(Br)ccc21,-5.389353,-6.54131,-5.8103914,-5.9136847999999995
CCCC[n+]1c(/C=C2/C(=O)C(/C=C3\N(Cc4ccccc4)c4ccc(I)cc4C3(C)C)=C2[O-])[se]c2cc(Br)ccc21,-5.3478794,-6.451039,-5.737613,-5.845510466666667
CCCC[n+]1c(/C=C2/C(=O)C(/C=C3\N(Cc4ccsc4)c4ccccc4C3(C)C)=C2[O-])[se]c2cc(Br)ccc21,-5.3500996,-6.475159,-5.726954,-5.850737533333334
CCCC[n+]1c(/C=C2/C(=O)C(/C=C3\N(Cc4ccsc4)c4ccc(Br)cc4C3(C)C)=C2[O-])[se]c2cc(Br)ccc21,-5.3738227,-6.5199323,-5.8060713,-5.8999421
CCCC[n+]1c(/C=C2/C(=O)C(/C=C3\N(Cc4ccsc4)c4ccc(I)cc4C3(C)C)=C2[O-])[se]c2cc(Br)ccc21,-5.325628,-6.4151187,-5.7312884,-5.8240117
CCCC[n+]1c(/C=C2/C(=O)C(/C=C3\N(CC)c4ccccc4C3(C)C)=C2[O-])[se]c2cc(I)ccc21,-5.250819,-6.249148,-5.641424,-5.713797
CCCC[n+]1c(/C=C2/C(=O)C(/C=C3\N(CC)c4ccc(Br)cc4C3(C)C)=C2[O-])[se]c2cc(I)ccc21,-5.2923226,-6.3255553,-5.7352304,-5.784369433333333
CCCC[n+]1c(/C=C2/C(=O)C(/C=C3\N(CC)c4ccc(I)cc4C3(C)C)=C2[O-])[se]c2cc(I)ccc21,-5.226592,-6.18664,-5.6438527,-5.6856949000000006
CCCCN1/C(=C\C2=C([O-])/C(=C\c3[se]c4cc(I)ccc4[n+]3CCCC)C2=O)C(C)(C)c2ccccc21,-5.242602,-6.202307,-5.6350856,-5.693331533333333
CCCCN1/C(=C\C2=C([O-])/C(=C\c3[se]c4cc(I)ccc4[n+]3CCCC)C2=O)C(C)(C)c2cc(Br)ccc21,-5.2811136,-6.2724533,-5.724207,-5.759257966666667
CCCCN1/C(=C\C2=C([O-])/C(=C\c3[se]c4cc(I)ccc4[n+]3CCCC)C2=O)C(C)(C)c2cc(I)ccc21,-5.2164435,-6.138722,-5.635096,-5.6634205
CCCC[n+]1c(/C=C2/C(=O)C(/C=C3\N(CCCCN)c4ccccc4C3(C)C)=C2[O-])[se]c2cc(I)ccc21,-5.310381,-6.41768,-5.8526783,-5.860246433333334
CCCC[n+]1c(/C=C2/C(=O)C(/C=C3\N(CCCCN)c4ccc(Br)cc4C3(C)C)=C2[O-])[se]c2cc(I)ccc21,-5.3485045,-6.4401813,-5.901613,-5.896766266666667
CCCC[n+]1c(/C=C2/C(=O)C(/C=C3\N(CCCCN)c4ccc(I)cc4C3(C)C)=C2[O-])[se]c2cc(I)ccc21,-5.2871733,-6.3638415,-5.852719,-5.834577933333333
CCCC[n+]1c(/C=C2/C(=O)C(/C=C3\N(CCCCO)c4ccccc4C3(C)C)=C2[O-])[se]c2cc(I)ccc21,-5.161028,-6.2768826,-5.654544,-5.697484866666667
CCCC[n+]1c(/C=C2/C(=O)C(/C=C3\N(CCCCO)c4ccc(Br)cc4C3(C)C)=C2[O-])[se]c2cc(I)ccc21,-5.208511,-6.303348,-5.7342024,-5.748687133333333
CCCC[n+]1c(/C=C2/C(=O)C(/C=C3\N(CCCCO)c4ccc(I)cc4C3(C)C)=C2[O-])[se]c2cc(I)ccc21,-5.119355,-6.1917725,-5.6487994,-5.653308966666667
CCCC[n+]1c(/C=C2/C(=O)C(/C=C3\N(CCCC[N+](CC)(CC)CC)c4ccccc4C3(C)C)=C2[O-])[se]c2cc(I)ccc21,-5.67808,-6.5334,-5.705609,-5.9723630000000005
CCCC[n+]1c(/C=C2/C(=O)C(/C=C3\N(CCCC[N+](CC)(CC)CC)c4ccc(Br)cc4C3(C)C)=C2[O-])[se]c2cc(I)ccc21,-5.667628,-6.612627,-5.7748876,-6.018380866666667
CCCC[n+]1c(/C=C2/C(=O)C(/C=C3\N(CCCC[N+](CC)(CC)CC)c4ccc(I)cc4C3(C)C)=C2[O-])[se]c2cc(I)ccc21,-5.66481,-6.47161,-5.694704,-5.943708000000001
CCCC[n+]1c(/C=C2/C(=O)C(/C=C3\N(CCCCS(=O)(=O)O)c4ccccc4C3(C)C)=C2[O-])[se]c2cc(I)ccc21,-5.7303762,-6.608343,-5.3980384,-5.912252533333334
CCCC[n+]1c(/C=C2/C(=O)C(/C=C3\N(CCCCS(=O)(=O)O)c4ccc(Br)cc4C3(C)C)=C2[O-])[se]c2cc(I)ccc21,-5.77184,-6.6297336,-5.4628444,-5.9548060000000005
CCCC[n+]1c(/C=C2/C(=O)C(/C=C3\N(CCCCS(=O)(=O)O)c4ccc(I)cc4C3(C)C)=C2[O-])[se]c2cc(I)ccc21,-5.7336864,-6.5527096,-5.4062157,-5.897537233333334
CCCC[n+]1c(/C=C2/C(=O)C(/C=C3\N(Cc4ccccc4)c4ccccc4C3(C)C)=C2[O-])[se]c2cc(I)ccc21,-5.3436866,-6.412658,-5.680352,-5.8122322
CCCC[n+]1c(/C=C2/C(=O)C(/C=C3\N(Cc4ccccc4)c4ccc(Br)cc4C3(C)C)=C2[O-])[se]c2cc(I)ccc21,-5.36274,-6.4626217,-5.773004,-5.8661219
CCCC[n+]1c(/C=C2/C(=O)C(/C=C3\N(Cc4ccccc4)c4ccc(I)cc4C3(C)C)=C2[O-])[se]c2cc(I)ccc21,-5.3161573,-6.3469853,-5.6835594,-5.782234
CCCC[n+]1c(/C=C2/C(=O)C(/C=C3\N(Cc4ccsc4)c4ccccc4C3(C)C)=C2[O-])[se]c2cc(I)ccc21,-5.3232517,-6.377511,-5.675981,-5.7922479
CCCC[n+]1c(/C=C2/C(=O)C(/C=C3\N(Cc4ccsc4)c4ccc(Br)cc4C3(C)C)=C2[O-])[se]c2cc(I)ccc21,-5.3403935,-6.430532,-5.7645073,-5.845144266666668
CCCC[n+]1c(/C=C2/C(=O)C(/C=C3\N(Cc4ccsc4)c4ccc(I)cc4C3(C)C)=C2[O-])[se]c2cc(I)ccc21,-5.292366,-6.308171,-5.6758356,-5.758790866666666
CCN1/C(=C\C2=C([O-])/C(=C\c3[se]c4ccccc4[n+]3CCCCN)C2=O)C(C)(C)c2ccccc21,-5.3264394,-6.5174003,-5.858478,-5.900772566666667
CCN1/C(=C\C2=C([O-])/C(=C\c3[se]c4ccccc4[n+]3CCCCN)C2=O)C(C)(C)c2cc(Br)ccc21,-5.3470907,-6.539027,-5.9038224,-5.929980033333333
CCN1/C(=C\C2=C([O-])/C(=C\c3[se]c4ccccc4[n+]3CCCCN)C2=O)C(C)(C)c2cc(I)ccc21,-5.3079047,-6.4682565,-5.868203,-5.881454733333334
CCCCN1/C(=C\C2=C([O-])/C(=C\c3[se]c4ccccc4[n+]3CCCCN)C2=O)C(C)(C)c2ccccc21,-5.315129,-6.4569116,-5.846827,-5.8729558666666675
CCCCN1/C(=C\C2=C([O-])/C(=C\c3[se]c4ccccc4[n+]3CCCCN)C2=O)C(C)(C)c2cc(Br)ccc21,-5.351259,-6.4741983,-5.892172,-5.905876433333333
CCCCN1/C(=C\C2=C([O-])/C(=C\c3[se]c4ccccc4[n+]3CCCCN)C2=O)C(C)(C)c2cc(I)ccc21,-5.2951427,-6.4015303,-5.848659,-5.848444000000001
CC1(C)/C(=C/C2=C([O-])/C(=C\c3[se]c4ccccc4[n+]3CCCCN)C2=O)N(CCCCN)c2ccccc21,-5.3650723,-6.570805,-5.9487915,-5.961556266666666
CC1(C)/C(=C/C2=C([O-])/C(=C\c3[se]c4ccccc4[n+]3CCCCN)C2=O)N(CCCCN)c2ccc(Br)cc21,-5.4203925,-6.6189027,-5.9860954,-6.008463533333334
CC1(C)/C(=C/C2=C([O-])/C(=C\c3[se]c4ccccc4[n+]3CCCCN)C2=O)N(CCCCN)c2ccc(I)cc21,-5.358045,-6.5242634,-5.949685,-5.943997799999999
CC1(C)/C(=C/C2=C([O-])/C(=C\c3[se]c4ccccc4[n+]3CCCCN)C2=O)N(CCCCO)c2ccccc21,-5.2750654,-6.4896398,-5.83308,-5.8659284000000005
CC1(C)/C(=C/C2=C([O-])/C(=C\c3[se]c4ccccc4[n+]3CCCCN)C2=O)N(CCCCO)c2ccc(Br)cc21,-5.365069,-6.54287,-5.897791,-5.935243333333332
CC1(C)/C(=C/C2=C([O-])/C(=C\c3[se]c4ccccc4[n+]3CCCCN)C2=O)N(CCCCO)c2ccc(I)cc21,-5.2630396,-6.436719,-5.8438854,-5.8478813333333335
CC[N+](CC)(CC)CCCCN1/C(=C\C2=C([O-])/C(=C\c3[se]c4ccccc4[n+]3CCCCN)C2=O)C(C)(C)c2ccccc21,-5.6404114,-6.8876114,-5.919963,-6.1493286
CC[N+](CC)(CC)CCCCN1/C(=C\C2=C([O-])/C(=C\c3[se]c4ccccc4[n+]3CCCCN)C2=O)C(C)(C)c2cc(Br)ccc21,-5.623802,-6.9636016,-6.002195,-6.196532866666668
CC[N+](CC)(CC)CCCCN1/C(=C\C2=C([O-])/C(=C\c3[se]c4ccccc4[n+]3CCCCN)C2=O)C(C)(C)c2cc(I)ccc21,-5.633354,-6.8207264,-5.906129,-6.1200698
CC1(C)/C(=C/C2=C([O-])/C(=C\c3[se]c4ccccc4[n+]3CCCCN)C2=O)N(CCCCS(=O)(=O)O)c2ccccc21,-5.79059,-6.7817745,-5.526643,-6.033002499999999
CC1(C)/C(=C/C2=C([O-])/C(=C\c3[se]c4ccccc4[n+]3CCCCN)C2=O)N(CCCCS(=O)(=O)O)c2ccc(Br)cc21,-5.8268986,-6.81779,-5.5993404,-6.0813429999999995
CC1(C)/C(=C/C2=C([O-])/C(=C\c3[se]c4ccccc4[n+]3CCCCN)C2=O)N(CCCCS(=O)(=O)O)c2ccc(I)cc21,-5.797554,-6.726671,-5.540211,-6.021478666666667
CC1(C)/C(=C/C2=C([O-])/C(=C\c3[se]c4ccccc4[n+]3CCCCN)C2=O)N(Cc2ccccc2)c2ccccc21,-5.3794346,-6.6151867,-5.871256,-5.955292433333333
CC1(C)/C(=C/C2=C([O-])/C(=C\c3[se]c4ccccc4[n+]3CCCCN)C2=O)N(Cc2ccccc2)c2ccc(Br)cc21,-5.398777,-6.6375604,-5.925573,-5.987303466666667
CC1(C)/C(=C/C2=C([O-])/C(=C\c3[se]c4ccccc4[n+]3CCCCN)C2=O)N(Cc2ccccc2)c2ccc(I)cc21,-5.3622174,-6.567062,-5.8824883,-5.937255899999999
CC1(C)/C(=C/C2=C([O-])/C(=C\c3[se]c4ccccc4[n+]3CCCCN)C2=O)N(Cc2ccsc2)c2ccccc21,-5.3671126,-6.590369,-5.872954,-5.943478533333334
CC1(C)/C(=C/C2=C([O-])/C(=C\c3[se]c4ccccc4[n+]3CCCCN)C2=O)N(Cc2ccsc2)c2ccc(Br)cc21,-5.3961873,-6.6181684,-5.922846,-5.979067233333333
CC1(C)/C(=C/C2=C([O-])/C(=C\c3[se]c4ccccc4[n+]3CCCCN)C2=O)N(Cc2ccsc2)c2ccc(I)cc21,-5.3478303,-6.543206,-5.8796787,-5.923571666666667
CCN1/C(=C\C2=C([O-])/C(=C\c3[se]c4cc(Br)ccc4[n+]3CCCCN)C2=O)C(C)(C)c2ccccc21,-5.343453,-6.5484514,-5.8988867,-5.9302637
CCN1/C(=C\C2=C([O-])/C(=C\c3[se]c4cc(Br)ccc4[n+]3CCCCN)C2=O)C(C)(C)c2cc(Br)ccc21,-5.375034,-6.567192,-5.933068,-5.958431333333333
CCN1/C(=C\C2=C([O-])/C(=C\c3[se]c4cc(Br)ccc4[n+]3CCCCN)C2=O)C(C)(C)c2cc(I)ccc21,-5.3244996,-6.4967985,-5.9039474,-5.908415166666667
CCCCN1/C(=C\C2=C([O-])/C(=C\c3[se]c4cc(Br)ccc4[n+]3CCCCN)C2=O)C(C)(C)c2ccccc21,-5.3434896,-6.484917,-5.8867993,-5.905068633333333
CCCCN1/C(=C\C2=C([O-])/C(=C\c3[se]c4cc(Br)ccc4[n+]3CCCCN)C2=O)C(C)(C)c2cc(Br)ccc21,-5.383568,-6.5059414,-5.9235187,-5.937676033333333
CCCCN1/C(=C\C2=C([O-])/C(=C\c3[se]c4cc(Br)ccc4[n+]3CCCCN)C2=O)C(C)(C)c2cc(I)ccc21,-5.326275,-6.431874,-5.889521,-5.882556666666666
CC1(C)/C(=C/C2=C([O-])/C(=C\c3[se]c4cc(Br)ccc4[n+]3CCCCN)C2=O)N(CCCCN)c2ccccc21,-5.4011564,-6.6130595,-5.9802027,-5.998139533333333
CC1(C)/C(=C/C2=C([O-])/C(=C\c3[se]c4cc(Br)ccc4[n+]3CCCCN)C2=O)N(CCCCN)c2ccc(Br)cc21,-5.4531717,-6.6656585,-6.014018,-6.0442827333333335
CC1(C)/C(=C/C2=C([O-])/C(=C\c3[se]c4cc(Br)ccc4[n+]3CCCCN)C2=O)N(CCCCN)c2ccc(I)cc21,-5.3916154,-6.5661583,-5.9788356,-5.978869766666667
CC1(C)/C(=C/C2=C([O-])/C(=C\c3[se]c4cc(Br)ccc4[n+]3CCCCN)C2=O)N(CCCCO)c2ccccc21,-5.336484,-6.5331125,-5.883369,-5.917655166666667
CC1(C)/C(=C/C2=C([O-])/C(=C\c3[se]c4cc(Br)ccc4[n+]3CCCCN)C2=O)N(CCCCO)c2ccc(Br)cc21,-5.4119573,-6.5911574,-5.9376965,-5.980270400000001
CC1(C)/C(=C/C2=C([O-])/C(=C\c3[se]c4cc(Br)ccc4[n+]3CCCCN)C2=O)N(CCCCO)c2ccc(I)cc21,-5.326778,-6.4864473,-5.8900123,-5.901079200000001
CC[N+](CC)(CC)CCCCN1/C(=C\C2=C([O-])/C(=C\c3[se]c4cc(Br)ccc4[n+]3CCCCN)C2=O)C(C)(C)c2ccccc21,-5.6291566,-6.9459944,-5.9764977,-6.1838829
CC[N+](CC)(CC)CCCCN1/C(=C\C2=C([O-])/C(=C\c3[se]c4cc(Br)ccc4[n+]3CCCCN)C2=O)C(C)(C)c2cc(Br)ccc21,-5.6156106,-7.0214796,-6.0655103,-6.234200166666667
CC[N+](CC)(CC)CCCCN1/C(=C\C2=C([O-])/C(=C\c3[se]c4cc(Br)ccc4[n+]3CCCCN)C2=O)C(C)(C)c2cc(I)ccc21,-5.6183248,-6.8740416,-5.9599094,-6.1507586
CC1(C)/C(=C/C2=C([O-])/C(=C\c3[se]c4cc(Br)ccc4[n+]3CCCCN)C2=O)N(CCCCS(=O)(=O)O)c2ccccc21,-5.8149896,-6.814919,-5.5834947,-6.0711344333333335
CC1(C)/C(=C/C2=C([O-])/C(=C\c3[se]c4cc(Br)ccc4[n+]3CCCCN)C2=O)N(CCCCS(=O)(=O)O)c2ccc(Br)cc21,-5.86199,-6.8585997,-5.666358,-6.128982566666667
CC1(C)/C(=C/C2=C([O-])/C(=C\c3[se]c4cc(Br)ccc4[n+]3CCCCN)C2=O)N(CCCCS(=O)(=O)O)c2ccc(I)cc21,-5.8300457,-6.755921,-5.5960174,-6.060661366666667
CC1(C)/C(=C/C2=C([O-])/C(=C\c3[se]c4cc(Br)ccc4[n+]3CCCCN)C2=O)N(Cc2ccccc2)c2ccccc21,-5.393082,-6.647204,-5.916108,-5.985464666666666
CC1(C)/C(=C/C2=C([O-])/C(=C\c3[se]c4cc(Br)ccc4[n+]3CCCCN)C2=O)N(Cc2ccccc2)c2ccc(Br)cc21,-5.422131,-6.670088,-5.962597,-6.018272
CC1(C)/C(=C/C2=C([O-])/C(=C\c3[se]c4cc(Br)ccc4[n+]3CCCCN)C2=O)N(Cc2ccccc2)c2ccc(I)cc21,-5.3804297,-6.599682,-5.9237022,-5.967937966666667
CC1(C)/C(=C/C2=C([O-])/C(=C\c3[se]c4cc(Br)ccc4[n+]3CCCCN)C2=O)N(Cc2ccsc2)c2ccccc21,-5.3877783,-6.6238856,-5.9132385,-5.974967466666667
CC1(C)/C(=C/C2=C([O-])/C(=C\c3[se]c4cc(Br)ccc4[n+]3CCCCN)C2=O)N(Cc2ccsc2)c2ccc(Br)cc21,-5.4179964,-6.6478596,-5.9539437,-6.0065999
CC1(C)/C(=C/C2=C([O-])/C(=C\c3[se]c4cc(Br)ccc4[n+]3CCCCN)C2=O)N(Cc2ccsc2)c2ccc(I)cc21,-5.372982,-6.574271,-5.916802,-5.9546850000000004
CCN1/C(=C\C2=C([O-])/C(=C\c3[se]c4cc(I)ccc4[n+]3CCCCN)C2=O)C(C)(C)c2ccccc21,-5.316506,-6.482628,-5.8792567,-5.8927969000000004
CCN1/C(=C\C2=C([O-])/C(=C\c3[se]c4cc(I)ccc4[n+]3CCCCN)C2=O)C(C)(C)c2cc(Br)ccc21,-5.3376436,-6.4986696,-5.9158325,-5.9173819
CCN1/C(=C\C2=C([O-])/C(=C\c3[se]c4cc(I)ccc4[n+]3CCCCN)C2=O)C(C)(C)c2cc(I)ccc21,-5.292899,-6.429825,-5.882208,-5.868310666666666
CCCCN1/C(=C\C2=C([O-])/C(=C\c3[se]c4cc(I)ccc4[n+]3CCCCN)C2=O)C(C)(C)c2ccccc21,-5.3043265,-6.4142756,-5.8626957,-5.8604326
CCCCN1/C(=C\C2=C([O-])/C(=C\c3[se]c4cc(I)ccc4[n+]3CCCCN)C2=O)C(C)(C)c2cc(Br)ccc21,-5.339157,-6.43339,-5.9044394,-5.8923288000000005
CCCCN1/C(=C\C2=C([O-])/C(=C\c3[se]c4cc(I)ccc4[n+]3CCCCN)C2=O)C(C)(C)c2cc(I)ccc21,-5.281005,-6.3608227,-5.8626266,-5.8348181
CC1(C)/C(=C/C2=C([O-])/C(=C\c3[se]c4cc(I)ccc4[n+]3CCCCN)C2=O)N(CCCCN)c2ccccc21,-5.359611,-6.5310664,-5.9560084,-5.948895266666668
CC1(C)/C(=C/C2=C([O-])/C(=C\c3[se]c4cc(I)ccc4[n+]3CCCCN)C2=O)N(CCCCN)c2ccc(Br)cc21,-5.4109974,-6.5793257,-5.989166,-5.993163033333334
CC1(C)/C(=C/C2=C([O-])/C(=C\c3[se]c4cc(I)ccc4[n+]3CCCCN)C2=O)N(CCCCN)c2ccc(I)cc21,-5.346584,-6.489464,-5.9568386,-5.9309622
CC1(C)/C(=C/C2=C([O-])/C(=C\c3[se]c4cc(I)ccc4[n+]3CCCCN)C2=O)N(CCCCO)c2ccccc21,-5.267265,-6.4441833,-5.8542676,-5.855238633333333
CC1(C)/C(=C/C2=C([O-])/C(=C\c3[se]c4cc(I)ccc4[n+]3CCCCN)C2=O)N(CCCCO)c2ccc(Br)cc21,-5.358397,-6.5037074,-5.9111814,-5.9244286
CC1(C)/C(=C/C2=C([O-])/C(=C\c3[se]c4cc(I)ccc4[n+]3CCCCN)C2=O)N(CCCCO)c2ccc(I)cc21,-5.252159,-6.3916426,-5.860007,-5.834602866666667
CC[N+](CC)(CC)CCCCN1/C(=C\C2=C([O-])/C(=C\c3[se]c4cc(I)ccc4[n+]3CCCCN)C2=O)C(C)(C)c2ccccc21,-5.6316543,-6.8355246,-5.916354,-6.1278443
CC[N+](CC)(CC)CCCCN1/C(=C\C2=C([O-])/C(=C\c3[se]c4cc(I)ccc4[n+]3CCCCN)C2=O)C(C)(C)c2cc(Br)ccc21,-5.6150956,-6.9038453,-5.9941688,-6.171036566666667
CC[N+](CC)(CC)CCCCN1/C(=C\C2=C([O-])/C(=C\c3[se]c4cc(I)ccc4[n+]3CCCCN)C2=O)C(C)(C)c2cc(I)ccc21,-5.623795,-6.7716084,-5.9036703,-6.099691233333334
CC1(C)/C(=C/C2=C([O-])/C(=C\c3[se]c4cc(I)ccc4[n+]3CCCCN)C2=O)N(CCCCS(=O)(=O)O)c2ccccc21,-5.796758,-6.729273,-5.550944,-6.025658333333333
CC1(C)/C(=C/C2=C([O-])/C(=C\c3[se]c4cc(I)ccc4[n+]3CCCCN)C2=O)N(CCCCS(=O)(=O)O)c2ccc(Br)cc21,-5.839662,-6.761467,-5.6248765,-6.075335166666666
CC1(C)/C(=C/C2=C([O-])/C(=C\c3[se]c4cc(I)ccc4[n+]3CCCCN)C2=O)N(CCCCS(=O)(=O)O)c2ccc(I)cc21,-5.805472,-6.678047,-5.564775,-6.016098
CC1(C)/C(=C/C2=C([O-])/C(=C\c3[se]c4cc(I)ccc4[n+]3CCCCN)C2=O)N(Cc2ccccc2)c2ccccc21,-5.370595,-6.5794992,-5.8929496,-5.947681266666666
CC1(C)/C(=C/C2=C([O-])/C(=C\c3[se]c4cc(I)ccc4[n+]3CCCCN)C2=O)N(Cc2ccccc2)c2ccc(Br)cc21,-5.393728,-6.6008825,-5.93997,-5.9781935
CC1(C)/C(=C/C2=C([O-])/C(=C\c3[se]c4cc(I)ccc4[n+]3CCCCN)C2=O)N(Cc2ccccc2)c2ccc(I)cc21,-5.3526297,-6.5324845,-5.9010196,-5.928711266666667
CC1(C)/C(=C/C2=C([O-])/C(=C\c3[se]c4cc(I)ccc4[n+]3CCCCN)C2=O)N(Cc2ccsc2)c2ccccc21,-5.3564124,-6.5560374,-5.890383,-5.934277600000001
CC1(C)/C(=C/C2=C([O-])/C(=C\c3[se]c4cc(I)ccc4[n+]3CCCCN)C2=O)N(Cc2ccsc2)c2ccc(Br)cc21,-5.388867,-6.5792994,-5.9329762,-5.967047533333333
CC1(C)/C(=C/C2=C([O-])/C(=C\c3[se]c4cc(I)ccc4[n+]3CCCCN)C2=O)N(Cc2ccsc2)c2ccc(I)cc21,-5.3352175,-6.5047054,-5.893261,-5.9110613
CCN1/C(=C\C2=C([O-])/C(=C\c3[se]c4ccccc4[n+]3CCCCO)C2=O)C(C)(C)c2ccccc21,-5.188339,-6.3962975,-5.6673584,-5.750664966666666
CCN1/C(=C\C2=C([O-])/C(=C\c3[se]c4ccccc4[n+]3CCCCO)C2=O)C(C)(C)c2cc(Br)ccc21,-5.233646,-6.4342446,-5.758237,-5.8087092
CCN1/C(=C\C2=C([O-])/C(=C\c3[se]c4ccccc4[n+]3CCCCO)C2=O)C(C)(C)c2cc(I)ccc21,-5.14785,-6.3199344,-5.6701355,-5.712639966666667
CCCCN1/C(=C\C2=C([O-])/C(=C\c3[se]c4ccccc4[n+]3CCCCO)C2=O)C(C)(C)c2ccccc21,-5.1677604,-6.3246193,-5.652199,-5.714859566666667
CCCCN1/C(=C\C2=C([O-])/C(=C\c3[se]c4ccccc4[n+]3CCCCO)C2=O)C(C)(C)c2cc(Br)ccc21,-5.2242208,-6.357579,-5.7367935,-5.772864433333333
CCCCN1/C(=C\C2=C([O-])/C(=C\c3[se]c4ccccc4[n+]3CCCCO)C2=O)C(C)(C)c2cc(I)ccc21,-5.129504,-6.244562,-5.648699,-5.674255
CC1(C)/C(=C/C2=C([O-])/C(=C\c3[se]c4ccccc4[n+]3CCCCO)C2=O)N(CCCCN)c2ccccc21,-5.2869935,-6.4918966,-5.8446474,-5.874512500000001
CC1(C)/C(=C/C2=C([O-])/C(=C\c3[se]c4ccccc4[n+]3CCCCO)C2=O)N(CCCCN)c2ccc(Br)cc21,-5.373655,-6.545475,-5.9041343,-5.941088099999999
CC1(C)/C(=C/C2=C([O-])/C(=C\c3[se]c4ccccc4[n+]3CCCCO)C2=O)N(CCCCN)c2ccc(I)cc21,-5.274886,-6.441541,-5.853025,-5.856483999999999
CC1(C)/C(=C/C2=C([O-])/C(=C\c3[se]c4ccccc4[n+]3CCCCO)C2=O)N(CCCCO)c2ccccc21,-5.142872,-6.393663,-5.6510253,-5.729186766666667
CC1(C)/C(=C/C2=C([O-])/C(=C\c3[se]c4ccccc4[n+]3CCCCO)C2=O)N(CCCCO)c2ccc(Br)cc21,-5.257738,-6.4639115,-5.747261,-5.822970166666667
CC1(C)/C(=C/C2=C([O-])/C(=C\c3[se]c4ccccc4[n+]3CCCCO)C2=O)N(CCCCO)c2ccc(I)cc21,-5.114804,-6.322817,-5.6576257,-5.698415566666667
CC[N+](CC)(CC)CCCCN1/C(=C\C2=C([O-])/C(=C\c3[se]c4ccccc4[n+]3CCCCO)C2=O)C(C)(C)c2ccccc21,-5.6678653,-6.66344,-5.7447815,-6.025362266666666
CC[N+](CC)(CC)CCCCN1/C(=C\C2=C([O-])/C(=C\c3[se]c4ccccc4[n+]3CCCCO)C2=O)C(C)(C)c2cc(Br)ccc21,-5.643689,-6.7476377,-5.8283443,-6.073223666666667
CC[N+](CC)(CC)CCCCN1/C(=C\C2=C([O-])/C(=C\c3[se]c4ccccc4[n+]3CCCCO)C2=O)C(C)(C)c2cc(I)ccc21,-5.6488857,-6.5910606,-5.7383265,-5.9927576
CC1(C)/C(=C/C2=C([O-])/C(=C\c3[se]c4ccccc4[n+]3CCCCO)C2=O)N(CCCCS(=O)(=O)O)c2ccccc21,-5.741527,-6.7574425,-5.3943877,-5.9644524
CC1(C)/C(=C/C2=C([O-])/C(=C\c3[se]c4ccccc4[n+]3CCCCO)C2=O)N(CCCCS(=O)(=O)O)c2ccc(Br)cc21,-5.7827573,-6.781152,-5.46615,-6.010019766666666
CC1(C)/C(=C/C2=C([O-])/C(=C\c3[se]c4ccccc4[n+]3CCCCO)C2=O)N(CCCCS(=O)(=O)O)c2ccc(I)cc21,-5.743235,-6.697689,-5.4053745,-5.948766166666666
CC1(C)/C(=C/C2=C([O-])/C(=C\c3[se]c4ccccc4[n+]3CCCCO)C2=O)N(Cc2ccccc2)c2ccccc21,-5.2790904,-6.524303,-5.711821,-5.8384048
CC1(C)/C(=C/C2=C([O-])/C(=C\c3[se]c4ccccc4[n+]3CCCCO)C2=O)N(Cc2ccccc2)c2ccc(Br)cc21,-5.304062,-6.5485296,-5.783913,-5.878834866666668
CC1(C)/C(=C/C2=C([O-])/C(=C\c3[se]c4ccccc4[n+]3CCCCO)C2=O)N(Cc2ccccc2)c2ccc(I)cc21,-5.2512703,-6.4616017,-5.7160153,-5.8096290999999995
CC1(C)/C(=C/C2=C([O-])/C(=C\c3[se]c4ccccc4[n+]3CCCCO)C2=O)N(Cc2ccsc2)c2ccccc21,-5.2590885,-6.486617,-5.7032137,-5.816306399999999
CC1(C)/C(=C/C2=C([O-])/C(=C\c3[se]c4ccccc4[n+]3CCCCO)C2=O)N(Cc2ccsc2)c2ccc(Br)cc21,-5.296093,-6.5206523,-5.783129,-5.866624766666667
CC1(C)/C(=C/C2=C([O-])/C(=C\c3[se]c4ccccc4[n+]3CCCCO)C2=O)N(Cc2ccsc2)c2ccc(I)cc21,-5.232362,-6.4229317,-5.706923,-5.787405566666667
CCN1/C(=C\C2=C([O-])/C(=C\c3[se]c4cc(Br)ccc4[n+]3CCCCO)C2=O)C(C)(C)c2ccccc21,-5.221857,-6.4344125,-5.735207,-5.7971588333333335
CCN1/C(=C\C2=C([O-])/C(=C\c3[se]c4cc(Br)ccc4[n+]3CCCCO)C2=O)C(C)(C)c2cc(Br)ccc21,-5.3008265,-6.4904876,-5.8223205,-5.871211533333334
CCN1/C(=C\C2=C([O-])/C(=C\c3[se]c4cc(Br)ccc4[n+]3CCCCO)C2=O)C(C)(C)c2cc(I)ccc21,-5.1910987,-6.361868,-5.738136,-5.7637009
CCCCN1/C(=C\C2=C([O-])/C(=C\c3[se]c4cc(Br)ccc4[n+]3CCCCO)C2=O)C(C)(C)c2ccccc21,-5.21445,-6.3595605,-5.717535,-5.763848499999999
CCCCN1/C(=C\C2=C([O-])/C(=C\c3[se]c4cc(Br)ccc4[n+]3CCCCO)C2=O)C(C)(C)c2cc(Br)ccc21,-5.2934003,-6.4151807,-5.8044715,-5.837684166666667
CCCCN1/C(=C\C2=C([O-])/C(=C\c3[se]c4cc(Br)ccc4[n+]3CCCCO)C2=O)C(C)(C)c2cc(I)ccc21,-5.1823926,-6.284898,-5.716707,-5.7279992
CC1(C)/C(=C/C2=C([O-])/C(=C\c3[se]c4cc(Br)ccc4[n+]3CCCCO)C2=O)N(CCCCN)c2ccccc21,-5.345918,-6.5363207,-5.8915973,-5.924612
CC1(C)/C(=C/C2=C([O-])/C(=C\c3[se]c4cc(Br)ccc4[n+]3CCCCO)C2=O)N(CCCCN)c2ccc(Br)cc21,-5.419946,-6.5936007,-5.943049,-5.985531900000001
CC1(C)/C(=C/C2=C([O-])/C(=C\c3[se]c4cc(Br)ccc4[n+]3CCCCO)C2=O)N(CCCCN)c2ccc(I)cc21,-5.3358345,-6.4904222,-5.897819,-5.908025233333333
CC1(C)/C(=C/C2=C([O-])/C(=C\c3[se]c4cc(Br)ccc4[n+]3CCCCO)C2=O)N(CCCCO)c2ccccc21,-5.2287545,-6.454261,-5.7282352,-5.803750233333333
CC1(C)/C(=C/C2=C([O-])/C(=C\c3[se]c4cc(Br)ccc4[n+]3CCCCO)C2=O)N(CCCCO)c2ccc(Br)cc21,-5.328892,-6.5104465,-5.811885,-5.883741166666667
CC1(C)/C(=C/C2=C([O-])/C(=C\c3[se]c4cc(Br)ccc4[n+]3CCCCO)C2=O)N(CCCCO)c2ccc(I)cc21,-5.20909,-6.3929405,-5.7349496,-5.778993366666666
CC[N+](CC)(CC)CCCCN1/C(=C\C2=C([O-])/C(=C\c3[se]c4cc(Br)ccc4[n+]3CCCCO)C2=O)C(C)(C)c2ccccc21,-5.6475463,-6.7247586,-5.8077645,-6.060023133333334
CC[N+](CC)(CC)CCCCN1/C(=C\C2=C([O-])/C(=C\c3[se]c4cc(Br)ccc4[n+]3CCCCO)C2=O)C(C)(C)c2cc(Br)ccc21,-5.629689,-6.8225965,-5.884577,-6.112287500000001
CC[N+](CC)(CC)CCCCN1/C(=C\C2=C([O-])/C(=C\c3[se]c4cc(Br)ccc4[n+]3CCCCO)C2=O)C(C)(C)c2cc(I)ccc21,-5.6388435,-6.6592817,-5.7939725,-6.030699233333333
CC1(C)/C(=C/C2=C([O-])/C(=C\c3[se]c4cc(Br)ccc4[n+]3CCCCO)C2=O)N(CCCCS(=O)(=O)O)c2ccccc21,-5.7727456,-6.780937,-5.4495096,-6.001064066666667
CC1(C)/C(=C/C2=C([O-])/C(=C\c3[se]c4cc(Br)ccc4[n+]3CCCCO)C2=O)N(CCCCS(=O)(=O)O)c2ccc(Br)cc21,-5.8243456,-6.8139253,-5.5255556,-6.054608833333333
CC1(C)/C(=C/C2=C([O-])/C(=C\c3[se]c4cc(Br)ccc4[n+]3CCCCO)C2=O)N(CCCCS(=O)(=O)O)c2ccc(I)cc21,-5.7815657,-6.720713,-5.4599333,-5.987404000000001
CC1(C)/C(=C/C2=C([O-])/C(=C\c3[se]c4cc(Br)ccc4[n+]3CCCCO)C2=O)N(Cc2ccccc2)c2ccccc21,-5.298946,-6.559147,-5.7698913,-5.875994766666667
CC1(C)/C(=C/C2=C([O-])/C(=C\c3[se]c4cc(Br)ccc4[n+]3CCCCO)C2=O)N(Cc2ccccc2)c2ccc(Br)cc21,-5.3358955,-6.5749826,-5.8382974,-5.916391833333333
CC1(C)/C(=C/C2=C([O-])/C(=C\c3[se]c4cc(Br)ccc4[n+]3CCCCO)C2=O)N(Cc2ccccc2)c2ccc(I)cc21,-5.2781944,-6.4990034,-5.778694,-5.851963933333333
CC1(C)/C(=C/C2=C([O-])/C(=C\c3[se]c4cc(Br)ccc4[n+]3CCCCO)C2=O)N(Cc2ccsc2)c2ccccc21,-5.2873435,-6.525801,-5.766444,-5.859862833333334
CC1(C)/C(=C/C2=C([O-])/C(=C\c3[se]c4cc(Br)ccc4[n+]3CCCCO)C2=O)N(Cc2ccsc2)c2ccc(Br)cc21,-5.3333178,-6.5534544,-5.8330626,-5.906611600000001
CC1(C)/C(=C/C2=C([O-])/C(=C\c3[se]c4cc(Br)ccc4[n+]3CCCCO)C2=O)N(Cc2ccsc2)c2ccc(I)cc21,-5.2624373,-6.46179,-5.769204,-5.831143766666666
CCN1/C(=C\C2=C([O-])/C(=C\c3[se]c4cc(I)ccc4[n+]3CCCCO)C2=O)C(C)(C)c2ccccc21,-5.163514,-6.33881,-5.686971,-5.729765
CCN1/C(=C\C2=C([O-])/C(=C\c3[se]c4cc(I)ccc4[n+]3CCCCO)C2=O)C(C)(C)c2cc(Br)ccc21,-5.221255,-6.385292,-5.775513,-5.79402
CCN1/C(=C\C2=C([O-])/C(=C\c3[se]c4cc(I)ccc4[n+]3CCCCO)C2=O)C(C)(C)c2cc(I)ccc21,-5.117396,-6.2531075,-5.685065,-5.6851895
CCCCN1/C(=C\C2=C([O-])/C(=C\c3[se]c4cc(I)ccc4[n+]3CCCCO)C2=O)C(C)(C)c2ccccc21,-5.1463466,-6.26179,-5.6694775,-5.692538033333334
CCCCN1/C(=C\C2=C([O-])/C(=C\c3[se]c4cc(I)ccc4[n+]3CCCCO)C2=O)C(C)(C)c2cc(Br)ccc21,-5.2109947,-6.3049703,-5.75479,-5.756918333333334
CCCCN1/C(=C\C2=C([O-])/C(=C\c3[se]c4cc(I)ccc4[n+]3CCCCO)C2=O)C(C)(C)c2cc(I)ccc21,-5.102374,-6.174447,-5.6630034,-5.646608133333333
CC1(C)/C(=C/C2=C([O-])/C(=C\c3[se]c4cc(I)ccc4[n+]3CCCCO)C2=O)N(CCCCN)c2ccccc21,-5.2787013,-6.448684,-5.8628297,-5.863405
CC1(C)/C(=C/C2=C([O-])/C(=C\c3[se]c4cc(I)ccc4[n+]3CCCCO)C2=O)N(CCCCN)c2ccc(Br)cc21,-5.366197,-6.507083,-5.9170194,-5.9300998
CC1(C)/C(=C/C2=C([O-])/C(=C\c3[se]c4cc(I)ccc4[n+]3CCCCO)C2=O)N(CCCCN)c2ccc(I)cc21,-5.2640405,-6.399384,-5.8685913,-5.8440052666666675
CC1(C)/C(=C/C2=C([O-])/C(=C\c3[se]c4cc(I)ccc4[n+]3CCCCO)C2=O)N(CCCCO)c2ccccc21,-5.1248865,-6.3345175,-5.6742067,-5.711203566666666
CC1(C)/C(=C/C2=C([O-])/C(=C\c3[se]c4cc(I)ccc4[n+]3CCCCO)C2=O)N(CCCCO)c2ccc(Br)cc21,-5.2487926,-6.4131885,-5.7717195,-5.811233533333334
CC1(C)/C(=C/C2=C([O-])/C(=C\c3[se]c4cc(I)ccc4[n+]3CCCCO)C2=O)N(CCCCO)c2ccc(I)cc21,-5.0944757,-6.258169,-5.6747894,-5.675811366666667
CC[N+](CC)(CC)CCCCN1/C(=C\C2=C([O-])/C(=C\c3[se]c4cc(I)ccc4[n+]3CCCCO)C2=O)C(C)(C)c2ccccc21,-5.648901,-6.6052656,-5.7491555,-6.001107366666667
CC[N+](CC)(CC)CCCCN1/C(=C\C2=C([O-])/C(=C\c3[se]c4cc(I)ccc4[n+]3CCCCO)C2=O)C(C)(C)c2cc(Br)ccc21,-5.6336985,-6.6953025,-5.825245,-6.051415333333334
CC[N+](CC)(CC)CCCCN1/C(=C\C2=C([O-])/C(=C\c3[se]c4cc(I)ccc4[n+]3CCCCO)C2=O)C(C)(C)c2cc(I)ccc21,-5.635942,-6.540289,-5.736912,-5.971047666666666
CC1(C)/C(=C/C2=C([O-])/C(=C\c3[se]c4cc(I)ccc4[n+]3CCCCO)C2=O)N(CCCCS(=O)(=O)O)c2ccccc21,-5.740024,-6.700838,-5.417955,-5.952939
CC1(C)/C(=C/C2=C([O-])/C(=C\c3[se]c4cc(I)ccc4[n+]3CCCCO)C2=O)N(CCCCS(=O)(=O)O)c2ccc(Br)cc21,-5.7898073,-6.7241535,-5.4897714,-6.0012440666666675
CC1(C)/C(=C/C2=C([O-])/C(=C\c3[se]c4cc(I)ccc4[n+]3CCCCO)C2=O)N(CCCCS(=O)(=O)O)c2ccc(I)cc21,-5.747291,-6.6433253,-5.427137,-5.9392511
CC1(C)/C(=C/C2=C([O-])/C(=C\c3[se]c4cc(I)ccc4[n+]3CCCCO)C2=O)N(Cc2ccccc2)c2ccccc21,-5.261153,-6.476223,-5.7293563,-5.8222441
CC1(C)/C(=C/C2=C([O-])/C(=C\c3[se]c4cc(I)ccc4[n+]3CCCCO)C2=O)N(Cc2ccccc2)c2ccc(Br)cc21,-5.2949796,-6.503651,-5.807971,-5.8688671999999995
CC1(C)/C(=C/C2=C([O-])/C(=C\c3[se]c4cc(I)ccc4[n+]3CCCCO)C2=O)N(Cc2ccccc2)c2ccc(I)cc21,-5.23284,-6.410041,-5.7340045,-5.792295166666666
CC1(C)/C(=C/C2=C([O-])/C(=C\c3[se]c4cc(I)ccc4[n+]3CCCCO)C2=O)N(Cc2ccsc2)c2ccccc21,-5.2434483,-6.436804,-5.7211084,-5.800453566666666
CC1(C)/C(=C/C2=C([O-])/C(=C\c3[se]c4cc(I)ccc4[n+]3CCCCO)C2=O)N(Cc2ccsc2)c2ccc(Br)cc21,-5.2835274,-6.4753685,-5.799843,-5.852912966666666
CC1(C)/C(=C/C2=C([O-])/C(=C\c3[se]c4cc(I)ccc4[n+]3CCCCO)C2=O)N(Cc2ccsc2)c2ccc(I)cc21,-5.212712,-6.368021,-5.723062,-5.767931666666666
CCN1/C(=C\C2=C([O-])/C(=C\c3[se]c4ccccc4[n+]3CCCC[N+](CC)(CC)CC)C2=O)C(C)(C)c2ccccc21,-5.706076,-6.5950217,-5.7130694,-6.004722366666667
CCN1/C(=C\C2=C([O-])/C(=C\c3[se]c4ccccc4[n+]3CCCC[N+](CC)(CC)CC)C2=O)C(C)(C)c2cc(Br)ccc21,-5.6809254,-6.6773963,-5.7918067,-6.0500428
CCN1/C(=C\C2=C([O-])/C(=C\c3[se]c4ccccc4[n+]3CCCC[N+](CC)(CC)CC)C2=O)C(C)(C)c2cc(I)ccc21,-5.688186,-6.5289226,-5.7048516,-5.973986733333334
CCCCN1/C(=C\C2=C([O-])/C(=C\c3[se]c4ccccc4[n+]3CCCC[N+](CC)(CC)CC)C2=O)C(C)(C)c2ccccc21,-5.7002287,-6.578172,-5.7072654,-5.9952220333333335
CCCCN1/C(=C\C2=C([O-])/C(=C\c3[se]c4ccccc4[n+]3CCCC[N+](CC)(CC)CC)C2=O)C(C)(C)c2cc(Br)ccc21,-5.685149,-6.6581507,-5.7800217,-6.041107133333333
CCCCN1/C(=C\C2=C([O-])/C(=C\c3[se]c4ccccc4[n+]3CCCC[N+](CC)(CC)CC)C2=O)C(C)(C)c2cc(I)ccc21,-5.6850367,-6.5144987,-5.697349,-5.965628133333333
CC[N+](CC)(CC)CCCC[n+]1c(/C=C2/C(=O)C(/C=C3\N(CCCCN)c4ccccc4C3(C)C)=C2[O-])[se]c2ccccc21,-5.653407,-6.8819532,-5.9150105,-6.150123566666667
CC[N+](CC)(CC)CCCC[n+]1c(/C=C2/C(=O)C(/C=C3\N(CCCCN)c4ccc(Br)cc4C3(C)C)=C2[O-])[se]c2ccccc21,-5.636138,-6.9538517,-5.996216,-6.1954019
CC[N+](CC)(CC)CCCC[n+]1c(/C=C2/C(=O)C(/C=C3\N(CCCCN)c4ccc(I)cc4C3(C)C)=C2[O-])[se]c2ccccc21,-5.6464124,-6.8143463,-5.9009447,-6.1205678
CC[N+](CC)(CC)CCCC[n+]1c(/C=C2/C(=O)C(/C=C3\N(CCCCO)c4ccccc4C3(C)C)=C2[O-])[se]c2ccccc21,-5.6836777,-6.6710515,-5.7376337,-6.030787633333333
CC[N+](CC)(CC)CCCC[n+]1c(/C=C2/C(=O)C(/C=C3\N(CCCCO)c4ccc(Br)cc4C3(C)C)=C2[O-])[se]c2ccccc21,-5.658836,-6.753128,-5.821579,-6.077847666666667
CC[N+](CC)(CC)CCCC[n+]1c(/C=C2/C(=O)C(/C=C3\N(CCCCO)c4ccc(I)cc4C3(C)C)=C2[O-])[se]c2ccccc21,-5.66461,-6.599084,-5.7313676,-5.998353866666666
CC[N+](CC)(CC)CCCCN1/C(=C\C2=C([O-])/C(=C\c3[se]c4ccccc4[n+]3CCCC[N+](CC)(CC)CC)C2=O)C(C)(C)c2ccccc21,-5.9424753,-7.105201,-5.938192,-6.328622766666666
CC[N+](CC)(CC)CCCCN1/C(=C\C2=C([O-])/C(=C\c3[se]c4ccccc4[n+]3CCCC[N+](CC)(CC)CC)C2=O)C(C)(C)c2cc(Br)ccc21,-5.8970046,-7.2067113,-6.048664,-6.3841266333333335
CC[N+](CC)(CC)CCCCN1/C(=C\C2=C([O-])/C(=C\c3[se]c4ccccc4[n+]3CCCC[N+](CC)(CC)CC)C2=O)C(C)(C)c2cc(I)ccc21,-5.9288015,-7.0209193,-5.9235806,-6.291100466666666
CC[N+](CC)(CC)CCCC[n+]1c(/C=C2/C(=O)C(/C=C3\N(CCCCS(=O)(=O)O)c4ccccc4C3(C)C)=C2[O-])[se]c2ccccc21,-5.962617,-7.0720735,-5.6014624,-6.212050966666666
CC[N+](CC)(CC)CCCC[n+]1c(/C=C2/C(=O)C(/C=C3\N(CCCCS(=O)(=O)O)c4ccc(Br)cc4C3(C)C)=C2[O-])[se]c2ccccc21,-5.909789,-7.108039,-5.6817026,-6.233176866666667
CC[N+](CC)(CC)CCCC[n+]1c(/C=C2/C(=O)C(/C=C3\N(CCCCS(=O)(=O)O)c4ccc(I)cc4C3(C)C)=C2[O-])[se]c2ccccc21,-5.955492,-6.9932203,-5.593883,-6.180865100000001
CC[N+](CC)(CC)CCCC[n+]1c(/C=C2/C(=O)C(/C=C3\N(Cc4ccccc4)c4ccccc4C3(C)C)=C2[O-])[se]c2ccccc21,-5.740831,-6.7367277,-5.7497044,-6.075754366666666
CC[N+](CC)(CC)CCCC[n+]1c(/C=C2/C(=O)C(/C=C3\N(Cc4ccccc4)c4ccc(Br)cc4C3(C)C)=C2[O-])[se]c2ccccc21,-5.707747,-6.8168173,-5.832827,-6.119130433333335
CC[N+](CC)(CC)CCCC[n+]1c(/C=C2/C(=O)C(/C=C3\N(Cc4ccccc4)c4ccc(I)cc4C3(C)C)=C2[O-])[se]c2ccccc21,-5.72027,-6.667882,-5.74216,-6.043437333333333
CC[N+](CC)(CC)CCCC[n+]1c(/C=C2/C(=O)C(/C=C3\N(Cc4ccsc4)c4ccccc4C3(C)C)=C2[O-])[se]c2ccccc21,-5.725122,-6.692954,-5.741751,-6.053275666666667
CC[N+](CC)(CC)CCCC[n+]1c(/C=C2/C(=O)C(/C=C3\N(Cc4ccsc4)c4ccc(Br)cc4C3(C)C)=C2[O-])[se]c2ccccc21,-5.7012434,-6.7797494,-5.822129,-6.1010406
CC[N+](CC)(CC)CCCC[n+]1c(/C=C2/C(=O)C(/C=C3\N(Cc4ccsc4)c4ccc(I)cc4C3(C)C)=C2[O-])[se]c2ccccc21,-5.706949,-6.625636,-5.733053,-6.021879333333334
CCN1/C(=C\C2=C([O-])/C(=C\c3[se]c4cc(Br)ccc4[n+]3CCCC[N+](CC)(CC)CC)C2=O)C(C)(C)c2ccccc21,-5.6871076,-6.659556,-5.7699003,-6.038854633333333
CCN1/C(=C\C2=C([O-])/C(=C\c3[se]c4cc(Br)ccc4[n+]3CCCC[N+](CC)(CC)CC)C2=O)C(C)(C)c2cc(Br)ccc21,-5.6641493,-6.7502646,-5.8482313,-6.0875484
CCN1/C(=C\C2=C([O-])/C(=C\c3[se]c4cc(Br)ccc4[n+]3CCCC[N+](CC)(CC)CC)C2=O)C(C)(C)c2cc(I)ccc21,-5.6726637,-6.5958457,-5.7588873,-6.009132233333332
CCCCN1/C(=C\C2=C([O-])/C(=C\c3[se]c4cc(Br)ccc4[n+]3CCCC[N+](CC)(CC)CC)C2=O)C(C)(C)c2ccccc21,-5.686884,-6.6398277,-5.7602205,-6.0289774
CCCCN1/C(=C\C2=C([O-])/C(=C\c3[se]c4cc(Br)ccc4[n+]3CCCC[N+](CC)(CC)CC)C2=O)C(C)(C)c2cc(Br)ccc21,-5.6735754,-6.730542,-5.838281,-6.080799466666666
CCCCN1/C(=C\C2=C([O-])/C(=C\c3[se]c4cc(Br)ccc4[n+]3CCCC[N+](CC)(CC)CC)C2=O)C(C)(C)c2cc(I)ccc21,-5.6739306,-6.578301,-5.7494316,-6.0005543999999995
CC[N+](CC)(CC)CCCC[n+]1c(/C=C2/C(=O)C(/C=C3\N(CCCCN)c4ccccc4C3(C)C)=C2[O-])[se]c2cc(Br)ccc21,-5.64132,-6.9365835,-5.9712896,-6.183064366666668
CC[N+](CC)(CC)CCCC[n+]1c(/C=C2/C(=O)C(/C=C3\N(CCCCN)c4ccc(Br)cc4C3(C)C)=C2[O-])[se]c2cc(Br)ccc21,-5.6284432,-7.0133,-6.0604315,-6.234058233333333
CC[N+](CC)(CC)CCCC[n+]1c(/C=C2/C(=O)C(/C=C3\N(CCCCN)c4ccc(I)cc4C3(C)C)=C2[O-])[se]c2cc(Br)ccc21,-5.6306643,-6.863878,-5.9537773,-6.149439866666666
CC[N+](CC)(CC)CCCC[n+]1c(/C=C2/C(=O)C(/C=C3\N(CCCCO)c4ccccc4C3(C)C)=C2[O-])[se]c2cc(Br)ccc21,-5.662827,-6.730466,-5.8007097,-6.0646675666666665
CC[N+](CC)(CC)CCCC[n+]1c(/C=C2/C(=O)C(/C=C3\N(CCCCO)c4ccc(Br)cc4C3(C)C)=C2[O-])[se]c2cc(Br)ccc21,-5.643983,-6.829031,-5.878579,-6.117197666666667
CC[N+](CC)(CC)CCCC[n+]1c(/C=C2/C(=O)C(/C=C3\N(CCCCO)c4ccc(I)cc4C3(C)C)=C2[O-])[se]c2cc(Br)ccc21,-5.6536555,-6.6655664,-5.7868485,-6.0353568
CC[N+](CC)(CC)CCCCN1/C(=C\C2=C([O-])/C(=C\c3[se]c4cc(Br)ccc4[n+]3CCCC[N+](CC)(CC)CC)C2=O)C(C)(C)c2ccccc21,-5.908789,-7.1747227,-6.016218,-6.366576566666666
CC[N+](CC)(CC)CCCCN1/C(=C\C2=C([O-])/C(=C\c3[se]c4cc(Br)ccc4[n+]3CCCC[N+](CC)(CC)CC)C2=O)C(C)(C)c2cc(Br)ccc21,-5.84922,-7.2792544,-6.128031,-6.418835133333334
CC[N+](CC)(CC)CCCCN1/C(=C\C2=C([O-])/C(=C\c3[se]c4cc(Br)ccc4[n+]3CCCC[N+](CC)(CC)CC)C2=O)C(C)(C)c2cc(I)ccc21,-5.8943863,-7.0916915,-6.000426,-6.3288346
CC[N+](CC)(CC)CCCC[n+]1c(/C=C2/C(=O)C(/C=C3\N(CCCCS(=O)(=O)O)c4ccccc4C3(C)C)=C2[O-])[se]c2cc(Br)ccc21,-5.9281497,-7.1061225,-5.659635,-6.2313024
CC[N+](CC)(CC)CCCC[n+]1c(/C=C2/C(=O)C(/C=C3\N(CCCCS(=O)(=O)O)c4ccc(Br)cc4C3(C)C)=C2[O-])[se]c2cc(Br)ccc21,-5.876396,-7.1462793,-5.749035,-6.257236766666666
CC[N+](CC)(CC)CCCC[n+]1c(/C=C2/C(=O)C(/C=C3\N(CCCCS(=O)(=O)O)c4ccc(I)cc4C3(C)C)=C2[O-])[se]c2cc(Br)ccc21,-5.9198923,-7.0292845,-5.652535,-6.2005706
CC[N+](CC)(CC)CCCC[n+]1c(/C=C2/C(=O)C(/C=C3\N(Cc4ccccc4)c4ccccc4C3(C)C)=C2[O-])[se]c2cc(Br)ccc21,-5.715596,-6.798582,-5.809849,-6.108009
CC[N+](CC)(CC)CCCC[n+]1c(/C=C2/C(=O)C(/C=C3\N(Cc4ccccc4)c4ccc(Br)cc4C3(C)C)=C2[O-])[se]c2cc(Br)ccc21,-5.691705,-6.888206,-5.888631,-6.156180666666667
CC[N+](CC)(CC)CCCC[n+]1c(/C=C2/C(=O)C(/C=C3\N(Cc4ccccc4)c4ccc(I)cc4C3(C)C)=C2[O-])[se]c2cc(Br)ccc21,-5.703961,-6.7322083,-5.796599,-6.077589433333333
CC[N+](CC)(CC)CCCC[n+]1c(/C=C2/C(=O)C(/C=C3\N(Cc4ccsc4)c4ccccc4C3(C)C)=C2[O-])[se]c2cc(Br)ccc21,-5.706679,-6.7613087,-5.7992053,-6.089064333333333
CC[N+](CC)(CC)CCCC[n+]1c(/C=C2/C(=O)C(/C=C3\N(Cc4ccsc4)c4ccc(Br)cc4C3(C)C)=C2[O-])[se]c2cc(Br)ccc21,-5.687916,-6.846826,-5.877743,-6.137495
CC[N+](CC)(CC)CCCC[n+]1c(/C=C2/C(=O)C(/C=C3\N(Cc4ccsc4)c4ccc(I)cc4C3(C)C)=C2[O-])[se]c2cc(Br)ccc21,-5.695259,-6.6932707,-5.7856264,-6.0580520333333325
CCN1/C(=C\C2=C([O-])/C(=C\c3[se]c4cc(I)ccc4[n+]3CCCC[N+](CC)(CC)CC)C2=O)C(C)(C)c2ccccc21,-5.688278,-6.546343,-5.715848,-5.983489666666667
CCN1/C(=C\C2=C([O-])/C(=C\c3[se]c4cc(I)ccc4[n+]3CCCC[N+](CC)(CC)CC)C2=O)C(C)(C)c2cc(Br)ccc21,-5.6696453,-6.6309023,-5.7899714,-6.0301730000000004
CCN1/C(=C\C2=C([O-])/C(=C\c3[se]c4cc(I)ccc4[n+]3CCCC[N+](CC)(CC)CC)C2=O)C(C)(C)c2cc(I)ccc21,-5.673543,-6.4830155,-5.7051916,-5.9539167
CCCCN1/C(=C\C2=C([O-])/C(=C\c3[se]c4cc(I)ccc4[n+]3CCCC[N+](CC)(CC)CC)C2=O)C(C)(C)c2ccccc21,-5.6851497,-6.5295286,-5.708002,-5.974226766666667
CCCCN1/C(=C\C2=C([O-])/C(=C\c3[se]c4cc(I)ccc4[n+]3CCCC[N+](CC)(CC)CC)C2=O)C(C)(C)c2cc(Br)ccc21,-5.6745186,-6.610261,-5.7781186,-6.0209660666666664
CCCCN1/C(=C\C2=C([O-])/C(=C\c3[se]c4cc(I)ccc4[n+]3CCCC[N+](CC)(CC)CC)C2=O)C(C)(C)c2cc(I)ccc21,-5.672089,-6.4682465,-5.6967525,-5.945695999999999
CC[N+](CC)(CC)CCCC[n+]1c(/C=C2/C(=O)C(/C=C3\N(CCCCN)c4ccccc4C3(C)C)=C2[O-])[se]c2cc(I)ccc21,-5.6448197,-6.8269243,-5.910453,-6.1273990000000005
CC[N+](CC)(CC)CCCC[n+]1c(/C=C2/C(=O)C(/C=C3\N(CCCCN)c4ccc(Br)cc4C3(C)C)=C2[O-])[se]c2cc(I)ccc21,-5.627457,-6.894155,-5.9881444,-6.1699188000000005
CC[N+](CC)(CC)CCCC[n+]1c(/C=C2/C(=O)C(/C=C3\N(CCCCN)c4ccc(I)cc4C3(C)C)=C2[O-])[se]c2cc(I)ccc21,-5.6370296,-6.7628403,-5.897734,-6.0992013
CC[N+](CC)(CC)CCCC[n+]1c(/C=C2/C(=O)C(/C=C3\N(CCCCO)c4ccccc4C3(C)C)=C2[O-])[se]c2cc(I)ccc21,-5.663794,-6.612046,-5.742709,-6.006183
CC[N+](CC)(CC)CCCC[n+]1c(/C=C2/C(=O)C(/C=C3\N(CCCCO)c4ccc(Br)cc4C3(C)C)=C2[O-])[se]c2cc(I)ccc21,-5.648861,-6.700691,-5.818291,-6.055947666666666
CC[N+](CC)(CC)CCCC[n+]1c(/C=C2/C(=O)C(/C=C3\N(CCCCO)c4ccc(I)cc4C3(C)C)=C2[O-])[se]c2cc(I)ccc21,-5.65034,-6.546852,-5.730671,-5.975954333333334
CC[N+](CC)(CC)CCCCN1/C(=C\C2=C([O-])/C(=C\c3[se]c4cc(I)ccc4[n+]3CCCC[N+](CC)(CC)CC)C2=O)C(C)(C)c2ccccc21,-5.9272504,-7.034309,-5.9360857,-6.299215033333333
CC[N+](CC)(CC)CCCCN1/C(=C\C2=C([O-])/C(=C\c3[se]c4cc(I)ccc4[n+]3CCCC[N+](CC)(CC)CC)C2=O)C(C)(C)c2cc(Br)ccc21,-5.8864093,-7.138698,-6.0428886,-6.355998633333333
CC[N+](CC)(CC)CCCCN1/C(=C\C2=C([O-])/C(=C\c3[se]c4cc(I)ccc4[n+]3CCCC[N+](CC)(CC)CC)C2=O)C(C)(C)c2cc(I)ccc21,-5.9139476,-6.953253,-5.920977,-6.262725866666667
CC[N+](CC)(CC)CCCC[n+]1c(/C=C2/C(=O)C(/C=C3\N(CCCCS(=O)(=O)O)c4ccccc4C3(C)C)=C2[O-])[se]c2cc(I)ccc21,-5.9521747,-7.0026846,-5.605649,-6.1868361
CC[N+](CC)(CC)CCCC[n+]1c(/C=C2/C(=O)C(/C=C3\N(CCCCS(=O)(=O)O)c4ccc(Br)cc4C3(C)C)=C2[O-])[se]c2cc(I)ccc21,-5.8989096,-7.039888,-5.686948,-6.208581866666667
CC[N+](CC)(CC)CCCC[n+]1c(/C=C2/C(=O)C(/C=C3\N(CCCCS(=O)(=O)O)c4ccc(I)cc4C3(C)C)=C2[O-])[se]c2cc(I)ccc21,-5.9424963,-6.9282565,-5.59798,-6.156244266666666
CC[N+](CC)(CC)CCCC[n+]1c(/C=C2/C(=O)C(/C=C3\N(Cc4ccccc4)c4ccccc4C3(C)C)=C2[O-])[se]c2cc(I)ccc21,-5.7215524,-6.6849713,-5.7521815,-6.052901733333333
CC[N+](CC)(CC)CCCC[n+]1c(/C=C2/C(=O)C(/C=C3\N(Cc4ccccc4)c4ccc(Br)cc4C3(C)C)=C2[O-])[se]c2cc(I)ccc21,-5.6975527,-6.768898,-5.8307867,-6.099079133333333
CC[N+](CC)(CC)CCCC[n+]1c(/C=C2/C(=O)C(/C=C3\N(Cc4ccccc4)c4ccc(I)cc4C3(C)C)=C2[O-])[se]c2cc(I)ccc21,-5.7046065,-6.6202545,-5.7433124,-6.022724466666666
CC[N+](CC)(CC)CCCC[n+]1c(/C=C2/C(=O)C(/C=C3\N(Cc4ccsc4)c4ccccc4C3(C)C)=C2[O-])[se]c2cc(I)ccc21,-5.708135,-6.642646,-5.743022,-6.031267666666667
CC[N+](CC)(CC)CCCC[n+]1c(/C=C2/C(=O)C(/C=C3\N(Cc4ccsc4)c4ccc(Br)cc4C3(C)C)=C2[O-])[se]c2cc(I)ccc21,-5.691092,-6.7296176,-5.8196754,-6.080128333333334
CC[N+](CC)(CC)CCCC[n+]1c(/C=C2/C(=O)C(/C=C3\N(Cc4ccsc4)c4ccc(I)cc4C3(C)C)=C2[O-])[se]c2cc(I)ccc21,-5.694442,-6.579428,-5.731511,-6.001793666666667
CCN1/C(=C\C2=C([O-])/C(=C\c3[se]c4ccccc4[n+]3CCCCS(=O)(=O)O)C2=O)C(C)(C)c2ccccc21,-5.783803,-6.7344103,-5.3921657,-5.970126333333333
CCN1/C(=C\C2=C([O-])/C(=C\c3[se]c4ccccc4[n+]3CCCCS(=O)(=O)O)C2=O)C(C)(C)c2cc(Br)ccc21,-5.804943,-6.7477484,-5.4634523,-6.005381233333334
CCN1/C(=C\C2=C([O-])/C(=C\c3[se]c4ccccc4[n+]3CCCCS(=O)(=O)O)C2=O)C(C)(C)c2cc(I)ccc21,-5.776182,-6.67569,-5.4069953,-5.952955766666666
CCCCN1/C(=C\C2=C([O-])/C(=C\c3[se]c4ccccc4[n+]3CCCCS(=O)(=O)O)C2=O)C(C)(C)c2ccccc21,-5.758706,-6.670862,-5.381084,-5.936884
CCCCN1/C(=C\C2=C([O-])/C(=C\c3[se]c4ccccc4[n+]3CCCCS(=O)(=O)O)C2=O)C(C)(C)c2cc(Br)ccc21,-5.7885704,-6.6893024,-5.4514337,-5.9764355
CCCCN1/C(=C\C2=C([O-])/C(=C\c3[se]c4ccccc4[n+]3CCCCS(=O)(=O)O)C2=O)C(C)(C)c2cc(I)ccc21,-5.754097,-6.6142354,-5.3930936,-5.920475333333333
CC1(C)/C(=C/C2=C([O-])/C(=C\c3[se]c4ccccc4[n+]3CCCCS(=O)(=O)O)C2=O)N(CCCCN)c2ccccc21,-5.8119183,-6.7880154,-5.5294876,-6.043140433333334
CC1(C)/C(=C/C2=C([O-])/C(=C\c3[se]c4ccccc4[n+]3CCCCS(=O)(=O)O)C2=O)N(CCCCN)c2ccc(Br)cc21,-5.8488445,-6.8233294,-5.6022034,-6.091459100000001
CC1(C)/C(=C/C2=C([O-])/C(=C\c3[se]c4ccccc4[n+]3CCCCS(=O)(=O)O)C2=O)N(CCCCN)c2ccc(I)cc21,-5.8189235,-6.733262,-5.543395,-6.031860166666667
CC1(C)/C(=C/C2=C([O-])/C(=C\c3[se]c4ccccc4[n+]3CCCCS(=O)(=O)O)C2=O)N(CCCCO)c2ccccc21,-5.749788,-6.7715063,-5.3857822,-5.969025500000001
CC1(C)/C(=C/C2=C([O-])/C(=C\c3[se]c4ccccc4[n+]3CCCCS(=O)(=O)O)C2=O)N(CCCCO)c2ccc(Br)cc21,-5.7864733,-6.7944303,-5.4585147,-6.0131394333333335
CC1(C)/C(=C/C2=C([O-])/C(=C\c3[se]c4ccccc4[n+]3CCCCS(=O)(=O)O)C2=O)N(CCCCO)c2ccc(I)cc21,-5.7480125,-6.709553,-5.3980484,-5.9518713000000005
CC[N+](CC)(CC)CCCCN1/C(=C\C2=C([O-])/C(=C\c3[se]c4ccccc4[n+]3CCCCS(=O)(=O)O)C2=O)C(C)(C)c2ccccc21,-5.9636555,-7.0803576,-5.6023693,-6.2154608
CC[N+](CC)(CC)CCCCN1/C(=C\C2=C([O-])/C(=C\c3[se]c4ccccc4[n+]3CCCCS(=O)(=O)O)C2=O)C(C)(C)c2cc(Br)ccc21,-5.910991,-7.1173053,-5.68399,-6.2374287666666675
CC[N+](CC)(CC)CCCCN1/C(=C\C2=C([O-])/C(=C\c3[se]c4ccccc4[n+]3CCCCS(=O)(=O)O)C2=O)C(C)(C)c2cc(I)ccc21,-5.9564605,-7.0011816,-5.5946517,-6.184097933333334
CC1(C)/C(=C/C2=C([O-])/C(=C\c3[se]c4ccccc4[n+]3CCCCS(=O)(=O)O)C2=O)N(CCCCS(=O)(=O)O)c2ccccc21,-6.0602345,-7.2059517,-5.2081075,-6.1580979000000005
CC1(C)/C(=C/C2=C([O-])/C(=C\c3[se]c4ccccc4[n+]3CCCCS(=O)(=O)O)C2=O)N(CCCCS(=O)(=O)O)c2ccc(Br)cc21,-6.086078,-7.226354,-5.2852626,-6.199231533333333
CC1(C)/C(=C/C2=C([O-])/C(=C\c3[se]c4ccccc4[n+]3CCCCS(=O)(=O)O)C2=O)N(CCCCS(=O)(=O)O)c2ccc(I)cc21,-6.065638,-7.1268554,-5.221728,-6.1380738
CC1(C)/C(=C/C2=C([O-])/C(=C\c3[se]c4ccccc4[n+]3CCCCS(=O)(=O)O)C2=O)N(Cc2ccccc2)c2ccccc21,-5.7766967,-6.8058434,-5.392928,-5.9918227
CC1(C)/C(=C/C2=C([O-])/C(=C\c3[se]c4ccccc4[n+]3CCCCS(=O)(=O)O)C2=O)N(Cc2ccccc2)c2ccc(Br)cc21,-5.799573,-6.813379,-5.465805,-6.026252333333333
CC1(C)/C(=C/C2=C([O-])/C(=C\c3[se]c4ccccc4[n+]3CCCCS(=O)(=O)O)C2=O)N(Cc2ccccc2)c2ccc(I)cc21,-5.77429,-6.7397337,-5.408166,-5.974063233333332
CC1(C)/C(=C/C2=C([O-])/C(=C\c3[se]c4ccccc4[n+]3CCCCS(=O)(=O)O)C2=O)N(Cc2ccsc2)c2ccccc21,-5.778817,-6.7819757,-5.3970733,-5.985955333333333
CC1(C)/C(=C/C2=C([O-])/C(=C\c3[se]c4ccccc4[n+]3CCCCS(=O)(=O)O)C2=O)N(Cc2ccsc2)c2ccc(Br)cc21,-5.8059826,-6.794242,-5.4691076,-6.023110733333334
CC1(C)/C(=C/C2=C([O-])/C(=C\c3[se]c4ccccc4[n+]3CCCCS(=O)(=O)O)C2=O)N(Cc2ccsc2)c2ccc(I)cc21,-5.775938,-6.720507,-5.4118724,-5.969439133333334
CCN1/C(=C\C2=C([O-])/C(=C\c3[se]c4cc(Br)ccc4[n+]3CCCCS(=O)(=O)O)C2=O)C(C)(C)c2ccccc21,-5.793928,-6.75388,-5.4473557,-5.9983879
CCN1/C(=C\C2=C([O-])/C(=C\c3[se]c4cc(Br)ccc4[n+]3CCCCS(=O)(=O)O)C2=O)C(C)(C)c2cc(Br)ccc21,-5.833791,-6.7776523,-5.5216217,-6.0443549999999995
CCN1/C(=C\C2=C([O-])/C(=C\c3[se]c4cc(Br)ccc4[n+]3CCCCS(=O)(=O)O)C2=O)C(C)(C)c2cc(I)ccc21,-5.7943273,-6.697172,-5.4584985,-5.983332600000001
CCCCN1/C(=C\C2=C([O-])/C(=C\c3[se]c4cc(Br)ccc4[n+]3CCCCS(=O)(=O)O)C2=O)C(C)(C)c2ccccc21,-5.777579,-6.6924586,-5.4382668,-5.969434800000001
CCCCN1/C(=C\C2=C([O-])/C(=C\c3[se]c4cc(Br)ccc4[n+]3CCCCS(=O)(=O)O)C2=O)C(C)(C)c2cc(Br)ccc21,-5.821456,-6.716134,-5.506171,-6.0145870000000015
CCCCN1/C(=C\C2=C([O-])/C(=C\c3[se]c4cc(Br)ccc4[n+]3CCCCS(=O)(=O)O)C2=O)C(C)(C)c2cc(I)ccc21,-5.7830024,-6.6380963,-5.446873,-5.955990566666666
CC1(C)/C(=C/C2=C([O-])/C(=C\c3[se]c4cc(Br)ccc4[n+]3CCCCS(=O)(=O)O)C2=O)N(CCCCN)c2ccccc21,-5.8361564,-6.8203273,-5.586365,-6.080949566666667
CC1(C)/C(=C/C2=C([O-])/C(=C\c3[se]c4cc(Br)ccc4[n+]3CCCCS(=O)(=O)O)C2=O)N(CCCCN)c2ccc(Br)cc21,-5.880131,-6.8666897,-5.670937,-6.139252566666667
CC1(C)/C(=C/C2=C([O-])/C(=C\c3[se]c4cc(Br)ccc4[n+]3CCCCS(=O)(=O)O)C2=O)N(CCCCN)c2ccc(I)cc21,-5.8485136,-6.7645097,-5.59909,-6.070704433333333
CC1(C)/C(=C/C2=C([O-])/C(=C\c3[se]c4cc(Br)ccc4[n+]3CCCCS(=O)(=O)O)C2=O)N(CCCCO)c2ccccc21,-5.776521,-6.7943106,-5.4418206,-6.004217399999999
CC1(C)/C(=C/C2=C([O-])/C(=C\c3[se]c4cc(Br)ccc4[n+]3CCCCS(=O)(=O)O)C2=O)N(CCCCO)c2ccc(Br)cc21,-5.8273516,-6.8264027,-5.517389,-6.057047766666666
CC1(C)/C(=C/C2=C([O-])/C(=C\c3[se]c4cc(Br)ccc4[n+]3CCCCS(=O)(=O)O)C2=O)N(CCCCO)c2ccc(I)cc21,-5.785107,-6.7335005,-5.452186,-5.990264499999999
CC[N+](CC)(CC)CCCCN1/C(=C\C2=C([O-])/C(=C\c3[se]c4cc(Br)ccc4[n+]3CCCCS(=O)(=O)O)C2=O)C(C)(C)c2ccccc21,-5.9293847,-7.115034,-5.661251,-6.2352232333333335
CC[N+](CC)(CC)CCCCN1/C(=C\C2=C([O-])/C(=C\c3[se]c4cc(Br)ccc4[n+]3CCCCS(=O)(=O)O)C2=O)C(C)(C)c2cc(Br)ccc21,-5.8777184,-7.1551003,-5.7515535,-6.2614574
CC[N+](CC)(CC)CCCCN1/C(=C\C2=C([O-])/C(=C\c3[se]c4cc(Br)ccc4[n+]3CCCCS(=O)(=O)O)C2=O)C(C)(C)c2cc(I)ccc21,-5.9210153,-7.038307,-5.6540966,-6.204472966666667
CC1(C)/C(=C/C2=C([O-])/C(=C\c3[se]c4cc(Br)ccc4[n+]3CCCCS(=O)(=O)O)C2=O)N(CCCCS(=O)(=O)O)c2ccccc21,-6.0811634,-7.2232556,-5.268638,-6.191019
CC1(C)/C(=C/C2=C([O-])/C(=C\c3[se]c4cc(Br)ccc4[n+]3CCCCS(=O)(=O)O)C2=O)N(CCCCS(=O)(=O)O)c2ccc(Br)cc21,-6.099193,-7.2551484,-5.3505507,-6.234964033333333
CC1(C)/C(=C/C2=C([O-])/C(=C\c3[se]c4cc(Br)ccc4[n+]3CCCCS(=O)(=O)O)C2=O)N(CCCCS(=O)(=O)O)c2ccc(I)cc21,-6.0888166,-7.149616,-5.2790556,-6.172496066666667
CC1(C)/C(=C/C2=C([O-])/C(=C\c3[se]c4cc(Br)ccc4[n+]3CCCCS(=O)(=O)O)C2=O)N(Cc2ccccc2)c2ccccc21,-5.793682,-6.819807,-5.4502897,-6.021259566666667
CC1(C)/C(=C/C2=C([O-])/C(=C\c3[se]c4cc(Br)ccc4[n+]3CCCCS(=O)(=O)O)C2=O)N(Cc2ccccc2)c2ccc(Br)cc21,-5.8220696,-6.838958,-5.519583,-6.0602035333333335
CC1(C)/C(=C/C2=C([O-])/C(=C\c3[se]c4cc(Br)ccc4[n+]3CCCCS(=O)(=O)O)C2=O)N(Cc2ccccc2)c2ccc(I)cc21,-5.798857,-6.759597,-5.4611635,-6.006539166666667
CC1(C)/C(=C/C2=C([O-])/C(=C\c3[se]c4cc(Br)ccc4[n+]3CCCCS(=O)(=O)O)C2=O)N(Cc2ccsc2)c2ccccc21,-5.7999167,-6.7993207,-5.452577,-6.017271466666666
CC1(C)/C(=C/C2=C([O-])/C(=C\c3[se]c4cc(Br)ccc4[n+]3CCCCS(=O)(=O)O)C2=O)N(Cc2ccsc2)c2ccc(Br)cc21,-5.8355565,-6.8240976,-5.523984,-6.0612127
CC1(C)/C(=C/C2=C([O-])/C(=C\c3[se]c4cc(Br)ccc4[n+]3CCCCS(=O)(=O)O)C2=O)N(Cc2ccsc2)c2ccc(I)cc21,-5.8046393,-6.7428517,-5.4633675,-6.0036195
CCN1/C(=C\C2=C([O-])/C(=C\c3[se]c4cc(I)ccc4[n+]3CCCCS(=O)(=O)O)C2=O)C(C)(C)c2ccccc21,-5.774056,-6.6823406,-5.4188485,-5.958415033333334
CCN1/C(=C\C2=C([O-])/C(=C\c3[se]c4cc(I)ccc4[n+]3CCCCS(=O)(=O)O)C2=O)C(C)(C)c2cc(Br)ccc21,-5.8065386,-6.6995916,-5.486305,-5.997478399999999
CCN1/C(=C\C2=C([O-])/C(=C\c3[se]c4cc(I)ccc4[n+]3CCCCS(=O)(=O)O)C2=O)C(C)(C)c2cc(I)ccc21,-5.7702627,-6.626522,-5.4299655,-5.942250066666666
CCCCN1/C(=C\C2=C([O-])/C(=C\c3[se]c4cc(I)ccc4[n+]3CCCCS(=O)(=O)O)C2=O)C(C)(C)c2ccccc21,-5.753273,-6.618228,-5.407839,-5.926446666666667
CCCCN1/C(=C\C2=C([O-])/C(=C\c3[se]c4cc(I)ccc4[n+]3CCCCS(=O)(=O)O)C2=O)C(C)(C)c2cc(Br)ccc21,-5.7901497,-6.64016,-5.4736586,-5.967989433333333
CCCCN1/C(=C\C2=C([O-])/C(=C\c3[se]c4cc(I)ccc4[n+]3CCCCS(=O)(=O)O)C2=O)C(C)(C)c2cc(I)ccc21,-5.7521386,-6.5627604,-5.416445,-5.910448
CC1(C)/C(=C/C2=C([O-])/C(=C\c3[se]c4cc(I)ccc4[n+]3CCCCS(=O)(=O)O)C2=O)N(CCCCN)c2ccccc21,-5.818022,-6.7358513,-5.554023,-6.035965433333334
CC1(C)/C(=C/C2=C([O-])/C(=C\c3[se]c4cc(I)ccc4[n+]3CCCCS(=O)(=O)O)C2=O)N(CCCCN)c2ccc(Br)cc21,-5.8607855,-6.769656,-5.6289597,-6.086467066666667
CC1(C)/C(=C/C2=C([O-])/C(=C\c3[se]c4cc(I)ccc4[n+]3CCCCS(=O)(=O)O)C2=O)N(CCCCN)c2ccc(I)cc21,-5.8252296,-6.686737,-5.5679197,-6.026628766666668
CC1(C)/C(=C/C2=C([O-])/C(=C\c3[se]c4cc(I)ccc4[n+]3CCCCS(=O)(=O)O)C2=O)N(CCCCO)c2ccccc21,-5.7459283,-6.712523,-5.4103346,-5.956261966666666
CC1(C)/C(=C/C2=C([O-])/C(=C\c3[se]c4cc(I)ccc4[n+]3CCCCS(=O)(=O)O)C2=O)N(CCCCO)c2ccc(Br)cc21,-5.793274,-6.7367725,-5.4819217,-6.003989400000001
CC1(C)/C(=C/C2=C([O-])/C(=C\c3[se]c4cc(I)ccc4[n+]3CCCCS(=O)(=O)O)C2=O)N(CCCCO)c2ccc(I)cc21,-5.751908,-6.6551523,-5.4196157,-5.942225333333333
CC[N+](CC)(CC)CCCCN1/C(=C\C2=C([O-])/C(=C\c3[se]c4cc(I)ccc4[n+]3CCCCS(=O)(=O)O)C2=O)C(C)(C)c2ccccc21,-5.9531374,-7.010608,-5.606395,-6.1900468
CC[N+](CC)(CC)CCCCN1/C(=C\C2=C([O-])/C(=C\c3[se]c4cc(I)ccc4[n+]3CCCCS(=O)(=O)O)C2=O)C(C)(C)c2cc(Br)ccc21,-5.90002,-7.049201,-5.689562,-6.212927666666666
CC[N+](CC)(CC)CCCCN1/C(=C\C2=C([O-])/C(=C\c3[se]c4cc(I)ccc4[n+]3CCCCS(=O)(=O)O)C2=O)C(C)(C)c2cc(I)ccc21,-5.943695,-6.936157,-5.599105,-6.159652333333334
CC1(C)/C(=C/C2=C([O-])/C(=C\c3[se]c4cc(I)ccc4[n+]3CCCCS(=O)(=O)O)C2=O)N(CCCCS(=O)(=O)O)c2ccccc21,-6.0653753,-7.126421,-5.2324457,-6.141414
CC1(C)/C(=C/C2=C([O-])/C(=C\c3[se]c4cc(I)ccc4[n+]3CCCCS(=O)(=O)O)C2=O)N(CCCCS(=O)(=O)O)c2ccc(Br)cc21,-6.092216,-7.1526637,-5.3068414,-6.183907033333333
CC1(C)/C(=C/C2=C([O-])/C(=C\c3[se]c4cc(I)ccc4[n+]3CCCCS(=O)(=O)O)C2=O)N(CCCCS(=O)(=O)O)c2ccc(I)cc21,-6.072899,-7.058485,-5.2422915,-6.1245585
CC1(C)/C(=C/C2=C([O-])/C(=C\c3[se]c4cc(I)ccc4[n+]3CCCCS(=O)(=O)O)C2=O)N(Cc2ccccc2)c2ccccc21,-5.7725506,-6.745762,-5.418659,-5.9789905333333335
CC1(C)/C(=C/C2=C([O-])/C(=C\c3[se]c4cc(I)ccc4[n+]3CCCCS(=O)(=O)O)C2=O)N(Cc2ccccc2)c2ccc(Br)cc21,-5.805043,-6.761153,-5.4867806,-6.017658866666667
CC1(C)/C(=C/C2=C([O-])/C(=C\c3[se]c4cc(I)ccc4[n+]3CCCCS(=O)(=O)O)C2=O)N(Cc2ccccc2)c2ccc(I)cc21,-5.7741013,-6.686837,-5.4314604,-5.964132899999999
CC1(C)/C(=C/C2=C([O-])/C(=C\c3[se]c4cc(I)ccc4[n+]3CCCCS(=O)(=O)O)C2=O)N(Cc2ccsc2)c2ccccc21,-5.775438,-6.726144,-5.422058,-5.974546666666666
CC1(C)/C(=C/C2=C([O-])/C(=C\c3[se]c4cc(I)ccc4[n+]3CCCCS(=O)(=O)O)C2=O)N(Cc2ccsc2)c2ccc(Br)cc21,-5.8120055,-6.7454967,-5.490396,-6.015966066666667
CC1(C)/C(=C/C2=C([O-])/C(=C\c3[se]c4cc(I)ccc4[n+]3CCCCS(=O)(=O)O)C2=O)N(Cc2ccsc2)c2ccc(I)cc21,-5.7782354,-6.669623,-5.4332123,-5.9603569
CCN1/C(=C\C2=C([O-])/C(=C\c3[se]c4ccccc4[n+]3Cc3ccccc3)C2=O)C(C)(C)c2ccccc21,-5.2771134,-6.3022027,-5.6522613,-5.743859133333333
CCN1/C(=C\C2=C([O-])/C(=C\c3[se]c4ccccc4[n+]3Cc3ccccc3)C2=O)C(C)(C)c2cc(Br)ccc21,-5.3406405,-6.418071,-5.764312,-5.841007833333333
CCN1/C(=C\C2=C([O-])/C(=C\c3[se]c4ccccc4[n+]3Cc3ccccc3)C2=O)C(C)(C)c2cc(I)ccc21,-5.252249,-6.2419453,-5.6544456,-5.7162133
CCCCN1/C(=C\C2=C([O-])/C(=C\c3[se]c4ccccc4[n+]3Cc3ccccc3)C2=O)C(C)(C)c2ccccc21,-5.2679496,-6.2657886,-5.641261,-5.724999733333333
CCCCN1/C(=C\C2=C([O-])/C(=C\c3[se]c4ccccc4[n+]3Cc3ccccc3)C2=O)C(C)(C)c2cc(Br)ccc21,-5.331849,-6.3743625,-5.750491,-5.818900833333333
CCCCN1/C(=C\C2=C([O-])/C(=C\c3[se]c4ccccc4[n+]3Cc3ccccc3)C2=O)C(C)(C)c2cc(I)ccc21,-5.2441263,-6.20303,-5.6413713,-5.696175866666667
CC1(C)/C(=C/C2=C([O-])/C(=C\c3[se]c4ccccc4[n+]3Cc3ccccc3)C2=O)N(CCCCN)c2ccccc21,-5.3493466,-6.5169306,-5.8812346,-5.915837266666666
CC1(C)/C(=C/C2=C([O-])/C(=C\c3[se]c4ccccc4[n+]3Cc3ccccc3)C2=O)N(CCCCN)c2ccc(Br)cc21,-5.370116,-6.5419116,-5.927277,-5.946434866666666
CC1(C)/C(=C/C2=C([O-])/C(=C\c3[se]c4ccccc4[n+]3Cc3ccccc3)C2=O)N(CCCCN)c2ccc(I)cc21,-5.332667,-6.4710846,-5.890013,-5.897921533333334
CC1(C)/C(=C/C2=C([O-])/C(=C\c3[se]c4ccccc4[n+]3Cc3ccccc3)C2=O)N(CCCCO)c2ccccc21,-5.206864,-6.388257,-5.68029,-5.758470333333334
CC1(C)/C(=C/C2=C([O-])/C(=C\c3[se]c4ccccc4[n+]3Cc3ccccc3)C2=O)N(CCCCO)c2ccc(Br)cc21,-5.240246,-6.4350386,-5.7671995,-5.814161366666667
CC1(C)/C(=C/C2=C([O-])/C(=C\c3[se]c4ccccc4[n+]3Cc3ccccc3)C2=O)N(CCCCO)c2ccc(I)cc21,-5.1724253,-6.3180656,-5.6793165,-5.723269133333333
CC[N+](CC)(CC)CCCCN1/C(=C\C2=C([O-])/C(=C\c3[se]c4ccccc4[n+]3Cc3ccccc3)C2=O)C(C)(C)c2ccccc21,-5.7102704,-6.577321,-5.711737,-5.9997761333333335
CC[N+](CC)(CC)CCCCN1/C(=C\C2=C([O-])/C(=C\c3[se]c4ccccc4[n+]3Cc3ccccc3)C2=O)C(C)(C)c2cc(Br)ccc21,-5.686783,-6.662777,-5.7889557,-6.0461719
CC[N+](CC)(CC)CCCCN1/C(=C\C2=C([O-])/C(=C\c3[se]c4ccccc4[n+]3Cc3ccccc3)C2=O)C(C)(C)c2cc(I)ccc21,-5.6961346,-6.515804,-5.700798,-5.9709122
CC1(C)/C(=C/C2=C([O-])/C(=C\c3[se]c4ccccc4[n+]3Cc3ccccc3)C2=O)N(CCCCS(=O)(=O)O)c2ccccc21,-5.7742863,-6.6971774,-5.3927307,-5.954731466666668
CC1(C)/C(=C/C2=C([O-])/C(=C\c3[se]c4ccccc4[n+]3Cc3ccccc3)C2=O)N(CCCCS(=O)(=O)O)c2ccc(Br)cc21,-5.790925,-6.7149043,-5.4615793,-5.9891362
CC1(C)/C(=C/C2=C([O-])/C(=C\c3[se]c4ccccc4[n+]3Cc3ccccc3)C2=O)N(CCCCS(=O)(=O)O)c2ccc(I)cc21,-5.7723484,-6.638192,-5.405274,-5.9386048
CC1(C)/C(=C/C2=C([O-])/C(=C\c3[se]c4ccccc4[n+]3Cc3ccccc3)C2=O)N(Cc2ccccc2)c2ccccc21,-5.377088,-6.480605,-5.700179,-5.852624
CC1(C)/C(=C/C2=C([O-])/C(=C\c3[se]c4ccccc4[n+]3Cc3ccccc3)C2=O)N(Cc2ccccc2)c2ccc(Br)cc21,-5.4015203,-6.5416107,-5.7913704,-5.911500466666666
CC1(C)/C(=C/C2=C([O-])/C(=C\c3[se]c4ccccc4[n+]3Cc3ccccc3)C2=O)N(Cc2ccccc2)c2ccc(I)cc21,-5.3531075,-6.4181533,-5.7017903,-5.824350366666667
CC1(C)/C(=C/C2=C([O-])/C(=C\c3[se]c4ccccc4[n+]3Cc3ccccc3)C2=O)N(Cc2ccsc2)c2ccccc21,-5.3600445,-6.4493384,-5.696559,-5.835313966666667
CC1(C)/C(=C/C2=C([O-])/C(=C\c3[se]c4ccccc4[n+]3Cc3ccccc3)C2=O)N(Cc2ccsc2)c2ccc(Br)cc21,-5.3872356,-6.5209966,-5.794135,-5.900789066666667
CC1(C)/C(=C/C2=C([O-])/C(=C\c3[se]c4ccccc4[n+]3Cc3ccccc3)C2=O)N(Cc2ccsc2)c2ccc(I)cc21,-5.3313193,-6.383865,-5.6976256,-5.804269966666666
CCN1/C(=C\C2=C([O-])/C(=C\c3[se]c4cc(Br)ccc4[n+]3Cc3ccccc3)C2=O)C(C)(C)c2ccccc21,-5.3226995,-6.4019456,-5.7382894,-5.8209781666666665
CCN1/C(=C\C2=C([O-])/C(=C\c3[se]c4cc(Br)ccc4[n+]3Cc3ccccc3)C2=O)C(C)(C)c2cc(Br)ccc21,-5.35837,-6.473328,-5.8249,-5.885532666666666
CCN1/C(=C\C2=C([O-])/C(=C\c3[se]c4cc(Br)ccc4[n+]3Cc3ccccc3)C2=O)C(C)(C)c2cc(I)ccc21,-5.2984962,-6.3453207,-5.740604,-5.794806966666667
CCCCN1/C(=C\C2=C([O-])/C(=C\c3[se]c4cc(Br)ccc4[n+]3Cc3ccccc3)C2=O)C(C)(C)c2ccccc21,-5.3134794,-6.3613567,-5.7263765,-5.8004042
CCCCN1/C(=C\C2=C([O-])/C(=C\c3[se]c4cc(Br)ccc4[n+]3Cc3ccccc3)C2=O)C(C)(C)c2cc(Br)ccc21,-5.348438,-6.427124,-5.81104,-5.862200666666666
CCCCN1/C(=C\C2=C([O-])/C(=C\c3[se]c4cc(Br)ccc4[n+]3Cc3ccccc3)C2=O)C(C)(C)c2cc(I)ccc21,-5.2880945,-6.3001657,-5.7241387,-5.770799633333334
CC1(C)/C(=C/C2=C([O-])/C(=C\c3[se]c4cc(Br)ccc4[n+]3Cc3ccccc3)C2=O)N(CCCCN)c2ccccc21,-5.363638,-6.5514665,-5.924776,-5.946626833333333
CC1(C)/C(=C/C2=C([O-])/C(=C\c3[se]c4cc(Br)ccc4[n+]3Cc3ccccc3)C2=O)N(CCCCN)c2ccc(Br)cc21,-5.3814993,-6.572253,-5.9562554,-5.970002566666667
CC1(C)/C(=C/C2=C([O-])/C(=C\c3[se]c4cc(Br)ccc4[n+]3Cc3ccccc3)C2=O)N(CCCCN)c2ccc(I)cc21,-5.3443966,-6.500922,-5.9265165,-5.923945033333332
CC1(C)/C(=C/C2=C([O-])/C(=C\c3[se]c4cc(Br)ccc4[n+]3Cc3ccccc3)C2=O)N(CCCCO)c2ccccc21,-5.235271,-6.4378986,-5.752242,-5.808470533333334
CC1(C)/C(=C/C2=C([O-])/C(=C\c3[se]c4cc(Br)ccc4[n+]3Cc3ccccc3)C2=O)N(CCCCO)c2ccc(Br)cc21,-5.2742815,-6.473291,-5.8247995,-5.8574573333333335
CC1(C)/C(=C/C2=C([O-])/C(=C\c3[se]c4cc(Br)ccc4[n+]3Cc3ccccc3)C2=O)N(CCCCO)c2ccc(I)cc21,-5.2056212,-6.371746,-5.7529597,-5.776775633333334
CC[N+](CC)(CC)CCCCN1/C(=C\C2=C([O-])/C(=C\c3[se]c4cc(Br)ccc4[n+]3Cc3ccccc3)C2=O)C(C)(C)c2ccccc21,-5.6907897,-6.646049,-5.769522,-6.035453566666667
CC[N+](CC)(CC)CCCCN1/C(=C\C2=C([O-])/C(=C\c3[se]c4cc(Br)ccc4[n+]3Cc3ccccc3)C2=O)C(C)(C)c2cc(Br)ccc21,-5.666738,-6.735787,-5.84837,-6.083631666666666
CC[N+](CC)(CC)CCCCN1/C(=C\C2=C([O-])/C(=C\c3[se]c4cc(Br)ccc4[n+]3Cc3ccccc3)C2=O)C(C)(C)c2cc(I)ccc21,-5.6747675,-6.5817275,-5.758363,-6.004952666666667
CC1(C)/C(=C/C2=C([O-])/C(=C\c3[se]c4cc(Br)ccc4[n+]3Cc3ccccc3)C2=O)N(CCCCS(=O)(=O)O)c2ccccc21,-5.780229,-6.7155886,-5.4491186,-5.981645400000001
CC1(C)/C(=C/C2=C([O-])/C(=C\c3[se]c4cc(Br)ccc4[n+]3Cc3ccccc3)C2=O)N(CCCCS(=O)(=O)O)c2ccc(Br)cc21,-5.812493,-6.7398605,-5.518084,-6.023479166666665
CC1(C)/C(=C/C2=C([O-])/C(=C\c3[se]c4cc(Br)ccc4[n+]3Cc3ccccc3)C2=O)N(CCCCS(=O)(=O)O)c2ccc(I)cc21,-5.7776003,-6.6623783,-5.458246,-5.966074866666666
CC1(C)/C(=C/C2=C([O-])/C(=C\c3[se]c4cc(Br)ccc4[n+]3Cc3ccccc3)C2=O)N(Cc2ccccc2)c2ccccc21,-5.3945556,-6.544405,-5.7714,-5.903453533333334
CC1(C)/C(=C/C2=C([O-])/C(=C\c3[se]c4cc(Br)ccc4[n+]3Cc3ccccc3)C2=O)N(Cc2ccccc2)c2ccc(Br)cc21,-5.4127855,-6.588414,-5.850881,-5.9506935
CC1(C)/C(=C/C2=C([O-])/C(=C\c3[se]c4cc(Br)ccc4[n+]3Cc3ccccc3)C2=O)N(Cc2ccccc2)c2ccc(I)cc21,-5.3718686,-6.4872274,-5.776124,-5.878406666666667
CC1(C)/C(=C/C2=C([O-])/C(=C\c3[se]c4cc(Br)ccc4[n+]3Cc3ccccc3)C2=O)N(Cc2ccsc2)c2ccccc21,-5.3793006,-6.5164165,-5.772193,-5.889303366666667
CC1(C)/C(=C/C2=C([O-])/C(=C\c3[se]c4cc(Br)ccc4[n+]3Cc3ccccc3)C2=O)N(Cc2ccsc2)c2ccc(Br)cc21,-5.401592,-6.56975,-5.8529243,-5.9414221
CC1(C)/C(=C/C2=C([O-])/C(=C\c3[se]c4cc(Br)ccc4[n+]3Cc3ccccc3)C2=O)N(Cc2ccsc2)c2ccc(I)cc21,-5.35515,-6.4601665,-5.774647,-5.863321166666666
CCN1/C(=C\C2=C([O-])/C(=C\c3[se]c4cc(I)ccc4[n+]3Cc3ccccc3)C2=O)C(C)(C)c2ccccc21,-5.2614675,-6.2638636,-5.6703978,-5.731909633333333
CCN1/C(=C\C2=C([O-])/C(=C\c3[se]c4cc(I)ccc4[n+]3Cc3ccccc3)C2=O)C(C)(C)c2cc(Br)ccc21,-5.321853,-6.3763986,-5.7796006,-5.825950733333333
CCN1/C(=C\C2=C([O-])/C(=C\c3[se]c4cc(I)ccc4[n+]3Cc3ccccc3)C2=O)C(C)(C)c2cc(I)ccc21,-5.236973,-6.205039,-5.6709166,-5.704309533333333
CCCCN1/C(=C\C2=C([O-])/C(=C\c3[se]c4cc(I)ccc4[n+]3Cc3ccccc3)C2=O)C(C)(C)c2ccccc21,-5.252967,-6.2243376,-5.6608195,-5.712708033333333
CCCCN1/C(=C\C2=C([O-])/C(=C\c3[se]c4cc(I)ccc4[n+]3Cc3ccccc3)C2=O)C(C)(C)c2cc(Br)ccc21,-5.311725,-6.3311534,-5.764834,-5.802570800000001
CCCCN1/C(=C\C2=C([O-])/C(=C\c3[se]c4cc(I)ccc4[n+]3Cc3ccccc3)C2=O)C(C)(C)c2cc(I)ccc21,-5.2255697,-6.1632137,-5.6563697,-5.6817177
CC1(C)/C(=C/C2=C([O-])/C(=C\c3[se]c4cc(I)ccc4[n+]3Cc3ccccc3)C2=O)N(CCCCN)c2ccccc21,-5.3369474,-6.482672,-5.903265,-5.907628133333334
CC1(C)/C(=C/C2=C([O-])/C(=C\c3[se]c4cc(I)ccc4[n+]3Cc3ccccc3)C2=O)N(CCCCN)c2ccc(Br)cc21,-5.352933,-6.503145,-5.938263,-5.9314469999999995
CC1(C)/C(=C/C2=C([O-])/C(=C\c3[se]c4cc(I)ccc4[n+]3Cc3ccccc3)C2=O)N(CCCCN)c2ccc(I)cc21,-5.314876,-6.434776,-5.904012,-5.884554666666666
CC1(C)/C(=C/C2=C([O-])/C(=C\c3[se]c4cc(I)ccc4[n+]3Cc3ccccc3)C2=O)N(CCCCO)c2ccccc21,-5.184126,-6.3357677,-5.699585,-5.739826233333333
CC1(C)/C(=C/C2=C([O-])/C(=C\c3[se]c4cc(I)ccc4[n+]3Cc3ccccc3)C2=O)N(CCCCO)c2ccc(Br)cc21,-5.2185755,-6.383377,-5.7838526,-5.795268366666666
CC1(C)/C(=C/C2=C([O-])/C(=C\c3[se]c4cc(I)ccc4[n+]3Cc3ccccc3)C2=O)N(CCCCO)c2ccc(I)cc21,-5.135858,-6.2532177,-5.6944695,-5.694515066666667
CC[N+](CC)(CC)CCCCN1/C(=C\C2=C([O-])/C(=C\c3[se]c4cc(I)ccc4[n+]3Cc3ccccc3)C2=O)C(C)(C)c2ccccc21,-5.6943393,-6.5332885,-5.713351,-5.980326266666666
CC[N+](CC)(CC)CCCCN1/C(=C\C2=C([O-])/C(=C\c3[se]c4cc(I)ccc4[n+]3Cc3ccccc3)C2=O)C(C)(C)c2cc(Br)ccc21,-5.6733603,-6.6172996,-5.7884326,-6.026364166666667
CC[N+](CC)(CC)CCCCN1/C(=C\C2=C([O-])/C(=C\c3[se]c4cc(I)ccc4[n+]3Cc3ccccc3)C2=O)C(C)(C)c2cc(I)ccc21,-5.6815166,-6.4718533,-5.702511,-5.9519603000000005
CC1(C)/C(=C/C2=C([O-])/C(=C\c3[se]c4cc(I)ccc4[n+]3Cc3ccccc3)C2=O)N(CCCCS(=O)(=O)O)c2ccccc21,-5.767263,-6.6409802,-5.418822,-5.942355066666667
CC1(C)/C(=C/C2=C([O-])/C(=C\c3[se]c4cc(I)ccc4[n+]3Cc3ccccc3)C2=O)N(CCCCS(=O)(=O)O)c2ccc(Br)cc21,-5.789642,-6.6644278,-5.484516,-5.979528599999999
CC1(C)/C(=C/C2=C([O-])/C(=C\c3[se]c4cc(I)ccc4[n+]3Cc3ccccc3)C2=O)N(CCCCS(=O)(=O)O)c2ccc(I)cc21,-5.7615438,-6.586895,-5.4306326,-5.926357133333333
CC1(C)/C(=C/C2=C([O-])/C(=C\c3[se]c4cc(I)ccc4[n+]3Cc3ccccc3)C2=O)N(Cc2ccccc2)c2ccccc21,-5.3621554,-6.4366226,-5.717001,-5.8385929999999995
CC1(C)/C(=C/C2=C([O-])/C(=C\c3[se]c4cc(I)ccc4[n+]3Cc3ccccc3)C2=O)N(Cc2ccccc2)c2ccc(Br)cc21,-5.3882046,-6.5073366,-5.811944,-5.902495066666667
CC1(C)/C(=C/C2=C([O-])/C(=C\c3[se]c4cc(I)ccc4[n+]3Cc3ccccc3)C2=O)N(Cc2ccccc2)c2ccc(I)cc21,-5.331149,-6.3720512,-5.716105,-5.806435066666666
CC1(C)/C(=C/C2=C([O-])/C(=C\c3[se]c4cc(I)ccc4[n+]3Cc3ccccc3)C2=O)N(Cc2ccsc2)c2ccccc21,-5.338826,-6.401681,-5.711642,-5.817383
CC1(C)/C(=C/C2=C([O-])/C(=C\c3[se]c4cc(I)ccc4[n+]3Cc3ccccc3)C2=O)N(Cc2ccsc2)c2ccc(Br)cc21,-5.373298,-6.485668,-5.8149204,-5.891295466666667
CC1(C)/C(=C/C2=C([O-])/C(=C\c3[se]c4cc(I)ccc4[n+]3Cc3ccccc3)C2=O)N(Cc2ccsc2)c2ccc(I)cc21,-5.309878,-6.338235,-5.7098117,-5.7859749
CCN1/C(=C\C2=C([O-])/C(=C\c3[se]c4ccccc4[n+]3Cc3ccsc3)C2=O)C(C)(C)c2ccccc21,-5.291879,-6.357006,-5.675503,-5.774795999999999
CCN1/C(=C\C2=C([O-])/C(=C\c3[se]c4ccccc4[n+]3Cc3ccsc3)C2=O)C(C)(C)c2cc(Br)ccc21,-5.3453016,-6.4529247,-5.7832136,-5.8604799666666665
CCN1/C(=C\C2=C([O-])/C(=C\c3[se]c4ccccc4[n+]3Cc3ccsc3)C2=O)C(C)(C)c2cc(I)ccc21,-5.266096,-6.29446,-5.6766696,-5.745741866666667
CCCCN1/C(=C\C2=C([O-])/C(=C\c3[se]c4ccccc4[n+]3Cc3ccsc3)C2=O)C(C)(C)c2ccccc21,-5.2781196,-6.311838,-5.661604,-5.750520533333333
CCCCN1/C(=C\C2=C([O-])/C(=C\c3[se]c4ccccc4[n+]3Cc3ccsc3)C2=O)C(C)(C)c2cc(Br)ccc21,-5.331686,-6.401427,-5.7650537,-5.832722233333333
CCCCN1/C(=C\C2=C([O-])/C(=C\c3[se]c4ccccc4[n+]3Cc3ccsc3)C2=O)C(C)(C)c2cc(I)ccc21,-5.2541027,-6.2477474,-5.660803,-5.720884366666667
CC1(C)/C(=C/C2=C([O-])/C(=C\c3[se]c4ccccc4[n+]3Cc3ccsc3)C2=O)N(CCCCN)c2ccccc21,-5.3528996,-6.5408287,-5.895332,-5.929686766666666
CC1(C)/C(=C/C2=C([O-])/C(=C\c3[se]c4ccccc4[n+]3Cc3ccsc3)C2=O)N(CCCCN)c2ccc(Br)cc21,-5.374684,-6.566692,-5.9320765,-5.9578175
CC1(C)/C(=C/C2=C([O-])/C(=C\c3[se]c4ccccc4[n+]3Cc3ccsc3)C2=O)N(CCCCN)c2ccc(I)cc21,-5.33286,-6.490801,-5.895528,-5.906396333333333
CC1(C)/C(=C/C2=C([O-])/C(=C\c3[se]c4ccccc4[n+]3Cc3ccsc3)C2=O)N(CCCCO)c2ccccc21,-5.2144856,-6.4124923,-5.69253,-5.773169299999999
CC1(C)/C(=C/C2=C([O-])/C(=C\c3[se]c4ccccc4[n+]3Cc3ccsc3)C2=O)N(CCCCO)c2ccc(Br)cc21,-5.254363,-6.456512,-5.7795353,-5.830136766666667
CC1(C)/C(=C/C2=C([O-])/C(=C\c3[se]c4ccccc4[n+]3Cc3ccsc3)C2=O)N(CCCCO)c2ccc(I)cc21,-5.1771097,-6.340169,-5.6902766,-5.735851766666666
CC[N+](CC)(CC)CCCCN1/C(=C\C2=C([O-])/C(=C\c3[se]c4ccccc4[n+]3Cc3ccsc3)C2=O)C(C)(C)c2ccccc21,-5.69727,-6.592253,-5.7247634,-6.004762133333333
CC[N+](CC)(CC)CCCCN1/C(=C\C2=C([O-])/C(=C\c3[se]c4ccccc4[n+]3Cc3ccsc3)C2=O)C(C)(C)c2cc(Br)ccc21,-5.676855,-6.679538,-5.802693,-6.053028666666667
CC[N+](CC)(CC)CCCCN1/C(=C\C2=C([O-])/C(=C\c3[se]c4ccccc4[n+]3Cc3ccsc3)C2=O)C(C)(C)c2cc(I)ccc21,-5.682497,-6.528582,-5.714126,-5.975068333333333
CC1(C)/C(=C/C2=C([O-])/C(=C\c3[se]c4ccccc4[n+]3Cc3ccsc3)C2=O)N(CCCCS(=O)(=O)O)c2ccccc21,-5.7882776,-6.722716,-5.4097266,-5.973573399999999
CC1(C)/C(=C/C2=C([O-])/C(=C\c3[se]c4ccccc4[n+]3Cc3ccsc3)C2=O)N(CCCCS(=O)(=O)O)c2ccc(Br)cc21,-5.812779,-6.7448087,-5.4767346,-6.0114407666666665
CC1(C)/C(=C/C2=C([O-])/C(=C\c3[se]c4ccccc4[n+]3Cc3ccsc3)C2=O)N(CCCCS(=O)(=O)O)c2ccc(I)cc21,-5.782672,-6.6685863,-5.421829,-5.957695766666666
CC1(C)/C(=C/C2=C([O-])/C(=C\c3[se]c4ccccc4[n+]3Cc3ccsc3)C2=O)N(Cc2ccccc2)c2ccccc21,-5.374984,-6.510092,-5.7177367,-5.867604233333334
CC1(C)/C(=C/C2=C([O-])/C(=C\c3[se]c4ccccc4[n+]3Cc3ccsc3)C2=O)N(Cc2ccccc2)c2ccc(Br)cc21,-5.404202,-6.576767,-5.8157167,-5.932228566666667
CC1(C)/C(=C/C2=C([O-])/C(=C\c3[se]c4ccccc4[n+]3Cc3ccsc3)C2=O)N(Cc2ccccc2)c2ccc(I)cc21,-5.348339,-6.444958,-5.7187467,-5.8373479
CC1(C)/C(=C/C2=C([O-])/C(=C\c3[se]c4ccccc4[n+]3Cc3ccsc3)C2=O)N(Cc2ccsc2)c2ccccc21,-5.357013,-6.478921,-5.7142787,-5.8500708999999995
CC1(C)/C(=C/C2=C([O-])/C(=C\c3[se]c4ccccc4[n+]3Cc3ccsc3)C2=O)N(Cc2ccsc2)c2ccc(Br)cc21,-5.389586,-6.554793,-5.8173594,-5.920579466666667
CC1(C)/C(=C/C2=C([O-])/C(=C\c3[se]c4ccccc4[n+]3Cc3ccsc3)C2=O)N(Cc2ccsc2)c2ccc(I)cc21,-5.329994,-6.4140754,-5.714812,-5.819627133333334
CCN1/C(=C\C2=C([O-])/C(=C\c3[se]c4cc(Br)ccc4[n+]3Cc3ccsc3)C2=O)C(C)(C)c2ccccc21,-5.3305964,-6.439064,-5.7586136,-5.842758
CCN1/C(=C\C2=C([O-])/C(=C\c3[se]c4cc(Br)ccc4[n+]3Cc3ccsc3)C2=O)C(C)(C)c2cc(Br)ccc21,-5.3662624,-6.5092006,-5.8455653,-5.907009433333333
CCN1/C(=C\C2=C([O-])/C(=C\c3[se]c4cc(Br)ccc4[n+]3Cc3ccsc3)C2=O)C(C)(C)c2cc(I)ccc21,-5.3032246,-6.377179,-5.757277,-5.8125602
CCCCN1/C(=C\C2=C([O-])/C(=C\c3[se]c4cc(Br)ccc4[n+]3Cc3ccsc3)C2=O)C(C)(C)c2ccccc21,-5.315224,-6.389916,-5.743594,-5.816244666666667
CCCCN1/C(=C\C2=C([O-])/C(=C\c3[se]c4cc(Br)ccc4[n+]3Cc3ccsc3)C2=O)C(C)(C)c2cc(Br)ccc21,-5.3516912,-6.4596896,-5.82508,-5.878820266666668
CCCCN1/C(=C\C2=C([O-])/C(=C\c3[se]c4cc(Br)ccc4[n+]3Cc3ccsc3)C2=O)C(C)(C)c2cc(I)ccc21,-5.2864094,-6.326625,-5.737603,-5.7835458
CC1(C)/C(=C/C2=C([O-])/C(=C\c3[se]c4cc(Br)ccc4[n+]3Cc3ccsc3)C2=O)N(CCCCN)c2ccccc21,-5.3669643,-6.572071,-5.929926,-5.956320433333334
CC1(C)/C(=C/C2=C([O-])/C(=C\c3[se]c4cc(Br)ccc4[n+]3Cc3ccsc3)C2=O)N(CCCCN)c2ccc(Br)cc21,-5.391379,-6.594178,-5.960695,-5.982084
CC1(C)/C(=C/C2=C([O-])/C(=C\c3[se]c4cc(Br)ccc4[n+]3Cc3ccsc3)C2=O)N(CCCCN)c2ccc(I)cc21,-5.347309,-6.524799,-5.930102,-5.934070000000001
CC1(C)/C(=C/C2=C([O-])/C(=C\c3[se]c4cc(Br)ccc4[n+]3Cc3ccsc3)C2=O)N(CCCCO)c2ccccc21,-5.2411475,-6.453251,-5.7604017,-5.818266733333334
CC1(C)/C(=C/C2=C([O-])/C(=C\c3[se]c4cc(Br)ccc4[n+]3Cc3ccsc3)C2=O)N(CCCCO)c2ccc(Br)cc21,-5.2972517,-6.499798,-5.8338113,-5.876953666666666
CC1(C)/C(=C/C2=C([O-])/C(=C\c3[se]c4cc(Br)ccc4[n+]3Cc3ccsc3)C2=O)N(CCCCO)c2ccc(I)cc21,-5.2128763,-6.3862257,-5.755739,-5.784947
CC[N+](CC)(CC)CCCCN1/C(=C\C2=C([O-])/C(=C\c3[se]c4cc(Br)ccc4[n+]3Cc3ccsc3)C2=O)C(C)(C)c2ccccc21,-5.679892,-6.6597037,-5.781966,-6.040520566666667
CC[N+](CC)(CC)CCCCN1/C(=C\C2=C([O-])/C(=C\c3[se]c4cc(Br)ccc4[n+]3Cc3ccsc3)C2=O)C(C)(C)c2cc(Br)ccc21,-5.660556,-6.7570066,-5.8626165,-6.093393033333332
CC[N+](CC)(CC)CCCCN1/C(=C\C2=C([O-])/C(=C\c3[se]c4cc(Br)ccc4[n+]3Cc3ccsc3)C2=O)C(C)(C)c2cc(I)ccc21,-5.6667514,-6.596012,-5.7689495,-6.010570966666667
CC1(C)/C(=C/C2=C([O-])/C(=C\c3[se]c4cc(Br)ccc4[n+]3Cc3ccsc3)C2=O)N(CCCCS(=O)(=O)O)c2ccccc21,-5.798393,-6.7460165,-5.462965,-6.002458166666667
CC1(C)/C(=C/C2=C([O-])/C(=C\c3[se]c4cc(Br)ccc4[n+]3Cc3ccsc3)C2=O)N(CCCCS(=O)(=O)O)c2ccc(Br)cc21,-5.8350253,-6.77549,-5.5375476,-6.0493543
CC1(C)/C(=C/C2=C([O-])/C(=C\c3[se]c4cc(Br)ccc4[n+]3Cc3ccsc3)C2=O)N(CCCCS(=O)(=O)O)c2ccc(I)cc21,-5.7984495,-6.69223,-5.4726233,-5.987767600000001
CC1(C)/C(=C/C2=C([O-])/C(=C\c3[se]c4cc(Br)ccc4[n+]3Cc3ccsc3)C2=O)N(Cc2ccccc2)c2ccccc21,-5.3968506,-6.5749073,-5.794632,-5.922129966666667
CC1(C)/C(=C/C2=C([O-])/C(=C\c3[se]c4cc(Br)ccc4[n+]3Cc3ccsc3)C2=O)N(Cc2ccccc2)c2ccc(Br)cc21,-5.4204917,-6.624658,-5.873913,-5.973020899999999
CC1(C)/C(=C/C2=C([O-])/C(=C\c3[se]c4cc(Br)ccc4[n+]3Cc3ccsc3)C2=O)N(Cc2ccccc2)c2ccc(I)cc21,-5.3741117,-6.520482,-5.799416,-5.898003233333334
CC1(C)/C(=C/C2=C([O-])/C(=C\c3[se]c4cc(Br)ccc4[n+]3Cc3ccsc3)C2=O)N(Cc2ccsc2)c2ccccc21,-5.3783016,-6.5464854,-5.791425,-5.905404
CC1(C)/C(=C/C2=C([O-])/C(=C\c3[se]c4cc(Br)ccc4[n+]3Cc3ccsc3)C2=O)N(Cc2ccsc2)c2ccc(Br)cc21,-5.409189,-6.603338,-5.871382,-5.961303
CC1(C)/C(=C/C2=C([O-])/C(=C\c3[se]c4cc(Br)ccc4[n+]3Cc3ccsc3)C2=O)N(Cc2ccsc2)c2ccc(I)cc21,-5.354101,-6.489002,-5.7935066,-5.878869866666666
CCN1/C(=C\C2=C([O-])/C(=C\c3[se]c4cc(I)ccc4[n+]3Cc3ccsc3)C2=O)C(C)(C)c2ccccc21,-5.27635,-6.3165455,-5.6937447,-5.7622134
CCN1/C(=C\C2=C([O-])/C(=C\c3[se]c4cc(I)ccc4[n+]3Cc3ccsc3)C2=O)C(C)(C)c2cc(Br)ccc21,-5.325801,-6.4105654,-5.797307,-5.8445578000000005
CCN1/C(=C\C2=C([O-])/C(=C\c3[se]c4cc(I)ccc4[n+]3Cc3ccsc3)C2=O)C(C)(C)c2cc(I)ccc21,-5.2462397,-6.253773,-5.6914496,-5.730487433333333
CCCCN1/C(=C\C2=C([O-])/C(=C\c3[se]c4cc(I)ccc4[n+]3Cc3ccsc3)C2=O)C(C)(C)c2ccccc21,-5.2639284,-6.270097,-5.6806774,-5.738234266666667
CCCCN1/C(=C\C2=C([O-])/C(=C\c3[se]c4cc(I)ccc4[n+]3Cc3ccsc3)C2=O)C(C)(C)c2cc(Br)ccc21,-5.309815,-6.3603835,-5.776576,-5.815591500000001
CCCCN1/C(=C\C2=C([O-])/C(=C\c3[se]c4cc(I)ccc4[n+]3Cc3ccsc3)C2=O)C(C)(C)c2cc(I)ccc21,-5.2320466,-6.2068152,-5.6735835,-5.704148433333334
CC1(C)/C(=C/C2=C([O-])/C(=C\c3[se]c4cc(I)ccc4[n+]3Cc3ccsc3)C2=O)N(CCCCN)c2ccccc21,-5.336737,-6.5016127,-5.9083433,-5.915564333333333
CC1(C)/C(=C/C2=C([O-])/C(=C\c3[se]c4cc(I)ccc4[n+]3Cc3ccsc3)C2=O)N(CCCCN)c2ccc(Br)cc21,-5.358964,-6.530667,-5.942656,-5.944095666666667
CC1(C)/C(=C/C2=C([O-])/C(=C\c3[se]c4cc(I)ccc4[n+]3Cc3ccsc3)C2=O)N(CCCCN)c2ccc(I)cc21,-5.314226,-6.4565544,-5.9074774,-5.892752600000001
CC1(C)/C(=C/C2=C([O-])/C(=C\c3[se]c4cc(I)ccc4[n+]3Cc3ccsc3)C2=O)N(CCCCO)c2ccccc21,-5.1877613,-6.355662,-5.7103114,-5.7512449000000005
CC1(C)/C(=C/C2=C([O-])/C(=C\c3[se]c4cc(I)ccc4[n+]3Cc3ccsc3)C2=O)N(CCCCO)c2ccc(Br)cc21,-5.2362156,-6.405789,-5.7916274,-5.811210666666667
CC1(C)/C(=C/C2=C([O-])/C(=C\c3[se]c4cc(I)ccc4[n+]3Cc3ccsc3)C2=O)N(CCCCO)c2ccc(I)cc21,-5.1435213,-6.2766705,-5.7020936,-5.707428466666666
CC[N+](CC)(CC)CCCCN1/C(=C\C2=C([O-])/C(=C\c3[se]c4cc(I)ccc4[n+]3Cc3ccsc3)C2=O)C(C)(C)c2ccccc21,-5.680974,-6.5457463,-5.7264304,-5.984383566666668
CC[N+](CC)(CC)CCCCN1/C(=C\C2=C([O-])/C(=C\c3[se]c4cc(I)ccc4[n+]3Cc3ccsc3)C2=O)C(C)(C)c2cc(Br)ccc21,-5.664044,-6.6327424,-5.8010573,-6.032614566666666
CC[N+](CC)(CC)CCCCN1/C(=C\C2=C([O-])/C(=C\c3[se]c4cc(I)ccc4[n+]3Cc3ccsc3)C2=O)C(C)(C)c2cc(I)ccc21,-5.6689906,-6.483067,-5.7133627,-5.9551401
CC1(C)/C(=C/C2=C([O-])/C(=C\c3[se]c4cc(I)ccc4[n+]3Cc3ccsc3)C2=O)N(CCCCS(=O)(=O)O)c2ccccc21,-5.777843,-6.67185,-5.4351115,-5.9616015
CC1(C)/C(=C/C2=C([O-])/C(=C\c3[se]c4cc(I)ccc4[n+]3Cc3ccsc3)C2=O)N(CCCCS(=O)(=O)O)c2ccc(Br)cc21,-5.8123097,-6.6956515,-5.5010004,-6.0029872
CC1(C)/C(=C/C2=C([O-])/C(=C\c3[se]c4cc(I)ccc4[n+]3Cc3ccsc3)C2=O)N(CCCCS(=O)(=O)O)c2ccc(I)cc21,-5.774072,-6.6188703,-5.444475,-5.945805766666667
CC1(C)/C(=C/C2=C([O-])/C(=C\c3[se]c4cc(I)ccc4[n+]3Cc3ccsc3)C2=O)N(Cc2ccccc2)c2ccccc21,-5.356283,-6.462509,-5.7340336,-5.850941866666666
CC1(C)/C(=C/C2=C([O-])/C(=C\c3[se]c4cc(I)ccc4[n+]3Cc3ccsc3)C2=O)N(Cc2ccccc2)c2ccc(Br)cc21,-5.3910108,-6.5413594,-5.835961,-5.922777066666668
CC1(C)/C(=C/C2=C([O-])/C(=C\c3[se]c4cc(I)ccc4[n+]3Cc3ccsc3)C2=O)N(Cc2ccccc2)c2ccc(I)cc21,-5.3289843,-6.3996944,-5.732949,-5.820542566666667
CC1(C)/C(=C/C2=C([O-])/C(=C\c3[se]c4cc(I)ccc4[n+]3Cc3ccsc3)C2=O)N(Cc2ccsc2)c2ccccc21,-5.338438,-6.433035,-5.7296777,-5.8337169
CC1(C)/C(=C/C2=C([O-])/C(=C\c3[se]c4cc(I)ccc4[n+]3Cc3ccsc3)C2=O)N(Cc2ccsc2)c2ccc(Br)cc21,-5.3734717,-6.517482,-5.833618,-5.908190566666668
CC1(C)/C(=C/C2=C([O-])/C(=C\c3[se]c4cc(I)ccc4[n+]3Cc3ccsc3)C2=O)N(Cc2ccsc2)c2ccc(I)cc21,-5.308563,-6.3677254,-5.727197,-5.8011618
CCN1/C(=C\C2=C([O-])/C(=C\C3=[N+](CC)c4ccccc4C3(C)C)C2=O)C(C)(C)c2ccccc21,-5.102746,-6.11271,-5.6837153,-5.633057099999999
CCN1/C(=C\C2=C([O-])/C(=C\C3=[N+](CC)c4ccccc4C3(C)C)C2=O)C(C)(C)c2cc(Br)ccc21,-5.1727176,-6.2495856,-5.795277,-5.7391934000000004
CCN1/C(=C\C2=C([O-])/C(=C\C3=[N+](CC)c4ccccc4C3(C)C)C2=O)C(C)(C)c2cc(I)ccc21,-5.067286,-6.057957,-5.683658,-5.6029670000000005
CCCCN1/C(=C\C2=C([O-])/C(=C\C3=[N+](CC)c4ccccc4C3(C)C)C2=O)C(C)(C)c2ccccc21,-5.072839,-6.0526743,-5.6747975,-5.6001036
CCCCN1/C(=C\C2=C([O-])/C(=C\C3=[N+](CC)c4ccccc4C3(C)C)C2=O)C(C)(C)c2cc(Br)ccc21,-5.1457343,-6.1814547,-5.7826004,-5.7032631333333335
CCCCN1/C(=C\C2=C([O-])/C(=C\C3=[N+](CC)c4ccccc4C3(C)C)C2=O)C(C)(C)c2cc(I)ccc21,-5.038489,-5.9957013,-5.6701045,-5.5680982666666665
CC[N+]1=C(/C=C2/C(=O)C(/C=C3\N(CCCCN)c4ccccc4C3(C)C)=C2[O-])C(C)(C)c2ccccc21,-5.205463,-6.3734293,-5.921166,-5.833352766666667
CC[N+]1=C(/C=C2/C(=O)C(/C=C3\N(CCCCN)c4ccc(Br)cc4C3(C)C)=C2[O-])C(C)(C)c2ccccc21,-5.2370453,-6.409119,-5.9541745,-5.8667796
CC[N+]1=C(/C=C2/C(=O)C(/C=C3\N(CCCCN)c4ccc(I)cc4C3(C)C)=C2[O-])C(C)(C)c2ccccc21,-5.174621,-6.3253307,-5.9233193,-5.807757
CC[N+]1=C(/C=C2/C(=O)C(/C=C3\N(CCCCO)c4ccccc4C3(C)C)=C2[O-])C(C)(C)c2ccccc21,-4.9549994,-6.108117,-5.6948295,-5.585981966666666
CC[N+]1=C(/C=C2/C(=O)C(/C=C3\N(CCCCO)c4ccc(Br)cc4C3(C)C)=C2[O-])C(C)(C)c2ccccc21,-5.0903735,-6.2644763,-5.8134604,-5.7227700666666665
CC[N+]1=C(/C=C2/C(=O)C(/C=C3\N(CCCCO)c4ccc(I)cc4C3(C)C)=C2[O-])C(C)(C)c2ccccc21,-4.914973,-6.0436726,-5.684798,-5.547814533333334
CC[N+]1=C(/C=C2/C(=O)C(/C=C3\N(CCCC[N+](CC)(CC)CC)c4ccccc4C3(C)C)=C2[O-])C(C)(C)c2ccccc21,-5.6214566,-6.453214,-5.7252336,-5.9333014
CC[N+]1=C(/C=C2/C(=O)C(/C=C3\N(CCCC[N+](CC)(CC)CC)c4ccc(Br)cc4C3(C)C)=C2[O-])C(C)(C)c2ccccc21,-5.597969,-6.5379024,-5.7957287,-5.977200033333332
CC[N+]1=C(/C=C2/C(=O)C(/C=C3\N(CCCC[N+](CC)(CC)CC)c4ccc(I)cc4C3(C)C)=C2[O-])C(C)(C)c2ccccc21,-5.6104674,-6.3993883,-5.7164407,-5.908765466666666
CC[N+]1=C(/C=C2/C(=O)C(/C=C3\N(CCCCS(=O)(=O)O)c4ccccc4C3(C)C)=C2[O-])C(C)(C)c2ccccc21,-5.6867003,-6.5369473,-5.4880133,-5.903886966666666
CC[N+]1=C(/C=C2/C(=O)C(/C=C3\N(CCCCS(=O)(=O)O)c4ccc(Br)cc4C3(C)C)=C2[O-])C(C)(C)c2ccccc21,-5.730071,-6.585596,-5.568028,-5.9612316666666665
CC[N+]1=C(/C=C2/C(=O)C(/C=C3\N(CCCCS(=O)(=O)O)c4ccc(I)cc4C3(C)C)=C2[O-])C(C)(C)c2ccccc21,-5.682553,-6.4922028,-5.503745,-5.8928336
CC[N+]1=C(/C=C2/C(=O)C(/C=C3\N(Cc4ccccc4)c4ccccc4C3(C)C)=C2[O-])C(C)(C)c2ccccc21,-5.2066274,-6.279413,-5.7327437,-5.7395947000000005
CC[N+]1=C(/C=C2/C(=O)C(/C=C3\N(Cc4ccccc4)c4ccc(Br)cc4C3(C)C)=C2[O-])C(C)(C)c2ccccc21,-5.262183,-6.3855896,-5.840491,-5.8294212
CC[N+]1=C(/C=C2/C(=O)C(/C=C3\N(Cc4ccccc4)c4ccc(I)cc4C3(C)C)=C2[O-])C(C)(C)c2ccccc21,-5.187091,-6.2339454,-5.7402377,-5.7204247
CC[N+]1=C(/C=C2/C(=O)C(/C=C3\N(Cc4ccsc4)c4ccccc4C3(C)C)=C2[O-])C(C)(C)c2ccccc21,-5.1967087,-6.2725134,-5.7346416,-5.734621233333333
CC[N+]1=C(/C=C2/C(=O)C(/C=C3\N(Cc4ccsc4)c4ccc(Br)cc4C3(C)C)=C2[O-])C(C)(C)c2ccccc21,-5.255069,-6.3813543,-5.8418207,-5.826081333333334
CC[N+]1=C(/C=C2/C(=O)C(/C=C3\N(Cc4ccsc4)c4ccc(I)cc4C3(C)C)=C2[O-])C(C)(C)c2ccccc21,-5.172523,-6.2271404,-5.741317,-5.713660133333334
CCN1/C(=C\C2=C([O-])/C(=C\C3=[N+](CC)c4ccc(Br)cc4C3(C)C)C2=O)C(C)(C)c2ccccc21,-5.1494617,-6.2103167,-5.7652264,-5.708334933333333
CCN1/C(=C\C2=C([O-])/C(=C\C3=[N+](CC)c4ccc(Br)cc4C3(C)C)C2=O)C(C)(C)c2cc(Br)ccc21,-5.225305,-6.334736,-5.874226,-5.811422333333333
CCN1/C(=C\C2=C([O-])/C(=C\C3=[N+](CC)c4ccc(Br)cc4C3(C)C)C2=O)C(C)(C)c2cc(I)ccc21,-5.1175985,-6.1562567,-5.765332,-5.679729066666667
CCCCN1/C(=C\C2=C([O-])/C(=C\C3=[N+](CC)c4ccc(Br)cc4C3(C)C)C2=O)C(C)(C)c2ccccc21,-5.1235147,-6.146083,-5.756189,-5.675262233333334
CCCCN1/C(=C\C2=C([O-])/C(=C\C3=[N+](CC)c4ccc(Br)cc4C3(C)C)C2=O)C(C)(C)c2cc(Br)ccc21,-5.2028394,-6.2678475,-5.8628955,-5.7778608
CCCCN1/C(=C\C2=C([O-])/C(=C\C3=[N+](CC)c4ccc(Br)cc4C3(C)C)C2=O)C(C)(C)c2cc(I)ccc21,-5.089045,-6.0896893,-5.752267,-5.643667099999999
CC[N+]1=C(/C=C2/C(=O)C(/C=C3\N(CCCCN)c4ccccc4C3(C)C)=C2[O-])C(C)(C)c2cc(Br)ccc21,-5.2160463,-6.396056,-5.951958,-5.854686766666667
CC[N+]1=C(/C=C2/C(=O)C(/C=C3\N(CCCCN)c4ccc(Br)cc4C3(C)C)=C2[O-])C(C)(C)c2cc(Br)ccc21,-5.269381,-6.4484158,-5.981799,-5.899865266666667
CC[N+]1=C(/C=C2/C(=O)C(/C=C3\N(CCCCN)c4ccc(I)cc4C3(C)C)=C2[O-])C(C)(C)c2cc(Br)ccc21,-5.1967683,-6.358409,-5.954531,-5.836569433333334
CC[N+]1=C(/C=C2/C(=O)C(/C=C3\N(CCCCO)c4ccccc4C3(C)C)=C2[O-])C(C)(C)c2cc(Br)ccc21,-5.0476327,-6.2188473,-5.784714,-5.683731333333334
CC[N+]1=C(/C=C2/C(=O)C(/C=C3\N(CCCCO)c4ccc(Br)cc4C3(C)C)=C2[O-])C(C)(C)c2cc(Br)ccc21,-5.1586065,-6.3324137,-5.88054,-5.790520066666667
CC[N+]1=C(/C=C2/C(=O)C(/C=C3\N(CCCCO)c4ccc(I)cc4C3(C)C)=C2[O-])C(C)(C)c2cc(Br)ccc21,-5.0205336,-6.165768,-5.782458,-5.656253199999999
CC[N+]1=C(/C=C2/C(=O)C(/C=C3\N(CCCC[N+](CC)(CC)CC)c4ccccc4C3(C)C)=C2[O-])C(C)(C)c2cc(Br)ccc21,-5.6022325,-6.5062327,-5.7761083,-5.9615245
CC[N+]1=C(/C=C2/C(=O)C(/C=C3\N(CCCC[N+](CC)(CC)CC)c4ccc(Br)cc4C3(C)C)=C2[O-])C(C)(C)c2cc(Br)ccc21,-5.5758324,-6.576635,-5.838569,-5.997012133333333
CC[N+]1=C(/C=C2/C(=O)C(/C=C3\N(CCCC[N+](CC)(CC)CC)c4ccc(I)cc4C3(C)C)=C2[O-])C(C)(C)c2cc(Br)ccc21,-5.593319,-6.4528093,-5.7661114,-5.937413233333333
CC[N+]1=C(/C=C2/C(=O)C(/C=C3\N(CCCCS(=O)(=O)O)c4ccccc4C3(C)C)=C2[O-])C(C)(C)c2cc(Br)ccc21,-5.7149777,-6.5670013,-5.559684,-5.947221
CC[N+]1=C(/C=C2/C(=O)C(/C=C3\N(CCCCS(=O)(=O)O)c4ccc(Br)cc4C3(C)C)=C2[O-])C(C)(C)c2cc(Br)ccc21,-5.7440853,-6.602094,-5.6189647,-5.988381333333333
CC[N+]1=C(/C=C2/C(=O)C(/C=C3\N(CCCCS(=O)(=O)O)c4ccc(I)cc4C3(C)C)=C2[O-])C(C)(C)c2cc(Br)ccc21,-5.7087574,-6.522723,-5.57072,-5.934066799999999
CC[N+]1=C(/C=C2/C(=O)C(/C=C3\N(Cc4ccccc4)c4ccccc4C3(C)C)=C2[O-])C(C)(C)c2cc(Br)ccc21,-5.2472906,-6.362415,-5.816023,-5.808576200000001
CC[N+]1=C(/C=C2/C(=O)C(/C=C3\N(Cc4ccccc4)c4ccc(Br)cc4C3(C)C)=C2[O-])C(C)(C)c2cc(Br)ccc21,-5.2881413,-6.4307528,-5.902482,-5.873792033333333
CC[N+]1=C(/C=C2/C(=O)C(/C=C3\N(Cc4ccccc4)c4ccc(I)cc4C3(C)C)=C2[O-])C(C)(C)c2cc(Br)ccc21,-5.228414,-6.322893,-5.825407,-5.792238
CC[N+]1=C(/C=C2/C(=O)C(/C=C3\N(Cc4ccsc4)c4ccccc4C3(C)C)=C2[O-])C(C)(C)c2cc(Br)ccc21,-5.241624,-6.3596263,-5.8186507,-5.8066336666666665
CC[N+]1=C(/C=C2/C(=O)C(/C=C3\N(Cc4ccsc4)c4ccc(Br)cc4C3(C)C)=C2[O-])C(C)(C)c2cc(Br)ccc21,-5.276911,-6.425671,-5.8998365,-5.867472833333333
CC[N+]1=C(/C=C2/C(=O)C(/C=C3\N(Cc4ccsc4)c4ccc(I)cc4C3(C)C)=C2[O-])C(C)(C)c2cc(Br)ccc21,-5.2146134,-6.308673,-5.821421,-5.781569133333334
CCN1/C(=C\C2=C([O-])/C(=C\C3=[N+](CC)c4ccc(I)cc4C3(C)C)C2=O)C(C)(C)c2ccccc21,-5.0721173,-6.053315,-5.6805563,-5.601996199999999
CCN1/C(=C\C2=C([O-])/C(=C\C3=[N+](CC)c4ccc(I)cc4C3(C)C)C2=O)C(C)(C)c2cc(Br)ccc21,-5.1474137,-6.192104,-5.793696,-5.711071233333333
CCN1/C(=C\C2=C([O-])/C(=C\C3=[N+](CC)c4ccc(I)cc4C3(C)C)C2=O)C(C)(C)c2cc(I)ccc21,-5.034562,-5.996171,-5.677724,-5.569485666666668
CCCCN1/C(=C\C2=C([O-])/C(=C\C3=[N+](CC)c4ccc(I)cc4C3(C)C)C2=O)C(C)(C)c2ccccc21,-5.042607,-5.9924808,-5.669941,-5.568342933333334
CCCCN1/C(=C\C2=C([O-])/C(=C\C3=[N+](CC)c4ccc(I)cc4C3(C)C)C2=O)C(C)(C)c2cc(Br)ccc21,-5.1181645,-6.124164,-5.7802873,-5.674205266666667
CCCCN1/C(=C\C2=C([O-])/C(=C\C3=[N+](CC)c4ccc(I)cc4C3(C)C)C2=O)C(C)(C)c2cc(I)ccc21,-5.0044107,-5.931364,-5.661599,-5.5324579
CC[N+]1=C(/C=C2/C(=O)C(/C=C3\N(CCCCN)c4ccccc4C3(C)C)=C2[O-])C(C)(C)c2cc(I)ccc21,-5.177532,-6.3219438,-5.9227924,-5.807422733333333
CC[N+]1=C(/C=C2/C(=O)C(/C=C3\N(CCCCN)c4ccc(Br)cc4C3(C)C)=C2[O-])C(C)(C)c2cc(I)ccc21,-5.2211213,-6.369438,-5.956651,-5.8490701
CC[N+]1=C(/C=C2/C(=O)C(/C=C3\N(CCCCN)c4ccc(I)cc4C3(C)C)=C2[O-])C(C)(C)c2cc(I)ccc21,-5.1413054,-6.2636023,-5.9175897,-5.7741658
CC[N+]1=C(/C=C2/C(=O)C(/C=C3\N(CCCCO)c4ccccc4C3(C)C)=C2[O-])C(C)(C)c2cc(I)ccc21,-4.9182186,-6.0404615,-5.6845956,-5.5477585666666664
CC[N+]1=C(/C=C2/C(=O)C(/C=C3\N(CCCCO)c4ccc(Br)cc4C3(C)C)=C2[O-])C(C)(C)c2cc(I)ccc21,-5.0641685,-6.2043195,-5.810932,-5.6931400000000005
CC[N+]1=C(/C=C2/C(=O)C(/C=C3\N(CCCCO)c4ccc(I)cc4C3(C)C)=C2[O-])C(C)(C)c2cc(I)ccc21,-4.8812113,-5.977283,-5.674437,-5.510977100000001
CC[N+]1=C(/C=C2/C(=O)C(/C=C3\N(CCCC[N+](CC)(CC)CC)c4ccccc4C3(C)C)=C2[O-])C(C)(C)c2cc(I)ccc21,-5.6131263,-6.3926806,-5.7131453,-5.9063174
CC[N+]1=C(/C=C2/C(=O)C(/C=C3\N(CCCC[N+](CC)(CC)CC)c4ccc(Br)cc4C3(C)C)=C2[O-])C(C)(C)c2cc(I)ccc21,-5.591757,-6.4783874,-5.7825828,-5.950909066666667
CC[N+]1=C(/C=C2/C(=O)C(/C=C3\N(CCCC[N+](CC)(CC)CC)c4ccc(I)cc4C3(C)C)=C2[O-])C(C)(C)c2cc(I)ccc21,-5.603434,-6.342906,-5.702626,-5.882988666666667
CC[N+]1=C(/C=C2/C(=O)C(/C=C3\N(CCCCS(=O)(=O)O)c4ccccc4C3(C)C)=C2[O-])C(C)(C)c2cc(I)ccc21,-5.6874895,-6.4872994,-5.505058,-5.8932823
CC[N+]1=C(/C=C2/C(=O)C(/C=C3\N(CCCCS(=O)(=O)O)c4ccc(Br)cc4C3(C)C)=C2[O-])C(C)(C)c2cc(I)ccc21,-5.7284203,-6.535709,-5.579209,-5.947779433333333
CC[N+]1=C(/C=C2/C(=O)C(/C=C3\N(CCCCS(=O)(=O)O)c4ccc(I)cc4C3(C)C)=C2[O-])C(C)(C)c2cc(I)ccc21,-5.6832557,-6.442064,-5.5186086,-5.881309433333333
CC[N+]1=C(/C=C2/C(=O)C(/C=C3\N(Cc4ccccc4)c4ccccc4C3(C)C)=C2[O-])C(C)(C)c2cc(I)ccc21,-5.193227,-6.229694,-5.7367883,-5.7199031
CC[N+]1=C(/C=C2/C(=O)C(/C=C3\N(Cc4ccccc4)c4ccc(Br)cc4C3(C)C)=C2[O-])C(C)(C)c2cc(I)ccc21,-5.2482605,-6.341381,-5.8457413,-5.811794266666666
CC[N+]1=C(/C=C2/C(=O)C(/C=C3\N(Cc4ccccc4)c4ccc(I)cc4C3(C)C)=C2[O-])C(C)(C)c2cc(I)ccc21,-5.167843,-6.1817474,-5.742395,-5.697328466666666
CC[N+]1=C(/C=C2/C(=O)C(/C=C3\N(Cc4ccsc4)c4ccccc4C3(C)C)=C2[O-])C(C)(C)c2cc(I)ccc21,-5.179408,-6.2233105,-5.738034,-5.713584166666666
CC[N+]1=C(/C=C2/C(=O)C(/C=C3\N(Cc4ccsc4)c4ccc(Br)cc4C3(C)C)=C2[O-])C(C)(C)c2cc(I)ccc21,-5.2345586,-6.328088,-5.840641,-5.8010958666666665
CC[N+]1=C(/C=C2/C(=O)C(/C=C3\N(Cc4ccsc4)c4ccc(I)cc4C3(C)C)=C2[O-])C(C)(C)c2cc(I)ccc21,-5.148379,-6.1700654,-5.7396865,-5.686043633333334
CCCC[N+]1=C(/C=C2/C(=O)C(/C=C3\N(CC)c4ccccc4C3(C)C)=C2[O-])C(C)(C)c2ccccc21,-5.050746,-6.080909,-5.6808896,-5.6041815333333345
CCCC[N+]1=C(/C=C2/C(=O)C(/C=C3\N(CC)c4ccc(Br)cc4C3(C)C)=C2[O-])C(C)(C)c2ccccc21,-5.124551,-6.2131996,-5.7896557,-5.7091354333333335
CCCC[N+]1=C(/C=C2/C(=O)C(/C=C3\N(CC)c4ccc(I)cc4C3(C)C)=C2[O-])C(C)(C)c2ccccc21,-5.0162573,-6.02511,-5.6784983,-5.573288533333334
CCCCN1/C(=C\C2=C([O-])/C(=C\C3=[N+](CCCC)c4ccccc4C3(C)C)C2=O)C(C)(C)c2ccccc21,-5.0275307,-6.0286145,-5.6719193,-5.5760214999999995
CCCCN1/C(=C\C2=C([O-])/C(=C\C3=[N+](CCCC)c4ccccc4C3(C)C)C2=O)C(C)(C)c2cc(Br)ccc21,-5.09335,-6.1373014,-5.7729053,-5.667852233333332
CCCCN1/C(=C\C2=C([O-])/C(=C\C3=[N+](CCCC)c4ccccc4C3(C)C)C2=O)C(C)(C)c2cc(I)ccc21,-4.991249,-5.9700856,-5.6646714,-5.542002
CCCC[N+]1=C(/C=C2/C(=O)C(/C=C3\N(CCCCN)c4ccccc4C3(C)C)=C2[O-])C(C)(C)c2ccccc21,-5.1557517,-6.3236704,-5.9098654,-5.796429166666667
CCCC[N+]1=C(/C=C2/C(=O)C(/C=C3\N(CCCCN)c4ccc(Br)cc4C3(C)C)=C2[O-])C(C)(C)c2ccccc21,-5.193207,-6.3642073,-5.949195,-5.835536433333334
CCCC[N+]1=C(/C=C2/C(=O)C(/C=C3\N(CCCCN)c4ccc(I)cc4C3(C)C)=C2[O-])C(C)(C)c2ccccc21,-5.1232963,-6.2718525,-5.907733,-5.7676272666666675
CCCC[N+]1=C(/C=C2/C(=O)C(/C=C3\N(CCCCO)c4ccccc4C3(C)C)=C2[O-])C(C)(C)c2ccccc21,-4.898141,-6.062552,-5.680222,-5.546971666666667
CCCC[N+]1=C(/C=C2/C(=O)C(/C=C3\N(CCCCO)c4ccc(Br)cc4C3(C)C)=C2[O-])C(C)(C)c2ccccc21,-5.0456495,-6.21468,-5.79933,-5.686553166666667
CCCC[N+]1=C(/C=C2/C(=O)C(/C=C3\N(CCCCO)c4ccc(I)cc4C3(C)C)=C2[O-])C(C)(C)c2ccccc21,-4.859375,-5.999317,-5.6716022,-5.510098066666667
CCCC[N+]1=C(/C=C2/C(=O)C(/C=C3\N(CCCC[N+](CC)(CC)CC)c4ccccc4C3(C)C)=C2[O-])C(C)(C)c2ccccc21,-5.6017504,-6.4716673,-5.7299175,-5.934445066666666
CCCC[N+]1=C(/C=C2/C(=O)C(/C=C3\N(CCCC[N+](CC)(CC)CC)c4ccc(Br)cc4C3(C)C)=C2[O-])C(C)(C)c2ccccc21,-5.578879,-6.5524364,-5.800782,-5.9773658
CCCC[N+]1=C(/C=C2/C(=O)C(/C=C3\N(CCCC[N+](CC)(CC)CC)c4ccc(I)cc4C3(C)C)=C2[O-])C(C)(C)c2ccccc21,-5.5886183,-6.4190345,-5.722964,-5.9102056
CCCC[N+]1=C(/C=C2/C(=O)C(/C=C3\N(CCCCS(=O)(=O)O)c4ccccc4C3(C)C)=C2[O-])C(C)(C)c2ccccc21,-5.620534,-6.5134344,-5.475596,-5.8698548
CCCC[N+]1=C(/C=C2/C(=O)C(/C=C3\N(CCCCS(=O)(=O)O)c4ccc(Br)cc4C3(C)C)=C2[O-])C(C)(C)c2ccccc21,-5.6810575,-6.558132,-5.5517106,-5.930300033333332
CCCC[N+]1=C(/C=C2/C(=O)C(/C=C3\N(CCCCS(=O)(=O)O)c4ccc(I)cc4C3(C)C)=C2[O-])C(C)(C)c2ccccc21,-5.6246386,-6.4660726,-5.488056,-5.8595890666666675
CCCC[N+]1=C(/C=C2/C(=O)C(/C=C3\N(Cc4ccccc4)c4ccccc4C3(C)C)=C2[O-])C(C)(C)c2ccccc21,-5.1664977,-6.2574563,-5.732378,-5.718777333333333
CCCC[N+]1=C(/C=C2/C(=O)C(/C=C3\N(Cc4ccccc4)c4ccc(Br)cc4C3(C)C)=C2[O-])C(C)(C)c2ccccc21,-5.222279,-6.356698,-5.836663,-5.805213333333334
CCCC[N+]1=C(/C=C2/C(=O)C(/C=C3\N(Cc4ccccc4)c4ccc(I)cc4C3(C)C)=C2[O-])C(C)(C)c2ccccc21,-5.145213,-6.208143,-5.7382727,-5.697209566666667
CCCC[N+]1=C(/C=C2/C(=O)C(/C=C3\N(Cc4ccsc4)c4ccccc4C3(C)C)=C2[O-])C(C)(C)c2ccccc21,-5.155922,-6.2495246,-5.7330766,-5.712841066666667
CCCC[N+]1=C(/C=C2/C(=O)C(/C=C3\N(Cc4ccsc4)c4ccc(Br)cc4C3(C)C)=C2[O-])C(C)(C)c2ccccc21,-5.2116065,-6.3465095,-5.83608,-5.798065333333334
CCCC[N+]1=C(/C=C2/C(=O)C(/C=C3\N(Cc4ccsc4)c4ccc(I)cc4C3(C)C)=C2[O-])C(C)(C)c2ccccc21,-5.1277847,-6.197886,-5.736404,-5.687358233333334
CCCC[N+]1=C(/C=C2/C(=O)C(/C=C3\N(CC)c4ccccc4C3(C)C)=C2[O-])C(C)(C)c2cc(Br)ccc21,-5.1045084,-6.177915,-5.759255,-5.680559466666666
CCCC[N+]1=C(/C=C2/C(=O)C(/C=C3\N(CC)c4ccc(Br)cc4C3(C)C)=C2[O-])C(C)(C)c2cc(Br)ccc21,-5.179424,-6.298888,-5.8680024,-5.782104799999999
CCCC[N+]1=C(/C=C2/C(=O)C(/C=C3\N(CC)c4ccc(I)cc4C3(C)C)=C2[O-])C(C)(C)c2cc(Br)ccc21,-5.070957,-6.1213956,-5.757644,-5.6499988666666665
CCCCN1/C(=C\C2=C([O-])/C(=C\C3=[N+](CCCC)c4ccc(Br)cc4C3(C)C)C2=O)C(C)(C)c2ccccc21,-5.074437,-6.1115904,-5.748171,-5.6447328
CCCCN1/C(=C\C2=C([O-])/C(=C\C3=[N+](CCCC)c4ccc(Br)cc4C3(C)C)C2=O)C(C)(C)c2cc(Br)ccc21,-5.1537004,-6.2259235,-5.851219,-5.7436143
CCCCN1/C(=C\C2=C([O-])/C(=C\C3=[N+](CCCC)c4ccc(Br)cc4C3(C)C)C2=O)C(C)(C)c2cc(I)ccc21,-5.039552,-6.055248,-5.7434816,-5.612760533333333
CCCC[N+]1=C(/C=C2/C(=O)C(/C=C3\N(CCCCN)c4ccccc4C3(C)C)=C2[O-])C(C)(C)c2cc(Br)ccc21,-5.174063,-6.353316,-5.944515,-5.823964666666666
CCCC[N+]1=C(/C=C2/C(=O)C(/C=C3\N(CCCCN)c4ccc(Br)cc4C3(C)C)=C2[O-])C(C)(C)c2cc(Br)ccc21,-5.238087,-6.4061337,-5.9791493,-5.874456666666667
CCCC[N+]1=C(/C=C2/C(=O)C(/C=C3\N(CCCCN)c4ccc(I)cc4C3(C)C)=C2[O-])C(C)(C)c2cc(Br)ccc21,-5.1540914,-6.3140774,-5.9477324,-5.8053004
CCCC[N+]1=C(/C=C2/C(=O)C(/C=C3\N(CCCCO)c4ccccc4C3(C)C)=C2[O-])C(C)(C)c2cc(Br)ccc21,-5.0025244,-6.1730294,-5.7688093,-5.648121033333333
CCCC[N+]1=C(/C=C2/C(=O)C(/C=C3\N(CCCCO)c4ccc(Br)cc4C3(C)C)=C2[O-])C(C)(C)c2cc(Br)ccc21,-5.1255474,-6.286746,-5.8696694,-5.760654266666666
CCCC[N+]1=C(/C=C2/C(=O)C(/C=C3\N(CCCCO)c4ccc(I)cc4C3(C)C)=C2[O-])C(C)(C)c2cc(Br)ccc21,-4.9809103,-6.1234856,-5.7675886,-5.623994833333334
CCCC[N+]1=C(/C=C2/C(=O)C(/C=C3\N(CCCC[N+](CC)(CC)CC)c4ccccc4C3(C)C)=C2[O-])C(C)(C)c2cc(Br)ccc21,-5.583499,-6.5233393,-5.780877,-5.962571766666667
CCCC[N+]1=C(/C=C2/C(=O)C(/C=C3\N(CCCC[N+](CC)(CC)CC)c4ccc(Br)cc4C3(C)C)=C2[O-])C(C)(C)c2cc(Br)ccc21,-5.561111,-6.597987,-5.846208,-6.001768666666667
CCCC[N+]1=C(/C=C2/C(=O)C(/C=C3\N(CCCC[N+](CC)(CC)CC)c4ccc(I)cc4C3(C)C)=C2[O-])C(C)(C)c2cc(Br)ccc21,-5.574607,-6.469009,-5.771365,-5.938327
CCCC[N+]1=C(/C=C2/C(=O)C(/C=C3\N(CCCCS(=O)(=O)O)c4ccccc4C3(C)C)=C2[O-])C(C)(C)c2cc(Br)ccc21,-5.6715627,-6.5423737,-5.5406294,-5.918188600000001
CCCC[N+]1=C(/C=C2/C(=O)C(/C=C3\N(CCCCS(=O)(=O)O)c4ccc(Br)cc4C3(C)C)=C2[O-])C(C)(C)c2cc(Br)ccc21,-5.717881,-6.5702996,-5.604816,-5.9643322
CCCC[N+]1=C(/C=C2/C(=O)C(/C=C3\N(CCCCS(=O)(=O)O)c4ccc(I)cc4C3(C)C)=C2[O-])C(C)(C)c2cc(Br)ccc21,-5.6775465,-6.4934773,-5.552367,-5.9077969333333336
CCCC[N+]1=C(/C=C2/C(=O)C(/C=C3\N(Cc4ccccc4)c4ccccc4C3(C)C)=C2[O-])C(C)(C)c2cc(Br)ccc21,-5.206966,-6.3336773,-5.8112288,-5.783957366666667
CCCC[N+]1=C(/C=C2/C(=O)C(/C=C3\N(Cc4ccccc4)c4ccc(Br)cc4C3(C)C)=C2[O-])C(C)(C)c2cc(Br)ccc21,-5.246946,-6.3993416,-5.897044,-5.8477772
CCCC[N+]1=C(/C=C2/C(=O)C(/C=C3\N(Cc4ccccc4)c4ccc(I)cc4C3(C)C)=C2[O-])C(C)(C)c2cc(Br)ccc21,-5.189331,-6.29482,-5.8198233,-5.767991433333333
CCCC[N+]1=C(/C=C2/C(=O)C(/C=C3\N(Cc4ccsc4)c4ccccc4C3(C)C)=C2[O-])C(C)(C)c2cc(Br)ccc21,-5.199529,-6.32879,-5.812366,-5.7802283333333335
CCCC[N+]1=C(/C=C2/C(=O)C(/C=C3\N(Cc4ccsc4)c4ccc(Br)cc4C3(C)C)=C2[O-])C(C)(C)c2cc(Br)ccc21,-5.2332397,-6.3908525,-5.891324,-5.838472066666667
CCCC[N+]1=C(/C=C2/C(=O)C(/C=C3\N(Cc4ccsc4)c4ccc(I)cc4C3(C)C)=C2[O-])C(C)(C)c2cc(Br)ccc21,-5.17223,-6.277513,-5.8149776,-5.7549068666666665
CCCC[N+]1=C(/C=C2/C(=O)C(/C=C3\N(CC)c4ccccc4C3(C)C)=C2[O-])C(C)(C)c2cc(I)ccc21,-5.0222034,-6.0211306,-5.674726,-5.572686666666667
CCCC[N+]1=C(/C=C2/C(=O)C(/C=C3\N(CC)c4ccc(Br)cc4C3(C)C)=C2[O-])C(C)(C)c2cc(I)ccc21,-5.09964,-6.15646,-5.785899,-5.680666333333334
CCCC[N+]1=C(/C=C2/C(=O)C(/C=C3\N(CC)c4ccc(I)cc4C3(C)C)=C2[O-])C(C)(C)c2cc(I)ccc21,-4.984671,-5.962926,-5.6693892,-5.5389954
CCCCN1/C(=C\C2=C([O-])/C(=C\C3=[N+](CCCC)c4ccc(I)cc4C3(C)C)C2=O)C(C)(C)c2ccccc21,-4.996775,-5.967169,-5.663468,-5.5424706666666665
CCCCN1/C(=C\C2=C([O-])/C(=C\C3=[N+](CCCC)c4ccc(I)cc4C3(C)C)C2=O)C(C)(C)c2cc(Br)ccc21,-5.0662165,-6.08336,-5.7694383,-5.6396716
CCCCN1/C(=C\C2=C([O-])/C(=C\C3=[N+](CCCC)c4ccc(I)cc4C3(C)C)C2=O)C(C)(C)c2cc(I)ccc21,-4.9568996,-5.905221,-5.653777,-5.5052992000000005
CCCC[N+]1=C(/C=C2/C(=O)C(/C=C3\N(CCCCN)c4ccccc4C3(C)C)=C2[O-])C(C)(C)c2cc(I)ccc21,-5.1284904,-6.2710934,-5.9069386,-5.7688407999999995
CCCC[N+]1=C(/C=C2/C(=O)C(/C=C3\N(CCCCN)c4ccc(Br)cc4C3(C)C)=C2[O-])C(C)(C)c2cc(I)ccc21,-5.1793017,-6.325535,-5.9508953,-5.818577333333334
CCCC[N+]1=C(/C=C2/C(=O)C(/C=C3\N(CCCCN)c4ccc(I)cc4C3(C)C)=C2[O-])C(C)(C)c2cc(I)ccc21,-5.0940776,-6.217907,-5.9039316,-5.738638733333334
CCCC[N+]1=C(/C=C2/C(=O)C(/C=C3\N(CCCCO)c4ccccc4C3(C)C)=C2[O-])C(C)(C)c2cc(I)ccc21,-4.8656664,-5.998331,-5.6708264,-5.511607933333334
CCCC[N+]1=C(/C=C2/C(=O)C(/C=C3\N(CCCCO)c4ccc(Br)cc4C3(C)C)=C2[O-])C(C)(C)c2cc(I)ccc21,-5.025402,-6.159696,-5.7973003,-5.660799433333334
CCCC[N+]1=C(/C=C2/C(=O)C(/C=C3\N(CCCCO)c4ccc(I)cc4C3(C)C)=C2[O-])C(C)(C)c2cc(I)ccc21,-4.833918,-5.940451,-5.6629386,-5.479102533333333
CCCC[N+]1=C(/C=C2/C(=O)C(/C=C3\N(CCCC[N+](CC)(CC)CC)c4ccccc4C3(C)C)=C2[O-])C(C)(C)c2cc(I)ccc21,-5.5916276,-6.413248,-5.7193794,-5.908085
CCCC[N+]1=C(/C=C2/C(=O)C(/C=C3\N(CCCC[N+](CC)(CC)CC)c4ccc(Br)cc4C3(C)C)=C2[O-])C(C)(C)c2cc(I)ccc21,-5.5729976,-6.49425,-5.788743,-5.951996866666666
CCCC[N+]1=C(/C=C2/C(=O)C(/C=C3\N(CCCC[N+](CC)(CC)CC)c4ccc(I)cc4C3(C)C)=C2[O-])C(C)(C)c2cc(I)ccc21,-5.582833,-6.363099,-5.709859,-5.885263666666667
CCCC[N+]1=C(/C=C2/C(=O)C(/C=C3\N(CCCCS(=O)(=O)O)c4ccccc4C3(C)C)=C2[O-])C(C)(C)c2cc(I)ccc21,-5.6277313,-6.4631176,-5.488362,-5.8597369666666665
CCCC[N+]1=C(/C=C2/C(=O)C(/C=C3\N(CCCCS(=O)(=O)O)c4ccc(Br)cc4C3(C)C)=C2[O-])C(C)(C)c2cc(I)ccc21,-5.691296,-6.5066423,-5.5631027,-5.920347
CCCC[N+]1=C(/C=C2/C(=O)C(/C=C3\N(CCCCS(=O)(=O)O)c4ccc(I)cc4C3(C)C)=C2[O-])C(C)(C)c2cc(I)ccc21,-5.63235,-6.4138713,-5.4986577,-5.848292999999999
CCCC[N+]1=C(/C=C2/C(=O)C(/C=C3\N(Cc4ccccc4)c4ccccc4C3(C)C)=C2[O-])C(C)(C)c2cc(I)ccc21,-5.1526175,-6.2044644,-5.733633,-5.696904966666668
CCCC[N+]1=C(/C=C2/C(=O)C(/C=C3\N(Cc4ccccc4)c4ccc(Br)cc4C3(C)C)=C2[O-])C(C)(C)c2cc(I)ccc21,-5.20926,-6.311417,-5.839043,-5.786573333333333
CCCC[N+]1=C(/C=C2/C(=O)C(/C=C3\N(Cc4ccccc4)c4ccc(I)cc4C3(C)C)=C2[O-])C(C)(C)c2cc(I)ccc21,-5.124337,-6.1528654,-5.735848,-5.6710168
CCCC[N+]1=C(/C=C2/C(=O)C(/C=C3\N(Cc4ccsc4)c4ccccc4C3(C)C)=C2[O-])C(C)(C)c2cc(I)ccc21,-5.1360955,-6.1947865,-5.73184,-5.687574000000001
CCCC[N+]1=C(/C=C2/C(=O)C(/C=C3\N(Cc4ccsc4)c4ccc(Br)cc4C3(C)C)=C2[O-])C(C)(C)c2cc(I)ccc21,-5.1917186,-6.2953925,-5.834326,-5.773812366666667
CCCC[N+]1=C(/C=C2/C(=O)C(/C=C3\N(Cc4ccsc4)c4ccc(I)cc4C3(C)C)=C2[O-])C(C)(C)c2cc(I)ccc21,-5.103781,-6.1390505,-5.7314773,-5.658102933333333
CCN1/C(=C\C2=C([O-])/C(=C\C3=[N+](CCCCN)c4ccccc4C3(C)C)C2=O)C(C)(C)c2ccccc21,-5.188543,-6.408314,-5.936419,-5.844425333333334
CCN1/C(=C\C2=C([O-])/C(=C\C3=[N+](CCCCN)c4ccccc4C3(C)C)C2=O)C(C)(C)c2cc(Br)ccc21,-5.2215147,-6.4436793,-5.9680624,-5.877752133333334
CCN1/C(=C\C2=C([O-])/C(=C\C3=[N+](CCCCN)c4ccccc4C3(C)C)C2=O)C(C)(C)c2cc(I)ccc21,-5.1592226,-6.360986,-5.939251,-5.819819866666666
CCCCN1/C(=C\C2=C([O-])/C(=C\C3=[N+](CCCCN)c4ccccc4C3(C)C)C2=O)C(C)(C)c2ccccc21,-5.1623387,-6.3282814,-5.918006,-5.802875366666666
CCCCN1/C(=C\C2=C([O-])/C(=C\C3=[N+](CCCCN)c4ccccc4C3(C)C)C2=O)C(C)(C)c2cc(Br)ccc21,-5.201312,-6.368786,-5.954054,-5.841384000000001
CCCCN1/C(=C\C2=C([O-])/C(=C\C3=[N+](CCCCN)c4ccccc4C3(C)C)C2=O)C(C)(C)c2cc(I)ccc21,-5.1304803,-6.277186,-5.91734,-5.775002100000001
CC1(C)C(/C=C2/C(=O)C(/C=C3\N(CCCCN)c4ccccc4C3(C)C)=C2[O-])=[N+](CCCCN)c2ccccc21,-5.235418,-6.4731183,-6.001291,-5.903275766666667
CC1(C)C(/C=C2/C(=O)C(/C=C3\N(CCCCN)c4ccc(Br)cc4C3(C)C)=C2[O-])=[N+](CCCCN)c2ccccc21,-5.2931843,-6.521969,-6.024917,-5.9466901000000005
CC1(C)C(/C=C2/C(=O)C(/C=C3\N(CCCCN)c4ccc(I)cc4C3(C)C)=C2[O-])=[N+](CCCCN)c2ccccc21,-5.2199807,-6.43622,-6.002792,-5.8863309
CC1(C)C(/C=C2/C(=O)C(/C=C3\N(CCCCO)c4ccccc4C3(C)C)=C2[O-])=[N+](CCCCN)c2ccccc21,-5.1380377,-6.3777323,-5.914259,-5.810009666666667
CC1(C)C(/C=C2/C(=O)C(/C=C3\N(CCCCO)c4ccc(Br)cc4C3(C)C)=C2[O-])=[N+](CCCCN)c2ccccc21,-5.222338,-6.4374075,-5.961073,-5.873606166666666
CC1(C)C(/C=C2/C(=O)C(/C=C3\N(CCCCO)c4ccc(I)cc4C3(C)C)=C2[O-])=[N+](CCCCN)c2ccccc21,-5.120292,-6.3338556,-5.919683,-5.791276866666666
CC[N+](CC)(CC)CCCCN1/C(=C\C2=C([O-])/C(=C\C3=[N+](CCCCN)c4ccccc4C3(C)C)C2=O)C(C)(C)c2ccccc21,-5.5384707,-6.7521615,-5.928617,-6.073083066666666
CC[N+](CC)(CC)CCCCN1/C(=C\C2=C([O-])/C(=C\C3=[N+](CCCCN)c4ccccc4C3(C)C)C2=O)C(C)(C)c2cc(Br)ccc21,-5.5219035,-6.7921033,-5.9901156,-6.101374133333334
CC[N+](CC)(CC)CCCCN1/C(=C\C2=C([O-])/C(=C\C3=[N+](CCCCN)c4ccccc4C3(C)C)C2=O)C(C)(C)c2cc(I)ccc21,-5.5338535,-6.6994014,-5.9174075,-6.050220800000001
CC1(C)C(/C=C2/C(=O)C(/C=C3\N(CCCCS(=O)(=O)O)c4ccccc4C3(C)C)=C2[O-])=[N+](CCCCN)c2ccccc21,-5.699855,-6.652247,-5.63401,-5.995370666666666
CC1(C)C(/C=C2/C(=O)C(/C=C3\N(CCCCS(=O)(=O)O)c4ccc(Br)cc4C3(C)C)=C2[O-])=[N+](CCCCN)c2ccccc21,-5.750415,-6.6872487,-5.7105093,-6.049391
CC1(C)C(/C=C2/C(=O)C(/C=C3\N(CCCCS(=O)(=O)O)c4ccc(I)cc4C3(C)C)=C2[O-])=[N+](CCCCN)c2ccccc21,-5.701491,-6.607688,-5.650278,-5.986485666666667
CC1(C)C(/C=C2/C(=O)C(/C=C3\N(Cc4ccccc4)c4ccccc4C3(C)C)=C2[O-])=[N+](CCCCN)c2ccccc21,-5.250625,-6.4929333,-5.9518156,-5.898457966666666
CC1(C)C(/C=C2/C(=O)C(/C=C3\N(Cc4ccccc4)c4ccc(Br)cc4C3(C)C)=C2[O-])=[N+](CCCCN)c2ccccc21,-5.2648964,-6.5115104,-5.988206,-5.921537600000001
CC1(C)C(/C=C2/C(=O)C(/C=C3\N(Cc4ccccc4)c4ccc(I)cc4C3(C)C)=C2[O-])=[N+](CCCCN)c2ccccc21,-5.231396,-6.447821,-5.959555,-5.879590666666668
CC1(C)C(/C=C2/C(=O)C(/C=C3\N(Cc4ccsc4)c4ccccc4C3(C)C)=C2[O-])=[N+](CCCCN)c2ccccc21,-5.2381415,-6.4798913,-5.947676,-5.8885696
CC1(C)C(/C=C2/C(=O)C(/C=C3\N(Cc4ccsc4)c4ccc(Br)cc4C3(C)C)=C2[O-])=[N+](CCCCN)c2ccccc21,-5.253257,-6.5018606,-5.9812007,-5.912106099999999
CC1(C)C(/C=C2/C(=O)C(/C=C3\N(Cc4ccsc4)c4ccc(I)cc4C3(C)C)=C2[O-])=[N+](CCCCN)c2ccccc21,-5.2146373,-6.4371653,-5.9520984,-5.867967
CCN1/C(=C\C2=C([O-])/C(=C\C3=[N+](CCCCN)c4ccc(Br)cc4C3(C)C)C2=O)C(C)(C)c2ccccc21,-5.203835,-6.433275,-5.964181,-5.867097
CCN1/C(=C\C2=C([O-])/C(=C\C3=[N+](CCCCN)c4ccc(Br)cc4C3(C)C)C2=O)C(C)(C)c2cc(Br)ccc21,-5.2537518,-6.482739,-5.994584,-5.910358266666666
CCN1/C(=C\C2=C([O-])/C(=C\C3=[N+](CCCCN)c4ccc(Br)cc4C3(C)C)C2=O)C(C)(C)c2cc(I)ccc21,-5.1836176,-6.394252,-5.9672136,-5.8483610666666666
CCCCN1/C(=C\C2=C([O-])/C(=C\C3=[N+](CCCCN)c4ccc(Br)cc4C3(C)C)C2=O)C(C)(C)c2ccccc21,-5.1820526,-6.3582444,-5.9510574,-5.830451466666666
CCCCN1/C(=C\C2=C([O-])/C(=C\C3=[N+](CCCCN)c4ccc(Br)cc4C3(C)C)C2=O)C(C)(C)c2cc(Br)ccc21,-5.2476306,-6.410573,-5.9836936,-5.8806324
CCCCN1/C(=C\C2=C([O-])/C(=C\C3=[N+](CCCCN)c4ccc(Br)cc4C3(C)C)C2=O)C(C)(C)c2cc(I)ccc21,-5.1620045,-6.3188367,-5.9527254,-5.811188866666666
CC1(C)C(/C=C2/C(=O)C(/C=C3\N(CCCCN)c4ccccc4C3(C)C)=C2[O-])=[N+](CCCCN)c2ccc(Br)cc21,-5.2745805,-6.509889,-6.0254135,-5.936627666666666
CC1(C)C(/C=C2/C(=O)C(/C=C3\N(CCCCN)c4ccc(Br)cc4C3(C)C)=C2[O-])=[N+](CCCCN)c2ccc(Br)cc21,-5.323423,-6.5558267,-6.0448856,-5.974711766666666
CC1(C)C(/C=C2/C(=O)C(/C=C3\N(CCCCN)c4ccc(I)cc4C3(C)C)=C2[O-])=[N+](CCCCN)c2ccc(Br)cc21,-5.261485,-6.474844,-6.0249662,-5.920431733333333
CC1(C)C(/C=C2/C(=O)C(/C=C3\N(CCCCO)c4ccccc4C3(C)C)=C2[O-])=[N+](CCCCN)c2ccc(Br)cc21,-5.1969423,-6.42286,-5.9563017,-5.858701333333333
CC1(C)C(/C=C2/C(=O)C(/C=C3\N(CCCCO)c4ccc(Br)cc4C3(C)C)=C2[O-])=[N+](CCCCN)c2ccc(Br)cc21,-5.2707577,-6.478268,-5.992828,-5.913951233333333
CC1(C)C(/C=C2/C(=O)C(/C=C3\N(CCCCO)c4ccc(I)cc4C3(C)C)=C2[O-])=[N+](CCCCN)c2ccc(Br)cc21,-5.1808624,-6.384974,-5.95897,-5.841602133333333
CC[N+](CC)(CC)CCCCN1/C(=C\C2=C([O-])/C(=C\C3=[N+](CCCCN)c4ccc(Br)cc4C3(C)C)C2=O)C(C)(C)c2ccccc21,-5.525248,-6.7707543,-5.9678392,-6.087947166666667
CC[N+](CC)(CC)CCCCN1/C(=C\C2=C([O-])/C(=C\C3=[N+](CCCCN)c4ccc(Br)cc4C3(C)C)C2=O)C(C)(C)c2cc(Br)ccc21,-5.517562,-6.807123,-6.02954,-6.118075
CC[N+](CC)(CC)CCCCN1/C(=C\C2=C([O-])/C(=C\C3=[N+](CCCCN)c4ccc(Br)cc4C3(C)C)C2=O)C(C)(C)c2cc(I)ccc21,-5.5207787,-6.7177486,-5.9553957,-6.064641000000001
CC1(C)C(/C=C2/C(=O)C(/C=C3\N(CCCCS(=O)(=O)O)c4ccccc4C3(C)C)=C2[O-])=[N+](CCCCN)c2ccc(Br)cc21,-5.7335286,-6.671033,-5.6982894,-6.034283666666667
CC1(C)C(/C=C2/C(=O)C(/C=C3\N(CCCCS(=O)(=O)O)c4ccc(Br)cc4C3(C)C)=C2[O-])=[N+](CCCCN)c2ccc(Br)cc21,-5.7899203,-6.719367,-5.7640314,-6.091106233333334
CC1(C)C(/C=C2/C(=O)C(/C=C3\N(CCCCS(=O)(=O)O)c4ccc(I)cc4C3(C)C)=C2[O-])=[N+](CCCCN)c2ccc(Br)cc21,-5.741178,-6.6354513,-5.7089915,-6.028540266666667
CC1(C)C(/C=C2/C(=O)C(/C=C3\N(Cc4ccccc4)c4ccccc4C3(C)C)=C2[O-])=[N+](CCCCN)c2ccc(Br)cc21,-5.2624807,-6.5108075,-5.9853616,-5.919549933333333
CC1(C)C(/C=C2/C(=O)C(/C=C3\N(Cc4ccccc4)c4ccc(Br)cc4C3(C)C)=C2[O-])=[N+](CCCCN)c2ccc(Br)cc21,-5.2744746,-6.529461,-6.009656,-5.9378638666666665
CC1(C)C(/C=C2/C(=O)C(/C=C3\N(Cc4ccccc4)c4ccc(I)cc4C3(C)C)=C2[O-])=[N+](CCCCN)c2ccc(Br)cc21,-5.242293,-6.469816,-5.9901743,-5.9007610999999995
CC1(C)C(/C=C2/C(=O)C(/C=C3\N(Cc4ccsc4)c4ccccc4C3(C)C)=C2[O-])=[N+](CCCCN)c2ccc(Br)cc21,-5.249961,-6.5017095,-5.9782386,-5.9099697
CC1(C)C(/C=C2/C(=O)C(/C=C3\N(Cc4ccsc4)c4ccc(Br)cc4C3(C)C)=C2[O-])=[N+](CCCCN)c2ccc(Br)cc21,-5.2771907,-6.5273094,-6.0057817,-5.9367605999999995
CC1(C)C(/C=C2/C(=O)C(/C=C3\N(Cc4ccsc4)c4ccc(I)cc4C3(C)C)=C2[O-])=[N+](CCCCN)c2ccc(Br)cc21,-5.227351,-6.460573,-5.9817333,-5.889885766666666
CCN1/C(=C\C2=C([O-])/C(=C\C3=[N+](CCCCN)c4ccc(I)cc4C3(C)C)C2=O)C(C)(C)c2ccccc21,-5.167843,-6.3639255,-5.9383326,-5.823367033333334
CCN1/C(=C\C2=C([O-])/C(=C\C3=[N+](CCCCN)c4ccc(I)cc4C3(C)C)C2=O)C(C)(C)c2cc(Br)ccc21,-5.207907,-6.405613,-5.9698534,-5.861124466666666
CCN1/C(=C\C2=C([O-])/C(=C\C3=[N+](CCCCN)c4ccc(I)cc4C3(C)C)C2=O)C(C)(C)c2cc(I)ccc21,-5.131933,-6.307499,-5.936113,-5.791848333333333
CCCCN1/C(=C\C2=C([O-])/C(=C\C3=[N+](CCCCN)c4ccc(I)cc4C3(C)C)C2=O)C(C)(C)c2ccccc21,-5.1356363,-6.2763567,-5.91652,-5.776171000000001
CCCCN1/C(=C\C2=C([O-])/C(=C\C3=[N+](CCCCN)c4ccc(I)cc4C3(C)C)C2=O)C(C)(C)c2cc(Br)ccc21,-5.189445,-6.330056,-5.9559155,-5.825138833333334
CCCCN1/C(=C\C2=C([O-])/C(=C\C3=[N+](CCCCN)c4ccc(I)cc4C3(C)C)C2=O)C(C)(C)c2cc(I)ccc21,-5.1012387,-6.2231746,-5.913521,-5.745978099999999
CC1(C)C(/C=C2/C(=O)C(/C=C3\N(CCCCN)c4ccccc4C3(C)C)=C2[O-])=[N+](CCCCN)c2ccc(I)cc21,-5.224015,-6.435607,-6.0020676,-5.887229866666666
CC1(C)C(/C=C2/C(=O)C(/C=C3\N(CCCCN)c4ccc(Br)cc4C3(C)C)=C2[O-])=[N+](CCCCN)c2ccc(I)cc21,-5.285658,-6.486787,-6.0240417,-5.932162233333333
CC1(C)C(/C=C2/C(=O)C(/C=C3\N(CCCCN)c4ccc(I)cc4C3(C)C)=C2[O-])=[N+](CCCCN)c2ccc(I)cc21,-5.2080374,-6.397917,-6.0034084,-5.8697875999999995
CC1(C)C(/C=C2/C(=O)C(/C=C3\N(CCCCO)c4ccccc4C3(C)C)=C2[O-])=[N+](CCCCN)c2ccc(I)cc21,-5.124257,-6.333169,-5.9191403,-5.7921887666666665
CC1(C)C(/C=C2/C(=O)C(/C=C3\N(CCCCO)c4ccc(Br)cc4C3(C)C)=C2[O-])=[N+](CCCCN)c2ccc(I)cc21,-5.210694,-6.3987665,-5.9632497,-5.857570066666668
CC1(C)C(/C=C2/C(=O)C(/C=C3\N(CCCCO)c4ccc(I)cc4C3(C)C)=C2[O-])=[N+](CCCCN)c2ccc(I)cc21,-5.103891,-6.290457,-5.922631,-5.772326333333333
CC[N+](CC)(CC)CCCCN1/C(=C\C2=C([O-])/C(=C\C3=[N+](CCCCN)c4ccc(I)cc4C3(C)C)C2=O)C(C)(C)c2ccccc21,-5.5371866,-6.6960125,-5.9144835,-6.049227533333333
CC[N+](CC)(CC)CCCCN1/C(=C\C2=C([O-])/C(=C\C3=[N+](CCCCN)c4ccc(I)cc4C3(C)C)C2=O)C(C)(C)c2cc(Br)ccc21,-5.5197396,-6.7375803,-5.974708,-6.077342633333333
CC[N+](CC)(CC)CCCCN1/C(=C\C2=C([O-])/C(=C\C3=[N+](CCCCN)c4ccc(I)cc4C3(C)C)C2=O)C(C)(C)c2cc(I)ccc21,-5.534186,-6.6434736,-5.9019623,-6.026540633333333
CC1(C)C(/C=C2/C(=O)C(/C=C3\N(CCCCS(=O)(=O)O)c4ccccc4C3(C)C)=C2[O-])=[N+](CCCCN)c2ccc(I)cc21,-5.7070627,-6.6051474,-5.649946,-5.987385366666667
CC1(C)C(/C=C2/C(=O)C(/C=C3\N(CCCCS(=O)(=O)O)c4ccc(Br)cc4C3(C)C)=C2[O-])=[N+](CCCCN)c2ccc(I)cc21,-5.7648306,-6.649984,-5.721153,-6.045322533333334
CC1(C)C(/C=C2/C(=O)C(/C=C3\N(CCCCS(=O)(=O)O)c4ccc(I)cc4C3(C)C)=C2[O-])=[N+](CCCCN)c2ccc(I)cc21,-5.716408,-6.5666475,-5.663625,-5.982226833333333
CC1(C)C(/C=C2/C(=O)C(/C=C3\N(Cc4ccccc4)c4ccccc4C3(C)C)=C2[O-])=[N+](CCCCN)c2ccc(I)cc21,-5.2378383,-6.4472,-5.956472,-5.880503433333334
CC1(C)C(/C=C2/C(=O)C(/C=C3\N(Cc4ccccc4)c4ccc(Br)cc4C3(C)C)=C2[O-])=[N+](CCCCN)c2ccc(I)cc21,-5.2502737,-6.467241,-5.988837,-5.902117233333333
CC1(C)C(/C=C2/C(=O)C(/C=C3\N(Cc4ccccc4)c4ccc(I)cc4C3(C)C)=C2[O-])=[N+](CCCCN)c2ccc(I)cc21,-5.2147107,-6.404792,-5.96019,-5.859897566666667
CC1(C)C(/C=C2/C(=O)C(/C=C3\N(Cc4ccsc4)c4ccccc4C3(C)C)=C2[O-])=[N+](CCCCN)c2ccc(I)cc21,-5.2215576,-6.436677,-5.949065,-5.869099866666667
CC1(C)C(/C=C2/C(=O)C(/C=C3\N(Cc4ccsc4)c4ccc(Br)cc4C3(C)C)=C2[O-])=[N+](CCCCN)c2ccc(I)cc21,-5.235755,-6.459559,-5.981827,-5.892380333333333
CC1(C)C(/C=C2/C(=O)C(/C=C3\N(Cc4ccsc4)c4ccc(I)cc4C3(C)C)=C2[O-])=[N+](CCCCN)c2ccc(I)cc21,-5.1950226,-6.3931103,-5.951955,-5.846695966666666
CCN1/C(=C\C2=C([O-])/C(=C\C3=[N+](CCCCO)c4ccccc4C3(C)C)C2=O)C(C)(C)c2ccccc21,-4.9294252,-6.1174073,-5.688877,-5.578569833333333
CCN1/C(=C\C2=C([O-])/C(=C\C3=[N+](CCCCO)c4ccccc4C3(C)C)C2=O)C(C)(C)c2cc(Br)ccc21,-5.0743794,-6.282032,-5.813433,-5.723281466666666
CCN1/C(=C\C2=C([O-])/C(=C\C3=[N+](CCCCO)c4ccccc4C3(C)C)C2=O)C(C)(C)c2cc(I)ccc21,-4.8942704,-6.0535946,-5.6830683,-5.543644433333334
CCCCN1/C(=C\C2=C([O-])/C(=C\C3=[N+](CCCCO)c4ccccc4C3(C)C)C2=O)C(C)(C)c2ccccc21,-4.884386,-6.028342,-5.6646414,-5.525789800000001
CCCCN1/C(=C\C2=C([O-])/C(=C\C3=[N+](CCCCO)c4ccccc4C3(C)C)C2=O)C(C)(C)c2cc(Br)ccc21,-5.0471406,-6.196727,-5.7902427,-5.678036766666668
CCCCN1/C(=C\C2=C([O-])/C(=C\C3=[N+](CCCCO)c4ccccc4C3(C)C)C2=O)C(C)(C)c2cc(I)ccc21,-4.856309,-5.973722,-5.659402,-5.496477666666667
CC1(C)C(/C=C2/C(=O)C(/C=C3\N(CCCCN)c4ccccc4C3(C)C)=C2[O-])=[N+](CCCCO)c2ccccc21,-5.129678,-6.3579383,-5.898143,-5.7952531
CC1(C)C(/C=C2/C(=O)C(/C=C3\N(CCCCN)c4ccc(Br)cc4C3(C)C)=C2[O-])=[N+](CCCCO)c2ccccc21,-5.2178435,-6.4204245,-5.948035,-5.862101
CC1(C)C(/C=C2/C(=O)C(/C=C3\N(CCCCN)c4ccc(I)cc4C3(C)C)=C2[O-])=[N+](CCCCO)c2ccccc21,-5.1112113,-6.313032,-5.9036245,-5.775955933333333
CC1(C)C(/C=C2/C(=O)C(/C=C3\N(CCCCO)c4ccccc4C3(C)C)=C2[O-])=[N+](CCCCO)c2ccccc21,-4.94363,-6.183628,-5.711915,-5.613057666666666
CC1(C)C(/C=C2/C(=O)C(/C=C3\N(CCCCO)c4ccc(Br)cc4C3(C)C)=C2[O-])=[N+](CCCCO)c2ccccc21,-5.1127453,-6.3282294,-5.8274074,-5.756127366666667
CC1(C)C(/C=C2/C(=O)C(/C=C3\N(CCCCO)c4ccc(I)cc4C3(C)C)=C2[O-])=[N+](CCCCO)c2ccccc21,-4.922412,-6.123049,-5.7107005,-5.585387166666666
CC[N+](CC)(CC)CCCCN1/C(=C\C2=C([O-])/C(=C\C3=[N+](CCCCO)c4ccccc4C3(C)C)C2=O)C(C)(C)c2ccccc21,-5.5592923,-6.5148854,-5.752538,-5.942238566666667
CC[N+](CC)(CC)CCCCN1/C(=C\C2=C([O-])/C(=C\C3=[N+](CCCCO)c4ccccc4C3(C)C)C2=O)C(C)(C)c2cc(Br)ccc21,-5.5413876,-6.5853095,-5.8180437,-5.9815802666666675
CC[N+](CC)(CC)CCCCN1/C(=C\C2=C([O-])/C(=C\C3=[N+](CCCCO)c4ccccc4C3(C)C)C2=O)C(C)(C)c2cc(I)ccc21,-5.550672,-6.4571266,-5.7438464,-5.917215
CC1(C)C(/C=C2/C(=O)C(/C=C3\N(CCCCS(=O)(=O)O)c4ccccc4C3(C)C)=C2[O-])=[N+](CCCCO)c2ccccc21,-5.6486244,-6.6183586,-5.482342,-5.916441666666667
CC1(C)C(/C=C2/C(=O)C(/C=C3\N(CCCCS(=O)(=O)O)c4ccc(Br)cc4C3(C)C)=C2[O-])=[N+](CCCCO)c2ccccc21,-5.7140603,-6.653948,-5.5583124,-5.975440233333333
CC1(C)C(/C=C2/C(=O)C(/C=C3\N(CCCCS(=O)(=O)O)c4ccc(I)cc4C3(C)C)=C2[O-])=[N+](CCCCO)c2ccccc21,-5.656698,-6.568257,-5.494712,-5.906555666666667
CC1(C)C(/C=C2/C(=O)C(/C=C3\N(Cc4ccccc4)c4ccccc4C3(C)C)=C2[O-])=[N+](CCCCO)c2ccccc21,-5.084968,-6.3119264,-5.756053,-5.717649133333334
CC1(C)C(/C=C2/C(=O)C(/C=C3\N(Cc4ccccc4)c4ccc(Br)cc4C3(C)C)=C2[O-])=[N+](CCCCO)c2ccccc21,-5.136174,-6.380282,-5.844051,-5.786835666666666
CC1(C)C(/C=C2/C(=O)C(/C=C3\N(Cc4ccccc4)c4ccc(I)cc4C3(C)C)=C2[O-])=[N+](CCCCO)c2ccccc21,-5.0507603,-6.2464647,-5.7599297,-5.685718233333334
CC1(C)C(/C=C2/C(=O)C(/C=C3\N(Cc4ccsc4)c4ccccc4C3(C)C)=C2[O-])=[N+](CCCCO)c2ccccc21,-5.072305,-6.2950025,-5.7504635,-5.705923666666666
CC1(C)C(/C=C2/C(=O)C(/C=C3\N(Cc4ccsc4)c4ccc(Br)cc4C3(C)C)=C2[O-])=[N+](CCCCO)c2ccccc21,-5.114973,-6.354397,-5.8356833,-5.7683511
CC1(C)C(/C=C2/C(=O)C(/C=C3\N(Cc4ccsc4)c4ccc(I)cc4C3(C)C)=C2[O-])=[N+](CCCCO)c2ccccc21,-5.032681,-6.2270045,-5.750682,-5.670122500000001
CCN1/C(=C\C2=C([O-])/C(=C\C3=[N+](CCCCO)c4ccc(Br)cc4C3(C)C)C2=O)C(C)(C)c2ccccc21,-5.0358753,-6.23929,-5.781685,-5.685616766666667
CCN1/C(=C\C2=C([O-])/C(=C\C3=[N+](CCCCO)c4ccc(Br)cc4C3(C)C)C2=O)C(C)(C)c2cc(Br)ccc21,-5.146218,-6.3521495,-5.8810277,-5.793131733333333
CCN1/C(=C\C2=C([O-])/C(=C\C3=[N+](CCCCO)c4ccc(Br)cc4C3(C)C)C2=O)C(C)(C)c2cc(I)ccc21,-5.008007,-6.1845407,-5.78143,-5.657992566666667
CCCCN1/C(=C\C2=C([O-])/C(=C\C3=[N+](CCCCO)c4ccc(Br)cc4C3(C)C)C2=O)C(C)(C)c2ccccc21,-5.0026474,-6.1548996,-5.7599025,-5.639149833333334
CCCCN1/C(=C\C2=C([O-])/C(=C\C3=[N+](CCCCO)c4ccc(Br)cc4C3(C)C)C2=O)C(C)(C)c2cc(Br)ccc21,-5.130094,-6.271186,-5.862711,-5.754663666666667
CCCCN1/C(=C\C2=C([O-])/C(=C\C3=[N+](CCCCO)c4ccc(Br)cc4C3(C)C)C2=O)C(C)(C)c2cc(I)ccc21,-4.9809904,-6.1049457,-5.758699,-5.614878366666666
CC1(C)C(/C=C2/C(=O)C(/C=C3\N(CCCCN)c4ccccc4C3(C)C)=C2[O-])=[N+](CCCCO)c2ccc(Br)cc21,-5.192605,-6.4062657,-5.943855,-5.847575233333333
CC1(C)C(/C=C2/C(=O)C(/C=C3\N(CCCCN)c4ccc(Br)cc4C3(C)C)=C2[O-])=[N+](CCCCO)c2ccc(Br)cc21,-5.2692046,-6.463497,-5.9799476,-5.9042164
CC1(C)C(/C=C2/C(=O)C(/C=C3\N(CCCCN)c4ccc(I)cc4C3(C)C)=C2[O-])=[N+](CCCCO)c2ccc(Br)cc21,-5.1756024,-6.367981,-5.9466176,-5.830067
CC1(C)C(/C=C2/C(=O)C(/C=C3\N(CCCCO)c4ccccc4C3(C)C)=C2[O-])=[N+](CCCCO)c2ccc(Br)cc21,-5.050692,-6.27271,-5.795484,-5.706295333333333
CC1(C)C(/C=C2/C(=O)C(/C=C3\N(CCCCO)c4ccc(Br)cc4C3(C)C)=C2[O-])=[N+](CCCCO)c2ccc(Br)cc21,-5.193842,-6.3881364,-5.8918433,-5.824607233333334
CC1(C)C(/C=C2/C(=O)C(/C=C3\N(CCCCO)c4ccc(I)cc4C3(C)C)=C2[O-])=[N+](CCCCO)c2ccc(Br)cc21,-5.022921,-6.215356,-5.794487,-5.677588
CC[N+](CC)(CC)CCCCN1/C(=C\C2=C([O-])/C(=C\C3=[N+](CCCCO)c4ccc(Br)cc4C3(C)C)C2=O)C(C)(C)c2ccccc21,-5.54668,-6.5574374,-5.7978134,-5.967310266666666
CC[N+](CC)(CC)CCCCN1/C(=C\C2=C([O-])/C(=C\C3=[N+](CCCCO)c4ccc(Br)cc4C3(C)C)C2=O)C(C)(C)c2cc(Br)ccc21,-5.5262866,-6.6211777,-5.861634,-6.003032766666666
CC[N+](CC)(CC)CCCCN1/C(=C\C2=C([O-])/C(=C\C3=[N+](CCCCO)c4ccc(Br)cc4C3(C)C)C2=O)C(C)(C)c2cc(I)ccc21,-5.5393248,-6.506198,-5.7890553,-5.944859366666667
CC1(C)C(/C=C2/C(=O)C(/C=C3\N(CCCCS(=O)(=O)O)c4ccccc4C3(C)C)=C2[O-])=[N+](CCCCO)c2ccc(Br)cc21,-5.6913023,-6.6288548,-5.544393,-5.954850033333333
CC1(C)C(/C=C2/C(=O)C(/C=C3\N(CCCCS(=O)(=O)O)c4ccc(Br)cc4C3(C)C)=C2[O-])=[N+](CCCCO)c2ccc(Br)cc21,-5.7595,-6.6668806,-5.6158085,-6.014063033333334
CC1(C)C(/C=C2/C(=O)C(/C=C3\N(CCCCS(=O)(=O)O)c4ccc(I)cc4C3(C)C)=C2[O-])=[N+](CCCCO)c2ccc(Br)cc21,-5.697463,-6.5794992,-5.5571547,-5.944705633333332
CC1(C)C(/C=C2/C(=O)C(/C=C3\N(Cc4ccccc4)c4ccccc4C3(C)C)=C2[O-])=[N+](CCCCO)c2ccc(Br)cc21,-5.131747,-6.367219,-5.8260317,-5.774999233333332
CC1(C)C(/C=C2/C(=O)C(/C=C3\N(Cc4ccccc4)c4ccc(Br)cc4C3(C)C)=C2[O-])=[N+](CCCCO)c2ccc(Br)cc21,-5.174524,-6.4116497,-5.895296,-5.827156566666666
CC1(C)C(/C=C2/C(=O)C(/C=C3\N(Cc4ccccc4)c4ccc(I)cc4C3(C)C)=C2[O-])=[N+](CCCCO)c2ccc(Br)cc21,-5.0947485,-6.302842,-5.827468,-5.741686166666667
CC1(C)C(/C=C2/C(=O)C(/C=C3\N(Cc4ccsc4)c4ccccc4C3(C)C)=C2[O-])=[N+](CCCCO)c2ccc(Br)cc21,-5.107332,-6.3387647,-5.8150806,-5.753725766666666
CC1(C)C(/C=C2/C(=O)C(/C=C3\N(Cc4ccsc4)c4ccc(Br)cc4C3(C)C)=C2[O-])=[N+](CCCCO)c2ccc(Br)cc21,-5.179598,-6.4057193,-5.8918705,-5.8257292666666665
CC1(C)C(/C=C2/C(=O)C(/C=C3\N(Cc4ccsc4)c4ccc(I)cc4C3(C)C)=C2[O-])=[N+](CCCCO)c2ccc(Br)cc21,-5.0690594,-6.2762585,-5.813794,-5.719703966666667
CCN1/C(=C\C2=C([O-])/C(=C\C3=[N+](CCCCO)c4ccc(I)cc4C3(C)C)C2=O)C(C)(C)c2ccccc21,-4.899357,-6.0498805,-5.6787214,-5.542652966666666
CCN1/C(=C\C2=C([O-])/C(=C\C3=[N+](CCCCO)c4ccc(I)cc4C3(C)C)C2=O)C(C)(C)c2cc(Br)ccc21,-5.052368,-6.2257648,-5.811154,-5.696428933333334
CCN1/C(=C\C2=C([O-])/C(=C\C3=[N+](CCCCO)c4ccc(I)cc4C3(C)C)C2=O)C(C)(C)c2cc(I)ccc21,-4.8654156,-5.9898715,-5.6721816,-5.509156233333333
CCCCN1/C(=C\C2=C([O-])/C(=C\C3=[N+](CCCCO)c4ccc(I)cc4C3(C)C)C2=O)C(C)(C)c2ccccc21,-4.861052,-5.9714723,-5.6579876,-5.4968373
CCCCN1/C(=C\C2=C([O-])/C(=C\C3=[N+](CCCCO)c4ccc(I)cc4C3(C)C)C2=O)C(C)(C)c2cc(Br)ccc21,-5.0267916,-6.142186,-5.7887874,-5.652588333333334
CCCCN1/C(=C\C2=C([O-])/C(=C\C3=[N+](CCCCO)c4ccc(I)cc4C3(C)C)C2=O)C(C)(C)c2cc(I)ccc21,-4.832755,-5.91626,-5.651326,-5.466780333333333
CC1(C)C(/C=C2/C(=O)C(/C=C3\N(CCCCN)c4ccccc4C3(C)C)=C2[O-])=[N+](CCCCO)c2ccc(I)cc21,-5.115182,-6.312372,-5.903149,-5.776901
CC1(C)C(/C=C2/C(=O)C(/C=C3\N(CCCCN)c4ccc(Br)cc4C3(C)C)=C2[O-])=[N+](CCCCO)c2ccc(I)cc21,-5.2057443,-6.3815513,-5.950158,-5.845817866666667
CC1(C)C(/C=C2/C(=O)C(/C=C3\N(CCCCN)c4ccc(I)cc4C3(C)C)=C2[O-])=[N+](CCCCO)c2ccc(I)cc21,-5.0930953,-6.2678227,-5.905379,-5.755432333333334
CC1(C)C(/C=C2/C(=O)C(/C=C3\N(CCCCO)c4ccccc4C3(C)C)=C2[O-])=[N+](CCCCO)c2ccc(I)cc21,-4.9237947,-6.11922,-5.708206,-5.583740233333334
CC1(C)C(/C=C2/C(=O)C(/C=C3\N(CCCCO)c4ccc(Br)cc4C3(C)C)=C2[O-])=[N+](CCCCO)c2ccc(I)cc21,-5.0901437,-6.2683353,-5.826192,-5.728223666666666
CC1(C)C(/C=C2/C(=O)C(/C=C3\N(CCCCO)c4ccc(I)cc4C3(C)C)=C2[O-])=[N+](CCCCO)c2ccc(I)cc21,-4.8989716,-6.062839,-5.704877,-5.555562533333333
CC[N+](CC)(CC)CCCCN1/C(=C\C2=C([O-])/C(=C\C3=[N+](CCCCO)c4ccc(I)cc4C3(C)C)C2=O)C(C)(C)c2ccccc21,-5.5536013,-6.4512095,-5.7402773,-5.9150293666666665
CC[N+](CC)(CC)CCCCN1/C(=C\C2=C([O-])/C(=C\C3=[N+](CCCCO)c4ccc(I)cc4C3(C)C)C2=O)C(C)(C)c2cc(Br)ccc21,-5.5380783,-6.526756,-5.804403,-5.956412433333333
CC[N+](CC)(CC)CCCCN1/C(=C\C2=C([O-])/C(=C\C3=[N+](CCCCO)c4ccc(I)cc4C3(C)C)C2=O)C(C)(C)c2cc(I)ccc21,-5.546221,-6.3971624,-5.730397,-5.891260133333333
CC1(C)C(/C=C2/C(=O)C(/C=C3\N(CCCCS(=O)(=O)O)c4ccccc4C3(C)C)=C2[O-])=[N+](CCCCO)c2ccc(I)cc21,-5.657608,-6.564701,-5.4948564,-5.905721799999999
CC1(C)C(/C=C2/C(=O)C(/C=C3\N(CCCCS(=O)(=O)O)c4ccc(Br)cc4C3(C)C)=C2[O-])=[N+](CCCCO)c2ccc(I)cc21,-5.7240977,-6.6011486,-5.56992,-5.965055433333333
CC1(C)C(/C=C2/C(=O)C(/C=C3\N(CCCCS(=O)(=O)O)c4ccc(I)cc4C3(C)C)=C2[O-])=[N+](CCCCO)c2ccc(I)cc21,-5.6633625,-6.513572,-5.506475,-5.894469833333333
CC1(C)C(/C=C2/C(=O)C(/C=C3\N(Cc4ccccc4)c4ccccc4C3(C)C)=C2[O-])=[N+](CCCCO)c2ccc(I)cc21,-5.0599647,-6.246713,-5.7563047,-5.6876608
CC1(C)C(/C=C2/C(=O)C(/C=C3\N(Cc4ccccc4)c4ccc(Br)cc4C3(C)C)=C2[O-])=[N+](CCCCO)c2ccc(I)cc21,-5.105488,-6.312074,-5.8416286,-5.753063533333333
CC1(C)C(/C=C2/C(=O)C(/C=C3\N(Cc4ccccc4)c4ccc(I)cc4C3(C)C)=C2[O-])=[N+](CCCCO)c2ccc(I)cc21,-5.0248394,-6.186443,-5.758848,-5.656710133333334
CC1(C)C(/C=C2/C(=O)C(/C=C3\N(Cc4ccsc4)c4ccccc4C3(C)C)=C2[O-])=[N+](CCCCO)c2ccc(I)cc21,-5.0421467,-6.228005,-5.7475805,-5.672577399999999
CC1(C)C(/C=C2/C(=O)C(/C=C3\N(Cc4ccsc4)c4ccc(Br)cc4C3(C)C)=C2[O-])=[N+](CCCCO)c2ccc(I)cc21,-5.0938478,-6.299085,-5.834011,-5.7423146
CC1(C)C(/C=C2/C(=O)C(/C=C3\N(Cc4ccsc4)c4ccc(I)cc4C3(C)C)=C2[O-])=[N+](CCCCO)c2ccc(I)cc21,-4.9966,-6.1575565,-5.741592,-5.631916166666667
CCN1/C(=C\C2=C([O-])/C(=C\C3=[N+](CCCC[N+](CC)(CC)CC)c4ccccc4C3(C)C)C2=O)C(C)(C)c2ccccc21,-5.608783,-6.479085,-5.735764,-5.941210666666667
CCN1/C(=C\C2=C([O-])/C(=C\C3=[N+](CCCC[N+](CC)(CC)CC)c4ccccc4C3(C)C)C2=O)C(C)(C)c2cc(Br)ccc21,-5.5832963,-6.5618086,-5.806469,-5.983857966666666
CCN1/C(=C\C2=C([O-])/C(=C\C3=[N+](CCCC[N+](CC)(CC)CC)c4ccccc4C3(C)C)C2=O)C(C)(C)c2cc(I)ccc21,-5.5965886,-6.4256806,-5.7287083,-5.9169925
CCCCN1/C(=C\C2=C([O-])/C(=C\C3=[N+](CCCC[N+](CC)(CC)CC)c4ccccc4C3(C)C)C2=O)C(C)(C)c2ccccc21,-5.606726,-6.464827,-5.7284203,-5.933324433333333
CCCCN1/C(=C\C2=C([O-])/C(=C\C3=[N+](CCCC[N+](CC)(CC)CC)c4ccccc4C3(C)C)C2=O)C(C)(C)c2cc(Br)ccc21,-5.5838737,-6.5452156,-5.7983274,-5.975805566666668
CCCCN1/C(=C\C2=C([O-])/C(=C\C3=[N+](CCCC[N+](CC)(CC)CC)c4ccccc4C3(C)C)C2=O)C(C)(C)c2cc(I)ccc21,-5.593888,-6.4121814,-5.721074,-5.9090478
CC[N+](CC)(CC)CCCC[N+]1=C(/C=C2/C(=O)C(/C=C3\N(CCCCN)c4ccccc4C3(C)C)=C2[O-])C(C)(C)c2ccccc21,-5.542932,-6.7312675,-5.9150105,-6.063070000000001
CC[N+](CC)(CC)CCCC[N+]1=C(/C=C2/C(=O)C(/C=C3\N(CCCCN)c4ccc(Br)cc4C3(C)C)=C2[O-])C(C)(C)c2ccccc21,-5.523423,-6.7728167,-5.9749703,-6.090403333333334
CC[N+](CC)(CC)CCCC[N+]1=C(/C=C2/C(=O)C(/C=C3\N(CCCCN)c4ccc(I)cc4C3(C)C)=C2[O-])C(C)(C)c2ccccc21,-5.537499,-6.6797194,-5.903439,-6.040219133333333
CC[N+](CC)(CC)CCCC[N+]1=C(/C=C2/C(=O)C(/C=C3\N(CCCCO)c4ccccc4C3(C)C)=C2[O-])C(C)(C)c2ccccc21,-5.5595345,-6.536273,-5.760813,-5.9522068333333324
CC[N+](CC)(CC)CCCC[N+]1=C(/C=C2/C(=O)C(/C=C3\N(CCCCO)c4ccc(Br)cc4C3(C)C)=C2[O-])C(C)(C)c2ccccc21,-5.540908,-6.602884,-5.826094,-5.989962000000001
CC[N+](CC)(CC)CCCC[N+]1=C(/C=C2/C(=O)C(/C=C3\N(CCCCO)c4ccc(I)cc4C3(C)C)=C2[O-])C(C)(C)c2ccccc21,-5.550624,-6.478304,-5.752445,-5.927124333333334
CC[N+](CC)(CC)CCCCN1/C(=C\C2=C([O-])/C(=C\C3=[N+](CCCC[N+](CC)(CC)CC)c4ccccc4C3(C)C)C2=O)C(C)(C)c2ccccc21,-5.86197,-6.85504,-5.89818,-6.2050633333333325
CC[N+](CC)(CC)CCCCN1/C(=C\C2=C([O-])/C(=C\C3=[N+](CCCC[N+](CC)(CC)CC)c4ccccc4C3(C)C)C2=O)C(C)(C)c2cc(Br)ccc21,-5.818873,-6.9445963,-5.988761,-6.250743433333334
CC[N+](CC)(CC)CCCCN1/C(=C\C2=C([O-])/C(=C\C3=[N+](CCCC[N+](CC)(CC)CC)c4ccccc4C3(C)C)C2=O)C(C)(C)c2cc(I)ccc21,-5.850205,-6.7896767,-5.887956,-6.175945899999999
CC[N+](CC)(CC)CCCC[N+]1=C(/C=C2/C(=O)C(/C=C3\N(CCCCS(=O)(=O)O)c4ccccc4C3(C)C)=C2[O-])C(C)(C)c2ccccc21,-5.8542705,-6.818462,-5.6024714,-6.091734633333334
CC[N+](CC)(CC)CCCC[N+]1=C(/C=C2/C(=O)C(/C=C3\N(CCCCS(=O)(=O)O)c4ccc(Br)cc4C3(C)C)=C2[O-])C(C)(C)c2ccccc21,-5.8153405,-6.840036,-5.665484,-6.1069534999999995
CC[N+](CC)(CC)CCCC[N+]1=C(/C=C2/C(=O)C(/C=C3\N(CCCCS(=O)(=O)O)c4ccc(I)cc4C3(C)C)=C2[O-])C(C)(C)c2ccccc21,-5.844572,-6.749355,-5.596825,-6.063584
CC[N+](CC)(CC)CCCC[N+]1=C(/C=C2/C(=O)C(/C=C3\N(Cc4ccccc4)c4ccccc4C3(C)C)=C2[O-])C(C)(C)c2ccccc21,-5.64946,-6.616606,-5.771874,-6.012646666666666
CC[N+](CC)(CC)CCCC[N+]1=C(/C=C2/C(=O)C(/C=C3\N(Cc4ccccc4)c4ccc(Br)cc4C3(C)C)=C2[O-])C(C)(C)c2ccccc21,-5.619204,-6.6918273,-5.842761,-6.0512641
CC[N+](CC)(CC)CCCC[N+]1=C(/C=C2/C(=O)C(/C=C3\N(Cc4ccccc4)c4ccc(I)cc4C3(C)C)=C2[O-])C(C)(C)c2ccccc21,-5.63513,-6.5617056,-5.765361,-5.987398866666666
CC[N+](CC)(CC)CCCC[N+]1=C(/C=C2/C(=O)C(/C=C3\N(Cc4ccsc4)c4ccccc4C3(C)C)=C2[O-])C(C)(C)c2ccccc21,-5.6358347,-6.580757,-5.7646923,-5.993761333333334
CC[N+](CC)(CC)CCCC[N+]1=C(/C=C2/C(=O)C(/C=C3\N(Cc4ccsc4)c4ccc(Br)cc4C3(C)C)=C2[O-])C(C)(C)c2ccccc21,-5.6083775,-6.6555386,-5.8333926,-6.032436233333333
CC[N+](CC)(CC)CCCC[N+]1=C(/C=C2/C(=O)C(/C=C3\N(Cc4ccsc4)c4ccc(I)cc4C3(C)C)=C2[O-])C(C)(C)c2ccccc21,-5.6232815,-6.527831,-5.7567177,-5.969276733333333
CCN1/C(=C\C2=C([O-])/C(=C\C3=[N+](CCCC[N+](CC)(CC)CC)c4ccc(Br)cc4C3(C)C)C2=O)C(C)(C)c2ccccc21,-5.5901585,-6.5328417,-5.785561,-5.9695204
CCN1/C(=C\C2=C([O-])/C(=C\C3=[N+](CCCC[N+](CC)(CC)CC)c4ccc(Br)cc4C3(C)C)C2=O)C(C)(C)c2cc(Br)ccc21,-5.562215,-6.5986104,-5.84874,-6.003188466666667
CCN1/C(=C\C2=C([O-])/C(=C\C3=[N+](CCCC[N+](CC)(CC)CC)c4ccc(Br)cc4C3(C)C)C2=O)C(C)(C)c2cc(I)ccc21,-5.5804186,-6.4793124,-5.776683,-5.945471333333333
CCCCN1/C(=C\C2=C([O-])/C(=C\C3=[N+](CCCC[N+](CC)(CC)CC)c4ccc(Br)cc4C3(C)C)C2=O)C(C)(C)c2ccccc21,-5.5884933,-6.5171084,-5.779005,-5.961535566666666
CCCCN1/C(=C\C2=C([O-])/C(=C\C3=[N+](CCCC[N+](CC)(CC)CC)c4ccc(Br)cc4C3(C)C)C2=O)C(C)(C)c2cc(Br)ccc21,-5.564607,-6.5919046,-5.8435907,-6.000034100000001
CCCCN1/C(=C\C2=C([O-])/C(=C\C3=[N+](CCCC[N+](CC)(CC)CC)c4ccc(Br)cc4C3(C)C)C2=O)C(C)(C)c2cc(I)ccc21,-5.579679,-6.4633646,-5.7692,-5.937414533333334
CC[N+](CC)(CC)CCCC[N+]1=C(/C=C2/C(=O)C(/C=C3\N(CCCCN)c4ccccc4C3(C)C)=C2[O-])C(C)(C)c2cc(Br)ccc21,-5.5285516,-6.75262,-5.953959,-6.078376866666667
CC[N+](CC)(CC)CCCC[N+]1=C(/C=C2/C(=O)C(/C=C3\N(CCCCN)c4ccc(Br)cc4C3(C)C)=C2[O-])C(C)(C)c2cc(Br)ccc21,-5.5185266,-6.788859,-6.016452,-6.107945866666667
CC[N+](CC)(CC)CCCC[N+]1=C(/C=C2/C(=O)C(/C=C3\N(CCCCN)c4ccc(I)cc4C3(C)C)=C2[O-])C(C)(C)c2cc(Br)ccc21,-5.5241427,-6.700212,-5.941967,-6.0554405666666655
CC[N+](CC)(CC)CCCC[N+]1=C(/C=C2/C(=O)C(/C=C3\N(CCCCO)c4ccccc4C3(C)C)=C2[O-])C(C)(C)c2cc(Br)ccc21,-5.545957,-6.577383,-5.8064957,-5.976611899999999
CC[N+](CC)(CC)CCCC[N+]1=C(/C=C2/C(=O)C(/C=C3\N(CCCCO)c4ccc(Br)cc4C3(C)C)=C2[O-])C(C)(C)c2cc(Br)ccc21,-5.525518,-6.6381845,-5.8700666,-6.011256366666667
CC[N+](CC)(CC)CCCC[N+]1=C(/C=C2/C(=O)C(/C=C3\N(CCCCO)c4ccc(I)cc4C3(C)C)=C2[O-])C(C)(C)c2cc(Br)ccc21,-5.539484,-6.5258145,-5.797666,-5.9543215
CC[N+](CC)(CC)CCCCN1/C(=C\C2=C([O-])/C(=C\C3=[N+](CCCC[N+](CC)(CC)CC)c4ccc(Br)cc4C3(C)C)C2=O)C(C)(C)c2ccccc21,-5.825747,-6.8989725,-5.957235,-6.227318166666667
CC[N+](CC)(CC)CCCCN1/C(=C\C2=C([O-])/C(=C\C3=[N+](CCCC[N+](CC)(CC)CC)c4ccc(Br)cc4C3(C)C)C2=O)C(C)(C)c2cc(Br)ccc21,-5.7876863,-6.9879456,-6.047847,-6.274492966666667
CC[N+](CC)(CC)CCCCN1/C(=C\C2=C([O-])/C(=C\C3=[N+](CCCC[N+](CC)(CC)CC)c4ccc(Br)cc4C3(C)C)C2=O)C(C)(C)c2cc(I)ccc21,-5.813496,-6.832757,-5.9471407,-6.1977979
CC[N+](CC)(CC)CCCC[N+]1=C(/C=C2/C(=O)C(/C=C3\N(CCCCS(=O)(=O)O)c4ccccc4C3(C)C)=C2[O-])C(C)(C)c2cc(Br)ccc21,-5.8263354,-6.820063,-5.6464176,-6.097605333333333
CC[N+](CC)(CC)CCCC[N+]1=C(/C=C2/C(=O)C(/C=C3\N(CCCCS(=O)(=O)O)c4ccc(Br)cc4C3(C)C)=C2[O-])C(C)(C)c2cc(Br)ccc21,-5.7902193,-6.846675,-5.718563,-6.118485766666667
CC[N+](CC)(CC)CCCC[N+]1=C(/C=C2/C(=O)C(/C=C3\N(CCCCS(=O)(=O)O)c4ccc(I)cc4C3(C)C)=C2[O-])C(C)(C)c2cc(Br)ccc21,-5.819109,-6.754046,-5.6424384,-6.071864466666667
CC[N+](CC)(CC)CCCC[N+]1=C(/C=C2/C(=O)C(/C=C3\N(Cc4ccccc4)c4ccccc4C3(C)C)=C2[O-])C(C)(C)c2cc(Br)ccc21,-5.626322,-6.6663904,-5.8212705,-6.0379943
CC[N+](CC)(CC)CCCC[N+]1=C(/C=C2/C(=O)C(/C=C3\N(Cc4ccccc4)c4ccc(Br)cc4C3(C)C)=C2[O-])C(C)(C)c2cc(Br)ccc21,-5.5958657,-6.7251587,-5.884468,-6.068497466666666
CC[N+](CC)(CC)CCCC[N+]1=C(/C=C2/C(=O)C(/C=C3\N(Cc4ccccc4)c4ccc(I)cc4C3(C)C)=C2[O-])C(C)(C)c2cc(Br)ccc21,-5.617553,-6.6153145,-5.813104,-6.015323833333333
CC[N+](CC)(CC)CCCC[N+]1=C(/C=C2/C(=O)C(/C=C3\N(Cc4ccsc4)c4ccccc4C3(C)C)=C2[O-])C(C)(C)c2cc(Br)ccc21,-5.616086,-6.628701,-5.811736,-6.018840999999999
CC[N+](CC)(CC)CCCC[N+]1=C(/C=C2/C(=O)C(/C=C3\N(Cc4ccsc4)c4ccc(Br)cc4C3(C)C)=C2[O-])C(C)(C)c2cc(Br)ccc21,-5.5873704,-6.6858606,-5.8738174,-6.049016133333333
CC[N+](CC)(CC)CCCC[N+]1=C(/C=C2/C(=O)C(/C=C3\N(Cc4ccsc4)c4ccc(I)cc4C3(C)C)=C2[O-])C(C)(C)c2cc(Br)ccc21,-5.6066933,-6.576799,-5.8029714,-5.9954879000000005
CCN1/C(=C\C2=C([O-])/C(=C\C3=[N+](CCCC[N+](CC)(CC)CC)c4ccc(I)cc4C3(C)C)C2=O)C(C)(C)c2ccccc21,-5.6007724,-6.419917,-5.723867,-5.9148521333333335
CCN1/C(=C\C2=C([O-])/C(=C\C3=[N+](CCCC[N+](CC)(CC)CC)c4ccc(I)cc4C3(C)C)C2=O)C(C)(C)c2cc(Br)ccc21,-5.5788693,-6.5048127,-5.7932334,-5.9589718000000005
CCN1/C(=C\C2=C([O-])/C(=C\C3=[N+](CCCC[N+](CC)(CC)CC)c4ccc(I)cc4C3(C)C)C2=O)C(C)(C)c2cc(I)ccc21,-5.590823,-6.3689513,-5.7144604,-5.891411566666666
CCCCN1/C(=C\C2=C([O-])/C(=C\C3=[N+](CCCC[N+](CC)(CC)CC)c4ccc(I)cc4C3(C)C)C2=O)C(C)(C)c2ccccc21,-5.5968685,-6.406377,-5.717467,-5.906904166666667
CCCCN1/C(=C\C2=C([O-])/C(=C\C3=[N+](CCCC[N+](CC)(CC)CC)c4ccc(I)cc4C3(C)C)C2=O)C(C)(C)c2cc(Br)ccc21,-5.5781255,-6.488086,-5.786081,-5.950764166666667
CCCCN1/C(=C\C2=C([O-])/C(=C\C3=[N+](CCCC[N+](CC)(CC)CC)c4ccc(I)cc4C3(C)C)C2=O)C(C)(C)c2cc(I)ccc21,-5.5877028,-6.356505,-5.7075167,-5.883908166666667
CC[N+](CC)(CC)CCCC[N+]1=C(/C=C2/C(=O)C(/C=C3\N(CCCCN)c4ccccc4C3(C)C)=C2[O-])C(C)(C)c2cc(I)ccc21,-5.5409784,-6.6757193,-5.9001064,-6.038934700000001
CC[N+](CC)(CC)CCCC[N+]1=C(/C=C2/C(=O)C(/C=C3\N(CCCCN)c4ccc(Br)cc4C3(C)C)=C2[O-])C(C)(C)c2cc(I)ccc21,-5.522368,-6.7187805,-5.9595795,-6.066909333333334
CC[N+](CC)(CC)CCCC[N+]1=C(/C=C2/C(=O)C(/C=C3\N(CCCCN)c4ccc(I)cc4C3(C)C)=C2[O-])C(C)(C)c2cc(I)ccc21,-5.5380635,-6.625619,-5.8886213,-6.0174346000000005
CC[N+](CC)(CC)CCCC[N+]1=C(/C=C2/C(=O)C(/C=C3\N(CCCCO)c4ccccc4C3(C)C)=C2[O-])C(C)(C)c2cc(I)ccc21,-5.553584,-6.472345,-5.7487903,-5.924906433333334
CC[N+](CC)(CC)CCCC[N+]1=C(/C=C2/C(=O)C(/C=C3\N(CCCCO)c4ccc(Br)cc4C3(C)C)=C2[O-])C(C)(C)c2cc(I)ccc21,-5.5372753,-6.546015,-5.8133993,-5.965563200000001
CC[N+](CC)(CC)CCCC[N+]1=C(/C=C2/C(=O)C(/C=C3\N(CCCCO)c4ccc(I)cc4C3(C)C)=C2[O-])C(C)(C)c2cc(I)ccc21,-5.546316,-6.4188952,-5.7394156,-5.901542266666667
CC[N+](CC)(CC)CCCCN1/C(=C\C2=C([O-])/C(=C\C3=[N+](CCCC[N+](CC)(CC)CC)c4ccc(I)cc4C3(C)C)C2=O)C(C)(C)c2ccccc21,-5.8550377,-6.7836623,-5.8829937,-6.1738979
CC[N+](CC)(CC)CCCCN1/C(=C\C2=C([O-])/C(=C\C3=[N+](CCCC[N+](CC)(CC)CC)c4ccc(I)cc4C3(C)C)C2=O)C(C)(C)c2cc(Br)ccc21,-5.810174,-6.8706574,-5.9736323,-6.218154566666667
CC[N+](CC)(CC)CCCCN1/C(=C\C2=C([O-])/C(=C\C3=[N+](CCCC[N+](CC)(CC)CC)c4ccc(I)cc4C3(C)C)C2=O)C(C)(C)c2cc(I)ccc21,-5.8425064,-6.7193384,-5.8712583,-6.1443677
CC[N+](CC)(CC)CCCC[N+]1=C(/C=C2/C(=O)C(/C=C3\N(CCCCS(=O)(=O)O)c4ccccc4C3(C)C)=C2[O-])C(C)(C)c2cc(I)ccc21,-5.847357,-6.74269,-5.5942125,-6.061419833333333
CC[N+](CC)(CC)CCCC[N+]1=C(/C=C2/C(=O)C(/C=C3\N(CCCCS(=O)(=O)O)c4ccc(Br)cc4C3(C)C)=C2[O-])C(C)(C)c2cc(I)ccc21,-5.81009,-6.770616,-5.660326,-6.080344
CC[N+](CC)(CC)CCCC[N+]1=C(/C=C2/C(=O)C(/C=C3\N(CCCCS(=O)(=O)O)c4ccc(I)cc4C3(C)C)=C2[O-])C(C)(C)c2cc(I)ccc21,-5.8361616,-6.6741076,-5.590114,-6.033461066666667
CC[N+](CC)(CC)CCCC[N+]1=C(/C=C2/C(=O)C(/C=C3\N(Cc4ccccc4)c4ccccc4C3(C)C)=C2[O-])C(C)(C)c2cc(I)ccc21,-5.6390624,-6.5561943,-5.7604346,-5.985230433333332
CC[N+](CC)(CC)CCCC[N+]1=C(/C=C2/C(=O)C(/C=C3\N(Cc4ccccc4)c4ccc(Br)cc4C3(C)C)=C2[O-])C(C)(C)c2cc(I)ccc21,-5.614811,-6.6375785,-5.8299623,-6.027450599999999
CC[N+](CC)(CC)CCCC[N+]1=C(/C=C2/C(=O)C(/C=C3\N(Cc4ccccc4)c4ccc(I)cc4C3(C)C)=C2[O-])C(C)(C)c2cc(I)ccc21,-5.6273746,-6.503437,-5.751715,-5.960842199999999
CC[N+](CC)(CC)CCCC[N+]1=C(/C=C2/C(=O)C(/C=C3\N(Cc4ccsc4)c4ccccc4C3(C)C)=C2[O-])C(C)(C)c2cc(I)ccc21,-5.6272655,-6.5225515,-5.7518864,-5.967234466666667
CC[N+](CC)(CC)CCCC[N+]1=C(/C=C2/C(=O)C(/C=C3\N(Cc4ccsc4)c4ccc(Br)cc4C3(C)C)=C2[O-])C(C)(C)c2cc(I)ccc21,-5.6036134,-6.600871,-5.8201895,-6.008224633333334
CC[N+](CC)(CC)CCCC[N+]1=C(/C=C2/C(=O)C(/C=C3\N(Cc4ccsc4)c4ccc(I)cc4C3(C)C)=C2[O-])C(C)(C)c2cc(I)ccc21,-5.6167345,-6.4691525,-5.7420306,-5.9426391999999995
CCN1/C(=C\C2=C([O-])/C(=C\C3=[N+](CCCCS(=O)(=O)O)c4ccccc4C3(C)C)C2=O)C(C)(C)c2ccccc21,-5.661564,-6.5906005,-5.492942,-5.915035499999999
CCN1/C(=C\C2=C([O-])/C(=C\C3=[N+](CCCCS(=O)(=O)O)c4ccccc4C3(C)C)C2=O)C(C)(C)c2cc(Br)ccc21,-5.7044992,-6.6350737,-5.5741377,-5.9712368666666675
CCN1/C(=C\C2=C([O-])/C(=C\C3=[N+](CCCCS(=O)(=O)O)c4ccccc4C3(C)C)C2=O)C(C)(C)c2cc(I)ccc21,-5.657942,-6.5439386,-5.5112195,-5.9043667
CCCCN1/C(=C\C2=C([O-])/C(=C\C3=[N+](CCCCS(=O)(=O)O)c4ccccc4C3(C)C)C2=O)C(C)(C)c2ccccc21,-5.627122,-6.5240254,-5.4783263,-5.876491233333333
CCCCN1/C(=C\C2=C([O-])/C(=C\C3=[N+](CCCCS(=O)(=O)O)c4ccccc4C3(C)C)C2=O)C(C)(C)c2cc(Br)ccc21,-5.690821,-6.5699234,-5.555427,-5.938723800000001
CCCCN1/C(=C\C2=C([O-])/C(=C\C3=[N+](CCCCS(=O)(=O)O)c4ccccc4C3(C)C)C2=O)C(C)(C)c2cc(I)ccc21,-5.632751,-6.4767623,-5.490426,-5.866646433333333
CC1(C)C(/C=C2/C(=O)C(/C=C3\N(CCCCN)c4ccccc4C3(C)C)=C2[O-])=[N+](CCCCS(=O)(=O)O)c2ccccc21,-5.696846,-6.6596956,-5.62785,-5.9947972
CC1(C)C(/C=C2/C(=O)C(/C=C3\N(CCCCN)c4ccc(Br)cc4C3(C)C)=C2[O-])=[N+](CCCCS(=O)(=O)O)c2ccccc21,-5.7471733,-6.6918283,-5.7038674,-6.047623000000001
CC1(C)C(/C=C2/C(=O)C(/C=C3\N(CCCCN)c4ccc(I)cc4C3(C)C)=C2[O-])=[N+](CCCCS(=O)(=O)O)c2ccccc21,-5.6993217,-6.6148405,-5.643164,-5.985775399999999
CC1(C)C(/C=C2/C(=O)C(/C=C3\N(CCCCO)c4ccccc4C3(C)C)=C2[O-])=[N+](CCCCS(=O)(=O)O)c2ccccc21,-5.6465383,-6.6403303,-5.4886713,-5.925179966666666
CC1(C)C(/C=C2/C(=O)C(/C=C3\N(CCCCO)c4ccc(Br)cc4C3(C)C)=C2[O-])=[N+](CCCCS(=O)(=O)O)c2ccccc21,-5.7113066,-6.6755657,-5.5643616,-5.983744633333333
CC1(C)C(/C=C2/C(=O)C(/C=C3\N(CCCCO)c4ccc(I)cc4C3(C)C)=C2[O-])=[N+](CCCCS(=O)(=O)O)c2ccccc21,-5.6547127,-6.5903425,-5.5010037,-5.915352966666667
CC[N+](CC)(CC)CCCCN1/C(=C\C2=C([O-])/C(=C\C3=[N+](CCCCS(=O)(=O)O)c4ccccc4C3(C)C)C2=O)C(C)(C)c2ccccc21,-5.852385,-6.8385587,-5.6075635,-6.0995023999999995
CC[N+](CC)(CC)CCCCN1/C(=C\C2=C([O-])/C(=C\C3=[N+](CCCCS(=O)(=O)O)c4ccccc4C3(C)C)C2=O)C(C)(C)c2cc(Br)ccc21,-5.814323,-6.8600383,-5.6719856,-6.1154489666666665
CC[N+](CC)(CC)CCCCN1/C(=C\C2=C([O-])/C(=C\C3=[N+](CCCCS(=O)(=O)O)c4ccccc4C3(C)C)C2=O)C(C)(C)c2cc(I)ccc21,-5.8425026,-6.76969,-5.6025944,-6.071595666666667
CC1(C)C(/C=C2/C(=O)C(/C=C3\N(CCCCS(=O)(=O)O)c4ccccc4C3(C)C)=C2[O-])=[N+](CCCCS(=O)(=O)O)c2ccccc21,-5.9740267,-6.973861,-5.2847447,-6.077544133333333
CC1(C)C(/C=C2/C(=O)C(/C=C3\N(CCCCS(=O)(=O)O)c4ccc(Br)cc4C3(C)C)=C2[O-])=[N+](CCCCS(=O)(=O)O)c2ccccc21,-6.0095215,-6.9961376,-5.3636317,-6.123096933333333
CC1(C)C(/C=C2/C(=O)C(/C=C3\N(CCCCS(=O)(=O)O)c4ccc(I)cc4C3(C)C)=C2[O-])=[N+](CCCCS(=O)(=O)O)c2ccccc21,-5.9761086,-6.91011,-5.2992897,-6.0618361
CC1(C)C(/C=C2/C(=O)C(/C=C3\N(Cc4ccccc4)c4ccccc4C3(C)C)=C2[O-])=[N+](CCCCS(=O)(=O)O)c2ccccc21,-5.6681175,-6.6582384,-5.4928083,-5.9397214
CC1(C)C(/C=C2/C(=O)C(/C=C3\N(Cc4ccccc4)c4ccc(Br)cc4C3(C)C)=C2[O-])=[N+](CCCCS(=O)(=O)O)c2ccccc21,-5.6936316,-6.6817207,-5.566927,-5.980759766666666
CC1(C)C(/C=C2/C(=O)C(/C=C3\N(Cc4ccccc4)c4ccc(I)cc4C3(C)C)=C2[O-])=[N+](CCCCS(=O)(=O)O)c2ccccc21,-5.6688476,-6.6041503,-5.5101175,-5.927705133333333
CC1(C)C(/C=C2/C(=O)C(/C=C3\N(Cc4ccsc4)c4ccccc4C3(C)C)=C2[O-])=[N+](CCCCS(=O)(=O)O)c2ccccc21,-5.669039,-6.644778,-5.4999433,-5.9379200999999995
CC1(C)C(/C=C2/C(=O)C(/C=C3\N(Cc4ccsc4)c4ccc(Br)cc4C3(C)C)=C2[O-])=[N+](CCCCS(=O)(=O)O)c2ccccc21,-5.6952395,-6.6700153,-5.5733647,-5.979539833333333
CC1(C)C(/C=C2/C(=O)C(/C=C3\N(Cc4ccsc4)c4ccc(I)cc4C3(C)C)=C2[O-])=[N+](CCCCS(=O)(=O)O)c2ccccc21,-5.6654043,-6.5925636,-5.5147724,-5.924246766666667
CCN1/C(=C\C2=C([O-])/C(=C\C3=[N+](CCCCS(=O)(=O)O)c4ccc(Br)cc4C3(C)C)C2=O)C(C)(C)c2ccccc21,-5.6921372,-6.6213417,-5.562643,-5.9587073
CCN1/C(=C\C2=C([O-])/C(=C\C3=[N+](CCCCS(=O)(=O)O)c4ccc(Br)cc4C3(C)C)C2=O)C(C)(C)c2cc(Br)ccc21,-5.722302,-6.649713,-5.6286016,-6.000205533333333
CCN1/C(=C\C2=C([O-])/C(=C\C3=[N+](CCCCS(=O)(=O)O)c4ccc(Br)cc4C3(C)C)C2=O)C(C)(C)c2cc(I)ccc21,-5.685225,-6.571628,-5.578058,-5.944970333333333
CCCCN1/C(=C\C2=C([O-])/C(=C\C3=[N+](CCCCS(=O)(=O)O)c4ccc(Br)cc4C3(C)C)C2=O)C(C)(C)c2ccccc21,-5.6807585,-6.554074,-5.5445127,-5.926448400000001
CCCCN1/C(=C\C2=C([O-])/C(=C\C3=[N+](CCCCS(=O)(=O)O)c4ccc(Br)cc4C3(C)C)C2=O)C(C)(C)c2cc(Br)ccc21,-5.7277493,-6.581918,-5.608175,-5.9726141
CCCCN1/C(=C\C2=C([O-])/C(=C\C3=[N+](CCCCS(=O)(=O)O)c4ccc(Br)cc4C3(C)C)C2=O)C(C)(C)c2cc(I)ccc21,-5.687497,-6.5052977,-5.5562954,-5.916363366666666
CC1(C)C(/C=C2/C(=O)C(/C=C3\N(CCCCN)c4ccccc4C3(C)C)=C2[O-])=[N+](CCCCS(=O)(=O)O)c2ccc(Br)cc21,-5.7300396,-6.6759987,-5.691096,-6.0323781
CC1(C)C(/C=C2/C(=O)C(/C=C3\N(CCCCN)c4ccc(Br)cc4C3(C)C)=C2[O-])=[N+](CCCCS(=O)(=O)O)c2ccc(Br)cc21,-5.787848,-6.7251744,-5.757788,-6.090270133333334
CC1(C)C(/C=C2/C(=O)C(/C=C3\N(CCCCN)c4ccc(I)cc4C3(C)C)=C2[O-])=[N+](CCCCS(=O)(=O)O)c2ccc(Br)cc21,-5.7378945,-6.640007,-5.702338,-6.026746500000001
CC1(C)C(/C=C2/C(=O)C(/C=C3\N(CCCCO)c4ccccc4C3(C)C)=C2[O-])=[N+](CCCCS(=O)(=O)O)c2ccc(Br)cc21,-5.68862,-6.650934,-5.5510154,-5.963523133333333
CC1(C)C(/C=C2/C(=O)C(/C=C3\N(CCCCO)c4ccc(Br)cc4C3(C)C)=C2[O-])=[N+](CCCCS(=O)(=O)O)c2ccc(Br)cc21,-5.7551103,-6.6877337,-5.6217136,-6.0215192
CC1(C)C(/C=C2/C(=O)C(/C=C3\N(CCCCO)c4ccc(I)cc4C3(C)C)=C2[O-])=[N+](CCCCS(=O)(=O)O)c2ccc(Br)cc21,-5.691657,-6.601347,-5.564158,-5.952387333333333
CC[N+](CC)(CC)CCCCN1/C(=C\C2=C([O-])/C(=C\C3=[N+](CCCCS(=O)(=O)O)c4ccc(Br)cc4C3(C)C)C2=O)C(C)(C)c2ccccc21,-5.82522,-6.8397884,-5.652608,-6.105872133333333
CC[N+](CC)(CC)CCCCN1/C(=C\C2=C([O-])/C(=C\C3=[N+](CCCCS(=O)(=O)O)c4ccc(Br)cc4C3(C)C)C2=O)C(C)(C)c2cc(Br)ccc21,-5.789648,-6.8668413,-5.7252216,-6.1272369666666675
CC[N+](CC)(CC)CCCCN1/C(=C\C2=C([O-])/C(=C\C3=[N+](CCCCS(=O)(=O)O)c4ccc(Br)cc4C3(C)C)C2=O)C(C)(C)c2cc(I)ccc21,-5.8179703,-6.7732906,-5.6483645,-6.079875133333334
CC1(C)C(/C=C2/C(=O)C(/C=C3\N(CCCCS(=O)(=O)O)c4ccccc4C3(C)C)=C2[O-])=[N+](CCCCS(=O)(=O)O)c2ccc(Br)cc21,-5.992481,-6.967533,-5.3508296,-6.103614533333334
CC1(C)C(/C=C2/C(=O)C(/C=C3\N(CCCCS(=O)(=O)O)c4ccc(Br)cc4C3(C)C)=C2[O-])=[N+](CCCCS(=O)(=O)O)c2ccc(Br)cc21,-6.026528,-6.9981,-5.4287767,-6.1511349
CC1(C)C(/C=C2/C(=O)C(/C=C3\N(CCCCS(=O)(=O)O)c4ccc(I)cc4C3(C)C)=C2[O-])=[N+](CCCCS(=O)(=O)O)c2ccc(Br)cc21,-5.9915733,-6.906586,-5.365458,-6.087872433333334
CC1(C)C(/C=C2/C(=O)C(/C=C3\N(Cc4ccccc4)c4ccccc4C3(C)C)=C2[O-])=[N+](CCCCS(=O)(=O)O)c2ccc(Br)cc21,-5.686107,-6.666881,-5.553836,-5.968941333333333
CC1(C)C(/C=C2/C(=O)C(/C=C3\N(Cc4ccccc4)c4ccc(Br)cc4C3(C)C)=C2[O-])=[N+](CCCCS(=O)(=O)O)c2ccc(Br)cc21,-5.7225943,-6.6949267,-5.626706,-6.014742333333333
CC1(C)C(/C=C2/C(=O)C(/C=C3\N(Cc4ccccc4)c4ccc(I)cc4C3(C)C)=C2[O-])=[N+](CCCCS(=O)(=O)O)c2ccc(Br)cc21,-5.6835966,-6.61608,-5.5702786,-5.9566517333333335
CC1(C)C(/C=C2/C(=O)C(/C=C3\N(Cc4ccsc4)c4ccccc4C3(C)C)=C2[O-])=[N+](CCCCS(=O)(=O)O)c2ccc(Br)cc21,-5.6838546,-6.655938,-5.5596747,-5.9664890999999995
CC1(C)C(/C=C2/C(=O)C(/C=C3\N(Cc4ccsc4)c4ccc(Br)cc4C3(C)C)=C2[O-])=[N+](CCCCS(=O)(=O)O)c2ccc(Br)cc21,-5.7270045,-6.6851273,-5.6303773,-6.0141697
CC1(C)C(/C=C2/C(=O)C(/C=C3\N(Cc4ccsc4)c4ccc(I)cc4C3(C)C)=C2[O-])=[N+](CCCCS(=O)(=O)O)c2ccc(Br)cc21,-5.6847386,-6.6070027,-5.5750637,-5.9556016666666665
CCN1/C(=C\C2=C([O-])/C(=C\C3=[N+](CCCCS(=O)(=O)O)c4ccc(I)cc4C3(C)C)C2=O)C(C)(C)c2ccccc21,-5.6638155,-6.542573,-5.508995,-5.905127833333332
CCN1/C(=C\C2=C([O-])/C(=C\C3=[N+](CCCCS(=O)(=O)O)c4ccc(I)cc4C3(C)C)C2=O)C(C)(C)c2cc(Br)ccc21,-5.702344,-6.585048,-5.587281,-5.958224333333334
CCN1/C(=C\C2=C([O-])/C(=C\C3=[N+](CCCCS(=O)(=O)O)c4ccc(I)cc4C3(C)C)C2=O)C(C)(C)c2cc(I)ccc21,-5.658911,-6.4961877,-5.5259814,-5.893693366666667
CCCCN1/C(=C\C2=C([O-])/C(=C\C3=[N+](CCCCS(=O)(=O)O)c4ccc(I)cc4C3(C)C)C2=O)C(C)(C)c2ccccc21,-5.635915,-6.473883,-5.4908485,-5.866882166666667
CCCCN1/C(=C\C2=C([O-])/C(=C\C3=[N+](CCCCS(=O)(=O)O)c4ccc(I)cc4C3(C)C)C2=O)C(C)(C)c2cc(Br)ccc21,-5.7008505,-6.5183225,-5.5666757,-5.928616233333333
CCCCN1/C(=C\C2=C([O-])/C(=C\C3=[N+](CCCCS(=O)(=O)O)c4ccc(I)cc4C3(C)C)C2=O)C(C)(C)c2cc(I)ccc21,-5.64199,-6.4265957,-5.50222,-5.856935233333334
CC1(C)C(/C=C2/C(=O)C(/C=C3\N(CCCCN)c4ccccc4C3(C)C)=C2[O-])=[N+](CCCCS(=O)(=O)O)c2ccc(I)cc21,-5.7046614,-6.6121736,-5.6426077,-5.9864809
CC1(C)C(/C=C2/C(=O)C(/C=C3\N(CCCCN)c4ccc(Br)cc4C3(C)C)=C2[O-])=[N+](CCCCS(=O)(=O)O)c2ccc(I)cc21,-5.761018,-6.654398,-5.714009,-6.043141666666667
CC1(C)C(/C=C2/C(=O)C(/C=C3\N(CCCCN)c4ccc(I)cc4C3(C)C)=C2[O-])=[N+](CCCCS(=O)(=O)O)c2ccc(I)cc21,-5.7130537,-6.571562,-5.657257,-5.980624233333334
CC1(C)C(/C=C2/C(=O)C(/C=C3\N(CCCCO)c4ccccc4C3(C)C)=C2[O-])=[N+](CCCCS(=O)(=O)O)c2ccc(I)cc21,-5.655709,-6.5867696,-5.5012293,-5.9145693
CC1(C)C(/C=C2/C(=O)C(/C=C3\N(CCCCO)c4ccc(Br)cc4C3(C)C)=C2[O-])=[N+](CCCCS(=O)(=O)O)c2ccc(I)cc21,-5.7219954,-6.6227393,-5.575853,-5.973529233333333
CC1(C)C(/C=C2/C(=O)C(/C=C3\N(CCCCO)c4ccc(I)cc4C3(C)C)=C2[O-])=[N+](CCCCS(=O)(=O)O)c2ccc(I)cc21,-5.6583724,-6.536095,-5.5141,-5.9028558
CC[N+](CC)(CC)CCCCN1/C(=C\C2=C([O-])/C(=C\C3=[N+](CCCCS(=O)(=O)O)c4ccc(I)cc4C3(C)C)C2=O)C(C)(C)c2ccccc21,-5.845288,-6.763209,-5.6000905,-6.069529166666666
CC[N+](CC)(CC)CCCCN1/C(=C\C2=C([O-])/C(=C\C3=[N+](CCCCS(=O)(=O)O)c4ccc(I)cc4C3(C)C)C2=O)C(C)(C)c2cc(Br)ccc21,-5.8089757,-6.7901134,-5.6664724,-6.0885205000000004
CC[N+](CC)(CC)CCCCN1/C(=C\C2=C([O-])/C(=C\C3=[N+](CCCCS(=O)(=O)O)c4ccc(I)cc4C3(C)C)C2=O)C(C)(C)c2cc(I)ccc21,-5.8342752,-6.6945047,-5.5957556,-6.041511833333334
CC1(C)C(/C=C2/C(=O)C(/C=C3\N(CCCCS(=O)(=O)O)c4ccccc4C3(C)C)=C2[O-])=[N+](CCCCS(=O)(=O)O)c2ccc(I)cc21,-5.9798436,-6.9050303,-5.2988434,-6.061239099999999
CC1(C)C(/C=C2/C(=O)C(/C=C3\N(CCCCS(=O)(=O)O)c4ccc(Br)cc4C3(C)C)=C2[O-])=[N+](CCCCS(=O)(=O)O)c2ccc(I)cc21,-6.01251,-6.9299,-5.3786407,-6.1070169000000005
CC1(C)C(/C=C2/C(=O)C(/C=C3\N(CCCCS(=O)(=O)O)c4ccc(I)cc4C3(C)C)=C2[O-])=[N+](CCCCS(=O)(=O)O)c2ccc(I)cc21,-5.980615,-6.843143,-5.3133054,-6.0456878000000005
CC1(C)C(/C=C2/C(=O)C(/C=C3\N(Cc4ccccc4)c4ccccc4C3(C)C)=C2[O-])=[N+](CCCCS(=O)(=O)O)c2ccc(I)cc21,-5.6765203,-6.602619,-5.506474,-5.928537766666667
CC1(C)C(/C=C2/C(=O)C(/C=C3\N(Cc4ccccc4)c4ccc(Br)cc4C3(C)C)=C2[O-])=[N+](CCCCS(=O)(=O)O)c2ccc(I)cc21,-5.6994824,-6.629331,-5.580126,-5.969646466666667
CC1(C)C(/C=C2/C(=O)C(/C=C3\N(Cc4ccccc4)c4ccc(I)cc4C3(C)C)=C2[O-])=[N+](CCCCS(=O)(=O)O)c2ccc(I)cc21,-5.671723,-6.550406,-5.5217037,-5.9146109
CC1(C)C(/C=C2/C(=O)C(/C=C3\N(Cc4ccsc4)c4ccccc4C3(C)C)=C2[O-])=[N+](CCCCS(=O)(=O)O)c2ccc(I)cc21,-5.673032,-6.5910044,-5.5110903,-5.9250422333333335
CC1(C)C(/C=C2/C(=O)C(/C=C3\N(Cc4ccsc4)c4ccc(Br)cc4C3(C)C)=C2[O-])=[N+](CCCCS(=O)(=O)O)c2ccc(I)cc21,-5.703629,-6.619882,-5.585325,-5.969612000000001
CC1(C)C(/C=C2/C(=O)C(/C=C3\N(Cc4ccsc4)c4ccc(I)cc4C3(C)C)=C2[O-])=[N+](CCCCS(=O)(=O)O)c2ccc(I)cc21,-5.6680546,-6.539215,-5.5266953,-5.911321633333333
CCN1/C(=C\C2=C([O-])/C(=C\C3=[N+](Cc4ccccc4)c4ccccc4C3(C)C)C2=O)C(C)(C)c2ccccc21,-5.190947,-6.299503,-5.7426744,-5.7443748
CCN1/C(=C\C2=C([O-])/C(=C\C3=[N+](Cc4ccccc4)c4ccccc4C3(C)C)C2=O)C(C)(C)c2cc(Br)ccc21,-5.2597466,-6.4212546,-5.8524656,-5.844488933333333
CCN1/C(=C\C2=C([O-])/C(=C\C3=[N+](Cc4ccccc4)c4ccccc4C3(C)C)C2=O)C(C)(C)c2cc(I)ccc21,-5.1759367,-6.251611,-5.749384,-5.725643900000001
CCCCN1/C(=C\C2=C([O-])/C(=C\C3=[N+](Cc4ccccc4)c4ccccc4C3(C)C)C2=O)C(C)(C)c2ccccc21,-5.1782255,-6.2502985,-5.7400684,-5.722864133333334
CCCCN1/C(=C\C2=C([O-])/C(=C\C3=[N+](Cc4ccccc4)c4ccccc4C3(C)C)C2=O)C(C)(C)c2cc(Br)ccc21,-5.243456,-6.359781,-5.8419714,-5.8150694666666665
CCCCN1/C(=C\C2=C([O-])/C(=C\C3=[N+](Cc4ccccc4)c4ccccc4C3(C)C)C2=O)C(C)(C)c2cc(I)ccc21,-5.161421,-6.20199,-5.743058,-5.702156333333334
CC1(C)C(/C=C2/C(=O)C(/C=C3\N(CCCCN)c4ccccc4C3(C)C)=C2[O-])=[N+](Cc2ccccc2)c2ccccc21,-5.2764807,-6.507819,-5.9561696,-5.9134897666666655
CC1(C)C(/C=C2/C(=O)C(/C=C3\N(CCCCN)c4ccc(Br)cc4C3(C)C)=C2[O-])=[N+](Cc2ccccc2)c2ccccc21,-5.2918963,-6.527619,-5.9890428,-5.936186033333333
CC1(C)C(/C=C2/C(=O)C(/C=C3\N(CCCCN)c4ccc(I)cc4C3(C)C)=C2[O-])=[N+](Cc2ccccc2)c2ccccc21,-5.261417,-6.466021,-5.964361,-5.8972663333333335
CC1(C)C(/C=C2/C(=O)C(/C=C3\N(CCCCO)c4ccccc4C3(C)C)=C2[O-])=[N+](Cc2ccccc2)c2ccccc21,-5.1123056,-6.3493395,-5.7780747,-5.746573266666666
CC1(C)C(/C=C2/C(=O)C(/C=C3\N(CCCCO)c4ccc(Br)cc4C3(C)C)=C2[O-])=[N+](Cc2ccccc2)c2ccccc21,-5.179711,-6.430843,-5.8687463,-5.8264334333333325
CC1(C)C(/C=C2/C(=O)C(/C=C3\N(CCCCO)c4ccc(I)cc4C3(C)C)=C2[O-])=[N+](Cc2ccccc2)c2ccccc21,-5.0844026,-6.285922,-5.778326,-5.716216866666667
CC[N+](CC)(CC)CCCCN1/C(=C\C2=C([O-])/C(=C\C3=[N+](Cc4ccccc4)c4ccccc4C3(C)C)C2=O)C(C)(C)c2ccccc21,-5.6506057,-6.6267877,-5.7850976,-6.0208303333333335
CC[N+](CC)(CC)CCCCN1/C(=C\C2=C([O-])/C(=C\C3=[N+](Cc4ccccc4)c4ccccc4C3(C)C)C2=O)C(C)(C)c2cc(Br)ccc21,-5.620606,-6.705139,-5.8564634,-6.060736133333333
CC[N+](CC)(CC)CCCCN1/C(=C\C2=C([O-])/C(=C\C3=[N+](Cc4ccccc4)c4ccccc4C3(C)C)C2=O)C(C)(C)c2cc(I)ccc21,-5.63683,-6.56898,-5.776605,-5.994138333333333
CC1(C)C(/C=C2/C(=O)C(/C=C3\N(CCCCS(=O)(=O)O)c4ccccc4C3(C)C)=C2[O-])=[N+](Cc2ccccc2)c2ccccc21,-5.695303,-6.654271,-5.4979777,-5.9491839
CC1(C)C(/C=C2/C(=O)C(/C=C3\N(CCCCS(=O)(=O)O)c4ccc(Br)cc4C3(C)C)=C2[O-])=[N+](Cc2ccccc2)c2ccccc21,-5.7239203,-6.6877728,-5.5733304,-5.995007833333333
CC1(C)C(/C=C2/C(=O)C(/C=C3\N(CCCCS(=O)(=O)O)c4ccc(I)cc4C3(C)C)=C2[O-])=[N+](Cc2ccccc2)c2ccccc21,-5.6930184,-6.6049047,-5.5128503,-5.9369244666666665
CC1(C)C(/C=C2/C(=O)C(/C=C3\N(Cc4ccccc4)c4ccccc4C3(C)C)=C2[O-])=[N+](Cc2ccccc2)c2ccccc21,-5.2734413,-6.4585323,-5.7835627,-5.8385121
CC1(C)C(/C=C2/C(=O)C(/C=C3\N(Cc4ccccc4)c4ccc(Br)cc4C3(C)C)=C2[O-])=[N+](Cc2ccccc2)c2ccccc21,-5.3243303,-6.541653,-5.8804736,-5.915485633333333
CC1(C)C(/C=C2/C(=O)C(/C=C3\N(Cc4ccccc4)c4ccc(I)cc4C3(C)C)=C2[O-])=[N+](Cc2ccccc2)c2ccccc21,-5.258725,-6.4144993,-5.7921844,-5.821802900000001
CC1(C)C(/C=C2/C(=O)C(/C=C3\N(Cc4ccsc4)c4ccccc4C3(C)C)=C2[O-])=[N+](Cc2ccccc2)c2ccccc21,-5.270861,-6.4569707,-5.789154,-5.838995233333333
CC1(C)C(/C=C2/C(=O)C(/C=C3\N(Cc4ccsc4)c4ccc(Br)cc4C3(C)C)=C2[O-])=[N+](Cc2ccccc2)c2ccccc21,-5.3156357,-6.5277247,-5.8823915,-5.908583966666666
CC1(C)C(/C=C2/C(=O)C(/C=C3\N(Cc4ccsc4)c4ccc(I)cc4C3(C)C)=C2[O-])=[N+](Cc2ccccc2)c2ccccc21,-5.257398,-6.4108143,-5.797886,-5.822032766666666
CCN1/C(=C\C2=C([O-])/C(=C\C3=[N+](Cc4ccccc4)c4ccc(Br)cc4C3(C)C)C2=O)C(C)(C)c2ccccc21,-5.2374344,-6.388192,-5.826424,-5.817350133333334
CCN1/C(=C\C2=C([O-])/C(=C\C3=[N+](Cc4ccccc4)c4ccc(Br)cc4C3(C)C)C2=O)C(C)(C)c2cc(Br)ccc21,-5.292932,-6.4736767,-5.918739,-5.8951159
CCN1/C(=C\C2=C([O-])/C(=C\C3=[N+](Cc4ccccc4)c4ccc(Br)cc4C3(C)C)C2=O)C(C)(C)c2cc(I)ccc21,-5.221823,-6.3483453,-5.834793,-5.801653766666667
CCCCN1/C(=C\C2=C([O-])/C(=C\C3=[N+](Cc4ccccc4)c4ccc(Br)cc4C3(C)C)C2=O)C(C)(C)c2ccccc21,-5.2212324,-6.334508,-5.821016,-5.792252133333332
CCCCN1/C(=C\C2=C([O-])/C(=C\C3=[N+](Cc4ccccc4)c4ccc(Br)cc4C3(C)C)C2=O)C(C)(C)c2cc(Br)ccc21,-5.2812424,-6.41904,-5.9145813,-5.871621233333333
CCCCN1/C(=C\C2=C([O-])/C(=C\C3=[N+](Cc4ccccc4)c4ccc(Br)cc4C3(C)C)C2=O)C(C)(C)c2cc(I)ccc21,-5.206579,-6.2953615,-5.82659,-5.776176833333333
CC1(C)C(/C=C2/C(=O)C(/C=C3\N(CCCCN)c4ccccc4C3(C)C)=C2[O-])=[N+](Cc2ccccc2)c2ccc(Br)cc21,-5.2850046,-6.525014,-5.990825,-5.933614533333333
CC1(C)C(/C=C2/C(=O)C(/C=C3\N(CCCCN)c4ccc(Br)cc4C3(C)C)=C2[O-])=[N+](Cc2ccccc2)c2ccc(Br)cc21,-5.2947125,-6.5432734,-6.0102825,-5.9494228
CC1(C)C(/C=C2/C(=O)C(/C=C3\N(CCCCN)c4ccc(I)cc4C3(C)C)=C2[O-])=[N+](Cc2ccccc2)c2ccc(Br)cc21,-5.2667246,-6.483615,-5.992357,-5.914232200000001
CC1(C)C(/C=C2/C(=O)C(/C=C3\N(CCCCO)c4ccccc4C3(C)C)=C2[O-])=[N+](Cc2ccccc2)c2ccc(Br)cc21,-5.166472,-6.413946,-5.8545837,-5.811667233333334
CC1(C)C(/C=C2/C(=O)C(/C=C3\N(CCCCO)c4ccc(Br)cc4C3(C)C)=C2[O-])=[N+](Cc2ccccc2)c2ccc(Br)cc21,-5.1997466,-6.4480877,-5.916103,-5.854645766666667
CC1(C)C(/C=C2/C(=O)C(/C=C3\N(CCCCO)c4ccc(I)cc4C3(C)C)=C2[O-])=[N+](Cc2ccccc2)c2ccc(Br)cc21,-5.1355386,-6.3499455,-5.8527384,-5.7794075000000005
CC[N+](CC)(CC)CCCCN1/C(=C\C2=C([O-])/C(=C\C3=[N+](Cc4ccccc4)c4ccc(Br)cc4C3(C)C)C2=O)C(C)(C)c2ccccc21,-5.6255093,-6.6789074,-5.8371215,-6.0471794
CC[N+](CC)(CC)CCCCN1/C(=C\C2=C([O-])/C(=C\C3=[N+](Cc4ccccc4)c4ccc(Br)cc4C3(C)C)C2=O)C(C)(C)c2cc(Br)ccc21,-5.593475,-6.742622,-5.900287,-6.078794666666666
CC[N+](CC)(CC)CCCCN1/C(=C\C2=C([O-])/C(=C\C3=[N+](Cc4ccccc4)c4ccc(Br)cc4C3(C)C)C2=O)C(C)(C)c2cc(I)ccc21,-5.617188,-6.6254396,-5.8265243,-6.023050633333333
CC1(C)C(/C=C2/C(=O)C(/C=C3\N(CCCCS(=O)(=O)O)c4ccccc4C3(C)C)=C2[O-])=[N+](Cc2ccccc2)c2ccc(Br)cc21,-5.7100415,-6.6686974,-5.5647235,-5.981154133333334
CC1(C)C(/C=C2/C(=O)C(/C=C3\N(CCCCS(=O)(=O)O)c4ccc(Br)cc4C3(C)C)=C2[O-])=[N+](Cc2ccccc2)c2ccc(Br)cc21,-5.744731,-6.7004833,-5.63165,-6.025621433333334
CC1(C)C(/C=C2/C(=O)C(/C=C3\N(CCCCS(=O)(=O)O)c4ccc(I)cc4C3(C)C)=C2[O-])=[N+](Cc2ccccc2)c2ccc(Br)cc21,-5.7101088,-6.620208,-5.577564,-5.9692936
CC1(C)C(/C=C2/C(=O)C(/C=C3\N(Cc4ccccc4)c4ccccc4C3(C)C)=C2[O-])=[N+](Cc2ccccc2)c2ccc(Br)cc21,-5.3126965,-6.5271854,-5.8649545,-5.901612133333333
CC1(C)C(/C=C2/C(=O)C(/C=C3\N(Cc4ccccc4)c4ccc(Br)cc4C3(C)C)=C2[O-])=[N+](Cc2ccccc2)c2ccc(Br)cc21,-5.3437767,-6.5708327,-5.9414606,-5.952023333333333
CC1(C)C(/C=C2/C(=O)C(/C=C3\N(Cc4ccccc4)c4ccc(I)cc4C3(C)C)=C2[O-])=[N+](Cc2ccccc2)c2ccc(Br)cc21,-5.29809,-6.480317,-5.8730717,-5.883826233333334
CC1(C)C(/C=C2/C(=O)C(/C=C3\N(Cc4ccsc4)c4ccccc4C3(C)C)=C2[O-])=[N+](Cc2ccccc2)c2ccc(Br)cc21,-5.304932,-6.5137186,-5.8664527,-5.8950344333333335
CC1(C)C(/C=C2/C(=O)C(/C=C3\N(Cc4ccsc4)c4ccc(Br)cc4C3(C)C)=C2[O-])=[N+](Cc2ccccc2)c2ccc(Br)cc21,-5.335195,-6.5592713,-5.941375,-5.945280433333333
CC1(C)C(/C=C2/C(=O)C(/C=C3\N(Cc4ccsc4)c4ccc(I)cc4C3(C)C)=C2[O-])=[N+](Cc2ccccc2)c2ccc(Br)cc21,-5.2885914,-6.4674892,-5.8745294,-5.87687
CCN1/C(=C\C2=C([O-])/C(=C\C3=[N+](Cc4ccccc4)c4ccc(I)cc4C3(C)C)C2=O)C(C)(C)c2ccccc21,-5.1783686,-6.2478566,-5.747115,-5.724446733333334
CCN1/C(=C\C2=C([O-])/C(=C\C3=[N+](Cc4ccccc4)c4ccc(I)cc4C3(C)C)C2=O)C(C)(C)c2cc(Br)ccc21,-5.247467,-6.377155,-5.859472,-5.828031333333333
CCN1/C(=C\C2=C([O-])/C(=C\C3=[N+](Cc4ccccc4)c4ccc(I)cc4C3(C)C)C2=O)C(C)(C)c2cc(I)ccc21,-5.1568265,-6.2029495,-5.7517476,-5.703841199999999
CCCCN1/C(=C\C2=C([O-])/C(=C\C3=[N+](Cc4ccccc4)c4ccc(I)cc4C3(C)C)C2=O)C(C)(C)c2ccccc21,-5.16347,-6.1993513,-5.7436604,-5.702160566666667
CCCCN1/C(=C\C2=C([O-])/C(=C\C3=[N+](Cc4ccccc4)c4ccc(I)cc4C3(C)C)C2=O)C(C)(C)c2cc(Br)ccc21,-5.2322087,-6.320249,-5.849148,-5.800535233333332
CCCCN1/C(=C\C2=C([O-])/C(=C\C3=[N+](Cc4ccccc4)c4ccc(I)cc4C3(C)C)C2=O)C(C)(C)c2cc(I)ccc21,-5.1389914,-6.147627,-5.7420774,-5.676231933333334
CC1(C)C(/C=C2/C(=O)C(/C=C3\N(CCCCN)c4ccccc4C3(C)C)=C2[O-])=[N+](Cc2ccccc2)c2ccc(I)cc21,-5.2629223,-6.463357,-5.9648094,-5.897029566666667
CC1(C)C(/C=C2/C(=O)C(/C=C3\N(CCCCN)c4ccc(Br)cc4C3(C)C)=C2[O-])=[N+](Cc2ccccc2)c2ccc(I)cc21,-5.2749906,-6.4816256,-5.9902964,-5.915637533333334
CC1(C)C(/C=C2/C(=O)C(/C=C3\N(CCCCN)c4ccc(I)cc4C3(C)C)=C2[O-])=[N+](Cc2ccccc2)c2ccc(I)cc21,-5.2422256,-6.420824,-5.967315,-5.8767882
CC1(C)C(/C=C2/C(=O)C(/C=C3\N(CCCCO)c4ccccc4C3(C)C)=C2[O-])=[N+](Cc2ccccc2)c2ccc(I)cc21,-5.0855265,-6.280573,-5.778907,-5.715002166666667
CC1(C)C(/C=C2/C(=O)C(/C=C3\N(CCCCO)c4ccc(Br)cc4C3(C)C)=C2[O-])=[N+](Cc2ccccc2)c2ccc(I)cc21,-5.1514297,-6.3637247,-5.870023,-5.795059133333333
CC1(C)C(/C=C2/C(=O)C(/C=C3\N(CCCCO)c4ccc(I)cc4C3(C)C)=C2[O-])=[N+](Cc2ccccc2)c2ccc(I)cc21,-5.0547943,-6.221773,-5.779657,-5.6854081
CC[N+](CC)(CC)CCCCN1/C(=C\C2=C([O-])/C(=C\C3=[N+](Cc4ccccc4)c4ccc(I)cc4C3(C)C)C2=O)C(C)(C)c2ccccc21,-5.6380186,-6.563774,-5.774518,-5.992103533333334
CC[N+](CC)(CC)CCCCN1/C(=C\C2=C([O-])/C(=C\C3=[N+](Cc4ccccc4)c4ccc(I)cc4C3(C)C)C2=O)C(C)(C)c2cc(Br)ccc21,-5.615155,-6.649628,-5.844183,-6.036321999999999
CC[N+](CC)(CC)CCCCN1/C(=C\C2=C([O-])/C(=C\C3=[N+](Cc4ccccc4)c4ccc(I)cc4C3(C)C)C2=O)C(C)(C)c2cc(I)ccc21,-5.6278367,-6.511589,-5.7643085,-5.967911400000001
CC1(C)C(/C=C2/C(=O)C(/C=C3\N(CCCCS(=O)(=O)O)c4ccccc4C3(C)C)=C2[O-])=[N+](Cc2ccccc2)c2ccc(I)cc21,-5.6978803,-6.6002274,-5.5141788,-5.937428833333333
CC1(C)C(/C=C2/C(=O)C(/C=C3\N(CCCCS(=O)(=O)O)c4ccc(Br)cc4C3(C)C)=C2[O-])=[N+](Cc2ccccc2)c2ccc(I)cc21,-5.7259226,-6.634065,-5.587789,-5.9825922
CC1(C)C(/C=C2/C(=O)C(/C=C3\N(CCCCS(=O)(=O)O)c4ccc(I)cc4C3(C)C)=C2[O-])=[N+](Cc2ccccc2)c2ccc(I)cc21,-5.6979356,-6.5532465,-5.5281777,-5.926453266666667
CC1(C)C(/C=C2/C(=O)C(/C=C3\N(Cc4ccccc4)c4ccccc4C3(C)C)=C2[O-])=[N+](Cc2ccccc2)c2ccc(I)cc21,-5.26301,-6.4112935,-5.7894993,-5.8212676
CC1(C)C(/C=C2/C(=O)C(/C=C3\N(Cc4ccccc4)c4ccc(Br)cc4C3(C)C)=C2[O-])=[N+](Cc2ccccc2)c2ccc(I)cc21,-5.3118587,-6.4904613,-5.8863535,-5.8962245
CC1(C)C(/C=C2/C(=O)C(/C=C3\N(Cc4ccccc4)c4ccc(I)cc4C3(C)C)=C2[O-])=[N+](Cc2ccccc2)c2ccc(I)cc21,-5.2475905,-6.362505,-5.7973757,-5.8024904
CC1(C)C(/C=C2/C(=O)C(/C=C3\N(Cc4ccsc4)c4ccccc4C3(C)C)=C2[O-])=[N+](Cc2ccccc2)c2ccc(I)cc21,-5.2615085,-6.4069967,-5.794902,-5.821135733333333
CC1(C)C(/C=C2/C(=O)C(/C=C3\N(Cc4ccsc4)c4ccc(Br)cc4C3(C)C)=C2[O-])=[N+](Cc2ccccc2)c2ccc(I)cc21,-5.3018923,-6.4773374,-5.887204,-5.888811233333333
CC1(C)C(/C=C2/C(=O)C(/C=C3\N(Cc4ccsc4)c4ccc(I)cc4C3(C)C)=C2[O-])=[N+](Cc2ccccc2)c2ccc(I)cc21,-5.242414,-6.3603935,-5.8027177,-5.801841733333333
CCN1/C(=C\C2=C([O-])/C(=C\C3=[N+](Cc4ccsc4)c4ccccc4C3(C)C)C2=O)C(C)(C)c2ccccc21,-5.185821,-6.2919765,-5.7371383,-5.738311933333333
CCN1/C(=C\C2=C([O-])/C(=C\C3=[N+](Cc4ccsc4)c4ccccc4C3(C)C)C2=O)C(C)(C)c2cc(Br)ccc21,-5.2567234,-6.4163632,-5.8491287,-5.840738433333333
CCN1/C(=C\C2=C([O-])/C(=C\C3=[N+](Cc4ccsc4)c4ccccc4C3(C)C)C2=O)C(C)(C)c2cc(I)ccc21,-5.1648088,-6.2448597,-5.7418804,-5.717182966666667
CCCCN1/C(=C\C2=C([O-])/C(=C\C3=[N+](Cc4ccsc4)c4ccccc4C3(C)C)C2=O)C(C)(C)c2ccccc21,-5.169311,-6.239367,-5.7327814,-5.7138198000000004
CCCCN1/C(=C\C2=C([O-])/C(=C\C3=[N+](Cc4ccsc4)c4ccccc4C3(C)C)C2=O)C(C)(C)c2cc(Br)ccc21,-5.2399244,-6.3573823,-5.838371,-5.811892566666667
CCCCN1/C(=C\C2=C([O-])/C(=C\C3=[N+](Cc4ccsc4)c4ccccc4C3(C)C)C2=O)C(C)(C)c2cc(I)ccc21,-5.1452494,-6.1886005,-5.7331686,-5.689006166666666
CC1(C)C(/C=C2/C(=O)C(/C=C3\N(CCCCN)c4ccccc4C3(C)C)=C2[O-])=[N+](Cc2ccsc2)c2ccccc21,-5.267069,-6.497958,-5.949342,-5.904789666666666
CC1(C)C(/C=C2/C(=O)C(/C=C3\N(CCCCN)c4ccc(Br)cc4C3(C)C)=C2[O-])=[N+](Cc2ccsc2)c2ccccc21,-5.283393,-6.519739,-5.9779644,-5.927032133333334
CC1(C)C(/C=C2/C(=O)C(/C=C3\N(CCCCN)c4ccc(I)cc4C3(C)C)=C2[O-])=[N+](Cc2ccsc2)c2ccccc21,-5.2487006,-6.457333,-5.9531384,-5.886390666666667
CC1(C)C(/C=C2/C(=O)C(/C=C3\N(CCCCO)c4ccccc4C3(C)C)=C2[O-])=[N+](Cc2ccsc2)c2ccccc21,-5.09965,-6.3302565,-5.7645807,-5.7314957333333325
CC1(C)C(/C=C2/C(=O)C(/C=C3\N(CCCCO)c4ccc(Br)cc4C3(C)C)=C2[O-])=[N+](Cc2ccsc2)c2ccccc21,-5.160821,-6.4063544,-5.8566556,-5.807943666666667
CC1(C)C(/C=C2/C(=O)C(/C=C3\N(CCCCO)c4ccc(I)cc4C3(C)C)=C2[O-])=[N+](Cc2ccsc2)c2ccccc21,-5.0705404,-6.2692394,-5.7642756,-5.7013518
CC[N+](CC)(CC)CCCCN1/C(=C\C2=C([O-])/C(=C\C3=[N+](Cc4ccsc4)c4ccccc4C3(C)C)C2=O)C(C)(C)c2ccccc21,-5.6371756,-6.585681,-5.7737355,-5.998864033333334
CC[N+](CC)(CC)CCCCN1/C(=C\C2=C([O-])/C(=C\C3=[N+](Cc4ccsc4)c4ccccc4C3(C)C)C2=O)C(C)(C)c2cc(Br)ccc21,-5.6104946,-6.6643295,-5.8430634,-6.039295833333334
CC[N+](CC)(CC)CCCCN1/C(=C\C2=C([O-])/C(=C\C3=[N+](Cc4ccsc4)c4ccccc4C3(C)C)C2=O)C(C)(C)c2cc(I)ccc21,-5.625892,-6.5301733,-5.7630806,-5.973048633333335
CC1(C)C(/C=C2/C(=O)C(/C=C3\N(CCCCS(=O)(=O)O)c4ccccc4C3(C)C)=C2[O-])=[N+](Cc2ccsc2)c2ccccc21,-5.7072473,-6.651895,-5.5016875,-5.9536099333333325
CC1(C)C(/C=C2/C(=O)C(/C=C3\N(CCCCS(=O)(=O)O)c4ccc(Br)cc4C3(C)C)=C2[O-])=[N+](Cc2ccsc2)c2ccccc21,-5.729477,-6.6832705,-5.575081,-5.995942833333333
CC1(C)C(/C=C2/C(=O)C(/C=C3\N(CCCCS(=O)(=O)O)c4ccc(I)cc4C3(C)C)=C2[O-])=[N+](Cc2ccsc2)c2ccccc21,-5.702503,-6.6037436,-5.515156,-5.940467533333333
CC1(C)C(/C=C2/C(=O)C(/C=C3\N(Cc4ccccc4)c4ccccc4C3(C)C)=C2[O-])=[N+](Cc2ccsc2)c2ccccc21,-5.2697706,-6.453466,-5.782509,-5.835248533333334
CC1(C)C(/C=C2/C(=O)C(/C=C3\N(Cc4ccccc4)c4ccc(Br)cc4C3(C)C)=C2[O-])=[N+](Cc2ccsc2)c2ccccc21,-5.3161607,-6.527666,-5.8771896,-5.907005433333334
CC1(C)C(/C=C2/C(=O)C(/C=C3\N(Cc4ccccc4)c4ccc(I)cc4C3(C)C)=C2[O-])=[N+](Cc2ccsc2)c2ccccc21,-5.256087,-6.406888,-5.790825,-5.817933333333333
CC1(C)C(/C=C2/C(=O)C(/C=C3\N(Cc4ccsc4)c4ccccc4C3(C)C)=C2[O-])=[N+](Cc2ccsc2)c2ccccc21,-5.2685027,-6.4487863,-5.7872844,-5.834857800000001
CC1(C)C(/C=C2/C(=O)C(/C=C3\N(Cc4ccsc4)c4ccc(Br)cc4C3(C)C)=C2[O-])=[N+](Cc2ccsc2)c2ccccc21,-5.308659,-6.5151415,-5.878291,-5.900697166666667
CC1(C)C(/C=C2/C(=O)C(/C=C3\N(Cc4ccsc4)c4ccc(I)cc4C3(C)C)=C2[O-])=[N+](Cc2ccsc2)c2ccccc21,-5.247667,-6.396809,-5.791765,-5.812080333333334
CCN1/C(=C\C2=C([O-])/C(=C\C3=[N+](Cc4ccsc4)c4ccc(Br)cc4C3(C)C)C2=O)C(C)(C)c2ccccc21,-5.2360296,-6.389582,-5.823674,-5.816428533333333
CCN1/C(=C\C2=C([O-])/C(=C\C3=[N+](Cc4ccsc4)c4ccc(Br)cc4C3(C)C)C2=O)C(C)(C)c2cc(Br)ccc21,-5.28491,-6.4712467,-5.913236,-5.889797566666666
CCN1/C(=C\C2=C([O-])/C(=C\C3=[N+](Cc4ccsc4)c4ccc(Br)cc4C3(C)C)C2=O)C(C)(C)c2cc(I)ccc21,-5.213715,-6.3424473,-5.828631,-5.7949310999999994
CCCCN1/C(=C\C2=C([O-])/C(=C\C3=[N+](Cc4ccsc4)c4ccc(Br)cc4C3(C)C)C2=O)C(C)(C)c2ccccc21,-5.2176957,-6.3323274,-5.8170686,-5.789030566666667
CCCCN1/C(=C\C2=C([O-])/C(=C\C3=[N+](Cc4ccsc4)c4ccc(Br)cc4C3(C)C)C2=O)C(C)(C)c2cc(Br)ccc21,-5.271088,-6.4142094,-5.906149,-5.863815466666666
CCCCN1/C(=C\C2=C([O-])/C(=C\C3=[N+](Cc4ccsc4)c4ccc(Br)cc4C3(C)C)C2=O)C(C)(C)c2cc(I)ccc21,-5.1958723,-6.287202,-5.818186,-5.767086766666666
CC1(C)C(/C=C2/C(=O)C(/C=C3\N(CCCCN)c4ccccc4C3(C)C)=C2[O-])=[N+](Cc2ccsc2)c2ccc(Br)cc21,-5.2745957,-6.516239,-5.9789453,-5.92326
CC1(C)C(/C=C2/C(=O)C(/C=C3\N(CCCCN)c4ccc(Br)cc4C3(C)C)=C2[O-])=[N+](Cc2ccsc2)c2ccc(Br)cc21,-5.292416,-6.539961,-6.000928,-5.944435000000001
CC1(C)C(/C=C2/C(=O)C(/C=C3\N(CCCCN)c4ccc(I)cc4C3(C)C)=C2[O-])=[N+](Cc2ccsc2)c2ccc(Br)cc21,-5.255875,-6.476349,-5.9810343,-5.9044194333333335
CC1(C)C(/C=C2/C(=O)C(/C=C3\N(CCCCO)c4ccccc4C3(C)C)=C2[O-])=[N+](Cc2ccsc2)c2ccc(Br)cc21,-5.1460023,-6.385253,-5.8387337,-5.789996333333334
CC1(C)C(/C=C2/C(=O)C(/C=C3\N(CCCCO)c4ccc(Br)cc4C3(C)C)=C2[O-])=[N+](Cc2ccsc2)c2ccc(Br)cc21,-5.2090306,-6.4436965,-5.9073834,-5.853370166666667
CC1(C)C(/C=C2/C(=O)C(/C=C3\N(CCCCO)c4ccc(I)cc4C3(C)C)=C2[O-])=[N+](Cc2ccsc2)c2ccc(Br)cc21,-5.1140804,-6.32639,-5.8356094,-5.758693266666666
CC[N+](CC)(CC)CCCCN1/C(=C\C2=C([O-])/C(=C\C3=[N+](Cc4ccsc4)c4ccc(Br)cc4C3(C)C)C2=O)C(C)(C)c2ccccc21,-5.6153,-6.6375012,-5.8234406,-6.025413933333333
CC[N+](CC)(CC)CCCCN1/C(=C\C2=C([O-])/C(=C\C3=[N+](Cc4ccsc4)c4ccc(Br)cc4C3(C)C)C2=O)C(C)(C)c2cc(Br)ccc21,-5.585946,-6.7038803,-5.886651,-6.058825766666666
CC[N+](CC)(CC)CCCCN1/C(=C\C2=C([O-])/C(=C\C3=[N+](Cc4ccsc4)c4ccc(Br)cc4C3(C)C)C2=O)C(C)(C)c2cc(I)ccc21,-5.607453,-6.58347,-5.8120236,-6.0009822
CC1(C)C(/C=C2/C(=O)C(/C=C3\N(CCCCS(=O)(=O)O)c4ccccc4C3(C)C)=C2[O-])=[N+](Cc2ccsc2)c2ccc(Br)cc21,-5.7162504,-6.6641855,-5.566414,-5.9822833
CC1(C)C(/C=C2/C(=O)C(/C=C3\N(CCCCS(=O)(=O)O)c4ccc(Br)cc4C3(C)C)=C2[O-])=[N+](Cc2ccsc2)c2ccc(Br)cc21,-5.7556396,-6.695381,-5.6305737,-6.0271981
CC1(C)C(/C=C2/C(=O)C(/C=C3\N(CCCCS(=O)(=O)O)c4ccc(I)cc4C3(C)C)=C2[O-])=[N+](Cc2ccsc2)c2ccc(Br)cc21,-5.716736,-6.617908,-5.5781446,-5.970929533333333
CC1(C)C(/C=C2/C(=O)C(/C=C3\N(Cc4ccccc4)c4ccccc4C3(C)C)=C2[O-])=[N+](Cc2ccsc2)c2ccc(Br)cc21,-5.305064,-6.513461,-5.860997,-5.893174000000001
CC1(C)C(/C=C2/C(=O)C(/C=C3\N(Cc4ccccc4)c4ccc(Br)cc4C3(C)C)=C2[O-])=[N+](Cc2ccsc2)c2ccc(Br)cc21,-5.336473,-6.5601125,-5.9364696,-5.9443516999999995
CC1(C)C(/C=C2/C(=O)C(/C=C3\N(Cc4ccccc4)c4ccc(I)cc4C3(C)C)=C2[O-])=[N+](Cc2ccsc2)c2ccc(Br)cc21,-5.2890735,-6.466816,-5.8692646,-5.875051366666667
CC1(C)C(/C=C2/C(=O)C(/C=C3\N(Cc4ccsc4)c4ccccc4C3(C)C)=C2[O-])=[N+](Cc2ccsc2)c2ccc(Br)cc21,-5.298061,-6.4999537,-5.8626294,-5.886881366666667
CC1(C)C(/C=C2/C(=O)C(/C=C3\N(Cc4ccsc4)c4ccc(Br)cc4C3(C)C)=C2[O-])=[N+](Cc2ccsc2)c2ccc(Br)cc21,-5.3256683,-6.5526433,-5.934717,-5.937676199999999
CC1(C)C(/C=C2/C(=O)C(/C=C3\N(Cc4ccsc4)c4ccc(I)cc4C3(C)C)=C2[O-])=[N+](Cc2ccsc2)c2ccc(Br)cc21,-5.274886,-6.4547906,-5.8674116,-5.8656960666666675
CCN1/C(=C\C2=C([O-])/C(=C\C3=[N+](Cc4ccsc4)c4ccc(I)cc4C3(C)C)C2=O)C(C)(C)c2ccccc21,-5.1677556,-6.241316,-5.739744,-5.716271866666666
CCN1/C(=C\C2=C([O-])/C(=C\C3=[N+](Cc4ccsc4)c4ccc(I)cc4C3(C)C)C2=O)C(C)(C)c2cc(Br)ccc21,-5.2393413,-6.370294,-5.8521514,-5.820595566666667
CCN1/C(=C\C2=C([O-])/C(=C\C3=[N+](Cc4ccsc4)c4ccc(I)cc4C3(C)C)C2=O)C(C)(C)c2cc(I)ccc21,-5.1403613,-6.1910043,-5.742261,-5.691208866666667
CCCCN1/C(=C\C2=C([O-])/C(=C\C3=[N+](Cc4ccsc4)c4ccc(I)cc4C3(C)C)C2=O)C(C)(C)c2ccccc21,-5.147587,-6.185796,-5.7335362,-5.688973066666667
CCCCN1/C(=C\C2=C([O-])/C(=C\C3=[N+](Cc4ccsc4)c4ccc(I)cc4C3(C)C)C2=O)C(C)(C)c2cc(Br)ccc21,-5.222056,-6.3107777,-5.83995,-5.7909279
CCCCN1/C(=C\C2=C([O-])/C(=C\C3=[N+](Cc4ccsc4)c4ccc(I)cc4C3(C)C)C2=O)C(C)(C)c2cc(I)ccc21,-5.1189113,-6.130136,-5.729233,-5.659426766666667
CC1(C)C(/C=C2/C(=O)C(/C=C3\N(CCCCN)c4ccccc4C3(C)C)=C2[O-])=[N+](Cc2ccsc2)c2ccc(I)cc21,-5.250266,-6.4554687,-5.9535694,-5.8864347
CC1(C)C(/C=C2/C(=O)C(/C=C3\N(CCCCN)c4ccc(Br)cc4C3(C)C)=C2[O-])=[N+](Cc2ccsc2)c2ccc(I)cc21,-5.2648077,-6.47579,-5.9795384,-5.906712033333334
CC1(C)C(/C=C2/C(=O)C(/C=C3\N(CCCCN)c4ccc(I)cc4C3(C)C)=C2[O-])=[N+](Cc2ccsc2)c2ccc(I)cc21,-5.2265487,-6.411845,-5.954809,-5.8644009
CC1(C)C(/C=C2/C(=O)C(/C=C3\N(CCCCO)c4ccccc4C3(C)C)=C2[O-])=[N+](Cc2ccsc2)c2ccc(I)cc21,-5.071405,-6.265357,-5.7648783,-5.700546766666666
CC1(C)C(/C=C2/C(=O)C(/C=C3\N(CCCCO)c4ccc(Br)cc4C3(C)C)=C2[O-])=[N+](Cc2ccsc2)c2ccc(I)cc21,-5.1322985,-6.343194,-5.8545413,-5.7766779333333345
CC1(C)C(/C=C2/C(=O)C(/C=C3\N(CCCCO)c4ccc(I)cc4C3(C)C)=C2[O-])=[N+](Cc2ccsc2)c2ccc(I)cc21,-5.0353675,-6.2022424,-5.7599444,-5.665851433333334
CC[N+](CC)(CC)CCCCN1/C(=C\C2=C([O-])/C(=C\C3=[N+](Cc4ccsc4)c4ccc(I)cc4C3(C)C)C2=O)C(C)(C)c2ccccc21,-5.6271954,-6.525344,-5.7610326,-5.971190666666666
CC[N+](CC)(CC)CCCCN1/C(=C\C2=C([O-])/C(=C\C3=[N+](Cc4ccsc4)c4ccc(I)cc4C3(C)C)C2=O)C(C)(C)c2cc(Br)ccc21,-5.6043563,-6.609811,-5.830702,-6.0149564333333325
CC[N+](CC)(CC)CCCCN1/C(=C\C2=C([O-])/C(=C\C3=[N+](Cc4ccsc4)c4ccc(I)cc4C3(C)C)C2=O)C(C)(C)c2cc(I)ccc21,-5.6172705,-6.4724326,-5.750178,-5.946627033333333
CC1(C)C(/C=C2/C(=O)C(/C=C3\N(CCCCS(=O)(=O)O)c4ccccc4C3(C)C)=C2[O-])=[N+](Cc2ccsc2)c2ccc(I)cc21,-5.705753,-6.5984154,-5.5165567,-5.9402417000000005
CC1(C)C(/C=C2/C(=O)C(/C=C3\N(CCCCS(=O)(=O)O)c4ccc(Br)cc4C3(C)C)=C2[O-])=[N+](Cc2ccsc2)c2ccc(I)cc21,-5.7327323,-6.6312666,-5.587532,-5.983843633333334
CC1(C)C(/C=C2/C(=O)C(/C=C3\N(CCCCS(=O)(=O)O)c4ccc(I)cc4C3(C)C)=C2[O-])=[N+](Cc2ccsc2)c2ccc(I)cc21,-5.702906,-6.5492754,-5.529848,-5.927343133333333
CC1(C)C(/C=C2/C(=O)C(/C=C3\N(Cc4ccccc4)c4ccccc4C3(C)C)=C2[O-])=[N+](Cc2ccsc2)c2ccc(I)cc21,-5.260226,-6.403075,-5.787877,-5.817059333333333
CC1(C)C(/C=C2/C(=O)C(/C=C3\N(Cc4ccccc4)c4ccc(Br)cc4C3(C)C)=C2[O-])=[N+](Cc2ccsc2)c2ccc(I)cc21,-5.3024497,-6.476726,-5.8821015,-5.8870924
CC1(C)C(/C=C2/C(=O)C(/C=C3\N(Cc4ccccc4)c4ccc(I)cc4C3(C)C)=C2[O-])=[N+](Cc2ccsc2)c2ccc(I)cc21,-5.2410054,-6.3559446,-5.7951097,-5.797353233333333
CC1(C)C(/C=C2/C(=O)C(/C=C3\N(Cc4ccsc4)c4ccccc4C3(C)C)=C2[O-])=[N+](Cc2ccsc2)c2ccc(I)cc21,-5.252231,-6.394175,-5.7891455,-5.811850499999999
CC1(C)C(/C=C2/C(=O)C(/C=C3\N(Cc4ccsc4)c4ccc(Br)cc4C3(C)C)=C2[O-])=[N+](Cc2ccsc2)c2ccc(I)cc21,-5.29133,-6.469008,-5.8816667,-5.880668233333334
CC1(C)C(/C=C2/C(=O)C(/C=C3\N(Cc4ccsc4)c4ccc(I)cc4C3(C)C)=C2[O-])=[N+](Cc2ccsc2)c2ccc(I)cc21,-5.227874,-6.3452783,-5.7947593,-5.789303866666667
CCN1/C(=C/C2=C(O)/C(=C/c3[se]c4ccccc4[n+]3CC)C2=O)[Se]c2ccccc21,-5.7641187,-6.894605,-5.6599603,-6.106227999999999
CCN1/C(=C/C2=C(O)/C(=C/c3[se]c4ccccc4[n+]3CC)C2=O)[Se]c2cc(Br)ccc21,-5.7136765,-6.923123,-5.726138,-6.120979166666667
CCN1/C(=C/C2=C(O)/C(=C/c3[se]c4ccccc4[n+]3CC)C2=O)[Se]c2cc(I)ccc21,-5.7474995,-6.8021603,-5.6585126,-6.069390800000001
CCCCN1/C(=C/C2=C(O)/C(=C/c3[se]c4ccccc4[n+]3CC)C2=O)[Se]c2ccccc21,-5.7667418,-6.868937,-5.648615,-6.0947646
CCCCN1/C(=C/C2=C(O)/C(=C/c3[se]c4ccccc4[n+]3CC)C2=O)[Se]c2cc(Br)ccc21,-5.716103,-6.902001,-5.714365,-6.110823
CCCCN1/C(=C/C2=C(O)/C(=C/c3[se]c4ccccc4[n+]3CC)C2=O)[Se]c2cc(I)ccc21,-5.74907,-6.7831445,-5.648886,-6.060366833333333
CC[n+]1c(/C=C2\C(=O)C(/C=C3\[Se]c4ccccc4N3CCCCN)=C2O)[se]c2ccccc21,-5.658673,-7.2545285,-5.902596,-6.271932499999999
CC[n+]1c(/C=C2\C(=O)C(/C=C3\[Se]c4cc(Br)ccc4N3CCCCN)=C2O)[se]c2ccccc21,-5.614067,-7.3039484,-5.978362,-6.298792466666668
CC[n+]1c(/C=C2\C(=O)C(/C=C3\[Se]c4cc(I)ccc4N3CCCCN)=C2O)[se]c2ccccc21,-5.6410275,-7.1574826,-5.895244,-6.231251366666666
CC[n+]1c(/C=C2\C(=O)C(/C=C3\[Se]c4ccccc4N3CCCCO)=C2O)[se]c2ccccc21,-5.7252192,-7.064251,-5.7019033,-6.163791166666667
CC[n+]1c(/C=C2\C(=O)C(/C=C3\[Se]c4cc(Br)ccc4N3CCCCO)=C2O)[se]c2ccccc21,-5.6825185,-7.0999436,-5.7685723,-6.183678133333333
CC[n+]1c(/C=C2\C(=O)C(/C=C3\[Se]c4cc(I)ccc4N3CCCCO)=C2O)[se]c2ccccc21,-5.7076926,-6.97482,-5.700258,-6.1275902
CC[n+]1c(/C=C2\C(=O)C(/C=C3\[Se]c4ccccc4N3CCCC[N+](CC)(CC)CC)=C2O)[se]c2ccccc21,-6.0299606,-7.49264,-5.9059234,-6.476174666666666
CC[n+]1c(/C=C2\C(=O)C(/C=C3\[Se]c4cc(Br)ccc4N3CCCC[N+](CC)(CC)CC)=C2O)[se]c2ccccc21,-5.966379,-7.557925,-5.993435,-6.505913
CC[n+]1c(/C=C2\C(=O)C(/C=C3\[Se]c4cc(I)ccc4N3CCCC[N+](CC)(CC)CC)=C2O)[se]c2ccccc21,-6.008957,-7.398856,-5.901002,-6.436271666666667
CC[n+]1c(/C=C2\C(=O)C(/C=C3\[Se]c4ccccc4N3CCCCS(=O)(=O)O)=C2O)[se]c2ccccc21,-6.006243,-7.6202316,-5.5837903,-6.403421633333334
CC[n+]1c(/C=C2\C(=O)C(/C=C3\[Se]c4cc(Br)ccc4N3CCCCS(=O)(=O)O)=C2O)[se]c2ccccc21,-5.957107,-7.6463614,-5.6516175,-6.418361966666667
CC[n+]1c(/C=C2\C(=O)C(/C=C3\[Se]c4cc(I)ccc4N3CCCCS(=O)(=O)O)=C2O)[se]c2ccccc21,-5.9915156,-7.525197,-5.582057,-6.366256533333334
CC[n+]1c(/C=C2\C(=O)C(/C=C3\[Se]c4ccccc4N3Cc3ccccc3)=C2O)[se]c2ccccc21,-5.7444744,-7.1631474,-5.7339487,-6.213856833333334
CC[n+]1c(/C=C2\C(=O)C(/C=C3\[Se]c4cc(Br)ccc4N3Cc3ccccc3)=C2O)[se]c2ccccc21,-5.6973047,-7.190942,-5.800951,-6.229732566666667
CC[n+]1c(/C=C2\C(=O)C(/C=C3\[Se]c4cc(I)ccc4N3Cc3ccccc3)=C2O)[se]c2ccccc21,-5.727154,-7.0671883,-5.731397,-6.175246433333334
CC[n+]1c(/C=C2\C(=O)C(/C=C3\[Se]c4ccccc4N3Cc3ccsc3)=C2O)[se]c2ccccc21,-5.741233,-7.108329,-5.7238965,-6.191152833333334
CC[n+]1c(/C=C2\C(=O)C(/C=C3\[Se]c4cc(Br)ccc4N3Cc3ccsc3)=C2O)[se]c2ccccc21,-5.6948414,-7.1375976,-5.7898154,-6.207418133333334
CC[n+]1c(/C=C2\C(=O)C(/C=C3\[Se]c4cc(I)ccc4N3Cc3ccsc3)=C2O)[se]c2ccccc21,-5.7234364,-7.012166,-5.7216406,-6.152414333333333
CCN1/C(=C/C2=C(O)/C(=C/c3[se]c4cc(Br)ccc4[n+]3CC)C2=O)[Se]c2ccccc21,-5.714978,-6.9524193,-5.728903,-6.1321001
CCN1/C(=C/C2=C(O)/C(=C/c3[se]c4cc(Br)ccc4[n+]3CC)C2=O)[Se]c2cc(Br)ccc21,-5.672743,-6.980068,-5.791391,-6.1480673333333336
CCN1/C(=C/C2=C(O)/C(=C/c3[se]c4cc(Br)ccc4[n+]3CC)C2=O)[Se]c2cc(I)ccc21,-5.6971087,-6.858772,-5.725797,-6.093892566666667
CCCCN1/C(=C/C2=C(O)/C(=C/c3[se]c4cc(Br)ccc4[n+]3CC)C2=O)[Se]c2ccccc21,-5.7169523,-6.9235387,-5.716782,-6.119091
CCCCN1/C(=C/C2=C(O)/C(=C/c3[se]c4cc(Br)ccc4[n+]3CC)C2=O)[Se]c2cc(Br)ccc21,-5.6752396,-6.9580755,-5.779306,-6.137540366666667
CCCCN1/C(=C/C2=C(O)/C(=C/c3[se]c4cc(Br)ccc4[n+]3CC)C2=O)[Se]c2cc(I)ccc21,-5.700072,-6.839266,-5.7147493,-6.084695766666667
CC[n+]1c(/C=C2\C(=O)C(/C=C3\[Se]c4ccccc4N3CCCCN)=C2O)[se]c2cc(Br)ccc21,-5.614828,-7.328388,-5.9823637,-6.308526566666667
CC[n+]1c(/C=C2\C(=O)C(/C=C3\[Se]c4cc(Br)ccc4N3CCCCN)=C2O)[se]c2cc(Br)ccc21,-5.574479,-7.369418,-6.05067,-6.331522333333333
CC[n+]1c(/C=C2\C(=O)C(/C=C3\[Se]c4cc(I)ccc4N3CCCCN)=C2O)[se]c2cc(Br)ccc21,-5.6008925,-7.231658,-5.971817,-6.2681225
CC[n+]1c(/C=C2\C(=O)C(/C=C3\[Se]c4ccccc4N3CCCCO)=C2O)[se]c2cc(Br)ccc21,-5.682507,-7.123649,-5.771993,-6.192716333333334
CC[n+]1c(/C=C2\C(=O)C(/C=C3\[Se]c4cc(Br)ccc4N3CCCCO)=C2O)[se]c2cc(Br)ccc21,-5.63781,-7.1637416,-5.8340774,-6.2118763333333336
CC[n+]1c(/C=C2\C(=O)C(/C=C3\[Se]c4cc(I)ccc4N3CCCCO)=C2O)[se]c2cc(Br)ccc21,-5.666167,-7.033471,-5.767725,-6.155787666666666
CC[n+]1c(/C=C2\C(=O)C(/C=C3\[Se]c4ccccc4N3CCCC[N+](CC)(CC)CC)=C2O)[se]c2cc(Br)ccc21,-5.9698834,-7.579933,-5.9957848,-6.5152004
CC[n+]1c(/C=C2\C(=O)C(/C=C3\[Se]c4cc(Br)ccc4N3CCCC[N+](CC)(CC)CC)=C2O)[se]c2cc(Br)ccc21,-5.9050827,-7.6413383,-6.080516,-6.542312333333334
CC[n+]1c(/C=C2\C(=O)C(/C=C3\[Se]c4cc(I)ccc4N3CCCC[N+](CC)(CC)CC)=C2O)[se]c2cc(Br)ccc21,-5.9500914,-7.488282,-5.9893923,-6.4759218999999995
CC[n+]1c(/C=C2\C(=O)C(/C=C3\[Se]c4ccccc4N3CCCCS(=O)(=O)O)=C2O)[se]c2cc(Br)ccc21,-5.959204,-7.669075,-5.6531434,-6.4271408
CC[n+]1c(/C=C2\C(=O)C(/C=C3\[Se]c4cc(Br)ccc4N3CCCCS(=O)(=O)O)=C2O)[se]c2cc(Br)ccc21,-5.909208,-7.7024646,-5.7250304,-6.445567666666666
CC[n+]1c(/C=C2\C(=O)C(/C=C3\[Se]c4cc(I)ccc4N3CCCCS(=O)(=O)O)=C2O)[se]c2cc(Br)ccc21,-5.947824,-7.5800185,-5.6490955,-6.392312666666666
CC[n+]1c(/C=C2\C(=O)C(/C=C3\[Se]c4ccccc4N3Cc3ccccc3)=C2O)[se]c2cc(Br)ccc21,-5.6985297,-7.2217927,-5.8043303,-6.2415509
CC[n+]1c(/C=C2\C(=O)C(/C=C3\[Se]c4cc(Br)ccc4N3Cc3ccccc3)=C2O)[se]c2cc(Br)ccc21,-5.656344,-7.2496386,-5.8661065,-6.257363033333333
CC[n+]1c(/C=C2\C(=O)C(/C=C3\[Se]c4cc(I)ccc4N3Cc3ccccc3)=C2O)[se]c2cc(Br)ccc21,-5.680634,-7.1262336,-5.8004622,-6.202443266666667
CC[n+]1c(/C=C2\C(=O)C(/C=C3\[Se]c4ccccc4N3Cc3ccsc3)=C2O)[se]c2cc(Br)ccc21,-5.695145,-7.1675687,-5.7935596,-6.218757766666667
CC[n+]1c(/C=C2\C(=O)C(/C=C3\[Se]c4cc(Br)ccc4N3Cc3ccsc3)=C2O)[se]c2cc(Br)ccc21,-5.6551037,-7.192882,-5.8531938,-6.2337264999999995
CC[n+]1c(/C=C2\C(=O)C(/C=C3\[Se]c4cc(I)ccc4N3Cc3ccsc3)=C2O)[se]c2cc(Br)ccc21,-5.6792502,-7.0715146,-5.788536,-6.179766933333333
CCN1/C(=C/C2=C(O)/C(=C/c3[se]c4cc(I)ccc4[n+]3CC)C2=O)[Se]c2ccccc21,-5.74663,-6.8122063,-5.6624565,-6.073764266666667
CCN1/C(=C/C2=C(O)/C(=C/c3[se]c4cc(I)ccc4[n+]3CC)C2=O)[Se]c2cc(Br)ccc21,-5.694274,-6.84051,-5.7264366,-6.087073533333334
CCN1/C(=C/C2=C(O)/C(=C/c3[se]c4cc(I)ccc4[n+]3CC)C2=O)[Se]c2cc(I)ccc21,-5.7236733,-6.7235584,-5.6623235,-6.036518399999999
CCCCN1/C(=C/C2=C(O)/C(=C/c3[se]c4cc(I)ccc4[n+]3CC)C2=O)[Se]c2ccccc21,-5.7471113,-6.785568,-5.6529956,-6.061891633333333
CCCCN1/C(=C/C2=C(O)/C(=C/c3[se]c4cc(I)ccc4[n+]3CC)C2=O)[Se]c2cc(Br)ccc21,-5.696918,-6.822418,-5.7157907,-6.078375566666666
CCCCN1/C(=C/C2=C(O)/C(=C/c3[se]c4cc(I)ccc4[n+]3CC)C2=O)[Se]c2cc(I)ccc21,-5.7238,-6.707241,-5.654273,-6.028438
CC[n+]1c(/C=C2\C(=O)C(/C=C3\[Se]c4ccccc4N3CCCCN)=C2O)[se]c2cc(I)ccc21,-5.640765,-7.1598153,-5.8987246,-6.233101633333334
CC[n+]1c(/C=C2\C(=O)C(/C=C3\[Se]c4cc(Br)ccc4N3CCCCN)=C2O)[se]c2cc(I)ccc21,-5.5999203,-7.211892,-5.971502,-6.261104766666667
CC[n+]1c(/C=C2\C(=O)C(/C=C3\[Se]c4cc(I)ccc4N3CCCCN)=C2O)[se]c2cc(I)ccc21,-5.621033,-7.0721297,-5.893878,-6.195680233333333
CC[n+]1c(/C=C2\C(=O)C(/C=C3\[Se]c4ccccc4N3CCCCO)=C2O)[se]c2cc(I)ccc21,-5.7056284,-6.975639,-5.7040715,-6.1284463
CC[n+]1c(/C=C2\C(=O)C(/C=C3\[Se]c4cc(Br)ccc4N3CCCCO)=C2O)[se]c2cc(I)ccc21,-5.6641083,-7.012139,-5.7677016,-6.1479829666666665
CC[n+]1c(/C=C2\C(=O)C(/C=C3\[Se]c4cc(I)ccc4N3CCCCO)=C2O)[se]c2cc(I)ccc21,-5.6879992,-6.8885164,-5.702422,-6.092979199999999
CC[n+]1c(/C=C2\C(=O)C(/C=C3\[Se]c4ccccc4N3CCCC[N+](CC)(CC)CC)=C2O)[se]c2cc(I)ccc21,-6.0112667,-7.4029994,-5.902542,-6.438936033333333
CC[n+]1c(/C=C2\C(=O)C(/C=C3\[Se]c4cc(Br)ccc4N3CCCC[N+](CC)(CC)CC)=C2O)[se]c2cc(I)ccc21,-5.9491153,-7.46897,-5.9874787,-6.4685213333333325
CC[n+]1c(/C=C2\C(=O)C(/C=C3\[Se]c4cc(I)ccc4N3CCCC[N+](CC)(CC)CC)=C2O)[se]c2cc(I)ccc21,-5.9920073,-7.31056,-5.8962393,-6.3996022
CC[n+]1c(/C=C2\C(=O)C(/C=C3\[Se]c4ccccc4N3CCCCS(=O)(=O)O)=C2O)[se]c2cc(I)ccc21,-5.992514,-7.5235715,-5.584138,-6.3667411666666665
CC[n+]1c(/C=C2\C(=O)C(/C=C3\[Se]c4cc(Br)ccc4N3CCCCS(=O)(=O)O)=C2O)[se]c2cc(I)ccc21,-5.946761,-7.557067,-5.649893,-6.384573666666667
CC[n+]1c(/C=C2\C(=O)C(/C=C3\[Se]c4cc(I)ccc4N3CCCCS(=O)(=O)O)=C2O)[se]c2cc(I)ccc21,-5.9789686,-7.4370255,-5.5820856,-6.332693233333333
CC[n+]1c(/C=C2\C(=O)C(/C=C3\[Se]c4ccccc4N3Cc3ccccc3)=C2O)[se]c2cc(I)ccc21,-5.7268295,-7.0745344,-5.7347317,-6.178698533333333
CC[n+]1c(/C=C2\C(=O)C(/C=C3\[Se]c4cc(Br)ccc4N3Cc3ccccc3)=C2O)[se]c2cc(I)ccc21,-5.6794767,-7.103143,-5.800475,-6.1943649
CC[n+]1c(/C=C2\C(=O)C(/C=C3\[Se]c4cc(I)ccc4N3Cc3ccccc3)=C2O)[se]c2cc(I)ccc21,-5.7085485,-6.9785357,-5.732979,-6.140021066666667
CC[n+]1c(/C=C2\C(=O)C(/C=C3\[Se]c4ccccc4N3Cc3ccsc3)=C2O)[se]c2cc(I)ccc21,-5.723224,-7.0197964,-5.7248282,-6.155949533333334
CC[n+]1c(/C=C2\C(=O)C(/C=C3\[Se]c4cc(Br)ccc4N3Cc3ccsc3)=C2O)[se]c2cc(I)ccc21,-5.677879,-7.0469646,-5.788101,-6.170981533333333
CC[n+]1c(/C=C2\C(=O)C(/C=C3\[Se]c4cc(I)ccc4N3Cc3ccsc3)=C2O)[se]c2cc(I)ccc21,-5.7067175,-6.9228907,-5.7221575,-6.117255233333334
CCCC[n+]1c(/C=C2\C(=O)C(/C=C3\[Se]c4ccccc4N3CC)=C2O)[se]c2ccccc21,-5.725952,-6.9784536,-5.6978884,-6.134098000000001
CCCC[n+]1c(/C=C2\C(=O)C(/C=C3\[Se]c4cc(Br)ccc4N3CC)=C2O)[se]c2ccccc21,-5.6770763,-6.999928,-5.7611217,-6.1460420000000004
CCCC[n+]1c(/C=C2\C(=O)C(/C=C3\[Se]c4cc(I)ccc4N3CC)=C2O)[se]c2ccccc21,-5.7079496,-6.885642,-5.6975756,-6.097055733333334
CCCCN1/C(=C/C2=C(O)/C(=C/c3[se]c4ccccc4[n+]3CCCC)C2=O)[Se]c2ccccc21,-5.728396,-6.9514713,-5.687247,-6.122371433333334
CCCCN1/C(=C/C2=C(O)/C(=C/c3[se]c4ccccc4[n+]3CCCC)C2=O)[Se]c2cc(Br)ccc21,-5.6795335,-6.9811707,-5.7500644,-6.136922866666667
CCCCN1/C(=C/C2=C(O)/C(=C/c3[se]c4ccccc4[n+]3CCCC)C2=O)[Se]c2cc(I)ccc21,-5.7100215,-6.8669853,-5.6878753,-6.088294033333334
CCCC[n+]1c(/C=C2\C(=O)C(/C=C3\[Se]c4ccccc4N3CCCCN)=C2O)[se]c2ccccc21,-5.621299,-7.329703,-5.9398694,-6.296957133333333
CCCC[n+]1c(/C=C2\C(=O)C(/C=C3\[Se]c4cc(Br)ccc4N3CCCCN)=C2O)[se]c2ccccc21,-5.5761313,-7.370802,-6.009673,-6.318868766666667
CCCC[n+]1c(/C=C2\C(=O)C(/C=C3\[Se]c4cc(I)ccc4N3CCCCN)=C2O)[se]c2ccccc21,-5.604299,-7.233729,-5.9326754,-6.256901133333334
CCCC[n+]1c(/C=C2\C(=O)C(/C=C3\[Se]c4ccccc4N3CCCCO)=C2O)[se]c2ccccc21,-5.6846566,-7.1434565,-5.736198,-6.188103699999999
CCCC[n+]1c(/C=C2\C(=O)C(/C=C3\[Se]c4cc(Br)ccc4N3CCCCO)=C2O)[se]c2ccccc21,-5.6415944,-7.1774874,-5.8028893,-6.2073237
CCCC[n+]1c(/C=C2\C(=O)C(/C=C3\[Se]c4cc(I)ccc4N3CCCCO)=C2O)[se]c2ccccc21,-5.6679397,-7.0525465,-5.735581,-6.1520224
CCCC[n+]1c(/C=C2\C(=O)C(/C=C3\[Se]c4ccccc4N3CCCC[N+](CC)(CC)CC)=C2O)[se]c2ccccc21,-5.9891486,-7.577946,-5.95359,-6.506894866666667
CCCC[n+]1c(/C=C2\C(=O)C(/C=C3\[Se]c4cc(Br)ccc4N3CCCC[N+](CC)(CC)CC)=C2O)[se]c2ccccc21,-5.927047,-7.637136,-6.0382786,-6.534153866666666
CCCC[n+]1c(/C=C2\C(=O)C(/C=C3\[Se]c4cc(I)ccc4N3CCCC[N+](CC)(CC)CC)=C2O)[se]c2ccccc21,-5.9686155,-7.486805,-5.949494,-6.468304833333334
CCCC[n+]1c(/C=C2\C(=O)C(/C=C3\[Se]c4ccccc4N3CCCCS(=O)(=O)O)=C2O)[se]c2ccccc21,-5.9541645,-7.6865926,-5.613611,-6.4181227000000005
CCCC[n+]1c(/C=C2\C(=O)C(/C=C3\[Se]c4cc(Br)ccc4N3CCCCS(=O)(=O)O)=C2O)[se]c2ccccc21,-5.9019413,-7.7070384,-5.6829267,-6.430635466666666
CCCC[n+]1c(/C=C2\C(=O)C(/C=C3\[Se]c4cc(I)ccc4N3CCCCS(=O)(=O)O)=C2O)[se]c2ccccc21,-5.93824,-7.591678,-5.613655,-6.381191
CCCC[n+]1c(/C=C2\C(=O)C(/C=C3\[Se]c4ccccc4N3Cc3ccccc3)=C2O)[se]c2ccccc21,-5.7085657,-7.250955,-5.7693033,-6.2429413333333335
CCCC[n+]1c(/C=C2\C(=O)C(/C=C3\[Se]c4cc(Br)ccc4N3Cc3ccccc3)=C2O)[se]c2ccccc21,-5.664002,-7.273125,-5.835506,-6.257544333333333
CCCC[n+]1c(/C=C2\C(=O)C(/C=C3\[Se]c4cc(I)ccc4N3Cc3ccccc3)=C2O)[se]c2ccccc21,-5.6893106,-7.1508408,-5.7680483,-6.202733233333333
CCCC[n+]1c(/C=C2\C(=O)C(/C=C3\[Se]c4ccccc4N3Cc3ccsc3)=C2O)[se]c2ccccc21,-5.704333,-7.193191,-5.7602534,-6.219259133333334
CCCC[n+]1c(/C=C2\C(=O)C(/C=C3\[Se]c4cc(Br)ccc4N3Cc3ccsc3)=C2O)[se]c2ccccc21,-5.6603913,-7.21799,-5.8239074,-6.234096233333333
CCCC[n+]1c(/C=C2\C(=O)C(/C=C3\[Se]c4cc(I)ccc4N3Cc3ccsc3)=C2O)[se]c2ccccc21,-5.685551,-7.094297,-5.758524,-6.1794573333333345
CCCC[n+]1c(/C=C2\C(=O)C(/C=C3\[Se]c4ccccc4N3CC)=C2O)[se]c2cc(Br)ccc21,-5.677455,-7.031593,-5.7654247,-6.158157566666667
CCCC[n+]1c(/C=C2\C(=O)C(/C=C3\[Se]c4cc(Br)ccc4N3CC)=C2O)[se]c2cc(Br)ccc21,-5.636232,-7.0574207,-5.826524,-6.173392233333334
CCCC[n+]1c(/C=C2\C(=O)C(/C=C3\[Se]c4cc(I)ccc4N3CC)=C2O)[se]c2cc(Br)ccc21,-5.6611557,-6.938695,-5.762037,-6.120629233333333
CCCCN1/C(=C/C2=C(O)/C(=C/c3[se]c4cc(Br)ccc4[n+]3CCCC)C2=O)[Se]c2ccccc21,-5.679642,-7.004786,-5.7540336,-6.146153866666666
CCCCN1/C(=C/C2=C(O)/C(=C/c3[se]c4cc(Br)ccc4[n+]3CCCC)C2=O)[Se]c2cc(Br)ccc21,-5.637825,-7.039029,-5.8159766,-6.164276866666667
CCCCN1/C(=C/C2=C(O)/C(=C/c3[se]c4cc(Br)ccc4[n+]3CCCC)C2=O)[Se]c2cc(I)ccc21,-5.6628375,-6.9210777,-5.7519484,-6.111954533333333
CCCC[n+]1c(/C=C2\C(=O)C(/C=C3\[Se]c4ccccc4N3CCCCN)=C2O)[se]c2cc(Br)ccc21,-5.5756474,-7.39588,-6.015048,-6.3288584666666665
CCCC[n+]1c(/C=C2\C(=O)C(/C=C3\[Se]c4cc(Br)ccc4N3CCCCN)=C2O)[se]c2cc(Br)ccc21,-5.5361943,-7.4356084,-6.0823126,-6.3513717666666665
CCCC[n+]1c(/C=C2\C(=O)C(/C=C3\[Se]c4cc(I)ccc4N3CCCCN)=C2O)[se]c2cc(Br)ccc21,-5.5622067,-7.3013344,-6.005514,-6.289685033333332
CCCC[n+]1c(/C=C2\C(=O)C(/C=C3\[Se]c4ccccc4N3CCCCO)=C2O)[se]c2cc(Br)ccc21,-5.6417155,-7.2031,-5.8073845,-6.2174000000000005
CCCC[n+]1c(/C=C2\C(=O)C(/C=C3\[Se]c4cc(Br)ccc4N3CCCCO)=C2O)[se]c2cc(Br)ccc21,-5.597802,-7.244185,-5.871773,-6.23792
CCCC[n+]1c(/C=C2\C(=O)C(/C=C3\[Se]c4cc(I)ccc4N3CCCCO)=C2O)[se]c2cc(Br)ccc21,-5.6246657,-7.1110773,-5.8035936,-6.179778866666666
CCCC[n+]1c(/C=C2\C(=O)C(/C=C3\[Se]c4ccccc4N3CCCC[N+](CC)(CC)CC)=C2O)[se]c2cc(Br)ccc21,-5.929241,-7.6597395,-6.0422244,-6.543734966666666
CCCC[n+]1c(/C=C2\C(=O)C(/C=C3\[Se]c4cc(Br)ccc4N3CCCC[N+](CC)(CC)CC)=C2O)[se]c2cc(Br)ccc21,-5.865423,-7.7177315,-6.1257157,-6.5696234
CCCC[n+]1c(/C=C2\C(=O)C(/C=C3\[Se]c4cc(I)ccc4N3CCCC[N+](CC)(CC)CC)=C2O)[se]c2cc(Br)ccc21,-5.912387,-7.570715,-6.0358877,-6.5063299
CCCC[n+]1c(/C=C2\C(=O)C(/C=C3\[Se]c4ccccc4N3CCCCS(=O)(=O)O)=C2O)[se]c2cc(Br)ccc21,-5.902454,-7.731334,-5.6864476,-6.440078533333334
CCCC[n+]1c(/C=C2\C(=O)C(/C=C3\[Se]c4cc(Br)ccc4N3CCCCS(=O)(=O)O)=C2O)[se]c2cc(Br)ccc21,-5.8512926,-7.761719,-5.7588673,-6.4572929666666665
CCCC[n+]1c(/C=C2\C(=O)C(/C=C3\[Se]c4cc(I)ccc4N3CCCCS(=O)(=O)O)=C2O)[se]c2cc(Br)ccc21,-5.8908815,-7.6442595,-5.6837254,-6.4062888
CCCC[n+]1c(/C=C2\C(=O)C(/C=C3\[Se]c4ccccc4N3Cc3ccccc3)=C2O)[se]c2cc(Br)ccc21,-5.66534,-7.305811,-5.8394856,-6.2702122
CCCC[n+]1c(/C=C2\C(=O)C(/C=C3\[Se]c4cc(Br)ccc4N3Cc3ccccc3)=C2O)[se]c2cc(Br)ccc21,-5.6240425,-7.333467,-5.9033117,-6.2869404
CCCC[n+]1c(/C=C2\C(=O)C(/C=C3\[Se]c4cc(I)ccc4N3Cc3ccccc3)=C2O)[se]c2cc(Br)ccc21,-5.6468883,-7.208309,-5.83565,-6.2302824333333335
CCCC[n+]1c(/C=C2\C(=O)C(/C=C3\[Se]c4ccccc4N3Cc3ccsc3)=C2O)[se]c2cc(Br)ccc21,-5.66061,-7.2504683,-5.828665,-6.2465811
CCCC[n+]1c(/C=C2\C(=O)C(/C=C3\[Se]c4cc(Br)ccc4N3Cc3ccsc3)=C2O)[se]c2cc(Br)ccc21,-5.6216426,-7.2750487,-5.890558,-6.262416433333333
CCCC[n+]1c(/C=C2\C(=O)C(/C=C3\[Se]c4cc(I)ccc4N3Cc3ccsc3)=C2O)[se]c2cc(Br)ccc21,-5.6442633,-7.1537447,-5.8239307,-6.207312900000001
CCCC[n+]1c(/C=C2\C(=O)C(/C=C3\[Se]c4ccccc4N3CC)=C2O)[se]c2cc(I)ccc21,-5.705833,-6.896576,-5.702887,-6.101765333333333
CCCC[n+]1c(/C=C2\C(=O)C(/C=C3\[Se]c4cc(Br)ccc4N3CC)=C2O)[se]c2cc(I)ccc21,-5.659372,-6.920016,-5.763466,-6.114284666666667
CCCC[n+]1c(/C=C2\C(=O)C(/C=C3\[Se]c4cc(I)ccc4N3CC)=C2O)[se]c2cc(I)ccc21,-5.6882653,-6.8026876,-5.7014565,-6.064136466666667
CCCCN1/C(=C/C2=C(O)/C(=C/c3[se]c4cc(I)ccc4[n+]3CCCC)C2=O)[Se]c2ccccc21,-5.7072115,-6.8710113,-5.6933994,-6.0905407333333335
CCCCN1/C(=C/C2=C(O)/C(=C/c3[se]c4cc(I)ccc4[n+]3CCCC)C2=O)[Se]c2cc(Br)ccc21,-5.6616087,-6.9029818,-5.7532997,-6.1059634
CCCCN1/C(=C/C2=C(O)/C(=C/c3[se]c4cc(I)ccc4[n+]3CCCC)C2=O)[Se]c2cc(I)ccc21,-5.6899223,-6.787974,-5.693258,-6.057051433333334
CCCC[n+]1c(/C=C2\C(=O)C(/C=C3\[Se]c4ccccc4N3CCCCN)=C2O)[se]c2cc(I)ccc21,-5.603002,-7.2359877,-5.9372945,-6.2587614
CCCC[n+]1c(/C=C2\C(=O)C(/C=C3\[Se]c4cc(Br)ccc4N3CCCCN)=C2O)[se]c2cc(I)ccc21,-5.5613494,-7.277827,-6.0039654,-6.281047266666666
CCCC[n+]1c(/C=C2\C(=O)C(/C=C3\[Se]c4cc(I)ccc4N3CCCCN)=C2O)[se]c2cc(I)ccc21,-5.5869293,-7.1443377,-5.929723,-6.220330000000001
CCCC[n+]1c(/C=C2\C(=O)C(/C=C3\[Se]c4ccccc4N3CCCCO)=C2O)[se]c2cc(I)ccc21,-5.6655097,-7.054185,-5.740901,-6.153531900000001
CCCC[n+]1c(/C=C2\C(=O)C(/C=C3\[Se]c4cc(Br)ccc4N3CCCCO)=C2O)[se]c2cc(I)ccc21,-5.624163,-7.0883245,-5.803787,-6.1720915000000005
CCCC[n+]1c(/C=C2\C(=O)C(/C=C3\[Se]c4cc(I)ccc4N3CCCCO)=C2O)[se]c2cc(I)ccc21,-5.649471,-6.967812,-5.738276,-6.118519666666667
CCCC[n+]1c(/C=C2\C(=O)C(/C=C3\[Se]c4ccccc4N3CCCC[N+](CC)(CC)CC)=C2O)[se]c2cc(I)ccc21,-5.9695864,-7.4917297,-5.9520574,-6.471124499999999
CCCC[n+]1c(/C=C2\C(=O)C(/C=C3\[Se]c4cc(Br)ccc4N3CCCC[N+](CC)(CC)CC)=C2O)[se]c2cc(I)ccc21,-5.9108667,-7.5499516,-6.0336704,-6.4981629
CCCC[n+]1c(/C=C2\C(=O)C(/C=C3\[Se]c4cc(I)ccc4N3CCCC[N+](CC)(CC)CC)=C2O)[se]c2cc(I)ccc21,-5.951683,-7.401713,-5.9464207,-6.433272233333334
CCCC[n+]1c(/C=C2\C(=O)C(/C=C3\[Se]c4ccccc4N3CCCCS(=O)(=O)O)=C2O)[se]c2cc(I)ccc21,-5.9379835,-7.5923533,-5.6177263,-6.382687700000001
CCCC[n+]1c(/C=C2\C(=O)C(/C=C3\[Se]c4cc(Br)ccc4N3CCCCS(=O)(=O)O)=C2O)[se]c2cc(I)ccc21,-5.8898096,-7.620251,-5.6840878,-6.3980494666666665
CCCC[n+]1c(/C=C2\C(=O)C(/C=C3\[Se]c4cc(I)ccc4N3CCCCS(=O)(=O)O)=C2O)[se]c2cc(I)ccc21,-5.924909,-7.506041,-5.615639,-6.348862999999999
CCCC[n+]1c(/C=C2\C(=O)C(/C=C3\[Se]c4ccccc4N3Cc3ccccc3)=C2O)[se]c2cc(I)ccc21,-5.687918,-7.1600204,-5.772548,-6.2068288
CCCC[n+]1c(/C=C2\C(=O)C(/C=C3\[Se]c4cc(Br)ccc4N3Cc3ccccc3)=C2O)[se]c2cc(I)ccc21,-5.6461663,-7.1855555,-5.835586,-6.222435933333333
CCCC[n+]1c(/C=C2\C(=O)C(/C=C3\[Se]c4cc(I)ccc4N3Cc3ccccc3)=C2O)[se]c2cc(I)ccc21,-5.6704173,-7.061517,-5.770164,-6.1673661
CCCC[n+]1c(/C=C2\C(=O)C(/C=C3\[Se]c4ccccc4N3Cc3ccsc3)=C2O)[se]c2cc(I)ccc21,-5.684159,-7.1034765,-5.763024,-6.183553166666667
CCCC[n+]1c(/C=C2\C(=O)C(/C=C3\[Se]c4cc(Br)ccc4N3Cc3ccsc3)=C2O)[se]c2cc(I)ccc21,-5.643728,-7.1317453,-5.824114,-6.199862433333334
CCCC[n+]1c(/C=C2\C(=O)C(/C=C3\[Se]c4cc(I)ccc4N3Cc3ccsc3)=C2O)[se]c2cc(I)ccc21,-5.66997,-7.0065536,-5.7584662,-6.1449966
CCN1/C(=C/C2=C(O)/C(=C/c3[se]c4ccccc4[n+]3CCCCN)C2=O)[Se]c2ccccc21,-5.620343,-7.3763137,-5.9632106,-6.319955766666666
CCN1/C(=C/C2=C(O)/C(=C/c3[se]c4ccccc4[n+]3CCCCN)C2=O)[Se]c2cc(Br)ccc21,-5.576456,-7.4115553,-6.0351267,-6.3410459999999995
CCN1/C(=C/C2=C(O)/C(=C/c3[se]c4ccccc4[n+]3CCCCN)C2=O)[Se]c2cc(I)ccc21,-5.604557,-7.269474,-5.9537363,-6.275922433333332
CCCCN1/C(=C/C2=C(O)/C(=C/c3[se]c4ccccc4[n+]3CCCCN)C2=O)[Se]c2ccccc21,-5.622923,-7.3378787,-5.948636,-6.3031459000000005
CCCCN1/C(=C/C2=C(O)/C(=C/c3[se]c4ccccc4[n+]3CCCCN)C2=O)[Se]c2cc(Br)ccc21,-5.577878,-7.378036,-6.0180154,-6.324643133333333
CCCCN1/C(=C/C2=C(O)/C(=C/c3[se]c4ccccc4[n+]3CCCCN)C2=O)[Se]c2cc(I)ccc21,-5.605791,-7.241193,-5.940506,-6.262496666666666
NCCCCN1/C(=C/C2=C(O)/C(=C/c3[se]c4ccccc4[n+]3CCCCN)C2=O)[Se]c2ccccc21,-5.530449,-7.756469,-6.266801,-6.517906333333333
NCCCCN1/C(=C/C2=C(O)/C(=C/c3[se]c4ccccc4[n+]3CCCCN)C2=O)[Se]c2cc(Br)ccc21,-5.499808,-7.7768784,-6.336692,-6.537792799999999
NCCCCN1/C(=C/C2=C(O)/C(=C/c3[se]c4ccccc4[n+]3CCCCN)C2=O)[Se]c2cc(I)ccc21,-5.5204754,-7.6670446,-6.2582955,-6.481938499999999
NCCCC[n+]1c(/C=C2\C(=O)C(/C=C3\[Se]c4ccccc4N3CCCCO)=C2O)[se]c2ccccc21,-5.5744615,-7.570284,-6.025592,-6.3901125
NCCCC[n+]1c(/C=C2\C(=O)C(/C=C3\[Se]c4cc(Br)ccc4N3CCCCO)=C2O)[se]c2ccccc21,-5.533767,-7.612053,-6.0982347,-6.4146849
NCCCC[n+]1c(/C=C2\C(=O)C(/C=C3\[Se]c4cc(I)ccc4N3CCCCO)=C2O)[se]c2ccccc21,-5.560791,-7.4736915,-6.016035,-6.350172499999999
CC[N+](CC)(CC)CCCCN1/C(=C/C2=C(O)/C(=C/c3[se]c4ccccc4[n+]3CCCCN)C2=O)[Se]c2ccccc21,-5.8294826,-8.063906,-6.304454,-6.7326142
CC[N+](CC)(CC)CCCCN1/C(=C/C2=C(O)/C(=C/c3[se]c4ccccc4[n+]3CCCCN)C2=O)[Se]c2cc(Br)ccc21,-5.7698293,-8.12672,-6.3976107,-6.7647200000000005
CC[N+](CC)(CC)CCCCN1/C(=C/C2=C(O)/C(=C/c3[se]c4ccccc4[n+]3CCCCN)C2=O)[Se]c2cc(I)ccc21,-5.8107805,-7.977394,-6.298997,-6.695723833333333
NCCCC[n+]1c(/C=C2\C(=O)C(/C=C3\[Se]c4ccccc4N3CCCCS(=O)(=O)O)=C2O)[se]c2ccccc21,-5.801484,-8.051519,-5.901622,-6.584875
NCCCC[n+]1c(/C=C2\C(=O)C(/C=C3\[Se]c4cc(Br)ccc4N3CCCCS(=O)(=O)O)=C2O)[se]c2ccccc21,-5.7522564,-8.062795,-5.970971,-6.5953408
NCCCC[n+]1c(/C=C2\C(=O)C(/C=C3\[Se]c4cc(I)ccc4N3CCCCS(=O)(=O)O)=C2O)[se]c2ccccc21,-5.7926493,-7.9658175,-5.900108,-6.552858266666667
NCCCC[n+]1c(/C=C2\C(=O)C(/C=C3\[Se]c4ccccc4N3Cc3ccccc3)=C2O)[se]c2ccccc21,-5.5920796,-7.670147,-6.058885,-6.440370533333334
NCCCC[n+]1c(/C=C2\C(=O)C(/C=C3\[Se]c4cc(Br)ccc4N3Cc3ccccc3)=C2O)[se]c2ccccc21,-5.550535,-7.7068834,-6.136952,-6.4647901333333335
NCCCC[n+]1c(/C=C2\C(=O)C(/C=C3\[Se]c4cc(I)ccc4N3Cc3ccccc3)=C2O)[se]c2ccccc21,-5.580393,-7.5609336,-6.0481586,-6.396495066666667
NCCCC[n+]1c(/C=C2\C(=O)C(/C=C3\[Se]c4ccccc4N3Cc3ccsc3)=C2O)[se]c2ccccc21,-5.5953135,-7.612103,-6.043687,-6.4170345
NCCCC[n+]1c(/C=C2\C(=O)C(/C=C3\[Se]c4cc(Br)ccc4N3Cc3ccsc3)=C2O)[se]c2ccccc21,-5.5529103,-7.65084,-6.121395,-6.4417151
NCCCC[n+]1c(/C=C2\C(=O)C(/C=C3\[Se]c4cc(I)ccc4N3Cc3ccsc3)=C2O)[se]c2ccccc21,-5.5821185,-7.504959,-6.034486,-6.3738545
CCN1/C(=C/C2=C(O)/C(=C/c3[se]c4cc(Br)ccc4[n+]3CCCCN)C2=O)[Se]c2ccccc21,-5.5767217,-7.4463034,-6.0418553,-6.354960133333333
CCN1/C(=C/C2=C(O)/C(=C/c3[se]c4cc(Br)ccc4[n+]3CCCCN)C2=O)[Se]c2cc(Br)ccc21,-5.5368752,-7.479759,-6.112748,-6.3764607333333325
CCN1/C(=C/C2=C(O)/C(=C/c3[se]c4cc(Br)ccc4[n+]3CCCCN)C2=O)[Se]c2cc(I)ccc21,-5.5622816,-7.341695,-6.030217,-6.311397866666667
CCCCN1/C(=C/C2=C(O)/C(=C/c3[se]c4cc(Br)ccc4[n+]3CCCCN)C2=O)[Se]c2ccccc21,-5.577418,-7.4031396,-6.0234184,-6.334658666666667
CCCCN1/C(=C/C2=C(O)/C(=C/c3[se]c4cc(Br)ccc4[n+]3CCCCN)C2=O)[Se]c2cc(Br)ccc21,-5.5378456,-7.4437866,-6.0929565,-6.3581962333333335
CCCCN1/C(=C/C2=C(O)/C(=C/c3[se]c4cc(Br)ccc4[n+]3CCCCN)C2=O)[Se]c2cc(I)ccc21,-5.563963,-7.3083086,-6.0133386,-6.295203400000001
NCCCCN1/C(=C/C2=C(O)/C(=C/c3[se]c4cc(Br)ccc4[n+]3CCCCN)C2=O)[Se]c2ccccc21,-5.4998636,-7.8010406,-6.341527,-6.547477066666667
NCCCCN1/C(=C/C2=C(O)/C(=C/c3[se]c4cc(Br)ccc4[n+]3CCCCN)C2=O)[Se]c2cc(Br)ccc21,-5.480693,-7.822361,-6.4161825,-6.573078833333334
NCCCCN1/C(=C/C2=C(O)/C(=C/c3[se]c4cc(Br)ccc4[n+]3CCCCN)C2=O)[Se]c2cc(I)ccc21,-5.4923496,-7.712884,-6.3349247,-6.513386100000001
NCCCC[n+]1c(/C=C2\C(=O)C(/C=C3\[Se]c4ccccc4N3CCCCO)=C2O)[se]c2cc(Br)ccc21,-5.5333114,-7.6367984,-6.1032596,-6.424456466666666
NCCCC[n+]1c(/C=C2\C(=O)C(/C=C3\[Se]c4cc(Br)ccc4N3CCCCO)=C2O)[se]c2cc(Br)ccc21,-5.498642,-7.665761,-6.1747537,-6.446385566666667
NCCCC[n+]1c(/C=C2\C(=O)C(/C=C3\[Se]c4cc(I)ccc4N3CCCCO)=C2O)[se]c2cc(Br)ccc21,-5.522988,-7.542257,-6.0942445,-6.3864965
CC[N+](CC)(CC)CCCCN1/C(=C/C2=C(O)/C(=C/c3[se]c4cc(Br)ccc4[n+]3CCCCN)C2=O)[Se]c2ccccc21,-5.772151,-8.1500225,-6.401858,-6.774677166666667
CC[N+](CC)(CC)CCCCN1/C(=C/C2=C(O)/C(=C/c3[se]c4cc(Br)ccc4[n+]3CCCCN)C2=O)[Se]c2cc(Br)ccc21,-5.7195096,-8.221407,-6.493562,-6.811492866666666
CC[N+](CC)(CC)CCCCN1/C(=C/C2=C(O)/C(=C/c3[se]c4cc(Br)ccc4[n+]3CCCCN)C2=O)[Se]c2cc(I)ccc21,-5.753369,-8.065511,-6.3955135,-6.738131166666666
NCCCC[n+]1c(/C=C2\C(=O)C(/C=C3\[Se]c4ccccc4N3CCCCS(=O)(=O)O)=C2O)[se]c2cc(Br)ccc21,-5.753257,-8.086469,-5.9746523,-6.604792766666666
NCCCC[n+]1c(/C=C2\C(=O)C(/C=C3\[Se]c4cc(Br)ccc4N3CCCCS(=O)(=O)O)=C2O)[se]c2cc(Br)ccc21,-5.7138715,-8.095528,-6.033833,-6.614410833333333
NCCCC[n+]1c(/C=C2\C(=O)C(/C=C3\[Se]c4cc(I)ccc4N3CCCCS(=O)(=O)O)=C2O)[se]c2cc(Br)ccc21,-5.7472134,-8.000629,-5.96942,-6.5724208
NCCCC[n+]1c(/C=C2\C(=O)C(/C=C3\[Se]c4ccccc4N3Cc3ccccc3)=C2O)[se]c2cc(Br)ccc21,-5.550544,-7.7408457,-6.1431165,-6.478168733333334
NCCCC[n+]1c(/C=C2\C(=O)C(/C=C3\[Se]c4cc(Br)ccc4N3Cc3ccccc3)=C2O)[se]c2cc(Br)ccc21,-5.51791,-7.7749166,-6.21786,-6.5035622
NCCCC[n+]1c(/C=C2\C(=O)C(/C=C3\[Se]c4cc(I)ccc4N3Cc3ccccc3)=C2O)[se]c2cc(Br)ccc21,-5.5411606,-7.6312747,-6.128768,-6.433734433333334
NCCCC[n+]1c(/C=C2\C(=O)C(/C=C3\[Se]c4ccccc4N3Cc3ccsc3)=C2O)[se]c2cc(Br)ccc21,-5.552905,-7.6838794,-6.1273317,-6.4547053666666665
NCCCC[n+]1c(/C=C2\C(=O)C(/C=C3\[Se]c4cc(Br)ccc4N3Cc3ccsc3)=C2O)[se]c2cc(Br)ccc21,-5.518215,-7.7220926,-6.2042227,-6.4815101
NCCCC[n+]1c(/C=C2\C(=O)C(/C=C3\[Se]c4cc(I)ccc4N3Cc3ccsc3)=C2O)[se]c2cc(Br)ccc21,-5.541487,-7.578496,-6.1149836,-6.411655533333334
CCN1/C(=C/C2=C(O)/C(=C/c3[se]c4cc(I)ccc4[n+]3CCCCN)C2=O)[Se]c2ccccc21,-5.6044726,-7.2813435,-5.958752,-6.2815227
CCN1/C(=C/C2=C(O)/C(=C/c3[se]c4cc(I)ccc4[n+]3CCCCN)C2=O)[Se]c2cc(Br)ccc21,-5.562112,-7.3169503,-6.0276556,-6.3022393
CCN1/C(=C/C2=C(O)/C(=C/c3[se]c4cc(I)ccc4[n+]3CCCCN)C2=O)[Se]c2cc(I)ccc21,-5.5882096,-7.176211,-5.9487514,-6.237724
CCCCN1/C(=C/C2=C(O)/C(=C/c3[se]c4cc(I)ccc4[n+]3CCCCN)C2=O)[Se]c2ccccc21,-5.604841,-7.2434893,-5.9446893,-6.264339866666667
CCCCN1/C(=C/C2=C(O)/C(=C/c3[se]c4cc(I)ccc4[n+]3CCCCN)C2=O)[Se]c2cc(Br)ccc21,-5.5633764,-7.2858396,-6.011842,-6.287019333333333
CCCCN1/C(=C/C2=C(O)/C(=C/c3[se]c4cc(I)ccc4[n+]3CCCCN)C2=O)[Se]c2cc(I)ccc21,-5.58835,-7.1527934,-5.936938,-6.226027133333333
NCCCCN1/C(=C/C2=C(O)/C(=C/c3[se]c4cc(I)ccc4[n+]3CCCCN)C2=O)[Se]c2ccccc21,-5.520685,-7.6628046,-6.25867,-6.480719866666668
NCCCCN1/C(=C/C2=C(O)/C(=C/c3[se]c4cc(I)ccc4[n+]3CCCCN)C2=O)[Se]c2cc(Br)ccc21,-5.4923406,-7.6858406,-6.330237,-6.502806066666667
NCCCCN1/C(=C/C2=C(O)/C(=C/c3[se]c4cc(I)ccc4[n+]3CCCCN)C2=O)[Se]c2cc(I)ccc21,-5.5082097,-7.574387,-6.2492666,-6.443954433333334
NCCCC[n+]1c(/C=C2\C(=O)C(/C=C3\[Se]c4ccccc4N3CCCCO)=C2O)[se]c2cc(I)ccc21,-5.560445,-7.472828,-6.0187025,-6.350658499999999
NCCCC[n+]1c(/C=C2\C(=O)C(/C=C3\[Se]c4cc(Br)ccc4N3CCCCO)=C2O)[se]c2cc(I)ccc21,-5.5233865,-7.5156436,-6.0912905,-6.376773533333334
NCCCC[n+]1c(/C=C2\C(=O)C(/C=C3\[Se]c4cc(I)ccc4N3CCCCO)=C2O)[se]c2cc(I)ccc21,-5.5473704,-7.3764896,-6.009445,-6.311101666666667
CC[N+](CC)(CC)CCCCN1/C(=C/C2=C(O)/C(=C/c3[se]c4cc(I)ccc4[n+]3CCCCN)C2=O)[Se]c2ccccc21,-5.811309,-7.9777284,-6.2998066,-6.696281333333334
CC[N+](CC)(CC)CCCCN1/C(=C/C2=C(O)/C(=C/c3[se]c4cc(I)ccc4[n+]3CCCCN)C2=O)[Se]c2cc(Br)ccc21,-5.752342,-8.043412,-6.3918314,-6.7291951333333335
CC[N+](CC)(CC)CCCCN1/C(=C/C2=C(O)/C(=C/c3[se]c4cc(I)ccc4[n+]3CCCCN)C2=O)[Se]c2cc(I)ccc21,-5.792888,-7.8899736,-6.293809,-6.658890199999999
NCCCC[n+]1c(/C=C2\C(=O)C(/C=C3\[Se]c4ccccc4N3CCCCS(=O)(=O)O)=C2O)[se]c2cc(I)ccc21,-5.791568,-7.959794,-5.90048,-6.550614
NCCCC[n+]1c(/C=C2\C(=O)C(/C=C3\[Se]c4cc(Br)ccc4N3CCCCS(=O)(=O)O)=C2O)[se]c2cc(I)ccc21,-5.745986,-7.9707336,-5.965267,-6.5606622
NCCCC[n+]1c(/C=C2\C(=O)C(/C=C3\[Se]c4cc(I)ccc4N3CCCCS(=O)(=O)O)=C2O)[se]c2cc(I)ccc21,-5.7842536,-7.8743973,-5.896927,-6.518525966666668
NCCCC[n+]1c(/C=C2\C(=O)C(/C=C3\[Se]c4ccccc4N3Cc3ccccc3)=C2O)[se]c2cc(I)ccc21,-5.579884,-7.568662,-6.0522847,-6.400276900000001
NCCCC[n+]1c(/C=C2\C(=O)C(/C=C3\[Se]c4cc(Br)ccc4N3Cc3ccccc3)=C2O)[se]c2cc(I)ccc21,-5.5413537,-7.605461,-6.1261034,-6.424306033333333
NCCCC[n+]1c(/C=C2\C(=O)C(/C=C3\[Se]c4cc(I)ccc4N3Cc3ccccc3)=C2O)[se]c2cc(I)ccc21,-5.5682335,-7.4639244,-6.042614,-6.358257300000001
NCCCC[n+]1c(/C=C2\C(=O)C(/C=C3\[Se]c4ccccc4N3Cc3ccsc3)=C2O)[se]c2cc(I)ccc21,-5.58176,-7.5137334,-6.038794,-6.3780958
NCCCC[n+]1c(/C=C2\C(=O)C(/C=C3\[Se]c4cc(Br)ccc4N3Cc3ccsc3)=C2O)[se]c2cc(I)ccc21,-5.541875,-7.552405,-6.112162,-6.4021473333333345
NCCCC[n+]1c(/C=C2\C(=O)C(/C=C3\[Se]c4cc(I)ccc4N3Cc3ccsc3)=C2O)[se]c2cc(I)ccc21,-5.5687304,-7.407814,-6.0283737,-6.334972700000001
CCN1/C(=C/C2=C(O)/C(=C/c3[se]c4ccccc4[n+]3CCCCO)C2=O)[Se]c2ccccc21,-5.68406,-7.1527424,-5.7569666,-6.197923
CCN1/C(=C/C2=C(O)/C(=C/c3[se]c4ccccc4[n+]3CCCCO)C2=O)[Se]c2cc(Br)ccc21,-5.639378,-7.1830854,-5.821121,-6.214528133333334
CCN1/C(=C/C2=C(O)/C(=C/c3[se]c4ccccc4[n+]3CCCCO)C2=O)[Se]c2cc(I)ccc21,-5.666005,-7.052969,-5.755682,-6.1582186666666665
CCCCN1/C(=C/C2=C(O)/C(=C/c3[se]c4ccccc4[n+]3CCCCO)C2=O)[Se]c2ccccc21,-5.684705,-7.12005,-5.7437677,-6.1828408999999995
CCCCN1/C(=C/C2=C(O)/C(=C/c3[se]c4ccccc4[n+]3CCCCO)C2=O)[Se]c2cc(Br)ccc21,-5.6396856,-7.157267,-5.810193,-6.202381866666667
CCCCN1/C(=C/C2=C(O)/C(=C/c3[se]c4ccccc4[n+]3CCCCO)C2=O)[Se]c2cc(I)ccc21,-5.6665335,-7.0288467,-5.743355,-6.146245066666666
NCCCCN1/C(=C/C2=C(O)/C(=C/c3[se]c4ccccc4[n+]3CCCCO)C2=O)[Se]c2ccccc21,-5.571215,-7.547456,-6.028119,-6.382263333333333
NCCCCN1/C(=C/C2=C(O)/C(=C/c3[se]c4ccccc4[n+]3CCCCO)C2=O)[Se]c2cc(Br)ccc21,-5.53113,-7.5910406,-6.10229,-6.4081535333333335
NCCCCN1/C(=C/C2=C(O)/C(=C/c3[se]c4ccccc4[n+]3CCCCO)C2=O)[Se]c2cc(I)ccc21,-5.5575314,-7.4506207,-6.018477,-6.342209700000001
O=C1C(/C=C2\[Se]c3ccccc3N2CCCCO)=C(O)/C1=C/c1[se]c2ccccc2[n+]1CCCCO,-5.6430964,-7.3408813,-5.8003426,-6.261440100000001
O=C1C(/C=C2\[Se]c3cc(Br)ccc3N2CCCCO)=C(O)/C1=C/c1[se]c2ccccc2[n+]1CCCCO,-5.593405,-7.3860435,-5.872182,-6.283876833333333
O=C1C(/C=C2\[Se]c3cc(I)ccc3N2CCCCO)=C(O)/C1=C/c1[se]c2ccccc2[n+]1CCCCO,-5.623681,-7.2460704,-5.7982817,-6.222677700000001
CC[N+](CC)(CC)CCCCN1/C(=C/C2=C(O)/C(=C/c3[se]c4ccccc4[n+]3CCCCO)C2=O)[Se]c2ccccc21,-5.9308405,-7.786861,-6.0504827,-6.589394733333333
CC[N+](CC)(CC)CCCCN1/C(=C/C2=C(O)/C(=C/c3[se]c4ccccc4[n+]3CCCCO)C2=O)[Se]c2cc(Br)ccc21,-5.8674664,-7.850215,-6.1374702,-6.618383866666666
CC[N+](CC)(CC)CCCCN1/C(=C/C2=C(O)/C(=C/c3[se]c4ccccc4[n+]3CCCCO)C2=O)[Se]c2cc(I)ccc21,-5.913608,-7.6900797,-6.0414305,-6.548372733333333
O=C1C(/C=C2\[Se]c3ccccc3N2CCCCS(=O)(=O)O)=C(O)/C1=C/c1[se]c2ccccc2[n+]1CCCCO,-5.902816,-7.8924522,-5.6951003,-6.496789499999999
O=C1C(/C=C2\[Se]c3cc(Br)ccc3N2CCCCS(=O)(=O)O)=C(O)/C1=C/c1[se]c2ccccc2[n+]1CCCCO,-5.8457074,-7.918435,-5.770424,-6.511522133333334
O=C1C(/C=C2\[Se]c3cc(I)ccc3N2CCCCS(=O)(=O)O)=C(O)/C1=C/c1[se]c2ccccc2[n+]1CCCCO,-5.8879046,-7.7920036,-5.6935215,-6.4578099
O=C1C(/C=C2\[Se]c3ccccc3N2Cc2ccccc2)=C(O)/C1=C/c1[se]c2ccccc2[n+]1CCCCO,-5.6618624,-7.4383087,-5.8327813,-6.310984133333334
O=C1C(/C=C2\[Se]c3cc(Br)ccc3N2Cc2ccccc2)=C(O)/C1=C/c1[se]c2ccccc2[n+]1CCCCO,-5.6138344,-7.4679794,-5.9027123,-6.328175366666667
O=C1C(/C=C2\[Se]c3cc(I)ccc3N2Cc2ccccc2)=C(O)/C1=C/c1[se]c2ccccc2[n+]1CCCCO,-5.645688,-7.3288417,-5.829999,-6.268176233333333
O=C1C(/C=C2\[Se]c3ccccc3N2Cc2ccsc2)=C(O)/C1=C/c1[se]c2ccccc2[n+]1CCCCO,-5.661243,-7.3771644,-5.8226323,-6.287013233333333
O=C1C(/C=C2\[Se]c3cc(Br)ccc3N2Cc2ccsc2)=C(O)/C1=C/c1[se]c2ccccc2[n+]1CCCCO,-5.61654,-7.409403,-5.888586,-6.304843000000001
O=C1C(/C=C2\[Se]c3cc(I)ccc3N2Cc2ccsc2)=C(O)/C1=C/c1[se]c2ccccc2[n+]1CCCCO,-5.644827,-7.2754946,-5.819113,-6.246478200000001
CCN1/C(=C/C2=C(O)/C(=C/c3[se]c4cc(Br)ccc4[n+]3CCCCO)C2=O)[Se]c2ccccc21,-5.6384926,-7.218228,-5.826848,-6.227856200000001
CCN1/C(=C/C2=C(O)/C(=C/c3[se]c4cc(Br)ccc4[n+]3CCCCO)C2=O)[Se]c2cc(Br)ccc21,-5.593755,-7.249804,-5.8915367,-6.2450319
CCN1/C(=C/C2=C(O)/C(=C/c3[se]c4cc(Br)ccc4[n+]3CCCCO)C2=O)[Se]c2cc(I)ccc21,-5.623423,-7.112763,-5.8206186,-6.185601533333333
CCCCN1/C(=C/C2=C(O)/C(=C/c3[se]c4cc(Br)ccc4[n+]3CCCCO)C2=O)[Se]c2ccccc21,-5.639739,-7.1828375,-5.814757,-6.2124445
CCCCN1/C(=C/C2=C(O)/C(=C/c3[se]c4cc(Br)ccc4[n+]3CCCCO)C2=O)[Se]c2cc(Br)ccc21,-5.5948696,-7.223592,-5.8795657,-6.232675766666667
CCCCN1/C(=C/C2=C(O)/C(=C/c3[se]c4cc(Br)ccc4[n+]3CCCCO)C2=O)[Se]c2cc(I)ccc21,-5.6226463,-7.089133,-5.8105187,-6.174099333333333
NCCCCN1/C(=C/C2=C(O)/C(=C/c3[se]c4cc(Br)ccc4[n+]3CCCCO)C2=O)[Se]c2ccccc21,-5.5303946,-7.615758,-6.1072035,-6.417785366666667
NCCCCN1/C(=C/C2=C(O)/C(=C/c3[se]c4cc(Br)ccc4[n+]3CCCCO)C2=O)[Se]c2cc(Br)ccc21,-5.4969363,-7.6473646,-6.1802917,-6.4415308666666675
NCCCCN1/C(=C/C2=C(O)/C(=C/c3[se]c4cc(Br)ccc4[n+]3CCCCO)C2=O)[Se]c2cc(I)ccc21,-5.520233,-7.5202036,-6.097924,-6.379453533333333
O=C1C(/C=C2\[Se]c3ccccc3N2CCCCO)=C(O)/C1=C/c1[se]c2cc(Br)ccc2[n+]1CCCCO,-5.5923576,-7.4121203,-5.8773394,-6.2939391
O=C1C(/C=C2\[Se]c3cc(Br)ccc3N2CCCCO)=C(O)/C1=C/c1[se]c2cc(Br)ccc2[n+]1CCCCO,-5.550953,-7.4575667,-5.95285,-6.3204565666666666
O=C1C(/C=C2\[Se]c3cc(I)ccc3N2CCCCO)=C(O)/C1=C/c1[se]c2cc(Br)ccc2[n+]1CCCCO,-5.5801177,-7.3130736,-5.8696632,-6.254284833333333
CC[N+](CC)(CC)CCCCN1/C(=C/C2=C(O)/C(=C/c3[se]c4cc(Br)ccc4[n+]3CCCCO)C2=O)[Se]c2ccccc21,-5.8692026,-7.8729887,-6.14145,-6.627880433333334
CC[N+](CC)(CC)CCCCN1/C(=C/C2=C(O)/C(=C/c3[se]c4cc(Br)ccc4[n+]3CCCCO)C2=O)[Se]c2cc(Br)ccc21,-5.806358,-7.931983,-6.2260385,-6.654793166666667
CC[N+](CC)(CC)CCCCN1/C(=C/C2=C(O)/C(=C/c3[se]c4cc(Br)ccc4[n+]3CCCCO)C2=O)[Se]c2cc(I)ccc21,-5.8513765,-7.7821417,-6.134138,-6.589218733333333
O=C1C(/C=C2\[Se]c3ccccc3N2CCCCS(=O)(=O)O)=C(O)/C1=C/c1[se]c2cc(Br)ccc2[n+]1CCCCO,-5.8462934,-7.9417706,-5.7738457,-6.520636566666667
O=C1C(/C=C2\[Se]c3cc(Br)ccc3N2CCCCS(=O)(=O)O)=C(O)/C1=C/c1[se]c2cc(Br)ccc2[n+]1CCCCO,-5.790637,-7.961891,-5.841659,-6.531395666666666
O=C1C(/C=C2\[Se]c3cc(I)ccc3N2CCCCS(=O)(=O)O)=C(O)/C1=C/c1[se]c2cc(Br)ccc2[n+]1CCCCO,-5.834952,-7.8513336,-5.769857,-6.485380866666667
O=C1C(/C=C2\[Se]c3ccccc3N2Cc2ccccc2)=C(O)/C1=C/c1[se]c2cc(Br)ccc2[n+]1CCCCO,-5.6129713,-7.5030212,-5.9088435,-6.3416120000000005
O=C1C(/C=C2\[Se]c3cc(Br)ccc3N2Cc2ccccc2)=C(O)/C1=C/c1[se]c2cc(Br)ccc2[n+]1CCCCO,-5.5656953,-7.540746,-5.981051,-6.362497433333334
O=C1C(/C=C2\[Se]c3cc(I)ccc3N2Cc2ccccc2)=C(O)/C1=C/c1[se]c2cc(Br)ccc2[n+]1CCCCO,-5.602198,-7.393912,-5.899566,-6.2985586666666675
O=C1C(/C=C2\[Se]c3ccccc3N2Cc2ccsc2)=C(O)/C1=C/c1[se]c2cc(Br)ccc2[n+]1CCCCO,-5.616343,-7.4431763,-5.894095,-6.317871433333333
O=C1C(/C=C2\[Se]c3cc(Br)ccc3N2Cc2ccsc2)=C(O)/C1=C/c1[se]c2cc(Br)ccc2[n+]1CCCCO,-5.569724,-7.4829903,-5.9672914,-6.3400019
O=C1C(/C=C2\[Se]c3cc(I)ccc3N2Cc2ccsc2)=C(O)/C1=C/c1[se]c2cc(Br)ccc2[n+]1CCCCO,-5.6020494,-7.3380237,-5.886966,-6.2756797
CCN1/C(=C/C2=C(O)/C(=C/c3[se]c4cc(I)ccc4[n+]3CCCCO)C2=O)[Se]c2ccccc21,-5.6637506,-7.0631647,-5.761164,-6.162693099999999
CCN1/C(=C/C2=C(O)/C(=C/c3[se]c4cc(I)ccc4[n+]3CCCCO)C2=O)[Se]c2cc(Br)ccc21,-5.6222415,-7.089475,-5.8197308,-6.177149100000001
CCN1/C(=C/C2=C(O)/C(=C/c3[se]c4cc(I)ccc4[n+]3CCCCO)C2=O)[Se]c2cc(I)ccc21,-5.647978,-6.967643,-5.757046,-6.124222333333333
CCCCN1/C(=C/C2=C(O)/C(=C/c3[se]c4cc(I)ccc4[n+]3CCCCO)C2=O)[Se]c2ccccc21,-5.6643186,-7.0315723,-5.748543,-6.148144633333334
CCCCN1/C(=C/C2=C(O)/C(=C/c3[se]c4cc(I)ccc4[n+]3CCCCO)C2=O)[Se]c2cc(Br)ccc21,-5.6211944,-7.0678177,-5.8102617,-6.166424599999999
CCCCN1/C(=C/C2=C(O)/C(=C/c3[se]c4cc(I)ccc4[n+]3CCCCO)C2=O)[Se]c2cc(I)ccc21,-5.6472816,-6.945336,-5.74562,-6.112745866666667
NCCCCN1/C(=C/C2=C(O)/C(=C/c3[se]c4cc(I)ccc4[n+]3CCCCO)C2=O)[Se]c2ccccc21,-5.5572166,-7.4500194,-6.0212517,-6.342829233333333
NCCCCN1/C(=C/C2=C(O)/C(=C/c3[se]c4cc(I)ccc4[n+]3CCCCO)C2=O)[Se]c2cc(Br)ccc21,-5.520649,-7.493692,-6.0951557,-6.369832233333334
NCCCCN1/C(=C/C2=C(O)/C(=C/c3[se]c4cc(I)ccc4[n+]3CCCCO)C2=O)[Se]c2cc(I)ccc21,-5.544797,-7.352533,-6.0115614,-6.302963800000001
O=C1C(/C=C2\[Se]c3ccccc3N2CCCCO)=C(O)/C1=C/c1[se]c2cc(I)ccc2[n+]1CCCCO,-5.622599,-7.248329,-5.802593,-6.224507
O=C1C(/C=C2\[Se]c3cc(Br)ccc3N2CCCCO)=C(O)/C1=C/c1[se]c2cc(I)ccc2[n+]1CCCCO,-5.57946,-7.289456,-5.869451,-6.246122333333333
O=C1C(/C=C2\[Se]c3cc(I)ccc3N2CCCCO)=C(O)/C1=C/c1[se]c2cc(I)ccc2[n+]1CCCCO,-5.6083393,-7.1516104,-5.7977905,-6.1859134
CC[N+](CC)(CC)CCCCN1/C(=C/C2=C(O)/C(=C/c3[se]c4cc(I)ccc4[n+]3CCCCO)C2=O)[Se]c2ccccc21,-5.914031,-7.6930547,-6.043581,-6.550222233333333
CC[N+](CC)(CC)CCCCN1/C(=C/C2=C(O)/C(=C/c3[se]c4cc(I)ccc4[n+]3CCCCO)C2=O)[Se]c2cc(Br)ccc21,-5.8501024,-7.759716,-6.1313524,-6.580390266666666
CC[N+](CC)(CC)CCCCN1/C(=C/C2=C(O)/C(=C/c3[se]c4cc(I)ccc4[n+]3CCCCO)C2=O)[Se]c2cc(I)ccc21,-5.8962364,-7.5994687,-6.0354505,-6.510385199999999
O=C1C(/C=C2\[Se]c3ccccc3N2CCCCS(=O)(=O)O)=C(O)/C1=C/c1[se]c2cc(I)ccc2[n+]1CCCCO,-5.8869567,-7.7883515,-5.696203,-6.4571704
O=C1C(/C=C2\[Se]c3cc(Br)ccc3N2CCCCS(=O)(=O)O)=C(O)/C1=C/c1[se]c2cc(I)ccc2[n+]1CCCCO,-5.8337955,-7.823,-5.7672715,-6.474689000000001
O=C1C(/C=C2\[Se]c3cc(I)ccc3N2CCCCS(=O)(=O)O)=C(O)/C1=C/c1[se]c2cc(I)ccc2[n+]1CCCCO,-5.874876,-7.698277,-5.692348,-6.421833666666667
O=C1C(/C=C2\[Se]c3ccccc3N2Cc2ccccc2)=C(O)/C1=C/c1[se]c2cc(I)ccc2[n+]1CCCCO,-5.64449,-7.3383255,-5.8348494,-6.272554966666667
O=C1C(/C=C2\[Se]c3cc(Br)ccc3N2Cc2ccccc2)=C(O)/C1=C/c1[se]c2cc(I)ccc2[n+]1CCCCO,-5.601531,-7.369008,-5.8984094,-6.289649466666667
O=C1C(/C=C2\[Se]c3cc(I)ccc3N2Cc2ccccc2)=C(O)/C1=C/c1[se]c2cc(I)ccc2[n+]1CCCCO,-5.629828,-7.237788,-5.830742,-6.232786
O=C1C(/C=C2\[Se]c3ccccc3N2Cc2ccsc2)=C(O)/C1=C/c1[se]c2cc(I)ccc2[n+]1CCCCO,-5.6432385,-7.283402,-5.8236766,-6.2501057
O=C1C(/C=C2\[Se]c3cc(Br)ccc3N2Cc2ccsc2)=C(O)/C1=C/c1[se]c2cc(I)ccc2[n+]1CCCCO,-5.601446,-7.313205,-5.885863,-6.266838
O=C1C(/C=C2\[Se]c3cc(I)ccc3N2Cc2ccsc2)=C(O)/C1=C/c1[se]c2cc(I)ccc2[n+]1CCCCO,-5.629817,-7.1818514,-5.8187485,-6.210138966666666
CCN1/C(=C/C2=C(O)/C(=C/c3[se]c4ccccc4[n+]3CCCC[N+](CC)(CC)CC)C2=O)[Se]c2ccccc21,-5.998885,-7.60049,-5.967538,-6.5223043333333335
CCN1/C(=C/C2=C(O)/C(=C/c3[se]c4ccccc4[n+]3CCCC[N+](CC)(CC)CC)C2=O)[Se]c2cc(Br)ccc21,-5.93435,-7.6556387,-6.0516586,-6.547215766666667
CCN1/C(=C/C2=C(O)/C(=C/c3[se]c4ccccc4[n+]3CCCC[N+](CC)(CC)CC)C2=O)[Se]c2cc(I)ccc21,-5.9772043,-7.500619,-5.961308,-6.4797104333333335
CCCCN1/C(=C/C2=C(O)/C(=C/c3[se]c4ccccc4[n+]3CCCC[N+](CC)(CC)CC)C2=O)[Se]c2ccccc21,-5.996378,-7.5722055,-5.957364,-6.508649166666667
CCCCN1/C(=C/C2=C(O)/C(=C/c3[se]c4ccccc4[n+]3CCCC[N+](CC)(CC)CC)C2=O)[Se]c2cc(Br)ccc21,-5.933093,-7.6320996,-6.041939,-6.535710533333333
CCCCN1/C(=C/C2=C(O)/C(=C/c3[se]c4ccccc4[n+]3CCCC[N+](CC)(CC)CC)C2=O)[Se]c2cc(I)ccc21,-5.9750175,-7.4802117,-5.9523726,-6.469200600000001
CC[N+](CC)(CC)CCCC[n+]1c(/C=C2\C(=O)C(/C=C3\[Se]c4ccccc4N3CCCCN)=C2O)[se]c2ccccc21,-5.8381977,-8.0508995,-6.300115,-6.7297374
CC[N+](CC)(CC)CCCC[n+]1c(/C=C2\C(=O)C(/C=C3\[Se]c4cc(Br)ccc4N3CCCCN)=C2O)[se]c2ccccc21,-5.7785807,-8.113791,-6.393336,-6.7619025666666674
CC[N+](CC)(CC)CCCC[n+]1c(/C=C2\C(=O)C(/C=C3\[Se]c4cc(I)ccc4N3CCCCN)=C2O)[se]c2ccccc21,-5.8195257,-7.9650307,-6.2949195,-6.693158633333333
CC[N+](CC)(CC)CCCC[n+]1c(/C=C2\C(=O)C(/C=C3\[Se]c4ccccc4N3CCCCO)=C2O)[se]c2ccccc21,-5.944621,-7.7987394,-6.044688,-6.596016133333333
CC[N+](CC)(CC)CCCC[n+]1c(/C=C2\C(=O)C(/C=C3\[Se]c4cc(Br)ccc4N3CCCCO)=C2O)[se]c2ccccc21,-5.880369,-7.861525,-6.132111,-6.624668333333333
CC[N+](CC)(CC)CCCC[n+]1c(/C=C2\C(=O)C(/C=C3\[Se]c4cc(I)ccc4N3CCCCO)=C2O)[se]c2ccccc21,-5.9265194,-7.7016597,-6.0361333,-6.5547708
CC[N+](CC)(CC)CCCCN1/C(=C/C2=C(O)/C(=C/c3[se]c4ccccc4[n+]3CCCC[N+](CC)(CC)CC)C2=O)[Se]c2ccccc21,-6.1549854,-8.27331,-6.3125696,-6.913621666666667
CC[N+](CC)(CC)CCCCN1/C(=C/C2=C(O)/C(=C/c3[se]c4ccccc4[n+]3CCCC[N+](CC)(CC)CC)C2=O)[Se]c2cc(Br)ccc21,-6.090995,-8.345115,-6.403513,-6.946541
CC[N+](CC)(CC)CCCCN1/C(=C/C2=C(O)/C(=C/c3[se]c4ccccc4[n+]3CCCC[N+](CC)(CC)CC)C2=O)[Se]c2cc(I)ccc21,-6.1398487,-8.178696,-6.302843,-6.8737959
CC[N+](CC)(CC)CCCC[n+]1c(/C=C2\C(=O)C(/C=C3\[Se]c4ccccc4N3CCCCS(=O)(=O)O)=C2O)[se]c2ccccc21,-6.152999,-8.363225,-5.958539,-6.824921000000001
CC[N+](CC)(CC)CCCC[n+]1c(/C=C2\C(=O)C(/C=C3\[Se]c4cc(Br)ccc4N3CCCCS(=O)(=O)O)=C2O)[se]c2ccccc21,-6.0904846,-8.409208,-6.048857,-6.849516533333333
CC[N+](CC)(CC)CCCC[n+]1c(/C=C2\C(=O)C(/C=C3\[Se]c4cc(I)ccc4N3CCCCS(=O)(=O)O)=C2O)[se]c2ccccc21,-6.13921,-8.268972,-5.9541974,-6.787459800000001
CC[N+](CC)(CC)CCCC[n+]1c(/C=C2\C(=O)C(/C=C3\[Se]c4ccccc4N3Cc3ccccc3)=C2O)[se]c2ccccc21,-5.9772224,-7.873761,-6.063012,-6.637998466666667
CC[N+](CC)(CC)CCCC[n+]1c(/C=C2\C(=O)C(/C=C3\[Se]c4cc(Br)ccc4N3Cc3ccccc3)=C2O)[se]c2ccccc21,-5.9086103,-7.9356337,-6.1570234,-6.6670891333333335
CC[N+](CC)(CC)CCCC[n+]1c(/C=C2\C(=O)C(/C=C3\[Se]c4cc(I)ccc4N3Cc3ccccc3)=C2O)[se]c2ccccc21,-5.957303,-7.7667084,-6.055702,-6.5932378
CC[N+](CC)(CC)CCCC[n+]1c(/C=C2\C(=O)C(/C=C3\[Se]c4ccccc4N3Cc3ccsc3)=C2O)[se]c2ccccc21,-5.9722605,-7.8169413,-6.052141,-6.6137809333333335
CC[N+](CC)(CC)CCCC[n+]1c(/C=C2\C(=O)C(/C=C3\[Se]c4cc(Br)ccc4N3Cc3ccsc3)=C2O)[se]c2ccccc21,-5.9044404,-7.8842435,-6.145343,-6.644675633333333
CC[N+](CC)(CC)CCCC[n+]1c(/C=C2\C(=O)C(/C=C3\[Se]c4cc(I)ccc4N3Cc3ccsc3)=C2O)[se]c2ccccc21,-5.951324,-7.714428,-6.045645,-6.570465666666666
CCN1/C(=C/C2=C(O)/C(=C/c3[se]c4cc(Br)ccc4[n+]3CCCC[N+](CC)(CC)CC)C2=O)[Se]c2ccccc21,-5.937122,-7.6874914,-6.0570817,-6.560565033333333
CCN1/C(=C/C2=C(O)/C(=C/c3[se]c4cc(Br)ccc4[n+]3CCCC[N+](CC)(CC)CC)C2=O)[Se]c2cc(Br)ccc21,-5.872644,-7.7354593,-6.140086,-6.582729766666667
CCN1/C(=C/C2=C(O)/C(=C/c3[se]c4cc(Br)ccc4[n+]3CCCC[N+](CC)(CC)CC)C2=O)[Se]c2cc(I)ccc21,-5.917952,-7.5876503,-6.0489993,-6.518200533333332
CCCCN1/C(=C/C2=C(O)/C(=C/c3[se]c4cc(Br)ccc4[n+]3CCCC[N+](CC)(CC)CC)C2=O)[Se]c2ccccc21,-5.9353414,-7.6550665,-6.046034,-6.545480633333334
CCCCN1/C(=C/C2=C(O)/C(=C/c3[se]c4cc(Br)ccc4[n+]3CCCC[N+](CC)(CC)CC)C2=O)[Se]c2cc(Br)ccc21,-5.871909,-7.7134686,-6.130457,-6.571944866666667
CCCCN1/C(=C/C2=C(O)/C(=C/c3[se]c4cc(Br)ccc4[n+]3CCCC[N+](CC)(CC)CC)C2=O)[Se]c2cc(I)ccc21,-5.9178905,-7.565628,-6.039477,-6.5076651666666665
CC[N+](CC)(CC)CCCC[n+]1c(/C=C2\C(=O)C(/C=C3\[Se]c4ccccc4N3CCCCN)=C2O)[se]c2cc(Br)ccc21,-5.7809024,-8.137093,-6.3975835,-6.7718596333333325
CC[N+](CC)(CC)CCCC[n+]1c(/C=C2\C(=O)C(/C=C3\[Se]c4cc(Br)ccc4N3CCCCN)=C2O)[se]c2cc(Br)ccc21,-5.728816,-8.208901,-6.4883204,-6.8086791333333325
CC[N+](CC)(CC)CCCC[n+]1c(/C=C2\C(=O)C(/C=C3\[Se]c4cc(I)ccc4N3CCCCN)=C2O)[se]c2cc(Br)ccc21,-5.7625227,-8.053179,-6.3905706,-6.7354241
CC[N+](CC)(CC)CCCC[n+]1c(/C=C2\C(=O)C(/C=C3\[Se]c4ccccc4N3CCCCO)=C2O)[se]c2cc(Br)ccc21,-5.8824196,-7.8844376,-6.1362085,-6.634355233333333
CC[N+](CC)(CC)CCCC[n+]1c(/C=C2\C(=O)C(/C=C3\[Se]c4cc(Br)ccc4N3CCCCO)=C2O)[se]c2cc(Br)ccc21,-5.8196874,-7.9419875,-6.2203956,-6.660690166666666
CC[N+](CC)(CC)CCCC[n+]1c(/C=C2\C(=O)C(/C=C3\[Se]c4cc(I)ccc4N3CCCCO)=C2O)[se]c2cc(Br)ccc21,-5.864507,-7.793004,-6.128606,-6.595372333333334
CC[N+](CC)(CC)CCCCN1/C(=C/C2=C(O)/C(=C/c3[se]c4cc(Br)ccc4[n+]3CCCC[N+](CC)(CC)CC)C2=O)[Se]c2ccccc21,-6.092578,-8.36733,-6.4076414,-6.9558498
CC[N+](CC)(CC)CCCCN1/C(=C/C2=C(O)/C(=C/c3[se]c4cc(Br)ccc4[n+]3CCCC[N+](CC)(CC)CC)C2=O)[Se]c2cc(Br)ccc21,-6.0311775,-8.444588,-6.495905,-6.990556833333333
CC[N+](CC)(CC)CCCCN1/C(=C/C2=C(O)/C(=C/c3[se]c4cc(Br)ccc4[n+]3CCCC[N+](CC)(CC)CC)C2=O)[Se]c2cc(I)ccc21,-6.075986,-8.275999,-6.3971663,-6.916383766666667
CC[N+](CC)(CC)CCCC[n+]1c(/C=C2\C(=O)C(/C=C3\[Se]c4ccccc4N3CCCCS(=O)(=O)O)=C2O)[se]c2cc(Br)ccc21,-6.0921307,-8.433725,-6.0524893,-6.859448333333334
CC[N+](CC)(CC)CCCC[n+]1c(/C=C2\C(=O)C(/C=C3\[Se]c4cc(Br)ccc4N3CCCCS(=O)(=O)O)=C2O)[se]c2cc(Br)ccc21,-6.0319614,-8.485378,-6.1474752,-6.8882715333333335
CC[N+](CC)(CC)CCCC[n+]1c(/C=C2\C(=O)C(/C=C3\[Se]c4cc(I)ccc4N3CCCCS(=O)(=O)O)=C2O)[se]c2cc(Br)ccc21,-6.078186,-8.340002,-6.048064,-6.822084
CC[N+](CC)(CC)CCCC[n+]1c(/C=C2\C(=O)C(/C=C3\[Se]c4ccccc4N3Cc3ccccc3)=C2O)[se]c2cc(Br)ccc21,-5.910163,-7.9674597,-6.162352,-6.679991566666668
CC[N+](CC)(CC)CCCC[n+]1c(/C=C2\C(=O)C(/C=C3\[Se]c4cc(Br)ccc4N3Cc3ccccc3)=C2O)[se]c2cc(Br)ccc21,-5.8478775,-8.014048,-6.245255,-6.7023935
CC[N+](CC)(CC)CCCC[n+]1c(/C=C2\C(=O)C(/C=C3\[Se]c4cc(I)ccc4N3Cc3ccccc3)=C2O)[se]c2cc(Br)ccc21,-5.8931136,-7.865243,-6.1529245,-6.6370937
CC[N+](CC)(CC)CCCC[n+]1c(/C=C2\C(=O)C(/C=C3\[Se]c4ccccc4N3Cc3ccsc3)=C2O)[se]c2cc(Br)ccc21,-5.906248,-7.9146595,-6.1504517,-6.657119733333334
CC[N+](CC)(CC)CCCC[n+]1c(/C=C2\C(=O)C(/C=C3\[Se]c4cc(Br)ccc4N3Cc3ccsc3)=C2O)[se]c2cc(Br)ccc21,-5.843892,-7.9640837,-6.23395,-6.6806419
CC[N+](CC)(CC)CCCC[n+]1c(/C=C2\C(=O)C(/C=C3\[Se]c4cc(I)ccc4N3Cc3ccsc3)=C2O)[se]c2cc(Br)ccc21,-5.888867,-7.814398,-6.1411414,-6.614802133333334
CCN1/C(=C/C2=C(O)/C(=C/c3[se]c4cc(I)ccc4[n+]3CCCC[N+](CC)(CC)CC)C2=O)[Se]c2ccccc21,-5.9788775,-7.5136013,-5.9654226,-6.485967133333333
CCN1/C(=C/C2=C(O)/C(=C/c3[se]c4cc(I)ccc4[n+]3CCCC[N+](CC)(CC)CC)C2=O)[Se]c2cc(Br)ccc21,-5.91649,-7.5678573,-6.0471125,-6.5104866
CCN1/C(=C/C2=C(O)/C(=C/c3[se]c4cc(I)ccc4[n+]3CCCC[N+](CC)(CC)CC)C2=O)[Se]c2cc(I)ccc21,-5.9589562,-7.4136066,-5.9574065,-6.443323100000001
CCCCN1/C(=C/C2=C(O)/C(=C/c3[se]c4cc(I)ccc4[n+]3CCCC[N+](CC)(CC)CC)C2=O)[Se]c2ccccc21,-5.9763265,-7.485409,-5.955198,-6.472311166666667
CCCCN1/C(=C/C2=C(O)/C(=C/c3[se]c4cc(I)ccc4[n+]3CCCC[N+](CC)(CC)CC)C2=O)[Se]c2cc(Br)ccc21,-5.9163704,-7.5448656,-6.03726,-6.499498666666667
CCCCN1/C(=C/C2=C(O)/C(=C/c3[se]c4cc(I)ccc4[n+]3CCCC[N+](CC)(CC)CC)C2=O)[Se]c2cc(I)ccc21,-5.9579496,-7.394655,-5.948751,-6.4337852
CC[N+](CC)(CC)CCCC[n+]1c(/C=C2\C(=O)C(/C=C3\[Se]c4ccccc4N3CCCCN)=C2O)[se]c2cc(I)ccc21,-5.819997,-7.9653425,-6.295709,-6.693682833333334
CC[N+](CC)(CC)CCCC[n+]1c(/C=C2\C(=O)C(/C=C3\[Se]c4cc(Br)ccc4N3CCCCN)=C2O)[se]c2cc(I)ccc21,-5.761494,-8.031079,-6.3868895,-6.7264875
CC[N+](CC)(CC)CCCC[n+]1c(/C=C2\C(=O)C(/C=C3\[Se]c4cc(I)ccc4N3CCCCN)=C2O)[se]c2cc(I)ccc21,-5.801619,-7.878778,-6.2898874,-6.656761466666666
CC[N+](CC)(CC)CCCC[n+]1c(/C=C2\C(=O)C(/C=C3\[Se]c4ccccc4N3CCCCO)=C2O)[se]c2cc(I)ccc21,-5.9270587,-7.704452,-6.038137,-6.556549233333333
CC[N+](CC)(CC)CCCC[n+]1c(/C=C2\C(=O)C(/C=C3\[Se]c4cc(Br)ccc4N3CCCCO)=C2O)[se]c2cc(I)ccc21,-5.8629713,-7.7704616,-6.125724,-6.586385633333333
CC[N+](CC)(CC)CCCC[n+]1c(/C=C2\C(=O)C(/C=C3\[Se]c4cc(I)ccc4N3CCCCO)=C2O)[se]c2cc(I)ccc21,-5.9091606,-7.610798,-6.0299664,-6.516641666666666
CC[N+](CC)(CC)CCCCN1/C(=C/C2=C(O)/C(=C/c3[se]c4cc(I)ccc4[n+]3CCCC[N+](CC)(CC)CC)C2=O)[Se]c2ccccc21,-6.140389,-8.183523,-6.305502,-6.876471333333334
CC[N+](CC)(CC)CCCCN1/C(=C/C2=C(O)/C(=C/c3[se]c4cc(I)ccc4[n+]3CCCC[N+](CC)(CC)CC)C2=O)[Se]c2cc(Br)ccc21,-6.0753183,-8.258228,-6.395093,-6.909546433333333
CC[N+](CC)(CC)CCCCN1/C(=C/C2=C(O)/C(=C/c3[se]c4cc(I)ccc4[n+]3CCCC[N+](CC)(CC)CC)C2=O)[Se]c2cc(I)ccc21,-6.1258917,-8.091602,-6.294542,-6.837345233333333
CC[N+](CC)(CC)CCCC[n+]1c(/C=C2\C(=O)C(/C=C3\[Se]c4ccccc4N3CCCCS(=O)(=O)O)=C2O)[se]c2cc(I)ccc21,-6.139033,-8.269095,-5.9567375,-6.7882885
CC[N+](CC)(CC)CCCC[n+]1c(/C=C2\C(=O)C(/C=C3\[Se]c4cc(Br)ccc4N3CCCCS(=O)(=O)O)=C2O)[se]c2cc(I)ccc21,-6.0765085,-8.314457,-6.0460653,-6.812343600000001
CC[N+](CC)(CC)CCCC[n+]1c(/C=C2\C(=O)C(/C=C3\[Se]c4cc(I)ccc4N3CCCCS(=O)(=O)O)=C2O)[se]c2cc(I)ccc21,-6.1253343,-8.176778,-5.952278,-6.751463433333334
CC[N+](CC)(CC)CCCC[n+]1c(/C=C2\C(=O)C(/C=C3\[Se]c4ccccc4N3Cc3ccccc3)=C2O)[se]c2cc(I)ccc21,-5.958126,-7.778526,-6.059309,-6.598653666666666
CC[N+](CC)(CC)CCCC[n+]1c(/C=C2\C(=O)C(/C=C3\[Se]c4cc(Br)ccc4N3Cc3ccccc3)=C2O)[se]c2cc(I)ccc21,-5.891605,-7.8423944,-6.1501136,-6.628037666666667
CC[N+](CC)(CC)CCCC[n+]1c(/C=C2\C(=O)C(/C=C3\[Se]c4cc(I)ccc4N3Cc3ccccc3)=C2O)[se]c2cc(I)ccc21,-5.9389644,-7.6764407,-6.05262,-6.556008366666667
CC[N+](CC)(CC)CCCC[n+]1c(/C=C2\C(=O)C(/C=C3\[Se]c4ccccc4N3Cc3ccsc3)=C2O)[se]c2cc(I)ccc21,-5.952156,-7.725526,-6.0489483,-6.575543433333333
CC[N+](CC)(CC)CCCC[n+]1c(/C=C2\C(=O)C(/C=C3\[Se]c4cc(Br)ccc4N3Cc3ccsc3)=C2O)[se]c2cc(I)ccc21,-5.8872085,-7.792181,-6.138548,-6.605979166666667
CC[N+](CC)(CC)CCCC[n+]1c(/C=C2\C(=O)C(/C=C3\[Se]c4cc(I)ccc4N3Cc3ccsc3)=C2O)[se]c2cc(I)ccc21,-5.933271,-7.626196,-6.043328,-6.534265
CCN1/C(=C/C2=C(O)/C(=C/c3[se]c4ccccc4[n+]3CCCCS(=O)(=O)O)C2=O)[Se]c2ccccc21,-5.9773173,-7.7285814,-5.6298995,-6.445266066666666
CCN1/C(=C/C2=C(O)/C(=C/c3[se]c4ccccc4[n+]3CCCCS(=O)(=O)O)C2=O)[Se]c2cc(Br)ccc21,-5.923837,-7.7435703,-5.7023125,-6.456573266666666
CCN1/C(=C/C2=C(O)/C(=C/c3[se]c4ccccc4[n+]3CCCCS(=O)(=O)O)C2=O)[Se]c2cc(I)ccc21,-5.96143,-7.6242123,-5.628807,-6.404816433333333
CCCCN1/C(=C/C2=C(O)/C(=C/c3[se]c4ccccc4[n+]3CCCCS(=O)(=O)O)C2=O)[Se]c2ccccc21,-5.965986,-7.6827374,-5.6180863,-6.4222699
CCCCN1/C(=C/C2=C(O)/C(=C/c3[se]c4ccccc4[n+]3CCCCS(=O)(=O)O)C2=O)[Se]c2cc(Br)ccc21,-5.9140944,-7.7082214,-5.6885166,-6.436944133333333
CCCCN1/C(=C/C2=C(O)/C(=C/c3[se]c4ccccc4[n+]3CCCCS(=O)(=O)O)C2=O)[Se]c2cc(I)ccc21,-5.9510565,-7.5911913,-5.617573,-6.386606933333333
NCCCCN1/C(=C/C2=C(O)/C(=C/c3[se]c4ccccc4[n+]3CCCCS(=O)(=O)O)C2=O)[Se]c2ccccc21,-5.81045,-8.053199,-5.903581,-6.589076666666666
NCCCCN1/C(=C/C2=C(O)/C(=C/c3[se]c4ccccc4[n+]3CCCCS(=O)(=O)O)C2=O)[Se]c2cc(Br)ccc21,-5.761887,-8.062727,-5.971464,-6.598692666666667
NCCCCN1/C(=C/C2=C(O)/C(=C/c3[se]c4ccccc4[n+]3CCCCS(=O)(=O)O)C2=O)[Se]c2cc(I)ccc21,-5.802859,-7.9675074,-5.9002957,-6.556887366666667
O=C1C(/C=C2\[Se]c3ccccc3N2CCCCO)=C(O)/C1=C/c1[se]c2ccccc2[n+]1CCCCS(=O)(=O)O,-5.9133186,-7.911552,-5.691633,-6.5055012
O=C1C(/C=C2\[Se]c3cc(Br)ccc3N2CCCCO)=C(O)/C1=C/c1[se]c2ccccc2[n+]1CCCCS(=O)(=O)O,-5.856534,-7.9372835,-5.766799,-6.520205499999999
O=C1C(/C=C2\[Se]c3cc(I)ccc3N2CCCCO)=C(O)/C1=C/c1[se]c2ccccc2[n+]1CCCCS(=O)(=O)O,-5.898013,-7.8104057,-5.6901245,-6.466181066666667
CC[N+](CC)(CC)CCCCN1/C(=C/C2=C(O)/C(=C/c3[se]c4ccccc4[n+]3CCCCS(=O)(=O)O)C2=O)[Se]c2ccccc21,-6.1531315,-8.372984,-5.960344,-6.828819833333333
CC[N+](CC)(CC)CCCCN1/C(=C/C2=C(O)/C(=C/c3[se]c4ccccc4[n+]3CCCCS(=O)(=O)O)C2=O)[Se]c2cc(Br)ccc21,-6.0904307,-8.41997,-6.051524,-6.8539749
CC[N+](CC)(CC)CCCCN1/C(=C/C2=C(O)/C(=C/c3[se]c4ccccc4[n+]3CCCCS(=O)(=O)O)C2=O)[Se]c2cc(I)ccc21,-6.1392975,-8.278884,-5.9560533,-6.7914116
O=C1C(/C=C2\[Se]c3ccccc3N2CCCCS(=O)(=O)O)=C(O)/C1=C/c1[se]c2ccccc2[n+]1CCCCS(=O)(=O)O,-6.061752,-8.426878,-5.584761,-6.691130333333334
O=C1C(/C=C2\[Se]c3cc(Br)ccc3N2CCCCS(=O)(=O)O)=C(O)/C1=C/c1[se]c2ccccc2[n+]1CCCCS(=O)(=O)O,-6.0095773,-8.42839,-5.6527147,-6.696894
O=C1C(/C=C2\[Se]c3cc(I)ccc3N2CCCCS(=O)(=O)O)=C(O)/C1=C/c1[se]c2ccccc2[n+]1CCCCS(=O)(=O)O,-6.0500364,-8.329365,-5.5923324,-6.657244599999999
O=C1C(/C=C2\[Se]c3ccccc3N2Cc2ccccc2)=C(O)/C1=C/c1[se]c2ccccc2[n+]1CCCCS(=O)(=O)O,-5.9577365,-8.031283,-5.7025657,-6.563861733333334
O=C1C(/C=C2\[Se]c3cc(Br)ccc3N2Cc2ccccc2)=C(O)/C1=C/c1[se]c2ccccc2[n+]1CCCCS(=O)(=O)O,-5.897615,-8.043812,-5.7830396,-6.5748222
O=C1C(/C=C2\[Se]c3cc(I)ccc3N2Cc2ccccc2)=C(O)/C1=C/c1[se]c2ccccc2[n+]1CCCCS(=O)(=O)O,-5.9406314,-7.9134464,-5.7008395,-6.518305766666667
O=C1C(/C=C2\[Se]c3ccccc3N2Cc2ccsc2)=C(O)/C1=C/c1[se]c2ccccc2[n+]1CCCCS(=O)(=O)O,-5.9566507,-7.9742393,-5.697266,-6.542718666666667
O=C1C(/C=C2\[Se]c3cc(Br)ccc3N2Cc2ccsc2)=C(O)/C1=C/c1[se]c2ccccc2[n+]1CCCCS(=O)(=O)O,-5.8974466,-7.9876366,-5.7778354,-6.5543062
O=C1C(/C=C2\[Se]c3cc(I)ccc3N2Cc2ccsc2)=C(O)/C1=C/c1[se]c2ccccc2[n+]1CCCCS(=O)(=O)O,-5.9393945,-7.8583126,-5.695761,-6.4978227
CCN1/C(=C/C2=C(O)/C(=C/c3[se]c4cc(Br)ccc4[n+]3CCCCS(=O)(=O)O)C2=O)[Se]c2ccccc21,-5.9252934,-7.7778177,-5.7062097,-6.4697736
CCN1/C(=C/C2=C(O)/C(=C/c3[se]c4cc(Br)ccc4[n+]3CCCCS(=O)(=O)O)C2=O)[Se]c2cc(Br)ccc21,-5.8724103,-7.8037596,-5.7781925,-6.484787466666667
CCN1/C(=C/C2=C(O)/C(=C/c3[se]c4cc(Br)ccc4[n+]3CCCCS(=O)(=O)O)C2=O)[Se]c2cc(I)ccc21,-5.913343,-7.679346,-5.7017612,-6.4314834
CCCCN1/C(=C/C2=C(O)/C(=C/c3[se]c4cc(Br)ccc4[n+]3CCCCS(=O)(=O)O)C2=O)[Se]c2ccccc21,-5.9145947,-7.7325726,-5.692077,-6.446414766666667
CCCCN1/C(=C/C2=C(O)/C(=C/c3[se]c4cc(Br)ccc4[n+]3CCCCS(=O)(=O)O)C2=O)[Se]c2cc(Br)ccc21,-5.8637304,-7.764413,-5.7642145,-6.4641193
CCCCN1/C(=C/C2=C(O)/C(=C/c3[se]c4cc(Br)ccc4[n+]3CCCCS(=O)(=O)O)C2=O)[Se]c2cc(I)ccc21,-5.902809,-7.6453204,-5.6891723,-6.4124339
NCCCCN1/C(=C/C2=C(O)/C(=C/c3[se]c4cc(Br)ccc4[n+]3CCCCS(=O)(=O)O)C2=O)[Se]c2ccccc21,-5.762927,-8.086229,-5.975001,-6.608052333333333
NCCCCN1/C(=C/C2=C(O)/C(=C/c3[se]c4cc(Br)ccc4[n+]3CCCCS(=O)(=O)O)C2=O)[Se]c2cc(Br)ccc21,-5.724686,-8.097477,-6.0350614,-6.6190748
NCCCCN1/C(=C/C2=C(O)/C(=C/c3[se]c4cc(Br)ccc4[n+]3CCCCS(=O)(=O)O)C2=O)[Se]c2cc(I)ccc21,-5.7572975,-8.001036,-5.9696784,-6.576003966666666
O=C1C(/C=C2\[Se]c3ccccc3N2CCCCO)=C(O)/C1=C/c1[se]c2cc(Br)ccc2[n+]1CCCCS(=O)(=O)O,-5.8573813,-7.9607677,-5.770085,-6.529411333333333
O=C1C(/C=C2\[Se]c3cc(Br)ccc3N2CCCCO)=C(O)/C1=C/c1[se]c2cc(Br)ccc2[n+]1CCCCS(=O)(=O)O,-5.802827,-7.9813776,-5.836889,-6.5403645333333325
O=C1C(/C=C2\[Se]c3cc(I)ccc3N2CCCCO)=C(O)/C1=C/c1[se]c2cc(Br)ccc2[n+]1CCCCS(=O)(=O)O,-5.8462996,-7.8700895,-5.765745,-6.4940447
CC[N+](CC)(CC)CCCCN1/C(=C/C2=C(O)/C(=C/c3[se]c4cc(Br)ccc4[n+]3CCCCS(=O)(=O)O)C2=O)[Se]c2ccccc21,-6.092077,-8.444487,-6.055156,-6.863906666666668
CC[N+](CC)(CC)CCCCN1/C(=C/C2=C(O)/C(=C/c3[se]c4cc(Br)ccc4[n+]3CCCCS(=O)(=O)O)C2=O)[Se]c2cc(Br)ccc21,-6.032061,-8.496552,-6.150326,-6.892979666666666
CC[N+](CC)(CC)CCCCN1/C(=C/C2=C(O)/C(=C/c3[se]c4cc(Br)ccc4[n+]3CCCCS(=O)(=O)O)C2=O)[Se]c2cc(I)ccc21,-6.078126,-8.350755,-6.0507245,-6.826535166666667
O=C1C(/C=C2\[Se]c3ccccc3N2CCCCS(=O)(=O)O)=C(O)/C1=C/c1[se]c2cc(Br)ccc2[n+]1CCCCS(=O)(=O)O,-6.011902,-8.453574,-5.6538806,-6.7064522
O=C1C(/C=C2\[Se]c3cc(Br)ccc3N2CCCCS(=O)(=O)O)=C(O)/C1=C/c1[se]c2cc(Br)ccc2[n+]1CCCCS(=O)(=O)O,-5.961469,-8.455139,-5.724687,-6.7137649999999995
O=C1C(/C=C2\[Se]c3cc(I)ccc3N2CCCCS(=O)(=O)O)=C(O)/C1=C/c1[se]c2cc(Br)ccc2[n+]1CCCCS(=O)(=O)O,-6.0005746,-8.357068,-5.659645,-6.6724292
O=C1C(/C=C2\[Se]c3ccccc3N2Cc2ccccc2)=C(O)/C1=C/c1[se]c2cc(Br)ccc2[n+]1CCCCS(=O)(=O)O,-5.8988314,-8.082787,-5.787013,-6.589543799999999
O=C1C(/C=C2\[Se]c3cc(Br)ccc3N2Cc2ccccc2)=C(O)/C1=C/c1[se]c2cc(Br)ccc2[n+]1CCCCS(=O)(=O)O,-5.8414836,-8.088522,-5.865357,-6.5984542
O=C1C(/C=C2\[Se]c3cc(I)ccc3N2Cc2ccccc2)=C(O)/C1=C/c1[se]c2cc(Br)ccc2[n+]1CCCCS(=O)(=O)O,-5.88465,-7.965081,-5.785197,-6.544975999999999
O=C1C(/C=C2\[Se]c3ccccc3N2Cc2ccsc2)=C(O)/C1=C/c1[se]c2cc(Br)ccc2[n+]1CCCCS(=O)(=O)O,-5.8985724,-8.026659,-5.781871,-6.569034133333333
O=C1C(/C=C2\[Se]c3cc(Br)ccc3N2Cc2ccsc2)=C(O)/C1=C/c1[se]c2cc(Br)ccc2[n+]1CCCCS(=O)(=O)O,-5.8440022,-8.046035,-5.8600755,-6.583370899999999
O=C1C(/C=C2\[Se]c3cc(I)ccc3N2Cc2ccsc2)=C(O)/C1=C/c1[se]c2cc(Br)ccc2[n+]1CCCCS(=O)(=O)O,-5.88617,-7.9180307,-5.7786665,-6.527622399999999
CCN1/C(=C/C2=C(O)/C(=C/c3[se]c4cc(I)ccc4[n+]3CCCCS(=O)(=O)O)C2=O)[Se]c2ccccc21,-5.961576,-7.6332808,-5.6326847,-6.409180500000001
CCN1/C(=C/C2=C(O)/C(=C/c3[se]c4cc(I)ccc4[n+]3CCCCS(=O)(=O)O)C2=O)[Se]c2cc(Br)ccc21,-5.912196,-7.655097,-5.702005,-6.423099333333333
CCN1/C(=C/C2=C(O)/C(=C/c3[se]c4cc(I)ccc4[n+]3CCCCS(=O)(=O)O)C2=O)[Se]c2cc(I)ccc21,-5.9485917,-7.534503,-5.6290574,-6.370717366666667
CCCCN1/C(=C/C2=C(O)/C(=C/c3[se]c4cc(I)ccc4[n+]3CCCCS(=O)(=O)O)C2=O)[Se]c2ccccc21,-5.9506755,-7.591711,-5.621559,-6.387981833333334
CCCCN1/C(=C/C2=C(O)/C(=C/c3[se]c4cc(I)ccc4[n+]3CCCCS(=O)(=O)O)C2=O)[Se]c2cc(Br)ccc21,-5.9017606,-7.6212673,-5.6894836,-6.4041705
CCCCN1/C(=C/C2=C(O)/C(=C/c3[se]c4cc(I)ccc4[n+]3CCCCS(=O)(=O)O)C2=O)[Se]c2cc(I)ccc21,-5.937498,-7.506596,-5.6199217,-6.3546719
NCCCCN1/C(=C/C2=C(O)/C(=C/c3[se]c4cc(I)ccc4[n+]3CCCCS(=O)(=O)O)C2=O)[Se]c2ccccc21,-5.8018813,-7.960515,-5.9003525,-6.5542495999999995
NCCCCN1/C(=C/C2=C(O)/C(=C/c3[se]c4cc(I)ccc4[n+]3CCCCS(=O)(=O)O)C2=O)[Se]c2cc(Br)ccc21,-5.755976,-7.9711018,-5.965605,-6.5642276
NCCCCN1/C(=C/C2=C(O)/C(=C/c3[se]c4cc(I)ccc4[n+]3CCCCS(=O)(=O)O)C2=O)[Se]c2cc(I)ccc21,-5.7947845,-7.874219,-5.8963766,-6.5217933666666665
O=C1C(/C=C2\[Se]c3ccccc3N2CCCCO)=C(O)/C1=C/c1[se]c2cc(I)ccc2[n+]1CCCCS(=O)(=O)O,-5.8973737,-7.807453,-5.6925354,-6.4657873666666665
O=C1C(/C=C2\[Se]c3cc(Br)ccc3N2CCCCO)=C(O)/C1=C/c1[se]c2cc(I)ccc2[n+]1CCCCS(=O)(=O)O,-5.845126,-7.84194,-5.763276,-6.483447333333333
O=C1C(/C=C2\[Se]c3cc(I)ccc3N2CCCCO)=C(O)/C1=C/c1[se]c2cc(I)ccc2[n+]1CCCCS(=O)(=O)O,-5.8859878,-7.716901,-5.6878877,-6.430258833333333
CC[N+](CC)(CC)CCCCN1/C(=C/C2=C(O)/C(=C/c3[se]c4cc(I)ccc4[n+]3CCCCS(=O)(=O)O)C2=O)[Se]c2ccccc21,-6.13912,-8.279008,-5.9585934,-6.792240466666667
CC[N+](CC)(CC)CCCCN1/C(=C/C2=C(O)/C(=C/c3[se]c4cc(I)ccc4[n+]3CCCCS(=O)(=O)O)C2=O)[Se]c2cc(Br)ccc21,-6.076424,-8.325177,-6.048699,-6.816766666666666
CC[N+](CC)(CC)CCCCN1/C(=C/C2=C(O)/C(=C/c3[se]c4cc(I)ccc4[n+]3CCCCS(=O)(=O)O)C2=O)[Se]c2cc(I)ccc21,-6.125175,-8.186861,-5.9544144,-6.755483466666667
O=C1C(/C=C2\[Se]c3ccccc3N2CCCCS(=O)(=O)O)=C(O)/C1=C/c1[se]c2cc(I)ccc2[n+]1CCCCS(=O)(=O)O,-6.0503144,-8.322745,-5.5951157,-6.656058366666667
O=C1C(/C=C2\[Se]c3cc(Br)ccc3N2CCCCS(=O)(=O)O)=C(O)/C1=C/c1[se]c2cc(I)ccc2[n+]1CCCCS(=O)(=O)O,-5.998458,-8.324271,-5.660622,-6.661117
O=C1C(/C=C2\[Se]c3cc(I)ccc3N2CCCCS(=O)(=O)O)=C(O)/C1=C/c1[se]c2cc(I)ccc2[n+]1CCCCS(=O)(=O)O,-6.0379252,-8.2254305,-5.601049,-6.621468233333334
O=C1C(/C=C2\[Se]c3ccccc3N2Cc2ccccc2)=C(O)/C1=C/c1[se]c2cc(I)ccc2[n+]1CCCCS(=O)(=O)O,-5.940276,-7.920535,-5.7041802,-6.521663733333334
O=C1C(/C=C2\[Se]c3cc(Br)ccc3N2Cc2ccccc2)=C(O)/C1=C/c1[se]c2cc(I)ccc2[n+]1CCCCS(=O)(=O)O,-5.8833547,-7.935032,-5.7842903,-6.534225666666667
O=C1C(/C=C2\[Se]c3cc(I)ccc3N2Cc2ccccc2)=C(O)/C1=C/c1[se]c2cc(I)ccc2[n+]1CCCCS(=O)(=O)O,-5.9249015,-7.8083344,-5.7015867,-6.4782742
O=C1C(/C=C2\[Se]c3ccccc3N2Cc2ccsc2)=C(O)/C1=C/c1[se]c2cc(I)ccc2[n+]1CCCCS(=O)(=O)O,-5.939047,-7.865305,-5.699091,-6.501147666666667
O=C1C(/C=C2\[Se]c3cc(Br)ccc3N2Cc2ccsc2)=C(O)/C1=C/c1[se]c2cc(I)ccc2[n+]1CCCCS(=O)(=O)O,-5.885262,-7.891401,-5.7775736,-6.5180788666666665
O=C1C(/C=C2\[Se]c3cc(I)ccc3N2Cc2ccsc2)=C(O)/C1=C/c1[se]c2cc(I)ccc2[n+]1CCCCS(=O)(=O)O,-5.9260507,-7.7627554,-5.695274,-6.461360033333334
CCN1/C(=C/C2=C(O)/C(=C/c3[se]c4ccccc4[n+]3Cc3ccccc3)C2=O)[Se]c2ccccc21,-5.754572,-6.947058,-5.69208,-6.131236666666666
CCN1/C(=C/C2=C(O)/C(=C/c3[se]c4ccccc4[n+]3Cc3ccccc3)C2=O)[Se]c2cc(Br)ccc21,-5.7048235,-6.97089,-5.75718,-6.144297833333333
CCN1/C(=C/C2=C(O)/C(=C/c3[se]c4ccccc4[n+]3Cc3ccccc3)C2=O)[Se]c2cc(I)ccc21,-5.738258,-6.8514066,-5.68941,-6.093024866666666
CCCCN1/C(=C/C2=C(O)/C(=C/c3[se]c4ccccc4[n+]3Cc3ccccc3)C2=O)[Se]c2ccccc21,-5.7582664,-6.918122,-5.679185,-6.118524466666667
CCCCN1/C(=C/C2=C(O)/C(=C/c3[se]c4ccccc4[n+]3Cc3ccccc3)C2=O)[Se]c2cc(Br)ccc21,-5.7084193,-6.9495296,-5.744606,-6.134184966666667
CCCCN1/C(=C/C2=C(O)/C(=C/c3[se]c4ccccc4[n+]3Cc3ccccc3)C2=O)[Se]c2cc(I)ccc21,-5.7416058,-6.831417,-5.6784534,-6.083825399999999
NCCCCN1/C(=C/C2=C(O)/C(=C/c3[se]c4ccccc4[n+]3Cc3ccccc3)C2=O)[Se]c2ccccc21,-5.648935,-7.311308,-5.938925,-6.299722666666667
NCCCCN1/C(=C/C2=C(O)/C(=C/c3[se]c4ccccc4[n+]3Cc3ccccc3)C2=O)[Se]c2cc(Br)ccc21,-5.602484,-7.356844,-6.0147753,-6.3247010999999995
NCCCCN1/C(=C/C2=C(O)/C(=C/c3[se]c4ccccc4[n+]3Cc3ccccc3)C2=O)[Se]c2cc(I)ccc21,-5.6309943,-7.2129755,-5.931454,-6.2584745999999996
O=C1C(/C=C2\[Se]c3ccccc3N2CCCCO)=C(O)/C1=C/c1[se]c2ccccc2[n+]1Cc1ccccc1,-5.7156086,-7.1134405,-5.7334,-6.187483033333334
O=C1C(/C=C2\[Se]c3cc(Br)ccc3N2CCCCO)=C(O)/C1=C/c1[se]c2ccccc2[n+]1Cc1ccccc1,-5.671791,-7.1505656,-5.80018,-6.2075122
O=C1C(/C=C2\[Se]c3cc(I)ccc3N2CCCCO)=C(O)/C1=C/c1[se]c2ccccc2[n+]1Cc1ccccc1,-5.697682,-7.022211,-5.7311015,-6.1503315
CC[N+](CC)(CC)CCCCN1/C(=C/C2=C(O)/C(=C/c3[se]c4ccccc4[n+]3Cc3ccccc3)C2=O)[Se]c2ccccc21,-6.026816,-7.5424266,-5.9368424,-6.502028333333333
CC[N+](CC)(CC)CCCCN1/C(=C/C2=C(O)/C(=C/c3[se]c4ccccc4[n+]3Cc3ccccc3)C2=O)[Se]c2cc(Br)ccc21,-5.960659,-7.604092,-6.0257597,-6.530170233333333
CC[N+](CC)(CC)CCCCN1/C(=C/C2=C(O)/C(=C/c3[se]c4ccccc4[n+]3Cc3ccccc3)C2=O)[Se]c2cc(I)ccc21,-6.0054193,-7.4498897,-5.932334,-6.462547666666667
O=C1C(/C=C2\[Se]c3ccccc3N2CCCCS(=O)(=O)O)=C(O)/C1=C/c1[se]c2ccccc2[n+]1Cc1ccccc1,-6.0004086,-7.6639714,-5.607133,-6.4238376666666674
O=C1C(/C=C2\[Se]c3cc(Br)ccc3N2CCCCS(=O)(=O)O)=C(O)/C1=C/c1[se]c2ccccc2[n+]1Cc1ccccc1,-5.9469624,-7.6883373,-5.6785293,-6.437943000000001
O=C1C(/C=C2\[Se]c3cc(I)ccc3N2CCCCS(=O)(=O)O)=C(O)/C1=C/c1[se]c2ccccc2[n+]1Cc1ccccc1,-5.9849825,-7.56793,-5.6063232,-6.3864119
O=C1C(/C=C2\[Se]c3ccccc3N2Cc2ccccc2)=C(O)/C1=C/c1[se]c2ccccc2[n+]1Cc1ccccc1,-5.7350917,-7.221621,-5.767106,-6.241272900000001
O=C1C(/C=C2\[Se]c3cc(Br)ccc3N2Cc2ccccc2)=C(O)/C1=C/c1[se]c2ccccc2[n+]1Cc1ccccc1,-5.6878815,-7.244838,-5.8334913,-6.2554036
O=C1C(/C=C2\[Se]c3cc(I)ccc3N2Cc2ccccc2)=C(O)/C1=C/c1[se]c2ccccc2[n+]1Cc1ccccc1,-5.717517,-7.1193557,-5.7634435,-6.200105400000001
O=C1C(/C=C2\[Se]c3ccccc3N2Cc2ccsc2)=C(O)/C1=C/c1[se]c2ccccc2[n+]1Cc1ccccc1,-5.7322183,-7.160537,-5.7555223,-6.216092533333334
O=C1C(/C=C2\[Se]c3cc(Br)ccc3N2Cc2ccsc2)=C(O)/C1=C/c1[se]c2ccccc2[n+]1Cc1ccccc1,-5.6844044,-7.1896033,-5.8228135,-6.232273733333333
O=C1C(/C=C2\[Se]c3cc(I)ccc3N2Cc2ccsc2)=C(O)/C1=C/c1[se]c2ccccc2[n+]1Cc1ccccc1,-5.7133017,-7.064315,-5.7530217,-6.176879466666667
CCN1/C(=C/C2=C(O)/C(=C/c3[se]c4cc(Br)ccc4[n+]3Cc3ccccc3)C2=O)[Se]c2ccccc21,-5.7032995,-7.0028324,-5.7621884,-6.1561067666666665
CCN1/C(=C/C2=C(O)/C(=C/c3[se]c4cc(Br)ccc4[n+]3Cc3ccccc3)C2=O)[Se]c2cc(Br)ccc21,-5.658651,-7.027025,-5.8239217,-6.1698659000000005
CCN1/C(=C/C2=C(O)/C(=C/c3[se]c4cc(Br)ccc4[n+]3Cc3ccccc3)C2=O)[Se]c2cc(I)ccc21,-5.684551,-6.9073906,-5.7599525,-6.117298033333333
CCCCN1/C(=C/C2=C(O)/C(=C/c3[se]c4cc(Br)ccc4[n+]3Cc3ccccc3)C2=O)[Se]c2ccccc21,-5.7061205,-6.971851,-5.7491684,-6.142379966666667
CCCCN1/C(=C/C2=C(O)/C(=C/c3[se]c4cc(Br)ccc4[n+]3Cc3ccccc3)C2=O)[Se]c2cc(Br)ccc21,-5.663035,-7.0085835,-5.8134747,-6.161697733333334
CCCCN1/C(=C/C2=C(O)/C(=C/c3[se]c4cc(Br)ccc4[n+]3Cc3ccccc3)C2=O)[Se]c2cc(I)ccc21,-5.689045,-6.887911,-5.7482963,-6.108417433333333
NCCCCN1/C(=C/C2=C(O)/C(=C/c3[se]c4cc(Br)ccc4[n+]3Cc3ccccc3)C2=O)[Se]c2ccccc21,-5.600877,-7.3806777,-6.020149,-6.333901233333333
NCCCCN1/C(=C/C2=C(O)/C(=C/c3[se]c4cc(Br)ccc4[n+]3Cc3ccccc3)C2=O)[Se]c2cc(Br)ccc21,-5.561491,-7.4214797,-6.0894413,-6.357470666666667
NCCCCN1/C(=C/C2=C(O)/C(=C/c3[se]c4cc(Br)ccc4[n+]3Cc3ccccc3)C2=O)[Se]c2cc(I)ccc21,-5.5877695,-7.284412,-6.009468,-6.293883166666667
O=C1C(/C=C2\[Se]c3ccccc3N2CCCCO)=C(O)/C1=C/c1[se]c2cc(Br)ccc2[n+]1Cc1ccccc1,-5.6687675,-7.17435,-5.805348,-6.216155166666667
O=C1C(/C=C2\[Se]c3cc(Br)ccc3N2CCCCO)=C(O)/C1=C/c1[se]c2cc(Br)ccc2[n+]1Cc1ccccc1,-5.624991,-7.216681,-5.8689103,-6.236860766666666
O=C1C(/C=C2\[Se]c3cc(I)ccc3N2CCCCO)=C(O)/C1=C/c1[se]c2cc(Br)ccc2[n+]1Cc1ccccc1,-5.6516104,-7.0829577,-5.801366,-6.1786446999999995
CC[N+](CC)(CC)CCCCN1/C(=C/C2=C(O)/C(=C/c3[se]c4cc(Br)ccc4[n+]3Cc3ccccc3)C2=O)[Se]c2ccccc21,-5.9621167,-7.6263413,-6.0294285,-6.539295499999999
CC[N+](CC)(CC)CCCCN1/C(=C/C2=C(O)/C(=C/c3[se]c4cc(Br)ccc4[n+]3Cc3ccccc3)C2=O)[Se]c2cc(Br)ccc21,-5.8969703,-7.6849785,-6.1148963,-6.565615033333333
CC[N+](CC)(CC)CCCCN1/C(=C/C2=C(O)/C(=C/c3[se]c4cc(Br)ccc4[n+]3Cc3ccccc3)C2=O)[Se]c2cc(I)ccc21,-5.9438562,-7.534787,-6.023059,-6.5005674
O=C1C(/C=C2\[Se]c3ccccc3N2CCCCS(=O)(=O)O)=C(O)/C1=C/c1[se]c2cc(Br)ccc2[n+]1Cc1ccccc1,-5.9470773,-7.711149,-5.6813693,-6.446531866666667
O=C1C(/C=C2\[Se]c3cc(Br)ccc3N2CCCCS(=O)(=O)O)=C(O)/C1=C/c1[se]c2cc(Br)ccc2[n+]1Cc1ccccc1,-5.896636,-7.7452626,-5.7548738,-6.465590800000001
O=C1C(/C=C2\[Se]c3cc(I)ccc3N2CCCCS(=O)(=O)O)=C(O)/C1=C/c1[se]c2cc(Br)ccc2[n+]1Cc1ccccc1,-5.935528,-7.623921,-5.678211,-6.412553333333334
O=C1C(/C=C2\[Se]c3ccccc3N2Cc2ccccc2)=C(O)/C1=C/c1[se]c2cc(Br)ccc2[n+]1Cc1ccccc1,-5.686162,-7.276559,-5.8387733,-6.267164766666667
O=C1C(/C=C2\[Se]c3cc(Br)ccc3N2Cc2ccccc2)=C(O)/C1=C/c1[se]c2cc(Br)ccc2[n+]1Cc1ccccc1,-5.6446304,-7.3052826,-5.9014983,-6.283803766666666
O=C1C(/C=C2\[Se]c3cc(I)ccc3N2Cc2ccccc2)=C(O)/C1=C/c1[se]c2cc(Br)ccc2[n+]1Cc1ccccc1,-5.667775,-7.179434,-5.8354597,-6.227556233333334
O=C1C(/C=C2\[Se]c3ccccc3N2Cc2ccsc2)=C(O)/C1=C/c1[se]c2cc(Br)ccc2[n+]1Cc1ccccc1,-5.683016,-7.220421,-5.8277054,-6.2437141333333335
O=C1C(/C=C2\[Se]c3cc(Br)ccc3N2Cc2ccsc2)=C(O)/C1=C/c1[se]c2cc(Br)ccc2[n+]1Cc1ccccc1,-5.6418176,-7.2461324,-5.8882194,-6.2587231333333335
O=C1C(/C=C2\[Se]c3cc(I)ccc3N2Cc2ccsc2)=C(O)/C1=C/c1[se]c2cc(Br)ccc2[n+]1Cc1ccccc1,-5.6662583,-7.124192,-5.823225,-6.204558433333333
CCN1/C(=C/C2=C(O)/C(=C/c3[se]c4cc(I)ccc4[n+]3Cc3ccccc3)C2=O)[Se]c2ccccc21,-5.73419,-6.8625555,-5.695716,-6.097487166666667
CCN1/C(=C/C2=C(O)/C(=C/c3[se]c4cc(I)ccc4[n+]3Cc3ccccc3)C2=O)[Se]c2cc(Br)ccc21,-5.681847,-6.889282,-5.7606654,-6.110598133333333
CCN1/C(=C/C2=C(O)/C(=C/c3[se]c4cc(I)ccc4[n+]3Cc3ccccc3)C2=O)[Se]c2cc(I)ccc21,-5.7140794,-6.770375,-5.693155,-6.059203133333334
CCCCN1/C(=C/C2=C(O)/C(=C/c3[se]c4cc(I)ccc4[n+]3Cc3ccccc3)C2=O)[Se]c2ccccc21,-5.7368255,-6.8349805,-5.684743,-6.0855163333333335
CCCCN1/C(=C/C2=C(O)/C(=C/c3[se]c4cc(I)ccc4[n+]3Cc3ccccc3)C2=O)[Se]c2cc(Br)ccc21,-5.6862364,-6.871665,-5.7496657,-6.102522366666666
CCCCN1/C(=C/C2=C(O)/C(=C/c3[se]c4cc(I)ccc4[n+]3Cc3ccccc3)C2=O)[Se]c2cc(I)ccc21,-5.7161584,-6.7554493,-5.685132,-6.052246566666667
NCCCCN1/C(=C/C2=C(O)/C(=C/c3[se]c4cc(I)ccc4[n+]3Cc3ccccc3)C2=O)[Se]c2ccccc21,-5.6284194,-7.2146673,-5.936269,-6.259785233333333
NCCCCN1/C(=C/C2=C(O)/C(=C/c3[se]c4cc(I)ccc4[n+]3Cc3ccccc3)C2=O)[Se]c2cc(Br)ccc21,-5.587213,-7.261192,-6.0076313,-6.285345433333333
NCCCCN1/C(=C/C2=C(O)/C(=C/c3[se]c4cc(I)ccc4[n+]3Cc3ccccc3)C2=O)[Se]c2cc(I)ccc21,-5.610174,-7.1222954,-5.9294477,-6.220639033333334
O=C1C(/C=C2\[Se]c3ccccc3N2CCCCO)=C(O)/C1=C/c1[se]c2cc(I)ccc2[n+]1Cc1ccccc1,-5.6929545,-7.022423,-5.736476,-6.150617833333333
O=C1C(/C=C2\[Se]c3cc(Br)ccc3N2CCCCO)=C(O)/C1=C/c1[se]c2cc(I)ccc2[n+]1Cc1ccccc1,-5.650004,-7.059727,-5.8006725,-6.1701345
O=C1C(/C=C2\[Se]c3cc(I)ccc3N2CCCCO)=C(O)/C1=C/c1[se]c2cc(I)ccc2[n+]1Cc1ccccc1,-5.674559,-6.9330997,-5.734922,-6.114193566666667
CC[N+](CC)(CC)CCCCN1/C(=C/C2=C(O)/C(=C/c3[se]c4cc(I)ccc4[n+]3Cc3ccccc3)C2=O)[Se]c2ccccc21,-6.0054893,-7.4538255,-5.9353037,-6.464872833333334
CC[N+](CC)(CC)CCCCN1/C(=C/C2=C(O)/C(=C/c3[se]c4cc(I)ccc4[n+]3Cc3ccccc3)C2=O)[Se]c2cc(Br)ccc21,-5.9424076,-7.515021,-6.0211325,-6.4928537
CC[N+](CC)(CC)CCCCN1/C(=C/C2=C(O)/C(=C/c3[se]c4cc(I)ccc4[n+]3Cc3ccccc3)C2=O)[Se]c2cc(I)ccc21,-5.9856606,-7.3627744,-5.929985,-6.42614
O=C1C(/C=C2\[Se]c3ccccc3N2CCCCS(=O)(=O)O)=C(O)/C1=C/c1[se]c2cc(I)ccc2[n+]1Cc1ccccc1,-5.984231,-7.5676208,-5.6102977,-6.387383166666667
O=C1C(/C=C2\[Se]c3cc(Br)ccc3N2CCCCS(=O)(=O)O)=C(O)/C1=C/c1[se]c2cc(I)ccc2[n+]1Cc1ccccc1,-5.9344907,-7.5999503,-5.6786175,-6.404352833333333
O=C1C(/C=C2\[Se]c3cc(I)ccc3N2CCCCS(=O)(=O)O)=C(O)/C1=C/c1[se]c2cc(I)ccc2[n+]1Cc1ccccc1,-5.9709806,-7.479452,-5.6079473,-6.352793299999999
O=C1C(/C=C2\[Se]c3ccccc3N2Cc2ccccc2)=C(O)/C1=C/c1[se]c2cc(I)ccc2[n+]1Cc1ccccc1,-5.7144775,-7.126993,-5.768717,-6.2033958333333326
O=C1C(/C=C2\[Se]c3cc(Br)ccc3N2Cc2ccccc2)=C(O)/C1=C/c1[se]c2cc(I)ccc2[n+]1Cc1ccccc1,-5.6666102,-7.1562834,-5.8354106,-6.219434733333333
O=C1C(/C=C2\[Se]c3cc(I)ccc3N2Cc2ccccc2)=C(O)/C1=C/c1[se]c2cc(I)ccc2[n+]1Cc1ccccc1,-5.6957273,-7.030702,-5.766281,-6.164236766666666
O=C1C(/C=C2\[Se]c3ccccc3N2Cc2ccsc2)=C(O)/C1=C/c1[se]c2cc(I)ccc2[n+]1Cc1ccccc1,-5.710262,-7.071953,-5.758295,-6.18017
O=C1C(/C=C2\[Se]c3cc(Br)ccc3N2Cc2ccsc2)=C(O)/C1=C/c1[se]c2cc(I)ccc2[n+]1Cc1ccccc1,-5.6651807,-7.101088,-5.823214,-6.196494233333333
O=C1C(/C=C2\[Se]c3cc(I)ccc3N2Cc2ccsc2)=C(O)/C1=C/c1[se]c2cc(I)ccc2[n+]1Cc1ccccc1,-5.692953,-6.974535,-5.755702,-6.141063333333334
CCN1/C(=C/C2=C(O)/C(=C/c3[se]c4ccccc4[n+]3Cc3ccsc3)C2=O)[Se]c2ccccc21,-5.738435,-6.9769945,-5.7107706,-6.1420667
CCN1/C(=C/C2=C(O)/C(=C/c3[se]c4ccccc4[n+]3Cc3ccsc3)C2=O)[Se]c2cc(Br)ccc21,-5.6907964,-7.001708,-5.776935,-6.1564798
CCN1/C(=C/C2=C(O)/C(=C/c3[se]c4ccccc4[n+]3Cc3ccsc3)C2=O)[Se]c2cc(I)ccc21,-5.7211785,-6.8773336,-5.7084394,-6.1023171666666665
CCCCN1/C(=C/C2=C(O)/C(=C/c3[se]c4ccccc4[n+]3Cc3ccsc3)C2=O)[Se]c2ccccc21,-5.7417264,-6.945771,-5.6984024,-6.128633266666667
CCCCN1/C(=C/C2=C(O)/C(=C/c3[se]c4ccccc4[n+]3Cc3ccsc3)C2=O)[Se]c2cc(Br)ccc21,-5.6935425,-6.9774313,-5.763836,-6.1449366
CCCCN1/C(=C/C2=C(O)/C(=C/c3[se]c4ccccc4[n+]3Cc3ccsc3)C2=O)[Se]c2cc(I)ccc21,-5.7251368,-6.856354,-5.69691,-6.092800266666667
NCCCCN1/C(=C/C2=C(O)/C(=C/c3[se]c4ccccc4[n+]3Cc3ccsc3)C2=O)[Se]c2ccccc21,-5.6346445,-7.345101,-5.961524,-6.3137565
NCCCCN1/C(=C/C2=C(O)/C(=C/c3[se]c4ccccc4[n+]3Cc3ccsc3)C2=O)[Se]c2cc(Br)ccc21,-5.590304,-7.3957553,-6.039285,-6.341781433333334
NCCCCN1/C(=C/C2=C(O)/C(=C/c3[se]c4ccccc4[n+]3Cc3ccsc3)C2=O)[Se]c2cc(I)ccc21,-5.619463,-7.2473264,-5.9531636,-6.273317666666666
O=C1C(/C=C2\[Se]c3ccccc3N2CCCCO)=C(O)/C1=C/c1[se]c2ccccc2[n+]1Cc1ccsc1,-5.7022667,-7.147856,-5.754443,-6.2015219
O=C1C(/C=C2\[Se]c3cc(Br)ccc3N2CCCCO)=C(O)/C1=C/c1[se]c2ccccc2[n+]1Cc1ccsc1,-5.659282,-7.185154,-5.8192844,-6.221240133333333
O=C1C(/C=C2\[Se]c3cc(I)ccc3N2CCCCO)=C(O)/C1=C/c1[se]c2ccccc2[n+]1Cc1ccsc1,-5.684203,-7.056835,-5.7524033,-6.164480433333334
CC[N+](CC)(CC)CCCCN1/C(=C/C2=C(O)/C(=C/c3[se]c4ccccc4[n+]3Cc3ccsc3)C2=O)[Se]c2ccccc21,-6.003335,-7.576946,-5.965654,-6.515311666666666
CC[N+](CC)(CC)CCCCN1/C(=C/C2=C(O)/C(=C/c3[se]c4ccccc4[n+]3Cc3ccsc3)C2=O)[Se]c2cc(Br)ccc21,-5.93763,-7.643522,-6.054856,-6.545336
CC[N+](CC)(CC)CCCCN1/C(=C/C2=C(O)/C(=C/c3[se]c4ccccc4[n+]3Cc3ccsc3)C2=O)[Se]c2cc(I)ccc21,-5.9808116,-7.4851704,-5.962265,-6.476082333333333
O=C1C(/C=C2\[Se]c3ccccc3N2CCCCS(=O)(=O)O)=C(O)/C1=C/c1[se]c2ccccc2[n+]1Cc1ccsc1,-5.989593,-7.7025313,-5.6285443,-6.440222866666666
O=C1C(/C=C2\[Se]c3cc(Br)ccc3N2CCCCS(=O)(=O)O)=C(O)/C1=C/c1[se]c2ccccc2[n+]1Cc1ccsc1,-5.937538,-7.7371283,-5.70445,-6.459705433333333
O=C1C(/C=C2\[Se]c3cc(I)ccc3N2CCCCS(=O)(=O)O)=C(O)/C1=C/c1[se]c2ccccc2[n+]1Cc1ccsc1,-5.975881,-7.6129837,-5.627282,-6.4053822333333335
O=C1C(/C=C2\[Se]c3ccccc3N2Cc2ccccc2)=C(O)/C1=C/c1[se]c2ccccc2[n+]1Cc1ccsc1,-5.7200227,-7.2500935,-5.7868066,-6.252307599999999
O=C1C(/C=C2\[Se]c3cc(Br)ccc3N2Cc2ccccc2)=C(O)/C1=C/c1[se]c2ccccc2[n+]1Cc1ccsc1,-5.673094,-7.2765083,-5.852988,-6.267530099999999
O=C1C(/C=C2\[Se]c3cc(I)ccc3N2Cc2ccccc2)=C(O)/C1=C/c1[se]c2ccccc2[n+]1Cc1ccsc1,-5.7013464,-7.151033,-5.7834635,-6.211947633333334
O=C1C(/C=C2\[Se]c3ccccc3N2Cc2ccsc2)=C(O)/C1=C/c1[se]c2ccccc2[n+]1Cc1ccsc1,-5.7170777,-7.192876,-5.7752385,-6.2283973999999995
O=C1C(/C=C2\[Se]c3cc(Br)ccc3N2Cc2ccsc2)=C(O)/C1=C/c1[se]c2ccccc2[n+]1Cc1ccsc1,-5.6721787,-7.2212057,-5.8408313,-6.244738566666666
O=C1C(/C=C2\[Se]c3cc(I)ccc3N2Cc2ccsc2)=C(O)/C1=C/c1[se]c2ccccc2[n+]1Cc1ccsc1,-5.697269,-7.0944977,-5.773486,-6.188417566666668
CCN1/C(=C/C2=C(O)/C(=C/c3[se]c4cc(Br)ccc4[n+]3Cc3ccsc3)C2=O)[Se]c2ccccc21,-5.6881294,-7.033732,-5.7826605,-6.168173966666667
CCN1/C(=C/C2=C(O)/C(=C/c3[se]c4cc(Br)ccc4[n+]3Cc3ccsc3)C2=O)[Se]c2cc(Br)ccc21,-5.647955,-7.057372,-5.8407154,-6.182014133333333
CCN1/C(=C/C2=C(O)/C(=C/c3[se]c4cc(Br)ccc4[n+]3Cc3ccsc3)C2=O)[Se]c2cc(I)ccc21,-5.6729107,-6.935409,-5.7769337,-6.1284178
CCCCN1/C(=C/C2=C(O)/C(=C/c3[se]c4cc(Br)ccc4[n+]3Cc3ccsc3)C2=O)[Se]c2ccccc21,-5.690338,-7.002113,-5.769565,-6.154005333333333
CCCCN1/C(=C/C2=C(O)/C(=C/c3[se]c4cc(Br)ccc4[n+]3Cc3ccsc3)C2=O)[Se]c2cc(Br)ccc21,-5.6504893,-7.038041,-5.831484,-6.1733381
CCCCN1/C(=C/C2=C(O)/C(=C/c3[se]c4cc(Br)ccc4[n+]3Cc3ccsc3)C2=O)[Se]c2cc(I)ccc21,-5.676037,-6.9173613,-5.765817,-6.1197384333333344
NCCCCN1/C(=C/C2=C(O)/C(=C/c3[se]c4cc(Br)ccc4[n+]3Cc3ccsc3)C2=O)[Se]c2ccccc21,-5.5888166,-7.419938,-6.0446696,-6.3511413999999995
NCCCCN1/C(=C/C2=C(O)/C(=C/c3[se]c4cc(Br)ccc4[n+]3Cc3ccsc3)C2=O)[Se]c2cc(Br)ccc21,-5.5502386,-7.465377,-6.118283,-6.3779662
NCCCCN1/C(=C/C2=C(O)/C(=C/c3[se]c4cc(Br)ccc4[n+]3Cc3ccsc3)C2=O)[Se]c2cc(I)ccc21,-5.574725,-7.3239303,-6.0341797,-6.310945
O=C1C(/C=C2\[Se]c3ccccc3N2CCCCO)=C(O)/C1=C/c1[se]c2cc(Br)ccc2[n+]1Cc1ccsc1,-5.655648,-7.20914,-5.825068,-6.229952
O=C1C(/C=C2\[Se]c3cc(Br)ccc3N2CCCCO)=C(O)/C1=C/c1[se]c2cc(Br)ccc2[n+]1Cc1ccsc1,-5.61324,-7.250238,-5.8897085,-6.251062166666667
O=C1C(/C=C2\[Se]c3cc(I)ccc3N2CCCCO)=C(O)/C1=C/c1[se]c2cc(Br)ccc2[n+]1Cc1ccsc1,-5.6409025,-7.114669,-5.8184705,-6.191347333333333
CC[N+](CC)(CC)CCCCN1/C(=C/C2=C(O)/C(=C/c3[se]c4cc(Br)ccc4[n+]3Cc3ccsc3)C2=O)[Se]c2ccccc21,-5.939085,-7.6659884,-6.0589437,-6.554672366666668
CC[N+](CC)(CC)CCCCN1/C(=C/C2=C(O)/C(=C/c3[se]c4cc(Br)ccc4[n+]3Cc3ccsc3)C2=O)[Se]c2cc(Br)ccc21,-5.875636,-7.73195,-6.1470337,-6.584873233333333
CC[N+](CC)(CC)CCCCN1/C(=C/C2=C(O)/C(=C/c3[se]c4cc(Br)ccc4[n+]3Cc3ccsc3)C2=O)[Se]c2cc(I)ccc21,-5.9210625,-7.573291,-6.051902,-6.5154185
O=C1C(/C=C2\[Se]c3ccccc3N2CCCCS(=O)(=O)O)=C(O)/C1=C/c1[se]c2cc(Br)ccc2[n+]1Cc1ccsc1,-5.937644,-7.7596292,-5.707138,-6.468137066666666
O=C1C(/C=C2\[Se]c3cc(Br)ccc3N2CCCCS(=O)(=O)O)=C(O)/C1=C/c1[se]c2cc(Br)ccc2[n+]1Cc1ccsc1,-5.8858733,-7.798871,-5.783795,-6.4895131
O=C1C(/C=C2\[Se]c3cc(I)ccc3N2CCCCS(=O)(=O)O)=C(O)/C1=C/c1[se]c2cc(Br)ccc2[n+]1Cc1ccsc1,-5.9264994,-7.672701,-5.7037754,-6.434325266666666
O=C1C(/C=C2\[Se]c3ccccc3N2Cc2ccccc2)=C(O)/C1=C/c1[se]c2cc(Br)ccc2[n+]1Cc1ccsc1,-5.6716337,-7.3078904,-5.8580985,-6.2792075333333335
O=C1C(/C=C2\[Se]c3cc(Br)ccc3N2Cc2ccccc2)=C(O)/C1=C/c1[se]c2cc(Br)ccc2[n+]1Cc1ccsc1,-5.6323586,-7.3339367,-5.9189997,-6.295098333333333
O=C1C(/C=C2\[Se]c3cc(I)ccc3N2Cc2ccccc2)=C(O)/C1=C/c1[se]c2cc(Br)ccc2[n+]1Cc1ccsc1,-5.65568,-7.209889,-5.8528795,-6.239482833333334
O=C1C(/C=C2\[Se]c3ccccc3N2Cc2ccsc2)=C(O)/C1=C/c1[se]c2cc(Br)ccc2[n+]1Cc1ccsc1,-5.669914,-7.252372,-5.846075,-6.256120333333333
O=C1C(/C=C2\[Se]c3cc(Br)ccc3N2Cc2ccsc2)=C(O)/C1=C/c1[se]c2cc(Br)ccc2[n+]1Cc1ccsc1,-5.6305547,-7.2778044,-5.9062366,-6.271531899999999
O=C1C(/C=C2\[Se]c3cc(I)ccc3N2Cc2ccsc2)=C(O)/C1=C/c1[se]c2cc(Br)ccc2[n+]1Cc1ccsc1,-5.6546345,-7.15227,-5.8402247,-6.215709733333334
CCN1/C(=C/C2=C(O)/C(=C/c3[se]c4cc(I)ccc4[n+]3Cc3ccsc3)C2=O)[Se]c2ccccc21,-5.7170444,-6.887823,-5.7145243,-6.1064639000000005
CCN1/C(=C/C2=C(O)/C(=C/c3[se]c4cc(I)ccc4[n+]3Cc3ccsc3)C2=O)[Se]c2cc(Br)ccc21,-5.6696334,-6.9158096,-5.777232,-6.120891666666668
CCN1/C(=C/C2=C(O)/C(=C/c3[se]c4cc(I)ccc4[n+]3Cc3ccsc3)C2=O)[Se]c2cc(I)ccc21,-5.698976,-6.797307,-5.710512,-6.068931666666667
CCCCN1/C(=C/C2=C(O)/C(=C/c3[se]c4cc(I)ccc4[n+]3Cc3ccsc3)C2=O)[Se]c2ccccc21,-5.7202854,-6.859735,-5.7031245,-6.094381633333334
CCCCN1/C(=C/C2=C(O)/C(=C/c3[se]c4cc(I)ccc4[n+]3Cc3ccsc3)C2=O)[Se]c2cc(Br)ccc21,-5.6731286,-6.9010506,-5.7672534,-6.113810866666667
CCCCN1/C(=C/C2=C(O)/C(=C/c3[se]c4cc(I)ccc4[n+]3Cc3ccsc3)C2=O)[Se]c2cc(I)ccc21,-5.7013936,-6.7825303,-5.7023244,-6.062082766666667
NCCCCN1/C(=C/C2=C(O)/C(=C/c3[se]c4cc(I)ccc4[n+]3Cc3ccsc3)C2=O)[Se]c2ccccc21,-5.616884,-7.247886,-5.957142,-6.273970666666667
NCCCCN1/C(=C/C2=C(O)/C(=C/c3[se]c4cc(I)ccc4[n+]3Cc3ccsc3)C2=O)[Se]c2cc(Br)ccc21,-5.5738554,-7.300218,-6.0317216,-6.301931666666667
NCCCCN1/C(=C/C2=C(O)/C(=C/c3[se]c4cc(I)ccc4[n+]3Cc3ccsc3)C2=O)[Se]c2cc(I)ccc21,-5.59859,-7.156583,-5.9508376,-6.235336866666667
O=C1C(/C=C2\[Se]c3ccccc3N2CCCCO)=C(O)/C1=C/c1[se]c2cc(I)ccc2[n+]1Cc1ccsc1,-5.679279,-7.0571012,-5.7578993,-6.164759833333332
O=C1C(/C=C2\[Se]c3cc(Br)ccc3N2CCCCO)=C(O)/C1=C/c1[se]c2cc(I)ccc2[n+]1Cc1ccsc1,-5.63935,-7.0907187,-5.8175445,-6.182537733333334
O=C1C(/C=C2\[Se]c3cc(I)ccc3N2CCCCO)=C(O)/C1=C/c1[se]c2cc(I)ccc2[n+]1Cc1ccsc1,-5.663838,-6.967079,-5.7535267,-6.128147899999999
CC[N+](CC)(CC)CCCCN1/C(=C/C2=C(O)/C(=C/c3[se]c4cc(I)ccc4[n+]3Cc3ccsc3)C2=O)[Se]c2ccccc21,-5.9811773,-7.489338,-5.965087,-6.4785341
CC[N+](CC)(CC)CCCCN1/C(=C/C2=C(O)/C(=C/c3[se]c4cc(I)ccc4[n+]3Cc3ccsc3)C2=O)[Se]c2cc(Br)ccc21,-5.919896,-7.5542154,-6.049968,-6.508026466666666
CC[N+](CC)(CC)CCCCN1/C(=C/C2=C(O)/C(=C/c3[se]c4cc(I)ccc4[n+]3Cc3ccsc3)C2=O)[Se]c2cc(I)ccc21,-5.961721,-7.3979807,-5.959488,-6.4397299
O=C1C(/C=C2\[Se]c3ccccc3N2CCCCS(=O)(=O)O)=C(O)/C1=C/c1[se]c2cc(I)ccc2[n+]1Cc1ccsc1,-5.9750977,-7.612701,-5.6310134,-6.4062707
O=C1C(/C=C2\[Se]c3cc(Br)ccc3N2CCCCS(=O)(=O)O)=C(O)/C1=C/c1[se]c2cc(I)ccc2[n+]1Cc1ccsc1,-5.9254465,-7.6484547,-5.704093,-6.425998066666668
O=C1C(/C=C2\[Se]c3cc(I)ccc3N2CCCCS(=O)(=O)O)=C(O)/C1=C/c1[se]c2cc(I)ccc2[n+]1Cc1ccsc1,-5.9621096,-7.5247645,-5.62898,-6.371951366666667
O=C1C(/C=C2\[Se]c3ccccc3N2Cc2ccccc2)=C(O)/C1=C/c1[se]c2cc(I)ccc2[n+]1Cc1ccsc1,-5.6983237,-7.1589723,-5.7886124,-6.215302800000001
O=C1C(/C=C2\[Se]c3cc(Br)ccc3N2Cc2ccccc2)=C(O)/C1=C/c1[se]c2cc(I)ccc2[n+]1Cc1ccsc1,-5.6544743,-7.185586,-5.8525534,-6.2308712333333345
O=C1C(/C=C2\[Se]c3cc(I)ccc3N2Cc2ccccc2)=C(O)/C1=C/c1[se]c2cc(I)ccc2[n+]1Cc1ccsc1,-5.680714,-7.0607057,-5.785583,-6.175667566666667
O=C1C(/C=C2\[Se]c3ccccc3N2Cc2ccsc2)=C(O)/C1=C/c1[se]c2cc(I)ccc2[n+]1Cc1ccsc1,-5.694126,-7.1025906,-5.778664,-6.191793533333333
O=C1C(/C=C2\[Se]c3cc(Br)ccc3N2Cc2ccsc2)=C(O)/C1=C/c1[se]c2cc(I)ccc2[n+]1Cc1ccsc1,-5.653492,-7.1281533,-5.8399034,-6.2071829
O=C1C(/C=C2\[Se]c3cc(I)ccc3N2Cc2ccsc2)=C(O)/C1=C/c1[se]c2cc(I)ccc2[n+]1Cc1ccsc1,-5.679825,-7.005088,-5.7730284,-6.152647133333333
CCN1/C(=C/C2=C(O)/C(=C/C3=[N+](CC)c4ccccc4C3(C)C)C2=O)C(C)(C)c2ccccc21,-5.6204815,-6.716838,-5.720042,-6.0191205
CCN1/C(=C/C2=C(O)/C(=C/C3=[N+](CC)c4ccccc4C3(C)C)C2=O)C(C)(C)c2cc(Br)ccc21,-5.5630302,-6.8044224,-5.8055897,-6.0576807666666665
CCN1/C(=C/C2=C(O)/C(=C/C3=[N+](CC)c4ccccc4C3(C)C)C2=O)C(C)(C)c2cc(I)ccc21,-5.5977,-6.6429453,-5.718483,-5.9863761
CCCCN1/C(=C/C2=C(O)/C(=C/C3=[N+](CC)c4ccccc4C3(C)C)C2=O)C(C)(C)c2ccccc21,-5.619673,-6.7267427,-5.7155213,-6.020645666666667
CCCCN1/C(=C/C2=C(O)/C(=C/C3=[N+](CC)c4ccccc4C3(C)C)C2=O)C(C)(C)c2cc(Br)ccc21,-5.565789,-6.815551,-5.8030796,-6.061473199999999
CCCCN1/C(=C/C2=C(O)/C(=C/C3=[N+](CC)c4ccccc4C3(C)C)C2=O)C(C)(C)c2cc(I)ccc21,-5.5973606,-6.6576695,-5.717076,-5.990702033333332
CC[N+]1=C(/C=C2\C(=O)C(/C=C3/N(CCCCN)c4ccccc4C3(C)C)=C2O)C(C)(C)c2ccccc21,-5.5179696,-7.088709,-5.949706,-6.185461533333332
CC[N+]1=C(/C=C2\C(=O)C(/C=C3/N(CCCCN)c4ccc(Br)cc4C3(C)C)=C2O)C(C)(C)c2ccccc21,-5.4818845,-7.1770296,-6.0441093,-6.234341133333333
CC[N+]1=C(/C=C2\C(=O)C(/C=C3/N(CCCCN)c4ccc(I)cc4C3(C)C)=C2O)C(C)(C)c2ccccc21,-5.5001135,-7.005472,-5.942094,-6.1492265
CC[N+]1=C(/C=C2\C(=O)C(/C=C3/N(CCCCO)c4ccccc4C3(C)C)=C2O)C(C)(C)c2ccccc21,-5.5762987,-6.8918986,-5.75384,-6.074012433333333
CC[N+]1=C(/C=C2\C(=O)C(/C=C3/N(CCCCO)c4ccc(Br)cc4C3(C)C)=C2O)C(C)(C)c2ccccc21,-5.529909,-6.982772,-5.8440228,-6.118901266666668
CC[N+]1=C(/C=C2\C(=O)C(/C=C3/N(CCCCO)c4ccc(I)cc4C3(C)C)=C2O)C(C)(C)c2ccccc21,-5.556335,-6.8074937,-5.7530103,-6.038946333333333
CC[N+]1=C(/C=C2\C(=O)C(/C=C3/N(CCCC[N+](CC)(CC)CC)c4ccccc4C3(C)C)=C2O)C(C)(C)c2ccccc21,-5.933035,-7.3276963,-5.9303694,-6.397033566666667
CC[N+]1=C(/C=C2\C(=O)C(/C=C3/N(CCCC[N+](CC)(CC)CC)c4ccc(Br)cc4C3(C)C)=C2O)C(C)(C)c2ccccc21,-5.8527546,-7.4328485,-6.0484643,-6.444689133333333
CC[N+]1=C(/C=C2\C(=O)C(/C=C3/N(CCCC[N+](CC)(CC)CC)c4ccc(I)cc4C3(C)C)=C2O)C(C)(C)c2ccccc21,-5.9163837,-7.245443,-5.922167,-6.361331233333334
CC[N+]1=C(/C=C2\C(=O)C(/C=C3/N(CCCCS(=O)(=O)O)c4ccccc4C3(C)C)=C2O)C(C)(C)c2ccccc21,-5.89794,-7.390914,-5.6171417,-6.301998566666668
CC[N+]1=C(/C=C2\C(=O)C(/C=C3/N(CCCCS(=O)(=O)O)c4ccc(Br)cc4C3(C)C)=C2O)C(C)(C)c2ccccc21,-5.8331323,-7.468088,-5.7136602,-6.3382935
CC[N+]1=C(/C=C2\C(=O)C(/C=C3/N(CCCCS(=O)(=O)O)c4ccc(I)cc4C3(C)C)=C2O)C(C)(C)c2ccccc21,-5.8890905,-7.3051796,-5.612369,-6.2688797
CC[N+]1=C(/C=C2\C(=O)C(/C=C3/N(Cc4ccccc4)c4ccccc4C3(C)C)=C2O)C(C)(C)c2ccccc21,-5.63029,-6.8266025,-5.74583,-6.067574166666667
CC[N+]1=C(/C=C2\C(=O)C(/C=C3/N(Cc4ccccc4)c4ccc(Br)cc4C3(C)C)=C2O)C(C)(C)c2ccccc21,-5.578967,-6.903868,-5.8286295,-6.1038215
CC[N+]1=C(/C=C2\C(=O)C(/C=C3/N(Cc4ccccc4)c4ccc(I)cc4C3(C)C)=C2O)C(C)(C)c2ccccc21,-5.614346,-6.7420106,-5.739854,-6.032070200000001
CC[N+]1=C(/C=C2\C(=O)C(/C=C3/N(Cc4ccsc4)c4ccccc4C3(C)C)=C2O)C(C)(C)c2ccccc21,-5.621883,-6.77931,-5.738725,-6.046639333333332
CC[N+]1=C(/C=C2\C(=O)C(/C=C3/N(Cc4ccsc4)c4ccc(Br)cc4C3(C)C)=C2O)C(C)(C)c2ccccc21,-5.569152,-6.8605576,-5.8209376,-6.0835490666666665
CC[N+]1=C(/C=C2\C(=O)C(/C=C3/N(Cc4ccsc4)c4ccc(I)cc4C3(C)C)=C2O)C(C)(C)c2ccccc21,-5.602873,-6.6990004,-5.73379,-6.0118878
CCN1/C(=C/C2=C(O)/C(=C/C3=[N+](CC)c4ccc(Br)cc4C3(C)C)C2=O)C(C)(C)c2ccccc21,-5.5723357,-6.757325,-5.779793,-6.036484566666666
CCN1/C(=C/C2=C(O)/C(=C/C3=[N+](CC)c4ccc(Br)cc4C3(C)C)C2=O)C(C)(C)c2cc(Br)ccc21,-5.5281277,-6.8434644,-5.8550277,-6.075539933333334
CCN1/C(=C/C2=C(O)/C(=C/C3=[N+](CC)c4ccc(Br)cc4C3(C)C)C2=O)C(C)(C)c2cc(I)ccc21,-5.5547028,-6.6868677,-5.775034,-6.005534833333333
CCCCN1/C(=C/C2=C(O)/C(=C/C3=[N+](CC)c4ccc(Br)cc4C3(C)C)C2=O)C(C)(C)c2ccccc21,-5.573113,-6.7652454,-5.775459,-6.037939133333334
CCCCN1/C(=C/C2=C(O)/C(=C/C3=[N+](CC)c4ccc(Br)cc4C3(C)C)C2=O)C(C)(C)c2cc(Br)ccc21,-5.5300083,-6.8516846,-5.853937,-6.0785433
CCCCN1/C(=C/C2=C(O)/C(=C/C3=[N+](CC)c4ccc(Br)cc4C3(C)C)C2=O)C(C)(C)c2cc(I)ccc21,-5.555773,-6.6974554,-5.773359,-6.008862466666667
CC[N+]1=C(/C=C2\C(=O)C(/C=C3/N(CCCCN)c4ccccc4C3(C)C)=C2O)C(C)(C)c2cc(Br)ccc21,-5.484681,-7.1144943,-6.0055695,-6.2015816
CC[N+]1=C(/C=C2\C(=O)C(/C=C3/N(CCCCN)c4ccc(Br)cc4C3(C)C)=C2O)C(C)(C)c2cc(Br)ccc21,-5.4608765,-7.203374,-6.0968146,-6.253688366666668
CC[N+]1=C(/C=C2\C(=O)C(/C=C3/N(CCCCN)c4ccc(I)cc4C3(C)C)=C2O)C(C)(C)c2cc(Br)ccc21,-5.4692373,-7.0365577,-5.995307,-6.167034
CC[N+]1=C(/C=C2\C(=O)C(/C=C3/N(CCCCO)c4ccccc4C3(C)C)=C2O)C(C)(C)c2cc(Br)ccc21,-5.536518,-6.9235554,-5.813232,-6.0911018
CC[N+]1=C(/C=C2\C(=O)C(/C=C3/N(CCCCO)c4ccc(Br)cc4C3(C)C)=C2O)C(C)(C)c2cc(Br)ccc21,-5.499305,-7.012557,-5.9019456,-6.137935866666667
CC[N+]1=C(/C=C2\C(=O)C(/C=C3/N(CCCCO)c4ccc(I)cc4C3(C)C)=C2O)C(C)(C)c2cc(Br)ccc21,-5.520195,-6.846633,-5.812081,-6.059636333333334
CC[N+]1=C(/C=C2\C(=O)C(/C=C3/N(CCCC[N+](CC)(CC)CC)c4ccccc4C3(C)C)=C2O)C(C)(C)c2cc(Br)ccc21,-5.875234,-7.364151,-5.9997034,-6.413029466666667
CC[N+]1=C(/C=C2\C(=O)C(/C=C3/N(CCCC[N+](CC)(CC)CC)c4ccc(Br)cc4C3(C)C)=C2O)C(C)(C)c2cc(Br)ccc21,-5.7928405,-7.4773903,-6.1232224,-6.4644844
CC[N+]1=C(/C=C2\C(=O)C(/C=C3/N(CCCC[N+](CC)(CC)CC)c4ccc(I)cc4C3(C)C)=C2O)C(C)(C)c2cc(Br)ccc21,-5.860331,-7.2810545,-5.991475,-6.3776201666666665
CC[N+]1=C(/C=C2\C(=O)C(/C=C3/N(CCCCS(=O)(=O)O)c4ccccc4C3(C)C)=C2O)C(C)(C)c2cc(Br)ccc21,-5.8535876,-7.4097996,-5.6764655,-6.313284233333333
CC[N+]1=C(/C=C2\C(=O)C(/C=C3/N(CCCCS(=O)(=O)O)c4ccc(Br)cc4C3(C)C)=C2O)C(C)(C)c2cc(Br)ccc21,-5.7914553,-7.4749193,-5.770323,-6.345565866666667
CC[N+]1=C(/C=C2\C(=O)C(/C=C3/N(CCCCS(=O)(=O)O)c4ccc(I)cc4C3(C)C)=C2O)C(C)(C)c2cc(Br)ccc21,-5.846049,-7.322696,-5.6695933,-6.2794461
CC[N+]1=C(/C=C2\C(=O)C(/C=C3/N(Cc4ccccc4)c4ccccc4C3(C)C)=C2O)C(C)(C)c2cc(Br)ccc21,-5.5850472,-6.861495,-5.804919,-6.0838204000000005
CC[N+]1=C(/C=C2\C(=O)C(/C=C3/N(Cc4ccccc4)c4ccc(Br)cc4C3(C)C)=C2O)C(C)(C)c2cc(Br)ccc21,-5.5387335,-6.9386053,-5.882804,-6.1200475999999995
CC[N+]1=C(/C=C2\C(=O)C(/C=C3/N(Cc4ccccc4)c4ccc(I)cc4C3(C)C)=C2O)C(C)(C)c2cc(Br)ccc21,-5.5716558,-6.785923,-5.7977743,-6.051784366666666
CC[N+]1=C(/C=C2\C(=O)C(/C=C3/N(Cc4ccsc4)c4ccccc4C3(C)C)=C2O)C(C)(C)c2cc(Br)ccc21,-5.574928,-6.8173323,-5.7970614,-6.063107233333334
CC[N+]1=C(/C=C2\C(=O)C(/C=C3/N(Cc4ccsc4)c4ccc(Br)cc4C3(C)C)=C2O)C(C)(C)c2cc(Br)ccc21,-5.531573,-6.8944073,-5.8724465,-6.099475599999999
CC[N+]1=C(/C=C2\C(=O)C(/C=C3/N(Cc4ccsc4)c4ccc(I)cc4C3(C)C)=C2O)C(C)(C)c2cc(Br)ccc21,-5.562088,-6.7433133,-5.789101,-6.0315007666666665
CCN1/C(=C/C2=C(O)/C(=C/C3=[N+](CC)c4ccc(I)cc4C3(C)C)C2=O)C(C)(C)c2ccccc21,-5.606686,-6.636627,-5.710602,-5.984638333333334
CCN1/C(=C/C2=C(O)/C(=C/C3=[N+](CC)c4ccc(I)cc4C3(C)C)C2=O)C(C)(C)c2cc(Br)ccc21,-5.5539274,-6.7231746,-5.7928286,-6.0233102
CCN1/C(=C/C2=C(O)/C(=C/C3=[N+](CC)c4ccc(I)cc4C3(C)C)C2=O)C(C)(C)c2cc(I)ccc21,-5.586833,-6.5663347,-5.707658,-5.9536085666666665
CCCCN1/C(=C/C2=C(O)/C(=C/C3=[N+](CC)c4ccc(I)cc4C3(C)C)C2=O)C(C)(C)c2ccccc21,-5.6058674,-6.645899,-5.7071586,-5.986308333333334
CCCCN1/C(=C/C2=C(O)/C(=C/C3=[N+](CC)c4ccc(I)cc4C3(C)C)C2=O)C(C)(C)c2cc(Br)ccc21,-5.5555496,-6.7334676,-5.791069,-6.0266954
CCCCN1/C(=C/C2=C(O)/C(=C/C3=[N+](CC)c4ccc(I)cc4C3(C)C)C2=O)C(C)(C)c2cc(I)ccc21,-5.5866523,-6.579289,-5.7066903,-5.957543866666666
CC[N+]1=C(/C=C2\C(=O)C(/C=C3/N(CCCCN)c4ccccc4C3(C)C)=C2O)C(C)(C)c2cc(I)ccc21,-5.5083957,-6.993148,-5.932078,-6.144540566666667
CC[N+]1=C(/C=C2\C(=O)C(/C=C3/N(CCCCN)c4ccc(Br)cc4C3(C)C)=C2O)C(C)(C)c2cc(I)ccc21,-5.473747,-7.0833035,-6.0222425,-6.193097666666667
CC[N+]1=C(/C=C2\C(=O)C(/C=C3/N(CCCCN)c4ccc(I)cc4C3(C)C)=C2O)C(C)(C)c2cc(I)ccc21,-5.4894633,-6.9142714,-5.923711,-6.109148566666666
CC[N+]1=C(/C=C2\C(=O)C(/C=C3/N(CCCCO)c4ccccc4C3(C)C)=C2O)C(C)(C)c2cc(I)ccc21,-5.564933,-6.796088,-5.743479,-6.034833333333334
CC[N+]1=C(/C=C2\C(=O)C(/C=C3/N(CCCCO)c4ccc(Br)cc4C3(C)C)=C2O)C(C)(C)c2cc(I)ccc21,-5.523221,-6.889434,-5.8305254,-6.081060133333334
CC[N+]1=C(/C=C2\C(=O)C(/C=C3/N(CCCCO)c4ccc(I)cc4C3(C)C)=C2O)C(C)(C)c2cc(I)ccc21,-5.548304,-6.7208157,-5.7424493,-6.003856333333334
CC[N+]1=C(/C=C2\C(=O)C(/C=C3/N(CCCC[N+](CC)(CC)CC)c4ccccc4C3(C)C)=C2O)C(C)(C)c2cc(I)ccc21,-5.9254656,-7.2326627,-5.910193,-6.3561071
CC[N+]1=C(/C=C2\C(=O)C(/C=C3/N(CCCC[N+](CC)(CC)CC)c4ccc(Br)cc4C3(C)C)=C2O)C(C)(C)c2cc(I)ccc21,-5.8473015,-7.334313,-6.026331,-6.402648500000001
CC[N+]1=C(/C=C2\C(=O)C(/C=C3/N(CCCC[N+](CC)(CC)CC)c4ccc(I)cc4C3(C)C)=C2O)C(C)(C)c2cc(I)ccc21,-5.909303,-7.1508656,-5.9020057,-6.320724766666667
CC[N+]1=C(/C=C2\C(=O)C(/C=C3/N(CCCCS(=O)(=O)O)c4ccccc4C3(C)C)=C2O)C(C)(C)c2cc(I)ccc21,-5.895217,-7.2912436,-5.603986,-6.2634821999999994
CC[N+]1=C(/C=C2\C(=O)C(/C=C3/N(CCCCS(=O)(=O)O)c4ccc(Br)cc4C3(C)C)=C2O)C(C)(C)c2cc(I)ccc21,-5.833295,-7.3668566,-5.697019,-6.299056866666667
CC[N+]1=C(/C=C2\C(=O)C(/C=C3/N(CCCCS(=O)(=O)O)c4ccc(I)cc4C3(C)C)=C2O)C(C)(C)c2cc(I)ccc21,-5.884805,-7.20568,-5.5998893,-6.230124766666667
CC[N+]1=C(/C=C2\C(=O)C(/C=C3/N(Cc4ccccc4)c4ccccc4C3(C)C)=C2O)C(C)(C)c2cc(I)ccc21,-5.6210456,-6.7402935,-5.734261,-6.031866699999999
CC[N+]1=C(/C=C2\C(=O)C(/C=C3/N(Cc4ccccc4)c4ccc(Br)cc4C3(C)C)=C2O)C(C)(C)c2cc(I)ccc21,-5.5688367,-6.818955,-5.8149114,-6.067567700000001
CC[N+]1=C(/C=C2\C(=O)C(/C=C3/N(Cc4ccccc4)c4ccc(I)cc4C3(C)C)=C2O)C(C)(C)c2cc(I)ccc21,-5.6033583,-6.665126,-5.73019,-5.999558100000001
CC[N+]1=C(/C=C2\C(=O)C(/C=C3/N(Cc4ccsc4)c4ccccc4C3(C)C)=C2O)C(C)(C)c2cc(I)ccc21,-5.609359,-6.696426,-5.728086,-6.011290333333334
CC[N+]1=C(/C=C2\C(=O)C(/C=C3/N(Cc4ccsc4)c4ccc(Br)cc4C3(C)C)=C2O)C(C)(C)c2cc(I)ccc21,-5.5601525,-6.776004,-5.806589,-6.047581833333333
CC[N+]1=C(/C=C2\C(=O)C(/C=C3/N(Cc4ccsc4)c4ccc(I)cc4C3(C)C)=C2O)C(C)(C)c2cc(I)ccc21,-5.594315,-6.623767,-5.7229905,-5.980357499999999
CCCC[N+]1=C(/C=C2\C(=O)C(/C=C3/N(CC)c4ccccc4C3(C)C)=C2O)C(C)(C)c2ccccc21,-5.6004195,-6.7492094,-5.7302723,-6.026633733333333
CCCC[N+]1=C(/C=C2\C(=O)C(/C=C3/N(CC)c4ccc(Br)cc4C3(C)C)=C2O)C(C)(C)c2ccccc21,-5.5458527,-6.8314376,-5.815368,-6.064219433333334
CCCC[N+]1=C(/C=C2\C(=O)C(/C=C3/N(CC)c4ccc(I)cc4C3(C)C)=C2O)C(C)(C)c2ccccc21,-5.5775595,-6.676651,-5.730533,-5.9949145
CCCCN1/C(=C/C2=C(O)/C(=C/C3=[N+](CCCC)c4ccccc4C3(C)C)C2=O)C(C)(C)c2ccccc21,-5.597593,-6.759773,-5.7244034,-6.027256466666667
CCCCN1/C(=C/C2=C(O)/C(=C/C3=[N+](CCCC)c4ccccc4C3(C)C)C2=O)C(C)(C)c2cc(Br)ccc21,-5.5472107,-6.8420315,-5.812769,-6.067337066666667
CCCCN1/C(=C/C2=C(O)/C(=C/C3=[N+](CCCC)c4ccccc4C3(C)C)C2=O)C(C)(C)c2cc(I)ccc21,-5.577442,-6.6895337,-5.7282014,-5.998392366666667
CCCC[N+]1=C(/C=C2\C(=O)C(/C=C3/N(CCCCN)c4ccccc4C3(C)C)=C2O)C(C)(C)c2ccccc21,-5.500525,-7.108202,-5.954419,-6.187715333333333
CCCC[N+]1=C(/C=C2\C(=O)C(/C=C3/N(CCCCN)c4ccc(Br)cc4C3(C)C)=C2O)C(C)(C)c2ccccc21,-5.4647365,-7.1925273,-6.0449767,-6.234080166666666
CCCC[N+]1=C(/C=C2\C(=O)C(/C=C3/N(CCCCN)c4ccc(I)cc4C3(C)C)=C2O)C(C)(C)c2ccccc21,-5.4852376,-7.024237,-5.9472346,-6.1522364
CCCC[N+]1=C(/C=C2\C(=O)C(/C=C3/N(CCCCO)c4ccccc4C3(C)C)=C2O)C(C)(C)c2ccccc21,-5.55502,-6.9187694,-5.7624917,-6.078760366666667
CCCC[N+]1=C(/C=C2\C(=O)C(/C=C3/N(CCCCO)c4ccc(Br)cc4C3(C)C)=C2O)C(C)(C)c2ccccc21,-5.5097156,-7.006465,-5.8519664,-6.122715666666667
CCCC[N+]1=C(/C=C2\C(=O)C(/C=C3/N(CCCCO)c4ccc(I)cc4C3(C)C)=C2O)C(C)(C)c2ccccc21,-5.5362787,-6.835622,-5.761826,-6.0445755666666665
CCCC[N+]1=C(/C=C2\C(=O)C(/C=C3/N(CCCC[N+](CC)(CC)CC)c4ccccc4C3(C)C)=C2O)C(C)(C)c2ccccc21,-5.912898,-7.352911,-5.940188,-6.401999
CCCC[N+]1=C(/C=C2\C(=O)C(/C=C3/N(CCCC[N+](CC)(CC)CC)c4ccc(Br)cc4C3(C)C)=C2O)C(C)(C)c2ccccc21,-5.8331857,-7.4568815,-6.0576687,-6.4492453
CCCC[N+]1=C(/C=C2\C(=O)C(/C=C3/N(CCCC[N+](CC)(CC)CC)c4ccc(I)cc4C3(C)C)=C2O)C(C)(C)c2ccccc21,-5.8950753,-7.27204,-5.9329123,-6.366675866666665
CCCC[N+]1=C(/C=C2\C(=O)C(/C=C3/N(CCCCS(=O)(=O)O)c4ccccc4C3(C)C)=C2O)C(C)(C)c2ccccc21,-5.8671417,-7.4104657,-5.624185,-6.300597466666667
CCCC[N+]1=C(/C=C2\C(=O)C(/C=C3/N(CCCCS(=O)(=O)O)c4ccc(Br)cc4C3(C)C)=C2O)C(C)(C)c2ccccc21,-5.803606,-7.4763002,-5.7159333,-6.3319465
CCCC[N+]1=C(/C=C2\C(=O)C(/C=C3/N(CCCCS(=O)(=O)O)c4ccc(I)cc4C3(C)C)=C2O)C(C)(C)c2ccccc21,-5.8575916,-7.326224,-5.6201615,-6.2679923666666655
CCCC[N+]1=C(/C=C2\C(=O)C(/C=C3/N(Cc4ccccc4)c4ccccc4C3(C)C)=C2O)C(C)(C)c2ccccc21,-5.611833,-6.861128,-5.7548456,-6.075935533333333
CCCC[N+]1=C(/C=C2\C(=O)C(/C=C3/N(Cc4ccccc4)c4ccc(Br)cc4C3(C)C)=C2O)C(C)(C)c2ccccc21,-5.5614023,-6.9330673,-5.837621,-6.110696866666667
CCCC[N+]1=C(/C=C2\C(=O)C(/C=C3/N(Cc4ccccc4)c4ccc(I)cc4C3(C)C)=C2O)C(C)(C)c2ccccc21,-5.5982285,-6.7777586,-5.7506933,-6.042226799999999
CCCC[N+]1=C(/C=C2\C(=O)C(/C=C3/N(Cc4ccsc4)c4ccccc4C3(C)C)=C2O)C(C)(C)c2ccccc21,-5.6041017,-6.811611,-5.7480555,-6.0545894
CCCC[N+]1=C(/C=C2\C(=O)C(/C=C3/N(Cc4ccsc4)c4ccc(Br)cc4C3(C)C)=C2O)C(C)(C)c2ccccc21,-5.5526633,-6.89083,-5.8314652,-6.091652833333334
CCCC[N+]1=C(/C=C2\C(=O)C(/C=C3/N(Cc4ccsc4)c4ccc(I)cc4C3(C)C)=C2O)C(C)(C)c2ccccc21,-5.585668,-6.733465,-5.745945,-6.021692666666667
CCCC[N+]1=C(/C=C2\C(=O)C(/C=C3/N(CC)c4ccccc4C3(C)C)=C2O)C(C)(C)c2cc(Br)ccc21,-5.55567,-6.7918897,-5.7897673,-6.045775666666667
CCCC[N+]1=C(/C=C2\C(=O)C(/C=C3/N(CC)c4ccc(Br)cc4C3(C)C)=C2O)C(C)(C)c2cc(Br)ccc21,-5.5098677,-6.8679304,-5.865829,-6.081209033333333
CCCC[N+]1=C(/C=C2\C(=O)C(/C=C3/N(CC)c4ccc(I)cc4C3(C)C)=C2O)C(C)(C)c2cc(Br)ccc21,-5.5374346,-6.7190304,-5.7856994,-6.0140548
CCCCN1/C(=C/C2=C(O)/C(=C/C3=[N+](CCCC)c4ccc(Br)cc4C3(C)C)C2=O)C(C)(C)c2ccccc21,-5.556255,-6.7975855,-5.785004,-6.0462815
CCCCN1/C(=C/C2=C(O)/C(=C/C3=[N+](CCCC)c4ccc(Br)cc4C3(C)C)C2=O)C(C)(C)c2cc(Br)ccc21,-5.513304,-6.8778725,-5.864446,-6.0852075
CCCCN1/C(=C/C2=C(O)/C(=C/C3=[N+](CCCC)c4ccc(Br)cc4C3(C)C)C2=O)C(C)(C)c2cc(I)ccc21,-5.539389,-6.7296906,-5.783472,-6.0175172
CCCC[N+]1=C(/C=C2\C(=O)C(/C=C3/N(CCCCN)c4ccccc4C3(C)C)=C2O)C(C)(C)c2cc(Br)ccc21,-5.469523,-7.135629,-6.008602,-6.204584666666666
CCCC[N+]1=C(/C=C2\C(=O)C(/C=C3/N(CCCCN)c4ccc(Br)cc4C3(C)C)=C2O)C(C)(C)c2cc(Br)ccc21,-5.4453106,-7.2182274,-6.097931,-6.253823
CCCC[N+]1=C(/C=C2\C(=O)C(/C=C3/N(CCCCN)c4ccc(I)cc4C3(C)C)=C2O)C(C)(C)c2cc(Br)ccc21,-5.455614,-7.0533705,-6.000479,-6.169821166666668
CCCC[N+]1=C(/C=C2\C(=O)C(/C=C3/N(CCCCO)c4ccccc4C3(C)C)=C2O)C(C)(C)c2cc(Br)ccc21,-5.517458,-6.951129,-5.821519,-6.0967020000000005
CCCC[N+]1=C(/C=C2\C(=O)C(/C=C3/N(CCCCO)c4ccc(Br)cc4C3(C)C)=C2O)C(C)(C)c2cc(Br)ccc21,-5.4790845,-7.0379543,-5.908901,-6.141979933333334
CCCC[N+]1=C(/C=C2\C(=O)C(/C=C3/N(CCCCO)c4ccc(I)cc4C3(C)C)=C2O)C(C)(C)c2cc(Br)ccc21,-5.50177,-6.8734646,-5.8200293,-6.065087966666667
CCCC[N+]1=C(/C=C2\C(=O)C(/C=C3/N(CCCC[N+](CC)(CC)CC)c4ccccc4C3(C)C)=C2O)C(C)(C)c2cc(Br)ccc21,-5.8559456,-7.3925867,-6.009937,-6.4194897666666675
CCCC[N+]1=C(/C=C2\C(=O)C(/C=C3/N(CCCC[N+](CC)(CC)CC)c4ccc(Br)cc4C3(C)C)=C2O)C(C)(C)c2cc(Br)ccc21,-5.7734127,-7.5079517,-6.1340375,-6.471800633333333
CCCC[N+]1=C(/C=C2\C(=O)C(/C=C3/N(CCCC[N+](CC)(CC)CC)c4ccc(I)cc4C3(C)C)=C2O)C(C)(C)c2cc(Br)ccc21,-5.841733,-7.3097215,-6.001568,-6.384340833333333
CCCC[N+]1=C(/C=C2\C(=O)C(/C=C3/N(CCCCS(=O)(=O)O)c4ccccc4C3(C)C)=C2O)C(C)(C)c2cc(Br)ccc21,-5.82392,-7.4285874,-5.6818314,-6.311446266666667
CCCC[N+]1=C(/C=C2\C(=O)C(/C=C3/N(CCCCS(=O)(=O)O)c4ccc(Br)cc4C3(C)C)=C2O)C(C)(C)c2cc(Br)ccc21,-5.7606344,-7.48663,-5.7753577,-6.340874033333333
CCCC[N+]1=C(/C=C2\C(=O)C(/C=C3/N(CCCCS(=O)(=O)O)c4ccc(I)cc4C3(C)C)=C2O)C(C)(C)c2cc(Br)ccc21,-5.8178134,-7.342198,-5.6747093,-6.2782402333333325
CCCC[N+]1=C(/C=C2\C(=O)C(/C=C3/N(Cc4ccccc4)c4ccccc4C3(C)C)=C2O)C(C)(C)c2cc(Br)ccc21,-5.5701423,-6.899704,-5.815016,-6.0949541
CCCC[N+]1=C(/C=C2\C(=O)C(/C=C3/N(Cc4ccccc4)c4ccc(Br)cc4C3(C)C)=C2O)C(C)(C)c2cc(Br)ccc21,-5.5217214,-6.970253,-5.8947043,-6.1288929
CCCC[N+]1=C(/C=C2\C(=O)C(/C=C3/N(Cc4ccccc4)c4ccc(I)cc4C3(C)C)=C2O)C(C)(C)c2cc(Br)ccc21,-5.5580506,-6.8224454,-5.8080897,-6.062861900000001
CCCC[N+]1=C(/C=C2\C(=O)C(/C=C3/N(Cc4ccsc4)c4ccccc4C3(C)C)=C2O)C(C)(C)c2cc(Br)ccc21,-5.5613146,-6.8542256,-5.8071833,-6.074241166666667
CCCC[N+]1=C(/C=C2\C(=O)C(/C=C3/N(Cc4ccsc4)c4ccc(Br)cc4C3(C)C)=C2O)C(C)(C)c2cc(Br)ccc21,-5.514299,-6.922804,-5.8838477,-6.106983566666667
CCCC[N+]1=C(/C=C2\C(=O)C(/C=C3/N(Cc4ccsc4)c4ccc(I)cc4C3(C)C)=C2O)C(C)(C)c2cc(Br)ccc21,-5.547735,-6.778949,-5.8012204,-6.042634799999999
CCCC[N+]1=C(/C=C2\C(=O)C(/C=C3/N(CC)c4ccccc4C3(C)C)=C2O)C(C)(C)c2cc(I)ccc21,-5.5875583,-6.67344,-5.7227497,-5.994582666666666
CCCC[N+]1=C(/C=C2\C(=O)C(/C=C3/N(CC)c4ccc(Br)cc4C3(C)C)=C2O)C(C)(C)c2cc(I)ccc21,-5.5370727,-6.755195,-5.803704,-6.031990566666667
CCCC[N+]1=C(/C=C2\C(=O)C(/C=C3/N(CC)c4ccc(I)cc4C3(C)C)=C2O)C(C)(C)c2cc(I)ccc21,-5.567095,-6.602592,-5.721191,-5.9636260000000005
CCCCN1/C(=C/C2=C(O)/C(=C/C3=[N+](CCCC)c4ccc(I)cc4C3(C)C)C2=O)C(C)(C)c2ccccc21,-5.5857425,-6.681057,-5.718619,-5.9951395000000005
CCCCN1/C(=C/C2=C(O)/C(=C/C3=[N+](CCCC)c4ccc(I)cc4C3(C)C)C2=O)C(C)(C)c2cc(Br)ccc21,-5.539361,-6.764151,-5.800962,-6.034824666666668
CCCCN1/C(=C/C2=C(O)/C(=C/C3=[N+](CCCC)c4ccc(I)cc4C3(C)C)C2=O)C(C)(C)c2cc(I)ccc21,-5.5650754,-6.615176,-5.719519,-5.966590133333334
CCCC[N+]1=C(/C=C2\C(=O)C(/C=C3/N(CCCCN)c4ccccc4C3(C)C)=C2O)C(C)(C)c2cc(I)ccc21,-5.493423,-7.0148344,-5.9375362,-6.148597866666667
CCCC[N+]1=C(/C=C2\C(=O)C(/C=C3/N(CCCCN)c4ccc(Br)cc4C3(C)C)=C2O)C(C)(C)c2cc(I)ccc21,-5.4589806,-7.0963273,-6.0242453,-6.1931844
CCCC[N+]1=C(/C=C2\C(=O)C(/C=C3/N(CCCCN)c4ccc(I)cc4C3(C)C)=C2O)C(C)(C)c2cc(I)ccc21,-5.476775,-6.934598,-5.9300513,-6.1138081
CCCC[N+]1=C(/C=C2\C(=O)C(/C=C3/N(CCCCO)c4ccccc4C3(C)C)=C2O)C(C)(C)c2cc(I)ccc21,-5.5452733,-6.8269534,-5.7521925,-6.041473066666666
CCCC[N+]1=C(/C=C2\C(=O)C(/C=C3/N(CCCCO)c4ccc(Br)cc4C3(C)C)=C2O)C(C)(C)c2cc(I)ccc21,-5.504018,-6.9174814,-5.8392234,-6.0869076
CCCC[N+]1=C(/C=C2\C(=O)C(/C=C3/N(CCCCO)c4ccc(I)cc4C3(C)C)=C2O)C(C)(C)c2cc(I)ccc21,-5.5303736,-6.7535563,-5.7512794,-6.011736433333333
CCCC[N+]1=C(/C=C2\C(=O)C(/C=C3/N(CCCC[N+](CC)(CC)CC)c4ccccc4C3(C)C)=C2O)C(C)(C)c2cc(I)ccc21,-5.903815,-7.2629066,-5.9217424,-6.362821333333333
CCCC[N+]1=C(/C=C2\C(=O)C(/C=C3/N(CCCC[N+](CC)(CC)CC)c4ccc(Br)cc4C3(C)C)=C2O)C(C)(C)c2cc(I)ccc21,-5.8278913,-7.361905,-6.0360217,-6.408606
CCCC[N+]1=C(/C=C2\C(=O)C(/C=C3/N(CCCC[N+](CC)(CC)CC)c4ccc(I)cc4C3(C)C)=C2O)C(C)(C)c2cc(I)ccc21,-5.887176,-7.182039,-5.9141192,-6.327778066666667
CCCC[N+]1=C(/C=C2\C(=O)C(/C=C3/N(CCCCS(=O)(=O)O)c4ccccc4C3(C)C)=C2O)C(C)(C)c2cc(I)ccc21,-5.864258,-7.316848,-5.612048,-6.264384666666667
CCCC[N+]1=C(/C=C2\C(=O)C(/C=C3/N(CCCCS(=O)(=O)O)c4ccc(Br)cc4C3(C)C)=C2O)C(C)(C)c2cc(I)ccc21,-5.8043604,-7.380588,-5.7001143,-6.2950209
CCCC[N+]1=C(/C=C2\C(=O)C(/C=C3/N(CCCCS(=O)(=O)O)c4ccc(I)cc4C3(C)C)=C2O)C(C)(C)c2cc(I)ccc21,-5.8516254,-7.231097,-5.608512,-6.230411466666666
CCCC[N+]1=C(/C=C2\C(=O)C(/C=C3/N(Cc4ccccc4)c4ccccc4C3(C)C)=C2O)C(C)(C)c2cc(I)ccc21,-5.605175,-6.7795215,-5.7447696,-6.043155366666667
CCCC[N+]1=C(/C=C2\C(=O)C(/C=C3/N(Cc4ccccc4)c4ccc(Br)cc4C3(C)C)=C2O)C(C)(C)c2cc(I)ccc21,-5.554704,-6.85426,-5.82565,-6.078204666666667
CCCC[N+]1=C(/C=C2\C(=O)C(/C=C3/N(Cc4ccccc4)c4ccc(I)cc4C3(C)C)=C2O)C(C)(C)c2cc(I)ccc21,-5.586492,-6.705575,-5.7430735,-6.0117135
CCCC[N+]1=C(/C=C2\C(=O)C(/C=C3/N(Cc4ccsc4)c4ccccc4C3(C)C)=C2O)C(C)(C)c2cc(I)ccc21,-5.592782,-6.73525,-5.740342,-6.022791333333333
CCCC[N+]1=C(/C=C2\C(=O)C(/C=C3/N(Cc4ccsc4)c4ccc(Br)cc4C3(C)C)=C2O)C(C)(C)c2cc(I)ccc21,-5.5445848,-6.8084974,-5.8180056,-6.0570292666666665
CCCC[N+]1=C(/C=C2\C(=O)C(/C=C3/N(Cc4ccsc4)c4ccc(I)cc4C3(C)C)=C2O)C(C)(C)c2cc(I)ccc21,-5.5770125,-6.662882,-5.736699,-5.992197833333333
CCN1/C(=C/C2=C(O)/C(=C/C3=[N+](CCCCN)c4ccccc4C3(C)C)C2=O)C(C)(C)c2ccccc21,-5.495676,-7.130884,-5.978907,-6.201822333333333
CCN1/C(=C/C2=C(O)/C(=C/C3=[N+](CCCCN)c4ccccc4C3(C)C)C2=O)C(C)(C)c2cc(Br)ccc21,-5.459435,-7.2140293,-6.0739465,-6.249136933333332
CCN1/C(=C/C2=C(O)/C(=C/C3=[N+](CCCCN)c4ccccc4C3(C)C)C2=O)C(C)(C)c2cc(I)ccc21,-5.477813,-7.0418954,-5.969737,-6.163148466666667
CCCCN1/C(=C/C2=C(O)/C(=C/C3=[N+](CCCCN)c4ccccc4C3(C)C)C2=O)C(C)(C)c2ccccc21,-5.498663,-7.132915,-5.971258,-6.200945333333333
CCCCN1/C(=C/C2=C(O)/C(=C/C3=[N+](CCCCN)c4ccccc4C3(C)C)C2=O)C(C)(C)c2cc(Br)ccc21,-5.464402,-7.218084,-6.0642986,-6.248928200000001
CCCCN1/C(=C/C2=C(O)/C(=C/C3=[N+](CCCCN)c4ccccc4C3(C)C)C2=O)C(C)(C)c2cc(I)ccc21,-5.483262,-7.0484285,-5.9638305,-6.165173666666667
CC1(C)C(/C=C2\C(=O)C(/C=C3/N(CCCCN)c4ccccc4C3(C)C)=C2O)=[N+](CCCCN)c2ccccc21,-5.4404936,-7.4776444,-6.2389126,-6.385683533333332
CC1(C)C(/C=C2\C(=O)C(/C=C3/N(CCCCN)c4ccc(Br)cc4C3(C)C)=C2O)=[N+](CCCCN)c2ccccc21,-5.42447,-7.5403047,-6.326603,-6.430459233333333
CC1(C)C(/C=C2\C(=O)C(/C=C3/N(CCCCN)c4ccc(I)cc4C3(C)C)=C2O)=[N+](CCCCN)c2ccccc21,-5.42855,-7.39721,-6.228055,-6.351271666666666
CC1(C)C(/C=C2\C(=O)C(/C=C3/N(CCCCO)c4ccccc4C3(C)C)=C2O)=[N+](CCCCN)c2ccccc21,-5.45932,-7.316554,-6.025014,-6.266962666666667
CC1(C)C(/C=C2\C(=O)C(/C=C3/N(CCCCO)c4ccc(Br)cc4C3(C)C)=C2O)=[N+](CCCCN)c2ccccc21,-5.4302273,-7.3889823,-6.1210475,-6.313419033333333
CC1(C)C(/C=C2\C(=O)C(/C=C3/N(CCCCO)c4ccc(I)cc4C3(C)C)=C2O)=[N+](CCCCN)c2ccccc21,-5.448054,-7.225606,-6.016626,-6.230095333333334
CC[N+](CC)(CC)CCCCN1/C(=C/C2=C(O)/C(=C/C3=[N+](CCCCN)c4ccccc4C3(C)C)C2=O)C(C)(C)c2ccccc21,-5.748694,-7.826128,-6.292712,-6.622511333333333
CC[N+](CC)(CC)CCCCN1/C(=C/C2=C(O)/C(=C/C3=[N+](CCCCN)c4ccccc4C3(C)C)C2=O)C(C)(C)c2cc(Br)ccc21,-5.6785817,-7.9491606,-6.422069,-6.683270433333333
CC[N+](CC)(CC)CCCCN1/C(=C/C2=C(O)/C(=C/C3=[N+](CCCCN)c4ccccc4C3(C)C)C2=O)C(C)(C)c2cc(I)ccc21,-5.730948,-7.736353,-6.279548,-6.582282999999999
CC1(C)C(/C=C2\C(=O)C(/C=C3/N(CCCCS(=O)(=O)O)c4ccccc4C3(C)C)=C2O)=[N+](CCCCN)c2ccccc21,-5.726734,-7.7573233,-5.887606,-6.457221100000001
CC1(C)C(/C=C2\C(=O)C(/C=C3/N(CCCCS(=O)(=O)O)c4ccc(Br)cc4C3(C)C)=C2O)=[N+](CCCCN)c2ccccc21,-5.6632934,-7.8014126,-5.9763527,-6.4803529
CC1(C)C(/C=C2\C(=O)C(/C=C3/N(CCCCS(=O)(=O)O)c4ccc(I)cc4C3(C)C)=C2O)=[N+](CCCCN)c2ccccc21,-5.7193575,-7.674778,-5.8833904,-6.425841966666667
CC1(C)C(/C=C2\C(=O)C(/C=C3/N(Cc4ccccc4)c4ccccc4C3(C)C)=C2O)=[N+](CCCCN)c2ccccc21,-5.501531,-7.2339473,-6.008494,-6.247990766666667
CC1(C)C(/C=C2\C(=O)C(/C=C3/N(Cc4ccccc4)c4ccc(Br)cc4C3(C)C)=C2O)=[N+](CCCCN)c2ccccc21,-5.4700575,-7.3065643,-6.09834,-6.2916539333333334
CC1(C)C(/C=C2\C(=O)C(/C=C3/N(Cc4ccccc4)c4ccc(I)cc4C3(C)C)=C2O)=[N+](CCCCN)c2ccccc21,-5.4893107,-7.135881,-5.9958057,-6.206999133333333
CC1(C)C(/C=C2\C(=O)C(/C=C3/N(Cc4ccsc4)c4ccccc4C3(C)C)=C2O)=[N+](CCCCN)c2ccccc21,-5.498411,-7.1856027,-5.9976788,-6.2272308333333335
CC1(C)C(/C=C2\C(=O)C(/C=C3/N(Cc4ccsc4)c4ccc(Br)cc4C3(C)C)=C2O)=[N+](CCCCN)c2ccccc21,-5.4647646,-7.264165,-6.0898857,-6.272938433333334
CC1(C)C(/C=C2\C(=O)C(/C=C3/N(Cc4ccsc4)c4ccc(I)cc4C3(C)C)=C2O)=[N+](CCCCN)c2ccccc21,-5.4842353,-7.0906286,-5.9853334,-6.186732433333333
CCN1/C(=C/C2=C(O)/C(=C/C3=[N+](CCCCN)c4ccc(Br)cc4C3(C)C)C2=O)C(C)(C)c2ccccc21,-5.463199,-7.161584,-6.037381,-6.2207213333333335
CCN1/C(=C/C2=C(O)/C(=C/C3=[N+](CCCCN)c4ccc(Br)cc4C3(C)C)C2=O)C(C)(C)c2cc(Br)ccc21,-5.4404407,-7.242594,-6.12703,-6.270021566666667
CCN1/C(=C/C2=C(O)/C(=C/C3=[N+](CCCCN)c4ccc(Br)cc4C3(C)C)C2=O)C(C)(C)c2cc(I)ccc21,-5.4470973,-7.0760174,-6.0244236,-6.182512766666666
CCCCN1/C(=C/C2=C(O)/C(=C/C3=[N+](CCCCN)c4ccc(Br)cc4C3(C)C)C2=O)C(C)(C)c2ccccc21,-5.4675107,-7.161264,-6.026759,-6.218511233333333
CCCCN1/C(=C/C2=C(O)/C(=C/C3=[N+](CCCCN)c4ccc(Br)cc4C3(C)C)C2=O)C(C)(C)c2cc(Br)ccc21,-5.445449,-7.2444754,-6.1171336,-6.269019333333333
CCCCN1/C(=C/C2=C(O)/C(=C/C3=[N+](CCCCN)c4ccc(Br)cc4C3(C)C)C2=O)C(C)(C)c2cc(I)ccc21,-5.453931,-7.077353,-6.016965,-6.182749666666666
CC1(C)C(/C=C2\C(=O)C(/C=C3/N(CCCCN)c4ccccc4C3(C)C)=C2O)=[N+](CCCCN)c2ccc(Br)cc21,-5.424727,-7.492259,-6.290571,-6.402519000000001
CC1(C)C(/C=C2\C(=O)C(/C=C3/N(CCCCN)c4ccc(Br)cc4C3(C)C)=C2O)=[N+](CCCCN)c2ccc(Br)cc21,-5.410132,-7.5527277,-6.364908,-6.442589233333333
CC1(C)C(/C=C2\C(=O)C(/C=C3/N(CCCCN)c4ccc(I)cc4C3(C)C)=C2O)=[N+](CCCCN)c2ccc(Br)cc21,-5.415056,-7.4166837,-6.275034,-6.368924566666666
CC1(C)C(/C=C2\C(=O)C(/C=C3/N(CCCCO)c4ccccc4C3(C)C)=C2O)=[N+](CCCCN)c2ccc(Br)cc21,-5.435401,-7.3394394,-6.084583,-6.286474466666665
CC1(C)C(/C=C2\C(=O)C(/C=C3/N(CCCCO)c4ccc(Br)cc4C3(C)C)=C2O)=[N+](CCCCN)c2ccc(Br)cc21,-5.4084363,-7.400133,-6.1763506,-6.328306633333334
CC1(C)C(/C=C2\C(=O)C(/C=C3/N(CCCCO)c4ccc(I)cc4C3(C)C)=C2O)=[N+](CCCCN)c2ccc(Br)cc21,-5.4237237,-7.251538,-6.0753055,-6.250189066666667
CC[N+](CC)(CC)CCCCN1/C(=C/C2=C(O)/C(=C/C3=[N+](CCCCN)c4ccc(Br)cc4C3(C)C)C2=O)C(C)(C)c2ccccc21,-5.6941786,-7.8761663,-6.3691425,-6.6464958
CC[N+](CC)(CC)CCCCN1/C(=C/C2=C(O)/C(=C/C3=[N+](CCCCN)c4ccc(Br)cc4C3(C)C)C2=O)C(C)(C)c2cc(Br)ccc21,-5.641713,-7.9962044,-6.489639,-6.709185466666667
CC[N+](CC)(CC)CCCCN1/C(=C/C2=C(O)/C(=C/C3=[N+](CCCCN)c4ccc(Br)cc4C3(C)C)C2=O)C(C)(C)c2cc(I)ccc21,-5.680076,-7.7895956,-6.353921,-6.607864199999999
CC1(C)C(/C=C2\C(=O)C(/C=C3/N(CCCCS(=O)(=O)O)c4ccccc4C3(C)C)=C2O)=[N+](CCCCN)c2ccc(Br)cc21,-5.6848617,-7.7586145,-5.942237,-6.461904399999999
CC1(C)C(/C=C2\C(=O)C(/C=C3/N(CCCCS(=O)(=O)O)c4ccc(Br)cc4C3(C)C)=C2O)=[N+](CCCCN)c2ccc(Br)cc21,-5.6350183,-7.799692,-6.0239434,-6.4862179
CC1(C)C(/C=C2\C(=O)C(/C=C3/N(CCCCS(=O)(=O)O)c4ccc(I)cc4C3(C)C)=C2O)=[N+](CCCCN)c2ccc(Br)cc21,-5.6823444,-7.6745825,-5.93248,-6.4298022999999995
CC1(C)C(/C=C2\C(=O)C(/C=C3/N(Cc4ccccc4)c4ccccc4C3(C)C)=C2O)=[N+](CCCCN)c2ccc(Br)cc21,-5.471525,-7.259076,-6.0640798,-6.264893600000001
CC1(C)C(/C=C2\C(=O)C(/C=C3/N(Cc4ccccc4)c4ccc(Br)cc4C3(C)C)=C2O)=[N+](CCCCN)c2ccc(Br)cc21,-5.445844,-7.3288894,-6.151235,-6.308656133333334
CC1(C)C(/C=C2\C(=O)C(/C=C3/N(Cc4ccccc4)c4ccc(I)cc4C3(C)C)=C2O)=[N+](CCCCN)c2ccc(Br)cc21,-5.457866,-7.1669655,-6.0498457,-6.224892399999999
CC1(C)C(/C=C2\C(=O)C(/C=C3/N(Cc4ccsc4)c4ccccc4C3(C)C)=C2O)=[N+](CCCCN)c2ccc(Br)cc21,-5.4660435,-7.2163935,-6.055787,-6.246074666666666
CC1(C)C(/C=C2\C(=O)C(/C=C3/N(Cc4ccsc4)c4ccc(Br)cc4C3(C)C)=C2O)=[N+](CCCCN)c2ccc(Br)cc21,-5.444589,-7.2930026,-6.142505,-6.293365533333334
CC1(C)C(/C=C2\C(=O)C(/C=C3/N(Cc4ccsc4)c4ccc(I)cc4C3(C)C)=C2O)=[N+](CCCCN)c2ccc(Br)cc21,-5.4537067,-7.126729,-6.0399756,-6.206803766666667
CCN1/C(=C/C2=C(O)/C(=C/C3=[N+](CCCCN)c4ccc(I)cc4C3(C)C)C2=O)C(C)(C)c2ccccc21,-5.48763,-7.038101,-5.9618683,-6.1625331
CCN1/C(=C/C2=C(O)/C(=C/C3=[N+](CCCCN)c4ccc(I)cc4C3(C)C)C2=O)C(C)(C)c2cc(Br)ccc21,-5.452455,-7.120668,-6.0504103,-6.2078444333333325
CCN1/C(=C/C2=C(O)/C(=C/C3=[N+](CCCCN)c4ccc(I)cc4C3(C)C)C2=O)C(C)(C)c2cc(I)ccc21,-5.4688263,-6.954465,-5.951133,-6.124808099999999
CCCCN1/C(=C/C2=C(O)/C(=C/C3=[N+](CCCCN)c4ccc(I)cc4C3(C)C)C2=O)C(C)(C)c2ccccc21,-5.4914293,-7.0390525,-5.9541287,-6.161536833333334
CCCCN1/C(=C/C2=C(O)/C(=C/C3=[N+](CCCCN)c4ccc(I)cc4C3(C)C)C2=O)C(C)(C)c2cc(Br)ccc21,-5.4584374,-7.121966,-6.0423927,-6.207598699999999
CCCCN1/C(=C/C2=C(O)/C(=C/C3=[N+](CCCCN)c4ccc(I)cc4C3(C)C)C2=O)C(C)(C)c2cc(I)ccc21,-5.4748497,-6.958026,-5.9461756,-6.126350433333333
CC1(C)C(/C=C2\C(=O)C(/C=C3/N(CCCCN)c4ccccc4C3(C)C)=C2O)=[N+](CCCCN)c2ccc(I)cc21,-5.4360776,-7.388581,-6.2174964,-6.347385
CC1(C)C(/C=C2\C(=O)C(/C=C3/N(CCCCN)c4ccc(Br)cc4C3(C)C)=C2O)=[N+](CCCCN)c2ccc(I)cc21,-5.422706,-7.4552736,-6.30133,-6.3931032
CC1(C)C(/C=C2\C(=O)C(/C=C3/N(CCCCN)c4ccc(I)cc4C3(C)C)=C2O)=[N+](CCCCN)c2ccc(I)cc21,-5.425556,-7.3126297,-6.2030377,-6.313741133333333
CC1(C)C(/C=C2\C(=O)C(/C=C3/N(CCCCO)c4ccccc4C3(C)C)=C2O)=[N+](CCCCN)c2ccc(I)cc21,-5.4565763,-7.215754,-6.0064726,-6.226267633333333
CC1(C)C(/C=C2\C(=O)C(/C=C3/N(CCCCO)c4ccc(Br)cc4C3(C)C)=C2O)=[N+](CCCCN)c2ccc(I)cc21,-5.4273705,-7.2969937,-6.102232,-6.275532066666667
CC1(C)C(/C=C2\C(=O)C(/C=C3/N(CCCCO)c4ccc(I)cc4C3(C)C)=C2O)=[N+](CCCCN)c2ccc(I)cc21,-5.444335,-7.1281123,-5.999216,-6.190554433333333
CC[N+](CC)(CC)CCCCN1/C(=C/C2=C(O)/C(=C/C3=[N+](CCCCN)c4ccc(I)cc4C3(C)C)C2=O)C(C)(C)c2ccccc21,-5.7405143,-7.726451,-6.267195,-6.578053433333333
CC[N+](CC)(CC)CCCCN1/C(=C/C2=C(O)/C(=C/C3=[N+](CCCCN)c4ccc(I)cc4C3(C)C)C2=O)C(C)(C)c2cc(Br)ccc21,-5.6732106,-7.84974,-6.393537,-6.6388292
CC[N+](CC)(CC)CCCCN1/C(=C/C2=C(O)/C(=C/C3=[N+](CCCCN)c4ccc(I)cc4C3(C)C)C2=O)C(C)(C)c2cc(I)ccc21,-5.7230873,-7.6388597,-6.254695,-6.538880666666667
CC1(C)C(/C=C2\C(=O)C(/C=C3/N(CCCCS(=O)(=O)O)c4ccccc4C3(C)C)=C2O)=[N+](CCCCN)c2ccc(I)cc21,-5.728328,-7.665574,-5.873076,-6.422326000000001
CC1(C)C(/C=C2\C(=O)C(/C=C3/N(CCCCS(=O)(=O)O)c4ccc(Br)cc4C3(C)C)=C2O)=[N+](CCCCN)c2ccc(I)cc21,-5.669037,-7.708916,-5.9566355,-6.444862833333334
CC1(C)C(/C=C2\C(=O)C(/C=C3/N(CCCCS(=O)(=O)O)c4ccc(I)cc4C3(C)C)=C2O)=[N+](CCCCN)c2ccc(I)cc21,-5.7226253,-7.5825243,-5.8672886,-6.390812733333334
CC1(C)C(/C=C2\C(=O)C(/C=C3/N(Cc4ccccc4)c4ccccc4C3(C)C)=C2O)=[N+](CCCCN)c2ccc(I)cc21,-5.4953885,-7.1372304,-5.9903603,-6.207659733333333
CC1(C)C(/C=C2\C(=O)C(/C=C3/N(Cc4ccccc4)c4ccc(Br)cc4C3(C)C)=C2O)=[N+](CCCCN)c2ccc(I)cc21,-5.4624734,-7.2115116,-6.075639,-6.249874666666667
CC1(C)C(/C=C2\C(=O)C(/C=C3/N(Cc4ccccc4)c4ccc(I)cc4C3(C)C)=C2O)=[N+](CCCCN)c2ccc(I)cc21,-5.4806013,-7.044321,-5.9773703,-6.167430866666667
CC1(C)C(/C=C2\C(=O)C(/C=C3/N(Cc4ccsc4)c4ccccc4C3(C)C)=C2O)=[N+](CCCCN)c2ccc(I)cc21,-5.4906306,-7.091659,-5.980195,-6.187494866666666
CC1(C)C(/C=C2\C(=O)C(/C=C3/N(Cc4ccsc4)c4ccc(Br)cc4C3(C)C)=C2O)=[N+](CCCCN)c2ccc(I)cc21,-5.4582953,-7.171435,-6.065719,-6.231816433333333
CC1(C)C(/C=C2\C(=O)C(/C=C3/N(Cc4ccsc4)c4ccc(I)cc4C3(C)C)=C2O)=[N+](CCCCN)c2ccc(I)cc21,-5.4762154,-7.000633,-5.964781,-6.1472098
CCN1/C(=C/C2=C(O)/C(=C/C3=[N+](CCCCO)c4ccccc4C3(C)C)C2=O)C(C)(C)c2ccccc21,-5.563575,-6.8878145,-5.757828,-6.069739166666667
CCN1/C(=C/C2=C(O)/C(=C/C3=[N+](CCCCO)c4ccccc4C3(C)C)C2=O)C(C)(C)c2cc(Br)ccc21,-5.514883,-6.971616,-5.845623,-6.110707333333333
CCN1/C(=C/C2=C(O)/C(=C/C3=[N+](CCCCO)c4ccccc4C3(C)C)C2=O)C(C)(C)c2cc(I)ccc21,-5.5424266,-6.7985806,-5.755464,-6.032157066666667
CCCCN1/C(=C/C2=C(O)/C(=C/C3=[N+](CCCCO)c4ccccc4C3(C)C)C2=O)C(C)(C)c2ccccc21,-5.561664,-6.89135,-5.7528877,-6.068633899999999
CCCCN1/C(=C/C2=C(O)/C(=C/C3=[N+](CCCCO)c4ccccc4C3(C)C)C2=O)C(C)(C)c2cc(Br)ccc21,-5.5168576,-6.98061,-5.8419523,-6.113139966666666
CCCCN1/C(=C/C2=C(O)/C(=C/C3=[N+](CCCCO)c4ccccc4C3(C)C)C2=O)C(C)(C)c2cc(I)ccc21,-5.5423646,-6.809549,-5.7521906,-6.034701399999999
CC1(C)C(/C=C2\C(=O)C(/C=C3/N(CCCCN)c4ccccc4C3(C)C)=C2O)=[N+](CCCCO)c2ccccc21,-5.4683704,-7.2655497,-5.997113,-6.2436777
CC1(C)C(/C=C2\C(=O)C(/C=C3/N(CCCCN)c4ccc(Br)cc4C3(C)C)=C2O)=[N+](CCCCO)c2ccccc21,-5.4372416,-7.343526,-6.09275,-6.2911725333333335
CC1(C)C(/C=C2\C(=O)C(/C=C3/N(CCCCN)c4ccc(I)cc4C3(C)C)=C2O)=[N+](CCCCO)c2ccccc21,-5.457091,-7.1753583,-5.988916,-6.207121766666667
CC1(C)C(/C=C2\C(=O)C(/C=C3/N(CCCCO)c4ccccc4C3(C)C)=C2O)=[N+](CCCCO)c2ccccc21,-5.51917,-7.075824,-5.7955794,-6.130191133333334
CC1(C)C(/C=C2\C(=O)C(/C=C3/N(CCCCO)c4ccc(Br)cc4C3(C)C)=C2O)=[N+](CCCCO)c2ccccc21,-5.477676,-7.170622,-5.892697,-6.1803316666666674
CC1(C)C(/C=C2\C(=O)C(/C=C3/N(CCCCO)c4ccc(I)cc4C3(C)C)=C2O)=[N+](CCCCO)c2ccccc21,-5.506351,-6.9861927,-5.792552,-6.0950318999999995
CC[N+](CC)(CC)CCCCN1/C(=C/C2=C(O)/C(=C/C3=[N+](CCCCO)c4ccccc4C3(C)C)C2=O)C(C)(C)c2ccccc21,-5.8668942,-7.515197,-6.0039186,-6.462003266666667
CC[N+](CC)(CC)CCCCN1/C(=C/C2=C(O)/C(=C/C3=[N+](CCCCO)c4ccccc4C3(C)C)C2=O)C(C)(C)c2cc(Br)ccc21,-5.786824,-7.63396,-6.1302633,-6.517015766666667
CC[N+](CC)(CC)CCCCN1/C(=C/C2=C(O)/C(=C/C3=[N+](CCCCO)c4ccccc4C3(C)C)C2=O)C(C)(C)c2cc(I)ccc21,-5.8504815,-7.4247026,-5.9932976,-6.422827233333334
CC1(C)C(/C=C2\C(=O)C(/C=C3/N(CCCCS(=O)(=O)O)c4ccccc4C3(C)C)=C2O)=[N+](CCCCO)c2ccccc21,-5.81612,-7.567285,-5.669998,-6.351134333333333
CC1(C)C(/C=C2\C(=O)C(/C=C3/N(CCCCS(=O)(=O)O)c4ccc(Br)cc4C3(C)C)=C2O)=[N+](CCCCO)c2ccccc21,-5.7545824,-7.631208,-5.7629805,-6.382923633333334
CC1(C)C(/C=C2\C(=O)C(/C=C3/N(CCCCS(=O)(=O)O)c4ccc(I)cc4C3(C)C)=C2O)=[N+](CCCCO)c2ccccc21,-5.8095527,-7.481909,-5.663344,-6.318268566666667
CC1(C)C(/C=C2\C(=O)C(/C=C3/N(Cc4ccccc4)c4ccccc4C3(C)C)=C2O)=[N+](CCCCO)c2ccccc21,-5.573739,-6.999622,-5.7832685,-6.118876499999999
CC1(C)C(/C=C2\C(=O)C(/C=C3/N(Cc4ccccc4)c4ccc(Br)cc4C3(C)C)=C2O)=[N+](CCCCO)c2ccccc21,-5.521637,-7.0732203,-5.870915,-6.155257433333333
CC1(C)C(/C=C2\C(=O)C(/C=C3/N(Cc4ccccc4)c4ccc(I)cc4C3(C)C)=C2O)=[N+](CCCCO)c2ccccc21,-5.5570173,-6.903954,-5.7776217,-6.079531
CC1(C)C(/C=C2\C(=O)C(/C=C3/N(Cc4ccsc4)c4ccccc4C3(C)C)=C2O)=[N+](CCCCO)c2ccccc21,-5.5649805,-6.950837,-5.7770615,-6.097626333333333
CC1(C)C(/C=C2\C(=O)C(/C=C3/N(Cc4ccsc4)c4ccc(Br)cc4C3(C)C)=C2O)=[N+](CCCCO)c2ccccc21,-5.518605,-7.0240774,-5.8619013,-6.134861233333333
CC1(C)C(/C=C2\C(=O)C(/C=C3/N(Cc4ccsc4)c4ccc(I)cc4C3(C)C)=C2O)=[N+](CCCCO)c2ccccc21,-5.549138,-6.8547235,-5.7707214,-6.0581943
CCN1/C(=C/C2=C(O)/C(=C/C3=[N+](CCCCO)c4ccc(Br)cc4C3(C)C)C2=O)C(C)(C)c2ccccc21,-5.523804,-6.922943,-5.817203,-6.087983333333334
CCN1/C(=C/C2=C(O)/C(=C/C3=[N+](CCCCO)c4ccc(Br)cc4C3(C)C)C2=O)C(C)(C)c2cc(Br)ccc21,-5.4845886,-7.004441,-5.9033885,-6.130806033333333
CCN1/C(=C/C2=C(O)/C(=C/C3=[N+](CCCCO)c4ccc(Br)cc4C3(C)C)C2=O)C(C)(C)c2cc(I)ccc21,-5.5067997,-6.840395,-5.8147655,-6.053986733333333
CCCCN1/C(=C/C2=C(O)/C(=C/C3=[N+](CCCCO)c4ccc(Br)cc4C3(C)C)C2=O)C(C)(C)c2ccccc21,-5.5245304,-6.925439,-5.8118687,-6.0872793666666665
CCCCN1/C(=C/C2=C(O)/C(=C/C3=[N+](CCCCO)c4ccc(Br)cc4C3(C)C)C2=O)C(C)(C)c2cc(Br)ccc21,-5.48614,-7.0140553,-5.899462,-6.133219100000001
CCCCN1/C(=C/C2=C(O)/C(=C/C3=[N+](CCCCO)c4ccc(Br)cc4C3(C)C)C2=O)C(C)(C)c2cc(I)ccc21,-5.5082912,-6.84846,-5.8107386,-6.055829933333334
CC1(C)C(/C=C2\C(=O)C(/C=C3/N(CCCCN)c4ccccc4C3(C)C)=C2O)=[N+](CCCCO)c2ccc(Br)cc21,-5.443723,-7.2916336,-6.0559874,-6.263781333333333
CC1(C)C(/C=C2\C(=O)C(/C=C3/N(CCCCN)c4ccc(Br)cc4C3(C)C)=C2O)=[N+](CCCCO)c2ccc(Br)cc21,-5.414813,-7.3539352,-6.147306,-6.305351399999999
CC1(C)C(/C=C2\C(=O)C(/C=C3/N(CCCCN)c4ccc(I)cc4C3(C)C)=C2O)=[N+](CCCCO)c2ccc(Br)cc21,-5.430826,-7.202034,-6.0468965,-6.2265855
CC1(C)C(/C=C2\C(=O)C(/C=C3/N(CCCCO)c4ccccc4C3(C)C)=C2O)=[N+](CCCCO)c2ccc(Br)cc21,-5.4853926,-7.1115665,-5.858355,-6.151771366666666
CC1(C)C(/C=C2\C(=O)C(/C=C3/N(CCCCO)c4ccc(Br)cc4C3(C)C)=C2O)=[N+](CCCCO)c2ccc(Br)cc21,-5.449394,-7.193829,-5.9488525,-6.1973585
CC1(C)C(/C=C2\C(=O)C(/C=C3/N(CCCCO)c4ccc(I)cc4C3(C)C)=C2O)=[N+](CCCCO)c2ccc(Br)cc21,-5.4720864,-7.02201,-5.8523445,-6.115480300000001
CC[N+](CC)(CC)CCCCN1/C(=C/C2=C(O)/C(=C/C3=[N+](CCCCO)c4ccc(Br)cc4C3(C)C)C2=O)C(C)(C)c2ccccc21,-5.807772,-7.561921,-6.0788255,-6.4828395
CC[N+](CC)(CC)CCCCN1/C(=C/C2=C(O)/C(=C/C3=[N+](CCCCO)c4ccc(Br)cc4C3(C)C)C2=O)C(C)(C)c2cc(Br)ccc21,-5.7324605,-7.677575,-6.2048254,-6.538286966666667
CC[N+](CC)(CC)CCCCN1/C(=C/C2=C(O)/C(=C/C3=[N+](CCCCO)c4ccc(Br)cc4C3(C)C)C2=O)C(C)(C)c2cc(I)ccc21,-5.7922807,-7.4704075,-6.0681443,-6.4436108333333335
CC1(C)C(/C=C2\C(=O)C(/C=C3/N(CCCCS(=O)(=O)O)c4ccccc4C3(C)C)=C2O)=[N+](CCCCO)c2ccc(Br)cc21,-5.7734866,-7.5823474,-5.729661,-6.361831666666667
CC1(C)C(/C=C2\C(=O)C(/C=C3/N(CCCCS(=O)(=O)O)c4ccc(Br)cc4C3(C)C)=C2O)=[N+](CCCCO)c2ccc(Br)cc21,-5.709711,-7.6417904,-5.8198028,-6.390434733333334
CC1(C)C(/C=C2\C(=O)C(/C=C3/N(CCCCS(=O)(=O)O)c4ccc(I)cc4C3(C)C)=C2O)=[N+](CCCCO)c2ccc(Br)cc21,-5.7668886,-7.4983044,-5.723396,-6.329529666666667
CC1(C)C(/C=C2\C(=O)C(/C=C3/N(Cc4ccccc4)c4ccccc4C3(C)C)=C2O)=[N+](CCCCO)c2ccc(Br)cc21,-5.5290904,-7.0310163,-5.8425846,-6.134230433333333
CC1(C)C(/C=C2\C(=O)C(/C=C3/N(Cc4ccccc4)c4ccc(Br)cc4C3(C)C)=C2O)=[N+](CCCCO)c2ccc(Br)cc21,-5.4885345,-7.0990458,-5.929005,-6.1721951
CC1(C)C(/C=C2\C(=O)C(/C=C3/N(Cc4ccccc4)c4ccc(I)cc4C3(C)C)=C2O)=[N+](CCCCO)c2ccc(Br)cc21,-5.516521,-6.934061,-5.834247,-6.094943000000001
CC1(C)C(/C=C2\C(=O)C(/C=C3/N(Cc4ccsc4)c4ccccc4C3(C)C)=C2O)=[N+](CCCCO)c2ccc(Br)cc21,-5.5256248,-6.9793334,-5.833755,-6.112904400000001
CC1(C)C(/C=C2\C(=O)C(/C=C3/N(Cc4ccsc4)c4ccc(Br)cc4C3(C)C)=C2O)=[N+](CCCCO)c2ccc(Br)cc21,-5.4868884,-7.056294,-5.9217405,-6.154974299999999
CC1(C)C(/C=C2\C(=O)C(/C=C3/N(Cc4ccsc4)c4ccc(I)cc4C3(C)C)=C2O)=[N+](CCCCO)c2ccc(Br)cc21,-5.5125318,-6.8864837,-5.827393,-6.0754695000000005
CCN1/C(=C/C2=C(O)/C(=C/C3=[N+](CCCCO)c4ccc(I)cc4C3(C)C)C2=O)C(C)(C)c2ccccc21,-5.5524507,-6.7963934,-5.747664,-6.032169366666667
CCN1/C(=C/C2=C(O)/C(=C/C3=[N+](CCCCO)c4ccc(I)cc4C3(C)C)C2=O)C(C)(C)c2cc(Br)ccc21,-5.5093827,-6.8815503,-5.832166,-6.074366333333334
CCN1/C(=C/C2=C(O)/C(=C/C3=[N+](CCCCO)c4ccc(I)cc4C3(C)C)C2=O)C(C)(C)c2cc(I)ccc21,-5.5354447,-6.715974,-5.744879,-5.9987658999999995
CCCCN1/C(=C/C2=C(O)/C(=C/C3=[N+](CCCCO)c4ccc(I)cc4C3(C)C)C2=O)C(C)(C)c2ccccc21,-5.551359,-6.8008795,-5.7425566,-6.031598366666667
CCCCN1/C(=C/C2=C(O)/C(=C/C3=[N+](CCCCO)c4ccc(I)cc4C3(C)C)C2=O)C(C)(C)c2cc(Br)ccc21,-5.510936,-6.891668,-5.8291497,-6.077251233333333
CCCCN1/C(=C/C2=C(O)/C(=C/C3=[N+](CCCCO)c4ccc(I)cc4C3(C)C)C2=O)C(C)(C)c2cc(I)ccc21,-5.5367675,-6.7277246,-5.741867,-6.002119700000001
CC1(C)C(/C=C2\C(=O)C(/C=C3/N(CCCCN)c4ccccc4C3(C)C)=C2O)=[N+](CCCCO)c2ccc(I)cc21,-5.4654956,-7.1655498,-5.978908,-6.2033178
CC1(C)C(/C=C2\C(=O)C(/C=C3/N(CCCCN)c4ccc(Br)cc4C3(C)C)=C2O)=[N+](CCCCO)c2ccc(I)cc21,-5.4351788,-7.249125,-6.0733385,-6.2525474333333335
CC1(C)C(/C=C2\C(=O)C(/C=C3/N(CCCCN)c4ccc(I)cc4C3(C)C)=C2O)=[N+](CCCCO)c2ccc(I)cc21,-5.452926,-7.078141,-5.971286,-6.167451
CC1(C)C(/C=C2\C(=O)C(/C=C3/N(CCCCO)c4ccccc4C3(C)C)=C2O)=[N+](CCCCO)c2ccc(I)cc21,-5.5164995,-6.9763947,-5.7825484,-6.091814199999999
CC1(C)C(/C=C2\C(=O)C(/C=C3/N(CCCCO)c4ccc(Br)cc4C3(C)C)=C2O)=[N+](CCCCO)c2ccc(I)cc21,-5.4752603,-7.069803,-5.8755703,-6.1402112
CC1(C)C(/C=C2\C(=O)C(/C=C3/N(CCCCO)c4ccc(I)cc4C3(C)C)=C2O)=[N+](CCCCO)c2ccc(I)cc21,-5.5013885,-6.891394,-5.780499,-6.0577605
CC[N+](CC)(CC)CCCCN1/C(=C/C2=C(O)/C(=C/C3=[N+](CCCCO)c4ccc(I)cc4C3(C)C)C2=O)C(C)(C)c2ccccc21,-5.8601837,-7.4157743,-5.981924,-6.419294
CC[N+](CC)(CC)CCCCN1/C(=C/C2=C(O)/C(=C/C3=[N+](CCCCO)c4ccc(I)cc4C3(C)C)C2=O)C(C)(C)c2cc(Br)ccc21,-5.7815266,-7.5310373,-6.1071463,-6.473236733333334
CC[N+](CC)(CC)CCCCN1/C(=C/C2=C(O)/C(=C/C3=[N+](CCCCO)c4ccc(I)cc4C3(C)C)C2=O)C(C)(C)c2cc(I)ccc21,-5.845394,-7.3309345,-5.9726195,-6.382982666666667
CC1(C)C(/C=C2\C(=O)C(/C=C3/N(CCCCS(=O)(=O)O)c4ccccc4C3(C)C)=C2O)=[N+](CCCCO)c2ccc(I)cc21,-5.8167067,-7.471639,-5.654821,-6.3143889
CC1(C)C(/C=C2\C(=O)C(/C=C3/N(CCCCS(=O)(=O)O)c4ccc(Br)cc4C3(C)C)=C2O)=[N+](CCCCO)c2ccc(I)cc21,-5.7551346,-7.5367126,-5.7477684,-6.346538533333333
CC1(C)C(/C=C2\C(=O)C(/C=C3/N(CCCCS(=O)(=O)O)c4ccc(I)cc4C3(C)C)=C2O)=[N+](CCCCO)c2ccc(I)cc21,-5.810297,-7.3855877,-5.648547,-6.281477233333334
CC1(C)C(/C=C2\C(=O)C(/C=C3/N(Cc4ccccc4)c4ccccc4C3(C)C)=C2O)=[N+](CCCCO)c2ccc(I)cc21,-5.5642486,-6.9060416,-5.771719,-6.080669733333334
CC1(C)C(/C=C2\C(=O)C(/C=C3/N(Cc4ccccc4)c4ccc(Br)cc4C3(C)C)=C2O)=[N+](CCCCO)c2ccc(I)cc21,-5.515629,-6.977773,-5.8559136,-6.1164385333333335
CC1(C)C(/C=C2\C(=O)C(/C=C3/N(Cc4ccccc4)c4ccc(I)cc4C3(C)C)=C2O)=[N+](CCCCO)c2ccc(I)cc21,-5.54937,-6.8132663,-5.7656107,-6.042749000000001
CC1(C)C(/C=C2\C(=O)C(/C=C3/N(Cc4ccsc4)c4ccccc4C3(C)C)=C2O)=[N+](CCCCO)c2ccc(I)cc21,-5.5562506,-6.85654,-5.7648396,-6.059210066666668
CC1(C)C(/C=C2\C(=O)C(/C=C3/N(Cc4ccsc4)c4ccc(Br)cc4C3(C)C)=C2O)=[N+](CCCCO)c2ccc(I)cc21,-5.513105,-6.93207,-5.8488026,-6.097992533333334
CC1(C)C(/C=C2\C(=O)C(/C=C3/N(Cc4ccsc4)c4ccc(I)cc4C3(C)C)=C2O)=[N+](CCCCO)c2ccc(I)cc21,-5.5432644,-6.7699428,-5.759152,-6.024119733333333
CCN1/C(=C/C2=C(O)/C(=C/C3=[N+](CCCC[N+](CC)(CC)CC)c4ccccc4C3(C)C)C2=O)C(C)(C)c2ccccc21,-5.920659,-7.3390946,-5.9413652,-6.400372933333333
CCN1/C(=C/C2=C(O)/C(=C/C3=[N+](CCCC[N+](CC)(CC)CC)c4ccccc4C3(C)C)C2=O)C(C)(C)c2cc(Br)ccc21,-5.8389144,-7.438487,-6.056552,-6.444651133333333
CCN1/C(=C/C2=C(O)/C(=C/C3=[N+](CCCC[N+](CC)(CC)CC)c4ccccc4C3(C)C)C2=O)C(C)(C)c2cc(I)ccc21,-5.903889,-7.2506256,-5.9304366,-6.361650399999999
CCCCN1/C(=C/C2=C(O)/C(=C/C3=[N+](CCCC[N+](CC)(CC)CC)c4ccccc4C3(C)C)C2=O)C(C)(C)c2ccccc21,-5.9148335,-7.3461504,-5.9403124,-6.4004321
CCCCN1/C(=C/C2=C(O)/C(=C/C3=[N+](CCCC[N+](CC)(CC)CC)c4ccccc4C3(C)C)C2=O)C(C)(C)c2cc(Br)ccc21,-5.834733,-7.450632,-6.0582714,-6.447878799999999
CCCCN1/C(=C/C2=C(O)/C(=C/C3=[N+](CCCC[N+](CC)(CC)CC)c4ccccc4C3(C)C)C2=O)C(C)(C)c2cc(I)ccc21,-5.897093,-7.264753,-5.9326563,-6.3648341
CC[N+](CC)(CC)CCCC[N+]1=C(/C=C2\C(=O)C(/C=C3/N(CCCCN)c4ccccc4C3(C)C)=C2O)C(C)(C)c2ccccc21,-5.7574496,-7.782943,-6.265995,-6.6021292
CC[N+](CC)(CC)CCCC[N+]1=C(/C=C2\C(=O)C(/C=C3/N(CCCCN)c4ccc(Br)cc4C3(C)C)=C2O)C(C)(C)c2ccccc21,-5.686014,-7.905893,-6.3958855,-6.6625974999999995
CC[N+](CC)(CC)CCCC[N+]1=C(/C=C2\C(=O)C(/C=C3/N(CCCCN)c4ccc(I)cc4C3(C)C)=C2O)C(C)(C)c2ccccc21,-5.7395062,-7.6953144,-6.254309,-6.5630432
CC[N+](CC)(CC)CCCC[N+]1=C(/C=C2\C(=O)C(/C=C3/N(CCCCO)c4ccccc4C3(C)C)=C2O)C(C)(C)c2ccccc21,-5.8651576,-7.535518,-6.0137806,-6.4714854
CC[N+](CC)(CC)CCCC[N+]1=C(/C=C2\C(=O)C(/C=C3/N(CCCCO)c4ccc(Br)cc4C3(C)C)=C2O)C(C)(C)c2ccccc21,-5.7846503,-7.654315,-6.139982,-6.5263157666666665
CC[N+](CC)(CC)CCCC[N+]1=C(/C=C2\C(=O)C(/C=C3/N(CCCCO)c4ccc(I)cc4C3(C)C)=C2O)C(C)(C)c2ccccc21,-5.848215,-7.445223,-6.002892,-6.432110000000001
CC[N+](CC)(CC)CCCCN1/C(=C/C2=C(O)/C(=C/C3=[N+](CCCC[N+](CC)(CC)CC)c4ccccc4C3(C)C)C2=O)C(C)(C)c2ccccc21,-6.0839653,-8.057869,-6.291202,-6.811012099999999
CC[N+](CC)(CC)CCCCN1/C(=C/C2=C(O)/C(=C/C3=[N+](CCCC[N+](CC)(CC)CC)c4ccccc4C3(C)C)C2=O)C(C)(C)c2cc(Br)ccc21,-6.0030217,-8.197978,-6.4231224,-6.874707366666667
CC[N+](CC)(CC)CCCCN1/C(=C/C2=C(O)/C(=C/C3=[N+](CCCC[N+](CC)(CC)CC)c4ccccc4C3(C)C)C2=O)C(C)(C)c2cc(I)ccc21,-6.0708485,-7.9626245,-6.2758775,-6.7697835
CC[N+](CC)(CC)CCCC[N+]1=C(/C=C2\C(=O)C(/C=C3/N(CCCCS(=O)(=O)O)c4ccccc4C3(C)C)=C2O)C(C)(C)c2ccccc21,-6.0870123,-8.062754,-5.928868,-6.692878099999999
CC[N+](CC)(CC)CCCC[N+]1=C(/C=C2\C(=O)C(/C=C3/N(CCCCS(=O)(=O)O)c4ccc(Br)cc4C3(C)C)=C2O)C(C)(C)c2ccccc21,-6.010778,-8.164309,-6.0555334,-6.743540133333333
CC[N+](CC)(CC)CCCC[N+]1=C(/C=C2\C(=O)C(/C=C3/N(CCCCS(=O)(=O)O)c4ccc(I)cc4C3(C)C)=C2O)C(C)(C)c2ccccc21,-6.0722065,-7.9659986,-5.9196854,-6.652630166666666
CC[N+](CC)(CC)CCCC[N+]1=C(/C=C2\C(=O)C(/C=C3/N(Cc4ccccc4)c4ccccc4C3(C)C)=C2O)C(C)(C)c2ccccc21,-5.9291277,-7.4320025,-5.9647264,-6.4419522
CC[N+](CC)(CC)CCCC[N+]1=C(/C=C2\C(=O)C(/C=C3/N(Cc4ccccc4)c4ccc(Br)cc4C3(C)C)=C2O)C(C)(C)c2ccccc21,-5.849169,-7.52824,-6.078118,-6.485175666666667
CC[N+](CC)(CC)CCCC[N+]1=C(/C=C2\C(=O)C(/C=C3/N(Cc4ccccc4)c4ccc(I)cc4C3(C)C)=C2O)C(C)(C)c2ccccc21,-5.9146132,-7.33912,-5.9521904,-6.401974533333333
CC[N+](CC)(CC)CCCC[N+]1=C(/C=C2\C(=O)C(/C=C3/N(Cc4ccsc4)c4ccccc4C3(C)C)=C2O)C(C)(C)c2ccccc21,-5.9198627,-7.389703,-5.958544,-6.422703233333333
CC[N+](CC)(CC)CCCC[N+]1=C(/C=C2\C(=O)C(/C=C3/N(Cc4ccsc4)c4ccc(Br)cc4C3(C)C)=C2O)C(C)(C)c2ccccc21,-5.8405647,-7.4842296,-6.071494,-6.465429433333334
CC[N+](CC)(CC)CCCC[N+]1=C(/C=C2\C(=O)C(/C=C3/N(Cc4ccsc4)c4ccc(I)cc4C3(C)C)=C2O)C(C)(C)c2ccccc21,-5.906362,-7.297544,-5.9451165,-6.383007500000001
CCN1/C(=C/C2=C(O)/C(=C/C3=[N+](CCCC[N+](CC)(CC)CC)c4ccc(Br)cc4C3(C)C)C2=O)C(C)(C)c2ccccc21,-5.861609,-7.379719,-6.0110207,-6.417449566666666
CCN1/C(=C/C2=C(O)/C(=C/C3=[N+](CCCC[N+](CC)(CC)CC)c4ccc(Br)cc4C3(C)C)C2=O)C(C)(C)c2cc(Br)ccc21,-5.7795005,-7.4861865,-6.1316023,-6.4657631
CCN1/C(=C/C2=C(O)/C(=C/C3=[N+](CCCC[N+](CC)(CC)CC)c4ccc(Br)cc4C3(C)C)C2=O)C(C)(C)c2cc(I)ccc21,-5.8471155,-7.290267,-5.9997973,-6.379059933333334
CCCCN1/C(=C/C2=C(O)/C(=C/C3=[N+](CCCC[N+](CC)(CC)CC)c4ccc(Br)cc4C3(C)C)C2=O)C(C)(C)c2ccccc21,-5.8573437,-7.385913,-6.0100985,-6.417785066666667
CCCCN1/C(=C/C2=C(O)/C(=C/C3=[N+](CCCC[N+](CC)(CC)CC)c4ccc(Br)cc4C3(C)C)C2=O)C(C)(C)c2cc(Br)ccc21,-5.7749376,-7.5020876,-6.1348047,-6.470609966666667
CCCCN1/C(=C/C2=C(O)/C(=C/C3=[N+](CCCC[N+](CC)(CC)CC)c4ccc(Br)cc4C3(C)C)C2=O)C(C)(C)c2cc(I)ccc21,-5.843055,-7.302948,-6.0017548,-6.382585933333334
CC[N+](CC)(CC)CCCC[N+]1=C(/C=C2\C(=O)C(/C=C3/N(CCCCN)c4ccccc4C3(C)C)=C2O)C(C)(C)c2cc(Br)ccc21,-5.7022986,-7.8352075,-6.3436847,-6.6270636
CC[N+](CC)(CC)CCCC[N+]1=C(/C=C2\C(=O)C(/C=C3/N(CCCCN)c4ccc(Br)cc4C3(C)C)=C2O)C(C)(C)c2cc(Br)ccc21,-5.6478367,-7.953273,-6.46305,-6.688053233333334
CC[N+](CC)(CC)CCCC[N+]1=C(/C=C2\C(=O)C(/C=C3/N(CCCCN)c4ccc(I)cc4C3(C)C)=C2O)C(C)(C)c2cc(Br)ccc21,-5.6882644,-7.7481465,-6.3281064,-6.588172433333334
CC[N+](CC)(CC)CCCC[N+]1=C(/C=C2\C(=O)C(/C=C3/N(CCCCO)c4ccccc4C3(C)C)=C2O)C(C)(C)c2cc(Br)ccc21,-5.805275,-7.583993,-6.089081,-6.492783
CC[N+](CC)(CC)CCCC[N+]1=C(/C=C2\C(=O)C(/C=C3/N(CCCCO)c4ccc(Br)cc4C3(C)C)=C2O)C(C)(C)c2cc(Br)ccc21,-5.7299056,-7.698498,-6.2147856,-6.547729733333333
CC[N+](CC)(CC)CCCC[N+]1=C(/C=C2\C(=O)C(/C=C3/N(CCCCO)c4ccc(I)cc4C3(C)C)=C2O)C(C)(C)c2cc(Br)ccc21,-5.7897835,-7.4924793,-6.0783997,-6.453554166666668
CC[N+](CC)(CC)CCCCN1/C(=C/C2=C(O)/C(=C/C3=[N+](CCCC[N+](CC)(CC)CC)c4ccc(Br)cc4C3(C)C)C2=O)C(C)(C)c2ccccc21,-6.024008,-8.116282,-6.3685265,-6.836272166666667
CC[N+](CC)(CC)CCCCN1/C(=C/C2=C(O)/C(=C/C3=[N+](CCCC[N+](CC)(CC)CC)c4ccc(Br)cc4C3(C)C)C2=O)C(C)(C)c2cc(Br)ccc21,-5.943832,-8.247815,-6.4987836,-6.8968102
CC[N+](CC)(CC)CCCCN1/C(=C/C2=C(O)/C(=C/C3=[N+](CCCC[N+](CC)(CC)CC)c4ccc(Br)cc4C3(C)C)C2=O)C(C)(C)c2cc(I)ccc21,-6.011027,-8.023123,-6.353221,-6.795790333333334
CC[N+](CC)(CC)CCCC[N+]1=C(/C=C2\C(=O)C(/C=C3/N(CCCCS(=O)(=O)O)c4ccccc4C3(C)C)=C2O)C(C)(C)c2cc(Br)ccc21,-6.0316377,-8.097679,-6.007117,-6.712144566666667
CC[N+](CC)(CC)CCCC[N+]1=C(/C=C2\C(=O)C(/C=C3/N(CCCCS(=O)(=O)O)c4ccc(Br)cc4C3(C)C)=C2O)C(C)(C)c2cc(Br)ccc21,-5.955219,-8.19357,-6.129808,-6.759532333333333
CC[N+](CC)(CC)CCCC[N+]1=C(/C=C2\C(=O)C(/C=C3/N(CCCCS(=O)(=O)O)c4ccc(I)cc4C3(C)C)=C2O)C(C)(C)c2cc(Br)ccc21,-6.017752,-8.004511,-5.9979286,-6.6733972
CC[N+](CC)(CC)CCCC[N+]1=C(/C=C2\C(=O)C(/C=C3/N(Cc4ccccc4)c4ccccc4C3(C)C)=C2O)C(C)(C)c2cc(Br)ccc21,-5.8673286,-7.471752,-6.0354667,-6.4581824333333335
CC[N+](CC)(CC)CCCC[N+]1=C(/C=C2\C(=O)C(/C=C3/N(Cc4ccccc4)c4ccc(Br)cc4C3(C)C)=C2O)C(C)(C)c2cc(Br)ccc21,-5.7889323,-7.5751953,-6.154212,-6.506113200000001
CC[N+](CC)(CC)CCCC[N+]1=C(/C=C2\C(=O)C(/C=C3/N(Cc4ccccc4)c4ccc(I)cc4C3(C)C)=C2O)C(C)(C)c2cc(Br)ccc21,-5.8555555,-7.377182,-6.0217724,-6.418169966666667
CC[N+](CC)(CC)CCCC[N+]1=C(/C=C2\C(=O)C(/C=C3/N(Cc4ccsc4)c4ccccc4C3(C)C)=C2O)C(C)(C)c2cc(Br)ccc21,-5.8598638,-7.430279,-6.0289645,-6.439702433333333
CC[N+](CC)(CC)CCCC[N+]1=C(/C=C2\C(=O)C(/C=C3/N(Cc4ccsc4)c4ccc(Br)cc4C3(C)C)=C2O)C(C)(C)c2cc(Br)ccc21,-5.780626,-7.532651,-6.1470766,-6.486784533333332
CC[N+](CC)(CC)CCCC[N+]1=C(/C=C2\C(=O)C(/C=C3/N(Cc4ccsc4)c4ccc(I)cc4C3(C)C)=C2O)C(C)(C)c2cc(Br)ccc21,-5.848904,-7.336539,-6.0153456,-6.400262866666666
CCN1/C(=C/C2=C(O)/C(=C/C3=[N+](CCCC[N+](CC)(CC)CC)c4ccc(I)cc4C3(C)C)C2=O)C(C)(C)c2ccccc21,-5.9129386,-7.2477703,-5.92175,-6.360819633333333
CCN1/C(=C/C2=C(O)/C(=C/C3=[N+](CCCC[N+](CC)(CC)CC)c4ccc(I)cc4C3(C)C)C2=O)C(C)(C)c2cc(Br)ccc21,-5.833714,-7.343526,-6.0348907,-6.404043566666666
CCN1/C(=C/C2=C(O)/C(=C/C3=[N+](CCCC[N+](CC)(CC)CC)c4ccc(I)cc4C3(C)C)C2=O)C(C)(C)c2cc(I)ccc21,-5.8964906,-7.1607523,-5.91138,-6.3228743
CCCCN1/C(=C/C2=C(O)/C(=C/C3=[N+](CCCC[N+](CC)(CC)CC)c4ccc(I)cc4C3(C)C)C2=O)C(C)(C)c2ccccc21,-5.9058595,-7.2552285,-5.921366,-6.360817999999999
CCCCN1/C(=C/C2=C(O)/C(=C/C3=[N+](CCCC[N+](CC)(CC)CC)c4ccc(I)cc4C3(C)C)C2=O)C(C)(C)c2cc(Br)ccc21,-5.829417,-7.3552933,-6.036268,-6.406992766666666
CCCCN1/C(=C/C2=C(O)/C(=C/C3=[N+](CCCC[N+](CC)(CC)CC)c4ccc(I)cc4C3(C)C)C2=O)C(C)(C)c2cc(I)ccc21,-5.889227,-7.1748896,-5.9138756,-6.325997399999999
CC[N+](CC)(CC)CCCC[N+]1=C(/C=C2\C(=O)C(/C=C3/N(CCCCN)c4ccccc4C3(C)C)=C2O)C(C)(C)c2cc(I)ccc21,-5.749124,-7.685356,-6.2418404,-6.5587734666666675
CC[N+](CC)(CC)CCCC[N+]1=C(/C=C2\C(=O)C(/C=C3/N(CCCCN)c4ccc(Br)cc4C3(C)C)=C2O)C(C)(C)c2cc(I)ccc21,-5.681248,-7.808781,-6.3680525,-6.6193605
CC[N+](CC)(CC)CCCC[N+]1=C(/C=C2\C(=O)C(/C=C3/N(CCCCN)c4ccc(I)cc4C3(C)C)=C2O)C(C)(C)c2cc(I)ccc21,-5.73207,-7.5982924,-6.230421,-6.5202611333333325
CC[N+](CC)(CC)CCCC[N+]1=C(/C=C2\C(=O)C(/C=C3/N(CCCCO)c4ccccc4C3(C)C)=C2O)C(C)(C)c2cc(I)ccc21,-5.8578644,-7.4362693,-5.991499,-6.428544233333334
CC[N+](CC)(CC)CCCC[N+]1=C(/C=C2\C(=O)C(/C=C3/N(CCCCO)c4ccc(Br)cc4C3(C)C)=C2O)C(C)(C)c2cc(I)ccc21,-5.779087,-7.553137,-6.117424,-6.483216
CC[N+](CC)(CC)CCCC[N+]1=C(/C=C2\C(=O)C(/C=C3/N(CCCCO)c4ccc(I)cc4C3(C)C)=C2O)C(C)(C)c2cc(I)ccc21,-5.84256,-7.3511543,-5.9823623,-6.392025533333334
CC[N+](CC)(CC)CCCCN1/C(=C/C2=C(O)/C(=C/C3=[N+](CCCC[N+](CC)(CC)CC)c4ccc(I)cc4C3(C)C)C2=O)C(C)(C)c2ccccc21,-6.0805373,-7.952813,-6.2637067,-6.765685666666666
CC[N+](CC)(CC)CCCCN1/C(=C/C2=C(O)/C(=C/C3=[N+](CCCC[N+](CC)(CC)CC)c4ccc(I)cc4C3(C)C)C2=O)C(C)(C)c2cc(Br)ccc21,-5.9971485,-8.0932255,-6.395376,-6.8285833333333334
CC[N+](CC)(CC)CCCCN1/C(=C/C2=C(O)/C(=C/C3=[N+](CCCC[N+](CC)(CC)CC)c4ccc(I)cc4C3(C)C)C2=O)C(C)(C)c2cc(I)ccc21,-6.067781,-7.8575516,-6.2472253,-6.724185966666667
CC[N+](CC)(CC)CCCC[N+]1=C(/C=C2\C(=O)C(/C=C3/N(CCCCS(=O)(=O)O)c4ccccc4C3(C)C)=C2O)C(C)(C)c2cc(I)ccc21,-6.082325,-7.956909,-5.907746,-6.648993333333333
CC[N+](CC)(CC)CCCC[N+]1=C(/C=C2\C(=O)C(/C=C3/N(CCCCS(=O)(=O)O)c4ccc(Br)cc4C3(C)C)=C2O)C(C)(C)c2cc(I)ccc21,-6.008071,-8.060332,-6.033782,-6.700728333333333
CC[N+](CC)(CC)CCCC[N+]1=C(/C=C2\C(=O)C(/C=C3/N(CCCCS(=O)(=O)O)c4ccc(I)cc4C3(C)C)=C2O)C(C)(C)c2cc(I)ccc21,-6.068452,-7.8633633,-5.8996253,-6.6104802000000005
CC[N+](CC)(CC)CCCC[N+]1=C(/C=C2\C(=O)C(/C=C3/N(Cc4ccccc4)c4ccccc4C3(C)C)=C2O)C(C)(C)c2cc(I)ccc21,-5.9207106,-7.3402157,-5.9458714,-6.4022659
CC[N+](CC)(CC)CCCC[N+]1=C(/C=C2\C(=O)C(/C=C3/N(Cc4ccccc4)c4ccc(Br)cc4C3(C)C)=C2O)C(C)(C)c2cc(I)ccc21,-5.8423033,-7.431173,-6.0563035,-6.443259933333334
CC[N+](CC)(CC)CCCC[N+]1=C(/C=C2\C(=O)C(/C=C3/N(Cc4ccccc4)c4ccc(I)cc4C3(C)C)=C2O)C(C)(C)c2cc(I)ccc21,-5.9067945,-7.248324,-5.932731,-6.362616500000001
CC[N+](CC)(CC)CCCC[N+]1=C(/C=C2\C(=O)C(/C=C3/N(Cc4ccsc4)c4ccccc4C3(C)C)=C2O)C(C)(C)c2cc(I)ccc21,-5.912267,-7.2984815,-5.938877,-6.383208499999999
CC[N+](CC)(CC)CCCC[N+]1=C(/C=C2\C(=O)C(/C=C3/N(Cc4ccsc4)c4ccc(Br)cc4C3(C)C)=C2O)C(C)(C)c2cc(I)ccc21,-5.8352075,-7.3888655,-6.0497785,-6.424617166666667
CC[N+](CC)(CC)CCCC[N+]1=C(/C=C2\C(=O)C(/C=C3/N(Cc4ccsc4)c4ccc(I)cc4C3(C)C)=C2O)C(C)(C)c2cc(I)ccc21,-5.8996572,-7.2043514,-5.9246755,-6.3428946999999996
CCN1/C(=C/C2=C(O)/C(=C/C3=[N+](CCCCS(=O)(=O)O)c4ccccc4C3(C)C)C2=O)C(C)(C)c2ccccc21,-5.878102,-7.425767,-5.633553,-6.312473999999999
CCN1/C(=C/C2=C(O)/C(=C/C3=[N+](CCCCS(=O)(=O)O)c4ccccc4C3(C)C)C2=O)C(C)(C)c2cc(Br)ccc21,-5.8128443,-7.493928,-5.7283893,-6.345053866666667
CCN1/C(=C/C2=C(O)/C(=C/C3=[N+](CCCCS(=O)(=O)O)c4ccccc4C3(C)C)C2=O)C(C)(C)c2cc(I)ccc21,-5.869102,-7.333608,-5.6268945,-6.276534833333333
CCCCN1/C(=C/C2=C(O)/C(=C/C3=[N+](CCCCS(=O)(=O)O)c4ccccc4C3(C)C)C2=O)C(C)(C)c2ccccc21,-5.8646045,-7.42951,-5.630327,-6.308147166666667
CCCCN1/C(=C/C2=C(O)/C(=C/C3=[N+](CCCCS(=O)(=O)O)c4ccccc4C3(C)C)C2=O)C(C)(C)c2cc(Br)ccc21,-5.8003044,-7.4973593,-5.724622,-6.3407619
CCCCN1/C(=C/C2=C(O)/C(=C/C3=[N+](CCCCS(=O)(=O)O)c4ccccc4C3(C)C)C2=O)C(C)(C)c2cc(I)ccc21,-5.85625,-7.345171,-5.6258073,-6.275742766666667
CC1(C)C(/C=C2\C(=O)C(/C=C3/N(CCCCN)c4ccccc4C3(C)C)=C2O)=[N+](CCCCS(=O)(=O)O)c2ccccc21,-5.7290444,-7.754401,-5.8785925,-6.454012633333334
CC1(C)C(/C=C2\C(=O)C(/C=C3/N(CCCCN)c4ccc(Br)cc4C3(C)C)=C2O)=[N+](CCCCS(=O)(=O)O)c2ccccc21,-5.6654267,-7.7999206,-5.968012,-6.477786433333333
CC1(C)C(/C=C2\C(=O)C(/C=C3/N(CCCCN)c4ccc(I)cc4C3(C)C)=C2O)=[N+](CCCCS(=O)(=O)O)c2ccccc21,-5.721767,-7.671975,-5.8744526,-6.422731533333334
CC1(C)C(/C=C2\C(=O)C(/C=C3/N(CCCCO)c4ccccc4C3(C)C)=C2O)=[N+](CCCCS(=O)(=O)O)c2ccccc21,-5.807941,-7.6125293,-5.686879,-6.369116433333333
CC1(C)C(/C=C2\C(=O)C(/C=C3/N(CCCCO)c4ccc(Br)cc4C3(C)C)=C2O)=[N+](CCCCS(=O)(=O)O)c2ccccc21,-5.746339,-7.6753445,-5.7799373,-6.400540266666667
CC1(C)C(/C=C2\C(=O)C(/C=C3/N(CCCCO)c4ccc(I)cc4C3(C)C)=C2O)=[N+](CCCCS(=O)(=O)O)c2ccccc21,-5.8013897,-7.527882,-5.680431,-6.336567566666666
CC[N+](CC)(CC)CCCCN1/C(=C/C2=C(O)/C(=C/C3=[N+](CCCCS(=O)(=O)O)c4ccccc4C3(C)C)C2=O)C(C)(C)c2ccccc21,-6.078979,-8.096309,-5.941851,-6.705713
CC[N+](CC)(CC)CCCCN1/C(=C/C2=C(O)/C(=C/C3=[N+](CCCCS(=O)(=O)O)c4ccccc4C3(C)C)C2=O)C(C)(C)c2cc(Br)ccc21,-6.003589,-8.198639,-6.0687027,-6.756976900000001
CC[N+](CC)(CC)CCCCN1/C(=C/C2=C(O)/C(=C/C3=[N+](CCCCS(=O)(=O)O)c4ccccc4C3(C)C)C2=O)C(C)(C)c2cc(I)ccc21,-6.064559,-7.996147,-5.9316134,-6.6641064666666665
CC1(C)C(/C=C2\C(=O)C(/C=C3/N(CCCCS(=O)(=O)O)c4ccccc4C3(C)C)=C2O)=[N+](CCCCS(=O)(=O)O)c2ccccc21,-5.963194,-8.06579,-5.5837116,-6.5375651999999995
CC1(C)C(/C=C2\C(=O)C(/C=C3/N(CCCCS(=O)(=O)O)c4ccc(Br)cc4C3(C)C)=C2O)=[N+](CCCCS(=O)(=O)O)c2ccccc21,-5.9092994,-8.127126,-5.673017,-6.569814133333334
CC1(C)C(/C=C2\C(=O)C(/C=C3/N(CCCCS(=O)(=O)O)c4ccc(I)cc4C3(C)C)=C2O)=[N+](CCCCS(=O)(=O)O)c2ccccc21,-5.9542108,-7.9705505,-5.582586,-6.5024491
CC1(C)C(/C=C2\C(=O)C(/C=C3/N(Cc4ccccc4)c4ccccc4C3(C)C)=C2O)=[N+](CCCCS(=O)(=O)O)c2ccccc21,-5.8759356,-7.5251255,-5.653785,-6.351615366666667
CC1(C)C(/C=C2\C(=O)C(/C=C3/N(Cc4ccccc4)c4ccc(Br)cc4C3(C)C)=C2O)=[N+](CCCCS(=O)(=O)O)c2ccccc21,-5.811797,-7.583955,-5.7461905,-6.380647499999999
CC1(C)C(/C=C2\C(=O)C(/C=C3/N(Cc4ccccc4)c4ccc(I)cc4C3(C)C)=C2O)=[N+](CCCCS(=O)(=O)O)c2ccccc21,-5.871293,-7.4301567,-5.6453276,-6.315592433333333
CC1(C)C(/C=C2\C(=O)C(/C=C3/N(Cc4ccsc4)c4ccccc4C3(C)C)=C2O)=[N+](CCCCS(=O)(=O)O)c2ccccc21,-5.8762474,-7.488471,-5.649193,-6.337970466666666
CC1(C)C(/C=C2\C(=O)C(/C=C3/N(Cc4ccsc4)c4ccc(Br)cc4C3(C)C)=C2O)=[N+](CCCCS(=O)(=O)O)c2ccccc21,-5.813412,-7.5496025,-5.7418947,-6.368303066666666
CC1(C)C(/C=C2\C(=O)C(/C=C3/N(Cc4ccsc4)c4ccc(I)cc4C3(C)C)=C2O)=[N+](CCCCS(=O)(=O)O)c2ccccc21,-5.8705726,-7.3917623,-5.6407576,-6.301030833333333
CCN1/C(=C/C2=C(O)/C(=C/C3=[N+](CCCCS(=O)(=O)O)c4ccc(Br)cc4C3(C)C)C2=O)C(C)(C)c2ccccc21,-5.833236,-7.4506874,-5.6957803,-6.3265679
CCN1/C(=C/C2=C(O)/C(=C/C3=[N+](CCCCS(=O)(=O)O)c4ccc(Br)cc4C3(C)C)C2=O)C(C)(C)c2cc(Br)ccc21,-5.7716208,-7.50562,-5.7864323,-6.354557700000001
CCN1/C(=C/C2=C(O)/C(=C/C3=[N+](CCCCS(=O)(=O)O)c4ccc(Br)cc4C3(C)C)C2=O)C(C)(C)c2cc(I)ccc21,-5.826149,-7.355919,-5.685788,-6.289285333333333
CCCCN1/C(=C/C2=C(O)/C(=C/C3=[N+](CCCCS(=O)(=O)O)c4ccc(Br)cc4C3(C)C)C2=O)C(C)(C)c2ccccc21,-5.8206334,-7.4498053,-5.690451,-6.320296566666666
CCCCN1/C(=C/C2=C(O)/C(=C/C3=[N+](CCCCS(=O)(=O)O)c4ccc(Br)cc4C3(C)C)C2=O)C(C)(C)c2cc(Br)ccc21,-5.7566667,-7.507575,-5.784275,-6.349505566666667
CCCCN1/C(=C/C2=C(O)/C(=C/C3=[N+](CCCCS(=O)(=O)O)c4ccc(Br)cc4C3(C)C)C2=O)C(C)(C)c2cc(I)ccc21,-5.8142676,-7.3629627,-5.6829305,-6.286720266666666
CC1(C)C(/C=C2\C(=O)C(/C=C3/N(CCCCN)c4ccccc4C3(C)C)=C2O)=[N+](CCCCS(=O)(=O)O)c2ccc(Br)cc21,-5.6870227,-7.757331,-5.934237,-6.459530233333333
CC1(C)C(/C=C2\C(=O)C(/C=C3/N(CCCCN)c4ccc(Br)cc4C3(C)C)=C2O)=[N+](CCCCS(=O)(=O)O)c2ccc(Br)cc21,-5.6364694,-7.7980604,-6.014392,-6.482973933333334
CC1(C)C(/C=C2\C(=O)C(/C=C3/N(CCCCN)c4ccc(I)cc4C3(C)C)=C2O)=[N+](CCCCS(=O)(=O)O)c2ccc(Br)cc21,-5.6844974,-7.6732955,-5.9244275,-6.4274068
CC1(C)C(/C=C2\C(=O)C(/C=C3/N(CCCCO)c4ccccc4C3(C)C)=C2O)=[N+](CCCCS(=O)(=O)O)c2ccc(Br)cc21,-5.7653165,-7.626687,-5.746068,-6.379357166666668
CC1(C)C(/C=C2\C(=O)C(/C=C3/N(CCCCO)c4ccc(Br)cc4C3(C)C)=C2O)=[N+](CCCCS(=O)(=O)O)c2ccc(Br)cc21,-5.7006454,-7.6862497,-5.8376474,-6.408180833333333
CC1(C)C(/C=C2\C(=O)C(/C=C3/N(CCCCO)c4ccc(I)cc4C3(C)C)=C2O)=[N+](CCCCS(=O)(=O)O)c2ccc(Br)cc21,-5.75865,-7.542648,-5.7401958,-6.347164599999999
CC[N+](CC)(CC)CCCCN1/C(=C/C2=C(O)/C(=C/C3=[N+](CCCCS(=O)(=O)O)c4ccc(Br)cc4C3(C)C)C2=O)C(C)(C)c2ccccc21,-6.024107,-8.129318,-6.0194507,-6.7242919
CC[N+](CC)(CC)CCCCN1/C(=C/C2=C(O)/C(=C/C3=[N+](CCCCS(=O)(=O)O)c4ccc(Br)cc4C3(C)C)C2=O)C(C)(C)c2cc(Br)ccc21,-5.9482036,-8.226844,-6.143478,-6.772841866666667
CC[N+](CC)(CC)CCCCN1/C(=C/C2=C(O)/C(=C/C3=[N+](CCCCS(=O)(=O)O)c4ccc(Br)cc4C3(C)C)C2=O)C(C)(C)c2cc(I)ccc21,-6.0102143,-8.034342,-6.0096936,-6.684749966666668
CC1(C)C(/C=C2\C(=O)C(/C=C3/N(CCCCS(=O)(=O)O)c4ccccc4C3(C)C)=C2O)=[N+](CCCCS(=O)(=O)O)c2ccc(Br)cc21,-5.9255953,-8.070593,-5.6398983,-6.5453622
CC1(C)C(/C=C2\C(=O)C(/C=C3/N(CCCCS(=O)(=O)O)c4ccc(Br)cc4C3(C)C)=C2O)=[N+](CCCCS(=O)(=O)O)c2ccc(Br)cc21,-5.878232,-8.143235,-5.734904,-6.585457000000001
CC1(C)C(/C=C2\C(=O)C(/C=C3/N(CCCCS(=O)(=O)O)c4ccc(I)cc4C3(C)C)=C2O)=[N+](CCCCS(=O)(=O)O)c2ccc(Br)cc21,-5.91925,-7.983606,-5.639476,-6.514110666666667
CC1(C)C(/C=C2\C(=O)C(/C=C3/N(Cc4ccccc4)c4ccccc4C3(C)C)=C2O)=[N+](CCCCS(=O)(=O)O)c2ccc(Br)cc21,-5.8291497,-7.547698,-5.7157254,-6.364191033333333
CC1(C)C(/C=C2\C(=O)C(/C=C3/N(Cc4ccccc4)c4ccc(Br)cc4C3(C)C)=C2O)=[N+](CCCCS(=O)(=O)O)c2ccc(Br)cc21,-5.768818,-7.594075,-5.8061376,-6.389676866666666
CC1(C)C(/C=C2\C(=O)C(/C=C3/N(Cc4ccccc4)c4ccc(I)cc4C3(C)C)=C2O)=[N+](CCCCS(=O)(=O)O)c2ccc(Br)cc21,-5.825693,-7.4519954,-5.7058454,-6.3278446
CC1(C)C(/C=C2\C(=O)C(/C=C3/N(Cc4ccsc4)c4ccccc4C3(C)C)=C2O)=[N+](CCCCS(=O)(=O)O)c2ccc(Br)cc21,-5.8305273,-7.512258,-5.711153,-6.351312766666666
CC1(C)C(/C=C2\C(=O)C(/C=C3/N(Cc4ccsc4)c4ccc(Br)cc4C3(C)C)=C2O)=[N+](CCCCS(=O)(=O)O)c2ccc(Br)cc21,-5.771524,-7.560091,-5.8023734,-6.377996133333333
CC1(C)C(/C=C2\C(=O)C(/C=C3/N(Cc4ccsc4)c4ccc(I)cc4C3(C)C)=C2O)=[N+](CCCCS(=O)(=O)O)c2ccc(Br)cc21,-5.8268437,-7.412099,-5.6994514,-6.312798033333333
CCN1/C(=C/C2=C(O)/C(=C/C3=[N+](CCCCS(=O)(=O)O)c4ccc(I)cc4C3(C)C)C2=O)C(C)(C)c2ccccc21,-5.876264,-7.330168,-5.620764,-6.2757320000000005
CCN1/C(=C/C2=C(O)/C(=C/C3=[N+](CCCCS(=O)(=O)O)c4ccc(I)cc4C3(C)C)C2=O)C(C)(C)c2cc(Br)ccc21,-5.813513,-7.39879,-5.7127104,-6.3083378
CCN1/C(=C/C2=C(O)/C(=C/C3=[N+](CCCCS(=O)(=O)O)c4ccc(I)cc4C3(C)C)C2=O)C(C)(C)c2cc(I)ccc21,-5.865851,-7.2377234,-5.6144853,-6.239353233333333
CCCCN1/C(=C/C2=C(O)/C(=C/C3=[N+](CCCCS(=O)(=O)O)c4ccc(I)cc4C3(C)C)C2=O)C(C)(C)c2ccccc21,-5.862783,-7.3357334,-5.6176805,-6.272065633333333
CCCCN1/C(=C/C2=C(O)/C(=C/C3=[N+](CCCCS(=O)(=O)O)c4ccc(I)cc4C3(C)C)C2=O)C(C)(C)c2cc(Br)ccc21,-5.8010387,-7.401808,-5.708936,-6.303927566666666
CCCCN1/C(=C/C2=C(O)/C(=C/C3=[N+](CCCCS(=O)(=O)O)c4ccc(I)cc4C3(C)C)C2=O)C(C)(C)c2cc(I)ccc21,-5.8503222,-7.250038,-5.6141386,-6.238166266666667
CC1(C)C(/C=C2\C(=O)C(/C=C3/N(CCCCN)c4ccccc4C3(C)C)=C2O)=[N+](CCCCS(=O)(=O)O)c2ccc(I)cc21,-5.730737,-7.662772,-5.864138,-6.419215666666667
CC1(C)C(/C=C2\C(=O)C(/C=C3/N(CCCCN)c4ccc(Br)cc4C3(C)C)=C2O)=[N+](CCCCS(=O)(=O)O)c2ccc(I)cc21,-5.6711373,-7.7074165,-5.948307,-6.442286933333333
CC1(C)C(/C=C2\C(=O)C(/C=C3/N(CCCCN)c4ccc(I)cc4C3(C)C)=C2O)=[N+](CCCCS(=O)(=O)O)c2ccc(I)cc21,-5.725094,-7.580027,-5.858364,-6.387828333333334
CC1(C)C(/C=C2\C(=O)C(/C=C3/N(CCCCO)c4ccccc4C3(C)C)=C2O)=[N+](CCCCS(=O)(=O)O)c2ccc(I)cc21,-5.8085837,-7.5175505,-5.671529,-6.332554399999999
CC1(C)C(/C=C2\C(=O)C(/C=C3/N(CCCCO)c4ccc(Br)cc4C3(C)C)=C2O)=[N+](CCCCS(=O)(=O)O)c2ccc(I)cc21,-5.746914,-7.5810275,-5.765132,-6.364357833333334
CC1(C)C(/C=C2\C(=O)C(/C=C3/N(CCCCO)c4ccc(I)cc4C3(C)C)=C2O)=[N+](CCCCS(=O)(=O)O)c2ccc(I)cc21,-5.8021092,-7.430558,-5.6639614,-6.2988762
CC[N+](CC)(CC)CCCCN1/C(=C/C2=C(O)/C(=C/C3=[N+](CCCCS(=O)(=O)O)c4ccc(I)cc4C3(C)C)C2=O)C(C)(C)c2ccccc21,-6.0747066,-7.986827,-5.919599,-6.660377533333334
CC[N+](CC)(CC)CCCCN1/C(=C/C2=C(O)/C(=C/C3=[N+](CCCCS(=O)(=O)O)c4ccc(I)cc4C3(C)C)C2=O)C(C)(C)c2cc(Br)ccc21,-6.0011506,-8.091968,-6.0464153,-6.713177966666667
CC[N+](CC)(CC)CCCCN1/C(=C/C2=C(O)/C(=C/C3=[N+](CCCCS(=O)(=O)O)c4ccc(I)cc4C3(C)C)C2=O)C(C)(C)c2cc(I)ccc21,-6.060584,-7.8931484,-5.911441,-6.621724466666667
CC1(C)C(/C=C2\C(=O)C(/C=C3/N(CCCCS(=O)(=O)O)c4ccccc4C3(C)C)=C2O)=[N+](CCCCS(=O)(=O)O)c2ccc(I)cc21,-5.962055,-7.9638953,-5.574388,-6.500112766666667
CC1(C)C(/C=C2\C(=O)C(/C=C3/N(CCCCS(=O)(=O)O)c4ccc(Br)cc4C3(C)C)=C2O)=[N+](CCCCS(=O)(=O)O)c2ccc(I)cc21,-5.9110646,-8.031325,-5.663804,-6.535397866666667
CC1(C)C(/C=C2\C(=O)C(/C=C3/N(CCCCS(=O)(=O)O)c4ccc(I)cc4C3(C)C)=C2O)=[N+](CCCCS(=O)(=O)O)c2ccc(I)cc21,-5.9545326,-7.875288,-5.573179,-6.467666533333333
CC1(C)C(/C=C2\C(=O)C(/C=C3/N(Cc4ccccc4)c4ccccc4C3(C)C)=C2O)=[N+](CCCCS(=O)(=O)O)c2ccc(I)cc21,-5.8750076,-7.432059,-5.640918,-6.315994866666666
CC1(C)C(/C=C2\C(=O)C(/C=C3/N(Cc4ccccc4)c4ccc(Br)cc4C3(C)C)=C2O)=[N+](CCCCS(=O)(=O)O)c2ccc(I)cc21,-5.8124313,-7.489762,-5.731249,-6.344480766666666
CC1(C)C(/C=C2\C(=O)C(/C=C3/N(Cc4ccccc4)c4ccc(I)cc4C3(C)C)=C2O)=[N+](CCCCS(=O)(=O)O)c2ccc(I)cc21,-5.8692894,-7.335453,-5.6324234,-6.279055266666667
CC1(C)C(/C=C2\C(=O)C(/C=C3/N(Cc4ccsc4)c4ccccc4C3(C)C)=C2O)=[N+](CCCCS(=O)(=O)O)c2ccc(I)cc21,-5.874381,-7.393345,-5.6364956,-6.3014072
CC1(C)C(/C=C2\C(=O)C(/C=C3/N(Cc4ccsc4)c4ccc(Br)cc4C3(C)C)=C2O)=[N+](CCCCS(=O)(=O)O)c2ccc(I)cc21,-5.814136,-7.454195,-5.726288,-6.331539666666667
CC1(C)C(/C=C2\C(=O)C(/C=C3/N(Cc4ccsc4)c4ccc(I)cc4C3(C)C)=C2O)=[N+](CCCCS(=O)(=O)O)c2ccc(I)cc21,-5.8680677,-7.2961245,-5.6279173,-6.2640365000000005
CCN1/C(=C/C2=C(O)/C(=C/C3=[N+](Cc4ccccc4)c4ccccc4C3(C)C)C2=O)C(C)(C)c2ccccc21,-5.6205697,-6.9273076,-5.782258,-6.1100451
CCN1/C(=C/C2=C(O)/C(=C/C3=[N+](Cc4ccccc4)c4ccccc4C3(C)C)C2=O)C(C)(C)c2cc(Br)ccc21,-5.570101,-7.009888,-5.8674936,-6.149160866666667
CCN1/C(=C/C2=C(O)/C(=C/C3=[N+](Cc4ccccc4)c4ccccc4C3(C)C)C2=O)C(C)(C)c2cc(I)ccc21,-5.6032586,-6.8382316,-5.7786756,-6.0733886
CCCCN1/C(=C/C2=C(O)/C(=C/C3=[N+](Cc4ccccc4)c4ccccc4C3(C)C)C2=O)C(C)(C)c2ccccc21,-5.6221323,-6.9378376,-5.7762156,-6.112061833333333
CCCCN1/C(=C/C2=C(O)/C(=C/C3=[N+](Cc4ccccc4)c4ccccc4C3(C)C)C2=O)C(C)(C)c2cc(Br)ccc21,-5.5715475,-7.022983,-5.8648143,-6.153114933333334
CCCCN1/C(=C/C2=C(O)/C(=C/C3=[N+](Cc4ccccc4)c4ccccc4C3(C)C)C2=O)C(C)(C)c2cc(I)ccc21,-5.605036,-6.8541627,-5.7741766,-6.0777917666666665
CC1(C)C(/C=C2\C(=O)C(/C=C3/N(CCCCN)c4ccccc4C3(C)C)=C2O)=[N+](Cc2ccccc2)c2ccccc21,-5.522778,-7.3070564,-6.0220304,-6.283954933333334
CC1(C)C(/C=C2\C(=O)C(/C=C3/N(CCCCN)c4ccc(Br)cc4C3(C)C)=C2O)=[N+](Cc2ccccc2)c2ccccc21,-5.4892516,-7.397481,-6.125538,-6.337423533333333
CC1(C)C(/C=C2\C(=O)C(/C=C3/N(CCCCN)c4ccc(I)cc4C3(C)C)=C2O)=[N+](Cc2ccccc2)c2ccccc21,-5.508737,-7.214446,-6.011385,-6.2448559999999995
CC1(C)C(/C=C2\C(=O)C(/C=C3/N(CCCCO)c4ccccc4C3(C)C)=C2O)=[N+](Cc2ccccc2)c2ccccc21,-5.579372,-7.1090527,-5.8155985,-6.168007733333333
CC1(C)C(/C=C2\C(=O)C(/C=C3/N(CCCCO)c4ccc(Br)cc4C3(C)C)=C2O)=[N+](Cc2ccccc2)c2ccccc21,-5.5269847,-7.2110453,-5.9177933,-6.2186077666666675
CC1(C)C(/C=C2\C(=O)C(/C=C3/N(CCCCO)c4ccc(I)cc4C3(C)C)=C2O)=[N+](Cc2ccccc2)c2ccccc21,-5.561516,-7.021179,-5.8142047,-6.1322999000000005
CC[N+](CC)(CC)CCCCN1/C(=C/C2=C(O)/C(=C/C3=[N+](Cc4ccccc4)c4ccccc4C3(C)C)C2=O)C(C)(C)c2ccccc21,-5.923184,-7.5464563,-6.015103,-6.494914433333332
CC[N+](CC)(CC)CCCCN1/C(=C/C2=C(O)/C(=C/C3=[N+](Cc4ccccc4)c4ccccc4C3(C)C)C2=O)C(C)(C)c2cc(Br)ccc21,-5.84223,-7.663429,-6.140092,-6.548583666666667
CC[N+](CC)(CC)CCCCN1/C(=C/C2=C(O)/C(=C/C3=[N+](Cc4ccccc4)c4ccccc4C3(C)C)C2=O)C(C)(C)c2cc(I)ccc21,-5.9075837,-7.455642,-6.005055,-6.456093566666667
CC1(C)C(/C=C2\C(=O)C(/C=C3/N(CCCCS(=O)(=O)O)c4ccccc4C3(C)C)=C2O)=[N+](Cc2ccccc2)c2ccccc21,-5.888021,-7.6088924,-5.678136,-6.391683133333333
CC1(C)C(/C=C2\C(=O)C(/C=C3/N(CCCCS(=O)(=O)O)c4ccc(Br)cc4C3(C)C)=C2O)=[N+](Cc2ccccc2)c2ccccc21,-5.8227863,-7.680972,-5.7782693,-6.427342533333333
CC1(C)C(/C=C2\C(=O)C(/C=C3/N(CCCCS(=O)(=O)O)c4ccc(I)cc4C3(C)C)=C2O)=[N+](Cc2ccccc2)c2ccccc21,-5.881357,-7.5237484,-5.671922,-6.359009133333333
CC1(C)C(/C=C2\C(=O)C(/C=C3/N(Cc4ccccc4)c4ccccc4C3(C)C)=C2O)=[N+](Cc2ccccc2)c2ccccc21,-5.633204,-7.0490046,-5.808995,-6.163734533333333
CC1(C)C(/C=C2\C(=O)C(/C=C3/N(Cc4ccccc4)c4ccc(Br)cc4C3(C)C)=C2O)=[N+](Cc2ccccc2)c2ccccc21,-5.5832586,-7.124758,-5.893936,-6.200650866666667
CC1(C)C(/C=C2\C(=O)C(/C=C3/N(Cc4ccccc4)c4ccc(I)cc4C3(C)C)=C2O)=[N+](Cc2ccccc2)c2ccccc21,-5.619688,-6.9583855,-5.8035665,-6.127213333333334
CC1(C)C(/C=C2\C(=O)C(/C=C3/N(Cc4ccsc4)c4ccccc4C3(C)C)=C2O)=[N+](Cc2ccccc2)c2ccccc21,-5.6230288,-6.9966154,-5.8020697,-6.1405713
CC1(C)C(/C=C2\C(=O)C(/C=C3/N(Cc4ccsc4)c4ccc(Br)cc4C3(C)C)=C2O)=[N+](Cc2ccccc2)c2ccccc21,-5.574808,-7.0698695,-5.8839526,-6.176210033333334
CC1(C)C(/C=C2\C(=O)C(/C=C3/N(Cc4ccsc4)c4ccc(I)cc4C3(C)C)=C2O)=[N+](Cc2ccccc2)c2ccccc21,-5.609899,-6.9062476,-5.7968373,-6.104327966666666
CCN1/C(=C/C2=C(O)/C(=C/C3=[N+](Cc4ccccc4)c4ccc(Br)cc4C3(C)C)C2=O)C(C)(C)c2ccccc21,-5.5795565,-6.957614,-5.840484,-6.125884833333333
CCN1/C(=C/C2=C(O)/C(=C/C3=[N+](Cc4ccccc4)c4ccc(Br)cc4C3(C)C)C2=O)C(C)(C)c2cc(Br)ccc21,-5.5332775,-7.0431595,-5.925864,-6.167433666666667
CCN1/C(=C/C2=C(O)/C(=C/C3=[N+](Cc4ccccc4)c4ccc(Br)cc4C3(C)C)C2=O)C(C)(C)c2cc(I)ccc21,-5.5614414,-6.8748474,-5.8347416,-6.090343466666667
CCCCN1/C(=C/C2=C(O)/C(=C/C3=[N+](Cc4ccccc4)c4ccc(Br)cc4C3(C)C)C2=O)C(C)(C)c2ccccc21,-5.5798883,-6.9678288,-5.8348646,-6.127527233333333
CCCCN1/C(=C/C2=C(O)/C(=C/C3=[N+](Cc4ccccc4)c4ccc(Br)cc4C3(C)C)C2=O)C(C)(C)c2cc(Br)ccc21,-5.5352764,-7.057345,-5.9233017,-6.171974366666666
CCCCN1/C(=C/C2=C(O)/C(=C/C3=[N+](Cc4ccccc4)c4ccc(Br)cc4C3(C)C)C2=O)C(C)(C)c2cc(I)ccc21,-5.565127,-6.8903475,-5.832966,-6.096146833333333
CC1(C)C(/C=C2\C(=O)C(/C=C3/N(CCCCN)c4ccccc4C3(C)C)=C2O)=[N+](Cc2ccccc2)c2ccc(Br)cc21,-5.493669,-7.329925,-6.0804906,-6.301361533333334
CC1(C)C(/C=C2\C(=O)C(/C=C3/N(CCCCN)c4ccc(Br)cc4C3(C)C)=C2O)=[N+](Cc2ccccc2)c2ccc(Br)cc21,-5.4652443,-7.4152393,-6.180622,-6.353701866666666
CC1(C)C(/C=C2\C(=O)C(/C=C3/N(CCCCN)c4ccc(I)cc4C3(C)C)=C2O)=[N+](Cc2ccccc2)c2ccc(Br)cc21,-5.4788494,-7.2417154,-6.0690904,-6.2632183999999995
CC1(C)C(/C=C2\C(=O)C(/C=C3/N(CCCCO)c4ccccc4C3(C)C)=C2O)=[N+](Cc2ccccc2)c2ccc(Br)cc21,-5.534904,-7.1443663,-5.880994,-6.186754766666667
CC1(C)C(/C=C2\C(=O)C(/C=C3/N(CCCCO)c4ccc(Br)cc4C3(C)C)=C2O)=[N+](Cc2ccccc2)c2ccc(Br)cc21,-5.4950013,-7.2326818,-5.974434,-6.234039033333333
CC1(C)C(/C=C2\C(=O)C(/C=C3/N(CCCCO)c4ccc(I)cc4C3(C)C)=C2O)=[N+](Cc2ccccc2)c2ccc(Br)cc21,-5.518856,-7.055814,-5.875109,-6.149926333333333
CC[N+](CC)(CC)CCCCN1/C(=C/C2=C(O)/C(=C/C3=[N+](Cc4ccccc4)c4ccc(Br)cc4C3(C)C)C2=O)C(C)(C)c2ccccc21,-5.8625846,-7.588874,-6.089261,-6.5135732
CC[N+](CC)(CC)CCCCN1/C(=C/C2=C(O)/C(=C/C3=[N+](Cc4ccccc4)c4ccc(Br)cc4C3(C)C)C2=O)C(C)(C)c2cc(Br)ccc21,-5.7823734,-7.707299,-6.214793,-6.568155133333334
CC[N+](CC)(CC)CCCCN1/C(=C/C2=C(O)/C(=C/C3=[N+](Cc4ccccc4)c4ccc(Br)cc4C3(C)C)C2=O)C(C)(C)c2cc(I)ccc21,-5.8461113,-7.4947414,-6.0772634,-6.472705366666666
CC1(C)C(/C=C2\C(=O)C(/C=C3/N(CCCCS(=O)(=O)O)c4ccccc4C3(C)C)=C2O)=[N+](Cc2ccccc2)c2ccc(Br)cc21,-5.8413534,-7.629356,-5.743895,-6.404868133333333
CC1(C)C(/C=C2\C(=O)C(/C=C3/N(CCCCS(=O)(=O)O)c4ccc(Br)cc4C3(C)C)=C2O)=[N+](Cc2ccccc2)c2ccc(Br)cc21,-5.7770967,-7.688674,-5.8386335,-6.4348014000000004
CC1(C)C(/C=C2\C(=O)C(/C=C3/N(CCCCS(=O)(=O)O)c4ccc(I)cc4C3(C)C)=C2O)=[N+](Cc2ccccc2)c2ccc(Br)cc21,-5.8345404,-7.5464907,-5.7394285,-6.373486533333334
CC1(C)C(/C=C2\C(=O)C(/C=C3/N(Cc4ccccc4)c4ccccc4C3(C)C)=C2O)=[N+](Cc2ccccc2)c2ccc(Br)cc21,-5.592923,-7.0843997,-5.86867,-6.181997566666666
CC1(C)C(/C=C2\C(=O)C(/C=C3/N(Cc4ccccc4)c4ccc(Br)cc4C3(C)C)=C2O)=[N+](Cc2ccccc2)c2ccc(Br)cc21,-5.5488935,-7.159577,-5.9559135,-6.221461333333334
CC1(C)C(/C=C2\C(=O)C(/C=C3/N(Cc4ccccc4)c4ccc(I)cc4C3(C)C)=C2O)=[N+](Cc2ccccc2)c2ccc(Br)cc21,-5.581875,-6.9921265,-5.8606677,-6.144889733333334
CC1(C)C(/C=C2\C(=O)C(/C=C3/N(Cc4ccsc4)c4ccccc4C3(C)C)=C2O)=[N+](Cc2ccccc2)c2ccc(Br)cc21,-5.583964,-7.029034,-5.8600526,-6.1576835333333335
CC1(C)C(/C=C2\C(=O)C(/C=C3/N(Cc4ccsc4)c4ccc(Br)cc4C3(C)C)=C2O)=[N+](Cc2ccccc2)c2ccc(Br)cc21,-5.5403113,-7.1056757,-5.9454584,-6.197148466666666
CC1(C)C(/C=C2\C(=O)C(/C=C3/N(Cc4ccsc4)c4ccc(I)cc4C3(C)C)=C2O)=[N+](Cc2ccccc2)c2ccc(Br)cc21,-5.57061,-6.9401417,-5.8514833,-6.120744999999999
CCN1/C(=C/C2=C(O)/C(=C/C3=[N+](Cc4ccccc4)c4ccc(I)cc4C3(C)C)C2=O)C(C)(C)c2ccccc21,-5.611519,-6.8332405,-5.771469,-6.072076166666666
CCN1/C(=C/C2=C(O)/C(=C/C3=[N+](Cc4ccccc4)c4ccc(I)cc4C3(C)C)C2=O)C(C)(C)c2cc(Br)ccc21,-5.5618873,-6.91845,-5.8541656,-6.111500966666667
CCN1/C(=C/C2=C(O)/C(=C/C3=[N+](Cc4ccccc4)c4ccc(I)cc4C3(C)C)C2=O)C(C)(C)c2cc(I)ccc21,-5.5932975,-6.75296,-5.766652,-6.0376365000000005
CCCCN1/C(=C/C2=C(O)/C(=C/C3=[N+](Cc4ccccc4)c4ccc(I)cc4C3(C)C)C2=O)C(C)(C)c2ccccc21,-5.6126313,-6.843013,-5.7648063,-6.0734835333333335
CCCCN1/C(=C/C2=C(O)/C(=C/C3=[N+](Cc4ccccc4)c4ccc(I)cc4C3(C)C)C2=O)C(C)(C)c2cc(Br)ccc21,-5.564365,-6.9306383,-5.8520145,-6.1156726
CCCCN1/C(=C/C2=C(O)/C(=C/C3=[N+](Cc4ccccc4)c4ccc(I)cc4C3(C)C)C2=O)C(C)(C)c2cc(I)ccc21,-5.5978756,-6.768801,-5.7638226,-6.043499733333333
CC1(C)C(/C=C2\C(=O)C(/C=C3/N(CCCCN)c4ccccc4C3(C)C)=C2O)=[N+](Cc2ccccc2)c2ccc(I)cc21,-5.5157814,-7.2024536,-6.002369,-6.240201333333334
CC1(C)C(/C=C2\C(=O)C(/C=C3/N(CCCCN)c4ccc(Br)cc4C3(C)C)=C2O)=[N+](Cc2ccccc2)c2ccc(I)cc21,-5.4827666,-7.294798,-6.1018643,-6.293142966666667
CC1(C)C(/C=C2\C(=O)C(/C=C3/N(CCCCN)c4ccc(I)cc4C3(C)C)=C2O)=[N+](Cc2ccccc2)c2ccc(I)cc21,-5.5002437,-7.1164594,-5.9943786,-6.2036939
CC1(C)C(/C=C2\C(=O)C(/C=C3/N(CCCCO)c4ccccc4C3(C)C)=C2O)=[N+](Cc2ccccc2)c2ccc(I)cc21,-5.569708,-7.009594,-5.8050475,-6.1281165
CC1(C)C(/C=C2\C(=O)C(/C=C3/N(CCCCO)c4ccc(Br)cc4C3(C)C)=C2O)=[N+](Cc2ccccc2)c2ccc(I)cc21,-5.521231,-7.1061525,-5.900692,-6.176025166666666
CC1(C)C(/C=C2\C(=O)C(/C=C3/N(CCCCO)c4ccc(I)cc4C3(C)C)=C2O)=[N+](Cc2ccccc2)c2ccc(I)cc21,-5.5533085,-6.9237328,-5.8012285,-6.0927566
CC[N+](CC)(CC)CCCCN1/C(=C/C2=C(O)/C(=C/C3=[N+](Cc4ccccc4)c4ccc(I)cc4C3(C)C)C2=O)C(C)(C)c2ccccc21,-5.9167457,-7.4446793,-5.994313,-6.451912666666668
CC[N+](CC)(CC)CCCCN1/C(=C/C2=C(O)/C(=C/C3=[N+](Cc4ccccc4)c4ccc(I)cc4C3(C)C)C2=O)C(C)(C)c2cc(Br)ccc21,-5.834243,-7.557767,-6.1171627,-6.503057566666667
CC[N+](CC)(CC)CCCCN1/C(=C/C2=C(O)/C(=C/C3=[N+](Cc4ccccc4)c4ccc(I)cc4C3(C)C)C2=O)C(C)(C)c2cc(I)ccc21,-5.901556,-7.3574104,-5.984118,-6.414361466666667
CC1(C)C(/C=C2\C(=O)C(/C=C3/N(CCCCS(=O)(=O)O)c4ccccc4C3(C)C)=C2O)=[N+](Cc2ccccc2)c2ccc(I)cc21,-5.8876834,-7.5109363,-5.6633644,-6.3539947
CC1(C)C(/C=C2\C(=O)C(/C=C3/N(CCCCS(=O)(=O)O)c4ccc(Br)cc4C3(C)C)=C2O)=[N+](Cc2ccccc2)c2ccc(I)cc21,-5.8220468,-7.5838966,-5.7640624,-6.390001933333333
CC1(C)C(/C=C2\C(=O)C(/C=C3/N(CCCCS(=O)(=O)O)c4ccc(I)cc4C3(C)C)=C2O)=[N+](Cc2ccccc2)c2ccc(I)cc21,-5.8805056,-7.424073,-5.6568975,-6.320492033333333
CC1(C)C(/C=C2\C(=O)C(/C=C3/N(Cc4ccccc4)c4ccccc4C3(C)C)=C2O)=[N+](Cc2ccccc2)c2ccc(I)cc21,-5.6249194,-6.9583373,-5.7988076,-6.127354766666667
CC1(C)C(/C=C2\C(=O)C(/C=C3/N(Cc4ccccc4)c4ccc(Br)cc4C3(C)C)=C2O)=[N+](Cc2ccccc2)c2ccc(I)cc21,-5.5777674,-7.031313,-5.8794966,-6.162859
CC1(C)C(/C=C2\C(=O)C(/C=C3/N(Cc4ccccc4)c4ccc(I)cc4C3(C)C)=C2O)=[N+](Cc2ccccc2)c2ccc(I)cc21,-5.6128592,-6.869689,-5.792987,-6.091845066666667
CC1(C)C(/C=C2\C(=O)C(/C=C3/N(Cc4ccsc4)c4ccccc4C3(C)C)=C2O)=[N+](Cc2ccccc2)c2ccc(I)cc21,-5.6152916,-6.906087,-5.791959,-6.1044458666666666
CC1(C)C(/C=C2\C(=O)C(/C=C3/N(Cc4ccsc4)c4ccc(Br)cc4C3(C)C)=C2O)=[N+](Cc2ccccc2)c2ccc(I)cc21,-5.5684967,-6.9776134,-5.87008,-6.138730033333334
CC1(C)C(/C=C2\C(=O)C(/C=C3/N(Cc4ccsc4)c4ccc(I)cc4C3(C)C)=C2O)=[N+](Cc2ccccc2)c2ccc(I)cc21,-5.602377,-6.823436,-5.7849216,-6.070244866666666
CCN1/C(=C/C2=C(O)/C(=C/C3=[N+](Cc4ccsc4)c4ccccc4C3(C)C)C2=O)C(C)(C)c2ccccc21,-5.6170945,-6.8870144,-5.7709064,-6.091671766666667
CCN1/C(=C/C2=C(O)/C(=C/C3=[N+](Cc4ccsc4)c4ccccc4C3(C)C)C2=O)C(C)(C)c2cc(Br)ccc21,-5.5683007,-6.9723253,-5.8555737,-6.1320665666666665
CCN1/C(=C/C2=C(O)/C(=C/C3=[N+](Cc4ccsc4)c4ccccc4C3(C)C)C2=O)C(C)(C)c2cc(I)ccc21,-5.5997853,-6.801366,-5.7673454,-6.0561655666666665
CCCCN1/C(=C/C2=C(O)/C(=C/C3=[N+](Cc4ccsc4)c4ccccc4C3(C)C)C2=O)C(C)(C)c2ccccc21,-5.6179204,-6.897191,-5.7646646,-6.093258666666666
CCCCN1/C(=C/C2=C(O)/C(=C/C3=[N+](Cc4ccsc4)c4ccccc4C3(C)C)C2=O)C(C)(C)c2cc(Br)ccc21,-5.5699244,-6.9856405,-5.8530254,-6.136196766666667
CCCCN1/C(=C/C2=C(O)/C(=C/C3=[N+](Cc4ccsc4)c4ccccc4C3(C)C)C2=O)C(C)(C)c2cc(I)ccc21,-5.6014338,-6.8153005,-5.763191,-6.0599751
CC1(C)C(/C=C2\C(=O)C(/C=C3/N(CCCCN)c4ccccc4C3(C)C)=C2O)=[N+](Cc2ccsc2)c2ccccc21,-5.524963,-7.269983,-6.0083523,-6.2677661
CC1(C)C(/C=C2\C(=O)C(/C=C3/N(CCCCN)c4ccc(Br)cc4C3(C)C)=C2O)=[N+](Cc2ccsc2)c2ccccc21,-5.489072,-7.363565,-6.1129293,-6.321855433333334
CC1(C)C(/C=C2\C(=O)C(/C=C3/N(CCCCN)c4ccc(I)cc4C3(C)C)=C2O)=[N+](Cc2ccsc2)c2ccccc21,-5.509558,-7.180218,-5.9987426,-6.2295062
CC1(C)C(/C=C2\C(=O)C(/C=C3/N(CCCCO)c4ccccc4C3(C)C)=C2O)=[N+](Cc2ccsc2)c2ccccc21,-5.5778246,-7.0718107,-5.805691,-6.151775433333333
CC1(C)C(/C=C2\C(=O)C(/C=C3/N(CCCCO)c4ccc(Br)cc4C3(C)C)=C2O)=[N+](Cc2ccsc2)c2ccccc21,-5.529921,-7.1737027,-5.904879,-6.202834233333333
CC1(C)C(/C=C2\C(=O)C(/C=C3/N(CCCCO)c4ccc(I)cc4C3(C)C)=C2O)=[N+](Cc2ccsc2)c2ccccc21,-5.560843,-6.9832277,-5.802675,-6.1155819
CC[N+](CC)(CC)CCCCN1/C(=C/C2=C(O)/C(=C/C3=[N+](Cc4ccsc4)c4ccccc4C3(C)C)C2=O)C(C)(C)c2ccccc21,-5.9199095,-7.5128117,-6.0037746,-6.478831933333333
CC[N+](CC)(CC)CCCCN1/C(=C/C2=C(O)/C(=C/C3=[N+](Cc4ccsc4)c4ccccc4C3(C)C)C2=O)C(C)(C)c2cc(Br)ccc21,-5.8385286,-7.6277313,-6.129048,-6.5317693000000006
CC[N+](CC)(CC)CCCCN1/C(=C/C2=C(O)/C(=C/C3=[N+](Cc4ccsc4)c4ccccc4C3(C)C)C2=O)C(C)(C)c2cc(I)ccc21,-5.904853,-7.4229236,-5.993541,-6.4404392
CC1(C)C(/C=C2\C(=O)C(/C=C3/N(CCCCS(=O)(=O)O)c4ccccc4C3(C)C)=C2O)=[N+](Cc2ccsc2)c2ccccc21,-5.894484,-7.5830846,-5.6693997,-6.382322766666667
CC1(C)C(/C=C2\C(=O)C(/C=C3/N(CCCCS(=O)(=O)O)c4ccc(Br)cc4C3(C)C)=C2O)=[N+](Cc2ccsc2)c2ccccc21,-5.8296747,-7.6595984,-5.7711034,-6.4201255
CC1(C)C(/C=C2\C(=O)C(/C=C3/N(CCCCS(=O)(=O)O)c4ccc(I)cc4C3(C)C)=C2O)=[N+](Cc2ccsc2)c2ccccc21,-5.8876243,-7.49626,-5.6622953,-6.348726533333334
CC1(C)C(/C=C2\C(=O)C(/C=C3/N(Cc4ccccc4)c4ccccc4C3(C)C)=C2O)=[N+](Cc2ccsc2)c2ccccc21,-5.627543,-7.00497,-5.797158,-6.143223666666667
CC1(C)C(/C=C2\C(=O)C(/C=C3/N(Cc4ccccc4)c4ccc(Br)cc4C3(C)C)=C2O)=[N+](Cc2ccsc2)c2ccccc21,-5.5791826,-7.0791388,-5.879618,-6.179313133333333
CC1(C)C(/C=C2\C(=O)C(/C=C3/N(Cc4ccccc4)c4ccc(I)cc4C3(C)C)=C2O)=[N+](Cc2ccsc2)c2ccccc21,-5.6140127,-6.9142656,-5.7918997,-6.106725999999999
CC1(C)C(/C=C2\C(=O)C(/C=C3/N(Cc4ccsc4)c4ccccc4C3(C)C)=C2O)=[N+](Cc2ccsc2)c2ccccc21,-5.617716,-6.952849,-5.7902327,-6.1202659
CC1(C)C(/C=C2\C(=O)C(/C=C3/N(Cc4ccsc4)c4ccc(Br)cc4C3(C)C)=C2O)=[N+](Cc2ccsc2)c2ccccc21,-5.5726624,-7.0247912,-5.8696375,-6.1556970333333325
CC1(C)C(/C=C2\C(=O)C(/C=C3/N(Cc4ccsc4)c4ccc(I)cc4C3(C)C)=C2O)=[N+](Cc2ccsc2)c2ccccc21,-5.605813,-6.864667,-5.784177,-6.0848856666666675
CCN1/C(=C/C2=C(O)/C(=C/C3=[N+](Cc4ccsc4)c4ccc(Br)cc4C3(C)C)C2=O)C(C)(C)c2ccccc21,-5.575688,-6.921603,-5.8290443,-6.108778433333334
CCN1/C(=C/C2=C(O)/C(=C/C3=[N+](Cc4ccsc4)c4ccc(Br)cc4C3(C)C)C2=O)C(C)(C)c2cc(Br)ccc21,-5.5324183,-7.0103226,-5.912426,-6.1517223
CCN1/C(=C/C2=C(O)/C(=C/C3=[N+](Cc4ccsc4)c4ccc(Br)cc4C3(C)C)C2=O)C(C)(C)c2cc(I)ccc21,-5.557203,-6.8393927,-5.82334,-6.0733119
CCCCN1/C(=C/C2=C(O)/C(=C/C3=[N+](Cc4ccsc4)c4ccc(Br)cc4C3(C)C)C2=O)C(C)(C)c2ccccc21,-5.5767794,-6.929311,-5.823642,-6.109910800000001
CCCCN1/C(=C/C2=C(O)/C(=C/C3=[N+](Cc4ccsc4)c4ccc(Br)cc4C3(C)C)C2=O)C(C)(C)c2cc(Br)ccc21,-5.5338616,-7.0214624,-5.9111733,-6.1554991
CCCCN1/C(=C/C2=C(O)/C(=C/C3=[N+](Cc4ccsc4)c4ccc(Br)cc4C3(C)C)C2=O)C(C)(C)c2cc(I)ccc21,-5.5604033,-6.8509846,-5.821275,-6.0775543
CC1(C)C(/C=C2\C(=O)C(/C=C3/N(CCCCN)c4ccccc4C3(C)C)=C2O)=[N+](Cc2ccsc2)c2ccc(Br)cc21,-5.4937015,-7.2956233,-6.067303,-6.285542599999999
CC1(C)C(/C=C2\C(=O)C(/C=C3/N(CCCCN)c4ccc(Br)cc4C3(C)C)=C2O)=[N+](Cc2ccsc2)c2ccc(Br)cc21,-5.468317,-7.3892293,-6.1688805,-6.3421422666666665
CC1(C)C(/C=C2\C(=O)C(/C=C3/N(CCCCN)c4ccc(I)cc4C3(C)C)=C2O)=[N+](Cc2ccsc2)c2ccc(Br)cc21,-5.479967,-7.21136,-6.0568337,-6.2493869
CC1(C)C(/C=C2\C(=O)C(/C=C3/N(CCCCO)c4ccccc4C3(C)C)=C2O)=[N+](Cc2ccsc2)c2ccc(Br)cc21,-5.5367985,-7.108538,-5.8690257,-6.171454066666667
CC1(C)C(/C=C2\C(=O)C(/C=C3/N(CCCCO)c4ccc(Br)cc4C3(C)C)=C2O)=[N+](Cc2ccsc2)c2ccc(Br)cc21,-5.5002456,-7.196184,-5.9623322,-6.219587266666667
CC1(C)C(/C=C2\C(=O)C(/C=C3/N(CCCCO)c4ccc(I)cc4C3(C)C)=C2O)=[N+](Cc2ccsc2)c2ccc(Br)cc21,-5.521998,-7.0178537,-5.862991,-6.1342809
CC[N+](CC)(CC)CCCCN1/C(=C/C2=C(O)/C(=C/C3=[N+](Cc4ccsc4)c4ccc(Br)cc4C3(C)C)C2=O)C(C)(C)c2ccccc21,-5.8589044,-7.552649,-6.0779624,-6.4965052666666665
CC[N+](CC)(CC)CCCCN1/C(=C/C2=C(O)/C(=C/C3=[N+](Cc4ccsc4)c4ccc(Br)cc4C3(C)C)C2=O)C(C)(C)c2cc(Br)ccc21,-5.778532,-7.672366,-6.2033024,-6.551400133333334
CC[N+](CC)(CC)CCCCN1/C(=C/C2=C(O)/C(=C/C3=[N+](Cc4ccsc4)c4ccc(Br)cc4C3(C)C)C2=O)C(C)(C)c2cc(I)ccc21,-5.8431706,-7.4597034,-6.0657578,-6.4562105999999995
CC1(C)C(/C=C2\C(=O)C(/C=C3/N(CCCCS(=O)(=O)O)c4ccccc4C3(C)C)=C2O)=[N+](Cc2ccsc2)c2ccc(Br)cc21,-5.8481536,-7.6076055,-5.736277,-6.397345366666666
CC1(C)C(/C=C2\C(=O)C(/C=C3/N(CCCCS(=O)(=O)O)c4ccc(Br)cc4C3(C)C)=C2O)=[N+](Cc2ccsc2)c2ccc(Br)cc21,-5.78524,-7.6699457,-5.831595,-6.4289269
CC1(C)C(/C=C2\C(=O)C(/C=C3/N(CCCCS(=O)(=O)O)c4ccc(I)cc4C3(C)C)=C2O)=[N+](Cc2ccsc2)c2ccc(Br)cc21,-5.841295,-7.5205336,-5.7298794,-6.363902666666665
CC1(C)C(/C=C2\C(=O)C(/C=C3/N(Cc4ccccc4)c4ccccc4C3(C)C)=C2O)=[N+](Cc2ccsc2)c2ccc(Br)cc21,-5.5881505,-7.038198,-5.8557467,-6.1606984
CC1(C)C(/C=C2\C(=O)C(/C=C3/N(Cc4ccccc4)c4ccc(Br)cc4C3(C)C)=C2O)=[N+](Cc2ccsc2)c2ccc(Br)cc21,-5.5445986,-7.113008,-5.9411707,-6.199592433333333
CC1(C)C(/C=C2\C(=O)C(/C=C3/N(Cc4ccccc4)c4ccc(I)cc4C3(C)C)=C2O)=[N+](Cc2ccsc2)c2ccc(Br)cc21,-5.575268,-6.9475937,-5.84725,-6.123370566666666
CC1(C)C(/C=C2\C(=O)C(/C=C3/N(Cc4ccsc4)c4ccccc4C3(C)C)=C2O)=[N+](Cc2ccsc2)c2ccc(Br)cc21,-5.5791836,-6.983677,-5.846295,-6.136385199999999
CC1(C)C(/C=C2\C(=O)C(/C=C3/N(Cc4ccsc4)c4ccc(Br)cc4C3(C)C)=C2O)=[N+](Cc2ccsc2)c2ccc(Br)cc21,-5.5362196,-7.064601,-5.930495,-6.1771052
CC1(C)C(/C=C2\C(=O)C(/C=C3/N(Cc4ccsc4)c4ccc(I)cc4C3(C)C)=C2O)=[N+](Cc2ccsc2)c2ccc(Br)cc21,-5.5651827,-6.898592,-5.8385277,-6.100767466666667
CCN1/C(=C/C2=C(O)/C(=C/C3=[N+](Cc4ccsc4)c4ccc(I)cc4C3(C)C)C2=O)C(C)(C)c2ccccc21,-5.608043,-6.7964478,-5.7603264,-6.054939066666667
CCN1/C(=C/C2=C(O)/C(=C/C3=[N+](Cc4ccsc4)c4ccc(I)cc4C3(C)C)C2=O)C(C)(C)c2cc(Br)ccc21,-5.5579734,-6.8811965,-5.8425035,-6.093891133333333
CCN1/C(=C/C2=C(O)/C(=C/C3=[N+](Cc4ccsc4)c4ccc(I)cc4C3(C)C)C2=O)C(C)(C)c2cc(I)ccc21,-5.5909686,-6.717269,-5.7540107,-6.020749433333333
CCCCN1/C(=C/C2=C(O)/C(=C/C3=[N+](Cc4ccsc4)c4ccc(I)cc4C3(C)C)C2=O)C(C)(C)c2ccccc21,-5.6083856,-6.805029,-5.7542853,-6.055899966666666
CCCCN1/C(=C/C2=C(O)/C(=C/C3=[N+](Cc4ccsc4)c4ccc(I)cc4C3(C)C)C2=O)C(C)(C)c2cc(Br)ccc21,-5.561345,-6.8937664,-5.8408694,-6.098660266666666
CCCCN1/C(=C/C2=C(O)/C(=C/C3=[N+](Cc4ccsc4)c4ccc(I)cc4C3(C)C)C2=O)C(C)(C)c2cc(I)ccc21,-5.5924654,-6.7296047,-5.751334,-6.024468033333334
CC1(C)C(/C=C2\C(=O)C(/C=C3/N(CCCCN)c4ccccc4C3(C)C)=C2O)=[N+](Cc2ccsc2)c2ccc(I)cc21,-5.5164447,-7.1691313,-5.990048,-6.225207999999999
CC1(C)C(/C=C2\C(=O)C(/C=C3/N(CCCCN)c4ccc(Br)cc4C3(C)C)=C2O)=[N+](Cc2ccsc2)c2ccc(I)cc21,-5.4838843,-7.262435,-6.0880237,-6.278114333333334
CC1(C)C(/C=C2\C(=O)C(/C=C3/N(CCCCN)c4ccc(I)cc4C3(C)C)=C2O)=[N+](Cc2ccsc2)c2ccc(I)cc21,-5.500556,-7.0830064,-5.981803,-6.188455133333334
CC1(C)C(/C=C2\C(=O)C(/C=C3/N(CCCCO)c4ccccc4C3(C)C)=C2O)=[N+](Cc2ccsc2)c2ccc(I)cc21,-5.5689673,-6.971879,-5.7935767,-6.111474333333334
CC1(C)C(/C=C2\C(=O)C(/C=C3/N(CCCCO)c4ccc(Br)cc4C3(C)C)=C2O)=[N+](Cc2ccsc2)c2ccc(I)cc21,-5.5259705,-7.06776,-5.886736,-6.160155499999999
CC1(C)C(/C=C2\C(=O)C(/C=C3/N(CCCCO)c4ccc(I)cc4C3(C)C)=C2O)=[N+](Cc2ccsc2)c2ccc(I)cc21,-5.5516524,-6.8868732,-5.7900796,-6.076201733333334
CC[N+](CC)(CC)CCCCN1/C(=C/C2=C(O)/C(=C/C3=[N+](Cc4ccsc4)c4ccc(I)cc4C3(C)C)C2=O)C(C)(C)c2ccccc21,-5.913502,-7.41218,-5.982856,-6.436179333333333
CC[N+](CC)(CC)CCCCN1/C(=C/C2=C(O)/C(=C/C3=[N+](Cc4ccsc4)c4ccc(I)cc4C3(C)C)C2=O)C(C)(C)c2cc(Br)ccc21,-5.830598,-7.522048,-6.1056795,-6.4861085
CC[N+](CC)(CC)CCCCN1/C(=C/C2=C(O)/C(=C/C3=[N+](Cc4ccsc4)c4ccc(I)cc4C3(C)C)C2=O)C(C)(C)c2cc(I)ccc21,-5.897436,-7.325801,-5.9732523,-6.398829766666668
CC1(C)C(/C=C2\C(=O)C(/C=C3/N(CCCCS(=O)(=O)O)c4ccccc4C3(C)C)=C2O)=[N+](Cc2ccsc2)c2ccc(I)cc21,-5.8938255,-7.483287,-5.653684,-6.343598833333334
CC1(C)C(/C=C2\C(=O)C(/C=C3/N(CCCCS(=O)(=O)O)c4ccc(Br)cc4C3(C)C)=C2O)=[N+](Cc2ccsc2)c2ccc(I)cc21,-5.8288927,-7.562434,-5.756868,-6.382731566666667
CC1(C)C(/C=C2\C(=O)C(/C=C3/N(CCCCS(=O)(=O)O)c4ccc(I)cc4C3(C)C)=C2O)=[N+](Cc2ccsc2)c2ccc(I)cc21,-5.885552,-7.3968883,-5.6479955,-6.310145266666666
CC1(C)C(/C=C2\C(=O)C(/C=C3/N(Cc4ccccc4)c4ccccc4C3(C)C)=C2O)=[N+](Cc2ccsc2)c2ccc(I)cc21,-5.6194053,-6.9141054,-5.7870216,-6.1068441
CC1(C)C(/C=C2\C(=O)C(/C=C3/N(Cc4ccccc4)c4ccc(Br)cc4C3(C)C)=C2O)=[N+](Cc2ccsc2)c2ccc(I)cc21,-5.5736,-6.9853535,-5.8656187,-6.141524066666666
CC1(C)C(/C=C2\C(=O)C(/C=C3/N(Cc4ccccc4)c4ccc(I)cc4C3(C)C)=C2O)=[N+](Cc2ccsc2)c2ccc(I)cc21,-5.6067376,-6.8297353,-5.780344,-6.072272300000001
CC1(C)C(/C=C2\C(=O)C(/C=C3/N(Cc4ccsc4)c4ccccc4C3(C)C)=C2O)=[N+](Cc2ccsc2)c2ccc(I)cc21,-5.6110635,-6.8644204,-5.779454,-6.0849793000000005
CC1(C)C(/C=C2\C(=O)C(/C=C3/N(Cc4ccsc4)c4ccc(Br)cc4C3(C)C)=C2O)=[N+](Cc2ccsc2)c2ccc(I)cc21,-5.5636797,-6.934517,-5.856571,-6.1182559
CC1(C)C(/C=C2\C(=O)C(/C=C3/N(Cc4ccsc4)c4ccc(I)cc4C3(C)C)=C2O)=[N+](Cc2ccsc2)c2ccc(I)cc21,-5.5986724,-6.783306,-5.771411,-6.051129799999999
