smiles,log10_caco2,log10_pampa,log10_mdck,split
Brc1cnc(Nc2cccc(CN3CCOCC3)c2)nc1NCCc1c[nH]cn1,-5.140282,-5.6122575,-5.315219,train
C#CC(=O)Nc1ccc(CCCCCC)cc1,-4.8969507,-3.557114,-4.616805,train
C#CC(=O)Oc1ccc(CCCCCC)cc1,-5.311053,-4.4494987,-4.6423216,train
C#CCN(C)C1=C(Cl)C(=O)c2ccccc2C1=O,-4.965875,-4.594438,-4.7611346,train
C#CCN(C)C1=CC(=O)c2ccccc2C1=O,-4.7926846,-4.763265,-4.614737,train
C#CCN(C)CCCCOc1ccc2ccc(=O)oc2c1,-4.6860685,-4.584666,-4.5165954,train
C#CCNC1=C(Cl)C(=O)c2ccccc2C1=O,-4.815425,-4.5286903,-4.707757,train
C#CCNC1=CC(=O)c2c(O)ccc(O)c2C1=O,-4.735468,-4.971256,-4.623992,train
C#CCNC1=CC(=O)c2cccc(OC)c2C1=O,-4.795981,-4.5704517,-4.620879,train
C#CCNC1=CC(=O)c2cccc(OCC)c2C1=O,-4.8865094,-4.971507,-4.6680946,train
C#CCNC1=CC(=O)c2ccccc2C1=O,-4.768536,-4.8188276,-4.6187706,train
C#Cc1ccc2c(c1)-c1nc(C)ncc1Cc1c(C(=O)OCC)ncn1-2,-4.928153,-5.289212,-4.69972,train
C#Cc1cccc(C(=O)NCCNC(=O)[C@H](CC(=O)NC(C)(C)C)NS(=O)(=O)c2ccc(C)cc2)c1,-5.4454865,-6.585204,-5.680373,train
C/C(=C/CN(C[C@H]1Cc2ccccc2CN1)[C@H]1CCCc2cccnc21)CN,-6.115416,-7.056572,-6.635398,train
C/C(=C/CN)CN(C[C@H]1Cc2ccccc2CN1)[C@H]1CCCc2cccnc21,-6.01139,-6.8060308,-6.4858446,train
C/C(=C/C[C@@]12OC(C)(C)[C@@H]3C[C@@H](C=C4C(=O)c5c(O)cccc5O[C@]431)C2=O)COC(=O)CN(C)C,-5.0131626,-4.4010177,-5.1113696,train
C/C(=C/C[C@@]12OC(C)(C)[C@@H]3C[C@@H](C=C4C(=O)c5c(O)cccc5O[C@]431)C2=O)COC(=O)CN1CCCC1,-5.1930437,-4.449499,-5.2461767,train
C/C(=C/C[C@@]12OC(C)(C)[C@@H]3C[C@@H](C=C4C(=O)c5c(O)cccc5O[C@]431)C2=O)COC(=O)CN1CCCCC1,-5.207373,-4.431733,-5.2555876,train
C/C(=C/C[C@@]12OC(C)(C)[C@@H]3C[C@@H](C=C4C(=O)c5c(O)cccc5O[C@]431)C2=O)COC(=O)CN1CCOCC1,-5.12681,-4.402452,-5.1985393,train
C/C(=C/C[C@@]12OC(C)(C)[C@@H]3C[C@@H](C=C4C(=O)c5c(O)cccc5O[C@]431)C2=O)COC(=O)Cn1ccnc1,-5.340485,-4.6340675,-5.3476267,train
C/C(=C\c1cc(F)c(Oc2ccc(S(=O)(=O)N(CC(=O)O)CP(=O)(O)O)cc2)c(F)c1)C(=O)N=C(N)N,-8.051319,-6.1437097,-6.275754,train
C/C(=C\c1cc(F)c(Oc2ccc(S(=O)(=O)NC(=O)NC(CC(=O)O)C(=O)O)cc2)c(F)c1)C(=O)N=C(N)N,-7.59171,-6.6315856,-6.664405,train
C/C(=C\c1cc(F)c(Oc2ccc(S(=O)(=O)NCCCP(=O)(O)O)cc2)c(F)c1)C(=O)N=C(N)N,-7.3619666,-6.0173297,-5.603421,train
C/C(=C\c1cc(F)c(Oc2ccc(S(=O)(=O)NCCCS(=O)(=O)O)cc2)c(F)c1)C(=O)N=C(N)N,-7.9083004,-6.261886,-5.7485204,train
C/C(=C\c1cc(F)c(Oc2ccc(S(=O)(=O)NCCOCCOCCOCCNC(=O)CCCCCCC(=O)NCCOCCOCCOCCNS(=O)(=O)c3ccc(Oc4c(F)cc(/C=C(\C)C(=O)N=C(N)N)cc4F)cc3)cc2)c(F)c1)C(=O)N=C(N)N,-8.25369,-7.9540215,-7.906723,train
C/C(=C\c1cc(F)c(Oc2ccc(S(=O)(=O)NCP(=O)(O)O)cc2)c(F)c1)C(=O)N=C(N)N,-7.7010684,-6.0388327,-5.953724,train
C/C(=C\c1cc(F)c(Oc2ccc(S(=O)(=O)NCc3ccc(CP(=O)(O)O)cc3)cc2)c(F)c1)C(=O)N=C(N)N,-7.1638255,-5.850564,-5.726373,train
C/C(=C\c1cc(F)c(Oc2ccc(S(=O)(=O)Nc3ccc(CP(=O)(O)O)cc3)cc2)c(F)c1)C(=O)N=C(N)N,-7.302577,-5.8814063,-5.8965344,train
C/C(=C\c1ccc(Oc2ccc(S(=O)(=O)NCCOCCOCCOCCNS(=O)(=O)c3ccc(Oc4c(F)cc(/C=C(\C)C(=O)N=C(N)N)cc4F)cc3)cc2)cc1)C(=O)N=C(N)N,-7.147127,-6.948043,-6.599468,train
C/C(CN(C[C@H]1Cc2ccccc2CN1)[C@H]1CCCc2cccnc21)=C(/F)CN,-5.700806,-6.275181,-6.0440025,train
C/C(CN(C[C@H]1Cc2ccccc2CN1)[C@H]1CCCc2cccnc21)=C(\F)CN,-5.8521194,-6.399584,-6.197527,train
C/C(CN)=C(/F)CN(C[C@H]1Cc2ccccc2CN1)[C@H]1CCCc2cccnc21,-5.960482,-6.726679,-6.3766274,train
C/C=C/C(=O)Nc1cccc(-c2nc3ccccc3s2)c1,-5.144643,-3.7234972,-4.6402516,train
C/C=C/C(=O)c1ccc(CCCCCCC)cc1,-5.3903847,-4.3662615,-4.83504,train
C1=CCOCc2cc(ccc2OCCN2CCCCC2)Nc2nccc(n2)-c2cccc(c2)COC1,-5.0687714,-5.124817,-4.9107723,train
C1=N/C2=N/c3ccc(OCCN4CCCC4)c(c3)COC/C=C/COCc3cccc(c3)C(=C1)N2,-5.0025406,-4.9574633,-4.9022017,train
C=C(C)C(=O)Nc1cccc(-c2nc3ccccc3s2)c1,-5.273421,-3.3300595,-4.6370263,train
C=C(C)[C@@H]1CCC(C)=C[C@H]1c1c(O)cc(CCCCC)cc1O,-4.7867303,-4.759107,-4.8420615,train
C=C(C)[C@@H]1CCC(C)=C[C@H]1c1c(O)cc(CCCCC)cc1OC(=O)N(C)CC,-4.9167404,-4.8546467,-4.8481884,train
C=C(C)[C@@H]1CCC(C)=C[C@H]1c1c(O)cc(CCCCC)cc1OC(=O)N(C)Cc1ccc(Cl)cc1,-4.945242,-4.9559402,-4.9138055,train
C=C(CC(=O)Nc1ccc(CCCCCC)cc1)C(=O)O,-5.521063,-4.5186715,-4.9289303,train
C=C(CCCCC)c1c(C)[nH]c2cc(OC)c(Cl)cc2c1=O,-5.2817216,-3.6205206,-4.780464,train
C=CC(=O)NCCCC[C@H](NC(=O)Cc1ccc(F)cc1)C(=O)N1CCN(c2ccc([N+](=O)[O-])nc2)CC1,-7.1072106,-7.4677925,-6.9978604,train
C=CC(=O)NCCCC[C@H](NC(=O)Cc1ccc(F)cc1)C(=O)N1CCN(c2cccc(C)n2)CC1,-6.5460935,-7.148008,-6.614792,train
C=CC(=O)NCCCC[C@H](NC(=O)Cc1cccc(F)c1)C(=O)N1CCN(c2cccc(C)n2)CC1,-6.559954,-7.15741,-6.644953,train
C=CC(=O)NCCCC[C@H](NC(=O)Cc1ccccc1)C(=O)N1CCN(C(=O)c2ccc(F)cc2)CC1,-7.1415305,-7.493166,-7.1765733,train
C=CC(=O)NCCCC[C@H](NC(=O)Cc1ccccc1)C(=O)N1CCN(Cc2ccc(F)cc2)CC1,-6.3765383,-7.1160808,-6.6245127,train
C=CC(=O)NCCCC[C@H](NC(=O)Cc1ccccc1)C(=O)N1CCN(S(=O)(=O)c2cccc3c(N(C)C)cccc23)CC1,-7.0755296,-7.3285227,-6.5796704,train
C=CC(=O)NCCCC[C@H](NC(=O)Cc1ccccc1)C(=O)N1CCN(c2ccc(C(F)(F)F)nc2)CC1,-7.0576715,-6.9417033,-6.606676,train
C=CC(=O)NCCCC[C@H](NC(=O)Cc1ccccc1)C(=O)N1CCN(c2ccc(F)nc2)CC1,-6.908284,-7.483624,-6.851462,train
C=CC(=O)NCCCC[C@H](NC(=O)Cc1ccccc1)C(=O)N1CCN(c2cccc(C(C)(C)C)n2)CC1,-5.889548,-6.5224133,-6.2003007,train
C=CC(=O)NCCCC[C@H](NC(=O)Cc1ccccc1)C(=O)N1CCN(c2cccc(C)n2)CC1,-6.641809,-7.030401,-6.599039,train
C=CC(=O)NCCCC[C@H](NC(=O)Cc1ccccc1)C(=O)N1CCN(c2ccncc2)CC1,-6.7593136,-7.573682,-6.947347,train
C=CC(=O)NCCCC[C@H](NC(=O)Cc1ccccc1F)C(=O)N1CCN(c2cccc(C)n2)CC1,-6.610707,-7.1105285,-6.632068,train
C=CC(=O)NCCCC[C@H](NC(=O)Cc1ccccc1F)C(=O)N1CCN(c2cccc([N+](=O)[O-])n2)CC1,-6.921353,-7.2601542,-6.8300967,train
C=CC(=O)NCCCC[C@H](NC(=O)c1ccc(F)cc1)C(=O)N1CCN(c2ccc([N+](=O)[O-])nc2)CC1,-7.2589984,-7.67451,-7.0776954,train
C=CC(=O)NCCCC[C@H](NC(=O)c1ccc(F)cc1)C(=O)N1CCN(c2cccc(C)n2)CC1,-6.7193675,-7.3869057,-6.7087836,train
C=CC(=O)Nc1cc(Nc2nccc(-c3cn(C)c4ccccc34)n2)c(OC)cc1N(C)CCN(C)C,-6.7133117,-5.179742,-5.7676287,train
C=CC(=O)Nc1ccc(CCCCCC)cc1,-5.0476456,-3.2855017,-4.725808,train
C=CC(=O)Nc1cccc(-c2nc3ccccc3s2)c1,-5.604791,-3.2137764,-4.667411,train
C=CC(=O)c1ccc(CCCCCC)cc1,-4.9550147,-4.032225,-4.6903687,train
C=CCc1ccccc1OCC(O)CNCCOCCOCCOCCOCCNC(=O)C1C(C(=O)O)C(C(=O)O)C1C(=O)O,-6.734523,-8.344137,-7.1987286,train
C=Cc1ccc2c(NCc3ccc(NC(=O)c4ccc(F)cc4)cc3)nc(N(C)C)nc2c1,-5.200543,-6.0375476,-5.477751,train
C=Cn1nc(C(N)=O)c2c1-c1nc(Nc3cc(N4CCN(C)CC4)ccc3OC(F)(F)F)ncc1CC2,-5.6745496,-4.530711,-5.06643,train
CC(=O)/C(C)=N/O,-4.5444994,-5.2898498,-4.4726934,train
CC(=O)C1(C(=O)N[C@H](C(=O)N2C[C@H](O)C[C@H]2C(=O)NCc2ccc(-c3scnc3C)cc2)C(C)(C)C)CC1,-6.434358,-8.406839,-7.0010695,train
CC(=O)CC(c1ccccc1)c1c(O)c2ccccc2oc1=O,-4.731573,-5.9453835,-4.803991,train
CC(=O)N(C)CC(=O)N(C)[C@@H](Cc1ccccc1)C(=O)N(C)[C@@H](Cc1ccccc1)C(=O)N(C)[C@@H](Cc1ccccc1)C(N)=O,-5.286467,-5.8369403,-5.5294547,train
CC(=O)N(C)[C@@H](CC(C)(C)C)C(=O)N[C@H]1CCCCC/C=C\[C@@H]2C[C@@]2(C(=O)NS(=O)(=O)C2(C)CC2)NC(=O)[C@@H]2C[C@@H](Oc3nc4cc(F)ccc4c4ccccc34)CN2C1=O,-5.2053456,-6.284342,-5.5688605,train
CC(=O)N(C)[C@@H](CC1CCCCC1)C(=O)N(C)[C@@H](Cc1ccccc1)C(=O)N(C)[C@@H](Cc1ccccc1)C(=O)N(C)[C@@H](Cc1ccccc1)C(N)=O,-5.3411093,-5.774635,-5.5375066,train
CC(=O)N(C)[C@@H](CCc1ccccc1)C(=O)N(C)[C@@H](Cc1ccccc1)C(=O)N(C)[C@@H](Cc1ccccc1)C(=O)N(C)[C@@H](Cc1ccccc1)C(N)=O,-5.4010406,-5.9203744,-5.6037617,train
CC(=O)N(C)[C@@H](Cc1c[nH]c2ccccc12)C(=O)N(C)[C@@H](Cc1ccccc1)C(=O)N(C)[C@@H](Cc1ccccc1)C(=O)N(C)[C@@H](Cc1ccccc1)C(N)=O,-5.465926,-5.940891,-5.6428695,train
CC(=O)N(C)[C@@H](Cc1ccc2ccccc2c1)C(=O)N(C)[C@@H](Cc1ccccc1)C(=O)N(C)[C@@H](Cc1ccccc1)C(=O)N(C)[C@@H](Cc1ccccc1)C(N)=O,-5.366872,-5.8747854,-5.573606,train
CC(=O)N(C)[C@@H](Cc1ccccc1)C(=O)N(C)[C@@H](Cc1ccccc1)C(=O)N(C)[C@@H](Cc1ccccc1)C(=O)N(C)[C@@H](Cc1ccccc1)C(=O)O,-5.2119274,-5.8368406,-5.4308333,train
CC(=O)N(C)[C@@H](Cc1ccccc1)C(=O)N(C)[C@@H](Cc1ccccc1)C(=O)N(C)[C@@H](Cc1ccccc1)C(=O)N(C)[C@@H](Cc1ccccc1)C(N)=O,-5.281388,-5.8259544,-5.4934807,train
CC(=O)N(C)[C@@H](Cc1ccccc1)C(=O)N(C)[C@@H](Cc1ccccc1)C(N)=O,-5.2575192,-5.7538033,-5.285605,train
CC(=O)N(C)[C@@H](Cc1ccccc1)C(=O)N[C@@H](Cc1ccccc1)C(=O)N(C)[C@@H](Cc1ccccc1)C(=O)N(C)[C@@H](Cc1ccccc1)C(=O)N(C)[C@@H](Cc1ccccc1)C(N)=O,-5.308829,-5.8777833,-5.5604763,train
CC(=O)N(O)C(CS(=O)(=O)c1ccc(-c2cccc(CNC(=O)c3nc4ccccc4c(=O)[nH]3)c2)cc1)C(C)C,-5.188892,-6.217123,-5.5279317,train
CC(=O)N(O)CCc1ccccc1,-4.7825584,-5.489927,-4.64711,train
CC(=O)N1CCC(C(=O)N2CCC(N3CCN(C(=O)c4cc(-c5ccc(C)cc5)nc(-c5ccc6[nH]ccc6c5)c4)CC3)CC2)CC1,-5.575832,-4.0936465,-5.3313913,train
CC(=O)N1CCC(C(=O)N2CCC(N3CCN(C(=O)c4cc(-c5ccc(F)cc5)nc(-c5ccc6[nH]ccc6c5)c4)CC3)CC2)CC1,-5.7087226,-4.2630534,-5.4119325,train
CC(=O)N1CCC(C(=O)N2CCC(N3CCN(C(=O)c4cc(-c5cccc(C)c5)nc(-c5ccc6[nH]ccc6c5)c4)CC3)CC2)CC1,-5.6882243,-4.159732,-5.3824754,train
CC(=O)N1CCC(C(=O)N2CCC(N3CCN(C(=O)c4cc(-c5cccc(F)c5)nc(-c5ccc6[nH]ccc6c5)c4)CC3)CC2)CC1,-5.7310543,-4.2798233,-5.425051,train
CC(=O)N1CCC(C(=O)N2CCC(N3CCN(C(=O)c4cc(-c5ccccc5)nc(-c5ccc6[nH]ccc6c5)c4)CC3)CC2)CC1,-5.719779,-4.2325325,-5.402947,train
CC(=O)N1CCC(N(Cc2ccc(Br)c(Cl)c2)C2CC(c3ccc(C)cc3)C2)CC1,-4.5210752,-3.0706491,-4.5107384,train
CC(=O)N1CCC(n2cc(-c3coc4c(O[C@H](C)c5c(Cl)ccc(F)c5Cl)c(N)ncc34)cn2)CC1,-4.805675,-3.4222028,-4.746222,train
CC(=O)N1CCCC1c1nc(C(=O)NCc2ccc(F)cc2)c(O)c(=O)[nH]1,-5.0025754,-5.286219,-4.863061,train
CC(=O)N1CCCCC1(C)c1nc(C(=O)NCc2ccc(F)cc2)c(O)c(=O)[nH]1,-4.91946,-4.9090047,-4.785442,train
CC(=O)N1CCCCC1c1nc(C(=O)NCc2ccc(F)cc2)c(O)c(=O)[nH]1,-4.9546194,-5.24167,-4.840789,train
CC(=O)N1CCN(C)C(C)(c2nc(C(=O)NCc3ccc(F)cc3)c(O)c(=O)n2C)C1,-4.9866805,-4.7561884,-4.7371216,train
CC(=O)N1CCN(C)C(c2nc(C(=O)NCc3ccc(F)cc3)c(O)c(=O)n2C)C1,-5.1728153,-5.044506,-4.834344,train
CC(=O)N1CCN(C)CC1(C)c1nc(C(=O)NCc2ccc(F)cc2)c(O)c(=O)[nH]1,-5.2523255,-4.9716663,-4.9330993,train
CC(=O)N1CCN(C)CC1c1nc(C(=O)NCc2ccc(F)cc2)c(O)c(=O)[nH]1,-5.6883817,-5.9131494,-5.44784,train
CC(=O)N1Cc2[nH]c3ccccc3c2C[C@H]1C(=O)N(C)[C@@H](Cc1ccccc1)C(=O)N(C)[C@@H](Cc1ccccc1)C(=O)N(C)[C@@H](Cc1ccccc1)C(N)=O,-5.935443,-5.973465,-5.8536334,train
CC(=O)N1Cc2ccccc2C[C@H]1C(=O)N(C)[C@@H](Cc1ccccc1)C(=O)N(C)[C@@H](Cc1ccccc1)C(=O)N(C)[C@@H](Cc1ccccc1)C(N)=O,-5.5310245,-5.7738347,-5.604385,train
CC(=O)N1N=C(c2ccc(-c3ccccc3)cc2)CC1c1ccc(C(=O)O)cc1,-5.6340623,-6.0342894,-5.0886226,train
CC(=O)N1N=C(c2ccc(-c3ccccc3)cc2)CC1c1ccc2c(c1)OCO2,-4.996172,-4.892881,-4.64816,train
CC(=O)N1N=C(c2ccc(-c3ccccc3)cc2)CC1c1cccc([N+](=O)[O-])c1,-5.2104635,-5.166887,-4.9249563,train
CC(=O)N1N=C(c2ccc(-c3ccccc3)cc2)CC1c1ccccc1,-5.173045,-5.3765817,-4.7805576,train
CC(=O)N1N=C(c2ccc(Br)cc2)CC1c1ccc(-c2ccccc2)cc1,-5.4333296,-5.3103323,-4.930405,train
CC(=O)N1N=C(c2ccc3c(c2)OCO3)CC1c1ccc(-c2ccccc2)cc1,-5.114377,-5.057449,-4.6842318,train
CC(=O)N1N=C(c2ccc3ccccc3c2)CC1c1ccc(-c2ccccc2)cc1,-5.6341248,-5.683708,-4.974733,train
CC(=O)N1N=C(c2cccc3ccccc23)CC1c1ccc(-c2ccccc2)cc1,-5.5428004,-5.5092993,-4.8922386,train
CC(=O)N1c2ccc(-c3ccc(C(=O)NCCOCCOCCOCCOCC(=O)N[C@H](C(=O)N4C[C@H](O)C[C@H]4C(=O)NCc4ccc(-c5scnc5C)cc4)C(C)(C)C)cc3)cc2[C@H](Nc2ccc(Cl)cc2)C[C@@H]1C,-6.3748736,-7.3260226,-6.818515,train
CC(=O)NC(=O)NCc1ccccc1,-5.5072327,-5.6218834,-4.9554377,train
CC(=O)NC1(C(=O)N[C@H](C(=O)N2C[C@H](O)C[C@H]2C(=O)NCc2ccc(-c3scnc3C)cc2)C(C)(C)C)CC1,-6.7189875,-9.140392,-7.486123,train
CC(=O)NCC(=O)N(C)[C@@H](Cc1ccccc1)C(=O)N(C)[C@@H](Cc1ccccc1)C(=O)N(C)[C@@H](Cc1ccccc1)C(N)=O,-5.455703,-5.921278,-5.6700783,train
CC(=O)NCC(=O)NCc1cccc(-n2nc(C(C)(C)C)cc2NC(=O)Nc2ccccc2)c1,-6.352881,-5.1703324,-5.9336777,train
CC(=O)NCCCn1c(=O)c2cc(F)ccc2n2c(=S)[nH]nc12,-4.6791925,-4.1261506,-4.617022,train
CC(=O)NCc1cccc(-c2cc(=O)n(CC3CN4CCC3CC4)c3ccccc23)c1,-6.7508497,-8.084893,-6.8438177,train
CC(=O)NOCCc1ccccc1,-4.4648666,-5.319815,-4.5369515,train
CC(=O)N[C@@H](CC1CCCCC1)C(=O)N(C)[C@@H](Cc1ccccc1)C(=O)N(C)[C@@H](Cc1ccccc1)C(=O)N(C)[C@@H](Cc1ccccc1)C(N)=O,-5.533657,-5.7563133,-5.6507697,train
CC(=O)N[C@@H](CCc1ccccc1)C(=O)N(C)[C@@H](Cc1ccccc1)C(=O)N(C)[C@@H](Cc1ccccc1)C(=O)N(C)[C@@H](Cc1ccccc1)C(N)=O,-5.4868217,-5.883693,-5.633935,train
CC(=O)N[C@@H](Cc1ccc2ccccc2c1)C(=O)N(C)[C@@H](Cc1ccccc1)C(=O)N(C)[C@@H](Cc1ccccc1)C(=O)N(C)[C@@H](Cc1ccccc1)C(N)=O,-5.525183,-5.8902307,-5.666455,train
CC(=O)N[C@@H](Cc1cccnc1)C(=O)N(C)[C@@H](Cc1ccccc1)C(=O)N(C)[C@@H](Cc1ccccc1)C(=O)N(C)[C@@H](Cc1ccccc1)C(N)=O,-5.4588637,-5.9481277,-5.643766,train
CC(=O)N[C@@H]1C[C@H](N(C)C)CC[C@@H]1N1CC[C@H](Nc2ncnc3ccc(C(F)(F)F)cc23)C1=O,-6.148163,-6.737479,-6.1648,train
CC(=O)N[C@@H]1C[C@H](N)CC[C@@H]1N1CC[C@H](Nc2ncnc3ccc(C(F)(F)F)cc23)C1=O,-6.603574,-7.223976,-6.622828,train
CC(=O)N[C@@H]1C[C@H](NC(C)(C)C)CC[C@@H]1N1CC[C@H](Nc2ncnc3ccc(C(C)(C)C)nc23)C1=O,-5.770836,-6.394348,-6.043848,train
CC(=O)N[C@@H]1C[C@H](NC(C)(C)C)CC[C@@H]1N1CC[C@H](Nc2ncnc3ccc(C(F)(F)F)cc23)C1=O,-6.054593,-6.6287394,-6.1654787,train
CC(=O)N[C@@H]1C[C@H](NC(C)C)CC[C@@H]1N1CC[C@H](Nc2ncnc3ccc(C(F)(F)F)cc23)C1=O,-6.3373256,-6.959705,-6.3640604,train
CC(=O)N[C@H](C(=O)N1C[C@H](O)C[C@H]1C(=O)NCc1ccc(-c2scnc2C)cc1)C(C)(C)C,-6.6277385,-8.924355,-7.3422,train
CC(=O)N[C@H](C(=O)N1C[C@H](O)C[C@H]1C(=O)NCc1ccc(-c2scnc2C)cc1)C(C)(C)SCCCCNC(=O)C[C@@H]1N=C(c2ccc(Cl)cc2)c2c(sc(C)c2C)-n2c(C)nnc21,-7.269216,-8.658677,-7.838703,train
CC(=O)N[C@H](C(=O)N1C[C@H](O)C[C@H]1C(=O)NCc1ccc(-c2scnc2C)cc1)C(C)(C)SCCOCCNC(=O)C[C@@H]1N=C(c2ccc(Cl)cc2)c2c(sc(C)c2C)-n2c(C)nnc21,-7.1867948,-8.764799,-7.8468943,train
CC(=O)N[C@H](C(=O)N1C[C@H](O)C[C@H]1C(=O)NCc1ccc(-c2scnc2C)cc1)C(C)(C)SCCOCCOCCNC(=O)C[C@@H]1N=C(c2ccc(Cl)cc2)c2c(sc(C)c2C)-n2c(C)nnc21,-7.19021,-8.804784,-7.898798,train
CC(=O)N[C@H]1Cc2cccc(c2)Oc2cccc(c2)C[C@@H](C(=O)NCC(F)(F)F)NC(=O)[C@H](CCc2ccccc2)NC1=O,-6.2773767,-7.0038996,-6.341723,train
CC(=O)N[C@H]1Cc2cccc(c2)Oc2cccc(c2)C[C@@H](C(=O)NCc2ccc(C)cc2)NC(=O)[C@H](CCc2ccccc2)NC1=O,-6.2101955,-6.8492823,-6.4194574,train
CC(=O)Nc1c2c(nc3cccc(N4CCN(CCCCc5c[nH]c6ccc(C#N)cc56)CC4)c13)CCCC2,-5.2990217,-5.7360125,-5.3901663,train
CC(=O)Nc1ccc(-c2ccc(NCC(=O)Nc3ccc(CN4CCNCC4)c(C(F)(F)F)c3)cc2)cn1,-6.190737,-5.8233128,-6.218673,train
CC(=O)Nc1ccc(CN(C[C@@H]2C[C@@H](F)CN2)C(=O)c2ccc(-c3cnc4ccc(NCC5CC5)nn34)cc2)cc1,-5.59688,-4.785733,-5.4494915,train
CC(=O)Nc1ccc(NC(=O)c2cc(Cl)ccc2O)c(Cl)c1,-5.251506,-4.154775,-4.9264126,train
CC(=O)Nc1ccc(Nc2ncnc(NCCC(=O)OC(C)(C)C)n2)cc1,-4.746825,-5.6093135,-5.2577553,train
CC(=O)Nc1ccc(Nc2ncnc(N[C@@H](CC(C)C)C(=O)O)n2)cc1,-6.557592,-8.202887,-7.003104,train
CC(=O)Nc1ccc(Nc2ncnc(N[C@@H](CC(C)C)C(=O)OC(C)(C)C)n2)cc1,-4.7940235,-5.126235,-5.36677,train
CC(=O)Nc1ccc(O)cc1,-4.8687725,-5.7990932,-4.9512377,train
CC(=O)Nc1ccc2c(=O)c3cccc(F)c3oc2c1,-5.038314,-5.850892,-4.837416,train
CC(=O)Nc1ccc2c(c1)c(=O)n(CCc1ccccc1)c1n[nH]c(=S)n21,-4.9528503,-3.6881404,-4.807804,train
CC(=O)Nc1ccccc1C(=O)Nc1ccc([N+](=O)[O-])cc1Cl,-5.062307,-3.5580454,-4.8743258,train
CC(=O)Nc1nnc(S(N)(=O)=O)s1,-6.4039087,-6.8057303,-5.7449465,train
CC(=O)OC(C)OC(=O)C(c1ccc(C2(NC(=O)c3cc4c(Cl)c(Cl)ccc4n3C)COC2)cc1)c1cccnc1,-5.9207754,-7.6004863,-6.595686,train
CC(=O)OC[C@@H]1[C@H]2COC3(CC=C(C)C)C(=O)[C@@H]1C=C1C(=O)c4c(O)cc(O)c(CC=C(C)C)c4O[C@]123,-4.856561,-4.722056,-4.9712114,train
CC(=O)OC[C@@H]1[C@H]2COC3(CC=C(C)C)C(=O)[C@@H]1C=C1C(=O)c4c(O)cccc4O[C@]123,-4.4380717,-4.180859,-4.6436477,train
CC(=O)OC[C@H]1O[C@@H](S(N)(=O)=O)[C@H](OC(C)=O)[C@@H](OC(C)=O)[C@@H]1OC(C)=O,-6.422794,-7.2266893,-6.222645,train
CC(=O)OC[C@H]1O[C@@H](S(N)(=O)=O)[C@H](OC(C)=O)[C@@H](OC(C)=O)[C@@H]1O[C@H]1O[C@H](COC(C)=O)[C@@H](OC(C)=O)[C@H](OC(C)=O)[C@H]1OC(C)=O,-6.6207657,-7.205078,-6.309357,train
CC(=O)Oc1ccc(/C=C/S(=O)(=O)NCCc2ccccc2)cc1OC(C)=O,-4.9811907,-5.049176,-4.7179685,train
CC(=O)Oc1ccc(/C=C/S(=O)(=O)NCc2ccc(C)cc2)cc1OC(C)=O,-4.789347,-4.989048,-4.64312,train
CC(=O)Oc1ccc(/C=C/S(=O)(=O)NCc2ccc(Cl)cc2)cc1OC(C)=O,-4.8973055,-5.0303106,-4.6905627,train
CC(=O)Oc1ccc(/C=C/S(=O)(=O)NCc2ccc(F)cc2)cc1OC(C)=O,-4.820525,-5.08924,-4.658244,train
CC(=O)Oc1ccc(/C=C/S(=O)(=O)NCc2ccccc2)cc1OC(C)=O,-4.854802,-5.045957,-4.655609,train
CC(=O)[C@H]1CC[C@H]2[C@@H]3CCC4=CC(=O)CC[C@]4(C)[C@H]3CC[C@]12C,-4.66088,-4.9019136,-4.7745333,train
CC(=O)c1ccc(N2CCN(C(=O)c3cc(S(C)(=O)=O)ccc3N3CCOCC3)CC2)c(F)c1,-4.8132167,-5.1657777,-4.7320776,train
CC(=O)c1ccc(N2CCN(C(=O)c3cc(S(N)(=O)=O)ccc3N3CCOCC3)CC2)c(F)c1,-4.873885,-5.6107397,-4.9455247,train
CC(=O)c1ccc(N2CCN(C(=O)c3cc([N+](=O)[O-])ccc3N3CCOCC3)CC2)c(F)c1,-4.845816,-4.7816567,-4.892343,train
CC(=O)c1ccc(NC(=O)Nc2cc(C)nc3ccccc23)cc1,-5.1319437,-3.552639,-4.829728,train
CC(=O)c1ccc(O)c(C(=O)Nc2ccc([N+](=O)[O-])cc2Cl)c1,-5.005702,-4.3873577,-4.870441,train
CC(=O)c1ccc2c(NCc3ccc(NC(=O)c4ccc(F)cc4)cc3)nc(N(C)C)nc2c1,-5.07279,-5.859025,-5.3443294,train
CC(=O)n1c2ccccc2sc2cccc(Cl)c2n1C(C)=O,-6.323073,-5.164868,-4.976625,train
CC(C(=O)NCCc1ccc(O)cc1)c1cccc(C(=O)c2ccccc2)c1,-6.6025805,-6.4139204,-6.52779,train
CC(C(=O)O)c1cccc(C(=O)c2ccccc2)c1,-5.4162464,-5.643868,-5.281096,train
CC(C)(C)/[N+]([O-])=C/c1ccc(O)cc1,-5.154105,-6.212296,-5.6019583,train
CC(C)(C)/[N+]([O-])=C/c1cccc(C(F)(F)F)c1,-4.730216,-4.628078,-4.8097367,train
CC(C)(C)C(=O)N1CCN(CCNC(=O)c2cc(-c3ccc(CN4CCOCC4)cc3)nc3ccc(F)cc23)CC1,-5.7442284,-6.9785137,-6.285101,train
CC(C)(C)CC(=O)Nc1ccc(-c2ccnc(Nc3ccc(S(N)(=O)=O)cc3)n2)cc1,-5.065841,-5.9882903,-5.3596525,train
CC(C)(C)CC(=O)Nc1ccc2c(c1)CCc1cnc(Nc3ccc(S(N)(=O)=O)cc3)nc1-2,-5.231227,-5.769048,-5.228113,train
CC(C)(C)CCN1C(=O)C(C2=CS(=O)(=O)c3cc(NS(C)(=O)=O)ccc3N2)=C(O)[C@@H]1C(C)(C)C,-6.455828,-6.051727,-5.388905,train
CC(C)(C)CCN1CCC(N(Cc2ccccc2)C(=O)Nc2cccc(C(F)(F)F)c2)CC1,-4.6671886,-2.81509,-4.6023617,train
CC(C)(C)N1CCC(N(Cc2ccc3c(c2)OCO3)C(=O)Nc2cccc(C(F)(F)F)c2)CC1,-4.6470203,-3.0220613,-4.572282,train
CC(C)(C)NCC(O)c1cc(O)cc(O)c1,-6.065888,-6.2392516,-5.4962153,train
CC(C)(C)OC(=O)CC[C@@H](NC(=O)OC(C)(C)C)C(=O)NCCCn1c(=O)c2cc(F)ccc2n2c(=S)[nH]nc12,-4.763156,-3.6219478,-4.7833567,train
CC(C)(C)OC(=O)CC[C@H](N)C(=O)NCCCn1c(=O)c2cc(F)ccc2n2c(=S)[nH]nc12,-4.963184,-4.328775,-4.8955626,train
CC(C)(C)OC(=O)CC[C@H](N)C(=O)NCCOCCOCCOCCOCCC(=O)NCCCn1c(=O)c2cc(F)ccc2n2c(=S)[nH]nc12,-4.729304,-4.326442,-5.165778,train
CC(C)(C)OC(=O)CC[C@H](NC(=O)OC(C)(C)C)C(=O)NCCCn1c(=O)c2cc(F)ccc2n2c(=S)[nH]nc12,-4.725956,-3.7067604,-4.8074327,train
CC(C)(C)OC(=O)N1CC(CCn2c(=O)c3cc(F)ccc3n3c(=S)[nH]nc23)C1,-4.5669303,-4.016342,-4.604485,train
CC(C)(C)OC(=O)N1CCCC(c2cn3cccnc3n2)C1,-4.5654206,-5.1603217,-4.6696887,train
CC(C)(C)OC(=O)N1CCN(CCNCc2cc(-c3ccc(CN4CCOCC4)cc3)nc3ccc(F)cc23)CC1,-5.462283,-6.823469,-6.0441747,train
CC(C)(C)OC(=O)N1CCN(CCn2c(=O)c3cc(F)ccc3n3c(=S)[nH]nc23)CC1,-4.601716,-4.093658,-4.7015815,train
CC(C)(C)OC(=O)NC1CCC(C(=O)NCCCn2c(=O)c3cc(F)ccc3n3c(=S)[nH]nc23)CC1,-4.8005157,-3.5848374,-4.8162727,train
CC(C)(C)OC(=O)NCCCCCC(=O)NCCCn1c(=O)c2cc(F)ccc2n2c(=S)[nH]nc12,-4.8733854,-3.8196921,-4.811851,train
CC(C)(C)OC(=O)NCCOCCOCC(=O)NCc1cccc(C(=O)N2CCC(CCCCNC(=O)/C=C/c3cccnc3)CC2)c1,-5.379705,-6.256434,-5.97027,train
CC(C)(C)OC(=O)NCCOCCOCCOCCC(=O)NCCCn1c(=O)c2cc(F)ccc2n2c(=S)[nH]nc12,-4.4441795,-3.31585,-4.7459292,train
CC(C)(C)OC(=O)Nc1ccc(CC(=O)NCCCn2c(=O)c3cc(F)ccc3n3c(=S)[nH]nc23)cc1,-4.793992,-3.431606,-4.8340354,train
CC(C)(C)[C@H]1C(O)=C(C2=CS(=O)(=O)c3cc(NS(C)(=O)=O)ccc3N2)C(=O)N1Cc1ccc(F)c(Cl)c1,-6.7334685,-5.8159075,-5.307832,train
CC(C)(C)[C@H]1C(O)=C(C2=CS(=O)(=O)c3cc(NS(C)(=O)=O)ccc3N2)C(=O)N1Cc1ccc(F)cc1,-6.6257725,-5.7701373,-5.245753,train
CC(C)(C)[C@H]1C(O)=C(C2=CS(=O)(=O)c3cc(NS(C)(=O)=O)ccc3N2)C(=O)N1Cc1ccccc1,-6.665875,-5.739316,-5.2349486,train
CC(C)(C)[C@H]1CC[C@H](C(=O)NCCCn2c(=O)c3cc(F)ccc3n3c(=S)[nH]nc23)CC1,-4.778303,-3.8240433,-4.810427,train
CC(C)(C)c1cc(C(=O)N2CCCC(c3cc4ncccc4[nH]3)C2)on1,-5.6474605,-5.405858,-5.098279,train
CC(C)(C)c1cc(C(C)(C)C)c2[nH]c(C(C)(C)C)c(C[C@H](N)C(=O)N[C@@H](CCCNC(=N)N)C(=O)NCCc3ccccc3)c2c1,-6.681712,-5.810643,-5.937743,train
CC(C)(C)c1cc(Cl)c(Cl)cc1-n1c(O)nnc1Sc1ccc(C(F)(F)F)cn1,-6.4320474,-5.7142515,-5.3965893,train
CC(C)(C)c1cc(NC(=O)NC2C3CC4CC(C3)CC2C4)no1,-6.7183585,-2.7901084,-4.4845743,train
CC(C)(C)c1ccc(-c2ccc3c(NCCCNCc4ccc5c(c4)OCO5)ccnc3c2)cc1,-5.658098,-3.4719892,-4.891703,train
CC(C)(C)c1ccc(-c2ccc3c(NCCCNCc4ccco4)ccnc3c2)cc1,-5.6995254,-3.450668,-4.9128404,train
CC(C)(C)c1ccc(CCN2CC=C(CCC(=O)NO)C2=O)cc1,-6.724635,-7.5070095,-6.9425373,train
CC(C)(C)c1ccc(CN2CC=C(CCC(=O)NO)C2=O)cc1,-6.823189,-7.4335117,-6.8541303,train
CC(C)(C)c1ccc(COc2ccc([C@@H](NC(=O)[C@H](CCCCN)NC(=O)[C@H](CCCNC(=N)N)NC(=O)c3ccc(Cl)s3)C(N)=O)cc2)cc1,-6.9476566,-6.4545026,-6.7190113,train
CC(C)(C)c1ccc(NC(=O)N2CCN(c3ccc(C#N)cn3)CC2)cc1,-6.423638,-4.2197137,-5.118237,train
CC(C)(C)c1ccc(Oc2ccc3c(NCCCNCc4ccc5c(c4)OCO5)ccnc3c2)cc1,-5.6318507,-3.4133918,-4.794302,train
CC(C)(C)c1ccc2[nH]c3c(c(=O)c2c1)CCCC3,-5.427954,-3.6835964,-4.7835345,train
CC(C)(C)c1cn(-c2nc(N)c3ncn([C@@H]4O[C@H](COS(=O)(=O)NC(=O)c5ccccc5O)[C@@H](O)[C@H]4O)c3n2)nn1.CCN(CC)CC,-6.247845,-6.9833803,-6.28081,train
CC(C)(CCl)C(=O)Nc1cccc(-c2nc3ccccc3s2)c1,-5.0421834,-3.338122,-4.603065,train
CC(C)(N)c1ccc(-c2cnc3c(-c4ccc(S(N)(=O)=O)c5ccccc45)cnn3c2)cc1,-6.4780803,-5.1748223,-5.461495,train
CC(C)(O)CCCn1c(Cn2nc(S(C)(=O)=O)c3ccncc32)nc2cc(Cl)ccc21,-5.9194202,-5.488295,-4.951748,train
CC(C)(O)[C@H]1CC[C@H](NC(=O)c2ccc3c(cnn3-c3cccc(F)c3)c2)CC1,-4.964037,-6.003594,-5.316945,train
CC(C)(O)c1coc(S(=O)(=O)[N-]C(=O)Nc2c3c(cc4c2CCC4)CCC3)c1,-7.625983,-11.64606,-8.472516,train
CC(C)=CCC12OC(C)(C)[C@@H]3C[C@@H](C=C4C(=O)c5c(O)cc(O)cc5O[C@]431)C2=O,-5.0523424,-4.803045,-5.098735,train
CC(C)=CCC12OC(C)(C)[C@@H]3C[C@@H](C=C4C(=O)c5c(O)cccc5O[C@]431)C2=O,-4.8673253,-4.3780236,-4.950742,train
CC(C)=CCC12OC(C)(C)[C@@H]3C[C@@H](C=C4C(=O)c5ccccc5O[C@]431)C2=O,-4.8187346,-4.265339,-4.926679,train
CC(C)=CCC12OC[C@@H]3[C@@H](CN(CCO)CCO)[C@@H](C=C4C(=O)c5c(O)cccc5O[C@]431)C2=O,-4.9474683,-4.2573133,-5.0532503,train
CC(C)=CCC12OC[C@@H]3[C@@H](CN4CCCC4)[C@@H](C=C4C(=O)c5c(O)cccc5O[C@]431)C2=O,-4.8395033,-4.136094,-4.986,train
CC(C)=CCC12OC[C@@H]3[C@@H](CN4CCN(C)CC4)[C@@H](C=C4C(=O)c5c(O)cccc5O[C@]431)C2=O,-5.0059557,-4.180868,-5.0954003,train
CC(C)=CCC12OC[C@@H]3[C@@H](CN4CCN(c5ccccc5)CC4)[C@@H](C=C4C(=O)c5c(O)cccc5O[C@]431)C2=O,-4.8786435,-4.171006,-5.0114646,train
CC(C)=CCC12OC[C@@H]3[C@@H](CN4CCNCC4)[C@@H](C=C4C(=O)c5c(O)cccc5O[C@]431)C2=O,-5.228524,-4.258312,-5.2502823,train
CC(C)=CCC12OC[C@@H]3[C@@H](CN4CCOCC4)[C@@H](C=C4C(=O)c5c(O)cc6c(c5O[C@]431)C=CC(C)(C)O6)C2=O,-5.0893035,-4.31704,-5.196952,train
CC(C)=CCC12OC[C@@H]3[C@@H](CN4CCOCC4)[C@@H](C=C4C(=O)c5c(O)cccc5O[C@]431)C2=O,-4.708792,-4.0388436,-4.878916,train
CC(C)=CCC12OC[C@@H]3[C@@H](COC(=O)Cc4ccccc4)[C@@H](C=C4C(=O)c5c(O)cccc5O[C@]431)C2=O,-4.925912,-4.2564387,-5.028296,train
CC(C)=CCC12OC[C@@H]3[C@@H](COC(C)C)[C@@H](C=C4C(=O)c5c(O)cccc5O[C@]431)C2=O,-4.6778646,-4.067598,-4.830296,train
CC(C)=CC[C@@]12OC(C)(C)[C@@H]3C[C@@H](C=C4C(=O)c5c(O)cccc5O[C@]431)C2=O,-4.967643,-4.417227,-5.0431924,train
CC(C)=CCc1c(O)cc(O)c2c1O[C@@]13C(=C[C@H]4C(=O)C1(CC=C(C)C)OC[C@@H]3[C@H]4CN(C)C)C2=O,-5.161284,-4.6170635,-5.2460976,train
CC(C)=CCc1c(O)cc(O)c2c1O[C@@]13C(=C[C@H]4C(=O)C1(CC=C(C)C)OC[C@@H]3[C@H]4CN(CCO)CCO)C2=O,-5.397894,-4.725301,-5.443123,train
CC(C)=CCc1c(O)cc(O)c2c1O[C@@]13C(=C[C@H]4C(=O)C1(CC=C(C)C)OC[C@@H]3[C@H]4CN1CCCC1)C2=O,-5.31116,-4.615337,-5.364781,train
CC(C)=CCc1c(O)cc(O)c2c1O[C@@]13C(=C[C@H]4C(=O)C1(CC=C(C)C)OC[C@@H]3[C@H]4CN1CCCCC1)C2=O,-5.3027506,-4.5805836,-5.358284,train
CC(C)=CCc1c(O)cc(O)c2c1O[C@@]13C(=C[C@H]4C(=O)C1(CC=C(C)C)OC[C@@H]3[C@H]4CN1CCN(c3ccccc3)CC1)C2=O,-5.293685,-4.5820627,-5.3646097,train
CC(C)=CCc1c(O)cc(O)c2c1O[C@@]13C(=C[C@H]4C(=O)C1(CC=C(C)C)OC[C@@H]3[C@H]4COC(=O)Cc1ccccc1)C2=O,-5.3314185,-4.7067027,-5.378136,train
CC(C)=CCc1c(O)cc(O)c2c1O[C@@]13C(=C[C@H]4C(=O)C1(CC=C(C)C)OC[C@@H]3[C@H]4COC(C)C)C2=O,-5.1001954,-4.640185,-5.164127,train
CC(C)=CCc1c(O)cc(O)c2c1O[C@@]13C(=C[C@H]4C(=O)C1(CC=C(C)C)OC[C@@H]3[C@H]4COCc1ccccc1)C2=O,-5.108863,-4.6062965,-5.1978326,train
CC(C)=CCc1c(O)cc(O)c2c1O[C@]13C(=C[C@@H]4C[C@H]1COC3(CC=C(C)C)C4=O)C2=O,-5.0191092,-4.833804,-5.09009,train
CC(C)=CCc1c(O)cc2c(c1O)C(=O)C1=C[C@H]3C(=O)C4(CC=C(C)C)OC[C@H]([C@H]3CN(C)C)[C@]14O2,-4.9601636,-4.722051,-5.0885134,train
CC(C)=CCc1c(O)cc2c(c1O)C(=O)C1=C[C@H]3C(=O)C4(CC=C(C)C)OC[C@H]([C@H]3CN(CCO)CCO)[C@]14O2,-5.1932836,-4.852802,-5.2929916,train
CC(C)=CCc1c(O)cc2c(c1O)C(=O)C1=C[C@H]3C(=O)C4(CC=C(C)C)OC[C@H]([C@H]3CN3CCCC3)[C@]14O2,-5.1001906,-4.7081985,-5.2003527,train
CC(C)=CCc1c(O)cc2c(c1O)C(=O)C1=C[C@H]3C(=O)C4(CC=C(C)C)OC[C@H]([C@H]3CN3CCN(c5ccccc5)CC3)[C@]14O2,-5.092701,-4.6587987,-5.210291,train
CC(C)=CCc1c(O)cc2c(c1O)C(=O)C1=C[C@H]3C(=O)C4(CC=C(C)C)OC[C@H]([C@H]3CN3CCOCC3)[C@]14O2,-4.9534187,-4.5859976,-5.076952,train
CC(C)C(=O)Nc1ccc2oc(-c3ccc(C(C)(C)C)cc3)nc2c1,-6.39795,-3.4060025,-4.8567533,train
CC(C)CC(=O)OCCc1cn(-c2ccc(NC(=O)Nc3ccccc3C(F)(F)F)cc2)nn1,-6.653015,-5.589897,-5.7051473,train
CC(C)CC1=C(C(=O)Nc2nncs2)C(c2ccccc2Cl)N=C(Nc2nc3ccccc3o2)N1,-5.638046,-4.140621,-5.033443,train
CC(C)CC1NC(=O)[C@H]2CCCN2C(=O)[C@H](CC(C)C)NC(=O)C(CCC(=O)N2CCCC2)NC(=O)[C@@H](CC(C)C)NC(=O)[C@H](CC(C)C)NC1=O,-5.611412,-6.2605906,-5.9201236,train
CC(C)CC1NC(=O)[C@H]2CCCN2C(=O)[C@H](CC(C)C)NC(=O)[C@H](CC(C)C)NC(=O)C(CCC(=O)N2CCCC2)NC(=O)[C@H](CC(C)C)NC1=O,-5.8587527,-6.5697594,-6.0794373,train
CC(C)CC1NC(=O)[C@H]2CCCN2C(=O)[C@H](CC(C)C)NC(=O)[C@H](CC(C)C)NC(=O)[C@@H](CC(C)C)NC(=O)C(CCC(=O)N2CCCC2)NC1=O,-5.609466,-6.259318,-5.9177513,train
CC(C)CCN1CCC(N(Cc2ccccc2)C(=O)Nc2cccc(C(F)(F)F)c2)CC1,-4.6167297,-2.7653387,-4.5874777,train
CC(C)CCNc1ccc(-c2cnc3ccc(N4CCC(N)CC4)nn23)cn1,-5.8705945,-7.154857,-6.4691114,train
CC(C)CCNc1ccc(-c2cnc3ccc(NC4CCN(C)C4)nn23)cn1,-5.792921,-6.5078564,-6.0069733,train
CC(C)CCNc1ccc(-c2cnc3ccc(NC4CCN(C)CC4)nn23)cn1,-5.9482636,-6.9070926,-6.3497424,train
CC(C)CCc1ccc2c(NCCCNCc3ccco3)ccnc2c1,-5.077258,-4.2945867,-4.848686,train
CC(C)CCc1cn(-c2ccc(NC(=O)Nc3cccc4cnccc34)cc2)nn1,-6.609624,-6.6544147,-6.405244,train
CC(C)CN(C(=O)c1nc2ccccc2[nH]1)[C@@H]1CNC[C@H](C(=O)N2CCOCC2)C1,-6.490714,-6.9478874,-6.419321,train
CC(C)CN(C(=O)c1nc2ccccc2n1C)[C@@H]1CNC[C@H](C(=O)N2CCOCC2)C1,-6.4238124,-6.7674055,-6.26736,train
CC(C)COc1ccc(-c2cn(C)c3cc(C(=O)NS(=O)(=O)C4CC4)c(F)cc23)cn1,-7.2930126,-6.6428356,-5.6077914,train
CC(C)COc1ccc(-c2cn(C)c3cc(C(=O)NS(C)(=O)=O)c(F)cc23)cn1,-7.318879,-6.5957556,-5.7387238,train
CC(C)COc1ccc(S(C)(=O)=O)cc1C(=O)N1Cc2cc(C(F)(F)F)cnc2C1,-6.2110624,-5.5651913,-5.0696487,train
CC(C)COc1ncc(-c2cn(C)c3cc(C(=O)NS(=O)(=O)C4CC4)c(F)cc23)cc1Cl,-7.567247,-6.3117027,-5.570914,train
CC(C)COc1ncc(-c2cn(C)c3cc(C(=O)NS(C)(=O)=O)ccc23)cc1Cl,-7.5962486,-6.3647885,-5.770599,train
CC(C)COc1ncc(-c2nn(C)c3cc(C(=O)NS(C)(=O)=O)ccc23)cc1Cl,-7.6598315,-6.1915054,-5.6510925,train
CC(C)C[C@@H](N)c1cc(C#N)c2cc(-c3ccncc3)ccc2n1,-5.1442757,-4.6521115,-5.0109434,train
CC(C)C[C@@H]1NC(=O)C(C2CCCCC2)NC(=O)[C@@H](CC(C)C)NC(=O)C(CC2CCCCC2)NC(=O)[C@@H](CC(C)C)NC(=O)[C@H]2CCCN2C1=O,-5.3301535,-5.0337515,-5.4874616,train
CC(C)C[C@@H]1NC(=O)C(CCC(=O)N2CCCC2)NC(=O)[C@@H](CC(C)C)NC(=O)[C@@H](CC(C)C)NC(=O)[C@@H](CC(C)C)NC(=O)[C@H]2CCCN2C1=O,-5.3436594,-5.876287,-5.719155,train
CC(C)C[C@@H]1NC(=O)C(CCC(=O)N2CCCC2)NC(=O)[C@@H](CC(C)C)NC(=O)[C@@H](CC(C)C)NC(=O)[C@H]2CCCN2C(=O)[C@H](CC(C)C)NC1=O,-5.5006776,-6.1251264,-5.820429,train
CC(C)C[C@@H]1NC(=O)C(CCC(=O)N2CCCC2)NC(=O)[C@H]2CCCN2C(=O)[C@H](CC(C)C)NC(=O)[C@H](CC(C)C)NC(=O)[C@@H](CC(C)C)NC1=O,-5.7190995,-6.4573164,-5.982065,train
CC(C)C[C@@H]1NC(=O)[C@@H](CC(C)C)N(C)C(=O)[C@H](CC(C)C)NC(=O)[C@H](Cc2ccc(O)cc2)NC(=O)[C@@H]2CCCN2C(=O)[C@H](CC(C)C)NC1=O,-5.7232647,-6.5173535,-5.9126787,train
CC(C)C[C@@H]1NC(=O)[C@@H](CC(C)C)NC(=O)C(CCC(=O)N2CCCC2)NC(=O)[C@@H](CC(C)C)NC(=O)[C@@H](CC(C)C)NC(=O)[C@H]2CCCN2C1=O,-5.3384266,-5.844825,-5.707368,train
CC(C)C[C@@H]1NC(=O)[C@@H](CC(C)C)NC(=O)[C@@H](CC(C)C)NC(=O)C(CCC(=O)N2CCCC2)NC(=O)[C@@H](CC(C)C)NC(=O)[C@H]2CCCN2C1=O,-5.3357058,-5.851518,-5.7072897,train
CC(C)C[C@@H]1NC(=O)[C@@H](CC(C)C)NC(=O)[C@@H](CC(C)C)NC(=O)C(CCC(=O)N2CCCC2)NC(=O)[C@H]2CCCN2C(=O)[C@H](CC(C)C)NC1=O,-5.510872,-6.1594324,-5.841539,train
CC(C)C[C@@H]1NC(=O)[C@@H](CC(C)C)NC(=O)[C@@H](CC(C)C)NC(=O)[C@@H](CC(C)C)NC(=O)C(CCC(=O)N2CCCC2)NC(=O)[C@H]2CCCN2C1=O,-5.3573804,-5.9000077,-5.73634,train
CC(C)C[C@@H]1NC(=O)[C@@H](CC(C)C)NC(=O)[C@@H](CC(C)C)NC(=O)[C@@H](CC(C)C)NC(=O)[C@@H](CC(C)C)NC(=O)[C@H]2CCCN2C1=O,-5.0652075,-5.349903,-5.449025,train
CC(C)C[C@@H]1NC(=O)[C@@H](CC(C)C)NC(=O)[C@@H](CC(C)C)NC(=O)[C@@H](CC(C)C)NC(=O)[C@H]2CCCN2C(=O)[C@H](CC(C)C)NC1=O,-5.1303096,-5.6223016,-5.5454903,train
CC(C)C[C@@H]1NC(=O)[C@@H](CC(C)C)NC(=O)[C@@H]([C@H](C)O)NC(=O)[C@H](Cc2ccc(O)cc2)NC(=O)[C@@H]2CCCN2C(=O)[C@H](CC(C)C)NC1=O,-6.4920597,-7.5000744,-6.6112866,train
CC(C)C[C@@H]1NC(=O)[C@@H](CC(C)C)NC(=O)[C@H](CC(C)C)NC(=O)[C@@H](CC(=O)N(C)C)NC(=O)[C@H]2CCCN2C(=O)[C@H](CC(C)C)NC1=O,-5.547542,-6.303052,-5.855713,train
CC(C)C[C@@H]1NC(=O)[C@@H](CC(C)C)NC(=O)[C@H](CC(C)C)NC(=O)[C@@H](CC(=O)N2CCCC2)NC(=O)[C@H]2CCCN2C(=O)[C@H](CC(C)C)NC1=O,-5.642166,-6.2896867,-5.874257,train
CC(C)C[C@@H]1NC(=O)[C@@H](CC(C)C)NC(=O)[C@H](CC(C)C)NC(=O)[C@@H](CC(C)C)NC(=O)[C@H]2CCCN2C(=O)[C@H](CC(C)C)NC1=O,-5.200008,-5.825753,-5.610809,train
CC(C)C[C@@H]1NC(=O)[C@@H](CC(C)C)NC(=O)[C@H](CC(C)C)NC(=O)[C@@H](CCC(=O)N(C)C)NC(=O)[C@H]2CCCN2C(=O)[C@H](CC(C)C)NC1=O,-5.5411963,-6.35211,-5.864743,train
CC(C)C[C@@H]1NC(=O)[C@@H](CC(C)C)NC(=O)[C@H](CC(C)C)NC(=O)[C@@](C)(CC(C)C)NC(=O)[C@@H](Cc2ccc(O)cc2)NC(=O)[C@@H]2CCCN2C(=O)[C@H](CC(C)C)NC1=O,-5.8668756,-6.6871395,-6.0910635,train
CC(C)C[C@@H]1NC(=O)[C@@H](CC(C)C)NC(=O)[C@H](CC(C)C)NC(=O)[C@@](C)(CC(C)C)NC(=O)[C@H](Cc2ccc(O)cc2)NC(=O)[C@@H]2CCCN2C(=O)[C@H](CC(C)C)NC1=O,-6.000466,-6.8427134,-6.191604,train
CC(C)C[C@@H]1NC(=O)[C@@H](CC(C)C)NC(=O)[C@H](Cc2ccc(O)cc2)NC(=O)[C@@H]2CCCN2C(=O)[C@H](CC(C)C)NC(=O)[C@](C)(CC(C)C)NC(=O)[C@@H](CC(C)C)NC1=O,-5.900458,-6.6990533,-6.108083,train
CC(C)C[C@@H]1NC(=O)[C@@H](CC(C)C)NC(=O)[C@H]([C@@H](C)O)NC(=O)[C@H](Cc2ccc(O)cc2)NC(=O)[C@@H]2CCCN2C(=O)[C@H](CC(C)C)NC1=O,-6.5684934,-7.5839243,-6.708506,train
CC(C)C[C@@H]1NC(=O)[C@@H](CC(C)C)NC(=O)[C@](C)(CC(C)C)NC(=O)[C@H](Cc2ccc(O)cc2)NC(=O)[C@@H]2CCCN2C(=O)[C@H](CC(C)C)NC1=O,-6.0047235,-6.793184,-6.16035,train
CC(C)C[C@@H]1NC(=O)[C@@H](CCC(=O)N2CCCC2)NC(=O)[C@@H](CC(C)C)NC(=O)[C@@H](CC(C)C)NC(=O)[C@@H](CC(C)C)NC(=O)[C@H]2CCCN2C1=O,-5.2876697,-5.802948,-5.6719947,train
CC(C)C[C@@H]1NC(=O)[C@H](C(C)C)NC(=O)[C@H](Cc2ccc(O)cc2)N(C)C(=O)[C@H](Cc2ccccc2)NC(=O)CN(C)C(=O)[C@@H]2CCCN2C(=O)[C@@H](Cc2ccccc2)N(C)C1=O,-5.913408,-6.0297847,-5.8163986,train
CC(C)C[C@@H]1NC(=O)[C@H](CC(C)C)NC(=O)[C@@H](CC(C)C)NC(=O)[C@H](Cc2ccc(O)cc2)NC(=O)[C@@H]2CCCN2C(=O)[C@H](CC(C)C)NC1=O,-6.225729,-7.0811996,-6.33505,train
CC(C)C[C@@H]1NC(=O)[C@H](Cc2ccc(O)cc2)NC(=O)[C@@H]2CCCN2C(=O)[C@H](CC(C)C)NC(=O)[C@H](CC(C)C)N(C)C(=O)[C@@H](CC(C)C)N(C)C1=O,-5.4447126,-6.2088866,-5.705386,train
CC(C)C[C@@H]1NC(=O)[C@H](Cc2ccc(O)cc2)NC(=O)[C@@H]2CCCN2C(=O)[C@H](CC(C)C)NC(=O)[C@H](CC(C)C)NC(=O)[C@@H](CC(C)C)NC1=O,-6.2332563,-7.096792,-6.3480186,train
CC(C)C[C@@H]1NC(=O)[C@H](Cc2ccc(O)cc2)NC(=O)[C@@H]2CCCN2C(=O)[C@H](CC(C)C)NC(=O)[C@H](CC(C)C)NC(=O)[C@H](Cc2ccccc2)NC1=O,-6.518547,-7.1790752,-6.470887,train
CC(C)C[C@@H]1NC(=O)[C@H](Cc2ccc(O)cc2)NC(=O)[C@@H]2CCCN2C(=O)[C@H](CC(C)C)NC(=O)[C@H](CC(C)C)NC(=O)[C@H](Cc2ccccn2)NC1=O,-6.5782948,-7.5114803,-6.6304545,train
CC(C)C[C@@H]1NC(=O)[C@H](Cc2ccc(O)cc2)NC(=O)[C@@H]2CCCN2C(=O)[C@H](CC(C)C)NC(=O)[C@H](CC(C)C)NC(=O)[C@H](Cc2ccncc2)NC1=O,-6.6479106,-7.5913897,-6.7158523,train
CC(C)C[C@@H]1NC(=O)[C@H](Cc2ccc(O)cc2)NC(=O)[C@@H]2CCCN2C(=O)[C@H](CC(C)C)NC(=O)[C@](C)(CC(C)C)NC(=O)[C@@H](CC(C)C)NC1=O,-5.972309,-6.7631097,-6.1320453,train
CC(C)C[C@H](NC(=O)[C@H](CCC(=O)O)NC(=O)CNC(=O)[C@H](Cc1ccccc1)NC(=O)[C@H](Cc1c[nH]c2ccccc12)NC(=O)CNC(=O)CNC(=O)[C@H](CCC(=O)O)NC(=O)[C@H](CCCNC(=N)N)NC(=O)[C@H](C)NC(=O)[C@@H](NC(=O)[C@H](Cc1c[nH]c2ccccc12)NC(=O)[C@@H](N)CCCNC(=N)N)C(C)C)C(=O)N[C@@H](C)C(=O)N[C@@H](Cc1ccccc1)C(=O)N[C@@H](CC(N)=O)C(=O)N[C@@H](Cc1ccc(O)cc1)C(=O)N[C@@H](Cc1c[nH]c2ccccc12)C(=O)N[C@H](C(=O)N[C@@H](Cc1c[nH]c2ccccc12)C(=O)N[C@@H](CCC(=O)O)C(=O)O)C(C)C,-7.085412,-8.51454,-7.6145782,train
CC(C)C[C@H]1NC(=O)[C@H]2CCCN2C(=O)C(CCC(=O)N2CCCC2)NC(=O)[C@@H](CC(C)C)NC(=O)[C@@H](CC(C)C)NC(=O)[C@@H](CC(C)C)NC1=O,-5.2793703,-5.6291966,-5.6211166,train
CC(C)C[C@](C)(N)COc1ccc(-c2ccnc(C(F)F)c2)cc1C#N,-6.712463,-6.110894,-5.4118752,train
CC(C)C[C@](C)(N)COc1ccc(-c2ccnc(C(F)F)c2)cc1C(F)F,-6.7857904,-6.126683,-5.378964,train
CC(C)C[C@](C)(N)COc1cnc(-c2ccnc(C(F)F)c2)cc1C(F)F,-6.874049,-6.1622095,-5.3930535,train
CC(C)Cc1ccc(C(C)C(=O)O)cc1,-4.7486405,-5.2851686,-4.6972303,train
CC(C)Cc1ccc2c(NCCCNCc3ccc4c(c3)OCO4)ccnc2c1,-4.9346275,-4.285015,-4.7244205,train
CC(C)Cc1ccc2c(NCCCNCc3ccco3)ccnc2c1,-5.0003524,-4.466805,-4.783101,train
CC(C)N(C)[C@@H]1CC[C@H](N2CC[C@H](NC(=O)c3cccc(C(F)(F)F)c3)C2=O)[C@H](CS(C)(=O)=O)C1,-6.5337644,-7.2190523,-6.208767,train
CC(C)N(C)[C@@H]1CC[C@H](N2CC[C@H](NC(=O)c3cccc(C(F)(F)F)c3)C2=O)[C@H](N(C)S(C)(=O)=O)C1,-6.564475,-6.988833,-6.109102,train
CC(C)N(C)[C@@H]1CC[C@H](N2CC[C@H](Nc3ncnc4ccc(C(F)(F)F)cc34)C2=O)[C@H](CS(C)(=O)=O)C1,-6.3618064,-7.000354,-6.156474,train
CC(C)N(C)[C@@H]1CC[C@H](N2CC[C@H](Nc3ncnc4ccc(C(F)(F)F)cc34)C2=O)[C@H](NS(C)(=O)=O)C1,-6.4317656,-6.732086,-5.9716578,train
CC(C)N(C[C@H]1Cc2c(cccc2N2CCNCC2)CN1)[C@H]1CCCc2cccnc21,-6.5191917,-7.589014,-6.992856,train
CC(C)N1CC=C(c2ccc(/C(=C(/CCCO)c3ccccc3)c3ccc(O)cc3)cc2)CC1,-7.1033363,-7.401911,-7.4430056,train
CC(C)N1CC=C(c2ccc(/C(=C(/CCCO)c3ccccc3)c3cccc(O)c3)cc2)CC1,-7.083513,-7.0282116,-7.2053046,train
CC(C)N1CCC(c2ccc(/C(=C(/CCCO)c3ccc(F)cc3)c3ccc(O)cc3)cc2)CC1,-6.545372,-7.689623,-7.1554785,train
CC(C)N1CCC(c2ccc(/C(=C(/CCCO)c3ccc(F)cc3F)c3ccc(O)cc3)cc2)CC1,-6.6156273,-7.6566954,-7.222972,train
CC(C)N1CCC(c2ccc(/C(=C(/CCCO)c3ccccc3)c3ccc(O)cc3)cc2)CC1,-6.612917,-7.728533,-7.204887,train
CC(C)N1CCN(CCCN(C[C@H]2Cc3ccccc3CN2)[C@H]2CCCc3cccnc32)CC1,-5.8045206,-6.5894575,-6.333676,train
CC(C)N1CCN(c2ccc(/C(=C(/CCCO)c3ccccc3)c3ccc(Br)cc3)cc2)CC1,-6.6715755,-6.003001,-6.367557,train
CC(C)N1CCN(c2ccc(/C(=C(/CCCO)c3ccccc3)c3ccc(O)cc3)cc2)CC1,-6.568662,-6.8228884,-6.8000875,train
CC(C)NCC(O)COc1ccc(CC(N)=O)cc1,-6.266099,-6.332899,-5.9394026,train
CC(C)NCC(O)COc1cccc2ccccc12,-5.097298,-5.0513306,-4.68531,train
CC(C)NCC(O)COc1ccccc1CCCSCC(=O)NCCOCCOCCNC(=O)OC(C)(C)C,-6.408276,-7.449461,-6.6219034,train
CC(C)OC(=O)[C@H](C)NP(=O)(OC[C@H]1O[C@@H](n2ccc(=O)[nH]c2=O)[C@](C)(F)[C@@H]1O)Oc1ccccc1,-6.4003725,-9.1718855,-7.046232,train
CC(C)OC(=O)c1ccc(N2CCN(C)CC2)c(NC(=O)c2ccc(F)c([N+](=O)[O-])c2)c1,-5.1244082,-4.2881436,-4.9983835,train
CC(C)OC(=O)c1ccnc2cc(C(OCCN3CCCCC3)c3cccc(N)c3)sc12,-4.7591405,-3.4256594,-4.6575184,train
CC(C)OC(=O)c1ccnc2cc(C(OCCN3CCCCC3)c3cccc(NC(=O)/C=C/CN(C)C)c3)sc12,-4.837237,-3.726007,-4.799709,train
CC(C)OP(=O)(OC(C)C)SCc1ccccc1,-4.041394,-4.6381235,-4.2369146,train
CC(C)Oc1ccc(S(C)(=O)=O)cc1C(=O)N1Cc2cc(C(F)(F)F)cnc2C1,-5.582102,-5.30487,-4.7909875,train
CC(C)Oc1ccc(S(C)(=O)=O)cc1C(=O)N1Cc2ccc(C3CCOCC3)cc2C1,-5.404945,-5.647727,-5.0285654,train
CC(C)Sc1nc(Nc2cccc(O)c2)c2cnn(CC(Cl)c3ccccc3)c2n1,-5.395185,-5.3228135,-4.8999243,train
CC(C)[C@@H](NC(=O)c1ccc(-c2ccc(CSc3nc4c(c(=O)[nH]3)CCC4)c(F)c2)o1)C(=O)NC1CNC1,-6.6876955,-8.540496,-7.376957,train
CC(C)[C@@H](NC(=O)c1ccc(-c2ccc(CSc3nc4c(c(=O)[nH]3)CCC4)c(F)c2)o1)C(=O)NC1COC1,-5.9342275,-7.6340704,-6.5366282,train
CC(C)[C@H](NC(=O)CNC(=O)[C@H](CO)NC(=O)[C@H](CO)NC(=O)[C@H](CC(=O)O)NC(=O)[C@@H]1CCCN1C(=O)[C@H](CO)NC(=O)[C@H](Cc1c[nH]c2ccccc12)NC(=O)[C@@H](NC(=O)[C@H](Cc1c[nH]c2ccccc12)NC(=O)[C@@H](N)CCCNC(=N)N)C(C)C)C(=O)N[C@@H](C)C(=O)N[C@@H](Cc1ccc(O)cc1)C(=O)N[C@@H](Cc1c[nH]c2ccccc12)C(=O)N[C@H](C(=O)N[C@@H](Cc1c[nH]c2ccccc12)C(=O)N[C@@H](CCC(=O)O)C(=O)O)C(C)C,-7.3450217,-8.752447,-7.7828264,train
CC(C)c1cc(C(=O)N2CCc3nc(OCCCN(C)C)ncc3C2)c(O)cc1O,-5.167532,-4.8945,-4.90569,train
CC(C)c1cc(C(=O)N2CCc3nc(OCCN(C)C)ncc3C2)c(O)cc1O,-5.0471673,-4.7432466,-4.813147,train
CC(C)c1cc(C(=O)N2CCc3nc(OCCN4CCCC4)ncc3C2)c(O)cc1O,-5.0665483,-4.5018325,-4.7945023,train
CC(C)c1cc(C(=O)N2CCc3nc(OCCN4CCCCC4)ncc3C2)c(O)cc1O,-5.1194315,-4.4584165,-4.809749,train
CC(C)c1cc(C(=O)N2CCc3nc(OCCN4CCOCC4)ncc3C2)c(O)cc1O,-5.046664,-4.6349006,-4.86347,train
CC(C)c1cc(C(=O)N2Cc3ccc(CN4CCN(C)CC4)cc3C2)c(O)cc1O,-5.4235415,-4.710123,-5.184684,train
CC(C)c1ccc(/C=C/c2nc(NCCN(C)C)c3cc(Cl)ccc3n2)cc1,-5.980168,-5.6435833,-5.3579416,train
CC(C)c1ccc(/C=C/c2nc(NCCN(C)C)c3cc(F)ccc3n2)cc1,-5.771323,-5.5286593,-5.2674427,train
CC(C)c1ccc(/C=C/c2nc(NCCN(C)C)c3ccccc3n2)cc1,-5.864291,-5.528212,-5.2690353,train
CC(C)c1ccc(CC(=O)N2CCN(c3ccc(C#N)nn3)CC2)cc1,-5.786518,-4.1257267,-4.8448687,train
CC(C)c1ccc(NC(=O)N2CCN(c3ccc(C#N)nn3)CC2)cc1,-6.173635,-4.0716605,-4.9427633,train
CC(C)c1ccc2[nH]c3c(c(=O)c2c1)CCCC3,-4.9867344,-3.8343458,-4.5764303,train
CC(C)c1cccc(-c2c(C(=O)O)c(N(C)C)nc3ccc(Cl)cc23)c1,-5.659916,-5.4618583,-4.994367,train
CC(C)c1cnc(NC(=O)c2cc(Cl)ccc2O)s1,-4.754804,-4.3415246,-4.677964,train
CC(C)c1nc2ccc(Cl)cc2c(-c2ccccc2)c1C(=O)O,-6.077707,-5.467081,-5.0764103,train
CC(C)c1nnc(NC(=O)NC23CC4CC(CC(C4)C2)C3)o1,-7.7211075,-3.7566304,-4.822596,train
CC(C)c1nnc(NC(=O)NC2C3CC4CC(C3)CC2C4)o1,-6.875583,-3.1608207,-4.589132,train
CC(C)c1onc(-c2c(Cl)cncc2Cl)c1COc1ccc(/C=C/c2cccc(C(=O)O)c2)c(Cl)c1,-6.9568524,-5.7907786,-5.7697544,train
CC(CN(C)C)n1c(=O)c2cc(F)ccc2n2c(=S)[nH]nc12,-4.5031657,-3.533747,-4.5576324,train
CC(CNC(=O)c1ccc2[nH]ccc2c1)c1cccc(C(=O)c2ccccc2)c1,-6.864584,-6.0620255,-6.023346,train
CC(Cl)C(=O)Nc1cccc(-c2nc3ccccc3s2)c1,-5.458014,-3.3650258,-4.6483974,train
CC(Cn1ncc2c(Nc3cc(O)ccc3Cl)nc(NCCN)nc21)c1ccccc1,-6.846554,-6.1034365,-6.0517373,train
CC(Cn1ncc2c(Nc3cc(O)ccc3Cl)nc(NCCO)nc21)c1ccccc1,-6.330761,-5.9067297,-5.561306,train
CC(Cn1ncc2c(Nc3cccc(Cl)c3)ncnc21)c1ccccc1,-6.3788486,-5.4092503,-5.1868687,train
CC(Cn1ncc2c(Nc3cccc(O)c3)nc(NCCO)nc21)c1ccccc1,-5.9524283,-5.97121,-5.4770517,train
CC(Cn1ncc2c(Nc3cccc(O)c3)nc(SCCN3CCOCC3)nc21)c1ccccc1,-5.50656,-5.383951,-5.180207,train
CC(N)c1ccc(-c2cnc3c(-c4ccc(S(N)(=O)=O)c5ccccc45)cnn3c2)cc1,-5.5609474,-4.570339,-5.138288,train
CC(Nc1cc(=O)n(C)c2ccc(Nc3ccnc(Cl)c3C#N)cc12)c1ncc(C2CC2)cn1,-6.361945,-5.3010883,-5.2705665,train
CC(Nc1cc(=O)n(C)c2ccc(Nc3ccnc(Cl)c3C#N)cc12)c1ncccn1,-6.532823,-5.2697845,-5.3412685,train
CC(Nc1cc(=O)n(C)c2ccc(Nc3ccnc(Cl)c3C#N)cc12)c1ncn(C)n1,-6.949685,-5.5767336,-5.6326575,train
CC(Nc1cc(=O)n(CC2CCC2)c2ccc(Nc3ccnc(Cl)c3C#N)cc12)c1ncccn1,-6.2963004,-5.023572,-5.2244925,train
CC(O)(COc1ccc(O)cc1)C(=O)Nc1ccc(C#N)c(C(F)(F)F)c1,-4.928981,-5.2059035,-4.7915964,train
CC(O)(COc1ccc(OCCOCCOCCOCCOc2cccc3c2C(=O)N(C2CCC(=O)NC2=O)C3=O)cc1)C(=O)Nc1ccc(C#N)c(C(F)(F)F)c1,-5.7146225,-6.4030223,-5.676348,train
CC(O)(COc1ccc(OCCOCCOCCOCCOc2cccc3c2CN([C@H]2CCC(=O)NC2=O)C3=O)cc1)C(=O)Nc1ccc(C#N)c(C(F)(F)F)c1,-5.662485,-6.3969707,-5.717379,train
CC(O)(CS(=O)(=O)c1ccc(F)cc1)C(=O)Nc1ccc(C#N)c(C(F)(F)F)c1,-4.801484,-4.99331,-4.6162333,train
CC(O)c1ccc2c(NCc3ccc(NC(=O)c4ccc(F)cc4)cc3)nc(N(C)C)nc2c1,-5.61822,-6.3876595,-5.914934,train
CC(Oc1cc(Cl)ccc1Cl)c1nc(N)nc(N2CCN(C)CC2)n1,-5.0724044,-4.6613755,-4.9141555,train
CC(c1ccc(-c2cnc3c(-c4ccc(S(N)(=O)=O)c5ccccc45)cnn3c2)cc1)N1CCCC1,-4.8793464,-3.4343972,-4.7833443,train
CC1(C)C(=O)N(c2ccc(C#N)c(C(F)(F)F)c2)C(=S)N1c1ccc(O)cc1,-5.3737473,-5.505044,-5.2402663,train
CC1(C)C(=O)N(c2ccc(C#N)c(C(F)(F)F)c2)C(=S)N1c1ccc(OCCOCCOCCOCCOC23CC4CC(CC(C4)C2)C3)cc1,-6.5664296,-5.995845,-5.393585,train
CC1(C)C(=O)N(c2ccc(C#N)c(C(F)(F)F)c2)C(=S)N1c1ccc(OCCOCCOCCOCCOc2cccc3c2C(=O)N(C2CCC(=O)NC2=O)C3=O)cc1,-5.7484913,-6.2505107,-5.700293,train
CC1(C)C(=O)N(c2ccc(C#N)c(C(F)(F)F)c2)C(=S)N1c1cccc(S(N)(=O)=O)n1,-5.1971626,-5.2846937,-4.940814,train
CC1(C)C(=O)N(c2ccc(C#N)c(C(F)(F)F)c2)C(=S)N1c1ccccc1,-5.493659,-5.7175746,-5.125363,train
CC1(C)C(=O)N(c2ccc(C#N)c(C(F)(F)F)c2)C(=S)N1c1ccnc(S(N)(=O)=O)c1,-5.34098,-5.375534,-5.042548,train
CC1(C)C(=O)N(c2ccc(C#N)c(Cl)c2)C(=S)N1c1cccc(S(N)(=O)=O)n1,-5.230178,-5.364542,-5.01509,train
CC1(C)C(=O)N(c2ccc(C#N)c(Cl)c2)C(=S)N1c1cncc(S(N)(=O)=O)c1,-5.3406305,-5.5650606,-5.2209435,train
CC1(C)CC(c2c[nH]c3c(C(N)=O)cc(-c4ccccc4)cc23)CCS1(=O)=O,-5.7445107,-6.259445,-5.214414,train
CC1(C)CC2CC(C)(CN2C(=O)c2sc(-c3ccc(S(C)(=O)=O)c([N+](=O)[O-])c3)nc2C(F)(F)F)C1,-5.374153,-4.139456,-4.897634,train
CC1(C)CCC2=C(O1)c1ccccc1C(=O)C2=O,-4.887891,-4.500946,-4.8400946,train
CC1(C)CCc2[nH]c3c(Cl)cccc3c(=O)c2C1,-4.834835,-3.8593078,-4.6216087,train
CC1(C)CCc2[nH]c3ccc(Cl)cc3c(=O)c2C1,-4.7815056,-4.0242777,-4.6880646,train
CC1(C)CCc2[nH]c3cccc(Cl)c3c(=O)c2C1,-4.843031,-4.2101393,-4.7101493,train
CC1(C)CCc2[nH]c3ccccc3c(=O)c2C1,-4.6535616,-4.1256437,-4.5907083,train
CC1(C)CCc2c([nH]c3c(Cl)cccc3c2=O)C1,-4.692306,-3.7927477,-4.5673213,train
CC1(C)CCc2c([nH]c3ccc(Cl)cc3c2=O)C1,-4.666594,-4.0334554,-4.6306825,train
CC1(C)CCc2c([nH]c3cccc(Cl)c3c2=O)C1,-4.74233,-4.234526,-4.665382,train
CC1(C)CCc2c([nH]c3ccccc3c2=O)C1,-4.529027,-4.1428757,-4.534468,train
CC1(C)CCc2c(sc(NC(=O)c3cccc(OCCOCCOCCOCCC(=O)O)c3)c2C(=O)N/N=C/c2ccc(Cl)c(C(F)(F)F)c2)C1,-6.57318,-7.034817,-6.602115,train
CC1(C)CN(c2ccc3c(=O)c4cccc(Cl)c4oc3c2)CC1C(=O)O,-5.59953,-5.6168756,-4.9969664,train
CC1(C)C[C@H](c2c[nH]c3c(C(N)=O)cc(-c4ccc(F)cc4)cc23)CCS1(=O)=O,-5.962648,-6.611156,-5.622256,train
CC1(C)Cc2c(c(C(=O)Nc3cc(C(F)(F)F)ccc3F)cc3nc(Nc4c(F)cccc4Cl)[nH]c23)O1,-6.672699,-6.4121428,-6.167704,train
CC1(C)Cc2c(c(C(=O)Nc3ccc(C(F)(F)F)cn3)cc3nc(Nc4c(Cl)cccc4Cl)[nH]c23)O1,-7.0138345,-6.6302443,-6.599744,train
CC1(C)Cc2c(c(C(=O)Nc3ccc(F)c(C(F)(F)F)c3)cc3nc(Nc4c(F)cccc4Cl)[nH]c23)O1,-6.5844193,-6.63842,-6.2688046,train
CC1(C)Cc2c(c(C(=O)Nc3ccccc3C(F)(F)F)cc3nc(Nc4c(F)cccc4Cl)[nH]c23)O1,-6.740877,-6.727624,-6.4204903,train
CC1(C)Cc2cccc(c2)OCCCC[C@@H](C(=O)NC2CCCC2)NC(=O)[C@H](CCN2CCOCC2)NC1=O,-5.664132,-6.7299323,-5.974552,train
CC1(C)O[C@@H]2[C@@H](CO[C@@]3(COS(N)(=O)=O)OC(C)(C)O[C@@H]23)O1,-5.134171,-6.349737,-5.158284,train
CC1(C)O[C@H]2[C@@H](O1)[C@@H](CNCCCCCCn1c(-c3ccccc3)nc(-c3ccccc3)c1-c1ccccc1)O[C@@H]1OC(C)(C)O[C@@H]12,-5.519253,-5.8518147,-5.786288,train
CC1(C)c2cc(Cl)ccc2C(=O)N1c1cncc(N2CCN(S(C)(=O)=O)CC2)c1,-4.4882746,-5.1155043,-4.5939317,train
CC1(C)c2cccc(C(=O)NO)c2CN1c1ccc(C(F)(F)F)cn1,-4.765346,-5.130732,-4.869892,train
CC1(C)c2cccc(C(=O)NO)c2CN1c1ccc(C(F)(F)F)nc1,-4.742873,-5.252073,-4.8638086,train
CC1(C)c2cccc(C(=O)NO)c2CN1c1cnc(C(F)(F)F)cn1,-4.7940354,-5.180075,-4.886016,train
CC1(C)c2cccc(C(=O)NO)c2CN1c1nc2cc(C(F)(F)F)ccc2o1,-4.8261633,-5.159349,-4.8577795,train
CC1(C)c2cccc(C(=O)NO)c2CN1c1nc2ccc(C(F)(F)F)cc2[nH]1,-5.1055393,-5.911645,-5.4118824,train
CC1(C)c2cccc(C(=O)NO)c2CN1c1nc2ncccc2o1,-4.6597943,-5.5018883,-4.968386,train
CC1(C)c2cccc(C(=O)NO)c2CN1c1ncc(C(F)(F)F)cn1,-4.818201,-5.0345254,-4.8405547,train
CC1(C)c2cccc(C(N)=O)c2CN1c1cnc(C(F)(F)F)cn1,-5.1520243,-4.917105,-4.814767,train
CC1(C2CC(=O)N(CCOc3ccc(F)c(C#N)c3)C2)CCNCC1,-6.4712496,-8.133493,-6.8460073,train
CC1([C@@H]2CC(=O)N(CCOc3ccc(F)c(C#N)c3)C2)CCS(=O)(=O)CC1,-5.3210177,-7.0723586,-5.006534,train
CC1(c2cc(NC(=O)c3ccc(Br)cn3)ccc2F)COCC(N)=N1,-5.444233,-6.4098096,-5.5136075,train
CC1(c2nc(C(=O)NCc3ccc(F)cc3)c(O)c(=O)[nH]2)CCCCN1,-5.1160464,-5.255809,-5.005128,train
CC1=C(C(=O)N(C)c2ccccc2)C(c2ccccc2Cl)N=C(Nc2nc3ccccc3o2)N1,-5.44839,-4.2599134,-5.014203,train
CC1=C(C(=O)N2CCOCC2)C(c2ccccc2Cl)N=C(Nc2nc3ccccc3o2)N1,-4.6323094,-3.363534,-4.6146593,train
CC1=C(C(=O)NCCN(C)C)C(c2ccccc2Cl)N=C(Nc2nc3ccccc3o2)N1,-4.76675,-3.4587898,-4.7270594,train
CC1=C(C(=O)NCc2c(C)nn(C)c2C)C(c2ccc(C)cc2Cl)N=C(Nc2nc3ccc(F)cc3o2)N1,-5.318765,-4.385748,-4.949281,train
CC1=C(C(=O)NCc2c(C)nn(C)c2C)C(c2ccc(C)cc2Cl)N=C(Nc2nc3cccc(N)c3o2)N1,-5.1912227,-4.054134,-4.9337935,train
CC1=C(C(=O)NCc2ccc(C(=O)O)cc2)C(c2ccccc2Cl)N=C(Nc2nc3ccccc3o2)N1,-5.3492513,-5.2941847,-4.9303436,train
CC1=C(C(=O)NCc2ccc(CO)cc2)C(c2ccccc2Cl)N=C(Nc2nc3ccccc3o2)N1,-5.0125065,-3.4260461,-4.7691445,train
CC1=C(C(=O)NCc2cccc(C(=O)O)c2)C(c2ccccc2Cl)N=C(Nc2nc3ccccc3o2)N1,-5.5163608,-5.3383665,-5.0110617,train
CC1=C(C(=O)NCc2cccc(CO)c2)C(c2ccccc2Cl)N=C(Nc2nc3ccccc3o2)N1,-5.1594453,-3.67434,-4.8830943,train
CC1=C(C(=O)NCc2ccccc2CO)C(c2ccccc2Cl)N=C(Nc2nc3ccccc3o2)N1,-4.926781,-3.209353,-4.6830635,train
CC1=C(C(=O)NCc2ccccc2O)C(c2ccccc2Cl)N=C(Nc2nc3ccccc3o2)N1,-5.198255,-4.0670004,-4.845939,train
CC1=C(C(=O)NCc2cccnc2)C(c2ccccc2Cl)N=C(Nc2nc3ccccc3o2)N1,-4.893812,-3.7942166,-4.7892504,train
CC1=C(C(=O)NCc2cn(C)cn2)C(c2ccccc2Cl)N=C(Nc2nc3ccccc3o2)N1,-4.980268,-3.9696097,-4.849113,train
CC1=C(C(=O)NCc2cncn2C)C(c2ccccc2Cl)N=C(Nc2nc3ccccc3o2)N1,-5.0154123,-3.9300232,-4.851014,train
CC1=C(C(=O)NCc2cncs2)C(c2ccccc2Cl)N=C(Nc2nc3ccccc3o2)N1,-5.0911193,-3.8460598,-4.847753,train
CC1=C(C(=O)NCc2cnn(C(C)(C)C)c2)C(c2ccc(C)cc2Cl)N=C(Nc2nc3ccc(F)c(N)c3o2)N1,-4.709434,-3.4994392,-4.6971474,train
CC1=C(C(=O)NCc2cnn(C)c2)C(c2ccc(C)cc2Cl)N=C(Nc2nc3ccc(F)c(C(=O)O)c3o2)N1,-6.0552673,-5.6807723,-5.319828,train
CC1=C(C(=O)NCc2cnn(C)c2)C(c2ccc(C)cc2Cl)N=C(Nc2nc3ccc(F)c(N)c3o2)N1,-4.7410197,-3.6129782,-4.7510037,train
CC1=C(C(=O)NCc2cnn(C)c2)C(c2ccc(C)cc2Cl)N=C(Nc2nc3cccc(N)c3o2)N1,-4.7382817,-3.650761,-4.7609825,train
CC1=C(C(=O)NCc2cnn(C)c2)C(c2ccc(C)cc2Cl)N=C(Nc2nc3cccnc3o2)N1,-4.667702,-3.65061,-4.707359,train
CC1=C(C(=O)NCc2cnn(C)c2)C(c2ccc(C)cc2Cl)N=C(Nc2nc3cnccc3o2)N1,-4.6891317,-3.7527087,-4.7359414,train
CC1=C(C(=O)NCc2cnn(C)c2)C(c2ccc(C)cc2Cl)N=C(Nc2nc3ncccc3o2)N1,-4.665039,-3.7655988,-4.711169,train
CC1=C(C(=O)NCc2cnn(C)c2)C(c2ccc(Cl)cc2Cl)N=C(Nc2nc3ccc(F)c(N)c3o2)N1,-4.8917212,-3.7478447,-4.83051,train
CC1=C(C(=O)NCc2cnn(C)c2)C(c2ccc(Cl)cc2Cl)N=C(Nc2nc3cccc(N)c3o2)N1,-4.8669634,-3.7632804,-4.8308554,train
CC1=C(C(=O)NCc2cnn(C)c2)C(c2ccc(F)cc2Cl)N=C(Nc2nc3cccc(N)c3o2)N1,-4.758311,-3.6935744,-4.7725496,train
CC1=C(C(=O)NCc2cnn(C)c2)C(c2ccccc2Cl)N=C(Nc2nc3ccc(F)cc3o2)N1,-4.91354,-3.911107,-4.8083763,train
CC1=C(C(=O)NCc2cnn(C)c2)C(c2ccccc2Cl)N=C(Nc2nc3ccccc3o2)N1,-4.9039693,-3.7807999,-4.7825184,train
CC1=C(C(=O)NCc2cnn(C)c2)[C@H](c2ccc(C)cc2Cl)N=C(Nc2nc3cccc(N)c3o2)N1,-4.6290064,-3.584696,-4.71882,train
CC1=C(C(=O)NCc2cnn(C)c2C)C(c2ccc(C)cc2Cl)N=C(Nc2nc3ccc(F)cc3o2)N1,-4.9453125,-3.9693713,-4.817161,train
CC1=C(C(=O)NCc2cnn(CC(F)(F)F)c2)C(c2ccc(C)cc2Cl)N=C(Nc2nc3ccc(F)c(N)c3o2)N1,-4.8065166,-3.917257,-4.7780843,train
CC1=C(C(=O)NCc2cnn(Cc3ccccc3)c2)C(c2ccc(C)cc2Cl)N=C(Nc2nc3ccc(F)cc3o2)N1,-5.263101,-4.4527855,-5.027653,train
CC1=C(C(=O)NCc2cnn(Cc3ccccc3)c2)C(c2ccc(C)cc2Cl)N=C(Nc2nc3cccc(N)c3o2)N1,-5.1331887,-4.0967455,-4.996842,train
CC1=C(C(=O)NCc2nc3ccccc3n2C)C(c2ccccc2Cl)N=C(Nc2nc3ccccc3o2)N1,-5.3386025,-4.2203484,-5.003626,train
CC1=C(C(=O)Nc2cc(-c3nn[nH]n3)ccn2)C(c2ccc(C)cc2Cl)N=C(Nc2nc3ccc(F)cc3o2)N1,-5.9484825,-5.900102,-5.5655036,train
CC1=C(C(=O)Nc2cc(-c3nn[nH]n3)ccn2)C(c2ccccc2Cl)N=C(Nc2nc3ccc(F)cc3o2)N1,-6.135623,-5.957943,-5.619003,train
CC1=C(C(=O)Nc2cc(B(O)O)ccn2)C(c2ccc(C)cc2Cl)N=C(Nc2nc3ccc(F)cc3o2)N1,-5.791419,-5.405325,-5.231538,train
CC1=C(C(=O)Nc2cc(C#N)ccn2)C(c2ccccc2Cl)N=C(Nc2nc3ccc(F)cc3o2)N1,-5.9180975,-5.0117373,-5.187251,train
CC1=C(C(=O)Nc2cc(C(=O)O)ccc2Cl)C(c2ccccc2Cl)N=C(Nc2nc3ccc(F)cc3o2)N1,-6.038694,-5.609049,-5.2298193,train
CC1=C(C(=O)Nc2cc(C(=O)O)ccc2F)C(c2ccccc2Cl)N=C(Nc2nc3ccccc3o2)N1,-5.9685583,-5.5582476,-5.1813145,train
CC1=C(C(=O)Nc2cc(C(=O)O)ccn2)C(c2cc(C(=O)O)ccc2Cl)N=C(Nc2nc3ccc(F)cc3o2)N1,-6.7268972,-6.0679874,-5.730532,train
CC1=C(C(=O)Nc2cc(C(=O)O)ccn2)C(c2ccc(-c3ccc(C(F)(F)F)cc3)cc2Cl)N=C(Nc2nc3ccc(F)cc3o2)N1,-6.833354,-5.9015403,-5.5696197,train
CC1=C(C(=O)Nc2cc(C(=O)O)ccn2)C(c2ccc(-c3ccc(C(F)(F)F)nc3)cc2Cl)N=C(Nc2nc3ccc(F)cc3o2)N1,-6.7337694,-5.9648685,-5.589855,train
CC1=C(C(=O)Nc2cc(C(=O)O)ccn2)C(c2ccc(-c3ccc(C)nc3)cc2Cl)N=C(Nc2nc3ccc(F)cc3o2)N1,-6.542719,-5.8376503,-5.589497,train
CC1=C(C(=O)Nc2cc(C(=O)O)ccn2)C(c2ccc(-c3ccccc3)cc2Cl)N=C(Nc2nc3ccc(F)cc3o2)N1,-6.664418,-5.7485423,-5.5411935,train
CC1=C(C(=O)Nc2cc(C(=O)O)ccn2)C(c2ccc(-c3cnc(C)nc3)cc2Cl)N=C(Nc2nc3ccc(F)cc3o2)N1,-6.4168386,-5.983367,-5.6545377,train
CC1=C(C(=O)Nc2cc(C(=O)O)ccn2)C(c2ccc(-n3ccnc3)cc2Cl)N=C(Nc2nc3ccc(F)cc3o2)N1,-6.5426707,-6.007929,-5.750937,train
CC1=C(C(=O)Nc2cc(C(=O)O)ccn2)C(c2ccc(Br)cc2Cl)N=C(Nc2nc3ccc(F)cc3o2)N1,-6.415148,-5.7630887,-5.481214,train
CC1=C(C(=O)Nc2cc(C(=O)O)ccn2)C(c2ccc(C#N)cc2Cl)N=C(Nc2nc3ccc(F)cc3o2)N1,-6.3918834,-5.821117,-5.457618,train
CC1=C(C(=O)Nc2cc(C(=O)O)ccn2)C(c2ccc(C(F)(F)F)cc2Cl)N=C(Nc2nc3ccc(F)cc3o2)N1,-6.607931,-5.8335056,-5.391707,train
CC1=C(C(=O)Nc2cc(C(=O)O)ccn2)C(c2ccc(C)cc2Cl)N=C(Nc2nc3c(o2)CCCC3)N1,-6.2237167,-5.6605473,-5.3616486,train
CC1=C(C(=O)Nc2cc(C(=O)O)ccn2)C(c2ccc(C)cc2Cl)N=C(Nc2nc3ccc(F)cc3o2)N1,-6.2891836,-5.7437487,-5.3994584,train
CC1=C(C(=O)Nc2cc(C(=O)O)ccn2)C(c2ccc(C)cc2Cl)N=C(Nc2nc3cccc(N)c3o2)N1,-6.4438086,-5.7994924,-5.5839753,train
CC1=C(C(=O)Nc2cc(C(=O)O)ccn2)C(c2ccc(C)cc2Cl)N=C(Nc2nc3cnccc3o2)N1,-6.2753463,-5.848927,-5.490868,train
CC1=C(C(=O)Nc2cc(C(=O)O)ccn2)C(c2ccc(C)cc2Cl)N=C(Nc2nc3ncccc3o2)N1,-6.2586827,-5.8497663,-5.4425025,train
CC1=C(C(=O)Nc2cc(C(=O)O)ccn2)C(c2ccc(C)cc2Cl)N=C(Nc2ncc(-c3ccccc3)o2)N1,-6.51383,-5.6320395,-5.419177,train
CC1=C(C(=O)Nc2cc(C(=O)O)ccn2)C(c2ccc(Cl)cc2Cl)N=C(Nc2nc3ccc(F)cc3o2)N1,-6.452945,-5.757111,-5.458408,train
CC1=C(C(=O)Nc2cc(C(=O)O)ccn2)C(c2ccc(F)cc2Cl)N=C(Nc2nc3ccc(F)cc3o2)N1,-6.3571177,-5.7714663,-5.408256,train
CC1=C(C(=O)Nc2cc(C(=O)O)ccn2)C(c2ccc(N3CCCC3)cc2Cl)N=C(Nc2nc3ccc(F)cc3o2)N1,-6.4501677,-5.887741,-5.5512934,train
CC1=C(C(=O)Nc2cc(C(=O)O)ccn2)C(c2ccc(N3CCCCC3)cc2Cl)N=C(Nc2nc3ccc(F)cc3o2)N1,-6.469116,-5.813563,-5.540587,train
CC1=C(C(=O)Nc2cc(C(=O)O)ccn2)C(c2ccc(N3CCOCC3)cc2Cl)N=C(Nc2nc3ccc(F)cc3o2)N1,-6.0335245,-5.835418,-5.476096,train
CC1=C(C(=O)Nc2cc(C(=O)O)ccn2)C(c2cccc(C(F)(F)F)c2)N=C(Nc2nc3ccc(F)cc3o2)N1,-6.52513,-5.811387,-5.357439,train
CC1=C(C(=O)Nc2cc(C(=O)O)ccn2)C(c2cccc(C(F)(F)F)c2Cl)N=C(Nc2nc3ccc(F)cc3o2)N1,-6.495838,-5.8561077,-5.399143,train
CC1=C(C(=O)Nc2cc(C(=O)O)ccn2)C(c2cccc(Cl)c2Cl)N=C(Nc2nc3ccc(F)cc3o2)N1,-6.3399057,-5.7629447,-5.4502764,train
CC1=C(C(=O)Nc2cc(C(=O)O)ccn2)C(c2cccc(F)c2Cl)N=C(Nc2nc3ccc(F)cc3o2)N1,-6.3213816,-5.744126,-5.3918324,train
CC1=C(C(=O)Nc2cc(C(=O)O)ccn2)C(c2cccc(N)c2Cl)N=C(Nc2nc3ccc(F)cc3o2)N1,-6.290448,-5.774502,-5.39564,train
CC1=C(C(=O)Nc2cc(C(=O)O)ccn2)C(c2cccc(S(N)(=O)=O)c2)N=C(Nc2nc3ccc(F)cc3o2)N1,-6.5847154,-6.0425367,-5.652686,train
CC1=C(C(=O)Nc2cc(C(=O)O)ccn2)C(c2ccccc2Br)N=C(Nc2nc3ccc(F)cc3o2)N1,-6.350864,-5.759635,-5.42575,train
CC1=C(C(=O)Nc2cc(C(=O)O)ccn2)C(c2ccccc2Cl)N=C(Nc2nc3c(N)cccc3o2)N1,-6.6099997,-5.7637854,-5.574919,train
CC1=C(C(=O)Nc2cc(C(=O)O)ccn2)C(c2ccccc2Cl)N=C(Nc2nc3cc(C)ccc3o2)N1,-6.4519596,-5.7028093,-5.413743,train
CC1=C(C(=O)Nc2cc(C(=O)O)ccn2)C(c2ccccc2Cl)N=C(Nc2nc3cc(Cl)ccc3o2)N1,-6.6288486,-5.7216353,-5.480728,train
CC1=C(C(=O)Nc2cc(C(=O)O)ccn2)C(c2ccccc2Cl)N=C(Nc2nc3cc(N)ccc3o2)N1,-6.539721,-5.7283154,-5.538256,train
CC1=C(C(=O)Nc2cc(C(=O)O)ccn2)C(c2ccccc2Cl)N=C(Nc2nc3ccc(C)cc3o2)N1,-6.3979435,-5.69249,-5.4057584,train
CC1=C(C(=O)Nc2cc(C(=O)O)ccn2)C(c2ccccc2Cl)N=C(Nc2nc3ccc(F)cc3o2)N1,-6.467815,-5.7440934,-5.4392657,train
CC1=C(C(=O)Nc2cc(C(=O)O)ccn2)C(c2ccccc2Cl)N=C(Nc2nc3cccc(C(F)(F)F)c3o2)N1,-6.7070675,-5.8626943,-5.440924,train
CC1=C(C(=O)Nc2cc(C(=O)O)ccn2)C(c2ccccc2Cl)N=C(Nc2nc3cccc(C)c3o2)N1,-6.4495754,-5.721967,-5.4263096,train
CC1=C(C(=O)Nc2cc(C(=O)O)ccn2)C(c2ccccc2Cl)N=C(Nc2nc3cccc(Cl)c3o2)N1,-6.65366,-5.7318406,-5.479198,train
CC1=C(C(=O)Nc2cc(C(=O)O)ccn2)C(c2ccccc2Cl)N=C(Nc2nc3cccc(F)c3o2)N1,-6.502351,-5.75518,-5.4473124,train
CC1=C(C(=O)Nc2cc(C(=O)O)ccn2)C(c2ccccc2Cl)N=C(Nc2nc3cccc(N)c3o2)N1,-6.604598,-5.7886467,-5.603863,train
CC1=C(C(=O)Nc2cc(C(=O)O)ccn2)C(c2ccccc2Cl)N=C(Nc2nc3ccccc3o2)N1,-6.546082,-5.7209377,-5.4340544,train
CC1=C(C(=O)Nc2cc(C(=O)O)ccn2)[C@@H](c2ccc(C)cc2Cl)N=C(Nc2nc3ccc(F)cc3o2)N1,-6.2472816,-5.748725,-5.4320374,train
CC1=C(C(=O)Nc2cc(C(=O)O)ccn2)[C@@H](c2ccc(C)cc2Cl)N=C(Nc2nc3cccc(N)c3o2)N1,-6.386815,-5.8054447,-5.594364,train
CC1=C(C(=O)Nc2cc(C(=O)O)ccn2)[C@@H](c2ccccc2Cl)N=C(Nc2nc3ccc(F)cc3o2)N1,-6.4356794,-5.744293,-5.4715147,train
CC1=C(C(=O)Nc2cc(C(=O)O)ccn2)[C@@H](c2ccccc2Cl)N=C(Nc2nc3cccc(N)c3o2)N1,-6.5441546,-5.791992,-5.616205,train
CC1=C(C(=O)Nc2cc(C(=O)O)ccn2)[C@@H](c2ccccc2Cl)N=C(Nc2nc3ccccc3o2)N1,-6.5065427,-5.719475,-5.46793,train
CC1=C(C(=O)Nc2cc(C(=O)O)ccn2)[C@H](c2ccc(C)cc2Cl)N=C(Nc2nc3ccc(F)cc3o2)N1,-6.259014,-5.8193254,-5.3846903,train
CC1=C(C(=O)Nc2cc(C(=O)O)ccn2)[C@H](c2ccc(C)cc2Cl)N=C(Nc2nc3cccc(N)c3o2)N1,-6.4741793,-5.9243784,-5.6250772,train
CC1=C(C(=O)Nc2cc(C(=O)O)ccn2)[C@H](c2ccccc2Cl)N=C(Nc2nc3ccc(F)cc3o2)N1,-6.495238,-5.8398805,-5.4461956,train
CC1=C(C(=O)Nc2cc(C(=O)O)ccn2)[C@H](c2ccccc2Cl)N=C(Nc2nc3ccccc3o2)N1,-6.5853715,-5.8145285,-5.444457,train
CC1=C(C(=O)Nc2cc(C(N)=O)ccn2)C(c2ccccc2Cl)N=C(Nc2nc3ccc(F)cc3o2)N1,-6.2548866,-5.1270804,-5.457802,train
CC1=C(C(=O)Nc2cc(C(N)=O)ccn2)C(c2ccccc2Cl)N=C(Nc2nc3ccccc3o2)N1,-6.3038936,-5.064049,-5.4398737,train
CC1=C(C(=O)Nc2cc(CO)ccn2)C(c2ccccc2Cl)N=C(Nc2nc3ccc(F)cc3o2)N1,-5.4591756,-4.23427,-5.0330324,train
CC1=C(C(=O)Nc2cc(CO)ccn2)C(c2ccccc2Cl)N=C(Nc2nc3ccccc3o2)N1,-5.477774,-4.128434,-5.011466,train
CC1=C(C(=O)Nc2cc(N(C)C)ccn2)C(c2ccc(C)cc2Cl)N=C(Nc2nc3ccc(F)cc3o2)N1,-5.352168,-4.373295,-5.0425143,train
CC1=C(C(=O)Nc2cc(N(C)C)ccn2)C(c2ccc(C)cc2Cl)N=C(Nc2nc3cccc(N)c3o2)N1,-5.217993,-4.062862,-5.0041165,train
CC1=C(C(=O)Nc2ccc(-c3cc[nH]n3)cc2)C(c2ccccc2Cl)N=C(Nc2nc3ccccc3o2)N1,-5.9129925,-5.009744,-5.28079,train
CC1=C(C(=O)Nc2ccc(-c3nnc[nH]3)cc2)C(c2ccccc2Cl)N=C(Nc2nc3ccccc3o2)N1,-6.5089436,-5.580781,-5.6631503,train
CC1=C(C(=O)Nc2ccc(-n3cccn3)cc2)C(c2ccccc2Cl)N=C(Nc2nc3ccccc3o2)N1,-5.8845167,-4.9858007,-5.2526894,train
CC1=C(C(=O)Nc2ccc(Br)cc2)C(c2ccccc2Cl)N=C(Nc2nc3ccccc3o2)N1,-5.9075522,-4.943911,-5.2906957,train
CC1=C(C(=O)Nc2ccc(C#N)cc2)C(c2ccccc2Cl)N=C(Nc2nc3ccccc3o2)N1,-5.7997446,-4.8467298,-5.151661,train
CC1=C(C(=O)Nc2ccc(C#N)cn2)C(c2ccccc2Cl)N=C(Nc2nc3ccc(F)cc3o2)N1,-5.6235743,-4.7019963,-5.08228,train
CC1=C(C(=O)Nc2ccc(C(=O)O)cc2)C(c2ccccc2Cl)N=C(Nc2nc3ccccc3o2)N1,-6.0611596,-5.628519,-5.2432213,train
CC1=C(C(=O)Nc2ccc(C(=O)O)cn2)C(c2ccccc2Cl)N=C(Nc2nc3ccc(F)cc3o2)N1,-5.9381294,-5.6600657,-5.1897554,train
CC1=C(C(=O)Nc2ccc(C(=O)O)nc2)C(c2ccccc2Cl)N=C(Nc2nc3ccccc3o2)N1,-6.332572,-5.566006,-5.2598515,train
CC1=C(C(=O)Nc2ccc(C(N)=O)cc2)C(c2ccccc2Cl)N=C(Nc2nc3ccccc3o2)N1,-6.2559624,-5.1993475,-5.4770823,train
CC1=C(C(=O)Nc2ccc(CO)nc2)C(c2ccccc2Cl)N=C(Nc2nc3ccccc3o2)N1,-5.3024416,-3.9975042,-4.9462786,train
CC1=C(C(=O)Nc2ccc(N3CCNCC3)cc2)C(c2ccccc2Cl)N=C(Nc2nc3ccccc3o2)N1,-5.7775455,-4.277459,-5.205316,train
CC1=C(C(=O)Nc2ccc([N+](=O)[O-])cc2)C(c2ccccc2Cl)N=C(Nc2nc3ccccc3o2)N1,-5.6231055,-4.570534,-5.1968274,train
CC1=C(C(=O)Nc2ccc3sc(C)nc3c2)C(c2ccccc2Cl)N=C(Nc2nc3ccccc3o2)N1,-5.8199825,-4.852128,-5.1349277,train
CC1=C(C(=O)Nc2cccc(-c3cn[nH]c3)c2)C(c2ccccc2Cl)N=C(Nc2nc3ccccc3o2)N1,-5.557643,-5.0128427,-5.271762,train
CC1=C(C(=O)Nc2cccc(Br)c2)C(c2ccccc2Cl)N=C(Nc2nc3ccccc3o2)N1,-5.671467,-4.7223454,-5.144378,train
CC1=C(C(=O)Nc2cccc(C(=O)O)n2)C(c2ccccc2Cl)N=C(Nc2nc3ccccc3o2)N1,-6.472498,-5.603501,-5.2532887,train
CC1=C(C(=O)Nc2cccc(CN)c2)C(c2ccccc2Cl)N=C(Nc2nc3ccccc3o2)N1,-5.9221764,-4.78915,-5.363279,train
CC1=C(C(=O)Nc2cccc(Cl)c2)C(c2ccccc2Cl)N=C(Nc2nc3ccccc3o2)N1,-5.8200436,-4.7862806,-5.180108,train
CC1=C(C(=O)Nc2ccccc2)C(c2ccccc2Cl)N=C(Nc2nc3ccccc3o2)N1,-5.553188,-4.5042963,-5.0819917,train
CC1=C(C(=O)Nc2ccccc2CO)C(c2ccccc2Cl)N=C(Nc2nc3ccccc3o2)N1,-5.2956047,-3.7067826,-4.8543215,train
CC1=C(C(=O)Nc2ccccc2Cl)C(c2ccccc2Cl)N=C(Nc2nc3ccccc3o2)N1,-5.8408494,-4.550133,-5.11642,train
CC1=C(C(=O)Nc2ccccc2O)C(c2ccccc2Cl)N=C(Nc2nc3ccccc3o2)N1,-5.6530943,-4.8072953,-5.077306,train
CC1=C(C(=O)Nc2ccccn2)C(c2ccccc2Cl)N=C(Nc2nc3ccc(F)cc3o2)N1,-5.359218,-4.354144,-4.9942293,train
CC1=C(C(=O)Nc2ccccn2)C(c2ccccc2Cl)N=C(Nc2nc3cccc(N)c3o2)N1,-5.221725,-4.0390778,-4.9651423,train
CC1=C(C(=O)Nc2ccccn2)C(c2ccccc2Cl)N=C(Nc2nc3ccccc3o2)N1,-5.3669596,-4.230877,-4.9709826,train
CC1=C(C(=O)Nc2cccnc2)C(c2ccccc2Cl)N=C(Nc2nc3ccccc3o2)N1,-5.322803,-4.391981,-5.0115213,train
CC1=C(C(=O)Nc2nc(CO)cs2)C(c2ccccc2Cl)N=C(Nc2nc3ccccc3o2)N1,-5.386536,-4.158175,-4.9911947,train
CC1=C(C(=O)Nc2ncc(C(=O)O)s2)C(c2ccccc2Cl)N=C(Nc2nc3ccccc3o2)N1,-6.499665,-5.6767073,-5.490749,train
CC1=C(C(=O)Nc2ncc(CO)s2)C(c2ccccc2Cl)N=C(Nc2nc3ccccc3o2)N1,-5.2904334,-4.20436,-4.977802,train
CC1=C(C(=O)Nc2nnc(-c3cccnc3)s2)C(c2ccccc2Cl)N=C(Nc2nc3cc(C)ccc3o2)N1,-5.94014,-5.535255,-5.3256288,train
CC1=C(C(=O)Nc2nnc(-c3cccnc3)s2)C(c2ccccc2Cl)N=C(Nc2nc3cc(Cl)ccc3o2)N1,-6.214047,-5.6771436,-5.4508944,train
CC1=C(C(=O)Nc2nnc(-c3cccnc3)s2)C(c2ccccc2Cl)N=C(Nc2nc3cc(F)ccc3o2)N1,-6.044061,-5.6620064,-5.373949,train
CC1=C(C(=O)Nc2nnc(-c3cccnc3)s2)C(c2ccccc2Cl)N=C(Nc2nc3cc(N)ccc3o2)N1,-5.9810157,-5.3908834,-5.4147844,train
CC1=C(C(=O)Nc2nnc(-c3cccnc3)s2)C(c2ccccc2Cl)N=C(Nc2nc3ccc(C)cc3o2)N1,-5.9287114,-5.5547857,-5.3308053,train
CC1=C(C(=O)Nc2nnc(-c3cccnc3)s2)C(c2ccccc2Cl)N=C(Nc2nc3ccc(Cl)cc3o2)N1,-6.1729236,-5.700005,-5.446694,train
CC1=C(C(=O)Nc2nnc(-c3cccnc3)s2)C(c2ccccc2Cl)N=C(Nc2nc3ccc(F)cc3o2)N1,-6.0157228,-5.6907773,-5.385388,train
CC1=C(C(=O)Nc2nnc(-c3cccnc3)s2)C(c2ccccc2Cl)N=C(Nc2nc3ccccc3o2)N1,-6.075452,-5.6147923,-5.3779593,train
CC1=C(C(=O)Nc2nnc(C(F)(F)F)s2)C(c2ccccc2Cl)N=C(Nc2nc3ccccc3o2)N1,-6.0196333,-5.2299685,-5.2146616,train
CC1=C(C(=O)Nc2nnc(C)s2)C(c2ccccc2Cl)N=C(Nc2nc3ccccc3o2)N1,-5.5887666,-4.7675304,-5.0881205,train
CC1=C(C(=O)Nc2nncs2)C(c2c(Br)cnn2C)N=C(Nc2nc3ccccc3o2)N1,-5.0860167,-4.0544944,-4.8944974,train
CC1=C(C(=O)Nc2nncs2)C(c2cc(Cl)ccc2Cl)N=C(Nc2nc3ccccc3o2)N1,-5.7055707,-4.7267103,-5.1734023,train
CC1=C(C(=O)Nc2nncs2)C(c2ccc(C)cc2Cl)N=C(Nc2nc3ccccc3o2)N1,-5.378667,-4.5284543,-5.0541735,train
CC1=C(C(=O)Nc2nncs2)C(c2ccc(Cl)cc2Cl)N=C(Nc2nc3ccccc3o2)N1,-5.650937,-4.75079,-5.170708,train
CC1=C(C(=O)Nc2nncs2)C(c2ccccc2Br)N=C(Nc2nc3ccccc3o2)N1,-5.309485,-4.3017726,-5.0304384,train
CC1=C(C(=O)Nc2nncs2)C(c2ccccc2C)N=C(Nc2nc3ccccc3o2)N1,-5.182026,-4.28092,-4.981571,train
CC1=C(C(=O)Nc2nncs2)C(c2cccnc2Br)N=C(Nc2nc3ccccc3o2)N1,-5.1398354,-4.256863,-4.937632,train
CC1=C(C(=O)Nc2nncs2)C(c2n[nH]cc2Br)N=C(Nc2nc3ccccc3o2)N1,-5.2624655,-4.3840017,-5.0146213,train
CC1=C(C(=O)Nc2nncs2)C(c2n[nH]cc2Cl)N=C(Nc2nc3ccccc3o2)N1,-5.324736,-4.5452495,-5.040304,train
CC1=C(C(=O)Nc2nncs2)C(c2nn(C)cc2Br)N=C(Nc2nc3ccccc3o2)N1,-5.0366507,-3.7838397,-4.810844,train
CC1=C(C(=O)Nc2nncs2)C(c2nn(C)cc2Cl)N=C(Nc2nc3ccccc3o2)N1,-5.150597,-3.9250367,-4.8563395,train
CC1=C(C(=O)Nc2nncs2)C2(CCCC2)N=C(Nc2nc3ccccc3o2)N1,-4.8806396,-4.745438,-4.90587,train
CC1=C(C(=O)Nc2nncs2)C2(CCOC2)N=C(Nc2nc3ccccc3o2)N1,-4.6799545,-4.1913233,-4.78682,train
CC1=C(C(=O)Nc2nncs2)C2(CCSCC2)N=C(Nc2nc3ccccc3o2)N1,-4.7248583,-3.7629395,-4.7401166,train
CC1=C(C(=O)Nc2nncs2)C2(Cc3ccccc32)N=C(Nc2nc3ccccc3o2)N1,-5.0902357,-4.0642004,-4.9251723,train
CC1=C(O)C(=O)C=C2C1=CC=C1[C@@]2(C)CC[C@@]2(C)[C@@H]3C[C@](C)(C(=O)NCCCn4ccnc4)CC[C@]3(C)CC[C@]12C,-5.966058,-5.024143,-5.8865843,train
CC1=C(O)C(=O)C=C2C1=CC=C1[C@@]2(C)CC[C@@]2(C)[C@@H]3C[C@](C)(C(=O)NCCN(C)C)CC[C@]3(C)CC[C@]12C,-5.835743,-4.871759,-5.847759,train
CC1=C(O)C(=O)C=C2C1=CC=C1[C@@]2(C)CC[C@@]2(C)[C@@H]3C[C@](C)(C(=O)NCCN4CCCC4)CC[C@]3(C)CC[C@]12C,-5.950953,-4.875453,-5.923657,train
CC1=C(O)C(=O)C=C2C1=CC=C1[C@@]2(C)CC[C@@]2(C)[C@@H]3C[C@](C)(C(=O)NCCN4CCCCC4)CC[C@]3(C)CC[C@]12C,-5.9242067,-4.8142653,-5.916966,train
CC1=C(O)C(=O)C=C2C1=CC=C1[C@@]2(C)CC[C@@]2(C)[C@@H]3C[C@](C)(C(=O)NCCN4CCOCC4)CC[C@]3(C)CC[C@]12C,-5.941585,-4.845691,-5.9139466,train
CC1=C(O)C(=O)C=C2C1=CC=C1[C@@]2(C)CC[C@@]2(C)[C@@H]3C[C@](C)(C(=O)O)CC[C@]3(C)CC[C@]12C,-5.9237785,-5.012146,-5.8079576,train
CC1=C(O)CC(Cc2ccccc2)C1=O,-4.701771,-5.8572288,-4.768011,train
CC1=C(S(C)(=O)=O)C(c2ccccc2Cl)N=C(Nc2nc3ccccc3o2)N1,-5.922409,-4.345891,-4.6433764,train
CC1=C(c2nc(C)no2)N2C(=O)[C@@H](NC(=O)COc3ccccc3)[C@H]2SC1,-4.897503,-4.5154586,-4.752828,train
CC1=C[C@@H]2Cc3nc4cc(Cl)ccc4c(NCCCCCCCCCC#N)c3[C@H](C1)C2,-5.774637,-5.1329203,-5.1389008,train
CC1=C[C@@H]2Cc3nc4cc(Cl)ccc4c(NCCCCCCCCCCC#N)c3[C@H](C1)C2,-5.939352,-5.1674833,-5.1942697,train
CC1=C[C@@H]2Cc3nc4cc(Cl)ccc4c(NCCCCCCCCCCCN)c3[C@H](C1)C2,-5.8824735,-5.2081223,-5.3999,train
CC1=C[C@@H]2Cc3nc4cc(Cl)ccc4c(NCCCCCCCCCCN)c3[C@H](C1)C2,-5.7464952,-5.1958013,-5.3435254,train
CC1=C[C@@H]2Cc3nc4cc(Cl)ccc4c(NCCCCCCCCCN)c3[C@H](C1)C2,-5.618096,-5.1899333,-5.2934594,train
CC1=C[C@@H]2Cc3nc4cc(Cl)ccc4c(NCCCCCCCCN)c3[C@H](C1)C2,-5.505948,-5.1845775,-5.2479906,train
CC1=C[C@@H]2Cc3nc4cc(Cl)ccc4c(NCCCCCCCN)c3[C@H](C1)C2,-5.4010777,-5.1919293,-5.2073426,train
CC1=C[C@@H]2Cc3nc4cc(Cl)ccc4c(NCCCCCCNC(=N)N)c3[C@H](C1)C2,-5.475341,-5.5279837,-5.4569416,train
CC1=C[C@@H]2Cc3nc4cc(Cl)ccc4c(NCCCN4CCOCC4)c3[C@H](C1)C2,-5.0380793,-4.973637,-4.9341846,train
CC1=C[C@@H]2Cc3nc4cc(Cl)ccc4c(NCc4ccc(C#N)cc4)c3[C@H](C1)C2,-5.0546393,-5.111494,-4.999558,train
CC1=C[C@H]2Cc3nc4cc(Cl)ccc4c(NCCCCCCCCCCCCNc4c5c(nc6cc(Cl)ccc46)C[C@@H]4C=C(C)C[C@H]5C4)c3[C@@H](C1)C2,-5.602504,-5.2856116,-5.452416,train
CC1=C[C@H]2Cc3nc4cc(Cl)ccc4c(NCCCCCCCCNc4c5c(nc6cc(Cl)ccc46)C[C@@H]4C=C(C)C[C@H]5C4)c3[C@@H](C1)C2,-5.382114,-5.0725226,-5.320493,train
CC1=C[C@H]2Cc3nc4cc(Cl)ccc4c(NCCCCCCNc4c5c(nc6cc(Cl)ccc46)C[C@@H]4C=C(C)C[C@H]5C4)c3[C@@H](C1)C2,-5.3253675,-4.970799,-5.281822,train
CC1=C[C@H]2Cc3nc4cc(Cl)ccc4c(NCc4ccc(CNc5c6c(nc7cc(Cl)ccc57)C[C@@H]5C=C(C)C[C@H]6C5)cc4)c3[C@@H](C1)C2,-5.63456,-4.974333,-5.618389,train
CC1CC(O)CCC1NC(=O)NCCCCc1ccccc1,-7.419736,-8.192764,-7.0256386,train
CC1CCC(NC(=O)CCCCCc2ccccc2)CC1,-5.6725826,-6.062837,-5.1124887,train
CC1CCCCC1NC(=O)NCCCCc1ccccc1,-6.166413,-6.0595684,-5.309391,train
CC1CCCCC1NC(=O)NCCCc1nnc(C2CC2)n1-c1ccc(F)cc1,-6.2701397,-7.9591794,-6.6422853,train
CC1CCCCC1NC(=O)NCCOc1nnc(C2CC2)n1-c1ccccc1,-5.830896,-7.6255984,-6.3015404,train
CC1CCCCC1NC(=O)NCCSc1nnc(C2CC2)n1-c1ccccc1,-6.373519,-7.3363037,-6.344221,train
CC1CCCCC1NC(=O)NCCc1nnc(-c2ccccc2)n1C,-7.18763,-7.5185175,-6.787627,train
CC1CCN(C(=O)c2sc(-c3ccc(S(C)(=O)=O)c([N+](=O)[O-])c3)nc2C(F)(F)F)CC1,-5.056445,-3.2862442,-4.655222,train
CC1CN(c2ccncc2NC(=O)c2ccnn3cc(-c4ccccc4)nc23)CCO1,-4.6366496,-4.13917,-4.7165833,train
CC1CN(c2ccncc2NC(=O)c2ccnn3cc(C4CC4)nc23)CCO1,-4.469034,-4.6678634,-4.6462874,train
CC1COc2c(N3CCN(C)CC3)c(F)cc3c2N1CC(C(=O)O)C3=O,-5.2608066,-6.026601,-5.078054,train
CC1Cc2ccccc2N1C(=O)c1sc(-c2ccc(S(C)(=O)=O)c([N+](=O)[O-])c2)nc1C(F)(F)F,-5.4284315,-4.0467386,-4.817775,train
CC1c2ccc(N3CCCC3)cc2Oc2c(Cl)cccc21,-5.828247,-6.057596,-5.0917635,train
CCC(=O)N(c1ccccc1)C1CCN(CCc2ccccc2)CC1,-4.7891726,-4.167271,-4.8268747,train
CCC(=O)N(c1ccccc1)C1CCNCC1,-5.2815733,-5.343957,-5.284547,train
CCC(=O)N1CCCC(c2nc3ncc(Cl)cc3[nH]2)C1,-5.9268274,-5.186834,-4.9857564,train
CCC(=O)N1CCN(C(=O)c2cc(-c3ccc(CN4CCOCC4)cc3)nc3ccc(F)cc23)CC1,-6.0128403,-7.1338596,-6.210421,train
CCC(=O)N1CCN(Cc2cc(-c3ccc(CN4CCOCC4)cc3)nc3ccc(F)cc23)CC1,-5.749386,-7.1376476,-6.022674,train
CCC(=O)N1CCc2c(cnn2-c2cccc(F)c2)C1,-5.3216534,-5.547773,-4.8125286,train
CCC(=O)N[C@@H]1CCCc2c1cncc2N1Cc2cc(Cl)ccc2C1=O,-4.8234744,-5.342743,-4.837506,train
CCC(C)c1ccccc1OC(=O)NC,-5.256488,-4.898859,-4.6474805,train
CCC(CC)c1ccc2c(NCCCNCc3ccc4c(c3)OCO4)ccnc2c1,-4.800663,-4.335571,-4.731397,train
CCC(CC)c1ccc2c(NCCCNCc3cccc(OC)c3O)ccnc2c1,-4.984579,-4.381842,-4.765554,train
CCC(CC)c1ccc2c(NCCCNCc3ccco3)ccnc2c1,-4.8094254,-4.4228096,-4.7613735,train
CCC(Oc1cc(Cl)ccc1Cl)c1nc(N)nc(N2CCN(C)CC2)n1,-5.0072737,-4.7442017,-4.9508777,train
CCCC(C)N1CCC(N(Cc2ccccc2)C(=O)Nc2cccc(C(F)(F)F)c2)CC1,-4.9027395,-2.954558,-4.649873,train
CCCCC#Cc1c(C)[nH]c2ccc(F)cc2c1=O,-4.832757,-3.1364126,-4.489605,train
CCCCC#Cc1c(C)[nH]c2ccc(OC)cc2c1=O,-4.9120483,-3.0785186,-4.470808,train
CCCCC#Cc1c(C)[nH]c2ccccc2c1=O,-4.816059,-3.037245,-4.461668,train
CCCCC(C(=O)OC)N1C(=O)/C(=C/c2ccc(C(=O)N[C@@H](CCCNC(=N)N)C(=O)N[C@@H](CCCCN)C(=O)N[C@@H](CCCC)C(N)=O)cc2)SC1=S,-6.1588564,-6.0588856,-6.1047897,train
CCCCC(NC(=O)c1[nH]c2c(c1C)C(=O)CC(C)(C)C2)C(=O)NC1CCCCC1,-4.9621925,-4.8450594,-4.8780966,train
CCCCC(NC(=O)c1[nH]c2c(c1C)C(=O)CC(C)(C)C2)C(=O)Nc1ccc(C#N)cc1,-4.917939,-5.113554,-4.960774,train
CCCCC(NC(=O)c1[nH]c2c(c1C)C(=O)CC(C)(C)C2)C(=O)Nc1ccc(F)cc1,-4.8333406,-4.982997,-4.901269,train
CCCCC(NC(=O)c1[nH]c2c(c1C)C(=O)CC(C)(C)C2)C(=O)Nc1ccc(S(C)(=O)=O)cc1,-5.11329,-5.31204,-5.0654454,train
CCCCC(NC(=O)c1[nH]c2c(c1C)C(=O)CC(C)(C)C2)C(=O)Nc1cccc(C#N)c1,-4.8898864,-5.0793676,-4.926232,train
CCCCC(NC(=O)c1[nH]c2c(c1C)C(=O)CC(C)(C)C2)C(=O)Nc1ccccc1C#N,-4.904099,-4.9876165,-4.88194,train
CCCCC(NC(=O)c1[nH]c2c(c1C)C(=O)CC(C)(C)C2)C(=O)Nc1ccccc1OC,-4.913185,-4.8865323,-4.869843,train
CCCCC(NC(=O)c1[nH]c2c(c1C)C(=O)CC(C)(C)C2)C(=O)Nc1ccccn1,-4.846615,-5.0699434,-4.913975,train
CCCCC(NC(=O)c1[nH]c2c(c1C)C(=O)CC(C)(C)C2)C(=O)Nc1cccnc1,-4.840589,-5.1539974,-4.948093,train
CCCCC(NC(=O)c1[nH]c2c(c1C)C(=O)CC(C)(C)C2)C(=O)Nc1ccncc1,-4.831209,-5.092228,-4.9336023,train
CCCCC/C=C/c1c(C)[nH]c2cc(OC)c(Cl)cc2c1=O,-5.9123974,-4.240963,-5.091783,train
CCCCCC(=O)N[C@H](C(=O)NCc1ccc(NC(=N)N)cc1)c1ccc(OCc2ccccc2)cc1,-6.270357,-6.0366273,-6.11095,train
CCCCCC(=O)Nc1ccc(C(=O)CCN(C)C)cc1,-5.0171003,-3.5449224,-4.8584633,train
CCCCCCC(=O)N[C@H](C(=O)NCc1ccc(NC(=N)N)cc1)c1ccc(OCc2ccccc2)cc1,-6.2863054,-5.9940104,-6.1184216,train
CCCCCCCCCCCCc1ccc(NC(=O)C(=O)N2C[C@@H](Oc3ccc(/C=C/S(=O)(=O)OCC)cc3)[C@H](Oc3ccc(CCS(=O)(=O)OCC)cc3)C2)cc1,-5.3076005,-5.7120137,-5.346104,train
CCCCCCCCCCCCc1ccc(NC(=O)C(=O)N2C[C@H](Oc3ccc(CCS(=O)(=O)OCC)cc3)[C@H](Oc3ccc(/C=C/S(=O)(=O)OCC)cc3)C2)cc1,-5.2951875,-5.7593036,-5.373209,train
CCCCCCCCCCCCc1cn(-c2nc(N)c3ncn([C@@H]4O[C@H](COS(=O)(=O)NC(=O)c5ccccc5O)[C@@H](O)[C@H]4O)c3n2)nn1.CCN(CC)CC,-6.1516194,-6.8940353,-6.393048,train
CCCCCCCCCCc1ccc(NC(=O)C(=O)N2C[C@@H](Oc3ccc(/C=C/S(=O)(=O)OCC)cc3)[C@H](Oc3ccc(CCS(=O)(=O)OCC)cc3)C2)cc1,-5.1805334,-5.6727486,-5.301009,train
CCCCCCCCCCc1ccc(NC(=O)C(=O)N2C[C@H](Oc3ccc(CCS(=O)(=O)OCC)cc3)[C@H](Oc3ccc(/C=C/S(=O)(=O)OCC)cc3)C2)cc1,-5.1791005,-5.7251096,-5.338112,train
CCCCCCCCN(CCCCCCCCNC(=N)NCC1CC1)C(=O)N(CCCCCCNC(=N)NCC1CC1)CCCCCCNC(=N)NCC1CC1,-8.221859,-6.8357763,-7.1749306,train
CCCCCCCc1c(C)[nH]c2cc(OC)c(Cl)cc2c1=O,-5.7832165,-4.3308783,-5.0040526,train
CCCCCCCc1c(C)nc2cc(OC)ccc2c1O,-5.3444858,-4.140991,-4.6991324,train
CCCCCCCc1ccc(C(=O)CCN(C)C)cc1,-4.9665174,-3.189475,-4.688894,train
CCCCCCCc1cn(-c2nc(N)c3ncn([C@@H]4O[C@H](COS(=O)(=O)NC(=O)c5ccccc5O)[C@@H](O)[C@H]4O)c3n2)nn1.CCN(CC)CC,-6.2236805,-6.906839,-6.298056,train
CCCCCCOC(=O)[C@H](CCC(=O)NCCC1CCN(Cc2ccccc2)CC1)NC(=O)OC(C)(C)C,-5.0109177,-3.9448855,-4.959951,train
CCCCCCOC(=O)[C@H](CCC(=O)NCCC1CCN(Cc2ccccc2)CC1)NC(=O)c1cc2ccccc2s1,-5.8727846,-4.6792965,-5.2011647,train
CCCCCCOC(=O)[C@H](CCC(=O)NCCC1CCN(Cc2ccccc2)CC1)NC(=O)c1cc2cccnc2s1,-5.756775,-4.646868,-5.15204,train
CCCCCCOC(=O)[C@H](CCC(=O)NCCC1CCN(Cc2ccccc2)CC1)NC(=O)c1cc2ccsc2s1,-6.0430574,-4.776073,-5.2232265,train
CCCCCCOC(=O)[C@H](CCC(=O)NCCC1CCN(Cc2ccccc2)CC1)NC(=O)c1ccccc1,-5.574261,-4.7276583,-5.174438,train
CCCCCCOC(=O)[C@H](CCC(=O)NCCC1CCN(Cc2ccccc2)CC1)NC(=O)c1cccs1,-5.5712204,-4.5029545,-5.110485,train
CCCCCCOc1cc(C(C)C)c(C(=O)CCN(C)C)cc1C,-5.008394,-3.0962965,-4.616434,train
CCCCCCOc1cc(C)c(C(=O)CCN(C)C)c(C)c1,-4.9056473,-3.1160202,-4.6385856,train
CCCCCCOc1cc(C)c(C(=O)CCN2CC2C)c(C)c1,-4.9937778,-3.4057033,-4.6836452,train
CCCCCCOc1cc(C)c(C(=O)CCN2CCN(C(C)=O)CC2)c(C)c1,-4.8993573,-3.1310067,-4.675609,train
CCCCCCOc1cc(Cl)c(C(=O)CCN(C)C)c(Cl)c1,-5.4699183,-4.042488,-4.9705267,train
CCCCCCOc1cc(Cl)c(C(=O)CCN(C)C)cc1Cl,-5.292875,-3.4252737,-4.7924395,train
CCCCCCOc1cc(Cl)c(C(=O)CCN2CC2C)c(Cl)c1,-5.601127,-4.386313,-5.012956,train
CCCCCCOc1cc(Cl)c(C(=O)CCN2CC2C)cc1Cl,-5.4123983,-3.7197933,-4.8518643,train
CCCCCCOc1cc(Cl)c(C(=O)CCN2CCNC(=O)C2)c(Cl)c1,-5.280149,-3.7686002,-4.917671,train
CCCCCCOc1cc(Cl)c(C(=O)CCN2CCOCC2)c(Cl)c1,-5.237117,-4.034027,-4.937433,train
CCCCCCOc1cc(Cl)c(C(=O)CCN2CCOCC2)cc1Cl,-5.0396886,-3.4082289,-4.768446,train
CCCCCCOc1ccc(-c2ccc(C(=O)CCN(C)C)cc2)cc1,-4.968087,-3.1618226,-4.724833,train
CCCCCCOc1ccc(C(=O)C(C)CN(C)C)cc1,-4.798005,-2.9159298,-4.562827,train
CCCCCCOc1ccc(C(=O)C(CN(C)C)C(C)C)cc1,-4.812108,-3.0774632,-4.605413,train
CCCCCCOc1ccc(C(=O)C(CN(C)C)c2ccccc2)cc1,-5.0485034,-3.349043,-4.745905,train
CCCCCCOc1ccc(C(=O)CCN(C)C)c(C(F)(F)F)c1,-4.979605,-3.1293643,-4.614792,train
CCCCCCOc1ccc(C(=O)CCN(C)C)c(C)c1,-4.854841,-3.0591815,-4.6348324,train
CCCCCCOc1ccc(C(=O)CCN(C)C)c(Cl)c1,-5.0462785,-3.2624738,-4.707161,train
CCCCCCOc1ccc(C(=O)CCN(C)C)c(I)c1,-4.8634486,-3.1233466,-4.647662,train
CCCCCCOc1ccc(C(=O)CCN(C)C)c(OC)c1,-4.874595,-2.922737,-4.540885,train
CCCCCCOc1ccc(C(=O)CCN(C)C)c(S(C)(=O)=O)c1,-4.8265424,-2.7714677,-4.4933133,train
CCCCCCOc1ccc(C(=O)CCN(C)C)c(SC)c1,-5.3201885,-3.1378639,-4.61217,train
CCCCCCOc1ccc(C(=O)CCN(C)C)c2ccccc12,-4.9937873,-3.1445115,-4.654378,train
CCCCCCOc1ccc(C(=O)CCN(C)C)cc1,-4.8412433,-2.992068,-4.618146,train
CCCCCCOc1ccc(C(=O)CCN(C)C)cc1-c1ccccc1,-5.012855,-3.2133212,-4.716445,train
CCCCCCOc1ccc(C(=O)CCN(C)C)cc1C,-4.841105,-3.1668923,-4.6673856,train
CCCCCCOc1ccc(C(=O)CCN(C)C)cc1C(C)(C)C,-5.240631,-3.2466676,-4.6902466,train
CCCCCCOc1ccc(C(=O)CCN(C)C)cc1C(F)(F)F,-4.945499,-3.1801846,-4.6462097,train
CCCCCCOc1ccc(C(=O)CCN(C)C)cc1Cc1ccccc1,-5.159796,-3.5228815,-4.8512545,train
CCCCCCOc1ccc(C(=O)CCN(C)C)cc1Cl,-4.9664965,-3.1713314,-4.6900444,train
CCCCCCOc1ccc(C(=O)CCN(C)C)cc1F,-4.823,-3.0382037,-4.6220884,train
CCCCCCOc1ccc(C(=O)CCN(C)C)cc1I,-4.774927,-3.0632381,-4.6329174,train
CCCCCCOc1ccc(C(=O)CCN(C)C)cc1OC,-4.8471103,-3.024318,-4.5857816,train
CCCCCCOc1ccc(C(=O)CCN(C)C)cc1S(C)(=O)=O,-4.969545,-3.0225468,-4.5809636,train
CCCCCCOc1ccc(C(=O)CCN(C)C)cc1[N+](=O)[O-],-4.8364563,-3.2518363,-4.743333,train
CCCCCCOc1ccc(C(=O)CCN(CCCC)CCCC)cc1,-4.9971747,-2.8882704,-4.6889133,train
CCCCCCOc1ccc(C(=O)CCN2C(=O)CCC2=O)cc1,-4.7445326,-3.241893,-4.6040115,train
CCCCCCOc1ccc(C(=O)CCN2CC2C)c(Cl)c1,-5.1678276,-3.5704603,-4.765384,train
CCCCCCOc1ccc(C(=O)CCN2CC2C)c(Cl)c1Cl,-5.060718,-3.7934093,-4.8319387,train
CCCCCCOc1ccc(C(=O)CCN2CC2C)cc1,-4.8910065,-3.274862,-4.6525455,train
CCCCCCOc1ccc(C(=O)CCN2CCCC2)cc1,-4.902301,-2.9812896,-4.6175694,train
CCCCCCOc1ccc(C(=O)CCN2CCCCC2)cc1,-4.9745026,-3.0229588,-4.640454,train
CCCCCCOc1ccc(C(=O)CCN2CCN(C)CC2)cc1,-4.8612976,-3.302241,-4.737398,train
CCCCCCOc1ccc(C(=O)CCN2CCN(S(=O)(=O)CC)CC2)c(Cl)c1Cl,-5.2087116,-4.5410795,-4.830762,train
CCCCCCOc1ccc(C(=O)CCN2CCOCC2)c(Cl)c1Cl,-4.814435,-3.5200777,-4.761848,train
CCCCCCOc1ccc(C(=O)CCN2CCOCC2)cc1,-4.6516285,-3.00853,-4.5797524,train
CCCCCCOc1ccc(C(=O)CCNc2ccccc2)cc1,-5.7470355,-4.0986323,-4.9598484,train
CCCCCCOc1ccc(C(=O)CCn2ccnc2)cc1,-4.882796,-3.4131036,-4.6930814,train
CCCCCCOc1ccc2c(c1)CC(CN(C)C)C2=O,-4.868849,-3.4484415,-4.6669374,train
CCCCCCOc1ccc2c(c1)CCC(CN(C)C)C2=O,-4.949291,-3.3727176,-4.6529117,train
CCCCCCOc1ccc2c(c1)OCC(CN(C)C)C2=O,-4.834403,-3.5122802,-4.6094174,train
CCCCCCOc1ccc2cc(C(=O)CCN(C)C)ccc2c1,-4.9640703,-3.1363842,-4.6771383,train
CCCCCCS(=O)(=O)c1cc(C)c(C(=O)CCN(C)C)c(C)c1,-4.7330923,-2.797224,-4.535713,train
CCCCCCS(=O)(=O)c1cc(C)c(C(=O)CCN2CC2C)c(C)c1,-4.77841,-3.0158331,-4.5560393,train
CCCCCCS(=O)(=O)c1cc(C)c(C(=O)CCN2CCN(C(C)=O)CC2)c(C)c1,-4.7745047,-2.8709047,-4.592257,train
CCCCCCS(=O)(=O)c1cc(C)c(C(=O)CCN2CCN(S(=O)(=O)CC)CC2)c(C)c1,-4.9362354,-3.613536,-4.6624613,train
CCCCCCS(=O)(=O)c1cc(C)c(C(=O)CCN2CCNC(=O)C2)c(C)c1,-4.737326,-2.7990415,-4.5660768,train
CCCCCCS(=O)(=O)c1cc(C)c(C(=O)CCN2CCOCC2)c(C)c1,-4.662185,-2.8994083,-4.552396,train
CCCCCCS(=O)(=O)c1cc(Cl)c(C(=O)CCN(C)C)c(Cl)c1,-4.958979,-3.297187,-4.7050133,train
CCCCCCS(=O)(=O)c1cc(Cl)c(C(=O)CCN(C)C)cc1Cl,-5.1248083,-3.2328913,-4.711443,train
CCCCCCS(=O)(=O)c1cc(Cl)c(C(=O)CCN2CC2C)c(Cl)c1,-5.0344567,-3.578248,-4.747715,train
CCCCCCS(=O)(=O)c1cc(Cl)c(C(=O)CCN2CC2C)cc1Cl,-5.2105184,-3.5046134,-4.7625785,train
CCCCCCS(=O)(=O)c1cc(Cl)c(C(=O)CCN2CCN(C(C)=O)CC2)c(Cl)c1,-4.954455,-3.295744,-4.742412,train
CCCCCCS(=O)(=O)c1cc(Cl)c(C(=O)CCN2CCN(C(C)=O)CC2)cc1Cl,-5.1387115,-3.2442732,-4.760098,train
CCCCCCS(=O)(=O)c1cc(Cl)c(C(=O)CCN2CCNC(=O)C2)c(Cl)c1,-4.884152,-3.1912093,-4.700548,train
CCCCCCS(=O)(=O)c1cc(Cl)c(C(=O)CCN2CCNC(=O)C2)cc1Cl,-5.013014,-3.0915785,-4.7070937,train
CCCCCCS(=O)(=O)c1cc(Cl)c(C(=O)CCN2CCOCC2)c(Cl)c1,-4.8192053,-3.3554525,-4.7012005,train
CCCCCCS(=O)(=O)c1ccc(C(=O)CCN(C)C)c(Cl)c1,-4.9337053,-3.0240543,-4.619796,train
CCCCCCS(=O)(=O)c1ccc(C(=O)CCN(C)C)c(Cl)c1Cl,-4.79931,-3.111839,-4.667669,train
CCCCCCS(=O)(=O)c1ccc(C(=O)CCN(C)C)cc1,-4.827183,-2.9123878,-4.584648,train
CCCCCCS(=O)(=O)c1ccc(C(=O)CCN2CC2C)c(Cl)c1,-5.0025706,-3.2734797,-4.658281,train
CCCCCCS(=O)(=O)c1ccc(C(=O)CCN2CC2C)c(Cl)c1Cl,-4.8559957,-3.3510365,-4.6925488,train
CCCCCCS(=O)(=O)c1ccc(C(=O)CCN2CCN(C(C)=O)CC2)c(Cl)c1,-4.9415536,-3.0545378,-4.6693835,train
CCCCCCS(=O)(=O)c1ccc(C(=O)CCN2CCN(C(C)=O)CC2)c(Cl)c1Cl,-4.824661,-3.1625483,-4.714233,train
CCCCCCS(=O)(=O)c1ccc(C(=O)CCN2CCN(S(=O)(=O)CC)CC2)c(Cl)c1,-5.289175,-3.9694774,-4.744849,train
CCCCCCS(=O)(=O)c1ccc(C(=O)CCN2CCN(S(=O)(=O)CC)CC2)c(Cl)c1Cl,-5.0451746,-4.003372,-4.7832923,train
CCCCCCS(=O)(=O)c1ccc(C(=O)CCN2CCNC(=O)C2)c(Cl)c1,-4.8725247,-2.9557452,-4.634096,train
CCCCCCS(=O)(=O)c1ccc(C(=O)CCN2CCNC(=O)C2)c(Cl)c1Cl,-4.778193,-3.0825806,-4.68189,train
CCCCCCS(=O)(=O)c1ccc(C(=O)CCN2CCOCC2)c(Cl)c1,-4.7767005,-3.068419,-4.6204653,train
CCCCCCS(=O)(=O)c1ccc(C(=O)CCN2CCOCC2)c(Cl)c1Cl,-4.703323,-3.194378,-4.669385,train
CCCCCCSc1cc(Cl)c(C(=O)CCN(C)C)c(Cl)c1,-5.354373,-3.6166778,-4.8352804,train
CCCCCCSc1cc(Cl)c(C(=O)CCN(C)C)cc1Cl,-5.5343575,-3.3720853,-4.774236,train
CCCCCCSc1cc(Cl)c(C(=O)CCN2CC2C)c(Cl)c1,-5.4755273,-3.9167323,-4.885791,train
CCCCCCSc1cc(Cl)c(C(=O)CCN2CC2C)cc1Cl,-5.6535783,-3.6671042,-4.830578,train
CCCCCCSc1cc(Cl)c(C(=O)CCN2CCN(C(C)=O)CC2)c(Cl)c1,-5.2864256,-3.509098,-4.837553,train
CCCCCCSc1cc(Cl)c(C(=O)CCN2CCN(C(C)=O)CC2)cc1Cl,-5.4674363,-3.2783878,-4.787469,train
CCCCCCSc1cc(Cl)c(C(=O)CCN2CCN(S(=O)(=O)CC)CC2)c(Cl)c1,-5.674907,-4.4876127,-4.895593,train
CCCCCCSc1cc(Cl)c(C(=O)CCN2CCN(S(=O)(=O)CC)CC2)cc1Cl,-5.9017963,-4.225251,-4.8683534,train
CCCCCCSc1cc(Cl)c(C(=O)CCN2CCNC(=O)C2)cc1Cl,-5.3014407,-3.0912652,-4.718717,train
CCCCCCSc1ccc(C(=O)CCN(C)C)c(Cl)c1,-5.1169305,-3.0242798,-4.6355968,train
CCCCCCSc1ccc(C(=O)CCN(C)C)c(Cl)c1Cl,-4.9717035,-3.164705,-4.6749153,train
CCCCCCSc1ccc(C(=O)CCN(C)C)cc1,-4.9230084,-2.7492607,-4.5483985,train
CCCCCCSc1ccc(C(=O)CCN2CC2C)c(Cl)c1Cl,-5.069405,-3.4555573,-4.725778,train
CCCCCCSc1ccc(C(=O)CCN2CCN(C(C)=O)CC2)c(Cl)c1,-5.062398,-2.951274,-4.647348,train
CCCCCCSc1ccc(C(=O)CCN2CCN(C(C)=O)CC2)c(Cl)c1Cl,-4.9300585,-3.11984,-4.6889734,train
CCCCCCSc1ccc(C(=O)CCN2CCN(S(=O)(=O)CC)CC2)c(Cl)c1,-5.441241,-3.8543131,-4.734804,train
CCCCCCSc1ccc(C(=O)CCN2CCN(S(=O)(=O)CC)CC2)c(Cl)c1Cl,-5.226324,-4.009081,-4.7558327,train
CCCCCCSc1ccc(C(=O)CCN2CCNC(=O)C2)c(Cl)c1,-4.959764,-2.8159482,-4.597827,train
CCCCCCSc1ccc(C(=O)CCN2CCNC(=O)C2)c(Cl)c1Cl,-4.85511,-3.0078468,-4.646385,train
CCCCCCSc1ccc(C(=O)CCN2CCOCC2)c(Cl)c1,-4.9088078,-3.0254421,-4.6187916,train
CCCCCCc1ccc(C(=O)CCBr)cc1,-4.8394613,-3.310976,-4.5901976,train
CCCCCCc1ccc(C(=O)CCCBr)cc1,-5.0418544,-3.4546783,-4.6634345,train
CCCCCCc1ccc(C(=O)CCN(C)C)cc1,-4.8131323,-3.0914285,-4.631031,train
CCCCCCc1ccc(C(=O)CCN(C)CCO)cc1,-4.808703,-2.9920096,-4.5885534,train
CCCCCCc1ccc(C(=O)CCN(C)Cc2ccco2)cc1,-4.8119435,-3.177736,-4.633344,train
CCCCCCc1ccc(C(=O)CCN(CCCC)CCCC)cc1,-4.9664254,-2.9869757,-4.6990633,train
CCCCCCc1ccc(C(=O)CCN2CCC(C(=O)OC)CC2)cc1,-4.8136377,-3.126106,-4.62401,train
CCCCCCc1ccc(C(=O)CCNCCC)cc1,-5.035776,-3.2551577,-4.6628313,train
CCCCCCc1ccc(C(=O)CCl)cc1,-4.985812,-3.6689248,-4.657956,train
CCCCCCc1ccc(C(=O)CF)cc1,-4.8658423,-3.6222873,-4.618768,train
CCCCCCc1ccc(NC(=O)/C=C\C(=O)O)cc1,-5.1536803,-4.6431923,-4.773022,train
CCCCCCc1ccc(NC(=O)C=C(C)C)cc1,-4.89848,-3.4050653,-4.691538,train
CCCCCCc1ccc(NC(=O)CCC(=O)O)cc1,-5.241173,-4.715789,-4.9158273,train
CCCCCCc1nc(C(C)(C)C)ncc1C(=O)N(CC(C)C)[C@@H]1CNC[C@H](C(=O)N2CCOCC2)C1,-5.911581,-6.2150283,-5.915381,train
CCCCCN1CCC(N(Cc2ccccc2)C(=O)Nc2cccc(C(F)(F)F)c2)CC1,-4.9023814,-2.8141487,-4.6501393,train
CCCCCNc1ccc2ncc(-c3ccc(C(=O)NC[C@@H]4C[C@@H](F)CN4)c(F)c3)n2n1,-5.2240577,-3.7859087,-4.889777,train
CCCCCS(=O)(=O)Nc1ccc(C(=O)CCN(C)C)cc1,-4.962004,-3.7012815,-4.889432,train
CCCCCc1cn(-c2nc(N)c3ncn([C@@H]4O[C@H](COS(=O)(=O)NC(=O)c5ccccc5O)[C@@H](O)[C@H]4O)c3n2)nn1.CCN(CC)CC,-6.300805,-6.98641,-6.3299227,train
CCCCN(C(=O)Nc1cccc(C(F)(F)F)c1)C1CCN(CCC)CC1,-4.836052,-2.698457,-4.605786,train
CCCCN(CCCC)C[C@@H]1[C@H]2COC3(CC=C(C)C)C(=O)[C@@H]1C=C1C(=O)c4c(O)cc(O)c(CC=C(C)C)c4O[C@]123,-4.996908,-4.9558935,-5.1774855,train
CCCCN(CCCC)C[C@@H]1[C@H]2COC3(CC=C(C)C)C(=O)[C@@H]1C=C1C(=O)c4c(O)cc5c(c4O[C@]123)C=CC(C)(C)O5,-4.9851017,-4.7742777,-5.1633506,train
CCCCN(CCCC)C[C@@H]1[C@H]2COC3(CC=C(C)C)C(=O)[C@@H]1C=C1C(=O)c4c(O)cccc4O[C@]123,-4.678273,-4.2716284,-4.86817,train
CCCCN(CCCC)C[C@@H]1[C@H]2COC3(CC=C(C)C)C(=O)[C@@H]1C=C1C(=O)c4c(cc(O)c(CC=C(C)C)c4O)O[C@]123,-4.9626665,-4.94889,-5.1381216,train
CCCCN1CCC(N(Cc2ccc3c(c2)OCO3)C(=O)Nc2cccc(C(F)(F)F)c2)CC1,-4.740282,-2.6734104,-4.5471954,train
CCCCN1CCC(N(Cc2ccccc2)C(=O)Nc2cccc(C(F)(F)F)c2)CC1,-4.8439846,-2.837348,-4.640182,train
CCCCNC(=O)C(CCCC)NC(=O)c1[nH]c2c(c1C)C(=O)CC(C)(C)C2,-4.9486465,-4.9095764,-4.924826,train
CCCCNC(=O)Nc1ccc(C(=O)CCN(C)C)cc1,-5.2593684,-3.7193255,-4.999573,train
CCCCNC(=O)c1cc2c(cc1OC)[C@@]1(C)CC[C@H](O)C(C)(C)[C@@H]1CC2,-4.919742,-4.886111,-4.8127165,train
CCCCNc1ccc2ncc(-c3ccc(C(=O)NC[C@@H]4C[C@@H](F)CN4)c(F)c3)n2n1,-5.229653,-4.0336204,-4.912074,train
CCCCNc1nc(SCC)nc2c1cnn2CC(Cl)c1ccccc1,-5.576346,-5.5533023,-4.963136,train
CCCCS(=O)(=O)N1CCC(N(Cc2ccccc2)C(=O)Nc2cccc(C(F)(F)F)c2)CC1,-6.291409,-5.5445256,-5.064872,train
CCCC[C@@H](NC(=O)[C@@H](CCCCN)NC(=O)[C@@H](CCCNC(=N)N)NC(=O)c1ccc(/C=C2\SC(=O)N(Cc3ccccc3)C2=O)cc1)C(N)=O,-6.4203634,-6.0332937,-6.134433,train
CCCC[C@H](NC(=O)[C@H](CCCCN)NC(=O)[C@H](CCCNC(=N)N)NC(=O)/C=C/c1ccccc1)C(N)=O,-6.2953196,-6.582385,-6.2241454,train
CCCC[C@H](NC(=O)[C@H](CCCCN)NC(=O)[C@H](CCCNC(=N)N)NC(=O)c1ccc(/C=C(\C#N)C(=O)NC2CC2)cc1)C(N)=O,-6.5008593,-6.634619,-6.339858,train
CCCC[C@H](NC(=O)[C@H](CCCCN)NC(=O)[C@H](CCCNC(=N)N)NC(=O)c1ccc(/C=C2\SC(=O)N(C3CCCC3)C2=O)cc1)C(N)=O,-6.4240203,-6.127399,-6.1513257,train
CCCC[C@H](NC(=O)[C@H](CCCCN)NC(=O)[C@H](CCCNC(=N)N)NC(=O)c1ccc(/C=C2\SC(=O)N(C3CCCCC3)C2=O)cc1)C(N)=O,-6.438575,-6.063096,-6.1629033,train
CCCC[C@H](NC(=O)[C@H](CCCCN)NC(=O)[C@H](CCCNC(=N)N)NC(=O)c1ccc(/C=C2\SC(=O)N(CCCC)C2=O)cc1)C(N)=O,-6.3291073,-6.2129316,-6.1525593,train
CCCC[C@H](NC(=O)[C@H](CCCCN)NC(=O)[C@H](CCCNC(=N)N)NC(=O)c1ccc(/C=C2\SC(=O)N(CCc3ccccc3)C2=O)cc1)C(N)=O,-6.3379297,-6.09101,-6.114956,train
CCCC[C@H](NC(=O)[C@H](CCCCN)NC(=O)[C@H](CCCNC(=N)N)NC(=O)c1ccc(/C=C2\SC(=O)N(Cc3ccc(Cl)cc3)C2=O)cc1)C(N)=O,-6.5031333,-6.0725946,-6.156742,train
CCCC[C@H](NC(=O)[C@H](CCCCN)NC(=O)[C@H](CCCNC(=N)N)NC(=O)c1ccc(/C=C2\SC(=O)N(Cc3ccc(F)cc3)C2=O)cc1)C(N)=O,-6.467794,-6.1119957,-6.150337,train
CCCC[C@H](NC(=O)[C@H](CCCCN)NC(=O)[C@H](CCCNC(=N)N)NC(=O)c1ccc(/C=C2\SC(=O)N(c3ccc(C)cc3)C2=O)cc1)C(N)=O,-6.5213284,-6.0335984,-6.1476593,train
CCCC[C@H](NC(=O)[C@H](CCCCN)NC(=O)[C@H](CCCNC(=N)N)NC(=O)c1ccc(/C=C2\SC(=S)N(C3CCCC3)C2=O)cc1)C(N)=O,-6.3147726,-6.0634813,-6.1211348,train
CCCC[C@H](NC(=O)[C@H](CCCCN)NC(=O)[C@H](CCCNC(=N)N)NC(=O)c1ccc(/C=C2\SC(=S)N(CCCC)C2=O)cc1)C(N)=O,-6.2266793,-6.1126847,-6.124315,train
CCCC[C@H](NC(=O)[C@H](CCCCN)NC(=O)[C@H](CCCNC(=N)N)NC(=O)c1ccc(/C=C2\SC(=S)N(Cc3ccc(OC)cc3)C2=O)cc1)C(N)=O,-6.3821735,-6.053048,-6.152191,train
CCCC[C@H](NC(=O)[C@H](CCCCN)NC(=O)[C@H](CCCNC(=N)N)NC(=O)c1cccc(/C=C2\SC(=O)N(C3CCCC3)C2=O)c1)C(N)=O,-6.4071383,-6.113651,-6.143829,train
CCCCc1[nH]c(=O)c(C(=O)N2CC[C@@H](c3ccccc3)C2)c(O)c1-c1c(OC)cccc1OC,-6.3316936,-7.269669,-6.606366,train
CCCCc1[nH]c(=O)c(C(=O)N2CC[C@H](c3ccccc3)C2)c(O)c1-c1c(OC)cccc1OC,-6.6032114,-7.6373086,-6.801211,train
CCCCc1[nH]c(=O)c(S(=O)(=O)c2ccc(-n3ccccc3=O)cc2)c(O)c1-c1c(OC)cccc1OC,-7.189721,-7.964016,-6.9574156,train
CCCCc1c(C(=O)NCc2cncn2C)cnn1-c1ncc(C)c(-c2cccs2)n1,-5.0732727,-5.1584587,-4.915107,train
CCCCc1c(NCc2ccccc2N2CCN(C)CC2)cnn(C)c1=O,-5.511186,-6.0199413,-5.203372,train
CCCCc1ccc(S(=O)(=O)N2CCN(C(=O)Oc3ccc([N+](=O)[O-])cc3)CC2)cc1,-5.5764575,-6.2572203,-5.195613,train
CCCCc1cn(-c2ccc(NC(=O)Nc3cc(OC4CCCC4)ccc3C)cc2)nn1,-6.6889086,-5.61986,-5.8179297,train
CCCCc1cn(-c2ccc(NC(=O)Nc3cc(OP(=O)(OCC)OCC)ccc3C)cc2)nn1,-5.3386207,-6.265237,-5.644916,train
CCCCc1cn(-c2ccc(NC(=O)Nc3cccc4cnccc34)cc2)nn1,-6.5850744,-6.5624723,-6.3146677,train
CCCCc1cn(-c2ccc(NC(=O)Nc3ccccc3C)cc2)nn1,-6.6659355,-5.73897,-5.866027,train
CCCCc1cn(-c2cccc(S(=O)(=O)Nc3cccc4cnccc34)c2)nn1,-5.295527,-6.3463964,-5.190258,train
CCCCc1cn(-c2cccc(S(=O)(=O)Nc3ccccc3C(F)(F)F)c2)nn1,-5.495061,-6.044029,-4.998361,train
CCCCc1cn(-c2cccc(S(=O)(=O)Nc3ccccc3O)c2)nn1,-5.2431345,-6.2847633,-5.103115,train
CCCCc1nc(=O)c(C(=O)N2CCC(c3ccc(Cl)cc3)C2)c(O)n1-c1c(OC)cccc1OC,-6.875124,-7.3161654,-6.7134385,train
CCCCc1nc(=O)c(C(=O)N2CCC(c3ccccn3)C2)c(O)n1-c1c(OC)cccc1OC,-6.8974524,-8.15402,-7.015732,train
CCCCc1nc(=O)c(C(=O)N2CC[C@@H](c3ccc(Cl)cn3)C2)c(O)n1-c1c(OC)cccc1OC,-6.673889,-7.697504,-6.782312,train
CCCCc1nc(=O)c(C(=O)N2CC[C@@H](c3ccccc3)C2)c(O)n1-c1c(OC)cccc1OC,-6.401035,-7.615468,-6.656108,train
CCCCc1nc(=O)c(C(=O)N2CC[C@H](c3ccc(Cl)cn3)C2)c(O)n1-c1c(OC)cccc1OC,-6.8886333,-7.778624,-6.856853,train
CCCCc1nc(=O)c(C(=O)N2CC[C@H](c3ccccc3)C2)c(O)n1-c1c(OC)cccc1OC,-6.6432605,-7.875578,-6.814132,train
CCCCc1nc(=O)c(S(=O)(=O)c2ccc(-c3ccc(F)cc3)cc2)c(O)n1-c1c(OC)cccc1OC,-7.022778,-7.563405,-6.621207,train
CCCCc1nc(=O)c(S(=O)(=O)c2ccc(-c3ccc(F)nc3)cc2)c(O)n1-c1c(OC)cccc1OC,-7.010393,-7.765381,-6.7137613,train
CCCCc1nc(=O)c(S(=O)(=O)c2ccc(-c3cccnc3)cc2)c(O)n1-c1c(OC)cccc1OC,-7.0009785,-7.867672,-6.7857165,train
CCCCc1nc(=O)c(S(=O)(=O)c2ccc(-c3ccnc(NC(=O)C4CC4)c3)cc2)c(O)n1-c1c(OC)cccc1OC,-7.7672653,-8.125398,-7.3969803,train
CCCCc1nc(=O)c(S(=O)(=O)c2ccc(-n3ccccc3=O)cc2)c(O)n1-c1c(OC)cccc1OC,-7.246243,-7.9292154,-6.85358,train
CCCCc1nc(=O)c(S(=O)(=O)c2ccc(C3CC3)cc2)c(O)n1-c1c(OC)cccc1OC,-6.8212166,-7.499404,-6.412666,train
CCCN(C(=O)C(C)c1cccc(C(=O)c2ccccc2)c1)c1ccc2cc[nH]c2c1,-6.603039,-5.842081,-5.9341364,train
CCCN(C(=O)c1csc(-c2ccc(S(C)(=O)=O)c([N+](=O)[O-])c2)n1)c1ccccc1,-5.096659,-3.4944263,-4.760544,train
CCCN(CCC)Cc1cn(-c2cc(NC(=S)NCC)ncn2)cn1,-5.0545382,-4.9722214,-4.986538,train
CCCN(CCCNc1ccnc2cc(Cl)ccc12)CC1CC1,-4.947746,-3.6923623,-4.8056207,train
CCCN(C[C@@H]1C[C@@H](F)CN1)C(=O)c1ccc(-c2cnc3ccc(NCC4CC4)nn23)cc1,-5.0806904,-4.0562572,-4.914438,train
CCCN(C[C@H]1Cc2c(cccc2N2CCNCC2)CN1)[C@H]1CCCc2cccnc21,-6.3816524,-7.4008336,-6.8753724,train
CCCN1CCC(N(CC(C)C)C(=O)Nc2cccc(C(F)(F)F)c2)CC1,-4.665557,-2.6690433,-4.566752,train
CCCN1CCC(N(CCC(C)C)C(=O)Nc2cccc(C(F)(F)F)c2)CC1,-4.700386,-2.6456234,-4.5957794,train
CCCN1CCC(N(CCOC)C(=O)Nc2cccc(C(F)(F)F)c2)CC1,-4.6284313,-2.5357606,-4.560311,train
CCCN1CCC(N(Cc2ccc3c(c2)OCO3)C(=O)Nc2cccc(C(F)(F)F)c2)CC1,-4.6124268,-2.5996408,-4.5037365,train
CCCN1CCC(N(Cc2ccccc2)C(=O)Nc2cccc(C(F)(F)F)c2)CC1,-4.7143307,-2.7723386,-4.593366,train
CCCN1CCC(N(Cc2cccnc2)C(=O)Nc2cccc(C(F)(F)F)c2)CC1,-4.605934,-3.0862935,-4.6625447,train
CCCN1CCC(N(Cc2ccco2)C(=O)Nc2cccc(C(F)(F)F)c2)CC1,-4.6818233,-2.659522,-4.580091,train
CCCN1CCC(N(Cc2ccncc2)C(=O)Nc2cccc(C(F)(F)F)c2)CC1,-4.7671037,-3.4858408,-4.823455,train
CCCN1CCC(n2cc(CNc3cc(Cl)c4ncc(C#N)c(Nc5ccc(F)c(Cl)c5)c4c3)nn2)CC1,-7.648206,-6.2589893,-6.6730847,train
CCCN1CCN(Cc2cc(-c3ccc(CN4CCOCC4)cc3)nc3ccc(F)cc23)CC1,-5.47223,-6.5645432,-5.7627826,train
CCCN1CCN(c2ccc(C(=O)CCN(C)C)cc2)CC1,-4.701974,-3.6742172,-4.7767816,train
CCCNCC(O)COc1ccccc1C(=O)CCc1ccccc1,-5.4761567,-4.0027075,-4.689896,train
CCCNc1ccc2ncc(-c3ccc(C(=O)NC[C@@H]4C[C@@H](F)CN4)c(F)c3)n2n1,-5.157307,-4.0589724,-4.8866305,train
CCCNc1nc(OCCOC)nc2c1CN(C(=O)c1cc(C(C)C)c(O)cc1O)CC2,-4.822944,-4.3673816,-4.620231,train
CCCOC(=O)C1=C(C)CS[C@@H]2[C@H](NC(=O)COc3ccccc3)C(=O)N12,-5.0659657,-5.49499,-4.9772377,train
CCCOc1cccc(CNC(=O)c2ccc(-c3ccncc3)cc2)c1,-5.167261,-4.940509,-5.156347,train
CCCOc1nc(OCCOC)nc2c1CN(C(=O)c1cc(C(C)C)c(O)cc1O)CC2,-4.713148,-4.3988876,-4.596286,train
CCCS(=O)(=O)N1CCC(N(Cc2ccccc2)C(=O)Nc2cccc(C(F)(F)F)c2)CC1,-6.013806,-5.678656,-5.0022497,train
CCCSc1ccc2[nH]c(NC(=O)OC)nc2c1,-4.9183598,-3.7415175,-4.654318,train
CCCSc1nc(Nc2cccc(Cl)c2)c2cnn(CC(Cl)c3ccccc3)c2n1,-6.196721,-5.9972672,-5.227909,train
CCC[C@@H]1C[C@H](N(C)C(C)C)CC[C@@H]1N1CC[C@H](Nc2ncnc3ccc(C(F)(F)F)cc23)C1=O,-5.6123247,-6.2076845,-5.8533897,train
CCC[C@@H]1NC(=O)[C@H](CC(C)C)N(C)C(=O)[C@H](C(C)C)N(C)C(=O)[C@H](CC(C)C)N(C)C(=O)[C@H](CC(C)C)N(C)C(=O)[C@@H](C)NC(=O)[C@H](C)NC(=O)[C@H](CC(C)C)N(C)C(=O)[C@H](C(C)C)NC(=O)[C@H](CC(C)C)N(C)C(=O)CN(C)C1=O,-5.619228,-6.783354,-5.892457,train
CCC[C@@H]1NC(=O)[C@H](CC(C)C)N(C)C(=O)[C@H](C(C)C)N(C)C(=O)[C@H](CC(C)C)N(C)C(=O)[C@H](CC(C)C)N(C)C(=O)[C@@H](C)NC(=O)[C@H](CCC(N)=O)NC(=O)[C@H](CC(C)C)N(C)C(=O)[C@H](C(C)C)NC(=O)[C@H](CC(C)C)N(C)C(=O)CN(C)C1=O,-5.929646,-7.0319376,-6.0602536,train
CCC[C@@H]1NC(=O)[C@H](CC(C)C)N(C)C(=O)[C@H](CC(C)C)N(C)C(=O)[C@H](CC(C)C)N(C)C(=O)[C@H](CC(C)C)N(C)C(=O)[C@@H](C)NC(=O)[C@H](C)NC(=O)[C@H](CC(C)C)N(C)C(=O)[C@H](C(C)C)NC(=O)[C@H](CC(C)C)N(C)C(=O)CN(C)C1=O,-5.3445787,-6.5042605,-5.7840905,train
CCC[C@@H]1NC(=O)[C@H](CC(C)C)N(C)C(=O)[C@H](CC(C)C)N(C)C(=O)[C@H](CC(C)C)N(C)C(=O)[C@H](CC(C)C)N(C)C(=O)[C@@H](C)NC(=O)[C@H](CCC(N)=O)NC(=O)[C@H](CC(C)C)N(C)C(=O)[C@H](C(C)C)NC(=O)[C@H](CC(C)C)N(C)C(=O)CN(C)C1=O,-5.720642,-6.8427243,-5.979193,train
CCCc1c(C(=O)N2CCNCC2)cc(-c2nc(-c3ccc(Cl)cc3)cs2)c(=O)n1-c1c(CC)cccc1CC,-5.780103,-4.187103,-5.227467,train
CCCc1cc(-c2nc(-c3ccc(C)cc3)cs2)ccn1,-5.19455,-5.3214493,-4.745555,train
CCCc1cc(-c2nc(-c3ccc(NC(C)C)cc3)cs2)ccn1,-5.9795127,-5.455554,-5.17613,train
CCCc1cc(-c2nc(-c3ccc(NS(C)(=O)=O)cc3)cs2)ccn1,-6.35931,-5.6173267,-5.3032227,train
CCCc1nc(C)c2c(=O)[nH]c(-c3cc(Cc4ccc(C(=O)NO)cc4)ccc3OCC)nn12,-6.0287933,-7.728526,-6.7961283,train
CCCc1nc(C)c2c(=O)[nH]c(-c3cc(Cc4ccc(C(=O)NO)s4)ccc3OCC)nn12,-5.966399,-7.501575,-6.6617956,train
CCCc1nc(C)c2c(=O)nc(-c3cc(S(=O)(=O)N4CCN(CC)CC4)ccc3OCC)[nH]n12,-5.566324,-7.23454,-5.845415,train
CCCc1nn(C)c2c(=O)[nH]c(-c3cc(-c4ccc(C(=O)NO)cc4)ccc3OCC)nc12,-5.8085585,-7.5381255,-6.6103144,train
CCCc1nn(C)c2c(=O)[nH]c(-c3cc(-c4ccc(C(=O)NO)s4)ccc3OCC)nc12,-5.82231,-7.3904066,-6.5442686,train
CCCc1nn(C)c2c(=O)[nH]c(-c3cc(-c4ccc(CC(=O)NO)cc4)ccc3OCC)nc12,-6.2052436,-8.016011,-7.0048323,train
CCCc1nn(C)c2c(=O)[nH]c(-c3cc(Cc4ccc(C(=O)NO)c(F)c4)ccc3OCC)nc12,-5.8186097,-7.5404596,-6.693185,train
CCCc1nn(C)c2c(=O)[nH]c(-c3cc(Cc4ccc(C(=O)NO)cc4)ccc3OCC)nc12,-5.8344674,-7.5998945,-6.669885,train
CCCc1nn(C)c2c(=O)[nH]c(-c3cc(Cc4ccc(C(=O)NO)cc4F)ccc3OCC)nc12,-5.8653455,-7.576355,-6.723967,train
CCCc1nn(C)c2c(=O)[nH]c(-c3cc(Cc4ccc(C(=O)NO)s4)ccc3OCC)nc12,-5.8108535,-7.4061084,-6.558673,train
CCCc1nn(C)c2c(=O)[nH]c(-c3cc(N4CCC(CC(=O)NO)CC4)ccc3OCC)nc12,-6.0157228,-8.097881,-6.887895,train
CCCc1nn(C)c2c(=O)[nH]c(-c3cc(NC4CCN(c5ncc(C(=O)NO)cn5)CC4)ccc3OCC)nc12,-6.144024,-8.130067,-6.922062,train
CCCc1nn(C)c2c(=O)[nH]c(-c3cc(S(=O)(=O)N4CCN(C)CC4)ccc3OCC)nc12,-5.6500216,-6.9724817,-5.7859282,train
CCCc1nn(C)c2c(=O)[nH]c(-c3cc(S(=O)(=O)N4CCN(c5ncc(C(=O)NO)cn5)CC4)ccc3OCC)nc12,-6.3156614,-8.022871,-6.6510077,train
CCCc1nn(C)c2c(=O)[nH]c(-c3cc(S(=O)(=O)NC4CCN(c5ncc(C(=O)NO)cn5)CC4)ccc3OCC)nc12,-6.2849956,-8.295651,-6.87409,train
CCCc1nn(C)c2c(=O)[nH]c(-c3cc([C@H]4CC[C@@H](C(=O)NO)CC4)ccc3OCC)nc12,-5.7252355,-7.6717453,-6.5164165,train
CCCn1c(=O)c2ccccc2n2c(S)nnc12,-4.855371,-4.1281815,-4.6233025,train
CCCn1nc(NC(=O)NC2C3CC4CC(C3)CC2C4)cc1C,-7.150248,-3.063634,-4.584341,train
CCN(C(=O)C(F)(F)F)c1cc2oc(-c3ccc(F)cc3)c(C(=O)NC)c2cc1-c1ccc(OC)c(C(=O)NC2(c3ncccn3)CC2)c1,-5.5181627,-6.242224,-5.868872,train
CCN(C(=O)CCc1nc2ncccc2[nH]1)c1ccccc1,-5.4937387,-5.3114924,-4.9810762,train
CCN(C(=O)OC)c1cc2oc(-c3ccc(F)cc3)c(C(=O)NC)c2cc1-c1ccc(OC)c(C(=O)NC2(c3ncccn3)CC2)c1,-5.282873,-5.998168,-5.5444894,train
CCN(C(C)=O)c1cc2oc(-c3ccc(F)cc3)c(C(=O)NC)c2cc1-c1ccc(OC)c(C(=O)NC2(c3ncccn3)CC2)c1,-5.188486,-5.9412675,-5.5146,train
CCN(C)C(=O)Oc1cccc(CNC(=O)CCCCC2CCSS2)c1,-5.47859,-4.8234606,-4.786233,train
CCN(C)C(=O)Oc1cccc(CNCCNCCOc2cccc3c2ccn3S(=O)(=O)c2ccccc2)c1,-5.319235,-5.56505,-4.9397926,train
CCN(C)C(=O)Oc1cccc(NC(=O)c2cc(O)c(O)c(O)c2)c1,-5.24503,-5.2562847,-5.0009923,train
CCN(C)C(=O)Oc1cccc([C@H](C)N(C)C)c1,-4.6064396,-4.736065,-4.5491204,train
CCN(C)C(=O)c1cc2c(-c3cc(S(C)(=O)=O)ccc3Oc3ccc(F)cc3F)cn(C)c(=O)c2[nH]1,-4.984043,-4.922484,-4.7856836,train
CCN(C)[C@@H](C(=O)N1CCC[C@H]1c1ncc(-c2ccc(-c3ccc(-c4cnc([C@@H]5CCCN5C(=O)[C@@H](c5ccccc5)N(C)CC)[nH]4)cc3)cc2)[nH]1)c1ccccc1,-6.3349066,-6.741166,-6.4226456,train
CCN(CC)C(=O)SCc1ccc(Cl)cc1,-4.573469,-4.4593096,-4.4940906,train
CCN(CC)C(=O)c1ccc2cc1CN(C)C(=O)[C@H](Nc1ccc3c(N)nccc3c1)c1ccc(c(C)c1)[C@@H](C)COC(=O)N2,-6.441676,-7.227887,-6.7430854,train
CCN(CC)CC(=O)Nc1c(C)cccc1C,-4.7426276,-4.500224,-4.8861055,train
CCN(CC)CC(=O)OC/C(C)=C\C[C@@]12OC(C)(C)[C@@H]3C[C@@H](C=C4C(=O)c5c(O)cccc5O[C@]431)C2=O,-5.0224133,-4.431619,-5.1582193,train
CCN(CC)CC.Cc1ccc(-c2cn(-c3nc(N)c4ncn([C@@H]5O[C@H](COS(=O)(=O)NC(=O)c6ccccc6O)[C@@H](O)[C@H]5O)c4n3)nn2)cc1,-6.304765,-6.8835025,-6.242594,train
CCN(CC)CC.Cc1cccc(-c2cn(-c3nc(N)c4ncn([C@@H]5O[C@H](COS(=O)(=O)NC(=O)c6ccccc6O)[C@@H](O)[C@H]5O)c4n3)nn2)c1,-6.318183,-6.904038,-6.2672043,train
CCN(CC)CC.Cc1ccccc1-c1cn(-c2nc(N)c3ncn([C@@H]4O[C@H](COS(=O)(=O)NC(=O)c5ccccc5O)[C@@H](O)[C@H]4O)c3n2)nn1,-6.351451,-6.977407,-6.3250318,train
CCN(CC)CC.Nc1ccc(-c2cn(-c3nc(N)c4ncn([C@@H]5O[C@H](COS(=O)(=O)NC(=O)c6ccccc6O)[C@@H](O)[C@H]5O)c4n3)nn2)cc1,-6.411351,-6.9955444,-6.3567004,train
CCN(CC)CC.Nc1cccc(-c2cn(-c3nc(N)c4ncn([C@@H]5O[C@H](COS(=O)(=O)NC(=O)c6ccccc6O)[C@@H](O)[C@H]5O)c4n3)nn2)c1,-6.4310713,-7.026045,-6.3875084,train
CCN(CC)CC.Nc1nc(-n2cc(-c3cccc(O)c3)nn2)nc2c1ncn2[C@@H]1O[C@H](COS(=O)(=O)NC(=O)c2ccccc2O)[C@@H](O)[C@H]1O,-6.4716234,-7.025745,-6.3699527,train
CCN(CC)CC.Nc1nc(-n2cc(-c3ccccc3O)nn2)nc2c1ncn2[C@@H]1O[C@H](COS(=O)(=O)NC(=O)c2ccccc2O)[C@@H](O)[C@H]1O,-6.4540567,-7.0697556,-6.3823037,train
CCN(CC)CC.Nc1nc(-n2cc(-c3ccccn3)nn2)nc2c1ncn2[C@@H]1O[C@H](COS(=O)(=O)NC(=O)c2ccccc2O)[C@@H](O)[C@H]1O,-6.410928,-7.1404095,-6.3990326,train
CCN(CC)CC.Nc1nc(-n2cc(-c3cccnc3)nn2)nc2c1ncn2[C@@H]1O[C@H](COS(=O)(=O)NC(=O)c2ccccc2O)[C@@H](O)[C@H]1O,-6.415061,-7.092022,-6.3877616,train
CCN(CC)CC.Nc1nc(-n2cc(C3CC3)nn2)nc2c1ncn2[C@@H]1O[C@H](COS(=O)(=O)NC(=O)c2ccccc2O)[C@@H](O)[C@H]1O,-6.386231,-7.0143204,-6.327799,train
CCN(CC)CC.Nc1nc(-n2cc(C3CCCC3)nn2)nc2c1ncn2[C@@H]1O[C@H](COS(=O)(=O)NC(=O)c2ccccc2O)[C@@H](O)[C@H]1O,-6.3598123,-6.9807262,-6.329115,train
CCN(CC)CC.Nc1nc(-n2cc(C3CCCCC3)nn2)nc2c1ncn2[C@@H]1O[C@H](COS(=O)(=O)NC(=O)c2ccccc2O)[C@@H](O)[C@H]1O,-6.3558474,-6.9441204,-6.327225,train
CCN(CC)CC1CCN(c2ccc(Nc3nc(NC4CCCCC4)c4nc[nH]c4n3)c(OC)c2)CC1,-4.5334196,-2.8817997,-4.7166233,train
CCN(CC)CCCC(C)Nc1ccnc2cc(C(F)(F)F)ccc12,-4.831497,-3.4007442,-4.704439,train
CCN(CC)CCCC(C)Nc1ccnc2cc(Cl)ccc12,-4.845288,-3.5345445,-4.7717166,train
CCN(CC)CCCC(C)Nc1ccnc2cc(Oc3ccccc3)ccc12,-4.862583,-3.2539177,-4.703206,train
CCN(CC)CCCCN(C[C@H]1Cc2ncccc2CN1)[C@H]1CCCc2cccnc21,-5.851241,-6.7423115,-6.3750443,train
CCN(CC)CCCCNc1c2ccc(Cl)cc2nc2ccc(OC)cc12,-5.8447948,-5.0298862,-5.202266,train
CCN(CC)CCCN(C)Cc1cccc(C(=O)Nc2sc3c(c2C(=O)N/N=C/c2ccc(Cl)c(C(F)(F)F)c2)CCN(C2CC2)C3)c1,-6.921842,-6.9827485,-6.976673,train
CCN(CC)CCCS(=O)(=O)N1CCC(c2c[nH]c3c(C(N)=O)cc(-c4ccccc4)cc23)CC1,-6.5361776,-6.735591,-5.9518704,train
CCN(CC)CCCc1cc2cc(Cl)ccc2nc1-c1cccs1,-5.3638396,-4.384991,-4.9113636,train
CCN(CC)CCN(C)c1ccc(Cn2c(=O)[nH]c3c(N)nc(C(F)(F)F)cc32)cn1,-5.2976193,-5.9801354,-5.5271735,train
CCN(CC)CCNC(=O)/C=N/O,-4.6030383,-5.397657,-4.765242,train
CCN(CC)CCNC(=O)[C@]1(C)CC[C@]2(C)CC[C@]3(C)C4=CC=C5C(=CC(=O)C(O)=C5C)[C@]4(C)CC[C@@]3(C)[C@@H]2C1,-5.571825,-4.8608227,-5.718418,train
CCN(CC)CCNC(=O)c1oc2ccc(N(Cc3ccc(Br)cc3)S(=O)(=O)c3ccc(Br)cc3)cc2c1C,-5.301895,-5.080015,-5.208921,train
CCN(CC)CCNc1cc(C)c2cc(NC(=O)c3ccc(Cl)c(Cl)c3)ccc2n1,-5.3521433,-4.8739214,-5.251043,train
CCN(CC)CCNc1nc(/C=C/c2ccc(C(C)C)cc2)nc2ccc(F)cc12,-5.5660567,-5.6212277,-5.1923485,train
CCN(CC)CCNc1nc(/C=C/c2ccc(S(C)(=O)=O)cc2)nc2ccc(Cl)cc12,-5.903858,-5.961126,-5.4090056,train
CCN(CC)CCOCCOCCOc1cccc(C(=O)Nc2sc3c(c2C(=O)N/N=C/c2ccc(Cl)c(C(F)(F)F)c2)CCC(C)(C)C3)c1,-6.608624,-7.2051935,-6.6992083,train
CCN(CC)CCOCCOCCOc1cccc(C(=O)Nc2sc3c(c2C(=O)N/N=C/c2ccc(Cl)c(C(F)(F)F)c2)CCN(C2CC2)C3)c1,-6.840586,-7.2735915,-6.9429684,train
CCN(CC)CCOc1ccc2cc1COCC=CCOCc1cccc(c1)-c1ccnc(n1)N2,-4.8052225,-4.985646,-4.8646803,train
CCN(CC)CCOc1ncc2c(n1)CCN(C(=O)c1cc(C(C)C)c(O)cc1O)C2,-4.9085608,-4.6659813,-4.7592773,train
CCN(CC)[C@@H](C(=O)N1CCC[C@H]1c1ncc(-c2ccc(-c3ccc(-c4cnc([C@@H]5CCCN5C(=O)[C@@H](NC(=O)OC)C(C)C)[nH]4)cc3)cc2)[nH]1)c1ccccc1,-6.2315936,-6.7661896,-6.318543,train
CCN(CC)[C@@H](C(=O)N1CCC[C@H]1c1ncc(-c2ccc(-c3ccc(-c4cnc([C@@H]5CCCN5C(=O)[C@@H](c5ccccc5)N(CC)CC)[nH]4)cc3)cc2)[nH]1)c1ccccc1,-6.222086,-6.6867228,-6.3442216,train
CCN(CC)[C@@H](C(=O)N1CCC[C@H]1c1ncc(-c2ccc(-c3ccc(-c4cnc([C@@H]5CCCN5C(=O)[C@@H](c5ccccc5)N5CCCCC5)[nH]4)cc3)cc2)[nH]1)c1ccccc1,-6.3880067,-6.6797314,-6.500354,train
CCN(CC)[C@@H](C(=O)N1CCC[C@H]1c1ncc(-c2ccc(-c3ccc(-c4cnc([C@@H]5CCCN5C(=O)[C@H](C)NC(=O)OC)[nH]4)cc3)cc2)[nH]1)c1ccccc1,-6.283273,-6.6231594,-6.2561073,train
CCN(CC)c1nc(OCCOC)nc2c1CN(C(=O)c1cc(C(C)C)c(O)cc1O)CC2,-4.7991934,-4.3412876,-4.582564,train
CCN(CCC(=O)Nc1cccnc1)C(=O)c1ccc(F)cc1,-5.0709653,-5.2918696,-5.060919,train
CCN(CCCCCCNC(=O)c1cc(O)c(C(=O)NCCCCCCN(CC)Cc2ccccc2OC)cc1O)Cc1ccccc1OC,-6.1414165,-5.3075976,-5.5485635,train
CCN(CCc1nc2ncc(Cl)cc2[nH]1)C(=O)c1ccc(F)cc1,-5.694585,-4.9985714,-5.0544286,train
CCN(CCc1nc2ncccc2[nH]1)C(=O)c1ccccc1,-5.578671,-5.286448,-5.0378776,train
CCN(C[C@@H]1C[C@@H](F)CN1)C(=O)c1ccc(-c2cnc3ccc(NCC4CC4)nn23)cc1,-5.003481,-4.062687,-4.896128,train
CCN(Cc1ccc(/C=C2\COc3cc(OC)c(OC)cc3C2=O)cc1O)Cc1ccccc1N(C)C,-5.540278,-5.150586,-5.197925,train
CCN(Cc1ccc(/C=C2\COc3cc(OC)c(OC)cc3C2=O)cc1O)Cc1ccccc1OC,-5.697849,-5.025421,-5.1857038,train
CCN(c1cc2oc(-c3ccc(F)cc3)c(C(=O)NC)c2cc1-c1cc(C)c(OC)c(C(=O)NC2(c3ncccn3)CC2)c1)S(C)(=O)=O,-5.787717,-6.185934,-5.8241973,train
CCN(c1cc2oc(-c3ccc(F)cc3)c(C(=O)NC)c2cc1-c1cc(F)c(OC)c(C(=O)NC2(c3ncccn3)CC2)c1)S(C)(=O)=O,-5.635381,-6.058787,-5.6723843,train
CCN1/C(=C/c2c(N/N=C/c3c(CO)cnc(C)c3O)c(=O)c2=O)Sc2ccccc21,-5.941418,-5.509635,-5.8058653,train
CCN1CC(C(=O)NC(C)CCc2ccc(Cl)c(Cl)c2)=C(O)C1=O,-6.4073334,-6.60012,-5.565111,train
CCN1CCC(Cc2ccc(C(=O)CCN(C)C)cc2)CC1,-4.7441807,-3.9060588,-4.8708563,train
CCN1CCC(n2cc(CNc3cc(Cl)c4ncc(C#N)c(Nc5ccc(F)c(Cl)c5)c4c3)nn2)CC1,-7.5651674,-6.462831,-6.821912,train
CCN1CCC[C@H]1CNC(=O)c1ccc(-c2cnc3ccc(NCC4CC4)nn23)cc1,-5.0467854,-4.569902,-5.000208,train
CCN1CCN(C(c2ccc(Cl)cc2)c2ccc(Cl)cc2)CC1,-4.510538,-3.0915842,-4.5532665,train
CCN1CCN(CCCN(C[C@H]2Cc3ccccc3CN2)[C@H]2CCCc3cccnc32)CC1,-5.771208,-6.5054727,-6.293431,train
CCN1CCN(Cc2ccc(NC(=O)CNc3ccc(-c4ccc(NC(=O)C5CC5)nc4)cc3)cc2C(F)(F)F)CC1,-5.580224,-4.4249535,-5.440717,train
CCN1CCN(Cc2ccc(NC(=O)CNc3ccc(-c4ccc(NC(C)=O)nc4)cc3)cc2C(F)(F)F)CC1,-5.4668984,-4.7261386,-5.5634317,train
CCN1CCN([C@@H](c2ccccc2)c2ccc(Cl)cc2)CC1,-4.343312,-3.0326066,-4.4835253,train
CCN1CCN(c2cc(C)c3cc(NC(=O)c4ccc(Cl)c(Cl)c4)ccc3n2)CC1,-5.0591183,-4.644476,-4.989727,train
CCN1CCN(c2ccc(/C(=C(/CCCO)c3ccccc3)c3ccc(C)cc3)cc2)CC1,-6.647585,-5.4896975,-6.1594687,train
CCN1CCN(c2ccc(Nc3c4ccc(Cl)cc4nc4ccc(OC)cc34)cc2)CC1,-5.366786,-5.468493,-5.168772,train
CCNC(=O)Nc1ccc(-c2nc(N3CCOCC3)nc(N3CCOCC3)n2)cc1,-5.5078745,-6.869609,-5.935219,train
CCNC(=O)O[C@H]1CC[C@](CNc2n[nH]c3cccc(OC)c23)(c2ccccc2)CC1,-5.5111995,-6.3649845,-5.765503,train
CCNC(=O)c1cc(C(=O)NC)c(=O)n(Cc2ccccc2)c1,-5.094767,-6.3029294,-5.3070564,train
CCNC(=O)c1cc2c(-c3cc(C(=O)O)ccc3Oc3c(C)cccc3C)cn(C)c(=O)c2[nH]1,-5.2960587,-5.923265,-5.6147985,train
CCNC(=O)c1cc2c(-c3cc(C(C)(C)O)ccc3Oc3c(C)cccc3C)cn(C)c(=O)c2[nH]1,-5.678578,-5.5019755,-5.5694985,train
CCNC(=O)c1cc2c(-c3cc(C4(O)CCC4)ccc3Oc3c(C)cc(F)cc3C)cn(C)c(=O)c2[nH]1,-5.571376,-5.75479,-5.847978,train
CCNC(=O)c1cc2c(-c3cc(C4(O)CCOCC4)ccc3Oc3c(C)cc(F)cc3C)cn(C)c(=O)c2[nH]1,-5.4454584,-5.7486553,-5.774829,train
CCNC(=O)c1cc2c(-c3cc(C4(O)COC4)ccc3Oc3c(C)cc(F)cc3C)cn(C)c(=O)c2[nH]1,-5.4194026,-5.911899,-5.7550855,train
CCNC(=O)c1cc2c(-c3cc(CO)ccc3Oc3c(C)cccc3C)cn(C)c(=O)c2[nH]1,-5.356511,-5.4803185,-5.488364,train
CCNC(=O)c1cc2c(-c3cc(NC(=O)OC)ccc3Oc3c(C)cc(F)cc3C)cn(C)c(=O)c2[nH]1,-6.0919027,-5.727726,-5.904643,train
CCNC(=O)c1cc2c(-c3cc(NC(C)=O)ccc3Oc3c(C)cc(F)cc3C)cn(C)c(=O)c2[nH]1,-5.9534283,-5.9864187,-6.115363,train
CCNC(=O)c1cc2c(-c3cc(NC(C)=O)ccc3Oc3c(C)cccc3C)cn(C)c(=O)c2[nH]1,-5.537558,-5.7539845,-5.7715716,train
CCNC(=O)c1cc2c(-c3cc(NS(=O)(=O)CC)ccc3Oc3c(C)cc(F)cc3C)cn(C)c(=O)c2[nH]1,-6.208556,-6.5250964,-6.4007654,train
CCNC(=O)c1cc2c(-c3cc(NS(=O)(=O)CC)ccc3Oc3c(C)cccc3C)cn(C)c(=O)c2[nH]1,-5.836486,-6.359892,-6.1147957,train
CCNC(=O)c1cc2c(-c3cc(S(=O)(=O)C4CC4)ccc3Oc3c(C)cccc3C)cn(C)c(=O)c2[nH]1,-5.346127,-5.2132535,-5.077357,train
CCNC(=O)c1cc2c(-c3cc(S(=O)(=O)CC)ccc3-c3c(C)cccc3C)cn(C)c(=O)c2[nH]1,-4.7760653,-5.0240064,-4.8945265,train
CCNC(=O)c1cc2c(-c3cc(S(=O)(=O)CC)ccc3-c3cccc4cc[nH]c34)cn(C)c(=O)c2[nH]1,-4.840791,-5.3890486,-5.039423,train
CCNC(=O)c1cc2c(-c3cc(S(=O)(=O)CC)ccc3-n3ccc4cccc(C)c43)cn(C)c(=O)c2[nH]1,-4.7774367,-5.092745,-4.8620996,train
CCNC(=O)c1cc2c(-c3cc(S(=O)(=O)CC)ccc3-n3ccc4ccccc43)cn(C)c(=O)c2[nH]1,-4.7295814,-5.3387465,-4.876881,train
CCNC(=O)c1cc2c(-c3cc(S(=O)(=O)CC)ccc3Oc3c(C)cc(Cl)cc3C)cn(C)c(=O)c2[nH]1,-5.7337637,-5.460535,-5.4665046,train
CCNC(=O)c1cc2c(-c3cc(S(=O)(=O)CC)ccc3Oc3c(C)cc(F)cc3C)cn(C)c(=O)c2[nH]1,-5.4348946,-5.3072934,-5.291931,train
CCNC(=O)c1cc2c(-c3cc(S(=O)(=O)CC)ccc3Oc3c(C)cccc3Br)cn(C)c(=O)c2[nH]1,-5.06771,-4.97294,-4.986411,train
CCNC(=O)c1cc2c(-c3cc(S(=O)(=O)CC)ccc3Oc3c(C)cccc3C#N)cn(C)c(=O)c2[nH]1,-5.3204517,-5.1255846,-5.059597,train
CCNC(=O)c1cc2c(-c3cc(S(=O)(=O)CC)ccc3Oc3c(C)cccc3C(F)F)cn(C)c(=O)c2[nH]1,-5.275927,-5.1540227,-4.9563327,train
CCNC(=O)c1cc2c(-c3cc(S(=O)(=O)CC)ccc3Oc3c(C)cccc3C)cn(C)c(=O)c2[nH]1,-5.0944834,-5.0907407,-5.0702357,train
CCNC(=O)c1cc2c(-c3cc(S(=O)(=O)CC)ccc3Oc3c(C)cccc3Cl)cn(C)c(=O)c2[nH]1,-5.344828,-5.1800323,-5.1770425,train
CCNC(=O)c1cc2c(-c3cc(S(=O)(=O)CC)ccc3Oc3c(C)cccc3F)cn(C)c(=O)c2[nH]1,-5.078033,-5.071417,-5.030178,train
CCNC(=O)c1cc2c(-c3cc(S(=O)(=O)CC)ccc3Oc3cc(C)cc(C)c3)cn(C)c(=O)c2[nH]1,-4.955061,-5.0862117,-4.971775,train
CCNC(=O)c1cc2c(-c3cc(S(=O)(=O)CC)ccc3Oc3ccccc3C)cn(C)c(=O)c2[nH]1,-4.849612,-5.0777607,-4.9066477,train
CCNC(=O)c1cc2c(-c3cc(S(=O)(=O)CC)ccc3Oc3ccccc3Cl)cn(C)c(=O)c2[nH]1,-5.1924853,-5.093876,-4.991045,train
CCNC(=O)c1cc2c(-c3cc(S(C)(=O)=O)ccc3Oc3c(C)cccc3C)cn(C)c(=O)c2[nH]1,-5.4104486,-5.249178,-5.163318,train
CCNC(=O)c1ccc(Oc2c(C)cccc2C)c(-c2cn(C)c(=O)c3[nH]c(C(=O)NCC)cc23)c1,-5.36082,-5.4487176,-5.555766,train
CCNC(=S)Nc1cc(-n2cnc(CN(C)C)c2)ncn1,-5.039725,-5.436822,-4.9154086,train
CCNC(=S)Nc1cc(-n2cnc(CN(C)Cc3ccccc3)c2)ncn1,-5.123636,-5.1060367,-4.9037538,train
CCNC(=S)Nc1cc(-n2cnc(CN3CCCCCC3)c2)ncn1,-5.2314353,-5.145752,-4.9718423,train
CCNC(=S)Nc1cc(-n2cnc(CN3CCN(C)CC3)c2)ncn1,-5.2458754,-5.360446,-5.0683208,train
CCNS(=O)(=O)c1ccccc1Nc1nc(Nc2ccc(N3CCC(N4CCN(C)CC4)CC3)c(OC)c2)ncc1CCc1cc(OC)cc(OC)c1,-6.410369,-5.615234,-5.577302,train
CCNS(=O)(=O)c1ccccc1Nc1nc(Nc2ccc(N3CCC(N4CCN(C)CC4)CC3)c(OC)c2)ncc1NC(=O)c1cc(OC)cc(OC)c1,-6.703061,-5.8416038,-5.9363003,train
CCNc1cc2oc(-c3ccc(F)cc3)c(C(=O)NC)c2cc1-c1ccc(OC)c(C(=O)NC2(c3ncccn3)CC2)c1,-5.191995,-6.00172,-5.529083,train
CCNc1ccc2c(=O)c3cccc(F)c3oc2c1,-5.1383533,-5.9579496,-4.8036036,train
CCNc1cccc(Nc2nc3c(s2)CCCc2n[nH]cc2-3)n1,-5.1186013,-5.7984586,-5.0425515,train
CCNc1nc(Cl)nc(NC(C)C)n1,-4.286524,-5.1778064,-4.5842066,train
CCNc1nc(OCCOC)nc2c1CN(C(=O)c1cc(C(C)C)c(O)cc1O)CC2,-4.7949367,-4.411709,-4.6354475,train
CCOC(=O)C1(c2ccccc2)CCN(C)CC1,-4.6842737,-4.5802245,-4.7360644,train
CCOC(=O)C1=C(c2ccc3c(c2)OCO3)Nc2cc(OC)ccc2C1,-4.458654,-3.3336215,-4.3986015,train
CCOC(=O)C1=C(c2ccc3c(c2)OCO3)Nc2cc(OC)ccc2C1Cl,-4.561576,-3.2711844,-4.438771,train
CCOC(=O)C1=C(c2ccc3c(c2)OCO3)Nc2cc(OC)ccc2C1NC,-4.328239,-2.9865313,-4.434938,train
CCOC(=O)C1=C(c2ccc3c(c2)OCO3)Nc2cc(OC)ccc2C1OC,-4.2776995,-2.9523742,-4.3088503,train
CCOC(=O)C1=C(c2ccc3c(c2)OCO3)Nc2cccc(OC)c2C1,-4.457836,-3.2672536,-4.4049816,train
CCOC(=O)CCc1cn(-c2ccc(NC(=O)Nc3ccccc3C(F)(F)F)cc2)nn1,-6.3870025,-5.699682,-5.606804,train
CCOC(=O)Cc1cc(Cl)c(C(=O)Nc2cc(-c3nc4ccccc4s3)ccc2C)cc1[N+](=O)[O-],-6.6502,-4.8189006,-5.30851,train
CCOC(=O)N1C(Nc2nc3ccccc3o2)=NC(c2ccccc2Cl)C(C(=O)Nc2cc(C(=O)O)ccn2)=C1C,-6.393495,-5.8756576,-5.5370874,train
CCOC(=O)N1CCC(NC(=O)c2cc(-c3ccc(CN4CCOCC4)cc3)nc3ccc(F)cc23)CC1,-5.404523,-7.4908147,-6.0241523,train
CCOC(=O)N[C@@H](C)C(=O)N1CCC[C@H]1c1ncc(-c2ccc(-c3ccc(-c4cnc([C@@H]5CCCN5C(=O)[C@H](C)NC(=O)OCC)[nH]4)cc3)cc2)[nH]1,-6.2428293,-6.737421,-6.242855,train
CCOC(=O)[C@@]1(c2ccccc2)CCC=C[C@@H]1N(C)C,-4.514302,-4.556798,-4.585267,train
CCOC(=O)c1c(-c2cc(F)cc(OC)c2)[nH]c2cc(OC)c(F)cc2c1=O,-4.826268,-3.8584914,-4.6298966,train
CCOC(=O)c1c(-c2ccc(C(C)(C)C)cc2)[nH]c2cccc(OC)c2c1=O,-5.118374,-3.2728956,-4.685976,train
CCOC(=O)c1c(-c2ccc(C(F)(F)F)cc2)[nH]c2cc(OC)ccc2c1=O,-4.576913,-3.6518555,-4.5305114,train
CCOC(=O)c1c(-c2ccc(C(F)(F)F)cc2)[nH]c2cccc(OC)c2c1=O,-4.568778,-3.8111844,-4.510467,train
CCOC(=O)c1c(-c2ccc(Cl)c(Cl)c2)[nH]c2cc(OC)ccc2c1=O,-4.811505,-3.4734387,-4.686406,train
CCOC(=O)c1c(-c2ccc(Cl)c(Cl)c2)[nH]c2cccc(OC)c2c1=O,-4.818495,-3.533383,-4.6814065,train
CCOC(=O)c1c(-c2ccc(Cl)cc2)[nH]c2cc(OC)ccc2c1=O,-4.741013,-3.5731397,-4.6340375,train
CCOC(=O)c1c(-c2ccc(OC)cc2)[nH]c2cc(OC)ccc2c1=O,-4.6573057,-3.5303245,-4.557693,train
CCOC(=O)c1c(-c2ccc(OC)cc2)[nH]c2cccc(OC)c2c1=O,-4.648339,-3.6803198,-4.5405555,train
CCOC(=O)c1c(-c2ccc3c(c2)OCO3)[nH]c2cccc(OC)c2c1=O,-4.4893,-3.4822395,-4.4350586,train
CCOC(=O)c1c(-c2cccc(-c3ccccc3)c2)[nH]c2cc(OC)ccc2c1=O,-4.88408,-3.63129,-4.740026,train
CCOC(=O)c1c(-c2cccc(C(F)(F)F)c2)[nH]c2cc(OC)ccc2c1=O,-4.6790633,-3.5170434,-4.558591,train
CCOC(=O)c1c(-c2cccc(C(F)(F)F)c2)[nH]c2cccc(OC)c2c1=O,-4.6769066,-3.6480112,-4.540964,train
CCOC(=O)c1c(-c2cccc(C)c2)[nH]c2cc(OC)ccc2c1=O,-4.613725,-3.494154,-4.5521197,train
CCOC(=O)c1c(-c2cccc(Cl)c2)[nH]c2cc(OC)c(F)cc2c1=O,-4.8324456,-3.6068015,-4.67476,train
CCOC(=O)c1c(-c2cccc(Cl)c2)[nH]c2cccc(OC)c2c1=O,-4.71928,-3.715571,-4.6052923,train
CCOC(=O)c1c(-c2cccc(F)c2)[nH]c2cc(OC)ccc2c1=O,-4.5950046,-3.6811626,-4.5513506,train
CCOC(=O)c1c(-c2cccc(F)c2)[nH]c2cccc(OC)c2c1=O,-4.585259,-3.8805637,-4.535014,train
CCOC(=O)c1c(-c2cccc(OC)c2)[nH]c2cc(OC)ccc2c1=O,-4.6420484,-3.4707317,-4.5317583,train
CCOC(=O)c1c(-c2cccc(OC)c2)[nH]c2cccc(OC)c2c1=O,-4.6290126,-3.5940151,-4.514452,train
CCOC(=O)c1c(-c2cccc(OCC)c2)[nH]c2cc(OC)ccc2c1=O,-4.833417,-3.9800808,-4.6403036,train
CCOC(=O)c1c(-c2cccc(Oc3ccccc3)c2)[nH]c2cc(OC)c(F)cc2c1=O,-4.9451256,-3.513983,-4.679803,train
CCOC(=O)c1c(-c2cccc(Oc3ccccc3)c2)[nH]c2cc(OC)ccc2c1=O,-4.8326683,-3.4956312,-4.6373773,train
CCOC(=O)c1c(-c2cccc([N+](=O)[O-])c2)[nH]c2cc(OC)ccc2c1=O,-4.695674,-3.597219,-4.688989,train
CCOC(=O)c1c(-c2cccc([N+](=O)[O-])c2)[nH]c2cccc(OC)c2c1=O,-4.6835103,-3.6988964,-4.676802,train
CCOC(=O)c1c(-c2ccccc2)[nH]c2cccc(OC)c2c1=O,-4.6175594,-3.9357333,-4.5457077,train
CCOC(=O)c1c(-c2ccccc2C)[nH]c2cccc(OC)c2c1=O,-4.560315,-3.8061228,-4.531218,train
CCOC(=O)c1c(-c2ccccc2Cl)[nH]c2cc(OC)ccc2c1=O,-4.748278,-3.6960988,-4.638031,train
CCOC(=O)c1c(-c2ccccc2Cl)[nH]c2cccc(OC)c2c1=O,-4.733553,-3.8068528,-4.619657,train
CCOC(=O)c1c(-c2cccs2)[nH]c2cc(OC)ccc2c1=O,-4.859889,-4.0247,-4.6439795,train
CCOC(=O)c1ccc(N2CCN(C)CC2)c(NC(=O)c2ccc(F)c(C)c2Cl)c1,-5.2479944,-4.371919,-4.9557853,train
CCOC(=O)c1ccc(NC(=O)C2=C(C)NC(Nc3nc4ccccc4o3)=NC2c2ccccc2Cl)cc1,-5.778537,-4.7785716,-5.1899295,train
CCOC(=O)c1ccc2[nH]c3c(c(=O)c2c1)CCCC3,-4.799412,-4.5610166,-4.6364975,train
CCOC(=O)c1ccccc1C(=O)OCC,-4.878018,-4.815917,-4.614453,train
CCOC(=O)c1csc([C@H](Cc2ccccc2)NC(=O)[C@H](C)[C@@H](OC)[C@@H]2CCCN2C(=O)C[C@@H](OC)[C@H]([C@@H](C)CC)N(C)C(=O)[C@@H](NC(=O)[C@H](C(C)C)N(C)C)C(C)C)n1,-5.5962834,-6.316984,-5.874608,train
CCOC(=O)c1ncn2c1Cc1cnc(C)nc1-c1cc(Br)ccc1-2,-5.086984,-5.29922,-4.790115,train
CCOC(=O)c1ncn2c1Cn1ncnc1-c1cc(Cl)ccc1-2,-4.920144,-5.36971,-4.8153105,train
CCOC(=O)c1nnc(NC(=O)C2=C(C)NC(Nc3nc4ccccc4o3)=NC2c2ccccc2Cl)s1,-6.2348776,-5.540649,-5.3794312,train
CCOC(CCCn1cnc2c(c(-c3ccccc3)c(-c3ccccc3)n2Cc2ccccc2)c1=N)OCC,-4.855927,-3.2638829,-4.629689,train
CCOCC1=C(c2ccc3c(c2)OCO3)Nc2cc(OC)ccc2C1Cl,-4.4966264,-3.3194857,-4.3503838,train
CCOCC1=C(c2ccc3c(c2)OCO3)Nc2cccc(OC)c2C1,-4.32098,-3.3411112,-4.309901,train
CCOCCC1(Oc2ccc(-c3cccc(CNC(=O)c4nc5ccccc5c(=O)[nH]4)c3)cc2)C(=O)NC(=O)NC1=O,-5.971098,-6.9715357,-6.164412,train
CCOCCOc1ccc(C(=O)CCN(C)C)cc1,-4.387766,-3.453554,-4.570149,train
CCOCc1c(C(=O)NCc2cncn2C)cnn1-c1ncc(C)c(-c2cccs2)n1,-4.7155037,-5.5431905,-4.88535,train
CCOCc1c(C(=O)NCc2cncn2C)cnn1-c1ncc(C)c(N2CCC2)n1,-4.6437554,-5.5556817,-4.8593745,train
CCOCc1c(C(=O)NCc2cncn2C)cnn1-c1ncc(C)c(N2CCCC2)n1,-4.598871,-5.503231,-4.825598,train
CCOCc1c(C(=O)NCc2cncn2C)cnn1-c1ncc(C)c(N2CCCCC2)n1,-4.640478,-5.3636723,-4.820709,train
CCOCc1c(C(=O)NCc2cncn2C)cnn1-c1ncc(C)c(NC2CCC2)n1,-4.705155,-5.5654893,-5.016964,train
CCOCc1c(C(=O)NCc2cncn2C)cnn1-c1ncc(C)c(OCC)n1,-4.4928646,-5.8836427,-4.8600965,train
CCOCc1ccc(-c2cc(NC(=O)CCN3CCCC3)c3cc(F)ccc3n2)cc1,-5.341744,-6.345911,-5.45808,train
CCOCc1cn(-c2cccc(S(=O)(=O)Nc3cccc4cnccc34)c2)nn1,-5.041892,-6.605172,-5.193398,train
CCOCc1cn(-c2cccc(S(=O)(=O)Nc3ccccc3C(F)(F)F)c2)nn1,-4.952497,-6.0380344,-4.872357,train
CCOCc1nc(=O)c(C(=O)N2CC[C@H](c3ccccc3)C2)c(O)n1-c1c(OC)cccc1OC,-6.6514025,-8.49685,-7.0813365,train
CCOP(=O)(Cn1ccc(NC(=O)c2cc(Oc3ccc(S(=O)(=O)C(C)C)cc3)cc(OC(C)C)c2)n1)OCC,-5.9317765,-6.588716,-5.638736,train
CCOP(=O)(Cn1ccc(NC(=O)c2cc(Oc3ccc(S(C)(=O)=O)cc3)cc(OC(CF)CF)c2)n1)OCC,-6.4964423,-6.6354504,-5.6885905,train
CCOP(=O)(Cn1ccc(NC(=O)c2cc(Oc3ccc(S(C)(=O)=O)cc3)cc(O[C@@H](C)CO)c2)n1)OCC,-7.623398,-7.3817744,-6.634554,train
CCOP(=O)(Cn1ccc(NC(=O)c2cc(Oc3ccc(S(C)(=O)=O)cc3)cc(O[C@@H](CC)CO)c2)n1)OCC,-7.297238,-7.0675955,-6.3056602,train
CCOP(=O)(Cn1ccc(NC(=O)c2cc(Oc3ccc(S(C)(=O)=O)nc3)cc(OC(C)C)c2)n1)OCC,-6.2712235,-6.444835,-5.4721694,train
CCOP(=O)(Cn1ccc(NC(=O)c2cc(Oc3ccc(S(C)(=O)=O)nn3)cc(OC(C)C)c2)n1)OCC,-6.2856927,-6.6221004,-5.6774077,train
CCOP(=O)(Cn1ccc(NC(=O)c2cc(Oc3cnc(S(C)(=O)=O)cn3)cc(OC(C)C)c2)n1)OCC,-6.0756025,-6.4250317,-5.5265937,train
CCOP(=O)(Cn1ccc(NC(=O)c2cc(Oc3cnc(S(C)(=O)=O)nc3)cc(OC(C)C)c2)n1)OCC,-5.903997,-6.462905,-5.3772597,train
CCOP(=O)(O)c1ccc2cc1CN(C)C(=O)[C@H](Nc1ccc3c(N)nccc3c1)c1ccc(c(C)c1)[C@@H](C)COC(=O)N2,-6.5327463,-7.7503986,-6.7214775,train
CCOP(=O)(OCC)c1ccc2cc1CN(C)C(=O)[C@H](Nc1ccc3c(N)nccc3c1)c1ccc(c(C)c1)[C@@H](C)COC(=O)N2,-6.1091876,-7.2626514,-6.4766736,train
CCOS(=O)(=O)/C=C/c1ccc(O[C@@H]2CN(C(=O)C(=O)Nc3ccc(Oc4ccc(-c5ccccc5)cc4)cc3)C[C@@H]2Oc2ccc(CCS(=O)(=O)OCC)cc2)cc1,-5.2159214,-6.032918,-5.395419,train
CCOS(=O)(=O)/C=C/c1ccc(O[C@@H]2CN(C(=O)C(=O)Nc3ccc(Oc4ccc(-c5ccccc5)cc4)cc3)C[C@H]2Oc2ccc(CCS(=O)(=O)OCC)cc2)cc1,-5.1885114,-5.9746194,-5.364988,train
CCOS(=O)(=O)/C=C/c1ccc(O[C@@H]2CN(C(=O)C(=O)Nc3ccc(Oc4ccc(CC)cc4)cc3)C[C@@H]2Oc2ccc(CCS(=O)(=O)OCC)cc2)cc1,-5.080646,-5.843842,-5.284893,train
CCOS(=O)(=O)/C=C/c1ccc(O[C@@H]2CN(C(=O)C(=O)Nc3ccccc3)C[C@@H]2Oc2ccc(CCS(=O)(=O)OCC)cc2)cc1,-5.0568233,-5.977854,-5.2362585,train
CCOS(=O)(=O)/C=C/c1ccc(O[C@@H]2CN(C(=O)C(=O)Nc3ccccc3)C[C@H]2Oc2ccc(/C=C/S(=O)(=O)OCC)cc2)cc1,-5.0533476,-5.895133,-5.2951856,train
CCOS(=O)(=O)/C=C/c1ccc(O[C@@H]2CNC[C@H]2Oc2ccc(/C=C/S(=O)(=O)OCC)cc2)cc1,-5.0515323,-5.765033,-5.196739,train
CCOS(=O)(=O)/C=C/c1ccc(O[C@H]2CNC[C@H]2Oc2ccc(/C=C/S(=O)(=O)OCC)cc2)cc1,-5.0619864,-5.7236304,-5.2008657,train
CCOc1cc(=O)oc2cc(OCCN3CCN(CCCNc4c5c(nc6ccccc46)CCCC5)CC3)ccc12,-5.991124,-5.6840887,-5.4791775,train
CCOc1cc(C(Nc2ccc3c(N)nccc3c2)C(=O)N(C)Cc2ccccc2)ccc1OC(C)C,-6.1610174,-7.3639097,-6.6411395,train
CCOc1cc(C(Nc2ccc3c(N)nccc3c2)C(=O)N2CCCC2c2ccccc2)ccc1OC(C)C,-6.108992,-7.3954954,-6.5829277,train
CCOc1cc(C(Nc2ccc3c(N)nccc3c2)C(=O)NCc2cccc(NC(C)=O)c2)ccc1OC(C)C,-6.888691,-8.463175,-7.4765234,train
CCOc1cc(C(Nc2ccc3c(N)nccc3c2)C(=O)NCc2ccccc2)ccc1OC(C)C,-6.2621126,-7.815766,-6.8467436,train
CCOc1cc(C(Nc2ccc3c(N)nccc3c2)C(=O)NCc2ccccc2S(=O)(=O)C(C)C)ccc1OC(C)C,-6.610648,-7.9330473,-6.826273,train
CCOc1cc(C(Nc2ccc3c(N)nccc3c2)C(=O)NCc2ccccc2S(=O)(=O)C2CC2)ccc1OC(C)C,-6.8677845,-7.5301714,-6.614941,train
CCOc1cc(C(Nc2ccc3c(N)nccc3c2)C(=O)NCc2ccccc2S(=O)(=O)CC)ccc1OC(C)C,-6.7002535,-7.825591,-6.835904,train
CCOc1cc(CN2CCC(N(Cc3ccccc3)C(=O)Nc3cccc(C(F)(F)F)c3)CC2)cc(Cl)c1O,-5.116293,-4.1464314,-4.900499,train
CCOc1cc(CN2CCC(NC(=O)c3ccc(N)nc3)CC2)cc(OCC)c1-c1ccc(F)cc1,-5.075077,-5.9794374,-5.34305,train
CCOc1cc(CN2CCC(NC(=O)c3ccc(N)nc3)CC2)cc(OCc2ccccc2)c1-c1ccc(F)cc1,-5.351572,-5.7216344,-5.4576726,train
CCOc1cc(CN2CCC(NC(=O)c3ccc(N)nc3)CC2)ccc1C,-4.739369,-5.509479,-4.9609866,train
CCOc1cc(CN2CCC(NC(=O)c3ccc(NC)nc3)CC2)cc(OCC)c1-c1ccc(F)cc1,-5.159106,-5.9029,-5.381826,train
CCOc1cc(CN2CCC(NC(=O)c3ccc(NC)nc3)CC2)cc(OCC)c1F,-4.94402,-5.49356,-5.0720434,train
CCOc1cc(CN2CCC(NC(=O)c3cncc(C)c3)CC2)cc(OCC)c1-c1ccccc1,-4.912719,-5.7988086,-5.057836,train
CCOc1cc(CN2CCC(NC(=O)c3cncc(C)c3)CC2)cc(OCC)c1-n1ccnc1,-4.8748474,-5.788384,-5.163524,train
CCOc1cc(CN2CCC(NC(=O)c3cncc(C)c3)CC2)cc(OCC)c1C,-4.7616715,-5.337846,-4.8980308,train
CCOc1cc(CN2CCC(NC(=O)c3cncc(C)c3)CC2)cc(OCC)c1Cl,-4.7013936,-5.360563,-4.849497,train
CCOc1cc(CN2CCC(NC(=O)c3cncc(C)c3)CC2)cc(OCC)c1F,-4.7514744,-5.4798074,-4.888793,train
CCOc1cc(CN2CCC(NC(=O)c3cncc(C)c3)CC2)ccc1-c1ccc(C(F)(F)F)cc1,-4.7734504,-5.8305545,-4.9438148,train
CCOc1cc(CN2CCC(NC(=O)c3cncc(C)c3)CC2)ccc1C,-4.650067,-5.4655943,-4.826937,train
CCOc1cc(CN2CCC(NC(=O)c3cncc(C)c3)CC2)ccc1Cl,-4.674662,-5.3052273,-4.82262,train
CCOc1cc(CN2CCC(Nc3nc4cc(C(N)=O)ccc4o3)CC2)cc(OCC)c1F,-5.339792,-5.626518,-5.288202,train
CCOc1cc(CN2CCC(Nc3nc4cc(Cl)c(S(N)(=O)=O)cc4o3)CC2)cc(OCC)c1F,-5.3851705,-5.7414446,-5.2361245,train
CCOc1cc(CN2CCC(Nc3nc4cc(Cl)c(S(N)(=O)=O)cc4o3)CC2)ccc1F,-5.0935187,-5.71954,-5.103512,train
CCOc1cc(CN2CCC(Nc3nc4cc(NC(=O)C5CCC5)ccc4o3)CC2)ccc1OC,-5.3685503,-5.2703857,-4.993072,train
CCOc1cc(CN2CCC(Nc3nc4cc(NS(=O)(=O)c5ccccc5)ccc4o3)CC2)ccc1OC,-5.328317,-5.5231733,-5.1072903,train
CCOc1cc(CN2CCC(Nc3nc4cc(S(=O)(=O)CC)ccc4o3)CC2)cc(OC2CCOCC2)c1,-4.9593225,-5.7122626,-4.9639864,train
CCOc1cc(CN2CCC(Nc3nc4cc(S(=O)(=O)CC)ccc4o3)CC2)ccc1OC,-4.8586826,-5.4579787,-4.7920575,train
CCOc1cc(CN2CCC(Nc3nc4cc(S(=O)(=O)N(C)C)ccc4o3)CC2)cc(OCC)c1-n1cccc1,-4.9061823,-5.538472,-4.9881783,train
CCOc1cc(CN2CCC(Nc3nc4cc(S(N)(=O)=O)ccc4o3)CC2)ccc1OC,-5.025892,-5.8633795,-5.0256414,train
CCOc1cc(CN2CCC(Nc3nc4ccc(C(=O)O)cc4o3)CC2)cc(OCC)c1F,-4.9141436,-5.682461,-5.0389853,train
CCOc1cc(CN2CCC(Nc3nc4ccc(Cl)cc4o3)CC2)ccc1Cl,-5.111502,-5.403103,-4.9302826,train
CCOc1cc(CN2CCC(Nc3nc4ccccc4o3)CC2)cc(OC2CCOCC2)c1,-4.871974,-5.8174105,-4.9492984,train
CCOc1cc(CN2CCC(Nc3nc4ccccc4o3)CC2)ccc1Cl,-4.986829,-5.53767,-4.8627753,train
CCOc1cc(CN2CCC(Nc3nc4ccccc4o3)CC2)ccc1F,-4.836543,-5.7115526,-4.8310947,train
CCOc1cc(CN2CCC(Nc3nc4ccccc4o3)CC2)ccc1OC,-4.862252,-5.638028,-4.8046207,train
CCOc1cc(CN2CCCC(NC(=O)c3cncc(C)c3)CC2)cc(OCC)c1-c1ccc(F)cc1,-4.963192,-5.91171,-5.1535487,train
CCOc1cc([C@@H](Nc2ccc3c(N)nccc3c2)C(=O)N2CCC[C@@H]2c2cc(NC(=O)OC)ccc2S(=O)(=O)C(C)C)ccc1OC(C)C,-6.999071,-7.941973,-7.149779,train
CCOc1ccc(-c2ccc(C(=O)NO)cn2)cc1-c1nc2c(CC)nn(C)c2c(=O)[nH]1,-5.9045725,-7.8218107,-6.72624,train
CCOc1ccc(-c2ccc(C(=O)NO)nc2)cc1-c1nc2c(CC)nn(C)c2c(=O)[nH]1,-5.826175,-7.545677,-6.5418324,train
CCOc1ccc(C2CC(C(=O)NO)C2)cc1-c1nc2c(CC)nn(C)c2c(=O)[nH]1,-6.039933,-7.8376164,-6.663304,train
CCOc1ccc(C2N=C(Nc3nc4ccc(F)cc4o3)NC(C)=C2C(=O)Nc2cc(C(=O)O)ccn2)c(Cl)c1,-6.4198966,-5.785368,-5.4398947,train
CCOc1ccc(CC2CC(C(=O)NO)C2)cc1-c1nc2c(CC)nn(C)c2c(=O)[nH]1,-6.122007,-8.118088,-6.9223566,train
CCOc1ccc(CN2CCN(c3ncc(C(=O)NO)cn3)CC2)cc1-c1nc2c(CC)nn(C)c2c(=O)[nH]1,-6.1638384,-7.960895,-6.878597,train
CCOc1ccc(C[C@H]2CC[C@H](C(=O)NO)CC2)cc1-c1nc2c(CC)nn(C)c2c(=O)[nH]1,-5.8138227,-7.738896,-6.645102,train
CCOc1ccc(Cl)c2oc3cc(N4CCC(C(=O)O)C4)ccc3c(=O)c12,-5.0721374,-5.855974,-4.869291,train
CCOc1ccc(F)c([C@@H](Nc2ccc3c(N)nccc3c2)C(=O)N2CCC[C@@H]2c2cc(NC(=O)OC)ccc2S(=O)(=O)C(C)C)c1,-6.918051,-7.7006664,-7.0181217,train
CCOc1ccc(F)c([C@@H](Nc2ccc3c(N)nccc3c2)C(=O)N2CC[C@H](C(=O)O)[C@@H]2c2cc(NC(=O)OC)ccc2S(=O)(=O)C(C)C)c1,-7.54922,-8.659604,-7.747208,train
CCOc1ccc(OC2CCN(c3ncc(C(=O)NO)cn3)CC2)cc1-c1nc2c(CC)nn(C)c2c(=O)[nH]1,-5.830545,-7.9589643,-6.6954427,train
CCOc1ccc(Oc2ccc(C(=O)NO)cc2)cc1-c1nc2c(CC)nn(C)c2c(=O)[nH]1,-5.374161,-7.045843,-6.1417704,train
CCOc1ccc2[nH]c3c(c(=O)c2c1)CCCC3,-4.8233066,-4.7781553,-4.599558,train
CCOc1cccc(-c2nc(SC(C(N)=O)c3nc(-c4ccc([N+](=O)[O-])cc4)cs3)[nH]c(=O)c2C#N)c1,-6.960312,-5.655831,-5.8937,train
CCOc1cccc(-c2nc(SC(C(N)=O)c3nc(-c4ccccc4)c[nH]3)[nH]c(=O)c2C#N)c1,-7.089261,-5.7783546,-5.908023,train
CCOc1cccc(-c2nc(SCC(=O)Nc3nc(-c4cc(Cl)c(N)c(Cl)c4)cs3)[nH]c(=O)c2C#N)c1,-8.010021,-6.64925,-7.0522175,train
CCOc1cccc(Nc2nc3c(s2)CCCc2n[nH]cc2-3)n1,-4.8973274,-6.1883564,-5.0097938,train
CCOc1ccccc1-c1ccc(-c2nc3cnccc3c(NC(C)C(=O)O)c2C#N)cc1,-6.97377,-7.939372,-7.024392,train
CCOc1ccccc1-c1ccc(-c2nc3cnccc3c(N[C@H](CC)C(=O)NS(C)(=O)=O)c2C#N)cc1,-8.069818,-8.079486,-7.145342,train
CCOc1nc(Nc2ccc(C(=O)N3CCOCC3)cc2)nc2[nH]ccc12,-4.5415454,-6.2164392,-4.9589477,train
CCOc1nc(Nc2ccc(C(=O)N3CCOCC3)cc2OC)nc2[nH]ccc12,-4.5322866,-5.7058773,-4.8325253,train
CCOc1nc(OCCOC)nc2c1CN(C(=O)c1cc(C(C)C)c(O)cc1O)CC2,-4.612068,-4.357131,-4.525411,train
CCOc1ncc2c(n1)CCN(C(=O)c1cc(C(C)C)c(O)cc1O)C2,-4.826955,-4.477492,-4.616623,train
CCOc1nccc(Nc2nccc(-c3sc(C4CCNCC4)nc3-c3ccc(F)cc3)n2)n1,-5.412605,-4.75977,-4.779482,train
CCS(=O)(=O)CCc1c(Cn2c(=O)n(C3CC3)c3ccncc32)nc2cc(Cl)ccn12,-5.012992,-5.4818053,-4.868968,train
CCS(=O)(=O)N1CC(Oc2cncc(N3C(=O)c4ccc(Cl)cc4C3(C)C)c2)C1,-4.7655096,-5.5041037,-4.6603956,train
CCS(=O)(=O)N1CCC(c2c[nH]c3c(C(N)=O)cc(-c4ccccc4)cc23)CC1,-5.913117,-6.301156,-5.1342597,train
CCS(=O)(=O)Nc1cccc(Cc2c(C)c3cc(Cl)c(OC(=O)N(C)C)cc3oc2=O)c1,-5.9350824,-5.4263573,-5.3832884,train
CCS(=O)(=O)c1ccc2oc(-c3ccc4c(c3)C=C[C@H](O)[C@H]4O)nc2c1,-5.185737,-4.7139115,-4.634653,train
CCS(=O)(=O)c1ccc2oc(-c3ccc4ccccc4c3)nc2c1,-4.859157,-4.224683,-4.530544,train
CCS(=O)(=O)c1ccccc1[C@H]1[C@@H](C(=O)O)CCN1C(=O)[C@H](Nc1ccc2c(N)nccc2c1)c1ccc(F)c(OC)c1,-7.5889473,-8.520353,-7.629238,train
CCSc1nc(NCCc2ccccc2)c2cnn(CC(Cl)c3ccccc3)c2n1,-6.246895,-5.8631244,-5.28719,train
CCSc1nc(Nc2cccc(Cl)c2)c2cnn(CC(Cl)c3ccccc3)c2n1,-6.107513,-5.9685745,-5.198909,train
CC[C@@H](CO)Nc1nc(Nc2cc(Cl)cc(Cl)c2)ncc1C(=O)NC1CCN(C)CC1,-6.2395973,-6.1745276,-6.250496,train
CC[C@@H](Nc1c(C#N)c(-c2ccc(-c3cccc(C)c3F)cc2)nc2cnccc12)C(=O)O,-6.939344,-8.15889,-7.2408915,train
CC[C@@H](Nc1c(C#N)c(-c2ccc(-c3cccc(Cl)c3F)cc2)nc2cnccc12)C(N)=O,-7.4080987,-7.4815598,-7.189558,train
CC[C@@H](Nc1c(C#N)c(-c2ccc(Br)cc2)nc2cnccc12)C(=O)O,-6.8223767,-8.134154,-7.040327,train
CC[C@@H](Nc1c(C#N)c(-c2ccc(Br)cc2)nc2cnccc12)C(N)=O,-7.0663466,-7.5749216,-6.952957,train
CC[C@@H](c1cccc(O)c1)[C@@H](C)CN(C)C,-4.6188264,-4.7406926,-4.6530924,train
CC[C@H](C)[C@@H]([C@@H](CC(=O)N1CCC[C@H]1[C@H](OC)[C@@H](C)C(=O)N[C@@H](Cc1ccccc1)c1nc(C(=O)N(C)CCN)cs1)OC)N(C)C(=O)[C@@H](NC(=O)[C@H](C(C)C)N(C)C)C(C)C,-6.8701043,-7.9701357,-7.2774286,train
CC[C@H](C)[C@@H]([C@@H](CC(=O)N1CCC[C@H]1[C@H](OC)[C@@H](C)C(=O)N[C@@H](Cc1ccccc1)c1nc(C(=O)N(C)CCNC)cs1)OC)N(C)C(=O)[C@@H](NC(=O)[C@H](C(C)C)N(C)C)C(C)C,-6.9475737,-8.135958,-7.401538,train
CC[C@H](C)[C@@H]([C@@H](CC(=O)N1CCC[C@H]1[C@H](OC)[C@@H](C)C(=O)N[C@@H](Cc1ccccc1)c1nc(C(=O)N(C)CCO)cs1)OC)N(C)C(=O)[C@@H](NC(=O)[C@H](C(C)C)N(C)C)C(C)C,-6.7452927,-7.887677,-7.079954,train
CC[C@H](C)[C@@H]([C@@H](CC(=O)N1CCC[C@H]1[C@H](OC)[C@@H](C)C(=O)N[C@@H](Cc1ccccc1)c1nc(C(=O)NCCCCNC(=O)CCS)cs1)OC)N(C)C(=O)[C@@H](NC(=O)[C@H](C(C)C)N(C)C)C(C)C,-6.852206,-7.916089,-7.158545,train
CC[C@H](C)[C@@H]([C@@H](CC(=O)N1CCC[C@H]1[C@H](OC)[C@@H](C)C(=O)N[C@@H](Cc1ccccc1)c1nc(C(=O)NCCN)cs1)OC)N(C)C(=O)[C@@H](NC(=O)[C@H](C(C)C)N(C)C)C(C)C,-6.5787783,-7.676693,-6.903361,train
CC[C@H](C)[C@@H]([C@@H](CC(=O)N1CCC[C@H]1[C@H](OC)[C@@H](C)C(=O)N[C@@H](Cc1ccccc1)c1nc(C(=O)NCCNC)cs1)OC)N(C)C(=O)[C@@H](NC(=O)[C@H](C(C)C)N(C)C)C(C)C,-6.719944,-7.916231,-7.107327,train
CC[C@H](C)[C@@H]([C@@H](CC(=O)N1CCC[C@H]1[C@H](OC)[C@@H](C)C(=O)N[C@@H](Cc1ccccc1)c1nc(C(=O)NCCO)cs1)OC)N(C)C(=O)[C@@H](NC(=O)[C@H](C(C)C)N(C)C)C(C)C,-6.544849,-7.6986265,-6.8289366,train
CC[C@H](C)[C@@H]([C@@H](CC(=O)N1CCC[C@H]1[C@H](OC)[C@@H](C)C(=O)N[C@@H](Cc1ccccc1)c1nc(C(=O)NCCc2ccc(N)cc2)cs1)OC)N(C)C(=O)[C@@H](NC(=O)[C@H](C(C)C)N(C)C)C(C)C,-6.399863,-7.261629,-6.6444407,train
CC[C@H](C)[C@@H]([C@@H](CC(=O)N1CCC[C@H]1[C@H](OC)[C@@H](C)C(=O)N[C@@H](Cc1ccccc1)c1nc(C(=O)NCCc2ccc(O)cc2)cs1)OC)N(C)C(=O)[C@@H](NC(=O)[C@H](C(C)C)N(C)C)C(C)C,-6.5242977,-7.396649,-6.7663474,train
CC[C@H](C)[C@@H]([C@@H](CC(=O)N1CCC[C@H]1[C@H](OC)[C@@H](C)C(=O)N[C@@H](Cc1ccccc1)c1nc(C(=O)OCCN)cs1)OC)N(C)C(=O)[C@@H](NC(=O)[C@H](C(C)C)N(C)C)C(C)C,-6.7761326,-7.720806,-7.072733,train
CC[C@H](C)[C@@H]([C@@H](CC(=O)N1CCC[C@H]1[C@H](OC)[C@@H](C)C(=O)N[C@@H](Cc1ccccc1)c1nc(C(=O)OCCO)cs1)OC)N(C)C(=O)[C@@H](NC(=O)[C@H](C(C)C)N(C)C)C(C)C,-6.663145,-7.667894,-6.895851,train
CC[C@H](C)[C@@H]([C@@H](CC(=O)N1CCC[C@H]1[C@H](OC)[C@@H](C)C(=O)N[C@@H](Cc1ccccc1)c1nc(C(=O)OCCS)cs1)OC)N(C)C(=O)[C@@H](NC(=O)[C@H](C(C)C)N(C)C)C(C)C,-6.6041536,-7.5472803,-6.8103905,train
CC[C@H](C)[C@@H]([C@@H](CC(=O)N1CCC[C@H]1[C@H](OC)[C@@H](C)C(=O)N[C@H](C)[C@@H](O)c1ccccc1)OC)N(C)C(=O)[C@@H](NC(=O)[C@@H](NC)C(C)C)C(C)C,-6.4330525,-7.533983,-6.752941,train
CC[C@H](C)[C@@H]1NC(=O)[C@H](C)N(C)C(=O)[C@H](Cc2ccccc2)NC(=O)CN(C)C(=O)[C@@H]2CCCN2C(=O)[C@@H](Cc2ccccc2)N(C)C(=O)[C@H](CC(C)C)NC1=O,-5.462815,-5.7200737,-5.594172,train
CC[C@H](C)[C@@H]1NC(=O)[C@H](Cc2ccc(O)cc2)N(C)C(=O)[C@H](C)NC(=O)CN(C)C(=O)[C@@H]2CCCN2C(=O)[C@@H](Cc2ccccc2)N(C)C(=O)[C@H](CC(C)C)NC1=O,-5.6749015,-5.941186,-5.7238584,train
CC[C@H](C)[C@@H]1NC(=O)[C@H](Cc2ccc(O)cc2)N(C)C(=O)[C@H](Cc2ccccc2)NC(=O)CN(C)C(=O)[C@@H]2CCCN2C(=O)[C@@H](C)N(C)C(=O)[C@H](CC(C)C)NC1=O,-5.868436,-6.0338726,-5.7845745,train
CC[C@H](C)[C@@H]1NC(=O)[C@H](Cc2ccc(O)cc2)N(C)C(=O)[C@H](Cc2ccccc2)NC(=O)CN(C)C(=O)[C@@H]2CCCN2C(=O)[C@@H](Cc2ccccc2)N(C)C(=O)[C@H](C)NC1=O,-5.9375772,-5.853394,-5.7988243,train
CC[C@H](C)[C@@H]1NC(=O)[C@H](Cc2ccc(O)cc2)N(C)C(=O)[C@H](Cc2ccccc2)NC(=O)CN(C)C(=O)[C@@H]2CCCN2C(=O)[C@@H](Cc2ccccc2)N(C)C(=O)[C@H](CC(C)C)NC1=O,-5.5949936,-5.7945075,-5.6738977,train
CC[C@H](C)[C@@H]1NC(=O)[C@H](Cc2ccc(O)cc2)N(C)C(=O)[C@H](Cc2ccccc2)NC(=O)CN(C)C(=O)[C@H](C)N(C)C(=O)[C@@H](Cc2ccccc2)N(C)C(=O)[C@H](CC(C)C)NC1=O,-5.996055,-6.0230145,-5.824887,train
CC[C@H](C)[C@@H]1NC(=O)[C@H](Cc2ccccc2)N(C)C(=O)[C@H](Cc2ccccc2)NC(=O)CN(C)C(=O)[C@@H]2CCCN2C(=O)[C@@H](Cc2ccccc2)N(C)C(=O)[C@H](CC(C)C)NC1=O,-5.336421,-5.6026244,-5.568779,train
CC[C@H](C)[C@H](NC(=O)[C@H](Cc1ccc(O)cc1)NC(=O)CNC(=O)[C@H](Cc1ccc(O)cc1)NC(=O)[C@H](CC(N)=O)NC(=O)CNC(=O)[C@H](Cc1ccc(O)cc1)NC(=O)[C@H](C)NC(=O)[C@H](CCCNC(=N)N)NC(=O)[C@H](C)NC(=O)[C@@H](NC(=O)[C@H](Cc1c[nH]c2ccccc12)NC(=O)[C@@H](N)CCCNC(=N)N)C(C)C)C(=O)N[C@@H](CC(=O)O)C(=O)N[C@H](C(=O)N[C@@H](Cc1c[nH]c2ccccc12)C(=O)N[C@@H](Cc1cnc[nH]1)C(=O)N[C@@H](Cc1c[nH]c2ccccc12)C(=O)N[C@@H](CCC(=O)O)C(=O)O)C(C)C,-7.415617,-8.581714,-7.786043,train
CC[C@H](C)[C@H](NC(=O)[C@H](Cc1ccc(O)cc1)NC(=O)[C@H](Cc1c[nH]c2ccccc12)NC(=O)[C@H](Cc1ccc(O)cc1)NC(=O)[C@H](CC(N)=O)NC(=O)CNC(=O)[C@H](Cc1ccc(O)cc1)NC(=O)[C@H](C)NC(=O)[C@H](CCCNC(=N)N)NC(=O)[C@H](C)NC(=O)[C@@H](NC(=O)[C@H](Cc1c[nH]c2ccccc12)NC(=O)[C@@H](N)CCCNC(=N)N)C(C)C)C(=O)N[C@@H](CC(=O)O)C(=O)N[C@H](C(=O)N[C@@H](Cc1c[nH]c2ccccc12)C(=O)N[C@@H](Cc1cnc[nH]1)C(=O)N[C@@H](Cc1c[nH]c2ccccc12)C(=O)N[C@@H](CCC(=O)O)C(=O)O)C(C)C,-7.3552585,-8.428908,-7.6689367,train
CC[C@H](NC(=O)OC)C(=O)N1CCC[C@H]1c1ncc(-c2ccc(-c3ccc(-c4cnc([C@@H]5CCCN5C(=O)[C@@H](c5ccccc5)N(CC)CC)[nH]4)cc3)cc2)[nH]1,-6.318509,-6.7744045,-6.3646526,train
CC[C@H](NC(=O)OC)C(=O)N1CCC[C@H]1c1ncc(-c2ccc(-c3ccc(-c4cnc([C@@H]5CCCN5C(=O)[C@H](CC)NC(=O)OC)[nH]4)cc3)cc2)[nH]1,-6.508796,-6.8946934,-6.4263325,train
CC[C@H](Nc1cc(C)nc(N)n1)c1nc2cccc(NCc3ccc(C(=O)NO)cc3)c2c(=O)n1-c1ccccc1,-5.6308093,-4.947585,-5.6578245,train
CC[C@H](Nc1nc(N)nc(C)c1C#N)c1nc2cccc(CCCCCC(=O)NO)c2c(=O)n1-c1ccccc1,-5.6323714,-4.9280825,-5.5938277,train
CC[C@H](Nc1nc(N)nc(C)c1C#N)c1nc2cccc(NCc3ccc(C(=O)NO)cc3)c2c(=O)n1-c1ccccc1,-5.7782326,-4.8060665,-5.667014,train
CC[C@H](Nc1nc(N)nc(C)c1Cl)c1nc2cccc(NCc3ccc(C(=O)NO)cc3)c2c(=O)n1-c1ccccc1,-5.511107,-4.6431875,-5.4674296,train
CC[C@H](Nc1nc(N)nc(N)c1C#N)c1nc2cccc(NCc3ccc(C(=O)NO)cc3)c2c(=O)n1-c1ccccc1,-5.802627,-4.8189034,-5.730672,train
CC[C@H](Nc1nc(N)ncc1C)c1nc2cccc(CCCCCC(=O)NO)c2c(=O)n1-c1ccccc1,-5.5342255,-5.039693,-5.5109425,train
CC[C@H](Nc1ncnc(N)c1Cl)c1nc2cccc(NCc3ccc(C(=O)NO)cn3)c2c(=O)n1-c1ccccc1,-5.428122,-4.775018,-5.3820624,train
CC[C@H](Nc1ncnc2[nH]cnc12)c1nc2cccc(-c3ccc(C(=O)NO)cc3)c2c(=O)n1-c1ccccc1,-5.970413,-5.1949873,-5.7609134,train
CC[C@H](Nc1ncnc2[nH]cnc12)c1nc2cccc(CCCCCC(=O)NO)c2c(=O)n1-c1ccccc1,-5.8802457,-5.3693852,-5.780147,train
CC[C@H](Nc1ncnc2[nH]cnc12)c1nc2cccc(CNC(=O)c3ccc(C(=O)NO)cc3)c2c(=O)n1-c1ccccc1,-6.2655177,-5.396178,-6.086172,train
CC[C@H](Nc1ncnc2[nH]cnc12)c1nc2cccc(CNc3ncc(C(=O)NO)cn3)c2c(=O)n1-c1ccccc1,-6.1880975,-5.4684772,-5.8753505,train
CC[C@H](Nc1ncnc2[nH]cnc12)c1nc2cccc(CNc3ncc(C(=O)NO)s3)c2c(=O)n1-c1ccccc1,-6.5358777,-5.6638165,-6.3140717,train
CC[C@H](Nc1ncnc2[nH]cnc12)c1nc2cccc(NCc3ccc(C(=O)NO)c(C)c3)c2c(=O)n1-c1ccccc1,-6.023421,-5.314551,-5.9599786,train
CC[C@H](Nc1ncnc2[nH]cnc12)c1nc2cccc(NCc3ccc(C(=O)NO)cc3)c2c(=O)n1-c1ccccc1,-6.0733075,-5.3081737,-5.9191346,train
CCc1c(C(=O)NCCc2ccc(N3CCCCC3)cc2)[nH]c2ccc(Cl)cc12,-5.13628,-5.5188804,-5.1799626,train
CCc1c(C)[nH]c2cc(OC)c(Cl)cc2c1=O,-4.934602,-4.0389223,-4.7170014,train
CCc1c(C)[nH]c2cc(OC)c(F)cc2c1=O,-4.7964926,-4.246319,-4.6339765,train
CCc1c[nH]c(=O)c2cc(N[C@@H](C(=O)N3CCC[C@@H]3c3cc(NC(=O)OC)ccc3S(=O)(=O)C(C)C)c3ccc(OC)c(OC)c3)ccc12,-6.948038,-7.0685396,-6.693762,train
CCc1ccc(-c2cc(NC3CCC34CCN(C)CC4)c3cc(OC)c(OCCCN4CCCC4)cc3n2)o1,-6.7901087,-7.8946505,-7.1442122,train
CCc1ccc(-c2cc(NC3CCN(C(C)C)CC3)c3cc(OC)c(OCCCN4CCCC4)cc3n2)o1,-6.697245,-7.801608,-7.0458584,train
CCc1ccc(-c2cc(NC3CCN(C)CC3)c3cc(OC)c(OCCCN(C)C)cc3n2)o1,-6.5249767,-7.7936373,-6.8435793,train
CCc1ccc(-c2cc(NC3CCN(C)CC3)c3cc(OC)c(OCCCN4CCC5(CC5)C4)cc3n2)o1,-6.8290377,-8.097254,-7.1685987,train
CCc1ccc(-c2cc(NC3CCN(C)CC3)c3cc(OC)c(OCCCN4CCCCC4)cc3n2)o1,-6.759224,-7.83346,-7.0400076,train
CCc1ccc(-c2cc(NC3CCN(C4CC4)CC3)c3cc(OC)c(OCCCN4CCCC4)cc3n2)o1,-6.8282,-7.7861366,-7.0355334,train
CCc1ccc(-n2c(Cl)cc3[nH]c(=O)c(-c4ccccc4)c(O)c32)cc1,-5.731402,-6.943613,-6.3460035,train
CCc1ccc(/C=N/NC(N)=S)cc1,-5.244076,-4.737254,-4.8667054,train
CCc1ccc(C(=O)NN(C(=O)c2cc(C)cc(C)c2)C(C)(C)C)cc1,-4.6055484,-4.7546477,-4.7533565,train
CCc1ccc(C)nc1,-4.3518505,-5.153836,-4.4349375,train
CCc1ccc(Cl)cc1-n1c(C=C(C)C)c(C(=O)N2CCNCC2)cc(-c2nc(-c3ccc(Cl)cc3)cs2)c1=O,-5.416155,-3.818694,-5.070618,train
CCc1ccc(NC(=O)Nc2cc(C)nc3ccccc23)cc1,-5.3348713,-3.5403829,-4.8696203,train
CCc1ccc(OC)cc1-n1c(C=C(C)C)c(C(=O)N2CCNCC2)cc(-c2nc(-c3ccc(Cl)cc3)cs2)c1=O,-5.4198737,-3.7453601,-5.0169306,train
CCc1ccc(Sc2cc(=O)n(O)c(=O)n2C)cc1,-6.422974,-5.1984353,-5.1645775,train
CCc1ccc2c(NCc3ccc(NC(=O)c4ccc(F)cc4)cc3)nc(N(C)C)nc2c1,-5.1275935,-5.9246483,-5.410509,train
CCc1cccc(CC)c1-n1c(-c2ccn(C)n2)nc(=O)c(C(=O)N2CC[C@@H](c3ncc(Cl)cc3F)C2)c1O,-7.0138073,-8.025528,-7.2296844,train
CCc1cccc(CC)c1-n1c(C=C(C)C)c(C(=O)N2C3CCC2CNC3)cc(-c2nc(-c3ccc(Cl)cc3)cs2)c1=O,-5.6600785,-3.896256,-5.0912633,train
CCc1cccc(CC)c1-n1c(C=C(C)C)c(C(=O)N2CC3CCC(C2)N3)cc(-c2nc(-c3ccc(Cl)cc3)cs2)c1=O,-5.4452147,-3.9070945,-5.0000134,train
CCc1cccc(CC)c1-n1c(C=C(C)C)c(C(=O)N2CCNC(=O)C2)cc(-c2nc(-c3ccc(Cl)cc3)cs2)c1=O,-5.3145213,-3.5575624,-4.840632,train
CCc1cccc(CC)c1-n1c(C=C(C)C)c(C(=O)N2CCNC3(CC3)C2)cc(-c2nc(-c3ccc(Cl)cc3)cs2)c1=O,-5.38955,-3.7740097,-4.9633102,train
CCc1cccc(CC)c1-n1c(C=C(C)C)c(C(=O)N2CCNCC2)cc(-c2nc(-c3ccc(Cl)cc3)cs2)c1=O,-5.483401,-3.7367578,-5.054298,train
CCc1cccc(CC)c1-n1c(C=C(C)C)c(C(=O)N2CCNCC2C)cc(-c2nc(-c3ccc(Cl)cc3)cs2)c1=O,-5.481682,-3.9053073,-5.0095935,train
CCc1cccc(CC)c1-n1c(CC2CCNC2)c(C(=O)N2CCNCC2)cc(-c2nc(-c3ccc(Cl)cc3)cs2)c1=O,-6.2573314,-4.8223467,-5.6819773,train
CCc1cccc(CC)c1NC(=O)Nc1ccc2[nH]nc(-c3cccc(S(N)(=O)=O)c3)c2c1,-6.8024435,-5.1841946,-5.732972,train
CCc1ccccc1C(C(=O)Nc1ccc2[nH]nc(-c3cccc(S(N)(=O)=O)c3)c2c1)N(C)C,-5.526497,-4.7073746,-5.1253896,train
CCc1ccccc1Sc1cc(=O)n(O)c(=O)n1C,-6.7346525,-5.2239876,-5.1674156,train
CCc1cn2c(C)c([C@H](OC(C)(C)C)C(=O)O)c(N3CCC(C)(C)CC3)c(-c3ccc(OCCc4ccc(F)cc4)cc3)c2n1,-5.337134,-6.0951056,-5.612764,train
CCc1nc(-c2ccc(S(C)(=O)=O)c([N+](=O)[O-])c2)sc1C(=O)N1CCCCC1,-5.0942273,-3.2118368,-4.670071,train
CCc1nc(CN2CCN(c3cccn4cc(-c5ccc(C(C)(C)C)cc5)nc34)CC2)c(C)[nH]1,-6.690533,-5.684338,-5.514873,train
CCc1nc(Oc2ccc(C(=O)O)cc2)ccc1CN1CCC(N2C(=O)N(C3CCOCC3)C[C@H]2c2ccccc2)CC1,-4.84591,-5.247318,-4.897963,train
CCc1nc([C@@H](N)CC(C)C)nc2cc(OC)c(-c3cnco3)cc12,-4.8741574,-4.1886744,-4.629417,train
CCc1nc([C@@H](N)CC(C)C)nc2ccc(-c3cnco3)cc12,-4.8639936,-4.225139,-4.6727414,train
CCc1nc2c(C)cn(Cc3ccccc3C#N)c(=O)c2n1[C@H]1CCc2cc(-c3ccccc3-c3nnn[nH]3)ccc21,-5.7579513,-4.9634395,-5.28238,train
CCc1nc2c(C)cn(Cc3ccccc3C)c(=O)c2n1[C@H]1CCc2cc(-c3ccccc3-c3nnn[nH]3)ccc21,-5.611586,-4.8780346,-5.2471633,train
CCc1nc2c(N3CCNCC3)nccc2n1S(=O)(=O)c1cccc(Cl)c1,-5.2450714,-4.7283974,-4.846807,train
CCc1nc2ccn(Cc3ccccc3C#N)c(=O)c2n1[C@H]1CCc2cc(-c3ccccc3-c3nnn[nH]3)ccc21,-5.8433475,-5.209857,-5.452874,train
CCc1nc2ccn(Cc3ccccc3C)c(=O)c2n1[C@H]1CCc2cc(-c3ccccc3-c3nnn[nH]3)ccc21,-5.66142,-5.115964,-5.4005303,train
CCc1ncn2c1Cn1ncnc1-c1ccccc1-2,-4.7496767,-5.4662714,-4.72329,train
CCn1c(-c2ccnc(N)n2)cc(C(N)=O)c1-c1ccccc1,-5.127116,-5.4143543,-5.110396,train
CCn1c(=O)c2cc(F)ccc2n2c(=S)[nH]nc12,-4.36256,-3.8616138,-4.4365187,train
CCn1c(=O)c2ccccc2n2c(=S)[nH]nc12,-4.363181,-3.80861,-4.42716,train
CCn1c(C(=O)N(CC(C)C)[C@@H]2CNC[C@H](C(=O)N3CCOCC3)C2)nc2ccccc21,-6.3732963,-6.656948,-6.1905975,train
CCn1c(C(=O)N(CC(C)C)[C@@H]2CNC[C@H](CO)C2)nc2ccccc21,-6.336528,-6.89775,-6.0595202,train
CCn1c(CCCNC(=O)NC2CCOCC2)nnc1C1CC1,-6.46234,-9.143991,-7.117776,train
CCn1c(Sc2cccc(Cl)c2)cc(=O)n(O)c1=O,-6.346179,-5.329159,-5.1650896,train
CCn1c(Sc2cccc(F)c2)cc(=O)n(O)c1=O,-6.098593,-5.3350725,-5.047582,train
CCn1cc(C(=O)O)c(=O)c2cc(F)c(N3CCNCC3)nc21,-5.9533935,-5.947605,-5.1118917,train
CCn1cc(C(C)NC(=O)C2=C(C)NC(Nc3nc4cccc(N)c4o3)=NC2c2ccc(Cl)cc2Cl)cn1,-5.2177134,-4.2128572,-4.9764113,train
CCn1cc(CN2CCN(c3cccn4cc(-c5ccc(C(C)(C)C)cc5)nc34)CC2)c(=O)[nH]c1=O,-6.4720216,-5.5933905,-5.5118194,train
CCn1cc(CNC(=O)C2=C(C)NC(Nc3nc4ccc(F)c(N)c4o3)=NC2c2ccc(C)cc2Cl)cn1,-4.7923946,-3.7740052,-4.776844,train
CCn1cc(CNC(=O)C2=C(C)NC(Nc3nc4ccc(F)c(N)c4o3)=NC2c2ccc(Cl)cc2Cl)cn1,-4.969048,-3.9517813,-4.871462,train
CCn1cc(CNC(=O)C2=C(C)NC(Nc3nc4ccc(F)c(N)c4o3)=NC2c2ccccc2Cl)cn1,-4.8796854,-3.7670732,-4.8097005,train
CCn1cc(CNC(=O)C2=C(C)NC(Nc3nc4ccc(F)c(N)c4o3)=N[C@@H]2c2ccc(C)cc2Cl)cn1,-4.660106,-3.6768222,-4.722196,train
CCn1cc(CNC(=O)C2=C(C)NC(Nc3nc4ccc(F)c(N)c4o3)=N[C@H]2c2ccc(C)cc2Cl)cn1,-4.7289705,-3.6979098,-4.762406,train
CCn1cc(CNC(=O)C2=C(C)NC(Nc3nc4ccc(F)cc4o3)=NC2c2ccc(C)cc2Cl)cn1,-4.9016066,-4.12553,-4.8125777,train
CCn1cc(CNC(=O)C2=C(C)NC(Nc3nc4cccc(N)c4o3)=NC2c2ccc(Cl)cc2Cl)cn1,-4.9432373,-3.9643447,-4.871078,train
CCn1cnc(CN2CCN(c3cccc4[nH]c(-c5ccc(C(C)(C)C)cc5)nc34)CC2)c1C,-6.1495256,-5.5160127,-5.44143,train
CCn1cnc(CN2CCN(c3cccn4cc(-c5ccc(C(C)(C)C)cc5)nc34)CC2)c1C,-5.9967947,-5.477356,-5.209475,train
CCn1cncc1-c1c[nH]c2ccc(C(N)=O)cc12,-5.2320905,-6.277673,-5.5474205,train
CCn1cncc1-c1c[nH]c2ccc(I)c(F)c12,-4.4917274,-5.1703005,-4.710873,train
CCn1nc(C)c(CNC(=O)C2=C(C)NC(Nc3nc4ccc(F)c(N)c4o3)=NC2c2ccc(C)cc2Cl)c1F,-5.1310434,-3.908536,-4.879249,train
CCn1nc(C)cc1C(=O)/N=c1\[nH]c2cc(C(N)=O)cc(OC)c2n1C/C=C/Cn1/c(=N/C(=O)c2cc(C)nn2CC)[nH]c2cc(C(N)=O)cc(OCCCN3CCOCC3)c21,-7.7145677,-7.39675,-7.673793,train
CCn1nc(NC(=O)NC2C3CC4CC(C3)CC2C4)cc1C,-7.069858,-3.0573487,-4.5743704,train
CCn1ncc(CNC(=O)C2=C(C)NC(Nc3nc4ccc(F)c(N)c4o3)=NC2c2ccc(C)cc2Cl)c1F,-4.829948,-3.6402383,-4.7549953,train
CCn1nccc1NC(=O)c1cn2c(-c3ccc(Cl)cc3Cl)c(CN)c(C)nc2n1,-6.017957,-6.4003735,-6.2243114,train
CN(C(=O)C1CCCNC1)[C@@H](Cc1ccccc1)C(=O)N(C)[C@@H](Cc1ccccc1)C(=O)N(C)[C@@H](Cc1ccccc1)C(=O)N(C)[C@@H](Cc1ccccc1)C(N)=O,-5.8096595,-6.046957,-5.9009156,train
CN(C(=O)CCC(=O)CN)[C@@H](Cc1ccccc1)C(=O)N(C)[C@@H](Cc1ccccc1)C(=O)N(C)[C@@H](Cc1ccccc1)C(=O)N(C)[C@@H](Cc1ccccc1)C(N)=O,-5.748054,-6.023553,-5.844304,train
CN(C(=O)CCCN)[C@@H](Cc1ccccc1)C(=O)N(C)[C@@H](Cc1ccccc1)C(=O)N(C)[C@@H](Cc1ccccc1)C(=O)N(C)[C@@H](Cc1ccccc1)C(N)=O,-5.9814906,-6.067121,-5.9775424,train
CN(C(=O)[C@@H]1Cc2c([nH]c3ccccc23)CN1)[C@@H](Cc1ccccc1)C(=O)N(C)[C@@H](Cc1ccccc1)C(=O)N(C)[C@@H](Cc1ccccc1)C(N)=O,-6.133464,-6.129317,-6.0126944,train
CN(C(=O)[C@H](CC1CCCCC1)NC(=O)C1CCCNC1)[C@@H](Cc1ccccc1)C(=O)N(C)[C@@H](Cc1ccccc1)C(=O)N(C)[C@@H](Cc1ccccc1)C(N)=O,-6.0260515,-6.063871,-6.071136,train
CN(C(=O)[C@H](CC1CCCCC1)NC(=O)[C@@H](N)Cc1ccc(O)c(O)c1)[C@@H](Cc1ccccc1)C(=O)N(C)[C@@H](Cc1ccccc1)C(=O)N(C)[C@@H](Cc1ccccc1)C(N)=O,-5.9376783,-6.0570016,-5.9948387,train
CN(C(=O)[C@H](Cc1ccc2ccccc2c1)NC(=O)C1CCCNC1)[C@@H](Cc1ccccc1)C(=O)N(C)[C@@H](Cc1ccccc1)C(=O)N(C)[C@@H](Cc1ccccc1)C(N)=O,-6.03986,-6.088467,-6.051669,train
CN(C(=O)[C@H](Cc1ccc2ccccc2c1)NC(=O)CCCN)[C@@H](Cc1ccccc1)C(=O)N(C)[C@@H](Cc1ccccc1)C(=O)N(C)[C@@H](Cc1ccccc1)C(N)=O,-6.0679264,-6.039795,-6.0215445,train
CN(C(=O)[C@H](Cc1ccc2ccccc2c1)NC(=O)[C@@H](N)Cc1ccc(O)c(O)c1)[C@@H](Cc1ccccc1)C(=O)N(C)[C@@H](Cc1ccccc1)C(=O)N(C)[C@@H](Cc1ccccc1)C(N)=O,-6.000453,-6.044621,-5.9538784,train
CN(C)C(=O)C(CCN1CCC(O)(c2ccc(Cl)cc2)CC1)(c1ccccc1)c1ccccc1,-5.1691613,-4.646052,-5.310564,train
CN(C)C(=O)C1CC(=O)C2=C(C1)NC(Nc1nc3ccccc3o1)=NC2c1ccccc1Cl,-5.134039,-4.093071,-4.908278,train
CN(C)C(=O)Cc1ccc2cc[nH]c2c1,-4.782837,-5.7889147,-4.9540825,train
CN(C)C(=O)Cc1ccc2ccccc2c1,-4.7433214,-5.158031,-4.736435,train
CN(C)C(=O)Cc1ccc2ccn(C)c2c1,-4.650114,-5.2442093,-4.713089,train
CN(C)C(=O)c1c[nH]c2ccccc12,-4.495673,-5.607096,-4.729748,train
CN(C)C(=O)c1cc2cnc(Nc3ccc(N4CCNCC4)cn3)nc2n1C1CCCC1,-5.486532,-3.9273343,-5.0114512,train
CN(C)C(=O)c1cccc(-c2ccc3nc(C(C#N)C(=O)NCC(=O)NC4CC4)sc3c2)c1,-7.900228,-7.785309,-7.3331137,train
CN(C)C(=O)c1cccc(-n2sc3ccccc3c2=O)c1,-4.732421,-3.4656641,-4.57282,train
CN(C)C(=O)c1cccc(NC(=O)c2cc(Cl)ccc2O)c1,-4.6492295,-4.719446,-4.7504153,train
CN(C)C(=O)c1cccc2ccccc12,-4.4623322,-4.8607473,-4.5207205,train
CN(C)C(CNc1nccc(-c2sc(C3CCNCC3)nc2-c2ccc(F)cc2)n1)C1CC1,-6.482021,-5.1822915,-5.200963,train
CN(C)C/C=C/C(=O)Nc1cccc(C(OCCN2CCCCC2)c2cc3nccc(C(=O)O)c3s2)c1,-5.5417075,-5.3726916,-5.115404,train
CN(C)C1CCN(C(=O)c2ccc(-c3ccc4ncc(-c5ccc(C#N)cc5)n4n3)cc2)CC1,-5.32553,-4.0145826,-5.0793977,train
CN(C)C1CCN(C(=O)c2ccc(-c3cn4c(-c5ccc(C#N)cc5)cnc4cn3)cc2)CC1,-5.278662,-3.840641,-5.021433,train
CN(C)C1CCN(C(=O)c2ccc(Cn3c(-c4ccccc4)nc4ccccc43)cc2)C1,-5.5829973,-4.554398,-5.1815968,train
CN(C)C1CCN(C(=O)c2ccc(NC(=O)Nc3ccc(-c4nc(N5CCOCC5)nc(N5CCOCC5)n4)cc3)cc2)CC1,-6.058945,-6.601976,-6.3180013,train
CN(C)C1CCN(c2cccc3c2C[C@H](CN(C)[C@H]2CCCc4cccnc42)NC3)CC1,-6.114146,-7.2331934,-6.63737,train
CN(C)CC(=O)NN1c2ccccc2Sc2cc(Cl)ccc21,-6.2912517,-5.0617757,-5.114051,train
CN(C)CC(=O)NN1c2ccccc2Sc2ccc(Cl)cc21,-6.3025208,-5.055358,-5.10832,train
CN(C)CCC(=O)NN1c2ccccc2Sc2cc(Cl)ccc21,-6.4978127,-5.013084,-5.187724,train
CN(C)CCC(=O)Nc1cccc(-c2nc3ccccc3s2)c1,-5.338027,-3.4743857,-4.7513475,train
CN(C)CCCCN(C[C@H]1Cc2ncccc2CN1)[C@H]1CCCc2cccnc21,-6.062981,-7.3996935,-6.6816525,train
CN(C)CCCN1c2ccccc2Sc2ccc(Cl)cc21,-6.5576916,-5.139651,-5.155372,train
CN(C)CCCN1c2ccccc2Sc2ccccc21,-6.5371375,-4.9288197,-5.0567536,train
CN(C)CCCNC(=O)/C=N/O,-4.7698703,-5.799001,-4.8761125,train
CN(C)CCCNc1nc(/C=C/c2ccc(S(C)(=O)=O)cc2)nc2ccc(Cl)cc12,-6.1590133,-6.0061464,-5.532148,train
CN(C)CCCNc1nccc(-c2c(-c3ccc(F)cc3)nc3ccccn23)n1,-5.1644053,-6.6501613,-5.565361,train
CN(C)CCCOC(=O)c1ccc2c(c1)c1nc(N3CCC[C@@H](N)C3)n(Cc3ccccc3Cl)c1c(=O)n2C,-5.9006615,-5.8873563,-5.8785615,train
CN(C)CCCOc1cccc(CNC(=O)c2ccc(-c3ccncc3)cc2)c1,-5.204092,-5.633912,-5.5853105,train
CN(C)CCN(C)C(=O)c1ccc(NC(=O)Nc2ccc(-c3nc(N4CCOCC4)nc(N4CCOCC4)n3)cc2)cc1,-5.8286743,-6.5013328,-6.197922,train
CN(C)CCN(C)c1ccc(Cn2c(=O)[nH]c3c(N)nc(C(F)(F)F)cc32)cn1,-5.6546474,-6.439482,-5.8412733,train
CN(C)CCN1CCN(Cc2cccc(C(=O)Nc3sc4c(c3C(=O)N/N=C/c3ccc(Cl)c(C(F)(F)F)c3)CCN(C3CC3)C4)c2)CC1,-6.874152,-6.727528,-6.994791,train
CN(C)CCNC(=O)/C=N/O,-4.6464305,-5.724371,-4.773638,train
CN(C)CCNC(=O)c1ccc(-c2cnc3ccc(NCC4CC4)nn23)cc1,-5.1100116,-4.1503496,-5.0519223,train
CN(C)CCNC(=O)c1ccc(-c2cnc3ccc(NCC4CC4)nn23)cc1F,-4.9850626,-3.8569808,-4.9489384,train
CN(C)CCNC(=O)c1ccc(-c2cnc3ccc(NCC4CC4)nn23)nc1,-5.0260468,-4.4697223,-5.0498986,train
CN(C)CCNC(=O)c1ccc(NC(=O)Nc2ccc(-c3nc(N4CCOCC4)nc(N4CCOCC4)n3)cc2)cc1,-5.9304075,-6.614073,-6.238187,train
CN(C)CCNS(=O)(=O)c1ccc(Nc2ncc3c(n2)-c2ccsc2CC3)cc1,-5.494408,-5.572294,-4.9194207,train
CN(C)CCNS(=O)(=O)c1ccc(Nc2nccc(-c3ccsc3)n2)cc1,-5.2765536,-5.4640646,-4.8777666,train
CN(C)CCNc1ccc(Cn2c(=O)[nH]c3c(N)nc(C(F)(F)F)cc32)cn1,-6.2588887,-7.117088,-6.467892,train
CN(C)CCNc1ccc2nc(-c3ccc(F)cc3)c(-c3ccnc(N)n3)n2n1,-5.639525,-7.0461683,-6.1909976,train
CN(C)CCNc1nc(/C=C/c2ccc(F)cc2)nc2ccccc12,-5.4820166,-5.6122108,-5.3131957,train
CN(C)CCNc1nc(/C=C/c2ccc(S(C)(=O)=O)cc2)nc2ccc(Cl)cc12,-6.3249264,-6.1068034,-5.6321163,train
CN(C)CCNc1nc(/C=C/c2ccc(S(C)(=O)=O)cc2)nc2ccccc12,-6.306774,-6.152576,-5.602119,train
CN(C)CCNc1nccc(-c2sc(C3CCNCC3)nc2-c2ccc(F)cc2)n1,-6.2423587,-5.4218564,-5.2454324,train
CN(C)CCOc1ccc(-c2cnc3c(-c4ccc(S(N)(=O)=O)c5ccccc45)cnn3c2)cn1,-4.6742725,-3.9401274,-4.8495374,train
CN(C)CCOc1ccc(/C(=C(/CCCO)c2ccccc2)c2ccc(O)cc2)cc1,-6.9180055,-6.7929897,-7.0722046,train
CN(C)CCOc1ccc(Cn2c(=O)[nH]c3c(N)nc(C(F)(F)F)cc32)cn1,-5.217185,-6.107712,-5.418739,train
CN(C)CCn1c(=O)c2cc(F)ccc2n2c(=S)[nH]nc12,-4.4540715,-3.7417798,-4.5712657,train
CN(C)CCn1c(CC(C)(C)C)nc2cc(S(=O)(=O)C3CN(C)C3)ccc21,-5.0435257,-5.407915,-4.845256,train
CN(C)CCn1c(CC(C)(C)C)nc2cc(S(=O)(=O)C3CN(CC(F)(F)F)C3)ccc21,-4.750754,-4.8909373,-4.669656,train
CN(C)CCn1c(CC(C)(C)C)nc2cc(S(=O)(=O)C3CN(CCO)C3)ccc21,-5.261924,-5.269623,-4.9095407,train
CN(C)CCn1cnc2c(c(-c3ccccc3)c(-c3ccccc3)n2Cc2ccccc2)c1=N,-5.068858,-2.9730265,-4.665078,train
CN(C)Cc1cc2nc(-c3ccc(F)cc3)c(-c3ccnc(N)n3)n2cn1,-5.172885,-6.956599,-5.7200403,train
CN(C)Cc1ccc(/C=C/c2n[nH]c3cc(/C=C4/C(=O)Nc5ccccc54)ccc23)cc1,-5.5209675,-4.549554,-5.3536935,train
CN(C)Cc1ccc2c(-c3ccnc(N)n3)c(-c3ccc(F)cc3)nn2c1,-4.7963853,-6.1436877,-5.079536,train
CN(C)Cc1ccc2c(NCc3ccc(NC(=O)c4ccc(F)cc4)cc3)nc(N(C)C)nc2c1,-5.393843,-6.487782,-5.8800597,train
CN(C)Cc1ccc2c(c1)nc(-c1ccc(F)cc1)n2-c1ccnc(N)n1,-5.2030916,-6.7236404,-5.7829723,train
CN(C)Cc1ccn2c(-c3ccnc(N)n3)c(-c3ccc(F)cc3)nc2c1,-5.0754676,-6.838637,-5.61659,train
CN(C)Cc1ccn2c(-c3ccnc(N)n3)c(-c3ccc(F)cc3)nc2n1,-4.9294405,-6.558305,-5.325983,train
CN(C)S(=O)(=O)NC(=O)CCc1ccccc1,-5.4262185,-5.6925592,-4.744206,train
CN(C)S(=O)(=O)c1cccc(-n2sc3ccccc3c2=O)c1,-4.464176,-3.2882373,-4.4012322,train
CN(C)S(=O)(=O)c1cn(Cc2nc3cc(Cl)ccc3n2CCCS(C)(=O)=O)c2ccccc12,-5.739764,-5.4356933,-4.9450593,train
CN(C)[C@@H](C(=O)N1CCC[C@H]1c1ncc(-c2ccc(-c3ccc(-c4cnc([C@@H]5CCCN5C(=O)[C@@H]5CCCO5)[nH]4)cc3)cc2)[nH]1)c1ccccc1,-6.3766794,-6.6211767,-6.35518,train
CN(C)[C@@H](C(=O)N1CCC[C@H]1c1ncc(-c2ccc(-c3ccc(-c4cnc([C@@H]5CCCN5C(=O)[C@H]5CCCO5)[nH]4)cc3)cc2)[nH]1)c1ccccc1,-6.3359447,-6.589998,-6.3517923,train
CN(C)[C@H]1CCN(c2cccc3c2C[C@H](CN(C)[C@H]2CCCc4cccnc42)NC3)C1,-5.9482822,-7.1622977,-6.4885397,train
CN(C)[C@H]1Cc2cccc(c2)OCCCC[C@@H](C(=O)NC2CCCC2)NC(=O)[C@H](CCN2CCOCC2)NC1=O,-5.980704,-7.283115,-6.4010334,train
CN(C)c1ccc(-c2ccc3c(=O)c4c([nH]c3c2)CCCC4)cc1,-4.856165,-4.2543645,-4.790875,train
CN(C)c1ccc(/C=N/NC(N)=S)cc1,-5.2861066,-4.874797,-4.9265113,train
CN(C)c1ccc2c(c1)c(=O)n(CCc1ccccc1)c1n[nH]c(=S)n21,-4.8564625,-3.7116272,-4.7133627,train
CN(C)c1cccc(Nc2nc3c(s2)CCCc2n[nH]cc2-3)n1,-4.9889174,-6.158522,-5.2512937,train
CN(C)c1cccc(Oc2ccc3c(NCCCNCc4ccc5c(c4)OCO5)ccnc3c2)c1,-4.9739194,-3.4000037,-4.673465,train
CN(C)c1cccc(Oc2ccc3c(NCCCNCc4ccco4)ccnc3c2)c1,-4.9719596,-3.3246665,-4.6747537,train
CN(C)c1cccc(S(=O)(=O)Nc2ccc(-c3cccc(Cl)c3)nn2)c1,-5.7072616,-4.3366632,-4.959025,train
CN(C)c1cccc(S(=O)(=O)Nc2ccc(-c3ccccc3N3CCCC3)nn2)c1,-5.7192717,-4.7590714,-4.9992285,train
CN(C)c1ccccc1S(=O)(=O)Nc1ccc(-c2cccc(Cl)c2)nn1,-5.621234,-4.1516476,-4.8958664,train
CN(C)c1nc(NCc2ccc(NC(=O)c3ccc(F)cc3)cc2)c2ccc(C#N)cc2n1,-5.187379,-5.964613,-5.4385414,train
CN(C/C=C\CN)C[C@H]1O[C@@H](n2cnc3c(N)ncnc32)[C@H](O)[C@@H]1O,-6.5235357,-6.8408566,-6.4374313,train
CN(CC(O)c1cc2ncccc2n1S(=O)(=O)c1ccccc1)C(=O)c1ccccc1,-5.6267395,-5.0213623,-4.9365563,train
CN(CCN1CCCC1)C(=O)c1cc(-c2ccc(CN3CCOCC3)cc2)nc2ccc(F)cc12,-5.801901,-6.9477215,-6.203825,train
CN(CCN1CCCCC1)c1ccc(Cn2c(=O)[nH]c3c(N)nc(C(F)(F)F)cc32)cn1,-5.5417395,-5.784428,-5.4315405,train
CN(CC[C@H](c1ccccc1)c1cc(N)nc2[nH]nnc12)C12CCC(c3ccccc3)(CC1)CC2,-6.5417404,-8.4427395,-7.4129543,train
CN(CCc1cc2ncccc2[nH]1)C(=O)c1ccccc1,-5.9271655,-5.653868,-5.3327055,train
CN(CCc1ccccc1)S(=O)(=O)/C=C/c1ccc(O)c(O)c1,-4.997653,-5.376763,-4.9914474,train
CN(C[C@@H]1CCCN1)C(=O)c1ccc(-c2cnc3ccc(NCC4CC4)nn23)cc1,-5.280195,-4.8177314,-5.129476,train
CN(C[C@@H]1Cc2ncccc2CN1)[C@H]1CCCc2cccnc21,-5.6831183,-6.991586,-6.1107893,train
CN(C[C@H]1Cc2c(cccc2N2CCN(C3CC3)CC2)CN1)[C@H]1CCCc2cccnc21,-5.7092843,-6.269712,-6.0635653,train
CN(C[C@H]1Cc2c(cccc2N2CCN(C3COC3)CC2)CN1)[C@H]1CCCc2cccnc21,-6.022948,-6.8572497,-6.448676,train
CN(C[C@H]1Cc2c(cccc2N2CCN3CCC[C@@H]3C2)CN1)[C@H]1CCCc2cccnc21,-5.7830043,-6.465419,-6.1375237,train
CN(C[C@H]1Cc2c(cccc2N2CCN3CCC[C@H]3C2)CN1)[C@H]1CCCc2cccnc21,-5.781021,-6.3388624,-6.099038,train
CN(Cc1cc(C(F)(F)F)cc(C(F)(F)F)c1)C(=O)c1c(OCCCC2CCN(C(=O)OC(C)(C)C)CC2)c2ccccc2n(C)c1=O,-6.4100494,-7.0702524,-6.2759514,train
CN(Cc1cccc(F)c1)C(=O)c1cnc(-c2ccc(S(C)(=O)=O)c([N+](=O)[O-])c2)s1,-5.1027927,-3.6787257,-4.8291116,train
CN(Cc1cccc(F)c1)C(=O)c1sc(-c2ccc(S(C)(=O)=O)c([N+](=O)[O-])c2)nc1C(F)(F)F,-5.430745,-3.720098,-4.7809634,train
CN(Cc1ccccc1)C(=O)c1sc(-c2ccc(S(C)(=O)=O)c([N+](=O)[O-])c2)nc1C(F)(F)F,-5.3849773,-3.5524375,-4.729981,train
CN(Cc1ccccc1F)C(=O)c1sc(-c2ccc(S(C)(=O)=O)c([N+](=O)[O-])c2)nc1C(F)(F)F,-5.4147463,-3.5786211,-4.749421,train
CN(c1ccccc1)c1ccc2c(c1)CCC[C@H]2CNc1cnccc1C(=O)O,-6.6155925,-7.544486,-6.4965963,train
CN/C(=N\CCSCc1nc[nH]c1C)NC#N,-6.002072,-6.1199346,-5.457615,train
CN1C(=O)C(c2ccccc2)(C2CCCCC2)N=C1N,-5.6081862,-5.3822765,-4.871621,train
CN1C(=O)C(c2ccccc2)(c2ccccc2)N=C1N,-5.0723944,-5.283791,-4.820782,train
CN1C(=O)N(c2ccc(C#N)c(C(F)(F)F)c2)C(=O)C1(C)c1ccc(O)cc1,-5.31409,-5.3154974,-5.0155206,train
CN1C(=O)N(c2ccc(C#N)c(C(F)(F)F)c2)C(=O)C1(C)c1ccc(OCCOCCOCCOCCOc2cccc3c2CN([C@H]2CCC(=O)NC2=O)C3=O)cc1,-5.968383,-6.516172,-5.886228,train
CN1C(C(=O)Nc2ccccn2)=C(O)c2ccccc2S1(=O)=O,-6.4394493,-5.859443,-4.967674,train
CN1CC(=O)N2[C@H](c3ccc4c(c3)OCO4)c3[nH]c4ccccc4c3C[C@@H]2C1=O,-6.5381804,-6.9560604,-6.061035,train
CN1CC(=O)N[C@@H](CSC(c2ccccc2)(c2ccccc2)c2ccccc2)C(=O)N(C)CC(=O)N[C@@H](CSC(c2ccccc2)(c2ccccc2)c2ccccc2)C(=O)N(C)CC(=O)N[C@@H](CCC(=O)O)C1=O,-6.3334546,-6.4001293,-5.8847475,train
CN1CC(=O)N[C@@H](CSC(c2ccccc2)(c2ccccc2)c2ccccc2)C(=O)N(C)CC(=O)N[C@@H](CSC(c2ccccc2)(c2ccccc2)c2ccccc2)C(=O)N(C)CC(=O)N[C@@H](COC(C)(C)C)C1=O,-6.1106296,-6.4793406,-5.825084,train
CN1CC(=O)N[C@@H](CSC(c2ccccc2)(c2ccccc2)c2ccccc2)C(=O)N[C@@H](Cc2ccccc2)C(=O)N[C@@H](COC(C)(C)C)C(=O)N(C)CC(=O)N[C@@H](CSC(c2ccccc2)(c2ccccc2)c2ccccc2)C1=O,-6.0309258,-6.539461,-5.8149457,train
CN1CCC(C(=O)Nc2nc(-c3ccc(F)cc3)c(-c3ccnc(Nc4ccc(N5CCNCC5)cc4)n3)s2)CC1,-6.2218246,-5.8853073,-6.0474863,train
CN1CCC(N(C)c2cccc3c2C[C@H](CN(C)[C@H]2CCCc4cccnc42)NC3)CC1,-6.454477,-7.664686,-7.007035,train
CN1CCC(NC(=O)c2cc(Cl)ccc2O)CC1,-4.806778,-5.2558107,-5.0233817,train
CN1CCC(NC(=O)c2cnc(NCc3cc(Cl)ccc3Cl)nc2NC2CCC(N(C)C)CC2)CC1,-6.1824713,-6.0554733,-6.2910185,train
CN1CCC(NC(=O)c2cnc(NCc3cc(Cl)ccc3Cl)nc2NC2CCNCC2)CC1,-6.841116,-6.9810457,-7.0374904,train
CN1CCC(NC(=O)c2cnc(Nc3cc(Cl)cc(Cl)c3)nc2NC2CCC(N(C)C)CC2)CC1,-6.3405557,-6.242458,-6.455994,train
CN1CCC(NC(=O)c2cnc(Nc3cc(Cl)cc(Cl)c3)nc2N[C@@H]2COC[C@H]2O)CC1,-5.8913536,-5.8221574,-5.970474,train
CN1CCC(NC(=O)c2cnc(Nc3cc(Cl)cc(Cl)c3)nc2N[C@H]2CCCCNC2=O)CC1,-6.5560026,-6.445229,-6.571179,train
CN1CCC(Nc2ccc3ncc(-c4cnn(-c5cccc(F)c5)c4)n3n2)CC1,-5.701408,-7.0284643,-6.2508016,train
CN1CCC(Nc2ccc3ncc(-c4cnn(-c5cnccn5)c4)n3n2)CC1,-6.304395,-7.9908166,-6.8466287,train
CN1CCC(Nc2nccc(-c3sc(C4CCNCC4)nc3-c3ccc(F)cc3)n2)C1,-5.81925,-5.305579,-5.2485228,train
CN1CCC(Oc2ccc3ncc(-c4cnn(-c5ccc(F)cc5)c4)n3n2)CC1,-5.0283556,-6.4458485,-5.5432405,train
CN1CCC(c2nc(-c3ccc(F)c(NS(C)(=O)=O)c3)c(-c3ccnc(NCC4CC4)n3)s2)CC1,-5.611114,-5.031604,-5.0744658,train
CN1CCC(c2nc(-c3ccc(F)cc3)c(-c3ccnc(Nc4ccc(N5CCNCC5)cc4)n3)s2)CC1,-5.8965383,-5.07607,-5.264792,train
CN1CCC(n2cc(CNc3cc(Cl)c4ncc(C#N)c(Nc5ccc(F)c(Cl)c5)c4c3)nn2)CC1,-7.4504457,-6.6183195,-6.9593105,train
CN1CCCC1CCOc1ccc(/C(=C(/CCCO)c2ccccc2)c2ccc(Br)cc2)cc1,-7.281343,-6.8282843,-7.0821466,train
CN1CCCC1CCOc1ccc(/C(=C(/CCCO)c2ccccc2)c2ccc(O)cc2)cc1,-7.227551,-6.991769,-7.3679867,train
CN1CCCC1CCn1c(=O)c2cc(F)ccc2n2c(=S)[nH]nc12,-4.623792,-4.292045,-4.6921806,train
CN1CCCCC1(C)c1nc(C(=O)NCc2ccc(F)cc2)c(O)c(=O)[nH]1,-4.9232855,-5.0687866,-4.8532333,train
CN1CCCCC1(C)c1nc(C(=O)NCc2ccc(F)cc2)c(O)c(=O)n1C,-4.837321,-4.7894483,-4.6774263,train
CN1CCCCC1c1nc(C(=O)NCc2ccc(F)cc2)c(O)c(=O)n1C,-4.925714,-5.0685434,-4.738047,train
CN1CCCCC1c1nc(O)c(O)c(C(=O)NCc2ccc(F)cc2)n1,-5.287551,-5.860681,-5.2053056,train
CN1CCC[C@@H]1COc1ccc(/C(=C(/CCCO)c2ccccc2)c2ccc(O)cc2)cc1,-6.387935,-6.383896,-6.6860785,train
CN1CCC[C@H]1COc1ccc(/C(=C(/CCCO)c2ccccc2)c2ccc(Br)cc2)cc1,-6.467684,-6.445144,-6.5869527,train
CN1CCCc2c1nc(N1CCC3(CC1)C(=O)N(CCO)c1cc(F)cc(F)c13)[nH]c2=O,-4.752303,-5.186924,-4.82886,train
CN1CCCc2c1nc(N1CCC3(CC1)CN(CCO)c1cc(F)cc(F)c13)[nH]c2=O,-4.733101,-5.2961664,-4.7988067,train
CN1CCN(C(=O)c2ccc(-c3ccc4nc(C(C#N)C(=O)NCC(=O)NC5CC5)sc4c3)cc2)CC1,-7.7777247,-7.8657765,-7.561864,train
CN1CCN(C(=O)c2ccc(-c3ccc4ncc(-c5ccc(C#N)cc5)n4c3)cc2)CC1,-5.0480366,-4.064505,-5.063322,train
CN1CCN(C(=O)c2ccc(-c3cn4c(-c5ccc(C#N)cc5)cnc4cn3)cc2)CC1,-5.1181045,-3.9389687,-5.0094147,train
CN1CCN(C(=O)c2ccc(-c3cn4c(-c5ccc(C(=O)O)cc5)cnc4cn3)cc2)CC1,-5.764965,-5.7033277,-5.50835,train
CN1CCN(C(=O)c2ccc(-c3cn4c(-c5ccc(C(F)(F)F)cc5)cnc4cn3)cc2)CC1,-4.8653,-3.49866,-4.850299,train
CN1CCN(C(=O)c2ccc(-c3cn4c(-c5ccc(C(N)=O)cc5)cnc4cn3)cc2)CC1,-6.0487523,-5.130431,-5.782207,train
CN1CCN(C(=O)c2ccc(-c3cn4c(-c5ccc(O)cc5)cnc4cn3)cc2)CC1,-5.5144124,-4.7679243,-5.3429832,train
CN1CCN(C(=O)c2ccc(-c3cn4c(-c5cccc(O)c5)cnc4cn3)cc2)CC1,-5.4497066,-4.4644403,-5.1838408,train
CN1CCN(C(=O)c2ccc(N3CCc4c(-c5cnc(N)nc5)nc(N5CCOCC5)nc43)cn2)CC1,-5.3453426,-5.6478467,-5.3504076,train
CN1CCN(C(=O)c2ccc(OCc3cccc(Cl)c3)c(Cl)c2)CC1=O,-5.995692,-4.713997,-5.2730284,train
CN1CCN(C(=O)c2ccc3[nH]cc(C(=O)c4ccccc4)c3c2)CC1,-5.576434,-6.4724207,-6.072917,train
CN1CCN(C(=O)c2ccc3c(c2)c(C(=O)c2ccccc2)cn3C)CC1,-5.1482425,-5.6035733,-5.349086,train
CN1CCN(C(=O)c2ccc3ccc(C(=O)c4ccccc4)c-3cc2)CC1,-5.402465,-5.678947,-5.554955,train
CN1CCN(C(=O)c2cccc(N3CCc4c(-c5cnc(N)nc5)nc(N5CCOCC5)nc43)c2)CC1,-5.3822603,-5.520218,-5.388554,train
CN1CCN(C(=O)c2cncc(N3CCc4c(-c5cnc(N)nc5)nc(N5CCOCC5)nc43)c2)CC1,-5.4967527,-5.8703475,-5.5835447,train
CN1CCN(C(=O)c2cnccn2)C(C)(c2nc(C(=O)NCc3ccc(F)cc3)c(O)c(=O)[nH]2)C1,-5.351445,-5.286362,-5.11898,train
CN1CCN(C(=O)c2cnccn2)C(c2nc(C(=O)NCc3ccc(F)cc3)c(O)c(=O)[nH]2)C1,-5.8944383,-6.356778,-5.837837,train
CN1CCN(C(c2ccc(Cl)cc2)c2ccc(Cl)cc2)CC1,-4.356825,-2.9758258,-4.4946275,train
CN1CCN(CC(=O)NCCCn2c(=O)c3cc(F)ccc3n3c(=S)[nH]nc23)CC1,-5.2404184,-5.086057,-5.021174,train
CN1CCN(CCC(=O)NN2c3ccccc3Sc3cc(Cl)ccc32)CC1,-6.018395,-4.8333993,-5.228746,train
CN1CCN(CCC(=O)NN2c3ccccc3Sc3cc([N+](=O)[O-])ccc32)CC1,-5.8358154,-4.7968216,-5.2613506,train
CN1CCN(CCC(=O)NN2c3ccccc3Sc3ccccc32)CC1,-5.9474154,-4.867994,-5.1088653,train
CN1CCN(CCCN(C[C@H]2Cc3ccccc3CN2)[C@H]2CCCc3cccnc32)CC1,-5.912526,-6.6815677,-6.4319525,train
CN1CCN(CCCN(C[C@H]2Cc3ccccc3CN2C)[C@H]2CCCc3cccnc32)CC1,-5.726204,-6.4375486,-6.1553535,train
CN1CCN(CCN(C)c2ccc(Cn3c(=O)[nH]c4c(N)nc(C(F)(F)F)cc43)cn2)CC1,-5.6810822,-6.1073256,-5.756286,train
CN1CCN(CCNc2nccc(-c3sc(C4CCNCC4)nc3-c3ccc(F)cc3)n2)CC1,-5.7845993,-4.959454,-5.258884,train
CN1CCN(Cc2ccc(N3CCc4c(-c5cnc(N)nc5)nc(N5CCOCC5)nc43)cc2)CC1,-5.326039,-5.483085,-5.29663,train
CN1CCN(Cc2ccc(NC(=O)CNc3ccc(-c4ccc(NC(=O)C5CC5)nc4)cc3F)cc2C(F)(F)F)CC1,-5.309147,-4.31286,-5.241664,train
CN1CCN(S(=O)(=O)N(C)C)CC1(C)c1nc(C(=O)NCc2ccc(F)cc2)c(O)c(=O)n1C,-4.787293,-4.430661,-4.5660605,train
CN1CCN(S(=O)(=O)N(C)C)CC1c1nc(C(=O)NCc2ccc(F)cc2)c(O)c(=O)n1C,-5.181362,-5.176123,-4.7891717,train
CN1CCN(S(C)(=O)=O)CC1(C)c1nc(C(=O)NCc2ccc(F)cc2)c(O)c(=O)n1C,-4.7787476,-4.5640426,-4.5695076,train
CN1CCN(S(C)(=O)=O)CC1c1nc(C(=O)NCc2ccc(F)cc2)c(O)c(=O)n1C,-5.3317246,-5.383211,-4.840005,train
CN1CCN([C@@H](c2ccccc2)c2ccc(Cl)cc2)CC1,-4.322175,-2.9449744,-4.463694,train
CN1CCN([C@H]2C[C@@H](c3nc(-c4ccc5ccc(-c6ccccc6)nc5c4F)c4c(N)ncnn43)C2)CC1,-5.1100683,-5.3130283,-5.2423997,train
CN1CCN(c2cc(Cl)c(C(=O)Nc3cccc(-c4nc5ccccc5s4)c3)cc2[N+](=O)[O-])CC1,-6.2532725,-4.4877486,-5.2333865,train
CN1CCN(c2cc(F)c(-c3ccc(C(=O)N(C)C)cc3)cc2Nc2ncnc(Cl)c2N)CC1,-5.531102,-4.555593,-5.140665,train
CN1CCN(c2cc(F)c(-c3ccc(C(=O)N4CCOCC4)cc3)cc2Nc2ncnc(Cl)c2N)CC1,-5.74661,-4.848488,-5.2886715,train
CN1CCN(c2cc(F)c(-c3ccc(C(=O)NCC4CCOCC4)cc3)cc2Nc2ncnc(Cl)c2N)CC1,-5.6632166,-4.994297,-5.2758236,train
CN1CCN(c2cc(F)c(-c3ccc(C(=O)NCCCN4CCOCC4)cc3)cc2Nc2ncnc(Cl)c2N)CC1,-5.678259,-4.920692,-5.3557005,train
CN1CCN(c2cc(F)c(-c3ccc(C(=O)NCCN4CCOCC4)cc3)cc2Nc2ncnc(Cl)c2N)CC1,-5.8255143,-5.0920877,-5.503052,train
CN1CCN(c2cc(F)c3c(c2)N(C)C(=O)C32CCN(c3nc4c(c(=O)[nH]3)CCCN4C)CC2)CC1,-5.144923,-4.8065557,-4.9806366,train
CN1CCN(c2ccc(/C=C/c3n[nH]c4cc(/C=C5/C(=O)Nc6ccccc65)ccc34)cn2)CC1,-5.6948447,-4.4276047,-5.3238277,train
CN1CCN(c2ccc(CNc3nc(N4CCOCC4)nc4c3ncn4-c3cccc(F)c3)cc2)CC1,-5.279724,-6.345876,-5.7298,train
CN1CCN(c2ccc(CNc3nc(N4CCOCC4)nc4c3ncn4-c3cccc(F)c3)nc2)CC1,-5.0429406,-6.071909,-5.417424,train
CN1CCN(c2ccc(Cn3c(=O)[nH]c4c(N)nc(C(F)(F)F)cc43)cn2)CC1,-5.50496,-5.502844,-5.154199,train
CN1CCN(c2ccc(Nc3nccc(-c4sc(C5CCNCC5)nc4-c4ccc(F)cc4)n3)cc2)CC1,-6.0519795,-4.5284386,-5.1707115,train
CN1CCN(c2ccc(Nc3nccc(-c4sc(N)nc4-c4ccc(F)cc4)n3)cc2)CC1,-5.2634387,-5.02289,-4.924321,train
CN1CCN(c2ccc(OC(F)(F)F)c(Nc3ncc4c(n3)-c3c(c(C(N)=O)nn3C)CC4)c2)CC1,-5.399899,-4.432953,-4.9025755,train
CN1CCN(c2ccc(OC(F)(F)F)c(Nc3ncc4c(n3)-c3c(c(C(N)=O)nn3CCCN)CC4)c2)CC1,-6.8556376,-5.5019784,-5.8140426,train
CN1CCN(c2ccc(OC(F)(F)F)c(Nc3ncc4c(n3)-c3c(c(C(N)=O)nn3CCF)CC4)c2)CC1,-5.5316496,-4.344511,-4.932118,train
CN1CCN(c2ccc3c(=O)c4cccc(F)c4oc3c2)CC1,-5.017372,-5.7027955,-4.785023,train
CN1CCN(c2cccc3c2C[C@H](CN(C)[C@H]2CCCc4cccnc42)N(C)C3)CC1,-5.8590136,-6.447609,-6.0661707,train
CN1CCN(c2cccc3c2C[C@H](CN(C)[C@H]2CCCc4cccnc42)NC3)CC1,-5.964905,-6.6253157,-6.2374835,train
CN1CCN(c2ccccc2CNc2cnn(C)c(=O)c2)CC1,-6.1299405,-6.5205245,-5.5563293,train
CN1CCNC(=O)COc2ccc(F)cc2C(=O)N2CCCC[C@H]2c2cc3nc(N4CC(N)C4)cc1n3n2,-6.252108,-5.2375283,-5.4114614,train
CN1CCNC(=O)COc2ccc(F)cc2C(=O)N2CCCC[C@H]2c2cc3nc(N4CC(O)C4)cc1n3n2,-6.094228,-5.141582,-5.255585,train
CN1CCNC(=O)COc2ccc(F)cc2C(=O)N2CCCC[C@H]2c2cc3nc(N4CCC4)cc1n3n2,-5.7353287,-4.927007,-5.1520452,train
CN1CCNC(=O)COc2ccc(F)cc2C(=O)N2CCCC[C@H]2c2cc3nc(N4CC[C@H](N)C4)cc1n3n2,-6.1657257,-5.576321,-5.6466327,train
CN1CC[C@@]23CCCC[C@@H]2[C@@H]1Cc1ccc(O)cc13,-4.4678755,-4.8719068,-4.637856,train
CN1CC[C@H]2CN(c3cccc4c3C[C@H](CN(C)[C@H]3CCCc5cccnc53)NC4)C[C@H]21,-6.3323903,-7.637332,-6.833475,train
CN1CC[C@]23CCCC[C@H]2[C@H]1Cc1ccc(O)cc13,-4.5208845,-5.222725,-4.7726083,train
CN1CC[C@]23c4c5ccc(O)c4O[C@H]2C(=O)CC[C@@]3(O)[C@H]1C5,-4.874334,-5.318664,-4.9856753,train
CN1CC[C@]23c4c5ccc(O)c4O[C@H]2[C@@H](O)C=C[C@H]3[C@H]1C5,-4.808625,-5.8512154,-5.0197716,train
CN1CCc2[nH]c3ccccc3c(=O)c2C1,-5.081887,-5.048052,-4.946637,train
CN1CCc2cccc(c2)[C@@H](Nc2ccc3c(N)ncc(F)c3c2)C(=O)N(C)Cc2cc(ccc2S(=O)(=O)C2CC2)NC1=O,-6.969816,-6.4196086,-6.1523485,train
CN1C[C@@H]2CN(c3cccc4c3C[C@H](CN(C)[C@H]3CCCc5cccnc53)NC4)C[C@@H]2C1,-6.4325047,-7.9285,-6.9233656,train
CN1Cc2c(Cl)cc(Cl)cc2C(c2ccc(NC(=O)N[C@@H](CC(=O)O)C(=O)O)cc2)C1,-7.1734114,-6.8345337,-6.77758,train
CN1Cc2c(Cl)cc(Cl)cc2C(c2ccc(NC(=O)N[C@@H](CCC(=O)O)C(=O)O)cc2)C1,-6.9257154,-6.8099537,-6.658213,train
CN1Cc2c(Cl)cc(Cl)cc2C(c2ccc(NS(=O)(=O)NCCP(=O)(O)O)cc2)C1,-6.6873856,-6.0449634,-5.5109406,train
CN1Cc2c(Cl)cc(Cl)cc2C(c2ccc(S(=O)(=O)N(CC(=O)O)CP(=O)(O)O)cc2)C1,-7.829381,-6.3442936,-6.244301,train
CN1Cc2c(Cl)cc(Cl)cc2C(c2ccc(S(=O)(=O)N(CCC(=O)O)CCC(=O)O)cc2)C1,-6.487101,-6.630494,-6.2117524,train
CN1Cc2c(Cl)cc(Cl)cc2C(c2ccc(S(=O)(=O)NCCOCCOCCNS(=O)(=O)c3ccc(C4CN(C)Cc5c(Cl)cc(Cl)cc54)cc3)cc2)C1,-7.6273723,-7.50366,-7.159682,train
CN1Cc2c(Cl)cc(Cl)cc2C(c2ccc(S(=O)(=O)NCc3ccc(CNS(=O)(=O)c4ccc(C5CN(C)Cc6c(Cl)cc(Cl)cc65)cc4)cc3)cc2)C1,-7.2295628,-6.8300548,-6.675528,train
CN1Cc2c(Cl)cc(Cl)cc2C(c2ccc(S(=O)(=O)NCc3ccc(CP(=O)(O)O)cc3)cc2)C1,-6.851103,-5.9530416,-5.5495324,train
CN1Cc2c(Cl)cc(Cl)cc2C(c2ccc(S(=O)(=O)Nc3ccc(CP(=O)(O)O)cc3)cc2)C1,-7.002713,-6.041273,-5.7494874,train
CN1Cc2c(Cl)cc(Cl)cc2C(c2ccc(S(=O)(=O)Nc3ccc(P(=O)(O)O)cc3)cc2)C1,-6.9512863,-6.6613393,-6.120961,train
CN1Cc2c(Cl)cc(Cl)cc2C(c2cccc(NC(=O)N[C@@H](CC(=O)O)C(=O)O)c2)C1,-7.2300606,-6.7827044,-6.7600513,train
CN1Cc2c(Cl)cc(Cl)cc2C(c2cccc(NC(=O)N[C@@H](CCC(=O)O)C(=O)O)c2)C1,-6.9808702,-6.7777505,-6.641032,train
CN1Cc2c(Cl)cc(Cl)cc2C(c2cccc(NS(=O)(=O)NCCP(=O)(O)O)c2)C1,-6.7910647,-6.046007,-5.5217257,train
CN1Cc2c(Cl)cc(Cl)cc2C(c2cccc(S(=O)(=O)N(CC(=O)O)CP(=O)(O)O)c2)C1,-7.7723656,-6.307391,-6.1841846,train
CN1Cc2c(Cl)cc(Cl)cc2C(c2cccc(S(=O)(=O)NCCN(CCNS(=O)(=O)c3cccc(C4CN(C)Cc5c(Cl)cc(Cl)cc54)c3)CCNS(=O)(=O)c3cccc(C4CN(C)Cc5c(Cl)cc(Cl)cc54)c3)c2)C1,-8.753666,-7.7214575,-7.992308,train
CN1Cc2c(Cl)cc(Cl)cc2C(c2cccc(S(=O)(=O)Nc3ccc(CP(=O)(O)O)cc3)c2)C1,-7.091747,-6.0599604,-5.779086,train
CN1Cc2cc(ccc2S(=O)(=O)C2CC2)NC(=O)CCc2cccc(c2)[C@@H](Nc2ccc3c(N)ncc(F)c3c2)C1=O,-6.535417,-6.2768,-5.8574147,train
CN1Cc2ccc(Cl)cc2C(c2cccc(S(=O)(=O)NCCP(=O)(O)O)c2)C1,-7.090005,-6.089394,-5.394069,train
CN1Cc2cccc(N3CCNCC3)c2C[C@@H]1CN(C)[C@H]1CCCc2cccnc21,-6.4168015,-7.4983187,-6.80418,train
CN1Cc2ccccc2C(c2ccc(S(=O)(=O)NCCN(CCNS(=O)(=O)c3ccc(C4CN(C)Cc5c(Cl)cc(Cl)cc54)cc3)CCNS(=O)(=O)c3ccc(C4CN(C)Cc5c(Cl)cc(Cl)cc54)cc3)cc2)C1,-8.316366,-7.573746,-7.6306696,train
CNC(=O)C(=O)N1CCN(c2ccc(Nc3nc(NC4CCCCC4)c4nc[nH]c4n3)c(OC)c2)CC1,-4.442148,-2.8604038,-4.661959,train
CNC(=O)C1CC(=O)C2=C(C1)NC(Nc1nc3ccccc3o1)=NC2c1ccccc1Cl,-5.3915043,-4.347003,-5.041932,train
CNC(=O)Cn1cc(-c2ccc3c(c2)[C@H](F)C[C@]32NC(=O)N(CC(=O)N(Cc3ccc(F)cc3)[C@@H](C)C(F)(F)F)C2=O)cn1,-5.9863787,-6.1134095,-5.7386465,train
CNC(=O)Nc1ccc2c(c1)CC[C@@]21OC(=O)N(CC(=O)N(Cc2ccc(F)cc2)[C@@H](C)C(F)(F)F)C1=O,-6.1018114,-5.885502,-5.7087007,train
CNC(=O)[C@@H](NC(=O)c1ccc(-c2ccc(CNc3nc4c(c(=O)[nH]3)CCC4)c(F)c2)o1)C(C)C,-6.263178,-7.955342,-6.953518,train
CNC(=O)[C@@H](NC(=O)c1ccc(-c2ccc(CSc3nc4c(c(=O)[nH]3)CCC4)c(F)c2)o1)C(C)(C)C,-5.7912455,-7.236861,-6.4506125,train
CNC(=O)[C@@H](NC(=O)c1ccc(-c2ccc(CSc3nc4c(c(=O)[nH]3)CCC4)c(F)c2)o1)C(C)C,-6.1051784,-7.5045753,-6.6145835,train
CNC(=O)[C@@H](NC(=O)c1ccc(-c2ccc(CSc3nc4c(c(=O)[nH]3)CCC4)c(F)c2)o1)C1CC1,-6.549782,-7.594796,-6.816703,train
CNC(=O)[C@@H](NC(=O)c1csc(-c2ccc(CSc3nc4c(c(=O)[nH]3)CCC4)c(F)c2)n1)C(C)C,-5.996118,-6.95201,-6.3385253,train
CNC(=O)c1cc(C(=O)NC(C)C)cn(Cc2ccccc2)c1=O,-5.103983,-6.2729044,-5.364947,train
CNC(=O)c1cc(C(=O)NC2CC2)cn(CC2CCCCC2)c1=O,-5.1461797,-6.2321105,-5.1721144,train
CNC(=O)c1cc(C(=O)NC2CC2)cn(CC2CCCCO2)c1=O,-5.1489353,-7.0440435,-5.4964314,train
CNC(=O)c1cc(C(=O)NC2CC2)cn(CC2CCCOC2)c1=O,-5.4710984,-7.3805294,-5.893083,train
CNC(=O)c1cc(C(=O)NC2CC2)cn(CC2CCOCC2)c1=O,-5.3654547,-7.397873,-5.797463,train
CNC(=O)c1cc(C(=O)NC2CC2)cn(Cc2ccc(C)cc2)c1=O,-4.87863,-6.309392,-5.2397513,train
CNC(=O)c1cc(C(=O)NC2CC2)cn(Cc2ccc(F)cc2)c1=O,-5.0025673,-6.5835114,-5.3922615,train
CNC(=O)c1cc(C(=O)NC2CC2)cn(Cc2ccc(OC)cc2)c1=O,-5.0180054,-6.3159914,-5.3084354,train
CNC(=O)c1cc(C(=O)NC2CC2)cn(Cc2cccc(C#N)c2)c1=O,-5.2941937,-6.6803,-5.6905494,train
CNC(=O)c1cc(C(=O)NC2CC2)cn(Cc2cccc(C)c2)c1=O,-5.0128913,-6.3565054,-5.4654284,train
CNC(=O)c1cc(C(=O)NC2CC2)cn(Cc2cccc(CCN3CCOCC3)c2)c1=O,-5.8777328,-7.203742,-6.4271784,train
CNC(=O)c1cc(C(=O)NC2CC2)cn(Cc2cccc(OC)c2)c1=O,-4.9596486,-6.09502,-5.223955,train
CNC(=O)c1cc(C(=O)NC2CC2)cn(Cc2cccc3[nH]ccc23)c1=O,-5.223692,-6.8566732,-5.707958,train
CNC(=O)c1cc(C(=O)NC2CC2)cn(Cc2cccc3[nH]ncc23)c1=O,-5.447833,-7.226527,-6.0739264,train
CNC(=O)c1cc(C(=O)NC2CC2)cn(Cc2cccc3c2CCN3)c1=O,-5.4149575,-6.9056406,-5.836597,train
CNC(=O)c1cc(C(=O)NC2CC2)cn(Cc2cccc3cc[nH]c23)c1=O,-5.1457133,-6.6685534,-5.5872984,train
CNC(=O)c1cc(C(=O)NC2CC2)cn(Cc2cccc3cn[nH]c23)c1=O,-5.378767,-7.054912,-5.9749956,train
CNC(=O)c1cc(C(=O)NC2CC2)cn(Cc2cccc3occc23)c1=O,-5.055919,-6.5913,-5.338644,train
CNC(=O)c1cc(C(=O)NC2CC2)cn(Cc2ccccc2)c1=O,-5.097623,-6.661125,-5.462341,train
CNC(=O)c1cc(C(=O)NC2CC2)cn(Cc2ccccc2F)c1=O,-5.0869346,-6.5541315,-5.4606166,train
CNC(=O)c1cc(C(=O)NC2CC2)cn([C@H](C)c2ccccc2)c1=O,-4.945949,-6.323536,-5.2811394,train
CNC(=O)c1cc(C(=O)NC2CCC2)cn(Cc2cccc(NC)c2)c1=O,-5.5412717,-6.98135,-6.0949216,train
CNC(=O)c1cc(C(=O)NC2CCC2)cn(Cc2ccccc2)c1=O,-4.985577,-6.408061,-5.3081627,train
CNC(=O)c1cc(C(=O)NC2CCC2)cn(Cc2ccccn2)c1=O,-5.000914,-6.7925887,-5.402144,train
CNC(=O)c1cc(C(=O)NC2CCC2)cn(Cc2cccnc2)c1=O,-5.135059,-6.8433986,-5.599108,train
CNC(=O)c1cc(C(=O)NC2CCC2)cn(Cc2ccncc2)c1=O,-5.4291773,-7.2379827,-6.025046,train
CNC(=O)c1cc(C(=O)NC2CCOCC2)cn(Cc2ccccc2)c1=O,-5.159325,-7.0743036,-5.6792154,train
CNC(=O)c1cc(C(=O)NCCC(C)C)cn(Cc2ccccc2)c1=O,-5.2520003,-6.2204847,-5.448888,train
CNC(=O)c1cc(C(=O)NCCC2CCCNC2)cn(Cc2ccccc2)c1=O,-6.7426734,-8.197471,-7.209163,train
CNC(=O)c1cc(C(=O)NCCC2CCOCC2)cn(Cc2ccccc2)c1=O,-5.438707,-6.8752694,-5.7496324,train
CNC(=O)c1cc(C(=O)NCCCC2CCCNC2)cn(Cc2ccccc2)c1=O,-6.6411133,-7.991438,-7.062709,train
CNC(=O)c1cc(C(=O)NCCCC2CNCCO2)cn(Cc2ccccc2)c1=O,-6.2525883,-7.6498957,-6.711579,train
CNC(=O)c1cc(C(=O)NCCO)cn(Cc2ccccc2)c1=O,-5.740913,-7.1576815,-5.970707,train
CNC(=O)c1cc(C(N)=O)cn(Cc2ccccc2)c1=O,-5.5660157,-6.832837,-5.8411646,train
CNC(=O)c1ccc(=O)n(Cc2cc(Br)ccc2F)c1,-5.2974553,-6.3088155,-5.5210843,train
CNC(=O)c1ccc(=O)n(Cc2ccccc2)c1,-4.8582325,-6.2605715,-4.982463,train
CNC(=O)c1ccc(Nc2nc(N)n(C(=O)Nc3ccc(-c4ccc(OCc5ccccc5)c(C(=O)O)c4)cc3)n2)cc1,-6.8055754,-6.596159,-6.542136,train
CNC(=O)c1ccc(Oc2ccc(S(=O)(=O)C3(C(=O)NO)CCC4(CCNCC4)C3)cc2)cc1,-7.8894763,-11.307808,-9.011969,train
CNC(=O)c1cccc(N[C@@H](C(=O)N2CCC[C@@H]2c2cc(NC(=O)OC)ccc2S(=O)(=O)C(C)C)c2ccc(OC)c(OC)c2)c1,-7.1305065,-7.2596617,-6.9082775,train
CNC(=O)c1cccn(Cc2ccccc2)c1=O,-4.66984,-5.9666133,-4.803992,train
CNC(=O)c1ccnc(NC(=O)C2=C(C)NC(Nc3nc4ccccc4o3)=NC2c2ccccc2Cl)c1,-5.8722296,-4.774878,-5.2668495,train
CNC(=S)N1CN(CCc2ccccc2)C(=O)c2cc(F)ccc21,-4.900909,-4.0209994,-4.689996,train
CNC1CN(c2cc3n4nc(cc4n2)[C@@H]2CCCCN2C(=O)c2cc(F)ccc2OCC(=O)NCCN3C)C1,-6.329838,-5.298646,-5.431535,train
CNCCCN1c2ccccc2CCc2ccccc21,-5.907644,-4.921072,-5.03947,train
CNC[C@H]1CCCC[C@]1(O)c1cccc(OC)c1,-5.1676526,-4.77982,-5.045568,train
CNCc1cc(C(=O)N(C)C)ccc1Oc1ccc(Cl)cc1C,-5.138576,-4.636966,-5.1904216,train
CNCc1cc(C(=O)N(C)C)ccc1Oc1ccc(Cl)cc1Cl,-5.3701572,-4.2730436,-5.21194,train
CNCc1cc(C(=O)N(C)C)ccc1Oc1ccc(Cl)cc1OC,-5.19373,-4.3630023,-5.003596,train
CNCc1cc(C(=O)NC)ccc1Oc1ccc(Cl)cc1OC,-5.253716,-4.7537713,-5.1187544,train
CNCc1cc(C(N)=O)ccc1Oc1ccc(Cl)cc1Cl,-6.295788,-5.1065125,-5.8229136,train
CNCc1cc(N2CCCS2(=O)=O)ccc1Oc1ccc(Cl)cc1C,-4.826645,-5.34909,-4.8171663,train
CNCc1cc(NS(C)(=O)=O)ccc1Oc1ccc(Cl)cc1C,-5.8848205,-4.8572865,-5.4653025,train
CNS(=O)(=O)Nc1cccc(Cc2c(C)c3cc(Cl)c(OC(=O)N(C)C)cc3oc2=O)c1,-5.912181,-5.260367,-5.317185,train
CNS(=O)(=O)c1ccc(N2CCOCC2)c(C(=O)N2CCN(c3ccc(C(C)=O)cc3F)CC2)c1,-4.6813684,-5.527557,-4.7723603,train
CN[C@@H](Cc1ccccc1)C(=O)N(C)[C@@H](Cc1ccccc1)C(=O)N(C)[C@@H](Cc1ccccc1)C(=O)N(C)[C@@H](Cc1ccccc1)C(=O)O,-5.2653375,-5.792094,-5.5321293,train
CN[C@@H]1CC[C@H](N2CC[C@H](NC(=O)c3cccc(C(C)(C)C)n3)C2=O)[C@H](NC(C)=O)C1,-6.1971846,-7.262643,-6.4818964,train
CN[C@@H]1CC[C@H](N2CC[C@H](Nc3ncnc4ccc(C(F)(F)F)cc34)C2=O)[C@H](NC(C)=O)C1,-6.4860096,-7.156389,-6.5170875,train
CNc1ccccc1OCCNCC1(F)CCN(C(=O)c2ccc(F)c(Cl)c2)CC1,-5.021748,-5.334557,-5.3134923,train
CNc1nc(NCc2ccc(NC(=O)c3ccc(-c4ccccc4)cc3)cc2)c2ccccc2n1,-5.777799,-6.057743,-5.9149904,train
CNc1nc(NCc2ccc(NC(=O)c3ccc(C#N)cc3)cc2)c2ccccc2n1,-5.7647204,-6.169853,-5.9321713,train
CNc1nc(NCc2ccc(NC(=O)c3ccc(C(F)(F)F)cc3)cc2)c2ccccc2n1,-5.5368314,-5.979023,-5.6327925,train
CNc1nc(NCc2ccc(NC(=O)c3ccc(Cl)cc3)cc2)c2c(C)cccc2n1,-5.3406873,-5.598875,-5.5015674,train
CNc1nc(NCc2ccc(NC(=O)c3ccc(Cl)cc3)cc2)c2cc(C)ccc2n1,-5.4474216,-5.6612296,-5.6193585,train
CNc1nc(NCc2ccc(NC(=O)c3ccc(Cl)nc3)cc2)c2c(C)cccc2n1,-5.2943006,-5.917177,-5.582822,train
CNc1nc(NCc2ccc(NC(=O)c3ccc(Cl)nc3)cc2)c2ccc(C)cc2n1,-5.4563665,-6.07428,-5.7657843,train
CNc1nc(NCc2ccc(NC(=O)c3ccc(Cl)nc3)cc2)c2cccc(C)c2n1,-5.5348425,-5.8931327,-5.71553,train
CNc1nc(NCc2ccc(NC(=O)c3ccc(F)cc3)cc2)c2c(C)cccc2n1,-5.2126527,-5.8331637,-5.5050297,train
CNc1nc(NCc2ccc(NC(=O)c3ccc(F)cc3)cc2)c2cc(C)ccc2n1,-5.324804,-5.881418,-5.62406,train
CNc1nc(NCc2ccc(NC(=O)c3cccc(Cl)c3)cc2)c2ccccc2n1,-5.667641,-5.8847804,-5.7844057,train
CO/N=C(\C(=O)N[C@@H]1C(=O)N2C(C(=O)O)=C(COC(N)=O)CS[C@H]12)c1ccco1,-6.2687025,-6.8216677,-5.832849,train
CO/N=C(\C(=O)N[C@@H]1C(=O)N2C(C(=O)O)=C(CSc3nc(=O)c(O)nn3C)CS[C@H]12)c1csc(N)n1,-6.646914,-6.400278,-5.8244777,train
COC(=O)C1CCN(c2cc(Cl)c(C(=O)Nc3cc(-c4nc5ccccc5s4)ccc3C)cc2[N+](=O)[O-])CC1,-6.1653647,-4.579681,-5.1846704,train
COC(=O)C1CCN(c2ccc3c(=O)n(C(c4ccccc4)c4ccccc4)c(=O)n(C/C=C/COc4ccc(C(=O)O)cc4)c3c2)CC1,-5.354818,-5.862922,-5.5115943,train
COC(=O)CC[C@H]1NC(=O)[C@H]2CCCN2C(=O)[C@H](CC(C)C)NC(=O)[C@H](CC(C)C)NC(=O)[C@@H](CC(C)C)NC(=O)[C@H](CC(C)C)NC1=O,-5.376868,-6.072548,-5.6970315,train
COC(=O)CN(c1ccc(Nc2ccnc(N3CCNCC3)n2)cc1)S(=O)(=O)c1c(C)cc(C)cc1C,-5.2975416,-3.8494844,-4.8768954,train
COC(=O)CSCCCc1ccccc1OCC(O)CNC(C)C,-6.695196,-7.148013,-6.05054,train
COC(=O)Cc1cccc(NC(=O)C2=C(C)NC(Nc3nc4ccccc4o3)=NC2c2ccccc2Cl)c1,-6.0334105,-4.8576975,-5.263835,train
COC(=O)NC(C)(C)C(=O)N1CCC[C@H]1c1ncc(-c2ccc(-c3ccc(-c4cnc([C@@H]5CCCN5C(=O)C(C)(C)NC(=O)OC)[nH]4)cc3)cc2)[nH]1,-6.5596004,-7.258443,-6.644948,train
COC(=O)NC1(C(=O)N2CCC[C@H]2c2ncc(-c3ccc(-c4ccc(-c5cnc([C@@H]6CCCN6C(=O)C6(NC(=O)OC)CC6)[nH]5)cc4)cc3)[nH]2)CC1,-6.792041,-7.688512,-6.915482,train
COC(=O)NCC(=O)N1CCC[C@H]1c1ncc(-c2ccc(-c3ccc(-c4cnc([C@@H]5CCCN5C(=O)[C@H](NC(=O)OC)c5ccccc5)[nH]4)cc3)cc2)[nH]1,-6.5802965,-6.874716,-6.401117,train
COC(=O)N[C@@H](C(=O)N1CCC[C@H]1c1ncc(-c2ccc(-c3ccc(-c4cnc([C@@H]5CCCN5C(=O)CNC(C)=O)[nH]4)cc3)cc2)[nH]1)c1ccccc1,-7.0336175,-7.363659,-6.9447,train
COC(=O)N[C@@H](C(=O)N1CCC[C@H]1c1ncc(-c2ccc(-c3ccc(-c4cnc([C@@H]5CCCN5C(=O)[C@@H](C)NC(C)=O)[nH]4)cc3)cc2)[nH]1)c1ccccc1,-7.041873,-7.2954755,-6.9128957,train
COC(=O)N[C@@H](C(=O)N1CCC[C@H]1c1ncc(-c2ccc(-c3ccc(-c4cnc([C@@H]5CCCN5C(=O)[C@@H]5CCCO5)[nH]4)cc3)cc2)[nH]1)c1ccccc1,-6.430666,-6.6504216,-6.2497606,train
COC(=O)N[C@@H](C(=O)N1CCC[C@H]1c1ncc(-c2ccc(-c3ccc(-c4cnc([C@@H]5CCCN5C(=O)[C@H](C)NC(C)=O)[nH]4)cc3)cc2)[nH]1)c1ccccc1,-6.9653597,-7.160597,-6.812397,train
COC(=O)N[C@@H](C(=O)N1CCC[C@H]1c1ncc(-c2ccc(-c3ccc(-c4cnc([C@@H]5CCCN5C(=O)[C@H](NC(=O)OC)c5ccccc5)[nH]4)cn3)cc2)[nH]1)c1ccccc1,-6.729633,-6.7774873,-6.444616,train
COC(=O)N[C@@H](C(=O)N1CCC[C@H]1c1ncc(-c2ccc(-c3ccc(-c4cnc([C@@H]5CCCN5C(=O)[C@H](NC(=O)OC)c5ccccc5)[nH]4)nc3)cc2)[nH]1)c1ccccc1,-6.684911,-6.8069963,-6.4233847,train
COC(=O)N[C@@H](C(=O)N1CCC[C@H]1c1ncc(-c2ccc(-c3ccc(-c4cnc([C@@H]5CCCN5C(=O)[C@H]5CCCO5)[nH]4)cc3)cc2)[nH]1)c1ccccc1,-6.395069,-6.629125,-6.2530613,train
COC(=O)N[C@@H](C(=O)N1CCC[C@H]1c1ncc(-c2ccc(-c3ccc(-c4cnc([C@@H]5CCCN5C(C)=O)[nH]4)cc3)cc2)[nH]1)c1ccccc1,-6.4855905,-6.755016,-6.370017,train
COC(=O)N[C@@H](C(=O)N1CCC[C@H]1c1ncc(-c2ccc(-c3ncc(-c4cnc([C@@H]5CCCN5C(=O)[C@H](NC(=O)OC)c5ccccc5)[nH]4)cn3)cc2)[nH]1)c1ccccc1,-6.6542006,-6.7398496,-6.3638754,train
COC(=O)N[C@@H](C)C(=O)N1CCC[C@H]1c1ncc(-c2ccc(-c3ccc(-c4cnc([C@@H]5CCCN5C(=O)[C@H](C)NC(=O)OC)[nH]4)cc3)cc2)[nH]1,-6.412051,-6.6904225,-6.2480764,train
COC(=O)N[C@@H](C)C(=O)N1CCC[C@H]1c1ncc(-c2ccc(-c3ccc(-c4cnc([C@@H]5CCCN5C(=O)[C@H](NC(=O)OC)c5ccccc5)[nH]4)cc3)cc2)[nH]1,-6.485552,-6.808032,-6.338537,train
COC(=O)N[C@H](C(=O)N1CCC[C@H]1c1nc2ccc([C@H]3CC[C@H](c4ccc5nc([C@@H]6CCCN6C(=O)[C@@H](NC(=O)OC)C(C)C)[nH]c5c4)N3c3ccc(C(C)(C)C)cc3)cc2[nH]1)C(C)C,-6.495391,-6.6570735,-6.2791333,train
COC(=O)N[C@H](C(=O)N1CCC[C@H]1c1nc2ccc([C@H]3CC[C@H](c4ccc5nc([C@@H]6CCCN6C(=O)[C@@H](NC(=O)OC)C(C)C)[nH]c5c4)N3c3ccc(N4CCOCC4)cc3)cc2[nH]1)C(C)C,-6.326524,-6.5551863,-6.125953,train
COC(=O)N[C@H](C(=O)N1CCC[C@H]1c1ncc(-c2ccc(-c3ccc(-c4cnc([C@@H]5CCCN5C(=O)[C@@H](NC(=O)OC)C(C)C)[nH]4)cc3)cc2)[nH]1)C(C)C,-6.382152,-6.981031,-6.402868,train
COC(=O)N[C@H](C(=O)N1CCC[C@H]1c1ncc(-c2ccc(-c3ccc(-c4cnc([C@@H]5CCCN5C(=O)[C@@H](NC(=O)OC)[C@@H](C)OC)[nH]4)cc3)cc2)[nH]1)[C@@H](C)OC,-6.284584,-6.8216157,-6.2891164,train
COC(=O)N[C@H](C)C(=O)N1CCC[C@H]1c1ncc(-c2ccc(-c3ccc(-c4cnc([C@@H]5CCCN5C(=O)[C@@H](C)NC(=O)OC)[nH]4)cc3)cc2)[nH]1,-6.409123,-6.7047615,-6.2570853,train
COC(=O)Nc1cc(-c2ccc(OC[C@@](C)(N)CC(C)C)c(C)n2)ccn1,-6.9044313,-6.0871954,-5.7449718,train
COC(=O)Nc1cc(-c2cnc(OC[C@@](C)(N)CC(C)C)c(C)c2)ccn1,-6.7189784,-6.305784,-5.8895416,train
COC(=O)Nc1ccc(S(=O)(=O)C(C)C)c([C@@H]2CCCN2C(=O)[C@H](Nc2ccc3c(N)nccc3c2)c2ccc(OC)c(OC)c2)c1,-6.926429,-7.5693235,-6.928386,train
COC(=O)Nc1ccc(S(=O)(=O)C(C)C)c([C@@H]2CCCN2C(=O)[C@H](Nc2cccc(C(N)=O)c2)c2ccc(OC)c(OC)c2)c1,-7.210759,-7.132307,-6.882402,train
COC(=O)Nc1ccc(S(=O)(=O)C(C)C)c([C@H]2CCCN2C(=O)[C@H](Nc2cc(C)c3c(c2)C(=O)NC3)c2ccc(OC)c(OC)c2)c1,-7.1003757,-7.003687,-6.8493943,train
COC(=O)Nc1ccc(S(=O)(=O)C(C)C)c([C@H]2CCCN2C(=O)[C@H](Nc2cc(F)c3c(c2)C(=O)NC3)c2ccc(OC)c(OC)c2)c1,-7.2170696,-7.0758576,-6.9280224,train
COC(=O)Nc1ccc(S(=O)(=O)C(C)C)c([C@H]2CCCN2C(=O)[C@H](Nc2cc3c(cc2F)CNC3=O)c2ccc(OC)c(OC)c2)c1,-7.1385546,-6.8996925,-6.755308,train
COC(=O)Nc1ccc(S(=O)(=O)C(C)C)c([C@H]2CCCN2C(=O)[C@H](Nc2ccc3c(Br)c[nH]c(=O)c3c2)c2ccc(OC)c(OC)c2)c1,-6.8265915,-6.7635765,-6.4804635,train
COC(=O)Nc1ccc(S(=O)(=O)C(C)C)c([C@H]2CCCN2C(=O)[C@H](Nc2ccc3c(C)c[nH]c(=O)c3c2)c2ccc(OC)c(OC)c2)c1,-6.7486405,-6.889603,-6.556323,train
COC(=O)Nc1ccc(S(=O)(=O)C(C)C)c([C@H]2CCCN2C(=O)[C@H](Nc2ccc3c(C4CC4)c[nH]c(=O)c3c2)c2ccc(OC)c(OC)c2)c1,-6.9097943,-6.717115,-6.4722047,train
COC(=O)Nc1ccc(S(=O)(=O)C(C)C)c([C@H]2CCCN2C(=O)[C@H](Nc2ccc3c(Cl)c[nH]c(=O)c3c2)c2ccc(OC)c(OC)c2)c1,-6.956596,-6.724786,-6.5035686,train
COC(=O)Nc1ccc(S(=O)(=O)C(C)C)c([C@H]2CCCN2C(=O)[C@H](Nc2ccc3c(F)c[nH]c(=O)c3c2)c2ccc(OC)c(OC)c2)c1,-6.955789,-6.9731703,-6.6605883,train
COC(=O)Nc1ccc(S(=O)(=O)C(C)C)c([C@H]2CCCN2C(=O)[C@H](Nc2ccc3c(N)nccc3c2)c2cc(OC)ccc2F)c1,-6.963475,-7.3498926,-6.900447,train
COC(=O)Nc1ccc(S(=O)(=O)C(C)C)c([C@H]2CCCN2C(=O)[C@H](Nc2ccc3c(N)nccc3c2)c2ccc(Cl)c(OC)c2)c1,-7.0969296,-7.335027,-6.9598804,train
COC(=O)Nc1ccc(S(=O)(=O)C(C)C)c([C@H]2CCCN2C(=O)[C@H](Nc2ccc3c(N)nccc3c2)c2ccc(F)c(OC)c2)c1,-7.008748,-7.601661,-7.033987,train
COC(=O)Nc1ccc(S(=O)(=O)C(C)C)c([C@H]2CCCN2C(=O)[C@H](Nc2ccc3c(N)nccc3c2)c2ccc(OC)c(OC)c2)c1,-7.0623407,-7.5826654,-7.0496297,train
COC(=O)Nc1ccc(S(=O)(=O)C(C)C)c([C@H]2CCCN2C(=O)[C@H](Nc2ccc3c(N)nccc3c2)c2cccc(OC(F)F)c2)c1,-7.0392303,-7.690935,-7.0624905,train
COC(=O)Nc1ccc(S(=O)(=O)C(C)C)c([C@H]2CCCN2C(=O)[C@H](Nc2ccc3c(N)nccc3c2)c2ccccc2)c1,-6.9269624,-7.9435587,-7.1556997,train
COC(=O)Nc1ccc(S(=O)(=O)C(C)C)c([C@H]2CCCN2C(=O)[C@H](Nc2ccc3c(c2)C(=O)NC3)c2ccc(OC)c(OC)c2)c1,-7.214202,-7.127024,-6.9116764,train
COC(=O)Nc1ccc(S(=O)(=O)C(C)C)c([C@H]2CCCN2C(=O)[C@H](Nc2ccc3c(c2)C(=O)NC3C)c2ccc(OC)c(OC)c2)c1,-7.0514226,-6.6856046,-6.5439506,train
COC(=O)Nc1ccc(S(=O)(=O)C(C)C)c([C@H]2CCCN2C(=O)[C@H](Nc2ccc3c(c2)C(=O)NCC3)c2ccc(OC)c(OC)c2)c1,-7.2159867,-7.169714,-6.9229364,train
COC(=O)Nc1ccc(S(=O)(=O)C(C)C)c([C@H]2CCCN2C(=O)[C@H](Nc2ccc3c(c2)C(=O)NC[C@@H]3C)c2ccc(OC)c(OC)c2)c1,-7.461495,-6.831753,-6.6488843,train
COC(=O)Nc1ccc(S(=O)(=O)C(C)C)c([C@H]2CCCN2C(=O)[C@H](Nc2ccc3c(c2)C(=O)NC[C@H]3C)c2ccc(OC)c(OC)c2)c1,-7.2515345,-6.789319,-6.590904,train
COC(=O)Nc1ccc(S(=O)(=O)C(C)C)c([C@H]2CCCN2C(=O)[C@H](Nc2ccc3c(c2F)C(=O)NC3)c2ccc(OC)c(OC)c2)c1,-7.0445824,-6.856286,-6.6447806,train
COC(=O)Nc1ccc(S(=O)(=O)C(C)C)c([C@H]2CCCN2C(=O)[C@H](Nc2ccc3cc[nH]c(=O)c3c2)c2ccc(OC)c(OC)c2)c1,-7.0144825,-7.164372,-6.8170605,train
COC(=O)Nc1ccc(S(=O)(=O)C(C)C)c([C@H]2CCCN2C(=O)[C@H](Nc2ccc3cn[nH]c(=O)c3c2)c2ccc(OC)c(OC)c2)c1,-7.309389,-7.7298,-7.2227497,train
COC(=O)Nc1ccc(S(=O)(=O)C(C)C)c([C@H]2CCCN2C(=O)[C@H](Nc2ccc3nc[nH]c(=O)c3c2)c2ccc(OC)c(OC)c2)c1,-7.0781903,-7.3593183,-6.9376717,train
COC(=O)[C@@H]1CCCN1C(=O)[C@@H](Cc1ccccc1)N(C)C(=O)[C@H](C)NC(=O)[C@H](CC(C)C)NC(=O)C[C@H](O)[C@H](Cc1ccccc1)NC(=O)c1cc(NS(C)(=O)=O)cc(C(=O)N[C@H](C)c2ccccc2)c1,-6.0201745,-6.237719,-6.0078816,train
COC(=O)[C@H](C)NP(=O)(OC[C@H]1O[C@@H](n2ccc(=O)[nH]c2=O)[C@](C)(F)[C@@H]1O)Oc1ccccc1,-6.570673,-9.396549,-7.167339,train
COC(=O)[C@H](CCCN=C(N)N)NC(=O)[C@@H](N)Cc1ccc(-c2ccccc2)cc1,-5.861388,-6.2384076,-5.986461,train
COC(=O)c1cc(NC(=O)C2=C(C)NC(Nc3nc4ccccc4o3)=NC2c2ccccc2Cl)ccn1,-5.644141,-4.7677264,-5.0856967,train
COC(=O)c1cc(NC(=O)c2cnn3cccnc23)cc(C(=O)OC)c1,-4.8155007,-5.3033442,-4.7927814,train
COC(=O)c1ccc(N2CCN(C)CC2)c(NC(=O)c2cc(N)c(F)c(C)c2Cl)c1,-5.181278,-4.1898274,-4.908704,train
COC(=O)c1ccc(N2CCN(C)CC2)c(NC(=O)c2cc([N+](=O)[O-])c(F)c(C)c2Cl)c1,-5.185051,-4.236945,-5.015181,train
COC(=O)c1ccc(N2CCN(C)CC2)c(NC(=O)c2ccc(F)c(C)c2Cl)c1,-5.1195955,-4.3436937,-4.8798323,train
COC(=O)c1ccc(N2CCN(C)CC2)c(NC(=O)c2ccc(F)c([N+](=O)[O-])c2)c1,-5.163504,-4.506457,-4.9899607,train
COC(=O)c1ccc(NC(=O)C2=C(C)NC(Nc3nc4ccccc4o3)=NC2c2ccccc2Cl)cc1,-5.619298,-4.605427,-5.1115437,train
COC(=O)c1ccc(NC(=O)C2=C(C)NC(Nc3nc4ccccc4o3)=NC2c2ccccc2Cl)cn1,-5.764314,-4.7167597,-5.114193,train
COC(=O)c1ccc(NC(=O)Nc2cc(C)nc3ccccc23)cc1,-5.3854694,-3.8128972,-4.909392,train
COC(=O)c1ccc(NC(=O)Nc2ccc(-c3nc(N4CCOCC4)nc(N4CCOCC4)n3)cc2)cc1,-5.56535,-6.0761905,-5.74042,train
COC(=O)c1ccc2[nH]cc(C(=O)c3ccccc3)c2c1,-4.945026,-6.05816,-5.0746303,train
COC(=O)c1ccc2c(C(=O)N(C)C)cn(C)c2c1,-4.5225763,-5.360476,-4.63216,train
COC(=O)c1ccc2c(C(=O)Nc3ccccc3)cn(C)c2c1,-4.62901,-5.027706,-4.671552,train
COC(=O)c1ccc2c(C(=O)c3ccccc3)c[nH]c2c1,-4.8602757,-6.151446,-5.1039233,train
COC(=O)c1ccc2c(C(=O)c3ccccc3)cc(C(=O)c3ccccc3)c-2cc1,-6.3854637,-6.1928034,-5.904489,train
COC(=O)c1ccc2c(C(=O)c3ccccc3)cn(C(=O)c3ccccc3)c2c1,-5.641815,-6.017111,-5.4089494,train
COC(=O)c1ccc2c(c1)c(C(=O)c1ccccc1)cn2C(=O)c1ccccc1,-5.745453,-5.931665,-5.3890085,train
COC(=O)c1ccc2c(c1)c1nc(N3CCC[C@@H](N)C3)n(Cc3ccccc3Cl)c1c(=O)n2C,-5.368183,-4.9686694,-5.120655,train
COC(=O)c1ccc2c(ccn2C(=O)c2ccccc2)c1,-4.7639785,-5.802564,-4.800158,train
COC(=O)c1ccc2ccc(C(=O)N(C)C)c-2cc1,-4.4808235,-5.3368006,-4.6194553,train
COC(=O)c1ccc2ccc(C(=O)Nc3ccccc3)c-2cc1,-4.6676626,-5.0932417,-4.711134,train
COC(=O)c1ccc2ccc(C(=O)c3ccccc3)c-2cc1,-5.0316505,-5.9108324,-4.9643245,train
COC(=O)c1ccc2ccn(C(=O)c3ccccc3)c2c1,-4.8249865,-5.8111854,-4.818247,train
COC(=O)c1cccc(-c2ccc(NC(=O)n3nc(Nc4ccc(S(N)(=O)=O)cc4)nc3N)cc2)c1,-6.0866437,-6.7799253,-6.2065,train
COC(=O)c1cccc(-n2sc3ccccc3c2=O)c1,-4.825376,-3.7649002,-4.537715,train
COC(=O)c1cccc(CNC(=O)C2=C(C)NC(Nc3nc4ccccc4o3)=NC2c2ccccc2Cl)c1,-5.0645237,-3.9207163,-4.852771,train
COC(=O)c1cccc(COc2ccc(-n3c4nc(=O)[nH]c(=O)c-4cc4ccc(C#N)cc43)cc2)c1,-5.7160993,-6.023905,-5.5885806,train
COC(=O)c1cccc(Nc2nc3c(s2)CCCc2n[nH]cc2-3)n1,-5.3571367,-5.9405866,-5.14896,train
COC(=O)c1cccc(Oc2ccc(-n3c4nc(=O)[nH]c(=O)c-4cc4ccc(C#N)cc43)cc2)c1,-5.596049,-5.8814163,-5.320714,train
COC(=O)c1cccc2cc(CN3Cc4ccncc4C3=O)oc12,-5.169693,-6.109509,-4.913169,train
COC(=O)c1cccc2cc(CNC(=O)c3cnn4cccnc34)oc12,-5.111438,-6.2217298,-5.045186,train
COC(=O)c1ccccc1C(=O)OC,-4.6120157,-4.69637,-4.4379225,train
COC(=O)c1ccccc1CNC(=O)C1=C(C)NC(Nc2nc3ccccc3o2)=NC1c1ccccc1Cl,-5.134791,-3.809817,-4.8194156,train
COC(=O)c1ccnc(NC(=O)C2=C(C)NC(Nc3nc4ccc(F)cc4o3)=N[C@@H]2c2ccccc2Cl)c1,-5.3603153,-4.5759587,-5.019962,train
COC(=O)c1ccnc(NC(=O)C2=C(C)NC(Nc3nc4cccc(N)c4o3)=NC2c2ccc(C)cc2Cl)c1,-5.173798,-4.227436,-5.0054703,train
COC(=O)c1ccnc(NC(=O)C2=C(C)NC(Nc3nc4ccccc4o3)=NC2c2ccccc2Cl)c1,-5.445818,-4.4442577,-5.0489564,train
COC(=O)c1ccnc(NC(=O)C2=C(C)NC(Nc3nc4ccccc4o3)=N[C@@H]2c2ccccc2Cl)c1,-5.380912,-4.4334817,-5.0046744,train
COC(=O)c1ccnc(NC(=O)C2=C(C)NC(Nc3nc4ccccc4o3)=N[C@H]2c2ccccc2Cl)c1,-5.3993545,-4.3876505,-5.066961,train
COC(=O)c1csc(NC(=O)C2=C(C)NC(Nc3nc4ccccc4o3)=NC2c2ccccc2Cl)n1,-5.823233,-4.878165,-5.154441,train
COC(=O)c1nc(-c2cccs2)nc(O)c1O,-5.4440794,-5.7291265,-5.0074515,train
COC(=O)c1nc(Cc2ccc(Cl)c(Cl)c2)[nH]c(=O)c1O,-5.3196344,-5.1514244,-4.9982142,train
COCC1=C(C(=O)Nc2nncs2)C(c2ccccc2Cl)N=C(Nc2nc3ccccc3o2)N1,-5.1036415,-3.8162837,-4.9024897,train
COCCCCc1c(C(=O)N(CC(C)C)[C@@H]2CNC[C@H](C(=O)N3CCOCC3)C2)cnn1-c1ccccc1,-6.44438,-6.802911,-6.471775,train
COCCCCc1c(C(=O)N(CC(C)C)[C@@H]2CNC[C@H](C(=O)N3CCOCC3)C2)nc2ccccn12,-6.422146,-6.9057245,-6.3859816,train
COCCCCc1c(C(=O)N(CC(C)C)[C@@H]2CNC[C@H](C(=O)N3CCOCC3)C2)ncn1-c1ccccc1,-6.369077,-6.79823,-6.3507366,train
COCCCCc1c(C(=O)N(CC(C)C)[C@@H]2CNC[C@H](C(=O)N3CCOCC3)C2)nnn1-c1ccccc1,-6.335051,-6.7427545,-6.3163137,train
COCCCCn1c(C(=O)N(CC(C)C)[C@@H]2CNC[C@H](C(=O)N3CCOCC3)C2)cc2ccccc21,-6.4455886,-6.8677306,-6.451894,train
COCCCCn1c(C(=O)N(CC(C)C)[C@@H]2CNC[C@H](C(=O)N3CCOCC3)C2)ccc1-c1ccccc1,-6.437173,-6.7896976,-6.458636,train
COCCCCn1c(C(=O)N(CC(C)C)[C@@H]2CNC[C@H](C(=O)N3CCOCC3)C2)cnc1-c1ccccc1,-6.4746165,-6.855193,-6.4981503,train
COCCCCn1c(C(=O)N(CC(C)C)[C@@H]2CNC[C@H](C(=O)N3CCOCC3)C2)nc2ccccc21,-6.3836145,-6.822875,-6.3524904,train
COCCCCn1c(C(=O)N(CC(C)C)[C@@H]2CNC[C@H](C(=O)N3CCOCC3)C2)nnc1-c1ccccc1,-6.4553723,-6.9535847,-6.48078,train
COCCCCn1c(C(=O)N(CC(C)C)[C@@H]2CNC[C@H](C(C)(C)O)C2)nc2ccccc21,-6.0757704,-6.7484016,-6.1156616,train
COCCCCn1c(C(=O)N(CC(C)C)[C@@H]2CNC[C@H](CO)C2)nc2ccccc21,-6.4979677,-7.123569,-6.3685017,train
COCCCCn1c(C(=O)N(CC(C)C)[C@H]2CCCNC2)nc2ccccc21,-5.7478156,-6.262483,-5.778274,train
COCCCNc1nc(C(C)(C)C)ncc1C(=O)N(CC(C)C)[C@@H]1CNC[C@H](C(=O)N2CCOCC2)C1,-6.165797,-6.6322856,-6.1976414,train
COCCCOc1nc(C(C)(C)C)ncc1C(=O)N(CC(C)C)[C@@H]1CNC[C@H](C(=O)N2CCOCC2)C1,-6.1619277,-6.6570196,-6.1894364,train
COCCN(CCOCCOCCOCCOCCOCCOCc1cccc(C(=O)Nc2sc3c(c2C(=O)N/N=C/c2ccc(Cl)c(C(F)(F)F)c2)CCC(C)(C)C3)c1)CC(=O)O,-6.886116,-7.8573394,-7.3152122,train
COCCN(C[C@H]1Cc2c(cccc2N2CCNCC2)CN1)[C@H]1CCCc2cccnc21,-6.614597,-7.965844,-7.2219887,train
COCCNC(=O)C1CC(=O)C2=C(C1)NC(Nc1nc3ccccc3o1)=NC2c1ccccc1Cl,-5.294197,-4.086062,-4.992561,train
COCCNC(=O)NS(=O)(=O)c1ccc(Oc2c(F)cc(/C=C(\C)C(=O)N=C(N)N)cc2F)cc1,-7.4630175,-6.610948,-6.640608,train
COCCNS(=O)(=O)Nc1cccc(Cc2c(C)c3cc(Cl)c(OC(=O)N(C)C)cc3oc2=O)c1,-6.0406814,-5.328289,-5.3973217,train
COCCOc1cc2c(-n3nc(-c4ccccn4)nc3N)ncnc2cc1OC,-4.4261885,-4.048378,-4.593404,train
COCCOc1cccc(Nc2nc3c(s2)CCCc2n[nH]cc2-3)n1,-4.790318,-5.871704,-4.9325027,train
COCCOc1nc2c(c(N(C)C)n1)CN(C(=O)c1cc(C(C)C)c(O)cc1O)CC2,-4.7885046,-4.417107,-4.608944,train
COCCOc1nc2c(c(NC3CC3)n1)CN(C(=O)c1cc(C(C)C)c(O)cc1O)CC2,-4.7192993,-4.336176,-4.5895505,train
COCCOc1ncc2c(n1)CCN(C(=O)c1cc(C(C)C)c(O)cc1O)C2,-4.808785,-4.3981824,-4.596289,train
COCCc1ccc(OCC(O)CNC(C)C)cc1,-4.8903503,-5.277053,-4.7972403,train
COCCc1cn(-c2ccc(NC(=O)Nc3ccccc3C)cc2)nn1,-6.381325,-5.766835,-5.8187823,train
COCCn1cnc2c(c(-c3ccccc3)c(-c3ccccc3)n2Cc2ccccc2)c1=N,-5.043083,-2.9284494,-4.597922,train
COCc1ccccc1C1Cc2nccn2C1,-4.764177,-4.3542686,-4.4828916,train
CONC(=O)Cc1ccc(C2(NC(=O)c3cc4c(Cl)c(Cl)ccc4n3C)COC2)cc1,-5.4686937,-7.1295037,-6.2362375,train
CONS(=O)(=O)Nc1cccc(Cc2c(C)c3cc(Cl)c(OC(=O)N(C)C)cc3oc2=O)c1,-5.6528687,-5.322825,-5.251496,train
COP(=O)(OC)C1=C(C)NC(Nc2nc3ccccc3o2)=NC1c1ccccc1Cl,-4.059594,-2.7943962,-4.236635,train
COP1(=S)OCc2ccccc2O1,-4.426237,-5.0057144,-4.4104795,train
CO[C@@H]1O[C@H](CNCCCCCCCn2c(-c3ccccc3)nc(-c3ccccc3)c2-c2ccccc2)[C@H]2OC(C)(C)O[C@@H]12,-5.3709745,-5.726804,-5.510612,train
CO[C@@H]1[C@@H](n2cc(-c3cc(F)c(F)c(F)c3)nn2)[C@@H](O)[C@@H](CO)O[C@H]1S[C@@H]1COC[C@H](n2cc(-c3cccc(Cl)c3)nn2)[C@H]1O,-5.5849843,-4.991063,-5.362319,train
CO[C@@H]1[C@@H](n2cc(-c3cc(F)c(F)c(F)c3)nn2)[C@@H](O)[C@@H](CO)O[C@H]1S[C@@H]1COC[C@H](n2cc(-c3cccc(OC(F)F)c3)nn2)[C@H]1O,-5.6442113,-5.034314,-5.3669753,train
CO[C@@H]1[C@@H](n2cc(-c3cc(F)c(F)c(F)c3)nn2)[C@@H](O)[C@@H](CO)O[C@H]1S[C@@H]1COC[C@H](n2cc(-c3ccccc3)nn2)[C@H]1O,-5.624398,-5.084369,-5.374209,train
CO[C@@H]1[C@@H](n2cc(-c3cc(F)c(F)c(F)c3)nn2)[C@@H](O)[C@@H](CO)O[C@H]1S[C@@H]1COC[C@H](n2cc(-c3ccccn3)nn2)[C@H]1O,-5.714864,-5.3668175,-5.431262,train
CO[C@@H]1[C@@H](n2cc(-c3cc(F)c(F)c(F)c3)nn2)[C@@H](O)[C@@H](CO)O[C@H]1S[C@@H]1COC[C@H](n2cc(-c3ccnc(Cl)c3)nn2)[C@H]1O,-5.8078914,-5.2506156,-5.5424104,train
CO[C@@H]1[C@@H](n2cc(-c3cc(F)c(F)c(F)c3)nn2)[C@@H](O)[C@@H](CO)O[C@H]1S[C@@H]1COC[C@H](n2cc(-c3cncnc3)nn2)[C@H]1O,-6.1500487,-5.6900086,-5.827991,train
CO[C@@H]1[C@@H](n2cc(-c3cc(F)c(F)c(F)c3)nn2)[C@@H](O)[C@@H](CO)O[C@H]1S[C@@H]1COC[C@H](n2cc(-c3ncc(F)cn3)nn2)[C@H]1O,-5.7942247,-5.381687,-5.458221,train
CO[C@@H]1[C@@H](n2cc(-c3cc(F)c(F)c(F)c3)nn2)[C@@H](O)[C@@H](CO)O[C@H]1S[C@@H]1COC[C@H](n2cc(-c3ncccn3)nn2)[C@H]1O,-6.019545,-5.5289574,-5.6904016,train
CO[C@@H]1[C@@H](n2cc(-c3ccc(Br)c(F)c3)nn2)[C@@H](O)[C@@H](CO)O[C@H]1S[C@@H]1COC[C@H](n2cc(-c3cncnc3)nn2)[C@H]1O,-6.337382,-5.734538,-5.928245,train
CO[C@H]1CN[C@H](CNC(=O)c2ccc(-c3cnc4ccc(NCC5CC5)nn34)cc2)C1,-5.4281983,-5.2102137,-5.244654,train
COc1c(-c2ccc3c(CNS(C)(=O)=O)csc3c2)cc(-n2ccc(=O)[nH]c2=O)cc1C(C)(C)C,-6.7585073,-5.465365,-5.2435303,train
COc1c(-c2ccc3c(c2)CC/C3=N\NS(C)(=O)=O)cc(-n2ccc(=O)[nH]c2=O)cc1C(C)(C)C,-8.382496,-6.3472977,-6.208959,train
COc1c(-c2ccc3c(c2)CC=C3C(C)(C)NS(C)(=O)=O)cc(-n2ccc(=O)[nH]c2=O)cc1C(C)(C)C,-6.910386,-5.567708,-5.387475,train
COc1c(-c2ccc3c(c2)CC=C3CNS(C)(=O)=O)cc(-n2ccc(=O)[nH]c2=O)cc1C(C)(C)C,-6.6872654,-5.44284,-5.323292,train
COc1c(-c2ccc3c(c2)CCC3CNS(C)(=O)=O)cc(-n2ccc(=O)[nH]c2=O)cc1C(C)(C)C,-7.0667777,-5.51817,-5.2166924,train
COc1c(-c2ccc3cc(CNS(C)(=O)=O)sc3c2)cc(-n2ccc(=O)[nH]c2=O)cc1C(C)(C)C,-6.8066497,-5.5135107,-5.2650743,train
COc1c(-c2ccc3nc(NS(C)(=O)=O)sc3c2)cc(-n2ccc(=O)[nH]c2=O)cc1C(C)(C)C,-6.435974,-5.1931005,-5.266735,train
COc1c(C(=O)NC2(C(=O)N[C@H](CCCN3CCN(CC4CCOCC4)CC3)Cc3ccccc3)CCCC2)ccc2ccccc12,-4.861094,-5.0044646,-4.938374,train
COc1c(Cc2ccccc2)c(C)nc2ccc(Cl)cc12,-5.035645,-3.7819176,-4.66349,train
COc1c2c(cc3c1OCO3)[C@]13C=C[C@H](OC)C[C@@H]1[N@](C2)C[C@H]3OC(=O)c1cccc2ccccc12,-4.73117,-4.874444,-4.709257,train
COc1c2c(cc3c1OCO3)[C@]13C=C[C@H](OC)C[C@@H]1[N@](C2)C[C@H]3OC(=O)c1ccccc1,-4.7251573,-5.0240827,-4.728767,train
COc1c2c(cc3c1OCO3)[C@]13C=C[C@H](OC)C[C@@H]1[N@](C2)C[C@H]3OC(=O)c1ccccc1C,-4.6907706,-4.8048353,-4.689988,train
COc1c2c(cc3c1OCO3)[C@]13C=C[C@H](OC)C[C@@H]1[N@](C2)C[C@H]3OC(=O)c1ccccc1[N+](=O)[O-],-4.819329,-4.731385,-4.844529,train
COc1cc(/C=C/C(=O)c2cccnc2)ccc1O,-5.06251,-4.993712,-4.868957,train
COc1cc(=O)oc2cc(OCCN3CCN(CCCNc4c5c(nc6ccccc46)CCCC5)CC3)ccc12,-6.0399714,-5.4060493,-5.4030824,train
COc1cc(C(=O)N2CCCC(c3cc4ncccc4[nH]3)C2)on1,-6.05612,-5.602442,-5.2149396,train
COc1cc(C(=O)N2CCc3c(c(=O)oc4c(C)c(N5CCN(C)CC5)ccc34)C2)ccc1NS(C)(=O)=O,-5.762543,-4.5159197,-5.2554045,train
COc1cc(C(=O)N[C@@H](c2ccccc2F)C(C)(C)O)ccc1-c1cn[nH]c1,-4.955189,-6.387966,-5.649321,train
COc1cc(C(=O)N[C@H](C)c2c(F)cccc2F)ccc1-c1cn[nH]c1,-4.771664,-5.717821,-5.1944017,train
COc1cc(C(=O)N[C@H](CO)c2ccccc2)ccc1-c1cn[nH]c1,-5.3665886,-6.987215,-5.942171,train
COc1cc(C(C)C)c(Cc2ccc(/C=C/C(C)(C)C(=O)NC(C)(C)CO)cc2)cc1[C@@H]1O[C@H](CO)[C@@H](O)[C@H](O)[C@H]1O,-6.12025,-5.726748,-5.7894874,train
COc1cc(C2=NN(C(=S)Nc3ccccc3)C(c3ccc(Cl)cc3)C2)ccc1O,-5.929985,-5.0756283,-5.0867987,train
COc1cc(C2=NN(C(C)=O)C(c3ccc(-c4ccccc4)cc3)C2)cc(OC)c1OC,-5.772446,-4.806411,-4.784573,train
COc1cc(C2=NN(S(=O)(=O)c3ccc(C)cc3)C(c3ccc(Cl)cc3)C2)ccc1O,-5.1149898,-5.1026073,-4.6878667,train
COc1cc(C2c3ccc4ccccc4c3Oc3nc4c(c(N)c32)CCCC4)cc(OC)c1OC,-6.6414976,-5.0501766,-5.101554,train
COc1cc(CC(=O)N2CC(=O)N[C@@H](Cc3ccccc3)C(=O)N(CC(N)=O)C(=O)CCSCc3ccc(cc3)C(=O)N[C@@H](CCCCN)CN(C(=O)CCC3CCCCC3)CC(=O)N[C@@H](Cc3ccccc3)CN(C(=O)CCc3ccccc3)CC(=O)N[C@@H](Cc3ccccc3)C2)cc(OC)c1,-6.7455735,-5.4523168,-6.3115015,train
COc1cc(CCc2cnc(Nc3ccc(N4CCC(N5CCN(C)CC5)CC4)c(OC)c3)nc2)cc(OC)c1,-5.390403,-4.976488,-5.095358,train
COc1cc(CN(C)C(=O)c2c(OCCCC3CCN(C(=O)OC(C)(C)C)CC3)c3cccnc3n(C)c2=O)cc(OC)c1,-5.6414676,-6.401596,-5.746032,train
COc1cc(CN(C)C(=O)c2c(OCCCC3CCN(C(=O)OC(C)(C)C)CC3)c3cnccc3n(C)c2=O)cc(OC)c1,-5.7077026,-6.6504374,-6.0154667,train
COc1cc(CN(C)C(=O)c2c(OCCCC3CCN(C(=O)OC4(C)CC4)CC3)c3cccnc3n(C)c2=O)cc(C(F)(F)F)c1,-6.044798,-6.615492,-5.8876514,train
COc1cc(CN(C)C(=O)c2c(OCCCC3CCN(C(=O)OC4(C)CC4)CC3)c3cccnc3n(C)c2=O)cc(OC)c1,-5.7523675,-6.283518,-5.64781,train
COc1cc(CNc2cnc(Nc3ccc(N4CCC(N5CCN(C)CC5)CC4)c(OC)c3)nc2)cc(OC)c1,-5.7062526,-5.1592164,-5.269343,train
COc1cc(COc2cnc(Nc3ccc(N4CCC(N5CCN(C)CC5)CC4)c(OC)c3)nc2)cc(OC)c1,-5.4855657,-4.9792747,-5.062251,train
COc1cc(Cl)c(C(=O)Nc2cccc(-c3nc4ccccc4s3)c2)cc1[N+](=O)[O-],-5.996718,-4.352446,-5.062532,train
COc1cc(N2CCC(C(=O)N3CCOCC3)CC2)ccc1Nc1nc(NC2CCCCC2)c2nc[nH]c2n1,-4.514432,-2.952598,-4.6854324,train
COc1cc(N2CCC(CC(=O)N3CCCC3)CC2)ccc1Nc1nc(NC2CCCCC2)c2nc[nH]c2n1,-4.616862,-2.8922484,-4.693978,train
COc1cc(N2CCC(CC(=O)N3CCOCC3)CC2)ccc1Nc1nc(NC2CCCCC2)c2nc[nH]c2n1,-4.540473,-2.99755,-4.6994886,train
COc1cc(N2CCC(CN3CCOCC3)CC2)ccc1Nc1nc(NC2CCCCC2)c2nc[nH]c2n1,-4.421665,-3.0053272,-4.6581225,train
COc1cc(N2CCC(N3CCOCC3)CC2)ccc1Nc1nc(NC2CCCCC2)c2nc[nH]c2n1,-4.4505816,-2.923421,-4.6477013,train
COc1cc(N2CCN(CC3CCOC3)CC2)ccc1Nc1nc(NC2CCCCC2)c2nc[nH]c2n1,-4.603941,-3.291229,-4.7486424,train
COc1cc(N2CCN(Cc3ccccn3)CC2)ccc1Nc1nc(NC2CCCCC2)c2nc[nH]c2n1,-4.535968,-3.3525324,-4.716765,train
COc1cc(N2CCN(S(=O)(=O)CCCN3CCOCC3)CC2)ccc1Nc1nc(NC2CCCCC2)c2nc[nH]c2n1,-4.6138268,-3.5282726,-4.7569847,train
COc1cc(N2CCN(S(C)(=O)=O)CC2)ccc1Nc1nc(NC2CCCCC2)c2nc[nH]c2n1,-4.1188703,-2.73279,-4.423494,train
COc1cc(NC(=O)c2ccccn2)ccc1Cl,-4.6829147,-3.7953691,-4.587515,train
COc1cc(Nc2ncc(CCc3c(Cl)c(OC)cc(OC)c3Cl)cn2)ccc1N1CCC(N2CCN(C)CC2)CC1,-5.6886044,-5.0163217,-5.3716087,train
COc1cc(Nc2nccc(-c3sc(C4CCNCC4)nc3-c3ccc(F)cc3)n2)cc(C)n1,-5.8978524,-4.7878723,-4.901506,train
COc1cc(O)c2c(=O)cc(C(=O)NCCCCCCCCCCNc3c4c(nc5cc(Cl)ccc35)CCCC4)oc2c1,-6.4749894,-5.1950603,-5.3802414,train
COc1cc(O)c2c(=O)cc(C(=O)NCCCCCCCCCCNc3c4c(nc5ccccc35)CCCC4)oc2c1,-6.411229,-5.0794497,-5.3173532,train
COc1cc(OC)c2[nH]c3c(c(=O)c2c1)CCCC3,-4.8732686,-4.252642,-4.531184,train
COc1cc(OC)c2c(=O)c3c([nH]c2c1)CCCC3,-4.771332,-4.478623,-4.4994473,train
COc1cc(OC)c2c(=O)cc(C(=O)NCCCCCCCCCCNc3c4c(nc5cc(Cl)ccc35)CCCC4)oc2c1,-6.697084,-5.2287,-5.3515215,train
COc1cc(OC)cc(-c2ccc(Cc3cn(Cc4cc(F)cc(F)c4)c(N)n3)cc2)c1,-5.504984,-5.674668,-5.119966,train
COc1cc(OC)cc(-c2ccc(Cc3cn(Cc4ccc(F)cc4)c(N)n3)cc2)c1,-5.4151244,-5.5127497,-4.9894743,train
COc1cc(OC)cc(C(=O)N(C)c2cnc(Nc3ccc(N4CCC(N5CCN(C)CC5)CC4)c(OC)c3)nc2)c1,-5.8366284,-5.0858436,-5.3597693,train
COc1cc(OC)cc(C(=O)Nc2cnc(Nc3ccc(N4CCC(N5CCN(C)CC5)CC4)c(OC)c3)nc2)c1,-5.9055142,-5.2906766,-5.413316,train
COc1cc(OC)cc(C(=O)Nc2cnc(Nc3ccc(N4CCC(N5CCN(C)CC5)CC4)c(OC)c3)nc2NCCS(C)(=O)=O)c1,-6.691107,-6.0908766,-5.9863377,train
COc1cc(OC)cc(C(=O)Nc2cnc(Nc3ccc(N4CCC(N5CCN(C)CC5)CC4)c(OC)c3)nc2Nc2ccccc2)c1,-6.0493774,-5.3159304,-5.6345305,train
COc1cc(OC)cc(OCc2cnc(Nc3ccc(N4CCC(N5CCN(C)CC5)CC4)c(OC)c3)nc2)c1,-5.6589813,-4.9164143,-5.10423,train
COc1cc(S(=O)(=O)Nc2ccc(Nc3ccnc(N4CCCC4)n3)cc2)c(C)cc1C,-4.7230606,-4.042907,-4.760052,train
COc1cc([N+](=O)[O-])ccc1NC(=O)c1cc(Cl)ccc1O,-4.8310165,-4.341221,-4.7786727,train
COc1cc2[nH]c(-c3ccc4c(Cl)cc(Cl)c(O)c4n3)cc2cc1O,-5.5071993,-5.0037274,-5.045608,train
COc1cc2[nH]c(-c3ccc4cccc(O)c4n3)cc2cc1O,-5.949374,-5.059843,-5.0415306,train
COc1cc2[nH]c(-c3cccc(Oc4ccccc4)c3)c(C(=O)OCCCN3CCOCC3)c(=O)c2cc1F,-4.7985253,-3.4892662,-4.739148,train
COc1cc2[nH]c(-c3cccc(Oc4ccccc4)c3)c(C(=O)OCCO)c(=O)c2cc1F,-4.934603,-3.160988,-4.6473846,train
COc1cc2[nH]c(C)c(-c3ccc(-c4ccc(C(F)(F)F)cc4F)nc3)c(=O)c2cc1Cl,-5.2381063,-3.9997306,-4.862589,train
COc1cc2[nH]c(C)c(-c3ccc(Cl)cc3C)c(=O)c2cc1Cl,-5.017834,-3.8543046,-4.823052,train
COc1cc2[nH]c(C)c(-c3ccccc3)c(=O)c2cc1Br,-4.891948,-3.6877122,-4.685029,train
COc1cc2[nH]c(C)c(-c3ccccc3)c(=O)c2cc1Cl,-5.0114193,-3.7581282,-4.7435603,train
COc1cc2[nH]c(C)c(-c3ccccc3)c(=O)c2cc1F,-4.841537,-3.8318872,-4.6589127,train
COc1cc2[nH]c(C)c(/C=C/C(=O)OC(C)(C)C)c(=O)c2cc1Cl,-4.82239,-3.7838616,-4.7285986,train
COc1cc2[nH]c(C)c(C(C)C)c(=O)c2cc1Cl,-5.021586,-3.8007607,-4.681544,train
COc1cc2[nH]c(C)c(CC(C)C)c(=O)c2cc1Cl,-4.980978,-4.035321,-4.7346334,train
COc1cc2[nH]c(C)c(Cc3ccccc3)c(=O)c2cc1Cl,-5.2109385,-3.9629855,-4.8496685,train
COc1cc2[nH]c(C)cc(=O)c2cc1Cl,-4.862465,-4.5285234,-4.6313114,train
COc1cc2[nH]c3c(c(=O)c2cc1C)CCCC3,-4.78896,-4.241027,-4.5856514,train
COc1cc2[nH]c3c(c(=O)c2cc1C)CSCC3,-5.338259,-4.908122,-4.7587776,train
COc1cc2[nH]c3c(c(=O)c2cc1Cl)CC(F)(F)CC3,-4.9297237,-4.0920315,-4.591309,train
COc1cc2[nH]c3c(c(=O)c2cc1Cl)CCCC3,-4.849497,-3.9441962,-4.6090612,train
COc1cc2[nH]c3c(c(=O)c2cc1Cl)CSCC3,-5.6830816,-4.979042,-4.8679814,train
COc1cc2[nH]c3c(c(=O)c2cc1OC)CCCC3,-5.161971,-4.74812,-4.607332,train
COc1cc2[se]n(CCC3CCN(Cc4ccccc4)CC3)c(=O)c2cc1OC,-5.6594067,-5.022677,-4.899771,train
COc1cc2[se]n(CCCC3CCN(Cc4ccccc4)CC3)c(=O)c2cc1OC,-5.729548,-4.9388204,-4.8984456,train
COc1cc2c(N3CCCCC3)nc(N(C)C)nc2cc1OC1CCCC1,-4.6973886,-4.490954,-4.6171517,train
COc1cc2c(N3CCN(C)CC3)nc(N(C)C)nc2cc1OC1CCCC1,-4.894004,-4.409402,-4.6714444,train
COc1cc2c(N3CCN(C)CC3)nc(N(C)C)nc2cc1OCCCN1CCCC1,-5.406718,-4.987277,-5.060391,train
COc1cc2c(N3CCNCC3)nc(N(C)C)nc2cc1OCCCN1CCCC1,-5.968549,-5.504032,-5.3626084,train
COc1cc2c(NC3C4CCC3CN(C)C4)cc(-c3ccc(C)o3)nc2cc1OCCCN1CCCC1,-7.1285877,-7.640625,-6.902239,train
COc1cc2c(NC3CC4(CCN(C(C)C)CC4)C3)cc(-c3ccc(C)o3)nc2cc1OC1CC2(C1)CN(C)C2,-6.456727,-7.893036,-6.753763,train
COc1cc2c(NC3CC4(CCN(C(C)C)CC4)C3)cc(-c3ccc(C)o3)nc2cc1OCCCN1CCCC1,-6.7683144,-7.93566,-7.120207,train
COc1cc2c(NC3CC4(CCN(C)C4)C3)cc(-c3ccc(C)o3)nc2cc1OCCCN1CCCC1,-6.914538,-8.292349,-7.207259,train
COc1cc2c(NC3CC4(CCN(C)CC4)C3)cc(-c3ccc(C)o3)nc2cc1OCC1CCN(C)CC1,-6.5590405,-7.9432335,-6.9082537,train
COc1cc2c(NC3CC4(CCN(C)CC4)C3)cc(-c3ccc(C)o3)nc2cc1OCCCN1CCCC1,-6.8238144,-8.153968,-7.214162,train
COc1cc2c(NC3CC4CCC(C3)N4C)cc(-c3ccc(C)o3)nc2cc1OCCCN1CCCC1,-7.1886516,-8.36662,-7.430284,train
COc1cc2c(NC3CCC34CCN(C)C4)cc(-c3ccc(C)o3)nc2cc1OCCCN1CCCC1,-6.718294,-8.030267,-7.14123,train
COc1cc2c(NC3CCC34CCN(C)CC4)cc(-c3ccc(C)o3)nc2cc1OCCCN1CCCC1,-6.7268314,-7.9668083,-7.1422834,train
COc1cc2c(NC3CCN(C(C)C)CC3)cc(-c3ccc(C)o3)nc2cc1OCCCN1CCCC1,-6.61664,-7.8504877,-7.032073,train
COc1cc2c(NC3CCN(C)C(=O)C3)cc(-c3ccc(C)o3)nc2cc1OCCCN1CCCC1,-7.3881917,-8.345746,-7.4018426,train
COc1cc2c(NC3CCN(C)CC3)cc(-c3ccc(C)o3)nc2cc1OC1CC2(C1)CN(C)C2,-6.556807,-8.100803,-6.843876,train
COc1cc2c(NC3CCN(C)CC3)cc(-c3ccc(C)o3)nc2cc1OCC1CCN(C)CC1,-6.5480857,-7.9563212,-6.8774915,train
COc1cc2c(NC3CCN(C)CC3)cc(-c3ccc(C)o3)nc2cc1OCC1CCNCC1,-6.908493,-8.570559,-7.3887033,train
COc1cc2c(NC3CCN(C)CC3)cc(-c3ccc(C)o3)nc2cc1OCCCN1CCCC1,-6.7798324,-8.191323,-7.1712856,train
COc1cc2c(NC3CCN(C)CC3)cc(-c3ccc(CO)o3)nc2cc1OCCCN1CCCC1,-7.006921,-8.494424,-7.4568825,train
COc1cc2c(NC3CCN(C)CC3)cc(-c3ccoc3)nc2cc1OCCCN1CCCC1,-6.7127495,-8.169896,-7.0959983,train
COc1cc2c(NC3CCN(C)CC3)cc(C3=CCOCC3)nc2cc1OCCCN1CCCC1,-6.694142,-8.053426,-7.103655,train
COc1cc2c(NC3CCN(C)CC3)cc(C3CCCCC3)nc2cc1OCCCN1CCCC1,-6.6074867,-7.5694265,-6.782998,train
COc1cc2c(NC3CCN(C)CC3)cc(C3CCOCC3)nc2cc1OCCCN1CCCC1,-6.606406,-8.1720295,-7.0505676,train
COc1cc2c(NC3CCN(C4CC4)CC3)cc(-c3ccc(C)o3)nc2cc1OCCCN1CCCC1,-6.7248735,-7.8758287,-7.044825,train
COc1cc2c(NC3CCN(c4ncc(C(=O)NO)cn4)CC3)cc(C)nc2cc1OCCCN1CCCC1,-6.677309,-8.821565,-7.422906,train
COc1cc2c(NC3CCNCC3)cc(-c3ccc(C)o3)nc2cc1OCCCN1CCCC1,-7.2760563,-8.628046,-7.6547585,train
COc1cc2c(NCC3CCN(C(C)C)CC3)cc(-c3ccc(C)o3)nc2cc1OCCCN1CCCC1,-6.927421,-7.8725157,-7.049637,train
COc1cc2c(NCC3CCN(C)CC3)cc(-c3ccc(C)o3)nc2cc1OCCCN1CCCC1,-6.915003,-7.959177,-7.00411,train
COc1cc2c(NCC3CCN(c4ccc(C(=O)NO)cc4)CC3)cc(-c3ccc(C)o3)nc2cc1OCCCN1CCCC1,-7.268444,-8.897001,-7.8884706,train
COc1cc2c(NCC3CCN(c4ncc(C(=O)NO)cn4)CC3)cc(-c3ccc(C)o3)nc2cc1OCC1CCNCC1,-7.2233424,-9.527367,-8.044973,train
COc1cc2c(NCc3ccc(-c4ccc(C(=O)NO)cc4)cc3)cc(-c3ccc(C)o3)nc2cc1OCCCN1CCCC1,-7.2903576,-8.537086,-7.8302093,train
COc1cc2c(c(OC)c1OC)-c1ccc(OC)c(=O)cc1[C@@H](NC(=O)CCC1=[N+]3C(=Cc4cccn4[B-]3(F)F)C=C1)CC2,-4.6782093,-3.9487984,-4.903337,train
COc1cc2c(c(OC)c1OC)-c1ccc(OC)c(=O)cc1[C@@H](NC(=O)CCCCCNC(=O)COc1ccc(/C=C/C3=[N+]4C(=Cc5ccc(-c6ccc[nH]6)n5[B-]4(F)F)C=C3)cc1)CC2,-5.719489,-5.062931,-5.7417426,train
COc1cc2c(cc1C(C)=O)CC[C@H]1C(C)(C)[C@@H](OC(=O)C(F)(F)F)CC[C@]21C,-4.8054276,-5.078762,-4.853048,train
COc1cc2c(cc1OC)/C(=C/CCCCCN(C)Cc1ccccc1)OC2=O,-5.1804576,-4.7100167,-4.9247656,train
COc1cc2c(cc1OC)/C(=C\CCCCCN(C)Cc1ccccc1)OC2=O,-5.106755,-4.8150077,-4.832288,train
COc1cc2c(cc1OC)C(=O)/C(=C/c1ccc(CN3CCCCC3)c(O)c1)CO2,-5.502915,-4.7514343,-5.0980873,train
COc1cc2c(cc1OC)C(=O)C(CC1C=CN(Cc3ccccc3C)C=C1C(C)=O)C2,-5.0128503,-4.8314757,-4.832918,train
COc1cc2c(cc1OC)C(=O)C(CC1CCN(Cc3ccc(O)c4ncccc34)CC1)C2,-5.1179805,-4.8229694,-4.8666153,train
COc1cc2c(cc1OC)C(=O)C(CC1CCN(Cc3ccc4cccc(O)c4n3)CC1)C2,-5.290637,-4.9903574,-4.934593,train
COc1cc2c(cc1OC)C(=O)C(CC1CCN(Cc3cccc(C)c3)CC1)C2,-5.056177,-4.7410436,-4.78581,train
COc1cc2c(cc1OC)C(=O)C(CC1CCN(Cc3cccc(C)n3)CC1)C2,-5.0962987,-5.144562,-4.7782845,train
COc1cc2c(cc1OC)C(=O)C(CC1CCN(Cc3ccccc3)CC1)C2,-5.0879154,-4.79358,-4.763005,train
COc1cc2c(cc1OC)C(=O)C(CC1CCN(Cc3ncccc3C)CC1)C2,-4.9585395,-5.0590277,-4.754264,train
COc1cc2c(cc1OCCCN1CCCC1)N=C(C1CCCCC1)CN=C2NC1CCN(C(C)C)CC1,-6.2012205,-6.349825,-6.2191916,train
COc1cc2cc(-c3ccc4c(Cl)cc(Cl)c(O)c4n3)[nH]c2cc1OC,-5.832493,-5.155734,-5.0743055,train
COc1cc2cc(-c3ccc4cccc(O)c4n3)[nH]c2cc1OC,-6.2656074,-5.1683693,-5.061643,train
COc1cc2cc(c1)[C@@H](Nc1ccc3c(N)ncc(F)c3c1)C(=O)N(C)Cc1cc(ccc1S(=O)(=O)C1CC1)NC(=O)CC2,-6.5773044,-6.1454873,-5.7980814,train
COc1cc2ccccc2cc1C(=O)NC1(C(=O)N[C@H](CCCN2CCN(CC3CCOCC3)CC2)Cc2ccccc2)CCCC1,-4.865912,-5.015046,-4.955904,train
COc1cc2nc(-c3ccc(C)o3)cc(NC3CCN(c4ncc(C(=O)NO)cn4)CC3)c2cc1OC,-6.2656407,-8.265308,-6.8945417,train
COc1cc2nc(-c3ccc(C)o3)cc(NCC3C4CCC3CN(c3ncc(C(=O)NO)cn3)C4)c2cc1OC,-7.1143913,-8.18582,-7.2030125,train
COc1cc2nc(-c3ccc(C)o3)cc(NCC3CCC(C(=O)NO)CC3)c2cc1OC,-6.8393126,-8.54994,-7.315177,train
COc1cc2nc(-c3ccc(C)o3)cc(NCC3CCN(C4CC(C(=O)NO)C4)CC3)c2cc1OC,-7.21389,-9.022218,-7.7621236,train
COc1cc2nc(-c3ccc(C)o3)cc(NCC3CCN(Cc4ccc(C(=O)NO)s4)CC3)c2cc1OC,-6.445765,-7.858987,-6.9300427,train
COc1cc2nc(-c3ccc(C)o3)cc(NCC3CCN(c4ncc(C(=O)NO)cn4)CC3)c2cc1OC,-6.5764427,-8.438785,-7.1022825,train
COc1cc2nc(-c3ccc(C)o3)cc(NCc3ccc(C(=O)NO)cc3)c2cc1OC,-6.6434484,-8.041216,-7.0963206,train
COc1cc2nc(C3CCCCC3)cc(NCC3CCN(c4ncc(C(=O)NO)cn4)CC3)c2cc1OC,-6.259282,-7.785965,-6.60242,train
COc1cc2ncnc(-n3nc(-c4ccccn4)nc3N)c2cc1OC,-4.567622,-4.2539816,-4.6265354,train
COc1cc2ncnc(Nc3ccc(O[C@H]4CO[C@H]5[C@@H]4OC[C@@H]5O)c(Cl)c3)c2cc1OC,-5.5398917,-5.42815,-5.333914,train
COc1cc2oc(C(=O)NCCCCCCCCCCNc3c4c(nc5ccccc35)CCCC4)cc(=O)c2cc1OC,-6.7689466,-5.087632,-5.310565,train
COc1ccc(-c2c(-c3ccc(OC)cc3)n(Cc3ccccc3)c3ncn(C4CCOCC4)c(=N)c23)cc1,-4.886166,-2.918339,-4.588274,train
COc1ccc(-c2c(-c3ccc(OC)cc3)n(Cc3ccccc3)c3ncn(CC4CCOC4)c(=N)c23)cc1,-5.1556196,-3.3651283,-4.724326,train
COc1ccc(-c2c(-c3ccc(OC)cc3)n(Cc3ccccc3)c3ncn(CCCO)c(=N)c23)cc1,-5.6228886,-3.0950081,-4.6732593,train
COc1ccc(-c2c(-c3ccc(OC)cc3)n(Cc3ccccc3)c3ncn(CCO)c(=N)c23)cc1,-5.273307,-2.9960017,-4.623147,train
COc1ccc(-c2c(-c3ccc(OC)cc3)n(Cc3ccccc3)c3ncn([C@@H]4CCCC[C@H]4O)c(=N)c23)cc1,-4.983528,-3.240459,-4.671503,train
COc1ccc(-c2c(-c3ccc(OC)cc3)n(Cc3ccccc3)c3ncn([C@H]4CC[C@H](O)CC4)c(=N)c23)cc1,-5.258353,-3.3978016,-4.862122,train
COc1ccc(-c2cc(C(=O)N3CCN(C4CCN(C(=O)C5CCN(C(C)=O)CC5)CC4)CC3)cc(-c3ccc4[nH]ccc4c3)n2)cc1,-5.7841487,-4.1856437,-5.3937984,train
COc1ccc(-c2cc(NC(=O)C(C)CCCN3CCCN(C(C)=O)CC3)[nH]n2)cc1,-6.0691304,-4.7160597,-5.309448,train
COc1ccc(-c2cc(NC(=O)CCCCN3CCCCC3)[nH]n2)cc1,-6.3202696,-4.9616184,-5.3296237,train
COc1ccc(-c2cc(NC(=O)CCCCN3CCCN(C(C)=O)CC3)[nH]n2)cc1,-6.0313325,-4.871738,-5.3050127,train
COc1ccc(-c2cc(NC(=O)CCCCN3CCCOCC3)[nH]n2)cc1,-5.591041,-5.063936,-5.141974,train
COc1ccc(-c2cc(NC(=O)CCCCN3CCOCC3)[nH]n2)cc1,-5.403018,-4.856503,-5.002365,train
COc1ccc(-c2ccc(-n3ccc4[nH]c(=O)c(C#N)c(O)c43)cc2)cc1,-7.3707676,-8.509569,-7.448102,train
COc1ccc(-c2ccc(Sc3cc(=O)n(O)c(=O)[nH]3)cc2)cc1,-6.7326193,-6.121519,-5.822661,train
COc1ccc(-c2ccc(Sc3cc(=O)n(O)c(=O)[nH]3)cc2)cc1OC,-7.0942407,-6.0495567,-5.92133,train
COc1ccc(-c2ccc3c(NCCCNCc4cc(F)ccc4OC)ccnc3c2)cc1,-5.014282,-3.5613623,-4.7507114,train
COc1ccc(-c2ccc3c(NCCCNCc4ccc5c(c4)OCO5)ccnc3c2)cc1,-4.882189,-3.4681292,-4.6878314,train
COc1ccc(-c2ccc3c(NCCCNCc4ccco4)ccnc3c2)cc1,-4.9324417,-3.5136144,-4.7238665,train
COc1ccc(-c2cccc(-c3cc4nc(C)c([C@H](OC(C)(C)C)C(=O)O)c(-c5cc(F)c6c(c5C)CCCO6)n4n3)c2)cn1,-5.391951,-6.146349,-5.7613487,train
COc1ccc(-c2ccnc(Nc3ccc(S(N)(=O)=O)cc3)n2)cc1,-4.792047,-6.063509,-4.842889,train
COc1ccc(-c2cn([C@H]3COC[C@@H](S[C@@H]4O[C@H](CO)[C@H](O)[C@H](n5cc(-c6cc(F)c(F)c(F)c6)nn5)[C@H]4OC)[C@@H]3O)nn2)cn1,-6.3263283,-5.9350877,-5.943634,train
COc1ccc(-c2cnc(NC(=O)CCCCN3CCCN(C(C)=O)CC3)[nH]2)cc1,-5.6397834,-5.115272,-5.2888846,train
COc1ccc(-c2n[nH]c(NC(=O)CCCCN3CCCCC3)c2C)cc1,-6.061431,-5.10669,-5.333837,train
COc1ccc(-c2n[nH]c(NC(=O)CCCCN3CCCN(C(C)=O)CC3)c2C)cc1,-5.800811,-5.0911155,-5.30039,train
COc1ccc(-c2nc(NC(=O)C3CCN(Cc4c(F)cccc4Cl)CC3)sc2-c2ccc(OC)cc2)cc1,-6.125749,-5.00252,-5.337156,train
COc1ccc(-c2nc(NC(=O)C3CCN(Cc4cccc(F)c4)CC3)sc2-c2ccc(OC)cc2)cc1,-5.753932,-4.7508855,-5.0935297,train
COc1ccc(-c2nc(NC(=O)C3CCN(Cc4ccccc4C(F)(F)F)CC3)sc2-c2ccc(OC)cc2)cc1,-5.8817835,-4.8800707,-5.0725665,train
COc1ccc(-c2nc(NC3CCN(Cc4ccc(C)cc4)CC3)sc2-c2ccc(OC)cc2)cc1,-5.365458,-5.056637,-5.0052905,train
COc1ccc(-c2nc(NCC3CCN(Cc4c(F)cccc4Cl)CC3)sc2-c2ccc(OC)cc2)cc1,-6.1998177,-5.202883,-5.432476,train
COc1ccc(-c2nc(NCC3CCN(Cc4ccccc4C(F)(F)F)CC3)sc2-c2ccc(OC)cc2)cc1,-6.2149935,-5.3676515,-5.2462707,train
COc1ccc(-c2nc(NCC3CCN(Cc4ccccc4C)CC3)sc2-c2ccc(OC)cc2)cc1,-5.8161454,-4.940191,-5.1814485,train
COc1ccc(-c2nc3ccccc3o2)cc1NC(=O)c1cc([N+](=O)[O-])ccc1Cl,-5.486991,-3.9824827,-4.921289,train
COc1ccc(-c2nc3ccccc3s2)cc1NC(=O)c1cc([N+](=O)[O-])c(N2CCC(C(=O)O)CC2)cc1Cl,-6.2916718,-5.0379434,-5.2858253,train
COc1ccc(-c2nc3ccccc3s2)cc1NC(=O)c1cc([N+](=O)[O-])c(N2CCN(C)CC2)cc1Cl,-6.1737375,-4.345352,-5.1855364,train
COc1ccc(-c2nc3ccccc3s2)cc1NC(=O)c1cnccc1Cl,-5.569606,-3.7256162,-4.7680616,train
COc1ccc(-c2noc(C(Cc3ccc(-c4cc(C(=O)O)on4)cc3)c3ccc(F)cc3)n2)cc1,-5.7163477,-4.9125376,-5.009598,train
COc1ccc(-c2noc(C(Cc3ccc(-n4ncc(C(=O)O)c4N)cc3)c3ccc(F)cc3)n2)cc1,-6.4435444,-7.534649,-6.5548744,train
COc1ccc(-n2cnc3cc(C(=O)N4CCCCC4)ccc32)cc1,-4.443186,-3.2563264,-4.5537796,train
COc1ccc(/C=C(/C(=O)N2CCN(c3ncccn3)CC2)c2ccc(F)cc2)cc1,-5.2025003,-4.945157,-4.990017,train
COc1ccc(/C=C(/C(=O)N2CCN(c3ncccn3)CC2)c2cccc(C(F)(F)F)c2)cc1,-5.385231,-5.015254,-4.973021,train
COc1ccc(/C=C(/C(=O)N2CCN(c3ncccn3)CC2)c2ccccc2)cc1,-5.325413,-4.9495707,-5.014628,train
COc1ccc(/C=C2\COc3cc(OCCCCCCCCNc4c5c(nc6ccccc46)CCCC5)ccc3C2=O)cc1,-6.70376,-5.5051746,-5.551416,train
COc1ccc(/C=C2\COc3cc(OCCCCCCNc4c5c(nc6ccccc46)CCCC5)ccc3C2=O)cc1,-6.549449,-5.520796,-5.5400753,train
COc1ccc(/C=N/N(C)S(=O)(=O)c2cc3c(cc2C)OCO3)cc1OC,-5.219879,-4.615018,-4.488872,train
COc1ccc(/C=N/NC(N)=S)cc1,-5.128757,-4.82644,-4.813898,train
COc1ccc(/N=C2\C(=O)Nc3ccccc32)cc1,-4.746946,-5.055052,-4.659891,train
COc1ccc(C(=O)CCC2C=CN(Cc3cccc(Cl)c3)C=C2C#N)cc1OC,-5.2195454,-4.696392,-4.791278,train
COc1ccc(C(=O)CCC2C=CN(Cc3cccc(Cl)c3)C=C2C(C)=O)cc1OC,-4.989162,-4.5610356,-4.835996,train
COc1ccc(C(=O)CCC2C=CN(Cc3cccc(Cl)c3)C=C2C(N)=O)cc1OC,-5.129706,-4.606021,-4.8808007,train
COc1ccc(C(=O)N2CCCC(c3cc4ncccc4[nH]3)C2)cc1OC,-6.0653934,-5.444012,-5.1647325,train
COc1ccc(C(=O)NCc2cccc(C(=O)Nc3ccc(CN(C)C)cc3)c2)cc1C,-5.294053,-4.9537745,-5.2951875,train
COc1ccc(C(=O)NCc2cccc(C(=O)Nc3ccc(CN(C)C)cc3)c2)cc1Cl,-5.499948,-4.6929064,-5.3222747,train
COc1ccc(C(=O)NCc2cccc(C(=O)Nc3ccc(CN(C)C)cc3)c2)cc1OC,-5.583352,-4.8455606,-5.231779,train
COc1ccc(C(=O)NCc2cccc(C(=O)Nc3ccc(CO)cc3)c2)cc1OC,-5.9301057,-4.68737,-5.2817755,train
COc1ccc(C(=O)NCc2cccc(C(=O)Nc3ccc4c(c3)CN(C)CC4)c2)cc1OC,-6.094362,-5.1811304,-5.841215,train
COc1ccc(C(=O)NCc2cccc(C(=O)Nc3ccc4c(c3)CNCC4)c2)cc1OC,-6.33917,-5.516143,-6.1969395,train
COc1ccc(C(=O)Nc2ccc([N+](=O)[O-])cc2Cl)c(O)c1,-5.0159845,-4.37243,-4.80666,train
COc1ccc(C(=O)Oc2ccc(S(=O)(=O)C3(C(=O)NO)CCC4(CCNCC4)C3)cc2)cc1,-7.5892344,-10.756807,-8.464081,train
COc1ccc(C(Cc2ccc(-c3cc(C(=O)O)on3)cc2)c2nc(-c3ccc(Cl)cc3)no2)cc1,-6.0789766,-4.8296456,-5.097621,train
COc1ccc(C(Cc2ccc(-c3nc(C(=O)O)cs3)cc2)c2nc(-c3cccc(F)c3)no2)cc1,-6.3135047,-4.887636,-5.1004496,train
COc1ccc(C2CC(c3ccc(-c4ccccc4)cc3)=NN2C(C)=O)cc1OC,-5.754067,-5.2187624,-4.868009,train
COc1ccc(C2N=C(Nc3nc4ccc(F)cc4o3)NC(C)=C2C(=O)Nc2cc(C(=O)O)ccn2)c(Cl)c1,-6.361221,-5.7384243,-5.376264,train
COc1ccc(C2N=C(Nc3nc4ccccc4o3)NC(C)=C2C(=O)Nc2nncs2)c(Cl)c1,-5.4776483,-4.5890675,-5.060335,train
COc1ccc(C2c3ccc4ccccc4c3Oc3nc4c(c(N)c32)CCCC4)c(OC)c1,-6.436497,-4.96016,-5.158887,train
COc1ccc(CC(=O)NCCCn2c(=O)c3cc(F)ccc3n3c(=S)[nH]nc23)cc1,-4.737594,-3.530272,-4.684964,train
COc1ccc(CC2COc3cc(OCCCCCCNc4c5c(nc6ccccc46)CCCC5)ccc3C2=O)cc1,-6.2452626,-5.494439,-5.2906947,train
COc1ccc(CCC(=O)N2CCN(Cc3ccc(O)c4ncccc34)CC2)cc1OC,-5.230467,-4.9182444,-4.888015,train
COc1ccc(CCN(C)CCCC(C#N)(c2ccc(OC)c(OC)c2)C(C)C)cc1OC,-5.329601,-4.3438435,-4.6974773,train
COc1ccc(CCN(Cc2ccc(C(=O)O)cc2)c2nc3cccnc3s2)cc1,-5.292626,-4.8759985,-4.779078,train
COc1ccc(CCN2CCC(Nc3nc4ccccc4n3Cc3ccc(F)cc3)CC2)cc1,-4.9942694,-5.390613,-4.9674416,train
COc1ccc(CCn2cnc3c(c(-c4ccccc4)c(-c4ccccc4)n3Cc3ccccc3)c2=N)cc1OC,-5.7743096,-3.507362,-4.8205166,train
COc1ccc(CN(C)c2nc(C(C)c3c(F)cccc3F)c(C)c(=O)[nH]2)cc1,-5.819678,-5.378815,-5.0832176,train
COc1ccc(CN2CCC(Nc3nc(-c4ccc(OC)cc4)c(-c4ccc(OC)cc4)s3)CC2)cc1,-5.52992,-5.140759,-5.0654,train
COc1ccc(CNC(=O)c2nc(C)[nH]c(=O)c2O)cc1,-5.0282674,-4.981168,-4.7712107,train
COc1ccc(CNS(=O)(=O)/C=C/c2ccc(O)c(O)c2)cc1,-4.86088,-5.2171144,-4.8078303,train
COc1ccc(CNc2nc(SC)nc3c2cnn3CC(Cl)c2ccccc2)cc1,-6.433696,-5.8299975,-5.2819953,train
COc1ccc(COc2c(OC)ccc3cc4[n+](cc23)CCc2cc3c(cc2-4)OCO3)cc1,-6.7747517,-5.957519,-5.5114202,train
COc1ccc(Cl)c(-c2noc(C(C)C)c2COc2ccc(-c3ccc4c(C(=O)O)cn(C)c4c3)c(C)c2)n1,-5.8502307,-5.3120656,-5.0578713,train
COc1ccc(Cl)c2oc3cc(N4CCC(C(=O)O)C4)ccc3c(=O)c12,-5.161579,-5.62943,-4.813806,train
COc1ccc(Cl)cc1C(=O)Nc1ccc([N+](=O)[O-])cc1Cl,-5.022776,-3.8077483,-4.818835,train
COc1ccc(Cl)cc1NC(=O)Nc1cc(C)nc2ccccc12,-5.3565793,-3.5109277,-4.822433,train
COc1ccc(Cn2c(-c3ccccc3)c(-c3ccccc3)c3c(=N)n(CC4CCOCC4)cnc32)cc1,-5.0479293,-3.330331,-4.7145343,train
COc1ccc(Cn2c(-c3ccccc3)c(-c3ccccc3)c3c(=N)n(CCCO)cnc32)cc1,-5.6113553,-3.0989683,-4.6813693,train
COc1ccc(Cn2c(-c3ccccc3)c(-c3ccccc3)c3c(=N)n(CCO)cnc32)cc1,-5.2693896,-3.0171971,-4.6354685,train
COc1ccc(Cn2c(-c3ccccc3)c(-c3ccccc3)c3c(=N)n([C@H]4CC[C@H](O)CC4)cnc32)cc1,-5.2390547,-3.3969576,-4.8646564,train
COc1ccc(Cn2cc(C(=O)NCCCCCCCNc3c4c(nc5cc(Cl)ccc35)CCCC4)c(=O)c3ccccc32)cc1,-6.636888,-5.3802953,-5.5518103,train
COc1ccc(Cn2cc(C(=O)NCCCCCCCNc3c4c(nc5ccc(OC)cc35)CCCC4)c(=O)c3ccccc32)cc1,-6.5329247,-5.2561297,-5.445019,train
COc1ccc(Cn2cc(C(=O)NCCCCCCNc3c4c(nc5ccccc35)CCCC4)c(=O)c3ccccc32)cc1,-6.479044,-5.3962197,-5.4689846,train
COc1ccc(Cn2cc(C(=O)NCCCNc3c4c(nc5ccccc35)CCCC4)c(=O)c3ccccc32)cc1,-6.6498113,-5.4275885,-5.534729,train
COc1ccc(Cn2cc(C(=O)NCCNc3c4c(nc5cc(Cl)ccc35)CCCC4)c(=O)c3ccccc32)cc1,-5.751991,-5.5207596,-5.37165,train
COc1ccc(Cn2cc(C(=O)NCCNc3c4c(nc5ccc(OC)cc35)CCCC4)c(=O)c3ccccc32)cc1,-5.6150723,-5.3306236,-5.2108936,train
COc1ccc(Cn2cc(C(=O)NCCNc3c4c(nc5ccccc35)CCCC4)c(=O)c3ccccc32)cc1,-5.59657,-5.5892773,-5.256026,train
COc1ccc(F)cc1CNCCCNc1ccnc2cc(-c3cc(C(F)(F)F)cc(C(F)(F)F)c3)ccc12,-5.3248777,-3.8742628,-4.830579,train
COc1ccc(F)cc1CNCCCNc1ccnc2cc(-c3ccc(C(C)(C)C)cc3)ccc12,-5.821394,-3.5847907,-4.9647126,train
COc1ccc(F)cc1CNCCCNc1ccnc2cc(-c3ccc(C(F)(F)F)cc3)ccc12,-4.9893427,-3.5770469,-4.732619,train
COc1ccc(F)cc1CNCCCNc1ccnc2cc(-c3ccc(F)cc3)ccc12,-4.93263,-3.5858788,-4.753227,train
COc1ccc(F)cc1CNCCCNc1ccnc2cc(-c3cccc4ccccc34)ccc12,-5.2295747,-3.6817093,-4.8114753,train
COc1ccc(F)cc1CNCCCNc1ccnc2cc(-c3ccccc3)ccc12,-5.0281367,-3.5867772,-4.7683725,train
COc1ccc(F)cc1CNCCCNc1ccnc2cc(C3CCCCC3)ccc12,-4.9458547,-4.1082654,-4.708956,train
COc1ccc(F)cc1CNCCCNc1ccnc2cc(CC(C)C)ccc12,-5.0856376,-4.386733,-4.799538,train
COc1ccc(F)cc1CNCCCNc1ccnc2cc(CC3CCCCC3)ccc12,-5.3481483,-4.3080816,-4.903871,train
COc1ccc(F)cc1CNCCCNc1ccnc2cc(CCC(C)C)ccc12,-5.1870303,-4.2667723,-4.876059,train
COc1ccc(F)cc1CNCCCNc1ccnc2cc(CCc3ccccc3)ccc12,-5.3803077,-4.208427,-4.912288,train
COc1ccc(F)cc1CNCCCNc1ccnc2cc(Cc3cc(C)cc(C)c3)ccc12,-5.5212374,-4.7869596,-5.165293,train
COc1ccc(F)cc1CNCCCNc1ccnc2cc(Cc3ccc(C#N)cc3)ccc12,-5.273993,-4.593487,-4.917859,train
COc1ccc(F)cc1CNCCCNc1ccnc2cc(Cc3ccc(F)cc3Cl)ccc12,-5.5339394,-4.400796,-5.050266,train
COc1ccc(F)cc1CNCCCNc1ccnc2cc(Cc3ccc4c(c3)OCO4)ccc12,-5.0869074,-4.188314,-4.8109264,train
COc1ccc(F)cc1CNCCCNc1ccnc2cc(Cc3cccc(C(F)(F)F)c3)ccc12,-5.525961,-4.4748354,-4.9682436,train
COc1ccc(F)cc1CNCCCNc1ccnc2cc(Cc3ccccc3)ccc12,-5.1664033,-4.231184,-4.862146,train
COc1ccc(F)cc1CNCCCNc1ccnc2cc(Oc3ccc(C(C)(C)C)cc3)ccc12,-5.7912583,-3.5080597,-4.854538,train
COc1ccc(F)cc1CNCCCNc1ccnc2cc(Oc3ccc(F)cc3)ccc12,-4.8710575,-3.4541135,-4.66201,train
COc1ccc(F)cc1CNCCCNc1ccnc2cc(Oc3cccc(N(C)C)c3)ccc12,-5.086774,-3.4613538,-4.721017,train
COc1ccc(F)cc1CNCCCNc1ccnc2cc(Oc3ccccc3)ccc12,-4.974018,-3.4146314,-4.663428,train
COc1ccc(F)cc1CNCCCNc1ccnc2cc(Oc3ccccc3OC)ccc12,-5.0825596,-3.43049,-4.6404734,train
COc1ccc(N2CCN(CCCN3CCN(C(=O)c4ccccc4)CC3)CC2)cc1,-4.725599,-4.481051,-4.9065485,train
COc1ccc(N2CCN(CCCN3CCN(c4ncccc4C#N)CC3)CC2)cc1,-5.028915,-4.959519,-4.856635,train
COc1ccc(NC(=O)Nc2cc(C)nc3ccccc23)cc1,-5.0532103,-3.5377429,-4.790893,train
COc1ccc(NC(=O)Nc2cc(C)nc3ccccc23)cc1Cl,-5.3841724,-3.539104,-4.846906,train
COc1ccc(NC(=O)Nc2cc(C)nc3ccccc23)cc1F,-5.1272993,-3.4803605,-4.7782826,train
COc1ccc(NC(=O)Nc2cc(C)nc3ccccc23)cc1OC,-5.4525514,-3.6846485,-4.8194685,train
COc1ccc(NC(=O)c2cc(Cl)ccc2O)cc1,-4.695137,-4.4602423,-4.657379,train
COc1ccc(O)c(/C=C(/C(=O)N2CCN(c3ncccn3)CC2)c2ccc(F)cc2)c1,-4.974867,-4.772527,-4.8600435,train
COc1ccc(O)c(/C=C(/C(=O)N2CCN(c3ncccn3)CC2)c2cccc(C(F)(F)F)c2)c1,-5.0557084,-4.7586527,-4.8206625,train
COc1ccc(O)c(/C=C(/C(=O)N2CCN(c3ncccn3)CC2)c2ccccc2)c1,-5.0643673,-4.770564,-4.877824,train
COc1ccc(O)c(C(=O)Nc2ccc([N+](=O)[O-])cc2Cl)c1,-5.0266547,-4.2531466,-4.8184104,train
COc1ccc(OC)c(C2=NN(C(C)=O)C(c3ccc(-c4ccccc4)cc3)C2)c1,-5.2035713,-4.8153906,-4.7087984,train
COc1ccc(OC)c(C2CC(c3ccc(-c4ccccc4)cc3)=NN2C(C)=O)c1,-5.461379,-4.7088933,-4.7544208,train
COc1ccc(OC)c2c(=O)c3c([nH]c12)CCCC3,-4.8627024,-4.607739,-4.5417395,train
COc1ccc(Oc2ccc3c(NCCCNCc4ccc5c(c4)OCO5)ccnc3c2)cc1,-4.7910466,-3.3344414,-4.602986,train
COc1ccc(Oc2ccc3c(NCCCNCc4cccc(OC)c4O)ccnc3c2)cc1,-4.957674,-3.3419642,-4.6193647,train
COc1ccc(Oc2ccc3c(NCCCNCc4ccco4)ccnc3c2)cc1,-4.800063,-3.2776175,-4.611448,train
COc1ccc(S(=O)(=O)N(CC(=O)NS(=O)(=O)c2ccccc2)c2cccc3c2CCN3C(C(=O)NS(=O)(=O)c2ccc(C)cc2OC)c2cccc(OC)c2)cc1,-6.5307035,-5.2678566,-5.195345,train
COc1ccc(S(=O)(=O)NC(=O)CN(c2cccc3c2CCN3C(C(=O)NS(=O)(=O)c2ccc(C)cc2OC)c2cccc(OC)c2)S(=O)(=O)c2ccc(OC)cc2)cc1,-6.4497366,-5.2409053,-5.1845593,train
COc1ccc([C@@H]2CC(=O)c3c(O)cc(O)cc3O2)cc1O,-4.6869445,-4.6859455,-4.6388006,train
COc1ccc([C@@H]2N=C(Nc3nc4cccc(N)c4o3)NC(C)=C2C(=O)Nc2cc(C(=O)O)ccn2)c(Cl)c1,-6.530789,-5.855872,-5.5458393,train
COc1ccc([C@@H]2Sc3ccccc3N(CCN(C)C)C(=O)[C@@H]2OC(C)=O)cc1,-4.993627,-5.9767904,-5.124001,train
COc1ccc([C@H]2N=C(Nc3nc4cccc(N)c4o3)NC(C)=C2C(=O)Nc2cc(C(=O)O)ccn2)c(Cl)c1,-6.434928,-5.770175,-5.547513,train
COc1ccc([C@]2(C#N)CC[C@@H](C(=O)O)CC2)cc1OC1CCCC1,-4.700873,-4.8805065,-4.4828334,train
COc1ccc2[nH]c(C)c(-c3ccccc3)c(=O)c2c1,-4.826185,-3.9394271,-4.6434927,train
COc1ccc2[nH]c(C)c(Br)c(=O)c2c1,-4.66484,-4.1399527,-4.546413,train
COc1ccc2[nH]c(C)c(Cc3ccccc3)c(=O)c2c1,-4.9507923,-4.0336647,-4.710234,train
COc1ccc2[nH]c(C3CCCN(C(=O)c4ccc(F)cc4)C3)cc2n1,-5.503975,-5.384084,-5.043687,train
COc1ccc2[nH]c3c(c(=O)c2c1)CC(C)(C)CC3,-4.7842855,-3.989369,-4.608139,train
COc1ccc2[nH]c3c(c(=O)c2c1)CCC(C)(C)C3,-4.657195,-3.9800184,-4.555396,train
COc1ccc2[nH]c3c(c(=O)c2c1)CCCC3,-4.701126,-4.362217,-4.516625,train
COc1ccc2[nH]cc(CCCCN3CCN(c4cccc5nc6c(c(N)c45)CCCC6)CC3)c2c1,-5.1635475,-5.345799,-5.0133166,train
COc1ccc2[nH]cc(CCNC(=O)CN(CCCCCCCCNc3c4c(nc5ccccc35)CCCC4)C(=O)/C=C/c3ccc(O)c(OC)c3)c2c1,-6.466713,-5.6245484,-6.047408,train
COc1ccc2[nH]cc(CCNC(=O)CN(CCCCCCCCNc3c4c(nc5ccccc35)CCCC4)C(=O)CCCC[C@@H]3CCSS3)c2c1,-5.993421,-5.3802495,-5.432168,train
COc1ccc2c(=O)c(-c3ccccc3)c(C)[nH]c2c1,-4.7732534,-3.9955144,-4.630007,train
COc1ccc2c(=O)c(C(C)=O)c(-c3ccc4c(c3)OCO4)[nH]c2c1,-4.5088234,-3.6625962,-4.4917994,train
COc1ccc2c(=O)c(C(N)=O)c(-c3ccc4c(c3)OCO4)[nH]c2c1,-5.13739,-4.410287,-4.8351345,train
COc1ccc2c(=O)c(Cc3ccccc3)c(C)n(C)c2c1,-4.760034,-3.7537396,-4.6126523,train
COc1ccc2c(=O)c3c([nH]c2c1)CCC(C)(C)C3,-4.726959,-3.989933,-4.5898395,train
COc1ccc2c(=O)c3c([nH]c2c1)CCC(F)(F)C3,-4.642043,-4.338317,-4.452855,train
COc1ccc2c(=O)c3c([nH]c2c1)CCC3,-4.634301,-4.692627,-4.531985,train
COc1ccc2c(=O)c3c([nH]c2c1)CCCC3,-4.6317897,-4.4246426,-4.498865,train
COc1ccc2c(=O)c3c([nH]c2c1)CCCCC3,-4.5932283,-4.4473004,-4.4714327,train
COc1ccc2c(=O)c3c([nH]c2c1)CCCCCC3,-4.603057,-4.3126755,-4.465251,train
COc1ccc2c(=O)cc(C)[nH]c2c1,-4.678087,-5.048024,-4.557539,train
COc1ccc2c(=O)n(C(c3ccccc3)c3ccccc3)c(=O)n(C/C=C/COc3ccc(C(=O)O)cc3)c2c1,-5.112679,-5.684858,-5.2214303,train
COc1ccc2c(OC)c(Cc3ccccc3)c(C)nc2c1,-4.910431,-3.5026112,-4.5433598,train
COc1ccc2c(c1)/C(=C\c1ccc3c(/C=C/c4ccc(N5CCN(C)CC5)nc4)n[nH]c3c1)C(=O)N2,-5.5450425,-4.3820066,-5.256621,train
COc1ccc2c(c1)/C(=N\N(c1ccccc1)c1ccccc1)C(=O)N2,-4.967508,-4.828248,-4.8038487,train
COc1ccc2c(c1)C(=NN1CCCCC1)C(=O)N2,-4.5418625,-4.5049787,-4.4677773,train
COc1ccc2c(c1)C/C(=C/c1ccccc1-c1ccc3ccccc3c1)C2=O,-5.791779,-4.865929,-5.2993445,train
COc1ccc2c(c1)C/C(=C/c1ccccc1-c1ccc3nc(N)ccc3c1)C2=O,-5.6143985,-4.848255,-5.313719,train
COc1ccc2c(c1)C/C(=C/c1ccccc1-c1ccccc1)C2=O,-5.650598,-4.7711787,-5.1794386,train
COc1ccc2c(c1)C1CC1(C(=O)N1C3CCC1CN(C)C3)Cn1c-2c(C2CCCCC2)c2ccc(C(=O)NS(=O)(=O)N(C)C)cc21,-6.682865,-5.702533,-5.5884743,train
COc1ccc2c(c1)C1CC1(C(=O)N1C3CCC1CN(C)C3)Cn1c-2c(C2CCCCC2)c2ccc(C(=O)NS(=O)(=O)N3CCC3)cc21,-6.639462,-6.0169334,-5.4924226,train
COc1ccc2c(c1)CCC(CC1C=CN(Cc3ccccc3C)C=C1C(N)=O)C2=O,-5.0462127,-4.6326895,-4.848415,train
COc1ccc2c(c1)CCC(CC1C=CN(Cc3ccccc3Cl)C=C1C(C)=O)C2=O,-5.0996137,-4.6609726,-4.884923,train
COc1ccc2c(c1)CCC[C@H]2CNc1cnccc1C(=O)O,-6.307251,-7.7367563,-6.2634983,train
COc1ccc2c(c1)CCc1cnc(Nc3ccc(S(N)(=O)=O)cc3)nc1-2,-4.9550853,-5.673875,-4.826891,train
COc1ccc2c(c1)CN(C(=O)c1cc(S(C)(=O)=O)ccc1O[C@@H](C)C(F)(F)F)C2,-5.7981296,-5.196004,-4.906635,train
COc1ccc2c(c1)NC(c1ccc3c(c1)OCO3)=C(CO)C2,-4.471408,-3.0940206,-4.3020334,train
COc1ccc2c(c1)Sc1ccccc1N2NC(=O)CCN1CCCC1,-6.578311,-4.852254,-5.1080284,train
COc1ccc2c(c1)Sc1ccccc1N2NC(=O)CCN1CCN(C)CC1,-5.968609,-4.789447,-5.1025224,train
COc1ccc2c(c1)[C@@]13CCCC[C@H]1[C@@H](C2)NCC3,-4.615128,-5.223771,-4.9169335,train
COc1ccc2c(c1)[C@]13CCCC[C@@H]1[C@H](C2)N(C)CC3,-4.382903,-4.4484553,-4.4745345,train
COc1ccc2c3c1O[C@H]1C(=O)CC[C@@]4(O)[C@@H](C2)N(C)CC[C@]314,-4.865227,-4.9551473,-4.8987136,train
COc1ccc2c3c1O[C@H]1C(=O)CC[C@@]4(O)[C@@H](C2)NCC[C@]314,-4.9785748,-5.3189697,-5.062648,train
COc1ccc2c3c1O[C@H]1C(=O)CC[C@H]4[C@@H](C2)N(C)CC[C@]314,-4.7830806,-5.15753,-4.92373,train
COc1ccc2c3c1O[C@H]1[C@@H](O)C=C[C@H]4[C@@H](C2)N(C)CC[C@@]341,-4.697984,-5.35297,-4.843341,train
COc1ccc2cc1CCC(=O)Nc1ccc(S(=O)(=O)C3CC3)c(c1)CN(C)C(=O)[C@@H]2Nc1ccc2c(N)ncc(F)c2c1,-6.76985,-6.458493,-6.1182556,train
COc1ccc2cc1COCC=CCOCc1cc(ccc1OCCN1CCCC1)Nc1nccc-2n1,-5.059114,-4.9858713,-4.8678164,train
COc1ccc2cc3[n+](cc2c1OC(C)c1ccccc1)CCc1cc2c(cc1-3)OCO2,-6.7654734,-5.9806128,-5.4736967,train
COc1ccc2cc3[n+](cc2c1OCc1ccc(C(F)(F)F)cc1)CCc1cc2c(cc1-3)OCO2,-6.840725,-6.0229096,-5.4739366,train
COc1ccc2cc3[n+](cc2c1OCc1ccc([N+](=O)[O-])cc1)CCc1cc2c(cc1-3)OCO2,-6.73101,-5.9000454,-5.5925617,train
COc1ccc2cc3[n+](cc2c1OCc1ccccc1)CCc1cc2c(cc1-3)OCO2,-6.741216,-5.988534,-5.484994,train
COc1ccc2nc(NC3=NC(c4ccccc4Cl)C(C(=O)Nc4cc(C(=O)O)ccn4)=C(C)N3)oc2c1,-6.491874,-5.6877933,-5.387846,train
COc1ccc2nc(NC3=NC(c4ccccc4Cl)C(C(=O)Nc4nnc(-c5cccnc5)s4)=C(C)N3)oc2c1,-6.080472,-5.6248865,-5.347522,train
COc1ccc2nc(NS(=O)(=O)c3ccc(NCc4cccc(OC)c4O)cc3)sc2c1,-5.362243,-4.120095,-4.80399,train
COc1ccc2nc3c(c(NCCCCCCCCN(CC(=O)NCCc4c[nH]c5ccc(OC)cc45)C(=O)/C=C/c4ccc(O)c(OC)c4)c2c1)CCCC3,-6.4099545,-5.5587683,-5.9694943,train
COc1ccc2nc3c(c(NCCCCCCCN(CC(=O)NCCc4c[nH]c5ccc(OC)cc45)C(=O)/C=C/c4ccc(O)c(OC)c4)c2c1)CCCC3,-6.335568,-5.597997,-5.98845,train
COc1ccc2nc3c(c(NCCCCCCN(CC(=O)NCCc4c[nH]c5ccc(OC)cc45)C(=O)/C=C/c4ccc(O)c(OC)c4)c2c1)CCCC3,-6.2595935,-5.6411133,-6.0109,train
COc1ccc2nc3cc(Cl)ccc3c(N)c2c1,-4.8106046,-5.0535064,-4.6412697,train
COc1ccc2nc3cc(Cl)ccc3c(NC3CC4CCC(C3)N4Cc3ccccc3)c2c1,-5.6699367,-4.9461665,-5.332532,train
COc1ccc2nc3cc(Cl)ccc3c(NC3CCN(Cc4ccc(C#N)cc4)CC3)c2c1,-5.0876117,-5.214603,-5.027424,train
COc1ccc2nc3cc(Cl)ccc3c(NC3CCN(Cc4ccc(Cl)cc4)CC3)c2c1,-5.2180476,-5.2182484,-5.0712075,train
COc1ccc2nc3cc(Cl)ccc3c(NCC#CCN3CCN(C)CC3)c2c1,-5.085642,-4.966013,-4.991671,train
COc1ccc2nc3cc(Cl)ccc3c(NCCCN(C)C)c2c1,-5.49093,-5.264069,-5.073809,train
COc1ccc2nc3cc(Cl)ccc3c(Nc3ccc(CN4CCCCC4)cc3)c2c1,-5.9697933,-5.415665,-5.4013243,train
COc1ccc2nc3cc(Cl)ccc3c(Nc3ccc(N4CCN(C(C)=O)CC4)cc3)c2c1,-5.8163805,-5.21307,-5.168803,train
COc1ccc2nc3cc(Cl)ccc3c(Nc3ccc(N4CCN(C)CC4)cc3)c2c1,-5.6877375,-5.0315347,-5.199673,train
COc1ccc2oc(C(=O)NCCCCCCCCCCNc3c4c(nc5cc(Cl)ccc35)CCCC4)cc(=O)c2c1,-6.72956,-5.1641836,-5.356134,train
COc1ccc2oc(C(=O)NCCCCCCCCCCNc3c4c(nc5ccccc35)CCCC4)cc(=O)c2c1,-6.666259,-5.0437694,-5.2885704,train
COc1ccc2oc(NC3=NC(c4ccccc4Cl)C(C(=O)Nc4cc(C(=O)O)ccn4)=C(C)N3)nc2c1,-6.549551,-5.690224,-5.383482,train
COc1ccc2oc(NC3=NC(c4ccccc4Cl)C(C(=O)Nc4nnc(-c5cccnc5)s4)=C(C)N3)nc2c1,-6.116663,-5.5900416,-5.3422565,train
COc1cccc(-c2cc(NC(=O)CCCCN3CCCCC3)[nH]n2)c1,-6.2872577,-4.8330708,-5.271586,train
COc1cccc(-c2ccc(-n3c(Cl)cc4[nH]c(=O)c(-c5ccccc5)c(O)c43)cc2)c1O,-6.3153543,-7.229208,-6.787253,train
COc1cccc(-c2ccc(-n3c(Cl)cc4[nH]c(=O)c(C#N)c(O)c43)cc2)c1O,-7.434733,-8.7929,-7.7447023,train
COc1cccc(-c2nc(SC(C(N)=O)c3nc(-c4cccc(-c5cccnc5F)c4)cs3)[nH]c(=O)c2C#N)c1,-7.064784,-5.7780175,-5.9374113,train
COc1cccc(-c2nc(SC(C(N)=O)c3nc(-c4cccc([N+](=O)[O-])c4)cs3)[nH]c(=O)c2C#N)c1,-6.713113,-5.488605,-5.697097,train
COc1cccc(-c2nc(SC(C(N)=O)c3nc(-c4ccccc4)c[nH]3)[nH]c(=O)c2C#N)c1,-6.9594564,-5.652924,-5.768489,train
COc1cccc(-c2nc(SC(C(N)=O)c3nc(-c4ccccc4)cs3)[nH]c(=O)c2C#N)c1,-6.853214,-5.4780607,-5.547371,train
COc1cccc(-c2nc(SCC(=O)Nc3nc(-c4cc(Cl)c(N)c(Cl)c4)c[nH]3)[nH]c(=O)c2C#N)c1,-7.498826,-6.467854,-6.662574,train
COc1cccc(-c2nc(SCC(=O)Nc3nc(-c4cc(Cl)c(N)c(Cl)c4)cs3)[nH]c(=O)c2C#N)c1,-7.887741,-6.5152407,-6.916003,train
COc1cccc(-c2nc(SCC(=O)Nc3nc(-c4cccc(Br)c4)cs3)[nH]c(=O)c2C#N)c1,-7.778634,-6.6677246,-6.8410225,train
COc1cccc(C(=O)NCCNC(=O)[C@H](CC(=O)NC(C)(C)C)NS(=O)(=O)c2ccc(C)cc2)c1,-5.3660145,-6.494372,-5.5885086,train
COc1cccc(C(=O)NN(C(=O)c2cc(C)cc(C)c2)C(C)(C)C)c1C,-4.630884,-4.3906817,-4.662959,train
COc1cccc(C(C(=O)NS(=O)(=O)c2ccc(C)cc2OC)N2CCc3c2cccc3N(CC(=O)NS(=O)(=O)c2ccccc2)S(=O)(=O)c2c(C)cc(C)cc2C)c1,-6.399351,-4.96901,-5.1548924,train
COc1cccc(C2Cc3nccn3C2)c1,-4.753668,-4.3608403,-4.449872,train
COc1cccc(C2N=C(Nc3nc4ccc(F)cc4o3)NC(C)=C2C(=O)Nc2cc(C(=O)O)ccn2)c1Cl,-6.4219527,-5.7000194,-5.3856506,train
COc1cccc(CNC(=O)c2ccc(-c3ccncc3)cc2)c1,-4.701119,-4.63692,-4.8733673,train
COc1cccc(CNCCCNc2ccnc3cc(-c4cc(C(F)(F)F)cc(C(F)(F)F)c4)ccc23)c1O,-5.454645,-3.7892103,-4.794471,train
COc1cccc(CNCCCNc2ccnc3cc(-c4ccc(C(C)(C)C)cc4)ccc23)c1O,-5.9502435,-3.5573597,-4.9344244,train
COc1cccc(CNCCCNc2ccnc3cc(-c4ccc(C(F)(F)F)cc4)ccc23)c1O,-5.122276,-3.5281303,-4.7051597,train
COc1cccc(CNCCCNc2ccnc3cc(-c4ccc(F)cc4)ccc23)c1O,-5.0531297,-3.5600817,-4.7345505,train
COc1cccc(CNCCCNc2ccnc3cc(-c4cccc5ccccc45)ccc23)c1O,-5.3566895,-3.6444547,-4.7824225,train
COc1cccc(CNCCCNc2ccnc3cc(-c4ccccc4)ccc23)c1O,-5.162258,-3.550376,-4.7458363,train
COc1cccc(CNCCCNc2ccnc3cc(C4CCCCC4)ccc23)c1O,-5.0629687,-4.059046,-4.684922,train
COc1cccc(CNCCCNc2ccnc3cc(CC(C)C)ccc23)c1O,-5.229208,-4.355099,-4.779084,train
COc1cccc(CNCCCNc2ccnc3cc(CC4CCCCC4)ccc23)c1O,-5.4912224,-4.269076,-4.883827,train
COc1cccc(CNCCCNc2ccnc3cc(CCC(C)C)ccc23)c1O,-5.327366,-4.239939,-4.8541975,train
COc1cccc(CNCCCNc2ccnc3cc(CCc4ccccc4)ccc23)c1O,-5.462311,-4.1152387,-4.8685236,train
COc1cccc(CNCCCNc2ccnc3cc(Cc4cc(C)cc(C)c4)ccc23)c1O,-5.633396,-4.674243,-5.127625,train
COc1cccc(CNCCCNc2ccnc3cc(Cc4ccc(C#N)cc4)ccc23)c1O,-5.410381,-4.530204,-4.898528,train
COc1cccc(CNCCCNc2ccnc3cc(Cc4ccc(F)cc4)ccc23)c1O,-5.224526,-4.2415595,-4.8322797,train
COc1cccc(CNCCCNc2ccnc3cc(Cc4ccc(F)cc4Cl)ccc23)c1O,-5.6162677,-4.2978625,-5.000654,train
COc1cccc(CNCCCNc2ccnc3cc(Cc4ccc5c(c4)OCO5)ccc23)c1O,-5.2001514,-4.1342154,-4.7865043,train
COc1cccc(CNCCCNc2ccnc3cc(Cc4ccccc4)ccc23)c1O,-5.3129497,-4.205182,-4.8445725,train
COc1cccc(CNCCCNc2ccnc3cc(Oc4ccc(C(C)(C)C)cc4)ccc23)c1O,-5.901165,-3.4590993,-4.8183064,train
COc1cccc(CNCCCNc2ccnc3cc(Oc4ccc(Cl)cc4)ccc23)c1O,-5.1095176,-3.429765,-4.695781,train
COc1cccc(CNCCCNc2ccnc3cc(Oc4cccc(N(C)C)c4)ccc23)c1O,-5.179855,-3.4041114,-4.6862607,train
COc1cccc(CNCCCNc2ccnc3cc(Oc4ccccc4)ccc23)c1O,-5.0626407,-3.3362577,-4.627648,train
COc1cccc(CNc2ccc(S(=O)(=O)Nc3cccc(C(C)C)c3)cc2)c1O,-5.1869864,-3.9202197,-4.72798,train
COc1cccc(CNc2ccc(S(=O)(=O)Nc3nc4ccc(F)cc4s3)cc2)c1O,-5.278979,-4.2169337,-4.8247776,train
COc1cccc(CNc2ccc(S(=O)(=O)Nc3nc4ccccc4o3)cc2)c1O,-5.313707,-3.7949681,-4.743153,train
COc1cccc(CNc2ccc(S(=O)(=O)Nc3nc4ccccc4s3)cc2)c1O,-5.2892666,-4.031351,-4.799207,train
COc1cccc(COc2ccc([C@@H](NC(=O)[C@H](CCCCN)NC(=O)[C@H](CCCNC(=N)N)NC(=O)c3ccc(-c4cccs4)s3)C(N)=O)cc2)c1,-6.639061,-6.4073424,-6.4402905,train
COc1cccc(NC(=O)Nc2cc(C)nc3ccccc23)c1,-5.12201,-3.4601893,-4.741418,train
COc1cccc(NC(=O)c2cc(Cl)ccc2O)c1,-4.712373,-4.449981,-4.6192265,train
COc1cccc(Nc2nc3c(s2)CCCc2n[nH]cc2-3)n1,-4.8701644,-5.9510393,-4.960519,train
COc1cccc(OC)c1-c1cc(C(=O)N[C@@H](CC(C)C)C(=O)O)nn1-c1ccnc2cc(Cl)ccc12,-5.1716876,-4.839789,-4.8192043,train
COc1cccc(OC)c1-c1nc(C(=O)N[C@@H](CC(C)C)C(=O)O)cn1-c1cccc2ccccc12,-5.076744,-4.867244,-4.7861624,train
COc1cccc(OC)c1-c1nc(C(=O)N[C@@H](CC(C)C)C(=O)O)cn1-c1ccnc2cc(Cl)ccc12,-4.9731855,-4.9407964,-4.8491955,train
COc1cccc(OC)c1-n1c(-c2ccc(F)cc2)nc(=O)c(C(=O)N2CC[C@H](c3ccccc3F)C2)c1O,-7.060303,-8.019855,-7.1002865,train
COc1cccc(OC)c1-n1c(CCC(C)C)nc(=O)c(S(=O)(=O)c2ccc(-c3ccc(F)nc3)cc2)c1O,-7.0731096,-7.77001,-6.7819977,train
COc1cccc(OC)c1-n1c(CCCC(F)(F)F)nc(=O)c(C(=O)N2CC[C@H](c3ccccc3)C2)c1O,-6.4148293,-7.736189,-6.6737566,train
COc1cccc(OC)c1-n1c(COC(C)C)nc(=O)c(S(=O)(=O)c2ccc(-c3ccc(F)nc3)cc2)c1O,-7.061217,-8.193998,-6.9718375,train
COc1cccc(Oc2ccc3c(NCCCNCc4cc(F)ccc4OC)ccnc3c2)c1,-5.129215,-3.4824367,-4.6539483,train
COc1cccc(Oc2ccc3c(NCCCNCc4ccc5c(c4)OCO5)ccnc3c2)c1,-5.0108304,-3.4126203,-4.6069117,train
COc1cccc(Oc2ccc3c(NCCCNCc4cccc(OC)c4O)ccnc3c2)c1,-5.1958523,-3.3984444,-4.6115646,train
COc1cccc(Oc2ccc3c(NCCCNCc4ccco4)ccnc3c2)c1,-5.0046787,-3.3212166,-4.6086245,train
COc1cccc(Sc2cc(=O)n(O)c(=O)[nH]2)c1,-6.692003,-5.742148,-5.440511,train
COc1cccc(Sc2cc(=O)n(O)c(=O)n2C)c1,-6.6782217,-5.2379293,-5.140713,train
COc1cccc([C@@H](C)NC(=O)c2ccc(-c3ccnc(F)c3)cc2)c1,-4.7297473,-5.0259495,-4.80869,train
COc1cccc([C@@H](C)NC(=O)c2ccc(-c3ccnc(NCC4CC4)c3)cc2)c1,-4.8873796,-4.811762,-4.8834333,train
COc1cccc([C@@H](C)NC(=O)c2ccc(-c3ccnc(NCCCO)c3)cc2)c1,-5.85133,-5.1900663,-5.158483,train
COc1cccc([C@@H](C)NC(=O)c2ccc(-c3ccncc3F)cc2)c1,-4.627511,-4.95233,-4.762969,train
COc1cccc([C@@H](C)NC(=O)c2ccc(-c3ccncn3)cc2)c1,-4.805875,-5.0120034,-4.792258,train
COc1cccc([C@@H](C)NC(=O)c2ccc(-c3ccncn3)cc2N2CCC[C@@H](CN)C2)c1,-5.5915,-5.7280345,-5.691561,train
COc1cccc([C@@H](C)NC(=O)c2ccc(-c3ccncn3)cc2N2CCC[C@H](CN)C2)c1,-5.5018015,-5.557579,-5.475837,train
COc1cccc([C@@H](C)NC(=O)c2ccc(-c3ccncn3)cc2N2CC[C@@H](CN)C2)c1,-5.202969,-5.6105857,-5.42987,train
COc1cccc([C@@H](C)NC(=O)c2ccc(-c3ccnnc3)cc2)c1,-4.6274967,-5.199967,-4.8659716,train
COc1cccc([C@@H](C)NC(=O)c2ccc(-c3cn[nH]c3)c(C)c2)c1,-4.7885947,-5.503882,-5.199361,train
COc1cccc([C@@]2(O)CCCC[C@@H]2CN(C)C)c1,-4.5852866,-4.355107,-4.6167464,train
COc1cccc2[nH]c(C)c(-c3ccccc3)c(=O)c12,-4.724592,-4.0525727,-4.596981,train
COc1cccc2[nH]c(C)c(Cc3ccccc3)c(=O)c12,-4.8704224,-4.2402663,-4.673033,train
COc1cccc2[nH]c3c(c(=O)c12)CC(C)(C)CC3,-4.733948,-4.194082,-4.5974913,train
COc1cccc2[nH]c3c(c(=O)c12)CCC(C)(C)C3,-4.621132,-4.2108116,-4.5510316,train
COc1cccc2[nH]c3c(c(=O)c12)CCCC3,-4.7063203,-4.813662,-4.533194,train
COc1cccc2c(=O)c(-c3ccccc3)c(C)[nH]c12,-4.852059,-4.169462,-4.642523,train
COc1cccc2c(=O)c3c([nH]c12)CC(C)(C)CC3,-4.6527624,-4.0121164,-4.550665,train
COc1cccc2c(=O)c3c([nH]c12)CCC(C)(C)C3,-4.7831707,-4.031389,-4.6039586,train
COc1cccc2c(=O)c3c([nH]c12)CCCC3,-4.7488413,-4.5176926,-4.5249243,train
COc1cccc2c1C(NCC(C)(C)c1ccccc1)=NC2=O,-6.6631503,-5.493498,-5.502572,train
COc1cccc2c1CC(CO)=C(c1ccc3c(c1)OCO3)N2,-4.531907,-3.1363482,-4.3388143,train
COc1cccc2c1CN(C(=O)c1cc(S(C)(=O)=O)ccc1O[C@@H](C)C(F)(F)F)C2,-5.8637104,-5.2359295,-4.8758764,train
COc1cccc2nc(O)nc(NCC(C)(C)c3ccccc3)c12,-7.268465,-6.02031,-6.032057,train
COc1cccc2oc(=O)nc(NCC(C)(C)c3ccccc3)c12,-6.806611,-5.7605934,-5.3514566,train
COc1ccccc1-c1cc(NC(=O)CCCCN2CCCCC2)[nH]n1,-6.4611964,-5.010962,-5.3342137,train
COc1ccccc1-c1ccc(NS(=O)(=O)c2ccc(C)cc2)nn1,-5.1230025,-3.9747133,-4.6873302,train
COc1ccccc1-c1cccc(-c2cc3nc(C)c([C@H](OC(C)(C)C)C(=O)O)c(-c4cc(F)c5c(c4C)CCCO5)n3n2)c1,-5.3995285,-6.05966,-5.722064,train
COc1ccccc1-c1nc(SC(C(N)=O)c2nc(-c3ccc([N+](=O)[O-])cc3)cs2)[nH]c(=O)c1C#N,-6.832017,-5.602264,-5.8009353,train
COc1ccccc1-c1nc(SC(C(N)=O)c2nc(-c3cccc([N+](=O)[O-])c3)cs2)[nH]c(=O)c1C#N,-6.7124043,-5.551832,-5.7370477,train
COc1ccccc1/C=C(/C(=O)N1CCN(c2ncccn2)CC1)c1ccc(F)cc1,-5.3428755,-4.7429423,-4.9549785,train
COc1ccccc1/C=C(/C(=O)N1CCN(c2ncccn2)CC1)c1cccc(C(F)(F)F)c1,-5.5381317,-4.8055696,-4.938595,train
COc1ccccc1/C=C(/C(=O)N1CCN(c2ncccn2)CC1)c1ccccc1,-5.491274,-4.7489676,-4.98186,train
COc1ccccc1C(=O)NC[C@@H](NS(=O)(=O)c1c(C)cc(C)cc1C)C(=O)O,-5.6377435,-5.3124566,-4.982069,train
COc1ccccc1C1Cc2nccn2C1,-4.997085,-4.39444,-4.4689054,train
COc1ccccc1CC(=O)NCCCn1c(=O)c2cc(F)ccc2n2c(=S)[nH]nc12,-4.74013,-3.2988775,-4.624153,train
COc1ccccc1CNC(=O)C1=C(C)NC(Nc2nc3ccccc3o2)=NC1c1ccccc1Cl,-5.084571,-3.5318146,-4.74451,train
COc1ccccc1CNc1ncc(C(=O)NCCCO)c(NC2CCCC2)n1,-6.4309816,-5.0785384,-5.1481123,train
COc1ccccc1CNc1ncc(C(=O)NCCNC(C)=O)c(NC2CCCC2)n1,-5.7911644,-5.6932163,-5.3603363,train
COc1ccccc1CNc1ncc(C(=O)NCCc2nnn[nH]2)c(NC2CCCC2)n1,-6.4686384,-5.3563337,-5.650149,train
COc1ccccc1N1CCN(CC(O)CN2C(=O)NC(C)(c3ccc(F)cc3)C2=O)CC1,-5.2143936,-5.529203,-4.963494,train
COc1ccccc1N1CCN(CCCCC(=O)Nc2ccc(C(C)C)cc2)CC1,-6.055578,-4.809938,-5.1531615,train
COc1ccccc1N1CCN(CCCCC(=O)Nc2cccc(C(C)(C)C)c2)CC1,-6.434304,-4.8888884,-5.2806487,train
COc1ccccc1N1CCN(CCCCC(=O)Nc2cccc(C(C)C)c2)CC1,-5.815835,-4.8207,-5.0466986,train
COc1ccccc1N1CCN(CCCN2CCN(C(=O)c3ccccc3)CC2)CC1,-4.9656897,-4.5878644,-4.9838133,train
COc1ccccc1N1CCN(CCCN2CCN(c3ncccc3C#N)CC2)CC1,-5.297344,-5.0669723,-4.9154115,train
COc1ccccc1N1CCN(CCCNC(=O)c2cnccn2)CC1,-4.7316313,-5.000142,-4.752906,train
COc1ccccc1N1CCN(CCN2CCN(C(=O)c3nn(C)c4ccccc34)CC2)CC1,-5.02369,-4.9717,-4.9405193,train
COc1ccccc1N1CCN(CCN2CCN(c3ncccc3C#N)CC2)CC1,-5.2456665,-5.0385504,-4.8968925,train
COc1ccccc1N1CCN(c2nc3c(c(=O)[nH]2)CCCC3)CC1,-5.185802,-5.445116,-4.8497553,train
COc1ccccc1Oc1ccc2c(NCCCNCc3ccc4c(c3)OCO4)ccnc2c1,-4.958395,-3.3591325,-4.591933,train
COc1ccccc1Oc1ccc2c(NCCCNCc3cccc(OC)c3O)ccnc2c1,-5.1713424,-3.3755474,-4.6067758,train
COc1ccccc1Oc1ccc2c(NCCCNCc3ccco3)ccnc2c1,-4.9756107,-3.295334,-4.603925,train
COc1ccnc(Nc2nc3c(s2)CCCc2n[nH]cc2-3)n1,-4.8641663,-5.8192067,-5.0213614,train
COc1cnc(-c2cn([C@H]3COC[C@@H](S[C@@H]4O[C@H](CO)[C@H](O)[C@H](n5cc(-c6cc(F)c(F)c(F)c6)nn5)[C@H]4OC)[C@@H]3O)nn2)nc1,-6.304704,-5.8868594,-5.9160304,train
COc1nn(CSP(=S)(OC)OC)c(=O)s1,-4.185487,-5.1348014,-4.232635,train
CS(=O)(=O)C(C(=O)NCC(=O)NC1CC1)c1nc2ccc(-c3ccc(F)nc3)cc2s1,-6.147731,-6.5487666,-5.7355385,train
CS(=O)(=O)C(C(=O)NCCS(N)(=O)=O)c1nc2ccc(-c3ccc(F)nc3)cc2s1,-7.489141,-6.564624,-5.978181,train
CS(=O)(=O)C(C(=O)NCCS(N)(=O)=O)c1nc2ccc(-c3ccccc3)cc2s1,-7.654935,-6.3667555,-5.915584,train
CS(=O)(=O)C1CN(C(=O)c2ccc3cc(Oc4ccc(C(F)(F)F)cn4)ccc3n2)C1,-4.634827,-4.746441,-4.4533887,train
CS(=O)(=O)CCCn1c(Cn2cc(S(C)(=O)=O)c3ccccc32)nc2cc(Cl)ccc21,-6.2816305,-5.673752,-5.020618,train
CS(=O)(=O)CCCn1c(Cn2nc(S(C)(=O)=O)c3ccccc32)nc2cc(Cl)ccc21,-6.4389024,-5.5881314,-4.980523,train
CS(=O)(=O)CCCn1c(Cn2nc(S(C)(=O)=O)c3ccncc32)nc2cc(Cl)ccc21,-6.6054378,-5.7733126,-5.1498137,train
CS(=O)(=O)CCNC(=O)c1ccc2cc(Oc3ccc(C(F)(F)F)cn3)ccc2n1,-4.995229,-5.2011895,-4.584645,train
CS(=O)(=O)CCc1c(Cn2c(=O)n(C3CC3)c3ccncc32)nc2cc(Cl)ccn12,-4.971085,-5.3790154,-4.8149853,train
CS(=O)(=O)CCn1c(Cn2cc(S(C)(=O)=O)c3ccccc32)nc2cc(Cl)ccc21,-5.6022363,-5.3466086,-4.795684,train
CS(=O)(=O)CCn1c(Cn2cc(S(C)(=O)=O)c3ccccc32)nc2ccccc21,-5.3696117,-5.4327965,-4.6934743,train
CS(=O)(=O)N1CCN(Cc2cc3c(N4CCOCC4)nc(-c4cnc(N)nc4)c(Cl)n3n2)CC1,-4.899586,-5.469504,-4.9377646,train
CS(=O)(=O)N1CCN(Cc2cc3c(N4CCOCC4)nc(-c4cnc(N)nc4)cn3n2)CC1,-5.152415,-5.7359724,-5.089113,train
CS(=O)(=O)N1CCN(Cc2cn3nc(-c4cnc(N)nc4)nc(N4CCOCC4)c3n2)CC1,-4.965493,-5.509046,-5.095977,train
CS(=O)(=O)N1CCN(Cc2nc3c(N4CCOCC4)nc(-c4cnc(N)nc4)c(Cl)n3n2)CC1,-4.719938,-5.5115232,-5.030314,train
CS(=O)(=O)N1CCN(Cc2nc3c(N4CCOCC4)nc(-c4cnc(N)nc4)cn3n2)CC1,-4.8186016,-5.6109357,-5.0802813,train
CS(=O)(=O)NC(=O)CCc1ccccc1,-6.4727364,-6.2648916,-4.990728,train
CS(=O)(=O)NC(=O)NCc1ccccc1,-7.0598536,-6.6756225,-5.3766394,train
CS(=O)(=O)NCCCc1ccccc1,-5.0294404,-5.4803805,-4.5498486,train
CS(=O)(=O)NCCCn1c(=O)c2cc(F)ccc2n2c(=S)[nH]nc12,-5.036256,-4.502382,-4.615206,train
CS(=O)(=O)NCCn1c(=O)c2cc(F)ccc2n2c(=S)[nH]nc12,-4.956028,-4.7429786,-4.6370606,train
CS(=O)(=O)Nc1ccc(-n2c3nc(=O)n(-c4ccc(Cl)cc4)c(=O)c-3cc3ccc(C#N)cc32)cc1,-6.627803,-7.246005,-6.556706,train
CS(=O)(=O)Nc1ccc(Br)cc1C(=O)Nc1ccc([N+](=O)[O-])cc1Cl,-5.1869926,-3.935529,-5.0174885,train
CS(=O)(=O)Nc1cccc(-n2c3nc(=O)n(-c4ccc(Cl)cc4)c(=O)c-3cc3ccc(C#N)cc32)c1,-6.4682536,-7.2026806,-6.4561224,train
CS(=O)(=O)c1ccc(-c2ccc(F)c(F)c2)c(C(=O)N2Cc3cc(C(F)(F)F)cnc3C2)c1,-6.159636,-5.482018,-5.1205115,train
CS(=O)(=O)c1ccc(-c2ccc(F)cc2)c(C(=O)N2Cc3ccc(C4CCOCC4)cc3C2)c1,-5.555097,-5.67917,-5.256179,train
CS(=O)(=O)c1ccc(-c2nc(C(F)(F)F)c(C(=O)N3CCCCC3)s2)cc1[N+](=O)[O-],-5.1581755,-3.2325082,-4.645469,train
CS(=O)(=O)c1ccc(-c2nc(C(F)(F)F)c(C(=O)N3CCc4ccccc4C3)s2)cc1[N+](=O)[O-],-5.9279375,-3.9518354,-4.957643,train
CS(=O)(=O)c1ccc(-c2ncc(C(=O)NC34CC5CC(CC(C5)C3)C4)s2)cc1[N+](=O)[O-],-7.5912375,-3.5758352,-4.763196,train
CS(=O)(=O)c1ccc(C(=O)OCC(=O)NC23CC4CC(CC(C4)C2)C3)cc1[N+](=O)[O-],-7.1751337,-3.7623014,-4.7954235,train
CS(=O)(=O)c1ccc(N2CCOCC2)c(C(=O)N2Cc3cc(C(F)(F)F)cnc3C2)c1,-5.339812,-5.4871883,-4.932114,train
CS(=O)(=O)c1ccc(OCC2CC2)c(C(=O)N2CCN(c3ccc(C#N)cc3F)CC2)c1,-5.3256497,-5.3359075,-4.7354646,train
CS(=O)(=O)c1ccc(OCCC(F)(F)F)c(C(=O)N2Cc3cc(C(F)(F)F)cnc3C2)c1,-5.4736753,-5.4912496,-4.8254495,train
CS(=O)(=O)c1ccc(OCCC(F)(F)F)c(C(=O)N2Cc3ccc(C4CCOCC4)cc3C2)c1,-5.242227,-5.5816317,-5.0005846,train
CS(=O)(=O)c1ccc(OCc2ccccc2)c(C(=O)N2Cc3cc(C(F)(F)F)cnc3C2)c1,-6.1807494,-5.500252,-5.0598364,train
CS(=O)(=O)c1ccc2c(=O)n(C(c3ccccc3)c3ccccc3)c(=O)n(C/C=C/COc3ccc(C(=O)O)cc3)c2c1,-5.984082,-6.220303,-5.6353016,train
CS(=O)(=O)c1nn(Cc2nc3cc(Cl)ccc3n2CC2COC2)c2cnccc12,-5.529788,-5.7820244,-5.008332,train
CS(=O)(=O)c1nn(Cc2nc3cc(Cl)ccc3n2CCC(F)(F)F)c2cnccc12,-5.4973235,-5.5976224,-4.8477206,train
CS(=O)(=O)c1nn(Cc2nc3cc(Cl)ccc3n2CCCCC(F)(F)F)c2cnccc12,-5.8566594,-5.69651,-5.007443,train
CS(=O)(=O)c1nn(Cc2nc3cc(Cl)ccc3n2CCCCO)c2cnccc12,-6.5309305,-5.4589686,-5.0930986,train
CS(=O)(=O)c1nn(Cc2nc3cc(Cl)ccc3n2CCCO)c2cnccc12,-6.5942783,-5.4782257,-5.1234956,train
CS(=O)(=O)c1nn(Cc2nc3cc(Cl)ccc3n2CCOCCO)c2cnccc12,-5.8011107,-5.427635,-4.9359255,train
CSCCCNc1ccc2ncc(-c3ccc(C(=O)NC[C@@H]4C[C@@H](F)CN4)c(F)c3)n2n1,-5.2376137,-3.9813948,-4.8258066,train
CSCCNc1ccc2ncc(-c3ccc(C(=O)NC[C@@H]4C[C@@H](F)CN4)c(F)c3)n2n1,-5.277417,-4.0299773,-4.8877087,train
CSCC[C@@H]1NC(=O)[C@H](CC(=O)O)NC(=O)[C@H](Cc2ccccc2)NC(=O)[C@H](CCCNC(=N)N)NC(=O)[C@H](Cc2ccc(O)cc2)NC(=O)[C@H](CC(=O)O)NC(=O)[C@H](CCCNC(=N)N)NC(=O)[C@H](CCCNC(=N)N)NC(=O)[C@H](C)NC(=O)[C@@H](NC(=O)[C@H](Cc2c[nH]c3ccccc23)NC(=O)[C@@H](N)CCCNC(=N)N)CSSC[C@@H](C(=O)N[C@@H](Cc2c[nH]c3ccccc23)C(=O)N[C@@H](CCC(=O)O)C(=O)O)NC(=O)[C@H](Cc2c[nH]c3ccccc23)NC(=O)[C@H](Cc2ccc(O)cc2)NC(=O)[C@H](CC(=O)O)NC(=O)[C@H](Cc2ccccc2)NC(=O)CNC1=O,-10.364523,-8.067226,-9.005359,train
CSCC[C@H](NC(=O)CNC(=O)[C@H](CCC(=O)O)NC(=O)[C@H](CCCNC(=N)N)NC(=O)[C@H](C)NC(=O)[C@@H](NC(=O)[C@H](Cc1c[nH]c2ccccc12)NC(=O)[C@@H](N)CCCNC(=N)N)C(C)C)C(=O)N[C@@H](CC(N)=O)C(=O)N[C@H](C(=O)N[C@@H](CC(=O)O)C(=O)NCC(=O)N[C@@H](Cc1ccc(O)cc1)C(=O)N[C@@H](Cc1ccccc1)C(=O)N[C@@H](CC(=O)O)C(=O)N[C@@H](Cc1ccc(O)cc1)C(=O)N[C@@H](Cc1c[nH]c2ccccc12)C(=O)N[C@@H](Cc1cnc[nH]1)C(=O)N[C@@H](Cc1c[nH]c2ccccc12)C(=O)N[C@@H](CCC(=O)O)C(=O)O)[C@@H](C)O,-7.507095,-8.905788,-8.000754,train
CSCC[C@H](NC(=O)CNC(=O)[C@H](CCC(=O)O)NC(=O)[C@H](CCCNC(=N)N)NC(=O)[C@H](C)NC(=O)[C@@H](NC(=O)[C@H](Cc1c[nH]c2ccccc12)NC(=O)[C@@H](N)CCCNC(=N)N)C(C)C)C(=O)N[C@@H](CC(N)=O)C(=O)N[C@H](C(=O)N[C@@H](CC(=O)O)C(=O)N[C@@H](Cc1c[nH]c2ccccc12)C(=O)N[C@@H](Cc1ccc(O)cc1)C(=O)N[C@@H](Cc1ccccc1)C(=O)N[C@@H](CC(=O)O)C(=O)N[C@@H](Cc1ccc(O)cc1)C(=O)N[C@@H](Cc1c[nH]c2ccccc12)C(=O)N[C@@H](Cc1cnc[nH]1)C(=O)N[C@@H](Cc1c[nH]c2ccccc12)C(=O)N[C@@H](CCC(=O)O)C(=O)O)[C@@H](C)O,-7.440019,-8.80138,-7.912509,train
CSCC[C@H](NC(=O)[C@H](CC(=O)O)NC(=O)CNC(=O)[C@H](CCCNC(=N)N)NC(=O)[C@H](Cc1ccc(O)cc1)NC(=O)[C@H](CC(=O)O)NC(=O)[C@H](CCCNC(=N)N)NC(=O)[C@H](CCCNC(=N)N)NC(=O)[C@@H](NC(=O)[C@@H](NC(=O)[C@H](Cc1c[nH]c2ccccc12)NC(=O)[C@@H](N)CCCNC(=N)N)C(C)C)C(C)C)C(=O)NCC(=O)N[C@@H](Cc1ccccc1)C(=O)N[C@@H](CC(=O)O)C(=O)N[C@@H](Cc1ccc(O)cc1)C(=O)N[C@@H](Cc1c[nH]c2ccccc12)C(=O)N[C@H](C(=O)N[C@@H](Cc1c[nH]c2ccccc12)C(=O)N[C@@H](CCC(=O)O)C(=O)O)C(C)C,-7.5259647,-8.897099,-8.045423,train
CSCC[C@H](NC(=O)[C@H](CC(=O)O)NC(=O)CNC(=O)[C@H](CCCNC(=N)N)NC(=O)[C@H](Cc1ccc(O)cc1)NC(=O)[C@H](CC(=O)O)NC(=O)[C@H](CCCNC(=N)N)NC(=O)[C@H](CCCNC(=N)N)NC(=O)[C@H](C)NC(=O)[C@@H](NC(=O)[C@H](Cc1c[nH]c2ccccc12)NC(=O)[C@@H](N)CCCNC(=N)N)C(C)C)C(=O)NCC(=O)N[C@@H](Cc1ccccc1)C(=O)N[C@@H](CC(=O)O)C(=O)N[C@@H](Cc1ccc(O)cc1)C(=O)N[C@@H](Cc1c[nH]c2ccccc12)C(=O)N[C@@H](Cc1cnc[nH]1)C(=O)N[C@@H](Cc1c[nH]c2ccccc12)C(=O)N[C@@H](CCC(=O)O)C(=O)O,-7.6645136,-8.902441,-8.091064,train
CSCC[C@H](NC(=O)[C@H](CC(=O)O)NC(=O)CNC(=O)[C@H](CCCNC(=N)N)NC(=O)[C@H](Cc1ccc(O)cc1)NC(=O)[C@H](CC(=O)O)NC(=O)[C@H](CCCNC(=N)N)NC(=O)[C@H](CCCNC(=N)N)NC(=O)[C@H](C)NC(=O)[C@@H](NC(=O)[C@H](Cc1c[nH]c2ccccc12)NC(=O)[C@@H](N)CCCNC(=N)N)C(C)C)C(=O)NCC(=O)N[C@@H](Cc1ccccc1)C(=O)N[C@@H](CC(=O)O)C(=O)N[C@@H](Cc1ccc(O)cc1)C(=O)N[C@@H](Cc1c[nH]c2ccccc12)C(=O)N[C@H](C(=O)N[C@@H](Cc1c[nH]c2ccccc12)C(=O)N[C@@H](CCC(=O)O)C(=O)O)C(C)C,-7.5439677,-8.857508,-8.006169,train
CSCC[C@H](NC(=O)[C@H](CC(=O)O)NC(=O)CNC(=O)[C@H](CCCNC(=N)N)NC(=O)[C@H](Cc1ccc(O)cc1)NC(=O)[C@H](CC(=O)O)NC(=O)[C@H](CCCNC(=N)N)NC(=O)[C@H](CCCNC(=N)N)NC(=O)[C@H](C)NC(=O)[C@@H](NC(=O)[C@H](Cc1c[nH]c2ccccc12)NC(=O)[C@@H](N)CCCNC(=N)N)C(C)C)C(=O)NCC(=O)N[C@@H](Cc1ccccc1)C(=O)N[C@@H](CC(N)=O)C(=O)N[C@@H](Cc1ccc(O)cc1)C(=O)N[C@@H](Cc1c[nH]c2ccccc12)C(=O)N[C@H](C(=O)N[C@@H](Cc1c[nH]c2ccccc12)C(=O)N[C@@H](CCC(=O)O)C(=O)O)C(C)C,-7.5418606,-8.823749,-8.021462,train
CSCC[C@H](NC(=O)[C@H](CC(=O)O)NC(=O)CNC(=O)[C@H](CCCNC(=N)N)NC(=O)[C@H](Cc1ccc(O)cc1)NC(=O)[C@H](CC(=O)O)NC(=O)[C@H](CCCNC(=N)N)NC(=O)[C@H](CCCNC(=N)N)NC(=O)[C@H](CCCCN)NC(=O)[C@@H](NC(=O)[C@H](Cc1c[nH]c2ccccc12)NC(=O)[C@@H](N)CCCNC(=N)N)C(C)C)C(=O)NCC(=O)N[C@@H](Cc1ccccc1)C(=O)N[C@@H](CC(=O)O)C(=O)N[C@@H](Cc1ccc(O)cc1)C(=O)N[C@@H](Cc1c[nH]c2ccccc12)C(=O)N[C@H](C(=O)N[C@@H](Cc1c[nH]c2ccccc12)C(=O)N[C@@H](CCC(=O)O)C(=O)O)C(C)C,-7.604927,-8.97184,-8.184469,train
CSCC[C@H](NC(=O)[C@H](CC(=O)O)NC(=O)CNC(=O)[C@H](CCCNC(=N)N)NC(=O)[C@H](Cc1ccc(O)cc1)NC(=O)[C@H](CC(=O)O)NC(=O)[C@H](CCCNC(=N)N)NC(=O)[C@H](Cc1c[nH]c2ccccc12)NC(=O)[C@@H](NC(=O)[C@H](Cc1c[nH]c2ccccc12)NC(=O)[C@@H](N)CCCNC(=N)N)C(C)C)C(=O)NCC(=O)N[C@@H](Cc1ccccc1)C(=O)N[C@@H](CC(=O)O)C(=O)N[C@@H](Cc1c[nH]c2ccccc12)C(=O)N[C@H](C(=O)N[C@@H](Cc1c[nH]c2ccccc12)C(=O)N[C@@H](CCC(=O)O)C(=O)O)C(C)C,-7.2826376,-8.554869,-7.6740136,train
CSCC[C@H](NC(=O)[C@H](CC(=O)O)NC(=O)[C@H](Cc1ccccc1)NC(=O)[C@H](CCCNC(=N)N)NC(=O)[C@H](Cc1ccc(O)cc1)NC(=O)[C@H](CC(=O)O)NC(=O)[C@H](CCCNC(=N)N)NC(=O)[C@H](CCCNC(=N)N)NC(=O)[C@@H](NC(=O)[C@@H](NC(=O)[C@H](Cc1c[nH]c2ccccc12)NC(=O)[C@@H](N)CCCNC(=N)N)C(C)C)C(C)C)C(=O)NCC(=O)N[C@@H](Cc1ccccc1)C(=O)N[C@@H](CC(=O)O)C(=O)N[C@@H](Cc1ccc(O)cc1)C(=O)N[C@@H](Cc1c[nH]c2ccccc12)C(=O)N[C@H](C(=O)N[C@@H](Cc1c[nH]c2ccccc12)C(=O)N[C@@H](CCC(=O)O)C(=O)O)C(C)C,-7.4220014,-8.706247,-7.882962,train
CSCC[C@H](NC(=O)[C@H](CC(=O)O)NC(=O)[C@H](Cc1ccccc1)NC(=O)[C@H](CCCNC(=N)N)NC(=O)[C@H](Cc1ccc(O)cc1)NC(=O)[C@H](CC(=O)O)NC(=O)[C@H](CCCNC(=N)N)NC(=O)[C@H](CCCNC(=N)N)NC(=O)[C@H](C)NC(=O)[C@@H](NC(=O)[C@H](Cc1c[nH]c2ccccc12)NC(=O)[C@@H](N)CCCNC(=N)N)C(C)C)C(=O)NCC(=O)N[C@@H](Cc1ccccc1)C(=O)N[C@@H](CC(=O)O)C(=O)N[C@@H](Cc1ccc(O)cc1)C(=O)N[C@@H](Cc1c[nH]c2ccccc12)C(=O)N[C@@H](Cc1cnc[nH]1)C(=O)N[C@@H](Cc1c[nH]c2ccccc12)C(=O)N[C@@H](CCC(=O)O)C(=O)O,-7.561014,-8.714859,-7.9282565,train
CSCC[C@H](NC(=O)[C@H](CC(=O)O)NC(=O)[C@H](Cc1ccccc1)NC(=O)[C@H](CCCNC(=N)N)NC(=O)[C@H](Cc1ccc(O)cc1)NC(=O)[C@H](CC(=O)O)NC(=O)[C@H](CCCNC(=N)N)NC(=O)[C@H](CCCNC(=N)N)NC(=O)[C@H](C)NC(=O)[C@@H](NC(=O)[C@H](Cc1c[nH]c2ccccc12)NC(=O)[C@@H](N)CCCNC(=N)N)C(C)C)C(=O)NCC(=O)N[C@@H](Cc1ccccc1)C(=O)N[C@@H](CC(=O)O)C(=O)N[C@@H](Cc1ccc(O)cc1)C(=O)N[C@@H](Cc1c[nH]c2ccccc12)C(=O)N[C@H](C(=O)N[C@@H](Cc1c[nH]c2ccccc12)C(=O)N[C@@H](CCC(=O)O)C(=O)O)C(C)C,-7.442917,-8.667924,-7.846012,train
CSCC[C@H](NC(=O)[C@H](CC(=O)O)NC(=O)[C@H](Cc1ccccc1)NC(=O)[C@H](CCCNC(=N)N)NC(=O)[C@H](Cc1ccc(O)cc1)NC(=O)[C@H](CC(=O)O)NC(=O)[C@H](CCCNC(=N)N)NC(=O)[C@H](CCCNC(=N)N)NC(=O)[C@H](CCCCN)NC(=O)[C@@H](NC(=O)[C@H](Cc1c[nH]c2ccccc12)NC(=O)[C@@H](N)CCCNC(=N)N)C(C)C)C(=O)NCC(=O)N[C@@H](Cc1ccccc1)C(=O)N[C@@H](CC(=O)O)C(=O)N[C@@H](Cc1ccc(O)cc1)C(=O)N[C@@H](Cc1c[nH]c2ccccc12)C(=O)N[C@H](C(=O)N[C@@H](Cc1c[nH]c2ccccc12)C(=O)N[C@@H](CCC(=O)O)C(=O)O)C(C)C,-7.499443,-8.7743635,-8.017101,train
CSCC[C@H](NC(=O)[C@H](CC(=O)O)NC(=O)[C@H](Cc1ccccc1)NC(=O)[C@H](CCCNC(=N)N)NC(=O)[C@H](Cc1ccc(O)cc1)NC(=O)[C@H](CC(=O)O)NC(=O)[C@H](CCCNC(=N)N)NC(=O)[C@H](Cc1c[nH]c2ccccc12)NC(=O)[C@@H](NC(=O)[C@H](Cc1c[nH]c2ccccc12)NC(=O)[C@@H](N)CCCNC(=N)N)C(C)C)C(=O)NCC(=O)N[C@@H](Cc1ccccc1)C(=O)N[C@@H](CC(=O)O)C(=O)N[C@@H](Cc1c[nH]c2ccccc12)C(=O)N[C@H](C(=O)N[C@@H](Cc1c[nH]c2ccccc12)C(=O)N[C@@H](CCC(=O)O)C(=O)O)C(C)C,-7.181197,-8.358782,-7.5104694,train
CSc1ccc(/C=C/c2nc(NCCN(C)C)c3ccccc3n2)cc1,-5.8177943,-5.4943643,-5.262257,train
CSc1ccc(NC(=O)Nc2cc(C)nc3ccccc23)cc1,-5.680061,-3.641584,-4.896546,train
CSc1ccc2c(=O)n(C(c3ccccc3)c3ccccc3)c(=O)n(C/C=C/COc3ccc(C(=O)O)cc3)c2c1,-5.4726486,-5.74068,-5.321583,train
CSc1ccccc1NC(=O)Nc1cc(C)nc2ccccc12,-5.7385526,-3.4684944,-4.777278,train
CSc1nc(N(C(=O)OCCN2CCN(C)CC2)c2cccc(Br)c2)c2cnn(CC(C)c3ccccc3)c2n1,-6.656008,-5.872067,-5.7977533,train
CSc1nc(NCCc2ccc(C)cc2)c2cnn(CC(Cl)c3ccccc3)c2n1,-6.6216893,-5.8679824,-5.4022017,train
CSc1nc(NCCc2ccc(Cl)cc2)c2cnn(CC(Cl)c3ccccc3)c2n1,-6.9288864,-5.946355,-5.517125,train
CSc1nc(NCCc2cccc(Cl)c2)c2cnn(CC(Cl)c3ccccc3)c2n1,-6.966396,-5.992946,-5.5805984,train
CSc1nc(NCCc2cccc(F)c2)c2cnn(CC(Cl)c3ccccc3)c2n1,-6.8154736,-5.9521637,-5.470158,train
CSc1nc(NCCc2ccccc2)c2cnn(CC(Cl)c3ccc(Cl)cc3)c2n1,-7.028318,-5.923609,-5.5123386,train
CSc1nc(NCCc2ccccc2Cl)c2cnn(CC(Cl)c3ccccc3)c2n1,-7.0305753,-5.972129,-5.519997,train
CSc1nc(NCc2ccc(F)cc2)c2cnn(CC(Cl)c3ccccc3)c2n1,-6.4376554,-5.9165287,-5.306951,train
CSc1nc(NCc2ccccc2)c2cnn(CC(Cl)c3ccc(Cl)cc3)c2n1,-6.6838703,-5.884859,-5.372724,train
CSc1nc(NCc2ccccc2)c2cnn(CC(Cl)c3ccc(F)cc3)c2n1,-6.509278,-5.8923597,-5.3166175,train
CSc1nc(NCc2ccccc2Cl)c2cnn(CC(Cl)c3ccccc3)c2n1,-6.818103,-5.89289,-5.412902,train
CSc1nc(NCc2ccccc2F)c2cnn(CC(Cl)c3ccccc3)c2n1,-6.5507,-5.8687673,-5.3122444,train
CSc1nc(Nc2cc(O)ccc2Cl)c2cnn(CC(C)c3ccccc3)c2n1,-6.9952784,-5.807494,-5.4491854,train
CSc1nc(Nc2cc(O)ccc2Cl)c2cnn(CC(Cl)c3ccccc3)c2n1,-6.7782936,-5.8059683,-5.343299,train
CSc1nc(Nc2cccc(Br)c2)c2cnn(CC(C)c3ccccc3)c2n1,-6.929804,-5.9134088,-5.429328,train
CSc1nc(Nc2cccc(Br)c2)c2cnn(CC(Cl)c3ccccc3)c2n1,-6.6948934,-5.923424,-5.321177,train
CSc1nc(Nc2cccc(Cl)c2)c2cnn(CC(Cl)c3ccccc3)c2n1,-6.8026514,-5.9470806,-5.3548207,train
C[C@@H](Nc1cc(=O)n(C)c2ccc(Nc3ccnc(Cl)c3C#N)cc12)c1ncccn1,-6.705644,-5.3512745,-5.384743,train
C[C@@H](OC(C)(C)C)[C@@H]1NC(=O)CN(C)C(=O)[C@H](CSC(c2ccccc2)(c2ccccc2)c2ccccc2)NC(=O)CNC(=O)[C@H](CSC(c2ccccc2)(c2ccccc2)c2ccccc2)NC(=O)CN(C)C1=O,-6.1936736,-6.5072637,-5.8197713,train
C[C@@H](OC(C)(C)C)[C@@H]1NC(=O)CNC(=O)[C@H](CSC(c2ccccc2)(c2ccccc2)c2ccccc2)NC(=O)CNC(=O)[C@H](CSC(c2ccccc2)(c2ccccc2)c2ccccc2)NC(=O)CN(C)C1=O,-6.3339887,-6.5502396,-5.912048,train
C[C@@H](Oc1c(N)ncc2c(C3=CCN(C(N)=O)CC3)coc12)c1c(Cl)ccc(F)c1Cl,-5.0513687,-3.8251336,-4.8609853,train
C[C@@H]1CN(CCOC(=O)c2ccc3c(c2)c2nc(N4CCC[C@@H](N)C4)n(Cc4ccccc4Cl)c2c(=O)n3C)C[C@H](C)O1,-5.3262315,-5.074923,-5.2499604,train
C[C@@H]1CN(c2cc(F)c3c(c2)N(C)C(=O)C32CCN(c3nc4c(c(=O)[nH]3)CCCN4C)CC2)C[C@H](C)O1,-4.987448,-5.002756,-4.9106607,train
C[C@@H]1CN(c2cccc3c2C[C@H](CN(C)[C@H]2CCCc4cccnc42)NC3)C[C@H](C)N1,-6.1881,-7.0638185,-6.4499454,train
C[C@@H]1CN(c2cccc3c2C[C@H](CN(C)[C@H]2CCCc4cccnc42)NC3)C[C@H](C)N1C,-5.9717712,-6.8830523,-6.2447243,train
C[C@@H]1CN(c2ncc(Cl)c(Nc3ccc4c(c3)n(CCC(C)(C)O)c(=O)n4C)n2)C[C@H](C)C1(F)F,-4.9512663,-4.689764,-4.7801123,train
C[C@@H]1CNC[C@H](C)N1c1ccc(-c2cnc3c(-c4ccc(S(N)(=O)=O)c5ccccc45)cnn3c2)cc1,-5.9093547,-5.2957644,-5.310906,train
C[C@@H]1C[C@H](O)CN(c2ncc(Cl)c(Nc3ccc4c(c3)c3c(c(=O)n4C)OCC(F)(F)[C@H](C4CC4)N3)n2)C1,-5.3215756,-4.672958,-4.8565183,train
C[C@@]1(C(=O)Nc2ccc(F)nc2)CCCN1c1nc(Nc2cc(C3CC3)n[nH]2)c2cccn2n1,-5.124663,-5.940955,-5.3002877,train
C[C@@]1(c2cc(NC(=O)c3ccc(Br)cn3)ccc2F)CO[C@@](C)(C(F)(F)F)C(N)=N1,-6.449184,-7.0350604,-6.310836,train
C[C@@]1(c2cccc(NC(=O)c3ccc(Br)cn3)c2)COCC(N)=N1,-5.457083,-6.6232157,-5.567009,train
C[C@@]1(c2cccc(NC(=O)c3ccc(Br)cn3)c2)CO[C@@](C)(C(F)(F)F)C(N)=N1,-6.5205107,-7.0958757,-6.366581,train
C[C@@]1(c2nc(C(=O)NCc3ccc(F)cc3)c(O)c(=O)[nH]2)CCCN1,-5.060089,-5.1202188,-4.9731627,train
C[C@H](CCC(=O)OCCOCCOCCN=[N+]=[N-])[C@H]1CC[C@H]2[C@@H]3CC[C@@H]4C[C@H](OC(=O)[C@H](CC(=O)O)Nc5ccc([N+](=O)[O-])c6nonc56)CC[C@]4(C)[C@H]3CC[C@]12C,-5.268485,-5.3823357,-5.7425323,train
C[C@H](CCC(=O)OCCOCCOCCOCCN=[N+]=[N-])[C@H]1CC[C@H]2[C@@H]3CC[C@@H]4C[C@H](OC(=O)[C@H](CC(=O)O)Nc5ccc([N+](=O)[O-])c6nonc56)CC[C@]4(C)[C@H]3CC[C@]12C,-5.1365376,-5.393955,-5.6811466,train
C[C@H](CN[C@@H](C(=O)Nc1ccc(-c2cnn(C)c2)cn1)c1ccccc1)c1ccc(C#N)cc1,-7.7821937,-7.9530544,-7.66411,train
C[C@H](N(Cc1ccc(F)cc1)C(=O)CN1C(=O)N[C@]2(CCc3cc(-c4cnn(C)c4)ccc32)C1=O)C(F)(F)F,-5.5523643,-5.6047244,-5.299467,train
C[C@H](N(Cc1ccc(F)cc1)C(=O)CN1C(=O)N[C@]2(CS(=O)(=O)c3cc(-c4cnn(C)c4)ccc32)C1=O)C(F)(F)F,-6.221499,-6.022704,-5.374839,train
C[C@H](N(Cc1ccc(F)cc1)C(=O)CN1C(=O)N[C@]2(C[C@@H](F)c3cc(-c4cnn(CC(=O)N(C)C)c4)ccc32)C1=O)C(F)(F)F,-5.702739,-5.8846526,-5.474991,train
C[C@H](NC(=O)C(=O)NCC1(c2ccccc2)CC1)C(=O)N[C@@H](CC(=O)O)C(=O)COc1c(F)c(F)cc(F)c1F,-4.995539,-5.8005376,-5.285612,train
C[C@H](NC(=O)C(=O)NCC1CCCCC1)C(=O)N[C@@H](CC(=O)O)C(=O)COc1c(F)c(F)cc(F)c1F,-4.8021927,-5.4871955,-4.960367,train
C[C@H](NC(=O)C(=O)NCCC1CCCC1)C(=O)N[C@@H](CC(=O)O)C(=O)COc1c(F)c(F)cc(F)c1F,-4.7942657,-5.661822,-5.021799,train
C[C@H](NC(=O)C(=O)NCCc1ccccc1)C(=O)N[C@@H](CC(=O)O)C(=O)COc1c(F)c(F)cc(F)c1F,-4.778187,-5.682424,-5.031603,train
C[C@H](NC(=O)C(=O)NCc1c(Cl)cccc1Cl)C(=O)N[C@@H](CC(=O)O)C(=O)COc1c(F)c(F)cc(F)c1F,-4.917382,-5.5208406,-5.159234,train
C[C@H](NC(=O)C(=O)NCc1cc(Cl)cc(Cl)c1)C(=O)N[C@@H](CC(=O)O)C(=O)COc1c(F)c(F)cc(F)c1F,-4.8242717,-5.6186404,-5.1162353,train
C[C@H](NC(=O)C(=O)NCc1cc(Cl)ccc1Cl)C(=O)N[C@@H](CC(=O)O)C(=O)COc1c(F)c(F)cc(F)c1F,-4.792246,-5.514506,-5.03106,train
C[C@H](NC(=O)C(=O)NCc1cc(F)cc(F)c1)C(=O)N[C@@H](CC(=O)O)C(=O)COc1c(F)c(F)cc(F)c1F,-4.744312,-5.8063636,-5.055745,train
C[C@H](NC(=O)C(=O)NCc1ccc(Cl)cc1Cl)C(=O)N[C@@H](CC(=O)O)C(=O)COc1c(F)c(F)cc(F)c1F,-4.795988,-5.5611286,-5.0580583,train
C[C@H](NC(=O)C(=O)NCc1cccc(Cl)c1Cl)C(=O)N[C@@H](CC(=O)O)C(=O)COc1c(F)c(F)cc(F)c1F,-4.8160496,-5.6351504,-5.1344147,train
C[C@H](NC(=O)C(=O)NCc1cccc(F)c1)C(=O)N[C@@H](CC(=O)O)C(=O)COc1c(F)c(F)cc(F)c1F,-4.780711,-5.8959417,-5.109131,train
C[C@H](NC(=O)C(=O)NCc1ccccc1F)C(=O)N[C@@H](CC(=O)O)C(=O)COc1c(F)c(F)cc(F)c1F,-4.7733374,-5.864653,-5.085166,train
C[C@H](NC(=O)C(=O)Nc1c(F)cccc1F)C(=O)N[C@@H](CC(=O)O)C(=O)COc1c(F)c(F)cc(F)c1F,-4.980993,-6.0832105,-5.372669,train
C[C@H](NC(=O)c1cnn2cccnc12)c1cc2cc(Cl)cc(C(=O)O)c2o1,-6.2468777,-7.9413395,-6.6099324,train
C[C@H](NP(=O)(OC[C@H]1O[C@@H](n2ccc(=O)[nH]c2=O)[C@](C)(F)[C@@H]1O)Oc1ccc(F)cc1)C(=O)OC1CCCCC1,-6.420244,-8.88981,-6.952409,train
C[C@H](Oc1ccc(S(C)(=O)=O)cc1C(=O)N1Cc2cc(C(F)(F)F)cnc2C1)C(F)(F)F,-6.3443003,-5.6839623,-5.0386834,train
C[C@H](Oc1ccc(S(C)(=O)=O)cc1C(=O)N1Cc2ccc(-c3ccccc3)cc2C1)C(F)(F)F,-6.636994,-5.5443277,-5.226037,train
C[C@H](Oc1ccc(S(C)(=O)=O)cc1C(=O)N1Cc2ccc(-c3ccncc3)cc2C1)C(F)(F)F,-6.4811454,-5.7257614,-5.37473,train
C[C@H](Oc1ccc(S(C)(=O)=O)cc1C(=O)N1Cc2ccc(C(F)(F)F)cc2C1)C(F)(F)F,-6.6279745,-5.6740036,-5.114017,train
C[C@H](Oc1ccc(S(C)(=O)=O)cc1C(=O)N1Cc2ccc(C(F)(F)F)nc2C1)C(F)(F)F,-6.48468,-5.6391773,-4.9894476,train
C[C@H](Oc1ccc(S(C)(=O)=O)cc1C(=O)N1Cc2ccc(C3CCCCO3)cc2C1)C(F)(F)F,-6.2137623,-5.659236,-5.120603,train
C[C@H](Oc1ccc(S(C)(=O)=O)cc1C(=O)N1Cc2ccc(C3CCOCC3)cc2C1)C(F)(F)F,-5.96356,-5.6919537,-5.161056,train
C[C@H](Oc1ccc(S(C)(=O)=O)cc1C(=O)N1Cc2ccc(Cl)cc2C1)C(F)(F)F,-6.253904,-5.3938084,-5.054371,train
C[C@H](Oc1ccc(S(C)(=O)=O)cc1C(=O)N1Cc2ccc(N3CCN(C)CC3)cc2C1)C(F)(F)F,-6.441374,-5.496261,-5.2733707,train
C[C@H](Oc1ccc(S(C)(=O)=O)cc1C(=O)N1Cc2ccc(N3CCOCC3)cc2C1)C(F)(F)F,-5.81295,-5.49683,-5.099222,train
C[C@H](Oc1ccc(S(C)(=O)=O)cc1C(=O)N1Cc2cccc(C#N)c2C1)C(F)(F)F,-6.5445833,-5.526847,-5.0998816,train
C[C@H](Oc1ccc(S(C)(=O)=O)cc1C(=O)N1Cc2ccccc2C1)C(F)(F)F,-6.103951,-5.383052,-4.9355536,train
C[C@H](Oc1ccc(S(C)(=O)=O)cc1C(=O)N1Cc2cnc(C(F)(F)F)cc2C1)C(F)(F)F,-6.525791,-5.7815585,-5.1416197,train
C[C@H]1C[C@@H](O)CN(c2ncc(Cl)c(Nc3ccc4c(c3)c3c(c(=O)n4C)OCC(F)(F)[C@H](C4CC4)N3)n2)C1,-5.3854136,-4.690132,-4.9718733,train
C[C@H]1C[C@@H]1n1c(=O)c2cc(F)ccc2n2c(=S)[nH]nc12,-4.270145,-3.9808898,-4.476633,train
C[C@H]1O[C@@H](O[C@H]2[C@@H](O)C[C@H](O[C@H]3[C@@H](O)C[C@H](O[C@H]4CC[C@@]5(C)[C@H](CC[C@@H]6[C@@H]5C[C@@H](O)[C@]5(C)[C@@H](C7=CC(=O)OC7)CC[C@]65O)C4)O[C@@H]3C)O[C@@H]2C)C[C@H](O)[C@@H]1O,-6.7618895,-4.961777,-6.4119964,train
C[C@]1(C(F)(F)F)OC[C@@](C)(c2cccc(NC(=O)c3ccc(Br)cn3)c2)N=C1N,-6.6383295,-6.963789,-6.3352647,train
C[C@]12C=CC(=O)C=C1CC[C@@H]1[C@@H]2C(=O)C[C@@]2(C)[C@H]1CC[C@]2(O)C(=O)CO,-4.7735434,-5.1644526,-4.8038306,train
C[C@]12CCC(=O)C=C1CC[C@@H]1[C@@H]2C(=O)C[C@@]2(C)[C@H]1CC[C@]2(O)C(=O)CO,-4.6221414,-5.1115575,-4.67708,train
C[C@]12CCC(=O)C=C1CC[C@@H]1[C@@H]2CC[C@@]2(C)[C@H]1CC[C@]2(O)C(=O)CO,-4.701385,-5.4113903,-4.7397084,train
C[C@]12CCC(=O)C=C1CC[C@@H]1[C@@H]2[C@@H](O)C[C@@]2(C)[C@H]1CC[C@]2(O)C(=O)CO,-5.2848043,-5.609089,-5.1406546,train
C[C@]12CC[C@@H]3c4ccc(O)cc4CC[C@H]3[C@@H]1CC[C@@H]2O,-4.5568123,-4.9772625,-4.642899,train
C[C@]12CC[C@H]3[C@@H](CCC4=CC(=O)CC[C@@]43C)[C@@H]1CC[C@@H]2O,-4.5159254,-4.837571,-4.6602345,train
C[C@]12C[C@H](O)[C@H]3[C@@H](CCC4=CC(=O)CC[C@@]43C)[C@@H]1CC[C@@H]2C(=O)CO,-5.3614078,-5.464836,-5.2388935,train
C[N+](C)(C)CCNC(=O)/C=N/O,-5.8814034,-6.1171155,-5.2897754,train
C[n+]1ccccc1C=NO,-6.2058682,-6.1128874,-5.3337893,train
Cc1[nH]c2c(Cl)c(Cl)ccc2c(=O)c1-c1ccccc1,-4.751303,-3.73695,-4.633842,train
Cc1[nH]c2c(Cl)cc(Cl)cc2c(=O)c1-c1ccccc1,-5.0159426,-3.9030223,-4.740182,train
Cc1[nH]c2c(Cl)cccc2c(=O)c1-c1ccccc1,-4.8508925,-3.6734278,-4.612923,train
Cc1[nH]c2cc(Cl)cc(Cl)c2c(=O)c1-c1ccccc1,-4.9945254,-4.295252,-4.8622923,train
Cc1[nH]c2ccc(Br)cc2c(=O)c1Br,-4.8091483,-4.4824605,-4.677219,train
Cc1[nH]c2ccc(Cl)c(Cl)c2c(=O)c1-c1ccccc1,-4.7857313,-3.9137971,-4.7362957,train
Cc1[nH]c2ccc(Cl)cc2c(=O)c1-c1ccccc1,-4.808254,-3.9196653,-4.7061462,train
Cc1[nH]c2ccc(F)cc2c(=O)c1Br,-4.5718775,-4.4294343,-4.5549765,train
Cc1[nH]c2cccc(Cl)c2c(=O)c1-c1ccccc1,-4.838876,-3.955793,-4.699654,train
Cc1[nH]c2ccccc2c(=O)c1-c1ccccc1,-4.747347,-4.2837157,-4.65795,train
Cc1[nH]c2ccccc2c(=O)c1/C=C/C(=O)OC(C)(C)C,-4.643707,-3.7865646,-4.6363115,train
Cc1[nH]c2ccccc2c(=O)c1/C=C/c1ccc(O)cc1,-5.154779,-4.663299,-5.0580425,train
Cc1[nH]c2ccccc2c(=O)c1/C=C/c1cccc([N+](=O)[O-])c1,-5.4145603,-4.3769345,-5.167255,train
Cc1[nH]c2ccccc2c(=O)c1Br,-4.568941,-4.480332,-4.539219,train
Cc1[nH]c2ccccc2c(=O)c1C1CCCCC1,-4.7455635,-3.9812322,-4.560432,train
Cc1[nH]c2ccccc2c(=O)c1Cc1ccccc1,-4.846839,-4.38155,-4.7127967,train
Cc1[nH]c2ccccc2c1CC(=O)NCCC1CCN(Cc2ccccc2)CC1,-5.4341516,-5.4441357,-5.3204303,train
Cc1[nH]c2ccccc2c1CCNCc1ccc(/C=C/C(=O)NO)cc1,-5.956989,-7.6700397,-6.692058,train
Cc1c(-c2cc(Cl)c(O)c3ncccc23)oc2ccc(O)cc12,-4.7442064,-4.8307486,-4.8065476,train
Cc1c(-c2ccc(O)c3ncccc23)oc2ccc(O)cc12,-4.84029,-4.677997,-4.7444754,train
Cc1c(-c2cccc(OC3CCN(S(=O)(=O)Cc4ccccc4)CC3)c2)sc(-c2nn[nH]n2)c1OCC(=O)O,-6.7747097,-6.243068,-5.8607807,train
Cc1c(C(=O)NC2CCN(C)CC2)oc2ccc(N(Cc3ccc(Br)cc3)S(=O)(=O)c3ccc(Br)cc3)cc12,-5.6529264,-5.1127033,-5.43599,train
Cc1c(C(=O)N[C@@H](CCC2CC2)C(=O)Nc2ccc(C#N)cc2)[nH]c2c1C(=O)CC(C)(C)C2,-4.9423985,-5.172906,-4.9775248,train
Cc1c(C(=O)N[C@@H](CCC2CC2)C(=O)Nc2ccccc2)[nH]c2c1C(=O)CC(C)(C)C2,-4.855481,-5.10572,-4.9134016,train
Cc1c(C(C)c2c(Cl)cccc2Cl)nc(N(C)Cc2ccc(N3CCN(C)CC3)cc2)[nH]c1=O,-6.4935656,-5.3001857,-5.5134726,train
Cc1c(C)c2c(c(C)c1O)CCC(C)(C(=O)NCCCCCCNc1c3c(nc4ccccc14)CCCC3)O2,-5.5165434,-5.0030293,-5.3293395,train
Cc1c(C)c2ccc(/N=C/c3ccc(O)cc3O)cc2oc1=O,-4.6727605,-4.78941,-4.765504,train
Cc1c(C)c2ccc(/N=C/c3ccccc3O)cc2oc1=O,-4.763404,-4.910213,-4.701641,train
Cc1c(C)c2ccc(NCc3ccccc3O)cc2oc1=O,-4.755635,-4.8302703,-4.6236515,train
Cc1c(C)c2ccc(OCCN3CCN(CCCNc4c5c(nc6ccccc46)CCCC5)CC3)cc2oc1=O,-5.492294,-5.1703477,-5.23223,train
Cc1c(C)n(Cc2ccccc2)c2ncn(C3CCOCC3)c(=N)c12,-4.566179,-3.3456604,-4.5781374,train
Cc1c(C)n(Cc2ccccc2)c2ncn(CCCO)c(=N)c12,-5.163769,-3.6019711,-4.692336,train
Cc1c(C)n(Cc2ccccc2)c2ncn([C@H]3CC[C@H](O)CC3)c(=N)c12,-5.147598,-4.344113,-5.009672,train
Cc1c(Cc2c(Cl)cccc2Cl)nc(N(C)Cc2ccc(N3CCOCC3)cc2)[nH]c1=O,-5.843397,-5.3986077,-5.4713016,train
Cc1c(Cc2c(Cl)cccc2Cl)nc(N(C)Cc2ccc([N+](=O)[O-])cc2)[nH]c1=O,-6.2420144,-5.3483887,-5.563879,train
Cc1c(Cc2cccc(N)c2)c(=O)oc2cc(OC(=O)N(C)C)c(Cl)cc12,-5.5560813,-5.083634,-5.14968,train
Cc1c(Cc2cccc(NS(=O)(=O)N(C)C)c2)c(=O)oc2cc(OC(=O)N(C)C)c(Cl)cc12,-5.7021236,-5.4337444,-5.2961445,train
Cc1c(Cc2cccc(NS(=O)(=O)N3CCN(C)CC3)c2)c(=O)oc2cc(OC(=O)N(C)C)c(Cl)cc12,-5.6090956,-5.439643,-5.3660736,train
Cc1c(Cc2cccc(NS(=O)(=O)NCC(F)(F)F)c2)c(=O)oc2cc(OC(=O)N(C)C)c(Cl)cc12,-5.2489576,-5.398651,-5.0808353,train
Cc1c(Cc2cccc(NS(=O)(=O)NCCC#N)c2)c(=O)oc2cc(OC(=O)N(C)C)c(Cl)cc12,-6.3608723,-5.3686886,-5.378572,train
Cc1c(Cc2cccc(NS(=O)(=O)NCCN)c2)c(=O)oc2cc(OC(=O)N(C)C)c(Cl)cc12,-6.415121,-5.958956,-5.976898,train
Cc1c(Cc2cccc(NS(=O)(=O)NCCO)c2)c(=O)oc2cc(OC(=O)N(C)C)c(Cl)cc12,-6.163599,-5.4879184,-5.486363,train
Cc1c(Cc2cccc(NS(C)(=O)=O)c2)c(=O)oc2cc(OC(=O)N(C)C)c(Cl)cc12,-5.968148,-5.348019,-5.3520966,train
Cc1c(Cc2cccc(NS(N)(=O)=O)c2)c(=O)oc2cc(OC(=O)N(C)C)c(Cl)cc12,-6.342808,-5.478762,-5.5962844,train
Cc1c(Cc2ccccc2)c(-c2cc(Cl)nc(N)n2)nn1C,-4.865665,-6.0142937,-5.0250463,train
Cc1c(Cc2ccccc2)c(=O)c2cc(Cl)ccc2n1C,-4.816123,-3.9409008,-4.7021666,train
Cc1c(Cc2cccs2)c(-c2cc(Cl)nc(N)n2)nn1C,-4.9502397,-6.0624647,-5.047459,train
Cc1c(Cl)c(=O)oc2cc(OCCN3CCN(CCCNc4c5c(nc6ccccc46)CCCC5)CC3)ccc12,-5.923589,-5.387955,-5.4471707,train
Cc1c(F)c(N)cc(C(=O)Nc2cc(C(=O)Oc3ccccc3)ccc2N2CCN(C)CC2)c1Cl,-5.5102663,-4.3721294,-5.0581813,train
Cc1c(F)c([N+](=O)[O-])cc(C(=O)Nc2cc(C(=O)Oc3ccccc3)ccc2N2CCN(C)CC2)c1Cl,-5.4656434,-4.490994,-5.1729445,train
Cc1c(F)ccc(C(=O)Nc2cc(C(=O)OC(C)C)ccc2N2CCN(C)CC2)c1Cl,-5.086691,-4.1569796,-4.9118466,train
Cc1c(F)ccc(C(=O)Nc2cc(C(=O)Oc3ccccc3)ccc2N2CCN(C)CC2)c1Cl,-5.526186,-4.6271977,-5.06723,train
Cc1c(N2CC(=O)NS2(=O)=O)csc1-c1cccc(NC2CCN(S(=O)(=O)Cc3ccccc3)CC2)c1,-6.4523997,-6.5640182,-5.5126815,train
Cc1c(N2CCN(C)CC2)ccc2c3c(c(=O)oc12)CN(C(=O)c1cc(Cl)cc(NS(C)(=O)=O)c1)CC3,-6.17268,-4.934453,-5.485299,train
Cc1c(N2CCN(C)CC2)ccc2c3c(c(=O)oc12)CN(C(=O)c1ccc(NS(C)(=O)=O)c(Br)c1)CC3,-5.629594,-4.515477,-5.21127,train
Cc1c(N2CCN(C)CC2)ccc2c3c(c(=O)oc12)CN(C(=O)c1ccc(NS(C)(=O)=O)c(Cl)c1)CC3,-5.7910433,-4.501457,-5.284532,train
Cc1c(N2CCN(C)CC2)ccc2c3c(c(=O)oc12)CN(C(=O)c1ccc(NS(C)(=O)=O)c(F)c1)CC3,-5.8043427,-4.643986,-5.299401,train
Cc1c(N2CCN(C)CC2)ccc2c3c(c(=O)oc12)CN(C(=O)c1ccc(NS(C)(=O)=O)c(OC(F)(F)F)c1)CC3,-5.5952744,-4.325653,-5.2022777,train
Cc1c(N2CCN(C)CC2)ccc2c3c(c(=O)oc12)CN(C(=O)c1ccc(NS(C)(=O)=O)cc1)CC3,-5.902689,-4.8354883,-5.3815,train
Cc1c(N2CCN(C)CC2)ccc2c3c(c(=O)oc12)CN(C(=O)c1ccc2c(c1)CS(=O)(=O)N2)CC3,-6.123886,-5.9206915,-5.1407437,train
Cc1c(NCc2ccccc2N2CCN(C)CC2)cnn(C)c1=O,-5.766995,-6.370233,-5.334001,train
Cc1c(Nc2c(C#N)cncc2/C=C/CCCN2CCN(C)CC2)ccc2[nH]ccc12,-6.8355365,-6.6705017,-6.8240724,train
Cc1c(Nc2c(C#N)cncc2/C=C/CCCN2CCNCC2)ccc2[nH]ccc12,-7.371396,-7.5035095,-7.5223455,train
Cc1c(Nc2c(C#N)cncc2/C=C/CCN2CCC(N(C)C)CC2)ccc2[nH]ccc12,-7.084428,-7.210782,-7.153549,train
Cc1c(Nc2c(C#N)cncc2/C=C/CCN2CCC(N)CC2)ccc2[nH]ccc12,-7.462662,-7.983732,-7.8398924,train
Cc1c(Nc2c(C#N)cncc2/C=C/CCN2CCC(NS(=O)(=O)C(C)C)CC2)ccc2[nH]ccc12,-7.3534994,-7.4993086,-7.1790886,train
Cc1c(Nc2c(C#N)cncc2/C=C/CCN2CCC(O)CC2)ccc2[nH]ccc12,-7.318973,-7.7770915,-7.471917,train
Cc1c(Nc2c(C#N)cncc2/C=C/CCN2CCCNCC2)ccc2[nH]ccc12,-7.351303,-7.7359223,-7.63556,train
Cc1c(Nc2c(C#N)cncc2/C=C/CCN2CCN(C)CC2)ccc2[nH]ccc12,-6.7045155,-6.7567706,-6.7941637,train
Cc1c(Nc2c(C#N)cncc2/C=C/CCN2CCN(S(C)(=O)=O)CC2)ccc2[nH]ccc12,-6.920204,-7.137158,-6.488109,train
Cc1c(Nc2c(C#N)cncc2/C=C/CCN2CCNCC2)ccc2[nH]ccc12,-7.2634745,-7.678848,-7.5149784,train
Cc1c(Nc2c(C#N)cncc2/C=C/CCN2CC[C@@H](O)C2)ccc2[nH]ccc12,-6.519246,-7.177597,-6.819527,train
Cc1c(Nc2c(C#N)cncc2/C=C/CN2CCC(N)CC2)ccc2[nH]ccc12,-7.5052295,-7.8052635,-7.7711635,train
Cc1c(Nc2c(C#N)cncc2/C=C/CN2CCNCC2)ccc2[nH]ccc12,-7.167225,-7.57969,-7.433301,train
Cc1c([C@H](OC(C)(C)C)C(=O)O)c(N2CCC(C)(C)CC2)c(-c2ccc(OCCc3ccc(F)cc3)cc2)c2nccn12,-5.335244,-6.130657,-5.653319,train
Cc1c([C@H](OC(C)(C)C)C(=O)O)c(N2CCC(C)(C)CC2)c(-c2ccc(OCCc3ccc(F)cc3)cc2)c2ncnn12,-5.2868834,-6.126744,-5.626242,train
Cc1c([C@H](OC(C)(C)C)C(=O)O)c(N2CCC(C)(C)CC2)c(-c2ccc3c(c2)CCN(c2ncnc4c2oc2ccccc24)C3)c2cnnn12,-5.6216106,-6.198913,-5.7910256,train
Cc1c([C@H](OC(C)(C)C)C(=O)O)c(N2CCC(C)(C)CC2)c(-c2ccc3c(c2)CCN(c2ncnc4c2oc2ccccc24)C3)c2nccn12,-5.643479,-6.2214284,-5.828647,train
Cc1c([C@H](OC(C)(C)C)C(=O)O)c(N2CCC(C)(C)CC2)c(-c2ccc3c(c2)CCN(c2ncnc4c2oc2ccccc24)C3)c2ncnn12,-5.6137505,-6.2077775,-5.804078,train
Cc1cc(-c2ccc(OC[C@@](C)(N)CC(C)C)c(C(F)(F)F)c2)ccn1,-6.905193,-6.383424,-5.878467,train
Cc1cc(-c2ccc(OC[C@@](C)(N)CC(C)C)c(C(F)F)c2)ccn1,-6.8594294,-6.192886,-5.7268195,train
Cc1cc(-c2cnc(Nc3cc(Cl)cc(Cl)c3)nc2NC2CCNCC2)on1,-6.841398,-6.3057866,-6.4045544,train
Cc1cc(-c2nnc3n2CCCCC3)c(C)n1-c1ccc(Cl)c(Cl)c1,-4.6553826,-2.9833288,-4.573186,train
Cc1cc(-c2nnc3n2CCCCC3)c(C)n1-c1cccc(C#N)c1,-4.64997,-3.387609,-4.558848,train
Cc1cc(-c2nnc3n2CCCCC3)c(C)n1-c1cccc(C(F)(F)F)c1,-4.4624643,-2.8703487,-4.4149494,train
Cc1cc(-c2nnc3n2CCCCC3)c(C)n1-c1ccccc1,-4.49238,-3.049926,-4.4728622,train
Cc1cc(/C=C/C(C)(C)C(=O)NC(C)(C)CO)ccc1Cc1cc([C@@H]2O[C@H](CO)[C@@H](O)[C@H](O)[C@H]2O)c(C)cc1C,-6.30668,-5.8331127,-6.0185733,train
Cc1cc(/C=C/C(C)(C)C(=O)NC(C)(C)CO)ccc1Cc1cc([C@@H]2O[C@H](CO)[C@@H](O)[C@H](O)[C@H]2O)c(O)cc1C(C)C,-6.303386,-5.8333383,-5.9420023,train
Cc1cc(=O)c2ccccc2[nH]1,-4.669305,-5.4066663,-4.6059165,train
Cc1cc(=O)oc2cc(OCCCCSC(=S)N3CCCCC3)ccc12,-5.1571302,-5.1829505,-4.670392,train
Cc1cc(=O)oc2cc(OCCN3CCN(CCCNc4c5c(nc6ccccc46)CCCC5)CC3)ccc12,-5.823373,-5.440351,-5.4053116,train
Cc1cc(C(=O)N2CCN(C(=O)C3CCCO3)CC2)ccc1OCc1cccc(Cl)c1,-5.5086904,-5.2566257,-5.240097,train
Cc1cc(C(=O)N2CCc3c(c(=O)oc4c(C)c(N5CCN(C)CC5)ccc34)C2)ccc1NS(C)(=O)=O,-5.8265157,-4.684195,-5.3197517,train
Cc1cc(C(=O)N[C@H]2CCCCC/C=C\[C@@H]3C[C@@]3(C(=O)NS(=O)(=O)C3(C)CC3)NC(=O)[C@@H]3C[C@@H](Oc4nc5cc(F)ccc5nc4C(F)(F)F)CN3C2=O)no1,-4.641346,-5.0591936,-4.993353,train
Cc1cc(C(=O)N[C@H]2CCCCC/C=C\[C@@H]3C[C@@]3(C(=O)NS(=O)(=O)C3(C)CC3)NC(=O)[C@@H]3C[C@@H](Oc4nc5ccccc5c5ccc(F)cc45)CN3C2=O)no1,-4.9627185,-5.9774666,-5.205235,train
Cc1cc(C(=O)N[C@H]2CCCCC/C=C\[C@@H]3C[C@@]3(C(=O)NS(=O)(=O)C3CC3)NC(=O)[C@@H]3C[C@@H](Oc4nc5cc(F)ccc5nc4C(F)(F)F)CN3C2=O)no1,-5.2232347,-5.600706,-5.238843,train
Cc1cc(C(=O)N[C@H]2CCCCC/C=C\[C@@H]3C[C@@]3(C(=O)NS(=O)(=O)C3CC3)NC(=O)[C@@H]3C[C@@H](Oc4nc5ccccc5nc4C)CN3C2=O)no1,-5.3534255,-5.9581604,-5.33319,train
Cc1cc(C(F)(F)F)ccc1NC(=O)c1cc2nc(Nc3c(F)cccc3Cl)[nH]c2c2c1OC(C)(C)C2,-6.720804,-6.4929,-6.3564363,train
Cc1cc(C)c(S(=O)(=O)N(CC#N)c2ccc(Nc3ccnc(N4CCNCC4)n3)cc2)c(C)c1,-5.45989,-3.8965437,-4.8907576,train
Cc1cc(C)c(S(=O)(=O)N(CC(=O)O)c2ccc(Nc3ccnc(N4CCCC4)n3)cc2)c(C)c1,-5.0151362,-4.805154,-4.841232,train
Cc1cc(C)c(S(=O)(=O)N(Cc2nnn[nH]2)c2ccc(Nc3ccnc(N4CCNCC4)n3)cc2)c(C)c1,-5.856119,-4.654776,-5.192707,train
Cc1cc(C)c(S(=O)(=O)N[C@H](CN2Cc3ccccc3C2=O)C(=O)O)c(C)c1,-6.2864904,-5.785517,-5.291045,train
Cc1cc(C)c(S(=O)(=O)N[C@H](CNC(=O)c2coc(C)n2)C(=O)O)c(C)c1,-5.590927,-6.1881413,-5.295247,train
Cc1cc(C)c(S(=O)(=O)N[C@H](CNCC(=O)c2ccoc2)C(=O)O)c(C)c1,-6.1981125,-6.1904244,-5.3609576,train
Cc1cc(C)c2[nH]c3c(c(=O)c2c1)CCCC3,-4.632477,-4.292618,-4.534807,train
Cc1cc(C)c2c(=O)c3c([nH]c2c1)CCCC3,-4.600788,-4.4171643,-4.5801935,train
Cc1cc(C)cc(C(=O)N(NC(=O)c2ccc3c(c2C)CCCO3)C(C)(C)C)c1,-4.6478515,-5.064867,-4.864275,train
Cc1cc(C)cc(Cc2ccc3c(NCCCNCc4ccc5c(c4)OCO5)ccnc3c2)c1,-5.375974,-4.768148,-5.08002,train
Cc1cc(C)nc(NS(=O)(=O)c2ccc(Nc3ncc4cc(C(=O)N(C)C)n(C5CCCC5)c4n3)cc2)n1,-4.8354707,-3.770403,-4.7544,train
Cc1cc(C)nc(Nc2nc3c(s2)CCCc2n[nH]cc2-3)c1,-5.1992593,-5.691853,-5.2216144,train
Cc1cc(C2CCCCC2)n(O)c(=O)c1,-4.855749,-5.0155487,-4.6936073,train
Cc1cc(C2CCCCC2)n(O)c(=O)c1CNC1CCCC1,-5.018758,-5.221812,-5.055631,train
Cc1cc(C2CCCCC2)n(O)c(=O)c1I,-4.9411106,-4.750781,-4.69203,train
Cc1cc(C2CCCCCC2)n(O)c(=O)c1,-4.8814454,-5.0008373,-4.7318897,train
Cc1cc(CN2C(=O)C(C3=CS(=O)(=O)c4cc(NS(C)(=O)=O)ccc4N3)=C(O)[C@@H]2C(C)(C)C)ccc1F,-6.874924,-6.02272,-5.4731555,train
Cc1cc(C[C@@H](NC(=O)N2CCC(N3Cc4cccc(F)c4NC3=O)CC2)C(=O)N2CCC(N3CCCCC3)CC2)cc2cn[nH]c12,-6.735829,-7.6163955,-7.1459427,train
Cc1cc(C[C@@H](NC(=O)N2CCC(c3cc4ccccc4cc3Cl)CC2)C(=O)N2CCC(N3CCCCC3)CC2)cc2cn[nH]c12,-6.545391,-7.223929,-6.907444,train
Cc1cc(C[C@@H](NC(=O)N2CCC(c3ccc4ccccc4c3)CC2)C(=O)N2CCC(N3CCCCC3)CC2)cc2cn[nH]c12,-6.4533043,-7.597679,-6.9339104,train
Cc1cc(C[C@@H](NC(=O)N2CCN(c3ccc(Br)cc3)CC2)C(=O)N2CCC(N3CCCCC3)CC2)cc2cn[nH]c12,-6.532641,-7.345187,-6.9508405,train
Cc1cc(C[C@@H](NC(=O)N2CCN(c3ccc(Cl)cc3Cl)CC2)C(=O)N2CCC(N3CCCCC3)CC2)cc2cn[nH]c12,-6.441515,-6.6676893,-6.6446543,train
Cc1cc(C[C@@H](NC(=O)N2CCN(c3cccc(Cl)c3)CC2)C(=O)N2CCC(N3CCCCC3)CC2)cc2cn[nH]c12,-6.402237,-7.087018,-6.7760477,train
Cc1cc(C[C@@H](NC(=O)N2CCN(c3ccccc3Br)CC2)C(=O)N2CCC(N3CCCCC3)CC2)cc2cn[nH]c12,-6.340544,-7.019678,-6.6761646,train
Cc1cc(Cc2nc3n(n2)Cc2c(C)ncn2-c2ccc(Br)cc2-3)on1,-5.315635,-5.579194,-5.048323,train
Cc1cc(Cc2nc3n(n2)Cc2c(C)ncn2-c2ccc(Cl)cc2-3)on1,-5.1605573,-5.6088586,-4.9534044,train
Cc1cc(Cl)ccc1-c1ccc2[nH]c3c(c(=O)c2c1)CSCC3,-5.657643,-5.1375713,-5.039435,train
Cc1cc(Cl)cnc1Oc1ccc2nc(COc3cccc(C(=O)O)c3)n(C)c2c1,-4.91564,-4.9041796,-4.7078047,train
Cc1cc(F)cc(C)c1Oc1ccc(C(C)(C)O)cc1-c1cn(C)c(=O)c2[nH]c(C(=O)NC(C)(C)C(F)(F)F)cc12,-6.492477,-6.3950686,-6.254567,train
Cc1cc(F)cc(C)c1Oc1ccc(C(C)(C)O)cc1-c1cn(C)c(=O)c2[nH]c(C(=O)NC3(C)CC3(F)F)cc12,-6.300822,-6.193137,-6.1856246,train
Cc1cc(F)cc(C)c1Oc1ccc(C(C)(C)O)cc1-c1cn(C)c(=O)c2[nH]c(C(=O)NC34CC(C3)C4)cc12,-6.2625184,-5.751196,-5.799505,train
Cc1cc(F)cc(C)c1Oc1ccc(C(C)(C)O)cc1-c1cn(C)c(=O)c2[nH]c(C(=O)NC3CC3)cc12,-6.069653,-5.9226108,-5.985639,train
Cc1cc(N2CCOCC2)ccc1Nc1nc(NC2CCCCC2)c2nc[nH]c2n1,-4.4044027,-3.258475,-4.6264205,train
Cc1cc(NC(=O)Nc2cc(F)ccc2F)c2ccccc2n1,-5.1464815,-3.492168,-4.761424,train
Cc1cc(NC(=O)Nc2ccc(C(C)(C)C)cc2)c2ccccc2n1,-6.093116,-3.4708843,-4.988906,train
Cc1cc(NC(=O)Nc2ccc(C(F)(F)F)cc2)c2ccccc2n1,-5.4193377,-3.6815193,-4.851187,train
Cc1cc(NC(=O)Nc2ccc(C)c(Cl)c2)c2ccccc2n1,-5.413761,-3.5113397,-4.874061,train
Cc1cc(NC(=O)Nc2ccc(Cl)c(Cl)c2)c2ccccc2n1,-5.4528217,-3.6154697,-4.929899,train
Cc1cc(NC(=O)Nc2ccc(Cl)cc2)c2ccccc2n1,-5.2394104,-3.4464016,-4.8320704,train
Cc1cc(NC(=O)Nc2ccc(F)c(F)c2)c2ccccc2n1,-5.0981045,-3.624897,-4.819883,train
Cc1cc(NC(=O)Nc2ccc(F)cc2)c2ccccc2n1,-5.0573378,-3.5742805,-4.8092246,train
Cc1cc(NC(=O)Nc2ccc(F)cc2C(=O)O)c2ccccc2n1,-6.17148,-5.3907094,-5.174809,train
Cc1cc(NC(=O)Nc2ccc(F)cc2F)c2ccccc2n1,-5.127984,-3.5005271,-4.778915,train
Cc1cc(NC(=O)Nc2ccc(N(C)C)cc2)c2ccccc2n1,-5.497919,-3.8172574,-4.983206,train
Cc1cc(NC(=O)Nc2ccc(N)cc2)c2ccccc2n1,-5.19765,-3.6612663,-4.9078927,train
Cc1cc(NC(=O)Nc2ccc(O)cc2)c2ccccc2n1,-5.647004,-4.9704304,-5.1373825,train
Cc1cc(NC(=O)Nc2ccc(OC(F)(F)F)cc2)c2ccccc2n1,-5.0134277,-3.5104272,-4.788165,train
Cc1cc(NC(=O)Nc2ccc(SC(F)(F)F)cc2)c2ccccc2n1,-5.9513993,-4.0053234,-4.987997,train
Cc1cc(NC(=O)Nc2ccc([N+](=O)[O-])c(C(F)(F)F)c2)c2ccccc2n1,-5.122986,-3.6336653,-4.8864403,train
Cc1cc(NC(=O)Nc2ccc3[nH]cnc3c2)c2ccccc2n1,-5.6659727,-4.299776,-5.122401,train
Cc1cc(NC(=O)Nc2ccc3c(c2)OCO3)c2ccccc2n1,-4.928126,-3.3079376,-4.675732,train
Cc1cc(NC(=O)Nc2cccc(C(N)=O)c2)c2ccccc2n1,-6.519205,-4.974562,-5.4755173,train
Cc1cc(NC(=O)Nc2cccc(OC(F)(F)F)c2)c2ccccc2n1,-5.2110257,-3.5724676,-4.786803,train
Cc1cc(NC(=O)Nc2ccccc2C(C)(C)C)c2ccccc2n1,-5.819524,-3.6060436,-4.8851237,train
Cc1cc(NC(=O)Nc2ccccc2C(F)(F)F)c2ccccc2n1,-5.323844,-3.5134583,-4.788232,train
Cc1cc(NC(=O)Nc2ccccc2F)c2ccccc2n1,-5.17623,-3.4609795,-4.776702,train
Cc1cc(NC(=O)Nc2ccccc2N)c2ccccc2n1,-5.392828,-3.73171,-4.9202476,train
Cc1cc(NC(=O)Nc2ccccc2OC(F)(F)F)c2ccccc2n1,-5.1271687,-3.2881675,-4.719382,train
Cc1cc(NC(=O)Nc2ccccc2[N+](=O)[O-])c2ccccc2n1,-5.1782317,-3.595605,-4.901485,train
Cc1cc(NC(=O)Nc2cccnc2)c2ccccc2n1,-5.137143,-3.8916175,-4.8772883,train
Cc1cc(NC(=O)c2cc([N+](=O)[O-])ccc2Cl)cc(-c2nc3ccccc3o2)c1O,-5.369384,-4.5821424,-5.063814,train
Cc1cc(NCCN(C)C)nc2ccc(NC(=O)c3ccc(Cl)c(Cl)c3)cc12,-5.619588,-5.2269835,-5.4080987,train
Cc1cc(NCCN2CCCC2)nc2ccc(NC(=O)c3ccc(Cl)c(Cl)c3)cc12,-5.8636217,-4.9857554,-5.430346,train
Cc1cc(NCCN2CCCCC2)nc2ccc(NC(=O)c3ccc(Cl)c(Cl)c3)cc12,-5.903402,-4.891703,-5.4206543,train
Cc1cc(NCCN2CCN(C)CC2)nc2ccc(NC(=O)c3ccc(Cl)c(Cl)c3)cc12,-5.4061904,-4.915236,-5.383481,train
Cc1cc(Nc2nc3c(s2)CCCc2n[nH]cc2-3)n[nH]1,-5.1856666,-5.442226,-5.129186,train
Cc1cc(Nc2nccc(-c3sc(C4CCNCC4)nc3-c3ccc(F)cc3)n2)cc(C)n1,-6.577499,-4.9490643,-5.122408,train
Cc1cc(Nc2nccc(-c3sc(C4CCNCC4)nc3-c3ccc(F)cc3)n2)nn1C,-6.491129,-4.710935,-5.1209445,train
Cc1cc(Nc2nccc(-c3sc(C4CCNCC4)nc3C3CC3)n2)ccn1,-5.0993586,-4.695519,-4.774588,train
Cc1cc(Nc2nccc(-c3sc(C4CCNCC4)nc3CN3CCCCC3)n2)ccn1,-5.656122,-5.1527586,-5.133978,train
Cc1cc(OCc2c(-c3c(Cl)c[n+]([O-])cc3Cl)noc2C(C)C)ccc1-c1ccc2c(C(=O)O)cn(C)c2c1,-6.582208,-5.3071046,-5.4229646,train
Cc1cc(OCc2c(-c3c(Cl)cncc3Cl)noc2C(C)C)ccc1-c1ccc2c(C(=O)O)cn(C)c2c1,-6.4664207,-5.559297,-5.3519754,train
Cc1cc(Oc2ccc(OC(F)(F)F)cc2)ccc1-c1ccc2[nH]c3c(c(=O)c2c1)CSCC3,-6.229802,-5.4999084,-5.1920037,train
Cc1cc(S(=O)(=O)Nc2ccncn2)c(F)cc1O[C@H]1CCCC[C@@H]1c1ccnn1C,-4.9197454,-4.9066606,-4.8521366,train
Cc1cc(S(=O)(=O)Nc2ccncn2)c(F)cc1O[C@H]1CCC[C@@H]1c1ccnn1C,-4.9713755,-4.9704275,-4.868963,train
Cc1cc([C@H](C2CCOCC2)n2c3cc(C(C)(C)O)ccc3c3ncc(-c4c(C)nnn4C)cc32)n(C)n1,-6.2959743,-6.66626,-6.195908,train
Cc1cc([C@H](C2CCOCC2)n2c3cc(C(C)(C)O)ccc3c3ncc(-c4c(C)nnn4C)cc32)no1,-6.0060873,-6.4040146,-5.9536514,train
Cc1cc([C@H]2C[C@H]3CC[C@@H]2C3)n(O)c(=O)c1,-4.5465918,-5.321418,-4.7386336,train
Cc1cc2[nH]c3c(c(=O)c2cc1C)CCCC3,-4.7489486,-4.112842,-4.65702,train
Cc1cc2c(=O)c3cccc(Cl)c3oc2cc1N1CCC(C(=O)O)C1,-5.19819,-5.694479,-4.8857937,train
Cc1cc2c(cc1C)-c1oc(C(=O)N3CCN(Cc4ccccc4)CC3)c(C)c1C(=O)C2=O,-5.1351566,-4.627032,-5.06997,train
Cc1cc2c(cc1C)-c1oc(CN3CCN(c4ccc(F)cc4)CC3)c(C)c1C(=O)C2=O,-5.18113,-5.0060234,-5.050503,train
Cc1cc2c(cc1C)-c1oc(CNc3ccc(CN4CCOCC4)cc3)c(C)c1C(=O)C2=O,-5.2252984,-4.8808017,-5.2301645,train
Cc1cc2c(cc1C)-c1oc(CNc3cccc(F)c3)c(C)c1C(=O)C2=O,-5.188652,-4.8070693,-5.0107856,train
Cc1cc2c(cc1C)-c1occ(C)c1C(=O)C2=O,-4.8959,-4.4780755,-4.757609,train
Cc1cc2cc(n1)-c1cnn(C)c1OCCC[C@@H](C)CN1/C(=N/C2=O)Nc2ccc(CN3CCN(C)CC3)cc21,-4.8329425,-5.4994907,-4.8995376,train
Cc1cc2cc(n1)-c1cnn(C)c1OCCC[C@@H](C)CN1/C(=N/C2=O)Nc2ccccc21,-4.605248,-5.7743864,-4.685884,train
Cc1cc2ccc(OCCN3CCN(CCCNc4c5c(nc6ccccc46)CCCC5)CC3)cc2oc1=O,-5.8625293,-5.3249054,-5.367676,train
Cc1cc2ccc1[C@@H](C)COC(=O)Nc1ccc(-c3ccnn3C)c(c1)CN(C)C(=O)[C@@H]2Nc1ccc2c(N)nccc2c1,-6.5034184,-7.603429,-6.845979,train
Cc1cc2ccc1[C@@H](C)COC(=O)Nc1ccc(C(=O)N(C)C)c(c1)CN(C)C(=O)[C@@H]2Nc1ccc2c(N)nccc2c1,-6.547427,-7.763144,-6.9435043,train
Cc1cc2ccc1[C@@H](C)COC(=O)Nc1ccc(C(N)=O)c(c1)CN(C)C(=O)[C@@H]2Nc1ccc2c(N)nccc2c1,-6.689373,-7.359735,-6.8872404,train
Cc1cc2ccc1[C@@H](C)COC(=O)Nc1ccc(C3(C(=O)O)CC3)c(c1)CN(C)C(=O)[C@@H]2Nc1ccc2c(N)ncc(F)c2c1,-6.2719593,-6.931371,-6.3407245,train
Cc1cc2ccc1[C@@H](C)COC(=O)Nc1ccc(C3(C(=O)O)CCC3)c(c1)CN(C)C(=O)[C@@H]2Nc1ccc2c(N)ncc(F)c2c1,-6.522027,-7.275028,-6.606919,train
Cc1cc2ccc1[C@@H](C)COC(=O)Nc1ccc(C3(C(=O)O)CCCC3)c(c1)CN(C)C(=O)[C@@H]2Nc1ccc2c(N)ncc(F)c2c1,-6.5916777,-7.4841022,-6.764736,train
Cc1cc2ccc1[C@@H](C)COC(=O)Nc1ccc(OC(F)(F)F)c(c1)CN(C)C(=O)[C@@H]2Nc1ccc2c(N)nccc2c1,-6.1630325,-6.7479887,-6.3206553,train
Cc1cc2ccc1[C@@H](C)COC(=O)Nc1ccc(S(=O)(=O)C3CC3)c(c1)CN(C)C(=O)[C@@H]2Nc1cc(F)c2c(N)nccc2c1,-6.5218205,-6.902699,-6.342247,train
Cc1cc2ccc1[C@@H](C)COC(=O)Nc1ccc(S(=O)(=O)C3CC3)c(c1)CN(C)C(=O)[C@@H]2Nc1cc2ccnc(N)c2cc1F,-6.5071526,-6.743434,-6.200716,train
Cc1cc2ccc1[C@@H](C)COC(=O)Nc1ccc(S(=O)(=O)C3CC3)c(c1)CN(C)C(=O)[C@@H]2Nc1ccc2c(N)ncc(F)c2c1,-6.387831,-6.497321,-6.019236,train
Cc1cc2ccc1[C@@H](C)COC(=O)Nc1ccc(S(=O)(=O)C3CC3)c(c1)CN(C)C(=O)[C@@H]2Nc1ccc2c(N)nccc2c1,-6.537324,-6.968406,-6.3385205,train
Cc1cc2ccc1[C@@H](C)COC(=O)Nc1cccc(c1)CN(C)C(=O)[C@@H]2Nc1ccc2c(N)nccc2c1,-6.214473,-7.1910725,-6.530532,train
Cc1ccc(-c2ccc(-n3c(Cl)cc4[nH]c(=O)c(C#N)c(O)c43)cc2)cc1,-6.9851913,-8.6423855,-7.4998198,train
Cc1ccc(-c2nc(NCC3CCN(Cc4ccc(F)cc4)CC3)sc2-c2ccc(C)cc2)cc1,-5.4026103,-4.876408,-5.044629,train
Cc1ccc(-c2nc(NCC3CCN(Cc4ccccc4C(F)(F)F)CC3)sc2-c2ccc(C)cc2)cc1,-5.589607,-5.19206,-5.058638,train
Cc1ccc(-c2nc(NCC3CCN(Cc4ccccc4C)CC3)sc2-c2ccc(C)cc2)cc1,-5.3143806,-4.7735476,-5.0162587,train
Cc1ccc(-c2nc3ccccc3s2)cc1NC(=O)c1cc([N+](=O)[O-])c(N(C)C)cc1Cl,-6.0421853,-4.3794985,-5.1163735,train
Cc1ccc(-c2nc3ccccc3s2)cc1NC(=O)c1cc([N+](=O)[O-])c(N2CCC(C(=O)O)CC2)cc1Cl,-6.5086975,-5.1022825,-5.327453,train
Cc1ccc(-c2nc3ccccc3s2)cc1NC(=O)c1cc([N+](=O)[O-])c(N2CCN(C)CC2)cc1Cl,-6.4263687,-4.4811387,-5.2404885,train
Cc1ccc(-c2nc3ccccc3s2)cc1NC(=O)c1cc([N+](=O)[O-])c(N2CCNCC2)cc1Cl,-6.625271,-4.427123,-5.312727,train
Cc1ccc(-c2nc3ccccc3s2)cc1NC(=O)c1cc([N+](=O)[O-])ccc1Cl,-6.264949,-4.168443,-5.05794,train
Cc1ccc(-c2nc3ccccc3s2)cc1NC(=O)c1cnccc1Cl,-5.8687487,-3.8485029,-4.8479385,train
Cc1ccc(-n2c(C)cc(-c3nnc4n3CCCCC4)c2C)cc1,-4.427794,-2.966617,-4.4382186,train
Cc1ccc(/C(=C(\CCCO)c2ccccc2)c2ccc(N3CCN(C(C)C)CC3)cc2)cc1,-6.6490283,-5.525597,-6.159504,train
Cc1ccc(/C(=C(\CCCO)c2ccccc2)c2ccc(N3CCN(C)CC3)cc2)cc1,-6.9007998,-5.28738,-6.124421,train
Cc1ccc(/C(=C(\CCCO)c2ccccc2)c2ccc(N3CCNCC3)cc2)cc1,-7.410063,-5.886541,-6.716183,train
Cc1ccc(C(=O)N2CCC(=CC(=O)N[C@@H]3CCN(Cc4ccc5cc(F)ccc5c4)C3)CC2)c(O)c1,-4.9269094,-4.63675,-4.9346795,train
Cc1ccc(C(=O)Nc2cc(-c3cc4c([nH]3)C3(CCCNC3)CNC4=O)ccn2)cc1C,-6.9449954,-7.802734,-7.293284,train
Cc1ccc(C(=O)Nc2cc(-c3cc4c([nH]3)C3(CCNC3)CNC4=O)ccn2)cc1C,-6.9534855,-8.102205,-7.4442215,train
Cc1ccc(C(=O)Nc2ccc([N+](=O)[O-])cc2Cl)c(O)c1,-4.94905,-4.219038,-4.8042674,train
Cc1ccc(C(C)C)c(OC(C)c2nc(N)nc(N3CCN(C)CC3)n2)c1,-4.772431,-4.116221,-4.705865,train
Cc1ccc(C)c(CCNC(=O)C(=O)N[C@@H](C)C(=O)N[C@@H](CC(=O)O)C(=O)COc2c(F)c(F)cc(F)c2F)c1,-4.777586,-5.440519,-5.004155,train
Cc1ccc(C)c(CNC(=O)C(=O)N[C@@H](C)C(=O)N[C@@H](CC(=O)O)C(=O)COc2c(F)c(F)cc(F)c2F)c1,-4.7460213,-5.5273404,-4.9955106,train
Cc1ccc(C)c(Oc2ccc3nc(COc4cccc(C(=O)O)c4)n(C)c3c2)n1,-4.772624,-4.8609414,-4.6264906,train
Cc1ccc(C2CC(N(Cc3ccc(Br)c(Cl)c3)C3CC4CNC3C4)C2)cc1,-5.163395,-3.764092,-4.866155,train
Cc1ccc(C2CC(N(Cc3ccc(Br)c(Cl)c3)C3CCC(N)CC3)C2)cc1,-5.2108274,-3.9893246,-4.994198,train
Cc1ccc(C2CC(N(Cc3ccc(Br)c(Cl)c3)C3CCCNCC3)C2)cc1,-4.9556985,-3.5573578,-4.8407183,train
Cc1ccc(C2CC(N(Cc3ccc(Br)c(Cl)c3)C3CCN(C(C)C)CC3)C2)cc1,-4.882629,-4.0460644,-4.8157415,train
Cc1ccc(C2CC(N(Cc3ccc(Br)c(Cl)c3)C3CCNCC3)C2)cc1,-4.9937406,-3.5878313,-4.8557854,train
Cc1ccc(C2CCN(C(=O)N[C@H](Cc3cc(C)c4[nH]ncc4c3)C(=O)N3CCC(N4CCCCC4)CC3)CC2)c(Cl)c1,-6.389363,-7.0588036,-6.792584,train
Cc1ccc(CCNC(=O)C(=O)N[C@@H](C)C(=O)N[C@@H](CC(=O)O)C(=O)COc2c(F)c(F)cc(F)c2F)cc1C,-4.786317,-5.4486036,-5.026051,train
Cc1ccc(CN(C)C[C@H]2Cc3c(cccc3N3CCNCC3)CN2)nc1,-5.832105,-6.6573367,-5.9963965,train
Cc1ccc(CNC(=O)C(=O)N[C@@H](C)C(=O)N[C@@H](CC(=O)O)C(=O)COc2c(F)c(F)cc(F)c2F)c(C)c1,-4.741512,-5.4756546,-4.984577,train
Cc1ccc(CNC(=O)C(=O)N[C@@H](C)C(=O)N[C@@H](CC(=O)O)C(=O)COc2c(F)c(F)cc(F)c2F)cc1,-4.734402,-5.667129,-4.99378,train
Cc1ccc(CNC(=O)C(=O)N[C@@H](C)C(=O)N[C@@H](CC(=O)O)C(=O)COc2c(F)c(F)cc(F)c2F)cc1C,-4.769608,-5.5363464,-5.0350757,train
Cc1ccc(CNC(=O)c2cc(Cl)ccc2O)cc1,-4.518606,-4.598441,-4.6272335,train
Cc1ccc(CNS(=O)(=O)/C=C/c2ccc(O)c(O)c2)cc1,-4.780927,-5.26633,-4.7973533,train
Cc1ccc(Cc2nc(C(=O)O)c(O)c(=O)[nH]2)cc1,-6.5305057,-6.6055236,-5.693119,train
Cc1ccc(NC(=O)NC2CCN(Cc3ccccc3)CC2)cc1Cl,-4.809876,-2.973867,-4.754965,train
Cc1ccc(NC(=O)Nc2cc(C)nc3ccccc23)cc1,-4.9709,-3.4135494,-4.761435,train
Cc1ccc(NC(=O)[C@@H](CCC2CC2)NC(=O)c2[nH]c3c(c2C)C(=O)CC(C)(C)C3)cn1,-4.9716005,-5.2367764,-5.026055,train
Cc1ccc(NC(=O)c2cc(Cl)ccc2O)cc1,-4.668215,-4.29412,-4.6519732,train
Cc1ccc(Nc2nc3c(s2)CCCc2n[nH]cc2-3)nc1,-4.93522,-5.64418,-4.9401703,train
Cc1ccc(Nc2nc3c(s2)CCCc2n[nH]cc2-3)nn1,-5.3285694,-5.489064,-4.9955316,train
Cc1ccc(O)c(C(=O)Nc2ccc([N+](=O)[O-])cc2Cl)c1,-4.9369164,-4.3036547,-4.8424263,train
Cc1ccc(O)c(C)c1,-4.5026493,-4.778105,-4.499514,train
Cc1ccc(Oc2cc(-c3nn(-c4nc(C(=O)O)cs4)c(CC4CC4)c3Cc3ccc(S(N)(=O)=O)c(F)c3)ccc2F)cc1,-6.2888026,-5.1321387,-5.265187,train
Cc1ccc(Oc2ccc3nc(COc4cccc(C(=O)O)c4)n(C)c3c2)nc1,-4.6689343,-5.0796046,-4.6532164,train
Cc1ccc(Oc2ccc3nc(COc4cccc(C(=O)O)c4)n(C)c3c2)nc1C,-4.7547517,-4.8346887,-4.649442,train
Cc1ccc(Oc2ccc3nc(COc4cccc(C(=O)O)c4)n(C)c3n2)c(C)c1,-4.708973,-4.774149,-4.655022,train
Cc1ccc(Oc2ccc3nc(COc4cccc(C(=O)O)c4)n(C)c3n2)cc1C,-4.711485,-4.671904,-4.6350017,train
Cc1ccc(Oc2ccc3nc(COc4cccc(C(=O)O)c4)n(C)c3n2)cc1F,-4.7343683,-4.7536573,-4.629193,train
Cc1ccc(S(=O)(=O)Cc2nc(-c3ccc(C(=O)NCc4cccnc4)cc3)oc2C)cc1,-6.113438,-4.8239574,-5.1472816,train
Cc1ccc(S(=O)(=O)N[C@@H](CC(=O)NC(C)(C)C)C(=O)NCCNC(=O)c2ccccc2)cc1,-5.2119026,-6.545349,-5.578218,train
Cc1ccc(S(=O)(=O)N[C@@H](CC(=O)NC(C)(C)C)C(=O)NCCNC(=O)c2ccccc2F)cc1,-5.079999,-6.324774,-5.421459,train
Cc1ccc(S(=O)(=O)Nc2ccc(-c3cccc(N(C)C)c3)nn2)cc1,-5.44758,-4.3047323,-4.8944836,train
Cc1ccc(S(=O)(=O)Nc2ccc(-c3cccc4c3N(C)CC4)nn2)cc1,-5.238916,-4.262033,-4.7861133,train
Cc1ccc(S(=O)(=O)Nc2ccc(-c3cccc4cccnc34)nn2)cc1,-5.0860596,-4.348473,-4.7391615,train
Cc1ccc(S(=O)(=O)Nc2ccc(-c3cccc4ccn(C)c34)nn2)cc1,-5.0322795,-4.0555587,-4.710305,train
Cc1ccc(S(=O)(=O)Nc2ccc(-c3cccc4ccncc34)nn2)cc1,-5.079669,-4.518469,-4.789732,train
Cc1ccc(S(=O)(=O)Nc2ccc(-c3ccccc3N(C)C)nn2)cc1,-5.069016,-4.3053923,-4.7544246,train
Cc1ccc(S(=O)(=O)Nc2ccc(-c3ccccc3N3CCCCC3)nn2)cc1,-5.4511642,-4.548379,-4.886334,train
Cc1ccc(S(=O)(=O)Nc2ccc(-c3ccccc3N3CCOCC3)nn2)cc1,-5.21307,-4.8206367,-4.86118,train
Cc1ccc(Sc2cc(=O)n(O)c(=O)[nH]2)cc1,-6.155463,-5.8276134,-5.4597383,train
Cc1ccc2[nH]c(C)c(Br)c(=O)c2c1,-4.608751,-4.1923895,-4.568499,train
Cc1ccc2[nH]c3c(c(=O)c2c1)CC(C)(C)CC3,-4.697574,-3.9706573,-4.6208215,train
Cc1ccc2[nH]c3c(c(=O)c2c1)CCC(C)(C)C3,-4.5956144,-3.979852,-4.56791,train
Cc1ccc2[nH]c3c(c(=O)c2c1)CCCC3,-4.6238947,-4.374227,-4.5485787,train
Cc1ccc2c(=O)c3c([nH]c2c1)CC(C)(C)CC3,-4.555257,-4.0507603,-4.553914,train
Cc1ccc2c(=O)c3c([nH]c2c1)CCC(C)(C)C3,-4.651107,-4.0310616,-4.602291,train
Cc1ccc2c(=O)c3c([nH]c2c1C)CCCC3,-4.531464,-4.2630916,-4.477162,train
Cc1ccc2c(=O)n(C(c3ccccc3)c3ccccc3)c(=O)n(C/C=C/COc3ccc(C(=O)O)cc3)c2c1,-5.0377417,-5.6810784,-5.2426486,train
Cc1ccc2c(NCc3ccc(NC(=O)c4ccc(F)cc4)cc3)nc(N(C)C)nc2c1,-5.0032735,-5.808141,-5.251602,train
Cc1ccc2c(NCc3ccc(NC(=O)c4ccc(F)cc4)cc3)nc(N3CCC3)nc2c1,-4.746516,-5.932314,-5.104403,train
Cc1ccc2c(NCc3ccc(NC(=O)c4ccc(F)cc4)cc3)nc(N3CCCC3)nc2c1,-4.7788043,-6.074382,-5.1568246,train
Cc1ccc2c(NCc3ccc(NC(=O)c4ccc(F)cc4)cc3)nc(N3CCCCC3)nc2c1,-4.781058,-5.8588223,-5.1234508,train
Cc1ccc2c(NCc3ccc(NC(=O)c4ccc(F)cc4)cc3)nc(N3CCN(C)CC3)nc2c1,-5.009154,-5.6676326,-5.264773,train
Cc1ccc2c(NCc3ccc(NC(=O)c4ccc(F)cc4)cc3)nc(N3CCNC(C)(C)C3)nc2c1,-5.5544033,-6.8325477,-6.109461,train
Cc1ccc2c(NCc3ccc(NC(=O)c4ccc(F)cc4)cc3)nc(N3CCNCC3)nc2c1,-5.792566,-6.553489,-6.1269655,train
Cc1ccc2c(NCc3ccc(NC(=O)c4ccc(F)cc4)cc3)nc(N3CCN[C@H](C)C3)nc2c1,-5.3507323,-6.034978,-5.597065,train
Cc1ccc2ccc(CNCCCCCCCCNc3c4c(nc5ccccc35)CCCC4)c(O)c2n1,-6.148537,-4.8325086,-5.232192,train
Cc1ccc2nc(Cl)c(/C=[N+](\[O-])C(C)(C)C)cc2c1,-4.981157,-4.820396,-4.9680676,train
Cc1ccc2nc(N3CCCc4ccc(F)cc4C3)cc(NCC3(N)COC3)c2c1,-4.8880043,-5.852044,-5.2345114,train
Cc1ccc2nc(N3CCCc4ccc(F)cc4C3)cc(NCCO)c2c1,-4.92204,-5.6793776,-4.8981953,train
Cc1ccc2nc(N3CCS(=O)(=O)c4ccccc4C3)cc(NCCN)c2c1,-5.531337,-6.1758194,-5.0416365,train
Cc1cccc(-n2cnc3cc(C(=O)N4CCCC(C)(C)C4)ccc32)c1,-4.3322525,-3.346718,-4.523603,train
Cc1cccc(-n2cnc3cc(C(=O)N4CCCCC4)ccc32)c1,-4.407062,-3.2404118,-4.552804,train
Cc1cccc(C)c1Oc1ccc(C(C)(C)O)cc1-c1cn(C)c(=O)c2[nH]c(C(=O)NC(C)(C)C)cc12,-5.5482197,-5.7571273,-5.5435305,train
Cc1cccc(C2CC(N(Cc3ccc(Br)c(Cl)c3)C3CCNCC3)C2)c1,-5.044351,-3.6881378,-4.8965197,train
Cc1cccc(CCNC(=O)C(=O)N[C@@H](C)C(=O)N[C@@H](CC(=O)O)C(=O)COc2c(F)c(F)cc(F)c2F)c1,-4.766621,-5.5073,-5.006836,train
Cc1cccc(CNC(=O)C(=O)N[C@@H](C)C(=O)N[C@@H](CC(=O)O)C(=O)COc2c(F)c(F)cc(F)c2F)c1,-4.7789288,-5.684279,-5.0615883,train
Cc1cccc(CNC(=O)C(=O)N[C@@H](C)C(=O)N[C@@H](CC(=O)O)C(=O)COc2c(F)c(F)cc(F)c2F)c1C,-4.76734,-5.5270786,-5.037999,train
Cc1cccc(CNC(=O)c2cc(Cl)ccc2O)c1,-4.5359335,-4.588809,-4.678339,train
Cc1cccc(Cl)c1C(=O)N[C@@H](Cc1ccc(-c2c(C)n(C)c(=O)n(C)c2=O)cc1)C(=O)O[C@H]1CO[C@H]2[C@@H]1OC[C@@H]2O,-5.809787,-6.0065517,-5.861323,train
Cc1cccc(Cl)c1Nc1nc2cc(C(=O)Nc3cc(C(F)(F)F)ccc3F)c3c(c2[nH]1)CC(C)(C)O3,-6.58478,-6.3268223,-6.1186943,train
Cc1cccc(NC(=O)Nc2cc(C)nc3ccccc23)c1,-5.0056763,-3.5325928,-4.7701063,train
Cc1cccc(NC(=O)c2cc(Cl)ccc2O)c1C,-4.692005,-4.3526044,-4.6710796,train
Cc1cccc(Nc2nc3c(s2)CCCc2n[nH]cc2-3)n1,-5.047895,-5.777988,-5.0583854,train
Cc1cccc(Oc2ccc3nc(COc4cccc(C(=O)O)c4)n(C)c3c2)n1,-4.7435565,-4.9950013,-4.618133,train
Cc1cccc(S(=O)(=O)Nc2ccc(-c3cccc(Cl)c3)nn2)c1,-5.454054,-4.248804,-4.8682795,train
Cc1cccc2[nH]c3c(c(=O)c12)CC(C)(C)CC3,-4.672665,-4.0909357,-4.6045256,train
Cc1cccc2[nH]c3c(c(=O)c12)CCC(C)(C)C3,-4.580977,-4.1216364,-4.562215,train
Cc1cccc2c(=O)c3c([nH]c12)CC(C)(C)CC3,-4.5642576,-3.9228694,-4.515071,train
Cc1cccc2c(=O)c3c([nH]c12)CCC(C)(C)C3,-4.677064,-3.9596958,-4.5644937,train
Cc1cccc2c(=O)c3c([nH]c12)CCCC3,-4.5677195,-4.397731,-4.4751763,train
Cc1cccc2c1CN(C(=O)c1cc(S(C)(=O)=O)ccc1O[C@@H](C)C(F)(F)F)C2,-5.389669,-5.0852766,-4.798717,train
Cc1ccccc1CCNC(=O)C(=O)N[C@@H](C)C(=O)N[C@@H](CC(=O)O)C(=O)COc1c(F)c(F)cc(F)c1F,-4.77552,-5.546238,-5.0089393,train
Cc1ccccc1CN1CCC(CNc2nc(-c3ccc(Cl)cc3)c(-c3ccc(Cl)cc3)s2)CC1,-6.106252,-5.0893335,-5.377588,train
Cc1ccccc1CN1CCC(NC(=O)Nc2cccc(C(F)(F)F)c2)CC1,-4.5443935,-2.749244,-4.591699,train
Cc1ccccc1O,-4.548295,-4.990161,-4.4701195,train
Cc1cccnc1CN(C)C[C@H]1Cc2c(cccc2N2CCNCC2)CN1,-5.913349,-6.532797,-6.0461783,train
Cc1cccnc1Nc1nc2c(s1)CCCc1n[nH]cc1-2,-5.151148,-5.548742,-4.990927,train
Cc1cccnc1Oc1ccc2nc(COc3cccc(C(=O)O)c3)n(C)c2c1,-4.7765126,-4.9407206,-4.6419606,train
Cc1ccn(CC(=O)NCc2cccc(-n3nc(C(C)(C)C)cc3NC(=O)Nc3ccccc3)c2)n1,-6.3431325,-5.17772,-5.6975675,train
Cc1ccnc(Nc2nc(-c3cn[nH]c3)c(C)s2)n1,-4.8911357,-5.1047497,-5.000456,train
Cc1ccnc(Nc2nc3c(s2)CCCc2n[nH]cc2-3)n1,-4.9972897,-5.6594296,-5.0777125,train
Cc1ccnc(Nc2nc3c(s2)CCc2n[nH]cc2-3)c1,-4.936947,-5.5060897,-5.044723,train
Cc1ccnc(Oc2ccc3nc(COc4cccc(C(=O)O)c4)n(C)c3c2)c1,-4.7341976,-4.932649,-4.6603765,train
Cc1ccncc1C(=O)N1CC(Oc2cncc(N3C(=O)c4ccc(Cl)cc4C3(C)C)c2)C1,-4.7812557,-5.1389313,-4.8853755,train
Cc1ccoc1C(=O)N1CCCC(c2cc3ncccc3[nH]2)C1,-5.8366766,-5.5737624,-5.1559124,train
Cc1ccoc1C(=O)Nc1cccc(C2(C3CCCCC3)N=C(N)N(C)C2=O)c1,-6.040898,-5.0233927,-5.1734605,train
Cc1cn2c(C)c([C@H](OC(C)(C)C)C(=O)O)c(N3CCC(C)(C)CC3)c(-c3ccc(OCCc4ccc(F)cc4)cc3)c2n1,-5.363562,-6.1294355,-5.655045,train
Cc1cnc(C(C)Nc2cc(=O)n(C)c3ccc(Nc4ccnc(Cl)c4C#N)cc23)nc1,-6.420021,-5.189716,-5.2593274,train
Cc1cnc(NC(=O)NC23CC4CC(CC(C4)C2)C3)s1,-7.8014374,-4.1425605,-4.9869976,train
Cc1cnc(Oc2ccc3nc(COc4cccc(C(=O)O)c4)n(C)c3c2)c(C)c1,-4.758632,-4.9786663,-4.7065635,train
Cc1cnc(Oc2ccc3nc(COc4cccc(C(=O)O)c4)n(C)c3c2)c(F)c1,-4.743753,-5.0067334,-4.685498,train
Cc1cnc2c(c1)CCC[C@@H]2N(C)C[C@H]1Cc2c(cccc2N2CCNCC2)CN1,-6.4716034,-7.5246515,-6.927913,train
Cc1cnc2nc1-c1cccc(c1)COCC=CCOCc1cc(ccc1OCCN1CCCC1)N2,-5.031358,-4.8783345,-4.833855,train
Cc1csc(NC(=O)NC2C3CC4CC(C3)CC2C4)n1,-7.223002,-3.4491515,-4.741666,train
Cc1nc(-c2ccc(S(C)(=O)=O)c([N+](=O)[O-])c2)sc1C(=O)N1CCC(C)CC1,-5.0487404,-3.2115061,-4.6902056,train
Cc1nc(C)c(C(=O)N2CCCC(c3cc4ncccc4[nH]3)C2)o1,-5.8817105,-5.6217523,-5.1930437,train
Cc1nc(C)c(C(=O)N2CCCC(c3cc4ncccc4[nH]3)C2)s1,-5.801711,-5.2887692,-5.1295505,train
Cc1nc(C)c(C(=O)N2CCCCC2(C)c2nc(C(=O)NCc3ccc(F)cc3)c(O)c(=O)[nH]2)s1,-5.1909847,-4.8253913,-4.922968,train
Cc1nc(C)c(C(=O)N2CCCCC2c2nc(C(=O)NCc3ccc(F)cc3)c(O)c(=O)[nH]2)s1,-5.2053833,-4.923991,-4.9477415,train
Cc1nc(N)c2ncn([C@@H]3O[C@H](CN(C)C/C=C\CN)[C@@H](O)[C@H]3O)c2n1,-6.4059806,-6.491761,-6.265896,train
Cc1nc(Nc2ncc(C(=O)Nc3c(C)cccc3Cl)s2)cc(N2CCN(CCO)CC2)n1,-6.5560837,-6.576052,-6.7415123,train
Cc1nc(Nc2ncc(C(=O)Nc3c(C)cccc3Cl)s2)cc(N2CCN(CCOCCOCCN)CC2)n1,-6.572004,-7.127784,-6.963978,train
Cc1nc(Nc2ncc(C(=O)Nc3c(C)cccc3Cl)s2)cc(N2CCN(CCOCCOCCNC(=O)C3C(C(=O)O)C(C(=O)O)C3C(=O)O)CC2)n1,-7.0565896,-7.9106817,-7.4391766,train
Cc1nc(Nc2ncc(C(=O)Nc3c(C)cccc3Cl)s2)cc(N2CCN(CCOCCOCCNC(=O)CS(=O)(=O)O)CC2)n1,-8.540906,-7.6283293,-7.5769877,train
Cc1nc(Nc2ncc(C(=O)Nc3c(C)cccc3Cl)s2)cc(N2CCN(CCOCCOCCNC(=O)OC(C)(C)C)CC2)n1,-6.226298,-7.1050673,-6.6674204,train
Cc1nc(Nc2ncc(C(=O)Nc3c(C)cccc3Cl)s2)cc(N2CCNCC2)n1,-6.8722334,-6.6483927,-6.897094,train
Cc1nc(Nc2nccc(-c3sc(C4CCNCC4)nc3-c3ccc(F)cc3)n2)ccc1F,-6.063423,-4.3965383,-4.9980383,train
Cc1nc(Oc2ccc(C(=O)O)cc2)ccc1CN1CCC(N2C(=O)N(C3CCOCC3)C[C@H]2c2ccccc2)CC1,-4.8363104,-5.2265286,-4.890541,train
Cc1nc([C@@H]2O[C@H](CO)[C@H](O)[C@H](n3cc(-c4cc(F)c(F)c(F)c4)nn3)[C@H]2O)n(-c2cc(Cl)cc(Cl)c2)n1,-6.5185184,-6.515748,-6.2377377,train
Cc1nc([C@@H]2O[C@H](CO)[C@H](O)[C@H](n3cc(-c4cc(F)c(F)c(F)c4)nn3)[C@H]2O)n(-c2cc(Cl)ccc2Br)n1,-6.5147285,-6.5462117,-6.214407,train
Cc1nc([C@@H]2O[C@H](CO)[C@H](O)[C@H](n3cc(-c4cc(F)c(F)c(F)c4)nn3)[C@H]2O)n(-c2cc(Cl)ccc2C(F)(F)F)n1,-6.537746,-6.5756707,-6.187905,train
Cc1nc([C@@H]2O[C@H](CO)[C@H](O)[C@H](n3cc(-c4cc(F)c(F)c(F)c4)nn3)[C@H]2O)n(-c2cc(Cl)ccc2C)n1,-6.5144043,-6.61447,-6.2490106,train
Cc1nc([C@@H]2O[C@H](CO)[C@H](O)[C@H](n3cc(-c4cc(F)c(F)c(F)c4)nn3)[C@H]2O)n(-c2cc(Cl)ccc2Cl)n1,-6.5097713,-6.4762053,-6.1863527,train
Cc1nc([C@@H]2O[C@H](CO)[C@H](O)[C@H](n3cc(-c4cc(F)c(F)c(F)c4)nn3)[C@H]2O)n(-c2cc(Cl)ccc2F)n1,-6.5401373,-6.63181,-6.2600694,train
Cc1nc([C@@H]2O[C@H](CO)[C@H](O)[C@H](n3cc(-c4cc(F)c(F)c(F)c4)nn3)[C@H]2O)n(-c2ccc(Cl)c(Cl)c2)n1,-6.5452976,-6.575216,-6.272692,train
Cc1nc([C@@H]2O[C@H](CO)[C@H](O)[C@H](n3cc(-c4cc(F)c(F)c(F)c4)nn3)[C@H]2O)n(-c2cccc(Cl)c2Cl)n1,-6.5438843,-6.6503963,-6.290704,train
Cc1nc2c(-c3ccc4c(c3)CCN(Cc3c(C)cccc3Cl)C4)c(N3CCC(C)(C)CC3)c([C@H](OC(C)(C)C)C(=O)O)c(C)n2n1,-5.6907,-6.468962,-6.117371,train
Cc1nc2c(-c3ccc4c(c3)CCN(c3ncnc5c3oc3ccccc35)C4)c(N3CCC(C)(C)CC3)c([C@H](OC(C)(C)C)C(=O)O)c(C)n2n1,-5.599213,-6.2285113,-5.8199744,train
Cc1nc2cc(-c3ccc(OCc4ccccc4)cc3)nn2c(-c2cc(F)c3c(c2C)CCCO3)c1C(OC(C)(C)C)C(=O)O,-5.53744,-6.231467,-5.83551,train
Cc1nc2cc(-c3cccc(-c4ccccc4)c3)nn2c(-c2cc(F)c3c(c2C)CCCO3)c1C(OC(C)(C)C)C(=O)O,-5.588015,-6.417731,-6.03109,train
Cc1nc2cc(-c3cccc(-c4ccccc4)c3)nn2c(-c2cc(F)c3c(c2C)CCCO3)c1[C@H](OC(C)(C)C)C(=O)O,-5.3659678,-6.124606,-5.7700014,train
Cc1nc2cc(-c3cccc(-c4ccccc4F)c3)nn2c(-c2cc(F)c3c(c2C)CCCO3)c1[C@H](OC(C)(C)C)C(=O)O,-5.379402,-6.1593738,-5.7962456,train
Cc1nc2cc(-c3cccc(OCc4ccccc4)c3)nn2c(-c2cc(F)c3c(c2C)CCCO3)c1C(OC(C)(C)C)C(=O)O,-5.5667343,-6.204162,-5.797721,train
Cc1nc2cc(-c3cccc(OCc4ccccc4)c3)nn2c(N2CCC(C)(C)CC2)c1C(OC(C)(C)C)C(=O)O,-5.4067783,-6.1456027,-5.6366687,train
Cc1nc2cc(-c3cccc(Oc4ccccc4)c3)nn2c(-c2cc(F)c3c(c2C)CCCO3)c1C(OC(C)(C)C)C(=O)O,-5.495753,-6.1935563,-5.765051,train
Cc1nc2cc(-c3ccccc3)nn2c(-c2cc(F)c3c(c2C)CCCO3)c1C(OC(C)(C)C)C(=O)O,-5.282692,-6.2319098,-5.738205,train
Cc1nc2cc(-c3ccccc3)nn2c(N2CCC(C)(C)CC2)c1C(OC(C)(C)C)C(=O)O,-5.147733,-6.12598,-5.5746303,train
Cc1nc2ccc(Cl)cc2c(-c2ccccc2)c1C(=O)O,-5.557902,-5.7152853,-5.0167356,train
Cc1nc2ccccc2c(OCc2ccccc2)c1Br,-4.8728228,-3.7835596,-4.595488,train
Cc1nc2ccccc2n1Cc1ccc(C(=O)N2CC[C@H](N3CCCC3)C2)cc1,-4.9211116,-6.089964,-5.077517,train
Cc1nc2nc(C(=O)N3CCCC3)cn2c(-c2ccc(Cl)cc2Cl)c1CN,-5.5735755,-6.2332306,-5.9359202,train
Cc1nc2nc(C(=O)N3CCOCC3)cn2c(-c2ccc(Cl)cc2Cl)c1CN,-5.750537,-6.4733834,-6.1046853,train
Cc1ncc(CO)c(/C=N/NC(=O)CC[C@@H](C)[C@H]2CC[C@H]3[C@@H]4[C@H](O)C[C@@H]5C[C@H](O)CC[C@]5(C)[C@H]4C[C@H](O)[C@]23C)c1O,-6.0464687,-5.289768,-6.159658,train
Cc1ncc(CO)c(/C=N/Nc2nncc3ccccc23)c1O,-5.0070477,-5.074715,-4.915105,train
Cc1ncc2c(n1)CCN(C(=O)c1cc(C(C)C)c(O)cc1O)C2,-5.017262,-4.439,-4.716421,train
Cc1ncc2c(n1)CN(C(=O)c1cc(C(C)C)c(O)cc1O)C2,-5.0104504,-4.4636784,-4.7036476,train
Cc1ncn2c1Cn1ncnc1-c1cc(Br)ccc1-2,-4.978413,-5.280434,-4.830808,train
Cc1ncn2c1Cn1ncnc1-c1cc(Cl)ccc1-2,-4.7999015,-5.2982564,-4.7422686,train
Cc1ncsc1-c1ccc(CNC(=O)[C@@H]2C[C@@H](O)CN2C(=O)[C@@H](NC(=O)C2(F)CC2)C(C)(C)C)cc1,-6.105916,-7.768181,-6.5688925,train
Cc1ncsc1-c1ccc(CNC(=O)[C@@H]2C[C@@H](O)CN2C(=O)[C@@H](NC(=O)C2CC2)C(C)(C)C)cc1,-6.344554,-8.103572,-6.8672442,train
Cc1ncsc1-c1ccc(CNC(=O)[C@@H]2C[C@@H](O)CN2C(=O)[C@@H](NC(=O)C2CCC2)C(C)(C)C)cc1,-6.3475957,-8.031125,-6.843272,train
Cc1ncsc1-c1ccc(CNC(=O)[C@@H]2C[C@@H](O)CN2C(=O)[C@@H](NC(=O)CCOCCOCCOCCNC(=O)Cc2ccccc2)C(C)(C)C)cc1,-6.1302953,-7.3592033,-6.618526,train
Cc1ncsc1-c1ccc(CNC(=O)[C@@H]2C[C@@H](O)CN2C(=O)[C@@H](NC(=O)CO)C(C)(C)C)cc1,-6.3137746,-8.223307,-6.8694773,train
Cc1ncsc1-c1ccc(CNC(=O)[C@@H]2C[C@@H](O)CN2C(=O)[C@@H](NC(=O)COCC(F)(F)C(F)(F)C(F)(F)COCCCOc2ccc(N3C(=S)N(c4ccc(C#N)c(C(F)(F)F)c4)C(=O)C3(C)C)cc2)C(C)(C)C)cc1,-5.9920077,-6.319958,-5.946215,train
Cc1ncsc1-c1ccc(CNC(=O)[C@@H]2C[C@@H](O)CN2C(=O)[C@@H](NC(=O)COCC(F)(F)COc2ccc(-c3ccc(N4C(=S)N(c5ccc(C#N)c(C(F)(F)F)c5)C(=O)C4(C)C)cc3)cc2)C(C)(C)C)cc1,-5.807744,-6.0934515,-5.8380494,train
Cc1ncsc1-c1ccc(CNC(=O)[C@@H]2C[C@@H](O)CN2C(=O)[C@@H](NC(=O)COCCCCCOCCNC(=O)C[C@@H]2N=C(c3ccc(Cl)cc3)c3c(sc(C)c3C)-n3c(C)nnc32)C(C)(C)C)cc1,-6.2036834,-7.07481,-6.519596,train
Cc1ncsc1-c1ccc(CNC(=O)[C@@H]2C[C@@H](O)CN2C(=O)[C@@H](NC(=O)COCCCCCOc2ccc(C(=O)N[C@H]3C(C)(C)[C@H](Oc4ccc(C#N)c(C(F)(F)F)c4)C3(C)C)cc2)C(C)(C)C)cc1,-5.750322,-6.3614383,-6.038298,train
Cc1ncsc1-c1ccc(CNC(=O)[C@@H]2C[C@@H](O)CN2C(=O)[C@@H](NC(=O)COCCCOCCCCCOc2ccc(N3C(=S)N(c4ccc(C#N)c(C(F)(F)F)c4)C(=O)C3(C)C)cc2)C(C)(C)C)cc1,-5.7935677,-6.354175,-5.982238,train
Cc1ncsc1-c1ccc(CNC(=O)[C@@H]2C[C@@H](O)CN2C(=O)[C@@H](NC(=O)COCCCOCCCCOc2ccc(N3C(=S)N(c4ccc(C#N)c(C(F)(F)F)c4)C(=O)C3(C)C)cc2)C(C)(C)C)cc1,-5.741035,-6.256183,-5.907766,train
Cc1ncsc1-c1ccc(CNC(=O)[C@@H]2C[C@@H](O)CN2C(=O)[C@@H](NC(=O)COCCCOCCNC(=O)C[C@@H]2N=C(c3ccc(Cl)cc3)c3c(sc(C)c3C)-n3c(C)nnc32)C(C)(C)C)cc1,-6.227977,-7.111847,-6.5085483,train
Cc1ncsc1-c1ccc(CNC(=O)[C@@H]2C[C@@H](O)CN2C(=O)[C@@H](NC(=O)COCCCOc2ccc(-c3ccc(N4C(=S)N(c5ccc(C#N)c(C(F)(F)F)c5)C(=O)C4(C)C)cc3)cc2)C(C)(C)C)cc1,-5.8112073,-6.1575074,-5.879675,train
Cc1ncsc1-c1ccc(CNC(=O)[C@@H]2C[C@@H](O)CN2C(=O)[C@@H](NC(=O)COCCOCCNC(=O)C[C@@H]2N=C(c3ccc(Cl)cc3)c3c(sc(C)c3C)-n3c(C)nnc32)C(C)(C)C)cc1,-6.210449,-7.102614,-6.4848056,train
Cc1ncsc1-c1ccc(CNC(=O)[C@@H]2C[C@@H](O)CN2C(=O)[C@@H](NC(=O)COCCOCCOCCNC(=O)C[C@@H]2N=C(c3ccc(Cl)cc3)c3c(sc(C)c3C)-n3c(C)nnc32)C(C)(C)C)cc1,-6.201539,-7.1470156,-6.5303326,train
Cc1ncsc1-c1ccc(CNC(=O)[C@@H]2C[C@@H](O)CN2C(=O)[C@@H](NC(=O)COCCOCCOCCOC(=O)C[C@@H]2N=C(c3ccc(Cl)cc3)c3c(sc(C)c3C)-n3c(C)nnc32)C(C)(C)C)cc1,-5.980545,-6.7764435,-6.2469435,train
Cc1ncsc1-c1ccc(CNC(=O)[C@@H]2C[C@@H](O)CN2C(=O)[C@@H](NC(=O)COCCOCCOCCOCC(=O)N[C@H](C(=O)N2C[C@H](O)C[C@H]2C(=O)NCc2ccc(-c3scnc3C)cc2)C(C)(C)C)C(C)(C)C)cc1,-6.7278914,-8.618277,-7.451801,train
Cc1ncsc1-c1ccc(CNC(=O)[C@@H]2C[C@@H](O)CN2C(=O)[C@@H](NC(=O)COCCOCCOCCOCCOCCOCC(=O)N[C@H](C(=O)N2C[C@H](O)C[C@H]2C(=O)NCc2ccc(-c3scnc3C)cc2)C(C)(C)C)C(C)(C)C)cc1,-6.7201886,-8.677574,-7.518816,train
Cc1ncsc1-c1ccc(CNC(=O)[C@@H]2C[C@@H](O)CN2C(=O)[C@@H](NC(=O)Cc2ccccc2)C(C)(C)C)cc1,-5.819842,-6.6926103,-6.152643,train
Cc1ncsc1-c1ccc(CNC(=O)[C@@H]2C[C@@H](O)CN2C(=O)[C@@H](NC(=O)[C@H](Cc2ccccc2)NC(=O)COCCOCCOCCNC(=O)C[C@@H]2N=C(c3ccc(Cl)cc3)c3c(sc(C)c3C)-n3c(C)nnc32)C(C)(C)C)cc1,-6.071436,-6.930821,-6.3538637,train
Cc1ncsc1-c1ccc(CNC(=O)[C@@H]2C[C@@H](O)CN2C(=O)[C@@H](OC(=O)CCOCCOCCOCCNC(=O)Cc2ccccc2)C(C)(C)C)cc1,-5.518545,-6.330797,-6.030174,train
Cc1ncsc1-c1ccc(CNC(=O)[C@@H]2C[C@H](O)CN2C(=O)[C@@H](NC(=O)COCCOCCOCCOCCOCCOCC(=O)N[C@H](C(=O)N2C[C@@H](O)C[C@H]2C(=O)NCc2ccc(-c3scnc3C)cc2)C(C)(C)C)C(C)(C)C)cc1,-6.6976466,-8.6115,-7.47593,train
Cc1ncsc1-c1ccc([C@H](C)NC(=O)[C@@H]2C[C@@H](O)CN2C(=O)[C@@H](NC(=O)COCCCOCCNC(=O)C[C@@H]2N=C(c3ccc(Cl)cc3)c3c(sc(C)c3C)-n3c(C)nnc32)C(C)(C)C)cc1,-6.1877637,-7.039325,-6.438458,train
Cc1ncsc1-c1ccc([C@H](C)NC(=O)[C@@H]2C[C@@H](O)CN2C(=O)[C@@H](NC(=O)COCCCOCCOC(=O)C[C@@H]2N=C(c3ccc(Cl)cc3)c3c(sc(C)c3C)-n3c(C)nnc32)C(C)(C)C)cc1,-5.9356303,-6.6460547,-6.141984,train
Cc1nn(C)cc1-c1ccc2cc(CCN3CCC[C@H]3C)ccc2n1,-4.7406282,-5.5078926,-4.81612,train
Cc1nn(CC(F)(F)F)cc1Nc1ncc(Br)c(NCCCNC(=O)C2CCC2)n1,-6.906625,-5.71633,-5.3531175,train
Cc1nn(CC(F)(F)F)cc1Nc1ncc(Br)c(NCCc2cnc[nH]2)n1,-5.9812846,-6.098055,-5.462811,train
Cc1nn(CC(F)(F)F)cc1Nc1ncc(C2CC2)c(NCCc2c[nH]cn2)n1,-5.86195,-5.9984937,-5.3502703,train
Cc1nn(CC(F)(F)F)cc1Nc1nccc(NCCc2cnc[nH]2)n1,-5.857546,-6.707768,-5.787784,train
Cc1nn(CCOCCOCCNC(=O)C2C(C(=O)O)C(C(=O)O)C2C(=O)O)cc1-c1ccc2cc(CCN3CCC[C@H]3C)ccc2n1,-6.576933,-8.209305,-7.0895686,train
Cc1nn(CCOCCOCCNC(=O)OC(C)(C)C)cc1-c1ccc2cc(CCN3CCC[C@H]3C)ccc2n1,-5.004025,-5.798355,-5.3772225,train
Cc1nnc2n(CCc3ccccc3)c(=O)c3cc(F)ccc3n12,-4.6163583,-3.3419468,-4.5754895,train
Cc1nnc2n1-c1ccc(Cl)cc1C(c1ccccc1)=NC2,-5.1034236,-4.771387,-4.7769737,train
Cc1nnn(C)c1-c1cnc2c3ccc(C(C)(C)O)cc3n(C(c3cnn[nH]3)C3CCOCC3)c2c1,-6.2839193,-6.739455,-6.290385,train
Cc1noc(C)c1-c1cc(C(N)=O)c2c3cc(C(=O)N4C[C@@H](C)O[C@@H](C)C4)ccc3n(Cc3ccccc3)c2c1,-5.2303348,-5.298474,-5.1250477,train
Cc1noc(C)c1CCC(=O)NCCCn1c(=O)c2cc(F)ccc2n2c(=S)[nH]nc12,-4.950716,-4.306653,-4.692955,train
Cc1nsc(NS(=O)(=O)c2cc(F)c(O[C@H]3CCC[C@@H]3c3ccnn3C)cc2F)n1,-5.339193,-5.062639,-5.0505395,train
Cc1oc(=O)oc1COC(=O)c1ccc2c(c1)c1nc(N3CCC[C@@H](N)C3)n(Cc3cc(F)ccc3Cl)c1c(=O)n2C,-5.387967,-4.8732643,-5.1669245,train
Cc1oc(=O)oc1COC(=O)c1ccc2c(c1)c1nc(N3CCC[C@@H](N)C3)n(Cc3ccccc3Cl)c1c(=O)n2C,-5.4404864,-4.878343,-5.170357,train
Cc1oc(=O)oc1COC(=O)c1ccc2c3nc(N4CCC[C@@H](N)C4)n(Cc4cc(F)ccc4Cl)c3c(=O)n(C)c2c1,-5.3303385,-4.886715,-5.15583,train
Cc1oc(=O)oc1COC(=O)c1ccc2c3nc(N4CCC[C@@H](N)C4)n(Cc4ccccc4Cl)c3c(=O)n(C)c2c1,-5.386135,-4.886957,-5.1591077,train
Cc1ocnc1COc1cc(Cl)cc(-c2cc(-c3ccccc3C#N)cn(-c3cccnc3)c2=O)c1,-5.4401045,-5.2411265,-5.0440946,train
Cc1sc2c(c1C)C(c1ccc(Cl)cc1)=N[C@@H](CC(=O)NCCOCCOCCNC(=O)OC(C)(C)C)c1nnc(C)n1-2,-5.2365932,-6.1192684,-5.714107,train
Cc1sc2c(c1C)C(c1ccc(Cl)cc1)=N[C@@H](CC(=O)OC(C)(C)C)c1nnc(C)n1-2,-4.977005,-5.4913087,-4.962753,train
ClC(Cn1ncc2c(NCc3ccccc3)nc(SCCN3CCOCC3)nc21)c1ccccc1,-5.237259,-5.4129148,-5.0665727,train
ClC(Cn1ncc2c(Nc3cccc(Br)c3)ncnc21)c1ccccc1,-5.8486466,-5.4339347,-4.9742365,train
ClC(Cn1ncc2c(Nc3ccccc3)nc(SCCN3CCOCC3)nc21)c1ccccc1,-5.298912,-5.608499,-5.0527387,train
ClC(Cn1ncc2c(Nc3ccccc3)ncnc21)c1ccc(Br)cc1,-5.451504,-5.321518,-4.9194355,train
Clc1cc(CN(C2CCNCC2)C2CC(c3ccc(Br)cc3)C2)ccc1Br,-5.1259437,-3.793476,-4.9800467,train
Clc1cc(CN(C2CCNCC2)C2CC(c3cccc(Br)c3)C2)ccc1Br,-5.272393,-4.0133414,-5.058815,train
Clc1ccc(C(Cl)Cn2ncc3c(NCc4ccncc4)ncnc32)cc1,-5.2863054,-5.423258,-5.0581927,train
Clc1ccc(C2Cc3nccn3C2)cc1,-4.8824773,-4.4147606,-4.552989,train
Clc1ccc(CNc2ncnc3c2cnn3CC(Cl)c2ccc(Br)cc2)cc1,-5.3738213,-5.258962,-4.9529405,train
Clc1ccc(Oc2ccc3c(NCCCNCc4ccc5c(c4)OCO5)ccnc3c2)cc1,-4.944122,-3.4597082,-4.692433,train
Clc1ccc(Oc2ccc3c(NCCCNCc4ccco4)ccnc3c2)cc1,-4.934801,-3.373677,-4.689988,train
Clc1ccc([C@H](c2ccccc2)N2CCNCC2)cc1,-4.429686,-3.0599632,-4.5698423,train
Clc1ccc2c(NCCCNCc3cccc4c3OCO4)ccnc2c1,-4.7425084,-3.3280108,-4.5821595,train
Clc1ccc2c(c1)-c1ncnn1Cc1c(Cl)ncn1-2,-4.9085836,-5.124053,-4.7111025,train
Clc1ccc2nc(-c3cccs3)c(CCCN3CCCC3)cc2c1,-5.6925607,-4.9953537,-5.0454493,train
Clc1ccc2nc(N3CCCCC3)c(-c3nnn[nH]3)c(-c3ccccc3)c2c1,-5.3020205,-5.555859,-5.176266,train
Clc1cccc(C2CCc3nc[nH]c3C2)c1,-4.8318686,-4.8094563,-4.6964827,train
Clc1cccc(CNc2ncnc3c2cnn3CC(Cl)c2ccc(Br)cc2)c1,-5.4862633,-5.2603397,-5.0248713,train
Clc1cccc(COc2cnc(-c3nnco3)cc2Cl)c1,-4.853344,-5.193024,-4.75242,train
Clc1cccc(Cl)c1NC1=NCCN1,-5.575763,-4.8998823,-5.179284,train
Clc1cccc(Nc2nc(N3CCOCC3)nc3c2cnn3CC(Cl)c2ccccc2)c1,-5.42354,-5.991729,-5.1776314,train
Clc1cccc(Nc2nc3c(s2)CCCc2n[nH]cc2-3)n1,-5.070937,-5.8863397,-5.048196,train
Clc1cccc2c1Oc1cc(N3CCCC3)ccc1C2C1COC1,-5.921363,-6.9070687,-6.0040183,train
Clc1ccccc1C1CCc2nc[nH]c2C1,-5.071444,-4.6075788,-4.727124,train
Clc1ccccc1C1Cc2nccn2C1,-5.1611238,-4.4067764,-4.59572,train
Clc1ccccc1CNc1ncnc2c1cnn2CC(Cl)c1ccc(Br)cc1,-5.6984754,-5.26165,-5.0528545,train
Clc1ncn2c1Cn1ncnc1-c1cc(Br)ccc1-2,-5.077614,-5.090551,-4.7965326,train
Cn1c(=O)[nH]c2c(Cl)cc3c(c21)CN(CC(F)(F)F)C(=O)[C@H](CC(=O)N1CCC(N2CCc4ccccc4NC2=O)CC1)C3,-6.888547,-7.048397,-6.766283,train
Cn1c(=O)c2[nH]cnc2n(C)c1=O,-4.962381,-6.2127404,-5.0040784,train
Cn1c(=O)c2c(c3cc(Nc4ccnc(Cl)c4C#N)ccc31)N[C@@H](C1CC1)C(F)(F)CO2,-5.752572,-4.9180527,-4.9174304,train
Cn1c(=O)c2c(nc(N3CCC[C@@H](N)C3)n2Cc2ccccc2Cl)c2cc(C(=O)OCCN3CCOCC3)ccc21,-5.693452,-5.3691807,-5.639771,train
Cn1c(=O)c2c(nc(N3CCC[C@@H](N)C3)n2Cc2ccccc2Cl)c2cc(C(=O)OCOC(=O)C(C)(C)C)ccc21,-5.2313104,-5.357978,-5.114503,train
Cn1c(=O)c2c(nc(N3CCC[C@@H](N)C3)n2Cc2ccccc2Cl)c2ccc(C(=O)O)cc21,-5.8384323,-6.07063,-5.751996,train
Cn1c(=O)c2c(ncn2C)n(C)c1=O,-4.6272326,-5.586912,-4.737204,train
Cn1c(=O)cc(NC(C)(C)c2ncc(C3CC3)cn2)c2cc(Nc3ccnc(Cl)c3C#N)ccc21,-5.813842,-5.149621,-5.096199,train
Cn1c(=O)cc(NC(C)(C)c2ncccn2)c2cc(Nc3ccnc(Cl)c3C#N)ccc21,-6.062563,-5.1516643,-5.1860127,train
Cn1c(=O)nc2n(-c3ccc(O)cc3)c3cc(C#N)ccc3cc-2c1=O,-5.6615477,-7.0216923,-5.955353,train
Cn1c(C(=O)NC2(c3ccc(C(=O)O)nc3)COC2)cc2c(Cl)c(Cl)ccc21,-5.8695745,-7.6110044,-6.3422847,train
Cn1c(C(=O)NC2(c3ccc(C(C(=O)O)c4cccnc4)cc3)COC2)cc2c(Cl)c(Cl)ccc21,-6.214886,-8.319901,-6.9910192,train
Cn1c(C(=O)NC2(c3ccc(CC(=O)O)c(F)c3)COC2)cc2c(Cl)c(Cl)ccc21,-5.794087,-7.6844845,-6.6057653,train
Cn1c(C(=O)NC2(c3ccc(CC(=O)O)cc3)COC2)cc2c(Cl)c(Cl)ccc21,-5.9450235,-7.8665504,-6.721861,train
Cn1c(C(=O)NC2(c3ccc(CO)cc3)COC2)cc2c(Cl)c(Cl)ccc21,-5.289541,-6.9734097,-6.01114,train
Cn1c(C(=O)NC2(c3ccc([C@@H](O)c4cccnc4)cc3)COC2)cc2c(Cl)c(Cl)ccc21,-5.4617043,-6.664345,-5.982218,train
Cn1c(C(=O)NC2(c3ccc([C@H](O)c4cccnc4)cc3)COC2)cc2c(Cl)c(Cl)ccc21,-5.317735,-6.697771,-5.88222,train
Cn1c(CNC(=O)c2cnn3cccnc23)nc2c(C(=O)O)cccc21,-6.2659206,-7.472629,-6.0644894,train
Cn1c(COc2cccc(C(=O)O)c2)nc2ccc(Oc3cc(Cl)ccn3)cc21,-4.9036646,-4.934409,-4.708822,train
Cn1c(COc2cccc(C(=O)O)c2)nc2ccc(Oc3ccc(Cl)c(F)c3)cc21,-5.110069,-4.866497,-4.785606,train
Cn1c(COc2cccc(C(=O)O)c2)nc2ccc(Oc3ccc(F)cc3)nc21,-4.716385,-4.935602,-4.6296334,train
Cn1c(COc2cccc(C(=O)O)c2)nc2ccc(Oc3ccc(F)cn3)cc21,-4.6645246,-5.10637,-4.6272187,train
Cn1c(COc2cccc(C(=O)O)c2)nc2ccc(Oc3ccc4c(c3)CCC4)nc21,-4.8709707,-4.815624,-4.695715,train
Cn1c(COc2cccc(C(=O)O)c2)nc2ccc(Oc3ccc4c(c3)OCC4)nc21,-4.865558,-4.820618,-4.629077,train
Cn1c(COc2cccc(C(=O)O)c2)nc2ccc(Oc3cccc(Cl)n3)cc21,-4.753476,-5.0746,-4.652209,train
Cn1c(COc2cccc(C(=O)O)c2)nc2ccc(Oc3ccccn3)cc21,-4.694788,-5.1572967,-4.6315284,train
Cn1c(COc2cccc(C(=O)O)c2)nc2ccc(Oc3ncc(Cl)cc3Cl)cc21,-5.211608,-4.9310255,-4.7535353,train
Cn1c(COc2cccc(C(=O)O)c2)nc2ccc(Oc3ncc(Cl)cc3F)cc21,-4.9811,-4.9200377,-4.693666,train
Cn1c(COc2cccc(C(=O)O)c2)nc2ccc(Oc3ncccc3Cl)cc21,-4.958811,-4.894535,-4.658346,train
Cn1c(COc2cccc(C(=O)O)c2)nc2cnc(Oc3ccc4c(c3)CCC4)cc21,-5.063033,-4.9464417,-4.800087,train
Cn1c(NC(=O)c2cccnc2)cc2ccccc21,-4.6580076,-5.3056364,-4.7187147,train
Cn1c(Sc2ccc(Cl)cc2)cc(=O)n(O)c1=O,-6.52366,-5.243491,-5.1960835,train
Cn1c(Sc2ccc(F)cc2)cc(=O)n(O)c1=O,-6.3427677,-5.3224096,-5.139462,train
Cn1c(Sc2cccc(F)c2)cc(=O)n(O)c1=O,-6.509488,-5.398628,-5.1860332,train
Cn1c(Sc2cccc3ccccc23)cc(=O)n(O)c1=O,-6.745636,-5.344058,-5.1677675,train
Cn1cc(-c2cc(-c3cc(Cl)c(F)c(OCc4ccccc4Cl)c3)c(=O)n(-c3cccnc3)c2)c(=O)[nH]c1=O,-6.1642,-5.507123,-5.734018,train
Cn1cc(-c2cc(-c3cc(Cl)cc(OCC4CC4)c3)c(=O)n(-c3cccnc3)c2)c(=O)[nH]c1=O,-5.617176,-5.5698996,-5.5459027,train
Cn1cc(-c2cc(-c3cc(Cl)cc(OCCC(F)(F)F)c3)c(=O)n(-c3cccnc3)c2)c(=O)[nH]c1=O,-5.5073566,-5.774456,-5.5546885,train
Cn1cc(-c2cc(-c3cc(Cl)cc(OCc4ocnc4C(F)(F)F)c3)c(=O)n(-c3cccnc3)c2)c(=O)[nH]c1=O,-6.5030932,-5.9369206,-5.612439,train
Cn1cc(-c2cc(-c3cc(Cl)cc(OCc4scnc4C(F)(F)F)c3)c(=O)n(-c3cccnc3)c2)c(=O)[nH]c1=O,-6.6635838,-5.9876776,-5.662825,train
Cn1cc(-c2cc(S(C)(=O)=O)ccc2Oc2ccc(F)cc2F)c2cc(C(N)=O)[nH]c2c1=O,-5.8033566,-5.576671,-5.2705183,train
Cn1cc(-c2ccc(C(F)(F)F)cc2)c2cc(F)c(C(=O)NS(=O)(=O)C3CC3)cc21,-7.287136,-6.362064,-5.2554903,train
Cn1cc(-c2ccc(C(F)(F)F)cc2)c2ccc(C(=O)NS(=O)(=O)C3CC3)cc21,-7.3019805,-6.4591947,-5.3143783,train
Cn1cc(-c2ccc(C(F)F)cc2)c2cc(F)c(C(=O)NS(=O)(=O)C3CC3)cc21,-7.2516966,-6.411316,-5.2758346,train
Cn1cc(-c2ccc(N(C(=O)NCc3ccccc3)[C@H]3CC[C@H](Nc4ccc(C#N)cn4)CC3)cc2)ccc1=O,-5.978312,-6.3413534,-6.220773,train
Cn1cc(-c2ccc(N(C(=O)NCc3ccccc3)[C@H]3CC[C@H](Nc4ccc(C#N)cn4)CC3)cc2)cn1,-5.3728867,-5.996915,-5.816434,train
Cn1cc(-c2ccc(NC(=O)[C@H](NCCc3ccc(C#N)cc3)c3ccccc3)nc2)cn1,-7.1277,-8.25809,-7.556772,train
Cn1cc(-c2ccc3c(C(=O)[C@H](NCCc4ccc(C#N)cc4)c4ccccc4)c[nH]c3c2)cn1,-7.0394487,-8.881261,-7.784149,train
Cn1cc(-c2cnc(OCC3CC3)c(Cl)c2)c2ccc(C(=O)NS(=O)(=O)C3CC3)cc21,-7.3542113,-6.305841,-5.4216905,train
Cn1cc(C(=O)N2CCC(C(N)=O)CC2)c2ccccc21,-5.931543,-6.9806566,-5.9346085,train
Cn1cc(C(=O)c2ccccc2)c2cc(C(=O)NCCO)ccc21,-5.885724,-6.3557706,-5.578631,train
Cn1cc(C(=O)c2ccccc2)c2cc(C(=O)NCCc3c[nH]c4ccccc34)ccc21,-6.380595,-6.8666086,-6.340367,train
Cn1cc(C(=O)c2ccccc2)c2cc(C(=O)NCCc3cnc[nH]3)ccc21,-6.7390327,-6.9931364,-6.715247,train
Cn1cc(C(=O)c2ccccc2)c2cc(C(=O)NCc3cccnc3)ccc21,-5.1417494,-5.965392,-5.368956,train
Cn1cc(CNC(=O)[C@@H]2CCCCOc3cccc(c3)C[C@H](N3CCCC3=O)C(=O)N[C@@H](CCc3ccccc3)C(=O)N2)cn1,-5.821618,-7.0083685,-6.171913,train
Cn1cc(Cc2cccc(F)c2)c(-c2cc(Cl)nc(N)n2)n1,-4.6713295,-6.054405,-4.9221478,train
Cn1cc(Cc2cccs2)c(-c2cc(Cl)nc(N)n2)n1,-4.770516,-6.0704756,-4.9187384,train
Cn1cc2c3c(c[nH]c(=O)c31)-c1cc(CS(C)(=O)=O)ccc1N(c1ccc(F)cc1)C2,-5.482577,-5.2390223,-4.9830008,train
Cn1cc2c3c(c[nH]c3c1=O)CN(CC1CC1)c1ccc(CS(C)(=O)=O)cc1-2,-5.2048945,-5.376099,-4.817185,train
Cn1cc2c3c(c[nH]c3c1=O)CN(c1ccc(F)cc1)c1ccc(CS(C)(=O)=O)cc1-2,-5.3006363,-5.293412,-4.896316,train
Cn1cc2c3c(c[nH]c3c1=O)CN(c1ccc(F)cc1F)c1ccc(CS(C)(=O)=O)cc1-2,-5.2352123,-5.3256273,-4.8775315,train
Cn1cc2ccc(Nc3ccnc(Nc4cccc(NC(=O)Nc5ccccc5)c4)n3)cc2n1,-5.784692,-3.811295,-5.0950603,train
Cn1ccc(-c2ccc(N(C(=O)NCc3ccccc3)[C@H]3CC[C@H](Nc4ccc(C#N)cn4)CC3)cc2)cc1=O,-6.2161593,-6.8123374,-6.518524,train
Cn1ccc(Nc2nc3c(s2)CCCc2n[nH]cc2-3)n1,-5.124447,-5.6755977,-5.0748863,train
Cn1nc(C(=O)N2CCN(CCN3CCN(c4cccc(Cl)c4Cl)CC3)CC2)c2ccccc21,-4.92381,-4.944107,-5.0047107,train
Cn1nc(C(N)=O)c2c1-c1nc(Nc3cc(N4CCNCC4)ccc3OC(F)(F)F)ncc1CC2,-6.2521315,-5.0130253,-5.2641206,train
Cn1nccc1-c1cccc(NC(=O)NC2CCN(Cc3ccccc3)CC2)c1,-4.7810526,-3.2637603,-4.8404946,train
Cn1nccc1-c1nc2ccc(NC(=O)NCc3ccncc3)cn2n1,-6.661907,-8.74548,-7.3208246,train
Cn1nccc1C(=O)N1CCCC(c2cc3ncccc3[nH]2)C1,-5.9466085,-6.157383,-5.3841977,train
Cn1nccc1[C@H]1CCCCC[C@@H]1Oc1cc(F)c(S(=O)(=O)Nc2ccncn2)c(F)c1,-5.0360565,-5.185179,-4.920922,train
Cn1nccc1[C@H]1CCCC[C@@H]1Oc1cc(F)c(S(=O)(=O)Nc2ccncn2)cc1Cl,-5.0556726,-4.941585,-4.8947086,train
Cn1nccc1[C@H]1CCCC[C@@H]1Oc1cc(F)c(S(=O)(=O)Nc2ccncn2)cc1F,-4.926433,-5.1074085,-4.8581595,train
Cn1nccc1[C@H]1CCCC[C@@H]1Oc1cc(F)c(S(=O)(=O)Nc2cscn2)cc1F,-4.913079,-4.8512354,-4.804861,train
Cn1nccc1[C@H]1CCCC[C@@H]1Oc1cc(F)c(S(=O)(=O)Nc2ncns2)cc1F,-5.5998034,-5.6216803,-5.368939,train
Cn1nccc1[C@H]1CCC[C@@H]1Oc1cc(F)c(S(=O)(=O)Nc2ccncn2)c(F)c1,-5.0610385,-5.4239907,-4.961426,train
Cn1nccc1[C@H]1CCC[C@@H]1Oc1cc(F)c(S(=O)(=O)Nc2ccncn2)cc1Cl,-5.209664,-5.1012273,-4.955814,train
Cn1nccc1[C@H]1CCC[C@@H]1Oc1cc(F)c(S(=O)(=O)Nc2ccncn2)cc1F,-5.0601883,-5.280552,-4.9147863,train
Cn1nccc1[C@H]1CCC[C@@H]1Oc1cc(F)c(S(=O)(=O)Nc2ncns2)cc1F,-5.773935,-5.7836485,-5.4996204,train
Cn1nccc1[C@H]1CCC[C@@H]1Oc1ccc(S(=O)(=O)Nc2ccncn2)c(F)c1F,-5.009403,-5.395585,-4.9420953,train
FC(F)(F)c1cc(-c2ccc3c(NCCCNCc4ccco4)ccnc3c2)cc(C(F)(F)F)c1,-5.1829805,-3.6992269,-4.7696137,train
FC(F)(F)c1cccc(Cc2ccc3c(NCCCNCc4ccc5c(c4)OCO5)ccnc3c2)c1,-5.3696947,-4.4072003,-4.8936787,train
FC(F)(F)c1cccc(Cc2ccc3c(NCCCNCc4ccco4)ccnc3c2)c1,-5.363069,-4.3699484,-4.9023113,train
FC(F)Oc1ccccc1C1Cc2nccn2C1,-5.0574284,-4.6792054,-4.490623,train
FC(F)c1ncn2c1Cn1ncnc1-c1cc(Br)ccc1-2,-5.116096,-5.1580434,-4.755583,train
FC(F)c1ncn2c1Cn1ncnc1-c1cc(Cl)ccc1-2,-4.8881764,-5.06296,-4.66124,train
FC1(F)CCC(NC/C=C\CN(C[C@H]2Cc3ccccc3CN2)[C@H]2CCCc3cccnc32)CC1,-6.003793,-7.092779,-6.573581,train
FC1(F)CCC(NCCCCN(C[C@H]2Cc3ncccc3CN2)[C@H]2CCCc3cccnc32)CC1,-6.1557016,-7.4383397,-6.712536,train
Fc1ccc(-c2ccc3c(NCCCNCc4ccc5c(c4)OCO5)ccnc3c2)cc1,-4.807832,-3.4875808,-4.688659,train
Fc1ccc(-c2ccc3c(NCCCNCc4ccco4)ccnc3c2)cc1,-4.8529773,-3.5707734,-4.732409,train
Fc1ccc(-c2nc(C3CCNCC3)oc2-c2ccnc(Nc3ccncn3)n2)cc1,-5.446274,-4.9133296,-4.940084,train
Fc1ccc(-c2nc(C3CCNCC3)sc2-c2ccnc(N3CCC(CN4CCOCC4)CC3)n2)cc1,-5.1584225,-4.537158,-4.8585296,train
Fc1ccc(-c2nc(C3CCNCC3)sc2-c2ccnc(N3CCC(N4CCC4)CC3)n2)cc1,-5.542102,-4.8301387,-5.122448,train
Fc1ccc(-c2nc(C3CCNCC3)sc2-c2ccnc(N3CCC(N4CCOCC4)CC3)n2)cc1,-5.1470003,-4.3490267,-4.8437347,train
Fc1ccc(-c2nc(C3CCNCC3)sc2-c2ccnc(N3CCCC3)n2)cc1,-5.275293,-4.453747,-4.7350836,train
Fc1ccc(-c2nc(C3CCNCC3)sc2-c2ccnc(NCC3CCCO3)n2)cc1,-5.6979423,-4.6688375,-4.929428,train
Fc1ccc(-c2nc(C3CCNCC3)sc2-c2ccnc(NCCN3CCCC3)n2)cc1,-6.2204285,-5.092073,-5.2384553,train
Fc1ccc(-c2nc(C3CCNCC3)sc2-c2ccnc(NCCN3CCOCC3)n2)cc1,-5.4773464,-4.825109,-5.020366,train
Fc1ccc(-c2nc(C3CCNCC3)sc2-c2ccnc(NCCN3CCSCC3)n2)cc1,-5.617695,-4.6466455,-4.984743,train
Fc1ccc(-c2nc(C3CCNCC3)sc2-c2ccnc(NCc3ccncc3)n2)cc1,-6.227816,-5.2330513,-5.317901,train
Fc1ccc(-c2nc(C3CCNCC3)sc2-c2ccnc(Nc3ccccn3)n2)cc1,-6.0491266,-4.529142,-4.960325,train
Fc1ccc(-c2nc(C3CCNCC3)sc2-c2ccnc(Nc3cccnn3)n2)cc1,-6.1068068,-4.496872,-4.9884796,train
Fc1ccc(-c2nc(C3CCNCC3)sc2-c2ccnc(Nc3ccn(C4CCNCC4)n3)n2)cc1,-6.7789373,-5.0403457,-5.568855,train
Fc1ccc(-c2nc(C3CCNCC3)sc2-c2ccnc(Nc3ccncn3)n2)cc1,-6.0269866,-4.6248455,-5.024299,train
Fc1ccc(-c2nc(N3CCCC3)sc2-c2ccnc(Nc3ccc(N4CCNCC4)cc3)n2)cc1,-5.245203,-4.8085494,-4.9471626,train
Fc1ccc(-c2nc(N3CCOCC3)sc2-c2ccnc(Nc3ccc(N4CCNCC4)cc3)n2)cc1,-5.1250243,-4.821917,-4.9174953,train
Fc1ccc(-c2nc3ccccn3c2-c2ccnc(NC3CCOCC3)n2)cc1,-4.7605925,-6.624717,-5.151902,train
Fc1ccc(-n2cc(-c3cnc4ccc(N[C@H]5CC[C@H](N6CCCC6)CC5)nn34)cn2)cc1,-5.4607453,-6.793428,-6.0983706,train
Fc1ccc(-n2cc(-c3cnn4ccc(C5CCCNC5)nc34)cn2)cc1,-5.6673703,-6.652705,-5.8637652,train
Fc1ccc(C(Cl)Cn2ncc3c(Nc4cccc(F)c4)ncnc32)cc1,-5.555706,-5.428869,-4.882765,train
Fc1ccc(C2CC(N(Cc3ccc(Br)c(Cl)c3)C3CCNCC3)C2)cc1,-5.0349994,-3.669798,-4.899636,train
Fc1ccc(CN2CCC(CNc3nc(-c4ccc(Cl)cc4)c(-c4ccc(Cl)cc4)s3)CC2)c(Cl)c1,-6.336453,-5.2649603,-5.4801464,train
Fc1ccc(CN2CCC(Nc3nc(-c4ccc(Cl)cc4)c(-c4ccc(Cl)cc4)s3)CC2)c(Cl)c1,-5.804324,-5.4660068,-5.3286753,train
Fc1ccc(CNc2ncnc3c2cnn3CC(Cl)c2ccc(Cl)cc2)cc1,-5.4685273,-5.2648916,-4.9107823,train
Fc1ccc(CNc2ncnc3c2cnn3CC(Cl)c2ccc(F)cc2)cc1,-5.15147,-5.20976,-4.8070803,train
Fc1ccc(Cc2ccc3c(NCCCNCc4ccc5c(c4)OCO5)ccnc3c2)c(Cl)c1,-5.3748283,-4.3171225,-4.9676275,train
Fc1ccc(Cc2ccc3c(NCCCNCc4ccc5c(c4)OCO5)ccnc3c2)cc1,-4.9422865,-4.20093,-4.781633,train
Fc1ccc(Cc2ccc3c(NCCCNCc4ccco4)ccnc3c2)c(Cl)c1,-5.383037,-4.3024077,-4.9861226,train
Fc1ccc(Nc2nc3c(s2)CCCc2n[nH]cc2-3)nc1,-4.937201,-5.8052826,-4.954612,train
Fc1ccc(Oc2ccc3c(NCCCNCc4ccc5c(c4)OCO5)ccnc3c2)cc1,-4.771385,-3.3881154,-4.615099,train
Fc1ccc(Oc2ccc3c(NCCCNCc4ccco4)ccnc3c2)cc1,-4.771777,-3.347255,-4.6236687,train
Fc1ccc2nc(-c3ccc(CN4CCOCC4)cc3)cc(CNCCN3CCCC3)c2c1,-5.8307004,-7.4300456,-6.290419,train
Fc1ccc2nc(-c3ccc(CN4CCOCC4)cc3)cc(CNCCN3CCN(c4ccccc4)CC3)c2c1,-5.632112,-6.933086,-6.0519853,train
Fc1cccc(-n2cnc3c(NCc4ccccc4F)nc(N4CCOCC4)nc32)c1,-4.82832,-6.4153447,-5.250341,train
Fc1cccc(-n2cnc3c(NCc4nc(-c5ccccc5)c[nH]4)nc(N4CCOCC4)nc32)c1,-5.299082,-6.4882746,-5.50715,train
Fc1cccc(-n2cnc3c(NCc4nc(-c5ccccc5)co4)nc(N4CCOCC4)nc32)c1,-5.068632,-6.5484138,-5.3999543,train
Fc1cccc(-n2cnc3c(NCc4nc(-c5ccccc5)cs4)nc(N4CCOCC4)nc32)c1,-5.3213162,-6.583193,-5.468435,train
Fc1cccc(-n2cnc3c(NCc4nc5c(F)c(F)ccc5[nH]4)nc(N4CCOCC4)nc32)c1,-5.326887,-6.406335,-5.536898,train
Fc1cccc(-n2cnc3c(NCc4nc5ccccc5s4)nc(N4CCOCC4)nc32)c1,-5.3173323,-6.450262,-5.396923,train
Fc1cccc(Nc2ncnc3c2cnn3CC(Cl)c2ccccc2)c1,-5.602333,-5.4254045,-4.8945994,train
Ic1ccccc1CN[C@@H]1C2CCN(CC2)[C@@H]1C(c1ccccc1)c1ccccc1,-4.9825864,-4.9459925,-4.862728,train
N#CC(C(=O)NCC(=O)NC1CC1)c1nc2ccc(-c3ccccc3)cc2s1,-7.714469,-7.038563,-6.61202,train
N#CCCCCCCCCNc1c2c(nc3cc(Cl)ccc13)CCCC2,-6.5882196,-5.029448,-5.195178,train
N#CCCCCCCCNc1c2c(nc3cc(Cl)ccc13)CCCC2,-6.47008,-5.010969,-5.1710787,train
N#CCCCCCCNc1c2c(nc3cc(Cl)ccc13)CCCC2,-6.288001,-4.9675674,-5.118179,train
N#CCCCCCCNc1c2c(nc3ccccc13)CCCC2,-6.108043,-4.8743887,-4.9932804,train
N#CCCc1cc2cc(Cl)ccc2nc1-c1cccs1,-5.440648,-4.820728,-4.7000055,train
N#Cc1c(-c2cccc(C(F)(F)F)c2)nc(SC(C(N)=O)c2nc(-c3ccccc3)cs2)[nH]c1=O,-7.199342,-5.7235694,-5.691119,train
N#Cc1c(-c2cccc(C(F)(F)F)c2)nc(SCC(=O)Nc2nc(-c3cc(Cl)c(N)c(Cl)c3)cs2)[nH]c1=O,-8.195606,-6.640184,-7.007022,train
N#Cc1c(-c2cccc(OC(F)(F)F)c2)nc(SC(C(N)=O)c2nc(-c3ccccc3)cs2)[nH]c1=O,-7.083957,-5.666009,-5.702675,train
N#Cc1c(-c2ccccc2)c(-c2ccccc2)n(Cc2ccccc2)c1N,-5.5203323,-4.4120345,-4.8729825,train
N#Cc1c(Cl)nc(NCCCC2CCN(Cc3ccccc3)CC2)c(C#N)c1-c1ccccc1,-5.719111,-5.1293044,-5.050035,train
N#Cc1c(Cl)nc(NCCCCC2CCN(Cc3ccccc3)CC2)c(C#N)c1-c1ccccc1,-5.8193917,-5.1749897,-5.1045494,train
N#Cc1c(N)nc(NCCC2CCN(Cc3ccccc3)CC2)c(C#N)c1-c1ccccc1,-5.4963474,-4.836941,-5.0501447,train
N#Cc1c(N)nc(NCCCC2CCN(Cc3ccccc3)CC2)c(C#N)c1-c1ccccc1,-5.5984473,-4.88163,-5.0425715,train
N#Cc1c(N)nc(NCCCCC2CCN(Cc3ccccc3)CC2)c(C#N)c1-c1ccccc1,-5.6726747,-4.9360185,-5.0849113,train
N#Cc1c(O)c2c(-c3ccc(-c4ccccc4O)cc3)csc2[nH]c1=O,-7.0893383,-8.329936,-7.2688956,train
N#Cc1c(O)c2c(cc(Cl)n2-c2ccc(-c3ccsc3)cc2)[nH]c1=O,-7.31166,-8.914557,-7.715229,train
N#Cc1cc(C#N)c(NC2CCN(Cc3ccccc3)CC2)nc1Cl,-4.9497905,-5.0389566,-4.7687387,train
N#Cc1cc(C#N)c(NC2CCN(Cc3ccccc3)CC2)nc1NC1CCN(Cc2ccccc2)CC1,-5.066523,-4.9128084,-4.9597096,train
N#Cc1cc(C#N)c(NCCC2CCN(Cc3ccccc3)CC2)nc1Cl,-5.2209463,-4.98514,-4.8923807,train
N#Cc1cc(C#N)c(NCCC2CCN(Cc3ccccc3)CC2)nc1N,-5.077856,-4.791357,-4.892172,train
N#Cc1cc(C#N)c(NCCCC2CCN(Cc3ccccc3)CC2)nc1Cl,-5.300338,-5.0288587,-4.874838,train
N#Cc1cc(C#N)c(NCCCCC2CCN(Cc3ccccc3)CC2)nc1Cl,-5.4025073,-5.05871,-4.9322124,train
N#Cc1cc(C#N)c(NCCCCC2CCN(Cc3ccccc3)CC2)nc1N,-5.1926575,-4.81796,-4.9133024,train
N#Cc1ccc(-c2ccc3c(ccc(=O)n3CC(=O)N3CCCCC3)c2)cc1,-5.5211935,-5.3005805,-4.993954,train
N#Cc1ccc(-c2ccc3c(ccc(=O)n3CCN3CCCCC3)c2)cc1,-5.081004,-4.9788938,-4.9216576,train
N#Cc1ccc(-c2cnc3ccc(-c4ccc(C(=O)N5CCNCC5)cc4)nn23)cc1,-5.569691,-4.5893106,-5.368677,train
N#Cc1ccc(-c2cnc3ccc(-c4ccc(C(=O)N5CCOCC5)cc4)cn23)cc1,-4.791155,-4.2156644,-4.8555007,train
N#Cc1ccc(-c2cnc3ccc(-c4ccc(C(=O)N5CCOCC5)cc4)nn23)cc1,-4.8851967,-4.3604774,-4.8477483,train
N#Cc1ccc(-c2cnc3cnc(-c4ccc(C(=O)N5CCOCC5)cc4)cn23)cc1,-4.8852506,-4.0693407,-4.8248744,train
N#Cc1ccc(-c2nc3cc(Cl)ccc3c3c2CCCN3)cc1,-5.146813,-4.7529106,-4.7016325,train
N#Cc1ccc(-c2nc3cc(Cl)ccc3cc2CCCN)cc1,-5.9601474,-5.001216,-5.1749477,train
N#Cc1ccc(-c2nc3ccc(Cl)cc3c3c2CCCCN3)cc1,-5.184369,-4.5896907,-4.709981,train
N#Cc1ccc(-c2nc3ccc(Cl)cc3c3c2CCCN3)cc1,-5.1628404,-4.697258,-4.6991253,train
N#Cc1ccc(-c2nc3ccc(Cl)cc3c3c2CCN3)cc1,-5.364569,-4.888477,-4.8187923,train
N#Cc1ccc(C(=O)N2CCCC(c3cc4ncccc4[nH]3)C2)cc1,-6.075549,-5.710227,-5.2939277,train
N#Cc1ccc(CC(=O)NCCCn2c(=O)c3cc(F)ccc3n3c(=S)[nH]nc23)cc1,-4.874686,-3.842885,-4.7833548,train
N#Cc1ccc(COc2ccc3nc(C(=O)N4CCNCC4)ccc3c2)cc1,-5.418776,-5.3562984,-5.243857,train
N#Cc1ccc(Cc2ccc3c(NCCCNCc4ccc5c(c4)OCO5)ccnc3c2)cc1,-5.1277533,-4.533285,-4.8433976,train
N#Cc1ccc(Cc2ccc3c(NCCCNCc4ccco4)ccnc3c2)cc1,-5.1843777,-4.6743174,-4.8891654,train
N#Cc1ccc(Cl)c2oc3cc(N4CCC(C(=O)O)C4)ccc3c(=O)c12,-5.2691774,-5.7838755,-4.8867836,train
N#Cc1ccc(N2CCC[C@@H]2C(O)CO)cc1C(F)(F)F,-5.048951,-5.1418157,-4.657242,train
N#Cc1ccc(N2CCC[C@@H]2C(O)COCCOCCOCCOCCOC23CC4CC(CC(C4)C2)C3)cc1C(F)(F)F,-6.6852136,-5.670442,-5.111688,train
N#Cc1ccc(NC(=O)c2cc(Cl)ccc2O)c(Cl)c1,-4.914492,-4.508758,-4.7400146,train
N#Cc1ccc(NC(=O)c2ccc3ccccc3c2O)c(Cl)c1,-5.011947,-4.3729043,-4.6939173,train
N#Cc1ccc(NC(=O)c2cccc3cc[nH]c23)c(Cl)c1,-4.837193,-4.0861216,-4.6985674,train
N#Cc1ccc(N[C@H]2CC[C@H](N(C(=O)NCc3ccccc3)c3ccc(-c4cccnc4)cc3)CC2)nc1,-5.463123,-6.3395877,-5.900402,train
N#Cc1ccc(O)cc1,-4.5911126,-5.1249533,-4.563694,train
N#Cc1ccc(O[C@H]2CN(S(=O)(=O)c3ccc(Cl)cc3Cl)C[C@@]2(O)CO)cc1,-5.7016664,-6.030632,-5.249543,train
N#Cc1ccc(Oc2ccc(C(=O)N[C@H](C(=O)Nc3cccc(C(N)=O)c3)c3ccc(OCc4ccccc4)cc3)cc2)cc1,-6.7449126,-5.918411,-6.343507,train
N#Cc1ccc(S(=O)(=O)N2C[C@H](S(=O)(=O)c3ccc(Cl)cc3)[C@](O)(CO)C2)c(Cl)c1,-6.2533407,-6.265266,-5.353223,train
N#Cc1ccc(S(=O)(=O)[C@H]2CN(S(=O)(=O)c3ccc(C#N)cc3Cl)C[C@@]2(O)CO)cc1,-6.255859,-6.465362,-5.395906,train
N#Cc1ccc(S(=O)(=O)[C@H]2CN(S(=O)(=O)c3ccc(Cl)cc3Cl)C[C@@H]2O)cc1,-5.4328628,-6.147476,-4.925441,train
N#Cc1ccc(S(=O)(=O)[C@H]2CN(S(=O)(=O)c3ccc(Cl)cc3Cl)C[C@@]2(O)CO)cc1,-6.1393743,-6.3226066,-5.306239,train
N#Cc1ccc([C@H]2Nc3ccc(Cl)cc3[C@@H]3OCCC[C@H]23)cc1,-4.5398765,-5.17984,-4.704783,train
N#Cc1ccc2[nH]cc(C(=O)CCCN3CCN(c4ccc5nc6c(c(N)c5c4)CCCC6)CC3)c2c1,-5.025347,-5.489021,-5.1668396,train
N#Cc1ccc2[nH]cc(C(=O)CCCN3CCN(c4cccc5nc6c(c(N)c45)CCCC6)CC3)c2c1,-5.035634,-5.365993,-5.0946026,train
N#Cc1ccc2[nH]cc(CCCCN3CCN(c4cccc5nc6c(c(N)c45)CCC6)CC3)c2c1,-5.0220175,-5.626325,-5.110877,train
N#Cc1ccc2[nH]cc(CCCCN3CCN(c4cccc5nc6c(c(N)c45)CCCC6)CC3)c2c1,-5.025386,-5.443813,-5.058263,train
N#Cc1ccc2[nH]cc(CCCCN3CCN(c4cccc5nc6c(c(N)c45)CCCCC6)CC3)c2c1,-5.050763,-5.3864064,-5.043026,train
N#Cc1ccc2[nH]cc(CCCN3CCN(c4cccc5nc6c(c(N)c45)CCCC6)CC3)c2c1,-4.930215,-5.5757756,-5.078418,train
N#Cc1ccc2[nH]cc(CCN3CCN(c4cccc5nc6c(c(N)c45)CCCC6)CC3)c2c1,-4.875258,-5.399484,-4.9899216,train
N#Cc1ccc2cc3c(=O)[nH]c(=O)nc-3n(-c3ccc(OC(F)(F)F)cc3)c2c1,-5.414621,-6.1526647,-5.3240376,train
N#Cc1ccc2cc3c(=O)[nH]c(=O)nc-3n(-c3ccc(OC(F)F)cc3)c2c1,-5.513453,-6.4190984,-5.4387116,train
N#Cc1ccc2cc3c(=O)[nH]c(=O)nc-3n(-c3ccc(OCc4ccc(Br)cc4)cc3)c2c1,-5.7008758,-6.021312,-5.6702013,train
N#Cc1ccc2cc3c(=O)[nH]c(=O)nc-3n(-c3ccc(OCc4ccc(Cl)cc4)cc3)c2c1,-6.112508,-5.8968725,-5.578178,train
N#Cc1ccc2cc3c(=O)[nH]c(=O)nc-3n(-c3ccc(OCc4cccc(Cl)c4)cc3)c2c1,-6.144283,-6.0716662,-5.7243514,train
N#Cc1ccc2cc3c(=O)[nH]c(=O)nc-3n(-c3ccc(OCc4ccccc4)cc3)c2c1,-5.9243855,-5.9600453,-5.4851575,train
N#Cc1ccc2cc3c(=O)[nH]c(=O)nc-3n(-c3ccc(Oc4ccc(F)cc4)cc3)c2c1,-5.3748507,-6.0480843,-5.3634763,train
N#Cc1ccc2cc3c(=O)[nH]c(=O)nc-3n(-c3ccc(Oc4cccc(C(=O)O)c4)cc3)c2c1,-6.604333,-7.1963596,-6.370253,train
N#Cc1ccc2cc3c(=O)[nH]c(=O)nc-3n(-c3ccc(Oc4ccccc4)cc3)c2c1,-5.6159716,-5.988121,-5.339799,train
N#Cc1ccc2cc3c(=O)[nH]c(=O)nc-3n(-c3ccc4c(c3)OC(F)(F)O4)c2c1,-5.039256,-5.5937634,-4.9914074,train
N#Cc1ccc2cc3c(=O)[nH]c(=O)nc-3n(-c3ccc4c(c3)OCO4)c2c1,-5.13557,-5.870072,-5.0423627,train
N#Cc1ccc2cc3c(=O)[nH]c(=O)nc-3n(-c3cccc(-c4nnn[nH]4)c3)c2c1,-6.730558,-7.860303,-7.0386257,train
N#Cc1ccc2cc3c(=O)[nH]c(=O)nc-3n(-c3cccc(O)c3)c2c1,-5.8038416,-6.879586,-6.0001473,train
N#Cc1ccc2cc3c(=O)[nH]c(=O)nc-3n(-c3cccc(Oc4ccccc4)c3)c2c1,-5.8006635,-5.9025426,-5.304261,train
N#Cc1ccc2cc3c(=O)[nH]c(=O)nc-3n(-c3ccccc3)c2c1,-5.4478927,-6.6016216,-5.5076256,train
N#Cc1ccc2cc3c(=O)n(-c4ccc(Br)cc4)c(=O)nc-3n(-c3ccc(O)cc3)c2c1,-6.282708,-7.38962,-6.553109,train
N#Cc1ccc2cc3c(=O)n(-c4ccc(Cl)c(Cl)c4)c(=O)nc-3n(-c3cccc(O)c3)c2c1,-6.0762377,-6.759201,-6.2293468,train
N#Cc1ccc2cc3c(=O)n(-c4ccc(Cl)cc4)c(=O)nc-3n(-c3ccc(O)cc3)c2c1,-6.066036,-7.1313534,-6.3570886,train
N#Cc1ccc2cc3c(=O)n(-c4ccc(Cl)cc4)c(=O)nc-3n(-c3cccc(O)c3)c2c1,-5.9636083,-6.9749465,-6.188449,train
N#Cc1ccc2cc3c(=O)n(-c4ccc(F)cc4)c(=O)nc-3n(-c3ccc(O)cc3)c2c1,-6.0488744,-7.446822,-6.445704,train
N#Cc1ccc2cc3c(=O)n(-c4cccc(C(N)=O)c4)c(=O)nc-3n(-c3ccc(O)cc3)c2c1,-6.942711,-7.6740074,-7.052304,train
N#Cc1ccc2cc3c(=O)n(-c4cccc(Cl)c4)c(=O)nc-3n(-c3cccc(O)c3)c2c1,-5.995669,-6.94953,-6.200445,train
N#Cc1cccc(Nc2nc3c(s2)CCCc2n[nH]cc2-3)n1,-5.5238767,-5.860261,-5.1102076,train
N#Cc1ccccc1-c1cc(-c2cc(Cl)cc(OCC3CC3)c2)c(=O)n(-c2cccnc2)c1,-5.45877,-5.190387,-5.0341344,train
N#Cc1ccccc1-c1cc(-c2cc(Cl)cc(OCCC(F)(F)F)c2)c(=O)n(-c2cccnc2)c1,-5.3851423,-5.504144,-5.054823,train
N#Cc1ccccc1C1Cc2nccn2C1,-5.1269054,-4.6558685,-4.500886,train
N#Cc1ccccc1CC(=O)NCCCn1c(=O)c2cc(F)ccc2n2c(=S)[nH]nc12,-4.948963,-3.8132188,-4.748893,train
N#Cc1cccnc1N1CCN(CCCCOc2ccc3c(c2)NC(=O)CC3)CC1,-5.180911,-4.9738984,-4.771311,train
N#Cc1cccnc1N1CCN(CCCN2CCN(c3cccc(Cl)c3Cl)CC2)CC1,-5.2287116,-5.16347,-5.001646,train
N#Cc1cccnc1N1CCN(CCCN2CCN(c3ccccc3)CC2)CC1,-5.004532,-5.246738,-4.897734,train
N#Cc1cccnc1N1CCN(CCCOc2ccc3c(c2)NC(=O)CC3)CC1,-5.149008,-5.205211,-4.790226,train
N#Cc1cccnc1N1CCN(CCN2CCN(c3cccc(Cl)c3Cl)CC2)CC1,-5.1864767,-5.120509,-4.984126,train
N#Cc1cnc2c(Br)cc(NCc3cn(-c4ccccc4)nn3)cc2c1Nc1ccc(F)c(Cl)c1,-7.630608,-6.277407,-6.515315,train
N#Cc1cnc2c(Br)cc(NCc3cn(CC(=O)O)nn3)cc2c1Nc1ccc(F)c(Cl)c1,-8.270366,-6.629026,-7.078614,train
N#Cc1cnc2c(Br)cc(NCc3cn(CCC4CCCN4)nn3)cc2c1Nc1ccc(F)c(Cl)c1,-7.4597645,-6.4544725,-6.7443347,train
N#Cc1cnc2c(Br)cc(NCc3cn(Cc4cccnc4)nn3)cc2c1Nc1ccc(F)c(Cl)c1,-7.557846,-6.39078,-6.6156588,train
N#Cc1cnc2c(Cl)cc(NCc3cn(C4CCN(C5CCC5)CC4)nn3)cc2c1Nc1ccc(F)c(Cl)c1,-7.702115,-6.4475904,-6.940014,train
N#Cc1cnc2c(Cl)cc(NCc3cn(C4CCNCC4)nn3)cc2c1Nc1ccc(F)c(Cl)c1,-7.997547,-6.8188972,-7.3557425,train
N#Cc1cnc2c(Cl)cc(NCc3cn(Cc4cccnc4)nn3)cc2c1Nc1ccc(F)c(Cl)c1,-7.8217382,-6.43133,-6.6821227,train
N#Cc1cnc2cc(C3CCCN(C(=O)c4cc(C(F)(F)F)no4)C3)[nH]c2c1,-6.583679,-5.727742,-5.305871,train
N/C(S)=N/N=C/c1ccc([N+](=O)[O-])cc1,-5.1814966,-5.0468287,-4.898083,train
N=C(N)N1CCN(c2cccc(-c3nc(N=C(N)N)nc4ccc(Cl)cc34)c2)CC1,-6.3009334,-6.06795,-5.978882,train
N=C(N)NC(=O)c1nc(Cl)c(N)nc1N,-5.515992,-6.348323,-5.5691786,train
N=C(N)NCCCCCCCCN(CCCCCCCCN)C(=O)N(CCCCCCCCN)CCCCCCCCNC(=N)N,-8.112879,-6.628022,-7.3921404,train
N=C(N)NCCCCCCCNc1c2c(nc3ccccc13)CCCC2,-6.395718,-5.328935,-5.567868,train
N=C(N)NCCC[C@H](N)C(=O)N[C@@H](Cc1c[nH]c2ccccc12)C(=O)N[C@@H](Cc1ccc(NC(=N)N)cc1)C(=O)NCc1ccccc1,-6.202145,-6.47659,-6.169008,train
N=C(N)NCCC[C@H](N)C(=O)N[C@@H](Cc1ccc(NC(=N)N)cc1)C(=O)N[C@@H](Cc1c[nH]c2ccccc12)C(=O)NCc1ccccc1,-6.188921,-6.4703226,-6.1605124,train
N=C(N)NCCC[C@H](NC(=O)[C@@H](N)CCCNC(=N)N)C(=O)N[C@@H](Cc1c[nH]c2ccccc12)C(=O)NCc1ccccc1,-6.271211,-6.6053905,-6.2430077,train
N=C(N)NCCC[C@H](NC(=O)[C@@H](NC(=O)[C@@H](N)CCCNC(=N)N)C(c1ccccc1)c1ccccc1)C(N)=O,-6.941501,-6.7578344,-6.592437,train
N=C(N)NCCC[C@H](NC(=O)[C@H](Cc1c[nH]c2ccccc12)NC(=O)[C@@H](N)CCCNC(=N)N)C(=O)NCc1ccccc1,-6.2465115,-6.5924582,-6.201845,train
N=C(N)NCCC[C@H](NC(=O)[C@H](Cc1ccc(-c2ccccc2)cc1)NC(=O)[C@@H](N)CCCNC(=N)N)C(=O)NCc1ccccc1,-6.2367473,-6.5037374,-6.186027,train
N=C(N)NCCC[C@H](NC(=O)[C@H](Cc1ccc(-c2ccccc2)cc1)NC(=O)[C@@H](N)CCCNC(=N)N)C(N)=O,-6.7847915,-6.695802,-6.516011,train
N=C(N)NCCC[C@H](NC(=O)c1ccc(-c2cccs2)s1)C(=O)N[C@@H](CCCCN)C(=O)N[C@@H](C(N)=O)c1ccc(OCc2ccc(Cl)c(Cl)c2)cc1,-7.005826,-6.426893,-6.729829,train
N=C(N)Nc1ccc(CNC(=O)[C@@H](NC(=O)c2ccc(OC3CCCCC3)cc2)c2ccc(OCc3ccccc3)cc2)cc1,-6.894477,-6.1194825,-6.567437,train
N=C(N)Nc1ccc(CNC(=O)[C@@H](NC(=O)c2ccc(Oc3ccccc3)cc2)c2ccc(OCc3ccccc3)cc2)cc1,-6.9188104,-6.013254,-6.4626904,train
N=C(N)Nc1ccc(CNC(=O)[C@@H](NC(=O)c2cccc(Oc3ccccc3)c2)c2ccc(OCc3ccccc3)cc2)cc1,-7.1622086,-6.0649695,-6.588029,train
N=C(N)Nc1ccc(C[C@H](NC(=O)[C@H](Cc2ccc(-c3ccccc3)cc2)NC(=O)[C@@H](N)Cc2ccc(NC(=N)N)cc2)C(=O)NCc2ccccc2)cc1,-6.3587613,-6.1705446,-6.2610598,train
N=c1c2c(-c3ccccc3)c(-c3ccccc3)n(CC3CC3)c2ncn1C1CCOCC1,-4.6522818,-2.7494164,-4.4924417,train
N=c1c2c(-c3ccccc3)c(-c3ccccc3)n(CC3CC3)c2ncn1CCCO,-5.2791634,-2.9303179,-4.572896,train
N=c1c2c(-c3ccccc3)c(-c3ccccc3)n(CC3CCCCC3)c2ncn1CCCO,-5.614863,-2.9296994,-4.6085553,train
N=c1c2c(-c3ccccc3)c(-c3ccccc3)n(CCc3ccccc3)c2ncn1C1CCOCC1,-5.0695424,-2.9727917,-4.635029,train
N=c1c2c(-c3ccccc3)c(-c3ccccc3)n(CCc3ccccc3)c2ncn1CC1CCCO1,-5.267641,-3.319315,-4.721543,train
N=c1c2c(-c3ccccc3)c(-c3ccccc3)n(CCc3ccccc3)c2ncn1CC1CCOC1,-5.370388,-3.432193,-4.773767,train
N=c1c2c(-c3ccccc3)c(-c3ccccc3)n(CCc3ccccc3)c2ncn1CC1CCOCC1,-5.237851,-3.351258,-4.744853,train
N=c1c2c(-c3ccccc3)c(-c3ccccc3)n(CCc3ccccc3)c2ncn1CCO,-5.501345,-3.0616908,-4.673181,train
N=c1c2c(-c3ccccc3)c(-c3ccccc3)n(CCc3ccccc3)c2ncn1[C@H]1CC[C@H](O)CC1,-5.404086,-3.396092,-4.8779635,train
N=c1c2c(-c3ccccc3)c(-c3ccccc3)n(Cc3ccc(OC(F)(F)F)cc3)c2ncn1C1CCOCC1,-4.9715157,-3.0686915,-4.6594715,train
N=c1c2c(-c3ccccc3)c(-c3ccccc3)n(Cc3ccc(OC(F)(F)F)cc3)c2ncn1CCCO,-5.7801914,-3.2633247,-4.7504177,train
N=c1c2c(-c3ccccc3)c(-c3ccccc3)n(Cc3ccc(OC(F)(F)F)cc3)c2ncn1[C@H]1CC[C@@H](O)CC1,-5.187144,-3.2673595,-4.863051,train
N=c1c2c(-c3ccccc3)c(-c3ccccc3)n(Cc3ccc(OC(F)(F)F)cc3)c2ncn1[C@H]1CC[C@H](O)CC1,-5.260001,-3.3859804,-4.876443,train
N=c1c2c(-c3ccccc3)c(-c3ccccc3)n(Cc3ccc(S(N)(=O)=O)cc3)c2ncn1C1CCOCC1,-5.334203,-4.1343765,-4.9622593,train
N=c1c2c(-c3ccccc3)c(-c3ccccc3)n(Cc3ccc(S(N)(=O)=O)cc3)c2ncn1CC1CCOCC1,-5.515947,-4.6204123,-5.042813,train
N=c1c2c(-c3ccccc3)c(-c3ccccc3)n(Cc3ccc(S(N)(=O)=O)cc3)c2ncn1CCCO,-6.3128824,-4.50037,-5.1264668,train
N=c1c2c(-c3ccccc3)c(-c3ccccc3)n(Cc3ccccc3)c2ncn1C1CCC(=O)CC1,-4.975545,-2.8701792,-4.61495,train
N=c1c2c(-c3ccccc3)c(-c3ccccc3)n(Cc3ccccc3)c2ncn1C1CCOCC1,-4.9133244,-2.987707,-4.621908,train
N=c1c2c(-c3ccccc3)c(-c3ccccc3)n(Cc3ccccc3)c2ncn1CC1CCCO1,-5.10378,-3.3355,-4.710093,train
N=c1c2c(-c3ccccc3)c(-c3ccccc3)n(Cc3ccccc3)c2ncn1CC1CCOC1,-5.1911263,-3.4436777,-4.7602744,train
N=c1c2c(-c3ccccc3)c(-c3ccccc3)n(Cc3ccccc3)c2ncn1CC1CCOCC1,-5.072169,-3.3612576,-4.7297225,train
N=c1c2c(-c3ccccc3)c(-c3ccccc3)n(Cc3ccccc3)c2ncn1CC1COC1,-5.3786416,-4.4001827,-4.9296813,train
N=c1c2c(-c3ccccc3)c(-c3ccccc3)n(Cc3ccccc3)c2ncn1CCCCCO,-5.600222,-3.0769336,-4.6891546,train
N=c1c2c(-c3ccccc3)c(-c3ccccc3)n(Cc3ccccc3)c2ncn1CCCCO,-5.6261926,-3.1662717,-4.702677,train
N=c1c2c(-c3ccccc3)c(-c3ccccc3)n(Cc3ccccc3)c2ncn1CCN,-6.162923,-4.014995,-5.141797,train
N=c1c2c(-c3ccccc3)c(-c3ccccc3)n(Cc3ccccc3)c2ncn1CCNc1ccncc1,-5.501429,-3.5861082,-4.932914,train
N=c1c2c(-c3ccccc3)c(-c3ccccc3)n(Cc3ccccc3)c2ncn1C[C@@H]1CCCC[C@H]1CO,-5.0680194,-3.0205963,-4.6565046,train
N=c1c2c(-c3ccccc3)c(-c3ccccc3)n(Cc3ccccc3)c2ncn1C[C@@H]1CCCC[C@H]1O,-5.0795465,-3.1223192,-4.698148,train
N=c1c2c(-c3ccccc3)c(-c3ccccc3)n(Cc3ccccc3)c2ncn1[C@H](CO)Cc1ccccc1,-6.6118145,-5.272039,-5.285176,train
N=c1c2c(-c3ccccc3)c(-c3ccccc3)n(Cc3ccccc3)c2ncn1[C@H]1CC[C@@H](O)CC1,-5.1835413,-3.259301,-4.85037,train
N=c1c2c(-c3ccccc3)c(-c3ccccc3)n(Cc3ccccc3)c2ncn1[C@H]1CC[C@H](O)CC1,-5.241443,-3.3827431,-4.86357,train
N=c1c2c(-c3ccccc3)cn(Cc3ccccc3)c2ncn1C1CCOCC1,-4.4684525,-3.0035655,-4.525133,train
N=c1c2c3c(n(CCc4ccccc4)c2ncn1CCCO)CCCC3,-5.2089925,-3.411228,-4.648192,train
N=c1c2c3c(n(CCc4ccccc4)c2ncn1[C@H]1CC[C@H](O)CC1)CCCC3,-5.1939282,-4.0127206,-4.9722266,train
NC(=O)C(CCN1CCC(O)(c2ccc(Cl)cc2)CC1)(c1ccccc1)c1ccccc1,-5.779493,-5.7013125,-5.955658,train
NC(=O)C1CCN(C(=O)c2c[nH]c3ccccc23)CC1,-6.2088947,-7.6469874,-6.5322537,train
NC(=O)C1CCN(C(=O)c2ccc3cccccc2-3)CC1,-5.9310794,-6.541552,-5.7758946,train
NC(=O)C1CCN(C(=O)c2cccc3ccccc23)CC1,-5.8692126,-6.245021,-5.5534463,train
NC(=O)CCc1c(Cn2c(=O)n(C3CC3)c3ccncc32)nc2cc(Cl)ccn12,-5.7488623,-5.720534,-5.469173,train
NC(=O)N1CCN(CCCN(C[C@H]2Cc3ccccc3CN2)[C@H]2CCCc3cccnc32)CC1,-6.3779383,-7.1292295,-6.8520317,train
NC(=O)N1c2ccccc2C=Cc2ccccc21,-6.2538896,-4.83758,-5.2518415,train
NC(=O)NC/C=C/CN(C[C@H]1Cc2ncccc2CN1)[C@H]1CCCc2cccnc21,-6.7913346,-8.293368,-7.4267616,train
NC(=O)NC/C=C\CN(C[C@H]1Cc2ccccc2CN1)[C@H]1CCCc2cccnc21,-6.561987,-7.8480744,-7.1530185,train
NC(=O)NC/C=C\CN(C[C@H]1Cc2ncccc2CN1)[C@H]1CCCc2cccnc21,-6.695099,-8.170252,-7.2843227,train
NC(=O)NCCCCN(C[C@H]1Cc2ncccc2CN1)[C@H]1CCCc2cccnc21,-6.772112,-8.154085,-7.338731,train
NC(=O)[C@H](CCCN=C(N)N)NC(=O)[C@H](Cc1c[nH]c2ccccc12)NC(=O)[C@@H](N)CCCN=C(N)N,-6.5474195,-6.483966,-6.282186,train
NC(=O)c1c(-c2ccccc2)[nH]c(-c2ccnc(N)n2)c1I,-5.2848263,-5.210176,-5.231497,train
NC(=O)c1cc(-c2ccccc2)cc2c(C3CCN(S(=O)(=O)CCCN4CCCCC4)CC3)c[nH]c12,-6.8260384,-6.8067484,-5.962904,train
NC(=O)c1cc(-c2ccccc2)cc2c(C3CCN(S(=O)(=O)CCCN4CCCCCC4)CC3)c[nH]c12,-6.8625846,-6.6930075,-5.9031353,train
NC(=O)c1cc(-c2ccccc2)cc2c(C3CCN(S(=O)(=O)CCN4CCOCC4)CC3)c[nH]c12,-5.938588,-6.745352,-5.644718,train
NC(=O)c1cc(-c2ccccc2)cc2c(C3CCS(=O)(=O)CC3)c[nH]c12,-6.064842,-6.485262,-5.0430975,train
NC(=O)c1cc(-c2ccnc(N)n2)[nH]c1-c1ccc2sccc2c1,-5.7614474,-5.2968736,-5.4778204,train
NC(=O)c1cc(-c2ccnc(N)n2)[nH]c1-c1ccccc1,-5.3384566,-5.322518,-5.2602177,train
NC(=O)c1cc(-c2ccnc(N)n2)[nH]c1-c1cccs1,-5.712611,-5.2024193,-5.331001,train
NC(=O)c1cc(-c2ccnc(N)n2)[nH]c1-c1ccsc1,-5.299271,-5.274216,-5.2526593,train
NC(=O)c1cc(-c2nc(N)ncc2F)[nH]c1-c1ccccc1,-5.246156,-5.063602,-5.0716906,train
NC(=O)c1cc[n+](C/C=C/C[n+]2cc(Cl)c(/C=N/O)c(Cl)c2)cc1,-8.055275,-5.780365,-6.5937376,train
NC(=O)c1cc[n+](C/C=C/C[n+]2ccc(/C=N/O)c(Cl)c2)cc1,-7.8590064,-5.880502,-6.4381747,train
NC(=O)c1cc[n+](CCCC[n+]2ccc(/C=N/O)c(Cl)c2)cc1,-7.6567216,-6.102283,-6.1150193,train
NC(=O)c1cc[n+](CCCC[n+]2ccc(/C=N/O)cc2)cc1,-7.572315,-6.1326003,-6.106593,train
NC(=O)c1cc[n+](CCC[n+]2cc(Cl)c(/C=N/O)c(Cl)c2)cc1,-7.896841,-5.9697576,-6.3618116,train
NC(=O)c1cc[n+](CCC[n+]2ccc(/C=N/O)c(Cl)c2)cc1,-7.6902747,-6.0882344,-6.186098,train
NC(=O)c1cc[n+](CCC[n+]2ccc(/C=N/O)cc2)cc1,-7.575797,-6.127261,-6.163262,train
NC(=O)c1cc[n+](COC[n+]2ccccc2/C=N/O)cc1,-7.3402314,-6.197097,-5.986943,train
NC(=O)c1ccc(-c2cn3c(-c4ccc(O)cc4)cnc3cn2)cc1,-5.702453,-5.01088,-5.330327,train
NC(=O)c1ccc(CNC(=O)[C@@H](NC(=O)c2ccc(Oc3ccccc3)cc2)c2ccc(OCc3ccccc3)cc2)cc1,-7.0817327,-6.1285734,-6.664402,train
NC(=O)c1ccc(Nc2nc(NCC(F)(F)F)c3cc[nH]c3n2)cc1,-5.254417,-6.734019,-5.6932173,train
NC(=O)c1cccc(NC(=O)[C@@H](NC(=O)c2ccc(-c3ccco3)cc2)c2ccc(OCc3ccccc3)cc2)c1,-7.219289,-6.150536,-6.7314286,train
NC(=O)c1cccc(NC(=O)[C@@H](NC(=O)c2ccc(Oc3ccc(C(F)(F)F)cc3)cc2)c2ccc(OCc3ccccc3)cc2)c1,-7.391532,-6.157414,-6.638522,train
NC(=O)c1cccc(NC(=O)[C@@H](NC(=O)c2ccc(Oc3ccc4c(c3)OCO4)cc2)c2ccc(OCc3ccccc3)cc2)c1,-7.1661544,-5.969337,-6.5551686,train
NC(=O)c1cccc(NC(=O)[C@@H](NC(=O)c2ccc(Oc3ccccc3)cc2)c2ccc(OCc3ccccc3)cc2)c1,-7.2653446,-6.009214,-6.625189,train
NC(=S)N/N=C/c1cccc(F)c1,-5.0949936,-5.023848,-4.827844,train
NC(N)=Nc1nc(-c2ccc(N3CCN(CC(=O)O)CC3)cc2)c2cc(Cl)ccc2n1,-6.7101245,-6.782331,-6.4518843,train
NC(N)=Nc1nc(-c2ccc(N3CCN(CCCC(=O)O)CC3)cc2)c2cc(Cl)ccc2n1,-6.029508,-6.35288,-6.0593443,train
NC(N)=Nc1nc(-c2cccc(N3CCN(C(=O)[C@H](O)[C@@H](O)[C@H](O)[C@H](O)CO)CC3)c2)c2cc(Cl)ccc2n1,-6.7440863,-6.195213,-6.1615415,train
NC(N)=Nc1nc(-c2cccc(N3CCN(CCCC(=O)O)CC3)c2)c2cc(Cl)ccc2n1,-5.957,-6.289892,-6.0141616,train
NC(N)=Nc1nc(-c2cccc(N3CCN(CCO)CC3)c2)c2cc(Cl)ccc2n1,-6.0689197,-6.2185097,-6.116849,train
NC/C=C/CN(C[C@H]1Cc2ccccc2CN1)[C@H]1CCCc2cccnc21,-6.31078,-7.0881653,-6.834013,train
NC/C=C/CN(C[C@H]1Cc2ncccc2CN1)[C@H]1CCCc2cccnc21,-6.457726,-7.4251328,-6.9659324,train
NC/C=C\CN(C[C@H]1Cc2ccccc2CN1)[C@H]1CCCc2cccnc21,-6.329645,-7.063353,-6.804491,train
NC/C=C\CN(C[C@H]1Cc2ncccc2CN1)[C@H]1CCCc2cccnc21,-6.470474,-7.39303,-6.931033,train
NC1CCC(NC(=O)CCCCCc2ccccc2)CC1,-6.825641,-7.7555456,-6.9169693,train
NC1CCN(c2ccc3c(=O)c4cccc(F)c4oc3c2)C1,-4.898937,-6.1697555,-4.9304404,train
NCC(O)CNC(=O)/C=N/O,-5.4566827,-6.485671,-5.440665,train
NCCCCCC(=O)NCCCn1c(=O)c2cc(F)ccc2n2c(=S)[nH]nc12,-5.6777353,-5.0214205,-5.1616745,train
NCCCCCCCCCNc1c2c(nc3cc(Cl)ccc13)CCCC2,-6.5343084,-5.143777,-5.4211226,train
NCCCCCCCCCNc1c2c(nc3ccccc13)CCCC2,-6.4662433,-5.031716,-5.346888,train
NCCCCN(C[C@@H]1Cc2cccnc2CN1)[C@H]1CCCc2cccnc21,-6.4790206,-7.8941517,-7.065761,train
NCCCCN(C[C@@H]1Cc2ncccc2CN1)[C@H]1CCCc2cccnc21,-6.5616336,-7.962506,-7.1062684,train
NCCCCN(C[C@@H]1Cc2nccnc2CN1)[C@H]1CCCc2cccnc21,-6.7036715,-8.116243,-7.2478385,train
NCCCCN(C[C@H]1Cc2nccnc2CN1)[C@H]1CCCc2cccnc21,-6.601258,-7.944634,-7.1898713,train
NCCCn1c(=O)c2cc(F)ccc2n2c(=S)[nH]nc12,-5.3029966,-4.9832807,-5.0352297,train
NCCCn1c(=O)c2cccc(F)c2n2c(=S)[nH]nc12,-5.3431735,-5.0241375,-5.033612,train
NCCNC(=O)/C=N/O,-4.8196616,-6.175127,-4.973025,train
NCCNc1cc(N2CCCc3ccccc3C2)nc2ccccc12,-5.2656794,-6.1828,-5.1837587,train
NCCOCCOCC(=O)N1CCN(C(=O)c2cc(Cc3n[nH]c(=O)c4ccccc34)ccc2F)CC1,-6.4395914,-8.093933,-7.005349,train
NCCOCCOCC(=O)NCc1cccc(C(=O)N2CCC(CCCCNC(=O)/C=C/c3cccnc3)CC2)c1,-6.2967744,-7.677672,-6.7547607,train
NCCOCCOCCOCCC(=O)NCCCn1c(=O)c2cc(F)ccc2n2c(=S)[nH]nc12,-4.7525215,-4.176559,-5.0196176,train
NCCOCCOCCOCCOCCN1CCN(C(c2ccccc2)c2ccc(Cl)cc2)CC1,-4.668828,-3.7398825,-5.0134706,train
NCCS(=O)(=O)N1CCC(c2c[nH]c3c(C(N)=O)cc(-c4ccccc4)cc23)CC1,-6.969767,-7.588229,-6.597466,train
NCCc1c[nH]c2ccc(C(N)=O)cc12,-6.4582176,-7.2216167,-6.7706785,train
NCCc1ccc(O)c(O)c1,-5.293485,-6.2011204,-5.676987,train
NC[C@H]1CC[C@H](C(=O)N[C@@H](Cc2ccccc2)c2nc(-c3ccc4c(N)n[nH]c4c3)c(Cl)[nH]2)CC1,-7.3121324,-8.845888,-8.096942,train
NCc1ccc(-c2nc3cc(Cl)ccc3c3c2CCCN3)cc1,-5.5340443,-4.8396044,-5.1971726,train
NCc1ccc(-c2nc3ccc(Cl)cc3c3c2CCCCN3)cc1,-5.596976,-4.75084,-5.2074685,train
NCc1ccc(-c2nc3ccc(Cl)cc3c3c2CCN3)cc1,-5.71081,-5.015857,-5.339143,train
NCc1ccc(CN(C[C@H]2Cc3ncccc3CN2)[C@H]2CCCc3cccnc32)cc1,-6.301306,-7.4547095,-6.9350796,train
NCc1cccc(C(=O)N2CCC(CCCCNC(=O)/C=C/c3cccnc3)CC2)c1,-5.725628,-6.4306555,-6.1037188,train
NS(=O)(=O)CCc1ccccc1,-5.1873636,-5.856655,-4.6667705,train
NS(=O)(=O)[C@@H]1O[C@H](CO)[C@@H](O)[C@H](O)[C@H]1O,-6.5968137,-6.3103724,-5.8865113,train
NS(=O)(=O)[C@@H]1O[C@H](CO)[C@@H](O[C@H]2O[C@H](CO)[C@@H](O)[C@H](O)[C@H]2O)[C@H](O)[C@H]1O,-7.1409054,-6.220174,-6.2040215,train
NS(=O)(=O)c1cc(C(=O)O)c(NCc2ccco2)cc1Cl,-6.1327467,-7.1109285,-5.817537,train
NS(=O)(=O)c1cc2c(cc1Cl)N=CNS2(=O)=O,-5.9598346,-6.631073,-5.1122203,train
NS(=O)(=O)c1cc2c(cc1Cl)NCNS2(=O)=O,-6.455958,-7.985726,-6.003764,train
NS(=O)(=O)c1ccc(-c2cnn3cc(-c4ccc(C5CCNCC5)cc4)cnc23)c2ccccc12,-5.26948,-4.2572594,-5.1358714,train
NS(=O)(=O)c1ccc(-c2cnn3cc(-c4ccc(OCCN5CCCC5)cc4)cnc23)c2ccccc12,-4.878771,-3.5158627,-4.8658624,train
NS(=O)(=O)c1ccc(-c2cnn3cc(-c4ccc(OCCN5CCCCC5)cc4)cnc23)c2ccccc12,-4.941711,-3.5198073,-4.8793097,train
NS(=O)(=O)c1ccc(-c2cnn3cc(-c4ccc(OCCN5CCCCC5)nc4)cnc23)c2ccccc12,-4.7988324,-3.63446,-4.8648,train
NS(=O)(=O)c1ccc(CNc2nc(Nc3cccc(CN4CCOCC4)c3)ncc2C2CC2)cc1,-5.2554474,-5.77161,-5.3161087,train
NS(=O)(=O)c1ccc(CNc2nc(Nc3cccc(NC(=O)N4CCCC4)c3)ncc2C2CC2)cc1,-6.8784237,-5.7770004,-5.7911396,train
NS(=O)(=O)c1ccc(Cc2c(-c3ccc(F)c(C(=O)N4CCCC4)c3)nn(-c3nc(C(=O)O)cs3)c2CC2CC2)cc1F,-6.3973436,-5.200379,-5.4297504,train
NS(=O)(=O)c1ccc(Cc2c(-c3ccc(F)c(C(=O)NCc4ccccc4)c3)nn(-c3nc(C(=O)O)cs3)c2CC2CC2)cc1F,-6.5328183,-5.221737,-5.4784493,train
NS(=O)(=O)c1ccc(Cc2c(-c3ccc(F)c(NC(=O)c4ccccc4)c3)nn(-c3nc(C(=O)O)cs3)c2CC2CC2)cc1F,-6.5937133,-5.2435617,-5.4257545,train
NS(=O)(=O)c1ccc(Cc2c(-c3ccc(F)c(OC4CC4)c3)nn(-c3nc(C(=O)O)cs3)c2CC2CC2)cc1F,-6.3151445,-5.168048,-5.2313213,train
NS(=O)(=O)c1ccc(Cc2c(-c3ccc(F)c(OCC4CC4(F)F)c3)nn(-c3nc(C(=O)O)cs3)c2CC2CC2)cc1F,-6.1994114,-5.222856,-5.236009,train
NS(=O)(=O)c1ccc(Cc2c(-c3ccc(F)c(OCc4ccc(C(F)(F)F)o4)c3)nn(-c3nc(C(=O)O)cs3)c2CC2CC2)cc1F,-6.589278,-5.474892,-5.3350368,train
NS(=O)(=O)c1ccc(Cc2c(-c3ccc(F)c(OCc4cccc(F)c4)c3)nn(-c3nc(C(=O)O)cs3)c2CC2CC2)cc1F,-6.50184,-5.261793,-5.3550553,train
NS(=O)(=O)c1ccc(Cc2c(-c3cccc(N4CCOCC4)c3)nn(-c3nc(C(=O)O)cs3)c2CC2CC2)cc1F,-5.6145754,-5.1078434,-5.1901436,train
NS(=O)(=O)c1ccc(Cc2c(-c3cccc(Nc4ccccc4)c3)nn(-c3nc(C(=O)O)cs3)c2CC2CC2)cc1,-6.236354,-5.2436996,-5.3686,train
NS(=O)(=O)c1ccc(NC(=O)c2cc(Cl)ccc2O)cc1,-4.81237,-5.4336376,-4.9444103,train
NS(=O)(=O)c1ccc(Nc2ncc3c(n2)-c2ccc(NC(=O)Cc4cccs4)cc2CC3)cc1,-7.0132265,-5.9931393,-5.978176,train
NS(=O)(=O)c1ccc(Nc2ncc3c(n2)-c2ccccc2CC3)cc1,-4.866375,-5.9865975,-4.8264923,train
NS(=O)(=O)c1ccc(Nc2ncc3c(n2)-c2ccsc2CC3)cc1,-4.827778,-6.0815277,-4.8352137,train
NS(=O)(=O)c1ccc(Nc2nccc(-c3ccc(NC(=O)Cc4ccccc4)cc3)n2)cc1,-6.7135267,-6.3881087,-6.16747,train
NS(=O)(=O)c1ccc(Nc2nccc(-c3ccc(NC(=O)Cc4cccs4)cc3)n2)cc1,-6.9309688,-6.4541006,-6.1962304,train
NS(=O)(=O)c1ccc(Nc2nccc(-c3ccccc3)n2)cc1,-4.783746,-6.276614,-4.8804727,train
NS(=O)(=O)c1ccc(Nc2nccc(-c3ccsc3)n2)cc1,-4.7478533,-6.1657414,-4.8417473,train
NS(=O)(=O)c1cccc(-c2n[nH]c3ccc(NC(=O)C(c4ccsc4)N4CCCC4)cc23)c1,-6.054007,-5.494428,-5.5623474,train
N[C@@H](CCC(=O)O)C(=O)NCCCn1c(=O)c2cc(F)ccc2n2c(=S)[nH]nc12,-5.3020353,-4.805762,-4.9745116,train
N[C@@H](CCC(=O)O)C(=O)NCCOCCOCCOCCOCCC(=O)NCCCn1c(=O)c2cc(F)ccc2n2c(=S)[nH]nc12,-5.0561414,-5.1201587,-5.401518,train
N[C@@H](Cc1ccc(O)cc1)C(=O)N[C@@H]1CSCc2ccccc2CSC[C@@H](NC(=O)[C@@H](N)Cc2ccc(O)cc2)C(=O)NCC(=O)N[C@@H](Cc2ccc(F)cc2)C(=O)NNC(=O)[C@H](Cc2ccc(F)cc2)NC(=O)CNC1=O,-7.3766174,-7.097882,-7.003745,train
N[C@H]1CC[C@H](CN(C[C@H]2Cc3ccccc3CN2)[C@H]2CCCc3cccnc32)CC1,-6.506724,-7.5517635,-7.1977396,train
N[C@H]1CC[C@H](N(C[C@H]2Cc3ccccc3CN2)[C@H]2CCCc3cccnc32)CC1,-6.6483765,-7.619872,-7.321306,train
N[C@H]1CC[C@H](Nc2ccc3ncc(-c4cnn(-c5ccc(F)cc5)c4)n3n2)CC1,-6.344824,-7.4712777,-7.0205255,train
Nc1c(C(=O)N[C@@H]2CC[C@H](c3ccccc3)c3ccccc32)[nH]c(=O)[nH]c1=O,-6.167538,-6.909371,-6.2874584,train
Nc1c(C(=O)N[C@@H]2CCc3cc(OCc4ccccc4)ccc32)[nH]c(=O)[nH]c1=O,-5.91347,-6.109979,-6.0092125,train
Nc1c(C(=O)O)cnn1-c1ccc(CC(C(=O)c2ccc(Cl)cc2)c2ccc(F)c(F)c2)cc1,-6.05273,-6.5914125,-6.0256705,train
Nc1c(C(=O)O)cnn1-c1ccc(CC(c2ccc(F)cc2)c2nc(-c3ccc(Cl)cc3)no2)cc1,-6.564307,-7.1602306,-6.46159,train
Nc1c(C(=O)O)cnn1-c1ccc(CN(Cc2ccc(Cl)cc2)Cc2ccc(F)c(F)c2)cc1,-6.026372,-6.478695,-6.1033244,train
Nc1c(C(=O)O)cnn1-c1ccc(CN(Cc2ccc(F)cc2)Cc2ccc(Cl)cc2)cc1,-5.9189487,-6.452113,-6.04829,train
Nc1c(C(=O)O)cnn1-c1ccc(CN(Cc2ccc(F)cc2)Cc2ccc(F)c(F)c2)cc1,-5.846287,-6.669139,-6.138589,train
Nc1c2c(nc3c1C(c1ccc(Cl)c(Cl)c1)c1ccc4ccccc4c1O3)CCCC2,-6.4037075,-5.100965,-5.353402,train
Nc1c2c(nc3c1C(c1ccc([N+](=O)[O-])cc1)c1ccc4ccccc4c1O3)CCCC2,-5.9610176,-5.038883,-5.233753,train
Nc1c2c(nc3cccc(N4CCN(CCCCc5c[nH]c6ccc(Br)cc56)CC4)c13)CCCC2,-5.1462445,-5.452859,-5.1490197,train
Nc1c2c(nc3cccc(N4CCN(CCCCc5c[nH]c6ccc(Cl)cc56)CC4)c13)CCCC2,-5.1225233,-5.4743056,-5.1049614,train
Nc1c2c(nc3cccc(N4CCN(CCCCc5c[nH]c6ccccc56)CC4)c13)CCCC2,-5.0197377,-5.6142945,-5.0420885,train
Nc1c2c(nc3ccccc13)CCCC2,-4.449538,-5.0636992,-4.492205,train
Nc1cc(=O)oc2cc(OCCN3CCN(CCCNc4c5c(nc6ccccc46)CCCC5)CC3)ccc12,-5.901454,-5.7389297,-5.681997,train
Nc1cc(C2CCCN(C(=O)c3ccccc3)C2)[nH]n1,-5.910816,-5.614556,-5.3716826,train
Nc1cc(Cc2ccccc2)c2nn[nH]c2n1,-5.0811906,-6.280347,-5.5674915,train
Nc1cc([C@H](CCCN2CCC(c3ccccc3)CC2)c2ccccc2)c2nn[nH]c2n1,-5.8893147,-7.511052,-6.6259775,train
Nc1cc([C@H](CCN(CCF)C23CCC(c4ccccc4)(CC2)CC3)c2ccccc2)c2nn[nH]c2n1,-6.1316977,-7.5109687,-6.866438,train
Nc1cc([C@H](CCNCc2ccccc2)c2ccccc2)c2nn[nH]c2n1,-5.5750694,-7.184774,-6.304371,train
Nc1cc([C@H](CCN[C@@H]2CC[C@@H](c3ccccc3)C2)c2ccccc2)c2nn[nH]c2n1,-6.1377363,-7.851961,-6.830798,train
Nc1cc([C@H](CCOCc2ccccc2)c2ccccc2)c2nn[nH]c2n1,-5.1091156,-6.532151,-5.7855954,train
Nc1ccc(Cl)cc1,-4.3130064,-4.271586,-4.460147,train
Nc1ccc(Cl)cc1C(=O)Nc1ccc([N+](=O)[O-])cc1Cl,-4.880302,-3.5286639,-4.775049,train
Nc1ccc(NC(=O)c2cc(Cl)ccc2O)c(Cl)c1,-4.8794584,-4.1009536,-4.7782993,train
Nc1ccc([N+](=O)[O-])cc1,-4.4709206,-4.6078734,-4.6377864,train
Nc1ccc2c(=O)n(C(c3ccccc3)c3ccccc3)c(=O)n(C/C=C/COc3ccc(C(=O)O)cc3)c2c1,-5.3538175,-5.8445973,-5.5272207,train
Nc1cccc(C(OCCN2CCCCC2)c2cc3nccc(C(=O)O)c3s2)c1,-5.715909,-5.0253596,-4.9812784,train
Nc1cccc(Cl)c1,-4.443638,-4.489416,-4.515651,train
Nc1cccc(Cl)c1C(=O)Nc1ccc([N+](=O)[O-])cc1Cl,-4.9559903,-3.6909473,-4.8269196,train
Nc1ccccc1,-4.3361835,-4.8105507,-4.4694233,train
Nc1ccccc1Cl,-4.3957305,-4.315824,-4.447287,train
Nc1ccccc1[N+](=O)[O-],-4.433195,-4.4754844,-4.6017447,train
Nc1nc(-c2ccc(F)cc2)c(-c2ccnc(Nc3ccc(N4CCOCC4)cc3)n2)s1,-4.9851665,-5.5541344,-4.8854437,train
Nc1nc(C(F)(F)F)cc2c1[nH]c(=O)n2Cc1ccc(NCCN2CCCC2)nc1,-6.4065065,-6.9306593,-6.4647484,train
Nc1nc(C(F)(F)F)cc2c1[nH]c(=O)n2Cc1ccc(NCCN2CCCCC2)nc1,-6.303405,-6.580588,-6.271936,train
Nc1nc(C(F)(F)F)cc2c1[nH]c(=O)n2Cc1ccc(OCCN2CCCC2)nc1,-5.2107205,-5.697661,-5.2099495,train
Nc1nc(Cc2ccc(-c3cccc4oc5ccccc5c34)cc2)cn1Cc1ccccc1Cl,-6.3410826,-5.8482275,-5.3536506,train
Nc1nc(Nc2ccc(S(N)(=O)=O)cc2)nn1C(=O)Nc1ccc(-c2cc(OCc3ccccc3)cc(C(=O)O)c2)cc1,-6.8289213,-6.3410206,-6.330754,train
Nc1nc(Nc2ccc(S(N)(=O)=O)cc2)nn1C(=O)Nc1ccc(-c2ccc(OCc3ccccc3)c(C(=O)O)c2)cc1,-6.826626,-6.5449343,-6.3578844,train
Nc1nc(Nc2ccc(S(N)(=O)=O)cc2)nn1C(=O)Nc1ccc(-c2cccc(C(=O)O)c2)cc1,-6.8848677,-7.5574884,-6.803521,train
Nc1nc(OCc2ccccc2)c2[nH]nnc2n1,-4.982047,-6.296484,-5.234312,train
Nc1nc(Oc2ccc(NC(=O)N[C@@H](CCc3ccccc3)C(=O)O)cc2)c2cc[nH]c2n1,-5.776673,-6.11907,-5.881877,train
Nc1nc2c(ncn2COCCO)c(=O)[nH]1,-5.249034,-6.8356028,-5.7513475,train
Nc1ncc(-c2nc(N3CCOCC3)nc3c2CCN3c2ccc(CN3CCOCC3)cc2)cn1,-5.2175064,-5.7131495,-5.3046107,train
Nc1ncc(-c2nc(N3CCOCC3)nc3c2CCN3c2ccc(CN3CCOCC3)cc2F)cn1,-5.0316753,-5.4944787,-5.1095963,train
Nc1ncc(-c2nc(N3CCOCC3)nc3c2CCN3c2cccnc2)cn1,-4.88087,-5.715685,-4.971213,train
Nc1nccc(-c2sc(C3CCNCC3)nc2-c2ccc(F)cc2)n1,-5.3853216,-4.680868,-4.927056,train
Nc1nccc2c1CCC(C(=O)N[C@@H](Cc1ccccc1)c1nc(-c3ccc4c(N)n[nH]c4c3)c(Cl)[nH]1)C2,-7.295265,-8.72271,-7.827327,train
Nc1nccc2cc(C(=O)N[C@@H](Cc3ccccc3)c3nc(-c4ccc5c(N)n[nH]c5c4)c(Cl)[nH]3)ccc12,-7.1047716,-8.144313,-7.5016766,train
Nc1nccn2c1c(-c1ccc3ccc(-c4ccccc4)nc3c1F)nc2[C@H]1CC[C@H](C(=O)Nc2nc3ccccc3[nH]2)CC1,-4.4723034,-3.2571318,-4.6587243,train
Nc1nccn2c1c(-c1ccc3ccc(-c4ccccc4)nc3c1F)nc2[C@H]1CC[C@H](C(=O)Nc2nncs2)CC1,-4.7193065,-3.634805,-4.806453,train
Nc1nccn2c1c(-c1ccc3ccc(-c4ccccc4)nc3c1F)nc2[C@H]1CC[C@H](C(=O)O)CC1,-4.370015,-3.203735,-4.4770575,train
Nc1nccn2c1c(-c1ccc3ccc(-c4ccccc4)nc3c1F)nc2[C@H]1CC[C@H](C(N)=O)CC1,-5.430894,-4.4144897,-5.0772295,train
Nc1nccn2c1c(-c1ccc3ccc(-c4ccccc4)nc3c1F)nc2[C@H]1CC[C@H](CO)CC1,-4.587848,-2.9725454,-4.5207114,train
Nc1nnc2n(CCc3ccccc3)c(=O)c3cc(F)ccc3n12,-4.7511754,-3.3357275,-4.679042,train
O/N=C1\CCCC2=C1C(c1ccccc1Cl)N=C(Nc1nc3ccccc3o1)N2,-5.069675,-3.8133945,-4.686596,train
O=C(/C(=C/C=C/c1ccccc1)c1ccc(F)cc1)N1CCN(c2ncccn2)CC1,-5.625894,-4.7305274,-5.256593,train
O=C(/C(=C/C=C/c1ccccc1)c1cccc(C(F)(F)F)c1)N1CCN(c2ncccn2)CC1,-5.926915,-4.9141693,-5.275956,train
O=C(/C(=C/c1ccc(C(F)(F)F)cc1)c1ccc(F)cc1)N1CCN(c2ncccn2)CC1,-5.6435046,-5.211688,-5.095155,train
O=C(/C(=C/c1ccc(C(F)(F)F)cc1)c1cccc(C(F)(F)F)c1)N1CCN(c2ncccn2)CC1,-5.9679494,-5.3822775,-5.1094246,train
O=C(/C(=C/c1ccc(Cl)cc1)c1ccc(F)cc1)N1CCN(c2ncccn2)CC1,-5.5669413,-5.0112348,-5.1744184,train
O=C(/C(=C/c1ccc(Cl)cc1)c1ccccc1)N1CCN(c2ncccn2)CC1,-5.7265644,-5.028665,-5.2077894,train
O=C(/C(=C/c1ccc(F)cc1)c1ccc(F)cc1)N1CCN(c2ncccn2)CC1,-5.255954,-4.997483,-5.0573626,train
O=C(/C(=C/c1ccc(F)cc1)c1cccc(C(F)(F)F)c1)N1CCN(c2ncccn2)CC1,-5.4572716,-5.0488744,-5.032915,train
O=C(/C(=C/c1cccc(Cl)c1)c1ccc(F)cc1)N1CCN(c2ncccn2)CC1,-5.530741,-5.032565,-5.172433,train
O=C(/C(=C/c1cccc(Cl)c1)c1cccc(C(F)(F)F)c1)N1CCN(c2ncccn2)CC1,-5.834179,-5.1815915,-5.1833353,train
O=C(/C(=C/c1cccc(Cl)c1)c1ccccc1)N1CCN(c2ncccn2)CC1,-5.6780562,-5.048673,-5.2056656,train
O=C(/C(=C/c1ccccc1)c1ccc(F)cc1)N1CCN(c2ncccn2)CC1,-5.363257,-5.059345,-5.0833983,train
O=C(/C(=C/c1ccccc1)c1cccc(C(F)(F)F)c1)N1CCN(c2ncccn2)CC1,-5.549257,-5.0706263,-5.0517178,train
O=C(/C(=C/c1ccccc1Cl)c1ccc(F)cc1)N1CCN(c2ncccn2)CC1,-5.8391786,-5.000342,-5.236914,train
O=C(/C(=C/c1ccccc1Cl)c1cccc(C(F)(F)F)c1)N1CCN(c2ncccn2)CC1,-6.173414,-5.2085032,-5.2585125,train
O=C(/C(=C/c1ccccc1Cl)c1ccccc1)N1CCN(c2ncccn2)CC1,-6.0012817,-5.021725,-5.272814,train
O=C(/C=C/c1ccc(F)cc1F)N1CCN(Cc2ccc(O)c3ncccc23)CC1,-4.96562,-4.6273327,-4.9715757,train
O=C(/C=C/c1ccc(O)c(O)c1)OCCc1ccccc1,-4.9177876,-5.191077,-4.914898,train
O=C(/C=C/c1ccc(O)c(O)c1)c1cccnc1,-5.205588,-5.3579297,-5.081231,train
O=C(/C=C/c1cccc(O)c1)c1cccnc1,-4.91523,-5.0904446,-4.8131843,train
O=C(/C=C/c1ccccc1Cl)N1CCN(Cc2ccc(O)c3ncccc23)CC1,-5.235887,-4.616895,-5.0986233,train
O=C(/C=N/O)NCC(O)CO,-4.847255,-5.77756,-4.7024474,train
O=C(/C=N/O)NCCN1CCCC1,-4.7739463,-5.9958353,-4.85437,train
O=C(/C=N/O)NCc1ncc[nH]1,-4.773818,-5.841404,-4.8188066,train
O=C(C=C1CCN(C(=O)c2ccccc2)CC1)N[C@@H]1CCN(Cc2ccc3cc(F)ccc3c2)C1,-4.840108,-4.428934,-4.893765,train
O=C(CCC1=CCN(CCCCc2ccc(Cl)cc2)C1=O)NO,-6.0924826,-7.749658,-6.691337,train
O=C(CCC1=CCN(Cc2cc(C(F)(F)F)cc(C(F)(F)F)c2)C1=O)NO,-6.4179854,-7.656534,-6.436865,train
O=C(CCC1=CCN(Cc2ccc(Br)cc2)C1=O)NO,-6.123201,-8.092274,-6.7397575,train
O=C(CCCCCCC(=O)Nc1ccccc1)NO,-5.669557,-7.609288,-6.3762116,train
O=C(CCCCCc1ccccc1)NC1CCC(O)CC1,-7.0185165,-7.90532,-6.61744,train
O=C(CCCCCc1ccccc1)NC1CCOCC1,-5.309014,-6.8373938,-5.4127507,train
O=C(CCCCCc1ccccc1)N[C@H]1CC[C@H](O)CC1,-6.64092,-8.293764,-6.7231507,train
O=C(CCCCCc1cccnc1)NC1CCC(O)CC1,-6.910919,-9.012264,-7.27501,train
O=C(CCCCCc1ccncc1)NC1CCC(O)CC1,-6.9421134,-9.033956,-7.4282975,train
O=C(CCCCCc1ccncn1)NC1CCC(O)CC1,-7.0062637,-9.125993,-7.4536104,train
O=C(CCCCN1CCCCC1)Nc1cc(-c2ccc(C(F)(F)F)cc2)n[nH]1,-6.4956894,-5.1552157,-5.316956,train
O=C(CCCCN1CCCCC1)Nc1cc(-c2ccc(Cl)cc2)n[nH]1,-6.3329587,-4.898237,-5.3541784,train
O=C(CCCCN1CCCCC1)Nc1cc(-c2ccc(F)cc2)n[nH]1,-6.1802073,-5.0275354,-5.3242917,train
O=C(CCCCN1CCCCC1)Nc1cc(-c2ccco2)n[nH]1,-6.164972,-5.213215,-5.344539,train
O=C(CCCCN1CCCCC1)Nc1cc(-c2ccncc2)n[nH]1,-6.218709,-5.7550626,-5.786863,train
O=C(CCCOCc1ccccc1)N[C@H]1CC[C@H](O)CC1,-6.3253098,-8.589625,-6.6795387,train
O=C(CCCc1c[nH]c2ccccc12)NCCC1CCN(Cc2ccccc2)CC1,-5.2692456,-6.099109,-5.281057,train
O=C(CCN1CCCC1)NN1c2ccccc2Sc2cc(Cl)ccc21,-6.618452,-4.93262,-5.211227,train
O=C(CCN1CCCC1)NN1c2ccccc2Sc2ccccc21,-6.544895,-4.886292,-5.1222444,train
O=C(CCN1CCCC1)Nc1cc(-c2ccc(CN3CCOCC3)cc2)nc2ccc(F)cc12,-5.763678,-7.170398,-6.1471853,train
O=C(CCNCCCCNc1c2c(nc3ccccc13)CCC2)Nc1ccc2c(c1)C(=O)c1cccc3ccnc-2c13,-6.7030478,-5.5374403,-5.715157,train
O=C(CCNCCCCNc1c2c(nc3ccccc13)CCCC2)Nc1ccc2c(c1)C(=O)c1cccc3ccnc-2c13,-6.626717,-5.3646703,-5.613604,train
O=C(CCNCCCCNc1c2c(nc3ccccc13)CCCCC2)Nc1ccc2c(c1)C(=O)c1cccc3ccnc-2c13,-6.6308813,-5.3256583,-5.577391,train
O=C(CCNCCCNc1c2c(nc3ccccc13)CCC2)Nc1ccc2c(c1)C(=O)c1cccc3ccnc-2c13,-6.7694254,-5.3752203,-5.575652,train
O=C(CCNCCCNc1c2c(nc3ccccc13)CCCC2)Nc1ccc2c(c1)C(=O)c1cccc3ccnc-2c13,-6.7021856,-5.226305,-5.500266,train
O=C(CCNCCCNc1c2c(nc3ccccc13)CCCCC2)Nc1ccc2c(c1)C(=O)c1cccc3ccnc-2c13,-6.7116523,-5.1970296,-5.4777546,train
O=C(CCNCCNc1c2c(nc3ccccc13)CCCC2)Nc1ccc2c(c1)C(=O)c1cccc3ccnc-2c13,-6.2585855,-5.4123077,-5.529995,train
O=C(CCOCCc1ccccc1)N[C@H]1CC[C@H](O)CC1,-6.2027655,-8.431562,-6.586429,train
O=C(CCc1c(Cn2c(=O)n(C3CC3)c3ccncc32)nc2cc(Cl)ccn12)NCCO,-5.4168873,-6.1483283,-5.4751163,train
O=C(CCc1ccccc1)NO,-4.726146,-6.3605137,-5.0705357,train
O=C(CCc1ccccc1)c1ccccc1OCC(O)CN1CCN(C(c2ccccc2)c2ccccc2)CC1,-5.9494586,-4.981232,-5.0957513,train
O=C(CCc1ccccc1Cl)N1CCN(Cc2ccc(O)c3ncccc23)CC1,-5.150907,-4.7870026,-4.948941,train
O=C(CCc1nc2cccnc2n1CCO)Nc1ccccc1,-5.4875455,-5.192004,-5.0181255,train
O=C(CCc1nc2ncc(Cl)cc2[nH]1)Nc1cccc(F)c1,-5.6071806,-5.0052376,-5.007452,train
O=C(CCc1nc2ncc(Cl)cc2[nH]1)Nc1ccccc1,-5.694502,-5.008488,-5.048382,train
O=C(CCc1nc2ncccc2[nH]1)Nc1ccccc1,-5.5001082,-5.487025,-5.0483794,train
O=C(CCl)Nc1cccc(-c2nc3ccccc3s2)c1,-5.356828,-3.3740778,-4.637743,train
O=C(CN1CCCC1)NN1c2ccccc2Sc2cc(Cl)ccc21,-6.6796446,-5.1628904,-5.274251,train
O=C(CN1CCCC1)NN1c2ccccc2Sc2ccc(Cl)cc21,-6.6701007,-5.141818,-5.264216,train
O=C(CN1CCCC1)NN1c2ccccc2Sc2ccccc21,-6.656663,-5.2059016,-5.1952033,train
O=C(CN1CCCCC1)NN1c2ccccc2Sc2cc(Cl)ccc21,-6.6772923,-5.0999312,-5.2754884,train
O=C(CN1CCCCC1)NN1c2ccccc2Sc2ccc(Cl)cc21,-6.6623936,-5.0863004,-5.2650857,train
O=C(CN1CCCCC1)NN1c2ccccc2Sc2ccccc21,-6.6569843,-5.1152077,-5.197421,train
O=C(CNCCNc1c2c(nc3ccccc13)CCC2)Nc1ccc2c(c1)C(=O)c1cccc3ccnc-2c13,-5.7164583,-5.4435573,-5.439785,train
O=C(CNCCNc1c2c(nc3ccccc13)CCCC2)Nc1ccc2c(c1)C(=O)c1cccc3ccnc-2c13,-5.7103734,-5.2205987,-5.36364,train
O=C(CNCCNc1c2c(nc3ccccc13)CCCCC2)Nc1ccc2c(c1)C(=O)c1cccc3ccnc-2c13,-5.7369623,-5.1575813,-5.3424196,train
O=C(COCCCc1ccccc1)N[C@H]1CC[C@H](O)CC1,-5.744267,-7.5125656,-5.933277,train
O=C(C[C@@H]1Cc2cc(Cl)c3[nH]c(=O)n(CC(F)(F)F)c3c2CN(CC(F)(F)F)C1=O)N1CCC(n2c(=O)[nH]c3ncccc32)CC1,-6.621219,-7.4092455,-6.6988173,train
O=C(C[C@@H]1Cc2cc(Cl)c3c(c2CN(CC(F)(F)F)C1=O)C(F)(F)C(=O)N3)N1CCC(n2c(=O)[nH]c3ncccc32)CC1,-6.536147,-7.053453,-6.493725,train
O=C(Cc1c[nH]c2ccccc12)NCCC1CCN(Cc2ccccc2)CC1,-5.090342,-5.685002,-5.200624,train
O=C(Cc1ccc(Br)cc1)NCCCn1c(=O)c2cc(F)ccc2n2c(=S)[nH]nc12,-4.8397694,-3.794498,-4.808401,train
O=C(Cc1ccc(F)cc1)NCCCn1c(=O)c2cc(F)ccc2n2c(=S)[nH]nc12,-4.701705,-3.5746698,-4.68972,train
O=C(Cc1ccc(O)cc1)NCCCn1c(=O)c2cc(F)ccc2n2c(=S)[nH]nc12,-5.062087,-4.7621694,-4.940159,train
O=C(Cc1cccc(C(F)(F)F)c1)NCCCn1c(=O)c2cc(F)ccc2n2c(=S)[nH]nc12,-4.7043324,-3.4721851,-4.661133,train
O=C(Cc1cccc(Cl)c1)NCCCn1c(=O)c2cc(F)ccc2n2c(=S)[nH]nc12,-4.7930202,-3.636538,-4.7518086,train
O=C(Cc1cccc(F)c1)NCCCn1c(=O)c2cc(F)ccc2n2c(=S)[nH]nc12,-4.709067,-3.617555,-4.6995926,train
O=C(Cc1ccccc1)N1CCN(c2nc3ccccc3s2)CC1,-5.1805887,-4.630039,-4.7643137,train
O=C(Cc1ccccc1)NCCCn1c(=O)c2cc(F)ccc2n2c(=S)[nH]nc12,-4.73379,-3.4803507,-4.6766233,train
O=C(Cc1ccccc1)Nc1ccc(-c2nc3cc(NC(=O)Cc4ccccc4)ccc3[nH]2)cc1,-7.790282,-5.240466,-6.428259,train
O=C(Cc1ccccc1C(F)(F)F)NCCCn1c(=O)c2cc(F)ccc2n2c(=S)[nH]nc12,-4.64629,-3.458538,-4.631875,train
O=C(Cc1cccnc1)NCCCn1c(=O)c2cc(F)ccc2n2c(=S)[nH]nc12,-4.6834116,-4.0904202,-4.755394,train
O=C(Cn1ccccc1=O)Nc1cc2ccccc2[nH]1,-5.087457,-6.2123237,-5.089233,train
O=C(NC1(C(=O)N[C@@H](Cc2ccccc2)C(=O)NCC2CCN(CC3CCOCC3)CC2)CCCC1)c1ccc(-n2cccc2)cc1Cl,-5.78588,-6.369158,-6.148245,train
O=C(NC1(C(=O)N[C@H](CCCN2CCN(CC3CCOCC3)CC2)Cc2ccccc2)CCCC1)c1cc2ccccc2cn1,-4.690048,-5.0132093,-4.9109697,train
O=C(NC1(C(=O)N[C@H](CCCN2CCN(CC3CCOCC3)CC2)Cc2ccccc2)CCCC1)c1ccc2ccccc2c1,-4.8428254,-5.5083685,-5.091815,train
O=C(NC1(C(F)(F)F)CC1)[C@@H]1CCCCOc2cccc(c2)C[C@H](N2CCCC2=O)C(=O)N[C@@H](CCc2ccccc2)C(=O)N1,-5.903146,-6.900859,-6.106325,train
O=C(NC1CC(F)(F)C1)c1ccc2cc(Oc3ccc(C(F)(F)F)cn3)ccc2n1,-4.451633,-4.987563,-4.4939246,train
O=C(NC1CC(F)C1)c1ccc2cc(Oc3ccc(C(F)(F)F)cn3)ccc2n1,-4.659782,-4.5924225,-4.502158,train
O=C(NC1CC2CCC(C1)N2Cc1ccc2cc(F)ccc2c1)c1cc[n+]([O-])cc1C(=O)N1CCCCC1,-6.109199,-4.816084,-5.804773,train
O=C(NC1CCC1)c1ccc2cc(Oc3ccc(C(F)(F)F)cn3)ccc2n1,-4.367042,-4.792044,-4.4917736,train
O=C(NC1CCCC1)[C@@H]1CCCCOc2cccc(c2)CC2(COC2)C(=O)N[C@@H](CCN2CCOCC2)C(=O)N1,-5.7120304,-6.8857374,-6.0526247,train
O=C(NC1CCCC1)[C@@H]1CCCCOc2cccc(c2)C[C@H](N2CCCC2=O)C(=O)N[C@@H](CCN2CCC(F)(F)CC2)C(=O)N1,-5.9434094,-7.090021,-6.2677984,train
O=C(NC1CCCC1)[C@@H]1CCCCOc2cccc(c2)C[C@H](N2CCCC2=O)C(=O)N[C@@H](CCN2CCOCC2)C(=O)N1,-6.0313797,-7.3207965,-6.349697,train
O=C(NC1CCCC1)[C@@H]1CCCCOc2cccc(c2)C[C@H](N2CCCC2=O)C(=O)N[C@@H](CCc2ccc(F)cc2)C(=O)N1,-5.7527776,-6.81571,-6.0873046,train
O=C(NC1CCCC1)[C@@H]1CCCCOc2cccc(c2)C[C@H](N2CCCC2=O)C(=O)N[C@@H](CCc2ccccc2)C(=O)N1,-5.761677,-6.7325087,-6.0702457,train
O=C(NC1CCCC1)[C@@H]1CCCCOc2cccc(c2)C[C@H](N2CCCC2=O)C(=O)N[C@@H](COc2ccccc2)C(=O)N1,-5.804222,-6.749303,-6.086143,train
O=C(NCC(F)(F)F)[C@@H]1CCCCOc2cccc(c2)C[C@H](N2CCCC2=O)C(=O)N[C@@H](CCc2ccccc2)C(=O)N1,-5.7207227,-6.7732506,-5.9769726,train
O=C(NCC(F)(F)F)[C@@H]1COCCOc2cccc(c2)C[C@H](N2CCCC2=O)C(=O)N[C@@H](CCc2ccccc2)C(=O)N1,-5.82768,-6.8829184,-6.021409,train
O=C(NCCCCCCCCCCNc1c2c(nc3cc(Cl)ccc13)CCCC2)c1cc(=O)c2c(O)cc(O)cc2o1,-6.2760878,-5.206314,-5.4603977,train
O=C(NCCCCCCCCCCNc1c2c(nc3cc(Cl)ccc13)CCCC2)c1cc(=O)c2cc(O)ccc2o1,-6.4661827,-5.153245,-5.4265633,train
O=C(NCCCCCCCCCCNc1c2c(nc3cc(Cl)ccc13)CCCC2)c1cc(=O)c2ccccc2o1,-6.778657,-5.183385,-5.3827467,train
O=C(NCCCCCCCCCCNc1c2c(nc3ccccc13)CCCC2)c1cc(=O)c2cc(O)c(O)cc2o1,-6.4439545,-5.1962223,-5.443279,train
O=C(NCCCCCCCCCCNc1c2c(nc3ccccc13)CCCC2)c1cc(=O)c2cc(O)ccc2o1,-6.402393,-5.053997,-5.355284,train
O=C(NCCCCCCCCCCNc1c2c(nc3ccccc13)CCCC2)c1cc(=O)c2ccccc2o1,-6.716498,-5.066067,-5.3141203,train
O=C(NCCCCO)c1ccc(OCc2cccc(Cl)c2)c(Cl)c1,-6.3589587,-5.0588017,-5.2378654,train
O=C(NCCCCc1ccccc1)NC1CCC(O)CC1,-7.622487,-8.330142,-7.1583376,train
O=C(NCCCCc1ccccc1)NC1CCNCC1,-7.225691,-8.112383,-7.2308016,train
O=C(NCCCN1CCCC1=O)c1cnc(NCc2cc(Cl)ccc2Cl)nc1NC1CCCC1,-7.0533843,-5.881663,-6.106263,train
O=C(NCCCNc1ccnc(Nc2cccc(NC(=O)N3CCCC3)c2)n1)C1CCC1,-7.881192,-6.3519993,-6.4297256,train
O=C(NCCCNc1nc(Nc2cccc(CN3CCOCC3)c2)ncc1C1CC1)C1CCC1,-7.1657543,-6.1416793,-5.8613176,train
O=C(NCCCNc1nc(Nc2cccc(NC(=O)N3CCCC3)c2)ncc1Br)C1CCC1,-7.7014465,-5.698825,-5.8615603,train
O=C(NCCCNc1nc(Nc2cccc(NC(=O)N3CCCC3)c2)ncc1C1CC1)C1CCC1,-8.133227,-5.65777,-5.990444,train
O=C(NCCCc1nnc(C2CC2)n1-c1ccc(F)cc1)NC1CCC(F)CC1,-6.39727,-8.479186,-6.8631687,train
O=C(NCCCc1nnc(C2CC2)n1-c1ccccc1)NC1CCOCC1,-6.3423533,-8.838384,-7.057505,train
O=C(NCCCn1c(=O)c2cc(F)ccc2n2c(=S)[nH]nc12)C1CCCC1,-4.9565196,-3.8523154,-4.7070284,train
O=C(NCCCn1c(=O)c2cc(F)ccc2n2c(=S)[nH]nc12)C1CCOCC1,-4.709582,-4.5540333,-4.7034583,train
O=C(NCCCn1c(=O)c2cc(F)ccc2n2c(=S)[nH]nc12)c1ccc(Cn2ccnc2)cc1,-4.9185495,-4.159345,-4.8558254,train
O=C(NCCCn1c(=O)c2cc(F)ccc2n2c(=S)[nH]nc12)c1ccccc1,-4.8648252,-3.8375978,-4.742969,train
O=C(NCCN1CCC(F)(F)C1)c1cc(NCCCN2CCOCC2)nc2ccc(F)cc12,-5.42595,-6.7485323,-5.65021,train
O=C(NCCN1CCC(F)(F)CC1)c1cc(NCCCN2CCOCC2)nc2ccc(F)cc12,-5.8066397,-7.2648034,-6.149729,train
O=C(NCCN1CCC1)c1cc(-c2ccc(CN3CCOCC3)cc2)nc2ccc(F)cc12,-5.992395,-7.547118,-6.5132856,train
O=C(NCCN1CCCC(F)(F)C1)c1cc(NCCCN2CCOCC2)nc2ccc(F)cc12,-5.5097294,-6.9232025,-5.786013,train
O=C(NCCN1CCCC1)c1cc(-c2ccc(CN3CCCC3=O)cc2)nc2ccc(F)cc12,-6.6885834,-7.8604164,-6.7967706,train
O=C(NCCN1CCCC1)c1cc(-c2ccc(CN3CCOCC3)c(F)c2)nc2ccc(F)cc12,-5.8506026,-7.220769,-6.2502613,train
O=C(NCCN1CCCC1)c1cc(-c2ccc(CN3CCS(=O)(=O)CC3)cc2)nc2ccc(F)cc12,-5.5908995,-7.650011,-5.8811083,train
O=C(NCCN1CCCC1)c1cc(-c2ccc(S(=O)(=O)N3CCOCC3)cc2)nc2ccc(F)cc12,-6.1962724,-7.8682356,-6.186615,train
O=C(NCCN1CCCC1)c1cc(NCCC2CCOCC2)nc2ccc(Cl)cc12,-6.314111,-7.512498,-6.556353,train
O=C(NCCN1CCCC1)c1cc(NCCCCN2CCOCC2)nc2ccc(Cl)cc12,-6.174531,-7.37594,-6.5341024,train
O=C(NCCN1CCCC1)c1cc(NCCCN2CCOCC2)nc2ccc(F)cc12,-6.246572,-7.984473,-6.682483,train
O=C(NCCN1CCCC1)c1ccc(-c2cnc3ccc(NCC4CC4)nn23)cc1,-5.50975,-4.4521556,-5.233261,train
O=C(NCCN1CCCC1)c1ccc(-c2cnc3ccc(NCC4CC4)nn23)cc1F,-5.2991858,-4.091389,-5.0968895,train
O=C(NCCN1CCCC1)c1ccc(-c2cnc3ccc(NCC4CC4)nn23)nc1,-5.393518,-4.8497353,-5.253386,train
O=C(NCCNC1CC1)c1cc(-c2ccc(CN3CCOCC3)cc2)nc2ccc(F)cc12,-5.841119,-7.4770393,-6.337978,train
O=C(NCCO)c1ccc2[nH]cc(C(=O)c3ccccc3)c2c1,-6.2046347,-7.223959,-6.4638467,train
O=C(NCCO)c1ccc2ccc(C(=O)c3ccccc3)c-2cc1,-6.03728,-6.2817116,-5.7300787,train
O=C(NCCc1c[nH]c2ccccc12)c1ccc2[nH]cc(C(=O)c3ccccc3)c2c1,-6.598413,-7.3389616,-6.8629227,train
O=C(NCCc1c[nH]c2ccccc12)c1ccc2ccc(C(=O)c3ccccc3)c-2cc1,-6.555656,-6.809469,-6.4255743,train
O=C(NCCc1ccccn1)c1cc(-c2ccc(CN3CCOCC3)cc2)nc2ccc(F)cc12,-5.368105,-6.8491116,-5.7142324,train
O=C(NCCc1cnc[nH]1)C1=CC2C(C(=O)c3ccccc3)=CN=C2C=C1,-6.0318513,-6.384379,-5.5628657,train
O=C(NCCc1cnc[nH]1)c1ccc2ccc(C(=O)c3ccccc3)c-2cc1,-6.814398,-6.814049,-6.712801,train
O=C(NCCc1nc2ncc(Cl)cc2[nH]1)c1ccccc1,-6.2594547,-5.14452,-5.258996,train
O=C(NC[C@@H]1CCCN1)c1ccc(-c2cnc3ccc(NCC4CC4)nn23)cc1,-5.3523455,-4.916948,-5.1312375,train
O=C(NC[C@@H]1CCCN1)c1ccc(-c2cnc3ccc(NCC4CC4)nn23)cc1Cl,-5.361589,-4.5057135,-5.109568,train
O=C(NC[C@@H]1CCCN1)c1ccc(-c2cnc3ccc(NCC4CC4)nn23)cc1F,-5.2584915,-4.633149,-5.0563273,train
O=C(NC[C@@H]1CCCN1)c1ccc(-c2cnc3ccc(NCc4cccc(Cl)c4)nn23)cc1,-5.7363067,-5.12285,-5.553711,train
O=C(NC[C@@H]1C[C@@H](F)CN1)c1ccc(-c2cnc3ccc(NC4CCC4)nn23)cc1F,-4.9780407,-4.126667,-4.90905,train
O=C(NC[C@@H]1C[C@@H](F)CN1)c1ccc(-c2cnc3ccc(NCC4CC4)nn23)cc1,-5.0925097,-4.1768503,-4.8864465,train
O=C(NC[C@@H]1C[C@@H](F)CN1)c1ccc(-c2cnc3ccc(NCC4CC4)nn23)cc1F,-5.0083904,-3.936212,-4.833181,train
O=C(NC[C@@H]1C[C@@H](F)CN1)c1ccc(-c2cnc3ccc(NCCCCCF)nn23)cc1F,-5.3763676,-4.054838,-4.9497952,train
O=C(NC[C@@H]1C[C@@H](F)CN1)c1ccc(-c2cnc3ccc(NCCCCF)nn23)cc1F,-5.255734,-4.116407,-4.923092,train
O=C(NC[C@@H]1C[C@@H](F)CN1)c1ccc(-c2cnc3ccc(NCCCF)nn23)cc1F,-5.2319946,-4.2860174,-4.927,train
O=C(NCc1cc2cc(Cl)c3oc(=O)[nH]c(=O)c3c2o1)c1cnn2cccnc12,-5.6748333,-6.821188,-5.9174366,train
O=C(NCc1cc2cc(Cl)cc(C(=O)O)c2o1)c1cncc2cccnc12,-6.4882574,-8.289631,-6.8723307,train
O=C(NCc1ccc(F)cc1)c1nc(-c2cccs2)nc(O)c1O,-5.286006,-5.6984267,-5.089478,train
O=C(NCc1ccc(F)cc1)c1nc(C2CCCCN2)nc(O)c1O,-5.7071815,-6.5301847,-5.707866,train
O=C(NCc1ccc(F)cc1)c1nc(C2CCCN2)[nH]c(=O)c1O,-5.418698,-5.825462,-5.273333,train
O=C(NCc1cccc(-c2ccc(CS(=O)(=O)Cc3n[nH]c(=O)[nH]3)cc2)c1)c1nc2ccccc2c(=O)[nH]1,-6.74022,-7.573105,-6.946165,train
O=C(NCc1cccc2c1OCCO2)c1ccc(-c2ccncc2)cc1,-4.6538887,-4.916826,-4.928096,train
O=C(NCc1cccnc1)c1ccc2[nH]cc(C(=O)c3ccccc3)c2c1,-5.534888,-6.703609,-6.1014767,train
O=C(NCc1ccncc1)Nc1ccc2cc(-c3ccccc3)nn2c1,-6.1686788,-7.3087173,-6.298994,train
O=C(NCc1ccncc1)Nc1ccc2cn(-c3ccccc3)nc2c1,-5.5494995,-6.540147,-5.746676,train
O=C(NCc1ccncc1)Nc1ccc2nc(-c3ccccc3)nn2c1,-6.1376553,-7.7586994,-6.681134,train
O=C(NCc1nc(Nc2cc(C3CC3)n[nH]2)c2cccn2n1)c1ccc(F)nc1,-5.88536,-6.2415333,-5.63468,train
O=C(NO)C1(S(=O)(=O)c2ccc(Oc3ccc(OC(F)(F)F)cc3)cc2)CCC2(CCNCC2)C1,-7.584493,-10.722771,-8.520173,train
O=C(N[C@@H]1CCOC1=O)c1ccc2cc(Oc3ccc(C(F)(F)F)cn3)ccc2n1,-4.5247517,-5.268844,-4.626294,train
O=C(N[C@H](CO)[C@H](O)c1ccc([N+](=O)[O-])cc1)C(Cl)Cl,-5.3578467,-5.497447,-5.0937986,train
O=C(N[C@H]1CC[C@@H](c2ccccc2)CC1)c1[nH]c(=O)n(Cc2ccccc2)c(=O)c1O,-4.8815966,-6.37716,-5.208481,train
O=C(N[C@H]1CC[C@H](O)CC1)OCCCCc1ccccc1,-5.4545693,-6.8061957,-5.457571,train
O=C(N[C@H]1C[C@@H](O)C1)c1ccc2cc(Oc3ccc(C(F)(F)F)cn3)ccc2n1,-4.452758,-4.833868,-4.5967035,train
O=C(Nc1c(Cl)cc(F)cc1Cl)c1cc(Cl)ccc1O,-5.120799,-4.700615,-4.9426875,train
O=C(Nc1c(Cl)cc([N+](=O)[O-])cc1Cl)c1cc(Cl)ccc1O,-5.181368,-4.523554,-5.031999,train
O=C(Nc1c(Cl)cncc1Cl)c1ccc(OC(F)F)c(OCC2CC2)c1,-5.7258587,-5.15415,-5.10095,train
O=C(Nc1c(F)cccc1F)c1cc(Cl)ccc1O,-4.688903,-4.5362816,-4.718783,train
O=C(Nc1cc(-c2cc3c([nH]2)C2(CCCNC2)CNC3=O)ccn1)c1cc(F)cc(F)c1,-7.0271726,-7.8572507,-7.3227634,train
O=C(Nc1cc(-c2cc3c([nH]2)C2(CCCNC2)CNC3=O)ccn1)c1ccc(F)cc1,-7.0189385,-8.028484,-7.3552084,train
O=C(Nc1cc(-c2cc3c([nH]2)C2(CCCNC2)CNC3=O)ccn1)c1cccc(F)c1,-7.0108047,-7.9759574,-7.3365517,train
O=C(Nc1cc(-c2cc3c([nH]2)C2(CCCNC2)CNC3=O)ccn1)c1ccccn1,-7.0011086,-8.209332,-7.3146696,train
O=C(Nc1cc(-c2cc3c([nH]2)C2(CCNC2)CNC3=O)ccn1)c1cccc(F)c1,-7.021135,-8.2843895,-7.4966364,train
O=C(Nc1cc(-c2cc3c([nH]2)C2(CCNCC2)CNC3=O)ccn1)c1cccc(F)c1,-6.941923,-8.353395,-7.5475497,train
O=C(Nc1cc(-c2nc3ccccc3o2)ccc1F)c1cc([N+](=O)[O-])ccc1Cl,-5.7321515,-4.072973,-4.9688635,train
O=C(Nc1cc(-c2nc3ccccc3o2)ccc1F)c1cnccc1Cl,-5.3080816,-3.779776,-4.7452064,train
O=C(Nc1cc(-c2nc3ccccc3s2)ccc1F)c1cc([N+](=O)[O-])ccc1Cl,-6.2191553,-4.161022,-5.0333605,train
O=C(Nc1cc(Cl)c(O)c(Cl)c1)Nc1nc2ccc(OC(F)(F)F)cc2s1,-5.890231,-5.2028,-5.2893,train
O=C(Nc1cc2cccccc-2c1)c1cccnc1,-4.6509886,-5.487646,-4.7032213,train
O=C(Nc1ccc(-c2cc3ncccc3[nH]2)cc1)c1ccccc1,-5.7523,-5.499672,-5.145652,train
O=C(Nc1ccc(-c2ccccc2)cc1)c1cc([N+](=O)[O-])ccc1Cl,-5.4476776,-4.277643,-5.0886908,train
O=C(Nc1ccc(-c2nc(N3CCOCC3)nc(N3CCOCC3)n2)cc1)NN1CCCCC1,-5.7756486,-6.9694896,-6.2214556,train
O=C(Nc1ccc(-c2nc(N3CCOCC3)nc(N3CCOCC3)n2)cc1)Nc1cccs1,-5.7066154,-6.183023,-5.8780656,train
O=C(Nc1ccc(C(F)(F)F)cc1)c1cc(Cl)ccc1O,-4.8647337,-4.6830487,-4.6960607,train
O=C(Nc1ccc(CO)cc1)Nc1ccc(-c2nc(N3CCOCC3)nc(N3CCOCC3)n2)cc1,-5.96356,-6.555543,-6.2089787,train
O=C(Nc1ccc(Cl)c(-c2nc3ccccc3s2)c1)c1cc([N+](=O)[O-])ccc1Cl,-6.2776484,-4.6513577,-5.216369,train
O=C(Nc1ccc(Cl)c(C(F)(F)F)c1)c1cc([N+](=O)[O-])ccc1Cl,-5.2899513,-4.3746867,-4.9986567,train
O=C(Nc1ccc(Cl)c(OCF)c1)c1ccccn1,-4.8601437,-4.0208817,-4.6487327,train
O=C(Nc1ccc(Cl)cc1)c1cc(Cl)ccc1O,-4.7940655,-4.339015,-4.741115,train
O=C(Nc1ccc(Cl)cc1)c1cc([N+](=O)[O-])ccc1Cl,-5.1454616,-4.070088,-4.9538617,train
O=C(Nc1ccc(Cl)cc1Cl)c1cc(Cl)ccc1O,-5.084846,-4.371009,-4.8221927,train
O=C(Nc1ccc(F)c(-c2nc3ccccc3o2)c1)c1cnccc1Cl,-4.991621,-4.152151,-4.770289,train
O=C(Nc1ccc(F)c(-c2nc3ccccc3s2)c1)c1cc([N+](=O)[O-])ccc1Cl,-6.074436,-4.570518,-5.1549797,train
O=C(Nc1ccc(F)c(-c2nc3ccccc3s2)c1)c1cnccc1Cl,-5.6430755,-4.258883,-4.9268446,train
O=C(Nc1ccc(F)cc1)Nc1ccc(-c2nc(N3CCOCC3)nc(N3CCOCC3)n2)cc1,-5.5026727,-6.2055635,-5.743639,train
O=C(Nc1ccc(F)cc1)c1cc(Cl)ccc1O,-4.652871,-4.4969378,-4.659669,train
O=C(Nc1ccc(F)cc1Cl)c1cc(Cl)ccc1O,-4.902564,-4.3428903,-4.7260213,train
O=C(Nc1ccc(F)nc1)C1=C(c2nc(Nc3cc(C4CC4)[nH]n3)c3cccn3n2)CCC1,-6.021003,-6.2024117,-5.466554,train
O=C(Nc1ccc(F)nc1)[C@@H]1CCCN1c1nc(Nc2cc(C3CC3)[nH]n2)c2cccn2n1,-5.4010997,-5.9576354,-5.2535677,train
O=C(Nc1ccc(F)nc1)[C@@H]1CCC[C@H]1c1nc(Nc2cc(C3CC3)[nH]n2)c2cccn2n1,-5.788237,-5.8574066,-5.3551674,train
O=C(Nc1ccc(N2CCCCC2)cc1)c1cc(Cl)ccc1O,-4.761411,-4.688527,-4.7776093,train
O=C(Nc1ccc(O)c(Cl)c1)Nc1nc2ccc(OC(F)(F)F)cc2s1,-5.5162005,-4.9652457,-5.0904856,train
O=C(Nc1ccc(O)cc1)Nc1nc2ccc(F)cc2s1,-5.1848087,-5.2446556,-5.159504,train
O=C(Nc1ccc(O[C@@H]2O[C@H](CO)[C@@H](O)[C@H](O)[C@H]2O)cc1)c1cc(Cl)ccc1O,-6.053764,-5.6622863,-5.7592278,train
O=C(Nc1ccc([N+](=O)[O-])c2ccccc12)c1cc(Cl)ccc1O,-4.9020824,-4.4730663,-4.8728685,train
O=C(Nc1ccc([N+](=O)[O-])cc1)c1cc(Cl)ccc1O,-4.8157864,-4.416919,-4.826212,train
O=C(Nc1ccc([N+](=O)[O-])cc1Cl)c1c(O)ccc2ccccc12,-5.0647593,-4.411655,-4.8934383,train
O=C(Nc1ccc([N+](=O)[O-])cc1Cl)c1cc(Br)ccc1O,-4.962146,-4.1144767,-4.847974,train
O=C(Nc1ccc([N+](=O)[O-])cc1Cl)c1cc(Cl)ccc1NS(=O)(=O)c1ccccc1,-5.251052,-3.775776,-4.9422603,train
O=C(Nc1ccc([N+](=O)[O-])cc1Cl)c1cc(Cl)ccc1O,-4.9943132,-4.3275647,-4.870639,train
O=C(Nc1ccc([N+](=O)[O-])cc1Cl)c1cc(F)ccc1O,-4.9518766,-4.3660636,-4.831038,train
O=C(Nc1ccc([N+](=O)[O-])cc1Cl)c1cc([N+](=O)[O-])ccc1O,-5.1124067,-4.443919,-4.9978175,train
O=C(Nc1ccc([N+](=O)[O-])cc1Cl)c1ccc2ccccc2c1O,-5.0302835,-3.9871583,-4.828925,train
O=C(Nc1ccc([N+](=O)[O-])cc1Cl)c1ccccc1,-5.050589,-4.014412,-4.8766465,train
O=C(Nc1ccc([N+](=O)[O-])cc1Cl)c1ccccc1O,-5.0099115,-4.19413,-4.799259,train
O=C(Nc1ccc([N+](=O)[O-])cc1Cl)c1cnc2ccccc2c1O,-5.0439844,-3.9541185,-4.8372703,train
O=C(Nc1ccc2[nH]ccc2n1)c1ccc(Cl)c(Cl)c1,-4.8835588,-4.0616226,-4.8041534,train
O=C(Nc1ccc2[nH]ccc2n1)c1ccc(Cl)c(F)c1,-4.8030314,-4.401245,-4.765823,train
O=C(Nc1ccc2[nH]ccc2n1)c1ccc(F)c(Cl)c1,-4.8478584,-4.4259415,-4.780099,train
O=C(Nc1ccc2cc([N+](=O)[O-])ccc2c1)c1cc(Cl)ccc1O,-4.847313,-4.503265,-4.84506,train
O=C(Nc1ccc2ccccc2c1)c1cccnc1,-4.625244,-5.1264863,-4.669562,train
O=C(Nc1cccc(-c2cc3ncccc3[nH]2)c1)c1ccccc1,-5.1910887,-5.3711157,-4.9595923,train
O=C(Nc1cccc(-c2nc3ccccc3[nH]2)c1)c1cc([N+](=O)[O-])ccc1Cl,-5.70996,-4.5150404,-5.2310696,train
O=C(Nc1cccc(-c2nc3ccccc3o2)c1)c1cc([N+](=O)[O-])ccc1Cl,-5.55848,-4.1168213,-4.9794025,train
O=C(Nc1cccc(-c2nc3ccccc3s2)c1)c1cc([N+](=O)[O-])c(N2CCNCC2)cc1Cl,-6.457665,-4.4381447,-5.3090253,train
O=C(Nc1cccc(-c2nc3ccccc3s2)c1)c1cc([N+](=O)[O-])c(N2CCOCC2)cc1Cl,-5.7740316,-4.613797,-5.1636744,train
O=C(Nc1cccc(-c2nc3ccccc3s2)c1)c1cc([N+](=O)[O-])cnc1Cl,-5.7513466,-4.1849585,-4.9736214,train
O=C(Nc1cccc(-c2nc3ccccc3s2)c1)c1ccc(Cl)nc1Cl,-5.5778885,-4.089761,-4.833247,train
O=C(Nc1cccc(-c2nc3ccccc3s2)c1)c1cnc(Cl)s1,-5.8778467,-3.870664,-4.839165,train
O=C(Nc1cccc(-c2nc3ccccc3s2)c1)c1cnccc1Cl,-5.6259174,-3.8604865,-4.822263,train
O=C(Nc1cccc(-n2cccc2)c1)NC1CCN(Cc2ccccc2)CC1,-4.736392,-3.1825995,-4.8134003,train
O=C(Nc1cccc(C(F)(F)F)c1)N(Cc1ccccc1)C1CCN(CC2CC2)CC1,-4.731509,-3.1525257,-4.6742444,train
O=C(Nc1cccc(C(F)(F)F)c1)N(Cc1ccccc1)C1CCN(CC2CCCC2)CC1,-4.957218,-3.302,-4.7480407,train
O=C(Nc1cccc(C(F)(F)F)c1)N(Cc1ccccc1)C1CCN(CC2CCCCC2)CC1,-5.1335173,-3.2971194,-4.7679143,train
O=C(Nc1cccc(C(F)(F)F)c1)N(Cc1ccccc1)C1CCN(Cc2c[nH]cn2)CC1,-4.9023023,-4.030118,-4.8858786,train
O=C(Nc1cccc(C(F)(F)F)c1)N(Cc1ccccc1)C1CCN(Cc2cc[nH]n2)CC1,-4.652916,-3.458923,-4.695079,train
O=C(Nc1cccc(C(F)(F)F)c1)N(Cc1ccccc1)C1CCN(Cc2ccc(F)cc2)CC1,-4.7238884,-3.0999563,-4.634027,train
O=C(Nc1cccc(C(F)(F)F)c1)N(Cc1ccccc1)C1CCN(Cc2ccc3c(c2)OCCO3)CC1,-4.766111,-3.1298277,-4.662462,train
O=C(Nc1cccc(C(F)(F)F)c1)N(Cc1ccccc1)C1CCN(Cc2ccc3c(c2)OCO3)CC1,-4.607351,-2.8521674,-4.5191636,train
O=C(Nc1cccc(C(F)(F)F)c1)N(Cc1ccccc1)C1CCN(Cc2ccccc2)CC1,-4.7658195,-3.0286775,-4.624378,train
O=C(Nc1cccc(C(F)(F)F)c1)N(Cc1ccccc1)C1CCN(Cc2nccs2)CC1,-4.7142596,-3.5485058,-4.69934,train
O=C(Nc1cccc(C(F)(F)F)c1)N(Cc1ccccc1)C1CCNCC1,-5.051096,-3.390641,-4.875247,train
O=C(Nc1cccc(C(F)(F)F)c1)NC1CCN(Cc2ccc(Cl)cc2)CC1,-4.6664495,-2.7853923,-4.6293354,train
O=C(Nc1cccc(C(F)(F)F)c1)NC1CCN(Cc2ccc(F)cc2)CC1,-4.5685186,-2.7750664,-4.598652,train
O=C(Nc1cccc(C(F)(F)F)c1)NC1CCN(Cc2cccc(Cl)c2)CC1,-4.7108793,-2.9266076,-4.6766067,train
O=C(Nc1cccc(C(F)(F)F)c1)NC1CCN(Cc2cccc(F)c2)CC1,-4.6054296,-2.8582141,-4.622498,train
O=C(Nc1cccc(C(F)(F)F)c1)NC1CCN(Cc2ccccc2)CC1,-4.598187,-2.7038689,-4.586777,train
O=C(Nc1cccc(C(F)(F)F)c1)NC1CCN(Cc2ccccc2Cl)CC1,-4.7323523,-2.807097,-4.646707,train
O=C(Nc1cccc(C(F)(F)F)c1)NC1CCN(Cc2ccccc2F)CC1,-4.5839853,-2.7633708,-4.596846,train
O=C(Nc1cccc(C(F)(F)F)c1)c1cc(Cl)ccc1O,-4.8028207,-4.5360994,-4.6233883,train
O=C(Nc1cccc(F)c1)c1cc(Cl)ccc1O,-4.6232405,-4.6746416,-4.6373267,train
O=C(Nc1cccc(O)c1)Nc1nc2ccc(F)cc2s1,-5.0740633,-4.711947,-4.903164,train
O=C(Nc1cccc(O)c1)c1cc(Cl)ccc1O,-4.5498414,-4.5300817,-4.630735,train
O=C(Nc1cccc([N+](=O)[O-])c1)c1cc(Cl)ccc1O,-4.774363,-4.5005274,-4.8039026,train
O=C(Nc1ccccc1)NC1CCN(Cc2ccccc2)CC1,-4.703161,-3.0762348,-4.728291,train
O=C(Nc1ccccc1)Nc1ccc(-c2nc(N3CCOCC3)nc(N3CCOCC3)n2)cc1,-5.515392,-6.199982,-5.74053,train
O=C(Nc1ccccc1)Nc1cccc(Nc2nccc(Nc3ccc4cc[nH]c4c3)n2)c1,-6.308301,-4.369622,-5.353379,train
O=C(Nc1ccccc1C(F)(F)F)c1cc(Cl)ccc1O,-4.8610835,-4.7349267,-4.680398,train
O=C(Nc1ccccc1Cl)c1cc(Cl)ccc1O,-4.9291906,-4.3400984,-4.7300773,train
O=C(Nc1ccccc1[N+](=O)[O-])c1cc(Cl)ccc1O,-4.8274026,-4.4361176,-4.823109,train
O=C(Nc1ccncc1)Nc1ccc(-c2nc(N3CCOCC3)nc(N3CCOCC3)n2)cc1,-5.5751476,-6.327322,-5.8346395,train
O=C(Nc1ccncc1Cl)c1cc(Cl)ccc1O,-4.7336173,-4.2688117,-4.687137,train
O=C(Nc1cnccc1-c1ccccc1)c1ccnn2cc(-c3ccccc3)nc12,-4.7558155,-4.057246,-4.787586,train
O=C(Nc1cnccc1N1CCC(F)(F)CC1)c1ccnn2cc(-c3ccccc3)nc12,-4.744635,-4.3693357,-4.779786,train
O=C(Nc1nc(-c2ccc(Cl)cc2)c(-c2ccc(Cl)cc2)s1)C1CCN(Cc2cc(F)cc(F)c2)CC1,-6.087679,-5.1756063,-5.3536253,train
O=C(Nc1nc(-c2ccc(Cl)cc2)c(-c2ccc(Cl)cc2)s1)C1CCN(Cc2cccc(F)c2)CC1,-6.0815535,-4.8762665,-5.296615,train
O=C(Nc1nc(-c2ccc(F)c(F)c2)cs1)c1cc([N+](=O)[O-])ccc1Cl,-5.4822397,-4.636896,-5.172318,train
O=C(Nc1nc(-c2ccc(F)cc2)c(-c2ccnc(Nc3ccc(N4CCNCC4)cc3)n2)s1)C1CC1,-6.2002797,-5.1709943,-5.446647,train
O=C(Nc1nc(-c2cccc(F)c2)cs1)c1cc([N+](=O)[O-])ccc1Cl,-5.379401,-4.6080794,-5.124062,train
O=C(Nc1nc2c(Cl)cccc2s1)c1cc([N+](=O)[O-])ccc1Cl,-5.5649614,-4.581986,-5.145085,train
O=C(Nc1nc2cc(-c3ccccc3)ccn2n1)c1cccc(Cl)c1,-4.830139,-5.782817,-5.0491447,train
O=C(Nc1nc2ccc(Cl)cc2s1)c1cc([N+](=O)[O-])ccc1Cl,-5.252046,-4.7226176,-5.09191,train
O=C(Nc1nc2ccc(F)cc2s1)c1cc([N+](=O)[O-])ccc1Cl,-5.099671,-4.7336216,-5.020078,train
O=C(Nc1nc2nc(-c3ccccc3)ccn2n1)c1cccc([N+](=O)[O-])c1,-4.7022057,-5.9921,-5.099043,train
O=C(Nc1ncc([N+](=O)[O-])s1)c1cc(Cl)ccc1O,-4.833646,-4.5918603,-4.919858,train
O=C(Nc1nnc(C2CC2)o1)NC1C2CC3CC(C2)CC1C3,-6.3338833,-2.8193014,-4.454426,train
O=C(Nc1nnc(C2CCC2)o1)NC1C2CC3CC(C2)CC1C3,-6.646921,-2.991525,-4.5126967,train
O=C(Nc1nncs1)C1=C(C(F)(F)F)NC(Nc2nc3ccccc3o2)=NC1c1ccccc1Cl,-5.7339654,-4.4244576,-5.095942,train
O=C(Nc1nncs1)C1=C(c2cnccn2)NC(Nc2nc3ccccc3o2)=NC1c1ccccc1Cl,-5.7413177,-4.2963448,-5.138639,train
O=C(O)/C=C/C(=O)Nc1cccc(-c2nc3ccccc3s2)c1,-5.3550477,-4.866562,-4.7349696,train
O=C(O)C1(C(F)(F)F)CCN(c2ccc3c(=O)c4cccc(Cl)c4oc3c2)C1,-6.076263,-5.8830466,-5.062444,train
O=C(O)C1CCCN(c2ccc3c(=O)c4cccc(Cl)c4oc3c2)C1,-5.5839458,-5.6932535,-4.9126444,train
O=C(O)C1CCN(c2cc3oc4c(Cl)cccc4c(=O)c3cc2Cl)C1,-5.5357523,-5.6164446,-4.951057,train
O=C(O)C1CCN(c2cc3oc4c(Cl)cccc4c(=O)c3cn2)C1,-5.1357183,-5.837943,-4.882364,train
O=C(O)C1CCN(c2ccc3c(=O)c4c(C(F)(F)F)ccc(Cl)c4oc3c2)C1,-5.258575,-5.791,-4.8435082,train
O=C(O)C1CCN(c2ccc3c(=O)c4c(F)ccc(Cl)c4oc3c2)C1,-4.985806,-5.855551,-4.8369164,train
O=C(O)C1CCN(c2ccc3c(=O)c4c(O)ccc(Cl)c4oc3c2)C1,-5.0243106,-5.6677914,-5.026012,train
O=C(O)C1CCN(c2ccc3c(=O)c4cccc(Cl)c4oc3c2)C1,-5.2200675,-5.8697267,-4.880965,train
O=C(O)C1CCN(c2ccc3c(c2)Oc2c(Cl)cccc2S3(=O)=O)C1,-6.4196806,-5.8798304,-5.0758314,train
O=C(O)CC1CCN(c2ccc3c(=O)c4cccc(Cl)c4oc3c2)C1,-5.1641645,-6.1443195,-5.0090375,train
O=C(O)CCc1c(Cn2c(=O)n(C3CC3)c3ccncc32)nc2cc(Cl)ccn12,-4.976948,-5.8065753,-5.148726,train
O=C(O)CCc1ccccc1,-4.6628637,-5.733058,-4.6369743,train
O=C(O)CNC(=O)C1CC(=O)C2=C(C1)NC(Nc1nc3ccccc3o1)=NC2c1ccccc1Cl,-5.7087903,-5.5607944,-5.280191,train
O=C(O)Cc1ccc(Nc2nc(-c3ccccc3)nc3c2CCS(=O)(=O)C3)cc1,-5.6046367,-5.554255,-4.992774,train
O=C(O)Cc1ccc(Nc2nc(-c3ccccc3)nc3c2CSC3)cc1,-5.305308,-4.8738008,-4.892796,train
O=C(O)Cc1ccc(Nc2nc(-c3ccccc3)nc3c2S(=O)(=O)CCC3)cc1,-5.488886,-5.084632,-4.9738383,train
O=C(O)Cc1ccc(Nc2nc(-c3ccccc3)nc3c2SCCC3)cc1,-5.275616,-4.6821976,-4.894292,train
O=C(O)[C@@H]1CCN(c2ccc3c(=O)c4cccc(Cl)c4oc3c2)C1,-4.7221007,-5.423714,-4.7164164,train
O=C(O)[C@H]1CCN(c2ccc3c(=O)c4c(Cl)ccc(Cl)c4oc3c2)C1,-4.73455,-5.37663,-4.725627,train
O=C(O)c1c(F)ccc2cc(CNC(=O)c3cnn4cccnc34)oc12,-6.9253197,-8.2890625,-6.986945,train
O=C(O)c1c(N2CCCCC2)nc2c(Cl)cc(Cl)cc2c1-c1ccccc1,-5.758001,-5.401807,-5.0434575,train
O=C(O)c1c(N2CCCCC2)nc2ccc(Cl)cc2c1-c1ccccc1,-5.184639,-5.560456,-4.8629923,train
O=C(O)c1c(O)c(F)c(F)c(F)c1F,-5.3027987,-6.586687,-5.2057147,train
O=C(O)c1cc(-c2ccc(CC(C(=O)c3ccc(F)cc3)c3ccc(F)cc3)cc2)no1,-5.451963,-4.656944,-4.8920393,train
O=C(O)c1cc(-c2ccc(CC(C(=O)c3ccccc3)c3ccccc3)cc2)no1,-5.6655426,-4.681994,-4.9523535,train
O=C(O)c1cc(-c2ccc(Cl)c(OC3CC3)c2)ncn1,-6.6768446,-5.427221,-5.08308,train
O=C(O)c1cc(Cl)cc2cc(CNC(=O)c3cnn4cccnc34)oc12,-6.5811343,-8.135672,-6.8532066,train
O=C(O)c1cc2c(=O)c3cccc(Cl)c3oc2cc1N1CCCC1,-4.914524,-5.802501,-4.8046207,train
O=C(O)c1ccc(CN(C[C@@H]2C[C@@H](F)CN2)C(=O)c2ccc(-c3cnc4ccc(NCC5CC5)nn34)cc2)cc1,-5.3013787,-5.443133,-5.2595057,train
O=C(O)c1ccc(OC/C=C/Cn2c(=O)n(C(c3ccccc3)c3ccccc3)c(=O)c3ccc(-n4cncn4)cc32)cc1,-5.531274,-6.0536456,-5.6670165,train
O=C(O)c1ccc(OC/C=C/Cn2c(=O)n(C(c3ccccc3)c3ccccc3)c(=O)c3ccc(N4CCOCC4)cc32)cc1,-5.2638974,-5.7789345,-5.437773,train
O=C(O)c1ccc(OC/C=C/Cn2c(=O)n(C(c3ccccc3)c3ccccc3)c(=O)c3ccc([N+](=O)[O-])cc32)cc1,-5.3403916,-5.836024,-5.491099,train
O=C(O)c1ccc2cc(CNC(=O)c3cnn4cccnc34)oc2c1,-6.2560563,-8.100906,-6.522797,train
O=C(O)c1ccc2nc(-c3cc(Cl)cc(Cl)c3)oc2c1,-5.5479374,-5.0146804,-4.84819,train
O=C(O)c1ccc2oc(CNC(=O)c3cnn4cccnc34)cc2c1,-6.157424,-7.915296,-6.3926725,train
O=C(O)c1cccc(-n2sc3ccccc3c2=O)c1,-5.519352,-5.0627217,-4.7473183,train
O=C(O)c1cccc2c(Cl)c(CNC(=O)c3cnn4cccnc34)oc12,-5.9376526,-6.7891216,-5.6313176,train
O=C(O)c1cccc2cc(Cn3ccc4ccncc4c3=O)oc12,-6.0648274,-7.4071913,-5.9046774,train
O=C(O)c1ccccc1Nc1ccccc1,-5.1178484,-5.6154213,-4.751537,train
O=C(O)c1ccncc1NC[C@@H]1CCCc2cc(Oc3ccccc3)ccc21,-6.529706,-7.45319,-6.2027407,train
O=C(O)c1ccncc1NC[C@@H]1CCCc2cc(Sc3ccccc3)ccc21,-6.697299,-6.722591,-5.851654,train
O=C(O)c1csc(-c2ccc(CC(C(=O)c3ccccc3)c3ccccc3)cc2)n1,-6.401293,-4.7317476,-5.0598297,train
O=C(O)c1csc(-c2ccc(CC(c3ccc(F)cc3)c3nc(-c4cccc(F)c4)no3)cc2)n1,-6.2949157,-4.9299965,-5.1180453,train
O=C(O)c1nc(-c2ccc(-c3ccccc3)cc2)[nH]c(=O)c1O,-7.3836164,-7.192596,-6.4577637,train
O=C(O)c1nc(Cc2ccc(Cl)c(Cl)c2)nc(O)c1O,-6.864689,-6.6602306,-5.9588037,train
O=C(OCC(F)(F)F)c1cc(F)cc2cc(CNC(=O)c3cnn4cccnc34)oc12,-5.1486235,-6.1441317,-5.0379815,train
O=C(Oc1ccc([N+](=O)[O-])cc1)N1CCN(S(=O)(=O)c2ccc(-c3ccc(Cl)c(Cl)c3)cc2)CC1,-6.0798283,-6.420902,-5.501081,train
O=C(Oc1ccc([N+](=O)[O-])cc1)N1CCN(S(=O)(=O)c2ccc(C3CCCCC3)cc2)CC1,-5.469873,-6.4425,-5.1294246,train
O=C(Oc1ccc([N+](=O)[O-])cc1)N1CCN(S(=O)(=O)c2ccc(Oc3ccc(Cl)c(Cl)c3)cc2)CC1,-5.966988,-6.2282495,-5.310762,train
O=C(Oc1ccc([N+](=O)[O-])cc1)N1CCN(S(=O)(=O)c2ccc(Oc3cccc(Cl)c3)cc2)CC1,-5.7966766,-6.3432274,-5.211936,train
O=C(Oc1ccc([N+](=O)[O-])cc1)N1CCN(S(=O)(=O)c2ccc(Oc3ccccc3)cc2)CC1,-5.5944533,-6.420624,-5.147407,train
O=C(Oc1ccc([N+](=O)[O-])cc1)N1CCN(S(=O)(=O)c2ccc(Oc3ccccc3Cl)cc2)CC1,-6.1159887,-6.2583795,-5.3021693,train
O=C(Oc1ccc([N+](=O)[O-])cc1)N1CCN(S(=O)(=O)c2ccc(Oc3ncc(C(F)(F)F)cc3Cl)cc2)CC1,-5.926073,-6.4786234,-5.229838,train
O=C(Oc1ccc([N+](=O)[O-])cc1)N1CCN(S(=O)(=O)c2ccc3ccccc3c2)CC1,-5.5456133,-6.707733,-5.2362385,train
O=C([C@@H](c1ccccc1)N1CCCC1)N1CCC[C@H]1c1ncc(-c2ccc(-c3ccc(-c4cnc([C@@H]5CCCN5C(=O)[C@@H](c5ccccc5)N5CCCC5)[nH]4)cc3)cc2)[nH]1,-6.656103,-6.884095,-6.8092012,train
O=C([C@@H](c1ccccc1)N1CCCCC1)N1CCC[C@H]1c1ncc(-c2ccc(-c3ccc(-c4cnc([C@@H]5CCCN5C(=O)[C@@H](c5ccccc5)N5CCCCC5)[nH]4)cc3)cc2)[nH]1,-6.5741587,-6.6116457,-6.681548,train
O=C([C@@H](c1ccccc1)N1CCOCC1)N1CCC[C@H]1c1ncc(-c2ccc(-c3ccc(-c4cnc([C@@H]5CCCN5C(=O)[C@@H](c5ccccc5)N5CCOCC5)[nH]4)cc3)cc2)[nH]1,-6.658099,-6.744685,-6.622419,train
O=C(c1cc(-c2ccc(CN3CCOCC3)cc2)nc2ccc(F)cc12)N1CCC(O)CC1,-6.3602443,-7.593769,-6.677312,train
O=C(c1cc(C(F)(F)F)n[nH]1)N1CCCC(c2cc3ncccc3[nH]2)C1,-6.0495286,-6.065478,-5.326465,train
O=C(c1cc(C(F)(F)F)no1)N1CCCC(c2cc3nc(NCc4ccccc4)ccc3[nH]2)C1,-6.917628,-5.871685,-5.5818105,train
O=C(c1cc(C(F)(F)F)no1)N1CCCC(c2cc3ncc(-c4ccccc4)cc3[nH]2)C1,-6.580391,-5.7111826,-5.3470144,train
O=C(c1cc(C(F)(F)F)no1)N1CCCC(c2cc3ncc(Br)cc3[nH]2)C1,-6.6187363,-5.8454075,-5.4151096,train
O=C(c1cc(C(F)(F)F)no1)N1CCCC(c2cc3ncccc3[nH]2)C1,-6.4431496,-5.723159,-5.269691,train
O=C(c1cc(C2CC2)no1)N1CCOC(c2cc3ncccc3[nH]2)C1,-5.315561,-5.2872057,-4.8988457,train
O=C(c1cc(Cc2n[nH]c(=O)c3ccccc23)ccc1F)N1CCN(C(=O)C2CC2)CC1,-5.2279887,-5.5737305,-5.1173253,train
O=C(c1cc(Cc2n[nH]c(=O)c3ccccc23)ccc1F)N1CCNCC1,-5.60231,-6.805011,-6.010782,train
O=C(c1ccc(-c2cn3c(-c4ccc(O)cc4)cnc3cn2)cc1)N1CCOCC1,-5.335307,-4.8486347,-5.126983,train
O=C(c1ccc(-c2cnc3ccc(NCC4CC4)nn23)cc1)N(C/C=C/c1ccccc1)C[C@@H]1C[C@@H](F)CN1,-5.4046283,-4.645989,-5.2556295,train
O=C(c1ccc(-c2cnc3ccc(NCC4CC4)nn23)cc1)N(CCO)C[C@@H]1C[C@@H](F)CN1,-5.309287,-4.563072,-5.027006,train
O=C(c1ccc(-c2cnc3ccc(NCC4CC4)nn23)cc1)N(Cc1cccc(Cl)c1)C[C@@H]1C[C@@H](F)CN1,-5.1057587,-4.218966,-5.0063324,train
O=C(c1ccc(-c2cnc3ccc(NCC4CC4)nn23)cc1)N(Cc1ccccc1)C[C@@H]1C[C@@H](F)CN1,-5.036694,-4.0536985,-4.928542,train
O=C(c1ccc(C(F)(F)F)nc1)N1CCCC(c2cc3ncccc3[nH]2)C1,-5.980571,-5.8574057,-5.212818,train
O=C(c1ccc(Cn2ccc3cc(Cl)ccc32)cc1)N1CC[C@H](N2CCCC2)C1,-4.676126,-5.5018606,-4.934612,train
O=C(c1ccc(Cn2ccc3ccc(Cl)cc32)cc1)N1CC[C@H](N2CCCC2)C1,-4.732077,-5.515129,-4.9511704,train
O=C(c1ccc(Cn2ccc3cccc(Cl)c32)cc1)N1CC[C@H](N2CCCC2)C1,-4.8286724,-4.997069,-4.89904,train
O=C(c1ccc(Cn2ccc3ccccc32)cc1)N1CC[C@H](N2CCCC2)C1,-4.72612,-5.819086,-4.9319835,train
O=C(c1ccc(Cn2cnc3ccccc32)cc1)N1CC[C@H](N2CCCC2)C1,-4.73876,-5.814374,-4.960948,train
O=C(c1ccc(F)c(Cl)c1)N1CCC(F)(CNCCOc2cccc3[nH]ccc23)CC1,-4.895826,-5.133698,-5.1408215,train
O=C(c1ccc(F)c(Cl)c1)N1CCC(F)(CNCCOc2ccccc2)CC1,-4.8685303,-4.7789607,-5.025464,train
O=C(c1ccc(F)cc1)N1CCC(c2cc3ncccc3[nH]2)C1,-5.57955,-5.7583427,-5.181122,train
O=C(c1ccc(F)cc1)N1CCCC(c2cc3nc(C(F)(F)F)ccc3[nH]2)C1,-6.4435625,-5.768399,-5.2903066,train
O=C(c1ccc(F)cc1)N1CCCC(c2cc3nc(Cl)ccc3[nH]2)C1,-5.8309193,-5.453317,-5.190574,train
O=C(c1ccc(F)cc1)N1CCCC(c2cc3nc(N4CCCC4)ccc3[nH]2)C1,-5.775399,-5.791967,-5.33253,train
O=C(c1ccc(F)cc1)N1CCCC(c2cc3ncc(Cl)cc3[nH]2)C1,-6.0026813,-5.416009,-5.2289248,train
O=C(c1ccc(F)cc1)N1CCCC(c2cc3ncccc3[nH]2)C1,-5.6507945,-5.535338,-5.14727,train
O=C(c1ccc(F)nc1)N1CCC[C@H]1c1nc(Nc2cc(C3CC3)[nH]n2)c2cccn2n1,-5.560648,-5.7225795,-5.1044693,train
O=C(c1ccc2c(c1)ncn2-c1cccc(Cl)c1)N1CCCCC1,-4.4893346,-3.2528234,-4.6036234,train
O=C(c1ccc2cc(Oc3ccc(C(F)(F)F)cc3)ccc2n1)N1CCNCC1,-5.036293,-4.9710774,-4.9301353,train
O=C(c1ccc2cc(Oc3ccc(C(F)(F)F)cn3)ccc2n1)N1CC(F)(F)C1,-4.533944,-4.975716,-4.447568,train
O=C(c1ccc2cc(Oc3ccc(C(F)(F)F)cn3)ccc2n1)N1CCC1,-4.232185,-4.5644884,-4.438168,train
O=C(c1ccc2cc(Oc3ccc(C(F)(F)F)cn3)ccc2n1)N1CCCC1,-4.2446895,-4.4197145,-4.4061737,train
O=C(c1ccc2cc(Oc3ccc(C(F)(F)F)cn3)ccc2n1)N1CCNCC1,-4.974837,-5.39948,-4.968236,train
O=C(c1ccc2cc(Oc3ccc(C(F)(F)F)cn3)ccc2n1)N1CC[C@@H](F)C1,-4.274417,-4.616743,-4.390644,train
O=C(c1ccc2cc(Oc3ccc(C(F)(F)F)cn3)ccc2n1)N1CC[C@H](F)C1,-4.28689,-4.640866,-4.4000187,train
O=C(c1ccc2cc(Oc3ccc(C(F)F)cn3)ccc2n1)N1CCNCC1,-4.9581566,-5.5220876,-4.982028,train
O=C(c1ccc2cc(Oc3ccc(OC(F)(F)F)cn3)ccc2n1)N1CCNCC1,-4.760651,-5.3018556,-4.939313,train
O=C(c1ccc2cc(Oc3ccc(S(=O)(=O)C(F)(F)F)cc3)ccc2n1)N1CCNCC1,-5.383022,-5.8848114,-5.3028216,train
O=C(c1ccc2cc(Oc3ncc(C(F)(F)F)cn3)ccc2n1)N1CCNCC1,-4.8871326,-5.6108675,-4.9564667,train
O=C(c1cccc(C(F)(F)F)n1)N1CCCC(c2cc3ncccc3[nH]2)C1,-6.0583754,-5.8336244,-5.0767374,train
O=C(c1ccccc1)N1C=C(c2cc3ncccc3[nH]2)CCC1,-5.0530014,-5.662588,-5.0330777,train
O=C(c1ccccc1)N1CC=C(c2cc3ccccc3[nH]2)CC1,-4.862986,-5.297445,-4.906069,train
O=C(c1ccccc1)N1CC=C(c2cc3ncccc3[nH]2)CC1,-4.9809737,-5.50029,-5.012765,train
O=C(c1ccccc1)N1CCC(c2cc3ncccc3[nH]2)CC1,-5.1365185,-5.827215,-5.039989,train
O=C(c1ccccc1)N1CCCC(c2cc3ncccc3[nH]2)C1,-5.7332945,-5.483759,-5.1242404,train
O=C(c1ccccc1)N1CCCC(c2cc3ncccn3n2)C1,-4.704898,-4.7266684,-4.6771336,train
O=C(c1ccccc1)N1CCCC(c2cn3cccnc3n2)C1,-4.753613,-5.411556,-4.8043523,train
O=C(c1ccccc1)N1CCCC(c2cn3nc(Cl)ccc3n2)C1,-4.706782,-4.655117,-4.687754,train
O=C(c1ccccc1)N1CCCC(c2cn3ncccc3n2)C1,-4.6315193,-4.678955,-4.682194,train
O=C(c1ccccc1)N1CCN(CCCN2CCN(c3ccccc3)CC2)CC1,-4.7044606,-4.923709,-4.9680367,train
O=C(c1ccccc1)N1CCN(c2nc3ccccc3s2)CC1,-4.6583204,-4.6942716,-4.604355,train
O=C(c1ccccn1)N1CCCC(c2cc3ncccc3[nH]2)C1,-5.4935155,-5.678589,-5.0212145,train
O=C(c1ccccn1)N1CCN(CCCN2CCN(c3cccc(Cl)c3Cl)CC2)CC1,-4.6971846,-4.810173,-4.9099855,train
O=C1/C(=C/c2ccc(Cl)cc2)COc2cc(OCCCCCCNc3c4c(nc5ccccc35)CCCC4)ccc21,-6.815286,-5.575974,-5.6516604,train
O=C1/C(=C/c2ccc(F)cc2)COc2cc(OCCCCCCNc3c4c(nc5ccccc35)CCCC4)ccc21,-6.628502,-5.522287,-5.592094,train
O=C1C=C(O)CC1Cc1ccccc1,-4.686721,-6.092274,-4.7773952,train
O=C1CC(=O)C(Cc2ccccc2)N1,-4.6256027,-5.557575,-4.656038,train
O=C1CC(C(=O)N2CCNCC2)CC2=C1C(c1ccccc1Cl)N=C(Nc1nc3ccccc3o1)N2,-5.572085,-4.2831492,-5.2080555,train
O=C1CC(C(=O)Nc2nncs2)CC2=C1C(c1ccccc1Cl)N=C(Nc1nc3ccccc3o1)N2,-5.7732477,-4.852894,-5.280259,train
O=C1CC(C(=O)O)CC2=C1C(c1ccccc1Cl)N=C(Nc1nc3ccccc3o1)N2,-5.616542,-5.4841585,-5.0299997,train
O=C1CC(c2ccc(Cl)cc2Cl)Cc2nc3ccc(Cl)cc3c(O)c21,-5.262714,-4.836985,-4.8214197,train
O=C1CCC(N2C(=O)c3cccc(O)c3C2=O)C(=O)N1,-5.156506,-5.500001,-4.780852,train
O=C1CCCCCCCCOC[C@@H](C(=O)NCc2ccccc2F)NC(=O)[C@H](CC(=O)N2CCC[C@@H]2c2ccccc2)N1,-5.344647,-6.5229273,-5.768079,train
O=C1CC[C@@]2(O)[C@H]3Cc4ccc(O)c5c4[C@@]2(CCN3CC2CC2)[C@H]1O5,-4.83914,-5.073077,-4.9362154,train
O=C1CCc2ccc(OCCCCN3CCN(C(=O)c4ccccn4)CC3)cc2N1,-4.659142,-4.9329524,-4.703707,train
O=C1CCc2cccc(c2)OCCCC[C@@H](C(=O)NCc2ccccc2F)NC(=O)[C@H](CC(=O)N2CCC[C@@H]2c2ccccc2)N1,-5.517906,-6.5916076,-5.9245844,train
O=C1CCc2cccc(c2)Oc2ccc(cc2)C[C@@H](C(=O)NCc2ccccc2F)NC(=O)[C@H](CC(=O)N2CCC[C@@H]2c2ccccc2)N1,-5.3928776,-6.309245,-5.7769327,train
O=C1CN(c2c(Cl)sc(-c3ccccc3)c2Cl)S(=O)(=O)N1,-5.9471035,-5.785921,-4.934578,train
O=C1C[C@@H](c2ccc(O)cc2)Oc2cc(O)cc(O)c21,-4.6163244,-4.7119665,-4.6938977,train
O=C1N(CCO)c2cc(Cl)cc(Cl)c2C12CCN(c1nc3c(c(=O)[nH]1)CCCC3)CC2,-4.875811,-4.918944,-4.917828,train
O=C1N(CCO)c2cc(F)cc(F)c2C12CCN(c1nc3c(c(=O)[nH]1)CCCC3)CC2,-4.700507,-5.227235,-4.8119802,train
O=C1N(CCO)c2cccc(F)c2C12CCN(c1nc3c(c(=O)[nH]1)CCCC3)CC2,-4.7610264,-5.2479887,-4.8067374,train
O=C1N(CCO)c2ccccc2C12CCN(c1nc3c(c(=O)[nH]1)CCCC3)CC2,-4.7991767,-5.194838,-4.782217,train
O=C1NC(=O)C(Cc2ccccc2)S1,-4.4573884,-4.783599,-4.389671,train
O=C1NC(=O)C(c2ccccc2)(c2ccccc2)N1,-5.1537476,-5.178256,-4.768284,train
O=C1Nc2ccc(Br)cc2C1=NN1CCCCC1,-4.8580604,-4.9967155,-4.694743,train
O=C1Nc2ccc(Br)cc2C1=NN1CCOCC1,-4.731832,-5.172053,-4.699017,train
O=C1Nc2ccc(Cl)cc2C(c2ccccc2)=NC1O,-4.982517,-5.0621758,-4.6806927,train
O=C1Nc2ccc(Cl)cc2C1=NN1CCCCC1,-4.5583267,-4.443799,-4.538628,train
O=C1Nc2ccc(F)cc2C1=NN1CCCCC1,-4.495236,-4.787998,-4.4942074,train
O=C1Nc2ccc(F)cc2C1=NN1CCOCC1,-4.405562,-5.0010424,-4.505402,train
O=C1Nc2ccc(N3CCC(C(=O)O)C3)cc2Oc2c(Cl)cccc21,-5.345433,-5.5731273,-4.930449,train
O=C1Nc2ccc(N3CCCC3)cc2Oc2c(Cl)cccc21,-5.092927,-5.7496414,-4.880976,train
O=C1Nc2ccc(O)cc2/C1=C\c1ccc2c(/C=C/c3ccncc3)n[nH]c2c1,-5.3595166,-4.623436,-5.229328,train
O=C1Nc2cccc(Cl)c2Oc2cc(N3CCC(C(=O)O)C3)ccc21,-5.383385,-5.5527496,-4.9395905,train
O=C1Nc2ccccc2/C1=C\c1ccc2c(/C=C/c3ccc(C(=O)O)cc3)n[nH]c2c1,-6.2228074,-5.2543955,-5.564825,train
O=C1Nc2ccccc2/C1=C\c1ccc2c(/C=C/c3ccncc3)n[nH]c2c1,-5.6234694,-4.637747,-5.312755,train
O=C1Nc2ccccc2C1=NN(Cc1ccccc1)c1ccccc1,-4.98772,-5.0096865,-4.7687182,train
O=C1Nc2ccccc2C1=NN(c1ccccc1)c1ccccc1,-5.1623735,-5.0958943,-4.8626986,train
O=C1Nc2ccccc2C1=NN1CCCCC1,-4.559229,-4.748475,-4.5132976,train
O=C1Nc2ccccc2C1=NN1CCOCC1,-4.4550524,-4.9640217,-4.5214605,train
O=C1Nc2ccccc2C1=Nc1ccccc1F,-4.6789217,-4.837213,-4.5927763,train
O=C1c2ccccc2CN1CCc1cc2ncccc2[nH]1,-5.687246,-5.5752506,-5.195215,train
O=C1c2ccccc2S(=O)(=O)N1CCCCCN1CCN(Cc2ccccc2F)CC1,-5.2258525,-4.669217,-4.760476,train
O=C1c2ccccc2S(=O)(=O)N1CCCCN1CCN(Cc2ccccc2)CC1,-5.0345607,-4.772169,-4.70275,train
O=C1c2ccccc2S(=O)(=O)N1CCCCN1CCN(Cc2ccccc2F)CC1,-5.1014824,-4.849271,-4.7075915,train
O=C1c2ccccc2S(=O)(=O)N1CCN1CCN(Cc2ccc(F)cc2)CC1,-4.8308153,-5.13965,-4.6722817,train
O=P(O)(O)CCc1ccccc1,-5.773284,-6.1393657,-4.793225,train
O=S(=O)(/C=C/c1ccc(O)c(O)c1)NCCCCc1ccccc1,-5.099273,-5.2633514,-4.9522815,train
O=S(=O)(/C=C/c1ccc(O)c(O)c1)NCCCc1ccccc1,-4.889516,-5.3464804,-4.90289,train
O=S(=O)(/C=C/c1ccc(O)c(O)c1)NCCc1ccc(Cl)cc1,-4.9723206,-5.274358,-4.912493,train
O=S(=O)(/C=C/c1ccc(O)c(O)c1)NCc1ccc(C(F)(F)F)cc1,-4.9218206,-5.37053,-4.801304,train
O=S(=O)(/C=C/c1ccc(O)c(O)c1)NCc1ccc(Cl)cc1,-4.877687,-5.2682037,-4.844312,train
O=S(=O)(/C=C/c1ccc(O)c(O)c1)NCc1ccccc1,-4.827263,-5.340075,-4.8181067,train
O=S(=O)(Cc1ccccc1)c1ccccc1O,-4.8894424,-5.080116,-4.580824,train
O=S(=O)(NCc1ccc(-c2ccc(F)cc2F)cn1)c1cc2cc(Cl)ccc2[nH]1,-4.509269,-4.476576,-4.598877,train
O=S(=O)(NCc1ccc(-c2ccc(F)nc2F)cc1)c1cc2cc(Cl)ccc2[nH]1,-4.6027,-4.199402,-4.6360717,train
O=S(=O)([O-])CCc1ccccc1,-5.2380614,-7.3074174,-5.1783137,train
O=S1NC(CCc2ccccc2)=NO1,-6.5266495,-6.3088512,-5.163051,train
O=[N+]([O-])/N=C1\NCCN1Cc1ccc(Cl)nc1,-4.831493,-5.512261,-4.762383,train
O=[N+]([O-])OCCCOc1ccc(/C=[N+](\[O-])Cc2ccccc2)cc1,-5.4017878,-4.770019,-5.257076,train
O=[N+]([O-])OCCOc1ccc(/C=[N+](\[O-])Cc2ccccc2)cc1,-5.1371245,-4.2602983,-5.0917287,train
O=[N+]([O-])c1cc(Cl)ccc1Cl,-4.7718043,-4.1332517,-4.7259235,train
O=[N+]([O-])c1cccc(O)c1,-4.5664153,-4.8506804,-4.5680737,train
O=[N+]([O-])c1cccc(S(=O)(=O)Nc2ccccc2O)c1,-4.747035,-5.477245,-4.7645574,train
O=[PH](O)CCc1ccccc1,-5.305305,-6.9042397,-5.151501,train
O=c1[nH]c(CCc2ccccc2)no1,-5.3650784,-5.6964326,-4.8347235,train
O=c1[nH]c(CCc2ccccc2)ns1,-5.674155,-5.2391186,-4.950213,train
O=c1[nH]c(N2CCC3(CC2)CN(CCO)c2cc(F)cc(F)c23)nc2c1CCCC2,-4.6732364,-5.3269415,-4.779927,train
O=c1[nH]c(N2CCC3(CC2)CN(CCO)c2cccc(F)c23)nc2c1CCCC2,-4.732089,-5.369657,-4.768942,train
O=c1[nH]c(N2CCC3(CC2)CN(CCO)c2ccccc23)nc2c1CCCC2,-4.8198442,-5.18569,-4.7226496,train
O=c1[nH]cc(-c2cc(-c3cc(Cl)c(F)c(OCc4ccccc4Cl)c3)c(=O)n(-c3cccnc3)c2)c(=O)[nH]1,-6.2990017,-6.091049,-6.3365126,train
O=c1[nH]cc(-c2cc(-c3cc(Cl)cc(OCc4ocnc4C(F)(F)F)c3)c(=O)n(-c3cccnc3)c2)c(=O)[nH]1,-6.6469426,-6.4669886,-6.2564745,train
O=c1[nH]nc(-c2c(N3CCCCC3)nc3ccc(Cl)cc3c2-c2ccccc2)o1,-5.692003,-6.7990546,-5.5022054,train
O=c1c(O)c(NCc2ccccc2)c1=O,-5.1396565,-6.3537893,-5.225522,train
O=c1c2c([nH]c3c(Cl)c(Cl)ccc13)CCCC2,-4.6034155,-4.044932,-4.517079,train
O=c1c2c([nH]c3c(Cl)cc(Cl)cc13)CCCC2,-4.8217072,-4.114905,-4.6222677,train
O=c1c2c([nH]c3c(Cl)cccc13)CCCC2,-4.7117863,-4.0874023,-4.5052233,train
O=c1c2c([nH]c3c(F)c(F)ccc13)CCCC2,-4.5238934,-4.5446863,-4.475074,train
O=c1c2c([nH]c3c(F)cc(F)cc13)CCCC2,-4.517279,-4.634243,-4.501936,train
O=c1c2c([nH]c3c(F)ccc(F)c13)CCCC2,-4.5727787,-4.794842,-4.5151606,train
O=c1c2c([nH]c3cc(-c4ccc(C(F)(F)F)cc4)ccc13)CCCC2,-4.6633196,-4.4207096,-4.603196,train
O=c1c2c([nH]c3cc(-c4ccc(Oc5ccc(OC(F)(F)F)cc5)cc4)ccc13)CCCC2,-4.9016943,-4.2618685,-4.76459,train
O=c1c2c([nH]c3cc(Br)ccc13)CCSC2,-5.227366,-5.271264,-4.8077974,train
O=c1c2c([nH]c3cc(C(F)(F)F)ccc13)CCCC2,-4.6121454,-4.3929114,-4.489669,train
O=c1c2c([nH]c3cc(C(F)(F)F)ccc13)CCCCCC2,-4.596471,-4.2969666,-4.463204,train
O=c1c2c([nH]c3cc(Cl)c(Cl)cc13)CCCC2,-4.812024,-3.8261633,-4.7159686,train
O=c1c2c([nH]c3cc(Cl)ccc13)CCCC2,-4.6303005,-4.355278,-4.584898,train
O=c1c2c([nH]c3cc(F)cc(F)c13)CCCC2,-4.536493,-4.886712,-4.5603085,train
O=c1c2c([nH]c3cc([N+](=O)[O-])ccc13)CCCC2,-4.717799,-4.5147705,-4.7031727,train
O=c1c2c([nH]c3ccc(-c4ccc(C(F)(F)F)cc4)cc13)CCCC2,-4.950486,-4.4248414,-4.678632,train
O=c1c2c([nH]c3ccc(-c4ccc(C(F)(F)F)cc4)cc13)CCSC2,-6.1045218,-5.6691504,-5.0520806,train
O=c1c2c([nH]c3ccc(-c4ccc(COc5ccc(OC(F)(F)F)cc5)cc4)cc13)CCSC2,-6.6183615,-5.715831,-5.3649426,train
O=c1c2c([nH]c3ccc(-c4ccc(OC(F)(F)F)cc4)cc13)CCSC2,-6.096934,-5.6706424,-5.0958953,train
O=c1c2c([nH]c3ccc(-c4cccc(Oc5ccc(F)cc5)c4)cc13)CCSC2,-6.1714344,-5.351555,-5.1482925,train
O=c1c2c([nH]c3ccc(-c4cccnc4)cc13)CCSC2,-5.327425,-5.2913394,-4.954229,train
O=c1c2c([nH]c3ccc(-c4ccncc4)cc13)CCSC2,-5.43506,-5.290753,-5.069371,train
O=c1c2c([nH]c3ccc(Cl)cc13)CCC(F)(F)C2,-4.7278776,-4.3417716,-4.5556602,train
O=c1c2c([nH]c3ccc(Cl)cc13)CCCC2,-4.6295576,-4.252816,-4.573918,train
O=c1c2c([nH]c3ccc(I)cc13)CCCC2,-4.5591598,-4.4917164,-4.546101,train
O=c1c2c([nH]c3ccc([N+](=O)[O-])cc13)CCCC2,-4.7292733,-4.460978,-4.700178,train
O=c1c2c([nH]c3cccc(Cl)c13)CCCC2,-4.7068267,-4.5540724,-4.6029267,train
O=c1c2c([nH]c3ccccc13)CCCC2,-4.607985,-4.7561703,-4.5329256,train
O=c1c2cc(Br)ccc2n2c(=S)[nH]nc2n1CCc1ccccc1,-4.9480834,-3.988771,-4.7732735,train
O=c1c2cc(Cl)ccc2n2c(=S)[nH]nc2n1CCC(F)(F)F,-4.36799,-3.8564959,-4.5140266,train
O=c1c2cc(F)ccc2n2c(=S)[nH]nc2n1CC1CC1,-4.4305134,-3.8754888,-4.4727273,train
O=c1c2cc(F)ccc2n2c(=S)[nH]nc2n1CCC(F)(F)F,-4.269967,-3.915399,-4.454604,train
O=c1c2cc(F)ccc2n2c(=S)[nH]nc2n1CCC1CCC(F)(F)CC1,-4.5011754,-3.834294,-4.5179667,train
O=c1c2cc(F)ccc2n2c(=S)[nH]nc2n1CCCO,-4.784958,-3.9048104,-4.570985,train
O=c1c2cc(F)ccc2n2c(=S)[nH]nc2n1CCCc1ccccc1,-4.647622,-3.8489301,-4.623307,train
O=c1c2cc(F)ccc2n2c(=S)[nH]nc2n1CCN1CCC(F)(F)CC1,-4.5215907,-3.901228,-4.5732727,train
O=c1c2cc(F)ccc2n2c(=S)[nH]nc2n1CCN1CCOCC1,-4.4590807,-4.01552,-4.6056986,train
O=c1c2cc(F)ccc2n2c(=S)[nH]nc2n1CCP(=O)(O)O,-5.7711687,-5.6102705,-4.8851433,train
O=c1c2cc(F)ccc2n2c(=S)[nH]nc2n1CCc1ccc(Cl)cc1,-4.863441,-3.9753242,-4.7217526,train
O=c1c2cc(F)ccc2n2c(=S)[nH]nc2n1CCc1ccccc1Cl,-4.941064,-4.015817,-4.7637835,train
O=c1c2cc(F)ccc2n2c(=S)[nH]nc2n1CCc1ccccn1,-4.4506235,-4.104981,-4.5090594,train
O=c1c2cc(F)ccc2n2c(=S)[nH]nc2n1CCc1cccnc1,-4.655495,-4.686863,-4.6678734,train
O=c1c2cc(F)ccc2n2c(=S)[nH]nc2n1CCc1ccncc1,-4.7320566,-4.8262973,-4.7536607,train
O=c1c2cc(F)ccc2n2c(=S)[nH]nc2n1Cc1ccccc1,-4.6173277,-3.6366253,-4.5704126,train
O=c1c2cc(F)ccc2n2cnnc2n1CCc1ccccc1,-4.580064,-3.6096861,-4.5921535,train
O=c1c2cc(I)ccc2n2c(=S)[nH]nc2n1CCc1ccccc1,-4.7350774,-3.7648864,-4.6458297,train
O=c1c2cc(N3CCOCC3)ccc2n2c(=S)[nH]nc2n1CCc1ccccc1,-4.7683845,-4.3629894,-4.7243752,train
O=c1c2ccc(F)cc2n2c(=S)[nH]nc2n1CCc1ccccc1,-4.72684,-3.928131,-4.64269,train
O=c1c2ccc(N3CCC(O)C3)cc2oc2c(F)cccc12,-4.682543,-6.0291915,-4.6980443,train
O=c1c2ccc(N3CCCC3)cc2oc2c(Cl)cccc12,-5.0555153,-6.11696,-4.8524756,train
O=c1c2ccc(N3CCCC3)cc2oc2c(F)cccc12,-4.9363556,-6.364562,-4.8236284,train
O=c1c2ccc(N3CCCC3)nc2oc2c(F)cccc12,-4.5742173,-5.6752744,-4.605648,train
O=c1c2ccc(N3CCCCC3)cc2oc2c(Cl)cccc12,-5.0998874,-5.9289823,-4.8443937,train
O=c1c2ccc(N3CCCCCC3)cc2oc2c(F)cccc12,-4.975364,-6.1542473,-4.790582,train
O=c1c2cccc(F)c2n2c(=S)[nH]nc2n1CCc1ccccc1,-4.7378407,-3.7665482,-4.6301227,train
O=c1c2ccccc2cc(C2CCCCC2)n1O,-4.9393215,-5.157397,-4.7491775,train
O=c1c2ccccc2oc2ccc(OCCCCCN3CCCCCC3)cc12,-6.0947685,-5.326786,-5.1062293,train
O=c1c2cccnc2n2c(=S)[nH]nc2n1CCc1ccccc1,-4.629963,-3.9047327,-4.6338577,train
O=c1c2ccncc2n2c(=S)[nH]nc2n1CCc1ccccc1,-4.681817,-3.9592438,-4.6790953,train
O=c1cc(-c2cccc3[nH]ccc23)c2ccccc2n1CC1CN2CCC1CC2,-5.2382536,-6.3497443,-5.135466,train
O=c1cc(-c2ccccc2)c2ccccc2n1CC1CN2CCC1(F)CC2,-5.0685296,-6.207182,-4.9321103,train
O=c1cc(-c2ccccc2)c2ccccc2n1CC1CN2CCC1CC2,-5.286627,-6.1819825,-5.0210924,train
O=c1cc(C(F)(F)F)c2ccc(OCCN3CCN(CCCNc4c5c(nc6ccccc46)CCCC5)CC3)cc2o1,-6.1966767,-5.6879206,-5.4500604,train
O=c1cc(CC2CCCCO2)[nH]c2nc(Nc3c4c(cc5c3CCC5)CCC4)nn12,-7.635545,-10.440508,-8.841519,train
O=c1cc(Cc2ccccn2)[nH]c2nc(Nc3c4c(cc5c3CCC5)CCC4)nn12,-7.7869396,-10.160139,-8.834037,train
O=c1cc(Sc2ccc(-c3ccc(O)cc3)cc2)[nH]c(=O)n1O,-6.8115215,-7.0493135,-6.586082,train
O=c1cc(Sc2ccc(Cl)cc2)[nH]c(=O)n1O,-6.5987535,-5.973695,-5.674444,train
O=c1ccc2ccc(OCCCCCCN3CCN(CCCNc4c5c(nc6ccccc46)CCCC5)CC3)cc2o1,-6.2627883,-5.356706,-5.3822913,train
O=c1ccc2ccc(OCCCCCN3CCN(CCCNc4c5c(nc6ccccc46)CCCC5)CC3)cc2o1,-6.1878715,-5.4179664,-5.408296,train
O=c1ccc2ccc(OCCCCCN3CCN(CCNc4c5c(nc6ccccc46)CCCC5)CC3)cc2o1,-6.124648,-5.364679,-5.4734917,train
O=c1ccc2ccc(OCCCCN3CCN(CCCNc4c5c(nc6ccccc46)CCCC5)CC3)cc2o1,-6.0947084,-5.3496084,-5.3441963,train
O=c1ccc2ccc(OCCCN3CCN(CCNc4c5c(nc6ccccc46)CCCC5)CC3)cc2o1,-6.0894203,-5.4964714,-5.519615,train
O=c1ccc2ccc(OCCN3CCN(CCNc4c5c(nc6ccccc46)CCCC5)CC3)cc2o1,-5.8509836,-5.4273324,-5.5035324,train
O=c1ccc2ccccc2o1,-4.500713,-5.413639,-4.492889,train
O=c1n(Cc2nc3ccccc3n2CCCCO)c2cnccc2n1C1CC1,-5.5270033,-5.5691633,-5.067375,train
O=c1oc2cc(/N=C/c3ccc(O)cc3O)ccc2c2c1CCC2,-4.724949,-4.956849,-4.8426023,train
O=c1oc2cc(/N=C/c3ccccc3O)ccc2c2c1CCC2,-4.83747,-5.106537,-4.7483034,train
O=c1oc2cc(OCCN3CCN(CCCNc4c5c(nc6ccccc46)CCCC5)CC3)ccc2c2c1CCCC2,-5.9485188,-5.286177,-5.3786416,train
O=c1oc2cc(OCCNC3CCN(Cc4ccccc4)CC3)ccc2c2c1CCCC2,-5.0093246,-4.861288,-4.8557224,train
OC(CNc1nccc(-c2sc(C3CCNCC3)nc2-c2ccc(F)cc2)n1)c1ccncc1,-6.6046915,-5.733773,-5.3096857,train
OC1(C(F)(F)F)c2ccc(N3CCCC3)cc2Oc2c(Cl)cccc21,-5.3084493,-5.458158,-5.1198516,train
OC1(CCc2ccccc2)COC1,-4.700384,-5.4555006,-4.6573977,train
OC1CCN(c2nccc(-c3sc(C4CCNCC4)nc3-c3ccc(F)cc3)n2)C1,-5.4497805,-4.538953,-4.752516,train
OCCC/C(=C(\c1ccc(Br)cc1)c1ccc(N2CCNCC2)cc1)c1ccccc1,-7.5539246,-6.640727,-7.0951986,train
OCCC/C(=C(\c1ccc(O)cc1)c1ccc(C2CCNCC2)cc1)c1ccccc1,-7.3293595,-8.236835,-7.781461,train
OCCCc1cc2cc(Cl)ccc2nc1-c1ccco1,-5.481676,-4.9899774,-4.74689,train
OCCCc1cc2cc(Cl)ccc2nc1-c1cccs1,-6.1073794,-4.8766265,-4.913028,train
OCCNc1nc(NCCc2ccccc2)c2cnn(/C=C\c3ccccc3)c2n1,-6.720041,-5.816792,-5.990994,train
OCCNc1nc(Nc2cc(O)ccc2Cl)c2cnn(CC(Cl)c3ccccc3)c2n1,-5.968503,-5.798856,-5.3214674,train
OCCNc1nccc(-c2sc(C3CCNCC3)nc2-c2ccc(F)cc2)n1,-5.951939,-5.2255626,-5.0434237,train
OC[C@H]1O[C@@H](S[C@@H]2O[C@H](CO)[C@H](O)[C@H](n3cc(-c4cccc(F)c4)nn3)[C@H]2O)[C@H](O)[C@@H](n2cc(-c3cccc(F)c3)nn2)[C@H]1O,-7.0543623,-6.276746,-6.3948383,train
OC[C@H]1O[C@@H](c2ncnn2-c2cccc(Cl)c2)[C@H](O)[C@@H](n2cc(-c3cc(F)c(F)c(F)c3)nn2)[C@H]1O,-6.690991,-7.225795,-6.7684627,train
OC[C@H]1O[C@@H](c2nncn2-c2cccc(Cl)c2)[C@H](O)[C@@H](n2cc(-c3cc(F)c(F)c(F)c3)nn2)[C@H]1O,-6.78893,-7.625429,-7.030492,train
OC[C@H]1O[C@@H](n2nncc2-c2cccc(Cl)c2)[C@H](O)[C@@H](n2cc(-c3cc(F)c(F)c(F)c3)nn2)[C@H]1O,-6.604387,-6.8861446,-6.632288,train
OCc1cccc(Nc2nc3c(s2)CCCc2n[nH]cc2-3)n1,-4.9330335,-5.342267,-4.9207892,train
O[C@@H]1COC[C@H]1Nc1nc(Nc2cc(Cl)cc(Cl)c2)ncc1-c1cccnc1,-5.17873,-5.806225,-5.302653,train
O[C@@H]1COC[C@H]1Nc1nc(Nc2cc(Cl)cc(Cl)c2)ncc1Br,-5.258819,-5.647362,-5.0596056,train
O[C@H]1CC[C@H](Nc2nccc(-c3sc(C4CCNCC4)nc3-c3ccc(F)cc3)n2)CC1,-5.6261177,-4.8046074,-5.186427,train
Oc1c(CNCCCCCCCCCNc2c3c(nc4ccccc24)CCCC3)cc(Cl)c2cccnc12,-6.1649837,-4.9458113,-5.2788496,train
Oc1c(Cl)cc(-c2cc3cccc(O)c3o2)c2cccnc12,-4.912675,-4.815552,-4.766252,train
Oc1c(Cl)cc(-c2cc3ccccc3o2)c2cccnc12,-4.9917855,-5.149386,-4.754886,train
Oc1c(Cl)cc(Cl)c2ccc(-c3cc4cc(Cl)ccc4[nH]3)nc12,-5.2583065,-5.102948,-4.99459,train
Oc1c(Cl)cc(Cl)c2ccc(-c3cc4cc(F)ccc4[nH]3)nc12,-4.968969,-5.106896,-4.8912716,train
Oc1c(Cl)cc(Cl)c2ccc(-c3cc4cc5c(cc4[nH]3)OCO5)nc12,-4.9736137,-4.8842535,-4.8186836,train
Oc1c(Cl)cc(Cl)c2ccc(-c3cc4ccccc4[nH]3)nc12,-4.998181,-5.1136694,-4.8753014,train
Oc1c(F)cc(Cc2ccccc2)cc1F,-4.7132125,-5.269146,-4.738154,train
Oc1c(F)ccc(Cc2ccccc2)c1F,-4.673215,-5.0345097,-4.5756216,train
Oc1cc(Cc2ccccc2)on1,-5.9293523,-5.3395166,-5.014394,train
Oc1cc(Nc2nccc(-c3sc(C4CCNCC4)nc3-c3ccc(F)cc3)n2)ccn1,-6.2296443,-5.0705676,-5.1888475,train
Oc1cc(O)c2cc(-c3cc(I)c(O)c4ncccc34)oc2c1,-4.948583,-5.1972146,-4.934027,train
Oc1cc(O)c2cc(-c3ccc4cccc(O)c4n3)oc2c1,-4.9495134,-5.0628514,-4.8419304,train
Oc1ccc(-c2cc3cc(I)cc(I)c3o2)c2cccnc12,-4.90479,-4.930893,-4.7364864,train
Oc1ccc(-c2cc3ccccc3[nH]2)c2cccnc12,-4.980366,-4.909479,-4.73866,train
Oc1ccc(-c2cc3ccccc3o2)c2cccnc12,-5.088512,-4.959583,-4.669703,train
Oc1ccc(/C=C/c2cc(O)cc(O)c2)cc1,-5.2394233,-5.3263636,-5.1486683,train
Oc1ccc(Cl)c(Nc2nc(SCCN3CCOCC3)nc3c2cnn3CC(Cl)c2ccccc2)c1,-5.5775895,-5.3890095,-5.1547174,train
Oc1ccc(Cl)c(Nc2ncnc3c2cnn3CC(Cl)c2ccccc2)c1,-5.925559,-5.1761575,-5.0007906,train
Oc1ccc(Cl)cc1Cl,-4.579034,-4.7666397,-4.570753,train
Oc1ccc(O)cc1,-4.4847994,-5.2151484,-4.5381665,train
Oc1ccc2[nH]c(-c3cc(Cl)c(O)c4ncccc34)cc2c1,-4.943424,-5.0011897,-5.014345,train
Oc1ccc2[nH]c(-c3ccc(O)c4ncccc34)cc2c1,-5.1440086,-4.9673753,-4.9630804,train
Oc1ccc2[nH]c(-c3ccc4c(Cl)cc(Cl)c(O)c4n3)cc2c1,-4.9786067,-4.982261,-4.999894,train
Oc1ccc2[nH]c(-c3ccc4cccc(O)c4n3)cc2c1,-5.3517156,-4.983101,-4.9770117,train
Oc1ccc2c(c1)[C@@]13CCCC[C@H]1[C@@H](C2)NCC3,-4.7180533,-5.607037,-5.1388803,train
Oc1ccc2cc(-c3cc(Cl)c(O)c4ncccc34)oc2c1,-4.7955756,-4.903074,-4.810447,train
Oc1ccc2cc(-c3cc(I)c(O)c4ncccc34)oc2c1,-4.827051,-4.9210644,-4.7807,train
Oc1ccc2cc(-c3ccc4cccc(O)c4n3)oc2c1,-4.965332,-4.9070954,-4.7418733,train
Oc1ccc2oc(-c3cc(Cl)c(O)c4ncccc34)cc2c1,-4.829601,-4.8926654,-4.8093143,train
Oc1ccc2oc(-c3ccc(O)c4ncccc34)cc2c1,-4.9427314,-4.7886343,-4.7498765,train
Oc1cccc(Nc2nc(SCCN3CCOCC3)nc3c2cnn3CC(Cl)c2ccccc2)c1,-5.330434,-5.3063564,-5.060623,train
Oc1cccc2ccc(-c3cc4cc(Cl)ccc4[nH]3)nc12,-5.4920278,-4.845246,-4.8979797,train
Oc1cccc2ccc(-c3cc4ccc5c(c4[nH]3)OCO5)nc12,-5.1020575,-4.6420226,-4.646756,train
Oc1cccc2ccc(-c3cc4ccccc4[nH]3)nc12,-5.3466253,-5.1118956,-4.8108606,train
Oc1ccccc1,-4.5175743,-5.173423,-4.479844,train
Oc1ccccc1Cl,-4.580002,-4.98457,-4.498171,train
Oc1nc(-c2ccc(C(F)(F)F)cc2)nc2c1CSCC2,-5.232203,-5.244477,-4.7322464,train
S=c1[nH]nc(-c2c(N3CCCCC3)nc3ccc(Cl)cc3c2-c2ccccc2)o1,-4.9530287,-5.7609916,-4.8974934,train
S=c1cc(CC2CCCCO2)[nH]c2nc(Nc3c4c(cc5c3CCC5)CCC4)nn12,-7.123146,-9.781639,-8.231499,train
S=c1cc(Cc2ccccn2)[nH]c2nc(Nc3c4c(cc5c3CCC5)CCC4)nn12,-7.2514615,-9.560236,-8.249529,train
[2H]C([2H])([2H])c1nnn(C)c1-c1cc2c(cc1F)c1ncc(C(C)(C)O)cc1n2[C@H](c1cc(C)on1)C1CCOCC1,-6.331213,-6.354516,-5.8701987,train
[2H]C([2H])([2H])c1nnn(C)c1-c1cc2c(cc1F)c1ncc(C(C)(C)O)cc1n2[C@H](c1ncccc1F)C1CCOCC1,-6.143672,-6.246936,-5.7019734,train
[2H]C([2H])([2H])c1nnn(C)c1-c1cnc2c3c(F)cc(C(C)(C)O)cc3n([C@H](c3cc(C)on3)C3CCOCC3)c2c1,-6.2370534,-6.3513722,-5.870551,train
[2H]C([2H])([2H])c1nnn(C)c1-c1cnc2c3cc(F)c(C(C)(C)O)cc3n([C@H](c3ccccc3)C3CCOCC3)c2c1,-6.095308,-6.3002195,-5.777873,train
[2H]C([2H])([2H])c1nnn(C)c1-c1cnc2c3ccc(C(C)(C)O)c(F)c3n([C@H](c3cc(C)on3)C3CCOCC3)c2c1,-6.246811,-6.258384,-5.7332034,train
[2H]C([2H])([2H])c1nnn(C)c1-c1cnc2c3ccc(C(C)(C)O)c(F)c3n([C@H](c3ncccc3F)C3CCOCC3)c2c1,-6.0368714,-6.1634393,-5.571408,train
[2H]C([2H])([2H])c1nnn(C)c1-c1cnc2c3ccc(C(C)(C)O)cc3n([C@H](c3cc(C)on3)C3CCOCC3)c2c1,-6.4372087,-6.4595003,-6.0190682,train
[2H]C([2H])([2H])c1nnn(C)c1-c1cnc2c3ccc(C(C)(C)O)cc3n([C@H](c3ccc(Cl)cn3)C3CCOCC3)c2c1,-6.379628,-6.41938,-5.92372,train
[2H]C([2H])([2H])c1nnn(C)c1-c1cnc2c3ccc(C(C)(C)O)cc3n([C@H](c3ncccc3F)C3CCOCC3)c2c1,-6.2908173,-6.4067416,-5.8924823,train
[O-][S+](Cc1ccccc1)c1ccccc1O,-4.8024216,-4.9413366,-4.7056603,train
[O-][S+]1CC(O)(CCc2ccccc2)C1,-4.8549724,-5.3205023,-4.8403864,train
c1cc(CN2CCOCC2)cc(Nc2ncc(C3CC3)c(NCCc3c[nH]cn3)n2)c1,-5.484424,-5.981549,-5.610349,train
c1cc(CN2CCOCC2)cc(Nc2nccc(NCCc3cnc[nH]3)n2)c1,-5.8556747,-6.9122176,-6.192144,train
c1cc(NCCCNCc2ccc3c(c2)OCO3)c2ccc(C3CCCCC3)cc2n1,-4.83845,-4.0386915,-4.6527133,train
c1cc(NCCCNCc2ccc3c(c2)OCO3)c2ccc(CC3CCCCC3)cc2n1,-5.188613,-4.214241,-4.823985,train
c1cc(NCCCNCc2ccc3c(c2)OCO3)c2ccc(Cc3ccc4c(c3)OCO4)cc2n1,-4.9704313,-4.1273136,-4.75647,train
c1cc(Nc2nc3c(s2)CCCc2n[nH]cc2-3)nc(N2CCCC2)c1,-5.141883,-6.319245,-5.2798123,train
c1cc(Nc2nc3c(s2)CCCc2n[nH]cc2-3)ncn1,-4.928692,-5.6131263,-5.063101,train
c1cc(Nc2nccc(-c3sc(C4CCNCC4)nc3C3CC3)n2)ncn1,-5.0919085,-4.5083423,-4.764234,train
c1cc2ccc(CN3CCCCC3)ccc-2c1,-4.511241,-5.015507,-4.6144767,train
c1cc2ccc3cccc4ccc(c1)c2c34,-4.6499953,-4.9945965,-4.5186443,train
c1ccc(-c2ccc3c(NCCCNCc4ccc5c(c4)OCO5)ccnc3c2)cc1,-4.885676,-3.484764,-4.701748,train
c1ccc(-c2ccc3c(NCCCNCc4ccco4)ccnc3c2)cc1,-4.935389,-3.5724025,-4.7461,train
c1ccc(-c2ccccc2)cc1,-4.5669284,-4.9801307,-4.5416374,train
c1ccc(-n2cc(-c3cnc4ccc(NC5CCNCC5)nn34)cn2)cc1,-6.247353,-7.2881155,-6.684734,train
c1ccc(C2CCc3nc[nH]c3C2)cc1,-4.722277,-4.8931026,-4.6225567,train
c1ccc(CCc2ccc3c(NCCCNCc4ccc5c(c4)OCO5)ccnc3c2)cc1,-5.23746,-4.127546,-4.8458157,train
c1ccc(CCc2ccc3c(NCCCNCc4ccco4)ccnc3c2)cc1,-5.2219324,-4.075453,-4.8580217,train
c1ccc(CCc2nnn[nH]2)cc1,-5.222904,-5.6742096,-4.919732,train
c1ccc(CN[C@@H]2C3CCN(CC3)[C@@H]2Cc2ccccc2)cc1,-4.8333125,-4.970714,-4.734053,train
c1ccc(Cc2ccc3c(NCCCNCc4ccc5c(c4)OCO5)ccnc3c2)cc1,-5.0119066,-4.147793,-4.7887387,train
c1ccc(Cc2ccc3c(NCCCNCc4ccco4)ccnc3c2)cc1,-5.0481777,-4.261668,-4.8309975,train
c1ccc(Nc2ccccc2)cc1,-4.5902433,-4.796497,-4.613414,train
c1ccc(Nc2nc3c(s2)CCCc2n[nH]cc2-3)nc1,-4.944977,-5.8982325,-5.043693,train
c1ccc(Nc2nc3c(s2)CCc2n[nH]cc2-3)cc1,-4.8803062,-5.9458556,-4.9824085,train
c1ccc(Nc2nc3c(s2)CCc2n[nH]cc2-3)nc1,-4.9228787,-5.7440786,-4.989457,train
c1ccc(Oc2ccc3c(NCCCNCc4ccc5c(c4)OCO5)ccnc3c2)cc1,-4.863244,-3.3470662,-4.6157546,train
c1ccc(Oc2ccc3c(NCCCNCc4ccco4)ccnc3c2)cc1,-4.8597703,-3.2899733,-4.6199126,train
c1ccc2c(c1)-c1ncnn1Cc1cncn1-2,-4.7690196,-5.5859337,-4.7400637,train
c1ccc2c(c1)CN[C@@H](CN(CCC1CCNCC1)[C@H]1CCCc3cccnc31)C2,-6.476777,-7.8538523,-7.144341,train
c1ccc2c(c1)CN[C@@H](CN(CCCCN1CCNCC1)[C@H]1CCCc3cccnc31)C2,-6.2810607,-7.3653216,-6.936556,train
c1ccc2c(c1)CN[C@@H](CN(CCCN1CCN(C3CC3)CC1)[C@H]1CCCc3cccnc31)C2,-5.815216,-6.46861,-6.304678,train
c1ccc2c(c1)CN[C@@H](CN(CCN1CCNCC1)[C@H]1CCCc3cccnc31)C2,-6.4620905,-7.7943463,-7.1489525,train
c1ccc2c(c1)CN[C@@H](CN(CC[C@H]1CCCNC1)[C@H]1CCCc3cccnc31)C2,-6.473695,-7.75367,-7.1302395,train
c1ccc2c(c1)CN[C@H](CN(CCCN1CCNCC1)[C@H]1CCCc3cccnc31)C2,-6.4347205,-7.751893,-7.093418,train
c1ccc2cc(CN3CCCCC3)ccc2c1,-4.656504,-5.1260743,-4.6466584,train
c1cnc(CN(CCCN2CCNCC2)[C@H]2CCCc3cccnc32)nc1,-6.0317187,-7.378184,-6.550661,train
c1cnc(Nc2nc3c(s2)CCCc2n[nH]cc2-3)cn1,-5.0461407,-5.8363433,-5.1604247,train
c1cnc(Nc2nc3c(s2)CCCc2n[nH]cc2-3)nc1,-5.025251,-5.7555795,-5.117554,train
c1cnc(Nc2nc3c(s2)CCc2n[nH]cc2-3)nc1,-4.9971256,-5.6076164,-5.0521398,train
c1cnc2c(c1)CCC[C@@H]2N(CC1CC1)C[C@H]1Cc2c(cccc2N2CCNCC2)CN1,-6.403014,-7.3919277,-6.8138084,train
c1cnc2c(c1)CCC[C@@H]2N(CC1CCCCC1)C[C@H]1Cc2c(cccc2N2CCNCC2)CN1,-6.3831644,-7.0613832,-6.689548,train
c1cnc2c(c1)CCC[C@@H]2N(CCCN1CCNCC1)Cc1nc2ccccc2[nH]1,-6.2375736,-7.3468676,-6.6358986,train
c1cnc2c(c1)CN[C@@H](CN(CCCC1CCNCC1)[C@H]1CCCc3cccnc31)C2,-6.5653176,-7.98878,-7.197986,train
c1cnc2c(c1)CN[C@@H](CN(CCCCN1CCOCC1)[C@H]1CCCc3cccnc31)C2,-5.736134,-6.7681527,-6.2127542,train
c1cnc2c(c1)CN[C@@H](CN(CCCCNC1COC1)[C@H]1CCCc3cccnc31)C2,-6.026884,-7.406604,-6.593255,train
c1cnc2c(c1)CN[C@@H](CN(CCCN1CCNCC1)[C@H]1CCCc3cccnc31)C2,-6.5154085,-7.89417,-7.191652,train
c1cnc2c(c1)C[C@@]1(CN3CCC1CC3)O2,-4.4190063,-5.6745744,-4.574194,train
c1cncc(Nc2nc3c(s2)CCCc2n[nH]cc2-3)c1,-4.797547,-5.866456,-4.990146,train
c1coc(CNCCCNc2ccnc3cc(-c4cccc5ccccc45)ccc23)c1,-5.113326,-3.6529355,-4.7799,train
c1coc(CNCCCNc2ccnc3cc(C4CCCCC4)ccc23)c1,-4.8549037,-4.137646,-4.6866126,train
