smiles,log10_caco2,log10_pampa,log10_mdck,split
Brc1ccc2c(c1)CCCc1nnc(C3CCN(c4ccccn4)CC3)n1-2,-4.337242168318426,,,train
Brc1ccc2c(c1)CCCc1nnc([C@H]3CC[C@H](Oc4ccccn4)CC3)n1-2,-4.537602002101044,,,train
Brc1cnc(Nc2cccc(CN3CCOCC3)c2)nc1NCCc1c[nH]cn1,,-5.886056647693163,,train
C#CC(=O)Nc1ccc(CCCCCC)cc1,,-3.20690839982342,,train
C#CC(=O)Oc1ccc(CCCCCC)cc1,,-4.6777807052660805,,train
C#CCN(C)C1=C(Cl)C(=O)c2ccccc2C1=O,,-4.853871964321762,,train
C#CCN(C)C1=CC(=O)c2ccccc2C1=O,,-4.732828271596986,,train
C#CCN(C)CCCCOc1ccc2ccc(=O)oc2c1,,-5.049635145623877,,train
C#CCN(C)Cc1ccc(O)c2ncccc12,,,-4.367239111520561,train
C#CCN(CC#C)C(=O)[C@@]1(c2cccs2)C[C@H]1CN,-6.6020599913279625,,,train
C#CCN(CC)C(=O)[C@@]1(c2cccs2)C[C@H]1CN,-6.686132779630847,,,train
C#CCN(CCC1CCN(Cc2ccccc2)CC1)Cc1ccc(O)c2ncccc12,,,-4.504455662453552,train
C#CCN(CCCC1CCN(Cc2ccccc2)CC1)Cc1ccc(O)c2ncccc12,,,-4.520136886976903,train
C#CCN(Cc1ccc(O)c2ncccc12)C(C#N)C1CCN(Cc2ccccc2)CC1,,,-4.458171233218688,train
C#CCN(Cc1ccc(O)c2ncccc12)C(C#N)CC1CCN(Cc2ccccc2)CC1,,,-4.492279023314387,val
C#CCN(Cc1ccc(O)c2ncccc12)C(C#N)CCC1CCN(Cc2ccccc2)CC1,,,-4.5141366704026655,test
C#CCN(Cc1ccc(O)c2ncccc12)C1CCN(Cc2ccccc2)CC1,,,-4.455064234118497,train
C#CCN(Cc1ccc(O)c2ncccc12)CC1CCN(Cc2ccccc2)CC1,,,-4.486915639534856,train
C#CCN1C[C@H](C(=O)NO)[C@H](NC(=O)c2ccc(OCc3cc(C)nc4ccccc34)cc2)C1,-5.494850021680094,,,train
C#CCNC1=C(Cl)C(=O)c2ccccc2C1=O,,-4.531652669587843,,train
C#CCNC1=CC(=O)c2c(O)ccc(O)c2C1=O,,-4.363512103646634,,train
C#CCNC1=CC(=O)c2cccc(OC)c2C1=O,,-4.72584215073632,,train
C#CCNC1=CC(=O)c2cccc(OCC)c2C1=O,,-4.732828271596986,,train
C#CCNC1=CC(=O)c2cccc(OCc3ccccc3)c2C1=O,,-4.5934598195660445,,test
C#CCNC1=CC(=O)c2ccccc2C1=O,,-4.681936665037238,,train
C#CC[C@@H](C(=O)N[C@H](/C=C/C(=O)OCC)C[C@@H]1CCNC1=O)n1cccc(NC(=O)c2cc(C)on2)c1=O,-5.221848749616356,,,train
C#Cc1ccc2c(c1)-c1nc(C)ncc1Cc1c(C(=O)OCC)ncn1-2,,-5.555955204081924,,train
C#Cc1ccc2c(c1)C(=O)N([C@H](C)c1ccc(Cl)cc1)[C@@H](c1ccc(Cl)cc1)C(=O)N2CCCCC(=O)O,-4.679853713888946,,,train
C#Cc1cccc(C(=O)NCCNC(=O)[C@H](CC(=O)NC(C)(C)C)NS(=O)(=O)c2ccc(C)cc2)c1,,-6.692503962086787,,train
C#Cc1cccc(Nc2ncnc3cc(OCCOC)c(OCCOC)cc23)c1,-4.411168274405793,,,train
C/C(=C/CN(C[C@H]1Cc2ccccc2CN1)[C@H]1CCCc2cccnc21)CN,,-7.958607314841775,,train
C/C(=C/CN)CN(C[C@H]1Cc2ccccc2CN1)[C@H]1CCCc2cccnc21,,-6.6020599913279625,,train
C/C(=C/C[C@@]12OC(C)(C)[C@@H]3C[C@@H](C=C4C(=O)c5c(O)cccc5O[C@]431)C2=O)COC(=O)CN(C)C,,-4.236572006437063,,train
C/C(=C/C[C@@]12OC(C)(C)[C@@H]3C[C@@H](C=C4C(=O)c5c(O)cccc5O[C@]431)C2=O)COC(=O)CN1CCCC1,,-4.54821356447571,,train
C/C(=C/C[C@@]12OC(C)(C)[C@@H]3C[C@@H](C=C4C(=O)c5c(O)cccc5O[C@]431)C2=O)COC(=O)CN1CCCCC1,,-4.359518563029578,,train
C/C(=C/C[C@@]12OC(C)(C)[C@@H]3C[C@@H](C=C4C(=O)c5c(O)cccc5O[C@]431)C2=O)COC(=O)CN1CCN(C)CC1,,-4.812479279163537,,test
C/C(=C/C[C@@]12OC(C)(C)[C@@H]3C[C@@H](C=C4C(=O)c5c(O)cccc5O[C@]431)C2=O)COC(=O)CN1CCOCC1,,-4.298432014944073,,train
C/C(=C/C[C@@]12OC(C)(C)[C@@H]3C[C@@H](C=C4C(=O)c5c(O)cccc5O[C@]431)C2=O)COC(=O)Cn1ccnc1,,-4.468521082957745,,train
C/C(=C\c1cc(F)c(OCCCF)cc1F)C(=O)N[C@@H]1[C@H](O)[C@@H](O)[C@H]2OCO[C@H]2[C@@H]1O,-6.045757490560675,,,train
C/C(=C\c1cc(F)c(OCCCF)cc1F)C(=O)N[C@@H]1[C@H](O)[C@@H](O)[C@H]2OCO[C@H]2[C@@H]1OCc1ccccc1C#N,-5.6020599913279625,,,train
C/C(=C\c1cc(F)c(OCCCF)cc1F)C(=O)N[C@H]1[C@@H](O)[C@@H]2OCO[C@@H]2[C@H](O)[C@H]1OCc1ccccc1,-5.0,,,train
C/C(=C\c1cc(F)c(Oc2ccc(S(=O)(=O)N(CC(=O)O)CP(=O)(O)O)cc2)c(F)c1)C(=O)N=C(N)N,,-5.782516055786094,,train
C/C(=C\c1cc(F)c(Oc2ccc(S(=O)(=O)NC(=O)NC(CC(=O)O)C(=O)O)cc2)c(F)c1)C(=O)N=C(N)N,,-7.0,,train
C/C(=C\c1cc(F)c(Oc2ccc(S(=O)(=O)NC(=O)NCCN(C)C)cc2)c(F)c1)C(=O)N=C(N)N,,-6.3979400086720375,,test
C/C(=C\c1cc(F)c(Oc2ccc(S(=O)(=O)NCCCP(=O)(O)O)cc2)c(F)c1)C(=O)N=C(N)N,,-5.886056647693163,,train
C/C(=C\c1cc(F)c(Oc2ccc(S(=O)(=O)NCCCS(=O)(=O)O)cc2)c(F)c1)C(=O)N=C(N)N,,-6.346787486224656,,train
C/C(=C\c1cc(F)c(Oc2ccc(S(=O)(=O)NCCOCCOCCOCCNC(=O)CCCCCCC(=O)NCCOCCOCCOCCNS(=O)(=O)c3ccc(Oc4c(F)cc(/C=C(\C)C(=O)N=C(N)N)cc4F)cc3)cc2)c(F)c1)C(=O)N=C(N)N,,-8.0,,train
C/C(=C\c1cc(F)c(Oc2ccc(S(=O)(=O)NCCOCCOCCOCCn3cc(CO)nn3)cc2)c(F)c1)C(=O)N=C(N)N,,-6.045757490560675,,test
C/C(=C\c1cc(F)c(Oc2ccc(S(=O)(=O)NCP(=O)(O)O)cc2)c(F)c1)C(=O)N=C(N)N,,-6.301029995663981,,train
C/C(=C\c1cc(F)c(Oc2ccc(S(=O)(=O)NCc3ccc(CP(=O)(O)O)cc3)cc2)c(F)c1)C(=O)N=C(N)N,,-5.79317412396815,,train
C/C(=C\c1cc(F)c(Oc2ccc(S(=O)(=O)Nc3ccc(CP(=O)(O)O)cc3)cc2)c(F)c1)C(=O)N=C(N)N,,-5.795880017344075,,train
C/C(=C\c1cc(F)c(Oc2ccc(S(=O)(=O)Nc3ccc(P(=O)(O)O)cc3)cc2)c(F)c1)C(=O)N=C(N)N,,-6.698970004336019,,test
C/C(=C\c1ccc(Oc2ccc(S(=O)(=O)NCCOCCOCCOCCNS(=O)(=O)c3ccc(Oc4c(F)cc(/C=C(\C)C(=O)N=C(N)N)cc4F)cc3)cc2)cc1)C(=O)N=C(N)N,,-7.0,,train
C/C(=N\NC(=N)N)c1ccc(NC(=O)Nc2ccc(OC3CCCCCC3)cc2)cc1,-7.4089353929735005,,,train
C/C(=N\NC(=N)N)c1cnn(-c2ccc(C#CC3CCCC3)cc2)c1C,-8.0,,,train
C/C(=N\NC(=N)N)c1sc(-c2ccc(C#CC3CC3)cc2)nc1C,-7.301029995663981,,,train
C/C(=N\NC1=NCCN1)c1cnn(-c2ccc(C#CC3CCCC3)cc2)c1C,-7.0,,,val
C/C(=N\NC1=NCCN1)c1sc(-c2ccc(C#CC3CC3)cc2)nc1C,-6.886056647693163,,,train
C/C(CN(C[C@H]1Cc2ccccc2CN1)[C@H]1CCCc2cccnc21)=C(/F)CN,,-6.154901959985743,,train
C/C(CN(C[C@H]1Cc2ccccc2CN1)[C@H]1CCCc2cccnc21)=C(\F)CN,,-6.259637310505756,,train
C/C(CN)=C(/F)CN(C[C@H]1Cc2ccccc2CN1)[C@H]1CCCc2cccnc21,,-6.657577319177793,,train
C/C(CN)=C(\F)CN(C[C@H]1Cc2ccccc2CN1)[C@H]1CCCc2cccnc21,,-6.309803919971486,,val
C/C1=C/CC[C@@]2(C)O[C@@H]2[C@H]2OC(=O)[C@@H](CN3CCCC3)[C@@H]2CC1,-4.798602875679548,,,train
C/C1=C\CC[C@@]2(C)O[C@@H]2[C@H]2OC(=O)[C@@H](CN3CCC(OCc4cccnc4)CC3)[C@@H]2CC1,-4.962573502059376,,,train
C/C1=C\CC[C@@]2(C)O[C@@H]2[C@H]2OC(=O)[C@@H](CN3CCC(c4cc(O)nc(C)n4)CC3)[C@@H]2CC1,-5.568636235841013,,,train
C/C1=C\CC[C@@]2(C)O[C@@H]2[C@H]2OC(=O)[C@@H](CN[C@@H](Cc3ccccc3)C(=O)O)[C@@H]2CC1,-5.823908740944319,,,train
C/C=C(\C)C(=O)N[C@@H](c1ccccc1)[C@@H](O)C(=O)O[C@H]1C[C@@]2(O)[C@@H](OC(=O)c3cccc(N=[N+]=[N-])c3)[C@@H]3[C@]4(OC(C)=O)CO[C@@H]4C[C@H](OC(=O)C4CC4)[C@@]3(C)C(=O)[C@H](O)C(=C1C)C2(C)C,-3.133712660915805,,,train
C/C=C(\C)C(=O)N[C@@H](c1ccccc1)[C@@H](O)C(=O)O[C@H]1C[C@@]2(O)[C@@H](OC(=O)c3cccc(N=[N+]=[N-])c3)[C@@H]3[C@]4(OC(C)=O)CO[C@@H]4C[C@H](OC(=O)CC(F)(F)F)[C@@]3(C)C(=O)[C@H](O)C(=C1C)C2(C)C,-3.5228787452803374,,,train
C/C=C(\C)C(=O)N[C@@H](c1ccccc1)[C@@H](O)C(=O)O[C@H]1C[C@@]2(O)[C@@H](OC(=O)c3cccc(N=[N+]=[N-])c3)[C@@H]3[C@]4(OC(C)=O)CO[C@@H]4C[C@H](OC(=O)CC)[C@@]3(C)C(=O)[C@H](O)C(=C1C)C2(C)C,-5.022276394711152,,,val
C/C=C(\C)C(=O)N[C@@H](c1ccccc1)[C@@H](O)C(=O)O[C@H]1C[C@@]2(O)[C@@H](OC(=O)c3cccc(N=[N+]=[N-])c3)[C@@H]3[C@]4(OC(C)=O)CO[C@@H]4C[C@H](OC(=O)CCl)[C@@]3(C)C(=O)[C@H](O)C(=C1C)C2(C)C,-4.721246399047171,,,val
C/C=C(\C)C(=O)N[C@@H](c1ccccc1)[C@@H](O)C(=O)O[C@H]1C[C@@]2(O)[C@@H](OC(=O)c3cccc(N=[N+]=[N-])c3)[C@@H]3[C@]4(OC(C)=O)CO[C@@H]4C[C@H](OC(=O)CN(C)C)[C@@]3(C)C(=O)[C@H](O)C(=C1C)C2(C)C,-3.377785977033705,,,train
C/C=C(\C)C(=O)N[C@@H](c1ccccc1)[C@@H](O)C(=O)O[C@H]1C[C@@]2(O)[C@@H](OC(=O)c3cccc(N=[N+]=[N-])c3)[C@@H]3[C@]4(OC(C)=O)CO[C@@H]4C[C@H](OC(=O)CNC(=O)OC(C)(C)C)[C@@]3(C)C(=O)[C@H](O)C(=C1C)C2(C)C,-3.910094888560602,,,val
C/C=C(\C)C(=O)N[C@@H](c1ccccc1)[C@@H](O)C(=O)O[C@H]1C[C@@]2(O)[C@@H](OC(=O)c3cccc(N=[N+]=[N-])c3)[C@@H]3[C@]4(OC(C)=O)CO[C@@H]4C[C@H](OC(=O)NC)[C@@]3(C)C(=O)[C@H](O)C(=C1C)C2(C)C,-3.593459819566045,,,train
C/C=C(\C)C(=O)N[C@@H](c1ccccc1)[C@@H](O)C(=O)O[C@H]1C[C@@]2(O)[C@@H](OC(=O)c3cccc(N=[N+]=[N-])c3)[C@@H]3[C@]4(OC(C)=O)CO[C@@H]4C[C@H](OC(=O)OCC)[C@@]3(C)C(=O)[C@H](O)C(=C1C)C2(C)C,-3.1272611725273314,,,train
C/C=C/C(=O)Nc1ccc(CCCCCC)cc1,,-3.364516253185088,,test
C/C=C/C(=O)Nc1cccc(-c2nc3ccccc3s2)c1,,-2.784891418946907,,train
C/C=C/C(=O)c1ccc(CCCCCCC)cc1,,-5.154901959985743,,train
C/C=C/C[C@@H](C)C(=O)[C@H]1C(=O)N[C@@H](CC)C(=O)N(C)CC(=O)N(C)[C@@H](CC(C)C)C(=O)N[C@@H](C(C)C)C(=O)N(C)[C@@H](CC(C)C)C(=O)N[C@@H](C)C(=O)N[C@H](C)C(=O)N(C)[C@@H](CC(C)C)C(=O)N(C)[C@@H](CC(C)C)C(=O)N(C)[C@@H](C(C)C)C(=O)N1C,,,-6.698970004336019,train
C/C=C/C[C@@H](C)[C@@H](O)[C@H]1C(=O)N[C@@H](C(C)C)C(=O)N(C)CC(=O)N(C)[C@@H](CC(C)C)C(=O)N[C@@H](C(C)C)C(=O)N(C)[C@@H](CC(C)C)C(=O)N[C@@H](C)C(=O)N[C@H](C)C(=O)N(C)[C@@H](CC(C)C)C(=O)N(C)[C@@H](CC(C)C)C(=O)N(C)[C@@H](C(C)C)C(=O)N1C,,,-6.154901959985743,train
C/C=C/C[C@@H](C)[C@@H](O)[C@H]1C(=O)N[C@@H](C)C(=O)N(C)CC(=O)N(C)[C@@H](CC(C)C)C(=O)N[C@@H](C(C)C)C(=O)N(C)[C@@H](CC(C)C)C(=O)N[C@@H](C)C(=O)N[C@H](C)C(=O)N(C)[C@@H](CC(C)C)C(=O)N(C)[C@@H](CC(C)C)C(=O)N(C)[C@@H](C(C)C)C(=O)N1C,,,-5.853871964321762,val
C/C=C/C[C@@H](C)[C@@H](O)[C@H]1C(=O)N[C@@H](CC)C(=O)N(C)CC(=O)N(C)[C@@H](CC(C)C)C(=O)N[C@@H](C(C)C)C(=O)N(C)[C@@H](CC(C)C)C(=O)N[C@@H](C)C(=O)N[C@H](C)C(=O)N(C)[C@@H](CC(C)C)C(=O)N(C)[C@@H](CC(C)C)C(=O)N(C)[C@@H](C(C)C)C(=O)N1C,-7.199068583786366,-5.705533773838408,-5.853871964321762,test
C/C=C/C[C@@H](C)[C@@H](O)[C@H]1C(=O)N[C@@H](CC)C(=O)N(C)CC(=O)N(C)[C@@H](CC(C)C)C(=O)N[C@@H](C(C)C)C(=O)N(C)[C@@H](CC(C)C)C(=O)N[C@@H](C)C(=O)N[C@H](C)C(=O)N(C)[C@@H](CC(C)C)C(=O)N(C)[C@@H](CC(C)C)C(=O)N(C)[C@H](C(C)C)C(=O)N1C,,,-5.958607314841775,train
C/C=C/C[C@@H](C)[C@@H](O)[C@H]1C(=O)N[C@@H]([C@@H](C)O)C(=O)N(C)CC(=O)N(C)[C@@H](CC(C)C)C(=O)N[C@@H](C(C)C)C(=O)N(C)[C@@H](CC(C)C)C(=O)N[C@@H](C)C(=O)N[C@H](C)C(=O)N(C)[C@@H](CC(C)C)C(=O)N(C)[C@@H](CC(C)C)C(=O)N(C)[C@@H](C(C)C)C(=O)N1C,,,-6.301029995663981,train
C/C=C/C[C@@H](C)[C@H]1OC(=O)[C@H](C(C)C)N(C)C(=O)[C@H](CC(C)C)N(C)C(=O)[C@H](CC(C)C)N(C)C(=O)[C@@H](C)NC(=O)[C@H](C)NC(=O)[C@H](CC(C)C)N(C)C(=O)[C@H](C(C)C)NC(=O)[C@H](CC(C)C)N(C)C(=O)CN(C)C(=O)[C@H](CC)NC(=O)[C@H]1NC,,,-6.698970004336019,test
C1=CCOCc2cc(ccc2OCCN2CCCCC2)Nc2nccc(n2)-c2cccc(c2)COC1,,-5.405607449624573,,train
C1=N/C2=N/c3ccc(OCCN4CCCC4)c(c3)COC/C=C/COCc3cccc(c3)C(=C1)N2,,-5.031517051446065,,train
C=C(C)C(=O)N1CCC(CN(C2Cc3cc(C#N)ccc3N(Cc3cncn3C)C2)S(=O)(=O)c2ccccn2)CC1,-6.301029995663981,,,test
C=C(C)C(=O)Nc1cccc(-c2nc3ccccc3s2)c1,,-3.0056828473303634,,train
C=C(C)C(=O)c1ccc(CCCCCCC)cc1,,-4.366531544420414,,val
C=C(C)CN1C[C@H](C(=O)NO)[C@H](NC(=O)c2ccc(OCc3cc(C)nc4ccccc34)cc2)C1,-5.008773924307505,,,train
C=C(C)[C@@H]1CCC(C)=C[C@H]1c1c(O)cc(CC2CN(C(=O)OCC)C2)cc1O,-4.657577319177793,,,train
C=C(C)[C@@H]1CCC(C)=C[C@H]1c1c(O)cc(CC2CN(C(C)=O)C2)cc1O,-4.309803919971486,,,train
C=C(C)[C@@H]1CCC(C)=C[C@H]1c1c(O)cc(CCCCC)cc1O,-5.823908740944319,-4.644740094472621,,train
C=C(C)[C@@H]1CCC(C)=C[C@H]1c1c(O)cc(CCCCC)cc1OC(=O)N(C)CC,,-4.7256112044496215,,train
C=C(C)[C@@H]1CCC(C)=C[C@H]1c1c(O)cc(CCCCC)cc1OC(=O)N(C)Cc1ccc(Cl)cc1,,-4.889410289700751,,train
C=C(C)[C@@H]1CCC(C)=C[C@H]1c1c(O)cc(CCn2ccnn2)cc1O,-4.275724130399211,,,train
C=C(C)[C@@H]1CC[C@]2(C(=O)O)CC[C@]3(C)[C@H](CC[C@@H]4[C@@]5(C)CC=C(c6ccc(O)cc6)C(C)(C)[C@@H]5CC[C@]43C)[C@@H]12,-5.772113295386326,,,val
C=C(C)[C@@H]1CC[C@]2(C(=O)O)CC[C@]3(C)[C@H](CC[C@@H]4[C@@]5(C)CC=C(c6cccc(N)c6)C(C)(C)[C@@H]5CC[C@]43C)[C@@H]12,-7.275724130399211,,,train
C=C(C)[C@@H]1CC[C@]2(C(=O)O)CC[C@]3(C)[C@H](CC[C@@H]4[C@@]5(C)CC=C(c6cccc(O)c6)C(C)(C)[C@@H]5CC[C@]43C)[C@@H]12,-5.634512015109101,,,train
C=C(CC(=O)Nc1ccc(CCCCCC)cc1)C(=O)O,,-4.2441251443275085,,train
C=C(CCCCC)c1c(C)[nH]c2cc(OC)c(Cl)cc2c1=O,,-3.122053048370812,,train
C=C(F)CN(CC)C(=O)[C@@]1(c2cccs2)C[C@H]1CN,-6.777283528852417,,,test
C=C(F)COc1ccc(Cl)cc1[C@H]1C[C@@H]1CN,-4.416801226031377,,,train
C=C(c1ccccc1)[C@@H]1OC[C@@H](N)[C@H](C)O1,-4.986741334716483,,,train
C=C(c1ccccc1)[C@H]1OC[C@@H](N)CO1,-4.990549104201306,,,train
C=C(c1ccccc1)[C@H]1OC[C@@H](N)[C@H](C)O1,-4.989276134608227,,,test
C=C(c1ccccc1)[C@H]1OC[C@@H](NC(=O)Cc2ccccc2)[C@H](C)O1,-5.045275209020937,,,train
C=C(c1ccccc1)[C@H]1OC[C@H](N)CO1,-4.99225222199926,,,train
C=C1C[C@@](C)(c2cc(NC(=O)c3ccc(C#N)cn3)ccc2F)N=C(N)S1,,,-4.42021640338319,train
C=CC(=O)N(C)[C@H]1CCN(c2ccc(C(N)=O)c(Nc3ccc(CCN4CCCC4)cc3)n2)C1,-7.154901959985743,,,train
C=CC(=O)N1C2CCC1CN(c1ccc(C(N)=O)c(Oc3ccc(Oc4ccccc4)cc3)n1)C2,-6.221848749616356,,,train
C=CC(=O)N1CC(c2ccc(-c3nc(Nc4cc(C)[nH]n4)cc(N4CCN(C)CC4)n3)cc2)C1,-5.958607314841775,,,train
C=CC(=O)N1CC2(CC(Nc3ncnc(N)c3-c3ccc(Oc4ccccc4)cc3)C2)C1,-5.031517051446065,,,train
C=CC(=O)N1CC2(CCN(c3nc(Nc4cc(C(C)C)[nH]n4)cc(N4CCN(C)CC4)n3)CC2)C1,-6.698970004336019,,,train
C=CC(=O)N1CCC(C2CCN(c3nc(Nc4cc(C(C)C)[nH]n4)cc(N4CCN(C)CC4)n3)CC2)C1,-6.698970004336019,,,train
C=CC(=O)N1CCC(CNc2ncnc(N)c2-c2ccc(Oc3ccccc3)cc2)CC1,-4.657577319177793,,,train
C=CC(=O)N1CCC(O)(CNc2ncnc(N)c2-c2ccc(Oc3ccccc3)cc2)CC1,-5.045757490560675,,,val
C=CC(=O)N1CCC(c2ccc(-c3nc(Nc4cc(C(C)C)[nH]n4)cc(N4CCN(C)CC4)n3)cc2)CC1,-5.958607314841775,,,val
C=CC(=O)N1CCC(c2ccc(-c3nc(Nc4cc(C)[nH]n4)cc(N4CCN(C)CC4)n3)cc2)C1,-6.3979400086720375,,,train
C=CC(=O)N1CCC(c2ccc(-c3nc(Nc4cc(C)[nH]n4)cc(N4CCN(C)CC4)n3)cc2)CC1,-5.6020599913279625,,,val
C=CC(=O)N1CCC(c2ccc(-c3nc(Nc4cc(C5COC5)[nH]n4)cc(N4CCN(C)CC4)n3)cc2)CC1,-6.698970004336019,,,train
C=CC(=O)N1CCC2(CCN(c3nc(Nc4cc(C(C)C)[nH]n4)cc(N4CCN(C)CC4)n3)CC2)C1,-6.698970004336019,,,train
C=CC(=O)N1CCC[C@@H](n2nc(-c3ccc(Oc4ccccc4)cc3)c3c(N)ncnc32)C1,-5.4564856298445585,,,test
C=CC(=O)N1CCC[C@@H](n2nc(-c3ccc4ccccc4c3)c3c(N)ncnc32)C1,-6.292429823902063,,,train
C=CC(=O)N1CCC[C@@H](n2nc(-c3cn(-c4ccc(C(C)=O)cc4)nn3)c3c(N)ncnc32)C1,-4.698970004336019,,,train
C=CC(=O)N1CCC[C@@H](n2nc(-c3cn(C)c4ccccc34)c3c(N)ncnc32)C1,-6.522878745280337,,,val
C=CC(=O)N1CCC[C@@H](n2nc(-c3cn(CC(F)(F)c4ccc(Cl)cc4)nn3)c3c(N)ncnc32)C1,-5.434152181326483,,,train
C=CC(=O)N1CCC[C@@H](n2nc(-c3cn(CC(F)(F)c4ccccc4)nn3)c3c(N)ncnc32)C1,-4.927750102386486,,,val
C=CC(=O)N1CCN(c2ccc(C(N)=O)c(Nc3ccc(CCN4CCCC4)cc3)n2)CC1,-7.301029995663981,,,train
C=CC(=O)N1CCN(c2ccc(C(N)=O)c(Oc3ccc(Oc4ccccc4)cc3)n2)CC1,-4.886056647693163,,,train
C=CC(=O)N1CCN(c2nc(=O)n(-c3c(C(C)C)ccnc3C)c3nc(-c4c(O)cccc4F)c(Cl)cc23)[C@@H](C)C1,,,-5.698970004336019,train
C=CC(=O)N1CCN(c2nc(=O)n(-c3c(C(C)C)ccnc3C)c3nc(-c4c(O)cccc4F)c(F)cc23)[C@@H](C)C1,,,-6.0,train
C=CC(=O)N1CCN(c2nc(=O)n(-c3c(C)cccc3C(C)C)c3nc(-c4c(O)cccc4F)c(Cl)cc23)[C@@H](C)C1,,,-4.823908740944319,train
C=CC(=O)N1CCN(c2nc(=O)n(-c3c(C)cccc3C(C)C)c3nc(-c4c(O)cccc4F)c(F)cc23)[C@@H](C)C1,,,-4.657577319177793,train
C=CC(=O)N1CCN(c2nc(=O)n(-c3c(C)ccnc3C(C)C)c3nc(-c4c(O)cccc4F)c(Cl)cc23)[C@@H](C)C1,,,-6.0,train
C=CC(=O)N1CCN(c2nc(=O)n(-c3c(C)ccnc3C(C)C)c3nc(-c4c(O)cccc4F)c(F)cc23)[C@@H](C)C1,,,-5.221848749616356,train
C=CC(=O)N1CCN(c2nc(=O)n(-c3c(C)ncnc3C(C)C)c3nc(-c4c(O)cccc4F)c(Cl)cc23)[C@@H](C)C1,,,-6.0,val
C=CC(=O)N1CCN(c2nc(=O)n(-c3c(C)ncnc3C(C)C)c3nc(-c4c(O)cccc4F)c(F)cc23)[C@@H](C)C1,,,-6.0,train
C=CC(=O)N1CCN(c2nc(=O)n(-c3ccccc3C(C)C)c3cc(-c4c(C)ccc5[nH]ncc45)c(Cl)cc23)CC1,,,-5.3979400086720375,train
C=CC(=O)N1CCN(c2nc(=O)n(-c3ccccc3C(C)C)c3cc(-c4c(O)cccc4F)c(Cl)cc23)CC1,,,-5.698970004336019,train
C=CC(=O)N1CCN(c2nc(=O)n(-c3ccccc3C(C)C)c3cc(-c4c(O)cccc4F)c(Cl)cc23)[C@@H](C)C1,,,-6.0,train
C=CC(=O)N1CCN(c2nc(=O)n(-c3ccccc3C(C)C)c3cc(-c4ccccc4C(F)(F)F)c(Cl)cc23)[C@@H](C)C1,,,-5.522878745280337,train
C=CC(=O)N1CCN(c2nc(=O)n(-c3ccccc3C(C)C)c3cc(-c4ccccc4Cl)c(Cl)cc23)[C@@H](C)C1,,,-5.221848749616356,test
C=CC(=O)N1CCN(c2nc(=O)n(-c3ccccc3C(C)C)c3cc(-c4ccccc4F)c(Cl)cc23)CC1,,,-5.154901959985743,val
C=CC(=O)N1CCN(c2nc(=O)n(-c3ccccc3C(C)C)c3cc(-c4ccccc4F)c(Cl)cc23)[C@@H](C)C1,,,-5.0,train
C=CC(=O)N1CCN(c2nc(=O)n(-c3ccccc3C(C)C)c3nc(-c4c(O)cccc4F)c(Cl)cc23)CC1,,,-5.221848749616356,train
C=CC(=O)N1CCN(c2nc(=O)n(-c3ccccc3C(C)C)c3nc(-c4c(O)cccc4F)c(Cl)cc23)[C@@H](C)C1,,,-5.045757490560675,train
C=CC(=O)N1CCN(c2nc(=O)n(-c3ccccc3C(C)C)c3nc(-c4ccccc4Cl)c(Cl)cc23)[C@@H](C)C1,,,-4.920818753952375,train
C=CC(=O)N1CCN(c2nc(=O)n(-c3ccccc3C(C)C)c3nc(-c4ccccc4F)c(Cl)cc23)[C@@H](C)C1,,,-4.698970004336019,train
C=CC(=O)N1CCN(c2nc(=O)n(-c3ccccc3C(C)C)c3nc(-c4ccccc4O)c(Cl)cc23)[C@@H](C)C1,,,-4.7447274948966935,train
C=CC(=O)N1CC[C@@H](Nc2ccc(C(N)=O)c(Oc3ccc(Oc4ccccc4)cc3)n2)C1,-5.0,,,train
C=CC(=O)N1CC[C@H](Nc2ccc(C(N)=O)c(Oc3ccc(Oc4ccccc4)cc3)n2)C1,-5.522878745280337,,,train
C=CC(=O)N1CC[C@H](Nc2ncnc(N)c2-c2ccc(Oc3ccccc3)cc2)C1,-4.598599459218456,,,train
C=CC(=O)N1C[C@@H]2C[C@H]1CN2c1ccc(C(N)=O)c(Oc2ccc(Oc3ccccc3)cc2)n1,-5.173925197299174,,,val
C=CC(=O)N1C[C@H]2C[C@@H]1CN2c1ccc(C(N)=O)c(Nc2ccc(C)nc2)n1,-7.397940008672037,,,train
C=CC(=O)N1C[C@H]2C[C@@H]1CN2c1ccc(C(N)=O)c(Oc2ccc(Oc3ccccc3)cc2)n1,-5.096910013008056,,,val
C=CC(=O)NC12CCC(/C=C/c3nc(Nc4cc(C)[nH]n4)cc(N4CCN(C)CC4)n3)(CC1)CC2,-6.154901959985743,,,train
C=CC(=O)NC12CCC(Nc3ncnc(N)c3-c3ccc(Oc4ccccc4)cc3)(C1)C2,-4.663540266151471,,,train
C=CC(=O)NCCCC[C@H](NC(=O)Cc1ccc(F)cc1)C(=O)N1CCN(c2ccc([N+](=O)[O-])nc2)CC1,,-7.705533773838407,,train
C=CC(=O)NCCCC[C@H](NC(=O)Cc1ccc(F)cc1)C(=O)N1CCN(c2cccc(C)n2)CC1,,-6.943095148663527,,train
C=CC(=O)NCCCC[C@H](NC(=O)Cc1cccc(F)c1)C(=O)N1CCN(c2cccc(C)n2)CC1,,-6.903089986991944,,train
C=CC(=O)NCCCC[C@H](NC(=O)Cc1ccccc1)C(=O)N1CCN(C(=O)c2ccc(F)cc2)CC1,,-7.515700160653214,,train
C=CC(=O)NCCCC[C@H](NC(=O)Cc1ccccc1)C(=O)N1CCN(Cc2ccc(F)cc2)CC1,,-6.987162775294828,,train
C=CC(=O)NCCCC[C@H](NC(=O)Cc1ccccc1)C(=O)N1CCN(S(=O)(=O)c2cccc3c(N(C)C)cccc23)CC1,,-7.114638779968488,,train
C=CC(=O)NCCCC[C@H](NC(=O)Cc1ccccc1)C(=O)N1CCN(c2ccc(C(F)(F)F)nc2)CC1,,-7.046723663332696,,train
C=CC(=O)NCCCC[C@H](NC(=O)Cc1ccccc1)C(=O)N1CCN(c2ccc(F)nc2)CC1,,-7.450996737974212,,train
C=CC(=O)NCCCC[C@H](NC(=O)Cc1ccccc1)C(=O)N1CCN(c2cccc(-c3ccccc3)n2)CC1,,-6.6595558851598815,,test
C=CC(=O)NCCCC[C@H](NC(=O)Cc1ccccc1)C(=O)N1CCN(c2cccc(C(C)(C)C)n2)CC1,,-6.6595558851598815,,train
C=CC(=O)NCCCC[C@H](NC(=O)Cc1ccccc1)C(=O)N1CCN(c2cccc(C)n2)CC1,,-7.05700040663396,,train
C=CC(=O)NCCCC[C@H](NC(=O)Cc1ccccc1)C(=O)N1CCN(c2cccc(F)n2)CC1,,-6.876148359032914,,val
C=CC(=O)NCCCC[C@H](NC(=O)Cc1ccccc1)C(=O)N1CCN(c2cccc([N+](=O)[O-])n2)CC1,,-7.03810452633215,,test
C=CC(=O)NCCCC[C@H](NC(=O)Cc1ccccc1)C(=O)N1CCN(c2ccncc2)CC1,,-8.292429823902063,,train
C=CC(=O)NCCCC[C@H](NC(=O)Cc1ccccc1F)C(=O)N1CCN(c2cccc(C)n2)CC1,,-6.943095148663527,,train
C=CC(=O)NCCCC[C@H](NC(=O)Cc1ccccc1F)C(=O)N1CCN(c2cccc([N+](=O)[O-])n2)CC1,,-7.058488567365597,,train
C=CC(=O)NCCCC[C@H](NC(=O)Nc1ccc(F)cc1)C(=O)N1CCN(c2cccc(C)n2)CC1,,-6.903089986991944,,val
C=CC(=O)NCCCC[C@H](NC(=O)c1ccc(F)cc1)C(=O)N1CCN(c2ccc([N+](=O)[O-])nc2)CC1,,-7.38933983691012,,train
C=CC(=O)NCCCC[C@H](NC(=O)c1ccc(F)cc1)C(=O)N1CCN(c2cccc(C)n2)CC1,,-6.896196279044043,,train
C=CC(=O)N[C@@H]1CCC[C@H](Nc2ncnc(N)c2-c2ccc(Oc3ccccc3)cc2)C1,-4.924453038607469,,,train
C=CC(=O)N[C@@H]1CCN(c2ccc(C(N)=O)c(Nc3ccc(C(=O)N4CCOCC4)cc3)n2)C1,-6.3979400086720375,,,train
C=CC(=O)N[C@@H]1CCN(c2ccc(C(N)=O)c(Nc3ccc(CCN4CCCC4)cc3)n2)C1,-6.468521082957745,,,train
C=CC(=O)N[C@@H]1CC[C@H](Nc2ncnc(N)c2-c2ccc(Oc3ccccc3)cc2)C1,-4.627087997029894,,,test
C=CC(=O)N[C@@H]1CN(c2ccc(C(N)=O)c(Nc3ccc(CCN4CCCC4)cc3)n2)CC12CC2,-7.698970004336019,,,train
C=CC(=O)N[C@H]1CCCN(c2ccc(C(N)=O)c(Nc3ccc(C(=O)N4CCOCC4)cc3)n2)C1,-7.221848749616356,,,train
C=CC(=O)N[C@H]1CCN(c2ccc(C(N)=O)c(Nc3ccc(C(=O)N4CC(C)OC(C)C4)cc3)n2)C1,-6.301029995663981,,,test
C=CC(=O)N[C@H]1CCN(c2ccc(C(N)=O)c(Nc3ccc(C(=O)N4CCOCC4)cc3)n2)C1,-6.698970004336019,,,test
C=CC(=O)N[C@H]1CCN(c2ccc(C(N)=O)c(Nc3ccc(C(=O)NC(C)(C)C)cc3)n2)C1,-7.0,,,val
C=CC(=O)N[C@H]1CCN(c2ccc(C(N)=O)c(Nc3ccc(CCN4CCCC4)cc3)n2)C1,-6.522878745280337,,,train
C=CC(=O)N[C@H]1CCN(c2ccc(C(N)=O)c(Nc3ccc(N4CCC(F)(F)CC4)cc3)n2)C1,-5.366531544420414,,,train
C=CC(=O)N[C@H]1CCN(c2ccc(C(N)=O)c(Nc3ccc(N4CCCCC4)cc3)n2)C1,-5.721246399047171,,,train
C=CC(=O)N[C@H]1CCN(c2ccc(C(N)=O)c(Nc3ccc(N4CCCCC4)nc3)n2)C1,-5.657577319177793,,,train
C=CC(=O)N[C@H]1CCN(c2ccc(C(N)=O)c(Nc3ccc(N4CCOCC4)nc3)n2)C1,-5.886056647693163,,,train
C=CC(=O)N[C@H]1CCN(c2ccc(C(N)=O)c(Nc3ccc(N4C[C@@H](C)O[C@@H](C)C4)cc3)n2)C1,-5.0433580491197905,,,test
C=CC(=O)N[C@H]1CCN(c2ccc(C(N)=O)c(Nc3ccc(N4C[C@@H](C)O[C@@H](C)C4)nc3)n2)C1,-5.455931955649724,,,train
C=CC(=O)N[C@H]1CCN(c2ccc(C(N)=O)c(Nc3ccc(Oc4ccccc4)cc3)n2)C1,-6.200659450546419,,,train
C=CC(=O)N[C@H]1CCN(c2ccc(C(N)=O)c(Oc3ccc(Oc4ccccc4)cc3)n2)C1,-4.853871964321762,,,train
C=CC(=O)N[C@H]1CCN(c2nc(Nc3ccc(N4C[C@@H](C)O[C@@H](C)C4)cc3)c(C(N)=O)cc2F)C1,-5.221848749616356,,,test
C=CC(=O)N[C@H]1CCN(c2ncc(C(N)=O)c(Nc3ccc(C(=O)N4CC(C)OC(C)C4)cc3)n2)C1,-5.3979400086720375,,,train
C=CC(=O)N[C@H]1CCN(c2ncc(C(N)=O)c(Nc3ccc(C(=O)N4CCOCC4)cc3)n2)C1,-6.886056647693163,,,train
C=CC(=O)N[C@H]1CC[C@@H](Nc2ncnc(N)c2-c2ccc(Oc3ccccc3)cc2)CC1,-5.0,,,train
C=CC(=O)Nc1cc(Nc2nccc(-c3cn(C)c4ccccc34)n2)c(OC)cc1N(C)CCN(C)C,-7.075720713938118,-5.568636235841013,,train
C=CC(=O)Nc1ccc(/C=C/c2nc(Nc3cc(C(C)C)[nH]n3)cc(N3CCN(C)CC3)n2)cc1,-7.0,,,train
C=CC(=O)Nc1ccc(CCCCCC)cc1,,-3.0793549985932125,,train
C=CC(=O)Nc1ccc(CCc2nc(Nc3cc(C)[nH]n3)cc(N3CCN(C)CC3)n2)cc1,-6.522878745280337,,,train
C=CC(=O)Nc1ccc(S(=O)(=O)N2CCN(C(=O)C34CC5CC(CC(C5)C3)C4)CC2)cc1,-6.991399828238083,,,train
C=CC(=O)Nc1ccc(S(=O)(=O)N2CCN(C(=O)C3CC3)CC2)cc1,-7.187086643357144,,,train
C=CC(=O)Nc1ccc(S(=O)(=O)N2CCN(C(=O)C3CC3)CC2)cn1,-7.958607314841775,,,train
C=CC(=O)Nc1ccc(S(=O)(=O)N2CCN(C(=O)C3CCCC3)CC2)cc1,-6.866461091629782,,,train
C=CC(=O)Nc1cccc(-c2nc3ccccc3s2)c1,,-3.098541678603888,,train
C=CC(=O)Nc1cccc(Nc2nc(Nc3ccc(N4CCN(C(C)=O)CC4)cc3OC)ncc2C(F)(F)F)c1,-7.301029995663981,,,train
C=CC(=O)Nc1cccc(Nc2ncnc(N)c2-c2ccc(Oc3ccccc3)cc2)c1,-5.376750709602099,,,train
C=CC(=O)Nc1cccc(Oc2ncnc(N)c2-c2ccc(Oc3ccccc3)cc2)c1,-5.795880017344075,,,test
C=CC(=O)c1ccc(CCCCCC)cc1,,-4.42021640338319,,train
C=CCCCCC[C@H](NC(=O)OC(C)(C)C)C(=O)N[C@H](C(=O)Nc1ccccc1C(=O)NS(=O)(=O)CCCC=C)c1ccc(Oc2cc(OC)nc(-c3ccccc3)n2)cc1,-6.657577319177794,,,test
C=CCCCS(=O)(=O)NC(=O)c1ccccc1NC(=O)[C@@H](NC(=O)OC(C)(C)C)c1ccc(Oc2cc(OC)nc(-c3ccccc3)n2)c(C=C)c1,-6.0,,,val
C=CCCCS(=O)(=O)NC(=O)c1ccccc1NC(=O)[C@@H](NC(=O)OC(C)(C)C)c1ccc(Oc2cc(OC)nc(-c3ccccc3)n2)cc1,-5.3979400086720375,,,test
C=CCCCS(=O)(=O)NC(=O)c1ccccc1NC(=O)[C@@H](NC(=O)[C@@H](NC(=O)OC(C)(C)C)C(C)(C)C)c1ccc(Oc2cc(OC)nc(-c3ccccc3)n2)c(C=C)c1,-5.769551078621726,,,test
C=CCCCS(=O)(=O)NC(=O)c1ccccc1NC(=O)[C@@H](NC(=O)[C@@H](NC(=O)OC(C)(C)C)C(C)(C)C)c1ccc(Oc2cc(OC)nc(-c3ccccc3)n2)cc1,-6.657577319177794,,,train
C=CCN(C(=O)[C@@]1(c2cccs2)C[C@H]1CN)C1CC1,-6.749579997691106,,,train
C=CCN(CC)C(=O)[C@@]1(c2cccs2)C[C@H]1CN,-6.863279432843593,,,train
C=CCN(CC=C)C(=O)[C@@]1(c2cccs2)C[C@H]1CN,-6.777283528852417,,,train
C=CCN(Cc1nccs1)C(=O)[C@@]1(c2cccs2)C[C@H]1CN,-7.1938200260161125,,,train
C=CCN1C(=O)/C(=C/c2ccc(C(=O)N[C@@H](CCCNC(=N)N)C(=O)N[C@@H](CCCCN)C(=O)N[C@@H](CCCC)C(N)=O)cc2)SC1=S,,-6.376750709602099,,val
C=CCN1CC[C@]23c4c5ccc(O)c4O[C@H]2C(=O)CC[C@@]3(O)[C@H]1C5,-4.667561540084395,,,train
C=CCN1C[C@H](C(=O)NO)[C@H](NC(=O)c2ccc(OCc3cc(C)nc4ccccc34)cc2)C1,-7.0,,,train
C=CCOc1ccc(Cl)cc1[C@H]1C[C@@H]1CN,-4.448550002027125,,,train
C=CCOc1ccc(N2CC[C@@]3(O)C(=O)c4cc(C)ccc4N=C23)cc1,-4.527243550682788,,,train
C=CC[C@@H]1/C=C(\C)C[C@H](C)C[C@H](OC)[C@H]2O[C@@](O)(C(=O)C(=O)N3CCCC[C@H]3C(=O)O[C@H](/C(C)=C/[C@@H]3CC[C@@H](O)[C@H](OC)C3)[C@H](C)[C@@H](O)CC1=O)[C@H](C)C[C@@H]2OC,-6.0,,,train
C=CCc1ccccc1OCC(O)CNC(C)C,,-4.950937830852882,,test
C=CCc1ccccc1OCC(O)CNCCOCCOCCOCCOCCNC(=O)C1C(C(=O)O)C(C(=O)O)C1C(=O)O,,-8.455931955649724,,train
C=CCn1c(=O)c2cnc(Nc3ccc(N4CCN(C)CC4)cc3)nc2n1-c1ccc2c(n1)C(O)(CC)CC2,-5.443697499232713,,,train
C=CCn1c(=O)c2cnc(Nc3ccc(N4CCN(C)CC4)cc3)nc2n1-c1cccc(C(C)(C)O)n1,-5.468521082957745,,,train
C=C[C@@H]1C[C@]1(NC(=O)[C@@H]1C[C@@H](Oc2cc(-c3csc(NC(=O)C(C)C)n3)nc3c(Br)c(OC)ccc23)CN1C(=O)[C@@H](NC(=O)OC1CCCC1)C(C)(C)C)C(=O)O,-5.0733334474988325,,,train
C=C[C@@H]1C[C@]1(NC(=O)[C@@H]1C[C@@H](Oc2cc(-c3csc(NC(C)C)n3)nc3c(Br)c(OC)ccc23)CN1C(=O)[C@@H](CC(=O)NC1CCCC1)C(C)(C)C)C(=O)O,-5.096910013008056,,,train
C=C[C@@H]1C[C@]1(NC(=O)[C@@H]1C[C@@H](Oc2cc(-c3csc(NC(C)C)n3)nc3c(Br)c(OC)ccc23)CN1C(=O)[C@@H](NC(=O)OC1CCCC1)C(C)(C)C)C(=O)O,-4.769551078621726,,,test
C=C[C@@H]1C[C@]1(NC(=O)[C@@H]1C[C@@H](Oc2cc(-c3csc(NC(C)C)n3)nc3cc(OC)ccc23)CN1C(=O)[C@@H](NC(=O)OC1CCCC1)C(C)(C)C)P(=O)(O)Cc1c(C)cccc1C,-6.721246399047171,,,val
C=C[C@@H]1C[C@]1(NC(=O)[C@@H]1C[C@@H](Oc2cc(-c3csc(NC(C)C)n3)nc3cc(OC)ccc23)CN1C(=O)[C@@H](NC(=O)OC1CCCC1)C(C)(C)C)P(=O)(O)Cc1c(F)cccc1C(F)(F)F,-6.275724130399211,,,train
C=C[C@@H]1C[C@]1(NC(=O)[C@@H]1C[C@@H](Oc2cc(-c3csc(NC(C)C)n3)nc3cc(OC)ccc23)CN1C(=O)[C@@H](NC(=O)OC1CCCC1)C(C)(C)C)P(=O)(O)Cc1c(F)cccc1Cl,-6.050609993355088,,,test
C=C[C@@H]1C[C@]1(NC(=O)[C@@H]1C[C@@H](Oc2cc(-c3csc(NC(C)C)n3)nc3cc(OC)ccc23)CN1C(=O)[C@@H](NC(=O)OC1CCCC1)C(C)(C)C)P(=O)(O)Cc1c(F)cccc1F,-5.913640169325252,,,train
C=C[C@@H]1C[C@]1(NC(=O)[C@@H]1C[C@@H](Oc2cc(-c3csc(NC(C)C)n3)nc3cc(OC)ccc23)CN1C(=O)[C@@H](NC(=O)OC1CCCC1)C(C)(C)C)P(=O)(O)Cc1ccc(C)cc1,-6.161150909262744,,,train
C=C[C@@H]1C[C@]1(NC(=O)[C@@H]1C[C@@H](Oc2cc(-c3csc(NC(C)C)n3)nc3cc(OC)ccc23)CN1C(=O)[C@@H](NC(=O)OC1CCCC1)C(C)(C)C)P(=O)(O)Cc1ccc(F)cc1,-6.075720713938119,,,train
C=C[C@@H]1C[C@]1(NC(=O)[C@@H]1C[C@@H](Oc2cc(-c3csc(NC(C)C)n3)nc3cc(OC)ccc23)CN1C(=O)[C@@H](NC(=O)OC1CCCC1)C(C)(C)C)P(=O)(O)Cc1ccc(OC)cc1,-6.1487416512809245,,,train
C=C[C@@H]1C[C@]1(NC(=O)[C@@H]1C[C@@H](Oc2cc(-c3csc(NC(C)C)n3)nc3cc(OC)ccc23)CN1C(=O)[C@@H](NC(=O)OC1CCCC1)C(C)(C)C)P(=O)(O)Cc1cccc(C)c1,-6.1938200260161125,,,test
C=C[C@@H]1C[C@]1(NC(=O)[C@@H]1C[C@@H](Oc2cc(-c3csc(NC(C)C)n3)nc3cc(OC)ccc23)CN1C(=O)[C@@H](NC(=O)OC1CCCC1)C(C)(C)C)P(=O)(O)Cc1cccc(F)c1,-6.468521082957745,,,train
C=C[C@@H]1C[C@]1(NC(=O)[C@@H]1C[C@@H](Oc2cc(-c3csc(NC(C)C)n3)nc3cc(OC)ccc23)CN1C(=O)[C@@H](NC(=O)OC1CCCC1)C(C)(C)C)P(=O)(O)Cc1cccc(OC)c1,-6.4089353929735005,,,val
C=C[C@@H]1C[C@]1(NC(=O)[C@@H]1C[C@@H](Oc2cc(-c3csc(NC(C)C)n3)nc3cc(OC)ccc23)CN1C(=O)[C@@H](NC(=O)OC1CCCC1)C(C)(C)C)P(=O)(O)Cc1ccccc1,-6.154901959985743,,,val
C=C[C@@H]1C[C@]1(NC(=O)[C@@H]1C[C@@H](Oc2cc(-c3csc(NC(C)C)n3)nc3cc(OC)ccc23)CN1C(=O)[C@@H](NC(=O)OC1CCCC1)C(C)(C)C)P(=O)(O)Cc1ccccc1C,-6.161150909262744,,,val
C=C[C@@H]1C[C@]1(NC(=O)[C@@H]1C[C@@H](Oc2cc(-c3csc(NC(C)C)n3)nc3cc(OC)ccc23)CN1C(=O)[C@@H](NC(=O)OC1CCCC1)C(C)(C)C)P(=O)(O)Cc1ccccc1F,-6.275724130399211,,,train
C=C[C@@H]1C[C@]1(NC(=O)[C@@H]1C[C@@H](Oc2cc(-c3csc(NC(C)C)n3)nc3cc(OC)ccc23)CN1C(=O)[C@@H](NC(=O)OC1CCCC1)C(C)(C)C)P(=O)(O)Cc1ccccc1OC,-6.366531544420414,,,train
C=C[C@@H]1C[C@]1(NC(=O)[C@@H]1C[C@@H](Oc2cc(OCC)nc3c(Br)c(OC)ccc23)CN1C(=O)[C@@H](CC(=O)NC(C)(C)C)C(C)(C)C)C(=O)NS(=O)(=O)C1CC1,-5.1487416512809245,,,train
C=C[C@@H]1C[C@]1(NC(=O)[C@@H]1C[C@@H](Oc2cc(OCC)nc3c(Br)c(OC)ccc23)CN1C(=O)[C@@H](CC(=O)Nc1ccccc1)C(C)(C)C)C(=O)NS(=O)(=O)C1CC1,-5.619788758288394,,,val
C=C[C@@H]1C[C@]1(NC(=O)[C@@H]1C[C@@H](Oc2cc(OCC)nc3c(Cl)cccc23)CN1C(=O)[C@@H](CC(=O)NC(C)(C)C)C(C)(C)C)C(=O)NS(=O)(=O)C1CC1,-5.522878745280337,,,train
C=C[C@@H]1C[C@]1(NC(=O)[C@@H]1C[C@@H](Oc2cc(OCC)nc3c(Cl)cccc23)CN1C(=O)[C@@H](CC(=O)Nc1ccccc1)C(C)(C)C)C(=O)NS(=O)(=O)C1CC1,-5.4089353929735005,,,train
C=C[C@H]1CN2CC[C@H]1C[C@@H]2[C@@H](O)c1ccnc2ccc(OC)cc12,-4.542875373696592,-4.940058111938045,-5.1383605620571355,val
C=Cc1cc(C(NC(=O)NC(C)(C)C)C(=O)Nc2cccc(C(=O)NS(=O)(=O)c3ccc(C(F)(F)F)cc3)c2)ccc1Oc1cc(OC)nc(-c2ccccc2)n1,-6.443697499232713,,,train
C=Cc1cc(C(NC(=O)OC(C)(C)C)C(=O)Nc2ccc(C(=O)NS(=O)(=O)c3ccc(C(F)(F)F)cc3)cc2)ccc1Oc1cc(OC)nc(-c2ccccc2)n1,-5.2441251443275085,,,train
C=Cc1cc(C(NC(=O)OC(C)(C)C)C(=O)Nc2cccc(C(=O)NS(=O)(=O)c3ccc(C(F)(F)F)cc3)c2)ccc1Oc1cc(OC)nc(-c2ccccc2)n1,-6.0,,,train
C=Cc1cc(C(NC(=O)OC(C)(C)C)C(=O)Nc2ccccc2C(=O)NS(=O)(=O)c2ccc(C(F)(F)F)cc2)ccc1Oc1cc(OC)nc(-c2ccccc2)n1,-5.3979400086720375,,,train
C=Cc1cc([C@H](NC(=O)[C@@H](NC(=O)OC(C)(C)C)C(C)(C)C)C(=O)Nc2cccc(C(=O)NS(=O)(=O)c3ccc(C(F)(F)F)cc3)c2)ccc1Oc1cc(OC)nc(-c2ccccc2)n1,-5.013228265733756,,,train
C=Cc1ccc2c(NCc3ccc(NC(=O)c4ccc(F)cc4)cc3)nc(N(C)C)nc2c1,,-5.958607314841775,,train
C=Cn1nc(C(N)=O)c2c1-c1nc(Nc3cc(N4CCN(C)CC4)ccc3OC(F)(F)F)ncc1CC2,,-4.707743928643524,,train
CC#CC(CC(=O)O)c1ccc(OCc2ccc(C(=O)N3CCC4(C=Cc5ccccc54)CC3)cc2)cc1,-4.962573502059376,,,train
CC#CC(CC(=O)O)c1ccc(OCc2ccc(C(=O)N3CCC4(C=Cc5ccccc54)CC3)s2)cc1,-4.714442690992226,,,val
CC#C[C@@H](CC(=O)O)c1ccc(OCc2ccc(C(=O)N3CCN(c4ccc(F)cc4)CC3)s2)cc1,-4.686132779630847,,,val
CC#C[C@@H](CC(=O)O)c1ccc(OCc2ccc(C(=O)N[C@@H]3CCCc4ccccc43)cc2)cc1,-4.72584215073632,,,train
CC#C[C@@H](CC(=O)O)c1ccc(OCc2ccc(C(=O)N[C@H]3CCCc4ccccc43)cc2)cc1,-4.818156412055227,,,train
CC#C[C@@H](CC(=O)O)c1ccc(OCc2ccc(CN3CCC4(C=Cc5ccccc54)CC3)cc2)cc1,-4.823908740944319,,,train
CC#Cc1ccc2c(c1)C(=O)N([C@H](C)c1ccc(Cl)cc1)[C@@H](c1ccc(Cl)cc1)C(=O)N2CCCCC(=O)O,-4.701146923590294,,,train
CC(=O)/C(C)=N/O,,-5.221848749616356,,train
CC(=O)C1(C(=O)N[C@H](C(=O)N2C[C@H](O)C[C@H]2C(=O)NCc2ccc(-c3scnc3C)cc2)C(C)(C)C)CC1,,-7.823908740944319,,train
CC(=O)CC(c1ccccc1)c1c(O)c2ccccc2oc1=O,-4.492528743765199,-7.487552019946257,,train
CC(=O)N(C)CC(=O)N(C)[C@@H](Cc1ccccc1)C(=O)N(C)[C@@H](Cc1ccccc1)C(=O)N(C)[C@@H](Cc1ccccc1)C(N)=O,,-6.154901959985743,,train
CC(=O)N(C)CCCc1cn(Cc2ccc(F)cc2)c2cnc3c(c12)CCN(O)C3=O,-5.38933983691012,,,train
CC(=O)N(C)C[C@H]1C[C@H](c2ccc(CN3CCCC3)c(Cl)c2)C1,-4.272458742971444,,,train
CC(=O)N(C)Cc1ccc(-c2ccc(N3CCOc4ncnc(N)c4C3=O)cc2)c(Cl)c1,-4.705533773838408,,,train
CC(=O)N(C)[C@@H](CC(C)(C)C)C(=O)N[C@H]1CCCCC/C=C\[C@@H]2C[C@@]2(C(=O)NS(=O)(=O)C2(C)CC2)NC(=O)[C@@H]2C[C@@H](Oc3nc4cc(F)ccc4c4ccccc34)CN2C1=O,,-6.552841968657781,,train
CC(=O)N(C)[C@@H](CC1CCCCC1)C(=O)N(C)[C@@H](Cc1ccccc1)C(=O)N(C)[C@@H](Cc1ccccc1)C(=O)N(C)[C@@H](Cc1ccccc1)C(N)=O,,-5.721246399047171,,train
CC(=O)N(C)[C@@H](CCc1ccccc1)C(=O)N(C)[C@@H](Cc1ccccc1)C(=O)N(C)[C@@H](Cc1ccccc1)C(=O)N(C)[C@@H](Cc1ccccc1)C(N)=O,,-5.744727494896694,,train
CC(=O)N(C)[C@@H](Cc1c[nH]c2ccccc12)C(=O)N(C)[C@@H](Cc1ccccc1)C(=O)N(C)[C@@H](Cc1ccccc1)C(=O)N(C)[C@@H](Cc1ccccc1)C(N)=O,,-5.853871964321762,,train
CC(=O)N(C)[C@@H](Cc1ccc2ccccc2c1)C(=O)N(C)[C@@H](Cc1ccccc1)C(=O)N(C)[C@@H](Cc1ccccc1)C(=O)N(C)[C@@H](Cc1ccccc1)C(N)=O,,-5.886056647693163,,train
CC(=O)N(C)[C@@H](Cc1ccccc1)C(=O)N(C)[C@@H](Cc1ccccc1)C(=O)N(C)[C@@H](Cc1ccccc1)C(=O)N(C)[C@@H](Cc1ccccc1)C(=O)O,,-6.045757490560675,,train
CC(=O)N(C)[C@@H](Cc1ccccc1)C(=O)N(C)[C@@H](Cc1ccccc1)C(=O)N(C)[C@@H](Cc1ccccc1)C(=O)N(C)[C@@H](Cc1ccccc1)C(N)=O,,-5.105774396488272,,train
CC(=O)N(C)[C@@H](Cc1ccccc1)C(=O)N(C)[C@@H](Cc1ccccc1)C(=O)N(C)[C@@H](Cc1ccccc1)C(N)=O,,-5.167491087293763,,test
CC(=O)N(C)[C@@H](Cc1ccccc1)C(=O)N(C)[C@@H](Cc1ccccc1)C(N)=O,,-5.259637310505756,,train
CC(=O)N(C)[C@@H](Cc1ccccc1)C(=O)N[C@@H](Cc1ccccc1)C(=O)N(C)[C@@H](Cc1ccccc1)C(=O)N(C)[C@@H](Cc1ccccc1)C(=O)N(C)[C@@H](Cc1ccccc1)C(N)=O,,-5.958607314841775,,train
CC(=O)N(C)[C@H](C(=O)N(C)[C@@H](Cc1ccccc1)C(=O)N(C)[C@@H](Cc1ccccc1)C(=O)N(C)[C@@H](Cc1ccccc1)C(N)=O)c1ccccc1,,-6.154901959985743,,test
CC(=O)N(C)c1ccc(OC2CN(c3c4c(nc5ccnn35)CCNCC4)C2)cc1,-6.2076083105017466,,,train
CC(=O)N(O)C(CS(=O)(=O)c1ccc(-c2cccc(CNC(=O)c3nc4ccccc4c(=O)[nH]3)c2)cc1)C(C)C,,-6.3448615651886175,,train
CC(=O)N(O)CCc1ccccc1,,-5.343901797987169,,train
CC(=O)N1CC(CC#N)(n2cc(-c3nc(-c4cnn(C)c4)cn4nccc34)cn2)C1,,,-5.3979400086720375,train
CC(=O)N1CC2CC(C1)CN(C(=O)CN1CCC[C@H](NS(=O)(=O)c3ccc4cc(Cl)ccc4c3)C1=O)C2,-7.136677139879544,,,train
CC(=O)N1CC=C(c2coc3c(O[C@H](C)c4c(Cl)ccc(F)c4Cl)c(N)ncc23)CC1,,-3.7011469235902936,,test
CC(=O)N1CCC(C(=O)N2CCC(N3CCN(C(=O)c4cc(-c5ccc(C)cc5)nc(-c5ccc6[nH]ccc6c5)c4)CC3)CC2)CC1,,-4.400116927926312,,train
CC(=O)N1CCC(C(=O)N2CCC(N3CCN(C(=O)c4cc(-c5ccc(F)cc5)nc(-c5ccc6[nH]ccc6c5)c4)CC3)CC2)CC1,,-4.3535962737769305,,train
CC(=O)N1CCC(C(=O)N2CCC(N3CCN(C(=O)c4cc(-c5cccc(C)c5)nc(-c5ccc6[nH]ccc6c5)c4)CC3)CC2)CC1,,-4.55129368009492,,train
CC(=O)N1CCC(C(=O)N2CCC(N3CCN(C(=O)c4cc(-c5cccc(F)c5)nc(-c5ccc6[nH]ccc6c5)c4)CC3)CC2)CC1,,-4.701146923590294,,train
CC(=O)N1CCC(C(=O)N2CCC(N3CCN(C(=O)c4cc(-c5ccccc5)nc(-c5ccc6[nH]ccc6c5)c4)CC3)CC2)CC1,,-4.332547047110047,,train
CC(=O)N1CCC(CN(C2Cc3cc(C#N)ccc3N(Cc3cncn3C)C2)S(=O)(=O)c2ccccn2)CC1,-6.301029995663981,,,val
CC(=O)N1CCC(N(Cc2ccc(Br)c(Cl)c2)C2CC(c3ccc(C)cc3)C2)CC1,,-2.719194071606333,,train
CC(=O)N1CCC(NC(=O)NC23CC4(C)CC2CC4(C)C3)CC1,-6.79805693659835,,,train
CC(=O)N1CCC(NC(=O)NC23CC4C5CC6CC4C(C2)C(C6)C5C3)CC1,-6.681310730052254,,,test
CC(=O)N1CCC(NC(=O)NC23CC4CC(CC(C4)C2)C3)CC1,-8.657577319177793,,,train
CC(=O)N1CCC(NC(=O)NC23CC4CC(CC(C4)O2)C3)CC1,-7.649751981665838,,,train
CC(=O)N1CCC(NC(=O)NC2C3CC4C5CC6CC4C2C(C6)C5C3)CC1,-6.806318970458719,,,train
CC(=O)N1CCC(Nc2ncc3cc(Oc4ccc(F)cc4F)c(=O)n(C)c3n2)CC1,-4.747146969020107,,,train
CC(=O)N1CCC(c2ccc(N3CCOc4ncnc(N)c4C3=O)cc2)CC1,,,-5.301029995663981,test
CC(=O)N1CCC(n2cc(-c3coc4c(O[C@H](C)c5c(Cl)ccc(F)c5Cl)c(N)ncc34)cn2)CC1,,-3.4975728800155674,,train
CC(=O)N1CCC(n2cc(Nc3nc(NC4(C)CC4)c4c(=O)n(C)ccc4n3)cn2)CC1,-4.318758762624412,,,train
CC(=O)N1CCC(n2cc(Nc3nc(NC4CCOCC4)c4nc(CC#N)ccc4n3)cn2)CC1,-5.3872161432802645,,,train
CC(=O)N1CCC(n2cc(Nc3nc(OC4CCOCC4)c4nc(C)ccc4n3)cn2)CC1,-4.346787486224656,,,train
CC(=O)N1CCCC(NC(=O)c2ccc3c(C4CCCCC4)c(-c4ccccn4)n(C)c3c2)(C(=O)Nc2ccc(/C=C/C(=O)O)cc2)C1,-5.259637310505756,,,val
CC(=O)N1CCCC1c1nc(C(=O)NCc2ccc(F)cc2)c(O)c(=O)[nH]1,,-5.455931955649724,,train
CC(=O)N1CCCCC1(C)c1nc(C(=O)NCc2ccc(F)cc2)c(O)c(=O)[nH]1,,-5.200659450546419,,train
CC(=O)N1CCCCC1c1nc(C(=O)NCc2ccc(F)cc2)c(O)c(=O)[nH]1,,-5.42712839779952,,train
CC(=O)N1CCC[C@@]1(C)c1nc(C(=O)NCc2ccc(F)cc2)c(O)c(=O)[nH]1,,-4.913640169325252,,val
CC(=O)N1CCC[C@H](NC(=O)[C@H]2CN(S(=O)(=O)c3ccccc3)C[C@@H]2NC(=O)c2cc(-c3ccccc3Cl)on2)C1,-6.1249387366083,,,train
CC(=O)N1CCC[C@H]1C(=O)N[C@@H]1COC(=O)c2cccc(-c3cc(C)c(C(=O)O)c(C)c3)c2CSC[C@H](C(=O)N(C)C)NC1=O,-6.721246399047171,,,train
CC(=O)N1CCC[C@H]1C(=O)N[C@@H]1COC(=O)c2cccc(-c3cc(F)c(C(=O)O)c(F)c3)c2CSC[C@H](C(=O)N(C)C)NC1=O,-6.744727494896694,,,train
CC(=O)N1CCC[C@H]1C(=O)N[C@@H]1COC(=O)c2cccc(-c3ccc(C(=O)O)cc3)c2CSC[C@H](C(=O)N(C)C)NC1=O,-6.795880017344075,,,train
CC(=O)N1CCC[C@H]1C(=O)N[C@@H]1COC(=O)c2ccccc2CSC[C@H](C(=O)N(C)C)NC1=O,-6.721246399047171,,,train
CC(=O)N1CCN(C(=O)c2ccc(-c3cn4c(-c5ccc(O)cc5)cnc4cn3)cc2)CC1,,-5.549750891680639,,test
CC(=O)N1CCN(C(C)(C)/C=C(\C#N)C(=O)N2CCC[C@@H](n3nc(-c4ccc(Oc5ccccc5)cc4F)c4c(N)ncnc43)C2)CC1,-6.221848749616356,,,test
CC(=O)N1CCN(C)C(C)(c2nc(C(=O)NCc3ccc(F)cc3)c(O)c(=O)n2C)C1,,-5.2441251443275085,,train
CC(=O)N1CCN(C)C(c2nc(C(=O)NCc3ccc(F)cc3)c(O)c(=O)n2C)C1,,-5.638272163982407,,train
CC(=O)N1CCN(C)CC1(C)c1nc(C(=O)NCc2ccc(F)cc2)c(O)c(=O)[nH]1,,-4.671620396561262,,train
CC(=O)N1CCN(C)CC1c1nc(C(=O)NCc2ccc(F)cc2)c(O)c(=O)[nH]1,,-6.3979400086720375,,train
CC(=O)N1CCN([C@H]2CC[C@@H](Nc3ncnc4[nH]cc(C(C)C)c34)CC2)CC1,-4.920818753952375,,,train
CC(=O)N1CCN([C@H]2CC[C@@H](Nc3ncnn4ccc(C(C)C)c34)CC2)CC1,-4.537602002101044,,,train
CC(=O)N1CCN([C@H]2CC[C@H](Nc3ncnn4ccc(C(C)C)c34)CC2)CC1,-4.42021640338319,,,train
CC(=O)N1CCN([C@H]2CC[C@H](Nc3ncnn4ccc(C5CCOCC5)c34)CC2)CC1,-4.522878745280337,,,train
CC(=O)N1CCN([C@H]2CC[C@H](Nc3ncnn4ccc([C@H](C)CC(N)=O)c34)CC2)CC1,-5.744727494896694,,,train
CC(=O)N1CCN([C@H]2CC[C@H](Nc3ncnn4ccc([C@H]5CC[C@H](C(N)=O)CC5)c34)CC2)CC1,-6.154901959985743,,,train
CC(=O)N1CCN([C@H]2C[C@@H](n3cc(-c4cc(OC[C@@H]5CCCO5)ccc4F)c4c(N)ncnc43)C2)CC1,-4.931814138253839,,,train
CC(=O)N1CCN([C@H]2C[C@@H](n3cc(-c4cccc(OCC56CCC(CC5)O6)c4)c4c(N)ncnc43)C2)CC1,-5.251811972993799,,,train
CC(=O)N1CCN([C@H]2C[C@H](n3cc(-c4cc(OC[C@@H]5CCCO5)ccc4F)c4c(N)ncnc43)C2)CC1,-4.995678626217358,,,train
CC(=O)N1CCN(c2cc(-c3cc(C(F)(F)F)c4c(N)ncnn34)ccc2C#N)C(=O)C1(C)C,-6.958607314841775,,,train
CC(=O)N1CCN(c2cc(-c3cc(C(F)(F)F)c4c(N)ncnn34)ccc2C(C)O)C(=O)C1(C)C,-7.251811972993799,,,test
CC(=O)N1CCN(c2cc(-c3cc(C(F)(F)F)c4c(N)ncnn34)ccc2S(C)(=O)=O)C(=O)C1(C)C,-7.022276394711152,,,test
CC(=O)N1CCN(c2cc(-c3cc(Cl)c4c(N)ncnn34)ccc2C#N)C(=O)C1(C)C,-6.698970004336019,,,val
CC(=O)N1CCN(c2cc(-c3cc(Cl)c4c(N)ncnn34)ccc2C(C)O)C(=O)C1(C)C,-7.508638306165728,,,train
CC(=O)N1CCN(c2cc(-c3cc(Cl)c4c(N)ncnn34)ccc2C(F)(F)F)C(=O)C1(C)C,-6.823908740944319,,,train
CC(=O)N1CCN(c2ccc(Nc3cc(-c4ccnc(N5CCn6c(cc7c6CC(C)(C)C7)C5=O)c4CO)cn(C)c3=O)nc2)CC1,,,-4.954677021213342,train
CC(=O)N1CCN(c2ccc(OCC3COC(Cn4ccnc4)(c4ccc(Cl)cc4Cl)O3)cc2)CC1,-4.7447274948966935,,,train
CC(=O)N1CCN(c2ccc(OC[C@H]3CO[C@](Cn4ccnc4)(c4ccc(Cl)cc4Cl)O3)cc2)CC1,,-5.394319570422441,-5.376750709602099,test
CC(=O)N1CCN(c2cccc(-c3cc(-c4ccnn4C4CC4)c4c(N)ncnn34)c2)C(=O)C1(C)C,-7.443697499232713,,,train
CC(=O)N1CCN(c2cccc(-c3cc(-c4ccnn4C4CCOCC4)c4c(N)ncnn34)c2)C(=O)C1(C)C,-7.823908740944319,,,train
CC(=O)N1CCN(c2cccc(-c3cc(-c4ccnn4CC(F)(F)F)c4c(N)ncnn34)c2)C(=O)C1(C)C,-7.267606240177032,,,train
CC(=O)N1CCN(c2cccc(-c3cc(-c4cnc(Cl)n4C)c4c(N)ncnn34)c2)C(=O)C1(C)C,-7.443697499232713,,,train
CC(=O)N1CCN(c2cccc(-c3cc(-c4cnn(C)c4)c4c(N)ncnn34)c2)C(=O)C1(C)C,-7.455931955649724,,,train
CC(=O)N1CCN(c2cccc(-c3cc(-c4cnn(C5CC5)c4)c4c(N)ncnn34)c2)C(=O)C1(C)C,-7.638272163982407,,,train
CC(=O)N1CCN(c2cccc(-c3cc(-c4cscn4)c4c(N)ncnn34)c2)C(=O)C1(C)C,-6.920818753952375,,,train
CC(=O)N1CCN(c2cccc(-c3cc(-c4ncco4)c4c(N)ncnn34)c2)C(=O)C1(C)C,-6.619788758288394,,,train
CC(=O)N1CCN(c2cccc(-c3cc(-c4nnc(C(C)C)o4)c4c(N)ncnn34)c2)C(=O)C1(C)C,-6.920818753952375,,,train
CC(=O)N1CCN(c2cccc(-c3cc(-c4nnc(C)s4)c4c(N)ncnn34)c2)C(=O)C1(C)C,-6.769551078621726,,,train
CC(=O)N1CCN(c2cccc(-c3cc(Br)c4c(N)ncnn34)c2)C(=O)C1(C)C,-6.537602002101044,,,train
CC(=O)N1CCN(c2cccc(-c3cc(C#N)c4c(N)ncnn34)c2)C(=O)C1(C)C,-7.075720713938118,,,val
CC(=O)N1CCN(c2cccc(-c3cc(C(F)(F)F)c4c(N)ncnn34)c2)C(=O)C1(C)C,-6.537602002101044,,,train
CC(=O)N1CCN(c2cccc(-c3cc(C)c4c(N)ncnn34)c2)C(=O)C1(C)C,-6.958607314841775,,,train
CC(=O)N1CCN(c2cccc(-c3cc(Cl)c4c(N)ncnn34)c2)C(=O)C1(C)C,-6.698970004336019,,,test
CC(=O)N1CCN(c2cccc(-c3cc(F)c4c(N)ncnn34)c2)C(=O)C1(C)C,-6.721246399047171,,,val
CC(=O)N1CCN(c2cccc(-c3cc(I)c4c(N)ncnn34)c2)C(=O)C1(C)C,-6.6020599913279625,,,train
CC(=O)N1CCc2c(c(-c3cccc4cc(-c5cnn(C)c5)ncc34)nn2C2CCOCC2)C1,,,-5.0,train
CC(=O)N1CCc2c(c(Nc3ccc(-c4cnn(C)c4)cc3F)nn2[C@@H]2CCOC2)C1,,,-4.823908740944319,train
CC(=O)N1CCc2c(c(Nc3cccc(-c4cc[nH]n4)c3)nn2CC2CC2)C1,,,-5.200659450546419,train
CC(=O)N1CCc2c(c(Nc3cccc(-c4ccccc4)c3)nn2CC2CC2)C1,,,-4.585026652029182,val
CC(=O)N1CCc2c(c(Nc3cccc(-c4ccccn4)c3)nn2CC2CC2)C1,,,-4.823908740944319,train
CC(=O)N1CCc2c(c(Nc3cccc(-c4cccnc4)c3)nn2CC2CC2)C1,,,-4.619788758288394,val
CC(=O)N1CCc2c(c(Nc3cccc(-c4ccncc4)c3)nn2CC2CC2)C1,,,-4.698970004336019,train
CC(=O)N1CCc2c(c(Nc3cccc(-c4ccnn4C)c3)nn2CC2CC2)C1,,,-4.823908740944319,train
CC(=O)N1CCc2c(c(Nc3cccc(-c4cn[nH]c4)c3)nn2CC2CC2)C1,,,-5.136677139879544,train
CC(=O)N1CCc2c(c(Nc3cccc(-c4cnn(C)c4)c3)nn2CC2CC2)C1,,,-4.7447274948966935,train
CC(=O)N1CCc2c(c(Nc3cccc(C(=O)NC(C)C)c3)nn2CC2CC2)C1,,,-5.619788758288394,train
CC(=O)N1C[C@H](C(=O)NO)[C@H](NC(=O)c2ccc(OCc3cc(C)nc4ccccc34)cc2)C1,-6.698970004336019,,,train
CC(=O)N1Cc2[nH]c3ccccc3c2C[C@H]1C(=O)N(C)[C@@H](Cc1ccccc1)C(=O)N(C)[C@@H](Cc1ccccc1)C(=O)N(C)[C@@H](Cc1ccccc1)C(N)=O,,-5.823908740944319,,train
CC(=O)N1Cc2cc(Cl)ccc2N(C(=O)N2CCN(c3ccccc3C)CC2)C1,-4.4089353929735005,,,train
CC(=O)N1Cc2ccccc2C[C@H]1C(=O)N(C)[C@@H](Cc1ccccc1)C(=O)N(C)[C@@H](Cc1ccccc1)C(=O)N(C)[C@@H](Cc1ccccc1)C(N)=O,,-5.698970004336019,,train
CC(=O)N1N=C(c2ccc(-c3ccccc3)cc2)CC1c1ccc(C(=O)O)cc1,,-5.671620396561262,,train
CC(=O)N1N=C(c2ccc(-c3ccccc3)cc2)CC1c1ccc([N+](=O)[O-])cc1,,-5.105130343254747,,val
CC(=O)N1N=C(c2ccc(-c3ccccc3)cc2)CC1c1ccc2c(c1)OCO2,,-5.057991946977687,,train
CC(=O)N1N=C(c2ccc(-c3ccccc3)cc2)CC1c1ccc2ccccc2c1,,-5.473660722610156,,val
CC(=O)N1N=C(c2ccc(-c3ccccc3)cc2)CC1c1cccc([N+](=O)[O-])c1,,-5.025949097207123,,train
CC(=O)N1N=C(c2ccc(-c3ccccc3)cc2)CC1c1ccccc1,,-5.038578905933552,,train
CC(=O)N1N=C(c2ccc(-c3ccccc3)cc2)CC1c1ccccc1[N+](=O)[O-],,-5.161150909262744,,test
CC(=O)N1N=C(c2ccc(Br)cc2)CC1c1ccc(-c2ccccc2)cc1,,-5.309803919971486,,train
CC(=O)N1N=C(c2ccc(C)cc2)CC1c1ccc(-c2ccccc2)cc1,,-5.369572124974976,,test
CC(=O)N1N=C(c2ccc3c(c2)OCO3)CC1c1ccc(-c2ccccc2)cc1,,-5.073657553374345,,train
CC(=O)N1N=C(c2ccc3ccccc3c2)CC1c1ccc(-c2ccccc2)cc1,,-5.3535962737769305,,train
CC(=O)N1N=C(c2cccc3ccccc23)CC1c1ccc(-c2ccccc2)cc1,,-5.262012673666569,,train
CC(=O)N1N=C(c2ccccc2[N+](=O)[O-])CC1c1ccc(-c2ccccc2)cc1,,-5.913640169325252,,test
CC(=O)N1[C@@H](c2ccccc2)CC[C@H]1C(=O)Nc1ncc(-c2ccc(N)cc2)s1,-4.6777807052660805,,,train
CC(=O)N1c2ccc(-c3ccc(C(=O)NCCOCCOCC(=O)N[C@H](C(=O)N4C[C@H](O)C[C@H]4C(=O)NCc4ccc(-c5scnc5C)cc4)C(C)(C)C)cc3)cc2[C@H](Nc2ccc(Cl)cc2)C[C@@H]1C,,-6.522878745280337,,test
CC(=O)N1c2ccc(-c3ccc(C(=O)NCCOCCOCCOCCOCC(=O)N[C@H](C(=O)N4C[C@H](O)C[C@H]4C(=O)NCc4ccc(-c5scnc5C)cc4)C(C)(C)C)cc3)cc2[C@H](Nc2ccc(Cl)cc2)C[C@@H]1C,,-6.795880017344075,,train
CC(=O)NC(=O)NCc1ccccc1,,-4.787812395596042,,train
CC(=O)NC1(C(=O)N[C@H](C(=O)N2C[C@H](O)C[C@H]2C(=O)NCc2ccc(-c3scnc3C)cc2)C(C)(C)C)CC1,,-10.0,,train
CC(=O)NC1CCN(c2nc(-c3ccccn3)nc3c2CN(Cc2ccc(Cl)cc2)CC3)CC1,,,-5.508638306165728,train
CC(=O)NCC(=O)N(C)[C@@H](Cc1ccccc1)C(=O)N(C)[C@@H](Cc1ccccc1)C(=O)N(C)[C@@H](Cc1ccccc1)C(N)=O,,-6.221848749616356,,train
CC(=O)NCC(=O)NCc1cccc(-n2nc(C(C)(C)C)cc2NC(=O)Nc2ccccc2)c1,,-5.131943638176958,,train
CC(=O)NCCCn1c(=O)c2cc(F)ccc2n2c(=S)[nH]nc12,,-4.7447274948966935,,train
CC(=O)NCCNc1nonc1/C(=N/O)Nc1ccc(F)c(Br)c1,-4.721246399047171,,,train
CC(=O)NCCn1c(=O)c2cc(F)ccc2n2c(=S)[nH]nc12,,-4.889410289700751,,val
CC(=O)NC[C@H]1CN(c2ccc(N3CCOCC3)c(F)c2)C(=O)O1,-5.724082337834181,,,train
CC(=O)NCc1cc(Cl)ccc1Cn1c(=S)[nH]c(=O)c2[nH]ccc21,-4.958607314841775,,,val
CC(=O)NCc1ccc(-c2ccc(N3CCOc4ncnc(N)c4C3=O)cc2)c(Cl)c1,-4.838631997765025,,,val
CC(=O)NCc1cccc(-c2cc(=O)n(CC3CN4CCC3CC4)c3ccccc23)c1,,-9.0,,train
CC(=O)NN1c2ccccc2Sc2cc(Cl)ccc21,,-5.008773924307505,,val
CC(=O)NOCCc1ccccc1,,-5.337242168318426,,train
CC(=O)NS(=O)(=O)c1ccc(-c2cnc(N)c(-c3ccc(Cl)cc3)c2)cc1,,,-5.3979400086720375,train
CC(=O)NS(=O)(=O)c1ccc(Oc2ccc(F)c(Cl)c2)c(C(F)(F)F)c1,,,-4.455931955649724,train
CC(=O)N[C@@H](CC1CCCCC1)C(=O)N(C)[C@@H](Cc1ccccc1)C(=O)N(C)[C@@H](Cc1ccccc1)C(=O)N(C)[C@@H](Cc1ccccc1)C(N)=O,,-5.585026652029182,,train
CC(=O)N[C@@H](CCN1[C@@H]2CC[C@H]1C[C@@H](n1c(C)nc3c1CCN(C(=O)C(C)(C)C)C3)C2)c1cccc(F)c1,-6.0,,,train
CC(=O)N[C@@H](CCN1[C@@H]2CC[C@H]1C[C@@H](n1c(C)nc3c1CCN(C(=O)C(C)C)C3)C2)c1cccc(F)c1,-5.698970004336019,,,train
CC(=O)N[C@@H](CCN1[C@@H]2CC[C@H]1C[C@@H](n1c(C)nc3c1CCN(C(C)=O)C3)C2)c1cccc(F)c1,-6.0,,,val
CC(=O)N[C@@H](CCN1[C@@H]2CC[C@H]1C[C@@H](n1c(C)nc3c1CCN(c1ccncn1)C3)C2)c1cccc(F)c1,-5.3979400086720375,,,val
CC(=O)N[C@@H](CCN1[C@@H]2CC[C@H]1C[C@@H](n1c(C)nc3c1CN(C(=O)C(C)C)CC3)C2)c1ccccc1,-6.0,,,train
CC(=O)N[C@@H](CCN1[C@@H]2CC[C@H]1C[C@@H](n1c(C)nc3c1CN(C(=O)OC(C)C)CC3)C2)c1ccccc1,-5.301029995663981,,,train
CC(=O)N[C@@H](CCN1[C@@H]2CC[C@H]1C[C@@H](n1c(C)nc3c1CN(C(C)=O)CC3)C2)c1ccccc1,-6.0,,,train
CC(=O)N[C@@H](CCN1[C@@H]2CC[C@H]1C[C@@H](n1c(C)nc3c1CN(C)CC3)C2)c1ccccc1,-6.0,,,train
CC(=O)N[C@@H](CCN1[C@@H]2CC[C@H]1C[C@@H](n1c(C)nc3ccccc31)C2)c1ccccc1,-4.886056647693163,,,train
CC(=O)N[C@@H](CCc1ccccc1)C(=O)N(C)[C@@H](Cc1ccccc1)C(=O)N(C)[C@@H](Cc1ccccc1)C(=O)N(C)[C@@H](Cc1ccccc1)C(N)=O,,-5.698970004336019,,train
CC(=O)N[C@@H](Cc1c[nH]c2ccccc12)C(=O)N(C)[C@@H](Cc1ccccc1)C(=O)N(C)[C@@H](Cc1ccccc1)C(=O)N(C)[C@@H](Cc1ccccc1)C(N)=O,,-5.744727494896694,,test
CC(=O)N[C@@H](Cc1cc(F)cc(F)c1)[C@H](O)CNC1(c2cc(C(C)(C)C)ncn2)CCCCC1,,,-6.576754126063192,train
CC(=O)N[C@@H](Cc1cc(F)cc(F)c1)[C@H](O)CNC1(c2cc(CC(C)(C)C)no2)CCCCC1,,,-6.7447274948966935,train
CC(=O)N[C@@H](Cc1cc(F)cc(F)c1)[C@H](O)CNC1(c2cccc(-c3cscn3)c2)CCCCC1,,,-8.096910013008056,val
CC(=O)N[C@@H](Cc1cc(F)cc(F)c1)[C@H](O)CNC1(c2cccc(-n3cccn3)c2)CCCCC1,,,-7.142667503568732,test
CC(=O)N[C@@H](Cc1cc(F)cc(F)c1)[C@H](O)CNC1(c2cccc(-n3ccnc3)c2)CCCCC1,,,-7.721246399047171,train
CC(=O)N[C@@H](Cc1cc(F)cc(F)c1)[C@H](O)CNC1(c2cccc(-n3nccn3)c2)CCCCC1,,,-7.346787486224656,train
CC(=O)N[C@@H](Cc1cc(F)cc(F)c1)[C@H](O)CNC1(c2cccc(C#N)c2)CCCCC1,,,-7.040958607678906,train
CC(=O)N[C@@H](Cc1cc(F)cc(F)c1)[C@H](O)CNC1(c2cccc(C(C)(C)C#N)c2)CCCCC1,,,-7.236572006437063,train
CC(=O)N[C@@H](Cc1cc(F)cc(F)c1)[C@H](O)CNC1(c2cccc(C(C)(C)C)c2)CC1,,,-7.301029995663981,train
CC(=O)N[C@@H](Cc1cc(F)cc(F)c1)[C@H](O)CNC1(c2cccc(C(C)(C)C)c2)CCCCC1,,,-8.235914642881175,train
CC(=O)N[C@@H](Cc1cc(F)cc(F)c1)[C@H](O)CNC1(c2cccc(C(C)(C)C)c2)CCOCC1,,,-7.091514981121351,train
CC(=O)N[C@@H](Cc1cc(F)cc(F)c1)[C@H](O)CNC1(c2cccc(C(C)(C)C)c2)CCc2n[nH]cc2C1,,,-7.795880017344075,train
CC(=O)N[C@@H](Cc1cc(F)cc(F)c1)[C@H](O)CNC1(c2cccc(C(C)(C)CO)c2)CCCCC1,,,-7.698970004336019,train
CC(=O)N[C@@H](Cc1cc(F)cc(F)c1)[C@H](O)CNC1(c2cccc(C3(C)CCCO3)c2)CC1,,,-7.045757490560675,train
CC(=O)N[C@@H](Cc1cc(F)cc(F)c1)[C@H](O)CNC1(c2cccc(C3CCCC3=O)c2)CCCCC1,,,-7.292429823902063,train
CC(=O)N[C@@H](Cc1cc(F)cc(F)c1)[C@H](O)CNC1(c2cccc(C3CCCCO3)c2)CC1,,,-6.954677021213342,train
CC(=O)N[C@@H](Cc1cc(F)cc(F)c1)[C@H](O)CNC1(c2cccc(C3CCCO3)c2)CC1,,,-6.943095148663527,test
CC(=O)N[C@@H](Cc1cc(F)cc(F)c1)[C@H](O)CNC1(c2cccc(C3CCCO3)c2)CCCCC1,,,-6.931814138253839,train
CC(=O)N[C@@H](Cc1cc(F)cc(F)c1)[C@H](O)CNC1(c2cccc(C3CCOC3)c2)CCCCC1,,,-7.0,train
CC(=O)N[C@@H](Cc1cc(F)cc(F)c1)[C@H](O)CNC1(c2cccc(C3CCOCOC3)c2)CCCCC1,,,-6.860120913598763,train
CC(=O)N[C@@H](Cc1cc(F)cc(F)c1)[C@H](O)CNC1(c2cccc(C3COCCO3)c2)CC1,,,-7.0,train
CC(=O)N[C@@H](Cc1cc(F)cc(F)c1)[C@H](O)CNC1(c2cccc(N(C)C)c2)CCCCC1,,,-7.4089353929735005,train
CC(=O)N[C@@H](Cc1cc(F)cc(F)c1)[C@H](O)CNC1(c2cccc(N3C(=O)C4CCC3C4)c2)CCCCC1,,,-7.508638306165728,test
CC(=O)N[C@@H](Cc1cc(F)cc(F)c1)[C@H](O)CNC1(c2cccc(N3CC4CC3CO4)c2)CC1,,,-6.856985199745905,val
CC(=O)N[C@@H](Cc1cc(F)cc(F)c1)[C@H](O)CNC1(c2cccc(N3CCCC3=O)c2)CCCCC1,,,-7.619788758288394,val
CC(=O)N[C@@H](Cc1cc(F)cc(F)c1)[C@H](O)CNC1(c2cccc(N3CCCCC3=O)c2)CCCCC1,,,-7.958607314841775,train
CC(=O)N[C@@H](Cc1cc(F)cc(F)c1)[C@H](O)CNC1(c2cccc(N3CCCNC3=O)c2)CCCCC1,,,-8.698970004336019,train
CC(=O)N[C@@H](Cc1cc(F)cc(F)c1)[C@H](O)CNC1(c2cccc(N3CCCOCC3)c2)CCCCC1,,,-6.97061622231479,train
CC(=O)N[C@@H](Cc1cc(F)cc(F)c1)[C@H](O)CNC1(c2cccc(N3CCCOCC3=O)c2)CCCCC1,,,-8.301029995663981,train
CC(=O)N[C@@H](Cc1cc(F)cc(F)c1)[C@H](O)CNC1(c2cccc(N3CCNC3=O)c2)CCCCC1,,,-8.154901959985743,train
CC(=O)N[C@@H](Cc1cc(F)cc(F)c1)[C@H](O)CNC1(c2cccc(N3CCOC3=O)c2)CCCCC1,,,-7.657577319177793,train
CC(=O)N[C@@H](Cc1cc(F)cc(F)c1)[C@H](O)CNC1(c2cccc(N3CCOCC3=O)c2)CCCCC1,,,-8.096910013008056,train
CC(=O)N[C@@H](Cc1cc(F)cc(F)c1)[C@H](O)CNC1(c2cccc(S(C)(=O)=O)c2)CCCCC1,,,-7.443697499232713,train
CC(=O)N[C@@H](Cc1cc(F)cc(F)c1)[C@H](O)CNC1(c2ccccc2)CCCCC1,,,-7.508638306165728,train
CC(=O)N[C@@H](Cc1cc(F)cc(F)c1)[C@H](O)CNC1(c2cncc(CC(C)(C)C)c2)CC1,,,-6.869666231504994,train
CC(=O)N[C@@H](Cc1cc(F)cc(F)c1)[C@H](O)CNC1(c2cnn(CC(C)(C)C)c2)CC1,,,-6.97469413473523,train
CC(=O)N[C@@H](Cc1cc(F)cc(F)c1)[C@H](O)CNC1(c2nc(CC(C)(C)C)cs2)CC1,,,-6.94692155651658,train
CC(=O)N[C@@H](Cc1cc(F)cc(F)c1)[C@H](O)CNCc1cccc(C(C)C)c1,,,-5.657577319177793,train
CC(=O)N[C@@H](Cc1cc(F)cc(F)c1)[C@H](O)CN[C@H]1CC(C)(C)Oc2ccc(CC(C)(C)C#N)cc21,,,-7.602059991327962,train
CC(=O)N[C@@H](Cc1cc(F)cc(F)c1)[C@H](O)CN[C@H]1CC(C)(C)Oc2ccc(CC(C)(C)C)cc21,,,-8.522878745280337,train
CC(=O)N[C@@H](Cc1cc(F)cc(F)c1)[C@H](O)CN[C@H]1CC(C)(C)Oc2ccc(CC(C)(F)F)cc21,,,-7.769551078621726,train
CC(=O)N[C@@H](Cc1cc(F)cc(F)c1)[C@H](O)CN[C@H]1CC(C)(C)Oc2ccc(OC(C)(C)C)cc21,,,-7.958607314841775,train
CC(=O)N[C@@H](Cc1cc(F)cc(F)c1)[C@H](O)CN[C@H]1CC(C)(C)Oc2ccc(OC(F)(F)F)cc21,,,-7.920818753952375,train
CC(=O)N[C@@H](Cc1cc(F)cc(F)c1)[C@H](O)CN[C@H]1CCCc2ccc(CC(C)(C)C)cc21,,,-8.522878745280337,train
CC(=O)N[C@@H](Cc1cc(F)cc(F)c1)[C@H](O)CN[C@H]1CCN(C)c2ccc(CC(C)(C)C)cc21,,,-7.522878745280337,val
CC(=O)N[C@@H](Cc1cc(F)cc(F)c1)[C@H](O)CN[C@H]1CCOc2ccc(CC(C)(C)C#N)cc21,,,-7.1938200260161125,train
CC(=O)N[C@@H](Cc1cc(F)cc(F)c1)[C@H](O)CN[C@H]1CCOc2ccc(CC(C)(C)C)cc21,,,-7.522878745280337,train
CC(=O)N[C@@H](Cc1cc(F)cc(F)c1)[C@H](O)CN[C@H]1CCOc2ccc(CC(C)(C)F)cc21,,,-7.080921907623926,train
CC(=O)N[C@@H](Cc1cc(F)cc(F)c1)[C@H](O)CN[C@H]1CCOc2ccc(CC(C)(F)F)cc21,,,-6.835647144215563,train
CC(=O)N[C@@H](Cc1cc(F)cc(F)c1)[C@H](O)CN[C@H]1CCOc2ccc(OC(C)C)cc21,,,-6.950781977329818,train
CC(=O)N[C@@H](Cc1cc(F)cc(F)c1)[C@H](O)CN[C@H]1CCOc2ccc(OC3CCCO3)cc21,,,-6.958607314841775,train
CC(=O)N[C@@H](Cc1cc(F)cc(F)c1)[C@H](O)CN[C@H]1CCOc2ccc(OC3CCOC3)cc21,,,-7.1487416512809245,train
CC(=O)N[C@@H](Cc1cc(F)cc(F)c1)[C@H](O)CN[C@]1(c2cccc(C(C)(C)C)c2)CC[C@@H](O)CC1,,,-8.522878745280337,train
CC(=O)N[C@@H](Cc1ccc(O)cc1)C(=O)N(C)[C@@H](Cc1ccccc1)C(=O)N(C)[C@@H](Cc1ccccc1)C(=O)N(C)[C@@H](Cc1ccccc1)C(N)=O,,-5.958607314841775,,test
CC(=O)N[C@@H](Cc1ccc2ccccc2c1)C(=O)N(C)[C@@H](Cc1ccccc1)C(=O)N(C)[C@@H](Cc1ccccc1)C(=O)N(C)[C@@H](Cc1ccccc1)C(N)=O,,-5.508638306165728,,train
CC(=O)N[C@@H](Cc1ccccc1)C(=O)N(C)[C@@H](Cc1ccccc1)C(=O)N(C)[C@@H](Cc1ccccc1)C(=O)N(C)[C@@H](Cc1ccccc1)C(N)=O,,-5.638272163982407,,test
CC(=O)N[C@@H](Cc1cccnc1)C(=O)N(C)[C@@H](Cc1ccccc1)C(=O)N(C)[C@@H](Cc1ccccc1)C(=O)N(C)[C@@H](Cc1ccccc1)C(N)=O,,-5.920818753952375,,train
CC(=O)N[C@@H]1C[C@H](N(C)C(C)C)CC[C@@H]1N1CC[C@H](Nc2ncnc3ccc(C(F)(F)F)cc23)C1=O,,-6.3535962737769305,,val
CC(=O)N[C@@H]1C[C@H](N(C)C)CC[C@@H]1N1CC[C@H](Nc2ncnc3ccc(C(F)(F)F)cc23)C1=O,,-6.254144804826272,,train
CC(=O)N[C@@H]1C[C@H](N)CC[C@@H]1N1CC[C@H](Nc2ncnc3ccc(C(F)(F)F)cc23)C1=O,,-7.522878745280337,,train
CC(=O)N[C@@H]1C[C@H](NC(C)(C)C)CC[C@@H]1N1CC[C@H](NC(=O)c2cccc(C(C)(C)C)n2)C1=O,,-6.478861916295964,,val
CC(=O)N[C@@H]1C[C@H](NC(C)(C)C)CC[C@@H]1N1CC[C@H](Nc2ncnc3ccc(C(C)(C)C)nc23)C1=O,,-6.600326278518962,,train
CC(=O)N[C@@H]1C[C@H](NC(C)(C)C)CC[C@@H]1N1CC[C@H](Nc2ncnc3ccc(C(F)(F)F)cc23)C1=O,,-6.251811972993799,,train
CC(=O)N[C@@H]1C[C@H](NC(C)(C)C)CC[C@@H]1N1CC[C@H](Nc2ncnc3ccc(OC(F)(F)F)cc23)C1=O,,-6.294992040666664,,test
CC(=O)N[C@@H]1C[C@H](NC(C)C)CC[C@@H]1N1CC[C@H](Nc2ncnc3ccc(C(F)(F)F)cc23)C1=O,,-6.681936665037239,,train
CC(=O)N[C@H](C(=O)N1C[C@H](O)C[C@H]1C(=O)NCc1ccc(-c2scnc2C)cc1)C(C)(C)C,,-8.920818753952375,,train
CC(=O)N[C@H](C(=O)N1C[C@H](O)C[C@H]1C(=O)NCc1ccc(-c2scnc2C)cc1)C(C)(C)SCCCCNC(=O)C[C@@H]1N=C(c2ccc(Cl)cc2)c2c(sc(C)c2C)-n2c(C)nnc21,,-8.698970004336019,,train
CC(=O)N[C@H](C(=O)N1C[C@H](O)C[C@H]1C(=O)NCc1ccc(-c2scnc2C)cc1)C(C)(C)SCCOCCNC(=O)C[C@@H]1N=C(c2ccc(Cl)cc2)c2c(sc(C)c2C)-n2c(C)nnc21,,-8.301029995663981,,train
CC(=O)N[C@H](C(=O)N1C[C@H](O)C[C@H]1C(=O)NCc1ccc(-c2scnc2C)cc1)C(C)(C)SCCOCCOCCNC(=O)C[C@@H]1N=C(c2ccc(Cl)cc2)c2c(sc(C)c2C)-n2c(C)nnc21,,-8.522878745280337,,train
CC(=O)N[C@H]1CCN(c2ccc(C3=NO[C@H](CNS(=O)(=O)C(C)C)C3)cc2F)C1,,,-5.405607449624573,train
CC(=O)N[C@H]1CC[C@H](n2c(C)nc3cnc4[nH]ccc4c32)CC1,,,-6.301029995663981,val
CC(=O)N[C@H]1C[C@@H](n2cnc(NC(=O)Cc3cccc4ccccc34)c2)C1,-5.823908740944319,,,train
CC(=O)N[C@H]1Cc2cccc(c2)Oc2cccc(c2)C[C@@H](C(=O)NCC(F)(F)F)NC(=O)[C@H](CCc2ccccc2)NC1=O,,-6.82102305270683,,train
CC(=O)N[C@H]1Cc2cccc(c2)Oc2cccc(c2)C[C@@H](C(=O)NCc2ccc(C)cc2)NC(=O)[C@H](CCc2ccccc2)NC1=O,,-7.657577319177793,,train
CC(=O)Nc1c2c(nc3cccc(N4CCN(CCCCc5c[nH]c6ccc(C#N)cc56)CC4)c13)CCCC2,,-5.716698771296451,,train
CC(=O)Nc1cc2c(c(-c3cccc(C)c3C)n1)CCCN2,-4.455931955649724,,,train
CC(=O)Nc1cc2ncccc2c(-c2cccc(C)c2C)n1,-4.431798275933005,,,val
CC(=O)Nc1ccc(-c2ccc(NCC(=O)Nc3ccc(CN4CCNCC4)c(C(F)(F)F)c3)cc2)cn1,,-5.94692155651658,,train
CC(=O)Nc1ccc(CN(C[C@@H]2C[C@@H](F)CN2)C(=O)c2ccc(-c3cnc4ccc(NCC5CC5)nn34)cc2)cc1,,-5.698970004336019,,train
CC(=O)Nc1ccc(NC(=O)c2cc(Cl)ccc2O)c(Cl)c1,,-4.060480747381382,,train
CC(=O)Nc1ccc(Nc2ncnc(NCCC(=O)OC(C)(C)C)n2)cc1,,-6.026872146400302,,train
CC(=O)Nc1ccc(Nc2ncnc(N[C@@H](CC(C)C)C(=O)O)n2)cc1,,-9.0,,train
CC(=O)Nc1ccc(Nc2ncnc(N[C@@H](CC(C)C)C(=O)OC(C)(C)C)n2)cc1,,-5.216811308924743,,train
CC(=O)Nc1ccc(Nc2ncnc(N[C@@H](Cc3ccccc3)C(=O)OC(C)(C)C)n2)cc1,,-5.133712660915805,,test
CC(=O)Nc1ccc(O)cc1,,-6.522878745280337,,train
CC(=O)Nc1ccc(Oc2ccccc2)c(-c2cn(C)c(=O)c3[nH]ccc23)c1,,,-4.552841968657781,train
CC(=O)Nc1ccc(Oc2cncc3sc(-c4nnn[nH]4)cc23)cc1,,,-6.096910013008056,train
CC(=O)Nc1ccc(S[C@@H]2O[C@H](CO)[C@H](O)[C@H](n3cc(-c4cc(F)c(F)c(F)c4)nn3)[C@H]2O)cc1,-6.853871964321762,,,train
CC(=O)Nc1ccc(S[C@H]2O[C@H](CO)[C@H](O)[C@H](n3cc(-c4cc(F)c(F)c(F)c4)nn3)[C@H]2O)cc1,-6.301029995663981,,,train
CC(=O)Nc1ccc2c(=O)c3cccc(F)c3oc2c1,,-5.070581074285707,,train
CC(=O)Nc1ccc2c(N)ncc(-c3ccc(-c4cnn(C)c4)cc3)c2c1,-4.661543506395395,,,train
CC(=O)Nc1ccc2c(c1)c(=O)n(CCc1ccccc1)c1n[nH]c(=S)n21,,-3.596879478824182,,train
CC(=O)Nc1cccc(-c2n[nH]c3cc(-c4cnn(C)c4)c(NC4CCCCC4)cc23)c1,,,-4.688246138944246,val
CC(=O)Nc1ccccc1C(=O)N1CCCC[C@H]1c1cc2[nH]c(C)c(C)c(=O)n2n1,-6.585026652029182,,,val
CC(=O)Nc1ccccc1C(=O)Nc1ccc([N+](=O)[O-])cc1Cl,,-3.3655227298392685,,train
CC(=O)Nc1cn2cc(-c3cnc(N)c(C(F)(F)F)c3)ccc2n1,-4.3979400086720375,,,val
CC(=O)Nc1nc2ccc(-c3ccc(N)nc3)cc2s1,-4.337242168318426,,,train
CC(=O)Nc1nc2ccc(-c3cnc(N)c(C(F)(F)F)c3)cc2s1,-4.795880017344075,,,train
CC(=O)Nc1nnc(S(N)(=O)=O)s1,-6.721246399047171,-6.823908740944319,,train
CC(=O)OC(C)OC(=O)C(c1ccc(C2(NC(=O)c3cc4c(Cl)c(Cl)ccc4n3C)COC2)cc1)c1cccnc1,,-6.928117992693875,,train
CC(=O)OC[C@@H]1[C@H]2COC3(CC=C(C)C)C(=O)[C@@H]1C=C1C(=O)c4c(O)cc(O)c(CC=C(C)C)c4O[C@]123,,-4.465973893943865,,train
CC(=O)OC[C@@H]1[C@H]2COC3(CC=C(C)C)C(=O)[C@@H]1C=C1C(=O)c4c(O)cccc4O[C@]123,,-3.843753809602656,,train
CC(=O)OC[C@H]1O[C@@H](S(N)(=O)=O)[C@H](OC(C)=O)[C@@H](OC(C)=O)[C@@H]1OC(C)=O,,-7.0,,train
CC(=O)OC[C@H]1O[C@@H](S(N)(=O)=O)[C@H](OC(C)=O)[C@@H](OC(C)=O)[C@@H]1O[C@H]1O[C@H](COC(C)=O)[C@@H](OC(C)=O)[C@H](OC(C)=O)[C@H]1OC(C)=O,,-7.698970004336019,,train
CC(=O)OC[C@H]1O[C@@](C#N)(c2ccc3c(N)ncnn23)[C@H](OC(C)=O)[C@@H]1OC(C)=O,-6.045757490560675,,,val
CC(=O)O[C@@H](C(=O)N1N=CC[C@H]1C(=O)NCc1cc(Cl)ccc1-n1cnnn1)c1ccc(F)cc1,-4.522878745280337,,,train
CC(=O)O[C@@H]1[C@H](OC(C)=O)[C@@H](COS(=O)(=O)NC(=O)c2ccccc2O)O[C@H]1n1cnc2c(N)ncnc21.CCN(CC)CC,-6.2076083105017466,,,train
CC(=O)O[C@H]1C(=O)[C@@]2(C)[C@H]([C@H](OC(=O)c3ccccc3)[C@]3(O)C[C@H](OC(=O)[C@H](O)[C@@H](NC(=O)c4ccccc4)c4ccccc4)C(C)=C1C3(C)C)[C@]1(OC(C)=O)CO[C@@H]1C[C@@H]2O,-5.606817870769872,,-7.045757490560675,train
CC(=O)O[C@H]1C(=O)[C@@]2(C)[C@H]([C@H](OC(=O)c3ccccc3)[C@]34OC(=O)O[C@H]3[C@H](OC(=O)[C@H](O)[C@H](CC(C)C)NC(=O)OC(C)(C)C)C(C)=C1C4(C)C)[C@]1(OC(C)=O)CO[C@@H]1C[C@@H]2O,-5.552841968657781,,,train
CC(=O)O[C@H]1[C@@H](F)[C@H](n2cnc3c(N)ncnc32)O[C@@H]1CNS(=O)(=O)NC(=O)c1ccccc1O.CCN(CC)CC,-5.958607314841775,,,train
CC(=O)Oc1ccc(/C=C/S(=O)(=O)NCCc2ccccc2)cc1OC(C)=O,,-4.995678626217358,,train
CC(=O)Oc1ccc(/C=C/S(=O)(=O)NCc2ccc(C)cc2)cc1OC(C)=O,,-5.0655015487564325,,train
CC(=O)Oc1ccc(/C=C/S(=O)(=O)NCc2ccc(Cl)cc2)cc1OC(C)=O,,-5.292429823902063,,train
CC(=O)Oc1ccc(/C=C/S(=O)(=O)NCc2ccc(F)cc2)cc1OC(C)=O,,-5.1249387366083,,train
CC(=O)Oc1ccc(/C=C/S(=O)(=O)NCc2ccccc2)cc1OC(C)=O,,-4.82102305270683,,train
CC(=O)Oc1ccccc1C(=O)O,,-5.506743946944599,,test
CC(=O)[C@H]1CC[C@H]2[C@@H]3CCC4=CC(=O)CC[C@]4(C)[C@H]3CC[C@]12C,,-4.9699601079704445,,train
CC(=O)[C@H]1CC[C@H]2[C@@H]3CC[C@H]4C[C@@H](NS(N)(=O)=O)CC[C@]4(C)[C@H]3CC[C@]12C,-5.6777807052660805,,,train
CC(=O)c1cc(C(=O)Nc2cc(CO)cc(-c3cnn(C4CC4)c3)c2F)c2cc(OC(=O)N(C)C)ccn12,-6.698970004336019,,,train
CC(=O)c1cc2ccccc2s1,-4.655607726314889,,,train
CC(=O)c1ccc(N(C)S(=O)(=O)c2cccc(C(=O)Nc3ccc(C#N)cc3)c2)cc1,-4.856985199745905,,,train
CC(=O)c1ccc(N2C3CCC2CC(NC(=O)c2ccc(C(N)=O)c(NCC4CC4)c2)C3)nc1,,,-6.354577730650909,train
CC(=O)c1ccc(N2CCN(C(=O)c3cc(C#N)ccc3N3CCOCC3)CC2)c(F)c1,,-5.214670164989233,,test
CC(=O)c1ccc(N2CCN(C(=O)c3cc(S(C)(=O)=O)ccc3N3CCOCC3)CC2)c(F)c1,,-5.508638306165728,,train
CC(=O)c1ccc(N2CCN(C(=O)c3cc(S(N)(=O)=O)ccc3N3CCOCC3)CC2)c(F)c1,,-5.481486060122113,,train
CC(=O)c1ccc(N2CCN(C(=O)c3cc([N+](=O)[O-])ccc3N3CCOCC3)CC2)c(F)c1,,-5.327902142064283,,train
CC(=O)c1ccc(N2CCN(C(=O)c3cnn(C(C)(C)C)c3)CC2)cc1,-4.180456064458132,,,train
CC(=O)c1ccc(N2CCN(C(=O)c3cnn(C(C)C)c3)CC2)cc1,-4.3979400086720375,,,val
CC(=O)c1ccc(N2CCN(C(=O)c3cnn(C(F)(F)F)c3)CC2)cc1,-4.1487416512809245,,,train
CC(=O)c1ccc(N2CCN(C(=O)c3cnn(C)c3)CC2)cc1,-4.376750709602099,,,train
CC(=O)c1ccc(N2CCN(S(=O)(=O)c3cc4c(cc3Cl)NC(=O)C4)CC2)cc1,-4.265200170411153,,,train
CC(=O)c1ccc(N2CCN(S(=O)(=O)c3ccc4c(c3)CC(=O)N4)CC2)cc1,-4.835647144215563,,,train
CC(=O)c1ccc(NC(=O)Nc2cc(C)nc3ccccc23)cc1,,-3.3251388592621884,,train
CC(=O)c1ccc(O)c(C(=O)Nc2ccc([N+](=O)[O-])cc2Cl)c1,,-4.480172006224281,,train
CC(=O)c1ccc(Oc2ccc3nc(C(=O)N4CCNCC4)ccc3c2)cc1,,,-4.705533773838408,val
CC(=O)c1ccc2c(NCc3ccc(NC(=O)c4ccc(F)cc4)cc3)nc(N(C)C)nc2c1,,-6.154901959985743,,train
CC(=O)n1c2ccccc2sc2cccc(Cl)c2n1C(C)=O,,-5.113509274827519,,train
CC(C(=O)NCCc1ccc(O)cc1)c1cccc(C(=O)c2ccccc2)c1,-6.886056647693163,-6.220403508742176,,train
CC(C(=O)Nc1ccc2cc[nH]c2c1)c1cccc(C(=O)c2ccccc2)c1,-6.913640169325252,-6.109020403010312,,val
CC(C(=O)O)c1ccc2c(c1)N(CCCN1CCCN(c3cc(=O)n(C)c(=O)n3C)CC1)c1ccccc1S2,-7.161150909262744,,,train
CC(C(=O)O)c1cccc(C(=O)c2ccccc2)c1,,-5.761748170670535,,train
CC(C(=O)O)c1nn(Cc2cn3cc(OCC4CC4)c(C(F)(F)F)cc3n2)c2ccccc2c1=O,-4.823908740944319,,,train
CC(C)(/C=C(/C#N)C(=O)N1CCC[C@@H]1Cn1nc(-c2ccc(Oc3ccccc3)cc2F)c2c(N)ncnc21)N1CCOCC1,-5.167491087293763,,,train
CC(C)(/C=C(\C#N)C(=O)N1CCC[C@@H](n2nc(-c3ccc(Oc4ccccc4)cc3F)c3c(N)ncnc32)C1)N1CCN(C2COC2)CC1,-5.769551078621726,,,test
CC(C)(/C=C(\C#N)C(=O)N1CCC[C@@H](n2nc(-c3ccc(Oc4ccccc4)cc3F)c3c(N)ncnc32)C1)N1CCNC(=O)C1,-6.0,,,train
CC(C)(/C=C(\C#N)C(=O)N1CCC[C@@H](n2nc(-c3ccc(Oc4ccccc4)cc3F)c3c(N)ncnc32)C1)N1CCNCC1,-7.154901959985743,,,train
CC(C)(C#N)c1cc(COc2ccccc2CC(=O)O)cc(-c2ccc3c(c2)[C@H](N)CO3)c1,-5.853871964321762,,,train
CC(C)(C#N)c1cccc(-c2ccnc3[nH]ncc23)c1,-4.443697499232713,,,train
CC(C)(C#N)c1cccc(-c2ccnc3[nH]ncc23)n1,-4.696803942579511,,,train
CC(C)(C(=O)NCCn1ccc2ncnc(Nc3ccc(Oc4cccc(C(F)(F)F)c4)c(Cl)c3)c21)S(C)(=O)=O,-7.542118103266008,,,train
CC(C)(C(=O)NCCn1ccc2ncnc(Nc3ccc(Oc4cccc(Cl)c4)c(Cl)c3)c21)S(C)(=O)=O,-7.54515513999149,,,train
CC(C)(C(=O)Nc1ccc(-c2cccnc2)cc1)c1csc(NS(=O)(=O)C2CC2)n1,-5.721246399047171,,,train
CC(C)(C(=O)Nc1ccc(-c2cccnc2)cc1F)c1csc(NS(=O)(=O)C2CC2)n1,-5.259637310505756,,,train
CC(C)(C(=O)Nc1ccc(-c2cncc(C(F)(F)F)c2)cc1F)c1csc(NS(=O)(=O)C2CC2)n1,-5.142667503568732,,,train
CC(C)(C(=O)Nc1ccc(-c2cncc(C(F)(F)F)n2)cc1F)c1csc(NS(=O)(=O)C2CC2)n1,-5.00436480540245,,,train
CC(C)(C(=O)Nc1ccc(-c2cncc(C(F)(F)F)n2)cn1)c1csc(NS(=O)(=O)C2CC2)n1,-5.1487416512809245,,,train
CC(C)(C(=O)O)c1ccc(-c2cnc(N)c(-c3ccc(Cl)cc3)c2)cc1,,,-4.958607314841775,test
CC(C)(C(=O)O)c1ccc(C(O)CCCN2CCC(C(O)(c3ccccc3)c3ccccc3)CC2)cc1,-7.159379381312206,,-6.3979400086720375,val
CC(C)(C(=O)O)c1cccc(-c2cnc(N)c(-c3ccc(Cl)cc3)c2)c1,,,-5.0,train
CC(C)(C)/C=C(\C#N)C(=O)N1CCC[C@@H](n2nc(-c3ccc(Oc4ccccc4)cc3F)c3c(N)ncnc32)C1,-6.301029995663981,,,test
CC(C)(C)/[N+]([O-])=C/c1ccc(O)cc1,,-6.698970004336019,,train
CC(C)(C)/[N+]([O-])=C/c1cccc(C(F)(F)F)c1,,-4.568636235841013,,train
CC(C)(C)/[N+]([O-])=C/c1ccccc1O,,-4.425968732272281,,val
CC(C)(C)C(=O)N1CCN(CCNC(=O)c2cc(-c3ccc(CN4CCOCC4)cc3)nc3ccc(F)cc23)CC1,,-7.213958789757446,,train
CC(C)(C)C(=O)NC[C@@H]1CCCN1C(=O)C[C@H](N)Cc1cc(F)c(F)cc1F,-5.853871964321762,,,val
CC(C)(C)CC(=O)N1CCC2(CC1)CC2CNC(=O)N1Cc2ccncc2C1,,,-5.036212172654444,train
CC(C)(C)CC(=O)Nc1ccc(-c2ccnc(Nc3ccc(S(N)(=O)=O)cc3)n2)cc1,,-6.221848749616356,,train
CC(C)(C)CC(=O)Nc1ccc2c(c1)CCc1cnc(Nc3ccc(S(N)(=O)=O)cc3)nc1-2,,-5.638272163982407,,train
CC(C)(C)CC(=O)Nc1nnc(S(N)(=O)=O)s1,-5.431798275933005,,,train
CC(C)(C)CCC1(C(=O)c2ccc3[nH]ncc3c2)CCCN1,-4.698970004336019,,,train
CC(C)(C)CCN1C(=O)C(C2=CS(=O)(=O)c3cc(NS(C)(=O)=O)ccc3N2)=C(O)[C@@H]1C(C)(C)C,,-5.744727494896694,,train
CC(C)(C)CCN1C(=O)C(C2=NS(=O)(=O)c3cc(NS(C)(=O)=O)ccc3N2)=C(O)C2(C)CCCN12,-6.221848749616356,,,train
CC(C)(C)CCN1C(=O)C(C2=NS(=O)(=O)c3cc(NS(C)(=O)=O)ccc3N2)=C(O)C2CCCC21,-5.381951903287908,,,train
CC(C)(C)CCN1C(=O)C(C2=NS(=O)(=O)c3cc(NS(C)(=O)=O)ccc3N2)=C(O)C2CCCCC21,-5.508638306165728,,,train
CC(C)(C)CCN1C(=O)C(C2=NS(=O)(=O)c3cc(NS(C)(=O)=O)ccc3N2)=C(O)C2CCCCN21,-6.508638306165728,,,train
CC(C)(C)CCN1C(=O)C(C2=NS(=O)(=O)c3cc(NS(C)(=O)=O)ccc3N2)=C(O)C2CCCN21,-6.356547323513813,,,train
CC(C)(C)CCN1C(=O)C(C2=NS(=O)(=O)c3ccccc32)=C(O)[C@@H]1C(C)(C)C,-5.00436480540245,,,train
CC(C)(C)CCN1CCC(N(Cc2ccccc2)C(=O)Nc2cccc(C(F)(F)F)c2)CC1,,-2.657577319177794,,train
CC(C)(C)CC[C@H]1C[C@@H](c2cc(=O)[nH]o2)CCN1,-5.346787486224656,,,train
CC(C)(C)CCn1c(=O)c(C2=CS(=O)(=O)c3cc(NS(C)(=O)=O)ccc3N2)c(O)c2cccn21,-6.522878745280337,,,val
CC(C)(C)CCn1c(=O)c(C2=NS(=O)(=O)c3cc(NS(C)(=O)=O)ccc3N2)c(O)c2cccn21,-6.154901959985743,,,train
CC(C)(C)CCn1nc(-c2cccs2)c(O)c(C2=NS(=O)(=O)c3cc(NS(C)(=O)=O)ccc3N2)c1=O,-7.221848749616356,,,train
CC(C)(C)CCn1nc(C2=CCCC2)c(O)c(C2=NS(=O)(=O)c3cc(NS(C)(=O)=O)ccc3N2)c1=O,-7.522878745280337,,,train
CC(C)(C)CCn1nc(C2CC2)c(O)c(C2=NS(=O)(=O)c3cc(NS(C)(=O)=O)ccc3N2)c1=O,-6.022276394711152,,,train
CC(C)(C)CCn1nc(CC(C)(C)C)c(O)c(C2=NS(=O)(=O)c3cc(NS(C)(=O)=O)ccc3N2)c1=O,-6.823908740944319,,,test
CC(C)(C)CNCc1cc(Cl)ccc1Cn1c(=S)[nH]c(=O)c2[nH]ccc21,-4.309803919971486,,,train
CC(C)(C)C[C@@H](O)C(=O)N1CC[C@@H]2C[C@@]21C(=O)NCc1cc(Cl)ccc1-n1cnnn1,-5.10790539730952,,,train
CC(C)(C)C[C@@H](O)C(=O)N1C[C@@H]2C[C@@H]2[C@H]1C(=O)NCc1cc(Cl)ccc1-n1cnnn1,-4.6020599913279625,,,train
CC(C)(C)C[C@@H](O)C(=O)N1N=CC[C@H]1C(=O)NCc1cc(Cl)ccc1-n1cnnn1,-4.619788758288394,,,train
CC(C)(C)C[C@@H](O)C(=O)N1NCC[C@H]1C(=O)NCc1cc(Cl)ccc1-n1cnnn1,-4.823908740944319,,,test
CC(C)(C)C[C@@H](O)C(=O)N1OCC[C@H]1C(=O)NCc1cc(Cl)ccc1-n1cnnn1,-4.6020599913279625,,,train
CC(C)(C)C[C@@H](O)C(=O)N1[C@@H]2C[C@@H]2C[C@H]1C(=O)NCc1cc(Cl)ccc1-n1cnnn1,-4.619788758288394,,,train
CC(C)(C)C[C@@H](O)C(=O)N1[C@H](C(=O)NCc2cc(Cl)ccc2-n2cnnn2)C[C@@H]2C[C@@H]21,-4.6020599913279625,,,train
CC(C)(C)C[C@@H]1NC(=O)CN(CCCc2ccc(F)cc2F)C(=O)[C@H]2CCCN2C(=O)[C@H](Cc2cscn2)NC(=O)[C@H](CC(C)(C)C)NC(=O)[C@@H](Cc2ccccc2)NC1=O,,,-5.080921907623926,test
CC(C)(C)C[C@@H]1NC(=O)[C@@H](Cc2ccccc2)NC(=O)[C@H](CC2CCCCC2)NC(=O)CN(CCCc2ccc(F)cc2F)C(=O)[C@H]2CCCN2C(=O)[C@H](Cc2cscn2)NC1=O,,,-5.42021640338319,train
CC(C)(C)C[C@@H]1NC(=O)[C@@H](Cc2ccccc2)NC(=O)[C@H](CCCc2ccccc2)NC(=O)CN(CCCc2ccccc2)C(=O)[C@H]2CCCN2C(=O)[C@H](Cc2cccnc2)NC1=O,,,-5.318758762624413,train
CC(C)(C)C[C@@H]1NC(=O)[C@@H](Cc2ccccc2)NC(=O)[C@H](CCCc2ccccc2)NC(=O)CN(CCCc2ccccc2)C(=O)[C@H]2CCCN2C(=O)[C@H](Cc2cscn2)NC1=O,,,-5.3979400086720375,train
CC(C)(C)C[C@@H]1NC(=O)[C@@H](Cc2ccccc2)NC(=O)[C@H](COCc2ccccc2)NC(=O)CN(CCCc2ccc(F)cc2F)C(=O)[C@H]2CCCN2C(=O)[C@H](Cc2cscn2)NC1=O,,,-5.2076083105017466,train
CC(C)(C)C[C@@H]1NC(=O)[C@@H](Cc2ccccc2)NC(=O)[C@H](Cc2ccc(F)cc2)NC(=O)CN(CCCc2ccc(F)cc2F)C(=O)[C@H]2CCCN2C(=O)[C@H](Cc2cscn2)NC1=O,,,-5.119186407719209,test
CC(C)(C)C[C@@H]1NC(=O)[C@@H](Cc2ccccc2)NC(=O)[C@H](Cc2ccccc2)NC(=O)CN(CCCc2ccc(F)cc2F)C(=O)[C@H]2CCCN2C(=O)[C@H](Cc2cscn2)NC1=O,,,-5.2839966563652006,train
CC(C)(C)C[C@@H]1NC(=O)[C@@H](Cc2ccccc2)NC(=O)[C@H](Cc2ccccc2)NC(=O)CN(CCCc2ccccc2)C(=O)[C@H]2CCCN2C(=O)[C@H](Cc2cscn2)NC1=O,,,-5.180456064458132,val
CC(C)(C)C[C@H]1C[C@@H](c2cc(=O)[nH]o2)CCN1,-5.585026652029182,,,train
CC(C)(C)Cc1nn(CCC2CC2)c(=O)c(C2=NS(=O)(=O)c3cc(NS(C)(=O)=O)ccc3N2)c1O,-6.154901959985743,,,train
CC(C)(C)N(NC(=O)c1ccc(Cl)cc1)C(=O)c1ccccc1,,-4.763462738511306,,test
CC(C)(C)N(NC(=O)c1ccccc1)C(=O)c1ccccc1,,-4.781989957015637,,val
CC(C)(C)N1CCC(N(Cc2ccc3c(c2)OCO3)C(=O)Nc2cccc(C(F)(F)F)c2)CC1,,-2.657577319177794,,train
CC(C)(C)N1CCN(CCNC(=O)c2cc(-c3ccc(CN4CCOCC4)cc3)nc3ccc(F)cc23)CC1,,-7.679853713888946,,test
CC(C)(C)NC(=O)COc1cccc(-c2nc3c(c(Nc4ccc(-c5cn[nH]c5)cc4)n2)CN(C2CCC2)CC3)c1,-5.339134521996131,,,train
CC(C)(C)NC(=O)COc1cccc(-c2nc3c(c(Nc4ccc(-c5cn[nH]c5)cc4)n2)CN(C2CCOC2)CC3)c1,-5.371611069949688,,,val
CC(C)(C)NC(=O)N[C@H](C(=O)N1C[C@H]2[C@@H]([C@H]1C(=O)NC(CC1CCC1)C(=O)C(N)=O)C2(C)C)C(C)(C)C,-6.221848749616356,,,train
CC(C)(C)NC(=O)Nc1nc(Cl)c(-c2ccc(-c3cccnc3)cc2)n(CC(=O)Nc2ccccc2C(=O)NS(=O)(=O)c2ccc(C(F)(F)F)cc2)c1=O,-5.154901959985743,,,test
CC(C)(C)NC(=O)Nc1nc(Cl)c(CCC2CCCCC2)n(CC(=O)Nc2ccccc2C(=O)NS(=O)(=O)c2ccc(C(F)(F)F)cc2)c1=O,-6.920818753952375,,,train
CC(C)(C)NC(=O)Nc1nc(Cl)c(CCc2ccccc2)n(CC(=O)Nc2ccccc2C(=O)NS(=O)(=O)c2ccc(C(F)(F)F)cc2)c1=O,-6.522878745280337,,,train
CC(C)(C)NC(=O)Nc1nc(Cl)c(COCc2ccccc2)n(CC(=O)Nc2ccccc2C(=O)NS(=O)(=O)c2ccc(C(F)(F)F)cc2)c1=O,-5.3979400086720375,,,train
CC(C)(C)NC(=O)[C@@H]1CN(Cc2cccnc2)CCN1C[C@@H](O)C[C@@H](Cc1ccccc1)C(=O)N[C@H]1c2ccccc2C[C@H]1O,-5.619788758288394,,,train
CC(C)(C)NC(=O)[C@@H]1C[C@@H]2CCCC[C@@H]2CN1C[C@@H](O)[C@H](Cc1ccccc1)NC(=O)[C@H](CC(N)=O)NC(=O)c1ccc2ccccc2n1,-6.3979400086720375,,,val
CC(C)(C)NC(=O)[C@H]1CC[C@H]2[C@@H]3CC=C4C=C(C(=O)O)CC[C@]4(C)[C@H]3CC[C@]12C,,,-4.698970004336019,train
CC(C)(C)NC(=O)c1ccc(C(F)(F)F)cc1,-4.251811972993799,,,train
CC(C)(C)NCC(O)COc1ccc(NC(=O)NC2CCCCC2)cc1,-6.993338529653496,,,train
CC(C)(C)NCC(O)COc1cccc2c1CC(O)C(O)C2,-6.331192677083248,,,test
CC(C)(C)NCC(O)c1cc(O)cc(O)c1,,-6.3979400086720375,,train
CC(C)(C)NCCNCC(O)c1cc(C(F)(F)F)nc2c(C(F)(F)F)cccc12,,,-4.950781977329818,val
CC(C)(C)Nc1nc(N[C@H]2CC[C@H](O)CC2)ncc1C(N)=O,-4.752026733638194,,,train
CC(C)(C)OC(=O)CC[C@@H](NC(=O)OC(C)(C)C)C(=O)NCCCn1c(=O)c2cc(F)ccc2n2c(=S)[nH]nc12,,-3.915781313260761,,train
CC(C)(C)OC(=O)CC[C@H](N)C(=O)NCCCn1c(=O)c2cc(F)ccc2n2c(=S)[nH]nc12,,-5.060480747381382,,train
CC(C)(C)OC(=O)CC[C@H](N)C(=O)NCCOCCOCCOCCOCCC(=O)NCCCn1c(=O)c2cc(F)ccc2n2c(=S)[nH]nc12,,-4.742321425130816,,train
CC(C)(C)OC(=O)CC[C@H](NC(=O)OC(C)(C)C)C(=O)NCCCn1c(=O)c2cc(F)ccc2n2c(=S)[nH]nc12,,-3.128427064454121,,train
CC(C)(C)OC(=O)N1CC(CCn2c(=O)c3cc(F)ccc3n3c(=S)[nH]nc23)C1,,-3.640164517660112,,train
CC(C)(C)OC(=O)N1CCC2(CC1)CC2CNC(=O)N1Cc2ccncc2C1,,,-4.823908740944319,train
CC(C)(C)OC(=O)N1CCC2(CC1)CC2CNC(=O)NCc1cccnc1,,,-4.769551078621726,test
CC(C)(C)OC(=O)N1CCC2(CC1)CC2CNC(=O)c1cc2ccncc2o1,,,-4.795880017344075,train
CC(C)(C)OC(=O)N1CCC2(CC1)CC2CNC(=O)c1cc2cnccc2[nH]1,,,-4.823908740944319,val
CC(C)(C)OC(=O)N1CCC2(CC1)CC2CNC(=O)c1ccc2nccn2c1,,,-4.769551078621726,train
CC(C)(C)OC(=O)N1CCCC(COC(=O)N2C[C@@H]3[C@@H](CNC(=O)c4ccc5[nH]c(=O)oc5c4)[C@@H]3C2)C1,-5.221848749616356,,,train
CC(C)(C)OC(=O)N1CCCC(c2cn3cccnc3n2)C1,,-5.114073660198569,,train
CC(C)(C)OC(=O)N1CCCC(c2cn3nc(Cl)ccc3n2)C1,,-4.649751981665837,,val
CC(C)(C)OC(=O)N1CCN(CCNCc2cc(-c3ccc(CN4CCOCC4)cc3)nc3ccc(F)cc23)CC1,,-7.34008379993015,,train
CC(C)(C)OC(=O)N1CCN(CCn2c(=O)c3cc(F)ccc3n3c(=S)[nH]nc23)CC1,,-4.480172006224281,,train
CC(C)(C)OC(=O)N1C[C@H](Nc2nc3cc(F)ccc3[nH]2)[C@@H](OC(=O)c2ccc(-c3ccccc3)cc2)C1,,,-5.823908740944319,train
CC(C)(C)OC(=O)N1C[C@H](Nc2nc3cc(F)ccc3[nH]2)[C@@H](OCc2ccc(-c3ccccc3)cc2)C1,,,-4.886056647693163,train
CC(C)(C)OC(=O)NC1CCC(C(=O)NCCCn2c(=O)c3cc(F)ccc3n3c(=S)[nH]nc23)CC1,,-3.4814860601221125,,train
CC(C)(C)OC(=O)NCCCCCC(=O)NCCCn1c(=O)c2cc(F)ccc2n2c(=S)[nH]nc12,,-3.3925449767853317,,train
CC(C)(C)OC(=O)NCCOCCOCC(=O)NCc1cccc(C(=O)N2CCC(CCCCNC(=O)/C=C/c3cccnc3)CC2)c1,,-5.920818753952375,,train
CC(C)(C)OC(=O)NCCOCCOCCOCCC(=O)NCCCn1c(=O)c2cc(F)ccc2n2c(=S)[nH]nc12,,-4.3535962737769305,,train
CC(C)(C)OC(=O)NC[C@H]1CC[C@H](CNC(=O)c2cc(N3CCC(CCN)CC3)nc3ccccc23)CC1,-6.301029995663981,,,train
CC(C)(C)OC(=O)N[C@@H]1CC[C@@H](n2cnc3cnc4[nH]ccc4c32)C1,,,-4.950781977329818,train
CC(C)(C)OC(=O)N[C@H]1CCCCC/C=C\[C@@H]2C[C@@]2(C(=O)NS(=O)(=O)C2CC2)NC(=O)[C@@H]2C[C@@H](OC(=O)N3Cc4cccc(F)c4C3)CN2C1=O,,,-5.6020599913279625,train
CC(C)(C)OC(=O)Nc1ccc(CC(=O)NCCCn2c(=O)c3cc(F)ccc3n3c(=S)[nH]nc23)cc1,,-3.0409586076789066,,train
CC(C)(C)OC[C@@H](O)C(=O)N1C[C@@H]2C[C@@H]2[C@H]1C(=O)NCc1cc(Cl)ccc1-n1cnnn1,-4.769551078621726,,,train
CC(C)(C)OC[C@@H](O)C(=O)N1[C@H](C(=O)NCc2cc(Cl)ccc2-n2cnnn2)C[C@@H]2C[C@@H]21,-5.346787486224656,,,train
CC(C)(C)[C@@H](O)C(=O)N1CC(=O)C[C@H]1C(=O)NCc1cc(Cl)ccc1-n1cnnn1,-6.096910013008056,,,train
CC(C)(C)[C@@H](O)C(=O)N1CCS[C@H]1C(=O)NCc1cc(Cl)ccc1-n1cnnn1,-5.2839966563652006,,,train
CC(C)(C)[C@@H](O)C(=O)N1COC[C@H]1C(=O)NCc1cc(Cl)ccc1-n1cnnn1,-5.0655015487564325,,,train
CC(C)(C)[C@@H](O)C(=O)N1CS(=O)(=O)C[C@H]1C(=O)NCc1cc(Cl)ccc1-n1cnnn1,-6.154901959985743,,,train
CC(C)(C)[C@@H](O)C(=O)N1CSC(C)(C)[C@H]1C(=O)NCc1cc(Cl)ccc1-n1cnnn1,-5.2076083105017466,,,train
CC(C)(C)[C@@H](O)C(=O)N1CSC[C@H]1C(=O)NCc1cc(Cl)ccc1-n1cnnn1,-4.721246399047171,,,train
CC(C)(C)[C@@H](O)C(=O)N1C[C@@H]2C[C@@H]2[C@H]1C(=O)NCc1cc(Cl)ccc1-n1cnnn1,-4.769551078621726,,,train
CC(C)(C)[C@@H](O)C(=O)N1C[C@H]2C[C@H]2[C@H]1C(=O)NCc1cc(Cl)ccc1-n1cnnn1,-5.42021640338319,,,train
CC(C)(C)[C@@H](O)C(=O)N1C[S+]([O-])C[C@H]1C(=O)NCc1cc(Cl)ccc1-n1cnnn1,-6.823908740944319,,,train
CC(C)(C)[C@@H](O)C(=O)N1Cc2ccccc2[C@H]1C(=O)NCc1cc(Cl)ccc1-n1nnnn1,-5.045757490560675,,,val
CC(C)(C)[C@@H](O)C(=O)N1N=CC[C@H]1C(=O)NCc1cc(Cl)ccc1-n1cnnn1,-4.823908740944319,,,train
CC(C)(C)[C@@H](O)C(=O)N1NCC[C@H]1C(=O)NCc1cc(Cl)ccc1-n1cnnn1,-5.142667503568732,,,train
CC(C)(C)[C@@H](O)C(=O)N1[C@@H]2C[C@@H]2C[C@H]1C(=O)NCc1cc(Cl)ccc1-n1cnnn1,-4.468521082957745,,,train
CC(C)(C)[C@@H](O)C(=O)N1[C@H](C(=O)NCc2cc(Cl)ccc2-n2cnnn2)C[C@@H]2C[C@@H]21,-4.795880017344075,,,train
CC(C)(C)[C@H](CO)Nc1nc(SCc2ccccc2)nc2nc(N)sc12,-5.096910013008056,,,train
CC(C)(C)[C@H](N/C(=N\S(=O)(=O)c1ccc(Cl)cc1)N1CC(c2ccccc2)C(c2ccc(Cl)cc2)=N1)C(N)=O,,,-6.154901959985743,train
CC(C)(C)[C@H](NC(=O)Cc1cc(Cl)cc(Cl)c1)C(=O)NCC(=O)NCC#N,-5.267606240177032,,,train
CC(C)(C)[C@H]1C(O)=C(C2=CS(=O)(=O)c3cc(NS(C)(=O)=O)ccc3N2)C(=O)N1Cc1ccc(F)c(Cl)c1,,-6.008773924307505,,train
CC(C)(C)[C@H]1C(O)=C(C2=CS(=O)(=O)c3cc(NS(C)(=O)=O)ccc3N2)C(=O)N1Cc1ccc(F)cc1,,-5.853871964321762,,train
CC(C)(C)[C@H]1C(O)=C(C2=CS(=O)(=O)c3cc(NS(C)(=O)=O)ccc3N2)C(=O)N1Cc1ccccc1,,-5.744727494896694,,train
CC(C)(C)[C@H]1C(O)=C(C2=NS(=O)(=O)c3c(CNS(C)(=O)=O)cccc32)C(=O)N1Cc1ccc(F)c(Cl)c1,-7.0,,,val
CC(C)(C)[C@H]1CC[C@H](C(=O)NCCCn2c(=O)c3cc(F)ccc3n3c(=S)[nH]nc23)CC1,,-4.174573882232177,,train
CC(C)(C)c1cc(/C=[N+](\[O-])C(C)(C)C)cc(C(C)(C)C)c1O,,-4.991399828238083,,val
CC(C)(C)c1cc(C(=O)N2CCCC(c3cc4ncccc4[nH]3)C2)on1,,-5.527243550682788,,train
CC(C)(C)c1cc(C(C)(C)C)c2[nH]c(C(C)(C)C)c(C[C@H](N)C(=O)N[C@@H](CCCNC(=N)N)C(=O)NCCc3ccccc3)c2c1,,-5.278189384787454,,train
CC(C)(C)c1cc(C(C)(C)C)c2[nH]c(C(C)(C)C)c(C[C@H](N)C(=O)N[C@@H](CCCNC(=N)N)C(N)=O)c2c1,,-6.366531544420414,,test
CC(C)(C)c1cc(Cl)c(Cl)cc1-n1c(O)nnc1Sc1ccc(C(F)(F)F)cn1,,-5.6777807052660805,,train
CC(C)(C)c1cc(NC(=O)N2CCCN(C(=O)C3CCOCC3)CC2)no1,-5.154901959985743,,,val
CC(C)(C)c1cc(NC(=O)NC2C3CC4CC(C3)CC2C4)no1,,-2.9366666410482503,,train
CC(C)(C)c1cc(NC(=O)Nc2ccccc2)n(-c2cccc(CNC(=O)Cn3ccccc3=O)c2)n1,,-4.889410289700751,,val
CC(C)(C)c1cc(NC(=O)[C@@H]2CCC(=O)N2c2ccc(C(F)(F)F)cc2)on1,-4.853871964321762,,,train
CC(C)(C)c1cc(NC(=O)[C@@H]2CCC(=O)N2c2ccc(Cl)cc2)on1,-4.958607314841775,,,train
CC(C)(C)c1cc(NC(=O)[C@@H]2CCCN2c2ccc(Cl)cc2)no1,-4.619788758288394,,,train
CC(C)(C)c1ccc(-c2ccc3c(NCCCNCc4ccc5c(c4)OCO5)ccnc3c2)cc1,,-3.625251653989896,,train
CC(C)(C)c1ccc(-c2ccc3c(NCCCNCc4ccco4)ccnc3c2)cc1,,-3.625251653989896,,train
CC(C)(C)c1ccc(CCCN2CC=C(CCC(=O)NO)C2=O)cc1,,-7.822752163744377,,test
CC(C)(C)c1ccc(CCN2CC=C(CCC(=O)NO)C2=O)cc1,,-7.1851533313955365,,train
CC(C)(C)c1ccc(CN(C(=O)CN(Cc2c(F)c(F)c(F)c(F)c2F)S(=O)(=O)c2ccc(F)cc2)c2ccc(C(=O)NO)cc2)cc1,-6.568636235841013,,,train
CC(C)(C)c1ccc(CN2CC=C(CCC(=O)NO)C2=O)cc1,,-7.6585654754218595,,train
CC(C)(C)c1ccc(COc2ccc([C@@H](NC(=O)[C@H](CCCCN)NC(=O)[C@H](CCCNC(=N)N)NC(=O)c3ccc(Cl)s3)C(N)=O)cc2)cc1,,-6.481486060122113,,train
CC(C)(C)c1ccc(N2CCOc3ncnc(N)c3C2=O)cc1,,,-4.552841968657781,train
CC(C)(C)c1ccc(NC(=O)N2CCN(c3ccc(C#N)cn3)CC2)cc1,-6.79317412396815,-2.9093892921715936,,train
CC(C)(C)c1ccc(Oc2ccc3c(NCCCNCc4ccc5c(c4)OCO5)ccnc3c2)cc1,,-3.4989407377822483,,train
CC(C)(C)c1ccc(Oc2ccc3c(NCCCNCc4ccco4)ccnc3c2)cc1,,-3.4989407377822483,,val
CC(C)(C)c1ccc2[nH]c3c(c(=O)c2c1)CCCC3,,-3.7825160557860937,,train
CC(C)(C)c1ccc2oc(N3CCCN(C(=O)C4CCOCC4)CC3)nc2c1,-4.309803919971486,,,train
CC(C)(C)c1cccc(C2CCN(CCc3cnn(-c4nccc5c(=O)[nH]cnc45)c3)CC2)c1,-5.330683119433888,,,train
CC(C)(C)c1cccc(CN[C@H]2CS(=O)(=O)C[C@@H](Cc3ccc(O)c(Br)c3)[C@@H]2O)c1,,,-5.113509274827519,train
CC(C)(C)c1cccc(NC(=O)c2cc(Cl)ccc2O)c1,,-4.728158393463501,,test
CC(C)(C)c1cccc2c(=O)c3c([nH]c12)CCCC3,,-3.2572748686953017,,test
CC(C)(C)c1cn(-c2nc(N)c3ncn([C@@H]4O[C@H](COS(=O)(=O)NC(=O)c5ccccc5O)[C@@H](O)[C@H]4O)c3n2)nn1.CCN(CC)CC,,-8.0,,train
CC(C)(C)c1nc2c(s1)CCc1nc(NC(=O)N3CCC[C@@]3(C)C(N)=O)sc1-2,-4.91721462968355,,,train
CC(C)(C)c1ncc2c(n1)-c1sc(NC(=O)N3CCC[C@@]3(C)C(N)=O)nc1CC2,-5.468521082957745,,,train
CC(C)(C)c1nn2ccccc2c1Cc1ccc(C(=O)N[C@@H]2CCOC[C@@H]2C(=O)NO)cc1,-5.366531544420414,,,train
CC(C)(C)c1noc(C(=O)NC2CCCc3cc(-c4ccnc5[nH]c(-c6cnn(C7CCOCC7)c6)nc45)ccc32)n1,-6.3979400086720375,,,train
CC(C)(C)c1noc(C(=O)NCc2ccc(-c3ccnc4[nH]c(-c5cnn(C6CCOCC6)c5)nc34)cc2F)n1,-6.096910013008056,,,val
CC(C)(C)c1noc(C(=O)NCc2ccc(-c3ccnc4[nH]c(-c5cnn(CCN6CCOCC6)c5)nc34)cc2F)n1,-6.301029995663981,,,train
CC(C)(C)c1noc([C@@H]2CCCN2C(=O)C[C@H](N)Cc2cc(F)c(F)cc2F)n1,-4.698970004336019,,,train
CC(C)(C)n1cc(CNc2cc(Cl)c3ncc(C#N)c(Nc4ccc(F)c(Cl)c4)c3c2)nn1,,-7.0,,val
CC(C)(C)n1nc(Cc2cccc(Cl)c2)c2c(N)ncnc21,-4.367542707815276,,,train
CC(C)(C)n1nc(Oc2cccc(Cl)c2)c2c(N)ncnc21,-4.458420756053419,,,train
CC(C)(CC1Cc2ccccc2C1)NC[C@@H](O)COc1cc(C2CC3CC2C2C(C(=O)O)C32)ccc1C#N,,,-5.275724130399211,train
CC(C)(CCl)C(=O)Nc1cccc(-c2nc3ccccc3s2)c1,,-3.050122295963125,,train
CC(C)(CN1CC2CCC1C2)NCC(O)c1cc(C(F)(F)F)nc2c(C(F)(F)F)cccc12,,,-4.600326278518962,train
CC(C)(CN1CCCCC1)Oc1ccc(-c2cnc3c(-c4ccc(S(N)(=O)=O)c5ccccc45)cnn3c2)cc1,,-2.716585688498805,,test
CC(C)(CNc1noc2ccccc12)c1ccccc1,-6.935542010773082,,,train
CC(C)(COc1ccc(-c2ccc(NC(=O)c3ccc4ccccc4c3)cc2)cn1)C(=O)O,-5.102372908709558,,,train
CC(C)(COc1ccc(-c2cnc(N)c(-c3ccc(Cl)cc3)c2)cc1)C(=O)O,,,-5.3979400086720375,train
CC(C)(F)C(=O)NC[C@@H]1CCCN1C(=O)C[C@H](N)Cc1cc(F)c(F)cc1F,-5.721246399047171,,,val
CC(C)(F)c1nc([C@@H]2CCCN2C(=O)C[C@H](N)Cc2cc(F)c(F)cc2F)no1,-4.853871964321762,,,train
CC(C)(F)c1ncncc1CNc1ncc(C#N)c(N[C@@H]2C[C@H](O)C2(C)C)n1,-4.443697499232713,,,train
CC(C)(N)C(=O)N1CCn2c(nc(-c3ccc(F)cc3)c2Nc2ccc(Cl)c(F)c2)C1,-6.075720713938119,,,train
CC(C)(N)C(=O)N1CCn2c(nc(-c3ccc(F)cc3)c2Nc2ccc(Cl)cc2)C1,-5.835647144215563,,,train
CC(C)(N)C(=O)N1CCn2c(nc(-c3ccc(F)cc3)c2Nc2ccc(F)c(F)c2)C1,-6.853871964321762,,,train
CC(C)(N)C(=O)N1CCn2c(nc(-c3ccc(F)cc3)c2Nc2ccc(F)cc2)C1,-5.515700160653214,,,train
CC(C)(N)C(=O)N1CCn2c(nc(-c3ccc(F)cc3)c2Nc2ccc(F)cc2)C1(C)C,-5.920818753952375,,,train
CC(C)(N)C(=O)N1CCn2c(nc(-c3cccc(F)c3)c2Nc2ccc(F)cc2)C1,-5.97061622231479,,,train
CC(C)(N)C[C@H]1CC[C@H](c2ccc(N3CCOc4ncnc(N)c4C3=O)cc2)CC1,,,-5.698970004336019,train
CC(C)(N)c1ccc(-c2cnc3c(-c4ccc(S(N)(=O)=O)c5ccccc45)cnn3c2)cc1,,-5.026872146400302,,train
CC(C)(NC(=O)c1cc(F)cc2cc(-c3ccc(Cl)cc3)oc12)C(=O)O,-4.966576244513051,,,train
CC(C)(NC(=O)c1cc(F)cnc1Oc1ccc(F)cc1)c1ccc(C(=O)O)cc1,-4.440093374963888,,,train
CC(C)(NCCCc1cc(-c2cccc(C(F)(F)F)c2)nc(C#N)n1)C(N)=O,-7.045757490560675,,,train
CC(C)(Nc1ccc2[nH]nc(-c3ccc(N4CCNCC4)nc3)c2c1)c1ccccc1,,,-4.958607314841775,test
CC(C)(O)C(=O)N[C@@H]1CC[C@@]2(S(=O)(=O)c3ccc(F)cc3)c3ccc(C(F)(C(F)(F)F)C(F)(F)F)cc3CC[C@@H]12,-6.97469413473523,,,train
CC(C)(O)C(=O)N[C@@H]1CC[C@@]2(S(=O)(=O)c3ccc(F)cc3)c3ccc(C(F)(C(F)(F)F)C(F)(F)F)nc3CC[C@@H]12,-6.7447274948966935,,,train
CC(C)(O)C(=O)Nc1sc(S(=O)(=O)c2ccc(F)cc2)cc1C(N)=O,,,-5.3979400086720375,train
CC(C)(O)CC(=O)NCCn1ccc2ncnc(Nc3ccc(Oc4cccc(C(F)(F)F)c4)c(Cl)c3)c21,-7.296708621881339,,,val
CC(C)(O)CC(=O)N[C@@H]1CC[C@@]2(S(=O)(=O)c3ccc(F)cc3)c3ccc(C(F)(C(F)(F)F)C(F)(F)F)cc3CC[C@@H]12,-6.823908740944319,,,train
CC(C)(O)CC(=O)N[C@@H]1CC[C@@]2(S(=O)(=O)c3ccc(F)cc3)c3ccc(C(F)(C(F)(F)F)C(F)(F)F)nc3CC[C@@H]12,-6.920818753952375,,,val
CC(C)(O)CCCn1c(Cn2nc(S(C)(=O)=O)c3ccncc32)nc2cc(Cl)ccc21,,-5.590066876668706,,train
CC(C)(O)CCN1Cc2cc(NC(=O)c3cnn4cccnc34)c(N3CCOCC3)cc2C1=O,,,-5.318758762624413,train
CC(C)(O)CCc1cn(Cc2ccc(F)cc2)c2cnc3c(c12)CCN(O)C3=O,-5.772113295386326,,,test
CC(C)(O)CCn1c(Cn2nc(S(C)(=O)=O)c3ccncc32)nc2cc(Cl)ccc21,,-5.621602099051862,,test
CC(C)(O)CNC(=O)c1cnc(NC(=O)[C@@H]2CCCC[C@H]2C(=O)c2ccc(-c3cc[nH]n3)cc2)cn1,-5.522878745280337,,,train
CC(C)(O)CS(=O)(=O)c1ccc2c(c1)nc(C(C)(C)C)n2CC1CCOCC1,,,-4.552841968657781,train
CC(C)(O)C[C@H]1CC[C@H](c2ccc(N3CCOc4ncnc(N)c4C3=O)cc2)CC1,,,-4.638272163982407,test
CC(C)(O)Cn1cc(-c2cnc3nnn(Cc4ccc5ncccc5c4)c3n2)cn1,-4.462180904926726,,,train
CC(C)(O)[C@H](F)CN1Cc2cc(NC(=O)c3cnn4cccnc34)c(N3CCC(N4CC(F)(F)C4)CC3)cc2C1=O,,,-4.790484985457369,train
CC(C)(O)[C@H](F)CN1Cc2cc(NC(=O)c3cnn4cccnc34)c(N3CCC(N4CCC4)CC3)cc2C1=O,,,-7.0,train
CC(C)(O)[C@H](F)CN1Cc2cc(NC(=O)c3cnn4cccnc34)c(N3CCN(C4CC(F)(F)C4)CC3)cc2C1=O,,,-4.950781977329818,val
CC(C)(O)[C@H](F)CN1Cc2cc(NC(=O)c3cnn4cccnc34)c(N3CCN(C4COC4)CC3)cc2C1=O,,,-6.154901959985743,train
CC(C)(O)[C@H](F)CN1Cc2cc(NC(=O)c3cnn4cccnc34)c(N3CCN(CC(F)F)CC3)cc2C1=O,,,-5.292429823902063,train
CC(C)(O)[C@H](F)CN1Cc2cc(NC(=O)c3cnn4cccnc34)c(N3CCOCC3)cc2C1=O,,,-5.040958607678906,train
CC(C)(O)[C@H](F)CN1Cc2cc(NC(=O)c3cnn4cccnc34)c(N3CCOCC3)cc2S1(=O)=O,,,-5.259637310505756,val
CC(C)(O)[C@H](F)CNC(=O)c1cnc(Nc2ccc3ncsc3c2)cc1NC1CC1,-7.091514981121351,,,train
CC(C)(O)[C@H]1CC[C@H](NC(=O)N2CCc3c(cnn3-c3cccc(F)c3)C2)CC1,,-6.657577319177793,,val
CC(C)(O)[C@H]1CC[C@H](NC(=O)c2ccc3c(ccn3-c3cccc(F)c3)c2)CC1,,-6.327902142064283,,val
CC(C)(O)[C@H]1CC[C@H](NC(=O)c2ccc3c(cnn3-c3cccc(F)c3)c2)CC1,,-6.292429823902063,,train
CC(C)(O)[C@]1(C)Cc2cc(NC(=O)c3cnn4cccnc34)c(N3CCOCC3)cc2O1,,,-4.6777807052660805,train
CC(C)(O)c1cc(C(=O)N2CCCC(c3cc4ncccc4[nH]3)C2)on1,,-6.346787486224656,,val
CC(C)(O)c1ccccc1CC[C@@H](SCC1(CC(=O)O)CC1)c1cccc(/C=C/c2ccc3ccc(Cl)cc3n2)c1,,,-5.221848749616356,train
CC(C)(O)c1coc(S(=O)(=O)[N-]C(=O)Nc2c3c(cc4c2CCC4)CCC3)c1,,-11.522878745280336,,train
CC(C)(O)c1nc2cnc3[nH]ccc3c2n1C1CCCCC1,,,-4.721246399047171,test
CC(C)(Oc1ccc(-c2cnc(N)c(-c3ccc(Cl)cc3)c2)cc1)C(=O)O,,,-5.096910013008056,train
CC(C)(Oc1ccc(-c2cnc(N)c(-c3ccc(Cl)cc3)c2)cn1)C(=O)O,,,-5.045757490560675,test
CC(C)(Oc1cccc(-c2cnc(N)c(-c3ccc(Cl)cc3)c2)c1)C(=O)O,,,-5.0,train
CC(C)(S)C(N)C(=O)O,-4.882066164960358,,,train
CC(C)(c1cc(N2CCOCC2)nc(-c2cccc3[nH]ccc23)n1)S(C)(=O)=O,-4.795880017344075,,,train
CC(C)/C(=C1/SC(=O)NC1=O)c1ccc(-c2ccc3cccc(F)c3c2)[nH]c1=O,,,-4.6401645176601125,train
CC(C)/C(=C1\C(=O)NC(=O)N1C)c1ccc(-c2ccc3cccc(F)c3c2)[nH]c1=O,,,-5.164309428507575,train
CC(C)=CCC12OC(C)(C)[C@@H]3C[C@@H](C=C4C(=O)c5c(O)cc(O)cc5O[C@]431)C2=O,,-4.560667306169737,,train
CC(C)=CCC12OC(C)(C)[C@@H]3C[C@@H](C=C4C(=O)c5c(O)cccc5O[C@]431)C2=O,,-4.110138278741812,,train
CC(C)=CCC12OC(C)(C)[C@@H]3C[C@@H](C=C4C(=O)c5ccccc5O[C@]431)C2=O,,-4.533132379645891,,train
CC(C)=CCC12OC[C@@H]3C[C@@H](C=C4C(=O)c5c(O)cc6c(c5O[C@]431)C=CC(C)(C)O6)C2=O,,-4.866461091629782,,test
CC(C)=CCC12OC[C@@H]3C[C@@H](C=C4C(=O)c5c(cc6c(c5O)C=CC(C)(C)O6)O[C@]431)C2=O,,-4.774690718274138,,val
CC(C)=CCC12OC[C@@H]3[C@@H](CN(C)C)[C@@H](C=C4C(=O)c5c(O)cccc5O[C@]431)C2=O,,-3.72330847115496,,test
CC(C)=CCC12OC[C@@H]3[C@@H](CN(CCO)CCO)[C@@H](C=C4C(=O)c5c(O)cccc5O[C@]431)C2=O,,-3.705093089394808,,train
CC(C)=CCC12OC[C@@H]3[C@@H](CN4CCCC4)[C@@H](C=C4C(=O)c5c(O)cccc5O[C@]431)C2=O,,-3.96617430604669,,train
CC(C)=CCC12OC[C@@H]3[C@@H](CN4CCN(C)CC4)[C@@H](C=C4C(=O)c5c(O)cccc5O[C@]431)C2=O,,-3.80771138743188,,train
CC(C)=CCC12OC[C@@H]3[C@@H](CN4CCN(c5ccccc5)CC4)[C@@H](C=C4C(=O)c5c(O)cccc5O[C@]431)C2=O,,-4.111820506081675,,train
CC(C)=CCC12OC[C@@H]3[C@@H](CN4CCNCC4)[C@@H](C=C4C(=O)c5c(O)cccc5O[C@]431)C2=O,,-4.429457060118103,,train
CC(C)=CCC12OC[C@@H]3[C@@H](CN4CCOCC4)[C@@H](C=C4C(=O)c5c(O)cc6c(c5O[C@]431)C=CC(C)(C)O6)C2=O,,-4.440093374963888,,train
CC(C)=CCC12OC[C@@H]3[C@@H](CN4CCOCC4)[C@@H](C=C4C(=O)c5c(O)cccc5O[C@]431)C2=O,,-3.814741234703415,,train
CC(C)=CCC12OC[C@@H]3[C@@H](CN4CCOCC4)[C@@H](C=C4C(=O)c5c(cc6c(c5O)C=CC(C)(C)O6)O[C@]431)C2=O,,-4.578396073130169,,val
CC(C)=CCC12OC[C@@H]3[C@@H](COC(=O)Cc4ccccc4)[C@@H](C=C4C(=O)c5c(O)cccc5O[C@]431)C2=O,,-4.171984935776023,,train
CC(C)=CCC12OC[C@@H]3[C@@H](COC(C)C)[C@@H](C=C4C(=O)c5c(O)cccc5O[C@]431)C2=O,,-3.9093892921715936,,train
CC(C)=CCC12OC[C@@H]3[C@@H](COCc4ccccc4)[C@@H](C=C4C(=O)c5c(O)cccc5O[C@]431)C2=O,,-4.0835460514500745,,test
CC(C)=CCC[C@]1(C)C=Cc2c(O)c3c(c(CC=C(C)C)c2O1)O[C@]12C(=C[C@@H]4C[C@H]1C(C)(C)O[C@@]2(C/C=C(/C)C(=O)O)C4=O)C3=O,,-5.1075131450228,,test
CC(C)=CC[C@@]12OC(C)(C)[C@@H]3C[C@@H](C=C4C(=O)c5c(O)cccc5O[C@]431)C2=O,,-4.7447274948966935,,train
CC(C)=CCc1c(O)cc(O)c2c1O[C@@]13C(=C[C@H]4C(=O)C1(CC=C(C)C)OC[C@@H]3[C@H]4CN(C)C)C2=O,,-4.377785977033705,,train
CC(C)=CCc1c(O)cc(O)c2c1O[C@@]13C(=C[C@H]4C(=O)C1(CC=C(C)C)OC[C@@H]3[C@H]4CN(CCO)CCO)C2=O,,-4.721246399047171,,train
CC(C)=CCc1c(O)cc(O)c2c1O[C@@]13C(=C[C@H]4C(=O)C1(CC=C(C)C)OC[C@@H]3[C@H]4CN1CCCC1)C2=O,,-4.806875401645539,,train
CC(C)=CCc1c(O)cc(O)c2c1O[C@@]13C(=C[C@H]4C(=O)C1(CC=C(C)C)OC[C@@H]3[C@H]4CN1CCCCC1)C2=O,,-4.563837352959244,,train
CC(C)=CCc1c(O)cc(O)c2c1O[C@@]13C(=C[C@H]4C(=O)C1(CC=C(C)C)OC[C@@H]3[C@H]4CN1CCN(c3ccccc3)CC1)C2=O,,-4.686132779630847,,train
CC(C)=CCc1c(O)cc(O)c2c1O[C@@]13C(=C[C@H]4C(=O)C1(CC=C(C)C)OC[C@@H]3[C@H]4COC(=O)Cc1ccccc1)C2=O,,-5.008773924307505,,train
CC(C)=CCc1c(O)cc(O)c2c1O[C@@]13C(=C[C@H]4C(=O)C1(CC=C(C)C)OC[C@@H]3[C@H]4COC(C)C)C2=O,,-4.628932137728264,,train
CC(C)=CCc1c(O)cc(O)c2c1O[C@@]13C(=C[C@H]4C(=O)C1(CC=C(C)C)OC[C@@H]3[C@H]4COCc1ccccc1)C2=O,,-4.958607314841775,,train
CC(C)=CCc1c(O)cc(O)c2c1O[C@]13C(=C[C@@H]4C[C@H]1C(C)(C)OC3(CC=C(C)C)C4=O)C2=O,,-4.987162775294828,,test
CC(C)=CCc1c(O)cc(O)c2c1O[C@]13C(=C[C@@H]4C[C@H]1COC3(CC=C(C)C)C4=O)C2=O,,-4.91721462968355,,train
CC(C)=CCc1c(O)cc2c(c1O)C(=O)C1=C[C@@H]3C[C@H]4COC(CC=C(C)C)(C3=O)[C@@]14O2,,-4.6595558851598815,,val
CC(C)=CCc1c(O)cc2c(c1O)C(=O)C1=C[C@H]3C(=O)C4(CC=C(C)C)OC[C@H]([C@H]3CN(C)C)[C@]14O2,,-4.913640169325252,,train
CC(C)=CCc1c(O)cc2c(c1O)C(=O)C1=C[C@H]3C(=O)C4(CC=C(C)C)OC[C@H]([C@H]3CN(CCO)CCO)[C@]14O2,,-5.040958607678906,,train
CC(C)=CCc1c(O)cc2c(c1O)C(=O)C1=C[C@H]3C(=O)C4(CC=C(C)C)OC[C@H]([C@H]3CN3CCCC3)[C@]14O2,,-4.581698708680254,,train
CC(C)=CCc1c(O)cc2c(c1O)C(=O)C1=C[C@H]3C(=O)C4(CC=C(C)C)OC[C@H]([C@H]3CN3CCN(c5ccccc5)CC3)[C@]14O2,,-4.87942606879415,,train
CC(C)=CCc1c(O)cc2c(c1O)C(=O)C1=C[C@H]3C(=O)C4(CC=C(C)C)OC[C@H]([C@H]3CN3CCOCC3)[C@]14O2,,-4.546681659952962,,train
CC(C)=Cc1nn(CCC(C)(C)C)c(=O)c(C2=NS(=O)(=O)c3cc(NS(C)(=O)=O)ccc3N2)c1O,-6.0,,,train
CC(C)C(/C=C1/C(=O)NC(=O)N1C)c1ccc(-c2ccc3cccc(F)c3c2)[nH]c1=O,,,-4.85078088734462,train
CC(C)C(/C=C1\NC(=O)NC1=O)c1ccc(-c2ccc3cccc(F)c3c2)[nH]c1=O,,,-4.910094888560602,train
CC(C)C(/C=C1\OC(=O)NC1=O)c1ccc(-c2ccc3cccc(F)c3c2)[nH]c1=O,,,-5.00436480540245,train
CC(C)C(/C=C1\SC(=O)NC1=O)c1ccc(-c2ccc3cccc(F)c3c2)[nH]c1=O,,,-4.812479279163537,train
CC(C)C(=O)N1CCC(CN(C2Cc3cc(C#N)ccc3N(Cc3cncn3C)C2)S(=O)(=O)c2ccccn2)CC1,-6.301029995663981,,,train
CC(C)C(=O)N1CCC(c2ccc(N3CCOc4ncnc(N)c4C3=O)cc2)CC1,,,-4.795880017344075,train
CC(C)C(=O)Nc1ccc2oc(-c3ccc(C(C)(C)C)cc3)nc2c1,-7.138883955838605,-2.7175138378138923,,train
CC(C)C(=O)OC[C@H]1O[C@@](C#N)(c2ccc3c(N)ncnn23)[C@H](OC(=O)C(C)C)[C@@H]1OC(=O)C(C)C,-5.6777807052660805,,,train
CC(C)C(=O)O[C@H]1[C@@H](F)[C@H](n2cnc3c(N)ncnc32)O[C@@H]1CNS(=O)(=O)NC(=O)c1ccccc1O.CCN(CC)CC,-6.3979400086720375,,,train
CC(C)C(CC1C(=O)NC(=O)N1C)c1ccc(-c2ccc3cccc(F)c3c2)[nH]c1=O,,,-4.7544873321858505,val
CC(C)C(CC1NC(=O)NC1=O)c1ccc(-c2ccc3cccc(F)c3c2)[nH]c1=O,,,-4.767003889607846,train
CC(C)C(c1ccc(-c2ccc3cccc(F)c3c2)[nH]c1=O)C1SC(=O)NC1=O,,,-4.580044251510242,train
CC(C)C1=C(C(=O)Nc2nncs2)C(c2ccccc2Cl)N=C(Nc2nc3ccccc3o2)N1,,-4.609064892896621,,test
CC(C)CC(=O)N1CCC2(CC1)CC2CNC(=O)N1Cc2ccncc2C1,,,-5.136677139879544,train
CC(C)CC(=O)OCCc1cn(-c2ccc(NC(=O)Nc3ccccc3C(F)(F)F)cc2)nn1,,-5.372634143407267,,train
CC(C)CC1(C(=O)c2ccc3[nH]ncc3c2)CCCN1,-4.494850021680094,,,train
CC(C)CC1=C(C(=O)Nc2nncs2)C(c2ccccc2Cl)N=C(Nc2nc3ccccc3o2)N1,,-4.369572124974976,,train
CC(C)CC1NC(=O)[C@H]2CCCN2C(=O)C(CCC(=O)N2CCCC2)NC(=O)[C@H](CC(C)C)NC(=O)[C@@H](CC(C)C)NC(=O)[C@H](CC(C)C)NC1=O,,-6.744727494896694,,test
CC(C)CC1NC(=O)[C@H]2CCCN2C(=O)[C@H](CC(C)C)NC(=O)C(CCC(=O)N2CCCC2)NC(=O)[C@@H](CC(C)C)NC(=O)[C@H](CC(C)C)NC1=O,,-6.552841968657781,,train
CC(C)CC1NC(=O)[C@H]2CCCN2C(=O)[C@H](CC(C)C)NC(=O)[C@H](CC(C)C)NC(=O)C(CCC(=O)N2CCCC2)NC(=O)[C@H](CC(C)C)NC1=O,,-6.853871964321762,,train
CC(C)CC1NC(=O)[C@H]2CCCN2C(=O)[C@H](CC(C)C)NC(=O)[C@H](CC(C)C)NC(=O)[C@@H](CC(C)C)NC(=O)C(CCC(=O)N2CCCC2)NC1=O,,-6.638272163982407,,train
CC(C)CCC(=O)N1CCC[C@H]1C(=O)N[C@H](C(=O)N[C@@H](CN)C(=O)N[C@@H](CC1CCCC1)C(=O)N1CCC[C@H]1c1nc(-c2ccccc2)cn1CC1CCCCC1)C(C)C,-6.136677139879544,,,train
CC(C)CCC(=O)N1CCC[C@H]1C(=O)N[C@H](C(=O)N[C@@H](CN)C(=O)N[C@@H](CC1CCCC1)C(=O)N[C@@H](C)c1nc2cccc(-c3ccccc3)c2[nH]1)C(C)C,-5.739928612014925,,,train
CC(C)CCN1C(=O)C(C2=NS(=O)(=O)c3cc(NS(C)(=O)=O)ccc3N2)=C(O)C2CCCC21,-5.481486060122113,,,train
CC(C)CCN1C(=O)C(C2=NS(=O)(=O)c3cc(NS(C)(=O)=O)ccc3N2)=C(O)C2CCCCC21,-5.508638306165728,,,train
CC(C)CCN1C(=O)C(C2=NS(=O)(=O)c3cc(NS(C)(=O)=O)ccc3N2)=C(O)C2CCCN21,-6.698970004336019,,,train
CC(C)CCN1CCC(N(Cc2ccccc2)C(=O)Nc2cccc(C(F)(F)F)c2)CC1,,-2.657577319177794,,train
CC(C)CCNC(=O)c1ccc(N2CCN(C(=O)c3ccccc3C(F)(F)F)CC2)nn1,-4.6020599913279625,,,train
CC(C)CCNc1ccc(-c2cnc3ccc(N4CCC(N(C)C)CC4)nn23)cn1,,-6.863279432843593,,val
CC(C)CCNc1ccc(-c2cnc3ccc(N4CCC(N)CC4)nn23)cn1,,-7.259637310505756,,train
CC(C)CCNc1ccc(-c2cnc3ccc(NC4CCN(C)C4)nn23)cn1,,-6.943095148663527,,train
CC(C)CCNc1ccc(-c2cnc3ccc(NC4CCN(C)CC4)nn23)cn1,,-7.091514981121351,,train
CC(C)CCOC(=O)c1cnc(N2CCN(C(=O)NS(=O)(=O)c3ccc(Cl)s3)CC2)c(Cl)c1,-6.356547323513813,,,train
CC(C)CC[C@@H](O)C(=O)N1N=CC[C@H]1C(=O)NCc1cc(Cl)ccc1-n1cnnn1,-4.537602002101044,,,train
CC(C)CCc1ccc2c(NCCCNCc3ccc4c(c3)OCO4)ccnc2c1,,-4.638272163982407,,test
CC(C)CCc1ccc2c(NCCCNCc3ccco3)ccnc2c1,,-4.638272163982407,,train
CC(C)CCc1cn(-c2ccc(NC(=O)Nc3cccc4cnccc34)cc2)nn1,,-6.744727494896694,,train
CC(C)CCn1c(=O)c(C2=CS(=O)(=O)c3cc(N(C)S(C)(=O)=O)ccc3N2)c(O)c2cccn21,-7.920818753952375,,,train
CC(C)CCn1c(=O)c(C2=CS(=O)(=O)c3cc(NS(C)(=O)=O)ccc3N2)c(O)c2cccn21,-7.568636235841013,,,val
CC(C)CCn1c(=O)c(C2=NS(=O)(=O)c3cc(N(C)S(C)(=O)=O)ccc3N2)c(O)c2cccn21,-5.366531544420414,,,train
CC(C)CCn1c(=O)c(C2=NS(=O)(=O)c3cc(NS(=O)(=O)C4CC4)ccc3N2)c(O)c2cccn21,-6.096910013008056,,,train
CC(C)CCn1c(=O)c(C2=NS(=O)(=O)c3ccccc3N2)c(O)c2cccn21,-4.958607314841775,,,val
CC(C)CCn1c(=O)c(C2=Nc3ccc(NS(C)(=O)=O)cc3S(=O)(=O)N2)c(O)c2cccn21,-6.698970004336019,,,train
CC(C)CCn1c(CN2C(=O)C3(CC3)c3cc(F)ccc32)nc2cc(CN)ccc21,,,-5.136677139879544,train
CC(C)CCn1c(CN2C(=O)C3(CC3)c3ccccc32)nc2cc(CN)ccc21,,,-4.920818753952375,test
CC(C)CCn1c(CN2C(=O)C3(CCCC3)c3ccncc32)nc2cc(CN)ccc21,,,-4.958607314841775,train
CC(C)CCn1nc(-c2ccccc2)c(O)c(C2=CS(=O)(=O)c3cc(NS(C)(=O)=O)ccc3N2)c1=O,-7.721246399047171,,,train
CC(C)CCn1nc(-c2cccs2)c(O)c(C2=CS(=O)(=O)c3cc(NS(C)(=O)=O)ccc3N2)c1=O,-7.920818753952375,,,val
CC(C)CCn1nc(-c2cccs2)c(O)c(C2=NS(=O)(=O)c3cc(N(C)S(C)(=O)=O)ccc3N2)c1=O,-6.698970004336019,,,train
CC(C)CCn1nc(-c2cccs2)c(O)c(C2=Nc3ccc(NS(C)(=O)=O)cc3S(=O)(=O)N2)c1=O,-7.6791746928241125,,,train
CC(C)CCn1nc(C(C)(C)C)c(O)c(C2=NS(=O)(=O)c3cc(NS(C)(=O)=O)ccc3N2)c1=O,-6.236572006437063,,,train
CC(C)CCn1nc(CC(C)(C)C)c(O)c(C2=NS(=O)(=O)c3cc(NS(C)(=O)=O)ccc3N2)c1=O,-6.537602002101044,,,train
CC(C)CCn1nc(CC2CC2)c(O)c(C2=NS(=O)(=O)c3cc(NS(C)(=O)=O)ccc3N2)c1=O,-6.309803919971486,,,train
CC(C)CCn1nc(CC2CCCC2)c(O)c(C2=NS(=O)(=O)c3cc(NS(C)(=O)=O)ccc3N2)c1=O,-6.070581074285707,,,train
CC(C)CN(C(=O)c1nc2ccccc2[nH]1)[C@@H]1CNC[C@H](C(=O)N2CCOCC2)C1,,-7.221848749616356,,train
CC(C)CN(C(=O)c1nc2ccccc2n1C)[C@@H]1CNC[C@H](C(=O)N2CCOCC2)C1,,-6.562249437179612,,train
CC(C)CN(C[C@@H](O)[C@H](Cc1ccccc1)NC(=O)O[C@H]1CCOC1)S(=O)(=O)c1ccc(N)cc1,-5.096910013008056,,,train
CC(C)CN1CCC(S(=O)(=O)c2ccc(CNC(=O)c3cc4ccncc4o3)cc2)CC1,,,-4.657577319177793,train
CC(C)CN1CCC([S+]([O-])c2ccc(CNC(=O)c3cc4ccncc4o3)cc2)CC1,,,-5.0,train
CC(C)CNC(=O)[C@H]1C[C@@](F)(c2ccc(CN3CCCC3)c(F)c2)C1,-4.411168274405793,,,train
CC(C)COC(=O)N1CCC(CN(C2Cc3cc(C#N)ccc3N(Cc3cncn3C)C2)S(=O)(=O)c2ccccn2)CC1,-5.1249387366083,,,train
CC(C)COc1ccc(-c2cn(C)c3cc(C(=O)NS(=O)(=O)C4CC4)c(F)cc23)cn1,-6.920818753952375,-6.595166283380062,,train
CC(C)COc1ccc(-c2cn(C)c3cc(C(=O)NS(C)(=O)=O)c(F)cc23)cn1,-7.214670164989233,-6.785156151952302,,train
CC(C)COc1ccc(-c2nn(C)c3cc(C(=O)NS(=O)(=O)C4CC4)c(F)cc23)cn1,,-7.0,,test
CC(C)COc1ccc(S(C)(=O)=O)cc1C(=O)N1Cc2cc(C(F)(F)F)cnc2C1,,-5.259637310505756,,train
CC(C)COc1ncc(-c2cn(C)c3cc(C(=O)NS(=O)(=O)C4CC4)c(F)cc23)cc1Cl,-7.468521082957745,-6.508638306165728,,train
CC(C)COc1ncc(-c2cn(C)c3cc(C(=O)NS(C)(=O)=O)c(F)cc23)cc1Cl,-7.698970004336019,-6.688246138944246,,test
CC(C)COc1ncc(-c2cn(C)c3cc(C(=O)NS(C)(=O)=O)ccc23)cc1Cl,-7.823908740944319,-6.665546248849069,,train
CC(C)COc1ncc(-c2nn(C)c3cc(C(=O)NS(C)(=O)=O)ccc23)cc1Cl,,-6.379863945026242,,train
CC(C)C[C@@H](CC(=O)O)NC(=O)C[C@H](C)N,-6.212539525481585,,,train
CC(C)C[C@@H](CC(=O)O)NC(=O)[C@@H](C)CN,-7.022276394711152,,,train
CC(C)C[C@@H](CNC(=O)[C@@H](C)CNC(=O)[C@H](CN)C(C)C)C(=O)O,-7.619788758288394,,,train
CC(C)C[C@@H](N)C(=O)Nc1ccc(-c2cnco2)c(OC(F)F)c1,-4.889410289700751,-4.025865422357878,,test
CC(C)C[C@@H](N)c1cc(C#N)c2cc(-c3ccncc3)ccc2n1,-4.869666231504994,-4.512861624522814,,train
CC(C)C[C@@H](NC(=O)C1(C(F)(F)F)CCCCC1)C(=O)Nc1nnc(Cc2ccc(C#N)cc2)s1,-7.376750709602099,,,test
CC(C)C[C@@H](c1c(O)c(C=O)c(O)c(C=O)c1O)[C@@]1(C)CC[C@@H]2[C@@H]1[C@H]1[C@@H](CC[C@@]2(C)O)C1(C)C,-5.769925186269647,,,train
CC(C)C[C@@H]1C(=O)N(C)[C@@H](CC(C)C)C(=O)N(C)[C@@H](CC(C)C)C(=O)N2CCC[C@@H]2C(=O)N[C@@H](Cc2ccc(O)cc2)C(=O)N(C)[C@@H](CC(C)C)C(=O)N1C,-4.800519085137644,,,train
CC(C)C[C@@H]1C(=O)N(C)[C@@H](CC(C)C)C(=O)N[C@@H](Cc2ccc(O)cc2)C(=O)N(C)[C@H](C)C(=O)N(C)CC(=O)N[C@@H](Cc2ccccc2)C(=O)N1C,-5.321481620959887,,,train
CC(C)C[C@@H]1C(=O)N(C)[C@H](CC(C)C)C(=O)N[C@H](CC(C)C)C(=O)N(C)[C@@H](CC(C)C)C(=O)N2CCC[C@H]2C(=O)N[C@@H](Cc2ccc(O)cc2)C(=O)N1C,-4.786216700664696,,,train
CC(C)C[C@@H]1NC(=O)C(C2CCCCC2)NC(=O)[C@@H](CC(C)C)NC(=O)C(CC2CCCCC2)NC(=O)[C@@H](CC(C)C)NC(=O)[C@H]2CCCN2C1=O,,-4.853871964321762,,train
CC(C)C[C@@H]1NC(=O)C(CCC(=O)N2CCCC2)NC(=O)[C@@H](CC(C)C)NC(=O)[C@@H](CC(C)C)NC(=O)[C@@H](CC(C)C)NC(=O)[C@H]2CCCN2C1=O,,-6.494850021680094,,train
CC(C)C[C@@H]1NC(=O)C(CCC(=O)N2CCCC2)NC(=O)[C@@H](CC(C)C)NC(=O)[C@@H](CC(C)C)NC(=O)[C@H]2CCCN2C(=O)[C@H](CC(C)C)NC1=O,,-6.522878745280337,,train
CC(C)C[C@@H]1NC(=O)C(CCC(=O)N2CCCC2)NC(=O)[C@H]2CCCN2C(=O)[C@H](CC(C)C)NC(=O)[C@H](CC(C)C)NC(=O)[C@@H](CC(C)C)NC1=O,,-5.823908740944319,,train
CC(C)C[C@@H]1NC(=O)CNC(=O)[C@@H]2CCCN2C(=O)[C@H](Cc2ccc(O)cc2)NC(=O)[C@H](Cc2ccccc2)NC(=O)[C@@H]2CCCN2C1=O,-6.958607314841775,,,train
CC(C)C[C@@H]1NC(=O)CNC(=O)[C@H](Cc2ccccc2)NC(=O)[C@H](CC(N)=O)NC(=O)[C@H](Cc2ccc(O)cc2)NC(=O)[C@H](C)NC1=O,-7.698970004336019,,,train
CC(C)C[C@@H]1NC(=O)[C@@H](CC(C)C)N(C)C(=O)[C@@H](CC(C)C)N(C)C(=O)[C@H](Cc2ccc(O)cc2)NC(=O)[C@@H]2CCCN2C(=O)[C@@H](CC(C)C)N(C)C1=O,-4.834162375309872,,,train
CC(C)C[C@@H]1NC(=O)[C@@H](CC(C)C)N(C)C(=O)[C@@H](CC(C)C)N(C)C(=O)[C@H](Cc2ccc(O)cc2)NC(=O)[C@@H]2CCCN2C(=O)[C@@H](CC(C)C)NC1=O,-4.925183559354825,,,train
CC(C)C[C@@H]1NC(=O)[C@@H](CC(C)C)N(C)C(=O)[C@H](CC(C)C)NC(=O)[C@H](Cc2ccc(O)cc2)N(C)C(=O)[C@H]2CCCN2C(=O)[C@H](CC(C)C)NC1=O,-5.110698297493689,,,train
CC(C)C[C@@H]1NC(=O)[C@@H](CC(C)C)N(C)C(=O)[C@H](CC(C)C)NC(=O)[C@H](Cc2ccc(O)cc2)NC(=O)[C@@H]2CCCN2C(=O)[C@H](CC(C)C)NC1=O,,-6.841637507904751,,train
CC(C)C[C@@H]1NC(=O)[C@@H](CC(C)C)N(C)C(=O)[C@H](CC(C)C)NC(=O)[C@H](Cc2ccc(O)cc2)NC(=O)[C@H]2CCCN2C(=O)[C@H](CC(C)C)NC1=O,-5.774690718274138,,,val
CC(C)C[C@@H]1NC(=O)[C@@H](CC(C)C)NC(=O)C(CCC(=O)N2CCCC2)NC(=O)[C@@H](CC(C)C)NC(=O)[C@@H](CC(C)C)NC(=O)[C@H]2CCCN2C1=O,,-5.886056647693163,,train
CC(C)C[C@@H]1NC(=O)[C@@H](CC(C)C)NC(=O)C(CCC(=O)N2CCCC2)NC(=O)[C@@H](CC(C)C)NC(=O)[C@H]2CCCN2C(=O)[C@H](CC(C)C)NC1=O,,-6.180456064458132,,test
CC(C)C[C@@H]1NC(=O)[C@@H](CC(C)C)NC(=O)[C@@H](CC(C)C)NC(=O)C(CCC(=O)N2CCCC2)NC(=O)[C@@H](CC(C)C)NC(=O)[C@H]2CCCN2C1=O,,-5.958607314841775,,train
CC(C)C[C@@H]1NC(=O)[C@@H](CC(C)C)NC(=O)[C@@H](CC(C)C)NC(=O)C(CCC(=O)N2CCCC2)NC(=O)[C@H]2CCCN2C(=O)[C@H](CC(C)C)NC1=O,,-5.769551078621726,,train
CC(C)C[C@@H]1NC(=O)[C@@H](CC(C)C)NC(=O)[C@@H](CC(C)C)NC(=O)[C@@H](CC(C)C)NC(=O)C(CCC(=O)N2CCCC2)NC(=O)[C@H]2CCCN2C1=O,,-6.251811972993799,,train
CC(C)C[C@@H]1NC(=O)[C@@H](CC(C)C)NC(=O)[C@@H](CC(C)C)NC(=O)[C@@H](CC(C)C)NC(=O)[C@@H](CC(C)C)NC(=O)[C@H]2CCCN2C1=O,,-5.275724130399211,,train
CC(C)C[C@@H]1NC(=O)[C@@H](CC(C)C)NC(=O)[C@@H](CC(C)C)NC(=O)[C@@H](CC(C)C)NC(=O)[C@H](Cc2c[nH]c3ccccc23)NC(=O)[C@@H]2CCCN2C1=O,-6.443697499232713,,,train
CC(C)C[C@@H]1NC(=O)[C@@H](CC(C)C)NC(=O)[C@@H](CC(C)C)NC(=O)[C@@H](CC(C)C)NC(=O)[C@H](Cc2ccc(O)cc2)NC(=O)[C@@H]2CCCN2C1=O,-6.853871964321762,,,train
CC(C)C[C@@H]1NC(=O)[C@@H](CC(C)C)NC(=O)[C@@H](CC(C)C)NC(=O)[C@@H](CC(C)C)NC(=O)[C@H]2CCCN2C(=O)C(CCC(=O)N2CCCC2)NC1=O,,-6.180456064458132,,val
CC(C)C[C@@H]1NC(=O)[C@@H](CC(C)C)NC(=O)[C@@H](CC(C)C)NC(=O)[C@@H](CC(C)C)NC(=O)[C@H]2CCCN2C(=O)[C@H](CC(C)C)NC1=O,,-5.091514981121351,,train
CC(C)C[C@@H]1NC(=O)[C@@H](CC(C)C)NC(=O)[C@@H](CC(C)C)NC(=O)[C@H](Cc2c[nH]c3ccccc23)NC(=O)[C@@H]2CCCN2C(=O)[C@@H](CC(C)C)NC1=O,-4.757707095017069,,,val
CC(C)C[C@@H]1NC(=O)[C@@H](CC(C)C)NC(=O)[C@@H](CC(C)C)NC(=O)[C@H](Cc2ccc(O)cc2)NC(=O)[C@@H]2CCCN2C(=O)[C@@H](CC(C)C)NC1=O,-4.92009553233328,,,train
CC(C)C[C@@H]1NC(=O)[C@@H](CC(C)C)NC(=O)[C@@H](CC(C)C)NC(=O)[C@H](Cc2ccc(O)cc2)NC(=O)[C@H]2CCCN2C(=O)[C@@H](CC(C)C)NC1=O,,-6.381951903287908,,val
CC(C)C[C@@H]1NC(=O)[C@@H](CC(C)C)NC(=O)[C@@H]([C@H](C)O)NC(=O)[C@H](Cc2ccc(O)cc2)NC(=O)[C@@H]2CCCN2C(=O)[C@H](CC(C)C)NC1=O,,-7.978810700930062,,train
CC(C)C[C@@H]1NC(=O)[C@@H](CC(C)C)NC(=O)[C@H](CC(C)C)NC(=O)[C@@H](CC(=O)N(C)C)NC(=O)[C@H]2CCCN2C(=O)[C@H](CC(C)C)NC1=O,,-6.552841968657781,,train
CC(C)C[C@@H]1NC(=O)[C@@H](CC(C)C)NC(=O)[C@H](CC(C)C)NC(=O)[C@@H](CC(=O)N2CCCC2)NC(=O)[C@H]2CCCN2C(=O)[C@H](CC(C)C)NC1=O,,-6.251811972993799,,train
CC(C)C[C@@H]1NC(=O)[C@@H](CC(C)C)NC(=O)[C@H](CC(C)C)NC(=O)[C@@H](CC(C)C)NC(=O)[C@H](Cc2ccc(O)cc2)NC(=O)[C@@H]2CCCN2C(=O)[C@H](CC(C)C)NC1=O,,-6.886056647693163,,val
CC(C)C[C@@H]1NC(=O)[C@@H](CC(C)C)NC(=O)[C@H](CC(C)C)NC(=O)[C@@H](CC(C)C)NC(=O)[C@H]2CCCN2C(=O)[C@H](CC(C)C)NC1=O,,-5.096910013008056,,train
CC(C)C[C@@H]1NC(=O)[C@@H](CC(C)C)NC(=O)[C@H](CC(C)C)NC(=O)[C@@H](CCC(=O)N(C)C)NC(=O)[C@H]2CCCN2C(=O)[C@H](CC(C)C)NC1=O,,-6.154901959985743,,train
CC(C)C[C@@H]1NC(=O)[C@@H](CC(C)C)NC(=O)[C@H](CC(C)C)NC(=O)[C@@](C)(CC(C)C)NC(=O)[C@@H](Cc2ccc(O)cc2)NC(=O)[C@@H]2CCCN2C(=O)[C@H](CC(C)C)NC1=O,,-6.522878745280337,,train
CC(C)C[C@@H]1NC(=O)[C@@H](CC(C)C)NC(=O)[C@H](CC(C)C)NC(=O)[C@@](C)(CC(C)C)NC(=O)[C@H](Cc2ccc(O)cc2)NC(=O)[C@@H]2CCCN2C(=O)[C@H](CC(C)C)NC1=O,,-6.5180846348916255,,train
CC(C)C[C@@H]1NC(=O)[C@@H](CC(C)C)NC(=O)[C@H](CC(C)C)NC(=O)[C@H](Cc2ccc(O)cc2)N(C)C(=O)[C@H]2CCCN2C(=O)[C@H](CC(C)C)NC1=O,-5.039529222465701,,,test
CC(C)C[C@@H]1NC(=O)[C@@H](CC(C)C)NC(=O)[C@H](Cc2ccc(O)cc2)NC(=O)[C@@H]2CCCN2C(=O)[C@H](CC(C)C)NC(=O)[C@](C)(CC(C)C)NC(=O)[C@@H](CC(C)C)NC1=O,,-6.732828271596986,,train
CC(C)C[C@@H]1NC(=O)[C@@H](CC(C)C)NC(=O)[C@H](Cc2ccccc2)NC(=O)CNC(=O)[C@@H](C)NC(=O)[C@H](Cc2ccc(O)cc2)NC1=O,-6.142667503568732,,,train
CC(C)C[C@@H]1NC(=O)[C@@H](CC(C)C)NC(=O)[C@H]([C@@H](C)O)NC(=O)[C@H](Cc2ccc(O)cc2)NC(=O)[C@@H]2CCCN2C(=O)[C@H](CC(C)C)NC1=O,,-8.187086643357144,,train
CC(C)C[C@@H]1NC(=O)[C@@H](CC(C)C)NC(=O)[C@](C)(CC(C)C)NC(=O)[C@H](Cc2ccc(O)cc2)NC(=O)[C@@H]2CCCN2C(=O)[C@H](CC(C)C)NC1=O,,-6.769551078621726,,train
CC(C)C[C@@H]1NC(=O)[C@@H](CCC(=O)N2CCCC2)NC(=O)[C@@H](CC(C)C)NC(=O)[C@@H](CC(C)C)NC(=O)[C@@H](CC(C)C)NC(=O)[C@H]2CCCN2C1=O,,-6.886056647693163,,train
CC(C)C[C@@H]1NC(=O)[C@@H](Cc2ccccc2)NC(=O)CNC(=O)[C@@H](C)NC(=O)[C@H](Cc2ccc(O)cc2)NC(=O)[C@@H]2CCCN2C1=O,-7.045757490560675,,,test
CC(C)C[C@@H]1NC(=O)[C@H](C(C)C)NC(=O)[C@H](Cc2c[nH]c3ccccc23)N(C)C(=O)[C@H](Cc2ccccc2)NC(=O)[C@H](Cc2ccccc2)NC(=O)[C@@H]2CCCN2C1=O,-5.769551078621726,,,test
CC(C)C[C@@H]1NC(=O)[C@H](C(C)C)NC(=O)[C@H](Cc2c[nH]c3ccccc23)NC(=O)[C@H](Cc2ccccc2)NC(=O)[C@H](Cc2ccccc2)NC(=O)[C@@H]2CCCN2C1=O,-6.619788758288394,,,train
CC(C)C[C@@H]1NC(=O)[C@H](C(C)C)NC(=O)[C@H](Cc2ccc(O)cc2)N(C)C(=O)[C@H](Cc2ccccc2)NC(=O)CN(C)C(=O)[C@@H]2CCCN2C(=O)[C@@H](Cc2ccccc2)N(C)C1=O,,-5.721246399047171,,train
CC(C)C[C@@H]1NC(=O)[C@H](C)NC(=O)[C@H](Cc2ccc(O)cc2)N(C)C(=O)[C@H](Cc2ccccc2)NC(=O)CN(C)C(=O)[C@@H]2CCCN2C(=O)[C@@H](Cc2ccccc2)N(C)C1=O,,-6.698970004336019,,val
CC(C)C[C@@H]1NC(=O)[C@H](CC(C)C)N(C)C(=O)[C@@H](CC(C)C)N(C)C(=O)[C@H](Cc2ccc(O)cc2)NC(=O)[C@@H]2CCCN2C(=O)[C@H](CC(C)C)N(C)C1=O,-4.856985199745905,,,train
CC(C)C[C@@H]1NC(=O)[C@H](CC(C)C)N(C)C(=O)[C@H](Cc2ccc(O)cc2)NC(=O)[C@@H]2CCCN2C(=O)[C@H]2CCCN2C(=O)[C@@H](CC(C)C)NC1=O,-5.982966660701219,,,train
CC(C)C[C@@H]1NC(=O)[C@H](CC(C)C)NC(=O)[C@@H](CC(C)C)NC(=O)[C@H](Cc2ccc(O)cc2)NC(=O)[C@@H]2CCCN2C(=O)[C@H](CC(C)C)NC1=O,-6.431798275933005,-7.387216143280264,,train
CC(C)C[C@@H]1NC(=O)[C@H](Cc2c[nH]c3ccccc23)NC(=O)[C@@H]2CCCN2C(=O)[C@H]2CCCN2C(=O)[C@@H](CC(C)C)NC(=O)[C@H](CC(C)C)NC1=O,-6.6777807052660805,,,train
CC(C)C[C@@H]1NC(=O)[C@H](Cc2c[nH]c3ccccc23)NC(=O)[C@H]2CCCN2C(=O)[C@@H](CC(C)C)NC(=O)[C@@H](CC(C)C)NC(=O)[C@@H](CC(C)C)NC1=O,-5.024108863598207,,,train
CC(C)C[C@@H]1NC(=O)[C@H](Cc2c[nH]c3ccccc23)NC(=O)[C@H]2CCCN2C(=O)[C@H](CC(C)C)NC(=O)[C@H](CC(C)C)NC(=O)[C@@H](CC(C)C)NC1=O,-5.22548303427145,,,test
CC(C)C[C@@H]1NC(=O)[C@H](Cc2ccc(O)cc2)N(C)C(=O)[C@@H]2CCCN2C(=O)[C@H](CC(C)C)NC(=O)[C@H](CC(C)C)N(C)C(=O)[C@@H](CC(C)C)N(C)C1=O,,-6.440093374963888,,test
CC(C)C[C@@H]1NC(=O)[C@H](Cc2ccc(O)cc2)N(C)C(=O)[C@H]2CCCN2C(=O)[C@H](CC(C)C)NC(=O)[C@H](CC(=O)O)N(C)C(=O)[C@@H](CC(C)C)N(C)C1=O,-6.443697499232713,,,test
CC(C)C[C@@H]1NC(=O)[C@H](Cc2ccc(O)cc2)N(C)C(=O)[C@H]2CCCN2C(=O)[C@H](CC(C)C)NC(=O)[C@H](CC(C)C)N(C)C(=O)[C@@H](CC(C)C)N(C)C1=O,-5.056157598998043,,,train
CC(C)C[C@@H]1NC(=O)[C@H](Cc2ccc(O)cc2)N(C)C(=O)[C@H]2CCCN2C(=O)[C@H](CC(C)C)NC(=O)[C@H](CC(C)C)N(C)C(=O)[C@@H](CC(C)C)NC1=O,-4.945770090136603,,,val
CC(C)C[C@@H]1NC(=O)[C@H](Cc2ccc(O)cc2)N(C)C(=O)[C@H]2CCCN2C(=O)[C@H](CC(C)C)NC(=O)[C@H](CCCCN)N(C)C(=O)[C@@H](CC(C)C)N(C)C1=O,-7.045757490560675,,,train
CC(C)C[C@@H]1NC(=O)[C@H](Cc2ccc(O)cc2)N(C)C(=O)[C@H]2CCCN2C(=O)[C@H](CC(C)C)NC(=O)[C@H](CO)N(C)C(=O)[C@@H](CC(C)C)N(C)C1=O,-5.481486060122113,,,val
CC(C)C[C@@H]1NC(=O)[C@H](Cc2ccc(O)cc2)NC(=O)[C@@H]2CCCN2C(=O)[C@@H](CC(C)C)NC(=O)[C@@H](CC(C)C)N(C)C(=O)[C@@H](CC(C)C)N(C)C1=O,-4.661543506395395,,,train
CC(C)C[C@@H]1NC(=O)[C@H](Cc2ccc(O)cc2)NC(=O)[C@@H]2CCCN2C(=O)[C@@H](CC(C)C)NC(=O)[C@@H](CC(C)C)NC(=O)[C@@H](CC(C)C)NC1=O,-5.844663962534939,,,train
CC(C)C[C@@H]1NC(=O)[C@H](Cc2ccc(O)cc2)NC(=O)[C@@H]2CCCN2C(=O)[C@H](CC(C)C)NC(=O)[C@H](CC(C)C)N(C)C(=O)[C@@H](CC(C)C)N(C)C1=O,,-6.460083739532479,,train
CC(C)C[C@@H]1NC(=O)[C@H](Cc2ccc(O)cc2)NC(=O)[C@@H]2CCCN2C(=O)[C@H](CC(C)C)NC(=O)[C@H](CC(C)C)NC(=O)[C@@H](CC(C)C)NC1=O,,-6.954677021213342,,train
CC(C)C[C@@H]1NC(=O)[C@H](Cc2ccc(O)cc2)NC(=O)[C@@H]2CCCN2C(=O)[C@H](CC(C)C)NC(=O)[C@H](CC(C)C)NC(=O)[C@H](Cc2ccccc2)NC1=O,,-6.698970004336019,,train
CC(C)C[C@@H]1NC(=O)[C@H](Cc2ccc(O)cc2)NC(=O)[C@@H]2CCCN2C(=O)[C@H](CC(C)C)NC(=O)[C@H](CC(C)C)NC(=O)[C@H](Cc2ccccn2)NC1=O,,-7.869666231504994,,train
CC(C)C[C@@H]1NC(=O)[C@H](Cc2ccc(O)cc2)NC(=O)[C@@H]2CCCN2C(=O)[C@H](CC(C)C)NC(=O)[C@H](CC(C)C)NC(=O)[C@H](Cc2ccncc2)NC1=O,,-8.187086643357144,,train
CC(C)C[C@@H]1NC(=O)[C@H](Cc2ccc(O)cc2)NC(=O)[C@@H]2CCCN2C(=O)[C@H](CC(C)C)NC(=O)[C@](C)(CC(C)C)NC(=O)[C@@H](CC(C)C)NC1=O,,-6.455931955649724,,train
CC(C)C[C@@H]1NC(=O)[C@H](Cc2ccc(O)cc2)NC(=O)[C@@H]2CCCN2C(=O)[C@H]2CCCN2C(=O)[C@@H](CC(C)C)NC(=O)[C@H](CC(C)C)NC1=O,-7.0,,,train
CC(C)C[C@@H]1NC(=O)[C@H](Cc2ccc(O)cc2)NC(=O)[C@H]2CCCN2C(=O)[C@@H](CC(C)C)NC(=O)[C@H](CC(C)C)NC(=O)[C@@H](CC(C)C)NC1=O,-6.229147988357856,,,test
CC(C)C[C@@H]1NC(=O)[C@H](Cc2ccc(O)cc2)NC(=O)[C@H]2CCCN2C(=O)[C@H](CC(C)C)NC(=O)[C@H](CC(C)C)N(C)C(=O)[C@@H](CC(C)C)N(C)C1=O,-4.96818772866963,,,train
CC(C)C[C@@H]1NC(=O)[C@H](Cc2ccc(O)cc2)NC(=O)[C@H]2CCCN2C(=O)[C@H](CC(C)C)NC(=O)[C@H](CC(C)C)N(C)C(=O)[C@@H](CC(C)C)NC1=O,-5.106238237942057,,,val
CC(C)C[C@@H]1NC(=O)[C@H](Cc2ccc(O)cc2)NC(=O)[C@H]2CCCN2C(=O)[C@H](CC(C)C)NC(=O)[C@H](CC(C)C)NC(=O)[C@@H](CC(C)C)NC1=O,-5.910094888560602,,,train
CC(C)C[C@@H]1NC(=O)[C@H](Cc2ccccc2)N(C)C(=O)CN(C)C(=O)[C@H](C)NC(=O)[C@H](Cc2ccc(O)cc2)N(C)C(=O)[C@H]2CCCN2C1=O,-5.966576244513051,,,train
CC(C)C[C@@H]1NC(=O)[C@H](Cc2ccccc2)NC(=O)CN(C)C(=O)[C@H](CC(C)C)N(C)C(=O)[C@H](Cc2ccc(O)cc2)NC(=O)[C@@H]2CCCN2C1=O,-7.0,,,train
CC(C)C[C@@H]1NC(=O)[C@H](Cc2ccccc2)NC(=O)CNC(=O)[C@@H](C)NC(=O)[C@H](Cc2ccc(O)cc2)NC(=O)[C@@H]2CCCN2C1=O,-6.853871964321762,,,train
CC(C)C[C@@H]1NC(=O)[C@H](Cc2ccccc2)NC(=O)CNC(=O)[C@H](C)NC(=O)[C@H](Cc2ccc(O)cc2)NC(=O)[C@H]2CCCN2C1=O,-6.568636235841013,,,train
CC(C)C[C@@H]1NC(=O)[C@H](Cc2ccccc2)NC(=O)[C@@H](CC(C)C)N(C)C(=O)[C@H](CC(C)C)N(C)C(=O)[C@H](Cc2ccc(O)cc2)NC(=O)[C@@H]2CCCN2C1=O,-4.919734372660155,,,train
CC(C)C[C@@H]1NC(=O)[C@H](Cc2ccccc2)NC(=O)[C@H]([C@@H](C)O)N(C)C(=O)CN(C)C(=O)[C@H]([C@@H](C)O)NC(=O)[C@H](Cc2ccc(O)cc2)NC1=O,-7.0,,,test
CC(C)C[C@@H]1NC(=O)[C@H](Cc2ccccc2)NC(=O)[C@H]([C@@H](C)O)NC(=O)CN(C)C(=O)[C@H]([C@@H](C)O)NC(=O)[C@H](Cc2ccc(O)cc2)NC1=O,-6.769551078621726,,,test
CC(C)C[C@@H]1NC(=O)[C@H](Cc2ccccc2)NC(=O)[C@H]([C@@H](C)O)NC(=O)CNC(=O)[C@H](C(C)C)NC(=O)[C@H](Cc2ccc(O)cc2)NC1=O,-6.958607314841775,,,train
CC(C)C[C@@H]1NC(=O)[C@H](Cc2ccccc2)NC(=O)[C@H]([C@@H](C)O)NC(=O)CNC(=O)[C@H](C)NC(=O)[C@H](Cc2ccc(O)cc2)NC1=O,-6.337242168318426,,,test
CC(C)C[C@@H]1NC(=O)[C@H](Cc2ccccc2)NC(=O)[C@H]([C@@H](C)O)NC(=O)CNC(=O)[C@H]([C@@H](C)O)NC(=O)[C@H](Cc2ccc(O)cc2)NC1=O,-7.397940008672037,,,train
CC(C)C[C@H](CCNC(=O)[C@H](C)CCNC(=O)[C@@H](CCN)C(C)C)C(=O)O,-7.468521082957745,,,train
CC(C)C[C@H](CO)Nc1nc(OCc2ccccc2)nc2[nH]c(=O)sc12,-4.638272163982407,,,train
CC(C)C[C@H](CO)Nc1nc(S(=O)(=O)Cc2ccccc2)nc2[nH]c(=O)sc12,-6.0,,,train
CC(C)C[C@H](CO)Nc1nc(SCc2ccccn2)nc2nc(N)sc12,-5.795880017344075,,,train
CC(C)C[C@H](CO)Nc1nc(S[C@@H](C)c2cc(Cl)ccn2)nc2[nH]c(=O)sc12,-4.481486060122113,,,train
CC(C)C[C@H](CO)Nc1nc(S[C@@H](C)c2cc(Cl)ccn2)nc2nc(N)sc12,-6.0,,,train
CC(C)C[C@H](CO)Nc1nc(S[C@@H](C)c2ccccc2)nc2[nH]c(=O)sc12,-4.698970004336019,,,train
CC(C)C[C@H](CO)Nc1nc([S+]([O-])Cc2ccccc2)nc2[nH]c(=O)sc12,-6.0,,,train
CC(C)C[C@H](N)c1cc(C#N)c2cc(-c3ccncc3)ccc2n1,-4.943095148663527,-4.013676222949234,,val
CC(C)C[C@H](N)c1cc(C#N)c2cc(-c3cnco3)ccc2n1,-5.1487416512809245,-4.031517051446065,,test
CC(C)C[C@H](NC(=O)C1(C(F)(F)F)CCCCC1)C(=O)Nc1nnc(Cc2ccc(C#N)cc2)s1,-6.97061622231479,,,train
CC(C)C[C@H](NC(=O)[C@@H](O)[C@H](N)Cc1ccccc1)C(=O)NCCOCCOCCOc1ccc2nc(/N=N/c3ccc(N(C)C)cc3)sc2c1,-5.987162775294828,,,train
CC(C)C[C@H](NC(=O)[C@H](CCC(=O)O)NC(=O)CNC(=O)[C@H](Cc1ccccc1)NC(=O)[C@H](Cc1c[nH]c2ccccc12)NC(=O)CNC(=O)CNC(=O)[C@H](CCC(=O)O)NC(=O)[C@H](CCCNC(=N)N)NC(=O)[C@H](C)NC(=O)[C@@H](NC(=O)[C@H](Cc1c[nH]c2ccccc12)NC(=O)[C@@H](N)CCCNC(=N)N)C(C)C)C(=O)N[C@@H](C)C(=O)N[C@@H](Cc1ccccc1)C(=O)N[C@@H](CC(N)=O)C(=O)N[C@@H](Cc1ccc(O)cc1)C(=O)N[C@@H](Cc1c[nH]c2ccccc12)C(=O)N[C@H](C(=O)N[C@@H](Cc1c[nH]c2ccccc12)C(=O)N[C@@H](CCC(=O)O)C(=O)O)C(C)C,,-7.688246138944246,,train
CC(C)C[C@H](NC(=O)c1cc2ccccc2cn1)C(=O)OCc1ccccc1,-4.763966852882364,,,train
CC(C)C[C@H](NC(=O)c1cc2ccccc2o1)C(=O)N[C@@H]1C(=O)CN(S(=O)(=O)c2ccccn2)CC[C@@H]1C,,,-4.259637310505756,train
CC(C)C[C@H](NC(=O)c1cc2ccccc2o1)C(=O)N[C@H]1CCCN(S(=O)(=O)c2ccccn2)CC1=O,,,-4.2441251443275085,train
CC(C)C[C@H](NC(=O)c1cc2ccccc2o1)C(=O)N[C@H]1CC[C@@H](C)N(S(=O)(=O)c2ccccn2)CC1=O,,,-4.327902142064283,train
CC(C)C[C@H](NC(=O)c1cc2ccccc2o1)C(=O)N[C@H]1C[C@H](C)CN(S(=O)(=O)c2ccccn2)CC1=O,,,-4.309803919971486,train
CC(C)C[C@H](Nc1ccc(C(=O)NCCC(=O)O)cn1)c1ccc(-c2ccc(C(F)(F)F)cn2)cc1,,,-7.0,train
CC(C)C[C@H](c1c(O)c(C=O)c(O)c(C=O)c1O)[C@@]1(C)CC[C@@H]2[C@@H]1[C@H]1[C@@H](CC[C@@]2(C)O)C1(C)C,-5.73077485307342,,,train
CC(C)C[C@H]1C(=O)N2CCC[C@@H]2C(=O)N(C)[C@@H](Cc2ccc(O)cc2)C(=O)N[C@@H](C)C(=O)NCC(=O)N(C)[C@@H](Cc2ccccc2)C(=O)N1C,-7.0,,,train
CC(C)C[C@H]1C(=O)N2CCC[C@H]2C(=O)N[C@@H](Cc2ccc(O)cc2)C(=O)N(C)[C@H](C)C(=O)N(C)CC(=O)N[C@@H](Cc2ccccc2)C(=O)N1C,-6.853871964321762,,,train
CC(C)C[C@H]1C(=O)N2CCC[C@H]2C(=O)N[C@@H](Cc2ccc(O)cc2)C(=O)N(C)[C@H](C)C(=O)N(C)CC(=O)N[C@H](Cc2ccccc2)C(=O)N1C,-6.853871964321762,,,train
CC(C)C[C@H]1C(=O)N2CCC[C@H]2C(=O)N[C@@H](Cc2ccccc2)C(=O)N[C@@H](Cc2ccccc2)C(=O)N[C@@H](Cc2c[nH]c3ccccc23)C(=O)N[C@@H](C(C)C)C(=O)N1C,-5.166215625343521,,,train
CC(C)C[C@H]1C[C@@H](c2cc(=O)[nH]o2)CCN1,-6.0,,,train
CC(C)C[C@H]1NC(=O)[C@@H](Cc2ccccc2)NC(=O)CN(C)C(=O)[C@H](C)N(C)C(=O)[C@H](Cc2ccc(O)cc2)NC(=O)[C@@H]2CCCN2C1=O,-6.853871964321762,,,train
CC(C)C[C@H]1NC(=O)[C@@H](Cc2ccccc2)NC(=O)CNC(=O)[C@H](C)NC(=O)[C@H](Cc2ccc(O)cc2)NC(=O)[C@@H]2CCCN2C1=O,-6.853871964321762,,,train
CC(C)C[C@H]1NC(=O)[C@H](CC(C)C)N(C)C(=O)[C@H](CC(C)C)N(C)C(=O)[C@H](Cc2ccc(O)cc2)NC(=O)[C@@H]2CCCN2C(=O)[C@H]2CCCN2C1=O,-5.263603497723357,,,train
CC(C)C[C@H]1NC(=O)[C@H](Cc2ccccc2)NC(=O)CN(C)C(=O)[C@@H](C)N(C)C(=O)[C@H](Cc2ccc(O)cc2)NC(=O)[C@@H]2CCCN2C1=O,-6.200659450546419,,,train
CC(C)C[C@H]1NC(=O)[C@H](Cc2ccccc2)NC(=O)CNC(=O)[C@@H](C)NC(=O)[C@H](Cc2ccc(O)cc2)NC(=O)[C@@H]2CCCN2C1=O,-6.236572006437063,,,train
CC(C)C[C@H]1NC(=O)[C@H]2CCCN2C(=O)C(CCC(=O)N2CCCC2)NC(=O)[C@@H](CC(C)C)NC(=O)[C@@H](CC(C)C)NC(=O)[C@@H](CC(C)C)NC1=O,,-5.823908740944319,,train
CC(C)C[C@](C)(N)COc1ccc(-c2ccnc(C(F)F)c2)cc1C#N,-6.653647025549361,-6.16304326294045,,train
CC(C)C[C@](C)(N)COc1ccc(-c2ccnc(C(F)F)c2)cc1C(F)(F)F,-7.481486060122113,-6.259637310505756,,val
CC(C)C[C@](C)(N)COc1ccc(-c2ccnc(C(F)F)c2)cc1C(F)F,-6.966576244513051,-6.369572124974976,,train
CC(C)C[C@](C)(N)COc1ccc(-c2ccnc(C(F)F)c2)nc1C(F)F,-6.701146923590294,-6.140261433802853,,val
CC(C)C[C@](C)(N)COc1cnc(-c2ccnc(C(F)F)c2)cc1C(F)F,-6.628932137728264,-6.339134521996131,,train
CC(C)Cc1ccc(-c2cn(C)c3cc(C(=O)NS(C)(=O)=O)ccc23)cc1,-7.823908740944319,,,test
CC(C)Cc1ccc(C(C)C(=O)O)cc1,,-4.7447274948966935,-4.481486060122113,train
CC(C)Cc1ccc([C@@H](C)C(=O)OC[C@H](NC(=S)[C@H](C)N)C(=O)O)cc1,-5.431798275933005,,,train
CC(C)Cc1ccc2c(NCCCNCc3ccc4c(c3)OCO4)ccnc2c1,,-4.638272163982407,,train
CC(C)Cc1ccc2c(NCCCNCc3ccco3)ccnc2c1,,-4.638272163982407,,train
CC(C)Cc1cn(-c2nc(N)c3ncn([C@@H]4O[C@H](COS(=O)(=O)NC(=O)c5ccccc5O)[C@@H](O)[C@H]4O)c3n2)nn1.CCN(CC)CC,,-8.0,,val
CC(C)Cc1nc2sc3c(NCCN4CCOCC4)ncnc3c2c2c1CCC(C)(C)C2,-6.3979400086720375,,,train
CC(C)N(/C(Cc1ccc([N+](=O)[O-])cc1)=N/P(=O)(Oc1ccccc1)Oc1ccccc1)C(C)C,,,-4.97469413473523,train
CC(C)N(C)CCNCC(O)c1cc(C(F)(F)F)nc2c(C(F)(F)F)cccc12,,,-5.044312249686494,train
CC(C)N(C)[C@@H]1CC[C@H](N2CC[C@H](NC(=O)c3cccc(C(F)(F)F)c3)C2=O)[C@H](CS(C)(=O)=O)C1,,-7.026872146400302,,train
CC(C)N(C)[C@@H]1CC[C@H](N2CC[C@H](NC(=O)c3cccc(C(F)(F)F)c3)C2=O)[C@H](N(C)S(C)(=O)=O)C1,,-7.187086643357144,,train
CC(C)N(C)[C@@H]1CC[C@H](N2CC[C@H](NC(=O)c3cccc(C(F)(F)F)c3)C2=O)[C@H](NS(C)(=O)=O)C1,,-6.226945306635737,,val
CC(C)N(C)[C@@H]1CC[C@H](N2CC[C@H](Nc3ncnc4ccc(C(F)(F)F)cc34)C2=O)[C@H](CS(C)(=O)=O)C1,,-7.853871964321762,,train
CC(C)N(C)[C@@H]1CC[C@H](N2CC[C@H](Nc3ncnc4ccc(C(F)(F)F)cc34)C2=O)[C@H](NS(C)(=O)=O)C1,,-6.404503778174426,,train
CC(C)N(C[C@H]1Cc2c(cccc2N2CCNCC2)CN1)[C@H]1CCCc2cccnc21,,-7.795880017344075,,train
CC(C)N(c1ccc(Oc2ccccc2C(F)(F)F)cc1C(=O)O)C(=O)[C@H]1CC[C@H](C)CC1,-4.796729909783022,,,train
CC(C)N(c1ccc(Oc2ncccc2C(F)(F)F)cc1C(=O)O)C(=O)[C@H]1CC[C@H](C)CC1,-4.721246399047171,,,val
CC(C)N1CC=C(c2ccc(/C(=C(/CCCO)c3ccccc3)c3ccc(O)cc3)cc2)CC1,,-7.267606240177032,,train
CC(C)N1CC=C(c2ccc(/C(=C(/CCCO)c3ccccc3)c3cccc(O)c3)cc2)CC1,,-7.4089353929735005,,train
CC(C)N1CCC(S(=O)(=O)c2ccc(CNC(=O)c3cc4ccncc4o3)cc2)CC1,,,-5.096910013008056,val
CC(C)N1CCC([S+]([O-])c2ccc(CNC(=O)c3cc4ccncc4o3)cc2)CC1,,,-6.0,test
CC(C)N1CCC(c2ccc(/C(=C(/CCCO)c3ccc(F)cc3)c3ccc(O)cc3)cc2)CC1,,-8.522878745280337,,train
CC(C)N1CCC(c2ccc(/C(=C(/CCCO)c3ccc(F)cc3F)c3ccc(O)cc3)cc2)CC1,,-8.301029995663981,,train
CC(C)N1CCC(c2ccc(/C(=C(/CCCO)c3ccccc3)c3ccc(O)cc3)cc2)CC1,,-7.309803919971486,,train
CC(C)N1CCC(n2cc(Nc3ncc(C4CC4)c(NCCCNC(=O)C4CCC4)n3)cn2)CC1,-7.853871964321762,,,train
CC(C)N1CCN(C(=O)C2CC23CCN(C2CCOCC2)CC3)CC1,,,-5.267606240177032,train
CC(C)N1CCN(C(=O)C2CC3(CCN(C4CCOCC4)CC3)C2)CC1,,,-5.443697499232713,train
CC(C)N1CCN(C(=O)Cn2c(-c3ccoc3)c(C3CCCCC3)c3ccc(C(=O)O)cc32)CC1,-5.154901959985743,,,train
CC(C)N1CCN(C(=O)[C@H]2CC23CCN(C2CCOCC2)CC3)CC1,,,-4.886056647693163,train
CC(C)N1CCN(C(=O)c2ccc(CN3CCCCC3)cc2)CC1,-4.906578314837765,,,train
CC(C)N1CCN(C(=O)c2ccc(CN3CCOCC3)cc2)CC1,-4.649751981665837,,,train
CC(C)N1CCN(CCCN(C[C@H]2Cc3ccccc3CN2)[C@H]2CCCc3cccnc32)CC1,,-6.46344155742847,,train
CC(C)N1CCN(c2ccc(/C(=C(/CCCO)c3ccccc3)c3ccc(Br)cc3)cc2)CC1,,-6.431798275933005,,train
CC(C)N1CCN(c2ccc(/C(=C(/CCCO)c3ccccc3)c3ccc(O)cc3)cc2)CC1,,-6.337242168318426,,train
CC(C)N1CCN(c2ccc(/C(=C(/CCCO)c3ccccc3)c3cccc(O)c3)cc2)CC1,,-5.889410289700751,,val
CC(C)N1CCN(c2cccc3c2C[C@H](CN(C)[C@H]2CCCc4cccnc42)NC3)CC1,,-6.844663962534939,,val
CC(C)N1CCP(=O)(c2ccc(C(F)(F)F)cc2)CC1,-4.075720713938118,,,train
CC(C)N1CCc2nc(-c3cccc(OCC(=O)NC(C)(C)C)c3)nc(Nc3ccc(-c4cn[nH]c4)cc3)c2C1,-5.1487416512809245,,,train
CC(C)N1[C@@H]2CC[C@H]1CN(C(=O)c1ccnc(Nc3nc4cnc(-c5ccc(F)c(C(F)(F)F)c5)cc4[nH]3)c1)C2,-6.180456064458132,,,val
CC(C)N=[S+](C)([O-])c1ccc(Nc2ncc(C(F)(F)F)c(N[C@@H]3CCC[C@H]3N(C)C)n2)cc1,,,-5.180456064458132,train
CC(C)NC(=O)C(C)(C)COc1nnc(-c2ccc(NC(=O)c3ccc4ccccc4c3)cc2)n1C,-5.055517327849832,,,val
CC(C)NC(=O)COc1cccc(-c2nc3c(c(Nc4ccc(-c5cn[nH]c5)cc4)n2)CN(C2(C)CC2)CC3)c1,-5.148130399270234,,,train
CC(C)NC(=O)COc1cccc(-c2nc3c(c(Nc4ccc(-c5cn[nH]c5)cc4)n2)CN(C2CC2)CC3)c1,-4.97798426018228,,,train
CC(C)NC(=O)COc1cccc(-c2nc3c(c(Nc4ccc(-c5cn[nH]c5)cc4)n2)CN(C2CCC2)CC3)c1,-4.87942606879415,,,train
CC(C)NC(=O)Cn1c(-c2cccc(Cl)c2)nc2ccc(-c3cccc(CN4CCCCC4)c3)cc2c1=O,-6.85078088734462,,,train
CC(C)NC(=O)N1CCC(CN(C2Cc3cc(C#N)ccc3N(Cc3cncn3C)C2)S(=O)(=O)c2ccccn2)CC1,-6.221848749616356,,,train
CC(C)NC(=O)c1cc(-c2ccc(NC(=O)[C@H](O)c3cc(F)cc(F)c3)cc2Cl)cnc1N,-4.619788758288394,,,train
CC(C)NCC(O)COc1ccc(CC(N)=O)cc1,-6.305525725224491,-6.33070318878298,-6.473054178383734,train
CC(C)NCC(O)COc1cccc2ccccc12,-4.570763500439167,-4.997194103497045,-4.423198104171087,train
CC(C)NCC(O)COc1ccccc1CCCSCC(=O)NCCOCCOCCNC(=O)OC(C)(C)C,,-7.723538195826756,,train
CC(C)NCC1(O)CN(C(=O)c2ccc(F)c(F)c2Nc2ccc(I)cc2F)C1,,,-6.6777807052660805,train
CC(C)NCCNCC(O)c1cc(C(F)(F)F)nc2c(C(F)(F)F)cccc12,,,-4.896196279044044,train
CC(C)NCc1ccccc1Cn1c(=S)[nH]c(=O)c2[nH]ccc21,-4.920818753952375,,,train
CC(C)NCc1ccccc1Cn1c(=S)[nH]c(=O)c2[nH]cnc21,-6.050609993355088,,,train
CC(C)Nc1cc(NC(=O)c2c(F)cccc2F)cc(C(F)(F)F)c1,-5.161150909262744,,,train
CC(C)Nc1cc(Nc2ccc3ncsc3c2)ncc1C(=O)NCCc1ccc(S(N)(=O)=O)cc1,-7.823908740944319,,,train
CC(C)Nc1cc(Nc2ccc3nonc3c2)ncc1C(=O)NC[C@@H](F)C(C)(C)O,-7.42021640338319,,,val
CC(C)Nc1cc(Nc2ccn3nccc3n2)ncc1C(=O)NC[C@@H](F)C(C)(C)O,-7.161150909262744,,,train
CC(C)Nc1cc(Nc2nc3ccnn3cc2F)ncc1C(=O)NC[C@@H](F)C(C)(C)O,-6.667561540084395,,,train
CC(C)OC(=O)C(C)(C)NP(=O)(OC[C@H]1O[C@@H](c2ccc3c(N)ncnn23)[C@](C)(F)[C@@H]1O)Oc1ccccc1,-5.376750709602099,,,train
CC(C)OC(=O)C1(NP(=O)(OC[C@H]2O[C@@H](c3cnc4c(N)ncnn34)[C@](C)(F)[C@@H]2O)Oc2ccccc2)CCC1,-5.758465494867761,,,train
CC(C)OC(=O)N1CCC(CN(C2Cc3cc(C#N)ccc3N(Cc3cncn3C)C2)S(=O)(=O)c2ccccn2)CC1,-6.0,,,train
CC(C)OC(=O)N1CCC2(CC1)CC2CNC(=O)N1Cc2ccncc2C1,,,-4.886056647693163,val
CC(C)OC(=O)OCOc1c2c(c3n(c1=O)[C@@]1(CC[C@H]4C[C@H]41)N(C[C@H](C)O)C3=O)CCN(Cc1ccc(F)c(Cl)c1)C2=O,,,-4.628932137728264,train
CC(C)OC(=O)OCOc1c2c(c3n(c1=O)[C@]1(CC[C@@H]4C[C@@]41CO)N(C)C3=O)CCN(Cc1ccc(F)c(Cl)c1)C2=O,,,-4.705533773838408,test
CC(C)OC(=O)[C@H](C)NP(=O)(OC[C@H]1O[C@@H](n2ccc(=O)[nH]c2=O)[C@](C)(F)[C@@H]1O)Oc1ccccc1,,-9.337242168318426,,train
CC(C)OC(=O)[C@H](C)NP(=O)(OC[C@H]1O[C@@](C#N)(c2ccc3c(N)ncnn23)[C@](C)(O)[C@@H]1O)Oc1ccccc1,-6.795880017344075,,,train
CC(C)OC(=O)[C@H](C)N[P@@](=O)(O)OC[C@H]1O[C@@](C#N)(c2ccc3c(N)ncnn23)[C@](C)(O)[C@@H]1O,-6.698970004336019,,,train
CC(C)OC(=O)[C@H](C)N[P@](=O)(OC[C@H]1O[C@@H](c2cnc3c(N)ncnn23)[C@](C)(F)[C@@H]1O)Oc1ccccc1,-6.026872146400302,,,train
CC(C)OC(=O)c1ccc(N2CCN(C)CC2)c(NC(=O)c2ccc(F)c([N+](=O)[O-])c2)c1,,-4.211831628858833,,train
CC(C)OC(=O)c1ccnc2cc(C(OCCN3CCCCC3)c3cccc(N)c3)sc12,,-2.99225222199926,,train
CC(C)OC(=O)c1ccnc2cc(C(OCCN3CCCCC3)c3cccc(NC(=O)/C=C/CN(C)C)c3)sc12,,-4.146301788223826,,train
CC(C)OC(=O)c1cn(C2CC2)c2cc(N3CCNCC3)c(F)cc2c1=O,-5.328827157284917,,,train
CC(C)OCC1(C(=O)c2ccc(N)c(Cl)c2)CCCN1,-4.522878745280337,,,train
CC(C)OCCOCc1cn(Cc2ccc(F)cc2)c2cnc3c(c12)CCN(O)C3=O,-5.021363051615526,,,train
CC(C)OP(=O)(OC(C)C)SCc1ccccc1,,-4.931443104927637,,train
CC(C)OP(=O)(OC(C)C)c1ccc(C(F)(F)F)cc1,-4.075720713938118,,,train
CC(C)Oc1cc(CN2CC[C@@]3(C[C@@H]2C)CN(C)S(=O)(=O)N3c2cccc(F)c2)ccc1O,,,-4.7544873321858505,train
CC(C)Oc1cc(NC(=O)C2(NC(=O)c3ccc4c(C5CCCC5)c(-c5ccccn5)n(C)c4c3)CCC2)ccc1/C=C/C(=O)O,-4.721246399047171,,,train
CC(C)Oc1cc(Oc2ccc(S(C)(=O)=O)cc2)cc(-c2cccc(=O)[nH]2)c1,,,-4.7447274948966935,train
CC(C)Oc1cc(Oc2ccc(S(C)(=O)=O)cc2)cc(-c2cncc(=O)[nH]2)c1,,,-4.026872146400302,train
CC(C)Oc1cc(Oc2ccc(S(C)(=O)=O)cc2)cc(-c2ncc(Cl)c(=O)[nH]2)c1,,,-5.080921907623926,train
CC(C)Oc1cc(Oc2ccc(S(C)(=O)=O)cc2)cc(-c2nccc(=O)[nH]2)c1,,,-4.619788758288394,train
CC(C)Oc1cc(Oc2cnc(C(=O)N(C)C)c(F)c2)cc(-c2nccc(=O)[nH]2)c1,,,-4.886056647693163,train
CC(C)Oc1cc(Oc2cnc(C(=O)N(C)C)cn2)cc(-c2nccc(=O)[nH]2)c1,,,-4.795880017344075,train
CC(C)Oc1cc(Oc2cnc(C(=O)N(C)C)nc2)cc(-c2nccc(=O)[nH]2)c1,,,-5.1487416512809245,train
CC(C)Oc1ccc(-c2cc(C(=O)O)ncn2)cc1Cl,-6.782516055786094,,,val
CC(C)Oc1ccc(-c2nc(-c3ccc4c(c3)CCN(CCCC(=O)O)CC4)no2)cc1C#N,,,-6.823908740944319,train
CC(C)Oc1ccc(-c2nc(-c3cccc4c3OCCN(CCCC(=O)O)C4)no2)cc1Cl,,,-6.809668301829708,train
CC(C)Oc1ccc(-c2nc(-c3cccc4c3cnn4CCC(=O)[O-])no2)cc1Cl,,,-6.692503962086787,test
CC(C)Oc1ccc(C(=O)NC2(C(=O)N[C@H](Cc3ccccc3)C(=O)NCC3CCN(CC4CCOCC4)CC3)CCCC2)cc1,-6.096910013008056,,,train
CC(C)Oc1ccc(Cl)c(C2CC(=O)C(Sc3cc(O)ccc3C#N)=C(O)C2)c1Cl,,,-5.958607314841775,train
CC(C)Oc1ccc(S(C)(=O)=O)cc1C(=O)N1Cc2cc(C(F)(F)F)cnc2C1,,-5.3872161432802645,,train
CC(C)Oc1ccc(S(C)(=O)=O)cc1C(=O)N1Cc2ccc(C3CCOCC3)cc2C1,,-5.376750709602099,,train
CC(C)Oc1cccc(CN(C(=O)c2cn(C)cn2)[C@H]2C[C@H]3CNC[C@H]3C2)c1,,,-5.657577319177793,train
CC(C)Oc1cccc(CN2CC[C@@]3(C[C@@H]2C)CN(C)S(=O)(=O)N3c2cccc(F)c2)c1,,,-5.1249387366083,train
CC(C)Oc1cccc(CN2CC[C@]3(CNS(=O)(=O)N3c3cccc(F)c3)C[C@@H]2C)c1,,,-4.991399828238083,train
CC(C)P(=O)(c1ccc(C(F)(F)F)cc1)C(C)C,-3.958607314841775,,,train
CC(C)S(=O)(=O)N1CCC(CN(C2Cc3cc(C#N)ccc3N(Cc3cncn3C)C2)S(=O)(=O)c2ccccn2)CC1,-7.0,,,val
CC(C)S(=O)(=O)N1CCC2(CCN(C(=O)N3CCCN(C4CCC4)CC3)C2)CC1,,,-5.10790539730952,train
CC(C)S(=O)(=O)NCC1CC(c2ccc(-c3ccc(C#N)cc3)c(F)c2)=NO1,,,-4.777283528852417,train
CC(C)S(=O)(=O)NCC1CC(c2ccc(-c3cccc(C#N)c3)c(F)c2)=NO1,,,-4.82102305270683,train
CC(C)S(=O)(=O)NCC1CC(c2ccc(-c3ccccc3C#N)c(F)c2)=NO1,,,-4.889410289700751,train
CC(C)S(=O)(=O)NCC1CC(c2ccc(-c3cccnc3)c(F)c2)=NO1,,,-4.657577319177793,train
CC(C)S(=O)(=O)NC[C@@H]1CC(c2ccc(-c3ccccc3C#N)c(F)c2)=NO1,,,-4.536107011014093,train
CC(C)S(=O)(=O)NC[C@@H]1CC(c2ccc(N3CCCC3)c(F)c2)=NO1,,,-4.730487055782084,train
CC(C)S(=O)(=O)NC[C@H](C)c1ccc(-n2cc(CO)c(C(F)(F)F)n2)cc1,-6.686132779630847,,,val
CC(C)S(=O)(=O)N[C@H]1Cc2ccc(Cn3cc(CO)c(C(F)(F)F)n3)cc2C1,-6.892790030352132,,,train
CC(C)S(=O)(=O)Nc1cncc(-c2ccccc2O[C@H]2C[C@@H]3CNC[C@H]2C3)c1,,,-6.251811972993799,train
CC(C)Sc1nc(Nc2cccc(O)c2)c2cnn(CC(Cl)c3ccccc3)c2n1,,-5.343901797987169,,train
CC(C)[C@@H](C[C@H]1SC(=O)NC1=O)c1ccc(-c2ccc3cccc(F)c3c2)[nH]c1=O,,,-4.5934598195660445,train
CC(C)[C@@H](N)C(=O)OC[C@H]1O[C@@H](n2cnc3c(N)ncnc32)[C@@H](O)[C@@H]1O,-6.221125527997261,,,train
CC(C)[C@@H](NC(=O)c1ccc(-c2ccc(CSc3nc4c(c(=O)[nH]3)CCC4)c(F)c2)o1)C(=O)NC1CNC1,,-9.522878745280336,,train
CC(C)[C@@H](NC(=O)c1ccc(-c2ccc(CSc3nc4c(c(=O)[nH]3)CCC4)c(F)c2)o1)C(=O)NC1COC1,,-7.87942606879415,,train
CC(C)[C@@H](c1ccc(-c2ccc3cccc(F)c3c2)[nH]c1=O)[C@@H]1OC(=O)NC1=O,,,-5.501689446210399,val
CC(C)[C@@H](c1ccc(-c2ccc3cccc(F)c3c2)[nH]c1=O)[C@H]1OC(=O)NC1=O,,,-5.039053804266168,train
CC(C)[C@@H]1COC(=O)N1c1cn2c(n1)-c1ccc(N3CCC[C@H]3C(N)=O)cc1OCC2,,,-5.075720713938119,test
CC(C)[C@@H]1NC(=O)C(C)(C)/C=C/c2cc3cc(ccc3cn2)[C@@H](C)OC(=O)[C@@H]2CCCN(N2)C(=O)[C@H](C)NC1=O,-5.638272163982407,,,train
CC(C)[C@@H]1NC(=O)C(C)(C)/C=C/c2ccc3ccc(nc3c2)[C@@H](C)OC(=O)[C@@H]2CCCN(N2)C(=O)[C@H](C)NC1=O,-5.698970004336019,,,test
CC(C)[C@@H]1NC(=O)C/C=C/c2cc3cc(ccc3cn2)[C@@H](C)OC(=O)[C@@H]2CCCN(N2)C(=O)[C@H](C)NC1=O,-6.494850021680094,,,train
CC(C)[C@@H]1NC(=O)C/C=C/c2ccc3ccc(cc3c2)[C@@H](C)OC(=O)[C@@H]2CCCN(N2)C(=O)[C@H](C)NC1=O,-5.2076083105017466,,,train
CC(C)[C@@H]1NC(=O)C/C=C/c2ccc3ccc(nc3c2)[C@@H](C)OC(=O)[C@@H]2CCCN(N2)C(=O)[C@H](C)NC1=O,-5.920818753952375,,,train
CC(C)[C@@H]1NC(=O)CC/C=C/c2cc3cc(ccc3cn2)[C@@H](C)OC(=O)[C@@H]2CCCN(N2)C(=O)[C@H](C)NC1=O,-6.481486060122113,,,test
CC(C)[C@@H]1NC(=O)c2csc(n2)[C@H](C(C)C)NC(=O)[C@@H]2CCCN2C(=O)[C@H](C(C)C)NC(=O)[C@@H]2CCCN2C(=O)[C@H](Cc2ccccc2)NC1=O,-5.657577319177793,,,train
CC(C)[C@@H]1OC(=O)C(C)(C)/C=C/c2cc3cc(ccc3cn2)[C@@H](C)NC(=O)[C@@H]2CCCN(N2)C(=O)[C@H](C)NC1=O,-7.0,,,train
CC(C)[C@@H]1OC(=O)C(C)(C)/C=C/c2ccc3ccc(nc3c2)[C@@H](C)NC(=O)[C@@H]2CCCN(N2)C(=O)[C@H](C)NC1=O,-4.769551078621726,,,train
CC(C)[C@@H]1OC(=O)C(CO)(CO)/C=C/c2ccc3ccc(nc3c2)[C@@H](C)NC(=O)[C@@H]2CCCN(N2)C(=O)[C@H](C)NC1=O,-7.096910013008056,,,train
CC(C)[C@@H]1OC(=O)C2(/C=C/c3ccc4ccc(nc4c3)[C@@H](C)NC(=O)[C@@H]3CCCN(N3)C(=O)[C@H](C)NC1=O)CCC(O)CC2,-6.130213827774954,,,test
CC(C)[C@@H]1OC(=O)C2(/C=C/c3ccc4ccc(nc4c3)[C@@H](C)NC(=O)[C@@H]3CCCN(N3)C(=O)[C@H](C)NC1=O)CCOCC2,-5.494850021680094,,,train
CC(C)[C@@H]1OC(=O)C2(/C=C/c3ccc4ccc(nc4c3)[C@@H](C)NC(=O)[C@@H]3CCCN(N3)C(=O)[C@H](C)NC1=O)CCS(=O)(=O)CC2,-6.318758762624413,,,train
CC(C)[C@@H]1OC(=O)C2(/C=C/c3ccc4ccc(nc4c3)[C@@H](C)NC(=O)[C@@H]3CCCN(N3)C(=O)[C@H](C)NC1=O)COCCOC2,-6.142667503568732,,,train
CC(C)[C@@H]1OC(=O)C2(/C=C/c3ccc4ccc(nc4c3)[C@@H](C)NC(=O)[C@@H]3CCCN(N3)C(=O)[C@H](C)NC1=O)COCOC2,-5.823908740944319,,,train
CC(C)[C@H](CO)NC(=O)C[C@H]1CC[C@H](c2ccc(N3CCOc4ncnc(N)c4C3=O)cc2)CC1,,,-5.3979400086720375,train
CC(C)[C@H](C[C@@H]1OC(=O)NC1=O)c1ccc(-c2ccc3cccc(F)c3c2)[nH]c1=O,,,-4.966576244513051,val
CC(C)[C@H](C[C@H]1OC(=O)NC1=O)c1ccc(-c2ccc3cccc(F)c3c2)[nH]c1=O,,,-4.987162775294828,train
CC(C)[C@H](C[C@H]1SC(=O)NC1=O)c1ccc(-c2ccc3cccc(F)c3c2)[nH]c1=O,,,-4.7544873321858505,train
CC(C)[C@H](N)C(=O)OC[C@H]1O[C@@](C#N)(c2ccc3c(N)ncnn23)[C@H](O)[C@@H]1O,-6.259637310505756,,,train
CC(C)[C@H](N)CC(=S)N[C@@H](C)CC(=O)O,-6.122628654130226,,,test
CC(C)[C@H](N/C(=N\S(=O)(=O)c1ccc(Cl)cc1)N1CC(c2ccccc2)C(c2ccc(Cl)cc2)=N1)C(N)=O,,,-5.966576244513051,train
CC(C)[C@H](NC(=O)CNC(=O)[C@@H](N)CCCNC(=N)N)C(=O)N[C@@H](C)C(=O)N[C@@H](CCCNC(=N)N)C(=O)N[C@@H](CCCNC(=N)N)C(=O)N[C@@H](CC(=O)O)C(=O)N[C@@H](Cc1ccc(O)cc1)C(=O)N[C@@H](CCCNC(=N)N)C(=O)NCC(=O)N[C@@H](CC(=O)O)C(=O)N1CCC[C@H]1C(=O)NCC(=O)N[C@@H](Cc1ccccc1)C(=O)N[C@@H](CC(=O)O)C(=O)N[C@@H](Cc1ccc(O)cc1)C(=O)N[C@@H](Cc1c[nH]c2ccccc12)C(=O)N[C@@H](Cc1cnc[nH]1)C(=O)N[C@@H](Cc1c[nH]c2ccccc12)C(=O)N[C@@H](CCC(=O)O)C(=O)O,,-8.585026652029182,,val
CC(C)[C@H](NC(=O)CNC(=O)[C@H](CO)NC(=O)[C@H](CO)NC(=O)[C@H](CC(=O)O)NC(=O)[C@@H]1CCCN1C(=O)[C@H](CO)NC(=O)[C@H](Cc1c[nH]c2ccccc12)NC(=O)[C@@H](NC(=O)[C@H](Cc1c[nH]c2ccccc12)NC(=O)[C@@H](N)CCCNC(=N)N)C(C)C)C(=O)N[C@@H](C)C(=O)N[C@@H](Cc1ccc(O)cc1)C(=O)N[C@@H](Cc1c[nH]c2ccccc12)C(=O)N[C@H](C(=O)N[C@@H](Cc1c[nH]c2ccccc12)C(=O)N[C@@H](CCC(=O)O)C(=O)O)C(C)C,,-9.045757490560677,,train
CC(C)[C@H](NC(=O)c1ccc(-c2ccc(CSc3nc4c(c(=O)[nH]3)CCC4)c(F)c2)o1)C(=O)N[C@@H]1CCCC[C@H]1O,,-8.468521082957745,,val
CC(C)[C@H](Nc1ccc2c(c1)OCCn1cc(N3C(=O)OC[C@H]3C(F)(F)F)nc1-2)C(N)=O,,,-5.721246399047171,test
CC(C)[C@H]1CC[C@@H](N2CCC(N3CCc4ccccc43)CC2)CC1,-4.522878745280337,,,train
CC(C)[C@H]1CC[C@@H](N2CCC(n3cc(CCN)c4ccccc43)CC2)CC1,-5.360513510731414,,,val
CC(C)[C@H]1CC[C@@H](N2CCC(n3cc(CN)c4ccccc43)CC2)CC1,-5.333482019445119,,,train
CC(C)[C@H]1CC[C@@H](N2CCC(n3ccc4ccccc43)CC2)CC1,-4.619788758288394,,,train
CC(C)[C@](C)(NCc1ccc2ncccc2c1)c1cn(C(CCS(C)(=O)=O)C(=O)COc2c(F)c(F)cc(F)c2F)nn1,,,-5.45717457304082,test
CC(C)c1c(C(=O)Nc2ccccc2)c(-c2ccccc2)c(-c2ccc(F)cc2)n1CC[C@@H](O)C[C@@H](O)CC(=O)O,,,-5.2839966563652006,train
CC(C)c1c[nH]c2ncnc(N[C@H]3CC[C@H](N(C)C)CC3)c12,-5.0,,,train
CC(C)c1cc(C(=O)N2CC=C(c3cc4ncccc4[nH]3)CC2)on1,,-5.812479279163537,,val
CC(C)c1cc(C(=O)N2CCc3nc(OCCCN(C)C)ncc3C2)c(O)cc1O,,-5.381951903287908,,train
CC(C)c1cc(C(=O)N2CCc3nc(OCCN(C)C)ncc3C2)c(O)cc1O,,-5.488116639021126,,train
CC(C)c1cc(C(=O)N2CCc3nc(OCCN4CCCC4)ncc3C2)c(O)cc1O,,-5.51427857351842,,train
CC(C)c1cc(C(=O)N2CCc3nc(OCCN4CCCCC4)ncc3C2)c(O)cc1O,,-4.689094370623859,,train
CC(C)c1cc(C(=O)N2CCc3nc(OCCN4CCOCC4)ncc3C2)c(O)cc1O,,-4.519274621011513,,train
CC(C)c1cc(C(=O)N2Cc3ccc(CN4CCN(C)CC4)cc3C2)c(O)cc1O,,-4.128894299014415,,train
CC(C)c1cc(COc2ccccc2CC(=O)O)cc(-c2ccc3c(c2)[C@H](N)CO3)c1,-5.154901959985743,,,train
CC(C)c1cc(N2CC[C@@H](N)C2)nc(N)n1,-4.638272163982407,,,test
CC(C)c1ccc(/C=C/c2nc(NCCN(C)C)c3cc(Cl)ccc3n2)cc1,,-6.136677139879544,,train
CC(C)c1ccc(/C=C/c2nc(NCCN(C)C)c3cc(F)ccc3n2)cc1,,-5.471083299722346,,train
CC(C)c1ccc(/C=C/c2nc(NCCN(C)C)c3ccccc3n2)cc1,,-5.23284413391782,,train
CC(C)c1ccc(C(=O)O[C@H]2CN(C(=O)OC(C)(C)C)C[C@@H]2Nc2nc3cc(F)ccc3[nH]2)cc1,,,-5.638272163982407,train
CC(C)c1ccc(CC(=O)N2CCN(c3ccc(C#N)nn3)CC2)cc1,-6.519993057042849,-3.384049948343599,,train
CC(C)c1ccc(NC(=O)N2CCN(c3ccc(C#N)nn3)CC2)cc1,-6.614393726401688,-3.500312917381596,,train
CC(C)c1ccc2[nH]c3c(c(=O)c2c1)CCCC3,,-4.0,,train
CC(C)c1cccc(-c2c(C(=O)O)c(N(C)C)nc3ccc(Cl)cc23)c1,,-5.189095719331299,,train
CC(C)c1cccc(C(C)C)c1OC(=O)C[C@H](NC(=S)[C@H](C)N)C(=O)O,-6.301029995663981,,,train
CC(C)c1cccc(C2CCN(CCc3cnn(-c4nccc5c(=O)[nH]cnc45)c3)CC2)c1,-4.9677842967020185,,,train
CC(C)c1cccc(CN[C@H]2CS(=O)(=O)C[C@@H](Cc3ccc(O)c(Br)c3)[C@@H]2O)c1,,,-4.958607314841775,train
CC(C)c1cccc(CN[C@H]2CS(=O)(=O)C[C@@H](Cc3ccc(O)c(CCO)c3)[C@@H]2O)c1,,,-6.045757490560675,train
CC(C)c1cccc(CN[C@H]2CS(=O)(=O)C[C@@H](Cc3ccc(O)c(CO)c3)[C@@H]2O)c1,,,-5.744727494896694,train
CC(C)c1cccc(CN[C@H]2CS(=O)(=O)C[C@@H](Cc3ccc(O)cc3)[C@@H]2O)c1,,,-5.045757490560675,test
CC(C)c1cccc(CN[C@H]2CS(=O)(=O)C[C@@H](Cc3cccc(Br)c3)[C@@H]2O)c1,,,-5.267606240177032,test
CC(C)c1cccc(CN[C@H]2CS(=O)(=O)C[C@@H](Cc3ccccc3)[C@@H]2O)c1,,,-4.721246399047171,train
CC(C)c1ccccc1-c1nc(NCc2ccccn2)c2c(ccn2C)n1,-3.913640169325252,,,train
CC(C)c1ccccc1-c1nc(NCc2ccccn2)c2ccccc2n1,-4.040958607678906,,,train
CC(C)c1ccn2ncnc(N[C@H]3CC[C@H](N(C)C)CC3)c12,-4.585026652029182,,,train
CC(C)c1ccn2ncnc(N[C@H]3CC[C@H](N4CCOCC4)CC3)c12,-4.346787486224656,,,train
CC(C)c1cnc(NC(=O)c2cc(Cl)ccc2O)s1,,-3.9318141382538383,,train
CC(C)c1coc(-c2cccc(CNc3ccc4[nH]nc(C(=O)O)c4c3)c2O)n1,,,-5.443697499232713,train
CC(C)c1csc(-c2cccc(CN(C)c3ccc4[nH]nc(C(=O)O)c4c3)c2)n1,,,-5.070581074285707,train
CC(C)c1csc(-c2cccc(CN(C)c3ccc4[nH]nc(C(=O)O)c4c3)c2O)n1,,,-7.301029995663981,train
CC(C)c1csc(-c2cccc(CNc3ccc4[nH]nc(C(=O)O)c4c3)c2O)n1,,,-5.823908740944319,train
CC(C)c1n[nH]c2c(=O)[nH]c(C[C@@H]3CCCC[C@H]3NC(=O)CC3CCOCC3)nc12,,,-6.1249387366083,test
CC(C)c1n[nH]c2c(=O)[nH]c(C[C@@H]3CCCC[C@H]3NC(=O)CN3CCCC3)nc12,,,-6.301029995663981,train
CC(C)c1n[nH]c2c(=O)[nH]c(C[C@@H]3CCCC[C@H]3NC(=O)NCCCN3CCOCC3)nc12,,,-6.154901959985743,train
CC(C)c1n[nH]c2c(=O)[nH]c(C[C@@H]3CCCC[C@H]3Nc3ncccn3)nc12,,,-4.886056647693163,train
CC(C)c1n[nH]c2c(=O)[nH]c(C[C@@H]3CCCC[C@H]3OCCN3CCOCC3)nc12,,,-5.200659450546419,train
CC(C)c1n[nH]c2c(=O)[nH]c(Cc3cccc(Cl)c3)nc12,,,-4.769551078621726,val
CC(C)c1n[nH]c2c(=O)[nH]c(Cc3ccccc3OC(F)(F)F)nc12,,,-4.966576244513051,train
CC(C)c1n[nH]c2c(=O)[nH]c(Cc3ccccc3OCCN3CCOCC3)nc12,,,-4.823908740944319,train
CC(C)c1n[nH]c2cc(OCCNC[C@H](O)c3cccc(NS(C)(=O)=O)c3)ccc12,,,-5.3872161432802645,train
CC(C)c1nc(CN(C)C(=O)N[C@H](C(=O)N[C@@H](Cc2ccccc2)C[C@H](O)[C@H](Cc2ccccc2)NC(=O)OCc2cncs2)C(C)C)cs1,-5.6777807052660805,,-5.00436480540245,train
CC(C)c1nc(N(C)S(C)(=O)=O)nc(-c2ccc(F)cc2)c1/C=C/[C@@H](O)C[C@@H](O)CC(=O)O,-6.301029995663981,,-6.050609993355088,train
CC(C)c1nc(N2CCN(c3ncc(OCc4ccncc4C#N)cn3)[C@H](C)C2)no1,-4.823908740944319,,,train
CC(C)c1nc2ccc(Cl)cc2c(-c2ccccc2)c1C(=O)O,,-5.707743928643524,,train
CC(C)c1nn(C(C)C)c2cc(Nc3ccnc(-c4cnn(S(=O)(=O)C5CC5)c4)n3)ncc12,,,-5.4089353929735005,train
CC(C)c1nn(C)c2c(=O)[nH]c(Cc3ccccc3OCCN3CCOCC3)nc12,,,-4.468521082957745,train
CC(C)c1nnc(N2CCN(c3ncc(OCc4ccncc4C#N)cn3)[C@H](C)C2)o1,-4.795880017344075,,,train
CC(C)c1nnc(NC(=O)NC23CC4CC(CC(C4)C2)C3)o1,,-3.4775557664936803,,train
CC(C)c1nnc(NC(=O)NC2C3CC4CC(C3)CC2C4)o1,,-3.315154638355588,,train
CC(C)c1nnc2ccc(-c3[nH]cnc3-c3cc(F)ccc3F)cn12,-6.0,,,test
CC(C)c1nnc2ccc(-c3c[nH]nc3-c3cc(F)ccc3F)cn12,-5.221848749616356,,,train
CC(C)c1nnc2ccc(-c3cnoc3-c3cc(F)ccc3F)cn12,-4.3872161432802645,,,train
CC(C)c1nnc2ccc(-c3ocnc3-c3cc(F)ccc3F)cn12,-4.366531544420414,,,train
CC(C)c1nnc2n1C[C@H](C)N(C(=O)c1cccc(C(F)(F)c3n[nH]c(=O)c4ccccc34)c1)C2,-5.3979400086720375,,,val
CC(C)c1noc(-c2cccc(CNc3ccc4[nH]nc(C(=O)O)c4c3)c2O)n1,,,-5.431798275933005,train
CC(C)c1noc(N2CCN(c3ncc(OCc4ccncc4C#N)cn3)[C@H](C)C2)n1,-4.769551078621726,,,val
CC(C)c1onc(-c2c(Cl)cncc2Cl)c1COc1ccc(/C=C/c2cccc(C(=O)O)c2)c(Cl)c1,,-7.045757490560675,,train
CC(C)n1c(/C=C/C(O)CC(O)CC(=O)O)c(-c2ccc(F)cc2)c2ccccc21,-5.823908740944319,,,train
CC(C)n1c(/C=C/[C@@H](O)C[C@@H](O)CC(=O)O)c(-c2ccc(F)cc2)c2ccccc21,,,-4.958607314841775,train
CC(C)n1cc(-c2nc3c(-c4ccc5c(c4)CCC[C@@H]5NC(=O)c4nc(C(C)(C)C)no4)ccnc3[nH]2)cn1,-5.585026652029182,,,train
CC(C)n1cc(C(=O)NC2CCOCC2)c2cnc(Nc3ccnc(-c4cnn(S(=O)(=O)C5CC5)c4)n3)cc21,,,-5.337242168318426,train
CC(C)n1cc(C(=O)NC2COC2)c2cnc(Nc3ccnc(-c4cnn(S(=O)(=O)C5CC5)c4)n3)cc21,,,-5.638272163982407,test
CC(C)n1cc(C(N)=O)c2cnc(Nc3ccnc(-c4cnn(S(=O)(=O)C5CC5)c4)n3)cc21,,,-5.346787486224656,train
CC(C)n1cc(Nc2nc(N[C@H]3CC[C@H](N(C)C)CC3)c3cccn3n2)cn1,-5.075720713938119,,,train
CC(C)n1cc(S(=O)(=O)c2ccc(CNC(=O)N3Cc4ccncc4C3)cc2)cn1,,,-5.3872161432802645,train
CC(C)n1cc(S(=O)(=O)c2ccc(CNC(=O)c3cc4ccncc4o3)cc2)cn1,,,-4.853871964321762,train
CC(C)n1cc(S(=O)(=O)c2ccc(CNC(=O)c3cc4ccncc4o3)nc2)cn1,,,-4.795880017344075,train
CC(C)n1cc(S(=O)(=O)c2ccc(CNC(=O)c3cc4cnccc4[nH]3)nc2)cn1,,,-5.638272163982407,train
CC(C)n1cc(S(=O)(=O)c2ccc(NC(=O)[C@@H]3C[C@H]3c3cccnc3)cc2)cn1,,,-5.0,train
CC(C)n1cc(S(=O)(=O)c2ccc(NC(=O)[C@H]3C[C@@H]3c3cccnc3)cc2)cn1,,,-5.013228265733756,train
CC(C)n1ccc2ncnc(N[C@H]3CC[C@H](N(C)C)CC3)c21,-5.376750709602099,,,train
CC(C)n1nc(C#Cc2cccc(NC(=O)c3cccc(C(F)(F)F)c3)c2)c2c(N)ncnc21,-6.301029995663981,,,test
CC(C)n1nc(C#Cc2cccc3cc(-c4cccc(C(F)(F)F)c4)ncc23)c2c(N)ncnc21,-6.096910013008056,,,train
CC(C)n1nc(N)c2cnc(Nc3ccnc(-c4cnn(S(=O)(=O)C5CC5)c4)n3)cc21,,,-4.795880017344075,train
CC(C)n1nc(N)nc1-c1cn2c(n1)-c1ccc(N3CCC[C@H]3C(N)=O)cc1OCC2,,,-6.522878745280337,train
CC(C)n1nc(N)nc1-c1cn2c(n1)-c1ccc(O[C@@H](C)C(N)=O)cc1OCC2,,,-6.301029995663981,val
CC(C)n1nc(N2CC(C(C)(C)O)C2)c2cnc(Nc3ccnc(-c4cnn(S(=O)(=O)C5CC5)c4)n3)cc21,,,-4.698970004336019,train
CC(C)n1nc(N2CC(CO)C2)c2cnc(Nc3ccnc(-c4cnn(S(=O)(=O)C5CC5)c4)n3)cc21,,,-5.091514981121351,train
CC(C)n1nc(N2CCC(O)CC2)c2cnc(Nc3ccnc(-c4cnn(S(=O)(=O)C5CC5)c4)n3)cc21,,,-4.920818753952375,train
CC(C)n1nc(N2CCOCC2)c2cnc(Nc3ccnc(-c4cnn(S(=O)(=O)C5CC5)c4)n3)cc21,,,-4.920818753952375,train
CC(C)n1ncc2c1C(=O)CC1(CCN(C(=O)c3ccc4[nH]nc(C(N)=O)c4c3)CC1)C2,,,-5.443697499232713,train
CC(C)n1ncnc1-c1cc2c(s1)-c1ccc(C(N)=O)cc1OCC2,,,-4.698970004336019,train
CC(CCc1ccccc1)NCC(O)c1ccc(O)c(C(N)=O)c1,-4.916844521271488,,,train
CC(CF)N1CCc2nc(-c3cccc(OCC(=O)NC(C)(C)C)c3)nc(Nc3ccc(-c4cn[nH]c4)cc3)c2C1,-5.134896025358872,,,val
CC(CN(C)C)n1c(=O)c2cc(F)ccc2n2c(=S)[nH]nc12,,-3.730487055782084,,train
CC(CN1CC2CCC1C2)NCC(O)c1cc(C(F)(F)F)nc2c(C(F)(F)F)cccc12,,,-4.72584215073632,train
CC(CN1CCCC1)NCC(O)c1cc(C(F)(F)F)nc2c(C(F)(F)F)cccc12,,,-4.480172006224281,train
CC(CNC(=O)c1ccc2[nH]ccc2c1)c1cccc(C(=O)c2ccccc2)c1,-7.236572006437063,-6.283162276700476,,train
CC(CNC(C)(C)C)NCC(O)c1cc(C(F)(F)F)nc2c(C(F)(F)F)cccc12,,,-4.882728704344236,train
CC(CNC1CCC1)NCC(O)c1cc(C(F)(F)F)nc2c(C(F)(F)F)cccc12,,,-4.982966660701219,train
CC(CNC1CCCC1)NCC(O)c1cc(C(F)(F)F)nc2c(C(F)(F)F)cccc12,,,-4.954677021213342,train
CC(CNC1CCCCC1)NCC(O)c1cc(C(F)(F)F)nc2c(C(F)(F)F)cccc12,,,-5.017728766960432,test
CC(Cc1ccc(O)cc1)NCC(O)c1cc(O)cc(O)c1,-6.568636235841013,,-6.3928430512878,train
CC(Cl)C(=O)Nc1cccc(-c2nc3ccccc3s2)c1,,-3.114073660198569,,train
CC(Cn1ncc2c(Nc3cc(O)ccc3Cl)nc(NCCN)nc21)c1ccccc1,,-5.657577319177793,,train
CC(Cn1ncc2c(Nc3cc(O)ccc3Cl)nc(NCCO)nc21)c1ccccc1,,-7.0,,train
CC(Cn1ncc2c(Nc3cc(O)ccc3Cl)nc(SCCN3CCOCC3)nc21)c1ccccc1,,-4.950781977329818,,val
CC(Cn1ncc2c(Nc3cccc(Cl)c3)ncnc21)c1ccccc1,,-4.869666231504994,,train
CC(Cn1ncc2c(Nc3cccc(O)c3)nc(NCCO)nc21)c1ccccc1,,-6.698970004336019,,train
CC(Cn1ncc2c(Nc3cccc(O)c3)nc(SCCN3CCOCC3)nc21)c1ccccc1,,-5.166852888087215,,train
CC(F)(F)CNC(=O)N1Cc2nc(N)nc(-c3c(Cl)cc(Cl)cc3OCCn3cccn3)c2C1,-5.920818753952375,,,train
CC(F)(F)COc1ncncc1CNc1ncc(C#N)c(N[C@@H]2CC[C@H](O)C(C)(C)C2)n1,-4.568636235841013,,,train
CC(F)CN1C[C@H]2C[C@@H](N(Cc3cccc(OC(F)(F)F)c3)C(=O)c3cn(C)cn3)C[C@H]2C1,,,-4.339134521996131,train
CC(N)c1ccc(-c2cnc3c(-c4ccc(S(N)(=O)=O)c5ccccc45)cnn3c2)cc1,,-4.847711655616943,,train
CC(Nc1cc(=O)n(C)c2ccc(Nc3ccnc(Cl)c3C#N)cc12)c1ncc(C2CC2)cn1,,-4.853871964321762,,train
CC(Nc1cc(=O)n(C)c2ccc(Nc3ccnc(Cl)c3C#N)cc12)c1ncccn1,,-5.698970004336019,,train
CC(Nc1cc(=O)n(C)c2ccc(Nc3ccnc(Cl)c3C#N)cc12)c1ncco1,,-6.0,,test
CC(Nc1cc(=O)n(C)c2ccc(Nc3ccnc(Cl)c3C#N)cc12)c1ncn(C)n1,,-5.744727494896694,,train
CC(Nc1cc(=O)n(CC2CC2)c2ccc(Nc3ccnc(Cl)c3C#N)cc12)c1ncccn1,,-5.070581074285707,,val
CC(Nc1cc(=O)n(CC2CCC2)c2ccc(Nc3ccnc(Cl)c3C#N)cc12)c1ncccn1,,-4.6777807052660805,,train
CC(Nc1cc(F)cc(F)c1)c1cc(C(=O)N(C)CCO)cc2c(=O)cc(N3CCOCC3)oc12,-6.0,,,train
CC(Nc1cc(F)cc(F)c1)c1cc(C(=O)N2CCC(O)CC2)cc2c(=O)cc(N3CCOCC3)oc12,-6.0,,,train
CC(Nc1cc(F)cc(F)c1)c1cc(C(=O)N2CCCC2)cc2c(=O)cc(N3CCOCC3)oc12,-5.070581074285707,,,train
CC(Nc1cc(F)cc(F)c1)c1cc(C(=O)N2CCOCC2)cc2c(=O)cc(N3CCOCC3)oc12,-5.318758762624413,,,val
CC(Nc1cc(F)ccc1F)c1cc(C(=O)N(C)C)cc2c(=O)cc(N3CCOCC3)oc12,-4.920818753952375,,,train
CC(Nc1cccc(F)c1F)c1cc(C(=O)N(C)C)cc2c(=O)cc(N3CCOCC3)oc12,-4.886056647693163,,,train
CC(Nc1ccccc1)c1cc(C(=O)N(C)C)cn2c(=O)cc(N3CCOCC3)nc12,-7.397940008672037,,,train
CC(Nc1ccccc1)c1cc(C(=O)N(C)CC(=O)O)cn2c(=O)cc(N3CCOCC3)nc12,-4.570247719997592,,,train
CC(Nc1ccccc1)c1cc(C(=O)N(C)CCO)cn2c(=O)cc(N3CCOCC3)nc12,-4.450996737974212,,,train
CC(Nc1ccccc1)c1cc(C(=O)N2CCOCC2)cn2c(=O)cc(N3CCOCC3)nc12,-5.366531544420414,,,train
CC(Nc1ccccc1)c1cc(C(=O)NCCN(C)C)cn2c(=O)cc(N3CCOCC3)nc12,-6.0,,,train
CC(Nc1ccccc1)c1cc(C(=O)NCCN2CCNCC2)cn2c(=O)cc(N3CCOCC3)nc12,-6.00436480540245,,,train
CC(Nc1ccccc1)c1cc(C(=O)O)cn2c(=O)cc(N3CCOCC3)nc12,-4.187086643357144,,,train
CC(O)(COc1ccc(C#N)cc1C(F)(F)F)C(=O)Nc1ccc([N+](=O)[O-])c(C(F)(F)F)c1,-5.361510743045363,,,train
CC(O)(COc1ccc(C(F)(F)F)cc1)C(=O)Nc1ccc(C#N)c(C(F)(F)F)c1,-5.293282217663242,,,train
CC(O)(COc1ccc(O)cc1)C(=O)Nc1ccc(C#N)c(C(F)(F)F)c1,,-5.853871964321762,,train
CC(O)(COc1ccc(OCCOCCOCCOCCOc2cccc3c2C(=O)N(C2CCC(=O)NC2=O)C3=O)cc1)C(=O)Nc1ccc(C#N)c(C(F)(F)F)c1,,-6.522878745280337,,train
CC(O)(COc1ccc(OCCOCCOCCOCCOc2cccc3c2CN([C@H]2CCC(=O)NC2=O)C3=O)cc1)C(=O)Nc1ccc(C#N)c(C(F)(F)F)c1,,-6.3979400086720375,,train
CC(O)(CS(=O)(=O)c1ccc(F)cc1)C(=O)Nc1ccc(C#N)c(C(F)(F)F)c1,,-4.6020599913279625,,train
CC(O)(CS(=O)(=O)c1ccccc1C(F)(F)F)C(=O)Nc1ccc([N+](=O)[O-])c(C(F)(F)F)c1,-4.876148359032914,,,train
CC(O)(CSc1cccc(C(F)(F)F)c1)C(=O)Nc1ccc(C#N)c(C(F)(F)F)c1,-5.406713932979542,,,train
CC(O)(CSc1cccc(C(F)(F)F)c1)C(=O)Nc1ccc([N+](=O)[O-])c(C(F)(F)F)c1,-5.301029995663981,,,train
CC(O)(CSc1ccccc1C(F)(F)F)C(=O)Nc1ccc(C#N)c(C(F)(F)F)c1,-5.511449283499556,,,train
CC(O)(CSc1ccccc1C(F)(F)F)C(=O)Nc1ccc([N+](=O)[O-])c(C(F)(F)F)c1,-5.46344155742847,,,train
CC(O)(c1ccc(S(=O)(=O)C2SC(N3CCCCC3)=NC2C(F)(F)F)cc1)C(F)(F)F,,,-5.522878745280337,train
CC(O)c1ccc(N(C)S(=O)(=O)c2cccc(C(=O)Nc3ccc(C#N)cc3)c2)cc1,-4.482804102050026,,,test
CC(O)c1ccc2c(NCc3ccc(NC(=O)c4ccc(F)cc4)cc3)nc(N(C)C)nc2c1,,-7.0,,train
CC(OC(=O)N1C[C@@H]2[C@@H](CNC(=O)c3ccc4[nH]c(=O)oc4c3)[C@@H]2C1)c1cc(Cl)cc(Cl)c1,-3.9281179926938745,,,train
CC(Oc1cc(Cl)ccc1Cl)c1nc(N)nc(N2CCN(C)CC2)n1,,-4.7447274948966935,,train
CC(Oc1ccccc1)c1cc(C(=O)N(C)CCO)cn2c(=O)cc(N3CCOCC3)nc12,-7.301029995663981,,,train
CC(Sc1nnc(-c2ccc(NC(=O)c3ccc(Cl)c(Cl)c3)cc2)n1C)C(=O)O,-7.698970004336019,,,train
CC(c1cc2cccnc2cc1F)n1cnc2ncc(-c3ccc(C(N)=O)c(F)c3)nc21,-4.08460016478773,,,train
CC(c1cc2cccnc2cc1F)n1cnc2ncc(-c3cnn(C)c3)nc21,-4.405607449624573,,,val
CC(c1ccc(-c2cnc3c(-c4ccc(S(N)(=O)=O)c5ccccc45)cnn3c2)cc1)N1CCCC1,,-2.95233580539844,,train
CC(c1nc2c(oc3ccc(Br)cc32)c(=O)[nH]1)N1CCN(C)CC1,,,-6.336299074610352,train
CC/C(=C(/c1ccc(/C=C/C(=O)O)cc1)c1ccc2[nH]ncc2c1)c1ccc(F)cc1Cl,,,-5.638272163982407,train
CC/C(=C(\c1ccccc1)c1ccc(OCCN(C)C)cc1)c1ccccc1,,,-6.698970004336019,train
CC1(C(=O)O)CCN(c2cc(N3CCC[C@@H](C(=O)NCCc4ccc(C#N)cc4)C3)nc(C(F)(F)F)n2)CC1,-5.991399828238083,,,train
CC1(C(=O)O)CCN(c2ccc3c(=O)c4cccc(Cl)c4oc3c2)C1,,-5.692503962086787,,test
CC1(C)C(=O)N(c2ccc(C#N)c(C(F)(F)F)c2)C(=S)N1c1ccc(O)cc1,,-5.337242168318426,,train
CC1(C)C(=O)N(c2ccc(C#N)c(C(F)(F)F)c2)C(=S)N1c1ccc(OCCOCCOCCOCCOC23CC4CC(CC(C4)C2)C3)cc1,-6.823908740944319,-6.0,,train
CC1(C)C(=O)N(c2ccc(C#N)c(C(F)(F)F)c2)C(=S)N1c1ccc(OCCOCCOCCOCCOc2cccc3c2C(=O)N(C2CCC(=O)NC2=O)C3=O)cc1,-5.769551078621726,-6.0,,train
CC1(C)C(=O)N(c2ccc(C#N)c(C(F)(F)F)c2)C(=S)N1c1cccc(S(N)(=O)=O)c1,,-5.091514981121351,,test
CC1(C)C(=O)N(c2ccc(C#N)c(C(F)(F)F)c2)C(=S)N1c1cccc(S(N)(=O)=O)n1,,-4.853871964321762,,train
CC1(C)C(=O)N(c2ccc(C#N)c(C(F)(F)F)c2)C(=S)N1c1ccccc1,,-6.161150909262744,,train
CC1(C)C(=O)N(c2ccc(C#N)c(C(F)(F)F)c2)C(=S)N1c1ccnc(S(N)(=O)=O)c1,,-4.920818753952375,,train
CC1(C)C(=O)N(c2ccc(C#N)c(C(F)(F)F)c2)C(=S)N1c1cncc(S(N)(=O)=O)c1,,-4.853871964321762,,test
CC1(C)C(=O)N(c2ccc(C#N)c(Cl)c2)C(=S)N1CCCS(N)(=O)=O,,-4.6020599913279625,,test
CC1(C)C(=O)N(c2ccc(C#N)c(Cl)c2)C(=S)N1c1cccc(S(N)(=O)=O)c1,,-5.795880017344075,,test
CC1(C)C(=O)N(c2ccc(C#N)c(Cl)c2)C(=S)N1c1cccc(S(N)(=O)=O)n1,,-5.886056647693163,,train
CC1(C)C(=O)N(c2ccc(C#N)c(Cl)c2)C(=S)N1c1cncc(S(N)(=O)=O)c1,,-4.886056647693163,,train
CC1(C)C(=O)NC(=O)N1c1cn2c(n1)-c1ccc(N3CCC[C@H]3C(N)=O)cc1OCC2,,,-6.522878745280337,train
CC1(C)C2=C3CC4C5=[N+](CCC4OC3CCN2c2ccc(CC(=O)NCCCCCCN(CCOc3ccc(NS(C)(=O)=O)cc3)CCc3ccc(NS(C)(=O)=O)cc3)cc21)c1ccc(S(=O)(=O)[O-])cc1C5(C)C,-5.267606240177032,,,train
CC1(C)CC(=O)c2c(C(F)(F)F)nn(-c3ccc(C(N)=O)c(N[C@H]4CC[C@H](O)CC4)c3)c2C1,-5.958607314841775,,,train
CC1(C)CC(COc2ccc(Oc3cccc(-c4ccncn4)c3C#N)c(Cl)c2)CC(C)(C)N1,-6.301029995663981,,,train
CC1(C)CC(NC(=O)c2ccc(Oc3cccc(-c4ccnnc4)c3C#N)c(Cl)c2)CC(C)(C)N1,-6.721246399047171,,,train
CC1(C)CC(NC(=O)c2ccc(Oc3cccc(-c4ccnnc4)c3C#N)c(Cl)c2)CC(C)(C)O1,-4.6595558851598815,,,train
CC1(C)CC(OC(=O)c2ccc(Oc3cccc(-c4ccnnc4)c3C#N)c(Cl)c2)CC(C)(C)N1,-4.690369832574102,,,train
CC1(C)CC(c2c[nH]c3c(C(N)=O)cc(-c4ccccc4)cc23)CCS1(=O)=O,,-6.481486060122113,,train
CC1(C)CC2CC(C)(CN2C(=O)c2sc(-c3ccc(S(C)(=O)=O)c([N+](=O)[O-])c3)nc2C(F)(F)F)C1,,-5.096910013008056,,train
CC1(C)CCC2=C(O1)c1ccccc1C(=O)C2=O,,-4.333482019445119,,train
CC1(C)CCN(Cc2ccc(C(=O)NC[C@]3(O)CCCN(c4cc(NCc5ccccc5)ncn4)C3)c(O)c2)CC1,-4.928117992693875,,,train
CC1(C)CCN(Cc2ccc(N3CC(=O)NC4(CCN(c5cc(NC6CC6)ncn5)CC4)C3)cc2)CC1,-5.3979400086720375,,,train
CC1(C)CCN(Cc2ccc(N3CC(=O)NC4(CCN(c5cc(NCc6ccccc6)ncn5)CC4)C3)cc2)CC1,-5.045757490560675,,,train
CC1(C)CCN(Cc2ccc(N3CC(=O)NC4(CCN(c5cc(NCc6ccccc6)ncn5)CC4)C3)cn2)CC1,-5.698970004336019,,,train
CC1(C)CCN(Cc2ccc(N3CC(=O)NC4(CCN(c5ncnc6[nH]ccc56)CC4)C3)cc2)CC1,-5.698970004336019,,,train
CC1(C)CCN(Cc2ccc(N3CCOC4(CCN(c5cc(NCc6ccccc6)ncn5)CC4)C3)cn2)CC1,-4.823908740944319,,,train
CC1(C)CCN(Cc2ccc(NCC3(O)CCN(c4cc(NCc5ccccc5)ncn4)CC3)cn2)CC1,-5.096910013008056,,,train
CC1(C)CC[C@H](Nc2ncc(C(F)(F)F)c(-c3c[nH]c4c(P(C)(C)=O)c(C#N)ccc34)n2)CN1,,,-5.407823242604133,train
CC1(C)CCc2[nH]c3c(Cl)cccc3c(=O)c2C1,,-3.3695721249749764,,train
CC1(C)CCc2[nH]c3cc(Cl)ccc3c(=O)c2C1,,-4.2076083105017466,,val
CC1(C)CCc2[nH]c3ccc(Cl)cc3c(=O)c2C1,,-4.200659450546419,,train
CC1(C)CCc2[nH]c3cccc(Cl)c3c(=O)c2C1,,-3.9318141382538383,,train
CC1(C)CCc2[nH]c3ccccc3c(=O)c2C1,,-4.366531544420414,,train
CC1(C)CCc2c(C(=O)Nc3cnn(Cc4ccccc4)c3)n[nH]c2C1,,,-5.119186407719209,train
CC1(C)CCc2c(C(=O)Nc3cnn([C@@H](CCS(C)(=O)=O)c4ccccc4)c3)n[nH]c2C1,,,-5.494850021680094,train
CC1(C)CCc2c(C(=O)Nc3cnn([C@H](c4ccccc4)C4CCNCC4)c3)n[nH]c2C1,,,-7.0,test
CC1(C)CCc2c(C(=O)Nc3cnn([C@H](c4ccccc4)C4CC[S+]([O-])CC4)c3)n[nH]c2C1,,,-5.721246399047171,test
CC1(C)CCc2c([nH]c3c(Cl)cccc3c2=O)C1,,-3.39040559077478,,train
CC1(C)CCc2c([nH]c3ccc(Cl)cc3c2=O)C1,,-4.017728766960432,,train
CC1(C)CCc2c([nH]c3cccc(Cl)c3c2=O)C1,,-3.987162775294828,,train
CC1(C)CCc2c([nH]c3ccccc3c2=O)C1,,-4.366531544420414,,train
CC1(C)CCc2c(sc(NC(=O)c3cccc(OCCOCCOCCOCCC(=O)O)c3)c2C(=O)N/N=C/c2ccc(Cl)c(C(F)(F)F)c2)C1,,-6.251811972993799,,train
CC1(C)CCc2cc3c(=O)c4ccccc4oc3c(O)c2O1,-4.847711655616943,,,train
CC1(C)CN(CCC#N)C(=O)[C@@H]1Oc1ccc(C#N)c(C(F)(F)F)c1,,,-4.3979400086720375,train
CC1(C)CN([C@H]2CCCN(C[C@H]3COc4ccccc4O3)C2)C(=O)N1,-4.327902142064283,,,train
CC1(C)CN(c2ccc3c(=O)c4cccc(Cl)c4oc3c2)CC1C(=O)O,,-6.008773924307505,,train
CC1(C)CN2CCC[C@@]2(CNc2cc(F)c(S(=O)(=O)Nc3nccs3)cc2Cl)C1,,,-4.886056647693163,train
CC1(C)CN2CCC[C@]2(CNc2cc(F)c(S(=O)(=O)Nc3nccs3)cc2Cl)C1,,,-5.045757490560675,train
CC1(C)CNC[C@@H](Nc2ncc(C(F)(F)F)c(-c3c[nH]c4c(P(C)(C)=O)c(C#N)ccc34)n2)C1,,,-5.478861916295964,train
CC1(C)COP(=O)(c2ccc(C(F)(F)F)cc2)OC1,-4.136677139879544,,,train
CC1(C)COc2c(COc3ccccc3CC(=O)O)cc(-c3ccc4c(c3)[C@H](N)CO4)cc21,-4.920818753952375,,,train
CC1(C)C[C@H](c2c[nH]c3c(C(N)=O)cc(-c4ccc(F)cc4)cc23)CCS1(=O)=O,,-6.548213564475709,,train
CC1(C)Cc2c(c(C(=O)Nc3cc(C(F)(F)F)ccc3F)cc3nc(Nc4c(F)cccc4Cl)[nH]c23)O1,,-6.2076083105017466,,train
CC1(C)Cc2c(c(C(=O)Nc3ccc(C(F)(F)F)cn3)cc3nc(Nc4c(Cl)cccc4Cl)[nH]c23)O1,,-6.200659450546419,,train
CC1(C)Cc2c(c(C(=O)Nc3ccc(F)c(C(F)(F)F)c3)cc3nc(Nc4c(F)cccc4Cl)[nH]c23)O1,,-6.481486060122113,,train
CC1(C)Cc2c(c(C(=O)Nc3ccccc3C(F)(F)F)cc3nc(Nc4c(F)cccc4Cl)[nH]c23)O1,,-6.920818753952375,,train
CC1(C)Cc2cc(Cl)ccc2C(NC(Cc2ccccc2)c2n[nH]c(=O)[nH]2)=N1,,,-7.638272163982407,train
CC1(C)Cc2cc(Cl)ccc2C(N[C@@H](Cc2ccccc2)c2nc3ccncc3c(=O)[nH]2)=N1,,,-6.707743928643524,train
CC1(C)Cc2cc(Cl)ccc2C(N[C@@H](Cc2ccccc2)c2ncc(C#N)c(=O)[nH]2)=N1,,,-7.136677139879544,train
CC1(C)Cc2cc(Cl)ccc2C(N[C@@H](Cc2ccccc2)c2ncc(Cl)c(=O)[nH]2)=N1,,,-6.671620396561262,train
CC1(C)Cc2cc(Cl)ccc2C(N[C@@H](Cc2ccccc2)c2nccc(=O)[nH]2)=N1,,,-6.636388020107856,val
CC1(C)Cc2cc(Cl)ccc2C(N[C@@H](Cc2ccccc2)c2noc(=O)[nH]2)=N1,,,-7.585026652029182,train
CC1(C)Cc2cc(NC(=O)c3cnn4cc(C#N)cnc34)c(N3CCOCC3)cc2O1,,,-5.568636235841013,train
CC1(C)Cc2cc(NC(=O)c3cnn4cc(C(N)=O)cnc34)c(N3CCOCC3)cc2O1,,,-6.154901959985743,train
CC1(C)Cc2cc(NC(=O)c3cnn4cc(CO)cnc34)c(N3CCOCC3)cc2O1,,,-4.7447274948966935,train
CC1(C)Cc2cc(NC(=O)c3cnn4cc(O)cnc34)c(N3CCOCC3)cc2O1,,,-4.853871964321762,train
CC1(C)Cc2cc(NC(=O)c3cnn4cc(OC(F)F)cnc34)c(N3CCOCC3)cc2O1,,,-6.221848749616356,train
CC1(C)Cc2cc(NC(=O)c3cnn4cccnc34)c(N3CCC(CO)CC3)cc2O1,,,-4.795880017344075,train
CC1(C)Cc2cc(NC(=O)c3cnn4cccnc34)c(N3CCN(CC(N)=O)CC3)cc2O1,,,-5.585026652029182,train
CC1(C)Cc2cc(NC(=O)c3cnn4cccnc34)c(N3CCN(CCO)CC3)cc2O1,,,-5.086186147616283,train
CC1(C)Cc2cc(NC(=O)c3cnn4cccnc34)c(N3CCOCC3)cc2O1,,,-4.847754736113256,test
CC1(C)Cc2cccc(c2)OCCCC[C@@H](C(=O)NC2CCCC2)NC(=O)[C@H](CCN2CCOCC2)NC1=O,,-6.570247719997592,,train
CC1(C)NC(=O)Cn2c1nc(-c1ccc(F)cc1)c2Nc1ccc(F)c(Cl)c1,-5.492144128304169,,,train
CC1(C)NC(=O)N([C@H]2CCCN(C[C@H]3COc4ccccc4O3)C2)C1=O,-4.336299074610352,,,train
CC1(C)NC(=O)c2c(Cl)cc(Nc3cc(N)ncn3)c(=O)n21,-6.045757490560675,,,train
CC1(C)NC(=O)c2c(ccc(S(=O)(=O)Nc3ccc(C(F)(F)F)cc3)c2F)NC1=O,-5.3979400086720375,,,train
CC1(C)NC(=O)c2cc(S(=O)(=O)Nc3ccc(C(F)(F)F)cc3)c(F)cc2NC1=O,-5.301029995663981,,,val
CC1(C)NC(=O)c2cc(S(=O)(=O)Nc3ccc(C(F)(F)F)cc3)cc(F)c2NC1=O,-4.853871964321762,,,train
CC1(C)NC(=O)c2cc(S(=O)(=O)Nc3ccc(C(F)(F)F)cc3)ccc2NC1=O,-5.221848749616356,,,train
CC1(C)NC(=O)c2cc(S(=O)(=O)Nc3ccc(C(F)(F)F)cc3)cnc2NC1=O,-5.0,,,train
CC1(C)NC(=O)c2cc(S(=O)(=O)Nc3ccc(C(F)(F)F)cc3)ncc2NC1=O,-6.0,,,val
CC1(C)NC(=O)c2cc(S(=O)(=O)Nc3ccc(F)cc3F)cc(C#N)c2NC1=O,-5.522878745280337,,,train
CC1(C)NC(=O)c2cc(S(=O)(=O)Nc3ccc(F)cc3F)cc(C(F)(F)F)c2NC1=O,-4.337242168318426,,,test
CC1(C)NC(=O)c2cc(S(=O)(=O)Nc3ccc(F)cc3F)ccc2NC1=O,-5.301029995663981,,,val
CC1(C)OC(=O)N([C@H]2CCCN(C[C@H]3COc4ccccc4O3)C2)C1=O,-4.302770657240282,,,train
CC1(C)OCc2c(Nc3n[nH]c4c(C(F)(F)F)cccc34)nc(-c3cn[nH]c3)nc21,,,-5.070581074285707,train
CC1(C)OCc2c(Nc3n[nH]c4c(Cl)c(F)ccc34)nc(-c3cn[nH]c3)nc21,,,-5.136677139879544,test
CC1(C)OCc2c(Nc3n[nH]c4c(Cl)cccc34)nc(-c3cn[nH]c3)nc21,,,-5.022276394711152,val
CC1(C)OCc2c(Nc3n[nH]c4c(Cl)cccc34)nc(-c3cn[nH]c3C(F)F)nc21,,,-5.075720713938119,train
CC1(C)OCc2c(Nc3n[nH]c4cc(C(F)(F)F)ccc34)nc(-c3cn[nH]c3)nc21,,,-4.987162775294828,train
CC1(C)OCc2c(Nc3n[nH]c4ccccc34)nc(-c3cn[nH]c3)nc21,,,-5.173925197299174,train
CC1(C)O[C@@H]2[C@@H](CO[C@@]3(COS(N)(=O)=O)OC(C)(C)O[C@@H]23)O1,,-6.267606240177032,,train
CC1(C)O[C@H]2[C@@H](O1)[C@@H](CNCCCCCCn1c(-c3ccccc3)nc(-c3ccccc3)c1-c1ccccc1)O[C@@H]1OC(C)(C)O[C@@H]12,,-6.267606240177032,,train
CC1(C)SC(C(=O)O)C(C(=O)N[C@@H](CC(N)=O)C(=O)O)S1,-4.778585762157661,,,train
CC1(C)SC(C(=O)O)C(C(=O)O)S1,-4.863913902615903,,,test
CC1(C)[C@@H](O)C[C@H]1Nc1nc(NCc2cncnc2OCC(F)F)ncc1C#N,-4.958607314841775,,,train
CC1(C)c2cc(Cl)ccc2C(=O)N1c1cncc(N2CCN(S(C)(=O)=O)CC2)c1,,-5.219682687859849,,train
CC1(C)c2cc(Cl)ccc2C(=O)N1c1cncc(OC2CN(C(=O)c3ncccc3Cl)C2)c1,,-5.478861916295964,,test
CC1(C)c2cccc(C(=O)NO)c2CN1c1ccc(C(F)(F)F)cn1,,-4.920818753952375,,train
CC1(C)c2cccc(C(=O)NO)c2CN1c1ccc(C(F)(F)F)nc1,,-5.096910013008056,,train
CC1(C)c2cccc(C(=O)NO)c2CN1c1cnc(C(F)(F)F)cn1,,-4.886056647693163,,train
CC1(C)c2cccc(C(=O)NO)c2CN1c1nc2cc(C(F)(F)F)ccc2o1,,-5.154901959985743,,train
CC1(C)c2cccc(C(=O)NO)c2CN1c1nc2ccc(C(F)(F)F)cc2[nH]1,,-7.0,,train
CC1(C)c2cccc(C(=O)NO)c2CN1c1nc2ncccc2o1,,-6.154901959985743,,train
CC1(C)c2cccc(C(=O)NO)c2CN1c1ncc(C(F)(F)F)cn1,,-4.7447274948966935,,train
CC1(C)c2cccc(C(N)=O)c2CN1c1cnc(C(F)(F)F)cn1,,-4.769551078621726,,train
CC1(C)c2nc(-c3ccc(F)cc3)c(Nc3ccc(F)c(F)c3)n2CCN1C(=O)CN,-6.214670164989233,,,val
CC1(C)c2nc(-c3ccc(F)cc3)c(Nc3ccc(F)cc3)n2CCN1C(=O)CN,-5.8996294548824375,,,test
CC1(C2CC(=O)N(CCOc3ccc(F)c(C#N)c3)C2)CCNCC1,,-8.522878745280337,,train
CC1(CC(=O)N2CCC3(CC2)CC3CNC(=O)N2Cc3ccncc3C2)CCOCC1,,,-6.0,train
CC1(CC(=O)N2CCC3(CC2)CC3CNC(=O)N2Cc3ccncc3C2)COC1,,,-5.853871964321762,train
CC1(COc2cc(F)c(C(=O)NS(=O)(=O)C3CC3)cc2C2CC2)CCC(F)(F)CC1,,,-4.657577319177793,test
CC1(COc2cc(F)c(C(=O)NS(=O)(=O)C3CC3)cc2C2CC2)CCC2(CC1)CC2,,,-5.045757490560675,train
CC1(COc2cc(N3CCOCC3)sc2C(N)=O)COC1,,,-4.721246399047171,test
CC1(C[C@@H](O)C(=O)N2C[C@H]3C[C@H]3[C@H]2C(=O)NCc2cc(Cl)ccc2-n2cnnn2)CC1,-5.657577319177793,,,train
CC1(C[C@@H](O)C(=O)N2N=CC[C@H]2C(=O)NCc2cc(Cl)ccc2-n2cnnn2)CC1,-5.022276394711152,,,train
CC1(N)CCN(c2cnc3c(-c4cccc(Cl)c4Cl)n[nH]c3n2)CC1,,,-5.221848749616356,train
CC1(NC(=O)COc2cccc(-c3nc4c(c(Nc5ccc(-c6cn[nH]c6)cc5)n3)CN(C3CC3)CC4)c2)CC1,-4.921905849593589,,,train
CC1(NC(=O)COc2cccc(-c3nc4c(c(Nc5ccc(-c6cn[nH]c6)cc5)n3)CN(C3CCC3)CC4)c2)CC1,-4.9511699134716505,,,test
CC1(O)CC(CC(=O)N2CCC3(CC2)CC3CNC(=O)N2Cc3ccncc3C2)C1,,,-6.698970004336019,train
CC1(O)CCN(Cc2ccc(OC3CN(C(=O)c4nnc(-c5ccccc5)o4)C3)cc2)C1,-4.468521082957745,,,train
CC1(OC(=O)N2CCC(n3ncc(COc4ccc(C(N)=O)cc4F)c3C#N)CC2)CC1,,,-4.585026652029182,val
CC1(OC(=O)N2CCC3(CC2)CC3CNC(=O)N2Cc3ccncc3C2)CCC1,,,-4.823908740944319,train
CC1(OC(=O)N2CCC3(CC2)CC3CNC(=O)N2Cc3ccncc3C2)COC1,,,-4.958607314841775,train
CC1(OC(=O)N2CCC3(CC2)C[C@@H]3CNC(=O)N2Cc3ccncc3C2)COC1,,,-5.055517327849832,val
CC1(OC(=O)N2CCC3(CC2)C[C@H]3CNC(=O)N2Cc3ccncc3C2)COC1,,,-4.958607314841775,train
CC1([C@@H]2CC(=O)N(CCOc3ccc(F)c(C#N)c3)C2)CCS(=O)(=O)CC1,,-7.443697499232713,,train
CC1([C@@H]2CC(=O)N(CCOc3ccc(F)c(F)c3)C2)CCS(=O)(=O)CC1,,-6.769551078621726,,test
CC1(c2cc(NC(=O)c3ccc(Br)cn3)ccc2F)COCC(N)=N1,,-6.906578314837765,,train
CC1(c2cc(O)no2)CCNCC1,-6.3979400086720375,,,train
CC1(c2cccc(-c3cccc(Cl)c3)c2)N=C(N)CCO1,-5.6777807052660805,,,val
CC1(c2cccc(-c3cccnc3)c2)N=C(N)c2c(F)cccc2O1,-4.638272163982407,,,train
CC1(c2cccc(-c3cccnc3)c2)N=C(N)c2ccccc2O1,-4.769551078621726,,,train
CC1(c2cccc(-c3cncnc3)c2)N=C(N)CCS1,-4.6777807052660805,,,train
CC1(c2cccc(-c3cncnc3)c2)N=C(N)c2c(F)cccc2O1,-4.4089353929735005,,,train
CC1(c2cccc(-c3cncnc3)c2)N=C(N)c2ccccc2O1,-4.508638306165727,,,val
CC1(c2cccc(-c3cncnc3)c2)N=C(N)c2ccccc2S1,-4.4089353929735005,,,val
CC1(c2cccc(Cl)c2)CCN(CCc2cnn(-c3nccc4c(=O)[nH]cnc34)c2)CC1,-4.875169850586141,,,val
CC1(c2nc(C(=O)NCc3ccc(F)cc3)c(O)c(=O)[nH]2)CCCCN1,,-5.721246399047171,,train
CC1(n2cnc3cnc4[nH]ccc4c32)CCN(S(C)(=O)=O)CC1,,,-5.6020599913279625,val
CC1(n2nnc3cnc4[nH]ccc4c32)CCN(S(C)(=O)=O)CC1,,,-4.853871964321762,train
CC12CC3CC(NC(=O)N[C@H]4CC[C@H](Oc5ccc(C(=O)O)cc5)CC4)(CC(C1)c1ccccc13)C2,-8.0,,,train
CC1=C(C(=O)N(C)c2ccccc2)C(c2ccccc2Cl)N=C(Nc2nc3ccccc3o2)N1,,-3.692290076595193,,train
CC1=C(C(=O)N2CCOCC2)C(c2ccccc2Cl)N=C(Nc2nc3ccccc3o2)N1,,-2.9801777758322268,,train
CC1=C(C(=O)NCCN(C)C)C(c2ccccc2Cl)N=C(Nc2nc3ccccc3o2)N1,,-2.911155437272996,,train
CC1=C(C(=O)NCc2c(C)nn(C)c2C)C(c2ccc(C)cc2Cl)N=C(Nc2nc3ccc(F)cc3o2)N1,,-4.771856392402258,,train
CC1=C(C(=O)NCc2c(C)nn(C)c2C)C(c2ccc(C)cc2Cl)N=C(Nc2nc3cccc(N)c3o2)N1,,-3.8930615492618217,,train
CC1=C(C(=O)NCc2ccc(C(=O)O)cc2)C(c2ccccc2Cl)N=C(Nc2nc3ccccc3o2)N1,,-6.0,,train
CC1=C(C(=O)NCc2ccc(CO)cc2)C(c2ccccc2Cl)N=C(Nc2nc3ccccc3o2)N1,,-3.06183065360968,,train
CC1=C(C(=O)NCc2ccc(Cl)cc2)C(c2ccccc2Cl)N=C(Nc2nc3ccccc3o2)N1,,-4.58838029403677,,val
CC1=C(C(=O)NCc2cccc(C(=O)O)c2)C(c2ccccc2Cl)N=C(Nc2nc3ccccc3o2)N1,,-5.886056647693163,,train
CC1=C(C(=O)NCc2cccc(CO)c2)C(c2ccccc2Cl)N=C(Nc2nc3ccccc3o2)N1,,-3.0610801877552283,,train
CC1=C(C(=O)NCc2ccccc2CO)C(c2ccccc2Cl)N=C(Nc2nc3ccccc3o2)N1,,-2.865727243379371,,train
CC1=C(C(=O)NCc2ccccc2O)C(c2ccccc2Cl)N=C(Nc2nc3ccccc3o2)N1,,-4.714442690992226,,train
CC1=C(C(=O)NCc2ccccn2)C(c2ccccc2Cl)N=C(Nc2nc3ccccc3o2)N1,,-2.846490010699162,,val
CC1=C(C(=O)NCc2cccnc2)C(c2ccccc2Cl)N=C(Nc2nc3ccccc3o2)N1,,-2.903507109945639,,train
CC1=C(C(=O)NCc2cn(C)cn2)C(c2ccccc2Cl)N=C(Nc2nc3ccccc3o2)N1,,-3.0612801852176177,,train
CC1=C(C(=O)NCc2cn(C)cn2)[C@H](c2ccccc2Cl)N=C(Nc2nc3ccccc3o2)N1,,-3.0622314329500644,,test
CC1=C(C(=O)NCc2cncn2C)C(c2ccccc2Cl)N=C(Nc2nc3ccccc3o2)N1,,-4.005243055412372,,train
CC1=C(C(=O)NCc2cncs2)C(c2ccccc2Cl)N=C(Nc2nc3ccccc3o2)N1,,-3.2946495371142883,,train
CC1=C(C(=O)NCc2cnn(C(C)(C)C)c2)C(c2ccc(C)cc2Cl)N=C(Nc2nc3ccc(F)c(N)c3o2)N1,,-3.257117828562727,,train
CC1=C(C(=O)NCc2cnn(C)c2)C(c2ccc(C)cc2Cl)N=C(Nc2nc3ccc(F)c(C(=O)O)c3o2)N1,,-6.0,,train
CC1=C(C(=O)NCc2cnn(C)c2)C(c2ccc(C)cc2Cl)N=C(Nc2nc3ccc(F)c(N)c3o2)N1,,-3.3261754843158577,,train
CC1=C(C(=O)NCc2cnn(C)c2)C(c2ccc(C)cc2Cl)N=C(Nc2nc3cccc(N)c3o2)N1,,-4.049456188300026,,train
CC1=C(C(=O)NCc2cnn(C)c2)C(c2ccc(C)cc2Cl)N=C(Nc2nc3cccnc3o2)N1,,-3.449233699767185,,train
CC1=C(C(=O)NCc2cnn(C)c2)C(c2ccc(C)cc2Cl)N=C(Nc2nc3cnccc3o2)N1,,-3.8940812597136274,,train
CC1=C(C(=O)NCc2cnn(C)c2)C(c2ccc(C)cc2Cl)N=C(Nc2nc3ncccc3o2)N1,,-4.2017638236320645,,train
CC1=C(C(=O)NCc2cnn(C)c2)C(c2ccc(Cl)cc2Cl)N=C(Nc2nc3ccc(F)c(N)c3o2)N1,,-3.7780644001719943,,train
CC1=C(C(=O)NCc2cnn(C)c2)C(c2ccc(Cl)cc2Cl)N=C(Nc2nc3cccc(N)c3o2)N1,,-3.846490010699162,,train
CC1=C(C(=O)NCc2cnn(C)c2)C(c2ccc(F)cc2Cl)N=C(Nc2nc3cccc(N)c3o2)N1,,-4.765989182412821,,train
CC1=C(C(=O)NCc2cnn(C)c2)C(c2ccccc2Cl)N=C(Nc2nc3ccc(F)cc3o2)N1,,-3.025548182315286,,train
CC1=C(C(=O)NCc2cnn(C)c2)C(c2ccccc2Cl)N=C(Nc2nc3cccc(N)c3o2)N1,,-3.9918258159935736,,test
CC1=C(C(=O)NCc2cnn(C)c2)C(c2ccccc2Cl)N=C(Nc2nc3ccccc3o2)N1,,-3.092749917118672,,train
CC1=C(C(=O)NCc2cnn(C)c2)[C@@H](c2ccc(C)cc2Cl)N=C(Nc2nc3cccc(N)c3o2)N1,,-3.4855850794196312,,test
CC1=C(C(=O)NCc2cnn(C)c2)[C@H](c2ccc(C)cc2Cl)N=C(Nc2nc3cccc(N)c3o2)N1,,-3.2799354151114457,,train
CC1=C(C(=O)NCc2cnn(C)c2C)C(c2ccc(C)cc2Cl)N=C(Nc2nc3ccc(F)cc3o2)N1,,-3.3370533856673754,,train
CC1=C(C(=O)NCc2cnn(CC(F)(F)F)c2)C(c2ccc(C)cc2Cl)N=C(Nc2nc3ccc(F)c(N)c3o2)N1,,-3.7142177262206055,,train
CC1=C(C(=O)NCc2cnn(Cc3ccccc3)c2)C(c2ccc(C)cc2Cl)N=C(Nc2nc3ccc(F)cc3o2)N1,,-3.7986028756795487,,train
CC1=C(C(=O)NCc2cnn(Cc3ccccc3)c2)C(c2ccc(C)cc2Cl)N=C(Nc2nc3cccc(N)c3o2)N1,,-3.983802646487561,,train
CC1=C(C(=O)NCc2nc3ccccc3n2C)C(c2ccccc2Cl)N=C(Nc2nc3ccccc3o2)N1,,-5.0,,train
CC1=C(C(=O)NCc2nccn2C)C(c2ccccc2Cl)N=C(Nc2nc3ccccc3o2)N1,,-2.953504835665292,,val
CC1=C(C(=O)Nc2cc(-c3nn[nH]n3)ccn2)C(c2ccc(C)cc2Cl)N=C(Nc2nc3ccc(F)cc3o2)N1,,-6.0,,train
CC1=C(C(=O)Nc2cc(-c3nn[nH]n3)ccn2)C(c2ccccc2Cl)N=C(Nc2nc3ccc(F)cc3o2)N1,,-6.0,,train
CC1=C(C(=O)Nc2cc(B(O)O)ccn2)C(c2ccc(C)cc2Cl)N=C(Nc2nc3ccc(F)cc3o2)N1,,-5.494850021680094,,train
CC1=C(C(=O)Nc2cc(C#N)ccn2)C(c2ccccc2Cl)N=C(Nc2nc3ccc(F)cc3o2)N1,,-5.167491087293763,,train
CC1=C(C(=O)Nc2cc(C(=O)O)ccc2Cl)C(c2ccccc2Cl)N=C(Nc2nc3ccc(F)cc3o2)N1,,-4.528708288941061,,train
CC1=C(C(=O)Nc2cc(C(=O)O)ccc2F)C(c2ccccc2Cl)N=C(Nc2nc3ccc(F)cc3o2)N1,,-5.657577319177793,,val
CC1=C(C(=O)Nc2cc(C(=O)O)ccc2F)C(c2ccccc2Cl)N=C(Nc2nc3ccccc3o2)N1,,-5.481486060122113,,train
CC1=C(C(=O)Nc2cc(C(=O)O)ccn2)C(c2cc(C(=O)O)ccc2Cl)N=C(Nc2nc3ccc(F)cc3o2)N1,,-5.54515513999149,,train
CC1=C(C(=O)Nc2cc(C(=O)O)ccn2)C(c2ccc(-c3ccc(C(F)(F)F)cc3)cc2Cl)N=C(Nc2nc3ccc(F)cc3o2)N1,,-5.180456064458132,,train
CC1=C(C(=O)Nc2cc(C(=O)O)ccn2)C(c2ccc(-c3ccc(C(F)(F)F)nc3)cc2Cl)N=C(Nc2nc3ccc(F)cc3o2)N1,,-6.0,,train
CC1=C(C(=O)Nc2cc(C(=O)O)ccn2)C(c2ccc(-c3ccc(C)nc3)cc2Cl)N=C(Nc2nc3ccc(F)cc3o2)N1,,-6.0,,train
CC1=C(C(=O)Nc2cc(C(=O)O)ccn2)C(c2ccc(-c3ccccc3)cc2Cl)N=C(Nc2nc3ccc(F)cc3o2)N1,,-5.309803919971486,,train
CC1=C(C(=O)Nc2cc(C(=O)O)ccn2)C(c2ccc(-c3cnc(C)nc3)cc2Cl)N=C(Nc2nc3ccc(F)cc3o2)N1,,-6.0,,train
CC1=C(C(=O)Nc2cc(C(=O)O)ccn2)C(c2ccc(-n3cccn3)cc2Cl)N=C(Nc2nc3ccc(F)cc3o2)N1,,-6.0,,val
CC1=C(C(=O)Nc2cc(C(=O)O)ccn2)C(c2ccc(-n3ccnc3)cc2Cl)N=C(Nc2nc3ccc(F)cc3o2)N1,,-6.0,,train
CC1=C(C(=O)Nc2cc(C(=O)O)ccn2)C(c2ccc(Br)cc2Cl)N=C(Nc2nc3ccc(F)cc3o2)N1,,-5.769551078621726,,train
CC1=C(C(=O)Nc2cc(C(=O)O)ccn2)C(c2ccc(C#N)cc2Cl)N=C(Nc2nc3ccc(F)cc3o2)N1,,-6.0,,train
CC1=C(C(=O)Nc2cc(C(=O)O)ccn2)C(c2ccc(C(=O)O)cc2Cl)N=C(Nc2nc3ccc(F)cc3o2)N1,,-6.0,,val
CC1=C(C(=O)Nc2cc(C(=O)O)ccn2)C(c2ccc(C(F)(F)F)cc2Cl)N=C(Nc2nc3ccc(F)cc3o2)N1,,-6.0,,train
CC1=C(C(=O)Nc2cc(C(=O)O)ccn2)C(c2ccc(C)cc2Cl)N=C(Nc2nc3c(o2)CCCC3)N1,,-5.744727494896694,,train
CC1=C(C(=O)Nc2cc(C(=O)O)ccn2)C(c2ccc(C)cc2Cl)N=C(Nc2nc3ccc(F)cc3o2)N1,,-5.823908740944319,,train
CC1=C(C(=O)Nc2cc(C(=O)O)ccn2)C(c2ccc(C)cc2Cl)N=C(Nc2nc3cccc(N)c3o2)N1,,-6.0,,train
CC1=C(C(=O)Nc2cc(C(=O)O)ccn2)C(c2ccc(C)cc2Cl)N=C(Nc2nc3cccnc3o2)N1,,-6.0,,val
CC1=C(C(=O)Nc2cc(C(=O)O)ccn2)C(c2ccc(C)cc2Cl)N=C(Nc2nc3cnccc3o2)N1,,-6.0,,train
CC1=C(C(=O)Nc2cc(C(=O)O)ccn2)C(c2ccc(C)cc2Cl)N=C(Nc2nc3ncccc3o2)N1,,-6.0,,train
CC1=C(C(=O)Nc2cc(C(=O)O)ccn2)C(c2ccc(C)cc2Cl)N=C(Nc2ncc(-c3ccccc3)o2)N1,,-5.382999658879101,,train
CC1=C(C(=O)Nc2cc(C(=O)O)ccn2)C(c2ccc(Cl)cc2Cl)N=C(Nc2nc3ccc(F)cc3o2)N1,,-6.0,,train
CC1=C(C(=O)Nc2cc(C(=O)O)ccn2)C(c2ccc(F)cc2Cl)N=C(Nc2nc3ccc(F)cc3o2)N1,,-6.0,,train
CC1=C(C(=O)Nc2cc(C(=O)O)ccn2)C(c2ccc(N3CCCC3)cc2Cl)N=C(Nc2nc3ccc(F)cc3o2)N1,,-6.0,,train
CC1=C(C(=O)Nc2cc(C(=O)O)ccn2)C(c2ccc(N3CCCCC3)cc2Cl)N=C(Nc2nc3ccc(F)cc3o2)N1,,-5.869666231504994,,train
CC1=C(C(=O)Nc2cc(C(=O)O)ccn2)C(c2ccc(N3CCOCC3)cc2Cl)N=C(Nc2nc3ccc(F)cc3o2)N1,,-4.576754126063192,,train
CC1=C(C(=O)Nc2cc(C(=O)O)ccn2)C(c2cccc(C(F)(F)F)c2)N=C(Nc2nc3ccc(F)cc3o2)N1,,-6.0,,train
CC1=C(C(=O)Nc2cc(C(=O)O)ccn2)C(c2cccc(C(F)(F)F)c2Cl)N=C(Nc2nc3ccc(F)cc3o2)N1,,-5.0,,train
CC1=C(C(=O)Nc2cc(C(=O)O)ccn2)C(c2cccc(C(N)=O)c2)N=C(Nc2nc3ccc(F)cc3o2)N1,,-6.0,,val
CC1=C(C(=O)Nc2cc(C(=O)O)ccn2)C(c2cccc(Cl)c2Cl)N=C(Nc2nc3ccc(F)cc3o2)N1,,-5.0,,train
CC1=C(C(=O)Nc2cc(C(=O)O)ccn2)C(c2cccc(F)c2Cl)N=C(Nc2nc3ccc(F)cc3o2)N1,,-5.0,,train
CC1=C(C(=O)Nc2cc(C(=O)O)ccn2)C(c2cccc(N)c2Cl)N=C(Nc2nc3ccc(F)cc3o2)N1,,-6.0,,train
CC1=C(C(=O)Nc2cc(C(=O)O)ccn2)C(c2cccc(S(N)(=O)=O)c2)N=C(Nc2nc3ccc(F)cc3o2)N1,,-5.0,,train
CC1=C(C(=O)Nc2cc(C(=O)O)ccn2)C(c2cccc([N+](=O)[O-])c2Cl)N=C(Nc2nc3ccc(F)cc3o2)N1,,-6.0,,val
CC1=C(C(=O)Nc2cc(C(=O)O)ccn2)C(c2ccccc2Br)N=C(Nc2nc3ccc(F)cc3o2)N1,,-5.0,,train
CC1=C(C(=O)Nc2cc(C(=O)O)ccn2)C(c2ccccc2Cl)N=C(Nc2nc3c(C)cccc3o2)N1,,-5.886056647693163,,val
CC1=C(C(=O)Nc2cc(C(=O)O)ccn2)C(c2ccccc2Cl)N=C(Nc2nc3c(Cl)cccc3o2)N1,,-5.886056647693163,,val
CC1=C(C(=O)Nc2cc(C(=O)O)ccn2)C(c2ccccc2Cl)N=C(Nc2nc3c(F)cccc3o2)N1,,-4.0,,val
CC1=C(C(=O)Nc2cc(C(=O)O)ccn2)C(c2ccccc2Cl)N=C(Nc2nc3c(N)cccc3o2)N1,,-6.0,,train
CC1=C(C(=O)Nc2cc(C(=O)O)ccn2)C(c2ccccc2Cl)N=C(Nc2nc3cc(C)ccc3o2)N1,,-6.0,,train
CC1=C(C(=O)Nc2cc(C(=O)O)ccn2)C(c2ccccc2Cl)N=C(Nc2nc3cc(Cl)ccc3o2)N1,,-6.0,,train
CC1=C(C(=O)Nc2cc(C(=O)O)ccn2)C(c2ccccc2Cl)N=C(Nc2nc3cc(F)ccc3o2)N1,,-5.0,,test
CC1=C(C(=O)Nc2cc(C(=O)O)ccn2)C(c2ccccc2Cl)N=C(Nc2nc3cc(N)ccc3o2)N1,,-5.0,,train
CC1=C(C(=O)Nc2cc(C(=O)O)ccn2)C(c2ccccc2Cl)N=C(Nc2nc3ccc(C)cc3o2)N1,,-6.0,,train
CC1=C(C(=O)Nc2cc(C(=O)O)ccn2)C(c2ccccc2Cl)N=C(Nc2nc3ccc(Cl)cc3o2)N1,,-5.0,,test
CC1=C(C(=O)Nc2cc(C(=O)O)ccn2)C(c2ccccc2Cl)N=C(Nc2nc3ccc(F)cc3o2)N1,,-6.0,,train
CC1=C(C(=O)Nc2cc(C(=O)O)ccn2)C(c2ccccc2Cl)N=C(Nc2nc3cccc(C(F)(F)F)c3o2)N1,,-6.0,,train
CC1=C(C(=O)Nc2cc(C(=O)O)ccn2)C(c2ccccc2Cl)N=C(Nc2nc3cccc(C)c3o2)N1,,-5.0,,train
CC1=C(C(=O)Nc2cc(C(=O)O)ccn2)C(c2ccccc2Cl)N=C(Nc2nc3cccc(Cl)c3o2)N1,,-6.0,,train
CC1=C(C(=O)Nc2cc(C(=O)O)ccn2)C(c2ccccc2Cl)N=C(Nc2nc3cccc(F)c3o2)N1,,-6.0,,train
CC1=C(C(=O)Nc2cc(C(=O)O)ccn2)C(c2ccccc2Cl)N=C(Nc2nc3cccc(N)c3o2)N1,,-6.0,,train
CC1=C(C(=O)Nc2cc(C(=O)O)ccn2)C(c2ccccc2Cl)N=C(Nc2nc3cccc(OC(F)(F)F)c3o2)N1,,-5.0,,test
CC1=C(C(=O)Nc2cc(C(=O)O)ccn2)C(c2ccccc2Cl)N=C(Nc2nc3cccc([N+](=O)[O-])c3o2)N1,,-4.508638306165727,,test
CC1=C(C(=O)Nc2cc(C(=O)O)ccn2)C(c2ccccc2Cl)N=C(Nc2nc3ccccc3o2)N1,,-6.0,,train
CC1=C(C(=O)Nc2cc(C(=O)O)ccn2)C(c2ccccc2Cl)N=C(Nc2nc3ccccc3o2)N1C(=O)c1ccccc1,,-6.0,,test
CC1=C(C(=O)Nc2cc(C(=O)O)ccn2)[C@@H](c2ccc(C)cc2Cl)N=C(Nc2nc3ccc(F)cc3o2)N1,,-6.0,,train
CC1=C(C(=O)Nc2cc(C(=O)O)ccn2)[C@@H](c2ccc(C)cc2Cl)N=C(Nc2nc3cccc(N)c3o2)N1,,-6.0,,train
CC1=C(C(=O)Nc2cc(C(=O)O)ccn2)[C@@H](c2ccccc2Cl)N=C(Nc2nc3ccc(F)cc3o2)N1,,-6.0,,train
CC1=C(C(=O)Nc2cc(C(=O)O)ccn2)[C@@H](c2ccccc2Cl)N=C(Nc2nc3cccc(N)c3o2)N1,,-5.886056647693163,,train
CC1=C(C(=O)Nc2cc(C(=O)O)ccn2)[C@@H](c2ccccc2Cl)N=C(Nc2nc3ccccc3o2)N1,,-6.0,,train
CC1=C(C(=O)Nc2cc(C(=O)O)ccn2)[C@H](c2ccc(C)cc2Cl)N=C(Nc2nc3ccc(F)cc3o2)N1,,-6.0,,train
CC1=C(C(=O)Nc2cc(C(=O)O)ccn2)[C@H](c2ccc(C)cc2Cl)N=C(Nc2nc3cccc(N)c3o2)N1,,-6.0,,train
CC1=C(C(=O)Nc2cc(C(=O)O)ccn2)[C@H](c2ccccc2Cl)N=C(Nc2nc3ccc(F)cc3o2)N1,,-6.0,,train
CC1=C(C(=O)Nc2cc(C(=O)O)ccn2)[C@H](c2ccccc2Cl)N=C(Nc2nc3ccccc3o2)N1,,-6.0,,train
CC1=C(C(=O)Nc2cc(C(N)=O)ccn2)C(c2ccccc2Cl)N=C(Nc2nc3ccc(F)cc3o2)N1,,-4.809668301829708,,train
CC1=C(C(=O)Nc2cc(C(N)=O)ccn2)C(c2ccccc2Cl)N=C(Nc2nc3ccccc3o2)N1,,-3.8068754016455375,,train
CC1=C(C(=O)Nc2cc(CO)ccn2)C(c2ccccc2Cl)N=C(Nc2nc3ccc(F)cc3o2)N1,,-4.2225731776106885,,train
CC1=C(C(=O)Nc2cc(CO)ccn2)C(c2ccccc2Cl)N=C(Nc2nc3ccccc3o2)N1,,-3.9601894458516496,,train
CC1=C(C(=O)Nc2cc(N(C)C)ccn2)C(c2ccc(C)cc2Cl)N=C(Nc2nc3ccc(F)cc3o2)N1,,-3.5779028368682897,,train
CC1=C(C(=O)Nc2cc(N(C)C)ccn2)C(c2ccc(C)cc2Cl)N=C(Nc2nc3cccc(N)c3o2)N1,,-3.7464197104378174,,train
CC1=C(C(=O)Nc2ccc(-c3cc[nH]n3)cc2)C(c2ccccc2Cl)N=C(Nc2nc3ccccc3o2)N1,,-4.609064892896621,,train
CC1=C(C(=O)Nc2ccc(-c3nnc[nH]3)cc2)C(c2ccccc2Cl)N=C(Nc2nc3ccccc3o2)N1,,-5.769551078621726,,train
CC1=C(C(=O)Nc2ccc(-n3cccn3)cc2)C(c2ccccc2Cl)N=C(Nc2nc3ccccc3o2)N1,,-4.928117992693875,,train
CC1=C(C(=O)Nc2ccc(Br)cc2)C(c2ccccc2Cl)N=C(Nc2nc3ccccc3o2)N1,,-4.826813731587726,,train
CC1=C(C(=O)Nc2ccc(C#N)cc2)C(c2ccccc2Cl)N=C(Nc2nc3ccccc3o2)N1,,-4.728158393463501,,train
CC1=C(C(=O)Nc2ccc(C#N)cn2)C(c2ccccc2Cl)N=C(Nc2nc3ccc(F)cc3o2)N1,,-5.10790539730952,,train
CC1=C(C(=O)Nc2ccc(C(=O)O)cc2)C(c2ccccc2Cl)N=C(Nc2nc3ccccc3o2)N1,,-5.443697499232713,,train
CC1=C(C(=O)Nc2ccc(C(=O)O)cn2)C(c2ccccc2Cl)N=C(Nc2nc3ccc(F)cc3o2)N1,,-6.0,,train
CC1=C(C(=O)Nc2ccc(C(=O)O)nc2)C(c2ccccc2Cl)N=C(Nc2nc3ccccc3o2)N1,,-6.0,,train
CC1=C(C(=O)Nc2ccc(C(N)=O)cc2)C(c2ccccc2Cl)N=C(Nc2nc3ccccc3o2)N1,,-5.200659450546419,,train
CC1=C(C(=O)Nc2ccc(CN3CCOCC3)cc2)C(c2ccccc2Cl)N=C(Nc2nc3ccccc3o2)N1,,-3.9193735130781935,,test
CC1=C(C(=O)Nc2ccc(CO)cc2)C(c2ccccc2Cl)N=C(Nc2nc3ccccc3o2)N1,,-3.063536525995253,,val
CC1=C(C(=O)Nc2ccc(CO)nc2)C(c2ccccc2Cl)N=C(Nc2nc3ccccc3o2)N1,,-3.115714537660325,,train
CC1=C(C(=O)Nc2ccc(Cl)cc2)C(c2ccccc2Cl)N=C(Nc2nc3ccccc3o2)N1,,-5.698970004336019,,val
CC1=C(C(=O)Nc2ccc(F)cc2)C(c2ccccc2Cl)N=C(Nc2nc3ccccc3o2)N1,,-4.531652669587843,,test
CC1=C(C(=O)Nc2ccc(N(C)C)cc2)C(c2ccccc2Cl)N=C(Nc2nc3ccccc3o2)N1,,-4.823908740944319,,test
CC1=C(C(=O)Nc2ccc(N3CCNCC3)cc2)C(c2ccccc2Cl)N=C(Nc2nc3ccccc3o2)N1,,-3.0488374001090057,,train
CC1=C(C(=O)Nc2ccc(O)cc2)C(c2ccccc2Cl)N=C(Nc2nc3ccccc3o2)N1,,-4.838631997765025,,test
CC1=C(C(=O)Nc2ccc([N+](=O)[O-])cc2)C(c2ccccc2Cl)N=C(Nc2nc3ccccc3o2)N1,,-5.136677139879544,,train
CC1=C(C(=O)Nc2ccc3sc(C)nc3c2)C(c2ccccc2Cl)N=C(Nc2nc3ccccc3o2)N1,,-5.376750709602099,,train
CC1=C(C(=O)Nc2cccc(-c3cn[nH]c3)c2)C(c2ccccc2Cl)N=C(Nc2nc3ccccc3o2)N1,,-4.595166283380062,,train
CC1=C(C(=O)Nc2cccc(-c3nnn[nH]3)c2)C(c2ccccc2Cl)N=C(Nc2nc3ccccc3o2)N1,,-5.301029995663981,,val
CC1=C(C(=O)Nc2cccc(Br)c2)C(c2ccccc2Cl)N=C(Nc2nc3ccccc3o2)N1,,-5.744727494896694,,train
CC1=C(C(=O)Nc2cccc(C(=O)O)c2)C(c2ccccc2Cl)N=C(Nc2nc3ccccc3o2)N1,,-6.0,,test
CC1=C(C(=O)Nc2cccc(C(=O)O)n2)C(c2ccccc2Cl)N=C(Nc2nc3ccccc3o2)N1,,-6.0,,train
CC1=C(C(=O)Nc2cccc(CN)c2)C(c2ccccc2Cl)N=C(Nc2nc3ccccc3o2)N1,,-4.485452247339714,,train
CC1=C(C(=O)Nc2cccc(CO)c2)C(c2ccccc2Cl)N=C(Nc2nc3ccccc3o2)N1,,-2.9491950521865395,,val
CC1=C(C(=O)Nc2cccc(Cl)c2)C(c2ccccc2Cl)N=C(Nc2nc3ccccc3o2)N1,,-5.036212172654444,,train
CC1=C(C(=O)Nc2ccccc2)C(c2ccccc2Cl)N=C(Nc2nc3ccccc3o2)N1,,-5.0,,train
CC1=C(C(=O)Nc2ccccc2CO)C(c2ccccc2Cl)N=C(Nc2nc3ccccc3o2)N1,,-2.983593499128882,,train
CC1=C(C(=O)Nc2ccccc2Cl)C(c2ccccc2Cl)N=C(Nc2nc3ccccc3o2)N1,,-4.251811972993799,,train
CC1=C(C(=O)Nc2ccccc2O)C(c2ccccc2Cl)N=C(Nc2nc3ccccc3o2)N1,,-4.675717544702307,,train
CC1=C(C(=O)Nc2ccccn2)C(c2ccccc2Cl)N=C(Nc2nc3ccc(F)cc3o2)N1,,-3.766724608706056,,train
CC1=C(C(=O)Nc2ccccn2)C(c2ccccc2Cl)N=C(Nc2nc3cccc(N)c3o2)N1,,-3.566822425932524,,train
CC1=C(C(=O)Nc2ccccn2)C(c2ccccc2Cl)N=C(Nc2nc3ccccc3o2)N1,,-3.760700520873108,,train
CC1=C(C(=O)Nc2cccnc2)C(c2ccccc2Cl)N=C(Nc2nc3ccccc3o2)N1,,-3.289882634888184,,train
CC1=C(C(=O)Nc2ccnc(C(=O)O)c2)C(c2ccccc2Cl)N=C(Nc2nc3ccccc3o2)N1,,-6.0,,test
CC1=C(C(=O)Nc2nc(CO)cs2)C(c2ccccc2Cl)N=C(Nc2nc3ccccc3o2)N1,,-4.2225731776106885,,train
CC1=C(C(=O)Nc2ncc(C(=O)O)s2)C(c2ccccc2Cl)N=C(Nc2nc3ccccc3o2)N1,,-6.0,,train
CC1=C(C(=O)Nc2ncc(CO)s2)C(c2ccccc2Cl)N=C(Nc2nc3ccccc3o2)N1,,-3.792096469613949,,train
CC1=C(C(=O)Nc2nnc(-c3cccnc3)s2)C(c2ccccc2Cl)N=C(Nc2nc3cc(C)ccc3o2)N1,,-5.823908740944319,,train
CC1=C(C(=O)Nc2nnc(-c3cccnc3)s2)C(c2ccccc2Cl)N=C(Nc2nc3cc(Cl)ccc3o2)N1,,-5.468521082957745,,train
CC1=C(C(=O)Nc2nnc(-c3cccnc3)s2)C(c2ccccc2Cl)N=C(Nc2nc3cc(F)ccc3o2)N1,,-5.823908740944319,,train
CC1=C(C(=O)Nc2nnc(-c3cccnc3)s2)C(c2ccccc2Cl)N=C(Nc2nc3cc(N)ccc3o2)N1,,-5.356547323513813,,train
CC1=C(C(=O)Nc2nnc(-c3cccnc3)s2)C(c2ccccc2Cl)N=C(Nc2nc3ccc(C)cc3o2)N1,,-5.537602002101044,,train
CC1=C(C(=O)Nc2nnc(-c3cccnc3)s2)C(c2ccccc2Cl)N=C(Nc2nc3ccc(Cl)cc3o2)N1,,-4.987162775294828,,train
CC1=C(C(=O)Nc2nnc(-c3cccnc3)s2)C(c2ccccc2Cl)N=C(Nc2nc3ccc(F)cc3o2)N1,,-5.00436480540245,,train
CC1=C(C(=O)Nc2nnc(-c3cccnc3)s2)C(c2ccccc2Cl)N=C(Nc2nc3ccccc3o2)N1,,-5.431798275933005,,train
CC1=C(C(=O)Nc2nnc(-c3ccncc3)s2)C(c2ccccc2Cl)N=C(Nc2nc3ccccc3o2)N1,,-5.2076083105017466,,test
CC1=C(C(=O)Nc2nnc(C(F)(F)F)s2)C(c2ccccc2Cl)N=C(Nc2nc3ccccc3o2)N1,,-4.8996294548824375,,train
CC1=C(C(=O)Nc2nnc(C)s2)C(c2ccccc2Cl)N=C(Nc2nc3ccccc3o2)N1,,-4.624336386039115,,train
CC1=C(C(=O)Nc2nncs2)C(c2c(Br)cnn2C)N=C(Nc2nc3ccccc3o2)N1,,-3.702677285794697,,train
CC1=C(C(=O)Nc2nncs2)C(c2cc(Cl)ccc2Cl)N=C(Nc2nc3ccccc3o2)N1,,-5.537602002101044,,train
CC1=C(C(=O)Nc2nncs2)C(c2ccc(C)cc2Cl)N=C(Nc2nc3ccccc3o2)N1,,-4.841637507904751,,train
CC1=C(C(=O)Nc2nncs2)C(c2ccc(Cl)cc2Cl)N=C(Nc2nc3ccccc3o2)N1,,-5.309803919971486,,train
CC1=C(C(=O)Nc2nncs2)C(c2ccccc2Br)N=C(Nc2nc3ccccc3o2)N1,,-3.3497896453396407,,train
CC1=C(C(=O)Nc2nncs2)C(c2ccccc2C(F)(F)F)N=C(Nc2nc3ccccc3o2)N1,,-4.525783735923745,,val
CC1=C(C(=O)Nc2nncs2)C(c2ccccc2C)N=C(Nc2nc3ccccc3o2)N1,,-4.076755981369724,,train
CC1=C(C(=O)Nc2nncs2)C(c2ccccc2Cl)N=C(Nc2nc3ccccc3o2)N1,,-3.6834006979061393,,test
CC1=C(C(=O)Nc2nncs2)C(c2cccnc2Br)N=C(Nc2nc3ccccc3o2)N1,,-3.73118809626022,,train
CC1=C(C(=O)Nc2nncs2)C(c2ccncc2Br)N=C(Nc2nc3ccccc3o2)N1,,-3.680477550934546,,val
CC1=C(C(=O)Nc2nncs2)C(c2n[nH]cc2Br)N=C(Nc2nc3ccccc3o2)N1,,-4.562249437179612,,train
CC1=C(C(=O)Nc2nncs2)C(c2n[nH]cc2Cl)N=C(Nc2nc3ccccc3o2)N1,,-4.431798275933005,,train
CC1=C(C(=O)Nc2nncs2)C(c2ncccc2Br)N=C(Nc2nc3ccccc3o2)N1,,-3.149170040151469,,test
CC1=C(C(=O)Nc2nncs2)C(c2ncccc2Cl)N=C(Nc2nc3ccccc3o2)N1,,-3.1578277706143845,,val
CC1=C(C(=O)Nc2nncs2)C(c2nn(C)cc2Br)N=C(Nc2nc3ccccc3o2)N1,,-2.9812995013337567,,train
CC1=C(C(=O)Nc2nncs2)C(c2nn(C)cc2Cl)N=C(Nc2nc3ccccc3o2)N1,,-3.1267375405612734,,train
CC1=C(C(=O)Nc2nncs2)C2(CCCC2)N=C(Nc2nc3ccccc3o2)N1,,-6.0,,train
CC1=C(C(=O)Nc2nncs2)C2(CCOC2)N=C(Nc2nc3ccccc3o2)N1,,-3.9884295564027217,,train
CC1=C(C(=O)Nc2nncs2)C2(CCSCC2)N=C(Nc2nc3ccccc3o2)N1,,-3.379343520180379,,train
CC1=C(C(=O)Nc2nncs2)C2(Cc3ccccc32)N=C(Nc2nc3ccccc3o2)N1,,-3.719194071606333,,train
CC1=C(C(=O)O)N2C(=O)[C@@H](NC(=O)[C@H](N)c3ccccc3)[C@H]2SC1,,-8.91195437047216,,val
CC1=C(CC(=O)NCc2cc(Cl)ccc2CN)C(=O)N(NCc2cccc(C(=O)O)c2)CC1,-7.0,,,train
CC1=C(CC(=O)O)c2cc(F)ccc2/C1=C\c1ccc([S+](C)[O-])cc1,-5.698970004336019,,,train
CC1=C(O)C(=O)C=C2C1=CC=C1[C@@]2(C)CC[C@@]2(C)[C@@H]3C[C@](C)(C(=O)NCCCn4ccnc4)CC[C@]3(C)CC[C@]12C,,-6.221848749616356,,train
CC1=C(O)C(=O)C=C2C1=CC=C1[C@@]2(C)CC[C@@]2(C)[C@@H]3C[C@](C)(C(=O)NCCN(C(C)C)C(C)C)CC[C@]3(C)CC[C@]12C,,-4.453704164878558,,test
CC1=C(O)C(=O)C=C2C1=CC=C1[C@@]2(C)CC[C@@]2(C)[C@@H]3C[C@](C)(C(=O)NCCN(C)C)CC[C@]3(C)CC[C@]12C,,-4.346498053037068,,train
CC1=C(O)C(=O)C=C2C1=CC=C1[C@@]2(C)CC[C@@]2(C)[C@@H]3C[C@](C)(C(=O)NCCN4CCCC4)CC[C@]3(C)CC[C@]12C,,-4.638272163982407,,train
CC1=C(O)C(=O)C=C2C1=CC=C1[C@@]2(C)CC[C@@]2(C)[C@@H]3C[C@](C)(C(=O)NCCN4CCCCC4)CC[C@]3(C)CC[C@]12C,,-4.742321425130816,,train
CC1=C(O)C(=O)C=C2C1=CC=C1[C@@]2(C)CC[C@@]2(C)[C@@H]3C[C@](C)(C(=O)NCCN4CCN(C)CC4)CC[C@]3(C)CC[C@]12C,,-4.537003387971944,,val
CC1=C(O)C(=O)C=C2C1=CC=C1[C@@]2(C)CC[C@@]2(C)[C@@H]3C[C@](C)(C(=O)NCCN4CCOCC4)CC[C@]3(C)CC[C@]12C,,-4.941194513324093,,train
CC1=C(O)C(=O)C=C2C1=CC=C1[C@@]2(C)CC[C@@]2(C)[C@@H]3C[C@](C)(C(=O)O)CC[C@]3(C)CC[C@]12C,,-4.876475019057268,,train
CC1=C(O)CC(Cc2ccccc2)C1=O,,-6.585026652029182,,train
CC1=C(S(C)(=O)=O)C(c2ccccc2Cl)N=C(Nc2nc3ccccc3o2)N1,,-4.368759219764491,,train
CC1=C(c2cccc(O)c2)[C@H](c2ccc(OCCN3CC(CF)C3)cc2)Oc2ccc(O)cc21,,,-5.337242168318426,val
CC1=C(c2nc(C)no2)N2C(=O)[C@@H](NC(=O)COc3ccccc3)[C@H]2SC1,,-4.872895201635193,,train
CC1=C2CC(=O)NCc3cc(Cl)ccc3CNC(=O)OC(C)OC(=O)c3cccc(c3)CNN(CC1)C2=O,-4.346787486224656,,,train
CC1=C2CC(=O)NCc3cc(Cl)ccc3CNC(=O)OCOC(=O)c3cccc(c3)CNN(CC1)C2=O,-4.318758762624412,,,train
CC1=CC2Cc3nc4cc(Cl)ccc4c(N)c3C(C1)C2,,-4.623423042943488,,val
CC1=C[C@@H]2Cc3nc4cc(Cl)ccc4c(NCCCCCC#N)c3[C@H](C1)C2,,-4.906578314837765,,test
CC1=C[C@@H]2Cc3nc4cc(Cl)ccc4c(NCCCCCCCCCC#N)c3[C@H](C1)C2,,-4.94692155651658,,train
CC1=C[C@@H]2Cc3nc4cc(Cl)ccc4c(NCCCCCCCCCCC#N)c3[C@H](C1)C2,,-4.790484985457369,,train
CC1=C[C@@H]2Cc3nc4cc(Cl)ccc4c(NCCCCCCCCCCCN)c3[C@H](C1)C2,,-5.3979400086720375,,train
CC1=C[C@@H]2Cc3nc4cc(Cl)ccc4c(NCCCCCCCCCCN)c3[C@H](C1)C2,,-5.154901959985743,,train
CC1=C[C@@H]2Cc3nc4cc(Cl)ccc4c(NCCCCCCCCCN)c3[C@H](C1)C2,,-5.1487416512809245,,train
CC1=C[C@@H]2Cc3nc4cc(Cl)ccc4c(NCCCCCCCCCNC(=N)N)c3[C@H](C1)C2,,-5.267606240177032,,test
CC1=C[C@@H]2Cc3nc4cc(Cl)ccc4c(NCCCCCCCCN)c3[C@H](C1)C2,,-5.008773924307505,,train
CC1=C[C@@H]2Cc3nc4cc(Cl)ccc4c(NCCCCCCCN)c3[C@H](C1)C2,,-5.119186407719209,,train
CC1=C[C@@H]2Cc3nc4cc(Cl)ccc4c(NCCCCCCNC(=N)N)c3[C@H](C1)C2,,-5.537602002101044,,train
CC1=C[C@@H]2Cc3nc4cc(Cl)ccc4c(NCCCN4CCCCC4)c3[C@H](C1)C2,,-5.229147988357856,,val
CC1=C[C@@H]2Cc3nc4cc(Cl)ccc4c(NCCCN4CCOCC4)c3[C@H](C1)C2,,-4.823908740944319,,train
CC1=C[C@@H]2Cc3nc4cc(Cl)ccc4c(NCc4ccc(C#N)cc4)c3[C@H](C1)C2,,-4.714442690992226,,train
CC1=C[C@@H]2Cc3nc4cc(Cl)ccc4c(NCc4ccc(CN)cc4)c3[C@H](C1)C2,,-4.931814138253839,,test
CC1=C[C@H]2Cc3nc4cc(Cl)ccc4c(NCCCCCCCCCCCCNc4c5c(nc6cc(Cl)ccc46)C[C@@H]4C=C(C)C[C@H]5C4)c3[C@@H](C1)C2,,-4.7594507517174005,,train
CC1=C[C@H]2Cc3nc4cc(Cl)ccc4c(NCCCCCCCCCCNc4c5c(nc6cc(Cl)ccc46)C[C@@H]4C=C(C)C[C@H]5C4)c3[C@@H](C1)C2,,-5.060480747381382,,val
CC1=C[C@H]2Cc3nc4cc(Cl)ccc4c(NCCCCCCCCNc4c5c(nc6cc(Cl)ccc46)C[C@@H]4C=C(C)C[C@H]5C4)c3[C@@H](C1)C2,,-4.856985199745905,,train
CC1=C[C@H]2Cc3nc4cc(Cl)ccc4c(NCCCCCCNc4c5c(nc6cc(Cl)ccc46)C[C@@H]4C=C(C)C[C@H]5C4)c3[C@@H](C1)C2,,-4.954677021213342,,train
CC1=C[C@H]2Cc3nc4cc(Cl)ccc4c(NCc4ccc(CNc5c6c(nc7cc(Cl)ccc57)C[C@@H]5C=C(C)C[C@H]6C5)cc4)c3[C@@H](C1)C2,,-5.080921907623926,,train
CC1C=C(c2ccnc(N3CCn4c(cc5c4CC(C)(C)C5)C3=O)c2CO)C=C(Nc2ccc(N3CCN(C4COC4)CC3)cc2)C1=O,,,-4.804100347590766,test
CC1CC(C)CN(CCNCC(O)c2cc(C(F)(F)F)nc3c(C(F)(F)F)cccc23)C1,,,-4.485452247339714,val
CC1CC(O)CCC1NC(=O)NCCCCc1ccccc1,,-7.804100347590766,,train
CC1CC2(C1)CN(C(=O)NCc1ccc(-c3ccnc4[nH]c(-c5cnn(C)c5)nc34)cc1F)C2,-5.096910013008056,,,test
CC1CCC(NC(=O)CCCCCc2ccccc2)CC1,,-7.06198090252379,,train
CC1CCCCC1NC(=O)NCCCCc1ccccc1,,-6.795880017344075,,train
CC1CCCCC1NC(=O)NCCCc1nnc(-c2ccccc2)n1C,,-7.982966660701219,,test
CC1CCCCC1NC(=O)NCCCc1nnc(C2CC2)n1-c1ccc(F)cc1,,-7.436518914605589,,train
CC1CCCCC1NC(=O)NCCCc1nnc(C2CC2)n1-c1ccccc1,,-7.663540266151471,,test
CC1CCCCC1NC(=O)NCCOc1nnc(C2CC2)n1-c1ccccc1,,-7.364516253185088,,train
CC1CCCCC1NC(=O)NCCSc1nnc(C2CC2)n1-c1ccccc1,,-7.016373712875465,,train
CC1CCCCC1NC(=O)NCCc1nnc(-c2ccccc2)n1C,,-7.987162775294828,,train
CC1CCN(C(=O)c2sc(-c3ccc(S(C)(=O)=O)c([N+](=O)[O-])c3)nc2C(F)(F)F)CC1,,-3.153662887870195,,train
CC1CCN(CC(C)(C)NCC(O)c2cc(C(F)(F)F)nc3c(C(F)(F)F)cccc23)CC1,,,-4.354577730650908,train
CC1CCN(S(=O)(=O)c2cn(Cc3ccc(F)cc3)c3cnc4c(c23)CCN(O)C4=O)CC1,-6.1249387366083,,,train
CC1CN(c2ccc(C3(c4ccsc4)CC(O)=C(Sc4ccccc4Cl)C(=O)N3)cc2)CC(C)O1,,,-5.221848749616356,train
CC1CN(c2ccncc2NC(=O)c2ccnn3cc(-c4ccccc4)nc23)CCO1,-4.860120913598764,-4.09366495819491,,train
CC1CN(c2ccncc2NC(=O)c2ccnn3cc(C4CC4)nc23)CCO1,-4.651695136951839,-3.9706162223147903,,train
CC1CNCCN(S(=O)(=O)c2ccc(NC(=O)NCc3cccnc3)cc2)C1,,,-7.0,train
CC1COc2c(N3CCN(C)CC3)c(F)cc3c(=O)c(C(=O)O)cn1c23,-5.2335871528876,-6.04253125133462,,test
CC1COc2c(N3CCN(C)CC3)c(F)cc3c2N1CC(C(=O)O)C3=O,,-6.3979400086720375,,train
CC1Cc2ccccc2N1C(=O)c1sc(-c2ccc(S(C)(=O)=O)c([N+](=O)[O-])c2)nc1C(F)(F)F,,-4.366531544420414,,train
CC1c2ccc(N3CCCC3)cc2Oc2c(Cl)cccc21,,-7.823908740944319,,train
CCC(=O)N(c1ccccc1)C1(COC)CCN(CCc2cccs2)CC1,,-4.421360790031928,,val
CCC(=O)N(c1ccccc1)C1CCN(CCc2ccccc2)CC1,,-4.242603971206976,,train
CCC(=O)N(c1ccccc1)C1CCNCC1,,-5.585026652029182,,train
CCC(=O)N1CCC(CN(C2Cc3cc(C#N)ccc3N(Cc3cncn3C)C2)S(=O)(=O)c2ccccn2)CC1,-6.301029995663981,,,train
CCC(=O)N1CCCC(c2nc3ncc(Cl)cc3[nH]2)C1,,-5.045275209020937,,train
CCC(=O)N1CCN(C(=O)c2cc(-c3ccc(CN4CCOCC4)cc3)nc3ccc(F)cc23)CC1,,-7.257274868695302,,train
CCC(=O)N1CCN(Cc2cc(-c3ccc(CN4CCOCC4)cc3)nc3ccc(F)cc23)CC1,,-7.14569395819892,,train
CCC(=O)N1CCc2c(cnn2-c2cccc(F)c2)C1,,-6.187086643357144,,train
CCC(=O)N1CCc2c(nc(C)n2[C@H]2C[C@H]3CC[C@@H](C2)N3CC[C@H](NC(C)=O)c2cccc(F)c2)C1,-5.698970004336019,,,test
CCC(=O)N1CCc2nc(C)n([C@H]3C[C@H]4CC[C@@H](C3)N4CC[C@H](NC(C)=O)c3ccccc3)c2C1,-6.0,,,val
CCC(=O)N[C@@H]1CCCc2c1cncc2N1Cc2cc(Cl)ccc2C1=O,,-5.440093374963888,,train
CCC(=O)OC[C@H]1O[C@@](C#N)(c2ccc3c(N)ncnn23)[C@H](OC(=O)CC)[C@@H]1OC(=O)CC,-7.0,,,test
CCC(=O)O[C@@H](C(=O)N1N=CC[C@H]1C(=O)NCc1cc(Cl)ccc1-n1cnnn1)c1ccc(F)cc1,-4.481486060122113,,,train
CCC(C(=O)O)c1ccc2c(c1)N(CCCN1CCCN(c3cc(=O)n(C)c(=O)n3C)CC1)c1ccccc1S2,-6.651695136951839,,,train
CCC(C(=O)O)c1nn(Cc2cn3cc(OCC4CC4)c(Cl)cc3n2)c2ccccc2c1=O,-4.769551078621726,,,train
CCC(C)(NC(=O)c1cc(F)cc2cc(-c3ccc(Cl)cc3)oc12)C(=O)O,-5.070581074285707,,,train
CCC(C)CCN1C(=O)C(O)(c2ccc3c(c2)OCO3)c2ccccc21,-4.978810700930062,,,train
CCC(C)c1ccccc1OC(=O)NC,,-4.905878404159439,,train
CCC(CC)C(=O)O[C@H]1[C@@H](F)[C@H](n2cnc3c(N)ncnc32)O[C@@H]1CNS(=O)(=O)NC(=O)c1ccccc1O.CCN(CC)CC,-6.301029995663981,,,val
CCC(CC)COC(=O)[C@H](C)NP(=O)(OC[C@H]1O[C@@](C#N)(c2ccc3c(N)ncnn23)[C@](C)(O)[C@@H]1O)Oc1ccccc1,-6.443697499232713,,,train
CCC(CC)Nc1cc(C(=O)NC2CC3CCC(C2)N3c2ccc(C(=O)C3CC3)cn2)c(C)cc1C(N)=O,,,-6.844663962534939,train
CCC(CC)Nc1cc(C(=O)NC2CC3CCC(C2)N3c2ccc(C(=O)C3CC3)cn2)ccc1C(N)=O,,,-6.85078088734462,train
CCC(CC)Nc1cc(C(=O)NC2CC3CCC(C2)N3c2ccc(C(C)=O)cn2)ccc1C(N)=O,,,-6.1700533040583645,test
CCC(CC)O[C@@H]1C=C(C(=O)O)C[C@H](NCc2ccc(-c3cccs3)cc2OC)[C@H]1NC(C)=O,-7.718966632752273,,,train
CCC(CC)O[C@@H]1C=C(C(=O)O)C[C@H](NCc2ccc(-c3ccsc3)cc2OC)[C@H]1NC(C)=O,-7.581698708680254,,,train
CCC(CC)Oc1cc(Oc2cnc(C(=O)N(C)C)nc2)cc(-c2nccc(=O)[nH]2)c1,,,-4.769551078621726,train
CCC(CC)c1ccc2c(NCCCNCc3cc(F)ccc3OC)ccnc2c1,,-4.638272163982407,,val
CCC(CC)c1ccc2c(NCCCNCc3ccc4c(c3)OCO4)ccnc2c1,,-4.638272163982407,,train
CCC(CC)c1ccc2c(NCCCNCc3cccc(OC)c3O)ccnc2c1,,-4.638272163982407,,train
CCC(CC)c1ccc2c(NCCCNCc3ccco3)ccnc2c1,,-4.638272163982407,,train
CCC(CO)c1cc(Cl)c2c(c1Cl)C(=O)N(Cc1c(C)cc(C)[nH]c1=O)CC2,,,-4.962573502059376,train
CCC(NC(=O)c1cc(F)cnc1Oc1ccc(F)cc1)c1ccc(C(=O)O)cc1,-4.696803942579511,,,train
CCC(O)c1cc(Cl)c2c(c1Cl)C(=O)N(Cc1c(C)cc(C)[nH]c1=O)CC2,,,-4.814004544267542,train
CCC(OC)c1cc(Cl)c2c(c1Cl)C(=O)N(Cc1c(C)cc(C)[nH]c1=O)CC2,,,-4.804797421759959,val
CCC(Oc1cc(Cl)ccc1Cl)c1nc(N)nc(N2CCN(C)CC2)n1,,-4.723538195826756,,train
CCC1(C)NC(=O)c2cc(S(=O)(=O)Nc3ccc(C(F)(F)F)cc3F)cc(Cl)c2NC1=O,-4.537602002101044,,,val
CCC1(C)NC(=O)c2cc(S(=O)(=O)Nc3ccc(C(F)(F)F)cc3OC)cc(Cl)c2NC1=O,-4.236572006437063,,,train
CCC1(C)NC(=O)c2cc(S(=O)(=O)Nc3ccc(C)cc3C#N)cc(Cl)c2NC1=O,-4.906239639581768,,,val
CCC1(C)NC(=O)c2cc(S(=O)(=O)Nc3ccc(F)cc3F)cc(C)c2NC1=O,-4.949814727441218,,,train
CCC1(C)NC(=O)c2cc(S(=O)(=O)Nc3ccc(F)cc3F)cc(Cl)c2NC1=O,-4.455931955649724,,,test
CCC1(C)NC(=O)c2cc(S(=O)(=O)Nc3ccc(F)cc3F)cc(OC)c2NC1=O,-4.657577319177793,,,train
CCC1(CC)CC(=O)N([C@@H]2CCOc3ccc(C(=O)N[C@@H]4CCOc5ccccc54)cc32)C(=N)N1,,,-5.055517327849832,train
CCC1(CC)CC(=O)N([C@@H]2CCOc3ccc(C(=O)N[C@H]4CC(C)(C)Oc5ccccc54)cc32)C(=N)N1,,,-4.935542010773082,train
CCC1(OC)CC(n2c(=O)nc(-c3ccc(NC)nc3)c3oc4ncc(-c5cnn(C)c5)cc4c32)C1,-5.013228265733756,,,train
CCC1(c2cccc(O)c2)CCCCN(C)C1,,-4.844663962534939,,test
CCC1=C[C@@H]2CN(C1)Cc1c([nH]c3ccccc13)[C@@](C(=O)OC)(c1cc3c(cc1OC)N(C)[C@H]1[C@@](O)(C(=O)OC)[C@H](OC(C)=O)[C@]4(CC)C=CCN5CC[C@]31[C@@H]54)C2,-5.853871964321762,,,train
CCC1C(=O)N(C)c2cnc(-c3cn[nH]c3-c3ccccn3)nc2N1c1cnn(C)c1,,,-6.995678626217358,train
CCC1C(=O)N(C)c2cnc(-n3ccnc3-c3ccc(F)cc3)nc2N1c1cc[nH]n1,,,-6.87942606879415,train
CCC1C(=O)N(C)c2cnc(-n3ccnc3-c3ccccc3)nc2N1c1cncnc1,,,-6.913640169325252,train
CCCC(=O)N1CCC(CN(C2Cc3cc(C#N)ccc3N(Cc3cncn3C)C2)S(=O)(=O)c2ccccn2)CC1,-6.301029995663981,,,train
CCCC(=O)N1CCC(N(Cc2ccccc2)C(=O)Nc2cccc(C(F)(F)F)c2)CC1,,-2.657577319177794,,test
CCCC(=O)N1CCC(NS(=O)(=O)c2ccc(NC(=O)c3ccccc3C)c3ccccc23)CC1,-4.6020599913279625,,,val
CCCC(=O)N1CCc2c(nc(C)n2[C@H]2C[C@H]3CC[C@@H](C2)N3CC[C@H](NC(C)=O)c2cccc(F)c2)C1,-6.0,,,train
CCCC(=O)N[C@H]1CCCCC/C=C\[C@@H]2C[C@@]2(C(=O)NS(=O)(=O)C2CC2)NC(=O)[C@@H]2C[C@@H](Oc3cc(OCC)nc4c(C)c(OC)ccc34)CN2C1=O,-6.045757490560675,,,train
CCCC(=O)Nc1ccc(OCC(O)CNC(C)C)c(C(C)=O)c1,-5.958607314841775,,,train
CCCC(=O)O[C@@H](C(=O)N1N=CC[C@H]1C(=O)NCc1cc(Cl)ccc1-n1cnnn1)c1ccc(F)cc1,-4.6020599913279625,,,train
CCCC(=O)O[C@H]1[C@@H](F)[C@H](n2cnc3c(N)ncnc32)O[C@@H]1CNS(=O)(=O)NC(=O)c1ccccc1O.CCN(CC)CC,-6.301029995663981,,,val
CCCC(=O)c1cc(C#N)c(N2CCC(C(=O)NS(=O)(=O)C(C)c3ccccc3)CC2)nc1C,-6.0,,,train
CCCC(=O)c1cc(C#N)c(N2CCC(C(=O)NS(=O)(=O)C3(c4ccccc4)CC3)CC2)nc1C,-5.2839966563652006,,,train
CCCC(=O)c1cc(C#N)c(N2CCC(C(=O)NS(=O)(=O)C3(c4ccccc4)CC3)CC2)nc1SC,-5.698970004336019,,,train
CCCC(=O)c1cc(C#N)c(N2CCC(C(=O)NS(=O)(=O)Cc3ccc(C)c(F)c3)CC2)nc1C,-6.154901959985743,,,train
CCCC(=O)c1cc(C#N)c(N2CCC(C(=O)NS(=O)(=O)Cc3ccc(C)cc3)CC2)nc1C,-5.853871964321762,,,train
CCCC(=O)c1cc(C#N)c(N2CCC(C(=O)NS(=O)(=O)Cc3ccc(Cl)cc3)CC2)nc1C,-6.3979400086720375,,,train
CCCC(=O)c1cc(C#N)c(N2CCC(C(=O)NS(=O)(=O)Cc3ccc(F)cc3F)CC2)nc1C,-6.522878745280337,,,test
CCCC(=O)c1cc(C#N)c(N2CCC(C(=O)NS(=O)(=O)Cc3ccccc3)CC2)nc1C,-6.508864383480216,,,train
CCCC(=O)c1cc(C#N)c(N2CCC(C(=O)NS(=O)(=O)Cc3ccccc3)CC2)nc1C(F)F,-7.0,,,train
CCCC(=O)c1cc(C#N)c(N2CCC(C(=O)NS(=O)(=O)Cc3ccccc3)CC2)nc1CCC,-5.920818753952375,,,train
CCCC(=O)c1cc(C#N)c(N2CCC(C(=O)NS(=O)(=O)Cc3ccccc3)CC2)nc1CF,-7.0,,,val
CCCC(=O)c1cc(C#N)c(N2CCC(C(=O)NS(=O)(=O)Cc3ccccc3)CC2)nc1SC,-6.522878745280337,,,train
CCCC(=O)c1cc(C#N)c(N2CCC(C(=O)NS(=O)(=O)Cc3ccccc3Cl)CC2)nc1C,-6.3979400086720375,,,test
CCCC(=O)c1cnc(N2CCN(C(=O)NS(=O)(=O)c3ccc(Cl)s3)CC2)c(Cl)c1,-6.795880017344075,,,train
CCCC(C)N1CCC(N(Cc2ccccc2)C(=O)Nc2cccc(C(F)(F)F)c2)CC1,,-2.853871964321762,,train
CCCC(Nc1cc(C)c(-n2cc(C(F)(F)F)cn2)c(C)c1)c1ccc(C(=O)NCCC(=O)O)cc1,,,-5.568636235841013,train
CCCC(Nc1ccc(-n2cc(C(F)(F)F)cn2)cc1)c1ccc(C(=O)NCCC(=O)O)cc1,,,-5.3979400086720375,val
CCCC(Nc1ccc(-n2cc(C(F)(F)F)cn2)cn1)c1ccc(C(=O)NCCC(=O)O)cc1,,,-6.096910013008056,train
CCCC(Nc1ccc(-n2cc(C(F)(F)F)cn2)nc1)c1ccc(C(=O)NCCC(=O)O)cc1,,,-5.337242168318426,train
CCCC(Nc1ccc(-n2cnc(C(F)(F)F)c2)cc1)c1ccc(C(=O)NCCC(=O)O)cc1,,,-6.221848749616356,train
CCCC(Nc1cnc(-n2cc(C(F)(F)F)cn2)nc1)c1ccc(C(=O)NCCC(=O)O)cc1,,,-6.096910013008056,train
CCCC(Nc1cnn(-c2ccc(C(F)(F)F)cc2)c1)c1ccc(C(=O)NCCC(=O)O)cc1,,,-5.307057504761367,train
CCCC(Oc1ccc(-n2cc(C(F)(F)F)cn2)cc1)c1ccc(C(=O)NCCC(=O)O)cc1,,,-5.508638306165728,train
CCCC(Oc1ccc(-n2cc(C(F)(F)F)cn2)nc1)c1ccc(C(=O)NCCC(=O)O)cc1,,,-5.468521082957745,test
CCCC(Oc1ccc(-n2cc3ccccc3n2)cc1)c1ccc(C(=O)NCCC(=O)O)cc1,,,-5.330971062290121,train
CCCC(Oc1ccc(-n2cnc(C(F)(F)F)c2)cc1)c1ccc(C(=O)NCCC(=O)O)cc1,,,-5.638272163982407,train
CCCC(Oc1cnn(-c2ccc(C(F)(F)F)cc2)c1)c1ccc(C(=O)NCCC(=O)O)cc1,,,-5.171310469034747,train
CCCC1(C(=O)c2cc(F)c3[nH]ccc3c2)CCCN1,-4.366531544420414,,,train
CCCC1(C(=O)c2ccc(Cl)c(Cl)c2)CCCN1,-4.721246399047171,,,train
CCCC1(C(=O)c2ccc(N)c(Cl)c2)CCCN1,-4.431798275933005,,,train
CCCC1(C(=O)c2ccc3[nH]ccc3c2)CCCN1,-4.3872161432802645,,,train
CCCC1(C(=O)c2ccc3[nH]ncc3c2)CCCN1,-4.537602002101044,,,train
CCCCC#Cc1c(C)[nH]c2ccc(F)cc2c1=O,,-3.305394801066431,,train
CCCCC#Cc1c(C)[nH]c2ccc(OC)cc2c1=O,,-2.6129306730679795,,train
CCCCC#Cc1c(C)[nH]c2ccccc2c1=O,,-2.670185316642638,,train
CCCCC(=O)N(Cc1ccc(-c2ccccc2-c2nnn[nH]2)cc1)[C@H](C(=O)O)C(C)C,-6.3979400086720375,,-6.494850021680094,train
CCCCC(=O)NCCCC[C@@H]1NC(=O)[C@H]2CCCN2C(=O)[C@H](CCCNC(=N)N)NC(=O)[C@H](CCCCN)NC(=O)[C@H](CCCCN)NC1=O,-6.031984286006359,,,train
CCCCC(=O)O[C@@H](C(=O)N1N=CC[C@H]1C(=O)NCc1cc(Cl)ccc1-n1cnnn1)c1ccc(F)cc1,-4.3979400086720375,,,train
CCCCC(C(=O)COc1c(F)c(F)cc(F)c1F)n1cc([C@@](C)(NCc2ccc3ncccc3c2)C(C)C)nn1,,,-5.519993057042849,train
CCCCC(C(=O)COc1c(F)c(F)cc(F)c1F)n1cc([C@@](C)(NCc2ccc3ncccc3c2)C2CCCC2)nn1,,,-6.318758762624413,train
CCCCC(C(=O)COc1c(F)c(F)cc(F)c1F)n1cc([C@@](C)(NCc2ccc3ncsc3c2)C(C)C)nn1,,,-5.645891560852599,val
CCCCC(C(=O)COc1c(F)c(F)cc(F)c1F)n1cc([C@@](C)(NCc2ccn3nccc3n2)C(C)C)nn1,,,-4.82102305270683,train
CCCCC(C(=O)COc1c(F)c(F)cc(F)c1F)n1cc([C@@](C)(NCc2ccn3nccc3n2)C2CCCC2)nn1,,,-5.537602002101044,train
CCCCC(C(=O)OC)N1C(=O)/C(=C/c2ccc(C(=O)N[C@@H](CCCNC(=N)N)C(=O)N[C@@H](CCCCN)C(=O)N[C@@H](CCCC)C(N)=O)cc2)SC1=S,,-6.060480747381382,,train
CCCCC(NC(=O)c1[nH]c2c(c1C)C(=O)CC(C)(C)C2)C(=O)NC1CCCCC1,,-5.381951903287908,,train
CCCCC(NC(=O)c1[nH]c2c(c1C)C(=O)CC(C)(C)C2)C(=O)Nc1ccc(C#N)cc1,,-5.434152181326483,,train
CCCCC(NC(=O)c1[nH]c2c(c1C)C(=O)CC(C)(C)C2)C(=O)Nc1ccc(C(N)=O)cc1,,-6.2076083105017466,,val
CCCCC(NC(=O)c1[nH]c2c(c1C)C(=O)CC(C)(C)C2)C(=O)Nc1ccc(F)cc1,,-4.628932137728264,,train
CCCCC(NC(=O)c1[nH]c2c(c1C)C(=O)CC(C)(C)C2)C(=O)Nc1ccc(S(C)(=O)=O)cc1,,-5.856985199745905,,train
CCCCC(NC(=O)c1[nH]c2c(c1C)C(=O)CC(C)(C)C2)C(=O)Nc1cccc(C#N)c1,,-5.109020403010312,,train
CCCCC(NC(=O)c1[nH]c2c(c1C)C(=O)CC(C)(C)C2)C(=O)Nc1ccccc1,,-4.903089986991944,,val
CCCCC(NC(=O)c1[nH]c2c(c1C)C(=O)CC(C)(C)C2)C(=O)Nc1ccccc1C#N,,-5.105130343254747,,train
CCCCC(NC(=O)c1[nH]c2c(c1C)C(=O)CC(C)(C)C2)C(=O)Nc1ccccc1Cl,,-5.145086977692144,,test
CCCCC(NC(=O)c1[nH]c2c(c1C)C(=O)CC(C)(C)C2)C(=O)Nc1ccccc1OC,,-4.306273051076353,,train
CCCCC(NC(=O)c1[nH]c2c(c1C)C(=O)CC(C)(C)C2)C(=O)Nc1ccccn1,,-4.948847477552619,,train
CCCCC(NC(=O)c1[nH]c2c(c1C)C(=O)CC(C)(C)C2)C(=O)Nc1cccnc1,,-5.158015195409886,,train
CCCCC(NC(=O)c1[nH]c2c(c1C)C(=O)CC(C)(C)C2)C(=O)Nc1ccncc1,,-5.440093374963888,,train
CCCCC/C=C/c1c(C)[nH]c2cc(OC)c(Cl)cc2c1=O,,-4.334419008982047,,train
CCCCC1=NC2(CCCC2)C(=O)N1Cc1ccc(-c2ccccc2-c2nnn[nH]2)cc1,,,-5.0655015487564325,test
CCCCC1CN(C2CCOCC2)C(=O)N1C1CCN(C2(C)CCN(C(=O)c3c(C)cc(C#N)nc3C)CC2)CC1,-6.0,,,test
CCCCC1CN(C2CCOCC2)C(=O)N1C1CCN(C2(C)CCN(C(=O)c3c(C)ncnc3C)CC2)CC1,-6.3979400086720375,,,train
CCCCC1CN(CC2CCOCC2)C(=O)N1C1CCN(C2(C)CCN(C(=O)c3c(C)ncnc3C)CC2)CC1,-6.3979400086720375,,,train
CCCCC1c2ncccc2C(=O)N1Cc1ccc(-c2ccccc2-c2nn[nH]n2)cc1,-5.251811972993799,,,train
CCCCCC(=O)N[C@H](C(=O)NCc1ccc(NC(=N)N)cc1)c1ccc(OCc2ccccc2)cc1,,-5.795880017344075,,train
CCCCCC(=O)Nc1ccc(C(=O)CCN(C)C)cc1,,-3.2518119729938,,train
CCCCCC(CCCCC)OCCOCCOCCOCCOc1ccc2nc(/N=N/c3ccc(N(C)C)cc3)sc2c1,-5.609064892896621,,,val
CCCCCCC(=O)N[C@H](C(=O)NCc1ccc(NC(=N)N)cc1)c1ccc(OCc2ccccc2)cc1,,-6.3979400086720375,,train
CCCCCCC(C)(C)c1ccc([C@@H]2C[C@H](O)CC[C@H]2CCCO)c(O)c1,-5.2441251443275085,,,train
CCCCCCC(N)C(=O)N[C@@H](Cc1c(C)cc(O)cc1C)C(=O)N1CCC[C@H]1C(=O)N[C@@H](Cc1c[nH]c2ccccc12)C(=O)N[C@@H](Cc1ccccc1)C(N)=O,-6.416028393500049,,,val
CCCCCCC(N)C(=O)N[C@@H](Cc1ccc(O)cc1)C(=O)N1CCC[C@H]1C(=O)N[C@@H](Cc1c[nH]c2ccccc12)C(=O)N[C@@H](Cc1ccccc1)C(=O)N[C@@H]1O[C@H](C(N)=O)[C@@H](O)[C@H](O)[C@H]1O,-5.790484985457369,,,train
CCCCCCC(N)C(=O)N[C@@H](Cc1ccc(O)cc1)C(=O)N1CCC[C@H]1C(=O)N[C@@H](Cc1c[nH]c2ccccc12)C(=O)N[C@@H](Cc1ccccc1)C(N)=O,-5.450996737974212,,,val
CCCCCCC(NC(=O)[C@H](Cc1ccccc1)NC(=O)[C@H](Cc1c[nH]c2ccccc12)NC(=O)[C@@H]1CCCN1C(=O)[C@@H](N)Cc1ccc(O)cc1)C(N)=O,-6.08460016478773,,,train
CCCCCCC(NC(=O)[C@H](Cc1ccccc1)NC(=O)[C@H](Cc1c[nH]c2ccccc12)NC(=O)[C@@H]1CCCN1C(=O)[C@H](Cc1ccc(O)cc1)NC(=O)CCC(=O)N[C@@H]1O[C@H](CO)[C@@H](O)[C@H](O)[C@H]1O)C(N)=O,-5.943095148663527,,,train
CCCCCCCC(=O)NCCCC[C@@H]1NC(=O)[C@H]2CCCN2C(=O)[C@H](CCCNC(=N)N)NC(=O)[C@H](CCCCN)NC(=O)[C@H](CCCCN)NC1=O,-6.035269078946371,,,train
CCCCCCCC(=O)N[C@H](C(=O)NCc1ccc(NC(=N)N)cc1)c1ccc(OCc2ccccc2)cc1,,-6.522878745280337,,val
CCCCCCCC(=O)O[C@H]1[C@@H](F)[C@H](n2cnc3c(N)ncnc32)O[C@@H]1CNS(=O)(=O)NC(=O)c1ccccc1O.CCN(CC)CC,-5.4089353929735005,,,train
CCCCCCCCCCC(N)C(=O)N[C@@H](Cc1ccc(O)cc1)C(=O)N1CCC[C@H]1C(=O)N[C@@H](Cc1c[nH]c2ccccc12)C(=O)N[C@@H](Cc1ccccc1)C(N)=O,-5.906578314837765,,,train
CCCCCCCCCCC(NC(=O)[C@H](Cc1ccccc1)NC(=O)[C@H](Cc1c[nH]c2ccccc12)NC(=O)[C@@H]1CCCN1C(=O)[C@@H](N)Cc1ccc(O)cc1)C(N)=O,-6.380906669373258,,,test
CCCCCCCCCCCCc1ccc(NC(=O)C(=O)N2C[C@@H](Oc3ccc(/C=C/S(=O)(=O)OCC)cc3)[C@H](Oc3ccc(CCS(=O)(=O)OCC)cc3)C2)cc1,,-5.7594507517174005,,train
CCCCCCCCCCCCc1ccc(NC(=O)C(=O)N2C[C@H](Oc3ccc(CCS(=O)(=O)OCC)cc3)[C@H](Oc3ccc(/C=C/S(=O)(=O)OCC)cc3)C2)cc1,,-5.645891560852599,,train
CCCCCCCCCCCCc1cn(-c2nc(N)c3ncn([C@@H]4O[C@H](COS(=O)(=O)NC(=O)c5ccccc5O)[C@@H](O)[C@H]4O)c3n2)nn1.CCN(CC)CC,,-7.301029995663981,,train
CCCCCCCCCCc1ccc(NC(=O)C(=O)N2C[C@@H](Oc3ccc(/C=C/S(=O)(=O)OCC)cc3)[C@H](Oc3ccc(CCS(=O)(=O)OCC)cc3)C2)cc1,,-5.714442690992226,,train
CCCCCCCCCCc1ccc(NC(=O)C(=O)N2C[C@H](Oc3ccc(CCS(=O)(=O)OCC)cc3)[C@H](Oc3ccc(/C=C/S(=O)(=O)OCC)cc3)C2)cc1,,-5.739928612014925,,train
CCCCCCCCCCc1cn(-c2nc(N)c3ncn([C@@H]4O[C@H](COS(=O)(=O)NC(=O)c5ccccc5O)[C@@H](O)[C@H]4O)c3n2)nn1.CCN(CC)CC,,-7.522878745280337,,test
CCCCCCCCN(CCCCCCCCNC(=N)NCC1CC1)C(=O)N(CCCCCCNC(=N)NCC1CC1)CCCCCCNC(=N)NCC1CC1,,-6.815392071294928,,train
CCCCCCCCc1cn(-c2nc(N)c3ncn([C@@H]4O[C@H](COS(=O)(=O)NC(=O)c5ccccc5O)[C@@H](O)[C@H]4O)c3n2)nn1.CCN(CC)CC,,-5.79317412396815,,test
CCCCCCCNC[C@@H](O)c1cc(C(F)(F)F)nc2c(C(F)(F)F)cccc12,-7.275724130399211,,,train
CCCCCCCNC[C@H](O)c1cc(C(F)(F)F)nc2c(C(F)(F)F)cccc12,-8.301029995663981,,,train
CCCCCCCO[C@H]1O[C@H](CO)[C@@H](O)[C@H](O)[C@@H]1O,-5.154901959985743,,,train
CCCCCCCc1c(C)[nH]c2cc(OC)c(Cl)cc2c1=O,,-8.0,,train
CCCCCCCc1c(C)nc2cc(OC)ccc2c1O,,-3.1681302257194983,,train
CCCCCCCc1ccc(C(=O)CCN(C)C)cc1,,-2.8096683018297086,,train
CCCCCCCc1cn(-c2nc(N)c3ncn([C@@H]4O[C@H](COS(=O)(=O)NC(=O)c5ccccc5O)[C@@H](O)[C@H]4O)c3n2)nn1.CCN(CC)CC,,-5.576754126063192,,train
CCCCCCNC(=O)c1ccc(C(=O)CCN(C)C)cc1,,-3.113509274827518,,test
CCCCCCNC(=O)c1ccc(N2CCN(C(=O)c3ccccc3C(F)(F)F)CC2)nn1,-4.698970004336019,,,train
CCCCCCOC(=O)[C@H](CCC(=O)NCCC1CCN(Cc2ccccc2)CC1)NC(=O)OC(C)(C)C,,-4.935542010773082,,train
CCCCCCOC(=O)[C@H](CCC(=O)NCCC1CCN(Cc2ccccc2)CC1)NC(=O)c1cc2ccccc2s1,,-4.591760034688151,,train
CCCCCCOC(=O)[C@H](CCC(=O)NCCC1CCN(Cc2ccccc2)CC1)NC(=O)c1cc2cccnc2s1,,-4.72584215073632,,train
CCCCCCOC(=O)[C@H](CCC(=O)NCCC1CCN(Cc2ccccc2)CC1)NC(=O)c1cc2ccsc2s1,,-4.54515513999149,,train
CCCCCCOC(=O)[C@H](CCC(=O)NCCC1CCN(Cc2ccccc2)CC1)NC(=O)c1ccccc1,,-4.728158393463501,,train
CCCCCCOC(=O)[C@H](CCC(=O)NCCC1CCN(Cc2ccccc2)CC1)NC(=O)c1cccs1,,-4.679853713888946,,train
CCCCCCOC(=O)c1cn(C2CC2)c2cc(N3CCNCC3)c(F)cc2c1=O,-4.857610533881164,,,train
CCCCCCOc1c(C)cc(C(=O)CCN(C)C)cc1C,,-3.136677139879544,,test
CCCCCCOc1cc(C(C)C)c(C(=O)CCN(C)C)cc1C,,-3.065501548756432,,train
CCCCCCOc1cc(C)c(C(=O)CCN(C)C)c(C)c1,,-3.1870866433571443,,train
CCCCCCOc1cc(C)c(C(=O)CCN2CC2C)c(C)c1,,-3.0315170514460648,,train
CCCCCCOc1cc(C)c(C(=O)CCN2CCN(C(C)=O)CC2)c(C)c1,,-2.8096683018297086,,train
CCCCCCOc1cc(C)ccc1C(=O)CCN(C)C,,-2.958607314841775,,test
CCCCCCOc1cc(Cl)c(C(=O)CCN(C)C)c(Cl)c1,,-3.154901959985743,,train
CCCCCCOc1cc(Cl)c(C(=O)CCN(C)C)cc1Cl,,-2.98296666070122,,train
CCCCCCOc1cc(Cl)c(C(=O)CCN2CC2C)c(Cl)c1,,-6.0,,train
CCCCCCOc1cc(Cl)c(C(=O)CCN2CC2C)cc1Cl,,-3.0915149811213505,,train
CCCCCCOc1cc(Cl)c(C(=O)CCN2CCN(C(C)=O)CC2)cc1Cl,,-2.812479279163537,,test
CCCCCCOc1cc(Cl)c(C(=O)CCN2CCN(S(=O)(=O)CC)CC2)c(Cl)c1,,-3.065501548756432,,test
CCCCCCOc1cc(Cl)c(C(=O)CCN2CCNC(=O)C2)c(Cl)c1,,-2.8601209135987635,,train
CCCCCCOc1cc(Cl)c(C(=O)CCN2CCOCC2)c(Cl)c1,,-6.0,,train
CCCCCCOc1cc(Cl)c(C(=O)CCN2CCOCC2)cc1Cl,,-2.7520267336381936,,train
CCCCCCOc1ccc(-c2ccc(C(=O)CCN(C)C)cc2)cc1,,-3.823908740944319,,train
CCCCCCOc1ccc(C(=O)C(C)CN(C)C)cc1,,-2.869666231504994,,train
CCCCCCOc1ccc(C(=O)C(CN(C)C)C(C)C)cc1,,-2.899629454882437,,train
CCCCCCOc1ccc(C(=O)C(CN(C)C)c2ccccc2)cc1,,-3.0409586076789066,,train
CCCCCCOc1ccc(C(=O)CCN(C)C)c(Br)c1,,-4.096910013008056,,val
CCCCCCOc1ccc(C(=O)CCN(C)C)c(C(F)(F)F)c1,,-3.3010299956639813,,train
CCCCCCOc1ccc(C(=O)CCN(C)C)c(C)c1,,-3.1249387366083,,train
CCCCCCOc1ccc(C(=O)CCN(C)C)c(Cl)c1,,-2.707743928643524,,train
CCCCCCOc1ccc(C(=O)CCN(C)C)c(Cl)c1Cl,,-3.2218487496163566,,val
CCCCCCOc1ccc(C(=O)CCN(C)C)c(I)c1,,-3.5686362358410126,,train
CCCCCCOc1ccc(C(=O)CCN(C)C)c(N(C)C)c1,,-3.7695510786217263,,test
CCCCCCOc1ccc(C(=O)CCN(C)C)c(OC)c1,,-2.98296666070122,,train
CCCCCCOc1ccc(C(=O)CCN(C)C)c(S(C)(=O)=O)c1,,-3.070581074285707,,train
CCCCCCOc1ccc(C(=O)CCN(C)C)c(SC)c1,,-2.838631997765025,,train
CCCCCCOc1ccc(C(=O)CCN(C)C)c2ccccc12,,-3.1804560644581312,,train
CCCCCCOc1ccc(C(=O)CCN(C)C)cc1,,-2.98296666070122,,train
CCCCCCOc1ccc(C(=O)CCN(C)C)cc1-c1ccccc1,,-3.0809219076239263,,train
CCCCCCOc1ccc(C(=O)CCN(C)C)cc1Br,,-3.337242168318426,,test
CCCCCCOc1ccc(C(=O)CCN(C)C)cc1C,,-2.910094888560602,,train
CCCCCCOc1ccc(C(=O)CCN(C)C)cc1C(C)(C)C,,-3.721246399047171,,train
CCCCCCOc1ccc(C(=O)CCN(C)C)cc1C(F)(F)F,,-3.0315170514460648,,train
CCCCCCOc1ccc(C(=O)CCN(C)C)cc1Cc1ccccc1,,-3.638272163982408,,train
CCCCCCOc1ccc(C(=O)CCN(C)C)cc1Cl,,-2.9913998282380825,,train
CCCCCCOc1ccc(C(=O)CCN(C)C)cc1F,,-3.154901959985743,,train
CCCCCCOc1ccc(C(=O)CCN(C)C)cc1I,,-3.2676062401770314,,train
CCCCCCOc1ccc(C(=O)CCN(C)C)cc1OC,,-3.0222763947111524,,train
CCCCCCOc1ccc(C(=O)CCN(C)C)cc1S(C)(=O)=O,,-3.136677139879544,,train
CCCCCCOc1ccc(C(=O)CCN(C)C)cc1SC,,-2.896196279044043,,test
CCCCCCOc1ccc(C(=O)CCN(C)C)cc1[N+](=O)[O-],,-2.8728952016351923,,train
CCCCCCOc1ccc(C(=O)CCN(CCCC)CCCC)cc1,,-3.2518119729938,,train
CCCCCCOc1ccc(C(=O)CCN2C(=O)CCC2=O)cc1,,-2.886056647693163,,train
CCCCCCOc1ccc(C(=O)CCN2CC2C)c(Cl)c1,,-3.0604807473813813,,train
CCCCCCOc1ccc(C(=O)CCN2CC2C)c(Cl)c1Cl,,-3.431798275933005,,train
CCCCCCOc1ccc(C(=O)CCN2CC2C)cc1,,-2.779891911959945,,train
CCCCCCOc1ccc(C(=O)CCN2CCCC2)cc1,,-2.892790030352132,,train
CCCCCCOc1ccc(C(=O)CCN2CCCCC2)cc1,,-2.6716203965612624,,train
CCCCCCOc1ccc(C(=O)CCN2CCN(C)CC2)cc1,,-2.638272163982407,,train
CCCCCCOc1ccc(C(=O)CCN2CCN(S(=O)(=O)CC)CC2)c(Cl)c1Cl,,-6.0,,train
CCCCCCOc1ccc(C(=O)CCN2CCOCC2)c(Cl)c1Cl,,-3.0315170514460648,,train
CCCCCCOc1ccc(C(=O)CCN2CCOCC2)cc1,,-2.7471469690201067,,train
CCCCCCOc1ccc(C(=O)CCNc2cccc(Cl)c2)cc1,,-5.698970004336019,,test
CCCCCCOc1ccc(C(=O)CCNc2ccccc2)cc1,,-6.698970004336019,,train
CCCCCCOc1ccc(C(=O)CCn2ccnc2)cc1,,-2.826813731587726,,train
CCCCCCOc1ccc2c(c1)CC(CN(C)C)C2=O,,-3.638272163982408,,train
CCCCCCOc1ccc2c(c1)CCC(CN(C)C)C2=O,,-3.1487416512809245,,train
CCCCCCOc1ccc2c(c1)OCC(CN(C)C)C2=O,,-3.154901959985743,,train
CCCCCCOc1ccc2cc(C(=O)CCN(C)C)ccc2c1,,-2.847711655616944,,train
CCCCCCOc1cccc(C(=O)CCN(C)C)c1,,-3.0809219076239263,,test
CCCCCCS(=O)(=O)c1cc(C)c(C(=O)CCN(C)C)c(C)c1,,-2.72584215073632,,train
CCCCCCS(=O)(=O)c1cc(C)c(C(=O)CCN2CC2C)c(C)c1,,-2.920818753952376,,train
CCCCCCS(=O)(=O)c1cc(C)c(C(=O)CCN2CCN(C(C)=O)CC2)c(C)c1,,-3.3279021420642825,,train
CCCCCCS(=O)(=O)c1cc(C)c(C(=O)CCN2CCN(S(=O)(=O)CC)CC2)c(C)c1,,-2.9956786262173574,,train
CCCCCCS(=O)(=O)c1cc(C)c(C(=O)CCN2CCNC(=O)C2)c(C)c1,,-3.318758762624413,,train
CCCCCCS(=O)(=O)c1cc(C)c(C(=O)CCN2CCOCC2)c(C)c1,,-2.9430951486635277,,train
CCCCCCS(=O)(=O)c1cc(Cl)c(C(=O)CCN(C)C)c(Cl)c1,,-3.7695510786217263,,train
CCCCCCS(=O)(=O)c1cc(Cl)c(C(=O)CCN(C)C)cc1Cl,,-4.045757490560675,,train
CCCCCCS(=O)(=O)c1cc(Cl)c(C(=O)CCN2CC2C)c(Cl)c1,,-3.0087739243075053,,train
CCCCCCS(=O)(=O)c1cc(Cl)c(C(=O)CCN2CC2C)cc1Cl,,-3.5850266520291822,,train
CCCCCCS(=O)(=O)c1cc(Cl)c(C(=O)CCN2CCN(C(C)=O)CC2)c(Cl)c1,,-3.318758762624413,,train
CCCCCCS(=O)(=O)c1cc(Cl)c(C(=O)CCN2CCN(C(C)=O)CC2)cc1Cl,,-3.1739251972991736,,train
CCCCCCS(=O)(=O)c1cc(Cl)c(C(=O)CCN2CCN(S(=O)(=O)CC)CC2)cc1Cl,,-3.136677139879544,,test
CCCCCCS(=O)(=O)c1cc(Cl)c(C(=O)CCN2CCNC(=O)C2)c(Cl)c1,,-3.3665315444204134,,train
CCCCCCS(=O)(=O)c1cc(Cl)c(C(=O)CCN2CCNC(=O)C2)cc1Cl,,-3.2676062401770314,,train
CCCCCCS(=O)(=O)c1cc(Cl)c(C(=O)CCN2CCOCC2)c(Cl)c1,,-3.3279021420642825,,train
CCCCCCS(=O)(=O)c1cc(Cl)c(C(=O)CCN2CCOCC2)cc1Cl,,-3.167491087293764,,val
CCCCCCS(=O)(=O)c1ccc(C(=O)CCN(C)C)c(Cl)c1,,-3.42021640338319,,train
CCCCCCS(=O)(=O)c1ccc(C(=O)CCN(C)C)c(Cl)c1Cl,,-3.657577319177794,,train
CCCCCCS(=O)(=O)c1ccc(C(=O)CCN(C)C)cc1,,-3.10790539730952,,train
CCCCCCS(=O)(=O)c1ccc(C(=O)CCN2CC2C)c(Cl)c1,,-3.795880017344075,,train
CCCCCCS(=O)(=O)c1ccc(C(=O)CCN2CC2C)c(Cl)c1Cl,,-3.356547323513813,,train
CCCCCCS(=O)(=O)c1ccc(C(=O)CCN2CCN(C(C)=O)CC2)c(Cl)c1,,-3.4436974992327127,,train
CCCCCCS(=O)(=O)c1ccc(C(=O)CCN2CCN(C(C)=O)CC2)c(Cl)c1Cl,,-3.113509274827518,,train
CCCCCCS(=O)(=O)c1ccc(C(=O)CCN2CCN(S(=O)(=O)CC)CC2)c(Cl)c1,,-3.522878745280338,,train
CCCCCCS(=O)(=O)c1ccc(C(=O)CCN2CCN(S(=O)(=O)CC)CC2)c(Cl)c1Cl,,-3.42021640338319,,train
CCCCCCS(=O)(=O)c1ccc(C(=O)CCN2CCNC(=O)C2)c(Cl)c1,,-3.619788758288394,,train
CCCCCCS(=O)(=O)c1ccc(C(=O)CCN2CCNC(=O)C2)c(Cl)c1Cl,,-2.958607314841775,,train
CCCCCCS(=O)(=O)c1ccc(C(=O)CCN2CCOCC2)c(Cl)c1,,-3.1191864077192086,,train
CCCCCCS(=O)(=O)c1ccc(C(=O)CCN2CCOCC2)c(Cl)c1Cl,,-3.2518119729938,,train
CCCCCCSc1cc(C)c(C(=O)CCN2CC2C)c(C)c1,,-3.113509274827518,,test
CCCCCCSc1cc(C)c(C(=O)CCN2CCN(S(=O)(=O)CC)CC2)c(C)c1,,-3.795880017344075,,test
CCCCCCSc1cc(Cl)c(C(=O)CCN(C)C)c(Cl)c1,,-3.4559319556497243,,train
CCCCCCSc1cc(Cl)c(C(=O)CCN(C)C)cc1Cl,,-3.4814860601221125,,train
CCCCCCSc1cc(Cl)c(C(=O)CCN2CC2C)c(Cl)c1,,-3.721246399047171,,train
CCCCCCSc1cc(Cl)c(C(=O)CCN2CC2C)cc1Cl,,-3.8538719643217614,,train
CCCCCCSc1cc(Cl)c(C(=O)CCN2CCN(C(C)=O)CC2)c(Cl)c1,,-2.9746941347352296,,train
CCCCCCSc1cc(Cl)c(C(=O)CCN2CCN(C(C)=O)CC2)cc1Cl,,-2.9956786262173574,,train
CCCCCCSc1cc(Cl)c(C(=O)CCN2CCN(S(=O)(=O)CC)CC2)c(Cl)c1,,-4.301029995663981,,train
CCCCCCSc1cc(Cl)c(C(=O)CCN2CCN(S(=O)(=O)CC)CC2)cc1Cl,,-4.698970004336019,,train
CCCCCCSc1cc(Cl)c(C(=O)CCN2CCNC(=O)C2)cc1Cl,,-3.0915149811213505,,train
CCCCCCSc1cc(Cl)c(C(=O)CCN2CCOCC2)c(Cl)c1,,-5.0,,val
CCCCCCSc1cc(Cl)c(C(=O)CCN2CCOCC2)cc1Cl,,-2.882728704344236,,test
CCCCCCSc1ccc(C(=O)CCN(C)C)c(Cl)c1,,-3.214670164989233,,train
CCCCCCSc1ccc(C(=O)CCN(C)C)c(Cl)c1Cl,,-3.8538719643217614,,train
CCCCCCSc1ccc(C(=O)CCN(C)C)cc1,,-2.832682665251824,,train
CCCCCCSc1ccc(C(=O)CCN2CC2C)c(Cl)c1,,-3.3010299956639813,,test
CCCCCCSc1ccc(C(=O)CCN2CC2C)c(Cl)c1Cl,,-4.154901959985743,,train
CCCCCCSc1ccc(C(=O)CCN2CCN(C(C)=O)CC2)c(Cl)c1,,-2.847711655616944,,train
CCCCCCSc1ccc(C(=O)CCN2CCN(C(C)=O)CC2)c(Cl)c1Cl,,-2.638272163982407,,train
CCCCCCSc1ccc(C(=O)CCN2CCN(S(=O)(=O)CC)CC2)c(Cl)c1,,-3.130768280269024,,train
CCCCCCSc1ccc(C(=O)CCN2CCN(S(=O)(=O)CC)CC2)c(Cl)c1Cl,,-4.522878745280337,,train
CCCCCCSc1ccc(C(=O)CCN2CCNC(=O)C2)c(Cl)c1,,-2.8664610916297826,,train
CCCCCCSc1ccc(C(=O)CCN2CCNC(=O)C2)c(Cl)c1Cl,,-2.7958800173440754,,train
CCCCCCSc1ccc(C(=O)CCN2CCOCC2)c(Cl)c1,,-2.688246138944246,,train
CCCCCCSc1ccc(C(=O)CCN2CCOCC2)c(Cl)c1Cl,,-3.7695510786217263,,val
CCCCCCc1ccc(C(=O)/C=C\C(=O)O)cc1,,-4.180456064458132,,test
CCCCCCc1ccc(C(=O)C2CO2)cc1,,-2.951946826884391,,val
CCCCCCc1ccc(C(=O)CCBr)cc1,,-2.9244530386074694,,train
CCCCCCc1ccc(C(=O)CCCBr)cc1,,-4.236572006437063,,train
CCCCCCc1ccc(C(=O)CCN(C(C)C)C(C)C)cc1,,-3.126679398184601,,test
CCCCCCc1ccc(C(=O)CCN(C)C)cc1,,-2.6339507901997647,,train
CCCCCCc1ccc(C(=O)CCN(C)CCO)cc1,,-3.0154726866562074,,train
CCCCCCc1ccc(C(=O)CCN(C)CCc2ccccc2)cc1,,-4.2441251443275085,,test
CCCCCCc1ccc(C(=O)CCN(C)Cc2ccco2)cc1,,-3.166852888087215,,train
CCCCCCc1ccc(C(=O)CCN(C2CCCCC2)C2CCCCC2)cc1,,-3.98296666070122,,val
CCCCCCc1ccc(C(=O)CCN(CCCC)CCCC)cc1,,-2.7084091743419987,,train
CCCCCCc1ccc(C(=O)CCN2CCC(C(=O)OC)CC2)cc1,,-3.838631997765025,,train
CCCCCCc1ccc(C(=O)CCN2CCOCC2)cc1,,-2.91721462968355,,val
CCCCCCc1ccc(C(=O)CCNCCC)cc1,,-3.595166283380062,,train
CCCCCCc1ccc(C(=O)CCl)cc1,,-2.987584625237567,,train
CCCCCCc1ccc(C(=O)CF)cc1,,-3.0114410431213847,,train
CCCCCCc1ccc(NC(=O)/C=C/c2ccccc2)cc1,,-4.853871964321762,,val
CCCCCCc1ccc(NC(=O)/C=C\C(=O)O)cc1,,-4.537602002101044,,train
CCCCCCc1ccc(NC(=O)C=C(C)C)cc1,,-4.008773924307505,,train
CCCCCCc1ccc(NC(=O)CCC(=O)O)cc1,,-4.318758762624412,,train
CCCCCCc1cn(-c2nc(N)c3ncn([C@@H]4O[C@H](COS(=O)(=O)NC(=O)c5ccccc5O)[C@@H](O)[C@H]4O)c3n2)nn1.CCN(CC)CC,,-5.684029654543083,,val
CCCCCCc1nc(C(C)(C)C)ncc1C(=O)N(CC(C)C)[C@@H]1CNC[C@H](C(=O)N2CCOCC2)C1,,-6.361510743045363,,train
CCCCCCc1nc2cc(/C=C/C(=O)NO)ccc2n1CCN(C)C,-5.018181392829336,,,train
CCCCCCc1nc2cc(/C=C/C(=O)NO)ccc2n1CCNCC,-6.013228265733755,,,train
CCCCCN(CCCOC)C(=O)[C@@H](CCC(=O)O)NC(=O)c1ccc(Cl)c(Cl)c1,,,-5.337242168318426,train
CCCCCN1C(=O)C(C)(c2ccc3c(c2)OCO3)c2ccccc21,-5.619788758288394,,,train
CCCCCN1C(=O)C(N)(c2ccc3c(c2)OCO3)c2ccccc21,-4.657577319177793,,,train
CCCCCN1C(=O)C(O)(c2ccc3c(c2)OCO3)c2ccccc21,-4.539102157243452,,,train
CCCCCN1C(=O)C2(CCc3cc4c(cc32)OCO4)c2ccccc21,-5.958607314841775,,,train
CCCCCN1C(=O)C2(COc3cc4c(cc32)OCO4)c2ccccc21,-5.229147988357856,,,train
CCCCCN1CCC(N(Cc2ccccc2)C(=O)Nc2cccc(C(F)(F)F)c2)CC1,,-2.853871964321762,,train
CCCCCNC(=O)c1ccc(N2CCN(C(=O)c3ccccc3C(F)(F)F)CC2)nn1,-4.657577319177793,,,train
CCCCCNC[C@@H](O)c1cc(C(F)(F)F)nc2c(C(F)(F)F)cccc12,-6.943095148663527,,,train
CCCCCNC[C@H](O)c1cc(C(F)(F)F)nc2c(C(F)(F)F)cccc12,-7.431798275933005,,,train
CCCCCNc1ccc2ncc(-c3ccc(C(=O)NC[C@@H]4C[C@@H](F)CN4)c(F)c3)n2n1,,-4.301029995663981,,train
CCCCCNc1nc(C(C)(C)C)ncc1C(=O)N(CC(C)C)[C@@H]1CNC[C@H](C(=O)N2CCOCC2)C1,,-6.598599459218456,,test
CCCCCS(=O)(=O)Nc1ccc(C(=O)CCN(C)C)cc1,,-4.301029995663981,,train
CCCCCc1c(Cl)nc(NC(=O)NC(C)(C)C)c(=O)n1CC(=O)Nc1ccccc1C(=O)NS(=O)(=O)c1ccc(C(F)(F)F)cc1,-7.397940008672037,,,val
CCCCCc1cc(O)c(C(=O)NCC(=O)O)c2ncnn12,-4.698970004336019,,,train
CCCCCc1cn(-c2nc(N)c3ncn([C@@H]4O[C@H](COS(=O)(=O)NC(=O)c5ccccc5O)[C@@H](O)[C@H]4O)c3n2)nn1.CCN(CC)CC,,-8.0,,train
CCCCCc1cn2ncnc2c(C(=O)NCC(=O)O)c1O,-4.823908740944319,,,test
CCCCCn1c(=O)nc(-c2ccc(NC)nc2)c2oc3ccc(-c4cnn(C)c4)cc3c21,-5.008773924307505,,,train
CCCCCn1cc(C(=O)c2cccc3ccccc23)c2ccncc21,-4.886056647693163,,,test
CCCCCn1cc(C(=O)c2cccc3ccccc23)c2cnccc21,-5.0,,,val
CCCCN(C(=O)Nc1cccc(C(F)(F)F)c1)C1CCN(CCC)CC1,,-2.657577319177794,,train
CCCCN(CCCC)C[C@@H]1[C@H]2COC3(CC=C(C)C)C(=O)[C@@H]1C=C1C(=O)c4c(O)cc(O)c(CC=C(C)C)c4O[C@]123,,-4.928117992693875,,train
CCCCN(CCCC)C[C@@H]1[C@H]2COC3(CC=C(C)C)C(=O)[C@@H]1C=C1C(=O)c4c(O)cc5c(c4O[C@]123)C=CC(C)(C)O5,,-5.086186147616283,,train
CCCCN(CCCC)C[C@@H]1[C@H]2COC3(CC=C(C)C)C(=O)[C@@H]1C=C1C(=O)c4c(O)cccc4O[C@]123,,-4.300162274132754,,train
CCCCN(CCCC)C[C@@H]1[C@H]2COC3(CC=C(C)C)C(=O)[C@@H]1C=C1C(=O)c4c(cc(O)c(CC=C(C)C)c4O)O[C@]123,,-4.6439741428068775,,train
CCCCN(CCCC)C[C@@H]1[C@H]2COC3(CC=C(C)C)C(=O)[C@@H]1C=C1C(=O)c4c(cc5c(c4O)C=CC(C)(C)O5)O[C@]123,,-5.091514981121351,,val
CCCCN1C(=O)C(CC(C)C)NC(=O)C12CCN(Cc1ccc(Oc3ccccc3)cc1)CC2,-5.82102305270683,,,train
CCCCN1C(=O)C(CC2CCCCC2)NC(=O)C12CCN(Cc1ccc(Oc3ccccc3)cc1)CC2,-6.823908740944319,,,train
CCCCN1C(=O)[C@H](CC2CCCCC2)NC(=O)C12CCN(Cc1ccc(Oc3ccc(C(=O)NC)cc3)cc1)CC2,-5.454692883534176,,,train
CCCCN1C(=O)[C@H](CC2CCCCC2)NC(=O)C12CCN(Cc1ccc(Oc3ccc(C(=O)O)cc3)cc1)CC2,-4.958607314841775,,,train
CCCCN1C(=O)[C@H](CC2CCCCC2)NC(=O)C12CCN(Cc1ccc(Oc3ccc(O)cc3)cc1)CC2,-6.481486060122113,,,train
CCCCN1CCC(N(Cc2ccc3c(c2)OCO3)C(=O)Nc2cccc(C(F)(F)F)c2)CC1,,-2.657577319177794,,train
CCCCN1CCC(N(Cc2ccccc2)C(=O)Nc2cccc(C(F)(F)F)c2)CC1,,-2.657577319177794,,train
CCCCNC(=O)C(CCCC)NC(=O)c1[nH]c2c(c1C)C(=O)CC(C)(C)C2,,-5.058985756294431,,train
CCCCNC(=O)Nc1ccc(C(=O)CCN(C)C)cc1,,-5.0,,train
CCCCNC(=O)c1cc2c(cc1OC)[C@@]1(C)CC[C@H](O)C(C)(C)[C@@H]1CC2,,-4.9484616094846725,,train
CCCCNCCNCC(O)c1cc(C(F)(F)F)nc2c(C(F)(F)F)cccc12,,,-5.229147988357856,train
CCCCNc1ccc2ncc(-c3ccc(C(=O)NC[C@@H]4C[C@@H](F)CN4)c(F)c3)n2n1,,-4.301029995663981,,train
CCCCNc1nc(SCC)nc2c1cnn2CC(Cl)c1ccccc1,,-5.2225731776106885,,train
CCCCOC(=O)c1cn(C2CC2)c2cc(N3CCNCC3)c(F)cc2c1=O,-5.305394801066432,,,train
CCCCOC(=O)c1cnc(N2CCN(C(=O)NS(=O)(=O)c3ccc(Cl)s3)CC2)c(Cl)c1,-6.301029995663981,,,train
CCCCOc1ccc2nnc(Sc3ccc4nc(NC(=O)NCCN5CCOCC5)sc4c3)n2n1,-6.154901959985743,,,train
CCCCOc1cccc(C(=O)NC2(C(=O)N[C@H](Cc3ccccc3)C(=O)NCC3CCN(CC4CCOCC4)CC3)CCCC2)c1,-5.356547323513813,,,train
CCCCOc1ncc(S(=O)(=O)N2CCN(CC)CC2)cc1-c1nc2c(CC)n(C3CN(C)C3)nc2c(=O)[nH]1,-5.221848749616356,,,test
CCCCOc1ncc(S(=O)(=O)N2CCN(CC)CC2)cc1-c1nc2c(CC)n(CCN(C)C)nc2c(=O)[nH]1,-5.552841968657781,,,train
CCCCS(=O)(=O)N1CCC(N(Cc2ccccc2)C(=O)Nc2cccc(C(F)(F)F)c2)CC1,,-6.0,,train
CCCCSC[C@H]1O[C@@H](S[C@@H]2O[C@H](CO)[C@H](O)[C@H](n3cc(-c4cccc(F)c4)nn3)[C@H]2O)[C@H](O)[C@@H](n2cc(-c3cccc(F)c3)nn2)[C@H]1O,-7.221848749616356,,,train
CCCC[C@@H](/C=N/NC(=O)N1CCCC1)NC(=O)OC(C)(C)C,,,-6.698970004336019,train
CCCC[C@@H](/C=N/NC(=O)N1CCOCC1)NC(=O)OC(C)(C)C,,,-7.207608310501746,train
CCCC[C@@H](/C=N/NC(=O)N1CCOCC1)NC(=O)O[C@@H](C)Cc1ccccc1,,,-6.853871964321762,train
CCCC[C@@H](/C=N/NC(=O)N1CCc2ccccc21)NC(=O)OC(C)(C)C,,,-6.823908740944319,train
CCCC[C@@H](/C=N/NS(=O)(=O)N(C)C)NC(=O)OC(C)(C)C,,,-6.113509274827519,train
CCCC[C@@H](NC(=O)[C@@H](CCCCN)NC(=O)[C@@H](CCCNC(=N)N)NC(=O)c1ccc(/C=C2\SC(=O)N(Cc3ccccc3)C2=O)cc1)C(N)=O,,-6.537602002101044,,train
CCCC[C@@H](O)C(=O)N1C[C@H]2C[C@H]2[C@H]1C(=O)NCc1cc(Cl)ccc1-n1cnnn1,-4.481486060122113,,,train
CCCC[C@@H](O)C(=O)N1N=CC[C@H]1C(=O)NCc1cc(Cl)ccc1-n1cnnn1,-5.008773924307505,,,train
CCCC[C@@H](O)C(=O)N1[C@@H]2C[C@@H]2C[C@H]1C(=O)NCc1cc(Cl)ccc1-n1cnnn1,-4.455931955649724,,,train
CCCC[C@@H]1NC(=O)C2CCCN2C(=O)[C@H](CCCC)NC(=O)[C@H](Cc2ccccc2)NC(=O)CSC[C@H](C(=O)NC)NC(=O)[C@H](CCCC)NC1=O,,,-6.221848749616356,train
CCCC[C@@H]1NC(=O)[C@H](CCCC)N(C)C(=O)[C@@H]2CCCN2C(=O)[C@H](CCCC)N(C)C(=O)[C@H](Cc2ccccc2)NC(=O)CSC[C@@H](C(=O)NC)NC(=O)[C@H](CCCC)N(C)C1=O,,,-5.1938200260161125,train
CCCC[C@@H]1NC(=O)[C@H](CCCC)N(C)C(=O)[C@H](CCCC)NC(=O)[C@H](CCCC)N(C)C(=O)[C@@H](Cc2ccccc2)NC(=O)CSC[C@H](C(=O)NC)NC1=O,,,-5.823908740944319,train
CCCC[C@@H]1NC(=O)[C@H](CCCC)N(C)C(=O)[C@H](CCCC)NC(=O)[C@H](CCCC)N(C)C(=O)[C@H](CCCC)NC(=O)[C@H](CCCC)N(C)C(=O)[C@@H](Cc2ccccc2)NC(=O)CSC[C@@H](C(=O)NC)NC1=O,,,-6.455931955649724,train
CCCC[C@@H]1NC(=O)[C@H](CCCC)N(C)C(=O)[C@H](CCCC)NC(=O)[C@H](Cc2ccccc2)N(C)C(=O)[C@H]([C@@H](C)O)NC(=O)[C@H](CCCC)N(C)C(=O)[C@@H](Cc2ccccc2)NC(=O)CSC[C@@H](C(=O)NC)NC1=O,,,-6.455931955649724,train
CCCC[C@@H]1NC(=O)[C@H](CCCC)N(C)C(=O)[C@H](Cc2ccccc2)NC(=O)[C@H](CCCC)N(C)C(=O)[C@H](CCCC)NC(=O)[C@H](CCCC)N(C)C(=O)[C@@H](Cc2ccccc2)NC(=O)CSC[C@@H](C(=O)NC)NC1=O,,,-6.455931955649724,train
CCCC[C@@H]1NC(=O)[C@H](CCCC)NC(=O)[C@H](CCCC)N(C)C(=O)[C@@H]2CCCN2C(=O)[C@H](CCCC)N(C)C(=O)[C@H](Cc2ccccc2)NC(=O)CSC[C@@H](C(=O)NC)NC1=O,,,-6.096910013008056,train
CCCC[C@@H]1NC(=O)[C@H](CCCC)NC(=O)[C@H](CCCC)NC(=O)[C@@H](Cc2ccccc2)NC(=O)CSC[C@H](C(=O)NC)NC(=O)[C@H](CCCC)NC1=O,,,-6.3979400086720375,train
CCCC[C@@H]1NC(=O)[C@H](CCCC)NC(=O)[C@H]2CCCN2C(=O)[C@H](CCCC)NC(=O)[C@H](Cc2ccccc2)NC(=O)CSC[C@H](C(=O)NC)NC(=O)[C@H](CCCC)NC1=O,,,-6.698970004336019,train
CCCC[C@@H]1NC(=O)[C@H](Cc2ccccc2)N(C)C(=O)CSC[C@H](C(=O)NC)N(C)C(=O)[C@H](CCCC)NC(=O)[C@H](CCCC)N(C)C(=O)C2CCCN2C1=O,,,-5.200659450546419,train
CCCC[C@@H]1NC(=O)[C@H](Cc2ccccc2)N(C)C(=O)CSC[C@H](C(=O)NC)N(C)C(=O)[C@H](CCCC)NC(=O)[C@H](CCCC)N(C)C(=O)[C@H](CCCC)NC1=O,,,-5.096910013008056,val
CCCC[C@@H]1NC(=O)[C@H](Cc2ccccc2)N(C)C(=O)[C@@H]2CCCN2C(=O)[C@H](CCCC)N(C)C(=O)[C@H](Cc2ccccc2)NC(=O)CSC[C@@H](C(=O)NC)NC(=O)[C@H](CCCC)N(C)C1=O,,,-5.638272163982407,train
CCCC[C@@H]1NC(=O)[C@H](Cc2ccccc2)NC(=O)CSC[C@@H](C(=O)NC)NC(=O)[C@H](CCCC)N(C)C(=O)[C@H](CCCC)N(C)C(=O)[C@H](CCCC)N(C)C(=O)[C@H](CCCC)NC(=O)[C@H](CCCC)N(C)C1=O,,,-6.455931955649724,train
CCCC[C@@H]1NC(=O)[C@H](Cc2ccccc2)NC(=O)CSC[C@H](C(=O)NC)NC(=O)[C@H](CCCC)N(C)C(=O)[C@H](CCCC)NC(=O)[C@H](CCCC)N(C)C1=O,,,-5.4089353929735005,train
CCCC[C@@H]1NC(=O)[C@H](Cc2ccccc2)NC(=O)CSC[C@H](C(=O)NC)NC(=O)[C@H](CCCC)NC(=O)[C@H](CCCC)NC(=O)[C@H](CCCC)NC1=O,,,-6.221848749616356,train
CCCC[C@@H]1NC(=O)[C@H]2CCCN2C(=O)[C@H](CCCNC(=N)N)NC(=O)[C@H](CCCCN)NC(=O)[C@H](CCCCN)NC1=O,-6.540607512240769,,,train
CCCC[C@@](C)(CO)Nc1nc(N)nc2cccnc12,-4.494850021680094,,,train
CCCC[C@H](NC(=O)O[C@@H]1C(=O)N(C(=O)Cc2ccccc2)CC1(C)C)C(=O)C(=O)N[C@H](C)c1ccccc1,,,-6.3872161432802645,train
CCCC[C@H](NC(=O)O[C@@H]1C(=O)N(C(=O)NCc2ccccc2)CC1(C)C)C(=O)C(=O)N[C@H](C)c1ccccc1,,,-6.6777807052660805,val
CCCC[C@H](NC(=O)O[C@@H]1C(=O)N(C(=O)Nc2c(C)noc2C)CC1(C)C)C(=O)C(=O)N[C@H](C)c1ccccc1,,,-7.920818753952375,train
CCCC[C@H](NC(=O)O[C@@H]1C(=O)N(C(=O)Nc2ccc(C(F)(F)F)cc2)CC1(C)C)C(=O)C(=O)Nc1cc[nH]n1,,,-7.744727494896693,train
CCCC[C@H](NC(=O)O[C@@H]1C(=O)N(C(=O)c2cccnc2)CC1(C)C)C(=O)C(=O)N[C@H](C)c1ccccc1,,,-6.6777807052660805,train
CCCC[C@H](NC(=O)O[C@@H]1C(=O)N(C(=O)c2ccno2)CC1(C)C)C(=O)C(=O)N[C@H](C)c1ccccc1,,,-6.318758762624412,train
CCCC[C@H](NC(=O)O[C@@H]1C(=O)N(C(=O)c2nc3ccccc3s2)CC1(C)C)C(=O)C(=O)Nc1cc[nH]n1,,,-6.6020599913279625,train
CCCC[C@H](NC(=O)O[C@@H]1C(=O)N(C(=O)c2nnc(C(F)(F)F)s2)CC1(C)C)C(=O)C(=O)Nc1cc[nH]n1,,,-6.920818753952375,train
CCCC[C@H](NC(=O)O[C@H](Cn1ccc(-c2ccc(C(F)(F)F)cc2)n1)C(C)(C)C)C(=O)C(=O)Nc1ccn[nH]1,,,-7.040958607678906,train
CCCC[C@H](NC(=O)O[C@H](Cn1ccc(-c2ccc(C(F)(F)F)cc2)n1)C(C)(C)C)C(=O)CNS(=O)(=O)c1ccccn1,,,-6.795880017344075,train
CCCC[C@H](NC(=O)O[C@H](Cn1ccc(-c2ccncc2)n1)C(C)(C)C)C(=O)CNS(=O)(=O)c1ccccn1,,,-7.167491087293763,train
CCCC[C@H](NC(=O)O[C@H](Cn1ccc(C(F)(F)F)n1)C(C)(C)C)C(=O)CNS(=O)(=O)c1ccccn1,,,-6.468521082957745,train
CCCC[C@H](NC(=O)O[C@H](Cn1cnc(-c2ccc(C(F)(F)F)cc2)c1)C(C)(C)C)C(=O)CNS(=O)(=O)c1ccccn1,,,-6.721246399047171,train
CCCC[C@H](NC(=O)O[C@H](Cn1cnc2cc(Cl)c(Cl)cc21)C(C)(C)C)C(=O)CNS(=O)(=O)c1ccccn1,,,-6.823908740944319,train
CCCC[C@H](NC(=O)[C@H](CCCCN)NC(=O)[C@H](CCCNC(=N)N)NC(=O)/C=C/c1ccccc1)C(N)=O,,-5.8996294548824375,,train
CCCC[C@H](NC(=O)[C@H](CCCCN)NC(=O)[C@H](CCCNC(=N)N)NC(=O)c1ccc(/C=C(\C#N)C(=O)NC2CC2)cc1)C(N)=O,,-5.954677021213342,,train
CCCC[C@H](NC(=O)[C@H](CCCCN)NC(=O)[C@H](CCCNC(=N)N)NC(=O)c1ccc(/C=C2\SC(=O)N(C3CCCC3)C2=O)cc1)C(N)=O,,-6.356547323513813,,train
CCCC[C@H](NC(=O)[C@H](CCCCN)NC(=O)[C@H](CCCNC(=N)N)NC(=O)c1ccc(/C=C2\SC(=O)N(C3CCCCC3)C2=O)cc1)C(N)=O,,-5.772113295386326,,train
CCCC[C@H](NC(=O)[C@H](CCCCN)NC(=O)[C@H](CCCNC(=N)N)NC(=O)c1ccc(/C=C2\SC(=O)N(CCCC)C2=O)cc1)C(N)=O,,-5.928117992693875,,train
CCCC[C@H](NC(=O)[C@H](CCCCN)NC(=O)[C@H](CCCNC(=N)N)NC(=O)c1ccc(/C=C2\SC(=O)N(CCc3ccccc3)C2=O)cc1)C(N)=O,,-6.086186147616283,,train
CCCC[C@H](NC(=O)[C@H](CCCCN)NC(=O)[C@H](CCCNC(=N)N)NC(=O)c1ccc(/C=C2\SC(=O)N(Cc3ccc(Cl)cc3)C2=O)cc1)C(N)=O,,-5.954677021213342,,train
CCCC[C@H](NC(=O)[C@H](CCCCN)NC(=O)[C@H](CCCNC(=N)N)NC(=O)c1ccc(/C=C2\SC(=O)N(Cc3ccc(F)cc3)C2=O)cc1)C(N)=O,,-6.366531544420414,,train
CCCC[C@H](NC(=O)[C@H](CCCCN)NC(=O)[C@H](CCCNC(=N)N)NC(=O)c1ccc(/C=C2\SC(=O)N(c3ccc(C)cc3)C2=O)cc1)C(N)=O,,-6.180456064458132,,train
CCCC[C@H](NC(=O)[C@H](CCCCN)NC(=O)[C@H](CCCNC(=N)N)NC(=O)c1ccc(/C=C2\SC(=S)N(C3CCCC3)C2=O)cc1)C(N)=O,,-5.636388020107856,,train
CCCC[C@H](NC(=O)[C@H](CCCCN)NC(=O)[C@H](CCCNC(=N)N)NC(=O)c1ccc(/C=C2\SC(=S)N(C3CCCCC3)C2=O)cc1)C(N)=O,,-5.739928612014925,,val
CCCC[C@H](NC(=O)[C@H](CCCCN)NC(=O)[C@H](CCCNC(=N)N)NC(=O)c1ccc(/C=C2\SC(=S)N(CCCC)C2=O)cc1)C(N)=O,,-5.79317412396815,,train
CCCC[C@H](NC(=O)[C@H](CCCCN)NC(=O)[C@H](CCCNC(=N)N)NC(=O)c1ccc(/C=C2\SC(=S)N(Cc3ccc(OC)cc3)C2=O)cc1)C(N)=O,,-6.221848749616356,,train
CCCC[C@H](NC(=O)[C@H](CCCCN)NC(=O)[C@H](CCCNC(=N)N)NC(=O)c1ccc(/C=C2\SC(=S)N(c3ccc(Cl)cc3)C2=O)cc1)C(N)=O,,-5.991399828238083,,val
CCCC[C@H](NC(=O)[C@H](CCCCN)NC(=O)[C@H](CCCNC(=N)N)NC(=O)c1ccc(/C=C2\SC(=S)N(c3ccc(OC)cc3)C2=O)cc1)C(N)=O,,-6.229147988357856,,test
CCCC[C@H](NC(=O)[C@H](CCCCN)NC(=O)[C@H](CCCNC(=N)N)NC(=O)c1cccc(/C=C2\SC(=O)N(C3CCCC3)C2=O)c1)C(N)=O,,-5.721246399047171,,train
CCCC[C@](C)(CO)Nc1nc(N)nc2cc(C)cnc12,-4.508638306165727,,,val
CCCC[C@](C)(CO)Nc1nc(N)nc2cc(Cl)cnc12,-4.494850021680094,,,train
CCCC[C@](C)(CO)Nc1nc(N)nc2cc(F)cnc12,-5.102372908709558,,,train
CCCC[C@](C)(CO)Nc1nc(N)nc2cccnc12,-4.537602002101044,,,val
CCCCc1[nH]c(=O)c(C(=O)N2CC[C@@H](c3ccccc3)C2)c(O)c1-c1c(OC)cccc1OC,,-7.136677139879544,,train
CCCCc1[nH]c(=O)c(C(=O)N2CC[C@H](c3ccccc3)C2)c(O)c1-c1c(OC)cccc1OC,,-7.744727494896693,,train
CCCCc1[nH]c(=O)c(S(=O)(=O)c2ccc(-c3ccncc3C)cc2)c(O)c1-c1c(OC)cccc1OC,,-7.119186407719209,,val
CCCCc1[nH]c(=O)c(S(=O)(=O)c2ccc(-n3cc(Cl)ccc3=O)cc2)c(O)c1-c1c(OC)cccc1OC,,-7.657577319177793,,test
CCCCc1[nH]c(=O)c(S(=O)(=O)c2ccc(-n3ccccc3=O)cc2)c(O)c1-c1c(OC)cccc1OC,,-8.301029995663981,,train
CCCCc1c(C(=O)NCc2cncn2C)cnn1-c1ncc(C)c(-c2cccs2)n1,,-5.096910013008056,,train
CCCCc1c(NCc2ccccc2N2CCN(C)CC2)cnn(C)c1=O,,-6.6020599913279625,,train
CCCCc1cc(-c2c[nH]c3ncc(-c4cnn(C5CCNCC5)c4)cc23)nc(N)n1,-6.522878745280337,,,train
CCCCc1cc(C[C@@H]2CS(=O)(=O)C[C@H](NCc3cccc(C(C)C)c3)[C@H]2O)ccc1O,,,-6.096910013008056,train
CCCCc1cc(O)c(C(=O)NCC(=O)O)c2ncnn12,-5.00436480540245,,,train
CCCCc1ccc(-c2nc(C)c(-c3ccnc(N)n3)s2)cc1,-4.826813731587726,,,train
CCCCc1ccc(-c2nc(C)c(-c3ccnc(NN)n3)s2)cc1,-5.795880017344075,,,train
CCCCc1ccc(C(=O)NC2(C(=O)N[C@@H](Cc3ccccc3)C(=O)NCC3CCN(CC4CCOCC4)CC3)CCCC2)cc1,-5.029653123769907,-5.795880017344075,,val
CCCCc1ccc(C(=O)NC2(C(=O)N[C@@H](Cc3ccccc3)C(=O)NCC3CCN(CC4CCOCC4)CC3)CCCC2)nc1,-4.7544873321858505,-5.140861702705469,,val
CCCCc1ccc(C(=O)NC2(C(=O)N[C@H](Cc3ccccc3)C(=O)NCC3CCN(CC4CCOCC4)CC3)CCCC2)cc1,-5.031517051446065,,,train
CCCCc1ccc(C(=O)NC2(C(=O)N[C@H](Cc3ccccc3)C(=O)NCC3CCN(CC4CCOCC4)CC3)CCCC2)nc1,-4.7544873321858505,,,train
CCCCc1ccc(S(=O)(=O)N2CCN(C(=O)Oc3ccc([N+](=O)[O-])cc3)CC2)cc1,,-6.585026652029182,,train
CCCCc1cn(-c2ccc(NC(=O)Nc3cc(OC4CCCC4)ccc3C)cc2)nn1,,-5.707743928643524,,train
CCCCc1cn(-c2ccc(NC(=O)Nc3cc(OP(=O)(OCC)OCC)ccc3C)cc2)nn1,,-6.167491087293763,,train
CCCCc1cn(-c2ccc(NC(=O)Nc3cccc4cnccc34)cc2)nn1,,-7.0,,train
CCCCc1cn(-c2ccc(NC(=O)Nc3ccccc3C)cc2)nn1,,-5.543633966870957,,train
CCCCc1cn(-c2cccc(S(=O)(=O)Nc3cccc4cnccc34)c2)nn1,,-6.167491087293763,,train
CCCCc1cn(-c2cccc(S(=O)(=O)Nc3ccccc3C(F)(F)F)c2)nn1,,-6.6777807052660805,,train
CCCCc1cn(-c2cccc(S(=O)(=O)Nc3ccccc3O)c2)nn1,,-7.0,,train
CCCCc1nc(=O)c(C(=O)N2CCC(c3ccc(Cl)cc3)C2)c(O)n1-c1c(OC)cccc1OC,,-7.165713865407721,,train
CCCCc1nc(=O)c(C(=O)N2CCC(c3ccccn3)C2)c(O)n1-c1c(OC)cccc1OC,,-8.221848749616356,,train
CCCCc1nc(=O)c(C(=O)N2CCC(c3cccnc3)C2)c(O)n1-c1c(OC)cccc1OC,,-9.0,,val
CCCCc1nc(=O)c(C(=O)N2CCC(c3ccncc3)C2)c(O)n1-c1c(OC)cccc1OC,,-8.41195437047216,,val
CCCCc1nc(=O)c(C(=O)N2CC[C@@H](c3ccc(Cl)cn3)C2)c(O)n1-c1c(OC)cccc1OC,,-7.51138048999718,,train
CCCCc1nc(=O)c(C(=O)N2CC[C@@H](c3ccccc3)C2)c(O)n1-c1c(OC)cccc1OC,,-7.638272163982407,,train
CCCCc1nc(=O)c(C(=O)N2CC[C@H](c3ccc(Cl)cn3)C2)c(O)n1-c1c(OC)cccc1OC,,-7.958607314841775,,train
CCCCc1nc(=O)c(C(=O)N2CC[C@H](c3ccccc3)C2)c(O)n1-c1c(OC)cccc1OC,,-7.920818753952375,,train
CCCCc1nc(=O)c(S(=O)(=O)c2ccc(-c3ccc(F)cc3)cc2)c(O)n1-c1c(OC)cccc1OC,,-6.87942606879415,,train
CCCCc1nc(=O)c(S(=O)(=O)c2ccc(-c3ccc(F)nc3)cc2)c(O)n1-c1c(OC)cccc1OC,,-7.619788758288394,,train
CCCCc1nc(=O)c(S(=O)(=O)c2ccc(-c3cccnc3)cc2)c(O)n1-c1c(OC)cccc1OC,,-8.221848749616356,,train
CCCCc1nc(=O)c(S(=O)(=O)c2ccc(-c3ccnc(NC(=O)C4CC4)c3)cc2)c(O)n1-c1c(OC)cccc1OC,,-7.958607314841775,,train
CCCCc1nc(=O)c(S(=O)(=O)c2ccc(-n3ccccc3=O)cc2)c(O)n1-c1c(OC)cccc1OC,,-9.0,,train
CCCCc1nc(=O)c(S(=O)(=O)c2ccc(C)cc2)c(O)n1-c1c(OC)cccc1OC,,-8.154901959985743,,test
CCCCc1nc(=O)c(S(=O)(=O)c2ccc(C3CC3)cc2)c(O)n1-c1c(OC)cccc1OC,,-7.657577319177793,,train
CCCCc1nc(=O)c(S(=O)(=O)c2ccccc2)c(O)n1-c1c(OC)cccc1OC,,-8.823908740944319,,val
CCCCc1nc(C)c(CC(=S)N(C)C)c(=O)n1Cc1ccc(-c2ccccc2-c2nnn[nH]2)cc1,,,-5.920818753952375,test
CCCCc1nc(Cl)c(CO)n1Cc1ccc(-c2ccccc2-c2nnn[nH]2)cc1,-5.939302159646388,,,train
CCCCc1nc2c(C)cc(C)nc2n1Cc1ccc(-c2c(C(=O)O)n(C)c(=O)c3ccccc23)cc1,-8.0,,,train
CCCCc1nc2cc(/C=C/C(=O)NO)ccc2n1CCN(CC)CC,-5.152427340857888,,,train
CCCCn1c(-c2c(C)ccc3[nH]ncc23)cn2c3c(=O)[nH]c(=O)n(C)c3nc12,-5.095825631715837,,,train
CCCCn1c(-c2cc(-c3cccc4[nH]ncc34)ccc2C)cn2c3c(=O)[nH]c(=O)n(C)c3nc12,-5.095825631715837,,,train
CCCCn1c(-c2ccccc2)cn2c3c(=O)[nH]c(=O)n(C)c3nc12,-4.371611069949688,,,train
CCCCn1c(-c2ccccc2C)cn2c3c(=O)[nH]c(=O)n(C)c3nc12,-4.369572124974976,,,train
CCCCn1c(=O)c2cc(Cl)cnc2n1Cc1ccc(-c2ccccc2-c2nn[nH]n2)cc1,-4.966576244513051,,,test
CCCCn1c(=O)c2ccccc2n2c(S)nnc12,,-4.110698297493689,,test
CCCCn1c(=O)c2cccnc2n1Cc1ccc(-c2ccccc2-c2nn[nH]n2)cc1,-5.749579997691106,,,train
CCCCn1c2nc(C)ccc2c(=O)n1Cc1ccc(-c2ccccc2-c2nn[nH]n2)cc1,-5.060480747381382,,,test
CCCCn1c2ncccc2c(=O)n1Cc1ccc(-c2ccccc2-c2nn[nH]n2)cc1,-5.443697499232713,,,train
CCCCn1nc(-c2nc3ccccc3s2)nc2c(=O)n(C)c(=O)nc1-2,-4.458420756053419,,,val
CCCN(C(=O)C(C)c1cccc(C(=O)c2ccccc2)c1)c1ccc2cc[nH]c2c1,,-6.146301788223826,,train
CCCN(C(=O)c1csc(-c2ccc(S(C)(=O)=O)c([N+](=O)[O-])c2)n1)c1ccccc1,,-2.7907531512466264,,train
CCCN(CC1CCOC1)C(=O)c1cc(OC)c2oc(NCc3cccc(Cl)c3)nc2c1,-6.609064892896621,,,train
CCCN(CCC)Cc1cn(-c2cc(NC(=S)NCC)ncn2)cn1,,-5.1249387366083,,train
CCCN(CCCNc1ccnc2cc(Cl)ccc12)CC1CC1,,-2.95506845385084,,train
CCCN(CCO)C(=O)c1cc2ccccn2c1-c1ccccc1,-4.221848749616356,,,test
CCCN(C[C@@H]1C[C@@H](F)CN1)C(=O)c1ccc(-c2cnc3ccc(NCC4CC4)nn23)cc1,,-4.301029995663981,,train
CCCN(C[C@H]1Cc2c(cccc2N2CCNCC2)CN1)[C@H]1CCCc2cccnc21,,-7.576754126063192,,train
CCCN(Cc1ccoc1)C(=O)c1cc(C)cc(OCC2(CON=C(N)N)CC2)c1,-5.3872161432802645,,,train
CCCN1C(=O)OC[C@@H]1Cc1cc(C[C@@H]2CS(=O)(=O)C[C@H](NCc3cccc(C(C)C)c3)[C@H]2O)ccc1O,,,-5.853871964321762,train
CCCN1CCC(N(CC(C)C)C(=O)Nc2cccc(C(F)(F)F)c2)CC1,,-2.721246399047171,,train
CCCN1CCC(N(CC2CCCCC2)C(=O)Nc2cccc(C(F)(F)F)c2)CC1,,-2.657577319177794,,val
CCCN1CCC(N(CCC(C)C)C(=O)Nc2cccc(C(F)(F)F)c2)CC1,,-2.8239087409443187,,train
CCCN1CCC(N(CCC)C(=O)Nc2cccc(C(F)(F)F)c2)CC1,,-2.7958800173440754,,val
CCCN1CCC(N(CCOC)C(=O)Nc2cccc(C(F)(F)F)c2)CC1,,-2.7958800173440754,,train
CCCN1CCC(N(Cc2cc(F)cc(C(F)(F)F)c2)C(=O)Nc2cccc(C(F)(F)F)c2)CC1,,-2.657577319177794,,val
CCCN1CCC(N(Cc2ccc3c(c2)OCO3)C(=O)Nc2cccc(C(F)(F)F)c2)CC1,,-2.657577319177794,,train
CCCN1CCC(N(Cc2ccccc2)C(=O)Nc2cccc(C(F)(F)F)c2)CC1,,-2.744727494896694,,train
CCCN1CCC(N(Cc2cccnc2)C(=O)Nc2cccc(C(F)(F)F)c2)CC1,,-2.886056647693163,,train
CCCN1CCC(N(Cc2ccco2)C(=O)Nc2cccc(C(F)(F)F)c2)CC1,,-2.657577319177794,,train
CCCN1CCC(N(Cc2ccncc2)C(=O)Nc2cccc(C(F)(F)F)c2)CC1,,-3.154901959985743,,train
CCCN1CCC(n2cc(CNc3cc(Cl)c4ncc(C#N)c(Nc5ccc(F)c(Cl)c5)c4c3)nn2)CC1,,-6.318758762624413,,train
CCCN1CCN(Cc2cc(-c3ccc(CN4CCOCC4)cc3)nc3ccc(F)cc23)CC1,,-7.033389013318065,,train
CCCN1CCN(c2ccc(C(=O)CCN(C)C)cc2)CC1,,-3.494850021680094,,train
CCCNCC(O)COc1ccccc1C(=O)CCc1ccccc1,,-2.8239087409443187,,train
CCCNP(=O)(CCl)OC[C@H]1O[C@@H](n2cc(C)c(=O)[nH]c2=O)C[C@@H]1N=[N+]=[N-],-5.492144128304169,,,train
CCCNc1cc(C(=O)NC2CC3CCC(C2)N3c2ccc(C(=O)C3CC3)cn2)c(C)cc1C(N)=O,,,-6.6307841425898575,train
CCCNc1cc(NC(=O)c2c(F)cccc2F)cc(C(F)(F)F)c1,-5.568636235841013,,,train
CCCNc1cc(NC(=O)c2ccccc2)cc(C(F)(F)F)c1,-5.2076083105017466,,,train
CCCNc1ccc2ncc(-c3ccc(C(=O)NC[C@@H]4C[C@@H](F)CN4)c(F)c3)n2n1,,-4.301029995663981,,train
CCCNc1nc(OCCOC)nc2c1CN(C(=O)c1cc(C(C)C)c(O)cc1O)CC2,,-4.104190849830869,,train
CCCNc1nccc(-c2n[nH]c3nc(N4CCC5(CC4)CO[C@@H](C)[C@H]5N)c(CO)nc23)c1Cl,,,-5.6020599913279625,test
CCCOC(=O)C1=C(C)CS[C@@H]2[C@H](NC(=O)COc3ccccc3)C(=O)N12,,-5.137868620686963,,train
CCCOC(=O)N1CCN(C(=O)c2ccc3c(Cl)c4c(nc3c2)CC(CN)CC4)CC1,-5.3535962737769305,,,train
CCCOC(=O)N1CCN(C(=O)c2ccc3c(Cl)c4c(nc3c2)CCCC4)[C@@H](C)C1,-4.985059650207064,,,train
CCCOC(=O)N[C@H]1CCCCC/C=C\[C@@H]2C[C@@]2(C(=O)NS(=O)(=O)C2CC2)NC(=O)[C@@H]2C[C@@H](Oc3cc(OCC)nc4c(C)c(OC)ccc34)CN2C1=O,-5.522878745280337,,,train
CCCOC(=O)c1cn(C2CC2)c2cc(N3CCNCC3)c(F)cc2c1=O,-6.366531544420414,,,train
CCCOCc1cccc(C[C@@H]2CS(=O)(=O)C[C@H](NCc3cccc(C(C)C)c3)[C@H]2O)c1,,,-5.154901959985743,train
CCCOc1cc(NC(=O)C2(NC(=O)c3ccc4c(C5CCCC5)c(-c5ccccn5)n(C)c4c3)CCC2)ccc1/C=C/C(=O)O,-4.721246399047171,,,train
CCCOc1ccc(NC(=O)C(C)(C)c2csc(NS(=O)(=O)C3CC3)n2)cc1,-5.1938200260161125,,,train
CCCOc1cccc(-c2[nH]c3cc(OC)ccc3c(=O)c2C(=O)OCC)c1,,-3.468521082957745,,val
CCCOc1cccc(C(=O)NNS(=O)(=O)c2ccccc2F)c1,-4.111820506081675,,,train
CCCOc1cccc(CNC(=O)c2ccc(-c3ccncc3)cc2)c1,,-4.790484985457369,,train
CCCOc1cccc(C[C@@H]2CS(=O)(=O)C[C@H](NCc3cccc(C(C)C)c3)[C@H]2O)c1,,,-5.2441251443275085,train
CCCOc1cccc([C@@H](C)NC(=O)c2ccc(-c3ccncc3)cc2)c1,,-4.72584215073632,,val
CCCOc1nc(OCCOC)nc2c1CN(C(=O)c1cc(C(C)C)c(O)cc1O)CC2,,-4.056950888991594,,train
CCCS(=O)(=O)N1CCC(N(Cc2ccccc2)C(=O)Nc2cccc(C(F)(F)F)c2)CC1,,-6.0,,train
CCCS(=O)(=O)Nc1ccc(F)c(C(=O)Nc2cnc3[nH]c(-c4ccc(Br)cc4)nc3c2)c1F,-5.886056647693163,,,test
CCCS(=O)(=O)Nc1ccc(F)c(C(=O)Nc2cnc3[nH]c(-c4ccc(C(F)(F)F)cc4)nc3c2)c1F,-6.0,,,test
CCCS(=O)(=O)Nc1ccc(F)c(C(=O)Nc2cnc3[nH]c(-c4ccc(C)cc4)nc3c2)c1F,-5.585026652029182,,,train
CCCS(=O)(=O)Nc1ccc(F)c(C(=O)Nc2cnc3[nH]c(-c4ccc(Cl)c(Cl)c4)nc3c2)c1F,-5.698970004336019,,,train
CCCS(=O)(=O)Nc1ccc(F)c(C(=O)Nc2cnc3[nH]c(-c4ccccc4)cc3c2)c1F,-5.251811972993799,,,train
CCCS(=O)(=O)Nc1ccc(F)c(C(=O)Nc2cnc3[nH]ccc3c2)c1F,-5.136677139879544,,,train
CCCS(=O)(=O)Nc1ccc(F)c(C(=O)Nc2cnc3[nH]cnc3c2)c1F,-6.221848749616356,,,train
CCCS(=O)(=O)Nc1ccc(F)c(C(=O)Nc2cnc3[nH]ncc3c2)c1F,-5.886056647693163,,,train
CCCS(=O)(=O)Nc1ccc(F)c(C(=O)Nc2cnc3cc(-c4ccccc4)nn3c2)c1F,-4.806875401645539,,,train
CCCS(=O)(=O)Nc1ccc(F)c(C(=O)Nc2cnc3ccnn3c2)c1F,-4.943095148663527,,,val
CCCSc1ccc2[nH]c(NC(=O)OC)nc2c1,-5.503070351926785,-3.547293773488971,,train
CCCSc1nc(Nc2cccc(Cl)c2)c2cnn(CC(Cl)c3ccccc3)c2n1,,-7.096910013008056,,train
CCC[C@@H](C[C@H](C)NC(=O)[C@H](C)C[C@@H](NC(=O)[C@@H](Cc1ccccc1)C[C@@H](C)N)C(C)C)C(=O)O,-7.481486060122113,,,train
CCC[C@@H]1C[C@H](N(C)C(C)C)CC[C@@H]1N1CC[C@H](Nc2ncnc3ccc(C(F)(F)F)cc23)C1=O,,-6.276544327964814,,train
CCC[C@@H]1N(C(=O)c2cnccc2C(F)(F)F)CCC[C@]1(Oc1ccc(C(F)(F)F)cc1)C(=O)N1CCN(c2ccccc2OCCO)CC1,-7.00436480540245,,,train
CCC[C@@H]1N(C(=O)c2cnccc2C(F)(F)F)CCC[C@]1(Oc1csc(C(F)(F)F)c1)C(=O)N1CCN(c2ccccc2OCC(=O)NC)CC1,-6.742321425130816,,,test
CCC[C@@H]1NC(=O)[C@H](CC(C)C)N(C)C(=O)[C@H](C(C)C)N(C)C(=O)[C@H](CC(C)C)N(C)C(=O)[C@H](CC(C)C)N(C)C(=O)[C@@H](C)NC(=O)[C@H](C)NC(=O)[C@H](CC(C)C)N(C)C(=O)[C@H](C(C)C)NC(=O)[C@H](CC(C)C)N(C)C(=O)CN(C)C1=O,,-6.537602002101044,,train
CCC[C@@H]1NC(=O)[C@H](CC(C)C)N(C)C(=O)[C@H](C(C)C)N(C)C(=O)[C@H](CC(C)C)N(C)C(=O)[C@H](CC(C)C)N(C)C(=O)[C@@H](C)NC(=O)[C@H](CCC(N)=O)NC(=O)[C@H](CC(C)C)N(C)C(=O)[C@H](C(C)C)NC(=O)[C@H](CC(C)C)N(C)C(=O)CN(C)C1=O,,-8.397940008672037,,train
CCC[C@@H]1NC(=O)[C@H](CC(C)C)N(C)C(=O)[C@H](CC(C)C)N(C)C(=O)[C@H](CC(C)C)N(C)C(=O)[C@H](CC(C)C)N(C)C(=O)[C@@H](C)NC(=O)[C@H](C)NC(=O)[C@H](CC(C)C)N(C)C(=O)[C@H](C(C)C)NC(=O)[C@H](CC(C)C)N(C)C(=O)CN(C)C1=O,,-7.221848749616356,,train
CCC[C@@H]1NC(=O)[C@H](CC(C)C)N(C)C(=O)[C@H](CC(C)C)N(C)C(=O)[C@H](CC(C)C)N(C)C(=O)[C@H](CC(C)C)N(C)C(=O)[C@@H](C)NC(=O)[C@H](CCC(N)=O)NC(=O)[C@H](CC(C)C)N(C)C(=O)[C@H](C(C)C)NC(=O)[C@H](CC(C)C)N(C)C(=O)CN(C)C1=O,,-8.045757490560675,,train
CCC[C@H](CC1(C(=O)NC2(CO)Cc3ccccc3C2)CCCC1)C(=O)O,-5.221848749616356,,,train
CCC[C@H](CC1(C(=O)Nc2nnc(C)s2)CCCC1)C(=O)O,-6.0,,,val
CCC[C@H](CC1(C(=O)Nc2nnc(CC)s2)CCCC1)C(=O)O,-5.045757490560675,,,val
CCC[C@H](CO)Nc1nc(SCc2ccccc2)nc2nc(N)sc12,-5.221848749616356,,,train
CCC[C@H](NC(=O)[C@@H]1[C@H]2CCC[C@H]2CN1C(=O)[C@@H](NC(=O)[C@@H](NC(=O)c1cnccn1)C1CCCCC1)C(C)(C)C)C(=O)C(=O)NC1CC1,-5.3872161432802645,,,train
CCC[C@H](Oc1cc(C)c(-n2cc(C(F)(F)F)cn2)c(C)c1)c1ccc(C(=O)NCCC(=O)O)cc1,,,-5.257139286759211,train
CCC[C@H](c1cccc(C(=O)N[C@H]2CCOc3ccccc32)c1)N1C(=N)NC(CC)(CC)CC1=O,,,-4.787812395596042,train
CCC[C@H]1N(C(=O)c2cnccc2C(F)(F)F)CCC[C@@]1(Oc1csc(C(F)(F)F)c1)C(=O)N1CCN(c2ccccc2OCC(=O)O)CC1,-8.154901959985743,,,train
CCC[C@H]1N(C(=O)c2cnccc2C(F)(F)F)CCC[C@@]1(Oc1csc(C(F)(F)F)c1)C(=O)N1CCN(c2ccccc2OCCCC(=O)O)CC1,-6.7447274948966935,,,val
CCCc1c(C(=O)N2CCNCC2)cc(-c2nc(-c3ccc(Cl)cc3)cs2)c(=O)n1-c1c(CC)cccc1CC,,-3.872895201635192,,train
CCCc1cc(-c2nc(-c3ccc(C)cc3)cs2)ccn1,,-6.121765531324956,,train
CCCc1cc(-c2nc(-c3ccc(NC(C)C)cc3)cs2)ccn1,,-5.975104039892515,,train
CCCc1cc(-c2nc(-c3ccc(NS(C)(=O)=O)cc3)cs2)ccn1,,-4.824488186636552,,train
CCCc1cc(C[C@@H]2CS(=O)(=O)C[C@H](NCc3cccc(C(C)C)c3)[C@H]2O)ccc1O,,,-5.376750709602099,train
CCCc1cc(O)c(C(=O)NCC(=O)O)c2ncnn12,-5.6777807052660805,,,val
CCCc1nc(C)c2c(=O)[nH]c(-c3cc(Cc4ccc(C(=O)NO)cc4)ccc3OCC)nn12,,-7.730487055782084,,train
CCCc1nc(C)c2c(=O)[nH]c(-c3cc(Cc4ccc(C(=O)NO)s4)ccc3OCC)nn12,,-7.795880017344075,,train
CCCc1nc(C)c2c(=O)nc(-c3cc(S(=O)(=O)N4CCN(CC)CC4)ccc3OCC)[nH]n12,,-7.669586226650809,,train
CCCc1nc2c(C)cc(-c3nc4ccccc4n3C)cc2n1Cc1ccc(-c2ccccc2C(=O)O)cc1,,,-4.920818753952375,train
CCCc1nn(C)c2c(=O)[nH]c(-c3cc(-c4ccc(C(=O)NO)cc4)ccc3OCC)nc12,,-7.5718652059712115,,train
CCCc1nn(C)c2c(=O)[nH]c(-c3cc(-c4ccc(C(=O)NO)s4)ccc3OCC)nc12,,-7.549750891680639,,train
CCCc1nn(C)c2c(=O)[nH]c(-c3cc(-c4ccc(CC(=O)NO)cc4)ccc3OCC)nc12,,-7.705533773838407,,train
CCCc1nn(C)c2c(=O)[nH]c(-c3cc(Cc4ccc(C(=O)NO)c(F)c4)ccc3OCC)nc12,,-7.546681659952962,,train
CCCc1nn(C)c2c(=O)[nH]c(-c3cc(Cc4ccc(C(=O)NO)cc4)ccc3OCC)nc12,,-7.665546248849069,,train
CCCc1nn(C)c2c(=O)[nH]c(-c3cc(Cc4ccc(C(=O)NO)cc4F)ccc3OCC)nc12,,-7.431798275933005,,train
CCCc1nn(C)c2c(=O)[nH]c(-c3cc(Cc4ccc(C(=O)NO)s4)ccc3OCC)nc12,,-7.536107011014093,,train
CCCc1nn(C)c2c(=O)[nH]c(-c3cc(Cc4ccc(CC(=O)NO)cc4)ccc3OCC)nc12,,-7.531652669587843,,test
CCCc1nn(C)c2c(=O)[nH]c(-c3cc(N4CCC(CC(=O)NO)CC4)ccc3OCC)nc12,,-8.309803919971486,,train
CCCc1nn(C)c2c(=O)[nH]c(-c3cc(NC4CCN(c5ncc(C(=O)NO)cn5)CC4)ccc3OCC)nc12,,-7.872895201635193,,train
CCCc1nn(C)c2c(=O)[nH]c(-c3cc(S(=O)(=O)N4CCN(C)CC4)ccc3OCC)nc12,,-7.560667306169737,,train
CCCc1nn(C)c2c(=O)[nH]c(-c3cc(S(=O)(=O)N4CCN(c5ncc(C(=O)NO)cn5)CC4)ccc3OCC)nc12,,-8.142667503568731,,train
CCCc1nn(C)c2c(=O)[nH]c(-c3cc(S(=O)(=O)NC4CCN(c5ncc(C(=O)NO)cn5)CC4)ccc3OCC)nc12,,-9.0,,train
CCCc1nn(C)c2c(=O)[nH]c(-c3cc(S(=O)(=O)Nc4ccc(/C=C/C(=O)NO)cc4)ccc3OCC)nc12,,-8.638272163982407,,val
CCCc1nn(C)c2c(=O)[nH]c(-c3cc([C@H]4CC[C@@H](C(=O)NO)CC4)ccc3OCC)nc12,,-7.774690718274138,,train
CCCn1c(=O)[nH]c(=O)c2c1nc(Sc1nc3ccccc3[nH]1)n2Cc1ccccc1,-4.511449283499556,,,val
CCCn1c(=O)c2cc(F)ccc2n2c(=S)[nH]nc12,,-3.709965388637482,,val
CCCn1c(=O)c2ccccc2n2c(S)nnc12,,-4.431798275933005,,train
CCCn1cc(S(=O)(=O)c2ccc(CNC(=O)c3cc4ccncc4o3)cc2)cn1,,,-4.721246399047171,train
CCCn1cc(S(=O)(=O)c2ccc(CNC(=O)c3cc4ccncc4o3)nc2)cn1,,,-5.096910013008056,train
CCCn1cc(S(=O)(=O)c2ccc(CNC(=O)c3cnc4[nH]ncc4c3)cc2)cn1,,,-5.721246399047171,test
CCCn1cc(S(=O)(=O)c2ccc(NC(=O)[C@@H]3C[C@H]3c3cccnc3)cc2)cn1,,,-4.939302159646388,train
CCCn1cc(S(=O)(=O)c2ccc(NC(=O)[C@H]3C[C@@H]3c3cccnc3)cc2)cn1,,,-5.1487416512809245,train
CCCn1cnc(C[C@H](CCCN)C(=O)O)c1,,,-6.568636235841013,train
CCCn1nc(NC(=O)NC23CC4CC(CC(C4)C2)C3)cc1C,,-3.090979145788844,,val
CCCn1nc(NC(=O)NC2C3CC4CC(C3)CC2C4)cc1C,,-3.4001169279263124,,train
CCN(C(=O)C(F)(F)F)c1cc2oc(-c3ccc(F)cc3)c(C(=O)NC)c2cc1-c1ccc(OC)c(C(=O)NC2(c3ncccn3)CC2)c1,,-6.078313524516398,,train
CCN(C(=O)CCc1nc2ncccc2[nH]1)c1ccccc1,,-5.015922966097169,,train
CCN(C(=O)CO)[C@H]1CN(/C(=N\C#N)Nc2cc(F)cc(OC(F)F)c2)N=C1c1ccc(Cl)c(Cl)c1,-7.638272163982407,,,train
CCN(C(=O)CO)[C@H]1CN(/C(=N\C#N)Nc2ccc(Cl)c(OC(F)F)c2)N=C1c1ccc(Cl)c(Cl)c1,-8.0,,,train
CCN(C(=O)CO)[C@H]1CN(/C(=N\C#N)Nc2cccc(OC(F)(F)F)c2)N=C1c1ccc(Cl)c(Cl)c1,-7.494850021680094,,,test
CCN(C(=O)CO)[C@H]1CN(/C(=N\C#N)Nc2cccc(OC(F)F)c2)N=C1c1ccc(Cl)c(C)c1,-7.481486060122113,,,train
CCN(C(=O)CO)[C@H]1CN(/C(=N\C#N)Nc2cccc(OC(F)F)c2)N=C1c1ccc(Cl)c(Cl)c1,-7.468521082957745,,,train
CCN(C(=O)CO)[C@H]1CN(/C(=N\C#N)Nc2cccc(OC(F)F)n2)N=C1c1ccc(Cl)c(Cl)c1,-7.4089353929735005,,,train
CCN(C(=O)CO)[C@H]1CN(/C(=N\C#N)Nc2cccc(OC)c2)N=C1c1ccc(Cl)c(Cl)c1,-7.207608310501746,,,train
CCN(C(=O)N(C)C)c1cc2oc(-c3ccc(F)cc3)c(C(=O)NC)c2cc1-c1ccc(OC)c(C(=O)NC2(c3ncccn3)CC2)c1,,-6.2403321553103694,,val
CCN(C(=O)OC)c1cc2oc(-c3ccc(F)cc3)c(C(=O)NC)c2cc1-c1ccc(OC)c(C(=O)NC2(c3ncccn3)CC2)c1,,-6.180456064458132,,train
CCN(C(=O)c1cc(C(C)C)c(O)cc1O)c1cccnc1,-4.496754228534887,,,train
CCN(C(C)=O)c1cc2oc(-c3ccc(F)cc3)c(C(=O)NC)c2cc1-c1ccc(OC)c(C(=O)NC2(c3ncccn3)CC2)c1,,-6.33161408331,,train
CCN(C)C(=O)Oc1cccc(CCNC(=O)CCCCC2CCSS2)c1,,-4.916497380169733,,test
CCN(C)C(=O)Oc1cccc(CCNC(=O)c2cc(O)c(O)c(O)c2)c1,,-5.289036881004725,,val
CCN(C)C(=O)Oc1cccc(CNC(=O)CCCCC2CCSS2)c1,,-4.556111453222628,,train
CCN(C)C(=O)Oc1cccc(CNC(=O)c2cc(O)c(O)c(O)c2)c1,,-5.313363730737707,,test
CCN(C)C(=O)Oc1cccc(CNCCNCCOc2cccc3c2ccn3S(=O)(=O)c2ccccc2)c1,,-5.896196279044044,,train
CCN(C)C(=O)Oc1cccc(NC(=O)CCCCC2CCSS2)c1,,-4.986320302708807,,test
CCN(C)C(=O)Oc1cccc(NC(=O)c2cc(O)c(O)c(O)c2)c1,,-5.511449283499556,,train
CCN(C)C(=O)Oc1cccc([C@H](C)N(C)C)c1,,-4.992739314550415,,train
CCN(C)C(=O)[C@H]1C[C@@H](c2ccc(CN3CCCC3)c(F)c2)C1,-4.464705879957229,,,train
CCN(C)C(=O)c1cc2c(-c3cc(S(C)(=O)=O)ccc3Oc3ccc(F)cc3F)cn(C)c(=O)c2[nH]1,,-4.795880017344075,-4.795880017344075,train
CCN(C)S(=O)(=O)NC(=O)c1ccc2c(C3CCCCC3)c3n(c2c1)CC1(C(=O)N2C4CCC2CN(C)C4)CC1c1cc(OC)ccc1-3,,-6.251037138743839,,test
CCN(C)[C@@H](C(=O)N1CCC[C@H]1c1ncc(-c2ccc(-c3ccc(-c4cnc([C@@H]5CCCN5C(=O)[C@@H](c5ccccc5)N(C)CC)[nH]4)cc3)cc2)[nH]1)c1ccccc1,,-6.97469413473523,,train
CCN(CC)C(=O)C1(c2ccccc2)CC1CN,-7.050609993355088,,,train
CCN(CC)C(=O)COC(=O)c1ccc2c(c1)nc(C(F)(F)F)n2C,-4.658763376761308,,,val
CCN(CC)C(=O)COC(=O)c1ccc2nc(C(F)(F)F)n(C)c2c1,-4.813326132500255,,,train
CCN(CC)C(=O)SCc1ccc(Cl)cc1,,-4.687188173787912,,train
CCN(CC)C(=O)[C@]1(c2ccccc2)C[C@H]1CN,-7.292429823902063,,,train
CCN(CC)C(=O)c1ccc2cc1CN(C)C(=O)[C@H](Nc1ccc3c(N)nccc3c1)c1ccc(c(C)c1)[C@@H](C)COC(=O)N2,,-7.481486060122113,,train
CCN(CC)CC(=O)Nc1c(C)cccc1C,,-4.026872146400302,,train
CCN(CC)CC(=O)OC/C(C)=C\C[C@@]12OC(C)(C)[C@@H]3C[C@@H](C=C4C(=O)c5c(O)cccc5O[C@]431)C2=O,,-4.195179321278838,,train
CCN(CC)CC.Cc1ccc(-c2cn(-c3nc(N)c4ncn([C@@H]5O[C@H](COS(=O)(=O)NC(=O)c6ccccc6O)[C@@H](O)[C@H]5O)c4n3)nn2)cc1,,-5.987162775294828,,train
CCN(CC)CC.Cc1cccc(-c2cn(-c3nc(N)c4ncn([C@@H]5O[C@H](COS(=O)(=O)NC(=O)c6ccccc6O)[C@@H](O)[C@H]5O)c4n3)nn2)c1,,-6.075720713938119,,train
CCN(CC)CC.Cc1ccccc1-c1cn(-c2nc(N)c3ncn([C@@H]4O[C@H](COS(=O)(=O)NC(=O)c5ccccc5O)[C@@H](O)[C@H]4O)c3n2)nn1,,-6.744727494896694,,train
CCN(CC)CC.Nc1ccc(-c2cn(-c3nc(N)c4ncn([C@@H]5O[C@H](COS(=O)(=O)NC(=O)c6ccccc6O)[C@@H](O)[C@H]5O)c4n3)nn2)cc1,,-6.481486060122113,,train
CCN(CC)CC.Nc1cccc(-c2cn(-c3nc(N)c4ncn([C@@H]5O[C@H](COS(=O)(=O)NC(=O)c6ccccc6O)[C@@H](O)[C@H]5O)c4n3)nn2)c1,,-8.0,,train
CCN(CC)CC.Nc1ccccc1-c1cn(-c2nc(N)c3ncn([C@@H]4O[C@H](COS(=O)(=O)NC(=O)c5ccccc5O)[C@@H](O)[C@H]4O)c3n2)nn1,,-7.522878745280337,,val
CCN(CC)CC.Nc1nc(-n2cc(-c3ccc(O)cc3)nn2)nc2c1ncn2[C@@H]1O[C@H](COS(=O)(=O)NC(=O)c2ccccc2O)[C@@H](O)[C@H]1O,,-8.0,,val
CCN(CC)CC.Nc1nc(-n2cc(-c3cccc(O)c3)nn2)nc2c1ncn2[C@@H]1O[C@H](COS(=O)(=O)NC(=O)c2ccccc2O)[C@@H](O)[C@H]1O,,-7.045757490560675,,train
CCN(CC)CC.Nc1nc(-n2cc(-c3ccccc3O)nn2)nc2c1ncn2[C@@H]1O[C@H](COS(=O)(=O)NC(=O)c2ccccc2O)[C@@H](O)[C@H]1O,,-6.920818753952375,,train
CCN(CC)CC.Nc1nc(-n2cc(-c3ccccn3)nn2)nc2c1ncn2[C@@H]1O[C@H](COS(=O)(=O)NC(=O)c2ccccc2O)[C@@H](O)[C@H]1O,,-6.920818753952375,,train
CCN(CC)CC.Nc1nc(-n2cc(-c3cccnc3)nn2)nc2c1ncn2[C@@H]1O[C@H](COS(=O)(=O)NC(=O)c2ccccc2O)[C@@H](O)[C@H]1O,,-6.337242168318426,,train
CCN(CC)CC.Nc1nc(-n2cc(-c3ccncc3)nn2)nc2c1ncn2[C@@H]1O[C@H](COS(=O)(=O)NC(=O)c2ccccc2O)[C@@H](O)[C@H]1O,,-8.0,,test
CCN(CC)CC.Nc1nc(-n2cc(C3CC3)nn2)nc2c1ncn2[C@@H]1O[C@H](COS(=O)(=O)NC(=O)c2ccccc2O)[C@@H](O)[C@H]1O,,-8.0,,train
CCN(CC)CC.Nc1nc(-n2cc(C3CCCC3)nn2)nc2c1ncn2[C@@H]1O[C@H](COS(=O)(=O)NC(=O)c2ccccc2O)[C@@H](O)[C@H]1O,,-8.0,,train
CCN(CC)CC.Nc1nc(-n2cc(C3CCCCC3)nn2)nc2c1ncn2[C@@H]1O[C@H](COS(=O)(=O)NC(=O)c2ccccc2O)[C@@H](O)[C@H]1O,,-6.4089353929735005,,train
CCN(CC)CC.Nc1nc(-n2cc(CO)nn2)nc2c1ncn2[C@@H]1O[C@H](COS(=O)(=O)NC(=O)c2ccccc2O)[C@@H](O)[C@H]1O,,-8.0,,test
CCN(CC)CC.Nc1ncnc2c1ncn2[C@@H]1O[C@H](CNS(=O)(=O)NC(=O)c2ccccc2O)[C@@H](O)[C@H]1F,-5.376750709602099,,,test
CCN(CC)CC.Nc1ncnc2c1ncn2[C@@H]1O[C@H](CNS(=O)(=O)NC(=O)c2ccccc2O)[C@@H](O)[C@H]1O,-5.910094888560602,,,train
CCN(CC)CC.Nc1ncnc2c1ncn2[C@@H]1O[C@H](COS(=O)(=O)NC(=O)c2ccccc2O)[C@@H](O)[C@H]1O,-5.910094888560602,,,test
CCN(CC)CC.O=C(NS(=O)(=O)NC[C@H]1O[C@@H](n2cnc3c(NC4CC4)nc(-c4ccccc4)nc32)[C@H](O)[C@@H]1O)c1ccccc1O,-6.2839966563652006,,,train
CCN(CC)CC1CCN(c2ccc(Nc3nc(NC4CCCCC4)c4nc[nH]c4n3)c(OC)c2)CC1,,-3.318758762624413,,train
CCN(CC)CCCC(C)Nc1c2ccc(Cl)cc2nc2ccc(OC)cc12,,-4.714442690992226,,test
CCN(CC)CCCC(C)Nc1ccnc2cc(C(F)(F)F)ccc12,,-2.567993312730401,,train
CCN(CC)CCCC(C)Nc1ccnc2cc(Cl)ccc12,-6.0,-3.11069829749369,-4.886056647693163,train
CCN(CC)CCCC(C)Nc1ccnc2cc(Oc3ccccc3)ccc12,,-2.730954290342377,,train
CCN(CC)CCCCN(C[C@H]1Cc2ncccc2CN1)[C@H]1CCCc2cccnc21,,-6.619788758288394,,train
CCN(CC)CCCCNc1c2ccc(Cl)cc2nc2ccc(OC)cc12,,-4.785951320588058,,train
CCN(CC)CCCN(C)Cc1cccc(C(=O)Nc2sc3c(c2C(=O)N/N=C/c2ccc(Cl)c(C(F)(F)F)c2)CCC(C)(O)C3)c1,,-6.585026652029182,,val
CCN(CC)CCCN(C)Cc1cccc(C(=O)Nc2sc3c(c2C(=O)N/N=C/c2ccc(Cl)c(C(F)(F)F)c2)CCN(C2CC2)C3)c1,,-7.292429823902064,,train
CCN(CC)CCCNc1c2ccc(Cl)cc2nc2ccc(OC)cc12,,-4.657972311912529,,val
CCN(CC)CCCNc1nc(/C=C/c2ccc(OC)cc2)nc2ccc(Br)cc12,,-5.271646217978772,,test
CCN(CC)CCCS(=O)(=O)N1CCC(c2c[nH]c3c(C(N)=O)cc(-c4ccccc4)cc23)CC1,,-6.698970004336019,,train
CCN(CC)CCCc1cc2cc(Cl)ccc2nc1-c1cccs1,,-4.679853713888946,,train
CCN(CC)CCN(C)c1ccc(Cn2c(=O)[nH]c3c(N)nc(C(F)(F)F)cc32)cn1,,-5.6020599913279625,,train
CCN(CC)CCNC(=O)/C=N/O,,-5.958607314841775,,train
CCN(CC)CCNC(=O)[C@]1(C)CC[C@]2(C)CC[C@]3(C)C4=CC=C5C(=CC(=O)C(O)=C5C)[C@]4(C)CC[C@@]3(C)[C@@H]2C1,,-4.274741933640039,,train
CCN(CC)CCNC(=O)c1oc2ccc(N(Cc3ccc(Br)cc3)S(=O)(=O)c3ccc(Br)cc3)cc2c1C,,-5.595166283380062,,train
CCN(CC)CCNc1c2ccc(Cl)cc2nc2ccc(OC)cc12,,-4.678194516142461,,test
CCN(CC)CCNc1cc(C)c2cc(NC(=O)c3ccc(Cl)c(Cl)c3)ccc2n1,,-4.551139154392559,,train
CCN(CC)CCNc1nc(/C=C/c2ccc(C(C)C)cc2)nc2ccc(F)cc12,,-5.7594507517174005,,train
CCN(CC)CCNc1nc(/C=C/c2ccc(S(C)(=O)=O)cc2)nc2ccc(Cl)cc12,,-6.251811972993799,,train
CCN(CC)CCOCCOCCOc1cccc(C(=O)Nc2sc3c(c2C(=O)N/N=C/c2ccc(Cl)c(C(F)(F)F)c2)CCC(C)(C)C3)c1,,-7.602059991327962,,train
CCN(CC)CCOCCOCCOc1cccc(C(=O)Nc2sc3c(c2C(=O)N/N=C/c2ccc(Cl)c(C(F)(F)F)c2)CCN(C2CC2)C3)c1,,-6.638272163982407,,train
CCN(CC)CCOc1ccc2cc1COCC=CCOCc1cccc(c1)-c1ccnc(n1)N2,,-4.801342913045578,,train
CCN(CC)CCOc1ncc2c(n1)CCN(C(=O)c1cc(C(C)C)c(O)cc1O)C2,,-4.590066876668706,,train
CCN(CC)C[C@@H](O)COCCOCCOCCOc1cccc(C(=O)Nc2sc3c(c2C(=O)N/N=C/c2ccc(Cl)c(C(F)(F)F)c2)CCC(C)(C)C3)c1,,-7.602059991327962,,val
CCN(CC)C[C@H]1[C@@H](O)[C@@]2(O)c3c(OC)cncc3O[C@@]2(c2ccc(C#N)cc2)[C@@H]1c1ccccc1,-6.522878745280337,,,test
CCN(CC)[C@@H](C(=O)N1CCC[C@H]1c1ncc(-c2ccc(-c3ccc(-c4cnc([C@@H]5CCCN5C(=O)[C@@H](NC(=O)OC)C(C)C)[nH]4)cc3)cc2)[nH]1)c1ccccc1,,-6.151195298948196,,train
CCN(CC)[C@@H](C(=O)N1CCC[C@H]1c1ncc(-c2ccc(-c3ccc(-c4cnc([C@@H]5CCCN5C(=O)[C@@H](c5ccccc5)N(CC)CC)[nH]4)cc3)cc2)[nH]1)c1ccccc1,,-6.5934598195660445,,train
CCN(CC)[C@@H](C(=O)N1CCC[C@H]1c1ncc(-c2ccc(-c3ccc(-c4cnc([C@@H]5CCCN5C(=O)[C@@H](c5ccccc5)N5CCCCC5)[nH]4)cc3)cc2)[nH]1)c1ccccc1,,-6.4723700991286615,,train
CCN(CC)[C@@H](C(=O)N1CCC[C@H]1c1ncc(-c2ccc(-c3ccc(-c4cnc([C@@H]5CCCN5C(=O)[C@H](C)NC(=O)OC)[nH]4)cc3)cc2)[nH]1)c1ccccc1,,-6.596879478824183,,train
CCN(CC)c1ccc(/C=C2\C(=O)N(c3ccccn3)N=C2C)cc1,-6.522878745280337,,,train
CCN(CC)c1ccc2c(=O)c3cccc(Cl)c3oc2c1,,-6.267606240177032,,val
CCN(CC)c1nc(OCCOC)nc2c1CN(C(=O)c1cc(C(C)C)c(O)cc1O)CC2,,-3.97004835796316,,train
CCN(CCC(=O)Nc1cccnc1)C(=O)c1ccc(F)cc1,,-5.281498311132726,,train
CCN(CCCCCCNC(=O)c1cc(O)c(C(=O)NCCCCCCN(CC)Cc2ccccc2OC)cc1O)Cc1ccccc1OC,,-5.2564902352715706,,train
CCN(CCCCNC(=O)c1cc(O)c(C(=O)NCCCCN(CC)Cc2ccccc2OC)cc1O)Cc1ccccc1OC,,-5.351639989019069,,test
CCN(CCCNC(=O)c1cc(O)c(C(=O)NCCCN(CC)Cc2ccccc2OC)cc1O)Cc1ccccc1OC,,-5.373659632624958,,val
CCN(CCO)C(=O)c1cc2ccccn2c1-c1cccc(OC)c1,-4.267606240177032,,,train
CCN(CCO)C(=O)c1cc2ccccn2c1-c1cccc(OC)n1,-4.251811972993799,,,test
CCN(CCO)C(=O)c1cc2cccnn2c1-c1cccc(C(F)(F)F)c1,-4.376750709602099,,,train
CCN(CCO)Cc1cc(Nc2nc(C)cn3c(-c4cn[nH]c4)cnc23)sn1,-7.67778070526608,,,train
CCN(CCc1nc2ncc(Cl)cc2[nH]1)C(=O)c1ccc(F)cc1,,-4.943095148663527,,train
CCN(CCc1nc2ncccc2[nH]1)C(=O)c1ccccc1,,-5.474955192963154,,train
CCN(C[C@@H]1C[C@@H](F)CN1)C(=O)c1ccc(-c2cnc3ccc(NCC4CC4)nn23)cc1,,-4.376750709602099,,train
CCN(C[C@H]1Cc2c(cccc2N2CCNCC2)CN1)[C@H]1CCCc2cccnc21,,-7.1249387366083,,test
CCN(Cc1ccc(/C=C2\COc3cc(OC)c(OC)cc3C2=O)cc1O)Cc1ccccc1N(C)C,,-4.980468315468745,,train
CCN(Cc1ccc(/C=C2\COc3cc(OC)c(OC)cc3C2=O)cc1O)Cc1ccccc1OC,,-5.218244625347531,,train
CCN(Cc1ccc2[nH]cnc2c1Cl)c1nccc(Nc2cc(C3CC3)[nH]n2)n1,,,-5.130768280269024,train
CCN(c1cc2oc(-c3ccc(F)cc3)c(C(=O)NC)c2cc1-c1cc(C)c(OC)c(C(=O)NC2(c3ncccn3)CC2)c1)S(C)(=O)=O,,-6.388276691992658,,train
CCN(c1cc2oc(-c3ccc(F)cc3)c(C(=O)NC)c2cc1-c1cc(Cl)c(OC)c(C(=O)NC2(c3ncccn3)CC2)c1)S(C)(=O)=O,,-6.085656842880559,,test
CCN(c1cc2oc(-c3ccc(F)cc3)c(C(=O)NC)c2cc1-c1cc(F)c(F)c(C(=O)NC2(c3ncccn3)CC2)c1)S(C)(=O)=O,,-6.13608262304214,,test
CCN(c1cc2oc(-c3ccc(F)cc3)c(C(=O)NC)c2cc1-c1cc(F)c(OC)c(C(=O)NC2(c3ncccn3)CC2)c1)S(C)(=O)=O,,-6.18111458540599,,train
CCN(c1cc2oc(-c3ccc(F)cc3)c(C(=O)NC)c2cc1-c1ccc(OC)c(C(=O)NC2(c3ncccn3)CC2)c1)S(C)(=O)=O,,-6.3124710387853655,,val
CCN1/C(=C/c2c(N/N=C/c3c(CO)cnc(C)c3O)c(=O)c2=O)Sc2ccccc21,,-5.552841968657781,,train
CCN1C(=O)C(=O)N([C@H]2CCCN(C[C@H]3COc4ccccc4O3)C2)C1=O,-4.492144128304169,,,train
CCN1C(=O)CNc2ncc(-c3ccc(-c4nc[nH]n4)nc3C)nc21,-4.517126416391246,,,train
CCN1C(=O)N(c2c(F)c(OC)cc(OC)c2F)Cc2cnc3[nH]ncc3c21,-5.080921907623926,,,val
CCN1C(=O)N(c2c(F)c(OC)cc(OC)c2F)Cc2cnc3c(c21)CC(=O)N3,-5.2441251443275085,,,train
CCN1C(=O)c2cccc3c(NS(=O)(=O)c4cc(Br)ccc4OC)ccc1c23,-4.896196279044044,,,train
CCN1C(=O)c2cccc3c(S(=O)(=O)NC4CCCCC4)ccc1c23,-4.673664139071248,,,train
CCN1CC(C(=O)NC(C)CCc2ccc(Cl)c(Cl)c2)=C(O)C1=O,,-7.455931955649724,,train
CCN1CC(CC#N)(n2cc(-c3nc(-c4cnn(C)c4)cn4nccc34)cn2)C1,,,-4.481486060122113,val
CCN1CC(S(=O)(=O)c2ccc3c(c2)nc(CC(C)(C)C)n3CCN(C)C)C1,,-5.0,,val
CCN1CC(n2nccc2-c2cc(Cl)ccc2Oc2ccc(S(=O)(=O)Nc3cscn3)cc2C#N)C1,,,-5.494850021680094,val
CCN1CCC(Cc2ccc(C(=O)CCN(C)C)cc2)CC1,,-3.8538719643217614,,train
CCN1CCC(c2cnn(-c3nccc4c(=O)[nH]cnc34)c2)CC1,-6.119186407719209,,,train
CCN1CCC(c2ncc(-c3cnc(N)c(OCc4ccncc4)c3)s2)CC1,-4.872895201635193,,,train
CCN1CCC(n2c([C@@H](C)O)nc3cnc4[nH]ccc4c32)C(F)(F)C1,,,-4.823908740944319,train
CCN1CCC(n2cc(CNc3cc(Cl)c4ncc(C#N)c(Nc5ccc(F)c(Cl)c5)c4c3)nn2)CC1,,-6.443697499232713,,train
CCN1CCC[C@H]1CNC(=O)c1c(O)c(Cl)cc(Cl)c1OC,-4.180456064458132,,,train
CCN1CCC[C@H]1CNC(=O)c1ccc(-c2cnc3ccc(NCC4CC4)nn23)cc1,,-4.638272163982407,,train
CCN1CCN(C(=O)Cn2c(-c3ccoc3)c(C3CCCCC3)c3ccc(C(=O)O)cc32)CC1,-5.187086643357144,,,train
CCN1CCN(C(c2ccc(Cl)cc2)c2ccc(Cl)cc2)CC1,,-3.0494891070140038,,train
CCN1CCN(CCCN(C[C@H]2Cc3ccccc3CN2)[C@H]2CCCc3cccnc32)CC1,,-6.498940737782249,,train
CCN1CCN(CCCn2cnc3c(N4CCN(CC)CC4)ncnc32)CC1,-5.447331783887807,,,train
CCN1CCN(Cc2ccc(NC(=O)CNc3ccc(-c4ccc(NC(=O)C5CC5)nc4)cc3)cc2C(F)(F)F)CC1,,-4.461803421650546,,train
CCN1CCN(Cc2ccc(NC(=O)CNc3ccc(-c4ccc(NC(C)=O)nc4)cc3)cc2C(F)(F)F)CC1,,-4.581698708680254,,train
CCN1CCN(Cc2ccc(NC(=O)N[C@H]3CCN(c4ccnc(NC)n4)C3)cc2C(F)(F)F)CC1,,,-6.522878745280337,train
CCN1CCN(S(=O)(=O)c2cnc(OCCOC)c(-c3nc4c5n(nc4c(=O)[nH]3)CCCC5C)c2)CC1,-4.619788758288394,,,train
CCN1CCN([C@@H](c2ccccc2)c2ccc(Cl)cc2)CC1,,-3.2886146209015483,,train
CCN1CCN(c2cc(C)c3cc(NC(=O)c4ccc(Cl)c(Cl)c4)ccc3n2)CC1,,-4.587371479455625,,train
CCN1CCN(c2cc(NC(=O)Cn3cc(-c4cc(C(N)=O)c(O)c(F)c4F)c4c(=O)n(C)cnc43)c(Cl)cn2)[C@@H](C)C1,-5.585026652029182,,,train
CCN1CCN(c2ccc(/C(=C(/CCCO)c3ccccc3)c3ccc(C)cc3)cc2)CC1,,-5.349692476868063,,train
CCN1CCN(c2ccc(Nc3c4ccc(Cl)cc4nc4ccc(OC)cc34)cc2)CC1,,-5.212539525481585,,train
CCN1CCN(c2cccc3c2C[C@H](CN(C)[C@H]2CCCc4cccnc42)NC3)CC1,,-6.688246138944246,,test
CCN1CCN(c2nc(NCc3ccc(CN(C)C)cc3)nc3c2ncn3CCCN2CCCC2)CC1,-4.035174882116611,,,test
CCN1CCN(c2nc(NCc3ccc(F)cc3)nc3c2ncn3CCCN2CCCC2)CC1,-4.191586448599632,,,train
CCN1CCN(c2nc(NCc3ccc(OC)cc3)nc3c2ncn3CCCN2CCCC2)CC1,-4.42033070644528,,,train
CCN1CC[C@@](NC(=O)c2ccc3c(C4CCCCC4)c(-c4ccccn4)n(C)c3c2)(C(=O)Nc2ccc(/C=C/C(=O)O)cc2)C1,-5.251811972993799,,,train
CCN1C[C@H]2C[C@@H](N(Cc3ccc(F)c(C(F)(F)F)c3)C(=O)c3cn(C)cn3)C[C@H]2C1,,,-4.838631997765025,train
CCN1C[C@H]2C[C@@H](N(Cc3cccc(OC(F)(F)F)c3)C(=O)c3cn(C)cn3)C[C@H]2C1,,,-4.522878745280337,test
CCN=[S+](C)([O-])c1ccc(Nc2ncc(C(F)(F)F)c(N[C@@H]3CCC[C@H]3N(C)C)n2)cc1,,,-5.146780367044758,train
CCNC(=N)NC(=O)Nc1c(CC)cc(C(=O)NC(C)C)cc1CC,-8.958607314841775,,,train
CCNC(=N)NC(=O)Nc1c(CC)cc(NS(=O)(=O)c2ccccc2)cc1CC,-8.853871964321762,,,train
CCNC(=N)NC(=O)Nc1c(CC)cc(S(=O)(=O)NCC)cc1CC,-8.886056647693163,,,train
CCNC(=N)NC(=O)Nc1c(CC)cccc1CC,-7.397940008672037,,,train
CCNC(=O)CN1C(=O)C(C)(c2cc(F)cc(F)c2)Oc2ccc(-c3c(N)nc(N)nc3CC)cc21,-4.6777807052660805,,,train
CCNC(=O)C[C@H]1CC[C@H](c2ccc(N3CCOc4ncnc(N)c4C3=O)cc2)CC1,,,-4.886056647693163,test
CCNC(=O)N1CCC(CN(C2Cc3cc(C#N)ccc3N(Cc3cncn3C)C2)S(=O)(=O)c2ccccn2)CC1,-6.221848749616356,,,train
CCNC(=O)N1CCC(NS(=O)(=O)c2ccc(NC(=O)c3ccccc3C)c3ccccc23)CC1,-5.721246399047171,,,val
CCNC(=O)N1C[C@H]2[C@H](C)[C@@H](C)[C@H](/C=C/c3ccc(-c4ccccc4C#N)cn3)[C@@H]3[C@@H](C)OC(=O)[C@@]32C1,,,-4.490797477668897,train
CCNC(=O)NS(=O)(=O)c1ccc(Oc2c(F)cc(/C=C(\C)C(=O)N=C(N)N)cc2F)cc1,,-6.346787486224656,,test
CCNC(=O)N[C@H]1CC[C@@]2(C)[C@@H](CC[C@@H]3[C@@H]2CC[C@]2(C)C(=O)CC[C@@H]32)C1,-4.5003129173815966,,,train
CCNC(=O)Nc1cc(-n2cccn2)c(C(=O)Nc2cccnc2)cn1,-5.910094888560602,,,train
CCNC(=O)Nc1cc(N2CCC(N)C2)c(C(=O)Nc2cccnc2)cn1,-5.39577394691553,,,train
CCNC(=O)Nc1cc(Nc2ccc(OC)cc2)c(C(=O)Nc2cccnc2)cn1,-4.92701525537207,,,train
CCNC(=O)Nc1cc(Nc2cccc(C)c2)c(C(=O)Nc2cccc(C)c2)cn1,-5.573488738635425,,,train
CCNC(=O)Nc1ccc(-c2nc(N3CCOCC3)nc(N3CCOCC3)n2)cc1,,-6.154901959985743,,train
CCNC(=O)O[C@H]1CC[C@](CNc2n[nH]c3cccc(OC)c23)(c2ccccc2)CC1,,-6.173925197299174,,train
CCNC(=O)[C@H]1C[C@@](F)(c2ccc(CN3CCCC3)c(F)c2)C1,-4.349692476868063,,,val
CCNC(=O)c1cc(-c2ccc(NC(=O)[C@H](O)c3cc(F)cc(F)c3)cc2C)cnc1N,-4.853871964321762,,,train
CCNC(=O)c1cc(C(=O)NC)c(=O)n(Cc2ccccc2)c1,,-6.610833915635467,,train
CCNC(=O)c1cc2c(-c3cc(C(=O)O)ccc3Oc3c(C)cccc3C)cn(C)c(=O)c2[nH]1,,-6.130768280269024,-6.130768280269024,train
CCNC(=O)c1cc2c(-c3cc(C(C)(C)O)ccc3Oc3c(C)cc(F)cc3C)cn(C)c(=O)c2[nH]1,,-5.698970004336019,-5.698970004336019,val
CCNC(=O)c1cc2c(-c3cc(C(C)(C)O)ccc3Oc3c(C)cccc3C)cn(C)c(=O)c2[nH]1,,-5.200659450546419,-5.200659450546419,train
CCNC(=O)c1cc2c(-c3cc(C4(O)CCC4)ccc3Oc3c(C)cc(F)cc3C)cn(C)c(=O)c2[nH]1,,-5.806875401645539,-5.806875401645539,train
CCNC(=O)c1cc2c(-c3cc(C4(O)CCOCC4)ccc3Oc3c(C)cc(F)cc3C)cn(C)c(=O)c2[nH]1,,-5.832682665251824,-5.832682665251824,train
CCNC(=O)c1cc2c(-c3cc(C4(O)COC4)ccc3Oc3c(C)cc(F)cc3C)cn(C)c(=O)c2[nH]1,,-5.779891911959945,-5.779891911959945,train
CCNC(=O)c1cc2c(-c3cc(CO)ccc3Oc3c(C)cccc3C)cn(C)c(=O)c2[nH]1,,-5.772113295386326,-5.772113295386326,train
CCNC(=O)c1cc2c(-c3cc(NC(=O)OC)ccc3Oc3c(C)cc(F)cc3C)cn(C)c(=O)c2[nH]1,,-6.036212172654444,-6.036212172654444,train
CCNC(=O)c1cc2c(-c3cc(NC(C)=O)ccc3Oc3c(C)cc(F)cc3C)cn(C)c(=O)c2[nH]1,,-5.97469413473523,-5.97469413473523,train
CCNC(=O)c1cc2c(-c3cc(NC(C)=O)ccc3Oc3c(C)cccc3C)cn(C)c(=O)c2[nH]1,,-5.707743928643524,-5.707743928643524,train
CCNC(=O)c1cc2c(-c3cc(NS(=O)(=O)CC)ccc3Oc3c(C)cc(F)cc3C)cn(C)c(=O)c2[nH]1,,-6.638272163982407,-6.638272163982407,train
CCNC(=O)c1cc2c(-c3cc(NS(=O)(=O)CC)ccc3Oc3c(C)cccc3C)cn(C)c(=O)c2[nH]1,,-6.657577319177794,-6.657577319177794,train
CCNC(=O)c1cc2c(-c3cc(S(=O)(=O)C4CC4)ccc3Oc3c(C)cccc3C)cn(C)c(=O)c2[nH]1,,-5.079354998593212,-5.079354998593212,train
CCNC(=O)c1cc2c(-c3cc(S(=O)(=O)CC)ccc3-c3c(C)cccc3C)cn(C)c(=O)c2[nH]1,,-5.045757490560675,-5.045757490560675,train
CCNC(=O)c1cc2c(-c3cc(S(=O)(=O)CC)ccc3-c3cccc4cc[nH]c34)cn(C)c(=O)c2[nH]1,,-5.455931955649724,-5.455931955649724,train
CCNC(=O)c1cc2c(-c3cc(S(=O)(=O)CC)ccc3-c3ccccc3C)cn(C)c(=O)c2[nH]1,,-4.987162775294828,-4.987162775294828,val
CCNC(=O)c1cc2c(-c3cc(S(=O)(=O)CC)ccc3-n3ccc4cccc(C)c43)cn(C)c(=O)c2[nH]1,,-4.832682665251824,-4.832682665251824,train
CCNC(=O)c1cc2c(-c3cc(S(=O)(=O)CC)ccc3-n3ccc4ccccc43)cn(C)c(=O)c2[nH]1,,-4.798602875679548,-4.798602875679548,train
CCNC(=O)c1cc2c(-c3cc(S(=O)(=O)CC)ccc3Oc3c(C)cc(Cl)cc3C)cn(C)c(=O)c2[nH]1,,-5.835647144215563,-5.835647144215563,train
CCNC(=O)c1cc2c(-c3cc(S(=O)(=O)CC)ccc3Oc3c(C)cc(F)cc3C)cn(C)c(=O)c2[nH]1,,-5.213248577854439,-5.213248577854439,train
CCNC(=O)c1cc2c(-c3cc(S(=O)(=O)CC)ccc3Oc3c(C)cccc3Br)cn(C)c(=O)c2[nH]1,,-4.978810700930062,-4.978810700930062,train
CCNC(=O)c1cc2c(-c3cc(S(=O)(=O)CC)ccc3Oc3c(C)cccc3C#N)cn(C)c(=O)c2[nH]1,,-4.815308569182402,-4.815308569182402,train
CCNC(=O)c1cc2c(-c3cc(S(=O)(=O)CC)ccc3Oc3c(C)cccc3C(F)(F)F)cn(C)c(=O)c2[nH]1,,-4.818156412055227,-4.818156412055227,test
CCNC(=O)c1cc2c(-c3cc(S(=O)(=O)CC)ccc3Oc3c(C)cccc3C(F)F)cn(C)c(=O)c2[nH]1,,-4.818156412055227,-4.818156412055227,train
CCNC(=O)c1cc2c(-c3cc(S(=O)(=O)CC)ccc3Oc3c(C)cccc3C)cn(C)c(=O)c2[nH]1,,-5.114638779968488,-5.114638779968488,train
CCNC(=O)c1cc2c(-c3cc(S(=O)(=O)CC)ccc3Oc3c(C)cccc3Cl)cn(C)c(=O)c2[nH]1,,-5.563837352959244,-5.563837352959244,train
CCNC(=O)c1cc2c(-c3cc(S(=O)(=O)CC)ccc3Oc3c(C)cccc3F)cn(C)c(=O)c2[nH]1,,-4.812479279163537,-4.812479279163537,train
CCNC(=O)c1cc2c(-c3cc(S(=O)(=O)CC)ccc3Oc3cc(C)cc(C)c3)cn(C)c(=O)c2[nH]1,,-5.508638306165728,-5.508638306165728,train
CCNC(=O)c1cc2c(-c3cc(S(=O)(=O)CC)ccc3Oc3ccc(F)cc3F)cn(C)c(=O)c2[nH]1,,-5.497572880015567,-5.497572880015567,test
CCNC(=O)c1cc2c(-c3cc(S(=O)(=O)CC)ccc3Oc3ccccc3C(C)(C)C)cn(C)c(=O)c2[nH]1,,-5.251811972993799,-5.251811972993799,test
CCNC(=O)c1cc2c(-c3cc(S(=O)(=O)CC)ccc3Oc3ccccc3C)cn(C)c(=O)c2[nH]1,,-5.434152181326483,-5.434152181326483,train
CCNC(=O)c1cc2c(-c3cc(S(=O)(=O)CC)ccc3Oc3ccccc3Cl)cn(C)c(=O)c2[nH]1,,-4.860120913598764,-4.860120913598764,train
CCNC(=O)c1cc2c(-c3cc(S(C)(=O)=O)ccc3Nc3c(C)cccc3C)cn(C)c(=O)c2[nH]1,,-5.444905551421681,-5.444905551421681,val
CCNC(=O)c1cc2c(-c3cc(S(C)(=O)=O)ccc3Oc3c(C)cccc3C)cn(C)c(=O)c2[nH]1,,-4.97061622231479,-4.97061622231479,train
CCNC(=O)c1cc2c(-c3cc(S(C)(=O)=O)ccc3Oc3ccc(F)cc3F)cn(C)c(=O)c2[nH]1,,-4.966576244513051,-4.966576244513051,test
CCNC(=O)c1cc2c(-c3ccccc3Cc3c(C)cccc3C)cn(C)c(=O)c2[nH]1,,-5.419075024324381,-5.419075024324381,test
CCNC(=O)c1cc2c(N3CCCC3C(C)(C)OC)ccnc2[nH]1,-3.7695510786217263,,,train
CCNC(=O)c1cc2c(N3CCCC3c3ccccc3)ccnc2[nH]1,-4.3872161432802645,,,test
CCNC(=O)c1cc2c(N3CCCC3c3ccccn3)ccnc2[nH]1,-4.823908740944319,,,train
CCNC(=O)c1cc2c(N3CCCC3c3cccnc3)ccnc2[nH]1,-5.3979400086720375,,,train
CCNC(=O)c1cc2c(N3CCOCC3C3CC3)ccnc2[nH]1,-4.619788758288394,,,train
CCNC(=O)c1cc2c(N3CCOCC3c3ccccc3)ccnc2[nH]1,-4.200659450546419,,,train
CCNC(=O)c1cc2c(N3CCOC[C@@H]3C)ccnc2[nH]1,-3.8297382846050425,,,train
CCNC(=O)c1ccc(N2C3CCC2CC(NC(=O)c2ccc(C(N)=O)c(NCC4CC4)c2)C3)nc1,,,-6.489454989793388,train
CCNC(=O)c1ccc(Oc2c(C)cccc2C)c(-c2cn(C)c(=O)c3[nH]c(C(=O)NCC)cc23)c1,,-5.580044251510242,-5.580044251510242,train
CCNC(=O)c1ccc(Oc2ccccc2)c(-c2cn(C)c(=O)c3[nH]ccc23)c1,,,-4.522878745280337,train
CCNC(=O)c1cccn(Cc2ccccc2)c1=O,,-6.102372908709558,,val
CCNC(=O)c1cnc(-c2cncc(Oc3ncccc3OCC)c2)nc1,,,-4.823908740944319,train
CCNC(=O)c1csc([C@H](Cc2ccccc2)NC(=O)[C@H](C)[C@@H](OC)[C@@H]2CCCN2C(=O)C[C@@H](OC)[C@H]([C@@H](C)CC)N(C)C(=O)[C@@H](NC(=O)[C@H](C(C)C)N(C)C)C(C)C)n1,,-5.769551078621726,,val
CCNC(=O)c1noc(-c2cc(C(C)C)c(O)cc2O)c1-c1ccc(CN2CCOCC2)cc1,-5.721246399047171,,,val
CCNC(=S)Nc1cc(-n2cnc(CN(C)C)c2)ncn1,,-5.522878745280337,,train
CCNC(=S)Nc1cc(-n2cnc(CN(C)Cc3ccccc3)c2)ncn1,,-5.055517327849832,,train
CCNC(=S)Nc1cc(-n2cnc(CN(CC)CC)c2)ncn1,,-6.0,,test
CCNC(=S)Nc1cc(-n2cnc(CN3CCCC3)c2)ncn1,,-5.939302159646388,,val
CCNC(=S)Nc1cc(-n2cnc(CN3CCCCC3)c2)ncn1,,-5.301029995663981,,val
CCNC(=S)Nc1cc(-n2cnc(CN3CCCCCC3)c2)ncn1,,-5.275724130399211,,train
CCNC(=S)Nc1cc(-n2cnc(CN3CCN(C)CC3)c2)ncn1,,-5.709965388637482,,train
CCNC(=S)Nc1cc(-n2cnc(CN3CCOCC3)c2)ncn1,,-6.455931955649724,,val
CCNC1=NC(C(F)(F)F)C(S(=O)(=O)c2ccc(C(C)(O)C(F)(F)F)cc2)S1,,,-4.866649016557956,train
CCNCC(=O)Nc1ccc(-c2nc(=O)n(CCCOC)c3c2oc2ccc(Cl)cc23)cc1,-7.0,,,test
CCNCC(=O)Nc1ccc(-c2nc(=O)n(CCOC)c3c2oc2ccc(-c4ccc5c(c4)CCN(C)C5)cc23)cc1,-7.0,,,train
CCNCC1(O)CN(C(=O)c2ccc(F)c(F)c2Nc2ccc(I)cc2F)C1,,,-6.684029654543083,train
CCNCc1cc(C)c(-c2cc3c(-c4cnn(C)c4)n[nH]c3cn2)c(F)c1,-5.853871964321762,,,train
CCNCc1ccc(-c2cc(NC3CCN(C)CC3)c3cc(OC)c(OCCCN4CCCC4)cc3n2)o1,,-8.886056647693163,,test
CCNCc1ccc(C(=O)Nc2cc(C)n(Cc3cc(Cl)ccc3OCC(C)C)n2)cc1,,,-6.283162276700476,train
CCNS(=O)(=O)c1ccccc1Nc1nc(Nc2ccc(N3CCC(N4CCN(C)CC4)CC3)c(OC)c2)ncc1CCc1cc(OC)cc(OC)c1,,-5.744727494896694,,train
CCNS(=O)(=O)c1ccccc1Nc1nc(Nc2ccc(N3CCC(N4CCN(C)CC4)CC3)c(OC)c2)ncc1NC(=O)c1cc(OC)cc(OC)c1,,-5.853871964321762,,train
CCNc1cc(=O)[nH]c2ccc(Nc3ccnc(Cl)c3C#N)cc12,,-7.0,,test
CCNc1cc2oc(-c3ccc(F)cc3)c(C(=O)NC)c2cc1-c1ccc(OC)c(C(=O)NC2(c3ncccn3)CC2)c1,,-6.142667503568732,,train
CCNc1ccc2c(=O)c3cccc(Cl)c3oc2c1,,-5.171984935776023,,test
CCNc1ccc2c(=O)c3cccc(F)c3oc2c1,,-6.443697499232713,,train
CCNc1ccc2cn(-c3ccc4nn(C)cc4c3)c(=O)c(-c3ccc(Cl)cc3)c2n1,-4.886056647693163,,,test
CCNc1cccc(Nc2nc3c(s2)CCCc2n[nH]cc2-3)n1,,-5.508638306165728,,train
CCNc1cnc2nnn(Cc3ccc4ncccc4c3)c2n1,-4.688246138944246,,,train
CCNc1nc(Cl)nc(NC(C)C)n1,,-4.534914712442567,,train
CCNc1nc(OCCOC)nc2c1CN(C(=O)c1cc(C(C)C)c(O)cc1O)CC2,,-4.145876217898833,,train
CCNc1ncc2cc(-c3ccc(-c4cccc(C)n4)cc3Cl)c(=O)n(C[C@H]3CC[C@H](N)CC3)c2n1,,,-5.920818753952375,test
CCNc1ncc2cc(-c3ccc(-c4cncc(C)n4)cc3Cl)c(=O)n(CC3CCNC(=O)C3)c2n1,,,-4.97469413473523,train
CCNc1ncc2cc(-c3ccc(-c4cncc(C)n4)cc3Cl)c(=O)n(CC3CCNCC3)c2n1,,,-6.045757490560675,train
CCNc1ncc2cc(-c3ccc(-c4cncc(C)n4)cc3Cl)c(=O)n(CCCCN)c2n1,,,-5.958607314841775,train
CCNc1ncc2cc(-c3ccc(-c4cncc(C)n4)cc3Cl)c(=O)n(CCCO)c2n1,,,-4.6777807052660805,val
CCNc1ncc2cc(-c3ccc(-c4cncc(C)n4)cc3Cl)c(=O)n(C[C@H]3CC[C@H](N)CC3)c2n1,,,-6.3979400086720375,train
CCNc1ncc2cc(-c3ccc(-c4cncc(C)n4)cc3Cl)c(=O)n(C[C@H]3OC[C@H](N)CO3)c2n1,,,-5.769551078621726,train
CCNc1nccc(-c2n[nH]c3nc(N4CCC5(CC4)CO[C@@H](C)[C@H]5N)cnc23)c1Cl,,,-4.906578314837765,train
CCOC(=O)/C=C/[C@H](C[C@@H]1CCNC1=O)NC(=O)[C@H](Cc1ccc(F)c(F)c1)n1cccc(NC(=O)c2cc(C)on2)c1=O,-4.455931955649724,,,train
CCOC(=O)C1(c2ccccc2)CCN(C)CC1,,-4.39577394691553,,train
CCOC(=O)C1=C(c2ccc3c(c2)OCO3)Nc2cc(OC)ccc2C1,,-3.187755303199631,,train
CCOC(=O)C1=C(c2ccc3c(c2)OCO3)Nc2cc(OC)ccc2C1Cl,,-3.133712660915805,,train
CCOC(=O)C1=C(c2ccc3c(c2)OCO3)Nc2cc(OC)ccc2C1NC,,-2.6961562251113453,,train
CCOC(=O)C1=C(c2ccc3c(c2)OCO3)Nc2cc(OC)ccc2C1OC,,-3.106238237942057,,train
CCOC(=O)C1=C(c2ccc3c(c2)OCO3)Nc2cccc(OC)c2C1,,-3.0371573187987577,,train
CCOC(=O)C1=C(c2ccc3c(c2)OCO3)Nc2cccc(OC)c2C1NC,,-2.906578314837765,,test
CCOC(=O)C1=C(c2ccc3c(c2)OCO3)Nc2cccc(OC)c2C1OC,,-3.714442690992226,,val
CCOC(=O)CCc1cn(-c2ccc(NC(=O)Nc3ccccc3C(F)(F)F)cc2)nn1,,-5.806875401645539,,train
CCOC(=O)CN(C)c1cc(OCc2cc(F)c(Oc3ccc(Cl)c(C(F)(F)F)c3)c(F)c2)nc(=O)n1C,-6.494850021680094,,,train
CCOC(=O)CNC(=O)/C=C/c1oc2ccc(Cl)c(Oc3ccncc3C(=O)N3CCN(C4CC4)c4ccccc43)c2c1C,-5.982966660701219,,,test
CCOC(=O)Cc1cc(Cl)c(C(=O)Nc2cc(-c3nc4ccccc4s3)ccc2C)cc1[N+](=O)[O-],,-5.0,,train
CCOC(=O)N1C(Nc2nc3ccccc3o2)=NC(c2ccccc2Cl)C(C(=O)Nc2cc(C(=O)O)ccn2)=C1C,,-6.0,,train
CCOC(=O)N1CCC(CN(C2Cc3cc(C#N)ccc3N(Cc3cncn3C)C2)S(=O)(=O)c2ccccn2)CC1,-5.585026652029182,,,test
CCOC(=O)N1CCC(NC(=O)c2cc(-c3ccc(CN4CCOCC4)cc3)nc3ccc(F)cc23)CC1,,-8.721246399047171,,train
CCOC(=O)N1CCC(NS(=O)(=O)c2ccc(NC(=O)c3ccccc3C)c3ccccc23)CC1,-4.769551078621726,,,test
CCOC(=O)N1CCC(c2nc(-c3ccc(F)cc3)c(-c3ccnc(Nc4ccc(N5CCN(C)CC5)cc4)n3)s2)CC1,,-4.3872161432802645,,test
CCOC(=O)N[C@@H](C)C(=O)N1CCC[C@H]1c1ncc(-c2ccc(-c3ccc(-c4cnc([C@@H]5CCCN5C(=O)[C@H](C)NC(=O)OCC)[nH]4)cc3)cc2)[nH]1,,-6.345823458122039,,train
CCOC(=O)[C@@H](Cc1cnccn1)NC(=O)Nc1c2c(cc3c1CCC3)CCC2,,-6.856985199745905,,test
CCOC(=O)[C@@H](Cc1ncccn1)NC(=O)Nc1c2c(cc3c1CCC3)CCC2,,-7.086186147616283,,val
CCOC(=O)[C@@]1(c2ccccc2)CCC=C[C@@H]1N(C)C,,-4.5003129173815966,,train
CCOC(=O)[C@H](C)NP(=O)(OC[C@H]1O[C@@H](n2ccc3c(-c4cccs4)ncnc32)[C@H](O)[C@@H]1O)Oc1ccccc1,-6.119186407719209,,,test
CCOC(=O)[C@H](C)NP(=O)(OC[C@H]1O[C@@](C#N)(c2ccc3c(N)ncnn23)[C@](C)(O)[C@@H]1O)Oc1ccccc1,-6.769551078621726,,,train
CCOC(=O)c1c(-c2cc(F)cc(OC)c2)[nH]c2cc(OC)c(F)cc2c1=O,,-3.638272163982408,,train
CCOC(=O)c1c(-c2ccc(C(C)(C)C)cc2)[nH]c2cc(OC)ccc2c1=O,,-3.0574958938319194,,val
CCOC(=O)c1c(-c2ccc(C(C)(C)C)cc2)[nH]c2cccc(OC)c2c1=O,,-2.9419537696047184,,train
CCOC(=O)c1c(-c2ccc(C(F)(F)F)cc2)[nH]c2cc(OC)ccc2c1=O,,-3.505845405981557,,train
CCOC(=O)c1c(-c2ccc(C(F)(F)F)cc2)[nH]c2cccc(OC)c2c1=O,,-3.34008379993015,,train
CCOC(=O)c1c(-c2ccc(Cl)c(Cl)c2)[nH]c2cc(OC)ccc2c1=O,,-3.11747546204512,,train
CCOC(=O)c1c(-c2ccc(Cl)c(Cl)c2)[nH]c2cccc(OC)c2c1=O,,-3.1073489661227,,train
CCOC(=O)c1c(-c2ccc(Cl)cc2)[nH]c2cc(OC)ccc2c1=O,,-3.3001622741327545,,train
CCOC(=O)c1c(-c2ccc(Cl)cc2)[nH]c2cccc(OC)c2c1=O,,-3.6757175447023074,,test
CCOC(=O)c1c(-c2ccc(OC)cc2)[nH]c2cc(OC)ccc2c1=O,,-3.707743928643524,,train
CCOC(=O)c1c(-c2ccc(OC)cc2)[nH]c2cccc(OC)c2c1=O,,-4.107905397309519,,train
CCOC(=O)c1c(-c2ccc3c(c2)OCO3)[nH]c2cc(OC)ccc2c1=O,,-4.0,,val
CCOC(=O)c1c(-c2ccc3c(c2)OCO3)[nH]c2cccc(OC)c2c1=O,,-4.327902142064283,,train
CCOC(=O)c1c(-c2cccc(-c3ccccc3)c2)[nH]c2cc(OC)ccc2c1=O,,-2.537602002101044,,train
CCOC(=O)c1c(-c2cccc(Br)c2)[nH]c2cc(OC)c(F)cc2c1=O,,-3.1739251972991736,,val
CCOC(=O)c1c(-c2cccc(C(F)(F)F)c2)[nH]c2cc(OC)ccc2c1=O,,-3.244887733604929,,train
CCOC(=O)c1c(-c2cccc(C(F)(F)F)c2)[nH]c2cccc(OC)c2c1=O,,-3.423658649794207,,train
CCOC(=O)c1c(-c2cccc(C)c2)[nH]c2cc(OC)ccc2c1=O,,-3.6439741428068775,,train
CCOC(=O)c1c(-c2cccc(C)c2)[nH]c2cccc(OC)c2c1=O,,-3.899629454882437,,test
CCOC(=O)c1c(-c2cccc(Cl)c2)[nH]c2cc(OC)c(F)cc2c1=O,,-3.3872161432802645,,train
CCOC(=O)c1c(-c2cccc(Cl)c2)[nH]c2cc(OC)ccc2c1=O,,-3.022734028686543,,test
CCOC(=O)c1c(-c2cccc(Cl)c2)[nH]c2cccc(OC)c2c1=O,,-3.707743928643524,,train
CCOC(=O)c1c(-c2cccc(F)c2)[nH]c2cc(OC)ccc2c1=O,,-3.72584215073632,,train
CCOC(=O)c1c(-c2cccc(F)c2)[nH]c2cccc(OC)c2c1=O,,-4.102372908709559,,train
CCOC(=O)c1c(-c2cccc(OC)c2)[nH]c2cc(OC)ccc2c1=O,,-3.767011315857089,,train
CCOC(=O)c1c(-c2cccc(OC)c2)[nH]c2cccc(OC)c2c1=O,,-4.1938200260161125,,train
CCOC(=O)c1c(-c2cccc(OCC)c2)[nH]c2cc(OC)ccc2c1=O,,-3.5850266520291822,,train
CCOC(=O)c1c(-c2cccc(Oc3ccccc3)c2)[nH]c2cc(OC)c(F)cc2c1=O,,-3.2518119729938,,train
CCOC(=O)c1c(-c2cccc(Oc3ccccc3)c2)[nH]c2cc(OC)ccc2c1=O,,-3.1249387366083,,train
CCOC(=O)c1c(-c2cccc([N+](=O)[O-])c2)[nH]c2cc(OC)ccc2c1=O,,-3.401209493236885,,train
CCOC(=O)c1c(-c2cccc([N+](=O)[O-])c2)[nH]c2cccc(OC)c2c1=O,,-3.958607314841775,,train
CCOC(=O)c1c(-c2ccccc2)[nH]c2cc(OC)ccc2c1=O,,-3.712198270069774,,test
CCOC(=O)c1c(-c2ccccc2)[nH]c2cccc(OC)c2c1=O,,-4.431798275933005,,train
CCOC(=O)c1c(-c2ccccc2C)[nH]c2cc(OC)ccc2c1=O,,-4.0,,test
CCOC(=O)c1c(-c2ccccc2C)[nH]c2cccc(OC)c2c1=O,,-4.036212172654444,,train
CCOC(=O)c1c(-c2ccccc2Cl)[nH]c2cc(OC)ccc2c1=O,,-3.17134010346468,,train
CCOC(=O)c1c(-c2ccccc2Cl)[nH]c2cccc(OC)c2c1=O,,-3.9507819773298185,,train
CCOC(=O)c1c(-c2cccs2)[nH]c2cc(OC)ccc2c1=O,,-3.978810700930062,,train
CCOC(=O)c1cc(C#N)c(N2CC(C(=O)NS(=O)(=O)CC3CCCCC3)C2)nc1C,-5.522878745280337,,,val
CCOC(=O)c1cc(C#N)c(N2CC(C(=O)NS(=O)(=O)CCc3ccccc3)C2)nc1C,-6.522878745280337,,,train
CCOC(=O)c1cc(C#N)c(N2CC(C(=O)NS(=O)(=O)Cc3ccc(C)cc3)C2)nc1C,-6.221848749616356,,,train
CCOC(=O)c1cc(C#N)c(N2CC(C(=O)NS(=O)(=O)Cc3ccc(Cl)cc3)C2)nc1C,-6.698970004336019,,,test
CCOC(=O)c1cc(C#N)c(N2CC(C(=O)NS(=O)(=O)Cc3ccc(F)cc3)C2)nc1C,-7.0,,,train
CCOC(=O)c1cc(C#N)c(N2CC(C(=O)NS(=O)(=O)Cc3ccccc3)C2)nc1C,-6.522878745280337,,,train
CCOC(=O)c1cc(C#N)c(N2CC(C(=O)NS(=O)(=O)c3ccc(Cl)s3)C2)nc1C,-6.698970004336019,,,train
CCOC(=O)c1cc(C#N)c(N2CC(C(=O)NS(=O)(=O)c3ccccc3)C2)nc1C,-6.698970004336019,,,train
CCOC(=O)c1cc(C#N)c(N2CC(NC(=O)NS(=O)(=O)Cc3ccccc3)C2)nc1C,-5.920818753952375,,,train
CCOC(=O)c1cc(C#N)c(N2CC(NC(=O)NS(=O)(=O)c3ccc(Cl)cc3)C2)nc1C,-5.920818753952375,,,train
CCOC(=O)c1cc(C#N)c(N2CC(NC(=O)NS(=O)(=O)c3ccc(Cl)s3)C2)nc1C,-6.958607314841775,,,train
CCOC(=O)c1cc(C#N)c(N2CC(NC(=O)NS(=O)(=O)c3ccccc3)C2)nc1C,-6.3872161432802645,,,train
CCOC(=O)c1cc(C#N)c(N2CC3CN(C(=O)NS(=O)(=O)c4ccccc4)CC3C2)nc1C,-6.4089353929735005,,,train
CCOC(=O)c1cc(C#N)c(N2CCC(C(=O)NS(=O)(=O)Cc3ccc(C(C)C)cc3)CC2)nc1C,-4.3979400086720375,,,train
CCOC(=O)c1cc(C#N)c(N2CCC(C(=O)NS(=O)(=O)Cc3ccc(C)cc3)CC2)nc1C,-4.3979400086720375,,,train
CCOC(=O)c1cc(C#N)c(N2CCC(C(=O)NS(=O)(=O)Cc3ccc(F)cc3)CC2)nc1C,-5.096910013008056,,,test
CCOC(=O)c1cc(C#N)c(N2CCC(C(=O)NS(=O)(=O)Cc3ccc(F)cc3F)CC2)nc1C,-5.301029995663981,,,train
CCOC(=O)c1cc(C#N)c(N2CCC(C(=O)NS(=O)(=O)Cc3ccc(OC)cc3)CC2)nc1C,-4.3979400086720375,,,train
CCOC(=O)c1cc(C#N)c(N2CCC(C(=O)NS(=O)(=O)Cc3ccccc3)CC2)nc1C,-5.349485002168009,,,train
CCOC(=O)c1cc(C#N)c(N2CCC(C(=O)NS(=O)(=O)c3ccc(Cl)s3)CC2)nc1C,-5.221848749616356,,,val
CCOC(=O)c1cc(C#N)c(N2CCC(NC(=O)NS(=O)(=O)Cc3ccccc3)CC2)nc1C,-4.522878745280337,,,train
CCOC(=O)c1cc(C#N)c(N2CCC(NC(=O)NS(=O)(=O)c3ccc(Cl)cc3)CC2)nc1C,-4.721246399047171,,,train
CCOC(=O)c1cc(C#N)c(N2CCC(NC(=O)NS(=O)(=O)c3ccc(Cl)s3)CC2)nc1C,-5.161150909262744,,,train
CCOC(=O)c1cc(C#N)c(N2CCN(C(=O)NS(=O)(=O)Cc3ccccc3)CC2)nc1C,-6.431798275933005,,,train
CCOC(=O)c1cc(C#N)c(N2CCN(C(=O)NS(=O)(=O)c3ccc(C)cc3)CC2)nc1C(F)(F)F,-6.657577319177794,,,train
CCOC(=O)c1cc(C#N)c(N2CCN(C(=O)NS(=O)(=O)c3ccc(Cl)cc3)CC2)nc1C(F)(F)F,-6.886056647693163,,,train
CCOC(=O)c1cc(C#N)c(N2CCN(C(=O)NS(=O)(=O)c3ccc(Cl)s3)C(CCC(=O)O)C2)nc1C(F)(F)F,-6.721246399047171,,,train
CCOC(=O)c1cc(C#N)c(N2CCN(C(=O)NS(=O)(=O)c3ccc(Cl)s3)CC2)nc1C,-7.236572006437063,,,test
CCOC(=O)c1cc(C#N)c(N2CCN(C(=O)NS(=O)(=O)c3ccc(Cl)s3)CC2)nc1C(F)(F)F,-7.119186407719209,,,val
CCOC(=O)c1cc(C#N)c(N2CCN(C(=O)NS(=O)(=O)c3ccc(Cl)s3)CC2C)nc1C,-6.508638306165728,,,train
CCOC(=O)c1cc(C#N)c(N2CCN(C(=O)NS(=O)(=O)c3ccc(F)cc3)CC2)nc1C(F)(F)F,-7.275724130399211,,,train
CCOC(=O)c1cc(C#N)c(N2CCN(C(=O)NS(=O)(=O)c3ccccc3)CC2)nc1C,-6.522878745280337,,,train
CCOC(=O)c1cc(C#N)c(N2CCN(C(=O)NS(=O)(=O)c3ccccc3)CC2)nc1C(F)(F)F,-6.221848749616356,,,train
CCOC(=O)c1cc2ccc(OC)cc2o1,-8.607303046740334,,,train
CCOC(=O)c1ccc(/C=C2\CNC/C(=C\c3ccc(C(=O)OCC)cc3)C2=O)cc1,-5.549750891680639,,-5.568636235841013,train
CCOC(=O)c1ccc(N2CCN(C)CC2)c(NC(=O)c2ccc(F)c(C)c2Cl)c1,,-4.347753658996677,,train
CCOC(=O)c1ccc(NC(=O)C2=C(C)NC(Nc3nc4ccccc4o3)=NC2c2ccccc2Cl)cc1,,-5.055517327849832,,train
CCOC(=O)c1ccc2[nH]c3c(c(=O)c2c1)CCCC3,,-4.200659450546419,,train
CCOC(=O)c1ccc2c(c1)C(=O)c1nc3ccccc3c(=O)n1-2,-4.376750709602099,,,train
CCOC(=O)c1ccccc1C(=O)OCC,,-4.822463500070138,,train
CCOC(=O)c1cn(C2CC2)c2cc(N3CCNCC3)c(F)cc2c1=O,-5.462180904926726,,,train
CCOC(=O)c1cnc(N2CC(C(=O)NS(=O)(=O)c3ccc(Cl)s3)C2)c(Cl)c1,-6.301029995663981,,,train
CCOC(=O)c1cnc(N2CC(NC(=O)NS(=O)(=O)c3ccccc3)C2)c(Cl)c1,-5.4089353929735005,,,train
CCOC(=O)c1cnc(N2CCC(C(=O)NS(=O)(=O)c3ccc(Cl)s3)CC2)c(Cl)c1,-5.0,,,train
CCOC(=O)c1cnc(N2CCN(C(=O)NS(=O)(=O)c3ccc(C)cc3)CC2)c(Cl)c1,-5.6020599913279625,,,train
CCOC(=O)c1cnc(N2CCN(C(=O)NS(=O)(=O)c3ccc(Cl)cc3)CC2)c(Cl)c1,-5.920818753952375,,,val
CCOC(=O)c1cnc(N2CCN(C(=O)NS(=O)(=O)c3ccc(Cl)s3)CC2)c(Cl)c1,-6.958607314841775,,,train
CCOC(=O)c1cnc(N2CCN(C(=O)NS(=O)(=O)c3ccc(F)cc3)CC2)c(Cl)c1,-6.267606240177032,,,train
CCOC(=O)c1cnc(N2CCN(C(=O)NS(=O)(=O)c3ccccc3)CC2)c(Cl)c1,-6.552841968657781,,,train
CCOC(=O)c1csc([C@H](Cc2ccccc2)NC(=O)[C@H](C)[C@@H](OC)[C@@H]2CCCN2C(=O)C[C@@H](OC)[C@H]([C@@H](C)CC)N(C)C(=O)[C@@H](NC(=O)[C@H](C(C)C)N(C)C)C(C)C)n1,,-5.494850021680094,,train
CCOC(=O)c1ncn2c1Cc1cnc(C)nc1-c1cc(Br)ccc1-2,,-5.443697499232713,,train
CCOC(=O)c1ncn2c1Cn1ncnc1-c1cc(Cl)ccc1-2,,-5.252588192113577,,train
CCOC(=O)c1nnc(NC(=O)C2=C(C)NC(Nc3nc4ccccc4o3)=NC2c2ccccc2Cl)s1,,-5.568636235841013,,train
CCOC(CCCn1cnc2c(c(-c3ccccc3)c(-c3ccccc3)n2Cc2ccccc2)c1=N)OCC,,-3.0,,train
CCOC(c1cc(Cl)c2c(c1Cl)C(=O)N(Cc1c(C)cc(C)[nH]c1=O)CC2)C1CS(=O)(=O)C1,,,-5.017164014389946,train
CCOCC(=O)N1CCC(c2ccc(N3CCOc4ncnc(N)c4C3=O)cc2)CC1,,,-5.221848749616356,train
CCOCC1=C(c2ccc3c(c2)OCO3)Nc2cc(OC)ccc2C1Cl,,-3.0958256317158366,,train
CCOCC1=C(c2ccc3c(c2)OCO3)Nc2cccc(OC)c2C1,,-2.5534628329263565,,train
CCOCCC1(Oc2ccc(-c3cccc(CNC(=O)c4nc5ccccc5c(=O)[nH]4)c3)cc2)C(=O)NC(=O)NC1=O,,-7.022276394711152,,train
CCOCCCN(c1c(Cl)c(Cl)cc2[nH]c(=O)c(=O)[nH]c12)S(C)(=O)=O,-6.356547323513813,,,train
CCOCCCN1C(=O)C(C)(c2cc(F)cc(F)c2)Oc2ccc(-c3c(N)nc(N)nc3CC)cc21,-4.886056647693163,,,val
CCOCCN(c1c(Cl)c(Cl)cc2[nH]c(=O)c(=O)[nH]c12)S(C)(=O)=O,-5.0,,,train
CCOCCOCCN(c1c(Cl)c(Cl)cc2[nH]c(=O)c(=O)[nH]c12)S(C)(=O)=O,-6.013228265733755,,,val
CCOCCOc1ccc(C(=O)CCN(C)C)cc1,,-3.795880017344075,,train
CCOCc1c(C(=O)NCc2cncn2C)cnn1-c1ncc(C)c(-c2cccs2)n1,,-5.3979400086720375,,train
CCOCc1c(C(=O)NCc2cncn2C)cnn1-c1ncc(C)c(N2CCC2)n1,,-5.795880017344075,,train
CCOCc1c(C(=O)NCc2cncn2C)cnn1-c1ncc(C)c(N2CCCC2)n1,,-5.508638306165728,,train
CCOCc1c(C(=O)NCc2cncn2C)cnn1-c1ncc(C)c(N2CCCCC2)n1,,-5.455931955649724,,train
CCOCc1c(C(=O)NCc2cncn2C)cnn1-c1ncc(C)c(NC2CCC2)n1,,-5.795880017344075,,train
CCOCc1c(C(=O)NCc2cncn2C)cnn1-c1ncc(C)c(OCC)n1,,-5.537602002101044,,train
CCOCc1ccc(-c2cc(NC(=O)CCN3CCCC3)c3cc(F)ccc3n2)cc1,,-7.088842391260023,,train
CCOCc1cn(-c2cccc(S(=O)(=O)Nc3cccc4cnccc34)c2)nn1,,-6.356547323513813,,train
CCOCc1cn(-c2cccc(S(=O)(=O)Nc3ccccc3C(F)(F)F)c2)nn1,,-6.1487416512809245,,train
CCOCc1nc(=O)c(C(=O)N2CC[C@H](c3ccccc3)C2)c(O)n1-c1c(OC)cccc1OC,,-8.522878745280337,,train
CCOP(=O)(CC)NCCNc1nonc1/C(=N/O)Nc1ccc(F)c(Br)c1,-5.721246399047171,,,test
CCOP(=O)(CCn1c(=O)c2cc(F)ccc2n2c(=S)[nH]nc12)OCC,,-4.777283528852417,,val
CCOP(=O)(Cn1ccc(NC(=O)c2cc(Oc3ccc(S(=O)(=O)C(C)C)cc3)cc(OC(C)C)c2)n1)OCC,,-6.27083521030723,,train
CCOP(=O)(Cn1ccc(NC(=O)c2cc(Oc3ccc(S(=O)(=O)CC)cc3)cc(OC(C)C)c2)n1)OCC,,-6.272458742971444,,val
CCOP(=O)(Cn1ccc(NC(=O)c2cc(Oc3ccc(S(=O)(=O)N4CCC4)cc3)cc(OC(C)C)c2)n1)OCC,,-6.287350298372789,,test
CCOP(=O)(Cn1ccc(NC(=O)c2cc(Oc3ccc(S(C)(=O)=O)cc3)cc(OC(C)C)c2)n1)OCC,,-6.300162274132754,,val
CCOP(=O)(Cn1ccc(NC(=O)c2cc(Oc3ccc(S(C)(=O)=O)cc3)cc(OC(CF)CF)c2)n1)OCC,,-6.417936637088292,,train
CCOP(=O)(Cn1ccc(NC(=O)c2cc(Oc3ccc(S(C)(=O)=O)cc3)cc(O[C@@H](C)CF)c2)n1)OCC,,-6.251811972993799,,test
CCOP(=O)(Cn1ccc(NC(=O)c2cc(Oc3ccc(S(C)(=O)=O)cc3)cc(O[C@@H](C)CO)c2)n1)OCC,,-8.154901959985743,,train
CCOP(=O)(Cn1ccc(NC(=O)c2cc(Oc3ccc(S(C)(=O)=O)cc3)cc(O[C@@H](CC)CO)c2)n1)OCC,,-7.075720713938118,,train
CCOP(=O)(Cn1ccc(NC(=O)c2cc(Oc3ccc(S(C)(=O)=O)nc3)cc(OC(C)C)c2)n1)OCC,,-6.326979092871104,,train
CCOP(=O)(Cn1ccc(NC(=O)c2cc(Oc3ccc(S(C)(=O)=O)nn3)cc(OC(C)C)c2)n1)OCC,,-6.5934598195660445,,train
CCOP(=O)(Cn1ccc(NC(=O)c2cc(Oc3cnc(S(C)(=O)=O)cn3)cc(OC(C)C)c2)n1)OCC,,-6.351639989019068,,train
CCOP(=O)(Cn1ccc(NC(=O)c2cc(Oc3cnc(S(C)(=O)=O)nc3)cc(OC(C)C)c2)n1)OCC,,-6.503070351926785,,train
CCOP(=O)(O)c1ccc(C(=O)Nc2ccc(C)c(Nc3nccc(-c4cccnc4)n3)c2)cc1,-7.0,,,test
CCOP(=O)(O)c1ccc(C(F)(F)F)cc1,-5.0,,,train
CCOP(=O)(O)c1ccc2cc1CN(C)C(=O)[C@H](Nc1ccc3c(N)nccc3c1)c1ccc(c(C)c1)[C@@H](C)COC(=O)N2,,-8.522878745280337,,train
CCOP(=O)(OCC)N1C/C(=C\c2cc(OC)c(OC)c(OC)c2)C(=O)/C(=C/c2cc(OC)c(OC)c(OC)c2)C1,-4.54515513999149,,-3.978810700930062,train
CCOP(=O)(OCC)N1C/C(=C\c2ccc(OC)c(OC)c2)C(=O)/C(=C/c2ccc(OC)c(OC)c2)C1,-4.262012673666569,,-4.205511953340831,test
CCOP(=O)(OCC)OCCc1cn(-c2ccc(NC(=O)Nc3ccccc3C)cc2)nn1,,-6.142667503568732,,test
CCOP(=O)(OCC)c1ccc(C(=O)Nc2ccc(C)c(Nc3nccc(-c4cccnc4)n3)c2)cc1,-4.7447274948966935,,,train
CCOP(=O)(OCC)c1ccc(C(F)(F)F)cc1,-4.022276394711152,,,val
CCOP(=O)(OCC)c1ccc2cc1CN(C)C(=O)[C@H](Nc1ccc3c(N)nccc3c1)c1ccc(c(C)c1)[C@@H](C)COC(=O)N2,,-7.346787486224656,,train
CCOP(=O)(OCC)c1ccncc1,-4.180456064458132,,,train
CCOP(=S)(OCC)Oc1cc(C)nc(C(C)C)n1,,-5.283162276700476,,test
CCOP(C)(=O)c1ccc(C(=O)Nc2ccc(C)c(Nc3nccc(-c4cccnc4)n3)c2)cc1,-5.301029995663981,,,train
CCOP(C)(=O)c1ccc(C(F)(F)F)cc1,-4.161150909262744,,,train
CCOP(C)(=O)c1ccncc1,-4.267606240177032,,,test
CCOS(=O)(=O)/C=C/c1ccc(O[C@@H]2CN(C(=O)C(=O)Nc3ccc(Oc4ccc(-c5ccccc5)cc4)cc3)C[C@@H]2Oc2ccc(CCS(=O)(=O)OCC)cc2)cc1,,-5.8297382846050425,,train
CCOS(=O)(=O)/C=C/c1ccc(O[C@@H]2CN(C(=O)C(=O)Nc3ccc(Oc4ccc(-c5ccccc5)cc4)cc3)C[C@H]2Oc2ccc(CCS(=O)(=O)OCC)cc2)cc1,,-5.774690718274138,,train
CCOS(=O)(=O)/C=C/c1ccc(O[C@@H]2CN(C(=O)C(=O)Nc3ccc(Oc4ccc(CC)cc4)cc3)C[C@@H]2Oc2ccc(CCS(=O)(=O)OCC)cc2)cc1,,-5.752026733638194,,train
CCOS(=O)(=O)/C=C/c1ccc(O[C@@H]2CN(C(=O)C(=O)Nc3ccc(Oc4ccc(CC)cc4)cc3)C[C@H]2Oc2ccc(CCS(=O)(=O)OCC)cc2)cc1,,-5.790484985457369,,test
CCOS(=O)(=O)/C=C/c1ccc(O[C@@H]2CN(C(=O)C(=O)Nc3ccccc3)C[C@@H]2Oc2ccc(CCS(=O)(=O)OCC)cc2)cc1,,-5.962573502059376,,train
CCOS(=O)(=O)/C=C/c1ccc(O[C@@H]2CN(C(=O)C(=O)Nc3ccccc3)C[C@H]2Oc2ccc(/C=C/S(=O)(=O)OCC)cc2)cc1,,-5.896196279044044,,train
CCOS(=O)(=O)/C=C/c1ccc(O[C@@H]2CNC[C@H]2Oc2ccc(/C=C/S(=O)(=O)OCC)cc2)cc1,,-6.031517051446065,,train
CCOS(=O)(=O)/C=C/c1ccc(O[C@H]2CNC[C@H]2Oc2ccc(/C=C/S(=O)(=O)OCC)cc2)cc1,,-6.060480747381382,,train
CCO[C@H]1CC[C@H](CN2C[C@@H](c3ccccc3)N(C3CCN(C4(C)CCN(C(=O)c5c(C)ncnc5C)CC4)CC3)C2=O)CC1,-5.522878745280337,,,train
CCO[C@H]1CC[C@H](CN2C[C@H](c3ccccn3)N(C3CCN(C4(C)CCN(C(=O)c5c(C)cc(C#N)nc5C)CC4)CC3)C2=O)CC1,-6.301029995663981,,,train
CCOc1c([C@H](C)n2nc(C)c3c(N)ncnc32)cc(Cl)c(C#N)c1C1CNC(=O)C1,-6.522878745280337,,,val
CCOc1c([C@H](C)n2nc(C)c3c(N)ncnc32)cc(Cl)c(C)c1C1CNC(=O)C1,-5.721246399047171,,,train
CCOc1c([C@H](C)n2nc(C)c3c(N)ncnc32)cc(Cl)c(F)c1[C@@H]1CNC(=O)C1,-6.0,,,val
CCOc1cc(=O)oc2cc(OCCN3CCN(CCCNc4c5c(nc6ccccc46)CCCC5)CC3)ccc12,,-5.562249437179612,,train
CCOc1cc(C(Nc2ccc3c(N)nccc3c2)C(=O)N(C)Cc2ccccc2)ccc1OC(C)C,,-6.638272163982407,,train
CCOc1cc(C(Nc2ccc3c(N)nccc3c2)C(=O)N2CCCC2c2ccccc2)ccc1OC(C)C,,-7.091514981121351,,train
CCOc1cc(C(Nc2ccc3c(N)nccc3c2)C(=O)NCc2cccc(NC(C)=O)c2)ccc1OC(C)C,,-9.0,,train
CCOc1cc(C(Nc2ccc3c(N)nccc3c2)C(=O)NCc2ccccc2)ccc1OC(C)C,,-7.318758762624412,,train
CCOc1cc(C(Nc2ccc3c(N)nccc3c2)C(=O)NCc2ccccc2S(=O)(=O)C(C)C)ccc1OC(C)C,,-7.920818753952375,,train
CCOc1cc(C(Nc2ccc3c(N)nccc3c2)C(=O)NCc2ccccc2S(=O)(=O)C2CC2)ccc1OC(C)C,,-7.585026652029182,,train
CCOc1cc(C(Nc2ccc3c(N)nccc3c2)C(=O)NCc2ccccc2S(=O)(=O)CC)ccc1OC(C)C,,-8.045757490560675,,train
CCOc1cc(C)c(F)c(C(=O)NNS(=O)(=O)c2ccccc2)c1,-4.187086643357144,,,train
CCOc1cc(C)cc(C(=O)NNS(=O)(=O)c2ccccc2F)c1,-4.327902142064283,,,train
CCOc1cc(CC(=O)N[C@@H](CC(C)C)c2ccccc2N2CCCCC2)ccc1C(=O)O,,,-4.721246399047171,train
CCOc1cc(CN(C)C(=O)c2c(OCCCC3CCN(C(=O)OC(C)(C)C)CC3)c3ccccc3n(C)c2=O)cc(OCC)c1,,-6.560667306169737,,test
CCOc1cc(CN2CC(NC(=O)c3cncc(C)c3)C2)cc(OCC)c1F,,-5.714442690992226,,test
CCOc1cc(CN2CCC(N(Cc3ccccc3)C(=O)Nc3cccc(C(F)(F)F)c3)CC2)cc(Cl)c1O,,-3.958607314841775,,train
CCOc1cc(CN2CCC(NC(=O)c3ccc(N)nc3)CC2)cc(OCC)c1-c1ccc(F)cc1,,-5.856985199745905,,train
CCOc1cc(CN2CCC(NC(=O)c3ccc(N)nc3)CC2)cc(OCc2ccccc2)c1-c1ccc(F)cc1,,-6.853871964321762,,train
CCOc1cc(CN2CCC(NC(=O)c3ccc(N)nc3)CC2)ccc1C,,-5.619788758288394,,train
CCOc1cc(CN2CCC(NC(=O)c3ccc(NC(C)C)nc3)CC2)cc(OCC)c1F,,-5.617982957425132,,val
CCOc1cc(CN2CCC(NC(=O)c3ccc(NC)nc3)CC2)cc(OCC)c1-c1ccc(F)cc1,,-5.910094888560602,,train
CCOc1cc(CN2CCC(NC(=O)c3ccc(NC)nc3)CC2)cc(OCC)c1-c1ccccc1,,-5.684029654543083,,val
CCOc1cc(CN2CCC(NC(=O)c3ccc(NC)nc3)CC2)cc(OCC)c1F,,-5.525783735923745,,train
CCOc1cc(CN2CCC(NC(=O)c3cncc(C)c3)CC2)cc(OCC)c1-c1ccc(F)cc1,,-6.337242168318426,,test
CCOc1cc(CN2CCC(NC(=O)c3cncc(C)c3)CC2)cc(OCC)c1-c1ccccc1,,-6.1938200260161125,,train
CCOc1cc(CN2CCC(NC(=O)c3cncc(C)c3)CC2)cc(OCC)c1-n1ccnc1,,-5.498940737782249,,train
CCOc1cc(CN2CCC(NC(=O)c3cncc(C)c3)CC2)cc(OCC)c1C,,-5.627087997029894,,train
CCOc1cc(CN2CCC(NC(=O)c3cncc(C)c3)CC2)cc(OCC)c1Cl,,-5.417936637088292,,train
CCOc1cc(CN2CCC(NC(=O)c3cncc(C)c3)CC2)cc(OCC)c1F,,-5.458420756053419,,train
CCOc1cc(CN2CCC(NC(=O)c3cncc(C)c3)CC2)ccc1-c1ccc(C(F)(F)F)cc1,,-7.522878745280337,,train
CCOc1cc(CN2CCC(NC(=O)c3cncc(C)c3)CC2)ccc1-c1ccc(F)cc1,,-5.87942606879415,,test
CCOc1cc(CN2CCC(NC(=O)c3cncc(C)c3)CC2)ccc1C,,-5.531652669587843,,train
CCOc1cc(CN2CCC(NC(=O)c3cncc(C)c3)CC2)ccc1Cl,,-5.714442690992226,,train
CCOc1cc(CN2CCC(Nc3nc4cc(C(=O)O)ccc4o3)CC2)cc(OCC)c1Cl,,-5.679853713888946,,test
CCOc1cc(CN2CCC(Nc3nc4cc(C(N)=O)ccc4o3)CC2)cc(OCC)c1F,,-5.79317412396815,,train
CCOc1cc(CN2CCC(Nc3nc4cc(Cl)c(S(N)(=O)=O)cc4o3)CC2)cc(OCC)c1F,,-5.610833915635467,,train
CCOc1cc(CN2CCC(Nc3nc4cc(Cl)c(S(N)(=O)=O)cc4o3)CC2)ccc1F,,-5.610833915635467,,train
CCOc1cc(CN2CCC(Nc3nc4cc(Cl)c(S(N)(=O)=O)cc4o3)CC2)ccc1OC,,-5.958607314841775,,test
CCOc1cc(CN2CCC(Nc3nc4cc(NC(=O)C5CCC5)ccc4o3)CC2)ccc1OC,,-5.958607314841775,,train
CCOc1cc(CN2CCC(Nc3nc4cc(NS(=O)(=O)c5ccccc5)ccc4o3)CC2)ccc1OC,,-5.657577319177793,,train
CCOc1cc(CN2CCC(Nc3nc4cc(NS(=O)(=O)c5cn(C)cn5)ccc4o3)CC2)ccc1OC,,-6.309803919971486,,test
CCOc1cc(CN2CCC(Nc3nc4cc(S(=O)(=O)CC)ccc4o3)CC2)cc(OC2CCOCC2)c1,,-5.756961951313706,,train
CCOc1cc(CN2CCC(Nc3nc4cc(S(=O)(=O)CC)ccc4o3)CC2)ccc1OC,,-5.787812395596042,,train
CCOc1cc(CN2CCC(Nc3nc4cc(S(=O)(=O)N(C)C)ccc4o3)CC2)cc(OCC)c1-n1cccc1,,-5.882728704344236,,train
CCOc1cc(CN2CCC(Nc3nc4cc(S(N)(=O)=O)ccc4o3)CC2)ccc1OC,,-5.785156151952302,,train
CCOc1cc(CN2CCC(Nc3nc4ccc(C(=O)O)cc4o3)CC2)cc(OCC)c1F,,-5.539102157243452,,train
CCOc1cc(CN2CCC(Nc3nc4ccc(C(=O)O)cc4o3)CC2)ccc1Cl,,-5.443697499232713,,val
CCOc1cc(CN2CCC(Nc3nc4ccc(Cl)cc4o3)CC2)ccc1Cl,,-5.317854923626168,,train
CCOc1cc(CN2CCC(Nc3nc4ccccc4o3)CC2)cc(OC2CCOCC2)c1,,-5.688246138944246,,train
CCOc1cc(CN2CCC(Nc3nc4ccccc4o3)CC2)ccc1Cl,,-6.309803919971486,,train
CCOc1cc(CN2CCC(Nc3nc4ccccc4o3)CC2)ccc1F,,-5.363512103646634,,train
CCOc1cc(CN2CCC(Nc3nc4ccccc4o3)CC2)ccc1OC,,-5.3535962737769305,,train
CCOc1cc(CN2CCCC(NC(=O)c3cncc(C)c3)CC2)cc(OCC)c1-c1ccc(F)cc1,,-5.806875401645539,,train
CCOc1cc(NC(=O)C(C)(C)NC(=O)c2ccc3c(C4CCCC4)c(-c4ncc(Cl)cn4)n(C)c3c2)ccc1/C=C/C(=O)O,-4.619788758288394,,,train
CCOc1cc(NC(=O)C2(NC(=O)c3ccc4c(C5CCCC5)c(-c5ccc(Cl)cn5)n(C)c4c3)CCC2)ccc1/C=C/C(=O)O,-4.7447274948966935,,,test
CCOc1cc(NC(=O)C2(NC(=O)c3ccc4c(C5CCCC5)c(-c5ccc(F)cn5)n(C)c4c3)CCC2)ccc1/C=C/C(=O)O,-4.769551078621726,,,test
CCOc1cc(NC(=O)C2(NC(=O)c3ccc4c(C5CCCC5)c(-c5cccc(N)n5)n(C)c4c3)CCC2)ccc1/C=C/C(=O)O,-5.026872146400302,,,train
CCOc1cc(NC(=O)C2(NC(=O)c3ccc4c(C5CCCC5)c(-c5ccccn5)n(C)c4c3)CCC2)ccc1/C=C/C(=O)O,-4.721246399047171,,,train
CCOc1cc(NC(=O)C2(NC(=O)c3ccc4c(C5CCCC5)c(-c5ncc(Br)cn5)n(C)c4c3)CCC2)ccc1/C=C/C(=O)O,-4.886056647693163,,,val
CCOc1cc(NC(=O)C2(NC(=O)c3ccc4c(C5CCCC5)c(-c5ncc(Cl)cn5)n(C)c4c3)CCC2)ccc1/C=C/C(=O)O,-4.886056647693163,,,train
CCOc1cc(NC(=O)C2(NC(=O)c3ccc4c(C5CCCC5)c(-c5ncc(Cl)cn5)n(C)c4c3)CCC2)cnc1/C=C/C(=O)O,-5.1249387366083,,,train
CCOc1cc(NC(=O)C2(NC(=O)c3ccc4c(C5CCCC5)c(-c5ncc(Cl)cn5)n(C)c4c3)CCC2)ncc1/C=C/C(=O)O,-4.823908740944319,,,train
CCOc1cc(NC(=O)C2(NC(=O)c3ccc4c(C5CCCC5)c(-c5ncc(Cl)cn5)n(C)c4c3)CCC2)nnc1/C=C/C(=O)O,-5.795880017344075,,,train
CCOc1cc(O[C@@H]2C[C@H]3C(=O)N[C@]4(C(=O)NS(=O)(=O)C5CC5)C[C@H]4/C=C\CCCCC[C@H](NC(=O)OC(C)(C)C)C(=O)N3C2)c2ccc(OC)c(C)c2n1,-5.200659450546419,,,val
CCOc1cc(O[C@@H]2C[C@H]3C(=O)N[C@]4(C(=O)NS(=O)(=O)C5CC5)C[C@H]4/C=C\CCCCC[C@H](NC(=O)OC(C)C)C(=O)N3C2)c2ccc(OC)c(C)c2n1,-5.376750709602099,,,train
CCOc1cc(O[C@@H]2C[C@H]3C(=O)N[C@]4(C(=O)NS(=O)(=O)C5CC5)C[C@H]4/C=C\CCCCC[C@H](NC(=O)c4cc[nH]n4)C(=O)N3C2)c2ccc(OC)c(C)c2n1,-6.698970004336019,,,train
CCOc1cc([C@@H](Nc2ccc3c(N)nccc3c2)C(=O)N2CCC[C@@H]2c2cc(NC(=O)OC)ccc2S(=O)(=O)C(C)C)c(F)cc1F,,-7.309803919971486,,val
CCOc1cc([C@@H](Nc2ccc3c(N)nccc3c2)C(=O)N2CCC[C@@H]2c2cc(NC(=O)OC)ccc2S(=O)(=O)C(C)C)ccc1OC(C)C,,-8.154901959985743,,train
CCOc1cc2c(-c3cccc(S(N)(=O)=O)c3)n[nH]c2cc1-c1cnn(C)c1,,,-6.221848749616356,test
CCOc1ccc(-c2ccc(C(=O)NO)cn2)cc1-c1nc2c(CC)nn(C)c2c(=O)[nH]1,,-8.036212172654444,,train
CCOc1ccc(-c2ccc(C(=O)NO)nc2)cc1-c1nc2c(CC)nn(C)c2c(=O)[nH]1,,-7.818156412055227,,train
CCOc1ccc(-c2nnc([C@H]3C[C@H](NC(=O)c4ccccn4)C3)n2-c2ccccc2F)nc1,-4.403402904373539,,,train
CCOc1ccc(-c2nnc([C@H]3C[C@H](NC(=O)c4ccnc5cccnc45)C3)n2-c2ccccc2F)nc1,-4.468521082957745,,,train
CCOc1ccc(C(=O)NC2(C(=O)N[C@H](Cc3ccccc3)C(=O)NCC3CCN(CC4CCOCC4)CC3)CCCC2)cc1,-5.920818753952375,,,train
CCOc1ccc(C2CC(C(=O)NO)C2)cc1-c1nc2c(CC)nn(C)c2c(=O)[nH]1,,-7.863279432843593,,train
CCOc1ccc(C2N=C(Nc3nc4ccc(F)cc4o3)NC(C)=C2C(=O)Nc2cc(C(=O)O)ccn2)c(Cl)c1,,-6.0,,train
CCOc1ccc(CC2CC(C(=O)NO)C2)cc1-c1nc2c(CC)nn(C)c2c(=O)[nH]1,,-7.804100347590766,,train
CCOc1ccc(CC2CCC(CC(=O)NO)CC2)cc1-c1nc2c(CC)nn(C)c2c(=O)[nH]1,,-7.505845405981558,,test
CCOc1ccc(CC2CCN(c3ncc(C(=O)NO)cn3)CC2)cc1-c1nc2c(CC)nn(C)c2c(=O)[nH]1,,-8.387216143280265,,val
CCOc1ccc(CN2CCN(c3ncc(C(=O)NO)cn3)CC2)cc1-c1nc2c(CC)nn(C)c2c(=O)[nH]1,,-8.050609993355087,,train
CCOc1ccc(C[C@H]2CC[C@H](C(=O)NO)CC2)cc1-c1nc2c(CC)nn(C)c2c(=O)[nH]1,,-7.454692883534176,,train
CCOc1ccc(Cl)c2oc3cc(N4CCC(C(=O)O)C4)ccc3c(=O)c12,,-6.154901959985743,,train
CCOc1ccc(F)c([C@@H](Nc2ccc3c(N)nccc3c2)C(=O)N2CCC[C@@H]2c2cc(NC(=O)OC)ccc2S(=O)(=O)C(C)C)c1,,-6.853871964321762,,train
CCOc1ccc(F)c([C@@H](Nc2ccc3c(N)nccc3c2)C(=O)N2CC[C@H](C(=O)O)[C@@H]2c2cc(NC(=O)OC)ccc2S(=O)(=O)C(C)C)c1,,-9.096910013008056,,train
CCOc1ccc(OC2CCN(c3ncc(C(=O)NO)cn3)CC2)cc1-c1nc2c(CC)nn(C)c2c(=O)[nH]1,,-7.515700160653214,,train
CCOc1ccc(Oc2ccc(C(=O)NO)cc2)cc1-c1nc2c(CC)nn(C)c2c(=O)[nH]1,,-7.434152181326483,,train
CCOc1ccc2[nH]c3c(c(=O)c2c1)CCCC3,,-4.2839966563652006,,train
CCOc1ccc2cn(-c3ccc4nn(C)cc4c3)c(=O)c(-c3ccc(Cl)cc3)c2n1,-4.7447274948966935,,,train
CCOc1cccc(-c2nc(SC(C(N)=O)c3nc(-c4ccc([N+](=O)[O-])cc4)cs3)[nH]c(=O)c2C#N)c1,,-6.136677139879544,,train
CCOc1cccc(-c2nc(SC(C(N)=O)c3nc(-c4ccccc4)c[nH]3)[nH]c(=O)c2C#N)c1,,-5.1487416512809245,,train
CCOc1cccc(-c2nc(SCC(=O)Nc3nc(-c4cc(Cl)c(N)c(Cl)c4)cs3)[nH]c(=O)c2C#N)c1,,-7.154901959985743,,train
CCOc1cccc(C(=O)NC2(C(=O)N[C@H](Cc3ccccc3)C(=O)NCC3CCN(CC4CCOCC4)CC3)CCCC2)c1,-6.0,,,train
CCOc1cccc(CNC(=O)c2ccc(-c3ccncc3)cc2)c1,,-4.742321425130816,,val
CCOc1cccc(Nc2nc3c(s2)CCCc2n[nH]cc2-3)n1,,-7.0,,train
CCOc1ccccc1-c1cc2c(N[C@H](CCO)c3ccccc3)ncnc2[nH]1,-4.6307841425898575,,,train
CCOc1ccccc1-c1cc2c(N[C@H](CO)c3ccccc3)ncnc2[nH]1,-4.619788758288394,,,train
CCOc1ccccc1-c1ccc(-c2nc3cncc(Cl)c3c(N[C@H](CC)C(N)=O)c2C#N)cc1,-7.769551078621726,,,train
CCOc1ccccc1-c1ccc(-c2nc3cnccc3c(C[C@H](C)C(=O)O)c2C#N)cc1,-7.366531544420414,,,val
CCOc1ccccc1-c1ccc(-c2nc3cnccc3c(NC(C)C(=O)O)c2C#N)cc1,,-8.0,,train
CCOc1ccccc1-c1ccc(-c2nc3cnccc3c(N[C@H](CC)C(=O)NS(C)(=O)=O)c2C#N)cc1,,-8.585026652029182,,train
CCOc1ccccc1-c1ccc(-c2nc3cnccc3c(N[C@H](CC)C(N)=O)c2C#N)cc1,-6.82102305270683,-7.744727494896693,,test
CCOc1ccccc1O[C@@H]1CCCN(c2ncc(C(=O)NC(C)(C)CO)cn2)C1,,,-4.721246399047171,train
CCOc1cccnc1Oc1cncc(-c2ncc(C(=O)NC(C)(C)CO)cn2)c1,,,-4.6777807052660805,test
CCOc1cccnc1Oc1cncc(-c2ncc(C(=O)NC(C)(C)CS(C)(=O)=O)cn2)c1,,,-4.823908740944319,train
CCOc1cccnc1Oc1cncc(-c2ncc(C(=O)NC3(CO)CCOC3)cn2)c1,,,-5.4604093769761874,train
CCOc1cccnc1Oc1cncc(-c2ncc(C(=O)NC3CC(=O)N(C)C3)cn2)c1,,,-6.0,train
CCOc1cccnc1Oc1cncc(-c2ncc(C(=O)NC3CCCOC3)cn2)c1,,,-4.638272163982407,train
CCOc1cccnc1Oc1cncc(-c2ncc(C(=O)NC3CCOCC3)cn2)c1,,,-4.698970004336019,train
CCOc1cccnc1Oc1cncc(-c2ncc(C(=O)NC3CCS(=O)(=O)C3)cn2)c1,,,-5.301029995663981,val
CCOc1cccnc1Oc1cncc(-c2ncc(C(=O)N[C@@H]3CCOC3)cn2)c1,,,-4.853871964321762,test
CCOc1cccnc1Oc1cncc(-c2ncc(C(=O)N[C@H]3CCOC3)cn2)c1,,,-4.721246399047171,train
CCOc1nc(NC(=O)C2(NC(=O)c3ccc4c(C5CCCC5)c(-c5ccc(Cl)cn5)n(C)c4c3)CCC2)ccc1/C=C/C(=O)O,-4.823908740944319,,,train
CCOc1nc(NC(=O)C2(NC(=O)c3ccc4c(C5CCCC5)c(-c5ccc(F)cn5)n(C)c4c3)CCC2)ccc1/C=C/C(=O)O,-4.853871964321762,,,train
CCOc1nc(NC(=O)C2(NC(=O)c3ccc4c(C5CCCC5)c(-c5ccccn5)n(C)c4c3)CCC2)ccc1/C=C/C(=O)O,-4.6777807052660805,,,train
CCOc1nc(NC(=O)C2(NC(=O)c3ccc4c(C5CCCC5)c(-c5cnccn5)n(C)c4c3)CCC2)ccc1/C=C/C(=O)O,-4.886056647693163,,,train
CCOc1nc(NC(=O)C2(NC(=O)c3ccc4c(C5CCCC5)c(-c5cncnc5)n(C)c4c3)CCC2)ccc1/C=C/C(=O)O,-4.769551078621726,,,train
CCOc1nc(NC(=O)C2(NC(=O)c3ccc4c(C5CCCC5)c(-c5ncc(Cl)cn5)n(C)c4c3)CCC2)ccc1/C=C/C(=O)O,-4.823908740944319,,,train
CCOc1nc(NC(=O)C2(NC(=O)c3ccc4c(C5CCCC5)c(-c5ncc(Cl)cn5)n(C)c4c3)CCC2)cnc1/C=C/C(=O)O,-4.886056647693163,,,train
CCOc1nc(NC(=O)C2(NC(=O)c3ccc4c(C5CCCC5)c(-c5ncc(Cl)cn5)n(C)c4c3)CCC2)ncc1/C=C/C(=O)O,-5.366531544420414,,,train
CCOc1nc(NC(=O)C2(NC(=O)c3ccc4c(c3)c(C)c(-c3ccc(F)cn3)n4C3CCCCC3)CCC2)ccc1/C=C/C(=O)O,-4.823908740944319,,,train
CCOc1nc(Nc2ccc(C(=O)N3CCOCC3)cc2)nc2[nH]ccc12,,-6.292429823902063,,train
CCOc1nc(Nc2ccc(C(=O)N3CCOCC3)cc2OC)nc2[nH]ccc12,,-6.318758762624412,,train
CCOc1nc(OCCOC)nc2c1CN(C(=O)c1cc(C(C)C)c(O)cc1O)CC2,,-4.112045296191199,,train
CCOc1nc2cc(Cl)c(OC)cc2n1CCCNC(C)=O,-4.632644078973981,,,train
CCOc1nc2cc(Cl)c(OC)cc2n1CCNC(C)=O,-4.42021640338319,,,train
CCOc1nc2ccc(OC)cc2n1CCCNC(C)=O,-4.647817481888637,,,test
CCOc1nc2ccc(OC)cc2n1CCNC(C)=O,-4.623423042943488,,,train
CCOc1nc2ccc3c(c2n1CCNC(C)=O)CCO3,-4.801342913045578,,,train
CCOc1ncc(S(=O)(=O)N2CCN(CC)CC2)cc1-c1nc2c(CC)n(CCN3CCOCC3)nc2c(=O)[nH]1,-5.6020599913279625,,,train
CCOc1ncc(S(=O)(=O)N2CCN(CC)CC2)cc1-c1nc2c(CC)n(CCOC)nc2c(=O)[nH]1,-4.795880017344075,,,train
CCOc1ncc2c(n1)CCN(C(=O)c1cc(C(C)C)c(O)cc1O)C2,,-4.140201452519435,,train
CCOc1nccc(Nc2nccc(-c3sc(C4CCNCC4)nc3-c3ccc(F)cc3)n2)n1,,-4.769551078621726,,train
CCP(=O)(CC)c1ccc(C(F)(F)F)cc1,-4.055517327849832,,,train
CCP(=O)(CC)c1ccccc1Nc1nc(Nc2cc(-c3cnn(C)c3)c(N3CCOCC3)cc2OC)ncc1Cl,-4.107905397309519,,,test
CCP(=O)(CC)c1ccncc1,-4.721246399047171,,,train
CCP(=O)(OC)c1ccc2nc(-c3ccc(F)cc3C(F)F)oc2c1,-4.910094888560602,,,train
CCP(=O)(OC)c1ccc2nc(-c3ccc4c(c3)OC(F)(F)O4)oc2c1,-4.764471553092451,,,train
CCP(=O)(OC)c1ccc2nc(-c3cccc(OC(F)F)c3)oc2c1,-4.742321425130816,,,train
CCP(=O)(OC)c1ccc2nc(-c3ccnc(OC(F)F)c3)oc2c1,-4.661543506395395,,,test
CCP(=O)(OC)c1ccc2oc(-c3ccc(F)cc3)nc2c1,-4.7447274948966935,,,train
CCP(=O)(OC)c1ccc2oc(-c3ccc(OC)cc3)nc2c1,-4.876148359032914,,,train
CCP(=O)(OC)c1ccc2oc(-c3ccc4c(c3)OC(F)(F)O4)nc2c1,-4.896196279044044,,,train
CCP(=O)(OC)c1ccc2oc(-c3cccc(C(F)(F)F)c3)nc2c1,-4.7447274948966935,,,train
CCP(=O)(OC)c1ccc2oc(-c3cccc(C(F)F)c3)nc2c1,-4.847711655616943,,,train
CCP(=O)(OC)c1ccc2oc(-c3cccc(OC(F)F)c3)nc2c1,-4.876148359032914,,,val
CCP(=O)(OC)c1ccc2oc(-c3cccc(OC)c3)nc2c1,-4.804100347590766,,,train
CCP(=O)(OC)c1ccc2oc(-c3ccccc3C(F)F)nc2c1,-4.790484985457369,,,train
CCP(=O)(OC)c1ccc2oc(-c3ccccc3OC(F)F)nc2c1,-4.72584215073632,,,val
CCP(=O)(OC)c1ccc2oc(-c3ccnc(C(F)(F)F)c3)nc2c1,-4.910094888560602,,,train
CCP(=O)(OC)c1ccc2oc(-c3ccnc(OC(F)F)c3)nc2c1,-4.651695136951839,,,train
CCP(=O)(OC1CC1)c1ccc2oc(-c3cccc(C(F)(F)F)c3)nc2c1,-4.97469413473523,,,test
CCP(=O)(OC1CCC1)c1ccc2oc(-c3cccc(C(F)(F)F)c3)nc2c1,-5.195179321278838,,,val
CCS(=O)(=O)CCc1c(Cn2c(=O)n(C3CC3)c3ccncc32)nc2cc(Cl)ccn12,,-5.585026652029182,,train
CCS(=O)(=O)N1CC(Oc2cncc(N3C(=O)c4ccc(Cl)cc4C3(C)C)c2)C1,,-5.379863945026242,,train
CCS(=O)(=O)N1CCC(CN(C2Cc3cc(C#N)ccc3N(Cc3cncn3C)C2)S(=O)(=O)c2ccccn2)CC1,-7.0,,,train
CCS(=O)(=O)N1CCC(c2c[nH]c3c(C(N)=O)cc(-c4ccccc4)cc23)CC1,,-6.6020599913279625,,train
CCS(=O)(=O)N1CCC(c2cncc(N3C(=O)c4ccc(Cl)cc4C3(C)C)c2)CC1,,-5.396855627379818,,val
CCS(=O)(=O)N1C[C@H](N(C)c2ncnc3[nH]ccc23)C2(CC2)C1,-4.595166283380062,,,train
CCS(=O)(=O)Nc1ccc(OC2CCC(N(C)C)CC2)c(-c2cn(C)c(=O)c3[nH]ccc23)c1,,,-5.568636235841013,train
CCS(=O)(=O)Nc1ccc(OC2CCN(C)CC2)c(-c2cn(C)c(=O)c3[nH]ccc23)c1,,,-6.259637310505756,train
CCS(=O)(=O)Nc1ccc(OCC(C)(C)C)c(-c2cn(C)c(=O)c3[nH]ccc23)c1,,,-4.366531544420414,train
CCS(=O)(=O)Nc1ccc(Oc2c(F)cc(F)cc2F)c(-c2cn(C)c(=O)c3[nH]ccc23)c1,,,-4.6777807052660805,train
CCS(=O)(=O)Nc1ccc(Oc2ccc(C#N)cc2)c(-c2cn(C)c(=O)c3[nH]ccc23)c1,,,-4.958607314841775,train
CCS(=O)(=O)Nc1ccc(Oc2ccc(C(F)(F)F)cc2)c(-c2cn(C)c(=O)c3[nH]ccc23)c1,,,-4.958607314841775,train
CCS(=O)(=O)Nc1ccc(Oc2ccc(Cl)cc2)c(-c2cn(C)c(=O)c3[nH]ccc23)c1,,,-4.6777807052660805,train
CCS(=O)(=O)Nc1ccc(Oc2ccc(F)cc2F)c(-c2cn(C)c(=O)c3[nH]ccc23)c1,,,-4.537602002101044,train
CCS(=O)(=O)Nc1ccc(Oc2ccccc2)c(-c2cn(C)c(=O)c3[nH]ccc23)c1,,,-4.657577319177793,train
CCS(=O)(=O)Nc1ccc(Oc2cncnc2)c(-c2cn(C)c(=O)c3[nH]ccc23)c1,,,-6.0,train
CCS(=O)(=O)Nc1cccc(Cc2c(C)c3cc(Cl)c(OC(=O)N(C)C)cc3oc2=O)c1,,-5.522878745280337,,train
CCS(=O)(=O)Nc1cncc(-c2ccccc2O[C@H]2C[C@@H]3CNC[C@H]2C3)c1,,,-6.356547323513813,train
CCS(=O)(=O)c1ccc(C(CC(=O)N(C)C)C(=O)Nc2ccc(C(O)(C(F)(F)F)C(F)(F)F)cc2)cc1,-5.853871964321762,,,train
CCS(=O)(=O)c1ccc(C(CC(=O)NC)C(=O)Nc2ccc(C(O)(C(F)(F)F)C(F)(F)F)cc2)cc1,-6.3979400086720375,,,train
CCS(=O)(=O)c1ccc(C(Cn2cccn2)C(=O)Nc2ccc(C(O)(C(F)(F)F)C(F)(F)F)cc2)cc1,-5.585026652029182,,,train
CCS(=O)(=O)c1ccc(C(NC(=O)CC2CC2)C(=O)Nc2ccc(C(O)(C(F)(F)F)C(F)(F)F)cc2)nc1,-5.958607314841775,,,train
CCS(=O)(=O)c1ccc(C(NC(=O)Cc2ccccc2)C(=O)Nc2ccc(C(O)(C(F)(F)F)C(F)(F)F)cc2)nc1,-6.045757490560675,,,train
CCS(=O)(=O)c1ccc(C(NC(=O)Cc2nccs2)C(=O)Nc2ccc(C(O)(C(F)(F)F)C(F)(F)F)cc2)nc1,-5.6020599913279625,,,val
CCS(=O)(=O)c1ccc(C(NC(C)=O)C(=O)Nc2cc(-c3cc(C#N)cc(F)c3OC)cs2)cc1,-6.522878745280337,,,train
CCS(=O)(=O)c1ccc(C(NC(C)=O)C(=O)Nc2ccc(C(O)(C(F)(F)F)C(F)(F)F)cc2)nc1,-6.154901959985743,,,train
CCS(=O)(=O)c1ccc(CC(=O)Nc2cc(-c3cc(C#N)cc(F)c3OC)cs2)cc1,-5.744727494896694,,,train
CCS(=O)(=O)c1ccc(CC(=O)Nc2cc(-c3cc(C#N)ccc3OC)cs2)cc1,-5.795880017344075,,,train
CCS(=O)(=O)c1ccc(CC(=O)Nc2cc(-c3cc(C#N)cnc3OC)cs2)cc1,-5.585026652029182,,,train
CCS(=O)(=O)c1ccc(CC(=O)Nc2cc(-c3cccc(Cl)c3)c(C(=O)c3ccccc3Cl)s2)cc1,-9.0,,,train
CCS(=O)(=O)c1ccc(CNC(=O)c2cc3c(s2)C2(CCN([C@H](C)c4ccc(C#N)cc4)CC2)OCC3)cc1,,,-5.150580586203101,train
CCS(=O)(=O)c1ccc(CNC(=O)c2cc3c(s2)C2(CCN([C@H](C)c4ccc(C#N)cc4)CC2)OCC3)nc1,,,-5.070581074285707,train
CCS(=O)(=O)c1ccc(CNC(=O)c2cc3c(s2)C2(CCN([C@H](C)c4cnc(C(F)(F)F)nc4)CC2)OCC3)cc1,,,-5.067526235322847,train
CCS(=O)(=O)c1ccc(CNC(=O)c2cc3c(s2)C2(CCN([C@H](C)c4cnc(C(F)(F)F)nc4)CC2)O[C@@H](C)C3)cc1,,,-5.120904120499928,train
CCS(=O)(=O)c1ccc(CNC(=O)c2cc3c(s2)C2(CCN([C@H](C)c4cnc(C(F)(F)F)nc4)CC2)O[C@@H](C)C3)nc1,,,-5.042392712939905,train
CCS(=O)(=O)c1ccc(Oc2cc(O[C@@H](C)CO)cc(-c3nccc(=O)[nH]3)c2)cc1,,,-5.552841968657781,train
CCS(=O)(=O)c1ccc([C@@H](CC(=O)NC)C(=O)Nc2ccc(C(O)(C(F)(F)F)C(F)(F)F)cc2)cc1,-6.522878745280337,,,train
CCS(=O)(=O)c1ccc([C@@H](NC(C)=O)C(=O)Nc2cc(-c3cccnc3OCc3ccc(OC(F)(F)F)cc3)cs2)cc1,-9.0,,,train
CCS(=O)(=O)c1ccc([C@@H](NC(C)=O)C(=O)Nc2ccc(C(O)(C(F)(F)F)C(F)(F)F)cc2)cc1,-6.301029995663981,,,train
CCS(=O)(=O)c1ccc2oc(-c3ccc4c(c3)C=C[C@H](O)[C@H]4O)nc2c1,,-4.47755576649368,,train
CCS(=O)(=O)c1ccc2oc(-c3ccc4c(c3)[C@@H](O)[C@H](O)C=C4)nc2c1,,-4.46344155742847,,val
CCS(=O)(=O)c1ccc2oc(-c3ccc4ccccc4c3)nc2c1,,-5.022276394711152,,train
CCS(=O)(=O)c1ccccc1Nc1cc(Nc2ccc(F)cn2)ncc1C(=O)NC,-7.275724130399211,,,train
CCS(=O)(=O)c1ccccc1[C@H]1[C@@H](C(=O)O)CCN1C(=O)[C@H](Nc1ccc2c(N)nccc2c1)c1ccc(F)c(OC)c1,,-9.2518119729938,,train
CCSc1ccc(C(=O)NC2(C(=O)N[C@H](Cc3ccccc3)C(=O)NCC3CCN(CC4CCOCC4)CC3)CCCC2)cc1,-6.221848749616356,,,train
CCSc1nc(NCCc2ccccc2)c2cnn(CC(Cl)c3ccccc3)c2n1,,-5.8996294548824375,,train
CCSc1nc(Nc2cccc(Cl)c2)c2cnn(CC(Cl)c3ccccc3)c2n1,,-6.585026652029182,,train
CC[C@@H](C)Nc1cc(C(=O)NC2CC3CCC(C2)N3c2ccc(C(=O)C3CC3)cn2)c(C)cc1C(N)=O,,,-6.494850021680094,test
CC[C@@H](C)OC(=O)[C@H](C)NP(=O)(OC[C@H]1O[C@@](C#N)(c2ccc3c(N)ncnn23)[C@](C)(O)[C@@H]1O)Oc1ccccc1,-6.1249387366083,,,train
CC[C@@H](C)n1nc(N2CC(C(C)(C)O)C2)c2cnc(Nc3ccnc(-c4cnn(S(=O)(=O)C5CC5)c4)n3)cc21,,,-4.721246399047171,train
CC[C@@H](CO)Nc1nc(Nc2cc(Cl)cc(Cl)c2)ncc1C(=O)NC1CCN(C)CC1,,-5.698970004336019,,train
CC[C@@H](Nc1c(C#N)c(-c2ccc(-c3ccc(Cl)cc3)cc2)nc2cnccc12)C(N)=O,-7.537602002101044,,,train
CC[C@@H](Nc1c(C#N)c(-c2ccc(-c3ccc(OC)cc3)cc2)nc2cnccc12)C(N)=O,-6.943095148663527,,,train
CC[C@@H](Nc1c(C#N)c(-c2ccc(-c3cccc(C)c3F)cc2)nc2cnccc12)C(=O)O,,-7.853871964321762,,train
CC[C@@H](Nc1c(C#N)c(-c2ccc(-c3cccc(C)c3F)cc2)nc2cnccc12)C(N)=O,-7.327902142064283,,,train
CC[C@@H](Nc1c(C#N)c(-c2ccc(-c3cccc(Cl)c3)cc2)nc2cnccc12)C(N)=O,-7.431798275933005,,,train
CC[C@@H](Nc1c(C#N)c(-c2ccc(-c3cccc(Cl)c3F)cc2)nc2cnccc12)C(N)=O,-7.4089353929735005,-8.508638306165727,,train
CC[C@@H](Nc1c(C#N)c(-c2ccc(-c3cccc(OC)c3)cc2)nc2cnccc12)C(N)=O,-6.982966660701219,,,train
CC[C@@H](Nc1c(C#N)c(-c2ccc(-c3ccccc3F)cc2)nc2cnccc12)C(N)=O,-6.853871964321762,,,train
CC[C@@H](Nc1c(C#N)c(-c2ccc(-c3ccccc3OC)cc2)nc2cnccc12)C(N)=O,-6.795880017344075,,,train
CC[C@@H](Nc1c(C#N)c(-c2ccc(Br)cc2)nc2cnccc12)C(=O)O,,-8.229147988357855,,train
CC[C@@H](Nc1c(C#N)c(-c2ccc(Br)cc2)nc2cnccc12)C(N)=O,-6.694648630553377,-7.055517327849832,,train
CC[C@@H](O)c1nc2cnc3[nH]ccc3c2n1C1CCCCC1,,,-4.657577319177793,train
CC[C@@H](c1cccc(O)c1)[C@@H](C)CN(C)C,,-4.866461091629782,,train
CC[C@@H]1C(=O)N(C)c2cnc(-c3cn[nH]c3-c3nccs3)nc2N1C(C)C,,,-6.73754891026957,test
CC[C@@H]1C(=O)N(C)c2cnc(-c3cn[nH]c3-c3nccs3)nc2N1C1CCOCC1,,,-6.723538195826756,train
CC[C@@H]1C(=O)N(C)c2cnc(-c3cn[nH]c3-c3nccs3)nc2N1[C@H]1CCOC1,,,-6.774690718274137,train
CC[C@@H]1C(=O)N(C)c2cnc(-c3cn[nH]c3-c3nccs3)nc2N1c1cn[nH]c1,,,-7.180456064458132,train
CC[C@@H]1C(=O)N(C)c2cnc(-n3ccnc3-c3ccc(F)cc3)nc2N1CCC(F)(F)F,,,-6.801342913045578,train
CC[C@@H]1C(=O)N(C)c2cnc(-n3ccnc3-c3ccc(F)cc3)nc2N1[C@H]1CCOC1,,,-6.6307841425898575,train
CC[C@@H]1C(=O)N(C)c2cnc(-n3ccnc3-c3ccc(F)cc3)nc2N1c1ccn(C)n1,,,-6.732828271596986,train
CC[C@@H]1C(=O)N(C)c2cnc(-n3ccnc3-c3ccc(F)cc3)nc2N1c1cn[nH]c1,,,-7.060480747381382,val
CC[C@@H]1C(=O)N(C)c2cnc(-n3ccnc3-c3ccc(F)cc3)nc2N1c1cnn(C)c1,,,-6.673664139071248,train
CC[C@@H]1C(=O)N(C)c2cnc(-n3ccnc3-c3ccccc3)nc2N1C1CCCC1,,,-6.943095148663527,train
CC[C@@H]1CN(C(=O)NCC(F)(F)F)C[C@@H]1c1cnc2cnc3[nH]ccc3n12,,,-5.443697499232713,train
CC[C@@H]1CO[C@@](C)(CCO)CN1C(=O)c1cc(OC)c2oc(N[C@H](C)c3cccc(Cl)c3)nc2c1,-7.167491087293763,,,train
CC[C@@H]1C[C@]1(NC(=O)[C@@H]1C[C@@H](Oc2cc(-c3csc(NC(C)C)n3)nc3c(Cl)c(OC)ccc23)CN1C(=O)[C@@H](NC(=O)O[C@@H]1C[C@@H]2C[C@@H]2C1)C(C)(C)C)C(=O)O,-5.136677139879544,,,train
CC[C@@H]1C[C@]1(NC(=O)[C@@H]1C[C@@H](Oc2cc(-c3csc(NC(C)C)n3)nc3c(Cl)c(OC)ccc23)CN1C(=O)[C@@H](NC(=O)O[C@@H]1C[C@@H]2[C@H](C1)C2(F)F)C(C)(C)C)C(=O)O,-5.167491087293763,,,train
CC[C@@H]1C[C@]1(NC(=O)[C@@H]1C[C@@H](Oc2cc(-c3csc(NC(C)C)n3)nc3c(Cl)c(OC)ccc23)CN1C(=O)[C@@H](NC(=O)O[C@H]1C[C@@H]2[C@H](C1)C2(F)F)C(C)(C)C)C(=O)O,-5.346787486224656,,,train
CC[C@@H]1C[C@]1(NC(=O)[C@@H]1C[C@@H](Oc2cc(-c3csc(NC(C)C)n3)nc3c(Cl)c(OCCN4CCCCC4)ccc23)CN1C(=O)[C@@H](NC(=O)O[C@@H]1C[C@@H]2C[C@@H]2C1)C(C)(C)C)C(=O)O,-5.173925197299174,,,val
CC[C@@H]1C[C@]1(NC(=O)[C@@H]1C[C@@H](Oc2cc(-c3csc(NC(C)C)n3)nc3c(Cl)c(OCCN4CCOCC4(C)C)ccc23)CN1C(=O)[C@@H](NC(=O)O[C@@H]1C[C@@H]2C[C@@H]2C1)C(C)(C)C)C(=O)O,-5.180456064458132,,,train
CC[C@@H]1C[C@]1(NC(=O)[C@@H]1C[C@@H](Oc2cc(-c3csc(NC(C)C)n3)nc3c(Cl)c(OCCN4CCOCC4)ccc23)CN1C(=O)[C@@H](NC(=O)O[C@@H]1C[C@@H]2C[C@@H]2C1)C(C)(C)C)C(=O)O,-6.096910013008056,,,train
CC[C@@H]1C[C@]1(NC(=O)[C@@H]1C[C@@H](Oc2cc(-c3csc(NC(C)C)n3)nc3c(Cl)c(OCCN4CC[C@@H](OC)C4)ccc23)CN1C(=O)[C@@H](NC(=O)O[C@@H]1C[C@@H]2C[C@@H]2C1)C(C)(C)C)C(=O)O,-5.214670164989233,,,train
CC[C@@H]1NC(=O)[C@H](CC(C)C)N(C)C(=O)[C@H](C(C)C)N(C)C(=O)[C@H](CC(C)C)N(C)C(=O)[C@H](CC(C)C)N(C)C(=O)[C@@H](C)NC(=O)[C@H](C)NC(=O)[C@H](CC(C)C)N(C)C(=O)[C@H](C(C)C)NC(=O)[C@H](CC(C)C)N(C)C(=O)CN(C)C1=O,,,-5.744727494896694,train
CC[C@@H]1NC(=O)[C@H](CC(C)C)N(C)C(=O)[C@H](CC)N(C)C(=O)[C@H](CC(C)C)N(C)C(=O)[C@H](CC(C)C)N(C)C(=O)[C@@H](C)NC(=O)[C@H](C)NC(=O)[C@H](CC(C)C)N(C)C(=O)[C@H](C(C)C)NC(=O)[C@H](CC(C)C)N(C)C(=O)CN(C)C1=O,,,-5.568636235841013,train
CC[C@@]1(O)C(=O)OCc2c1cc1n(c2=O)Cc2cc3c(CN(C)C)c(O)ccc3nc2-1,-5.898892112099434,,,train
CC[C@@]1(O)C(=O)OCc2c1cc1n(c2=O)Cc2cc3c4c(ccc3nc2-1)OCOC4,-5.0,,,train
CC[C@@]1(O)C(=O)OCc2c1cc1n(c2=O)Cc2cc3ccccc3nc2-1,-5.103473782510445,,,train
CC[C@H](C(=O)N1CC(C#N)C1)n1c(=O)c2cc(OC)c(OC)cc2c2cnc3[nH]ccc3c21,-7.0,,,train
CC[C@H](C(=O)N[C@H](C(=O)NCC(=O)NCC#N)C(C)(C)C)c1cc(Cl)cc(Cl)c1,-5.136677139879544,,,train
CC[C@H](C(=O)N[C@H](C(=O)NCC(=O)NCC#N)[C@@H](C)O)c1cc(Cl)cc(Cl)c1,-5.585026652029182,,,test
CC[C@H](C)C(=O)O[C@H]1C[C@H](O)C=C2C=C[C@H](C)[C@H](CC[C@@H](O)C[C@@H](O)CC(=O)O)[C@H]21,,,-6.337242168318426,test
CC[C@H](C)Nc1cc(C(=O)NC2CC3CCC(C2)N3c2ccc(C(=O)C3CC3)cn2)c(C)cc1C(N)=O,,,-6.619788758288394,train
CC[C@H](C)OC(=O)[C@H](C)NP(=O)(OC[C@H]1O[C@@](C#N)(c2ccc3c(N)ncnn23)[C@](C)(O)[C@@H]1O)Oc1ccccc1,-5.832682665251824,,,train
CC[C@H](C)[C@@H]([C@@H](CC(=O)N1CCC[C@H]1[C@H](OC)[C@@H](C)C(=O)N[C@@H](Cc1ccccc1)c1nc(C(=O)N(C)CCN)cs1)OC)N(C)C(=O)[C@@H](NC(=O)[C@H](C(C)C)N(C)C)C(C)C,,-7.142667503568732,,train
CC[C@H](C)[C@@H]([C@@H](CC(=O)N1CCC[C@H]1[C@H](OC)[C@@H](C)C(=O)N[C@@H](Cc1ccccc1)c1nc(C(=O)N(C)CCNC)cs1)OC)N(C)C(=O)[C@@H](NC(=O)[C@H](C(C)C)N(C)C)C(C)C,,-9.0,,train
CC[C@H](C)[C@@H]([C@@H](CC(=O)N1CCC[C@H]1[C@H](OC)[C@@H](C)C(=O)N[C@@H](Cc1ccccc1)c1nc(C(=O)N(C)CCO)cs1)OC)N(C)C(=O)[C@@H](NC(=O)[C@H](C(C)C)N(C)C)C(C)C,,-7.113509274827519,,train
CC[C@H](C)[C@@H]([C@@H](CC(=O)N1CCC[C@H]1[C@H](OC)[C@@H](C)C(=O)N[C@@H](Cc1ccccc1)c1nc(C(=O)N(C)CCS)cs1)OC)N(C)C(=O)[C@@H](NC(=O)[C@H](C(C)C)N(C)C)C(C)C,,-5.958607314841775,,test
CC[C@H](C)[C@@H]([C@@H](CC(=O)N1CCC[C@H]1[C@H](OC)[C@@H](C)C(=O)N[C@@H](Cc1ccccc1)c1nc(C(=O)NCCCCNC(=O)CCS)cs1)OC)N(C)C(=O)[C@@H](NC(=O)[C@H](C(C)C)N(C)C)C(C)C,,-9.0,,train
CC[C@H](C)[C@@H]([C@@H](CC(=O)N1CCC[C@H]1[C@H](OC)[C@@H](C)C(=O)N[C@@H](Cc1ccccc1)c1nc(C(=O)NCCN)cs1)OC)N(C)C(=O)[C@@H](NC(=O)[C@H](C(C)C)N(C)C)C(C)C,,-7.251811972993799,,train
CC[C@H](C)[C@@H]([C@@H](CC(=O)N1CCC[C@H]1[C@H](OC)[C@@H](C)C(=O)N[C@@H](Cc1ccccc1)c1nc(C(=O)NCCNC)cs1)OC)N(C)C(=O)[C@@H](NC(=O)[C@H](C(C)C)N(C)C)C(C)C,,-8.397940008672037,,train
CC[C@H](C)[C@@H]([C@@H](CC(=O)N1CCC[C@H]1[C@H](OC)[C@@H](C)C(=O)N[C@@H](Cc1ccccc1)c1nc(C(=O)NCCO)cs1)OC)N(C)C(=O)[C@@H](NC(=O)[C@H](C(C)C)N(C)C)C(C)C,,-7.698970004336019,,train
CC[C@H](C)[C@@H]([C@@H](CC(=O)N1CCC[C@H]1[C@H](OC)[C@@H](C)C(=O)N[C@@H](Cc1ccccc1)c1nc(C(=O)NCCS)cs1)OC)N(C)C(=O)[C@@H](NC(=O)[C@H](C(C)C)N(C)C)C(C)C,,-5.958607314841775,,test
CC[C@H](C)[C@@H]([C@@H](CC(=O)N1CCC[C@H]1[C@H](OC)[C@@H](C)C(=O)N[C@@H](Cc1ccccc1)c1nc(C(=O)NCCc2ccc(N)cc2)cs1)OC)N(C)C(=O)[C@@H](NC(=O)[C@H](C(C)C)N(C)C)C(C)C,,-6.522878745280337,,train
CC[C@H](C)[C@@H]([C@@H](CC(=O)N1CCC[C@H]1[C@H](OC)[C@@H](C)C(=O)N[C@@H](Cc1ccccc1)c1nc(C(=O)NCCc2ccc(O)cc2)cs1)OC)N(C)C(=O)[C@@H](NC(=O)[C@H](C(C)C)N(C)C)C(C)C,,-6.443697499232713,,train
CC[C@H](C)[C@@H]([C@@H](CC(=O)N1CCC[C@H]1[C@H](OC)[C@@H](C)C(=O)N[C@@H](Cc1ccccc1)c1nc(C(=O)OCCN)cs1)OC)N(C)C(=O)[C@@H](NC(=O)[C@H](C(C)C)N(C)C)C(C)C,,-8.154901959985743,,train
CC[C@H](C)[C@@H]([C@@H](CC(=O)N1CCC[C@H]1[C@H](OC)[C@@H](C)C(=O)N[C@@H](Cc1ccccc1)c1nc(C(=O)OCCO)cs1)OC)N(C)C(=O)[C@@H](NC(=O)[C@H](C(C)C)N(C)C)C(C)C,,-7.397940008672037,,train
CC[C@H](C)[C@@H]([C@@H](CC(=O)N1CCC[C@H]1[C@H](OC)[C@@H](C)C(=O)N[C@@H](Cc1ccccc1)c1nc(C(=O)OCCS)cs1)OC)N(C)C(=O)[C@@H](NC(=O)[C@H](C(C)C)N(C)C)C(C)C,,-8.301029995663981,,train
CC[C@H](C)[C@@H]([C@@H](CC(=O)N1CCC[C@H]1[C@H](OC)[C@@H](C)C(=O)N[C@H](C)[C@@H](O)c1ccccc1)OC)N(C)C(=O)[C@@H](NC(=O)[C@@H](NC)C(C)C)C(C)C,,-7.102372908709559,,train
CC[C@H](C)[C@@H]1NC(=O)[C@@H]2CCCN2C(=O)[C@H](C(C)C)NC(=O)[C@@H]2CCCN2C(=O)[C@H](Cc2ccccc2)N(C)C(=O)[C@H](C)NC(=O)c2csc1n2,-5.167491087293763,,,train
CC[C@H](C)[C@@H]1NC(=O)[C@@H]2CCCN2C(=O)[C@H](C(C)C)NC(=O)[C@@H]2CCCN2C(=O)[C@H](Cc2ccccc2)NC(=O)[C@H](C)NC(=O)c2csc1n2,-6.522878745280337,,,train
CC[C@H](C)[C@@H]1NC(=O)[C@@H]2CCCN2C(=O)[C@H](CC(C)C)NC(=O)[C@@H]2CCCN2C(=O)[C@H](Cc2ccccc2)NC(=O)[C@H](C)NC(=O)c2csc1n2,-6.698970004336019,,,train
CC[C@H](C)[C@@H]1NC(=O)[C@@H]2CCCN2C(=O)[C@H](Cc2ccccc2)N(C)C(=O)[C@H](C(C)(C)C)NC(=O)c2csc(n2)[C@H]([C@@H](C)CC)NC(=O)[C@@H]2CCCN2C1=O,-4.853871964321762,,,val
CC[C@H](C)[C@@H]1NC(=O)[C@@H]2CCCN2C(=O)[C@H](Cc2ccccc2)N(C)C(=O)[C@H](C)NC(=O)c2csc(n2)[C@H]([C@@H](C)CC)NC(=O)[C@@H]2CCCN2C1=O,-5.130768280269024,,,test
CC[C@H](C)[C@@H]1NC(=O)[C@@H]2CCCN2C(=O)[C@H](Cc2ccccc2)N(C)C(=O)[C@H](CC(C)C)NC(=O)c2csc(n2)[C@H]([C@@H](C)CC)NC(=O)[C@@H]2CCCN2C1=O,-4.714442690992226,,,train
CC[C@H](C)[C@@H]1NC(=O)[C@@H]2CCCN2C(=O)[C@H](Cc2ccccc2)NC(=O)[C@H](C(C)(C)C)NC(=O)c2csc(n2)[C@H]([C@@H](C)CC)NC(=O)[C@@H]2CCCN2C1=O,-5.096910013008056,,,train
CC[C@H](C)[C@@H]1NC(=O)[C@@H]2CCCN2C(=O)[C@H](Cc2ccccc2)NC(=O)[C@H](C)N(C)C(=O)c2csc(n2)[C@H]([C@@H](C)CC)NC(=O)[C@@H]2CCCN2C1=O,-6.698970004336019,,,train
CC[C@H](C)[C@@H]1NC(=O)[C@@H]2CCCN2C(=O)[C@H](Cc2ccccc2)NC(=O)[C@H](C)NC(=O)c2csc(n2)[C@H](C(C)C)NC(=O)[C@@H]2CCCN2C1=O,-5.431798275933005,,,train
CC[C@H](C)[C@@H]1NC(=O)[C@@H]2CCCN2C(=O)[C@H](Cc2ccccc2)NC(=O)[C@H](C)NC(=O)c2csc(n2)[C@H](CC(C)C)NC(=O)[C@@H]2CCCN2C1=O,-5.886056647693163,,,val
CC[C@H](C)[C@@H]1NC(=O)[C@@H]2CCCN2C(=O)[C@H](Cc2ccccc2)NC(=O)[C@H](C)NC(=O)c2csc(n2)[C@H]([C@@H](C)CC)NC(=O)[C@@H]2CCCN2C1=O,-5.886056647693163,,,train
CC[C@H](C)[C@@H]1NC(=O)[C@@H]2CCCN2C(=O)[C@H](Cc2ccccc2)NC(=O)[C@H](CC(C)C)NC(=O)c2csc(n2)[C@H]([C@@H](C)CC)NC(=O)[C@@H]2CCCN2C1=O,-4.962573502059376,,,train
CC[C@H](C)[C@@H]1NC(=O)[C@@H]2CCCN2C(=O)[C@H]([C@@H](C)CC)N(C)C(=O)[C@@H]2CCCN2C(=O)[C@H](Cc2ccccc2)NC(=O)[C@H](C)NC(=O)c2csc1n2,-6.3979400086720375,,,train
CC[C@H](C)[C@@H]1NC(=O)[C@@H]2CCCN2C(=O)[C@H]([C@@H](C)O)NC(=O)[C@@H]2CCCN2C(=O)[C@H](Cc2ccccc2)NC(=O)[C@H](C)NC(=O)c2csc1n2,-6.3979400086720375,,,train
CC[C@H](C)[C@@H]1NC(=O)[C@H](C(C)C)NC(=O)[C@H](CC(C)C)NC(=O)CNC(=O)[C@@H]2CCCN2C(=O)[C@H](Cc2ccc(O)cc2)NC1=O,-6.958607314841775,,,train
CC[C@H](C)[C@@H]1NC(=O)[C@H](C)N(C)C(=O)[C@H](Cc2ccccc2)NC(=O)CN(C)C(=O)[C@@H]2CCCN2C(=O)[C@@H](Cc2ccccc2)N(C)C(=O)[C@H](CC(C)C)NC1=O,,-5.229147988357856,,train
CC[C@H](C)[C@@H]1NC(=O)[C@H](Cc2c[nH]c3ccccc23)NC(=O)[C@H]2CCCN2C(=O)[C@H]([C@@H](C)CC)NC(=O)[C@H]([C@@H](C)CC)NC(=O)[C@@H](CC(C)C)NC1=O,-5.51427857351842,,,train
CC[C@H](C)[C@@H]1NC(=O)[C@H](Cc2ccc(O)cc2)N(C)C(=O)[C@H](C)NC(=O)CN(C)C(=O)[C@@H]2CCCN2C(=O)[C@@H](Cc2ccccc2)N(C)C(=O)[C@H](CC(C)C)NC1=O,,-5.920818753952375,,train
CC[C@H](C)[C@@H]1NC(=O)[C@H](Cc2ccc(O)cc2)N(C)C(=O)[C@H](Cc2ccccc2)NC(=O)CN(C)C(=O)[C@@H]2CCCN2C(=O)[C@@H](C)N(C)C(=O)[C@H](CC(C)C)NC1=O,,-5.886056647693163,,train
CC[C@H](C)[C@@H]1NC(=O)[C@H](Cc2ccc(O)cc2)N(C)C(=O)[C@H](Cc2ccccc2)NC(=O)CN(C)C(=O)[C@@H]2CCCN2C(=O)[C@@H](Cc2ccccc2)N(C)C(=O)[C@H](C)NC1=O,,-5.657577319177793,,train
CC[C@H](C)[C@@H]1NC(=O)[C@H](Cc2ccc(O)cc2)N(C)C(=O)[C@H](Cc2ccccc2)NC(=O)CN(C)C(=O)[C@@H]2CCCN2C(=O)[C@@H](Cc2ccccc2)N(C)C(=O)[C@H](CC(C)C)NC1=O,,-5.920818753952375,,train
CC[C@H](C)[C@@H]1NC(=O)[C@H](Cc2ccc(O)cc2)N(C)C(=O)[C@H](Cc2ccccc2)NC(=O)CN(C)C(=O)[C@H](C)N(C)C(=O)[C@@H](Cc2ccccc2)N(C)C(=O)[C@H](CC(C)C)NC1=O,,-5.10790539730952,,train
CC[C@H](C)[C@@H]1NC(=O)[C@H](Cc2ccc(O)cc2)NC(=O)[C@H](Cc2ccccc2)NC(=O)CNC(=O)[C@H](C(C)C)NC(=O)CNC1=O,-7.221848749616356,,,train
CC[C@H](C)[C@@H]1NC(=O)[C@H](Cc2ccccc2)N(C)C(=O)[C@H](Cc2ccccc2)NC(=O)CN(C)C(=O)[C@@H]2CCCN2C(=O)[C@@H](Cc2ccccc2)N(C)C(=O)[C@H](CC(C)C)NC1=O,,-5.638272163982407,,train
CC[C@H](C)[C@@H]1NC(=O)c2csc(n2)[C@H]([C@@H](C)CC)NC(=O)[C@@H]2CCCN2C(=O)[C@H]([C@@H](C)CC)NC(=O)[C@@H]2CCCN2C(=O)[C@H](Cc2ccccc2)N(C)C1=O,-4.673664139071248,,,train
CC[C@H](C)[C@@H]1NC(=O)c2csc(n2)[C@H]([C@@H](C)CC)NC(=O)[C@@H]2CCCN2C(=O)[C@H]([C@@H](C)CC)NC(=O)[C@@H]2CCCN2C(=O)[C@H](Cc2ccccc2)NC1=O,-5.017728766960432,,,train
CC[C@H](C)[C@H](N)C(=O)OC[C@H]1O[C@@H](n2cnc3c(N)ncnc32)[C@@H](O)[C@@H]1O,-5.988852639224203,,,train
CC[C@H](C)[C@H](NC(=O)C(c1cc(Cl)cc(Cl)c1)N(C)C)C(=O)NCc1ccnc(C#N)n1,-4.749579997691106,,,test
CC[C@H](C)[C@H](NC(=O)C1SC(C)(C)SC1C(=O)O)C(=O)O,-4.846185135655471,,,train
CC[C@H](C)[C@H](NC(=O)[C@@H](O)c1cc(Cl)cc(Cl)c1)C(=O)NCC(=O)NCC#N,-5.522878745280337,,,train
CC[C@H](C)[C@H](NC(=O)[C@@H](O)c1cc(Cl)cc(Cl)c1)C(=O)NCc1ccnc(C#N)n1,-4.73754891026957,,,val
CC[C@H](C)[C@H](NC(=O)[C@H](CC(=O)O)NC(=O)[C@H](CC(C)C)NC(=O)[C@H](CC(=O)O)NC(=O)[C@H](CCCNC(=N)N)NC(=O)[C@H](Cc1c[nH]c2ccccc12)NC(=O)[C@@H](NC(=O)[C@H](Cc1c[nH]c2ccccc12)NC(=O)[C@@H](N)CCCNC(=N)N)C(C)C)C(=O)N[C@@H](C)C(=O)N[C@H](C(=O)N[C@H](C(=O)N[C@@H](CCCNC(=N)N)C(=O)N[C@@H](CC(=O)O)C(=O)N[C@@H](Cc1ccc(O)cc1)C(=O)N[C@@H](Cc1c[nH]c2ccccc12)C(=O)N[C@H](C(=O)N[C@@H](Cc1c[nH]c2ccccc12)C(=O)N[C@@H](CCC(=O)O)C(=O)O)C(C)C)[C@@H](C)O)[C@@H](C)O,,-8.698970004336019,,val
CC[C@H](C)[C@H](NC(=O)[C@H](Cc1ccc(O)cc1)NC(=O)CNC(=O)[C@H](Cc1ccc(O)cc1)NC(=O)[C@H](CC(N)=O)NC(=O)CNC(=O)[C@H](Cc1ccc(O)cc1)NC(=O)[C@H](C)NC(=O)[C@H](CCCNC(=N)N)NC(=O)[C@H](C)NC(=O)[C@@H](NC(=O)[C@H](Cc1c[nH]c2ccccc12)NC(=O)[C@@H](N)CCCNC(=N)N)C(C)C)C(=O)N[C@@H](CC(=O)O)C(=O)N[C@H](C(=O)N[C@@H](Cc1c[nH]c2ccccc12)C(=O)N[C@@H](Cc1cnc[nH]1)C(=O)N[C@@H](Cc1c[nH]c2ccccc12)C(=O)N[C@@H](CCC(=O)O)C(=O)O)C(C)C,,-8.42021640338319,,train
CC[C@H](C)[C@H](NC(=O)[C@H](Cc1ccc(O)cc1)NC(=O)[C@H](Cc1c[nH]c2ccccc12)NC(=O)[C@H](Cc1ccc(O)cc1)NC(=O)[C@H](CC(N)=O)NC(=O)CNC(=O)[C@H](Cc1ccc(O)cc1)NC(=O)[C@H](C)NC(=O)[C@H](CCCNC(=N)N)NC(=O)[C@H](C)NC(=O)[C@@H](NC(=O)[C@H](Cc1c[nH]c2ccccc12)NC(=O)[C@@H](N)CCCNC(=N)N)C(C)C)C(=O)N[C@@H](CC(=O)O)C(=O)N[C@H](C(=O)N[C@@H](Cc1c[nH]c2ccccc12)C(=O)N[C@@H](Cc1cnc[nH]1)C(=O)N[C@@H](Cc1c[nH]c2ccccc12)C(=O)N[C@@H](CCC(=O)O)C(=O)O)C(C)C,,-7.3819519032879075,,train
CC[C@H](C)[C@H]1O[C@]2(CC[C@@H]1C)C[C@@H]1C[C@@H](C/C=C(\C)[C@@H](O[C@H]3C[C@H](OC)[C@@H](O[C@H]4C[C@H](OC)[C@@H](O)[C@H](C)O4)[C@H](C)O3)[C@@H](C)/C=C/C=C3\CO[C@@H]4[C@H](O)C(C)=C[C@@H](C(=O)O1)[C@]34O)O2.CO[C@H]1C[C@H](O[C@H]2[C@H](C)O[C@@H](O[C@@H]3/C(C)=C/C[C@@H]4C[C@@H](C[C@]5(CC[C@H](C)[C@@H](C(C)C)O5)O4)OC(=O)[C@@H]4C=C(C)[C@@H](O)[C@H]5OC/C(=C\C=C\[C@@H]3C)[C@]54O)C[C@@H]2OC)O[C@@H](C)[C@@H]1O,-6.096910013008056,,,val
CC[C@H](C)n1nc(N2CC(C(C)(C)O)C2)c2cnc(Nc3ccnc(-c4cnn(S(=O)(=O)C5CC5)c4)n3)cc21,,,-5.050609993355088,train
CC[C@H](NC(=O)OC)C(=O)N1CCC[C@H]1c1ncc(-c2ccc(-c3ccc(-c4cnc([C@@H]5CCCN5C(=O)[C@@H](c5ccccc5)N(CC)CC)[nH]4)cc3)cc2)[nH]1,,-6.440093374963888,,train
CC[C@H](NC(=O)OC)C(=O)N1CCC[C@H]1c1ncc(-c2ccc(-c3ccc(-c4cnc([C@@H]5CCCN5C(=O)[C@H](CC)NC(=O)OC)[nH]4)cc3)cc2)[nH]1,,-6.4156687756324695,,train
CC[C@H](Nc1cc(C)nc(N)n1)c1nc2cccc(NCc3ccc(C(=O)NO)cc3)c2c(=O)n1-c1ccccc1,,-4.804100347590766,,train
CC[C@H](Nc1ccc2c(c1)OCCn1cc(N3C(=O)OC[C@H]3C(F)(F)F)nc1-2)C(N)=O,,,-5.769551078621726,train
CC[C@H](Nc1nc(C)nc(N)c1C#N)c1nc2cccc(NCc3ccc(C(=O)NO)cc3)c2c(=O)n1-c1ccccc1,,-4.906578314837765,,test
CC[C@H](Nc1nc(N)nc(C)c1C#N)c1nc2cccc(CCCCCC(=O)NO)c2c(=O)n1-c1ccccc1,,-4.596879478824183,,train
CC[C@H](Nc1nc(N)nc(C)c1C#N)c1nc2cccc(NCc3ccc(C(=O)NO)cc3)c2c(=O)n1-c1ccccc1,-5.721246399047171,-4.920818753952375,,train
CC[C@H](Nc1nc(N)nc(C)c1Cl)c1nc2cccc(NCc3ccc(C(=O)NO)cc3)c2c(=O)n1-c1ccccc1,,-4.519993057042849,,train
CC[C@H](Nc1nc(N)nc(N)c1C#N)c1nc2cccc(NCc3ccc(C(=O)NO)cc3)c2c(=O)n1-c1ccccc1,-5.853871964321762,-5.309803919971486,,train
CC[C@H](Nc1nc(N)nc(N)c1Cl)c1nc2cccc(NCc3ccc(C(=O)NO)cc3)c2c(=O)n1-c1ccccc1,,-3.8265223565470055,,test
CC[C@H](Nc1nc(N)ncc1C)c1nc2cccc(CCCCCC(=O)NO)c2c(=O)n1-c1ccccc1,,-4.6439741428068775,,train
CC[C@H](Nc1ncnc(N)c1Cl)c1nc2cccc(NCc3ccc(C(=O)NO)cc3)c2c(=O)n1-c1ccccc1,,-4.296708621881339,,val
CC[C@H](Nc1ncnc(N)c1Cl)c1nc2cccc(NCc3ccc(C(=O)NO)cn3)c2c(=O)n1-c1ccccc1,,-4.110698297493689,,train
CC[C@H](Nc1ncnc2[nH]cnc12)c1nc2cccc(-c3ccc(C(=O)NO)cc3)c2c(=O)n1-c1ccccc1,,-5.920818753952375,,train
CC[C@H](Nc1ncnc2[nH]cnc12)c1nc2cccc(-c3nc4ccc(C(=O)NO)cc4s3)c2c(=O)n1-c1ccccc1,,-5.619788758288394,,val
CC[C@H](Nc1ncnc2[nH]cnc12)c1nc2cccc(CCCCCC(=O)NO)c2c(=O)n1-c1ccccc1,-6.045757490560675,-6.0,,train
CC[C@H](Nc1ncnc2[nH]cnc12)c1nc2cccc(CNC(=O)c3ccc(C(=O)NO)cc3)c2c(=O)n1-c1ccccc1,,-6.0,,train
CC[C@H](Nc1ncnc2[nH]cnc12)c1nc2cccc(CNCc3ccc(C(=O)NO)cc3)c2c(=O)n1-c1ccccc1,,-6.0,,val
CC[C@H](Nc1ncnc2[nH]cnc12)c1nc2cccc(CNc3ncc(C(=O)NO)cn3)c2c(=O)n1-c1ccccc1,,-6.0,,train
CC[C@H](Nc1ncnc2[nH]cnc12)c1nc2cccc(CNc3ncc(C(=O)NO)s3)c2c(=O)n1-c1ccccc1,,-5.886056647693163,,train
CC[C@H](Nc1ncnc2[nH]cnc12)c1nc2cccc(NCc3ccc(C(=O)NO)c(C)c3)c2c(=O)n1-c1ccccc1,,-5.585026652029182,,train
CC[C@H](Nc1ncnc2[nH]cnc12)c1nc2cccc(NCc3ccc(C(=O)NO)cc3)c2c(=O)n1-c1ccccc1,,-5.1938200260161125,,train
CC[C@H]1CN(C2COC2)CCN1c1ccc(Nc2cc(-c3ccnc(N4CCn5c(cc6c5CC(C)(C)C6)C4=O)c3CO)cn(C)c2=O)nc1,,,-5.022276394711152,train
CC[C@H]1CN2CCc3cc(OC)c(OC)cc3[C@@H]2C[C@@H]1C[C@H]1NCCc2cc(OC)c(OC)cc21,-5.619788758288394,,,train
CC[C@H]1C[C@@H](n2c(=O)nc(-c3ccc(NC)nc3)c3oc4ncc(-c5cnn(C)c5)cc4c32)CCO1,-5.180456064458132,,,val
CC[C@H]1C[C@@H](n2c(=O)nc(-c3cnn(C)c3)c3oc4cc(C#N)c(-c5cnn(C)c5)cc4c32)CCO1,-4.537602002101044,,,train
CC[C@H]1C[C@@H](n2c(=O)nc(-c3cnn(C)c3)c3oc4cc(C#N)c(-c5cnn(C)c5)nc4c32)CCO1,-4.6777807052660805,,,test
CC[C@H]1C[C@@H](n2c(=O)nc(-c3cnn(C)c3)c3oc4ccc(-c5cn(C)cn5)cc4c32)CCO1,-5.0,,,test
CC[C@H]1C[C@@H](n2c(=O)nc(-c3cnn(C)c3)c3oc4ccc(-c5cn(C)cn5)nc4c32)CCO1,-4.721246399047171,,,train
CC[C@H]1C[C@@H](n2c(=O)nc(-c3cnn(C)c3)c3oc4ccc(-c5cncn5C)cc4c32)CCO1,-5.853871964321762,,,train
CC[C@H]1C[C@@H](n2c(=O)nc(-c3cnn(C)c3)c3oc4ccc(-c5cnn(C)c5)cc4c32)CCO1,-4.721246399047171,,,train
CC[C@H]1C[C@@H](n2c(=O)nc(-c3cnn(C)c3)c3oc4ccc(-c5cnn(C)c5)nc4c32)CCO1,-4.698970004336019,,,train
CC[C@H]1C[C@@H](n2c(=O)nc(-c3cnn(C)c3)c3oc4cnc(-c5cn(C)cn5)cc4c32)CCO1,-5.3872161432802645,,,train
CC[C@H]1C[C@@H](n2c(=O)nc(-c3cnn(C)c3)c3oc4cnc(-c5cnn(C)c5)cc4c32)CCO1,-4.7447274948966935,,,val
CC[C@H]1C[C@@H](n2c(=O)nc(-c3cnn(C)c3)c3oc4ncc(-c5cn(C)cn5)cc4c32)CCO1,-5.3979400086720375,,,train
CC[C@H]1C[C@H](n2c(=O)nc(-c3ccc(NC)nc3)c3oc4ncc(-c5cnn(C)c5)cc4c32)CCO1,-5.823908740944319,,,train
CC[C@H]1OC(=O)[C@H](C)[C@@H](O[C@H]2C[C@@](C)(OC)[C@@H](O)[C@H](C)O2)[C@H](C)[C@@H](O[C@@H]2O[C@H](C)C[C@H](N(C)C)[C@H]2O)[C@](C)(O)C[C@@H](C)C(=O)[C@H](C)[C@@H](O)[C@]1(C)O,-6.699229311309347,,,train
CC[C@H]1OC(=O)[C@H](C)[C@@H](O[C@H]2C[C@@](C)(OC)[C@@H](O)[C@H](C)O2)[C@H](C)[C@@H](O[C@@H]2O[C@H](C)C[C@H](N(C)C)[C@H]2O)[C@](C)(OC)C[C@@H](C)C(=O)[C@H](C)[C@@H](O)[C@]1(C)O,-5.455931955649724,,,train
CC[C@](C)(O)C#Cc1cc2c(ccn2-c2cc(OC)nc(N)n2)cn1,,,-4.568636235841013,test
CC[C@](C)(O)C#Cc1cc2c(ccn2-c2ccnc(N)n2)cn1,,,-4.494850021680094,train
CC[C@](C)(O)C#Cc1cc2c(cn1)cnn2-c1ccnc(N)n1,,,-4.6020599913279625,train
CC[C@]1(C)C[C@@H](OC(=O)CSC(C)(C)CNC(=O)[C@H](N)CC(C)C)[C@]2(C)[C@H](C)CC[C@]3(CC[C@@H](O)[C@H]32)[C@@H](C)[C@@H]1O,-5.4698003017969175,,,train
CC[C@]1(C)NC(=O)c2cc(S(=O)(=O)Nc3ccc(C(F)(F)F)cc3F)ccc2NC1=O,-5.045757490560675,,,train
CC[C@]1(C)NC(=O)c2cc(S(=O)(=O)Nc3ccc(F)cc3F)ccc2NC1=O,-5.096910013008056,,,test
CC[C@]1(O)C[C@@H]2CN(CCc3c([nH]c4ccccc34)[C@@](C(=O)OC)(c3cc4c(cc3OC)N(C)[C@H]3[C@@](O)(C(=O)OC)[C@H](OC(C)=O)[C@]5(CC)C=CCN6CC[C@]43[C@@H]65)C2)C1,-6.5,,,train
CC[C@]1(O)C[C@H]2CN(CCc3c([nH]c4ccccc34)[C@@](C(=O)OC)(c3cc4c(cc3OC)N(C)[C@H]3[C@@](O)(C(=O)OC)[C@H](OC(C)=O)[C@]5(CC)C=CCN6CC[C@]43[C@@H]65)C2)C1,-8.20690839982342,,,train
CC[C@]1(O)C[C@H]2CN(CCc3c([nH]c4ccccc34)[C@@](C(=O)OC)(c3cc4c(cc3OC)N(C=O)[C@H]3[C@@](O)(C(=O)OC)[C@H](OC(C)=O)[C@]5(CC)C=CCN6CC[C@]43[C@@H]65)C2)C1,-6.3979400086720375,,,train
CC[C@]1(O)[C@H](O)C[C@H](c2ccncc2NC(=O)c2nc(-c3ncccc3F)ccc2N)C[C@@H]1C,-4.518557371497695,,,train
CC[S+]([O-])(=NC)c1ccc(Nc2ncc(C(F)(F)F)c(N[C@@H]3CCC[C@H]3N(C)C)n2)cc1,,,-5.10790539730952,train
CCc1c(C(=O)NCCc2ccc(N3CCCCC3)cc2)[nH]c2ccc(Cl)cc12,,-5.910094888560602,,train
CCc1c(C)[nH]c2cc(OC)c(Br)cc2c1=O,,-4.124475736050691,,val
CCc1c(C)[nH]c2cc(OC)c(Cl)cc2c1=O,,-4.24184537803261,,train
CCc1c(C)[nH]c2cc(OC)c(F)cc2c1=O,,-4.719194071606333,,train
CCc1c(O)c(C(=O)NCC(=O)O)c2ncnn2c1CC,-5.031517051446065,,,train
CCc1c2c(nc3ccc(OC(=O)N4CCC(N5CCCCC5)CC4)cc13)-c1cc3c(c(=O)n1C2)COC(=O)[C@]3(O)CC,-5.853871964321762,,,train
CCc1c2nc(-c3cc(S(=O)(=O)N4CCN(C)CC4)cnc3OCCOC)[nH]c(=O)c2nn1CC(C)C,-4.721246399047171,,,train
CCc1c2nc(-c3cc(S(=O)(=O)N4CCN(CC)CC4)cnc3OCC(C)C)[nH]c(=O)c2nn1CCOC,-4.3979400086720375,,,val
CCc1c2nc(-c3cc(S(=O)(=O)N4CCN(CC)CC4)cnc3OCCOC)[nH]c(=O)c2nn1CC(C)C,-4.619788758288394,,,train
CCc1c2nc(-c3cc(S(=O)(=O)N4CCN(CC)CC4)cnc3OCCOC)[nH]c(=O)c2nn1CCN1CCOCC1,-5.552841968657781,,,train
CCc1c2nc(-c3cc(S(=O)(=O)N4CCN(CC)CC4)cnc3OCCOC)[nH]c(=O)c2nn1CCOC,-5.045757490560675,,,train
CCc1c[nH]c(=O)c2cc(N[C@@H](C(=O)N3CCC[C@@H]3c3cc(NC(=O)OC)ccc3S(=O)(=O)C(C)C)c3ccc(OC)c(OC)c3)ccc12,,-6.356547323513813,,train
CCc1cc(-c2c(-c3ccncc3)n[nH]c2C)ccc1-c1cccc(S(N)(=O)=O)c1,-5.369572124974976,,,train
CCc1cc(-c2c[nH]c3ncc(-c4cn[nH]c4)cc23)nc(N)n1,-6.050609993355088,,,train
CCc1cc(-c2c[nH]c3ncc(-c4cnn(C)c4)cc23)nc(N)n1,-5.267606240177032,,,test
CCc1cc(-c2c[nH]c3ncc(-c4cnn(C5CCNCC5)c4)cc23)nc(N)n1,-5.886056647693163,,,test
CCc1cc(-c2c[nH]c3ncc(-c4cnn(CC(C)C)c4)cc23)nc(N)n1,-4.568636235841013,,,train
CCc1cc(-c2c[nH]c3ncc(-c4cnn(CCN(C)C)c4)cc23)nc(N)n1,-5.136677139879544,,,train
CCc1cc(-c2cnn(C)c2)cc(S(=O)(=O)c2cnc(CN)s2)c1,-4.508638306165727,,,train
CCc1cc(-c2cnn(C)c2)cc(S(=O)(=O)c2csc(CN)n2)c1,-4.638272163982407,,,train
CCc1cc(C2CCCCC2)n(O)c(=O)c1,,-5.343901797987169,,val
CCc1cc(C[C@@H]2CS(=O)(=O)C[C@H](NCc3cccc(C(C)C)c3)[C@H]2O)ccc1O,,,-4.823908740944319,train
CCc1cc(F)c2nc(N3CCC(NC4CCOCC4)CC3)c(-c3nc(C)no3)c(C)c2c1,-4.679853713888946,,,train
CCc1cc(F)c2nc(N3CCC(N[C@@H]4CCCOC4)CC3)c(-c3nc(C)no3)cc2c1,-4.716698771296451,,,val
CCc1cc(N2CC[C@@H](NC)C2)nc(N)n1,-4.267606240177032,,,train
CCc1cc(NC(=O)[C@H](O)c2cc(F)cc(F)c2)ccc1-c1cnc(N)c(C(=O)NC(C)C)c1,-4.657577319177793,,,train
CCc1cc(S(=O)(=O)Nc2ccc(F)cc2F)cc2c1NC(=O)C(C)(CC)NC2=O,-4.619788758288394,,,train
CCc1cc2[nH]c(=O)c(=O)[nH]c2c(N(CCCOC)S(C)(=O)=O)c1Cl,-8.0,,,train
CCc1ccc(-c2cc(NC3CCC34CCN(C)CC4)c3cc(OC)c(OCCCN4CCCC4)cc3n2)o1,,-7.423658649794207,,train
CCc1ccc(-c2cc(NC3CCN(C(C)C)CC3)c3cc(OC)c(OCCCN4CCCC4)cc3n2)o1,,-7.416801226031377,,train
CCc1ccc(-c2cc(NC3CCN(C)CC3)c3cc(OC)c(OCCCN(C)C)cc3n2)o1,,-7.826813731587726,,train
CCc1ccc(-c2cc(NC3CCN(C)CC3)c3cc(OC)c(OCCCN4CCC5(CC5)C4)cc3n2)o1,,-7.436518914605589,,train
CCc1ccc(-c2cc(NC3CCN(C)CC3)c3cc(OC)c(OCCCN4CCCC4)cc3n2)o1,,-7.621602099051862,,test
CCc1ccc(-c2cc(NC3CCN(C)CC3)c3cc(OC)c(OCCCN4CCCCC4)cc3n2)o1,,-8.080921907623926,,train
CCc1ccc(-c2cc(NC3CCN(C4CC4)CC3)c3cc(OC)c(OCCCN4CCCC4)cc3n2)o1,,-7.2549252084179425,,train
CCc1ccc(-c2cc(NCC3C4CCC3CN(C)C4)c3cc(OC)c(OCCCN4CCCC4)cc3n2)o1,,-7.442492798094342,,test
CCc1ccc(-c2cc(NCC3CCN(C)CC3)c3cc(OC)c(OCCCN4CCCC4)cc3n2)o1,,-7.790484985457369,,val
CCc1ccc(-c2nc(=O)n(CCC3CCCO3)c3c2oc2ncc(-c4cnn(C)c4)cc23)cn1,-4.657577319177793,,,train
CCc1ccc(-c2nc3c(=O)n(C)c(=O)nc-3n(C)n2)cc1,-4.657577319177793,,,train
CCc1ccc(-c2nc3c(=O)n(Cc4ccccc4)c(=O)nc-3n(C)n2)cc1,-6.154901959985743,,,train
CCc1ccc(-n2c(Cl)cc3[nH]c(=O)c(-c4ccccc4)c(O)c32)cc1,,-6.823908740944319,,train
CCc1ccc(/C=N/NC(N)=S)cc1,,-5.025028005701931,,train
CCc1ccc(C(=O)NN(C(=O)c2cc(C)cc(C)c2)C(C)(C)C)cc1,,-4.802995271976954,,train
CCc1ccc(C)nc1,,-5.54515513999149,,train
CCc1ccc(CCNc2ncc(C)n(CC(=O)NCCONC(=N)N)c2=O)cc1,-6.537602002101044,,,train
CCc1ccc(Cl)cc1-n1c(C=C(C)C)c(C(=O)N2CCNCC2)cc(-c2nc(-c3ccc(Cl)cc3)cs2)c1=O,,-3.477985045026767,,train
CCc1ccc(NC(=O)Nc2cc(C)nc3ccccc23)cc1,,-3.2716462179787715,,train
CCc1ccc(OC)cc1-n1c(C=C(C)C)c(C(=O)N2CCNCC2)cc(-c2nc(-c3ccc(Cl)cc3)cs2)c1=O,,-3.260427655549908,,train
CCc1ccc(Sc2cc(=O)n(O)c(=O)n2C)cc1,,-5.180456064458132,,train
CCc1ccc2c(NCc3ccc(NC(=O)c4ccc(F)cc4)cc3)nc(N(C)C)nc2c1,,-6.522878745280337,,train
CCc1ccc2c(c1)[C@@H](NC[C@@H](O)[C@H](Cc1cc(F)cc(F)c1)NC(C)=O)CS(=O)(=O)C2,,,-8.522878745280337,train
CCc1cccc(C2(NC[C@@H](O)[C@H](Cc3cc(F)cc(F)c3)NC(C)=O)CCCCC2)c1,,,-7.958607314841775,train
CCc1cccc(CC)c1-n1c(-c2ccn(C)n2)nc(=O)c(C(=O)N2CC[C@@H](c3ncc(Cl)cc3F)C2)c1O,,-8.154901959985743,,train
CCc1cccc(CC)c1-n1c(C=C(C)C)c(C(=O)N2C3CCC2CNC3)cc(-c2nc(-c3ccc(Cl)cc3)cs2)c1=O,,-4.00436480540245,,train
CCc1cccc(CC)c1-n1c(C=C(C)C)c(C(=O)N2CC3CCC(C2)N3)cc(-c2nc(-c3ccc(Cl)cc3)cs2)c1=O,,-4.050609993355088,,train
CCc1cccc(CC)c1-n1c(C=C(C)C)c(C(=O)N2CCNC(=O)C2)cc(-c2nc(-c3ccc(Cl)cc3)cs2)c1=O,,-3.5606673061697376,,train
CCc1cccc(CC)c1-n1c(C=C(C)C)c(C(=O)N2CCNC(C(=O)O)C2)cc(-c2nc(-c3ccc(Cl)cc3)cs2)c1=O,,-6.0,,val
CCc1cccc(CC)c1-n1c(C=C(C)C)c(C(=O)N2CCNC3(CC3)C2)cc(-c2nc(-c3ccc(Cl)cc3)cs2)c1=O,,-4.318758762624412,,train
CCc1cccc(CC)c1-n1c(C=C(C)C)c(C(=O)N2CCNCC2)cc(-c2nc(-c3ccc(Cl)cc3)cs2)c1=O,,-3.6478174818886377,,train
CCc1cccc(CC)c1-n1c(C=C(C)C)c(C(=O)N2CCNCC2C)cc(-c2nc(-c3ccc(Cl)cc3)cs2)c1=O,,-4.3979400086720375,,train
CCc1cccc(CC)c1-n1c(CC(C)C)c(C(=O)N2CCNCC2)cc(-c2nc(-c3ccc(Cl)cc3)cs2)c1=O,,-4.795880017344075,,val
CCc1cccc(CC)c1-n1c(CC2CC2)c(C(=O)N2CCNCC2)cc(-c2nc(-c3ccc(Cl)cc3)cs2)c1=O,,-4.366531544420414,,val
CCc1cccc(CC)c1-n1c(CC2CCNC2)c(C(=O)N2CCNCC2)cc(-c2nc(-c3ccc(Cl)cc3)cs2)c1=O,,-4.619788758288394,,train
CCc1cccc(CC)c1NC(=O)Nc1ccc2[nH]nc(-c3cccc(S(N)(=O)=O)c3)c2c1,,-4.6777807052660805,,train
CCc1cccc(CNC(=O)c2nc3ccc(F)c(OCCc4ccc(C(=O)O)cc4)c3c(=O)[nH]2)c1,-4.356547323513813,,,val
CCc1cccc(CNC(=O)c2nc3cccc(COCc4ccc(C(=O)O)cc4)c3c(=O)[nH]2)c1,-4.455931955649724,,,train
CCc1ccccc1C(C(=O)Nc1ccc2[nH]nc(-c3cccc(S(N)(=O)=O)c3)c2c1)N(C)C,,-4.721246399047171,,train
CCc1ccccc1Sc1cc(=O)n(O)c(=O)n1C,,-5.236572006437063,,train
CCc1cn2c(C)c([C@H](OC(C)(C)C)C(=O)O)c(N3CCC(C)(C)CC3)c(-c3ccc(OCCc4ccc(F)cc4)cc3)c2n1,,-6.464705879957229,,train
CCc1cnc(-c2cc(Oc3ccc(S(C)(=O)=O)cc3)cc(OC(C)C)c2)[nH]c1=O,,,-5.3979400086720375,train
CCc1cnc(-c2ccc(C)cc2NC(=O)O[C@@H]2C[C@H]3C(=O)N[C@]4(C(=O)NS(=O)(=O)C5CC5)C[C@H]4/C=C\CCCCN(C)C(=O)[C@@H]3C2)s1,-4.823908740944319,,,train
CCc1cnc(N[C@H]2CCCNC2)nc1-c1c[nH]c2c(S(C)(=O)=O)c(C#N)ccc12,,,-5.950781977329818,train
CCc1cnc(N[C@H]2CCCNC2)nc1-c1c[nH]c2ccccc12,,,-6.309803919971486,train
CCc1nc(-c2ccc(S(C)(=O)=O)c([N+](=O)[O-])c2)sc1C(=O)N1CC2(C)CC1CC(C)(C)C2,,-3.022733787572707,,test
CCc1nc(-c2ccc(S(C)(=O)=O)c([N+](=O)[O-])c2)sc1C(=O)N1CCCCC1,,-3.18243463044022,,train
CCc1nc(C)c(C(=O)Nc2ccc(-c3ccc(C45CCC(CC(=O)O)(CC4)OC5)cc3)cc2)o1,-4.73754891026957,,,train
CCc1nc(CN2CCN(c3cccn4cc(-c5ccc(C(C)(C)C)cc5)nc34)CC2)c(C)[nH]1,,-6.698970004336019,,train
CCc1nc(N)nc(N)c1-c1ccc2c(c1)N(CCC(=O)NC)C(=O)C(C)(c1cc(F)cc(F)c1)O2,-5.292429823902063,,,train
CCc1nc(N)nc(N)c1-c1ccc2c(c1)N(CCCC(F)(F)F)C(=O)C(C)(c1cc(F)cc(F)c1)O2,-5.045757490560675,,,val
CCc1nc(N)nc(N)c1-c1ccc2c(c1)N(CCCCO)C(=O)C(C)(c1cc(F)cc(F)c1)O2,-4.97469413473523,,,train
CCc1nc(N)nc(N)c1-c1ccc2c(c1)N(CCCO)C(=O)C(C)(c1cc(F)cc(F)c1)O2,-5.0,,,train
CCc1nc(N)nc(N)c1-c1ccc2c(c1)N(CCCOC)C(=O)C(C)(C)O2,-4.721246399047171,,,train
CCc1nc(N)nc(N)c1-c1ccc2c(c1)N(CCCOC)C(=O)C(C)(CC)O2,-4.853871964321762,,,test
CCc1nc(N)nc(N)c1-c1ccc2c(c1)N(CCCOC)C(=O)C(C)(c1cc(F)cc(F)c1)O2,-4.531743128760553,,,test
CCc1nc(N)nc(N)c1-c1ccc2c(c1)N(CCCOC)C(=O)C(C)(c1ccc(F)c(F)c1)O2,-4.769551078621726,,,train
CCc1nc(N)nc(N)c1-c1ccc2c(c1)N(CCCOC)C(=O)C(CC)(CC)O2,-4.494850021680094,,,train
CCc1nc(N)nc(N)c1-c1ccc2c(c1)N(CCCOC)C(=O)C(CC)(c1cc(F)cc(F)c1)O2,-4.769551078621726,,,train
CCc1nc(N)nc(N)c1-c1ccc2c(c1)N(CCNC(=O)CO)C(=O)C(C)(c1cc(F)cc(F)c1)O2,-5.823908740944319,,,train
CCc1nc(N)nc(N)c1-c1ccc2c(c1)N(CCNC(=O)OC)C(=O)C(C)(c1cc(F)cc(F)c1)O2,-5.6777807052660805,,,train
CCc1nc(N)nc(N)c1-c1ccc2c(c1)N(CCNC(C)=O)C(=O)C(C)(C(F)(F)F)O2,-5.619788758288394,,,train
CCc1nc(N)nc(N)c1-c1ccc2c(c1)N(CCNC(C)=O)C(=O)C(C)(C)O2,-5.769551078621726,,,train
CCc1nc(N)nc(N)c1-c1ccc2c(c1)N(CCNC(C)=O)C(=O)C(C)(c1cc(F)cc(F)c1)O2,-5.853871964321762,,,val
CCc1nc(N)nc(N)c1-c1ccc2c(c1)N(CCNC(C)=O)C(=O)C(C)(c1ccc(Cl)cc1)O2,-4.468521082957745,,,test
CCc1nc(N)nc(N)c1-c1ccc2c(c1)N(CCNC(C)=O)C(=O)C(C)(c1cccc(C(F)(F)F)c1)O2,-5.055517327849832,,,train
CCc1nc(N)nc(N)c1-c1ccc2c(c1)N(CCNC(C)=O)C(=O)C1(CC1)O2,-5.267606240177032,,,train
CCc1nc(N)nc(N)c1-c1ccc2c(c1)N(CCNC(C)=O)C(=O)[C@@](C)(c1ccccc1)O2,-5.721246399047171,,,train
CCc1nc(N)nc(N)c1-c1ccc2c(c1)N(CCNC(C)=O)C(=O)[C@](C)(c1ccccc1)O2,-5.6777807052660805,,,train
CCc1nc(N)nc(N)c1-c1ccc2c(c1)N(CCNS(C)(=O)=O)C(=O)C(C)(c1cc(F)cc(F)c1)O2,-5.744727494896694,,,val
CCc1nc(N)nc(N)c1-c1ccc2c(c1)N(CCO)C(=O)C(C)(c1cc(F)cc(F)c1)O2,-5.200659450546419,,,val
CCc1nc(N)nc(N)c1-c1ccc2c(c1)N(CCOCC(F)(F)F)C(=O)C(C)(c1cc(F)cc(F)c1)O2,-5.552841968657781,,,train
CCc1nc(N[C@@H]2CCC[C@@H]2C#N)c2cc[nH]c(=O)c2n1,,,-6.221848749616356,test
CCc1nc(Oc2ccc(C(=O)O)cc2)ccc1CN1CCC(N2C(=O)N(C3CCOCC3)C[C@H]2c2ccccc2)CC1,,-4.913640169325252,,train
CCc1nc([C@@H](N)CC(C)C)nc2cc(OC)c(-c3cnco3)cc12,-4.872895201635193,-4.105130343254747,,train
CCc1nc([C@@H](N)CC(C)C)nc2ccc(-c3cnco3)cc12,-4.735182176990464,-4.042392712939905,,train
CCc1nc2c(C)cc(C)nc2n1Cc1ccc(-c2c(-c3nn[nH]n3)cnc3ccccc23)cc1,-7.0,,,test
CCc1nc2c(C)cc(C)nc2n1Cc1ccc(-c2c(C(=O)O)n(C)c(=O)c3ccccc23)cc1,-7.522878745280337,,,train
CCc1nc2c(C)cn(Cc3ccccc3C#N)c(=O)c2n1[C@H]1CCc2cc(-c3ccccc3-c3nnn[nH]3)ccc21,,-4.721246399047171,,train
CCc1nc2c(C)cn(Cc3ccccc3C)c(=O)c2n1[C@H]1CCc2cc(-c3ccccc3-c3nnn[nH]3)ccc21,,-5.154901959985743,,train
CCc1nc2c(N3CCNCC3)ccnc2n1Cc1cccc(F)c1,,-5.2335871528876,,val
CCc1nc2c(N3CCNCC3)nccc2n1S(=O)(=O)c1cccc(Cl)c1,,-5.15676722190199,,train
CCc1nc2ccn(Cc3ccccc3C#N)c(=O)c2n1[C@H]1CCc2cc(-c3ccccc3-c3nnn[nH]3)ccc21,,-4.97061622231479,,train
CCc1nc2ccn(Cc3ccccc3C)c(=O)c2n1[C@H]1CCc2cc(-c3ccccc3-c3nnn[nH]3)ccc21,,-5.443697499232713,,train
CCc1ncn2c1Cn1ncnc1-c1ccccc1-2,,-5.168130225719499,,train
CCc1nn2ccccc2c1Cc1ccc(C(=O)N[C@@H]2CCOC[C@@H]2C(=O)NO)cc1,-5.958607314841775,,,train
CCn1c(-c2ccnc(N)n2)cc(C(N)=O)c1-c1ccccc1,,-4.673664139071248,,train
CCn1c(=O)[nH]c(=O)c2c1nc(Cc1nc3cc4c(cc3[nH]1)OCO4)n2Cc1ccccc1,-5.522878745280337,,,train
CCn1c(=O)[nH]c(=O)c2c1nc(Cc1nc3ccccc3[nH]1)n2Cc1ccccc1,-5.42021640338319,,,train
CCn1c(=O)[nH]c(=O)c2c1nc(Sc1nc3ccccc3[nH]1)n2Cc1ccccc1,-4.920818753952375,,,train
CCn1c(=O)c(-c2ccc(-c3cncc(C)n3)cc2Cl)cc2cnc(NCCC3CCN(C)CC3)nc21,,,-5.568636235841013,train
CCn1c(=O)c(-c2ccc(-n3cccc(C)c3=O)cc2Cl)cc2cnc(NC)nc21,,,-4.552841968657781,train
CCn1c(=O)c(-c2ccc(-n3cccc(C)c3=O)cc2Cl)cc2cnc(NC3COC3)nc21,,,-4.431798275933005,train
CCn1c(=O)c2cc(F)ccc2n2c(=S)[nH]nc12,,-4.403402904373539,,train
CCn1c(=O)c2ccccc2n2c(=S)[nH]nc12,,-3.3695721249749764,,train
CCn1c(=O)oc2ccc(-c3ccc(C[C@@H](C#N)NC(=O)[C@@H]4CNCCCO4)cc3)cc21,-4.6777807052660805,,,test
CCn1c(C(=O)N(C2CC2)C2CC2)cc2c3c(ncn3C)c(Nc3cc(C)n(C)n3)nc21,,,-4.795880017344075,train
CCn1c(C(=O)N(CC(C)C)[C@@H]2CNC[C@H](C(=O)N3CCOCC3)C2)nc2ccccc21,,-6.616184634019569,,train
CCn1c(C(=O)N(CC(C)C)[C@@H]2CNC[C@H](CO)C2)nc2ccccc21,,-7.259637310505756,,train
CCn1c(CCCNC(=O)NC2CCOCC2)nnc1C1CC1,,-10.522878745280336,,train
CCn1c(Sc2ccc(F)cc2)cc(=O)n(O)c1=O,,-5.3872161432802645,,test
CCn1c(Sc2cccc(Cl)c2)cc(=O)n(O)c1=O,,-5.292429823902063,,train
CCn1c(Sc2cccc(F)c2)cc(=O)n(O)c1=O,,-5.468521082957745,,train
CCn1c2ccc(-c3nc4c(C)c(C(=O)O)ccc4n3CCOC)cc2c2c(Cl)cccc21,-6.771856392402258,,,train
CCn1c2ccc(-c3nc4c(C)c(C(=O)O)ccc4n3CCOC)cc2c2cc(C(F)(F)F)ccc21,-6.709075440617246,,,train
CCn1c2ccc(-c3nc4c(C)c(C(=O)O)ccc4n3CCOC)cc2c2cccc(C)c21,-6.748361779551788,,,train
CCn1c2ccc(-c3nc4c(C)c(C(=O)O)ccc4n3CCOC)cc2c2cccc(Cl)c21,-6.6850799440075805,,,train
CCn1c2ccc(C)cc2c2cc(-c3nc4c(C)c(C(=O)O)ccc4n3CCOC)ccc21,-6.686343653381969,,,train
CCn1c2ccc(Cl)cc2c2cc(-c3nc4c(C)c(C(=O)O)ccc4n3CCOC)ccc21,-6.681102285372513,,,train
CCn1c2ccccc2c2cc(-c3nc4c(C)c(C(=O)O)ccc4n3CCOC)ccc21,-6.8683813356508745,,,val
CCn1c2ccccc2c2cc(-c3nc4c(Cl)c(C(=O)O)ccc4n3CCOC)ccc21,-7.559090917934783,,,train
CCn1c2ccccc2c2cc(-c3nc4c(F)c(C(=O)O)ccc4n3CCOC)ccc21,-7.982966660701219,,,train
CCn1c2ccccc2c2cc(-c3nc4cc(-c5n[nH]c(=O)o5)ccc4n3CCOC)ccc21,-7.906578314837765,,,train
CCn1c2ccccc2c2cc(-c3nc4cc(-c5nnn[nH]5)ccc4n3CCOC)ccc21,-8.130768280269024,,,val
CCn1c2ccccc2c2cc(-c3nc4cc(-c5noc(=O)[nH]5)ccc4n3CCOC)ccc21,-7.580044251510242,,,train
CCn1c2ccccc2c2cc(-c3nc4cc(C(=O)NS(=O)(=O)c5cccc(Cl)c5)ccc4n3CCOC)ccc21,-8.795880017344075,,,train
CCn1c2ccccc2c2cc(-c3nc4cc(C(=O)O)c(C)cc4n3CCOC)ccc21,-7.008330992620052,,,train
CCn1c2ccccc2c2cc(-c3nc4cc(C(=O)O)c(F)cc4n3CCOC)ccc21,-7.906578314837765,,,test
CCn1c2ccccc2c2cc(-c3nc4cc(C(=O)O)ccc4n3CCOC)ccc21,-6.686132779630847,,,train
CCn1c2ccccc2c2cc(-c3nc4cc(C(N)=O)ccc4n3CCOC)ccc21,-6.989700043360188,,,train
CCn1cc(-c2cc3c(-c4cccc(N5CCC[C@@H](N)C5)n4)n[nH]c3cn2)cn1,,,-6.3979400086720375,test
CCn1cc(-c2nc(=O)n(CCC3CCCO3)c3c2oc2ncc(-c4cnn(C)c4)cc23)cn1,-5.086186147616283,,,train
CCn1cc(C(=O)O)c(=O)c2cc(F)c(N3CCNC(C)C3)c(F)c21,,-5.9865219074821345,,test
CCn1cc(C(=O)O)c(=O)c2cc(F)c(N3CCNCC3)cc21,-5.721246399047171,-6.446137261991921,,val
CCn1cc(C(=O)O)c(=O)c2cc(F)c(N3CCNCC3)nc21,,-6.146549298909466,,train
CCn1cc(C(C)NC(=O)C2=C(C)NC(Nc3nc4cccc(N)c4o3)=NC2c2ccc(C)cc2Cl)cn1,,-3.4779471991311777,,test
CCn1cc(C(C)NC(=O)C2=C(C)NC(Nc3nc4cccc(N)c4o3)=NC2c2ccc(Cl)cc2Cl)cn1,,-3.9427143555817854,,train
CCn1cc(CN2CCN(c3cccn4cc(-c5ccc(C(C)(C)C)cc5)nc34)CC2)c(=O)[nH]c1=O,,-5.920818753952375,,train
CCn1cc(CNC(=O)C2=C(C)NC(Nc3nc4ccc(F)c(N)c4o3)=NC2c2ccc(C)cc2Cl)cn1,,-3.387057313156676,,train
CCn1cc(CNC(=O)C2=C(C)NC(Nc3nc4ccc(F)c(N)c4o3)=NC2c2ccc(Cl)cc2Cl)cn1,,-3.419873674588417,,train
CCn1cc(CNC(=O)C2=C(C)NC(Nc3nc4ccc(F)c(N)c4o3)=NC2c2ccccc2Cl)cn1,,-3.874518734299406,,train
CCn1cc(CNC(=O)C2=C(C)NC(Nc3nc4ccc(F)c(N)c4o3)=N[C@@H]2c2ccc(C)cc2Cl)cn1,,-3.251169238683672,,train
CCn1cc(CNC(=O)C2=C(C)NC(Nc3nc4ccc(F)c(N)c4o3)=N[C@H]2c2ccc(C)cc2Cl)cn1,,-3.2509050708488245,,train
CCn1cc(CNC(=O)C2=C(C)NC(Nc3nc4ccc(F)cc4o3)=NC2c2ccc(C)cc2Cl)cn1,,-4.6595558851598815,,train
CCn1cc(CNC(=O)C2=C(C)NC(Nc3nc4cccc(N)c4o3)=NC2c2ccc(C)cc2Cl)cn1,,-3.3212490697052948,,val
CCn1cc(CNC(=O)C2=C(C)NC(Nc3nc4cccc(N)c4o3)=NC2c2ccc(Cl)cc2Cl)cn1,,-3.538351431936545,,train
CCn1cc(CNC(=O)C2=C(C)NC(Nc3nc4cccc(N)c4o3)=NC2c2ccc(F)cc2Cl)cn1,,-3.7237680420781674,,test
CCn1cnc(CN2CCN(c3cccc4[nH]c(-c5ccc(C(C)(C)C)cc5)nc34)CC2)c1C,,-5.568636235841013,,train
CCn1cnc(CN2CCN(c3cccn4cc(-c5ccc(C(C)(C)C)cc5)nc34)CC2)c1C,,-5.958607314841775,,train
CCn1cncc1-c1c[nH]c2ccc(C(N)=O)cc12,,-5.555955204081924,,train
CCn1cncc1-c1c[nH]c2ccc(I)c(F)c12,,-5.015022873584507,,train
CCn1nc(-c2cccc3cccnc23)cc1-c1ccc(N)nn1,-6.1095789811990855,,,train
CCn1nc(C)c(CNC(=O)C2=C(C)NC(Nc3nc4ccc(F)c(N)c4o3)=NC2c2ccc(C)cc2Cl)c1F,,-3.7260732198994746,,train
CCn1nc(C)cc1C(=O)/N=c1\[nH]c2cc(C(N)=O)cc(OC)c2n1C/C=C/Cn1/c(=N/C(=O)c2cc(C)nn2CC)[nH]c2cc(C(N)=O)cc(OCCCN3CCOCC3)c21,,-7.638272163982407,,train
CCn1nc(NC(=O)NC2C3CC4CC(C3)CC2C4)cc1C,,-3.0048037084028207,,train
CCn1ncc(CNC(=O)C2=C(C)NC(Nc3nc4ccc(F)c(N)c4o3)=NC2c2ccc(C)cc2Cl)c1F,,-3.369165482171949,,train
CCn1ncc(NC(=O)[C@@H]2CCCC[C@H]2C(=O)c2ccc(-c3cc(C)n[nH]3)cc2)c1C(N)=O,-5.036212172654444,,,train
CCn1nccc1NC(=O)c1cn2c(-c3ccc(Cl)cc3Cl)c(CN)c(C)nc2n1,,-6.231361898752385,,train
CN(C(=O)C1CCCNC1)[C@@H](Cc1ccccc1)C(=O)N(C)[C@@H](Cc1ccccc1)C(=O)N(C)[C@@H](Cc1ccccc1)C(=O)N(C)[C@@H](Cc1ccccc1)C(N)=O,,-5.853871964321762,,train
CN(C(=O)CCC(=O)CN)[C@@H](Cc1ccccc1)C(=O)N(C)[C@@H](Cc1ccccc1)C(=O)N(C)[C@@H](Cc1ccccc1)C(=O)N(C)[C@@H](Cc1ccccc1)C(N)=O,,-6.0,,train
CN(C(=O)CCCN)[C@@H](Cc1ccccc1)C(=O)N(C)[C@@H](Cc1ccccc1)C(=O)N(C)[C@@H](Cc1ccccc1)C(=O)N(C)[C@@H](Cc1ccccc1)C(N)=O,,-6.3979400086720375,,train
CN(C(=O)Cc1csc(NS(=O)(=O)C2CC2)n1)c1cccc(Cl)c1,-5.091514981121351,,,train
CN(C(=O)Nc1ccc2c(-c3ccncc3)c[nH]c2c1)c1ccccc1,-4.844663962534939,,,test
CN(C(=O)Nc1ccccc1)c1ccc2[nH]c(-c3n[nH]c4ccccc34)cc2n1,,,-5.216811308924743,train
CN(C(=O)[C@@H](N)Cc1ccc(O)c(O)c1)[C@@H](Cc1ccccc1)C(=O)N(C)[C@@H](Cc1ccccc1)C(=O)N(C)[C@@H](Cc1ccccc1)C(=O)N(C)[C@@H](Cc1ccccc1)C(N)=O,,-5.958607314841775,,test
CN(C(=O)[C@@H](N)Cc1ccccc1)[C@@H](Cc1ccccc1)C(N)=O,-5.045757490560675,,,train
CN(C(=O)[C@@H]1Cc2c([nH]c3ccccc23)CN1)[C@@H](Cc1ccccc1)C(=O)N(C)[C@@H](Cc1ccccc1)C(=O)N(C)[C@@H](Cc1ccccc1)C(N)=O,,-6.221848749616356,,train
CN(C(=O)[C@@H]1Cc2ccccc2CN1)[C@@H](Cc1ccccc1)C(=O)N(C)[C@@H](Cc1ccccc1)C(=O)N(C)[C@@H](Cc1ccccc1)C(N)=O,,-5.657577319177793,,val
CN(C(=O)[C@H](CC1CCCCC1)NC(=O)C1CCCNC1)[C@@H](Cc1ccccc1)C(=O)N(C)[C@@H](Cc1ccccc1)C(=O)N(C)[C@@H](Cc1ccccc1)C(N)=O,,-5.920818753952375,,train
CN(C(=O)[C@H](CC1CCCCC1)NC(=O)CCC(=O)CN)[C@@H](Cc1ccccc1)C(=O)N(C)[C@@H](Cc1ccccc1)C(=O)N(C)[C@@H](Cc1ccccc1)C(N)=O,,-6.522878745280337,,test
CN(C(=O)[C@H](CC1CCCCC1)NC(=O)CCCN)[C@@H](Cc1ccccc1)C(=O)N(C)[C@@H](Cc1ccccc1)C(=O)N(C)[C@@H](Cc1ccccc1)C(N)=O,,-6.3979400086720375,,val
CN(C(=O)[C@H](CC1CCCCC1)NC(=O)[C@@H](N)Cc1ccc(O)c(O)c1)[C@@H](Cc1ccccc1)C(=O)N(C)[C@@H](Cc1ccccc1)C(=O)N(C)[C@@H](Cc1ccccc1)C(N)=O,,-6.154901959985743,,train
CN(C(=O)[C@H](Cc1ccc2ccccc2c1)NC(=O)C1CCCNC1)[C@@H](Cc1ccccc1)C(=O)N(C)[C@@H](Cc1ccccc1)C(=O)N(C)[C@@H](Cc1ccccc1)C(N)=O,,-5.958607314841775,,train
CN(C(=O)[C@H](Cc1ccc2ccccc2c1)NC(=O)CCCN)[C@@H](Cc1ccccc1)C(=O)N(C)[C@@H](Cc1ccccc1)C(=O)N(C)[C@@H](Cc1ccccc1)C(N)=O,,-6.698970004336019,,train
CN(C(=O)[C@H](Cc1ccc2ccccc2c1)NC(=O)[C@@H](N)Cc1ccc(O)c(O)c1)[C@@H](Cc1ccccc1)C(=O)N(C)[C@@H](Cc1ccccc1)C(=O)N(C)[C@@H](Cc1ccccc1)C(N)=O,,-6.522878745280337,,train
CN(C(=O)[C@H]1CN(S(=O)(=O)c2ccccc2)C[C@@H]1N(C)C(=O)c1cc(-c2ccccc2Cl)on1)[C@H]1CCCNC1,-7.1249387366083,,,train
CN(C(=O)[C@H]1CN(S(=O)(=O)c2ccccc2)C[C@@H]1NC(=O)c1cc(-c2ccccc2Cl)on1)[C@H]1CCCNC1,-6.958607314841775,,,train
CN(C(=O)c1cc(-c2ccccc2Cl)on1)[C@H]1CN(S(=O)(=O)c2ccccc2)C[C@@H]1C(=O)N[C@H]1CCCNC1,-7.221848749616356,,,train
CN(C(=O)c1cc2c(s1)-c1ccc(C(N)=O)cc1OCC2)c1ccccc1Cl,,,-5.6777807052660805,train
CN(C(=O)c1ccc(Cl)cc1)c1ccc2[nH]c(-c3n[nH]c4ccccc34)cc2n1,,,-5.403402904373539,train
CN(C(=O)c1ccccc1)c1ccc2[nH]c(-c3n[nH]c4ccccc34)cc2n1,,,-5.684029654543083,train
CN(C(=O)c1ccccc1)c1cccc(-c2cc3ncccc3[nH]2)c1,,-5.555955204081924,,val
CN(C)C(=O)C(C)(C)COc1nnc(-c2ccc(NC(=O)c3ccc4ccccc4c3)cc2)n1C,-4.6595558851598815,,,train
CN(C)C(=O)C(CCN1CCC(O)(c2ccc(Cl)cc2)CC1)(c1ccccc1)c1ccccc1,-5.516226011890569,-4.849794548939815,-5.568636235841013,train
CN(C)C(=O)C1CC(=O)C2=C(C1)NC(Nc1nc3ccccc3o1)=NC2c1ccccc1Cl,,-3.65820948010732,,train
CN(C)C(=O)CCS[C@H](SCCC(=O)O)c1cccc(/C=C/c2ccc3ccc(Cl)cc3n2)c1,,,-5.070581074285707,train
CN(C)C(=O)CN1CCC(n2cc(Nc3nc(NC4(C)CC4)c4c(=O)n(C)ccc4n3)cn2)CC1,-4.823908740944319,,,val
CN(C)C(=O)Cc1ccc2cc[nH]c2c1,,-5.886056647693163,,train
CN(C)C(=O)Cc1ccc2cccc-2cc1,,-5.060480747381382,,val
CN(C)C(=O)Cc1ccc2ccccc2c1,,-5.327902142064283,,train
CN(C)C(=O)Cc1ccc2ccn(C)c2c1,,-5.119186407719209,,train
CN(C)C(=O)Cn1c(-c2ccoc2)c(C2CCCCC2)c2ccc(C(=O)O)cc21,-4.892790030352132,,,train
CN(C)C(=O)N1CCC(CN(C2Cc3cc(C#N)ccc3N(Cc3cncn3C)C2)S(=O)(=O)c2ccccn2)CC1,-6.221848749616356,,,train
CN(C)C(=O)Oc1cccc(NC(=O)C2(CN)CCN(c3ncnc4[nH]c5c(c34)CCCC5)CC2)c1,-7.0,,,train
CN(C)C(=O)Oc1cccc(NC(=O)C2(N(C)C)CCN(c3ncnc4[nH]c5c(c34)CCCC5)CC2)c1,-4.823908740944319,,,train
CN(C)C(=O)Oc1cccc(NC(=O)C2(N)CCN(c3ncnc4[nH]c5c(c34)CCCC5)CC2)c1,-5.508638306165728,,,train
CN(C)C(=O)[C@H]1[C@@H](O)[C@@]2(O)c3ncc(Cl)cc3O[C@@]2(c2ccc(C#N)cc2)[C@@H]1c1ccccc1,-5.744727494896694,,,train
CN(C)C(=O)c1c(N)ccc(-c2cnc3c(c2Cl)C2(CCCC2)CN3)c1F,,,-4.638272163982407,train
CN(C)C(=O)c1c(N)ccc(-c2cnc3c(c2Cl)[C@@]2(CC[C@@](C)(C(N)=O)C2)CN3)c1F,,,-6.3979400086720375,train
CN(C)C(=O)c1c(N)ccc(-c2cnc3c(c2Cl)[C@]2(CC[C@@]4(CCCCNC4=O)C2)CN3)c1F,,,-5.187086643357144,train
CN(C)C(=O)c1c(N)ccc(-c2cnc3c(c2Cl)[C@]2(CC[C@@]4(CCCNC4=O)C2)CN3)c1F,,,-5.1487416512809245,val
CN(C)C(=O)c1c(N)ccc(-c2cnc3c(c2Cl)[C@]2(CC[C@H](C(N)=O)C2)CN3)c1F,,,-6.698970004336019,train
CN(C)C(=O)c1c(N)ccc(-c2cnc3c(c2Cl)[C@]2(CC[C@H](O)C2)CN3)c1F,,,-5.301029995663981,val
CN(C)C(=O)c1c(N)ccc(-c2cnc3c(c2Cl)[C@]2(CC[C@H](c4ncn[nH]4)C2)CN3)c1F,,,-6.3979400086720375,train
CN(C)C(=O)c1c(N)ccc(-c2cnc3c(c2Cl)[C@]2(CC[C@](C)(C#N)C2)CN3)c1F,,,-4.6777807052660805,train
CN(C)C(=O)c1c(N)ccc(-c2cnc3c(c2Cl)[C@]2(CC[C@](C)(C#N)CC2)CN3)c1F,,,-4.585026652029182,train
CN(C)C(=O)c1c(N)ccc(-c2cnc3c(c2Cl)[C@]2(CC[C@](C)(C(N)=O)C2)CN3)c1F,,,-6.522878745280337,val
CN(C)C(=O)c1c(N)ccc(-c2cnc3c(c2Cl)[C@]2(CC[C@](C)(O)C2)CN3)c1F,,,-5.3872161432802645,train
CN(C)C(=O)c1c(N)ccc(-c2cnc3c(c2Cl)[C@]2(CC[C@](C)(O)CC2)CN3)c1F,,,-5.2441251443275085,val
CN(C)C(=O)c1c[nH]c2ccccc12,,-5.657577319177793,,train
CN(C)C(=O)c1cc(C2CCCN2c2cc(F)cc(F)c2)c2oc(N3CCOCC3)cc(=O)c2c1,-4.481486060122113,,,train
CN(C)C(=O)c1cc(C2CCCN2c2ccccc2)c2oc(N3CCOCC3)cc(=O)c2c1,-4.721246399047171,,,val
CN(C)C(=O)c1cc(CC(=O)O)ccc1NC(=O)c1ccccc1-c1ccc(C(F)(F)F)cc1,,,-5.853871964321762,train
CN(C)C(=O)c1cc(CN(C)c2cc(F)cc(F)c2)c2oc(N3CCOCC3)cc(=O)c2c1,-4.443697499232713,,,train
CN(C)C(=O)c1cc(CN2CCOc3c(F)cc(F)cc32)c2oc(N3CCOCC3)cc(=O)c2c1,-5.045757490560675,,,train
CN(C)C(=O)c1cc(CN2CCOc3c(F)cccc32)c2oc(N3CCOCC3)cc(=O)c2c1,-5.187086643357144,,,test
CN(C)C(=O)c1cc2cnc(Nc3ccc(N4CCNCC4)cn3)nc2n1C1CCCC1,,-3.909036923404269,,train
CN(C)C(=O)c1ccc(C(F)(F)F)cc1,-4.080921907623926,,,train
CN(C)C(=O)c1ccc2cccccc1-2,,-5.119186407719209,,val
CN(C)C(=O)c1cccc(-c2ccc3nc(C(C#N)C(=O)NCC(=O)NC4CC4)sc3c2)c1,-7.823908740944319,-8.522878745280337,,train
CN(C)C(=O)c1cccc(-c2cnc(N)c(-c3nc4cccc(N5CCNCC5)c4[nH]3)c2)c1,-5.3979400086720375,,,val
CN(C)C(=O)c1cccc(-c2cnc(N)c(-c3nc4cccc(N5CCNCC5)c4[nH]3)n2)c1,-6.154901959985743,,,test
CN(C)C(=O)c1cccc(-c2cnc(N)c(-c3nc4cccc(N5CCNCC5)c4n3C)n2)c1,-5.045757490560675,,,test
CN(C)C(=O)c1cccc(-n2sc3ccccc3c2=O)c1,,-4.013228265733755,,train
CN(C)C(=O)c1cccc(NC(=O)c2cc(Cl)ccc2O)c1,,-5.301029995663981,,train
CN(C)C(=O)c1cccc(S(=O)(=O)N2CCCC[C@H]2C(=O)O[C@@H](Cc2c(Cl)c[n+]([O-])cc2Cl)c2ccc(OC(F)F)c(OCC3CC3)c2)c1,-6.662740460249724,,,train
CN(C)C(=O)c1cccc(S(=O)(=O)N2CCC[C@H]2C(=O)O[C@@H](Cc2c(Cl)c[n+]([O-])cc2Cl)c2ccc(OC(F)F)c(OCC3CC3)c2)c1,-8.318758762624412,,,val
CN(C)C(=O)c1cccc(S(=O)(=O)N2CCS[C@H]2C(=O)O[C@@H](Cc2c(Cl)c[n+]([O-])cc2Cl)c2ccc(OC(F)F)c(OCC3CC3)c2)c1,-8.3767507096021,,,train
CN(C)C(=O)c1cccc(S(=O)(=O)N2CSC[C@H]2C(=O)O[C@@H](Cc2c(Cl)c[n+]([O-])cc2Cl)c2ccc(OC(F)F)c(OCC3CC3)c2)c1,-7.552841968657781,,,train
CN(C)C(=O)c1cccc2ccccc12,,-5.080921907623926,,train
CN(C)C(=O)c1cn(C)c2ccccc12,,-5.173925197299174,,val
CN(C)C(=O)c1ncc(Oc2cc(OC3CCCC3)cc(-c3nccc(=O)[nH]3)c2)cn1,,,-4.853871964321762,train
CN(C)C(CNc1nccc(-c2sc(C3CCNCC3)nc2-c2ccc(F)cc2)n1)C1CC1,,-5.468521082957745,,train
CN(C)C/C=C/C(=O)Nc1cccc(C(OCCN2CCCCC2)c2cc3nccc(C(=O)O)c3s2)c1,,-6.0,,train
CN(C)C1CCN(C(=O)c2ccc(-c3ccc4ncc(-c5ccc(C#N)cc5)n4n3)cc2)CC1,,-4.1232050237993,,train
CN(C)C1CCN(C(=O)c2ccc(-c3cn4c(-c5ccc(C#N)cc5)cnc4cn3)cc2)CC1,,-4.189095719331299,,train
CN(C)C1CCN(C(=O)c2ccc(Cn3c(-c4ccccc4)nc4ccccc43)cc2)C1,,-5.356547323513813,,train
CN(C)C1CCN(C(=O)c2ccc(NC(=O)Nc3ccc(-c4nc(N5CCOCC5)nc(N5CCOCC5)n4)cc3)cc2)CC1,,-7.0,,train
CN(C)C1CCN(C[C@@H](NC(=O)C[C@H]2CNC(=O)c3cc(-c4cccc(Cl)c4)cn32)C2CCCCC2)CC1,-5.995678626217358,,,train
CN(C)C1CCN(Cc2cccc(C(=O)Nc3sc4c(c3C(=O)N/N=C/c3ccc(Cl)c(C(F)(F)F)c3)CCN(C3CC3)C4)c2)CC1,,-7.167491087293763,,val
CN(C)C1CCN(c2cccc3c2C[C@H](CN(C)[C@H]2CCCc4cccnc42)NC3)CC1,,-7.356547323513813,,train
CN(C)CC(=O)N1CCC(n2cc(Nc3nc(NC4(C)CC4)c4c(=O)n(C)ccc4n3)cn2)CC1,-5.366531544420414,,,val
CN(C)CC(=O)NN1c2ccccc2Sc2cc(Cl)ccc21,,-4.809668301829708,,train
CN(C)CC(=O)NN1c2ccccc2Sc2ccc(Cl)cc21,,-4.869666231504994,,train
CN(C)CC(=O)NN1c2ccccc2Sc2ccccc21,,-4.73754891026957,,test
CN(C)CC(C)(C)Cn1c(CC(C)(C)C)nc2cc(/C=C/C(=O)NO)ccc21,-4.712198270069774,,,train
CN(C)CC1(C(=O)Nc2cccc(OC(=O)N(C)C)c2)CCN(c2ncnc3[nH]c4c(c23)CCCC4)CC1,-6.301029995663981,,,train
CN(C)CC1CCC(CNc2nc(NCc3ccccc3Cl)ncc2[N+](=O)[O-])CC1,-4.97469413473523,,,train
CN(C)CCC(=O)NN1c2ccccc2Sc2cc(Cl)ccc21,,-5.055517327849832,,train
CN(C)CCC(=O)Nc1cccc(-c2nc3ccccc3s2)c1,,-2.681727919788373,,train
CN(C)CCC(Oc1ccc(NC(=O)Nc2ccc3c(ccn3C)c2)cc1)c1ccccc1,-5.236572006437063,,,train
CN(C)CCC(Oc1ccc(NC(=O)c2ccc(Cl)c(Cl)c2)cc1)c1ccccc1,-4.94692155651658,,,train
CN(C)CCCCN(C[C@H]1Cc2ncccc2CN1)[C@H]1CCCc2cccnc21,,-6.619788758288394,,train
CN(C)CCCN1c2ccccc2CCc2ccccc21,,-4.925457778526903,,val
CN(C)CCCN1c2ccccc2Sc2ccc(Cl)cc21,,-5.176118662486747,,train
CN(C)CCCN1c2ccccc2Sc2ccccc21,,-4.980289045633432,,train
CN(C)CCCNC(=O)/C=N/O,,-5.744727494896694,,train
CN(C)CCCNc1nc(/C=C/c2ccc(F)cc2)nc2ccc(Cl)cc12,,-5.201349354554731,,val
CN(C)CCCNc1nc(/C=C/c2ccc(S(C)(=O)=O)cc2)nc2ccc(Cl)cc12,,-6.214670164989233,,train
CN(C)CCCNc1nccc(-c2c(-c3ccc(F)cc3)nc3ccccn23)n1,,-7.086186147616283,,train
CN(C)CCCOC(=O)c1ccc2c(c1)c1nc(N3CCC[C@@H](N)C3)n(Cc3ccccc3Cl)c1c(=O)n2C,,-7.0,,train
CN(C)CCCOc1ccc(-c2ccc3ncc4c(c3c2)n(C2CCOCC2)c(=O)n4C)cn1,-5.251811972993799,,,train
CN(C)CCCOc1cccc(CNC(=O)c2ccc(-c3ccncc3)cc2)c1,,-5.607303046740334,,train
CN(C)CCCn1cnc2c(c(-c3ccccc3)c(-c3ccccc3)n2CCc2ccccc2)c1=N,,-3.531062194334539,,val
CN(C)CCCn1cnc2c(c(-c3ccccc3)c(-c3ccccc3)n2Cc2ccccc2)c1=N,,-3.4953932293580463,,val
CN(C)CCN(C)C(=O)c1ccc(C(=O)Nc2n[nH]c3ccc(Cc4cc(F)cc(F)c4)cc23)c(NC2CCOCC2)c1,-5.568636235841013,,,train
CN(C)CCN(C)C(=O)c1ccc(NC(=O)Nc2ccc(-c3nc(N4CCOCC4)nc(N4CCOCC4)n3)cc2)cc1,,-7.522878745280337,,train
CN(C)CCN(C)c1ccc(Cn2c(=O)[nH]c3c(N)nc(C(F)(F)F)cc32)cn1,,-6.045757490560675,,train
CN(C)CCN(Cc1ccccc1)S(=O)(=O)c1ccc(NC(=O)Nc2ccc3c(ccn3C)c2)cc1,-5.0655015487564325,,,train
CN(C)CCN1CCN(Cc2cccc(C(=O)Nc3sc4c(c3C(=O)N/N=C/c3ccc(Cl)c(C(F)(F)F)c3)CCN(C3CC3)C4)c2)CC1,,-7.167491087293763,,train
CN(C)CCN1CCN(c2ccc(Cn3c(=O)[nH]c4c(N)nc(C(F)(F)F)cc43)cn2)CC1,,-7.0,,val
CN(C)CCNC(=O)/C=N/O,,-5.657577319177793,,train
CN(C)CCNC(=O)C(C)(C)COc1nnc(-c2ccc(NC(=O)c3ccc4ccccc4c3)cc2)n1C,-6.6777807052660805,,,train
CN(C)CCNC(=O)C1CC(=O)C2=C(C1)NC(Nc1nc3ccccc3o1)=NC2c1ccccc1Cl,,-5.008773924307505,,test
CN(C)CCNC(=O)c1ccc(-c2cnc3ccc(NCC4CC4)nn23)cc1,,-4.301029995663981,-5.6777807052660805,train
CN(C)CCNC(=O)c1ccc(-c2cnc3ccc(NCC4CC4)nn23)cc1F,,-4.301029995663981,-5.2076083105017466,train
CN(C)CCNC(=O)c1ccc(-c2cnc3ccc(NCC4CC4)nn23)nc1,,-4.853871964321762,,train
CN(C)CCNC(=O)c1ccc(NC(=O)Nc2ccc(-c3nc(N4CCOCC4)nc(N4CCOCC4)n3)cc2)cc1,,-7.0,,train
CN(C)CCNCc1cc(-c2cc3c(N[C@H](CO)c4ccccc4)ncnc3[nH]2)ccc1F,-5.795880017344075,,,train
CN(C)CCNCc1ccc(-c2cc3c(N[C@H](CO)c4ccccc4)ncnc3[nH]2)cc1F,-5.701146923590294,,,train
CN(C)CCNS(=O)(=O)c1ccc(Nc2ncc3c(n2)-c2ccsc2CC3)cc1,-6.0,-5.812479279163537,,train
CN(C)CCNS(=O)(=O)c1ccc(Nc2nccc(-c3ccsc3)n2)cc1,-6.0,-5.619788758288394,,train
CN(C)CCNc1ccc(Cn2c(=O)[nH]c3c(N)nc(C(F)(F)F)cc32)cn1,,-7.0,,train
CN(C)CCNc1ccc2nc(-c3ccc(F)cc3)c(-c3ccnc(N)n3)n2n1,,-8.0,,train
CN(C)CCNc1cnc2nnn(Cc3ccc4ncccc4c3)c2n1,-5.681936665037239,,,train
CN(C)CCNc1nc(/C=C/c2ccc(F)cc2)nc2ccccc12,,-5.017276612331455,,train
CN(C)CCNc1nc(/C=C/c2ccc(S(C)(=O)=O)cc2)nc2ccc(Cl)cc12,,-6.443697499232713,,train
CN(C)CCNc1nc(/C=C/c2ccc(S(C)(=O)=O)cc2)nc2ccccc12,,-5.847711655616943,,train
CN(C)CCNc1nccc(-c2sc(C3CCNCC3)nc2-c2ccc(F)cc2)n1,,-5.619788758288394,,train
CN(C)CCOC(=O)c1ccc2c(c1)c1nc(N3CCC[C@@H](N)C3)n(Cc3ccccc3Cl)c1c(=O)n2C,,-6.221848749616356,,val
CN(C)CCOc1ccc(-c2cnc3c(-c4ccc(S(N)(=O)=O)c5ccccc45)cnn3c2)cn1,,-5.055517327849832,,train
CN(C)CCOc1ccc(/C(=C(/CCCO)c2ccccc2)c2ccc(O)cc2)cc1,,-6.638272163982407,,train
CN(C)CCOc1ccc(Cn2c(=O)[nH]c3c(N)nc(C(F)(F)F)cc32)cn1,,-5.886056647693163,,train
CN(C)CCOc1cnc2nnn(Cc3ccc4ncccc4c3)c2n1,-4.586700235918748,,,train
CN(C)CCS(=O)(=O)N1CCC(c2c[nH]c3c(C(N)=O)cc(-c4ccccc4)cc23)CC1,,-6.568636235841013,,test
CN(C)CC[C@@H](c1ccccc1)n1cc(NC(=O)c2n[nH]c3c2CCC(C)(C)C3)cn1,,,-5.337242168318426,train
CN(C)CCc1ccc(C2CCN(CCc3cnn(-c4nccc5c(=O)[nH]cnc45)c3)CC2)cc1,-6.119186407719209,,,train
CN(C)CCc1cccc(C2CCN(CCc3cnn(-c4nccc5c(=O)[nH]cnc45)c3)CC2)c1,-5.818156412055227,,,train
CN(C)CCc1cnn(-c2nccc3c(=O)[nH]cnc23)c1,-6.119186407719209,,,train
CN(C)CCn1c(=O)c2cc(F)ccc2n2c(=S)[nH]nc12,,-3.9318141382538383,,train
CN(C)CCn1c(CC(C)(C)C)nc2cc(S(=O)(=O)C3CN(C(N)=O)C3)ccc21,,-6.221848749616356,,val
CN(C)CCn1c(CC(C)(C)C)nc2cc(S(=O)(=O)C3CN(C)C3)ccc21,,-5.10790539730952,,train
CN(C)CCn1c(CC(C)(C)C)nc2cc(S(=O)(=O)C3CN(CC(F)(F)F)C3)ccc21,,-4.7447274948966935,,train
CN(C)CCn1c(CC(C)(C)C)nc2cc(S(=O)(=O)C3CN(CCO)C3)ccc21,,-5.823908740944319,,train
CN(C)CCn1c(CC(C)(C)C)nc2cc(S(=O)(=O)C3CN(S(C)(=O)=O)C3)ccc21,,-5.229147988357856,,test
CN(C)CCn1cc(-c2cnc3nnn(Cc4ccc5ncccc5c4)c3n2)cn1,-4.332547047110047,,,train
CN(C)CCn1cc(C(=O)N2CCC3(CC2)OCc2ccccc23)c2ccc(Cl)cc21,-4.823908740944319,,,train
CN(C)CCn1cnc2c(c(-c3ccccc3)c(-c3ccccc3)n2Cc2ccccc2)c1=N,,-2.867100230055517,,train
CN(C)C[C@@H](OC(=O)N1Cc2c(NC(=O)C3(C(F)(F)F)CC3)n[nH]c2C1(C)C)c1ccccc1,,,-4.823908740944319,train
CN(C)C[C@@H](c1ccccc1)n1cc(NC(=O)c2n[nH]c3c2CCC(C)(C)C3)cn1,,,-5.091514981121351,train
CN(C)C[C@@H]1CCN(C(=O)Nc2nc3c(s2)-c2nc(C(C)(C)C)sc2CC3)[C@@H]1C(N)=O,-6.119186407719209,,,train
CN(C)C[C@@]1(C(N)=O)CCCN1C(=O)Nc1nc2c(s1)-c1nc(C(C)(C)C)ncc1CC2,-5.2839966563652006,,,train
CN(C)Cc1cc2nc(-c3ccc(F)cc3)c(-c3ccnc(N)n3)n2cn1,,-7.236572006437063,,train
CN(C)Cc1ccc(/C=C/c2n[nH]c3cc(/C=C4/C(=O)Nc5ccccc54)ccc23)cc1,,-3.5590909179347823,,train
CN(C)Cc1ccc(CNc2nc(N3CCN(C4CCCC4)CC3)c3ncn(CCCN4CCCC4)c3n2)cc1,-4.489857300597427,,,train
CN(C)Cc1ccc(Nc2ncc(C3CC3)c(NCCCNC(=O)C3CCC3)n2)cc1,-8.0,,,train
CN(C)Cc1ccc2c(-c3ccnc(N)n3)c(-c3ccc(F)cc3)nn2c1,,-6.732828271596986,,train
CN(C)Cc1ccc2c(NCc3ccc(NC(=O)c4ccc(F)cc4)cc3)nc(N(C)C)nc2c1,,-6.3979400086720375,,train
CN(C)Cc1ccc2c(c1)CCN(C(=O)c1cc3cc(Br)ncc3n1C)C2,-4.87942606879415,,,val
CN(C)Cc1ccc2c(c1)CCN(C(=O)c1cc3cc(Cl)ccc3n1C)C2,-5.10790539730952,,,train
CN(C)Cc1ccc2c(c1)nc(-c1ccc(F)cc1)n2-c1ccnc(N)n1,,-7.494850021680094,,train
CN(C)Cc1ccn2c(-c3ccnc(N)n3)c(-c3ccc(F)cc3)nc2c1,,-6.958607314841775,,train
CN(C)Cc1ccn2c(-c3ccnc(N)n3)c(-c3ccc(F)cc3)nc2n1,,-6.928117992693875,,train
CN(C)Cc1cn(Cc2ccc(F)cc2)c2cnc3c(c12)CCN(O)C3=O,-5.742321425130816,,,train
CN(C)Cc1nccn1-c1ccc(NC(=O)c2cc(C(F)(F)F)nn2-c2ccc3onc(N)c3c2)c(F)c1,-7.251811972993799,,,train
CN(C)S(=O)(=O)NC(=O)CCc1ccccc1,,-5.815308569182402,,train
CN(C)S(=O)(=O)Nc1ccc(Oc2ccccc2)c(-c2cn(C)c(=O)c3[nH]ccc23)c1,,,-4.721246399047171,train
CN(C)S(=O)(=O)c1ccc(Sc2ccc(F)cc2CSC(=N)N)c(CSC(=N)N)c1,-7.0,,,train
CN(C)S(=O)(=O)c1cccc(-n2sc3ccccc3c2=O)c1,,-3.109578981199086,,train
CN(C)S(=O)(=O)c1cn(Cc2ccc(F)cc2)c2cnc3c(c12)CCN(O)C3=O,-6.356547323513813,,,train
CN(C)S(=O)(=O)c1cn(Cc2nc3cc(Cl)ccc3n2CCCS(C)(=O)=O)c2ccccc12,,-5.809668301829708,,train
CN(C)S(=O)(=O)n1cc(-c2nc(-c3nc(C4(c5ccccc5)CC4)n(C)n3)cnc2N)cn1,-4.721246399047171,,,train
CN(C)[C@@H](C(=O)N1CCC[C@H]1c1ncc(-c2ccc(-c3ccc(-c4cnc([C@@H]5CCCN5C(=O)[C@@H]5CCCO5)[nH]4)cc3)cc2)[nH]1)c1ccccc1,,-6.698970004336019,,train
CN(C)[C@@H](C(=O)N1CCC[C@H]1c1ncc(-c2ccc(-c3ccc(-c4cnc([C@@H]5CCCN5C(=O)[C@H]5CCCO5)[nH]4)cc3)cc2)[nH]1)c1ccccc1,,-6.801342913045578,,train
CN(C)[C@@H]1CCC[C@H]1Nc1nc(Nc2ccc(S(=O)(=O)NC3CC3)cc2)ncc1C(F)(F)F,,,-5.318758762624413,train
CN(C)[C@@H]1CCC[C@H]1Nc1nc(Nc2ccc(S(C)(=O)=O)cc2)ncc1C(F)(F)F,,,-5.022276394711152,train
CN(C)[C@@H]1CCC[C@H]1Nc1nc(Nc2ccc([S+](C)(=N)[O-])cc2)ncc1C(F)(F)F,,,-6.0,train
CN(C)[C@@H]1CCN(c2ccc3c(C(=O)NCC4CCC(F)(F)CC4)c(Cl)ccc3n2)C1,,,-5.2076083105017466,val
CN(C)[C@@H]1CCN(c2cccc3c2C[C@H](CN(C)[C@H]2CCCc4cccnc42)NC3)C1,,-7.853871964321762,,test
CN(C)[C@H]1CCN(c2ccc3c(C(=O)NCC4CCC(F)(F)CC4)c(Cl)ccc3n2)C1,,,-5.221848749616356,test
CN(C)[C@H]1CCN(c2cccc3c2C[C@H](CN(C)[C@H]2CCCc4cccnc42)NC3)C1,,-7.795880017344075,,train
CN(C)[C@H]1CC[C@H](Nc2nc(Nc3cnn(C(C)(C)C)c3)nn3cccc23)CC1,-4.958607314841775,,,val
CN(C)[C@H]1CC[C@H](Nc2nc(Nc3cnn(C(F)(F)F)c3)nn3cccc23)CC1,-4.920818753952375,,,train
CN(C)[C@H]1CC[C@H](Nc2ncnc3[nH]cc(C4CCOCC4)c23)CC1,-6.154901959985743,,,train
CN(C)[C@H]1CC[C@H](Nc2ncnc3[nH]cc([C@H]4CC[C@H](C(N)=O)CC4)c23)CC1,-6.698970004336019,,,train
CN(C)[C@H]1CC[C@H](Nc2ncnn3ccc(C4CCOCC4)c23)CC1,-4.853871964321762,,,val
CN(C)[C@H]1CC[C@H](Nc2ncnn3ccc([C@H]4CC[C@H](C(N)=O)CC4)c23)CC1,-6.096910013008056,,,train
CN(C)[C@H]1CC[C@H](Oc2ncnn3ccc([C@H]4CC[C@H](C(N)=O)CC4)c23)CC1,-5.698970004336019,,,train
CN(C)[C@H]1Cc2cccc(c2)OCCCC[C@@H](C(=O)NC2CCCC2)NC(=O)[C@H](CCN2CCOCC2)NC1=O,,-7.698970004336019,,train
CN(C)c1cc(OCc2cc(F)c(Oc3ccc(Cl)c(C(F)(F)F)c3)c(F)c2)nc(=O)n1C,-6.187086643357144,,,train
CN(C)c1ccc(-c2ccc3c(=O)c4c([nH]c3c2)CCCC4)cc1,,-3.7011469235902936,,train
CN(C)c1ccc(-c2nc(=O)n(CCC3CCCO3)c3c2oc2ncc(-c4cnn(C)c4)cc23)cn1,-4.958607314841775,,,train
CN(C)c1ccc(/C=C/C(=O)/C=C/c2ccc(N(C)C)cc2)cc1,-5.074687908500351,,-4.705533773838408,train
CN(C)c1ccc(/C=C/C(=O)c2ccc(OC(=O)N3CCCC3)cc2O)cc1,,-5.153044674980176,,val
CN(C)c1ccc(/C=N/NC(N)=S)cc1,,-4.993962045002683,,train
CN(C)c1ccc(/N=N/c2nc3ccc(OCCOCCOCCOCCOC45CC6CC(CC(C6)C4)C5)cc3s2)cc1,-7.008773924307505,,,val
CN(C)c1ccc(/N=N/c2nc3ccc(OCCOCCOCCOCCOC45CC6CC7C8CC(CC74)CC5C8C6)cc3s2)cc1,-5.274088367704952,,,train
CN(C)c1ccc(C(=O)N(CC(=O)NC2CCCCC2)Cc2ccc(C(=O)NO)cc2)cc1,,,-7.208514035447598,test
CN(C)c1ccc(C(=O)N(CCCCCC(=O)NO)CC(=O)NCc2ccccc2)cc1,,,-7.055685637307387,train
CN(C)c1ccc(C(=O)NCCCCCNC(=O)CS)cc1,-5.134896025358872,,,test
CN(C)c1ccc(N=C2C(=O)Nc3ccccc32)cc1,,-5.080921907623926,,test
CN(C)c1ccc(S(=O)(=O)c2ccc(CNC(=O)c3cnc4[nH]ncc4c3)cc2)cn1,,,-5.823908740944319,train
CN(C)c1ccc2c(c1)c(=O)n(CCc1ccccc1)c1n[nH]c(=S)n21,,-3.4485500020271247,,train
CN(C)c1cccc(Nc2nc3c(s2)CCCc2n[nH]cc2-3)n1,,-7.0,,train
CN(C)c1cccc(Oc2ccc3c(NCCCNCc4ccc5c(c4)OCO5)ccnc3c2)c1,,-3.4989407377822483,,train
CN(C)c1cccc(Oc2ccc3c(NCCCNCc4ccco4)ccnc3c2)c1,,-3.4989407377822483,,train
CN(C)c1cccc(S(=O)(=O)Nc2ccc(-c3cccc(Cl)c3)nn2)c1,,-4.371611069949688,,train
CN(C)c1cccc(S(=O)(=O)Nc2ccc(-c3ccccc3N3CCCC3)nn2)c1,,-4.505845405981558,,train
CN(C)c1ccccc1S(=O)(=O)Nc1ccc(-c2cccc(Cl)c2)nn1,,-4.447331783887807,,train
CN(C)c1cnc(-c2nc(=O)n(CCC3CCCO3)c3c2oc2ncc(-c4cnn(C)c4)cc23)cn1,-5.744727494896694,,,train
CN(C)c1nc(NCc2ccc(NC(=O)c3ccc(F)cc3)cc2)c2ccc(C#N)cc2n1,,-5.251811972993799,,train
CN(C)c1nc2sc3c(NCCN4CCOCC4)ncnc3c2c2c1COC(C)(C)C2,-4.6595558851598815,,,train
CN(C)c1ncc(-c2nc(=O)n(CCC3CCCO3)c3c2oc2ncc(-c4cnn(C)c4)cc23)cn1,-4.769551078621726,,,train
CN(C)c1noc(-c2cccc(CN(C)c3ccc4[nH]nc(C(=O)O)c4c3)c2O)n1,,,-5.468521082957745,train
CN(C)c1noc(-c2cccc(CNc3ccc4[nH]nc(C(=O)O)c4c3)c2)n1,,,-6.301029995663981,train
CN(C)c1noc(-c2cccc(CNc3ccc4[nH]nc(C(=O)O)c4c3)c2Cl)n1,,,-6.154901959985743,train
CN(C)c1noc(-c2cccc(CNc3ccc4[nH]nc(C(=O)O)c4c3)c2O)n1,,,-6.086186147616283,train
CN(C)c1noc(-c2cccc(CNc3cnc4nn[nH]c4c3)c2O)n1,,,-4.882728704344236,train
CN(C/C=C\CN)C[C@H]1O[C@@H](n2cnc3c(N)nc(Cl)nc32)[C@H](O)[C@@H]1O,,-6.443697499232713,,val
CN(C/C=C\CN)C[C@H]1O[C@@H](n2cnc3c(N)ncnc32)[C@H](O)[C@@H]1O,,-6.886056647693163,,train
CN(CC(=O)O)C(=O)C[C@H]1CC[C@H](c2ccc(N3CCOc4ncnc(N)c4C3=O)cc2)CC1,,,-7.0,train
CN(CC(N)=O)c1c(C#N)c(-c2ccc(Br)cc2)nc2cnccc12,-6.686132779630847,,,train
CN(CC(O)c1cc2ncccc2n1S(=O)(=O)c1ccccc1)C(=O)c1ccccc1,,-4.805485658117533,,train
CN(CCCC(F)F)Cc1ccc(COc2ccc3c(CO)cc(=O)oc3c2)cc1,-4.6020599913279625,,,val
CN(CCCCN(C[C@H]1Cc2ncccc2CN1)[C@H]1CCCc2cccnc21)C1CCC(F)(F)CC1,,-6.508638306165728,,test
CN(CCCCN(C[C@H]1Cc2ncccc2CN1)[C@H]1CCCc2cccnc21)C1CCOCC1,,-6.309803919971486,,test
CN(CCCN1CCC(CN2c3ccccc3Sc3ccc(C(=O)O)cc32)CC1)c1cc(=O)n(C)c(=O)n1C,-8.221848749616356,,,train
CN(CCN)CC(O)c1cc(C(F)(F)F)nc2c(C(F)(F)F)cccc12,,,-5.309803919971486,train
CN(CCN1CCCC1)C(=O)c1cc(-c2ccc(CN3CCOCC3)cc2)nc2ccc(F)cc12,,-6.863279432843593,,train
CN(CCN1CCCCC1)c1ccc(Cn2c(=O)[nH]c3c(N)nc(C(F)(F)F)cc32)cn1,,-5.2839966563652006,,train
CN(CCNCC(O)c1cc(C(F)(F)F)nc2c(C(F)(F)F)cccc12)C1CCCC1,,,-4.769551078621726,test
CN(CCNCC(O)c1cc(C(F)(F)F)nc2c(C(F)(F)F)cccc12)CC(O)c1ccc(C(F)(F)F)c2nc(C(F)(F)F)ccc12,,,-6.853871964321762,val
CN(CCO)C(=O)c1cc(C2CCCN2c2cc(F)cc(F)c2)c2oc(N3CCOCC3)cc(=O)c2c1,-5.585026652029182,,,train
CN(CCO)Cc1cn(Cc2ccc(F)cc2)c2cnc3c(c12)CCN(O)C3=O,-6.356547323513813,,,val
CN(CCOc1ccc(NS(C)(=O)=O)cc1)CCc1ccc(NS(C)(=O)=O)cc1,-4.804100347590766,,,test
CN(CC[C@H](c1ccccc1)c1cc(N)nc2[nH]nnc12)C12CCC(c3ccccc3)(CC1)CC2,,-9.0,,train
CN(CCc1cc2ncccc2[nH]1)C(=O)c1ccccc1,,-5.54515513999149,,train
CN(CCc1ccccc1)S(=O)(=O)/C=C/c1ccc(O)c(O)c1,,-5.318758762624413,,train
CN(CCc1cnn(-c2nccc3c(=O)[nH]cnc23)c1)Cc1ccc(Cl)c(Cl)c1,-4.673459331483438,,,train
CN(CCc1cnn(-c2nccc3c(=O)[nH]cnc23)c1)Cc1ccc(F)cc1,-5.000869458712629,,,train
CN(CCc1cnn(-c2nccc3c(=O)[nH]cnc23)c1)Cc1ccc(S(C)(=O)=O)cc1,-6.119186407719209,,,test
CN(C[C@@H]1CCCN1)C(=O)c1ccc(-c2cnc3ccc(NCC4CC4)nn23)cc1,,-5.214670164989233,,train
CN(C[C@@H]1CCCN1C(=O)C[C@H](N)Cc1cc(F)c(F)cc1F)C(=O)C(C)(C)C,-5.070581074285707,,,train
CN(C[C@@H]1CCCN1C(=O)C[C@H](N)Cc1cc(F)c(F)cc1F)S(=O)(=O)C(F)(F)F,-4.3872161432802645,,,train
CN(C[C@@H]1CCCN1C(=O)C[C@H](N)Cc1cc(F)c(F)cc1F)c1ccc(C#N)cn1,-4.721246399047171,,,test
CN(C[C@@H]1C[C@@H](F)CN1)C(=O)c1ccc(-c2cnc3ccc(NCC4CC4)nn23)cc1,,-4.301029995663981,,test
CN(C[C@@H]1Cc2c(cccc2N2CCNCC2)CN1)[C@H]1CCCc2cccnc21,,-8.397940008672037,,val
CN(C[C@@H]1Cc2ncccc2CN1)[C@H]1CCCc2cccnc21,,-6.0,,train
CN(C[C@H]1Cc2c(cccc2N2CCN(C3CC3)CC2)CN1)[C@H]1CCCc2cccnc21,,-6.576754126063192,,train
CN(C[C@H]1Cc2c(cccc2N2CCN(C3COC3)CC2)CN1)[C@H]1CCCc2cccnc21,,-6.139661993429006,,train
CN(C[C@H]1Cc2c(cccc2N2CCN(c3cccc(C(F)(F)F)c3)CC2)CN1)[C@H]1CCCc2cccnc21,,-6.85078088734462,,test
CN(C[C@H]1Cc2c(cccc2N2CCN3CCC[C@@H]3C2)CN1)[C@H]1CCCc2cccnc21,,-6.130768280269024,,train
CN(C[C@H]1Cc2c(cccc2N2CCN3CCC[C@H]3C2)CN1)[C@H]1CCCc2cccnc21,,-6.777283528852417,,train
CN(C[C@H]1Cc2c(cccc2N2C[C@H]3CCN(C)[C@H]3C2)CN1)[C@H]1CCCc2cccnc21,,-7.721246399047171,,val
CN(C[C@H]1Cc2ncccc2CN1)[C@H]1CCCc2cccnc21,,-5.886056647693163,,val
CN(Cc1cc(=O)[nH][nH]1)c1cc(Cl)cc(Cl)c1,-5.657577319177793,,,train
CN(Cc1cc(C(F)(F)F)cc(C(F)(F)F)c1)C(=O)c1c(OCCCC2CCN(C(=O)OC(C)(C)C)CC2)c2ccccc2n(C)c1=O,,-7.958607314841775,,train
CN(Cc1cc(C(F)(F)F)cc(C(F)(F)F)c1)C(=O)c1c(OCCCC2CCN(C(=O)OC3(C)CC3)CC2)c2cccnc2n(C)c1=O,,-6.142064735280571,,val
CN(Cc1ccc(-c2ccc(N3CCOc4ncnc(N)c4C3=O)cc2)c(Cl)c1)C(=O)CCCN,-6.698970004336019,,,val
CN(Cc1ccc(-c2ccc(N3CCOc4ncnc(N)c4C3=O)cc2)c(Cl)c1)C(=O)CCN,-6.522878745280337,,,train
CN(Cc1ccc(-c2ccc(N3CCOc4ncnc(N)c4C3=O)cc2)c(Cl)c1)C(=O)CN,-6.698970004336019,,,train
CN(Cc1ccc(-c2ccc(N3CCOc4ncnc(N)c4C3=O)cc2)c(Cl)c1)S(C)(=O)=O,-4.72584215073632,,,val
CN(Cc1ccc2[nH]cnc2c1Cl)c1nccc(Nc2cc(C3CC3)[nH]n2)n1,,,-5.721246399047171,train
CN(Cc1cccc(F)c1)C(=O)c1cnc(-c2ccc(S(C)(=O)=O)c([N+](=O)[O-])c2)s1,,-2.9867413347164837,,train
CN(Cc1cccc(F)c1)C(=O)c1sc(-c2ccc(S(C)(=O)=O)c([N+](=O)[O-])c2)nc1C(F)(F)F,,-3.567030709125594,,train
CN(Cc1cccc2c1S(=O)(=O)N=C2C1=C(O)[C@H](C(C)(C)C)N(Cc2ccc(F)c(Cl)c2)C1=O)S(C)(=O)=O,-6.698970004336019,,,train
CN(Cc1ccccc1)C(=O)c1sc(-c2ccc(S(C)(=O)=O)c([N+](=O)[O-])c2)nc1C(F)(F)F,,-2.824198367151721,,train
CN(Cc1ccccc1)S(=O)(=O)c1cc(C(N)=O)c(NC(=O)c2ccn[nH]2)s1,,,-6.187086643357144,val
CN(Cc1ccccc1)c1ccc2[nH]nc(-c3ccc(N4CCNCC4)nc3)c2c1,,,-5.136677139879544,train
CN(Cc1ccccc1F)C(=O)c1sc(-c2ccc(S(C)(=O)=O)c([N+](=O)[O-])c2)nc1C(F)(F)F,,-3.6556077263148894,,train
CN(Cc1cn(Cc2ccc(F)cc2)c2cnc3c(c12)CCN(O)C3=O)CC1CC1,-5.377785977033705,,,test
CN(Cc1cnc2nc(N)nc(N)c2n1)c1ccc(C(=O)N[C@@H](CCC(=O)O)C(=O)O)cc1,-5.920818753952375,,,train
CN(OCCNC(=O)Cc1c(C#N)ccc(NCC(F)(F)c2ccccn2)c1F)C(=N)N,-6.221848749616356,,,test
CN(c1ccc(Cl)cc1)S(=O)(=O)c1cc(C(=O)Nc2ccc(C#N)cc2F)ccn1,-4.7447274948966935,,,train
CN(c1ccc(Cl)cc1)S(=O)(=O)c1cccc(C(=O)Nc2ccc(C#N)cc2)c1,-4.701146923590294,,,train
CN(c1ccc(Cl)cc1)S(=O)(=O)c1cccc(C(=O)Nc2ccc(Cl)nn2)c1,-4.634512015109101,,,test
CN(c1ccc(Cl)cc1)S(=O)(=O)c1cccc(C(=O)Nc2ccc([S+](C)[O-])cc2)c1,-4.590066876668706,,,train
CN(c1ccc(Cl)cc1)S(=O)(=O)c1cccc(NC(=O)c2ccc(C#N)cc2)c1,-4.570247719997592,,,train
CN(c1ccc2c(c1)S(=O)(=O)N=C(C1=C(O)C3CCCN3N(CCC(C)(C)C)C1=O)N2)S(C)(=O)=O,-5.698970004336019,,,train
CN(c1ccc2c(c1)S(=O)(=O)N=C(c1c(O)c(-c3cccs3)nn(CCC(C)(C)C)c1=O)N2)S(C)(=O)=O,-8.0,,,train
CN(c1ccc2c(c1)S(=O)(=O)N=C(c1c(O)c3cccn3n(Cc3ccc(F)cc3)c1=O)N2)S(C)(=O)=O,-6.045757490560675,,,train
CN(c1ccccc1)c1ccc2c(c1)CCC[C@H]2CNc1cnccc1C(=O)O,,-7.290899718448833,,train
CN(c1ccccc1CNc1nc(Nc2ccc3c(c2)CC(=O)N3)ncc1C(F)(F)F)S(C)(=O)=O,,,-5.036212172654444,train
CN(c1ncnc2[nH]ccc12)[C@H]1CN(C(=O)CC#N)CC12CC2,-5.180456064458132,,,train
CN(c1ncnc2[nH]ccc12)[C@H]1CN(S(=O)(=O)c2cccc(C#N)c2)CC12CC2,-4.872895201635193,,,train
CN(c1nnc(-c2ccc(-c3ccn(C)c(=O)c3)cc2O)s1)C1CC(C)(C)NC(C)(C)C1,-5.431798275933005,,,train
CN(c1nnc(-c2ccc(-c3cnn(C)c3)cc2O)s1)C1CC(C)(C)NC(C)(C)C1,-5.619788758288394,,,train
CN/C(=C\[N+](=O)[O-])NCCSCc1ccc(CN(C)C)o1,-6.565840867005113,-6.4724734726893,,test
CN/C(=N\CCSCc1nc[nH]c1C)NC#N,-6.011001095020631,-6.203509569723002,,train
CN/C(=N\S(=O)(=O)c1ccc(Cl)cc1)N1CC(c2ccccc2)C(c2ccc(Cl)cc2)=N1,,,-5.024568191490737,test
CN1C(=O)C(C2CCCCC2)(C2CCCCC2)N=C1N,,-5.537602002101044,,val
CN1C(=O)C(c2ccccc2)(C2CCCCC2)N=C1N,,-5.142667503568732,,train
CN1C(=O)C(c2ccccc2)(c2ccccc2)N=C1N,,-5.522878745280337,,train
CN1C(=O)CN=C(c2ccccc2)c2cc(Cl)ccc21,,-4.856378852608299,,test
CN1C(=O)N(c2ccc(C#N)c(C(F)(F)F)c2)C(=O)C1(C)c1ccc(O)cc1,,-5.080921907623926,,train
CN1C(=O)N(c2ccc(C#N)c(C(F)(F)F)c2)C(=O)C1(C)c1ccc(OCCOCCOCCOCCOc2cccc3c2CN([C@H]2CCC(=O)NC2=O)C3=O)cc1,,-6.522878745280337,,train
CN1C(=O)[C@@H](Cc2ccccc2)NC(=O)[C@H](CCCc2ccccc2)NC(=O)CN(CCCc2ccccc2)C(=O)[C@H]2CCCN2C(=O)[C@H](Cc2cccnc2)NC(=O)[C@@H]1Cc1cscn1,,,-5.568636235841013,train
CN1C(=O)[C@@H]2CN(S(=O)(=O)c3ccc(F)c(Cl)c3)C[C@@H]2c2cnccc21,,,-4.309803919971486,train
CN1C(=O)[C@@H]2CN(S(=O)(=O)c3ccc4c(c3)CCO4)C[C@@H]2c2cnccc21,,,-4.301029995663981,train
CN1C(=O)[C@@H]2CN(S(=O)(=O)c3ccc4c(c3)OCC4)C[C@@H]2c2cnccc21,,,-4.552841968657781,train
CN1C(=O)[C@@H]2CN(S(=O)(=O)c3ccc4c(c3)OCO4)C[C@@H]2c2cc(O)ccc21,,,-4.7447274948966935,train
CN1C(=O)[C@@H]2CN(S(=O)(=O)c3ccc4c(c3)OCO4)C[C@@H]2c2ccccc21,,,-4.346894745916119,test
CN1C(=O)[C@@H]2CN(S(=O)(=O)c3ccc4c(c3)OCO4)C[C@@H]2c2cnccc21,,,-4.2839966563652006,train
CN1C(=O)[C@@H]2CN(S(=O)(=O)c3ccc4c(c3)OCO4)C[C@@H]2c2ncccc21,,,-4.346787486224656,train
CN1C(=O)[C@@H]2CN(S(=O)(=O)c3ccc4ncn(C)c4c3)C[C@@H]2c2cnccc21,,,-5.045757490560675,test
CN1C(=O)[C@@H]2CN(S(=O)(=O)c3ccc4occc4c3)C[C@@H]2c2cnccc21,,,-4.161150909262744,val
CN1C(=O)[C@@H]2CN(S(=O)(=O)c3ccc4ocnc4c3)C[C@@H]2c2cnccc21,,,-4.6020599913279625,train
CN1C(=O)[C@@H]2CN(S(=O)(=O)c3ccc4scnc4c3)C[C@@H]2c2cnccc21,,,-4.318758762624412,train
CN1C(=O)[C@@H]2CN(S(=O)(=O)c3ccn4ccnc4c3)C[C@@H]2c2cnccc21,,,-4.795880017344075,train
CN1C(=O)[C@H](CCCc2ccccc2)NC(=O)CN(CCCc2ccccc2)C(=O)[C@H]2CCCN2C(=O)[C@H](Cc2cccnc2)NC(=O)[C@H](Cc2cscn2)N(C)C(=O)[C@H]1Cc1ccccc1,,,-5.3979400086720375,test
CN1C(=O)[C@H]2CCCN2C(=O)[C@H](CCCCN)NC(=O)[C@H](CCCNC(=N)N)NC(=O)[C@@H](CCCNC(=N)N)NC(=O)[C@H](CCCNC(=N)N)NC(=O)[C@@H]1Cc1c[nH]c2ccccc12,-6.853871964321762,,,val
CN1C(=O)[C@H]2CN(S(=O)(=O)c3ccc4c(c3)OCO4)C[C@H]2c2cnccc21,,,-4.853871964321762,test
CN1C(=O)c2c3c(c(O)c(=O)n2[C@]12CC[C@@H]1C[C@@]12CO)C(=O)N(Cc1ccc(F)c(Cl)c1)CC3,,,-5.075720713938119,train
CN1C(C(=O)Nc2ccccn2)=C(O)c2ccccc2S1(=O)=O,,-5.8037135656454195,,train
CN1CC(=O)N2[C@H](c3ccc4c(c3)OCO4)c3[nH]c4ccccc4c3C[C@@H]2C1=O,,-7.5718652059712115,,train
CN1CC(=O)N[C@@H](CS(c2ccccc2)(c2ccccc2)c2ccccc2)C(=O)N[C@@H](CSC(c2ccccc2)(c2ccccc2)c2ccccc2)C(=O)N(C)CC(=O)N[C@@H](COC(C)(C)C)C1=O,,-5.698970004336019,,test
CN1CC(=O)N[C@@H](CSC(c2ccccc2)(c2ccccc2)c2ccccc2)C(=O)N(C)CC(=O)N[C@@H](CSC(c2ccccc2)(c2ccccc2)c2ccccc2)C(=O)N(C)CC(=O)N[C@@H](CCC(=O)O)C1=O,,-6.698970004336019,,train
CN1CC(=O)N[C@@H](CSC(c2ccccc2)(c2ccccc2)c2ccccc2)C(=O)N(C)CC(=O)N[C@@H](CSC(c2ccccc2)(c2ccccc2)c2ccccc2)C(=O)N(C)CC(=O)N[C@@H](COC(C)(C)C)C1=O,,-6.522878745280337,,train
CN1CC(=O)N[C@@H](CSC(c2ccccc2)(c2ccccc2)c2ccccc2)C(=O)N[C@@H](Cc2ccccc2)C(=O)N[C@@H](COC(C)(C)C)C(=O)N(C)CC(=O)N[C@@H](CSC(c2ccccc2)(c2ccccc2)c2ccccc2)C1=O,,-6.698970004336019,,train
CN1CC2(CC(n3cc(Nc4nc(NC5(C)CC5)c5c(=O)n(C)ccc5n4)cn3)C2)C1,-5.2441251443275085,,,test
CN1CC2(CC(n3cc(Nc4nc(NC5(C)CC5)c5c(=O)n(CC(F)F)ccc5n4)cn3)C2)C1,-4.920818753952375,,,train
CN1CC=C(c2ccc(OC(F)(F)F)c(Nc3ncc4c(n3)-c3c(c(C(N)=O)nn3C)CC4)c2)CC1,,-4.33338843158097,,test
CN1CCC(=C2c3ccccc3CC(=O)c3sccc32)CC1,-6.954677021213342,,,test
CN1CCC(C(=O)Nc2nc(-c3ccc(F)cc3)c(-c3ccnc(Nc4ccc(N5CCNCC5)cc4)n3)s2)CC1,,-6.0,,train
CN1CCC(C)(C2CC(=O)N(CCOc3ccc(F)c(C#N)c3)C2)CC1,,-6.6777807052660805,,test
CN1CCC(Cc2ccc(NC(=O)c3cc(C(=O)c4c(Cl)ccc(Cl)c4F)c[nH]3)cn2)CC1,-6.154901959985743,,,val
CN1CCC(Cn2cc(NC(=O)c3cc(C(=O)c4c(Cl)ccc(Cl)c4F)c[nH]3)cn2)CC1,-6.221848749616356,,,train
CN1CCC(N(C)C(=O)Cn2c(-c3ccoc3)c(C3CCCCC3)c3ccc(C(=O)O)cc32)CC1,-6.698970004336019,,,train
CN1CCC(N(C)c2ccc(NC(=O)c3cc(C(=O)c4c(Cl)ccc(Cl)c4F)c[nH]3)cn2)CC1,-5.698970004336019,,,train
CN1CCC(N(C)c2cccc3c2C[C@H](CN(C)[C@H]2CCCc4cccnc42)NC3)CC1,,-8.0,,train
CN1CCC(NC(=O)c2cc(Cl)ccc2O)CC1,,-3.673664139071249,,train
CN1CCC(NC(=O)c2ccc(Oc3ccc(C#C[C@]4(O)CN5CCC4CC5)cc3)cc2)CC1,-6.522878745280337,,,train
CN1CCC(NC(=O)c2ccc3c(C4CCCCC4)c(-c4ccccn4)n(C)c3c2)(C(=O)Nc2ccc(/C=C/C(=O)O)cc2)CC1,-6.221848749616356,,,train
CN1CCC(NC(=O)c2cnc(NCc3cc(Cl)ccc3Cl)nc2NC2CCC(N(C)C)CC2)CC1,,-5.698970004336019,,train
CN1CCC(NC(=O)c2cnc(NCc3cc(Cl)ccc3Cl)nc2NC2CCCC2)CC1,,-7.698970004336019,,test
CN1CCC(NC(=O)c2cnc(NCc3cc(Cl)ccc3Cl)nc2NC2CCNCC2)CC1,,-7.0,,train
CN1CCC(NC(=O)c2cnc(Nc3cc(Cl)cc(Cl)c3)nc2NC2CCC(N(C)C)CC2)CC1,,-6.522878745280337,,train
CN1CCC(NC(=O)c2cnc(Nc3cc(Cl)cc(Cl)c3)nc2NC2CCOCC2)CC1,,-7.0,,val
CN1CCC(NC(=O)c2cnc(Nc3cc(Cl)cc(Cl)c3)nc2N[C@@H]2COC[C@H]2O)CC1,,-5.853871964321762,,train
CN1CCC(NC(=O)c2cnc(Nc3cc(Cl)cc(Cl)c3)nc2N[C@H]2CCCCNC2=O)CC1,,-6.698970004336019,,train
CN1CCC(Nc2cc(N3CCN(C)CC3)ccc2C(=O)Nc2n[nH]c3ccc(Cc4cc(F)cc(F)c4)cc23)CC1,-5.823908740944319,,,train
CN1CCC(Nc2ccc3ncc(-c4cnn(-c5cccc(F)c5)c4)n3n2)CC1,,-6.958607314841775,,train
CN1CCC(Nc2ccc3ncc(-c4cnn(-c5cnccn5)c4)n3n2)CC1,,-9.30102999566398,,train
CN1CCC(Nc2ncc(NC(=O)c3cc(C(=O)c4c(Cl)ccc(Cl)c4F)c[nH]3)cn2)CC1,-6.522878745280337,,,test
CN1CCC(Nc2nccc(-c3sc(C4CCNCC4)nc3-c3ccc(F)cc3)n2)C1,,-5.769551078621726,,train
CN1CCC(Oc2ccc(C(=O)Nc3n[nH]c4ccc(Cc5cc(F)cc(F)c5)cc34)c(NC3CCOCC3)c2)CC1,-6.522878745280337,,,train
CN1CCC(Oc2ccc(NC(=O)c3cc(C(=O)c4c(Cl)ccc(Cl)c4F)c[nH]3)cn2)CC1,-5.6020599913279625,,,train
CN1CCC(Oc2ccc3ncc(-c4cnn(-c5ccc(F)cc5)c4)n3n2)CC1,,-6.669586226650809,,train
CN1CCC(c2c[nH]c3cc(Nc4ccc(F)c(F)c4)ccc23)CC1,-4.982966660701219,,,train
CN1CCC(c2c[nH]c3cc(Nc4ccc5[nH]cc(C6CCN(C)CC6)c5c4)ccc23)CC1,-6.301029995663981,,,train
CN1CCC(c2c[nH]c3cc(Nc4ccc5c(C6CCN(C)CC6)c[nH]c5c4)ccc23)CC1,-6.522878745280337,,,train
CN1CCC(c2c[nH]c3ccc(Nc4ccc5c(C6CCNCC6)c[nH]c5n4)cc23)CC1,-7.698970004336019,,,val
CN1CCC(c2cc(=O)[nH]o2)CC1,-6.0,,,train
CN1CCC(c2ccc(C(=O)N3CCC4(CC3)CC4CNC(=O)N3Cc4ccncc4C3)cc2)CC1,,,-6.698970004336019,train
CN1CCC(c2ccc(OC(F)(F)F)c(Nc3ncc4c(n3)-c3c(c(C(N)=O)cn3C)CC4)c2)CC1,,-4.434388275097941,,test
CN1CCC(c2cnn(-c3nccc4c(=O)[nH]cnc34)c2)CC1,-6.119186407719209,,,train
CN1CCC(c2nc(-c3ccc(F)c(NS(C)(=O)=O)c3)c(-c3ccnc(NCC4CC4)n3)s2)CC1,,-5.856323113642626,,train
CN1CCC(c2nc(-c3ccc(F)cc3)c(-c3ccnc(Nc4ccc(N5CCNCC5)cc4)n3)s2)CC1,,-6.022878745280337,,train
CN1CCC(n2cc(CNc3cc(Cl)c4ncc(C#N)c(Nc5ccc(F)c(Cl)c5)c4c3)nn2)CC1,,-6.4089353929735005,,train
CN1CCC(n2cc(NC(=O)c3cc(C(=O)c4c(Cl)ccc(Cl)c4F)c[nH]3)cn2)CC1,-5.886056647693163,,,train
CN1CCC(n2cc(Nc3nc(NC4(C)CC4)c4c(=O)n(-c5cn(C)nn5)ccc4n3)cn2)CC1,-4.6777807052660805,,,val
CN1CCC(n2cc(Nc3nc(NC4(C)CC4)c4c(=O)n(-c5cnn[nH]5)ccc4n3)cn2)CC1,-5.481486060122113,,,train
CN1CCC(n2cc(Nc3nc(NC4(C)CC4)c4c(=O)n(-c5nnc[nH]5)ccc4n3)cn2)CC1,-4.795880017344075,,,test
CN1CCC(n2cc(Nc3nc(NC4(C)CC4)c4c(=O)n(C)ccc4n3)cn2)CC1,-4.769551078621726,,,train
CN1CCC(n2cc(Nc3nc(OC4(C)CC4)c4nc(C(=O)N(C)C)ccc4n3)cn2)CC1,-5.823908740944319,,,train
CN1CCC(n2cc(Nc3nccc(-c4c(-c5ccc(F)cc5)nc5ccccn45)n3)cn2)CC1,,-6.906578314837765,,val
CN1CCC2(CC1)Cc1cc(NC(=O)c3cnn4cccnc34)c(N3CCOCC3)cc1O2,,,-4.886056647693163,train
CN1CCCC(Cc2nc3c(oc4ccc(Br)cc43)c(=O)[nH]2)C1,,,-7.080921907623926,test
CN1CCCC1CCOc1ccc(/C(=C(/CCCO)c2ccccc2)c2ccc(Br)cc2)cc1,,-6.6777807052660805,,train
CN1CCCC1CCOc1ccc(/C(=C(/CCCO)c2ccccc2)c2ccc(O)cc2)cc1,,-8.0,,train
CN1CCCC1CCn1c(=O)c2cc(F)ccc2n2c(=S)[nH]nc12,,-4.269217724333611,,train
CN1CCCCC1(C)c1nc(C(=O)NCc2ccc(F)cc2)c(O)c(=O)[nH]1,,-5.657577319177793,,train
CN1CCCCC1(C)c1nc(C(=O)NCc2ccc(F)cc2)c(O)c(=O)n1C,,-4.815308569182402,,train
CN1CCCCC1c1nc(C(=O)NCc2ccc(F)cc2)c(O)c(=O)n1C,,-4.82102305270683,,train
CN1CCCCC1c1nc(O)c(O)c(C(=O)NCc2ccc(F)cc2)n1,,-6.154901959985743,,train
CN1CCCN(C)P1(=O)c1ccc(C(F)(F)F)cc1,-4.091514981121351,,,train
CN1CCCN(Cc2cccc(C(=O)Nc3sc4c(c3C(=O)N/N=C/c3ccc(Cl)c(C(F)(F)F)c3)CCN(C3CC3)C4)c2)CC1,,-6.920818753952375,,test
CN1CCCOP1(=O)c1ccc(C(F)(F)F)cc1,-4.1938200260161125,,,train
CN1CCC[C@@H]1COc1ccc(/C(=C(/CCCO)c2ccccc2)c2ccc(O)cc2)cc1,,-6.154901959985743,,train
CN1CCC[C@H](NC(=O)[C@H]2CN(S(=O)(=O)c3ccccc3)C[C@@H]2NC(=O)c2cc(-c3ccccc3Cl)on2)C1,-5.886056647693163,,,train
CN1CCC[C@H]1COc1ccc(/C(=C(/CCCO)c2ccccc2)c2ccc(Br)cc2)cc1,,-6.031517051446065,,train
CN1CCC[C@H]1COc1ccc(/C(=C(/CCCO)c2ccccc2)c2ccc(O)cc2)cc1,,-5.675717544702308,,val
CN1CCCc2c1nc(N1CCC3(CC1)C(=O)N(CCO)c1cc(F)cc(F)c13)[nH]c2=O,,-5.522878745280337,,train
CN1CCCc2c1nc(N1CCC3(CC1)CN(CCO)c1cc(F)cc(F)c13)[nH]c2=O,,-5.481486060122113,,train
CN1CCN(C(=O)C2CCN(c3ccccn3)CC2)c2ccc(Cl)cc21,-4.318758762624412,,,test
CN1CCN(C(=O)COc2ccc3cc(Oc4ccc(C(F)(F)F)cn4)ccc3n2)CC1,,,-4.326979092871104,test
CN1CCN(C(=O)COc2ccc3cc(Oc4ccccn4)ccc3n2)CC1,,,-4.476253533188435,train
CN1CCN(C(=O)C[C@H]2CC[C@H](c3ccc(N4CCOc5ncnc(N)c5C4=O)cc3)CC2)CC1=O,,,-5.698970004336019,train
CN1CCN(C(=O)Cn2c(-c3ccoc3)c(C3CCCCC3)c3ccc(C(=O)O)cc32)CC1,-5.769551078621726,,,train
CN1CCN(C(=O)c2cc(N3CCc4c(-c5cnc(N)nc5)nc(N5CCOCC5)nc43)ccn2)CC1,,-5.94692155651658,,test
CN1CCN(C(=O)c2cc([C@H]3CCCN3c3cc(F)cc(F)c3)c3oc(N4CCOCC4)cc(=O)c3c2)CC1,-5.481486060122113,,,train
CN1CCN(C(=O)c2ccc(-c3ccc4nc(C(C#N)C(=O)NCC(=O)NC5CC5)sc4c3)cc2)CC1,-7.823908740944319,-8.522878745280337,,train
CN1CCN(C(=O)c2ccc(-c3ccc4ncc(-c5ccc(C#N)cc5)n4c3)cc2)CC1,,-4.086716098239582,,train
CN1CCN(C(=O)c2ccc(-c3ccc4ncc(-c5ccc(C#N)cc5)n4n3)cc2)CC1,,-4.6020599913279625,,test
CN1CCN(C(=O)c2ccc(-c3cn4c(-c5ccc(C#N)cc5)cnc4cn3)cc2)CC1,,-3.9913998282380825,,train
CN1CCN(C(=O)c2ccc(-c3cn4c(-c5ccc(C(=O)O)cc5)cnc4cn3)cc2)CC1,,-7.0,,train
CN1CCN(C(=O)c2ccc(-c3cn4c(-c5ccc(C(F)(F)F)cc5)cnc4cn3)cc2)CC1,,-4.058488567365597,,train
CN1CCN(C(=O)c2ccc(-c3cn4c(-c5ccc(C(F)F)cc5)cnc4cn3)cc2)CC1,,-4.1180450286604,,val
CN1CCN(C(=O)c2ccc(-c3cn4c(-c5ccc(C(N)=O)cc5)cnc4cn3)cc2)CC1,,-5.749579997691106,,train
CN1CCN(C(=O)c2ccc(-c3cn4c(-c5ccc(Cl)cc5)cnc4cn3)cc2)CC1,,-4.146910470148135,,val
CN1CCN(C(=O)c2ccc(-c3cn4c(-c5ccc(O)cc5)cnc4cn3)cc2)CC1,,-4.459670525209126,,train
CN1CCN(C(=O)c2ccc(-c3cn4c(-c5cccc(O)c5)cnc4cn3)cc2)CC1,,-4.478861916295964,,train
CN1CCN(C(=O)c2ccc(N3CCc4c(-c5cnc(N)nc5)nc(N5CCOCC5)nc43)cc2)CC1,,-5.906578314837765,,val
CN1CCN(C(=O)c2ccc(N3CCc4c(-c5cnc(N)nc5)nc(N5CCOCC5)nc43)cn2)CC1,,-5.785156151952302,,train
CN1CCN(C(=O)c2ccc(OCc3cccc(Cl)c3)c(Cl)c2)CC1=O,,-4.785156151952302,,train
CN1CCN(C(=O)c2ccc3[nH]cc(C(=O)c4ccccc4)c3c2)CC1,,-6.698970004336019,,train
CN1CCN(C(=O)c2ccc3c(c2)c(C(=O)c2ccccc2)cn3C)CC1,,-5.721246399047171,,train
CN1CCN(C(=O)c2ccc3cc(Oc4ccccn4)ccc3n2)CC1,,,-5.096910013008056,val
CN1CCN(C(=O)c2ccc3ccc(C(=O)c4ccccc4)c-3cc2)CC1,,-5.075720713938119,,train
CN1CCN(C(=O)c2cccc(N3CCc4c(-c5cnc(N)nc5)nc(N5CCOCC5)nc43)c2)CC1,,-5.747146969020107,,train
CN1CCN(C(=O)c2cncc(N3CCc4c(-c5cnc(N)nc5)nc(N5CCOCC5)nc43)c2)CC1,,-6.136677139879544,,train
CN1CCN(C(=O)c2cnccn2)C(C)(c2nc(C(=O)NCc3ccc(F)cc3)c(O)c(=O)[nH]2)C1,,-5.267606240177032,,train
CN1CCN(C(=O)c2cnccn2)C(c2nc(C(=O)NCc3ccc(F)cc3)c(O)c(=O)[nH]2)C1,,-6.3979400086720375,,train
CN1CCN(C(C)(C)/C=C(\C#N)C(=O)N2CCC[C@@H](n3nc(-c4ccc(Oc5ccccc5)cc4F)c4c(N)ncnc43)C2)CC1,-6.0,,,train
CN1CCN(C(C)(C)/C=C(\C#N)C(=O)N2CCC[C@@H](n3nc(-c4ccc(Oc5ccccc5)cc4F)c4c(N)ncnc43)C2)CC1=O,-6.3979400086720375,,,val
CN1CCN(C(c2ccc(Cl)cc2)c2ccc(Cl)cc2)CC1,,-2.989572827282951,,train
CN1CCN(C)/C(=N/c2ccc([N+](=O)[O-])cc2C(=O)Nc2ccccc2)C1,,-4.886056647693163,,val
CN1CCN(CC(=O)NCCCn2c(=O)c3cc(F)ccc3n3c(=S)[nH]nc23)CC1,,-6.0,,train
CN1CCN(CCC(=O)NN2c3ccccc3Sc3cc(Cl)ccc32)CC1,,-4.860120913598764,,train
CN1CCN(CCC(=O)NN2c3ccccc3Sc3cc([N+](=O)[O-])ccc32)CC1,,-4.835647144215563,,train
CN1CCN(CCC(=O)NN2c3ccccc3Sc3ccccc32)CC1,,-4.769551078621726,,train
CN1CCN(CCCN(C[C@H]2Cc3ccccc3CN2)[C@H]2CCCc3cccnc32)CC1,,-6.443697499232712,,train
CN1CCN(CCCN(C[C@H]2Cc3ccccc3CN2C)[C@H]2CCCc3cccnc32)CC1,,-6.289882634888184,,train
CN1CCN(CCCN2c3ccccc3Sc3ccc(C(F)(F)F)cc32)CC1,-6.301029995663981,,,train
CN1CCN(CCCNc2nc(-c3ccccn3)nc3c2CN(Cc2ccccc2)CC3)CC1,,,-5.744727494896694,test
CN1CCN(CCN(C)c2ccc(Cn3c(=O)[nH]c4c(N)nc(C(F)(F)F)cc43)cn2)CC1,,-6.154901959985743,,train
CN1CCN(CCNc2nccc(-c3c(-c4cccc(O)c4)nc4sccn34)n2)S1(=O)=O,-4.8474059220725305,,,train
CN1CCN(CCNc2nccc(-c3sc(C4CCNCC4)nc3-c3ccc(F)cc3)n2)CC1,,-6.0,,train
CN1CCN(CCn2c(=O)c3cc(F)ccc3n3c(=S)[nH]nc23)CC1,,-4.896196279044044,,test
CN1CCN(C[C@@H](NC(=O)C[C@H]2CNC(=O)c3cc(-c4cccc(Cl)c4)cn32)C2CCCCC2)CC1,-5.075720713938119,,,train
CN1CCN(C[C@@H](NC(=O)C[C@H]2CNC(=O)c3cc(-c4cccc(F)c4)cn32)C2CCCCC2)CC1,-6.0,,,train
CN1CCN(C[C@@H](NC(=O)C[C@H]2CNC(=O)c3cc(-c4ccnc(F)c4)cn32)C2CCCCC2)CC1,-6.481486060122113,,,train
CN1CCN(Cc2ccc(C(c3nnnn3Cc3ccccc3)N3CCCN(C4CCC4)CC3)cc2)CC1,-6.096910013008056,,,train
CN1CCN(Cc2ccc(N3CCc4c(-c5cnc(N)nc5)nc(N5CCOCC5)nc43)cc2)CC1,,-6.036212172654444,,train
CN1CCN(Cc2ccc(NC(=O)CNc3ccc(-c4ccc(NC(=O)C5CC5)nc4)cc3F)cc2C(F)(F)F)CC1,,-4.5141366704026655,,train
CN1CCN(Cc2ccc(NC(=O)c3cc(C(=O)c4c(Cl)ccc(Cl)c4F)c[nH]3)cn2)CC1,-6.0,,,train
CN1CCN(Cc2ccc(OC3CN(C(=O)c4nnc(-c5ccccc5)o4)C3)cc2F)CC1,-4.337242168318426,,,train
CN1CCN(Cc2nc3c(oc4ccc(Br)cc43)c(=O)[nH]2)CC1,,,-6.323306390375134,train
CN1CCN(Cc2ncc(NC(=O)c3cc(C(=O)c4c(Cl)ccc(Cl)c4F)c[nH]3)cn2)CC1,-6.045757490560675,,,train
CN1CCN(NCCN2c3ccccc3Sc3ccccc32)CC1,,-5.040958607678906,,val
CN1CCN(Nc2cccc3c2C[C@@H](CN(C)[C@H]2CCCc4cccnc42)NC3)CC1,,-6.628932137728264,,test
CN1CCN(S(=O)(=O)N(C)C)CC1(C)c1nc(C(=O)NCc2ccc(F)cc2)c(O)c(=O)n1C,,-4.239577516576788,,train
CN1CCN(S(=O)(=O)N(C)C)CC1c1nc(C(=O)NCc2ccc(F)cc2)c(O)c(=O)n1C,,-5.494850021680094,,train
CN1CCN(S(C)(=O)=O)CC1(C)c1nc(C(=O)NCc2ccc(F)cc2)c(O)c(=O)n1C,,-4.464705879957229,,train
CN1CCN(S(C)(=O)=O)CC1c1nc(C(=O)NCc2ccc(F)cc2)c(O)c(=O)n1C,,-5.619788758288394,,train
CN1CCN([C@@H](c2ccccc2)c2ccc(Cl)cc2)CC1,,-2.736600668665998,,train
CN1CCN([C@H]2C[C@@H](c3nc(-c4ccc5ccc(-c6ccccc6)nc5c4F)c4c(N)ncnn43)C2)CC1,,-6.172630726946175,,train
CN1CCN(c2cc(Cl)c(C(=O)Nc3cccc(-c4nc5ccccc5s4)c3)cc2[N+](=O)[O-])CC1,,-3.70154757955932,,train
CN1CCN(c2cc(F)c(-c3ccc(C(=O)N(C)C)cc3)cc2Nc2ncnc(Cl)c2N)CC1,,-4.694218848745018,,train
CN1CCN(c2cc(F)c(-c3ccc(C(=O)N4CCOCC4)cc3)cc2Nc2ncnc(Cl)c2N)CC1,,-4.862329462763245,,train
CN1CCN(c2cc(F)c(-c3ccc(C(=O)NCC4CCOCC4)cc3)cc2Nc2ncnc(Cl)c2N)CC1,,-4.772884917410875,,train
CN1CCN(c2cc(F)c(-c3ccc(C(=O)NCCCN4CCOCC4)cc3)cc2Nc2ncnc(Cl)c2N)CC1,,-5.039053804266168,,train
CN1CCN(c2cc(F)c(-c3ccc(C(=O)NCCN4CCOCC4)cc3)cc2Nc2ncnc(Cl)c2N)CC1,,-4.978397283971757,,train
CN1CCN(c2cc(F)c3c(c2)N(C)C(=O)C32CCN(c3nc4c(c(=O)[nH]3)CCCN4C)CC2)CC1,,-4.892790030352132,,train
CN1CCN(c2ccc(/C=C/c3n[nH]c4cc(/C=C5/C(=O)Nc6ccccc65)ccc34)cn2)CC1,,-3.474955192963155,,train
CN1CCN(c2ccc(C(=O)Nc3n[nH]c4ccc(Cc5cc(F)cc(F)c5)cc34)c(NC3CCOCC3)c2)CC1,-5.619788758288394,,,train
CN1CCN(c2ccc(C(=O)Nc3n[nH]c4ccc(Cc5cc(F)cc(F)c5)cc34)c(NCCF)c2)CC1,-5.619788758288394,,,train
CN1CCN(c2ccc(C(=O)Nc3n[nH]c4ccc(Cc5cc(F)cc(F)c5)cc34)c(N[C@H]3CC[C@H](O)CC3)c2)CC1,-5.744727494896694,,,train
CN1CCN(c2ccc(C(=O)Oc3ccccc3)cc2NC(=O)c2ccc(F)c([N+](=O)[O-])c2)CC1,,-4.221848749616356,,test
CN1CCN(c2ccc(CNc3nc(N4CCOCC4)nc4c3ncn4-c3cccc(F)c3)cc2)CC1,,-6.522878745280337,,train
CN1CCN(c2ccc(CNc3nc(N4CCOCC4)nc4c3ncn4-c3cccc(F)c3)nc2)CC1,,-5.1487416512809245,,train
CN1CCN(c2ccc(Cn3c(=O)[nH]c4c(N)nc(C(F)(F)F)cc43)cn2)CC1,,-4.920818753952375,,train
CN1CCN(c2ccc(Nc3cc(-c4cccc(-n5ccc6cc(C7CC7)cc(F)c6c5=O)c4CO)cn(C)c3=O)nc2)CC1,-5.337242168318426,,,train
CN1CCN(c2ccc(Nc3nccc(-c4sc(C5CCNCC5)nc4-c4ccc(F)cc4)n3)cc2)CC1,,-4.958607314841775,,train
CN1CCN(c2ccc(Nc3nccc(-c4sc(N)nc4-c4ccc(F)cc4)n3)cc2)CC1,,-4.585026652029182,,train
CN1CCN(c2ccc(OC(F)(F)F)c(Nc3ncc4c(n3)-c3c(c(C(N)=O)nn3C)CC4)c2)CC1,,-4.301029995663981,,train
CN1CCN(c2ccc(OC(F)(F)F)c(Nc3ncc4c(n3)-c3c(c(C(N)=O)nn3CCCN)CC4)c2)CC1,,-5.3979400086720375,,train
CN1CCN(c2ccc(OC(F)(F)F)c(Nc3ncc4c(n3)-c3c(c(C(N)=O)nn3CCF)CC4)c2)CC1,,-4.301029995663981,,train
CN1CCN(c2ccc(OC(F)(F)F)c(Nc3ncc4c(n3)-c3c(c(C(N)=O)nn3CCN)CC4)c2)CC1,,-5.301029995663981,,test
CN1CCN(c2ccc(OC(F)(F)F)c(Nc3ncc4c(n3)-c3c(c(C(N)=O)nn3CCO)CC4)c2)CC1,,-4.30460589170889,,val
CN1CCN(c2ccc3c(=O)c4cccc(F)c4oc3c2)CC1,,-7.096910013008056,,train
CN1CCN(c2cccc3c2C[C@H](CN(C)[C@H]2CCCc4cccnc42)N(C)C3)CC1,,-6.438898616350944,,train
CN1CCN(c2cccc3c2C[C@H](CN(C)[C@H]2CCCc4cccnc42)NC3)CC1,,-6.001740661576301,,train
CN1CCN(c2cccc3c2C[C@H](CN2CCC[C@H]4CCc5cccnc5[C@H]42)NC3)CC1,,-6.490797477668897,,val
CN1CCN(c2ccccc2CNc2cnn(C)c(=O)c2)CC1,,-6.853871964321762,,train
CN1CCN(c2cnc3nnn(Cc4ccc5ncccc5c4)c3n2)CC1,-4.600326278518962,,,train
CN1CCNC(=O)COc2ccc(F)cc2C(=O)N2CCCC[C@H]2c2cc3nc(N4CC(N)C4)cc1n3n2,,-5.481486060122113,,train
CN1CCNC(=O)COc2ccc(F)cc2C(=O)N2CCCC[C@H]2c2cc3nc(N4CC(O)C4)cc1n3n2,,-5.096910013008056,,train
CN1CCNC(=O)COc2ccc(F)cc2C(=O)N2CCCC[C@H]2c2cc3nc(N4CCC4)cc1n3n2,,-4.096910013008056,,train
CN1CCNC(=O)COc2ccc(F)cc2C(=O)N2CCCC[C@H]2c2cc3nc(N4CC[C@H](N)C4)cc1n3n2,,-6.522878745280337,,train
CN1CCNC(=O)COc2ccc(F)cc2C(=O)N2CCCC[C@H]2c2cc3nc([C@H]4C[C@@H](O)C4)cc1n3n2,,-4.552841968657781,,test
CN1CCNC(=O)COc2ccc(F)cc2C(=O)N2CCCC[C@H]2c2cc3nc([C@H]4C[C@H](O)C4)cc1n3n2,,-4.568636235841013,,val
CN1CCP(=O)(c2ccc(C(F)(F)F)cc2)CC1,-4.2839966563652006,,,val
CN1CC[C@@](NC(=O)c2ccc3c(C4CCCCC4)c(-c4ccccn4)n(C)c3c2)(C(=O)Nc2ccc(/C=C/C(=O)O)cc2)C1,-5.091514981121351,,,train
CN1CC[C@@]23CCCC[C@@H]2[C@@H]1Cc1ccc(O)cc13,,-5.267606240177032,,train
CN1CC[C@H](c2c(O)cc(O)c3c(=O)cc(-c4ccccc4Cl)oc23)[C@H](O)C1,,,-4.657577319177793,test
CN1CC[C@H]2CN(c3cccc4c3C[C@H](CN(C)[C@H]3CCCc5cccnc53)NC4)C[C@H]21,,-8.045757490560675,,train
CN1CC[C@](NC(=O)c2ccc3c(C4CCCCC4)c(-c4ccccn4)n(C)c3c2)(C(=O)Nc2ccc(/C=C/C(=O)O)cc2)C1,-5.10790539730952,,,train
CN1CC[C@]23CCCC[C@H]2[C@H]1Cc1ccc(O)cc13,,-5.036212172654444,,train
CN1CC[C@]23c4c5ccc(O)c4O[C@H]2C(=O)CC[C@@]3(O)[C@H]1C5,,-5.494850021680094,,train
CN1CC[C@]23c4c5ccc(O)c4O[C@H]2C(=O)CC[C@H]3[C@H]1C5,,-5.769551078621726,,val
CN1CC[C@]23c4c5ccc(O)c4O[C@H]2[C@@H](O)C=C[C@H]3[C@H]1C5,,-6.698970004336019,,train
CN1CCc2[nH]c3ccccc3c(=O)c2C1,,-4.6777807052660805,,train
CN1CCc2c(c3ccccc3n2Cc2ccc(C(=O)NO)cc2)C1,,-7.752026733638194,,test
CN1CCc2cccc(c2)[C@@H](Nc2ccc3c(N)ncc(F)c3c2)C(=O)N(C)Cc2cc(ccc2S(=O)(=O)C2CC2)NC1=O,,-6.657577319177793,,train
CN1C[C@@H]2CC[C@H]1CN2Cc1nc2c(oc3ccc(Br)cc32)c(=O)[nH]1,,,-6.889410289700751,train
CN1C[C@@H]2CN(c3cccc4c3C[C@H](CN(C)[C@H]3CCCc5cccnc53)NC4)C[C@@H]2C1,,-8.301029995663981,,train
CN1C[C@@H]2C[C@H]1CN2Cc1nc2c(oc3ccc(Br)cc32)c(=O)[nH]1,,,-7.167491087293763,train
CN1C[C@H]2C[C@@H](N(Cc3ccc(F)c(C(F)(F)F)c3)C(=O)c3cn(C)cn3)C[C@H]2C1,,,-4.886056647693163,train
CN1C[C@H]2C[C@@H](N(Cc3ccc(F)c(OC4CCCC4)c3)C(=O)c3cn(C)cn3)C[C@H]2C1,,,-4.982966660701219,train
CN1C[C@H]2C[C@@H](N(Cc3cccc(OC(F)(F)F)c3)C(=O)c3cn(C)cn3)C[C@H]2C1,,,-4.667561540084395,train
CN1Cc2c(Cl)cc(Cl)cc2C(c2ccc(NC(=O)NCP(=O)(O)O)cc2)C1,,-7.0,,test
CN1Cc2c(Cl)cc(Cl)cc2C(c2ccc(NC(=O)N[C@@H](CC(=O)O)C(=O)O)cc2)C1,,-6.698970004336019,,train
CN1Cc2c(Cl)cc(Cl)cc2C(c2ccc(NC(=O)N[C@@H](CCC(=O)O)C(=O)O)cc2)C1,,-6.698970004336019,,train
CN1Cc2c(Cl)cc(Cl)cc2C(c2ccc(NS(=O)(=O)NCCP(=O)(O)O)cc2)C1,,-6.251811972993799,,train
CN1Cc2c(Cl)cc(Cl)cc2C(c2ccc(S(=O)(=O)N(CC(=O)O)CP(=O)(O)O)cc2)C1,,-6.698970004336019,,train
CN1Cc2c(Cl)cc(Cl)cc2C(c2ccc(S(=O)(=O)N(CCC(=O)O)CCC(=O)O)cc2)C1,,-7.301029995663981,,train
CN1Cc2c(Cl)cc(Cl)cc2C(c2ccc(S(=O)(=O)NCCCCCCCCCCCCNS(=O)(=O)c3ccc(C4CN(C)Cc5c(Cl)cc(Cl)cc54)cc3)cc2)C1,,-7.397940008672037,,val
CN1Cc2c(Cl)cc(Cl)cc2C(c2ccc(S(=O)(=O)NCCOCCOCCNS(=O)(=O)c3ccc(C4CN(C)Cc5c(Cl)cc(Cl)cc54)cc3)cc2)C1,,-7.698970004336019,,train
CN1Cc2c(Cl)cc(Cl)cc2C(c2ccc(S(=O)(=O)NCc3ccc(CNS(=O)(=O)c4ccc(C5CN(C)Cc6c(Cl)cc(Cl)cc65)cc4)cc3)cc2)C1,,-7.698970004336019,,train
CN1Cc2c(Cl)cc(Cl)cc2C(c2ccc(S(=O)(=O)NCc3ccc(CP(=O)(O)O)cc3)cc2)C1,,-6.3979400086720375,,train
CN1Cc2c(Cl)cc(Cl)cc2C(c2ccc(S(=O)(=O)Nc3ccc(CP(=O)(O)O)cc3)cc2)C1,,-6.522878745280337,,train
CN1Cc2c(Cl)cc(Cl)cc2C(c2ccc(S(=O)(=O)Nc3ccc(P(=O)(O)O)cc3)cc2)C1,,-6.698970004336019,,train
CN1Cc2c(Cl)cc(Cl)cc2C(c2cccc(NC(=O)N[C@@H](CC(=O)O)C(=O)O)c2)C1,,-6.769551078621726,,train
CN1Cc2c(Cl)cc(Cl)cc2C(c2cccc(NC(=O)N[C@@H](CCC(=O)O)C(=O)O)c2)C1,,-7.0,,train
CN1Cc2c(Cl)cc(Cl)cc2C(c2cccc(NS(=O)(=O)NCCP(=O)(O)O)c2)C1,,-6.214670164989233,,train
CN1Cc2c(Cl)cc(Cl)cc2C(c2cccc(S(=O)(=O)N(CC(=O)O)CP(=O)(O)O)c2)C1,,-6.698970004336019,,train
CN1Cc2c(Cl)cc(Cl)cc2C(c2cccc(S(=O)(=O)NCCCS(=O)(=O)O)c2)C1,,-6.301029995663981,,val
CN1Cc2c(Cl)cc(Cl)cc2C(c2cccc(S(=O)(=O)NCCN(CCNS(=O)(=O)c3cccc(C4CN(C)Cc5c(Cl)cc(Cl)cc54)c3)CCNS(=O)(=O)c3cccc(C4CN(C)Cc5c(Cl)cc(Cl)cc54)c3)c2)C1,,-7.698970004336019,,train
CN1Cc2c(Cl)cc(Cl)cc2C(c2cccc(S(=O)(=O)Nc3ccc(CP(=O)(O)O)cc3)c2)C1,,-6.096910013008056,,train
CN1Cc2cc(Cl)ccc2-n2c(nnc2[C@H]2CC[C@H](Oc3ccccn3)CC2)C1,-4.366531544420414,,,train
CN1Cc2cc(NC(=O)c3cnn4cccnc34)c(N3CCOCC3)cc2C1=O,,,-4.950781977329818,train
CN1Cc2cc(NC(=O)c3cnn4cccnc34)c(N3CCOCC3)cc2S1(=O)=O,,,-4.761953896871205,train
CN1Cc2cc(ccc2S(=O)(=O)C2CC2)NC(=O)CCc2cccc(c2)[C@@H](Nc2ccc3c(N)ncc(F)c3c2)C1=O,,-6.920818753952375,,train
CN1Cc2ccc(Cl)cc2C(c2cccc(S(=O)(=O)NCCP(=O)(O)O)c2)C1,,-6.275724130399211,,train
CN1Cc2cccc(N3CCNCC3)c2C[C@@H]1CN(C)[C@H]1CCCc2cccnc21,,-8.522878745280337,,train
CN1Cc2ccccc2C(c2ccc(S(=O)(=O)NCCN(CCNS(=O)(=O)c3ccc(C4CN(C)Cc5c(Cl)cc(Cl)cc54)cc3)CCNS(=O)(=O)c3ccc(C4CN(C)Cc5c(Cl)cc(Cl)cc54)cc3)cc2)C1,,-7.522878745280337,,train
CN=S(=O)(NC)c1ccc(C(F)(F)F)cc1,-4.091514981121351,,,train
CN=S(=O)(c1ccc(C(F)(F)F)cc1)N(C)C,-4.154901959985743,,,train
CN=S(C)(=O)c1ccc(C(=O)Nc2ccc(C)c(Nc3nccc(-c4cccnc4)n3)c2)cc1,-4.769551078621726,,,val
CN=S(C)(=O)c1ccc(C(F)(F)F)cc1,-4.173925197299174,,,train
CN=[S+](C)([O-])c1ccc(Nc2ncc(C(F)(F)F)c(N[C@@H]3CCC[C@H]3N(C)C)n2)cc1,,,-5.297700763914462,train
CNC(=C[N+](=O)[O-])NCCSCc1ccc(CN(C)C)o1,-6.518181990092028,-6.719856517198537,,test
CNC(=O)C(=O)N1CCN(c2ccc(Nc3nc(NC4CCCCC4)c4nc[nH]c4n3)c(OC)c2)CC1,,-3.0096611452123985,,train
CNC(=O)C(=O)NCCCC/C=C\CCCCCCCCCC(=O)O,-5.275724130399211,,,train
CNC(=O)C(=O)NCCCC/C=C\CCCCCCCCCc1nnn[nH]1,-5.0,,,train
CNC(=O)C(=O)NCCCC/C=C\CCCCCCCOCC(=O)O,-4.549750891680639,,,train
CNC(=O)C(C)Nc1cc(=O)n(C)c2ccc(Nc3ccnc(Cl)c3C#N)cc12,,-6.698970004336019,,test
CNC(=O)C1CC(=O)C2=C(C1)NC(Nc1nc3ccccc3o1)=NC2c1ccccc1Cl,,-3.366168101158036,,train
CNC(=O)CN1CCN(c2cc3c(cc2NC(=O)c2cnn4cccnc24)CC(C)(C)O3)CC1,,,-4.886056647693163,val
CNC(=O)C[C@@H](C)c1ccn2ncnc(N[C@H]3CC[C@H](N4CCN(C(=O)OC)CC4)CC3)c12,-4.657577319177793,,,train
CNC(=O)Cn1cc(-c2ccc3c(c2)[C@H](F)C[C@]32NC(=O)N(CC(=O)N(Cc3ccc(F)cc3)[C@@H](C)C(F)(F)F)C2=O)cn1,,-6.091514981121351,,train
CNC(=O)N1CC(NC(=O)c2cnc(N)c3nc(-c4cccc(F)c4)ccc23)C1,,,-5.619788758288394,train
CNC(=O)N1CCC(CN2C[C@@H](c3ccccc3)N(C3CCN(C4(C)CCN(C(=O)c5c(C)cc(C#N)nc5C)CC4)CC3)C2=O)CC1,-6.154901959985743,,,test
CNC(=O)N1CCC(CN2C[C@@H](c3ccccc3)N(C3CCN(C4(C)CCN(C(=O)c5c(C)ncnc5C)CC4)CC3)C2=O)CC1,-7.0,,,train
CNC(=O)N1CCc2c(c(-c3cccc4cc(-c5cnn(C)c5)c(C(F)F)cc34)nn2C2CCOCC2)C1,,,-4.721246399047171,train
CNC(=O)Nc1ccc2c(c1)CC[C@@]21OC(=O)N(CC(=O)N(Cc2ccc(F)cc2)[C@@H](C)C(F)(F)F)C1=O,,-6.0,,train
CNC(=O)Nc1ccc2c(c1)[C@H](F)C[C@]21NC(=O)N(CC(=O)N(Cc2ccc(F)cc2)[C@@H](C)C(F)(F)F)C1=O,,-6.853871964321762,,test
CNC(=O)Oc1ccc(C[C@@H]2CS(=O)(=O)C[C@H](NCc3cccc(C(C)C)c3)[C@H]2O)cc1Br,,,-5.42021640338319,train
CNC(=O)[C@@H](NC(=O)[C@@](O)(CCCN(Cc1ccc(-c2ccccc2)cc1)NC(=O)[C@@H](NC(=O)OC)C(C)(C)C)Cc1ccccc1)C(C)(C)C,-4.6777807052660805,,,train
CNC(=O)[C@@H](NC(=O)[C@@](O)(CCCN(Cc1ccc(-c2cccnc2)cc1)NC(=O)[C@@H](NC(=O)OC)C(C)(C)C)Cc1ccccc1)C(C)(C)C,-6.0,,,val
CNC(=O)[C@@H](NC(=O)[C@@](O)(CCCN(Cc1ccc(-c2ccncc2)cc1)NC(=O)[C@@H](NC(=O)OC)C(C)(C)C)Cc1ccccc1)C(C)(C)C,-5.721246399047171,,,train
CNC(=O)[C@@H](NC(=O)[C@@](O)(CCCN(Cc1ccc(Br)cc1)NC(=O)[C@@H](NC(=O)OC)C(C)(C)C)Cc1ccccc1)C(C)(C)C,-5.337242168318426,,,train
CNC(=O)[C@@H](NC(=O)[C@@](O)(CCCN(Cc1ccc(C#Cc2cccnc2)cc1)NC(=O)[C@@H](NC(=O)OC)C(C)(C)C)Cc1ccccc1)C(C)(C)C,-5.214670164989233,,,train
CNC(=O)[C@@H](NC(=O)c1ccc(-c2ccc(CNc3nc4c(c(=O)[nH]3)CCC4)c(F)c2)o1)C(C)C,,-8.703334809738468,,train
CNC(=O)[C@@H](NC(=O)c1ccc(-c2ccc(CSc3nc4c(c(=O)[nH]3)CCC4)c(F)c2)o1)C(C)(C)C,,-7.137272471682025,,train
CNC(=O)[C@@H](NC(=O)c1ccc(-c2ccc(CSc3nc4c(c(=O)[nH]3)CCC4)c(F)c2)o1)C(C)C,,-5.623423042943488,,train
CNC(=O)[C@@H](NC(=O)c1ccc(-c2ccc(CSc3nc4c(c(=O)[nH]3)CCC4)c(F)c2)o1)C1CC1,,-7.675717544702307,,train
CNC(=O)[C@@H](NC(=O)c1csc(-c2ccc(CSc3nc4c(c(=O)[nH]3)CCC4)c(F)c2)n1)C(C)C,,-7.464705879957229,,train
CNC(=O)[C@@]12C[C@@H]1[C@@H](n1cnc3c(NCCc4ccc(OC)c(O)c4)nc(OCC(C)C)nc31)[C@H](O)[C@@H]2O,-6.292429823902063,,,train
CNC(=O)[C@@]12C[C@@H]1[C@@H](n1cnc3c(NCCc4ccc(OC)c(OC)c4)nc(C#Cc4ccc(Cl)s4)nc31)[C@H](O)[C@@H]2O,-6.356547323513813,,,train
CNC(=O)[C@H](Cc1ccccc1)NC(=O)[C@@H](N)Cc1ccccc1,-5.657577319177793,,,val
CNC(=O)[C@H]1CC[C@@]2(CNc3ncc(-c4ccc(N)c(C(=O)N(C)C)c4F)c(Cl)c32)C1,,,-6.096910013008056,train
CNC(=O)[C@H]1CC[C@H](Nc2cc(=O)[nH]c3ccc(-c4cncs4)cc23)CC1,,,-8.522878745280337,train
CNC(=O)[C@H]1CC[C@H](Nc2cc(=O)n(C)c3c(C)cc(-c4cncs4)cc23)CC1,,,-7.67778070526608,train
CNC(=O)[C@H]1CC[C@H](Nc2cc(=O)n(C)c3ccc(-c4cncs4)cc23)CC1,,,-8.00436480540245,train
CNC(=O)[C@H]1[C@@H](O)[C@@]2(O)c3ncc(Cl)cc3O[C@@]2(c2ccc(C#N)cc2)[C@@H]1c1ccccc1,-6.301029995663981,,,val
CNC(=O)c1c(-c2ccc(F)cc2)oc2cc(N(C)S(C)(=O)=O)c(-c3ccc4c(n3)-c3cc5c(F)cccc5n3CC4)cc12,,,-4.847711655616943,train
CNC(=O)c1c(-c2ccc(F)cc2)oc2cc(N(C)S(C)(=O)=O)c(-c3ccc4c(n3)-c3cc5c(F)cccc5n3CN4)cc12,,,-5.050609993355088,train
CNC(=O)c1c(-c2ccc(F)cc2)oc2cc(N(C)S(C)(=O)=O)c(-c3ccc4c(n3)-c3cc5c(F)cccc5n3CO4)cc12,,,-5.102372908709558,train
CNC(=O)c1c(-c2ccc(F)cc2)oc2cc(N(C)S(C)(=O)=O)c(-c3ccc4ccn5c6cccc(F)c6cc5c4n3)cc12,,,-5.721246399047171,train
CNC(=O)c1c(-c2ccc(F)cc2)oc2cc(N(C)S(C)(=O)=O)c(-c3ccc4ncn5c6cccc(F)c6cc5c4n3)cc12,,,-4.991399828238083,train
CNC(=O)c1c(O)c(NS(=O)(=O)c2cc(Br)ccc2O)cc(C2CC2)c1F,,,-4.889410289700751,train
CNC(=O)c1cc(C(=O)NC(C)C)cn(Cc2ccccc2)c1=O,,-6.481486060122113,,train
CNC(=O)c1cc(C(=O)NC)c(=O)n(Cc2ccccc2)c1,,-6.886056647693163,,val
CNC(=O)c1cc(C(=O)NC2CC2)c(C)n(Cc2ccccc2)c1=O,,-6.958607314841775,,val
CNC(=O)c1cc(C(=O)NC2CC2)cn(CC2CCCCC2)c1=O,,-6.721246399047171,,train
CNC(=O)c1cc(C(=O)NC2CC2)cn(CC2CCCCO2)c1=O,,-7.337242168318426,,train
CNC(=O)c1cc(C(=O)NC2CC2)cn(CC2CCCOC2)c1=O,,-7.657577319177793,,train
CNC(=O)c1cc(C(=O)NC2CC2)cn(CC2CCOCC2)c1=O,,-7.920818753952375,,train
CNC(=O)c1cc(C(=O)NC2CC2)cn(Cc2ccc(C)cc2)c1=O,,-6.455931955649724,,train
CNC(=O)c1cc(C(=O)NC2CC2)cn(Cc2ccc(F)cc2)c1=O,,-6.522878745280337,,train
CNC(=O)c1cc(C(=O)NC2CC2)cn(Cc2ccc(OC)cc2)c1=O,,-6.657577319177793,,train
CNC(=O)c1cc(C(=O)NC2CC2)cn(Cc2ccc3nc[nH]c3c2)c1=O,,-8.522878745280337,,test
CNC(=O)c1cc(C(=O)NC2CC2)cn(Cc2cccc(C#N)c2)c1=O,,-7.0,,train
CNC(=O)c1cc(C(=O)NC2CC2)cn(Cc2cccc(C)c2)c1=O,,-6.356547323513813,,train
CNC(=O)c1cc(C(=O)NC2CC2)cn(Cc2cccc(CCN3CCOCC3)c2)c1=O,,-7.167491087293763,,train
CNC(=O)c1cc(C(=O)NC2CC2)cn(Cc2cccc(F)c2)c1=O,,-6.522878745280337,,val
CNC(=O)c1cc(C(=O)NC2CC2)cn(Cc2cccc(OC)c2)c1=O,,-6.657577319177793,,train
CNC(=O)c1cc(C(=O)NC2CC2)cn(Cc2cccc([C@@H](C)O)c2)c1=O,,-7.468521082957745,,test
CNC(=O)c1cc(C(=O)NC2CC2)cn(Cc2cccc3[nH]c(C)nc23)c1=O,,-7.619788758288394,,test
CNC(=O)c1cc(C(=O)NC2CC2)cn(Cc2cccc3[nH]ccc23)c1=O,,-6.749579997691106,,train
CNC(=O)c1cc(C(=O)NC2CC2)cn(Cc2cccc3[nH]ncc23)c1=O,,-7.42021640338319,,train
CNC(=O)c1cc(C(=O)NC2CC2)cn(Cc2cccc3c2CCN3)c1=O,,-6.853871964321762,,train
CNC(=O)c1cc(C(=O)NC2CC2)cn(Cc2cccc3cc[nH]c23)c1=O,,-6.318758762624412,,train
CNC(=O)c1cc(C(=O)NC2CC2)cn(Cc2cccc3cn[nH]c23)c1=O,,-6.721246399047171,,train
CNC(=O)c1cc(C(=O)NC2CC2)cn(Cc2cccc3occc23)c1=O,,-6.3872161432802645,,train
CNC(=O)c1cc(C(=O)NC2CC2)cn(Cc2ccccc2)c1=O,,-6.698970004336019,,train
CNC(=O)c1cc(C(=O)NC2CC2)cn(Cc2ccccc2F)c1=O,,-6.657577319177793,,train
CNC(=O)c1cc(C(=O)NC2CC2)cn(Cc2nccc3[nH]ccc23)c1=O,,-8.154901959985743,,test
CNC(=O)c1cc(C(=O)NC2CC2)cn([C@H](C)c2ccccc2)c1=O,,-6.522878745280337,,train
CNC(=O)c1cc(C(=O)NC2CCC2)cn(Cc2cccc(NC)c2)c1=O,,-6.366531544420414,,train
CNC(=O)c1cc(C(=O)NC2CCC2)cn(Cc2ccccc2)c1=O,,-6.369572124974976,,train
CNC(=O)c1cc(C(=O)NC2CCC2)cn(Cc2ccccn2)c1=O,,-7.292429823902063,,train
CNC(=O)c1cc(C(=O)NC2CCC2)cn(Cc2cccnc2)c1=O,,-6.886056647693163,,train
CNC(=O)c1cc(C(=O)NC2CCC2)cn(Cc2ccncc2)c1=O,,-6.886056647693163,,train
CNC(=O)c1cc(C(=O)NC2CCOCC2)cn(Cc2ccccc2)c1=O,,-6.958607314841775,,train
CNC(=O)c1cc(C(=O)NCC(C)C)cn(Cc2ccccc2)c1=O,,-6.292429823902063,,test
CNC(=O)c1cc(C(=O)NCCC(C)C)cn(Cc2ccccc2)c1=O,,-6.275724130399211,,train
CNC(=O)c1cc(C(=O)NCCC2CCCNC2)cn(Cc2ccccc2)c1=O,,-8.522878745280337,,train
CNC(=O)c1cc(C(=O)NCCC2CCOCC2)cn(Cc2ccccc2)c1=O,,-6.769551078621726,,train
CNC(=O)c1cc(C(=O)NCCCC2CCCNC2)cn(Cc2ccccc2)c1=O,,-8.522878745280337,,train
CNC(=O)c1cc(C(=O)NCCCC2CNCCO2)cn(Cc2ccccc2)c1=O,,-7.823908740944319,,train
CNC(=O)c1cc(C(=O)NCCO)cn(Cc2ccccc2)c1=O,,-7.657577319177793,,train
CNC(=O)c1cc(C(=O)NCCOC)cn(Cc2ccccc2)c1=O,,-6.958607314841775,,val
CNC(=O)c1cc(C(N)=O)cn(Cc2ccccc2)c1=O,,-6.958607314841775,,train
CNC(=O)c1cc(C2(C#N)CCC2)cc(NS(=O)(=O)c2cc(Br)cc(Cl)c2O)c1O,,,-4.853871964321762,train
CNC(=O)c1cc(C2(C#N)CCC2)cc(NS(=O)(=O)c2cc(Br)ccc2O)c1O,,,-4.3448615651886175,train
CNC(=O)c1cc(Cl)cc(NS(=O)(=O)c2cc(Br)ccc2O)c1O,,,-4.777283528852417,train
CNC(=O)c1cc(OC)ccc1CC(=O)N1CCC2(CC1)CN([C@@H]1CCc3cc(-c4cc(C)ncn4)ccc31)C2,,,-4.886056647693163,train
CNC(=O)c1cc(Oc2ccc(NC(=O)Nc3ccc(Cl)c(C(F)(F)F)c3)cc2)ccn1,-4.785156151952302,,,test
CNC(=O)c1cc(S(=O)(=O)N2CCS[C@H]2C(=O)O[C@@H](Cc2c(Cl)c[n+]([O-])cc2Cl)c2ccc(OC(F)F)c(OCC3CC3)c2)cn1C,-7.899629454882437,,,train
CNC(=O)c1cc([C@@H](C)Nc2cc(F)cc(F)c2)c2oc(N3CCOCC3)cc(=O)c2c1,-5.455931955649724,,,train
CNC(=O)c1cc2c(-c3cc(C(C)(C)O)ccc3Oc3c(C)cc(F)cc3C)cn(C)c(=O)c2[nH]1,,-6.259637310505756,-6.259637310505756,val
CNC(=O)c1ccc(-c2cc3cccc(-c4nn(C5CCOCC5)c5c4CN(C(C)=O)CC5)c3cn2)cn1,,,-4.920818753952375,train
CNC(=O)c1ccc(-c2ccc(O[C@H]3O[C@H](CO)[C@@H](O)[C@H](O)[C@@H]3O)cc2)cc1,-5.958607314841775,,,val
CNC(=O)c1ccc(-c2cnc3ncn(C(C)c4cc5cccnc5cc4F)c3n2)cc1F,-4.400116927926312,,,train
CNC(=O)c1ccc(=O)n(Cc2cc(Br)ccc2F)c1,,-6.585026652029182,,train
CNC(=O)c1ccc(=O)n(Cc2ccccc2)c1,,-7.236572006437063,,train
CNC(=O)c1ccc(C(=O)Nc2ccc(C)c(Nc3nccc(-c4cccnc4)n3)c2)cc1,-5.096910013008056,,,train
CNC(=O)c1ccc(C(F)(F)F)cc1,-4.251811972993799,,,train
CNC(=O)c1ccc(C(c2nnnn2Cc2ccccc2)N2CCCN(C3CCC3)CC2)cc1,-6.522878745280337,,,train
CNC(=O)c1ccc(Nc2cc(Nc3ccc(F)cn3)ncc2C(=O)NC)c(OC)c1,-7.823908740944319,,,train
CNC(=O)c1ccc(Nc2nc(N)n(C(=O)Nc3ccc(-c4cc(OCc5ccccc5)cc(C(=O)O)c4)cc3)n2)cc1,,-6.012780770091995,,test
CNC(=O)c1ccc(Nc2nc(N)n(C(=O)Nc3ccc(-c4ccc(OCc5ccccc5)c(C(=O)O)c4)cc3)n2)cc1,,-6.619788758288394,,train
CNC(=O)c1ccc(Oc2ccc(C#C[C@]3(O)CN4CCC3CC4)cc2)cc1,-4.638272163982407,,,train
CNC(=O)c1ccc(Oc2ccc(S(=O)(=O)C3(C(=O)NO)CCC4(CCNCC4)C3)cc2)cc1,,-11.0,,train
CNC(=O)c1ccc2[nH]nc(Cc3ccc(-c4cnn(C)c4)cc3)c2c1,-4.3851027839668655,,,train
CNC(=O)c1ccc2[nH]nc(Cc3ccc4c(cnn4C)c3)c2c1,-4.480172006224281,,,train
CNC(=O)c1ccc2nc(C(F)(F)F)n(C)c2c1,-4.836242476018044,,,train
CNC(=O)c1cccc(N[C@@H](C(=O)N2CCC[C@@H]2c2cc(NC(=O)OC)ccc2S(=O)(=O)C(C)C)c2ccc(OC)c(OC)c2)c1,,-7.0,,train
CNC(=O)c1cccn(Cc2ccccc2)c1=O,,-6.22548303427145,,train
CNC(=O)c1ccnc(NC(=O)C2=C(C)NC(Nc3nc4ccccc4o3)=NC2c2ccccc2Cl)c1,,-3.374790474618119,,train
CNC(=O)c1cn(C[C@H](F)CCc2ccc(NC(=O)Cc3cc(-c4cccc(OC(F)(F)F)c4)ccn3)nn2)nn1,-5.236572006437063,,,train
CNC(=O)c1cn(C[C@H](F)CCc2ccc(NC(=O)Cc3cc(C(F)(F)F)cc(C)n3)nn2)nn1,-5.113509274827519,,,test
CNC(=O)c1cn(C[C@H](F)CCc2ccc(NC(=O)Cc3cc(OC4CC(F)(F)C4)cc(C)n3)nn2)nn1,-5.2839966563652006,,,train
CNC(=O)c1cn(C[C@H](F)CCc2ccc(NC(=O)Cc3cc(OC4CC(F)(F)C4)ccn3)nn2)nn1,-5.744727494896694,,,train
CNC(=O)c1cnc(NC(=O)C2CC2)cc1Nc1cccc(-c2ncn(C)n2)c1OC,-7.638272163982407,,,train
CNC(=O)c1cnc(NC(=O)C2CC2)cc1Nc1ccccc1S(C)(=O)=O,-7.769551078621726,,,train
CNC(=O)c1cnc(Nc2cc(C)c(F)cn2)cc1Nc1cccc(C(N)=O)c1OC,-7.823908740944319,,,test
CNC(=O)c1cnc(Nc2cc(C)ccn2)cc1Nc1ccccc1S(C)(=O)=O,-7.187086643357144,,,train
CNC(=O)c1cnc(Nc2cc(C)nc(C)n2)cc1Nc1cccc(-c2ncn(C)n2)c1OC,-7.823908740944319,,,test
CNC(=O)c1cnc(Nc2ccc(C#N)cn2)cc1Nc1cccc(-c2ncn(C)n2)c1OC,-7.744727494896693,,,train
CNC(=O)c1cnc(Nc2ccc(C(F)(F)F)cn2)cc1Nc1cccc(-c2ncn(C)n2)c1OC,-7.795880017344075,,,train
CNC(=O)c1cnc(Nc2ccc(C)nn2)cc1Nc1ccccc1S(C)(=O)=O,-7.823908740944319,,,val
CNC(=O)c1cnc(Nc2ccc(F)cn2)cc1Nc1ccc(F)c(F)c1OC,-7.387216143280264,,,train
CNC(=O)c1cnc(Nc2ccc(F)cn2)cc1Nc1cccc(C(=O)NC)c1OC,-7.301029995663981,,,train
CNC(=O)c1cnc(Nc2ccc(F)cn2)cc1Nc1cccc(C(=O)O)c1OC,-7.823908740944319,,,train
CNC(=O)c1cnc(Nc2ccc(F)cn2)cc1Nc1ccccc1,-6.533132379645891,,,train
CNC(=O)c1cnc(Nc2ccc(F)cn2)cc1Nc1ccccc1C(N)=O,-7.823908740944319,,,train
CNC(=O)c1cnc(Nc2ccc(F)cn2)cc1Nc1ccccc1OC,-6.573488738635425,,,train
CNC(=O)c1cnc(Nc2ccc(F)cn2)cc1Nc1ccccc1S(C)(=O)=O,-7.318758762624412,,,train
CNC(=O)c1cnc(Nc2ccc(F)cn2)cc1Nc1ccccc1SC,-7.102372908709558,,,test
CNC(=O)c1cnc(Nc2ccc(N3CCOCC3)cn2)cc1Nc1ccccc1S(C)(=O)=O,-7.823908740944319,,,val
CNC(=O)c1cnc(Nc2ccc(OC)cn2)cc1Nc1ccccc1S(C)(=O)=O,-7.537602002101044,,,train
CNC(=O)c1cnc(Nc2ccc3ncsc3c2)cc1NC(C)C,-6.6777807052660805,,,train
CNC(=O)c1cnc(Nc2ccc3ncsc3c2)cc1N[C@@H](c1ccccc1)[C@H](O)CO,-7.823908740944319,,,train
CNC(=O)c1cnc(Nc2ccc3ncsc3c2)cc1N[C@H](CO)Cc1ccccc1,-7.823908740944319,,,train
CNC(=O)c1cnc(Nc2ccccn2)cc1Nc1ccccc1S(C)(=O)=O,-6.991399828238083,,,test
CNC(=O)c1ncn(-c2ccc(NC(=O)C3CCN(c4ncccc4Cl)CC3)cc2Cl)n1,-5.086186147616283,,,val
CNC(=O)c1nnc2ccc(-c3ccc(COC)nc3)cc2c1N[C@@H](C)C1CCOCC1,-6.301029995663981,,,train
CNC(=O)c1nnc2ccc(-c3ccc(OCCCN(C)C)nc3)cc2c1N[C@@H](C)C1CCOCC1,-5.585026652029182,,,train
CNC(=O)c1nnc2ccc(-c3ccc(OCCCN(C)C)nc3)cc2c1N[C@@H](C)c1nn(C)cc1C,-5.795880017344075,,,test
CNC(=S)N1CN(CCc2ccccc2)C(=O)c2cc(F)ccc21,,-3.7931741239681513,,train
CNC(C)c1cc(C)c(-c2cc3c(-c4cnn(C)c4)n[nH]c3cn2)c(F)c1,-6.698970004336019,,,train
CNC1(c2ccc(N3CCc4c(C#N)nn(-c5ccc(OC)cc5)c4C3=O)cc2)CC1,-6.958607314841775,,,val
CNC1(c2ccc(N3CCc4c(C(F)(F)F)nn(-c5ccc(OC)cc5)c4C3=O)cc2)CC1,-7.309803919971486,,,train
CNC1(c2ccc(N3CCc4c(C(N)=O)nn(-c5ccc(OC)cc5)c4C3=O)cc2)CC1,-7.4089353929735005,,,train
CNC1CN(c2cc3n4nc(cc4n2)[C@@H]2CCCCN2C(=O)c2cc(F)ccc2OCC(=O)NCCN3C)C1,,-5.229147988357856,,train
CNCC1(c2ccc(N3CCC4C(S(C)(=O)=O)=NN(c5ccc(OC)cc5)C4C3=O)cc2)CC1,-9.0,,,val
CNCC1(c2ccc(N3CCc4c(C#N)nn(-c5ccc(OC)cc5)c4C3=O)cc2)CC1,-8.221848749616356,,,train
CNCC1(c2ccc(N3CCc4c(C(F)(F)F)nn(-c5ccc(OC)cc5)c4C3=O)cc2)CC1,-7.585026652029182,,,test
CNCC1(c2ccc(N3CCc4c(C(N)=O)nn(-c5ccc(OC)cc5)c4C3=O)cc2)CC1,-9.0,,,train
CNCCC(Oc1ccc(C(F)(F)F)cc1)c1ccccc1,-5.6777807052660805,,,train
CNCCCN1c2ccccc2CCc2ccccc21,,-4.8914365030022875,,train
CNCCCc1cccc(CCc2cc(C)cc(N)n2)c1,-5.4089353929735005,,,test
CNCCN(C)CC(O)c1cc(C(F)(F)F)nc2c(C(F)(F)F)cccc12,,,-5.247183568811729,train
CNCCN(CC(O)c1cc(C(F)(F)F)nc2c(C(F)(F)F)cccc12)CC(O)c1cc(C(F)(F)F)nc2c(C(F)(F)F)cccc12,,,-6.522878745280337,train
CNCCNC(=O)C1=C(C)NC(Nc2nc3ccc(F)cc3o2)=NC1c1ccccc1Cl,,-4.522878745280337,,val
CNCC[C@@H](Oc1ccccc1C)c1ccccc1,-6.359518563029578,,,train
CNCC[C@H](Oc1cccc2ccccc12)c1cccs1,-4.823908740944319,,,test
CNC[C@H](NC(=O)[C@@H](NC(=O)[C@@H]1CCCN1C(=O)CCC(C)C)C(C)C)C(=O)N[C@@H](CC1CCCC1)C(=O)N[C@@H](C)c1nc2cccc(-c3ccccc3)c2[nH]1,-5.705533773838408,,,train
CNC[C@H]1CCCC[C@]1(O)c1cccc(OC)c1,,-4.872895201635193,,train
CNC[C@H]1[C@@H](O)[C@@]2(O)c3c(OC)cncc3O[C@@]2(c2ccc(C#N)cc2)[C@@H]1c1ccccc1,-6.522878745280337,,,train
CNCc1c(Cl)cccc1Cn1c(=S)[nH]c(=O)c2[nH]ccc21,-4.721246399047171,,,train
CNCc1cc(C#N)cc(OCc2ccc3ccc(N)nc3c2)c1,-5.036212172654444,,,train
CNCc1cc(C(=O)N(C)C)ccc1Oc1ccc(Cl)cc1C,,-4.721246399047171,,train
CNCc1cc(C(=O)N(C)C)ccc1Oc1ccc(Cl)cc1Cl,,-4.853871964321762,,train
CNCc1cc(C(=O)N(C)C)ccc1Oc1ccc(Cl)cc1OC,,-4.823908740944319,,train
CNCc1cc(C(=O)NC)ccc1Oc1ccc(Cl)cc1OC,,-4.853871964321762,,train
CNCc1cc(C(N)=O)ccc1Oc1ccc(Cl)cc1Cl,,-5.0,,train
CNCc1cc(C(N)=O)ccc1Oc1ccc(Cl)cc1OC,,-4.958607314841775,,test
CNCc1cc(C)c(-c2cc3c(-c4cnn(C)c4)n[nH]c3cn2)c(F)c1,-5.958607314841775,,,train
CNCc1cc(Cl)ccc1Cn1c(=S)[nH]c(=O)c2[nH]ccc21,-4.769551078621726,,,train
CNCc1cc(F)c(-c2cc3c(-c4cnn(C)c4)n[nH]c3cn2)c(C(F)(F)F)c1,-5.795880017344075,,,train
CNCc1cc(F)c(-c2cc3c(-c4cnn(C)c4)n[nH]c3cn2)c(F)c1,-6.154901959985743,,,test
CNCc1cc(F)c(-c2cc3c(-c4cnn(C)c4)n[nH]c3cn2)c(OC)c1,-6.698970004336019,,,train
CNCc1cc(N2CCCS2(=O)=O)ccc1Oc1ccc(Cl)cc1C,,-5.568636235841013,,train
CNCc1cc(NS(C)(=O)=O)ccc1Oc1ccc(Cl)cc1C,,-5.657577319177793,,train
CNCc1cc(OCc2ccc3ccc(N)nc3c2)ccc1Cl,-5.638272163982407,,,train
CNCc1ccc(-c2c3ncn(CC4(O)CCN(Cc5ccc(-c6ccco6)cc5Cl)CC4)c(=O)c3nn2C)cc1,-5.97469413473523,,,train
CNCc1ccc(Cl)cc1Cn1c(=S)[nH]c(=O)c2[nH]ccc21,-5.017728766960432,,,train
CNCc1ccc(NC(=O)c2cc(C)n(Cc3cc(Cl)ccc3OCc3ccccc3)n2)cc1,,,-6.497572880015567,train
CNCc1cccc(-c2cc(F)cc(CCc3cc(C)cc(N)n3)c2)c1,-6.096910013008056,,,train
CNCc1cccc(-c2cncc(CCc3cc(C)cc(N)n3)c2)c1,-6.154901959985743,,,train
CNCc1cccc(OCc2ccc3c(C)cc(N)nc3c2)c1,-5.1487416512809245,,,val
CNS(=N)(=O)c1ccc(C(F)(F)F)cc1,-4.154901959985743,,,train
CNS(=O)(=O)Cc1ccc2[nH]cc(CCN(C)C)c2c1,-5.823908740944319,,,train
CNS(=O)(=O)Nc1cccc(Cc2c(C)c3cc(Cl)c(OC(=O)N(C)C)cc3oc2=O)c1,,-5.3979400086720375,,train
CNS(=O)(=O)c1ccc(-c2ccc(O[C@H]3O[C@H](CO)[C@@H](O)[C@H](O)[C@@H]3O)cc2)cc1,-6.552841968657781,,,train
CNS(=O)(=O)c1ccc(C(=O)N2CCOc3ccc(-c4ccc5nc[nH]c5c4)cc3C2)cc1,,,-7.376750709602099,train
CNS(=O)(=O)c1ccc(C(=O)Nc2ccc(C)c(Nc3nccc(-c4cccnc4)n3)c2)cc1,-5.154901959985743,,,train
CNS(=O)(=O)c1ccc(C(F)(F)F)cc1,-4.443697499232713,,,train
CNS(=O)(=O)c1ccc(CC(=O)Nc2cc(-c3cc(C#N)cnc3OC)cs2)cc1,-6.187086643357144,,,train
CNS(=O)(=O)c1ccc(N2CCOCC2)c(C(=O)N2CCN(c3ccc(C(C)=O)cc3F)CC2)c1,,-5.275724130399211,,train
CNS(=O)(=O)c1ccc(Nc2ncc(C(F)(F)F)c(N[C@@H]3CCC[C@H]3N(C)C)n2)cc1,,,-5.275724130399211,train
CNS(=O)(=O)c1ccc(Oc2cc(OC(C)C)cc(-c3nccc(=O)[nH]3)c2)cc1,,,-4.823908740944319,train
CNS(=O)(=O)c1ccc(Oc2cc(O[C@@H](C)CO)cc(-c3ncc(C)c(=O)[nH]3)c2)cc1,,,-5.795880017344075,val
CNS(=O)(=O)c1cccc(C(=O)N2CCC(CCN3C4CCC3CC(n3c(C)nc5ccccc53)C4)(c3ccccc3)CC2)c1,,,-8.337242168318426,train
CN[C@@H](Cc1ccccc1)C(=O)N(C)[C@@H](Cc1ccccc1)C(=O)N(C)[C@@H](Cc1ccccc1)C(=O)N(C)[C@@H](Cc1ccccc1)C(=O)O,,-5.853871964321762,,train
CN[C@@H](Cc1ccccc1)C(=O)N(C)[C@@H](Cc1ccccc1)C(=O)N(C)[C@@H](Cc1ccccc1)C(=O)N(C)[C@@H](Cc1ccccc1)C(N)=O,,-5.130768280269024,,test
CN[C@@H](Cc1ccccc1)C(=O)N[C@@H](Cc1ccccc1)C(N)=O,-4.856985199745905,,,train
CN[C@@H](Cn1c(=O)c(-c2cccc(OCCCCC(=O)O)c2F)c(C)n(Cc2c(F)cccc2C(F)(F)F)c1=O)c1ccccc1,-5.920818753952375,,,train
CN[C@@H]1CC[C@H](N2CC[C@H](NC(=O)c3cccc(C(C)(C)C)n3)C2=O)[C@H](NC(C)=O)C1,,-7.522878745280337,,train
CN[C@@H]1CC[C@H](N2CC[C@H](Nc3ncnc4ccc(C(F)(F)F)cc34)C2=O)[C@H](NC(C)=O)C1,,-6.628932137728264,,train
CN[C@H](C)c1cc(Cl)ccc1Cn1c(=S)[nH]c(=O)c2[nH]ccc21,-4.721246399047171,,,train
CN[C@H](CNc1cc(F)c(S(=O)(=O)Nc2ncc(F)s2)cc1Cl)CC(C)(C)C,,,-5.096910013008056,train
CN[C@H](CNc1cc(F)c(S(=O)(=O)Nc2ncc(F)s2)cc1Cl)CC1(C)CC1,,,-5.154901959985743,train
CN[C@H](CNc1cc(F)c(S(=O)(=O)Nc2ncc(F)s2)cc1Cl)CC12CC(C1)C2,,,-5.0,train
CN[C@H](CNc1cc(F)c(S(=O)(=O)Nc2ncc(F)s2)cc1Cl)CC1CC1,,,-5.522878745280337,train
CN[C@H](CNc1cc(F)c(S(=O)(=O)Nc2ncc(F)s2)cc1Cl)CC1CCC1,,,-5.301029995663981,train
CN[C@H](CNc1cc(F)c(S(=O)(=O)Nc2ncc(F)s2)cc1Cl)Cc1ccccc1,,,-5.096910013008056,train
CN[C@H](CNc1cc(F)c(S(=O)(=O)Nc2nccs2)cc1Cl)Cc1ccccc1,,,-5.0,train
CNc1c(C)c(C)nc2cc([C@@H]3CCCCN3C(=O)c3cc(C)ccc3NS(C)(=O)=O)nn12,-4.853871964321762,,,train
CNc1c(C)c(C)nc2cc([C@@H]3CCCCN3C(=O)c3ccccc3NS(C)(=O)=O)nn12,-4.823908740944319,,,test
CNc1cc(-c2cccc(Cl)c2Cl)nc(N)n1,,,-4.522878745280337,train
CNc1cc(-c2nc(=O)n(CCC3CCCO3)c3c2oc2ncc(-c4cnn(C)c4)cc23)ccn1,-5.0655015487564325,,,test
CNc1cc(C)nc(Nc2ccc(OC)c(C3=CCN(C)CCC3)c2)n1,,,-5.075720713938119,train
CNc1cc(C)nc(Nc2ccc(OC)c(C3=CCNCCC3)c2)n1,,,-5.853871964321762,test
CNc1cc(C)nc(Nc2ccc(OC)c(OCCCN3CCCC3)c2)n1,,,-5.508638306165728,train
CNc1cc(N2CCC3(CC2)CN(c2cc(F)c(CN4CCC(C)(C)CC4)cc2F)CC(=O)N3)ncn1,-4.920818753952375,,,test
CNc1cc(N2CCC3(CC2)CN(c2ccc(CN4CCC(C)(C)CC4)c(F)c2)CC(=O)N3)ncn1,-5.522878745280337,,,train
CNc1cc(N2CCC3(CC2)CN(c2ccc(CN4CCC(C)(C)CC4)cc2)CC(=O)N3)ncn1,-5.698970004336019,,,train
CNc1cc(N2CCC3(CC2)CN(c2ccc(CN4CCC(C)(C)CC4)cc2F)CC(=O)N3)ncn1,-5.045757490560675,,,train
CNc1cc(Nc2cnc(C#N)c(O[C@H](C)CN(C)C)n2)ncc1-c1cnn(C)c1,-5.055517327849832,,,train
CNc1cc(Nc2cnc(C#N)c(O[C@H](C)CN(C)C)n2)ncc1C(F)(F)F,-5.337242168318426,,,train
CNc1ccc(-c2nc(=O)n(C(C)CC3CCCO3)c3c2oc2ncc(-c4cnn(C)c4)cc23)cn1,-4.853871964321762,,,train
CNc1ccc(-c2nc(=O)n(CCC3(C)CCCO3)c3c2oc2ncc(-c4cnn(C)c4)cc23)cn1,-5.356547323513813,,,train
CNc1ccc(-c2nc(=O)n(CCC3CC(C)(C)CO3)c3c2oc2ncc(-c4cnn(C)c4)cc23)cn1,-5.4089353929735005,,,train
CNc1ccc(-c2nc(=O)n(CCC3CCC(C)O3)c3c2oc2ncc(-c4cnn(C)c4)cc23)cn1,-5.318758762624413,,,train
CNc1ccc(-c2nc(=O)n(CCC3CCCCO3)c3c2oc2ncc(-c4cnn(C)c4)cc23)cn1,-5.1938200260161125,,,train
CNc1ccc(-c2nc(=O)n(CCC3CCCO3)c3c2oc2ccc(-c4cnn(C)c4)cc23)cn1,-5.508638306165728,,,train
CNc1ccc(-c2nc(=O)n(CCC3CCCO3)c3c2oc2ncc(-c4cnn(C)c4)cc23)cn1,-5.6020599913279625,,,train
CNc1ccc(-c2nc(=O)n(CCC3CCCO3)c3c2oc2ncc(-c4cnn(C)c4)cc23)nc1,-7.0,,,train
CNc1ccc(-c2nc(=O)n(CCC3CCOCC3)c3c2oc2ncc(-c4cnn(C)c4)cc23)cn1,-6.180456064458132,,,train
CNc1ccc(-c2nc(=O)n(CCCOC)c3c2oc2ccc(-c4cnn(C)c4)cc23)cn1,-5.795880017344075,,,train
CNc1ccc(-c2nc(=O)n(CC[C@@H]3CCCO3)c3c2oc2ncc(-c4cnn(C)c4)cc23)cn1,-5.552841968657781,,,val
CNc1ccc(-c2nc(=O)n(CC[C@H]3CCCO3)c3c2oc2ncc(-c4cnn(C)c4)cc23)cn1,-5.698970004336019,,,train
CNc1ccccc1OCCNCC1(F)CCN(C(=O)c2ccc(F)c(Cl)c2)CC1,,-5.173925197299174,,train
CNc1ccn2ncc(C(=O)Nc3cc(C)nn3-c3cccc(Cl)c3)c2n1,,,-4.82102305270683,train
CNc1cnc(-c2nc(=O)n(CCC3CCCO3)c3c2oc2ncc(-c4cnn(C)c4)cc23)cn1,-6.522878745280337,,,train
CNc1nc(NCc2ccc(NC(=O)c3ccc(-c4ccccc4)cc3)cc2)c2ccccc2n1,,-5.920818753952375,,train
CNc1nc(NCc2ccc(NC(=O)c3ccc(C#N)cc3)cc2)c2ccccc2n1,,-6.698970004336019,,train
CNc1nc(NCc2ccc(NC(=O)c3ccc(C(F)(F)F)cc3)cc2)c2ccccc2n1,,-5.275724130399211,,train
CNc1nc(NCc2ccc(NC(=O)c3ccc(C)cc3)cc2)c2ccccc2n1,,-5.236572006437063,,test
CNc1nc(NCc2ccc(NC(=O)c3ccc(Cl)cc3)cc2)c2c(C)cccc2n1,,-6.045757490560675,,train
CNc1nc(NCc2ccc(NC(=O)c3ccc(Cl)cc3)cc2)c2cc(C)ccc2n1,,-5.619788758288394,,train
CNc1nc(NCc2ccc(NC(=O)c3ccc(Cl)cc3)cc2)c2ccccc2n1,,-5.853871964321762,,test
CNc1nc(NCc2ccc(NC(=O)c3ccc(Cl)nc3)cc2)c2c(C)cccc2n1,,-6.698970004336019,,train
CNc1nc(NCc2ccc(NC(=O)c3ccc(Cl)nc3)cc2)c2ccc(C)cc2n1,,-6.522878745280337,,train
CNc1nc(NCc2ccc(NC(=O)c3ccc(Cl)nc3)cc2)c2cccc(C)c2n1,,-5.853871964321762,,train
CNc1nc(NCc2ccc(NC(=O)c3ccc(F)cc3)cc2)c2c(C)cccc2n1,,-5.585026652029182,,train
CNc1nc(NCc2ccc(NC(=O)c3ccc(F)cc3)cc2)c2cc(C)ccc2n1,,-5.886056647693163,,train
CNc1nc(NCc2ccc(NC(=O)c3ccc(F)cc3)cc2)c2cccc(C)c2n1,,-5.376750709602099,,test
CNc1nc(NCc2ccc(NC(=O)c3ccc(F)cc3)cc2)c2ccccc2n1,,-5.376750709602099,,test
CNc1nc(NCc2ccc(NC(=O)c3cccc(Cl)c3)cc2)c2ccccc2n1,,-5.522878745280337,,train
CNc1nc(OCCOC)nc2c1CN(C(=O)c1cc(C(C)C)c(O)cc1O)CC2,,-4.2403321553103694,,val
CNc1nc(OCCOC)nc2c1[nH]c(=O)n2Cc1ccccc1,-5.2839966563652006,,,train
CNc1nc2ccccc2n1-c1nc(N2CCOC[C@H]2C)cc(C2(S(C)(=O)=O)CC2)n1,-4.275724130399211,,,train
CNc1nc2ccccc2n1-c1nc(N2CCOC[C@H]2C)cc(C2([S@](C)(=N)=O)CC2)n1,-5.096910013008056,,,val
CNc1nc2nc3c1[nH]c(=O)n3Cc1cccc(c1)OCCCCCO2,-5.086186147616283,,,train
CNc1nc2nc3c1[nH]c(=O)n3Cc1cccc(c1)OCCCCO2,-5.221848749616356,,,train
CNc1nc2nc3c1[nH]c(=O)n3Cc1cccc(c1)OCCN(C)C(=O)CO2,-8.522878745280337,,,train
CNc1nc2nc3c1[nH]c(=O)n3Cc1cccc(c1)OCCNC(=O)CO2,-8.698970004336019,,,train
CNc1nc2nc3c1[nH]c(=O)n3Cc1cccc(c1)OCCOCCO2,-5.494850021680094,,,train
CNc1nc2sc3c(NCCN4CCOCC4)ncnc3c2c2c1CCC(C)(C)C2,-4.863279432843593,,,train
CNc1ncc2cc(-c3ccc(-c4cccc(C)n4)cc3Cl)c(=O)n(CC3COC4(CNC4)OC3)c2n1,,,-6.0,train
CNc1ncc2cc(-c3ccc(-c4cccc(C)n4)cc3Cl)c(=O)n(C[C@H]3OC[C@H](N)CO3)c2n1,,,-5.619788758288394,train
CNc1ncc2cc(-c3ccc(-c4cccc(C)n4)cc3Cl)c(=O)n(C[C@H]3OC[C@H](NC)CO3)c2n1,,,-6.3979400086720375,train
CNc1ncc2cc(-c3ccc(-c4cncc(C)n4)cc3Cl)c(=O)n(C[C@H]3CC[C@H](N)CC3)c2n1,,,-6.3979400086720375,train
CNc1ncc2cc(-c3ccc(-c4cncc(C)n4)cc3Cl)c(=O)n(C[C@H]3CNCCO3)c2n1,,,-5.455931955649724,train
CNc1ncc2cc(-c3ccc(-n4cccc(C)c4=O)cc3Cl)c(=O)n(CC(F)(F)CN)c2n1,,,-5.075720713938119,train
CNc1ncc2cc(-c3ccc(-n4cccc(C)c4=O)cc3Cl)c(=O)n(CC3CCNCC3(F)F)c2n1,,,-5.013228265733756,train
CNc1ncc2cc(-c3ccc(-n4cccc(C)c4=O)cc3Cl)c(=O)n(CCC3(F)CN(C)C3)c2n1,,,-5.161150909262744,train
CNc1ncc2cc(-c3ccc(-n4cccc(C)c4=O)cc3Cl)c(=O)n(CCCN)c2n1,,,-7.0,train
CNc1ncc2cc(-c3ccc(-n4cccc(C)c4=O)cc3Cl)c(=O)n(CCO)c2n1,,,-5.259637310505756,train
CNc1ncc2cc(-c3ccc(-n4cccc(C)c4=O)cc3Cl)c(=O)n(CCOC)c2n1,,,-4.568636235841013,train
CNc1ncc2cc(-c3ccc(-n4cccc(C)c4=O)cc3Cl)c(=O)n(CCOC3CN(C)C3)c2n1,,,-6.698970004336019,train
CNc1nccc(-c2n[nH]c3nc(N4CCC(C)(N)CC4)cnc23)c1Cl,,,-5.376750709602099,train
CNc1nccc(N2CC[C@H](NC(=O)Nc3ccc(C)c(Cl)c3)C2)n1,,,-5.4089353929735005,train
CNc1nccc(N2CC[C@H](NC(=O)Nc3ccc(CN4CCN(C)CC4)c(C(F)(F)F)c3)C2)n1,,,-5.3872161432802645,train
CNc1nccc(N2CC[C@H](NC(=O)Nc3ccc(CN4CCOCC4)c(C(F)(F)F)c3)C2)n1,,,-4.906578314837765,test
CNc1nccc(N2CC[C@H](NC(=O)Nc3ccc(Cl)c(C(F)(F)F)c3)C2)n1,,,-5.4089353929735005,train
CO/N=C(\C(=O)N[C@@H]1C(=O)N2C(C(=O)O)=C(COC(N)=O)CS[C@H]12)c1ccco1,,-6.522878745280337,,train
CO/N=C(\C(=O)N[C@@H]1C(=O)N2C(C(=O)O)=C(CSc3nc(=O)c(O)nn3C)CS[C@H]12)c1csc(N)n1,,-6.710108201691595,,train
COC(=O)C1=C(C)NC(C)=C(C(=O)OCCN(C)Cc2ccccc2)C1c1cccc([N+](=O)[O-])c1,-5.301029995663981,,,test
COC(=O)C1CCN(c2cc(Cl)c(C(=O)Nc3cc(-c4nc5ccccc5s4)ccc3C)cc2[N+](=O)[O-])CC1,,-4.619788758288394,,train
COC(=O)C1CCN(c2cc(Cl)c(C(=O)Nc3cc(-c4nc5ccccc5s4)ccc3OC)cc2[N+](=O)[O-])CC1,,-6.0,,val
COC(=O)C1CCN(c2ccc3c(=O)n(C(c4ccccc4)c4ccccc4)c(=O)n(C/C=C/COc4ccc(C(=O)O)cc4)c3c2)CC1,,-6.0,,train
COC(=O)CC[C@H]1NC(=O)[C@H]2CCCN2C(=O)[C@H](CC(C)C)NC(=O)[C@H](CC(C)C)NC(=O)[C@@H](CC(C)C)NC(=O)[C@H](CC(C)C)NC1=O,,-5.698970004336019,,train
COC(=O)CN(c1ccc(Nc2ccnc(N3CCNCC3)n2)cc1)S(=O)(=O)c1c(C)cc(C)cc1C,,-3.9947336670272313,,train
COC(=O)CSCCCc1ccccc1OCC(O)CNC(C)C,,-7.360513510731414,,train
COC(=O)C[C@H]1CC[C@H](c2ccc(N3CCOc4ncnc(N)c4C3=O)cc2)CC1,,,-4.769551078621726,train
COC(=O)Cc1ccc(NC(=O)C2=C(C)NC(Nc3nc4ccccc4o3)=NC2c2ccccc2Cl)cc1,,-3.709965388637482,,val
COC(=O)Cc1cccc(NC(=O)C2=C(C)NC(Nc3nc4ccccc4o3)=NC2c2ccccc2Cl)c1,,-4.7594507517174005,,train
COC(=O)N1CCC(CN(C2Cc3cc(C#N)ccc3N(Cc3cncn3C)C2)S(=O)(=O)c2ccccn2)CC1,-5.958607314841775,,,train
COC(=O)N1CCC(CN2C[C@@H](c3ccccc3)N(C3CCN(C4(C)CCN(C(=O)c5c(C)ncnc5C)CC4)CC3)C2=O)CC1,-6.522878745280337,,,train
COC(=O)N1CCC(Cc2cccc([C@@H](CC#N)Nc3nc4nc(C)ccc4[nH]3)c2)CC1,-5.638272163982407,,,train
COC(=O)N1CCC(Oc2cccc([C@@H](CC#N)Nc3nc4nc(C)ccc4[nH]3)c2)CC1,-6.0,,,train
COC(=O)N1CCN(C(C)(C)/C=C(\C#N)C(=O)N2CCC[C@@H](n3nc(-c4ccc(Oc5ccccc5)cc4F)c4c(N)ncnc43)C2)CC1,-5.494850021680094,,,test
COC(=O)N1CCN([C@H]2CC[C@H](Nc3nc(Nc4cnn(C)c4)nc4ccc(C)nc34)CC2)CC1,-5.102372908709558,,,train
COC(=O)N1CCN([C@H]2CC[C@H](Nc3nc(Nc4cnn(C)c4)nc4ccc(CC#N)nc34)CC2)CC1,-5.031517051446065,,,train
COC(=O)N1CCN([C@H]2CC[C@H](Nc3nc(Nc4cnn(C)c4)nc4ccn(C)c(=O)c34)CC2)CC1,-4.769551078621726,,,train
COC(=O)N1CCN([C@H]2CC[C@H](Nc3ncnn4ccc(C(C)C)c34)CC2)CC1,-4.431798275933005,,,train
COC(=O)N1CCN([C@H]2CC[C@H](Nc3ncnn4ccc([C@H](C)CC(=O)N(C)C)c34)CC2)CC1,-4.7447274948966935,,,test
COC(=O)N1CCN([C@H]2CC[C@H](Nc3ncnn4ccc([C@H](C)CC(N)=O)c34)CC2)CC1,-4.769551078621726,,,train
COC(=O)N1CCc2c(nc(C)n2[C@H]2C[C@H]3CC[C@@H](C2)N3CC[C@H](NC(C)=O)c2cccc(F)c2)C1,-5.522878745280337,,,train
COC(=O)N1CCc2nc(C)n([C@H]3C[C@H]4CC[C@@H](C3)N4CC[C@H](NC(C)=O)c3cccc(F)c3)c2C1,-5.698970004336019,,,train
COC(=O)N1CCc2nc(C)n([C@H]3C[C@H]4CC[C@@H](C3)N4CC[C@H](NC(C)=O)c3ccccc3)c2C1,-5.522878745280337,,,train
COC(=O)N1C[C@@H](C)N(c2ncc3[nH]nc(-c4ccc(N5CCN(C)CC5)cc4)c3n2)[C@@H](C)C1,-5.346787486224656,,,train
COC(=O)N1C[C@@H](C)N(c2ncc3[nH]nc(-c4ccc(N5CCN(C)CC5)nc4)c3n2)[C@@H](C)C1,-5.6020599913279625,,,train
COC(=O)N1C[C@@H](C)N(c2ncc3[nH]nc(-c4ccc(N5CCN[C@H](C)C5)nc4)c3n2)[C@@H](C)C1,-6.221848749616356,,,train
COC(=O)N1C[C@H](C(=O)NO)[C@H](NC(=O)c2ccc(OCc3cc(C)nc4ccccc34)cc2)C1,-6.3979400086720375,,,train
COC(=O)NC(C)(C)C(=O)N1CCC[C@H]1c1ncc(-c2ccc(-c3ccc(-c4cnc([C@@H]5CCCN5C(=O)C(C)(C)NC(=O)OC)[nH]4)cc3)cc2)[nH]1,,-7.585026652029182,,train
COC(=O)NC1(C(=O)N2CCC[C@H]2c2ncc(-c3ccc(-c4ccc(-c5cnc([C@@H]6CCCN6C(=O)C6(NC(=O)OC)CC6)[nH]5)cc4)cc3)[nH]2)CC1,,-8.698970004336019,,train
COC(=O)NCC(=O)N1CCC[C@H]1c1ncc(-c2ccc(-c3ccc(-c4cnc([C@@H]5CCCN5C(=O)[C@H](NC(=O)OC)c5ccccc5)[nH]4)cc3)cc2)[nH]1,,-6.785156151952302,,train
COC(=O)NCc1ccc(Cl)cc1CNC(=O)CC1=C(C)CCN(NCc2cccc(C(=O)OC)c2)C1=O,-4.267606240177032,,,train
COC(=O)N[C@@H](C(=O)N1CCC[C@H]1c1ncc(-c2ccc(-c3ccc(-c4cnc([C@@H]5CCCN5C(=O)CNC(C)=O)[nH]4)cc3)cc2)[nH]1)c1ccccc1,,-7.920818753952375,,train
COC(=O)N[C@@H](C(=O)N1CCC[C@H]1c1ncc(-c2ccc(-c3ccc(-c4cnc([C@@H]5CCCN5C(=O)[C@@H](C)NC(C)=O)[nH]4)cc3)cc2)[nH]1)c1ccccc1,,-7.552841968657781,,train
COC(=O)N[C@@H](C(=O)N1CCC[C@H]1c1ncc(-c2ccc(-c3ccc(-c4cnc([C@@H]5CCCN5C(=O)[C@@H]5CCCO5)[nH]4)cc3)cc2)[nH]1)c1ccccc1,,-6.318758762624412,,train
COC(=O)N[C@@H](C(=O)N1CCC[C@H]1c1ncc(-c2ccc(-c3ccc(-c4cnc([C@@H]5CCCN5C(=O)[C@H](C)NC(C)=O)[nH]4)cc3)cc2)[nH]1)c1ccccc1,,-7.0,,train
COC(=O)N[C@@H](C(=O)N1CCC[C@H]1c1ncc(-c2ccc(-c3ccc(-c4cnc([C@@H]5CCCN5C(=O)[C@H](NC(=O)OC)c5ccccc5)[nH]4)cn3)cc2)[nH]1)c1ccccc1,,-6.752026733638194,,train
COC(=O)N[C@@H](C(=O)N1CCC[C@H]1c1ncc(-c2ccc(-c3ccc(-c4cnc([C@@H]5CCCN5C(=O)[C@H](NC(=O)OC)c5ccccc5)[nH]4)nc3)cc2)[nH]1)c1ccccc1,,-6.747146969020107,,train
COC(=O)N[C@@H](C(=O)N1CCC[C@H]1c1ncc(-c2ccc(-c3ccc(-c4cnc([C@@H]5CCCN5C(=O)[C@H]5CCCO5)[nH]4)cc3)cc2)[nH]1)c1ccccc1,,-6.333482019445119,,train
COC(=O)N[C@@H](C(=O)N1CCC[C@H]1c1ncc(-c2ccc(-c3ccc(-c4cnc([C@@H]5CCCN5C(C)=O)[nH]4)cc3)cc2)[nH]1)c1ccccc1,,-6.301029995663981,,train
COC(=O)N[C@@H](C(=O)N1CCC[C@H]1c1ncc(-c2ccc(-c3ncc(-c4cnc([C@@H]5CCCN5C(=O)[C@H](NC(=O)OC)c5ccccc5)[nH]4)cn3)cc2)[nH]1)c1ccccc1,,-6.730487055782084,,train
COC(=O)N[C@@H](C)C(=O)N1CCC[C@H]1c1ncc(-c2ccc(-c3ccc(-c4cnc([C@@H]5CCCN5C(=O)[C@H](C)NC(=O)OC)[nH]4)cc3)cc2)[nH]1,,-6.684029654543083,,train
COC(=O)N[C@@H](C)C(=O)N1CCC[C@H]1c1ncc(-c2ccc(-c3ccc(-c4cnc([C@@H]5CCCN5C(=O)[C@H](NC(=O)OC)c5ccccc5)[nH]4)cc3)cc2)[nH]1,,-6.440093374963888,,train
COC(=O)N[C@@H](CCN1[C@@H]2CC[C@H]1C[C@@H](n1c(C)nc3c1CN(C(=O)OC)CC3)C2)c1cccc(F)c1,-4.769551078621726,,,train
COC(=O)N[C@@H](CCN1[C@@H]2CC[C@H]1C[C@@H](n1c(C)nc3c1CN(C(C)=O)CC3)C2)c1cccc(F)c1,-5.221848749616356,,,train
COC(=O)N[C@@H](CCN1[C@@H]2CC[C@H]1C[C@@H](n1c(C)nc3c1CN(C(C)=O)CC3)C2)c1ccccc1,-5.3979400086720375,,,train
COC(=O)N[C@H](C(=O)N1CCC[C@H]1c1nc2ccc([C@H]3CC[C@H](c4ccc5nc([C@@H]6CCCN6C(=O)[C@@H](NC(=O)OC)C(C)C)[nH]c5c4)N3c3cc(Cl)c(N4CCCCC4)c(Cl)c3)cc2[nH]1)C(C)C,,-7.522878745280337,,val
COC(=O)N[C@H](C(=O)N1CCC[C@H]1c1nc2ccc([C@H]3CC[C@H](c4ccc5nc([C@@H]6CCCN6C(=O)[C@@H](NC(=O)OC)C(C)C)[nH]c5c4)N3c3ccc(C(C)(C)C)cc3)cc2[nH]1)C(C)C,,-6.853871964321762,,train
COC(=O)N[C@H](C(=O)N1CCC[C@H]1c1nc2ccc([C@H]3CC[C@H](c4ccc5nc([C@@H]6CCCN6C(=O)[C@@H](NC(=O)OC)C(C)C)[nH]c5c4)N3c3ccc(N4CCCCC4)c(F)c3)cc2[nH]1)C(C)C,,-8.0,,val
COC(=O)N[C@H](C(=O)N1CCC[C@H]1c1nc2ccc([C@H]3CC[C@H](c4ccc5nc([C@@H]6CCCN6C(=O)[C@@H](NC(=O)OC)C(C)C)[nH]c5c4)N3c3ccc(N4CCOCC4)cc3)cc2[nH]1)C(C)C,,-6.136677139879544,,train
COC(=O)N[C@H](C(=O)N1CCC[C@H]1c1ncc(-c2ccc(-c3ccc(-c4cnc([C@@H]5CCCN5C(=O)[C@@H](NC(=O)OC)C(C)C)[nH]4)cc3)cc2)[nH]1)C(C)C,,-6.304518323509803,,train
COC(=O)N[C@H](C(=O)N1CCC[C@H]1c1ncc(-c2ccc(-c3ccc(-c4cnc([C@@H]5CCCN5C(=O)[C@@H](NC(=O)OC)C5CC5)[nH]4)cc3)cc2)[nH]1)C1CC1,,-6.301029995663981,,test
COC(=O)N[C@H](C(=O)N1CCC[C@H]1c1ncc(-c2ccc(-c3ccc(-c4cnc([C@@H]5CCCN5C(=O)[C@@H](NC(=O)OC)[C@@H](C)OC)[nH]4)cc3)cc2)[nH]1)[C@@H](C)OC,,-6.560667306169737,,train
COC(=O)N[C@H](C(=O)NN(CCC[C@@]1(Cc2ccccc2)C(=O)N([C@H]2c3ccccc3C[C@H]2O)C[C@H]1O)Cc1ccc(-c2ccccn2)cc1)C(C)(C)C,-5.468521082957745,,,train
COC(=O)N[C@H](C(=O)NN(CCC[C@@]1(Cc2ccccc2)C(=O)N([C@H]2c3ccccc3C[C@H]2O)C[C@H]1O)Cc1ccc(-c2cccnc2)cc1)C(C)(C)C,-5.356547323513813,,,train
COC(=O)N[C@H](C(=O)NN(CCC[C@@]1(Cc2ccccc2)C(=O)N([C@H]2c3ccccc3C[C@H]2O)C[C@H]1O)Cc1ccc(Br)cc1)C(C)(C)C,-4.657577319177793,,,train
COC(=O)N[C@H](C(=O)NN(CC[C@@]1(Cc2ccccc2)C(=O)N([C@H]2c3ccccc3C[C@H]2O)C[C@@H]1O)Cc1ccc(-c2cccnc2)cc1)C(C)(C)C,-5.292429823902063,,,val
COC(=O)N[C@H](C(=O)NN(CC[C@@]1(Cc2ccccc2)C(=O)N([C@H]2c3ccccc3C[C@H]2O)C[C@@H]1O)Cc1ccc(Br)cc1)C(C)(C)C,-4.769551078621726,,,train
COC(=O)N[C@H](C(=O)NN(CC[C@@]1(Cc2ccccc2)C(=O)N([C@H]2c3ccccc3C[C@H]2O)C[C@H]1O)Cc1ccc(-c2cccnc2)cc1)C(C)(C)C,-5.42021640338319,,,test
COC(=O)N[C@H](C(=O)N[C@@H](Cc1ccccc1)[C@@H](O)CN(Cc1ccc(-c2ccccn2)cc1)NC(=O)[C@@H](NC(=O)OC)C(C)(C)C)C(C)(C)C,-5.275724130399211,,,train
COC(=O)N[C@H](C)C(=O)N1CCC[C@H]1c1ncc(-c2ccc(-c3ccc(-c4cnc([C@@H]5CCCN5C(=O)[C@@H](C)NC(=O)OC)[nH]4)cc3)cc2)[nH]1,,-7.327902142064283,,train
COC(=O)N[C@H]1CC[C@H](n2c(C)nc3cnc4[nH]ccc4c32)CC1,,,-4.920818753952375,train
COC(=O)Nc1c(N)nc(-c2nn(Cc3ccccc3F)c3ncccc23)nc1N,-7.102372908709558,,,test
COC(=O)Nc1cc(-c2ccc(OC[C@@](C)(N)CC(C)C)c(C)n2)ccn1,-6.447331783887806,-6.063486257521107,,train
COC(=O)Nc1cc(-c2cnc(OC[C@@](C)(N)CC(C)C)c(C)c2)ccn1,-6.764471553092451,-6.15676722190199,,train
COC(=O)Nc1ccc(S(=O)(=O)C(C)C)c([C@@H]2CCCN2C(=O)[C@H](Nc2ccc3c(N)nccc3c2)c2ccc(OC)c(OC)c2)c1,,-8.698970004336019,,train
COC(=O)Nc1ccc(S(=O)(=O)C(C)C)c([C@@H]2CCCN2C(=O)[C@H](Nc2cccc(C(N)=O)c2)c2ccc(OC)c(OC)c2)c1,,-7.619788758288394,,train
COC(=O)Nc1ccc(S(=O)(=O)C(C)C)c([C@H]2CCCN2C(=O)[C@H](Nc2cc(C)c3c(c2)C(=O)NC3)c2ccc(OC)c(OC)c2)c1,,-6.853871964321762,,train
COC(=O)Nc1ccc(S(=O)(=O)C(C)C)c([C@H]2CCCN2C(=O)[C@H](Nc2cc(F)c3c(c2)C(=O)NC3)c2ccc(OC)c(OC)c2)c1,,-6.795880017344075,,train
COC(=O)Nc1ccc(S(=O)(=O)C(C)C)c([C@H]2CCCN2C(=O)[C@H](Nc2cc3c(cc2F)CNC3=O)c2ccc(OC)c(OC)c2)c1,,-6.795880017344075,,train
COC(=O)Nc1ccc(S(=O)(=O)C(C)C)c([C@H]2CCCN2C(=O)[C@H](Nc2ccc3c(Br)c[nH]c(=O)c3c2)c2ccc(OC)c(OC)c2)c1,,-6.161150909262744,,train
COC(=O)Nc1ccc(S(=O)(=O)C(C)C)c([C@H]2CCCN2C(=O)[C@H](Nc2ccc3c(C)c[nH]c(=O)c3c2)c2ccc(OC)c(OC)c2)c1,,-6.769551078621726,,train
COC(=O)Nc1ccc(S(=O)(=O)C(C)C)c([C@H]2CCCN2C(=O)[C@H](Nc2ccc3c(C4CC4)c[nH]c(=O)c3c2)c2ccc(OC)c(OC)c2)c1,,-6.045757490560675,,train
COC(=O)Nc1ccc(S(=O)(=O)C(C)C)c([C@H]2CCCN2C(=O)[C@H](Nc2ccc3c(Cl)c[nH]c(=O)c3c2)c2ccc(OC)c(OC)c2)c1,,-6.356547323513813,,train
COC(=O)Nc1ccc(S(=O)(=O)C(C)C)c([C@H]2CCCN2C(=O)[C@H](Nc2ccc3c(F)c[nH]c(=O)c3c2)c2ccc(OC)c(OC)c2)c1,,-7.0,,train
COC(=O)Nc1ccc(S(=O)(=O)C(C)C)c([C@H]2CCCN2C(=O)[C@H](Nc2ccc3c(N)nccc3c2)c2cc(C)ccc2F)c1,,-7.337242168318426,,test
COC(=O)Nc1ccc(S(=O)(=O)C(C)C)c([C@H]2CCCN2C(=O)[C@H](Nc2ccc3c(N)nccc3c2)c2cc(OC)ccc2F)c1,,-7.1938200260161125,,train
COC(=O)Nc1ccc(S(=O)(=O)C(C)C)c([C@H]2CCCN2C(=O)[C@H](Nc2ccc3c(N)nccc3c2)c2ccc(Cl)c(OC)c2)c1,,-7.602059991327962,,train
COC(=O)Nc1ccc(S(=O)(=O)C(C)C)c([C@H]2CCCN2C(=O)[C@H](Nc2ccc3c(N)nccc3c2)c2ccc(F)c(OC)c2)c1,,-7.602059991327962,,train
COC(=O)Nc1ccc(S(=O)(=O)C(C)C)c([C@H]2CCCN2C(=O)[C@H](Nc2ccc3c(N)nccc3c2)c2ccc(OC)c(OC)c2)c1,,-8.698970004336019,,train
COC(=O)Nc1ccc(S(=O)(=O)C(C)C)c([C@H]2CCCN2C(=O)[C@H](Nc2ccc3c(N)nccc3c2)c2cccc(OC(F)F)c2)c1,,-8.154901959985743,,train
COC(=O)Nc1ccc(S(=O)(=O)C(C)C)c([C@H]2CCCN2C(=O)[C@H](Nc2ccc3c(N)nccc3c2)c2ccccc2)c1,,-7.236572006437063,,train
COC(=O)Nc1ccc(S(=O)(=O)C(C)C)c([C@H]2CCCN2C(=O)[C@H](Nc2ccc3c(c2)C(=O)NC3)c2ccc(OC)c(OC)c2)c1,,-7.744727494896693,,train
COC(=O)Nc1ccc(S(=O)(=O)C(C)C)c([C@H]2CCCN2C(=O)[C@H](Nc2ccc3c(c2)C(=O)NC3=O)c2ccc(OC)c(OC)c2)c1,,-6.619788758288394,,val
COC(=O)Nc1ccc(S(=O)(=O)C(C)C)c([C@H]2CCCN2C(=O)[C@H](Nc2ccc3c(c2)C(=O)NC3C)c2ccc(OC)c(OC)c2)c1,,-6.903437700822769,,train
COC(=O)Nc1ccc(S(=O)(=O)C(C)C)c([C@H]2CCCN2C(=O)[C@H](Nc2ccc3c(c2)C(=O)NCC3)c2ccc(OC)c(OC)c2)c1,,-6.795880017344075,,train
COC(=O)Nc1ccc(S(=O)(=O)C(C)C)c([C@H]2CCCN2C(=O)[C@H](Nc2ccc3c(c2)C(=O)NC[C@@H]3C)c2ccc(OC)c(OC)c2)c1,,-6.481486060122113,,train
COC(=O)Nc1ccc(S(=O)(=O)C(C)C)c([C@H]2CCCN2C(=O)[C@H](Nc2ccc3c(c2)C(=O)NC[C@H]3C)c2ccc(OC)c(OC)c2)c1,,-6.42021640338319,,train
COC(=O)Nc1ccc(S(=O)(=O)C(C)C)c([C@H]2CCCN2C(=O)[C@H](Nc2ccc3c(c2F)C(=O)NC3)c2ccc(OC)c(OC)c2)c1,,-6.795880017344075,,train
COC(=O)Nc1ccc(S(=O)(=O)C(C)C)c([C@H]2CCCN2C(=O)[C@H](Nc2ccc3cc[nH]c(=O)c3c2)c2ccc(OC)c(OC)c2)c1,,-7.060480747381382,,train
COC(=O)Nc1ccc(S(=O)(=O)C(C)C)c([C@H]2CCCN2C(=O)[C@H](Nc2ccc3cn[nH]c(=O)c3c2)c2ccc(OC)c(OC)c2)c1,,-7.119186407719209,,train
COC(=O)Nc1ccc(S(=O)(=O)C(C)C)c([C@H]2CCCN2C(=O)[C@H](Nc2ccc3nc[nH]c(=O)c3c2)c2ccc(OC)c(OC)c2)c1,,-8.221848749616356,,train
COC(=O)Nc1ccccc1C(=O)N1CCCC[C@H]1c1cc2[nH]c(C)c(C)c(=O)n2n1,-6.638272163982407,,,train
COC(=O)Nc1nc2cc(C(=O)c3ccccc3)ccc2[nH]1,-5.288192770958809,,,train
COC(=O)Nn1c(C[C@H]2CCC[C@H](OCc3cc(C(F)(F)F)cc(C(F)(F)F)c3)[C@@H]2c2ccccc2)n[nH]c1=O,,,-4.823908740944319,train
COC(=O)O[C@H]1C(=O)[C@]2(C)[C@@H](OC)C[C@H]3OC[C@@]3(OC(C)=O)[C@H]2[C@H](OC(=O)c2ccccc2)[C@]2(O)C[C@H](OC(=O)[C@H](O)[C@@H](NC(=O)OC(C)(C)C)c3ccccc3)C(C)=C1C2(C)C,-5.1605219526258015,,,train
COC(=O)O[C@H]1C(=O)[C@]2(C)[C@@H](OC)C[C@H]3OC[C@@]3(OC(C)=O)[C@H]2[C@H](OC(=O)c2ccccc2)[C@]2(O)C[C@H](OC(=O)[C@H](O)[C@@H](NC(=O)c3ccccc3)c3ccccc3)C(C)=C1C2(C)C,-5.3585258894959,,,train
COC(=O)O[C@H]1C(=O)[C@]2(C)[C@@H](OC)C[C@H]3OC[C@@]3(OC(C)=O)[C@H]2[C@H](OC(=O)c2ccccc2)[C@]2(O)C[C@H](OC(=O)[C@H](O)[C@H](CC(C)C)NC(=O)OC(C)(C)C)C(C)=C1C2(C)C,-5.052076380168273,,,train
COC(=O)O[C@H]1C(=O)[C@]2(C)[C@@H](OC)C[C@H]3OC[C@@]3(OC(C)=O)[C@H]2[C@H](OC(=O)c2ccccc2)[C@]23OC(=O)O[C@H]2[C@H](OC(=O)[C@H](O)[C@@H](NC(=O)OC(C)(C)C)c2ccccc2)C(C)=C1C3(C)C,-5.844663962534939,,,train
COC(=O)O[C@H]1C[C@H]2OC[C@@]2(OC(C)=O)[C@H]2[C@H](OC(=O)c3ccccc3)[C@]3(O)C[C@H](OC(=O)[C@H](O)[C@@H](NC(=O)OC(C)(C)C)c4ccccc4)C(C)=C([C@@H](OC)C(=O)[C@]12C)C3(C)C,-5.15676722190199,,,train
COC(=O)O[C@H]1C[C@H]2OC[C@@]2(OC(C)=O)[C@H]2[C@H](OC(=O)c3ccccc3)[C@]3(O)C[C@H](OC(=O)[C@H](O)[C@@H](NC(=O)OC(C)(C)C)c4ccccn4)C(C)=C([C@@H](OC)C(=O)[C@]12C)C3(C)C,-5.343901797987169,,,test
COC(=O)O[C@H]1C[C@H]2OC[C@@]2(OC(C)=O)[C@H]2[C@H](OC(=O)c3ccccc3)[C@]3(O)C[C@H](OC(=O)[C@H](O)[C@@H](NC(=O)c4ccccc4)c4ccccc4)C(C)=C([C@@H](OC)C(=O)[C@]12C)C3(C)C,-5.478861916295964,,,train
COC(=O)O[C@H]1C[C@H]2OC[C@@]2(OC(C)=O)[C@H]2[C@H](OC(=O)c3ccccc3)[C@]3(O)C[C@H](OC(=O)[C@H](O)[C@H](CC(C)C)NC(=O)OC(C)(C)C)C(C)=C([C@@H](OC)C(=O)[C@]12C)C3(C)C,-5.145086977692144,,,train
COC(=O)O[C@H]1C[C@H]2OC[C@@]2(OC(C)=O)[C@H]2[C@H](OC(=O)c3ccccc3)[C@]34OC(=O)O[C@H]3[C@H](OC(=O)[C@H](O)[C@@H](NC(=O)OC(C)(C)C)c3ccccc3)C(C)=C([C@@H](OC)C(=O)[C@]12C)C4(C)C,-5.405607449624573,,,train
COC(=O)O[C@H]1C[C@H]2OC[C@@]2(OC(C)=O)[C@H]2[C@H](OC(=O)c3ccccc3)[C@]34OC(=O)O[C@H]3[C@H](OC(=O)[C@H](O)[C@H](CC(C)C)NC(=O)OC(C)(C)C)C(C)=C([C@@H](OC)C(=O)[C@]12C)C4(C)C,-6.036212172654444,,,train
COC(=O)[C@@H]1CCCN1C(=O)[C@@H](Cc1ccccc1)N(C)C(=O)[C@H](C)NC(=O)[C@H](CC(C)C)NC(=O)C[C@H](O)[C@H](Cc1ccccc1)NC(=O)c1cc(NS(C)(=O)=O)cc(C(=O)N[C@H](C)c2ccccc2)c1,,-5.066512712151295,,train
COC(=O)[C@@H]1CSCc2ccccc2C(=O)OC[C@@H](NC(=O)[C@@H]2CCCN2C(C)=O)CN1,-5.455931955649724,,,train
COC(=O)[C@@H]1CSCc2ccccc2C(=O)OC[C@H](NC(=O)[C@@H]2CCCN2C(C)=O)CN1,-6.096910013008056,,,train
COC(=O)[C@H](C)NP(=O)(OC[C@H]1O[C@@H](n2ccc(=O)[nH]c2=O)[C@](C)(F)[C@@H]1O)Oc1ccccc1,,-10.154901959985745,,train
COC(=O)[C@H](C)NP(=O)(OC[C@H]1O[C@@H](n2ccc3c(-c4cccs4)ncnc32)[C@H](O)[C@@H]1O)Oc1ccccc1,-6.130768280269024,,,train
COC(=O)[C@H](C)NP(=O)(OC[C@H]1O[C@@](C#N)(c2ccc3c(N)ncnn23)[C@](C)(O)[C@@H]1O)Oc1ccccc1,-6.3872161432802645,,,test
COC(=O)[C@H](CC(C)C)Nc1nc(Cl)nc(N[C@H]2CC[C@H](Nc3nc(Cl)nc(N[C@@H](CC(C)C)C(=O)OC)n3)CC2)n1,,-7.638272163982407,,val
COC(=O)[C@H](CCCN=C(N)N)NC(=O)[C@@H](N)Cc1ccc(-c2ccccc2)cc1,,-5.97469413473523,,train
COC(=O)[C@H]1CSCc2ccccc2C(=O)OC[C@@H](NC(=O)[C@@H]2CCCN2C(C)=O)CN1,-5.537602002101044,,,test
COC(=O)[C@H]1CSCc2ccccc2C(=O)OC[C@H](NC(=O)[C@@H]2CCCN2C(C)=O)CN1,-5.251811972993799,,,train
COC(=O)[C@H]1[C@@H](O)[C@@]2(O)c3c(OC)cc(C#N)cc3O[C@@]2(c2ccc(OC)cc2)[C@@H]1c1ccccc1,-5.552841968657781,,,train
COC(=O)[C@H]1[C@@H](O)[C@@]2(O)c3c(OC)cc(Cl)cc3O[C@@]2(c2ccc(OC)cc2)[C@@H]1c1ccccc1,-5.744727494896694,,,train
COC(=O)[C@H]1[C@@H](O)[C@@]2(O)c3c(OC)cc(OC)cc3O[C@@]2(c2ccc(C#N)cc2)[C@@H]1c1ccccc1,-5.2839966563652006,,,train
COC(=O)[C@H]1[C@@H](O)[C@@]2(O)c3c(OC)cc(O[C@@H]4O[C@@H]([C@H](O)CO)CO[C@H]4OC)cc3O[C@@]2(c2ccc(OC)cc2)[C@@H]1c1ccccc1,-7.301029995663981,,,train
COC(=O)[C@H]1[C@@H](O)[C@@]2(O)c3c(OC)cc(O[C@H]4COC[C@H](CO)O4)cc3O[C@@]2(c2ccc(OC)cc2)[C@@H]1c1ccccc1,-6.585026652029182,,,train
COC(=O)[C@H]1[C@H]2C[C@@H]3c4[nH]c5cc(OC)ccc5c4CCN3C[C@H]2C[C@@H](OC(=O)c2cc(OC)c(OC)c(OC)c2)[C@@H]1OC,-5.443697499232713,,,train
COC(=O)c1cc(NC(=O)C2=C(C)NC(Nc3nc4ccccc4o3)=NC2c2ccccc2Cl)ccn1,,-4.308034897232639,,train
COC(=O)c1cc(NC(=O)c2cnn3cccnc23)cc(C(=O)OC)c1,,-6.263603497723357,,train
COC(=O)c1ccc(-c2ccc(O[C@H]3O[C@H](CO)[C@@H](O)[C@H](O)[C@@H]3O)cc2)cc1,-5.373659632624958,,,train
COC(=O)c1ccc(CNC(=O)C2=C(C)NC(Nc3nc4ccccc4o3)=NC2c2ccccc2Cl)cc1,,-3.264880365918128,,val
COC(=O)c1ccc(N2CCN(C)CC2)c(NC(=O)c2cc(N)c(F)c(C)c2Cl)c1,,-4.276544327964814,,train
COC(=O)c1ccc(N2CCN(C)CC2)c(NC(=O)c2cc([N+](=O)[O-])c(F)c(C)c2Cl)c1,,-4.126098402135539,,train
COC(=O)c1ccc(N2CCN(C)CC2)c(NC(=O)c2ccc(F)c(C)c2Cl)c1,,-4.22329881601159,,train
COC(=O)c1ccc(N2CCN(C)CC2)c(NC(=O)c2ccc(F)c([N+](=O)[O-])c2)c1,,-4.280668713016273,,train
COC(=O)c1ccc(NC(=O)C2=C(C)NC(Nc3nc4ccccc4o3)=NC2c2ccccc2Cl)cc1,,-4.595166283380062,,train
COC(=O)c1ccc(NC(=O)C2=C(C)NC(Nc3nc4ccccc4o3)=NC2c2ccccc2Cl)cn1,,-4.017276612331455,,train
COC(=O)c1ccc(NC(=O)Nc2cc(C)nc3ccccc23)cc1,,-3.348721986001856,,train
COC(=O)c1ccc(NC(=O)Nc2ccc(-c3nc(N4CCOCC4)nc(N4CCOCC4)n3)cc2)cc1,,-6.221848749616356,,train
COC(=O)c1ccc2[nH]c(C(F)(F)F)nc2c1,-4.485585079419631,,,test
COC(=O)c1ccc2[nH]cc(C(=O)c3ccccc3)c2c1,,-5.552841968657781,,train
COC(=O)c1ccc2[nH]cc(CCCCN3CCN(c4cccc5nc6c(c(N)c45)CCCC6)CC3)c2c1,,-5.206209615309182,,test
COC(=O)c1ccc2c(C(=O)N(C)C)cn(C)c2c1,,-5.376750709602099,,train
COC(=O)c1ccc2c(C(=O)Nc3ccccc3)cn(C)c2c1,,-5.657577319177793,,train
COC(=O)c1ccc2c(C(=O)c3ccccc3)c[nH]c2c1,,-5.823908740944319,,train
COC(=O)c1ccc2c(C(=O)c3ccccc3)cc(C(=O)c3ccccc3)c-2cc1,,-6.522878745280337,,train
COC(=O)c1ccc2c(C(=O)c3ccccc3)cn(C(=O)c3ccccc3)c2c1,,-5.6777807052660805,,train
COC(=O)c1ccc2c(c1)c(C(=O)c1ccccc1)cn2C(=O)c1ccccc1,,-5.886056647693163,,train
COC(=O)c1ccc2c(c1)c1nc(N3CCC[C@@H](N)C3)n(Cc3ccccc3Cl)c1c(=O)n2C,,-4.324221658325915,,train
COC(=O)c1ccc2c(c1)nc(C(F)(F)F)n2C,-4.57413985492216,,,train
COC(=O)c1ccc2c(ccn2C(=O)c2ccccc2)c1,,-6.301029995663981,,train
COC(=O)c1ccc2c3nc(N4CCC[C@@H](N)C4)n(Cc4ccccc4Cl)c3c(=O)n(C)c2c1,,-4.382999658879101,,test
COC(=O)c1ccc2ccc(C(=O)N(C)C)c-2cc1,,-5.130768280269024,,train
COC(=O)c1ccc2ccc(C(=O)Nc3ccccc3)c-2cc1,,-6.3979400086720375,,train
COC(=O)c1ccc2ccc(C(=O)c3ccccc3)c-2cc1,,-7.0,,train
COC(=O)c1ccc2ccn(C(=O)c3ccccc3)c2c1,,-6.301029995663981,,train
COC(=O)c1ccc2nc(C(F)(F)F)n(C)c2c1,-4.4061603389187285,,,train
COC(=O)c1ccc2nc(Cc3nc4c(c(=O)[nH]c(=O)n4C4CC4)n3Cc3ccccc3)[nH]c2c1,-5.958607314841775,,,train
COC(=O)c1cccc(-c2ccc(NC(=O)n3nc(Nc4ccc(S(N)(=O)=O)cc4)nc3N)cc2)c1,,-7.045757490560675,,train
COC(=O)c1cccc(-n2c(=O)nc3n(-c4ccc(O)cc4)c4cc(C#N)ccc4cc-3c2=O)c1,,-7.522878745280337,,test
COC(=O)c1cccc(-n2sc3ccccc3c2=O)c1,,-2.886056647693163,,train
COC(=O)c1cccc(C(=O)N2CCC(CCN3C4CCC3CC(n3c(C)nc5ccccc53)C4)(c3ccccc3)CC2)c1,,,-6.716698771296451,train
COC(=O)c1cccc(CNC(=O)C2=C(C)NC(Nc3nc4ccccc4o3)=NC2c2ccccc2Cl)c1,,-3.2106308464085185,,train
COC(=O)c1cccc(COc2ccc(-n3c4nc(=O)[nH]c(=O)c-4cc4ccc(C#N)cc43)cc2)c1,,-6.221848749616356,,train
COC(=O)c1cccc(NC(=O)C2=C(C)NC(Nc3nc4ccccc4o3)=NC2c2ccccc2Cl)n1,,-4.723538195826756,,val
COC(=O)c1cccc(NC(=O)Nc2cc(C)nc3ccccc23)c1,,-3.1272611725273314,,test
COC(=O)c1cccc(Nc2nc3c(s2)CCCc2n[nH]cc2-3)n1,,-7.0,,train
COC(=O)c1cccc(Oc2ccc(-n3c4nc(=O)[nH]c(=O)c-4cc4ccc(C#N)cc43)cc2)c1,,-6.154901959985743,,train
COC(=O)c1cccc2cc(CN3Cc4ccncc4C3=O)oc12,,-6.265200170411153,,train
COC(=O)c1cccc2cc(CNC(=O)c3cnn4cccnc34)oc12,,-6.135488918941608,,train
COC(=O)c1ccccc1-c1c2ccc(=N)cc-2oc2cc(N)ccc12,-5.853871964321762,,,train
COC(=O)c1ccccc1-c1c2ccc(N)cc2[o+]c2cc(N)ccc12,-6.191080626141498,,,train
COC(=O)c1ccccc1C(=O)OC,,-4.363311552046717,,train
COC(=O)c1ccccc1CNC(=O)C1=C(C)NC(Nc2nc3ccccc3o2)=NC1c1ccccc1Cl,,-3.3348882629249488,,train
COC(=O)c1ccnc(NC(=O)C2=C(C)NC(Nc3nc4ccc(F)cc4o3)=N[C@@H]2c2ccccc2Cl)c1,,-5.130768280269024,,train
COC(=O)c1ccnc(NC(=O)C2=C(C)NC(Nc3nc4ccc(F)cc4o3)=N[C@H]2c2ccccc2Cl)c1,,-4.6595558851598815,,val
COC(=O)c1ccnc(NC(=O)C2=C(C)NC(Nc3nc4cccc(N)c4o3)=NC2c2ccc(C)cc2Cl)c1,,-3.751781438809925,,train
COC(=O)c1ccnc(NC(=O)C2=C(C)NC(Nc3nc4ccccc4o3)=NC2c2ccccc2Cl)c1,,-4.557520230935552,,train
COC(=O)c1ccnc(NC(=O)C2=C(C)NC(Nc3nc4ccccc4o3)=N[C@@H]2c2ccccc2Cl)c1,,-3.601365675461608,,train
COC(=O)c1ccnc(NC(=O)C2=C(C)NC(Nc3nc4ccccc4o3)=N[C@H]2c2ccccc2Cl)c1,,-3.5132862240175147,,train
COC(=O)c1cn(C2CC2)c2cc(N3CCNCC3)c(F)cc2c1=O,-5.995678626217358,,,train
COC(=O)c1cnc(Nc2cnc(C#N)cn2)cc1NCC1CCNCC1,-5.585026652029182,,,test
COC(=O)c1cncc(NC(=O)C2=C(C)NC(Nc3nc4ccccc4o3)=NC2c2ccccc2Cl)c1,,-3.607478910068068,,test
COC(=O)c1csc(NC(=O)C2=C(C)NC(Nc3nc4ccccc4o3)=NC2c2ccccc2Cl)n1,,-4.18309616062434,,train
COC(=O)c1nc(-c2cccs2)nc(O)c1O,,-6.045757490560675,,train
COC(=O)c1nc(Cc2ccc(Cl)c(Cl)c2)[nH]c(=O)c1O,,-5.508638306165728,,train
COC(=O)c1nnc(NC(=O)C2=C(C)NC(Nc3nc4ccccc4o3)=NC2c2ccccc2Cl)s1,,-5.119186407719209,,val
COC(C)(C)C1CCCN1c1ccnc2[nH]ncc12,-4.1249387366083,,,test
COC(C)(C)CCN1Cc2cc(NC(=O)c3cnn4cccnc34)c(N3CCOCC3)cc2C1=O,,,-4.950781977329818,train
COC(C)(C)[C@@H](O)C(=O)N1C[C@H]2C[C@H]2[C@H]1C(=O)NCc1cc(Cl)ccc1-n1cnnn1,-5.455931955649724,,,train
COC(C)(C)[C@@H](O)C(=O)N1N=CC[C@H]1C(=O)NCc1cc(Cl)ccc1-n1cnnn1,-5.769551078621726,,,test
COC(C)(C)[C@@H](O)C(=O)N1[C@H](C(=O)NCc2cc(Cl)ccc2-n2cnnn2)C[C@@H]2C[C@@H]21,-4.795880017344075,,,train
COC(C)c1cc(Cl)c2c(c1Cl)C(=O)N(Cc1c(C)cc(C)[nH]c1=O)CC2,,,-4.50491940355076,train
COC(c1cc(Cl)c2c(c1Cl)C(=O)N(Cc1c(C)cc(C)[nH]c1=O)CC2)C1CCN(C(=O)CO)CC1,,,-5.142709395580234,train
COC(c1cc(Cl)c2c(c1Cl)C(=O)N(Cc1c(C)cc(C)[nH]c1=O)CC2)C1CCN(C(C)=O)CC1,,,-5.01540857038387,train
COC(c1cc(Cl)c2c(c1Cl)C(=O)N(Cc1c(C)cc(C)[nH]c1=O)CC2)C1CCN(C)CC1,,,-5.60345419991171,train
COC(c1cc(Cl)c2c(c1Cl)C(=O)N(Cc1c(C)cc(C)[nH]c1=O)CC2)C1CCN(C2COC2)CC1,,,-5.128637434347651,train
COC(c1cc(Cl)c2c(c1Cl)C(=O)N(Cc1c(C)cc(C)[nH]c1=O)CC2)C1CCOC1,,,-4.760705934806337,train
COC(c1cc(Cl)c2c(c1Cl)C(=O)N(Cc1c(C)cc(C)[nH]c1=O)CC2)C1CCOCC1,,,-4.829332207409504,train
COC(c1cc(Cl)c2c(c1Cl)C(=O)N(Cc1c(C)cc(C)[nH]c1=O)CC2)C1CCS(=O)(=O)CC1,,,-5.222392297436963,train
COC(c1cc(Cl)c2c(c1Cl)C(=O)N(Cc1c(C)cc(C)[nH]c1=O)CC2)C1CS(=O)(=O)C1,,,-5.245197147694222,train
COC1(C)CN(C(=O)c2ccc3c(N)ncc(-c4ccc(-c5cnn(C)c5)cc4)c3c2)C1,-4.598599459218456,,,train
COC1(C)CN(C(=O)c2ccc3c(N)ncc(-c4ccc(-c5cnn(C)c5)cc4)c3n2)C1,-4.396855627379818,,,train
COC1CCN(C(=O)C[C@H]2CC[C@H](c3ccc(N4CCOc5ncnc(N)c5C4=O)cc3)CC2)CC1,,,-4.657577319177793,train
COC1CCN(c2nccc(Nc3cc4c(cn3)c(C(N)=O)cn4C(C)C)n2)CC1,,,-4.585026652029182,train
COC1CN(C(=O)c2ccc3[nH]nc(Cc4ccc(-c5cnn(C)c5)cc4)c3c2)C1,-4.540607512240769,,,train
COC1CN(C(=O)c2ccc3[nH]nc(Cc4ccc5c(cnn5C)c4)c3c2)C1,-4.473660722610156,,,test
COC1CN(C(=O)c2ccc3c(N)ncc(-c4ccc(-c5cnn(C)c5)cc4)c3c2)C1,-4.537602002101044,,,train
COC1CN(C(=O)c2ccc3c(N)ncc(-c4ccc(-c5cnn(C)c5)cc4)c3n2)C1,-4.543633966870957,,,test
COCC(C)N1CCc2nc(-c3cccc(OCC(=O)NC(C)(C)C)c3)nc(Nc3ccc(-c4cn[nH]c4)cc3)c2C1,-5.142667503568732,,,train
COCC(C)n1cc(C(=O)C(=O)Nc2ccc(OC)nc2)c2ccccc21,-4.473660722610156,,,train
COCC1=C(C(=O)Nc2nncs2)C(c2ccccc2Cl)N=C(Nc2nc3ccccc3o2)N1,,-3.495121540589784,,train
COCCCCc1c(C(=O)N(CC(C)C)[C@@H]2CNC[C@H](C(=O)N3CCOCC3)C2)cnn1-c1ccccc1,,-7.107905397309519,,train
COCCCCc1c(C(=O)N(CC(C)C)[C@@H]2CNC[C@H](C(=O)N3CCOCC3)C2)nc2ccccn12,,-7.200659450546418,,train
COCCCCc1c(C(=O)N(CC(C)C)[C@@H]2CNC[C@H](C(=O)N3CCOCC3)C2)ncn1-c1ccccc1,,-7.107905397309519,,train
COCCCCc1c(C(=O)N(CC(C)C)[C@@H]2CNC[C@H](C(=O)N3CCOCC3)C2)nnn1-c1ccccc1,,-6.432973633840939,,train
COCCCCn1c(C(=O)N(CC(C)C)[C@@H]2CNC[C@H](C(=O)N3CCOCC3)C2)cc2ccccc21,,-6.549750891680639,,train
COCCCCn1c(C(=O)N(CC(C)C)[C@@H]2CNC[C@H](C(=O)N3CCOCC3)C2)ccc1-c1ccccc1,,-6.663540266151471,,train
COCCCCn1c(C(=O)N(CC(C)C)[C@@H]2CNC[C@H](C(=O)N3CCOCC3)C2)cnc1-c1ccccc1,,-7.142667503568732,,train
COCCCCn1c(C(=O)N(CC(C)C)[C@@H]2CNC[C@H](C(=O)N3CCOCC3)C2)nc2ccccc21,,-6.462180904926726,,train
COCCCCn1c(C(=O)N(CC(C)C)[C@@H]2CNC[C@H](C(=O)N3CCOCC3)C2)nnc1-c1ccccc1,,-6.935542010773082,,train
COCCCCn1c(C(=O)N(CC(C)C)[C@@H]2CNC[C@H](C(C)(C)O)C2)nc2ccccc21,,-6.694648630553377,,train
COCCCCn1c(C(=O)N(CC(C)C)[C@@H]2CNC[C@H](CO)C2)nc2ccccc21,,-7.086186147616283,,train
COCCCCn1c(C(=O)N(CC(C)C)[C@H]2CCCNC2)nc2ccccc21,,-6.489454989793388,,train
COCCCN(c1c(Cl)c(Cl)cc2[nH]c(=O)c(=O)[nH]c12)S(C)(=O)=O,-5.686132779630847,,,train
COCCCN(c1cc(Cl)cc2[nH]c(=O)c(=O)[nH]c12)S(C)(=O)=O,-8.0,,,train
COCCCN1CCN(c2ccc(Nc3cc(-c4ccnc(N5CCn6c(cc7c6CC(C)(C)C7)C5=O)c4CO)cn(C)c3=O)nc2)CC1,,,-5.045757490560675,train
COCCCN1C[C@H](C)N(C(=O)N2Cc3c(NC(=O)c4ccccn4)n[nH]c3C2(C)C)C[C@H]1C,,,-4.6777807052660805,train
COCCCNc1nc(C(C)(C)C)ncc1C(=O)N(CC(C)C)[C@@H]1CNC[C@H](C(=O)N2CCOCC2)C1,,-6.4089353929735005,,train
COCCCO[C@H]1CN(c2ccc(O[C@@H]3CCN(c4cc(OC)ncc4Cl)C[C@H]3C)cc2)[C@@H](CC(=O)O)[C@@H]1C,,,-6.614393726401688,train
COCCCOc1cc(C(=O)N(C[C@@H]2CNC[C@H]2NC(=O)CCc2ccccc2)C(C)C)ccc1OC,-5.795880017344075,,,train
COCCCOc1cc(C(=O)N(C[C@@H]2CNC[C@H]2NC(=O)OCC2CCCCC2)C(C)C)ccc1OC,-6.200659450546419,,,train
COCCCOc1cc(C(=O)N(C[C@@H]2CNC[C@H]2NC(=O)OCc2ccccc2)C(C)C)ccc1OC,-6.142667503568732,,,val
COCCCOc1cc(C(=O)N(C[C@@H]2CNC[C@H]2NCc2ccc3ccccc3c2)C(C)C)ccc1OC,-6.853871964321762,,,train
COCCCOc1cc(C(=O)N(C[C@@H]2CNC[C@H]2NS(=O)(=O)Cc2ccccc2)C(C)C)ccc1OC,-7.045757490560675,,,val
COCCCOc1nc(C(C)(C)C)ncc1C(=O)N(CC(C)C)[C@@H]1CNC[C@H](C(=O)N2CCOCC2)C1,,-6.565431095965802,,train
COCCCn1c(=O)nc(-c2ccc(N3CCN(C(C)C)CC3)cc2)c2oc3ccc(Cl)cc3c21,-5.568636235841013,,,val
COCCCn1c(=O)nc(-c2ccc(N3CCN(C(C)C)CC3)nc2)c2oc3ccc(Cl)cc3c21,-5.585026652029182,,,val
COCCCn1c(=O)nc(-c2ccc(N3CCN(C)CC3)nc2)c2oc3ccc(-c4cnn(C)c4)cc3c21,-6.3979400086720375,,,train
COCCCn1c(=O)nc(-c2ccc(N3CCN(C4CC4)CC3)cc2)c2oc3ccc(Cl)cc3c21,-5.050609993355088,,,train
COCCCn1c(=O)nc(-c2ccc(N3CCN(CCOC)CC3)cc2)c2oc3ccc(Cl)cc3c21,-5.096910013008056,,,test
COCCCn1c(=O)nc(-c2ccc(N3CCN(CCOC)CC3)nc2)c2oc3ccc(Cl)cc3c21,-4.920818753952375,,,train
COCCCn1c(=O)nc(-c2ccc(N3CCNCC3)cc2)c2oc3ccc(Cl)cc3c21,-6.522878745280337,,,train
COCCN(C)Cc1cn(Cc2ccc(F)cc2)c2cnc3c(c12)CCN(O)C3=O,-5.453457336521869,,,train
COCCN(C)S(=O)(=O)c1cn(Cc2ccc(F)cc2)c2cnc3c(c12)CCN(O)C3=O,-6.958607314841775,,,train
COCCN(CCOCCOCCOCCOCCOCCOCc1cccc(C(=O)Nc2sc3c(c2C(=O)N/N=C/c2ccc(Cl)c(C(F)(F)F)c2)CCC(C)(C)C3)c1)CC(=O)O,,-7.602059991327962,,train
COCCN(C[C@H]1Cc2c(cccc2N2CCNCC2)CN1)[C@H]1CCCc2cccnc21,,-9.0,,train
COCCN(Cc1cc(C(=O)N(C)C)cc2c(=O)cc(N3CCOCC3)oc12)c1cc(F)cc(F)c1,-4.958607314841775,,,train
COCCN(Cc1cc(C(=O)N(C)C)cc2c(=O)cc(N3CCO[C@H](C)C3)oc12)c1cc(F)cc(F)c1,-4.853871964321762,,,train
COCCN(c1c(C)c(Cl)cc2[nH]c(=O)c(=O)[nH]c12)S(C)(=O)=O,-8.0,,,train
COCCN(c1c(Cl)c(C)cc2[nH]c(=O)c(=O)[nH]c12)S(C)(=O)=O,-6.853871964321762,,,train
COCCN(c1c(Cl)c(Cl)cc2[nH]c(=O)c(=O)[nH]c12)S(C)(=O)=O,-8.0,,,train
COCCN1C(=O)CNc2ncc(-c3ccc(-c4nc[nH]n4)nc3C)nc21,-5.301029995663981,,,val
COCCN1CC(=O)Nc2ncc(-c3ccc(-c4nc[nH]n4)nc3C)nc21,-4.790484985457369,,,train
COCCN1CCN(C(C)(C)/C=C(\C#N)C(=O)N2CCC[C@@H](n3nc(-c4ccc(Oc5ccccc5)cc4F)c4c(N)ncnc43)C2)CC1,-6.698970004336019,,,train
COCCN1CCN(c2ccc(Cn3c(=O)[nH]c4c(N)nc(C(F)(F)F)cc43)cn2)CC1,,-5.00436480540245,,test
COCCN1CCN(c2ccc(Nc3cc(-c4ccnc(N5CCn6c(cc7c6CC(C)(C)C7)C5=O)c4CO)cn(C)c3=O)nc2)CC1,,,-4.903089986991944,train
COCCN1CCc2nc(-c3cccc(OCC(=O)NC(C)(C)C)c3)nc(Nc3ccc(-c4cn[nH]c4)cc3)c2C1,-4.911509529817604,,,train
COCCNC(=O)C1CC(=O)C2=C(C1)NC(Nc1nc3ccccc3o1)=NC2c1ccccc1Cl,,-3.1265224526374245,,train
COCCNC(=O)NS(=O)(=O)c1ccc(Oc2c(F)cc(/C=C(\C)C(=O)N=C(N)N)cc2F)cc1,,-6.698970004336019,,train
COCCNC(=O)c1cc(C(C)Nc2cc(F)cc(F)c2)c2oc(N3CCOCC3)cc(=O)c2c1,-6.552841968657781,,,train
COCCNS(=O)(=O)Nc1cccc(Cc2c(C)c3cc(Cl)c(OC(=O)N(C)C)cc3oc2=O)c1,,-5.3979400086720375,,train
COCCNc1nccc(-c2sc(C3CCNCC3)nc2-c2ccc(F)cc2)n1,,-4.522878745280337,,val
COCCNc1nonc1/C(=N/O)Nc1ccc(F)c(Br)c1,-4.356547323513813,,,train
COCCO[C@H]1CC[C@H](Nc2cc(=O)[nH]c3ccc(-c4cncs4)cc23)CC1,,,-7.2839966563652,train
COCCO[C@H]1CC[C@H](Nc2cc(=O)n(C)c3c(C)cc(-c4cncs4)cc23)CC1,,,-6.709965388637482,train
COCCO[C@H]1CC[C@H](Nc2cc(=O)n(C)c3ccc(-c4cncs4)cc23)CC1,,,-6.790484985457369,train
COCCO[C@H]1CC[C@H](Nc2nc(=O)n(C)c3ccc(-c4cncs4)cc23)CC1,,,-7.522878745280337,train
COCCOc1cc(NC(=O)C(C)(C)NC(=O)c2ccc3c(C4CCCC4)c(-c4ncc(Cl)cn4)n(C)c3c2)ccc1/C=C/C(=O)O,-4.920818753952375,,,train
COCCOc1cc(NC(=O)C2(NC(=O)c3ccc4c(C5CCCC5)c(-c5ncc(Cl)cn5)n(C)c4c3)CCC2)ccc1/C=C/C(=O)O,-4.769551078621726,,,train
COCCOc1cc2c(-n3nc(-c4ccccn4)nc3N)ncnc2cc1OC,,-3.707079700399994,,train
COCCOc1cc2ncnc(-n3nc(-c4ccccn4)nc3N)c2cc1OCCOC,,-4.779891911959945,,val
COCCOc1cccc(Nc2nc3c(s2)CCCc2n[nH]cc2-3)n1,,-7.0,,train
COCCOc1nc2c(c(N(C)C)n1)CN(C(=O)c1cc(C(C)C)c(O)cc1O)CC2,,-4.081131256619016,,train
COCCOc1nc2c(c(NC(C)C)n1)CN(C(=O)c1cc(C(C)C)c(O)cc1O)CC2,,-4.20453710560962,,test
COCCOc1nc2c(c(NC3CC3)n1)CN(C(=O)c1cc(C(C)C)c(O)cc1O)CC2,,-4.249106079617874,,train
COCCOc1nc2c(c(OC(C)C)n1)CN(C(=O)c1cc(C(C)C)c(O)cc1O)CC2,,-4.100015437450609,,val
COCCOc1nc2c(c(OC)n1)CN(C(=O)c1cc(C(C)C)c(O)cc1O)CC2,,-4.120617362825658,,val
COCCOc1ncc2c(n1)CCN(C(=O)c1cc(C(C)C)c(O)cc1O)C2,,-4.255315936723114,,train
COCC[C@H](CC1(C(=O)NC2(CO)Cc3ccccc3C2)CCCC1)C(=O)O,-6.0,,,test
COCC[C@H](CC1(C(=O)NCCCc2ccc(Cl)cc2)CCCC1)C(=O)O,-4.920818753952375,,,train
COCC[C@H](CC1(C(=O)NCCCc2ccc(F)cc2)CCCC1)C(=O)O,-4.920818753952375,,,val
COCC[C@H](CC1(C(=O)N[C@@H]2C[C@H]2c2ccc(OC)cc2)CCCC1)C(=O)O,-5.154901959985743,,,val
COCCc1ccc(OCC(O)CNC(C)C)cc1,-4.805025837699099,-5.65424321235823,-4.538970331556658,train
COCCc1cn(-c2ccc(NC(=O)Nc3ccccc3C)cc2)nn1,,-6.161150909262744,,train
COCCn1c(=O)c(-c2ccc(-n3cccc(C)c3=O)cc2Cl)cc2cnc(NC3COC3)nc21,,,-5.119186407719209,train
COCCn1cc(C(=O)C(=O)Nc2ccc(OC(C)C)nc2)c2ccccc21,-4.818156412055227,,,test
COCCn1cc(C(=O)C(=O)Nc2ccc(OC)nc2)c2ccccc21,-4.494850021680094,,,train
COCCn1cc(C(=O)Nc2cccc3ccccc23)c2ccccc21,-4.568636235841013,,,train
COCCn1cc(C(=O)c2cccc3ccccc23)c2cccnc21,-4.585026652029182,,,train
COCCn1cnc2c(c(-c3ccccc3)c(-c3ccccc3)n2Cc2ccccc2)c1=N,,-3.0,,train
COC[C@@H](NC(=O)C1(C(F)(F)F)CCCCC1)C(=O)Nc1nnc(Cc2ccc(C#N)cc2)s1,-7.086186147616283,,,train
COC[C@@H](Nc1ncnc2[nH]c(-c3ccccc3OC(F)F)cc12)c1ccccc1,-4.85078088734462,,,train
COC[C@@H]1NC(=O)c2ccccc2OCCCCCCOC[C@@H](C(=O)N[C@@H](Cc2ccccc2)C(=O)[C@@]2(C)CO2)NC1=O,-5.221848749616356,,,train
COC[C@H](C)Oc1cc(Oc2cc(F)cc(F)c2)cc(C(=O)Nc2ccc(C(=O)O)cn2)c1,-7.130768280269024,,,train
COC[C@H](C)Oc1cc(Oc2ccc(C(=O)N(C)C)cc2)cc(C(=O)Nc2cc[nH]n2)c1,-7.638272163982407,,,val
COC[C@H](C)Oc1cc(Oc2ccc(S(C)(=O)=O)cc2)cc(C(=O)Nc2ccc(C(=O)O)cn2)c1,-8.522878745280337,,,train
COC[C@H](C)Oc1cc(Oc2ccc(S(C)(=O)=O)cc2)cc(C(=O)Nc2nc(C)ns2)c1,-6.537602002101044,,,train
COC[C@H](C)Oc1cc(Oc2ccc(S(C)(=O)=O)cc2)cc(C(=O)Nc2nccs2)c1,-6.267606240177032,,,train
COC[C@H](C)Oc1cc(Oc2cnc(C(=O)N(C)C)cn2)cc(-c2nccc(=O)[nH]2)c1,,,-5.657577319177793,train
COC[C@H](Cc1ccccc1)NC[C@@H](O)c1cc(C(F)(F)F)nc2c(C(F)(F)F)cccc12,-7.214670164989233,,,train
COC[C@H](NC(=O)Cc1cc(Cl)cc(Cl)c1)C(=O)NCc1ccnc(C#N)n1,-4.634512015109101,,,train
COC[C@H]1O[C@@H](S[C@@H]2O[C@H](CO)[C@H](OC)[C@H](n3cc(-c4cccc(F)c4)nn3)[C@H]2OC)[C@H](OC)[C@@H](n2cc(-c3cccc(F)c3)nn2)[C@H]1OC,-6.154901959985743,,,train
COC[C@H]1O[C@@H](S[C@@H]2O[C@H](COC)[C@H](OC)[C@H](n3cc(-c4cccc(F)c4)nn3)[C@H]2OC)[C@H](OC)[C@@H](n2cc(-c3cccc(F)c3)nn2)[C@H]1OC,-4.568636235841013,,,train
COCc1c(C(C)C)nc(C(C)C)c(/C=C/[C@@H](O)C[C@@H](O)CC(=O)O)c1-c1ccc(F)cc1,-5.267606240177032,,-4.721246399047171,train
COCc1ccc(-c2cc3c(N[C@@H](C)c4ccn(C)n4)c(C(N)=O)cnc3cc2F)cn1,-5.508638306165728,,,val
COCc1ccc(-c2cc3c(N[C@@H](C)c4nn(C)cc4C)c(C(N)=O)cnc3cc2F)cn1,-5.920818753952375,,,train
COCc1ccc(-c2ccc3ncc(C(N)=O)c(N[C@@H](C)C4CCOCC4)c3c2)cn1,-5.494850021680094,,,train
COCc1ccc(-c2ccc3nnc(C(N)=O)c(N[C@@H](C)C4CCOCC4)c3c2)cn1,-6.154901959985743,,,val
COCc1ccc(-c2ccc3nnc(C(N)=O)c(N[C@@H](C)c4nn(C)cc4C)c3c2)cn1,-6.045757490560675,,,train
COCc1ccccc1C1CCc2nc[nH]c2C1,,-4.455047444280301,,val
COCc1ccccc1C1Cc2nccn2C1,,-4.6020599913279625,,train
COCc1cccnc1N1CCN(C[C@H]2COc3ccccc3O2)CC1,-4.347753658996677,,,train
COCc1nn(C)cc1NC(=O)c1cnn2ccc(N[C@@H]3CCCC[C@@H]3N)nc12,,,-5.698970004336019,val
CONC(=O)CCc1ccccc1,,-5.137868620686963,,val
CONC(=O)Cc1ccc(C2(NC(=O)c3cc4c(Cl)c(Cl)ccc4n3C)COC2)cc1,,-6.563837352959244,,train
CONS(=O)(=O)Nc1cccc(Cc2c(C)c3cc(Cl)c(OC(=O)N(C)C)cc3oc2=O)c1,,-5.522878745280337,,train
COP(=O)(OC)C1=C(C)NC(Nc2nc3ccccc3o2)=NC1c1ccccc1Cl,,-2.741396236335367,,train
COP(=O)(OC)c1ccc(C(F)(F)F)cc1,-4.070581074285707,,,train
COP(C)(=O)NCCCCNc1nonc1/C(=N/O)Nc1ccc(F)c(Br)c1,-5.6777807052660805,,,train
COP(C)(=O)NCCNc1nonc1/C(=N/O)Nc1ccc(F)c(Br)c1,-5.537602002101044,,,test
COP1(=S)OCc2ccccc2O1,,-5.027334407733889,,train
CO[C@@H]1/C=C/c2cc3cc(ccc3cn2)[C@@H](C)OC(=O)[C@@H]2CCCN(N2)C(=O)[C@H](C)NC(=O)[C@H](C(C)C)NC(=O)[C@@H]1C,-5.356547323513813,,,train
CO[C@@H]1CCN(c2c(NC(=O)c3nc(-c4c(F)cccc4F)sc3N)cnn2C)CC[C@H]1N,,,-6.045757490560675,train
CO[C@@H]1CCN(c2ccc(Cc3cc(C(=O)N[C@H]4CCCC[C@@H]4O)c(=O)n(C)c3C)cc2)C1,,,-4.638272163982407,train
CO[C@@H]1CC[C@@H]2CCN(C)C(=O)[C@H](C)[C@H](OC)CN(C)C(=O)c3cccc(C#N)c3OC[C@@H]1O2,-4.636764195516307,,,train
CO[C@@H]1CC[C@@]2(C)[C@@H](C1)C[C@@H](O)[C@@H]1[C@@H]2CC[C@]2(C)[C@@H]([C@H](C)CCC(=O)c3nnn[n-]3)CC[C@@H]12,-4.97061622231479,,,train
CO[C@@H]1CC[C@@]2(C)[C@@H](C1)C[C@@H](OS(=O)(=O)[O-])[C@@H]1[C@@H]2CC[C@]2(C)[C@@H]([C@H](C)CCC(=O)c3nnn[n-]3)CC[C@@H]12,-6.3979400086720375,,,train
CO[C@@H]1CC[C@@]2(C)[C@@H](C1)C[C@H](O)[C@@H]1[C@@H]2CC[C@]2(C)[C@@H]([C@H](C)CCC(=O)N3CCCC3)CC[C@@H]12,-5.214670164989233,,,train
CO[C@@H]1CC[C@@]2(C)[C@@H](C1)C[C@H](OS(=O)(=O)[O-])[C@@H]1[C@@H]2CC[C@]2(C)[C@@H]([C@H](C)CCC(=O)N3CCCC3)CC[C@@H]12,-7.0,,,train
CO[C@@H]1C[C@H](C(=O)Nc2ccc(-n3cc(Cl)ccc3=O)cc2F)N(C(=O)Nc2ccc(Cl)cc2)C1,,,-4.6777807052660805,train
CO[C@@H]1O[C@H](CNCCCCCCCn2c(-c3ccccc3)nc(-c3ccccc3)c2-c2ccccc2)[C@H]2OC(C)(C)O[C@@H]12,,-5.642065152999546,,train
CO[C@@H]1[C@@H](n2cc(-c3cc(F)c(F)c(F)c3)nn2)[C@@H](O)[C@@H](CO)O[C@H]1S[C@@H]1COC[C@H](n2cc(-c3cccc(Cl)c3)nn2)[C@H]1O,,-4.133122185662502,,train
CO[C@@H]1[C@@H](n2cc(-c3cc(F)c(F)c(F)c3)nn2)[C@@H](O)[C@@H](CO)O[C@H]1S[C@@H]1COC[C@H](n2cc(-c3cccc(F)c3)nn2)[C@H]1O,,-4.355561410532162,,val
CO[C@@H]1[C@@H](n2cc(-c3cc(F)c(F)c(F)c3)nn2)[C@@H](O)[C@@H](CO)O[C@H]1S[C@@H]1COC[C@H](n2cc(-c3cccc(O)c3)nn2)[C@H]1O,,-4.114073660198569,,test
CO[C@@H]1[C@@H](n2cc(-c3cc(F)c(F)c(F)c3)nn2)[C@@H](O)[C@@H](CO)O[C@H]1S[C@@H]1COC[C@H](n2cc(-c3cccc(OC(F)F)c3)nn2)[C@H]1O,,-4.448550002027125,,train
CO[C@@H]1[C@@H](n2cc(-c3cc(F)c(F)c(F)c3)nn2)[C@@H](O)[C@@H](CO)O[C@H]1S[C@@H]1COC[C@H](n2cc(-c3ccccc3)nn2)[C@H]1O,,-4.211831628858833,,train
CO[C@@H]1[C@@H](n2cc(-c3cc(F)c(F)c(F)c3)nn2)[C@@H](O)[C@@H](CO)O[C@H]1S[C@@H]1COC[C@H](n2cc(-c3ccccn3)nn2)[C@H]1O,,-6.301029995663981,,train
CO[C@@H]1[C@@H](n2cc(-c3cc(F)c(F)c(F)c3)nn2)[C@@H](O)[C@@H](CO)O[C@H]1S[C@@H]1COC[C@H](n2cc(-c3ccnc(Cl)c3)nn2)[C@H]1O,,-4.510041520575165,,train
CO[C@@H]1[C@@H](n2cc(-c3cc(F)c(F)c(F)c3)nn2)[C@@H](O)[C@@H](CO)O[C@H]1S[C@@H]1COC[C@H](n2cc(-c3cncnc3)nn2)[C@H]1O,,-6.698970004336019,,train
CO[C@@H]1[C@@H](n2cc(-c3cc(F)c(F)c(F)c3)nn2)[C@@H](O)[C@@H](CO)O[C@H]1S[C@@H]1COC[C@H](n2cc(-c3ncc(F)cn3)nn2)[C@H]1O,,-5.619788758288394,,train
CO[C@@H]1[C@@H](n2cc(-c3cc(F)c(F)c(F)c3)nn2)[C@@H](O)[C@@H](CO)O[C@H]1S[C@@H]1COC[C@H](n2cc(-c3ncccn3)nn2)[C@H]1O,,-6.301029995663981,,train
CO[C@@H]1[C@@H](n2cc(-c3ccc(Br)c(F)c3)nn2)[C@@H](O)[C@@H](CO)O[C@H]1S[C@@H]1COC[C@H](n2cc(-c3cncnc3)nn2)[C@H]1O,,-5.443697499232713,,train
CO[C@H]1/C=C/O[C@@]2(C)Oc3c(C)c(O)c4c(O)c(c5c(nc6cc(C)ccn65)c4c3C2=O)NC(=O)/C(C)=C\C=C\[C@H](C)[C@H](O)[C@@H](C)[C@@H](O)[C@@H](C)[C@H](OC(C)=O)[C@@H]1C,,-7.221848749616356,,test
CO[C@H]1C(=O)N[C@@H](C(C)C)C(=O)N[C@@H](C)C(=O)N2CCC[C@H](N2)C(=O)O[C@H](C)c2cccc(c2)/C=C/CC[C@H]1C,-4.920818753952375,,,train
CO[C@H]1C(=O)[C@@]2(C)[C@H]([C@H](OC(=O)c3ccccc3)[C@]34OC(=O)O[C@H]3[C@H](OC(=O)[C@H](O)[C@@H](NC(=O)OC(C)(C)C)c3ccccc3)C(C)=C1C4(C)C)[C@]1(OC(C)=O)CO[C@@H]1C[C@@H]2O,-6.055517327849832,,,test
CO[C@H]1C(=O)[C@]2(C)CC[C@H]3OC[C@@]3(OC(C)=O)[C@H]2[C@H](OC(=O)c2ccccc2)[C@]2(O)C[C@H](OC(=O)[C@H](O)[C@@H](NC(=O)OC(C)(C)C)c3ccccc3)C(C)=C1C2(C)C,-5.4388986163509445,,,train
CO[C@H]1C(=O)[C@]2(C)CC[C@H]3OC[C@@]3(OC(C)=O)[C@H]2[C@H](OC(=O)c2ccccc2)[C@]2(O)C[C@H](OC(=O)[C@H](O)[C@H](CC(C)C)NC(=O)OC(C)(C)C)C(C)=C1C2(C)C,-5.1444808443322,,,train
CO[C@H]1C(=O)[C@]2(C)CC[C@H]3OC[C@@]3(OC(C)=O)[C@H]2[C@H](OC(=O)c2ccccc2)[C@]23OC(=O)O[C@H]2[C@H](OC(=O)[C@H](O)[C@@H](NC(=O)OC(C)(C)C)c2ccccc2)C(C)=C1C3(C)C,-5.578396073130169,,,test
CO[C@H]1C(=O)[C@]2(C)[C@@H](OC(=O)N(C)C)C[C@H]3OC[C@@]3(OC(C)=O)[C@H]2[C@H](OC(=O)c2ccccc2)[C@]2(O)C[C@H](OC(=O)[C@H](O)[C@@H](NC(=O)OC(C)(C)C)c3ccccc3)C(C)=C1C2(C)C,-4.976747540366288,,-5.856985199745905,train
CO[C@H]1C(=O)[C@]2(C)[C@@H](OC(=O)N(C)C)C[C@H]3OC[C@@]3(OC(C)=O)[C@H]2[C@H](OC(=O)c2ccccc2)[C@]2(O)C[C@H](OC(=O)[C@H](O)[C@@H](NC(=O)OC(C)(C)C)c3ccccn3)C(C)=C1C2(C)C,-5.355561410532162,,,train
CO[C@H]1C(=O)[C@]2(C)[C@@H](OC(=O)N(C)C)C[C@H]3OC[C@@]3(OC(C)=O)[C@H]2[C@H](OC(=O)c2ccccc2)[C@]2(O)C[C@H](OC(=O)[C@H](O)[C@@H](NC(=O)c3ccccc3)c3ccccc3)C(C)=C1C2(C)C,-5.485452247339714,,,test
CO[C@H]1C(=O)[C@]2(C)[C@@H](OC(=O)N(C)C)C[C@H]3OC[C@@]3(OC(C)=O)[C@H]2[C@H](OC(=O)c2ccccc2)[C@]2(O)C[C@H](OC(=O)[C@H](O)[C@H](CC(C)C)NC(=O)OC(C)(C)C)C(C)=C1C2(C)C,-4.971428747307463,,,train
CO[C@H]1C(=O)[C@]2(C)[C@@H](OC(=O)N(C)C)C[C@H]3OC[C@@]3(OC(C)=O)[C@H]2[C@H](OC(=O)c2ccccc2)[C@]23OC(=O)O[C@H]2[C@H](OC(=O)[C@H](O)[C@@H](NC(=O)OC(C)(C)C)c2ccccc2)C(C)=C1C3(C)C,-5.777283528852417,,,train
CO[C@H]1C(=O)[C@]2(C)[C@@H](OC(=O)N(C)C)C[C@H]3OC[C@@]3(OC(C)=O)[C@H]2[C@H](OC(=O)c2ccccc2)[C@]23OC(=O)O[C@H]2[C@H](OC(=O)[C@H](O)[C@@H](NC(=O)OC(C)(C)C)c2ccccn2)C(C)=C1C3(C)C,-5.609064892896621,,,train
CO[C@H]1C(=O)[C@]2(C)[C@@H](OC(=O)N(C)C)C[C@H]3OC[C@@]3(OC(C)=O)[C@H]2[C@H](OC(=O)c2ccccc2)[C@]23OC(=O)O[C@H]2[C@H](OC(=O)[C@H](O)[C@H](CC(C)C)NC(=O)OC(C)(C)C)C(C)=C1C3(C)C,-5.619788758288394,,,train
CO[C@H]1C(=O)[C@]2(C)[C@@H](OC)C[C@H]3OC[C@@]3(OC(C)=O)[C@H]2[C@H](OC(=O)c2ccccc2)[C@]2(O)C[C@H](OC(=O)[C@H](O)[C@@H](NC(=O)OC(C)(C)C)c3ccccc3)C(C)=C1C2(C)C,-5.428291168191312,,,train
CO[C@H]1C(=O)[C@]2(C)[C@@H](OC)C[C@H]3OC[C@@]3(OC(C)=O)[C@H]2[C@H](OC(=O)c2ccccc2)[C@]23OC(=O)O[C@H]2[C@H](OC(=O)[C@H](O)[C@@H](NC(=O)OC(C)(C)C)c2ccccc2)C(C)=C1C3(C)C,-5.54821356447571,,,train
CO[C@H]1C(=O)[C@]2(C)[C@@H](OC)C[C@H]3OC[C@@]3(OC(C)=O)[C@H]2[C@H](OC(=O)c2ccccc2)[C@]23OC(=O)O[C@H]2[C@H](OC(=O)[C@H](O)[C@@H](NC(=O)OC(C)(C)C)c2ccccn2)C(C)=C1C3(C)C,-5.436518914605589,,,train
CO[C@H]1C(=O)[C@]2(C)[C@@H](OC)C[C@H]3OC[C@@]3(OC(C)=O)[C@H]2[C@H](OC(=O)c2ccccc2)[C@]23OC(=O)O[C@H]2[C@H](OC(=O)[C@H](O)[C@@H](NC(=O)c2ccccc2)c2ccccc2)C(C)=C1C3(C)C,-5.8297382846050425,,,train
CO[C@H]1C(=O)[C@]2(C)[C@@H](OC)C[C@H]3OC[C@@]3(OC(C)=O)[C@H]2[C@H](OC(=O)c2ccccc2)[C@]23OC(=O)O[C@H]2[C@H](OC(=O)[C@H](O)[C@H](CC(C)C)NC(=O)OC(C)(C)C)C(C)=C1C3(C)C,-5.590066876668706,,,train
CO[C@H]1CCC[C@@H](Nc2nc(N[C@H]3CC[C@H](OC)CC3)ncc2C(N)=O)C1,-4.432973633840939,,,train
CO[C@H]1CCN(c2cn3c(n2)-c2ccc(N4CCC[C@H]4C(N)=O)cc2OCC3)C1=O,,,-5.585026652029182,train
CO[C@H]1CCN[C@@H]1CNC(=O)c1ccc(-c2cnc3ccc(NCC4CC4)nn23)cc1,,-5.187086643357144,,test
CO[C@H]1CC[C@@H](C(=O)Nc2nc(C)c(-c3ccc(N)nc3)s2)CC1,-4.7447274948966935,,,train
CO[C@H]1CC[C@@]2(/C=C/c3ccc4ccc(nc4c3)[C@@H](C)NC(=O)[C@@H]3CCCN(N3)C(=O)[C@H](C)NC(=O)[C@H](C(C)C)OC2=O)CC1,-4.886056647693163,,,val
CO[C@H]1CC[C@H](CN2C[C@@H](c3ccccc3)N(C3CCN(C4(C)CCN(C(=O)c5c(C)ncnc5C)CC4)CC3)C2=O)CC1,-5.853871964321762,,,train
CO[C@H]1CC[C@H](N2C(=O)CNc3ncc(-c4ccc(-c5nc[nH]n5)nc4C)nc32)CC1,-5.013228265733756,,,test
CO[C@H]1CC[C@H](N2CC(=O)Nc3ncc(-c4ccc(-c5nc[nH]n5)nc4C)nc32)CC1,-4.8297382846050425,,,train
CO[C@H]1CC[C@H](Nc2cc(=O)[nH]c3c(C)cc(-c4cncs4)cc23)CC1,,,-6.694648630553377,train
CO[C@H]1CC[C@H](Nc2cc(=O)n(C)c3c(C)cc(-c4cncs4)cc23)CC1,,,-6.522878745280337,train
CO[C@H]1CC[C@H](Nc2nc(=O)n(C)c3ccc(-c4cncs4)cc23)CC1,,,-7.327902142064283,train
CO[C@H]1CC[C@H](Nc2ncc(C(N)=O)c(NC(C)(C)C)n2)CC1,-4.311580177997289,,,test
CO[C@H]1CC[C@H](Nc2ncc(C(N)=O)c(NC34CC(C3)C4)n2)CC1,-4.478861916295964,,,train
CO[C@H]1CC[C@H](Nc2ncc(C(N)=O)c(NCCC(C)(C)O)n2)CC1,-5.366531544420414,,,train
CO[C@H]1CC[C@H](Nc2ncc(C(N)=O)c(N[C@@H]3CCCC(F)(F)C3)n2)CC1,-4.298432014944073,,,train
CO[C@H]1CC[C@H](Nc2ncc(C(N)=O)c(N[C@@H]3CCCC[C@H](O)C3)n2)CC1,-5.4089353929735005,,,test
CO[C@H]1CC[C@H](Nc2ncc(C(N)=O)c(N[C@@H]3CCCC[C@H]3O)n2)CC1,-5.2076083105017466,,,train
CO[C@H]1CC[C@H](Nc2ncc(C(N)=O)c(N[C@@H]3CCCOC3)n2)CC1,-4.694648630553377,,,train
CO[C@H]1CC[C@H](Nc2ncc(C(N)=O)c(N[C@@H]3CCC[C@H](O)C3)n2)CC1,-5.939302159646388,,,train
CO[C@H]1CC[C@H](Nc2ncc(C(N)=O)c(N[C@@H]3CCC[C@](C)(O)C3)n2)CC1,-5.823908740944319,,,train
CO[C@H]1CC[C@H](Nc2ncc(C(N)=O)c(N[C@@H]3CC[C@@H](C)[C@H](O)C3)n2)CC1,-5.431798275933005,,,train
CO[C@H]1CC[C@H](n2c([C@@H](C)O)nc3cnc4[nH]ccc4c32)CC1,,,-5.173925197299174,test
CO[C@H]1CN(C)C(=O)c2cc(C#N)ccc2OC[C@@H]2O[C@H](CC[C@H]2OC)CCN(C)C(=O)[C@@H]1C,-5.723538195826756,,,train
CO[C@H]1CN(C)C(=O)c2cccc(C#N)c2OC[C@@H]2O[C@H](CC[C@H]2OC)CCN(C)C(=O)[C@@H]1C,-5.196542884351586,,,test
CO[C@H]1CN[C@H](CNC(=O)c2ccc(-c3cnc4ccc(NCC5CC5)nn34)cc2)C1,,-5.698970004336019,,train
CO[C@H]1C[C@@](CC#N)(n2cc(-c3nc(-c4cnn(C)c4)cn4nccc34)cn2)C1,,,-4.698970004336019,val
CO[C@H]1C[C@H]2OC[C@@]2(OC(C)=O)[C@H]2[C@H](OC(=O)c3ccccc3)[C@]3(O)C[C@H](OC(=O)[C@H](O)[C@@H](NC(=O)OC(C)(C)C)c4ccccc4)C(C)=C([C@@H](OC(=O)N(C)C)C(=O)[C@]12C)C3(C)C,-5.090979145788844,,,train
CO[C@H]1C[C@H]2OC[C@@]2(OC(C)=O)[C@H]2[C@H](OC(=O)c3ccccc3)[C@]3(O)C[C@H](OC(=O)[C@H](O)[C@@H](NC(=O)OC(C)(C)C)c4ccccn4)C(C)=C([C@@H](OC(=O)N(C)C)C(=O)[C@]12C)C3(C)C,-5.519993057042849,,,train
CO[C@H]1C[C@H]2OC[C@@]2(OC(C)=O)[C@H]2[C@H](OC(=O)c3ccccc3)[C@]3(O)C[C@H](OC(=O)[C@H](O)[C@@H](NC(=O)c4ccccc4)c4ccccc4)C(C)=C([C@@H](OC(=O)N(C)C)C(=O)[C@]12C)C3(C)C,-5.531652669587843,,,train
CO[C@H]1C[C@H]2OC[C@@]2(OC(C)=O)[C@H]2[C@H](OC(=O)c3ccccc3)[C@]3(O)C[C@H](OC(=O)[C@H](O)[C@H](CC(C)C)NC(=O)OC(C)(C)C)C(C)=C([C@@H](OC(=O)N(C)C)C(=O)[C@]12C)C3(C)C,-5.087777943467585,,,train
CO[C@H]1C[C@H]2OC[C@@]2(OC(C)=O)[C@H]2[C@H](OC(=O)c3ccccc3)[C@]34OC(=O)O[C@H]3[C@H](OC(=O)[C@H](O)[C@@H](NC(=O)OC(C)(C)C)c3ccccc3)C(C)=C([C@@H](OC(=O)N(C)C)C(=O)[C@]12C)C4(C)C,-4.785156151952302,,-5.853871964321762,train
CO[C@H]1C[C@H]2OC[C@@]2(OC(C)=O)[C@H]2[C@H](OC(=O)c3ccccc3)[C@]34OC(=O)O[C@H]3[C@H](OC(=O)[C@H](O)[C@@H](NC(=O)OC(C)(C)C)c3ccccn3)C(C)=C([C@@H](OC(=O)N(C)C)C(=O)[C@]12C)C4(C)C,-5.329754146925876,,,train
CO[C@H]1C[C@H]2OC[C@@]2(OC(C)=O)[C@H]2[C@H](OC(=O)c3ccccc3)[C@]34OC(=O)O[C@H]3[C@H](OC(=O)[C@H](O)[C@H](CC(C)C)NC(=O)OC(C)(C)C)C(C)=C([C@@H](OC(=O)N(C)C)C(=O)[C@]12C)C4(C)C,-5.97061622231479,,,train
CO[C@H]1C[C@](CC#N)(n2cc(-c3nc(-c4cnn(C)c4)cn4nccc34)cn2)C1,,,-4.657577319177793,train
CO[C@]12CC3CC(C1)[C@@H](NC(=O)c1cnn4cc(C)cnc14)C(C3)C2,,,-4.309803919971486,train
COc1c(-c2cc3ccc(NS(C)(=O)=O)cc3c(=O)o2)cc(-c2ccc[nH]c2=O)cc1C(C)(C)C,-6.522878745280337,,,train
COc1c(-c2ccc3c(CNS(C)(=O)=O)csc3c2)cc(-n2ccc(=O)[nH]c2=O)cc1C(C)(C)C,,-6.091514981121351,,train
COc1c(-c2ccc3c(c2)CC/C3=N\NS(C)(=O)=O)cc(-n2ccc(=O)[nH]c2=O)cc1C(C)(C)C,,-6.327902142064283,,train
COc1c(-c2ccc3c(c2)CC=C3C(C)(C)NS(C)(=O)=O)cc(-n2ccc(=O)[nH]c2=O)cc1C(C)(C)C,,-5.391473966422806,,train
COc1c(-c2ccc3c(c2)CC=C3CNS(C)(=O)=O)cc(-n2ccc(=O)[nH]c2=O)cc1C(C)(C)C,,-5.265200170411153,,train
COc1c(-c2ccc3c(c2)CCC3CNS(C)(=O)=O)cc(-n2ccc(=O)[nH]c2=O)cc1C(C)(C)C,,-5.049148541111454,,train
COc1c(-c2ccc3c(c2)CCC3NNS(C)(=O)=O)cc(-n2ccc(=O)[nH]c2=O)cc1C(C)(C)C,,-6.619788758288394,,test
COc1c(-c2ccc3cc(CNS(C)(=O)=O)sc3c2)cc(-n2ccc(=O)[nH]c2=O)cc1C(C)(C)C,,-6.091514981121351,,train
COc1c(-c2ccc3nc(NS(C)(=O)=O)sc3c2)cc(-n2ccc(=O)[nH]c2=O)cc1C(C)(C)C,,-5.853871964321762,,train
COc1c(-c2nc3cc(NS(C)(=O)=O)ccc3o2)cc(-c2ccc[nH]c2=O)cc1C(C)(C)C,-6.045757490560675,,,val
COc1c(/C=C/c2ccc(NS(C)(=O)=O)cc2)cc(-c2ccc[nH]c2=O)cc1C(C)(C)CO,-6.721246399047171,,,val
COc1c(/C=C/c2ccc(NS(C)(=O)=O)cc2)cc(-c2ccc[nH]c2=O)cc1C1(C)COC1,-6.443697499232713,,,train
COc1c(/C=C/c2ccc(NS(C)(=O)=O)cc2)cc(-c2ccc[nH]c2=O)cc1C1(Cl)CC1,-5.806875401645539,,,val
COc1c(C(=O)NC2(C(=O)N[C@H](CCCN3CCN(CC4CCOCC4)CC3)Cc3ccccc3)CCCC2)ccc2ccccc12,-4.931814138253839,-5.169411331314856,,train
COc1c(C(=O)Nc2ccc(NS(C)(=O)=O)cc2)cc(N2CCC(=O)NC2=O)cc1C(C)(C)C,,-6.657577319177794,,val
COc1c(C)cnc(Cn2cc(C#CCC(C)(C)O)c3c(Cl)nc(N)nc32)c1C,-4.459670525209126,,,train
COc1c(C)cnc(Cn2cnc3c(Cl)nc(N)nc32)c1C,-4.698970004336019,,,train
COc1c(CCc2ccc(NS(C)(=O)=O)cc2)cc(-c2ccc[nH]c2=O)cc1C(C)(C)C,-5.823908740944319,,,train
COc1c(Cc2cccc(C)c2C)cc(=O)n2c1SCC2C(=O)Nc1cc(C)cc(F)c1,-5.6777807052660805,,,train
COc1c(Cc2ccccc2)c(C)nc2ccc(Cl)cc12,,-3.5719138237463506,,train
COc1c(NC(=O)c2ccc(NS(C)(=O)=O)cc2)cc(-c2ccc[nH]c2=O)cc1C(C)(C)C,-6.522878745280337,,,train
COc1c(O)c(C(N)=O)cc(-c2cn(CC(=O)Nc3cc(N4CCN(C)C[C@@H]4C)nc(F)c3Cl)c3ncn(C)c(=O)c23)c1F,-5.6777807052660805,,,train
COc1c(O)c(C(N)=O)cc(-c2cn(CC(=O)Nc3cc(N4CCN(C)C[C@@H]4C)ncc3Cl)c3ncn(C)c(=O)c23)c1F,-5.958607314841775,,,train
COc1c(S(=O)(=O)Nc2ccc(C(F)(F)F)cc2)ccc2c1C(=O)NC(C)(C)C(=O)N2,-5.154901959985743,,,train
COc1c([C@H](C)Nc2ncnc(N)c2C#N)cc(Cl)c(C)c1-c1cncc(S(C)(=O)=O)c1,-5.102372908709558,,,train
COc1c([C@H](C)Nc2ncnc3[nH]cnc23)cc(Cl)c(C)c1-c1cncc(S(C)(=O)=O)c1,-6.301029995663981,,,train
COc1c([C@H](C)n2nc(C)c3c(N)ncnc32)cc(Cl)c(C)c1C1CNC(=O)C1,-5.552841968657781,,,test
COc1c2c(cc3c1OCO3)[C@]13C=C[C@H](OC)C[C@@H]1[N@](C2)C[C@H]3OC(=O)c1cccc(C)c1,,-5.096910013008056,,test
COc1c2c(cc3c1OCO3)[C@]13C=C[C@H](OC)C[C@@H]1[N@](C2)C[C@H]3OC(=O)c1cccc2ccccc12,,-5.045757490560675,,train
COc1c2c(cc3c1OCO3)[C@]13C=C[C@H](OC)C[C@@H]1[N@](C2)C[C@H]3OC(=O)c1ccccc1,,-4.920818753952375,,train
COc1c2c(cc3c1OCO3)[C@]13C=C[C@H](OC)C[C@@H]1[N@](C2)C[C@H]3OC(=O)c1ccccc1C,,-4.721246399047171,,train
COc1c2c(cc3c1OCO3)[C@]13C=C[C@H](OC)C[C@@H]1[N@](C2)C[C@H]3OC(=O)c1ccccc1[N+](=O)[O-],,-4.920818753952375,,train
COc1cc(-c2ccc3nc(NC(C)=O)sc3c2)cnc1N,-5.173925197299174,,,train
COc1cc(-c2ccnc3c2c(C)nn3-c2ccc(C(F)(F)F)cc2)ccc1O,-7.0,,,train
COc1cc(-c2ccnc3c2c(C)nn3-c2cccc(C(F)(F)F)c2)ccc1O,-6.886056647693163,,,train
COc1cc(-c2cncc(-c3ccc(C4=CCNCC4)cc3)c2C)cc(OC)c1OC,-5.537602002101044,,,train
COc1cc(-c2cncc(-c3ccc(C4CCN(C)CC4)cc3)c2C)cc(OC)c1OC,-5.013228265733756,,,train
COc1cc(-c2cncc(-c3ccc(N4CCN(C(C)C)CC4)cc3)c2C)cc(F)c1C(N)=O,-5.2441251443275085,,,train
COc1cc(-c2cncc(-c3ccc(N4CCN(C)CC4)cc3)c2C)cc(F)c1C(N)=O,-5.259637310505756,,,train
COc1cc(-c2cncc(-c3ccc(N4CCN(S(C)(=O)=O)CC4)cc3)c2C)cc(OC)c1OC,-4.462180904926726,,,train
COc1cc(-c2cncc(-c3ccc(N4CCNCC4)cc3)c2C)cc(F)c1C(N)=O,-6.522878745280337,,,train
COc1cc(-c2cncc(-c3ccc(N4CCNCC4)cc3)c2C)cc(OC)c1F,-5.744727494896694,,,train
COc1cc(-c2cncc(-c3ccc(N4CCNCC4)cc3)c2C)cc(OC)c1OC,-5.267606240177032,,,test
COc1cc(-c2cncc(-c3ccc(N4C[C@@H](C)N(C)[C@@H](C)C4)cc3)c2C)cc(F)c1C(N)=O,-5.366531544420414,,,test
COc1cc(-c2cncc(-c3ccc(OC4CCNCC4)cc3)c2C)cc(OC)c1OC,-5.3872161432802645,,,train
COc1cc(-c2nc(=O)n(CCC3CCCO3)c3c2oc2ncc(-c4cnn(C)c4)cc23)ccn1,-4.6020599913279625,,,train
COc1cc(-c2nc3ccc(-c4cccc(CN(C)C)c4)cc3c(=O)n2CC(=O)NC(C)C)ccc1F,-7.167491087293763,,,test
COc1cc(-n2cccn2)ccc1-c1nnc(N(C)C2CC(C)(C)NC(C)(C)C2)s1,-4.860120913598764,,,train
COc1cc(/C=C/C(=O)CC(=O)/C=C/c2ccc(O)c(OC)c2)ccc1O,-8.301029995663981,,,test
COc1cc(/C=C/C(=O)O)ccc1O,-5.0,,,train
COc1cc(/C=C/C(=O)O)ccc1[C@@H]1c2ccc3[nH]ncc3c2C[C@@H](C)N1CC(C)(F)F,,,-5.075720713938119,train
COc1cc(/C=C/C(=O)O[C@@H]2C[C@](O)(C(=O)O)C[C@@H](O)[C@H]2O)ccc1O,-6.6020599913279625,,,train
COc1cc(/C=C/C(=O)c2cccnc2)ccc1O,,-5.00436480540245,,train
COc1cc(/C=C2\CCCN([C@@H](C)c3ccc(F)cc3)C2=O)ccc1-n1cnc(C)c1,-6.237321436272564,,-4.795880017344075,train
COc1cc(/C=C2\CCCN3C2=NOC3(C)c2ccc(F)cc2)ccc1-n1cnc(C)c1,-6.460923901207224,,,train
COc1cc(/C=C2\CCCN3C2=NOC[C@@H]3c2cc(F)c(F)c(F)c2)ccc1-n1cnc(C)c1,-6.609064892896621,,,val
COc1cc(/C=C2\CCCN3C2=NO[C@]3(CO)c2ccc(F)cc2)ccc1-n1cnc(C)c1,-6.519993057042849,,,train
COc1cc(=O)oc2cc(OCCN3CCN(CCCNc4c5c(nc6ccccc46)CCCC5)CC3)ccc12,,-5.707743928643524,,train
COc1cc(C#N)c(Oc2ccccc2C)cc1-n1c(=O)cc(-c2ccccc2)[nH]c1=O,-6.546681659952962,,,train
COc1cc(C#N)c(Oc2ccccc2C)cc1-n1c(=O)cc(Br)[nH]c1=O,-7.1487416512809245,,,test
COc1cc(C#N)c(Oc2ccccc2C)cc1-n1c(=O)cc(C(F)(F)C(F)(F)F)[nH]c1=O,-7.481486060122113,,,train
COc1cc(C#N)c(Oc2ccccc2C)cc1-n1c(=O)cc(C(F)(F)Cl)[nH]c1=O,-7.522878745280337,,,test
COc1cc(C#N)c(Oc2ccccc2C)cc1-n1c(=O)cc(C(F)(F)F)[nH]c1=O,-7.638272163982407,,,train
COc1cc(C#N)c(Oc2ccccc2C)cc1-n1c(=O)cc(C(F)(F)c2ccccc2)[nH]c1=O,-6.482804102050026,,,train
COc1cc(C#N)c(Oc2ccccc2C)cc1-n1c(=O)cc(C(N)=O)[nH]c1=O,-7.958607314841775,,,train
COc1cc(C#N)c(Oc2ccccc2C)cc1-n1c(=O)cc(S(=O)(=O)c2ccccc2)[nH]c1=O,-9.30102999566398,,,train
COc1cc(C#N)c(Oc2ccccc2C)cc1-n1c(=O)cc(S(C)(=O)=O)[nH]c1=O,-7.537602002101044,,,train
COc1cc(C#N)c2ccc(=O)n(CCN3CCC(NCc4cnc(C)c(C#N)c4)CC3)c2c1,-5.0,,,train
COc1cc(C(=O)N2CC(C)(CCO)OC[C@H]2C)cn2nc(NCc3cccc(Cl)c3)nc12,-7.091514981121351,,,val
COc1cc(C(=O)N2CC(C)C(O)CC2C)cc2nc(NCc3cccc(Cl)c3)oc12,-6.896196279044043,,,train
COc1cc(C(=O)N2CC(C)C(O)CC2C2CC2)cc2nc(NCc3cccc(Cl)c3)oc12,-6.860120913598763,,,test
COc1cc(C(=O)N2CC(C)C(O)CC2CCO)cc2nc(NCc3cccc(Cl)c3)oc12,-8.0268721464003,,,train
COc1cc(C(=O)N2CC(C)CCC2CCO)cc2nc(NCc3cccc(Cl)c3)oc12,-6.718966632752273,,,train
COc1cc(C(=O)N2CC(C)OCC2C2CC(O)C2)cn2nc(NCc3cccc(Cl)c3)nc12,-7.142667503568732,,,train
COc1cc(C(=O)N2CC(C)OCC2CCO)cc2nc(NCc3cc(Cl)ccn3)oc12,-6.954677021213342,,,train
COc1cc(C(=O)N2CCC(O)C(C)C2)cc2nc(NCc3cc(Cl)ccn3)oc12,-7.387216143280264,,,train
COc1cc(C(=O)N2CCC(O)C(C)C2)cc2nc(NCc3cccc(Cl)c3)oc12,-7.075720713938118,,,train
COc1cc(C(=O)N2CCC(O)C(C)C2)cc2nc(NCc3cncc(Cl)c3)oc12,-8.031517051446064,,,val
COc1cc(C(=O)N2CCC(O)C(C)C2)cn2nc(NCc3cccc(Cl)c3)nc12,-7.1487416512809245,,,train
COc1cc(C(=O)N2CCC(O)CC2)cc2nc(NCc3cccc(Cl)c3)oc12,-7.1487416512809245,,,train
COc1cc(C(=O)N2CCCC(c3cc4ncccc4[nH]3)C2)on1,,-5.196542884351586,,train
COc1cc(C(=O)N2CC[C@@H](O)[C@H](C)C2)cc2nc(NCc3cccc(Cl)c3)oc12,-6.8996294548824375,,,train
COc1cc(C(=O)N2CCc3c(c(=O)oc4c(C)c(N5CCN(C)CC5)ccc34)C2)ccc1NS(C)(=O)=O,,-4.354577730650908,,train
COc1cc(C(=O)N2C[C@H](C)OC[C@@H]2CCO)cc2nc(N[C@H](C)c3cccc(Cl)c3)oc12,-6.995678626217358,,,train
COc1cc(C(=O)N2C[C@H](C)OC[C@@H]2CCO)cc2nc(N[C@H](CF)c3cccc(Cl)c3)oc12,-6.882728704344236,,,test
COc1cc(C(=O)NC(=N)Nc2ccc(C)c(NC(=O)c3ccc(-c4ccc(F)cc4)cc3)c2)cc(OC)c1OC,-6.436518914605589,,,train
COc1cc(C(=O)NC(=N)Nc2ccc(C)c(NC(=O)c3ccc(-c4ccccc4)cc3)c2)cc(OC)c1OC,-6.368556230986828,,,train
COc1cc(C(=O)NC(=N)Nc2ccc(C)c(NC(=O)c3ccc(CCc4ccccc4)cc3)c2)cc(OC)c1OC,-6.154281982033342,,,train
COc1cc(C(=O)NCCF)c2ncn(Cc3ncnc(N(C)C)c3C)c2c1,-4.585026652029182,,,train
COc1cc(C(=O)N[C@@H](c2ccccc2F)C(C)(C)O)ccc1-c1cn[nH]c1,,-6.356547323513813,,train
COc1cc(C(=O)N[C@H](C)c2c(F)cccc2F)ccc1-c1cn[nH]c1,,-6.214670164989233,,train
COc1cc(C(=O)N[C@H](CO)c2ccccc2)ccc1-c1cn[nH]c1,,-6.958607314841775,,train
COc1cc(C(C)C)c(Cc2ccc(/C=C/C(C)(C)C(=O)NC(C)(C)CO)cc2)cc1[C@@H]1O[C@H](CO)[C@@H](O)[C@H](O)[C@H]1O,,-5.744727494896694,,train
COc1cc(C(F)(F)F)ccc1-c1cccc2cc(S(=O)(=O)Nc3ccccn3)ccc12,,,-5.022276394711152,train
COc1cc(C(F)(F)F)ccc1-c1cccc2cc(S(=O)(=O)Nc3ccncn3)ccc12,,,-4.568636235841013,train
COc1cc(C(F)(F)F)ccc1-c1cccc2cc(S(=O)(=O)Nc3cncs3)ccc12,,,-4.552841968657781,train
COc1cc(C(F)(F)F)ccc1-c1cccc2cc(S(=O)(=O)Nc3cscn3)ccc12,,,-4.568636235841013,train
COc1cc(C(F)(F)F)ccc1-c1cccc2cc(S(=O)(=O)Nc3ncccn3)ccc12,,,-4.443697499232713,train
COc1cc(C(F)(F)F)ccc1-c1cccc2cc(S(=O)(=O)Nc3nccs3)ccc12,,,-4.920818753952375,train
COc1cc(C(F)(F)F)ccc1-c1cccc2cc(S(=O)(=O)Nc3ncns3)ccc12,,,-4.769551078621726,train
COc1cc(C(F)(F)F)ccc1-c1cnnc2cc(S(=O)(=O)Nc3nccs3)ccc12,,,-4.443697499232713,test
COc1cc(C(F)(F)F)ccc1-c1n[nH]c(=O)c2cc(S(=O)(=O)Nc3nccs3)ccc12,,,-5.494850021680094,val
COc1cc(C(F)(F)F)ccc1-c1nccc2cc(S(=O)(=O)Nc3nccs3)ccc12,,,-4.468521082957745,train
COc1cc(C(F)(F)F)ccc1-c1nccc2cc(S(=O)(=O)Nc3nccs3)cnc12,,,-4.920818753952375,train
COc1cc(C(F)(F)F)ccc1-c1ncnc2cc(S(=O)(=O)Nc3nccs3)ccc12,,,-4.508638306165727,train
COc1cc(C(N)=O)ccc1-c1cc2c(N[C@H](CO)c3ccccc3)ncnc2[nH]1,-7.522878745280337,,,train
COc1cc(C)[nH]c(=O)c1CN1CCc2c(Cl)cc(-c3c(C)noc3C)c(Cl)c2C1=O,,,-4.958607314841775,train
COc1cc(C)[nH]c(=O)c1CN1CCc2c(Cl)cc(C(OC)C3(C)COC3)c(Cl)c2C1=O,,,-5.2814419534759605,train
COc1cc(C)[nH]c(=O)c1CN1CCc2c(Cl)cc(C(OC)C3CCN(C(=O)CO)CC3)c(Cl)c2C1=O,,,-5.891258027893047,train
COc1cc(C)[nH]c(=O)c1CN1CCc2c(Cl)cc(C(OC)C3CCOC3)c(Cl)c2C1=O,,,-5.111810467172966,train
COc1cc(C)[nH]c(=O)c1CN1CCc2c(Cl)cc([C@@H](O)C3COC3)c(Cl)c2C1=O,,,-5.920818753952375,val
COc1cc(C)[nH]c(=O)c1CN1CCc2c(Cl)cc([C@@H](OC)C3COC3)c(Cl)c2C1=O,,,-5.167491087293763,train
COc1cc(C)[nH]c(=O)c1CN1CCc2c(Cl)cc([C@H](O)C3COC3)c(Cl)c2C1=O,,,-6.154901959985743,test
COc1cc(C)[nH]c(=O)c1CN1CCc2c(Cl)cc([C@H](OC)C3COC3)c(Cl)c2C1=O,,,-5.318758762624413,val
COc1cc(C)c(-c2cnc3[nH]c(-c4c(F)cccc4Cl)cc3c2)cn1,,-7.0,,test
COc1cc(C)c(C(=O)N2C[C@H]3CN(CC[C@H](NC(=O)C4CCCC4)c4ccccc4)C[C@H]3C2)c(C)c1,-4.481486060122113,,,train
COc1cc(C)c(C(=O)NS(=O)(=O)c2ccccc2)cc1-c1ccc(C#CCO)s1,-6.301029995663981,,,train
COc1cc(C)c(C(=O)NS(C)(=O)=O)cc1-c1ccc(C#CCO)s1,-6.301029995663981,,,train
COc1cc(C)c(S(=O)(=O)NC(=O)c2cccc3cccnc23)cc1-c1ccc(C#CCO)s1,-5.590066876668706,,,train
COc1cc(C2=NN(C(=S)Nc3ccccc3)C(c3ccc(Cl)cc3)C2)ccc1O,,-5.019996628416254,,train
COc1cc(C2=NN(C(C)=O)C(c3ccc(-c4ccccc4)cc3)C2)cc(OC)c1OC,,-5.102922996790579,,train
COc1cc(C2=NN(S(=O)(=O)c3ccc(C)cc3)C(c3ccc(Cl)cc3)C2)ccc1O,,-4.920456992597094,,train
COc1cc(C2=NNC(c3ccc(Cl)cc3)C2)ccc1O,,-4.858236769724212,,test
COc1cc(C2CCN(c3cc(N4CC[C@H]4C(=O)NCCc4ccc(C#N)cc4)nc(C(F)(F)F)n3)CC2)ccc1C(=O)O,-5.568636235841013,,,train
COc1cc(C2Oc3ccc4c(=O)c5ccccc5oc4c3OC2CO)ccc1O,-4.841637507904751,,,train
COc1cc(C2c3ccc4ccccc4c3Oc3nc4c(c(N)c32)CCCC4)cc(OC)c1OC,,-4.6307841425898575,,train
COc1cc(CC(=O)N2CC(=O)N[C@@H](Cc3ccccc3)C(=O)N(CC(N)=O)C(=O)CCSCc3ccc(cc3)C(=O)N[C@@H](CCCCN)CN(C(=O)CCC3CCCCC3)CC(=O)N[C@@H](Cc3ccccc3)CN(C(=O)CCc3ccccc3)CC(=O)N[C@@H](Cc3ccccc3)C2)cc(OC)c1,,-3.575118363368933,,train
COc1cc(CC(=O)N2C[C@@H](F)C[C@H]2COc2ccc(C(=O)O)cc2)ccc1NC(=O)Nc1ccccc1Br,,,-5.576754126063192,test
COc1cc(CC(=O)N2C[C@@H](F)C[C@H]2COc2ccc(C(=O)O)cc2)ccc1NC(=O)Nc1ccccc1C,,,-6.154901959985743,train
COc1cc(CC(=O)N2C[C@@H](F)C[C@H]2COc2ccc(C(=O)O)cc2)ccc1NC(=O)Nc1ccccc1Cl,,,-5.769551078621726,train
COc1cc(CCNc2nc(C#Cc3ccccc3)nc3c2ncn3[C@H]2[C@H](O)[C@H](O)[C@@H]3C[C@@H]32)ccc1O,-5.567030709125595,,,train
COc1cc(CCc2cnc(Nc3ccc(N4CCC(N5CCN(C)CC5)CC4)c(OC)c3)nc2)c(F)c(OC)c1,,-4.61261017366127,,val
COc1cc(CCc2cnc(Nc3ccc(N4CCC(N5CCN(C)CC5)CC4)c(OC)c3)nc2)cc(OC)c1,,-4.82102305270683,,train
COc1cc(CN(C)C(=O)c2c(OCCCC3CCN(C(=O)OC(C)(C)C)CC3)c3ccccc3n(C)c2=O)cc(OC)c1,,-6.530177984021837,,val
COc1cc(CN(C)C(=O)c2c(OCCCC3CCN(C(=O)OC(C)(C)C)CC3)c3cccnc3n(C)c2=O)cc(OC)c1,,-6.617982957425132,,train
COc1cc(CN(C)C(=O)c2c(OCCCC3CCN(C(=O)OC(C)(C)C)CC3)c3cnccc3n(C)c2=O)cc(OC)c1,,-6.585026652029182,,train
COc1cc(CN(C)C(=O)c2c(OCCCC3CCN(C(=O)OC4(C)CC4)CC3)c3cccnc3n(C)c2=O)cc(C(F)(F)F)c1,,-6.372634143407267,,train
COc1cc(CN(C)C(=O)c2c(OCCCC3CCN(C(=O)OC4(C)CC4)CC3)c3cccnc3n(C)c2=O)cc(OC)c1,,-6.698970004336019,,train
COc1cc(CN(C)CCN(C)C)ccc1-c1cc2c(N[C@H](CO)c3ccccc3)ncnc2[nH]1,-6.552841968657781,,,train
COc1cc(CN2CCN(C)CC2)ccc1-c1nc2c(N[C@H]3[C@@H](C(N)=O)[C@@H]4C=C[C@H]3C4)c(Cl)cnc2[nH]1,-5.568636235841013,,,train
COc1cc(CN2CCOCC2)ccc1-c1nc2c(N[C@H]3[C@@H](C(N)=O)[C@@H]4C=C[C@H]3C4)c(Cl)cnc2[nH]1,-4.966576244513051,,,train
COc1cc(CNCCN(C)C)ccc1-c1cc2c(N[C@H](C)c3ccccc3)ncnc2[nH]1,-5.568636235841013,,,test
COc1cc(CNCCN(C)C)ccc1-c1cc2c(N[C@H](CO)c3ccccc3)ncnc2[nH]1,-5.683013422105163,,,train
COc1cc(CNCCN2CCCCC2)ccc1-c1cc2c(N[C@H](CO)c3ccccc3)ncnc2[nH]1,-6.080921907623926,,,train
COc1cc(CNCCN2CCNCC2)ccc1-c1cc2c(N[C@H](CO)c3ccccc3)ncnc2[nH]1,-5.429457060118103,,,train
COc1cc(CNCCN2CCOCC2)ccc1-c1cc2c(N[C@H](CO)c3ccccc3)ncnc2[nH]1,-6.301029995663981,,,train
COc1cc(CNCCS(C)(=O)=O)ccc1-c1cc2c(N[C@H](CO)c3ccccc3)ncnc2[nH]1,-6.017728766960432,,,val
COc1cc(CNc2cnc(Nc3ccc(N4CCC(N5CCN(C)CC5)CC4)c(OC)c3)nc2)cc(OC)c1,,-4.742321425130816,,train
COc1cc(CO)ccc1-c1cc2c(N[C@H](CO)c3ccccc3)ncnc2[nH]1,-5.525783735923745,,,val
COc1cc(COc2cnc(Nc3ccc(N4CCC(N5CCN(C)CC5)CC4)c(OC)c3)nc2)cc(OC)c1,,-4.732828271596986,,train
COc1cc(C[C@@H](CO)[C@H](CO)Cc2ccc(O)c(OC)c2)ccc1O,-5.096910013008056,,,train
COc1cc(Cc2cnc(N)nc2N)cc(OC)c1OC,-4.798602875679548,,,train
COc1cc(Cl)c(-n2c(C)cc(=O)c3c(F)cncc32)c(Cl)c1,,,-4.407823242604133,train
COc1cc(Cl)c(C(=O)Nc2cccc(-c3nc4ccccc4s3)c2)cc1[N+](=O)[O-],,-4.920818753952375,,train
COc1cc(Cl)c(Oc2ccccc2C)cc1-n1c(=O)cc(C(F)(F)F)[nH]c1=O,-6.701146923590294,,,train
COc1cc(F)c(C(=O)N[C@@H](Cc2ccccc2)c2nc(-c3ccc4c(N)n[nH]c4c3)c(Cl)[nH]2)c(F)c1,,-6.6307841425898575,,test
COc1cc(N2CCC(C(=O)N3CCOCC3)CC2)ccc1Nc1nc(NC2CCCCC2)c2nc[nH]c2n1,,-3.128427064454121,,train
COc1cc(N2CCC(CC(=O)N3CCCC3)CC2)ccc1Nc1nc(NC2CCCCC2)c2nc[nH]c2n1,,-2.772627557710364,,train
COc1cc(N2CCC(CC(=O)N3CCN(C)CC3)CC2)ccc1Nc1nc(NC2CCCCC2)c2nc[nH]c2n1,,-3.275724130399211,,test
COc1cc(N2CCC(CC(=O)N3CCOCC3)CC2)ccc1Nc1nc(NC2CCCCC2)c2nc[nH]c2n1,,-3.388276691992658,,train
COc1cc(N2CCC(CN3CCOCC3)CC2)ccc1Nc1nc(NC2CCCCC2)c2nc[nH]c2n1,,-2.680477550934546,,train
COc1cc(N2CCC(N(C)C)CC2)c(-c2cn[nH]c2)cc1Nc1ncc(Cl)c(Nc2ccccc2P(C)(C)=O)n1,-6.619788758288394,,,train
COc1cc(N2CCC(N(C)C)CC2)c(-c2cnn(C)c2)cc1Nc1ncc(Cl)c(Nc2ccccc2P(C)(C)=O)n1,-6.619788758288394,,,train
COc1cc(N2CCC(N3CCN(C)CC3)CC2)c(-c2cnn(C)c2)cc1Nc1ncc(Cl)c(Nc2ccccc2P(C)(C)=O)n1,-6.2076083105017466,,,train
COc1cc(N2CCC(N3CCN(C)CC3)CC2)ccc1Nc1ncc(Cl)c(Nc2ccccc2P(C)(C)=O)n1,-5.327902142064283,,,train
COc1cc(N2CCC(N3CCOCC3)CC2)ccc1Nc1nc(NC2CCCCC2)c2nc[nH]c2n1,,-3.154901959985743,,train
COc1cc(N2CCN(C(=O)C3CCC(O)CC3)CC2)ccc1Nc1nc(NC2CCCCC2)c2nc[nH]c2n1,,-4.091514981121351,,val
COc1cc(N2CCN(C)CC2)c(-c2cnn(C)c2)cc1Nc1ncc(Cl)c(Nc2ccccc2P(C)(C)=O)n1,-5.585026652029182,,,test
COc1cc(N2CCN(C)CC2)ccc1-c1nc2c(N[C@H]3[C@@H](C(N)=O)[C@@H]4C=C[C@H]3C4)c(Cl)cnc2[nH]1,-5.301029995663981,,,train
COc1cc(N2CCN(CC3CCOC3)CC2)ccc1Nc1nc(NC2CCCCC2)c2nc[nH]c2n1,,-2.727230413448241,,train
COc1cc(N2CCN(Cc3ccccn3)CC2)ccc1Nc1nc(NC2CCCCC2)c2nc[nH]c2n1,,-3.0105501823333083,,train
COc1cc(N2CCN(S(=O)(=O)CCCN3CCOCC3)CC2)ccc1Nc1nc(NC2CCCCC2)c2nc[nH]c2n1,,-3.1396619934290064,,train
COc1cc(N2CCN(S(C)(=O)=O)CC2)ccc1Nc1nc(NC2CCCCC2)c2nc[nH]c2n1,,-3.0716041477432863,,train
COc1cc(N2CCOCC2)c(-c2cn[nH]c2)cc1Nc1ncc(Cl)c(Nc2ccccc2P(C)(C)=O)n1,-4.7447274948966935,,,train
COc1cc(N2CCOCC2)c(-c2cnn(C)c2)cc1Nc1ncc(Cl)c(Nc2ccccc2P(C)(C)=O)n1,-4.214670164989233,,,train
COc1cc(N2CCOCC2)ccc1-c1nc2c(N[C@H]3[C@@H](C(N)=O)[C@@H]4C=C[C@H]3C4)c(Cl)cnc2[nH]1,-4.787812395596042,,,train
COc1cc(N2CC[C@@H](Oc3ccc(N4N=C(C(F)(F)F)[C@@H](C)[C@@H]4CC(=O)O)cc3)[C@H](C)C2)c(Cl)cn1,,,-6.847711655616943,train
COc1cc(NC(=O)C2(NC(=O)c3ccc4c(C5CCCC5)c(-c5ccccn5)n(C)c4c3)CCC2)cc(OC)c1/C=C/C(=O)O,-4.7544873321858505,,,train
COc1cc(NC(=O)[C@@H]2CCCC[C@H]2C(=O)c2ccc(-c3cc[nH]n3)cc2)ncn1,-4.161150909262744,,,test
COc1cc(NC(=O)[C@@H]2NCCC[C@@H]2C(C)C)ccc1-c1cnco1,-4.777283528852417,-4.361510743045363,,test
COc1cc(NC(=O)[C@H](N)CC(C)C)ccc1-c1cn[nH]c1,-5.3979400086720375,,,train
COc1cc(NC(=O)[C@H](N)CC(C)C)ccc1-c1cnco1,-4.863279432843593,-4.2335871528876,,val
COc1cc(NC(=O)[C@H](N)CCc2ccccc2)ccc1-c1cn[nH]c1,,-6.130768280269024,,val
COc1cc(NC(=O)c2ccccn2)ccc1Cl,,-3.5917600346881504,,train
COc1cc(NS(C)(=O)=O)ccc1-c1cc2c(N[C@H](C)c3ccccc3)ncnc2[nH]1,-5.359518563029578,,,train
COc1cc(NS(C)(=O)=O)ccc1-c1cc2c(N[C@H](CO)c3ccccc3)ncnc2[nH]1,-7.045757490560675,,,train
COc1cc(Nc2cc(-c3cccc(C#N)c3)ccn2)ccc1N1CCN(C)CC1,-6.795880017344075,,,train
COc1cc(Nc2cc(-c3cccc(CC#N)c3)ccn2)ccc1N1CCN(C)CC1,-6.688246138944246,,,train
COc1cc(Nc2cnc(C#N)c(O[C@H](C)CN(C)C)n2)ncc1-c1cnn(C)c1,-4.537602002101044,,,val
COc1cc(Nc2nc3n(n2)C(C)CC(=O)N3CC2CC(F)(F)C2)ccc1-n1cnc(C)c1,-4.301029995663981,,,train
COc1cc(Nc2nc3n(n2)C(C)CC(=O)N3Cc2ccccc2)ccc1-n1cnc(C)c1,-4.657577319177793,,,train
COc1cc(Nc2nc3n(n2)C(c2ccccc2)CCN3CC(C)(C)O)ccc1-n1cnc(C)c1,-4.455931955649724,,,test
COc1cc(Nc2nc3n(n2)CCC(=O)N3Cc2ccccc2)ccc1-n1cnc(C)c1,-4.443697499232713,,,test
COc1cc(Nc2nc3n(n2)CCC(=O)N3Cc2ccccc2C(F)(F)F)ccc1-n1cnc(C)n1,-4.346787486224656,,,train
COc1cc(Nc2nc3n(n2)CCC(=O)N3Cc2ccccc2C)ccc1-c1ccnnc1,-4.7447274948966935,,,train
COc1cc(Nc2nc3n(n2)CCC(=O)N3Cc2ccccc2C)ccc1-c1cnnc(C)c1,-4.853871964321762,,,train
COc1cc(Nc2nc3n(n2)CCC(=O)N3Cc2ccccc2C)ccc1-c1noc(C)n1,-4.42021640338319,,,train
COc1cc(Nc2nc3n(n2)CCC(O)N3Cc2ccccc2)ccc1-n1cnc(C)c1,-4.920818753952375,,,train
COc1cc(Nc2nc3n(n2)CCCC3c2ccccc2)ccc1-n1cnc(C)c1,-4.443697499232713,,,train
COc1cc(Nc2ncc(CCc3c(Cl)c(OC)cc(OC)c3Cl)cn2)ccc1N1CCC(N2CCN(C)CC2)CC1,,-4.728158393463501,,train
COc1cc(Nc2ncc(CCc3c(F)c(OC)cc(OC)c3Cl)cn2)ccc1N1CCC(N2CCN(C)CC2)CC1,,-4.712198270069774,,val
COc1cc(Nc2ncc(CCc3c(F)c(OC)cc(OC)c3F)cn2)ccc1N1CCC(N2CCN(C)CC2)CC1,,-4.735182176990464,,test
COc1cc(Nc2ncc(Cl)c(-c3cccc(CC#N)c3)n2)ccc1N1CCN(C)CC1,-7.096910013008056,,,train
COc1cc(Nc2ncc3c(n2)-c2ccc(Cl)cc2C(c2c(F)cccc2OC)=NC3)ccc1C(=O)O,-6.2076083105017466,,,val
COc1cc(Nc2nccc(-c3sc(C4CCNCC4)nc3-c3ccc(F)cc3)n2)cc(C)n1,,-4.721246399047171,,train
COc1cc(O)c2c(=O)cc(C(=O)NCCCCCCCCCCNc3c4c(nc5cc(Cl)ccc35)CCCC4)oc2c1,,-5.060480747381382,,train
COc1cc(O)c2c(=O)cc(C(=O)NCCCCCCCCCCNc3c4c(nc5ccccc35)CCCC4)oc2c1,,-4.97469413473523,,train
COc1cc(OC)c(-c2ccc(C#CCO)s2)cc1C(=O)NS(=O)(=O)c1ccccc1,-4.966576244513051,,,train
COc1cc(OC)c(-c2cnc3[nH]c(-c4c(F)cccc4Cl)cc3c2)cn1,,-6.180456064458132,,test
COc1cc(OC)c(/C=C/S(=O)(=O)Cc2ccc(OC)c(N)n2)c(OC)c1,-4.480172006224281,,,train
COc1cc(OC)c(/C=C/S(=O)(=O)Cc2ccc(OC)c(NS(C)(=O)=O)n2)c(OC)c1,-5.501689446210399,,,train
COc1cc(OC)c(/C=C/S(=O)(=O)Cc2cnc(OC)c(N)c2)c(OC)c1,-4.373659632624958,,,test
COc1cc(OC)c(/C=C/S(=O)(=O)Cc2cnc(OC)c(NS(C)(=O)=O)c2)c(OC)c1,-5.050609993355088,,,train
COc1cc(OC)c(F)c(N2Cc3cnc4[nH]ccc4c3N(C)C2=O)c1F,-5.1938200260161125,,,val
COc1cc(OC)c(F)c(N2Cc3cnc4[nH]ccc4c3N(C3CC3)C2=O)c1F,-5.1249387366083,,,train
COc1cc(OC)c(F)c(N2Cc3cnc4[nH]ccc4c3N(C3CCN(C)CC3)C2=O)c1F,-5.958607314841775,,,test
COc1cc(OC)c(F)c(N2Cc3cnc4[nH]ccc4c3N(CCN3CCN(C)CC3)C2=O)c1F,-6.0,,,train
COc1cc(OC)c(F)c(N2Cc3cnc4[nH]ccc4c3N(CCO)C2=O)c1F,-5.259637310505756,,,test
COc1cc(OC)c(F)c(N2Cc3cnc4[nH]ccc4c3N([C@@H]3CCC[C@H]3O)C2=O)c1F,-5.481486060122113,,,train
COc1cc(OC)c(F)c(N2Cc3cnc4[nH]cnc4c3N(C)C2=O)c1F,-5.167491087293763,,,train
COc1cc(OC)c(F)c(N2Cc3cnc4[nH]ncc4c3N(C)C2=O)c1F,-5.091514981121351,,,train
COc1cc(OC)c(F)c(N2Cc3cnc4c(c3N(C)C2=O)CC(=O)N4)c1F,-5.468521082957745,,,train
COc1cc(OC)c2[nH]c3c(c(=O)c2c1)CCCC3,,-4.292429823902063,,train
COc1cc(OC)c2c(=O)c3c([nH]c2c1)CCCC3,,-4.886056647693163,,train
COc1cc(OC)c2c(=O)cc(C(=O)NCCCCCCCCCCNc3c4c(nc5cc(Cl)ccc35)CCCC4)oc2c1,,-4.97061622231479,,train
COc1cc(OC)c2c(=O)cc(C(=O)NCCCCCCCCCCNc3c4c(nc5ccccc35)CCCC4)oc2c1,,-4.832682665251824,,val
COc1cc(OC)c2c(c1)O[C@@]1(c3ccc(C#N)cc3)[C@H](c3ccccc3)[C@@H](C(=O)N(C)C)[C@@H](O)[C@@]21O,-5.537602002101044,,,train
COc1cc(OC)cc(-c2ccc(Cc3cn(Cc4cc(F)cc(F)c4)c(N)n3)cc2)c1,,-5.494850021680094,,train
COc1cc(OC)cc(-c2ccc(Cc3cn(Cc4ccc(F)cc4)c(N)n3)cc2)c1,,-5.3979400086720375,,train
COc1cc(OC)cc(C(=O)N(C)c2cnc(Nc3ccc(N4CCC(N5CCN(C)CC5)CC4)c(OC)c3)nc2)c1,,-5.431798275933005,,train
COc1cc(OC)cc(C(=O)Nc2cnc(Nc3ccc(N4CCC(N5CCN(C)CC5)CC4)c(OC)c3)nc2)c1,,-5.537602002101044,,train
COc1cc(OC)cc(C(=O)Nc2cnc(Nc3ccc(N4CCC(N5CCN(C)CC5)CC4)c(OC)c3)nc2NCCS(C)(=O)=O)c1,,-6.698970004336019,,train
COc1cc(OC)cc(C(=O)Nc2cnc(Nc3ccc(N4CCC(N5CCN(C)CC5)CC4)c(OC)c3)nc2Nc2ccccc2)c1,,-6.3979400086720375,,train
COc1cc(OC)cc(OCc2cnc(Nc3ccc(N4CCC(N5CCN(C)CC5)CC4)c(OC)c3)nc2)c1,,-4.522878745280337,,train
COc1cc(O[C@@H]2C[C@H]3C(=O)N[C@]4(C(=O)NS(=O)(=O)C5CC5)C[C@H]4/C=C\CCCCC[C@H](NC(=O)OC(C)(C)C)C(=O)N3C2)c2ccc(OC)c(C)c2n1,-5.455931955649724,,,train
COc1cc(Oc2ccc(C3NC(=O)[C@H](NC(=O)OC(C)(C)C)CCCCC/C=C/CCCS(=O)(=O)NC(=O)c4ccccc4NC3=O)cc2)nc(-c2ccccc2)n1,-6.6399203482970215,,,train
COc1cc(S(=O)(=O)Nc2ccc(C(F)(F)F)cc2)cc2c1NC(=O)C(C)(C)NC2=O,-4.920818753952375,,,train
COc1cc(S(=O)(=O)Nc2ccc(Nc3ccnc(N4CCCC4)n3)cc2)c(C)cc1C,,-4.181312336558486,,train
COc1cc(Sc2c(-c3cccnc3)[nH]c3ccccc23)cc(OC)c1OC,-7.274905478918531,,,val
COc1cc(Sc2c(-c3ccncc3)[nH]c3ccccc23)cc(OC)c1OC,-7.351639989019068,,,train
COc1cc(Sc2c(-n3ccnc3)[nH]c3ccccc23)cc(OC)c1OC,-7.257274868695302,,,train
COc1cc(Sc2c(-n3cncn3)[nH]c3ccccc23)cc(OC)c1OC,-6.877784121727173,,,val
COc1cc([C@@H]2c3cc4c(cc3[C@@H](O[C@@H]3O[C@@H]5CO[C@@H](C)O[C@H]5[C@H](O)[C@H]3O)[C@H]3COC(=O)[C@H]23)OCO4)cc(OC)c1O,-6.301029995663981,,,train
COc1cc([C@@H]2c3cc4c(cc3[C@@H](O[C@@H]3O[C@@H]5CO[C@@H](c6cccs6)O[C@H]5[C@H](O)[C@H]3O)[C@H]3COC(=O)[C@H]23)OCO4)cc(OC)c1O,-6.045757490560675,,,val
COc1cc([C@H](O)CN2CCN(C[C@H](O)c3ccc4c(c3C)COC4=O)CC2)ncc1C#N,,,-4.886056647693163,test
COc1cc([N+](=O)[O-])ccc1NC(=O)c1cc(Cl)ccc1O,,-3.475733731233021,,train
COc1cc2[nH]c(-c3ccc4c(Cl)cc(Cl)c(O)c4n3)cc2cc1O,,-5.075720713938119,,train
COc1cc2[nH]c(-c3ccc4cccc(O)c4n3)cc2cc1O,,-4.91721462968355,,train
COc1cc2[nH]c(-c3cccc(Oc4ccccc4)c3)c(C(=O)OCCCN3CCOCC3)c(=O)c2cc1F,,-3.0555173278498318,,train
COc1cc2[nH]c(-c3cccc(Oc4ccccc4)c3)c(C(=O)OCCO)c(=O)c2cc1F,,-3.207608310501746,,train
COc1cc2[nH]c(C)c(-c3ccc(-c4ccc(C(F)(F)F)cc4F)nc3)c(=O)c2cc1Cl,,-2.9706162223147903,,train
COc1cc2[nH]c(C)c(-c3ccc(Cl)cc3C)c(=O)c2cc1Cl,,-3.43297363384094,,train
COc1cc2[nH]c(C)c(-c3ccccc3)c(=O)c2cc1Br,,-3.481551867301859,,train
COc1cc2[nH]c(C)c(-c3ccccc3)c(=O)c2cc1Cl,,-4.316052869248488,,train
COc1cc2[nH]c(C)c(-c3ccccc3)c(=O)c2cc1F,,-3.906578314837765,,train
COc1cc2[nH]c(C)c(/C=C/C(=O)OC(C)(C)C)c(=O)c2cc1Cl,,-3.583359492661719,,train
COc1cc2[nH]c(C)c(Br)c(=O)c2cc1Cl,,-3.818356462160652,,val
COc1cc2[nH]c(C)c(C(C)C)c(=O)c2cc1Cl,,-3.727230413448241,,train
COc1cc2[nH]c(C)c(C)c(=O)c2cc1Cl,,-4.22767829327708,,test
COc1cc2[nH]c(C)c(C3CCCCC3)c(=O)c2cc1Cl,,-3.2006594505464183,,test
COc1cc2[nH]c(C)c(CC(C)C)c(=O)c2cc1Cl,,-3.4346244972859266,,train
COc1cc2[nH]c(C)c(Cc3ccccc3)c(=O)c2cc1Cl,,-3.2471835688117285,,train
COc1cc2[nH]c(C)cc(=O)c2cc1Cl,,-4.598599459218456,,train
COc1cc2[nH]c3c(c(=O)c2cc1C)CCCC3,,-4.301029995663981,,train
COc1cc2[nH]c3c(c(=O)c2cc1C)CSCC3,,-4.167491087293763,,train
COc1cc2[nH]c3c(c(=O)c2cc1Cl)CC(F)(F)CC3,,-3.9706162223147903,,train
COc1cc2[nH]c3c(c(=O)c2cc1Cl)CCCC3,,-4.070581074285707,,train
COc1cc2[nH]c3c(c(=O)c2cc1Cl)CSCC3,,-3.995678626217357,,train
COc1cc2[nH]c3c(c(=O)c2cc1OC)CCCC3,,-6.0,,train
COc1cc2[se]n(CCC3CCN(Cc4ccccc4)CC3)c(=O)c2cc1OC,,-5.0655015487564325,,train
COc1cc2[se]n(CCCC3CCN(Cc4ccccc4)CC3)c(=O)c2cc1OC,,-4.987162775294828,,train
COc1cc2[se]n(CCCCC3CCN(Cc4ccccc4)CC3)c(=O)c2cc1OC,,-4.801342913045578,,val
COc1cc2c(=O)c3c([nH]c2cc1Cl)CCCC3,,-4.619788758288394,,test
COc1cc2c(=O)n(C3CCN(C)CC3)c3c4cc[nH]c4ncc3c2cc1OC,-6.3979400086720375,,,train
COc1cc2c(=O)n(CC3CCCCC3)c3c4cc[nH]c4ncc3c2cc1OC,-5.537602002101044,,,val
COc1cc2c(=O)n([C@@H]3CCCN(C(=O)CC#N)C3)c3c4cc[nH]c4ncc3c2cc1OC,-6.522878745280337,,,val
COc1cc2c(Cc3nc4c([nH]3)c(=O)n(C)c(=O)n4CC(C)C)cnc(C)c2cc1OC,-6.045757490560675,,,train
COc1cc2c(N3CCCCC3)nc(N(C)C)nc2cc1OC1CCCC1,,-4.434152181326483,,train
COc1cc2c(N3CCN(C)CC3)nc(N(C)C)nc2cc1OC1CCCC1,,-4.752026733638194,,train
COc1cc2c(N3CCN(C)CC3)nc(N(C)C)nc2cc1OCCCN1CCCC1,,-4.815308569182402,,train
COc1cc2c(N3CCNCC3)nc(N(C)C)nc2cc1OCCCN1CCCC1,,-5.366531544420414,,train
COc1cc2c(NC3C4CCC3CN(C)C4)cc(-c3ccc(C)o3)nc2cc1OCCCN1CCCC1,,-7.472370099128661,,train
COc1cc2c(NC3CC4(CCN(C(C)C)CC4)C3)cc(-c3ccc(C)o3)nc2cc1OC1CC2(C1)CN(C)C2,,-7.954677021213342,,train
COc1cc2c(NC3CC4(CCN(C(C)C)CC4)C3)cc(-c3ccc(C)o3)nc2cc1OCCCN1CCCC1,,-7.714442690992226,,train
COc1cc2c(NC3CC4(CCN(C)C4)C3)cc(-c3ccc(C)o3)nc2cc1OCCCN1CCCC1,,-8.481486060122112,,train
COc1cc2c(NC3CC4(CCN(C)CC4)C3)cc(-c3ccc(C)o3)nc2cc1OCC1CCN(C)CC1,,-7.826813731587726,,train
COc1cc2c(NC3CC4(CCN(C)CC4)C3)cc(-c3ccc(C)o3)nc2cc1OCCCN1CCCC1,,-7.978810700930062,,train
COc1cc2c(NC3CC4CCC(C3)N4C)cc(-c3ccc(C)o3)nc2cc1OCCCN1CCCC1,,-8.443697499232712,,train
COc1cc2c(NC3CCC34CCN(C)C4)cc(-c3ccc(C)o3)nc2cc1OCCCN1CCCC1,,-8.119186407719209,,train
COc1cc2c(NC3CCC34CCN(C)CC4)cc(-c3ccc(C)o3)nc2cc1OCCCN1CCCC1,,-7.798602875679548,,train
COc1cc2c(NC3CCN(C(C)C)CC3)cc(-c3ccc(C)o3)nc2cc1OCCCN1CCCC1,,-7.58838029403677,,train
COc1cc2c(NC3CCN(C(C)C)CC3)nc(C3CCCCC3)nc2cc1OCCCN1CCCC1,,-6.516671057899121,,test
COc1cc2c(NC3CCN(C)C(=O)C3)cc(-c3ccc(C)o3)nc2cc1OCCCN1CCCC1,,-8.468521082957745,,train
COc1cc2c(NC3CCN(C)CC3)cc(-c3ccc(C)o3)nc2cc1OC1CC2(C1)CN(C)C2,,-8.148741651280925,,train
COc1cc2c(NC3CCN(C)CC3)cc(-c3ccc(C)o3)nc2cc1OCC1CCN(C)CC1,,-7.920818753952375,,train
COc1cc2c(NC3CCN(C)CC3)cc(-c3ccc(C)o3)nc2cc1OCC1CCNCC1,,-8.537602002101044,,train
COc1cc2c(NC3CCN(C)CC3)cc(-c3ccc(C)o3)nc2cc1OCCCN1CCCC1,,-7.889410289700751,,train
COc1cc2c(NC3CCN(C)CC3)cc(-c3ccc(C)s3)nc2cc1OCCCN1CCCC1,,-7.536107011014093,,val
COc1cc2c(NC3CCN(C)CC3)cc(-c3ccc(CO)o3)nc2cc1OCCCN1CCCC1,,-9.30102999566398,,train
COc1cc2c(NC3CCN(C)CC3)cc(-c3ccccc3)nc2cc1OCCCN1CCCC1,,-7.772113295386326,,val
COc1cc2c(NC3CCN(C)CC3)cc(-c3cccnc3)nc2cc1OCCCN1CCCC1,,-8.657577319177793,,test
COc1cc2c(NC3CCN(C)CC3)cc(-c3ccnn3C)nc2cc1OCCCN1CCCC1,,-9.045757490560677,,val
COc1cc2c(NC3CCN(C)CC3)cc(-c3ccoc3)nc2cc1OCCCN1CCCC1,,-8.657577319177793,,train
COc1cc2c(NC3CCN(C)CC3)cc(C3=CCCCC3)nc2cc1OCCCN1CCCC1,,-7.679853713888946,,val
COc1cc2c(NC3CCN(C)CC3)cc(C3=CCOCC3)nc2cc1OCCCN1CCCC1,,-8.431798275933005,,train
COc1cc2c(NC3CCN(C)CC3)cc(C3CCCCC3)nc2cc1OCCCN1CCCC1,,-7.703334809738469,,train
COc1cc2c(NC3CCN(C)CC3)cc(C3CCOCC3)nc2cc1OCCCN1CCCC1,,-8.657577319177793,,train
COc1cc2c(NC3CCN(C4CC4)CC3)cc(-c3ccc(C)o3)nc2cc1OCCCN1CCCC1,,-7.393618634889395,,train
COc1cc2c(NC3CCN(c4ccc(C(=O)NO)cc4)CC3)cc(-c3ccc(C)o3)nc2cc1OCCCN1CCCC1,,-9.853871964321762,,test
COc1cc2c(NC3CCN(c4ncc(C(=O)NO)cn4)CC3)cc(C)nc2cc1OCCCN1CCCC1,,-9.1249387366083,,train
COc1cc2c(NC3CCNCC3)cc(-c3ccc(C)o3)nc2cc1OCCCN1CCCC1,,-8.698970004336019,,train
COc1cc2c(NCC3CCN(C(C)C)CC3)cc(-c3ccc(C)o3)nc2cc1OCCCN1CCCC1,,-7.716698771296451,,train
COc1cc2c(NCC3CCN(C)CC3)cc(-c3ccc(C)o3)nc2cc1OCCCN1CCCC1,,-7.958607314841775,,train
COc1cc2c(NCC3CCN(c4ccc(C(=O)NO)cc4)CC3)cc(-c3ccc(C)o3)nc2cc1OCCCN1CCCC1,,-9.30102999566398,,train
COc1cc2c(NCC3CCN(c4ncc(C(=O)NO)cn4)CC3)cc(-c3ccc(C)o3)nc2cc1OCC1CCNCC1,,-9.602059991327964,,train
COc1cc2c(NCc3ccc(-c4ccc(C(=O)NO)cc4)cc3)cc(-c3ccc(C)o3)nc2cc1OCCCN1CCCC1,,-8.958607314841775,,train
COc1cc2c(NCc3ccc(C(=O)NO)cc3)cc(-c3ccc(C)o3)nc2cc1OCCCN1CCCC1,,-9.0,,val
COc1cc2c(OC[C@H]3NC(=O)[C@@H]4C[C@]34C)nccc2cc1C(N)=O,,,-4.721246399047171,train
COc1cc2c(c(OC)c1OC)-c1ccc(OC)c(=O)cc1[C@@H](NC(=O)CCC1=[N+]3C(=Cc4cccn4[B-]3(F)F)C=C1)CC2,,-3.9665762445130506,,train
COc1cc2c(c(OC)c1OC)-c1ccc(OC)c(=O)cc1[C@@H](NC(=O)CCCCCNC(=O)COc1ccc(/C=C/C3=[N+]4C(=Cc5ccc(-c6ccc[nH]6)n5[B-]4(F)F)C=C3)cc1)CC2,,-5.0,,train
COc1cc2c(c(OC)c1OC)-c1ccc(OC)c(=O)cc1[C@@H](NC(C)=O)CC2,-6.484897627844725,-3.3819519032879075,,test
COc1cc2c(c(OC)n1)[C@]1(O)[C@H](O)[C@H](CN(C)C)[C@@H](c3ccccc3)[C@]1(c1ccc(C#N)cc1)O2,-5.6020599913279625,,,train
COc1cc2c(cc1C(C)=O)CC[C@H]1C(C)(C)[C@@H](OC(=O)C(F)(F)F)CC[C@]21C,,-5.13608262304214,,train
COc1cc2c(cc1Cc1ccccc1)C[C@H](N)C(=O)N2OC(=O)N(C)C,,,-4.42021640338319,test
COc1cc2c(cc1Cl)cc(C(=O)NC(CO)c1ccc(C(=O)O)cc1)n2C,,-8.045757490560675,,test
COc1cc2c(cc1Cl)nc(OC)n2CCNC(C)=O,-4.747146969020107,,,train
COc1cc2c(cc1Nc1ncc(C(N)=O)c(NC3CCCC3)n1)CN(C)CC2,,,-7.443697499232713,train
COc1cc2c(cc1Nc1ncc(C(N)=O)c(Nc3c(C)cccc3F)n1)CN(C)CC2,,,-7.555955204081924,test
COc1cc2c(cc1Nc1ncc(C(N)=O)c(Nc3c(F)cccc3C(F)(F)F)n1)CN(C)CC2,,,-7.537602002101044,train
COc1cc2c(cc1Nc1ncc(C(N)=O)c(Nc3ccccc3)n1)CN(C)CC2,,,-7.602059991327962,train
COc1cc2c(cc1Nc1ncc(C(N)=O)c(Nc3ccccc3Br)n1)CN(C)CC2,,,-7.673664139071248,train
COc1cc2c(cc1Nc1ncc(C(N)=O)c(Nc3ccccc3CO)n1)CN(C)CC2,,,-8.267606240177031,train
COc1cc2c(cc1Nc1ncc(C(N)=O)c(Nc3ccccc3[C@H](C)OC)n1)CN(C)CC2,,,-7.508638306165728,test
COc1cc2c(cc1OC)-c1cc(NCc3ccccc3)nc(=O)n1CC2,-4.823908740944319,,,test
COc1cc2c(cc1OC)/C(=C/CCCCCN(C)Cc1ccccc1)OC2=O,,-4.997402019280091,,train
COc1cc2c(cc1OC)/C(=C\CCCCCN(C)Cc1ccccc1)OC2=O,,-4.986741334716483,,train
COc1cc2c(cc1OC)C(=O)/C(=C/c1ccc(CN3CCCC3)c(O)c1)CO2,,-4.954677021213342,,test
COc1cc2c(cc1OC)C(=O)/C(=C/c1ccc(CN3CCCCC3)c(O)c1)CO2,,-4.984221243610959,,train
COc1cc2c(cc1OC)C(=O)C(CC1C=CN(Cc3ccccc3)C=C1C(C)=O)CC2,,-4.690369832574102,,test
COc1cc2c(cc1OC)C(=O)C(CC1C=CN(Cc3ccccc3C)C=C1C(C)=O)C2,,-4.718966632752273,,train
COc1cc2c(cc1OC)C(=O)C(CC1CCN(Cc3ccc(O)c4ncccc34)CC1)C2,,-5.055517327849832,,train
COc1cc2c(cc1OC)C(=O)C(CC1CCN(Cc3ccc4cccc(O)c4n3)CC1)C2,,-5.214670164989233,,train
COc1cc2c(cc1OC)C(=O)C(CC1CCN(Cc3cccc(C)c3)CC1)C2,,-4.8996294548824375,,train
COc1cc2c(cc1OC)C(=O)C(CC1CCN(Cc3cccc(C)n3)CC1)C2,,-5.013228265733756,,train
COc1cc2c(cc1OC)C(=O)C(CC1CCN(Cc3cccc(F)c3)CC1)C2,,-4.939302159646388,,test
COc1cc2c(cc1OC)C(=O)C(CC1CCN(Cc3ccccc3)CC1)C2,,-4.957135325092395,-4.513711239039433,train
COc1cc2c(cc1OC)C(=O)C(CC1CCN(Cc3ccccc3F)CC1)C2,,-4.863279432843593,,test
COc1cc2c(cc1OC)C(=O)C(CC1CCN(Cc3ncccc3C)CC1)C2,,-5.075720713938119,,train
COc1cc2c(cc1OC)C(CCCCCCN(C)Cc1ccccc1)OC2=O,,-4.8671002300555175,,val
COc1cc2c(cc1OC)CN(C(=O)c1ccc(-c3ccc(O)cc3)cc1)CC2,-6.552841968657781,,,train
COc1cc2c(cc1OC)CN(C(=O)c1ccc(-c3ccccc3)cc1)CC2,-6.221125527997261,,,train
COc1cc2c(cc1OC)CN(C(=O)c1ccc3cc(O)ccc3c1)CC2,-6.600326278518962,,,val
COc1cc2c(cc1OC)CN(C(=O)c1ccc3ccccc3c1)CC2,-6.489454989793388,,,train
COc1cc2c(cc1OC)CN(CC/C=C1\CCCc3c(OC)cccc31)CC2,-6.6252516539898965,,,train
COc1cc2c(cc1OC)CN(CCC=C1CCCCC1)CC2,-6.111259039317107,,,test
COc1cc2c(cc1OC)CN(CCCC1=CCCc3c(OC)cccc31)CC2,-6.795880017344075,,,train
COc1cc2c(cc1OC)CN(CCCC1=CCCc3cc(OC)c(OC)cc31)CC2,-6.172630726946175,,,val
COc1cc2c(cc1OC)CN(CCCC1CCCc3c(OC)cccc31)CC2,-7.251811972993799,,,train
COc1cc2c(cc1OC)CN(CCCC1CCCc3cc(OC)c(OC)cc31)CC2,-6.061480274823508,,,train
COc1cc2c(cc1OC)CN(CCc1ccc(-n3nnc(-c4cc(OC)c(OC)cc4NC(=O)c4cc(=O)c5ccccc5o4)n3)cc1)CC2,,,-8.698970004336019,val
COc1cc2c(cc1OC)CN(CCc1ccc(NC(=O)c3cc(OC)c(OC)cc3NC(=O)c3cnc4ccccc4c3)cc1)CC2,,,-5.958607314841775,val
COc1cc2c(cc1OC)CN(CCc1ccc(NC(=O)c3cccc4c(=O)c5cccc(OC)c5[nH]c34)cc1)CC2,,,-7.0,val
COc1cc2c(cc1OC)CN(Cc1ccc(-c3ccc(O)cc3)cc1)CC2,-6.3223930472795065,,,train
COc1cc2c(cc1OC)CN(Cc1ccc(-c3ccccc3)cc1)CC2,-6.1095789811990855,,,train
COc1cc2c(cc1OC)CN(Cc1ccc3cc(O)ccc3c1)CC2,-6.452225294612178,,,train
COc1cc2c(cc1OC)CN(Cc1ccc3ccccc3c1)CC2,-6.665546248849069,,,val
COc1cc2c(cc1OC)CN(Cc1cccc(-c3ccccc3)c1)CC2,-6.521433504406157,,,val
COc1cc2c(cc1OC)CN(Cc1ccccc1-c1ccccc1)CC2,-6.665546248849069,,,train
COc1cc2c(cc1OCCCN1CCCC1)N=C(C1CCCCC1)CN=C2NC1CCN(C(C)C)CC1,,-6.318758762624413,,train
COc1cc2c(cc1S(=O)(=O)Nc1ccc(C(F)(F)F)cc1)C(=O)NC(C)(C)C(=O)N2,-6.0,,,val
COc1cc2cc(-c3ccc4c(Cl)cc(Cl)c(O)c4n3)[nH]c2cc1OC,,-5.4089353929735005,,train
COc1cc2cc(-c3ccc4cccc(O)c4n3)[nH]c2cc1OC,,-5.2839966563652006,,train
COc1cc2cc(Oc3ccc(NC(=O)Nc4cc(C(F)(F)F)cc(C(F)(F)F)c4)cc3)c(C)nc2cc1OCCN1CCOCC1,-6.3979400086720375,,,train
COc1cc2cc(c1)[C@@H](Nc1ccc3c(N)ncc(F)c3c1)C(=O)N(C)Cc1cc(ccc1S(=O)(=O)C1CC1)NC(=O)CC2,,-6.537602002101044,,train
COc1cc2ccccc2cc1C(=O)NC1(C(=O)N[C@H](CCCN2CCN(CC3CCOCC3)CC2)Cc2ccccc2)CCCC1,-4.868060704789576,-4.924088238517222,,train
COc1cc2ccnc(Oc3ccc(F)cc3)c2cc1OC,-5.221848749616356,,,train
COc1cc2cncc(Cc3nc4c([nH]3)c(=O)n(C)c(=O)n4CC(C)(C)C)c2cc1OC,-4.6307841425898575,,,train
COc1cc2cncc(Cc3nc4c([nH]3)c(=O)n(C)c(=O)n4CC(C)C)c2cc1OC,-4.497572880015567,,,train
COc1cc2cncnc2cc1OCCc1ccc2ccccc2n1,,,-5.522878745280337,train
COc1cc2nc(-c3ccc(C)o3)cc(NC3CCN(c4ncc(C(=O)NO)cn4)CC3)c2cc1OC,,-8.224753740259764,,train
COc1cc2nc(-c3ccc(C)o3)cc(NCC3C4CCC3CN(c3ncc(C(=O)NO)cn3)C4)c2cc1OC,,-8.018181392829337,,train
COc1cc2nc(-c3ccc(C)o3)cc(NCC3CCC(C(=O)NO)CC3)c2cc1OC,,-8.405607449624574,,train
COc1cc2nc(-c3ccc(C)o3)cc(NCC3CCN(C4CC(C(=O)NO)C4)CC3)c2cc1OC,,-9.167491087293763,,train
COc1cc2nc(-c3ccc(C)o3)cc(NCC3CCN(Cc4ccc(C(=O)NO)cc4)CC3)c2cc1OC,,-8.254925208417943,,test
COc1cc2nc(-c3ccc(C)o3)cc(NCC3CCN(Cc4ccc(C(=O)NO)s4)CC3)c2cc1OC,,-8.396855627379818,,train
COc1cc2nc(-c3ccc(C)o3)cc(NCC3CCN(c4ncc(C(=O)NO)cn4)CC3)c2cc1OC,,-8.297569463554474,,train
COc1cc2nc(-c3ccc(C)o3)cc(NCc3ccc(C(=O)NO)cc3)c2cc1OC,,-8.272458742971443,,train
COc1cc2nc(C3CCCCC3)cc(NCC3CCN(c4ncc(C(=O)NO)cn4)CC3)c2cc1OC,,-8.67778070526608,,train
COc1cc2nc(N3CCN(C(=O)c4ccco4)CC3)nc(N)c2cc1OC,-4.953941578263055,,-4.798960659469218,train
COc1cc2ncn(C)c(=O)c2cc1OCCc1ccc2ccccc2n1,,,-4.7447274948966935,train
COc1cc2ncnc(-c3cccnc3)c2cc1OCCc1ccc2ccccc2n1,,,-6.3979400086720375,val
COc1cc2ncnc(-n3nc(-c4ccccn4)nc3N)c2cc1OC,,-4.018181392829336,,train
COc1cc2ncnc(-n3nc(-c4ccccn4)nc3N)c2cc1OCCCNC(=O)OC(C)C,,-3.364013888199167,,val
COc1cc2ncnc(N(C)C)c2cc1OCCc1ccc2ccccc2n1,,,-4.721246399047171,train
COc1cc2ncnc(Nc3ccc(O[C@H]4CO[C@H]5[C@@H]4OC[C@@H]5O)c(Cl)c3)c2cc1OC,,-5.127843727251707,,train
COc1cc2oc(C(=O)NCCCCCCCCCCNc3c4c(nc5cc(Cl)ccc35)CCCC4)cc(=O)c2cc1OC,,-5.130768280269024,,test
COc1cc2oc(C(=O)NCCCCCCCCCCNc3c4c(nc5ccccc35)CCCC4)cc(=O)c2cc1OC,,-4.823908740944319,,train
COc1ccc(-c2c(-c3ccc(OC)cc3)n(Cc3ccccc3)c3ncn(C4CCOCC4)c(=N)c23)cc1,,-3.0,,train
COc1ccc(-c2c(-c3ccc(OC)cc3)n(Cc3ccccc3)c3ncn(CC4CCOC4)c(=N)c23)cc1,,-3.0,,train
COc1ccc(-c2c(-c3ccc(OC)cc3)n(Cc3ccccc3)c3ncn(CCCO)c(=N)c23)cc1,,-3.0,,train
COc1ccc(-c2c(-c3ccc(OC)cc3)n(Cc3ccccc3)c3ncn(CCO)c(=N)c23)cc1,,-3.0,,train
COc1ccc(-c2c(-c3ccc(OC)cc3)n(Cc3ccccc3)c3ncn([C@@H]4CCCC[C@H]4O)c(=N)c23)cc1,,-3.0,,train
COc1ccc(-c2c(-c3ccc(OC)cc3)n(Cc3ccccc3)c3ncn([C@H]4CC[C@H](O)CC4)c(=N)c23)cc1,,-3.707743928643524,,train
COc1ccc(-c2c(-c3ccc(OC)cc3)n(Cc3ccccc3)c3ncn([C@H]4CC[C@H](OC)CC4)c(=N)c23)cc1,,-3.0,,test
COc1ccc(-c2c(/C=C/C(=O)N3CCN(c4ncccn4)CC3)noc2-c2cc(Cl)c(O)cc2O)cc1,-5.161150909262744,,,val
COc1ccc(-c2c(C(=O)NC3CCN(Cc4ccccc4)CC3)noc2-c2cc(Cl)c(O)cc2O)cc1,-6.028724151261895,,,val
COc1ccc(-c2c(C)[nH]n(-c3ccccn3)c2=O)cc1,-4.896196279044044,,,train
COc1ccc(-c2c(C)nn3c(NCCN4CCOCC4)cc(C)nc23)cc1OC,-4.958607314841775,,,train
COc1ccc(-c2cc(-c3ccc(C(=O)O)cc3)cnc2N)cc1,,,-4.886056647693163,train
COc1ccc(-c2cc(=O)c3c(O)cc(O)cc3o2)cc1O,-4.1180450286604,-4.118615343229427,,test
COc1ccc(-c2cc(C(=O)N3CCN(C4CCN(C(=O)C5CCN(C(C)=O)CC5)CC4)CC3)cc(-c3ccc4[nH]ccc4c3)n2)cc1,,-4.667561540084395,,train
COc1ccc(-c2cc(C(=O)O)ncn2)cc1Cl,-6.801342913045578,,,train
COc1ccc(-c2cc(C(F)(F)F)c3c(N)ncnn23)cc1N1CCN(C(C)=O)C(C)(C)C1=O,-6.721246399047171,,,train
COc1ccc(-c2cc(Cl)c3c(N)ncnn23)cc1N1CCN(C(C)=O)C(C)(C)C1=O,-6.769551078621726,,,train
COc1ccc(-c2cc(N3C[C@H](N)[C@@H](N4CCCCC4=O)C3)ncn2)cn1,,,-5.568636235841013,train
COc1ccc(-c2cc(NC(=O)C(C)CCCN3CCCN(C(C)=O)CC3)[nH]n2)cc1,,-5.0,,train
COc1ccc(-c2cc(NC(=O)CCCCN3CCC(C)CC3)[nH]n2)cc1,,-5.0,,val
COc1ccc(-c2cc(NC(=O)CCCCN3CCCCC3)[nH]n2)cc1,,-5.0,,train
COc1ccc(-c2cc(NC(=O)CCCCN3CCCCCC3)[nH]n2)cc1,,-5.0,,val
COc1ccc(-c2cc(NC(=O)CCCCN3CCCN(C(C)=O)CC3)[nH]n2)cc1,,-5.698970004336019,,train
COc1ccc(-c2cc(NC(=O)CCCCN3CCCOCC3)[nH]n2)cc1,,-5.0,,train
COc1ccc(-c2cc(NC(=O)CCCCN3CCOCC3)[nH]n2)cc1,,-5.0,,train
COc1ccc(-c2cc(OC3CCOCC3)c3ncnc(C)c3c2)cn1,-4.4089353929735005,,,train
COc1ccc(-c2cc3c(C(=O)O)n[nH]c3cc2Cl)cc1,,,-5.055517327849832,train
COc1ccc(-c2cc3c(S(=O)(=O)O)c[nH]c3cc2Cl)cc1,,,-5.638272163982407,val
COc1ccc(-c2ccc(-n3ccc4[nH]c(=O)c(C#N)c(O)c43)cc2)cc1,,-9.096910013008056,,train
COc1ccc(-c2ccc(Sc3cc(=O)n(O)c(=O)[nH]3)cc2)cc1,,-5.958607314841775,,train
COc1ccc(-c2ccc(Sc3cc(=O)n(O)c(=O)[nH]3)cc2)cc1OC,,-6.045757490560675,,train
COc1ccc(-c2ccc3c(NCCCNCc4cc(F)ccc4OC)ccnc3c2)cc1,,-3.625251653989896,,train
COc1ccc(-c2ccc3c(NCCCNCc4ccc5c(c4)OCO5)ccnc3c2)cc1,,-3.625251653989896,,train
COc1ccc(-c2ccc3c(NCCCNCc4cccc(OC)c4O)ccnc3c2)cc1,,-3.625251653989896,,val
COc1ccc(-c2ccc3c(NCCCNCc4ccco4)ccnc3c2)cc1,,-3.625251653989896,,train
COc1ccc(-c2cccc(-c3cc4nc(C)c([C@H](OC(C)(C)C)C(=O)O)c(-c5cc(F)c6c(c5C)CCCO6)n4n3)c2)cn1,,-6.289036881004725,,train
COc1ccc(-c2ccccc2/C=C2/Cc3cc(OC)ccc3C2=O)cc1,,-4.581201709409647,,val
COc1ccc(-c2ccnc(Nc3ccc(S(N)(=O)=O)cc3)n2)cc1,,-8.0,,train
COc1ccc(-c2cn([C@H]3COC[C@@H](S[C@@H]4O[C@H](CO)[C@H](O)[C@H](n5cc(-c6cc(F)c(F)c(F)c6)nn5)[C@H]4OC)[C@@H]3O)nn2)cn1,,-5.721246399047171,,train
COc1ccc(-c2cn3ccc(N4CCN(C(C)C)CC4)cc3n2)c(OC)c1,-4.704872914747809,,,train
COc1ccc(-c2cn3ccc(N4CCN(C5CCCC5)CC4)cc3n2)c(OCCCN2CCCC2)c1,-6.455931955649724,,,train
COc1ccc(-c2cn3ccc(N4CCN(C5CCCC5)CC4)cc3n2)c(OCCCN2CCOCC2)c1,-4.811634073936852,,,train
COc1ccc(-c2cn3ccc(NCCCN4CCOCC4)cc3n2)c(OC)c1,-4.628932137728264,,,test
COc1ccc(-c2cnc(NC(=O)CCCCN3CCCN(C(C)=O)CC3)[nH]2)cc1,,-5.0,,train
COc1ccc(-c2cncc(-c3ccc(C(N)=O)cc3)c2)cc1,,,-5.060480747381382,train
COc1ccc(-c2csc(-c3nc4c(=O)n(C)c(=O)nc-4n(C)n3)c2)cc1OC,-6.522878745280337,,,test
COc1ccc(-c2n[nH]c(NC(=O)CCCCN3CCCCC3)c2C)cc1,,-5.0,,train
COc1ccc(-c2n[nH]c(NC(=O)CCCCN3CCCN(C(C)=O)CC3)c2C)cc1,,-5.698970004336019,,train
COc1ccc(-c2nc(=O)n(CCC3CCCO3)c3c2oc2ncc(-c4cnn(C)c4)cc23)cc1,-4.795880017344075,,,test
COc1ccc(-c2nc(=O)n(CCC3CCCO3)c3c2oc2ncc(-c4cnn(C)c4)cc23)cn1,-5.6020599913279625,,,train
COc1ccc(-c2nc(=O)n(CCC3CCCO3)c3c2oc2ncc(-c4cnn(C)c4)cc23)nc1,-4.823908740944319,,,train
COc1ccc(-c2nc(NC(=O)C3CCN(Cc4c(F)cccc4Cl)CC3)sc2-c2ccc(OC)cc2)cc1,,-5.086186147616283,,train
COc1ccc(-c2nc(NC(=O)C3CCN(Cc4cccc(F)c4)CC3)sc2-c2ccc(OC)cc2)cc1,,-4.903089986991944,,train
COc1ccc(-c2nc(NC(=O)C3CCN(Cc4ccccc4C(F)(F)F)CC3)sc2-c2ccc(OC)cc2)cc1,,-4.910094888560602,,train
COc1ccc(-c2nc(NC3CCN(Cc4ccc(C(F)(F)F)cc4)CC3)sc2-c2ccc(OC)cc2)cc1,,-5.0655015487564325,,val
COc1ccc(-c2nc(NC3CCN(Cc4ccc(C)cc4)CC3)sc2-c2ccc(OC)cc2)cc1,,-5.017728766960432,,train
COc1ccc(-c2nc(NCC3CCN(Cc4c(F)cccc4Cl)CC3)sc2-c2ccc(OC)cc2)cc1,,-4.913640169325252,,train
COc1ccc(-c2nc(NCC3CCN(Cc4ccccc4C(F)(F)F)CC3)sc2-c2ccc(OC)cc2)cc1,,-5.075720713938119,,train
COc1ccc(-c2nc(NCC3CCN(Cc4ccccc4C)CC3)sc2-c2ccc(OC)cc2)cc1,,-4.910094888560602,,train
COc1ccc(-c2nc(O[C@@H]3C[C@H]4C(=O)N[C@]5(C(=O)NS(=O)(=O)C6CC6)C[C@H]5/C=C\CCCCN(C)C(=O)N4C3)c3ccc(OC)c(C)c3n2)cc1,-4.481486060122113,,,train
COc1ccc(-c2nc3cc(N4CCN(C5CCCC5)CC4)ccn3c2CN2CCCC2)c(OC)c1,-4.47391930819797,,,train
COc1ccc(-c2nc3ccccc3o2)cc1NC(=O)c1cc([N+](=O)[O-])ccc1Cl,,-3.562249437179612,,train
COc1ccc(-c2nc3ccccc3o2)cc1NC(=O)c1cnccc1Cl,,-3.4078232426041333,,val
COc1ccc(-c2nc3ccccc3s2)cc1NC(=O)c1cc([N+](=O)[O-])c(N2CCC(C(=O)O)CC2)cc1Cl,,-5.301029995663981,,train
COc1ccc(-c2nc3ccccc3s2)cc1NC(=O)c1cc([N+](=O)[O-])c(N2CCN(C)CC2)cc1Cl,,-3.170053304058364,,train
COc1ccc(-c2nc3ccccc3s2)cc1NC(=O)c1cnccc1Cl,,-3.91721462968355,,train
COc1ccc(-c2nnc(-c3ccc4nc(-c5c(C)cc(CC(C)(C)C(=O)O)cc5C)[nH]c4c3)o2)cc1,-5.376750709602099,,,train
COc1ccc(-c2nnc(-c3ccc4nc(-c5c(C)cc(CCC(=O)O)cc5C)[nH]c4c3)o2)cc1,-5.853871964321762,,,train
COc1ccc(-c2nnc(C(=O)N3CC(Oc4ccc(CN(C)C)c(C)c4)C3)o2)cc1,-4.267606240177032,,,train
COc1ccc(-c2nnc(C(=O)N3CC(Oc4ccc(CN(C)C)c(F)c4)C3)o2)cc1,-4.2076083105017466,,,train
COc1ccc(-c2nnc(C(=O)N3CC(Oc4ccc(CN(C)C)cc4)C3)o2)cc1,-4.173925197299174,,,train
COc1ccc(-c2nnc(C(=O)N3CC(Oc4ccc(CN5CC6(CCCO6)C5)cc4)C3)o2)cc1,-4.3872161432802645,,,train
COc1ccc(-c2nnc(C(=O)N3CC(Oc4ccc(CN5CC6(CCOC6)C5)cc4)C3)o2)cc1,-4.221848749616356,,,train
COc1ccc(-c2nnc(C(=O)N3CC(Oc4ccc(CN5CC6(COC6)C5)cc4)C3)o2)cc1,-4.214670164989233,,,train
COc1ccc(-c2nnc(C(=O)N3CC(Oc4ccc(CN5CCC(C)(O)C5)cc4)C3)o2)cc1,-4.376750709602099,,,train
COc1ccc(-c2nnc(C(=O)N3CC(Oc4ccc(CN5CCCC5)cc4)C3)o2)cc1,-4.455931955649724,,,train
COc1ccc(-c2nnc(C(=O)N3CC(Oc4ccc(CN5CCCOCC5)cc4)C3)o2)cc1,-4.292429823902063,,,val
COc1ccc(-c2nnc(C(=O)N3CC(Oc4ccc(CN5CCN(C)CC5)c(F)c4)C3)o2)cc1,-4.337242168318426,,,train
COc1ccc(-c2nnc(C(=O)N3CC(Oc4ccc(CN5CCOCC5)c(OC)c4)C3)o2)cc1,-4.292429823902063,,,train
COc1ccc(-c2nnc(C(=O)N3CCC(Oc4ccc(CN5CC(O)C(C)(C)C5)cc4)CC3)o2)cc1,-4.468521082957745,,,test
COc1ccc(-c2nnc(C(=O)N3CCC(Oc4ccc(CN5CCC(O)C5)cc4)CC3)o2)cc1,-4.443697499232713,,,train
COc1ccc(-c2nnc(C(=O)N3CCC(Oc4ccc(CN5CCCC5)cc4)CC3)o2)cc1,-4.337242168318426,,,test
COc1ccc(-c2nnc(C(=O)N3CCC(Oc4ccc(CN5CCCC5)cn4)CC3)o2)cc1,-4.309803919971486,,,train
COc1ccc(-c2nnc(C(=O)N3CCC(Oc4ccc(CN5CCCC5)nc4)CC3)o2)cc1,-4.508638306165727,,,train
COc1ccc(-c2nnc(C(=O)N3CCC(Oc4ccc(CN5CCN(C)CC5)cc4)CC3)o2)cc1,-4.251811972993799,,,train
COc1ccc(-c2nnc(C(=O)N3CCC(Oc4ccc(CN5CCOCC5)cc4)CC3)o2)cc1,-4.251811972993799,,,val
COc1ccc(-c2nnn[nH]2)cc1-c1ccc(C#CCO)s1,-5.856985199745905,,,train
COc1ccc(-c2noc(C(Cc3ccc(-c4cc(C(=O)O)on4)cc3)c3ccc(F)cc3)n2)cc1,,-5.3979400086720375,,train
COc1ccc(-c2noc(C(Cc3ccc(-n4ncc(C(=O)O)c4N)cc3)c3ccc(F)cc3)n2)cc1,,-8.397940008672037,,train
COc1ccc(-c2noc(CC(=O)NCCCCC(=O)OC[C@H]3OC(O)[C@H](O)[C@@H](O)[C@H]3O)c2-c2ccc(OC)cc2)cc1,-6.632644078973981,,,val
COc1ccc(-c2noc(CC(=O)NCCCCCCCCCCC(=O)OC[C@H]3OC(O)[C@H](O)[C@@H](O)[C@H]3O)c2-c2ccc(OC)cc2)cc1,-6.772113295386326,,,train
COc1ccc(-c2noc(CC(=O)O)c2-c2ccc(OC)cc2)cc1,-6.382999658879101,,,train
COc1ccc(-c2noc(CC(=O)OC[C@H]3O[C@@H](O)[C@H](O)[C@@H](O)[C@H]3O)c2-c2ccc(OC)cc2)cc1,-6.42021640338319,,,train
COc1ccc(-n2cc(-c3n[nH]c4cc(Cl)c(N[C@@H]5CCN(C6COC6)C5)cc34)cn2)cc1,-4.818442226137214,,,train
COc1ccc(-n2cc(-c3n[nH]c4cc(Cl)c(N[C@H]5CNCC56CC6)cc34)cn2)cc1,-5.392544976785332,,,train
COc1ccc(-n2cc3cnc(NCC(F)(F)F)nc3c(-c3ccc(Br)cc3)c2=O)cc1,-4.568636235841013,,,train
COc1ccc(-n2cc3cnc(NCC(F)(F)F)nc3c(-c3ccc(Cl)cc3)c2=O)cc1,-4.568636235841013,,,test
COc1ccc(-n2cnc3cc(C(=O)N4CCCCC4)ccc32)cc1,,-3.204815410317576,,train
COc1ccc(-n2nc(C#N)c3c2C(=O)N(c2ccc(C4(CN(C)C)CC4)cc2)CC3)cc1,-7.337242168318426,,,train
COc1ccc(-n2nc(C#N)c3c2C(=O)N(c2ccc(C4(CN5CCCC5)CC4)cc2)CC3)cc1,-7.142667503568732,,,train
COc1ccc(-n2nc(C#N)c3c2C(=O)N(c2ccc(C4(CN5CCOCC5)CC4)cc2)CC3)cc1,-6.863279432843593,,,train
COc1ccc(-n2nc(C#N)c3c2C(=O)N(c2ccc(C4(CS(C)(=O)=O)CC4)cc2)CC3)cc1,-6.818156412055227,,,train
COc1ccc(-n2nc(C#N)c3c2C(=O)N(c2ccc(C4(N(C)C)CC4)cc2)CC3)cc1,-6.769551078621726,,,train
COc1ccc(-n2nc(C(F)(F)F)c3c2C(=O)N(c2ccc(C4(C5=NC(C)(C)CO5)CC4)cc2)CC3)cc1,-7.356547323513813,,,train
COc1ccc(-n2nc(C(F)(F)F)c3c2C(=O)N(c2ccc(C4(C5=NCCN5)CC4)cc2)CC3)cc1,-9.0,,,test
COc1ccc(-n2nc(C(F)(F)F)c3c2C(=O)N(c2ccc(C4(C5=NCCN5C)CC4)cc2)CC3)cc1,-8.154901959985743,,,val
COc1ccc(-n2nc(C(F)(F)F)c3c2C(=O)N(c2ccc(C4(C5=NCCO5)CC4)cc2)CC3)cc1,-6.838631997765025,,,train
COc1ccc(-n2nc(C(F)(F)F)c3c2C(=O)N(c2ccc(C4(CN(C)C)CC4)cc2)CC3)cc1,-7.070581074285707,,,train
COc1ccc(-n2nc(C(F)(F)F)c3c2C(=O)N(c2ccc(C4(CN5CCCC5)CC4)cc2)CC3)cc1,-7.154901959985743,,,train
COc1ccc(-n2nc(C(F)(F)F)c3c2C(=O)N(c2ccc(C4(Cn5ccnc5C)CC4)cc2)CC3)cc1,-7.154901959985743,,,train
COc1ccc(-n2nc(C(F)(F)F)c3c2C(=O)N(c2ccc(C4(N(C)C)CC4)cc2)CC3)cc1,-7.036212172654444,,,train
COc1ccc(-n2nc(C(F)(F)F)c3c2C(=O)N(c2ccc(C4(N(C)CC(N)=O)CC4)cc2)CC3)cc1,-6.7447274948966935,,,train
COc1ccc(-n2nc(C(F)(F)F)c3c2C(=O)N(c2ccc(C4(N(C)CCO)CC4)cc2)CC3)cc1,-6.94692155651658,,,train
COc1ccc(-n2nc(C(F)(F)F)c3c2C(=O)N(c2ccc(C4(c5ncc[nH]5)CC4)cc2)CC3)cc1,-7.244125144327507,,,train
COc1ccc(-n2nc(C(N)=O)c3c2C(=O)N(c2ccc(C4(C(C)=O)CC4)cc2)CC3)cc1,-6.6439741428068775,,,train
COc1ccc(-n2nc(C(N)=O)c3c2C(=O)N(c2ccc(C4(C5=NCCO5)CC4)cc2)CC3)cc1,-7.207608310501746,,,train
COc1ccc(-n2nc(C(N)=O)c3c2C(=O)N(c2ccc(C4(CC(N)=O)CC4)cc2)CC3)cc1,-7.552841968657781,,,train
COc1ccc(-n2nc(C(N)=O)c3c2C(=O)N(c2ccc(C4(CCN5CCOCC5)CC4)cc2)CC3)cc1,-7.346787486224656,,,val
COc1ccc(-n2nc(C(N)=O)c3c2C(=O)N(c2ccc(C4(CN(C)C)CC4)cc2)CC3)cc1,-8.301029995663981,,,val
COc1ccc(-n2nc(C(N)=O)c3c2C(=O)N(c2ccc(C4(CN5CCCC5)CC4)cc2)CC3)cc1,-8.0,,,train
COc1ccc(-n2nc(C(N)=O)c3c2C(=O)N(c2ccc(C4(CN5CCCC5=O)CC4)cc2)CC3)cc1,-8.096910013008056,,,train
COc1ccc(-n2nc(C(N)=O)c3c2C(=O)N(c2ccc(C4(CN5CCOCC5)CC4)cc2)CC3)cc1,-7.045757490560675,,,train
COc1ccc(-n2nc(C(N)=O)c3c2C(=O)N(c2ccc(C4(CS(C)(=O)=O)CC4)cc2)CC3)cc1,-6.838631997765025,,,train
COc1ccc(-n2nc(C(N)=O)c3c2C(=O)N(c2ccc(C4(N(C)C)CC4)cc2)CC3)cc1,-6.903089986991944,,,train
COc1ccc(-n2nc(C(N)=O)c3c2C(=O)N(c2ccc(C4(N(C)CCO)CC4)cc2)CC3)cc1,-7.619788758288394,,,train
COc1ccc(-n2nc(C(N)=O)c3c2C(=O)N(c2ccc(N4CCCCC4=O)cc2)CC3)cc1,-8.045757490560675,,,val
COc1ccc(-n2nc(S(C)(=O)=O)c3c2C(=O)N(c2ccc(C4(CN5CCCC5=O)CC4)cc2)CC3)cc1,-7.698970004336019,,,train
COc1ccc(-n2nc(S(C)(=O)=O)c3c2C(=O)N(c2ccc(C4(CN5CCOCC5)CC4)cc2)CC3)cc1,-6.844663962534939,,,train
COc1ccc(-n2nc(S(C)(=O)=O)c3c2C(=O)N(c2ccc(C4(Cn5ccnc5C)CC4)cc2)CC3)cc1,-7.958607314841775,,,train
COc1ccc(-n2ncc3c(=O)n(CC(=O)Nc4cc(C(F)(F)F)ccc4Cl)cnc32)cc1,,,-5.318758762624413,train
COc1ccc(/C=C(/C(=O)N2CCN(c3ncccn3)CC2)c2ccc(F)cc2)cc1,,-4.978810700930062,,train
COc1ccc(/C=C(/C(=O)N2CCN(c3ncccn3)CC2)c2cccc(C(F)(F)F)c2)cc1,,-4.832682665251824,,train
COc1ccc(/C=C(/C(=O)N2CCN(c3ncccn3)CC2)c2ccccc2)cc1,,-4.987162775294828,,train
COc1ccc(/C=C/C(=O)N2CCN(Cc3ccc(O)c4ncccc34)CC2)cc1OC,,-5.054531414868181,,test
COc1ccc(/C=C/C(=O)O)cc1OC,-4.701146923590294,,,test
COc1ccc(/C=C2\CNC/C(=C\c3ccc(OC)c(OC)c3)C2=O)cc1OC,-4.841637507904751,,-4.653647025549361,train
COc1ccc(/C=C2\COc3cc(OCCCCCCCCNc4c5c(nc6ccccc46)CCCC5)ccc3C2=O)cc1,,-5.309803919971486,,train
COc1ccc(/C=C2\COc3cc(OCCCCCCNc4c5c(nc6ccccc46)CCCC5)ccc3C2=O)cc1,,-5.167491087293763,,train
COc1ccc(/C=C2\COc3cc(OCCCCCNc4c5c(nc6ccccc46)CCCC5)ccc3C2=O)cc1,,-5.180456064458132,,val
COc1ccc(/C=N/N(C)S(=O)(=O)c2cc3c(cc2C)OCO3)cc1OC,,-4.883392256011752,,train
COc1ccc(/C=N/NC(N)=S)cc1,,-4.949233688766958,,train
COc1ccc(/N=C2\C(=O)Nc3ccccc32)cc1,,-5.229147988357856,,train
COc1ccc(C(=O)CCC2C=CN(Cc3cccc(Cl)c3)C=C2C#N)cc1OC,,-4.82102305270683,,train
COc1ccc(C(=O)CCC2C=CN(Cc3cccc(Cl)c3)C=C2C(C)=O)cc1OC,,-4.739928612014925,,train
COc1ccc(C(=O)CCC2C=CN(Cc3cccc(Cl)c3)C=C2C(N)=O)cc1OC,,-4.723538195826756,,train
COc1ccc(C(=O)N2CCCC(c3cc4ncccc4[nH]3)C2)cc1OC,,-5.801342913045578,,train
COc1ccc(C(=O)NC(C)c2cnn(C)n2)cc1S(=O)(=O)Nc1ccc(Cl)cc1,,,-4.877243666092925,test
COc1ccc(C(=O)NCc2cccc(C(=O)NCCC3CCCNC3)c2)cc1OC,-7.0,,,train
COc1ccc(C(=O)NCc2cccc(C(=O)NCCC3CCNCC3)c2)cc1OC,-7.0,-6.221848749616356,,test
COc1ccc(C(=O)NCc2cccc(C(=O)NCCc3ccncc3)c2)cc1OC,-6.301029995663981,,,train
COc1ccc(C(=O)NCc2cccc(C(=O)Nc3ccc(CN(C)C)cc3)c2)cc1C,-5.102372908709558,-4.6777807052660805,,train
COc1ccc(C(=O)NCc2cccc(C(=O)Nc3ccc(CN(C)C)cc3)c2)cc1Cl,-5.113509274827519,-4.619788758288394,,train
COc1ccc(C(=O)NCc2cccc(C(=O)Nc3ccc(CN(C)C)cc3)c2)cc1OC,,-5.0,,train
COc1ccc(C(=O)NCc2cccc(C(=O)Nc3ccc(CO)cc3)c2)cc1OC,-6.221848749616356,-5.0,,train
COc1ccc(C(=O)NCc2cccc(C(=O)Nc3ccc4c(c3)CN(C)CC4)c2)cc1OC,-6.522878745280337,-4.795880017344075,,train
COc1ccc(C(=O)NCc2cccc(C(=O)Nc3ccc4c(c3)CNCC4)c2)cc1OC,,-5.443697499232713,,train
COc1ccc(C(=O)NCc2nc(C)no2)cc1S(=O)(=O)Nc1ccc(C)cc1,,,-5.096910013008056,train
COc1ccc(C(=O)Nc2ccc([N+](=O)[O-])cc2Cl)c(O)c1,,-5.522878745280337,,train
COc1ccc(C(=O)Oc2ccc(S(=O)(=O)C3(C(=O)NO)CCC4(CCNCC4)C3)cc2)cc1,,-11.69897000433602,,train
COc1ccc(C(Cc2ccc(-c3cc(C(=O)O)on3)cc2)c2nc(-c3ccc(Cl)cc3)no2)cc1,,-4.318758762624412,,train
COc1ccc(C(Cc2ccc(-c3nc(C(=O)O)cs3)cc2)c2nc(-c3cccc(F)c3)no2)cc1,,-5.221848749616356,,train
COc1ccc(C2(c3cccc(-c4cccnc4)c3)CC(OC)C(N)=N2)cc1,-4.805594293263239,,,test
COc1ccc(C2(c3cccc(-c4cccnc4)c3)N=C(N)CS2)cc1,-4.721246399047171,,,train
COc1ccc(C2(c3cccc(-c4cncnc4)c3)CCC(N)=N2)cc1,-6.522878745280337,,,train
COc1ccc(C2(c3cccc(-c4cncnc4)c3)N=C(N)c3nc(C)sc32)cc1,-4.7447274948966935,,,train
COc1ccc(C2(c3cccc(-c4cncnc4)c3)N=C(N)n3nc(C)cc32)cc1,-4.522878745280337,,,train
COc1ccc(C2=NN(C(C)=O)C(c3ccc(-c4ccccc4)cc3)C2)c(OC)c1,,-6.0,,val
COc1ccc(C2CC(c3ccc(-c4ccccc4)cc3)=NN2C(C)=O)cc1OC,,-5.044793462458059,,train
COc1ccc(C2CC2)cc1S(=O)(=O)Nc1ccc2c(c1)CCN2C(C)=O,-4.73471037413917,,,train
COc1ccc(C2CCN(CCc3cnn(-c4nccc5c(=O)[nH]cnc45)c3)CC2)cc1,-5.238824186844269,,,train
COc1ccc(C2Cc3nccn3C2)cc1,,-4.2441251443275085,,test
COc1ccc(C2N=C(Nc3nc4ccc(F)cc4o3)NC(C)=C2C(=O)Nc2cc(C(=O)O)ccn2)c(Cl)c1,,-5.0,,train
COc1ccc(C2N=C(Nc3nc4cccc(N)c4o3)NC(C)=C2C(=O)Nc2cc(C(=O)O)ccn2)c(Cl)c1,,-6.0,,test
COc1ccc(C2N=C(Nc3nc4ccccc4o3)NC(C)=C2C(=O)Nc2nncs2)c(Cl)c1,,-4.496209316942819,,train
COc1ccc(C2c3ccc4ccccc4c3Oc3nc4c(c(N)c32)CCCC4)c(OC)c1,,-4.835647144215563,,train
COc1ccc(CC(=O)N2CCC3(CC2)CN([C@@H]2CCc4cc(-c5cc(C)ncn5)ccc42)C3)c(C#N)c1,,,-4.853871964321762,train
COc1ccc(CC(=O)N2CCC3(CC2)CN([C@@H]2CCc4cc(-c5cc(C)ncn5)ccc42)C3)c(C(N)=O)c1,,,-5.657577319177793,train
COc1ccc(CC(=O)N2CCC3(CC2)CN([C@@H]2CCc4cc(-c5cc(C)ncn5)ccc42)C3)c(NC(C)=O)c1,,,-4.823908740944319,train
COc1ccc(CC(=O)N2CCC3(CC2)CN([C@@H]2CCc4cc(-c5cc(C)ncn5)ccc42)C3)nc1,,,-4.886056647693163,train
COc1ccc(CC(=O)N2CCC3(CC2)CN([C@@H]2CCc4cc(-c5ccncn5)ccc42)C3)nc1,,,-4.823908740944319,train
COc1ccc(CC(=O)N2CCC3(CC2)CN([C@@H]2CCc4cc(-c5ncc(C)cn5)ccc42)C3)nc1,,,-4.869666231504994,train
COc1ccc(CC(=O)N2CCC3(CC2)CN([C@@H]2CCc4cc(-c5nccc(C)n5)ccc42)C3)nc1,,,-5.0,train
COc1ccc(CC(=O)N2CCC3(CC2)CN([C@@H]2CCc4cc(-c5ncccn5)ccc42)C3)cc1,,,-4.87942606879415,train
COc1ccc(CC(=O)N2CCC3(CC2)CN([C@@H]2CCc4cc(-c5ncccn5)ccc42)C3)nc1,,,-4.853871964321762,test
COc1ccc(CC(=O)NCCCn2c(=O)c3cc(F)ccc3n3c(=S)[nH]nc23)cc1,,-3.632644078973981,,train
COc1ccc(CC(=O)Nc2cnn(C(C)(C)C)c2)cc1OC,-4.346787486224656,,,val
COc1ccc(CC(=O)Nc2cnn(C(C)C)c2)cc1OC,-4.356547323513813,,,val
COc1ccc(CC(=O)Nc2cnn(C(F)(F)F)c2)cc1OC,-4.251811972993799,,,train
COc1ccc(CC(=O)Nc2cnn(C)c2)cc1OC,-4.376750709602099,,,test
COc1ccc(CC(=O)O)cc1-c1ccc(C#CCO)s1,-5.563837352959244,,,train
COc1ccc(CC2CCOC3(CCN(Cc4ccc(COc5ccc(CCC(=O)O)cc5)cc4)CC3)C2)cc1,-4.801342913045578,,,train
COc1ccc(CC2COc3cc(OCCCCCCNc4c5c(nc6ccccc46)CCCC5)ccc3C2=O)cc1,,-5.552841968657781,,train
COc1ccc(CCC(=O)N2CCC3(CC2)CN([C@@H]2CCc4cc(-c5cc(C)ncn5)ccc42)C3)c(C(N)=O)c1,,,-5.508638306165728,train
COc1ccc(CCC(=O)N2CCN(Cc3ccc(O)c4ncccc34)CC2)cc1OC,,-5.014573525916998,,train
COc1ccc(CCN(C)CCCC(C#N)(c2ccc(OC)c(OC)c2)C(C)C)cc1OC,-5.4689043469723115,-4.687755900857538,-4.853871964321762,train
COc1ccc(CCN(Cc2ccc(C(=O)O)cc2)c2nc3cccnc3s2)cc1,,-4.652669984683049,,train
COc1ccc(CCN2CCC(Nc3nc4ccccc4n3Cc3ccc(F)cc3)CC2)cc1,,-5.071604147743286,,train
COc1ccc(CCNc2ncc(C)n(CC(=O)NCCONC(=N)N)c2=O)cc1,-6.552841968657781,,,test
COc1ccc(CCNc2ncc(C)n(CC(=O)NCCONC(=N)N)c2=O)cc1OC,-6.060480747381382,,,train
COc1ccc(CCn2cnc3c(c(-c4ccccc4)c(-c4ccccc4)n3Cc3ccccc3)c2=N)cc1OC,,-2.921942133020813,,train
COc1ccc(CCn2cnc3c(c(-c4ccccc4)cn3Cc3ccccc3)c2=N)cc1OC,,-3.0,,test
COc1ccc(CN(C(=O)c2cn(C)cn2)[C@H]2C[C@H]3CNC[C@H]3C2)cc1OC1CCCC1,,,-6.536107011014093,train
COc1ccc(CN(C)c2nc(C(C)c3c(F)cccc3F)c(C)c(=O)[nH]2)cc1,,-5.2564902352715706,,train
COc1ccc(CN(CC(=O)N2CCC(CN)CC2)c2ccc(C#N)cc2)cc1F,-6.585026652029182,,,train
COc1ccc(CN(CC(=O)N2CCC(N)CC2)c2ccc(C#N)cc2)cc1F,-6.356547323513813,,,train
COc1ccc(CN(CC(=O)N2CCC3(CC2)CNC3)c2ccc(C#N)cc2)cc1F,-7.045757490560675,,,val
COc1ccc(CN(Cc2ccc(OC)cc2)Cc2ccc(-n3ncc(C(=O)O)c3N)cc2)cc1,,-6.903089986991944,,val
COc1ccc(CN2C(=O)C(O)(c3ccc4c(c3)OCO4)c3ccccc32)cc1,-5.187086643357144,,,train
COc1ccc(CN2CCC(NC(=O)c3noc(-c4cc(Cl)c(O)cc4O)c3-c3ccc(OC)cc3)CC2)cc1,-6.016824927962187,,,train
COc1ccc(CN2CCC(Nc3c4ccc(Cl)cc4nc4ccc(OC)cc34)CC2)cc1,,-5.122628654130226,,val
COc1ccc(CN2CCC(Nc3nc(-c4ccc(OC)cc4)c(-c4ccc(OC)cc4)s3)CC2)cc1,,-4.987162775294828,,train
COc1ccc(CNC(=O)c2nc(C)[nH]c(=O)c2O)cc1,,-4.906578314837765,,train
COc1ccc(CNS(=O)(=O)/C=C/c2ccc(O)c(O)c2)cc1,,-5.327902142064283,,train
COc1ccc(CNS(=O)(=O)/C=C/c2ccc(OC(C)=O)c(OC(C)=O)c2)cc1,,-4.935542010773082,,val
COc1ccc(CNc2nc(SC)nc3c2cnn3CC(Cl)c2ccccc2)cc1,,-5.823908740944319,,train
COc1ccc(COc2c(OC)ccc3cc4[n+](cc23)CCc2cc3c(cc2-4)OCO3)cc1,,-5.318758762624413,,train
COc1ccc(C[C@@H]2CS(=O)(=O)C[C@H](NCc3cccc(C(C)C)c3)[C@H]2O)cc1Br,,,-5.431798275933005,train
COc1ccc(Cc2cc([C@@H]3OC4(COC4)[C@@H](O)[C@H](O)[C@H]3O)ccc2C)cc1,,,-5.236572006437063,train
COc1ccc(Cc2ccc(O[C@@H]3O[C@H](CO)[C@@H](O)[C@H](O)[C@H]3O)cc2)cc1,-5.774690718274138,,,val
COc1ccc(Cc2cccc(O[C@@H]3O[C@H](CO)[C@@H](O)[C@H](O)[C@H]3O)c2)cc1,-5.982966660701219,,,train
COc1ccc(Cc2ccccc2O[C@@H]2O[C@H](CO)[C@@H](O)[C@H](O)[C@H]2O)cc1,-5.756961951313706,,,val
COc1ccc(Cl)c(-c2noc(C(C)C)c2COc2ccc(-c3ccc4c(C(=O)O)cn(C)c4c3)c(C)c2)n1,,-6.154901959985743,,train
COc1ccc(Cl)c(C2N=C(Nc3nc4ccccc4o3)NC(C)=C2C(=O)Nc2nncs2)c1,,-4.703334809738469,,val
COc1ccc(Cl)c(NC(=O)c2cc(Cl)ccc2O)c1,,-4.468521082957745,,val
COc1ccc(Cl)c(SC2=C(O)CC(c3c(Cl)ccc(NC4CCOCC4)c3Cl)CC2=O)c1,,,-4.853871964321762,train
COc1ccc(Cl)c2oc3cc(N4CCC(C(=O)O)C4)ccc3c(=O)c12,,-6.167491087293763,,train
COc1ccc(Cl)cc1-n1nc(C)nc1[C@@H]1O[C@H](CO)[C@H](O)[C@H](n2cc(-c3cc(F)c(F)c(F)c3)nn2)[C@H]1O,,-6.853871964321762,,val
COc1ccc(Cl)cc1C(=O)NCCc1ccc(S(=O)(=O)NC(=O)NC2CCCCC2)cc1,,,-4.853871964321762,train
COc1ccc(Cl)cc1C(=O)Nc1ccc([N+](=O)[O-])cc1Cl,,-2.996970529446382,,train
COc1ccc(Cl)cc1NC(=O)Nc1cc(C)nc2ccccc12,,-3.472370099128661,,train
COc1ccc(Cl)cc1OC1CN(S(=O)(=O)c2ccc3[nH]c(=O)oc3c2)C1,,,-4.4089353929735005,train
COc1ccc(Cn2c(-c3ccccc3)c(-c3ccccc3)c3c(=N)n(CC4CCCO4)cnc32)cc1,,-3.0,,val
COc1ccc(Cn2c(-c3ccccc3)c(-c3ccccc3)c3c(=N)n(CC4CCOCC4)cnc32)cc1,,-2.897535421400728,,train
COc1ccc(Cn2c(-c3ccccc3)c(-c3ccccc3)c3c(=N)n(CCCO)cnc32)cc1,,-3.0,,train
COc1ccc(Cn2c(-c3ccccc3)c(-c3ccccc3)c3c(=N)n(CCO)cnc32)cc1,,-3.0,,train
COc1ccc(Cn2c(-c3ccccc3)c(-c3ccccc3)c3c(=N)n([C@H]4CC[C@H](O)CC4)cnc32)cc1,,-3.0,,train
COc1ccc(Cn2cc(C(=O)NCCCCCCCNc3c4c(nc5cc(Cl)ccc35)CCCC4)c(=O)c3ccccc32)cc1,,-5.628932137728264,,train
COc1ccc(Cn2cc(C(=O)NCCCCCCCNc3c4c(nc5ccc(OC)cc35)CCCC4)c(=O)c3ccccc32)cc1,,-5.033858267260968,,train
COc1ccc(Cn2cc(C(=O)NCCCCCCNc3c4c(nc5ccccc35)CCCC4)c(=O)c3ccccc32)cc1,,-5.642065152999546,,train
COc1ccc(Cn2cc(C(=O)NCCCNc3c4c(nc5cc(Cl)ccc35)CCCC4)c(=O)c3ccccc32)cc1,,-5.511449283499556,,val
COc1ccc(Cn2cc(C(=O)NCCCNc3c4c(nc5ccc(OC)cc35)CCCC4)c(=O)c3ccccc32)cc1,,-5.314258261397736,,test
COc1ccc(Cn2cc(C(=O)NCCCNc3c4c(nc5ccccc35)CCCC4)c(=O)c3ccccc32)cc1,,-5.585026652029182,,train
COc1ccc(Cn2cc(C(=O)NCCNc3c4c(nc5cc(Cl)ccc35)CCCC4)c(=O)c3ccccc32)cc1,,-5.6252516539898965,,train
COc1ccc(Cn2cc(C(=O)NCCNc3c4c(nc5ccc(OC)cc35)CCCC4)c(=O)c3ccccc32)cc1,,-5.782516055786094,,train
COc1ccc(Cn2cc(C(=O)NCCNc3c4c(nc5ccccc35)CCCC4)c(=O)c3ccccc32)cc1,,-5.744727494896694,,train
COc1ccc(F)c(-c2ccc(Cc3ccc(N4N=C(C(F)(F)F)[C@@H](C)[C@@H]4CC(=O)O)cc3)c(C)c2)c1,,,-7.244125144327507,train
COc1ccc(F)cc1CNCCCNc1ccnc2cc(-c3cc(C(F)(F)F)cc(C(F)(F)F)c3)ccc12,,-3.625251653989896,,train
COc1ccc(F)cc1CNCCCNc1ccnc2cc(-c3ccc(C(C)(C)C)cc3)ccc12,,-3.625251653989896,,train
COc1ccc(F)cc1CNCCCNc1ccnc2cc(-c3ccc(C(F)(F)F)cc3)ccc12,,-3.625251653989896,,train
COc1ccc(F)cc1CNCCCNc1ccnc2cc(-c3ccc(F)cc3)ccc12,,-3.625251653989896,,train
COc1ccc(F)cc1CNCCCNc1ccnc2cc(-c3cccc4ccccc34)ccc12,,-3.625251653989896,,train
COc1ccc(F)cc1CNCCCNc1ccnc2cc(-c3ccccc3)ccc12,,-3.625251653989896,,train
COc1ccc(F)cc1CNCCCNc1ccnc2cc(C3CCCCC3)ccc12,,-4.638272163982407,,train
COc1ccc(F)cc1CNCCCNc1ccnc2cc(CC(C)C)ccc12,,-4.638272163982407,,train
COc1ccc(F)cc1CNCCCNc1ccnc2cc(CC3CCCCC3)ccc12,,-4.638272163982407,,train
COc1ccc(F)cc1CNCCCNc1ccnc2cc(CCC(C)C)ccc12,,-4.638272163982407,,train
COc1ccc(F)cc1CNCCCNc1ccnc2cc(CCc3ccccc3)ccc12,,-4.638272163982407,,train
COc1ccc(F)cc1CNCCCNc1ccnc2cc(Cc3cc(C)cc(C)c3)ccc12,,-4.638272163982407,,train
COc1ccc(F)cc1CNCCCNc1ccnc2cc(Cc3ccc(C#N)cc3)ccc12,,-4.638272163982407,,train
COc1ccc(F)cc1CNCCCNc1ccnc2cc(Cc3ccc(F)cc3)ccc12,,-4.638272163982407,,val
COc1ccc(F)cc1CNCCCNc1ccnc2cc(Cc3ccc(F)cc3Cl)ccc12,,-4.638272163982407,,train
COc1ccc(F)cc1CNCCCNc1ccnc2cc(Cc3ccc4c(c3)OCO4)ccc12,,-3.625251653989896,,train
COc1ccc(F)cc1CNCCCNc1ccnc2cc(Cc3cccc(C(F)(F)F)c3)ccc12,,-4.638272163982407,,train
COc1ccc(F)cc1CNCCCNc1ccnc2cc(Cc3ccccc3)ccc12,,-4.638272163982407,,train
COc1ccc(F)cc1CNCCCNc1ccnc2cc(Oc3ccc(C(C)(C)C)cc3)ccc12,,-3.4989407377822483,,train
COc1ccc(F)cc1CNCCCNc1ccnc2cc(Oc3ccc(Cl)cc3)ccc12,,-3.4989407377822483,,val
COc1ccc(F)cc1CNCCCNc1ccnc2cc(Oc3ccc(F)cc3)ccc12,,-3.4989407377822483,,train
COc1ccc(F)cc1CNCCCNc1ccnc2cc(Oc3cccc(N(C)C)c3)ccc12,,-3.4989407377822483,,train
COc1ccc(F)cc1CNCCCNc1ccnc2cc(Oc3ccccc3)ccc12,,-3.4989407377822483,,train
COc1ccc(F)cc1CNCCCNc1ccnc2cc(Oc3ccccc3OC)ccc12,,-3.4989407377822483,,train
COc1ccc(N(C)c2cnc(SCc3c(F)cc(C#CC[N+](C)(C)C)cc3F)n2-c2ccc(F)cc2)cc1OC,-7.096910013008056,,,train
COc1ccc(N(C)c2cnc(SCc3c(F)cc(OCCCS(=O)(=O)O)cc3F)n2-c2ccc(F)cc2)cc1OC,-7.508638306165728,,,test
COc1ccc(N(C)c2cnc(SCc3c(F)cc(OCCC[N+]45CCN(CC4)CC5)cc3F)n2-c2ccc(F)cc2)cc1OC.O=C[O-],-7.795880017344075,,,train
COc1ccc(N2CCN(CCCN3CCN(C(=O)c4ccccc4)CC3)CC2)cc1,,-4.638272163982407,,train
COc1ccc(N2CCN(CCCN3CCN(c4ncccc4C#N)CC3)CC2)cc1,,-4.619788758288394,,train
COc1ccc(N2N=C(S(C)(=O)=O)C3CCN(c4ccc(C5(CN(C)C)CC5)cc4)C(=O)C32)cc1,-8.096910013008056,,,train
COc1ccc(N2N=C(S(C)(=O)=O)C3CCN(c4ccc(C5(CN6CCCC6)CC5)cc4)C(=O)C32)cc1,-8.0,,,train
COc1ccc(NC(=O)C(=O)c2cn(C(C)C)c3ccccc23)cn1,-4.703334809738469,,,val
COc1ccc(NC(=O)C(=O)c2cn(CC3CCCO3)c3ccccc23)cn1,-4.455931955649724,,,val
COc1ccc(NC(=O)Nc2cc(C)nc3ccccc23)cc1,,-3.104025267640936,,train
COc1ccc(NC(=O)Nc2cc(C)nc3ccccc23)cc1Cl,,-3.473660722610156,,train
COc1ccc(NC(=O)Nc2cc(C)nc3ccccc23)cc1F,,-4.301029995663981,,train
COc1ccc(NC(=O)Nc2cc(C)nc3ccccc23)cc1OC,,-3.258060922270801,,train
COc1ccc(NC(=O)Nc2ccc(OC(CCN(C)C)c3ccccc3)cc2)cc1Cl,-5.1249387366083,,,train
COc1ccc(NC(=O)c2c(C)[nH]n(-c3ccccn3)c2=O)cc1F,-5.180456064458132,,,train
COc1ccc(NC(=O)c2cc(Cl)ccc2O)cc1,,-4.091514981121351,,train
COc1ccc(NC(=O)c2ccc(C[S+](C)[O-])c3ccccc23)c(C(=O)NCC2CCOCC2)n1,-4.455931955649724,,,train
COc1ccc(NC(=O)c2ccc(Cn3ccnn3)c3ccccc23)c(C(=O)NCC2CCC2)n1,-6.017728766960432,,,train
COc1ccc(NC(=O)c2ccc(Cn3ccnn3)c3ccccc23)c(C(=O)NCC2CCCCC2)n1,-6.721246399047171,,,test
COc1ccc(NC(=O)c2ccc(Cn3ccnn3)c3ccccc23)c(C(=O)NCC2CCOCC2)n1,-4.327902142064283,,,train
COc1ccc(Nc2c(N/N=C/c3c(CO)cnc(C)c3O)c(=O)c2=O)cc1,,-5.795880017344075,,test
COc1ccc(Nc2ccc3c(C4CCN(C)CC4)c[nH]c3c2)cc1OC,-4.619788758288394,,,train
COc1ccc(O)c(/C=C(/C(=O)N2CCN(c3ncccn3)CC2)c2ccc(F)cc2)c1,,-5.1938200260161125,,train
COc1ccc(O)c(/C=C(/C(=O)N2CCN(c3ncccn3)CC2)c2cccc(C(F)(F)F)c2)c1,,-4.896196279044044,,train
COc1ccc(O)c(/C=C(/C(=O)N2CCN(c3ncccn3)CC2)c2ccccc2)c1,,-4.85078088734462,,train
COc1ccc(O)c(C(=O)Nc2ccc([N+](=O)[O-])cc2Cl)c1,,-4.173277479831008,,train
COc1ccc(OC)c(C2=NN(C(C)=O)C(c3ccc(-c4ccccc4)cc3)C2)c1,,-5.16304326294045,,train
COc1ccc(OC)c(C2CC(c3ccc(-c4ccccc4)cc3)=NN2C(C)=O)c1,,-5.158640529545145,,train
COc1ccc(OC)c2c(=O)c3c([nH]c12)CCCC3,,-5.045757490560675,,train
COc1ccc(OC2CN(c3c4c(nc5ccnn35)CCNCC4)C2)cc1,-4.982966660701219,,,train
COc1ccc(OCC(=O)N2CCC3(CC2)CN([C@@H]2CCc4cc(-c5cc(C)ncn5)ccc42)C3)c(C#N)c1,,,-5.301029995663981,train
COc1ccc(OCC(=O)N2CCC3(CC2)CN([C@@H]2CCc4cc(-c5cc(C)ncn5)ccc42)C3)c(C(N)=O)c1,,,-5.3979400086720375,train
COc1ccc(Oc2cc([N+](=O)[O-])ccc2NS(C)(=O)=O)cc1,-4.910425259819426,,,train
COc1ccc(Oc2ccc(S(=O)(=O)C3(C(=O)NO)CCC4(CCNCC4)C3)cc2)cc1,,-11.045757490560677,,val
COc1ccc(Oc2ccc3c(NCCCNCc4cc(F)ccc4OC)ccnc3c2)cc1,,-3.4989407377822483,,val
COc1ccc(Oc2ccc3c(NCCCNCc4ccc5c(c4)OCO5)ccnc3c2)cc1,,-3.4989407377822483,,train
COc1ccc(Oc2ccc3c(NCCCNCc4cccc(OC)c4O)ccnc3c2)cc1,,-3.4989407377822483,,train
COc1ccc(Oc2ccc3c(NCCCNCc4ccco4)ccnc3c2)cc1,,-3.4989407377822483,,train
COc1ccc(Oc2ccccc2C)cc1-n1c(=O)cc(C(F)(F)F)[nH]c1=O,-6.785156151952302,,,train
COc1ccc(S(=O)(=O)N(CC(=O)NS(=O)(=O)c2ccccc2)c2cccc3c2CCN3C(C(=O)NS(=O)(=O)c2ccc(C)cc2OC)c2cccc(OC)c2)cc1,,-5.345823458122039,,train
COc1ccc(S(=O)(=O)N(CC(=O)O)c2ccc(N(CC(=O)O)S(=O)(=O)c3ccc(OC)cc3)c3ccccc23)cc1,,-6.721246399047171,,test
COc1ccc(S(=O)(=O)N2CCCC[C@H]2C(=O)O[C@@H](Cc2c(Cl)c[n+]([O-])cc2Cl)c2ccc(OC(F)F)c(OCC3CC3)c2)cc1C(=O)N(C)C,-6.880084589742009,,,test
COc1ccc(S(=O)(=O)N2CCC[C@H]2C(=O)O[C@@H](Cc2c(Cl)c[n+]([O-])cc2Cl)c2ccc(OC(F)F)c(OCC3CC3)c2)cc1C(=O)N(C)C,-8.301029995663981,,,train
COc1ccc(S(=O)(=O)N2CCS[C@H]2C(=O)O[C@@H](Cc2c(Cl)c[n+]([O-])cc2Cl)c2ccc(OC(F)F)c(OCC3CC3)c2)cc1C(=O)N(C)C,-8.638272163982407,,,train
COc1ccc(S(=O)(=O)N2CCS[C@H]2C(=O)O[C@@H](Cc2c(Cl)c[n+]([O-])cc2Cl)c2ccc(OC(F)F)c(OCC3CC3)c2)cc1OC,-8.602059991327963,,,train
COc1ccc(S(=O)(=O)NC(=O)CN(c2cccc3c2CCN3C(C(=O)NS(=O)(=O)c2ccc(C)cc2OC)c2cccc(OC)c2)S(=O)(=O)c2ccc(OC)cc2)cc1,,-5.278189384787454,,train
COc1ccc(Sc2ccc(F)cc2CSC(=N)N)c(CSC(=N)N)c1,-5.619788758288394,,,train
COc1ccc([C@@H]2CC(=O)c3c(O)cc(O)cc3O2)cc1O,-4.326979092871104,-4.447331783887807,,train
COc1ccc([C@@H]2N=C(Nc3nc4cccc(N)c4o3)NC(C)=C2C(=O)Nc2cc(C(=O)O)ccn2)c(Cl)c1,,-6.0,,train
COc1ccc([C@@H]2Sc3ccccc3N(CCN(C)C)C(=O)[C@@H]2OC(C)=O)cc1,-4.920818753952375,-6.468521082957745,,train
COc1ccc([C@@]23Oc4cc(C#N)cc(OC)c4[C@]2(O)[C@H](O)[C@H](C(=O)N(C)C)[C@H]3c2ccccc2)cc1,-5.455931955649724,,,train
COc1ccc([C@@]23Oc4cc(Cl)cc(OC)c4[C@]2(O)[C@H](O)[C@H](C(=O)N(C)C)[C@H]3c2ccccc2)cc1,-4.809668301829708,,,train
COc1ccc([C@H]2N=C(Nc3nc4cccc(N)c4o3)NC(C)=C2C(=O)Nc2cc(C(=O)O)ccn2)c(Cl)c1,,-6.0,,train
COc1ccc([C@]2(C#N)CC[C@@H](C(=O)O)CC2)cc1OC1CCCC1,,-5.137272471682025,,train
COc1ccc2[nH]c(C)c(-c3ccccc3)c(=O)c2c1,,-3.900699273766537,,train
COc1ccc2[nH]c(C)c(Br)c(=O)c2c1,,-4.778325002929232,,train
COc1ccc2[nH]c(C)c(Cc3ccccc3)c(=O)c2c1,,-3.725380380908762,,train
COc1ccc2[nH]c(C3CCCN(C(=O)c4ccc(F)cc4)C3)cc2n1,,-4.841637507904751,,train
COc1ccc2[nH]c3c(c(=O)c2c1)CC(C)(C)CC3,,-4.136677139879544,,train
COc1ccc2[nH]c3c(c(=O)c2c1)CCC(C)(C)C3,,-3.892790030352132,,train
COc1ccc2[nH]c3c(c(=O)c2c1)CCCC3,,-4.795880017344075,,train
COc1ccc2[nH]cc(CCCCN3CCN(c4cccc5nc6c(c(N)c45)CCCC6)CC3)c2c1,,-5.343901797987169,,train
COc1ccc2[nH]cc(CCNC(=O)CN(CCCCCCCCNc3c4c(nc5ccccc35)CCCC4)C(=O)/C=C/c3ccc(O)c(OC)c3)c2c1,,-5.236572006437063,,train
COc1ccc2[nH]cc(CCNC(=O)CN(CCCCCCCCNc3c4c(nc5ccccc35)CCCC4)C(=O)CCCC[C@@H]3CCSS3)c2c1,,-5.161150909262744,,train
COc1ccc2c(=O)c(-c3ccccc3)c(C)[nH]c2c1,,-5.004803708402821,,train
COc1ccc2c(=O)c(C(=O)O)c(-c3ccc4c(c3)OCO4)[nH]c2c1,,-4.721246399047171,,val
COc1ccc2c(=O)c(C(C)=O)c(-c3ccc4c(c3)OCO4)[nH]c2c1,,-4.055517327849832,,train
COc1ccc2c(=O)c(C(N)=O)c(-c3ccc4c(c3)OCO4)[nH]c2c1,,-4.7447274948966935,,train
COc1ccc2c(=O)c(Cc3ccccc3)c(C)[nH]c2c1,,-3.619788758288394,,val
COc1ccc2c(=O)c(Cc3ccccc3)c(C)n(C)c2c1,,-3.5239803539286845,,train
COc1ccc2c(=O)c3c([nH]c2c1)CC(C)(C)CC3,,-4.1938200260161125,,val
COc1ccc2c(=O)c3c([nH]c2c1)CCC(C)(C)C3,,-4.055517327849832,,train
COc1ccc2c(=O)c3c([nH]c2c1)CCC(F)(F)C3,,-4.4089353929735005,,train
COc1ccc2c(=O)c3c([nH]c2c1)CCC3,,-4.958607314841775,,train
COc1ccc2c(=O)c3c([nH]c2c1)CCCC3,,-4.6020599913279625,,train
COc1ccc2c(=O)c3c([nH]c2c1)CCCCC3,,-4.4089353929735005,,train
COc1ccc2c(=O)c3c([nH]c2c1)CCCCCC3,,-4.136677139879544,,train
COc1ccc2c(=O)c3c([nH]c2c1OC)CCCC3,,-4.721246399047171,,val
COc1ccc2c(=O)cc(-c3ccc4c(c3)OCO4)[nH]c2c1,,-3.835647144215563,,val
COc1ccc2c(=O)cc(C)[nH]c2c1,,-5.050122295963125,,train
COc1ccc2c(=O)n(C(c3ccccc3)c3ccccc3)c(=O)n(C/C=C/COc3ccc(C(=O)O)cc3)c2c1,,-5.744727494896694,,train
COc1ccc2c(NCC(C)(C)c3ccccc3)noc2c1,-7.443697499232713,,,train
COc1ccc2c(OC)c(Cc3ccccc3)c(C)nc2c1,,-2.893727488889833,,train
COc1ccc2c(O[C@@H]3C[C@H]4C(=O)N[C@]5(C(=O)NS(=O)(=O)C6(C)CC6)C[C@H]5/C=C\CCCCCC(=O)N4C3)cc(-c3nc(C(C)C)cs3)nc2c1C,-4.954677021213342,,,train
COc1ccc2c(O[C@@H]3C[C@H]4C(=O)N[C@]5(C(=O)NS(=O)(=O)C6(C)CC6)C[C@H]5/C=C\CCCCCNC(=O)N4C3)cc(-c3nc(C(C)C)cs3)nc2c1,-4.522878745280337,,,train
COc1ccc2c(O[C@@H]3C[C@H]4C(=O)N[C@]5(C(=O)NS(=O)(=O)C6(C)CC6)C[C@H]5/C=C\CCCCCNC(=O)N4C3)cc(-c3nc(C(C)C)cs3)nc2c1Cl,-4.537602002101044,,,train
COc1ccc2c(O[C@@H]3C[C@H]4C(=O)N[C@]5(C(=O)NS(=O)(=O)C6(C)CC6)C[C@H]5/C=C\CCCCC[C@H](NC(=O)c5ccn(C)n5)C(=O)N4C3)cc(OC(C)C)nc2c1C,-4.853871964321762,,,train
COc1ccc2c(O[C@@H]3C[C@H]4C(=O)N[C@]5(C(=O)NS(=O)(=O)C6(C)CC6)C[C@H]5/C=C\CCCCC[C@H](NC(=O)c5cnn(C)n5)C(=O)N4C3)cc(OC(C)C)nc2c1C,-4.886056647693163,,,train
COc1ccc2c(O[C@@H]3C[C@H]4C(=O)N[C@]5(C(=O)NS(=O)(=O)C6CC6)C[C@H]5/C=C\CCCCCNC(=O)N4C3)cc(-c3nc(C(C)C)cs3)nc2c1,-5.0,,,train
COc1ccc2c(O[C@@H]3C[C@H]4C(=O)N[C@]5(C(=O)NS(=O)(=O)C6CC6)C[C@H]5/C=C\CCCCCNC(=O)N4C3)cc(-c3nc(C(C)C)cs3)nc2c1C,-6.3979400086720375,,,train
COc1ccc2c(O[C@@H]3C[C@H]4C(=O)N[C@]5(C(=O)NS(=O)(=O)C6CC6)C[C@H]5/C=C\CCCCCNC(=O)N4C3)cc(-c3nc(C(C)C)cs3)nc2c1Cl,-4.657577319177793,,,test
COc1ccc2c(O[C@@H]3C[C@H]4C(=O)N[C@]5(C(=O)NS(=O)(=O)C6CC6)C[C@H]5/C=C\CCCCCNC(=O)N4C3)cc(-c3nccs3)nc2c1,-6.3979400086720375,,,train
COc1ccc2c(O[C@@H]3C[C@H]4C(=O)N[C@]5(C(=O)NS(=O)(=O)C6CC6)C[C@H]5/C=C\CCCCC[C@H](NC(=O)OC(C)(C)C)C(=O)N4C3)cc(OC(C)C)nc2c1C,-5.259637310505756,,,train
COc1ccc2c(O[C@@H]3C[C@H]4C(=O)N[C@]5(C(=O)NS(=O)(=O)C6CC6)C[C@H]5/C=C\CCCCC[C@H](NC(=O)c5cc[nH]n5)C(=O)N4C3)cc(OC(C)C)nc2c1C,-6.096910013008056,,,train
COc1ccc2c(O[C@@H]3C[C@H]4C(=O)N[C@]5(C(=O)NS(=O)(=O)C6CC6)C[C@H]5/C=C\CCCCC[C@H](NC(=O)c5ccc(C)s5)C(=O)N4C3)cc(OC(C)C)nc2c1C,-5.180456064458132,,,train
COc1ccc2c(O[C@@H]3C[C@H]4C(=O)N[C@]5(C(=O)NS(=O)(=O)C6CC6)C[C@H]5/C=C\CCCCC[C@H](NC(=O)c5ccn(C)n5)C(=O)N4C3)cc(OC(C)C)nc2c1C,-6.096910013008056,,,train
COc1ccc2c(O[C@@H]3C[C@H]4C(=O)N[C@]5(C(=O)NS(=O)(=O)C6CC6)C[C@H]5/C=C\CCCCC[C@H](NC(=O)c5ccn(CC(F)(F)F)n5)C(=O)N4C3)cc(OC(C)C)nc2c1C,-5.468521082957745,,,train
COc1ccc2c(O[C@@H]3C[C@H]4C(=O)N[C@]5(C(=O)NS(=O)(=O)C6CC6)C[C@H]5/C=C\CCCCC[C@H](NC(=O)c5ccn(CC(F)F)n5)C(=O)N4C3)cc(OC(C)C)nc2c1C,-5.744727494896694,,,test
COc1ccc2c(O[C@@H]3C[C@H]4C(=O)N[C@]5(C(=O)NS(=O)(=O)C6CC6)C[C@H]5/C=C\CCCCC[C@H](NC(=O)c5cnn(C)n5)C(=O)N4C3)cc(OC(C)C)nc2c1C,-5.920818753952375,,,train
COc1ccc2c(O[C@@H]3C[C@H]4C(=O)N[C@]5(C(=O)NS(=O)(=O)C6CC6)C[C@H]5/C=C\CCCCC[C@H](NC(=O)c5nc(C)cs5)C(=O)N4C3)cc(OC(C)C)nc2c1C,-5.102372908709558,,,train
COc1ccc2c(O[C@@H]3C[C@H]4C(=O)N[C@]5(C(=O)NS(=O)(=O)C6CC6)C[C@H]5/C=C\CCCCN(C)C(=O)N4C3)nc(-c3ccccc3)nc2c1C,-4.585026652029182,,,train
COc1ccc2c(O[C@@H]3C[C@H]4C(=O)N[C@]5(C(=O)NS(=O)(=O)C6CC6)C[C@H]5/C=C\CCCCNC(=O)N4C3)cc(-c3nc(C(C)C)cs3)nc2c1,-5.522878745280337,,,train
COc1ccc2c(c1)/C(=C/CCN1CCc3cc(OC)c(OC)cc3C1)CCC2,-5.779107750780481,,,train
COc1ccc2c(c1)/C(=C\c1ccc3c(/C=C/c4ccc(N5CCN(C)CC5)nc4)n[nH]c3c1)C(=O)N2,,-3.785156151952302,,train
COc1ccc2c(c1)/C(=N\N(c1ccccc1)c1ccccc1)C(=O)N2,,-4.785156151952302,,train
COc1ccc2c(c1)C(=NN1CCCCC1)C(=O)N2,,-4.97469413473523,,train
COc1ccc2c(c1)C(=O)N(CCc1ccc(S(=O)(=O)NC(=O)NC3CCCCC3)cc1)C(=O)C2(C)C,,,-5.2441251443275085,train
COc1ccc2c(c1)C(CCCN1CCc3cc(OC)c(OC)cc3C1)=CCC2,-6.214670164989233,,,train
COc1ccc2c(c1)C(CCCN1CCc3cc(OC)c(OC)cc3C1)CCC2,-6.337242168318426,,,val
COc1ccc2c(c1)C/C(=C/c1ccccc1-c1ccc3ccccc3c1)C2=O,,-4.544546031221372,,train
COc1ccc2c(c1)C/C(=C/c1ccccc1-c1ccc3nc(N)ccc3c1)C2=O,,-4.61457248519487,,train
COc1ccc2c(c1)C/C(=C/c1ccccc1-c1ccccc1)C2=O,,-4.574302786637409,,train
COc1ccc2c(c1)C1CC1(C(=O)N1C3CCC1CN(C)C3)Cn1c-2c(C2CCCCC2)c2ccc(C(=O)NS(=O)(=O)N(C)C)cc21,,-6.146910470148135,,train
COc1ccc2c(c1)C1CC1(C(=O)N1C3CCC1CN(C)C3)Cn1c-2c(C2CCCCC2)c2ccc(C(=O)NS(=O)(=O)N3CCC3)cc21,,-6.177178354696896,,train
COc1ccc2c(c1)CCC(CC1C=CN(Cc3ccccc3C)C=C1C(N)=O)C2=O,,-4.72584215073632,,train
COc1ccc2c(c1)CCC(CC1C=CN(Cc3ccccc3Cl)C=C1C(C)=O)C2=O,,-4.673664139071248,,train
COc1ccc2c(c1)CCC=C2CCCN1CCc2cc(OC)c(OC)cc2C1,-6.39040559077478,,,val
COc1ccc2c(c1)CCCC2CCCN1CCc2cc(OC)c(OC)cc2C1,-6.08196966321512,,,val
COc1ccc2c(c1)CCC[C@H]2CNc1cnccc1C(=O)O,,-7.73471037413917,,train
COc1ccc2c(c1)CCc1cnc(Nc3ccc(S(N)(=O)=O)cc3)nc1-2,,-5.744727494896694,,train
COc1ccc2c(c1)CN(C(=O)c1cc(S(C)(=O)=O)ccc1O[C@@H](C)C(F)(F)F)C2,,-5.568636235841013,,train
COc1ccc2c(c1)NC(c1ccc3c(c1)OCO3)=C(CO)C2,,-3.4485500020271247,,train
COc1ccc2c(c1)Sc1ccccc1N2NC(=O)CCN1CCCC1,,-5.060480747381382,,train
COc1ccc2c(c1)Sc1ccccc1N2NC(=O)CCN1CCN(C)CC1,,-4.774690718274138,,train
COc1ccc2c(c1)[C@@]13CCCC[C@H]1[C@@H](C2)NCC3,,-4.764471553092451,,train
COc1ccc2c(c1)[C@]13CCCC[C@@H]1[C@H](C2)N(C)CC3,,-4.195860567664649,,train
COc1ccc2c(c1)c(=O)c(Cc1ccccc1)c(C)n2C,,-3.572108349291122,,test
COc1ccc2c3c1O[C@H]1C(=O)CC[C@@]4(O)[C@@H](C2)N(C)CC[C@]314,,-4.747146969020107,,train
COc1ccc2c3c1O[C@H]1C(=O)CC[C@@]4(O)[C@@H](C2)NCC[C@]314,,-6.045757490560675,,train
COc1ccc2c3c1O[C@H]1C(=O)CC[C@H]4[C@@H](C2)N(C)CC[C@]314,,-5.040958607678906,,train
COc1ccc2c3c1O[C@H]1[C@@H](O)C=C[C@H]4[C@@H](C2)N(C)CC[C@@]341,,-5.096910013008056,,train
COc1ccc2cc(C(=O)N3CCc4cc(OC)c(OC)cc4C3)ccc2c1,-6.714442690992226,,,test
COc1ccc2cc(C(=O)NCCN(C)C)oc2c1,-5.029653123769907,,,train
COc1ccc2cc(CC/C(C)=N/OCCOC(=O)C[C@H](NC(=S)[C@H](C)N)C(=O)O)ccc2c1,-5.013228265733756,,,train
COc1ccc2cc(CC/C(C)=N/OCCOCCOCCOC(=O)C[C@H](NC(=S)[C@H](C)N)C(=O)O)ccc2c1,-5.10790539730952,,,train
COc1ccc2cc(CN3CCc4cc(OC)c(OC)cc4C3)ccc2c1,-6.6252516539898965,,,val
COc1ccc2cc([C@H](C)C(=O)O)ccc2c1,,,-4.6777807052660805,test
COc1ccc2cc1CCC(=O)Nc1ccc(S(=O)(=O)C3CC3)c(c1)CN(C)C(=O)[C@@H]2Nc1ccc2c(N)ncc(F)c2c1,,-6.267606240177032,,train
COc1ccc2cc1COCC=CCOCc1cc(ccc1OCCN1CCCC1)Nc1nccc-2n1,,-4.995678626217358,,train
COc1ccc2cc3[n+](cc2c1OC(C)c1ccccc1)CCc1cc2c(cc1-3)OCO2,,-6.3979400086720375,,train
COc1ccc2cc3[n+](cc2c1OC)CCc1cc2c(cc1-3)OCO2,,-6.698970004336019,,test
COc1ccc2cc3[n+](cc2c1OCc1ccc(Br)cc1)CCc1cc2c(cc1-3)OCO2,,-6.221848749616356,,test
COc1ccc2cc3[n+](cc2c1OCc1ccc(C(F)(F)F)cc1)CCc1cc2c(cc1-3)OCO2,,-6.096910013008056,,train
COc1ccc2cc3[n+](cc2c1OCc1ccc(C)cc1)CCc1cc2c(cc1-3)OCO2,,-6.096910013008056,,val
COc1ccc2cc3[n+](cc2c1OCc1ccc([N+](=O)[O-])cc1)CCc1cc2c(cc1-3)OCO2,,-5.853871964321762,,train
COc1ccc2cc3[n+](cc2c1OCc1ccc2ccccc2c1)CCc1cc2c(cc1-3)OCO2,,-6.096910013008056,,val
COc1ccc2cc3[n+](cc2c1OCc1cccc([N+](=O)[O-])c1)CCc1cc2c(cc1-3)OCO2,,-5.920818753952375,,val
COc1ccc2cc3[n+](cc2c1OCc1ccccc1)CCc1cc2c(cc1-3)OCO2,,-6.3979400086720375,,train
COc1ccc2ccc(=O)n(CCN3CCC(NCc4ccc5c(n4)NC(=O)CO5)CC3)c2n1,-5.958607314841775,,,train
COc1ccc2cncc(Cc3nc4c([nH]3)c(=O)n(C)c(=O)n4CC(C)C)c2c1,-4.860120913598764,,,train
COc1ccc2nc(-n3nc4c(c3O)-c3ccccc3CC4)sc2c1,-4.896196279044044,,,train
COc1ccc2nc(C)c(Cc3ccccc3)c(OC)c2c1,,-2.9715263525403497,,val
COc1ccc2nc(Cc3nc4c(c(=O)[nH]c(=O)n4C4CC4)n3Cc3ccccc3)[nH]c2c1,-6.045757490560675,,,train
COc1ccc2nc(NC3=NC(c4ccccc4Cl)C(C(=O)Nc4cc(C(=O)O)ccn4)=C(C)N3)oc2c1,,-6.0,,train
COc1ccc2nc(NC3=NC(c4ccccc4Cl)C(C(=O)Nc4nnc(-c5cccnc5)s4)=C(C)N3)oc2c1,,-5.356547323513813,,train
COc1ccc2nc(NS(=O)(=O)c3ccc(NCc4cccc(OC)c4O)cc3)sc2c1,,-5.0,,train
COc1ccc2nc(OC)n(CCCNC(C)=O)c2c1,-4.72584215073632,,,train
COc1ccc2nc(OC)n(CCNC(C)=O)c2c1,-4.671620396561262,,,train
COc1ccc2nc3c(c(NCCCCCCCCN(CC(=O)NCCc4c[nH]c5ccc(OC)cc45)C(=O)/C=C/c4ccc(O)c(OC)c4)c2c1)CCCC3,,-5.744727494896694,,train
COc1ccc2nc3c(c(NCCCCCCCN(CC(=O)NCCc4c[nH]c5ccc(OC)cc45)C(=O)/C=C/c4ccc(O)c(OC)c4)c2c1)CCCC3,,-5.376750709602099,,train
COc1ccc2nc3c(c(NCCCCCCN(CC(=O)NCCc4c[nH]c5ccc(OC)cc45)C(=O)/C=C/c4ccc(O)c(OC)c4)c2c1)CCCC3,,-5.657577319177793,,train
COc1ccc2nc3cc(Cl)ccc3c(N)c2c1,,-4.829444941478791,,train
COc1ccc2nc3cc(Cl)ccc3c(NC3CC4CCC(C3)N4Cc3ccccc3)c2c1,,-5.080398976215889,,train
COc1ccc2nc3cc(Cl)ccc3c(NC3CCN(CCc4ccc(C)cc4)CC3)c2c1,,-5.131355561605174,,val
COc1ccc2nc3cc(Cl)ccc3c(NC3CCN(CCc4ccccc4)CC3)c2c1,,-5.114638779968488,,val
COc1ccc2nc3cc(Cl)ccc3c(NC3CCN(Cc4ccc(C#N)cc4)CC3)c2c1,,-5.038578905933552,,train
COc1ccc2nc3cc(Cl)ccc3c(NC3CCN(Cc4ccc(Cl)cc4)CC3)c2c1,,-4.808828544271441,,train
COc1ccc2nc3cc(Cl)ccc3c(NCC#CCN3CCN(C)CC3)c2c1,,-4.938547520912807,,train
COc1ccc2nc3cc(Cl)ccc3c(NCCCN(C)C)c2c1,,-4.87484417041947,,train
COc1ccc2nc3cc(Cl)ccc3c(Nc3ccc(CN4CCCCC4)cc3)c2c1,,-5.277366077466188,,train
COc1ccc2nc3cc(Cl)ccc3c(Nc3ccc(N4CCN(C(C)=O)CC4)cc3)c2c1,,-5.056011124926228,,train
COc1ccc2nc3cc(Cl)ccc3c(Nc3ccc(N4CCN(C)CC4)cc3)c2c1,,-5.089909454405932,,train
COc1ccc2ncc(F)c([C@@H](O)CC[C@@H]3CCN(CCSc4cccs4)C[C@@H]3C(=O)O)c2c1,,,-5.008773924307505,train
COc1ccc2oc(C(=O)NC3(C(=O)N[C@@H](CCCN4CCN(CC5CCOCC5)CC4)Cc4ccccc4)CCCC3)cc2c1,-5.0655015487564325,,,test
COc1ccc2oc(C(=O)NCCCCCCCCCCNc3c4c(nc5cc(Cl)ccc35)CCCC4)cc(=O)c2c1,,-5.1249387366083,,train
COc1ccc2oc(C(=O)NCCCCCCCCCCNc3c4c(nc5ccccc35)CCCC4)cc(=O)c2c1,,-4.826813731587726,,train
COc1ccc2oc(NC3=NC(c4ccccc4Cl)C(C(=O)Nc4cc(C(=O)O)ccn4)=C(C)N3)nc2c1,,-6.0,,train
COc1ccc2oc(NC3=NC(c4ccccc4Cl)C(C(=O)Nc4nnc(-c5cccnc5)s4)=C(C)N3)nc2c1,,-4.718966632752273,,train
COc1cccc(-c2c(C(=O)N3CCCCC3CO)cc3ccccn23)c1,-4.236572006437063,,,train
COc1cccc(-c2c(C3CCCCC3)c3ccc(C(=O)NC(C)(C)C(=O)Nc4ccc(/C=C/C(=O)O)cc4)cc3n2C)n1,-4.619788758288394,,,train
COc1cccc(-c2cc(NC(=O)CCCCN3CCCCC3)[nH]n2)c1,,-5.0,,train
COc1cccc(-c2ccc(-n3c(Cl)cc4[nH]c(=O)c(-c5cccc(C(=O)O)c5)c(O)c43)cc2)c1O,,-9.221848749616356,,val
COc1cccc(-c2ccc(-n3c(Cl)cc4[nH]c(=O)c(-c5ccccc5)c(O)c43)cc2)c1O,,-6.958607314841775,,train
COc1cccc(-c2ccc(-n3c(Cl)cc4[nH]c(=O)c(C#N)c(O)c43)cc2)c1O,,-8.522878745280337,,train
COc1cccc(-c2ccc(-n3ccc4[nH]c(=O)c(C#N)c(O)c43)cc2)c1O,,-9.397940008672036,,test
COc1cccc(-c2cccc(C3(C)CCSC(N)=N3)c2)c1,-4.142667503568732,,,train
COc1cccc(-c2cccc(C3(C)COCC(N)=N3)c2)c1,-4.698970004336019,,,train
COc1cccc(-c2cccc(C3(C)CSCC(N)=N3)c2)c1,-5.136677139879544,,,train
COc1cccc(-c2cccc(C3(C)N=C(N)CCO3)c2)c1,-4.886056647693163,,,train
COc1cccc(-c2cccc(C3(C)N=C(N)CCS3)c2)c1,-5.2839966563652006,,,train
COc1cccc(-c2cccc(C3(C)N=C(N)CN3C(C)=O)c2)c1,-4.795880017344075,,,train
COc1cccc(-c2cccc(C3(C)N=C(N)CS3)c2)c1,-4.823908740944319,,,train
COc1cccc(-c2cccc(C3(c4ccncc4)N=C(N)CS3)c2)c1,-4.7447274948966935,,,test
COc1cccc(-c2nc(SC(C(N)=O)c3nc(-c4ccc([N+](=O)[O-])cc4)cs3)[nH]c(=O)c2C#N)c1,,-6.376750709602099,,test
COc1cccc(-c2nc(SC(C(N)=O)c3nc(-c4cccc(-c5cccnc5F)c4)cs3)[nH]c(=O)c2C#N)c1,,-7.397940008672037,,train
COc1cccc(-c2nc(SC(C(N)=O)c3nc(-c4cccc([N+](=O)[O-])c4)cs3)[nH]c(=O)c2C#N)c1,,-6.337242168318426,,train
COc1cccc(-c2nc(SC(C(N)=O)c3nc(-c4ccccc4)c[nH]3)[nH]c(=O)c2C#N)c1,,-5.552841968657781,,train
COc1cccc(-c2nc(SC(C(N)=O)c3nc(-c4ccccc4)cs3)[nH]c(=O)c2C#N)c1,,-5.040958607678906,,train
COc1cccc(-c2nc(SCC(=O)Nc3nc(-c4cc(Cl)c(N)c(Cl)c4)c[nH]3)[nH]c(=O)c2C#N)c1,,-6.468521082957745,,train
COc1cccc(-c2nc(SCC(=O)Nc3nc(-c4cc(Cl)c(N)c(Cl)c4)cs3)[nH]c(=O)c2C#N)c1,,-6.958607314841775,,train
COc1cccc(-c2nc(SCC(=O)Nc3nc(-c4cccc(Br)c4)cs3)[nH]c(=O)c2C#N)c1,,-6.026872146400302,,train
COc1cccc(-c2nc3c(oc4ccc(Br)cc43)c(=O)[nH]2)c1Cl,,,-6.705533773838408,train
COc1cccc(-c2nc3ccc(-c4cc(CN(C)C)ccc4F)cc3c(=O)n2CC(=O)NC(C)C)c1,-6.91721462968355,,,train
COc1cccc(/C=C/C(=O)NC2(C(=O)N[C@H](Cc3ccccc3)C(=O)NCC3CCN(CC4CCOCC4)CC3)CCCC2)c1,-5.853871964321762,,,train
COc1cccc(/C=C2\CNC/C(=C\c3cccc(OC)c3OC)C2=O)c1OC,-4.6307841425898575,,-4.832682665251824,test
COc1cccc(C(=O)NC2CC3CCC(C2)N3c2ccc(C(=O)NCc3ccc(N4CCN(C)CC4)cc3)cn2)c1C,,,-7.130768280269024,train
COc1cccc(C(=O)NC2CC3CCC(C2)N3c2ccc(C(=O)NCc3ccccc3)cn2)c1C,,,-6.296708621881339,train
COc1cccc(C(=O)NC2CC3CCC(C2)N3c2ccc(C(=O)N[C@@H](C)c3ccc(N4CCN(C)CC4)cc3)cn2)c1C,,,-7.200659450546418,train
COc1cccc(C(=O)NC2CC3CCC(C2)N3c2ccc(C(=O)N[C@@H](C)c3ccccc3)cn2)c1C,,,-6.42021640338319,train
COc1cccc(C(=O)NC2CC3CCC(C2)N3c2ccc(C(N)=O)cn2)c1C,,,-6.876148359032914,train
COc1cccc(C(=O)NCCNC(=O)[C@H](CC(=O)NC(C)(C)C)NS(=O)(=O)c2ccc(C)cc2)c1,,-6.798602875679548,,train
COc1cccc(C(=O)NN(C(=O)c2cc(C)cc(C)c2)C(C)(C)C)c1C,,-4.7198771036976925,,train
COc1cccc(C(C(=O)NS(=O)(=O)c2ccc(C)cc2OC)N2CCc3c2cccc3N(CC(=O)NS(=O)(=O)c2ccccc2)S(=O)(=O)c2c(C)cc(C)cc2C)c1,,-5.421360790031928,,train
COc1cccc(C2Cc3nccn3C2)c1,,-4.327902142064283,,train
COc1cccc(C2N=C(Nc3nc4ccc(F)cc4o3)NC(C)=C2C(=O)Nc2cc(C(=O)O)ccn2)c1Cl,,-6.0,,train
COc1cccc(CC(=O)NCCCn2c(=O)c3cc(F)ccc3n3c(=S)[nH]nc23)c1,,-3.522878745280338,,val
COc1cccc(CN(c2c(Cl)c(Cl)cc3[nH]c(=O)c(=O)[nH]c23)S(C)(=O)=O)c1,-5.464705879957229,,,train
COc1cccc(CNC(=O)c2ccc(-c3ccncc3)cc2)c1,,-4.694648630553377,,train
COc1cccc(CNCCCNc2ccnc3cc(-c4cc(C(F)(F)F)cc(C(F)(F)F)c4)ccc23)c1O,,-3.625251653989896,,train
COc1cccc(CNCCCNc2ccnc3cc(-c4ccc(C(C)(C)C)cc4)ccc23)c1O,,-3.625251653989896,,train
COc1cccc(CNCCCNc2ccnc3cc(-c4ccc(C(F)(F)F)cc4)ccc23)c1O,,-3.625251653989896,,train
COc1cccc(CNCCCNc2ccnc3cc(-c4ccc(F)cc4)ccc23)c1O,,-3.625251653989896,,train
COc1cccc(CNCCCNc2ccnc3cc(-c4cccc5ccccc45)ccc23)c1O,,-3.625251653989896,,train
COc1cccc(CNCCCNc2ccnc3cc(-c4ccccc4)ccc23)c1O,,-3.625251653989896,,train
COc1cccc(CNCCCNc2ccnc3cc(C4CCCCC4)ccc23)c1O,,-4.638272163982407,,train
COc1cccc(CNCCCNc2ccnc3cc(CC(C)C)ccc23)c1O,,-4.638272163982407,,train
COc1cccc(CNCCCNc2ccnc3cc(CC4CCCCC4)ccc23)c1O,,-4.638272163982407,,train
COc1cccc(CNCCCNc2ccnc3cc(CCC(C)C)ccc23)c1O,,-4.638272163982407,,train
COc1cccc(CNCCCNc2ccnc3cc(CCc4ccccc4)ccc23)c1O,,-4.638272163982407,,train
COc1cccc(CNCCCNc2ccnc3cc(Cc4cc(C)cc(C)c4)ccc23)c1O,,-4.638272163982407,,train
COc1cccc(CNCCCNc2ccnc3cc(Cc4ccc(C#N)cc4)ccc23)c1O,,-4.638272163982407,,train
COc1cccc(CNCCCNc2ccnc3cc(Cc4ccc(F)cc4)ccc23)c1O,,-4.638272163982407,,train
COc1cccc(CNCCCNc2ccnc3cc(Cc4ccc(F)cc4Cl)ccc23)c1O,,-4.638272163982407,,train
COc1cccc(CNCCCNc2ccnc3cc(Cc4ccc5c(c4)OCO5)ccc23)c1O,,-3.625251653989896,,train
COc1cccc(CNCCCNc2ccnc3cc(Cc4cccc(C(F)(F)F)c4)ccc23)c1O,,-4.638272163982407,,val
COc1cccc(CNCCCNc2ccnc3cc(Cc4ccccc4)ccc23)c1O,,-4.638272163982407,,train
COc1cccc(CNCCCNc2ccnc3cc(Cl)ccc23)c1O,,-2.8655041441653264,,test
COc1cccc(CNCCCNc2ccnc3cc(Oc4ccc(C(C)(C)C)cc4)ccc23)c1O,,-3.4989407377822483,,train
COc1cccc(CNCCCNc2ccnc3cc(Oc4ccc(Cl)cc4)ccc23)c1O,,-3.4989407377822483,,train
COc1cccc(CNCCCNc2ccnc3cc(Oc4ccc(F)cc4)ccc23)c1O,,-3.4989407377822483,,test
COc1cccc(CNCCCNc2ccnc3cc(Oc4cccc(N(C)C)c4)ccc23)c1O,,-3.4989407377822483,,train
COc1cccc(CNCCCNc2ccnc3cc(Oc4ccccc4)ccc23)c1O,,-3.4989407377822483,,train
COc1cccc(CNc2ccc(S(=O)(=O)Nc3cccc(C(C)C)c3)cc2)c1O,,-4.4089353929735005,,train
COc1cccc(CNc2ccc(S(=O)(=O)Nc3nc4ccc(F)cc4s3)cc2)c1O,,-4.187086643357144,,train
COc1cccc(CNc2ccc(S(=O)(=O)Nc3nc4ccccc4o3)cc2)c1O,,-3.774690718274137,,train
COc1cccc(CNc2ccc(S(=O)(=O)Nc3nc4ccccc4s3)cc2)c1O,,-3.404503778174426,,train
COc1cccc(COc2ccc([C@@H](NC(=O)[C@H](CCCCN)NC(=O)[C@H](CCCNC(=N)N)NC(=O)c3ccc(-c4cccs4)s3)C(N)=O)cc2)c1,,-6.187086643357144,,train
COc1cccc(Cc2cc(C)cc(=O)n2O)c1,-6.614393726401688,,,train
COc1cccc(F)c1-c1cc2c(cn1)cnn2-c1cccc(N2CC3CCC(C2)N3C)n1,,,-4.585026652029182,train
COc1cccc(F)c1-c1cc2c(cn1)cnn2-c1cccc(N2CCN(C)CC2)n1,,,-4.552841968657781,test
COc1cccc(F)c1-c1cc2c(cn1)cnn2-c1cccc(N2CC[C@H](N(C)C)C2)n1,,,-4.522878745280337,train
COc1cccc(F)c1-c1cc2c(cn1)cnn2-c1cccc(N2C[C@@H]3C[C@H]2CN3C)n1,,,-4.468521082957745,train
COc1cccc(F)c1-c1cc2c(cnn2-c2cccc(N3CCN(C)CC3)n2)cc1C#N,,,-4.853871964321762,val
COc1cccc(F)c1-c1nccc(C(=O)Nc2cc(F)c3c(cnn3C)c2N2C[C@@H]3C[C@H]2CN3)n1,-5.318758762624413,,,train
COc1cccc(F)c1-c1nccc(C(=O)Nc2cc(F)ccc2N2C[C@@H](N)C[C@H]2CO)n1,-6.154901959985743,,,train
COc1cccc(F)c1-c1nccc(C(=O)Nc2ccc(-c3c(C#N)cnn3C)cc2N2C[C@@H](N)C[C@H]2CO)n1,-6.698970004336019,,,train
COc1cccc(F)c1-c1nccc(C(=O)Nc2ccc(-c3c(C)nn(C)c3C#N)cc2N2C[C@@H](N)C[C@H]2CO)n1,-5.795880017344075,,,train
COc1cccc(F)c1-c1nccc(C(=O)Nc2ccc(-c3cccnc3C)cc2N2C[C@@H](N)C[C@H]2CO)n1,-6.045757490560675,,,train
COc1cccc(F)c1-c1nccc(C(=O)Nc2ccc(-c3cccnc3C)cc2N2C[C@@H]3C[C@H]2CN3)n1,-5.481486060122113,,,train
COc1cccc(F)c1-c1nccc(C(=O)Nc2ccc(-c3cnccc3C#N)cc2N2C[C@@H](N)C[C@H]2CO)n1,-5.886056647693163,,,train
COc1cccc(F)c1-c1nccc(C(=O)Nc2ccc(-c3ncccc3C#N)cc2N2C[C@@H](N)C[C@H]2CO)n1,-6.045757490560675,,,train
COc1cccc(F)c1CNc1ccc(-c2cnc(C)nc2C)c2nncn12,-5.142667503568732,,,val
COc1cccc(N2CCN(C(=O)/C=C/c3noc(-c4cc(Cl)c(O)cc4O)c3-c3ccc(O)cc3)CC2)c1,-5.184422251675732,,,train
COc1cccc(NC(=O)Nc2cc(C)nc3ccccc23)c1,,-3.087246696328677,,train
COc1cccc(NC(=O)c2c(C)[nH]n(-c3ccccn3)c2=O)c1,-5.045757490560675,,,train
COc1cccc(NC(=O)c2cc(Cl)ccc2O)c1,,-4.366531544420414,,train
COc1cccc(Nc2nc3c(s2)CCCc2n[nH]cc2-3)n1,,-7.0,,train
COc1cccc(OC)c1-c1cc(C(=O)N[C@@H](CC(C)C)C(=O)O)nn1-c1ccnc2cc(Cl)ccc12,,-4.154901959985743,,train
COc1cccc(OC)c1-c1nc(C(=O)N[C@@H](CC(C)C)C(=O)O)cn1-c1cccc2ccccc12,,-4.920818753952375,,train
COc1cccc(OC)c1-c1nc(C(=O)N[C@@H](CC(C)C)C(=O)O)cn1-c1ccnc2cc(Cl)ccc12,,-5.221848749616356,,train
COc1cccc(OC)c1-n1c(-c2ccc(F)cc2)nc(=O)c(C(=O)N2CC[C@H](c3ccccc3F)C2)c1O,,-7.698970004336019,,train
COc1cccc(OC)c1-n1c(CCC(C)C)nc(=O)c(S(=O)(=O)c2ccc(-c3ccc(F)nc3)cc2)c1O,,-7.455931955649724,,train
COc1cccc(OC)c1-n1c(CCCC(F)(F)F)nc(=O)c(C(=O)N2CC[C@H](c3ccccc3)C2)c1O,,-7.657577319177793,,train
COc1cccc(OC)c1-n1c(COC(C)C)nc(=O)c(S(=O)(=O)c2ccc(-c3ccc(F)nc3)cc2)c1O,,-8.397940008672037,,train
COc1cccc(OC2CN(c3c4c(nc5ccnn35)CCNCC4)C2)c1,-4.995678626217358,,,train
COc1cccc(Oc2cc([N+](=O)[O-])ccc2NS(C)(=O)=O)c1,-4.325535218053851,,,val
COc1cccc(Oc2ccc3c(NCCCNCc4cc(F)ccc4OC)ccnc3c2)c1,,-3.4989407377822483,,train
COc1cccc(Oc2ccc3c(NCCCNCc4ccc5c(c4)OCO5)ccnc3c2)c1,,-3.4989407377822483,,train
COc1cccc(Oc2ccc3c(NCCCNCc4cccc(OC)c4O)ccnc3c2)c1,,-3.4989407377822483,,train
COc1cccc(Oc2ccc3c(NCCCNCc4ccco4)ccnc3c2)c1,,-3.4989407377822483,,train
COc1cccc(S(=O)(=O)NC(=O)c2cc(-c3ccc(C#CCO)s3)c(OC)cc2OC)c1,-5.407823242604133,,,train
COc1cccc(S[C@@H]2O[C@H](CO)[C@H](O)[C@H](n3cc(-c4cc(F)c(F)c(F)c4)nn3)[C@H]2O)c1,-5.2076083105017466,,,train
COc1cccc(Sc2cc(=O)n(O)c(=O)[nH]2)c1,,-6.6777807052660805,,train
COc1cccc(Sc2cc(=O)n(O)c(=O)n2C)c1,,-5.619788758288394,,train
COc1cccc([C@@H](C)NC(=O)c2ccc(-c3ccnc(F)c3)cc2)c1,,-4.832682665251824,,train
COc1cccc([C@@H](C)NC(=O)c2ccc(-c3ccnc(NCC4CC4)c3)cc2)c1,,-5.292429823902063,,train
COc1cccc([C@@H](C)NC(=O)c2ccc(-c3ccnc(NCCCO)c3)cc2)c1,,-5.036212172654444,,train
COc1cccc([C@@H](C)NC(=O)c2ccc(-c3ccncc3)cc2)c1,,-4.707743928643524,,test
COc1cccc([C@@H](C)NC(=O)c2ccc(-c3ccncc3F)cc2)c1,,-4.669586226650809,,train
COc1cccc([C@@H](C)NC(=O)c2ccc(-c3ccncn3)cc2)c1,,-4.705533773838408,,train
COc1cccc([C@@H](C)NC(=O)c2ccc(-c3ccncn3)cc2N2CCC[C@@H](CN)C2)c1,,-5.6020599913279625,,train
COc1cccc([C@@H](C)NC(=O)c2ccc(-c3ccncn3)cc2N2CCC[C@H](CN)C2)c1,,-5.585026652029182,,train
COc1cccc([C@@H](C)NC(=O)c2ccc(-c3ccncn3)cc2N2CC[C@@H](CN)C2)c1,,-5.853871964321762,,train
COc1cccc([C@@H](C)NC(=O)c2ccc(-c3ccnnc3)cc2)c1,,-4.903089986991944,,train
COc1cccc([C@@H](C)NC(=O)c2ccc(-c3cn[nH]c3)c(C)c2)c1,,-6.698970004336019,,train
COc1cccc([C@@]2(O)CCCC[C@@H]2CN(C)C)c1,,-4.570247719997592,,train
COc1cccc2[nH]c(-c3ccc4c(c3)OCO4)cc(=O)c12,,-3.761953896871205,,test
COc1cccc2[nH]c(C)c(-c3ccccc3)c(=O)c12,,-3.477190747396329,,train
COc1cccc2[nH]c(C)c(Cc3ccccc3)c(=O)c12,,-3.80098572906538,,train
COc1cccc2[nH]c3c(c(=O)c12)CC(C)(C)CC3,,-4.267606240177032,,train
COc1cccc2[nH]c3c(c(=O)c12)CCC(C)(C)C3,,-4.366531544420414,,train
COc1cccc2[nH]c3c(c(=O)c12)CCCC3,,-4.769551078621726,,train
COc1cccc2[nH]nc(NCC(C)(C)c3ccccc3)c12,-7.026872146400302,,,test
COc1cccc2c(=O)c(-c3ccccc3)c(C)[nH]c12,,-4.431446287950558,,train
COc1cccc2c(=O)c(Cc3ccccc3)c(C)[nH]c12,,-3.904342559671511,,val
COc1cccc2c(=O)c3c([nH]c12)CC(C)(C)CC3,,-3.9430951486635273,,train
COc1cccc2c(=O)c3c([nH]c12)CCC(C)(C)C3,,-4.022276394711152,,train
COc1cccc2c(=O)c3c([nH]c12)CCCC3,,-4.795880017344075,,train
COc1cccc2c1C(=O)c1c(O)c3c(c(O)c1C2=O)C[C@@](O)(C(C)=O)C[C@@H]3O[C@H]1C[C@H](N)[C@H](O)[C@H](C)O1,-6.3979400086720375,,,train
COc1cccc2c1C(NCC(C)(C)c1ccccc1)=NC2=O,-6.568636235841013,-6.102372908709558,,train
COc1cccc2c1CC(CO)=C(c1ccc3c(c1)OCO3)N2,,-3.191114132640188,,train
COc1cccc2c1CCC/C2=C\CCN1CCCCC1,-6.2335871528876,,,val
COc1cccc2c1CCCC2CCCN1CCN(C2CCCCC2)CC1,-5.602755418989614,,,train
COc1cccc2c1CN(C(=O)c1cc(S(C)(=O)=O)ccc1O[C@@H](C)C(F)(F)F)C2,,-5.318758762624413,,train
COc1cccc2c1c(NCC(C)(C)c1ccccc1)nn2C,-7.638272163982407,,,train
COc1cccc2nc(NC3=NC(c4ccccc4Cl)C(C(=O)Nc4cc(C(=O)O)ccn4)=C(C)N3)oc12,,-6.0,,test
COc1cccc2nc(O)nc(NCC(C)(C)c3ccccc3)c12,,-6.088309841246139,,train
COc1cccc2oc(=O)nc(NCC(C)(C)c3ccccc3)c12,,-6.158015195409886,,train
COc1ccccc1-c1cc(NC(=O)CCCCN2CCCCC2)[nH]n1,,-5.0,,train
COc1ccccc1-c1cc2c(N[C@H](CO)c3ccccc3)ncnc2[nH]1,-4.578396073130169,,,val
COc1ccccc1-c1ccc(NS(=O)(=O)c2ccc(C)cc2)nn1,,-4.459670525209126,,train
COc1ccccc1-c1cccc(-c2cc3nc(C)c([C@H](OC(C)(C)C)C(=O)O)c(-c4cc(F)c5c(c4C)CCCO5)n3n2)c1,,-6.116338564846383,,train
COc1ccccc1-c1nc(SC(C(N)=O)c2nc(-c3ccc([N+](=O)[O-])cc3)cs2)[nH]c(=O)c1C#N,,-5.769551078621726,,train
COc1ccccc1-c1nc(SC(C(N)=O)c2nc(-c3cccc([N+](=O)[O-])c3)cs2)[nH]c(=O)c1C#N,,-5.508638306165728,,train
COc1ccccc1-n1c(-c2cc(O)ccc2C)cn2c3c(=O)[nH]c(=O)n(C)c3nc12,-5.504455662453552,,,train
COc1ccccc1-n1c(-c2ccccc2)cn2c3c(=O)[nH]c(=O)n(C)c3nc12,-4.490797477668897,,,train
COc1ccccc1/C=C(/C(=O)N1CCN(c2ncccn2)CC1)c1ccc(F)cc1,,-4.860120913598764,,train
COc1ccccc1/C=C(/C(=O)N1CCN(c2ncccn2)CC1)c1cccc(C(F)(F)F)c1,,-5.013228265733756,,train
COc1ccccc1/C=C(/C(=O)N1CCN(c2ncccn2)CC1)c1ccccc1,,-4.910094888560602,,train
COc1ccccc1/C=C1\CNC/C(=C\c2ccccc2OC)C1=O,-4.488116639021126,,-4.542118103266008,train
COc1ccccc1C(=O)NC[C@@H](NS(=O)(=O)c1c(C)cc(C)cc1C)C(=O)O,,-5.337242168318426,,train
COc1ccccc1C(=O)O[C@@H]1C[N@@]2Cc3c(cc4c(c3OC)OCO4)[C@@]13C=C[C@H](OC)C[C@H]23,,-4.920818753952375,,val
COc1ccccc1C1Cc2nccn2C1,,-4.2441251443275085,,train
COc1ccccc1CC(=O)NCCCn1c(=O)c2cc(F)ccc2n2c(=S)[nH]nc12,,-3.421360790031928,,train
COc1ccccc1CNC(=O)C1=C(C)NC(Nc2nc3ccccc3o2)=NC1c1ccccc1Cl,,-4.0030507515046185,,train
COc1ccccc1CNc1ncc(C(=O)NC2CCN(C)CC2)c(NC2CCCC2)n1,,-5.920818753952375,,test
COc1ccccc1CNc1ncc(C(=O)NCCCN2CCCC2=O)c(NC2CCCC2)n1,,-5.823908740944319,,test
COc1ccccc1CNc1ncc(C(=O)NCCCO)c(NC2CCCC2)n1,,-6.045757490560675,,train
COc1ccccc1CNc1ncc(C(=O)NCCNC(C)=O)c(NC2CCCC2)n1,,-5.721246399047171,,train
COc1ccccc1CNc1ncc(C(=O)NCCc2nnn[nH]2)c(NC2CCCC2)n1,,-4.6777807052660805,,train
COc1ccccc1N1CCN(C(=O)/C=C/c2noc(-c3cc(Cl)c(O)cc3O)c2-c2ccc(O)cc2)CC1,-4.950781977329818,,,test
COc1ccccc1N1CCN(CC(O)CN2C(=O)NC(C)(c3ccc(F)cc3)C2=O)CC1,,-5.638272163982407,,train
COc1ccccc1N1CCN(CCCCC(=O)Nc2ccc(C(C)C)cc2)CC1,,-4.978810700930062,,train
COc1ccccc1N1CCN(CCCCC(=O)Nc2cccc(C(C)(C)C)c2)CC1,,-5.318758762624413,,train
COc1ccccc1N1CCN(CCCCC(=O)Nc2cccc(C(C)C)c2)CC1,,-5.0655015487564325,,train
COc1ccccc1N1CCN(CCCN2CCN(C(=O)c3ccccc3)CC2)CC1,,-4.958607314841775,,train
COc1ccccc1N1CCN(CCCN2CCN(C(=O)c3ccccn3)CC2)CC1,,-5.060480747381382,,val
COc1ccccc1N1CCN(CCCN2CCN(c3ncccc3C#N)CC2)CC1,,-4.698970004336019,,train
COc1ccccc1N1CCN(CCCNC(=O)c2cnccn2)CC1,,-4.6020599913279625,,train
COc1ccccc1N1CCN(CCN(C(=O)C2CCCCC2)c2ccccn2)CC1,-4.42021640338319,,,train
COc1ccccc1N1CCN(CCN2CCN(C(=O)c3nn(C)c4ccccc34)CC2)CC1,,-4.886056647693163,,train
COc1ccccc1N1CCN(CCN2CCN(c3ncccc3C#N)CC2)CC1,,-4.853871964321762,,train
COc1ccccc1N1CCN(c2nc3c(c(=O)[nH]2)CCCC3)CC1,,-6.468521082957745,,train
COc1ccccc1N1CCN(c2ncnc3c2cnn3-c2ccccc2)CC1,-7.229147988357856,,,train
COc1ccccc1N1CCN(c2ncnc3c2cnn3-c2ccccc2F)CC1,-6.756961951313706,,,train
COc1ccccc1N1CCN(c2ncnc3c2cnn3C2CCCC2)CC1,-6.815308569182402,,,train
COc1ccccc1NC(=O)Nc1ccc(CC(=O)N2C[C@@H](F)C[C@H]2COc2ccc(C(=O)O)cc2)cc1OC,,,-6.356547323513813,train
COc1ccccc1NC(=O)c1cc2cnc(Nc3ccc(N4CCNCC4)cn3)nc2n1C1CCCC1,,-3.33348201944512,,test
COc1ccccc1OC1CN(S(=O)(=O)c2ccc3c(c2)OCO3)C1,,,-4.356547323513813,train
COc1ccccc1Oc1c(NS(=O)(=O)c2ccc(C(C)(C)C)cc2)nc(-c2ncccn2)nc1OCCO,,,-5.130768280269024,val
COc1ccccc1Oc1cc([N+](=O)[O-])ccc1NS(C)(=O)=O,-4.6849285008271,,,train
COc1ccccc1Oc1ccc2c(NCCCNCc3ccc4c(c3)OCO4)ccnc2c1,,-3.4989407377822483,,train
COc1ccccc1Oc1ccc2c(NCCCNCc3cccc(OC)c3O)ccnc2c1,,-3.4989407377822483,,train
COc1ccccc1Oc1ccc2c(NCCCNCc3ccco3)ccnc2c1,,-3.4989407377822483,,train
COc1ccccc1[C@H](Cn1c(=O)n(C(C)(C)C(=O)O)c(=O)c2c(C)c(-c3ncco3)sc21)OC1CCOCC1,,,-5.259637310505756,train
COc1ccccc1[C@H](N)CNc1cc(C)nc2nc(N[C@H](CC#N)c3cccc(Cl)c3)nn12,-6.154901959985743,,,train
COc1ccn(-c2nc(C)c(C(=O)NCc3ccccc3)s2)c(=O)c1,-4.823908740944319,,,train
COc1ccn2c(C(C)=O)cc(C(=O)Nc3cc(C(C)O)cc(-c4cnn(C5CC5)c4)c3F)c2c1,-5.175223537524454,,,train
COc1ccnc(-c2nc3c(-c4ccc(CNC(=O)c5nc(C(C)(C)C)no5)c(F)c4)ccnc3[nH]2)c1,-5.657577319177793,,,train
COc1ccnc(Nc2nc3c(s2)CCCc2n[nH]cc2-3)n1,,-6.522878745280337,,train
COc1ccnc(Oc2ccc3c(c2)c(=O)ncn3Cc2c(F)cc(F)cc2F)c1C(F)(F)F,-5.102372908709558,,,val
COc1ccnc(Oc2ccc3c(c2)c(=O)ncn3Cc2ccc(F)cc2F)c1C(F)(F)F,-4.958607314841775,,,train
COc1cnc(-c2cc(Oc3ccc(S(C)(=O)=O)cc3)cc(OC(C)C)c2)[nH]c1=O,,,-5.4089353929735005,train
COc1cnc(-c2cn([C@H]3COC[C@@H](S[C@@H]4O[C@H](CO)[C@H](O)[C@H](n5cc(-c6cc(F)c(F)c(F)c6)nn5)[C@H]4OC)[C@@H]3O)nn2)nc1,,-5.853871964321762,,train
COc1cnc(-n2cnc(C)n2)c2[nH]cc(C(=O)C(=O)N3CCN(C(=O)c4ccccc4)CC3)c12,-5.075482647257951,,,train
COc1cnc(C(=O)Nc2ccc(F)c([C@]34CN(c5ncc(F)cn5)C[C@H]3CSC(N)=N4)c2)cn1,,,-4.721246399047171,train
COc1cnc2c(C(=O)NCCO)cn(Cc3ncnc(N(C)C)c3C)c2c1,-5.522878745280337,,,train
COc1cnc2c(C(=O)NCCO)cn(Cc3ncnc(OC)c3C)c2c1,-4.958607314841775,,,train
COc1cnc2ccc(=O)n(CCN3CCC(NC(=O)c4cnc(C)c(C#N)c4)CC3)c2c1,-5.376750709602099,,,train
COc1cnc2ccc(=O)n(CCN3CCC(NCc4cnc(C)c(C#N)c4)CC3)c2c1,-4.978810700930062,,,train
COc1cnc2ccc(=O)n(CCN3CCC(NCc4cnc(OC)c(C#N)c4)CC3)c2c1,-4.886056647693163,,,val
COc1cnc2ccc(=O)n(CCN3CC[C@@H](NCc4ccc5c(n4)NC(=O)CO5)[C@@H](F)C3)c2c1,-5.3872161432802645,,,train
COc1cnc2ccc(=O)n(CCN3CC[C@@H](NCc4cnc(C)c(C#N)c4)[C@@H](F)C3)c2c1,-4.866461091629782,,,train
COc1cnc2ccc(=O)n(CCN3CC[C@@H](NCc4cnc(C)c(C#N)c4)[C@@H](OC)C3)c2c1,-4.931814138253839,,,train
COc1cnc2ccc(=O)n(CCN3CC[C@H](NCc4ccc5c(n4)NC(=O)CO5)[C@H](F)C3)c2c1,-5.468521082957745,,,train
COc1cncc(-c2ccccc2O[C@H]2C[C@@H]3CNC[C@H]2C3)c1,,,-4.61261017366127,train
COc1cncc(-c2nc(=O)n(CCC3CCCO3)c3c2oc2ncc(-c4cnn(C)c4)cc23)c1,-4.769551078621726,,,train
COc1cncc2c1[C@]1(O)[C@@H](CN(C)C)[C@H](CO)[C@@H](c3ccccc3)[C@]1(c1ccc(C#N)cc1)O2,-6.3979400086720375,,,train
COc1cncc2c1[C@]1(O)[C@@H](CN)C[C@@H](c3ccccc3)[C@]1(c1ccc(Br)cc1)O2,-6.366531544420414,,,train
COc1cncc2c1[C@]1(O)[C@@H](CN)C[C@@H](c3ccccc3)[C@]1(c1ccc(C#N)cc1)O2,-6.886056647693163,,,train
COc1cncc2c1[C@]1(O)[C@@H](CN)[C@H](CO)[C@@H](c3ccccc3)[C@]1(c1ccc(Br)cc1)O2,-7.397940008672037,,,train
COc1cncc2c1[C@]1(O)[C@@H](CN)[C@H](CO)[C@@H](c3ccccc3)[C@]1(c1ccc(C#N)cc1)O2,-7.154901959985743,,,train
COc1cncc2c1[C@]1(O)[C@@H](CN3CC4(COC4)C3)[C@H](CO)[C@@H](c3ccccc3)[C@]1(c1ccc(C#N)cc1)O2,-6.721246399047171,,,train
COc1cncc2c1[C@]1(O)[C@@H](CN3CCOCC3)[C@H](CO)[C@@H](c3ccccc3)[C@]1(c1ccc(C#N)cc1)O2,-5.657577319177793,,,train
COc1cncc2c1[C@]1(O)[C@@H](CNC3COC3)[C@H](CO)[C@@H](c3ccccc3)[C@]1(c1ccc(C#N)cc1)O2,-6.136677139879544,,,train
COc1cncc2c1[C@]1(O)[C@@H](CNCC(F)F)[C@H](CO)[C@@H](c3ccccc3)[C@]1(c1ccc(C#N)cc1)O2,-6.086186147616283,,,train
COc1cncc2c1[C@]1(O)[C@@H](CNCc3ccnn3C)[C@H](CO)[C@@H](c3ccccc3)[C@]1(c1ccc(C#N)cc1)O2,-6.721246399047171,,,train
COc1cncc2c1[C@]1(O)[C@H](O)[C@H](C(=O)N(C)C)[C@@H](c3ccccc3)[C@]1(c1ccc(C#N)cc1)O2,-6.187086643357144,,,train
COc1cncc2c1[C@]1(O)[C@H](O)[C@H](CCN(C)C)[C@@H](c3ccccc3)[C@]1(c1ccc(C#N)cc1)O2,-7.0,,,train
COc1cncc2c1[C@]1(O)[C@H](O)[C@H](CN(C)C(C)(C)C)[C@@H](c3ccccc3)[C@]1(c1ccc(C#N)cc1)O2,-7.0,,,train
COc1cncc2c1[C@]1(O)[C@H](O)[C@H](CN(C)C)[C@@H](c3ccccc3)[C@]1(c1ccc(C#N)cc1)O2,-6.68837535480105,,,train
COc1cncc2c1[C@]1(O)[C@H](O)[C@H](CN(C)CC(F)(F)F)[C@@H](c3ccccc3)[C@]1(c1ccc(C#N)cc1)O2,-5.1487416512809245,,,train
COc1cncc2c1[C@]1(O)[C@H](O)[C@H](CN(C)CC(F)F)[C@@H](c3ccccc3)[C@]1(c1ccc(C#N)cc1)O2,-5.585026652029182,,,train
COc1cncc2c1[C@]1(O)[C@H](O)[C@H](CN)[C@@H](c3ccccc3)[C@]1(c1ccc(C#N)cc1)O2,-6.958607314841775,,,train
COc1cncc2c1[C@]1(O)[C@H](O)[C@H](CN3CC(F)(F)C3)[C@@H](c3ccccc3)[C@]1(c1ccc(C#N)cc1)O2,-5.721246399047171,,,train
COc1cncc2c1[C@]1(O)[C@H](O)[C@H](CN3CC4(COC4)C3)[C@@H](c3ccccc3)[C@]1(c1ccc(C#N)cc1)O2,-7.0,,,train
COc1cncc2c1[C@]1(O)[C@H](O)[C@H](CN3CCC(F)(F)CC3)[C@@H](c3ccccc3)[C@]1(c1ccc(C#N)cc1)O2,-5.318758762624413,,,train
COc1cncc2c1[C@]1(O)[C@H](O)[C@H](CN3CCCCC3)[C@@H](c3ccccc3)[C@]1(c1ccc(C#N)cc1)O2,-6.221848749616356,,,test
COc1cncc2c1[C@]1(O)[C@H](O)[C@H](CN3CCOCC3)[C@@H](c3ccccc3)[C@]1(c1ccc(C#N)cc1)O2,-5.823908740944319,,,train
COc1cncc2c1[C@]1(O)[C@H](O)[C@H](CN3[C@@H]4CCC[C@H]3CC4)[C@@H](c3ccccc3)[C@]1(c1ccc(C#N)cc1)O2,-6.301029995663981,,,val
COc1cncc2c1[C@]1(O)[C@H](O)[C@H](CN3[C@@H]4CC[C@H]3COC4)[C@@H](c3ccccc3)[C@]1(c1ccc(C#N)cc1)O2,-5.721246399047171,,,train
COc1cnccc1-c1cc2c(N[C@H](CO)c3ccccc3)ncnc2[nH]1,-5.528708288941061,,,train
COc1cnn(C)c(=O)c1-c1ccc(C[C@@H](CO)NC(=O)c2c(Cl)cccc2Cl)cc1,-5.6020599913279625,,,train
COc1cnn(C)c(=O)c1-c1ccc(C[C@H](NC(=O)c2c(Cl)cccc2Cl)C(=O)O)cc1,-6.886056647693163,,,train
COc1cnn(C)c(=O)c1-c1ccc(C[C@H](NC(=O)c2c(Cl)cccc2Cl)c2nnn[nH]2)cc1,-7.698970004336019,,,train
COc1nc(C#N)cc2c1[C@]1(O)[C@H](O)[C@H](CN(C)C)[C@@H](c3ccccc3)[C@]1(c1ccc(C#N)cc1)O2,-6.0,,,train
COc1nc(N)nc2c1ncn2[C@@H]1O[C@H](COP(=O)(N[C@@H](C)C(=O)OCc2ccccc2)Oc2cccc3ccccc23)[C@@H](O)[C@@]1(C)O,-5.39577394691553,,,train
COc1nc2c(c(-c3cc(C(N)=O)c(O)c(F)c3F)cn2CC(=O)Nc2cc(N3CCN(C)C[C@@H]3C)nc(F)c2Cl)c(=O)n1C,-4.585026652029182,,,test
COc1nc2cc(Cl)ccc2n2c(C3CCN(c4ccccn4)CC3)nnc12,-4.552841968657781,,,train
COc1nc2ccc3c(c2n1CCNC(C)=O)CCO3,-4.892790030352132,,,train
COc1ncc(-c2cc(NC(=O)c3cccc(C(F)(F)F)c3)cnc2C)cc1N1CCOCC1,-4.795880017344075,,,train
COc1ncc(-c2cc(OC(C)C)c3ncnc(C)c3c2)cc1NS(=O)(=O)c1ccc(F)cc1F,-4.494850021680094,,,train
COc1ncc(-c2cc(OC(F)F)c3ncnc(C)c3c2)cc1NS(=O)(=O)c1ccc(F)cc1F,-4.468521082957745,,,train
COc1ncc(-c2cc(OC)c3ncnc(C)c3c2)cc1NS(=O)(=O)c1ccc(F)cc1F,-4.455931955649724,,,train
COc1ncc(-c2cc(OC3CCC3)c3ncnc(C)c3c2)cc1NS(=O)(=O)c1ccc(F)cc1F,-4.356547323513813,,,test
COc1ncc(-c2cc(OC3CCCC3)c3ncnc(C)c3c2)cc1NS(=O)(=O)c1ccc(F)cc1F,-4.552841968657781,,,train
COc1ncc(-c2cc(OC3CCCCC3)c3ncnc(C)c3c2)cc1NS(=O)(=O)c1ccc(F)cc1F,-4.795880017344075,,,train
COc1ncc(-c2cc(OC3CCN(C)CC3)c3ncnc(C)c3c2)cc1NS(=O)(=O)c1ccc(F)cc1F,-5.346787486224656,,,train
COc1ncc(-c2cc(OC3CCOC(C)(C)C3)c3ncnc(C)c3c2)cc1NS(=O)(=O)c1ccc(F)cc1F,-4.508638306165727,,,train
COc1ncc(-c2cc(OC3CCOCC3)c3nc(N)nc(C)c3c2)cc1NS(=O)(=O)c1ccc(F)cc1F,-4.619788758288394,,,train
COc1ncc(-c2cc(OC3CCOCC3)c3ncnc(C)c3c2)cc1NS(=O)(=O)c1ccc(F)cc1F,-4.376750709602099,,,train
COc1ncc(-c2cc(OCC3(C)COC3)c3ncnc(C)c3c2)cc1NS(=O)(=O)c1ccc(F)cc1F,-4.337242168318426,,,train
COc1ncc(-c2cc(OCC3CC3)c3ncnc(C)c3c2)cc1NS(=O)(=O)c1ccc(F)cc1F,-4.522878745280337,,,train
COc1ncc(-c2cc(OCC3CCN(C)CC3)c3ncnc(C)c3c2)cc1NS(=O)(=O)c1ccc(F)cc1F,-5.055517327849832,,,test
COc1ncc(-c2cc(OCC3CCOC3)c3ncnc(C)c3c2)cc1NS(=O)(=O)c1ccc(F)cc1F,-4.468521082957745,,,train
COc1ncc(-c2cc(OCC3CCOCC3)c3ncnc(C)c3c2)cc1NS(=O)(=O)c1ccc(F)cc1F,-4.508638306165727,,,train
COc1ncc(-c2cc(OCCN(C)C)c3ncnc(C)c3c2)cc1NS(=O)(=O)c1ccc(F)cc1F,-5.0,,,train
COc1ncc(-c2cc(OCCN3CCCC3)c3ncnc(C)c3c2)cc1NS(=O)(=O)c1ccc(F)cc1F,-5.1249387366083,,,train
COc1ncc(-c2cc(OCCN3CCOCC3)c3ncnc(C)c3c2)cc1NS(=O)(=O)c1ccc(F)cc1F,-4.886056647693163,,,val
COc1ncc(-c2cc(O[C@@H]3CCOC3)c3ncnc(C)c3c2)cc1NS(=O)(=O)c1ccc(F)cc1F,-4.42021640338319,,,val
COc1ncc(-c2cn([C@H]3COC[C@@H](S[C@@H]4O[C@H](CO)[C@H](O)[C@H](n5cc(-c6cc(F)c(F)c(F)c6)nn5)[C@H]4OC)[C@@H]3O)nn2)cn1,,-5.4089353929735005,,val
COc1ncc(-c2nc(C(=O)NC(=N)N)c(N)nc2N)cn1,-6.2441251443275085,,,train
COc1ncc(-c2nc(C(=O)NC(=N)N)c(N)nc2N2CCCCCC2)cn1,-7.0,,,test
COc1ncc(C)c2c1c(=O)cc(CO)n2-c1c(Cl)cccc1Cl,,,-5.070581074285707,val
COc1ncc(Cl)c2c1c(=O)cc(CO)n2-c1c(Cl)cccc1Cl,,,-4.645891560852599,train
COc1ncc(NC(=O)C(=O)c2cn(C(C)C)c3ccccc23)cn1,-4.400116927926312,,,train
COc1ncnc(Cn2cc(C(=O)NCC(F)F)c3ncc(C)cc32)c1C,-4.619788758288394,,,train
COc1ncnc(Cn2cc(C(=O)NCC3CC3)c3ncccc32)c1C,-4.42021640338319,,,test
COc1ncnc(Cn2cc(C(=O)NCCF)c3ncc(C)cc32)c1C,-4.481486060122113,,,train
COc1ncnc(Cn2cc(C(=O)NCCF)c3ncccc32)c1C,-4.6020599913279625,,,train
COc1ncnc(Cn2cc(C(=O)NCCO)c3ncc(C)cc32)c1C,-4.958607314841775,,,train
COc1ncnc(Cn2cnc3c(C(=O)NCCF)cccc32)c1C,-4.431798275933005,,,train
COc1nn(-c2ccccn2)c2cc(-c3ccc([C@H]4C[C@@H]4C(=O)O)cc3)cc(F)c12,-4.537602002101044,,,train
COc1nn(-c2ccccn2)c2cc(-c3ccc([C@H]4C[C@@H]4C(=O)O)cc3)ccc12,-4.508638306165727,,,train
COc1nn(CSP(=S)(OC)OC)c(=O)s1,,-4.96738123914928,,train
COc1nnc2ccc(N3CCC(c4ccc(CCN5CCN(C)C(=O)[C@H]5C)cc4)CC3)nn12,-6.552841968657781,,,train
COc1nnc2ccc(N3CCC(c4ccc(N5CC(CN6CCN(C)C(=O)[C@H]6C)C5)cc4)CC3)nn12,-6.337242168318426,,,train
COc1nnc2ccc(N3CCC(c4ccc(OCCN5CCN(C)C(=O)[C@H]5C)cc4)CC3)nn12,-6.3979400086720375,,,train
COc1nnc2ccc(N3CCC(c4ccc(OCCN5[C@H](C)CN(C(C)=O)C[C@@H]5C)cc4)CC3)nn12,-6.522878745280337,,,train
CP(=O)(O)c1ccc(C(F)(F)F)cc1,-5.301029995663981,,,train
CP(C)(=O)c1ccc(C(F)(F)F)cc1,-4.086186147616283,,,train
CP(C)(=O)c1cccc2c(-c3nc(N[C@H]4CCCNC4)ncc3C(F)(F)F)c[nH]c12,,,-5.991399828238083,train
CS(=N)(=O)c1ccc(C(F)(F)F)cc1,-4.055517327849832,,,train
CS(=O)(=O)C(C(=O)NCC(=O)NC1CC1)c1nc2ccc(-c3ccc(F)nc3)cc2s1,,-6.410050398674293,,train
CS(=O)(=O)C(C(=O)NCCS(N)(=O)=O)c1nc2ccc(-c3ccc(C(=O)N4CCOCC4)cc3)cc2s1,,-7.886056647693163,,test
CS(=O)(=O)C(C(=O)NCCS(N)(=O)=O)c1nc2ccc(-c3ccc(F)nc3)cc2s1,,-7.107905397309519,,train
CS(=O)(=O)C(C(=O)NCCS(N)(=O)=O)c1nc2ccc(-c3ccccc3)cc2s1,,-6.434152181326483,,train
CS(=O)(=O)C1(c2cc(N3CCOCC3)nc(-c3cccc4[nH]ccc34)n2)CC1,-4.6777807052660805,,,train
CS(=O)(=O)C1(c2cc(N3CCOCC3)nc(-c3cccc4[nH]ccc34)n2)CCNCC1,-6.698970004336019,,,test
CS(=O)(=O)C1(c2cc(N3CCOCC3)nc(-c3cccc4[nH]ccc34)n2)CCOCC1,-4.552841968657781,,,test
CS(=O)(=O)C1CN(C(=O)c2ccc3cc(Oc4ccc(C(F)(F)F)cn4)ccc3n2)C1,,-4.667561540084395,,train
CS(=O)(=O)CC(=O)NCCn1ccc2ncnc(Nc3ccc(Oc4cccc(C(F)(F)F)c4)c(Cl)c3)c21,-8.2839966563652,,,train
CS(=O)(=O)CC(=O)NCCn1ccc2ncnc(Nc3ccc(Oc4cccc(Cl)c4)c(Cl)c3)c21,-8.173925197299173,,,train
CS(=O)(=O)CCCOc1ncc(Cl)c2c1c(=O)cc(CO)n2-c1c(Cl)cccc1Cl,,,-4.995678626217358,train
CS(=O)(=O)CCCn1c(Cn2cc(S(C)(=O)=O)c3ccccc32)nc2cc(Cl)ccc21,,-5.809668301829708,,train
CS(=O)(=O)CCCn1c(Cn2nc(S(C)(=O)=O)c3ccccc32)nc2cc(Cl)ccc21,,-5.555955204081924,,train
CS(=O)(=O)CCCn1c(Cn2nc(S(C)(=O)=O)c3ccncc32)nc2cc(Cl)ccc21,,-5.809668301829708,,train
CS(=O)(=O)CCNC(=O)c1ccc2cc(Oc3ccc(C(F)(F)F)cn3)ccc2n1,,-4.7447274948966935,,train
CS(=O)(=O)CCc1c(Cn2c(=O)n(C3CC3)c3ccncc32)nc2cc(Cl)ccn12,,-5.443697499232713,,train
CS(=O)(=O)CCn1c(Cn2cc(S(C)(=O)=O)c3ccccc32)nc2cc(Cl)ccc21,,-5.638272163982407,,train
CS(=O)(=O)CCn1c(Cn2cc(S(C)(=O)=O)c3ccccc32)nc2ccccc21,,-5.3124710387853655,,train
CS(=O)(=O)Cn1cnc2c(N3CCOCC3)nc(-c3cccc4[nH]ccc34)cc21,-4.853871964321762,,,train
CS(=O)(=O)N(CC1CCCCO1)c1c(Cl)c(Cl)cc2[nH]c(=O)c(=O)[nH]c12,-8.0,,,train
CS(=O)(=O)N(CC1CCCO1)c1c(Cl)c(Cl)cc2[nH]c(=O)c(=O)[nH]c12,-5.818156412055227,,,train
CS(=O)(=O)N(CCC(F)(F)F)c1c(Cl)c(Cl)cc2[nH]c(=O)c(=O)[nH]c12,-6.3872161432802645,,,train
CS(=O)(=O)N(Cc1cccc(F)c1)c1c(Cl)c(Cl)cc2[nH]c(=O)c(=O)[nH]c12,-5.756961951313706,,,train
CS(=O)(=O)N1CC(c2noc([C@@H]3CCCN3C(=O)C[C@H](N)Cc3cc(F)c(F)cc3F)n2)C1,-6.823908740944319,,,train
CS(=O)(=O)N1CC2CC(CN(C(=O)CN3CCC[C@H](NS(=O)(=O)c4ccc5cc(Cl)ccc5c4)C3=O)C2)C1,-7.823908740944319,,,train
CS(=O)(=O)N1CCC(N[C@@H]2CC[C@@]3(S(=O)(=O)c4ccc(F)cc4)c4ccc(C(F)(C(F)(F)F)C(F)(F)F)cc4CC[C@@H]23)CC1,-7.275724130399211,,,test
CS(=O)(=O)N1CCC(n2cnc3cnc4[nH]ccc4c32)CC1,,,-5.920818753952375,val
CS(=O)(=O)N1CCC(n2nnc3cnc4[nH]ccc4c32)CC1,,,-4.886056647693163,train
CS(=O)(=O)N1CCC2(CC1)CC(C(=O)N1CCN(C3CCC3)CC1)C2,,,-4.721246399047171,train
CS(=O)(=O)N1CCN(Cc2cc3c(N4CCOCC4)nc(-c4cnc(N)nc4)c(Cl)n3n2)CC1,,-6.161150909262744,,train
CS(=O)(=O)N1CCN(Cc2cc3c(N4CCOCC4)nc(-c4cnc(N)nc4)cn3n2)CC1,,-6.031517051446065,,train
CS(=O)(=O)N1CCN(Cc2cn3cc(-c4cnc(N)nc4)nc(N4CCOCC4)c3n2)CC1,,-6.585026652029182,,val
CS(=O)(=O)N1CCN(Cc2cn3nc(-c4cnc(N)nc4)nc(N4CCOCC4)c3n2)CC1,,-5.450996737974212,,train
CS(=O)(=O)N1CCN(Cc2nc3c(N4CCOCC4)nc(-c4cnc(N)nc4)c(Cl)n3n2)CC1,,-5.82102305270683,,train
CS(=O)(=O)N1CCN(Cc2nc3c(N4CCOCC4)nc(-c4cnc(N)nc4)cn3n2)CC1,,-5.716698771296451,,train
CS(=O)(=O)NC(=O)CCc1ccccc1,,-6.462180904926726,,train
CS(=O)(=O)NC(=O)Cc1ccc(OC(=O)c2ccc(NC(=N)N)cc2)c2ncnn12,,,-6.292429823902063,train
CS(=O)(=O)NC(=O)NCc1ccccc1,,-6.583359492661719,,train
CS(=O)(=O)NC(=O)c1cc(Cl)c(OCC23CC4CC(CC(C4)C2)C3)cc1F,,,-4.886056647693163,train
CS(=O)(=O)NC(=O)c1ccc(-c2cnc(N)c(-c3ccc(Cl)cc3)c2)cc1,,,-5.301029995663981,train
CS(=O)(=O)NCCCc1ccccc1,,-4.978810700930062,,train
CS(=O)(=O)NCCCn1c(=O)c2cc(F)ccc2n2c(=S)[nH]nc12,,-4.966576244513051,,train
CS(=O)(=O)NCCNc1nonc1/C(=N/O)Nc1ccc(F)c(Br)c1,-4.619788758288394,,,test
CS(=O)(=O)NCCn1c(=O)c2cc(F)ccc2n2c(=S)[nH]nc12,,-5.050609993355088,,train
CS(=O)(=O)NC[C@@H]1CCCN1C(=O)C[C@H](N)Cc1cc(F)c(F)cc1F,-6.698970004336019,,,train
CS(=O)(=O)NCc1ccc(-c2ccc(N3CCOc4ncnc(N)c4C3=O)cc2)c(Cl)c1,-4.94692155651658,,,train
CS(=O)(=O)N[C@H](C(=O)N[C@@H](Cc1ccccc1)C(=O)NCC(=O)NCC#N)c1cccc(Cl)c1,-5.920818753952375,,,train
CS(=O)(=O)Nc1c(Cc2cccc3ccccc23)cc(=O)n2c1SCC2C(=O)Nc1ccccc1,-4.522878745280337,,,train
CS(=O)(=O)Nc1ccc(-c2cc3c(N[C@H](CO)c4ccccc4)ncnc3[nH]2)cc1,-7.698970004336019,,,train
CS(=O)(=O)Nc1ccc(-c2ccnc(Nc3ccc(CN4CCS(=O)(=O)CC4)cc3)n2)cc1,-5.337242168318426,,,train
CS(=O)(=O)Nc1ccc(-n2c3nc(=O)n(-c4ccc(Cl)cc4)c(=O)c-3cc3ccc(C#N)cc32)cc1,,-7.698970004336019,,train
CS(=O)(=O)Nc1ccc(Br)cc1C(=O)Nc1ccc([N+](=O)[O-])cc1Cl,,-4.070070439915412,,train
CS(=O)(=O)Nc1ccc(CCN(CCOc2ccc(NS(C)(=O)=O)cc2)c2ccc([N+](=O)[O-])c3nonc23)cc1,-5.431798275933005,,,train
CS(=O)(=O)Nc1ccc([N+](=O)[O-])cc1Oc1ccc(I)cc1,-4.579774433196588,,,test
CS(=O)(=O)Nc1ccc([N+](=O)[O-])cc1Oc1cccc(I)c1,-4.535853293883899,,,train
CS(=O)(=O)Nc1ccc([N+](=O)[O-])cc1Oc1ccccc1,-4.416279299418534,,,test
CS(=O)(=O)Nc1ccc([N+](=O)[O-])cc1Oc1ccccc1I,-4.496258402064251,,,train
CS(=O)(=O)Nc1ccc2c(c1)S(=O)(=O)N=C(C1=C(O)C3CCCCCC3N(Cc3ccc(F)cc3)C1=O)N2,-6.022276394711152,,,train
CS(=O)(=O)Nc1ccc2c(c1)S(=O)(=O)N=C(C1=C(O)C3CCCCN3N(Cc3ccc(F)cc3)C1=O)N2,-7.0,,,train
CS(=O)(=O)Nc1ccc2c(c1)S(=O)(=O)N=C(C1=C(O)C3CCCN3N(Cc3ccc(F)cc3)C1=O)N2,-6.698970004336019,,,train
CS(=O)(=O)Nc1ccc2c(c1)S(=O)(=O)N=C(C1=C(O)[C@@H]3CCCC[C@@H]3N(Cc3ccc(F)cc3)C1=O)N2,-6.0,,,train
CS(=O)(=O)Nc1ccc2c(c1)S(=O)(=O)N=C(C1=C(O)[C@H]3CCCC[C@H]3N(Cc3ccc(F)cc3)C1=O)N2,-6.173925197299174,,,train
CS(=O)(=O)Nc1ccc2c(c1)S(=O)(=O)N=C(C1=C(O)[C@H]3CCC[C@H]3N(Cc3ccc(F)c(F)c3)C1=O)N2,-6.080921907623926,,,train
CS(=O)(=O)Nc1ccc2c(c1)S(=O)(=O)N=C(C1=C(O)[C@H]3CCC[C@H]3N(Cc3ccc(F)cc3)C1=O)N2,-5.795880017344075,,,test
CS(=O)(=O)Nc1ccc2c(c1)S(=O)(=O)N=C(c1c(O)c(C3=CCCC3)nn(CCC3CC3)c1=O)N2,-6.229147988357856,,,train
CS(=O)(=O)Nc1ccc2c(c1)S(=O)(=O)N=C(c1c(O)c3cccn3n(Cc3ccc(F)cc3)c1=O)N2,-7.0,,,train
CS(=O)(=O)Nc1ccc2c(c1)S(=O)(=O)NC(C1=C(O)[C@@H]3CCC[C@@H]3N(Cc3ccc(F)cc3)C1=O)=N2,-6.055517327849832,,,train
CS(=O)(=O)Nc1cccc(-n2c3nc(=O)[nH]c(=O)c-3cc3cc(Cl)ccc32)c1,-6.6020599913279625,,,train
CS(=O)(=O)Nc1cccc(-n2c3nc(=O)[nH]c(=O)c-3cc3ccc(C#N)cc32)c1,-6.795880017344075,,,train
CS(=O)(=O)Nc1cccc(-n2c3nc(=O)[nH]c(=O)c-3cc3ccccc32)c1,-6.3872161432802645,,,train
CS(=O)(=O)Nc1cccc(-n2c3nc(=O)n(-c4ccc(Cl)cc4)c(=O)c-3cc3ccc(C#N)cc32)c1,,-7.221848749616356,,train
CS(=O)(=O)Nc1ccccc1CNc1ccc2[nH]nc(-c3ccc(N4CCNCC4)nc3)c2c1,,,-5.920818753952375,train
CS(=O)(=O)Nc1ccccc1CNc1ccc2[nH]nc(-c3ccc(NC4CCNCC4)nc3)c2c1,,,-6.522878745280337,train
CS(=O)(=O)Nc1ccccc1CNc1ccc2[nH]nc(-c3ccc(OC4CCNCC4)nc3)c2c1,,,-6.522878745280337,train
CS(=O)(=O)Nc1cncc(-c2ccccc2O[C@@H]2C[C@H]3CNC[C@@H]2C3)c1,,,-6.075720713938119,train
CS(=O)(=O)Nc1cncc(-c2ccccc2O[C@H]2C[C@@H]3CNC[C@H]2C3)c1,,,-5.931814138253839,train
CS(=O)(=O)c1c(C#N)ccc2c(-c3nc(N[C@H]4CCCNC4)ncc3C(F)(F)F)c[nH]c12,,,-5.730487055782084,val
CS(=O)(=O)c1cc(-c2ccccc2)cc(S(=O)(=O)c2ccc(CN)s2)c1,-5.070581074285707,,,train
CS(=O)(=O)c1cc(-c2ccccc2)cc(S(=O)(=O)c2cnc(CN)s2)c1,-4.638272163982407,,,train
CS(=O)(=O)c1cc(Cl)cc(NS(=O)(=O)c2cc(Br)cc(Cl)c2O)c1,,,-5.410050398674293,val
CS(=O)(=O)c1cc(Cl)cc(NS(=O)(=O)c2cc(Br)ccc2O)c1,,,-5.319664486585437,train
CS(=O)(=O)c1cc(NS(=O)(=O)c2cc(Br)ccc2O)cc(S(F)(F)(F)(F)F)c1,,,-4.79317412396815,train
CS(=O)(=O)c1cc(S(F)(F)(F)(F)F)cc(NS(=O)(=O)c2cc(Br)cc(Cl)c2O)c1O,,,-4.730487055782084,train
CS(=O)(=O)c1ccc(-c2cc(-c3ccc(C(N)=O)cc3)cnc2N)cc1,,,-5.173925197299174,train
CS(=O)(=O)c1ccc(-c2cc(-c3ccc(O)cc3)cnc2N)cc1,,,-4.764471553092451,train
CS(=O)(=O)c1ccc(-c2ccc(F)c(F)c2)c(C(=O)N2Cc3cc(C(F)(F)F)cnc3C2)c1,,-5.1938200260161125,,train
CS(=O)(=O)c1ccc(-c2ccc(F)cc2)c(C(=O)N2Cc3ccc(C4CCOCC4)cc3C2)c1,,-5.853871964321762,,train
CS(=O)(=O)c1ccc(-c2ccc(O[C@H]3O[C@H](CO)[C@@H](O)[C@H](O)[C@@H]3O)cc2)cc1,-6.443697499232713,,,train
CS(=O)(=O)c1ccc(-c2cnc(NCc3ccco3)n3cnnc23)cc1,-5.522878745280337,,,train
CS(=O)(=O)c1ccc(-c2nc(-c3ccccc3)c(C(=O)N3CCCCC3)s2)cc1[N+](=O)[O-],,-3.0127807700919957,,val
CS(=O)(=O)c1ccc(-c2nc(C(F)(F)F)c(C(=O)N3CCCCC3)s2)cc1[N+](=O)[O-],,-3.101823516502324,,train
CS(=O)(=O)c1ccc(-c2nc(C(F)(F)F)c(C(=O)N3CCc4ccccc4C3)s2)cc1[N+](=O)[O-],,-4.075720713938118,,train
CS(=O)(=O)c1ccc(-c2ncc(C(=O)N3CCCCC3)s2)cc1[N+](=O)[O-],,-3.542118103266008,,test
CS(=O)(=O)c1ccc(-c2ncc(C(=O)NC34CC5CC(CC(C5)C3)C4)s2)cc1[N+](=O)[O-],,-3.421360790031928,,train
CS(=O)(=O)c1ccc(-c2nnc(/C=C/c3nnc(-c4ccc(C#N)cc4)o3)n2-c2ccccc2Cl)nc1,,-4.943095148663527,,val
CS(=O)(=O)c1ccc(-c2nnc([C@H]3C[C@H](NC(=O)c4cccc5cccnc45)C3)n2-c2ccccc2F)nc1,-4.853871964321762,,,train
CS(=O)(=O)c1ccc(-c2nnc([C@H]3C[C@H](NC(=O)c4ccnc5cccnc45)C3)n2-c2ccccc2F)nc1,-5.42021640338319,,,test
CS(=O)(=O)c1ccc(C(=O)OCC(=O)NC23CC4CC(CC(C4)C2)C3)cc1[N+](=O)[O-],,-3.7772835288524167,,train
CS(=O)(=O)c1ccc(C(c2nnnn2Cc2ccccc2)N2CCCN(C3CCC3)CC2)cc1,-6.045757490560675,,,train
CS(=O)(=O)c1ccc(F)cc1CNc1ccc2[nH]nc(-c3ccc(N4CCNCC4)nc3)c2c1,,,-6.522878745280337,train
CS(=O)(=O)c1ccc(F)cc1CNc1ccc2[nH]nc(-c3ccccn3)c2c1,,,-4.135488918941608,train
CS(=O)(=O)c1ccc(F)cc1CNc1ccc2[nH]nc(-c3cccnc3)c2c1,,,-4.211124884224583,test
CS(=O)(=O)c1ccc(N2CCOCC2)c(C(=O)N2Cc3cc(C(F)(F)F)cnc3C2)c1,,-6.045757490560675,,train
CS(=O)(=O)c1ccc(OCC2CC2)c(C(=O)N2CCN(c3ccc(C#N)cc3F)CC2)c1,,-5.494850021680094,,train
CS(=O)(=O)c1ccc(OCCC(F)(F)F)c(C(=O)N2Cc3cc(C(F)(F)F)cnc3C2)c1,,-5.366531544420414,,train
CS(=O)(=O)c1ccc(OCCC(F)(F)F)c(C(=O)N2Cc3ccc(C4CCOCC4)cc3C2)c1,,-5.3872161432802645,,train
CS(=O)(=O)c1ccc(OCc2ccccc2)c(C(=O)N2Cc3cc(C(F)(F)F)cnc3C2)c1,,-6.096910013008056,,train
CS(=O)(=O)c1ccc(Sc2ccc(F)cc2CSC(=N)N)c(CSC(=N)N)c1,-7.0,,,val
CS(=O)(=O)c1ccc2c(-c3nc(N[C@H]4CCCNC4)ncc3C(F)(F)F)c[nH]c2c1,,,-6.0655015487564325,val
CS(=O)(=O)c1ccc2c(=O)n(C(c3ccccc3)c3ccccc3)c(=O)n(C/C=C/COc3ccc(C(=O)O)cc3)c2c1,,-6.522878745280337,,train
CS(=O)(=O)c1cccc(C(=O)O)c1,,,-4.920818753952375,train
CS(=O)(=O)c1cccc(S(=O)(=O)c2ccc(NC(=O)[C@@H]3C[C@H]3c3cccnc3)cc2)c1,,,-5.568636235841013,train
CS(=O)(=O)c1cccc2c(-c3nc(N[C@H]4CCCNC4)ncc3C(F)(F)F)c[nH]c12,,,-5.484126156288321,train
CS(=O)(=O)c1ccccc1CNc1ccc2[nH]nc(-c3ccc(N4CCNCC4)nc3)c2c1,,,-4.903089986991944,train
CS(=O)(=O)c1nn(Cc2nc3cc(Cl)ccc3n2CC2COC2)c2cnccc12,,-5.492144128304169,,train
CS(=O)(=O)c1nn(Cc2nc3cc(Cl)ccc3n2CCC(F)(F)F)c2cnccc12,,-5.55129368009492,,train
CS(=O)(=O)c1nn(Cc2nc3cc(Cl)ccc3n2CCC(O)C(F)(F)F)c2cnccc12,,-5.367542707815276,,val
CS(=O)(=O)c1nn(Cc2nc3cc(Cl)ccc3n2CCCCC(F)(F)F)c2cnccc12,,-6.022276394711152,,train
CS(=O)(=O)c1nn(Cc2nc3cc(Cl)ccc3n2CCCCO)c2cnccc12,,-5.616184634019569,,train
CS(=O)(=O)c1nn(Cc2nc3cc(Cl)ccc3n2CCCO)c2cnccc12,,-5.459670525209126,,train
CS(=O)(=O)c1nn(Cc2nc3cc(Cl)ccc3n2CCOCCO)c2cnccc12,,-5.505845405981558,,train
CSCCCNc1ccc2ncc(-c3ccc(C(=O)NC[C@@H]4C[C@@H](F)CN4)c(F)c3)n2n1,,-4.3979400086720375,,train
CSCCNc1ccc2ncc(-c3ccc(C(=O)NC[C@@H]4C[C@@H](F)CN4)c(F)c3)n2n1,,-4.301029995663981,,train
CSCC[C@@H]1NC(=O)[C@H](CC(=O)O)NC(=O)[C@H](Cc2ccccc2)NC(=O)[C@H](CCCNC(=N)N)NC(=O)[C@H](Cc2ccc(O)cc2)NC(=O)[C@H](CC(=O)O)NC(=O)[C@H](CCCNC(=N)N)NC(=O)[C@H](CCCNC(=N)N)NC(=O)[C@H](C)NC(=O)[C@@H](NC(=O)[C@H](Cc2c[nH]c3ccccc23)NC(=O)[C@@H](N)CCCNC(=N)N)CSSC[C@@H](C(=O)N[C@@H](Cc2c[nH]c3ccccc23)C(=O)N[C@@H](CCC(=O)O)C(=O)O)NC(=O)[C@H](Cc2c[nH]c3ccccc23)NC(=O)[C@H](Cc2ccc(O)cc2)NC(=O)[C@H](CC(=O)O)NC(=O)[C@H](Cc2ccccc2)NC(=O)CNC1=O,,-7.430626090384954,,train
CSCC[C@H](NC(=O)C1SC(C)(C)SC1C(=O)O)C(=O)O,-4.804100347590766,,,val
CSCC[C@H](NC(=O)CNC(=O)[C@H](CCC(=O)O)NC(=O)[C@H](CCCNC(=N)N)NC(=O)[C@H](C)NC(=O)[C@@H](NC(=O)[C@H](Cc1c[nH]c2ccccc12)NC(=O)[C@@H](N)CCCNC(=N)N)C(C)C)C(=O)N[C@@H](CC(N)=O)C(=O)N[C@H](C(=O)N[C@@H](CC(=O)O)C(=O)NCC(=O)N[C@@H](Cc1ccc(O)cc1)C(=O)N[C@@H](Cc1ccccc1)C(=O)N[C@@H](CC(=O)O)C(=O)N[C@@H](Cc1ccc(O)cc1)C(=O)N[C@@H](Cc1c[nH]c2ccccc12)C(=O)N[C@@H](Cc1cnc[nH]1)C(=O)N[C@@H](Cc1c[nH]c2ccccc12)C(=O)N[C@@H](CCC(=O)O)C(=O)O)[C@@H](C)O,,-9.69897000433602,,train
CSCC[C@H](NC(=O)CNC(=O)[C@H](CCC(=O)O)NC(=O)[C@H](CCCNC(=N)N)NC(=O)[C@H](C)NC(=O)[C@@H](NC(=O)[C@H](Cc1c[nH]c2ccccc12)NC(=O)[C@@H](N)CCCNC(=N)N)C(C)C)C(=O)N[C@@H](CC(N)=O)C(=O)N[C@H](C(=O)N[C@@H](CC(=O)O)C(=O)N[C@@H](Cc1c[nH]c2ccccc12)C(=O)N[C@@H](Cc1ccc(O)cc1)C(=O)N[C@@H](Cc1ccccc1)C(=O)N[C@@H](CC(=O)O)C(=O)N[C@@H](Cc1ccc(O)cc1)C(=O)N[C@@H](Cc1c[nH]c2ccccc12)C(=O)N[C@@H](Cc1cnc[nH]1)C(=O)N[C@@H](Cc1c[nH]c2ccccc12)C(=O)N[C@@H](CCC(=O)O)C(=O)O)[C@@H](C)O,,-8.3767507096021,,train
CSCC[C@H](NC(=O)[C@H](CC(=O)O)NC(=O)CNC(=O)[C@H](CCCNC(=N)N)NC(=O)[C@H](Cc1ccc(O)cc1)NC(=O)[C@H](CC(=O)O)NC(=O)[C@H](CCCNC(=N)N)NC(=O)[C@H](CCCNC(=N)N)NC(=O)[C@@H](NC(=O)[C@@H](NC(=O)[C@H](Cc1c[nH]c2ccccc12)NC(=O)[C@@H](N)CCCNC(=N)N)C(C)C)C(C)C)C(=O)NCC(=O)N[C@@H](Cc1ccccc1)C(=O)N[C@@H](CC(=O)O)C(=O)N[C@@H](Cc1ccc(O)cc1)C(=O)N[C@@H](Cc1c[nH]c2ccccc12)C(=O)N[C@H](C(=O)N[C@@H](Cc1c[nH]c2ccccc12)C(=O)N[C@@H](CCC(=O)O)C(=O)O)C(C)C,,-9.397940008672036,,train
CSCC[C@H](NC(=O)[C@H](CC(=O)O)NC(=O)CNC(=O)[C@H](CCCNC(=N)N)NC(=O)[C@H](Cc1ccc(O)cc1)NC(=O)[C@H](CC(=O)O)NC(=O)[C@H](CCCNC(=N)N)NC(=O)[C@H](CCCNC(=N)N)NC(=O)[C@H](C)NC(=O)[C@@H](NC(=O)[C@H](Cc1c[nH]c2ccccc12)NC(=O)[C@@H](N)CCCNC(=N)N)C(C)C)C(=O)NCC(=O)N[C@@H](Cc1ccccc1)C(=O)N[C@@H](CC(=O)O)C(=O)N[C@@H](Cc1ccc(O)cc1)C(=O)N[C@@H](Cc1c[nH]c2ccccc12)C(=O)N[C@@H](Cc1cnc[nH]1)C(=O)N[C@@H](Cc1c[nH]c2ccccc12)C(=O)N[C@@H](CCC(=O)O)C(=O)O,,-9.154901959985745,,train
CSCC[C@H](NC(=O)[C@H](CC(=O)O)NC(=O)CNC(=O)[C@H](CCCNC(=N)N)NC(=O)[C@H](Cc1ccc(O)cc1)NC(=O)[C@H](CC(=O)O)NC(=O)[C@H](CCCNC(=N)N)NC(=O)[C@H](CCCNC(=N)N)NC(=O)[C@H](C)NC(=O)[C@@H](NC(=O)[C@H](Cc1c[nH]c2ccccc12)NC(=O)[C@@H](N)CCCNC(=N)N)C(C)C)C(=O)NCC(=O)N[C@@H](Cc1ccccc1)C(=O)N[C@@H](CC(=O)O)C(=O)N[C@@H](Cc1ccc(O)cc1)C(=O)N[C@@H](Cc1c[nH]c2ccccc12)C(=O)N[C@H](C(=O)N[C@@H](Cc1c[nH]c2ccccc12)C(=O)N[C@@H](CCC(=O)O)C(=O)O)C(C)C,,-7.798602875679548,,train
CSCC[C@H](NC(=O)[C@H](CC(=O)O)NC(=O)CNC(=O)[C@H](CCCNC(=N)N)NC(=O)[C@H](Cc1ccc(O)cc1)NC(=O)[C@H](CC(=O)O)NC(=O)[C@H](CCCNC(=N)N)NC(=O)[C@H](CCCNC(=N)N)NC(=O)[C@H](C)NC(=O)[C@@H](NC(=O)[C@H](Cc1c[nH]c2ccccc12)NC(=O)[C@@H](N)CCCNC(=N)N)C(C)C)C(=O)NCC(=O)N[C@@H](Cc1ccccc1)C(=O)N[C@@H](CC(N)=O)C(=O)N[C@@H](Cc1ccc(O)cc1)C(=O)N[C@@H](Cc1c[nH]c2ccccc12)C(=O)N[C@H](C(=O)N[C@@H](Cc1c[nH]c2ccccc12)C(=O)N[C@@H](CCC(=O)O)C(=O)O)C(C)C,,-9.69897000433602,,train
CSCC[C@H](NC(=O)[C@H](CC(=O)O)NC(=O)CNC(=O)[C@H](CCCNC(=N)N)NC(=O)[C@H](Cc1ccc(O)cc1)NC(=O)[C@H](CC(=O)O)NC(=O)[C@H](CCCNC(=N)N)NC(=O)[C@H](CCCNC(=N)N)NC(=O)[C@H](CCCCN)NC(=O)[C@@H](NC(=O)[C@H](Cc1c[nH]c2ccccc12)NC(=O)[C@@H](N)CCCNC(=N)N)C(C)C)C(=O)NCC(=O)N[C@@H](Cc1ccccc1)C(=O)N[C@@H](CC(=O)O)C(=O)N[C@@H](Cc1ccc(O)cc1)C(=O)N[C@@H](Cc1c[nH]c2ccccc12)C(=O)N[C@H](C(=O)N[C@@H](Cc1c[nH]c2ccccc12)C(=O)N[C@@H](CCC(=O)O)C(=O)O)C(C)C,,-9.69897000433602,,train
CSCC[C@H](NC(=O)[C@H](CC(=O)O)NC(=O)CNC(=O)[C@H](CCCNC(=N)N)NC(=O)[C@H](Cc1ccc(O)cc1)NC(=O)[C@H](CC(=O)O)NC(=O)[C@H](CCCNC(=N)N)NC(=O)[C@H](Cc1c[nH]c2ccccc12)NC(=O)[C@@H](NC(=O)[C@H](Cc1c[nH]c2ccccc12)NC(=O)[C@@H](N)CCCNC(=N)N)C(C)C)C(=O)NCC(=O)N[C@@H](Cc1ccccc1)C(=O)N[C@@H](CC(=O)O)C(=O)N[C@@H](Cc1c[nH]c2ccccc12)C(=O)N[C@H](C(=O)N[C@@H](Cc1c[nH]c2ccccc12)C(=O)N[C@@H](CCC(=O)O)C(=O)O)C(C)C,,-10.0,,train
CSCC[C@H](NC(=O)[C@H](CC(=O)O)NC(=O)[C@H](Cc1ccccc1)NC(=O)[C@H](CCCNC(=N)N)NC(=O)[C@H](Cc1ccc(O)cc1)NC(=O)[C@H](CC(=O)O)NC(=O)[C@H](CCCNC(=N)N)NC(=O)[C@H](CCCNC(=N)N)NC(=O)[C@@H](NC(=O)[C@@H](NC(=O)[C@H](Cc1c[nH]c2ccccc12)NC(=O)[C@@H](N)CCCNC(=N)N)C(C)C)C(C)C)C(=O)NCC(=O)N[C@@H](Cc1ccccc1)C(=O)N[C@@H](CC(=O)O)C(=O)N[C@@H](Cc1ccc(O)cc1)C(=O)N[C@@H](Cc1c[nH]c2ccccc12)C(=O)N[C@H](C(=O)N[C@@H](Cc1c[nH]c2ccccc12)C(=O)N[C@@H](CCC(=O)O)C(=O)O)C(C)C,,-7.583359492661719,,train
CSCC[C@H](NC(=O)[C@H](CC(=O)O)NC(=O)[C@H](Cc1ccccc1)NC(=O)[C@H](CCCNC(=N)N)NC(=O)[C@H](Cc1ccc(O)cc1)NC(=O)[C@H](CC(=O)O)NC(=O)[C@H](CCCNC(=N)N)NC(=O)[C@H](CCCNC(=N)N)NC(=O)[C@H](C)NC(=O)[C@@H](NC(=O)[C@H](Cc1c[nH]c2ccccc12)NC(=O)[C@@H](N)CCCNC(=N)N)C(C)C)C(=O)NCC(=O)N[C@@H](Cc1ccccc1)C(=O)N[C@@H](CC(=O)O)C(=O)N[C@@H](Cc1ccc(O)cc1)C(=O)N[C@@H](Cc1c[nH]c2ccccc12)C(=O)N[C@@H](Cc1cnc[nH]1)C(=O)N[C@@H](Cc1c[nH]c2ccccc12)C(=O)N[C@@H](CCC(=O)O)C(=O)O,,-7.5934598195660445,,train
CSCC[C@H](NC(=O)[C@H](CC(=O)O)NC(=O)[C@H](Cc1ccccc1)NC(=O)[C@H](CCCNC(=N)N)NC(=O)[C@H](Cc1ccc(O)cc1)NC(=O)[C@H](CC(=O)O)NC(=O)[C@H](CCCNC(=N)N)NC(=O)[C@H](CCCNC(=N)N)NC(=O)[C@H](C)NC(=O)[C@@H](NC(=O)[C@H](Cc1c[nH]c2ccccc12)NC(=O)[C@@H](N)CCCNC(=N)N)C(C)C)C(=O)NCC(=O)N[C@@H](Cc1ccccc1)C(=O)N[C@@H](CC(=O)O)C(=O)N[C@@H](Cc1ccc(O)cc1)C(=O)N[C@@H](Cc1c[nH]c2ccccc12)C(=O)N[C@H](C(=O)N[C@@H](Cc1c[nH]c2ccccc12)C(=O)N[C@@H](CCC(=O)O)C(=O)O)C(C)C,,-7.661543506395395,,train
CSCC[C@H](NC(=O)[C@H](CC(=O)O)NC(=O)[C@H](Cc1ccccc1)NC(=O)[C@H](CCCNC(=N)N)NC(=O)[C@H](Cc1ccc(O)cc1)NC(=O)[C@H](CC(=O)O)NC(=O)[C@H](CCCNC(=N)N)NC(=O)[C@H](CCCNC(=N)N)NC(=O)[C@H](C)NC(=O)[C@@H](NC(=O)[C@H](Cc1c[nH]c2ccccc12)NC(=O)[C@@H](N)CCCNC(=N)N)C(C)C)C(=O)NCC(=O)N[C@@H](Cc1ccccc1)C(=O)N[C@@H](CC(N)=O)C(=O)N[C@@H](Cc1ccc(O)cc1)C(=O)N[C@@H](Cc1c[nH]c2ccccc12)C(=O)N[C@H](C(=O)N[C@@H](Cc1c[nH]c2ccccc12)C(=O)N[C@@H](CCC(=O)O)C(=O)O)C(C)C,,-7.393618634889395,,val
CSCC[C@H](NC(=O)[C@H](CC(=O)O)NC(=O)[C@H](Cc1ccccc1)NC(=O)[C@H](CCCNC(=N)N)NC(=O)[C@H](Cc1ccc(O)cc1)NC(=O)[C@H](CC(=O)O)NC(=O)[C@H](CCCNC(=N)N)NC(=O)[C@H](CCCNC(=N)N)NC(=O)[C@H](CCCCN)NC(=O)[C@@H](NC(=O)[C@H](Cc1c[nH]c2ccccc12)NC(=O)[C@@H](N)CCCNC(=N)N)C(C)C)C(=O)NCC(=O)N[C@@H](Cc1ccccc1)C(=O)N[C@@H](CC(=O)O)C(=O)N[C@@H](Cc1ccc(O)cc1)C(=O)N[C@@H](Cc1c[nH]c2ccccc12)C(=O)N[C@H](C(=O)N[C@@H](Cc1c[nH]c2ccccc12)C(=O)N[C@@H](CCC(=O)O)C(=O)O)C(C)C,,-8.853871964321762,,train
CSCC[C@H](NC(=O)[C@H](CC(=O)O)NC(=O)[C@H](Cc1ccccc1)NC(=O)[C@H](CCCNC(=N)N)NC(=O)[C@H](Cc1ccc(O)cc1)NC(=O)[C@H](CC(=O)O)NC(=O)[C@H](CCCNC(=N)N)NC(=O)[C@H](Cc1c[nH]c2ccccc12)NC(=O)[C@@H](NC(=O)[C@H](Cc1c[nH]c2ccccc12)NC(=O)[C@@H](N)CCCNC(=N)N)C(C)C)C(=O)NCC(=O)N[C@@H](Cc1ccccc1)C(=O)N[C@@H](CC(=O)O)C(=O)N[C@@H](Cc1c[nH]c2ccccc12)C(=O)N[C@H](C(=O)N[C@@H](Cc1c[nH]c2ccccc12)C(=O)N[C@@H](CCC(=O)O)C(=O)O)C(C)C,,-7.277366077466188,,train
CSc1ccc(/C=C/C(=O)NC2(C(=O)N[C@H](Cc3ccccc3)C(=O)NCC3CCN(CC4CCOCC4)CC3)CCCC2)cc1,-5.327902142064283,,,train
CSc1ccc(/C=C/c2nc(NCCN(C)C)c3cc(Cl)ccc3n2)cc1,,-5.45717457304082,,test
CSc1ccc(/C=C/c2nc(NCCN(C)C)c3ccccc3n2)cc1,,-5.23210238398191,,train
CSc1ccc(C(=O)NC2(C(=O)N[C@H](Cc3ccccc3)C(=O)NCC3CCN(CC4CCOCC4)CC3)CCCC2)cc1,-6.045757490560675,,,train
CSc1ccc(NC(=O)Nc2cc(C)nc3ccccc23)cc1,,-3.3251388592621884,,train
CSc1ccc2c(=O)n(C(c3ccccc3)c3ccccc3)c(=O)n(C/C=C/COc3ccc(C(=O)O)cc3)c2c1,,-5.346787486224656,,train
CSc1ccccc1CNc1ncc([N+](=O)[O-])c(NCC2CCC(CN)CC2)n1,-5.795880017344075,,,train
CSc1ccccc1NC(=O)Nc1cc(C)nc2ccccc12,,-2.8999742698921374,,train
CSc1nc(N(C(=O)OCCN2CCN(C)CC2)c2cccc(Br)c2)c2cnn(CC(C)c3ccccc3)c2n1,,-5.675717544702308,,train
CSc1nc(NCCc2ccc(C)cc2)c2cnn(CC(Cl)c3ccccc3)c2n1,,-6.251811972993799,,train
CSc1nc(NCCc2ccc(Cl)cc2)c2cnn(CC(Cl)c3ccccc3)c2n1,,-6.251811972993799,,train
CSc1nc(NCCc2cccc(Cl)c2)c2cnn(CC(Cl)c3ccccc3)c2n1,,-6.337242168318426,,train
CSc1nc(NCCc2cccc(F)c2)c2cnn(CC(Cl)c3ccccc3)c2n1,,-6.060480747381382,,train
CSc1nc(NCCc2ccccc2)c2cnn(CC(Cl)c3ccc(Cl)cc3)c2n1,,-6.130768280269024,,train
CSc1nc(NCCc2ccccc2)c2cnn(CC(Cl)c3ccccc3)c2n1,,-5.590066876668706,,val
CSc1nc(NCCc2ccccc2Cl)c2cnn(CC(Cl)c3ccccc3)c2n1,,-6.113509274827519,,train
CSc1nc(NCc2ccc(F)cc2)c2cnn(CC(Cl)c3ccccc3)c2n1,,-5.701146923590294,,train
CSc1nc(NCc2cccc(F)c2)c2cnn(CC(Cl)c3ccccc3)c2n1,,-5.510041520575165,,test
CSc1nc(NCc2ccccc2)c2cnn(CC(Cl)c3ccc(Cl)cc3)c2n1,,-5.869666231504994,,train
CSc1nc(NCc2ccccc2)c2cnn(CC(Cl)c3ccc(F)cc3)c2n1,,-5.621602099051862,,train
CSc1nc(NCc2ccccc2)c2cnn(CC(Cl)c3ccccc3)c2n1,,-5.400116927926312,,test
CSc1nc(NCc2ccccc2Cl)c2cnn(CC(Cl)c3ccccc3)c2n1,,-5.841637507904751,,train
CSc1nc(NCc2ccccc2F)c2cnn(CC(Cl)c3ccccc3)c2n1,,-5.600326278518962,,train
CSc1nc(Nc2cc(O)ccc2Cl)c2cnn(CC(C)c3ccccc3)c2n1,,-5.079354998593212,,train
CSc1nc(Nc2cc(O)ccc2Cl)c2cnn(CC(Cl)c3ccccc3)c2n1,,-5.490797477668897,,train
CSc1nc(Nc2cccc(Br)c2)c2cnn(CC(C)c3ccccc3)c2n1,,-8.0,,train
CSc1nc(Nc2cccc(Br)c2)c2cnn(CC(Cl)c3ccc(F)cc3)c2n1,,-6.309803919971486,,test
CSc1nc(Nc2cccc(Br)c2)c2cnn(CC(Cl)c3ccccc3)c2n1,,-6.356547323513813,,train
CSc1nc(Nc2cccc(Cl)c2)c2cnn(CC(Cl)c3ccccc3)c2n1,,-6.142667503568732,,train
CSc1nc(Nc2ccccc2)c2cnn(CC(Cl)c3ccccc3)c2n1,,-5.480172006224281,,val
CSc1nc2cc(Cl)ccc2n1C,-5.11975822410452,,,train
CSc1nc2ccc(Cl)cc2n1C,-5.1095789811990855,,,train
CSc1nc2ccccc2n1C,-5.147520006363144,,,train
C[C@@H](CC(=O)O)NC(=O)C[C@H](C)NC(=O)C[C@@H](N)CO,-7.356547323513813,,,train
C[C@@H](CO)Nc1cc2c(cc1S(=O)(=O)Nc1ccc(F)c(Cl)c1)CCC(=O)N2,-5.79317412396815,,,train
C[C@@H](CO)Oc1cc(Oc2ccc(C(=O)N(C)C)cc2)cc(C(=O)Nc2ccn(C)n2)c1,-7.769551078621726,,,train
C[C@@H](CO)Oc1cc(Oc2ccc(C(=O)N3CCC3)cc2)cc(C(=O)Nc2ccn(C)n2)c1,-7.744727494896693,,,train
C[C@@H](CO)Oc1cc(Oc2cnc(C(=O)N(C)C)nc2)cc(-c2nccc(=O)[nH]2)c1,,,-6.091514981121351,val
C[C@@H](C[C@@]1(C2CC2)NC(=O)NC1=O)C(=O)N1CCN(c2ccc(F)c(F)c2)[C@@H](C)C1,-5.013228265733756,,,train
C[C@@H](Cn1ncnn1)Nc1ncc2cc(Oc3ccc(F)cc3F)c(=O)n(C)c2n1,-4.521433504406157,,,train
C[C@@H](N)c1cc(Cl)ccc1Cn1c(=S)[nH]c(=O)c2[nH]ccc21,-4.958607314841775,,,train
C[C@@H](N)c1cc(Cl)ccc1Cn1c(=S)[nH]c(=O)c2[nH]cnc21,-5.886056647693163,,,train
C[C@@H](NC(=O)c1cc(Cl)cnc1Oc1ccc(F)cc1)c1ccc(C(=O)O)cc1,-4.596879478824183,,,train
C[C@@H](NCC(=O)N[C@@H](Cc1ccc(F)cc1)C(=O)N1CCN(C(=O)[C@H](Cc2ccc(F)cc2)NC(=O)CNC(=O)[C@@H](C)NC(=O)[C@@H](N)Cc2ccc(O)cc2)CC1)C(=O)N[C@@H](Cc1ccc(O)cc1)C(N)=O,,-8.159266765388193,,test
C[C@@H](Nc1cc(=O)n(C)c2ccc(Nc3ccnc(Cl)c3C#N)cc12)c1ncccn1,,-5.698970004336019,,train
C[C@@H](Nc1cc(F)cc(Cl)c1)c1cc(C(=O)N(C)C)cc2c(=O)cc(N3CCOCC3)oc12,-4.958607314841775,,,train
C[C@@H](Nc1cc(F)cc(F)c1)c1cc(C(=O)N(C)C)cc2c(=O)cc(N3CCOCC3)oc12,-5.096910013008056,,,train
C[C@@H](Nc1cc(F)cc(F)c1)c1cc(C(=O)N2CCC2)cc2c(=O)cc(N3CCOCC3)oc12,-5.036212172654444,,,train
C[C@@H](Nc1cc(F)cc(F)c1F)c1cc(C(=O)N(C)C)cc2c(=O)cc(N3CCOCC3)oc12,-4.795880017344075,,,train
C[C@@H](Nc1ccc(F)c(F)c1)c1cc(C(=O)N(C)C)cc2c(=O)cc(N3CCOCC3)oc12,-5.187086643357144,,,train
C[C@@H](Nc1cccc(Cl)c1F)c1cc(C(=O)N(C)C)cc2c(=O)cc(N3CCOCC3)oc12,-4.6777807052660805,,,train
C[C@@H](Nc1ncnc2[nH]c(-c3ccc(NS(C)(=O)=O)cc3)cc12)c1ccccc1,-7.522878745280337,,,train
C[C@@H](O)[C@@H]1NC(=O)[C@@H](CCCCN)NC(=O)[C@@H](Cc2c[nH]c3ccccc23)NC(=O)[C@H](Cc2ccccc2)NC(=O)[C@@H]2CCCN2C(=O)[C@@H](Cc2ccccc2)NC1=O,-6.698970004336019,,,train
C[C@@H](O)[C@@H]1NC(=O)[C@H](CCCCN)NC(=O)[C@@H](Cc2c[nH]c3ccccc23)NC(=O)[C@H](Cc2ccccc2)NC(=O)[C@@H]2CCCN2C(=O)[C@H](Cc2ccccc2)NC1=O,-6.031517051446065,,,train
C[C@@H](O)[C@H](N/C(=N/S(=O)(=O)c1ccc(Cl)cc1)N1CC(c2ccccc2)C(c2ccc(Cl)cc2)=N1)C(N)=O,,,-6.045757490560675,train
C[C@@H](O)[C@H](NC(=O)Cc1cc(Cl)cc(Cl)c1)C(=O)NCc1ccnc(C#N)n1,-4.913640169325252,,,train
C[C@@H](O)c1nc2cnc3[nH]ccc3c2n1C1CCCCC1,,,-4.638272163982407,train
C[C@@H](O)c1nc2cnc3[nH]ccc3c2n1C1CCN(CC(F)(F)F)CC1,,,-4.6020599913279625,train
C[C@@H](O)c1nc2cnc3[nH]ccc3c2n1C1CCN(CCC#N)CC1,,,-5.721246399047171,train
C[C@@H](O)c1nc2cnc3[nH]ccc3c2n1[C@@H]1CCCN(C(=O)CC#N)C1,,,-6.698970004336019,train
C[C@@H](O)c1nc2cnc3[nH]ccc3c2n1[C@@H]1CCC[C@@H](O)C1,,,-5.958607314841775,train
C[C@@H](O)c1nc2cnc3[nH]ccc3c2n1[C@H]1CCCOC1,,,-5.163397359110478,train
C[C@@H](O)c1nc2cnc3[nH]ccc3c2n1[C@H]1CC[C@@H](C#N)CC1,,,-5.376750709602099,val
C[C@@H](O)c1nc2cnc3[nH]ccc3c2n1[C@H]1CC[C@@H](NCC(F)(F)F)C1,,,-5.0,train
C[C@@H](O)c1nc2cnc3[nH]ccc3c2n1[C@H]1CC[C@H](C#N)CC1,,,-5.568636235841013,train
C[C@@H](O)c1nc2cnc3[nH]ccc3c2n1[C@H]1CC[C@H](CC#N)CC1,,,-5.455931955649724,train
C[C@@H](O)c1nc2cnc3[nH]ccc3c2n1[C@H]1CC[C@H](CCC#N)CC1,,,-5.327902142064283,train
C[C@@H](O)c1nc2cnc3[nH]ccc3c2n1[C@H]1CC[C@H](NCC(F)(F)F)C1,,,-5.0,test
C[C@@H](O)c1nc2cnc3[nH]ccc3c2n1[C@H]1CC[C@H](NCC(F)(F)F)CC1,,,-5.173925197299174,train
C[C@@H](O)c1nc2cnc3[nH]ccc3c2n1[C@H]1CC[C@H](NCC(F)F)CC1,,,-5.552841968657781,train
C[C@@H](OC(=O)Cc1ccc(Cl)c(SC2=C(O)CC(c3c(Cl)cccc3Cl)CC2=O)c1)c1ccccc1,,,-4.97469413473523,val
C[C@@H](OC(C)(C)C)[C@@H]1NC(=O)CN(C)C(=O)[C@H](CSC(c2ccccc2)(c2ccccc2)c2ccccc2)NC(=O)CN(C)C(=O)[C@H](CSC(c2ccccc2)(c2ccccc2)c2ccccc2)NC(=O)CN(C)C1=O,,-6.698970004336019,,test
C[C@@H](OC(C)(C)C)[C@@H]1NC(=O)CN(C)C(=O)[C@H](CSC(c2ccccc2)(c2ccccc2)c2ccccc2)NC(=O)CNC(=O)[C@H](CSC(c2ccccc2)(c2ccccc2)c2ccccc2)NC(=O)CN(C)C1=O,,-6.0,,train
C[C@@H](OC(C)(C)C)[C@@H]1NC(=O)CNC(=O)[C@H](CSC(c2ccccc2)(c2ccccc2)c2ccccc2)NC(=O)CNC(=O)[C@H](CSC(c2ccccc2)(c2ccccc2)c2ccccc2)NC(=O)CN(C)C1=O,,-6.221848749616356,,train
C[C@@H](Oc1c(N)ncc2c(C3=CCN(C(N)=O)CC3)coc12)c1c(Cl)ccc(F)c1Cl,,-3.444905551421681,,train
C[C@@H](Oc1cc(-c2cnn(C3CCNCC3)c2)cnc1N)c1c(Cl)ccc(F)c1Cl,-4.790484985457369,,,train
C[C@@H](Oc1cc(F)cc(F)c1)c1cc(C(=O)N(C)C)cc2c(=O)cc(N3CCOCC3)oc12,-4.508638306165727,,,train
C[C@@H](Oc1ccc(-c2cnc(N)c(-c3ccc(Cl)cc3)c2)cc1)C(=O)O,,,-5.301029995663981,train
C[C@@H](c1cc2cccnc2cc1F)n1cnc2ncc(-c3ccc(C(N)=O)c(F)c3)nc21,-4.359518563029578,,,train
C[C@@H](c1cc2cccnc2cc1F)n1cnc2ncc(-c3cnn(C)c3)nc21,-4.33161408331,,,train
C[C@@H](c1ccccc1)[C@H](NC(=O)[C@@H](N)Cc1ccccc1)C(N)=O,-5.920818753952375,,,train
C[C@@H]1CCC[C@@](O)(CNC(=O)c2c(Cl)ccc3nc(N4CCC(N(C)C)C4)ccc23)C1,,,-5.853871964321762,train
C[C@@H]1CCC[C@@](O)(CNC(=O)c2c(Cl)ccc3nc(N4CC[C@@H](C(C)(C)O)C4)ccc23)C1,,,-5.823908740944319,train
C[C@@H]1CCC[C@H](C)N1c1nnc2ccc(O[C@@H]3CC[C@H](NC(=O)Nc4cc(C(C)(C)C)nn4-c4cnn(CCN(C)C)c4)c4ccccc43)cn12,-5.721246399047171,,,train
C[C@@H]1CCN(C(=O)CC#N)C[C@@H]1N(C)c1ncnc2[nH]ccc12,,,-5.468521082957745,train
C[C@@H]1CCN(C(=O)Nc2nc3c(s2)-c2nc(C(C)(C)C)ncc2CC3)[C@@H]1C(N)=O,-5.468521082957745,,,val
C[C@@H]1CC[C@@H](Nc2nc(NC(C)(C)C)ncc2C(N)=O)C[C@H]1O,-4.657577319177793,,,train
C[C@@H]1CC[C@@H](Nc2nc(NC3(C)CC3)ncc2C(N)=O)C[C@H]1O,-4.838631997765025,,,train
C[C@@H]1CCc2ncc(F)cc2[C@H]2CCCN2c2ccn3ncc(c3n2)C(=O)N1,-5.075720713938119,,,train
C[C@@H]1CN(C(=O)OC2(C(F)(F)F)COC2)CCN1c1ncc(OCc2ccncc2C#N)cn1,-4.795880017344075,,,train
C[C@@H]1CN(C(=O)OCC(F)(F)F)CCN1c1ncc(OCc2ccncc2C#N)cn1,,,-4.721246399047171,train
C[C@@H]1CN(C(=O)c2ccnc(Nc3nc4ccc(-c5ccc(F)c(C(F)(F)F)c5)nc4[nH]3)c2)C[C@H](C)N1,-6.187086643357144,,,train
C[C@@H]1CN(C(=O)c2ccnc(Nc3nc4cnc(-c5ccc(F)c(C(F)(F)F)c5)cc4[nH]3)c2)C[C@H](C)N1C,-5.769551078621726,,,train
C[C@@H]1CN(C(=O)c2ccnc(Nc3nc4cnc(-c5ccc(F)c(C(F)(F)F)c5)cc4[nH]3)c2)C[C@H](C)N1CC1CC1,-6.853871964321762,,,train
C[C@@H]1CN(C(C)(C)/C=C(\C#N)C(=O)N2CCC[C@@H](n3nc(-c4ccc(Oc5ccccc5)cc4F)c4c(N)ncnc43)C2)C[C@H](C)N1C,-6.522878745280337,,,test
C[C@@H]1CN(C2COC2)CCN1c1ccc(Nc2cc(-c3ccnc(N4CCn5c(cc6c5CC(C)(C)C6)C4=O)c3CO)cn(C)c2=O)nc1,,,-5.10790539730952,train
C[C@@H]1CN(CCOC(=O)c2ccc3c(c2)c2nc(N4CCC[C@@H](N)C4)n(Cc4ccccc4Cl)c2c(=O)n3C)C[C@H](C)O1,,-4.7447274948966935,,train
C[C@@H]1CN(S(=O)(=O)c2ccc(NC(=O)NCc3cccnc3)cc2)C[C@H](C)O1,,,-5.508638306165728,train
C[C@@H]1CN(c2cc(=O)c3cc(C(=O)N(C)C)cc(CN(C)c4cc(F)cc(F)c4)c3o2)CCO1,-4.259637310505756,,,train
C[C@@H]1CN(c2cc(=O)c3cc(C(=O)N(C)C)cc(CN4CCOc5c(F)cc(F)cc54)c3o2)CCO1,-4.6020599913279625,,,train
C[C@@H]1CN(c2cc(=O)c3cc(C(=O)N(C)C)cc(CN4CCOc5c(F)cccc54)c3o2)CCO1,-4.552841968657781,,,train
C[C@@H]1CN(c2cc(=O)c3cc(C(=O)N4CCOCC4)cc(CN4CCOc5c(F)cc(F)cc54)c3o2)CCO1,-5.2441251443275085,,,train
C[C@@H]1CN(c2cc(=O)c3cc(C(=O)N4CCOCC4)cc(CN4CCOc5c(F)cccc54)c3o2)CCO1,-5.10790539730952,,,train
C[C@@H]1CN(c2cc(=O)c3cc(C(=O)N4CCOCC4)cc(CN4CCOc5ccc(F)cc54)c3o2)CCO1,-4.958607314841775,,,train
C[C@@H]1CN(c2cc(F)c3c(c2)N(C)C(=O)C32CCN(c3nc4c(c(=O)[nH]3)CCCN4C)CC2)C[C@H](C)O1,,-4.906578314837765,,train
C[C@@H]1CN(c2ccc(-c3n[nH]c4cnc(N5[C@H](C)CN(C(=O)N6CCCC6)C[C@@H]5C)nc34)cn2)CCN1,-6.3979400086720375,,,train
C[C@@H]1CN(c2ccc(Nc3cc(-c4ccnc(N5CCn6c(cc7c6CC(C)(C)C7)C5=O)c4CO)cn(C)c3=O)nc2)[C@@H](C)CN1C1COC1,,,-5.142667503568732,train
C[C@@H]1CN(c2cccc3c2C[C@H](CN(C)[C@H]2CCCc4cccnc42)NC3)C[C@H](C)N1,,-7.4089353929735005,,train
C[C@@H]1CN(c2cccc3c2C[C@H](CN(C)[C@H]2CCCc4cccnc42)NC3)C[C@H](C)N1C,,-6.847711655616943,,train
C[C@@H]1CN(c2nc(C(F)(F)F)no2)CCN1c1ncc(OCc2ccncc2C#N)cn1,-4.886056647693163,,,train
C[C@@H]1CN(c2ncc(C(=O)NC3C4CC5CC3CC(O)(C5)C4)c(C3CCCC3)n2)C[C@H](C)O1,,,-4.698970004336019,train
C[C@@H]1CN(c2ncc(C(=O)NC3C4CC5CC3CC(O)(C5)C4)c([C@H]3CCCO3)n2)C[C@H](C)O1,,,-4.638272163982407,train
C[C@@H]1CN(c2ncc(Cl)c(Nc3ccc4c(c3)n(CCC(C)(C)O)c(=O)n4C)n2)C[C@H](C)C1(F)F,,-4.481486060122113,,train
C[C@@H]1CN(c2nnc(C(F)(F)F)o2)CCN1c1ncc(OCc2ccncc2C#N)cn1,-4.7447274948966935,,,train
C[C@@H]1CN(c2noc(C(F)(F)F)n2)CCN1c1ncc(OCc2ccncc2C#N)cn1,-4.638272163982407,,,train
C[C@@H]1CNC[C@H](C)N1c1ccc(-c2cnc3c(-c4ccc(S(N)(=O)=O)c5ccccc45)cnn3c2)cc1,,-5.259637310505756,,train
C[C@@H]1COC(=O)N1c1cn2c(n1)-c1ccc(N3CCC[C@H]3C(N)=O)cc1OCC2,,,-5.6777807052660805,train
C[C@@H]1COCCN1c1cc(C2(S(C)(=O)=O)CC2)nc(-c2cccc3[nH]ccc23)n1,-4.569447534632606,,,val
C[C@@H]1COCCN1c1cc(C2(S(C)(=O)=O)CC2)nc(-c2cncc3[nH]ccc23)n1,-5.096910013008056,,,train
C[C@@H]1COCCN1c1cc(C2([S@](C)(=N)=O)CC2)nc(-c2cc[nH]c3nccc2-3)n1,-5.044154920623069,,,train
C[C@@H]1COCCN1c1cc(NC(=O)Cn2cc(-c3cc(Cl)c(O)c(C(N)=O)c3)c3c(=O)n(C)cnc32)c(Cl)cn1,-5.522878745280337,,,train
C[C@@H]1COCCN1c1nc(-c2c(F)ncc3[nH]ccc23)cc2c1ncn2C,-4.42021640338319,,,train
C[C@@H]1COCCN1c1nc(-c2cncc3[nH]ccc23)cc2c1ncn2C,-5.221848749616356,,,val
C[C@@H]1COCCN1c1nc(-c2cncc3[nH]ccc23)cc2c1ncn2[C@@H](C)S(C)(=O)=O,-5.698970004336019,,,train
C[C@@H]1COCCN1c1nc(-c2nncc3[nH]ccc23)cc2c1ncn2C,-5.443697499232713,,,test
C[C@@H]1C[C@H](N)C[C@H](c2ccncc2NC(=O)c2ccc(F)c(-c3c(F)cccc3F)n2)C1,-5.070581074285707,,,val
C[C@@H]1C[C@H](O)CN(c2ncc(Cl)c(Nc3ccc4c(c3)c3c(c(=O)n4C)OCC(F)(F)[C@H](C4CC4)N3)n2)C1,,-4.795880017344075,,train
C[C@@H]1C[C@H](O)C[C@H](c2ccncc2NC(=O)c2ccc(F)c(-c3c(F)cccc3F)n2)C1,-4.576754126063192,,,train
C[C@@H]1C[C@H](c2cc(=O)[nH]o2)CCN1,-6.221848749616356,,,train
C[C@@H]1C[C@H]1CNC(=O)[C@@H]1C[C@H]1[C@]12CN(c3ncccn3)C[C@H]1CSC(N)=N2,,,-5.096910013008056,val
C[C@@H]1C[C@H]1CNC(=O)[C@@H]1C[C@H]1[C@]12COC[C@H]1CSC(N)=N2,,,-4.853871964321762,test
C[C@@H]1C[C@H]1COC(C)(C)[C@@H]1C[C@H]1[C@]12CN(c3ncccn3)C[C@H]1CSC(N)=N2,,,-4.443697499232713,train
C[C@@H]1Cc2c([nH]c3cc(F)ccc23)[C@@H](c2c(F)cc(NC3CN(CCCF)C3)cc2F)N1CC(F)(F)CO,,,-5.721246399047171,train
C[C@@H]1Cc2c([nH]c3ccc(F)cc23)[C@@H](c2c(F)cc(NC3CN(CCCF)C3)cc2F)N1CC(F)(F)CO,,,-5.638272163982407,val
C[C@@H]1Cc2c([nH]c3cccc(F)c23)[C@@H](c2c(F)cc(NC3CN(CCCF)C3)cc2F)N1CC(F)(F)CO,,,-6.045757490560675,train
C[C@@H]1Cc2c([nH]c3ccccc23)[C@@H](c2c(F)cc(NC3CN(CCCF)C3)cc2F)N1CC(F)(F)CO,,,-5.522878745280337,val
C[C@@H]1Cc2c([nH]c3ccccc23)[C@@H](c2c(F)cc(OC3CN(CCCF)C3)cc2F)N1CC(C)(C)F,,,-6.3979400086720375,train
C[C@@H]1Cc2c([nH]c3ccccc23)[C@@H](c2c(F)cc(OC3CN(CCCF)C3)cc2F)N1CC(F)(F)CO,,,-5.173925197299174,val
C[C@@H]1Cc2c([nH]c3ccccc23)[C@@H](c2c(F)cc(OCCN3CC(CF)C3)cc2F)N1C(=O)C(C)(C)F,,,-6.0,train
C[C@@H]1Cc2c([nH]c3ccccc23)[C@@H](c2c(F)cc(OCCN3CC(CF)C3)cc2F)N1S(C)(=O)=O,,,-5.3979400086720375,test
C[C@@H]1Cc2c([nH]c3ccccc23)[C@@H](c2ccc(OCCN3CC(CF)C3)cc2)N1S(C)(=O)=O,,,-5.301029995663981,train
C[C@@H]1Cc2c([nH]c3ccccc23)[C@@H](c2ccc(OCCN3CC(CF)C3)cc2F)N1S(C)(=O)=O,,,-5.3979400086720375,test
C[C@@H]1Cc2c(ccc3[nH]ncc23)[C@@H](c2c(F)cc(/C=C/C(=O)O)cc2F)N1CC(C)(C)F,,,-4.958607314841775,val
C[C@@H]1Cc2c(ccc3[nH]ncc23)[C@@H](c2c(F)cc(/C=C/C(=O)O)cc2F)N1CC(C)(F)F,,,-5.0,train
C[C@@H]1Cn2ncc(-c3ccc(S(C)(=O)=O)cc3)c2CN1c1ccnc2[nH]ccc12,-5.045757490560675,,,train
C[C@@H]1Cn2ncc(C3CCN(S(C)(=O)=O)CC3)c2CN1c1cc(Cl)nc2[nH]ccc12,-4.7447274948966935,,,train
C[C@@H]1Cn2ncc(C3CCN(S(C)(=O)=O)CC3)c2CN1c1ccnc2[nH]ccc12,-5.0,,,train
C[C@@H]1NC(=O)[C@H](C)N(C)C(=O)[C@H](C)NC(=O)[C@H](C)N(C)C(=O)[C@H](C)NC(=O)[C@@H](C)NC1=O,-6.853871964321762,,,test
C[C@@H]1NC(=O)[C@H]2CCCN2C(=O)[C@H](CCCNC(=N)N)NC(=O)[C@H](CCCCN)NC(=O)[C@H](CCCCN)NC1=O,-6.192464971931146,,,train
C[C@@H]1OCC2(CCN(c3cnc4c(-c5cccc(Cl)c5Cl)n[nH]c4n3)CC2)[C@@H]1N,,,-5.045757490560675,train
C[C@@H]1OCC2(CCN(c3nc(N)c(Sc4cccc(Cl)c4Cl)c(=O)n3C)CC2)[C@@H]1N,-5.167491087293763,,,train
C[C@@H]1OCC2(CCN(c3nc(N)c(Sc4cccnc4C(F)(F)F)c(=O)n3C)CC2)[C@@H]1N,-5.991399828238083,,,train
C[C@@H]1O[C@@H](c2ccc(Cl)cc2)OC[C@H]1N,-4.924818145381309,,,train
C[C@@H]1O[C@@H](c2ccc(Cl)cc2)OC[C@H]1NC(=O)Cc1ccccc1,-4.990549104201306,,,train
C[C@@H]1O[C@@H](c2ccc([N+](=O)[O-])cc2)OC[C@H]1N,-4.886390848926972,,,train
C[C@@H]1O[C@@H](c2ccc([N+](=O)[O-])cc2)OC[C@H]1NC(=O)Cc1ccccc1,-4.982966660701219,,,train
C[C@@H]1O[C@H](/C=C/c2ccccc2)OC[C@H]1NC(=O)Cc1ccccc1,-5.055517327849832,,,train
C[C@@H]1O[C@H](c2ccc(Cl)cc2)OC[C@H]1N,-4.931072388317928,,,train
C[C@@H]1O[C@H](c2ccc(Cl)cc2)OC[C@H]1NC(=O)Cc1ccccc1,-4.993533957750769,,,train
C[C@@H]1O[C@H](c2ccc([N+](=O)[O-])cc2)OC[C@H]1N,-4.890759031411797,,,train
C[C@@H]1O[C@H](c2ccc([N+](=O)[O-])cc2)OC[C@H]1NC(=O)Cc1ccccc1,-4.986320302708807,,,train
C[C@@H]1[C@@H]2CN(c3nc(Nc4cnn(C)c4)ncc3F)C[C@]12NC(=O)[C@@H]1CC1(F)F,,,-4.769551078621726,train
C[C@@H]1[C@@H]2CN(c3nc(Nc4cnn(C)c4)ncc3F)C[C@]12NC(=O)[C@@H]1C[C@H]1C#N,,,-4.889410289700751,train
C[C@@H]1[C@@H]2CN(c3nc(Nc4cnn(C)c4)ncc3F)C[C@]12NC(=O)[C@H]1C[C@@H]1C#N,,,-4.860120913598764,train
C[C@@H]1[C@@H]2CN(c3nc(Nc4cnn(CCO)c4)ncc3F)C[C@]12NC(=O)[C@H]1C[C@@H]1C#N,,,-5.920818753952375,train
C[C@@H]1c2nnc(-c3ccccn3)n2CCN1C(=O)c1cccc(Cl)c1Cl,-4.13430394008393,,,test
C[C@@H]1c2nnc(-c3nc(C(F)(F)F)ns3)n2CCN1C(=O)c1ccc(F)cc1,-6.377785977033705,,,train
C[C@@](Cc1ccccc1)(NC(=O)[C@@H](N)Cc1ccccc1)C(N)=O,-4.690369832574102,,,train
C[C@@](NCc1ccc2ncsc2c1)(c1cn(C(CCS(C)(=O)=O)C(=O)COc2c(F)c(F)cc(F)c2F)nn1)C1CCCC1,,,-5.167491087293763,test
C[C@@](O)(CS(C)(=O)=O)C(=O)N[C@@H]1CC[C@@]2(S(=O)(=O)c3ccc(F)cc3)c3ccc(C(F)(C(F)(F)F)C(F)(F)F)cc3CC[C@@H]12,-7.1938200260161125,,,train
C[C@@](O)(CS(C)(=O)=O)C(=O)N[C@@H]1CC[C@@]2(S(=O)(=O)c3ccc(F)cc3)c3ccc(C(F)(C(F)(F)F)C(F)(F)F)nc3CC[C@@H]12,-6.958607314841775,,,train
C[C@@]1(C(=O)Nc2ccc(F)nc2)CCCN1c1nc(Nc2cc(C3CC3)n[nH]2)c2cccn2n1,,-6.197910742118268,,train
C[C@@]1(CO)Cc2cc(NC(=O)c3cnn4cccnc34)c(N3CCOCC3)cc2O1,,,-4.568636235841013,train
C[C@@]1(NC(=O)c2cc(CN3CCC(C#N)(c4ccccn4)CC3)c3ccccn3c2=O)CCCC[C@H]1O,,,-4.552841968657781,train
C[C@@]1(c2cc(-c3cncnc3)c(F)cc2F)CCSC(N)=N1,,,-4.221848749616356,train
C[C@@]1(c2cc(NC(=O)c3ccc(Br)cn3)ccc2F)CO[C@@](C)(C(F)(F)F)C(N)=N1,,-7.173925197299174,,train
C[C@@]1(c2cc(NC(=O)c3ccc(C#N)cn3)ccc2F)C=CSC(N)=N1,,,-4.522878745280337,train
C[C@@]1(c2cc(NC(=O)c3ccc(C#N)cn3)ccc2F)CCSC(N)=N1,,,-4.920818753952375,train
C[C@@]1(c2cccc(NC(=O)c3ccc(Br)cn3)c2)COCC(N)=N1,,-6.721246399047171,,train
C[C@@]1(c2cccc(NC(=O)c3ccc(Br)cn3)c2)CO[C@@](C)(C(F)(F)F)C(N)=N1,,-6.987162775294828,,train
C[C@@]1(c2nc(C(=O)NCc3ccc(F)cc3)c(O)c(=O)[nH]2)CCCN1,,-5.1938200260161125,,train
C[C@@]12Cc3[nH]nc(C(=O)Nc4cnn([C@H](c5ccccc5)C5CCS(=O)(=O)CC5)c4)c3C[C@@H]1C2,,,-5.356547323513813,train
C[C@@]12Cc3[nH]nc(C(=O)Nc4cnn([C@H](c5ccccc5)[C@H]5CCCCS5(=O)=O)c4)c3C[C@@H]1C2(F)F,,,-5.823908740944319,train
C[C@H](C(=O)O)c1nn(Cc2cn3cc(OCC4CC4)c(Cl)cc3n2)c2ccccc2c1=O,-5.2839966563652006,,,train
C[C@H](C(=O)O)n1nc(Cn2cc3cc(OCC4CC4)c(Cl)cc3n2)c2ccccc2c1=O,-6.0,,,train
C[C@H](CC(=O)N1CCC(O)(Cn2cnc(NCCN3CCCC3)cc2=O)CC1)c1ccccc1,-6.585026652029182,,,train
C[C@H](CC(=O)N1CCC(O)(Cn2cnc3c(-c4ccc(CN)cc4)n(C)nc3c2=O)CC1)c1ccccc1,-6.552841968657781,,,test
C[C@H](CC(=O)N1CCC(O)(Cn2cnc3c(-c4ccc(CO)cc4)n(C)nc3c2=O)CC1)c1ccccc1,-6.823908740944319,,,train
C[C@H](CC(=O)N1CCC(O)(Cn2cnc3c(-c4ccccc4)n(C)nc3c2=O)CC1)c1ccccc1,-5.714442690992226,,,train
C[C@H](CCC(=O)OCCOCCOCCN=[N+]=[N-])[C@H]1CC[C@H]2[C@@H]3CC[C@@H]4C[C@H](OC(=O)[C@H](CC(=O)O)Nc5ccc([N+](=O)[O-])c6nonc56)CC[C@]4(C)[C@H]3CC[C@]12C,,-5.443697499232713,,train
C[C@H](CCC(=O)OCCOCCOCCOCCN=[N+]=[N-])[C@H]1CC[C@H]2[C@@H]3CC[C@@H]4C[C@H](OC(=O)[C@H](CC(=O)O)Nc5ccc([N+](=O)[O-])c6nonc56)CC[C@]4(C)[C@H]3CC[C@]12C,,-5.045757490560675,,train
C[C@H](CN(C)C)Oc1nc(Nc2cc3cccc(Cl)c3cn2)cnc1C#N,-5.853871964321762,,,train
C[C@H](CN1CCOCC1)n1/c(=N\C(N)=O)[nH]c2cc(/C=C3\c4ccccc4COc4cc(F)ccc43)ccc21,,,-7.0,test
C[C@H](CN[C@@H](C(=O)Nc1ccc(-c2cnn(C)c2)cn1)c1ccccc1)c1ccc(C#N)cc1,,-7.924453038607469,,train
C[C@H](CO)CONC(=O)c1ncc2cncn2c1Nc1ccc(I)cc1F,,,-5.102372908709558,train
C[C@H](CO)Nc1cc(NS(=O)(=O)N(C)C)nc(SCc2cccc(Cl)c2F)n1,-5.1938200260161125,,,val
C[C@H](CO)Nc1cc(NS(=O)(=O)N2CCC2)nc(SCc2cccc(F)c2F)n1,-4.995678626217358,,,test
C[C@H](CO)Nc1cc(NS(=O)(=O)N2CCCC2)nc(SCc2cccc(F)c2F)n1,-5.1249387366083,,,train
C[C@H](CO)Nc1cc(NS(=O)(=O)N2CCNCC2)nc(SCc2cccc(Cl)c2F)n1,-7.0,,,train
C[C@H](CO)Nc1cc(NS(=O)(=O)N2CCOCC2)nc(SCc2cccc(Cl)c2F)n1,-5.267606240177032,,,train
C[C@H](CO)Nc1cc(NS(=O)(=O)N2CCOCC2)nc(SCc2cccc(F)c2F)n1,-5.154901959985743,,,train
C[C@H](CO)Nc1cc(NS(=O)(=O)c2cn(C)cn2)nc(SCc2cccc(Cl)c2F)n1,-5.853871964321762,,,train
C[C@H](CS(C)(=O)=O)Nc1ncc2cc(Oc3ccc(F)cc3F)c(=O)n(C)c2n1,-4.869666231504994,,,train
C[C@H](F)Cn1ccc2nc(Nc3cnn(C4CC5(C4)CN(C)C5)c3)nc(NC3(C)CC3)c2c1=O,-4.769551078621726,,,train
C[C@H](N(Cc1ccc(F)cc1)C(=O)CN1C(=O)N[C@]2(CC(=O)c3cc(-c4cnn(C)c4)ccc32)C1=O)C(F)(F)F,,-5.6020599913279625,,val
C[C@H](N(Cc1ccc(F)cc1)C(=O)CN1C(=O)N[C@]2(CCc3cc(-c4cnn(C)c4)ccc32)C1=O)C(F)(F)F,,-5.455931955649724,,train
C[C@H](N(Cc1ccc(F)cc1)C(=O)CN1C(=O)N[C@]2(CS(=O)(=O)c3cc(-c4cnn(C)c4)ccc32)C1=O)C(F)(F)F,,-5.6777807052660805,,train
C[C@H](N(Cc1ccc(F)cc1)C(=O)CN1C(=O)N[C@]2(C[C@@H](F)c3cc(-c4cnn(C)c4)ccc32)C1=O)C(F)(F)F,,-5.591760034688151,,test
C[C@H](N(Cc1ccc(F)cc1)C(=O)CN1C(=O)N[C@]2(C[C@@H](F)c3cc(-c4cnn(CC(=O)N(C)C)c4)ccc32)C1=O)C(F)(F)F,,-6.0,,train
C[C@H](N(Cc1ccc(F)cc1)C(=O)CN1C(=O)N[C@]2(C[C@@H](F)c3cc(-c4cnn(CCO)c4)ccc32)C1=O)C(F)(F)F,,-6.060480747381382,,val
C[C@H](N(Cc1ccc(F)cc1)C(=O)CN1C(=O)N[C@]2(C[C@@H](O)c3cc(-c4cnn(C)c4)ccc32)C1=O)C(F)(F)F,,-6.2441251443275085,,val
C[C@H](N)C(=S)N[C@@H](COC(=O)CC1(CN)CCCCC1)C(=O)O,-6.221848749616356,,,train
C[C@H](N)C1(O)CN(C(=O)c2ccc(F)c(F)c2Nc2ccc(I)cc2F)C1,,,-7.00436480540245,train
C[C@H](N)CC(=O)N[C@@H](CCCCN)CC(=O)N[C@H](CC(=O)O)Cc1ccccc1,-7.309803919971486,,,train
C[C@H](N)CC(=O)N[C@@H](CCCCN)CC(=O)O,-7.431798275933005,,,train
C[C@H](N)[C@@H]1CCN(c2c(F)cc3cc(C(=O)O)c(=O)n4c3c2OC[C@@H]4C)C1,-5.568636235841013,,,train
C[C@H](N)c1cc(Cl)ccc1Cn1c(=S)[nH]c(=O)c2[nH]ccc21,-5.0,,,test
C[C@H](N/C(=N\S(=O)(=O)c1ccc(Cl)cc1)N1CC(c2ccccc2)C(c2ccc(Cl)cc2)=N1)C(N)=O,,,-5.61261017366127,train
C[C@H](NC(=O)C(=O)NCC1(c2ccccc2)CC1)C(=O)N[C@@H](CC(=O)O)C(=O)COc1c(F)c(F)cc(F)c1F,,-5.431798275933005,,train
C[C@H](NC(=O)C(=O)NCC1CCCCC1)C(=O)N[C@@H](CC(=O)O)C(=O)COc1c(F)c(F)cc(F)c1F,,-5.508638306165728,,train
C[C@H](NC(=O)C(=O)NCCC1CCCC1)C(=O)N[C@@H](CC(=O)O)C(=O)COc1c(F)c(F)cc(F)c1F,,-5.4089353929735005,,train
C[C@H](NC(=O)C(=O)NCCc1ccccc1)C(=O)N[C@@H](CC(=O)O)C(=O)COc1c(F)c(F)cc(F)c1F,,-6.0,,train
C[C@H](NC(=O)C(=O)NCc1c(Cl)cccc1Cl)C(=O)N[C@@H](CC(=O)O)C(=O)COc1c(F)c(F)cc(F)c1F,,-5.337242168318426,,train
C[C@H](NC(=O)C(=O)NCc1cc(Cl)cc(Cl)c1)C(=O)N[C@@H](CC(=O)O)C(=O)COc1c(F)c(F)cc(F)c1F,,-5.585026652029182,,train
C[C@H](NC(=O)C(=O)NCc1cc(Cl)ccc1Cl)C(=O)N[C@@H](CC(=O)O)C(=O)COc1c(F)c(F)cc(F)c1F,,-5.494850021680094,,train
C[C@H](NC(=O)C(=O)NCc1cc(F)cc(F)c1)C(=O)N[C@@H](CC(=O)O)C(=O)COc1c(F)c(F)cc(F)c1F,,-6.522878745280337,,train
C[C@H](NC(=O)C(=O)NCc1ccc(Cl)cc1)C(=O)N[C@@H](CC(=O)O)C(=O)COc1c(F)c(F)cc(F)c1F,,-5.769551078621726,,test
C[C@H](NC(=O)C(=O)NCc1ccc(Cl)cc1Cl)C(=O)N[C@@H](CC(=O)O)C(=O)COc1c(F)c(F)cc(F)c1F,,-5.568636235841013,,train
C[C@H](NC(=O)C(=O)NCc1ccc(F)cc1)C(=O)N[C@@H](CC(=O)O)C(=O)COc1c(F)c(F)cc(F)c1F,,-6.3979400086720375,,test
C[C@H](NC(=O)C(=O)NCc1cccc(Cl)c1Cl)C(=O)N[C@@H](CC(=O)O)C(=O)COc1c(F)c(F)cc(F)c1F,,-5.508638306165728,,train
C[C@H](NC(=O)C(=O)NCc1cccc(F)c1)C(=O)N[C@@H](CC(=O)O)C(=O)COc1c(F)c(F)cc(F)c1F,,-6.522878745280337,,train
C[C@H](NC(=O)C(=O)NCc1ccccc1F)C(=O)N[C@@H](CC(=O)O)C(=O)COc1c(F)c(F)cc(F)c1F,,-6.522878745280337,,train
C[C@H](NC(=O)C(=O)Nc1c(F)cccc1F)C(=O)N[C@@H](CC(=O)O)C(=O)COc1c(F)c(F)cc(F)c1F,,-6.045757490560675,,train
C[C@H](NC(=O)O[C@H](Cn1ccc(-c2ccc(C(F)(F)F)cc2)n1)C(C)(C)C)C(=O)CNS(=O)(=O)c1ccccn1,,,-6.522878745280337,train
C[C@H](NC(=O)[C@@H](CC(=O)N1CCC(N2CCCCC2)CC1)N1C(=O)[C@@H](N2C(=O)OC[C@@H]2c2ccccc2)[C@H]1/C=C/c1ccccc1)c1ccccc1,-5.327902142064283,,,train
C[C@H](NC(=O)[C@@H](N)Cc1ccccc1)C(N)=S,-5.522878745280337,,,test
C[C@H](NC(=O)[C@H](C)N/C(=N\S(=O)(=O)c1ccc(Cl)cc1)N1CC(c2ccccc2)C(c2ccc(Cl)cc2)=N1)C(N)=O,,,-6.522878745280337,test
C[C@H](NC(=O)c1cc(Cl)ccc1Oc1ccc(F)cc1)c1ccc(C(=O)O)cc1,-4.489454989793388,,,train
C[C@H](NC(=O)c1cc(Cl)ccc1Oc1cccc(F)c1)c1ccc(C(=O)O)cc1,-4.377785977033705,,,train
C[C@H](NC(=O)c1cc(Cl)cnc1Oc1ccc(F)cc1)c1ccc(C(=O)O)cc1,-4.518557371497695,,,train
C[C@H](NC(=O)c1cc(Cl)cnc1Oc1cccc(C#N)c1)c1ccc(C(=O)O)cc1,-6.191114132640188,,,train
C[C@H](NC(=O)c1cc(Cl)cnc1Oc1cccc(F)c1)c1ccc(C(=O)O)cc1,-4.696803942579511,,,train
C[C@H](NC(=O)c1cc(F)cnc1Oc1ccc(F)cc1)c1ccc(C(=O)O)cc1,-4.519993057042849,,,train
C[C@H](NC(=O)c1ccc(N2C3CCC2CC(NC(=O)c2ccc(C(N)=O)c(NC4CCC4)c2)C3)nc1)c1ccc(N2CCN(C)CC2)cc1,,,-8.337242168318426,train
C[C@H](NC(=O)c1ccc(N2C3CCC2CC(NC(=O)c2ccc(C(N)=O)c(NCC4CC4)c2)C3)nc1)c1ccc(N2CCN(C)CC2)cc1,,,-8.823908740944319,test
C[C@H](NC(=O)c1ccc(N2C3CCC2CC(NC(=O)c2ccc(C(N)=O)c(Nc4ccccc4)c2)C3)nc1)c1ccc(N2CCN(C)CC2)cc1,,,-8.494850021680094,test
C[C@H](NC(=O)c1cnn2cccnc12)c1cc2cc(Cl)cc(C(=O)O)c2o1,,-8.221848749616356,,train
C[C@H](NP(=O)(OC[C@H]1O[C@@H](n2ccc(=O)[nH]c2=O)[C@](C)(F)[C@@H]1O)Oc1ccc(F)cc1)C(=O)OC1CCCCC1,,-8.311580177997289,,train
C[C@H](NP(=O)(OC[C@H]1O[C@@H](n2ccc3c(-c4cccs4)ncnc32)[C@H](O)[C@@H]1O)Oc1ccccc1)C(=O)OCc1ccccc1,-5.958607314841775,,,train
C[C@H](NP(=O)(OC[C@H]1O[C@@](C#N)(c2ccc3c(N)ncnn23)[C@](C)(O)[C@@H]1O)Oc1ccccc1)C(=O)OC(C)(C)C,-6.173925197299174,,,train
C[C@H](NP(=O)(OC[C@H]1O[C@@](C#N)(c2ccc3c(N)ncnn23)[C@](C)(O)[C@@H]1O)Oc1ccccc1)C(=O)OC1CCCC1,-6.431798275933005,,,val
C[C@H](NP(=O)(OC[C@H]1O[C@@](C#N)(c2ccc3c(N)ncnn23)[C@](C)(O)[C@@H]1O)Oc1ccccc1)C(=O)OCC(C)(C)C,-6.161150909262744,,,train
C[C@H](NP(=O)(OC[C@H]1O[C@@](C#N)(c2ccc3c(N)ncnn23)[C@](C)(O)[C@@H]1O)Oc1ccccc1)C(=O)OCc1ccccc1,-5.474955192963154,,,train
C[C@H](Nc1c(C(N)=O)nnc2ccc(-c3ccc(OCCCN(C)C)nc3)cc12)C1CCOCC1,-5.6020599913279625,,,train
C[C@H](Nc1ccc2c(c1)OCCn1cc(N3C(=O)OC[C@H]3C(F)(F)F)nc1-2)C(N)=O,,,-6.0,train
C[C@H](Nc1ccc2c(c1)OCCn1cc(N3C(=O)OC[C@H]3C(F)F)nc1-2)C(N)=O,,,-5.721246399047171,train
C[C@H](Nc1nc(N)nc(N)c1Cl)c1nc2c(Cl)cc(F)cc2c(=O)n1-c1cc[nH]n1,-5.2441251443275085,,,train
C[C@H](Nc1nc(N)nc(N)c1Cl)c1nc2cccc(Cl)c2c(=O)n1-c1cc[nH]n1,-5.958607314841775,,,test
C[C@H](Nc1nccc(Nc2cc(C3CC3)[nH]n2)n1)c1cc2cc[nH]c2cn1,,,-6.045757490560675,train
C[C@H](Nc1nccc(Nc2cc(C3CC3)[nH]n2)n1)c1ccc2[nH]ccc2c1,,,-5.698970004336019,test
C[C@H](Nc1nccc(Nc2cc(C3CC3)[nH]n2)n1)c1ccc2[nH]ccc2n1,,,-5.366531544420414,train
C[C@H](Nc1nccc(Nc2cc(C3CC3)[nH]n2)n1)c1ccc2[nH]cnc2c1,,,-6.045757490560675,train
C[C@H](Nc1nccc(Nc2cc(C3CC3)[nH]n2)n1)c1nc2cc[nH]c2cc1F,,,-5.080921907623926,train
C[C@H](Nc1nccc(Nc2cc([C@@H]3C[C@H]3F)[nH]n2)n1)c1ccc2[nH]ccc2n1,,,-5.376750709602099,train
C[C@H](Nc1nccc(Nc2cc([C@H]3C[C@@H]3F)[nH]n2)n1)c1ccc2[nH]ccc2n1,,,-5.431798275933005,train
C[C@H](O)CN1C(=O)c2c3c(c(O)c(=O)n2[C@@]12CC[C@H]1C[C@H]12)C(=O)N(Cc1ccc(F)c(Cl)c1)CC3,,,-4.6401645176601125,train
C[C@H](O)[C@H](NC(=O)c1cc2ccccc2cn1)C(=O)OCc1ccccc1,-4.730253626869233,,,train
C[C@H](Oc1cc2cc(C(N)=O)ccc2nc1N)c1cc2[nH]ncc2cc1-n1cccn1,,,-5.853871964321762,train
C[C@H](Oc1cc2cc(F)cc(F)c2nc1N)c1cc(C(=O)O)ccc1-n1cccn1,,,-5.522878745280337,test
C[C@H](Oc1cc2cc(F)ccc2nc1N)c1[nH]c(=O)ccc1-n1cccn1,,,-4.698970004336019,train
C[C@H](Oc1ccc(-c2cnc(N)c(-c3ccc(Cl)cc3)c2)cc1)C(=O)O,,,-5.301029995663981,train
C[C@H](Oc1ccc(S(C)(=O)=O)cc1C(=O)N1Cc2cc(C(F)(F)F)cnc2C1)C(F)(F)F,,-5.301029995663981,,train
C[C@H](Oc1ccc(S(C)(=O)=O)cc1C(=O)N1Cc2ccc(-c3ccccc3)cc2C1)C(F)(F)F,,-5.585026652029182,,train
C[C@H](Oc1ccc(S(C)(=O)=O)cc1C(=O)N1Cc2ccc(-c3ccccn3)cc2C1)C(F)(F)F,,-6.096910013008056,,val
C[C@H](Oc1ccc(S(C)(=O)=O)cc1C(=O)N1Cc2ccc(-c3ccncc3)cc2C1)C(F)(F)F,,-5.376750709602099,,train
C[C@H](Oc1ccc(S(C)(=O)=O)cc1C(=O)N1Cc2ccc(C(F)(F)F)cc2C1)C(F)(F)F,,-6.154901959985743,,train
C[C@H](Oc1ccc(S(C)(=O)=O)cc1C(=O)N1Cc2ccc(C(F)(F)F)nc2C1)C(F)(F)F,,-5.259637310505756,,train
C[C@H](Oc1ccc(S(C)(=O)=O)cc1C(=O)N1Cc2ccc(C3CCCCO3)cc2C1)C(F)(F)F,,-6.045757490560675,,train
C[C@H](Oc1ccc(S(C)(=O)=O)cc1C(=O)N1Cc2ccc(C3CCOCC3)cc2C1)C(F)(F)F,,-5.481486060122113,,train
C[C@H](Oc1ccc(S(C)(=O)=O)cc1C(=O)N1Cc2ccc(Cl)cc2C1)C(F)(F)F,,-5.356547323513813,,train
C[C@H](Oc1ccc(S(C)(=O)=O)cc1C(=O)N1Cc2ccc(N3CCCC3)cc2C1)C(F)(F)F,,-6.096910013008056,,val
C[C@H](Oc1ccc(S(C)(=O)=O)cc1C(=O)N1Cc2ccc(N3CCN(C)CC3)cc2C1)C(F)(F)F,,-5.823908740944319,,train
C[C@H](Oc1ccc(S(C)(=O)=O)cc1C(=O)N1Cc2ccc(N3CCOCC3)cc2C1)C(F)(F)F,,-5.366531544420414,,train
C[C@H](Oc1ccc(S(C)(=O)=O)cc1C(=O)N1Cc2cccc(C#N)c2C1)C(F)(F)F,,-6.096910013008056,,train
C[C@H](Oc1ccc(S(C)(=O)=O)cc1C(=O)N1Cc2ccccc2C1)C(F)(F)F,,-6.096910013008056,,train
C[C@H](Oc1ccc(S(C)(=O)=O)cc1C(=O)N1Cc2cnc(C(F)(F)F)cc2C1)C(F)(F)F,,-5.4089353929735005,,train
C[C@H](Oc1ccc2c(c1)OCCn1cc(-c3nc(CO)nn3CC(F)(F)F)nc1-2)C(N)=O,,,-5.823908740944319,train
C[C@H]([C@@H](O)c1ccccc1)n1cnc2c(c(-c3ccccc3)c(-c3ccccc3)n2Cc2ccccc2)c1=N,,-3.217527375833714,,test
C[C@H](c1cc(C(=O)N(C)C)cc2c(=O)cc(N3CCOCC3)oc12)N(C)c1cc(F)cc(F)c1,-4.376750709602099,,,train
C[C@H](c1cc(C(=O)N(C)CCO)cc2c(=O)cc(N3CCOCC3)oc12)N(C)c1cc(F)cc(F)c1,-5.154901959985743,,,train
C[C@H](c1cc(C(=O)N2CCC(O)CC2)cc2c(=O)cc(N3CCOCC3)oc12)N(C)c1cc(F)cc(F)c1,-5.337242168318426,,,test
C[C@H](c1ccc(Cl)cc1)N1C(=O)c2cc(I)ccc2N(CCCCC(=O)O)C(=O)[C@@H]1c1ccc(C(F)(F)F)cc1,-4.987162775294828,,,train
C[C@H](c1ccc(Cl)cc1)N1C(=O)c2cc(I)ccc2N(CCCCC(=O)O)C(=O)[C@@H]1c1ccc(Cl)cc1,-5.13430394008393,,,train
C[C@H](c1ccccc1)[C@@H](NC(=O)[C@@H](N)Cc1ccccc1)C(N)=O,-5.356547323513813,,,train
C[C@H](c1nc2cnc(N3CCC[C@@H](C(=O)N4CCCC4)C3)nc2[nH]1)n1cc(Cl)cn1,,,-4.619788758288394,train
C[C@H]1CCCCN1c1nnc2ccc(O[C@@H]3CC[C@H](NC(=O)Nc4cc(C(C)(C)C)nn4-c4cccc(OCCN(C)C)c4)c4ccccc43)cn12,-5.853871964321762,,,train
C[C@H]1CCCCN1c1nnc2ccc(O[C@@H]3CC[C@H](NC(=O)Nc4cc(C(C)(C)C)nn4-c4cnn(CCN(C)C)c4)c4ccccc43)cn12,-5.920818753952375,,,train
C[C@H]1CCC[C@@](O)(CNC(=O)c2c(Cl)ccc3nc(N4CC[C@@H](F)C4)ccc23)C1,,,-5.050609993355088,train
C[C@H]1CCN1c1nc(N2C[C@@H]3[C@@H](CC(=O)O)[C@@H]3C2)cc(C(F)(F)F)n1,,,-4.6020599913279625,train
C[C@H]1CC[C@H](C(=O)N[C@@H](Cc2ccccc2)c2nc(-c3ccc4c(N)n[nH]c4c3)c(Cl)[nH]2)CC1,,-8.337242168318426,,val
C[C@H]1CN(C(=O)CC[C@@]2(C)NC(=O)NC2=O)CCN1c1ccc(Cl)c(Cl)c1,-5.214670164989233,,,test
C[C@H]1CN(C(=O)CC[C@@]2(C3CC3)NC(=O)NC2=O)CCN1c1cc(F)cc(F)c1,-5.055517327849832,,,train
C[C@H]1CN(C)CCN1c1cc(NC(=O)Cn2cc(-c3cc(C(N)=O)c(O)c(Cl)c3F)c3c(=O)n(C)cnc32)c(Cl)c(F)n1,-5.070581074285707,,,train
C[C@H]1CN(C)CCN1c1cc(NC(=O)Cn2cc(-c3cc(C(N)=O)c(O)c(Cl)c3F)c3c(=O)n(C)cnc32)c(Cl)cn1,-5.6020599913279625,,,train
C[C@H]1CN(C)CCN1c1cc(NC(=O)Cn2cc(-c3cc(C(N)=O)c(O)c(F)c3F)c3c(=O)n(C)c(C(F)(F)F)nc32)c(Cl)cn1,-4.6777807052660805,,,train
C[C@H]1CN(C)CCN1c1cc(NC(=O)Cn2cc(-c3cc(C(N)=O)c(O)c(F)c3F)c3c(=O)n(C)cnc32)c(Cl)c(F)n1,-5.481486060122113,,,train
C[C@H]1CN(C)CCN1c1cc(NC(=O)Cn2cc(-c3cc(C(N)=O)c(O)c(F)c3F)c3c(=O)n(C)cnc32)c(Cl)cn1,-6.0,,,train
C[C@H]1CN(C)CCN1c1cc(NC(=O)Cn2cc(-c3cc(C(N)=O)c(O)c(F)c3F)c3c(=O)n4c(nc32)CCC4)c(Cl)c(F)n1,-5.096910013008056,,,train
C[C@H]1CN(C)CCN1c1cc(NC(=O)Cn2cc(-c3cc(C(N)=O)c(O)c(F)c3F)c3c(=O)n4c(nc32)CCCC4)c(Cl)c(F)n1,-4.853871964321762,,,val
C[C@H]1CN(C)CCN1c1cc(NC(=O)Cn2cc(-c3cc(C(N)=O)c(O)c(F)c3F)c3c(=O)n4c(nc32)CCCCC4)c(Cl)c(F)n1,-4.795880017344075,,,train
C[C@H]1CN(C)CCN1c1cc(NC(=O)Cn2cc(-c3cc(C(N)=O)c(O)c4c3OCO4)c3c(=O)n(C)cnc32)c(Cl)c(F)n1,-5.537602002101044,,,train
C[C@H]1CN(C)CCN1c1cc(NC(=O)Cn2cc(-c3cc(C(N)=O)c(O)c4c3OCO4)c3c(=O)n4c(nc32)CCC4)c(Cl)c(F)n1,-5.229147988357856,,,train
C[C@H]1CN(C)CCN1c1cc(NC(=O)Cn2cc(-c3cc(C(N)=O)c(O)cc3F)c3c(=O)n(C)cnc32)c(Cl)cn1,-5.275724130399211,,,train
C[C@H]1CN(C)CCN1c1cc(NC(=O)Cn2cc(-c3cc(Cl)c(O)c(C(N)=O)c3)c3c(=O)n(C)cnc32)c(Cl)c(F)n1,-5.657577319177793,,,train
C[C@H]1CN(C)CCN1c1cc(NC(=O)Cn2cc(-c3cc(Cl)c(O)c(C(N)=O)c3)c3c(=O)n(C)cnc32)c(Cl)cn1,-6.0,,,train
C[C@H]1CN(C)CCN1c1cc(NC(=O)Cn2cc(-c3cc(F)c(O)c(C(N)=O)c3)c3c(=O)n(C)cnc32)c(Cl)c(F)n1,-5.853871964321762,,,train
C[C@H]1CN(C)CCN1c1cc(NC(=O)Cn2cc(-c3cc(F)c(O)c(C(N)=O)c3)c3c(=O)n(C)cnc32)c(Cl)cn1,-6.301029995663981,,,train
C[C@H]1CN(C)CCN1c1cc(NC(=O)Cn2cc(-c3cc(F)c(O)c(C(N)=O)c3F)c3c(=O)n(C)cnc32)c(Cl)c(F)n1,-5.552841968657781,,,train
C[C@H]1CN(C)C[C@H](C)N1c1cc(NC(=O)Cn2cc(-c3cc(C(N)=O)c(O)c(F)c3F)c3c(=O)n(C)cnc32)c(Cl)cn1,-6.0,,,test
C[C@H]1CN(C2COC2)CCN1c1cc(NC(=O)Cn2cc(-c3cc(C(N)=O)c(O)c(F)c3F)c3c(=O)n(C)cnc32)c(Cl)cn1,-6.301029995663981,,,train
C[C@H]1CN(C2COC2)CCN1c1ccc(Nc2cc(-c3ccnc(N4CCn5c(cc6c5CC(C)(C)C6)C4=O)c3CO)cn(C)c2=O)nc1,,,-4.82102305270683,train
C[C@H]1CN(C2COC2)CCN1c1ccc(Nc2cc(-c3ccnc(N4CCn5c(cc6c5CC(C)(C)C6)C4=O)c3CO)nn(C)c2=O)nc1,,,-4.761953896871205,train
C[C@H]1CN(C2COC2)CCN1c1cnc(Nc2cc(-c3ccnc(N4CCn5c(cc6c5CC(C)(C)C6)C4=O)c3CO)cn(C)c2=O)cn1,,,-4.806875401645539,train
C[C@H]1CN(c2cc(=O)c3cc(C(=O)N(C)C)cc([C@@H](C)Nc4cc(F)cc(F)c4)c3o2)CCO1,-4.853871964321762,,,train
C[C@H]1CN(c2cccc3nc(-c4nc(-c5cc(C(=O)N(C)C)ccn5)cnc4N)n(C)c23)CCN1,-5.301029995663981,,,train
C[C@H]1CN(c2cccc3nc(-c4nc(-c5cccc(C(=O)N(C)C)c5)cnc4N)n(C)c23)CCN1,-5.236572006437063,,,train
C[C@H]1CN(c2ccncc2NC(=O)c2ccc(F)c(-c3c(F)cccc3F)n2)C[C@@H](N)[C@@H]1O,-5.086186147616283,,,train
C[C@H]1CNC(=O)c2cnn3ccc(nc23)N[C@H](C)c2cc(F)ccc2O1,-6.045757490560675,,,train
C[C@H]1COCCN1c1cc(NC(=O)Cn2cc(-c3cc(Cl)c(O)c(C(N)=O)c3)c3c(=O)n(C)cnc32)c(Cl)cn1,-5.443697499232713,,,train
C[C@H]1COCCN1c1cc(NC(=O)Cn2cc(-c3ccc(O)c(C(N)=O)c3)c3c(=O)n(C)cnc32)c(Cl)cn1,-5.443697499232713,,,train
C[C@H]1COCCN1c1nc(-c2cnc(N)nc2)c2c(n1)N([C@@]1(C)CCN(C(=O)C(C)(C)N)C1)CC2,,,-5.292429823902063,train
C[C@H]1COc2c(N3CC[C@@H](C4(N)CC4)C3)c(F)cc3cc(C(=O)O)c(=O)n1c23,-4.698970004336019,,,train
C[C@H]1C[C@@H](N)C2(CCN(c3nc(N)c(Sc4cccnc4C(F)(F)F)c(=O)n3C)CC2)C1,-6.301029995663981,,,train
C[C@H]1C[C@@H](O)CN(c2ncc(Cl)c(Nc3ccc4c(c3)c3c(c(=O)n4C)OCC(F)(F)[C@H](C4CC4)N3)n2)C1,,-4.619788758288394,,train
C[C@H]1C[C@@H](O)CN(c2ncc(Cl)c(Nc3ccc4c(c3)n(CCC(C)(C)O)c(=O)n4C)n2)C1,,-4.638272163982407,,test
C[C@H]1C[C@@H](c2ccncc2NC(=O)c2ccc(F)c(-c3c(F)cccc3F)n2)C[C@@H](O)[C@@H]1O,-4.540607512240769,,,train
C[C@H]1C[C@@H](c2ccncc2NC(=O)c2ccc(F)c(-c3c(F)cccc3F)n2)C[C@@H](O)[C@]1(C)O,-4.559090917934783,,,train
C[C@H]1C[C@@H](c2ccncc2NC(=O)c2ccnc(-c3c(F)cccc3F)n2)C[C@@H](O)[C@]1(C)O,-4.872895201635193,,,val
C[C@H]1C[C@@H](c2ccncc2NC(=O)c2csc(-c3c(F)cccc3F)n2)C[C@@H](O)[C@]1(C)O,-4.795880017344075,,,test
C[C@H]1C[C@@H](c2ccncc2NC(=O)c2nc(-c3c(F)cccc3F)ccc2N)C[C@@H](O)[C@]1(C)O,-4.628932137728264,,,train
C[C@H]1C[C@@H](c2ccncc2NC(=O)c2nc(-c3c(F)cccc3F)ncc2N)C[C@@H](O)[C@@]1(O)CF,-4.552841968657781,,,train
C[C@H]1C[C@@H](c2ccncc2NC(=O)c2nc(-c3c(F)cccc3F)ncc2N)C[C@@H](O)[C@]1(C)O,-4.995678626217358,,,train
C[C@H]1C[C@@H](c2ccncc2NC(=O)c2nc(-c3c(F)cccc3F)sc2N)C[C@@H](O)[C@]1(C)O,-4.55129368009492,,,train
C[C@H]1C[C@@H](c2ccncc2NC(=O)c2nc(-c3ncccc3F)ccc2N)C[C@@H](O)[C@@]1(O)CF,-4.835647144215563,,,train
C[C@H]1C[C@@H](c2ccncc2NC(=O)c2nc(-c3ncccc3F)ccc2N)C[C@@H](O)[C@]1(C)O,-5.180456064458132,,,train
C[C@H]1C[C@@H]1n1c(=O)c2cc(F)ccc2n2c(=S)[nH]nc12,,-3.72584215073632,,train
C[C@H]1C[C@@H]2[C@H]([C@@H](O)C[C@@]3(C)[C@H]2CC[C@]3(O)C(=O)CO)[C@@]2(C)C=CC(=O)C=C12,-5.070581074285707,,,test
C[C@H]1C[C@H](C(=O)O)CC[C@H]1NN1CC[C@@]2(S(=O)(=O)c3ccc(F)cc3)c3ccc(C(F)(C(F)(F)F)C(F)(F)F)cc3CC[C@@H]12,-6.619788758288394,,,train
C[C@H]1C[C@H]2CSC(N)=N[C@@]2(c2cc(C#N)ccc2F)CO1,,,-4.537602002101044,train
C[C@H]1Cn2c(nnc2-c2cc[nH]n2)C(=O)N1Cc1cccc(C(F)(F)F)c1Cl,-5.267606240177032,,,train
C[C@H]1Cn2c(nnc2-c2ccc(F)cc2)CN1C(=O)c1cccc(C(F)(F)F)c1Cl,-4.428291168191312,,,val
C[C@H]1Cn2c(nnc2-c2ccc(F)cc2)CN1C(=O)c1cccc(Cl)c1Cl,-4.363512103646634,,,val
C[C@H]1Cn2c(nnc2-c2cccnc2)C(=O)N1Cc1cccc(C(F)(F)F)c1Cl,-5.2076083105017466,,,train
C[C@H]1Cn2c(nnc2-c2cnccn2)C(=O)N1Cc1cccc(C(F)(F)F)c1Cl,-4.327902142064283,,,val
C[C@H]1Cn2c(nnc2-c2ncccn2)C(=O)N1Cc1cccc(C(F)(F)F)c1Cl,-5.356547323513813,,,train
C[C@H]1Cn2c(nnc2C(C)(C)C)CN1C(=O)c1cccc(C(F)(F)c2n[nH]c(=O)c3ccccc23)c1,-5.2076083105017466,,,train
C[C@H]1Cn2c(nnc2C(C)(C)F)CN1C(=O)c1cccc(C(F)(F)c2n[nH]c(=O)c3ccccc23)c1,-5.075720713938119,,,test
C[C@H]1Cn2c(nnc2C(C)(F)F)CN1C(=O)c1cccc(C(F)(F)c2n[nH]c(=O)c3ccccc23)c1,-4.732828271596986,,,train
C[C@H]1Cn2c(nnc2C(F)(F)F)CN1C(=O)c1cccc(C(F)(F)c2n[nH]c(=O)c3ccccc23)c1,-5.031517051446065,,,test
C[C@H]1Cn2c(nnc2C2CCC2)CN1C(=O)c1cccc(C(F)(F)c2n[nH]c(=O)c3ccccc23)c1,-5.318758762624413,,,train
C[C@H]1OC(=O)[C@]2(N)CC(F)(F)[C@@H](C)[C@H](/C=C/c3ccc(-c4ccccc4C#N)cn3)[C@H]12,,,-4.416801226031377,train
C[C@H]1O[C@@H](O[C@H]2[C@@H](O)C[C@H](O[C@H]3[C@@H](O)C[C@H](O[C@H]4CC[C@@]5(C)[C@H](CC[C@@H]6[C@@H]5C[C@@H](O)[C@]5(C)[C@@H](C7=CC(=O)OC7)CC[C@]65O)C4)O[C@@H]3C)O[C@@H]2C)C[C@H](O)[C@@H]1O,-6.446611357215102,-4.522878745280337,-6.097734542005418,train
C[C@H]1O[C@@H](S[C@@H]2O[C@H](CO)[C@H](O)[C@H](n3cc(-c4cccc(F)c4)nn3)[C@H]2O)[C@H](O)[C@@H](n2cc(-c3cccc(F)c3)nn2)[C@H]1O,-7.154901959985743,,,test
C[C@H]1O[C@@H](n2cnc3c(N)nc(OC4CCCC4)nc32)[C@H](O)[C@@H]1O,-5.139063379299906,,,train
C[C@H]1[C@@H](O)O[C@@H]2O[C@@]3(C)CC[C@H]4[C@H](C)CC[C@@H]1[C@@]24OO3,,,-4.503485481302255,train
C[C@H]1[C@@H](Oc2ccc(/C=C/C(=O)N3CCN(c4cccc(C(F)(F)F)c4)CC3)cc2)O[C@@H]2O[C@@]3(C)CC[C@H]4[C@H](C)CC[C@@H]1[C@@]24OO3,,,-5.739928612014925,train
C[C@H]1[C@@H](Oc2ccc(CN3CCN(c4ccc(F)cc4)CC3)cc2)O[C@@H]2O[C@@]3(C)CC[C@H]4[C@H](C)CC[C@@H]1[C@@]24OO3,,,-5.876148359032914,train
C[C@H]1[C@H](F)C[C@@H](C(=O)NCc2cc(-c3cnc(C(F)(F)F)nc3)ncc2C(F)(F)F)N1S(=O)(=O)c1ccc(F)cc1,,,-4.560667306169737,train
C[C@H]1[C@H](F)C[C@@H](C(=O)NCc2cc(-c3cnc(C(F)(F)F)nc3)ncc2F)N1S(=O)(=O)c1ccc(F)cc1,,,-4.950781977329818,train
C[C@H]1[C@H](F)C[C@@H](C(=O)NCc2cc(-c3cnc(C(F)(F)F)nc3)ncn2)N1S(=O)(=O)c1ccc(F)cc1,,,-4.782516055786094,train
C[C@H]1[C@H](O)CN1c1nc(N2C[C@@H]3[C@@H](CC(=O)O)[C@@H]3C2)cc(C(F)(F)F)c1C#N,,,-5.251811972993799,train
C[C@H]1[C@H](O)CN1c1nc(N2C[C@@H]3[C@@H](CC(=O)O)[C@@H]3C2)cc(C(F)(F)F)n1,,,-5.853871964321762,train
C[C@H]1[C@H]2C(=O)N(C)c3ccncc3[C@H]2CN1S(=O)(=O)c1ccc2c(c1)OCO2,,,-4.3655227298392685,train
C[C@H]1c2cccc(CCC(C)(C)O)c2C[C@H](CO)N1C(=O)Cc1c(Cl)cccc1Cl,,,-4.568636235841013,train
C[C@](N)(Cc1ccccc1)C(=O)N[C@@H](Cc1ccccc1)C(N)=O,-4.735182176990464,,,train
C[C@](O)(COc1ccc(C#N)cc1)C(=O)Nc1ccc(C#N)c(C(F)(F)F)c1,-4.501689446210399,,,test
C[C@](O)(CS(=O)(=O)c1ccc(F)cc1)C(=O)Nc1ccc(C#N)c(C(F)(F)F)c1,-4.494850021680094,,,train
C[C@](O)(CS(C)(=O)=O)C(=O)N[C@@H]1CC[C@@]2(S(=O)(=O)c3ccc(F)cc3)c3ccc(C(F)(C(F)(F)F)C(F)(F)F)cc3CC[C@@H]12,-7.119186407719209,,,train
C[C@](O)(CSc1ccc(C(F)(F)F)cc1)C(=O)Nc1ccc(C#N)c(C(F)(F)F)c1,-5.236572006437063,,,train
C[C@](O)(CSc1cccc(C(F)(F)F)c1)C(=O)Nc1ccc(C#N)c(C(F)(F)F)c1,-5.164943898279883,,,train
C[C@]1(C(F)(F)F)OC[C@@](C)(c2cccc(NC(=O)c3ccc(Br)cn3)c2)N=C1N,,-7.309803919971486,,train
C[C@]1(CN2CCc3nc(-c4ccc(F)cc4)ccc3C2)Cn2cc([N+](=O)[O-])nc2O1,,,-4.679438319804763,train
C[C@]1(CN2CCc3nc(-c4ccccc4)ccc3C2)Cn2cc([N+](=O)[O-])nc2O1,,,-4.774174008538107,val
C[C@]1(CO)Cc2cc(NC(=O)c3cnn4cccnc34)c(N3CCOCC3)cc2O1,,,-4.823908740944319,train
C[C@]1(COc2ccc(N3CCC(Oc4ccc(OC(F)(F)F)cc4)CC3)cc2)Cn2cc([N+](=O)[O-])nc2O1,,,-7.045757490560675,train
C[C@]1(O)CCN(c2nc(N3C[C@H](O)[C@@H](O)C3)cc(C(F)(F)F)c2C#N)C1,,,-5.455931955649724,val
C[C@]1(O)C[C@@H](c2nc(-c3ccc4ccc(-c5ccccc5)nc4c3)c3c(N)nccn32)C1,-4.82102305270683,,,train
C[C@]1(O)C[C@@H](c2nc(-c3ccc4ccc(-c5ccccc5)nc4c3F)c3c(N)ncnn32)C1,,-5.958607314841775,,test
C[C@]12C=CC(=O)C=C1CC[C@@H]1[C@@H]2C(=O)C[C@@]2(C)[C@H]1CC[C@]2(O)C(=O)CO,,-5.3770833324513365,,train
C[C@]12CCC(=O)C=C1CC[C@@H]1[C@@H]2C(=O)C[C@@]2(C)[C@H]1CC[C@]2(O)C(=O)CO,,-4.774690718274138,,train
C[C@]12CCC(=O)C=C1CC[C@@H]1[C@@H]2CC[C@@]2(C)[C@H]1CC[C@]2(O)C(=O)CO,,-5.6020599913279625,,train
C[C@]12CCC(=O)C=C1CC[C@@H]1[C@@H]2[C@@H](O)C[C@@]2(C)[C@H]1CC[C@]2(O)C(=O)CO,,-5.760330731539898,,train
C[C@]12CC[C@@H]3c4ccc(O)cc4CC[C@H]3[C@@H]1CC[C@@H]2O,,-4.943265223158656,,train
C[C@]12CC[C@@H]3c4ccc(OS(=O)(=O)O)cc4CC[C@H]3[C@@H]1CCC2=O,-6.25586569225227,,,train
C[C@]12CC[C@H](NS(C)(=O)=O)C[C@@H]1CC[C@@H]1[C@@H]2CC[C@]2(C)[C@@H](C(=O)CO)CC[C@@H]12,-4.7594507517174005,,,train
C[C@]12CC[C@H](NS(N)(=O)=O)C[C@@H]1CC[C@@H]1[C@@H]2CC[C@]2(C)C(=O)CC[C@@H]12,-4.497572880015567,,,train
C[C@]12CC[C@H](NS(N)(=O)=O)C[C@@H]1CC[C@@H]1[C@@H]2CC[C@]2(C)[C@@H](C(=O)CO)CC[C@@H]12,-4.882728704344236,,,train
C[C@]12CC[C@H]3[C@@H](CCC4=CC(=O)CC[C@@]43C)[C@@H]1CC[C@@H]2O,-4.677129256908896,-4.794548398874093,,train
C[C@]12C[C@H](O)[C@H]3[C@@H](CCC4=CC(=O)CC[C@@]43C)[C@@H]1CC[C@@H]2C(=O)CO,,-5.286142512540033,,train
C[N+](C)(C)CCNC(=O)/C=N/O,,-5.795880017344075,,train
C[N+](C)(C)CCNC(=O)CCCCCOc1ccc2nc(C3(NC(=O)C[C@H](N)Cc4cc(F)c(F)cc4F)CCS(=O)(=O)CC3)sc2c1,-9.69897000433602,,,train
C[N+](C)(C)CCNC(=O)COc1ccc2nc(C3(NC(=O)C[C@H](N)Cc4cc(F)c(F)cc4F)CCS(=O)(=O)CC3)sc2c1,-9.69897000433602,,,train
C[S+]([O-])Cc1ccc(C(=O)Nc2ccc(OCCOCCO)nc2C(=O)NCC2CCC2)c2ccccc12,-4.585026652029182,,,train
C[S+]([O-])Cc1ccc(C(=O)Nc2cccnc2C(=O)NCC2CCOCC2)c2ccccc12,-4.638272163982407,,,train
C[S+]([O-])Cc1ccc(C(=O)Nc2nccnc2C(=O)NCC2CCC2)c2ccccc12,-4.872363747448347,,,train
C[S@+]([O-])Cc1ccc(C(=O)Nc2cccnc2C(=O)NCC2CCOCC2)c2ccccc12,-6.214670164989233,,,train
C[S@@+]([O-])Cc1ccc(C(=O)Nc2cccnc2C(=O)NCC2CCOCC2)c2ccccc12,-4.585026652029182,,,train
C[n+]1ccccc1C=NO,,-6.443697499232713,,train
Cc1[nH]c(-c2cccc3ccccc23)cc1C(=O)N1CCC(CO)CC1,-6.764471553092451,,,train
Cc1[nH]c2c(Cl)c(Cl)ccc2c(=O)c1-c1ccccc1,,-3.7060852589688977,,train
Cc1[nH]c2c(Cl)cc(Cl)cc2c(=O)c1-c1ccccc1,,-3.6337078177894617,,train
Cc1[nH]c2c(Cl)cccc2c(=O)c1-c1ccccc1,,-3.781622066708248,,train
Cc1[nH]c2c(Cl)cccc2c(=O)c1Cc1ccccc1,,-3.385218751858922,,test
Cc1[nH]c2cc(Cl)cc(Cl)c2c(=O)c1-c1ccccc1,,-3.4953388780055064,,train
Cc1[nH]c2cc(Cl)ccc2c(=O)c1Cc1ccccc1,,-3.4066253104954267,,val
Cc1[nH]c2cc([C@@H]3CCCCN3C(=O)c3c(Cl)cccc3NS(C)(=O)=O)nn2c(=O)c1C,-6.3979400086720375,,,train
Cc1[nH]c2cc([C@@H]3CCCCN3C(=O)c3cc(-c4ccccc4)ccc3NS(C)(=O)=O)nn2c(=O)c1C,-6.045757490560675,,,train
Cc1[nH]c2cc([C@@H]3CCCCN3C(=O)c3cc(Cl)ccc3NS(C)(=O)=O)nn2c(=O)c1C,-6.537602002101044,,,test
Cc1[nH]c2cc([C@@H]3CCCCN3C(=O)c3cc(F)ccc3NS(C)(=O)=O)nn2c(=O)c1C,-6.698970004336019,,,train
Cc1[nH]c2cc([C@@H]3CCCCN3C(=O)c3ccccc3)nn2c(=O)c1C,-5.455931955649724,,,train
Cc1[nH]c2cc([C@@H]3CCCCN3C(=O)c3ccccc3N(C)S(C)(=O)=O)nn2c(=O)c1C,-6.431798275933005,,,train
Cc1[nH]c2cc([C@@H]3CCCCN3C(=O)c3ccccc3N)nn2c(=O)c1C,-6.318758762624413,,,test
Cc1[nH]c2cc([C@@H]3CCCCN3C(=O)c3ccccc3NS(=O)(=O)C3CC3)nn2c(=O)c1C,-6.568636235841013,,,train
Cc1[nH]c2cc([C@@H]3CCCCN3C(=O)c3ccccc3NS(C)(=O)=O)nn2c(=O)c1C,-6.481486060122113,,,train
Cc1[nH]c2cc([C@@H]3CCCCN3C(=O)c3ccccc3O)nn2c(=O)c1C,-6.221848749616356,,,val
Cc1[nH]c2ccc(Br)cc2c(=O)c1Br,,-4.021135015652344,,train
Cc1[nH]c2ccc(Cl)c(Cl)c2c(=O)c1-c1ccccc1,,-3.71697029020614,,train
Cc1[nH]c2ccc(Cl)cc2c(=O)c1-c1ccccc1,,-3.9679052869470977,,train
Cc1[nH]c2ccc(Cl)cc2c(=O)c1Br,,-4.0570499299229015,,val
Cc1[nH]c2ccc(Cl)cc2c(=O)c1Cc1ccccc1,,-3.3824649876892634,,test
Cc1[nH]c2ccc(F)cc2c(=O)c1Br,,-4.738261452647462,,train
Cc1[nH]c2cccc(Cl)c2c(=O)c1-c1ccccc1,,-4.001609869681952,,train
Cc1[nH]c2cccc(Cl)c2c(=O)c1Cc1ccccc1,,-3.6009149646667757,,test
Cc1[nH]c2ccccc2c(=O)c1-c1ccccc1,,-4.481486060122113,,train
Cc1[nH]c2ccccc2c(=O)c1/C=C/C(=O)OC(C)(C)C,,-3.906368223171053,,train
Cc1[nH]c2ccccc2c(=O)c1/C=C/c1ccc(O)cc1,,-4.769040444251431,,train
Cc1[nH]c2ccccc2c(=O)c1/C=C/c1cccc([N+](=O)[O-])c1,,-3.22006457391299,,train
Cc1[nH]c2ccccc2c(=O)c1/C=C/c1ccccc1,,-3.65035343048492,,val
Cc1[nH]c2ccccc2c(=O)c1Br,,-4.866780543267506,,train
Cc1[nH]c2ccccc2c(=O)c1C1CCCCC1,,-3.639047031950885,,train
Cc1[nH]c2ccccc2c(=O)c1Cc1ccccc1,,-3.9902092806457023,,train
Cc1[nH]c2ccccc2c1CC(=O)NCCC1CCN(Cc2ccccc2)CC1,,-5.896587061984075,,train
Cc1[nH]c2ccccc2c1CCNCc1ccc(/C=C/C(=O)NO)cc1,,-7.847711655616943,,train
Cc1[nH]n(-c2ccccn2)c(=O)c1-c1ccc(C#N)cc1,-4.669586226650809,,,train
Cc1[nH]n(-c2ccccn2)c(=O)c1-c1ccc(C(F)(F)F)cc1,-5.508638306165728,,,train
Cc1[nH]n(-c2ccccn2)c(=O)c1-c1ccc(F)cc1,-4.950781977329818,,,train
Cc1[nH]n(-c2ccccn2)c(=O)c1-c1ccc([N+](=O)[O-])cc1,-5.455931955649724,,,train
Cc1[nH]n(-c2ccccn2)c(=O)c1-c1cccc(C(F)(F)F)c1,-5.154901959985743,,,train
Cc1[nH]n(-c2ccccn2)c(=O)c1-c1ccccc1,-5.086186147616283,,,train
Cc1[nH]n(-c2ccccn2)c(=O)c1C(=O)Nc1ccc(C(F)(F)F)cc1,-6.221848749616356,,,train
Cc1[nH]n(-c2ccccn2)c(=O)c1C(=O)Nc1ccc([N+](=O)[O-])cc1,-5.119186407719209,,,train
Cc1[nH]n(-c2ccccn2)c(=O)c1C(=O)Nc1ccc2c(c1)OCO2,-5.031517051446065,,,val
Cc1[nH]n(-c2ccccn2)c(=O)c1C(=O)Nc1cccc(C(F)(F)F)c1,-5.346787486224656,,,train
Cc1[nH]n(-c2ccccn2)c(=O)c1C(=O)Nc1ccccc1,-4.982966660701219,,,train
Cc1[nH]n(-c2ccccn2)c(=O)c1C(=O)Nc1ccccc1C(F)(F)F,-5.10790539730952,,,train
Cc1[nH]n(-c2ccccn2)c(=O)c1C(=O)Nc1ccccc1[N+](=O)[O-],-4.950781977329818,,,train
Cc1[nH]n(-c2nc3ccc(F)cc3s2)c(=O)c1-c1ccccc1,-4.774690718274138,,,train
Cc1[nH]n(-c2nc3ccccc3[nH]2)c(=O)c1-c1ccccc1,-4.995678626217358,,,train
Cc1[nH]n(-c2nc3ccccc3s2)c(=O)c1-c1ccccc1,-5.173925197299174,,,train
Cc1[nH]n(-c2nccs2)c(=O)c1-c1ccccc1,-4.621602099051862,,,train
Cc1[nH]nc(-c2ccnc(N3CCOCC3)c2)c1-c1ccc(-c2cccc(S(N)(=O)=O)c2)cc1,-5.375717904164332,,,train
Cc1[nH]nc(-c2ccncc2)c1-c1ccc(-c2cccc(S(N)(=O)=O)c2)c(C2CC2)c1,-5.056505484093898,,,train
Cc1[nH]nc(-c2ccncc2)c1-c1ccc(-c2cccc(S(N)(=O)=O)c2)cc1,-4.987162775294828,,,train
Cc1c(-c2cc(Cl)c(O)c3ncccc23)oc2ccc(O)cc12,,-5.455931955649724,,train
Cc1c(-c2ccc(-c3c[nH]nc3-c3ccnc(N4CCOCC4)c3)cc2)ccc(S(N)(=O)=O)c1C,-5.146301788223826,,,train
Cc1c(-c2ccc(-n3cccc3)cc2)[nH]c2cc(F)cc(F)c2c1=O,-4.509058794643213,,,test
Cc1c(-c2ccc(N3CCC(F)(F)C3)cc2)[nH]c2cc(F)cc(F)c2c1=O,-5.0,,,train
Cc1c(-c2ccc(N3CCCC(F)C3)cc2)[nH]c2cc(F)cc(F)c2c1=O,-4.640923773940737,,,train
Cc1c(-c2ccc(N3CC[C@H](F)C3)cc2)[nH]c2cc(F)cc(F)c2c1=O,-4.809388202186395,,,train
Cc1c(-c2ccc(O)c3ncccc23)oc2ccc(O)cc12,,-4.774690718274138,,train
Cc1c(-c2cccc(OC3CCN(S(=O)(=O)Cc4ccccc4)CC3)c2)sc(-c2nn[nH]n2)c1OCC(=O)O,,-6.657577319177794,,train
Cc1c(-c2cccc(OCCCCC(=O)O)c2)c(=O)n(C[C@H](N)c2ccccc2)c(=O)n1Cc1c(F)cccc1C(F)(F)F,-7.0,,,train
Cc1c(-c2cccc(OCCCCC(=O)O)c2F)c(=O)n(C[C@@H](c2ccccc2)N(C)C)c(=O)n1Cc1c(F)cccc1C(F)(F)F,-4.769551078621726,,,train
Cc1c(-c2cccc(OCCCCC(=O)O)c2F)c(=O)n(C[C@H](N)c2ccccc2)c(=O)n1Cc1c(F)cccc1C(F)(F)F,-7.0,,,train
Cc1c(-c2nc3c(-c4ccc5c(c4)CCC[C@@H]5NC(=O)c4nc(C(C)(C)C)no4)ccnc3[nH]2)cnn1C(C)C,-6.221848749616356,,,train
Cc1c(-c2nc3c(-c4ccc5c(c4)CCC[C@H]5NC(=O)c4nc(C(C)(C)C)no4)ccnc3[nH]2)cnn1C1CCOCC1,-5.301029995663981,,,train
Cc1c(/C=C/C(=O)NCC(=O)O)oc2ccc(Cl)c(C(=O)Oc3ccncc3C(=O)N3CCN(C4CC4)c4ccccc43)c12,-6.6777807052660805,,,test
Cc1c(C(=O)N2CCC3(CC2)CC3CNC(=O)N2Cc3ccncc3C2)cnn1C,,,-6.522878745280337,train
Cc1c(C(=O)N2CCOc3ccc(-c4ccc(N)nc4)cc3C2)ccc(S(C)(=O)=O)c1F,,,-6.82102305270683,train
Cc1c(C(=O)NC2CCN(C)CC2)oc2ccc(N(Cc3ccc(Br)cc3)S(=O)(=O)c3ccc(Br)cc3)cc12,,-5.184422251675732,,train
Cc1c(C(=O)N[C@@H](CCC2CC2)C(=O)Nc2ccc(C#N)cc2)[nH]c2c1C(=O)CC(C)(C)C2,,-5.505845405981558,,train
Cc1c(C(=O)N[C@@H](CCC2CC2)C(=O)Nc2ccccc2)[nH]c2c1C(=O)CC(C)(C)C2,,-5.197226274708024,,train
Cc1c(C(=O)O)cnn1-c1nc(-c2cccc(C(F)(F)F)c2)cs1,,,-4.42021640338319,train
Cc1c(C(=O)O)sc2ccc(NC(=O)C(C)(C)NC(=O)c3ccc4c(C5CCCCC5)c(-c5ccccn5)n(C)c4c3)cc12,-6.096910013008056,,,train
Cc1c(C(=O)O)sc2ccc(NC(=O)C3(NC(=O)c4ccc5c(C6CCCCC6)c(-c6ccccn6)n(C)c5c4)CCC3)cc12,-6.221848749616356,,,train
Cc1c(C(=O)O)sc2ccc(NC(=O)C3(NC(=O)c4ccc5c(C6CCCCC6)c(-c6ccccn6)n(C)c5c4)CCN(C)CC3)cc12,-6.096910013008056,,,train
Cc1c(C(=O)O)sc2ccc(NC(=O)[C@]3(NC(=O)c4ccc5c(C6CCCCC6)c(-c6ccccn6)n(C)c5c4)CCCNC3)cc12,-7.0,,,test
Cc1c(C(=O)c2cccc3ccccc23)c2cccc3c2n1[C@H](CN1CCOCC1)CO3,-4.91721462968355,,,train
Cc1c(C(C)c2c(Cl)cccc2Cl)nc(N(C)Cc2ccc(N3CCN(C)CC3)cc2)[nH]c1=O,,-6.040958607678906,,train
Cc1c(C)c2c(c(C)c1O)CCC(C)(C(=O)NCCCCCCNc1c3c(nc4ccccc14)CCCC3)O2,,-5.052076380168273,,train
Cc1c(C)c2ccc(/N=C/c3ccc(O)cc3O)cc2oc1=O,,-5.173925197299174,,train
Cc1c(C)c2ccc(/N=C/c3ccccc3O)cc2oc1=O,,-4.97469413473523,,train
Cc1c(C)c2ccc(NCc3ccccc3O)cc2oc1=O,,-4.910094888560602,,train
Cc1c(C)c2ccc(OCC3CCN(CCCC(F)F)CC3)cc2oc1=O,-4.769551078621726,,,train
Cc1c(C)c2ccc(OCC3CCN(CCCO)CC3)cc2oc1=O,-4.721246399047171,,,train
Cc1c(C)c2ccc(OCC3CCN(Cc4ccccc4)CC3)cc2oc1=O,-5.154901959985743,,,train
Cc1c(C)c2ccc(OCCN3CCN(CCCNc4c5c(nc6ccccc46)CCCC5)CC3)cc2oc1=O,,-5.323306390375134,,train
Cc1c(C)n(Cc2ccccc2)c2ncn(C3CCOCC3)c(=N)c12,,-2.7738384765768807,,train
Cc1c(C)n(Cc2ccccc2)c2ncn(CCCO)c(=N)c12,,-3.215168821875531,,train
Cc1c(C)n(Cc2ccccc2)c2ncn([C@H]3CC[C@H](O)CC3)c(=N)c12,,-6.0,,train
Cc1c(C)n2cc([N+](=O)[O-])nc2c(=O)n1Cc1ccc(OC(F)(F)F)cc1,-4.6777807052660805,,,val
Cc1c(C2(c3ccc(C(F)(F)F)c(C#N)c3)CC2)c[nH]c1C(=O)NC(C)c1nc[nH]n1,-4.657577319177793,,,train
Cc1c(C2(c3ccc(C(F)(F)F)nc3)CC2)c[nH]c1C(=O)NC(C)c1nc[nH]n1,-4.769551078621726,,,train
Cc1c(CC(=O)O)c2cccnc2n1S(=O)(=O)c1ccc(Cl)c(C#N)c1,-6.0,,,train
Cc1c(CC(=O)O)c2cccnc2n1S(=O)(=O)c1ccc(Cl)c(Cl)c1,-5.060480747381382,,,train
Cc1c(CC(=O)O)c2cccnc2n1S(=O)(=O)c1ccc(Cl)cc1,-5.050609993355088,,,test
Cc1c(CC(=O)O)c2cccnc2n1S(=O)(=O)c1ccc(F)c(C#N)c1,-5.853871964321762,,,val
Cc1c(CC(=O)O)c2cccnc2n1S(=O)(=O)c1ccc(F)c(F)c1,-5.022276394711152,,,train
Cc1c(CCC(=O)O)cccc1NC(=O)[C@@H](c1ccc(-c2cccnc2)cc1)C1CCCC1,-7.443697499232713,,,train
Cc1c(CCC(=O)O)cccc1NC(=O)[C@@H](c1ccc(-c2cncc(C(F)(F)F)c2)cc1)C1CCCC1,-7.096910013008056,,,train
Cc1c(CCC(=O)O)cccc1NC(=O)[C@@H](c1ccc(-c2cncc(Cl)c2)c(F)c1)C1CCCC1,-7.229147988357856,,,train
Cc1c(CCC(=O)O)cccc1NC(=O)[C@@H](c1ccc(-c2cncc(Cl)c2)cc1)C1CCCC1,-7.161150909262744,,,train
Cc1c(CN(CCc2ccc(Cl)cc2)C2CCN(C(=O)c3c(F)cccc3F)CC2)c(=O)n(-c2ccc(F)cc2)n1C,-5.091514981121351,,,train
Cc1c(CN(CCc2ccc(Cl)cc2)C2CCN(C(=O)c3cccc[n+]3[O-])CC2)c(=O)n(-c2ccc(F)cc2)n1C,-5.886056647693163,,,train
Cc1c(CN(CCc2ccc(N)cc2)C2CCN(C(=O)c3c(F)cccc3F)CC2)c(=O)n(-c2ccc(F)cc2)n1C,-6.0,,,train
Cc1c(CN(CCc2ccc(S(N)(=O)=O)cc2)C2CCN(C(=O)c3c(F)cccc3F)CC2)c(=O)n(-c2ccc(F)cc2)n1C,-6.0,,,train
Cc1c(CN(CCc2ccc([N+](=O)[O-])cc2)C2CCN(C(=O)c3ccccn3)CC2)c(=O)n(-c2ccc(F)cc2)n1C,-5.10790539730952,,,train
Cc1c(CN(CCc2ccccn2)C2CCN(C(=O)c3c(F)cccc3F)CC2)c(=O)n(-c2ccc(F)cc2)n1C,-5.853871964321762,,,test
Cc1c(CN2CCN(C(=O)C3CCCC3)[C@@H](C)C2)cc(F)cc1NC(=O)c1cccc(C#N)c1,,,-5.187086643357144,train
Cc1c(CN2CCN(C(=O)C3CCCC3)[C@@H](C)C2)cc(F)cc1NS(=O)(=O)c1ccc(F)cc1,,,-5.886056647693163,train
Cc1c(CN2CCN(C(=O)CC3CC3)[C@@H](C)C2)cc(F)cc1NS(=O)(=O)c1ccc(F)cc1,,,-5.346787486224656,train
Cc1c(Cc2c(Cl)cccc2Cl)nc(N(C)Cc2ccc(N3CCN(C)CC3)cc2)[nH]c1=O,,-5.863279432843593,,val
Cc1c(Cc2c(Cl)cccc2Cl)nc(N(C)Cc2ccc(N3CCOCC3)cc2)[nH]c1=O,,-4.6595558851598815,,train
Cc1c(Cc2c(Cl)cccc2Cl)nc(N(C)Cc2ccc([N+](=O)[O-])cc2)[nH]c1=O,,-4.961379838050298,,train
Cc1c(Cc2ccc(-c3ccn(C)n3)cc2)cc(C(=O)N[C@H]2CCCC[C@@H]2O)c(=O)n1C,,,-4.886056647693163,train
Cc1c(Cc2ccc(-c3cocn3)cc2)cc(C(=O)N[C@H]2CCCC[C@@H]2O)c(=O)n1C,,,-4.585026652029182,train
Cc1c(Cc2ccc(-c3cscn3)cc2)cc(C(=O)N[C@H]2CCCC[C@@H]2O)c(=O)n1C,,,-4.769551078621726,train
Cc1c(Cc2ccc(-n3cccn3)cc2)cc(C(=O)N[C@H]2CCCC[C@@H]2O)c(=O)n1C,,,-4.638272163982407,train
Cc1c(Cc2ccc(-n3cccn3)cc2)cc(C(=O)N[C@H]2CCOC[C@@H]2O)c(=O)n1C,,,-4.698970004336019,val
Cc1c(Cc2cccc(N)c2)c(=O)oc2cc(OC(=O)N(C)C)c(Cl)cc12,,-5.221848749616356,,train
Cc1c(Cc2cccc(NS(=O)(=O)N(C)C)c2)c(=O)oc2cc(OC(=O)N(C)C)c(Cl)cc12,,-5.3979400086720375,,train
Cc1c(Cc2cccc(NS(=O)(=O)N3CCN(C)CC3)c2)c(=O)oc2cc(OC(=O)N(C)C)c(Cl)cc12,,-5.698970004336019,,train
Cc1c(Cc2cccc(NS(=O)(=O)NCC(F)(F)F)c2)c(=O)oc2cc(OC(=O)N(C)C)c(Cl)cc12,,-5.522878745280337,,train
Cc1c(Cc2cccc(NS(=O)(=O)NCCC#N)c2)c(=O)oc2cc(OC(=O)N(C)C)c(Cl)cc12,,-5.301029995663981,,train
Cc1c(Cc2cccc(NS(=O)(=O)NCCN)c2)c(=O)oc2cc(OC(=O)N(C)C)c(Cl)cc12,,-6.698970004336019,,train
Cc1c(Cc2cccc(NS(=O)(=O)NCCO)c2)c(=O)oc2cc(OC(=O)N(C)C)c(Cl)cc12,,-5.301029995663981,,train
Cc1c(Cc2cccc(NS(C)(=O)=O)c2)c(=O)oc2cc(OC(=O)N(C)C)c(Cl)cc12,,-5.522878745280337,,train
Cc1c(Cc2cccc(NS(N)(=O)=O)c2)c(=O)oc2cc(OC(=O)N(C)C)c(Cl)cc12,,-5.301029995663981,,train
Cc1c(Cc2ccccc2)c(-c2cc(Cl)nc(N)n2)nn1C,,-6.562249437179612,,train
Cc1c(Cc2ccccc2)c(=O)c2cc(Cl)ccc2n1C,,-3.3110643148235197,,train
Cc1c(Cc2ccccc2Cc2ccccc2)c2c(n1CC(=O)O)CCNC2=O,-6.698970004336019,,,train
Cc1c(Cc2ccccc2S(=O)(=O)c2ccccc2)c2c(=O)[nH]ccc2n1CC(=O)O,-7.0,,,train
Cc1c(Cc2ccccc2S(=O)(=O)c2ccccc2)c2c(=O)n(C(F)F)ccc2n1CC(=O)O,-6.3979400086720375,,,train
Cc1c(Cc2ccccc2S(=O)(=O)c2ccccc2)c2c(=O)n(C)ccc2n1CC(=O)O,-7.0,,,train
Cc1c(Cc2ccccc2S(=O)(=O)c2ccccc2)c2c(n1CC(=O)O)CC(C)(C)NC2=O,-5.958607314841775,,,train
Cc1c(Cc2ccccc2S(=O)(=O)c2ccccc2)c2c(n1CC(=O)O)CCN(C(C)C(F)(F)F)C2=O,-6.221848749616356,,,test
Cc1c(Cc2ccccc2S(=O)(=O)c2ccccc2)c2c(n1CC(=O)O)CCNC2=O,-8.0,,,train
Cc1c(Cc2cccs2)c(-c2cc(Cl)nc(N)n2)nn1C,,-6.552841968657781,,train
Cc1c(Cl)c(=O)oc2cc(OCCN3CCN(CCCNc4c5c(nc6ccccc46)CCCC5)CC3)ccc12,,-5.270025714300444,,train
Cc1c(Cl)nc(NC(=O)NC(C)(C)C)c(=O)n1C(C(=O)Nc1ccccc1C(=O)NS(=O)(=O)c1ccc(C(F)(F)F)cc1)c1ccccc1,-5.958607314841775,,,val
Cc1c(F)c(N)cc(C(=O)Nc2cc(C(=O)OC3CCCCC3)ccc2N2CCN(C)CC2)c1Cl,,-5.251811972993799,,val
Cc1c(F)c(N)cc(C(=O)Nc2cc(C(=O)Oc3ccccc3)ccc2N2CCN(C)CC2)c1Cl,,-4.42021640338319,,train
Cc1c(F)c([N+](=O)[O-])cc(C(=O)Nc2cc(C(=O)Oc3ccccc3)ccc2N2CCN(C)CC2)c1Cl,,-4.249491605148654,,train
Cc1c(F)cc(C(=O)NC2CC2)cc1-c1c(F)cn2c(C(C)(C)C)nnc2c1F,-4.3872161432802645,,,val
Cc1c(F)cc(C(=O)NC2CC2)cc1-c1ccn2c(C(C)(C)C)nnc2c1,-4.568636235841013,,,train
Cc1c(F)ccc(C(=O)Nc2cc(C(=O)OC(C)C)ccc2N2CCN(C)CC2)c1Cl,,-4.302770657240282,,train
Cc1c(F)ccc(C(=O)Nc2cc(C(=O)Oc3ccccc3)ccc2N2CCN(C)CC2)c1Cl,,-4.318758762624412,,train
Cc1c(F)cccc1Cc1c(C(=O)N2CCNCC2)c2ccncc2n1-c1ccccc1,-5.896196279044044,,,train
Cc1c(F)cccc1NC(=O)Nc1ccc(CC(=O)N2C[C@@H](F)C[C@H]2COc2ccc(C(=O)O)cc2)cc1Cl,,,-5.619788758288394,train
Cc1c(N2CC(=O)NS2(=O)=O)csc1-c1cccc(NC2CCN(S(=O)(=O)Cc3ccccc3)CC2)c1,,-6.721246399047171,,train
Cc1c(N2CCN(C)CC2)ccc2c3c(c(=O)oc12)CN(C(=O)c1cc(Cl)cc(NS(C)(=O)=O)c1)CC3,,-5.180456064458132,,train
Cc1c(N2CCN(C)CC2)ccc2c3c(c(=O)oc12)CN(C(=O)c1ccc(NS(C)(=O)=O)c(Br)c1)CC3,,-4.301029995663981,,train
Cc1c(N2CCN(C)CC2)ccc2c3c(c(=O)oc12)CN(C(=O)c1ccc(NS(C)(=O)=O)c(Cl)c1)CC3,,-4.507239610973163,,train
Cc1c(N2CCN(C)CC2)ccc2c3c(c(=O)oc12)CN(C(=O)c1ccc(NS(C)(=O)=O)c(F)c1)CC3,,-4.772113295386327,,train
Cc1c(N2CCN(C)CC2)ccc2c3c(c(=O)oc12)CN(C(=O)c1ccc(NS(C)(=O)=O)c(OC(F)(F)F)c1)CC3,,-4.359518563029578,,train
Cc1c(N2CCN(C)CC2)ccc2c3c(c(=O)oc12)CN(C(=O)c1ccc(NS(C)(=O)=O)cc1)CC3,,-5.267606240177032,,train
Cc1c(N2CCN(C)CC2)ccc2c3c(c(=O)oc12)CN(C(=O)c1ccc2c(c1)CS(=O)(=O)N2)CC3,,-7.0,,train
Cc1c(N2CCN(C)[C@@H](C)C2)ccc2c3c(c(=O)oc12)CN(C(=O)c1ccc(NS(C)(=O)=O)c(OC(F)(F)F)c1)CC3,,-4.301029995663981,,val
Cc1c(N2CCNC2=O)c(N2CCN(C[C@H]3COc4ccccc4O3)CC2)nn1C,-5.537602002101044,,,train
Cc1c(N2CC[C@@H](C3(N)CC3)C2)c(F)cc2cc(C(=O)O)c(=O)n(C3CC3)c12,-4.636388020107856,,,test
Cc1c(N2CC[C@@H]([C@H](C)N)C2)c(F)cc2cc(C(=O)O)c(=O)n(C3CC3)c12,-5.600326278518962,,,train
Cc1c(N2CC[C@@H]([C@H](C)N)C2)c(F)cc2ccc(=O)n(C3CC3)c12,-4.777283528852417,,,train
Cc1c(NC(=O)[C@@H](c2ccc(-c3cncc(Cl)c3)cc2)C2CCCC2)cccc1OCC(=O)O,-8.657577319177793,,,train
Cc1c(NC(=O)c2ccc(C(C)(C)C)cc2)cccc1-c1ccnc2[nH]c(-c3ccc(C(=O)N4CCOCC4)cc3)nc12,-7.698970004336019,,,train
Cc1c(NC(=O)c2ccc(C(C)(C)C)cc2)cccc1-c1ccnc2[nH]c(-c3cnn(C)c3)nc12,-6.221848749616356,,,train
Cc1c(NCc2ccccc2N2CCN(C)CC2)cnn(C)c1=O,,-6.481486060122113,,train
Cc1c(Nc2c(C#N)cncc2/C=C/CCCN2CCN(C)CC2)ccc2[nH]ccc12,,-7.154901959985743,,train
Cc1c(Nc2c(C#N)cncc2/C=C/CCCN2CCNCC2)ccc2[nH]ccc12,,-6.795880017344075,,train
Cc1c(Nc2c(C#N)cncc2/C=C/CCN2CC(N)C2)ccc2[nH]ccc12,,-7.221848749616356,,test
Cc1c(Nc2c(C#N)cncc2/C=C/CCN2CCC(N(C)C)CC2)ccc2[nH]ccc12,,-7.096910013008056,,train
Cc1c(Nc2c(C#N)cncc2/C=C/CCN2CCC(N)CC2)ccc2[nH]ccc12,,-7.397940008672037,,train
Cc1c(Nc2c(C#N)cncc2/C=C/CCN2CCC(NS(=O)(=O)C(C)C)CC2)ccc2[nH]ccc12,,-7.301029995663981,,train
Cc1c(Nc2c(C#N)cncc2/C=C/CCN2CCC(O)CC2)ccc2[nH]ccc12,,-7.698970004336019,,train
Cc1c(Nc2c(C#N)cncc2/C=C/CCN2CCCNCC2)ccc2[nH]ccc12,,-8.0,,train
Cc1c(Nc2c(C#N)cncc2/C=C/CCN2CCN(C)CC2)ccc2[nH]ccc12,,-6.0655015487564325,,train
Cc1c(Nc2c(C#N)cncc2/C=C/CCN2CCN(S(C)(=O)=O)CC2)ccc2[nH]ccc12,,-7.698970004336019,,train
Cc1c(Nc2c(C#N)cncc2/C=C/CCN2CCNCC2)ccc2[nH]ccc12,,-6.958607314841775,,train
Cc1c(Nc2c(C#N)cncc2/C=C/CCN2CC[C@@H](O)C2)ccc2[nH]ccc12,,-7.154901959985743,,train
Cc1c(Nc2c(C#N)cncc2/C=C/CCN2CC[C@H](N)C2)ccc2[nH]ccc12,,-7.221848749616356,,test
Cc1c(Nc2c(C#N)cncc2/C=C/CN2CCC(N)CC2)ccc2[nH]ccc12,,-7.522878745280337,,train
Cc1c(Nc2c(C#N)cncc2/C=C/CN2CCNCC2)ccc2[nH]ccc12,,-7.698970004336019,,train
Cc1c(O)cccc1C(=O)N[C@@H](CSc1ccccc1)[C@H](O)CN1C[C@H]2CCCC[C@H]2C[C@H]1C(=O)NC(C)(C)C,-6.154901959985743,,,val
Cc1c(S(=O)(=O)Nc2ccc(C(F)(F)F)cc2)ccc2c1C(=O)NC(C)(C)C(=O)N2,-5.045757490560675,,,val
Cc1c([C@H](OC(C)(C)C)C(=O)O)c(N2CCC(C)(C)CC2)c(-c2ccc(OCCc3ccc(F)cc3)cc2)c2nccn12,,-6.3872161432802645,,train
Cc1c([C@H](OC(C)(C)C)C(=O)O)c(N2CCC(C)(C)CC2)c(-c2ccc(OCCc3ccc(F)cc3)cc2)c2ncnn12,,-6.184422251675732,,train
Cc1c([C@H](OC(C)(C)C)C(=O)O)c(N2CCC(C)(C)CC2)c(-c2ccc3c(c2)CCN(c2ncnc4c2oc2ccccc24)C3)c2cnnn12,,-6.102372908709558,,train
Cc1c([C@H](OC(C)(C)C)C(=O)O)c(N2CCC(C)(C)CC2)c(-c2ccc3c(c2)CCN(c2ncnc4c2oc2ccccc24)C3)c2nccn12,,-6.178486471595227,,train
Cc1c([C@H](OC(C)(C)C)C(=O)O)c(N2CCC(C)(C)CC2)c(-c2ccc3c(c2)CCN(c2ncnc4c2oc2ccccc24)C3)c2ncnn12,,-6.324221658325915,,train
Cc1c2cc(C#N)cc1NS(=O)(=O)CCCCC[C@H]1CN(CCN1C(=O)C(C)C)C2,,,-4.657577319177793,train
Cc1c2cc(Cl)cc1NS(=O)(=O)CCCCC[C@H]1CN(CCN1C(=O)C(C)C)C2,,,-4.769551078621726,test
Cc1c2cc(F)cc1NS(=O)(=O)CCCCC1CN(CCN1C(=O)CC1CC1)C2,,,-4.607303046740334,train
Cc1c2cc(F)cc1NS(=O)(=O)CCCCCC1CN(CCN1C(=O)CC1CC1)C2,,,-4.906578314837765,train
Cc1c2cc(F)cc1NS(=O)(=O)CCCCC[C@H]1CN(CCN1C(=O)C(C)C)C2,,,-4.721246399047171,train
Cc1c2cc(F)cc1NS(=O)(=O)N(C)CCCCC1CN(CCN1C(=O)CC1CC1)C2,,,-4.6777807052660805,train
Cc1c2cc(F)cc1NS(=O)(=O)NCCCCC1CN(CCN1C(=O)CC1CC1)C2,,,-4.735182176990464,train
Cc1c2cccc1NS(=O)(=O)CCCCC[C@H]1CN(CCN1C(=O)C(C)C)C2,,,-4.619788758288394,train
Cc1c2oc3c(C)ccc(C(=O)N[C@@H]4C(=O)N[C@H](C(C)C)C(=O)N5CCC[C@H]5C(=O)N(C)CC(=O)N(C)[C@@H](C(C)C)C(=O)O[C@@H]4C)c3nc-2c(C(=O)N[C@@H]2C(=O)N[C@H](C(C)C)C(=O)N3CCC[C@H]3C(=O)N(C)CC(=O)N(C)[C@@H](C(C)C)C(=O)O[C@@H]2C)c(N)c1=O,-6.096910013008056,,,train
Cc1c[nH]c2ncnc(N[C@H]3CC[C@H](N(C)C)CC3)c12,-5.494850021680094,,,train
Cc1cc(-c2ccc(=O)n(C)c2C)cc2cn(C3CCNCC3)nc12,,,-5.3872161432802645,train
Cc1cc(-c2ccc(C(=O)[C@@H]3CCCC[C@H]3C(=O)Nc3c(C(N)=O)n[nH]c3C)cc2)n[nH]1,-6.823908740944319,,,train
Cc1cc(-c2ccc(C(=O)[C@@H]3CCCC[C@H]3C(=O)Nc3c(C)nn(C)c3C(N)=O)cc2)n[nH]1,-5.853871964321762,,,train
Cc1cc(-c2ccc(C(=O)[C@@H]3CCCC[C@H]3C(=O)Nc3cn(C)nc3C#N)cc2)n[nH]1,-4.568636235841013,,,train
Cc1cc(-c2ccc(C(=O)[C@@H]3CCCC[C@H]3C(=O)Nc3cn(C)nc3C(N)=O)c(F)c2)[nH]n1,-4.769551078621726,,,train
Cc1cc(-c2ccc(C(=O)[C@@H]3CCCC[C@H]3C(=O)Nc3cn(C)nc3C(N)=O)cc2)[nH]n1,-4.657577319177793,,,train
Cc1cc(-c2ccc(C(=O)[C@@H]3CCCC[C@H]3C(=O)Nc3cn(C)nc3C)cc2)n[nH]1,-4.693608071640132,,,val
Cc1cc(-c2ccc(C(=O)[C@@H]3CCCC[C@H]3C(=O)Nc3cnn(C)c3C(=O)NOC(C)(C)C)cc2)[nH]n1,-4.832682665251824,,,train
Cc1cc(-c2ccc(C(=O)[C@@H]3CCCC[C@H]3C(=O)Nc3cnn(C)c3C(=O)O)cc2)[nH]n1,-6.6777807052660805,,,train
Cc1cc(-c2ccc(C(=O)[C@@H]3CCCC[C@H]3C(=O)Nc3cnn(C)c3C(N)=O)cc2)[nH]n1,-5.585026652029182,,,test
Cc1cc(-c2ccc(C(=O)[C@@H]3CCCC[C@H]3C(=O)Nc3cnn(C)c3S(N)(=O)=O)cc2)n[nH]1,-5.045757490560675,,,train
Cc1cc(-c2ccc(C(=O)[C@@H]3CCCC[C@H]3C(=O)Nc3cnn4c3C(=O)NCC4)cc2)n[nH]1,-5.431798275933005,,,train
Cc1cc(-c2ccc(C[C@@H](C#N)NC(=O)[C@@H]3CNCCCO3)cc2)cc2c1oc(=O)n2C,-4.886056647693163,,,train
Cc1cc(-c2ccc(OC[C@@](C)(N)CC(C)C)c(C(F)(F)F)c2)ccn1,-7.1487416512809245,-6.515700160653214,,train
Cc1cc(-c2ccc(OC[C@@](C)(N)CC(C)C)c(C(F)F)c2)ccn1,-7.022276394711152,-6.496209316942819,,train
Cc1cc(-c2ccc3c([C@@H]4CCCC[C@H]4C(=O)Nc4cn(C)nc4C(N)=O)noc3c2)n[nH]1,-5.154901959985743,,,train
Cc1cc(-c2ccc3c([C@@H]4C[C@H]5C[C@H]5C[C@H]4C(=O)Nc4cn(C)nc4C(N)=O)noc3c2)n[nH]1,-4.638272163982407,,,train
Cc1cc(-c2ccc3c(c2)CC[C@H]3N2CC3(CCN(C(=O)Cc4ccc(C5CC5)cn4)CC3)C2)ncn1,,,-5.0,val
Cc1cc(-c2ccc3c(c2)CC[C@H]3N2CC3(CCN(C(=O)Cc4cn5cc(C)sc5n4)CC3)C2)ncn1,,,-5.301029995663981,train
Cc1cc(-c2ccc3c(c2)CC[C@H]3N2CC3(CCN(C(=O)Cc4nn(C)c5ncccc45)CC3)C2)ncn1,,,-4.920818753952375,train
Cc1cc(-c2cccc(Oc3ccc4c(c3)c(=O)ncn4Cc3c(F)cc(F)cc3F)c2C(F)(F)F)cnc1N,-5.958607314841775,,,train
Cc1cc(-c2ccccn2)cc(C(=O)NNS(=O)(=O)c2ccccc2)c1F,-4.200659450546419,,,train
Cc1cc(-c2ccnc3[nH]c(-c4cnn(C)c4)nc23)ccc1CNC(=O)c1ccc(C(C)(C)C)cc1,-6.698970004336019,,,val
Cc1cc(-c2cn(CC(=O)Nc3ccncc3Cl)c3ncn(C)c(=O)c23)cc(C#N)c1O,-5.698970004336019,,,train
Cc1cc(-c2cnc(Nc3cc(Cl)cc(Cl)c3)nc2NC2CCC(N(C)C)CC2)on1,,-7.522878745280337,,test
Cc1cc(-c2cnc(Nc3cc(Cl)cc(Cl)c3)nc2NC2CCNCC2)on1,,-6.698970004336019,,train
Cc1cc(-c2n[nH]c(C)c2-c2ccc(-c3cccc(S(N)(=O)=O)c3)c(C3CC3)c2)ccn1,-5.473660722610156,,,train
Cc1cc(-c2n[nH]c3ccc(N[C@@H]4CCCc5cc(C#N)ccc54)cc23)ccn1,-5.744727494896694,,,train
Cc1cc(-c2n[nH]c3ccc(N[C@H]4CCCc5cc(C#N)ccc54)cc23)cc(C)n1,-5.337242168318426,,,train
Cc1cc(-c2n[nH]c3ccc(N[C@H]4CCCc5cc(C#N)ccc54)cc23)ccn1,-4.886056647693163,,,train
Cc1cc(-c2n[nH]c3ccc(Nc4ccc(C#N)cc4C#N)cc23)ccn1,-5.853871964321762,,,train
Cc1cc(-c2n[nH]c3ccc(Nc4ccccc4C#N)cc23)ccn1,-5.769551078621726,,,train
Cc1cc(-c2ncccn2)cc(C(=O)NNS(=O)(=O)c2ccccc2)c1F,-4.113509274827518,,,train
Cc1cc(-c2nnc3n2CCCCC3)c(C)n1-c1ccc(Cl)c(Cl)c1,,-2.783570169123749,,train
Cc1cc(-c2nnc3n2CCCCC3)c(C)n1-c1cccc(C#N)c1,,-3.640164517660112,,train
Cc1cc(-c2nnc3n2CCCCC3)c(C)n1-c1cccc(C(F)(F)F)c1,,-2.8204482088348124,,train
Cc1cc(-c2nnc3n2CCCCC3)c(C)n1-c1cccc(Cl)c1,,-2.958607314841775,,val
Cc1cc(-c2nnc3n2CCCCC3)c(C)n1-c1ccccc1,,-3.2225731776106885,,train
Cc1cc(-n2cccn2)cc(C(=O)NNS(=O)(=O)c2ccccc2)c1F,-4.318758762624412,,,train
Cc1cc(-n2nccn2)cc(C(=O)NNS(=O)(=O)c2ccccc2)c1F,-4.275724130399211,,,train
Cc1cc(/C=C/C(C)(C)C(=O)NC(C)(C)CO)ccc1Cc1cc([C@@H]2O[C@H](CO)[C@@H](O)[C@H](O)[C@H]2O)c(C)cc1C,,-5.1249387366083,,train
Cc1cc(/C=C/C(C)(C)C(=O)NC(C)(C)CO)ccc1Cc1cc([C@@H]2O[C@H](CO)[C@@H](O)[C@H](O)[C@H]2O)c(O)cc1C(C)C,,-6.301029995663981,,train
Cc1cc(=O)[nH]c(-c2cc(Oc3ccc(S(C)(=O)=O)cc3)cc(OC(C)C)c2)n1,,,-5.318758762624413,test
Cc1cc(=O)[nH]c(C)c1C(=O)N1C[C@H]2CN(CC[C@H](NC(=O)C3CCCC3)c3ccccc3)C[C@H]2C1,-6.301029995663981,,,train
Cc1cc(=O)c2c(F)cncc2n1-c1c(Cl)cc(C#CCN2CCOCC2)cc1Cl,,,-4.690369832574102,train
Cc1cc(=O)c2c(F)cncc2n1-c1c(Cl)cc(C#CCO)cc1Cl,,,-4.575118363368933,train
Cc1cc(=O)c2c(F)cncc2n1-c1c(Cl)cc(C#N)cc1Cl,,,-4.856985199745905,train
Cc1cc(=O)c2c(F)cncc2n1-c1c(Cl)cc(OCC(O)CO)cc1Cl,,,-4.508638306165727,test
Cc1cc(=O)c2c(O)cc(O[C@@H]3O[C@H](COC(=O)C4=CC[C@H](C(C)(C)O)CC4)[C@@H](O)[C@H](O)[C@H]3O)cc2o1,-5.223431473213621,,,train
Cc1cc(=O)c2c(OCC(O)CC(O)CO)ncc(Cl)c2n1-c1c(Cl)cccc1Cl,,,-4.779891911959945,train
Cc1cc(=O)c2c(OCC(O)CO)nc(N3CCOCC3)cc2n1-c1c(Cl)cccc1Cl,,,-4.882728704344236,test
Cc1cc(=O)c2c(OCC(O)COCC(O)CO)ncc(Cl)c2n1-c1c(Cl)cccc1Cl,,,-5.1249387366083,train
Cc1cc(=O)c2c(OCCO)ncc(Cl)c2n1-c1c(Cl)cccc1Cl,,,-4.486782399932061,train
Cc1cc(=O)c2c(OCCOCCOCCOCCO)ncc(Cl)c2n1-c1c(Cl)cccc1Cl,,,-4.638272163982407,test
Cc1cc(=O)c2ccccc2[nH]1,,-5.812479279163537,,train
Cc1cc(=O)n(-c2ccccc2)n1C,,-5.856144751819175,,test
Cc1cc(=O)n(O)c(C2CCCCC2)c1Br,,-5.401209493236885,,test
Cc1cc(=O)oc2cc(OCCCCSC(=S)N3CCCCC3)ccc12,,-5.035740369803151,,train
Cc1cc(=O)oc2cc(OCCN3CCN(CCCNc4c5c(nc6ccccc46)CCCC5)CC3)ccc12,,-5.721246399047171,,train
Cc1cc(C#N)nc(C)c1C(=O)N1CCC(C)(N2CCC(N3C(=O)N(C)C[C@H]3c3ccccc3)CC2)CC1,-6.221848749616356,,,test
Cc1cc(C#N)nc(C)c1C(=O)N1CCC(C)(N2CCC(N3C(=O)N(C4CCOCC4)C[C@H]3c3ccccc3)CC2)CC1,-6.0,,,test
Cc1cc(C#N)nc(C)c1C(=O)N1CCC(C)(N2CCC(N3C(=O)N(CC4CCOCC4)C[C@@H]3c3ccccn3)CC2)CC1,-7.0,,,train
Cc1cc(C#N)nc(C)c1C(=O)N1CCC(C)(N2CCC(N3C(=O)N(CC4CCOCC4)C[C@H]3c3ccccc3)CC2)CC1,-6.0,,,train
Cc1cc(C#N)nc(C)c1C(=O)N1CCC(C)(N2CCC(N3C(=O)N(C[C@H]4CC[C@H](O)CC4)C[C@H]3c3ccccc3)CC2)CC1,-6.3979400086720375,,,train
Cc1cc(C#N)nc(C)c1C(=O)N1C[C@H]2CN(CCC(c3ccccc3)C3CCN(S(C)(=O)=O)CC3)C[C@H]2C1,-6.070581074285707,,,test
Cc1cc(C#N)nc(C)c1C(=O)N1C[C@H]2CN(CCC3(c4cccc(F)c4)CCN(C(=O)C(C)(C)C)CC3)C[C@H]2C1,-5.563837352959244,,,train
Cc1cc(C#N)nc(C)c1C(=O)N1C[C@H]2CN(CCC3(c4ccccc4)CCN(C(=O)C4CCCC4)C3)C[C@H]2C1,-5.5934598195660445,,,train
Cc1cc(C#N)nc(C)c1C(=O)N1C[C@H]2CN(CCC3(c4ccccc4)CN(C(=O)C4CC(F)(F)C4)C3)C[C@H]2C1,-6.356547323513813,,,train
Cc1cc(C#N)nc(C)c1C(=O)N1C[C@H]2CN(CCC3(c4ccccc4)CN(C(=O)C4CCC(F)(F)CC4)C3)C[C@H]2C1,-6.275724130399211,,,train
Cc1cc(C#N)nc(C)c1C(=O)N1C[C@H]2CN(CC[C@H](NC(=O)C3CCCC3)c3ccccc3)C[C@H]2C1,-5.522878745280337,,,train
Cc1cc(C(=O)N2CCN(C(=O)C3CCCO3)CC2)ccc1OCc1cccc(Cl)c1,,-4.966576244513051,,train
Cc1cc(C(=O)N2CCN(c3ccc(C(=O)NCCC4CC4)nn3)CC2)c(C(F)(F)F)o1,-4.6777807052660805,,,train
Cc1cc(C(=O)N2CCc3c(c(=O)oc4c(C)c(N5CCN(C)CC5)ccc34)C2)ccc1NS(C)(=O)=O,,-4.636388020107856,,train
Cc1cc(C(=O)NC2CC3CCC(C2)N3c2ccc(C(=O)NCc3ccccc3)cn2)c(C)cc1C(N)=O,,,-7.522878745280337,val
Cc1cc(C(=O)NC2CC3CCC(C2)N3c2ccc(C(=O)N[C@@H](C)c3ccc(N4CCN(C)CC4)cc3)cn2)c(C)cc1C(N)=O,,,-10.0,test
Cc1cc(C(=O)N[C@H]2CCCCC/C=C\[C@@H]3C[C@@]3(C(=O)NS(=O)(=O)C3(C)CC3)NC(=O)[C@@H]3C[C@@H](Oc4nc5cc(F)ccc5nc4C(F)(F)F)CN3C2=O)no1,,-4.91721462968355,,train
Cc1cc(C(=O)N[C@H]2CCCCC/C=C\[C@@H]3C[C@@]3(C(=O)NS(=O)(=O)C3(C)CC3)NC(=O)[C@@H]3C[C@@H](Oc4nc5ccccc5c5ccc(F)cc45)CN3C2=O)no1,,-6.721246399047171,,train
Cc1cc(C(=O)N[C@H]2CCCCC/C=C\[C@@H]3C[C@@]3(C(=O)NS(=O)(=O)C3CC3)NC(=O)[C@@H]3C[C@@H](Oc4nc5cc(F)ccc5nc4C(F)(F)F)CN3C2=O)no1,,-5.292429823902063,,train
Cc1cc(C(=O)N[C@H]2CCCCC/C=C\[C@@H]3C[C@@]3(C(=O)NS(=O)(=O)C3CC3)NC(=O)[C@@H]3C[C@@H](Oc4nc5ccccc5nc4C)CN3C2=O)no1,,-5.455931955649724,,train
Cc1cc(C(=O)O)c2oc(CNC(=O)c3cnn4cccnc34)c(Cl)c2c1,,-8.522878745280337,,val
Cc1cc(C(=O)O)cc2c(=O)c3ccccc3oc12,,-4.7447274948966935,,test
Cc1cc(C(=O)O)ccc1CN1CCC[C@H](O[C@H](CO)c2cc(Cl)cc(Cl)c2)[C@@H]1c1ccccc1,,,-4.657577319177793,train
Cc1cc(C(C)NC(=O)c2[nH]cc(Cc3ccc(C(F)(F)F)nc3)c2C)no1,-4.318758762624412,,,train
Cc1cc(C(C)Nc2cc(Cl)ccc2C(=O)O)c2nc(N3CCOCC3)cc(=O)n2c1,-4.823908740944319,,,train
Cc1cc(C(C)Nc2cccc(C(=O)O)c2)c2nc(N3CCOCC3)cc(=O)n2c1,-6.045757490560675,,,train
Cc1cc(C(C)Nc2ccccc2)c2nc(N3CCOCC3)cc(=O)n2c1,-4.180456064458132,,,train
Cc1cc(C(C)Nc2ccccc2-c2nnn[nH]2)c2nc(N3CCOCC3)cc(=O)n2c1,-7.096910013008056,,,train
Cc1cc(C(C)Nc2ccccc2S(=O)(=O)O)c2nc(N3CCOCC3)cc(=O)n2c1,-7.301029995663981,,,train
Cc1cc(C(F)(F)F)ccc1-c1cccc2cc(S(=O)(=O)Nc3ncns3)ccc12,,,-5.301029995663981,train
Cc1cc(C(F)(F)F)ccc1NC(=O)c1cc2nc(Nc3c(F)cccc3Cl)[nH]c2c2c1OC(C)(C)C2,,-6.508638306165728,,train
Cc1cc(C(F)(F)F)nc(C)c1C(=O)N1C[C@H]2CN(CCC3(c4ccccc4)CN(C(=O)C4CC(F)(F)C4)C3)C[C@H]2C1,-5.798602875679548,,,train
Cc1cc(C(F)(F)F)nc(C)c1C(=O)N1C[C@H]2CN(CCC3(c4ccccc4)CN(C(=O)C4CCC(F)(F)CC4)C3)C[C@H]2C1,-5.764471553092451,,,train
Cc1cc(C(N)=O)c(NC(C)C)cc1C(=O)NC1CC2CCC(C1)N2c1ccc(C(=O)C2CC2)cn1,,,-6.686132779630847,val
Cc1cc(C(N)=O)c(NC2CCCC2)cc1C(=O)NC1CC2CCC(C1)N2c1ccc(C(=O)C2CC2)cn1,,,-6.835647144215563,train
Cc1cc(C(N)=O)c(NCC2CC2)cc1C(=O)NC1CC2CCC(C1)N2c1ccc(C(=O)C2CC2)cn1,,,-6.651695136951839,train
Cc1cc(C(N)=O)ccc1C(=O)NC1CC2CCC(C1)N2c1ccc(C(=O)NCc2ccccc2)cn1,,,-8.67778070526608,train
Cc1cc(C)c(CN2CCc3c(Cl)cc(-c4c(C)noc4C)c(Cl)c3C2=O)c(=O)[nH]1,,,-4.804100347590766,train
Cc1cc(C)c(CN2CCc3c(Cl)cc(C(CO)C4CCOC4)c(Cl)c3C2=O)c(=O)[nH]1,,,-5.585348113584487,train
Cc1cc(C)c(CN2CCc3c(Cl)cc(C(CO)C4CCOCC4)c(Cl)c3C2=O)c(=O)[nH]1,,,-5.537602002101044,train
Cc1cc(C)c(CN2CCc3c(Cl)cc(C(CO)c4ccon4)c(Cl)c3C2=O)c(=O)[nH]1,,,-5.151036777596747,train
Cc1cc(C)c(CN2CCc3c(Cl)cc([C@@H](C)CO)c(Cl)c3C2=O)c(=O)[nH]1,,,-4.823908740944319,test
Cc1cc(C)c(CN2CCc3c(Cl)cc([C@@H](CO)[C@@H]4CCCO4)c(Cl)c3C2=O)c(=O)[nH]1,,,-5.366531544420414,train
Cc1cc(C)c(CN2CCc3c(Cl)cc([C@@H](CO)[C@@H]4CCOC4)c(Cl)c3C2=O)c(=O)[nH]1,,,-5.522878745280337,train
Cc1cc(C)c(CN2CCc3c(Cl)cc([C@@H](CO)[C@H]4CCCO4)c(Cl)c3C2=O)c(=O)[nH]1,,,-5.070581074285707,train
Cc1cc(C)c(CN2CCc3c(Cl)cc([C@H](C)CO)c(Cl)c3C2=O)c(=O)[nH]1,,,-4.906578314837765,train
Cc1cc(C)c(CN2CCc3c(Cl)cc([C@H](CO)[C@@H]4CCCO4)c(Cl)c3C2=O)c(=O)[nH]1,,,-4.835647144215563,train
Cc1cc(C)c(CN2CCc3c(Cl)cc([C@H](CO)[C@H]4CCCO4)c(Cl)c3C2=O)c(=O)[nH]1,,,-5.3872161432802645,test
Cc1cc(C)c(CN2CCc3c(Cl)cc([C@H](CO)[C@H]4CCOC4)c(Cl)c3C2=O)c(=O)[nH]1,,,-5.537602002101044,train
Cc1cc(C)c(CSC(=N)N)c(C)c1CSC(=N)N,-6.045757490560675,,,train
Cc1cc(C)c(S(=O)(=O)N(CC#N)c2ccc(Nc3ccnc(N4CCNCC4)n3)cc2)c(C)c1,,-4.211195506955352,,train
Cc1cc(C)c(S(=O)(=O)N(CC(=O)NO)c2ccc(Nc3ccnc(N4CCNCC4)n3)cc2)c(C)c1,,-4.355561410532162,,val
Cc1cc(C)c(S(=O)(=O)N(CC(=O)O)c2ccc(Nc3ccnc(N4CCCC4)n3)cc2)c(C)c1,,-4.1523039792658345,,train
Cc1cc(C)c(S(=O)(=O)N(CC(=O)O)c2ccc(Nc3ccnc(N4CCNCC4)n3)cc2)c(C)c1,,-3.981507546598528,,test
Cc1cc(C)c(S(=O)(=O)N(Cc2nnn[nH]2)c2ccc(Nc3ccnc(N4CCNCC4)n3)cc2)c(C)c1,,-4.256725476488067,,train
Cc1cc(C)c(S(=O)(=O)N[C@H](CN2Cc3ccccc3C2=O)C(=O)O)c(C)c1,,-6.096910013008056,,train
Cc1cc(C)c(S(=O)(=O)N[C@H](CNC(=O)c2ccnn2C)C(=O)O)c(C)c1,,-7.67778070526608,,test
Cc1cc(C)c(S(=O)(=O)N[C@H](CNC(=O)c2coc(C)n2)C(=O)O)c(C)c1,,-7.0,,train
Cc1cc(C)c(S(=O)(=O)N[C@H](CNCC(=O)c2ccoc2)C(=O)O)c(C)c1,,-6.346787486224656,,train
Cc1cc(C)c2[nH]c3c(c(=O)c2c1)CCCC3,,-4.236572006437063,,train
Cc1cc(C)c2c(=O)c3c([nH]c2c1)CCCC3,,-3.6615435063953954,,train
Cc1cc(C)c2c(N)c(C(N)=O)sc2n1,-4.866461091629782,,,train
Cc1cc(C)cc(C(=O)N(NC(=O)c2ccc3c(c2C)CCCO3)C(C)(C)C)c1,,-4.7775436633207535,,train
Cc1cc(C)cc(Cc2ccc3c(NCCCNCc4ccc5c(c4)OCO5)ccnc3c2)c1,,-4.638272163982407,,train
Cc1cc(C)cc(Cc2ccc3c(NCCCNCc4ccco4)ccnc3c2)c1,,-4.638272163982407,,test
Cc1cc(C)cc(Oc2ccc3nc(COc4cccc(C(=O)O)c4)n(C)c3n2)c1,,-4.7594507517174005,,val
Cc1cc(C)nc(N2C[C@H]3CN(C(=O)c4c(F)cccc4-n4nccn4)C[C@H]3C2)n1,-4.193141970481182,,,train
Cc1cc(C)nc(N2C[C@H]3CN(C(=O)c4ccc(F)cc4-n4nccn4)C[C@H]3C2)n1,-4.235823867609669,,,train
Cc1cc(C)nc(N2C[C@H]3CN(C(=O)c4cccc(F)c4-n4nccn4)C[C@H]3C2)n1,-4.205511953340831,,,train
Cc1cc(C)nc(NS(=O)(=O)c2ccc(Nc3ncc4cc(C(=O)N(C)C)n(C5CCCC5)c4n3)cc2)n1,,-3.424812155072339,,train
Cc1cc(C)nc(Nc2nc3c(s2)CCCc2n[nH]cc2-3)c1,,-5.920818753952375,,train
Cc1cc(C)nc(Nc2nc3c(s2)CCc2n[nH]cc2-3)c1,,-6.0,,val
Cc1cc(C2CCCCC2)n(O)c(=O)c1,,-5.087777943467585,,train
Cc1cc(C2CCCCC2)n(O)c(=O)c1CNC1CCCC1,,-5.410050398674293,,train
Cc1cc(C2CCCCC2)n(O)c(=O)c1I,,-5.116338564846383,,train
Cc1cc(C2CCCCCC2)n(O)c(=O)c1,-5.241088107602026,-5.354577730650909,,train
Cc1cc(C2CCCCN2)cc(F)c1-c1cc2c(-c3cnn(C)c3)n[nH]c2cn1,-6.3979400086720375,,,train
Cc1cc(CC(=O)N2C[C@@H](F)C[C@H]2COc2ccc(C(=O)O)cc2)ccc1NC(=O)Nc1ccccc1Br,,,-5.522878745280337,train
Cc1cc(CC(=O)N2C[C@@H](F)C[C@H]2COc2ccc(C(=O)O)cc2)ccc1NC(=O)Nc1ccccc1Cl,,,-5.522878745280337,train
Cc1cc(CC(C)(C)C(=O)O)cc(C)c1-c1nc2ccc(C(=O)Nc3ccc4ccccc4n3)cc2[nH]1,-5.455931955649724,,,test
Cc1cc(CC2CCCCC2)n(O)c(=O)c1,-4.503070351926785,,,train
Cc1cc(CCC(=O)O)cc(C)c1-c1nc2ccc(C(=O)Nc3ccc4ccccc4n3)cc2[nH]1,-5.853871964321762,,,train
Cc1cc(CCNCc2ccc3c(C)cc(N)nc3c2)ccc1C#N,-4.681936665037238,,,train
Cc1cc(CN(C)C(=O)c2ccc(Oc3ccc(C#C[C@]4(O)CN5CCC4CC5)cc3)cc2)on1,-5.086186147616283,,,test
Cc1cc(CN(C)C)ccc1OC1CN(C(=O)c2nnc(-c3ccccc3)o2)C1,-4.2076083105017466,,,train
Cc1cc(CN2C(=O)C(C3=CS(=O)(=O)c4cc(NS(C)(=O)=O)ccc4N3)=C(O)[C@@H]2C(C)(C)C)ccc1F,,-5.790484985457369,,train
Cc1cc(CN2CCC2)cc(F)c1-c1cc2c(-c3cnn(C)c3)n[nH]c2cn1,-5.508638306165728,,,val
Cc1cc(CNC(=O)c2sc(-n3cnn(Cc4ccc(F)cc4)c3=O)nc2C)[nH]n1,-4.6777807052660805,,,val
Cc1cc(CO)ccc1C(=O)NC1CC2CCC(C1)N2c1ccc(C(=O)NCc2ccccc2)cn1,,,-7.522878745280337,train
Cc1cc(COC(=O)N2C[C@@H]3[C@@H](CNC(=O)c4ccc5[nH]c(=O)oc5c4)[C@@H]3C2)no1,-5.698970004336019,,,train
Cc1cc(COc2ccc(C(=O)N[C@@H]3CC(=O)C[C@@H]3C(=O)NO)cc2)c2ccccc2n1,-6.698970004336019,,,train
Cc1cc(COc2ccc(C(=O)N[C@@H]3CC4(C[C@@H]3C(=O)NO)OCCO4)cc2)c2ccccc2n1,-5.744727494896694,,,train
Cc1cc(COc2ccc(C(=O)N[C@@H]3CCC[C@@H]3C(=O)NO)cc2)c2ccccc2n1,-5.221848749616356,,,train
Cc1cc(COc2ccc(C(=O)N[C@@H]3CN(C(=O)C(C)(C)C)C[C@@H]3C(=O)NO)cc2)c2ccccc2n1,-6.522878745280337,,,val
Cc1cc(COc2ccc(C(=O)N[C@@H]3CN(C(=O)C(C)C)C[C@@H]3C(=O)NO)cc2)c2ccccc2n1,-7.0,,,train
Cc1cc(COc2ccc(C(=O)N[C@@H]3CN(C(=O)OC(C)C)C[C@@H]3C(=O)NO)cc2)c2ccccc2n1,-5.769551078621726,,,train
Cc1cc(COc2ccc(C(=O)N[C@@H]3CN(C(C)C)C[C@@H]3C(=O)NO)cc2)c2ccccc2n1,-5.886056647693163,,,train
Cc1cc(COc2ccc(C(=O)N[C@@H]3CN(C)C[C@@H]3C(=O)NO)cc2)c2ccccc2n1,-6.698970004336019,,,train
Cc1cc(COc2ccc(C(=O)N[C@@H]3CN(C4CCC4)C[C@@H]3C(=O)NO)cc2)c2ccccc2n1,-7.0,,,val
Cc1cc(COc2ccc(C(=O)N[C@@H]3CN(CC(C)C)C[C@@H]3C(=O)NO)cc2)c2ccccc2n1,-6.522878745280337,,,train
Cc1cc(COc2ccc(C(=O)N[C@@H]3CN(Cc4ccco4)C[C@@H]3C(=O)NO)cc2)c2ccccc2n1,-5.958607314841775,,,test
Cc1cc(COc2ccc(C(=O)N[C@@H]3CN(S(C)(=O)=O)C[C@@H]3C(=O)NO)cc2)c2ccccc2n1,-6.522878745280337,,,train
Cc1cc(COc2ccc(C(=O)N[C@@H]3COC[C@@H]3C(=O)NO)cc2)c2ccccc2n1,-6.0,,,train
Cc1cc(COc2ccc(C(=O)N[C@@H]3C[C@@H](N(C)C)C[C@@H]3C(=O)NO)cc2)c2ccccc2n1,-7.0,,,val
Cc1cc(COc2ccc(C(=O)N[C@@H]3C[C@@H](O)C[C@@H]3C(=O)NO)cc2)c2ccccc2n1,-7.0,,,train
Cc1cc(COc2ccc(C(=O)N[C@@H]3C[C@H](O)C[C@@H]3C(=O)NO)cc2)c2ccccc2n1,-7.0,,,test
Cc1cc(C[C@@H](NC(=O)N2CCC(N3Cc4cccc(F)c4NC3=O)CC2)C(=O)N2CCC(N3CCCCC3)CC2)cc2cn[nH]c12,,-7.958607314841775,,train
Cc1cc(C[C@@H](NC(=O)N2CCC(c3cc4ccccc4cc3Cl)CC2)C(=O)N2CCC(N3CCCCC3)CC2)cc2cn[nH]c12,,-7.244125144327507,,train
Cc1cc(C[C@@H](NC(=O)N2CCC(c3ccc(C(F)(F)F)cc3C(F)(F)F)CC2)C(=O)N2CCC(N3CCCCC3)CC2)cc2cn[nH]c12,,-7.1487416512809245,,test
Cc1cc(C[C@@H](NC(=O)N2CCC(c3ccc(Cl)cc3Cl)CC2)C(=O)N2CCC(N3CCCCC3)CC2)cc2cn[nH]c12,,-7.619788758288394,,val
Cc1cc(C[C@@H](NC(=O)N2CCC(c3ccc4ccccc4c3)CC2)C(=O)N2CCC(N3CCCCC3)CC2)cc2cn[nH]c12,,-7.214670164989233,,train
Cc1cc(C[C@@H](NC(=O)N2CCN(c3ccc(Br)cc3)CC2)C(=O)N2CCC(N3CCCCC3)CC2)cc2cn[nH]c12,,-7.2839966563652,,train
Cc1cc(C[C@@H](NC(=O)N2CCN(c3ccc(Cl)cc3Cl)CC2)C(=O)N2CCC(N3CCCCC3)CC2)cc2cn[nH]c12,,-6.769551078621726,,train
Cc1cc(C[C@@H](NC(=O)N2CCN(c3cccc(Cl)c3)CC2)C(=O)N2CCC(N3CCCCC3)CC2)cc2cn[nH]c12,,-7.2839966563652,,train
Cc1cc(C[C@@H](NC(=O)N2CCN(c3ccccc3Br)CC2)C(=O)N2CCC(N3CCCCC3)CC2)cc2cn[nH]c12,,-7.455931955649724,,train
Cc1cc(Cc2ccc(-c3ccccc3)cc2)n(O)c(=O)c1,-5.869666231504994,,,train
Cc1cc(Cc2ccc(OCc3ccccc3)cc2)n(O)c(=O)c1,-6.025949097207123,,,train
Cc1cc(Cc2cccc(-c3ccccc3)c2)n(O)c(=O)c1,-5.962573502059376,,,train
Cc1cc(Cc2cccc(OCc3ccccc3)c2)n(O)c(=O)c1,-5.863279432843593,,,train
Cc1cc(Cc2cccc3ccccc23)n(O)c(=O)c1,-5.189767482004916,,,val
Cc1cc(Cc2ccccc2)n(O)c(=O)c1,-4.841637507904751,,,train
Cc1cc(Cc2ccccc2-c2ccccc2)n(O)c(=O)c1,-6.692503962086787,,,train
Cc1cc(Cc2nc3n(n2)Cc2c(C)ncn2-c2ccc(Br)cc2-3)on1,,-5.481486060122113,,train
Cc1cc(Cc2nc3n(n2)Cc2c(C)ncn2-c2ccc(Cl)cc2-3)on1,,-5.508638306165728,,train
Cc1cc(Cl)cc2c(-c3ccccc3)c(C(=O)O)c(N3CCCCC3)nc12,,-5.749579997691106,,val
Cc1cc(Cl)ccc1-c1ccc2[nH]c3c(c(=O)c2c1)CSCC3,,-6.0,,train
Cc1cc(Cl)cnc1Oc1ccc2nc(COc3cccc(C(=O)O)c3)n(C)c2c1,,-4.863279432843593,,train
Cc1cc(F)c(C(=O)NCCCC(C)(C)C)cc1-c1ccc2c(=O)n(C)ncc2c1,,,-5.091514981121351,test
Cc1cc(F)c(C(=O)N[C@H]2CCOC[C@@H]2O)cc1Cc1ccc(-n2cccn2)cc1,,,-4.698970004336019,train
Cc1cc(F)c(NC(=O)NCCC(C)(C)C)cc1-c1ccc2c(=O)n(C)ncc2c1,,,-5.060480747381382,train
Cc1cc(F)c(NC(=O)c2cccc(C(C)(C)C#N)c2)cc1-c1ccc2c(=O)n(C)ncc2c1,,,-5.10790539730952,test
Cc1cc(F)c(NC(=O)c2cccc(C(C)(C)C#N)c2)cc1-c1cnc2c(=O)n(C)ncc2c1,,,-4.853871964321762,train
Cc1cc(F)cc(C)c1Oc1ccc(C(C)(C)O)cc1-c1cn(C)c(=O)c2[nH]c(C(=O)NC(C)(C)C(F)(F)F)cc12,,-6.2441251443275085,-6.2441251443275085,train
Cc1cc(F)cc(C)c1Oc1ccc(C(C)(C)O)cc1-c1cn(C)c(=O)c2[nH]c(C(=O)NC3(C)CC3(F)F)cc12,,-6.119186407719209,-6.119186407719209,train
Cc1cc(F)cc(C)c1Oc1ccc(C(C)(C)O)cc1-c1cn(C)c(=O)c2[nH]c(C(=O)NC34CC(C3)C4)cc12,,-6.013228265733755,-6.013228265733755,train
Cc1cc(F)cc(C)c1Oc1ccc(C(C)(C)O)cc1-c1cn(C)c(=O)c2[nH]c(C(=O)NC3CC3)cc12,,-5.94692155651658,-5.94692155651658,train
Cc1cc(F)ccc1-c1c(Oc2ccc(/C=C/C(=O)O)cc2)c2ccc(O)cc2oc1=O,-4.721246399047171,,,train
Cc1cc(F)ccc1-c1c(Oc2ccc(/C=C/C(=O)O)cc2)c2ccccc2oc1=O,-4.327902142064283,,,train
Cc1cc(F)ccc1NC(=O)Nc1ccc(CC(=O)N2C[C@@H](F)C[C@H]2COc2ccc(C(=O)O)cc2)cc1Cl,,,-5.920818753952375,train
Cc1cc(F)cnc1Oc1ccc2nc(COc3cccc(C(=O)O)c3)n(C)c2c1,,-5.080921907623926,,test
Cc1cc(N)c(C(=O)N[C@H]2CCOC[C@@H]2O)cc1Cc1ccc(-n2cccn2)cc1,,,-4.721246399047171,test
Cc1cc(N)nc(CCc2cc(CC[C@H]3CCCN3C)cc(F)c2F)c1,-5.958607314841775,,,train
Cc1cc(N)nc(CCc2cc(CC[C@H]3CCN3C)cc(F)c2F)c1,-4.768275616671484,,,train
Cc1cc(N)nc(CCc2cc(F)cc(CCCN(C)C)c2)c1,-5.036212172654444,,,train
Cc1cc(N2CCN(C)CC2)c2[nH]c(N[C@H](CC#N)c3cccc(Cl)c3)nc2n1,-6.167491087293763,,,train
Cc1cc(N2CCOCC2)ccc1Nc1nc(NC2CCCCC2)c2nc[nH]c2n1,,-3.397940008672037,,train
Cc1cc(NC(=O)Nc2cc(F)ccc2F)c2ccccc2n1,,-3.2668027348934308,,train
Cc1cc(NC(=O)Nc2ccc(C(C)(C)C)cc2)c2ccccc2n1,,-3.847711655616944,,train
Cc1cc(NC(=O)Nc2ccc(C(F)(F)F)cc2)c2ccccc2n1,,-5.698970004336019,,train
Cc1cc(NC(=O)Nc2ccc(C)c(Cl)c2)c2ccccc2n1,,-3.5816987086802548,,train
Cc1cc(NC(=O)Nc2ccc(Cl)c(C(F)(F)F)c2)c2ccccc2n1,,-4.200659450546419,,val
Cc1cc(NC(=O)Nc2ccc(Cl)c(Cl)c2)c2ccccc2n1,,-3.705533773838407,,train
Cc1cc(NC(=O)Nc2ccc(Cl)cc2)c2ccccc2n1,,-3.2700257143004445,,train
Cc1cc(NC(=O)Nc2ccc(Cl)cc2Cl)c2ccccc2n1,,-5.221848749616356,,test
Cc1cc(NC(=O)Nc2ccc(F)c(F)c2)c2ccccc2n1,,-3.320572103387881,,train
Cc1cc(NC(=O)Nc2ccc(F)cc2)c2ccccc2n1,,-3.0963674839157624,,train
Cc1cc(NC(=O)Nc2ccc(F)cc2C(=O)O)c2ccccc2n1,,-5.301029995663981,,train
Cc1cc(NC(=O)Nc2ccc(F)cc2F)c2ccccc2n1,,-3.193820026016113,,train
Cc1cc(NC(=O)Nc2ccc(N(C)C)cc2)c2ccccc2n1,,-5.698970004336019,,train
Cc1cc(NC(=O)Nc2ccc(N)cc2)c2ccccc2n1,,-3.275724130399211,,train
Cc1cc(NC(=O)Nc2ccc(O)cc2)c2ccccc2n1,,-5.522878745280337,,train
Cc1cc(NC(=O)Nc2ccc(OC(F)(F)F)cc2)c2ccccc2n1,,-3.274905478918531,,train
Cc1cc(NC(=O)Nc2ccc(SC(F)(F)F)cc2)c2ccccc2n1,,-3.686132779630847,,train
Cc1cc(NC(=O)Nc2ccc([N+](=O)[O-])c(C(F)(F)F)c2)c2ccccc2n1,,-4.346787486224656,,train
Cc1cc(NC(=O)Nc2ccc3[nH]cnc3c2)c2ccccc2n1,,-5.698970004336019,,train
Cc1cc(NC(=O)Nc2ccc3c(c2)OCO3)c2ccccc2n1,,-3.575118363368933,,train
Cc1cc(NC(=O)Nc2cccc(C(C)(C)C)c2)c2ccccc2n1,,-3.255707016877324,,val
Cc1cc(NC(=O)Nc2cccc(C(N)=O)c2)c2ccccc2n1,,-5.698970004336019,,train
Cc1cc(NC(=O)Nc2cccc(Cl)c2)c2ccccc2n1,,-3.2471835688117285,,val
Cc1cc(NC(=O)Nc2cccc(OC(F)(F)F)c2)c2ccccc2n1,,-3.33348201944512,,train
Cc1cc(NC(=O)Nc2cccc([N+](=O)[O-])c2)c2ccccc2n1,,-4.376750709602099,,val
Cc1cc(NC(=O)Nc2cccc3nsnc23)c2ccccc2n1,,-3.8096683018297086,,test
Cc1cc(NC(=O)Nc2ccccc2Br)c(Cl)cc1CC(=O)N1C[C@@H](F)C[C@H]1COc1ccc(C(=O)O)cc1,,,-5.327902142064283,test
Cc1cc(NC(=O)Nc2ccccc2C(C)(C)C)c2ccccc2n1,,-4.568636235841013,,train
Cc1cc(NC(=O)Nc2ccccc2C(F)(F)F)c2ccccc2n1,,-3.024568191490737,,train
Cc1cc(NC(=O)Nc2ccccc2C)c(Cl)cc1CC(=O)N1C[C@@H](F)C[C@H]1COc1ccc(C(=O)O)cc1,,,-5.744727494896694,train
Cc1cc(NC(=O)Nc2ccccc2Cl)c(Cl)cc1CC(=O)N1C[C@@H](F)C[C@H]1COc1ccc(C(=O)O)cc1,,,-5.455931955649724,train
Cc1cc(NC(=O)Nc2ccccc2F)c2ccccc2n1,,-3.0877779434675845,,train
Cc1cc(NC(=O)Nc2ccccc2N)c2ccccc2n1,,-3.522878745280338,,train
Cc1cc(NC(=O)Nc2ccccc2OC(F)(F)F)c2ccccc2n1,,-2.955852379121277,,train
Cc1cc(NC(=O)Nc2ccccc2[N+](=O)[O-])c2ccccc2n1,,-3.690369832574101,,train
Cc1cc(NC(=O)Nc2cccnc2)c2ccccc2n1,,-4.200659450546419,,train
Cc1cc(NC(=O)Nc2cnc3ccccc3c2)c2ccccc2n1,,-4.337242168318426,,test
Cc1cc(NC(=O)Nc2ncccc2C)c2ccccc2n1,,-3.43297363384094,,val
Cc1cc(NC(=O)[C@H](O)c2cc(F)cc(F)c2)ccc1-c1cnc(N)c(C(=O)NC(C)C)c1,-4.823908740944319,,,train
Cc1cc(NC(=O)[C@H](O)c2cc(F)cc(F)c2)ccc1-c1cnc(N)c(C(=O)NC2CC2)c1,-4.853871964321762,,,train
Cc1cc(NC(=O)[C@H](O)c2cccc(Cl)c2)ccc1-c1cnc(N)c(C(=O)NC(C)C)c1,-4.657577319177793,,,train
Cc1cc(NC(=O)c2cc([N+](=O)[O-])ccc2Cl)cc(-c2nc3ccccc3o2)c1O,,-3.978810700930062,,train
Cc1cc(NC(=O)c2cc([N+](=O)[O-])ccc2Cl)cc(-c2nc3ccccc3s2)c1O,,-4.318758762624412,,val
Cc1cc(NC(=O)c2ccc(CN3CCCC3)cc2)nn1Cc1cc(Cl)ccc1OCC(C)C,,,-6.443697499232712,train
Cc1cc(NC(=O)c2ccc3ccccc3c2)ccc1-c1ccc(OCC(C)(C)C(=O)O)cn1,-4.384049948343599,,,train
Cc1cc(NC(=O)c2ccc3ccccc3c2)ccc1-c1ccc(OCC(C)(C)C(=O)O)nn1,-4.371611069949688,,,train
Cc1cc(NC(=O)c2ccc3ccccc3c2)ccc1-c1cnc(OCC(C)(C)C(=O)O)cn1,-4.714442690992226,,,test
Cc1cc(NC(=O)c2ccc3ccccc3c2)ccc1-c1cnc(OCC(C)(C)C(=O)O)nc1,-4.481486060122113,,,train
Cc1cc(NC(=O)c2cnn3ccc(N)nc23)n(-c2cccc(Cl)c2)n1,,,-5.075720713938119,train
Cc1cc(NC(=O)c2cnn3cccnc23)n(-c2cccc(Cl)c2)n1,,,-4.978810700930062,train
Cc1cc(NCCN(C)C)nc2ccc(NC(=O)c3ccc(Cl)c(Cl)c3)cc12,,-5.504455662453552,,train
Cc1cc(NCCN2CCCC2)nc2ccc(NC(=O)c3ccc(Cl)c(Cl)c3)cc12,,-4.681936665037238,,train
Cc1cc(NCCN2CCCCC2)nc2ccc(NC(=O)c3ccc(Cl)c(Cl)c3)cc12,,-4.325322532126801,,train
Cc1cc(NCCN2CCN(C)CC2)nc2ccc(NC(=O)c3ccc(Cl)c(Cl)c3)cc12,,-5.112945621949043,,train
Cc1cc(NCCN2CCOCC2)nc2ccc(NC(=O)c3ccc(Cl)c(Cl)c3)cc12,,-4.30285787372454,,val
Cc1cc(Nc2cc(N)ncn2)c(=O)n2c1C(=O)NC21CCC(F)(F)CC1,-5.958607314841775,,,train
Cc1cc(Nc2cc(N)ncn2)c(=O)n2c1C(=O)NC21CCCCC1,-5.1487416512809245,,,train
Cc1cc(Nc2ccc(S(F)(F)(F)(F)F)cc2)n2nc(C(F)(F)F)nc2n1,-4.267606240177032,,,train
Cc1cc(Nc2nc3c(s2)CCCc2n[nH]cc2-3)n[nH]1,,-4.823908740944319,,train
Cc1cc(Nc2nccc(-c3sc(C4CCNCC4)nc3-c3ccc(F)cc3)n2)cc(C)n1,,-4.721246399047171,,train
Cc1cc(Nc2nccc(-c3sc(C4CCNCC4)nc3-c3ccc(F)cc3)n2)ccn1,,-4.6777807052660805,,val
Cc1cc(Nc2nccc(-c3sc(C4CCNCC4)nc3-c3ccc(F)cc3)n2)nn1C,,-4.698970004336019,,train
Cc1cc(Nc2nccc(-c3sc(C4CCNCC4)nc3-c3ccc(F)cc3)n2)on1,,-4.920818753952375,,test
Cc1cc(Nc2nccc(-c3sc(C4CCNCC4)nc3C3CC3)n2)ccn1,,-4.7447274948966935,,train
Cc1cc(Nc2nccc(-c3sc(C4CCNCC4)nc3CN3CCCCC3)n2)ccn1,,-6.0,,train
Cc1cc(Nc2nccc3nc(-c4c(Cl)cc(C#N)cc4Cl)[nH]c23)ncn1,,,-4.795880017344075,val
Cc1cc(O)cc(C)c1CC(N)C(=O)NCCCCNC(=O)C(N)Cc1c(C)cc(O)cc1C,-6.856985199745905,,,train
Cc1cc(O)cc(C)c1CC(N)C(=O)NCCCCc1nc(O)c(CCCCNC(=O)C(N)Cc2c(C)cc(O)cc2C)nc1C,-6.073143291050307,,,train
Cc1cc(O)cc(C)c1CC(N)C(=O)NCCCc1nc(O)c(CCCNC(=O)C(N)Cc2c(C)cc(O)cc2C)nc1C,-6.262012673666569,,,train
Cc1cc(O)cc(C)c1C[C@H](N)C(=O)N1CCC[C@H]1C(=O)N[C@@H](Cc1c[nH]c2ccccc12)C(=O)N[C@@H](Cc1ccccc1)C(N)=O,-7.002656696098999,,,train
Cc1cc(O)cc(C)c1C[C@H](N)C(=O)N[C@@H]1CCCCNC(=O)C[C@@H](C(N)=O)NC(=O)[C@@H](Cc2ccccc2)CC(=O)[C@H](Cc2ccc(C(F)(F)F)cc2)NC1=O,,-8.236572006437063,,val
Cc1cc(O)cc(C)c1C[C@H](N)C(=O)N[C@@H]1CSCc2ccccc2CSC[C@@H](NC(=O)[C@@H](N)Cc2c(C)cc(O)cc2C)C(=O)NCC(=O)N[C@@H](Cc2ccc(F)cc2)C(=O)NNC(=O)[C@H](Cc2ccc(F)cc2)NC(=O)CNC1=O,,-8.231361898752386,,test
Cc1cc(OC(F)(F)F)ccc1-c1c(Oc2ccc(/C=C/C(=O)O)cc2)c2ccc(O)cc2oc1=O,-4.823908740944319,,,train
Cc1cc(OC(F)(F)F)ccc1-c1c(Oc2ccc(/C=C/C(=O)O)cc2)c2ccccc2oc1=O,-4.4089353929735005,,,train
Cc1cc(OCc2c(-c3c(Cl)c[n+]([O-])cc3Cl)noc2C(C)C)ccc1-c1ccc2c(C(=O)O)cn(C)c2c1,,-3.2313618987523856,,train
Cc1cc(OCc2c(-c3c(Cl)cncc3Cl)noc2C(C)C)ccc1-c1ccc2c(C(=O)O)cn(C)c2c1,,-6.721246399047171,,train
Cc1cc(Oc2ccc(OC(F)(F)F)cc2)ccc1-c1ccc2[nH]c3c(c(=O)c2c1)CSCC3,,-6.0,,train
Cc1cc(S(=O)(=O)Nc2ccc(C(F)(F)F)cc2)cc2c1NC(=O)C(C)(C)NC2=O,-5.154901959985743,,,val
Cc1cc(S(=O)(=O)Nc2ccc(F)cc2F)cc2c1NC(=O)C(C)(C)NC2=O,-5.0,,,train
Cc1cc(S(=O)(=O)Nc2ccncn2)c(F)cc1O[C@H]1CCCC[C@@H]1c1ccnn1C,,-5.173925197299174,,train
Cc1cc(S(=O)(=O)Nc2ccncn2)c(F)cc1O[C@H]1CCC[C@@H]1c1ccnn1C,,-4.987162775294828,,train
Cc1cc(SCc2cc(=O)[nH][nH]2)c(Cl)cc1Cl,-5.327902142064283,,,train
Cc1cc([C@@H](C)Nc2ccccc2C(=O)NO)c2nc(N3CCOCC3)cc(=O)n2c1,-4.2839966563652006,,,train
Cc1cc([C@@H](C)Nc2ccccc2C(=O)NS(C)(=O)=O)c2nc(N3CCOCC3)cc(=O)n2c1,-6.958607314841775,,,train
Cc1cc([C@@H](C)Nc2ccccc2C(=O)O)c2nc(N3CCOCC3)cc(=O)n2c1,-4.7447274948966935,,,train
Cc1cc([C@H](C2CCOCC2)n2c3cc(C(C)(C)O)ccc3c3ncc(-c4c(C)nnn4C)cc32)n(C)n1,,-6.823908740944319,,train
Cc1cc([C@H](C2CCOCC2)n2c3cc(C(C)(C)O)ccc3c3ncc(-c4c(C)nnn4C)cc32)no1,,-6.455931955649724,,train
Cc1cc([C@H]2C[C@H]3CC[C@@H]2C3)n(O)c(=O)c1,,-5.1249387366083,,train
Cc1cc2[nH]c3c(c(=O)c2cc1C)CCCC3,,-4.337242168318426,,train
Cc1cc2c(=O)c3cccc(Cl)c3oc2cc1N1CCC(C(=O)O)C1,,-5.872895201635193,,train
Cc1cc2c(=O)n(Cc3ccccc3C#N)c(N3CCC[C@@H](N)C3)nc2[nH]1,-5.360513510731414,,,train
Cc1cc2c(C(N)=O)c(N)n(-c3c(C)ccc(O)c3C)c2nc1C,-4.818156412055227,,,val
Cc1cc2c(cc1C)-c1oc(C(=O)N3CCN(Cc4ccccc4)CC3)c(C)c1C(=O)C2=O,,-4.924453038607469,,train
Cc1cc2c(cc1C)-c1oc(CN3CCN(c4ccc(F)cc4)CC3)c(C)c1C(=O)C2=O,,-4.54821356447571,,train
Cc1cc2c(cc1C)-c1oc(CNc3ccc(CN4CCOCC4)cc3)c(C)c1C(=O)C2=O,,-4.332547047110047,,train
Cc1cc2c(cc1C)-c1oc(CNc3ccc(F)cc3)c(C)c1C(=O)C2=O,,-4.376750709602099,,test
Cc1cc2c(cc1C)-c1oc(CNc3cccc(F)c3)c(C)c1C(=O)C2=O,,-4.1791420105603,,train
Cc1cc2c(cc1C)-c1occ(C)c1C(=O)C2=O,,-4.3655227298392685,,train
Cc1cc2c(cc1CN(C)C)CCN(C(=O)c1cc3cc(Cl)ccc3n1C)C2,-4.928117992693875,,,test
Cc1cc2c(cc1N1C(=O)c3cccc4c(CCCO)ccc(c34)C1=O)n(C)c(=O)n2C,-6.846012870857625,,,train
Cc1cc2c(cc1S(=O)(=O)Nc1ccc(C(F)(F)F)cc1)C(=O)NC(C)(C)C(=O)N2,-5.154901959985743,,,test
Cc1cc2cc(n1)-c1cnn(C)c1OCCC[C@@H](C)CN1/C(=N/C2=O)Nc2ccc(CN3CCN(C)CC3)cc21,,-5.275724130399211,,train
Cc1cc2cc(n1)-c1cnn(C)c1OCCC[C@@H](C)CN1/C(=N/C2=O)Nc2ccccc21,,-6.698970004336019,,train
Cc1cc2ccc(OCCN3CCN(CCCNc4c5c(nc6ccccc46)CCCC5)CC3)cc2oc1=O,,-5.5301779840218375,,train
Cc1cc2ccc1[C@@H](C)COC(=O)Nc1ccc(-c3ccnn3C)c(c1)CN(C)C(=O)[C@@H]2Nc1ccc2c(N)nccc2c1,,-7.229147988357856,,train
Cc1cc2ccc1[C@@H](C)COC(=O)Nc1ccc(C(=O)N(C)C)c(c1)CN(C)C(=O)[C@@H]2Nc1ccc2c(N)nccc2c1,,-7.721246399047171,,train
Cc1cc2ccc1[C@@H](C)COC(=O)Nc1ccc(C(N)=O)c(c1)CN(C)C(=O)[C@@H]2Nc1ccc2c(N)nccc2c1,,-7.236572006437063,,train
Cc1cc2ccc1[C@@H](C)COC(=O)Nc1ccc(C3(C(=O)O)CC3)c(c1)CN(C)C(=O)[C@@H]2Nc1ccc2c(N)ncc(F)c2c1,,-6.931814138253839,,train
Cc1cc2ccc1[C@@H](C)COC(=O)Nc1ccc(C3(C(=O)O)CCC3)c(c1)CN(C)C(=O)[C@@H]2Nc1ccc2c(N)ncc(F)c2c1,,-7.468521082957745,,train
Cc1cc2ccc1[C@@H](C)COC(=O)Nc1ccc(C3(C(=O)O)CCCC3)c(c1)CN(C)C(=O)[C@@H]2Nc1ccc2c(N)ncc(F)c2c1,,-7.397940008672037,,train
Cc1cc2ccc1[C@@H](C)COC(=O)Nc1ccc(C3(C(=O)O)CCCCC3)c(c1)CN(C)C(=O)[C@@H]2Nc1ccc2c(N)ncc(F)c2c1,,-7.096910013008056,,val
Cc1cc2ccc1[C@@H](C)COC(=O)Nc1ccc(C3(C(=O)O)CCOCC3)c(c1)CN(C)C(=O)[C@@H]2Nc1ccc2c(N)ncc(F)c2c1,,-7.67778070526608,,val
Cc1cc2ccc1[C@@H](C)COC(=O)Nc1ccc(C3(c4nnn[nH]4)CC3)c(c1)CN(C)C(=O)[C@@H]2Nc1ccc2c(N)ncc(F)c2c1,,-7.318758762624412,,test
Cc1cc2ccc1[C@@H](C)COC(=O)Nc1ccc(OC(F)(F)F)c(c1)CN(C)C(=O)[C@@H]2Nc1ccc2c(N)nccc2c1,,-6.638272163982407,,train
Cc1cc2ccc1[C@@H](C)COC(=O)Nc1ccc(S(=O)(=O)C3CC3)c(c1)CN(C)C(=O)[C@@H]2Nc1cc(F)c2c(N)nccc2c1,,-6.698970004336019,,train
Cc1cc2ccc1[C@@H](C)COC(=O)Nc1ccc(S(=O)(=O)C3CC3)c(c1)CN(C)C(=O)[C@@H]2Nc1cc2ccnc(N)c2cc1F,,-6.7447274948966935,,train
Cc1cc2ccc1[C@@H](C)COC(=O)Nc1ccc(S(=O)(=O)C3CC3)c(c1)CN(C)C(=O)[C@@H]2Nc1ccc2c(N)ncc(F)c2c1,,-6.045757490560675,,train
Cc1cc2ccc1[C@@H](C)COC(=O)Nc1ccc(S(=O)(=O)C3CC3)c(c1)CN(C)C(=O)[C@@H]2Nc1ccc2c(N)nccc2c1,,-7.301029995663981,,train
Cc1cc2ccc1[C@@H](C)COC(=O)Nc1cccc(c1)CN(C)C(=O)[C@@H]2Nc1ccc2c(N)nccc2c1,,-7.886056647693163,,train
Cc1cc2nccn2cc1Nc1ncc2c(n1)n(C1CCOCC1)c(=O)n2C,-4.958607314841775,,,val
Cc1cc2nccn2cc1Nc1ncc2c(n1)n([C@H]1CC[C@H](O)CC1)c(=O)n2C,-6.3979400086720375,,,train
Cc1cc2ncnn2cc1Nc1ncc2c(n1)n(C1CCC(F)(F)CC1)c(=O)n2C,-4.638272163982407,,,train
Cc1cc2ncnn2cc1Nc1ncc2c(n1)n(C1CCCCC1)c(=O)n2C,-4.619788758288394,,,train
Cc1cc2ncnn2cc1Nc1ncc2c(n1)n(C1CCOCC1)c(=O)n2C,-4.657577319177793,,,train
Cc1cc2ncnn2cc1Nc1ncc2c(n1)n([C@H]1CC[C@@](C)(O)CC1)c(=O)n2C,-4.619788758288394,,,train
Cc1cc2ncnn2cc1Nc1ncc2c(n1)n([C@H]1CC[C@H](O)CC1)c(=O)n2C,-6.3979400086720375,,,train
Cc1cc2ncnn2cc1Nc1ncc2c(n1)n([C@H]1CC[C@](C)(O)CC1)c(=O)n2C,-6.154901959985743,,,train
Cc1cc[n+]([O-])c(C)c1C(=O)N1C[C@H]2CN(CC[C@H](NC(=O)C3CCCC3)c3ccccc3)C[C@H]2C1,-7.0,,,train
Cc1ccc(-c2c(C3CCCCC3)c3ccc(C(=O)NC(C)(C)C(=O)Nc4ccc(/C=C/C(=O)O)cc4)cc3n2C)cn1,-5.585026652029182,,,train
Cc1ccc(-c2c(C3CCCCC3)c3ccc(C(=O)NC(C)(C)C(=O)Nc4ccc(/C=C/C(=O)O)cc4)cc3n2C)nc1,-4.785156151952302,,,val
Cc1ccc(-c2cc(-c3ccc(C(=O)O)cc3)cnc2N)cc1,,,-4.823908740944319,test
Cc1ccc(-c2cc(C(=O)O)ncn2)cc1Cl,-6.619788758288394,,,train
Cc1ccc(-c2cc(C(F)(F)F)ccc2[C@H]2CCOc3cc(S(=O)(=O)Nc4ncccn4)ccc32)cn1,-6.403402904373539,,,train
Cc1ccc(-c2cc(NC3CCN(C)CC3)c3cc(Cl)c(OCCCN4CCCC4)cc3n2)o1,,-7.610833915635467,,test
Cc1ccc(-c2cc3nc(C)c(C(OC(C)(C)C)C(=O)O)c(-c4cc(F)c5c(c4C)CCCO5)n3n2)cc1,,-6.308034897232639,,test
Cc1ccc(-c2ccc(-n3c(Cl)cc4[nH]c(=O)c(C#N)c(O)c43)cc2)cc1,,-8.318758762624412,,train
Cc1ccc(-c2ccc(C(=O)NC(CN)c3ncc(CO)s3)[nH]2)cc1F,-5.591760034688151,,,train
Cc1ccc(-c2ccc(C(=O)NC3(C(=O)N[C@@H](CCCN4CCN(CC5CCOCC5)CC4)Cc4ccccc4)CCCC3)cc2)cc1,-5.1487416512809245,,,train
Cc1ccc(-c2ccc(C(=O)NC3(C(=O)N[C@H](Cc4ccccc4)C(=O)NCC4CCN(CC5CCOCC5)CC4)CCCC3)cc2)cc1,-4.920818753952375,,,train
Cc1ccc(-c2ccc(N3CCOc4ncnc(N)c4C3=O)cc2)c(Cl)c1,-4.779891911959945,,,train
Cc1ccc(-c2cn(C(F)(F)F)cn2)cc1NC(=O)c1ccc(OCc2ccccn2)cc1,-4.214670164989233,,,train
Cc1ccc(-c2cn(C)cn2)cc1NC(=O)c1ccc(OCc2ccccn2)cc1,-4.142667503568732,,,train
Cc1ccc(-c2n[nH]c3cnc(-c4cccnc4)cc23)nc1N1CCC[C@H](N)C1,,,-5.522878745280337,test
Cc1ccc(-c2nc(NCC3CCN(Cc4cc(F)cc(F)c4)CC3)sc2-c2ccc(C)cc2)cc1,,-4.838631997765025,,val
Cc1ccc(-c2nc(NCC3CCN(Cc4ccc(F)cc4)CC3)sc2-c2ccc(C)cc2)cc1,,-4.995678626217358,,train
Cc1ccc(-c2nc(NCC3CCN(Cc4ccccc4C(F)(F)F)CC3)sc2-c2ccc(C)cc2)cc1,,-4.892790030352132,,train
Cc1ccc(-c2nc(NCC3CCN(Cc4ccccc4C)CC3)sc2-c2ccc(C)cc2)cc1,,-4.97469413473523,,train
Cc1ccc(-c2nc3ccccc3o2)cc1NC(=O)c1cnccc1Cl,,-3.189767482004916,,test
Cc1ccc(-c2nc3ccccc3s2)cc1NC(=O)c1cc([N+](=O)[O-])c(N(C)C)cc1Cl,,-6.0,,train
Cc1ccc(-c2nc3ccccc3s2)cc1NC(=O)c1cc([N+](=O)[O-])c(N2CCC(C(=O)O)CC2)cc1Cl,,-4.769551078621726,,train
Cc1ccc(-c2nc3ccccc3s2)cc1NC(=O)c1cc([N+](=O)[O-])c(N2CCCCC2)cc1Cl,,-6.0,,val
Cc1ccc(-c2nc3ccccc3s2)cc1NC(=O)c1cc([N+](=O)[O-])c(N2CCN(C)CC2)cc1Cl,,-4.17630851494269,,train
Cc1ccc(-c2nc3ccccc3s2)cc1NC(=O)c1cc([N+](=O)[O-])c(N2CCNCC2)cc1Cl,,-5.809894379144197,,train
Cc1ccc(-c2nc3ccccc3s2)cc1NC(=O)c1cc([N+](=O)[O-])ccc1Cl,,-4.3872161432802645,,train
Cc1ccc(-c2nc3ccccc3s2)cc1NC(=O)c1cnccc1Cl,,-3.101823516502324,,train
Cc1ccc(-c2ncc(OC[C@H]3CCNC3)cc2-c2ccc(C#N)cc2)cc1,-5.251811972993799,,,train
Cc1ccc(-c2nn(Cc3ccccc3)c(=O)c(C3=CS(=O)(=O)c4ccccc4N3)c2O)s1,-6.522878745280337,,,train
Cc1ccc(-c2nn(Cc3ccccc3)c(=O)c(C3=NS(=O)(=O)c4ccccc4N3)c2O)s1,-5.886056647693163,,,test
Cc1ccc(-c2noc(COc3ccc(CCC(=O)O)cc3)n2)cc1,-4.563837352959244,,,val
Cc1ccc(-n2c(C)cc(-c3nnc4n3CCCCC4)c2C)cc1,,-2.876148359032914,,train
Cc1ccc(-n2nc(C(C)(C)C)cc2NC(=O)N[C@H]2CC[C@@H](Oc3ccc4nnc(C(C)C)n4c3)c3ccccc32)cc1,-5.552841968657781,,,train
Cc1ccc(-n2nc(C(C)(C)C)cc2NC(=O)N[C@H]2CC[C@@H](Oc3ccc4nnc(N5CCC(CO)CC5)n4c3)c3ccccc32)cc1,-5.481486060122113,,,val
Cc1ccc(-n2nc(C(C)(C)C)cc2NC(=O)N[C@H]2CC[C@@H](Oc3ccc4nnc(N5CCCCC5)n4c3)c3ccccc32)cc1,-5.6020599913279625,,,train
Cc1ccc(-n2nc(C)c3ccc(-c4ccc([C@H]5C[C@@H]5C(=O)O)cc4)cc32)cc1,-4.236572006437063,,,test
Cc1ccc(-n2nc(C)c3cnc(-c4ccc([C@H]5C[C@@H]5C(=O)O)cc4F)cc32)nc1,-4.119186407719209,,,train
Cc1ccc(/C(=C(\CCCO)c2ccccc2)c2ccc(N3CCN(C(C)C)CC3)cc2)cc1,,-5.679853713888946,,train
Cc1ccc(/C(=C(\CCCO)c2ccccc2)c2ccc(N3CCN(C)CC3)cc2)cc1,,-5.315154638355588,,train
Cc1ccc(/C(=C(\CCCO)c2ccccc2)c2ccc(N3CCNCC3)cc2)cc1,,-5.442492798094342,,train
Cc1ccc(/C=C/C(=O)NC2(C(=O)N[C@H](Cc3ccccc3)C(=O)NCC3CCN(CC4CCOCC4)CC3)CCCC2)cc1,-6.0,,,train
Cc1ccc(C(=O)N(CC(=O)Nc2ncc(-c3ccc(N)cc3)s2)Cc2ccccc2)cn1,-4.769551078621726,,,val
Cc1ccc(C(=O)N2CCC(=CC(=O)N[C@@H]3CCN(Cc4ccc5cc(F)ccc5c4)C3)CC2)c(O)c1,,-4.563837352959244,,train
Cc1ccc(C(=O)NC2CC2)cc1-c1cc2cnn(-c3c(F)cccc3F)c2n(C)c1=O,-4.568636235841013,,,train
Cc1ccc(C(=O)NC2CC2)cc1-c1cc2cnn(-c3ccc(F)cc3F)c2n(C)c1=O,-4.698970004336019,,,train
Cc1ccc(C(=O)NC2CC2)cc1-c1ccc2c(c1)NC(=O)C21CCCC1,-4.7447274948966935,,,train
Cc1ccc(C(=O)NC2CC2)cc1-c1ccn2c(C(C)(C)C)nnc2c1,-4.823908740944319,,,train
Cc1ccc(C(=O)NCc2cn(C)nn2)cc1S(=O)(=O)Nc1ccc(-c2ccno2)cc1,,,-4.920818753952375,val
Cc1ccc(C(=O)NCc2cn(C)nn2)cc1S(=O)(=O)Nc1ccc(Cl)cc1,,,-4.721246399047171,train
Cc1ccc(C(=O)N[C@@H](Cc2ccccc2)c2nc(-c3ccc4c(N)n[nH]c4c3)c(Cl)[nH]2)c(F)c1,,-6.262012673666569,,test
Cc1ccc(C(=O)N[C@H]2CCOC[C@@H]2O)cc1Cc1ccc(-n2cccn2)cc1,,,-4.795880017344075,test
Cc1ccc(C(=O)Nc2cc(-c3cc4c([nH]3)C3(CCCNC3)CNC4=O)ccn2)cc1C,,-8.0,,train
Cc1ccc(C(=O)Nc2cc(-c3cc4c([nH]3)C3(CCNC3)CNC4=O)ccn2)cc1C,,-8.698970004336019,,train
Cc1ccc(C(=O)Nc2cc(F)cc(CN3CCN(C(=O)C4CCCC4)[C@@H](C)C3)c2C)cn1,-4.3979400086720375,,,train
Cc1ccc(C(=O)Nc2ccc(OC(CCN(C)C)c3ccccc3)cc2)cc1Cl,-4.701146923590294,,,train
Cc1ccc(C(=O)Nc2ccc([N+](=O)[O-])cc2Cl)c(O)c1,,-5.214670164989233,,train
Cc1ccc(C(=O)Nc2cccc(C(C)(C)C)c2)cc1-c1cc(N2CCOCC2)ncn1,-4.823908740944319,,,train
Cc1ccc(C(=O)Nc2cccc(C(F)(F)F)c2)cc1-c1cc(N2CCOCC2)ncn1,-4.823908740944319,,,train
Cc1ccc(C(=O)Nc2cn3ncnc3c(CN3CCN(C(=O)C4CCCC4)[C@@H](C)C3)c2C)cn1,-5.6020599913279625,,,train
Cc1ccc(C(=O)Nc2cn3ncnc3c(CN3CCN(C(=O)CC(C(F)(F)F)C(F)(F)F)[C@@H](C)C3)c2C)cn1,-5.017728766960432,,,val
Cc1ccc(C(=O)Nc2cn3ncnc3c(O[C@H]3CCN(C(=O)CC(C(F)(F)F)C(F)(F)F)[C@@H](C)C3)c2C)cn1,-4.508638306165727,,,train
Cc1ccc(C(C)C)c(OC(C)c2nc(N)nc(N3CCN(C)CC3)n2)c1,,-3.9100948885606015,,train
Cc1ccc(C(F)(F)CNc2ccc(C#N)c(CC(=O)NCCONC(=N)N)c2F)nc1,-6.698970004336019,,,train
Cc1ccc(C)c(CCNC(=O)C(=O)N[C@@H](C)C(=O)N[C@@H](CC(=O)O)C(=O)COc2c(F)c(F)cc(F)c2F)c1,,-5.366531544420414,,train
Cc1ccc(C)c(CNC(=O)C(=O)N[C@@H](C)C(=O)N[C@@H](CC(=O)O)C(=O)COc2c(F)c(F)cc(F)c2F)c1,,-5.376750709602099,,train
Cc1ccc(C)c(Oc2ccc3nc(COc4cccc(C(=O)O)c4)n(C)c3c2)n1,,-4.958607314841775,,train
Cc1ccc(C)c2c(=O)c3c([nH]c12)CCCC3,,-3.580044251510242,,test
Cc1ccc(C)c2c1CCC21CCN(CCc2cnn(-c3nccc4c(=O)[nH]cnc34)c2)CC1,-4.743282254022513,,,train
Cc1ccc(C2CC(N(Cc3ccc(Br)c(Cl)c3)C3CC4CNC3C4)C2)cc1,,-3.910130198490448,,train
Cc1ccc(C2CC(N(Cc3ccc(Br)c(Cl)c3)C3CCC(N)CC3)C2)cc1,,-3.087225459953919,,train
Cc1ccc(C2CC(N(Cc3ccc(Br)c(Cl)c3)C3CCCNCC3)C2)cc1,,-3.176630118375108,,train
Cc1ccc(C2CC(N(Cc3ccc(Br)c(Cl)c3)C3CCN(C(C)C)CC3)C2)cc1,,-4.636388020107856,,train
Cc1ccc(C2CC(N(Cc3ccc(Br)c(Cl)c3)C3CCN(C)CC3)C2)cc1,,-3.561821693478177,,val
Cc1ccc(C2CC(N(Cc3ccc(Br)c(Cl)c3)C3CCNCC3)C2)cc1,,-3.0936649581949096,,train
Cc1ccc(C2CC(N(Cc3ccc(Br)c(Cl)c3)C3CCOCC3)C2)cc1,,-5.1938200260161125,,val
Cc1ccc(C2CCN(C(=O)N[C@H](Cc3cc(C)c4[nH]ncc4c3)C(=O)N3CCC(N4CCCCC4)CC3)CC2)c(Cl)c1,,-6.920818753952375,,train
Cc1ccc(CC(=O)N2CCC3(CC2)CN([C@@H]2CCc4cc(-c5cc(C)ncn5)ccc42)C3)nc1,,,-5.0,train
Cc1ccc(CC(=O)NCCCn2c(=O)c3cc(F)ccc3n3c(=S)[nH]nc23)cc1,,-3.20690839982342,,val
Cc1ccc(CC(C)(C)NC[C@@H](O)CO[C@H](C)c2ccccc2-c2ccc(C(=O)O)c(C)c2)cc1F,,,-5.356547323513813,train
Cc1ccc(CC2CCOC3(CCN(Cc4ccc(COc5ccc(CCC(=O)O)cc5)cc4)CC3)C2)cc1,-4.982966660701219,,,test
Cc1ccc(CCNC(=O)C(=O)N[C@@H](C)C(=O)N[C@@H](CC(=O)O)C(=O)COc2c(F)c(F)cc(F)c2F)c(C)c1,,-5.130768280269024,,test
Cc1ccc(CCNC(=O)C(=O)N[C@@H](C)C(=O)N[C@@H](CC(=O)O)C(=O)COc2c(F)c(F)cc(F)c2F)cc1C,,-5.2076083105017466,,train
Cc1ccc(CCNc2ncc(C)n(CC(=O)N(C)CCONC(=N)N)c2=O)cc1,-6.568636235841013,,,train
Cc1ccc(CN(C)C[C@H]2Cc3c(cccc3N3CCNCC3)CN2)nc1,,-6.647817481888637,,train
Cc1ccc(CN2CCC(NC(=O)Nc3cccc(C(F)(F)F)c3)CC2)cc1,,-2.657577319177794,,val
Cc1ccc(CNC(=O)C(=O)N[C@@H](C)C(=O)N[C@@H](CC(=O)O)C(=O)COc2c(F)c(F)cc(F)c2F)c(C)c1,,-5.3979400086720375,,train
Cc1ccc(CNC(=O)C(=O)N[C@@H](C)C(=O)N[C@@H](CC(=O)O)C(=O)COc2c(F)c(F)cc(F)c2F)cc1,,-5.958607314841775,,train
Cc1ccc(CNC(=O)C(=O)N[C@@H](C)C(=O)N[C@@H](CC(=O)O)C(=O)COc2c(F)c(F)cc(F)c2F)cc1C,,-5.431798275933005,,train
Cc1ccc(CNC(=O)c2cc(Cl)ccc2O)cc1,,-4.370590400897282,,train
Cc1ccc(CNC(=O)c2ccc(N3CCN(C(=O)c4ccccc4C(F)(F)F)CC3)nn2)o1,-4.6020599913279625,,,train
Cc1ccc(CNS(=O)(=O)/C=C/c2ccc(O)c(O)c2)cc1,,-5.173925197299174,,train
Cc1ccc(COC(=O)N2C[C@@H]3[C@@H](CNC(=O)c4ccc5[nH]c(=O)oc5c4)[C@@H]3C2)nc1,-6.0,,,test
Cc1ccc(Cc2nc(C(=O)O)c(O)c(=O)[nH]2)cc1,,-7.154901959985743,,train
Cc1ccc(Cl)c2oc3cc(N4CCC(C(=O)O)C4)ccc3c(=O)c12,,-6.229147988357856,,test
Cc1ccc(Cn2cnc(=O)c3cc(Oc4ncccc4C(F)(F)F)ccc32)c(F)c1,-5.075720713938119,,,train
Cc1ccc(F)c(C)c1Oc1c(C(=O)N2CCNCC2)c2ncccc2n1-c1ccccc1,-5.366531544420414,,,train
Cc1ccc(F)cc1NC(=O)Nc1ccc(CC(=O)N2C[C@@H](F)C[C@H]2COc2ccc(C(=O)O)cc2)cc1Cl,,,-5.585026652029182,val
Cc1ccc(F)cc1Oc1c(C(=O)N2CCNCC2)c2ccnc(Cc3ccccc3)c2n1-c1ccccc1,-5.4089353929735005,,,train
Cc1ccc(N2CCN(Cc3cc(C(=O)N[C@H]4CCCC[C@@H]4O)c(=O)n4ccccc34)CC2)nc1,,,-4.638272163982407,train
Cc1ccc(N2CCOc3ncnc(N)c3C2=O)cc1,,,-4.481486060122113,train
Cc1ccc(NC(=O)C2(c3ccc4c(c3)OC(F)(F)O4)CC2)nc1-c1cccc(C(=O)O)c1,,,-4.6020599913279625,train
Cc1ccc(NC(=O)N2CCN(Cc3sc4ccccc4c3C)CC2)nc1,,,-4.6020599913279625,train
Cc1ccc(NC(=O)NC2CCN(Cc3ccccc3)CC2)cc1Cl,,-2.657577319177794,,train
Cc1ccc(NC(=O)Nc2cc(C)nc3ccccc23)cc1,,-3.1745738822321767,,train
Cc1ccc(NC(=O)Nc2ccc(-c3nc(N4CCOCC4)nc(N4CCOCC4)n3)cc2)cc1,,-5.251811972993799,,test
Cc1ccc(NC(=O)[C@@H](CCC2CC2)NC(=O)c2[nH]c3c(c2C)C(=O)CC(C)(C)C3)cn1,,-5.015922966097169,,train
Cc1ccc(NC(=O)c2c(C)[nH]n(-c3ccccn3)c2=O)cc1,-5.214670164989233,,,train
Cc1ccc(NC(=O)c2cc(-c3cc4cc(C(=O)O)ccc4o3)ccc2N2CCCCC2)cc1,-5.920818753952375,,,train
Cc1ccc(NC(=O)c2cc(-n3cc4ccc(C(=O)O)cc4n3)ccc2N2CCCCC2)cc1,-4.638272163982407,,,train
Cc1ccc(NC(=O)c2cc(Cl)ccc2O)cc1,,-4.6777807052660805,,train
Cc1ccc(NC(=O)c2cc(N3C(=O)c4ccc(C(=O)O)cc4C3=O)ccc2N2CCCCC2)cc1,-4.920818753952375,,,train
Cc1ccc(NC(=O)c2cc(Oc3ccc(S(C)(=O)=O)cc3)c3c(c2)OC(C)(C)C3)nc1,,,-4.657577319177793,train
Cc1ccc(NC(=O)c2cc(Oc3ccc(S(C)(=O)=O)cc3)cc(OC(C)C)c2)nc1,,,-5.356547323513813,train
Cc1ccc(NC(=O)c2ccc(C(=O)N(C)C)cc2)cc1Nc1nccc(-c2cccnc2)n1,-4.721246399047171,,,train
Cc1ccc(NC(=O)c2ccc(C(=O)O)cc2)cc1Nc1nccc(-c2cccnc2)n1,-7.0,,,train
Cc1ccc(NC(=O)c2ccc(C(N)=O)cc2)cc1Nc1nccc(-c2cccnc2)n1,-5.522878745280337,,,test
Cc1ccc(NC(=O)c2ccc(CN3CCN(C)CC3)cc2)cc1Nc1nccc(-c2cccnc2)n1,-5.065384140134512,,-5.114073660198569,train
Cc1ccc(NC(=O)c2ccc(P(=O)(O)O)cc2)cc1Nc1nccc(-c2cccnc2)n1,-6.522878745280337,,,train
Cc1ccc(NC(=O)c2ccc(P(C)(=O)O)cc2)cc1Nc1nccc(-c2cccnc2)n1,-7.0,,,train
Cc1ccc(NC(=O)c2ccc(P(C)(C)=O)cc2)cc1Nc1nccc(-c2cccnc2)n1,-7.0,,,train
Cc1ccc(NC(=O)c2ccc(S(=O)(=O)N(C)C)cc2)cc1Nc1nccc(-c2cccnc2)n1,-4.376750709602099,,,train
Cc1ccc(NC(=O)c2ccc(S(C)(=N)=O)cc2)cc1Nc1nccc(-c2cccnc2)n1,-5.301029995663981,,,train
Cc1ccc(NC(=O)c2ccc(S(C)(=O)=O)cc2)cc1Nc1nccc(-c2cccnc2)n1,-4.7447274948966935,,,test
Cc1ccc(NC(=O)c2ccc(S(N)(=O)=O)cc2)cc1Nc1nccc(-c2cccnc2)n1,-5.698970004336019,,,val
Cc1ccc(NC(=O)c2ccc([S+](C)[O-])cc2)cc1Nc1nccc(-c2cccnc2)n1,-5.154901959985743,,,train
Cc1ccc(NC(=O)c2cccc(C(F)(F)F)c2)cc1-c1cc(N2CCOCC2)c(=O)n(C)c1,-4.698970004336019,,,train
Cc1ccc(NC(=O)c2cccc(C(F)(F)F)c2)cc1-c1cc(N2CCOCC2)nc(NCCO)n1,-5.096910013008056,,,test
Cc1ccc(NC(=O)c2cccc(C(F)(F)F)c2)cc1-c1cc(N2CCOCC2)ncn1,-4.721246399047171,,,train
Cc1ccc(NC(=O)c2cccc(C(F)(F)F)c2)cc1-c1cn(C)c(=O)c(N2CCOCC2)n1,-4.6777807052660805,,,train
Cc1ccc(NC(=O)c2cccc(C(F)(F)F)c2)cc1NC(=O)c1cnc(N)nc1,-7.0,,,train
Cc1ccc(NC(=O)c2cccc(C(F)(F)F)c2)cc1NC(=O)c1cncc(-c2cnn(C)c2)c1,-4.903089986991944,,,train
Cc1ccc(NC(=O)c2ccnc(C(C)(C)C#N)c2)cc1-c1cc(N2CCOCC2)c(=O)n(C)n1,-5.200659450546419,,,train
Cc1ccc(NC(=O)c2ccnc(C(F)(F)F)c2)cc1-c1cc(NCCO)nc(N2CCOCC2)c1,-5.301029995663981,,,train
Cc1ccc(NC(=O)c2ccnc(C(F)(F)F)c2)cc1-c1cc(OCCO)nc(N2CCOCC2)c1,-5.045757490560675,,,train
Cc1ccc(NS(=O)(=O)c2cc(C(=O)NCc3cccnc3)ccc2C)cc1,,,-4.823908740944319,train
Cc1ccc(NS(=O)(=O)c2cc(C(=O)NCc3nc(C)no3)ccc2C)cc1,,,-4.698970004336019,train
Cc1ccc(NS(=O)(=O)c2cc3c(cc2F)NC(=O)CC3)cc1Cl,-5.206209615309182,,,train
Cc1ccc(NS(=O)(=O)c2cc3c(cc2N[C@@H](C)CO)NC(=O)CC3)cc1Cl,-5.94692155651658,,,val
Cc1ccc(NS(=O)(=O)c2ccc3c(c2)CCC(=O)N3)cc1C,-4.826813731587726,,,val
Cc1ccc(NS(=O)(=O)c2cccc(C(=O)NCc3nc(C)no3)c2)cc1,,,-4.657577319177793,val
Cc1ccc(NS(C)(=O)=O)c(C(=O)N2CCCC[C@H]2c2cc3[nH]c(C)c(C)c(=O)n3n2)c1,-7.0,,,train
Cc1ccc(NS(C)(=O)=O)c(C(=O)N2CCCC[C@H]2c2cc3nc(C)c(C)c(C)n3n2)c1,-4.619788758288394,,,test
Cc1ccc(NS(C)(=O)=O)c(C(=O)N2CCCC[C@H]2c2cc3nc(C)c(C)cn3n2)c1,-4.376750709602099,,,val
Cc1ccc(NS(C)(=O)=O)c(C(=O)N2CCCC[C@H]2c2cc3nc(C)cc(C)n3n2)c1,-4.698970004336019,,,train
Cc1ccc(NS(C)(=O)=O)c(C(=O)N2CCCC[C@H]2c2cc3nc(C4CC4)c(C)cn3n2)c1,-4.481486060122113,,,train
Cc1ccc(NS(C)(=O)=O)c(C(=O)N2CCCC[C@H]2c2cc3nc(C4CC4)cc(C)n3n2)c1,-4.468521082957745,,,train
Cc1ccc(NS(C)(=O)=O)c(C(=O)N2CCCC[C@H]2c2cc3nc(C4CC4)ccn3n2)c1,-4.468521082957745,,,train
Cc1ccc(N[C@@H]2CCCC[C@H]2Cc2nc3c(C(C)C)n[nH]c3c(=O)[nH]2)nn1,,,-5.769551078621726,val
Cc1ccc(Nc2c(-c3ccc(F)cc3)nc3n2CC(=O)NC3)cc1,-4.823908740944319,,,train
Cc1ccc(Nc2c(-c3ccc(F)cc3)nc3n2CCN(C(=O)C(C)(C)N)C3(C)C)cc1,-5.455931955649724,,,train
Cc1ccc(Nc2c(-c3ccc(F)cc3)nc3n2CCN(C(=O)C(C)(C)N)C3)cc1,-6.017728766960432,,,train
Cc1ccc(Nc2c(-c3ccc(F)cc3)nc3n2CCN(C(=O)CN)C3)cc1,-5.787812395596042,,,train
Cc1ccc(Nc2c(-c3ccc(F)cc3)nc3n2CCNC3(C)C)cc1,-4.80799040734633,,,train
Cc1ccc(Nc2c(-c3ccc(F)cc3)nc3n2CCNC3)cc1,-5.086186147616283,,,train
Cc1ccc(Nc2nc3c(s2)CCCc2n[nH]cc2-3)nc1,,-5.568636235841013,,train
Cc1ccc(Nc2nc3c(s2)CCCc2n[nH]cc2-3)nn1,,-4.508638306165727,,train
Cc1ccc(Nc2nc3c(s2)CCc2n[nH]cc2-3)nc1,,-5.721246399047171,,val
Cc1ccc(O)c(C(=O)Nc2ccc([N+](=O)[O-])cc2Cl)c1,,-4.275888850610116,,train
Cc1ccc(O)c(C)c1,,-4.6136794261059535,,train
Cc1ccc(O)c(C)c1-n1c(N)c(C(N)=O)c2cc(Cl)cnc21,-4.73754891026957,,,train
Cc1ccc(O)c(C)c1-n1c(N)c(C(N)=O)c2nc(-c3ncc(F)cc3F)cnc21,-4.966576244513051,,,train
Cc1ccc(O)c(C)c1-n1c(N)c(C(N)=O)c2nc(-c3nccs3)cnc21,-4.995678626217358,,,train
Cc1ccc(O)c(C)c1-n1c(N)c(C(N)=O)c2nc(C(C)(C)O)cnc21,-5.769551078621726,,,train
Cc1ccc(O)c(C)c1-n1c(N)c(C(N)=O)c2nc(C)c(C)nc21,-4.703334809738469,,,train
Cc1ccc(O)c(C)c1-n1c(N)c(C(N)=O)c2nc(C3CC3)cnc21,-4.928117992693875,,,train
Cc1ccc(O)c(C)c1-n1c(N)c(C(N)=O)c2nc(N3CCOCC3)cnc21,-5.236572006437063,,,train
Cc1ccc(O)c(C)c1-n1c(N)c(C(N)=O)c2nc3c(Br)cccc3nc21,-5.1249387366083,,,train
Cc1ccc(O)c(C)c1-n1c(N)c(C(N)=O)c2nccnc21,-4.721246399047171,,,train
Cc1ccc(OCCN2CCN(C(=O)c3cccs3)CC2)cc1,,,-6.698970004336019,test
Cc1ccc(Oc2cc(-c3nn(-c4nc(C(=O)O)cs4)c(CC4CC4)c3Cc3ccc(S(N)(=O)=O)c(F)c3)ccc2F)cc1,,-4.886056647693163,,train
Cc1ccc(Oc2cc3c(cn2)nc(COc2cccc(C(=O)O)c2)n3C)cc1,,-5.167491087293763,,test
Cc1ccc(Oc2ccc3nc(COc4cccc(C(=O)O)c4)n(C)c3c2)nc1,,-5.318758762624413,,train
Cc1ccc(Oc2ccc3nc(COc4cccc(C(=O)O)c4)n(C)c3c2)nc1C,,-5.113509274827519,,train
Cc1ccc(Oc2ccc3nc(COc4cccc(C(=O)O)c4)n(C)c3n2)c(C)c1,,-4.540607512240769,,train
Cc1ccc(Oc2ccc3nc(COc4cccc(C(=O)O)c4)n(C)c3n2)cc1,,-4.8996294548824375,,val
Cc1ccc(Oc2ccc3nc(COc4cccc(C(=O)O)c4)n(C)c3n2)cc1C,,-4.906578314837765,,train
Cc1ccc(Oc2ccc3nc(COc4cccc(C(=O)O)c4)n(C)c3n2)cc1F,,-4.8297382846050425,,train
Cc1ccc(Oc2cncc3sc(-c4nn[nH]n4)cc23)cc1,,,-4.920818753952375,train
Cc1ccc(S(=O)(=O)Cc2nc(-c3ccc(C(=O)NCc4cccnc4)cc3)oc2C)cc1,-6.973466735476704,-3.209433374853924,,train
Cc1ccc(S(=O)(=O)N(CCN2CCCCC2)CC(O)c2cc(C(F)(F)F)nc3c(C(F)(F)F)cccc23)cc1,,,-5.6020599913279625,train
Cc1ccc(S(=O)(=O)NCCc2ccc(Oc3ccc(F)c(F)c3)cc2)cc1C(=O)O,,,-5.136677139879544,test
Cc1ccc(S(=O)(=O)N[C@@H](CC(=O)NC(C)(C)C)C(=O)NCCNC(=O)c2ccccc2)cc1,,-6.863279432843593,,train
Cc1ccc(S(=O)(=O)N[C@@H](CC(=O)NC(C)(C)C)C(=O)NCCNC(=O)c2ccccc2F)cc1,,-6.978810700930062,,train
Cc1ccc(S(=O)(=O)Nc2ccc(-c3cccc(N(C)C)c3)nn2)cc1,,-4.489454989793388,,train
Cc1ccc(S(=O)(=O)Nc2ccc(-c3cccc4c3N(C)CC4)nn2)cc1,,-4.414539270491499,,train
Cc1ccc(S(=O)(=O)Nc2ccc(-c3cccc4cccnc34)nn2)cc1,,-4.355561410532162,,train
Cc1ccc(S(=O)(=O)Nc2ccc(-c3cccc4ccn(C)c34)nn2)cc1,,-4.308034897232639,,train
Cc1ccc(S(=O)(=O)Nc2ccc(-c3cccc4ccncc34)nn2)cc1,,-4.649751981665837,,train
Cc1ccc(S(=O)(=O)Nc2ccc(-c3ccccc3N(C)C)nn2)cc1,,-4.447331783887807,,train
Cc1ccc(S(=O)(=O)Nc2ccc(-c3ccccc3N3CCCC3)nn2)cc1,,-4.361510743045363,,test
Cc1ccc(S(=O)(=O)Nc2ccc(-c3ccccc3N3CCCCC3)nn2)cc1,,-4.295849483160201,,train
Cc1ccc(S(=O)(=O)Nc2ccc(-c3ccccc3N3CCOCC3)nn2)cc1,,-4.3535962737769305,,train
Cc1ccc(S(=O)(=O)Nc2ccc(Oc3ccccc3C(F)(F)F)cc2C(=O)O)cc1,-5.443697499232713,,,train
Cc1ccc(S(=O)(=O)Nc2ncc(-c3cccc([N+](=O)[O-])c3)s2)cc1,,-5.050609993355088,,val
Cc1ccc(S(=O)(=O)c2ccc(CNC(=O)N3Cc4ccncc4C3)cc2)cn1,,,-5.6020599913279625,test
Cc1ccc(S(=O)(=O)c2ccc(CNC(=O)c3cc4ccncc4o3)nc2)cn1,,,-4.853871964321762,train
Cc1ccc(S[C@@H]2O[C@H](CO)[C@H](O)[C@H](n3cc(-c4cc(F)c(F)c(F)c4)nn3)[C@H]2O)cc1,-4.522878745280337,,,train
Cc1ccc(Sc2cc(=O)n(O)c(=O)[nH]2)cc1,,-6.036212172654444,,train
Cc1ccc(Sc2ccccc2CSC(=N)N)c(CSC(=N)N)c1,-5.823908740944319,,,train
Cc1ccc2[nH]c(C(=O)N[C@H]3CCN(S(=O)(=O)c4ccccc4Cl)C[C@@H]3C(=O)N[C@H]3CCCN(C)C3)cc2c1,-6.568636235841013,,,train
Cc1ccc2[nH]c(C(=O)N[C@H]3CCN(S(=O)(=O)c4ccccc4Cl)C[C@@H]3C(=O)N[C@H]3CCCNC3)cc2c1,-8.0,,,train
Cc1ccc2[nH]c(C(=O)N[C@H]3CN(S(=O)(=O)c4ccccc4)C[C@@H]3C(=O)NC[C@@H]3CCCN3C)cc2c1,-6.619788758288394,,,train
Cc1ccc2[nH]c(C(=O)N[C@H]3CN(S(=O)(=O)c4ccccc4)C[C@@H]3C(=O)NC[C@H]3CCCN3)cc2c1,-6.958607314841775,,,train
Cc1ccc2[nH]c(C(=O)N[C@H]3CN(S(=O)(=O)c4ccccc4)C[C@@H]3C(=O)NC[C@H]3CCCN3C)cc2c1,-7.096910013008056,,,train
Cc1ccc2[nH]c(C(=O)N[C@H]3CN(S(=O)(=O)c4ccccc4)C[C@@H]3C(=O)N[C@@H]3CCCN(C)C3)cc2c1,-6.119186407719209,,,train
Cc1ccc2[nH]c(C(=O)N[C@H]3CN(S(=O)(=O)c4ccccc4)C[C@@H]3C(=O)N[C@@H]3CCCNC3)cc2c1,-7.397940008672037,,,train
Cc1ccc2[nH]c(C(=O)N[C@H]3CN(S(=O)(=O)c4ccccc4)C[C@@H]3C(=O)N[C@H]3CCCN(C)C3)cc2c1,-6.522878745280337,,,train
Cc1ccc2[nH]c(C(=O)N[C@H]3CN(S(=O)(=O)c4ccccc4)C[C@@H]3C(=O)N[C@H]3CCCNC3)cc2c1,-7.397940008672037,,,train
Cc1ccc2[nH]c(C(=O)N[C@H]3CN(S(=O)(=O)c4ccccc4)C[C@]3(C)C(=O)N[C@H]3CCCNC3)cc2c1,-7.455931955649724,,,train
Cc1ccc2[nH]c(C)c(Br)c(=O)c2c1,,-4.374996398985137,,train
Cc1ccc2[nH]c(N[C@H]3CN(C(=O)c4ccccc4)C[C@@H]3OC(=O)c3ccc(-c4ccccc4)cc3)nc2c1,,,-5.2839966563652006,test
Cc1ccc2[nH]c(N[C@H]3CNC[C@@H]3OC(=O)c3ccc(-c4ccccc4)cc3)nc2c1,,,-5.318758762624413,train
Cc1ccc2[nH]c3c(c(=O)c2c1)CC(C)(C)CC3,,-4.075720713938118,,train
Cc1ccc2[nH]c3c(c(=O)c2c1)CCC(C)(C)C3,,-4.107905397309519,,train
Cc1ccc2[nH]c3c(c(=O)c2c1)CCCC3,,-4.721246399047171,,train
Cc1ccc2[nH]cc(CCCCN3CCN(c4cccc5nc6c(c(N)c45)CCCC6)CC3)c2c1,,-5.4388986163509445,,test
Cc1ccc2c(=O)[nH]c(-c3ccc(C(C)(C)O)cc3)cn12,-4.543633966870957,,,test
Cc1ccc2c(=O)[nH]c(-c3ccc(C4(O)COC4)cc3)cn12,-4.928117992693875,,,val
Cc1ccc2c(=O)[nH]c(-c3ccc([C@@](C)(O)CCO)cc3)cn12,-5.167491087293763,,,train
Cc1ccc2c(=O)[nH]c(-c3ccc([C@](C)(O)CCO)cc3)cn12,-5.091514981121351,,,train
Cc1ccc2c(=O)c3c([nH]c2c1)CC(C)(C)CC3,,-4.275724130399211,,train
Cc1ccc2c(=O)c3c([nH]c2c1)CCC(C)(C)C3,,-4.086186147616283,,train
Cc1ccc2c(=O)c3c([nH]c2c1)CCCC3,,-4.568636235841013,,test
Cc1ccc2c(=O)c3c([nH]c2c1C)CCCC3,,-4.376750709602099,,train
Cc1ccc2c(=O)c3cccc(CC(=O)O)c3oc2c1C,-5.522878745280337,-8.045757490560675,,val
Cc1ccc2c(=O)n(C(c3ccccc3)c3ccccc3)c(=O)n(C/C=C/COc3ccc(C(=O)O)cc3)c2c1,,-5.698970004336019,,train
Cc1ccc2c(N)noc2c1-c1ccc2c(c1)NC(=O)C21CCOCC1,-4.552841968657781,,,train
Cc1ccc2c(NC3CC3)noc2c1-c1ccc2c(c1)NC(=O)C21CCC(F)(F)CC1,-5.0,,,train
Cc1ccc2c(NC3CC3)noc2c1-c1ccc2c(c1)NC(=O)C21CCOCC1,-4.585026652029182,,,train
Cc1ccc2c(NCc3ccc(NC(=O)c4ccc(F)cc4)cc3)nc(N(C)C)nc2c1,,-5.795880017344075,,train
Cc1ccc2c(NCc3ccc(NC(=O)c4ccc(F)cc4)cc3)nc(N3CCC3)nc2c1,,-5.823908740944319,,train
Cc1ccc2c(NCc3ccc(NC(=O)c4ccc(F)cc4)cc3)nc(N3CCCC3)nc2c1,,-6.301029995663981,,train
Cc1ccc2c(NCc3ccc(NC(=O)c4ccc(F)cc4)cc3)nc(N3CCCCC3)nc2c1,,-5.698970004336019,,train
Cc1ccc2c(NCc3ccc(NC(=O)c4ccc(F)cc4)cc3)nc(N3CCN(C)CC3)nc2c1,,-5.356547323513813,,train
Cc1ccc2c(NCc3ccc(NC(=O)c4ccc(F)cc4)cc3)nc(N3CCNC(C)(C)C3)nc2c1,,-7.698970004336019,,train
Cc1ccc2c(NCc3ccc(NC(=O)c4ccc(F)cc4)cc3)nc(N3CCNCC3)nc2c1,,-7.0,,train
Cc1ccc2c(NCc3ccc(NC(=O)c4ccc(F)cc4)cc3)nc(N3CCN[C@H](C)C3)nc2c1,,-6.3979400086720375,,train
Cc1ccc2c(c1)C(=O)[C@]1(O)CCN(c3ccc(N)cc3)C1=N2,-4.158640529545145,,,train
Cc1ccc2c(c1)C(=O)[C@]1(O)CCN(c3ccc([N+](=O)[O-])cc3)C1=N2,-4.488116639021126,,,train
Cc1ccc2c(c1)C(=O)[C@]1(O)CCN(c3cccc(N)c3)C1=N2,-4.202732459169283,,,train
Cc1ccc2c(c1)C(=O)[C@]1(O)CCN(c3cccc(O)c3)C1=N2,-4.54515513999149,,,train
Cc1ccc2c(c1)C(=O)[C@]1(O)CCN(c3ccccc3)C1=N2,-4.218244625347531,,,train
Cc1ccc2cc(C(=O)NC3(C(=O)N[C@@H](CCCN4CCN(CC5CCOCC5)CC4)Cc4ccccc4)CCCC3)sc2c1,-4.950781977329818,,,test
Cc1ccc2cc(C(=O)c3cnn(-c4ccc5nc(C)[nH]c5c4)c3N)[nH]c2c1,-4.494850021680094,,,train
Cc1ccc2ccc(CNCCCCCCCCNc3c4c(nc5ccccc35)CCCC4)c(O)c2n1,,-4.85078088734462,,train
Cc1ccc2nc(-n3nc4c(c3O)-c3ccccc3CC4)sc2c1,-5.2839966563652006,,,train
Cc1ccc2nc(Cl)c(/C=[N+](\[O-])C(C)(C)C)cc2c1,,-4.823908740944319,,train
Cc1ccc2nc(N3CCC(NC4CCOCC4)CC3)c(-c3nc(C)no3)cc2c1,-4.581698708680254,,,train
Cc1ccc2nc(N3CCCc4ccc(F)cc4C3)cc(NC3(CN)COC3)c2c1,,-6.229147988357856,,test
Cc1ccc2nc(N3CCCc4ccc(F)cc4C3)cc(NCC3(N)COC3)c2c1,,-6.136677139879544,,train
Cc1ccc2nc(N3CCCc4ccc(F)cc4C3)cc(NCCO)c2c1,,-5.815308569182402,,train
Cc1ccc2nc(N3CCS(=O)(=O)c4ccccc4C3)cc(NCCN)c2c1,,-6.920818753952375,,train
Cc1ccc2nc(Nc3cnn(C4CCN(C)CC4)c3)nc(OC3(C)CC3)c2n1,-4.698970004336019,,,train
Cc1ccc2oc(C(=O)NC3(C(=O)N[C@@H](CCCN4CCN(CC5CCOCC5)CC4)Cc4ccccc4)CCCC3)cc2c1,-4.518557371497695,,,test
Cc1cccc(-c2c(C3CCCCC3)c3ccc(C(=O)NC(C)(C)C(=O)Nc4ccc(/C=C/C(=O)O)cc4)cc3n2C)n1,-5.161150909262744,,,val
Cc1cccc(-c2ccc(/C=C/[C@@H]3[C@@H]4[C@@H](C)OC(=O)[C@]4(O)CC(F)(F)[C@H]3C)nc2)c1C#N,,,-4.377785977033705,train
Cc1cccc(-n2cnc3cc(C(=O)N4CCCC(C)(C)C4)ccc32)c1,,-2.6449317936511494,,train
Cc1cccc(-n2cnc3cc(C(=O)N4CCCCC4)ccc32)c1,,-2.922268820347608,,train
Cc1cccc(/C=C/C(=O)NC2(C(=O)N[C@H](Cc3ccccc3)C(=O)NCC3CCN(CC4CCOCC4)CC3)CCCC2)c1,-5.6777807052660805,,,train
Cc1cccc(C(=O)N[C@H]2C[C@@H](n3cnc(NC(=O)Cc4cccc5ccccc45)c3)C2)n1,-4.856985199745905,,,val
Cc1cccc(C)c1C(=O)N1C[C@H]2CN(CC[C@H](NC(=O)C3CCCC3)c3ccccc3)C[C@H]2C1,-5.3979400086720375,,,train
Cc1cccc(C)c1Oc1c(C(=O)N2CCNCC2)c2ncccc2n1-c1ccccc1,-6.552841968657781,,,test
Cc1cccc(C)c1Oc1ccc(C(C)(C)O)cc1-c1cn(C)c(=O)c2[nH]c(C(=O)NC(C)(C)C)cc12,,-5.8996294548824375,-5.8996294548824375,train
Cc1cccc(C2CC(N(Cc3ccc(Br)c(Cl)c3)C3CCNCC3)C2)c1,,-3.576754126063192,,train
Cc1cccc(CCNC(=O)C(=O)N[C@@H](C)C(=O)N[C@@H](CC(=O)O)C(=O)COc2c(F)c(F)cc(F)c2F)c1,,-5.769551078621726,,train
Cc1cccc(CN2CCC(NC(=O)Nc3cccc(C(F)(F)F)c3)CC2)c1,,-2.657577319177794,,val
Cc1cccc(CNC(=O)C(=O)N[C@@H](C)C(=O)N[C@@H](CC(=O)O)C(=O)COc2c(F)c(F)cc(F)c2F)c1,,-5.920818753952375,,train
Cc1cccc(CNC(=O)C(=O)N[C@@H](C)C(=O)N[C@@H](CC(=O)O)C(=O)COc2c(F)c(F)cc(F)c2F)c1C,,-5.522878745280337,,train
Cc1cccc(CNC(=O)c2cc(Cl)ccc2O)c1,,-4.546681659952962,,train
Cc1cccc(Cl)c1-c1ccc(N2CCOc3ncnc(N)c3C2=O)cc1,-5.0,,,train
Cc1cccc(Cl)c1C(=O)N[C@@H](Cc1ccc(-c2c(C)n(C)c(=O)n(C)c2=O)cc1)C(=O)O[C@H]1CO[C@H]2[C@@H]1OC[C@@H]2O,,-5.774690718274138,,train
Cc1cccc(Cl)c1Nc1nc2cc(C(=O)Nc3cc(C(F)(F)F)ccc3F)c3c(c2[nH]1)CC(C)(C)O3,,-5.872895201635193,,train
Cc1cccc(F)c1-c1cc2c(cnn2-c2ccc(N3CCN(C)CC3)cc2)cc1C#N,,,-5.096910013008056,train
Cc1cccc(NC(=O)Nc2cc(C)nc3ccccc23)c1,,-5.3979400086720375,,train
Cc1cccc(NC(=O)c2c(C)[nH]n(-c3ccccn3)c2=O)c1,-5.00436480540245,,,train
Cc1cccc(NC(=O)c2cc(Cl)ccc2O)c1C,,-4.318758762624412,,train
Cc1cccc(Nc2nc3c(s2)CCCc2n[nH]cc2-3)n1,,-5.309803919971486,,train
Cc1cccc(Nc2nc3c(s2)CCc2n[nH]cc2-3)n1,,-5.698970004336019,,test
Cc1cccc(Oc2ccc3nc(COc4cccc(C(=O)O)c4)n(C)c3c2)n1,,-5.568636235841013,,train
Cc1cccc(Oc2nn(C(C)(C)C)c3ncnc(N)c23)c1,-4.823908740944319,,,val
Cc1cccc(S(=O)(=O)Nc2ccc(-c3cccc(Cl)c3)nn2)c1,,-4.39577394691553,,train
Cc1cccc(S(=O)(=O)Nc2ccc(C)n(CC(=O)NCCONC(=N)N)c2=O)c1,-6.154901959985743,,,train
Cc1cccc([C@@H](O)C(=O)N2N=CC[C@H]2C(=O)NCc2cc(Cl)ccc2-n2cnnn2)c1,-5.013228265733756,,,train
Cc1cccc([C@H](CC(=O)O)C(=O)N2CC[C@@H](CCc3ccc4c(n3)NCCC4)C2)c1,,,-6.7544873321858505,val
Cc1cccc([C@H](CCN(C)C)n2cc(NC(=O)c3n[nH]c4c3CCC(C)(C)C4)cn2)c1,,,-5.366531544420414,train
Cc1cccc2[nH]c3c(c(=O)c12)CC(C)(C)CC3,,-3.570247719997592,,train
Cc1cccc2[nH]c3c(c(=O)c12)CCC(C)(C)C3,,-3.619788758288394,,train
Cc1cccc2[nH]c3c(c(=O)c12)CCCC3,,-4.060480747381382,,test
Cc1cccc2c(=O)c3c([nH]c12)CC(C)(C)CC3,,-4.055517327849832,,train
Cc1cccc2c(=O)c3c([nH]c12)CCC(C)(C)C3,,-4.045757490560675,,train
Cc1cccc2c(=O)c3c([nH]c12)CCCC3,,-4.585026652029182,,train
Cc1cccc2c1CN(C(=O)c1cc(S(C)(=O)=O)ccc1O[C@@H](C)C(F)(F)F)C2,,-5.376750709602099,,train
Cc1ccccc1-c1ccc(N2CCOc3ncnc(N)c3C2=O)cc1,-5.0,,,train
Cc1ccccc1-c1cccc(-c2cc3nc(C)c([C@H](OC(C)(C)C)C(=O)O)c(-c4cc(F)c5c(c4C)CCCO5)n3n2)c1,,-6.326979092871104,,test
Cc1ccccc1/C=C/C(=O)NC1(C(=O)N[C@H](Cc2ccccc2)C(=O)NCC2CCN(CC3CCOCC3)CC2)CCCC1,-6.096910013008056,,,train
Cc1ccccc1CCNC(=O)C(=O)N[C@@H](C)C(=O)N[C@@H](CC(=O)O)C(=O)COc1c(F)c(F)cc(F)c1F,,-5.795880017344075,,train
Cc1ccccc1CN1CCC(CNc2nc(-c3ccc(Cl)cc3)c(-c3ccc(Cl)cc3)s2)CC1,,-5.055517327849832,,train
Cc1ccccc1CN1CCC(NC(=O)Nc2cccc(C(F)(F)F)c2)CC1,,-2.920818753952376,,train
Cc1ccccc1CNC(=O)C(=O)N[C@@H](C)C(=O)N[C@@H](CC(=O)O)C(=O)COc1c(F)c(F)cc(F)c1F,,-5.886056647693163,,val
Cc1ccccc1C[C@H](NC(=O)[C@@H](N)Cc1ccccc1)C(N)=O,-6.236572006437063,,,train
Cc1ccccc1N1C(=O)c2cc(S(N)(=O)=O)c(Cl)cc2NC1C,-5.744727494896694,,,train
Cc1ccccc1N1CCN(C(=O)C2CN(C(=O)C3CCCC3)Cc3cc(Cl)ccc32)CC1,-5.366531544420414,,,train
Cc1ccccc1N1CCN(C(=O)N2CCNc3cc(Cl)ccc32)CC1,-4.769551078621726,,,val
Cc1ccccc1N1CCN(C(=O)N2C[C@@H](C(=O)C3CCCC3)Cc3cc(Cl)ccc32)CC1,-5.0,,,train
Cc1ccccc1N1CCN(C(=O)N2C[C@@H](C(=O)N3CCCC3)Cc3cc(Cl)ccc32)CC1,-5.0,,,val
Cc1ccccc1NC(=O)Nc1cc(Cl)c(CC(=O)N2C[C@@H](F)C[C@H]2COc2ccc(C(=O)O)cc2)cc1Cl,,,-5.267606240177032,test
Cc1ccccc1NC(=O)Nc1cc(F)c(CC(=O)N2C[C@@H](F)C[C@H]2COc2ccc(C(=O)O)cc2)cc1Cl,,,-5.552841968657781,train
Cc1ccccc1NC(=O)Nc1ccc(CC(=O)N2CCOC[C@H]2C(=O)N2CCC(CC(=O)O)CC2)cc1,,,-7.698970004336019,train
Cc1ccccc1NC(=O)Nc1ccc(CC(=O)N2C[C@@H](F)C[C@H]2COc2ccc(C(=O)O)cc2)cc1Br,,,-5.716698771296451,train
Cc1ccccc1NC(=O)Nc1ccc(CC(=O)N2C[C@@H](F)C[C@H]2COc2ccc(C(=O)O)cc2)cc1C,,,-6.6020599913279625,train
Cc1ccccc1NC(=O)Nc1ccc(CC(=O)N2C[C@@H](F)C[C@H]2COc2ccc(C(=O)O)cc2)cc1Cl,,,-5.570250720906113,train
Cc1ccccc1O,,-4.283162276700476,,train
Cc1ccccc1OCCN1CCN(CC(=O)Nc2nccs2)CC1,,,-6.492144128304169,train
Cc1ccccc1Oc1cc(-n2c(=O)cc(C(F)(F)F)[nH]c2=O)c(C)cc1C#N,-7.318758762624412,,,train
Cc1ccccc1Oc1cc(-n2c(=O)cc(C(F)(F)F)[nH]c2=O)c2ccccc2c1,-6.560667306169737,,,train
Cc1ccccc1Oc1cc(-n2c(=O)cc(C(F)(F)F)[nH]c2=O)c2ccccc2c1C#N,-7.621622449541075,,,train
Cc1ccccc1Oc1cc(-n2c(=O)cc(C(F)(F)F)[nH]c2=O)c2ccccc2c1Cl,-6.68230184803041,,,train
Cc1cccnc1CN(C)C[C@H]1Cc2c(cccc2N2CCNCC2)CN1,,-6.714442690992226,,train
Cc1cccnc1Nc1nc2c(s1)CCCc1n[nH]cc1-2,,-5.096910013008056,,train
Cc1cccnc1Oc1ccc2nc(COc3cccc(C(=O)O)c3)n(C)c2c1,,-5.221848749616356,,train
Cc1ccn(CC(=O)NCc2cccc(-n3nc(C(C)(C)C)cc3NC(=O)Nc3ccccc3)c2)n1,,-5.318758762624413,,train
Cc1ccn2ncnc(N[C@H]3CC[C@H](N(C)C)CC3)c12,-4.443697499232713,,,train
Cc1ccnc(C)c1C(=O)N1C[C@H]2CN(CC[C@H](NC(=O)C3CCCC3)c3ccccc3)C[C@H]2C1,-5.3979400086720375,,,train
Cc1ccnc(Nc2nc(-c3cn[nH]c3)c(C)s2)n1,,-3.5900668766687054,,train
Cc1ccnc(Nc2nc3c(s2)CCCc2n[nH]cc2-3)n1,,-6.301029995663981,,train
Cc1ccnc(Nc2nc3c(s2)CCc2n[nH]cc2-3)c1,,-4.906578314837765,,train
Cc1ccnc(Oc2ccc3nc(COc4cccc(C(=O)O)c4)n(C)c3c2)c1,,-5.455931955649724,,train
Cc1ccncc1C(=O)N1CC(Oc2cncc(N3C(=O)c4ccc(Cl)cc4C3(C)C)c2)C1,,-5.267606240177032,,train
Cc1ccncc1C(=O)N1CCC2(CC1)CC2CNC(=O)N1Cc2ccncc2C1,,,-6.522878745280337,train
Cc1ccoc1C(=O)N1CCCC(c2cc3ncccc3[nH]2)C1,,-5.510041520575165,,train
Cc1ccoc1C(=O)Nc1cccc(C2(C3CCCCC3)N=C(N)N(C)C2=O)c1,,-5.853871964321762,,train
Cc1cn(-c2c(Cl)cccc2Cl)c(=O)c2cnc(Nc3ccc(N4CCN(C)CC4)cc3)nc12,-5.823908740944319,,,val
Cc1cn(-c2cc(NC(=O)C3CCN(c4ncccc4Cl)CC3)cc(C(F)(F)F)c2)cn1,-5.142667503568732,,,train
Cc1cn([C@H]2C[C@H](N=[N+]=[N-])[C@@H](CO)O2)c(=O)[nH]c1=O,-5.3595401686453314,,,train
Cc1cn([C@H]2C[C@H](N=[N+]=[N-])[C@@H](COP(=O)(CCl)NC(C)C)O2)c(=O)[nH]c1=O,-5.473660722610156,,,train
Cc1cn2c(-c3cn[nH]c3)cnc2c(Nc2cc(C(NC(C)(C)C)c3ccccn3)ns2)n1,-7.619788758288394,,,test
Cc1cn2c(-c3cn[nH]c3)cnc2c(Nc2cc(Cc3ccccn3)ns2)n1,-7.552841968657781,,,train
Cc1cn2c(-c3cn[nH]c3)cnc2c(Nc2cc(Cc3cnccn3)ns2)n1,-7.366531544420414,,,train
Cc1cn2c(C)c([C@H](OC(C)(C)C)C(=O)O)c(N3CCC(C)(C)CC3)c(-c3ccc(OCCc4ccc(F)cc4)cc3)c2n1,,-6.3585258894959,,train
Cc1cn2cc(CC(=O)N3CCC4(CC3)CN([C@@H]3CCc5cc(-c6ncccn6)ccc53)C4)nc2s1,,,-4.958607314841775,train
Cc1cn2nc([C@@H]3CCCCN3C(=O)c3cc(Cl)ccc3NS(C)(=O)=O)cc2nc1N1CC(C#N)C1,-4.42021640338319,,,train
Cc1cn2nc([C@@H]3CCCCN3C(=O)c3cc(Cl)ccc3NS(C)(=O)=O)cc2nc1N1CC(F)C1,-4.431798275933005,,,train
Cc1cn2nc([C@@H]3CCCCN3C(=O)c3cc(Cl)ccc3NS(C)(=O)=O)cc2nc1N1CC(N)C1,-5.508638306165728,,,train
Cc1cn2nc([C@@H]3CCCCN3C(=O)c3cc(Cl)ccc3NS(C)(=O)=O)cc2nc1N1CC(O)C1,-4.698970004336019,,,train
Cc1cn2nc([C@@H]3CCCCN3C(=O)c3cc(Cl)ccc3NS(C)(=O)=O)cc2nc1N1CCC(F)(F)C1,-4.795880017344075,,,train
Cc1cn2nc([C@@H]3CCCCN3C(=O)c3cc(Cl)ccc3NS(C)(=O)=O)cc2nc1N1CCC1,-4.823908740944319,,,train
Cc1cn2nc([C@@H]3CCCCN3C(=O)c3cc(Cl)ccc3NS(C)(=O)=O)cc2nc1N1CCCC1,-4.6777807052660805,,,val
Cc1cn2nc([C@@H]3CCCCN3C(=O)c3cc(Cl)ccc3NS(C)(=O)=O)cc2nc1N1CC[C@@H](C#N)C1,-4.7447274948966935,,,train
Cc1cn2nc([C@@H]3CCCCN3C(=O)c3cc(Cl)ccc3NS(C)(=O)=O)cc2nc1N1CC[C@@H](N)C1,-5.823908740944319,,,train
Cc1cn2nc([C@@H]3CCCCN3C(=O)c3cc(Cl)ccc3NS(C)(=O)=O)cc2nc1N1CC[C@@H](O)C1,-4.638272163982407,,,train
Cc1cn2nc([C@@H]3CCCCN3C(=O)c3cc(Cl)ccc3NS(C)(=O)=O)cc2nc1N1CC[C@H](C#N)C1,-4.769551078621726,,,train
Cc1cn2nc([C@@H]3CCCCN3C(=O)c3cc(Cl)ccc3NS(C)(=O)=O)cc2nc1N1CC[C@H](N)C1,-5.1938200260161125,,,train
Cc1cn2nc([C@@H]3CCCCN3C(=O)c3cc(Cl)ccc3NS(C)(=O)=O)cc2nc1N1CC[C@H](O)C1,-4.366531544420414,,,train
Cc1cn2nc([C@@H]3CCCCN3C(=O)c3ccccc3NS(C)(=O)=O)cc2nc1C,-4.508638306165727,,,train
Cc1cnc(-c2cc(Oc3ccc(S(=O)(=O)N(C)C)cc3)cc(O[C@@H](C)CO)c2)[nH]c1=O,,,-4.853871964321762,train
Cc1cnc(-c2cc(Oc3ccc(S(C)(=O)=O)cc3)cc(OC(C)C)c2)[nH]c1=O,,,-4.769551078621726,val
Cc1cnc(-c2cc(Oc3cnc(C(=O)N(C)C)nc3)cc(OC(C)C)c2)[nH]c1=O,,,-4.958607314841775,train
Cc1cnc(-c2ccccc2C(F)(F)F)nc1NCc1ccccn1,-3.9746941347352296,,,train
Cc1cnc(C(=O)NCCc2ccc(S(=O)(=O)NC(=O)NC3CCCCC3)cc2)cn1,,,-5.013228265733756,train
Cc1cnc(C(=O)N[C@H]2CCCC[C@@H]2O)cc1Cc1ccc(-n2cccn2)cc1,,,-4.721246399047171,train
Cc1cnc(C(=O)N[C@H]2CCOC[C@@H]2O)cc1Cc1ccc(-c2cocn2)cc1,,,-4.494850021680094,train
Cc1cnc(C(=O)N[C@H]2CCOC[C@@H]2O)cc1Cc1ccc(-c2cscn2)cc1,,,-4.657577319177793,train
Cc1cnc(C(=O)N[C@H]2CCOC[C@@H]2O)cc1Cc1ccc(-n2cccn2)cc1,,,-4.6777807052660805,train
Cc1cnc(C(C)Nc2cc(=O)n(C)c3ccc(Nc4ccnc(Cl)c4C#N)cc23)nc1,,-5.251811972993799,,train
Cc1cnc(CNC(=O)c2sc(-n3cnn(Cc4ccc(F)cc4)c3=O)nc2C)cn1,-4.443697499232713,,,train
Cc1cnc(N)nc1OCC(C)(C)C,,,-4.431798275933005,train
Cc1cnc(N)nc1OCC(C)(C)CO,,,-4.494850021680094,train
Cc1cnc(NC(=O)NC23CC4CC(CC(C4)C2)C3)s1,,-4.522878745280337,,train
Cc1cnc(NC(=O)[C@H](CN2CC(O)C2)Oc2ncnc3c2cnn3-c2c(Cl)cccc2Cl)cn1,,,-7.455931955649724,val
Cc1cnc(NC(=O)[C@H](CO[C@H](C)CO)Oc2ncnc3c2cnn3-c2c(Cl)cccc2C#N)cn1,,,-7.107905397309519,train
Cc1cnc(NCC(F)(F)c2ccccc2)c(=O)n1CC(=O)NCCONC(=N)N,-5.863279432843593,,,train
Cc1cnc(NCC(c2ccccc2)c2ccccc2)c(=O)n1CC(=O)NCCONC(=N)N,-6.853871964321762,,,train
Cc1cnc(NCCc2ccc(C(F)(F)F)cc2)c(=O)n1CC(=O)NCCONC(=N)N,-6.130768280269024,,,train
Cc1cnc(NCCc2ccc(F)c(F)c2)c(=O)n1CC(=O)NCCONC(=N)N,-6.036212172654444,,,train
Cc1cnc(NCCc2ccc(F)cc2)c(=O)n1CC(=O)NCCONC(=N)N,-6.259637310505756,,,val
Cc1cnc(NCCc2ccc(F)cc2F)c(=O)n1CC(=O)NCCONC(=N)N,-6.301029995663981,,,train
Cc1cnc(NCCc2ccc3c(c2)CCC3)c(=O)n1CC(=O)NCCONC(=N)N,-6.173925197299174,,,test
Cc1cnc(NCCc2cccc3ccccc23)c(=O)n1CC(=O)NCCONC(=N)N,-6.494850021680094,,,train
Cc1cnc(NS(=O)(=O)c2cc(Cl)c(NCC34CCCN3CCC4)cc2F)s1,,,-5.045757490560675,train
Cc1cnc(Oc2ccc3nc(COc4cccc(C(=O)O)c4)n(C)c3c2)c(C)c1,,-4.886056647693163,,train
Cc1cnc(Oc2ccc3nc(COc4cccc(C(=O)O)c4)n(C)c3c2)c(F)c1,,-5.236572006437063,,train
Cc1cnc2c(C(=O)NCCO)cn(Cc3ncnc(N(C)C)c3C)c2c1,-5.301029995663981,,,train
Cc1cnc2c(C(=O)NCCO)cn(Cc3ncnc(OC(F)F)c3C)c2c1,-4.886056647693163,,,train
Cc1cnc2c(C(=O)N[C@H]3C4CC5CC3C[C@](C#N)(C5)C4)cnn2c1,,,-4.337242168318426,train
Cc1cnc2c(C(=O)N[C@H]3C4CC5CC3C[C@](O)(C5)C4)cnn2c1,,,-4.537602002101044,train
Cc1cnc2c(c1)CCC[C@@H]2N(C)C[C@H]1Cc2c(cccc2N2CCNCC2)CN1,,-8.045757490560675,,train
Cc1cnc2nc1-c1cccc(c1)COCC=CCOCc1cc(ccc1OCCN1CCCC1)N2,,-4.774690718274138,,train
Cc1cnc2nnn(Cc3ccc4ncccc4c3)c2n1,-4.450996737974212,,,train
Cc1cncc(-c2cc3c(-c4cccc(N5CCCNCC5)n4)n[nH]c3cn2)n1,,,-5.494850021680094,train
Cc1cnn(CC[C@@H](CC(=O)NC2CCC2)NC(=O)c2cc(-c3ccccc3C(F)(F)F)n(C3CCCC3)n2)c1,-5.096910013008056,,,train
Cc1cnn2ncn(Cc3nc([C@H]4[C@@H]5CN(c6cccc(Cl)c6)C[C@@H]54)no3)c(=O)c12,,,-4.684029654543083,train
Cc1coc2cc(Cl)c(Oc3ccncc3C(=O)N3CCN(C4CC4)c4ccccc43)cc12,-5.6777807052660805,,,train
Cc1csc(-c2cccc(CNc3ccc4[nH]nc(C(=O)O)c4c3)c2O)n1,,,-5.346787486224656,train
Cc1csc(-c2nc3c(=O)nc(N)nc-3n(C)n2)c1,-6.045757490560675,,,train
Cc1csc(C(=O)N[C@H]2CN(S(=O)(=O)c3ccccc3)C[C@@H]2C(=O)N[C@H]2CCCNC2)n1,-6.744727494896694,,,val
Cc1csc(NC(=O)NC23CC4CC(CC(C4)C2)C3)n1,,-3.115771230367396,,test
Cc1csc(NC(=O)NC2C3CC4CC(C3)CC2C4)n1,,-3.157390760389438,,train
Cc1csc(NS(=O)(=O)c2cc(Cl)c(NCC34CCCN3CCC4)cc2F)n1,,,-5.221848749616356,train
Cc1csc(Nc2nccc(-c3sc(C4CCNCC4)nc3-c3ccc(F)cc3)n2)n1,,-4.823908740944319,,val
Cc1n[nH]c2cc(OCCNC[C@H](O)c3cccc(NS(=O)(=O)C4CCC4)c3)ccc12,,,-5.301029995663981,train
Cc1n[nH]c2cc(OCCNC[C@H](O)c3cccc(NS(=O)(=O)c4ccccc4)c3)ccc12,,,-5.292429823902063,train
Cc1n[nH]c2cc(OCCNC[C@H](O)c3cccc(NS(C)(=O)=O)c3)ccc12,,,-5.619788758288394,train
Cc1n[nH]cc1-c1cnc(N)c(O[C@@H](C)c2cc(F)ccc2-n2cccn2)c1,,,-4.619788758288394,train
Cc1nc(-c2ccc(S(C)(=O)=O)c([N+](=O)[O-])c2)sc1C(=O)N1CC2(C)CC1CC(C)(C)C2,,-2.84893674664625,,val
Cc1nc(-c2ccc(S(C)(=O)=O)c([N+](=O)[O-])c2)sc1C(=O)N1CCC(C)CC1,,-3.040005161671584,,train
Cc1nc(-c2ccc(S(C)(=O)=O)c([N+](=O)[O-])c2)sc1C(=O)N1CCCCC1,,-3.552841968657781,,val
Cc1nc(-c2cccc(C(F)(F)F)c2)sc1C(=O)N[C@H]1CN(S(=O)(=O)c2ccccc2)C[C@@H]1C(=O)N[C@H]1CCCNC1,-6.337242168318426,,,train
Cc1nc(-c2cccc(CN(C)c3ccc4[nH]nc(C(=O)O)c4c3)c2)sc1C,,,-5.080921907623926,train
Cc1nc(-c2cccc(CNc3ccc4[nH]nc(C(=O)O)c4c3)c2O)sc1C,,,-5.42021640338319,train
Cc1nc(-c2cccc3ccccc23)sc1C(=O)N1CCC(CO)CC1,-6.482804102050026,,,train
Cc1nc(-c2cn3c(n2)-c2cc([C@@H](C)N4CCN(C(C)(C)C)CC4)c(C)cc2OCC3)n(C(C)C)n1,,,-4.847711655616943,train
Cc1nc(-c2cn3c(n2)-c2cc([C@@H](C)N4CCN(C(C)(C)C)CC4)c(F)cc2OCC3)n(C(C)C)n1,,,-4.866461091629782,train
Cc1nc(-c2cn3c(n2)-c2cc([C@H](C)N4CCN(C(C)(C)C)CC4)ncc2OCC3)n(C(C)C)n1,,,-5.0,train
Cc1nc(-c2nc[nH]n2)ccc1-c1cnc2c(n1)N(C(C)C)C(=O)CN2,-4.424812155072339,,,val
Cc1nc(-c2nc[nH]n2)ccc1-c1cnc2c(n1)N(CC1CCOCC1)C(=O)CN2,-5.013228265733756,,,val
Cc1nc(-c2nc[nH]n2)ccc1-c1cnc2c(n1)N(CCC1CCOCC1)C(=O)CN2,-5.376750709602099,,,train
Cc1nc(-c2nc[nH]n2)ccc1-c1cnc2c(n1)N(CCC1CCOCC1)CC(=O)N2,-5.096910013008056,,,train
Cc1nc(-c2nc[nH]n2)ccc1-c1cnc2c(n1)N([C@H]1CC[C@@H](O)CC1)C(=O)CN2,-5.795880017344075,,,train
Cc1nc(-c2nnc3n2CCN(C(=O)c2ccc(-c4cccs4)cc2)[C@@H]3C)cs1,-6.4698003017969175,,,train
Cc1nc(-n2ccc(-c3ccccc3)cc2=O)sc1C(=O)NCc1ccccc1,-6.0,,,train
Cc1nc(-n2ccc(C3CC3)cc2=O)sc1C(=O)NCc1ccccc1,-4.552841968657781,,,train
Cc1nc(-n2ccc(CCc3ccccc3)cc2=O)sc1C(=O)NCc1ccccc1,-6.221848749616356,,,train
Cc1nc(-n2ccc(O)cc2=O)sc1C(=O)NCc1ccc(F)c(F)c1,-5.045757490560675,,,train
Cc1nc(-n2ccc(O)cc2=O)sc1C(=O)NCc1ccc(F)cc1,-5.045757490560675,,,train
Cc1nc(-n2ccc(O)cc2=O)sc1C(=O)NCc1ccccc1,-5.154901959985743,,,train
Cc1nc(-n2ccc(OCCC3CC3)cc2=O)sc1C(=O)NCc1ccccc1,-7.301029995663981,,,train
Cc1nc(-n2ccc(OCc3ccccc3)cc2=O)sc1C(=O)NCc1ccccc1,-7.698970004336019,,,train
Cc1nc(-n2ccc(OCc3cscn3)cc2=O)sc1C(=O)NCc1ccccc1,-4.958607314841775,,,train
Cc1nc(-n2cnn(C(C)c3ccc(F)cc3)c2=O)sc1C(=O)NCc1ccccn1,-4.568636235841013,,,train
Cc1nc(-n2cnn(CC3CC3(F)F)c2=O)sc1C(=O)NCc1cccnc1,-4.468521082957745,,,train
Cc1nc(-n2cnn(CC3CC3)c2=O)sc1C(=O)NCc1cccnc1,-4.638272163982407,,,val
Cc1nc(-n2cnn(CCCC(F)(F)F)c2=O)sc1C(=O)NCc1cccnc1,-4.585026652029182,,,test
Cc1nc(-n2cnn(CCOc3ccc(F)cc3)c2=O)sc1C(=O)NCc1cccnc1,-4.3979400086720375,,,train
Cc1nc(-n2cnn(Cc3cc(F)cc(F)c3)c2=O)sc1C(=O)NCc1cccnc1,-4.552841968657781,,,train
Cc1nc(-n2cnn(Cc3ccc(C(F)(F)F)cc3)c2=O)sc1C(=O)NCc1ccccn1,-4.585026652029182,,,train
Cc1nc(-n2cnn(Cc3ccc(C(F)(F)F)cc3)c2=O)sc1C(=O)NCc1cccnc1,-4.823908740944319,,,test
Cc1nc(-n2cnn(Cc3ccc(C(F)(F)F)o3)c2=O)sc1C(=O)NCc1cccnc1,-4.4089353929735005,,,train
Cc1nc(-n2cnn(Cc3ccc(F)cc3)c2=O)sc1C(=O)NCc1cc[nH]n1,-4.6020599913279625,,,train
Cc1nc(-n2cnn(Cc3ccc(F)cc3)c2=O)sc1C(=O)NCc1ccccn1,-4.455931955649724,,,test
Cc1nc(-n2cnn(Cc3ccc(F)cc3)c2=O)sc1C(=O)NCc1cccnc1,-4.657577319177793,,,train
Cc1nc(-n2cnn(Cc3ccc(F)cc3)c2=O)sc1C(=O)NCc1cn(C)cn1,-4.3872161432802645,,,train
Cc1nc(-n2cnn(Cc3ccc(F)cc3)c2=O)sc1C(=O)NCc1cnn(C)c1,-4.494850021680094,,,train
Cc1nc(-n2cnn(Cc3ccc(F)cc3)c2=O)sc1C(=O)NCc1cocn1,-4.494850021680094,,,train
Cc1nc(-n2cnn(Cc3ccc(F)cc3)c2=O)sc1C(=O)NCc1ncco1,-4.619788758288394,,,train
Cc1nc(-n2cnn(Cc3ccc(F)cc3)c2=O)sc1C(=O)NCc1nccs1,-4.619788758288394,,,test
Cc1nc(C(C)C)n([C@H]2C[C@H]3CC[C@@H](C2)N3CC[C@H](NC(=O)C2CCC(F)(F)CC2)c2ccccc2)n1,-4.958607314841775,,,train
Cc1nc(C(NC(=O)c2ccc(-c3ccc(Cl)cc3)[nH]2)C2CCCCN2)sc1CO,-5.636388020107856,,,train
Cc1nc(C)c(-c2ccc(-c3ccc(CC(=O)O)cc3Cl)c(Cl)c2)nc1C(N)=O,,,-6.769551078621726,train
Cc1nc(C)c(-c2ccc(-c3ccc(CC(=O)O)cc3Cl)cc2)nc1C(N)=O,,,-7.050609993355088,train
Cc1nc(C)c(-c2ccc(-c3ccc([C@H](C)C(=O)O)cc3Cl)c(F)c2)nc1C(N)=O,,,-6.853871964321762,train
Cc1nc(C)c(-c2ccc(-c3ccc([C@H](C)C(=O)O)cc3Cl)cc2)nc1C(N)=O,,,-6.721246399047171,train
Cc1nc(C)c(-c2ccc(C34CCC(C(=O)O)(CC3)CC4)cc2)nc1C(N)=O,,,-4.886056647693163,train
Cc1nc(C)c(-c2ccc([C@H]3CC[C@H](CC(=O)NC(C)(C)C(=O)O)CC3)cc2)nc1C(N)=O,-6.1487416512809245,,,val
Cc1nc(C)c(-c2ccc([C@H]3CC[C@H](CC(=O)NS(C)(=O)=O)CC3)cc2)nc1C(N)=O,-5.698970004336019,,,train
Cc1nc(C)c(-c2ccc([C@H]3CC[C@H](CC(=O)O)CC3)cc2)nc1C(N)=O,,,-4.920818753952375,train
Cc1nc(C)c(-c2ccc([C@H]3CC[C@H](CC(N)=O)CC3)cc2)nc1C(N)=O,,,-4.7447274948966935,train
Cc1nc(C)c(-c2ccc([C@H]3CC[C@H](CCO)CC3)cc2)nc1C(N)=O,-4.236572006437063,,,train
Cc1nc(C)c(-c2ccc([C@H]3CC[C@H](Cc4nnn[nH]4)CC3)cc2)nc1C(N)=O,,,-5.431798275933005,test
Cc1nc(C)c(-c2ccc3c(c2)CC[C@]32CC[C@@H](CC(=O)O)CC2)nc1C(N)=O,,,-4.920818753952375,test
Cc1nc(C)c(C(=O)N2CCC3(CC2)CC3CNC(=O)N2Cc3ccncc3C2)o1,,,-5.853871964321762,train
Cc1nc(C)c(C(=O)N2CCC3(CC2)CC3CNC(=O)N2Cc3ccncc3C2)s1,,,-5.853871964321762,val
Cc1nc(C)c(C(=O)N2CCCC(c3cc4ncccc4[nH]3)C2)o1,,-5.806875401645539,,train
Cc1nc(C)c(C(=O)N2CCCC(c3cc4ncccc4[nH]3)C2)s1,,-5.540607512240769,,train
Cc1nc(C)c(C(=O)N2CCCCC2(C)c2nc(C(=O)NCc3ccc(F)cc3)c(O)c(=O)[nH]2)s1,,-4.392544976785332,,train
Cc1nc(C)c(C(=O)N2CCCCC2c2nc(C(=O)NCc3ccc(F)cc3)c(O)c(=O)[nH]2)s1,,-5.2441251443275085,,train
Cc1nc(C)c([C@H](OC(C)(C)C)C(=O)O)c(N2CCC(C)(C)CC2)c1-c1ccc(OCCc2ccc(F)cc2)cc1,,-6.296708621881339,,test
Cc1nc(C)n(CC(=O)N2CCN(c3sc(C(F)(F)F)nc3-c3nc4c(F)cccc4[nH]3)C[C@H]2C)n1,,,-5.070581074285707,train
Cc1nc(C)n(CC(=O)N2CCN(c3sc(C(F)(F)F)nc3-c3nc4ccccc4[nH]3)C[C@H]2C)n1,,,-4.920818753952375,train
Cc1nc(CN(C)c2ncnc3ccc(-c4ccc5c(c4)OCO5)cc23)cs1,-4.723538195826756,,,train
Cc1nc(CNC2CCN(CCn3c(=O)ccc4ccc(C#N)cc43)CC2)ccc1C#N,-4.767003889607846,,,train
Cc1nc(CNc2ncnc3ccc(-c4ccc5c(c4)OCO5)cc23)cs1,-4.5934598195660445,,,val
Cc1nc(N)c2ncn([C@@H]3O[C@H](CN(C)C/C=C\CN)[C@@H](O)[C@H]3O)c2n1,,-6.657577319177794,,train
Cc1nc(N)ccc1CNC(=O)Cc1c(C#N)ccc(NCC(F)(F)c2ccccn2)c1F,-5.4089353929735005,,,train
Cc1nc(N2C[C@H](N)[C@@H](N3CC(F)(F)CCC3=O)C2)cc(N2CCC(F)(F)C2)n1,,,-5.4089353929735005,train
Cc1nc(NC(=O)C(C)(C)CC(F)(F)F)sc1-c1ccc(N)nc1,-4.3872161432802645,,,train
Cc1nc(NC(=O)C(C)CC(F)(F)F)sc1-c1ccc(N)nc1,-4.698970004336019,,,train
Cc1nc(NC(=O)C2(C)CCCCC2)sc1-c1ccc(N)nc1,-4.698970004336019,,,val
Cc1nc(NC(=O)CN(Cc2ccccc2)C(=O)c2ccncc2)sc1-c1ccc(N)nc1,-5.6777807052660805,,,train
Cc1nc(NC(=O)CN2C(=O)OC[C@H]2C(C)C)sc1-c1ccc(N)cc1,-4.721246399047171,,,train
Cc1nc(NC(=O)Cc2nc(-c3ccccc3)c(C)o2)sc1-c1ccc(N)nc1,-4.585026652029182,,,train
Cc1nc(NC(=O)N2CCC[C@@]2(C)C(N)=O)sc1-c1csc(C(C)(C)C)n1,-4.838631997765025,,,train
Cc1nc(NC(=O)N2CCC[C@H]2C(N)=O)sc1-c1ccc(S(C)(=O)=O)c(F)c1,-5.853871964321762,,,train
Cc1nc(NC(=O)N2CCC[C@H]2C(N)=O)sc1-c1ccnc(C(C)(C)C(F)(F)F)c1,-5.42021640338319,,,val
Cc1nc(NC(=O)N2CCC[C@H]2C(N)=O)sc1-c1csc(C(C)(C)C)n1,-4.910094888560602,,,train
Cc1nc(NC(=O)N2CC[C@H](C)[C@H]2C(N)=O)sc1-c1csc(C(C)(C)C)n1,-4.954677021213342,,,train
Cc1nc(NC(=O)N2CC[C@H](O)[C@H]2C(N)=O)sc1-c1csc(C(C)(C)C)n1,-6.045757490560675,,,train
Cc1nc(NC(=O)N2C[C@@H](O)C[C@H]2C(N)=O)sc1-c1csc(C(C)(C)C)n1,-5.920818753952375,,,train
Cc1nc(NC(=O)N2C[C@H](F)C[C@H]2C(N)=O)sc1-c1csc(C(C)(C)C)n1,-5.259637310505756,,,train
Cc1nc(NC(=O)N2C[C@H](O)C[C@H]2C(N)=O)sc1-c1csc(C(C)(C)C)n1,-6.154901959985743,,,test
Cc1nc(NC(=O)[C@@H](C)CC(F)(F)F)sc1-c1ccc(N)nc1,-4.376750709602099,,,train
Cc1nc(NC(=O)[C@H](C)CC(F)(F)F)sc1-c1ccc(N)nc1,-4.356547323513813,,,val
Cc1nc(NC(=O)[C@H]2CC[C@@H](C(F)(F)F)CC2)sc1-c1ccc(N)nc1,-4.657577319177793,,,val
Cc1nc(NS(=O)(=O)c2cc(Cl)c(NCC34CCCN3CCC4)cc2F)sc1F,,,-5.301029995663981,train
Cc1nc(Nc2ncc(C(=O)Nc3c(C)cccc3Cl)s2)cc(N2CCN(CCO)CC2)n1,,-5.826813731587726,,train
Cc1nc(Nc2ncc(C(=O)Nc3c(C)cccc3Cl)s2)cc(N2CCN(CCOCCOCCN)CC2)n1,,-7.251811972993799,,train
Cc1nc(Nc2ncc(C(=O)Nc3c(C)cccc3Cl)s2)cc(N2CCN(CCOCCOCCNC(=O)C3C(C(=O)O)C(C(=O)O)C3C(=O)O)CC2)n1,,-7.913640169325252,,train
Cc1nc(Nc2ncc(C(=O)Nc3c(C)cccc3Cl)s2)cc(N2CCN(CCOCCOCCNC(=O)CS(=O)(=O)O)CC2)n1,,-7.562249437179612,,train
Cc1nc(Nc2ncc(C(=O)Nc3c(C)cccc3Cl)s2)cc(N2CCN(CCOCCOCCNC(=O)OC(C)(C)C)CC2)n1,,-8.187086643357144,,train
Cc1nc(Nc2ncc(C(=O)Nc3c(C)cccc3Cl)s2)cc(N2CCNCC2)n1,,-7.430626090384954,,train
Cc1nc(Nc2nccc(-c3sc(C4CCNCC4)nc3-c3ccc(F)cc3)n2)ccc1F,,-4.522878745280337,,train
Cc1nc(Oc2ccc(C(=O)O)cc2)ccc1CN1CCC(N2C(=O)N(C3CCOCC3)C[C@H]2c2ccccc2)CC1,,-5.10790539730952,,train
Cc1nc(Oc2ccc(C(N)=O)cc2)ccc1CN1CCC(N2C(=O)N(C3CCOCC3)C[C@H]2c2ccccc2)CC1,,-4.920818753952375,,val
Cc1nc([C@@H]2CCOC2)c2c(N3CCc4c(c(C5CC5)nn4C)C3)ncnn12,,,-4.522878745280337,train
Cc1nc([C@@H]2O[C@H](CO)[C@H](O)[C@H](n3cc(-c4cc(F)c(F)c(F)c4)nn3)[C@H]2O)n(-c2cc(Cl)cc(Cl)c2)n1,,-6.903089986991944,,train
Cc1nc([C@@H]2O[C@H](CO)[C@H](O)[C@H](n3cc(-c4cc(F)c(F)c(F)c4)nn3)[C@H]2O)n(-c2cc(Cl)ccc2Br)n1,,-6.8297382846050425,,train
Cc1nc([C@@H]2O[C@H](CO)[C@H](O)[C@H](n3cc(-c4cc(F)c(F)c(F)c4)nn3)[C@H]2O)n(-c2cc(Cl)ccc2C(F)(F)F)n1,,-6.432973633840939,,train
Cc1nc([C@@H]2O[C@H](CO)[C@H](O)[C@H](n3cc(-c4cc(F)c(F)c(F)c4)nn3)[C@H]2O)n(-c2cc(Cl)ccc2C)n1,,-6.742321425130816,,train
Cc1nc([C@@H]2O[C@H](CO)[C@H](O)[C@H](n3cc(-c4cc(F)c(F)c(F)c4)nn3)[C@H]2O)n(-c2cc(Cl)ccc2Cl)n1,,-6.517126416391246,,train
Cc1nc([C@@H]2O[C@H](CO)[C@H](O)[C@H](n3cc(-c4cc(F)c(F)c(F)c4)nn3)[C@H]2O)n(-c2cc(Cl)ccc2F)n1,,-6.903089986991944,,train
Cc1nc([C@@H]2O[C@H](CO)[C@H](O)[C@H](n3cc(-c4cc(F)c(F)c(F)c4)nn3)[C@H]2O)n(-c2ccc(Cl)c(Cl)c2)n1,,-6.341035157335565,,train
Cc1nc([C@@H]2O[C@H](CO)[C@H](O)[C@H](n3cc(-c4cc(F)c(F)c(F)c4)nn3)[C@H]2O)n(-c2cccc(Cl)c2)n1,,-6.462180904926726,,test
Cc1nc([C@@H]2O[C@H](CO)[C@H](O)[C@H](n3cc(-c4cc(F)c(F)c(F)c4)nn3)[C@H]2O)n(-c2cccc(Cl)c2Cl)n1,,-6.3448615651886175,,train
Cc1nc2c(-c3ccc4c(c3)CCN(Cc3c(C)cccc3Cl)C4)c(N3CCC(C)(C)CC3)c([C@H](OC(C)(C)C)C(=O)O)c(C)n2n1,,-6.316052869248487,,train
Cc1nc2c(-c3ccc4c(c3)CCN(c3ncnc5c3oc3ccccc35)C4)c(N3CCC(C)(C)CC3)c([C@H](OC(C)(C)C)C(=O)O)c(C)n2n1,,-6.123782159408358,,train
Cc1nc2c(-c3nnc[nH]3)cc(-c3ccnc(C#N)c3)cc2n1-c1ccnc2c(F)ccc(F)c12,-4.657577319177793,,,val
Cc1nc2c(-c3nnc[nH]3)cc(-c3ccnc(N)c3)cc2n1-c1ccnc2c(F)ccc(F)c12,-5.769551078621726,,,val
Cc1nc2c(-c3nnc[nH]3)cc(-c3ccnc(N)c3F)cc2n1-c1ccnc2c(F)ccc(F)c12,-4.769551078621726,,,train
Cc1nc2c(C(=O)NCC(=O)O)c(O)cc(CCc3ccccc3)n2n1,-5.050609993355088,,,train
Cc1nc2c(c(-c3cc(C(N)=O)c(O)c(F)c3F)cn2CC(=O)Nc2cc(N3CCN(C)C[C@@H]3C)nc(F)c2Cl)c(=O)n1C,-5.013228265733756,,,train
Cc1nc2c(c(-c3cc(C(N)=O)c(O)c(F)c3F)cn2CC(=O)Nc2cc(N3CCN(C)C[C@@H]3C)ncc2Cl)c(=O)n1C,-5.356547323513813,,,test
Cc1nc2c(c(-c3cc(C(N)=O)c(O)c4c3OCCO4)cn2CC(=O)Nc2cc(N3CCN(C)C[C@@H]3C)nc(F)c2Cl)c(=O)n1C,-6.154901959985743,,,train
Cc1nc2c(c(-c3cc(C(N)=O)c(O)c4c3OCO4)cn2CC(=O)Nc2cc(N3CCN(C)C[C@@H]3C)nc(F)c2Cl)c(=O)n1C,-5.096910013008056,,,train
Cc1nc2c(s1)CC[C@H]2C(=O)Nc1ccc(C[C@@H]2CC[C@H]([C@H](O)c3ccccc3)N2)cc1,,,-4.585026652029182,train
Cc1nc2c(s1)CC[C@H]2C(=O)Nc1ccc(C[C@@H]2CC[C@H]([C@H](O)c3cccnc3)N2)cc1,,,-4.769551078621726,train
Cc1nc2cc(-c3cc(F)cc(C#N)c3)ccc2s1,,,-4.468521082957745,test
Cc1nc2cc(-c3ccc(OCc4ccccc4)cc3)nn2c(-c2cc(F)c3c(c2C)CCCO3)c1C(OC(C)(C)C)C(=O)O,,-6.504455662453552,,train
Cc1nc2cc(-c3cccc(-c4ccccc4)c3)nn2c(-c2cc(F)c3c(c2C)CCCO3)c1C(OC(C)(C)C)C(=O)O,,-6.185752404268079,,train
Cc1nc2cc(-c3cccc(-c4ccccc4)c3)nn2c(-c2cc(F)c3c(c2C)CCCO3)c1[C@H](OC(C)(C)C)C(=O)O,,-6.134896025358872,,train
Cc1nc2cc(-c3cccc(-c4ccccc4F)c3)nn2c(-c2cc(F)c3c(c2C)CCCO3)c1[C@H](OC(C)(C)C)C(=O)O,,-6.216096420727265,,train
Cc1nc2cc(-c3cccc(-c4ccncc4)c3)nn2c(-c2cc(F)c3c(c2C)CCCO3)c1[C@H](OC(C)(C)C)C(=O)O,,-6.311580177997289,,val
Cc1nc2cc(-c3cccc(OCc4ccccc4)c3)nn2c(-c2cc(F)c3c(c2C)CCCO3)c1C(OC(C)(C)C)C(=O)O,,-6.2441251443275085,,train
Cc1nc2cc(-c3cccc(OCc4ccccc4)c3)nn2c(N2CCC(C)(C)CC2)c1C(OC(C)(C)C)C(=O)O,,-6.425968732272281,,train
Cc1nc2cc(-c3cccc(Oc4ccccc4)c3)nn2c(-c2cc(F)c3c(c2C)CCCO3)c1C(OC(C)(C)C)C(=O)O,,-6.3260580013659125,,train
Cc1nc2cc(-c3ccccc3)nn2c(-c2cc(F)c3c(c2C)CCCO3)c1C(OC(C)(C)C)C(=O)O,,-6.661543506395395,,train
Cc1nc2cc(-c3ccccc3)nn2c(N2CCC(C)(C)CC2)c1C(OC(C)(C)C)C(=O)O,,-6.153044674980176,,train
Cc1nc2cc(-c3nc(=O)n(CCC4CCCO4)c4c3oc3ncc(-c5cnn(C)c5)cc34)ccc2n1C,-4.853871964321762,,,train
Cc1nc2cc(-n3ncc(C(=O)c4cc5ccc(-c6ccccc6)cc5[nH]4)c3N)ccc2[nH]1,-7.154901959985743,,,test
Cc1nc2cc(-n3ncc(C(=O)c4cc5ccc(CN6CCC(F)(F)CC6)cc5[nH]4)c3N)ccc2[nH]1,-4.721246399047171,,,test
Cc1nc2cc(-n3ncc(C(=O)c4cc5ccc(CN6CCOCC6)cc5[nH]4)c3N)ccc2[nH]1,-5.920818753952375,,,train
Cc1nc2cc(-n3ncc(C(=O)c4cc5ccc(S(C)(=O)=O)cc5[nH]4)c3N)ccc2[nH]1,-7.1249387366083,,,train
Cc1nc2cc(Cl)c(Cl)cc2n1C,-5.09799710864927,,,train
Cc1nc2cc(F)ccc2n1C1C[C@H]2CC[C@@H](C1)N2CC[C@H](NC(=O)C1CCS(=O)(=O)CC1)c1cccc(F)c1,-5.100329725273209,,,train
Cc1nc2cc([C@@H]3CCCCN3C(=O)c3ccccc3NS(C)(=O)=O)nn2c(C)c1C,-4.657577319177793,,,train
Cc1nc2ccc(-n3cc4cnc(NCC(F)(F)F)nc4c(-c4ccc(Cl)cc4)c3=O)cc2n1C,-5.522878745280337,,,train
Cc1nc2ccc(-n3ncc(C(=O)c4cc5cc(CN6CCOCC6)ccc5[nH]4)c3N)cc2[nH]1,-6.455931955649724,,,train
Cc1nc2ccc(-n3ncc(C(=O)c4cc5ccccc5[nH]4)c3N)cc2[nH]1,-4.552841968657781,,,train
Cc1nc2ccc(Cl)cc2c(-c2ccccc2)c1C(=O)O,,-6.638272163982407,,train
Cc1nc2ccc(Cl)cc2n1C,-5.10790539730952,,,train
Cc1nc2ccc(F)cc2n1C1C[C@H]2CC[C@@H](C1)N2CCC(NC(=O)C1CC[S+]([O-])CC1)c1cccc(F)c1,-5.221848749616356,,,train
Cc1nc2ccc(F)cc2n1C1C[C@H]2CC[C@@H](C1)N2CC[C@H](NC(=O)C1CCS(=O)(=O)CC1)c1cccc(F)c1,-4.904834150914854,,,test
Cc1nc2ccccc2c(OCc2ccccc2)c1Br,,-3.100163088771485,,train
Cc1nc2ccccc2n1C,-5.044312249686494,,,train
Cc1nc2ccccc2n1C1CC2CCC(C1)N2CCC1(c2ccccc2)CCN(C(=O)C(C)(C)C(=O)NS(C)(=O)=O)CC1,,,-8.823908740944319,train
Cc1nc2ccccc2n1C1CC2CCC(C1)N2CCC1(c2ccccc2)CCN(C(=O)C(C)(C)CO)CC1,,,-6.627087997029894,train
Cc1nc2ccccc2n1C1CC2CCC(C1)N2CCC1(c2ccccc2)CCN(C(=O)C(C)(C)c2nnn[nH]2)CC1,,,-8.886056647693163,train
Cc1nc2ccccc2n1C1CC2CCC(C1)N2CCC1(c2ccccc2)CCN(C(=O)c2ccc3c(c2)CC(=O)NS3(=O)=O)CC1,,,-8.173925197299173,train
Cc1nc2ccccc2n1C1CC2CCC(C1)N2CCC1(c2ccccc2)CCN(C(=O)c2cccc(-c3noc(=S)[nH]3)c2)CC1,,,-8.721246399047171,test
Cc1nc2ccccc2n1C1CC2CCC(C1)N2CCC1(c2ccccc2)CCN(C(=O)c2cccc(C(=O)NO)c2)CC1,,,-8.769551078621726,train
Cc1nc2ccccc2n1C1CC2CCC(C1)N2CCC1(c2ccccc2)CCN(C(=O)c2cccc(C(=O)O)c2)CC1,,,-8.3767507096021,train
Cc1nc2ccccc2n1C1CC2CCC(C1)N2CCC1(c2ccccc2)CCN(C(=O)c2cccc(C(N)=O)c2)CC1,,,-8.721246399047171,train
Cc1nc2ccccc2n1C1CC2CCC(C1)N2CCC1(c2ccccc2)CCN(C(=O)c2cccc(S(=O)(=O)N(C)C)c2)CC1,,,-7.1095789811990855,val
Cc1nc2ccccc2n1C1CC2CCC(C1)N2CCC1(c2ccccc2)CCN(C(=O)c2cccc(S(N)(=O)=O)c2)CC1,,,-9.0,test
Cc1nc2ccccc2n1C1CC2CCC(C1)N2CCC1(c2ccccc2)CCN(C(=O)c2ccccc2C(=O)O)CC1,,,-8.585026652029182,train
Cc1nc2ccccc2n1C1C[C@H]2CC[C@@H](C1)N2CC[C@H](NC(=O)C1CCS(=O)(=O)CC1)c1cccc(F)c1,-5.349485002168009,,,train
Cc1nc2ccccc2n1C1C[C@H]2CC[C@@H](C1)N2CC[C@H](NC(=O)[C@H]1CC[S@@+]([O-])CC1)c1cccc(F)c1,-5.198970004336019,,,train
Cc1nc2ccccc2n1Cc1ccc(C(=O)N2CC[C@H](N3CCCC3)C2)cc1,,-6.522878745280337,,train
Cc1nc2ccccn2c1-c1csc(Nc2ccc3c(c2)OC(F)(F)O3)n1,-4.853871964321762,,,train
Cc1nc2ccncc2n1C1C[C@H]2CC[C@@H](C1)N2CCC(NC(=O)C1CC[S+]([O-])CC1)c1cccc(F)c1,-5.698970004336019,,,train
Cc1nc2cnc(Nc3ccnc(-c4cnn(S(=O)(=O)C5CC5)c4)n3)cc2n1C(C)C,,,-4.6777807052660805,train
Cc1nc2cnc(Nc3ccnc(N4CC[C@H](O)[C@H](F)C4)n3)cc2n1C(C)C,,,-4.161150909262744,train
Cc1nc2cnc3[nH]ccc3c2n1C1CCCCC1,,,-4.698970004336019,train
Cc1nc2cnc3[nH]ccc3c2n1C1CCN(CCC#N)CC1,,,-5.292429823902063,train
Cc1nc2cnc3[nH]ccc3c2n1C1CCN(Cc2ccccc2)CC1,,,-4.769551078621726,train
Cc1nc2cnc3[nH]ccc3c2n1C1CCNCC1,,,-6.3979400086720375,val
Cc1nc2cnc3[nH]ccc3c2n1C1CCNCC1(F)F,,,-5.522878745280337,train
Cc1nc2cnc3[nH]ccc3c2n1C1CCOCC1,,,-4.853871964321762,train
Cc1nc2cnc3[nH]ccc3c2n1[C@@H]1CCCC[C@H]1O,,,-5.113509274827519,train
Cc1nc2cnc3[nH]ccc3c2n1[C@@H]1CCC[C@@H](O)C1,,,-5.154901959985743,train
Cc1nc2cnc3[nH]ccc3c2n1[C@@H]1CCNC[C@H]1F,,,-5.301029995663981,train
Cc1nc2cnc3[nH]ccc3c2n1[C@@H]1CC[C@@H](O)C1,,,-5.443697499232713,train
Cc1nc2cnc3[nH]ccc3c2n1[C@H]1CCCNC1,,,-6.096910013008056,train
Cc1nc2cnc3[nH]ccc3c2n1[C@H]1CCCOC1,,,-5.10790539730952,val
Cc1nc2cnc3[nH]ccc3c2n1[C@H]1CCC[C@@H](O)C1,,,-5.309803919971486,train
Cc1nc2cnc3[nH]ccc3c2n1[C@H]1CC[C@@H](O)C1,,,-5.259637310505756,train
Cc1nc2cnc3[nH]ccc3c2n1[C@H]1CC[C@@H](O)CC1,,,-5.318758762624413,train
Cc1nc2cnc3[nH]ccc3c2n1[C@H]1CC[C@H](NCCC#N)CC1,,,-6.154901959985743,test
Cc1nc2cnc3[nH]ccc3c2n1[C@H]1CC[C@H](NS(C)(=O)=O)CC1,,,-6.522878745280337,test
Cc1nc2cnc3[nH]ccc3c2n1[C@H]1CC[C@H](O)CC1,,,-5.6777807052660805,train
Cc1nc2nc(-c3cccnc3)nn2c(C)c1CC(=O)Nc1cccc(C(F)(F)F)c1,,,-5.113509274827519,train
Cc1nc2nc(C(=O)N3CCCC3)cn2c(-c2ccc(Cl)cc2Cl)c1CN,,-6.285670240254767,,train
Cc1nc2nc(C(=O)N3CCOCC3)cn2c(-c2ccc(Cl)cc2Cl)c1CN,,-6.174573882232177,,train
Cc1ncc(-c2ccc(C(C(=O)NO)c3ccccc3F)cc2)cn1,,,-6.552841968657781,train
Cc1ncc(-c2nc3c(NC(C)C)nc(Nc4cnn(C5CC6(C5)CN(C)C6)c4)nc3cc2F)cn1,-5.113509274827519,,,val
Cc1ncc(-c2nc3c(OC4(C)CC4)nc(Nc4cnn(C5CCN(C)CC5)c4)nc3cc2F)cn1,-4.508638306165727,,,train
Cc1ncc(C(=O)N[C@H]2CCOC[C@@H]2O)cc1Cc1ccc(-n2cccn2)cc1,,,-5.096910013008056,val
Cc1ncc(C(=O)Nc2ccc(-c3cccc(S(=O)(=O)C4CC4)c3)cn2)cn1,-4.59074334796109,,,val
Cc1ncc(C(N)=O)nc1-c1ccc([C@H]2CC[C@H](CC(=O)O)CC2)cc1,-4.455931955649724,,,train
Cc1ncc(CNC(=O)c2sc(-n3cnn(Cc4ccc(F)cc4)c3=O)nc2C)s1,-4.6020599913279625,,,train
Cc1ncc(CNC2CCN(CCn3c(=O)ccc4ccc(C#N)cc43)CC2)cc1C#N,-4.866461091629782,,,train
Cc1ncc(CNC2CCN(CCn3c(=O)ccc4ncc(F)cc43)CC2)cc1C#N,-4.7447274948966935,,,val
Cc1ncc(CN[C@@H]2CCN(CCn3c(=O)ccc4ccc(C#N)cc43)C[C@@H]2F)cc1C#N,-4.838631997765025,,,train
Cc1ncc(CN[C@@H]2CCN(CCn3c(=O)ccc4ncc(F)cc43)C[C@@H]2F)cc1C#N,-4.752026733638194,,,val
Cc1ncc(CO)c(/C=N/NC(=O)CC[C@@H](C)[C@H]2CC[C@H]3[C@@H]4[C@H](O)C[C@@H]5C[C@H](O)CC[C@]5(C)[C@H]4C[C@H](O)[C@]23C)c1O,,-5.1249387366083,,train
Cc1ncc(CO)c(/C=N/NC(=O)c2ccc(NC(=O)CC[C@@H](C)[C@H]3CC[C@H]4[C@@H]5[C@H](O)C[C@@H]6C[C@H](O)CC[C@]6(C)[C@H]5C[C@H](O)[C@]34C)cc2)c1O,,-5.657577319177793,,test
Cc1ncc(CO)c(/C=N/Nc2nncc3ccccc23)c1O,,-5.10790539730952,,train
Cc1ncc(NC(=O)c2cccc(C(F)(F)F)c2)cc1-c1cc(N2CCOCC2)c(=O)n(C)c1,-5.154901959985743,,,test
Cc1ncc(NC(=O)c2cccc(C(F)(F)F)c2)cc1-c1cc(N2CCOCC2)c(OC2CCOCC2)nn1,-5.356547323513813,,,train
Cc1ncc(NC(=O)c2cccc(C(F)(F)F)c2)cc1-c1cnc(O)c(N2CCOCC2)c1,-6.522878745280337,,,test
Cc1ncc(NC(=O)c2cccc(C(F)(F)F)c2)cc1-c1cnc(OC2CCOCC2)c(N2CCOCC2)c1,-4.823908740944319,,,train
Cc1ncc(NC(=O)c2cccc(C(F)(F)F)c2)cc1-c1cnc(OCCO)c(N2CCOCC2)c1,-5.301029995663981,,,train
Cc1ncc(NC(=O)c2cccc(C(F)(F)F)c2)cc1-c1cnc(O[C@H]2CCOC[C@H]2F)c(N2CCOCC2)c1,-4.795880017344075,,,train
Cc1ncc(NC(=O)c2cccc(C(F)(F)F)c2)cc1NC(=O)c1cncc(-c2cnn(C)c2)c1,-6.301029995663981,,,train
Cc1ncc(NC(=O)c2ccnc(C(C)(F)F)c2)cc1-c1cc(NCCO)nc(N2CCOCC2)c1,-5.522878745280337,,,train
Cc1ncc(NC(=O)c2ccnc(C(F)(F)F)c2)cc1-c1cc(N2CCOCC2)c(=O)n(C)c1,-5.522878745280337,,,train
Cc1ncc2c(n1)CCN(C(=O)c1cc(C(C)C)c(O)cc1O)C2,,-4.47716468633947,,train
Cc1ncc2c(n1)CN(C(=O)c1cc(C(C)C)c(O)cc1O)C2,,-4.568153954301275,,train
Cc1nccc(Nc2nccc(-c3sc(C4CCNCC4)nc3-c3ccc(F)cc3)n2)n1,,-4.7447274948966935,,val
Cc1ncccc1-c1cnc(NCc2c(F)ccc3c2CCO3)n2cnnc12,-5.552841968657781,,,train
Cc1ncn2c1Cn1nc(CN3CCCC3=O)nc1-c1cc(Br)ccc1-2,,-5.823908740944319,,val
Cc1ncn2c1Cn1ncnc1-c1cc(Br)ccc1-2,,-5.119186407719209,,train
Cc1ncn2c1Cn1ncnc1-c1cc(Cl)ccc1-2,,-5.050609993355088,,train
Cc1ncnc(C)c1C(=O)N1CCC(C)(N2CCC(N3C(=O)N(C4CCOCC4)C[C@H]3c3ccccc3)CC2)CC1,-6.221848749616356,,,train
Cc1ncnc(C)c1C(=O)N1CCC(C)(N2CCC(N3C(=O)N(CC4CCN(S(C)(=O)=O)CC4)C[C@H]3c3ccccc3)CC2)CC1,-6.698970004336019,,,train
Cc1ncnc(C)c1C(=O)N1CCC(C)(N2CCC(N3C(=O)N(CC4CCOCC4)CC3c3ccccc3)CC2)CC1,-6.3979400086720375,,,train
Cc1ncnc(C)c1C(=O)N1CCC(C)(N2CCC(N3C(=O)N(CC4CCOCC4)C[C@H]3c3ccccc3)CC2)CC1,-6.301029995663981,,,val
Cc1ncnc(C)c1C(=O)N1CCC(C)(N2CCC(N3C(=O)N(CCC4CCOCC4)C[C@H]3c3ccccc3)CC2)CC1,-6.096910013008056,,,train
Cc1ncnc(C)c1C(=O)N1CCC(C)(N2CCC(N3C(=O)N(C[C@H]4CC[C@H](O)CC4)C[C@H]3c3ccccc3)CC2)CC1,-6.698970004336019,,,val
Cc1ncnc(C)c1C(=O)N1C[C@H]2CN(CCC(c3cccc(F)c3)C3CCN(S(C)(=O)=O)CC3)C[C@H]2C1,-6.301029995663981,,,train
Cc1ncnc(C)c1C(=O)N1C[C@H]2CN(CCC(c3ccccc3)C3CCN(S(C)(=O)=O)CC3)C[C@H]2C1,-6.1807553715226815,,,train
Cc1ncnc(C)c1C(=O)N1C[C@H]2CN(CCC(c3ccccc3)C3CN(S(=O)(=O)C4CCCC4)C3)C[C@H]2C1,-5.853871964321762,,,train
Cc1ncnc(C)c1C(=O)N1C[C@H]2CN(CCC3(c4cccc(F)c4)CCN(C(=O)C(C)(C)C)CC3)C[C@H]2C1,-5.525783735923745,,,train
Cc1ncnc(C)c1C(=O)N1C[C@H]2CN(CC[C@H](NC(=O)C3CCC(F)(F)CC3)c3cccc(F)c3)C[C@H]2C1,-6.657577319177794,,,train
Cc1ncnc(C)c1C(=O)N1C[C@H]2CN(CC[C@H](NC(=O)C3CCCC3)c3ccccc3)C[C@H]2C1,-5.886056647693163,,,train
Cc1ncncc1-c1ccc(C(C(=O)NO)c2ccccc2F)cc1,,,-6.798602875679548,train
Cc1ncoc1-c1nnc(SCCCN2CC3CCN(c4ccc(F)cc4)C3C2)n1C,-6.756961951313706,,,test
Cc1ncoc1COc1cc(Cl)cc(-c2cc(-c3c[nH]c(=O)[nH]c3=O)cn(-c3cccnc3)c2=O)c1,,-6.619788758288394,,test
Cc1ncsc1-c1ccc(CNC(=O)[C@@H]2C[C@@H](O)CN2C(=O)[C@@H](NC(=O)C2(C#N)CC2)C(C)(C)C)cc1,,-7.712198270069774,,test
Cc1ncsc1-c1ccc(CNC(=O)[C@@H]2C[C@@H](O)CN2C(=O)[C@@H](NC(=O)C2(F)CC2)C(C)(C)C)cc1,,-7.567030709125595,,train
Cc1ncsc1-c1ccc(CNC(=O)[C@@H]2C[C@@H](O)CN2C(=O)[C@@H](NC(=O)C2CC2)C(C)(C)C)cc1,,-8.214670164989233,,train
Cc1ncsc1-c1ccc(CNC(=O)[C@@H]2C[C@@H](O)CN2C(=O)[C@@H](NC(=O)C2CCC2)C(C)(C)C)cc1,,-7.935542010773082,,train
Cc1ncsc1-c1ccc(CNC(=O)[C@@H]2C[C@@H](O)CN2C(=O)[C@@H](NC(=O)C2COC2)C(C)(C)C)cc1,,-9.522878745280336,,val
Cc1ncsc1-c1ccc(CNC(=O)[C@@H]2C[C@@H](O)CN2C(=O)[C@@H](NC(=O)CCOCCOCCOCCNC(=O)Cc2ccccc2)C(C)(C)C)cc1,,-6.698970004336019,,train
Cc1ncsc1-c1ccc(CNC(=O)[C@@H]2C[C@@H](O)CN2C(=O)[C@@H](NC(=O)CCOCCOCCOCCOc2ccc(N3C(=S)N(c4ccc(C#N)c(C(F)(F)F)c4)C(=O)C3(C)C)cc2)C(C)(C)C)cc1,-6.161150909262744,-6.0,,val
Cc1ncsc1-c1ccc(CNC(=O)[C@@H]2C[C@@H](O)CN2C(=O)[C@@H](NC(=O)CCOCCOCCOc2ccc(C(=O)N[C@H]3C(C)(C)[C@H](Oc4ccc(C#N)c(C(F)(F)F)c4)C3(C)C)cc2)C(C)(C)C)cc1,,-6.0,,val
Cc1ncsc1-c1ccc(CNC(=O)[C@@H]2C[C@@H](O)CN2C(=O)[C@@H](NC(=O)CO)C(C)(C)C)cc1,,-10.0,,train
Cc1ncsc1-c1ccc(CNC(=O)[C@@H]2C[C@@H](O)CN2C(=O)[C@@H](NC(=O)COCC(F)(F)C(F)(F)C(F)(F)COCCCOc2ccc(N3C(=S)N(c4ccc(C#N)c(C(F)(F)F)c4)C(=O)C3(C)C)cc2)C(C)(C)C)cc1,-6.585026652029182,-6.0,,train
Cc1ncsc1-c1ccc(CNC(=O)[C@@H]2C[C@@H](O)CN2C(=O)[C@@H](NC(=O)COCC(F)(F)COc2ccc(-c3ccc(N4C(=S)N(c5ccc(C#N)c(C(F)(F)F)c5)C(=O)C4(C)C)cc3)cc2)C(C)(C)C)cc1,,-6.0,,train
Cc1ncsc1-c1ccc(CNC(=O)[C@@H]2C[C@@H](O)CN2C(=O)[C@@H](NC(=O)COCCCCCOCCNC(=O)C[C@@H]2N=C(c3ccc(Cl)cc3)c3c(sc(C)c3C)-n3c(C)nnc32)C(C)(C)C)cc1,,-6.301029995663981,,train
Cc1ncsc1-c1ccc(CNC(=O)[C@@H]2C[C@@H](O)CN2C(=O)[C@@H](NC(=O)COCCCCCOCCOC(=O)C[C@@H]2N=C(c3ccc(Cl)cc3)c3c(sc(C)c3C)-n3c(C)nnc32)C(C)(C)C)cc1,,-6.698970004336019,,test
Cc1ncsc1-c1ccc(CNC(=O)[C@@H]2C[C@@H](O)CN2C(=O)[C@@H](NC(=O)COCCCCCOc2ccc(C(=O)N[C@H]3C(C)(C)[C@H](Oc4ccc(C#N)c(C(F)(F)F)c4)C3(C)C)cc2)C(C)(C)C)cc1,,-6.0,,train
Cc1ncsc1-c1ccc(CNC(=O)[C@@H]2C[C@@H](O)CN2C(=O)[C@@H](NC(=O)COCCCOCC(F)(F)C(F)(F)COc2ccc(N3C(=S)N(c4ccc(C#N)c(C(F)(F)F)c4)C(=O)C3(C)C)cc2)C(C)(C)C)cc1,-6.481486060122113,-6.0,,test
Cc1ncsc1-c1ccc(CNC(=O)[C@@H]2C[C@@H](O)CN2C(=O)[C@@H](NC(=O)COCCCOCCCCCOc2ccc(N3C(=S)N(c4ccc(C#N)c(C(F)(F)F)c4)C(=O)C3(C)C)cc2)C(C)(C)C)cc1,-6.455931955649724,-6.0,,train
Cc1ncsc1-c1ccc(CNC(=O)[C@@H]2C[C@@H](O)CN2C(=O)[C@@H](NC(=O)COCCCOCCCCOc2ccc(N3C(=S)N(c4ccc(C#N)c(C(F)(F)F)c4)C(=O)C3(C)C)cc2)C(C)(C)C)cc1,-4.568636235841013,-6.0,,train
Cc1ncsc1-c1ccc(CNC(=O)[C@@H]2C[C@@H](O)CN2C(=O)[C@@H](NC(=O)COCCCOCCNC(=O)C[C@@H]2N=C(c3ccc(Cl)cc3)c3c(sc(C)c3C)-n3c(C)nnc32)C(C)(C)C)cc1,,-7.096910013008056,,train
Cc1ncsc1-c1ccc(CNC(=O)[C@@H]2C[C@@H](O)CN2C(=O)[C@@H](NC(=O)COCCCOCCOC(=O)C[C@@H]2N=C(c3ccc(Cl)cc3)c3c(sc(C)c3C)-n3c(C)nnc32)C(C)(C)C)cc1,,-6.221848749616356,,val
Cc1ncsc1-c1ccc(CNC(=O)[C@@H]2C[C@@H](O)CN2C(=O)[C@@H](NC(=O)COCCCOc2ccc(-c3ccc(N4C(=S)N(c5ccc(C#N)c(C(F)(F)F)c5)C(=O)C4(C)C)cc3)cc2)C(C)(C)C)cc1,,-6.0,,train
Cc1ncsc1-c1ccc(CNC(=O)[C@@H]2C[C@@H](O)CN2C(=O)[C@@H](NC(=O)COCCOCCNC(=O)C[C@@H]2N=C(c3ccc(Cl)cc3)c3c(sc(C)c3C)-n3c(C)nnc32)C(C)(C)C)cc1,,-6.221848749616356,,train
Cc1ncsc1-c1ccc(CNC(=O)[C@@H]2C[C@@H](O)CN2C(=O)[C@@H](NC(=O)COCCOCCOCCNC(=O)C[C@@H]2N=C(c3ccc(Cl)cc3)c3c(sc(C)c3C)-n3c(C)nnc32)C(C)(C)C)cc1,,-7.761439372640169,,train
Cc1ncsc1-c1ccc(CNC(=O)[C@@H]2C[C@@H](O)CN2C(=O)[C@@H](NC(=O)COCCOCCOCCOC(=O)C[C@@H]2N=C(c3ccc(Cl)cc3)c3c(sc(C)c3C)-n3c(C)nnc32)C(C)(C)C)cc1,,-7.0,,train
Cc1ncsc1-c1ccc(CNC(=O)[C@@H]2C[C@@H](O)CN2C(=O)[C@@H](NC(=O)COCCOCCOCCOCC(=O)N[C@H](C(=O)N2C[C@H](O)C[C@H]2C(=O)NCc2ccc(-c3scnc3C)cc2)C(C)(C)C)C(C)(C)C)cc1,,-8.045757490560675,,train
Cc1ncsc1-c1ccc(CNC(=O)[C@@H]2C[C@@H](O)CN2C(=O)[C@@H](NC(=O)COCCOCCOCCOCCOCCOCC(=O)N[C@H](C(=O)N2C[C@H](O)C[C@H]2C(=O)NCc2ccc(-c3scnc3C)cc2)C(C)(C)C)C(C)(C)C)cc1,,-8.301029995663981,,train
Cc1ncsc1-c1ccc(CNC(=O)[C@@H]2C[C@@H](O)CN2C(=O)[C@@H](NC(=O)Cc2ccccc2)C(C)(C)C)cc1,,-5.0655015487564325,,train
Cc1ncsc1-c1ccc(CNC(=O)[C@@H]2C[C@@H](O)CN2C(=O)[C@@H](NC(=O)[C@H](Cc2ccccc2)NC(=O)COCCOCCOCCNC(=O)C[C@@H]2N=C(c3ccc(Cl)cc3)c3c(sc(C)c3C)-n3c(C)nnc32)C(C)(C)C)cc1,,-8.221848749616356,,train
Cc1ncsc1-c1ccc(CNC(=O)[C@@H]2C[C@@H](O)CN2C(=O)[C@@H](OC(=O)CCOCCOCCOCCNC(=O)Cc2ccccc2)C(C)(C)C)cc1,,-6.522878745280337,,train
Cc1ncsc1-c1ccc(CNC(=O)[C@@H]2C[C@@H](O)CN2C(=O)[C@@H](OC(=O)Cc2ccccc2)C(C)(C)C)cc1,,-4.795880017344075,,val
Cc1ncsc1-c1ccc(CNC(=O)[C@@H]2C[C@H](O)CN2C(=O)[C@@H](NC(=O)COCCOCCOCCOCCOCCOCC(=O)N[C@H](C(=O)N2C[C@@H](O)C[C@H]2C(=O)NCc2ccc(-c3scnc3C)cc2)C(C)(C)C)C(C)(C)C)cc1,,-8.698970004336019,,train
Cc1ncsc1-c1ccc([C@H](C)NC(=O)[C@@H]2C[C@@H](O)CN2C(=O)[C@@H](NC(=O)COCCCOCCNC(=O)C[C@@H]2N=C(c3ccc(Cl)cc3)c3c(sc(C)c3C)-n3c(C)nnc32)C(C)(C)C)cc1,,-6.698970004336019,,train
Cc1ncsc1-c1ccc([C@H](C)NC(=O)[C@@H]2C[C@@H](O)CN2C(=O)[C@@H](NC(=O)COCCCOCCOC(=O)C[C@@H]2N=C(c3ccc(Cl)cc3)c3c(sc(C)c3C)-n3c(C)nnc32)C(C)(C)C)cc1,,-6.522878745280337,,train
Cc1nn(-c2ccc(Cl)cc2)c2nc(N)c(C#N)c(-c3ccc(O)c(O)c3)c12,-6.468521082957745,,,train
Cc1nn(-c2ccccn2)c2c1C(=O)CC(C)(C)C2Br,,,-4.696803942579511,train
Cc1nn(-c2cnc(OCC(C)C)c(Cl)c2)c2ccc(C(=O)NS(C)(=O)=O)cc12,,,-5.4089353929735005,train
Cc1nn(C(C)C)c(C)c1-c1nc2c(-c3ccc4c(c3)CCCC[C@H]4NC(=O)c3nc(C(C)(C)C)no3)ccnc2[nH]1,-6.154901959985743,,,test
Cc1nn(C(C)C)c(C)c1-c1nc2c(-c3ccc4c(c3)CCC[C@H]4NC(=O)c3nc(C(C)(C)C)no3)ccnc2[nH]1,-5.468521082957745,,,train
Cc1nn(C(C)C)cc1-c1nc2c(-c3ccc4c(c3)CCC[C@@H]4NC(=O)c3nc(C(C)(C)C)no3)ccnc2[nH]1,-5.698970004336019,,,train
Cc1nn(C)c(C)c1C(=O)N1CCC2(CC1)CC2CNC(=O)N1Cc2ccncc2C1,,,-6.698970004336019,test
Cc1nn(C)cc1-c1ccc2cc(CCN3CCC[C@H]3C)ccc2n1,,-5.94692155651658,,train
Cc1nn(C)cc1C(=O)N1CCC2(CC1)CC2CNC(=O)N1Cc2ccncc2C1,,,-6.698970004336019,train
Cc1nn(C)cc1NC(=O)[C@@H]1CCCC[C@H]1C(=O)c1ccc(-c2cc[nH]n2)cc1,-4.585026652029182,,,train
Cc1nn(C)cc1NC(=O)[C@@H]1CCCC[C@H]1C(=O)c1ccc(-c2cc[nH]n2)cc1F,-4.468521082957745,,,train
Cc1nn(C2CCOCC2)cc1-c1nc2c(-c3ccc4c(c3)CCC[C@@H]4NC(=O)c3nc(C(C)(C)C)no3)ccnc2[nH]1,-5.886056647693163,,,test
Cc1nn(CC(F)(F)F)cc1Nc1ncc(Br)c(NCCCNC(=O)C2CCC2)n1,,-5.428291168191312,,train
Cc1nn(CC(F)(F)F)cc1Nc1ncc(Br)c(NCCc2cnc[nH]2)n1,,-5.82102305270683,,train
Cc1nn(CC(F)(F)F)cc1Nc1ncc(C2CC2)c(NCCCNC(=O)C2CCC2)n1,,-5.294136287716081,,test
Cc1nn(CC(F)(F)F)cc1Nc1ncc(C2CC2)c(NCCc2c[nH]cn2)n1,,-6.410050398674293,,train
Cc1nn(CC(F)(F)F)cc1Nc1nccc(NCCCNC(=O)C2CCC2)n1,,-5.621602099051862,,val
Cc1nn(CC(F)(F)F)cc1Nc1nccc(NCCc2cnc[nH]2)n1,,-7.205511953340831,,train
Cc1nn(CCOCCOCCN)cc1-c1ccc2cc(CCN3CCC[C@H]3C)ccc2n1,,-7.609064892896621,,val
Cc1nn(CCOCCOCCNC(=O)C2C(C(=O)O)C(C(=O)O)C2C(=O)O)cc1-c1ccc2cc(CCN3CCC[C@H]3C)ccc2n1,,-7.882728704344236,,train
Cc1nn(CCOCCOCCNC(=O)CCCCCC2(C)C(/C=C/C=C/C=C3/N(CCCS(=O)(=O)O)c4ccc(S(=O)(=O)O)cc4C3(C)C)=[N+](CCCS(=O)(=O)[O-])c3ccc(S(=O)(=O)O)cc32)cc1-c1ccc2cc(CCN3CCC[C@H]3C)ccc2n1,,-6.546681659952962,,val
Cc1nn(CCOCCOCCNC(=O)OC(C)(C)C)cc1-c1ccc2cc(CCN3CCC[C@H]3C)ccc2n1,,-6.058985756294431,,train
Cc1nnc(-c2ccc(C)c(-c3ccc4c(c3)NC(=O)C43CCN(S(C)(=O)=O)CC3)c2)[nH]1,-5.698970004336019,,,train
Cc1nnc(-c2ccc(C)c(-c3ccc4c(c3)NC(=O)C43CCOCC3)c2)[nH]1,-4.7447274948966935,,,train
Cc1nnc(C(C)C)n1[C@@H]1C[C@H]2CC[C@@H](C1)N2CC[C@H](NC(=O)C1CCC(F)(F)CC1)c1ccccc1,-6.0,,,train
Cc1nnc(C(C)Nc2cc(=O)n(C)c3ccc(Nc4ccnc(Cl)c4C#N)cc23)o1,,-6.698970004336019,,test
Cc1nnc(C[C@H]2CC[C@H](c3ccc(N4CCOc5ncnc(N)c5C4=O)cc3)CC2)[nH]1,,,-5.221848749616356,train
Cc1nnc(C[C@H]2CC[C@H](c3ccc(N4CCOc5ncnc(N)c5C4=O)cc3)CC2)n1C,,,-6.221848749616356,train
Cc1nnc(C[C@H]2CC[C@H](c3ccc(N4CCOc5ncnc(N)c5C4=O)cc3)CC2)o1,,,-4.920818753952375,train
Cc1nnc(C[C@H]2CC[C@H](c3ccc(N4CCOc5ncnc(N)c5C4=O)cc3)CC2)s1,,,-4.958607314841775,train
Cc1nnc(Nc2nccc(-c3sc(C4CCNCC4)nc3-c3ccc(F)cc3)n2)s1,,-5.096910013008056,,test
Cc1nnc2n(CCc3ccccc3)c(=O)c3cc(F)ccc3n12,,-2.964970717797632,,train
Cc1nnc2n1-c1ccc(Cl)cc1C(c1ccccc1)=NC2,,-5.267606240177032,,train
Cc1nnn(C)c1-c1cnc2c3ccc(C(C)(C)O)cc3n(C(c3cnn[nH]3)C3CCOCC3)c2c1,,-6.920818753952375,,train
Cc1noc(C)c1-c1cc(C(N)=O)c2c3cc(C(=O)N4C[C@@H](C)O[C@@H](C)C4)ccc3n(Cc3ccccc3)c2c1,,-6.092051478387727,,train
Cc1noc(C)c1-c1ccc2c(-c3nc(N[C@H]4CCCNC4)ncc3C(F)(F)F)c[nH]c2c1,,,-5.787812395596042,train
Cc1noc(C)c1-c1ccc2c(-c3nc(N[C@H]4CCCNC4)ncc3C(F)(F)F)c[nH]c2n1,,,-5.335358024443875,train
Cc1noc(C)c1CCC(=O)NCCCn1c(=O)c2cc(F)ccc2n2c(=S)[nH]nc12,,-4.559090917934783,,train
Cc1noc(C)c1CN(C1Cc2cc(C#N)ccc2N(Cc2cncn2C)C1)S(=O)(=O)c1ccccn1,-5.096910013008056,,,val
Cc1noc(C)c1NC(=O)[C@@H]1CCCC[C@H]1C(=O)c1ccc(-c2cc[nH]n2)cc1,-4.356547323513813,,,train
Cc1noc(CC[C@H]2CC[C@H](c3ccc(N4CCOc5ncnc(N)c5C4=O)cc3)CC2)n1,,,-4.657577319177793,train
Cc1noc(CNC(=O)c2ccc(C)c(S(=O)(=O)Nc3ccc(-c4ccno4)cc3)c2)n1,,,-5.221848749616356,train
Cc1noc(CNC(=O)c2ccc(C)c(S(=O)(=O)Nc3ccc(-c4cnco4)cc3)c2)n1,,,-5.0,val
Cc1noc(CNC(=O)c2ccc(C)c(S(=O)(=O)Nc3ccc(Cl)cc3)c2)n1,,,-4.721246399047171,train
Cc1noc(C[C@H]2CC[C@H](c3ccc(N4CCOc5ncnc(N)c5C4=O)cc3)CC2)n1,,,-4.4089353929735005,test
Cc1nsc(-c2nnc3n2CCN(C(=O)c2ccc(-c4cccs4)cc2)[C@@H]3C)n1,-6.443697499232712,,,val
Cc1nsc(-c2nnc3n2CCN(C(=O)c2ccc(Cl)cc2)[C@@H]3C)n1,-6.330683119433888,,,train
Cc1nsc(-c2nnc3n2CCN(C(=O)c2ccc(F)cc2)C3)n1,-6.321481620959887,,,train
Cc1nsc(-c2nnc3n2CCN(C(=O)c2ccc(F)cc2)[C@@H]3C)n1,-6.3124710387853655,,,test
Cc1nsc(-c2nnc3n2CCN(C(=O)c2ccc(F)cc2)[C@@H]3CCO)n1,-7.040958607678906,,,train
Cc1nsc(-c2nnc3n2CCN(C(=O)c2ccccc2)[C@@H]3C)n1,-6.359518563029578,,,train
Cc1nsc(NS(=O)(=O)c2cc(F)c(O[C@H]3CCC[C@@H]3c3ccnn3C)cc2F)n1,,-4.8996294548824375,,train
Cc1oc(-c2ccc(C(F)(F)F)cc2)nc1C(=O)N[C@H]1CN(S(=O)(=O)c2ccccc2)C[C@@H]1C(=O)N[C@H]1CCCNC1,-7.0,,,val
Cc1oc(-c2ccc(Cl)cc2)nc1C(=O)N[C@H]1CN(S(=O)(=O)c2ccccc2)C[C@@H]1C(=O)N[C@H]1CCCNC1,-6.853871964321762,,,test
Cc1oc(-c2ccccc2)nc1COc1ccc(CCC(=O)O)cc1,-4.818156412055227,,,train
Cc1oc(-c2ccccc2Cl)nc1C(=O)N[C@H]1CN(S(=O)(=O)c2ccccc2)C[C@@H]1C(=O)N[C@H]1CCCNC1,-6.886056647693163,,,val
Cc1oc(=O)oc1COC(=O)c1ccc2c(c1)c1nc(N3CCC[C@@H](N)C3)n(Cc3cc(F)ccc3Cl)c1c(=O)n2C,,-5.075720713938119,,train
Cc1oc(=O)oc1COC(=O)c1ccc2c(c1)c1nc(N3CCC[C@@H](N)C3)n(Cc3ccccc3Cl)c1c(=O)n2C,,-4.91721462968355,,train
Cc1oc(=O)oc1COC(=O)c1ccc2c3nc(N4CCC[C@@H](N)C4)n(Cc4cc(F)ccc4Cl)c3c(=O)n(C)c2c1,,-4.798602875679548,,train
Cc1oc(=O)oc1COC(=O)c1ccc2c3nc(N4CCC[C@@H](N)C4)n(Cc4ccccc4Cl)c3c(=O)n(C)c2c1,,-4.847711655616943,,train
Cc1ocnc1COc1cc(Cl)cc(-c2cc(-c3ccccc3C#N)cn(-c3cccnc3)c2=O)c1,,-5.517126416391246,,train
Cc1onc(C(=O)N2CCC(Nc3cc(=O)n(C)c4cc(F)c(F)cc34)CC2)c1C,-4.657577319177793,,,train
Cc1onc(C(=O)N2[C@@H]3CC[C@H]2C[C@@H](Nc2cc(=O)n(C)c4cc(F)c(F)cc24)C3)c1C,-4.638272163982407,,,train
Cc1onc(C(=O)N2[C@@H]3CC[C@H]2C[C@@H](Nc2cc(=O)n(C)c4nccnc24)C3)c1C,-4.481486060122113,,,train
Cc1sc(C(=O)c2cncnc2N[C@@H]2C[C@H](COS(N)(=O)=O)[C@@H](O)C2)cc1C1OCCc2ccc(Cl)cc21,-5.3979400086720375,,,train
Cc1sc(C(=O)c2cncnc2N[C@@H]2C[C@H](COS(N)(=O)=O)[C@@H](O)C2)cc1[C@@H]1NCCc2ccc(Cl)cc21,-6.522878745280337,,,train
Cc1sc2c(c1C)C(c1ccc(Cl)cc1)=N[C@@H](CC(=O)NCCOCCOCCN)c1nnc(C)n1-2,,-7.835647144215563,,test
Cc1sc2c(c1C)C(c1ccc(Cl)cc1)=N[C@@H](CC(=O)NCCOCCOCCNC(=O)OC(C)(C)C)c1nnc(C)n1-2,,-5.206209615309182,,train
Cc1sc2c(c1C)C(c1ccc(Cl)cc1)=N[C@@H](CC(=O)OC(C)(C)C)c1nnc(C)n1-2,,-5.450781977329818,,train
ClC(Cn1ncc2c(NCc3ccc(Br)cc3)ncnc21)c1ccc(Br)cc1,,-5.467245621007502,,test
ClC(Cn1ncc2c(NCc3ccccc3)nc(SCCN3CCOCC3)nc21)c1ccccc1,,-5.040958607678906,,train
ClC(Cn1ncc2c(Nc3cccc(Br)c3)ncnc21)c1ccccc1,,-5.494850021680094,,train
ClC(Cn1ncc2c(Nc3ccccc3)nc(SCCN3CCOCC3)nc21)c1ccccc1,,-5.0,,train
ClC(Cn1ncc2c(Nc3ccccc3)ncnc21)c1ccc(Br)cc1,,-5.177831920631983,,train
Clc1c(CNc2nccc(Nc3cc(C4CC4)[nH]n3)n2)ccc2[nH]cnc12,,,-5.552841968657781,train
Clc1cc(CN(C2CCNCC2)C2CC(c3ccc(Br)cc3)C2)ccc1Br,,-4.494850021680094,,train
Clc1cc(CN(C2CCNCC2)C2CC(c3cccc(Br)c3)C2)ccc1Br,,-4.853871964321762,,train
Clc1cc(Cl)cc(CO[C@H]2CCCN(Cc3ncc[nH]3)[C@H]2c2ccccc2)c1,,,-5.698970004336019,train
Clc1ccc(C(Cl)Cn2ncc3c(NCc4ccncc4)ncnc32)cc1,,-5.267606240177032,,train
Clc1ccc(C2Cc3nccn3C2)cc1,,-4.468521082957745,,train
Clc1ccc(CNc2ncnc3c2cnn3CC(Cl)c2ccc(Br)cc2)cc1,,-5.372634143407267,,train
Clc1ccc(Oc2ccc3c(NCCCNCc4ccc5c(c4)OCO5)ccnc3c2)cc1,,-3.4989407377822483,,train
Clc1ccc(Oc2ccc3c(NCCCNCc4ccco4)ccnc3c2)cc1,,-3.4989407377822483,,train
Clc1ccc(Oc2cncc3sc(-c4nn[nH]n4)cc23)cc1,,,-4.958607314841775,train
Clc1ccc([C@H](c2ccccc2)N2CCNCC2)cc1,,-2.7166987712964503,,train
Clc1ccc2c(NCCCNCc3cccc4c3OCO4)ccnc2c1,,-2.619788758288394,,train
Clc1ccc2c(c1)-c1ncnn1Cc1c(Cl)ncn1-2,,-5.187086643357144,,train
Clc1ccc2c(c1)CCCc1nnc(C3CCN(c4ccccn4)CC3)n1-2,-4.431798275933005,,,test
Clc1ccc2c(c1)CCCc1nnc([C@H]3CC[C@H](Oc4ccccn4)CC3)n1-2,-4.537602002101044,,,val
Clc1ccc2c(c1)CCc1nnc(C3CCN(c4ccccn4)CC3)n1-2,-4.292429823902063,,,train
Clc1ccc2nc(-c3ccco3)c3c(c2c1)OCCC3,,-5.455931955649724,,test
Clc1ccc2nc(-c3cccs3)c(CCCN3CCCC3)cc2c1,,-4.889410289700751,,train
Clc1ccc2nc(-c3cccs3)c3c(c2c1)OCCC3,,-4.841637507904751,,val
Clc1ccc2nc(N3CCCCC3)c(-c3nnn[nH]3)c(-c3ccccc3)c2c1,,-5.468521082957745,,train
Clc1cccc(C2CCc3nc[nH]c3C2)c1,,-4.4089353929735005,,train
Clc1cccc(CNc2ncnc3c2cnn3CC(Cl)c2ccc(Br)cc2)c1,,-5.040958607678906,,train
Clc1cccc(COc2cnc(-c3nnco3)cc2Cl)c1,,-5.274905478918531,,train
Clc1cccc(Cl)c1NC1=NCCN1,,-5.248334944089323,,train
Clc1cccc(Nc2nc(N3CCOCC3)nc3c2cnn3CC(Cl)c2ccccc2)c1,,-4.8297382846050425,,train
Clc1cccc(Nc2nc(SCCN3CCOCC3)nc3c2cnn3CC(Cl)c2ccccc2)c1,,-5.022276394711152,,test
Clc1cccc(Nc2nc3c(s2)CCCc2n[nH]cc2-3)n1,,-4.812479279163537,,train
Clc1cccc2c1Oc1cc(N3CCCC3)ccc1C2,,-6.443697499232713,,test
Clc1cccc2c1Oc1cc(N3CCCC3)ccc1C2C1COC1,,-7.045757490560675,,train
Clc1ccccc1C1CCc2nc[nH]c2C1,,-4.468521082957745,,train
Clc1ccccc1C1Cc2nccn2C1,,-4.292429823902063,,train
Clc1ccccc1CNc1ncnc2c1cnn2CC(Cl)c1ccc(Br)cc1,,-5.056505484093898,,train
Clc1cnc(CNc2cc3sncc3cc2Cl)s1,-7.387216143280264,,,train
Clc1cnc(CNc2ccc3cnsc3c2)s1,-6.971428747307463,,,train
Clc1cnc(CNc2ccc3sncc3c2)s1,-6.777283528852417,,,train
Clc1cnc(N[C@H]2CCCNC2)nc1-c1c[nH]c2ccccc12,,,-5.279014255846261,train
Clc1cnc2n1CCCc1nnc([C@H]3CC[C@H](Oc4ccccn4)CC3)n1-2,-4.3872161432802645,,,train
Clc1ncn2c1Cn1ncnc1-c1cc(Br)ccc1-2,,-5.154901959985743,,train
Cn1c(-c2ccc(Cl)cc2)cnc1-c1ccc(C(N)=O)cc1,,,-4.806875401645539,train
Cn1c(-c2cccc(N)n2)c(C2CCCCC2)c2ccc(C(=O)NC(C)(C)C(=O)Nc3ccc(/C=C/C(=O)O)cc3)cc21,-5.823908740944319,,,val
Cn1c(-c2cccc3cccnc23)c(C2CCCCC2)c2ccc(C(=O)NC(C)(C)C(=O)Nc3ccc(/C=C/C(=O)O)cc3)cc21,-5.468521082957745,,,train
Cn1c(-c2ccccc2)cc2c(N[C@H](CO)c3ccccc3)ncnc21,-4.525783735923745,,,val
Cn1c(-c2ccccn2)c(C2CCCCC2)c2ccc(C(=O)NC(C)(C)C(=O)Nc3ccc(-c4ccc(C(=O)O)o4)cc3)cc21,-6.698970004336019,,,train
Cn1c(-c2ccccn2)c(C2CCCCC2)c2ccc(C(=O)NC(C)(C)C(=O)Nc3ccc(-c4nc(C(=O)O)cs4)cc3)cc21,-7.0,,,train
Cn1c(-c2ccccn2)c(C2CCCCC2)c2ccc(C(=O)NC(C)(C)C(=O)Nc3ccc(/C=C/C(=O)O)cc3)cc21,-4.795880017344075,,,val
Cn1c(-c2ccccn2)c(C2CCCCC2)c2ccc(C(=O)NC(C)(C)C(=O)Nc3ccc(CCC(=O)O)cc3)cc21,-4.896196279044044,,,train
Cn1c(-c2ccccn2)c(C2CCCCC2)c2ccc(C(=O)NC(C)(C)C(=O)Nc3ccc(NC(=O)C(N)=O)cc3)cc21,-4.889410289700751,,,train
Cn1c(-c2ccccn2)c(C2CCCCC2)c2ccc(C(=O)NC(C)(C)C(=O)Nc3ccc4sc(C(=O)O)cc4c3)cc21,-6.3979400086720375,,,train
Cn1c(-c2ccccn2)c(C2CCCCC2)c2ccc(C(=O)NC3(C(=O)Nc4ccc(/C=C/C(=O)O)cc4)CCC3)cc21,-4.4089353929735005,,,train
Cn1c(-c2ccccn2)c(C2CCCCC2)c2ccc(C(=O)NC3(C(=O)Nc4ccc(/C=C/C(=O)O)cc4)CCOCC3)cc21,-5.2441251443275085,,,train
Cn1c(-c2ccccn2)c(C2CCCCC2)c2ccc(C(=O)NC3(C(=O)Nc4ccc(C(=O)O)cc4)CCC3)cc21,-5.013228265733756,,,val
Cn1c(-c2ccccn2)c(C2CCCCC2)c2ccc(C(=O)N[C@@]3(C(=O)Nc4ccc(-c5cncnc5)cc4)CCNC3)cc21,-7.0,,,test
Cn1c(-c2ccccn2)c(C2CCCCC2)c2ccc(C(=O)N[C@@]3(C(=O)Nc4ccc(/C=C/C(=O)O)cc4)CCCNC3)cc21,-6.221848749616356,,,train
Cn1c(-c2ccccn2)c(C2CCCCC2)c2ccc(C(=O)N[C@@]3(C(=O)Nc4ccc(/C=C/C(=O)O)cc4)CCNC3)cc21,-6.301029995663981,,,test
Cn1c(-c2ccccn2)c(C2CCCCC2)c2ccc(C(=O)N[C@]3(C(=O)Nc4ccc(/C=C/C(=O)O)cc4)CCNC3)cc21,-7.0,,,train
Cn1c(-c2cccnc2)c(C2CCCCC2)c2ccc(C(=O)NC(C)(C)C(=O)Nc3ccc(/C=C/C(=O)O)cc3)cc21,-5.026872146400302,,,train
Cn1c(-c2ccncc2)c(C2CCCCC2)c2ccc(C(=O)NC(C)(C)C(=O)Nc3ccc(/C=C/C(=O)O)cc3)cc21,-6.522878745280337,,,train
Cn1c(-c2ccoc2)c(C2CCCCC2)c2ccc(C(=O)NC(C)(C)C(=O)Nc3ccc(/C=C/C(=O)O)cc3)cc21,-5.221848749616356,,,train
Cn1c(-c2cnccn2)c(C2CCCCC2)c2ccc(C(=O)NC(C)(C)C(=O)Nc3ccc(/C=C/C(=O)O)cc3)cc21,-5.154901959985743,,,val
Cn1c(-c2cncnc2)c(C2CCCCC2)c2ccc(C(=O)NC(C)(C)C(=O)Nc3ccc(/C=C/C(=O)O)cc3)cc21,-5.481486060122113,,,train
Cn1c(-c2cnco2)c(C2CCCCC2)c2ccc(C(=O)NC(C)(C)C(=O)Nc3ccc(/C=C/C(=O)O)cc3)cc21,-5.301029995663981,,,test
Cn1c(-c2csc(-c3cccnc3)n2)c(C2CCCCC2)c2ccc(C(=O)NC(C)(C)C(=O)Nc3ccc(/C=C/C(=O)O)cc3)cc21,-6.698970004336019,,,train
Cn1c(-c2cscn2)nc2ccccc21,-4.142667503568732,,,train
Cn1c(-c2nccs2)c(C2CCCCC2)c2ccc(C(=O)NC(C)(C)C(=O)Nc3ccc(/C=C/C(=O)O)cc3)cc21,-5.070581074285707,,,train
Cn1c(=O)[nH]c(=O)c2c1nc(S)n2CC(O)COc1ccc(Cl)cc1,-5.958607314841775,,,test
Cn1c(=O)[nH]c2c(Cl)cc3c(c21)CN(CC(F)(F)F)C(=O)[C@H](CC(=O)N1CCC(N2CCc4ccccc4NC2=O)CC1)C3,,-6.716698771296451,,train
Cn1c(=O)[nH]c2cc(N3C(=O)c4cccc5c(CCCO)ccc(c45)C3=O)ccc21,-7.602059991327962,,,train
Cn1c(=O)c(-c2cc(C(=O)NC3CC3)ccc2Cl)cc2cnn(-c3c(F)cccc3F)c21,-4.6020599913279625,,,train
Cn1c(=O)c(Oc2ccc(F)cc2F)cc2cnc(NC(CCO)CCO)nc21,-5.562249437179612,,,test
Cn1c(=O)c(Oc2ccc(F)cc2F)cc2cnc(NC3CCOCC3)nc21,-4.481486060122113,,,train
Cn1c(=O)c2[nH]cnc2n(C)c1=O,,-6.636412173725677,,train
Cn1c(=O)c2c(c3cc(Nc4ccnc(Cl)c4C#N)ccc31)N[C@@H](C1CC1)C(F)(F)CO2,,-5.259637310505756,,train
Cn1c(=O)c2c(c3cc(Nc4nc(N5CCC(F)(F)[C@@H](CO)C5)ncc4Cl)ccc31)N[C@@H](C1CC1)C(F)(F)CO2,,-4.6777807052660805,,val
Cn1c(=O)c2c(nc(N3CCC[C@@H](N)C3)n2Cc2ccccc2Cl)c2cc(C(=O)O)ccc21,,-8.0,,test
Cn1c(=O)c2c(nc(N3CCC[C@@H](N)C3)n2Cc2ccccc2Cl)c2cc(C(=O)OCCCN3CCOCC3)ccc21,,-5.468521082957745,,test
Cn1c(=O)c2c(nc(N3CCC[C@@H](N)C3)n2Cc2ccccc2Cl)c2cc(C(=O)OCCN3CCOCC3)ccc21,,-5.1487416512809245,,train
Cn1c(=O)c2c(nc(N3CCC[C@@H](N)C3)n2Cc2ccccc2Cl)c2cc(C(=O)OCOC(=O)C(C)(C)C)ccc21,,-5.200659450546419,,train
Cn1c(=O)c2c(nc(N3CCC[C@@H](N)C3)n2Cc2ccccc2Cl)c2ccc(C(=O)O)cc21,,-8.0,,train
Cn1c(=O)c2c(ncn2C)n(C)c1=O,-4.584192272364457,-5.627228606582002,-4.769551078621726,train
Cn1c(=O)cc(NC(C)(C)c2ncc(C3CC3)cn2)c2cc(Nc3ccnc(Cl)c3C#N)ccc21,,-4.455931955649724,,train
Cn1c(=O)cc(NC(C)(C)c2ncccn2)c2cc(Nc3ccnc(Cl)c3C#N)ccc21,,-5.744727494896694,,train
Cn1c(=O)cc(NC2CCOCC2)c2cc(-c3cncs3)ccc21,,,-6.698970004336019,test
Cn1c(=O)n(C2CCOCC2)c2c3cc(-c4cccnc4)ccc3ncc21,-4.221848749616356,,,train
Cn1c(=O)nc2n(-c3ccc(O)cc3)c3cc(C#N)ccc3cc-2c1=O,,-7.0,,train
Cn1c(=O)oc2ccc(-c3ccc(C[C@@H](C#N)NC(=O)[C@@H]4CNCCCO4)cc3)cc21,-5.036212172654444,,,train
Cn1c(=O)sc2ccc(-c3ccc(C[C@@H](C#N)NC(=O)[C@@H]4CNCCCO4)cc3)cc21,-4.958607314841775,,,train
Cn1c(Br)c(Br)c2c(=O)n(Cc3ccccc3C#N)c(N3CCC[C@@H](N)C3)nc21,-5.6020599913279625,,,train
Cn1c(C(=O)NC2(c3ccc(C(=O)O)cc3)COC2)cc2c(Cl)c(Cl)ccc21,,-7.2839966563652,,test
Cn1c(C(=O)NC2(c3ccc(C(=O)O)nc3)COC2)cc2c(Cl)c(Cl)ccc21,,-7.886056647693163,,train
Cn1c(C(=O)NC2(c3ccc(C(C(=O)O)c4cccnc4)cc3)COC2)cc2c(Cl)c(Cl)ccc21,,-9.0,,train
Cn1c(C(=O)NC2(c3ccc(C(CC(=O)O)c4cccnc4)cc3)COC2)cc2c(Cl)c(Cl)ccc21,,-7.795880017344075,,test
Cn1c(C(=O)NC2(c3ccc(CC(=O)NS(C)(=O)=O)cc3)COC2)cc2c(Cl)c(Cl)ccc21,,-8.397940008672037,,val
Cn1c(C(=O)NC2(c3ccc(CC(=O)O)c(F)c3)COC2)cc2c(Cl)c(Cl)ccc21,,-7.346787486224656,,train
Cn1c(C(=O)NC2(c3ccc(CC(=O)O)cc3)COC2)cc2c(Cl)c(Cl)ccc21,,-9.0,,train
Cn1c(C(=O)NC2(c3ccc(CO)cc3)COC2)cc2c(Cl)c(Cl)ccc21,,-6.812479279163537,,train
Cn1c(C(=O)NC2(c3ccc([C@@H](O)c4cccnc4)cc3)COC2)cc2c(Cl)c(Cl)ccc21,,-6.681936665037239,,train
Cn1c(C(=O)NC2(c3ccc([C@H](O)c4cccnc4)cc3)COC2)cc2c(Cl)c(Cl)ccc21,,-6.598599459218456,,train
Cn1c(C(=O)O)cc2cc(NC(=O)C(C)(C)NC(=O)c3ccc4c(C5CCCCC5)c(-c5ccccn5)n(C)c4c3)ccc21,-6.154901959985743,,,train
Cn1c(C(=O)O)cc2cc(NC(=O)[C@]3(NC(=O)c4ccc5c(C6CCCCC6)c(-c6ccccn6)n(C)c5c4)CCCNC3)ccc21,-7.0,,,train
Cn1c(C(F)(F)F)nc2cc(C(=O)O)ccc21,-5.007446482167865,,,val
Cn1c(C(F)(F)F)nc2ccc(C(=O)O)cc21,-5.293282217663242,,,train
Cn1c(C2=CCN(CCCN3c4ccccc4Sc4ccc(CC(=O)O)cc43)CC2)cc(=O)n(C)c1=O,-7.327902142064283,,,train
Cn1c(CCC(=O)O)nnc1-c1ccc(NC(=O)c2ccc3ccccc3c2)cc1,-6.275724130399211,,,train
Cn1c(CNC(=O)c2cnn3cccnc23)nc2c(C(=O)O)cccc21,,-7.508638306165728,,train
Cn1c(COc2cccc(C(=O)O)c2)nc2ccc(Oc3cc(Cl)ccn3)cc21,,-4.987162775294828,,train
Cn1c(COc2cccc(C(=O)O)c2)nc2ccc(Oc3ccc(Cl)c(F)c3)cc21,,-4.414539270491499,,train
Cn1c(COc2cccc(C(=O)O)c2)nc2ccc(Oc3ccc(Cl)c(F)c3)nc21,,-4.591760034688151,,test
Cn1c(COc2cccc(C(=O)O)c2)nc2ccc(Oc3ccc(Cl)cn3)cc21,,-4.790484985457369,,test
Cn1c(COc2cccc(C(=O)O)c2)nc2ccc(Oc3ccc(F)cc3)nc21,,-5.0655015487564325,,train
Cn1c(COc2cccc(C(=O)O)c2)nc2ccc(Oc3ccc(F)cn3)cc21,,-5.327902142064283,,train
Cn1c(COc2cccc(C(=O)O)c2)nc2ccc(Oc3ccc4c(c3)CCC4)nc21,,-4.501689446210399,,train
Cn1c(COc2cccc(C(=O)O)c2)nc2ccc(Oc3ccc4c(c3)OCC4)nc21,,-5.040958607678906,,train
Cn1c(COc2cccc(C(=O)O)c2)nc2ccc(Oc3cccc(Cl)n3)cc21,,-5.119186407719209,,train
Cn1c(COc2cccc(C(=O)O)c2)nc2ccc(Oc3ccccn3)cc21,,-5.657577319177793,,train
Cn1c(COc2cccc(C(=O)O)c2)nc2ccc(Oc3ncc(Cl)cc3Cl)cc21,,-4.79317412396815,,train
Cn1c(COc2cccc(C(=O)O)c2)nc2ccc(Oc3ncc(Cl)cc3F)cc21,,-4.928117992693875,,train
Cn1c(COc2cccc(C(=O)O)c2)nc2ccc(Oc3ncccc3Cl)cc21,,-5.091514981121351,,train
Cn1c(COc2cccc(C(=O)O)c2)nc2ccc(Oc3ncccc3F)cc21,,-5.4089353929735005,,val
Cn1c(COc2cccc(C(=O)O)c2)nc2cnc(Oc3ccc(Cl)c(F)c3)cc21,,-4.950781977329818,,val
Cn1c(COc2cccc(C(=O)O)c2)nc2cnc(Oc3ccc4c(c3)CCC4)cc21,,-4.782516055786094,,train
Cn1c(COc2cccc(C(=O)O)c2)nc2cnc(Oc3ccc4c(c3)OCC4)cc21,,-5.443697499232713,,val
Cn1c(Cl)cnc1CNc1ccc2sncc2c1,-6.6595558851598815,,,val
Cn1c(F)c(-c2cc(C(F)(F)F)c3nn(C4CCNCC4)cc3c2)ccc1=O,,,-5.318758762624413,val
Cn1c(N)nc2cc(Cl)ccc21,-5.283162276700476,,,test
Cn1c(N2CCC(F)(F)CC2)cc(OCc2cc(F)c(Oc3ccc(Cl)c(C(F)(F)F)c3)c(F)c2)nc1=O,-7.045757490560675,,,train
Cn1c(N2CCC(F)CC2)cc(OCc2cc(F)c(Oc3ccc(Cl)c(C(F)(F)F)c3)c(F)c2)nc1=O,-6.552841968657781,,,train
Cn1c(N2CCCC2)cc(OCc2cc(F)c(Oc3ccc(Cl)c(C(F)(F)F)c3)c(F)c2)nc1=O,-7.096910013008056,,,train
Cn1c(N2CCCCC2)cc(OCc2cc(F)c(Oc3ccc(Cl)c(C(F)(F)F)c3)c(F)c2)nc1=O,-8.0,,,train
Cn1c(N2CCCN(CCCN3c4ccccc4Sc4c(C(=O)O)cccc43)CC2)cc(=O)n(C)c1=O,-8.301029995663981,,,train
Cn1c(N2CCCN(CCCN3c4ccccc4Sc4ccc(/C=C\C(=O)O)cc43)CC2)cc(=O)n(C)c1=O,-7.1487416512809245,,,train
Cn1c(N2CCCN(CCCN3c4ccccc4Sc4ccc(C(=O)O)cc43)CC2)cc(=O)n(C)c1=O,-7.327902142064283,,,train
Cn1c(N2CCCN(CCCN3c4ccccc4Sc4ccc(C(C)(C)C(=O)O)cc43)CC2)cc(=O)n(C)c1=O,-7.00436480540245,,,test
Cn1c(N2CCCN(CCCN3c4ccccc4Sc4ccc(CC(=O)O)cc43)CC2)cc(=O)n(C)c1=O,-7.259637310505756,,,val
Cn1c(N2CCCN(CCCN3c4ccccc4Sc4ccc(CCC(=O)O)cc43)CC2)cc(=O)n(C)c1=O,-7.113509274827519,,,train
Cn1c(N2CCCN(CCCN3c4ccccc4Sc4ccc(OCC(=O)O)cc43)CC2)cc(=O)n(C)c1=O,-8.301029995663981,,,train
Cn1c(N2CCCN(CCCN3c4ccccc4Sc4cccc(C(=O)O)c43)CC2)cc(=O)n(C)c1=O,-8.301029995663981,,,train
Cn1c(N2CCN(C3CC3)CC2)cc(OCc2cc(F)c(Oc3ccc(Cl)c(C(F)(F)F)c3)c(F)c2)nc1=O,-6.366531544420414,,,train
Cn1c(N2CCN(CCCCN3c4ccccc4Sc4ccc(C(=O)O)cc43)CC2)cc(=O)n(C)c1=O,-6.692503962086787,,,train
Cn1c(N2CCN(CCCN3c4ccccc4Sc4ccc(C(=O)O)cc43)CC2)cc(=O)n(C)c1=O,-7.00436480540245,,,train
Cn1c(N2CCN(CCCN3c4ccccc4Sc4ccc(CC(=O)O)cc43)CC2)cc(=O)n(C)c1=O,-6.910094888560602,,,train
Cn1c(N2CCN(CCCN3c4ccccc4Sc4ccc(CCC(=O)O)cc43)CC2)cc(=O)n(C)c1=O,-7.292429823902063,,,train
Cn1c(N2CCN(CCN3c4ccccc4Sc4ccc(C(=O)O)cc43)CC2)cc(=O)n(C)c1=O,-7.309803919971486,,,train
Cn1c(N2CCOCC2)cc(OCc2cc(F)c(Oc3ccc(Cl)c(C(F)(F)F)c3)c(F)c2)nc1=O,-5.856985199745905,,,train
Cn1c(N2CCOCC2)cc(OCc2ccc(Oc3ccc(Cl)c(C(F)(F)F)c3)c(C#N)c2)nc1=O,-5.184422251675732,,,train
Cn1c(N2CCOCC2)cc(OCc2ccc(Oc3ccc(Cl)c(C(F)(F)F)c3)c(F)c2)nc1=O,-5.696803942579511,,,val
Cn1c(N2CCOCC2)cc(OCc2ccc(Oc3ccc(Cl)c(C(F)(F)F)c3)cc2)nc1=O,-5.688246138944246,,,train
Cn1c(N2CCOCC2)nc2cc(N3CCC(CO)CC3)c(NC(=O)c3cnn4cccnc34)cc21,,,-5.619788758288394,train
Cn1c(NC(=O)Cn2ccccc2=O)cc2ccccc21,,-5.481486060122113,,val
Cn1c(NC(=O)c2cccnc2)cc2ccccc21,,-5.309803919971486,,train
Cn1c(NCCCN2CCC(CN3c4ccccc4Sc4ccc(C(=O)O)cc43)CC2)cc(=O)n(C)c1=O,-8.397940008672037,,,train
Cn1c(NCCCN2CCC(Oc3ccc(Cl)c(Cl)c3)CC2)cc(=O)n(C)c1=O,-7.376750709602099,,,train
Cn1c(OCC(C)(C)C(=O)Nc2ccccc2)nnc1-c1ccc(NC(=O)c2ccc3ccccc3c2)cc1,-4.703334809738469,,,val
Cn1c(OCC(C)(C)C(=O)O)nnc1-c1ccc(NC(=O)c2ccc3ccccc3c2)cc1,-6.657577319177794,,,train
Cn1c(OCC(C)(C)C(N)=O)nnc1-c1ccc(NC(=O)c2ccc3ccccc3c2)cc1,-7.0,,,train
Cn1c(S)nc2cc(Cl)ccc21,-5.1598939055432425,,,train
Cn1c(S)nc2ccc(Cl)cc21,-4.85078088734462,,,test
Cn1c(S)nc2ccccc21,-5.089375595110798,,,train
Cn1c(SCCCN2CC3CCN(c4c(F)cc(F)cc4F)C3C2)nnc1-c1ccn(C)c(=O)c1,-7.0,,,train
Cn1c(SCCCN2CC3CCN(c4ccc(C(F)(F)F)cc4)C3C2)nnc1-c1cc[nH]c(=O)c1,-7.376750709602099,,,train
Cn1c(SCCCN2CC3CCN(c4ccc(C(F)(F)F)cc4)C3C2)nnc1-c1ccc(=O)n(C)c1,-7.342329761686356,,,test
Cn1c(Sc2ccc(Cl)cc2)cc(=O)n(O)c1=O,,-5.346787486224656,,train
Cn1c(Sc2ccc(F)cc2)cc(=O)n(O)c1=O,,-5.522878745280337,,train
Cn1c(Sc2cccc(F)c2)cc(=O)n(O)c1=O,,-5.6020599913279625,,train
Cn1c(Sc2cccc3ccccc23)cc(=O)n(O)c1=O,,-5.292429823902063,,train
Cn1c2c(c3cc(S(=O)(=O)c4c[nH]c5ccccc45)ccc31)C1CCC(C2)N1,-6.183013422105163,,,train
Cn1c2c(c3cc(S(=O)(=O)c4ccc5[nH]ccc5c4)ccc31)C1CCC(C2)N1,-6.259637310505756,,,train
Cn1c2c(c3cc(S(=O)(=O)c4cccc(C(F)(F)F)c4)ccc31)C1CCC(C2)N1,-4.694032187479939,,,test
Cn1c2c(c3cc(S(=O)(=O)c4cccc(Cl)c4)ccc31)C1CCC(C2)N1,-5.09677603378618,,,train
Cn1c2c(c3cc(S(=O)(=O)c4csc5ccccc45)ccc31)C1CCC(C2)N1,-5.711944552939579,,,val
Cn1c2c(c3cc(S(=O)(=O)n4ccc5ccccc54)ccc31)C1CCC(C2)N1,-4.872363747448347,,,val
Cn1c2nc(=O)[nH]c(=O)c-2cc2ccccc21,-4.91721462968355,,,train
Cn1cc(-c2cc(-c3cc(Cl)c(F)c(OCc4ccccc4Cl)c3)c(=O)n(-c3cccnc3)c2)c(=O)[nH]c1=O,,-5.823908740944319,,train
Cn1cc(-c2cc(-c3cc(Cl)cc(OCC4CC4)c3)c(=O)n(-c3cccnc3)c2)c(=O)[nH]c1=O,,-5.488116639021126,,train
Cn1cc(-c2cc(-c3cc(Cl)cc(OCCC(F)(F)F)c3)c(=O)n(-c3cccnc3)c2)c(=O)[nH]c1=O,,-5.645891560852599,,train
Cn1cc(-c2cc(-c3cc(Cl)cc(OCc4ocnc4C(F)(F)F)c3)c(=O)n(-c3cccnc3)c2)c(=O)[nH]c1=O,,-5.987162775294828,,train
Cn1cc(-c2cc(-c3cc(Cl)cc(OCc4scnc4C(F)(F)F)c3)c(=O)n(-c3cccnc3)c2)c(=O)[nH]c1=O,,-5.935542010773082,,train
Cn1cc(-c2cc(-c3ccc(C(=O)O)cc3)cnc2N)cn1,,,-5.301029995663981,train
Cn1cc(-c2cc(C(N)=O)ccc2Oc2ccccc2)c2cc[nH]c2c1=O,,,-4.853871964321762,train
Cn1cc(-c2cc(NS(=O)(=O)CC(F)(F)F)ccc2Oc2ccccc2)c2cc[nH]c2c1=O,,,-4.795880017344075,train
Cn1cc(-c2cc(NS(C)(=O)=O)ccc2OC2CCC(F)(F)CC2)c2cc[nH]c2c1=O,,,-4.920818753952375,train
Cn1cc(-c2cc(NS(C)(=O)=O)ccc2OC2CCCCC2)c2cc[nH]c2c1=O,,,-4.638272163982407,val
Cn1cc(-c2cc(NS(C)(=O)=O)ccc2OC2CCOCC2)c2cc[nH]c2c1=O,,,-5.769551078621726,train
Cn1cc(-c2cc(NS(C)(=O)=O)ccc2OCc2ccccc2)c2cc[nH]c2c1=O,,,-4.619788758288394,test
Cn1cc(-c2cc(NS(C)(=O)=O)ccc2Oc2ccc(F)cc2Cl)c2cc[nH]c2c1=O,,,-4.958607314841775,train
Cn1cc(-c2cc(NS(C)(=O)=O)ccc2Oc2ccc(F)cc2F)c2cc[nH]c2c1=O,,,-4.769551078621726,train
Cn1cc(-c2cc(NS(C)(=O)=O)ccc2Oc2ccccc2)c2cc[nH]c2c1=O,,,-4.920818753952375,val
Cn1cc(-c2cc(NS(C)(=O)=O)ccc2Oc2ccccc2C(F)(F)F)c2cc[nH]c2c1=O,,,-5.10790539730952,train
Cn1cc(-c2cc(NS(C)(=O)=O)ccc2Oc2cccnc2)c2cc[nH]c2c1=O,,,-5.522878745280337,test
Cn1cc(-c2cc(NS(C)(=O)=O)cnc2Oc2ccccc2)c2cc[nH]c2c1=O,,,-5.221848749616356,val
Cn1cc(-c2cc(S(C)(=O)=O)ccc2Oc2ccc(F)cc2F)c2cc(C(N)=O)[nH]c2c1=O,,-5.619788758288394,-5.619788758288394,train
Cn1cc(-c2cc(S(C)(=O)=O)ccc2Oc2ccccc2)c2cc[nH]c2c1=O,,,-4.619788758288394,train
Cn1cc(-c2cc(S(N)(=O)=O)ccc2Oc2ccccc2)c2cc[nH]c2c1=O,,,-4.657577319177793,train
Cn1cc(-c2cc3[nH]nc(-c4cccc(S(N)(=O)=O)c4)c3cc2NC2CCCCC2)cn1,,,-5.570247719997592,test
Cn1cc(-c2ccc(-c3cnc(N)c4ccc(C(=O)N5CC(C)(F)C5)cc34)cc2)cn1,-4.58838029403677,,,train
Cn1cc(-c2ccc(-c3cnc(N)c4ccc(C(=O)N5CC(C)(F)C5)nc34)cc2)cn1,-4.559090917934783,,,train
Cn1cc(-c2ccc(-c3cnc(N)c4ccc(C(=O)N5CC(F)(F)C5)cc34)cc2)cn1,-4.401209493236885,,,train
Cn1cc(-c2ccc(-c3cnc(N)c4ccc(C(=O)N5CC(F)(F)C5)nc34)cc2)cn1,-4.621602099051862,,,train
Cn1cc(-c2ccc(-c3cnc(N)c4ccc(C(=O)N5CCC5)cc34)cc2)cn1,-4.565431095965802,,,train
Cn1cc(-c2ccc(-c3cnc(N)c4ccc(C(=O)N5CCC5)nc34)cc2)cn1,-4.370590400897282,,,val
Cn1cc(-c2ccc(-c3cnc(N)c4ccc(C(=O)N5CCCC5)nc34)cc2)cn1,-4.522878745280337,,,train
Cn1cc(-c2ccc(-c3cnc(N)c4ccc(C(=O)N5CCNCC5)nc34)cc2)cn1,-6.017728766960432,,,train
Cn1cc(-c2ccc(-c3cnc(N)c4ccc(C(=O)N5CCOCC5)nc34)cc2)cn1,-4.468521082957745,,,train
Cn1cc(-c2ccc(-c3cnc(N)c4ccc(C(=O)NC5CC5)cc34)cc2)cn1,-4.488116639021126,,,train
Cn1cc(-c2ccc(-c3cnc(N)c4ccc(N5CCOC5=O)cc34)cc2)cn1,-4.686132779630847,,,train
Cn1cc(-c2ccc(C(F)(F)F)cc2)c2cc(F)c(C(=O)NS(=O)(=O)C3CC3)cc21,-7.337242168318426,-6.490797477668897,,train
Cn1cc(-c2ccc(C(F)(F)F)cc2)c2cc(F)c(C(=O)NS(C)(=O)=O)cc21,-7.698970004336019,-6.853871964321762,,test
Cn1cc(-c2ccc(C(F)(F)F)cc2)c2ccc(C(=O)NS(=O)(=O)C3CC3)cc21,,-6.869666231504994,,train
Cn1cc(-c2ccc(C(F)(F)F)cc2)c2ccc(C(=O)NS(C)(=O)=O)cc21,-7.823908740944319,-6.767003889607846,,val
Cn1cc(-c2ccc(C(F)F)cc2)c2cc(F)c(C(=O)NS(=O)(=O)C3CC3)cc21,-7.091514981121351,-7.221848749616356,,train
Cn1cc(-c2ccc(Cc3n[nH]c4ccc(C(=O)N5CC(F)(F)C5)cc34)cc2)cn1,-4.4089353929735005,,,val
Cn1cc(-c2ccc(Cc3n[nH]c4ccc(C(=O)N5CC(O)C5)cc34)cc2)cn1,-5.251811972993799,,,train
Cn1cc(-c2ccc(Cc3n[nH]c4ccc(C(=O)N5CCC(F)(F)C5)cc34)cc2)cn1,-4.437707135543525,,,train
Cn1cc(-c2ccc(Cc3n[nH]c4ccc(C(=O)N5CCCC5)cc34)cc2)cn1,-4.555955204081924,,,train
Cn1cc(-c2ccc(Cc3n[nH]c4ccc(C(=O)N5CCNCC5)cc34)cc2)cn1,-5.638272163982407,,,val
Cn1cc(-c2ccc(Cc3n[nH]c4ccc(C(=O)N5CCOCC5)cc34)cc2)cn1,-4.501689446210399,,,val
Cn1cc(-c2ccc(Cc3n[nH]c4ccc(C(=O)N5CC[C@@H](O)C5)cc34)cc2)cn1,-5.060480747381382,,,train
Cn1cc(-c2ccc(Cc3n[nH]c4ccc(C(=O)N5CC[C@H](O)C5)cc34)cc2)cn1,-5.096910013008056,,,train
Cn1cc(-c2ccc(N(C(=O)NCc3ccccc3)[C@H]3CC[C@H](Nc4ccc(C#N)cn4)CC3)cc2)ccc1=O,,-6.563837352959244,,train
Cn1cc(-c2ccc(N(C(=O)NCc3ccccc3)[C@H]3CC[C@H](Nc4ccc(C#N)cn4)CC3)cc2)cn1,,-6.540607512240769,,train
Cn1cc(-c2ccc(NC(=O)[C@H](NCCc3ccc(C#N)cc3)c3ccccc3)nc2)cn1,,-7.860120913598763,,train
Cn1cc(-c2ccc3c(C(=O)[C@H](NCCc4ccc(C#N)cc4)c4ccccc4)c[nH]c3c2)cn1,,-10.18045606445813,,train
Cn1cc(-c2ccc3c(c2)c(C2CCN(CCN4CCNC4=O)CC2)cn3-c2ccc(F)cc2)nn1,-5.301029995663981,,,val
Cn1cc(-c2ccccc2Oc2ccccc2)c2cc[nH]c2c1=O,,,-4.508638306165727,train
Cn1cc(-c2ccnc(-n3ncc4cc(C(C)(C)C)cc(F)c4c3=O)c2CO)cc(NC(=O)C2CC2)c1=O,,,-4.869666231504994,train
Cn1cc(-c2ccnc(-n3ncc4cc(C(C)(C)C)cc(F)c4c3=O)c2CO)cc(NC(=O)[C@@H]2C[C@@H]2F)c1=O,,,-4.91721462968355,test
Cn1cc(-c2ccnc(-n3ncc4cc(C(C)(C)C)cc(F)c4c3=O)c2CO)cc(NC(=O)[C@@H]2C[C@H]2F)c1=O,,,-4.853871964321762,train
Cn1cc(-c2ccnc(-n3ncc4cc(C(C)(C)C)cc(F)c4c3=O)c2CO)cc(NC(=O)[C@H]2C[C@@H]2F)c1=O,,,-4.966576244513051,train
Cn1cc(-c2ccnc(-n3ncc4cc(C(C)(C)C)cc(F)c4c3=O)c2CO)cc(NC(=O)[C@H]2C[C@H]2F)c1=O,,,-5.1938200260161125,train
Cn1cc(-c2ccnc(N3CCn4c(cc5c4CC(C)(C)C5)C3=O)c2CO)cc(Nc2ccc(C3CN(C4COC4)C3)cn2)c1=O,,,-4.314258261397736,train
Cn1cc(-c2ccnc(N3CCn4c(cc5c4CC(C)(C)C5)C3=O)c2CO)cc(Nc2ccc(N3CCN(CCC(F)(F)F)CC3)cn2)c1=O,,,-4.847711655616943,train
Cn1cc(-c2cn3nccc3c(-c3cnn(C4(CC#N)CN(CC#N)C4)c3)n2)cn1,,,-4.958607314841775,train
Cn1cc(-c2cn3nccc3c(-c3cnn(C4(CC#N)CN(CC(F)(F)F)C4)c3)n2)cn1,,,-4.7447274948966935,train
Cn1cc(-c2cn3nccc3c(-c3cnn(C4(CC#N)CN(CC5CC5)C4)c3)n2)cn1,,,-4.568636235841013,train
Cn1cc(-c2cn3nccc3c(-c3cnn(C4(CC#N)CN(CCO)C4)c3)n2)cn1,,,-5.154901959985743,train
Cn1cc(-c2cn3nccc3c(-c3cnn([C@]4(CC#N)C[C@@H](C#N)C4)c3)n2)cn1,,,-4.769551078621726,train
Cn1cc(-c2cn3nccc3c(-c3cnn([C@]4(CC#N)C[C@@H](CC#N)C4)c3)n2)cn1,,,-4.698970004336019,train
Cn1cc(-c2cn3nccc3c(-c3cnn([C@]4(CC#N)C[C@H](C#N)C4)c3)n2)cn1,,,-4.823908740944319,train
Cn1cc(-c2cn3nccc3c(-c3cnn([C@]4(CC#N)C[C@H](CC#N)C4)c3)n2)cn1,,,-4.6777807052660805,train
Cn1cc(-c2cnc(OCC3CC3)c(Cl)c2)c2ccc(C(=O)NS(=O)(=O)C3CC3)cc21,-7.823908740944319,-6.407823242604133,,train
Cn1cc(-c2cnc3nnn(Cc4ccc5ncccc5c4)c3n2)cn1,-4.928117992693875,,,test
Cn1cc(-c2cnc3oc4c(-c5cccnc5)nc(=O)n(CCC5CCCO5)c4c3c2)cn1,-4.823908740944319,,,train
Cn1cc(-c2cnc3oc4c(-c5ccn(C)n5)nc(=O)n(CCC5CCCO5)c4c3c2)cn1,-6.886056647693163,,,train
Cn1cc(-c2cnc3oc4c(-c5ccncc5)nc(=O)n(CCC5CCCO5)c4c3c2)cn1,-4.721246399047171,,,train
Cn1cc(-c2cnc3oc4c(-c5cnn(C)c5)nc(=O)n(CCC5CCCO5)c4c3c2)cn1,-5.2441251443275085,,,test
Cn1cc(-c2cnc3oc4c(-c5cscn5)nc(=O)n(CCC5CCCO5)c4c3c2)cn1,-5.3979400086720375,,,train
Cn1cc(-c2n[nH]c3cc(Cl)c(N[C@@H]4CCN(C5COC5)C4)cc23)cn1,-4.863913902615903,,,train
Cn1cc(-c2n[nH]c3cc(Cl)c(N[C@@H]4CCNC4)cc23)cn1,-6.4089353929735005,,,train
Cn1cc(-c2n[nH]c3ccc(NCc4cc(F)ccc4S(C)(=O)=O)cc23)cn1,,,-4.818156412055227,val
Cn1cc(-c2n[nH]c3ccc(N[C@@H]4CCCc5cc(C#N)ccc54)cc23)cn1,-5.366531544420414,,,train
Cn1cc(-c2nc3c(-c4ccc(C5(NC(=O)c6nc(C(C)(C)C)no6)CC5)cc4)ccnc3[nH]2)cn1,-5.958607314841775,,,train
Cn1cc(-c2nc3c(-c4ccc(CN5CCc6cc(C(C)(C)C)ccc6C5=O)c(F)c4)ccnc3[nH]2)cn1,-6.698970004336019,,,train
Cn1cc(-c2nc3c(-c4ccc(CNC(=O)N5CC(OC(C)(C)C)C5)c(F)c4)ccnc3[nH]2)cn1,-6.3979400086720375,,,train
Cn1cc(-c2nc3c(-c4ccc(CNC(=O)c5cc(C(C)(C)C)no5)c(F)c4)ccnc3[nH]2)cn1,-5.522878745280337,,,train
Cn1cc(-c2nc3c(-c4ccc(CNC(=O)c5cc6c(s5)CCCC6)c(F)c4)ccnc3[nH]2)cn1,-6.221848749616356,,,train
Cn1cc(-c2nc3c(-c4ccc(CNC(=O)c5ccc(C(C)(C)C)cc5)c(F)c4)ccnc3[nH]2)cn1,-6.3979400086720375,,,train
Cn1cc(-c2nc3c(-c4ccc(CNC(=O)c5ccc(C(C)(C)C)cn5)c(F)c4)ccnc3[nH]2)cn1,-6.522878745280337,,,train
Cn1cc(-c2nc3c(-c4ccc(CNC(=O)c5nc(C(C)(C)C)no5)c(F)c4)ccnc3[nH]2)cn1,-4.958607314841775,,,train
Cn1cc(-c2nc3c(-c4ccc(CNC(=O)c5nc(C6(C)CC6)no5)c(F)c4)ccnc3[nH]2)cn1,-5.552841968657781,,,train
Cn1cc(-c2nc3c(-c4ccc(CNC(=O)c5noc(C(C)(C)C)n5)c(F)c4)ccnc3[nH]2)cn1,-5.6020599913279625,,,train
Cn1cc(-c2nc3c(-c4ccc5c(c4)CCCC5NC(=O)c4nc(C(C)(C)C)no4)ccnc3[nH]2)cn1,-6.0,,,train
Cn1cc(-c2nc3c(-c4ccc5c(c4)CCC[C@@H]5NC(=O)c4nc(C(C)(C)C)no4)ccnc3[nH]2)cn1,-5.301029995663981,,,test
Cn1cc(-c2nc3c(-c4ccc5c(c4)CCC[C@H]5NC(=O)c4nc(C(C)(C)C)no4)ccnc3[nH]2)cn1,-6.0,,,train
Cn1cc(C#N)c2ccc(NC(=O)NOCc3ccccc3)cc21,-4.714442690992226,,,train
Cn1cc(C#N)c2ccccc21,-4.435333935747911,,,train
Cn1cc(C(=O)N2CC(Oc3cncc(N4C(=O)c5ccc(Cl)cc5C4(C)C)c3)C2)cn1,,-5.462180904926726,,val
Cn1cc(C(=O)N2CC3(C2)CN(c2cncc(N4C(=O)c5ccc(Cl)cc5C4(C)C)c2)C3)cn1,,-5.440093374963888,,val
Cn1cc(C(=O)N2CCC(C(N)=O)CC2)c2ccccc21,,-6.698970004336019,,train
Cn1cc(C(=O)NCCC2CCN(Cc3ccccc3)CC2)c2ccccc21,,-5.328000465471419,,val
Cn1cc(C(=O)O)c2ccc(N3CCC(OCc4c(-c5c(Cl)cccc5Cl)noc4C4CC4)CC3)cc21,,,-4.769551078621726,train
Cn1cc(C(=O)c2ccccc2)c2cc(C(=O)NCCO)ccc21,,-6.301029995663981,,train
Cn1cc(C(=O)c2ccccc2)c2cc(C(=O)NCCc3c[nH]c4ccccc34)ccc21,,-7.397940008672037,,train
Cn1cc(C(=O)c2ccccc2)c2cc(C(=O)NCCc3cnc[nH]3)ccc21,,-7.0,,train
Cn1cc(C(=O)c2ccccc2)c2cc(C(=O)NCc3cccnc3)ccc21,,-5.769551078621726,,train
Cn1cc(C2CCNCC2)c2ccc(Nc3ccc(F)c(F)c3)cc21,-5.522878745280337,,,test
Cn1cc(CC(=O)NCCC2CCN(Cc3ccccc3)CC2)c2ccccc21,,-5.19815722519265,,val
Cn1cc(CNC(=O)[C@@H]2CCCCOc3cccc(c3)C[C@H](N3CCCC3=O)C(=O)N[C@@H](CCc3ccccc3)C(=O)N2)cn1,,-7.958607314841775,,train
Cn1cc(Cc2cccc(F)c2)c(-c2cc(Cl)nc(N)n2)n1,,-6.590066876668706,,train
Cn1cc(Cc2cccs2)c(-c2cc(Cl)nc(N)n2)n1,,-6.58838029403677,,train
Cn1cc(NC(=O)[C@@H]2CCCC[C@H]2C(=O)c2ccc(-c3cc[nH]n3)cc2)c(C(F)(F)F)n1,-4.2076083105017466,,,train
Cn1cc(NC(=O)[C@@H]2C[C@@H]3C[C@@H]3C[C@H]2C(=O)c2ccc(-c3cc[nH]n3)cc2)c(C(F)(F)F)n1,-4.2441251443275085,,,train
Cn1cc(NC(=O)c2cc(C(=O)c3c(Cl)ccc(Cl)c3F)c[nH]2)cn1,-4.568636235841013,,,train
Cn1cc(NC(=O)c2ccc3ccc(N[C@@H]4CCCC[C@@H]4N)nn23)c(C#N)n1,,,-4.619788758288394,train
Cn1cc(NC(=O)c2ccc3ccc(N[C@@H]4CCCC[C@@H]4N)nn23)c(C(F)(F)F)n1,,,-4.522878745280337,train
Cn1cc(NC(=O)c2ccc3ccc(N[C@@H]4CCCC[C@@H]4N)nn23)c(C(F)F)n1,,,-4.537602002101044,test
Cn1cc(NC(=O)c2ccc3ccc(N[C@@H]4CCCC[C@@H]4N)nn23)c(Cl)n1,,,-4.638272163982407,val
Cn1cc(NC(=O)c2ccc3ccc(N[C@@H]4CCCNC4)nn23)c(C(F)(F)F)n1,,,-4.494850021680094,train
Cn1cc(NC(=O)c2ccc3ccc(N[C@@H]4CCCNC4)nn23)c(C(F)F)n1,,,-4.552841968657781,train
Cn1cc(NC(=O)c2ccc3cnc(N[C@@H]4CC(F)(F)CC[C@@H]4N)nn23)c(C(F)F)n1,,,-4.508638306165727,train
Cn1cc(NC(=O)c2ccc3cnc(N[C@@H]4CCCCNC4)nn23)c(C(F)F)n1,,,-4.522878745280337,train
Cn1cc(NC(=O)c2ccc3cnc(N[C@@H]4CCCC[C@@H]4N)nn23)c(C#N)n1,,,-4.508638306165727,val
Cn1cc(NC(=O)c2ccc3cnc(N[C@@H]4CCCC[C@@H]4N)nn23)c(C(F)(F)F)n1,,,-4.585026652029182,train
Cn1cc(NC(=O)c2ccc3cnc(N[C@@H]4CCCC[C@@H]4N)nn23)c(C(F)F)n1,,,-4.522878745280337,train
Cn1cc(NC(=O)c2ccc3cnc(N[C@@H]4CCCC[C@@H]4N)nn23)c(Cl)n1,,,-4.537602002101044,val
Cn1cc(NC(=O)c2ccc3cnc(N[C@@H]4CCCNC4)nn23)c(C(F)(F)F)n1,,,-4.522878745280337,train
Cn1cc(NC(=O)c2ccc3cnc(N[C@@H]4CCCNC4)nn23)c(C(F)F)n1,,,-4.568636235841013,train
Cn1cc(NC(=O)c2cnn3ccc(CCCN)nc23)c(C(N)=O)n1,,,-5.698970004336019,train
Cn1cc(NC(=O)c2cnn3ccc(N)nc23)c(-c2cc(Cl)ccc2Cl)n1,,,-4.978810700930062,val
Cn1cc(NC(=O)c2cnn3ccc(N4CCNCC4)nc23)c(C(F)(F)F)n1,,,-4.537602002101044,train
Cn1cc(NC(=O)c2cnn3ccc(N4CCNCC4)nc23)c(C(F)F)n1,,,-4.619788758288394,train
Cn1cc(NC(=O)c2cnn3ccc(N4CC[C@H](F)[C@@H](N)C4)nc23)c(C(F)(F)F)n1,,,-4.552841968657781,val
Cn1cc(NC(=O)c2cnn3ccc(N4C[C@H](N)CC(F)(F)C4)nc23)c(C(F)(F)F)n1,,,-4.6020599913279625,train
Cn1cc(NC(=O)c2cnn3ccc(N4C[C@H](N)C[C@@H](F)C4)nc23)c(C(F)(F)F)n1,,,-4.508638306165727,train
Cn1cc(NC(=O)c2cnn3ccc(NC4CCCCC4)nc23)c(C(F)(F)F)n1,,,-4.638272163982407,train
Cn1cc(NC(=O)c2cnn3ccc(N[C@@H]4CC(F)(F)CC[C@@H]4N)nc23)c(C(F)(F)F)n1,,,-4.698970004336019,train
Cn1cc(NC(=O)c2cnn3ccc(N[C@@H]4CC(F)(F)CC[C@@H]4N)nc23)c(C(F)F)n1,,,-4.886056647693163,train
Cn1cc(NC(=O)c2cnn3ccc(N[C@@H]4CCC(F)(F)C[C@@H]4N)nc23)c(C(F)(F)F)n1,,,-4.585026652029182,val
Cn1cc(NC(=O)c2cnn3ccc(N[C@@H]4CCCC(F)(F)[C@@H]4N)nc23)c(C(F)(F)F)n1,,,-4.537602002101044,train
Cn1cc(NC(=O)c2cnn3ccc(N[C@@H]4CCCC(F)(F)[C@@H]4N)nc23)c(C(F)F)n1,,,-4.537602002101044,val
Cn1cc(NC(=O)c2cnn3ccc(N[C@@H]4CCCCNC4)nc23)c(C(F)F)n1,,,-4.7447274948966935,test
Cn1cc(NC(=O)c2cnn3ccc(N[C@@H]4CCCC[C@@H]4N)nc23)c(-c2ccncc2)n1,,,-6.0,train
Cn1cc(NC(=O)c2cnn3ccc(N[C@@H]4CCCC[C@@H]4N)nc23)c(-c2cncnc2)n1,,,-5.522878745280337,train
Cn1cc(NC(=O)c2cnn3ccc(N[C@@H]4CCCC[C@@H]4N)nc23)c(-c2nnco2)n1,,,-5.698970004336019,train
Cn1cc(NC(=O)c2cnn3ccc(N[C@@H]4CCCC[C@@H]4N)nc23)c(C#N)n1,,,-4.769551078621726,train
Cn1cc(NC(=O)c2cnn3ccc(N[C@@H]4CCCC[C@@H]4N)nc23)c(C(F)(F)C(F)(F)F)n1,,,-4.7447274948966935,train
Cn1cc(NC(=O)c2cnn3ccc(N[C@@H]4CCCC[C@@H]4N)nc23)c(C(F)(F)F)n1,,,-4.795880017344075,train
Cn1cc(NC(=O)c2cnn3ccc(N[C@@H]4CCCC[C@@H]4N)nc23)c(C(F)F)n1,,,-4.886056647693163,test
Cn1cc(NC(=O)c2cnn3ccc(N[C@@H]4CCCC[C@@H]4N)nc23)c(Cl)n1,,,-4.823908740944319,train
Cn1cc(NC(=O)c2cnn3ccc(N[C@@H]4CCCC[C@@H]4N)nc23)cn1,,,-5.698970004336019,train
Cn1cc(NC(=O)c2cnn3ccc(N[C@@H]4CCCC[C@@H]4O)nc23)c(C(F)(F)F)n1,,,-4.585026652029182,val
Cn1cc(NC(=O)c2cnn3ccc(N[C@@H]4CCCC[C@@H]4O)nc23)c(C(F)F)n1,,,-4.494850021680094,train
Cn1cc(NC(=O)c2cnn3ccc(N[C@@H]4CCCNC4)nc23)c(C(F)(F)F)n1,,,-4.795880017344075,train
Cn1cc(NC(=O)c2cnn3ccc(N[C@@H]4CCCNC4)nc23)c(C(F)F)n1,,,-5.096910013008056,train
Cn1cc(NC(=O)c2cnn3ccc(N[C@H]4CCCC[C@H]4N)nc23)c(C(N)=O)n1,,,-5.698970004336019,train
Cn1cc(NC(=O)c2cnn3cccnc23)c(-c2cc(Cl)ccc2Cl)n1,,,-4.698970004336019,train
Cn1cc(NC(=O)c2cnn3cccnc23)c(-c2cc(Cl)ccc2OC(F)F)n1,,,-4.853871964321762,train
Cn1cc(NC(=O)c2cnn3cccnc23)c(C(N)=O)n1,,,-4.769551078621726,train
Cn1cc(NC(=O)c2csc3ncc(N[C@@H]4CCCC[C@@H]4N)nc23)c(C#N)n1,,,-4.585026652029182,train
Cn1cc(NC(=O)c2csc3ncc(N[C@@H]4CCCC[C@@H]4N)nc23)c(C(F)(F)F)n1,,,-4.552841968657781,test
Cn1cc(NC(=O)c2csc3ncc(N[C@@H]4CCCC[C@@H]4N)nc23)c(C(F)F)n1,,,-4.568636235841013,test
Cn1cc(NC(=O)c2csc3ncc(N[C@@H]4CCCC[C@@H]4N)nc23)c(Cl)n1,,,-4.638272163982407,train
Cn1cc(NC(=O)c2csc3ncc(N[C@@H]4CCCNC4)nc23)c(C(F)(F)F)n1,,,-4.522878745280337,train
Cn1cc(NC(=O)c2csc3ncc(N[C@@H]4CCCNC4)nc23)c(C(F)F)n1,,,-4.6020599913279625,train
Cn1cc(Nc2nc(NC3(C)CC3)c3c(=O)n(C)ccc3n2)cn1,-4.173925197299174,,,train
Cn1cc(Nc2nc(N[C@H]3CC[C@H](N(C)C)CC3)c3cccn3n2)cn1,-5.619788758288394,,,train
Cn1cc(Nc2ncc(C3CC3)c(NCCCNC(=O)C3CCC3)n2)cn1,-7.130768280269024,,,test
Cn1cc2c3c(c[nH]c(=O)c31)-c1cc(CS(C)(=O)=O)ccc1N(c1ccc(F)cc1)C2,,-5.292429823902063,,train
Cn1cc2c3c(c[nH]c(=O)c31)-c1cc(CS(C)(=O)=O)ccc1N(c1ccccn1)C2,,-5.229147988357856,,val
Cn1cc2c3c(c[nH]c(=O)c31)CN(CC1CC1)c1ccc(CS(C)(=O)=O)cc1-2,,-5.6020599913279625,,test
Cn1cc2c3c(c[nH]c3c1=O)CN(C1CCC(F)(F)CC1)c1ccc(CS(C)(=O)=O)cc1-2,,-5.136677139879544,,test
Cn1cc2c3c(c[nH]c3c1=O)CN(CC1CC1)c1ccc(CS(C)(=O)=O)cc1-2,,-5.366531544420414,,train
Cn1cc2c3c(c[nH]c3c1=O)CN(c1ccc(F)cc1)c1ccc(CS(C)(=O)=O)cc1-2,,-5.180456064458132,,train
Cn1cc2c3c(c[nH]c3c1=O)CN(c1ccc(F)cc1F)c1ccc(CS(C)(=O)=O)cc1-2,,-4.886056647693163,,train
Cn1cc2c3c(c[nH]c3c1=O)CN(c1ccccn1)c1ccc(CS(C)(=O)=O)cc1-2,,-5.221848749616356,,val
Cn1cc2cc(-n3cc4ccc(CCC(F)(F)F)nc4c(-c4ccc(Cl)cc4)c3=O)ccc2n1,-4.958607314841775,,,train
Cn1cc2cc(-n3cc4ccc(NCC(F)(F)F)nc4c(-c4ccc(Cl)cc4)c3=O)ccc2n1,-5.1938200260161125,,,val
Cn1cc2cc(-n3cc4ccc(OCC(F)(F)F)nc4c(-c4ccc(Cl)cc4)c3=O)ccc2n1,-5.0,,,train
Cn1cc2cc(-n3cc4cnc(NCC(F)(F)F)nc4c(-c4ccc(Cl)cc4)c3=O)ccc2n1,-4.769551078621726,,,train
Cn1cc2ccc(Nc3ccnc(Nc4cccc(NC(=O)Nc5ccccc5)c4)n3)cc2n1,,-2.5228787452803374,,train
Cn1ccc(-c2ccc(N(C(=O)NCc3ccccc3)[C@H]3CC[C@H](Nc4ccc(C#N)cn4)CC3)cc2)cc1=O,,-6.607303046740334,,train
Cn1ccc(-c2cn3nccc3c(-c3cnn([C@]4(CC#N)C[C@@H](C#N)C4)c3)n2)n1,,,-4.698970004336019,val
Cn1ccc(-c2cn3nccc3c(-c3cnn([C@]4(CC#N)C[C@H](C#N)C4)c3)n2)n1,,,-4.853871964321762,train
Cn1ccc(-c2n[nH]c3ccc(NCc4cc(F)ccc4S(C)(=O)=O)cc23)n1,,,-4.468521082957745,train
Cn1ccc(C(=O)N[C@H]2CCCCC/C=C\[C@@H]3C[C@@]3(C(=O)NS(=O)(=O)C3(C)CC3)NC(=O)[C@@H]3C[C@@H](Oc4nc5cc(OC(F)(F)F)ccc5c5ccc(F)cc45)CN3C2=O)n1,,-7.221848749616356,,val
Cn1ccc(Nc2nc3c(s2)CCCc2n[nH]cc2-3)n1,,-4.721246399047171,,train
Cn1ccc([C@H]2C[C@@H](C(F)(F)F)CCN2[C@H]2CCOc3cc(S(=O)(=O)Nc4ccncn4)c(F)cc32)n1,,,-5.3979400086720375,train
Cn1ccc2c(=O)n(Cc3ccccc3C#N)c(N3CCC[C@@H](N)C3)nc21,-5.735182176990463,,,train
Cn1ccc2cc(N(Cc3ccccc3)C3CCNCC3)ccc21,-5.154901959985743,,,train
Cn1ccnc1-c1ccc(C(C(=O)NO)c2ccccc2F)cc1,,,-7.397940008672037,train
Cn1cnc(-c2ccc(O[C@H]3CCN(C(=O)Cc4ccc(OC(F)(F)F)cc4)C[C@@H]3F)c(C(N)=O)c2)c1,,,-4.853871964321762,train
Cn1cnc(C(=O)N(Cc2ccc(F)c(C(F)(F)F)c2)[C@@H]2C[C@H]3CNC[C@H]3C2)c1,,,-6.698970004336019,train
Cn1cnc(C(=O)N(Cc2ccc(F)c(C(F)(F)F)c2)[C@H]2C[C@H]3CNC[C@H]3C2)c1,,,-5.6777807052660805,val
Cn1cnc(C(=O)N(Cc2ccc(F)c(OC3CCCC3)c2)[C@H]2C[C@H]3CNC[C@H]3C2)c1,,,-6.698970004336019,train
Cn1cnc(C(=O)N(Cc2cccc(Cl)c2)[C@H]2CC[C@@H](N)CC2)c1,,,-6.301029995663981,test
Cn1cnc(C(=O)N(Cc2cccc(OC(F)(F)F)c2)[C@@H]2C[C@@H]3CN(CC(C)(C)O)C[C@@H]3C2)c1,,,-4.752026733638194,train
Cn1cnc(C(=O)N(Cc2cccc(OC(F)(F)F)c2)[C@@H]2C[C@@H]3CN(CC(O)c4ccccc4)C[C@@H]3C2)c1,,,-5.091514981121351,train
Cn1cnc(C(=O)N(Cc2cccc(OC(F)(F)F)c2)[C@@H]2C[C@@H]3CN(CCC(F)(F)F)C[C@@H]3C2)c1,,,-4.586700235918748,train
Cn1cnc(C(=O)N(Cc2cccc(OC(F)(F)F)c2)[C@H]2C[C@H]3CNC[C@H]3C2)c1,,,-5.958607314841775,test
Cn1cnc(C(=O)N(Cc2cccc(OC3CCCC3)c2)[C@H]2C[C@H]3CNC[C@H]3C2)c1,,,-6.581698708680254,train
Cn1cnc(S(=O)(=O)N(CCn2cccc2)C2Cc3cc(C#N)ccc3N(Cc3cncn3C)C2)c1,-6.522878745280337,,,train
Cn1cnc(S(=O)(=O)N(Cc2ccc(C(F)(F)F)o2)C2Cc3cc(C#N)ccc3N(Cc3cncn3C)C2)c1,-6.154901959985743,,,train
Cn1cnc(S(=O)(=O)N(Cc2cccc(-n3cccc3)c2)C2Cc3cc(C#N)ccc3N(Cc3cncn3C)C2)c1,-6.698970004336019,,,train
Cn1cnc(S(=O)(=O)N(Cc2ccccn2)C2Cc3cc(C#N)ccc3N(Cc3cncn3C)C2)c1,-6.698970004336019,,,train
Cn1cnc(S(=O)(=O)N2CCC(CN(C3Cc4cc(C#N)ccc4N(Cc4cncn4C)C3)S(=O)(=O)c3ccccn3)CC2)c1,-7.0,,,train
Cn1cnc(S(=O)(=O)N2CCS[C@H]2C(=O)O[C@@H](Cc2c(Cl)c[n+]([O-])cc2Cl)c2ccc(OC(F)F)c(OCC3CC3)c2)c1,-8.657577319177793,,,train
Cn1cnc2c(c(-c3cc(Cl)c(O)c(C(N)=O)c3)cn2CC(=O)Nc2cc(N3CCOCC3)ncc2Cl)c1=O,-5.744727494896694,,,train
Cn1cnc2c(c(-c3ccc(O)c(C#N)c3)cn2CC(=O)Nc2ccncc2Cl)c1=O,-7.0,,,val
Cn1cnc2c(c(-c3ccc(O)c(C(N)=O)c3)cn2CC(=O)Nc2cc(N3CCOCC3)ncc2Cl)c1=O,-5.920818753952375,,,train
Cn1cnc2c(c(-c3ccc(O)c(C(N)=O)c3)cn2CC(=O)Nc2ccncc2Cl)c1=O,-6.221848749616356,,,train
Cn1cnc2ccc(-n3cc4cnc(NCC(F)(F)F)nc4c(-c4ccc(Cl)cc4)c3=O)cc21,-5.698970004336019,,,train
Cn1cnc2ncn(Cc3nc([C@@H]4CO[C@@H](c5ccc(Cl)cc5)C4)no3)c(=O)c21,,,-4.795880017344075,train
Cn1cnc2ncn(Cc3nc([C@H]4[C@@H]5CN(c6cc(Cl)ccn6)C[C@@H]54)no3)c(=O)c21,,,-4.761953896871205,train
Cn1cnc2ncn(Cc3nc([C@H]4[C@@H]5CN(c6cccc(Cl)c6)C[C@@H]54)no3)c(=O)c21,,,-4.809668301829708,train
Cn1cnc2ncn(Cc3nn(C[C@H](F)c4ccc(Cl)cc4)c(=O)o3)c(=O)c21,,,-5.045757490560675,train
Cn1cnc2ncn(Cc3nn([C@H]4C[C@H](c5ccc(Cl)cc5)C4)c(=O)o3)c(=O)c21,,,-5.1938200260161125,train
Cn1cnc2ncn(Cc3nn([C@H]4C[C@H](c5ccccc5)C4)c(=O)o3)c(=O)c21,,,-5.1938200260161125,train
Cn1cncc1CN1CC(N(CC2CCN(C(=O)C(C)(C)C)CC2)S(=O)(=O)c2ccccn2)Cc2cc(C#N)ccc21,-6.301029995663981,,,train
Cn1cncc1CN1CC(N(CC2CCN(C(=O)C3CC3)CC2)S(=O)(=O)c2ccccn2)Cc2cc(C#N)ccc21,-6.301029995663981,,,train
Cn1cncc1CN1CC(N(CC2CCN(C(=O)C3CCCC3)CC2)S(=O)(=O)c2ccccn2)Cc2cc(C#N)ccc21,-6.301029995663981,,,train
Cn1cncc1CN1CC(N(CC2CCN(C(=O)CC(C)(C)C)CC2)S(=O)(=O)c2ccccn2)Cc2cc(C#N)ccc21,-6.301029995663981,,,train
Cn1cncc1CN1CC(N(CC2CCN(C(=O)CC(F)(F)F)CC2)S(=O)(=O)c2ccccn2)Cc2cc(C#N)ccc21,-6.301029995663981,,,train
Cn1cncc1CN1CC(N(CC2CCN(C(=O)CNC(=O)OC(C)(C)C)CC2)S(=O)(=O)c2ccccn2)Cc2cc(C#N)ccc21,-6.301029995663981,,,val
Cn1cncc1CN1CC(N(CC2CCN(C(=O)N3CCCC3)CC2)S(=O)(=O)c2ccccn2)Cc2cc(C#N)ccc21,-6.221848749616356,,,train
Cn1cncc1CN1CC(N(CC2CCN(C(=O)N3CCCCC3)CC2)S(=O)(=O)c2ccccn2)Cc2cc(C#N)ccc21,-6.221848749616356,,,train
Cn1cncc1CN1CC(N(CC2CCN(C(=O)NC(C)(C)C)CC2)S(=O)(=O)c2ccccn2)Cc2cc(C#N)ccc21,-6.221848749616356,,,train
Cn1cncc1CN1CC(N(CC2CCN(C(=O)Nc3ccc(Br)cc3)CC2)S(=O)(=O)c2ccccn2)Cc2cc(C#N)ccc21,-6.221848749616356,,,train
Cn1cncc1CN1CC(N(CC2CCN(C(=O)OC(C)(C)C)CC2)S(=O)(=O)c2ccccn2)Cc2cc(C#N)ccc21,-4.809668301829708,,,train
Cn1cncc1CN1CC(N(CC2CCN(C(=O)OCc3ccccc3)CC2)S(=O)(=O)c2ccccn2)Cc2cc(C#N)ccc21,-6.0,,,train
Cn1cncc1CN1CC(N(CC2CCN(C(=O)c3ccc(Cl)cc3)CC2)S(=O)(=O)c2ccccn2)Cc2cc(C#N)ccc21,-6.301029995663981,,,val
Cn1cncc1CN1CC(N(CC2CCN(C(=O)c3ccccc3)CC2)S(=O)(=O)c2ccccn2)Cc2cc(C#N)ccc21,-6.301029995663981,,,train
Cn1cncc1CN1CC(N(CC2CCN(C(=O)c3ccco3)CC2)S(=O)(=O)c2ccccn2)Cc2cc(C#N)ccc21,-6.301029995663981,,,train
Cn1cncc1CN1CC(N(CC2CCN(C(=O)c3cccs3)CC2)S(=O)(=O)c2ccccn2)Cc2cc(C#N)ccc21,-6.301029995663981,,,test
Cn1cncc1CN1CC(N(CC2CCN(S(=O)(=O)c3ccccc3)CC2)S(=O)(=O)c2ccccn2)Cc2cc(C#N)ccc21,-7.0,,,test
Cn1cncc1CN1CC(N(CC2CCN(S(C)(=O)=O)CC2)S(=O)(=O)c2ccccn2)Cc2cc(C#N)ccc21,-7.0,,,train
Cn1cncc1CN1CC(N(CCn2cccc2)S(=O)(=O)c2ccccn2)Cc2cc(C#N)ccc21,-4.906578314837765,,,train
Cn1cncc1CN1CC(N(Cc2ccc(S(C)(=O)=O)cc2)S(=O)(=O)c2ccccn2)Cc2cc(C#N)ccc21,-6.698970004336019,,,val
Cn1cncc1CN1CC(N(Cc2cccc(-n3cccc3)c2)S(=O)(=O)c2ccccn2)Cc2cc(C#N)ccc21,-5.638272163982407,,,train
Cn1cncc1CN1CC(N(Cc2ccccn2)S(=O)(=O)c2ccccn2)Cc2cc(C#N)ccc21,-5.795880017344075,,,train
Cn1nc(-c2ccc(C(F)(F)F)cc2)c2cc(F)c(C(=O)NS(=O)(=O)C3CC3)cc21,-7.823908740944319,-6.991399828238083,,val
Cn1nc(-c2ccc(OC(F)(F)F)cc2)nc2c(=O)n(C)c(=O)nc1-2,-4.7447274948966935,,,train
Cn1nc(-c2cccc3ccccc23)cc1C(=O)N1CCC(CO)CC1,-6.490797477668897,,,train
Cn1nc(-c2cnc(N)c(-c3ccc(C(N)=O)c(F)c3)n2)nc1C1(c2ccccc2)CC1,-4.886056647693163,,,train
Cn1nc(-c2cnc(N)c(-c3ccc(C(N)=O)cc3)n2)nc1C1(c2ccccc2)CC1,-5.698970004336019,,,train
Cn1nc(-c2cnc(N)c(-c3cn[nH]c3)n2)nc1C1(c2ccccc2)CC1,-5.180456064458132,,,train
Cn1nc(-c2cnc(N)c(-c3nnc(C(C)(C)C)o3)n2)nc1C1(c2ccccc2)CC1,-4.619788758288394,,,train
Cn1nc(C(=O)N2CCN(CCN3CCN(c4cccc(Cl)c4Cl)CC3)CC2)c2ccccc21,,-5.167491087293763,,train
Cn1nc(C(=O)NCCN2CCOCC2)cc1-c1cc2ccccc2[nH]1,,,-4.481486060122113,val
Cn1nc(C(F)(F)F)cc1-c1cnc2[nH]c(-c3c(F)cccc3Cl)cc2c1,,-7.301029995663981,,val
Cn1nc(C(N)=O)c2c1-c1nc(Nc3cc(N4CCNCC4)ccc3OC(F)(F)F)ncc1CC2,,-5.141462802430361,,train
Cn1nc2c(=O)n(CC3(O)CCN(C(=O)C[C@H](c4ccccc4)C(F)(F)F)CC3)cnc2c1-c1ccc(CN)cc1,-6.853871964321762,,,train
Cn1nc2c(=O)n(CC3(O)CCN(Cc4ccc(-c5ccc(C(=O)O)o5)cc4Cl)CC3)cnc2c1-c1ccc(CN)cc1,-6.481486060122113,,,train
Cn1nc2c(=O)n(CC3(O)CCN(Cc4ccc(-c5ccco5)cc4Cl)CC3)cnc2c1-c1ccc(C2(N)CC2)cc1,-5.701146923590294,,,train
Cn1nc2c(=O)n(CC3(O)CCN(Cc4ccc(-c5ccco5)cc4Cl)CC3)cnc2c1-c1ccc(CN)cc1,-6.036212172654444,,,train
Cn1nc2c(=O)n(CC3(O)CCN(Cc4ccc(-c5ccco5)cc4Cl)CC3)cnc2c1-c1ccc(CNC=O)cc1,-6.187086643357144,,,train
Cn1nc2c(=O)n(CC3(O)CCN(Cc4ccc(-c5ccco5)cc4Cl)CC3)cnc2c1-c1ccc(CNCCO)cc1,-6.443697499232713,,,val
Cn1nc2c(=O)n(CC3(O)CCN(Cc4ccc(-c5ccco5)cc4Cl)CC3)cnc2c1-c1ccc(CNS(C)(=O)=O)cc1,-4.301029995663981,,,train
Cn1nc2c(=O)n(CC3(O)CCN(Cc4ccc(-c5ccco5)cc4Cl)CC3)cnc2c1-c1ccc(F)cc1,-5.164943898279883,,,train
Cn1nc2c(=O)n(CC3(O)CCN(Cc4ccc(-c5cccs5)cc4Cl)CC3)cnc2c1-c1ccc(CN)cc1,-6.096910013008056,,,train
Cn1nc2c(=O)n(CC3(O)CCN(Cc4ccc(-c5cnco5)cc4Cl)CC3)cnc2c1-c1ccc(CN)cc1,-6.0655015487564325,,,train
Cn1nc2c(=O)n(CC3(O)CCN(Cc4ccc(-c5ncon5)cc4Cl)CC3)cnc2c1-c1ccc(CN)cc1,-6.455931955649724,,,train
Cn1nc2c(=O)n(CC3(O)CCN(Cc4ccc(C5=CCCC5)cc4Cl)CC3)cnc2c1-c1ccc(CN)cc1,-6.638272163982407,,,train
Cn1ncc(-c2ccc(C(=O)N(c3ncccc3Cl)[C@@H]3CCCNC3)cc2)c1C(=O)O,,,-6.292429823902063,train
Cn1ncc(-c2ccc(F)cc2)c(-c2ccc(C[C@H](NC(=O)c3c(Cl)cccc3Cl)C(=O)O)cc2)c1=O,-6.795880017344075,,,train
Cn1ncc(C(=O)N2CCC(Nc3cc(=O)[nH]c4cc(F)c(F)cc34)CC2)c1Cl,-6.698970004336019,,,val
Cn1ncc(C(=O)N2CCC(Nc3cc(=O)[nH]c4ccc(F)cc34)CC2)c1Cl,-6.221848749616356,,,val
Cn1ncc(C(=O)N2CCC(Nc3cc(=O)[nH]c4ccccc34)CC2)c1Cl,-6.301029995663981,,,train
Cn1ncc(C(=O)N2CCC(Nc3cc(=O)n(C)c4ccccc34)CC2)c1Cl,-5.3979400086720375,,,val
Cn1ncc(C(=O)N2[C@@H]3CC[C@H]2C[C@@H](Nc2cc(=O)n(C)c4ncccc24)C3)c1Cl,-6.0,,,test
Cn1ncc(C(=O)N2[C@@H]3CC[C@H]2C[C@@H](Nc2n[nH]c4ccc(F)cc24)C3)c1Cl,-4.698970004336019,,,train
Cn1ncc(NC(=O)[C@@H]2CCCC[C@H]2C(=O)c2ccc(-c3cc[nH]n3)cc2)c1C(F)(F)F,-4.229147988357856,,,train
Cn1ncc(NC(=O)[C@@H]2C[C@@H]3C[C@@H]3C[C@H]2C(=O)c2ccc(-c3cc[nH]n3)cc2)c1C(F)(F)F,-4.229147988357856,,,train
Cn1ncc(NC(=O)c2csc(-c3c(F)cccc3F)n2)c1N1CCC[C@H](N)CC1,,,-5.795880017344075,train
Cn1ncc(NC(=O)c2nc(-c3c(F)cccc3F)sc2N)c1C1CCC(N)C(F)CC1,,,-5.468521082957745,train
Cn1ncc(NC(=O)c2nc(-c3c(F)cccc3F)sc2N)c1N1CCC(N)CC(F)C1,,,-5.853871964321762,val
Cn1ncc(NC(=O)c2nc(-c3c(F)cccc3F)sc2N)c1N1CCCC(N)C(F)C1,,,-5.187086643357144,train
Cn1ncc(NC(=O)c2nc(-c3c(F)cccc3F)sc2N)c1N1CCCC(O)CC1,,,-5.337242168318426,train
Cn1ncc(NC(=O)c2nc(-c3c(F)cccc3F)sc2N)c1N1CCCNCC1,,,-5.229147988357856,train
Cn1ncc(NC(=O)c2nc(-c3c(F)cccc3F)sc2N)c1N1CCC[C@H](N)CC1,,,-6.221848749616356,train
Cn1ncc(NC(=O)c2nc(-c3c(F)cccc3F)sc2N)c1N1CC[C@@H](N)C(F)(F)CC1,,,-6.3979400086720375,train
Cn1ncc(NC(=O)c2nc(-c3c(F)cccc3F)sc2N)c1N1CC[C@@H](N)CC(F)(F)C1,,,-5.468521082957745,val
Cn1ncc(NC(=O)c2nc(-c3c(F)cccc3F)sc2N)c1N1CC[C@@H](N)[C@@H](O)CC1,,,-7.0,train
Cn1ncc(NC(=O)c2nc(-c3c(F)cccc3F)sc2N)c1N1CC[C@@H](N)[C@H](F)CC1,,,-5.154901959985743,train
Cn1ncc(NC(=O)c2nc(-c3c(F)cccc3F)sc2N)c1N1CC[C@@](C)(N)CC(F)(F)C1,,,-4.838631997765025,train
Cn1ncc(NC(=O)c2nc(-c3c(F)cccc3F)sc2N)c1[C@@]12CC[C@@H](N)[C@@H](CC1)O2,,,-5.552841968657781,train
Cn1ncc2c(-c3ccc(S(C)(=O)=O)cc3)nc(-c3cccc4[nH]ncc34)nc21,,,-4.501689446210399,train
Cn1ncc2c(Nc3ccc(S(C)(=O)=O)cc3)nc(-c3cccc4[nH]ncc34)nc21,,,-6.431798275933005,train
Cn1ncc2c(Oc3ccc(S(C)(=O)=O)cc3)cc(-c3cccc4[nH]ncc34)nc21,,,-4.856985199745905,train
Cn1ncc2c(Oc3ccc(S(C)(=O)=O)cc3)nc(-c3cccc4[nH]ncc34)nc21,,,-5.6020599913279625,train
Cn1ncc2cc(Cc3n[nH]c4ccc(C(=O)N5CC(O)C5)cc34)ccc21,-4.91721462968355,,,train
Cn1ncc2cc(Cc3n[nH]c4ccc(C(=O)N5CCC(F)(F)C5)cc34)ccc21,-4.476253533188435,,,test
Cn1ncc2cc(Cc3n[nH]c4ccc(C(=O)N5CC[C@H](O)C5)cc34)ccc21,-5.366531544420414,,,val
Cn1nccc1-c1cc(C(F)(F)F)ccc1-c1cccc2cc(S(=O)(=O)Nc3ncns3)ccc12,,,-5.698970004336019,train
Cn1nccc1-c1cc(C(F)(F)F)ccc1-c1cn(C)c2cc(S(=O)(=O)Nc3ncns3)ccc12,,,-5.886056647693163,train
Cn1nccc1-c1cc(C(F)(F)F)ccc1[C@H]1CCOc2cc(S(=O)(=O)Nc3ncccn3)ccc21,-6.552841968657781,,,train
Cn1nccc1-c1cc(C(F)(F)F)ccc1[C@H]1CCc2cc(S(=O)(=O)Nc3ncccn3)ccc21,-6.501689446210399,,,train
Cn1nccc1-c1cccc(NC(=O)NC2CCN(Cc3ccccc3)CC2)c1,,-2.657577319177794,,train
Cn1nccc1-c1nc(Nc2n[nH]c3ccccc23)c2c(n1)C(C)(C)OC2,,,-4.889410289700751,train
Cn1nccc1-c1nc2ccc(NC(=O)NCc3ccncc3)cn2n1,,-9.096910013008056,,train
Cn1nccc1C(=O)N1CCCC(c2cc3ncccc3[nH]2)C1,,-5.987162775294828,,train
Cn1nccc1[C@H]1CCCCC[C@@H]1Oc1cc(F)c(S(=O)(=O)Nc2ccncn2)c(F)c1,,-5.173925197299174,,train
Cn1nccc1[C@H]1CCCC[C@@H]1Oc1cc(F)c(S(=O)(=O)Nc2ccncn2)c(F)c1,,-5.657577319177793,,test
Cn1nccc1[C@H]1CCCC[C@@H]1Oc1cc(F)c(S(=O)(=O)Nc2ccncn2)cc1Cl,,-5.242328053455809,,train
Cn1nccc1[C@H]1CCCC[C@@H]1Oc1cc(F)c(S(=O)(=O)Nc2ccncn2)cc1F,,-5.301029995663981,,train
Cn1nccc1[C@H]1CCCC[C@@H]1Oc1cc(F)c(S(=O)(=O)Nc2cscn2)cc1F,,-4.301029995663981,,train
Cn1nccc1[C@H]1CCCC[C@@H]1Oc1cc(F)c(S(=O)(=O)Nc2ncns2)cc1F,,-6.522878745280337,,train
Cn1nccc1[C@H]1CCC[C@@H]1Oc1cc(F)c(S(=O)(=O)Nc2ccncn2)c(F)c1,,-5.657577319177793,,train
Cn1nccc1[C@H]1CCC[C@@H]1Oc1cc(F)c(S(=O)(=O)Nc2ccncn2)cc1Cl,,-4.844663962534939,,train
Cn1nccc1[C@H]1CCC[C@@H]1Oc1cc(F)c(S(=O)(=O)Nc2ccncn2)cc1F,,-5.1487416512809245,,train
Cn1nccc1[C@H]1CCC[C@@H]1Oc1cc(F)c(S(=O)(=O)Nc2nccs2)cc1F,,-4.301029995663981,,val
Cn1nccc1[C@H]1CCC[C@@H]1Oc1cc(F)c(S(=O)(=O)Nc2ncns2)cc1F,,-6.522878745280337,,train
Cn1nccc1[C@H]1CCC[C@@H]1Oc1ccc(S(=O)(=O)Nc2ccncn2)c(F)c1F,,-5.267606240177032,,train
Cn1nccc1[C@H]1C[C@@H](C(F)(F)F)CCN1[C@H]1CCOc2cc(S(=O)(=O)Nc3ccncn3)c(F)cc21,,,-5.698970004336019,train
Cn1nnc(-c2ccc3c(c2)c(C2CCN(CCN4CCNC4=O)CC2)cn3-c2ccc(F)cc2)n1,-4.920818753952375,,,train
Cn1oc(C2CCNCC2)cc1=O,-6.3979400086720375,,,train
FC(F)(F)Oc1ccc(Oc2cncc3sc(-c4nnn[nH]4)cc23)cc1,,,-4.619788758288394,train
FC(F)(F)c1cc(-c2ccc3c(NCCCNCc4ccc5c(c4)OCO5)ccnc3c2)cc(C(F)(F)F)c1,,-3.625251653989896,,test
FC(F)(F)c1cc(-c2ccc3c(NCCCNCc4ccco4)ccnc3c2)cc(C(F)(F)F)c1,,-3.625251653989896,,train
FC(F)(F)c1ccc(-c2ccc3c(NCCCNCc4ccc5c(c4)OCO5)ccnc3c2)cc1,,-3.625251653989896,,test
FC(F)(F)c1ccc(-c2ccc3c(NCCCNCc4ccco4)ccnc3c2)cc1,,-3.625251653989896,,val
FC(F)(F)c1ccc(Nc2ccc3c(C4CCNCC4)c[nH]c3c2)cn1,-5.920818753952375,,,train
FC(F)(F)c1cccc(Cc2ccc3c(NCCCNCc4ccc5c(c4)OCO5)ccnc3c2)c1,,-4.638272163982407,,train
FC(F)(F)c1cccc(Cc2ccc3c(NCCCNCc4ccco4)ccnc3c2)c1,,-4.638272163982407,,train
FC(F)(F)c1ccccc1-c1nc(NCc2ccccn2)c2ccccc2n1,-4.070581074285707,,,train
FC(F)(F)c1ccccc1-c1nc(NCc2ccccn2)c2cccnc2n1,-3.835647144215563,,,val
FC(F)(F)c1ccccc1-c1nc(NCc2cccs2)c2ccccc2n1,-5.1938200260161125,,,train
FC(F)(F)c1cnc(N[C@H]2CCCNC2)nc1-c1c[nH]c2ccccc12,,,-4.955460239607589,train
FC(F)(F)n1c(-c2cscn2)nc2ccccc21,-4.236572006437063,,,val
FC(F)(F)n1cc(-c2n[nH]c3cc(Cl)c(N[C@@H]4CCN(C5COC5)C4)cc23)cn1,-4.676129393459491,,,train
FC(F)Oc1ccccc1C1Cc2nccn2C1,,-4.455931955649724,,train
FC(F)c1ncn2c1Cn1ncnc1-c1cc(Br)ccc1-2,,-5.154901959985743,,train
FC(F)c1ncn2c1Cn1ncnc1-c1cc(Cl)ccc1-2,,-5.200659450546419,,train
FC1(F)CCC(NC/C=C\CN(C[C@H]2Cc3ccccc3CN2)[C@H]2CCCc3cccnc32)CC1,,-7.886056647693163,,train
FC1(F)CCC(NCCCCN(C[C@H]2Cc3ncccc3CN2)[C@H]2CCCc3cccnc32)CC1,,-7.2839966563652,,train
Fc1cc(F)cc(CN2CCC(CNc3nc(-c4ccc(Cl)cc4)c(-c4ccc(Cl)cc4)s3)CC2)c1,,-4.903089986991944,,val
Fc1ccc(-c2ccc3c(NCCCNCc4ccc5c(c4)OCO5)ccnc3c2)cc1,,-3.625251653989896,,train
Fc1ccc(-c2ccc3c(NCCCNCc4ccco4)ccnc3c2)cc1,,-3.625251653989896,,train
Fc1ccc(-c2nc(C3CCNCC3)oc2-c2ccnc(Nc3ccncn3)n2)cc1,,-4.721246399047171,,train
Fc1ccc(-c2nc(C3CCNCC3)sc2-c2ccnc(N3CCC(CN4CCOCC4)CC3)n2)cc1,,-4.42021640338319,,train
Fc1ccc(-c2nc(C3CCNCC3)sc2-c2ccnc(N3CCC(N4CCC4)CC3)n2)cc1,,-5.142667503568732,,train
Fc1ccc(-c2nc(C3CCNCC3)sc2-c2ccnc(N3CCC(N4CCOCC4)CC3)n2)cc1,,-4.568636235841013,,train
Fc1ccc(-c2nc(C3CCNCC3)sc2-c2ccnc(N3CCCC3)n2)cc1,,-4.337242168318426,,train
Fc1ccc(-c2nc(C3CCNCC3)sc2-c2ccnc(NCC3CCCO3)n2)cc1,,-4.494850021680094,,train
Fc1ccc(-c2nc(C3CCNCC3)sc2-c2ccnc(NCCN3CCCC3)n2)cc1,,-6.0,,train
Fc1ccc(-c2nc(C3CCNCC3)sc2-c2ccnc(NCCN3CCOCC3)n2)cc1,,-4.769551078621726,,train
Fc1ccc(-c2nc(C3CCNCC3)sc2-c2ccnc(NCCN3CCSCC3)n2)cc1,,-4.508638306165727,,train
Fc1ccc(-c2nc(C3CCNCC3)sc2-c2ccnc(NCc3ccncc3)n2)cc1,,-4.795880017344075,,train
Fc1ccc(-c2nc(C3CCNCC3)sc2-c2ccnc(Nc3ccccn3)n2)cc1,,-4.481486060122113,,train
Fc1ccc(-c2nc(C3CCNCC3)sc2-c2ccnc(Nc3cccnn3)n2)cc1,,-4.721246399047171,,train
Fc1ccc(-c2nc(C3CCNCC3)sc2-c2ccnc(Nc3ccn(C4CCNCC4)n3)n2)cc1,,-5.522878745280337,,train
Fc1ccc(-c2nc(C3CCNCC3)sc2-c2ccnc(Nc3ccncn3)n2)cc1,,-4.7447274948966935,,train
Fc1ccc(-c2nc(C3CCNCC3)sc2-c2ccnc(Nc3cnccn3)n2)cc1,,-4.795880017344075,,test
Fc1ccc(-c2nc(C3CCNCC3)sc2-c2ccnc(Nc3nncs3)n2)cc1,,-6.0,,test
Fc1ccc(-c2nc(N3CCCC3)sc2-c2ccnc(Nc3ccc(N4CCNCC4)cc3)n2)cc1,,-4.568636235841013,,train
Fc1ccc(-c2nc(N3CCOCC3)sc2-c2ccnc(Nc3ccc(N4CCNCC4)cc3)n2)cc1,,-4.552841968657781,,train
Fc1ccc(-c2nc3ccccn3c2-c2ccnc(NC3CCOCC3)n2)cc1,,-6.838631997765025,,train
Fc1ccc(-n2cc(-c3cnc4ccc(N[C@H]5CC[C@H](N6CCCC6)CC5)nn34)cn2)cc1,,-6.982966660701219,,train
Fc1ccc(-n2cc(-c3cnn4ccc(C5CCCNC5)nc34)cn2)cc1,,-6.663540266151471,,train
Fc1ccc(C(Cl)Cn2ncc3c(Nc4cccc(Br)c4)ncnc32)cc1,,-5.167491087293763,,test
Fc1ccc(C(Cl)Cn2ncc3c(Nc4cccc(F)c4)ncnc32)cc1,,-4.856985199745905,,train
Fc1ccc(C2CC(N(Cc3ccc(Br)c(Cl)c3)C3CCNCC3)C2)cc1,,-3.4001169279263124,,train
Fc1ccc(CN2CCC(CNc3nc(-c4ccc(Cl)cc4)c(-c4ccc(Cl)cc4)s3)CC2)c(Cl)c1,,-4.87942606879415,,train
Fc1ccc(CN2CCC(Nc3nc(-c4ccc(Cl)cc4)c(-c4ccc(Cl)cc4)s3)CC2)c(Cl)c1,,-5.075720713938119,,train
Fc1ccc(CNc2nc(N3CCN(C4CCCC4)CC3)c3ncn(CCCN4CCCC4)c3n2)cc1,-4.484921324924078,,,train
Fc1ccc(CNc2ncnc3c2cnn3CC(Cl)c2ccc(Br)cc2)cc1,,-4.97061622231479,,test
Fc1ccc(CNc2ncnc3c2cnn3CC(Cl)c2ccc(Cl)cc2)cc1,,-4.779891911959945,,train
Fc1ccc(CNc2ncnc3c2cnn3CC(Cl)c2ccc(F)cc2)cc1,,-4.958607314841775,,train
Fc1ccc(Cc2ccc3c(NCCCNCc4ccc5c(c4)OCO5)ccnc3c2)c(Cl)c1,,-4.638272163982407,,train
Fc1ccc(Cc2ccc3c(NCCCNCc4ccc5c(c4)OCO5)ccnc3c2)cc1,,-4.638272163982407,,train
Fc1ccc(Cc2ccc3c(NCCCNCc4ccco4)ccnc3c2)c(Cl)c1,,-4.638272163982407,,train
Fc1ccc(Cc2ccc3c(NCCCNCc4ccco4)ccnc3c2)cc1,,-4.638272163982407,,test
Fc1ccc(Nc2ccc3c(C4CCNCC4)c[nH]c3c2)cc1F,-5.1487416512809245,,,train
Fc1ccc(Nc2ccc3c(C4CCNCC4)c[nH]c3n2)cc1F,-4.838631997765025,,,train
Fc1ccc(Nc2nc3c(s2)CCCc2n[nH]cc2-3)nc1,,-6.522878745280337,,train
Fc1ccc(Oc2ccc3c(NCCCNCc4ccc5c(c4)OCO5)ccnc3c2)cc1,,-3.4989407377822483,,train
Fc1ccc(Oc2ccc3c(NCCCNCc4ccco4)ccnc3c2)cc1,,-3.4989407377822483,,train
Fc1ccc(Oc2cncc3sc(-c4nnn[nH]4)cc23)cc1,,,-5.040958607678906,train
Fc1ccc(Oc2nccc3[nH]ccc23)c(F)c1,-4.481486060122113,,,train
Fc1ccc(Oc2nccc3[nH]ccc23)cc1,-4.920818753952375,,,test
Fc1ccc(Oc2ncnc3[nH]ccc23)cc1,-4.7447274948966935,,,train
Fc1ccc2nc(-c3ccc(CN4CCOCC4)cc3)cc(CNCCN3CCCC3)c2c1,,-7.341988603342887,,train
Fc1ccc2nc(-c3ccc(CN4CCOCC4)cc3)cc(CNCCN3CCN(c4ccccc4)CC3)c2c1,,-7.621602099051862,,train
Fc1cccc(-n2cnc3c(NCc4ccccc4F)nc(N4CCOCC4)nc32)c1,,-7.0,,train
Fc1cccc(-n2cnc3c(NCc4ccccn4)nc(N4CCOCC4)nc32)c1,,-5.167491087293763,,val
Fc1cccc(-n2cnc3c(NCc4nc(-c5ccccc5)c[nH]4)nc(N4CCOCC4)nc32)c1,,-7.0,,train
Fc1cccc(-n2cnc3c(NCc4nc(-c5ccccc5)co4)nc(N4CCOCC4)nc32)c1,,-7.0,,train
Fc1cccc(-n2cnc3c(NCc4nc(-c5ccccc5)cs4)nc(N4CCOCC4)nc32)c1,,-7.0,,train
Fc1cccc(-n2cnc3c(NCc4nc5c(F)c(F)ccc5[nH]4)nc(N4CCOCC4)nc32)c1,,-6.3979400086720375,,train
Fc1cccc(-n2cnc3c(NCc4nc5ccccc5o4)nc(N4CCOCC4)nc32)c1,,-7.0,,val
Fc1cccc(-n2cnc3c(NCc4nc5ccccc5s4)nc(N4CCOCC4)nc32)c1,,-7.0,,train
Fc1cccc(-n2cnc3c(NCc4ncc[nH]4)nc(N4CCOCC4)nc32)c1,,-7.0,,val
Fc1cccc(CCCNCCc2ccnc(-n3ccnc3)n2)c1,-4.749579997691106,,,train
Fc1cccc(Nc2nc3c(s2)CCCc2n[nH]cc2-3)n1,,-7.0,,val
Fc1cccc(Nc2ncnc3c2cnn3CC(Cl)c2ccccc2)c1,,-5.1249387366083,,train
Fc1cccc(OC2CN(c3c4c(nc5ccnn35)CCNCC4)C2)c1,-5.102372908709558,,,train
Fc1ccncc1-c1ccccc1O[C@H]1C[C@@H]2CNC[C@H]1C2,,,-4.876148359032914,train
Fc1cncc(-c2ccccc2O[C@H]2C[C@@H]3CNC[C@H]2C3)c1,,,-5.0,train
Ic1ccc(Oc2cncc3sc(-c4nn[nH]n4)cc23)cc1,,,-4.619788758288394,train
Ic1ccccc1CN[C@@H]1C2CCN(CC2)[C@@H]1C(c1ccccc1)c1ccccc1,,-5.0343565164468345,,train
N#CC(C(=O)NCC(=O)NC1CC1)c1nc2ccc(-c3ccc(C(=O)N4CCOCC4)cc3)cc2s1,-7.769551078621726,-8.397940008672037,,test
N#CC(C(=O)NCC(=O)NC1CC1)c1nc2ccc(-c3ccccc3)cc2s1,-7.698970004336019,-6.073143291050307,,train
N#CC(C(=O)NCC(=O)NC1COC1)c1nc2ccc(-c3ccc(F)nc3)cc2s1,-7.823908740944319,-8.397940008672037,,val
N#CC1(c2cc(NS(=O)(=O)c3cc(Br)cc(Cl)c3O)c(O)c(C(=O)O)c2)CCC1,,,-6.481486060122113,train
N#CC1(c2cc(Nc3nc[nH]n3)c(O)c(NS(=O)(=O)c3cc(Br)ccc3O)c2)CCC1,,,-4.2335871528876,train
N#CC1(c2ccc(O)c(NS(=O)(=O)c3cc(Br)ccc3O)c2)CCC1,,,-4.555955204081924,train
N#CC1(c2ccccc2)CCN(Cc2cc(C(=O)N[C@H]3CCCC[C@@H]3O)c(=O)n3ccccc23)CC1,,,-4.494850021680094,train
N#CC1(c2ccccn2)CCN(Cc2cc(C(=O)NC3CCCCC3(F)F)c(=O)n3ccccc23)CC1,,,-4.537602002101044,train
N#CC1(c2ccccn2)CCN(Cc2cc(C(=O)NC3CCCCC3)c(=O)n3ccccc23)CC1,,,-4.552841968657781,train
N#CC1(c2ccccn2)CCN(Cc2cc(C(=O)NC3CCOCC3)c(=O)n3ccccc23)CC1,,,-4.481486060122113,train
N#CC1(c2ccccn2)CCN(Cc2cc(C(=O)N[C@H]3CCCC[C@@H]3F)c(=O)n3ccccc23)CC1,,,-4.585026652029182,train
N#CC1(c2ccccn2)CCN(Cc2cc(C(=O)N[C@H]3CCCC[C@@H]3O)c(=O)n3ccccc23)CC1,,,-4.537602002101044,train
N#CC1(c2ccccn2)CCN(Cc2cc(C(=O)O)c(=O)n3ccccc23)CC1,,,-4.7447274948966935,train
N#CCC(=O)N1CC2(CCC(c3cccc4nc(NC(=O)C5CC5)nn34)CC2)C1,-7.0,,,train
N#CCC(=O)N1CCC[C@@H](n2cnc3cnc4[nH]ccc4c32)C1,,,-6.522878745280337,train
N#CCC(=O)N1CCC[C@@H](n2nnc3cnc4[nH]ccc4c32)C1,,,-5.431798275933005,train
N#CCCCCCCCCNc1c2c(nc3cc(Cl)ccc13)CCCC2,,-5.267606240177032,,train
N#CCCCCCCCCNc1c2c(nc3ccccc13)CCCC2,,-5.119186407719209,,test
N#CCCCCCCCNc1c2c(nc3cc(Cl)ccc13)CCCC2,,-4.832682665251824,,train
N#CCCCCCCNc1c2c(nc3cc(Cl)ccc13)CCCC2,,-4.777283528852417,,train
N#CCCCCCCNc1c2c(nc3ccccc13)CCCC2,,-4.950781977329818,,train
N#CCCN1C(=O)CC[C@H]1C(=O)N1CC[C@@]2(S(=O)(=O)c3ccc(F)cc3)c3ccc(C(F)(C(F)(F)F)C(F)(F)F)cc3CC[C@@H]12,-6.769551078621726,,,train
N#CCCN1C(=O)CC[C@H]1C(=O)N1CC[C@@]2(S(=O)(=O)c3ccc(F)cc3)c3ccc(C(F)(C(F)(F)F)C(F)(F)F)nc3CC[C@@H]12,-6.721246399047171,,,train
N#CCCN1C(=O)CC[C@H]1C(=O)N1CC[C@@]2(S(=O)(=O)c3ccc(F)cc3)c3cnc(C(F)(C(F)(F)F)C(F)(F)F)cc3CC[C@@H]12,-6.920818753952375,,,train
N#CCCN1C(=O)CC[C@H]1C(=O)N1CC[C@@]2(S(=O)(=O)c3ccc(F)cc3)c3ncc(C(F)(C(F)(F)F)C(F)(F)F)cc3CC[C@@H]12,-7.026872146400302,,,train
N#CCCN1CCC(n2cnc3cnc4[nH]ccc4c32)CC1,,,-5.086186147616283,train
N#CCCN1CCC(n2nnc3cnc4[nH]ccc4c32)CC1,,,-4.769551078621726,train
N#CCCN[C@H]1CC[C@H](n2cnc3cnc4[nH]ccc4c32)CC1,,,-5.823908740944319,train
N#CCCN[C@H]1CC[C@H](n2nnc3cnc4[nH]ccc4c32)CC1,,,-5.142667503568732,train
N#CCCc1cc2cc(Cl)ccc2nc1-c1cccs1,,-4.747146969020107,,train
N#CCNC(=O)CNC(=O)C(Cc1ccccn1)NC(=O)Cc1cc(Cl)cc(Cl)c1,-6.154901959985743,,,test
N#CCNC(=O)CNC(=O)[C@H](CN)NC(=O)Cc1cc(Cl)cc(Cl)c1,-6.0,,,train
N#CCNC(=O)CNC(=O)[C@H](Cc1ccccc1)NC(=O)Cc1cc(Cl)cc(Cl)c1,-5.920818753952375,,,train
N#CCNC(=O)CNC(=O)[C@H](Cc1ccccc1)NC(=O)Cc1cccc(Cl)c1,-5.920818753952375,,,train
N#CCNC(=O)CNC(=O)[C@H](Cc1ccccc1)NC(=O)[C@@H](O)c1cccc(Cl)c1,-5.657577319177793,,,train
N#CCNC(=O)c1ccc(-c2ccnc(Nc3ccc(N4CCOCC4)cc3)n2)cc1,-4.517126416391246,,,train
N#CC[C@H]1CC[C@H](c2ccc(N3CCOc4ncnc(N)c4C3=O)cc2)CC1,,,-4.568636235841013,train
N#CC[C@]1(n2cc(-c3nc(-c4cc[nH]n4)cn4nccc34)cn2)C[C@@H](C#N)C1,,,-5.154901959985743,train
N#CC[C@]1(n2cc(-c3nc(-c4cc[nH]n4)cn4nccc34)cn2)C[C@H](C#N)C1,,,-4.769551078621726,train
N#CC[C@]1(n2cc(-c3nc(-c4cn[nH]c4)cn4nccc34)cn2)C[C@@H](C#N)C1,,,-5.221848749616356,test
N#CC[C@]1(n2cc(-c3nc(-c4cn[nH]c4)cn4nccc34)cn2)C[C@H](C#N)C1,,,-5.154901959985743,val
N#CN=C(NCCCCCCOc1ccc(Cl)cc1)Nc1ccncc1,,,-5.0,train
N#CNC(=O)[C@H](Cc1ccccc1)NC(=O)OCc1ccccc1,-4.2839966563652006,,,train
N#CNC(=O)c1ccc(-c2ccc(O[C@H]3O[C@H](CO)[C@@H](O)[C@H](O)[C@@H]3O)cc2)cc1,-6.657577319177794,,,train
N#C[C@@H]1CCCN1C(=O)[C@@H](N)Cc1ccc(-c2ccc(F)cc2)cc1,-5.142064735280571,,,test
N#C[C@@H]1CCCN1C(=O)[C@@H](N)Cc1ccc(-c2ccc(F)cc2F)cc1,-5.30715308072277,,,train
N#C[C@@H]1CCCN1C(=O)[C@@H](N)Cc1ccc(-c2ccccc2)cc1,-5.575118363368933,,,test
N#C[C@@]1(c2ccc3c(N)ncnn23)O[C@H](CO)[C@@H](O)[C@H]1O,-6.769551078621726,,,train
N#C[C@H](Cc1ccc(-c2ccc3oc(=O)n(CC(F)F)c3c2)cc1)NC(=O)[C@@H]1CNCCCO1,-5.096910013008056,,,train
N#C[C@H]1CCC[C@H]1Nc1nc(-c2cn[nH]c2)nc2c(=O)[nH]ccc12,,,-6.698970004336019,train
N#C[C@]12CC3CC(C1)[C@@H](NC(=O)c1cnn4cc(Cl)cnc14)C(C3)C2,,,-4.3872161432802645,train
N#Cc1c(-c2cc(F)cc(-c3no[n+]([O-])c3C#N)c2)no[n+]1[O-],-5.102372908709558,,,train
N#Cc1c(-c2ccc(-c3no[n+]([O-])c3C#N)s2)no[n+]1[O-],-5.3979400086720375,,,train
N#Cc1c(-c2ccc(Br)cc2)nc2cnccc2c1NCC(N)=O,-6.8297382846050425,,,train
N#Cc1c(-c2ccc(Br)cc2)no[n+]1[O-],-5.102372908709558,,,train
N#Cc1c(-c2cccc(C(F)(F)F)c2)nc(SC(C(N)=O)c2nc(-c3ccccc3)cs2)[nH]c1=O,,-5.337242168318426,,train
N#Cc1c(-c2cccc(C(F)(F)F)c2)nc(SCC(=O)Nc2nc(-c3cc(Cl)c(N)c(Cl)c3)cs2)[nH]c1=O,,-6.055517327849832,,train
N#Cc1c(-c2cccc(OC(F)(F)F)c2)nc(SC(C(N)=O)c2nc(-c3ccccc3)cs2)[nH]c1=O,,-5.494850021680094,,train
N#Cc1c(-c2ccccc2)c(-c2ccccc2)n(Cc2ccccc2)c1/N=C/N[C@H]1CC[C@H](O)CC1,,-3.484788695672198,,val
N#Cc1c(-c2ccccc2)c(-c2ccccc2)n(Cc2ccccc2)c1N,,-4.2076083105017466,,train
N#Cc1c(-c2ccccc2)no[n+]1[O-],-6.0,,,train
N#Cc1c(-c2cccs2)no[n+]1[O-],-5.595166283380062,,,train
N#Cc1c(-c2csc(-c3no[n+]([O-])c3C#N)c2)no[n+]1[O-],-5.026872146400302,,,val
N#Cc1c(Cl)nc(NCCCC2CCN(Cc3ccccc3)CC2)c(C#N)c1-c1ccccc1,,-4.99481948749622,,train
N#Cc1c(Cl)nc(NCCCCC2CCN(Cc3ccccc3)CC2)c(C#N)c1-c1ccccc1,,-4.986741334716483,,train
N#Cc1c(N)nc(N)nc1N[C@H](c1nc2c(Cl)cc(F)cc2c(=O)n1-c1cc[nH]n1)C1CC1,-5.823908740944319,,,train
N#Cc1c(N)nc(NCCC2CCN(Cc3ccccc3)CC2)c(C#N)c1-c1ccccc1,,-4.468521082957745,,train
N#Cc1c(N)nc(NCCCC2CCN(Cc3ccccc3)CC2)c(C#N)c1-c1ccccc1,,-4.5003129173815966,,train
N#Cc1c(N)nc(NCCCCC2CCN(Cc3ccccc3)CC2)c(C#N)c1-c1ccccc1,,-4.590066876668706,,train
N#Cc1c(O)c2c(-c3ccc(-c4ccccc4O)cc3)csc2[nH]c1=O,,-8.522878745280337,,train
N#Cc1c(O)c2c(cc(Cl)n2-c2ccc(-c3ccsc3)cc2)[nH]c1=O,,-9.154901959985745,,train
N#Cc1c[nH]c2nc(Nc3ccc4c(C5CCNCC5)c[nH]c4c3)ccc12,-7.0,,,train
N#Cc1cc(C#N)c(NC2CCN(Cc3ccccc3)CC2)nc1Cl,,-5.131355561605174,,train
N#Cc1cc(C#N)c(NC2CCN(Cc3ccccc3)CC2)nc1N,,-4.769551078621726,,test
N#Cc1cc(C#N)c(NC2CCN(Cc3ccccc3)CC2)nc1NC1CCN(Cc2ccccc2)CC1,,-5.301029995663981,,train
N#Cc1cc(C#N)c(NCCC2CCN(Cc3ccccc3)CC2)nc1Cl,,-5.0695604052333,,train
N#Cc1cc(C#N)c(NCCC2CCN(Cc3ccccc3)CC2)nc1N,,-4.841637507904751,,train
N#Cc1cc(C#N)c(NCCCC2CCN(Cc3ccccc3)CC2)nc1Cl,,-5.223298816011589,,train
N#Cc1cc(C#N)c(NCCCC2CCN(Cc3ccccc3)CC2)nc1N,,-4.681936665037238,,test
N#Cc1cc(C#N)c(NCCCCC2CCN(Cc3ccccc3)CC2)nc1Cl,,-5.155522824254319,,train
N#Cc1cc(C#N)c(NCCCCC2CCN(Cc3ccccc3)CC2)nc1N,,-4.673664139071248,,train
N#Cc1cc(COC(=O)N2C[C@@H]3[C@@H](CNC(=O)N4CCc5[nH]nnc5C4)[C@@H]3C2)cc(C(=O)OC(F)(F)F)c1,-5.154901959985743,,,train
N#Cc1cc(COC(=O)N2C[C@@H]3[C@@H](CNC(=O)NCCCc4cnn[nH]4)[C@@H]3C2)cc(C(=O)OC(F)(F)F)c1,-5.522878745280337,,,train
N#Cc1cc(COC(=O)N2C[C@@H]3[C@@H](CNC(=O)c4ccc5[nH]c(=O)oc5c4)[C@@H]3C2)cc(OC(F)(F)F)c1,-4.356547323513813,,,val
N#Cc1cc(COC(=O)N2C[C@@H]3[C@@H](CNC(=O)c4ccc5[nH]nnc5c4)[C@@H]3C2)cc(C(=O)OC(F)(F)F)c1,-5.096910013008056,,,train
N#Cc1cc(Cl)c(C(=O)Nc2ccnc(NC(=O)C3CC3)c2)c(Cl)c1,,,-4.823908740944319,train
N#Cc1cc(Cl)c(C(=O)Nc2ccnc(NC(=O)[C@H]3C[C@H]3F)c2)c(Cl)c1,,,-4.920818753952375,train
N#Cc1cc(F)c(C(=O)Nc2ccnc(NC(=O)[C@H]3C[C@H]3F)c2)c(Cl)c1,,,-4.958607314841775,train
N#Cc1cc(F)ccc1Cn1ccc2c3c(ncc21)C(=O)N(O)CC3,-5.095284454721319,,,train
N#Cc1cc(S(=O)(=O)Nc2ncns2)ccc1Oc1ccc(C(F)(F)F)cc1-c1cn[nH]c1,,,-6.0,val
N#Cc1ccc(-c2cc(-c3ccc(C(=O)O)cc3)cnc2N)cc1,,,-4.920818753952375,train
N#Cc1ccc(-c2ccc(C[C@@H](C#N)NC(=O)[C@@H]3CCCCC[C@@H]3N)cc2)cc1,-4.958607314841775,,,train
N#Cc1ccc(-c2ccc(C[C@@H](C#N)NC(=O)[C@@H]3CCCC[C@@H]3N)cc2)cc1,-4.958607314841775,,,train
N#Cc1ccc(-c2ccc(C[C@@H](C#N)NC(=O)[C@@H]3CNCCCO3)cc2)cc1,-4.721246399047171,,,train
N#Cc1ccc(-c2ccc(N3CCOc4ncnc(N)c4C3=O)cc2)c(Cl)c1,-4.31695296176115,,,train
N#Cc1ccc(-c2ccc(NC(=O)Cn3cnc([N+](=O)[O-])n3)cc2)cc1,-4.728158393463501,,,test
N#Cc1ccc(-c2ccc(O[C@H]3O[C@H](CO)[C@@H](O)[C@H](O)[C@@H]3O)c(Cl)c2)cc1,-5.657577319177793,,,train
N#Cc1ccc(-c2ccc(O[C@H]3O[C@H](CO)[C@@H](O)[C@H](O)[C@@H]3O)cc2)cc1,-5.698970004336019,,,train
N#Cc1ccc(-c2ccc3c(ccc(=O)n3CC(=O)N3CCCCC3)c2)cc1,,-4.79317412396815,,train
N#Cc1ccc(-c2ccc3c(ccc(=O)n3CCN3CCCCC3)c2)cc1,,-5.080921907623926,,train
N#Cc1ccc(-c2cnc3ccc(-c4ccc(C(=O)N5CCNCC5)cc4)nn23)cc1,,-4.339134521996131,,train
N#Cc1ccc(-c2cnc3ccc(-c4ccc(C(=O)N5CCOCC5)cc4)cn23)cc1,,-4.128427064454121,,train
N#Cc1ccc(-c2cnc3ccc(-c4ccc(C(=O)N5CCOCC5)cc4)nn23)cc1,,-4.522878745280337,,train
N#Cc1ccc(-c2cnc3cnc(-c4ccc(C(=O)N5CCOCC5)cc4)cn23)cc1,,-4.3655227298392685,,train
N#Cc1ccc(-c2nc3cc(Cl)ccc3c3c2CCCN3)cc1,,-4.790484985457369,,train
N#Cc1ccc(-c2nc3cc(Cl)ccc3cc2CCCN)cc1,,-4.73754891026957,,train
N#Cc1ccc(-c2nc3ccc(Cl)cc3c3c2CCCCN3)cc1,,-4.698970004336019,,train
N#Cc1ccc(-c2nc3ccc(Cl)cc3c3c2CCCN3)cc1,,-4.844663962534939,,train
N#Cc1ccc(-c2nc3ccc(Cl)cc3c3c2CCCO3)cc1,,-4.527243550682788,,test
N#Cc1ccc(-c2nc3ccc(Cl)cc3c3c2CCN3)cc1,,-5.167491087293763,,train
N#Cc1ccc(C(=O)N2CCCC(c3cc4ncccc4[nH]3)C2)cc1,,-6.421360790031928,,train
N#Cc1ccc(C(=O)Nc2ccc(F)c([C@]3(CF)CCSC(N)=N3)c2)nc1,,,-4.657577319177793,train
N#Cc1ccc(C2CCN(CCc3cnn(-c4nccc5c(=O)[nH]cnc45)c3)CC2)cc1,-5.735182176990463,,,train
N#Cc1ccc(CC(=O)NCCCn2c(=O)c3cc(F)ccc3n3c(=S)[nH]nc23)cc1,,-3.7644715530924513,,train
N#Cc1ccc(CCNC(=O)[C@@H]2CCCN(c3cc(N4CCC(C(=O)O)CC4)nc(C(F)(F)F)n3)C2)cc1,-5.866461091629782,,,train
N#Cc1ccc(CCNC(=O)[C@@H]2CCCN(c3cc(N4CCC(Oc5ccc(CC(=O)O)cc5)CC4)nc(C(F)(F)F)n3)C2)cc1,-5.673664139071248,,,train
N#Cc1ccc(CCNC(=O)[C@@H]2CCN2c2cc(N3CCC(Oc4ccc(CC(=O)O)cc4)CC3)nc(C(F)(F)F)n2)cc1,-5.24184537803261,,,train
N#Cc1ccc(COc2ccc3nc(C(=O)N4CCNCC4)ccc3c2)cc1,,-5.568636235841013,,train
N#Cc1ccc(Cc2ccc3c(NCCCNCc4ccc5c(c4)OCO5)ccnc3c2)cc1,,-4.638272163982407,,train
N#Cc1ccc(Cc2ccc3c(NCCCNCc4ccco4)ccnc3c2)cc1,,-4.638272163982407,,train
N#Cc1ccc(Cc2nnc(NC(=O)[C@@H](CO)NC(=O)C3(C(F)(F)F)CCCCC3)s2)cc1,-7.853871964321762,,,train
N#Cc1ccc(Cc2nnc(NC(=O)[C@H](NC(=O)C3(C(F)(F)F)CCCCC3)C3CCCC3)s2)cc1,-7.468521082957745,,,train
N#Cc1ccc(Cl)c2oc3cc(N4CCC(C(=O)O)C4)ccc3c(=O)c12,,-6.096910013008056,,train
N#Cc1ccc(N2CCC[C@@H]2C(O)CO)cc1C(F)(F)F,,-4.876148359032914,,train
N#Cc1ccc(N2CCC[C@@H]2C(O)COCCOCCOCCOCCOC23CC4CC(CC(C4)C2)C3)cc1C(F)(F)F,,-5.638272163982407,,train
N#Cc1ccc(N2CCN(Cc3cc(C(=O)N[C@H]4CCCC[C@@H]4O)c(=O)n4ccccc34)CC2)cc1,,,-4.522878745280337,train
N#Cc1ccc(N2N=C(N3CCC(C(=O)N4CCC(O)CC4)CC3)C[C@H]2C2CCCC2)cc1Cl,,,-4.698970004336019,train
N#Cc1ccc(NC(=O)c2cc(Cl)ccc2O)c(Cl)c1,,-5.292429823902063,,train
N#Cc1ccc(NC(=O)c2ccc3ccccc3c2O)c(Cl)c1,,-3.953895212753961,,train
N#Cc1ccc(NC(=O)c2cccc3cc[nH]c23)c(Cl)c1,,-3.2572748686953017,,train
N#Cc1ccc(NCC(F)(F)c2ccc(F)c(F)c2)c(F)c1CC(=O)NCCONC(=N)N,-6.301029995663981,,,train
N#Cc1ccc(NCC(F)(F)c2cccc(Cl)c2)c(F)c1CC(=O)NCCONC(=N)N,-6.096910013008056,,,train
N#Cc1ccc(NCC(F)(F)c2cccc(F)c2)c(F)c1CC(=O)NCCONC(=N)N,-6.154901959985743,,,train
N#Cc1ccc(NCC(F)(F)c2ccccc2)c(F)c1CC(=O)NCCONC(=N)N,-5.958607314841775,,,test
N#Cc1ccc(NCC(F)(F)c2ccccn2)c(F)c1CC(=O)NCCONC(=N)N,-6.045757490560675,,,train
N#Cc1ccc(NC[C@@H]2CCCN2C(=O)C[C@H](N)Cc2cc(F)c(F)cc2F)nc1,-5.229147988357856,,,train
N#Cc1ccc(NCc2cccc3cccnc23)c(F)c1CC(=O)NCCONC(=N)N,-5.769551078621726,,,train
N#Cc1ccc(N[C@H]2CC[C@H](N(C(=O)NCc3ccccc3)c3ccc(-c4cccnc4)cc3)CC2)nc1,,-6.552841968657781,,train
N#Cc1ccc(O)cc1,,-4.768530409569319,,train
N#Cc1ccc(OCCN2CCN(CC(=O)Nc3nccs3)CC2)cc1,,,-6.8297382846050425,train
N#Cc1ccc(OC[C@@H]2CCCN2C(=O)C[C@H](N)Cc2cc(F)c(F)cc2F)nc1,-4.6020599913279625,,,train
N#Cc1ccc(O[C@H]2CN(S(=O)(=O)c3ccc(Cl)cc3Cl)C[C@@]2(O)CO)cc1,,-6.431798275933005,,train
N#Cc1ccc(Oc2ccc(C(=O)N[C@H](C(=O)Nc3cccc(C(N)=O)c3)c3ccc(OCc4ccccc4)cc3)cc2)cc1,,-6.0,,train
N#Cc1ccc(Oc2ccc3c(ccc(=O)n3CCN3CCCCC3)c2)cc1,,-5.431798275933005,,val
N#Cc1ccc(Oc2ccc3nc(C(=O)N4CCNCC4)ccc3c2)cc1,,,-6.3979400086720375,train
N#Cc1ccc(Oc2ccc3nc(OCC(=O)N4CCCCC4)ccc3c2)cc1,,,-4.728158393463501,train
N#Cc1ccc(Oc2ccc3nc(OCC(=O)N4CCNC(=O)C4)ccc3c2)cc1,,,-4.493494967595128,train
N#Cc1ccc(Oc2ccc3nc(OCC(=O)N4CCNCC4)ccc3c2)cc1,,,-4.542118103266008,val
N#Cc1ccc(Oc2ccc3nc(OCC(=O)N4CCOCC4)ccc3c2)cc1,,,-4.521433504406157,train
N#Cc1ccc(Oc2ccc3nc(OCC(=O)NCC(N)=O)ccc3c2)cc1,,,-4.892790030352132,train
N#Cc1ccc(Oc2cncc3sc(-c4nnn[nH]4)cc23)cc1,,,-5.6020599913279625,train
N#Cc1ccc(S(=O)(=O)N2C[C@H](S(=O)(=O)c3ccc(Cl)cc3)[C@](O)(CO)C2)c(Cl)c1,,-6.455931955649724,,train
N#Cc1ccc(S(=O)(=O)[C@H]2CN(S(=O)(=O)c3ccc(C#N)cc3Cl)C[C@@]2(O)CO)cc1,,-6.455931955649724,,train
N#Cc1ccc(S(=O)(=O)[C@H]2CN(S(=O)(=O)c3ccc(Cl)cc3Cl)C[C@@H]2O)cc1,,-6.107905397309519,,train
N#Cc1ccc(S(=O)(=O)[C@H]2CN(S(=O)(=O)c3ccc(Cl)cc3Cl)C[C@@]2(O)CO)cc1,,-6.346787486224656,,train
N#Cc1ccc(S[C@H]2O[C@H](CO)[C@H](O)[C@H](n3cc(-c4cc(F)c(F)c(F)c4)nn3)[C@H]2O)cc1Cl,-5.301029995663981,,,train
N#Cc1ccc([C@@]23Oc4cc(Cl)cnc4[C@]2(O)[C@H](O)[C@H](C(N)=O)[C@H]3c2ccccc2)cc1,-6.301029995663981,,,train
N#Cc1ccc([C@H]2Nc3ccc(Cl)cc3[C@@H]3OCCC[C@H]23)cc1,,-5.154901959985743,,train
N#Cc1ccc2[nH]cc(C(=O)CCCN3CCN(c4ccc5c(N)c6c(nc5c4)CCCC6)CC3)c2c1,,-5.774690718274138,,val
N#Cc1ccc2[nH]cc(C(=O)CCCN3CCN(c4ccc5nc6c(c(N)c5c4)CCCC6)CC3)c2c1,,-5.982966660701219,,train
N#Cc1ccc2[nH]cc(C(=O)CCCN3CCN(c4cccc5c(N)c6c(nc45)CCCC6)CC3)c2c1,,-5.79317412396815,,test
N#Cc1ccc2[nH]cc(C(=O)CCCN3CCN(c4cccc5nc6c(c(N)c45)CCCC6)CC3)c2c1,,-5.876148359032914,,train
N#Cc1ccc2[nH]cc(CCCCN3CCN(c4ccc5c(N)c6c(nc5c4)CCCC6)CC3)c2c1,,-5.52432881167557,,test
N#Cc1ccc2[nH]cc(CCCCN3CCN(c4ccc5nc6c(c(N)c5c4)CCCC6)CC3)c2c1,,-5.449771646944906,,test
N#Cc1ccc2[nH]cc(CCCCN3CCN(c4cccc5c(N)c6c(nc45)CCCC6)CC3)c2c1,,-5.3535962737769305,,test
N#Cc1ccc2[nH]cc(CCCCN3CCN(c4cccc5nc6c(c(N)c45)CCC6)CC3)c2c1,,-5.3585258894959,,train
N#Cc1ccc2[nH]cc(CCCCN3CCN(c4cccc5nc6c(c(N)c45)CCCC6)CC3)c2c1,,-5.291579099865287,,train
N#Cc1ccc2[nH]cc(CCCCN3CCN(c4cccc5nc6c(c(N)c45)CCCCC6)CC3)c2c1,,-5.401209493236885,,train
N#Cc1ccc2[nH]cc(CCCN3CCN(c4cccc5nc6c(c(N)c45)CCCC6)CC3)c2c1,,-5.262807357295263,,train
N#Cc1ccc2[nH]cc(CCN3CCN(c4cccc5nc6c(c(N)c45)CCCC6)CC3)c2c1,,-5.348721986001856,,train
N#Cc1ccc2c(-c3nc(N[C@H]4CCCNC4)ncc3C(F)(F)F)c[nH]c2c1,,,-5.334419008982047,train
N#Cc1ccc2c(c1)CCC[C@@H]2Nc1ccc2[nH]nc(-c3ccncc3)c2c1,-5.050609993355088,,,train
N#Cc1ccc2c(c1)CCC[C@H]2Nc1ccc2[nH]nc(-c3ccnc(N4CCOCC4)c3)c2c1,-5.2076083105017466,,,train
N#Cc1ccc2c(c1)CCC[C@H]2Nc1ccc2[nH]nc(-c3ccncc3)c2c1,-5.091514981121351,,,train
N#Cc1ccc2c(c1)CCc1nn(-c3ccccn3)c(O)c1-2,-5.638272163982407,,,train
N#Cc1ccc2c(c1)OCC[C@H]2Nc1ccc2[nH]nc(-c3ccncc3)c2c1,-4.721246399047171,,,train
N#Cc1ccc2c(c1)[C@@H](O)[C@H]([C@H]1c3ccccc3-c3cncn31)CC2,,,-5.769551078621726,train
N#Cc1ccc2c(c1)[nH]c(=O)n2C12CC(c3nnc(-c4ccncn4)n3-c3ccccc3Cl)(C1)C2,-5.301029995663981,,,train
N#Cc1ccc2c(c1)[nH]c(=O)n2[C@H]1C[C@H](c2nnc(-c3ccncn3)n2-c2ccccc2Cl)C1,-5.0,,,train
N#Cc1ccc2c(ccc(=O)n2CC(=O)Nc2scc(Br)c2-c2ncn[nH]2)c1,,,-7.464705879957229,train
N#Cc1ccc2cc3c(=O)[nH]c(=O)nc-3n(-c3ccc(O)cc3)c2c1,,-8.096910013008056,,test
N#Cc1ccc2cc3c(=O)[nH]c(=O)nc-3n(-c3ccc(OC(F)(F)F)cc3)c2c1,,-5.958607314841775,,train
N#Cc1ccc2cc3c(=O)[nH]c(=O)nc-3n(-c3ccc(OC(F)F)cc3)c2c1,,-6.522878745280337,,train
N#Cc1ccc2cc3c(=O)[nH]c(=O)nc-3n(-c3ccc(OCc4ccc(Br)cc4)cc3)c2c1,,-6.698970004336019,,train
N#Cc1ccc2cc3c(=O)[nH]c(=O)nc-3n(-c3ccc(OCc4ccc(Cl)cc4)cc3)c2c1,,-6.3979400086720375,,train
N#Cc1ccc2cc3c(=O)[nH]c(=O)nc-3n(-c3ccc(OCc4cccc(C(=O)O)c4)cc3)c2c1,,-8.0,,val
N#Cc1ccc2cc3c(=O)[nH]c(=O)nc-3n(-c3ccc(OCc4cccc(Cl)c4)cc3)c2c1,,-6.3979400086720375,,train
N#Cc1ccc2cc3c(=O)[nH]c(=O)nc-3n(-c3ccc(OCc4ccccc4)cc3)c2c1,,-5.920818753952375,,train
N#Cc1ccc2cc3c(=O)[nH]c(=O)nc-3n(-c3ccc(Oc4ccc(Cl)cc4)cc3)c2c1,,-6.096910013008056,,test
N#Cc1ccc2cc3c(=O)[nH]c(=O)nc-3n(-c3ccc(Oc4ccc(F)cc4)cc3)c2c1,,-5.568636235841013,,train
N#Cc1ccc2cc3c(=O)[nH]c(=O)nc-3n(-c3ccc(Oc4cccc(C(=O)O)c4)cc3)c2c1,,-8.522878745280337,,train
N#Cc1ccc2cc3c(=O)[nH]c(=O)nc-3n(-c3ccc(Oc4ccccc4)cc3)c2c1,,-5.552841968657781,,train
N#Cc1ccc2cc3c(=O)[nH]c(=O)nc-3n(-c3ccc4c(c3)OC(F)(F)O4)c2c1,,-5.958607314841775,,train
N#Cc1ccc2cc3c(=O)[nH]c(=O)nc-3n(-c3ccc4c(c3)OCO4)c2c1,,-6.301029995663981,,train
N#Cc1ccc2cc3c(=O)[nH]c(=O)nc-3n(-c3cccc(-c4nnn[nH]4)c3)c2c1,-5.872895201635193,-8.522878745280337,,train
N#Cc1ccc2cc3c(=O)[nH]c(=O)nc-3n(-c3cccc(CO)c3)c2c1,-6.522878745280337,,,train
N#Cc1ccc2cc3c(=O)[nH]c(=O)nc-3n(-c3cccc(O)c3)c2c1,,-8.0,,train
N#Cc1ccc2cc3c(=O)[nH]c(=O)nc-3n(-c3cccc(OCc4ccccc4)c3)c2c1,,-5.769551078621726,,val
N#Cc1ccc2cc3c(=O)[nH]c(=O)nc-3n(-c3cccc(Oc4ccccc4)c3)c2c1,,-5.698970004336019,,train
N#Cc1ccc2cc3c(=O)[nH]c(=O)nc-3n(-c3cccc(S(N)(=O)=O)c3)c2c1,-6.6020599913279625,,,train
N#Cc1ccc2cc3c(=O)[nH]c(=O)nc-3n(-c3ccccc3)c2c1,-6.356547323513813,-6.3979400086720375,,train
N#Cc1ccc2cc3c(=O)n(-c4ccc(Br)cc4)c(=O)nc-3n(-c3ccc(O)cc3)c2c1,,-7.301029995663981,,train
N#Cc1ccc2cc3c(=O)n(-c4ccc(Cl)c(Cl)c4)c(=O)nc-3n(-c3cccc(O)c3)c2c1,,-7.522878745280337,,train
N#Cc1ccc2cc3c(=O)n(-c4ccc(Cl)cc4)c(=O)nc-3n(-c3ccc(O)cc3)c2c1,,-7.096910013008056,,train
N#Cc1ccc2cc3c(=O)n(-c4ccc(Cl)cc4)c(=O)nc-3n(-c3cccc(O)c3)c2c1,,-7.397940008672037,,train
N#Cc1ccc2cc3c(=O)n(-c4ccc(Cl)cc4)c(=O)nc-3n(-c3ccccc3)c2c1,,-5.356547323513813,,test
N#Cc1ccc2cc3c(=O)n(-c4ccc(F)cc4)c(=O)nc-3n(-c3ccc(O)cc3)c2c1,,-7.221848749616356,,train
N#Cc1ccc2cc3c(=O)n(-c4cccc(C(N)=O)c4)c(=O)nc-3n(-c3ccc(O)cc3)c2c1,,-8.0,,train
N#Cc1ccc2cc3c(=O)n(-c4cccc(Cl)c4)c(=O)nc-3n(-c3cccc(O)c3)c2c1,,-7.154901959985743,,train
N#Cc1ccc2cc3c(=O)n(-c4ccccc4)c(=O)nc-3n(-c3ccc(O)cc3)c2c1,,-7.0,,val
N#Cc1ccc2ccc(=O)n(CCN3CCC(NCc4cc5c(cn4)OCCO5)CC3)c2c1,-5.721246399047171,,,train
N#Cc1ccc2ccc(=O)n(CCN3CCC(NCc4ccc5c(n4)NC(=O)CO5)CC3)c2c1,-5.698970004336019,,,train
N#Cc1ccc2nc(Cc3nc4c(c(=O)[nH]c(=O)n4C4CC4)n3Cc3ccccc3)[nH]c2c1,-5.823908740944319,,,test
N#Cc1cccc(-c2ccc(N3CCOc4ncnc(N)c4C3=O)cc2)c1Cl,-4.261219441515631,,,train
N#Cc1cccc(CN(c2ccc3[nH]ccc3c2)C2CCNCC2)c1,-5.3979400086720375,,,train
N#Cc1cccc(Cl)c1-c1ccc(N2CCOc3ncnc(N)c3C2=O)cc1,-5.0,,,train
N#Cc1cccc(Cn2cc(NC(=O)c3n[nH]c4cc(-c5cn[nH]c5)ccc34)cn2)c1,,,-7.0,train
N#Cc1cccc(Nc2nc3c(s2)CCCc2n[nH]cc2-3)n1,,-7.0,,train
N#Cc1cccc([C@H](CC(=O)O)C(=O)N2CC[C@@H](CCc3ccc4c(n3)NCCC4)C2)c1,,,-7.244125144327507,train
N#Cc1ccccc1-c1cc(-c2cc(Cl)cc(OCC3CC3)c2)c(=O)n(-c2cccnc2)c1,,-5.369572124974976,,train
N#Cc1ccccc1-c1cc(-c2cc(Cl)cc(OCCC(F)(F)F)c2)c(=O)n(-c2cccnc2)c1,,-5.3979400086720375,,train
N#Cc1ccccc1C1Cc2nccn2C1,,-4.638272163982407,,train
N#Cc1ccccc1CC(=O)NCCCn1c(=O)c2cc(F)ccc2n2c(=S)[nH]nc12,,-3.8068754016455375,,train
N#Cc1ccccc1Cn1c(N2CCC[C@@H](N)C2)nc2[nH]c(-c3ccc(C(F)(F)F)cc3)cc2c1=O,-5.761953896871205,,,train
N#Cc1ccccc1Cn1c(N2CCC[C@@H](N)C2)nc2[nH]c(-c3ccc(F)cc3)cc2c1=O,-6.229147988357856,,,train
N#Cc1ccccc1Cn1c(N2CCC[C@@H](N)C2)nc2[nH]c(-c3cccnc3)cc2c1=O,-5.5934598195660445,,,val
N#Cc1ccccc1Cn1c(N2CCC[C@@H](N)C2)nc2[nH]c(Br)cc2c1=O,-5.261219441515631,,,test
N#Cc1ccccc1Cn1c(N2CCC[C@@H](N)C2)nc2[nH]ccc2c1=O,-6.1938200260161125,,,val
N#Cc1ccccc1Cn1c(N2CCC[C@@H](N)C2)nc2c(-c3cccnc3)c[nH]c2c1=O,-6.522878745280337,,,val
N#Cc1ccccc1Cn1c(N2CCC[C@@H](N)C2)nc2c(-c3ccncc3)c[nH]c2c1=O,-5.384049948343599,,,train
N#Cc1ccccc1Cn1c(N2CCC[C@@H](N)C2)nc2c(-c3ccsc3)c[nH]c2c1=O,-5.730487055782084,,,train
N#Cc1ccccc1Cn1c(N2CCC[C@@H](N)C2)nc2c(Br)c[nH]c2c1=O,-5.55129368009492,,,train
N#Cc1ccccc1Cn1c(N2CCC[C@@H](N)C2)nc2cc[nH]c2c1=O,-5.46344155742847,,,train
N#Cc1ccccc1SC1=C(O)CC(c2c(Cl)cccc2Br)CC1=O,,,-4.853871964321762,train
N#Cc1ccccc1SC1=C(O)CC(c2ccccc2)CC1=O,,,-5.3872161432802645,train
N#Cc1cccnc1N1CCN(C(=O)c2cccc(C(F)(F)c3n[nH]c(=O)c4ccccc34)c2)CC1,-5.301029995663981,,,train
N#Cc1cccnc1N1CCN(C(=O)c2cccc(C(N)c3n[nH]c(=O)c4ccccc34)c2)CC1,-6.698970004336019,,,train
N#Cc1cccnc1N1CCN(C(=O)c2cccc(Cc3n[nH]c(=O)c4ccccc34)c2)CC1,-4.886056647693163,,,train
N#Cc1cccnc1N1CCN(C(=O)c2cccc(Oc3n[nH]c(=O)c4ccccc34)c2)CC1,-4.920818753952375,,,train
N#Cc1cccnc1N1CCN(CCCCOc2ccc3c(c2)NC(=O)CC3)CC1,,-4.920818753952375,,train
N#Cc1cccnc1N1CCN(CCCN2CCN(c3cccc(Cl)c3Cl)CC2)CC1,,-5.229147988357856,,train
N#Cc1cccnc1N1CCN(CCCN2CCN(c3ccccc3)CC2)CC1,,-4.6020599913279625,,train
N#Cc1cccnc1N1CCN(CCCOc2ccc3c(c2)NC(=O)CC3)CC1,,-4.853871964321762,,train
N#Cc1cccnc1N1CCN(CCN2CCN(c3cccc(Cl)c3Cl)CC2)CC1,,-5.102372908709558,,train
N#Cc1cccnc1N1CCN([C@@H]2CN[C@H](C(=O)N3CCC(F)(F)C3)C2)CC1,,,-4.982966660701219,train
N#Cc1ccnc(N2C(=O)CC[C@H]2CC(=O)N(c2cc(F)cc(F)c2)[C@H](C(=O)NC2CC(F)(F)C2)c2ccccc2Cl)c1,-4.847711655616943,,,train
N#Cc1ccnc(N2C(=O)CC[C@H]2CC(=O)N(c2cc(F)cc(S(N)(=O)=O)c2)[C@H](C(=O)NC2CC(F)(F)C2)c2ccccc2Cl)c1,-6.721246399047171,,,test
N#Cc1ccnc(N2C(=O)CC[C@H]2CC(=O)N(c2cncc(F)c2)[C@H](C(=O)NC2CC(F)(F)C2)c2ccccc2Cl)c1,-4.823908740944319,,,train
N#Cc1ccnc(N2C(=O)[C@@H](O)C[C@H]2CC(=O)N(c2cc(F)cc(F)c2)[C@H](C(=O)NC2CC(F)(F)C2)c2ccccc2Cl)c1,-5.721246399047171,,,train
N#Cc1ccnc(OC[C@@H]2CCCN2C(=O)C[C@H](N)Cc2cc(F)c(F)cc2F)c1,-4.3872161432802645,,,train
N#Cc1cnc(NCC(F)(F)c2ccccc2)c(=O)n1CC(=O)NCCONC(=N)N,-6.301029995663981,,,train
N#Cc1cnc2c(Br)cc(NCc3cn(-c4ccccc4)nn3)cc2c1Nc1ccc(F)c(Cl)c1,,-5.920818753952375,,train
N#Cc1cnc2c(Br)cc(NCc3cn(CC(=O)O)nn3)cc2c1Nc1ccc(F)c(Cl)c1,,-5.744727494896694,,train
N#Cc1cnc2c(Br)cc(NCc3cn(CCC4CCCN4)nn3)cc2c1Nc1ccc(F)c(Cl)c1,,-6.142667503568732,,train
N#Cc1cnc2c(Br)cc(NCc3cn(Cc4cccnc4)nn3)cc2c1Nc1ccc(F)c(Cl)c1,,-6.886056647693163,,train
N#Cc1cnc2c(Cl)cc(NCc3cn(C4CCN(C5CCC5)CC4)nn3)cc2c1Nc1ccc(F)c(Cl)c1,,-6.366531544420414,,train
N#Cc1cnc2c(Cl)cc(NCc3cn(C4CCNCC4)nn3)cc2c1Nc1ccc(F)c(Cl)c1,,-7.522878745280337,,train
N#Cc1cnc2c(Cl)cc(NCc3cn(CC(=O)O)nn3)cc2c1Nc1ccc(F)c(Cl)c1,,-7.397940008672037,,test
N#Cc1cnc2c(Cl)cc(NCc3cn(CCC4CCCN4)nn3)cc2c1Nc1ccc(F)c(Cl)c1,,-6.2441251443275085,,test
N#Cc1cnc2c(Cl)cc(NCc3cn(Cc4cccnc4)nn3)cc2c1Nc1ccc(F)c(Cl)c1,,-6.744727494896694,,train
N#Cc1cnc2cc(C3CCCN(C(=O)c4cc(C(F)(F)F)no4)C3)[nH]c2c1,,-5.258848401148215,,train
N#Cc1cnccc1COc1cnc(N2CC3CCC(C2)N3C(=O)OCC(F)(F)F)nc1,,,-4.6020599913279625,test
N#Cc1cnccc1COc1cnc(N2CCN(C(=O)OCC(F)(F)F)CC2)nc1,,,-4.494850021680094,train
N#Cc1nc(CCCNCC(=O)O)cc(-c2cccc(C(F)(F)F)c2)n1,-7.657577319177793,,,train
N#Cc1nc(CCCO)cc(-c2cccc(C(F)(F)F)c2)n1,-7.698970004336019,,,train
N/C(S)=N/N=C/c1ccc([N+](=O)[O-])cc1,,-4.893469146177619,,train
N=C(N)N1CCN(c2cccc(-c3nc(N=C(N)N)nc4ccc(Cl)cc34)c2)CC1,,-6.00436480540245,,train
N=C(N)NC(=O)c1nc(-c2cc3ccccc3o2)c(N)nc1N,-5.886056647693163,,,train
N=C(N)NC(=O)c1nc(-c2cc3ccccc3o2)c(N2CCCCCC2)nc1N,-6.522878745280337,,,train
N=C(N)NC(=O)c1nc(Cl)c(N)nc1N,-5.214670164989233,-7.301029995663981,,train
N=C(N)NC(=O)c1nc(Cl)c(N2CCCCCC2)nc1N,-4.823908740944319,,,train
N=C(N)NCCCCCCCCCNc1c2c(nc3cc(Cl)ccc13)CCCC2,,-5.173925197299174,,val
N=C(N)NCCCCCCCCCNc1c2c(nc3ccccc13)CCCC2,,-5.187086643357144,,val
N=C(N)NCCCCCCCCN(CCCCCCCCN)C(=O)N(CCCCCCCCN)CCCCCCCCNC(=N)N,,-6.732986946971932,,train
N=C(N)NCCCCCCCCN(CCCCCCCCNC(=N)NCC1CC1)C(=O)N(CCCCCCCCNC(=N)N)CCCCCCCCNC(=N)NCC1CC1,-6.721246399047171,-5.88416348278314,,test
N=C(N)NCCCCCCCCN(CCCCCCCCNC(=N)NCC1CC1)C(=O)N(CCCCCCCCNC(=N)NCC1CC1)CCCCCCCCNC(=N)NCC1CC1,,-6.55395269865476,,val
N=C(N)NCCCCCCCNc1c2c(nc3ccccc13)CCCC2,,-5.229147988357856,,train
N=C(N)NCCC[C@@H]1NC(=O)[C@H](Cc2c[nH]c3ccccc23)NC(=O)[C@@H](Cc2ccccc2)NC(=O)[C@H](Cc2c[nH]c3ccccc23)NC(=O)CN(CCCc2ccc(F)cc2F)C(=O)[C@H]2CCCN2C1=O,,,-6.0,train
N=C(N)NCCC[C@@H]1NC(=O)[C@H](Cc2c[nH]c3ccccc23)NC(=O)[C@@H](Cc2ccccc2)NC(=O)[C@H](Cc2c[nH]c3ccccc23)NC(=O)CN(CCCc2ccccc2)C(=O)[C@H]2CCCN2C1=O,,,-6.0,train
N=C(N)NCCC[C@@H]1NC(=O)[C@H](Cc2c[nH]c3ccccc23)NC(=O)[C@@H](Cc2ccccc2)NC(=O)[C@H](Cc2c[nH]c3ccccc23)NC(=O)CN(CCCc2ccccc2Cl)C(=O)[C@H]2CCCN2C1=O,,,-6.0,val
N=C(N)NCCC[C@@H]1NC(=O)[C@H](Cc2c[nH]c3ccccc23)NC(=O)[C@@H](Cc2ccccc2)NC(=O)[C@H](Cc2c[nH]c3ccccc23)NC(=O)CN(CCc2ccccc2)C(=O)[C@H]2CCCN2C1=O,,,-6.0,train
N=C(N)NCCC[C@@H]1NC(=O)[C@H](Cc2c[nH]c3ccccc23)NC(=O)[C@@H](Cc2ccccc2)NC(=O)[C@H](Cc2c[nH]c3ccccc23)NC(=O)CN(Cc2ccccc2)C(=O)[C@H]2CCCN2C1=O,,,-6.0,train
N=C(N)NCCC[C@@H]1NC(=O)[C@H](Cc2c[nH]c3ccccc23)NC(=O)[C@@H](Cc2ccccc2)NC(=O)[C@H](Cc2c[nH]c3ccccc23)NC(=O)[C@@H]2Cc3ccccc3CN2C(=O)[C@H]2CCCN2C1=O,,,-6.0,train
N=C(N)NCCC[C@H](N)C(=O)N[C@@H](Cc1c[nH]c2ccccc12)C(=O)N[C@@H](Cc1ccc(NC(=N)N)cc1)C(=O)NCc1ccccc1,,-6.327902142064283,,train
N=C(N)NCCC[C@H](N)C(=O)N[C@@H](Cc1ccc(NC(=N)N)cc1)C(=O)N[C@@H](Cc1c[nH]c2ccccc12)C(=O)NCc1ccccc1,,-6.42021640338319,,train
N=C(N)NCCC[C@H](NC(=O)[C@@H](N)CCCNC(=N)N)C(=O)N[C@@H](Cc1c[nH]c2ccccc12)C(=O)NCc1ccccc1,,-6.017728766960432,,train
N=C(N)NCCC[C@H](NC(=O)[C@@H](NC(=O)[C@@H](N)CCCNC(=N)N)C(c1ccccc1)c1ccccc1)C(=O)NCc1ccccc1,,-6.376750709602099,,test
N=C(N)NCCC[C@H](NC(=O)[C@@H](NC(=O)[C@@H](N)CCCNC(=N)N)C(c1ccccc1)c1ccccc1)C(N)=O,,-6.080921907623926,,train
N=C(N)NCCC[C@H](NC(=O)[C@H](Cc1c[nH]c2ccccc12)NC(=O)[C@@H](N)CCCNC(=N)N)C(=O)NCc1ccccc1,,-6.113509274827519,,train
N=C(N)NCCC[C@H](NC(=O)[C@H](Cc1ccc(-c2ccccc2)cc1)NC(=O)[C@@H](N)CCCNC(=N)N)C(=O)NCc1ccccc1,,-8.0,,train
N=C(N)NCCC[C@H](NC(=O)[C@H](Cc1ccc(-c2ccccc2)cc1)NC(=O)[C@@H](N)CCCNC(=N)N)C(N)=O,,-8.0,,train
N=C(N)NCCC[C@H](NC(=O)[C@H](Cc1ccccc1)NC(=O)[C@@H](N)CCCNC(=N)N)C(=O)NCc1ccccc1,,-5.636388020107856,,test
N=C(N)NCCC[C@H](NC(=O)c1ccc(-c2cccs2)s1)C(=O)N[C@@H](CCCCN)C(=O)N[C@@H](C(N)=O)c1ccc(OCc2ccc(Cl)c(Cl)c2)cc1,,-6.102372908709559,,train
N=C(N)NOCCNC(=O)Cn1c(Cl)cnc(NCC(F)(F)c2ccccc2)c1=O,-6.301029995663981,,,train
N=C(N)Nc1ccc(C(=O)Oc2cc(CCC(=O)O)cn3ncnc23)cc1,,,-5.950781977329818,train
N=C(N)Nc1ccc(C(=O)Oc2ccc(CC(=O)N(CC(=O)O)CC(=O)O)n3ncnc23)cc1,,,-5.8996294548824375,train
N=C(N)Nc1ccc(C(=O)Oc2ccc(CC(=O)NC(CC(=O)O)(CC(=O)O)CC(=O)O)n3ncnc23)cc1,,,-5.962573502059376,train
N=C(N)Nc1ccc(C(=O)Oc2ccc(CC(=O)NCC(=O)O)n3ncnc23)cc1,,,-5.987162775294828,train
N=C(N)Nc1ccc(C(=O)Oc2ccc(CC(=O)N[C@@H](CC(=O)O)C(=O)O)n3ccnc23)cc1,,,-6.1249387366083,val
N=C(N)Nc1ccc(C(=O)Oc2ccc(CC(=O)N[C@@H](CC(=O)O)C(=O)O)n3ncnc23)cc1,,,-6.251811972993799,train
N=C(N)Nc1ccc(C(=O)Oc2ccc(CC(=O)O)n3ccnc23)cc1,,,-5.8297382846050425,train
N=C(N)Nc1ccc(C(=O)Oc2ccc(CC(=O)O)n3ncnc23)cc1,,,-5.815308569182402,train
N=C(N)Nc1ccc(C(=O)Oc2ccc(Cc3nn[nH]n3)n3ncnc23)cc1,,,-5.838631997765026,train
N=C(N)Nc1ccc(CNC(=O)[C@@H](NC(=O)c2ccc(OC3CCCCC3)cc2)c2ccc(OCc3ccccc3)cc2)cc1,,-6.522878745280337,,train
N=C(N)Nc1ccc(CNC(=O)[C@@H](NC(=O)c2ccc(Oc3ccccc3)cc2)c2ccc(OCc3ccccc3)cc2)cc1,,-6.522878745280337,,train
N=C(N)Nc1ccc(CNC(=O)[C@@H](NC(=O)c2cccc(Oc3ccccc3)c2)c2ccc(OCc3ccccc3)cc2)cc1,,-6.698970004336019,,train
N=C(N)Nc1ccc(C[C@H](NC(=O)[C@H](Cc2ccc(-c3ccccc3)cc2)NC(=O)[C@@H](N)Cc2ccc(NC(=N)N)cc2)C(=O)NCc2ccccc2)cc1,,-6.045757490560675,,train
N=C(N)SCc1c(Br)ccc2c1oc1c(CSC(=N)N)c(Br)ccc12,-6.698970004336019,,,train
N=C(N)SCc1c(Br)ccc2c1sc1c(CSC(=N)N)c(Br)ccc12,-5.3979400086720375,,,train
N=C(N)SCc1c(Cl)ccc2c1oc1c(CSC(=N)N)c(Cl)ccc12,-7.0,,,train
N=C(N)SCc1c(F)ccc2c1oc1c(CSC(=N)N)c(F)ccc12,-5.301029995663981,,,val
N=C(N)SCc1cc(F)cc2c1sc1c(CSC(=N)N)cc(Cl)cc12,-6.301029995663981,,,train
N=C(N)SCc1cc(F)ccc1Oc1cc(Cl)ccc1CSC(=N)N,-6.698970004336019,,,train
N=C(N)SCc1cc(F)ccc1Oc1cc(F)ccc1CSC(=N)N,-7.0,,,train
N=C(N)SCc1cc(F)ccc1Oc1ccc(F)cc1CSC(=N)N,-7.0,,,test
N=C(N)SCc1cc(F)ccc1Sc1cc(F)c(F)cc1CSC(=N)N,-7.0,,,train
N=C(N)SCc1cc(F)ccc1Sc1ccc(C(F)(F)F)cc1CSC(=N)N,-7.0,,,train
N=C(N)SCc1cc(F)ccc1Sc1ccc(F)cc1CSC(=N)N,-6.3979400086720375,,,test
N=C(N)SCc1cc(F)ccc1Sc1ccc([N+](=O)[O-])cc1CSC(=N)N,-7.0,,,val
N=C(N)SCc1cccc2c1-c1c(CSC(=N)N)cccc1-2,-7.0,,,test
N=C(N)SCc1cccc2c1C(=O)c1c(CSC(=N)N)cccc1-2,-6.3979400086720375,,,train
N=C(N)SCc1cccc2c1oc1c(CSC(=N)N)cccc12,-7.0,,,val
N=C(N)SCc1cccc2c1sc1c(CSC(=N)N)c(Br)ccc12,-5.886056647693163,,,train
N=C(N)SCc1cccc2c1sc1c(CSC(=N)N)cccc12,-7.0,,,train
N=C(N)SCc1cccc2cc3cccc(CSC(=N)N)c3nc12,-6.698970004336019,,,train
N=C(N)SCc1ccccc1C(=O)c1cc([N+](=O)[O-])ccc1CSC(=N)N,-7.0,,,train
N=C(N)SCc1ccccc1Oc1ccccc1CSC(=N)N,-7.0,,,train
N=C(N)SCc1ccccc1Sc1cc(F)c(F)cc1CSC(=N)N,-5.886056647693163,,,val
N=C(N)SCc1ccccc1Sc1cc(F)ccc1CSC(=N)N,-6.522878745280337,,,train
N=C(N)SCc1ccccc1Sc1ccc(F)cc1CSC(=N)N,-6.522878745280337,,,val
N=C(N)SCc1ccccc1Sc1ccccc1CSC(=N)N,-7.0,,,train
N=C(NCCCCCCCCNC(N)=O)NCC1CC1,,-5.336545460521326,,val
N=C(Nc1ccc(CCNCc2cccc(Cl)c2)cc1)c1cccs1,-4.563837352959244,,,test
N=S(=O)(c1ccccc1)c1ccc(CNC(=O)c2cc3ccncc3o2)cc1,,,-4.795880017344075,test
N=c1c2c(-c3ccccc3)c(-c3ccccc3)n(CC3CC3)c2ncn1C1CCOCC1,,-3.0,,train
N=c1c2c(-c3ccccc3)c(-c3ccccc3)n(CC3CC3)c2ncn1CC1CCOCC1,,-3.0,,val
N=c1c2c(-c3ccccc3)c(-c3ccccc3)n(CC3CC3)c2ncn1CCCO,,-3.0,,train
N=c1c2c(-c3ccccc3)c(-c3ccccc3)n(CC3CCCCC3)c2ncn1CCCO,,-3.0,,train
N=c1c2c(-c3ccccc3)c(-c3ccccc3)n(CCc3ccccc3)c2ncn1C1CCOCC1,,-3.0,,train
N=c1c2c(-c3ccccc3)c(-c3ccccc3)n(CCc3ccccc3)c2ncn1CC1CCCO1,,-3.0,,train
N=c1c2c(-c3ccccc3)c(-c3ccccc3)n(CCc3ccccc3)c2ncn1CC1CCOC1,,-3.0,,train
N=c1c2c(-c3ccccc3)c(-c3ccccc3)n(CCc3ccccc3)c2ncn1CC1CCOCC1,,-2.9103774484156597,,train
N=c1c2c(-c3ccccc3)c(-c3ccccc3)n(CCc3ccccc3)c2ncn1CCCCO,,-3.0,,val
N=c1c2c(-c3ccccc3)c(-c3ccccc3)n(CCc3ccccc3)c2ncn1CCO,,-3.0,,train
N=c1c2c(-c3ccccc3)c(-c3ccccc3)n(CCc3ccccc3)c2ncn1[C@H]1CC[C@H](O)CC1,,-3.0,,train
N=c1c2c(-c3ccccc3)c(-c3ccccc3)n(Cc3ccc(OC(F)(F)F)cc3)c2ncn1C1CCOCC1,,-3.0,,train
N=c1c2c(-c3ccccc3)c(-c3ccccc3)n(Cc3ccc(OC(F)(F)F)cc3)c2ncn1CCCO,,-3.0,,train
N=c1c2c(-c3ccccc3)c(-c3ccccc3)n(Cc3ccc(OC(F)(F)F)cc3)c2ncn1[C@H]1CC[C@@H](O)CC1,,-2.9041718580693128,,train
N=c1c2c(-c3ccccc3)c(-c3ccccc3)n(Cc3ccc(OC(F)(F)F)cc3)c2ncn1[C@H]1CC[C@H](O)CC1,,-2.9041718580693128,,train
N=c1c2c(-c3ccccc3)c(-c3ccccc3)n(Cc3ccc(S(N)(=O)=O)cc3)c2ncn1C1CCOCC1,,-3.0,,train
N=c1c2c(-c3ccccc3)c(-c3ccccc3)n(Cc3ccc(S(N)(=O)=O)cc3)c2ncn1CC1CCOCC1,,-6.0,,train
N=c1c2c(-c3ccccc3)c(-c3ccccc3)n(Cc3ccc(S(N)(=O)=O)cc3)c2ncn1CCCO,,-6.0,,train
N=c1c2c(-c3ccccc3)c(-c3ccccc3)n(Cc3ccccc3)c2ncn1C1CCC(=O)CC1,,-3.0,,train
N=c1c2c(-c3ccccc3)c(-c3ccccc3)n(Cc3ccccc3)c2ncn1C1CCOCC1,,-3.0,,train
N=c1c2c(-c3ccccc3)c(-c3ccccc3)n(Cc3ccccc3)c2ncn1CC1CCCO1,,-3.0,,train
N=c1c2c(-c3ccccc3)c(-c3ccccc3)n(Cc3ccccc3)c2ncn1CC1CCOC1,,-3.0,,train
N=c1c2c(-c3ccccc3)c(-c3ccccc3)n(Cc3ccccc3)c2ncn1CC1CCOCC1,,-3.0,,train
N=c1c2c(-c3ccccc3)c(-c3ccccc3)n(Cc3ccccc3)c2ncn1CC1COC1,,-5.142667503568732,,train
N=c1c2c(-c3ccccc3)c(-c3ccccc3)n(Cc3ccccc3)c2ncn1CCCCCO,,-3.0,,train
N=c1c2c(-c3ccccc3)c(-c3ccccc3)n(Cc3ccccc3)c2ncn1CCCCO,,-3.0,,train
N=c1c2c(-c3ccccc3)c(-c3ccccc3)n(Cc3ccccc3)c2ncn1CCCN1CCN(c2ccccc2)CC1,,-3.0,,test
N=c1c2c(-c3ccccc3)c(-c3ccccc3)n(Cc3ccccc3)c2ncn1CCCO,,-3.0,,val
N=c1c2c(-c3ccccc3)c(-c3ccccc3)n(Cc3ccccc3)c2ncn1CCN,,-3.783306400830246,,train
N=c1c2c(-c3ccccc3)c(-c3ccccc3)n(Cc3ccccc3)c2ncn1CCNc1ccncc1,,-3.3515424057174776,,train
N=c1c2c(-c3ccccc3)c(-c3ccccc3)n(Cc3ccccc3)c2ncn1CCO,,-3.0,,test
N=c1c2c(-c3ccccc3)c(-c3ccccc3)n(Cc3ccccc3)c2ncn1C[C@@H]1CCCC[C@H]1CO,,-3.0,,train
N=c1c2c(-c3ccccc3)c(-c3ccccc3)n(Cc3ccccc3)c2ncn1C[C@@H]1CCCC[C@H]1O,,-3.0,,train
N=c1c2c(-c3ccccc3)c(-c3ccccc3)n(Cc3ccccc3)c2ncn1[C@@H]1CCCC[C@H]1O,,-3.0,,val
N=c1c2c(-c3ccccc3)c(-c3ccccc3)n(Cc3ccccc3)c2ncn1[C@H](CO)Cc1ccccc1,,-6.0,,train
N=c1c2c(-c3ccccc3)c(-c3ccccc3)n(Cc3ccccc3)c2ncn1[C@H]1CC[C@@H](O)CC1,,-3.0,,train
N=c1c2c(-c3ccccc3)c(-c3ccccc3)n(Cc3ccccc3)c2ncn1[C@H]1CC[C@H](O)CC1,,-3.0,,train
N=c1c2c(-c3ccccc3)cn(Cc3ccccc3)c2ncn1C1CCOCC1,,-2.7622050067260777,,train
N=c1c2c(-c3ccccc3)cn(Cc3ccccc3)c2ncn1CCO,,-2.895888620301032,,test
N=c1c2c(-c3ccccc3)cn(Cc3ccccc3)c2ncn1Cc1ccco1,,-2.7602001815529014,,test
N=c1c2c3c(n(CCc4ccccc4)c2ncn1CCCO)CCCC3,,-3.0539802796648967,,train
N=c1c2c3c(n(CCc4ccccc4)c2ncn1[C@H]1CC[C@H](O)CC1)CCCC3,,-3.6890943706238586,,train
NC(=O)C(=O)N1CC2CC(CN(C(=O)CN3CCC[C@H](NS(=O)(=O)c4ccc5cc(Cl)ccc5c4)C3=O)C2)C1,-7.823908740944319,,,train
NC(=O)C(CCN1CCC(O)(c2ccc(Cl)cc2)CC1)(c1ccccc1)c1ccccc1,,-5.968333320524126,,train
NC(=O)C1CCN(C(=O)c2c[nH]c3ccccc23)CC1,,-8.0,,train
NC(=O)C1CCN(C(=O)c2ccc3cccccc2-3)CC1,,-6.301029995663981,,train
NC(=O)C1CCN(C(=O)c2cccc3ccccc23)CC1,,-6.698970004336019,,train
NC(=O)C1CCN(c2nc(-c3ccccn3)nc3c2CN(Cc2ccccc2)CC3)CC1,,,-6.3979400086720375,val
NC(=O)CCN/C(=N\S(=O)(=O)c1ccc(Cl)cc1)N1CC(c2ccccc2)C(c2ccc(Cl)cc2)=N1,,,-6.055517327849832,train
NC(=O)CCc1c(Cn2c(=O)n(C3CC3)c3ccncc32)nc2cc(Cl)ccn12,,-5.6020599913279625,,train
NC(=O)CN/C(=N\S(=O)(=O)c1ccc(Cl)cc1)N1CC(c2ccccc2)C(c2ccc(Cl)cc2)=N1,,,-5.744727494896694,train
NC(=O)CN1C(=O)C(NC(=O)c2cc3cc(Cl)sc3[nH]2)Cc2ccccc21,-4.920818753952375,,,train
NC(=O)CNC(=O)CN/C(=N\S(=O)(=O)c1ccc(Cl)cc1)N1CC(c2ccccc2)C(c2ccc(Cl)cc2)=N1,,,-5.744727494896694,train
NC(=O)CNC(=O)COc1ccc2cc(Oc3ccccn3)ccc2n1,,,-5.060480747381382,test
NC(=O)C[C@H]1CC[C@H](c2ccc(-c3cncc(C(N)=O)n3)cc2)CC1,-4.886056647693163,,,train
NC(=O)C[C@H]1CC[C@H](c2ccc(N3CCOc4ncnc(N)c4C3=O)cc2)CC1,,,-5.3979400086720375,train
NC(=O)Cc1ccc(Nc2nc(-c3ccccc3)nc3c2S(=O)(=O)CCC3)cc1,,-4.301029995663981,,val
NC(=O)Cc1cccc(-c2cc3c(N[C@H](CO)c4ccccc4)ncnc3[nH]2)c1,-6.638272163982407,,,train
NC(=O)N1CC2CC(C1)CN(C(=O)CN1CCC[C@H](NS(=O)(=O)c3ccc4cc(Cl)ccc4c3)C1=O)C2,-7.823908740944319,,,train
NC(=O)N1CCN(CCCN(C[C@H]2Cc3ccccc3CN2)[C@H]2CCCc3cccnc32)CC1,,-7.173925197299174,,train
NC(=O)N1c2ccccc2C=Cc2ccccc21,-6.280900840794359,-4.907228513189459,,train
NC(=O)NC/C=C/CN(C[C@H]1Cc2ncccc2CN1)[C@H]1CCCc2cccnc21,,-8.698970004336019,,train
NC(=O)NC/C=C\CN(C[C@H]1Cc2ccccc2CN1)[C@H]1CCCc2cccnc21,,-6.958607314841775,,train
NC(=O)NC/C=C\CN(C[C@H]1Cc2ncccc2CN1)[C@H]1CCCc2cccnc21,,-8.698970004336019,,train
NC(=O)NCCCCN(C[C@H]1Cc2ncccc2CN1)[C@H]1CCCc2cccnc21,,-8.698970004336019,,train
NC(=O)[C@@H](Nc1ccc2c(c1)OCCn1cc(N3C(=O)OC[C@H]3C(F)(F)F)nc1-2)C1CC1,,,-5.958607314841775,train
NC(=O)[C@@H](Nc1ccc2c(c1)OCCn1cc(N3C(=O)OC[C@H]3C(F)F)nc1-2)C1CC1,,,-5.494850021680094,train
NC(=O)[C@@H](Nc1ccc2c(c1)OCCn1cc(N3C(=O)OC[C@H]3CF)nc1-2)C1CC1,,,-6.096910013008056,train
NC(=O)[C@@H]1CCCN1c1ccc2c(c1)OCCn1cc(N3C(=O)OC[C@H]3C(F)(F)F)nc1-2,,,-5.494850021680094,train
NC(=O)[C@@H]1CCCN1c1ccc2c(c1)OCCn1cc(N3C(=O)OC[C@H]3C(F)F)nc1-2,,,-5.366531544420414,test
NC(=O)[C@@H]1CCCN1c1ccc2c(c1)OCCn1cc(N3C(=O)OC[C@H]3CF)nc1-2,,,-5.585026652029182,train
NC(=O)[C@@H]1CCCN1c1ccc2c(c1)OCCn1cc(N3CCOC3=O)nc1-2,,,-5.508638306165728,train
NC(=O)[C@@H]1CCCN1c1ccc2c(c1)OCCn1cc(N3CC[C@H](O)C3=O)nc1-2,,,-6.522878745280337,train
NC(=O)[C@@H]1[C@H](c2ccccc2)CCN1C(=O)[C@@H](N)Cc1ccccc1,-5.443697499232713,,,train
NC(=O)[C@H](CCCN=C(N)N)NC(=O)[C@H](Cc1c[nH]c2ccccc12)NC(=O)[C@@H](N)CCCN=C(N)N,,-5.6252516539898965,,train
NC(=O)[C@H](CCc1ccccc1)NC(=O)[C@@H](N)Cc1ccccc1,-6.721246399047171,,,val
NC(=O)[C@H](Cc1cccc(F)c1)NC(=O)[C@@H](N)Cc1ccccc1,-5.823908740944319,,,train
NC(=O)[C@H](Cc1ccccc1)NC(=O)[C@@H](N)Cc1ccccc1,-6.920818753952375,,,train
NC(=O)[C@H](Cc1ccccc1)NC(=O)[C@@H]1NCC[C@@H]1c1ccccc1,-6.119186407719209,,,val
NC(=O)[C@H](Cc1ccccc1)NC(=O)[C@H](Cc1c[nH]c2ccccc12)NC(=O)[C@@H]1CCCN1C(=O)[C@@H](N)Cc1ccc(O)cc1,-6.349692476868063,,,test
NC(=O)[C@H](Cc1ccccc1)NC(=O)[C@H](Cc1c[nH]c2ccccc12)NC(=O)[C@@H]1CCCN1C(=O)[C@H](Cc1ccc(O)cc1)NC(=O)CCC(=O)N[C@@H]1O[C@H](CO)[C@@H](O)[C@H](O)[C@H]1O,-6.263603497723357,,,train
NC(=O)[C@H](Cc1ccccc1)NC(=O)[C@H](Cc1ccccc1)NC(=O)[C@@H]1CCCN1C(=O)[C@@H](N)Cc1ccc(O)cc1,-7.191789027075778,,,train
NC(=O)[C@H](Cc1ccccc1)NC(=O)[C@H]1NCC[C@H]1c1ccccc1,-6.267606240177032,,,train
NC(=O)[C@H]1[C@@H](c2ccccc2)CCN1C(=O)[C@@H](N)Cc1ccccc1,-6.236572006437063,,,train
NC(=O)c1c(-c2ccc(Oc3ccc(Cl)cc3)cc2)nn([C@@H]2CCCN(C(=O)/C=C/CO)C2)c1N,,,-5.259637310505756,train
NC(=O)c1c(-c2ccccc2)[nH]c(-c2ccnc(N)n2)c1I,,-5.119186407719209,,train
NC(=O)c1cc(-c2ccc(F)cc2)cc2c(C3CCS(=O)(=O)CC3)c[nH]c12,,-6.552841968657781,,test
NC(=O)c1cc(-c2ccccc2)cc2c(C3CCN(S(=O)(=O)CCCN4CCCC4)CC3)c[nH]c12,,-6.795880017344075,,val
NC(=O)c1cc(-c2ccccc2)cc2c(C3CCN(S(=O)(=O)CCCN4CCCCC4)CC3)c[nH]c12,,-6.619788758288394,,train
NC(=O)c1cc(-c2ccccc2)cc2c(C3CCN(S(=O)(=O)CCCN4CCCCCC4)CC3)c[nH]c12,,-6.537602002101044,,train
NC(=O)c1cc(-c2ccccc2)cc2c(C3CCN(S(=O)(=O)CCCN4CCOCC4)CC3)c[nH]c12,,-6.497572880015567,,test
NC(=O)c1cc(-c2ccccc2)cc2c(C3CCN(S(=O)(=O)CCCNC4CCCC4)CC3)c[nH]c12,,-6.853871964321762,,test
NC(=O)c1cc(-c2ccccc2)cc2c(C3CCN(S(=O)(=O)CCN4CCOCC4)CC3)c[nH]c12,,-6.508638306165728,,train
NC(=O)c1cc(-c2ccccc2)cc2c(C3CCS(=O)(=O)CC3)c[nH]c12,,-6.557520230935552,,train
NC(=O)c1cc(-c2ccnc(N)n2)[nH]c1-c1ccc2sccc2c1,,-5.070581074285707,,train
NC(=O)c1cc(-c2ccnc(N)n2)[nH]c1-c1ccccc1,,-5.221848749616356,,train
NC(=O)c1cc(-c2ccnc(N)n2)[nH]c1-c1cccs1,,-5.200659450546419,,train
NC(=O)c1cc(-c2ccnc(N)n2)[nH]c1-c1ccsc1,,-4.730487055782084,,train
NC(=O)c1cc(-c2nc(N)ncc2F)[nH]c1-c1ccccc1,,-5.327902142064283,,train
NC(=O)c1cc(Cl)c2c(Cl)c(C#CC3CC3)n(C3CCCNC3)c2n1,-5.522878745280337,,,train
NC(=O)c1cc(Cl)c2c(Cl)c(C3CC3)n(C3CCCNC3)c2n1,-5.721246399047171,,,train
NC(=O)c1cc(Cl)c2c(Cl)c(C3CC3)n([C@@H]3CCCNC3)c2n1,-5.443697499232713,,,train
NC(=O)c1cc(Cl)c2c(Cl)c(C3CC3)n([C@H]3CCCNC3)c2n1,-5.42021640338319,,,train
NC(=O)c1cc(Cl)c2c(Cl)c(I)n(C3CCCNC3)c2n1,-5.585026652029182,,,train
NC(=O)c1cc(N2CCOCC2)ccc1OCCc1cccc(F)c1,,,-4.292429823902063,train
NC(=O)c1cc(S(=O)(=O)N2CCCCC2)sc1NC(=O)c1ccn[nH]1,,,-6.301029995663981,val
NC(=O)c1cc(S(=O)(=O)c2ccc(F)cc2)sc1NC(=O)C1(O)CC1,,,-6.0,train
NC(=O)c1cc(S(=O)(=O)c2ccc(F)cc2)sc1NC(=O)c1ccn[nH]1,,,-6.045757490560675,train
NC(=O)c1cc[n+](C/C=C/C[n+]2cc(Cl)c(/C=N/O)c(Cl)c2)cc1,,-5.655607726314889,,train
NC(=O)c1cc[n+](C/C=C/C[n+]2ccc(/C=N/O)c(Cl)c2)cc1,,-5.585026652029182,,train
NC(=O)c1cc[n+](C/C=C/C[n+]2ccc(/C=N/O)cc2)cc1,,-6.346787486224656,,val
NC(=O)c1cc[n+](CCCC[n+]2cc(Cl)c(/C=N/O)c(Cl)c2)cc1,,-5.853871964321762,,val
NC(=O)c1cc[n+](CCCC[n+]2ccc(/C=N/O)c(Cl)c2)cc1,,-6.0,,train
NC(=O)c1cc[n+](CCCC[n+]2ccc(/C=N/O)cc2)cc1,,-6.468521082957745,,train
NC(=O)c1cc[n+](CCC[n+]2cc(Cl)c(/C=N/O)c(Cl)c2)cc1,,-5.761953896871205,,train
NC(=O)c1cc[n+](CCC[n+]2ccc(/C=N/O)c(Cl)c2)cc1,,-5.853871964321762,,train
NC(=O)c1cc[n+](CCC[n+]2ccc(/C=N/O)cc2)cc1,,-6.481486060122113,,train
NC(=O)c1cc[n+](COC[n+]2ccccc2/C=N/O)cc1,,-6.075720713938119,,train
NC(=O)c1ccc(-c2cc(-c3ccc(Cl)cc3)ccn2)cc1,,,-5.356547323513813,train
NC(=O)c1ccc(-c2ccc(O[C@H]3O[C@H](CO)[C@@H](O)[C@H](O)[C@@H]3O)cc2)cc1,-6.920818753952375,,,train
NC(=O)c1ccc(-c2ccc(Oc3cncc4sc(-c5nn[nH]n5)cc34)cc2)cc1,,,-5.721246399047171,train
NC(=O)c1ccc(-c2cn(-c3ccc(Cl)cc3)cn2)cc1,,,-5.537602002101044,train
NC(=O)c1ccc(-c2cn3c(-c4ccc(O)cc4)cnc3cn2)cc1,,-4.6439741428068775,,train
NC(=O)c1ccc(-c2cnc(N)c(-c3ccc(Cl)cc3)c2)cc1,,,-4.922635896279922,train
NC(=O)c1ccc(-c2cncc(-c3ccc(Cl)cc3)c2)cc1,,,-5.060480747381382,train
NC(=O)c1ccc(-c2cncc(-c3ccc(OC4CC4)cc3)c2)cc1,,,-5.455931955649724,val
NC(=O)c1ccc(C(=O)NC2CC3CCC(C2)N3c2ccc(C(=O)C3CC3)cn2)cc1NCC1CC1,,,-6.298432014944073,val
NC(=O)c1ccc(C(=O)NC2CC3CCC(C2)N3c2ccc(C(=O)NC3CCCC3)cn2)cc1NCC1CC1,,,-7.318758762624412,train
NC(=O)c1ccc(C(=O)NC2CC3CCC(C2)N3c2ccc(C(=O)NCc3ccccc3)cn2)cc1,,,-9.221848749616356,val
NC(=O)c1ccc(C(F)(F)F)cc1,-4.167491087293763,,,train
NC(=O)c1ccc(CNC(=O)[C@@H](NC(=O)c2ccc(Oc3ccccc3)cc2)c2ccc(OCc3ccccc3)cc2)cc1,,-6.214670164989233,,train
NC(=O)c1ccc(Nc2nc(NCC(F)(F)F)c3cc[nH]c3n2)cc1,,-7.443697499232713,,train
NC(=O)c1ccc(Oc2cncc3sc(-c4nnn[nH]4)cc23)cc1,,,-6.154901959985743,train
NC(=O)c1ccc2c(c1)OCCc1cc(-c3ncnn3-c3ccc(F)cc3F)sc1-2,,,-4.886056647693163,train
NC(=O)c1cccc(NC(=O)[C@@H](NC(=O)c2ccc(-c3ccc(Cl)cc3)cc2)c2ccc(OCc3ccccc3)cc2)c1,,-6.154901959985743,,test
NC(=O)c1cccc(NC(=O)[C@@H](NC(=O)c2ccc(-c3ccco3)cc2)c2ccc(OCc3ccccc3)cc2)c1,,-6.346787486224656,,train
NC(=O)c1cccc(NC(=O)[C@@H](NC(=O)c2ccc(C(=O)c3ccccc3)cc2)c2ccc(OCc3ccccc3)cc2)c1,,-5.744727494896694,,test
NC(=O)c1cccc(NC(=O)[C@@H](NC(=O)c2ccc(N3CCOCC3)cc2)c2ccc(OCc3ccccc3)cc2)c1,,-5.769551078621726,,val
NC(=O)c1cccc(NC(=O)[C@@H](NC(=O)c2ccc(Oc3ccc(C(F)(F)F)cc3)cc2)c2ccc(OCc3ccccc3)cc2)c1,,-5.853871964321762,,train
NC(=O)c1cccc(NC(=O)[C@@H](NC(=O)c2ccc(Oc3ccc4c(c3)OCO4)cc2)c2ccc(OCc3ccccc3)cc2)c1,,-6.096910013008056,,train
NC(=O)c1cccc(NC(=O)[C@@H](NC(=O)c2ccc(Oc3ccccc3)cc2)c2ccc(OCc3ccccc3)cc2)c1,,-5.657577319177793,,train
NC(=O)c1cccc(Oc2ccc3c(c2)c(=O)ncn3Cc2c(F)cc(F)cc2F)c1C(F)(F)F,-5.721246399047171,,,val
NC(=O)c1cnc(NC2CCC(F)(F)CC2)nc1N[C@@H]1CCC[C@H](O)C1,-5.020907099361674,,,val
NC(=O)c1cnc(N[C@@H]2CCC[C@H](O)C2)nc1NC12CC(C1)C2,-4.619788758288394,,,train
NC(=O)c1cnc(N[C@H]2CC[C@H](O)CC2)nc1NC12CC(C1)C2,-4.632644078973981,,,train
NC(=O)c1cnc(N[C@H]2CC[C@H](O)CC2)nc1N[C@@H]1CCC[C@H](O)C1,-7.301029995663981,,,test
NC(=O)c1cnc(N[C@H]2CC[C@H](OC(F)F)CC2)nc1N[C@@H]1CCC[C@H](O)C1,-6.040958607678906,,,val
NC(=O)c1cnc(N[C@H]2CC[C@H](OCC(F)(F)F)CC2)nc1N[C@@H]1CCC[C@H](O)C1,-6.050609993355088,,,train
NC(=O)c1cnc2ccc(-c3cccnc3)cc2c1NC1CCOCC1,-4.823908740944319,,,test
NC(=O)c1cncc(-c2ccc([C@H]3CC[C@H](CC(=O)O)CC3)cc2)n1,-4.537602002101044,,,val
NC(=O)c1cncc(-c2ccc([C@H]3CC[C@H](CCO)CC3)cc2)n1,-4.42021640338319,,,test
NC(=O)c1cncc(OCc2cccc(NC(=O)c3ccc(N4CCOCC4)cc3)c2)c1,,,-5.2441251443275085,val
NC(=O)c1cncc(OCc2cccc(NC(=O)c3cccnc3)c2)c1,,,-4.638272163982407,train
NC(=O)c1cncc(OCc2cccc(NC(=O)c3ccncc3)c2)c1,,,-4.795880017344075,train
NC(=O)c1cncc(Oc2cccc3c(NC(=O)c4ccccc4)cccc23)c1,,,-5.42021640338319,train
NC(=O)c1nc(-c2ccc(C(F)(F)F)cc2)oc1N,-4.723538195826756,,,train
NC(=O)c1nc(-c2ccccc2)oc1N,-5.1938200260161125,,,test
NC(=O)c1nn(CC(=O)N2[C@@H]3C[C@@H]3C[C@H]2C(=O)Nc2cccc(Br)n2)c2ccccc12,-4.815308569182402,,,train
NC(=O)c1sc(-c2ccc(F)cc2)cc1N,-4.714442690992226,,,train
NC(=O)c1sc(-c2ccccc2)cc1N,-5.031517051446065,,,train
NC(=O)c1sc(CN2CCOCC2)cc1OCCc1ccccc1,,,-4.2076083105017466,val
NC(=O)c1sc(N2CCOCC2)cc1OCCc1ccc(OC(F)(F)F)cc1,,,-4.6020599913279625,val
NC(=O)c1sc(N2CCOCC2)cc1OCCc1ccccc1,,,-4.346787486224656,train
NC(=O)c1sc2ncccc2c1N,-4.892790030352132,,,train
NC(=O)n1cc(NC(=O)N2CCC[C@H]2C(=O)Nc2cccc(OC(F)(F)F)c2)c2ccccc21,-5.214670164989233,,,train
NC(=O)n1cc(NC(=O)N2C[C@@H](N)C[C@H]2C(=O)Nc2cccc(OC(F)(F)F)c2)c2ccccc21,-5.6777807052660805,,,train
NC(=O)n1cc(NC(=O)N2C[C@@H](O)C[C@H]2C(=O)Nc2cccc(OC(F)(F)F)c2)c2ccccc21,-6.113509274827519,,,test
NC(=O)n1cc(NC(=O)N2C[C@H](F)C[C@H]2C(=O)Nc2cccc(OC(F)(F)F)c2)c2ccccc21,-6.1249387366083,,,train
NC(=O)n1cc(NC(=O)N2[C@@H]3C[C@@H]3C[C@H]2C(=O)Nc2cccc(Br)n2)c2ccccc21,-5.017728766960432,,,train
NC(=O)n1cc(NC(=O)N2[C@@H]3C[C@@H]3C[C@H]2C(=O)Nc2cccc(C(F)(F)F)c2F)c2ccccc21,-5.0,,,train
NC(=O)n1cc(NC(=O)N2[C@@H]3C[C@@H]3C[C@H]2C(=O)Nc2cccc(C(F)(F)F)n2)c2ccccc21,-4.94692155651658,,,train
NC(=O)n1cc(NC(=O)N2[C@@H]3C[C@@H]3C[C@H]2C(=O)Nc2cccc(OC(F)(F)F)c2)c2ccccc21,-5.346787486224656,,,val
NC(=O)n1cc(NC(=O)N2[C@@H]3C[C@@H]3C[C@H]2C(=O)Nc2cccc(OC(F)(F)F)c2F)c2ccccc21,-5.292429823902063,,,train
NC(=S)N/N=C/c1cccc(F)c1,,-4.882066164960358,,train
NC(=S)N/N=C/c1ccccc1F,,-4.985899678480379,,val
NC(N)=Nc1nc(-c2ccc(N3CCN(CC(=O)O)CC3)cc2)c2cc(Cl)ccc2n1,,-7.0,,train
NC(N)=Nc1nc(-c2ccc(N3CCN(CCCC(=O)O)CC3)cc2)c2cc(Cl)ccc2n1,,-6.568636235841013,,train
NC(N)=Nc1nc(-c2ccc(N3CCN(CCO)CC3)cc2)c2cc(Cl)ccc2n1,,-6.522878745280337,,val
NC(N)=Nc1nc(-c2cccc(N3CCN(C(=O)[C@H](O)[C@@H](O)[C@H](O)[C@H](O)CO)CC3)c2)c2cc(Cl)ccc2n1,,-6.366531544420414,,train
NC(N)=Nc1nc(-c2cccc(N3CCN(CCCC(=O)O)CC3)c2)c2cc(Cl)ccc2n1,,-6.3979400086720375,,train
NC(N)=Nc1nc(-c2cccc(N3CCN(CCO)CC3)c2)c2cc(Cl)ccc2n1,,-6.455931955649724,,train
NC(c1ccccc1)c1ccccc1Cn1c(=S)[nH]c(=O)c2[nH]ccc21,-4.7447274948966935,,,train
NC/C=C/CN(C[C@H]1Cc2ccccc2CN1)[C@H]1CCCc2cccnc21,,-6.080921907623926,,train
NC/C=C/CN(C[C@H]1Cc2ncccc2CN1)[C@H]1CCCc2cccnc21,,-7.823908740944319,,train
NC/C=C\CN(C[C@H]1Cc2ccccc2CN1)[C@H]1CCCc2cccnc21,,-6.2441251443275085,,train
NC/C=C\CN(C[C@H]1Cc2ncccc2CN1)[C@H]1CCCc2cccnc21,,-7.167491087293763,,train
NC1=CC(N)=C2C=CC(=O)N=C2C1=O,,-7.022276394711152,,val
NC1=NC(c2ccccc2)(c2ccccc2)C2=NCCCN12,,-6.0,,test
NC1=N[C@@]2(c3cc(NC(=O)c4ccc(F)cn4)ccc3F)CN(c3ncc(F)cn3)C[C@H]2CS1,,,-4.481486060122113,train
NC1=N[C@@]2(c3cc(NC(=O)c4ccc(F)cn4)ccc3F)COC[C@H]2CS1,,,-4.259637310505756,train
NC1=N[C@@]2(c3cc(NC(=O)c4ncc(F)cc4F)ccc3F)CN(c3ncc(F)cn3)C[C@H]2CS1,,,-4.522878745280337,train
NC1=N[C@@]2(c3cccs3)CN(c3ncc(F)cn3)C[C@H]2CS1,,,-4.221848749616356,train
NC1=N[C@@]2(c3cccs3)CN(c3ncccn3)C[C@H]2CS1,,,-4.229147988357856,train
NC1=N[C@@]2(c3ccns3)CN(c3ncc(F)cn3)C[C@H]2CS1,,,-4.229147988357856,train
NC1=N[C@@]2(c3cnccn3)CN(c3ncc(F)cn3)C[C@H]2CS1,,,-4.267606240177032,val
NC1CCC(C(=O)NCCCn2c(=O)c3cc(F)ccc3n3c(=S)[nH]nc23)CC1,,-5.795880017344075,,val
NC1CCC(NC(=O)CCCCCc2ccccc2)CC1,,-8.01592296609717,,train
NC1CCN(c2ccc3c(=O)c4cccc(F)c4oc3c2)C1,,-6.102372908709559,,train
NCC(=O)N1CCn2c(nc(-c3ccc(F)cc3)c2Nc2ccc(Cl)c(F)c2)C1,-6.1249387366083,,,test
NCC(=O)N1CCn2c(nc(-c3ccc(F)cc3)c2Nc2ccc(Cl)cc2)C1,-6.356547323513813,,,train
NCC(=O)N1CCn2c(nc(-c3ccc(F)cc3)c2Nc2ccc(F)c(F)c2)C1,-6.00436480540245,,,train
NCC(=O)N1CCn2c(nc(-c3ccc(F)cc3)c2Nc2ccc(F)cc2)C1,-6.154901959985743,,,train
NCC(=O)N1CCn2c(nc(-c3cccc(F)c3)c2Nc2ccc(F)cc2)C1,-6.251811972993799,,,train
NCC(NC(=O)c1ccc(-c2cc(F)c(Cl)c(F)c2)[nH]1)c1ncc(CO)s1,-5.931814138253839,,,train
NCC(O)CNC(=O)/C=N/O,,-6.091514981121351,,train
NCC1(O)CN(C(=O)c2ccc(F)c(F)c2Nc2ccc(I)cc2F)C1,,,-7.366531544420414,test
NCC1(c2cccc(-c3ccnc4[nH]nc(C(F)(F)F)c34)c2)COC1,-4.721246399047171,,,train
NCC1CC1CN(C[C@H]1Cc2ccccc2CN1)[C@H]1CCCc2cccnc21,,-6.886056647693163,,test
NCC1CCC(CNc2nc(NCc3ccccc3Cl)ncc2[N+](=O)[O-])CC1,-5.3979400086720375,,,test
NCCCCCC(=O)NCCCn1c(=O)c2cc(F)ccc2n2c(=S)[nH]nc12,,-5.455931955649724,,train
NCCCCCCCCCNc1c2c(nc3cc(Cl)ccc13)CCCC2,,-5.236572006437063,,train
NCCCCCCCCCNc1c2c(nc3ccccc13)CCCC2,,-5.161150909262744,,train
NCCCCCCCNc1c2c(nc3ccccc13)CCCC2,,-5.130768280269024,,val
NCCCCN(C[C@@H]1Cc2cccnc2CN1)[C@H]1CCCc2cccnc21,,-7.113509274827519,,train
NCCCCN(C[C@@H]1Cc2ncccc2CN1)[C@H]1CCCc2cccnc21,,-8.154901959985743,,train
NCCCCN(C[C@@H]1Cc2nccnc2CN1)[C@H]1CCCc2cccnc21,,-8.698970004336019,,train
NCCCCN(C[C@H]1Cc2cccnc2CN1)[C@H]1CCCc2cccnc21,,-8.221848749616356,,val
NCCCCN(C[C@H]1Cc2ncccc2CN1)[C@H]1CCCc2cccnc21,,-7.853871964321762,,test
NCCCCN(C[C@H]1Cc2nccnc2CN1)[C@H]1CCCc2cccnc21,,-8.698970004336019,,train
NCCCCN(Cc1nc2ccccc2[nH]1)[C@H]1CCCc2cccnc21,,-7.0655015487564325,,test
NCCCC[C@@H](CC(=O)N[C@H](CC(=O)O)Cc1ccccc1)NC(=O)C[C@@H](N)CO,-7.431798275933005,,,train
NCCCC[C@H](N)CC(=O)N[C@H](CC(=O)O)Cc1ccccc1,-7.142667503568732,,,train
NCCCC[C@H](NC(=O)[C@H](Cc1ccc(-c2ccccc2)cc1)NC(=O)[C@@H](N)CCCCN)C(=O)NCc1ccccc1,,-6.585026652029182,,test
NCCCC[C@H](NC(=O)[C@H](Cc1ccc(-c2ccccc2)cc1)NC(=O)[C@@H](N)CCCCN)C(N)=O,,-7.221848749616356,,val
NCCCn1c(=O)c2cc(F)ccc2n2c(=S)[nH]nc12,,-5.387345359137068,,train
NCCCn1c(=O)c2cccc(F)c2n2c(=S)[nH]nc12,,-5.376750709602099,,train
NCCN(Cc1ccccc1)CC(O)c1cc(C(F)(F)F)nc2c(C(F)(F)F)cccc12,,,-5.042871802323187,train
NCCNC(=O)/C=N/O,,-5.853871964321762,,train
NCCNCC(O)c1cc(C(F)(F)F)nc2c(C(F)(F)F)cccc12,,,-5.508638306165728,train
NCCNc1cc(N2CCCc3ccccc3C2)nc2ccccc12,,-6.00436480540245,,train
NCCNc1nonc1/C(=N/O)Nc1ccc(F)c(Br)c1,-5.744727494896694,,,test
NCCOCCOCC(=O)N1CCN(C(=O)c2cc(Cc3n[nH]c(=O)c4ccccc34)ccc2F)CC1,,-8.924453038607469,,train
NCCOCCOCC(=O)NCc1cccc(C(=O)N2CCC(CCCCNC(=O)/C=C/c3cccnc3)CC2)c1,,-7.795880017344075,,train
NCCOCCOCCOCCC(=O)NCCCn1c(=O)c2cc(F)ccc2n2c(=S)[nH]nc12,,-5.055517327849832,,train
NCCOCCOCCOCCOCCN1CCN(C(c2ccccc2)c2ccc(Cl)cc2)CC1,,-3.166151950468852,,train
NCCOc1ccc(Cl)cc1C(=O)Nc1ccc([N+](=O)[O-])cc1Cl,,-2.99012436628784,,val
NCCS(=O)(=O)N1CCC(c2c[nH]c3c(C(N)=O)cc(-c4ccccc4)cc23)CC1,,-8.522878745280337,,train
NCCc1c[nH]c2ccc(C(N)=O)cc12,,-5.450996737974212,,train
NCCc1ccc(O)c(O)c1,,-6.643400869902822,,train
NCCn1c(=O)c2cc(F)ccc2n2c(=S)[nH]nc12,,-5.086186147616283,,val
NC[C@@H](NC(=O)C[C@H]1CNC(=O)c2cc(-c3cccc(F)c3)cn21)C1CCCCC1,-6.096910013008056,,,train
NC[C@@H](NC(=O)C[C@H]1CNC(=O)c2cc(-c3cccc(F)c3)cn21)c1ccccc1,-6.221848749616356,,,train
NC[C@@H](NC(=O)C[C@H]1CNC(=O)c2cc(-c3ccnc(F)c3)cn21)c1ccccc1,-6.045757490560675,,,train
NC[C@@H]1C[C@@]1(C(=O)N1Cc2ccccc2C1)c1cccs1,-7.075720713938118,,,train
NC[C@H](NC(=O)c1ccc(-c2cc(F)c(Cl)c(F)c2)[nH]1)c1nc(CO)cs1,-6.326979092871104,,,train
NC[C@H](NC(=O)c1ccc(-c2ccc(C(F)(F)F)c(F)c2)[nH]1)c1nc(CO)cs1,-6.220403508742176,,,train
NC[C@H]1CC[C@H](C(=O)N[C@@H](Cc2ccccc2)c2nc(-c3ccc4c(N)n[nH]c4c3)c(Cl)[nH]2)CC1,,-9.522878745280336,,train
NC[C@H]1C[C@@H]1c1cc(Cl)ccc1OCCF,-4.449771646944906,,,test
NC[C@]1(c2cccc(Cl)c2)CC[C@H](N2CCc3c(nc(C(F)(F)F)nc3C3CC3)C2=O)CC1,-5.356547323513813,,,test
NC[C@]1(c2cccc(Cl)c2)CC[C@H](N2CCn3c(nnc3C(F)(F)F)C2=O)CC1,-5.795880017344075,,,train
NC[C@]1(c2cccc(Cl)c2)CC[C@H](n2nc(-c3cccnc3)ccc2=O)CC1,-5.0655015487564325,,,val
NCc1cc(Cl)ccc1Cn1c(=S)[nH]c(=O)c2[nH]ccc21,-5.221848749616356,,,train
NCc1ccc(-c2nc3c(oc4ccc(Br)cc43)c(=O)[nH]2)c(Cl)c1,,,-7.031517051446065,train
NCc1ccc(-c2nc3cc(Cl)ccc3c3c2CCCN3)cc1,,-5.3979400086720375,,train
NCc1ccc(-c2nc3ccc(Cl)cc3c3c2CCCCN3)cc1,,-4.935542010773082,,train
NCc1ccc(-c2nc3ccc(Cl)cc3c3c2CCCN3)cc1,,-5.337242168318426,,val
NCc1ccc(-c2nc3ccc(Cl)cc3c3c2CCCN3Cc2ccccc2)cc1,,-5.130768280269024,,val
NCc1ccc(-c2nc3ccc(Cl)cc3c3c2CCCO3)cc1,,-4.809668301829708,,test
NCc1ccc(-c2nc3ccc(Cl)cc3c3c2CCN3)cc1,,-5.130768280269024,,train
NCc1ccc(CN(C[C@H]2Cc3ncccc3CN2)[C@H]2CCCc3cccnc32)cc1,,-7.161150909262744,,train
NCc1cccc(C(=O)N2CCC(CCCCNC(=O)/C=C/c3cccnc3)CC2)c1,,-7.036212172654444,,train
NS(=O)(=O)CCCC(=O)NCCCn1c(=O)c2cc(F)ccc2n2c(=S)[nH]nc12,,-5.522878745280337,,test
NS(=O)(=O)CCc1ccccc1,,-5.671620396561262,,train
NS(=O)(=O)NCCNc1nonc1/C(=N/O)Nc1ccc(F)c(Br)c1,-5.453289157418883,,,train
NS(=O)(=O)NCCNc1nonc1/C(=N/O)Nc1ccc(F)c(Cl)c1,-5.366531544420414,,,train
NS(=O)(=O)OC[C@H]1C[C@@H](Nc2ncncc2C(=O)c2ccn(Cc3cccc(Br)c3)n2)C[C@@H]1O,-5.920818753952375,,,test
NS(=O)(=O)[C@@H]1O[C@H](CO)[C@@H](O)[C@H](O)[C@H]1O,,-6.3979400086720375,,train
NS(=O)(=O)[C@@H]1O[C@H](CO)[C@@H](O[C@H]2O[C@H](CO)[C@@H](O)[C@H](O)[C@H]2O)[C@H](O)[C@H]1O,,-6.301029995663981,,train
NS(=O)(=O)c1cc(C(=O)O)c(NCc2ccco2)cc1Cl,-6.154901959985743,-7.8550541008457975,,train
NS(=O)(=O)c1cc(NC(=O)Cc2cc(F)ccc2Cl)ccc1OCC1CCOCC1,-7.366531544420414,,,train
NS(=O)(=O)c1cc(NC(=O)Cc2ccccc2)ccc1Oc1cccc(Cl)c1,-6.87942606879415,,,test
NS(=O)(=O)c1cc(NC(=O)Cc2ccccc2Cl)ccc1OCC1CCOCC1,-7.275724130399211,,,train
NS(=O)(=O)c1cc2c(cc1Cl)N=CNS2(=O)=O,,-6.662950879741401,,train
NS(=O)(=O)c1cc2c(cc1Cl)NCNS2(=O)=O,,-9.221848749616356,,train
NS(=O)(=O)c1ccc(-c2cnn3cc(-c4ccc(C5CCNCC5)cc4)cnc23)c2ccccc12,,-4.104577453960593,,train
NS(=O)(=O)c1ccc(-c2cnn3cc(-c4ccc(CN5CCCC5)cc4)cnc23)c2ccccc12,,-3.330683119433888,,val
NS(=O)(=O)c1ccc(-c2cnn3cc(-c4ccc(N5CCNCC5)nc4)cnc23)c2ccccc12,,-5.080921907623926,,test
NS(=O)(=O)c1ccc(-c2cnn3cc(-c4ccc(OCCN5CCCC5)cc4)cnc23)c2ccccc12,,-3.4989407377822483,,train
NS(=O)(=O)c1ccc(-c2cnn3cc(-c4ccc(OCCN5CCCCC5)cc4)cnc23)c2ccccc12,,-3.3174037085394468,,train
NS(=O)(=O)c1ccc(-c2cnn3cc(-c4ccc(OCCN5CCCCC5)nc4)cnc23)c2ccccc12,,-3.438064236686219,,train
NS(=O)(=O)c1ccc(C(=O)N2CCOc3ccc(-c4ccc5nc[nH]c5c4)cc3C2)cc1,,,-7.376750709602099,train
NS(=O)(=O)c1ccc(C(F)(F)F)cc1,-4.080921907623926,,,train
NS(=O)(=O)c1ccc(CNc2ccnc(Nc3cccc(CN4CCOCC4)c3)n2)cc1,,-6.341035157335565,,test
NS(=O)(=O)c1ccc(CNc2nc(Nc3cccc(CN4CCOCC4)c3)ncc2C2CC2)cc1,,-6.149353764816934,,train
NS(=O)(=O)c1ccc(CNc2nc(Nc3cccc(NC(=O)N4CCCC4)c3)ncc2C2CC2)cc1,,-5.585026652029182,,train
NS(=O)(=O)c1ccc(Cc2c(-c3ccc(F)c(C(=O)N4CCCC4)c3)nn(-c3nc(C(=O)O)cs3)c2CC2CC2)cc1F,,-5.2441251443275085,,train
NS(=O)(=O)c1ccc(Cc2c(-c3ccc(F)c(C(=O)NCc4ccccc4)c3)nn(-c3nc(C(=O)O)cs3)c2CC2CC2)cc1F,,-5.060480747381382,,train
NS(=O)(=O)c1ccc(Cc2c(-c3ccc(F)c(NC(=O)c4ccccc4)c3)nn(-c3nc(C(=O)O)cs3)c2CC2CC2)cc1F,,-5.1938200260161125,,train
NS(=O)(=O)c1ccc(Cc2c(-c3ccc(F)c(OC4CC4)c3)nn(-c3nc(C(=O)O)cs3)c2CC2CC2)cc1F,,-5.236572006437063,,train
NS(=O)(=O)c1ccc(Cc2c(-c3ccc(F)c(OCC4CC4(F)F)c3)nn(-c3nc(C(=O)O)cs3)c2CC2CC2)cc1F,,-5.309803919971486,,train
NS(=O)(=O)c1ccc(Cc2c(-c3ccc(F)c(OCc4ccc(C(F)(F)F)o4)c3)nn(-c3nc(C(=O)O)cs3)c2CC2CC2)cc1F,,-4.920818753952375,,train
NS(=O)(=O)c1ccc(Cc2c(-c3ccc(F)c(OCc4cccc(F)c4)c3)nn(-c3nc(C(=O)O)cs3)c2CC2CC2)cc1F,,-5.537602002101044,,train
NS(=O)(=O)c1ccc(Cc2c(-c3cccc(N4CCOCC4)c3)nn(-c3nc(C(=O)O)cs3)c2CC2CC2)cc1F,,-5.795880017344075,,train
NS(=O)(=O)c1ccc(Cc2c(-c3cccc(Nc4ccccc4)c3)nn(-c3nc(C(=O)O)cs3)c2CC2CC2)cc1,,-5.356547323513813,,train
NS(=O)(=O)c1ccc(Cc2c(-c3cccc(OCc4ccccc4)c3)nn(-c3nc(C(=O)O)cs3)c2CC2CC2)cc1F,,-5.958607314841775,,test
NS(=O)(=O)c1ccc(NC(=O)c2cc(Cl)ccc2O)cc1,,-6.0,,train
NS(=O)(=O)c1ccc(Nc2ncc3c(n2)-c2ccc(NC(=O)Cc4ccccc4)cc2CC3)cc1,,-5.4723700991286615,,val
NS(=O)(=O)c1ccc(Nc2ncc3c(n2)-c2ccc(NC(=O)Cc4cccs4)cc2CC3)cc1,,-6.292429823902063,,train
NS(=O)(=O)c1ccc(Nc2ncc3c(n2)-c2ccccc2CC3)cc1,,-5.534617148551582,,train
NS(=O)(=O)c1ccc(Nc2ncc3c(n2)-c2ccsc2CC3)cc1,-4.46916022138348,-6.42021640338319,,train
NS(=O)(=O)c1ccc(Nc2nccc(-c3ccc(NC(=O)Cc4ccccc4)cc3)n2)cc1,,-8.0,,train
NS(=O)(=O)c1ccc(Nc2nccc(-c3ccc(NC(=O)Cc4cccs4)cc3)n2)cc1,,-6.522878745280337,,train
NS(=O)(=O)c1ccc(Nc2nccc(-c3ccccc3)n2)cc1,,-5.645891560852599,,train
NS(=O)(=O)c1ccc(Nc2nccc(-c3ccsc3)n2)cc1,-4.275069085807602,-6.301029995663981,,train
NS(=O)(=O)c1cccc(-c2n[nH]c3ccc(NC(=O)C(c4ccsc4)N4CCCC4)cc23)c1,,-5.376750709602099,,train
NS(=O)(=O)c1cccc(CN(c2ccc3[nH]ccc3c2)C2CCNCC2)c1,-6.154901959985743,,,train
NS(=O)(=O)c1nnc(NC(=O)CCC2CCCCC2)s1,-5.187086643357144,,,test
NS(=O)(=O)c1nnc(NC(=O)CN2CCOCC2)s1,-6.769551078621726,,,train
N[C@@H](CC(=O)N1CCC[C@H]1CNC(=O)C1(C(F)(F)F)CC1)Cc1cc(F)c(F)cc1F,-5.2441251443275085,,,train
N[C@@H](CC(=O)N1CCC[C@H]1CNC(=O)C1CC1)Cc1cc(F)c(F)cc1F,-6.259637310505756,,,train
N[C@@H](CC(=O)N1CCC[C@H]1CNS(=O)(=O)C(F)(F)F)Cc1cc(F)c(F)cc1F,-5.036212172654444,,,train
N[C@@H](CC(=O)N1CCC[C@H]1CNS(=O)(=O)C1CC1)Cc1cc(F)c(F)cc1F,-6.568636235841013,,,val
N[C@@H](CC(=O)N1CCC[C@H]1c1nc(-c2ncc(F)cc2F)no1)Cc1cc(F)c(F)cc1F,-5.522878745280337,,,val
N[C@@H](CC(=O)N1CCC[C@H]1c1nc(C2CC2)no1)Cc1cc(F)c(F)cc1F,-4.6777807052660805,,,train
N[C@@H](CC(=O)N1CCC[C@H]1c1noc(C2(C(F)(F)F)CC2)n1)Cc1cc(F)c(F)cc1F,-4.638272163982407,,,test
N[C@@H](CC(=O)N1CCn2c(nnc2C(F)(F)F)C1)Cc1cc(F)c(F)cc1F,-8.602059991327963,,,train
N[C@@H](CC(=O)NC1(c2nc3ccc(OCC(=O)NCCS(=O)(=O)O)cc3s2)CCS(=O)(=O)CC1)Cc1cc(F)c(F)cc1F,-9.397940008672036,,,train
N[C@@H](CC(=O)NC1(c2nc3ccc(OCC(=O)NC[C@H](O)[C@@H](O)[C@@H](O)[C@H](O)CO)cc3s2)CCS(=O)(=O)CC1)Cc1cc(F)c(F)cc1F,-9.69897000433602,,,train
N[C@@H](CC(=O)NC1(c2nc3ccc(OCCCCCC(=O)NCCS(=O)(=O)O)cc3s2)CCS(=O)(=O)CC1)Cc1cc(F)c(F)cc1F,-10.69897000433602,,,train
N[C@@H](CC(=O)NC1(c2nc3ccc(OCCCCCC(=O)NC[C@H](O)[C@@H](O)[C@@H](O)[C@H](O)CO)cc3s2)CCS(=O)(=O)CC1)Cc1cc(F)c(F)cc1F,-9.69897000433602,,,train
N[C@@H](CCC(=O)O)C(=O)NCCCn1c(=O)c2cc(F)ccc2n2c(=S)[nH]nc12,,-4.696803942579511,,train
N[C@@H](CCC(=O)O)C(=O)NCCOCCOCCOCCOCCC(=O)NCCCn1c(=O)c2cc(F)ccc2n2c(=S)[nH]nc12,,-4.872895201635193,,train
N[C@@H](Cc1ccc(-c2ccc(F)cc2)cc1)C(=O)N1CCSC1,-4.774432286560529,,,train
N[C@@H](Cc1ccc(-c2ccccc2)cc1)C(=O)N1CCSC1,-5.341035157335565,,,train
N[C@@H](Cc1ccc(O)cc1)C(=O)N[C@@H]1CSCc2ccccc2CSC[C@@H](NC(=O)[C@@H](N)Cc2ccc(O)cc2)C(=O)NCC(=O)N[C@@H](Cc2ccc(F)cc2)C(=O)NNC(=O)[C@H](Cc2ccc(F)cc2)NC(=O)CNC1=O,,-7.666149854897455,,train
N[C@@H]1CCCC12CCN(c1nc3[nH]nc(-c4cccc(Cl)c4Cl)c3c(=O)[nH]1)CC2,,,-6.568636235841013,train
N[C@@H]1CCN(Cc2nc3c(oc4ccc(Br)cc43)c(=O)[nH]2)C1,,,-8.045757490560675,train
N[C@@H]1CCN(c2cnc3nnn(Cc4ccc5ncccc5c4)c3n2)C1,-4.774690718274138,,,train
N[C@H]1CCN(Cc2nc3c(oc4ccc(Br)cc43)c(=O)[nH]2)C1,,,-8.0,train
N[C@H]1CC[C@H](CN(C[C@H]2Cc3ccccc3CN2)[C@H]2CCCc3cccnc32)CC1,,-7.920818753952375,,train
N[C@H]1CC[C@H](CNc2nccc(Nc3cc(C4CC4)[nH]n3)n2)CC1,,,-6.301029995663981,train
N[C@H]1CC[C@H](N(C[C@H]2Cc3ccccc3CN2)[C@H]2CCCc3cccnc32)CC1,,-7.431798275933005,,train
N[C@H]1CC[C@H](NS(=O)(=O)c2ccc(NC(=O)NCc3cccnc3)cc2)CC1,,,-6.698970004336019,test
N[C@H]1CC[C@H](Nc2ccc3ncc(-c4cnn(-c5ccc(F)cc5)c4)n3n2)CC1,,-7.366531544420414,,train
N[C@H]1CC[C@H](n2cnc3cnc4[nH]ccc4c32)CC1,,,-6.698970004336019,train
N[C@H]1CN(c2cc(N3CCC(F)(F)C3)ncn2)C[C@@H]1N1CC(F)(F)CCC1=O,,,-5.468521082957745,train
N[C@H]1CN(c2cc(N3CCC(F)(F)C3)ncn2)C[C@@H]1N1CCCCC1=O,,,-5.744727494896694,test
N[C@H]1CN(c2ncnc(-c3ccccc3)n2)C[C@@H]1N1CCCCC1=O,,,-4.447331783887807,val
N[C@H]1CN(c2ncnc(N3CCC(F)(F)C3)n2)C[C@@H]1N1CC(F)(F)CCC1=O,,,-5.301029995663981,val
N[C@H]1CN(c2ncnc(N3CCC(F)(F)C3)n2)C[C@@H]1N1CCCCC1=O,,,-5.42021640338319,train
Nc1[nH]ncc1-c1cc(Cl)ccc1Oc1cc(F)c(S(=O)(=O)Nc2cscn2)cc1Cl,,,-5.42021640338319,train
Nc1c(C(=O)N[C@@H]2CCCc3c(OCc4ccccc4)cccc32)[nH]c(=O)[nH]c1=O,,-6.147520006363144,,val
Nc1c(C(=O)N[C@@H]2CC[C@H](c3ccccc3)c3ccccc32)[nH]c(=O)[nH]c1=O,,-6.492144128304169,,train
Nc1c(C(=O)N[C@@H]2CCc3cc(OCc4ccccc4)ccc32)[nH]c(=O)[nH]c1=O,,-6.114638779968488,,train
Nc1c(C(=O)O)cnn1-c1ccc(CC(C(=O)c2ccc(Cl)cc2)c2ccc(F)c(F)c2)cc1,,-7.823908740944319,,train
Nc1c(C(=O)O)cnn1-c1ccc(CC(c2ccc(F)cc2)c2nc(-c3ccc(Cl)cc3)no2)cc1,,-7.040958607678906,,train
Nc1c(C(=O)O)cnn1-c1ccc(CN(Cc2ccc(Cl)cc2)Cc2ccc(F)c(F)c2)cc1,,-6.302770657240282,,train
Nc1c(C(=O)O)cnn1-c1ccc(CN(Cc2ccc(F)cc2)Cc2ccc(Cl)cc2)cc1,,-6.97469413473523,,train
Nc1c(C(=O)O)cnn1-c1ccc(CN(Cc2ccc(F)cc2)Cc2ccc(F)c(F)c2)cc1,,-6.55455148573395,,train
Nc1c(Cc2cccc3ccccc23)c(C2CC2)c2n(c1=O)C(n1cc(-c3ccccc3)nn1)CS2,-6.481486060122113,,,train
Nc1c2c(nc3c1C(c1ccc(Cl)c(Cl)c1)c1ccc4ccccc4c1O3)CCCC2,,-4.910094888560602,,train
Nc1c2c(nc3c1C(c1ccc([N+](=O)[O-])cc1)c1ccc4ccccc4c1O3)CCCC2,,-4.79317412396815,,train
Nc1c2c(nc3cccc(N4CCN(CCCCc5c[nH]c6ccc(Br)cc56)CC4)c13)CCCC2,,-5.515700160653214,,train
Nc1c2c(nc3cccc(N4CCN(CCCCc5c[nH]c6ccc(Cl)cc56)CC4)c13)CCCC2,,-5.562249437179612,,train
Nc1c2c(nc3cccc(N4CCN(CCCCc5c[nH]c6ccc(F)cc56)CC4)c13)CCCC2,,-5.424812155072339,,test
Nc1c2c(nc3cccc(N4CCN(CCCCc5c[nH]c6ccccc56)CC4)c13)CCCC2,,-5.453457336521869,,train
Nc1c2c(nc3ccccc13)CCCC2,,-5.261373912852895,,train
Nc1cc(-c2ccco2)c2oc(-c3ccco3)nc2c1,-4.113509274827518,,,train
Nc1cc(-c2ccncc2)c[nH]c1=O,-5.1249387366083,,,train
Nc1cc(=O)oc2cc(OCCN3CCN(CCCNc4c5c(nc6ccccc46)CCCC5)CC3)ccc12,,-6.10790539730952,,train
Nc1cc(C(=O)O)ccc1CN1CCC[C@H](O[C@H](CO)c2cc(Cl)cc(Cl)c2)[C@@H]1c1ccccc1,,,-4.6777807052660805,train
Nc1cc(C(CCNC23CCC(c4ccccc4)(CC2)OC3)c2ccccc2)c2nn[nH]c2n1,,-6.982966660701219,,test
Nc1cc(C2CCCN(C(=O)c3cc(C(F)(F)F)no3)C2)[nH]n1,,-5.424812155072339,,val
Nc1cc(C2CCCN(C(=O)c3ccccc3)C2)[nH]n1,,-5.847711655616943,,train
Nc1cc(Cc2ccccc2)c2nn[nH]c2n1,,-6.504455662453552,,train
Nc1cc(Nc2cc(Cl)c3n(c2=O)C2(CCCC2)NC3=O)ncn1,-5.920818753952375,,,train
Nc1cc(Nc2cc(Cl)c3n(c2=O)C2(CCCCC2)NC3=O)ncn1,-5.376750709602099,,,train
Nc1cc([C@H](CCCN2CCC(c3ccccc3)CC2)c2ccccc2)c2nn[nH]c2n1,,-7.886056647693163,,train
Nc1cc([C@H](CCCc2ccccc2)c2ccccc2)c2nn[nH]c2n1,,-5.903089986991944,,test
Nc1cc([C@H](CCN(CCF)C23CCC(c4ccccc4)(CC2)CC3)c2ccccc2)c2nn[nH]c2n1,,-6.663540266151471,,train
Nc1cc([C@H](CCNC23CCC(c4ccccc4)(CC2)CC3)c2ccccc2)c2nn[nH]c2n1,,-7.769551078621726,,val
Nc1cc([C@H](CCNCc2ccccc2)c2ccccc2)c2nn[nH]c2n1,,-7.366531544420414,,train
Nc1cc([C@H](CCNCc2ccccc2C(F)(F)F)c2ccccc2)c2nn[nH]c2n1,,-6.6252516539898965,,test
Nc1cc([C@H](CCN[C@@H]2CC[C@@H](c3ccccc3)C2)c2ccccc2)c2nn[nH]c2n1,,-7.619788758288394,,train
Nc1cc([C@H](CCN[C@@H]2CC[C@@H](c3ccccc3)OC2)c2ccccc2)c2nn[nH]c2n1,,-7.431798275933005,,val
Nc1cc([C@H](CCN[C@H]2CCc3ccccc32)c2ccccc2)c2nn[nH]c2n1,,-7.187086643357144,,test
Nc1cc([C@H](CCOCc2ccccc2)c2ccccc2)c2nn[nH]c2n1,,-6.136677139879544,,train
Nc1cc([C@H](Cc2ccccc2)c2ccccc2)c2nn[nH]c2n1,,-6.188424994129407,,val
Nc1ccc(-c2cccc(Oc3ccc4c(c3)c(=O)ncn4Cc3c(F)cc(F)cc3F)c2C(F)(F)F)cn1,-5.3872161432802645,,,train
Nc1ccc(-c2ccccc2F)nc1C(=O)Nc1cnccc1N1CCC[C@H](N)C1,,,-6.301029995663981,train
Nc1ccc(-c2cnc(N)c(-c3ccc(Cl)cc3)c2)cn1,,,-5.0972495709208,train
Nc1ccc(-c2cnc(NC(=O)CN(Cc3ccccc3)C(=O)c3ccncc3)s2)cc1,-4.94692155651658,,,train
Nc1ccc(-c2cnc(NC(=O)CN(Cc3ccccc3)C(=O)c3ccncc3)s2)cn1,-5.638272163982407,,,train
Nc1ccc(CNC(=O)Nc2ccc(S(=O)(=O)c3ccccc3)cc2)cn1,,,-5.530240373690691,train
Nc1ccc(Cl)cc1,,-4.379343520180379,,train
Nc1ccc(Cl)cc1C(=O)Nc1ccc([N+](=O)[O-])cc1Cl,,-3.173277479831008,,train
Nc1ccc(NC(=O)c2cc(Cl)ccc2O)c(Cl)c1,,-3.8181564120552274,,train
Nc1ccc(S(=O)(=O)N2CCN(C(=O)c3cc(O)c(O)c(O)c3)C(C(=O)NCc3ccco3)C2)cc1,-6.698970004336019,,,train
Nc1ccc(S(=O)(=O)c2ccc(CNC(=O)N3Cc4ccncc4C3)cc2)cn1,,,-6.301029995663981,train
Nc1ccc([N+](=O)[O-])cc1,,-4.682145510668531,,train
Nc1ccc2c(=O)n(C(c3ccccc3)c3ccccc3)c(=O)n(C/C=C/COc3ccc(C(=O)O)cc3)c2c1,,-6.3979400086720375,,train
Nc1ccc2ccc(CCNCCc3cccc(Cl)c3)cc2n1,-4.603076012793906,,,train
Nc1ccc2ccc(CCNCCc3cccc(F)c3)cc2n1,-4.772113295386327,,,train
Nc1cccc(C(OCCN2CCCCC2)c2cc3nccc(C(=O)O)c3s2)c1,,-4.278189384787454,,train
Nc1cccc(Cl)c1,,-4.435452288244052,,train
Nc1cccc(Cl)c1C(=O)Nc1ccc([N+](=O)[O-])cc1Cl,,-3.3467874862246565,,train
Nc1cccc([N+](=O)[O-])c1,,-4.666351243485299,,test
Nc1ccccc1,,-4.119643800580763,,train
Nc1ccccc1Cl,,-4.479647495916682,,train
Nc1ccccc1[N+](=O)[O-],,-4.543633966870957,,train
Nc1cccnc1N1CCC(C(=O)Nc2ccc(-n3nccn3)c(Cl)c2)CC1,-4.712198270069774,,,val
Nc1cnc2nnn(Cc3ccc4ncccc4c3)c2n1,-4.576754126063192,,,train
Nc1n[nH]cc1C(=O)N1CC2CC(CN(C(=O)CN3CCC[C@H](NS(=O)(=O)c4ccc5cc(Cl)ccc5c4)C3=O)C2)C1,-7.823908740944319,,,train
Nc1nc(-c2cc(C(=O)O)ccn2)cs1,-6.096910013008056,,,train
Nc1nc(-c2ccc(F)cc2)c(-c2ccnc(Nc3ccc(N4CCOCC4)cc3)n2)s1,,-5.522878745280337,,train
Nc1nc(-c2nn(Cc3ccccc3F)c3ncccc23)nc(N)c1NC(=O)OC1CCC1,-7.638272163982407,,,train
Nc1nc(-c2nn(Cc3ccccc3F)c3ncccc23)nc(N)c1NC(=O)OC1COC1,-8.698970004336019,,,test
Nc1nc(C(F)(F)F)cc2c1[nH]c(=O)n2Cc1ccc(NCCN2CCCC2)nc1,,-7.0,,train
Nc1nc(C(F)(F)F)cc2c1[nH]c(=O)n2Cc1ccc(NCCN2CCCCC2)nc1,,-6.522878745280337,,train
Nc1nc(C(F)(F)F)cc2c1[nH]c(=O)n2Cc1ccc(OCCN2CCCC2)nc1,,-5.327902142064283,,train
Nc1nc(C2CCCC2)cc(N2CCNCC2)n1,-4.494850021680094,,,train
Nc1nc(CC(=O)Nc2ccc(C[C@@H]3CC[C@H]([C@H](O)c4ccccc4)N3)cc2)cs1,,,-5.301029995663981,train
Nc1nc(Cc2ccc(-c3cccc4oc5ccccc5c34)cc2)cn1Cc1ccccc1Cl,,-5.3979400086720375,,train
Nc1nc(N)c(Cl)c(N[C@H](c2nc3cccc(Cl)c3c(=O)n2-c2cc[nH]n2)C2CC2)n1,-5.657577319177793,,,val
Nc1nc(Nc2ccc(S(N)(=O)=O)cc2)nn1C(=O)Nc1ccc(-c2cc(OCc3ccccc3)cc(C(=O)O)c2)cc1,,-5.939302159646388,,train
Nc1nc(Nc2ccc(S(N)(=O)=O)cc2)nn1C(=O)Nc1ccc(-c2ccc(OCc3ccccc3)c(C(=O)O)c2)cc1,,-6.311580177997289,,train
Nc1nc(Nc2ccc(S(N)(=O)=O)cc2)nn1C(=O)Nc1ccc(-c2cccc(C(=O)O)c2)cc1,,-7.823908740944319,,train
Nc1nc(OC2CCCC2)nc2c1ncn2[C@@H]1O[C@H](CF)[C@@H](O)[C@H]1O,-5.478861916295964,,,train
Nc1nc(OC2CCCC2)nc2c1ncn2[C@@H]1O[C@H](CO)[C@@H](O)[C@H]1O,-6.552841968657781,,,train
Nc1nc(OCc2ccccc2)c2[nH]nnc2n1,,-6.777283528852417,,train
Nc1nc(Oc2ccc(NC(=O)N[C@@H](CCc3ccccc3)C(=O)O)cc2)c2cc[nH]c2n1,,-5.447331783887807,,train
Nc1nc2c(c(-c3c(Cl)cc(Cl)cc3OCCn3cccn3)n1)CN(C(=O)NC13CC(C1)C3)C2,-5.301029995663981,,,train
Nc1nc2c(c(-c3c(Cl)cc(Cl)cc3OCCn3cccn3)n1)CN(C(=O)NC1CC(F)(F)C1)C2,-5.823908740944319,,,train
Nc1nc2c(c(-c3c(Cl)cc(Cl)cc3OCCn3cccn3)n1)CN(C(=O)NC1CC1)C2,-6.301029995663981,,,train
Nc1nc2c(c(-c3c(Cl)cc(Cl)cc3OCCn3cccn3)n1)CN(C(=O)NC1CCC1)C2,-5.327902142064283,,,train
Nc1nc2c(c(-c3c(Cl)cc(Cl)cc3OCCn3cccn3)n1)CN(C(=O)NCC(F)(F)F)C2,-6.017728766960432,,,train
Nc1nc2c(c(-c3c(Cl)cc(Cl)cc3OCCn3cccn3)n1)CN(C(=O)NCC(F)F)C2,-5.920818753952375,,,val
Nc1nc2c(ncn2COCCO)c(=O)[nH]1,,-7.256767918706795,,train
Nc1nc2c(s1)CCC[C@H]2C(=O)Nc1ccc(C[C@@H]2CC[C@H]([C@H](O)c3ccccc3)N2)cc1,,,-5.301029995663981,val
Nc1nc2c(s1)CC[C@H]2C(=O)Nc1ccc(C[C@@H]2CC[C@H]([C@H](O)c3ccccc3)N2)cc1,,,-5.301029995663981,train
Nc1nc2c(s1)CC[C@H]2C(=O)Nc1ccc(C[C@@H]2CC[C@H]([C@H](O)c3cccnc3)N2)cc1,,,-6.0,train
Nc1nc2cccc(-c3cccc(Cl)c3Cl)n2n1,-4.3872161432802645,,,train
Nc1ncc(-c2cc[nH]c(=O)c2)cc1-c1ccc(Cl)cc1,,,-4.804100347590766,test
Nc1ncc(-c2ccc(-c3nn[nH]n3)cc2)cc1-c1ccc(Cl)cc1,,,-5.154901959985743,train
Nc1ncc(-c2ccc(C(=O)O)cc2)cc1-c1ccc(C(F)(F)F)cc1,,,-4.886056647693163,val
Nc1ncc(-c2ccc(C(=O)O)cc2)cc1-c1ccc(Cl)cc1,,,-4.721246399047171,train
Nc1ncc(-c2ccc(C(=O)O)cc2)cc1-c1ccc(F)cc1,,,-4.769551078621726,train
Nc1ncc(-c2ccc(C(=O)O)cc2)cc1-c1cccc(Cl)c1,,,-4.795880017344075,train
Nc1ncc(-c2ccc(C(=O)O)cc2)cc1-c1ccccc1,,,-4.769551078621726,val
Nc1ncc(-c2ccc(C(=O)O)cc2)cc1COc1ccccc1,,,-4.886056647693163,test
Nc1ncc(-c2ccc(C(=O)O)cc2)cc1OCC1CCC1,,,-4.7447274948966935,train
Nc1ncc(-c2ccc(C(=O)O)cc2)cc1OCc1ccccc1,,,-4.769551078621726,train
Nc1ncc(-c2ccc(C(=O)O)nc2)cc1-c1ccc(Cl)cc1,,,-4.795880017344075,val
Nc1ncc(-c2ccc(C3(C(=O)O)CCCC3)cc2)cc1-c1ccc(Cl)cc1,,,-5.522878745280337,train
Nc1ncc(-c2ccc(C3(C(=O)O)CCOCC3)cc2)cc1-c1ccc(Cl)cc1,,,-5.0,val
Nc1ncc(-c2ccc(C3(c4nn[nH]n4)CCCC3)cc2)cc1-c1ccc(Cl)cc1,,,-6.0,test
Nc1ncc(-c2ccc(NCC(=O)O)nc2)cc1-c1ccc(Cl)cc1,,,-5.522878745280337,val
Nc1ncc(-c2ccc(OC3(C(=O)O)CCCC3)cc2)cc1-c1ccc(Cl)cc1,,,-5.522878745280337,train
Nc1ncc(-c2ccc(OCC(=O)O)cc2)cc1-c1ccc(Cl)cc1,,,-5.154901959985743,train
Nc1ncc(-c2ccc3c(c2)CC[C@@H]3C(=O)O)cc1-c1ccc(Cl)cc1,,,-4.886056647693163,train
Nc1ncc(-c2ccc3c(c2)CC[C@H]3C(=O)O)cc1-c1ccc(Cl)cc1,,,-4.920818753952375,train
Nc1ncc(-c2cccc(C(=O)O)c2)cc1-c1ccc(Cl)cc1,,,-4.7447274948966935,val
Nc1ncc(-c2cnc(C3CCNCC3)s2)cc1OC1CCCCC1,-6.154901959985743,,,train
Nc1ncc(-c2cnc(C3CCNCC3)s2)cc1OCC1CCCCC1,-5.301029995663981,,,test
Nc1ncc(-c2cnc(C3CCNCC3)s2)cc1OCc1ccncc1,-6.522878745280337,,,test
Nc1ncc(-c2cnc(N)c(-c3ccc(Cl)cc3)c2)cn1,,,-4.621301985603488,train
Nc1ncc(-c2cnn(C3CCNCC3)c2)c2cc(-c3cccc(F)c3)oc12,-6.522878745280337,,,train
Nc1ncc(-c2cnn(C3CCNCC3)c2)cc1NCc1c(Cl)ccc(F)c1Cl,-6.0,,,train
Nc1ncc(-c2nc(N3CCOCC3)nc3c2CCN3c2ccc(C(=O)N3CCOCC3)cc2F)cn1,,-5.5003129173815966,,val
Nc1ncc(-c2nc(N3CCOCC3)nc3c2CCN3c2ccc(CN3CCOCC3)cc2)cn1,,-5.344861565188618,,train
Nc1ncc(-c2nc(N3CCOCC3)nc3c2CCN3c2ccc(CN3CCOCC3)cc2F)cn1,,-5.3788237182249645,,train
Nc1ncc(-c2nc(N3CCOCC3)nc3c2CCN3c2cccnc2)cn1,,-5.721246399047171,,train
Nc1ncc(C(=O)NC2CC2)c2ccc(-c3cccc(F)c3)nc12,,,-5.468521082957745,train
Nc1ncc(C(=O)NC2CN(C(=O)C3CC3)C2)c2ccc(-c3cccc(F)c3)nc12,,,-5.136677139879544,train
Nc1ncc(C(=O)N[C@H]2C[C@@H](O)C2)c2ccc(-c3cccc(F)c3)nc12,,,-4.995678626217358,train
Nc1nccc(-c2sc(C3CCNCC3)nc2-c2ccc(F)cc2)n1,,-4.886056647693163,,train
Nc1nccc2c1CCC(C(=O)N[C@@H](Cc1ccccc1)c1nc(-c3ccc4c(N)n[nH]c4c3)c(Cl)[nH]1)C2,,-8.823908740944319,,train
Nc1nccc2cc(C(=O)N[C@@H](Cc3ccccc3)c3nc(-c4ccc5c(N)n[nH]c5c4)c(Cl)[nH]3)ccc12,,-7.42021640338319,,train
Nc1nccc2cc(O[C@H]3CCCN(Cc4ccccc4)C3)ccc12,-5.657577319177793,,,train
Nc1nccc2cc(O[C@H]3CCCNC3)ccc12,-5.200659450546419,,,train
Nc1nccn2c1c(-c1ccc3ccc(-c4ccccc4)nc3c1F)nc2[C@H]1CC[C@H](C(=O)Nc2nc3ccccc3[nH]2)CC1,,-3.115771230367396,,train
Nc1nccn2c1c(-c1ccc3ccc(-c4ccccc4)nc3c1F)nc2[C@H]1CC[C@H](C(=O)Nc2nncs2)CC1,,-4.0655015487564325,,train
Nc1nccn2c1c(-c1ccc3ccc(-c4ccccc4)nc3c1F)nc2[C@H]1CC[C@H](C(=O)O)CC1,,-3.0,,train
Nc1nccn2c1c(-c1ccc3ccc(-c4ccccc4)nc3c1F)nc2[C@H]1CC[C@H](C(N)=O)CC1,,-4.200659450546419,,train
Nc1nccn2c1c(-c1ccc3ccc(-c4ccccc4)nc3c1F)nc2[C@H]1CC[C@H](CO)CC1,,-3.0,,train
Nc1ncnc2c1C(=O)N(c1ccc(-c3c(F)cccc3F)c(F)c1)CCO2,-5.0,,,train
Nc1ncnc2c1C(=O)N(c1ccc(-c3c(F)cccc3F)cc1)CCO2,-5.0,,,train
Nc1ncnc2c1C(=O)N(c1ccc(-c3cc(Cl)ccc3Cl)cc1)CCO2,-4.790484985457369,,,train
Nc1ncnc2c1C(=O)N(c1ccc(-c3ccc(CC(=O)N4CC[C@@H](O)C4)cc3Cl)cc1)CCO2,-5.958607314841775,,,train
Nc1ncnc2c1C(=O)N(c1ccc(-c3ccc(CN4CC[C@H](O)C4=O)cc3Cl)cc1)CCO2,-5.1938200260161125,,,train
Nc1ncnc2c1C(=O)N(c1ccc(-c3ccc(CO)cc3Cl)cc1)CCO2,-4.774690718274138,,,train
Nc1ncnc2c1C(=O)N(c1ccc(-c3ccc(Cn4cccnc4=O)cc3Cl)cc1)CCO2,-5.698970004336019,,,val
Nc1ncnc2c1C(=O)N(c1ccc(-c3ccccc3)cc1)CCO2,-5.0,,,train
Nc1ncnc2c1C(=O)N(c1ccc(-c3ccccc3Cl)c(F)c1)CCO2,-5.0,,,train
Nc1ncnc2c1C(=O)N(c1ccc(-c3ccccc3Cl)cc1)CCO2,-4.488116639021126,,,val
Nc1ncnc2c1C(=O)N(c1ccc(-c3ccccc3F)cc1)CCO2,-5.0,,,train
Nc1ncnc2c1C(=O)N(c1ccc(-c3ncccc3Cl)cc1)CCO2,-5.0,,,train
Nc1ncnc2c1C(=O)N(c1ccc(C3CCN(C(=O)C4CCCCC4)CC3)cc1)CCO2,,,-4.6777807052660805,train
Nc1ncnc2c1C(=O)N(c1ccc(C3CCN(C(=O)C4CCOCC4)CC3)cc1)CCO2,,,-5.522878745280337,train
Nc1ncnc2c1C(=O)N(c1ccc(C3CCN(C(=O)[C@H]4CC[C@@H](O)CC4)CC3)cc1)CCO2,,,-6.0,train
Nc1ncnc2c1C(=O)N(c1ccc(C3CCN(C(=O)c4ccccc4)CC3)cc1)CCO2,,,-4.721246399047171,train
Nc1ncnc2c1C(=O)N(c1ccc(C3CCN(C(=O)c4ccno4)CC3)cc1)CCO2,,,-4.853871964321762,train
Nc1ncnc2c1C(=O)N(c1ccc(C3CCN(C(=O)c4ccon4)CC3)cc1)CCO2,,,-4.795880017344075,train
Nc1ncnc2c1C(=O)N(c1ccc([C@H]3CC[C@H](CC(=O)N4CCCC4)CC3)cc1)CCO2,,,-4.619788758288394,test
Nc1ncnc2c1C(=O)N(c1ccc([C@H]3CC[C@H](CC(=O)N4CCOCC4)CC3)cc1)CCO2,,,-4.958607314841775,test
Nc1ncnc2c1C(=O)N(c1ccc([C@H]3CC[C@H](CC(=O)N4CC[C@@H](O)C4)CC3)cc1)CCO2,,,-5.698970004336019,train
Nc1ncnc2c1C(=O)N(c1ccc([C@H]3CC[C@H](CC(=O)NC4CCCC4)CC3)cc1)CCO2,,,-4.657577319177793,train
Nc1ncnc2c1C(=O)N(c1ccc([C@H]3CC[C@H](CC(=O)O)CC3)cc1)CCO2,,,-6.0,train
Nc1ncnc2c1C(=O)N(c1ccc([C@H]3CC[C@H](CCC(=O)O)CC3)cc1)CCO2,,,-5.3979400086720375,train
Nc1ncnc2c1C(=O)N(c1ccc([C@H]3CC[C@H](Cc4nn[nH]n4)CC3)cc1)CCO2,,,-7.0,train
Nc1ncnc2c1c(-c1cc(OCC34CCC(CC3)O4)ccc1F)cn2[C@H]1C[C@@H](CN2CC[S+]([O-])CC2)C1,-5.318758762624413,,,train
Nc1ncnc2c1c(-c1cc(OC[C@@H]3CCCO3)ccc1F)cn2[C@H]1C[C@@H](CN2CC[S+]([O-])CC2)C1,-5.537602002101044,,,val
Nc1ncnc2c1c(-c1cccc(OCC34CCC(CC3)O4)c1)cn2[C@H]1C[C@@H](CN2CC[S+]([O-])CC2)C1,-5.356547323513813,,,train
Nc1ncnc2c1c(-c1cccc(OCC34CCC(CC3)O4)c1)cn2[C@H]1C[C@@H](CO)C1,-4.920818753952375,,,train
Nc1ncnc2c1c(-c1cccc(OCC34CCC(CC3)O4)c1F)cn2[C@H]1C[C@@H](CN2CC[S+]([O-])CC2)C1,-5.366531544420414,,,train
Nc1ncnc2c1c(-c1cccc(OCc3ccccc3)c1)cn2[C@H]1C[C@@H](CN2CCC2)C1,-5.267606240177032,,,test
Nc1ncnc2c1c(Oc1cccc(Cl)c1)nn2CC1CCNCC1,-5.97061622231479,,,val
Nc1ncnc2c1c(Oc1cccc(Cl)c1)nn2CC1CCNCC1(F)F,-4.642065152999546,,,train
Nc1ncnc2c1c(Sc1cccc(Cl)c1)nn2CC1CCNCC1,-5.559090917934783,,,test
Nc1ncnc2c1c(Sc1cccc(Cl)c1)nn2CC1CCNCC1(F)F,-4.567030709125595,,,train
Nc1ncnc2c1ncn2[C@@H]1O[C@H](CO)[C@@H](O)[C@@H]1O,-7.080921907623926,,,train
Nc1ncnc2c1ncn2[C@@H]1O[C@H](COC(=O)[C@@H](N)Cc2ccccc2)[C@@H](O)[C@@H]1O,-6.175223537524454,,,train
Nc1ncnn2c1c(-c1ccc3ccc(-c4ccccc4)nc3c1F)nc2[C@H]1C[C@@H](N2CCN(C=O)CC2)C1,,-5.978810700930062,,test
Nc1nn2cccnc2c1C(=O)Nc1c[nH]nc1-c1cc(Cl)ccc1OC(F)F,,,-4.823908740944319,train
Nc1nnc2n(CCc3ccccc3)c(=O)c3cc(F)ccc3n12,,-3.0530567293021744,,train
Nc1noc2ccc(-c3cc(Cl)ccc3Oc3cc(F)c(S(=O)(=O)Nc4cscn4)cc3F)cc12,,,-5.42021640338319,test
Nc1sc(-c2c(F)cccc2F)nc1C(=O)Nc1cnccc1N1CCC[C@H](N)C1,,,-5.522878745280337,train
O/N=C1\CCCC2=C1C(c1ccccc1Cl)N=C(Nc1nc3ccccc3o1)N2,,-3.612094310487501,,train
O=C(/C(=C/C=C/c1ccccc1)c1ccc(F)cc1)N1CCN(c2ncccn2)CC1,,-4.826813731587726,,train
O=C(/C(=C/C=C/c1ccccc1)c1cccc(C(F)(F)F)c1)N1CCN(c2ncccn2)CC1,,-4.8996294548824375,,train
O=C(/C(=C/c1ccc(C(F)(F)F)cc1)c1ccc(F)cc1)N1CCN(c2ncccn2)CC1,,-5.119186407719209,,train
O=C(/C(=C/c1ccc(C(F)(F)F)cc1)c1cccc(C(F)(F)F)c1)N1CCN(c2ncccn2)CC1,,-5.031517051446065,,train
O=C(/C(=C/c1ccc(C(F)(F)F)cc1)c1ccccc1)N1CCN(c2ncccn2)CC1,,-5.086186147616283,,test
O=C(/C(=C/c1ccc(Cl)cc1)c1ccc(F)cc1)N1CCN(c2ncccn2)CC1,,-5.10790539730952,,train
O=C(/C(=C/c1ccc(Cl)cc1)c1cccc(C(F)(F)F)c1)N1CCN(c2ncccn2)CC1,,-5.292429823902063,,val
O=C(/C(=C/c1ccc(Cl)cc1)c1ccccc1)N1CCN(c2ncccn2)CC1,,-5.130768280269024,,train
O=C(/C(=C/c1ccc(F)cc1)c1ccc(F)cc1)N1CCN(c2ncccn2)CC1,,-4.844663962534939,,train
O=C(/C(=C/c1ccc(F)cc1)c1cccc(C(F)(F)F)c1)N1CCN(c2ncccn2)CC1,,-4.910094888560602,,train
O=C(/C(=C/c1cccc(Cl)c1)c1ccc(F)cc1)N1CCN(c2ncccn2)CC1,,-5.026872146400302,,train
O=C(/C(=C/c1cccc(Cl)c1)c1cccc(C(F)(F)F)c1)N1CCN(c2ncccn2)CC1,,-4.97061622231479,,train
O=C(/C(=C/c1cccc(Cl)c1)c1ccccc1)N1CCN(c2ncccn2)CC1,,-4.950781977329818,,train
O=C(/C(=C/c1ccccc1)c1ccc(F)cc1)N1CCN(c2ncccn2)CC1,,-4.950781977329818,,train
O=C(/C(=C/c1ccccc1)c1cccc(C(F)(F)F)c1)N1CCN(c2ncccn2)CC1,,-5.142667503568732,,train
O=C(/C(=C/c1ccccc1)c1ccccc1)N1CCN(c2ncccn2)CC1,,-4.844663962534939,,test
O=C(/C(=C/c1ccccc1Cl)c1ccc(F)cc1)N1CCN(c2ncccn2)CC1,,-4.94692155651658,,train
O=C(/C(=C/c1ccccc1Cl)c1cccc(C(F)(F)F)c1)N1CCN(c2ncccn2)CC1,,-4.82102305270683,,train
O=C(/C(=C/c1ccccc1Cl)c1ccccc1)N1CCN(c2ncccn2)CC1,,-5.026872146400302,,train
O=C(/C=C/c1ccc(Cl)cc1)NC1(C(=O)N[C@H](Cc2ccccc2)C(=O)NCC2CCN(CC3CCOCC3)CC2)CCCC1,-5.552841968657781,,,train
O=C(/C=C/c1ccc(F)cc1F)N1CCN(Cc2ccc(O)c3ncccc23)CC1,,-4.730954290342377,,train
O=C(/C=C/c1ccc(O)c(O)c1)OCCc1ccccc1,,-5.744727494896694,,train
O=C(/C=C/c1ccc(O)c(O)c1)O[C@@H]1C[C@](O)(C(=O)O)C[C@@H](O)[C@H]1O,-6.42021640338319,,,test
O=C(/C=C/c1ccc(O)c(O)c1)O[C@@H]1C[C@](O)(C(=O)O)C[C@@H](OC(=O)/C=C/c2ccc(O)c(O)c2)[C@H]1O,-6.853871964321762,,,train
O=C(/C=C/c1ccc(O)c(O)c1)c1cccnc1,,-5.259637310505756,,train
O=C(/C=C/c1ccc2c(c1)nc(CCc1ccccc1)n2CCN1CCCC1)NO,-5.521433504406157,,,train
O=C(/C=C/c1cccc(Cl)c1)NC1(C(=O)N[C@H](Cc2ccccc2)C(=O)NCC2CCN(CC3CCOCC3)CC2)CCCC1,-6.0,,,train
O=C(/C=C/c1cccc(F)c1)NC1(C(=O)N[C@H](Cc2ccccc2)C(=O)NCC2CCN(CC3CCOCC3)CC2)CCCC1,-5.6777807052660805,,,train
O=C(/C=C/c1cccc(O)c1)c1cccnc1,,-5.187086643357144,,train
O=C(/C=C/c1ccccc1)c1ccccc1,-5.539102157243452,,-5.4156687756324695,train
O=C(/C=C/c1ccccc1Cl)N1CCN(Cc2ccc(O)c3ncccc23)CC1,,-5.165579296318468,,train
O=C(/C=C/c1ccccc1Cl)NC1(C(=O)N[C@H](Cc2ccccc2)C(=O)NCC2CCN(CC3CCOCC3)CC2)CCCC1,-6.0,,,train
O=C(/C=C/c1cccnc1)NCCCCC1CCN(C(=O)c2ccccc2)CC1,,-4.403402904373539,-4.823908740944319,test
O=C(/C=N/O)NCC(O)CO,,-6.214670164989233,,train
O=C(/C=N/O)NCCN1CCCC1,,-5.958607314841775,,train
O=C(/C=N/O)NCc1ncc[nH]1,,-5.958607314841775,,train
O=C(C1=C(O)C(=O)N(c2ccc(O)c(C(=O)O)c2)C1c1ccc([N+](=O)[O-])cc1)c1ccccc1,-7.327902142064283,,,train
O=C(C1=C(O)C(=O)N(c2ccc(O)cc2)C1c1ccc([N+](=O)[O-])cc1)c1ccccc1,-6.886056647693163,,,train
O=C(C1=C(O)C(=O)N(c2ccccc2O)C1c1ccc([N+](=O)[O-])cc1)c1ccccc1,-6.6020599913279625,,,val
O=C(C1CC12CCN(C1CCCCC1)CC2)N1CCN(C2CCCCC2)CC1,,,-5.769551078621726,train
O=C(C1CC12CCN(C1CCOCC1)CC2)N1CCN(C2CC2)CC1,,,-5.075720713938119,train
O=C(C1CC12CCN(C1CCOCC1)CC2)N1CCN(C2CCC2)CC1,,,-5.4089353929735005,train
O=C(C1CC12CCN(C1CCOCC1)CC2)N1CCN(C2CCCC2)CC1,,,-5.657577319177793,train
O=C(C1CC2(CCN(C3CCOCC3)CC2)C1)N1CCN(C2CCC2)CC1,,,-5.292429823902063,train
O=C(C1CCN(c2ccccn2)CC1)N1CCNc2cc(Cl)ccc21,-4.318758762624412,,,train
O=C(C1CCOCC1)N1CCCN(c2nc(-c3ccccc3)ns2)CC1,-4.173925197299174,,,train
O=C(C1CCOCC1)N1CCCN(c2nc(C(F)(F)F)c(Cl)s2)CC1,-4.275724130399211,,,train
O=C(C1CCOCC1)N1CCCN(c2nc3ccc(Cl)cc3s2)CC1,-4.2076083105017466,,,val
O=C(C1CCS(=O)(=O)CC1)N1CC[C@@]2(S(=O)(=O)c3ccc(F)cc3)c3ccc(C(F)(C(F)(F)F)C(F)(F)F)cc3CC[C@@H]12,-6.886056647693163,,,train
O=C(C1CCS(=O)(=O)CC1)N1CC[C@@]2(S(=O)(=O)c3ccc(F)cc3)c3ccc(C(F)(C(F)(F)F)C(F)(F)F)nc3CC[C@@H]12,-6.638272163982407,,,train
O=C(C=C1CCN(C(=O)c2ccccc2)CC1)N[C@@H]1CCN(Cc2ccc3cc(F)ccc3c2)C1,,-4.701146923590294,,train
O=C(CC1CC1)N1CCN2Cc3cc(F)cc(c3)NS(=O)(=O)CCCCCC1C2,,,-4.931814138253839,train
O=C(CC1CCNCC1)NCCCn1c(=O)c2cc(F)ccc2n2c(=S)[nH]nc12,,-5.356547323513813,,test
O=C(CC1CCOCC1)N1CCC2(CC1)CC2CNC(=O)N1Cc2ccncc2C1,,,-5.853871964321762,train
O=C(CC1CNC(=O)c2cc(-c3ccc(F)c(F)c3)cn21)NCC1CCCCC1,-4.928117992693875,,,train
O=C(CC1CNC(=O)c2cc(-c3cccc(Cl)c3)cn21)NCc1ccco1,-4.480172006224281,,,train
O=C(CC1CNC(=O)c2cc(-c3cccc(F)c3)cn21)NCC1CCCCC1,-4.949233688766958,,,train
O=C(CC1CNC(=O)c2cc(-c3ccccc3F)cn21)NCC1CCCCC1,-4.924453038607469,,,train
O=C(CC1CNC(=O)c2cc(-c3ccnc(Cl)n3)cn21)NCC1CCCCC1,-6.045757490560675,,,train
O=C(CCC1=CCN(CCCCc2ccc(Cl)cc2)C1=O)NO,,-8.306273051076353,,train
O=C(CCC1=CCN(Cc2cc(C(F)(F)F)cc(C(F)(F)F)c2)C1=O)NO,,-7.547906750982269,,train
O=C(CCC1=CCN(Cc2ccc(Br)cc2)C1=O)NO,,-7.9931062920521,,train
O=C(CCC1=CCN(Cc2ccc(F)cc2)C1=O)NO,,-7.714217726220605,,val
O=C(CCC1CCOCC1)N1CCC2(CC1)CC2CNC(=O)N1Cc2ccncc2C1,,,-5.795880017344075,train
O=C(CCCCCCC(=O)Nc1ccccc1)NO,-5.646214911951032,-8.634528153286132,,train
O=C(CCCCCN1C(=O)c2ccccc2N(Cc2ccccc2)C(=O)[C@@H]1Cc1ccccc1)NO,,,-6.962573502059376,train
O=C(CCCCCc1ccccc1)NC1CCC(F)(F)CC1,,-6.668370282370068,,val
O=C(CCCCCc1ccccc1)NC1CCC(O)CC1,,-7.580374639112256,,train
O=C(CCCCCc1ccccc1)NC1CCOCC1,,-6.619535493702276,,train
O=C(CCCCCc1ccccc1)N[C@H]1CC[C@@H](O)CC1,,-7.370590400897282,,test
O=C(CCCCCc1ccccc1)N[C@H]1CC[C@H](O)CC1,,-7.640164517660112,,train
O=C(CCCCCc1ccccn1)NC1CCC(O)CC1,,-9.35556141053216,,val
O=C(CCCCCc1cccnc1)NC1CCC(O)CC1,,-9.281498311132726,,train
O=C(CCCCCc1ccncc1)NC1CCC(O)CC1,,-9.12842706445412,,train
O=C(CCCCCc1ccncn1)NC1CCC(O)CC1,,-10.275724130399212,,train
O=C(CCCCN1CCCCC1)Nc1cc(-c2ccc(Br)cc2)n[nH]1,,-5.0,,val
O=C(CCCCN1CCCCC1)Nc1cc(-c2ccc(C(F)(F)F)cc2)n[nH]1,,-5.0,,train
O=C(CCCCN1CCCCC1)Nc1cc(-c2ccc(Cl)cc2)n[nH]1,,-5.0,,train
O=C(CCCCN1CCCCC1)Nc1cc(-c2ccc(F)cc2)n[nH]1,,-5.0,,train
O=C(CCCCN1CCCCC1)Nc1cc(-c2ccco2)n[nH]1,,-5.0,,train
O=C(CCCCN1CCCCC1)Nc1cc(-c2ccncc2)n[nH]1,,-5.698970004336019,,train
O=C(CCCCOc1ccccc1)N[C@H]1CC[C@H](O)CC1,,-8.436518914605589,,val
O=C(CCCN1CCC(O)(c2ccc(Cl)cc2)CC1)c1ccc(F)cc1,-5.3872161432802645,,,train
O=C(CCCOCc1ccccc1)N[C@H]1CC[C@H](O)CC1,,-8.92959267825988,,train
O=C(CCCc1c[nH]c2ccccc12)NCCC1CCN(Cc2ccccc2)CC1,,-6.20446769648675,,train
O=C(CCN1CCCC1)NN1c2ccccc2Sc2cc(Cl)ccc21,,-4.785156151952302,,train
O=C(CCN1CCCC1)NN1c2ccccc2Sc2ccccc21,,-4.761953896871205,,train
O=C(CCN1CCCC1)Nc1cc(-c2ccc(CN3CCOCC3)cc2)nc2ccc(F)cc12,,-6.996108833763089,,train
O=C(CCN1CCCCC1)Nc1cc(-c2ccco2)c2oc(-c3ccco3)nc2c1,-5.638272163982407,,,train
O=C(CCN1CCCCC1)Nc1ccc(-c2nc3c(oc4ccc(Br)cc43)c(=O)[nH]2)c(Cl)c1,,,-7.167491087293763,train
O=C(CCN1CCOCC1)Nc1cc(-c2ccco2)c2oc(-c3ccco3)nc2c1,-4.958607314841775,,,train
O=C(CCN1CCc2ccccc2C1)Nc1cc(-c2ccco2)c2oc(-c3ccco3)nc2c1,-6.698970004336019,,,train
O=C(CCNCCCCNc1c2c(nc3ccccc13)CCC2)Nc1ccc2c(c1)C(=O)c1cccc3ccnc-2c13,,-5.619788758288394,,train
O=C(CCNCCCCNc1c2c(nc3ccccc13)CCCC2)Nc1ccc2c(c1)C(=O)c1cccc3ccnc-2c13,,-5.6777807052660805,,train
O=C(CCNCCCCNc1c2c(nc3ccccc13)CCCCC2)Nc1ccc2c(c1)C(=O)c1cccc3ccnc-2c13,,-5.958607314841775,,train
O=C(CCNCCCNc1c2c(nc3ccccc13)CCC2)Nc1ccc2c(c1)C(=O)c1cccc3ccnc-2c13,,-5.309803919971486,,train
O=C(CCNCCCNc1c2c(nc3ccccc13)CCCC2)Nc1ccc2c(c1)C(=O)c1cccc3ccnc-2c13,,-5.481486060122113,,train
O=C(CCNCCCNc1c2c(nc3ccccc13)CCCCC2)Nc1ccc2c(c1)C(=O)c1cccc3ccnc-2c13,,-5.050609993355088,,train
O=C(CCNCCNc1c2c(nc3ccccc13)CCC2)Nc1ccc2c(c1)C(=O)c1cccc3ccnc-2c13,,-5.721246399047171,,val
O=C(CCNCCNc1c2c(nc3ccccc13)CCCC2)Nc1ccc2c(c1)C(=O)c1cccc3ccnc-2c13,,-5.585026652029182,,train
O=C(CCNCCNc1c2c(nc3ccccc13)CCCCC2)Nc1ccc2c(c1)C(=O)c1cccc3ccnc-2c13,,-5.102372908709558,,test
O=C(CCOCCc1ccccc1)N[C@H]1CC[C@H](O)CC1,,-8.652084813498309,,train
O=C(CCc1c(Cn2c(=O)n(C3CC3)c3ccncc32)nc2cc(Cl)ccn12)NCCO,,-6.017728766960432,,train
O=C(CCc1c[nH]c2ccccc12)NCCC1CCN(Cc2ccccc2)CC1,,-5.906239639581768,,val
O=C(CCc1cc(Cl)c(Oc2ccncc2C(=O)N2CCN(C3CC3)c3ccccc32)cc1Cl)NCCOCCOCCOCCOCCOCCOCCOCCOCCNC(=O)CCc1cc(Cl)c(Oc2ccncc2C(=O)N2CCN(C3CC3)c3ccccc32)cc1Cl,-7.397940008672037,,,train
O=C(CCc1ccccc1)NO,,-5.303643611266668,,train
O=C(CCc1ccccc1)c1cc(F)ccc1OCC(O)CN1CCN(C(c2ccccc2)c2ccccc2)CC1,,-6.096910013008056,,test
O=C(CCc1ccccc1)c1ccccc1OCC(O)CN1CCC(c2ccccc2)CC1,,-3.3098039199714866,,test
O=C(CCc1ccccc1)c1ccccc1OCC(O)CN1CCN(C(c2ccccc2)c2ccccc2)CC1,,-5.638272163982407,,train
O=C(CCc1ccccc1Cl)N1CCN(Cc2ccc(O)c3ncccc23)CC1,,-4.95663772197887,,train
O=C(CCc1nc2cccnc2n1CCO)Nc1ccccc1,,-5.400116927926312,,train
O=C(CCc1nc2ncc(Cl)cc2[nH]1)Nc1cccc(F)c1,,-5.212539525481585,,train
O=C(CCc1nc2ncc(Cl)cc2[nH]1)Nc1ccccc1,,-5.224025668870631,,train
O=C(CCc1nc2ncccc2[nH]1)Nc1ccccc1,,-5.565431095965801,,train
O=C(CCl)Nc1cccc(-c2nc3ccccc3s2)c1,,-3.1804560644581312,,train
O=C(CN1C(=O)C(NC(=O)c2cc3cc(Cl)sc3[nH]2)Cc2ccccc21)NCCO,-5.3979400086720375,,,train
O=C(CN1C(=O)CCc2ncccc21)Nc1scc(Br)c1-c1ncn[nH]1,,,-6.434152181326483,train
O=C(CN1C(=O)S/C(=C\c2ccc(O)cc2)C1=O)Nc1ccccc1Cl,,,-5.974115126550334,train
O=C(CN1CCCC1)NN1c2ccccc2Sc2cc(Cl)ccc21,,-4.826813731587726,,train
O=C(CN1CCCC1)NN1c2ccccc2Sc2ccc(Cl)cc21,,-4.950781977329818,,train
O=C(CN1CCCC1)NN1c2ccccc2Sc2ccccc21,,-4.978810700930062,,train
O=C(CN1CCCCC1)NN1c2ccccc2Sc2cc(Cl)ccc21,,-4.832682665251824,,train
O=C(CN1CCCCC1)NN1c2ccccc2Sc2ccc(Cl)cc21,,-5.040958607678906,,train
O=C(CN1CCCCC1)NN1c2ccccc2Sc2cccc(Cl)c21,,-4.856985199745905,,val
O=C(CN1CCCCC1)NN1c2ccccc2Sc2ccccc21,,-4.785156151952302,,train
O=C(CN1CCCCC1)Nc1ccc2oc(-c3ccco3)nc2c1,-4.301029995663981,,,train
O=C(CN1CCC[C@H](NS(=O)(=O)c2ccc3cc(Cl)ccc3c2)C1=O)N1CC2CC(C1)CN(C(=O)C1CCNCC1)C2,-7.823908740944319,,,train
O=C(CN1CCC[C@H](NS(=O)(=O)c2ccc3cc(Cl)ccc3c2)C1=O)N1CC2CNCC(C2)C1,-7.823908740944319,,,train
O=C(CN1CCC[C@H](NS(=O)(=O)c2ccc3cc(Cl)ccc3c2)C1=O)N1C[C@@H]2C[C@H](C1)c1cccc(=O)n1C2,-7.602059991327962,,,train
O=C(CN1CCN(CCOc2ccc(OC(F)(F)F)cc2)CC1)Nc1nccs1,,,-6.913640169325252,train
O=C(CN1CCOCC1)NCCCn1c(=O)c2cc(F)ccc2n2c(=S)[nH]nc12,,-6.0,,test
O=C(CNC(=O)c1ccc(N2CCN(C(=O)c3ccccc3C(F)(F)F)CC2)nn1)c1ccccc1,-4.657577319177793,,,train
O=C(CNCCNc1c2c(nc3ccccc13)CCC2)Nc1ccc2c(c1)C(=O)c1cccc3ccnc-2c13,,-5.337242168318426,,train
O=C(CNCCNc1c2c(nc3ccccc13)CCCC2)Nc1ccc2c(c1)C(=O)c1cccc3ccnc-2c13,,-5.318758762624413,,train
O=C(CNCCNc1c2c(nc3ccccc13)CCCCC2)Nc1ccc2c(c1)C(=O)c1cccc3ccnc-2c13,,-5.3979400086720375,,train
O=C(CNc1ccc(-c2ccc(NC(=O)C3CC3)nc2)cc1)Nc1ccc(CN2CCNCC2)c(C(F)(F)F)c1,,-5.257274868695302,,val
O=C(CO)Nc1ccc2c(=O)n(Cc3ccc(Cl)c(Cl)c3)cnc2c1,-4.47755576649368,,,val
O=C(CO)Nc1ccc2ncn(Cc3ccc(Cl)c(C(F)(F)F)c3)c(=O)c2c1,-4.372634143407267,,,train
O=C(CO)Nc1ccc2ncn(Cc3ccc(Cl)c(Cl)c3)c(=O)c2c1,-4.401209493236885,,,test
O=C(CO)Nc1cnc2ncn(Cc3ccc(Cl)c(Cl)c3)c(=O)c2c1,-5.031517051446065,,,val
O=C(COCCCc1ccccc1)N[C@H]1CC[C@H](O)CC1,,-7.623423042943488,,train
O=C(COc1ccc2cc(Oc3ccc(C(F)(F)F)cn3)ccc2n1)N1CCCCC1,,,-4.413412695328245,train
O=C(COc1ccc2cc(Oc3ccc(C(F)(F)F)cn3)ccc2n1)N1CCNCC1,,,-4.79317412396815,train
O=C(COc1ccc2cc(Oc3ccccn3)ccc2n1)N1CCCCC1,,,-4.174573882232177,val
O=C(COc1ccc2cc(Oc3ccccn3)ccc2n1)N1CCNCC1,,,-4.531652669587843,train
O=C(COc1ccccc1)Nc1ccc2ncn(Cc3ccc(Cl)c(Cl)c3)c(=O)c2c1,-5.823908740944319,,,train
O=C(CS)NCCCCCC(=O)Nc1cccc2cccnc12,-4.823908740944319,,,train
O=C(C[C@@H]1Cc2cc(Cl)c3[nH]c(=O)n(CC(F)(F)F)c3c2CN(CC(F)(F)F)C1=O)N1CCC(n2c(=O)[nH]c3ncccc32)CC1,,-7.638272163982407,,train
O=C(C[C@@H]1Cc2cc(Cl)c3c(c2CN(CC(F)(F)F)C1=O)C(F)(F)C(=O)N3)N1CCC(n2c(=O)[nH]c3ncccc32)CC1,,-7.060480747381382,,train
O=C(C[C@H](CCN1CCCC(F)(F)C1)NC(=O)c1cc(-c2ccccc2C(F)(F)F)n(C2CCCC2)n1)NC1CCC1,-4.481486060122113,,,train
O=C(C[C@H](CCN1CCCC(F)(F)C1)NC(=O)c1cc(-c2ccccc2C(F)(F)F)n(C2CCCC2)n1)Nc1nnn[nH]1,-5.096910013008056,,,train
O=C(C[C@H]1CNC(=O)c2cc(-c3cccc(F)c3)cn21)N[C@H](CO)C1CCCCC1,-5.958607314841775,,,train
O=C(C[C@H]1CNC(=O)c2cc(-c3cccc(F)c3)cn21)N[C@H](CO)Cc1ccccc1,-5.886056647693163,,,train
O=C(C[C@H]1CNC(=O)c2cc(-c3cccc(F)c3)cn21)N[C@H](CO)c1ccccc1,-5.568636235841013,,,train
O=C(Cc1c[nH]c2ccc(Br)cc12)NCCC1CCN(Cc2ccccc2)CC1,,-5.768801001050522,,val
O=C(Cc1c[nH]c2ccccc12)NCCC1CCN(Cc2ccccc2)CC1,,-6.309894379144197,,train
O=C(Cc1ccc(Br)cc1)NCCCn1c(=O)c2cc(F)ccc2n2c(=S)[nH]nc12,,-3.1152046360510197,,train
O=C(Cc1ccc(F)cc1)NCCCn1c(=O)c2cc(F)ccc2n2c(=S)[nH]nc12,,-5.070581074285707,,train
O=C(Cc1ccc(O)cc1)NCCCn1c(=O)c2cc(F)ccc2n2c(=S)[nH]nc12,,-5.431798275933005,,train
O=C(Cc1cccc(C(F)(F)F)c1)NCCCn1c(=O)c2cc(F)ccc2n2c(=S)[nH]nc12,,-2.963371104637839,,train
O=C(Cc1cccc(Cl)c1)NCCCn1c(=O)c2cc(F)ccc2n2c(=S)[nH]nc12,,-3.064996848546345,,train
O=C(Cc1cccc(F)c1)NCCCn1c(=O)c2cc(F)ccc2n2c(=S)[nH]nc12,,-3.438898616350944,,train
O=C(Cc1cccc2ccccc12)Nc1cn([C@H]2C[C@@H](NC(=O)c3ccccn3)C2)cn1,-4.585026652029182,,,train
O=C(Cc1ccccc1)N1CCN(c2nc3ccccc3s2)CC1,,-4.815308569182402,,train
O=C(Cc1ccccc1)NCCCn1c(=O)c2cc(F)ccc2n2c(=S)[nH]nc12,,-3.605548319173784,,train
O=C(Cc1ccccc1)N[C@H]1CO[C@@H](/C=C/c2ccccc2)OC1,-5.047207556955908,,,train
O=C(Cc1ccccc1)N[C@H]1CO[C@H](/C=C/c2ccccc2)OC1,-5.052566278112949,,,train
O=C(Cc1ccccc1)Nc1ccc(-c2nc3cc(NC(=O)Cc4ccccc4)ccc3[nH]2)cc1,-8.686132779630846,-3.6901569952839295,,train
O=C(Cc1ccccc1C(F)(F)F)NCCCn1c(=O)c2cc(F)ccc2n2c(=S)[nH]nc12,,-3.083546051450075,,train
O=C(Cc1ccccn1)NCCCn1c(=O)c2cc(F)ccc2n2c(=S)[nH]nc12,,-4.167491087293763,,val
O=C(Cc1cccnc1)NCCCn1c(=O)c2cc(F)ccc2n2c(=S)[nH]nc12,,-4.6777807052660805,,train
O=C(Cc1ccncc1)NCCCn1c(=O)c2cc(F)ccc2n2c(=S)[nH]nc12,,-6.0,,test
O=C(Cc1csc(NS(=O)(=O)C2CC2)n1)Nc1cccc(Cl)c1,-6.4089353929735005,,,train
O=C(Cn1c(=O)ccc2cc(C(F)(F)F)ccc21)Nc1scc(Br)c1-c1ncn[nH]1,,,-7.441291429466834,train
O=C(Cn1c(=O)ccc2cc(F)c(F)cc21)Nc1scc(Br)c1-c1ncn[nH]1,,,-7.080398976215889,val
O=C(Cn1ccccc1=O)Nc1cc2ccccc2[nH]1,,-7.0,,train
O=C(Cn1ccccc1=O)Nc1cc2cccccc-2c1,,-5.431798275933005,,test
O=C(NC(c1ccccc1)c1ccccc1)C1CC1,,,-4.455931955649724,train
O=C(NC1(C(=O)N[C@@H](CCCN2CCN(CC3CCOCC3)CC2)Cc2ccccc2)CCCC1)c1cc2cc(Cl)ccc2o1,-4.863279432843593,,,train
O=C(NC1(C(=O)N[C@@H](CCCN2CCN(CC3CCOCC3)CC2)Cc2ccccc2)CCCC1)c1cc2ccccc2o1,-4.694648630553377,,,val
O=C(NC1(C(=O)N[C@@H](CCCN2CCN(CC3CCOCC3)CC2)Cc2ccccc2)CCCC1)c1cc2ccccc2s1,-4.958607314841775,,,train
O=C(NC1(C(=O)N[C@@H](CCCN2CCN(CC3CCOCC3)CC2)Cc2ccccc2)CCCC1)c1ccc(-c2ccccc2)cc1,-4.866461091629782,,,train
O=C(NC1(C(=O)N[C@@H](CCCN2CCN(CC3CCOCC3)CC2)Cc2ccccc2)CCCC1)c1ccc2ccccc2c1,-4.835647144215563,,,train
O=C(NC1(C(=O)N[C@@H](Cc2ccccc2)C(=O)NCC2CCN(CC3CCOCC3)CC2)CCCC1)c1ccc(-n2cccc2)cc1,-6.0,,,train
O=C(NC1(C(=O)N[C@@H](Cc2ccccc2)C(=O)NCC2CCN(CC3CCOCC3)CC2)CCCC1)c1ccc(-n2cccc2)cc1Cl,-5.375717904164332,-6.795880017344075,,train
O=C(NC1(C(=O)N[C@@H](Cc2ccccc2)C(=O)NCC2CCN(CC3CCOCC3)CC2)CCCC1)c1ccc(-n2cccc2)cc1F,-4.860120913598764,-6.180456064458132,,val
O=C(NC1(C(=O)N[C@H](CCCN2CCN(CC3CCOCC3)CC2)Cc2ccccc2)CCCC1)c1cc2ccccc2cn1,-4.598599459218456,-4.809668301829708,,train
O=C(NC1(C(=O)N[C@H](CCCN2CCN(CC3CCOCC3)CC2)Cc2ccccc2)CCCC1)c1ccc2ccccc2c1,-4.834162375309872,-5.224753740259764,,train
O=C(NC1(C(=O)O)CCC1)c1cc(F)cc2cc(-c3ccc(C(F)(F)F)cc3)oc12,-4.735182176990463,,,test
O=C(NC1(C(F)(F)F)CC1)[C@@H]1CCCCOc2cccc(c2)C[C@H](N2CCCC2=O)C(=O)N[C@@H](CCc2ccccc2)C(=O)N1,,-6.838631997765025,,train
O=C(NC12CC3CC(CC(C3)C1)C2)N[C@H]1CC[C@H](Oc2ccc(C(=O)O)cc2)CC1,-8.721246399047171,,,train
O=C(NC12CC3CC(CC(C3)O1)C2)N[C@H]1CC[C@H](Oc2ccc(C(=O)O)cc2)CC1,-8.853871964321762,,,train
O=C(NC12CC3CC(Cl)(CC(C1)c1ccccc13)C2)N[C@H]1CC[C@H](Oc2ccc(C(=O)O)cc2)CC1,-7.667561540084395,,,val
O=C(NC12CC3CC(F)(CC(C1)c1ccccc13)C2)N[C@H]1CC[C@H](Oc2ccc(C(=O)O)cc2)CC1,-9.045757490560677,,,train
O=C(NC1C2CC3C4CC5CC3C1C(C5)C4C2)N[C@H]1CC[C@H](Oc2ccc(C(=O)O)cc2)CC1,-8.508638306165727,,,train
O=C(NC1C2CC3CC1CC(O)(C3)C2)c1cnc(N[C@H]2CCOC2)nc1C1CCCC1,,,-5.522878745280337,train
O=C(NC1CC(F)(F)C1)c1ccc2cc(Oc3ccc(C(F)(F)F)cn3)ccc2n1,,-4.91721462968355,,train
O=C(NC1CC(F)C1)c1ccc2cc(Oc3ccc(C(F)(F)F)cn3)ccc2n1,,-4.777283528852417,,train
O=C(NC1CC1)c1cc2c(-c3cccc(Cl)c3)ccnc2[nH]1,-4.7447274948966935,,,train
O=C(NC1CC1)c1cc2c(N3CCCC3c3ccccn3)ccnc2[nH]1,-4.886056647693163,,,train
O=C(NC1CC1)c1nc2cccnn2c1-c1ccc2ncnn2c1,,,-4.568636235841013,train
O=C(NC1CC2CCC(C1)N2Cc1ccc2cc(F)ccc2c1)c1cc[n+]([O-])cc1C(=O)N1CCCCC1,,-5.327902142064283,,train
O=C(NC1CC2CCC(C1)N2Cc1ccc2cc(F)ccc2c1)c1ccccc1-c1ccccc1,,-4.522878745280337,,test
O=C(NC1CCC1)c1ccc2cc(Oc3ccc(C(F)(F)F)cn3)ccc2n1,,-5.468521082957745,,train
O=C(NC1CCCC1)C1CCN(c2nc3cc(Cl)ccc3o2)CC1,,,-4.455931955649724,train
O=C(NC1CCCC1)[C@@H]1CCCCOc2cccc(c2)CC2(COC2)C(=O)N[C@@H](CCN2CCOCC2)C(=O)N1,,-7.050609993355088,,train
O=C(NC1CCCC1)[C@@H]1CCCCOc2cccc(c2)C[C@H](N2CCCC2=O)C(=O)N[C@@H](CCN2CCC(F)(F)CC2)C(=O)N1,,-6.876148359032914,,train
O=C(NC1CCCC1)[C@@H]1CCCCOc2cccc(c2)C[C@H](N2CCCC2=O)C(=O)N[C@@H](CCN2CCOCC2)C(=O)N1,,-7.823908740944319,,train
O=C(NC1CCCC1)[C@@H]1CCCCOc2cccc(c2)C[C@H](N2CCCC2=O)C(=O)N[C@@H](CCc2ccc(F)cc2)C(=O)N1,,-6.673664139071248,,train
O=C(NC1CCCC1)[C@@H]1CCCCOc2cccc(c2)C[C@H](N2CCCC2=O)C(=O)N[C@@H](CCc2ccccc2)C(=O)N1,,-6.82102305270683,,train
O=C(NC1CCCC1)[C@@H]1CCCCOc2cccc(c2)C[C@H](N2CCCC2=O)C(=O)N[C@@H](COc2ccccc2)C(=O)N1,,-6.681936665037239,,train
O=C(NC1CCCS(=O)(=O)C1)c1ccc(Oc2ccc(C#C[C@]3(O)CN4CCC3CC4)cc2)cc1,-5.886056647693163,,,train
O=C(NC1COC1)c1cc2c(N3CCCC3c3ccccn3)ccnc2[nH]1,-5.154901959985743,,,train
O=C(NC1COC1)c1cc2c(N3CCCC3c3cccnc3)ccnc2[nH]1,-6.0,,,train
O=C(NC1Cc2ccccc2N(CC(CO)CO)C1=O)c1cc2cc(Cl)sc2[nH]1,-4.769551078621726,,,train
O=C(NC1Cc2ccccc2N(C[C@@H](O)CO)C1=O)c1cc2cc(Cl)sc2[nH]1,-4.537602002101044,,,train
O=C(NCC(F)(F)F)[C@@H]1CCCCOc2cccc(c2)C[C@H](N2CCCC2=O)C(=O)N[C@@H](CCc2ccccc2)C(=O)N1,,-6.728158393463501,,train
O=C(NCC(F)(F)F)[C@@H]1COCCOc2cccc(c2)C[C@H](N2CCCC2=O)C(=O)N[C@@H](CCc2ccccc2)C(=O)N1,,-6.920818753952375,,train
O=C(NCC(F)(F)F)[C@@H]1Cc2cccc(c2)Oc2cccc(c2)C[C@H](N2CCCC2=O)C(=O)N[C@@H](CCc2ccccc2)C(=O)N1,,-6.669586226650809,,val
O=C(NCC(F)F)[C@@H]1CCCCOc2cccc(c2)C[C@H](N2CCCC2=O)C(=O)N[C@@H](CCc2ccccc2)C(=O)N1,,-7.142667503568732,,val
O=C(NCC1(O)CCCC(F)(F)C1)c1c(Cl)ccc2nc(N3CC[C@H](F)C3)ccc12,,,-5.050609993355088,test
O=C(NCC1CC1)[C@@H]1CCCCOc2cccc(c2)C[C@H](N2CCCC2=O)C(=O)N[C@@H](CCc2ccccc2)C(=O)N1,,-6.987162775294828,,test
O=C(NCC1CC12CCN(C(=O)c1ccccc1)CC2)N1Cc2ccncc2C1,,,-5.102372908709558,train
O=C(NCC1CCC(F)(F)CC1)c1c(Cl)ccc2nc(N3CCC(CCO)C3)ccc12,,,-4.782516055786094,train
O=C(NCC1CCC(F)(F)CC1)c1c(Cl)ccc2nc(N3CCC(NCCO)C3)ccc12,,,-6.744727494896694,val
O=C(NCC1CCC(F)(F)CC1)c1c(Cl)ccc2nc(N3CCCC3)ccc12,,,-4.497572880015567,train
O=C(NCC1CCC(F)(F)CC1)c1c(Cl)ccc2nc(N3CC[C@@H](F)C3)ccc12,,,-4.735182176990464,test
O=C(NCC1CCC(F)(F)CC1)c1c(Cl)ccc2nc(N3CC[C@H](F)C3)ccc12,,,-4.85078088734462,val
O=C(NCC1CCC1)c1nccnc1NC(=O)c1ccc(Cn2ccnn2)c2ccccc12,-4.301029995663981,,,train
O=C(NCC1CCCC(F)(F)C1)c1c(Cl)ccc2nc(N3CC[C@@H](F)C3)ccc12,,,-4.785156151952302,train
O=C(NCC1CCOCC1)c1nc(OS(=O)(=O)CCC(F)(F)F)ccc1NC(=O)c1ccc(Cn2ccnn2)c2ccccc12,-4.6777807052660805,,,train
O=C(NCC1CCOCC1)c1ncccc1NC(=O)c1ccc(Cn2ccnn2)c2ccccc12,-4.366531544420414,,,train
O=C(NCCC1CC1)c1ccc(N2CCN(C(=O)c3cc(Cl)ccc3C(F)(F)F)CC2)nn1,-4.494850021680094,,,train
O=C(NCCC1CC1)c1ccc(N2CCN(C(=O)c3cc(F)ccc3C(F)(F)F)CC2)nn1,-4.522878745280337,,,train
O=C(NCCC1CC1)c1ccc(N2CCN(C(=O)c3cc(F)ccc3Cl)CC2)nn1,-4.552841968657781,,,train
O=C(NCCC1CC1)c1ccc(N2CCN(C(=O)c3ccc(F)cc3C(F)(F)F)CC2)nn1,-4.657577319177793,,,train
O=C(NCCC1CC1)c1ccc(N2CCN(C(=O)c3cccc(F)c3C(F)(F)F)CC2)nn1,-4.698970004336019,,,train
O=C(NCCC1CC1)c1ccc(N2CCN(C(=O)c3ccccc3C(F)(F)F)CC2)nn1,-4.619788758288394,,,test
O=C(NCCCC1CC1)c1ccc(N2CCN(C(=O)c3ccccc3C(F)(F)F)CC2)nn1,-4.494850021680094,,,train
O=C(NCCCCC1CC1)c1ccc(N2CCN(C(=O)c3ccccc3C(F)(F)F)CC2)nn1,-4.886056647693163,,,train
O=C(NCCCCCCCCCCNc1c2c(nc3cc(Cl)ccc13)CCCC2)c1cc(=O)c2c(O)cc(O)cc2o1,,-5.10790539730952,,train
O=C(NCCCCCCCCCCNc1c2c(nc3cc(Cl)ccc13)CCCC2)c1cc(=O)c2cc(O)c(O)cc2o1,,-5.275724130399211,,val
O=C(NCCCCCCCCCCNc1c2c(nc3cc(Cl)ccc13)CCCC2)c1cc(=O)c2cc(O)ccc2o1,,-4.939302159646388,,train
O=C(NCCCCCCCCCCNc1c2c(nc3cc(Cl)ccc13)CCCC2)c1cc(=O)c2ccccc2o1,,-5.1487416512809245,,train
O=C(NCCCCCCCCCCNc1c2c(nc3ccccc13)CCCC2)c1cc(=O)c2c(O)cc(O)cc2o1,,-4.882728704344236,,val
O=C(NCCCCCCCCCCNc1c2c(nc3ccccc13)CCCC2)c1cc(=O)c2cc(O)c(O)cc2o1,,-5.200659450546419,,train
O=C(NCCCCCCCCCCNc1c2c(nc3ccccc13)CCCC2)c1cc(=O)c2cc(O)ccc2o1,,-4.636388020107856,,train
O=C(NCCCCCCCCCCNc1c2c(nc3ccccc13)CCCC2)c1cc(=O)c2ccccc2o1,,-5.040958607678906,,train
O=C(NCCCCO)c1ccc(OCc2cccc(Cl)c2)c(Cl)c1,,-5.913640169325252,,train
O=C(NCCCCc1ccccc1)NC1CCC(O)CC1,,-8.099086932262331,,train
O=C(NCCCCc1ccccc1)NC1CCNCC1,,-8.148741651280925,,train
O=C(NCCCN1CCCC1=O)c1cnc(NCc2cc(Cl)ccc2Cl)nc1NC1CCCC1,,-7.0,,train
O=C(NCCCNc1ccnc(Nc2cccc(NC(=O)N3CCCC3)c2)n1)C1CCC1,,-7.084072788302884,,train
O=C(NCCCNc1nc(Nc2ccc(-n3cncn3)cc2)ncc1C1CC1)C1CCC1,-7.0,,,val
O=C(NCCCNc1nc(Nc2ccc(CN3CCCCC3)nc2)ncc1C1CC1)C1CCC1,-9.0,,,train
O=C(NCCCNc1nc(Nc2ccc(N3CCOCC3)cc2)ncc1C1CC1)C1CCC1,-6.468521082957745,,,train
O=C(NCCCNc1nc(Nc2cccc(CN3CCOCC3)c2)ncc1C1CC1)C1CCC1,,-5.585026652029182,,train
O=C(NCCCNc1nc(Nc2cccc(NC(=O)N3CCCC3)c2)ncc1Br)C1CCC1,,-6.053056729302175,,train
O=C(NCCCNc1nc(Nc2cccc(NC(=O)N3CCCC3)c2)ncc1C1CC1)C1CCC1,,-6.224025668870631,,train
O=C(NCCCc1nnc(C2CC2)n1-c1ccc(F)cc1)NC1CCC(F)CC1,,-8.853871964321762,,train
O=C(NCCCc1nnc(C2CC2)n1-c1ccccc1)NC1CCOCC1,,-9.0,,train
O=C(NCCCn1c(=O)c2cc(F)ccc2n2c(=S)[nH]nc12)C1CCCC1,,-3.8096683018297086,,train
O=C(NCCCn1c(=O)c2cc(F)ccc2n2c(=S)[nH]nc12)C1CCOCC1,,-5.096910013008056,,train
O=C(NCCCn1c(=O)c2cc(F)ccc2n2c(=S)[nH]nc12)c1ccc(Cn2ccnc2)cc1,,-4.329754146925876,,train
O=C(NCCCn1c(=O)c2cc(F)ccc2n2c(=S)[nH]nc12)c1ccccc1,,-3.573488738635425,,train
O=C(NCCN1CCC(F)(F)C1)c1cc(NCCCN2CCOCC2)nc2ccc(F)cc12,,-7.050609993355088,,train
O=C(NCCN1CCC(F)(F)CC1)c1cc(NCCCN2CCOCC2)nc2ccc(F)cc12,,-7.026872146400302,,train
O=C(NCCN1CCC(F)CC1)c1cc(NCCCN2CCOCC2)nc2ccc(F)cc12,,-7.236572006437063,,val
O=C(NCCN1CCC1)c1cc(-c2ccc(CN3CCOCC3)cc2)nc2ccc(F)cc12,,-7.1249387366083,,train
O=C(NCCN1CCCC(F)(F)C1)c1cc(NCCCN2CCOCC2)nc2ccc(F)cc12,,-6.920818753952375,,train
O=C(NCCN1CCCC1)c1cc(-c2ccc(CN3CCCC3=O)cc2)nc2ccc(F)cc12,,-7.309803919971486,,train
O=C(NCCN1CCCC1)c1cc(-c2ccc(CN3CCOCC3)c(F)c2)nc2ccc(F)cc12,,-7.200659450546418,,train
O=C(NCCN1CCCC1)c1cc(-c2ccc(CN3CCOCC3)cc2)nc2ccc(F)cc12,,-7.136677139879544,,test
O=C(NCCN1CCCC1)c1cc(-c2ccc(CN3CCOCC3)cc2F)nc2ccc(F)cc12,,-6.87942606879415,,val
O=C(NCCN1CCCC1)c1cc(-c2ccc(CN3CCS(=O)(=O)CC3)cc2)nc2ccc(F)cc12,,-7.853871964321762,,train
O=C(NCCN1CCCC1)c1cc(-c2ccc(S(=O)(=O)N3CCOCC3)cc2)nc2ccc(F)cc12,,-7.537602002101044,,train
O=C(NCCN1CCCC1)c1cc(NCCC2CCOCC2)nc2ccc(Cl)cc12,,-7.318758762624412,,train
O=C(NCCN1CCCC1)c1cc(NCCCCN2CCOCC2)nc2ccc(Cl)cc12,,-8.698970004336019,,train
O=C(NCCN1CCCC1)c1cc(NCCCN2CCOCC2)nc2ccc(F)cc12,,-8.638272163982407,,train
O=C(NCCN1CCCC1)c1ccc(-c2cnc3ccc(NCC4CC4)nn23)cc1,,-4.301029995663981,-5.638272163982407,train
O=C(NCCN1CCCC1)c1ccc(-c2cnc3ccc(NCC4CC4)nn23)cc1F,,-4.301029995663981,-5.251811972993799,train
O=C(NCCN1CCCC1)c1ccc(-c2cnc3ccc(NCC4CC4)nn23)nc1,,-4.958607314841775,,train
O=C(NCCN1CCCCC1)c1ccc(-c2nc3c(oc4ccc(Br)cc43)c(=O)[nH]2)c(Cl)c1,,,-8.096910013008056,train
O=C(NCCN1CCOCC1)Nc1nc2ccc(Sc3nnc4ccc(-c5ccc(F)cc5)nn34)cc2s1,-6.045757490560675,,,train
O=C(NCCN1CCOCC1)Nc1nc2ccc(Sc3nnc4ccc(-c5cccc(F)c5)nn34)cc2s1,-6.3979400086720375,,,train
O=C(NCCN1CCOCC1)Nc1nc2ccc(Sc3nnc4ccc(NC5CCOCC5)nn34)cc2s1,-6.698970004336019,,,train
O=C(NCCN1CCOCC1)Nc1nc2ccc(Sc3nnc4ccc(OC5CCCC5)nn34)cc2s1,-5.585026652029182,,,train
O=C(NCCN1CCOCC1)Nc1nc2ccc(Sc3nnc4ccc(OC5CCCCC5)nn34)cc2s1,-5.008773924307505,,,train
O=C(NCCN1CCOCC1)Nc1nc2ccc(Sc3nnc4ccc(OC5CCCCCC5)nn34)cc2s1,-5.698970004336019,,,test
O=C(NCCN1CCOCC1)Nc1nc2ccc(Sc3nnc4ccc(Oc5cccc(F)c5)nn34)cc2s1,-6.096910013008056,,,train
O=C(NCCN1CCOCC1)Nc1nc2ccc(Sc3nnc4ccc(Oc5ccccc5)nn34)cc2s1,-6.096910013008056,,,train
O=C(NCCN1CCOCC1)c1cc(NCCCN2CCOCC2)nc2ccc(F)cc12,,-7.619788758288394,,val
O=C(NCCNC1CC1)c1cc(-c2ccc(CN3CCOCC3)cc2)nc2ccc(F)cc12,,-7.309803919971486,,train
O=C(NCCO)c1ccc2[nH]cc(C(=O)c3ccccc3)c2c1,,-8.0,,train
O=C(NCCO)c1ccc2ccc(C(=O)c3ccccc3)c-2cc1,,-5.744727494896694,,train
O=C(NCCc1c[nH]c2ccccc12)c1ccc2[nH]cc(C(=O)c3ccccc3)c2c1,,-8.0,,train
O=C(NCCc1c[nH]c2ccccc12)c1ccc2ccc(C(=O)c3ccccc3)c-2cc1,,-7.522878745280337,,train
O=C(NCCc1ccccc1)c1ccc(N2CCN(C(=O)c3ccccc3C(F)(F)F)CC2)nn1,-4.795880017344075,,,test
O=C(NCCc1ccccn1)c1cc(-c2ccc(CN3CCOCC3)cc2)nc2ccc(F)cc12,,-7.029188389127483,,train
O=C(NCCc1cnc[nH]1)C1=CC2C(C(=O)c3ccccc3)=CN=C2C=C1,,-8.0,,train
O=C(NCCc1cnc[nH]1)c1ccc2ccc(C(=O)c3ccccc3)c-2cc1,,-6.522878745280337,,train
O=C(NCCc1nc2ncc(Cl)cc2[nH]1)c1ccccc1,,-5.05700040663396,,train
O=C(NC[C@@H](NS(=O)(=O)c1cccc(Cl)c1Cl)C(=O)O)c1ccsc1,,-7.337242168318426,,val
O=C(NC[C@@H](O)c1ccccc1)c1ccc(N2CCN(C(=O)c3ccccc3C(F)(F)F)CC2)nn1,-4.638272163982407,,,train
O=C(NC[C@@H]1CCCCN1)c1ccc(-c2cnc3ccc(NCC4CC4)nn23)cc1,,-5.638272163982407,,val
O=C(NC[C@@H]1CCCN1)c1ccc(-c2cnc3ccc(NCC4CC4)nn23)cc1,,-5.824553574203385,,train
O=C(NC[C@@H]1CCCN1)c1ccc(-c2cnc3ccc(NCC4CC4)nn23)cc1Cl,,-4.853871964321762,,train
O=C(NC[C@@H]1CCCN1)c1ccc(-c2cnc3ccc(NCC4CC4)nn23)cc1F,,-4.721246399047171,,train
O=C(NC[C@@H]1CCCN1)c1ccc(-c2cnc3ccc(NCc4ccc(Cl)c(Cl)c4)nn23)cc1,,-5.698970004336019,,test
O=C(NC[C@@H]1CCCN1)c1ccc(-c2cnc3ccc(NCc4cccc(Cl)c4)nn23)cc1,,-5.698970004336019,,train
O=C(NC[C@@H]1C[C@@H](F)CN1)c1ccc(-c2cnc3ccc(NC4CCC4)nn23)cc1F,,-4.301029995663981,-5.154901959985743,train
O=C(NC[C@@H]1C[C@@H](F)CN1)c1ccc(-c2cnc3ccc(NC4CCCC4)nn23)cc1F,,-4.301029995663981,,test
O=C(NC[C@@H]1C[C@@H](F)CN1)c1ccc(-c2cnc3ccc(NCC4CC4)nn23)cc1,,-4.443697499232713,,train
O=C(NC[C@@H]1C[C@@H](F)CN1)c1ccc(-c2cnc3ccc(NCC4CC4)nn23)cc1F,,-4.301029995663981,-5.376750709602099,train
O=C(NC[C@@H]1C[C@@H](F)CN1)c1ccc(-c2cnc3ccc(NCCCCCF)nn23)cc1F,,-4.431798275933005,,train
O=C(NC[C@@H]1C[C@@H](F)CN1)c1ccc(-c2cnc3ccc(NCCCCF)nn23)cc1F,,-4.301029995663981,,train
O=C(NC[C@@H]1C[C@@H](F)CN1)c1ccc(-c2cnc3ccc(NCCCF)nn23)cc1F,,-4.481486060122113,,train
O=C(NC[C@@H]1[C@H]2CN(C(=O)/C=C/c3cc(Cl)cc(Cl)c3)C[C@@H]12)c1ccc2[nH]c(=O)oc2c1,-4.42021640338319,,,train
O=C(NC[C@@H]1[C@H]2CN(C(=O)C3CC3c3cc(Cl)cc(Cl)c3)C[C@@H]12)c1ccc2[nH]c(=O)oc2c1,-4.1938200260161125,,,test
O=C(NC[C@@H]1[C@H]2CN(C(=O)CCc3cc(Cl)cc(Cl)c3)C[C@@H]12)c1ccc2[nH]c(=O)oc2c1,-4.7447274948966935,,,train
O=C(NC[C@@H]1[C@H]2CN(C(=O)N3CCc4c(Cl)cc(Cl)cc4C3)C[C@@H]12)c1ccc2[nH]c(=O)oc2c1,-4.327902142064283,,,train
O=C(NC[C@@H]1[C@H]2CN(C(=O)NCc3cc(Cl)cc(Cl)c3)C[C@@H]12)c1ccc2[nH]c(=O)oc2c1,-5.698970004336019,,,train
O=C(NC[C@@H]1[C@H]2CN(C(=O)OCc3cc(C(F)(F)F)cc(C(F)(F)F)c3)C[C@@H]12)c1ccc2[nH]c(=O)oc2c1,-3.9665762445130506,,,train
O=C(NC[C@@H]1[C@H]2CN(C(=O)OCc3cc(C(F)(F)F)cc(C(F)(F)F)c3)C[C@@H]12)c1ccc2[nH]nnc2c1,-5.045757490560675,,,train
O=C(NC[C@@H]1[C@H]2CN(C(=O)OCc3cc(Cl)cc(Cl)c3)C[C@@H]12)c1ccc2[nH]c(=O)oc2c1,-3.863279432843593,,,train
O=C(NC[C@H](O)c1ccccc1)c1ccc(N2CCN(C(=O)c3ccccc3C(F)(F)F)CC2)nn1,-4.657577319177793,,,train
O=C(NC[C@]1(O)CCCC(F)(F)C1)c1c(Cl)ccc2nc(N3CC[C@@H](F)C3)ccc12,,,-5.167491087293763,train
O=C(NCc1cc(Cl)ccc1-n1cnnn1)[C@@H]1CC=NN1C(=O)[C@H](O)C1CCCCC1,-4.721246399047171,,,train
O=C(NCc1cc(Cl)ccc1-n1cnnn1)[C@@H]1CC=NN1C(=O)[C@H](O)Cc1ccccc1,-4.958607314841775,,,train
O=C(NCc1cc(Cl)ccc1-n1cnnn1)[C@@H]1CC=NN1C(=O)[C@H](O)c1ccc(F)cc1,-5.236572006437063,,,train
O=C(NCc1cc(Cl)ccc1-n1cnnn1)[C@@H]1CC=NN1C(=O)[C@H](O)c1ccccc1,-5.154901959985743,,,train
O=C(NCc1cc(Cl)ccc1-n1cnnn1)[C@@H]1CC=NN1C(=O)[C@H](O)c1ccccc1F,-5.050609993355088,,,train
O=C(NCc1cc(Cl)ccc1-n1cnnn1)[C@@H]1CCNN1C(=O)[C@H](O)c1ccccc1,-5.275724130399211,,,train
O=C(NCc1cc(Cl)ccc1-n1cnnn1)[C@@H]1C[C@@H]2C[C@@H]2N1C(=O)[C@H](O)C1CCCCC1,-4.795880017344075,,,train
O=C(NCc1cc(Cl)ccc1-n1cnnn1)[C@@H]1C[C@@H]2C[C@@H]2N1C(=O)[C@H](O)CC1CC1,-5.443697499232713,,,val
O=C(NCc1cc(Cl)ccc1-n1cnnn1)[C@@H]1C[C@@H]2C[C@@H]2N1C(=O)[C@H](O)Cc1ccccn1,-5.920818753952375,,,test
O=C(NCc1cc(Cl)ccc1-n1cnnn1)[C@@H]1C[C@@H]2C[C@@H]2N1C(=O)[C@H](O)Cn1cccn1,-6.346787486224656,,,train
O=C(NCc1cc(Cl)ccc1-n1cnnn1)[C@@H]1C[C@@H]2C[C@@H]2N1C(=O)[C@H](O)c1ccccc1,-5.096910013008056,,,train
O=C(NCc1cc(Cl)ccc1-n1cnnn1)[C@@H]1C[C@@H]2C[C@@H]2N1C(=O)[C@H](O)c1ccccc1F,-4.795880017344075,,,train
O=C(NCc1cc(Cl)ccc1-n1cnnn1)[C@@H]1C[C@H]2C[C@H]2N1C(=O)[C@H](O)CC1CC1,-5.161150909262744,,,val
O=C(NCc1cc(Cl)ccc1-n1cnnn1)[C@@H]1C[C@H]2C[C@H]2N1C(=O)[C@H](O)c1ccccc1,-4.769551078621726,,,train
O=C(NCc1cc(Cl)ccc1-n1cnnn1)[C@@H]1[C@@H]2C[C@@H]2CN1C(=O)[C@H](O)Cc1ccccn1,-6.2076083105017466,,,train
O=C(NCc1cc(Cl)ccc1-n1cnnn1)[C@@H]1[C@@H]2C[C@@H]2CN1C(=O)[C@H](O)c1ccccc1,-5.657577319177793,,,train
O=C(NCc1cc(Cl)ccc1-n1cnnn1)[C@@H]1[C@@H]2C[C@@H]2CN1C(=O)[C@H](O)c1ccccc1F,-5.638272163982407,,,test
O=C(NCc1cc(Cl)ccc1-n1cnnn1)[C@@H]1[C@H]2C[C@H]2CN1C(=O)[C@H](O)C1CCCCC1,-4.6020599913279625,,,train
O=C(NCc1cc(Cl)ccc1-n1cnnn1)[C@@H]1[C@H]2C[C@H]2CN1C(=O)[C@H](O)CC1CC1,-5.468521082957745,,,train
O=C(NCc1cc(Cl)ccc1-n1cnnn1)[C@@H]1[C@H]2C[C@H]2CN1C(=O)[C@H](O)Cn1cccn1,-6.508638306165728,,,train
O=C(NCc1cc(Cl)ccc1-n1cnnn1)[C@@H]1[C@H]2C[C@H]2CN1C(=O)[C@H](O)c1ccccc1,-4.920818753952375,,,val
O=C(NCc1cc(F)cc(Cl)c1)[C@@]1(O)CCN(c2ccc3[nH]ccc3c2)C1=O,-4.6777807052660805,,,train
O=C(NCc1cc(F)cc(Cl)c1)[C@@]1(O)CCN(c2ccc3[nH]ncc3c2)C1=O,-4.619788758288394,,,train
O=C(NCc1cc(F)cc(Cl)c1)[C@@]1(O)CCN(c2cnc3[nH]cc(Cl)c3c2)C1=O,-4.522878745280337,,,test
O=C(NCc1cc(F)cc(Cl)c1)[C@@]1(O)CCN(c2cnc3[nH]ccc3c2)C1=O,-4.619788758288394,,,test
O=C(NCc1cc(F)cc(F)c1)[C@@]1(O)CCN(c2ccc3[nH]ccc3c2)C1=O,-4.552841968657781,,,train
O=C(NCc1cc(F)cc(F)c1)[C@@]1(O)CCN(c2ccc3[nH]ncc3c2)C1=O,-4.853871964321762,,,test
O=C(NCc1cc(F)cc(F)c1)[C@@]1(O)CCN(c2cnc3[nH]cc(Cl)c3c2)C1=O,-4.568636235841013,,,train
O=C(NCc1cc(F)cc(F)c1)[C@@]1(O)CCN(c2cnc3[nH]ccc3c2)C1=O,-4.721246399047171,,,test
O=C(NCc1cc2cc(Cl)c3oc(=O)[nH]c(=O)c3c2o1)c1cnn2cccnc12,,-6.913640169325252,,train
O=C(NCc1cc2cc(Cl)cc(-c3nn[nH]n3)c2o1)c1cnn2cccnc12,,-8.698970004336019,,val
O=C(NCc1cc2cc(Cl)cc(C(=O)O)c2o1)c1cncc2cccnc12,,-8.698970004336019,,train
O=C(NCc1ccc(C(F)(F)F)o1)c1ccc(N2CCN(C(=O)c3ccccc3C(F)(F)F)CC2)nn1,-4.7447274948966935,,,test
O=C(NCc1ccc(F)cc1)c1nc(-c2cccs2)nc(O)c1O,,-5.958607314841775,,train
O=C(NCc1ccc(F)cc1)c1nc(C2CCCCN2)nc(O)c1O,,-7.154901959985743,,train
O=C(NCc1ccc(F)cc1)c1nc(C2CCCN2)[nH]c(=O)c1O,,-6.154901959985743,,train
O=C(NCc1ccc(S(=O)(=O)C2CCN(C3CCOCC3)CC2)cc1)N1Cc2ccncc2C1,,,-7.0,train
O=C(NCc1ccc(S(=O)(=O)C2CCN(C3CCOCC3)CC2)cc1)c1cc2ccncc2o1,,,-5.698970004336019,train
O=C(NCc1ccc(S(=O)(=O)C2CCN(C3CCOCC3)CC2)cc1)c1cc2cnccc2[nH]1,,,-6.3979400086720375,train
O=C(NCc1ccc(S(=O)(=O)C2CCN(C3COC3)CC2)cc1)N1Cc2ccncc2C1,,,-7.0,train
O=C(NCc1ccc(S(=O)(=O)C2CCN(C3COC3)CC2)cc1)c1cc2ccncc2o1,,,-5.698970004336019,train
O=C(NCc1ccc(S(=O)(=O)C2CCOCC2)cc1)c1cc2ccncc2o1,,,-4.920818753952375,train
O=C(NCc1ccc(S(=O)(=O)C2CCOCC2)cc1)c1cc2cnccc2[nH]1,,,-6.045757490560675,train
O=C(NCc1ccc(S(=O)(=O)N2CCOCC2)cc1)c1cc2ccncc2o1,,,-4.823908740944319,train
O=C(NCc1ccc(S(=O)(=O)N2CCOCC2)cc1)c1cc2ccncc2s1,,,-4.886056647693163,train
O=C(NCc1ccc(S(=O)(=O)N2CCOCC2)cc1)c1cc2cnccc2[nH]1,,,-5.886056647693163,train
O=C(NCc1ccc(S(=O)(=O)c2cc(F)cc(F)c2)cc1)c1cc2ccncc2o1,,,-4.853871964321762,val
O=C(NCc1ccc(S(=O)(=O)c2cc(F)cc(F)c2)cc1)c1cc2ccncc2s1,,,-4.823908740944319,train
O=C(NCc1ccc(S(=O)(=O)c2cc(F)cc(F)c2)cc1)c1cc2cnccc2[nH]1,,,-4.903437700822769,train
O=C(NCc1ccc(S(=O)(=O)c2cc(F)cc(F)c2)cc1)c1ccc2nccn2c1,,,-4.920818753952375,val
O=C(NCc1ccc(S(=O)(=O)c2cc(F)cc(F)c2)cc1)c1cnc2[nH]ncc2c1,,,-5.10790539730952,train
O=C(NCc1ccc(S(=O)(=O)c2cc(F)cc(F)c2)cc1)c1cnc2nccn2c1,,,-5.301029995663981,train
O=C(NCc1ccc(S(=O)(=O)c2cc(F)cc(F)c2)cn1)c1cc2ccncc2o1,,,-4.638272163982407,train
O=C(NCc1ccc(S(=O)(=O)c2cc(F)cc(F)c2)cn1)c1cc2cnccc2[nH]1,,,-5.055517327849832,train
O=C(NCc1ccc(S(=O)(=O)c2ccc(N3CCOCC3)nc2)cc1)c1cc2ccncc2o1,,,-4.823908740944319,test
O=C(NCc1ccc(S(=O)(=O)c2ccc(N3CCOCC3)nc2)cc1)c1cc2cnccc2[nH]1,,,-6.0,train
O=C(NCc1ccc(S(=O)(=O)c2ccc(N3CCOCC3)nc2)cc1)c1ccc2nccn2c1,,,-5.522878745280337,train
O=C(NCc1ccc(S(=O)(=O)c2ccc(N3CCOCC3)nc2)cc1)c1cnc2[nH]ncc2c1,,,-6.070581074285707,train
O=C(NCc1ccc(S(=O)(=O)c2ccc(N3CCOCC3)nc2)cc1)c1cnc2nccn2c1,,,-6.522878745280337,train
O=C(NCc1ccc(S(=O)(=O)c2cccc(C(F)(F)F)c2)cc1)c1cc2ccncc2o1,,,-4.886056647693163,val
O=C(NCc1ccc(S(=O)(=O)c2cccc(C(F)(F)F)c2)cc1)c1cc2ccncc2s1,,,-5.096910013008056,train
O=C(NCc1ccc(S(=O)(=O)c2cccc(C(F)(F)F)c2)cc1)c1cc2cnccc2[nH]1,,,-5.301029995663981,test
O=C(NCc1ccc(S(=O)(=O)c2cccc(C(F)(F)F)c2)cc1)c1cnc2[nH]ncc2c1,,,-4.958607314841775,train
O=C(NCc1ccc(S(=O)(=O)c2cccc(C(F)(F)F)c2)cn1)c1cc2ccncc2o1,,,-4.721246399047171,val
O=C(NCc1ccc(S(=O)(=O)c2cccc(OC(F)(F)F)c2)cc1)c1cnc2[nH]ncc2c1,,,-5.3979400086720375,train
O=C(NCc1ccc(S(=O)(=O)c2ccccc2)cc1)N1Cc2ccncc2C1,,,-5.080921907623926,train
O=C(NCc1ccc(S(=O)(=O)c2ccccc2)cc1)c1cc2ccncc2o1,,,-4.721246399047171,val
O=C(NCc1ccc(S(=O)(=O)c2ccccc2)cn1)c1cc2ccncc2o1,,,-4.823908740944319,train
O=C(NCc1ccc(S(=O)(=O)c2cnc3ccccc3c2)cc1)c1cnc2[nH]ncc2c1,,,-5.795880017344075,train
O=C(NCc1ccc(S(=O)(=O)c2cncc(C(F)(F)F)c2)cc1)c1cnc2[nH]ncc2c1,,,-5.356547323513813,train
O=C(NCc1ccc(S(=O)(=O)c2cncc(Cl)c2)cc1)c1cnc2[nH]ncc2c1,,,-5.6020599913279625,train
O=C(NCc1ccc([S+]([O-])C2CCN(C3CCOCC3)CC2)cc1)c1cc2ccncc2o1,,,-6.3979400086720375,train
O=C(NCc1ccc([S+]([O-])c2cc(F)cc(F)c2)cn1)c1cc2ccncc2o1,,,-4.711254100081387,train
O=C(NCc1ccc([S@@+]([O-])c2cc(F)cc(F)c2)cn1)c1cc2ccncc2o1,,,-4.6777807052660805,train
O=C(NCc1cccc(-c2ccc(CS(=O)(=O)Cc3n[nH]c(=O)[nH]3)cc2)c1)c1nc2ccccc2c(=O)[nH]1,,-8.154901959985743,,train
O=C(NCc1cccc(Cl)c1)c1ccc2cn(CCN3CCOC3=O)nc2c1,-7.207608310501746,,,train
O=C(NCc1cccc2c1OCCO2)c1ccc(-c2ccncc2)cc1,,-4.826813731587726,,train
O=C(NCc1ccccc1)c1ccc(N2C3CCC2CC(NC(=O)c2ccc(CO)cc2)C3)nc1,,,-7.602059991327962,train
O=C(NCc1ccccc1)c1ccc(N2CCN(C(=O)c3ccccc3C(F)(F)F)CC2)nn1,-4.468521082957745,,,train
O=C(NCc1cccnc1)Nc1ccc(S(=O)(=O)N2CCC3(CCNC3)CC2)cc1,,,-7.154901959985743,train
O=C(NCc1cccnc1)Nc1ccc(S(=O)(=O)N[C@H]2CCC[C@H](O)C2)cc1,,,-7.0,train
O=C(NCc1cccnc1)Nc1ccc(S(=O)(=O)c2ccccc2)cc1,,,-5.508638306165728,test
O=C(NCc1cccnc1)c1cc(-n2cnn(Cc3ccc(F)cc3)c2=O)n[nH]1,-4.920818753952375,,,train
O=C(NCc1cccnc1)c1ccc2[nH]cc(C(=O)c3ccccc3)c2c1,,-7.0,,train
O=C(NCc1cccnc1)c1ccc2ccc(C(=O)c3ccccc3)c-2cc1,,-5.619788758288394,,test
O=C(NCc1ccncc1)Nc1ccc2cc(-c3ccccc3)nn2c1,,-7.301029995663981,,train
O=C(NCc1ccncc1)Nc1ccc2cn(-c3ccccc3)nc2c1,,-7.301029995663981,,train
O=C(NCc1ccncc1)Nc1ccc2nc(-c3ccccc3)nn2c1,,-7.559090917934783,,train
O=C(NCc1ccncn1)c1ccc(Oc2ccc(C#C[C@]3(O)CN4CCC3CC4)cc2)cc1,-5.173925197299174,,,train
O=C(NCc1nc(Nc2cc(C3CC3)n[nH]2)c2cccn2n1)c1ccc(F)nc1,,-6.279840696594043,,train
O=C(NCc1ncc(S(=O)(=O)c2ccccc2)cn1)c1cc2ccncc2o1,,,-4.823908740944319,train
O=C(NCc1nccs1)c1ccc(N2CCN(C(=O)c3ccccc3C(F)(F)F)CC2)nn1,-4.537602002101044,,,train
O=C(NNS(=O)(=O)c1ccccc1F)c1cc(Cl)cc(-c2cccs2)c1,-4.555955204081924,,,train
O=C(NNS(=O)(=O)c1ccccc1F)c1cc(F)cc(-c2ccccn2)c1,-4.221848749616356,,,train
O=C(NNS(=O)(=O)c1ccccc1F)c1cccc(-c2ccco2)c1,-4.257274868695302,,,train
O=C(NNS(=O)(=O)c1ccccc1F)c1cccc(I)c1,-4.218963061378868,,,train
O=C(NO)C(c1ccc(-c2cccnn2)cc1)c1ccccc1F,,,-6.958607314841775,val
O=C(NO)C(c1ccc(-c2ccncn2)cc1)c1ccccc1F,,,-6.486782399932061,train
O=C(NO)C(c1ccc(-c2ccnnc2)cc1)c1ccccc1F,,,-7.173925197299174,val
O=C(NO)C(c1ccc(-c2cnc(C3CC3)nc2)cc1)c1ccccc1F,,,-6.453457336521869,train
O=C(NO)C(c1ccc(-c2cnccn2)cc1)c1ccccc1F,,,-6.333482019445119,val
O=C(NO)C(c1ccc(-c2cncnc2)cc1)c1ccccc1F,,,-6.571865205971212,train
O=C(NO)C(c1ccc(-c2cnco2)cc1)c1ccccc1F,,,-6.394694953858891,train
O=C(NO)C(c1ccc(-c2cncs2)cc1)c1ccccc1F,,,-6.3655227298392685,train
O=C(NO)C(c1ccc(-c2ncc(C(F)(F)F)cn2)cc1)c1ccccc1F,,,-6.531652669587842,test
O=C(NO)C(c1ccc(-c2ncc(F)cn2)cc1)c1ccccc1F,,,-6.3585258894959,train
O=C(NO)C(c1ccc(-c2ncccn2)cc1)c1ccccc1F,,,-6.454692883534176,train
O=C(NO)C(c1ccc(NS(=O)(=O)c2ccccc2)cc1)c1ccccc1F,,,-7.494850021680094,test
O=C(NO)C1(S(=O)(=O)c2ccc(Oc3ccc(OC(F)(F)F)cc3)cc2)CCC2(CCNCC2)C1,,-11.154901959985745,,train
O=C(NOCCO)c1ccc2cncn2c1Nc1ccc(I)cc1F,,,-5.2076083105017466,train
O=C(NOCCO)c1ccn2cncc2c1Nc1ccc(I)cc1F,,,-4.690369832574102,test
O=C(NOCCO)c1ncc2cncn2c1Nc1ccc(I)cc1F,,,-4.705533773838408,train
O=C(NOCc1ccccc1)Nc1ccc2c(-c3ccncc3)c[nH]c2c1,-5.187086643357144,,,train
O=C(N[C@@H](Cc1ccc(Cl)c(Br)c1)C(=O)O)c1ccc(Br)cc1NS(=O)(=O)c1cccc2nccnc12,-7.0,,,train
O=C(N[C@@H](Cc1ccc(Cl)c(Br)c1)C(=O)O)c1ccc(Br)cc1NS(=O)(=O)c1cccc2nsnc12,-7.0,,,train
O=C(N[C@@H](Cc1ccc(F)c(Br)c1)C(=O)O)c1cc(Cl)c(Cl)cc1NS(=O)(=O)c1cccc2nccnc12,-7.0,,,train
O=C(N[C@@H](Cc1ccc(F)c(Br)c1)C(=O)O)c1cc(Cl)c(Cl)cc1NS(=O)(=O)c1cccc2nsnc12,-7.698970004336019,,,train
O=C(N[C@@H](Cc1ccc(F)c(Br)c1)C(=O)O)c1ccc(Br)cc1NS(=O)(=O)c1cccc2nccnc12,-7.522878745280337,,,train
O=C(N[C@@H](Cc1ccc(F)c(Br)c1)C(=O)O)c1ccc(Br)cc1NS(=O)(=O)c1cccc2nsnc12,-7.301029995663981,,,train
O=C(N[C@@H](Cc1ccc(F)c(Br)c1)C(=O)O)c1ccc(Cl)cc1NS(=O)(=O)c1cccc2nccnc12,-7.397940008672037,,,train
O=C(N[C@@H](Cc1ccc(F)c(Br)c1)C(=O)O)c1ccc(Cl)cc1NS(=O)(=O)c1cccc2nsnc12,-7.397940008672037,,,train
O=C(N[C@@H](Cc1ccccc1)C(=O)NNC(=O)c1ccccc1)OCc1ccccc1,-4.958607314841775,,,train
O=C(N[C@@H](Cc1ccccc1)C(=O)NO)OCc1ccccc1,-4.221848749616356,,,train
O=C(N[C@@H](Cc1ccccc1)c1nnc(-c2ccccc2)o1)OCc1ccccc1,-4.886056647693163,,,train
O=C(N[C@@H]1CCOC1=O)c1ccc2cc(Oc3ccc(C(F)(F)F)cn3)ccc2n1,,-4.485452247339714,,train
O=C(N[C@@H]1CCOC[C@@H]1C(=O)NO)c1ccc(Cc2c(C(F)(F)F)nc3ccccn23)cc1,-7.301029995663981,,,val
O=C(N[C@@H]1CCOC[C@@H]1C(=O)NO)c1ccc(Cc2c(C(F)(F)F)nn3ccccc23)cc1,-5.744727494896694,,,train
O=C(N[C@@H]1CC[C@@]2(S(=O)(=O)c3ccc(F)cc3)c3ccc(C(F)(C(F)(F)F)C(F)(F)F)cc3CC[C@@H]12)C1CCS(=O)(=O)CC1,-7.136677139879544,,,train
O=C(N[C@@H]1CC[C@@]2(S(=O)(=O)c3ccc(F)cc3)c3ccc(C(F)(C(F)(F)F)C(F)(F)F)nc3CC[C@@H]12)C1CCS(=O)(=O)CC1,-7.091514981121351,,,train
O=C(N[C@@H]1C[C@H]2CCN(C2)C1)c1cc2ccoc2cn1,,,-4.6777807052660805,train
O=C(N[C@@H]1C[C@H]2CCN(C2)C1)c1ccc2ncsc2c1,,,-6.698970004336019,test
O=C(N[C@@H]1C[C@H]2CCN(C2)C1)c1ccc2occc2c1,,,-5.42021640338319,train
O=C(N[C@H](CO)[C@H](O)c1ccc([N+](=O)[O-])cc1)C(Cl)Cl,,-5.974085534639169,,train
O=C(N[C@H]1C2CC3CC1C[C@](O)(C3)C2)c1cnn2cc(Cl)cnc12,,,-4.356547323513813,train
O=C(N[C@H]1CCCC[C@@H]1O)c1cc(CN2CCN(c3cc4ccccc4cn3)CC2)c2ccccn2c1=O,,,-4.537602002101044,train
O=C(N[C@H]1CCCC[C@@H]1O)c1cc(CN2CCN(c3cc4scnc4cn3)CC2)c2ccccn2c1=O,,,-4.431798275933005,train
O=C(N[C@H]1CCOC[C@@H]1O)c1cc(Cc2ccc(-n3cccn3)cc2)ccn1,,,-4.619788758288394,test
O=C(N[C@H]1CC[C@@H](c2ccccc2)CC1)c1[nH]c(=O)[nH]c(=O)c1O,,-7.920818753952375,,test
O=C(N[C@H]1CC[C@@H](c2ccccc2)CC1)c1[nH]c(=O)n(Cc2ccccc2)c(=O)c1O,,-6.801342913045578,,train
O=C(N[C@H]1CC[C@H](O)CC1)OCCCCc1ccccc1,,-6.677470605658544,,train
O=C(N[C@H]1CN(S(=O)(=O)c2ccccc2)C[C@@H]1C(=O)N1C[C@H]2CCNC[C@H]21)c1cc(-c2ccccc2Cl)on1,-6.275724130399211,,,test
O=C(N[C@H]1CN(S(=O)(=O)c2ccccc2)C[C@@H]1C(=O)NC[C@@H]1CCCN1)c1cc(-c2ccccc2Cl)on1,-6.356547323513813,,,val
O=C(N[C@H]1CN(S(=O)(=O)c2ccccc2)C[C@@H]1C(=O)N[C@H]1CCCNC1)c1cc(-c2ccc(Cl)cc2)on1,-8.0,,,train
O=C(N[C@H]1CN(S(=O)(=O)c2ccccc2)C[C@@H]1C(=O)N[C@H]1CCCNC1)c1cc(-c2ccc(Cl)cc2Cl)on1,-7.154901959985743,,,train
O=C(N[C@H]1CN(S(=O)(=O)c2ccccc2)C[C@@H]1C(=O)N[C@H]1CCCNC1)c1cc(-c2ccccc2)on1,-6.920818753952375,,,train
O=C(N[C@H]1CN(S(=O)(=O)c2ccccc2)C[C@@H]1C(=O)N[C@H]1CCCNC1)c1cc(-c2ccccc2Cl)on1,-6.508638306165728,,,train
O=C(N[C@H]1CN(S(=O)(=O)c2ccccc2)C[C@@H]1C(=O)N[C@H]1CCCNC1)c1cc(C2CC2)n[nH]1,-6.4089353929735005,,,train
O=C(N[C@H]1CN(S(=O)(=O)c2ccccc2)C[C@@H]1C(=O)N[C@H]1CCCNC1)c1ccc(-c2cc(C(F)(F)F)ccc2Cl)o1,-7.154901959985743,,,test
O=C(N[C@H]1CN(S(=O)(=O)c2ccccc2)C[C@@H]1C(=O)N[C@H]1CCCNC1)c1cn(C2CC2)cn1,-6.318758762624413,,,train
O=C(N[C@H]1CN(S(=O)(=O)c2ccccc2)C[C@@H]1C(=O)N[C@H]1CCCNC1)c1nnc(-c2ccc(F)cc2)s1,-7.522878745280337,,,train
O=C(N[C@H]1CN2CCC1CC2)c1cc2ccoc2cn1,,,-4.468521082957745,train
O=C(N[C@H]1C[C@@H](O)C1)c1ccc2cc(Oc3ccc(C(F)(F)F)cn3)ccc2n1,,-4.709965388637482,,train
O=C(N[C@H]1C[C@H](c2nnc(-c3ccncn3)n2-c2ccccc2Cl)C1)c1ccnc2cccnc12,-5.508638306165728,,,train
O=C(N[C@H]1C[C@H](c2nnc(-c3nccs3)n2-c2ccccc2F)C1)c1ccnc2cccnc12,-4.468521082957745,,,train
O=C(N[C@]12C[C@H]1CN(c1nc(Nc3cnn(CCO)c3)ncc1F)C2)C1CC1,,,-5.356547323513813,train
O=C(Nc1c(Cl)cc(F)cc1Cl)c1cc(Cl)ccc1O,,-4.6020599913279625,,train
O=C(Nc1c(Cl)cc([N+](=O)[O-])cc1Cl)c1cc(Cl)ccc1O,,-4.275724130399211,,train
O=C(Nc1c(Cl)cccc1Cl)c1cc(Cl)ccc1O,,-4.136677139879544,,val
O=C(Nc1c(Cl)cncc1Cl)c1ccc(OC(F)F)c(OCC2CC2)c1,,-5.277366077466188,,train
O=C(Nc1c(F)cccc1F)c1cc(Cl)ccc1O,,-4.494850021680094,,train
O=C(Nc1c[nH]nc1-c1cc(Br)ccc1OC(F)F)c1cnn2cccnc12,,,-4.769551078621726,test
O=C(Nc1c[nH]nc1-c1cc(Cl)ccc1OC(F)F)c1cncc2c[nH]nc12,,,-5.022276394711152,train
O=C(Nc1c[nH]nc1-c1cc(Cl)ccc1OC(F)F)c1cnn2cccnc12,,,-4.853871964321762,val
O=C(Nc1c[nH]nc1-c1cc(I)ccc1OC(F)F)c1cnn2cccnc12,,,-4.823908740944319,train
O=C(Nc1c[nH]nc1-c1cc2ccccc2cc1OC(F)F)c1cnn2cccnc12,,,-4.886056647693163,train
O=C(Nc1c[nH]nc1-c1cc2cn[nH]c2cc1OC(F)F)c1cnn2cccnc12,,,-5.795880017344075,train
O=C(Nc1cc(-c2cc3c([nH]2)C2(CCCNC2)CNC3=O)ccn1)c1cc(F)cc(F)c1,,-7.200659450546418,,train
O=C(Nc1cc(-c2cc3c([nH]2)C2(CCCNC2)CNC3=O)ccn1)c1ccc(F)cc1,,-8.129818655252878,,train
O=C(Nc1cc(-c2cc3c([nH]2)C2(CCCNC2)CNC3=O)ccn1)c1cccc(F)c1,,-7.721246399047171,,train
O=C(Nc1cc(-c2cc3c([nH]2)C2(CCCNC2)CNC3=O)ccn1)c1ccccn1,,-8.698970004336019,,train
O=C(Nc1cc(-c2cc3c([nH]2)C2(CCNC2)CNC3=O)ccn1)c1cccc(F)c1,,-8.221848749616356,,train
O=C(Nc1cc(-c2cc3c([nH]2)C2(CCNCC2)CNC3=O)ccn1)c1cccc(F)c1,,-8.221848749616356,,train
O=C(Nc1cc(-c2nc3ccccc3o2)ccc1F)c1cc([N+](=O)[O-])ccc1Cl,,-3.669586226650809,,train
O=C(Nc1cc(-c2nc3ccccc3o2)ccc1F)c1cnccc1Cl,,-3.58838029403677,,train
O=C(Nc1cc(-c2nc3ccccc3s2)ccc1F)c1cc([N+](=O)[O-])ccc1Cl,,-3.718966632752272,,train
O=C(Nc1cc(-c2nc3ccccc3s2)ccc1F)c1cnccc1Cl,,-3.51427857351842,,test
O=C(Nc1cc(C(F)(F)F)cc(C(F)(F)F)c1)c1cc([N+](=O)[O-])ccc1Cl,,-4.356547323513813,,val
O=C(Nc1cc(Cl)c(CC(=O)N2C[C@@H](F)C[C@H]2COc2ccc(C(=O)O)cc2)cc1Cl)Nc1ccccc1Br,,,-5.221848749616356,train
O=C(Nc1cc(Cl)c(O)c(Cl)c1)Nc1nc2ccc(OC(F)(F)F)cc2s1,,-5.154901959985743,,train
O=C(Nc1cc(F)c(CC(=O)N2C[C@@H](F)C[C@H]2COc2ccc(C(=O)O)cc2)cc1Cl)Nc1ccccc1Br,,,-5.187086643357144,val
O=C(Nc1cc2cc[nH]c2cn1)c1ccc(Cl)c(Cl)c1,,-3.955852379121277,,test
O=C(Nc1cc2cccccc-2c1)c1cccnc1,,-5.318758762624413,,train
O=C(Nc1cc2sc(N3CCOCC3)nc2cc1N1CCC(CO)CC1)c1cnn2cccnc12,,,-5.075720713938119,train
O=C(Nc1cc2sc(N3CCOCC3)nc2cc1N1CCOCC1)c1cnn2cccnc12,,,-4.920818753952375,train
O=C(Nc1ccc(-c2cc3ncccc3[nH]2)cc1)c1ccccc1,,-6.263603497723357,,train
O=C(Nc1ccc(-c2ccccc2)cc1)c1cc([N+](=O)[O-])ccc1Cl,,-4.585026652029182,,train
O=C(Nc1ccc(-c2nc(N3CCOCC3)nc(N3CCOCC3)n2)cc1)NN1CCCCC1,,-8.0,,train
O=C(Nc1ccc(-c2nc(N3CCOCC3)nc(N3CCOCC3)n2)cc1)Nc1cccnc1,,-6.301029995663981,,test
O=C(Nc1ccc(-c2nc(N3CCOCC3)nc(N3CCOCC3)n2)cc1)Nc1cccs1,,-5.619788758288394,,train
O=C(Nc1ccc(C(F)(F)F)c(Cl)c1)c1cc(Br)ccc1O,,-4.634512015109101,,test
O=C(Nc1ccc(C(F)(F)F)cc1)c1cc(Cl)ccc1O,,-4.906423023107292,,train
O=C(Nc1ccc(C2CCC3(CC2)CC(C(=O)O)C3)cc1)c1nnc(Nc2ccc(F)c(F)c2)o1,,,-7.309803919971486,train
O=C(Nc1ccc(CC(=O)N2C[C@@H](F)C[C@H]2COc2ccc(C(=O)O)cc2)cc1Cl)Nc1ccccc1Br,,,-5.279840696594043,train
O=C(Nc1ccc(CN2CCNCC2)nc1)c1cc(C(=O)c2c(Cl)ccc(Cl)c2F)c[nH]1,-6.221848749616356,,,train
O=C(Nc1ccc(CO)cc1)Nc1ccc(-c2nc(N3CCOCC3)nc(N3CCOCC3)n2)cc1,,-6.698970004336019,,train
O=C(Nc1ccc(C[C@@H]2CC[C@H]([C@H](O)c3ccccc3)N2)cc1)[C@@H]1CCc2scnc21,,,-4.619788758288394,train
O=C(Nc1ccc(C[C@@H]2CC[C@H]([C@H](O)c3cccnc3)N2)cc1)[C@@H]1CCc2ccnn21,,,-5.221848749616356,train
O=C(Nc1ccc(C[C@@H]2CC[C@H]([C@H](O)c3cccnc3)N2)cc1)[C@@H]1CCc2scnc21,,,-4.886056647693163,train
O=C(Nc1ccc(Cl)c(-c2nc3ccccc3s2)c1)c1cc([N+](=O)[O-])ccc1Cl,,-5.522878745280337,,train
O=C(Nc1ccc(Cl)c(C(F)(F)F)c1)c1cc([N+](=O)[O-])ccc1Cl,,-5.096910013008056,,train
O=C(Nc1ccc(Cl)c(OCF)c1)c1ccccn1,,-3.5654310959658013,,train
O=C(Nc1ccc(Cl)cc1)c1cc(Cl)ccc1O,,-3.527243550682788,,train
O=C(Nc1ccc(Cl)cc1)c1cc([N+](=O)[O-])ccc1Cl,,-3.27083521030723,,train
O=C(Nc1ccc(Cl)cc1)c1ccc(N2CCN(C(=O)c3ccccc3C(F)(F)F)CC2)nn1,-5.698970004336019,,,train
O=C(Nc1ccc(Cl)cc1Cl)c1cc(Cl)ccc1O,,-4.649751981665837,,train
O=C(Nc1ccc(F)c(-c2nc3ccccc3o2)c1)c1cc([N+](=O)[O-])ccc1Cl,,-3.436518914605589,,val
O=C(Nc1ccc(F)c(-c2nc3ccccc3o2)c1)c1cnccc1Cl,,-3.515700160653214,,train
O=C(Nc1ccc(F)c(-c2nc3ccccc3s2)c1)c1cc([N+](=O)[O-])ccc1Cl,,-4.769551078621726,,train
O=C(Nc1ccc(F)c(-c2nc3ccccc3s2)c1)c1cnccc1Cl,,-4.6777807052660805,,train
O=C(Nc1ccc(F)c(Cl)c1)c1cc(Cl)ccc1O,,-4.939302159646388,,val
O=C(Nc1ccc(F)c(F)c1F)NC12CC3CC(CC(C3)C1)C2,-8.051021594996524,,,train
O=C(Nc1ccc(F)c(F)c1F)NC12CC3CC(CC(C3)O1)C2,-6.774690718274137,,,train
O=C(Nc1ccc(F)c(F)c1F)NC1C2CC3C4CC5CC3C1C(C5)C4C2,-7.790484985457369,,,train
O=C(Nc1ccc(F)c(F)c1F)NC1C2CC3CC(C2)CC1C3,-8.638272163982407,,,val
O=C(Nc1ccc(F)cc1)Nc1ccc(-c2nc(N3CCOCC3)nc(N3CCOCC3)n2)cc1,,-6.0,,train
O=C(Nc1ccc(F)cc1)c1cc(Cl)ccc1O,,-4.073987028484095,,train
O=C(Nc1ccc(F)cc1Cl)c1cc(Cl)ccc1O,,-4.296708621881339,,train
O=C(Nc1ccc(F)cn1)[C@H](CN1CC(O)C1)Oc1ncnc2c1cnn2-c1c(Cl)cccc1Cl,,,-7.136677139879544,test
O=C(Nc1ccc(F)cn1)[C@H](CN1CC(O)C1)Oc1ncnc2c1cnn2-c1ccccc1Cl,,,-7.008773924307505,train
O=C(Nc1ccc(F)nc1)C1=C(c2nc(Nc3cc(C4CC4)[nH]n3)c3cccn3n2)CCC1,,-6.0851281824599495,,train
O=C(Nc1ccc(F)nc1)[C@@H]1CCCN1c1nc(Nc2cc(C3CC3)[nH]n2)c2cccn2n1,,-6.113509274827519,,train
O=C(Nc1ccc(F)nc1)[C@@H]1CCC[C@H]1c1nc(Nc2cc(C3CC3)[nH]n2)c2cccn2n1,,-6.180912173487118,,train
O=C(Nc1ccc(N2CCC3(CC2)CC(C(=O)O)C3)nc1)c1nnc(Nc2ccc(F)c(F)c2)o1,,,-7.552841968657781,train
O=C(Nc1ccc(N2CCCCC2)cc1)c1cc(Cl)ccc1O,,-4.363512103646634,,train
O=C(Nc1ccc(N2CCNCC2)nc1)c1cc(C(=O)c2c(Cl)ccc(Cl)c2F)c[nH]1,-6.522878745280337,,,train
O=C(Nc1ccc(N2CCOCC2)cc1N1CCOCC1)c1cnn(-c2ccccc2)n1,,,-5.3872161432802645,val
O=C(Nc1ccc(O)c(Cl)c1)Nc1nc2ccc(OC(F)(F)F)cc2s1,,-5.657577319177793,,train
O=C(Nc1ccc(O)cc1)Nc1nc2ccc(F)cc2s1,,-5.657577319177793,,train
O=C(Nc1ccc(O)cc1)c1cc(Cl)ccc1O,,-4.480172006224281,,test
O=C(Nc1ccc(O[C@@H]2O[C@H](CO)[C@@H](O)[C@H](O)[C@H]2O)cc1)c1cc(Cl)ccc1O,,-5.721246399047171,,train
O=C(Nc1ccc(O[C@H]2CC[C@@H](C(=O)O)CC2)cc1)c1nnc(Nc2cc(F)c(F)cc2F)o1,,,-4.958607314841775,train
O=C(Nc1ccc(O[C@H]2CC[C@@H](C(=O)O)CC2)nc1)c1nnc(Nc2ccc(F)c(F)c2)o1,,,-5.698970004336019,test
O=C(Nc1ccc(O[C@H]2CC[C@@H](C(=O)O)CC2)nc1F)c1nnc(Nc2cc(F)c(F)cc2F)o1,,,-4.823908740944319,train
O=C(Nc1ccc(O[C@H]2CC[C@@H](C(=O)O)CC2)nc1F)c1nnc(Nc2ccc(F)c(F)c2)o1,,,-4.795880017344075,train
O=C(Nc1ccc(S(=O)(=O)c2cccc(OC(F)(F)F)c2)cc1)[C@@H]1C[C@H]1c1cccnc1,,,-5.130768280269024,train
O=C(Nc1ccc(S(=O)(=O)c2ccccc2)cc1)[C@@H]1C[C@H]1c1cccnc1,,,-4.619788758288394,train
O=C(Nc1ccc(S(=O)(=O)c2ccccc2)cc1)[C@H]1C[C@@H]1c1cccnc1,,,-4.673664139071248,train
O=C(Nc1ccc(S(=O)(=O)c2cnn(C3CCOCC3)c2)cc1)[C@@H]1C[C@H]1c1cccnc1,,,-5.744727494896694,train
O=C(Nc1ccc([N+](=O)[O-])c(Cl)c1)c1cc(Cl)ccc1O,,-4.538792987927183,,test
O=C(Nc1ccc([N+](=O)[O-])c2ccccc12)c1cc(Cl)ccc1O,,-3.85078088734462,,train
O=C(Nc1ccc([N+](=O)[O-])cc1)c1cc(Cl)ccc1O,,-4.401216382141879,,train
O=C(Nc1ccc([N+](=O)[O-])cc1Cl)c1c(O)ccc2ccccc12,,-3.4484280263257463,,train
O=C(Nc1ccc([N+](=O)[O-])cc1Cl)c1cc(-c2ccc(F)cc2F)ccc1O,,-4.6252516539898965,,test
O=C(Nc1ccc([N+](=O)[O-])cc1Cl)c1cc(Br)ccc1O,,-4.173277479831008,,train
O=C(Nc1ccc([N+](=O)[O-])cc1Cl)c1cc(Cl)ccc1NS(=O)(=O)c1ccccc1,,-2.6478174818886377,,train
O=C(Nc1ccc([N+](=O)[O-])cc1Cl)c1cc(Cl)ccc1O,,-5.535290537142854,,train
O=C(Nc1ccc([N+](=O)[O-])cc1Cl)c1cc(Cl)ccc1OC1CCNCC1,,-3.2865094569060576,,test
O=C(Nc1ccc([N+](=O)[O-])cc1Cl)c1cc(F)ccc1O,,-4.512861624522814,,train
O=C(Nc1ccc([N+](=O)[O-])cc1Cl)c1cc([N+](=O)[O-])ccc1O,,-4.518557371497695,,train
O=C(Nc1ccc([N+](=O)[O-])cc1Cl)c1ccc2ccccc2c1O,,-4.044793462458058,,train
O=C(Nc1ccc([N+](=O)[O-])cc1Cl)c1cccc2cc[nH]c12,,-2.753747687700678,,test
O=C(Nc1ccc([N+](=O)[O-])cc1Cl)c1ccccc1,,-4.374687549038327,,train
O=C(Nc1ccc([N+](=O)[O-])cc1Cl)c1ccccc1O,,-4.815308569182402,,train
O=C(Nc1ccc([N+](=O)[O-])cc1Cl)c1cnc2ccccc2c1O,,-3.3018994543766103,,train
O=C(Nc1ccc2[nH]ccc2n1)c1ccc(Cl)c(Cl)c1,,-3.9718355805755294,,train
O=C(Nc1ccc2[nH]ccc2n1)c1ccc(Cl)c(F)c1,,-3.897566294318664,,train
O=C(Nc1ccc2[nH]ccc2n1)c1ccc(F)c(Cl)c1,,-3.9590023075765095,,train
O=C(Nc1ccc2c(=O)c3cccc(F)c3oc2c1)c1ccccc1,,-6.657577319177794,,test
O=C(Nc1ccc2c(c1)N(S(=O)(=O)c1ccc(F)cc1)CC2)c1c(F)cccc1F,,,-4.795880017344075,train
O=C(Nc1ccc2c(c1)N(S(=O)(=O)c1ccc(F)cc1)CCC2)c1c(F)cccc1Cl,,,-4.920818753952375,train
O=C(Nc1ccc2c(c1)N(S(=O)(=O)c1ccc(F)cc1)CCC2)c1c(F)cccc1F,,,-4.657577319177793,train
O=C(Nc1ccc2c(c1)N(S(=O)(=O)c1ccc(F)cc1)CCC2)c1ccccc1Cl,,,-4.920818753952375,train
O=C(Nc1ccc2cc([N+](=O)[O-])ccc2c1)c1cc(Cl)ccc1O,,-3.349401101827343,,train
O=C(Nc1ccc2ccccc2c1)c1cccnc1,,-4.259637310505756,,train
O=C(Nc1ccc2ncn(Cc3ccc(Cl)c(Cl)c3)c(=O)c2c1)OCc1ccccc1,-5.769551078621726,,,train
O=C(Nc1ccc2ncn(Cc3ccc(F)c(Cl)c3)c(=O)c2c1)OCc1ccccc1,-6.096910013008056,,,train
O=C(Nc1cccc(-c2cc3ncccc3[nH]2)c1)c1ccccc1,,-6.217527375833714,,train
O=C(Nc1cccc(-c2nc3ccccc3[nH]2)c1)c1cc([N+](=O)[O-])ccc1Cl,,-3.4534573365218693,,train
O=C(Nc1cccc(-c2nc3ccccc3o2)c1)c1cc([N+](=O)[O-])ccc1Cl,,-4.346787486224656,,train
O=C(Nc1cccc(-c2nc3ccccc3s2)c1)c1cc([N+](=O)[O-])c(N2CCNCC2)cc1Cl,,-4.779545458967391,,train
O=C(Nc1cccc(-c2nc3ccccc3s2)c1)c1cc([N+](=O)[O-])c(N2CCOCC2)cc1Cl,,-4.359710814815962,,train
O=C(Nc1cccc(-c2nc3ccccc3s2)c1)c1cc([N+](=O)[O-])c(O)cc1Cl,,-3.512861624522813,,val
O=C(Nc1cccc(-c2nc3ccccc3s2)c1)c1cc([N+](=O)[O-])ccc1Cl,,-4.606624288927219,,test
O=C(Nc1cccc(-c2nc3ccccc3s2)c1)c1cc([N+](=O)[O-])cnc1Cl,,-4.376750709602099,,train
O=C(Nc1cccc(-c2nc3ccccc3s2)c1)c1ccc(Cl)nc1Cl,,-3.98296666070122,,train
O=C(Nc1cccc(-c2nc3ccccc3s2)c1)c1cccnc1Cl,,-3.169411331314856,,test
O=C(Nc1cccc(-c2nc3ccccc3s2)c1)c1ccnc(Cl)c1,,-3.320572103387881,,val
O=C(Nc1cccc(-c2nc3ccccc3s2)c1)c1ccncc1Cl,,-3.2494916051486538,,val
O=C(Nc1cccc(-c2nc3ccccc3s2)c1)c1cnc(Cl)s1,,-3.876148359032914,,train
O=C(Nc1cccc(-c2nc3ccccc3s2)c1)c1cnccc1Cl,,-3.135488918941608,,train
O=C(Nc1cccc(-n2cccc2)c1)NC1CCN(Cc2ccccc2)CC1,,-3.0315170514460648,,train
O=C(Nc1cccc(C(F)(F)F)c1)N(Cc1ccccc1)C1CCN(CC2CC2)CC1,,-2.657577319177794,,train
O=C(Nc1cccc(C(F)(F)F)c1)N(Cc1ccccc1)C1CCN(CC2CCCC2)CC1,,-3.0043648054024503,,train
O=C(Nc1cccc(C(F)(F)F)c1)N(Cc1ccccc1)C1CCN(CC2CCCCC2)CC1,,-6.0,,train
O=C(Nc1cccc(C(F)(F)F)c1)N(Cc1ccccc1)C1CCN(CCC(F)(F)F)CC1,,-3.356547323513813,,test
O=C(Nc1cccc(C(F)(F)F)c1)N(Cc1ccccc1)C1CCN(Cc2c[nH]cn2)CC1,,-4.301029995663981,,train
O=C(Nc1cccc(C(F)(F)F)c1)N(Cc1ccccc1)C1CCN(Cc2cc[nH]n2)CC1,,-2.657577319177794,,train
O=C(Nc1cccc(C(F)(F)F)c1)N(Cc1ccccc1)C1CCN(Cc2ccc(F)cc2)CC1,,-2.657577319177794,,train
O=C(Nc1cccc(C(F)(F)F)c1)N(Cc1ccccc1)C1CCN(Cc2ccc3c(c2)OCCO3)CC1,,-2.657577319177794,,train
O=C(Nc1cccc(C(F)(F)F)c1)N(Cc1ccccc1)C1CCN(Cc2ccc3c(c2)OCO3)CC1,,-2.657577319177794,,train
O=C(Nc1cccc(C(F)(F)F)c1)N(Cc1ccccc1)C1CCN(Cc2ccccc2)CC1,,-3.522878745280338,,train
O=C(Nc1cccc(C(F)(F)F)c1)N(Cc1ccccc1)C1CCN(Cc2cccnc2)CC1,,-2.657577319177794,,val
O=C(Nc1cccc(C(F)(F)F)c1)N(Cc1ccccc1)C1CCN(Cc2nccs2)CC1,,-3.508638306165728,,train
O=C(Nc1cccc(C(F)(F)F)c1)N(Cc1ccccc1)C1CCNCC1,,-2.657577319177794,,train
O=C(Nc1cccc(C(F)(F)F)c1)NC1CCN(C(=O)c2ccccc2)CC1,,-3.0409586076789066,,test
O=C(Nc1cccc(C(F)(F)F)c1)NC1CCN(Cc2ccc(Cl)cc2)CC1,,-2.886056647693163,,train
O=C(Nc1cccc(C(F)(F)F)c1)NC1CCN(Cc2ccc(F)cc2)CC1,,-2.657577319177794,,train
O=C(Nc1cccc(C(F)(F)F)c1)NC1CCN(Cc2cccc(Cl)c2)CC1,,-2.7695510786217263,,train
O=C(Nc1cccc(C(F)(F)F)c1)NC1CCN(Cc2cccc(F)c2)CC1,,-2.657577319177794,,train
O=C(Nc1cccc(C(F)(F)F)c1)NC1CCN(Cc2ccccc2)CC1,,-3.1739251972991736,,train
O=C(Nc1cccc(C(F)(F)F)c1)NC1CCN(Cc2ccccc2Cl)CC1,,-3.0809219076239263,,train
O=C(Nc1cccc(C(F)(F)F)c1)NC1CCN(Cc2ccccc2F)CC1,,-2.8239087409443187,,train
O=C(Nc1cccc(C(F)(F)F)c1)c1cc(Cl)ccc1O,,-5.376750709602099,,train
O=C(Nc1cccc(CN2CCOCC2)c1)NC1CCN(Cc2ccccc2)CC1,,-3.657577319177794,,test
O=C(Nc1cccc(Cl)c1)c1cc(Cl)ccc1O,,-5.0655015487564325,,test
O=C(Nc1cccc(F)c1)c1cc(Cl)ccc1O,,-5.431798275933005,,train
O=C(Nc1cccc(Nc2ncc(Br)c(NCCc3cnc[nH]3)n2)c1)N1CCCC1,,-6.856985199745905,,val
O=C(Nc1cccc(O)c1)Nc1nc2ccc(F)cc2s1,,-5.154901959985743,,train
O=C(Nc1cccc(O)c1)c1cc(Cl)ccc1O,,-4.798602875679548,,train
O=C(Nc1cccc(OC(F)F)c1)c1ccccn1,,-3.669586226650809,,test
O=C(Nc1cccc([N+](=O)[O-])c1)c1cc(Cl)ccc1O,,-4.709965388637482,,train
O=C(Nc1ccccc1)NC1CCN(Cc2ccccc2)CC1,,-2.853871964321762,,train
O=C(Nc1ccccc1)Nc1ccc(-c2nc(N3CCOCC3)nc(N3CCOCC3)n2)cc1,,-6.698970004336019,,train
O=C(Nc1ccccc1)Nc1cccc(Nc2nccc(Nc3ccc4[nH]ccc4c3)n2)c1,,-2.6989700043360187,,val
O=C(Nc1ccccc1)Nc1cccc(Nc2nccc(Nc3ccc4cc[nH]c4c3)n2)c1,,-5.0,,train
O=C(Nc1ccccc1)c1cc(Cl)ccc1O,,-4.795880017344075,,val
O=C(Nc1ccccc1)c1ccc(N2CCN(C(=O)c3ccccc3C(F)(F)F)CC2)nn1,-4.886056647693163,,,train
O=C(Nc1ccccc1)c1cccc(Oc2ccc3c(c2)c(=O)ncn3Cc2c(F)cc(F)cc2F)c1C(F)(F)F,-6.075720713938119,,,train
O=C(Nc1ccccc1Br)Nc1ccc(CC(=O)N2C[C@@H](F)C[C@H]2COc2ccc(C(=O)O)cc2)cc1Br,,,-5.468521082957745,val
O=C(Nc1ccccc1C(F)(F)F)c1cc(Cl)ccc1O,,-4.585026652029182,,train
O=C(Nc1ccccc1Cl)Nc1cc(Cl)c(CC(=O)N2C[C@@H](F)C[C@H]2COc2ccc(C(=O)O)cc2)cc1Cl,,,-5.050609993355088,val
O=C(Nc1ccccc1Cl)Nc1cc(F)c(CC(=O)N2C[C@@H](F)C[C@H]2COc2ccc(C(=O)O)cc2)cc1Cl,,,-5.236572006437063,val
O=C(Nc1ccccc1Cl)Nc1ccc(CC(=O)N2C[C@@H](F)C[C@H]2COc2ccc(C(=O)O)cc2)cc1Br,,,-5.347753658996677,train
O=C(Nc1ccccc1Cl)Nc1ccc(CC(=O)N2C[C@@H](F)C[C@H]2COc2ccc(C(=O)O)cc2)cc1Cl,,,-5.259637310505756,train
O=C(Nc1ccccc1Cl)c1cc(Cl)ccc1O,,-3.9281179926938745,,train
O=C(Nc1ccccc1[N+](=O)[O-])c1cc(Cl)ccc1O,,-3.815308569182401,,train
O=C(Nc1ccccn1)c1cccc(Oc2ccc3c(c2)c(=O)ncn3Cc2c(F)cc(F)cc2F)c1C(F)(F)F,-5.920818753952375,,,train
O=C(Nc1cccnc1)c1cccc(Oc2ccc3c(c2)c(=O)ncn3Cc2c(F)cc(F)cc2F)c1C(F)(F)F,-6.585026652029182,,,train
O=C(Nc1ccnc(NC(=O)C2CC2)c1)c1c(Cl)cccc1Cl,,,-4.522878745280337,train
O=C(Nc1ccnc(NC(=O)[C@H]2C[C@H]2F)c1)c1c(Cl)cccc1Cl,,,-4.698970004336019,train
O=C(Nc1ccnc(NC(=O)[C@H]2C[C@H]2F)c1)c1c(F)cccc1Cl,,,-4.522878745280337,train
O=C(Nc1ccncc1)Nc1ccc(-c2nc(N3CCOCC3)nc(N3CCOCC3)n2)cc1,,-5.853871964321762,,train
O=C(Nc1ccncc1Cl)c1cc(Cl)ccc1O,,-4.508638306165727,,train
O=C(Nc1cn[nH]c1)c1cc(C(=O)c2c(Cl)ccc(Cl)c2F)c[nH]1,-5.251811972993799,,,train
O=C(Nc1cnc(-c2ccncc2)c(-c2ccccn2)n1)C1CC1,-4.455931955649724,,,train
O=C(Nc1cnc(-c2ccncc2)c(-c2cccnc2)n1)C1CC1,-4.42021640338319,,,train
O=C(Nc1cnc(-c2ccncc2)c(-c2ccco2)n1)C1CC1,-4.443697499232713,,,train
O=C(Nc1cnc(-c2ccncc2)c(-c2ccncc2)n1)C1CC1,-4.468521082957745,,,test
O=C(Nc1cnc(-c2ccncc2F)c(-c2cccnc2)n1)C1CC1,-4.431798275933005,,,train
O=C(Nc1cnc(-c2ccncc2F)c(-c2ccncc2)n1)C1CC1,-4.481486060122113,,,train
O=C(Nc1cnc(CN2CCNCC2)nc1)c1cc(C(=O)c2c(Cl)ccc(Cl)c2F)c[nH]1,-6.522878745280337,,,train
O=C(Nc1cnc(N2CCNCC2)nc1)c1cc(C(=O)c2c(Cl)ccc(Cl)c2F)c[nH]1,-6.221848749616356,,,train
O=C(Nc1cnccc1-c1ccccc1)c1ccnn2cc(-c3ccccc3)nc12,,-4.549750891680639,,train
O=C(Nc1cnccc1N1CCC(F)(F)CC1)c1ccnn2cc(-c3ccccc3)nc12,-5.154901959985743,-4.192464971931146,,train
O=C(Nc1cnccc1N1CCOCC1)c1ccnn2cc(-c3ccccc3)nc12,-4.492144128304169,-4.525783735923745,,test
O=C(Nc1cnn(C2CCNCC2)c1)c1cc(C(=O)c2c(Cl)ccc(Cl)c2F)c[nH]1,-6.522878745280337,,,train
O=C(Nc1cnn(CC2CCNCC2)c1)c1cc(C(=O)c2c(Cl)ccc(Cl)c2F)c[nH]1,-6.698970004336019,,,train
O=C(Nc1cnn2cccnc12)[C@@H]1CCCC[C@H]1C(=O)c1ccc(-c2cc[nH]n2)cc1,-4.920818753952375,,,train
O=C(Nc1n[nH]c2ccc(Cc3cc(F)cc(F)c3)cc12)c1ccc(CN2CCCCC2)cc1NC1CCOCC1,-5.958607314841775,,,train
O=C(Nc1n[nH]c2ccc(Cc3cc(F)cc(F)c3)cc12)c1ccc(N2CCNCC2)cc1NC1CCOCC1,-6.221848749616356,,,train
O=C(Nc1nc(-c2ccc(Cl)cc2)c(-c2ccc(Cl)cc2)s1)C1CCN(Cc2cc(F)cc(F)c2)CC1,,-5.055517327849832,,train
O=C(Nc1nc(-c2ccc(Cl)cc2)c(-c2ccc(Cl)cc2)s1)C1CCN(Cc2cccc(F)c2)CC1,,-4.798602875679548,,train
O=C(Nc1nc(-c2ccc(Cl)cc2)cs1)c1cc([N+](=O)[O-])ccc1Cl,,-5.522878745280337,,val
O=C(Nc1nc(-c2ccc(F)c(F)c2)cs1)c1cc([N+](=O)[O-])ccc1Cl,,-4.431798275933005,,train
O=C(Nc1nc(-c2ccc(F)cc2)c(-c2ccnc(Nc3ccc(N4CCNCC4)cc3)n2)s1)C1CC1,,-5.698970004336019,,train
O=C(Nc1nc(-c2cccc(F)c2)cs1)c1cc([N+](=O)[O-])ccc1Cl,,-5.522878745280337,,train
O=C(Nc1nc2c(Cl)cccc2s1)c1cc([N+](=O)[O-])ccc1Cl,,-3.616184634019569,,train
O=C(Nc1nc2cc(-c3ccccc3)ccn2n1)c1cccc(Cl)c1,,-6.045757490560675,,train
O=C(Nc1nc2cc(-c3ccccc3)ccn2n1)c1cccc([N+](=O)[O-])c1,,-6.823908740944319,,test
O=C(Nc1nc2cc(-c3cccnc3)ccn2n1)c1cccc(Cl)c1,,-5.200659450546419,,test
O=C(Nc1nc2ccc(Cl)cc2s1)c1cc([N+](=O)[O-])ccc1Cl,,-3.860120913598764,,train
O=C(Nc1nc2ccc(F)cc2s1)c1cc([N+](=O)[O-])ccc1Cl,,-5.0,,train
O=C(Nc1nc2cccc(-c3ccc(CN4CCS(=O)(=O)CC4)cc3)n2n1)C1CC1,-6.552841968657781,,,test
O=C(Nc1nc2cccc(C3CCC(NC(=O)C4(F)CC4)CC3)n2n1)C1CC1,-5.360513510731414,,,train
O=C(Nc1nc2cccc(C3CCC4(CC3)CCN(C(=O)[C@@H]3CC3(F)F)C4)n2n1)C1CC1,-5.795880017344075,,,train
O=C(Nc1nc2cccc(C3CCC4(CC3)CCN(C(=O)[C@@H]3CC3(F)F)CC4)n2n1)C1CC1,-5.367542707815276,,,train
O=C(Nc1nc2cccc(C3CCC4(CC3)CN(C(=O)[C@@H]3CC3(F)F)C4)n2n1)C1CC1,-6.2076083105017466,,,val
O=C(Nc1nc2cccc([C@H]3CC[C@@H](NC(=O)[C@@H]4CC4(F)F)CC3)n2n1)C1CC1,-5.555955204081924,,,test
O=C(Nc1nc2ccccc2[nH]1)c1ccc(N2CCN(C(=O)c3ccccc3C(F)(F)F)CC2)nn1,-4.6020599913279625,,,train
O=C(Nc1nc2nc(-c3ccccc3)ccn2n1)c1cccc([N+](=O)[O-])c1,,-6.795880017344075,,train
O=C(Nc1ncc([N+](=O)[O-])s1)c1cc(Cl)ccc1O,,-4.431798275933005,,train
O=C(Nc1nccs1)NC12CC3CC(CC(C3)C1)C2,,-3.2652001704111533,,val
O=C(Nc1nnc(-c2cc(Cl)cc(Cl)c2)o1)c1ccc(SC(F)(F)F)cc1,-6.698970004336019,,,train
O=C(Nc1nnc(C2CC2)o1)NC1C2CC3CC(C2)CC1C3,,-3.065501548756432,,train
O=C(Nc1nnc(C2CCC2)o1)NC1C2CC3CC(C2)CC1C3,,-3.0741724253752576,,train
O=C(Nc1nncs1)C1=C(C(F)(F)F)NC(Nc2nc3ccccc3o2)=NC1c1ccccc1Cl,,-3.1456332219591303,,train
O=C(Nc1nncs1)C1=C(c2cnccn2)NC(Nc2nc3ccccc3o2)=NC1c1ccccc1Cl,,-4.219682687859849,,train
O=C(O)/C=C/C(=O)Nc1cccc(-c2nc3ccccc3s2)c1,,-5.3979400086720375,,train
O=C(O)/C=C/c1ccc(Cc2c(-c3ccccc3)c(=O)oc3cc(O)ccc23)cc1,-5.0,,,train
O=C(O)/C=C/c1ccc(O)c(O)c1,-5.853871964321762,,,train
O=C(O)C(=O)Nc1ccc(NC(=O)[C@H](CC2CCCC2)n2cnc(C(F)(F)F)c2)nc1,,,-6.229147988357856,train
O=C(O)C1(C(F)(F)F)CCN(c2ccc3c(=O)c4cccc(Cl)c4oc3c2)C1,,-5.749579997691106,,train
O=C(O)C1CCCN(c2ccc3c(=O)c4cccc(Cl)c4oc3c2)C1,,-5.614393726401688,,train
O=C(O)C1CCCN1c1ccc2c(=O)c3cccc(Cl)c3oc2c1,,-5.554395796726403,,test
O=C(O)C1CCN(c2cc3oc4c(Cl)cccc4c(=O)c3cc2Cl)C1,,-5.798602875679548,,train
O=C(O)C1CCN(c2cc3oc4c(Cl)cccc4c(=O)c3cn2)C1,,-6.017728766960432,,train
O=C(O)C1CCN(c2ccc3c(=O)c4c(C(F)(F)F)ccc(Cl)c4oc3c2)C1,,-5.928117992693875,,train
O=C(O)C1CCN(c2ccc3c(=O)c4c(Cl)ccc(Cl)c4oc3c2)C1,,-5.764471553092451,,test
O=C(O)C1CCN(c2ccc3c(=O)c4c(F)ccc(Cl)c4oc3c2)C1,,-5.73754891026957,,train
O=C(O)C1CCN(c2ccc3c(=O)c4c(O)ccc(Cl)c4oc3c2)C1,,-6.275724130399211,,train
O=C(O)C1CCN(c2ccc3c(=O)c4cccc(Cl)c4oc3c2)C1,,-5.6439741428068775,,train
O=C(O)C1CCN(c2ccc3c(=O)c4cccc(Cl)c4oc3n2)C1,,-5.809668301829708,,val
O=C(O)C1CCN(c2ccc3c(c2)Oc2c(Cl)cccc2S3(=O)=O)C1,,-5.8996294548824375,,train
O=C(O)CC12CCC(c3ccc(-c4ccc(Nc5nnc(C6CCC6)o5)cc4)cc3)(CC1)CO2,-5.229147988357856,,,train
O=C(O)CC1CCC2(CC1)CCC(c1ccc(NC(=O)c3nnc(Nc4ccc(F)c(F)c4)o3)cn1)CC2,,,-7.327902142064283,train
O=C(O)CC1CCC2(CC1)CCN(c1ccc(NC(=O)c3nnc(Nc4ccc(F)c(F)c4)o3)cn1)CC2,,,-7.275724130399211,train
O=C(O)CC1CCN(c2ccc3c(=O)c4cccc(Cl)c4oc3c2)C1,,-5.809668301829708,,train
O=C(O)CCC(=O)NCCCn1c(=O)c2cc(F)ccc2n2c(=S)[nH]nc12,,-6.0,,val
O=C(O)CCCc1cc2cc(Cl)ccc2n1S(=O)(=O)c1ccc2ncsc2c1,-4.619788758288394,,,test
O=C(O)CCNC(=O)c1ccc(C(CCC(F)(F)F)Nc2cnn(-c3ccc(C(F)(F)F)cc3)c2)cc1,,,-5.439318579718305,train
O=C(O)CCNC(=O)c1ccc(C(Nc2cnn(-c3ccc(C(F)(F)F)cc3)c2)C2CCCC2)cc1,,,-5.160269698124248,train
O=C(O)CCc1c(Cn2c(=O)n(C3CC3)c3ccncc32)nc2cc(Cl)ccn12,,-6.522878745280337,,train
O=C(O)CCc1cc2cc(Cl)ccc2n1S(=O)(=O)c1ccccc1,-4.214670164989233,,,train
O=C(O)CCc1ccc(OCc2ccc(CN3CCC4(CC3)CC(Cc3ccc(F)cc3)CCO4)cc2)cc1,-5.060480747381382,,,train
O=C(O)CCc1ccc(OCc2ccc(CN3CCC4(CC3)CC(Cc3ccccc3)CCO4)cc2)cc1,-4.920818753952375,,,train
O=C(O)CCc1ccc(OCc2nc(-c3ccc(Cl)cc3)no2)cc1,-5.6777807052660805,,,train
O=C(O)CCc1ccccc1,,-5.779891911959945,,train
O=C(O)CCc1cn(Cc2ccc(F)cc2)c2cnc3c(c12)CCN(O)C3=O,-7.096910013008056,,,val
O=C(O)CN(CCN(CC(=O)O)Cc1ccccc1O)Cc1ccccc1O,-7.698970004336019,,,train
O=C(O)CN(C[C@@H]1C[C@@H](F)CN1)C(=O)c1ccc(-c2cnc3ccc(NCC4CC4)nn23)cc1,,-4.853871964321762,,val
O=C(O)CN1C(=O)C(NC(=O)c2cc3sc(Cl)c(Cl)c3[nH]2)Cc2ccccc21,-6.522878745280337,,,val
O=C(O)CNC(=O)C1CC(=O)C2=C(C1)NC(Nc1nc3ccccc3o1)=NC2c1ccccc1Cl,,-6.0,,train
O=C(O)CNC(=O)c1c(O)cc(-c2cccc(Cl)c2)c2ncnn12,-4.823908740944319,,,train
O=C(O)CNC(=O)c1c(O)cc(-c2cccc(Cl)c2)n2ncnc12,-5.214670164989233,,,train
O=C(O)CNC(=O)c1c(O)cc(-c2ccccc2)c2ncnn12,-5.187086643357144,,,train
O=C(O)CNC(=O)c1c(O)cc(-c2ccccc2)n2ncnc12,-5.6020599913279625,,,train
O=C(O)CNC(=O)c1c(O)cc(C2CCCCC2)c2ncnn12,-4.7447274948966935,,,train
O=C(O)CNC(=O)c1c(O)cc(C2CCCCC2)n2ncnc12,-4.6777807052660805,,,train
O=C(O)CNC(=O)c1c(O)cc(CCc2ccc(F)cc2)n2ncnc12,-4.920818753952375,,,train
O=C(O)CNC(=O)c1c(O)cc(CCc2ccccc2)c2ncnn12,-5.031517051446065,,,val
O=C(O)CNC(=O)c1c(O)cc(CCc2ccccc2)n2ncnc12,-4.886056647693163,,,train
O=C(O)CNC(=O)c1c(O)ccc2ccnn12,-5.376750709602099,,,test
O=C(O)CNC(=O)c1c(O)ccc2ncnn12,-6.3979400086720375,,,val
O=C(O)CNC(=O)c1c(O)ccn2ccnc12,-6.096910013008056,,,train
O=C(O)CNC(=O)c1c(O)ccn2cnnc12,-6.3979400086720375,,,train
O=C(O)CNC(=O)c1c(O)ccn2ncnc12,-6.0655015487564325,,,train
O=C(O)CNC(=O)c1nc(Cl)c2cc(Oc3ccccc3)ccc2c1O,-4.376750709602099,,,train
O=C(O)CNC(=O)c1nc(Cl)c2ccccc2c1O,-4.200659450546419,,,test
O=C(O)COCCN1CCN(C(c2ccccc2)c2ccc(Cl)cc2)CC1,-5.4089353929735005,,,train
O=C(O)COc1cc(Cl)c(C(=O)Nc2cccc(-c3nc4ccccc4s3)c2)cc1[N+](=O)[O-],,-6.0,,test
O=C(O)C[C@H](C(=O)N1CC[C@@H](CCc2ccc3c(n2)NCCC3)C1)c1cccc(C(F)(F)F)c1,,,-6.530177984021837,train
O=C(O)C[C@H](O)C[C@H](O)/C=C/c1c(C2CC2)nc2ccccc2c1-c1ccc(F)cc1,,,-5.070581074285707,train
O=C(O)C[C@H]1CC[C@@H](Oc2ccc(NC(=O)c3nnc(Nc4ccc(F)c(F)c4)o3)cn2)CC1,,,-5.292429823902063,test
O=C(O)C[C@H]1CC[C@H](c2ccc(-c3ccc(Nc4ccc(C(F)(F)F)nc4)cn3)cc2)CC1,-5.091514981121351,,,test
O=C(O)C[C@H]1CC[C@H](c2ccc(NC(=O)c3nnc(Nc4ccc(F)c(F)c4)o3)cc2)CC1,,,-4.920818753952375,val
O=C(O)Cc1cc(CC(=O)O)cc(-c2ccc(C#CCO)s2)c1,-6.292429823902063,,,test
O=C(O)Cc1ccc(Nc2nc(-c3ccccc3)nc3c2CCS(=O)(=O)C3)cc1,,-5.698970004336019,,train
O=C(O)Cc1ccc(Nc2nc(-c3ccccc3)nc3c2CS(=O)(=O)C3)cc1,,-5.698970004336019,,test
O=C(O)Cc1ccc(Nc2nc(-c3ccccc3)nc3c2CSC3)cc1,,-4.876148359032914,,train
O=C(O)Cc1ccc(Nc2nc(-c3ccccc3)nc3c2S(=O)(=O)CCC3)cc1,,-5.236572006437063,,train
O=C(O)Cc1ccc(Nc2nc(-c3ccccc3)nc3c2SCCC3)cc1,,-4.809668301829708,,train
O=C(O)Cc1ccccc1Nc1c(Cl)cccc1Cl,,-5.114191680306547,-4.619788758288394,val
O=C(O)Cc1nn(Cc2cn3cc(OCC4CC4)c(Cl)cc3n2)c2ccccc2c1=O,-6.096910013008056,,,val
O=C(O)Cn1cc(-c2cnc3nnn(Cc4ccc5ncccc5c4)c3n2)cn1,-8.522878745280337,,,train
O=C(O)Cn1nc(Cc2cn3cc(OCC4CC4)c(Cl)cc3n2)c2ccccc2c1=O,-6.301029995663981,,,train
O=C(O)Cn1nc(Cc2nc3cc(Cl)c(OCC4CC4)cc3[nH]2)c2ccccc2c1=O,-6.638272163982407,,,test
O=C(O)Cn1nc(Cn2cc3cc(OCC4CC4)c(Cl)cc3n2)c2ccccc2c1=O,-6.522878745280337,,,train
O=C(O)[C@@H]1CCCN(C(=O)n2cnc(-c3ccc(-c4cnc(N5CCOCC5)nc4)cc3)n2)[C@H]1c1ccccc1,,,-5.102372908709558,train
O=C(O)[C@@H]1CCC[C@H]1C(=O)c1ccc(-c2ccc(Nc3nc4ccc(F)cc4s3)c(F)c2)cc1,,,-5.638272163982407,train
O=C(O)[C@@H]1CCN(C(=O)n2cnc(-c3ccc(-c4cnc(N5CCOCC5)nc4)cc3)n2)[C@@H](c2ccccc2)C1,,,-4.769551078621726,train
O=C(O)[C@@H]1CCN(c2ccc3c(=O)c4cccc(Cl)c4oc3c2)C1,,-5.549750891680639,,train
O=C(O)[C@H]1CCN(c2ccc3c(=O)c4c(Cl)ccc(Cl)c4oc3c2)C1,,-5.924453038607469,,train
O=C(O)[C@H]1CCN(c2ccc3c(=O)c4cccc(Cl)c4oc3c2)C1,,-5.519993057042849,,val
O=C(O)c1c(F)ccc2cc(CNC(=O)c3cnn4cccnc34)oc12,,-7.920818753952375,,train
O=C(O)c1c(N2CCCCC2)nc2c(Cl)cc(Cl)cc2c1-c1ccccc1,,-5.525783735923745,,train
O=C(O)c1c(N2CCCCC2)nc2ccc(Cl)cc2c1-c1ccccc1,,-5.155522824254319,,train
O=C(O)c1c(O)c(F)c(F)c(F)c1F,,-7.0,,train
O=C(O)c1c(O)c(NS(=O)(=O)c2cc(Br)ccc2O)cc(C2CC2)c1F,,,-6.214670164989233,test
O=C(O)c1c[nH]c2cc(Cl)c(-c3ccc(CC(=O)N4CCOCC4)cc3)cc12,,,-5.619788758288394,val
O=C(O)c1cc(-c2ccc(CC(C(=O)c3ccc(Cl)cc3)c3ccc(F)c(F)c3)cc2)no1,,-3.774690718274137,,val
O=C(O)c1cc(-c2ccc(CC(C(=O)c3ccc(F)c(F)c3)c3ccc(F)cc3)cc2)no1,,-4.795880017344075,,test
O=C(O)c1cc(-c2ccc(CC(C(=O)c3ccc(F)cc3)c3ccc(F)cc3)cc2)no1,,-5.096910013008056,,train
O=C(O)c1cc(-c2ccc(CC(C(=O)c3ccccc3)c3ccccc3)cc2)no1,,-3.987162775294828,,train
O=C(O)c1cc(-c2ccc(CC(c3ccccc3)c3nc(-c4ccccc4)no3)cc2)no1,,-4.346787486224656,,val
O=C(O)c1cc(-c2ccc(Cl)c(Cl)c2)ncn1,-6.382999658879101,,,val
O=C(O)c1cc(-c2ccc(Cl)c(OC3CC3)c2)ncn1,,-5.187086643357144,,train
O=C(O)c1cc(-c2ccc(F)c(F)c2)ncn1,-6.866461091629782,,,test
O=C(O)c1cc(-c2ccc(OC(F)(F)F)c(Cl)c2)ncn1,-6.978810700930062,,,train
O=C(O)c1cc(-c2ccc(OC3CC3)c(Cl)c2)ncn1,-6.728158393463501,,,train
O=C(O)c1cc(-c2ccc(OC3CCCC3)c(Cl)c2)ncn1,-6.688246138944246,,,train
O=C(O)c1cc(-c2ccc3occc3c2)ncn1,-6.6595558851598815,,,test
O=C(O)c1cc(/N=N/c2ccc(O)c(C(=O)O)c2)ccc1O,-6.045757490560675,,,train
O=C(O)c1cc(/N=N/c2ccc(S(=O)(=O)Nc3ccccn3)cc2)ccc1O,-6.3979400086720375,-6.72345219619237,,val
O=C(O)c1cc(Cl)c2oc3ccccc3c(=O)c2c1,,-4.769551078621726,,test
O=C(O)c1cc(Cl)cc2cc(CNC(=O)c3cnn4cccnc34)oc12,,-8.154901959985743,,train
O=C(O)c1cc2c(=O)c3cccc(Cl)c3oc2cc1N1CCCC1,,-5.063486257521107,,train
O=C(O)c1cc2ccccc2cn1,-5.023650020996727,,,train
O=C(O)c1ccc(C(F)(F)F)cc1,-4.823908740944319,,,train
O=C(O)c1ccc(CCOc2c(F)ccc3nc(C(=O)NCC4CCCCC4)[nH]c(=O)c23)cc1,-4.494850021680094,,,test
O=C(O)c1ccc(CCOc2c(F)ccc3nc(C(=O)NCc4ccccc4)[nH]c(=O)c23)cc1,-4.795880017344075,,,test
O=C(O)c1ccc(CN(C[C@@H]2C[C@@H](F)CN2)C(=O)c2ccc(-c3cnc4ccc(NCC5CC5)nn34)cc2)cc1,,-5.698970004336019,,train
O=C(O)c1ccc(CN2CCC[C@H](O[C@H](CO)c3cc(Cl)cc(Cl)c3)[C@@H]2c2ccccc2)c([N+](=O)[O-])c1,,,-5.0,train
O=C(O)c1ccc(CN2CCC[C@H](O[C@H](CO)c3cc(Cl)cc(Cl)c3)[C@@H]2c2ccccc2)cc1,,,-4.795880017344075,val
O=C(O)c1ccc(CNC(=O)c2cc(Cl)ccc2Oc2ccc(F)cc2)cc1,-4.289036881004725,,,train
O=C(O)c1ccc(CNC(=O)c2cc(Cl)cnc2Oc2ccc(F)cc2)cc1,-4.696803942579511,,,train
O=C(O)c1ccc(CNC(=O)c2cc(F)ccc2Oc2ccc(F)cc2)cc1,-4.440093374963888,,,train
O=C(O)c1ccc(CNC(=O)c2cc(F)cnc2Oc2ccc(F)cc2)cc1,-4.596879478824183,,,train
O=C(O)c1ccc(NC(=O)[C@H](CC2CCCC2)n2cnc(C(F)(F)F)c2)nc1,,,-5.958607314841775,test
O=C(O)c1ccc(Nc2ncc3c(n2)-c2ccc(Cl)cc2C(c2c(F)cccc2F)=NC3)cc1,-6.267606240177032,,,train
O=C(O)c1ccc(OC/C=C/Cn2c(=O)n(C(c3ccccc3)c3ccccc3)c(=O)c3ccc(-n4cncn4)cc32)cc1,,-5.795880017344075,,train
O=C(O)c1ccc(OC/C=C/Cn2c(=O)n(C(c3ccccc3)c3ccccc3)c(=O)c3ccc(N4CCOCC4)cc32)cc1,,-6.0,,train
O=C(O)c1ccc(OC/C=C/Cn2c(=O)n(C(c3ccccc3)c3ccccc3)c(=O)c3ccc([N+](=O)[O-])cc32)cc1,,-5.585026652029182,,train
O=C(O)c1ccc(Oc2ccc(NC(=O)c3nnc(Nc4ccc(F)c(F)c4)o3)cn2)cc1,,,-5.958607314841775,train
O=C(O)c1ccc(Sc2ccc(CN3CCC(N4C(=O)N(C5CCOCC5)C[C@H]4c4ccccc4)CC3)cn2)cc1,,-4.931814138253839,,val
O=C(O)c1ccc2[nH]c(C(F)(F)F)nc2c1,-6.2441251443275085,,,train
O=C(O)c1ccc2c(C3CCCCC3)c(-c3ccccc3)n(CC(=O)N3CCC(N4CCCC4)CC3)c2c1,-7.0,,,train
O=C(O)c1ccc2c(C3CCCCC3)c(-c3cccs3)n(CC(=O)N3CCC(N4CCCC4)CC3)c2c1,-6.698970004336019,,,train
O=C(O)c1ccc2c(C3CCCCC3)c(-c3ccoc3)n(CC(=O)N3CCC(N4CCCC4)CC3)c2c1,-5.853871964321762,,,test
O=C(O)c1ccc2c(C3CCCCC3)c(-c3ccoc3)n(CC(=O)N3CCOCC3)c2c1,-5.2839966563652006,,,train
O=C(O)c1ccc2c(CN3CCC[C@H](O[C@H](CO)c4cc(Cl)cc(Cl)c4)[C@@H]3c3ccccc3)c[nH]c2c1,,,-5.3979400086720375,train
O=C(O)c1ccc2cc(CNC(=O)c3cnn4cccnc34)oc2c1,,-9.0,,train
O=C(O)c1ccc2nc(-c3cc(Cl)cc(Cl)c3)oc2c1,,-4.301029995663981,,train
O=C(O)c1ccc2oc(CNC(=O)c3cnn4cccnc34)cc2c1,,-8.522878745280337,,train
O=C(O)c1cccc(-n2sc3ccccc3c2=O)c1,,-5.356547323513813,,train
O=C(O)c1cccc(Cc2cc(Cl)ccc2OCc2ccc(Cl)cc2F)n1,,,-4.920818753952375,test
O=C(O)c1cccc2c(Cl)c(CNC(=O)c3cnn4cccnc34)oc12,,-6.97061622231479,,train
O=C(O)c1cccc2cc(Cn3ccc4ccncc4c3=O)oc12,,-8.045757490560675,,train
O=C(O)c1ccccc1Nc1ccccc1,,-4.859177819890689,,train
O=C(O)c1ccncc1NC[C@@H]1CCCc2cc(Oc3ccccc3)ccc21,,-7.491470281028714,,train
O=C(O)c1ccncc1NC[C@@H]1CCCc2cc(Sc3ccccc3)ccc21,,-7.288192770958809,,train
O=C(O)c1cn(C2CC2)c2cc(N3CCNCC3)c(F)cc2c1=O,-6.210108201691595,,,train
O=C(O)c1cncc(CN2CCC[C@H](O[C@H](CO)c3cc(Cl)cc(Cl)c3)[C@@H]2c2ccccc2)c1,,,-4.853871964321762,train
O=C(O)c1csc(-c2ccc(CC(C(=O)c3ccccc3)c3ccccc3)cc2)n1,,-4.070581074285707,,train
O=C(O)c1csc(-c2ccc(CC(c3ccc(F)cc3)c3nc(-c4cccc(F)c4)no3)cc2)n1,,-5.0,,train
O=C(O)c1csc(-n2nc(-c3ccccc3)c3ccc(C(F)(F)F)cc32)n1,,,-4.749579997691106,val
O=C(O)c1csc(-n2nc(-c3ccccc3)c3ccc(C(F)(F)F)nc32)n1,,,-4.629486910401408,train
O=C(O)c1csc(-n2nc(C3=CCCCO3)c3ccc(C(F)(F)F)cc32)n1,,,-4.408712734941501,train
O=C(O)c1csc(Cn2nc(-c3ccccc3)c3ccc(C(F)(F)F)cc32)n1,,,-4.706416486503883,train
O=C(O)c1csc(N2N=C(c3ccccc3)C3CCC(C(F)(F)F)CC32)n1,,,-4.572351628813068,test
O=C(O)c1nc(-c2ccc(-c3ccccc3)cc2)[nH]c(=O)c1O,,-7.221848749616356,,train
O=C(O)c1nc(Cc2ccc(Cl)c(Cl)c2)nc(O)c1O,,-7.301029995663981,,train
O=C(O)c1nc2cc(Cl)c(Cl)cc2nc1O,,,-5.886056647693163,train
O=C(OCC(F)(F)F)c1cc(F)cc2cc(CNC(=O)c3cnn4cccnc34)oc12,,-6.16304326294045,,train
O=C(OCc1ccccc1)c1cn(C2CC2)c2cc(N3CCNCC3)c(F)cc2c1=O,-5.192464971931146,,,train
O=C(O[C@@H](C(=O)N1N=CC[C@H]1C(=O)NCc1cc(Cl)ccc1-n1cnnn1)c1ccc(F)cc1)c1ccccc1,-4.366531544420414,,,train
O=C(Oc1ccc([N+](=O)[O-])cc1)N1CCN(S(=O)(=O)c2ccc(-c3ccc(Cl)c(Cl)c3)cc2)CC1,,-6.552841968657781,,train
O=C(Oc1ccc([N+](=O)[O-])cc1)N1CCN(S(=O)(=O)c2ccc(-c3ccccc3)cc2)CC1,,-6.721246399047171,,val
O=C(Oc1ccc([N+](=O)[O-])cc1)N1CCN(S(=O)(=O)c2ccc(C3CCCCC3)cc2)CC1,,-6.619788758288394,,train
O=C(Oc1ccc([N+](=O)[O-])cc1)N1CCN(S(=O)(=O)c2ccc(Oc3ccc(Cl)c(Cl)c3)cc2)CC1,,-6.508638306165728,,train
O=C(Oc1ccc([N+](=O)[O-])cc1)N1CCN(S(=O)(=O)c2ccc(Oc3ccc(Cl)cc3)cc2)CC1,,-6.619788758288394,,test
O=C(Oc1ccc([N+](=O)[O-])cc1)N1CCN(S(=O)(=O)c2ccc(Oc3cccc(Cl)c3)cc2)CC1,,-6.638272163982407,,train
O=C(Oc1ccc([N+](=O)[O-])cc1)N1CCN(S(=O)(=O)c2ccc(Oc3ccccc3)cc2)CC1,,-6.638272163982407,,train
O=C(Oc1ccc([N+](=O)[O-])cc1)N1CCN(S(=O)(=O)c2ccc(Oc3ccccc3Cl)cc2)CC1,,-6.568636235841013,,train
O=C(Oc1ccc([N+](=O)[O-])cc1)N1CCN(S(=O)(=O)c2ccc(Oc3ncc(C(F)(F)F)cc3Cl)cc2)CC1,,-6.638272163982407,,train
O=C(Oc1ccc([N+](=O)[O-])cc1)N1CCN(S(=O)(=O)c2ccc3ccccc3c2)CC1,,-6.585026652029182,,train
O=C([C@@H](c1ccccc1)N1CCCC1)N1CCC[C@H]1c1ncc(-c2ccc(-c3ccc(-c4cnc([C@@H]5CCCN5C(=O)[C@@H](c5ccccc5)N5CCCC5)[nH]4)cc3)cc2)[nH]1,,-7.443697499232713,,train
O=C([C@@H](c1ccccc1)N1CCCCC1)N1CCC[C@H]1c1ncc(-c2ccc(-c3ccc(-c4cnc([C@@H]5CCCN5C(=O)[C@@H](c5ccccc5)N5CCCCC5)[nH]4)cc3)cc2)[nH]1,,-6.600326278518962,,train
O=C([C@@H](c1ccccc1)N1CCOCC1)N1CCC[C@H]1c1ncc(-c2ccc(-c3ccc(-c4cnc([C@@H]5CCCN5C(=O)[C@@H](c5ccccc5)N5CCOCC5)[nH]4)cc3)cc2)[nH]1,,-6.45717457304082,,train
O=C([C@@H]1C[C@H](N2CCN(c3ccc(C(F)(F)F)cn3)CC2)CN1)N1CCC(F)(F)C1,,,-4.787812395596042,train
O=C([C@@H]1C[C@H](N2CCN(c3cnccn3)CC2)CN1)N1CCC(F)(F)C1,,,-5.026872146400302,train
O=C([C@@H]1C[C@H](N2CCN(c3ncccn3)CC2)CN1)N1CC(F)(F)C(F)(F)C1,,,-4.638272163982407,train
O=C([C@@H]1C[C@H](N2CCN(c3ncccn3)CC2)CN1)N1CC(F)C1,,,-4.892790030352132,train
O=C([C@@H]1C[C@H](N2CCN(c3ncccn3)CC2)CN1)N1CCC1,,,-5.568636235841013,train
O=C([C@@H]1C[C@H](N2CCN(c3ncccn3)CC2)CN1)N1CCCC1,,,-5.2441251443275085,train
O=C([C@@H]1C[C@H](N2CCN(c3ncccn3)CC2)CN1)N1CC[C@@H](F)C1,,,-4.935542010773082,test
O=C([C@@H]1C[C@H](N2CCN(c3ncccn3)CC2)CN1)N1CC[C@H](F)C1,,,-5.070581074285707,train
O=C([C@@H]1C[C@H](N2CCN(c3ncccn3)CC2)CN1)N1C[C@@H](F)[C@@H](F)C1,,,-5.431798275933005,train
O=C([C@@H]1C[C@H](N2CCN(c3ncccn3)CC2)CN1)N1C[C@@H](F)[C@H](F)C1,,,-4.806875401645539,train
O=C([C@@H]1C[C@H](N2CCN(c3noc4ccccc34)CC2)CN1)N1CCC(F)(F)C1,,,-4.730487055782084,train
O=C([C@H](O)c1ccccc1)N1CC[C@@H]2C[C@@]21C(=O)NCc1cc(Cl)ccc1-n1cnnn1,-5.585026652029182,,,train
O=C([O-])C(S)C(S)C(=O)[O-],-4.9582126810282485,,,train
O=C([O-])c1c(O)c(F)c(F)c(F)c1F,,-7.0,,val
O=C([O-])c1ccc(Nc2ncc3c(n2)-c2ccc(Cl)cc2C(c2ccccc2F)=NC3)cc1,-6.236572006437063,,,train
O=C(c1cc(-c2ccc(CN3CCOCC3)cc2)nc2ccc(F)cc12)N1CCC(O)CC1,,-7.43533393574791,,train
O=C(c1cc(C(F)(F)F)n[nH]1)N1CCCC(c2cc3ncccc3[nH]2)C1,,-6.055024091587952,,train
O=C(c1cc(C(F)(F)F)no1)N1CCC(c2cc3ncccc3[nH]2)C1,,-5.543633966870957,,val
O=C(c1cc(C(F)(F)F)no1)N1CCCC(c2cc3nc(NCc4ccccc4)ccc3[nH]2)C1,,-6.621602099051862,,train
O=C(c1cc(C(F)(F)F)no1)N1CCCC(c2cc3ncc(-c4ccccc4)cc3[nH]2)C1,,-6.512861624522814,,train
O=C(c1cc(C(F)(F)F)no1)N1CCCC(c2cc3ncc(Br)cc3[nH]2)C1,,-5.097453220686009,,train
O=C(c1cc(C(F)(F)F)no1)N1CCCC(c2cc3ncccc3[nH]2)C1,,-5.462180904926726,,train
O=C(c1cc(C(F)(F)F)no1)N1CCOC(c2cc3ncccc3[nH]2)C1,,-5.366531544420414,,test
O=C(c1cc(C2CC2)no1)N1CCCC(c2cc3ncccc3[nH]2)C1,,-5.498940737782249,,val
O=C(c1cc(C2CC2)no1)N1CCOC(c2cc3ncccc3[nH]2)C1,,-5.497572880015567,,train
O=C(c1cc(Cc2n[nH]c(=O)c3ccccc23)ccc1F)N1CCN(C(=O)C2CC2)CC1,,-5.4723700991286615,,train
O=C(c1cc(Cc2n[nH]c(=O)c3ccccc23)ccc1F)N1CCNCC1,,-7.091514981121351,,train
O=C(c1cc([C@H]2CCCN2c2cc(F)cc(F)c2)c2oc(N3CCOCC3)cc(=O)c2c1)N1CCOCC1,-4.7447274948966935,,,train
O=C(c1cc([C@H]2CCCN2c2cccc(F)c2)c2oc(N3CCOCC3)cc(=O)c2c1)N1CCOCC1,-4.853871964321762,,,train
O=C(c1ccc(-c2ccc(O[C@H]3O[C@H](CO)[C@@H](O)[C@H](O)[C@@H]3O)cc2)cc1)N1CCOCC1,-6.744727494896694,,,train
O=C(c1ccc(-c2cn3c(-c4ccc(O)cc4)cnc3cn2)cc1)N1CCOCC1,,-4.29929628285498,,train
O=C(c1ccc(-c2cnc3ccc(NCC4CC4)nn23)cc1)N(C/C=C/c1ccccc1)C[C@@H]1C[C@@H](F)CN1,,-4.301029995663981,,train
O=C(c1ccc(-c2cnc3ccc(NCC4CC4)nn23)cc1)N(CCO)C[C@@H]1C[C@@H](F)CN1,,-4.823908740944319,,train
O=C(c1ccc(-c2cnc3ccc(NCC4CC4)nn23)cc1)N(Cc1ccc(Cl)cc1)C[C@@H]1C[C@@H](F)CN1,,-4.4089353929735005,,test
O=C(c1ccc(-c2cnc3ccc(NCC4CC4)nn23)cc1)N(Cc1cccc(Cl)c1)C[C@@H]1C[C@@H](F)CN1,,-4.301029995663981,,train
O=C(c1ccc(-c2cnc3ccc(NCC4CC4)nn23)cc1)N(Cc1ccccc1)C[C@@H]1C[C@@H](F)CN1,,-4.301029995663981,,train
O=C(c1ccc(C(=O)C(F)(F)F)cc1)N1CCOc2ccc(-c3ccc4nc[nH]c4c3)cc2C1,,,-8.008773924307505,train
O=C(c1ccc(C(=O)C(F)(F)F)cc1)N1CCOc2ccc(-c3cnc4ccccc4c3)cc2C1,,,-7.772113295386326,train
O=C(c1ccc(C(F)(F)F)nc1)N1CCCC(c2cc3ncccc3[nH]2)C1,,-6.052076380168273,,train
O=C(c1ccc(CN2CCOCC2)cc1)N1CCN(C2CC2)CC1,-3.9665762445130506,,,train
O=C(c1ccc(CN2CCOCC2)cc1)N1CCN(C2CCC2)CC1,-4.147520006363144,,,train
O=C(c1ccc(Cn2ccc3cc(Cl)ccc32)cc1)N1CC[C@H](N2CCCC2)C1,,-5.10790539730952,,train
O=C(c1ccc(Cn2ccc3ccc(Cl)cc32)cc1)N1CC[C@H](N2CCCC2)C1,,-5.136677139879544,,train
O=C(c1ccc(Cn2ccc3cccc(Cl)c32)cc1)N1CC[C@H](N2CCCC2)C1,,-5.187086643357144,,train
O=C(c1ccc(Cn2ccc3ccccc32)cc1)N1CC[C@H](N2CCCC2)C1,,-5.080921907623926,,train
O=C(c1ccc(Cn2cnc3ccccc32)cc1)N1CC[C@H](N2CCCC2)C1,,-6.522878745280337,,train
O=C(c1ccc(F)c(Cl)c1)N1CCC(F)(CNCCOc2cccc3[nH]ccc23)CC1,,-5.327902142064283,,train
O=C(c1ccc(F)c(Cl)c1)N1CCC(F)(CNCCOc2ccccc2)CC1,,-5.0655015487564325,,train
O=C(c1ccc(F)c(F)c1Nc1ccc(I)cc1F)N1CC(O)([C@@H]2CCCCN2)C1,,,-6.978810700930062,val
O=C(c1ccc(F)c(F)c1Nc1ccc(I)cc1F)N1CC(O)C1,,,-6.399027104313252,val
O=C(c1ccc(F)cc1)N1CC=C(c2cc3ncccc3[nH]2)CC1,,-6.042392712939905,,val
O=C(c1ccc(F)cc1)N1CCC(c2cc3ncccc3[nH]2)C1,,-5.801342913045578,,train
O=C(c1ccc(F)cc1)N1CCCC(c2cc3nc(C(F)(F)F)ccc3[nH]2)C1,,-4.913640169325252,,train
O=C(c1ccc(F)cc1)N1CCCC(c2cc3nc(Cl)ccc3[nH]2)C1,,-4.823908740944319,,train
O=C(c1ccc(F)cc1)N1CCCC(c2cc3nc(N4CCCC4)ccc3[nH]2)C1,,-6.818156412055227,,train
O=C(c1ccc(F)cc1)N1CCCC(c2cc3ncc(Cl)cc3[nH]2)C1,,-4.97469413473523,,train
O=C(c1ccc(F)cc1)N1CCCC(c2cc3ncccc3[nH]2)C1,,-6.204119982655925,,train
O=C(c1ccc(F)nc1)N1CCC[C@@H]1c1nc(Nc2cc(C3CC3)[nH]n2)c2cccn2n1,,-6.029188389127483,,val
O=C(c1ccc(F)nc1)N1CCC[C@H]1c1nc(Nc2cc(C3CC3)[nH]n2)c2cccn2n1,,-6.142064735280571,,train
O=C(c1ccc2[nH]ccc2c1)C1(Cc2ccccc2)CCNC1,-4.769551078621726,,,test
O=C(c1ccc2c(c1)ncn2-c1cccc(C(F)(F)F)c1)N1CCCCC1,,-2.8709549401120418,,val
O=C(c1ccc2c(c1)ncn2-c1cccc(Cl)c1)N1CCCCC1,,-3.048176964684088,,train
O=C(c1ccc2cc(Oc3cc(C(F)(F)F)ccn3)ccc2n1)N1CCNCC1,,,-4.309803919971486,train
O=C(c1ccc2cc(Oc3ccc(C(F)(F)F)cc3)ccc2n1)N1CCNCC1,,-5.6777807052660805,,train
O=C(c1ccc2cc(Oc3ccc(C(F)(F)F)cn3)ccc2n1)N1CC(F)(F)C1,,-5.517126416391246,,train
O=C(c1ccc2cc(Oc3ccc(C(F)(F)F)cn3)ccc2n1)N1CCC1,,-4.17979854051436,,train
O=C(c1ccc2cc(Oc3ccc(C(F)(F)F)cn3)ccc2n1)N1CCCC1,,-4.580044251510242,,train
O=C(c1ccc2cc(Oc3ccc(C(F)(F)F)cn3)ccc2n1)N1CCN(CC(F)(F)F)CC1,,,-4.609064892896621,train
O=C(c1ccc2cc(Oc3ccc(C(F)(F)F)cn3)ccc2n1)N1CCNC(C(F)(F)F)C1,,-4.614393726401688,,test
O=C(c1ccc2cc(Oc3ccc(C(F)(F)F)cn3)ccc2n1)N1CCNCC1,,-5.327902142064283,,train
O=C(c1ccc2cc(Oc3ccc(C(F)(F)F)cn3)ccc2n1)N1CC[C@@H](F)C1,,-4.6401645176601125,,train
O=C(c1ccc2cc(Oc3ccc(C(F)(F)F)cn3)ccc2n1)N1CC[C@H](F)C1,,-4.5003129173815966,,train
O=C(c1ccc2cc(Oc3ccc(C(F)F)cn3)ccc2n1)N1CCNCC1,,-5.481486060122113,,train
O=C(c1ccc2cc(Oc3ccc(OC(F)(F)F)cn3)ccc2n1)N1CCNCC1,,-5.292429823902063,,train
O=C(c1ccc2cc(Oc3ccc(S(=O)(=O)C(F)(F)F)cc3)ccc2n1)N1CCNCC1,,-6.096910013008056,,train
O=C(c1ccc2cc(Oc3cccc(C(F)(F)F)n3)ccc2n1)N1CCNCC1,,,-4.282329496997738,val
O=C(c1ccc2cc(Oc3cnc(C(F)(F)F)cn3)ccc2n1)N1CCNCC1,,-5.42021640338319,,val
O=C(c1ccc2cc(Oc3ncc(C(F)(F)F)cn3)ccc2n1)N1CCNCC1,,-5.823908740944319,,train
O=C(c1cccc(C(F)(F)F)n1)N1CCCC(c2cc3ncccc3[nH]2)C1,,-6.2335871528876,,train
O=C(c1cccc(F)c1-c1ncccn1)N1[C@@H]2CC[C@H]1[C@H](Nc1cnc(C(F)(F)F)cn1)C2,,,-5.709965388637482,train
O=C(c1cccc(F)c1-c1ncccn1)N1[C@@H]2CC[C@H]1[C@H](Nc1ncc(C(F)(F)F)cc1F)C2,,,-5.113509274827519,train
O=C(c1cccc(N2CCNCC2)n1)N1CCC(c2ccccc2F)CC1,,,-4.619788758288394,train
O=C(c1ccccc1)N1C=C(c2cc3ncccc3[nH]2)CCC1,,-5.52432881167557,,train
O=C(c1ccccc1)N1CC=C(c2cc3ccccc3[nH]2)CC1,,-5.313363730737707,,train
O=C(c1ccccc1)N1CC=C(c2cc3ncccc3[nH]2)CC1,,-5.782516055786094,,train
O=C(c1ccccc1)N1CCC(c2cc3ncccc3[nH]2)CC1,,-6.026872146400302,,train
O=C(c1ccccc1)N1CCC2(CC1)CCN(C(=O)N1CCN(C3CCC3)CC1)C2,,,-5.055517327849832,train
O=C(c1ccccc1)N1CCCC(c2cc3ncccc3[nH]2)C1,,-5.540607512240769,,train
O=C(c1ccccc1)N1CCCC(c2cc3ncccn3n2)C1,,-4.782516055786094,,train
O=C(c1ccccc1)N1CCCC(c2cn3cccnc3n2)C1,,-5.560667306169737,,train
O=C(c1ccccc1)N1CCCC(c2cn3nc(Cl)ccc3n2)C1,,-4.627087997029894,,train
O=C(c1ccccc1)N1CCCC(c2cn3ncccc3n2)C1,,-4.856985199745905,,train
O=C(c1ccccc1)N1CCCC(c2nc3ncccc3[nH]2)C1,,-5.614393726401688,,val
O=C(c1ccccc1)N1CCN(CCCN2CCN(c3cccc(Cl)c3Cl)CC2)CC1,,-4.638272163982407,,val
O=C(c1ccccc1)N1CCN(CCCN2CCN(c3ccccc3)CC2)CC1,,-4.698970004336019,,train
O=C(c1ccccc1)N1CCN(c2nc3ccccc3s2)CC1,,-4.393618634889395,,train
O=C(c1ccccc1)c1ccc2n1CCC2C(=O)O,,,-4.823908740944319,val
O=C(c1ccccc1-c1ncccn1)N1[C@@H]2CC[C@H]1[C@H](Nc1cnc(C(F)(F)F)cn1)C2,,,-5.958607314841775,train
O=C(c1ccccn1)N1CCCC(c2cc3ncccc3[nH]2)C1,,-5.632644078973981,,train
O=C(c1ccccn1)N1CCN(CCCN2CCN(c3cccc(Cl)c3Cl)CC2)CC1,,-4.769551078621726,,train
O=C(c1cccs1)N1CCN(CCOc2ccc(Cl)cc2)CC1,,,-6.671620396561262,train
O=C(c1cccs1)N1CCN(CCOc2ccc(Cl)cc2Cl)CC1,,,-6.769551078621726,train
O=C(c1ccnc(Nc2nc3cnc(-c4cccc(C(F)(F)F)c4)cc3[nH]2)c1)N1CCN(CC(F)(F)F)CC1,-5.275724130399211,,,train
O=C(c1cnc(N2CCN(C(=O)NS(=O)(=O)c3ccc(Cl)s3)CC2)c(Cl)c1)C1CC1,-6.920818753952375,,,val
O=C(c1cnccc1Oc1cc(Cl)ccc1Cl)N1CCN(C2CC2)c2ccccc21,-5.170696227168975,,,test
O=C(c1nnc(-c2ccc(Cl)cc2)o1)N1CCC(Oc2ccc(CN3CCCC3)cc2)CC1,-4.366531544420414,,,test
O=C(c1nnc(-c2ccc(F)cc2)o1)N1CCC(Oc2ccc(CN3CCCC3)cc2)CC1,-4.2839966563652006,,,train
O=C(c1nnc(-c2ccc(OC(F)F)cc2)o1)N1CCC(Oc2ccc(CN3CCCC3)cc2)CC1,-4.301029995663981,,,train
O=C(c1nnc(-c2ccccc2)o1)N1CC(Oc2ccc(CN3CC4(COC4)C3)cc2)C1,-4.102372908709559,,,train
O=C(c1nnc(-c2ccccc2)o1)N1CCC(Oc2ccc(CN3CCC(O)C3)cc2)CC1,-4.508638306165727,,,test
O=C(c1nnc(-c2ccccc2)o1)N1CCC(Oc2ccc(CN3CCCC3)cc2)CC1,-4.259637310505756,,,val
O=C(c1nnc(-c2ccccc2Cl)o1)N1CCC(Oc2ccc(CN3CCCC3)cc2)CC1,-4.229147988357856,,,val
O=C1/C(=C/c2ccc(Cl)cc2)COc2cc(OCCCCCCNc3c4c(nc5ccccc35)CCCC4)ccc21,,-5.958607314841775,,train
O=C1/C(=C/c2ccc(F)cc2)COc2cc(OCCCCCCNc3c4c(nc5ccccc35)CCCC4)ccc21,,-5.3979400086720375,,train
O=C1/C(=C/c2ccc([N+](=O)[O-])cc2)CNC/C1=C\c1ccc([N+](=O)[O-])cc1,,,-6.552841968657781,test
O=C1/C(=C/c2cccc(O)c2)CNC/C1=C\c1cccc(O)c1,-4.812479279163537,,-4.6595558851598815,train
O=C1/C(=C/c2ccccc2)CNC/C1=C\c1ccccc1,,,-5.241088107602026,train
O=C1/C(=C/c2ccccc2F)CNC/C1=C\c1ccccc1F,-5.452225294612178,,-5.450996737974212,train
O=C1C(CC[S+]([O-])c2ccccc2)C(=O)N(c2ccccc2)N1c1ccccc1,-5.920818753952375,,,train
O=C1C2=Nc3ccccc3CN2c2ccc(Cl)cc21,-3.2160964207272653,,,train
O=C1C=C(O)CC1Cc1ccccc1,,-6.673664139071248,,train
O=C1CC(=O)C(Cc2ccccc2)N1,,-5.6020599913279625,,train
O=C1CC(C(=O)N2CCNCC2)CC2=C1C(c1ccccc1Cl)N=C(Nc1nc3ccccc3o1)N2,,-5.327902142064283,,train
O=C1CC(C(=O)NCCO)CC2=C1C(c1ccccc1Cl)N=C(Nc1nc3ccccc3o1)N2,,-5.698970004336019,,test
O=C1CC(C(=O)Nc2nncs2)CC2=C1C(c1ccccc1Cl)N=C(Nc1nc3ccccc3o1)N2,,-5.301029995663981,,train
O=C1CC(C(=O)O)CC2=C1C(c1ccccc1Cl)N=C(Nc1nc3ccccc3o1)N2,,-6.0,,train
O=C1CC(c2c(Cl)cccc2Cl)CC(O)=C1Sc1ccccc1Cl,,,-4.769551078621726,train
O=C1CC(c2ccc(Cl)cc2Cl)Cc2nc3ccc(Cl)cc3c(O)c21,,-4.698970004336019,,train
O=C1CC(c2ccccc2)C=C1O,,-4.769551078621726,,test
O=C1CC(c2ccccc2)CC(O)=C1Nc1ccccc1Cl,,,-5.3979400086720375,train
O=C1CC(c2ccccc2)CC(O)=C1Oc1ccccc1Cl,,,-4.958607314841775,train
O=C1CC(c2ccccc2)CC(O)=C1Sc1ccccc1Cl,,,-4.832773124424534,train
O=C1CCC(=O)N1[C@H]1CCCN(C[C@H]2COc3ccccc3O2)C1,-4.3979400086720375,,,train
O=C1CCC(Cc2ccccc2)=C1O,,-4.943095148663527,,val
O=C1CCC(N2C(=O)c3cccc(O)c3C2=O)C(=O)N1,,-5.698970004336019,,train
O=C1CCC(O)=C1Cc1ccccc1,,-6.812479279163537,,val
O=C1CCCCCCCCOC[C@@H](C(=O)NCc2ccccc2F)NC(=O)[C@H](CC(=O)N2CCC[C@@H]2c2ccccc2)N1,,-6.585026652029182,,train
O=C1CCCCN1c1ccc(CO[C@@H]2COc3nc([N+](=O)[O-])cn3C2)cc1,-6.325598187154719,,,train
O=C1CCCCN1c1ccc(CO[C@@H]2COc3nc([N+](=O)[O-])cn3C2)cc1F,-6.334794371565399,,,train
O=C1CCCCN1c1ccc(CO[C@@H]2COc3nc([N+](=O)[O-])cn3C2)cn1,-6.472627917172388,,,test
O=C1CCCN1CCn1cc(-c2cnc3nnn(Cc4ccc5ncccc5c4)c3n2)cn1,-4.6595558851598815,,,train
O=C1CCCN1[C@H]1CCCN(C[C@H]2COc3ccccc3O2)C1,-4.515700160653214,,,val
O=C1CCCN1c1ccc2c(=O)c3cccc(F)c3oc2c1,,-5.679853713888946,,test
O=C1CCCN1c1ncsc1N1CCN(C[C@H]2COc3ccccc3O2)CC1,-4.372634143407267,,,train
O=C1CCCN1c1nsnc1N1CCN(C[C@H]2COc3ccccc3O2)CC1,-4.133122185662502,,,train
O=C1CC[C@@H](c2nc(Nc3cc(C4CC4)[nH]n3)c3cccn3n2)N1C(=O)c1ccc(F)nc1,,-6.221848749616356,,val
O=C1CC[C@@]2(O)[C@H]3Cc4ccc(O)c5c4[C@@]2(CCN3CC2CC2)[C@H]1O5,,-4.82102305270683,,train
O=C1CCc2cc(N3CC[C@](O)(C(=O)NCc4cc(F)cc(Cl)c4)C3=O)ccc2N1,-4.795880017344075,,,train
O=C1CCc2cc(N3CC[C@](O)(C(=O)NCc4cc(F)cc(F)c4)C3=O)ccc2N1,-5.0,,,train
O=C1CCc2cc(S(=O)(=O)Nc3ccc(F)c(Cl)c3)c(F)cc2N1,-5.027797161620936,,,train
O=C1CCc2ccc(OCCCCN3CCN(C(=O)c4ccccn4)CC3)cc2N1,,-5.026872146400302,,train
O=C1CCc2cccc(c2)OCCCC[C@@H](C(=O)NCc2ccccc2F)NC(=O)[C@H](CC(=O)N2CCC[C@@H]2c2ccccc2)N1,,-6.686132779630847,,train
O=C1CCc2cccc(c2)Oc2ccc(cc2)C[C@@H](C(=O)NCc2ccccc2F)NC(=O)[C@H](CC(=O)N2CCC[C@@H]2c2ccccc2)N1,,-6.6439741428068775,,train
O=C1CN(/N=C/c2ccc([N+](=O)[O-])o2)C(=O)N1,-5.958607314841775,,,train
O=C1CN(C(=O)COc2ccc3cc(Oc4ccc(C(F)(F)F)cn4)ccc3n2)CCN1,,,-4.355561410532162,val
O=C1CN(C(=O)COc2ccc3cc(Oc4ccccn4)ccc3n2)CCN1,,,-4.657577319177793,test
O=C1CN(CCCc2ccccc2)C(=O)[C@H]2CCCN2C(=O)[C@H](Cc2cccnc2)NC(=O)[C@H](CCCc2ccccc2)NC(=O)[C@@H](Cc2ccccc2)NC(=O)[C@H](CCCc2ccccc2)N1,,,-5.920818753952375,train
O=C1CN(CCCc2ccccc2)C(=O)[C@H]2CCCN2C(=O)[C@H](Cc2cccnc2)NC(=O)[C@H](CCc2ccccc2)NC(=O)[C@@H](Cc2ccccc2)NC(=O)[C@H](CCCc2ccccc2)N1,,,-5.744727494896694,train
O=C1CN(CCCc2ccccc2)C(=O)[C@H]2CCCN2C(=O)[C@H](Cc2cccnc2)NC(=O)[C@H](Cc2c[nH]c3ccccc23)NC(=O)[C@@H](Cc2ccccc2)NC(=O)[C@H](CCCc2ccccc2)N1,,,-6.045757490560675,train
O=C1CN(CCCc2ccccc2)C(=O)[C@H]2CCCN2C(=O)[C@H](Cc2cccnc2)NC(=O)[C@H](Cc2cscn2)NC(=O)[C@@H](Cc2ccccc2)NC(=O)[C@H](CCCc2ccccc2)N1,,,-6.154901959985743,train
O=C1CN(c2c(Cl)sc(-c3ccccc3)c2Cl)S(=O)(=O)N1,,-5.450996737974212,,train
O=C1CNC(=O)N1[C@H]1CCCN(C[C@H]2COc3ccccc3O2)C1,-4.298432014944073,,,train
O=C1COC(=O)N1[C@H]1CCCN(C[C@H]2COc3ccccc3O2)C1,-4.251037138743839,,,train
O=C1COCCN1c1ccc(CO[C@@H]2COc3nc([N+](=O)[O-])cn3C2)cc1,-6.39707228714081,,,train
O=C1COCCN1c1ccc(CO[C@@H]2COc3nc([N+](=O)[O-])cn3C2)cc1F,-6.296107046367456,,,train
O=C1COCCN1c1ccc(CO[C@@H]2COc3nc([N+](=O)[O-])cn3C2)cn1,-6.3624102141613,,,train
O=C1COc2ccc(CN[C@@H]3CCN(CCn4c(=O)ccc5ncc(F)cc54)C[C@@H]3F)nc2N1,-5.119186407719209,,,train
O=C1COc2ccc(CN[C@H]3CCN(CCn4c(=O)ccc5ncc(F)cc54)C[C@H]3F)nc2N1,-5.091514981121351,,,train
O=C1CSCCN1c1ccc(CO[C@@H]2COc3nc([N+](=O)[O-])cn3C2)cc1,-6.402743717074858,,,test
O=C1CSCCN1c1ccc(CO[C@@H]2COc3nc([N+](=O)[O-])cn3C2)cc1F,-6.47638358094563,,,train
O=C1CSCCN1c1ccc(CO[C@@H]2COc3nc([N+](=O)[O-])cn3C2)cn1,-6.3979400086720375,,,train
O=C1C[C@@H](c2ccc(O)cc2)Oc2cc(O)cc(O)c21,-4.422508200162775,-4.590066876668706,,train
O=C1Cc2cc(S(=O)(=O)N3CCN(c4ccc(C(=O)O)cc4)CC3)ccc2N1,-6.221848749616356,,,train
O=C1Cc2cc(S(=O)(=O)N3CCN(c4ccc(O)cc4)CC3)ccc2N1,-4.749579997691106,,,val
O=C1N(CC2CCC2)c2ccccc2C1(O)c1ccc2c(c1)OCO2,-4.663540266151471,,,train
O=C1N(CCC2CC2)c2ccccc2C1(O)c1ccc2c(c1)OCO2,-4.701146923590294,,,test
O=C1N(CCO)c2cc(Cl)cc(Cl)c2C12CCN(c1nc3c(c(=O)[nH]1)CCCC3)CC2,,-4.366531544420414,,train
O=C1N(CCO)c2cc(F)cc(F)c2C12CCN(c1nc3c(c(=O)[nH]1)CCCC3)CC2,,-5.102372908709558,,train
O=C1N(CCO)c2cccc(Cl)c2C12CCN(c1nc3c(c(=O)[nH]1)CCCC3)CC2,,-5.958607314841775,,val
O=C1N(CCO)c2cccc(F)c2C12CCN(c1nc3c(c(=O)[nH]1)CCCC3)CC2,,-5.443697499232713,,train
O=C1N(CCO)c2ccccc2C12CCN(c1nc3c(c(=O)[nH]1)CCCC3)CC2,,-5.537602002101044,,train
O=C1N(Cc2ccc(C(F)(F)F)cc2)c2ccccc2C1(O)c1ccc2c(c1)OCO2,-5.267606240177032,,,train
O=C1N(Cc2ccc(Cl)cc2)c2ccccc2C1(O)c1ccc2c(c1)OCCO2,-5.721246399047171,,,train
O=C1N(Cc2ccc(Cl)cc2)c2ccccc2C1(O)c1ccc2c(c1)OCO2,-5.045757490560675,,,train
O=C1N(Cc2ccc(Cl)cc2)c2ccccc2C1(O)c1ccccc1,-4.882728704344236,,,train
O=C1N(Cc2ccc3c(c2)OCO3)c2ccccc2C1(O)c1ccc2c(c1)OCO2,-5.113509274827519,,,train
O=C1N(Cc2ccccc2)c2ccccc2C1(O)c1ccc2c(c1)OCO2,-5.031517051446065,,,train
O=C1NC(=O)C(Cc2ccccc2)O1,,-5.609064892896621,,test
O=C1NC(=O)C(Cc2ccccc2)S1,,-5.05700040663396,,train
O=C1NC(=O)C(c2ccccc2)(c2ccccc2)N1,,-5.232986946971932,,train
O=C1NC(c2ccc(N3CCCCC3)cc2)(c2ccsc2)CC(O)=C1Sc1ccccc1Cl,,,-5.769551078621726,test
O=C1NC(c2ccccc2)(c2ccccc2)CC(O)=C1Sc1ccccc1Cl,,,-5.026872146400302,train
O=C1NC(c2ccccc2)(c2ccsc2)CC(O)=C1Sc1ccccc1Cl,,,-5.130768280269024,train
O=C1NC(c2ccccc2)CC(O)=C1Nc1ccccc1Cl,,,-4.721246399047171,train
O=C1NC(c2ccccc2)CC(O)=C1Oc1ccccc1Cl,,,-4.958607314841775,train
O=C1NC(c2ccccc2)CC(O)=C1Sc1ccccc1Cl,,,-5.154901959985743,train
O=C1NC(c2ccsc2)(c2cccc(NC3CCOCC3)c2)CC(O)=C1Sc1ccccc1Cl,,,-6.301029995663981,train
O=C1NC(c2ccsc2)(c2cccc(Nc3ccc(F)cc3)c2)CC(O)=C1Sc1ccccc1Cl,,,-6.0,train
O=C1NC2(CC2)COc2ncc(F)cc2[C@H]2CCCCN2c2ccn3ncc1c3n2,-4.787812395596042,,,train
O=C1NC2(CC2)COc2ncc(F)cc2[C@H]2CNCCN2c2ccn3ncc1c3n2,-5.4089353929735005,,,train
O=C1NC2(CC2)COc2ncc(F)cc2[C@H]2COCCN2c2ccn3ncc1c3n2,-4.920818753952375,,,test
O=C1NCC2(CCCNC2)c2[nH]c(-c3ccnc(NC(=O)c4cccc5ccccc45)c3)cc21,,-9.0,,test
O=C1NCCN1[C@H]1CCCN(C[C@H]2COc3ccccc3O2)C1,-4.399027104313252,,,test
O=C1N[C@H](c2nnc(C(F)(F)F)[nH]2)CCCCOc2cccc(c2)C[C@H](N2CCCC2=O)C(=O)N[C@H]1CCc1ccccc1,,-7.086186147616283,,val
O=C1N[C@H](c2nnc(C(F)(F)F)o2)CCCCOc2cccc(c2)C[C@H](N2CCCC2=O)C(=O)N[C@H]1CCc1ccccc1,,-6.795880017344075,,val
O=C1N[C@](c2ccc(N3CCOCC3)cc2)(c2ccsc2)CC(O)=C1Sc1ccccc1Cl,,,-5.468521082957745,train
O=C1Nc2ccc(Br)cc2C1=NN1CCCCC1,,-5.026872146400302,,train
O=C1Nc2ccc(Br)cc2C1=NN1CCOCC1,,-4.958607314841775,,train
O=C1Nc2ccc(Cl)cc2C(c2ccccc2)=NC1O,,-5.011174809191967,,train
O=C1Nc2ccc(Cl)cc2C1=NN1CCCCC1,,-4.531652669587843,,train
O=C1Nc2ccc(Cl)cc2C1=NN1CCOCC1,,-4.910094888560602,,test
O=C1Nc2ccc(F)cc2C1=NN1CCCCC1,,-4.782516055786094,,train
O=C1Nc2ccc(F)cc2C1=NN1CCOCC1,,-5.075720713938119,,train
O=C1Nc2ccc(I)cc2C1=NN1CCOCC1,,-4.94692155651658,,test
O=C1Nc2ccc(N3CCC(C(=O)O)C3)cc2Oc2c(Cl)cccc21,,-6.0,,train
O=C1Nc2ccc(N3CCCC3)cc2Oc2c(Cl)cccc21,,-5.679853713888946,,train
O=C1Nc2ccc(O)cc2/C1=C\c1ccc2c(/C=C/c3ccncc3)n[nH]c2c1,,-5.3979400086720375,,train
O=C1Nc2cccc(Cl)c2Oc2cc(N3CCC(C(=O)O)C3)ccc21,,-5.785156151952302,,train
O=C1Nc2ccccc2/C1=C\c1ccc2c(/C=C/c3ccc(C(=O)O)cc3)n[nH]c2c1,,-5.6777807052660805,,train
O=C1Nc2ccccc2/C1=C\c1ccc2c(/C=C/c3ccncc3)n[nH]c2c1,,-3.705533773838407,,train
O=C1Nc2ccccc2/C1=N/c1ccccc1,,-4.97061622231479,,val
O=C1Nc2ccccc2C1=NN(Cc1ccccc1)c1ccccc1,,-5.050609993355088,,train
O=C1Nc2ccccc2C1=NN(c1ccccc1)c1ccccc1,,-5.008773924307505,,train
O=C1Nc2ccccc2C1=NN1CCCCC1,,-4.815308569182402,,train
O=C1Nc2ccccc2C1=NN1CCOCC1,,-5.2441251443275085,,train
O=C1Nc2ccccc2C1=Nc1ccc(F)cc1,,-5.055517327849832,,test
O=C1Nc2ccccc2C1=Nc1ccccc1F,,-4.97469413473523,,train
O=C1OC(c2ccc(O)c(S(=O)(=O)[O-])c2)(c2ccc(O)c(S(=O)(=O)[O-])c2)c2c(Br)c(Br)c(Br)c(Br)c21,-6.995699914119041,,,train
O=C1OC(c2ccccc2)C(=O)N1[C@H]1CCCN(C[C@H]2COc3ccccc3O2)C1,-4.115771230367396,,,train
O=C1OC(c2ccccc2)CC(O)=C1Nc1ccccc1Cl,,,-5.096910013008056,train
O=C1OC(c2ccccc2)CC(O)=C1Oc1ccccc1Cl,,,-5.3979400086720375,train
O=C1OC(c2ccccc2)CC(O)=C1Sc1ccccc1Cl,,,-5.522878745280337,train
O=C1OC2(CCc3c(-c4ccccc4)cccc32)CC(O)=C1Sc1ccccc1Cl,,,-5.795880017344075,train
O=C1OC2(c3ccc([O-])cc3Oc3cc([O-])ccc32)c2ccccc21,-5.565431095965801,,,train
O=C1OC[C@H](Cc2cccc(O)c2)[C@H]1Cc1cccc(O)c1,-4.863279432843593,,,train
O=C1c2c(O)ccc(O)c2C(=O)c2c(NCCNCCO)ccc(NCCNCCO)c21,-4.580044251510242,,,val
O=C1c2cc(Br)ccc2-n2c1nc1ccccc1c2=O,-3.623423042943488,,,train
O=C1c2cc(C(=O)N3CCCCC3)ccc2-n2c1nc1ccccc1c2=O,-3.2225731776106885,,,train
O=C1c2cc(Cl)ccc2-n2c1nc1cc(F)ccc1c2=O,-3.54515513999149,,,train
O=C1c2cc(Cl)ccc2-n2c1nc1ccc(F)cc1c2=O,-4.657577319177793,,,train
O=C1c2cc(Cl)ccc2-n2c1nc1ncccc1c2=O,-3.1319436381769585,,,train
O=C1c2cc(F)ccc2-n2c1nc1ccccc1c2=O,-3.176525770829699,,,train
O=C1c2cc(OC(F)(F)F)ccc2-n2c1nc1ccccc1c2=O,-3.657577319177794,,,train
O=C1c2ccc(Cl)cc2-n2c1nc1ccccc1c2=O,-5.3979400086720375,,,test
O=C1c2ccccc2-n2c1nc1c(c2=O)CCCC1,-3.068542129310995,,,train
O=C1c2ccccc2-n2c1nc1ccccc1c2=O,-3.2211255279972604,,,train
O=C1c2ccccc2CN1CCc1cc2ncccc2[nH]1,,-6.297569463554475,,train
O=C1c2ccccc2S(=O)(=O)N1CCCCCN1CCN(Cc2ccccc2F)CC1,,-5.017728766960432,,train
O=C1c2ccccc2S(=O)(=O)N1CCCCN1CCN(Cc2ccccc2)CC1,,-4.97469413473523,,train
O=C1c2ccccc2S(=O)(=O)N1CCCCN1CCN(Cc2ccccc2F)CC1,,-4.958607314841775,,train
O=C1c2ccccc2S(=O)(=O)N1CCN1CCN(Cc2ccc(F)cc2)CC1,,-5.437707135543525,,train
O=C1c2ccccc2S(=O)(=O)N1CCN1CCN(Cc2ccccc2)CC1,,-5.425968732272281,,val
O=C1c2ncc3c(c(CCC(F)(F)F)cn3Cc3ccc(F)cc3)c2CCN1O,-4.97469413473523,,,train
O=C1c2ncc3c(c(CCCN4CCOCC4)cn3Cc3ccc(F)cc3)c2CCN1O,-5.684029654543083,,,train
O=C1c2ncc3c(c(CCCOC4CCOCC4)cn3Cc3ccc(F)cc3)c2CCN1O,-5.511449283499556,,,train
O=C1c2ncc3c(c(CN4CCC(F)(F)C4)cn3Cc3ccc(F)cc3)c2CCN1O,-5.231361898752386,,,train
O=C1c2ncc3c(c(CN4CCCCC4)cn3Cc3ccc(F)cc3)c2CCN1O,-5.642065152999546,,,train
O=C1c2ncc3c(c(COCC4CCOCC4)cn3Cc3ccc(F)cc3)c2CCN1O,-5.372634143407267,,,train
O=C1c2ncc3c(c(COCCCc4ccccn4)cn3Cc3ccc(F)cc3)c2CCN1O,-5.718966632752273,,,train
O=C1c2ncc3c(c(COCCc4ccccn4)cn3Cc3ccc(F)cc3)c2CCN1O,-5.166852888087215,,,train
O=C1c2ncc3c(c(COCc4ccccn4)cn3Cc3ccc(F)cc3)c2CCN1O,-5.021363051615526,,,test
O=C1c2ncc3c(c(S(=O)(=O)N4CCCC4)cn3Cc3ccc(F)cc3)c2CCN1O,-6.537602002101044,,,train
O=C1c2ncc3c(ccn3Cc3ccc(F)cc3)c2CCN1O,-4.815308569182402,,,val
O=C1c2ncc3c(ccn3Cc3ccc(F)cn3)c2CCN1O,-5.055024091587952,,,test
O=C1c2ncc3c(ccn3Cc3ncc(F)cc3F)c2CCN1O,-5.116338564846383,,,train
O=CN1CCC[C@H](NC(=O)[C@H]2CN(S(=O)(=O)c3ccccc3)C[C@@H]2NC(=O)c2cc(-c3ccccc3Cl)on2)C1,-6.017728766960432,,,val
O=P(O)(O)CCc1ccccc1,,-7.026872146400302,,train
O=P1(c2ccc(C(F)(F)F)cc2)CCC1,-4.107905397309519,,,train
O=P1(c2ccc(C(F)(F)F)cc2)CCCC1,-4.161150909262744,,,train
O=P1(c2ccc(C(F)(F)F)cc2)CCCCC1,-4.309803919971486,,,train
O=P1(c2ccc(C(F)(F)F)cc2)CCNCC1,-4.886056647693163,,,train
O=P1(c2ccc(C(F)(F)F)cc2)CCOCC1,-4.187086643357144,,,train
O=P1(c2ccc(C(F)(F)F)cc2)NCCCN1,-4.376750709602099,,,train
O=P1(c2ccc(C(F)(F)F)cc2)NCCCO1,-4.2441251443275085,,,train
O=P1(c2ccc(C(F)(F)F)cc2)OCCCO1,-4.022276394711152,,,val
O=P1(c2ccc(C(F)(F)F)cc2)OCCNCCO1,-4.200659450546419,,,train
O=S(=O)(/C=C/c1ccc(O)c(O)c1)NCCCCc1ccccc1,,-5.42021640338319,,train
O=S(=O)(/C=C/c1ccc(O)c(O)c1)NCCCc1ccccc1,,-5.2441251443275085,,train
O=S(=O)(/C=C/c1ccc(O)c(O)c1)NCCc1ccc(Cl)cc1,,-5.468521082957745,,train
O=S(=O)(/C=C/c1ccc(O)c(O)c1)NCCc1ccccc1,,-5.086186147616283,,val
O=S(=O)(/C=C/c1ccc(O)c(O)c1)NCc1ccc(C(F)(F)F)cc1,,-5.552841968657781,,train
O=S(=O)(/C=C/c1ccc(O)c(O)c1)NCc1ccc(Cl)cc1,,-5.6020599913279625,,train
O=S(=O)(/C=C/c1ccc(O)c(O)c1)NCc1ccc(F)cc1,,-5.221848749616356,,test
O=S(=O)(/C=C/c1ccc(O)c(O)c1)NCc1ccccc1,,-4.913640169325252,,train
O=S(=O)(Cc1ccccc1)c1ccccc1O,,-4.804100347590766,,train
O=S(=O)(NCc1ccc(-c2ccc(F)cc2F)cn1)c1cc2cc(Cl)ccc2[nH]1,,-4.269217724333611,,train
O=S(=O)(NCc1ccc(-c2ccc(F)nc2F)cc1)c1cc2cc(Cl)ccc2[nH]1,,-3.85078088734462,,train
O=S(=O)(N[C@@H]1Cc2ccc(Cn3cc(CO)c(C(F)(F)F)n3)cc2C1)C(F)(F)F,-6.772113295386326,,,train
O=S(=O)(Nc1cc(Cl)ccc1O)c1cc(Br)ccc1O,,,-4.4388986163509445,train
O=S(=O)(Nc1cc(S(F)(F)(F)(F)F)ccc1O)c1cc(Br)ccc1O,,,-4.832682665251824,train
O=S(=O)(Nc1ccc2c(-c3ccncc3)c[nH]c2c1)c1ccccc1,-5.187086643357144,,,train
O=S(=O)(Nc1cccc(F)n1)c1cc(Cl)c(NCC23CCCN2CCC3)cc1F,,,-4.638272163982407,train
O=S(=O)(Nc1ccncn1)c1cc(Cl)c(NCC23CCCN2CCC3)cc1F,,,-5.698970004336019,train
O=S(=O)(Nc1ccncn1)c1cc2c(cc1F)[C@@H](N1CC[C@H](C(F)(F)F)C[C@@H]1c1cc[nH]n1)CCO2,,,-5.886056647693163,train
O=S(=O)(Nc1ccncn1)c1cc2c(cc1F)[C@@H](N1CC[C@H](C(F)(F)F)C[C@@H]1c1ccc(F)cc1)CCO2,,,-5.013228265733756,train
O=S(=O)(Nc1ccncn1)c1cc2c(cc1F)[C@@H](N1CC[C@H](C(F)(F)F)C[C@@H]1c1ccccn1)CCO2,,,-5.119186407719209,train
O=S(=O)(Nc1ccncn1)c1cc2c(cc1F)[C@@H](N1CC[C@H](C(F)(F)F)C[C@@H]1c1cccnc1)CCO2,,,-5.585026652029182,train
O=S(=O)(Nc1ccncn1)c1cc2c(cc1F)[C@@H](N1CC[C@H](C(F)(F)F)C[C@@H]1c1ccncc1)CCO2,,,-5.508638306165728,train
O=S(=O)(Nc1ccncn1)c1cc2c(cc1F)[C@@H](N1CC[C@H](C(F)(F)F)C[C@@H]1c1ccncn1)CCO2,,,-6.154901959985743,train
O=S(=O)(Nc1ccncn1)c1cc2c(cc1F)[C@@H](N1CC[C@H](C(F)(F)F)C[C@@H]1c1ccnnc1)CCO2,,,-7.0,val
O=S(=O)(Nc1ccncn1)c1cc2c(cc1F)[C@@H](N1CC[C@H](C(F)(F)F)C[C@@H]1c1cn[nH]c1)CCO2,,,-5.958607314841775,train
O=S(=O)(Nc1ccncn1)c1cc2c(cc1F)[C@@H](N1CC[C@H](C(F)(F)F)C[C@@H]1c1cnccn1)CCO2,,,-5.795880017344075,train
O=S(=O)(Nc1ccncn1)c1cc2c(cc1F)[C@@H](N1CC[C@H](C(F)(F)F)C[C@@H]1c1cnco1)CCO2,,,-5.537602002101044,train
O=S(=O)(Nc1nc(-c2ccc(F)cc2)c(-c2ccnc(Nc3ccc(N4CCNCC4)cc3)n2)s1)C1CCNCC1,,-5.522878745280337,,val
O=S(=O)(Nc1ncc(Cl)s1)c1cc(Cl)c(NCC23CCCN2CCC3)cc1F,,,-5.522878745280337,train
O=S(=O)(Nc1ncc(F)s1)c1cc(Cl)c(NCC23CCCN2CCC3)cc1F,,,-5.698970004336019,train
O=S(=O)(Nc1ncccn1)c1ccc2c(c1)OCC[C@@H]2c1ccc(C(F)(F)F)cc1-c1ccc(F)nc1,-6.3788237182249645,,,train
O=S(=O)(Nc1ncccn1)c1ccc2c(c1)OCC[C@@H]2c1ccc(C(F)(F)F)cc1N1CCOCC1,-6.424812155072339,,,train
O=S(=O)(Nc1nccs1)c1cc(Cl)c(NCC2(Cc3ccccc3)CCCN2)cc1F,,,-4.886056647693163,train
O=S(=O)(Nc1nccs1)c1cc(Cl)c(NCC23CCCCN2CCCC3)cc1F,,,-4.494850021680094,train
O=S(=O)(Nc1nccs1)c1cc(Cl)c(NCC23CCCN2CC(F)(F)C3)cc1F,,,-4.638272163982407,train
O=S(=O)(Nc1nccs1)c1cc(Cl)c(NCC23CCCN2CCC3)cc1F,,,-5.698970004336019,train
O=S(=O)(Nc1nccs1)c1cc(Cl)c(NCCC23CCCN2CCC3)cc1F,,,-5.698970004336019,train
O=S(=O)(Nc1nccs1)c1cc(Cl)c(NC[C@]23CCCN2C[C@@H](F)C3)cc1F,,,-4.958607314841775,train
O=S(=O)(Nc1ncns1)c1cc(Cl)c(NCC23CCCN2CCC3)cc1F,,,-5.698970004336019,train
O=S(=O)(Nc1ncns1)c1cc(F)c(NCC23CCCN2CCC3)cc1F,,,-5.698970004336019,train
O=S(=O)(Nc1ncns1)c1ccc2c(-c3ccc(C(F)(F)F)cc3Br)cccc2c1,,,-5.301029995663981,train
O=S(=O)(Nc1ncns1)c1ccc2c(-c3ccc(C(F)(F)F)cc3C3=CCNCC3)cccc2c1,,,-5.886056647693163,val
O=S(=O)(Nc1ncns1)c1ccc2c(-c3ccc(C(F)(F)F)cc3O)cccc2c1,,,-5.698970004336019,train
O=S(=O)(Nc1ncns1)c1ccc2c(c1)OCC[C@@H]2N1CC[C@H](C(F)(F)F)C[C@@H]1c1ccc(F)cc1,,,-5.6777807052660805,train
O=S(=O)(Nc1nncs1)c1cc(Cl)c(Oc2ccc(C(F)(F)F)cc2-c2ccnnc2)cc1F,,,-6.096910013008056,train
O=S(=O)([O-])CCc1ccccc1,,-7.415668775632469,,train
O=S(=O)(c1ccc2c(c1)OCO2)N1CC[C@@H](c2ccccc2F)C1,,,-4.552841968657781,val
O=S(=O)(c1ccc2c(c1)OCO2)N1C[C@@H]2c3ccccc3-n3ccnc3[C@@H]2C1,,,-4.236572006437063,test
O=S1(=O)CC(O)(CCc2ccccc2)C1,,-4.913640169325252,,test
O=S1(=O)CCC(N[C@@H]2CC[C@@]3(S(=O)(=O)c4ccc(F)cc4)c4ccc(C(F)(C(F)(F)F)C(F)(F)F)cc4CC[C@@H]23)CC1,-7.136677139879544,,,train
O=S1(=O)CCC(O)(N[C@@H]2CC[C@@]3(S(=O)(=O)c4ccc(F)cc4)c4ccc(C(F)(C(F)(F)F)C(F)(F)F)cc4CC[C@@H]23)CC1,-7.337242168318426,,,train
O=S1(=O)N=C(NCc2ccc(S(=O)(=O)N3CCC(N4CCCC4)CC3)cc2)Nc2ccncc21,,,-7.0,val
O=S1(=O)N=C(NCc2ccc(S(=O)(=O)c3ccccc3)cc2)Nc2ccncc21,,,-6.096910013008056,test
O=S1(=O)OC(c2ccc(O)cc2)(c2ccc(O)cc2)c2ccccc21,-6.455931955649724,,,train
O=S1(c2ccc(C(F)(F)F)cc2)=NCCCC1,-4.075720713938118,,,val
O=S1NC(CCc2ccccc2)=NO1,,-6.958607314841775,,train
O=[N+]([O-])/N=C1\NCCN1Cc1ccc(Cl)nc1,,-5.344861565188618,,train
O=[N+]([O-])OCCCOc1ccc(/C=[N+](\[O-])Cc2ccccc2)cc1,,-4.657577319177793,,train
O=[N+]([O-])OCCOc1ccc(/C=[N+](\[O-])Cc2ccccc2)cc1,,-4.774690718274138,,train
O=[N+]([O-])c1cc(Cl)ccc1Cl,,-5.109020403010312,,train
O=[N+]([O-])c1cccc(O)c1,,-4.767257937279263,,train
O=[N+]([O-])c1cccc(S(=O)(=O)Nc2ccccc2O)c1,,-7.0,,train
O=[N+]([O-])c1ccccc1O,,-4.2444300193712,,test
O=[N+]([O-])c1cn2c(n1)OC[C@@H](OCc1ccc(N3CCCCC3)c(F)c1)C2,-6.450261268735101,,,test
O=[N+]([O-])c1cn2c(n1)OC[C@@H](OCc1ccc(N3CCCCC3)cc1)C2,-6.498119506244941,,,train
O=[N+]([O-])c1cn2c(n1)OC[C@@H](OCc1ccc(N3CCCCC3)nc1)C2,-6.4243503852447805,,,test
O=[N+]([O-])c1cn2c(n1)OC[C@@H](OCc1ccc(N3CCOCC3)c(F)c1)C2,-6.363211310965625,,,train
O=[N+]([O-])c1cn2c(n1)OC[C@@H](OCc1ccc(N3CCOCC3)cc1)C2,-6.382056565171027,,,train
O=[N+]([O-])c1cn2c(n1)OC[C@@H](OCc1ccc(N3CCOCC3)nc1)C2,-6.430275050773841,,,val
O=[N+]([O-])c1cn2c(n1)OC[C@@H](OCc1ccc(N3CCSCC3)c(F)c1)C2,-6.493359694433497,,,train
O=[N+]([O-])c1cn2c(n1)OC[C@@H](OCc1ccc(N3CCSCC3)cc1)C2,-6.573814174755489,,,train
O=[N+]([O-])c1cn2c(n1)OC[C@@H](OCc1ccc(OC(F)(F)F)cc1)C2,-5.519094938214384,,,train
O=[N+]([O-])c1cnc(NCc2ccccc2Cl)nc1NCC1CCNCC1,-5.091514981121351,,,train
O=[N+]([O-])c1ncn(CC(O)(Cn2cncn2)c2ccc(-c3ccccc3)cc2)n1,-4.782516055786094,,,train
O=[PH](O)CCc1ccccc1,,-7.769551078621726,,train
O=c1[nH]c(-c2c(F)cccc2Cl)nc2c1oc1ccc(Br)cc12,,,-6.473660722610156,train
O=c1[nH]c(-c2cc(F)ccc2Cl)nc2c1oc1ccc(Br)cc12,,,-7.376750709602099,train
O=c1[nH]c(-c2ccc(CNC3CCNCC3)cc2Cl)nc2c1oc1ccc(Br)cc12,,,-8.522878745280337,train
O=c1[nH]c(-c2ccc(Cl)cc2Cl)nc2c1oc1ccc(Br)cc12,,,-7.958607314841775,val
O=c1[nH]c(-c2ccc(F)cc2Cl)nc2c1oc1ccc(Br)cc12,,,-6.539102157243452,train
O=c1[nH]c(-c2ccc(NCC3CCNCC3)cc2)nc2c1oc1ccc(Br)cc12,,,-8.397940008672037,train
O=c1[nH]c(-c2cccc(Cl)c2Cl)nc2c1oc1ccc(Br)cc12,,,-7.113509274827519,train
O=c1[nH]c(=O)n(C2CC2)c2nc(Cc3nc4cc5c(cc4[nH]3)OCO5)n(Cc3ccccc3)c12,-5.721246399047171,,,train
O=c1[nH]c(=O)n(C2CC2)c2nc(Cc3nc4ccc(F)cc4[nH]3)n(Cc3ccccc3)c12,-5.657577319177793,,,train
O=c1[nH]c(=O)n(C2CC2)c2nc(Cc3nc4ccc(OCCO)cc4[nH]3)n(Cc3ccccc3)c12,-7.0,,,train
O=c1[nH]c(=O)n(C2CC2)c2nc(Cc3nc4ccccc4[nH]3)n(Cc3ccccc3)c12,-5.154901959985743,,,train
O=c1[nH]c(=S)n(CCO)c2cc[nH]c12,,,-5.769551078621726,val
O=c1[nH]c(=S)n(Cc2ccccc2CN2CCC2)c2cc[nH]c12,-4.721246399047171,,,train
O=c1[nH]c(CCc2ccccc2)no1,,-5.913640169325252,,train
O=c1[nH]c(CCc2ccccc2)ns1,,-4.943095148663527,,train
O=c1[nH]c(CN2CC(O)C2)nc2c1oc1ccc(Br)cc12,,,-7.091514981121351,train
O=c1[nH]c(CN2CCC2)nc2c1oc1ccc(Br)cc12,,,-6.30189945437661,train
O=c1[nH]c(CN2CCCC2)nc2c1oc1ccc(Br)cc12,,,-6.071604147743286,val
O=c1[nH]c(CN2CCCCC2)nc2c1oc1ccc(Br)cc12,,,-6.317854923626168,test
O=c1[nH]c(CN2CC[C@@H](O)C2)nc2c1oc1ccc(Br)cc12,,,-6.818156412055227,train
O=c1[nH]c(CN2CC[C@H](O)C2)nc2c1oc1ccc(Br)cc12,,,-6.764471553092451,val
O=c1[nH]c(N2CCC3(CC2)CN(CCO)c2cc(F)cc(F)c23)nc2c1CCCC2,,-5.698970004336019,,train
O=c1[nH]c(N2CCC3(CC2)CN(CCO)c2cccc(F)c23)nc2c1CCCC2,,-5.119186407719209,,train
O=c1[nH]c(N2CCC3(CC2)CN(CCO)c2ccccc23)nc2c1CCCC2,,-4.7594507517174005,,train
O=c1[nH]c2ccccc2n1CCCN1CCC(n2c(=O)[nH]c3cc(Cl)ccc32)CC1,-5.2839966563652006,,,train
O=c1[nH]cc(-c2cc(-c3cc(Cl)c(F)c(OCc4ccccc4Cl)c3)c(=O)n(-c3cccnc3)c2)c(=O)[nH]1,,-6.136677139879544,,train
O=c1[nH]cc(-c2cc(-c3cc(Cl)cc(OCc4ocnc4C(F)(F)F)c3)c(=O)n(-c3cccnc3)c2)c(=O)[nH]1,,-6.2441251443275085,,train
O=c1[nH]ccc2c(NC3CCCC3)ncnc12,,,-5.6020599913279625,test
O=c1[nH]ccc2cc(O[C@H]3CCCNC3)ccc12,-4.844663962534939,,,train
O=c1[nH]cnc2c(-n3cc(C4CCN(C5CCCC5)CC4)cn3)nccc12,-5.673664139071248,,,train
O=c1[nH]cnc2c(-n3cc(C4CCN(CC5CC5)CC4)cn3)nccc12,-6.119186407719209,,,train
O=c1[nH]cnc2c(-n3cc(C4CCN(CC5CCC5)CC4)cn3)nccc12,-5.262807357295263,,,train
O=c1[nH]cnc2c(-n3cc(CCN4CCC(Cc5ccc(Cl)cc5)CC4)cn3)nccc12,-5.163675884293248,,,train
O=c1[nH]cnc2c(-n3cc(CCN4CCC(c5cc(CCN6CCOCC6)cc(C(F)(F)F)c5)CC4)cn3)nccc12,-6.119186407719209,,,train
O=c1[nH]cnc2c(-n3cc(CCN4CCC(c5cc(CN6CCCC6)cc(C(F)(F)F)c5)CC4)cn3)nccc12,-6.119186407719209,,,train
O=c1[nH]cnc2c(-n3cc(CCN4CCC(c5cc(Cl)cc(Cl)c5)CC4)cn3)nccc12,-5.197910742118268,,,train
O=c1[nH]cnc2c(-n3cc(CCN4CCC(c5cc(F)cc(F)c5)CC4)cn3)nccc12,-4.673459331483438,,,train
O=c1[nH]cnc2c(-n3cc(CCN4CCC(c5ccc(-c6cccnc6)cc5)CC4)cn3)nccc12,-5.640164517660112,,,train
O=c1[nH]cnc2c(-n3cc(CCN4CCC(c5ccc(-c6ccncc6)cc5)CC4)cn3)nccc12,-5.818156412055227,,,test
O=c1[nH]cnc2c(-n3cc(CCN4CCC(c5ccc(-c6cncnc6)cc5)CC4)cn3)nccc12,-5.742321425130816,,,train
O=c1[nH]cnc2c(-n3cc(CCN4CCC(c5ccc(CCN6CCOCC6)cc5)CC4)cn3)nccc12,-6.259637310505756,,,train
O=c1[nH]cnc2c(-n3cc(CCN4CCC(c5ccc(Cl)cc5)CC4)cn3)nccc12,-5.575118363368933,,,train
O=c1[nH]cnc2c(-n3cc(CCN4CCC(c5ccc(F)cc5)CC4)cn3)nccc12,-4.843753809602656,,,test
O=c1[nH]cnc2c(-n3cc(CCN4CCC(c5ccc(F)cc5F)CC4)cn3)nccc12,-4.802995271976954,,,train
O=c1[nH]cnc2c(-n3cc(CCN4CCC(c5cccc(-c6cccnc6)c5)CC4)cn3)nccc12,-5.761953896871205,,,train
O=c1[nH]cnc2c(-n3cc(CCN4CCC(c5cccc(-c6cncnc6)c5)CC4)cn3)nccc12,-5.818156412055227,,,train
O=c1[nH]cnc2c(-n3cc(CCN4CCC(c5cccc(C(F)(F)F)c5)CC4)cn3)nccc12,-4.815024809301739,,,train
O=c1[nH]cnc2c(-n3cc(CCN4CCC(c5cccc(CCN6CCOCC6)c5)CC4)cn3)nccc12,-6.036212172654444,,,train
O=c1[nH]cnc2c(-n3cc(CCN4CCC(c5cccc(CN6CCCC6)c5)CC4)cn3)nccc12,-6.119186407719209,,,train
O=c1[nH]cnc2c(-n3cc(CCN4CCC(c5cccc(Cl)c5)CC4)cn3)nccc12,-4.928117992693875,,,val
O=c1[nH]cnc2c(-n3cc(CCN4CCC(c5cccc(F)c5)CC4)cn3)nccc12,-4.934420285271552,,,train
O=c1[nH]cnc2c(-n3cc(CCN4CCC(c5ccccc5)CC4)cn3)nccc12,-5.094204119632131,,,train
O=c1[nH]cnc2c(-n3cc(CCN4CCC(c5cccs5)CC4)cn3)nccc12,-4.748848656824645,,,train
O=c1[nH]cnc2c(-n3cc(CCN4CCC(c5ccncc5)CC4)cn3)nccc12,-5.943095148663527,,,train
O=c1[nH]cnc2c(-n3cc(CCN4CCC5(CC4)OCc4ccccc45)cn3)nccc12,-5.371611069949688,,,train
O=c1[nH]cnc2c(-n3cc(CCN4CCC5(CCc6ccccc65)CC4)cn3)nccc12,-4.934047019686131,,,train
O=c1[nH]cnc2c(-n3cc(CCN4CCCC4)cn3)nccc12,-5.511449283499556,,,test
O=c1[nH]cnc2c(-n3cc(CCN4CCCCC4)cn3)nccc12,-5.785156151952302,,,train
O=c1[nH]cnc2c(-n3cc(CCO)cn3)nccc12,-6.119186407719209,,,test
O=c1[nH]cnc2cnccc12,-4.370488465799546,,,train
O=c1[nH]nc(-c2c(N3CCCCC3)nc3ccc(Cl)cc3c2-c2ccccc2)o1,,-7.221848749616356,,train
O=c1[nH]nc(-c2ccnc(NC3CCCCC3)c2)n1-c1ccc2ccccc2c1,,,-8.045757490560675,train
O=c1[nH]nc(-c2ccnc(NC3CCOCC3)c2)n1-c1ccc2cc(F)ccc2c1,,,-7.136677139879544,train
O=c1[nH]nc(-c2ccnc(NC3CCOCC3)c2)n1-c1ccc2ccccc2c1,,,-6.804100347590766,train
O=c1c(-c2ccc(Cl)cc2)c2nc(NCC(F)(F)F)ncc2cn1-c1ccc2ncccc2c1,-4.537602002101044,,,train
O=c1c(O)c(NCc2ccccc2)c1=O,,-6.649751981665837,,train
O=c1c2c([nH]c3c(C(F)(F)F)cccc13)CCCC2,,-3.609064892896621,,val
O=c1c2c([nH]c3c(Cl)c(Cl)ccc13)CCCC2,,-3.4584207560534197,,train
O=c1c2c([nH]c3c(Cl)cc(Cl)cc13)CCCC2,,-3.598599459218456,,train
O=c1c2c([nH]c3c(Cl)ccc(Cl)c13)CCCC2,,-3.540607512240769,,val
O=c1c2c([nH]c3c(Cl)cccc13)CCCC2,,-3.9706162223147903,,train
O=c1c2c([nH]c3c(F)c(F)ccc13)CCCC2,,-4.42021640338319,,train
O=c1c2c([nH]c3c(F)cc(F)cc13)CCCC2,,-4.537602002101044,,train
O=c1c2c([nH]c3c(F)ccc(F)c13)CCCC2,,-4.920818753952375,,train
O=c1c2c([nH]c3c(F)cccc13)CCCC2,,-4.769551078621726,,val
O=c1c2c([nH]c3cc(-c4c(F)cccc4F)ccc13)CCCC2,,-3.469800301796918,,test
O=c1c2c([nH]c3cc(-c4ccc(C(F)(F)F)cc4)ccc13)CCCC2,,-3.6020599913279625,,train
O=c1c2c([nH]c3cc(-c4ccc(Oc5ccc(OC(F)(F)F)cc5)cc4)ccc13)CCCC2,,-4.7447274948966935,,train
O=c1c2c([nH]c3cc(Br)ccc13)CCCC2,,-4.154901959985743,,test
O=c1c2c([nH]c3cc(Br)ccc13)CCSC2,,-5.200659450546419,,train
O=c1c2c([nH]c3cc(C(F)(F)F)ccc13)CCC2,,-4.221848749616356,,val
O=c1c2c([nH]c3cc(C(F)(F)F)ccc13)CCCC2,,-4.136677139879544,,train
O=c1c2c([nH]c3cc(C(F)(F)F)ccc13)CCCCC2,,-3.882728704344236,,val
O=c1c2c([nH]c3cc(C(F)(F)F)ccc13)CCCCCC2,,-3.598599459218456,,train
O=c1c2c([nH]c3cc(Cl)c(Cl)cc13)CCCC2,,-3.744727494896694,,train
O=c1c2c([nH]c3cc(Cl)cc(Cl)c13)CCCC2,,-3.872895201635192,,val
O=c1c2c([nH]c3cc(Cl)ccc13)CCCC2,,-4.1249387366083,,train
O=c1c2c([nH]c3cc(F)c(F)cc13)CCCC2,,-4.552841968657781,,val
O=c1c2c([nH]c3cc(F)cc(F)c13)CCCC2,,-4.886056647693163,,train
O=c1c2c([nH]c3cc(F)ccc13)CCCC2,,-4.6777807052660805,,test
O=c1c2c([nH]c3cc([N+](=O)[O-])ccc13)CCCC2,,-4.200659450546419,,train
O=c1c2c([nH]c3ccc(-c4ccc(C(F)(F)F)cc4)cc13)CCCC2,,-4.443697499232713,,train
O=c1c2c([nH]c3ccc(-c4ccc(C(F)(F)F)cc4)cc13)CCSC2,,-6.0,,train
O=c1c2c([nH]c3ccc(-c4ccc(COc5ccc(OC(F)(F)F)cc5)cc4)cc13)CCSC2,,-5.522878745280337,,train
O=c1c2c([nH]c3ccc(-c4ccc(COc5ccccc5)cc4)cc13)CCSC2,,-5.154901959985743,,test
O=c1c2c([nH]c3ccc(-c4ccc(F)cc4F)cc13)CCSC2,,-5.0,,val
O=c1c2c([nH]c3ccc(-c4ccc(OC(F)(F)F)cc4)cc13)CCSC2,,-6.0,,train
O=c1c2c([nH]c3ccc(-c4ccc(OCc5ccccc5)cc4)cc13)CCSC2,,-6.0,,test
O=c1c2c([nH]c3ccc(-c4cccc(Oc5ccc(F)cc5)c4)cc13)CCSC2,,-5.698970004336019,,train
O=c1c2c([nH]c3ccc(-c4cccnc4)cc13)CCSC2,,-5.522878745280337,,train
O=c1c2c([nH]c3ccc(-c4ccncc4)cc13)CCSC2,,-4.823908740944319,,train
O=c1c2c([nH]c3ccc(Cl)cc13)CCC(F)(F)C2,,-4.2076083105017466,,train
O=c1c2c([nH]c3ccc(Cl)cc13)CCCC2,,-4.2441251443275085,,train
O=c1c2c([nH]c3ccc(I)cc13)CCCC2,,-4.017728766960432,,train
O=c1c2c([nH]c3ccc([N+](=O)[O-])cc13)CCCC2,,-5.161150909262744,,train
O=c1c2c([nH]c3cccc(Cl)c13)CCCC2,,-4.327902142064283,,train
O=c1c2c([nH]c3ccccc13)CCCC2,,-5.0,,train
O=c1c2cc(Br)ccc2n2c(=S)[nH]nc2n1CCc1ccccc1,,-3.790484985457369,,train
O=c1c2cc(Cl)ccc2n2c(=S)[nH]nc2n1CCC(F)(F)F,,-3.5900668766687054,,train
O=c1c2cc(Cl)ccc2oc2ccc(OCCCCCN3CCCCCC3)cc12,,-5.657577319177793,,test
O=c1c2cc(F)ccc2n2c(=S)[nH]nc2n1CC1CC1,,-4.337242168318426,,train
O=c1c2cc(F)ccc2n2c(=S)[nH]nc2n1CCC(F)(F)F,,-3.9318141382538383,,train
O=c1c2cc(F)ccc2n2c(=S)[nH]nc2n1CCC1CCC(F)(F)CC1,,-3.696803942579512,,train
O=c1c2cc(F)ccc2n2c(=S)[nH]nc2n1CCCO,,-3.6536470255493616,,train
O=c1c2cc(F)ccc2n2c(=S)[nH]nc2n1CCCc1ccccc1,,-2.896538377905295,,train
O=c1c2cc(F)ccc2n2c(=S)[nH]nc2n1CCN1CCC(F)(F)CC1,,-3.630784142589857,,train
O=c1c2cc(F)ccc2n2c(=S)[nH]nc2n1CCN1CCCCC1,,-3.446116973356126,,val
O=c1c2cc(F)ccc2n2c(=S)[nH]nc2n1CCN1CCOCC1,,-4.173925197299174,,train
O=c1c2cc(F)ccc2n2c(=S)[nH]nc2n1CCP(=O)(O)O,,-5.031517051446065,,train
O=c1c2cc(F)ccc2n2c(=S)[nH]nc2n1CCc1ccc(Cl)cc1,,-6.0,,train
O=c1c2cc(F)ccc2n2c(=S)[nH]nc2n1CCc1ccccc1,,-4.113509274827518,,test
O=c1c2cc(F)ccc2n2c(=S)[nH]nc2n1CCc1ccccc1Cl,,-4.249491605148654,,train
O=c1c2cc(F)ccc2n2c(=S)[nH]nc2n1CCc1ccccn1,,-3.449771646944906,,train
O=c1c2cc(F)ccc2n2c(=S)[nH]nc2n1CCc1cccnc1,,-6.0,,train
O=c1c2cc(F)ccc2n2c(=S)[nH]nc2n1CCc1ccncc1,,-4.485452247339714,,train
O=c1c2cc(F)ccc2n2c(=S)[nH]nc2n1Cc1ccccc1,,-3.075204004202088,,train
O=c1c2cc(F)ccc2n2cnnc2n1CCc1ccccc1,,-3.034328028779893,,train
O=c1c2cc(I)ccc2n2c(=S)[nH]nc2n1CCc1ccccc1,,-2.989276134608227,,train
O=c1c2cc(N3CCOCC3)ccc2n2c(=S)[nH]nc2n1CCc1ccccc1,,-5.920818753952375,,train
O=c1c2ccc(F)cc2n2c(=S)[nH]nc2n1CCc1ccccc1,,-4.040958607678906,,train
O=c1c2ccc(N3CCC(O)C3)cc2oc2c(F)cccc12,,-5.826813731587726,,train
O=c1c2ccc(N3CCCC3)cc2oc2c(Cl)cccc12,,-6.619788758288394,,train
O=c1c2ccc(N3CCCC3)cc2oc2c(F)cccc12,,-6.022276394711152,,train
O=c1c2ccc(N3CCCC3)nc2oc2c(F)cccc12,,-5.040958607678906,,train
O=c1c2ccc(N3CCCCC3)cc2oc2c(Cl)cccc12,,-6.309803919971486,,train
O=c1c2ccc(N3CCCCCC3)cc2oc2c(F)cccc12,,-5.785156151952302,,train
O=c1c2ccc(N3CCOCC3)cc2oc2c(F)cccc12,,-5.744727494896694,,test
O=c1c2cccc(F)c2n2c(=S)[nH]nc2n1CCc1ccccc1,,-3.85078088734462,,train
O=c1c2ccccc2cc(C2CCCCC2)n1O,,-5.3535962737769305,,train
O=c1c2ccccc2n2c(=S)[nH]nc2n1CCC(F)(F)F,,-4.086186147616283,,val
O=c1c2ccccc2oc2c(O)c(O)ccc12,-4.712198270069774,,,train
O=c1c2ccccc2oc2ccc(O)c(O)c12,-4.818156412055227,,,train
O=c1c2ccccc2oc2ccc(OCCCCCN3CCCCCC3)cc12,,-5.251811972993799,,train
O=c1c2cccnc2n2c(=S)[nH]nc2n1CCc1ccccc1,,-4.285670240254767,,train
O=c1c2ccncc2n2c(=S)[nH]nc2n1CCc1ccccc1,,-3.694648630553376,,train
O=c1c2cnc(N3CCCC3)cc2oc2c(Cl)cccc12,,-5.158640529545145,,val
O=c1c2nc([N+](=O)[O-])cn2ccn1Cc1ccc(OC(F)(F)F)cc1,-4.6020599913279625,,,train
O=c1c2nc([N+](=O)[O-])cn2ccn1Cc1cccc(OC(F)(F)F)c1,-4.619788758288394,,,train
O=c1c2ncccc2n2c(=S)[nH]nc2n1CCc1ccccc1,,-4.774690718274138,,test
O=c1cc(-c2cccc3[nH]ccc23)c2ccccc2n1CC1CN2CCC1CC2,,-6.3979400086720375,,train
O=c1cc(-c2ccccc2)c2ccc(OCCN3CCN(CCCNc4c5c(nc6ccccc46)CCCC5)CC3)cc2o1,,-5.11975822410452,,val
O=c1cc(-c2ccccc2)c2ccccc2n1CC1CN2CCC1(F)CC2,,-6.42021640338319,,train
O=c1cc(-c2ccccc2)c2ccccc2n1CC1CN2CCC1CC2,,-6.045757490560675,,train
O=c1cc(-c2ccccc2)c2ccccc2n1CC1CNCCO1,,-6.259637310505756,,val
O=c1cc(-c2ccccc2)cc(C2CCCCC2)n1O,-5.363512103646634,,,train
O=c1cc(-c2ccccc2)cc(CC2CCCCC2)n1O,-5.560667306169737,,,train
O=c1cc(-c2ccnc(NC3CCOCC3)n2)ccn1[C@H](CO)c1ccc(Cl)c(F)c1,,,-4.94692155651658,train
O=c1cc(-c2ccnc(NC3CCOCC3)n2)ccn1[C@H](CO)c1ccc(F)c(Cl)c1,,,-5.337242168318426,train
O=c1cc(-c2ccnc(NC3CCOCC3)n2)ccn1[C@H](CO)c1cccc(Cl)c1,,,-5.070581074285707,test
O=c1cc(-c2ccnc(NC3CCOCC3)n2)ccn1[C@H](CO)c1cccc(F)c1,,,-5.259637310505756,val
O=c1cc(C(F)(F)F)c2ccc(OCCN3CCN(CCCNc4c5c(nc6ccccc46)CCCC5)CC3)cc2o1,,-5.253365801062421,,train
O=c1cc(C2CCNCC2)[nH]o1,-6.301029995663981,,,train
O=c1cc(CC2CCCCO2)[nH]c2nc(Nc3c4c(cc5c3CCC5)CCC4)nn12,,-9.42021640338319,,train
O=c1cc(CNc2cc(Cl)cc(Cl)c2)[nH][nH]1,-6.221848749616356,,,train
O=c1cc(CO)n(-c2c(Cl)cccc2Cl)c2c(Cl)cnc(OC(CO)CO)c12,,,-5.161150909262744,test
O=c1cc(CO)n(-c2c(Cl)cccc2Cl)c2c(Cl)cnc(OCC(O)CO)c12,,,-5.154901959985743,train
O=c1cc(CO)n(-c2c(Cl)cccc2Cl)c2c(Cl)cnc(OC[C@@H](O)CO)c12,,,-5.301029995663981,train
O=c1cc(CO)n(-c2c(Cl)cccc2Cl)c2c(Cl)cnc(OC[C@H](O)CO)c12,,,-5.060480747381382,train
O=c1cc(COc2cc(Cl)cc(Cl)c2)[nH][nH]1,-4.43533393574791,,,train
O=c1cc(COc2ccc(Cl)cc2)[nH][nH]1,-4.366531544420414,,,train
O=c1cc(CS(=O)(=O)c2cc(Cl)cc(Cl)c2)[nH][nH]1,-4.568636235841013,,,train
O=c1cc(Cc2ccccn2)[nH]c2nc(Nc3c4c(cc5c3CCC5)CCC4)nn12,,-9.744727494896694,,train
O=c1cc(Sc2ccc(-c3ccc(O)cc3)cc2)[nH]c(=O)n1O,,-7.4089353929735005,,train
O=c1cc(Sc2ccc(Cl)cc2)[nH]c(=O)n1O,,-6.455931955649724,,train
O=c1cc(Sc2ccc([N+](=O)[O-])cc2)[nH]c(=O)n1O,,-7.63220055015091,,test
O=c1cc([C@@H]2CCN[C@@H](Cc3ccccc3)C2)o[nH]1,-6.0,,,train
O=c1cc([C@@H]2CCN[C@H](Cc3ccccc3)C2)o[nH]1,-5.3872161432802645,,,train
O=c1cc([C@H]2CCN[C@@H](CC3CCCCC3)C2)o[nH]1,-5.2076083105017466,,,val
O=c1cc([C@H]2CCN[C@@H](CCc3ccccc3)C2)o[nH]1,-5.585026652029182,,,val
O=c1cc([C@H]2CCN[C@@H](Cc3ccc(F)cc3)C2)o[nH]1,-5.431798275933005,,,train
O=c1cc([C@H]2CCN[C@@H](Cc3cccc(F)c3)C2)o[nH]1,-5.508638306165728,,,test
O=c1cc([C@H]2CCN[C@@H](Cc3ccccc3)C2)o[nH]1,-5.721246399047171,,,test
O=c1cc([C@H]2CCN[C@@H](Cc3ccccc3F)C2)o[nH]1,-5.744727494896694,,,train
O=c1cc([C@H]2CCN[C@H](Cc3ccccc3)C2)o[nH]1,-5.920818753952375,,,train
O=c1ccc(-c2cc(C(F)(F)F)c3nn(C4CCNCC4)cc3c2)c2n1CCC2,,,-5.744727494896694,train
O=c1ccc(-c2cc(C(F)(F)F)c3nn([C@@H]4CCNC[C@@H]4F)cc3c2)c2n1CCC2,,,-5.136677139879544,train
O=c1ccc(-c2cc(C(F)(F)F)c3nn([C@@H]4CCNC[C@H]4F)cc3c2)c2n1CCC2,,,-5.008773924307505,train
O=c1ccc(-c2cc(C(F)(F)F)c3nn([C@H]4CCNC[C@@H]4F)cc3c2)c2n1CCC2,,,-4.769551078621726,train
O=c1ccc2ccc(OCCCCCCN3CCN(CCCNc4c5c(nc6ccccc46)CCCC5)CC3)cc2o1,,-5.468521082957745,,train
O=c1ccc2ccc(OCCCCCCN3CCN(CCNc4c5c(nc6ccccc46)CCCC5)CC3)cc2o1,,-5.157390760389438,,test
O=c1ccc2ccc(OCCCCCN3CCN(CCCNc4c5c(nc6ccccc46)CCCC5)CC3)cc2o1,,-5.6252516539898965,,train
O=c1ccc2ccc(OCCCCCN3CCN(CCNc4c5c(nc6ccccc46)CCCC5)CC3)cc2o1,,-5.187086643357144,,train
O=c1ccc2ccc(OCCCCN3CCN(CCCNc4c5c(nc6ccccc46)CCCC5)CC3)cc2o1,,-5.690369832574102,,train
O=c1ccc2ccc(OCCCCN3CCN(CCNc4c5c(nc6ccccc46)CCCC5)CC3)cc2o1,,-5.281498311132726,,val
O=c1ccc2ccc(OCCCN3CCN(CCCNc4c5c(nc6ccccc46)CCCC5)CC3)cc2o1,,-5.838631997765026,,val
O=c1ccc2ccc(OCCCN3CCN(CCNc4c5c(nc6ccccc46)CCCC5)CC3)cc2o1,,-5.464705879957229,,train
O=c1ccc2ccc(OCCN3CCN(CCCNc4c5c(nc6ccccc46)CCCC5)CC3)cc2o1,,-5.91721462968355,,test
O=c1ccc2ccc(OCCN3CCN(CCNc4c5c(nc6ccccc46)CCCC5)CC3)cc2o1,,-5.671620396561262,,train
O=c1ccc2ccccc2o1,,-4.648769826084672,,train
O=c1n(-c2ccccn2)nc(-c2ccnc(NC3CCOCC3)c2)n1-c1ccc2ccccc2c1,,,-7.292429823902063,train
O=c1n(C2CCOC2)nc(-c2ccnc(NC3CCOCC3)c2)n1-c1ccc2ccccc2c1,,,-6.661543506395395,test
O=c1n(Cc2ccccn2)nc(-c2ccnc(NC3CCOCC3)c2)n1-c1ccc2ccccc2c1,,,-6.732828271596986,train
O=c1n(Cc2ccncc2)nc(-c2ccnc(NC3CCCCC3)c2)n1-c1ccc2ccccc2c1,,,-7.091514981121351,train
O=c1n(Cc2nc3cc(Cl)ccn3c2CCCCO)c2cnccc2n1C1CC1,,-5.508638306165728,,val
O=c1n(Cc2nc3ccccc3n2CCCCO)c2cnccc2n1C1CC1,,-5.657577319177793,,train
O=c1nc(NCc2ccc(-c3ccncc3)cc2)c2cccnc2n1O,,,-7.795880017344075,train
O=c1nc(NCc2ccc(N3CCOCC3)cc2)c2cccnc2n1O,,,-7.853871964321762,train
O=c1nc(Nc2ccc(-c3ccccc3)cc2)c2cccnc2n1O,,,-6.764471553092451,train
O=c1nc(Nc2ccc(-c3ccncc3)cc2)c2cccnc2n1O,,,-7.886056647693163,train
O=c1nc(Nc2ccc(CN3CCOCC3)cc2)c2cccnc2n1O,,,-8.301029995663981,train
O=c1nc(Nc2ccc(N3CCOCC3)cc2)c2cccnc2n1O,,,-8.154901959985743,test
O=c1nc(OC[C@@H]2COCCO2)cc2n1CCc1cc(C#CC3CC3)ccc1-2,-4.377785977033705,,,train
O=c1nc(OC[C@H]2COCCO2)cc2n1CCc1cc(C#CC3CC3)ccc1-2,-4.505845405981558,,,train
O=c1ncn(Cc2c(F)cc(F)cc2F)c2ccc(Oc3ccc(-c4ccc5[nH]ccc5c4)cc3)cc12,-5.455931955649724,,,train
O=c1ncn(Cc2c(F)cc(F)cc2F)c2ccc(Oc3cccc(-c4ccc5[nH]ccc5c4)c3C(F)(F)F)cc12,-4.978810700930062,,,train
O=c1ncn(Cc2c(F)cc(F)cc2F)c2ccc(Oc3cccc(-c4ccc5[nH]cnc5c4)c3C(F)(F)F)cc12,-6.3979400086720375,,,train
O=c1ncn(Cc2c(F)cc(F)cc2F)c2ccc(Oc3cccc(-c4nc5ncccc5o4)c3C(F)(F)F)cc12,-5.522878745280337,,,train
O=c1ncn(Cc2c(F)cc(F)cc2F)c2ccc(Oc3ccccc3C(F)(F)F)cc12,-5.036212172654444,,,test
O=c1ncn(Cc2c(F)cc(F)cc2F)c2ccc(Oc3cccnc3C(F)(F)F)cc12,-4.958607314841775,,,train
O=c1ncn(Cc2c(F)cc(F)cc2F)c2ccc(Oc3ncccc3C(F)(F)F)cc12,-4.920818753952375,,,train
O=c1ncn(Cc2ccc(Br)cc2F)c2ccc(Oc3ncccc3C(F)(F)F)cc12,-5.1487416512809245,,,train
O=c1ncn(Cc2ccc(F)cc2F)c2ccc(Oc3ncccc3C(F)(F)F)cc12,-4.886056647693163,,,train
O=c1oc2cc(/N=C/c3ccc(O)cc3O)ccc2c2c1CCC2,,-5.327902142064283,,train
O=c1oc2cc(/N=C/c3ccccc3O)ccc2c2c1CCC2,,-5.050609993355088,,train
O=c1oc2cc(OCCN3CCN(CCCNc4c5c(nc6ccccc46)CCCC5)CC3)ccc2c2c1CCCC2,,-5.521433504406157,,train
O=c1oc2cc(OCCNC3CCN(Cc4ccccc4)CC3)ccc2c2c1CCCC2,,-4.790216985151485,,train
OC(CNCCN(C1CCCCC1)C1CCCCC1)c1cc(C(F)(F)F)nc2c(C(F)(F)F)cccc12,,,-4.607303046740334,train
OC(CNCCN1CC2CCC1C2)c1cc(C(F)(F)F)nc2c(C(F)(F)F)cccc12,,,-4.847711655616943,train
OC(CNCCNC1CC1)c1cc(C(F)(F)F)nc2c(C(F)(F)F)cccc12,,,-5.552841968657781,train
OC(CNCCNC1CCC1)c1cc(C(F)(F)F)nc2c(C(F)(F)F)cccc12,,,-5.068542129310995,train
OC(CNCCNC1CCCC1)c1cc(C(F)(F)F)nc2c(C(F)(F)F)cccc12,,,-5.522878745280337,train
OC(CNCCNC1CCCCC1)c1cc(C(F)(F)F)nc2c(C(F)(F)F)cccc12,,,-5.568636235841013,train
OC(CNCCNCc1ccccc1)c1cc(C(F)(F)F)nc2c(C(F)(F)F)cccc12,,,-5.070581074285707,train
OC(CNCCNc1ccccc1)c1cc(C(F)(F)F)nc2c(C(F)(F)F)cccc12,,,-4.886056647693163,train
OC(CNc1nccc(-c2sc(C3CCNCC3)nc2-c2ccc(F)cc2)n1)c1ccncc1,,-6.0,,train
OC(Cn1cncn1)(Cn1cncn1)c1ccc(F)cc1F,-4.935542010773082,,,train
OC(c1cc(C(F)(F)F)nc2c(C(F)(F)F)cccc12)C1CCCCN1,,,-5.026872146400302,train
OC1(C(F)(F)F)c2ccc(N3CCCC3)cc2Oc2c(Cl)cccc21,,-5.171984935776023,,train
OC1(CCc2ccccc2)COC1,,-5.082494490447454,,train
OC1(CCc2ccccc2)CSC1,,-4.87942606879415,,test
OC1CCN(c2cnc3nnn(Cc4ccc5ncccc5c4)c3n2)C1,-4.617982957425132,,,train
OC1CCN(c2nccc(-c3sc(C4CCNCC4)nc3-c3ccc(F)cc3)n2)C1,,-5.187086643357144,,train
OC1Cc2cc(Cl)ccc2-n2c(nnc2[C@H]2CC[C@H](Oc3ccccn3)CC2)C1,-4.692503962086787,,,train
OCCC/C(=C(\c1ccc(Br)cc1)c1ccc(N2CCNCC2)cc1)c1ccccc1,,-6.2839966563652006,,train
OCCC/C(=C(\c1ccc(O)cc1)c1ccc(C2CCN(C3CC3)CC2)cc1)c1ccccc1,,-6.075720713938119,,test
OCCC/C(=C(\c1ccc(O)cc1)c1ccc(C2CCNCC2)cc1)c1ccccc1,,-10.0,,train
OCCCc1cc2cc(Cl)ccc2nc1-c1ccco1,,-4.987162775294828,,train
OCCCc1cc2cc(Cl)ccc2nc1-c1cccs1,,-4.546681659952962,,train
OCCN(CCO)c1nc(N2CCCCC2)c2nc(N(CCO)CCO)nc(N3CCCCC3)c2n1,-5.376750709602099,,,train
OCCN(C[C@H]1Cc2c(cccc2N2CCNCC2)CN1)[C@H]1CCCc2cccnc21,,-7.958607314841775,,test
OCCNc1cnc2nnn(Cc3ccc4ncccc4c3)c2n1,-5.554395796726403,,,train
OCCNc1nc(NCCc2ccccc2)c2cnn(/C=C\c3ccccc3)c2n1,,-5.585026652029182,,train
OCCNc1nc(Nc2cc(O)ccc2Cl)c2cnn(CC(Cl)c3ccccc3)c2n1,,-5.568636235841013,,train
OCCNc1nccc(-c2sc(C3CCNCC3)nc2-c2ccc(F)cc2)n1,,-6.0,,train
OCCNc1nonc1/C(=N/O)Nc1ccc(F)c(Br)c1,-4.508638306165727,,,val
OCC[C@@H](Nc1ncnc2[nH]c(-c3ccccc3)cc12)c1ccccc1,-4.610833915635467,,,train
OCCc1nc2cnc3[nH]ccc3c2n1C1CCCCC1,,,-4.638272163982407,train
OCCn1cc(-c2cnc3nnn(Cc4ccc5ncccc5c4)c3n2)cn1,-5.064996848546345,,,train
OC[C@@H](Nc1ncnc2[nH]c(-c3ccccc3)cc12)c1ccccc1,-4.518557371497695,,,train
OC[C@@H](O)[C@@H](O)[C@H](O)[C@H](O)CO,-6.154901959985743,,,train
OC[C@@H](O)c1nc2cnc3[nH]ccc3c2n1C1CCCCC1,,,-4.795880017344075,train
OC[C@@H](O[C@H]1CCCN(Cc2cccc3nonc23)[C@H]1c1ccccc1)c1cc(Cl)cc(Cl)c1,,,-4.958607314841775,train
OC[C@@H](O[C@H]1CCCN(Cc2ncc[nH]2)[C@H]1c1ccccc1)c1cc(Cl)cc(Cl)c1,,,-5.210108201691595,train
OC[C@H](Cc1cccc(O)c1)[C@H](CO)Cc1cccc(O)c1,-5.113509274827519,,,train
OC[C@H]1O[C@@H](OCCc2ccc(O)cc2)[C@H](O)[C@@H](O)[C@@H]1O,-5.567030709125595,,,test
OC[C@H]1O[C@@H](Oc2ccc(Cc3ccc(O)c(O)c3)cc2)[C@H](O)[C@@H](O)[C@@H]1O,-5.6307841425898575,,,train
OC[C@H]1O[C@@H](Oc2ccc(Cc3ccc(O)cc3)cc2)[C@H](O)[C@@H](O)[C@@H]1O,-5.886056647693163,,,train
OC[C@H]1O[C@@H](S[C@@H]2O[C@H](CO)[C@H](O)[C@H](n3cc(-c4cccc(F)c4)nn3)[C@H]2O)[C@H](O)[C@@H](n2cc(-c3cccc(F)c3)nn2)[C@H]1O,-7.154901959985743,-6.045757490560675,,train
OC[C@H]1O[C@@H](c2ncnn2-c2cccc(Cl)c2)[C@H](O)[C@@H](n2cc(-c3cc(F)c(F)c(F)c3)nn2)[C@H]1O,,-6.692503962086787,,train
OC[C@H]1O[C@@H](c2nncn2-c2cccc(Cl)c2)[C@H](O)[C@@H](n2cc(-c3cc(F)c(F)c(F)c3)nn2)[C@H]1O,,-8.221848749616356,,train
OC[C@H]1O[C@@H](n2ccc3c(-c4cccs4)ncnc32)[C@H](O)[C@@H]1O,-5.804100347590766,,,train
OC[C@H]1O[C@@H](n2nncc2-c2ccc(Cl)c(Cl)c2)[C@H](O)[C@@H](n2cc(-c3cc(F)c(F)c(F)c3)nn2)[C@H]1O,,-7.154901959985743,,val
OC[C@H]1O[C@@H](n2nncc2-c2cccc(Cl)c2)[C@H](O)[C@@H](n2cc(-c3cc(F)c(F)c(F)c3)nn2)[C@H]1O,,-7.481486060122113,,train
OC[C@H]1O[C@H](Oc2ccc(-c3cc(F)c(O)c(F)c3)cc2)[C@@H](O)[C@@H](O)[C@@H]1O,-6.3979400086720375,,,train
OC[C@H]1O[C@H](Oc2ccc(-c3ccc(-c4nnn[nH]4)cc3)cc2)[C@@H](O)[C@@H](O)[C@@H]1O,-6.769551078621726,,,train
OC[C@H]1O[C@H](Oc2ccc(-c3ccccc3)cc2)[C@@H](O)[C@@H](O)[C@@H]1O,-5.0,,,train
OC[C@H]1O[C@H](Sc2ccc(Cl)c(Cl)c2)[C@H](O)[C@@H](n2cc(-c3cc(F)c(F)c(F)c3)nn2)[C@H]1O,-4.853871964321762,,,train
OC[C@H]1O[C@H](Sc2cncc(Br)c2)[C@H](O)[C@@H](n2cc(-c3cc(F)c(F)c(F)c3)nn2)[C@H]1O,-5.337242168318426,,,train
OCc1cc(-c2cc3c(N[C@H](CO)c4ccccc4)ncnc3[nH]2)ccc1F,-6.130768280269024,,,train
OCc1ccc(-c2cc3c(N[C@H](CO)c4ccccc4)ncnc3[nH]2)cc1,-5.718966632752273,,,val
OCc1ccc(-c2cc3c(N[C@H](CO)c4ccccc4)ncnc3[nH]2)cc1F,-5.730487055782084,,,train
OCc1cccc(Nc2nc3c(s2)CCCc2n[nH]cc2-3)n1,,-4.411168274405793,,train
OCc1nc2cnc3[nH]ccc3c2n1C1CCCCC1,,,-4.619788758288394,train
O[C@@H](CCc1ccc(F)cc1)C[C@@H](O)c1cc(-c2ccccc2)on1,-7.200659450546418,,,train
O[C@@H](CCc1ccc(F)cc1)C[C@H](O)c1cc(-c2ccccc2)on1,-7.130768280269024,,,train
O[C@@H](COc1cccc2ncccc12)CN1CCN([C@@H]2c3ccccc3[C@@H]3[C@H](c4ccccc42)C3(F)F)CC1,,,-5.958607314841775,train
O[C@@H](c1cc(C(F)(F)F)nc2c(C(F)(F)F)cccc12)[C@H]1CCCCN1,-7.346787486224656,,-6.221848749616356,train
O[C@@H]1COC[C@H]1Nc1nc(Nc2cc(Cl)cc(Cl)c2)ncc1-c1ccc(F)cc1,,-8.0,,val
O[C@@H]1COC[C@H]1Nc1nc(Nc2cc(Cl)cc(Cl)c2)ncc1-c1cccnc1,,-6.0,,train
O[C@@H]1COC[C@H]1Nc1nc(Nc2cc(Cl)cc(Cl)c2)ncc1Br,,-6.522878745280337,,train
O[C@@H]1Cc2cc(Cl)ccc2-n2c(nnc2[C@H]2CC[C@H](Oc3ccccn3)CC2)C1,-4.647817481888637,,,train
O[C@@H]1c2ccnn2CC[C@H]1[C@H]1c2ccccc2-c2cncn21,,,-4.886056647693163,test
O[C@@H]1c2cnccc2CC[C@H]1[C@H]1c2ccccc2-c2cncn21,,,-4.958607314841775,train
O[C@@H]1c2nonc2CC[C@H]1[C@H]1c2ccccc2-c2cncn21,,,-4.638272163982407,train
O[C@H](c1cc(C(F)(F)F)nc2c(C(F)(F)F)cccc12)[C@@H]1CCCCN1,-7.346787486224656,,,train
O[C@H]1CC[C@H](Nc2nccc(-c3sc(C4CCNCC4)nc3-c3ccc(F)cc3)n2)CC1,,-5.259637310505756,,train
O[C@H]1Cc2cc(Cl)ccc2-n2c(nnc2[C@H]2CC[C@H](Oc3ccccn3)CC2)C1,-4.688246138944246,,,train
O[C@]12C=C(c3nccc4c3[nH]c3ccccc34)[C@@H]3CCN(CCCC/C=C\CC1)C[C@@]31C[C@@H]3/C=C\CCCCN3[C@H]12,,,-5.8908635732142764,train
Oc1c(CNCCCCCCCCCNc2c3c(nc4ccccc24)CCCC3)cc(Cl)c2cccnc12,,-5.0,,train
Oc1c(CNCCCCCCCCCNc2c3c(nc4ccccc24)CCCC3)ccc2cccnc12,,-4.7594507517174005,,test
Oc1c(Cl)cc(-c2cc3cccc(O)c3o2)c2cccnc12,,-4.785156151952302,,train
Oc1c(Cl)cc(-c2cc3ccccc3o2)c2cccnc12,,-5.585026652029182,,train
Oc1c(Cl)cc(Cl)c2ccc(-c3cc4cc(Cl)ccc4[nH]3)nc12,,-5.251811972993799,,train
Oc1c(Cl)cc(Cl)c2ccc(-c3cc4cc(F)ccc4[nH]3)nc12,,-5.275724130399211,,train
Oc1c(Cl)cc(Cl)c2ccc(-c3cc4cc5c(cc4[nH]3)OCO5)nc12,,-5.309803919971486,,train
Oc1c(Cl)cc(Cl)c2ccc(-c3cc4ccccc4[nH]3)nc12,,-5.180456064458132,,train
Oc1c(F)cc(Cc2ccccc2)cc1F,,-5.151810883008602,,train
Oc1c(F)ccc(Cc2ccccc2)c1F,,-5.326979092871104,,train
Oc1c2c(nc3ccc(Br)cc13)CCCC2,,-4.200659450546419,,test
Oc1c2c(nn1-c1ccccn1)CCc1cc(-c3ccccc3)ccc1-2,-7.0,,,train
Oc1c2c(nn1-c1ccccn1)CCc1cc(Br)ccc1-2,-5.494850021680094,,,train
Oc1c2c(nn1-c1ccccn1)CCc1ccccc1-2,-5.050609993355088,,,test
Oc1c2c(nn1-c1nc3ccc(F)cc3s1)CCc1ccccc1-2,-5.366531544420414,,,train
Oc1c2c(nn1-c1nc3ccccc3[nH]1)CCc1ccccc1-2,-5.292429823902063,,,train
Oc1c2c(nn1-c1nc3ccccc3s1)CCc1ccccc1-2,-4.681936665037238,,,train
Oc1cc(C2CCNCC2)on1,-8.0,,,train
Oc1cc(Cc2ccccc2)on1,,-5.332547047110047,,train
Oc1cc(Nc2nccc(-c3sc(C4CCNCC4)nc3-c3ccc(F)cc3)n2)ccn1,,-5.698970004336019,,train
Oc1cc(O)c2cc(-c3cc(I)c(O)c4ncccc34)oc2c1,,-6.096910013008056,,train
Oc1cc(O)c2cc(-c3ccc(O)c4ncccc34)oc2c1,,-5.585026652029182,,test
Oc1cc(O)c2cc(-c3ccc4cccc(O)c4n3)oc2c1,,-4.876148359032914,,train
Oc1ccc(-c2cc3cc(I)cc(I)c3o2)c2cccnc12,,-5.443697499232713,,train
Oc1ccc(-c2cc3cccc(O)c3o2)c2cccnc12,,-4.838631997765025,,test
Oc1ccc(-c2cc3ccccc3[nH]2)c2cccnc12,,-4.892790030352132,,train
Oc1ccc(-c2cc3ccccc3o2)c2cccnc12,,-5.366531544420414,,train
Oc1ccc(/C=C/c2cc(O)cc(O)c2)cc1,,-5.958607314841775,,train
Oc1ccc(Cl)c(Nc2nc(SCCN3CCOCC3)nc3c2cnn3CC(Cl)c2ccccc2)c1,,-5.011441043121384,,train
Oc1ccc(Cl)c(Nc2ncnc3c2cnn3CC(Cl)c2ccccc2)c1,,-5.357535479757879,,train
Oc1ccc(Cl)cc1Cl,,-4.925915310971757,,train
Oc1ccc(O)cc1,,-5.13608262304214,,train
Oc1ccc2[nH]c(-c3cc(Cl)c(O)c4ncccc34)cc2c1,,-5.167491087293763,,train
Oc1ccc2[nH]c(-c3ccc(O)c4ncccc34)cc2c1,,-5.040958607678906,,train
Oc1ccc2[nH]c(-c3ccc4c(Cl)cc(Cl)c(O)c4n3)cc2c1,,-4.991399828238083,,train
Oc1ccc2[nH]c(-c3ccc4cccc(O)c4n3)cc2c1,,-4.8297382846050425,,train
Oc1ccc2c(c1)[C@@]13CCCC[C@H]1[C@@H](C2)NCC3,,-6.154901959985743,,train
Oc1ccc2cc(-c3cc(Cl)c(O)c4ncccc34)oc2c1,,-4.747146969020107,,train
Oc1ccc2cc(-c3cc(I)c(O)c4ncccc34)oc2c1,,-4.779891911959945,,train
Oc1ccc2cc(-c3ccc(O)c4ncccc34)oc2c1,,-4.801342913045578,,test
Oc1ccc2cc(-c3ccc4cccc(O)c4n3)oc2c1,,-4.801342913045578,,train
Oc1ccc2oc(-c3cc(Cl)c(O)c4ncccc34)cc2c1,,-4.669586226650809,,train
Oc1ccc2oc(-c3cc(I)c(O)c4ncccc34)cc2c1,,-4.718966632752273,,val
Oc1ccc2oc(-c3ccc(O)c4ncccc34)cc2c1,,-4.809668301829708,,train
Oc1cccc(Nc2nc(SCCN3CCOCC3)nc3c2cnn3CC(Cl)c2ccccc2)c1,,-5.35261702988538,,train
Oc1cccc([C@H]2CCCN(C[C@H]3COc4ccccc4O3)C2)c1,-4.79317412396815,,,val
Oc1cccc2ccc(-c3cc4cc(Cl)ccc4[nH]3)nc12,,-5.008773924307505,,train
Oc1cccc2ccc(-c3cc4cc(F)ccc4[nH]3)nc12,,-4.97469413473523,,test
Oc1cccc2ccc(-c3cc4ccc5c(c4[nH]3)OCO5)nc12,,-5.229147988357856,,train
Oc1cccc2ccc(-c3cc4ccccc4[nH]3)nc12,,-5.096910013008056,,train
Oc1ccccc1,,-4.327440372236724,,train
Oc1ccccc1Cl,,-4.301029995663981,,train
Oc1cncc(-c2ccccc2O[C@@H]2C[C@H]3CNC[C@@H]2C3)c1,,,-5.575118363368933,train
Oc1cncc(-c2ccccc2O[C@H]2C[C@@H]3CNC[C@H]2C3)c1,,,-5.433102849697744,train
Oc1nc(-c2ccc(C(F)(F)F)cc2)nc2c1CSCC2,,-5.489454989793388,,train
Oc1noc2cc(Cl)c(Cl)cc12,,,-4.537602002101044,train
S=c1[nH]c(CCc2ccccc2)no1,,-6.485452247339714,,val
S=c1[nH]nc(-c2c(N3CCCCC3)nc3ccc(Cl)cc3c2-c2ccccc2)o1,,-5.841637507904751,,train
S=c1cc(CC2CCCCO2)[nH]c2nc(Nc3c4c(cc5c3CCC5)CCC4)nn12,,-11.397940008672036,,train
S=c1cc(Cc2ccccn2)[nH]c2nc(Nc3c4c(cc5c3CCC5)CCC4)nn12,,-9.744727494896694,,train
[2H]C([2H])([2H])N1C(=O)[C@@H](F)C[C@@H]1C(=O)N[C@@H]1CC[C@@]2(S(=O)(=O)c3ccc(F)cc3)c3ccc(C(F)(C(F)(F)F)C(F)(F)F)cc3CC[C@@H]12,-7.036212172654444,,,train
[2H]C([2H])([2H])NC(=O)c1cnc(NC(=O)C2CC2)cc1Nc1cc(F)cc(-c2ncccn2)c1OC,-6.94692155651658,,,train
[2H]C([2H])([2H])NC(=O)c1cnc(NC(=O)C2CC2)cc1Nc1cccc(-c2cnc(C)cn2)c1OC,-7.494850021680094,,,train
[2H]C([2H])([2H])NC(=O)c1cnc(NC(=O)C2CC2)cc1Nc1cccc(-c2cnc(OC)cn2)c1OC,-6.728158393463501,,,train
[2H]C([2H])([2H])NC(=O)c1cnc(NC(=O)C2CC2)cc1Nc1cccc(-c2ncc(F)cn2)c1OC,-7.017728766960432,,,train
[2H]C([2H])([2H])NC(=O)c1cnc(NC(=O)C2CC2)cc1Nc1cccc(-c2ncccn2)c1OC,-7.376750709602099,,,train
[2H]C([2H])([2H])NC(=O)c1cnc(NC(=O)C2CC2)cc1Nc1cccc(-c2ncn(C)n2)c1OC,-7.823908740944319,,,test
[2H]C([2H])([2H])NC(=O)c1cnc(Nc2ccc(F)cn2)cc1Nc1ccccc1S(C)(=O)=O,-7.236572006437063,,,train
[2H]C([2H])([2H])NC(=O)c1nnc(NC(=O)C2CC2)cc1Nc1cc(F)cc(-c2ncc(C(=O)N(C)C)cn2)c1OC,-7.657577319177793,,,train
[2H]C([2H])([2H])NC(=O)c1nnc(NC(=O)C2CC2)cc1Nc1cc(F)cc(-c2ncc(C(C)(C)O)cn2)c1OC,-7.698970004336019,,,train
[2H]C([2H])([2H])NC(=O)c1nnc(NC(=O)C2CC2)cc1Nc1cccc(-c2ccc(C(=O)N(C)C)cn2)c1OC,-7.180456064458132,,,train
[2H]C([2H])([2H])NC(=O)c1nnc(NC(=O)C2CC2)cc1Nc1cccc(-c2ccc(C(=O)N(C)C)nn2)c1OC,-7.346787486224656,,,train
[2H]C([2H])([2H])NC(=O)c1nnc(NC(=O)C2CC2)cc1Nc1cccc(-c2ccc(C(C)(C)O)cn2)c1OC,-7.136677139879544,,,train
[2H]C([2H])([2H])NC(=O)c1nnc(NC(=O)C2CC2)cc1Nc1cccc(-c2ccc(C(C)(C)O)nn2)c1OC,-7.585026652029182,,,train
[2H]C([2H])([2H])NC(=O)c1nnc(NC(=O)C2CC2)cc1Nc1cccc(-c2cnc(C(=O)N(C)C)cn2)c1OC,-7.008773924307505,,,train
[2H]C([2H])([2H])NC(=O)c1nnc(NC(=O)C2CC2)cc1Nc1cccc(-c2cnc(C(C)(C)O)cn2)c1OC,-6.835647144215563,,,train
[2H]C([2H])([2H])NC(=O)c1nnc(NC(=O)C2CC2)cc1Nc1cccc(-c2ncc(C(=O)N(C)C)cn2)c1OC,-7.619788758288394,,,train
[2H]C([2H])([2H])NC(=O)c1nnc(NC(=O)C2CC2)cc1Nc1cccc(-c2ncc(C(=O)N(CC)CC)cn2)c1OC,-7.468521082957745,,,train
[2H]C([2H])([2H])NC(=O)c1nnc(NC(=O)C2CC2)cc1Nc1cccc(-c2ncc(C(C)(C)O)cn2)c1OC,-7.619788758288394,,,train
[2H]C([2H])([2H])NC(=O)c1nnc(NC(=O)C2CC2)cc1Nc1cccc(-c2ncc(C(C)(O)C(F)(F)F)cn2)c1OC,-7.795880017344075,,,train
[2H]C([2H])([2H])NC(=O)c1nnc(NC(=O)C2CC2)cc1Nc1cccc(-c2ncc(C)cn2)c1OC,-6.369572124974976,,,train
[2H]C([2H])([2H])NC(=O)c1nnc(NC(=O)C2CC2)cc1Nc1cccc(-c2ncc(F)cn2)c1OC,-6.3535962737769305,,,train
[2H]C([2H])([2H])NC(=O)c1nnc(NC(=O)C2CC2)cc1Nc1cccc(-c2ncc(OC)cn2)c1OC,-6.4698003017969175,,,train
[2H]C([2H])([2H])NC(=O)c1nnc(NC(=O)C2CC2)cc1Nc1cccc(-c2nccc(C)n2)c1OC,-6.484126156288321,,,train
[2H]C([2H])([2H])NC(=O)c1nnc(NC(=O)C2CC2)cc1Nc1cccc(-c2nccc(OC)n2)c1OC,-6.605548319173784,,,train
[2H]C([2H])([2H])NC(=O)c1nnc(NC(=O)C2CC2)cc1Nc1cccc(-c2ncccn2)c1OC,-6.4698003017969175,,,train
[2H]C([2H])([2H])NC(=O)c1nnc(NC(=O)C2CC2)cc1Nc1cccc(-c2ncn(C)n2)c1OC,-7.154901959985743,,,test
[2H]C([2H])([2H])NC(=O)c1nnc(NC(=O)C2CC2)cc1Nc1ccccc1S(C)(=O)=O,-7.161150909262744,,,val
[2H]C([2H])([2H])NC(=O)c1nnc(Nc2ccc(F)cn2)cc1Nc1ccccc1S(C)(=O)=O,-6.844663962534939,,,train
[2H]C([2H])([2H])NC(=O)c1nnc(Nc2ccccn2)cc1Nc1ccccc1S(C)(=O)=O,-6.552841968657781,,,train
[2H]C([2H])([2H])O[C@H]1CC[C@H](Nc2ncc(C(N)=O)c(N[C@@H]3CCC[C@H](O)C3)n2)CC1,-5.823908740944319,,,test
[2H]C([2H])([2H])Oc1ccccc1-c1cc2c(N[C@H](CO)c3ccccc3)ncnc2[nH]1,-4.6307841425898575,,,train
[2H]C([2H])([2H])c1nnn(C)c1-c1cc2c(cc1F)c1ncc(C(C)(C)O)cc1n2[C@H](c1cc(C)on1)C1CCOCC1,,-6.522878745280337,,train
[2H]C([2H])([2H])c1nnn(C)c1-c1cc2c(cc1F)c1ncc(C(C)(C)O)cc1n2[C@H](c1ccccc1)C1CCOCC1,,-6.075720713938118,,val
[2H]C([2H])([2H])c1nnn(C)c1-c1cc2c(cc1F)c1ncc(C(C)(C)O)cc1n2[C@H](c1ncccc1F)C1CCOCC1,,-6.259637310505756,,train
[2H]C([2H])([2H])c1nnn(C)c1-c1cnc2c3c(F)cc(C(C)(C)O)cc3n([C@H](c3cc(C)on3)C3CCOCC3)c2c1,,-6.3872161432802645,,train
[2H]C([2H])([2H])c1nnn(C)c1-c1cnc2c3cc(F)c(C(C)(C)O)cc3n([C@H](c3cc(C)on3)C3CCOCC3)c2c1,,-6.161150909262744,,val
[2H]C([2H])([2H])c1nnn(C)c1-c1cnc2c3cc(F)c(C(C)(C)O)cc3n([C@H](c3ccccc3)C3CCOCC3)c2c1,,-6.161150909262744,,train
[2H]C([2H])([2H])c1nnn(C)c1-c1cnc2c3ccc(C(C)(C)O)c(F)c3n([C@H](c3cc(C)on3)C3CCOCC3)c2c1,,-6.096910013008056,,train
[2H]C([2H])([2H])c1nnn(C)c1-c1cnc2c3ccc(C(C)(C)O)c(F)c3n([C@H](c3ncccc3F)C3CCOCC3)c2c1,,-6.376750709602099,,train
[2H]C([2H])([2H])c1nnn(C)c1-c1cnc2c3ccc(C(C)(C)O)cc3n([C@H](c3cc(C)on3)C3CCOCC3)c2c1,,-6.585026652029182,,train
[2H]C([2H])([2H])c1nnn(C)c1-c1cnc2c3ccc(C(C)(C)O)cc3n([C@H](c3ccc(Cl)cn3)C3CCOCC3)c2c1,,-6.214670164989233,,train
[2H]C([2H])([2H])c1nnn(C)c1-c1cnc2c3ccc(C(C)(C)O)cc3n([C@H](c3ncccc3F)C3CCOCC3)c2c1,,-6.568636235841013,,train
[2H]C1([2H])Oc2ccc(Nc3nc(-c4c(C)nc5ccccn45)cs3)cc2O1,-5.309803919971486,,,train
[O-][S+](Cc1ccccc1)c1ccccc1O,,-4.910094888560602,,train
[O-][S+]1CC(O)(CCc2ccccc2)C1,,-5.205511953340831,,train
c1[nH]nc2c1-c1nc(NC3CCCCC3)sc1CCC2,,-5.552841968657781,,val
c1cc(CN2CCOCC2)cc(Nc2ncc(C3CC3)c(NCCc3c[nH]cn3)n2)c1,,-6.251037138743839,,train
c1cc(CN2CCOCC2)cc(Nc2nccc(NCCc3cnc[nH]3)n2)c1,,-6.779891911959945,,train
c1cc(NCCCCN2CCOCC2)c2ccc3c(ccc4c(NCCN5CCOCC5)ccnc43)c2n1,,,-4.405717971188194,train
c1cc(NCCCNCc2ccc3c(c2)OCO3)c2ccc(C3CCCCC3)cc2n1,,-4.638272163982407,,train
c1cc(NCCCNCc2ccc3c(c2)OCO3)c2ccc(CC3CCCCC3)cc2n1,,-4.638272163982407,,train
c1cc(NCCCNCc2ccc3c(c2)OCO3)c2ccc(Cc3ccc4c(c3)OCO4)cc2n1,,-3.625251653989896,,train
c1cc(Nc2nc3c(s2)CCCc2n[nH]cc2-3)n[nH]1,,-4.6020599913279625,,val
c1cc(Nc2nc3c(s2)CCCc2n[nH]cc2-3)nc(N2CCCC2)c1,,-7.0,,train
c1cc(Nc2nc3c(s2)CCCc2n[nH]cc2-3)ncn1,,-4.3872161432802645,,train
c1cc(Nc2nc3c(s2)CCc2n[nH]cc2-3)ccn1,,-5.6020599913279625,,val
c1cc(Nc2nccc(-c3sc(C4CCNCC4)nc3C3CC3)n2)ncn1,,-4.7447274948966935,,train
c1cc([C@H]2C[C@@H](CN3CCOCC3)C2)ccc1CN1CCCC1,-5.086186147616283,,,train
c1cc2c(C3CCNCC3)c[nH]c2cc1Nc1ccc2[nH]cc(C3CCNCC3)c2c1,-7.0,,,train
c1cc2c(C3CCNCC3)c[nH]c2cc1Nc1ccc2c(C3CCNCC3)c[nH]c2c1,-8.0,,,test
c1cc2c(C3CCNCC3)c[nH]c2cc1Nc1ccc2c(C3CCNCC3)c[nH]c2n1,-6.3979400086720375,,,train
c1cc2ccc(CN3CCCCC3)ccc-2c1,,-5.468521082957745,,train
c1cc2ccc3cccc4ccc(c1)c2c34,,-5.653647025549361,,train
c1ccc(-c2ccc3c(NCCCNCc4ccc5c(c4)OCO5)ccnc3c2)cc1,,-3.625251653989896,,train
c1ccc(-c2ccc3c(NCCCNCc4ccco4)ccnc3c2)cc1,,-3.625251653989896,,train
c1ccc(-c2ccccc2)cc1,,-5.950781977329818,,train
c1ccc(-n2cc(-c3cnc4ccc(NC5CCNCC5)nn34)cn2)cc1,,-7.638272163982407,,train
c1ccc(C2CCCN2c2ccnc3[nH]ccc23)cc1,-4.161150909262744,,,train
c1ccc(C2CCCN2c2ccnc3[nH]ncc23)cc1,-4.130768280269024,,,train
c1ccc(C2CCc3nc[nH]c3C2)cc1,,-4.327902142064283,,train
c1ccc(C2COCCN2c2ccnc3[nH]ncc23)cc1,-4.055517327849832,,,train
c1ccc(C2Cc3nccn3C2)cc1,,-4.430533029871539,,test
c1ccc(CC2(c3ccc4[nH]ccc4c3)CCNC2)cc1,-4.769551078621726,,,train
c1ccc(CCc2ccc3[nH]nc(-c4ccc(N5CCNCC5)nc4)c3c2)cc1,,,-5.508638306165728,train
c1ccc(CCc2ccc3c(NCCCNCc4ccc5c(c4)OCO5)ccnc3c2)cc1,,-4.638272163982407,,train
c1ccc(CCc2ccc3c(NCCCNCc4ccco4)ccnc3c2)cc1,,-4.638272163982407,,train
c1ccc(CCc2nnn[nH]2)cc1,,-6.316052869248488,,train
c1ccc(CN(c2ccc3[nH]ccc3c2)C2CCNCC2)cc1,-5.221848749616356,,,train
c1ccc(CN(c2ccc3sccc3c2)C2CCNCC2)cc1,-5.853871964321762,,,train
c1ccc(CN2CCC(n3cnc4cnc5[nH]ccc5c43)CC2)cc1,,,-4.490797477668897,train
c1ccc(CN2CCC[C@H](Oc3ccc4cnccc4c3)C2)cc1,-4.935542010773082,,,train
c1ccc(CN[C@@H]2C3CCN(CC3)[C@@H]2Cc2ccccc2)cc1,,-4.77759239040064,,train
c1ccc(CNc2ccc3[nH]nc(-c4ccc(N5CCNCC5)nc4)c3c2)cc1,,,-4.886056647693163,train
c1ccc(COc2ccc3[nH]nc(-c4ccc(N5CCNCC5)nc4)c3c2)cc1,,,-5.017728766960432,train
c1ccc(Cc2ccc3c(NCCCNCc4ccc5c(c4)OCO5)ccnc3c2)cc1,,-4.638272163982407,,train
c1ccc(Cc2ccc3c(NCCCNCc4ccco4)ccnc3c2)cc1,,-4.638272163982407,,train
c1ccc(Cn2nnnc2C(c2ccc(-n3cncn3)cc2)N2CCCN(C3CCC3)CC2)cc1,-3.98296666070122,,,train
c1ccc(Cn2nnnc2C(c2ccc(Cn3cncn3)cc2)N2CCCN(C3CCC3)CC2)cc1,-6.301029995663981,,,train
c1ccc(Cn2nnnc2C(c2ccc3occc3c2)N2CCCN(C3CCC3)CC2)cc1,-4.3872161432802645,,,train
c1ccc(Nc2ccccc2)cc1,,-5.508638306165728,,train
c1ccc(Nc2nc(-c3cn[nH]c3)cs2)nc1,,-4.482804102050026,,test
c1ccc(Nc2nc3c(s2)CCCc2n[nH]cc2-3)nc1,,-5.026872146400302,,train
c1ccc(Nc2nc3c(s2)CCc2n[nH]cc2-3)cc1,,-7.0,,train
c1ccc(Nc2nc3c(s2)CCc2n[nH]cc2-3)nc1,,-5.522878745280337,,train
c1ccc(OC2CN(c3c4c(nc5ccnn35)CCNCC4)C2)cc1,-4.876148359032914,,,train
c1ccc(OC2CN(c3c4c(nc5ccnn35)CCNCC4)C2)nc1,-4.987162775294828,,,train
c1ccc(Oc2ccc3c(NCCCNCc4ccc5c(c4)OCO5)ccnc3c2)cc1,,-3.4989407377822483,,train
c1ccc(Oc2ccc3c(NCCCNCc4ccco4)ccnc3c2)cc1,,-3.4989407377822483,,train
c1ccc(Oc2cncc3sc(-c4nn[nH]n4)cc23)cc1,,,-5.3872161432802645,train
c1ccc([C@@H]([C@H](c2ccccc2)N2CCCC2)N2CCCC2)cc1,-4.876148359032914,,,train
c1ccc([C@@H]([C@H](c2ccccc2)N2CCCCC2)N2CCCCC2)cc1,-4.991399828238083,,,train
c1ccc([C@H]([C@@H](c2ccccc2)N2CCCC2)N2CCCC2)cc1,-4.853871964321762,,,train
c1ccc([C@H]([C@@H](c2ccccc2)N2CCCCC2)N2CCCCC2)cc1,-4.987162775294828,,,train
c1ccc2c(-c3ccc4c(NCCCNCc5ccc6c(c5)OCO6)ccnc4c3)cccc2c1,,-3.625251653989896,,test
c1ccc2c(-c3ccncc3)c[nH]c2c1,-4.581698708680254,,,train
c1ccc2c(c1)-c1ncnn1Cc1cncn1-2,,-5.542118103266008,,train
c1ccc2c(c1)CN[C@@H](CN(CCC1CCNCC1)[C@H]1CCCc3cccnc31)C2,,-7.721246399047171,,train
c1ccc2c(c1)CN[C@@H](CN(CCCCN1CCNCC1)[C@H]1CCCc3cccnc31)C2,,-7.853871964321762,,train
c1ccc2c(c1)CN[C@@H](CN(CCCN1CCN(C3CC3)CC1)[C@H]1CCCc3cccnc31)C2,,-6.296708621881339,,train
c1ccc2c(c1)CN[C@@H](CN(CCN1CCNCC1)[C@H]1CCCc3cccnc31)C2,,-8.0,,train
c1ccc2c(c1)CN[C@@H](CN(CC[C@H]1CCCNC1)[C@H]1CCCc3cccnc31)C2,,-7.259637310505756,,train
c1ccc2c(c1)CN[C@H](CN(CCCN1CCNCC1)[C@H]1CCCc3cccnc31)C2,,-7.795880017344075,,train
c1ccc2c(c1)OCCN2c1ccnc2[nH]ccc12,-4.4089353929735005,,,train
c1ccc2cc(-c3[nH]ncc3-c3ccncc3)ccc2c1,,,-6.772113295386326,train
c1ccc2cc(-c3cnnn3-c3ccncc3)ccc2c1,,,-6.421360790031928,val
c1ccc2cc(-c3nn[nH]c3-c3ccncc3)ccc2c1,,,-6.818156412055227,train
c1ccc2cc(-n3cnnc3-c3ccncc3)ccc2c1,,,-6.51427857351842,train
c1ccc2cc(CN3CCCCC3)ccc2c1,,-5.337242168318426,,train
c1cnc(CN(CCCN2CCNCC2)[C@H]2CCCc3cccnc32)nc1,,-7.508638306165728,,train
c1cnc(Nc2nc3c(s2)CCCc2n[nH]cc2-3)cn1,,-5.42021640338319,,train
c1cnc(Nc2nc3c(s2)CCCc2n[nH]cc2-3)nc1,,-5.823908740944319,,train
c1cnc(Nc2nc3c(s2)CCc2n[nH]cc2-3)nc1,,-5.468521082957745,,train
c1cnc(OC[C@H]2C[C@H](c3ccc(CN4CCCC4)cc3)C2)nc1,-4.488116639021126,,,train
c1cnc2c(c1)CCC[C@@H]2N(CC1CC1)C[C@H]1Cc2c(cccc2N2CCNCC2)CN1,,-7.060480747381382,,train
c1cnc2c(c1)CCC[C@@H]2N(CC1CCCCC1)C[C@H]1Cc2c(cccc2N2CCNCC2)CN1,,-8.045757490560675,,train
c1cnc2c(c1)CCC[C@@H]2N(CCCN1CCNCC1)Cc1cc2ccccc2cn1,,-6.614393726401688,,test
c1cnc2c(c1)CCC[C@@H]2N(CCCN1CCNCC1)Cc1nc2ccccc2[nH]1,,-6.835647144215563,,train
c1cnc2c(c1)CN[C@@H](CN(CCCC1CCNCC1)[C@H]1CCCc3cccnc31)C2,,-7.619788758288394,,train
c1cnc2c(c1)CN[C@@H](CN(CCCCN(C1COC1)C1COC1)[C@H]1CCCc3cccnc31)C2,,-6.494850021680094,,val
c1cnc2c(c1)CN[C@@H](CN(CCCCN1CCOCC1)[C@H]1CCCc3cccnc31)C2,,-6.080921907623926,,train
c1cnc2c(c1)CN[C@@H](CN(CCCCNC1CCOCC1)[C@H]1CCCc3cccnc31)C2,,-8.096910013008056,,test
c1cnc2c(c1)CN[C@@H](CN(CCCCNC1COC1)[C@H]1CCCc3cccnc31)C2,,-6.522878745280337,,train
c1cnc2c(c1)CN[C@@H](CN(CCCN1CCNCC1)[C@H]1CCCc3cccnc31)C2,,-8.045757490560675,,train
c1cnc2c(c1)C[C@@]1(CN3CCC1CC3)O2,,-6.292429823902063,,train
c1cnc2ccc(Cn3nnc4ncc(-c5cnn(C6CCNCC6)c5)nc43)cc2c1,-5.950781977329818,,,train
c1cnc2ccc(Cn3nnc4ncc(-c5cnn(CCN6CCCC6)c5)nc43)cc2c1,-4.6595558851598815,,,train
c1cnc2ccc(Cn3nnc4ncc(-c5cnn([C@@H]6CCNC6)c5)nc43)cc2c1,-5.508638306165728,,,val
c1cnc2ccc(Cn3nnc4nccnc43)cc2c1,-4.392544976785332,,,val
c1cncc(-c2ccccc2O[C@H]2C[C@@H]3CNC[C@H]2C3)c1,,,-4.530337737381851,train
c1cncc(-c2cnc(NCc3cccc4c3CCO4)n3cnnc23)c1,-4.522878745280337,,,train
c1cncc(C2CCCN2c2ccnc3[nH]ncc23)c1,-4.356547323513813,,,train
c1cncc(Nc2nc3c(s2)CCCc2n[nH]cc2-3)c1,,-4.455931955649724,,train
c1cncc(Nc2nc3c(s2)CCc2n[nH]cc2-3)c1,,-4.728158393463501,,test
c1coc(CNCCCNc2ccnc3cc(-c4cccc5ccccc45)ccc23)c1,,-3.625251653989896,,train
c1coc(CNCCCNc2ccnc3cc(C4CCCCC4)ccc23)c1,,-4.638272163982407,,train
c1coc(CNCCCNc2ccnc3cc(CC4CCCCC4)ccc23)c1,,-4.638272163982407,,val
c1coc(CNCCCNc2ccnc3cc(Cc4ccc5c(c4)OCO5)ccc23)c1,,-3.625251653989896,,test
c1nc(NCC2CCOC2)c2cc(-c3ccc4c(c3)OCO4)ccc2n1,-4.450996737974212,,,train
c1nc(N[C@H]2CC[C@@H](N3CCOCC3)CC2)c2c(C3CCOCC3)c[nH]c2n1,-4.638272163982407,,,train
c1nc(N[C@H]2CC[C@H](N3CCOCC3)CC2)c2c(C3CCOCC3)c[nH]c2n1,-4.853871964321762,,,train
c1nc(N[C@H]2CC[C@H](N3CCOCC3)CC2)c2c(C3CCOCC3)ccn2n1,-4.481486060122113,,,train
