activity_id,assay_id,molregno,smiles,standard_type,pampa_value,units,assay_description
1879138,436210,178714,Oc1ccc(Cl)cc1Cl,Papp,11.86,10^-6 cm/s,Permeability coefficient through artificial membrane in presence of unstirred water layer by PAMPA
1879139,436210,381706,CC(C)(C)N(NC(=O)c1ccccc1)C(=O)c1ccccc1,Papp,16.52,10^-6 cm/s,Permeability coefficient through artificial membrane in presence of unstirred water layer by PAMPA
1879140,436210,381705,Cc1cc(C)cc(C(=O)N(NC(=O)c2ccc3c(c2C)CCCO3)C(C)(C)C)c1,Papp,16.69,10^-6 cm/s,Permeability coefficient through artificial membrane in presence of unstirred water layer by PAMPA
1879141,436210,381704,CC(C)(C)N(NC(=O)c1ccc(Cl)cc1)C(=O)c1ccccc1,Papp,17.24,10^-6 cm/s,Permeability coefficient through artificial membrane in presence of unstirred water layer by PAMPA
1879142,436210,85007,COc1cccc(C(=O)NN(C(=O)c2cc(C)cc(C)c2)C(C)(C)C)c1C,Papp,19.06,10^-6 cm/s,Permeability coefficient through artificial membrane in presence of unstirred water layer by PAMPA
1879143,436210,381703,CCc1ccc(C(=O)NN(C(=O)c2cc(C)cc(C)c2)C(C)(C)C)cc1,Papp,15.74,10^-6 cm/s,Permeability coefficient through artificial membrane in presence of unstirred water layer by PAMPA
1879144,436210,381702,COP1(=S)OCc2ccccc2O1,Papp,9.39,10^-6 cm/s,Permeability coefficient through artificial membrane in presence of unstirred water layer by PAMPA
1879145,436210,381701,CCc1ccc(C)nc1,Papp,2.85,10^-6 cm/s,Permeability coefficient through artificial membrane in presence of unstirred water layer by PAMPA
1879146,436210,428699,O=[N+]([O-])/N=C1\NCCN1Cc1ccc(Cl)nc1,Papp,4.52,10^-6 cm/s,Permeability coefficient through artificial membrane in presence of unstirred water layer by PAMPA
1879147,436210,381700,CC(C)OP(=O)(OC(C)C)SCc1ccccc1,Papp,11.71,10^-6 cm/s,Permeability coefficient through artificial membrane in presence of unstirred water layer by PAMPA
1879148,436210,381699,COc1nn(CSP(=S)(OC)OC)c(=O)s1,Papp,10.78,10^-6 cm/s,Permeability coefficient through artificial membrane in presence of unstirred water layer by PAMPA
1879149,436210,381698,CCOP(=S)(OCC)Oc1cc(C)nc(C(C)C)n1,Papp,5.21,10^-6 cm/s,Permeability coefficient through artificial membrane in presence of unstirred water layer by PAMPA
1879150,436210,381697,CCC(C)c1ccccc1OC(=O)NC,Papp,12.42,10^-6 cm/s,Permeability coefficient through artificial membrane in presence of unstirred water layer by PAMPA
1879151,436210,13725,c1ccc(-c2ccccc2)cc1,Papp,1.12,10^-6 cm/s,Permeability coefficient through artificial membrane in presence of unstirred water layer by PAMPA
1879152,436210,381696,CCN(CC)C(=O)SCc1ccc(Cl)cc1,Papp,20.55,10^-6 cm/s,Permeability coefficient through artificial membrane in presence of unstirred water layer by PAMPA
1879153,436210,16544,CCNc1nc(Cl)nc(NC(C)C)n1,Papp,29.18,10^-6 cm/s,Permeability coefficient through artificial membrane in presence of unstirred water layer by PAMPA
1879154,436210,30111,O=C(O)c1ccccc1Nc1ccccc1,Papp,13.83,10^-6 cm/s,Permeability coefficient through artificial membrane in presence of unstirred water layer by PAMPA
1879155,436210,16585,c1cc2ccc3cccc4ccc(c1)c2c34,Papp,2.22,10^-6 cm/s,Permeability coefficient through artificial membrane in presence of unstirred water layer by PAMPA
1879156,436210,13456,Oc1ccccc1,Papp,47.05,10^-6 cm/s,Permeability coefficient through artificial membrane in presence of unstirred water layer by PAMPA
1879157,436210,13329,Oc1ccc(O)cc1,Papp,7.31,10^-6 cm/s,Permeability coefficient through artificial membrane in presence of unstirred water layer by PAMPA
1879158,436210,55991,c1ccc(Nc2ccccc2)cc1,Papp,3.1,10^-6 cm/s,Permeability coefficient through artificial membrane in presence of unstirred water layer by PAMPA
1879159,436210,165740,COC(=O)c1ccccc1C(=O)OC,Papp,43.32,10^-6 cm/s,Permeability coefficient through artificial membrane in presence of unstirred water layer by PAMPA
1879160,436210,381695,CCOC(=O)c1ccccc1C(=O)OCC,Papp,15.05,10^-6 cm/s,Permeability coefficient through artificial membrane in presence of unstirred water layer by PAMPA
1879161,436210,13338,Nc1ccccc1,Papp,75.92,10^-6 cm/s,Permeability coefficient through artificial membrane in presence of unstirred water layer by PAMPA
1879162,436210,13467,Nc1ccc([N+](=O)[O-])cc1,Papp,20.79,10^-6 cm/s,Permeability coefficient through artificial membrane in presence of unstirred water layer by PAMPA
1879163,436210,105662,N#Cc1ccc(O)cc1,Papp,17.04,10^-6 cm/s,Permeability coefficient through artificial membrane in presence of unstirred water layer by PAMPA
1879164,436210,16809,Nc1ccc(Cl)cc1,Papp,41.75,10^-6 cm/s,Permeability coefficient through artificial membrane in presence of unstirred water layer by PAMPA
1879165,436210,13473,O=[N+]([O-])c1cccc(O)c1,Papp,17.09,10^-6 cm/s,Permeability coefficient through artificial membrane in presence of unstirred water layer by PAMPA
1879166,436210,13478,Nc1cccc([N+](=O)[O-])c1,Papp,21.56,10^-6 cm/s,Permeability coefficient through artificial membrane in presence of unstirred water layer by PAMPA
1879167,436210,191544,Nc1cccc(Cl)c1,Papp,36.69,10^-6 cm/s,Permeability coefficient through artificial membrane in presence of unstirred water layer by PAMPA
1879168,436210,13415,O=[N+]([O-])c1ccccc1O,Papp,56.96,10^-6 cm/s,Permeability coefficient through artificial membrane in presence of unstirred water layer by PAMPA
1879169,436210,13468,Nc1ccccc1[N+](=O)[O-],Papp,28.6,10^-6 cm/s,Permeability coefficient through artificial membrane in presence of unstirred water layer by PAMPA
1879170,436210,66997,Cc1ccccc1O,Papp,52.1,10^-6 cm/s,Permeability coefficient through artificial membrane in presence of unstirred water layer by PAMPA
1879171,436210,178653,Oc1ccccc1Cl,Papp,50,10^-6 cm/s,Permeability coefficient through artificial membrane in presence of unstirred water layer by PAMPA
1879172,436210,381694,Nc1ccccc1Cl,Papp,33.14,10^-6 cm/s,Permeability coefficient through artificial membrane in presence of unstirred water layer by PAMPA
1879173,436210,277098,O=[N+]([O-])c1cc(Cl)ccc1Cl,Papp,7.78,10^-6 cm/s,Permeability coefficient through artificial membrane in presence of unstirred water layer by PAMPA
1879174,436210,38440,Cc1ccc(O)c(C)c1,Papp,24.34,10^-6 cm/s,Permeability coefficient through artificial membrane in presence of unstirred water layer by PAMPA
1879560,436210,1278,COc1ccc([C@@H]2Sc3ccccc3N(CCN(C)C)C(=O)[C@@H]2OC(C)=O)cc1,Papp,0.34,10^-6 cm/s,Permeability coefficient through artificial membrane in presence of unstirred water layer by PAMPA
1879561,436210,822,C=CCc1ccccc1OCC(O)CNC(C)C,Papp,11.5,10^-6 cm/s,Permeability coefficient through artificial membrane in presence of unstirred water layer by PAMPA
1994510,450491,403155,CCCCCCc1ccc(C(=O)CCN2CCC(C(=O)OC)CC2)cc1,permeability,145,10^-6 cm/s,Permeability across artificial membrane at pH 7.4 by PAMPA assay
1994450,450491,403147,CCCCCCc1ccc(C(=O)CCN(C)CCc2ccccc2)cc1,permeability,57,10^-6 cm/s,Permeability across artificial membrane at pH 7.4 by PAMPA assay
1994488,450491,403160,CCCCCCc1ccc(C(=O)CCNCCC)cc1,permeability,254,10^-6 cm/s,Permeability across artificial membrane at pH 7.4 by PAMPA assay
1994506,450491,403159,CCCCCCc1ccc(C(=O)CCN(C2CCCCC2)C2CCCCC2)cc1,permeability,104,10^-6 cm/s,Permeability across artificial membrane at pH 7.4 by PAMPA assay
1994507,450491,403158,CCCCCCc1ccc(C(=O)CCN(C)Cc2ccco2)cc1,permeability,681,10^-6 cm/s,Permeability across artificial membrane at pH 7.4 by PAMPA assay
1994508,450491,403157,CCCCCCc1ccc(C(=O)CCN(C)C)cc1,permeability,2323,10^-6 cm/s,Permeability across artificial membrane at pH 7.4 by PAMPA assay
1994509,450491,403156,CCCCCCc1ccc(C(=O)CCN(CCCC)CCCC)cc1,permeability,1957,10^-6 cm/s,Permeability across artificial membrane at pH 7.4 by PAMPA assay
1994511,450491,403154,CCCCCCc1ccc(C(=O)CCN2CCOCC2)cc1,permeability,1210,10^-6 cm/s,Permeability across artificial membrane at pH 7.4 by PAMPA assay
1994512,450491,403153,CCCCCCc1ccc(C(=O)CCN(C(C)C)C(C)C)cc1,permeability,747,10^-6 cm/s,Permeability across artificial membrane at pH 7.4 by PAMPA assay
1994513,450491,403152,CCCCCCc1ccc(C(=O)CCN(C)CCO)cc1,permeability,965,10^-6 cm/s,Permeability across artificial membrane at pH 7.4 by PAMPA assay
1994558,450491,403182,CCCCCCc1ccc(C(=O)CC)cc1,permeability,0,10^-6 cm/s,Permeability across artificial membrane at pH 7.4 by PAMPA assay
1994559,450491,403181,CCCCCCCc1ccc(C(=O)/C=C/c2ccccc2)cc1,permeability,0,10^-6 cm/s,Permeability across artificial membrane at pH 7.4 by PAMPA assay
1994560,450491,403180,C/C=C(\C)C(=O)c1ccc(CCCCCCC)cc1,permeability,0,10^-6 cm/s,Permeability across artificial membrane at pH 7.4 by PAMPA assay
1994561,450491,403178,CCCCCCCc1ccc(C(=O)C=C(C)C)cc1,permeability,0,10^-6 cm/s,Permeability across artificial membrane at pH 7.4 by PAMPA assay
1994562,450491,403177,C=C(C)C(=O)c1ccc(CCCCCCC)cc1,permeability,43,10^-6 cm/s,Permeability across artificial membrane at pH 7.4 by PAMPA assay
1994563,450491,403173,C/C=C/C(=O)c1ccc(CCCCCCC)cc1,permeability,7,10^-6 cm/s,Permeability across artificial membrane at pH 7.4 by PAMPA assay
1994564,450491,403172,CCCCCCc1ccc(C(=O)/C=C\C(=O)O)cc1,permeability,66,10^-6 cm/s,Permeability across artificial membrane at pH 7.4 by PAMPA assay
1994565,450491,403171,C=CC(=O)c1ccc(CCCCCC)cc1,permeability,38,10^-6 cm/s,Permeability across artificial membrane at pH 7.4 by PAMPA assay
1994664,450491,403237,CCCCCCc1ccc(NC(=O)CCC(=O)O)cc1,permeability,48,10^-6 cm/s,Permeability across artificial membrane at pH 7.4 by PAMPA assay
1994665,450491,403234,C=C(CC(=O)Nc1ccc(CCCCCC)cc1)C(=O)O,permeability,57,10^-6 cm/s,Permeability across artificial membrane at pH 7.4 by PAMPA assay
1994666,450491,403233,CCCCCCc1ccc(NC(=O)/C=C/c2ccccc2)cc1,permeability,14,10^-6 cm/s,Permeability across artificial membrane at pH 7.4 by PAMPA assay
1994667,450491,403232,CCCCCCc1ccc(NC(=O)C=C(C)C)cc1,permeability,98,10^-6 cm/s,Permeability across artificial membrane at pH 7.4 by PAMPA assay
1994668,450491,403231,C/C=C/C(=O)Nc1ccc(CCCCCC)cc1,permeability,432,10^-6 cm/s,Permeability across artificial membrane at pH 7.4 by PAMPA assay
1994669,450491,403229,CCCCCCc1ccc(NC(=O)/C=C\C(=O)O)cc1,permeability,29,10^-6 cm/s,Permeability across artificial membrane at pH 7.4 by PAMPA assay
1994670,450491,403228,C=CC(=O)Nc1ccc(CCCCCC)cc1,permeability,833,10^-6 cm/s,Permeability across artificial membrane at pH 7.4 by PAMPA assay
1994711,450491,403246,CCCCCCc1ccc(C(=O)C2CO2)cc1,permeability,1117,10^-6 cm/s,Permeability across artificial membrane at pH 7.4 by PAMPA assay
1994712,450491,403245,CCCCCCc1ccc(C(=O)CCCBr)cc1,permeability,58,10^-6 cm/s,Permeability across artificial membrane at pH 7.4 by PAMPA assay
1994713,450491,403244,CCCCCCc1ccc(C(=O)CCBr)cc1,permeability,1190,10^-6 cm/s,Permeability across artificial membrane at pH 7.4 by PAMPA assay
1994714,450491,403243,CCCCCCc1ccc(C(=O)CF)cc1,permeability,974,10^-6 cm/s,Permeability across artificial membrane at pH 7.4 by PAMPA assay
1994715,450491,403241,CCCCCCc1ccc(C(=O)CCl)cc1,permeability,1029,10^-6 cm/s,Permeability across artificial membrane at pH 7.4 by PAMPA assay
1994716,450491,403240,C#CC(=O)Oc1ccc(CCCCCC)cc1,permeability,21,10^-6 cm/s,Permeability across artificial membrane at pH 7.4 by PAMPA assay
1994717,450491,403238,C#CC(=O)Nc1ccc(CCCCCC)cc1,permeability,621,10^-6 cm/s,Permeability across artificial membrane at pH 7.4 by PAMPA assay
2004191,451823,364520,C[C@]12CC[C@H]3[C@@H](CCC4=CC(=O)CC[C@@]43C)[C@@H]1CC[C@@H]2O,permeability,8.67,10^6cm/s,Permeability across artificial membrane by PAMPA
2004192,451823,1279,CC(C)NCC(O)COc1ccc(CC(N)=O)cc1,permeability,0.002,10^6cm/s,Permeability across artificial membrane by PAMPA
2004193,451823,365538,Nc1nc2c(ncn2COCCO)c(=O)[nH]1,permeability,0.01,10^6cm/s,Permeability across artificial membrane by PAMPA
2004194,451823,26820,Cc1cc(=O)n(-c2ccccc2)n1C,permeability,1.18,10^6cm/s,Permeability across artificial membrane by PAMPA
2005697,451955,365538,Nc1nc2c(ncn2COCCO)c(=O)[nH]1,permeability,0.01,10^6cm/s,Permeability across artificial membrane by PAMPA model
2005698,451955,26820,Cc1cc(=O)n(-c2ccccc2)n1C,permeability,1.18,10^6cm/s,Permeability across artificial membrane by PAMPA model
2005699,451955,364520,C[C@]12CC[C@H]3[C@@H](CCC4=CC(=O)CC[C@@]43C)[C@@H]1CC[C@@H]2O,permeability,8.67,10^6cm/s,Permeability across artificial membrane by PAMPA model
2024490,454792,388705,O=C(O)COc1c(C(=O)O)sc(-c2cccc(OC3CCN(S(=O)(=O)Cc4ccccc4)CC3)c2)c1Br,permeability,0,10^-6 cm/s,Permeability of compound by PAMPA
2024491,454792,409110,O=C1CN(c2c(Cl)sc(-c3ccccc3)c2Cl)S(=O)(=O)N1,permeability,3.54,10^-6 cm/s,Permeability of compound by PAMPA
2024492,454792,409088,Cc1c(N2CC(=O)NS2(=O)=O)csc1-c1cccc(NC2CCN(S(=O)(=O)Cc3ccccc3)CC2)c1,permeability,0.19,10^-6 cm/s,Permeability of compound by PAMPA
2024493,454792,409148,Cc1c(-c2cccc(OC3CCN(S(=O)(=O)Cc4ccccc4)CC3)c2)sc(-c2nn[nH]n2)c1OCC(=O)O,permeability,0.22,10^-6 cm/s,Permeability of compound by PAMPA
2103473,463822,437873,CNCc1cc(NS(C)(=O)=O)ccc1Oc1ccc(Cl)cc1C,Papp,2.2,10^-6 cm/s,Membrane permeability by PAMPA assay
2103474,463822,437872,CNCc1cc(N2CCCS2(=O)=O)ccc1Oc1ccc(Cl)cc1C,Papp,2.7,10^-6 cm/s,Membrane permeability by PAMPA assay
2103475,463822,437921,CNCc1cc(C(=O)N(C)C)ccc1Oc1ccc(Cl)cc1C,Papp,19,10^-6 cm/s,Membrane permeability by PAMPA assay
2103479,463822,437964,CNCc1cc(C(=O)N(C)C)ccc1Oc1ccc(Cl)cc1Cl,Papp,14,10^6cm/s,Membrane permeability by PAMPA assay
2103481,463822,437966,CNCc1cc(C(N)=O)ccc1Oc1ccc(Cl)cc1Cl,Papp,10,10^-6 cm/s,Membrane permeability by PAMPA assay
2103483,463822,427173,CNCc1cc(C(=O)N(C)C)ccc1Oc1ccc(Cl)cc1OC,Papp,15,10^-6 cm/s,Membrane permeability by PAMPA assay
2103484,463822,438014,CNCc1cc(C(=O)NC)ccc1Oc1ccc(Cl)cc1OC,Papp,14,10^-6 cm/s,Membrane permeability by PAMPA assay
2103485,463822,438013,CNCc1cc(C(N)=O)ccc1Oc1ccc(Cl)cc1OC,Papp,11,10^-6 cm/s,Membrane permeability by PAMPA assay
2384680,496144,608764,CCN(CC)CC.Nc1nc(-n2cc(CO)nn2)nc2c1ncn2[C@@H]1O[C@H](COS(=O)(=O)NC(=O)c2ccccc2O)[C@@H](O)[C@H]1O,permeability,0.01,10'-6 cm/s,Apparent permeability by PAMPA membrane
2384681,496144,608774,CCCCCc1cn(-c2nc(N)c3ncn([C@@H]4O[C@H](COS(=O)(=O)NC(=O)c5ccccc5O)[C@@H](O)[C@H]4O)c3n2)nn1.CCN(CC)CC,permeability,0.01,10'-6 cm/s,Apparent permeability by PAMPA membrane
2384682,496144,608743,CCCCCCc1cn(-c2nc(N)c3ncn([C@@H]4O[C@H](COS(=O)(=O)NC(=O)c5ccccc5O)[C@@H](O)[C@H]4O)c3n2)nn1.CCN(CC)CC,permeability,2.07,10'-6 cm/s,Apparent permeability by PAMPA membrane
2384683,496144,608785,CCCCCCCc1cn(-c2nc(N)c3ncn([C@@H]4O[C@H](COS(=O)(=O)NC(=O)c5ccccc5O)[C@@H](O)[C@H]4O)c3n2)nn1.CCN(CC)CC,permeability,2.65,10'-6 cm/s,Apparent permeability by PAMPA membrane
2384684,496144,608746,CCCCCCCCc1cn(-c2nc(N)c3ncn([C@@H]4O[C@H](COS(=O)(=O)NC(=O)c5ccccc5O)[C@@H](O)[C@H]4O)c3n2)nn1.CCN(CC)CC,permeability,1.61,10'-6 cm/s,Apparent permeability by PAMPA membrane
2384685,496144,608778,CCCCCCCCCCc1cn(-c2nc(N)c3ncn([C@@H]4O[C@H](COS(=O)(=O)NC(=O)c5ccccc5O)[C@@H](O)[C@H]4O)c3n2)nn1.CCN(CC)CC,permeability,0.03,10'-6 cm/s,Apparent permeability by PAMPA membrane
2384686,496144,608780,CCCCCCCCCCCCc1cn(-c2nc(N)c3ncn([C@@H]4O[C@H](COS(=O)(=O)NC(=O)c5ccccc5O)[C@@H](O)[C@H]4O)c3n2)nn1.CCN(CC)CC,permeability,0.05,10'-6 cm/s,Apparent permeability by PAMPA membrane
2384687,496144,608799,CC(C)Cc1cn(-c2nc(N)c3ncn([C@@H]4O[C@H](COS(=O)(=O)NC(=O)c5ccccc5O)[C@@H](O)[C@H]4O)c3n2)nn1.CCN(CC)CC,permeability,0.01,10'-6 cm/s,Apparent permeability by PAMPA membrane
2384688,496144,608738,CC(C)(C)c1cn(-c2nc(N)c3ncn([C@@H]4O[C@H](COS(=O)(=O)NC(=O)c5ccccc5O)[C@@H](O)[C@H]4O)c3n2)nn1.CCN(CC)CC,permeability,0.01,10'-6 cm/s,Apparent permeability by PAMPA membrane
2384689,496144,608784,CCN(CC)CC.Nc1nc(-n2cc(C3CC3)nn2)nc2c1ncn2[C@@H]1O[C@H](COS(=O)(=O)NC(=O)c2ccccc2O)[C@@H](O)[C@H]1O,permeability,0.01,10'-6 cm/s,Apparent permeability by PAMPA membrane
2384690,496144,608762,CCN(CC)CC.Nc1nc(-n2cc(C3CCCC3)nn2)nc2c1ncn2[C@@H]1O[C@H](COS(=O)(=O)NC(=O)c2ccccc2O)[C@@H](O)[C@H]1O,permeability,0.01,10'-6 cm/s,Apparent permeability by PAMPA membrane
2384691,496144,608795,CCN(CC)CC.Cc1ccccc1-c1cn(-c2nc(N)c3ncn([C@@H]4O[C@H](COS(=O)(=O)NC(=O)c5ccccc5O)[C@@H](O)[C@H]4O)c3n2)nn1,permeability,0.18,10'-6 cm/s,Apparent permeability by PAMPA membrane
2384692,496144,608798,CCN(CC)CC.Cc1cccc(-c2cn(-c3nc(N)c4ncn([C@@H]5O[C@H](COS(=O)(=O)NC(=O)c6ccccc6O)[C@@H](O)[C@H]5O)c4n3)nn2)c1,permeability,0.84,10'-6 cm/s,Apparent permeability by PAMPA membrane
2384693,496144,608775,CCN(CC)CC.Cc1ccc(-c2cn(-c3nc(N)c4ncn([C@@H]5O[C@H](COS(=O)(=O)NC(=O)c6ccccc6O)[C@@H](O)[C@H]5O)c4n3)nn2)cc1,permeability,1.03,10'-6 cm/s,Apparent permeability by PAMPA membrane
2384694,496144,608758,CCN(CC)CC.Nc1ccccc1-c1cn(-c2nc(N)c3ncn([C@@H]4O[C@H](COS(=O)(=O)NC(=O)c5ccccc5O)[C@@H](O)[C@H]4O)c3n2)nn1,permeability,0.03,10'-6 cm/s,Apparent permeability by PAMPA membrane
2384695,496144,608765,CCN(CC)CC.Nc1cccc(-c2cn(-c3nc(N)c4ncn([C@@H]5O[C@H](COS(=O)(=O)NC(=O)c6ccccc6O)[C@@H](O)[C@H]5O)c4n3)nn2)c1,permeability,0.01,10'-6 cm/s,Apparent permeability by PAMPA membrane
2384696,496144,608777,CCN(CC)CC.Nc1ccc(-c2cn(-c3nc(N)c4ncn([C@@H]5O[C@H](COS(=O)(=O)NC(=O)c6ccccc6O)[C@@H](O)[C@H]5O)c4n3)nn2)cc1,permeability,0.33,10'-6 cm/s,Apparent permeability by PAMPA membrane
2384697,496144,608773,CCN(CC)CC.Nc1nc(-n2cc(-c3ccccn3)nn2)nc2c1ncn2[C@@H]1O[C@H](COS(=O)(=O)NC(=O)c2ccccc2O)[C@@H](O)[C@H]1O,permeability,0.12,10'-6 cm/s,Apparent permeability by PAMPA membrane
2384698,496144,608770,CCN(CC)CC.Nc1nc(-n2cc(-c3cccnc3)nn2)nc2c1ncn2[C@@H]1O[C@H](COS(=O)(=O)NC(=O)c2ccccc2O)[C@@H](O)[C@H]1O,permeability,0.46,10'-6 cm/s,Apparent permeability by PAMPA membrane
2384699,496144,608757,CCN(CC)CC.Nc1nc(-n2cc(-c3ccncc3)nn2)nc2c1ncn2[C@@H]1O[C@H](COS(=O)(=O)NC(=O)c2ccccc2O)[C@@H](O)[C@H]1O,permeability,0.01,10'-6 cm/s,Apparent permeability by PAMPA membrane
2384700,496144,608776,CCN(CC)CC.Nc1nc(-n2cc(-c3ccccc3O)nn2)nc2c1ncn2[C@@H]1O[C@H](COS(=O)(=O)NC(=O)c2ccccc2O)[C@@H](O)[C@H]1O,permeability,0.12,10'-6 cm/s,Apparent permeability by PAMPA membrane
2384701,496144,608788,CCN(CC)CC.Nc1nc(-n2cc(-c3cccc(O)c3)nn2)nc2c1ncn2[C@@H]1O[C@H](COS(=O)(=O)NC(=O)c2ccccc2O)[C@@H](O)[C@H]1O,permeability,0.09,10'-6 cm/s,Apparent permeability by PAMPA membrane
2384702,496144,608772,CCN(CC)CC.Nc1nc(-n2cc(-c3ccc(O)cc3)nn2)nc2c1ncn2[C@@H]1O[C@H](COS(=O)(=O)NC(=O)c2ccccc2O)[C@@H](O)[C@H]1O,permeability,0.01,10'-6 cm/s,Apparent permeability by PAMPA membrane
2384742,496144,608737,CCN(CC)CC.Nc1nc(-n2cc(C3CCCCC3)nn2)nc2c1ncn2[C@@H]1O[C@H](COS(=O)(=O)NC(=O)c2ccccc2O)[C@@H](O)[C@H]1O,permeability,0.39,10'-6 cm/s,Apparent permeability by PAMPA membrane
2257709,496469,493693,CC(=O)c1ccc(N2CCN(C(=O)c3cc(S(C)(=O)=O)ccc3N3CCOCC3)CC2)c(F)c1,permeability,3.1,10'-6 cm/s,Membrane permeability by PAMPA
2257710,496469,493766,CC(=O)c1ccc(N2CCN(C(=O)c3cc(S(N)(=O)=O)ccc3N3CCOCC3)CC2)c(F)c1,permeability,3.3,10'-6 cm/s,Membrane permeability by PAMPA
2257711,496469,493569,CC(=O)c1ccc(N2CCN(C(=O)c3cc([N+](=O)[O-])ccc3N3CCOCC3)CC2)c(F)c1,permeability,4.7,10'-6 cm/s,Membrane permeability by PAMPA
2257712,496469,493694,CNS(=O)(=O)c1ccc(N2CCOCC2)c(C(=O)N2CCN(c3ccc(C(C)=O)cc3F)CC2)c1,permeability,5.3,10'-6 cm/s,Membrane permeability by PAMPA
2257713,496469,493692,CC(=O)c1ccc(N2CCN(C(=O)c3cc(C#N)ccc3N3CCOCC3)CC2)c(F)c1,permeability,6.1,10'-6 cm/s,Membrane permeability by PAMPA
2258444,496469,493571,CS(=O)(=O)c1ccc(OCC2CC2)c(C(=O)N2CCN(c3ccc(C#N)cc3F)CC2)c1,permeability,3.2,10'-6 cm/s,Membrane permeability by PAMPA
2641219,499398,480556,c1ccc(C2CCc3nc[nH]c3C2)cc1,Papp,47,10'-6 cm/s,Membrane permeability by PAMPA assay
2641220,499398,480632,c1ccc(C2Cc3nccn3C2)cc1,Papp,51,10'-6 cm/s,Membrane permeability by PAMPA assay
2641221,499398,480636,Clc1ccccc1C1CCc2nc[nH]c2C1,Papp,34,10'-6 cm/s,Membrane permeability by PAMPA assay
2641222,499398,480637,Clc1cccc(C2CCc3nc[nH]c3C2)c1,Papp,39,10'-6 cm/s,Membrane permeability by PAMPA assay
2641227,499398,480782,COCc1ccccc1C1CCc2nc[nH]c2C1,Papp,41,10'-6 cm/s,Membrane permeability by PAMPA assay
2641228,499398,480782,COCc1ccccc1C1CCc2nc[nH]c2C1,Papp,30,10'-6 cm/s,Membrane permeability by PAMPA assay
2641229,499398,480632,c1ccc(C2Cc3nccn3C2)cc1,Papp,27,10'-6 cm/s,Membrane permeability by PAMPA assay
2641230,499398,480785,Clc1ccccc1C1Cc2nccn2C1,Papp,51,10'-6 cm/s,Membrane permeability by PAMPA assay
2641231,499398,480786,Clc1ccc(C2Cc3nccn3C2)cc1,Papp,34,10'-6 cm/s,Membrane permeability by PAMPA assay
2641232,499398,480787,COc1ccccc1C1Cc2nccn2C1,Papp,57,10'-6 cm/s,Membrane permeability by PAMPA assay
2641233,499398,480788,COc1cccc(C2Cc3nccn3C2)c1,Papp,47,10'-6 cm/s,Membrane permeability by PAMPA assay
2641234,499398,480868,COc1ccc(C2Cc3nccn3C2)cc1,Papp,57,10'-6 cm/s,Membrane permeability by PAMPA assay
2641236,499398,480870,FC(F)Oc1ccccc1C1Cc2nccn2C1,Papp,35,10'-6 cm/s,Membrane permeability by PAMPA assay
2641238,499398,480872,N#Cc1ccccc1C1Cc2nccn2C1,Papp,23,10'-6 cm/s,Membrane permeability by PAMPA assay
2641239,499398,480873,COCc1ccccc1C1Cc2nccn2C1,Papp,25,10'-6 cm/s,Membrane permeability by PAMPA assay
2520732,500211,165078,CC(C)c1onc(-c2c(Cl)cccc2Cl)c1COc1ccc(/C=C/c2cccc(C(=O)O)c2)c(Cl)c1,permeability,0,10'-6 cm/s,Permeability by PAMPA method
2520734,500211,480154,CC(C)c1onc(-c2ccc(S(C)(=O)=O)cc2Cl)c1COc1ccc(/C=C/c2cccc(C(=O)O)c2)c(Cl)c1,permeability,0,10'-6 cm/s,Permeability by PAMPA method
2520735,500211,479437,CC(C)c1onc(-c2c(Cl)cncc2Cl)c1COc1ccc(/C=C/c2cccc(C(=O)O)c2)c(Cl)c1,permeability,0.09,10'-6 cm/s,Permeability by PAMPA method
2520736,500211,480220,Cc1cc(OCc2c(-c3c(Cl)cncc3Cl)noc2C(C)C)ccc1-c1ccc2c(C(=O)O)cn(C)c2c1,permeability,0.19,10'-6 cm/s,Permeability by PAMPA method
2520737,500211,480221,Cc1cc(OCc2c(-c3c(Cl)c[n+]([O-])cc3Cl)noc2C(C)C)ccc1-c1ccc2c(C(=O)O)cn(C)c2c1,permeability,587,10'-6 cm/s,Permeability by PAMPA method
2520742,500211,480352,COc1ccc(Cl)c(-c2noc(C(C)C)c2COc2ccc(-c3ccc4c(C(=O)O)cn(C)c4c3)c(C)c2)n1,permeability,0.7,10'-6 cm/s,Permeability by PAMPA method
2642073,500556,479516,C[C@H](N)C(=O)NCc1cccc(-n2nc(C(F)(F)F)cc2C(=O)NCc2ccccc2)c1,permeability,15,nM/s,Membrane permeability by PAMPA
2642074,500556,479576,C[C@H](N)C(=O)NCc1cccc(-n2nc(C(F)(F)F)cc2-c2nnc(-c3ccccc3)o2)c1,permeability,106,nM/s,Membrane permeability by PAMPA
2642075,500556,479648,C[C@H](N)C(=O)NCc1cccc(-n2nc(C(F)(F)F)cc2-c2nnc(-c3cccc4ncsc34)o2)c1,permeability,267,nM/s,Membrane permeability by PAMPA
2642076,500556,479720,COc1ccccc1Nc1nnc(-c2cc(C(F)(F)F)nn2-c2cccc(CNC(=O)[C@H](C)N)c2)o1,permeability,15,nM/s,Membrane permeability by PAMPA
2240719,510008,511735,CC(=O)N[C@@H](Cc1ccccc1)C(=O)N[C@@H](Cc1ccccc1)C(=O)N[C@@H](Cc1ccccc1)C(=O)N[C@@H](Cc1ccccc1)C(N)=O,permeability,0,10'6cm/s,Membrane permeability by PAMPA
2240721,510008,511734,CC(=O)N[C@@H](Cc1ccccc1)C(=O)N[C@@H](Cc1ccccc1)C(N)=O,permeability,0,10'6cm/s,Membrane permeability by PAMPA
2240724,510008,1370,CC(C)NCC(O)COc1cccc2ccccc12,permeability,6.9,10'6cm/s,Membrane permeability by PAMPA
2240725,510008,511730,CC(=O)N[C@@H](Cc1cccnc1)C(=O)N(C)[C@@H](Cc1ccccc1)C(=O)N(C)[C@@H](Cc1ccccc1)C(=O)N(C)[C@@H](Cc1ccccc1)C(N)=O,permeability,1.2,10'6cm/s,Membrane permeability by PAMPA
2240726,510008,511729,CC(=O)N1Cc2[nH]c3ccccc3c2C[C@H]1C(=O)N(C)[C@@H](Cc1ccccc1)C(=O)N(C)[C@@H](Cc1ccccc1)C(=O)N(C)[C@@H](Cc1ccccc1)C(N)=O,permeability,1.5,10'6cm/s,Membrane permeability by PAMPA
2240727,510008,511728,CN(C(=O)[C@@H]1Cc2c([nH]c3ccccc23)CN1)[C@@H](Cc1ccccc1)C(=O)N(C)[C@@H](Cc1ccccc1)C(=O)N(C)[C@@H](Cc1ccccc1)C(N)=O,permeability,0.6,10'6cm/s,Membrane permeability by PAMPA
2240728,510008,511727,CC(=O)N[C@@H](Cc1ccc(O)cc1)C(=O)N(C)[C@@H](Cc1ccccc1)C(=O)N(C)[C@@H](Cc1ccccc1)C(=O)N(C)[C@@H](Cc1ccccc1)C(N)=O,permeability,1.1,10'6cm/s,Membrane permeability by PAMPA
2240729,510008,511726,CC(=O)N(C)[C@@H](Cc1c[nH]c2ccccc12)C(=O)N(C)[C@@H](Cc1ccccc1)C(=O)N(C)[C@@H](Cc1ccccc1)C(=O)N(C)[C@@H](Cc1ccccc1)C(N)=O,permeability,1.4,10'6cm/s,Membrane permeability by PAMPA
2240730,510008,511725,CC(=O)N[C@@H](Cc1c[nH]c2ccccc12)C(=O)N(C)[C@@H](Cc1ccccc1)C(=O)N(C)[C@@H](Cc1ccccc1)C(=O)N(C)[C@@H](Cc1ccccc1)C(N)=O,permeability,1.8,10'6cm/s,Membrane permeability by PAMPA
2240731,510008,511724,CC(=O)N1Cc2ccccc2C[C@H]1C(=O)N(C)[C@@H](Cc1ccccc1)C(=O)N(C)[C@@H](Cc1ccccc1)C(=O)N(C)[C@@H](Cc1ccccc1)C(N)=O,permeability,2,10'6cm/s,Membrane permeability by PAMPA
2240732,510008,511723,CN(C(=O)[C@@H]1Cc2ccccc2CN1)[C@@H](Cc1ccccc1)C(=O)N(C)[C@@H](Cc1ccccc1)C(=O)N(C)[C@@H](Cc1ccccc1)C(N)=O,permeability,2.2,10'6cm/s,Membrane permeability by PAMPA
2240733,510008,511722,CC(=O)N(C)[C@@H](Cc1ccc2ccccc2c1)C(=O)N(C)[C@@H](Cc1ccccc1)C(=O)N(C)[C@@H](Cc1ccccc1)C(=O)N(C)[C@@H](Cc1ccccc1)C(N)=O,permeability,1.3,10'6cm/s,Membrane permeability by PAMPA
2240734,510008,511721,CC(=O)N[C@@H](Cc1ccc2ccccc2c1)C(=O)N(C)[C@@H](Cc1ccccc1)C(=O)N(C)[C@@H](Cc1ccccc1)C(=O)N(C)[C@@H](Cc1ccccc1)C(N)=O,permeability,3.1,10'6cm/s,Membrane permeability by PAMPA
2240735,510008,511720,CC(=O)N(C)[C@@H](CCc1ccccc1)C(=O)N(C)[C@@H](Cc1ccccc1)C(=O)N(C)[C@@H](Cc1ccccc1)C(=O)N(C)[C@@H](Cc1ccccc1)C(N)=O,permeability,1.8,10'6cm/s,Membrane permeability by PAMPA
2240736,510008,511719,CC(=O)N[C@@H](CCc1ccccc1)C(=O)N(C)[C@@H](Cc1ccccc1)C(=O)N(C)[C@@H](Cc1ccccc1)C(=O)N(C)[C@@H](Cc1ccccc1)C(N)=O,permeability,2,10'6cm/s,Membrane permeability by PAMPA
2240737,510008,511718,CC(=O)N(C)[C@@H](CC1CCCCC1)C(=O)N(C)[C@@H](Cc1ccccc1)C(=O)N(C)[C@@H](Cc1ccccc1)C(=O)N(C)[C@@H](Cc1ccccc1)C(N)=O,permeability,1.9,10'6cm/s,Membrane permeability by PAMPA
2240738,510008,511717,CC(=O)N[C@@H](CC1CCCCC1)C(=O)N(C)[C@@H](Cc1ccccc1)C(=O)N(C)[C@@H](Cc1ccccc1)C(=O)N(C)[C@@H](Cc1ccccc1)C(N)=O,permeability,2.6,10'6cm/s,Membrane permeability by PAMPA
2240739,510008,511716,CC(=O)N(C)[C@H](C(=O)N(C)[C@@H](Cc1ccccc1)C(=O)N(C)[C@@H](Cc1ccccc1)C(=O)N(C)[C@@H](Cc1ccccc1)C(N)=O)c1ccccc1,permeability,0.7,10'6cm/s,Membrane permeability by PAMPA
2240740,510008,511715,CC(=O)N[C@H](C(=O)N(C)[C@@H](Cc1ccccc1)C(=O)N(C)[C@@H](Cc1ccccc1)C(=O)N(C)[C@@H](Cc1ccccc1)C(N)=O)c1ccccc1,permeability,0,10'6cm/s,Membrane permeability by PAMPA
2240741,510008,511714,CC(=O)N(C)CC(=O)N(C)[C@@H](Cc1ccccc1)C(=O)N(C)[C@@H](Cc1ccccc1)C(=O)N(C)[C@@H](Cc1ccccc1)C(N)=O,permeability,0.7,10'6cm/s,Membrane permeability by PAMPA
2240742,510008,511712,CC(=O)NCC(=O)N(C)[C@@H](Cc1ccccc1)C(=O)N(C)[C@@H](Cc1ccccc1)C(=O)N(C)[C@@H](Cc1ccccc1)C(N)=O,permeability,0.6,10'6cm/s,Membrane permeability by PAMPA
2240743,510008,511701,CC(=O)N(C)[C@@H](Cc1ccccc1)C(=O)N(C)[C@@H](Cc1ccccc1)C(=O)N(C)[C@@H](Cc1ccccc1)C(=O)N(C)[C@@H](Cc1ccccc1)C(N)=O,permeability,6.4,10'6cm/s,Membrane permeability by PAMPA
2240744,510008,511711,CC(=O)N[C@@H](Cc1ccccc1)C(=O)N(C)[C@@H](Cc1ccccc1)C(=O)N(C)[C@@H](Cc1ccccc1)C(=O)N(C)[C@@H](Cc1ccccc1)C(N)=O,permeability,2.3,10'6cm/s,Membrane permeability by PAMPA
2240745,510008,511710,CC(=O)N(C)[C@@H](Cc1ccccc1)C(=O)N(C)[C@@H](Cc1ccccc1)C(=O)N(C)[C@@H](Cc1ccccc1)C(=O)N(C)[C@@H](Cc1ccccc1)C(=O)O,permeability,0.9,10'6cm/s,Membrane permeability by PAMPA
2240746,510008,511709,CN[C@@H](Cc1ccccc1)C(=O)N(C)[C@@H](Cc1ccccc1)C(=O)N(C)[C@@H](Cc1ccccc1)C(=O)N(C)[C@@H](Cc1ccccc1)C(N)=O,permeability,7.4,10'6cm/s,Membrane permeability by PAMPA
2240747,510008,511708,CN[C@@H](Cc1ccccc1)C(=O)N(C)[C@@H](Cc1ccccc1)C(=O)N(C)[C@@H](Cc1ccccc1)C(=O)N(C)[C@@H](Cc1ccccc1)C(=O)O,permeability,1.4,10'6cm/s,Membrane permeability by PAMPA
2240748,510008,511707,CC(=O)N(C)[C@@H](Cc1ccccc1)C(=O)N(C)[C@@H](Cc1ccccc1)C(=O)N(C)[C@@H](Cc1ccccc1)C(=O)N(C)[C@@H](Cc1ccccc1)C(=O)N(C)[C@@H](Cc1ccccc1)C(=O)N(C)[C@@H](Cc1ccccc1)C(=O)N(C)[C@@H](Cc1ccccc1)C(=O)N(C)[C@@H](Cc1ccccc1)C(=O)N(C)[C@@H](Cc1ccccc1)C(=O)N(C)[C@@H](Cc1ccccc1)C(N)=O,permeability,0,10'6cm/s,Membrane permeability by PAMPA
2240749,510008,511706,CC(=O)N(C)[C@@H](Cc1ccccc1)C(=O)N(C)[C@@H](Cc1ccccc1)C(=O)N(C)[C@@H](Cc1ccccc1)C(=O)N(C)[C@@H](Cc1ccccc1)C(=O)N(C)[C@@H](Cc1ccccc1)C(=O)N(C)[C@@H](Cc1ccccc1)C(=O)N(C)[C@@H](Cc1ccccc1)C(=O)N(C)[C@@H](Cc1ccccc1)C(=O)N(C)[C@@H](Cc1ccccc1)C(N)=O,permeability,0,10'6cm/s,Membrane permeability by PAMPA
2240750,510008,511705,CC(=O)N(C)[C@@H](Cc1ccccc1)C(=O)N(C)[C@@H](Cc1ccccc1)C(=O)N(C)[C@@H](Cc1ccccc1)C(=O)N(C)[C@@H](Cc1ccccc1)C(=O)N(C)[C@@H](Cc1ccccc1)C(=O)N(C)[C@@H](Cc1ccccc1)C(=O)N(C)[C@@H](Cc1ccccc1)C(=O)N(C)[C@@H](Cc1ccccc1)C(N)=O,permeability,0,10'6cm/s,Membrane permeability by PAMPA
2240751,510008,511704,CC(=O)N(C)[C@@H](Cc1ccccc1)C(=O)N(C)[C@@H](Cc1ccccc1)C(=O)N(C)[C@@H](Cc1ccccc1)C(=O)N(C)[C@@H](Cc1ccccc1)C(=O)N(C)[C@@H](Cc1ccccc1)C(=O)N(C)[C@@H](Cc1ccccc1)C(=O)N(C)[C@@H](Cc1ccccc1)C(N)=O,permeability,0,10'6cm/s,Membrane permeability by PAMPA
2240752,510008,511703,CC(=O)N(C)[C@@H](Cc1ccccc1)C(=O)N(C)[C@@H](Cc1ccccc1)C(=O)N(C)[C@@H](Cc1ccccc1)C(=O)N(C)[C@@H](Cc1ccccc1)C(=O)N(C)[C@@H](Cc1ccccc1)C(=O)N(C)[C@@H](Cc1ccccc1)C(N)=O,permeability,0,10'6cm/s,Membrane permeability by PAMPA
2240753,510008,511702,CC(=O)N(C)[C@@H](Cc1ccccc1)C(=O)N[C@@H](Cc1ccccc1)C(=O)N(C)[C@@H](Cc1ccccc1)C(=O)N(C)[C@@H](Cc1ccccc1)C(=O)N(C)[C@@H](Cc1ccccc1)C(N)=O,permeability,1.1,10'6cm/s,Membrane permeability by PAMPA
2240754,510008,511701,CC(=O)N(C)[C@@H](Cc1ccccc1)C(=O)N(C)[C@@H](Cc1ccccc1)C(=O)N(C)[C@@H](Cc1ccccc1)C(=O)N(C)[C@@H](Cc1ccccc1)C(N)=O,permeability,9.6,10'6cm/s,Membrane permeability by PAMPA
2240755,510008,511700,CC(=O)N(C)[C@@H](Cc1ccccc1)C(=O)N(C)[C@@H](Cc1ccccc1)C(=O)N(C)[C@@H](Cc1ccccc1)C(N)=O,permeability,6.8,10'6cm/s,Membrane permeability by PAMPA
2240756,510008,511635,CC(=O)N(C)[C@@H](Cc1ccccc1)C(=O)N(C)[C@@H](Cc1ccccc1)C(N)=O,permeability,5.5,10'6cm/s,Membrane permeability by PAMPA
2240757,510008,4584,NCCc1ccc(O)c(O)c1,permeability,0,10'6cm/s,Membrane permeability by PAMPA
2240758,510008,112655,N[C@@H](Cc1ccc(O)c(O)c1)C(=O)O,permeability,0,10'6cm/s,Membrane permeability by PAMPA
2240759,510008,16485,Cn1c(=O)c2c(ncn2C)n(C)c1=O,permeability,1.8,10'6cm/s,Membrane permeability by PAMPA
2240760,510008,15086,NC(=O)N1c2ccccc2C=Cc2ccccc21,permeability,8,10'6cm/s,Membrane permeability by PAMPA
2240761,510008,511733,CN(C(=O)[C@H](Cc1ccc2ccccc2c1)NC(=O)[C@@H](N)Cc1ccc(O)c(O)c1)[C@@H](Cc1ccccc1)C(=O)N(C)[C@@H](Cc1ccccc1)C(=O)N(C)[C@@H](Cc1ccccc1)C(N)=O,permeability,0.3,10'6cm/s,Membrane permeability by PAMPA
2240762,510008,511732,CN(C(=O)[C@H](CC1CCCCC1)NC(=O)[C@@H](N)Cc1ccc(O)c(O)c1)[C@@H](Cc1ccccc1)C(=O)N(C)[C@@H](Cc1ccccc1)C(=O)N(C)[C@@H](Cc1ccccc1)C(N)=O,permeability,0.7,10'6cm/s,Membrane permeability by PAMPA
2240763,510008,511731,CN(C(=O)[C@@H](N)Cc1ccc(O)c(O)c1)[C@@H](Cc1ccccc1)C(=O)N(C)[C@@H](Cc1ccccc1)C(=O)N(C)[C@@H](Cc1ccccc1)C(=O)N(C)[C@@H](Cc1ccccc1)C(N)=O,permeability,1.1,10'6cm/s,Membrane permeability by PAMPA
2240720,510010,4584,NCCc1ccc(O)c(O)c1,permeability,0,10'6cm/s,Membrane permeability by PAMPA in presence of 20% 1-propanol
2240723,510010,1370,CC(C)NCC(O)COc1cccc2ccccc12,permeability,8.4,10'6cm/s,Membrane permeability by PAMPA in presence of 20% 1-propanol
2240804,510010,112655,N[C@@H](Cc1ccc(O)c(O)c1)C(=O)O,permeability,0,10'6cm/s,Membrane permeability by PAMPA in presence of 20% 1-propanol
2240805,510010,16485,Cn1c(=O)c2c(ncn2C)n(C)c1=O,permeability,1.8,10'6cm/s,Membrane permeability by PAMPA in presence of 20% 1-propanol
2240806,510010,15086,NC(=O)N1c2ccccc2C=Cc2ccccc21,permeability,12.8,10'6cm/s,Membrane permeability by PAMPA in presence of 20% 1-propanol
2492233,515690,474480,O=C(NCCCCO)c1ccc(OCc2cccc(Cl)c2)c(Cl)c1,Activity,1.22,10'-6 cm/s,Membrane permeability by PAMPA
2492234,515690,474618,Clc1cccc(COc2cnc(-c3nnco3)cc2Cl)c1,Activity,5.31,10'-6 cm/s,Membrane permeability by PAMPA
2492236,515690,474313,Cc1cc(C(=O)N2CCN(C(=O)C3CCCO3)CC2)ccc1OCc1cccc(Cl)c1,Activity,10.8,10'-6 cm/s,Membrane permeability by PAMPA
2492237,515690,474236,CN1CCN(C(=O)c2ccc(OCc3cccc(Cl)c3)c(Cl)c2)CC1=O,Activity,16.4,10'-6 cm/s,Membrane permeability by PAMPA
2629984,523538,501945,N#Cc1cnc2c(Br)cc(NCc3cn(CC(=O)O)nn3)cc2c1Nc1ccc(F)c(Cl)c1,permeability,1.8,10'-6 cm/s,Membrane permeability by PAMPA assay
2629988,523538,501944,N#Cc1cnc2c(Br)cc(NCc3cn(-c4ccccc4)nn3)cc2c1Nc1ccc(F)c(Cl)c1,permeability,1.2,10'-6 cm/s,Membrane permeability by PAMPA assay
2629996,523538,501946,N#Cc1cnc2c(Br)cc(NCc3cn(CCC4CCCN4)nn3)cc2c1Nc1ccc(F)c(Cl)c1,permeability,0.72,10'-6 cm/s,Membrane permeability by PAMPA assay
2629998,523538,501874,N#Cc1cnc2c(Cl)cc(NCc3cn(CCC4CCCN4)nn3)cc2c1Nc1ccc(F)c(Cl)c1,permeability,0.57,10'-6 cm/s,Membrane permeability by PAMPA assay
2629999,523538,501240,CCCN1CCC(n2cc(CNc3cc(Cl)c4ncc(C#N)c(Nc5ccc(F)c(Cl)c5)c4c3)nn2)CC1,permeability,0.48,10'-6 cm/s,Membrane permeability by PAMPA assay
2630000,523538,501242,N#Cc1cnc2c(Cl)cc(NCc3cn(C4CCN(C5CCC5)CC4)nn3)cc2c1Nc1ccc(F)c(Cl)c1,permeability,0.43,10'-6 cm/s,Membrane permeability by PAMPA assay
2630002,523538,501147,CN1CCC(n2cc(CNc3cc(Cl)c4ncc(C#N)c(Nc5ccc(F)c(Cl)c5)c4c3)nn2)CC1,permeability,0.39,10'-6 cm/s,Membrane permeability by PAMPA assay
2630004,523538,501148,CCN1CCC(n2cc(CNc3cc(Cl)c4ncc(C#N)c(Nc5ccc(F)c(Cl)c5)c4c3)nn2)CC1,permeability,0.36,10'-6 cm/s,Membrane permeability by PAMPA assay
2630009,523538,501875,N#Cc1cnc2c(Cl)cc(NCc3cn(Cc4cccnc4)nn3)cc2c1Nc1ccc(F)c(Cl)c1,permeability,0.18,10'-6 cm/s,Membrane permeability by PAMPA assay
2630010,523538,502018,N#Cc1cnc2c(Br)cc(NCc3cn(Cc4cccnc4)nn3)cc2c1Nc1ccc(F)c(Cl)c1,permeability,0.13,10'-6 cm/s,Membrane permeability by PAMPA assay
2630011,523538,501799,CC(C)(C)n1cc(CNc2cc(Cl)c3ncc(C#N)c(Nc4ccc(F)c(Cl)c4)c3c2)nn1,permeability,0.1,10'-6 cm/s,Membrane permeability by PAMPA assay
2630013,523538,501873,N#Cc1cnc2c(Cl)cc(NCc3cn(CC(=O)O)nn3)cc2c1Nc1ccc(F)c(Cl)c1,permeability,0.04,10'-6 cm/s,Membrane permeability by PAMPA assay
2630014,523538,501146,N#Cc1cnc2c(Cl)cc(NCc3cn(C4CCNCC4)nn3)cc2c1Nc1ccc(F)c(Cl)c1,permeability,0.03,10'-6 cm/s,Membrane permeability by PAMPA assay
2630015,523538,501800,N#Cc1cnc2c(Cl)cc(NCc3cn(-c4ccccc4)nn3)cc2c1Nc1ccc(F)c(Cl)c1,permeability,0,10'-6 cm/s,Membrane permeability by PAMPA assay
2630016,523538,388492,N#Cc1cnc2c(Br)cc(NCc3c[nH]nn3)cc2c1Nc1ccc(F)c(Cl)c1,permeability,0,10'-6 cm/s,Membrane permeability by PAMPA assay
2630017,523538,501798,N#Cc1cnc2c(Cl)cc(NCc3c[nH]nn3)cc2c1Nc1ccc(F)c(Cl)c1,permeability,0,10'-6 cm/s,Membrane permeability by PAMPA assay
2192068,534579,145542,COc1ccc(-c2cc(=O)c3c(O)cc(O)cc3o2)cc1O,permeability,76.1,10'-6 cm/s,Apparent permeability across PAMPA membrane
2192074,534579,421346,COc1ccc([C@@H]2CC(=O)c3c(O)cc(O)cc3O2)cc1O,permeability,35.7,10'-6 cm/s,Apparent permeability across PAMPA membrane
2192080,534579,5170,O=C1C[C@@H](c2ccc(O)cc2)Oc2cc(O)cc(O)c21,permeability,25.7,10'-6 cm/s,Apparent permeability across PAMPA membrane
2583553,557705,14440,COc1cc2c(c(OC)c1OC)-c1ccc(OC)c(=O)cc1[C@@H](NC(C)=O)CC2,permeability,415,10'-6 cm/s,Membrane permeability by PAMPA
2583554,557705,454248,COc1cc2c(c(OC)c1OC)-c1ccc(OC)c(=O)cc1[C@@H](NC(=O)CCC1=[N+]3C(=Cc4cccn4[B-]3(F)F)C=C1)CC2,permeability,108,10'-6 cm/s,Membrane permeability by PAMPA
2583555,557705,454249,COc1cc2c(c(OC)c1OC)-c1ccc(OC)c(=O)cc1[C@@H](NC(=O)CCCCCNC(=O)COc1ccc(/C=C/C3=[N+]4C(=Cc5ccc(-c6ccc[nH]6)n5[B-]4(F)F)C=C3)cc1)CC2,permeability,10,10'-6 cm/s,Membrane permeability by PAMPA
2261967,560494,473500,C[C@H](NC(=O)C(=O)NCc1cc(Cl)ccc1Cl)C(=O)N[C@@H](CC(=O)O)C(=O)COc1c(F)c(F)cc(F)c1F,permeability,3.2,10'-6 cm/s,Membrane permeability by PAMPA assay
2261968,560494,473499,C[C@H](NC(=O)C(=O)NCc1ccc(Cl)cc1Cl)C(=O)N[C@@H](CC(=O)O)C(=O)COc1c(F)c(F)cc(F)c1F,permeability,2.7,10'-6 cm/s,Membrane permeability by PAMPA assay
2261969,560494,473498,C[C@H](NC(=O)C(=O)NCc1cccc(Cl)c1Cl)C(=O)N[C@@H](CC(=O)O)C(=O)COc1c(F)c(F)cc(F)c1F,permeability,3.1,10'-6 cm/s,Membrane permeability by PAMPA assay
2261970,560494,473442,Cc1ccc(CNC(=O)C(=O)N[C@@H](C)C(=O)N[C@@H](CC(=O)O)C(=O)COc2c(F)c(F)cc(F)c2F)cc1C,permeability,3.7,10'-6 cm/s,Membrane permeability by PAMPA assay
2261971,560494,473441,Cc1ccc(C)c(CNC(=O)C(=O)N[C@@H](C)C(=O)N[C@@H](CC(=O)O)C(=O)COc2c(F)c(F)cc(F)c2F)c1,permeability,4.2,10'-6 cm/s,Membrane permeability by PAMPA assay
2261972,560494,473440,Cc1ccc(CNC(=O)C(=O)N[C@@H](C)C(=O)N[C@@H](CC(=O)O)C(=O)COc2c(F)c(F)cc(F)c2F)c(C)c1,permeability,4,10'-6 cm/s,Membrane permeability by PAMPA assay
2261973,560494,473373,Cc1cccc(CNC(=O)C(=O)N[C@@H](C)C(=O)N[C@@H](CC(=O)O)C(=O)COc2c(F)c(F)cc(F)c2F)c1C,permeability,3,10'-6 cm/s,Membrane permeability by PAMPA assay
2261974,560494,473372,C[C@H](NC(=O)C(=O)NCc1ccc(F)cc1)C(=O)N[C@@H](CC(=O)O)C(=O)COc1c(F)c(F)cc(F)c1F,permeability,0.4,10'-6 cm/s,Membrane permeability by PAMPA assay
2261975,560494,473371,C[C@H](NC(=O)C(=O)NCc1cccc(F)c1)C(=O)N[C@@H](CC(=O)O)C(=O)COc1c(F)c(F)cc(F)c1F,permeability,0.3,10'-6 cm/s,Membrane permeability by PAMPA assay
2261976,560494,473306,C[C@H](NC(=O)C(=O)NCc1ccccc1F)C(=O)N[C@@H](CC(=O)O)C(=O)COc1c(F)c(F)cc(F)c1F,permeability,0.3,10'-6 cm/s,Membrane permeability by PAMPA assay
2261977,560494,473305,Cc1ccc(CNC(=O)C(=O)N[C@@H](C)C(=O)N[C@@H](CC(=O)O)C(=O)COc2c(F)c(F)cc(F)c2F)cc1,permeability,1.1,10'-6 cm/s,Membrane permeability by PAMPA assay
2261978,560494,473304,Cc1cccc(CNC(=O)C(=O)N[C@@H](C)C(=O)N[C@@H](CC(=O)O)C(=O)COc2c(F)c(F)cc(F)c2F)c1,permeability,1.2,10'-6 cm/s,Membrane permeability by PAMPA assay
2261979,560494,473233,Cc1ccccc1CNC(=O)C(=O)N[C@@H](C)C(=O)N[C@@H](CC(=O)O)C(=O)COc1c(F)c(F)cc(F)c1F,permeability,1.3,10'-6 cm/s,Membrane permeability by PAMPA assay
2262029,560494,473568,C[C@H](NC(=O)C(=O)NCc1c(Cl)cccc1Cl)C(=O)N[C@@H](CC(=O)O)C(=O)COc1c(F)c(F)cc(F)c1F,permeability,4.6,10'-6 cm/s,Membrane permeability by PAMPA assay
2262030,560494,473569,C[C@H](NC(=O)C(=O)NCc1cc(Cl)cc(Cl)c1)C(=O)N[C@@H](CC(=O)O)C(=O)COc1c(F)c(F)cc(F)c1F,permeability,2.6,10'-6 cm/s,Membrane permeability by PAMPA assay
2262031,560494,473570,C[C@H](NC(=O)C(=O)NCc1cc(F)cc(F)c1)C(=O)N[C@@H](CC(=O)O)C(=O)COc1c(F)c(F)cc(F)c1F,permeability,0.3,10'-6 cm/s,Membrane permeability by PAMPA assay
2262032,560494,473635,Cc1ccccc1CCNC(=O)C(=O)N[C@@H](C)C(=O)N[C@@H](CC(=O)O)C(=O)COc1c(F)c(F)cc(F)c1F,permeability,1.6,10'-6 cm/s,Membrane permeability by PAMPA assay
2262033,560494,473636,Cc1cccc(CCNC(=O)C(=O)N[C@@H](C)C(=O)N[C@@H](CC(=O)O)C(=O)COc2c(F)c(F)cc(F)c2F)c1,permeability,1.7,10'-6 cm/s,Membrane permeability by PAMPA assay
2262034,560494,473637,Cc1ccc(CCNC(=O)C(=O)N[C@@H](C)C(=O)N[C@@H](CC(=O)O)C(=O)COc2c(F)c(F)cc(F)c2F)c(C)c1,permeability,7.4,10'-6 cm/s,Membrane permeability by PAMPA assay
2262035,560494,472546,Cc1ccc(C)c(CCNC(=O)C(=O)N[C@@H](C)C(=O)N[C@@H](CC(=O)O)C(=O)COc2c(F)c(F)cc(F)c2F)c1,permeability,4.3,10'-6 cm/s,Membrane permeability by PAMPA assay
2262036,560494,472547,Cc1ccc(CCNC(=O)C(=O)N[C@@H](C)C(=O)N[C@@H](CC(=O)O)C(=O)COc2c(F)c(F)cc(F)c2F)cc1C,permeability,6.2,10'-6 cm/s,Membrane permeability by PAMPA assay
2262042,560494,473162,C[C@H](NC(=O)C(=O)NCc1ccc(Cl)cc1)C(=O)N[C@@H](CC(=O)O)C(=O)COc1c(F)c(F)cc(F)c1F,permeability,1.7,10'-6 cm/s,Membrane permeability by PAMPA assay
2262043,560494,473163,C[C@H](NC(=O)C(=O)NCCc1ccccc1)C(=O)N[C@@H](CC(=O)O)C(=O)COc1c(F)c(F)cc(F)c1F,permeability,1,10'-6 cm/s,Membrane permeability by PAMPA assay
2262044,560494,473165,C[C@H](NC(=O)C(=O)NCC1CCCCC1)C(=O)N[C@@H](CC(=O)O)C(=O)COc1c(F)c(F)cc(F)c1F,permeability,3.1,10'-6 cm/s,Membrane permeability by PAMPA assay
2262045,560494,473232,C[C@H](NC(=O)C(=O)NCC1(c2ccccc2)CC1)C(=O)N[C@@H](CC(=O)O)C(=O)COc1c(F)c(F)cc(F)c1F,permeability,3.7,10'-6 cm/s,Membrane permeability by PAMPA assay
2262046,560494,473098,C[C@H](NC(=O)C(=O)Nc1c(F)cccc1F)C(=O)N[C@@H](CC(=O)O)C(=O)COc1c(F)c(F)cc(F)c1F,permeability,0.9,10'-6 cm/s,Membrane permeability by PAMPA assay
2262056,560494,473164,C[C@H](NC(=O)C(=O)NCCC1CCCC1)C(=O)N[C@@H](CC(=O)O)C(=O)COc1c(F)c(F)cc(F)c1F,permeability,3.9,10'-6 cm/s,Membrane permeability by PAMPA assay
2673715,577229,561857,CCCCCCOc1ccc(C(=O)CCNc2ccccc2)cc1,permeability,0.2,10'-6 cm/s,Permeability at pH 7.4 by PAMPA method
2673813,577229,563518,CCCCCCOc1ccc(C(=O)CCNc2cccc(Cl)c2)cc1,permeability,2,10'-6 cm/s,Permeability at pH 7.4 by PAMPA method
2674808,577229,558296,CCCCCCSc1ccc(C(=O)CCN(C)C)c(Cl)c1Cl,permeability,140,10'-6 cm/s,Permeability at pH 7.4 by PAMPA method
2673888,577229,556526,CCCCNC(=O)Nc1ccc(C(=O)CCN(C)C)cc1,permeability,10,10'-6 cm/s,Permeability at pH 7.4 by PAMPA method
2673889,577229,567220,CCCCCCSc1cc(Cl)c(C(=O)CCN2CCOCC2)c(Cl)c1,permeability,10,10'-6 cm/s,Permeability at pH 7.4 by PAMPA method
2674809,577229,563595,CCCCCCSc1cc(Cl)c(C(=O)CCN2CC2C)cc1Cl,permeability,140,10'-6 cm/s,Permeability at pH 7.4 by PAMPA method
2674649,577229,554870,CCCCCCSc1cc(Cl)c(C(=O)CCN2CCN(S(=O)(=O)CC)CC2)cc1Cl,permeability,20,10'-6 cm/s,Permeability at pH 7.4 by PAMPA method
2674686,577229,560104,CCCCCCSc1ccc(C(=O)CCN2CCN(S(=O)(=O)CC)CC2)c(Cl)c1Cl,permeability,30,10'-6 cm/s,Permeability at pH 7.4 by PAMPA method
2674740,577229,554802,CCCCCS(=O)(=O)Nc1ccc(C(=O)CCN(C)C)cc1,permeability,50,10'-6 cm/s,Permeability at pH 7.4 by PAMPA method
2674741,577229,567234,CCCCCCSc1cc(Cl)c(C(=O)CCN2CCN(S(=O)(=O)CC)CC2)c(Cl)c1,permeability,50,10'-6 cm/s,Permeability at pH 7.4 by PAMPA method
2674776,577229,556580,CCCCCCSc1ccc(C(=O)CCN2CC2C)c(Cl)c1Cl,permeability,70,10'-6 cm/s,Permeability at pH 7.4 by PAMPA method
2674784,577229,560113,CCCCCCOc1ccc(C(=O)CCN(C)C)c(Br)c1,permeability,80,10'-6 cm/s,Permeability at pH 7.4 by PAMPA method
2674791,577229,558239,CCCCCCS(=O)(=O)c1cc(Cl)c(C(=O)CCN(C)C)cc1Cl,permeability,90,10'-6 cm/s,Permeability at pH 7.4 by PAMPA method
2674807,577229,561866,CCN1CCC(Cc2ccc(C(=O)CCN(C)C)cc2)CC1,permeability,140,10'-6 cm/s,Permeability at pH 7.4 by PAMPA method
2674811,577229,554886,CCCCCCOc1ccc(-c2ccc(C(=O)CCN(C)C)cc2)cc1,permeability,150,10'-6 cm/s,Permeability at pH 7.4 by PAMPA method
2674817,577229,556519,CCOCCOc1ccc(C(=O)CCN(C)C)cc1,permeability,160,10'-6 cm/s,Permeability at pH 7.4 by PAMPA method
2674818,577229,565424,CCCCCCSc1cc(C)c(C(=O)CCN2CCN(S(=O)(=O)CC)CC2)c(C)c1,permeability,160,10'-6 cm/s,Permeability at pH 7.4 by PAMPA method
2674819,577229,558331,CCCCCCS(=O)(=O)c1ccc(C(=O)CCN2CC2C)c(Cl)c1,permeability,160,10'-6 cm/s,Permeability at pH 7.4 by PAMPA method
2674822,577229,565388,CCCCCCOc1ccc(C(=O)CCN(C)C)c(N(C)C)c1,permeability,170,10'-6 cm/s,Permeability at pH 7.4 by PAMPA method
2674823,577229,556581,CCCCCCSc1ccc(C(=O)CCN2CCOCC2)c(Cl)c1Cl,permeability,170,10'-6 cm/s,Permeability at pH 7.4 by PAMPA method
2674824,577229,554794,CCCCCCS(=O)(=O)c1cc(Cl)c(C(=O)CCN(C)C)c(Cl)c1,permeability,170,10'-6 cm/s,Permeability at pH 7.4 by PAMPA method
2674828,577229,565389,CCCCCCOc1ccc(C(=O)CCN(C)C)cc1C(C)(C)C,permeability,190,10'-6 cm/s,Permeability at pH 7.4 by PAMPA method
2674829,577229,558313,CCCCCCSc1cc(Cl)c(C(=O)CCN2CC2C)c(Cl)c1,permeability,190,10'-6 cm/s,Permeability at pH 7.4 by PAMPA method
2674835,577229,560142,CCCCCCS(=O)(=O)c1ccc(C(=O)CCN(C)C)c(Cl)c1Cl,permeability,220,10'-6 cm/s,Permeability at pH 7.4 by PAMPA method
2674837,577229,563611,CCCCCCOc1ccc(C(=O)CCN(C)C)cc1Cc1ccccc1,permeability,230,10'-6 cm/s,Permeability at pH 7.4 by PAMPA method
2674838,577229,561956,CCCCCCOc1ccc2c(c1)CC(CN(C)C)C2=O,permeability,230,10'-6 cm/s,Permeability at pH 7.4 by PAMPA method
2674840,577229,567248,CCCCCCS(=O)(=O)c1ccc(C(=O)CCN2CCNC(=O)C2)c(Cl)c1,permeability,240,10'-6 cm/s,Permeability at pH 7.4 by PAMPA method
2674841,577229,560032,CCCCCCS(=O)(=O)c1cc(Cl)c(C(=O)CCN2CC2C)cc1Cl,permeability,260,10'-6 cm/s,Permeability at pH 7.4 by PAMPA method
2674842,577229,554869,CCCCCCOc1ccc(C(=O)CCN(C)C)c(I)c1,permeability,270,10'-6 cm/s,Permeability at pH 7.4 by PAMPA method
2674843,577229,558332,CCCCCCS(=O)(=O)c1ccc(C(=O)CCN2CCN(S(=O)(=O)CC)CC2)c(Cl)c1,permeability,300,10'-6 cm/s,Permeability at pH 7.4 by PAMPA method
2674844,577229,556520,CCCN1CCN(c2ccc(C(=O)CCN(C)C)cc2)CC1,permeability,320,10'-6 cm/s,Permeability at pH 7.4 by PAMPA method
2674845,577229,556587,CCCCCCSc1cc(Cl)c(C(=O)CCN(C)C)cc1Cl,permeability,330,10'-6 cm/s,Permeability at pH 7.4 by PAMPA method
2674846,577229,554871,CCCCCCSc1cc(Cl)c(C(=O)CCN(C)C)c(Cl)c1,permeability,350,10'-6 cm/s,Permeability at pH 7.4 by PAMPA method
2674847,577229,565440,CCCCCCS(=O)(=O)c1ccc(C(=O)CCN2CCN(C(C)=O)CC2)c(Cl)c1,permeability,360,10'-6 cm/s,Permeability at pH 7.4 by PAMPA method
2674848,577229,554804,CCCCCCOc1ccc(C(=O)CCN2CC2C)c(Cl)c1Cl,permeability,370,10'-6 cm/s,Permeability at pH 7.4 by PAMPA method
2674849,577229,565425,CCCCCCS(=O)(=O)c1ccc(C(=O)CCN(C)C)c(Cl)c1,permeability,380,10'-6 cm/s,Permeability at pH 7.4 by PAMPA method
2674850,577229,567139,CCCCCCS(=O)(=O)c1ccc(C(=O)CCN2CCN(S(=O)(=O)CC)CC2)c(Cl)c1Cl,permeability,380,10'-6 cm/s,Permeability at pH 7.4 by PAMPA method
2674851,577229,558254,CCCCCCS(=O)(=O)c1cc(Cl)c(C(=O)CCN2CCNC(=O)C2)c(Cl)c1,permeability,430,10'-6 cm/s,Permeability at pH 7.4 by PAMPA method
2674852,577229,554901,CCCCCCS(=O)(=O)c1ccc(C(=O)CCN2CC2C)c(Cl)c1Cl,permeability,440,10'-6 cm/s,Permeability at pH 7.4 by PAMPA method
2674853,577229,556586,CCCCCCOc1ccc(C(=O)CCN(C)C)cc1Br,permeability,460,10'-6 cm/s,Permeability at pH 7.4 by PAMPA method
2674854,577229,554795,CCCCCCS(=O)(=O)c1cc(Cl)c(C(=O)CCN2CCOCC2)c(Cl)c1,permeability,470,10'-6 cm/s,Permeability at pH 7.4 by PAMPA method
2674855,577229,563535,CCCCCCS(=O)(=O)c1cc(C)c(C(=O)CCN2CCN(C(C)=O)CC2)c(C)c1,permeability,470,10'-6 cm/s,Permeability at pH 7.4 by PAMPA method
2674856,577229,563530,CCCCCCS(=O)(=O)c1cc(Cl)c(C(=O)CCN2CCN(C(C)=O)CC2)c(Cl)c1,permeability,480,10'-6 cm/s,Permeability at pH 7.4 by PAMPA method
2674857,577229,561876,CCCCCCS(=O)(=O)c1cc(C)c(C(=O)CCN2CCNC(=O)C2)c(C)c1,permeability,480,10'-6 cm/s,Permeability at pH 7.4 by PAMPA method
2674858,577229,567231,CCCCCCOc1ccc(C(=O)CCN(C)C)c(C(F)(F)F)c1,permeability,500,10'-6 cm/s,Permeability at pH 7.4 by PAMPA method
2674859,577229,556573,CCCCCCSc1ccc(C(=O)CCN2CC2C)c(Cl)c1,permeability,500,10'-6 cm/s,Permeability at pH 7.4 by PAMPA method
2674860,577229,554868,CCCCCCOc1ccc(C(=O)CCN(C)C)cc1I,permeability,540,10'-6 cm/s,Permeability at pH 7.4 by PAMPA method
2674861,577229,556511,CCCCCCS(=O)(=O)c1cc(Cl)c(C(=O)CCN2CCNC(=O)C2)cc1Cl,permeability,540,10'-6 cm/s,Permeability at pH 7.4 by PAMPA method
2674862,577229,556624,CCCCCCOc1ccc(C(=O)CCN(CCCC)CCCC)cc1,permeability,560,10'-6 cm/s,Permeability at pH 7.4 by PAMPA method
2674863,577229,567154,CCCCCC(=O)Nc1ccc(C(=O)CCN(C)C)cc1,permeability,560,10'-6 cm/s,Permeability at pH 7.4 by PAMPA method
2674864,577229,565448,CCCCCCS(=O)(=O)c1ccc(C(=O)CCN2CCOCC2)c(Cl)c1Cl,permeability,560,10'-6 cm/s,Permeability at pH 7.4 by PAMPA method
2674865,577229,556603,CCCCCCOc1ccc(C(=O)CCN(C)C)c(Cl)c1Cl,permeability,600,10'-6 cm/s,Permeability at pH 7.4 by PAMPA method
2674866,577229,565359,CCCCCCSc1ccc(C(=O)CCN(C)C)c(Cl)c1,permeability,610,10'-6 cm/s,Permeability at pH 7.4 by PAMPA method
2674867,577229,563608,CCCCCCOc1cc(C)c(C(=O)CCN(C)C)c(C)c1,permeability,650,10'-6 cm/s,Permeability at pH 7.4 by PAMPA method
2674868,577229,560123,CCCCCCOc1ccc(C(=O)CCN(C)C)c2ccccc12,permeability,660,10'-6 cm/s,Permeability at pH 7.4 by PAMPA method
2674869,577229,556521,CCCCCCS(=O)(=O)c1cc(Cl)c(C(=O)CCN2CCN(C(C)=O)CC2)cc1Cl,permeability,670,10'-6 cm/s,Permeability at pH 7.4 by PAMPA method
2674870,577229,558240,CCCCCCS(=O)(=O)c1cc(Cl)c(C(=O)CCN2CCOCC2)cc1Cl,permeability,680,10'-6 cm/s,Permeability at pH 7.4 by PAMPA method
2674871,577229,565390,CCCCCCOc1ccc(C(=O)CCN(C)C)cc1F,permeability,700,10'-6 cm/s,Permeability at pH 7.4 by PAMPA method
2674872,577229,565421,CCCCCCOc1cc(Cl)c(C(=O)CCN(C)C)c(Cl)c1,permeability,700,10'-6 cm/s,Permeability at pH 7.4 by PAMPA method
2674873,577229,563628,CCCCCCOc1ccc2c(c1)OCC(CN(C)C)C2=O,permeability,700,10'-6 cm/s,Permeability at pH 7.4 by PAMPA method
2674874,577229,560136,CCCCCCOc1ccc2c(c1)CCC(CN(C)C)C2=O,permeability,710,10'-6 cm/s,Permeability at pH 7.4 by PAMPA method
2674875,577229,565398,CCCCCCOc1ccc(C(=O)CCN(C)C)cc1S(C)(=O)=O,permeability,730,10'-6 cm/s,Permeability at pH 7.4 by PAMPA method
2674876,577229,563607,CCCCCCOc1c(C)cc(C(=O)CCN(C)C)cc1C,permeability,730,10'-6 cm/s,Permeability at pH 7.4 by PAMPA method
2674877,577229,560036,CCCCCCS(=O)(=O)c1cc(Cl)c(C(=O)CCN2CCN(S(=O)(=O)CC)CC2)cc1Cl,permeability,730,10'-6 cm/s,Permeability at pH 7.4 by PAMPA method
2674878,577229,565370,CCCCCCSc1ccc(C(=O)CCN2CCN(S(=O)(=O)CC)CC2)c(Cl)c1,permeability,740,10'-6 cm/s,Permeability at pH 7.4 by PAMPA method
2674879,577229,556579,CCCCCCOc1ccc(C(=O)CCN(C)C)c(C)c1,permeability,750,10'-6 cm/s,Permeability at pH 7.4 by PAMPA method
2674880,577229,565439,CCCCCCS(=O)(=O)c1ccc(C(=O)CCN2CCOCC2)c(Cl)c1,permeability,760,10'-6 cm/s,Permeability at pH 7.4 by PAMPA method
2674881,577229,554801,CCCCCCNC(=O)c1ccc(C(=O)CCN(C)C)cc1,permeability,770,10'-6 cm/s,Permeability at pH 7.4 by PAMPA method
2674882,577229,560119,CCCCCCSc1cc(C)c(C(=O)CCN2CC2C)c(C)c1,permeability,770,10'-6 cm/s,Permeability at pH 7.4 by PAMPA method
2674883,577229,558339,CCCCCCS(=O)(=O)c1ccc(C(=O)CCN2CCN(C(C)=O)CC2)c(Cl)c1Cl,permeability,770,10'-6 cm/s,Permeability at pH 7.4 by PAMPA method
2674884,577229,556525,CCCCCCS(=O)(=O)c1ccc(C(=O)CCN(C)C)cc1,permeability,780,10'-6 cm/s,Permeability at pH 7.4 by PAMPA method
2674885,577229,560058,CCCCCCOc1cc(Cl)c(C(=O)CCN2CC2C)cc1Cl,permeability,810,10'-6 cm/s,Permeability at pH 7.4 by PAMPA method
2674886,577229,556589,CCCCCCSc1cc(Cl)c(C(=O)CCN2CCNC(=O)C2)cc1Cl,permeability,810,10'-6 cm/s,Permeability at pH 7.4 by PAMPA method
2674887,577229,563575,CCCCCCOc1cccc(C(=O)CCN(C)C)c1,permeability,830,10'-6 cm/s,Permeability at pH 7.4 by PAMPA method
2674888,577229,556609,CCCCCCOc1ccc(C(=O)CCN(C)C)cc1-c1ccccc1,permeability,830,10'-6 cm/s,Permeability at pH 7.4 by PAMPA method
2674889,577229,567219,CCCCCCOc1ccc(C(=O)CCN(C)C)c(S(C)(=O)=O)c1,permeability,850,10'-6 cm/s,Permeability at pH 7.4 by PAMPA method
2674890,577229,556602,CCCCCCOc1cc(C(C)C)c(C(=O)CCN(C)C)cc1C,permeability,860,10'-6 cm/s,Permeability at pH 7.4 by PAMPA method
2674891,577229,560079,CCCCCCOc1cc(Cl)c(C(=O)CCN2CCN(S(=O)(=O)CC)CC2)c(Cl)c1,permeability,860,10'-6 cm/s,Permeability at pH 7.4 by PAMPA method
2674892,577229,561871,CCCCCCOc1ccc(C(=O)CCN2CC2C)c(Cl)c1,permeability,870,10'-6 cm/s,Permeability at pH 7.4 by PAMPA method
2674893,577229,565438,CCCCCCOc1ccc(C(=O)C(CN(C)C)c2ccccc2)cc1,permeability,910,10'-6 cm/s,Permeability at pH 7.4 by PAMPA method
2674894,577229,558312,CCCCCCOc1ccc(C(=O)CCN(C)C)cc1C(F)(F)F,permeability,930,10'-6 cm/s,Permeability at pH 7.4 by PAMPA method
2674895,577229,563541,CCCCCCOc1ccc(C(=O)CCN2CCOCC2)c(Cl)c1Cl,permeability,930,10'-6 cm/s,Permeability at pH 7.4 by PAMPA method
2674896,577229,558279,CCCCCCOc1cc(C)c(C(=O)CCN2CC2C)c(C)c1,permeability,930,10'-6 cm/s,Permeability at pH 7.4 by PAMPA method
2674897,577229,560096,CCCCCCOc1ccc(C(=O)CCN(C)C)cc1OC,permeability,950,10'-6 cm/s,Permeability at pH 7.4 by PAMPA method
2674898,577229,567142,CCCCCCS(=O)(=O)c1cc(Cl)c(C(=O)CCN2CC2C)c(Cl)c1,permeability,980,10'-6 cm/s,Permeability at pH 7.4 by PAMPA method
2674899,577229,556593,CCCCCCSc1cc(Cl)c(C(=O)CCN2CCN(C(C)=O)CC2)cc1Cl,permeability,1010,10'-6 cm/s,Permeability at pH 7.4 by PAMPA method
2674900,577229,560050,CCCCCCS(=O)(=O)c1cc(C)c(C(=O)CCN2CCN(S(=O)(=O)CC)CC2)c(C)c1,permeability,1010,10'-6 cm/s,Permeability at pH 7.4 by PAMPA method
2674901,577229,563594,CCCCCCOc1ccc(C(=O)CCN(C)C)cc1Cl,permeability,1020,10'-6 cm/s,Permeability at pH 7.4 by PAMPA method
2674902,577229,558288,CCCCCCOc1ccc(C(=O)CCN(C)C)cc1,permeability,1040,10'-6 cm/s,Permeability at pH 7.4 by PAMPA method
2674903,577229,560097,CCCCCCOc1ccc(C(=O)CCN(C)C)c(OC)c1,permeability,1040,10'-6 cm/s,Permeability at pH 7.4 by PAMPA method
2674904,577229,561948,CCCCCCOc1cc(Cl)c(C(=O)CCN(C)C)cc1Cl,permeability,1040,10'-6 cm/s,Permeability at pH 7.4 by PAMPA method
2674905,577229,565412,CCCCCCSc1cc(Cl)c(C(=O)CCN2CCN(C(C)=O)CC2)c(Cl)c1,permeability,1060,10'-6 cm/s,Permeability at pH 7.4 by PAMPA method
2674906,577229,558289,CCCCCCOc1cc(C)ccc1C(=O)CCN(C)C,permeability,1100,10'-6 cm/s,Permeability at pH 7.4 by PAMPA method
2674907,577229,563629,CCCCCCS(=O)(=O)c1ccc(C(=O)CCN2CCNC(=O)C2)c(Cl)c1Cl,permeability,1100,10'-6 cm/s,Permeability at pH 7.4 by PAMPA method
2674908,577229,563534,CCCCCCS(=O)(=O)c1cc(C)c(C(=O)CCN2CCOCC2)c(C)c1,permeability,1140,10'-6 cm/s,Permeability at pH 7.4 by PAMPA method
2674909,577229,558256,CCCCCCS(=O)(=O)c1cc(C)c(C(=O)CCN2CC2C)c(C)c1,permeability,1200,10'-6 cm/s,Permeability at pH 7.4 by PAMPA method
2674910,577229,556578,CCCCCCOc1ccc(C(=O)CCN(C)C)cc1C,permeability,1230,10'-6 cm/s,Permeability at pH 7.4 by PAMPA method
2674911,577229,565437,CCCCCCOc1ccc(C(=O)C(CN(C)C)C(C)C)cc1,permeability,1260,10'-6 cm/s,Permeability at pH 7.4 by PAMPA method
2674912,577229,563581,CCCCCCOc1ccc(C(=O)CCN(C)C)cc1SC,permeability,1270,10'-6 cm/s,Permeability at pH 7.4 by PAMPA method
2674913,577229,567252,CCCCCCOc1ccc(C(=O)CCN2CCCC2)cc1,permeability,1280,10'-6 cm/s,Permeability at pH 7.4 by PAMPA method
2674914,577229,561865,CCCCCCOc1ccc(C(=O)CCN2C(=O)CCC2=O)cc1,permeability,1300,10'-6 cm/s,Permeability at pH 7.4 by PAMPA method
2674915,577229,556588,CCCCCCSc1cc(Cl)c(C(=O)CCN2CCOCC2)cc1Cl,permeability,1310,10'-6 cm/s,Permeability at pH 7.4 by PAMPA method
2674916,577229,567232,CCCCCCOc1ccc(C(=O)CCN(C)C)cc1[N+](=O)[O-],permeability,1340,10'-6 cm/s,Permeability at pH 7.4 by PAMPA method
2674917,577229,565436,CCCCCCOc1ccc(C(=O)C(C)CN(C)C)cc1,permeability,1350,10'-6 cm/s,Permeability at pH 7.4 by PAMPA method
2674918,577229,565369,CCCCCCSc1ccc(C(=O)CCN2CCNC(=O)C2)c(Cl)c1,permeability,1360,10'-6 cm/s,Permeability at pH 7.4 by PAMPA method
2674919,577229,563557,CCCCCCOc1cc(Cl)c(C(=O)CCN2CCNC(=O)C2)c(Cl)c1,permeability,1380,10'-6 cm/s,Permeability at pH 7.4 by PAMPA method
2674920,577229,560135,CCCCCCOc1ccc2cc(C(=O)CCN(C)C)ccc2c1,permeability,1420,10'-6 cm/s,Permeability at pH 7.4 by PAMPA method
2674921,577229,558290,CCCCCCSc1ccc(C(=O)CCN2CCN(C(C)=O)CC2)c(Cl)c1,permeability,1420,10'-6 cm/s,Permeability at pH 7.4 by PAMPA method
2674922,577229,563582,CCCCCCOc1ccc(C(=O)CCN(C)C)c(SC)c1,permeability,1450,10'-6 cm/s,Permeability at pH 7.4 by PAMPA method
2675612,577229,565319,CCCCCCSc1ccc(C(=O)CCN(C)C)cc1,permeability,1470,10'-6 cm/s,Permeability at pH 7.4 by PAMPA method
2675613,577229,556518,CCCCCCOc1ccc(C(=O)CCn2ccnc2)cc1,permeability,1490,10'-6 cm/s,Permeability at pH 7.4 by PAMPA method
2675614,577229,561890,CCCCCCOc1cc(Cl)c(C(=O)CCN2CCN(C(C)=O)CC2)cc1Cl,permeability,1540,10'-6 cm/s,Permeability at pH 7.4 by PAMPA method
2675615,577229,563561,CCCCCCOc1cc(C)c(C(=O)CCN2CCN(C(C)=O)CC2)c(C)c1,permeability,1550,10'-6 cm/s,Permeability at pH 7.4 by PAMPA method
2675616,577229,563583,CCCCCCSc1ccc(C(=O)CCN2CCNC(=O)C2)c(Cl)c1Cl,permeability,1600,10'-6 cm/s,Permeability at pH 7.4 by PAMPA method
2675617,577229,554900,CCCCCCOc1ccc(C(=O)CCN2CC2C)cc1,permeability,1660,10'-6 cm/s,Permeability at pH 7.4 by PAMPA method
2675618,577229,563552,CCCCCCOc1cc(Cl)c(C(=O)CCN2CCOCC2)cc1Cl,permeability,1770,10'-6 cm/s,Permeability at pH 7.4 by PAMPA method
2675619,577229,554788,CCCCCCOc1ccc(C(=O)CCN2CCOCC2)cc1,permeability,1790,10'-6 cm/s,Permeability at pH 7.4 by PAMPA method
2675620,577229,554803,CCCCCCS(=O)(=O)c1cc(C)c(C(=O)CCN(C)C)c(C)c1,permeability,1880,10'-6 cm/s,Permeability at pH 7.4 by PAMPA method
2675621,577229,554861,CCCCCCOc1ccc(C(=O)CCN(C)C)c(Cl)c1,permeability,1960,10'-6 cm/s,Permeability at pH 7.4 by PAMPA method
2675622,577229,561908,CCCCCCSc1ccc(C(=O)CCN2CCOCC2)c(Cl)c1,permeability,2050,10'-6 cm/s,Permeability at pH 7.4 by PAMPA method
2675623,577229,203777,CCCCCCOc1ccc(C(=O)CCN2CCCCC2)cc1,permeability,2130,10'-6 cm/s,Permeability at pH 7.4 by PAMPA method
2675624,577229,561967,CCCCCCOc1ccc(C(=O)CCN2CCN(C)CC2)cc1,permeability,2300,10'-6 cm/s,Permeability at pH 7.4 by PAMPA method
2675625,577229,558297,CCCCCCSc1ccc(C(=O)CCN2CCN(C(C)=O)CC2)c(Cl)c1Cl,permeability,2300,10'-6 cm/s,Permeability at pH 7.4 by PAMPA method
2675630,577229,567170,CCCCCCOc1ccc(C(=O)CCN2CCN(S(=O)(=O)CC)CC2)c(Cl)c1Cl,permeability,1,10'-6 cm/s,Permeability at pH 7.4 by PAMPA method
2675631,577229,565340,CCCCCCOc1cc(Cl)c(C(=O)CCN2CC2C)c(Cl)c1,permeability,1,10'-6 cm/s,Permeability at pH 7.4 by PAMPA method
2675632,577229,563556,CCCCCCOc1cc(Cl)c(C(=O)CCN2CCOCC2)c(Cl)c1,permeability,1,10'-6 cm/s,Permeability at pH 7.4 by PAMPA method
2675931,577229,554805,CCCCCCCc1ccc(C(=O)CCN(C)C)cc1,permeability,1550,10'-6 cm/s,Permeability at pH 7.4 by PAMPA method
2702273,581437,491930,O=C(NC1CC2CCC(C1)N2Cc1ccc2cc(F)ccc2c1)c1ccccc1-c1ccccc1,permeability,30,10'-6 cm/s,Permeability by PAMPA
2702294,581437,560833,O=C(NC1CC2CCC(C1)N2Cc1ccc2cc(F)ccc2c1)c1cc[n+]([O-])cc1C(=O)N1CCCCC1,permeability,4.7,10'-6 cm/s,Permeability by PAMPA
2702295,581437,558927,O=C(C=C1CCN(C(=O)c2ccccc2)CC1)N[C@@H]1CCN(Cc2ccc3cc(F)ccc3c2)C1,permeability,19.9,10'-6 cm/s,Permeability by PAMPA
2702364,581437,555536,Cc1ccc(C(=O)N2CCC(=CC(=O)N[C@@H]3CCN(Cc4ccc5cc(F)ccc5c4)C3)CC2)c(O)c1,permeability,27.3,10'-6 cm/s,Permeability by PAMPA
2705426,581533,558792,Cc1ccc2c(=O)n(C(c3ccccc3)c3ccccc3)c(=O)n(C/C=C/COc3ccc(C(=O)O)cc3)c2c1,permeability,2,10'-6 cm/s,Permeability in buffer of pH 7.4 by PAMPA
2705427,581533,560611,Nc1ccc2c(=O)n(C(c3ccccc3)c3ccccc3)c(=O)n(C/C=C/COc3ccc(C(=O)O)cc3)c2c1,permeability,0.4,10'-6 cm/s,Permeability in buffer of pH 7.4 by PAMPA
2705428,581533,567724,O=C(O)c1ccc(OC/C=C/Cn2c(=O)n(C(c3ccccc3)c3ccccc3)c(=O)c3ccc([N+](=O)[O-])cc32)cc1,permeability,2.6,10'-6 cm/s,Permeability in buffer of pH 7.4 by PAMPA
2705429,581533,555336,O=C(O)c1ccc(OC/C=C/Cn2c(=O)n(C(c3ccccc3)c3ccccc3)c(=O)c3ccc(-n4cncn4)cc32)cc1,permeability,1.6,10'-6 cm/s,Permeability in buffer of pH 7.4 by PAMPA
2705430,581533,558786,COC(=O)C1CCN(c2ccc3c(=O)n(C(c4ccccc4)c4ccccc4)c(=O)n(C/C=C/COc4ccc(C(=O)O)cc4)c3c2)CC1,permeability,1,10'-6 cm/s,Permeability in buffer of pH 7.4 by PAMPA
2705431,581533,557064,O=C(O)c1ccc(OC/C=C/Cn2c(=O)n(C(c3ccccc3)c3ccccc3)c(=O)c3ccc(N4CCOCC4)cc32)cc1,permeability,1,10'-6 cm/s,Permeability in buffer of pH 7.4 by PAMPA
2705432,581533,567723,O=C(O)c1ccc(OC/C=C/Cn2c(=O)n(C(c3ccccc3)c3ccccc3)c(=O)c3ccc(Oc4ccccc4)cc32)cc1,permeability,0,10'-6 cm/s,Permeability in buffer of pH 7.4 by PAMPA
2705433,581533,557063,COc1ccc2c(=O)n(C(c3ccccc3)c3ccccc3)c(=O)n(C/C=C/COc3ccc(C(=O)O)cc3)c2c1,permeability,1.8,10'-6 cm/s,Permeability in buffer of pH 7.4 by PAMPA
2705434,581533,562412,O=C(O)c1ccc(OC/C=C/Cn2c(=O)n(C(c3ccccc3)c3ccccc3)c(=O)c3ccc(Sc4ccccc4)cc32)cc1,permeability,0,10'-6 cm/s,Permeability in buffer of pH 7.4 by PAMPA
2705435,581533,558785,CS(=O)(=O)c1ccc2c(=O)n(C(c3ccccc3)c3ccccc3)c(=O)n(C/C=C/COc3ccc(C(=O)O)cc3)c2c1,permeability,0.3,10'-6 cm/s,Permeability in buffer of pH 7.4 by PAMPA
2705436,581533,564094,CSc1ccc2c(=O)n(C(c3ccccc3)c3ccccc3)c(=O)n(C/C=C/COc3ccc(C(=O)O)cc3)c2c1,permeability,4.5,10'-6 cm/s,Permeability in buffer of pH 7.4 by PAMPA
2711235,582342,567879,O=C(NC[C@@H](NS(=O)(=O)c1cccc(Cl)c1Cl)C(=O)O)c1ccsc1,permeability,0.046,10'6cm/s,Membrane permeability by PAMPA assay
2711237,582342,562522,Cc1cc(C)c(S(=O)(=O)N[C@H](CNC(=O)c2coc(C)n2)C(=O)O)c(C)c1,permeability,0.1,10'6cm/s,Membrane permeability by PAMPA assay
2711243,582342,567857,Cc1cc(C)c(S(=O)(=O)N[C@H](CNC(=O)c2ccnn2C)C(=O)O)c(C)c1,permeability,0.021,10'6cm/s,Membrane permeability by PAMPA assay
2711295,582342,555330,Cc1cc(C)c(S(=O)(=O)N[C@H](CNCC(=O)c2ccoc2)C(=O)O)c(C)c1,permeability,0.45,10'6cm/s,Membrane permeability by PAMPA assay
2711296,582342,557068,Cc1cc(C)c(S(=O)(=O)N[C@H](CN2Cc3ccccc3C2=O)C(=O)O)c(C)c1,permeability,0.8,10'6cm/s,Membrane permeability by PAMPA assay
2711297,582342,557069,COc1ccccc1C(=O)NC[C@@H](NS(=O)(=O)c1c(C)cc(C)cc1C)C(=O)O,permeability,4.6,10'6cm/s,Membrane permeability by PAMPA assay
2726455,583407,1370,CC(C)NCC(O)COc1cccc2ccccc12,Papp,0.21,10'6cm/s,Apparent permeability at pH 7.4 after 24 hrs by PAMPA method
2726456,583407,16591,CC(C(=O)O)c1cccc(C(=O)c2ccccc2)c1,Papp,0.41,10'6cm/s,Apparent permeability at pH 7.4 after 24 hrs by PAMPA method
2726457,583407,555972,CC1=C(C(=O)O)N2C(=O)[C@@H](NC(=O)[C@H](N)c3ccccc3)[C@H]2SC1,Papp,0.015,10'6cm/s,Apparent permeability at pH 7.4 after 24 hrs by PAMPA method
2726458,583407,2046,NS(=O)(=O)c1cc(C(=O)O)c(NCc2ccco2)cc1Cl,Papp,0.002,10'6cm/s,Apparent permeability at pH 7.4 after 24 hrs by PAMPA method
2726459,583407,27340,O=C(N[C@H](CO)[C@H](O)c1ccc([N+](=O)[O-])cc1)C(Cl)Cl,Papp,0.092,10'6cm/s,Apparent permeability at pH 7.4 after 24 hrs by PAMPA method
2726460,583407,15086,NC(=O)N1c2ccccc2C=Cc2ccccc21,Papp,1.58,10'6cm/s,Apparent permeability at pH 7.4 after 24 hrs by PAMPA method
2726461,583407,16450,CC(=O)Nc1ccc(O)cc1,Papp,0.3,10'6cm/s,Apparent permeability at pH 7.4 after 24 hrs by PAMPA method
2726462,583407,16485,Cn1c(=O)c2c(ncn2C)n(C)c1=O,Papp,1.77,10'6cm/s,Apparent permeability at pH 7.4 after 24 hrs by PAMPA method
2726986,583407,61511,CSc1nc(NCc2ccccc2)c2cnn(CC(Cl)c3ccccc3)c2n1,Papp,3.98,10'6cm/s,Apparent permeability at pH 7.4 after 24 hrs by PAMPA method
2726987,583407,402627,CSc1nc(Nc2ccccc2)c2cnn(CC(Cl)c3ccccc3)c2n1,Papp,3.31,10'6cm/s,Apparent permeability at pH 7.4 after 24 hrs by PAMPA method
2726988,583407,402614,CSc1nc(NCc2cccc(F)c2)c2cnn(CC(Cl)c3ccccc3)c2n1,Papp,3.09,10'6cm/s,Apparent permeability at pH 7.4 after 24 hrs by PAMPA method
2726989,583407,60573,CSc1nc(NCCc2ccccc2)c2cnn(CC(Cl)c3ccccc3)c2n1,Papp,2.57,10'6cm/s,Apparent permeability at pH 7.4 after 24 hrs by PAMPA method
2726990,583407,402613,CSc1nc(NCc2ccccc2F)c2cnn(CC(Cl)c3ccccc3)c2n1,Papp,2.51,10'6cm/s,Apparent permeability at pH 7.4 after 24 hrs by PAMPA method
2726991,583407,402616,CSc1nc(NCc2ccc(F)cc2)c2cnn(CC(Cl)c3ccccc3)c2n1,Papp,1.99,10'6cm/s,Apparent permeability at pH 7.4 after 24 hrs by PAMPA method
2726992,583407,402622,CSc1nc(NCc2ccccc2)c2cnn(CC(Cl)c3ccc(F)cc3)c2n1,Papp,2.39,10'6cm/s,Apparent permeability at pH 7.4 after 24 hrs by PAMPA method
2726993,583407,402604,CSc1nc(NCc2ccccc2Cl)c2cnn(CC(Cl)c3ccccc3)c2n1,Papp,1.44,10'6cm/s,Apparent permeability at pH 7.4 after 24 hrs by PAMPA method
2726994,583407,564602,COc1ccc(CNc2nc(SC)nc3c2cnn3CC(Cl)c2ccccc2)cc1,Papp,1.5,10'6cm/s,Apparent permeability at pH 7.4 after 24 hrs by PAMPA method
2726995,583407,402620,CSc1nc(NCc2ccccc2)c2cnn(CC(Cl)c3ccc(Cl)cc3)c2n1,Papp,1.35,10'6cm/s,Apparent permeability at pH 7.4 after 24 hrs by PAMPA method
2726996,583407,402599,CCSc1nc(NCCc2ccccc2)c2cnn(CC(Cl)c3ccccc3)c2n1,Papp,1.26,10'6cm/s,Apparent permeability at pH 7.4 after 24 hrs by PAMPA method
2726997,583407,402579,CSc1nc(NCCc2cccc(F)c2)c2cnn(CC(Cl)c3ccccc3)c2n1,Papp,0.87,10'6cm/s,Apparent permeability at pH 7.4 after 24 hrs by PAMPA method
2726998,583407,402580,CSc1nc(NCCc2ccccc2Cl)c2cnn(CC(Cl)c3ccccc3)c2n1,Papp,0.77,10'6cm/s,Apparent permeability at pH 7.4 after 24 hrs by PAMPA method
2726999,583407,402596,CSc1nc(NCCc2ccccc2)c2cnn(CC(Cl)c3ccc(Cl)cc3)c2n1,Papp,0.74,10'6cm/s,Apparent permeability at pH 7.4 after 24 hrs by PAMPA method
2727000,583407,402623,CSc1nc(Nc2cccc(Cl)c2)c2cnn(CC(Cl)c3ccccc3)c2n1,Papp,0.72,10'6cm/s,Apparent permeability at pH 7.4 after 24 hrs by PAMPA method
2727001,583407,402589,CSc1nc(NCCc2ccc(C)cc2)c2cnn(CC(Cl)c3ccccc3)c2n1,Papp,0.56,10'6cm/s,Apparent permeability at pH 7.4 after 24 hrs by PAMPA method
2727002,583407,566385,CSc1nc(NCCc2ccc(Cl)cc2)c2cnn(CC(Cl)c3ccccc3)c2n1,Papp,0.56,10'6cm/s,Apparent permeability at pH 7.4 after 24 hrs by PAMPA method
2727003,583407,402632,CSc1nc(Nc2cccc(Br)c2)c2cnn(CC(Cl)c3ccc(F)cc3)c2n1,Papp,0.49,10'6cm/s,Apparent permeability at pH 7.4 after 24 hrs by PAMPA method
2727004,583407,402582,CSc1nc(NCCc2cccc(Cl)c2)c2cnn(CC(Cl)c3ccccc3)c2n1,Papp,0.46,10'6cm/s,Apparent permeability at pH 7.4 after 24 hrs by PAMPA method
2727005,583407,402626,CSc1nc(Nc2cccc(Br)c2)c2cnn(CC(Cl)c3ccccc3)c2n1,Papp,0.44,10'6cm/s,Apparent permeability at pH 7.4 after 24 hrs by PAMPA method
2727006,583407,402629,CCSc1nc(Nc2cccc(Cl)c2)c2cnn(CC(Cl)c3ccccc3)c2n1,Papp,0.26,10'6cm/s,Apparent permeability at pH 7.4 after 24 hrs by PAMPA method
2727007,583407,402630,CCCSc1nc(Nc2cccc(Cl)c2)c2cnn(CC(Cl)c3ccccc3)c2n1,Papp,0.08,10'6cm/s,Apparent permeability at pH 7.4 after 24 hrs by PAMPA method
2727042,583407,381693,Cn1c(=O)c2[nH]cnc2n(C)c1=O,Papp,0.56,10'6cm/s,Apparent permeability at pH 7.4 after 24 hrs by PAMPA method
2727043,583407,394165,CC(=O)CC(c1ccccc1)c1c(O)c2ccccc2oc1=O,Papp,0.015,10'6cm/s,Apparent permeability at pH 7.4 after 24 hrs by PAMPA method
2725832,585790,561046,C[C@@]1(c2nc(C(=O)NCc3ccc(F)cc3)c(O)c(=O)[nH]2)CCCN1,permeability,6.4,10'6cm/s,Passive membrane permeability across the PAMPA using pre coated plate based method
2725835,585790,562829,CC(=O)N1CCC[C@@]1(C)c1nc(C(=O)NCc2ccc(F)cc2)c(O)c(=O)[nH]1,permeability,12.2,10'6cm/s,Passive membrane permeability across the PAMPA using pre coated plate based method
2725838,585790,561056,CC1(c2nc(C(=O)NCc3ccc(F)cc3)c(O)c(=O)[nH]2)CCCCN1,permeability,1.9,10'6cm/s,Passive membrane permeability across the PAMPA using pre coated plate based method
2726545,585790,377699,O=C(NCc1ccc(F)cc1)c1nc(C2CCCCN2)nc(O)c1O,permeability,0.07,10'6cm/s,Passive membrane permeability across the PAMPA using pre coated plate based method
2726512,585790,564550,CN1CCCCC1(C)c1nc(C(=O)NCc2ccc(F)cc2)c(O)c(=O)[nH]1,permeability,2.2,10'6cm/s,Passive membrane permeability across the PAMPA using pre coated plate based method
2726515,585790,568190,CC(=O)N1CCCCC1(C)c1nc(C(=O)NCc2ccc(F)cc2)c(O)c(=O)[nH]1,permeability,6.3,10'6cm/s,Passive membrane permeability across the PAMPA using pre coated plate based method
2726518,585790,561057,Cc1nc(C)c(C(=O)N2CCCCC2(C)c2nc(C(=O)NCc3ccc(F)cc3)c(O)c(=O)[nH]2)s1,permeability,40.5,10'6cm/s,Passive membrane permeability across the PAMPA using pre coated plate based method
2726521,585790,555785,CN1CCCCC1(C)c1nc(C(=O)NCc2ccc(F)cc2)c(O)c(=O)n1C,permeability,15.3,10'6cm/s,Passive membrane permeability across the PAMPA using pre coated plate based method
2726524,585790,555786,CC(=O)N1CCN(C)CC1(C)c1nc(C(=O)NCc2ccc(F)cc2)c(O)c(=O)[nH]1,permeability,21.3,10'6cm/s,Passive membrane permeability across the PAMPA using pre coated plate based method
2726527,585790,564535,CN1CCN(C(=O)c2cnccn2)C(C)(c2nc(C(=O)NCc3ccc(F)cc3)c(O)c(=O)[nH]2)C1,permeability,5.4,10'6cm/s,Passive membrane permeability across the PAMPA using pre coated plate based method
2726530,585790,561041,CC(=O)N1CCN(C)C(C)(c2nc(C(=O)NCc3ccc(F)cc3)c(O)c(=O)n2C)C1,permeability,5.7,10'6cm/s,Passive membrane permeability across the PAMPA using pre coated plate based method
2726533,585790,566328,CN1CCN(S(=O)(=O)N(C)C)CC1(C)c1nc(C(=O)NCc2ccc(F)cc2)c(O)c(=O)n1C,permeability,57.6,10'6cm/s,Passive membrane permeability across the PAMPA using pre coated plate based method
2726536,585790,568177,CN1CCN(S(C)(=O)=O)CC1(C)c1nc(C(=O)NCc2ccc(F)cc2)c(O)c(=O)n1C,permeability,34.3,10'6cm/s,Passive membrane permeability across the PAMPA using pre coated plate based method
2726539,585790,557510,O=C(NCc1ccc(F)cc1)c1nc(C2CCCN2)[nH]c(=O)c1O,permeability,0.7,10'6cm/s,Passive membrane permeability across the PAMPA using pre coated plate based method
2726542,585790,555787,CC(=O)N1CCCC1c1nc(C(=O)NCc2ccc(F)cc2)c(O)c(=O)[nH]1,permeability,3.5,10'6cm/s,Passive membrane permeability across the PAMPA using pre coated plate based method
2726548,585790,361188,CN1CCCCC1c1nc(O)c(O)c(C(=O)NCc2ccc(F)cc2)n1,permeability,0.7,10'6cm/s,Passive membrane permeability across the PAMPA using pre coated plate based method
2726551,585790,564536,CC(=O)N1CCCCC1c1nc(C(=O)NCc2ccc(F)cc2)c(O)c(=O)[nH]1,permeability,3.74,10'6cm/s,Passive membrane permeability across the PAMPA using pre coated plate based method
2726554,585790,555788,Cc1nc(C)c(C(=O)N2CCCCC2c2nc(C(=O)NCc3ccc(F)cc3)c(O)c(=O)[nH]2)s1,permeability,5.7,10'6cm/s,Passive membrane permeability across the PAMPA using pre coated plate based method
2726557,585790,361209,CN1CCCCC1c1nc(C(=O)NCc2ccc(F)cc2)c(O)c(=O)n1C,permeability,15.1,10'6cm/s,Passive membrane permeability across the PAMPA using pre coated plate based method
2726560,585790,557511,CC(=O)N1CCN(C)CC1c1nc(C(=O)NCc2ccc(F)cc2)c(O)c(=O)[nH]1,permeability,0.4,10'6cm/s,Passive membrane permeability across the PAMPA using pre coated plate based method
2726563,585790,555789,CN1CCN(C(=O)c2cnccn2)C(c2nc(C(=O)NCc3ccc(F)cc3)c(O)c(=O)[nH]2)C1,permeability,0.4,10'6cm/s,Passive membrane permeability across the PAMPA using pre coated plate based method
2726566,585790,390497,CC(=O)N1CCN(C)C(c2nc(C(=O)NCc3ccc(F)cc3)c(O)c(=O)n2C)C1,permeability,2.3,10'6cm/s,Passive membrane permeability across the PAMPA using pre coated plate based method
2726569,585790,390510,CN1CCN(S(=O)(=O)N(C)C)CC1c1nc(C(=O)NCc2ccc(F)cc2)c(O)c(=O)n1C,permeability,3.2,10'6cm/s,Passive membrane permeability across the PAMPA using pre coated plate based method
2726572,585790,390508,CN1CCN(S(C)(=O)=O)CC1c1nc(C(=O)NCc2ccc(F)cc2)c(O)c(=O)n1C,permeability,2.4,10'6cm/s,Passive membrane permeability across the PAMPA using pre coated plate based method
2726573,585790,1219,COc1ccc(CCN(C)CCCC(C#N)(c2ccc(OC)c(OC)c2)C(C)C)cc1OC,permeability,49.9,10'6cm/s,Passive membrane permeability across the PAMPA using pre coated plate based method
2726574,585790,381693,Cn1c(=O)c2[nH]cnc2n(C)c1=O,permeability,5.4,10'6cm/s,Passive membrane permeability across the PAMPA using pre coated plate based method
2939317,592390,1125,CC(=O)Nc1nnc(S(N)(=O)=O)s1,permeability,0.15,10'-6 cm/s,Apparent effective permeability by PAMPA method
2939318,592390,575118,NS(=O)(=O)[C@@H]1O[C@H](CO)[C@@H](O[C@H]2O[C@H](CO)[C@@H](O)[C@H](O)[C@H]2O)[C@H](O)[C@H]1O,permeability,0.5,10'-6 cm/s,Apparent effective permeability by PAMPA method
2939319,592390,575076,NS(=O)(=O)[C@@H]1O[C@H](CO)[C@@H](O)[C@H](O)[C@H]1O,permeability,0.4,10'-6 cm/s,Apparent effective permeability by PAMPA method
2939320,592390,575058,CC(=O)OC[C@H]1O[C@@H](S(N)(=O)=O)[C@H](OC(C)=O)[C@@H](OC(C)=O)[C@@H]1O[C@H]1O[C@H](COC(C)=O)[C@@H](OC(C)=O)[C@H](OC(C)=O)[C@H]1OC(C)=O,permeability,0.02,10'-6 cm/s,Apparent effective permeability by PAMPA method
2939321,592390,575039,CC(=O)OC[C@H]1O[C@@H](S(N)(=O)=O)[C@H](OC(C)=O)[C@@H](OC(C)=O)[C@@H]1OC(C)=O,permeability,0.1,10'-6 cm/s,Apparent effective permeability by PAMPA method
2939322,592390,366279,CC1(C)O[C@@H]2[C@@H](CO[C@@]3(COS(N)(=O)=O)OC(C)(C)O[C@@H]23)O1,permeability,0.54,10'-6 cm/s,Apparent effective permeability by PAMPA method
2982240,597542,579948,CNc1nc(NCc2ccc(NC(=O)c3ccc(C(F)(F)F)cc3)cc2)c2ccccc2n1,permeability,5.3,10'-6 cm/s,Membrane permeability by PAMPA
2982241,597542,579949,CNc1nc(NCc2ccc(NC(=O)c3cccc(Cl)c3)cc2)c2ccccc2n1,permeability,3,10'-6 cm/s,Membrane permeability by PAMPA
2982235,597542,579852,CNc1nc(NCc2ccc(NC(=O)c3ccc(F)cc3)cc2)c2ccccc2n1,permeability,4.2,10'-6 cm/s,Membrane permeability by PAMPA
2982236,597542,579853,CNc1nc(NCc2ccc(NC(=O)c3ccc(Cl)nc3)cc2)c2ccccc2n1,permeability,0,10'-6 cm/s,Membrane permeability by PAMPA
2982237,597542,579866,CNc1nc(NCc2ccc(NC(=O)c3ccc(Cl)cc3)cc2)c2ccccc2n1,permeability,1.4,10'-6 cm/s,Membrane permeability by PAMPA
2982238,597542,579878,CNc1nc(NCc2ccc(NC(=O)c3ccc(-c4ccccc4)cc3)cc2)c2ccccc2n1,permeability,1.2,10'-6 cm/s,Membrane permeability by PAMPA
2982239,597542,579897,CNc1nc(NCc2ccc(NC(=O)c3ccnc(Cl)c3)cc2)c2ccccc2n1,permeability,0,10'-6 cm/s,Membrane permeability by PAMPA
2982242,597542,579957,CNc1nc(NCc2ccc(NC(=O)c3ccc(C#N)cc3)cc2)c2ccccc2n1,permeability,0.2,10'-6 cm/s,Membrane permeability by PAMPA
2982243,597542,579958,CNc1nc(NCc2ccc(NC(=O)c3ccc(C)cc3)cc2)c2ccccc2n1,permeability,5.8,10'-6 cm/s,Membrane permeability by PAMPA
2982244,597542,579823,CNc1nc(NCc2ccc(NC(=O)c3ccc(F)cc3)cc2)c2cccc(C)c2n1,permeability,4.2,10'-6 cm/s,Membrane permeability by PAMPA
2982245,597542,579867,CNc1nc(NCc2ccc(NC(=O)c3ccc(F)cc3)cc2)c2ccc(C)cc2n1,permeability,0,10'-6 cm/s,Membrane permeability by PAMPA
2982246,597542,579868,CNc1nc(NCc2ccc(NC(=O)c3ccc(F)cc3)cc2)c2cc(C)ccc2n1,permeability,1.3,10'-6 cm/s,Membrane permeability by PAMPA
2982247,597542,579950,CNc1nc(NCc2ccc(NC(=O)c3ccc(F)cc3)cc2)c2c(C)cccc2n1,permeability,2.6,10'-6 cm/s,Membrane permeability by PAMPA
2982248,597542,579951,CNc1nc(NCc2ccc(NC(=O)c3ccc(Cl)cc3)cc2)c2cccc(C)c2n1,permeability,0,10'-6 cm/s,Membrane permeability by PAMPA
2982249,597542,579966,CNc1nc(NCc2ccc(NC(=O)c3ccc(Cl)cc3)cc2)c2ccc(C)cc2n1,permeability,0,10'-6 cm/s,Membrane permeability by PAMPA
2982250,597542,579967,CNc1nc(NCc2ccc(NC(=O)c3ccc(Cl)cc3)cc2)c2cc(C)ccc2n1,permeability,2.4,10'-6 cm/s,Membrane permeability by PAMPA
2982251,597542,579839,CNc1nc(NCc2ccc(NC(=O)c3ccc(Cl)cc3)cc2)c2c(C)cccc2n1,permeability,0.9,10'-6 cm/s,Membrane permeability by PAMPA
2982252,597542,579840,CNc1nc(NCc2ccc(NC(=O)c3ccc(Cl)nc3)cc2)c2c(C)cccc2n1,permeability,0.2,10'-6 cm/s,Membrane permeability by PAMPA
2982253,597542,579854,CNc1nc(NCc2ccc(NC(=O)c3ccc(Cl)nc3)cc2)c2ccc(C)cc2n1,permeability,0.3,10'-6 cm/s,Membrane permeability by PAMPA
2982254,597542,579855,CNc1nc(NCc2ccc(NC(=O)c3ccc(Cl)nc3)cc2)c2cc(C)ccc2n1,permeability,0,10'-6 cm/s,Membrane permeability by PAMPA
2982255,597542,579891,CNc1nc(NCc2ccc(NC(=O)c3ccc(Cl)nc3)cc2)c2cccc(C)c2n1,permeability,1.4,10'-6 cm/s,Membrane permeability by PAMPA
2982256,597542,579898,Cc1ccc2c(NCc3ccc(NC(=O)c4ccc(F)cc4)cc3)nc(N(C)C)nc2c1,permeability,1.6,10'-6 cm/s,Membrane permeability by PAMPA
2982257,597542,579909,CCCNc1nc(NCc2ccc(NC(=O)c3ccc(F)cc3)cc2)c2ccc(C)cc2n1,permeability,0,10'-6 cm/s,Membrane permeability by PAMPA
2982258,597542,579923,Cc1ccc2c(NCc3ccc(NC(=O)c4ccc(F)cc4)cc3)nc(N3CCC3)nc2c1,permeability,1.5,10'-6 cm/s,Membrane permeability by PAMPA
2982259,597542,579968,Cc1ccc2c(NCc3ccc(NC(=O)c4ccc(F)cc4)cc3)nc(N3CCCC3)nc2c1,permeability,0.5,10'-6 cm/s,Membrane permeability by PAMPA
2982260,597542,579869,Cc1ccc2c(NCc3ccc(NC(=O)c4ccc(F)cc4)cc3)nc(N3CCCCC3)nc2c1,permeability,2,10'-6 cm/s,Membrane permeability by PAMPA
2982261,597542,579899,Cc1ccc2c(NCc3ccc(NC(=O)c4ccc(F)cc4)cc3)nc(N3CCNCC3)nc2c1,permeability,0.1,10'-6 cm/s,Membrane permeability by PAMPA
2982262,597542,579952,Cc1ccc2c(NCc3ccc(NC(=O)c4ccc(F)cc4)cc3)nc(N3CCN[C@H](C)C3)nc2c1,permeability,0.4,10'-6 cm/s,Membrane permeability by PAMPA
2982263,597542,579959,Cc1ccc2c(NCc3ccc(NC(=O)c4ccc(F)cc4)cc3)nc(N3CCNC(C)(C)C3)nc2c1,permeability,0.02,10'-6 cm/s,Membrane permeability by PAMPA
2982264,597542,579826,Cc1ccc2c(NCc3ccc(NC(=O)c4ccc(F)cc4)cc3)nc(N3CCN(C)CC3)nc2c1,permeability,4.4,10'-6 cm/s,Membrane permeability by PAMPA
2982265,597542,579862,Cc1ccc2c(NCc3ccc(NC(=O)c4ccc(F)cc4)cc3)nc(N3CCOCC3)nc2c1,permeability,0,10'-6 cm/s,Membrane permeability by PAMPA
2982266,597542,579870,CN(C)c1nc(NCc2ccc(NC(=O)c3ccc(F)cc3)cc2)c2ccc(I)cc2n1,permeability,0,10'-6 cm/s,Membrane permeability by PAMPA
2982267,597542,579885,CN(C)c1nc(NCc2ccc(NC(=O)c3ccc(F)cc3)cc2)c2ccc(C#N)cc2n1,permeability,5.6,10'-6 cm/s,Membrane permeability by PAMPA
2982268,597542,579886,CC(=O)c1ccc2c(NCc3ccc(NC(=O)c4ccc(F)cc4)cc3)nc(N(C)C)nc2c1,permeability,0.7,10'-6 cm/s,Membrane permeability by PAMPA
2982269,597542,579900,CC(O)c1ccc2c(NCc3ccc(NC(=O)c4ccc(F)cc4)cc3)nc(N(C)C)nc2c1,permeability,0.1,10'-6 cm/s,Membrane permeability by PAMPA
2982270,597542,579901,CN(C)c1nc(NCc2ccc(NC(=O)c3ccc(F)cc3)cc2)c2ccc(C=O)cc2n1,permeability,0,10'-6 cm/s,Membrane permeability by PAMPA
2982271,597542,579910,CN(C)c1nc(NCc2ccc(NC(=O)c3ccc(F)cc3)cc2)c2ccc(CO)cc2n1,permeability,0,10'-6 cm/s,Membrane permeability by PAMPA
2982272,597542,579911,CN(C)Cc1ccc2c(NCc3ccc(NC(=O)c4ccc(F)cc4)cc3)nc(N(C)C)nc2c1,permeability,0.4,10'-6 cm/s,Membrane permeability by PAMPA
2982273,597542,579924,C=Cc1ccc2c(NCc3ccc(NC(=O)c4ccc(F)cc4)cc3)nc(N(C)C)nc2c1,permeability,1.1,10'-6 cm/s,Membrane permeability by PAMPA
2982274,597542,579925,CCc1ccc2c(NCc3ccc(NC(=O)c4ccc(F)cc4)cc3)nc(N(C)C)nc2c1,permeability,0.3,10'-6 cm/s,Membrane permeability by PAMPA
3021672,598625,578585,CC(C)(C)[C@H]1C(O)=C(C2=CS(=O)(=O)c3cc(NS(C)(=O)=O)ccc3N2)C(=O)N1Cc1ccccc1,permeability,1.8,10'-6 cm/s,Permeability by PAMPA
3021673,598625,578592,CC(C)(C)[C@H]1C(O)=C(C2=CS(=O)(=O)c3cc(NS(C)(=O)=O)ccc3N2)C(=O)N1Cc1ccc(F)cc1,permeability,1.4,10'-6 cm/s,Permeability by PAMPA
3021674,598625,578599,CC(C)(C)[C@H]1C(O)=C(C2=CS(=O)(=O)c3cc(NS(C)(=O)=O)ccc3N2)C(=O)N1Cc1ccc(F)c(Cl)c1,permeability,0.98,10'-6 cm/s,Permeability by PAMPA
3021675,598625,578633,Cc1cc(CN2C(=O)C(C3=CS(=O)(=O)c4cc(NS(C)(=O)=O)ccc4N3)=C(O)[C@@H]2C(C)(C)C)ccc1F,permeability,1.62,10'-6 cm/s,Permeability by PAMPA
3021676,598625,578483,CC(C)(C)CCN1C(=O)C(C2=CS(=O)(=O)c3cc(NS(C)(=O)=O)ccc3N2)=C(O)[C@@H]1C(C)(C)C,permeability,1.8,10'-6 cm/s,Permeability by PAMPA
3007809,599609,580830,CCOC(=O)c1ncn2c1Cc1cnc(C)nc1-c1cc(Br)ccc1-2,permeability,3.6,10'-6 cm/s,Membrane permeability by PAMPA
3007814,599609,580879,C#Cc1ccc2c(c1)-c1nc(C)ncc1Cc1c(C(=O)OCC)ncn1-2,permeability,2.78,10'-6 cm/s,Membrane permeability by PAMPA
3007818,599609,580802,CCOC(=O)c1ncn2c1Cn1ncnc1-c1cc(Cl)ccc1-2,permeability,5.59,10'-6 cm/s,Membrane permeability by PAMPA
3007823,599609,580817,c1ccc2c(c1)-c1ncnn1Cc1cncn1-2,permeability,2.87,10'-6 cm/s,Membrane permeability by PAMPA
3007828,599609,580818,CCc1ncn2c1Cn1ncnc1-c1ccccc1-2,permeability,6.79,10'-6 cm/s,Membrane permeability by PAMPA
3076415,603781,574527,NC1=NC(c2ccccc2)(c2ccccc2)C2=NCCCN12,permeability,1,10'-6 cm/s,Membrane permeability by PAMPA
3076416,603781,82140,CN1C(=O)C(c2ccccc2)(c2ccccc2)N=C1N,permeability,3,10'-6 cm/s,Membrane permeability by PAMPA
3076417,603781,591017,CN1C(=O)C(c2ccccc2)(C2CCCCC2)N=C1N,permeability,7.2,10'-6 cm/s,Membrane permeability by PAMPA
3076418,603781,591018,CN1C(=O)C(C2CCCCC2)(C2CCCCC2)N=C1N,permeability,2.9,10'-6 cm/s,Membrane permeability by PAMPA
3076464,603781,591088,Cc1ccoc1C(=O)Nc1cccc(C2(C3CCCCC3)N=C(N)N(C)C2=O)c1,permeability,1.4,10'-6 cm/s,Membrane permeability by PAMPA
3090363,604910,594685,Cc1c(Nc2c(C#N)cncc2/C=C/CCN2CCN(C)CC2)ccc2[nH]ccc12,permeability,0.86,10'6cm/s,Permeability by PAMPA method
3090367,604910,594711,Cc1c(Nc2c(C#N)cncc2/C=C/CCCN2CCNCC2)ccc2[nH]ccc12,permeability,0.16,10'6cm/s,Permeability by PAMPA method
3090368,604910,594698,Cc1c(Nc2c(C#N)cncc2/C=C/CCN2CCNCC2)ccc2[nH]ccc12,permeability,0.11,10'6cm/s,Permeability by PAMPA method
3090369,604910,594846,Cc1c(Nc2c(C#N)cncc2/C=C/CCN2CCC(N(C)C)CC2)ccc2[nH]ccc12,permeability,0.08,10'6cm/s,Permeability by PAMPA method
3090370,604910,594768,Cc1c(Nc2c(C#N)cncc2/C=C/CCN2CC[C@@H](O)C2)ccc2[nH]ccc12,permeability,0.07,10'6cm/s,Permeability by PAMPA method
3090371,604910,594686,Cc1c(Nc2c(C#N)cncc2/C=C/CCCN2CCN(C)CC2)ccc2[nH]ccc12,permeability,0.07,10'6cm/s,Permeability by PAMPA method
3090372,604910,594661,Cc1c(Nc2c(C#N)cncc2/C=C/CCN2CC[C@H](N)C2)ccc2[nH]ccc12,permeability,0.06,10'6cm/s,Permeability by PAMPA method
3090373,604910,594639,Cc1c(Nc2c(C#N)cncc2/C=C/CCN2CC(N)C2)ccc2[nH]ccc12,permeability,0.06,10'6cm/s,Permeability by PAMPA method
3090375,604910,594699,Cc1c(Nc2c(C#N)cncc2/C=C/CCN2CCC(NS(=O)(=O)C(C)C)CC2)ccc2[nH]ccc12,permeability,0.05,10'6cm/s,Permeability by PAMPA method
3090376,604910,594725,Cc1c(Nc2c(C#N)cncc2/C=C/CCN2CCC(N)CC2)ccc2[nH]ccc12,permeability,0.04,10'6cm/s,Permeability by PAMPA method
3090377,604910,594712,Cc1c(Nc2c(C#N)cncc2/C=C/CN2CCC(N)CC2)ccc2[nH]ccc12,permeability,0.03,10'6cm/s,Permeability by PAMPA method
3090378,604910,594714,Cc1c(Nc2c(C#N)cncc2/C=C/CCN2CCN(S(C)(=O)=O)CC2)ccc2[nH]ccc12,permeability,0.02,10'6cm/s,Permeability by PAMPA method
3090379,604910,594740,Cc1c(Nc2c(C#N)cncc2/C=C/CCN2CCC(O)CC2)ccc2[nH]ccc12,permeability,0.02,10'6cm/s,Permeability by PAMPA method
3090380,604910,594697,Cc1c(Nc2c(C#N)cncc2/C=C/CN2CCNCC2)ccc2[nH]ccc12,permeability,0.02,10'6cm/s,Permeability by PAMPA method
3090381,604910,594826,Cc1c(Nc2c(C#N)cncc2/C=C/CCN2CCCNCC2)ccc2[nH]ccc12,permeability,0.01,10'6cm/s,Permeability by PAMPA method
3090382,604910,594673,Cc1c(Nc2c(C#N)cncc2/C=C/CN2CCN(C)CC2)ccc2[nH]ccc12,permeability,0,10'6cm/s,Permeability by PAMPA method
3130871,607700,598681,COc1ccc(C(=O)NCc2cccc(C(=O)Nc3ccc(CN(C)C)cc3)c2)cc1Cl,permeability,24,10'-6 cm/s,Membrane permeability by PAMPA assay
3130872,607700,598680,COc1ccc(C(=O)NCc2cccc(C(=O)Nc3ccc(CN(C)C)cc3)c2)cc1C,permeability,21,10'-6 cm/s,Membrane permeability by PAMPA assay
3130873,607700,599590,COc1ccc(C(=O)NCc2cccc(C(=O)Nc3ccc4c(c3)CN(C)CC4)c2)cc1OC,permeability,16,10'-6 cm/s,Membrane permeability by PAMPA assay
3130874,607700,599592,COc1ccc(C(=O)NCc2cccc(C(=O)Nc3ccc(CO)cc3)c2)cc1OC,permeability,10,10'-6 cm/s,Membrane permeability by PAMPA assay
3130875,607700,599591,COc1ccc(C(=O)NCc2cccc(C(=O)Nc3ccc(CN(C)C)cc3)c2)cc1OC,permeability,10,10'-6 cm/s,Membrane permeability by PAMPA assay
3130876,607700,599520,COc1ccc(C(=O)NCc2cccc(C(=O)NCCC3CCNCC3)c2)cc1OC,permeability,0.6,10'-6 cm/s,Membrane permeability by PAMPA assay
3130877,607700,599523,COc1ccc(C(=O)NCc2cccc(C(=O)Nc3ccc4c(c3)CNCC4)c2)cc1OC,permeability,3.6,10'-6 cm/s,Membrane permeability by PAMPA assay
3121447,611074,596270,O=C(Nc1ccccc1)Nc1ccc(-c2nc(N3CCOCC3)nc(N3CCOCC3)n2)cc1,permeability,0.2,10'-6 cm/s,Membrane permeability at pH 7.4 by PAMPA assay
3121448,611074,596271,CCNC(=O)Nc1ccc(-c2nc(N3CCOCC3)nc(N3CCOCC3)n2)cc1,permeability,0.7,10'-6 cm/s,Membrane permeability at pH 7.4 by PAMPA assay
3121450,611074,596273,O=C(Nc1ccc(F)cc1)Nc1ccc(-c2nc(N3CCOCC3)nc(N3CCOCC3)n2)cc1,permeability,1,10'-6 cm/s,Membrane permeability at pH 7.4 by PAMPA assay
3121451,611074,596339,Cc1ccc(NC(=O)Nc2ccc(-c3nc(N4CCOCC4)nc(N4CCOCC4)n3)cc2)cc1,permeability,5.6,10'-6 cm/s,Membrane permeability at pH 7.4 by PAMPA assay
3121452,611074,596340,O=C(Nc1ccc(Cl)cc1)Nc1ccc(-c2nc(N3CCOCC3)nc(N3CCOCC3)n2)cc1,permeability,0,10'-6 cm/s,Membrane permeability at pH 7.4 by PAMPA assay
3121453,611074,596341,O=C(Nc1ccc(-c2nc(N3CCOCC3)nc(N3CCOCC3)n2)cc1)Nc1ccc(F)cc1F,permeability,0,10'-6 cm/s,Membrane permeability at pH 7.4 by PAMPA assay
3121454,611074,596342,O=C(Nc1ccc(CO)cc1)Nc1ccc(-c2nc(N3CCOCC3)nc(N3CCOCC3)n2)cc1,permeability,0.2,10'-6 cm/s,Membrane permeability at pH 7.4 by PAMPA assay
3121455,611074,596396,O=C(Nc1ccc(CCO)cc1)Nc1ccc(-c2nc(N3CCOCC3)nc(N3CCOCC3)n2)cc1,permeability,0,10'-6 cm/s,Membrane permeability at pH 7.4 by PAMPA assay
3121456,611074,596397,O=C(Nc1ccc(-c2nc(N3CCOCC3)nc(N3CCOCC3)n2)cc1)Nc1cccs1,permeability,2.4,10'-6 cm/s,Membrane permeability at pH 7.4 by PAMPA assay
3121457,611074,596398,O=C(Nc1ccc(-c2nc(N3CCOCC3)nc(N3CCOCC3)n2)cc1)Nc1cccnc1,permeability,0.5,10'-6 cm/s,Membrane permeability at pH 7.4 by PAMPA assay
3121458,611074,596399,O=C(Nc1ccncc1)Nc1ccc(-c2nc(N3CCOCC3)nc(N3CCOCC3)n2)cc1,permeability,1.4,10'-6 cm/s,Membrane permeability at pH 7.4 by PAMPA assay
3121460,611074,596462,COC(=O)c1ccc(NC(=O)Nc2ccc(-c3nc(N4CCOCC4)nc(N4CCOCC4)n3)cc2)cc1,permeability,0.6,10'-6 cm/s,Membrane permeability at pH 7.4 by PAMPA assay
3121461,611074,596463,O=C(Nc1ccc(C(=O)O)cc1)Nc1ccc(-c2nc(N3CCOCC3)nc(N3CCOCC3)n2)cc1,permeability,0,10'-6 cm/s,Membrane permeability at pH 7.4 by PAMPA assay
3121463,611074,596465,CN(C)CCNC(=O)c1ccc(NC(=O)Nc2ccc(-c3nc(N4CCOCC4)nc(N4CCOCC4)n3)cc2)cc1,permeability,0.1,10'-6 cm/s,Membrane permeability at pH 7.4 by PAMPA assay
3121464,611074,677965,CN1CCN(C(=O)c2ccc(NC(=O)Nc3ccc(-c4nc(N5CCOCC5)nc(N5CCOCC5)n4)cc3)cc2)CC1.Cl,permeability,0,10'-6 cm/s,Membrane permeability at pH 7.4 by PAMPA assay
3121465,611074,596528,CN(C)C1CCN(C(=O)c2ccc(NC(=O)Nc3ccc(-c4nc(N5CCOCC5)nc(N5CCOCC5)n4)cc3)cc2)CC1,permeability,0.1,10'-6 cm/s,Membrane permeability at pH 7.4 by PAMPA assay
3121468,611074,596531,O=C(Nc1ccc(-c2nc(N3CCOCC3)nc(N3CCOCC3)n2)cc1)NN1CCCCC1,permeability,0.01,10'-6 cm/s,Membrane permeability at pH 7.4 by PAMPA assay
3121469,611074,677966,CN(C)CCN(C)C(=O)c1ccc(NC(=O)Nc2ccc(-c3nc(N4CCOCC4)nc(N4CCOCC4)n3)cc2)cc1.Cl,permeability,0.03,10'-6 cm/s,Membrane permeability at pH 7.4 by PAMPA assay
3092109,611511,600868,CN(C)C1CCN(C(=O)c2ccc(Cn3c(-c4ccccc4)nc4ccccc43)cc2)C1,permeability,4.4,10'-6 cm/s,Permeability by PAMPA
3092110,611511,599828,O=C(c1ccc(Cn2cnc3ccccc32)cc1)N1CC[C@H](N2CCCC2)C1,permeability,0.3,10'-6 cm/s,Permeability by PAMPA
3092111,611511,599889,Cc1nc2ccccc2n1Cc1ccc(C(=O)N2CC[C@H](N3CCCC3)C2)cc1,permeability,0.3,10'-6 cm/s,Permeability by PAMPA
3092112,611511,599974,O=C(c1ccc(Cn2ccc3ccccc32)cc1)N1CC[C@H](N2CCCC2)C1,permeability,8.3,10'-6 cm/s,Permeability by PAMPA
3092113,611511,599975,O=C(c1ccc(Cn2ccc3cccc(Cl)c32)cc1)N1CC[C@H](N2CCCC2)C1,permeability,6.5,10'-6 cm/s,Permeability by PAMPA
3092114,611511,599976,O=C(c1ccc(Cn2ccc3ccc(Cl)cc32)cc1)N1CC[C@H](N2CCCC2)C1,permeability,7.3,10'-6 cm/s,Permeability by PAMPA
3092115,611511,599977,O=C(c1ccc(Cn2ccc3cc(Cl)ccc32)cc1)N1CC[C@H](N2CCCC2)C1,permeability,7.8,10'-6 cm/s,Permeability by PAMPA
3122584,613669,597319,CN(C(=O)C1CCCNC1)[C@@H](Cc1ccccc1)C(=O)N(C)[C@@H](Cc1ccccc1)C(=O)N(C)[C@@H](Cc1ccccc1)C(=O)N(C)[C@@H](Cc1ccccc1)C(N)=O,permeability,1.4,10'6cm/s,Effective permeability across artificial membrane at 200 uM by PAMPA using HPLC/MS method
3122585,613669,597320,CN(C(=O)[C@H](CC1CCCCC1)NC(=O)C1CCCNC1)[C@@H](Cc1ccccc1)C(=O)N(C)[C@@H](Cc1ccccc1)C(=O)N(C)[C@@H](Cc1ccccc1)C(N)=O,permeability,1.2,10'6cm/s,Effective permeability across artificial membrane at 200 uM by PAMPA using HPLC/MS method
3122586,613669,597317,CN(C(=O)[C@H](CC1CCCCC1)NC(=O)CCCN)[C@@H](Cc1ccccc1)C(=O)N(C)[C@@H](Cc1ccccc1)C(=O)N(C)[C@@H](Cc1ccccc1)C(N)=O,permeability,0.4,10'6cm/s,Effective permeability across artificial membrane at 200 uM by PAMPA using HPLC/MS method
3122587,613669,597321,CN(C(=O)[C@H](Cc1ccc2ccccc2c1)NC(=O)C1CCCNC1)[C@@H](Cc1ccccc1)C(=O)N(C)[C@@H](Cc1ccccc1)C(=O)N(C)[C@@H](Cc1ccccc1)C(N)=O,permeability,1.1,10'6cm/s,Effective permeability across artificial membrane at 200 uM by PAMPA using HPLC/MS method
3122588,613669,597316,CN(C(=O)CCCN)[C@@H](Cc1ccccc1)C(=O)N(C)[C@@H](Cc1ccccc1)C(=O)N(C)[C@@H](Cc1ccccc1)C(=O)N(C)[C@@H](Cc1ccccc1)C(N)=O,permeability,0.4,10'6cm/s,Effective permeability across artificial membrane at 200 uM by PAMPA using HPLC/MS method
3122591,613669,597229,CN(C(=O)CCC(=O)CN)[C@@H](Cc1ccccc1)C(=O)N(C)[C@@H](Cc1ccccc1)C(=O)N(C)[C@@H](Cc1ccccc1)C(=O)N(C)[C@@H](Cc1ccccc1)C(N)=O,permeability,1,10'6cm/s,Effective permeability across artificial membrane at 200 uM by PAMPA using HPLC/MS method
3122592,613669,597327,CN(C(=O)[C@H](CC1CCCCC1)NC(=O)CCC(=O)CN)[C@@H](Cc1ccccc1)C(=O)N(C)[C@@H](Cc1ccccc1)C(=O)N(C)[C@@H](Cc1ccccc1)C(N)=O,permeability,0.3,10'6cm/s,Effective permeability across artificial membrane at 200 uM by PAMPA using HPLC/MS method
3122593,613669,597318,CN(C(=O)[C@H](Cc1ccc2ccccc2c1)NC(=O)CCCN)[C@@H](Cc1ccccc1)C(=O)N(C)[C@@H](Cc1ccccc1)C(=O)N(C)[C@@H](Cc1ccccc1)C(N)=O,permeability,0.2,10'6cm/s,Effective permeability across artificial membrane at 200 uM by PAMPA using HPLC/MS method
3122651,613669,10909,NCCCC(=O)O,permeability,0,10'6cm/s,Effective permeability across artificial membrane at 200 uM by PAMPA using HPLC/MS method
3122652,613669,16931,O=C(O)C1CCCNC1,permeability,0,10'6cm/s,Effective permeability across artificial membrane at 200 uM by PAMPA using HPLC/MS method
3122653,613669,597322,CC(=O)N1CCC[C@H]1C(=O)N1CCC[C@H]1C(N)=O,permeability,0,10'6cm/s,Effective permeability across artificial membrane at 200 uM by PAMPA using HPLC/MS method
3122654,613669,597323,CC(=O)N1CCC[C@H]1C(=O)N1CCC[C@H]1C(=O)N1CCC[C@H]1C(=O)N1CCC[C@H]1C(N)=O,permeability,0,10'6cm/s,Effective permeability across artificial membrane at 200 uM by PAMPA using HPLC/MS method
3122655,613669,597324,CC(=O)N1CCC[C@H]1C(=O)N1CCC[C@H]1C(=O)N1CCC[C@H]1C(=O)N1CCC[C@H]1C(=O)N1CCC[C@H]1C(=O)N1CCC[C@H]1C(N)=O,permeability,0,10'6cm/s,Effective permeability across artificial membrane at 200 uM by PAMPA using HPLC/MS method
3122656,613669,597325,CC(=O)N1CCC[C@H]1C(=O)N1CCC[C@H]1C(=O)N1CCC[C@H]1C(=O)N1CCC[C@H]1C(=O)N1CCC[C@H]1C(=O)N1CCC[C@H]1C(=O)N1CCC[C@H]1C(=O)N1CCC[C@H]1C(N)=O,permeability,0,10'6cm/s,Effective permeability across artificial membrane at 200 uM by PAMPA using HPLC/MS method
3122657,613669,597326,CC(=O)N1CCC[C@H]1C(=O)N1CCC[C@H]1C(=O)N1CCC[C@H]1C(=O)N1CCC[C@H]1C(=O)N1CCC[C@H]1C(=O)N1CCC[C@H]1C(=O)N1CCC[C@H]1C(=O)N1CCC[C@H]1C(=O)N1CCC[C@H]1C(=O)N1CCC[C@H]1C(N)=O,permeability,0,10'6cm/s,Effective permeability across artificial membrane at 200 uM by PAMPA using HPLC/MS method
3122658,613669,20917,NCC(=O)CCC(=O)O,permeability,0,10'6cm/s,Effective permeability across artificial membrane at 200 uM by PAMPA using HPLC/MS method
3122659,613669,1370,CC(C)NCC(O)COc1cccc2ccccc12,permeability,7.7,10'6cm/s,Effective permeability across artificial membrane at 200 uM by PAMPA using HPLC/MS method
3122660,613669,15086,NC(=O)N1c2ccccc2C=Cc2ccccc21,permeability,11.5,10'6cm/s,Effective permeability across artificial membrane at 200 uM by PAMPA using HPLC/MS method
3228810,619516,616657,Cc1ncn2c1Cn1ncnc1-c1cc(Cl)ccc1-2,permeability,8.9,10'-6 cm/s,Permeability by PAMPA
3228811,619516,616730,Clc1ccc2c(c1)-c1ncnn1Cc1c(Cl)ncn1-2,permeability,6.5,10'-6 cm/s,Permeability by PAMPA
3228812,619516,616800,Cc1ncn2c1Cn1ncnc1-c1cc(Br)ccc1-2,permeability,7.6,10'-6 cm/s,Permeability by PAMPA
3228813,619516,616945,Clc1ncn2c1Cn1ncnc1-c1cc(Br)ccc1-2,permeability,7,10'-6 cm/s,Permeability by PAMPA
3228814,619516,617121,FC(F)c1ncn2c1Cn1ncnc1-c1cc(Cl)ccc1-2,permeability,6.3,10'-6 cm/s,Permeability by PAMPA
3228815,619516,617122,FC(F)c1ncn2c1Cn1ncnc1-c1cc(Br)ccc1-2,permeability,7,10'-6 cm/s,Permeability by PAMPA
3224058,620266,611691,CCCCCCOC(=O)[C@H](CCC(=O)NCCC1CCN(Cc2ccccc2)CC1)NC(=O)OC(C)(C)C,permeability,11.6,10'-6 cm/s,Permeability across PAMPA membrane 
3224059,620266,611763,CCCCCCOC(=O)[C@H](CCC(=O)NCCC1CCN(Cc2ccccc2)CC1)NC(=O)c1ccccc1,permeability,18.7,10'-6 cm/s,Permeability across PAMPA membrane 
3224060,620266,611764,CCCCCCOC(=O)[C@H](CCC(=O)NCCC1CCN(Cc2ccccc2)CC1)NC(=O)c1cccs1,permeability,20.9,10'-6 cm/s,Permeability across PAMPA membrane 
3224061,620266,611766,CCCCCCOC(=O)[C@H](CCC(=O)NCCC1CCN(Cc2ccccc2)CC1)NC(=O)c1cc2ccccc2s1,permeability,25.6,10'-6 cm/s,Permeability across PAMPA membrane 
3224062,620266,611767,CCCCCCOC(=O)[C@H](CCC(=O)NCCC1CCN(Cc2ccccc2)CC1)NC(=O)c1cc2cccnc2s1,permeability,18.8,10'-6 cm/s,Permeability across PAMPA membrane 
3224063,620266,611835,CCCCCCOC(=O)[C@H](CCC(=O)NCCC1CCN(Cc2ccccc2)CC1)NC(=O)c1cc2ccsc2s1,permeability,28.5,10'-6 cm/s,Permeability across PAMPA membrane 
3224064,620266,364520,C[C@]12CC[C@H]3[C@@H](CCC4=CC(=O)CC[C@@]43C)[C@@H]1CC[C@@H]2O,permeability,24.5,10'-6 cm/s,Permeability across PAMPA membrane 
3224065,620266,1219,COc1ccc(CCN(C)CCCC(C#N)(c2ccc(OC)c(OC)c2)C(C)C)cc1OC,permeability,20.2,10'-6 cm/s,Permeability across PAMPA membrane 
3224066,620266,605,CN(C)CCCN1c2ccccc2CCc2ccccc21,permeability,14.4,10'-6 cm/s,Permeability across PAMPA membrane 
3224067,620266,6243,CNCCCN1c2ccccc2CCc2ccccc21,permeability,16.2,10'-6 cm/s,Permeability across PAMPA membrane 
3224068,620266,12825,CC(=O)[C@H]1CC[C@H]2[C@@H]3CCC4=CC(=O)CC[C@]4(C)[C@H]3CC[C@]12C,permeability,17.7,10'-6 cm/s,Permeability across PAMPA membrane 
3224069,620266,16391,CN(C)CCCN1c2ccccc2Sc2ccccc21,permeability,15.5,10'-6 cm/s,Permeability across PAMPA membrane 
3224070,620266,6216,CN(C)CCCN1c2ccccc2Sc2ccc(Cl)cc21,permeability,11,10'-6 cm/s,Permeability across PAMPA membrane 
3224071,620266,27609,Clc1cccc(Cl)c1NC1=NCCN1,permeability,9.5,10'-6 cm/s,Permeability across PAMPA membrane 
3224072,620266,182165,C[C@]12C[C@H](O)[C@H]3[C@@H](CCC4=CC(=O)CC[C@@]43C)[C@@H]1CC[C@@H]2C(=O)CO,permeability,6.4,10'-6 cm/s,Permeability across PAMPA membrane 
3224073,620266,11968,CN1C(C(=O)Nc2ccccn2)=C(O)c2ccccc2S1(=O)=O,permeability,3.7,10'-6 cm/s,Permeability across PAMPA membrane 
3224074,620266,374052,C[C@]12CCC(=O)C=C1CC[C@@H]1[C@@H]2[C@@H](O)C[C@@]2(C)[C@H]1CC[C@]2(O)C(=O)CO,permeability,5,10'-6 cm/s,Permeability across PAMPA membrane 
3224075,620266,16485,Cn1c(=O)c2c(ncn2C)n(C)c1=O,permeability,4.3,10'-6 cm/s,Permeability across PAMPA membrane 
3224076,620266,16278,CCn1cc(C(=O)O)c(=O)c2cc(F)c(N3CCNC(C)C3)c(F)c21,permeability,2.5,10'-6 cm/s,Permeability across PAMPA membrane 
3224077,620266,57175,CCn1cc(C(=O)O)c(=O)c2cc(F)c(N3CCNCC3)nc21,permeability,2.6,10'-6 cm/s,Permeability across PAMPA membrane 
3224078,620266,146,CC1COc2c(N3CCN(C)CC3)c(F)cc3c(=O)c(C(=O)O)cn1c23,permeability,2.3,10'-6 cm/s,Permeability across PAMPA membrane 
3215445,621610,402028,CCOc1cc(CN2CCC(Nc3nc4cc(S(N)(=O)=O)ccc4o3)CC2)cc(OCC)c1N,permeability,0,10'-6 cm/s,sPermeability by PAMPA
3215446,621610,402018,CCOc1cc(CN2CCC(Nc3nc4ccccc4o3)CC2)ccc1OC,permeability,4.43,10'-6 cm/s,sPermeability by PAMPA
3215447,621610,617391,CCOc1cc(CN2CCC(Nc3nc4cc(S(=O)(=O)CC)ccc4o3)CC2)ccc1OC,permeability,1.63,10'-6 cm/s,sPermeability by PAMPA
3215448,621610,402026,CCOc1cc(CN2CCC(Nc3nc4cc(S(N)(=O)=O)ccc4o3)CC2)ccc1OC,permeability,1.64,10'-6 cm/s,sPermeability by PAMPA
3215449,621610,617524,CCOc1cc(CN2CCC(Nc3nc4cc(Cl)c(S(N)(=O)=O)cc4o3)CC2)ccc1OC,permeability,1.1,10'-6 cm/s,sPermeability by PAMPA
3215450,621610,402023,CCOc1cc(CN2CCC(Nc3nc4ccccc4o3)CC2)ccc1Cl,permeability,0.49,10'-6 cm/s,sPermeability by PAMPA
3215451,621610,402022,CCOc1cc(CN2CCC(Nc3nc4ccccc4o3)CC2)ccc1F,permeability,4.33,10'-6 cm/s,sPermeability by PAMPA
3215452,621610,617822,CCOc1cc(CN2CCC(Nc3nc4ccccc4o3)CC2)cc(OC2CCOCC2)c1,permeability,2.05,10'-6 cm/s,sPermeability by PAMPA
3215453,621610,616625,CCOc1cc(CN2CCC(Nc3nc4cc(NC(=O)C5CCC5)ccc4o3)CC2)ccc1OC,permeability,1.1,10'-6 cm/s,sPermeability by PAMPA
3215454,621610,616697,CCOc1cc(CN2CCC(Nc3nc4cc(Cl)c(S(N)(=O)=O)cc4o3)CC2)ccc1F,permeability,2.45,10'-6 cm/s,sPermeability by PAMPA
3215455,621610,616698,CCOc1cc(CN2CCC(Nc3nc4cc(NS(=O)(=O)c5ccccc5)ccc4o3)CC2)ccc1OC,permeability,2.2,10'-6 cm/s,sPermeability by PAMPA
3215456,621610,616699,CCOc1cc(CN2CCC(Nc3nc4cc(S(=O)(=O)N(C)C)ccc4o3)CC2)cc(OCC)c1-n1cccc1,permeability,1.31,10'-6 cm/s,sPermeability by PAMPA
3215457,621610,616769,CCOc1cc(CN2CCC(Nc3nc4cc(S(=O)(=O)CC)ccc4o3)CC2)cc(OC2CCOCC2)c1,permeability,1.75,10'-6 cm/s,sPermeability by PAMPA
3215458,621610,616770,CCOc1cc(CN2CCC(Nc3nc4cc(Cl)c(S(N)(=O)=O)cc4o3)CC2)cc(OCC)c1F,permeability,2.45,10'-6 cm/s,sPermeability by PAMPA
3215459,621610,616771,CCOc1cc(CN2CCC(Nc3nc4ccc(Cl)cc4o3)CC2)ccc1Cl,permeability,4.81,10'-6 cm/s,sPermeability by PAMPA
3215460,621610,616772,CCOc1cc(CN2CCC(Nc3nc4cc(NS(=O)(=O)c5cn(C)cn5)ccc4o3)CC2)ccc1OC,permeability,0.49,10'-6 cm/s,sPermeability by PAMPA
3215461,621610,616836,CCOc1cc(CN2CCC(Nc3nc4cc(C(N)=O)ccc4o3)CC2)cc(OCC)c1F,permeability,1.61,10'-6 cm/s,sPermeability by PAMPA
3215462,621610,616837,CCOc1cc(CN2CCC(Nc3nc4cc(C(=O)O)ccc4o3)CC2)cc(OCC)c1Cl,permeability,2.09,10'-6 cm/s,sPermeability by PAMPA
3215463,621610,616838,CCOc1cc(CN2CCC(Nc3nc4ccc(C(=O)O)cc4o3)CC2)ccc1Cl,permeability,3.6,10'-6 cm/s,sPermeability by PAMPA
3215464,621610,616839,CCOc1cc(CN2CCC(Nc3nc4ccc(C(=O)O)cc4o3)CC2)cc(OCC)c1F,permeability,2.89,10'-6 cm/s,sPermeability by PAMPA
3220533,623181,617104,Cc1cc(Cc2nc3n(n2)Cc2c(C)ncn2-c2ccc(Br)cc2-3)on1,permeability,3.3,10'-6 cm/s,Permeability by PAMPA
3220534,623181,617187,Cc1cc(Cc2nc3n(n2)Cc2c(C)ncn2-c2ccc(Cl)cc2-3)on1,permeability,3.1,10'-6 cm/s,Permeability by PAMPA
3220544,623181,617103,Cc1ncn2c1Cn1nc(CN3CCCC3=O)nc1-c1cc(Br)ccc1-2,permeability,1.5,10'-6 cm/s,Permeability by PAMPA
3241646,625649,619651,CCOC(=O)C1=C(c2ccc3c(c2)OCO3)Nc2cc(OC)ccc2C1,solubility,649,10^-6 cm/s,Membrane permeability at 10 uM at pH 7.4 by PAMPA method
3241647,625649,619811,CCOC(=O)c1c(-c2ccccc2)[nH]c2cc(OC)ccc2c1=O,solubility,194,10^-6 cm/s,Membrane permeability at 10 uM at pH 7.4 by PAMPA method
3241648,625649,619880,CCOC(=O)c1c(-c2cccc(Cl)c2)[nH]c2cc(OC)ccc2c1=O,solubility,948,10^-6 cm/s,Membrane permeability at 10 uM at pH 7.4 by PAMPA method
3241649,625649,620127,CCOC(=O)c1c(-c2cccc(Cl)c2)[nH]c2cccc(OC)c2c1=O,solubility,196,10^-6 cm/s,Membrane permeability at 10 uM at pH 7.4 by PAMPA method
3241650,625649,620126,CCOC(=O)c1c(-c2cccc(C(F)(F)F)c2)[nH]c2cccc(OC)c2c1=O,solubility,377,10^-6 cm/s,Membrane permeability at 10 uM at pH 7.4 by PAMPA method
3241651,625649,620274,CCOC(=O)c1c(-c2ccccc2Cl)[nH]c2cccc(OC)c2c1=O,solubility,112,10^-6 cm/s,Membrane permeability at 10 uM at pH 7.4 by PAMPA method
3241652,625649,619648,COc1cccc2[nH]c(-c3ccc4c(c3)OCO4)cc(=O)c12,solubility,173,10^-6 cm/s,Membrane permeability at 10 uM at pH 7.4 by PAMPA method
3241653,625649,619716,COc1ccc2c(c1)NC(c1ccc3c(c1)OCO3)=C(CO)C2,solubility,356,10^-6 cm/s,Membrane permeability at 10 uM at pH 7.4 by PAMPA method
3241654,625649,619974,CCOC(=O)c1c(-c2ccc(OC)cc2)[nH]c2cc(OC)ccc2c1=O,solubility,196,10^-6 cm/s,Membrane permeability at 10 uM at pH 7.4 by PAMPA method
3241655,625649,619809,COc1cccc2c1CC(CO)=C(c1ccc3c(c1)OCO3)N2,solubility,644,10^-6 cm/s,Membrane permeability at 10 uM at pH 7.4 by PAMPA method
3241656,625649,619978,CCOC(=O)c1c(-c2ccc(Cl)c(Cl)c2)[nH]c2cc(OC)ccc2c1=O,solubility,763,10^-6 cm/s,Membrane permeability at 10 uM at pH 7.4 by PAMPA method
3241657,625649,619882,CCOC(=O)c1c(-c2cccc([N+](=O)[O-])c2)[nH]c2cc(OC)ccc2c1=O,solubility,397,10^-6 cm/s,Membrane permeability at 10 uM at pH 7.4 by PAMPA method
3241658,625649,619813,CCOC(=O)c1c(-c2cccc(OC)c2)[nH]c2cc(OC)ccc2c1=O,solubility,172,10^-6 cm/s,Membrane permeability at 10 uM at pH 7.4 by PAMPA method
3241659,625649,619583,COc1ccc2c(=O)c(C(C)=O)c(-c3ccc4c(c3)OCO4)[nH]c2c1,solubility,88,10^-6 cm/s,Membrane permeability at 10 uM at pH 7.4 by PAMPA method
3241660,625649,620212,CCOC(=O)c1c(-c2ccc(Cl)cc2)[nH]c2cccc(OC)c2c1=O,solubility,211,10^-6 cm/s,Membrane permeability at 10 uM at pH 7.4 by PAMPA method
3241661,625649,619976,CCOC(=O)c1c(-c2ccc(C(F)(F)F)cc2)[nH]c2cc(OC)ccc2c1=O,solubility,312,10^-6 cm/s,Membrane permeability at 10 uM at pH 7.4 by PAMPA method
3241662,625649,619584,COc1ccc2c(=O)cc(-c3ccc4c(c3)OCO4)[nH]c2c1,solubility,146,10^-6 cm/s,Membrane permeability at 10 uM at pH 7.4 by PAMPA method
3241663,625649,620055,CCOC(=O)c1c(-c2cccc(C)c2)[nH]c2cccc(OC)c2c1=O,solubility,126,10^-6 cm/s,Membrane permeability at 10 uM at pH 7.4 by PAMPA method
3241664,625649,619881,CCOC(=O)c1c(-c2cccc(F)c2)[nH]c2cc(OC)ccc2c1=O,solubility,188,10^-6 cm/s,Membrane permeability at 10 uM at pH 7.4 by PAMPA method
3241665,625649,619718,CCOC(=O)C1=C(c2ccc3c(c2)OCO3)Nc2cccc(OC)c2C1OC,solubility,193,10^-6 cm/s,Membrane permeability at 10 uM at pH 7.4 by PAMPA method
3241666,625649,15086,NC(=O)N1c2ccccc2C=Cc2ccccc21,permeability,145,10^-6 cm/s,Membrane permeability at 10 uM at pH 7.4 by PAMPA method
3241667,625649,620214,CCOC(=O)c1c(-c2ccccc2C)[nH]c2cccc(OC)c2c1=O,solubility,92,10^-6 cm/s,Membrane permeability at 10 uM at pH 7.4 by PAMPA method
3241668,625649,620054,CCOC(=O)c1c(-c2cccc(OC)c2)[nH]c2cccc(OC)c2c1=O,solubility,64,10^-6 cm/s,Membrane permeability at 10 uM at pH 7.4 by PAMPA method
3241669,625649,620051,CCOC(=O)c1c(-c2ccccc2C)[nH]c2cc(OC)ccc2c1=O,solubility,100,10^-6 cm/s,Membrane permeability at 10 uM at pH 7.4 by PAMPA method
3241670,625649,586035,CCOC(=O)c1c(-c2ccc3c(c2)OCO3)[nH]c2cc(OC)ccc2c1=O,solubility,100,10^-6 cm/s,Membrane permeability at 10 uM at pH 7.4 by PAMPA method
3241671,625649,620128,CCOC(=O)c1c(-c2cccc(F)c2)[nH]c2cccc(OC)c2c1=O,solubility,79,10^-6 cm/s,Membrane permeability at 10 uM at pH 7.4 by PAMPA method
3241673,625649,619812,CCOC(=O)c1c(-c2cccs2)[nH]c2cc(OC)ccc2c1=O,solubility,105,10^-6 cm/s,Membrane permeability at 10 uM at pH 7.4 by PAMPA method
3241676,625649,619878,CCOC(=O)c1c(-c2cccc(C)c2)[nH]c2cc(OC)ccc2c1=O,solubility,227,10^-6 cm/s,Membrane permeability at 10 uM at pH 7.4 by PAMPA method
3241677,625649,588366,CCOC(=O)c1c(-c2ccc3c(c2)OCO3)[nH]c2cccc(OC)c2c1=O,solubility,47,10^-6 cm/s,Membrane permeability at 10 uM at pH 7.4 by PAMPA method
3241679,625649,620129,CCOC(=O)c1c(-c2cccc([N+](=O)[O-])c2)[nH]c2cccc(OC)c2c1=O,solubility,110,10^-6 cm/s,Membrane permeability at 10 uM at pH 7.4 by PAMPA method
3241682,625649,620130,CCOC(=O)c1c(-c2ccc(OC)cc2)[nH]c2cccc(OC)c2c1=O,solubility,78,10^-6 cm/s,Membrane permeability at 10 uM at pH 7.4 by PAMPA method
3241685,625649,619581,COc1ccc2c(=O)c(C(=O)O)c(-c3ccc4c(c3)OCO4)[nH]c2c1,solubility,19,10^-6 cm/s,Membrane permeability at 10 uM at pH 7.4 by PAMPA method
3241691,625649,619582,COc1ccc2c(=O)c(C(N)=O)c(-c3ccc4c(c3)OCO4)[nH]c2c1,solubility,18,10^-6 cm/s,Membrane permeability at 10 uM at pH 7.4 by PAMPA method
3241699,625649,620053,CCOC(=O)c1c(-c2ccccc2)[nH]c2cccc(OC)c2c1=O,solubility,37,10^-6 cm/s,Membrane permeability at 10 uM at pH 7.4 by PAMPA method
3241744,625649,619652,CCOC(=O)C1=C(c2ccc3c(c2)OCO3)Nc2cc(OC)ccc2C1Cl,solubility,735,10^-6 cm/s,Membrane permeability at 10 uM at pH 7.4 by PAMPA method
3241706,625649,1382812,CNC(=C[N+](=O)[O-])NCCSCc1ccc(CN(C)C)o1.Cl,permeability,1.2,10^-6 cm/s,Membrane permeability at 10 uM at pH 7.4 by PAMPA method
3262598,625649,619810,CCOCC1=C(c2ccc3c(c2)OCO3)Nc2cccc(OC)c2C1,solubility,2796,10^-6 cm/s,Membrane permeability at 10 uM at pH 7.4 by PAMPA method
3262599,625649,619717,CCOCC1=C(c2ccc3c(c2)OCO3)Nc2cc(OC)ccc2C1Cl,solubility,802,10^-6 cm/s,Membrane permeability at 10 uM at pH 7.4 by PAMPA method
3262600,625649,250508,COc1ccc(CCN(C)CCCC(C#N)(c2ccc(OC)c(OC)c2)C(C)C)cc1OC.Cl,permeability,1960,10^-6 cm/s,Membrane permeability at 10 uM at pH 7.4 by PAMPA method
3262601,625649,619650,CCOC(=O)C1=C(c2ccc3c(c2)OCO3)Nc2cc(OC)ccc2C1NC,solubility,2013,10^-6 cm/s,Membrane permeability at 10 uM at pH 7.4 by PAMPA method
3262602,625649,619720,CCOC(=O)C1=C(c2ccc3c(c2)OCO3)Nc2cccc(OC)c2C1,solubility,918,10^-6 cm/s,Membrane permeability at 10 uM at pH 7.4 by PAMPA method
3262603,625649,619719,CCOC(=O)C1=C(c2ccc3c(c2)OCO3)Nc2cccc(OC)c2C1NC,solubility,1240,10^-6 cm/s,Membrane permeability at 10 uM at pH 7.4 by PAMPA method
3262604,625649,619649,CCOC(=O)C1=C(c2ccc3c(c2)OCO3)Nc2cc(OC)ccc2C1OC,solubility,783,10^-6 cm/s,Membrane permeability at 10 uM at pH 7.4 by PAMPA method
3262605,625649,620052,CCOC(=O)c1c(-c2ccccc2Cl)[nH]c2cc(OC)ccc2c1=O,solubility,674,10^-6 cm/s,Membrane permeability at 10 uM at pH 7.4 by PAMPA method
3262606,625649,619879,CCOC(=O)c1c(-c2cccc(C(F)(F)F)c2)[nH]c2cc(OC)ccc2c1=O,solubility,569,10^-6 cm/s,Membrane permeability at 10 uM at pH 7.4 by PAMPA method
3262607,625649,620213,CCOC(=O)c1c(-c2ccc(Cl)c(Cl)c2)[nH]c2cccc(OC)c2c1=O,solubility,781,10^-6 cm/s,Membrane permeability at 10 uM at pH 7.4 by PAMPA method
3262608,625649,620211,CCOC(=O)c1c(-c2ccc(C(F)(F)F)cc2)[nH]c2cccc(OC)c2c1=O,solubility,457,10^-6 cm/s,Membrane permeability at 10 uM at pH 7.4 by PAMPA method
3262609,625649,619977,CCOC(=O)c1c(-c2ccc(Cl)cc2)[nH]c2cc(OC)ccc2c1=O,solubility,501,10^-6 cm/s,Membrane permeability at 10 uM at pH 7.4 by PAMPA method
3262610,625649,620210,CCOC(=O)c1c(-c2ccc(C(C)(C)C)cc2)[nH]c2cccc(OC)c2c1=O,solubility,1143,10^-6 cm/s,Membrane permeability at 10 uM at pH 7.4 by PAMPA method
3262611,625649,619975,CCOC(=O)c1c(-c2ccc(C(C)(C)C)cc2)[nH]c2cc(OC)ccc2c1=O,solubility,876,10^-6 cm/s,Membrane permeability at 10 uM at pH 7.4 by PAMPA method
3250431,625915,621031,CCc1nc(CN2CCN(c3cccn4cc(-c5ccc(C(C)(C)C)cc5)nc34)CC2)c(C)[nH]1,permeability,0.2,10^-6 cm/s,Permeability by PAMPA method
3250432,625915,621101,CCn1cnc(CN2CCN(c3cccn4cc(-c5ccc(C(C)(C)C)cc5)nc34)CC2)c1C,permeability,1.1,10^-6 cm/s,Permeability by PAMPA method
3250433,625915,621176,CCn1cc(CN2CCN(c3cccn4cc(-c5ccc(C(C)(C)C)cc5)nc34)CC2)c(=O)[nH]c1=O,permeability,1.2,10^-6 cm/s,Permeability by PAMPA method
3250434,625915,478569,CCn1cnc(CN2CCN(c3cccc4[nH]c(-c5ccc(C(C)(C)C)cc5)nc34)CC2)c1C,permeability,2.7,10^-6 cm/s,Permeability by PAMPA method
3277300,631100,6579,CCN(CC)CCCC(C)Nc1ccnc2cc(Cl)ccc12,permeability,775,10'-6 cm/s,Permeability by PAMPA assay at pH 7.4
3277301,631100,300808,CCN(CC)CCCC(C)Nc1ccnc2cc(Oc3ccccc3)ccc12,permeability,1858,10'-6 cm/s,Permeability by PAMPA assay at pH 7.4
3277302,631100,242190,CCN(CC)CCCC(C)Nc1ccnc2cc(C(F)(F)F)ccc12,permeability,2704,10'-6 cm/s,Permeability by PAMPA assay at pH 7.4
3277303,631100,629066,CCCN(CCCNc1ccnc2cc(Cl)ccc12)CC1CC1,permeability,1109,10'-6 cm/s,Permeability by PAMPA assay at pH 7.4
3277304,631100,629268,Clc1ccc2c(NCCCNCc3cccc4c3OCO4)ccnc2c1,permeability,2400,10'-6 cm/s,Permeability by PAMPA assay at pH 7.4
3277305,631100,629270,COc1cccc(CNCCCNc2ccnc3cc(Cl)ccc23)c1O,permeability,1363,10'-6 cm/s,Permeability by PAMPA assay at pH 7.4
3308980,634850,631682,NS(=O)(=O)c1ccc(Nc2nccc(-c3ccccc3)n2)cc1,permeability,2.26,10'-6 cm/s,Membrane permeability by PAMPA assay
3308982,634850,631752,NS(=O)(=O)c1ccc(Nc2ncc3c(n2)-c2ccccc2CC3)cc1,permeability,2.92,10'-6 cm/s,Membrane permeability by PAMPA assay
3308984,634850,631754,COc1ccc(-c2ccnc(Nc3ccc(S(N)(=O)=O)cc3)n2)cc1,permeability,0.01,10'-6 cm/s,Membrane permeability by PAMPA assay
3308986,634850,631755,COc1ccc2c(c1)CCc1cnc(Nc3ccc(S(N)(=O)=O)cc3)nc1-2,permeability,1.8,10'-6 cm/s,Membrane permeability by PAMPA assay
3308988,634850,631756,CC(C)(C)CC(=O)Nc1ccc(-c2ccnc(Nc3ccc(S(N)(=O)=O)cc3)n2)cc1,permeability,0.6,10'-6 cm/s,Membrane permeability by PAMPA assay
3308990,634850,631820,CC(C)(C)CC(=O)Nc1ccc2c(c1)CCc1cnc(Nc3ccc(S(N)(=O)=O)cc3)nc1-2,permeability,2.3,10'-6 cm/s,Membrane permeability by PAMPA assay
3308992,634850,631821,NS(=O)(=O)c1ccc(Nc2nccc(-c3ccc(NC(=O)Cc4ccccc4)cc3)n2)cc1,permeability,0.01,10'-6 cm/s,Membrane permeability by PAMPA assay
3308994,634850,631822,NS(=O)(=O)c1ccc(Nc2ncc3c(n2)-c2ccc(NC(=O)Cc4ccccc4)cc2CC3)cc1,permeability,3.37,10'-6 cm/s,Membrane permeability by PAMPA assay
3308996,634850,631823,NS(=O)(=O)c1ccc(Nc2nccc(-c3ccc(NC(=O)Cc4cccs4)cc3)n2)cc1,permeability,0.3,10'-6 cm/s,Membrane permeability by PAMPA assay
3308998,634850,631903,NS(=O)(=O)c1ccc(Nc2ncc3c(n2)-c2ccc(NC(=O)Cc4cccs4)cc2CC3)cc1,permeability,0.51,10'-6 cm/s,Membrane permeability by PAMPA assay
3309000,634850,632036,NS(=O)(=O)c1ccc(Nc2nccc(-c3ccsc3)n2)cc1,permeability,0.5,10'-6 cm/s,Membrane permeability by PAMPA assay
3309002,634850,632037,NS(=O)(=O)c1ccc(Nc2ncc3c(n2)-c2ccsc2CC3)cc1,permeability,0.38,10'-6 cm/s,Membrane permeability by PAMPA assay
3309004,634850,632038,CN(C)CCNS(=O)(=O)c1ccc(Nc2nccc(-c3ccsc3)n2)cc1,permeability,2.4,10'-6 cm/s,Membrane permeability by PAMPA assay
3309375,634850,632039,CN(C)CCNS(=O)(=O)c1ccc(Nc2ncc3c(n2)-c2ccsc2CC3)cc1,permeability,1.54,10'-6 cm/s,Membrane permeability by PAMPA assay
3354066,641538,648525,CC(=O)N1CCC(C(=O)N2CCC(N3CCN(C(=O)c4cc(-c5cccc(F)c5)nc(-c5ccc6[nH]ccc6c5)c4)CC3)CC2)CC1,permeability,19.9,10'-6 cm/s,Permeability by PAMPA method
3354067,641538,648526,CC(=O)N1CCC(C(=O)N2CCC(N3CCN(C(=O)c4cc(-c5ccc(F)cc5)nc(-c5ccc6[nH]ccc6c5)c4)CC3)CC2)CC1,permeability,44.3,10'-6 cm/s,Permeability by PAMPA method
3354068,641538,648527,CC(=O)N1CCC(C(=O)N2CCC(N3CCN(C(=O)c4cc(-c5cccc(C)c5)nc(-c5ccc6[nH]ccc6c5)c4)CC3)CC2)CC1,permeability,28.1,10'-6 cm/s,Permeability by PAMPA method
3354069,641538,648528,CC(=O)N1CCC(C(=O)N2CCC(N3CCN(C(=O)c4cc(-c5ccc(C)cc5)nc(-c5ccc6[nH]ccc6c5)c4)CC3)CC2)CC1,permeability,39.8,10'-6 cm/s,Permeability by PAMPA method
3354070,641538,648530,COc1ccc(-c2cc(C(=O)N3CCN(C4CCN(C(=O)C5CCN(C(C)=O)CC5)CC4)CC3)cc(-c3ccc4[nH]ccc4c3)n2)cc1,permeability,21.5,10'-6 cm/s,Permeability by PAMPA method
3354095,641538,648568,CC(=O)N1CCC(C(=O)N2CCC(N3CCN(C(=O)c4cc(-c5ccccc5)nc(-c5ccc6[nH]ccc6c5)c4)CC3)CC2)CC1,permeability,46.5,10'-6 cm/s,Permeability by PAMPA method
3366365,641643,564906,CC(C(=O)NCCc1ccc(O)cc1)c1cccc(C(=O)c2ccccc2)c1,permeability,602,nm/s,Permeability in buffer of pH 7.4 by PAMPA
3366366,641643,650701,CC(C(=O)Nc1ccc2cc[nH]c2c1)c1cccc(C(=O)c2ccccc2)c1,permeability,778,nm/s,Permeability in buffer of pH 7.4 by PAMPA
3366367,641643,650159,CC(CNC(=O)c1ccc2[nH]ccc2c1)c1cccc(C(=O)c2ccccc2)c1,permeability,521,nm/s,Permeability in buffer of pH 7.4 by PAMPA
3366368,641643,650092,CCCN(C(=O)C(C)c1cccc(C(=O)c2ccccc2)c1)c1ccc2cc[nH]c2c1,permeability,714,nm/s,Permeability in buffer of pH 7.4 by PAMPA
3366369,641643,15086,NC(=O)N1c2ccccc2C=Cc2ccccc21,permeability,199,nm/s,Permeability in buffer of pH 7.4 by PAMPA
3366370,641643,1153672,CNC(=C[N+](=O)[O-])NCCSCc1ccc(CN(C)C)o1,permeability,55,nm/s,Permeability in buffer of pH 7.4 by PAMPA
3364378,642373,1705246,Cl.Cl.Cl.Oc1c(CNCCCCCCCCCNc2c3c(nc4ccccc24)CCCC3)cc(Cl)c2cccnc12,permeability,10,10'-6 cm/s,Permeability by PAMPA method
3364379,642373,1704593,Cc1ccc2ccc(CNCCCCCCCCNc3c4c(nc5ccccc35)CCCC4)c(O)c2n1.Cl.Cl,permeability,14.1,10'-6 cm/s,Permeability by PAMPA method
3364380,642373,1704379,Cl.Cl.Oc1c(CNCCCCCCCCCNc2c3c(nc4ccccc24)CCCC3)ccc2cccnc12,permeability,17.4,10'-6 cm/s,Permeability by PAMPA method
3377423,643475,684188,CCOc1cc(CN2CC(NC(=O)c3cncc(C)c3)C2)cc(OCC)c1F,permeability,1.93,10'-6 cm/s,Membrane permeability of the compound by PAMPA
3377424,643475,684187,CCOc1cc(CN2CCCC(NC(=O)c3cncc(C)c3)CC2)cc(OCC)c1-c1ccc(F)cc1,permeability,1.56,10'-6 cm/s,Membrane permeability of the compound by PAMPA
3377426,643475,684185,CCOc1cc(CN2CCC(NC(=O)c3cncc(C)c3)CC2)cc(OCC)c1F,permeability,3.48,10'-6 cm/s,Membrane permeability of the compound by PAMPA
3377428,643475,402491,CCOc1cc(CN2CCC(NC(=O)c3cncc(C)c3)CC2)ccc1Cl,permeability,1.93,10'-6 cm/s,Membrane permeability of the compound by PAMPA
3377431,643475,684079,CCOc1cc(CN2CCC(NC(=O)c3ccc(NC)nc3)CC2)cc(OCC)c1F,permeability,2.98,10'-6 cm/s,Membrane permeability of the compound by PAMPA
3377432,643475,684021,CCOc1cc(CN2CCC(NC(=O)c3ccc(N)nc3)CC2)cc(OCc2ccccc2)c1-c1ccc(F)cc1,permeability,0.14,10'-6 cm/s,Membrane permeability of the compound by PAMPA
3377433,643475,684020,CCOc1cc(CN2CCC(NC(=O)c3ccc(NC)nc3)CC2)cc(OCC)c1-c1ccc(F)cc1,permeability,1.23,10'-6 cm/s,Membrane permeability of the compound by PAMPA
3377434,643475,684019,CCOc1cc(CN2CCC(NC(=O)c3cncc(C)c3)CC2)cc(OCC)c1-c1ccccc1,permeability,0.64,10'-6 cm/s,Membrane permeability of the compound by PAMPA
3377435,643475,684018,CCOc1cc(CN2CCC(NC(=O)c3cncc(C)c3)CC2)cc(OCC)c1-c1ccc(F)cc1,permeability,0.46,10'-6 cm/s,Membrane permeability of the compound by PAMPA
3377437,643475,683954,CCOc1cc(CN2CCC(NC(=O)c3ccc(NC)nc3)CC2)cc(OCC)c1-c1ccccc1,permeability,2.07,10'-6 cm/s,Membrane permeability of the compound by PAMPA
3377438,643475,683953,CCOc1cc(CN2CCC(NC(=O)c3ccc(NC(C)C)nc3)CC2)cc(OCC)c1F,permeability,2.41,10'-6 cm/s,Membrane permeability of the compound by PAMPA
3377439,643475,683952,CCOc1cc(CN2CCC(NC(=O)c3ccc(N)nc3)CC2)cc(OCC)c1-c1ccc(F)cc1,permeability,1.39,10'-6 cm/s,Membrane permeability of the compound by PAMPA
3377440,643475,683951,CCOc1cc(CN2CCC(NC(=O)c3cncc(C)c3)CC2)cc(OCC)c1-c1ccc(OC(F)(F)F)cc1,permeability,0,10'-6 cm/s,Membrane permeability of the compound by PAMPA
3377441,643475,683894,CCOc1cc(CN2CCC(NC(=O)c3cncc(C)c3)CC2)cc(OCC)c1Cl,permeability,3.82,10'-6 cm/s,Membrane permeability of the compound by PAMPA
3377442,643475,683893,CCOc1cc(CN2CCC(NC(=O)c3cncc(C)c3)CC2)cc(OCC)c1C,permeability,2.36,10'-6 cm/s,Membrane permeability of the compound by PAMPA
3377443,643475,683892,CCOc1cc(CN2CCC(NC(=O)c3cncc(C)c3)CC2)cc(OCC)c1-n1ccnc1,permeability,3.17,10'-6 cm/s,Membrane permeability of the compound by PAMPA
3377445,643475,683840,CCOc1cc(CN2CCC(NC(=O)c3cncc(C)c3)CC2)ccc1-c1ccc(C(F)(F)F)cc1,permeability,0.03,10'-6 cm/s,Membrane permeability of the compound by PAMPA
3377446,643475,683839,CCOc1cc(CN2CCC(NC(=O)c3cncc(C)c3)CC2)ccc1-c1ccc(F)cc1,permeability,1.32,10'-6 cm/s,Membrane permeability of the compound by PAMPA
3377447,643475,683838,CCOc1cc(CN2CCC(NC(=O)c3ccc(N)nc3)CC2)ccc1C,permeability,2.4,10'-6 cm/s,Membrane permeability of the compound by PAMPA
3377448,643475,683837,CCOc1cc(CN2CCC(NC(=O)c3cncc(C)c3)CC2)ccc1C,permeability,2.94,10'-6 cm/s,Membrane permeability of the compound by PAMPA
3378876,643865,683124,CCCCCCCc1nc(-c2ccc(CNC(=O)[C@H]3NCC[C@@H]3O)cc2)no1,permeability,46,cm/s,Membrane permeability by PAMPA assay
3378877,643865,683422,C[C@H](NC(=O)[C@H]1NCC[C@@H]1O)c1ccc(-c2noc(CCC3CCCC3)n2)cc1,permeability,49,cm/s,Membrane permeability by PAMPA assay
3378878,643865,683490,C[C@H](NC(=O)[C@H]1NCC[C@@H]1O)c1ccc(-c2noc(CCC3CCCCC3)n2)cc1,permeability,58,cm/s,Membrane permeability by PAMPA assay
3378879,643865,683491,CC[C@H](NC(=O)[C@H]1NCC[C@@H]1O)c1ccc(-c2noc(CCC3CCCCC3)n2)cc1,permeability,44,cm/s,Membrane permeability by PAMPA assay
3383097,644075,683368,Cc1ccn(CC(=O)NCc2cccc(-n3nc(C(C)(C)C)cc3NC(=O)Nc3ccccc3)c2)n1,Papp,4.8,10'-6 cm/s,Permeability of the compound by PAMPA method
3383095,644075,683075,CC(=O)NCC(=O)NCc1cccc(-n2nc(C(C)(C)C)cc2NC(=O)Nc2ccccc2)c1,Papp,7.38,10'-6 cm/s,Permeability of the compound by PAMPA method
3383096,644075,683285,CC(C)(C)c1cc(NC(=O)Nc2ccccc2)n(-c2cccc(CNC(=O)Cn3ccccc3=O)c2)n1,Papp,12.9,10'-6 cm/s,Permeability of the compound by PAMPA method
3405457,649276,686877,Cc1nc2nc(C(=O)N3CC[C@H](NS(C)(=O)=O)C3)cn2c(-c2ccc(Cl)cc2Cl)c1CN,permeability,0,nm/s,Membrane permeability by PAMPA assay
3405459,649276,686801,Cc1nc2nc(C(=O)N3CCCC3)cn2c(-c2ccc(Cl)cc2Cl)c1CN,permeability,518,nm/s,Membrane permeability by PAMPA assay
3405460,649276,687094,CCn1nccc1NC(=O)c1cn2c(-c3ccc(Cl)cc3Cl)c(CN)c(C)nc2n1,permeability,587,nm/s,Membrane permeability by PAMPA assay
3405461,649276,686802,Cc1nc2nc(C(=O)N3CCOCC3)cn2c(-c2ccc(Cl)cc2Cl)c1CN,permeability,669,nm/s,Membrane permeability by PAMPA assay
3410620,652147,689432,O=C(NC[C@@H]1CCCN1)c1ccc(-c2cnc3ccc(NCC4CC4)nn23)cc1,Papp,2,10'-6 cm/s,Apparent permeability of the compound at pH 7.4 by PAMPA method
3410621,652147,689647,CN(C)CCNC(=O)c1ccc(-c2cnc3ccc(NCC4CC4)nn23)cc1,Papp,50,10'-6 cm/s,Apparent permeability of the compound at pH 7.4 by PAMPA method
3410622,652147,689800,CCN1CCC[C@H]1CNC(=O)c1ccc(-c2cnc3ccc(NCC4CC4)nn23)cc1,Papp,23,10'-6 cm/s,Apparent permeability of the compound at pH 7.4 by PAMPA method
3410623,652147,689003,O=C(NC[C@@H]1CCCN1)c1ccc(-c2cnc3ccc(NCc4ccc(Cl)c(Cl)c4)nn23)cc1,Papp,2,10'-6 cm/s,Apparent permeability of the compound at pH 7.4 by PAMPA method
3410624,652147,689734,O=C(NC[C@@H]1CCCCN1)c1ccc(-c2cnc3ccc(NCC4CC4)nn23)cc1,Papp,2.3,10'-6 cm/s,Apparent permeability of the compound at pH 7.4 by PAMPA method
3410625,652147,689434,O=C(NC[C@@H]1CCCN1)c1ccc(-c2cnc3ccc(NCc4cccc(Cl)c4)nn23)cc1,Papp,2,10'-6 cm/s,Apparent permeability of the compound at pH 7.4 by PAMPA method
3410698,652153,570962,C[C@@]1(C(=O)Nc2ccc(F)nc2)CCCN1c1nc(Nc2cc(C3CC3)n[nH]2)c2cccn2n1,permeability,634,nm/s,Permeability by PAMPA assay
3410699,652153,689148,O=C(Nc1ccc(F)nc1)[C@@H]1CCCN1c1nc(Nc2cc(C3CC3)[nH]n2)c2cccn2n1,permeability,770,nm/s,Permeability by PAMPA assay
3410700,652153,689149,O=C(c1ccc(F)nc1)N1CCC[C@H]1c1nc(Nc2cc(C3CC3)[nH]n2)c2cccn2n1,permeability,721,nm/s,Permeability by PAMPA assay
3411425,652153,689150,O=C(c1ccc(F)nc1)N1CCC[C@@H]1c1nc(Nc2cc(C3CC3)[nH]n2)c2cccn2n1,permeability,935,nm/s,Permeability by PAMPA assay
3411426,652153,689230,O=C1CC[C@@H](c2nc(Nc3cc(C4CC4)[nH]n3)c3cccn3n2)N1C(=O)c1ccc(F)nc1,permeability,600,nm/s,Permeability by PAMPA assay
3411427,652153,689231,O=C(Nc1ccc(F)nc1)[C@@H]1CCC[C@H]1c1nc(Nc2cc(C3CC3)[nH]n2)c2cccn2n1,permeability,509,nm/s,Permeability by PAMPA assay
3411428,652153,689231,O=C(Nc1ccc(F)nc1)[C@@H]1CCC[C@H]1c1nc(Nc2cc(C3CC3)[nH]n2)c2cccn2n1,permeability,854,nm/s,Permeability by PAMPA assay
3411429,652153,689232,O=C(Nc1ccc(F)nc1)C1=C(c2nc(Nc3cc(C4CC4)[nH]n3)c3cccn3n2)CCC1,permeability,822,nm/s,Permeability by PAMPA assay
3411430,652153,689295,O=C(NCc1nc(Nc2cc(C3CC3)n[nH]2)c2cccn2n1)c1ccc(F)nc1,permeability,525,nm/s,Permeability by PAMPA assay
3508596,665353,524958,CCCCCCCc1c(C)nc2cc(OC)ccc2c1O,permeability,679,10'-6 cm/s,Passive transcellular permeability of the compound at pH 7.4 by PAMPA
3508597,665353,706908,COc1cc2[nH]c(C)c(-c3ccccc3)c(=O)c2cc1Cl,permeability,48.3,10'-6 cm/s,Passive transcellular permeability of the compound at pH 7.4 by PAMPA
3508598,665353,707018,COc1cc2[nH]c(C)c(-c3ccccc3)c(=O)c2cc1Br,permeability,329.95,10'-6 cm/s,Passive transcellular permeability of the compound at pH 7.4 by PAMPA
3508599,665353,704708,CCc1c(C)[nH]c2cc(OC)c(F)cc2c1=O,permeability,19.09,10'-6 cm/s,Passive transcellular permeability of the compound at pH 7.4 by PAMPA
3508600,665353,704709,CCc1c(C)[nH]c2cc(OC)c(Cl)cc2c1=O,permeability,57.3,10'-6 cm/s,Passive transcellular permeability of the compound at pH 7.4 by PAMPA
3508601,665353,704710,CCc1c(C)[nH]c2cc(OC)c(Br)cc2c1=O,permeability,75.08,10'-6 cm/s,Passive transcellular permeability of the compound at pH 7.4 by PAMPA
3508602,665353,707019,CCCCCCCc1c(C)[nH]c2cc(OC)c(Cl)cc2c1=O,permeability,0.01,10'-6 cm/s,Passive transcellular permeability of the compound at pH 7.4 by PAMPA
3508603,665353,707139,COc1cc2[nH]c(C)c(C3CCCCC3)c(=O)c2cc1Cl,permeability,630,10'-6 cm/s,Passive transcellular permeability of the compound at pH 7.4 by PAMPA
3508604,665353,707140,COc1cc2[nH]c(C)c(Cc3ccccc3)c(=O)c2cc1Cl,permeability,566,10'-6 cm/s,Passive transcellular permeability of the compound at pH 7.4 by PAMPA
3508605,665353,704756,COc1cc2[nH]c(C)cc(=O)c2cc1Cl,permeability,25.2,10'-6 cm/s,Passive transcellular permeability of the compound at pH 7.4 by PAMPA
3508606,665353,707254,C=C(CCCCC)c1c(C)[nH]c2cc(OC)c(Cl)cc2c1=O,permeability,755,10'-6 cm/s,Passive transcellular permeability of the compound at pH 7.4 by PAMPA
3508607,665353,707256,COc1cc2[nH]c(C)c(/C=C/C(=O)OC(C)(C)C)c(=O)c2cc1Cl,permeability,261,10'-6 cm/s,Passive transcellular permeability of the compound at pH 7.4 by PAMPA
3508762,665353,705091,COc1ccc2c(=O)cc(C)[nH]c2c1,permeability,8.91,10'-6 cm/s,Passive transcellular permeability of the compound at pH 7.4 by PAMPA
3508763,665353,528199,CCCCCCCc1c(C)nc2ccccc2c1O,permeability,0,10'-6 cm/s,Passive transcellular permeability of the compound at pH 7.4 by PAMPA
3508764,665353,705092,Cc1cc(=O)c2ccccc2[nH]1,permeability,1.54,10'-6 cm/s,Passive transcellular permeability of the compound at pH 7.4 by PAMPA
3508765,665353,542726,CCCCCCCCCc1c(C)[nH]c2ccccc2c1=O,permeability,0,10'-6 cm/s,Passive transcellular permeability of the compound at pH 7.4 by PAMPA
3508766,665353,705150,Cc1[nH]c2ccccc2c(=O)c1C1CCCCC1,permeability,229.59,10'-6 cm/s,Passive transcellular permeability of the compound at pH 7.4 by PAMPA
3508767,665353,705151,Cc1[nH]c2ccccc2c(=O)c1-c1ccccc1,permeability,33,10'-6 cm/s,Passive transcellular permeability of the compound at pH 7.4 by PAMPA
3508768,665353,705152,Cc1[nH]c2ccccc2c(=O)c1Cc1ccccc1,permeability,102.28,10'-6 cm/s,Passive transcellular permeability of the compound at pH 7.4 by PAMPA
3508769,665353,535431,Cc1[nH]c2ccccc2c(=O)c1Br,permeability,13.59,10'-6 cm/s,Passive transcellular permeability of the compound at pH 7.4 by PAMPA
3508770,665353,704757,Cc1nc2ccccc2c(OCc2ccccc2)c1Br,permeability,794.03,10'-6 cm/s,Passive transcellular permeability of the compound at pH 7.4 by PAMPA
3508771,665353,706311,CCCCCCC/C=C/c1c(C)[nH]c2ccccc2c1=O,permeability,0,10'-6 cm/s,Passive transcellular permeability of the compound at pH 7.4 by PAMPA
3508772,665353,706313,CCCCCC/C=C\Cc1c(C)[nH]c2ccccc2c1=O,permeability,0,10'-6 cm/s,Passive transcellular permeability of the compound at pH 7.4 by PAMPA
3508918,665353,706427,Cc1[nH]c2ccccc2c(=O)c1/C=C/C(=O)OC(C)(C)C,permeability,124.06,10'-6 cm/s,Passive transcellular permeability of the compound at pH 7.4 by PAMPA
3508919,665353,705231,Cc1[nH]c2ccccc2c(=O)c1/C=C/c1ccccc1,permeability,223.69,10'-6 cm/s,Passive transcellular permeability of the compound at pH 7.4 by PAMPA
3508920,665353,706428,Cc1[nH]c2ccccc2c(=O)c1/C=C/c1cccc([N+](=O)[O-])c1,permeability,602.47,10'-6 cm/s,Passive transcellular permeability of the compound at pH 7.4 by PAMPA
3508921,665353,706429,Cc1[nH]c2ccccc2c(=O)c1/C=C/c1ccc(O)cc1,permeability,17.02,10'-6 cm/s,Passive transcellular permeability of the compound at pH 7.4 by PAMPA
3508922,665353,705232,COc1ccc2[nH]c(C)c(Br)c(=O)c2c1,permeability,16.66,10'-6 cm/s,Passive transcellular permeability of the compound at pH 7.4 by PAMPA
3508923,665353,524796,Cc1ccc2[nH]c(C)c(Br)c(=O)c2c1,permeability,42.17,10'-6 cm/s,Passive transcellular permeability of the compound at pH 7.4 by PAMPA
3508924,665353,705233,Cc1[nH]c2ccc(Br)cc2c(=O)c1Br,permeability,95.25,10'-6 cm/s,Passive transcellular permeability of the compound at pH 7.4 by PAMPA
3508925,665353,705301,Cc1[nH]c2ccc(Cl)cc2c(=O)c1Br,permeability,87.69,10'-6 cm/s,Passive transcellular permeability of the compound at pH 7.4 by PAMPA
3508926,665353,705302,Cc1[nH]c2ccc(F)cc2c(=O)c1Br,permeability,18.27,10'-6 cm/s,Passive transcellular permeability of the compound at pH 7.4 by PAMPA
3508927,665353,706544,COc1ccc2[nH]c(C)c(Cc3ccccc3)c(=O)c2c1,permeability,188.2,10'-6 cm/s,Passive transcellular permeability of the compound at pH 7.4 by PAMPA
3508928,665353,705431,Cc1[nH]c2ccc(Cl)cc2c(=O)c1Cc1ccccc1,permeability,414.51,10'-6 cm/s,Passive transcellular permeability of the compound at pH 7.4 by PAMPA
3508929,665353,705367,COc1ccc2[nH]c(C)c(-c3ccccc3)c(=O)c2c1,permeability,125.69,10'-6 cm/s,Passive transcellular permeability of the compound at pH 7.4 by PAMPA
3508930,665353,705496,Cc1[nH]c2ccc(Cl)cc2c(=O)c1-c1ccccc1,permeability,107.67,10'-6 cm/s,Passive transcellular permeability of the compound at pH 7.4 by PAMPA
3508931,665353,706663,COc1cccc2c(=O)c(Cc3ccccc3)c(C)[nH]c12,permeability,124.64,10'-6 cm/s,Passive transcellular permeability of the compound at pH 7.4 by PAMPA
3508932,665353,705494,Cc1[nH]c2c(Cl)cccc2c(=O)c1Cc1ccccc1,permeability,411.89,10'-6 cm/s,Passive transcellular permeability of the compound at pH 7.4 by PAMPA
3508933,665353,705369,COc1cccc2c(=O)c(-c3ccccc3)c(C)[nH]c12,permeability,37.03,10'-6 cm/s,Passive transcellular permeability of the compound at pH 7.4 by PAMPA
3508934,665353,705558,Cc1[nH]c2c(Cl)cccc2c(=O)c1-c1ccccc1,permeability,165.34,10'-6 cm/s,Passive transcellular permeability of the compound at pH 7.4 by PAMPA
3508935,665353,705604,Cc1[nH]c2c(Cl)c(Cl)ccc2c(=O)c1-c1ccccc1,permeability,196.75,10'-6 cm/s,Passive transcellular permeability of the compound at pH 7.4 by PAMPA
3508936,665353,705605,Cc1[nH]c2c(Cl)cc(Cl)cc2c(=O)c1-c1ccccc1,permeability,232.43,10'-6 cm/s,Passive transcellular permeability of the compound at pH 7.4 by PAMPA
3508937,665353,704599,Cc1[nH]c2cc(Cl)cc(Cl)c2c(=O)c1-c1ccccc1,permeability,319.64,10'-6 cm/s,Passive transcellular permeability of the compound at pH 7.4 by PAMPA
3508938,665353,707020,CCCCCCCCCc1c(C)[nH]c2cc(OC)c(Cl)cc2c1=O,permeability,0,10'-6 cm/s,Passive transcellular permeability of the compound at pH 7.4 by PAMPA
3508939,665353,704711,COc1cc2[nH]c(C)c(C)c(=O)c2cc1Cl,permeability,59.2,10'-6 cm/s,Passive transcellular permeability of the compound at pH 7.4 by PAMPA
3508940,665353,704754,COc1cc2[nH]c(C)c(C(C)C)c(=O)c2cc1Cl,permeability,187.4,10'-6 cm/s,Passive transcellular permeability of the compound at pH 7.4 by PAMPA
3508941,665353,704755,COc1cc2[nH]c(C)c(CC(C)C)c(=O)c2cc1Cl,permeability,367.6,10'-6 cm/s,Passive transcellular permeability of the compound at pH 7.4 by PAMPA
3508942,665353,707141,CCCCC#Cc1c(C)[nH]c2cc(OC)c(Cl)cc2c1=O,permeability,0,10'-6 cm/s,Passive transcellular permeability of the compound at pH 7.4 by PAMPA
3508943,665353,707255,CCCCC/C=C/c1c(C)[nH]c2cc(OC)c(Cl)cc2c1=O,permeability,46.3,10'-6 cm/s,Passive transcellular permeability of the compound at pH 7.4 by PAMPA
3508944,665353,705303,CCCCC#Cc1c(C)[nH]c2ccc(OC)cc2c1=O,permeability,2438.2,10'-6 cm/s,Passive transcellular permeability of the compound at pH 7.4 by PAMPA
3508945,665353,705304,CCCCC#Cc1c(C)[nH]c2ccccc2c1=O,permeability,2137.05,10'-6 cm/s,Passive transcellular permeability of the compound at pH 7.4 by PAMPA
3508946,665353,705331,CCCCC#Cc1c(C)[nH]c2ccc(Cl)cc2c1=O,permeability,0,10'-6 cm/s,Passive transcellular permeability of the compound at pH 7.4 by PAMPA
3508947,665353,705332,CCCCC#Cc1c(C)[nH]c2ccc(F)cc2c1=O,permeability,495,10'-6 cm/s,Passive transcellular permeability of the compound at pH 7.4 by PAMPA
3508948,665353,705603,Cc1[nH]c2cc(Cl)c(Cl)cc2c(=O)c1-c1ccccc1,permeability,0,10'-6 cm/s,Passive transcellular permeability of the compound at pH 7.4 by PAMPA
3508949,665353,705559,Cc1[nH]c2ccc(Cl)c(Cl)c2c(=O)c1-c1ccccc1,permeability,191.88,10'-6 cm/s,Passive transcellular permeability of the compound at pH 7.4 by PAMPA
3508950,665353,706545,COc1ccc2c(=O)c(Cc3ccccc3)c(C)[nH]c2c1,permeability,240,10'-6 cm/s,Passive transcellular permeability of the compound at pH 7.4 by PAMPA
3508951,665353,706543,COc1cccc2[nH]c(C)c(Cc3ccccc3)c(=O)c12,permeability,158.13,10'-6 cm/s,Passive transcellular permeability of the compound at pH 7.4 by PAMPA
3508952,665353,705432,Cc1[nH]c2cc(Cl)ccc2c(=O)c1Cc1ccccc1,permeability,392.08,10'-6 cm/s,Passive transcellular permeability of the compound at pH 7.4 by PAMPA
3508953,665353,705430,Cc1[nH]c2cccc(Cl)c2c(=O)c1Cc1ccccc1,permeability,250.66,10'-6 cm/s,Passive transcellular permeability of the compound at pH 7.4 by PAMPA
3508954,665353,705368,COc1ccc2c(=O)c(-c3ccccc3)c(C)[nH]c2c1,permeability,9.89,10'-6 cm/s,Passive transcellular permeability of the compound at pH 7.4 by PAMPA
3508955,665353,705333,COc1cccc2[nH]c(C)c(-c3ccccc3)c(=O)c12,permeability,333.28,10'-6 cm/s,Passive transcellular permeability of the compound at pH 7.4 by PAMPA
3508956,665353,705557,Cc1[nH]c2cc(Cl)ccc2c(=O)c1-c1ccccc1,permeability,0,10'-6 cm/s,Passive transcellular permeability of the compound at pH 7.4 by PAMPA
3508957,665353,705495,Cc1[nH]c2cccc(Cl)c2c(=O)c1-c1ccccc1,permeability,99.63,10'-6 cm/s,Passive transcellular permeability of the compound at pH 7.4 by PAMPA
3508958,665353,706664,COc1ccc2c(c1)c(=O)c(Cc1ccccc1)c(C)n2C,permeability,267.85,10'-6 cm/s,Passive transcellular permeability of the compound at pH 7.4 by PAMPA
3508959,665353,706788,COc1ccc2nc(C)c(Cc3ccccc3)c(OC)c2c1,permeability,1067.76,10'-6 cm/s,Passive transcellular permeability of the compound at pH 7.4 by PAMPA
3508960,665353,706665,Cc1c(Cc2ccccc2)c(=O)c2cc(Cl)ccc2n1C,permeability,488.58,10'-6 cm/s,Passive transcellular permeability of the compound at pH 7.4 by PAMPA
3508961,665353,706789,COc1c(Cc2ccccc2)c(C)nc2ccc(Cl)cc12,permeability,267.97,10'-6 cm/s,Passive transcellular permeability of the compound at pH 7.4 by PAMPA
3508962,665353,706787,COc1ccc2c(=O)c(Cc3ccccc3)c(C)n(C)c2c1,permeability,299.24,10'-6 cm/s,Passive transcellular permeability of the compound at pH 7.4 by PAMPA
3508963,665353,706906,COc1ccc2c(OC)c(Cc3ccccc3)c(C)nc2c1,permeability,1277.24,10'-6 cm/s,Passive transcellular permeability of the compound at pH 7.4 by PAMPA
3509023,665353,706907,COc1cc2[nH]c(C)c(-c3ccccc3)c(=O)c2cc1F,permeability,124,10'-6 cm/s,Passive transcellular permeability of the compound at pH 7.4 by PAMPA
3509026,665353,704805,COc1cc2[nH]c(C)c(Br)c(=O)c2cc1Cl,permeability,151.93,10'-6 cm/s,Passive transcellular permeability of the compound at pH 7.4 by PAMPA
3506158,665613,705246,C[C@H](NP(=O)(OC[C@H]1O[C@@H](n2ccc(=O)[nH]c2=O)[C@](C)(F)[C@@H]1O)Oc1ccc(F)cc1)C(=O)OC1CCCCC1,permeability,4.88,nm/s,Permeability by PAMPA assay
3506159,665613,707965,CC(C)OC(=O)[C@H](C)NP(=O)(OC[C@H]1O[C@@H](n2ccc(=O)[nH]c2=O)[C@](C)(F)[C@@H]1O)Oc1ccccc1,permeability,0.46,nm/s,Permeability by PAMPA assay
3506160,665613,557136,COC(=O)[C@H](C)NP(=O)(OC[C@H]1O[C@@H](n2ccc(=O)[nH]c2=O)[C@](C)(F)[C@@H]1O)Oc1ccccc1,permeability,0.07,nm/s,Permeability by PAMPA assay
3526897,674061,710584,NC(=O)c1cc(-c2ccnc(N)n2)[nH]c1-c1ccc2sccc2c1,permeability,8.5,10'-6 cm/s,Apparent permeability by PAMPA membrane
3526898,674061,708964,NC(=O)c1cc(-c2ccnc(N)n2)[nH]c1-c1ccsc1,permeability,18.6,10'-6 cm/s,Apparent permeability by PAMPA membrane
3526899,674061,708963,NC(=O)c1cc(-c2ccnc(N)n2)[nH]c1-c1cccs1,permeability,6.3,10'-6 cm/s,Apparent permeability by PAMPA membrane
3526900,674061,710171,CCn1c(-c2ccnc(N)n2)cc(C(N)=O)c1-c1ccccc1,permeability,21.2,10'-6 cm/s,Apparent permeability by PAMPA membrane
3526901,674061,709864,NC(=O)c1c(-c2ccccc2)[nH]c(-c2ccnc(N)n2)c1I,permeability,7.6,10'-6 cm/s,Apparent permeability by PAMPA membrane
3526902,674061,710585,NC(=O)c1cc(-c2nc(N)ncc2F)[nH]c1-c1ccccc1,permeability,4.7,10'-6 cm/s,Apparent permeability by PAMPA membrane
3526903,674061,709470,NC(=O)c1cc(-c2ccnc(N)n2)[nH]c1-c1ccccc1,permeability,6,10'-6 cm/s,Apparent permeability by PAMPA membrane
3528086,675889,1157527,C=Cn1nc(C(N)=O)c2c1-c1nc(Nc3cc(N4CCN(C)CC4)ccc3OC(F)(F)F)ncc1CC2,Papp,19.6,10'-6 cm/s,Permeability of the compound by PAMPA
3528087,675889,710898,Cn1nc(C(N)=O)c2c1-c1nc(Nc3cc(N4CCNCC4)ccc3OC(F)(F)F)ncc1CC2,Papp,7.22,10'-6 cm/s,Permeability of the compound by PAMPA
3528240,675889,711399,CN1CCN(c2ccc(OC(F)(F)F)c(Nc3ncc4c(n3)-c3c(c(C(N)=O)nn3C)CC4)c2)CC1,Papp,50,10'-6 cm/s,Permeability of the compound by PAMPA
3528241,675889,1157523,CN1CCN(c2ccc(OC(F)(F)F)c(Nc3ncc4c(n3)-c3c(c(C(N)=O)nn3CCF)CC4)c2)CC1,Papp,50,10'-6 cm/s,Permeability of the compound by PAMPA
3598035,687033,717,CC(O)(CS(=O)(=O)c1ccc(F)cc1)C(=O)Nc1ccc(C#N)c(C(F)(F)F)c1,permeability,2.5,10'-5 cm/s,Membrane permeability by PAMPA assay
3598036,687033,626622,CC1(C)C(=O)N(c2ccc(C#N)c(Cl)c2)C(=S)N1CCCS(N)(=O)=O,permeability,2.5,10'-5 cm/s,Membrane permeability by PAMPA assay
3598037,687033,631042,CC1(C)C(=O)N(c2ccc(C#N)c(C(F)(F)F)c2)C(=S)N1c1ccccc1,permeability,6.9,10'-7 cm/s,Membrane permeability by PAMPA assay
3598038,687033,716297,CC1(C)C(=O)N(c2ccc(C#N)c(Cl)c2)C(=S)N1c1cccc(S(N)(=O)=O)c1,permeability,1.6,10'-6 cm/s,Membrane permeability by PAMPA assay
3598039,687033,716411,CC1(C)C(=O)N(c2ccc(C#N)c(C(F)(F)F)c2)C(=S)N1c1cccc(S(N)(=O)=O)c1,permeability,8.1,10'-6 cm/s,Membrane permeability by PAMPA assay
3598040,687033,716412,CC1(C)C(=O)N(c2ccc(C#N)c(Cl)c2)C(=S)N1c1cccc(S(N)(=O)=O)n1,permeability,1.3,10'-6 cm/s,Membrane permeability by PAMPA assay
3598041,687033,716511,CC1(C)C(=O)N(c2ccc(C#N)c(C(F)(F)F)c2)C(=S)N1c1cccc(S(N)(=O)=O)n1,permeability,1.4,10'-5 cm/s,Membrane permeability by PAMPA assay
3598042,687033,716512,CC1(C)C(=O)N(c2ccc(C#N)c(C(F)(F)F)c2)C(=S)N1c1ccnc(S(N)(=O)=O)c1,permeability,1.2,10'-5 cm/s,Membrane permeability by PAMPA assay
3598043,687033,716620,CC1(C)C(=O)N(c2ccc(C#N)c(Cl)c2)C(=S)N1c1cncc(S(N)(=O)=O)c1,permeability,1.3,10'-5 cm/s,Membrane permeability by PAMPA assay
3598044,687033,716621,CC1(C)C(=O)N(c2ccc(C#N)c(C(F)(F)F)c2)C(=S)N1c1cncc(S(N)(=O)=O)c1,permeability,1.4,10'-5 cm/s,Membrane permeability by PAMPA assay
5117532,694814,1053630,CS(=O)(=O)c1ccc(N2CCOCC2)c(C(=O)N2Cc3cc(C(F)(F)F)cnc3C2)c1,permeability,0.9,10'6cm/s,Permeability of the compound by PAMPA
5117533,694814,1053629,CS(=O)(=O)c1ccc(-c2ccc(F)c(F)c2)c(C(=O)N2Cc3cc(C(F)(F)F)cnc3C2)c1,permeability,6.4,10'6cm/s,Permeability of the compound by PAMPA
5117534,694814,1053628,CS(=O)(=O)c1ccc(-c2ccc(F)cc2)c(C(=O)N2Cc3ccc(C4CCOCC4)cc3C2)c1,permeability,1.4,10'6cm/s,Permeability of the compound by PAMPA
5117535,694814,1053626,CS(=O)(=O)c1ccc(OCc2ccccc2)c(C(=O)N2Cc3cc(C(F)(F)F)cnc3C2)c1,permeability,0.8,10'6cm/s,Permeability of the compound by PAMPA
5117536,694814,1053625,CS(=O)(=O)c1ccc(OCCC(F)(F)F)c(C(=O)N2Cc3ccc(C4CCOCC4)cc3C2)c1,permeability,4.1,10'6cm/s,Permeability of the compound by PAMPA
5117537,694814,1053627,CS(=O)(=O)c1ccc(OCCC(F)(F)F)c(C(=O)N2Cc3cc(C(F)(F)F)cnc3C2)c1,permeability,4.3,10'6cm/s,Permeability of the compound by PAMPA
5117538,694814,1053364,CC(C)COc1ccc(S(C)(=O)=O)cc1C(=O)N1Cc2cc(C(F)(F)F)cnc2C1,permeability,5.5,10'6cm/s,Permeability of the compound by PAMPA
5117539,694814,1053363,CC(C)Oc1ccc(S(C)(=O)=O)cc1C(=O)N1Cc2ccc(C3CCOCC3)cc2C1,permeability,4.2,10'6cm/s,Permeability of the compound by PAMPA
5117540,694814,1053362,CC(C)Oc1ccc(S(C)(=O)=O)cc1C(=O)N1Cc2cc(C(F)(F)F)cnc2C1,permeability,4.1,10'6cm/s,Permeability of the compound by PAMPA
5117541,694814,1053361,C[C@H](Oc1ccc(S(C)(=O)=O)cc1C(=O)N1Cc2ccc(C3CCOCC3)cc2C1)C(F)(F)F,permeability,3.3,10'6cm/s,Permeability of the compound by PAMPA
5117542,694814,1053360,C[C@H](Oc1ccc(S(C)(=O)=O)cc1C(=O)N1Cc2ccc(C3CCCCO3)cc2C1)C(F)(F)F,permeability,0.9,10'6cm/s,Permeability of the compound by PAMPA
5117543,694814,1053359,C[C@H](Oc1ccc(S(C)(=O)=O)cc1C(=O)N1Cc2ccc(-c3ccncc3)cc2C1)C(F)(F)F,permeability,4.2,10'6cm/s,Permeability of the compound by PAMPA
5117544,694814,1053358,C[C@H](Oc1ccc(S(C)(=O)=O)cc1C(=O)N1Cc2ccc(-c3ccccn3)cc2C1)C(F)(F)F,permeability,0.8,10'6cm/s,Permeability of the compound by PAMPA
5117545,694814,1053357,C[C@H](Oc1ccc(S(C)(=O)=O)cc1C(=O)N1Cc2ccc(C(F)(F)F)nc2C1)C(F)(F)F,permeability,5.5,10'6cm/s,Permeability of the compound by PAMPA
5117546,694814,1053356,C[C@H](Oc1ccc(S(C)(=O)=O)cc1C(=O)N1Cc2cnc(C(F)(F)F)cc2C1)C(F)(F)F,permeability,3.9,10'6cm/s,Permeability of the compound by PAMPA
5117547,694814,1053355,C[C@H](Oc1ccc(S(C)(=O)=O)cc1C(=O)N1Cc2cc(C(F)(F)F)cnc2C1)C(F)(F)F,permeability,5,10'6cm/s,Permeability of the compound by PAMPA
5117548,694814,1053354,C[C@H](Oc1ccc(S(C)(=O)=O)cc1C(=O)N1Cc2cccc(C#N)c2C1)C(F)(F)F,permeability,0.8,10'6cm/s,Permeability of the compound by PAMPA
5117549,694814,1053353,COc1cccc2c1CN(C(=O)c1cc(S(C)(=O)=O)ccc1O[C@@H](C)C(F)(F)F)C2,permeability,4.8,10'6cm/s,Permeability of the compound by PAMPA
5117550,694814,1053352,Cc1cccc2c1CN(C(=O)c1cc(S(C)(=O)=O)ccc1O[C@@H](C)C(F)(F)F)C2,permeability,4.2,10'6cm/s,Permeability of the compound by PAMPA
5117551,694814,1053351,C[C@H](Oc1ccc(S(C)(=O)=O)cc1C(=O)N1Cc2ccc(N3CCN(C)CC3)cc2C1)C(F)(F)F,permeability,1.5,10'6cm/s,Permeability of the compound by PAMPA
5117552,694814,1053339,C[C@H](Oc1ccc(S(C)(=O)=O)cc1C(=O)N1Cc2ccc(N3CCOCC3)cc2C1)C(F)(F)F,permeability,4.3,10'6cm/s,Permeability of the compound by PAMPA
5117553,694814,1053350,C[C@H](Oc1ccc(S(C)(=O)=O)cc1C(=O)N1Cc2ccc(N3CCCC3)cc2C1)C(F)(F)F,permeability,0.8,10'6cm/s,Permeability of the compound by PAMPA
5117554,694814,1053349,COc1ccc2c(c1)CN(C(=O)c1cc(S(C)(=O)=O)ccc1O[C@@H](C)C(F)(F)F)C2,permeability,2.7,10'6cm/s,Permeability of the compound by PAMPA
5117555,694814,1053348,C[C@H](Oc1ccc(S(C)(=O)=O)cc1C(=O)N1Cc2ccc(-c3ccccc3)cc2C1)C(F)(F)F,permeability,2.6,10'6cm/s,Permeability of the compound by PAMPA
5117556,694814,1053347,C[C@H](Oc1ccc(S(C)(=O)=O)cc1C(=O)N1Cc2ccc(C(F)(F)F)cc2C1)C(F)(F)F,permeability,0.7,10'6cm/s,Permeability of the compound by PAMPA
5117557,694814,1053346,C[C@H](Oc1ccc(S(C)(=O)=O)cc1C(=O)N1Cc2ccccc2C1)C(F)(F)F,permeability,0.8,10'6cm/s,Permeability of the compound by PAMPA
5117558,694814,1053345,C[C@H](Oc1ccc(S(C)(=O)=O)cc1C(=O)N1Cc2ccc(Cl)cc2C1)C(F)(F)F,permeability,4.4,10'6cm/s,Permeability of the compound by PAMPA
5112974,696882,1051643,CN(C)CCC(=O)NN1c2ccccc2Sc2cc(Cl)ccc21,permeability,8.8,10'-6 cm/s,Permeability of the compound by PAMPA at pH 7.4
5112975,696882,1631493,CN1CCN(NCCN2c3ccccc3Sc3ccccc32)CC1.Cl.Cl,permeability,9.1,10'-6 cm/s,Permeability of the compound by PAMPA at pH 7.4
5112976,696882,1051647,CC(=O)n1c2ccccc2sc2cccc(Cl)c2n1C(C)=O,permeability,7.7,10'-6 cm/s,Permeability of the compound by PAMPA at pH 7.4
5140570,698953,1056117,CC(C)(C)c1cc(C(=O)NCCO)c(NC(=O)Nc2ccc3[nH]ncc3c2)s1,permeability,5,cm/s,Permeability of the compound by PAMPA
5140571,698953,1056116,COCCNC(=O)c1cc(C(C)(C)C)sc1NC(=O)Nc1ccc2[nH]ncc2c1,permeability,4,cm/s,Permeability of the compound by PAMPA
5140572,698953,1056115,CC(C)(C)c1cc(C(=O)NC2CC2)c(NC(=O)Nc2ccc3[nH]ncc3c2)s1,permeability,4,cm/s,Permeability of the compound by PAMPA
5140573,698953,1056114,CC(C)(C)c1cc(C(=O)O)c(NC(=O)Nc2ccc3[nH]ncc3c2)s1,permeability,17,cm/s,Permeability of the compound by PAMPA
5140574,698953,1056113,CC(C)(C)c1ccc(NC(=O)Nc2ccc3[nH]ncc3c2)s1,permeability,3,cm/s,Permeability of the compound by PAMPA
5140575,698953,1056105,CN(C)CCNC(=O)c1cc(C(C)(C)C)sc1NC(=O)Nc1ccc2[nH]ncc2c1,permeability,2,cm/s,Permeability of the compound by PAMPA
5161591,710530,479227,CN(C/C=C\CN)C[C@H]1O[C@@H](n2cnc3c(N)ncnc32)[C@H](F)[C@@H]1O,permeability,0,10'-6 cm/s,Permeability of the compound after 4 hrs by PAMPA assay
5161592,710530,479228,CN(C/C=C\CN)C[C@H]1O[C@@H](n2cnc3c(N)ncnc32)[C@@H](F)[C@@H]1O,permeability,0,10'-6 cm/s,Permeability of the compound after 4 hrs by PAMPA assay
5161593,710530,341452,CN(C/C=C\CN)C[C@H]1O[C@@H](n2cnc3c(N)ncnc32)[C@H](O)[C@@H]1O,permeability,0.13,10'-6 cm/s,Permeability of the compound after 4 hrs by PAMPA assay
5161594,710530,479296,Cc1nc(N)c2ncn([C@@H]3O[C@H](CN(C)C/C=C\CN)[C@@H](O)[C@H]3O)c2n1,permeability,0.22,10'-6 cm/s,Permeability of the compound after 4 hrs by PAMPA assay
5161595,710530,479292,CN(C/C=C\CN)C[C@H]1O[C@@H](n2cnc3c(N)nc(Cl)nc32)[C@H](O)[C@@H]1O,permeability,0.36,10'-6 cm/s,Permeability of the compound after 4 hrs by PAMPA assay
5197063,716607,1066428,Nc1nccn2c1c(-c1ccc3ccc(-c4ccccc4)nc3c1F)nc2[C@H]1CC[C@H](C(=O)Nc2nc3ccccc3[nH]2)CC1,permeability,766,10'-6 cm/s,Permeability of the compound at pH 7.4 by PAMPA
5197059,716607,1066416,Nc1nccn2c1c(-c1ccc3ccc(-c4ccccc4)nc3c1F)nc2[C@H]1CC[C@H](CO)CC1,permeability,1000,10'-6 cm/s,Permeability of the compound at pH 7.4 by PAMPA
5197060,716607,1066417,Nc1nccn2c1c(-c1ccc3ccc(-c4ccccc4)nc3c1F)nc2[C@H]1CC[C@H](C(=O)O)CC1,permeability,1000,10'-6 cm/s,Permeability of the compound at pH 7.4 by PAMPA
5197061,716607,1066420,Nc1nccn2c1c(-c1ccc3ccc(-c4ccccc4)nc3c1F)nc2[C@H]1CC[C@H](C(N)=O)CC1,permeability,63,10'-6 cm/s,Permeability of the compound at pH 7.4 by PAMPA
5197062,716607,1066421,Nc1nccn2c1c(-c1ccc3ccc(-c4ccccc4)nc3c1F)nc2[C@H]1CC[C@H](C(=O)Nc2nncs2)CC1,permeability,86,10'-6 cm/s,Permeability of the compound at pH 7.4 by PAMPA
5206129,717957,689432,O=C(NC[C@@H]1CCCN1)c1ccc(-c2cnc3ccc(NCC4CC4)nn23)cc1,permeability,2,10'-6 cm/s,Membrane permeability at pH 7.4 by PAMPA assay
5206130,717957,689647,CN(C)CCNC(=O)c1ccc(-c2cnc3ccc(NCC4CC4)nn23)cc1,permeability,50,10'-6 cm/s,Membrane permeability at pH 7.4 by PAMPA assay
5206131,717957,1068269,CO[C@H]1CCN[C@@H]1CNC(=O)c1ccc(-c2cnc3ccc(NCC4CC4)nn23)cc1,permeability,6.5,10'-6 cm/s,Membrane permeability at pH 7.4 by PAMPA assay
5206132,717957,1068270,CO[C@H]1CN[C@H](CNC(=O)c2ccc(-c3cnc4ccc(NCC5CC5)nn34)cc2)C1,permeability,2,10'-6 cm/s,Membrane permeability at pH 7.4 by PAMPA assay
5206134,717957,1068272,O=C(NC[C@@H]1C[C@@H](F)CN1)c1ccc(-c2cnc3ccc(NCC4CC4)nn23)cc1,permeability,36,10'-6 cm/s,Membrane permeability at pH 7.4 by PAMPA assay
5206135,717957,1068273,CN(C[C@@H]1CCCN1)C(=O)c1ccc(-c2cnc3ccc(NCC4CC4)nn23)cc1,permeability,6.1,10'-6 cm/s,Membrane permeability at pH 7.4 by PAMPA assay
5206136,717957,1068274,CN(C[C@@H]1C[C@@H](F)CN1)C(=O)c1ccc(-c2cnc3ccc(NCC4CC4)nn23)cc1,permeability,50,10'-6 cm/s,Membrane permeability at pH 7.4 by PAMPA assay
5206137,717957,1068275,CCN(C[C@@H]1C[C@@H](F)CN1)C(=O)c1ccc(-c2cnc3ccc(NCC4CC4)nn23)cc1,permeability,42,10'-6 cm/s,Membrane permeability at pH 7.4 by PAMPA assay
5206138,717957,1068276,CCCN(C[C@@H]1C[C@@H](F)CN1)C(=O)c1ccc(-c2cnc3ccc(NCC4CC4)nn23)cc1,permeability,50,10'-6 cm/s,Membrane permeability at pH 7.4 by PAMPA assay
5206139,717957,1068277,O=C(c1ccc(-c2cnc3ccc(NCC4CC4)nn23)cc1)N(Cc1ccccc1)C[C@@H]1C[C@@H](F)CN1,permeability,50,10'-6 cm/s,Membrane permeability at pH 7.4 by PAMPA assay
5206140,717957,1068278,O=C(c1ccc(-c2cnc3ccc(NCC4CC4)nn23)cc1)N(Cc1cccc(Cl)c1)C[C@@H]1C[C@@H](F)CN1,permeability,50,10'-6 cm/s,Membrane permeability at pH 7.4 by PAMPA assay
5206141,717957,1068279,O=C(c1ccc(-c2cnc3ccc(NCC4CC4)nn23)cc1)N(Cc1ccc(Cl)cc1)C[C@@H]1C[C@@H](F)CN1,permeability,39,10'-6 cm/s,Membrane permeability at pH 7.4 by PAMPA assay
5206142,717957,1068280,O=C(c1ccc(-c2cnc3ccc(NCC4CC4)nn23)cc1)N(C/C=C/c1ccccc1)C[C@@H]1C[C@@H](F)CN1,permeability,50,10'-6 cm/s,Membrane permeability at pH 7.4 by PAMPA assay
5206144,717957,1068282,O=C(O)CN(C[C@@H]1C[C@@H](F)CN1)C(=O)c1ccc(-c2cnc3ccc(NCC4CC4)nn23)cc1,permeability,14,10'-6 cm/s,Membrane permeability at pH 7.4 by PAMPA assay
5206145,717957,1068283,O=C(c1ccc(-c2cnc3ccc(NCC4CC4)nn23)cc1)N(CCO)C[C@@H]1C[C@@H](F)CN1,permeability,15,10'-6 cm/s,Membrane permeability at pH 7.4 by PAMPA assay
5206146,717957,1068284,O=C(O)c1ccc(CN(C[C@@H]2C[C@@H](F)CN2)C(=O)c2ccc(-c3cnc4ccc(NCC5CC5)nn34)cc2)cc1,permeability,2,10'-6 cm/s,Membrane permeability at pH 7.4 by PAMPA assay
5206147,717957,1068285,CC(=O)Nc1ccc(CN(C[C@@H]2C[C@@H](F)CN2)C(=O)c2ccc(-c3cnc4ccc(NCC5CC5)nn34)cc2)cc1,permeability,2,10'-6 cm/s,Membrane permeability at pH 7.4 by PAMPA assay
5238637,728301,1073232,O=C(NC1(C(=O)N[C@@H](Cc2ccccc2)C(=O)NCC2CCN(CC3CCOCC3)CC2)CCCC1)c1ccc(-n2cccc2)cc1Cl,permeability,0.16,10'-6 cm/s,Membrane permeability by PAMPA assay
5238638,728301,1073233,O=C(NC1(C(=O)N[C@@H](Cc2ccccc2)C(=O)NCC2CCN(CC3CCOCC3)CC2)CCCC1)c1ccc(-n2cccc2)cc1F,permeability,0.66,10'-6 cm/s,Membrane permeability by PAMPA assay
5238639,728301,1073234,CCCCc1ccc(C(=O)NC2(C(=O)N[C@@H](Cc3ccccc3)C(=O)NCC3CCN(CC4CCOCC4)CC3)CCCC2)cc1,permeability,1.6,10'-6 cm/s,Membrane permeability by PAMPA assay
5238640,728301,1073235,CCCCc1ccc(C(=O)NC2(C(=O)N[C@@H](Cc3ccccc3)C(=O)NCC3CCN(CC4CCOCC4)CC3)CCCC2)nc1,permeability,7.23,10'-6 cm/s,Membrane permeability by PAMPA assay
5238641,728301,1073236,O=C(NC1(C(=O)N[C@H](CCCN2CCN(CC3CCOCC3)CC2)Cc2ccccc2)CCCC1)c1ccc2ccccc2c1,permeability,5.96,10'-6 cm/s,Membrane permeability by PAMPA assay
5238642,728301,1073237,O=C(NC1(C(=O)N[C@H](CCCN2CCN(CC3CCOCC3)CC2)Cc2ccccc2)CCCC1)c1cc2ccccc2cn1,permeability,15.5,10'-6 cm/s,Membrane permeability by PAMPA assay
5238643,728301,1073238,COc1cc2ccccc2cc1C(=O)NC1(C(=O)N[C@H](CCCN2CCN(CC3CCOCC3)CC2)Cc2ccccc2)CCCC1,permeability,11.91,10'-6 cm/s,Membrane permeability by PAMPA assay
5238644,728301,1073239,COc1c(C(=O)NC2(C(=O)N[C@H](CCCN3CCN(CC4CCOCC4)CC3)Cc3ccccc3)CCCC2)ccc2ccccc12,permeability,6.77,10'-6 cm/s,Membrane permeability by PAMPA assay
5293185,729461,430212,COc1ccc(Cl)cc1NC(=O)Nc1cc(C)nc2ccccc12,permeability,337,10'-6 cm/s,Permeability of the compound by PAMPA assay at pH 7.4
5293186,729461,1075480,Cc1cc(NC(=O)Nc2ccc(C)c(Cl)c2)c2ccccc2n1,permeability,262,10'-6 cm/s,Permeability of the compound by PAMPA assay at pH 7.4
5293219,729461,1075513,CSc1ccccc1NC(=O)Nc1cc(C)nc2ccccc12,permeability,1259,10'-6 cm/s,Permeability of the compound by PAMPA assay at pH 7.4
5293187,729461,538613,COc1ccc(NC(=O)Nc2cc(C)nc3ccccc23)cc1Cl,permeability,336,10'-6 cm/s,Permeability of the compound by PAMPA assay at pH 7.4
5293188,729461,1075482,CCc1ccc(NC(=O)Nc2cc(C)nc3ccccc23)cc1,permeability,535,10'-6 cm/s,Permeability of the compound by PAMPA assay at pH 7.4
5293220,729461,529948,CSc1ccc(NC(=O)Nc2cc(C)nc3ccccc23)cc1,permeability,473,10'-6 cm/s,Permeability of the compound by PAMPA assay at pH 7.4
5293189,729461,1075483,Cc1ccc(NC(=O)Nc2cc(C)nc3ccccc23)cc1,permeability,669,10'-6 cm/s,Permeability of the compound by PAMPA assay at pH 7.4
5293190,729461,1075484,Cc1cc(NC(=O)Nc2cccc(Cl)c2)c2ccccc2n1,permeability,566,10'-6 cm/s,Permeability of the compound by PAMPA assay at pH 7.4
5293191,729461,1075485,Cc1cc(NC(=O)Nc2ccc(Cl)c(Cl)c2)c2ccccc2n1,permeability,197,10'-6 cm/s,Permeability of the compound by PAMPA assay at pH 7.4
5293192,729461,1075486,Cc1cc(NC(=O)Nc2ccc(Cl)cc2Cl)c2ccccc2n1,permeability,6,10'-6 cm/s,Permeability of the compound by PAMPA assay at pH 7.4
5293193,729461,704338,Cc1cc(NC(=O)Nc2ccc(Cl)cc2)c2ccccc2n1,permeability,537,10'-6 cm/s,Permeability of the compound by PAMPA assay at pH 7.4
5293194,729461,1075488,Cc1cc(NC(=O)Nc2cc(Cl)cc(Cl)c2)c2ccccc2n1,permeability,0,10'-6 cm/s,Permeability of the compound by PAMPA assay at pH 7.4
5293195,729461,1075489,Cc1cc(NC(=O)Nc2ccc(Cl)c(C(F)(F)F)c2)c2ccccc2n1,permeability,63,10'-6 cm/s,Permeability of the compound by PAMPA assay at pH 7.4
5293196,729461,1075490,Cc1cc(NC(=O)Nc2ccccc2F)c2ccccc2n1,permeability,817,10'-6 cm/s,Permeability of the compound by PAMPA assay at pH 7.4
5293197,729461,1075491,Cc1cc(NC(=O)Nc2cccc(F)c2)c2ccccc2n1,permeability,0,10'-6 cm/s,Permeability of the compound by PAMPA assay at pH 7.4
5293198,729461,1075492,Cc1cc(NC(=O)Nc2ccc(F)cc2)c2ccccc2n1,permeability,801,10'-6 cm/s,Permeability of the compound by PAMPA assay at pH 7.4
5293199,729461,1075493,Cc1cc(NC(=O)Nc2ccc(F)cc2F)c2ccccc2n1,permeability,640,10'-6 cm/s,Permeability of the compound by PAMPA assay at pH 7.4
5293200,729461,1075494,Cc1cc(NC(=O)Nc2cc(F)ccc2F)c2ccccc2n1,permeability,541,10'-6 cm/s,Permeability of the compound by PAMPA assay at pH 7.4
5293201,729461,1075495,Cc1cc(NC(=O)Nc2ccc(F)c(F)c2)c2ccccc2n1,permeability,478,10'-6 cm/s,Permeability of the compound by PAMPA assay at pH 7.4
5293202,729461,1075496,Cc1cc(NC(=O)Nc2cc(F)cc(F)c2)c2ccccc2n1,permeability,0,10'-6 cm/s,Permeability of the compound by PAMPA assay at pH 7.4
5293203,729461,1075497,COc1ccc(NC(=O)Nc2cc(C)nc3ccccc23)cc1F,permeability,50,10'-6 cm/s,Permeability of the compound by PAMPA assay at pH 7.4
5293204,729461,1075498,Cc1cccc(NC(=O)Nc2cc(C)nc3ccccc23)c1,permeability,4,10'-6 cm/s,Permeability of the compound by PAMPA assay at pH 7.4
5293205,729461,1075499,Cc1cc(NC(=O)Nc2ccccc2C(C)(C)C)c2ccccc2n1,permeability,27,10'-6 cm/s,Permeability of the compound by PAMPA assay at pH 7.4
5293206,729461,1075500,Cc1cc(NC(=O)Nc2cccc(C(C)(C)C)c2)c2ccccc2n1,permeability,555,10'-6 cm/s,Permeability of the compound by PAMPA assay at pH 7.4
5293207,729461,524442,Cc1cc(NC(=O)Nc2ccc(C(C)(C)C)cc2)c2ccccc2n1,permeability,142,10'-6 cm/s,Permeability of the compound by PAMPA assay at pH 7.4
5293208,729461,1075502,Cc1cc(NC(=O)Nc2ccccc2C(F)(F)F)c2ccccc2n1,permeability,945,10'-6 cm/s,Permeability of the compound by PAMPA assay at pH 7.4
5293209,729461,1075503,Cc1cc(NC(=O)Nc2cccc(C(F)(F)F)c2)c2ccccc2n1,permeability,0,10'-6 cm/s,Permeability of the compound by PAMPA assay at pH 7.4
5293210,729461,1075504,Cc1cc(NC(=O)Nc2ccc(C(F)(F)F)cc2)c2ccccc2n1,permeability,2,10'-6 cm/s,Permeability of the compound by PAMPA assay at pH 7.4
5293211,729461,1075505,Cc1cc(NC(=O)Nc2ccc([N+](=O)[O-])c(C(F)(F)F)c2)c2ccccc2n1,permeability,45,10'-6 cm/s,Permeability of the compound by PAMPA assay at pH 7.4
5293212,729461,1075506,COc1ccccc1NC(=O)Nc1cc(C)nc2ccccc12,permeability,0,10'-6 cm/s,Permeability of the compound by PAMPA assay at pH 7.4
5293213,729461,539030,COc1cccc(NC(=O)Nc2cc(C)nc3ccccc23)c1,permeability,818,10'-6 cm/s,Permeability of the compound by PAMPA assay at pH 7.4
5293214,729461,704250,COc1ccc(NC(=O)Nc2cc(C)nc3ccccc23)cc1,permeability,787,10'-6 cm/s,Permeability of the compound by PAMPA assay at pH 7.4
5293215,729461,1075509,COc1ccc(NC(=O)Nc2cc(C)nc3ccccc23)cc1OC,permeability,552,10'-6 cm/s,Permeability of the compound by PAMPA assay at pH 7.4
5293216,729461,1075510,Cc1cc(NC(=O)Nc2ccccc2OC(F)(F)F)c2ccccc2n1,permeability,1107,10'-6 cm/s,Permeability of the compound by PAMPA assay at pH 7.4
5293217,729461,1075511,Cc1cc(NC(=O)Nc2cccc(OC(F)(F)F)c2)c2ccccc2n1,permeability,464,10'-6 cm/s,Permeability of the compound by PAMPA assay at pH 7.4
5293218,729461,704339,Cc1cc(NC(=O)Nc2ccc(OC(F)(F)F)cc2)c2ccccc2n1,permeability,531,10'-6 cm/s,Permeability of the compound by PAMPA assay at pH 7.4
5293221,729461,1075515,Cc1cc(NC(=O)Nc2ccc(SC(F)(F)F)cc2)c2ccccc2n1,permeability,206,10'-6 cm/s,Permeability of the compound by PAMPA assay at pH 7.4
5293222,729461,528908,Cc1cc(NC(=O)Nc2cccc(N(C)C)c2)c2ccccc2n1,permeability,0,10'-6 cm/s,Permeability of the compound by PAMPA assay at pH 7.4
5293223,729461,1075517,Cc1cc(NC(=O)Nc2ccc(N(C)C)cc2)c2ccccc2n1,permeability,2,10'-6 cm/s,Permeability of the compound by PAMPA assay at pH 7.4
5293224,729461,1075518,Cc1cc(NC(=O)Nc2ccccc2[N+](=O)[O-])c2ccccc2n1,permeability,204,10'-6 cm/s,Permeability of the compound by PAMPA assay at pH 7.4
5293225,729461,1075519,Cc1cc(NC(=O)Nc2cccc([N+](=O)[O-])c2)c2ccccc2n1,permeability,42,10'-6 cm/s,Permeability of the compound by PAMPA assay at pH 7.4
5293226,729461,1075520,Cc1cc(NC(=O)Nc2ccc(O)cc2)c2ccccc2n1,permeability,3,10'-6 cm/s,Permeability of the compound by PAMPA assay at pH 7.4
5293227,729461,1075521,Cc1cc(NC(=O)Nc2ccccc2N)c2ccccc2n1,permeability,300,10'-6 cm/s,Permeability of the compound by PAMPA assay at pH 7.4
5293228,729461,1075522,Cc1cc(NC(=O)Nc2ccc(N)cc2)c2ccccc2n1,permeability,530,10'-6 cm/s,Permeability of the compound by PAMPA assay at pH 7.4
5293229,729461,1075523,CC(=O)c1ccc(NC(=O)Nc2cc(C)nc3ccccc23)cc1,permeability,473,10'-6 cm/s,Permeability of the compound by PAMPA assay at pH 7.4
5293230,729461,1075524,COC(=O)c1cccc(NC(=O)Nc2cc(C)nc3ccccc23)c1,permeability,746,10'-6 cm/s,Permeability of the compound by PAMPA assay at pH 7.4
5293231,729461,1075525,COC(=O)c1ccc(NC(=O)Nc2cc(C)nc3ccccc23)cc1,permeability,448,10'-6 cm/s,Permeability of the compound by PAMPA assay at pH 7.4
5293232,729461,1075526,Cc1cc(NC(=O)Nc2ccccc2C(N)=O)c2ccccc2n1,permeability,0,10'-6 cm/s,Permeability of the compound by PAMPA assay at pH 7.4
5293233,729461,1075527,Cc1cc(NC(=O)Nc2cccc(C(N)=O)c2)c2ccccc2n1,permeability,2,10'-6 cm/s,Permeability of the compound by PAMPA assay at pH 7.4
5293234,729461,1075528,Cc1cc(NC(=O)Nc2ccc(C(N)=O)cc2)c2ccccc2n1,permeability,0,10'-6 cm/s,Permeability of the compound by PAMPA assay at pH 7.4
5293235,729461,1075529,Cc1cc(NC(=O)Nc2ccc(C(=O)O)cc2)c2ccccc2n1,permeability,0,10'-6 cm/s,Permeability of the compound by PAMPA assay at pH 7.4
5293236,729461,1075530,Cc1cc(NC(=O)Nc2ccc(F)cc2C(=O)O)c2ccccc2n1,permeability,5,10'-6 cm/s,Permeability of the compound by PAMPA assay at pH 7.4
5293237,729461,1075531,Cc1cc(NC(=O)Nc2ccc(C(=O)O)c(O)c2)c2ccccc2n1,permeability,0,10'-6 cm/s,Permeability of the compound by PAMPA assay at pH 7.4
5293238,729461,1075532,Cc1cc(NC(=O)Nc2cccnc2)c2ccccc2n1,permeability,63,10'-6 cm/s,Permeability of the compound by PAMPA assay at pH 7.4
5293239,729461,1075533,Cc1cc(NC(=O)Nc2ncccc2C)c2ccccc2n1,permeability,369,10'-6 cm/s,Permeability of the compound by PAMPA assay at pH 7.4
5293240,729461,1075534,Cc1cc(NC(=O)Nc2cnc3ccccc3c2)c2ccccc2n1,permeability,46,10'-6 cm/s,Permeability of the compound by PAMPA assay at pH 7.4
5293241,729461,1075535,Cc1cc(NC(=O)Nc2cccc3nsnc23)c2ccccc2n1,permeability,155,10'-6 cm/s,Permeability of the compound by PAMPA assay at pH 7.4
5293242,729461,1075536,Cc1cc(NC(=O)Nc2ccc3c(c2)OCO3)c2ccccc2n1,permeability,266,10'-6 cm/s,Permeability of the compound by PAMPA assay at pH 7.4
5293243,729461,1075537,Cc1cc(NC(=O)Nc2ccc3[nH]cnc3c2)c2ccccc2n1,permeability,2,10'-6 cm/s,Permeability of the compound by PAMPA assay at pH 7.4
5294158,729930,1066415,C[C@]1(O)C[C@@H](c2nc(-c3ccc4ccc(-c5ccccc5)nc4c3F)c3c(N)ncnn32)C1,permeability,1100,nm/s,Permeability of the compound by PAMPA assay at pH 7.4
5294159,729930,1075940,Nc1ncnn2c1c(-c1ccc3ccc(-c4ccccc4)nc3c1F)nc2[C@H]1C[C@@H](N2CCN(C=O)CC2)C1,permeability,1050,nm/s,Permeability of the compound by PAMPA assay at pH 7.4
5294160,729930,1075942,CN1CCN([C@H]2C[C@@H](c3nc(-c4ccc5ccc(-c6ccccc6)nc5c4F)c4c(N)ncnn43)C2)CC1,permeability,672,nm/s,Permeability of the compound by PAMPA assay at pH 7.4
6169686,742835,311696,CC(C)(C)c1cc(C(C)(C)C)c2[nH]c(C(C)(C)C)c(C[C@H](N)C(=O)N[C@@H](CCCNC(=N)N)C(N)=O)c2c1,Papp,0.43,10'-6 cm/s,Apparent permeability of the compound by PAMPA
6169687,742835,311902,COC(=O)[C@H](CCCN=C(N)N)NC(=O)[C@@H](N)Cc1ccc(-c2ccccc2)cc1,Papp,1.06,10'-6 cm/s,Apparent permeability of the compound by PAMPA
6169688,742835,1141289,CC(C)(C)c1cc(C(C)(C)C)c2[nH]c(C(C)(C)C)c(C[C@H](N)C(=O)N[C@@H](CCCNC(=N)N)C(=O)NCCc3ccccc3)c2c1,Papp,5.27,10'-6 cm/s,Apparent permeability of the compound by PAMPA
6169689,742835,59102,NC(=O)[C@H](CCCN=C(N)N)NC(=O)[C@H](Cc1c[nH]c2ccccc12)NC(=O)[C@@H](N)CCCN=C(N)N,Papp,2.37,10'-6 cm/s,Apparent permeability of the compound by PAMPA
6169690,742835,409037,N=C(N)NCCC[C@H](NC(=O)[C@H](Cc1ccc(-c2ccccc2)cc1)NC(=O)[C@@H](N)CCCNC(=N)N)C(N)=O,Papp,0.01,10'-6 cm/s,Apparent permeability of the compound by PAMPA
6169691,742835,1141290,NCCCC[C@H](NC(=O)[C@H](Cc1ccc(-c2ccccc2)cc1)NC(=O)[C@@H](N)CCCCN)C(N)=O,Papp,0.06,10'-6 cm/s,Apparent permeability of the compound by PAMPA
6169692,742835,1141291,N=C(N)NCCC[C@H](NC(=O)[C@@H](NC(=O)[C@@H](N)CCCNC(=N)N)C(c1ccccc1)c1ccccc1)C(N)=O,Papp,0.83,10'-6 cm/s,Apparent permeability of the compound by PAMPA
6169694,742835,1141292,NCCCC[C@H](NC(=O)[C@H](Cc1ccc(-c2ccccc2)cc1)NC(=O)[C@@H](N)CCCCN)C(=O)NCc1ccccc1,Papp,0.26,10'-6 cm/s,Apparent permeability of the compound by PAMPA
6169695,742835,686479,N=C(N)NCCC[C@H](NC(=O)[C@H](Cc1ccccc1)NC(=O)[C@@H](N)CCCNC(=N)N)C(=O)NCc1ccccc1,Papp,2.31,10'-6 cm/s,Apparent permeability of the compound by PAMPA
6169696,742835,382471,N=C(N)NCCC[C@H](NC(=O)[C@H](Cc1ccc(-c2ccccc2)cc1)NC(=O)[C@@H](N)CCCNC(=N)N)C(=O)NCc1ccccc1,Papp,0.01,10'-6 cm/s,Apparent permeability of the compound by PAMPA
6169697,742835,686480,N=C(N)NCCC[C@H](NC(=O)[C@@H](NC(=O)[C@@H](N)CCCNC(=N)N)C(c1ccccc1)c1ccccc1)C(=O)NCc1ccccc1,Papp,0.42,10'-6 cm/s,Apparent permeability of the compound by PAMPA
6169698,742835,1141293,N=C(N)Nc1ccc(C[C@H](NC(=O)[C@H](Cc2ccc(-c3ccccc3)cc2)NC(=O)[C@@H](N)Cc2ccc(NC(=N)N)cc2)C(=O)NCc2ccccc2)cc1,Papp,0.9,10'-6 cm/s,Apparent permeability of the compound by PAMPA
6169699,742835,686478,N=C(N)NCCC[C@H](NC(=O)[C@H](Cc1c[nH]c2ccccc12)NC(=O)[C@@H](N)CCCNC(=N)N)C(=O)NCc1ccccc1,Papp,0.77,10'-6 cm/s,Apparent permeability of the compound by PAMPA
6169700,742835,685545,N=C(N)NCCC[C@H](N)C(=O)N[C@@H](Cc1c[nH]c2ccccc12)C(=O)N[C@@H](Cc1ccc(NC(=N)N)cc1)C(=O)NCc1ccccc1,Papp,0.47,10'-6 cm/s,Apparent permeability of the compound by PAMPA
6169701,742835,685549,N=C(N)NCCC[C@H](N)C(=O)N[C@@H](Cc1ccc(NC(=N)N)cc1)C(=O)N[C@@H](Cc1c[nH]c2ccccc12)C(=O)NCc1ccccc1,Papp,0.38,10'-6 cm/s,Apparent permeability of the compound by PAMPA
6169702,742835,685548,N=C(N)NCCC[C@H](NC(=O)[C@@H](N)CCCNC(=N)N)C(=O)N[C@@H](Cc1c[nH]c2ccccc12)C(=O)NCc1ccccc1,Papp,0.96,10'-6 cm/s,Apparent permeability of the compound by PAMPA
6169703,742835,789,COCCc1ccc(OCC(O)CNC(C)C)cc1,Papp,3.23,10'-6 cm/s,Apparent permeability of the compound by PAMPA
6169704,742835,583322,CC(C)(C)NCC(O)c1cc(O)cc(O)c1,Papp,0.4,10'-6 cm/s,Apparent permeability of the compound by PAMPA
6169705,742835,62615,NS(=O)(=O)c1cc2c(cc1Cl)N=CNS2(=O)=O,Papp,0.03,10'-6 cm/s,Apparent permeability of the compound by PAMPA
6189585,746020,441971,Fc1ccc(CNc2ncnc3c2cnn3CC(Cl)c2ccc(Cl)cc2)cc1,Papp,16.6,10'-6 cm/s,Apparent permeability of the compound at pH 7.4 by PAMPA assay
6189596,746020,1146094,Clc1cccc(Nc2nc(N3CCOCC3)nc3c2cnn3CC(Cl)c2ccccc2)c1,Papp,14.8,10'-6 cm/s,Apparent permeability of the compound at pH 7.4 by PAMPA assay
6189601,746020,1146087,CC(Cn1ncc2c(Nc3cccc(Cl)c3)ncnc21)c1ccccc1,Papp,13.5,10'-6 cm/s,Apparent permeability of the compound at pH 7.4 by PAMPA assay
6189604,746020,442228,Fc1ccc(CNc2ncnc3c2cnn3CC(Cl)c2ccc(F)cc2)cc1,Papp,11,10'-6 cm/s,Apparent permeability of the compound at pH 7.4 by PAMPA assay
6189617,746020,1146092,ClC(Cn1ncc2c(NCc3ccccc3)nc(SCCN3CCOCC3)nc21)c1ccccc1,Papp,9.1,10'-6 cm/s,Apparent permeability of the compound at pH 7.4 by PAMPA assay
6189632,746020,1146089,Clc1cccc(Nc2nc(SCCN3CCOCC3)nc3c2cnn3CC(Cl)c2ccccc2)c1,Papp,9.5,10'-6 cm/s,Apparent permeability of the compound at pH 7.4 by PAMPA assay
6189643,746020,1146088,ClC(Cn1ncc2c(Nc3ccccc3)nc(SCCN3CCOCC3)nc21)c1ccccc1,Papp,10,10'-6 cm/s,Apparent permeability of the compound at pH 7.4 by PAMPA assay
6189670,746020,1146099,Clc1ccc(C(Cl)Cn2ncc3c(NCc4ccncc4)ncnc32)cc1,Papp,5.4,10'-6 cm/s,Apparent permeability of the compound at pH 7.4 by PAMPA assay
6189699,746020,1146095,OCCNc1nc(NCCc2ccccc2)c2cnn(/C=C\c3ccccc3)c2n1,Papp,2.6,10'-6 cm/s,Apparent permeability of the compound at pH 7.4 by PAMPA assay
6198019,747152,1145383,CN1CCN(c2ccc(OC(F)(F)F)c(Nc3ncc4c(n3)-c3c(c(C(N)=O)nn3CCN)CC4)c2)CC1,Papp,5,10'-6 cm/s,Apparent permeability of the compound by PAMPA assay
6198020,747152,1145385,CN1CCN(c2ccc(OC(F)(F)F)c(Nc3ncc4c(n3)-c3c(c(C(N)=O)nn3CCCN)CC4)c2)CC1,Papp,4,10'-6 cm/s,Apparent permeability of the compound by PAMPA assay
6198054,747152,711399,CN1CCN(c2ccc(OC(F)(F)F)c(Nc3ncc4c(n3)-c3c(c(C(N)=O)nn3C)CC4)c2)CC1,Papp,50,10'-6 cm/s,Apparent permeability of the compound by PAMPA assay
6198055,747152,1145373,CN1CC=C(c2ccc(OC(F)(F)F)c(Nc3ncc4c(n3)-c3c(c(C(N)=O)nn3C)CC4)c2)CC1,Papp,46.41,10'-6 cm/s,Apparent permeability of the compound by PAMPA assay
6198056,747152,1145374,CN1CCC(c2ccc(OC(F)(F)F)c(Nc3ncc4c(n3)-c3c(c(C(N)=O)cn3C)CC4)c2)CC1,Papp,36.78,10'-6 cm/s,Apparent permeability of the compound by PAMPA assay
6198057,747152,1117805,CN1CCN(c2ccc(OC(F)(F)F)c(Nc3ncc4c(n3)-c3c(c(C(N)=O)nn3CCO)CC4)c2)CC1,Papp,49.59,10'-6 cm/s,Apparent permeability of the compound by PAMPA assay
6272435,756586,190424,O=C1CC(c2ccc(Cl)cc2Cl)Cc2nc3ccc(Cl)cc3c(O)c21,permeability,20,10'-6 cm/s,Permeability of the compound by PAMPA method at pH 7.4
6272436,756586,1163963,COc1ccc2c(=O)c3c([nH]c2c1)CCC3,permeability,11,10'-6 cm/s,Permeability of the compound by PAMPA method at pH 7.4
6272437,756586,1163964,COc1ccc2c(=O)c3c([nH]c2c1)CCCC3,permeability,25,10'-6 cm/s,Permeability of the compound by PAMPA method at pH 7.4
6272438,756586,1163965,COc1ccc2c(=O)c3c([nH]c2c1)CCCCC3,permeability,39,10'-6 cm/s,Permeability of the compound by PAMPA method at pH 7.4
6272439,756586,1163966,COc1ccc2c(=O)c3c([nH]c2c1)CCCCCC3,permeability,73,10'-6 cm/s,Permeability of the compound by PAMPA method at pH 7.4
6272440,756586,1163967,O=c1c2c([nH]c3cc(C(F)(F)F)ccc13)CCC2,permeability,60,10'-6 cm/s,Permeability of the compound by PAMPA method at pH 7.4
6272441,756586,1163968,O=c1c2c([nH]c3cc(C(F)(F)F)ccc13)CCCC2,permeability,73,10'-6 cm/s,Permeability of the compound by PAMPA method at pH 7.4
6272442,756586,1163969,O=c1c2c([nH]c3cc(C(F)(F)F)ccc13)CCCCC2,permeability,131,10'-6 cm/s,Permeability of the compound by PAMPA method at pH 7.4
6272443,756586,1163970,O=c1c2c([nH]c3cc(C(F)(F)F)ccc13)CCCCCC2,permeability,252,10'-6 cm/s,Permeability of the compound by PAMPA method at pH 7.4
6272459,756586,584187,O=c1c2c([nH]c3ccccc13)CCCC2,permeability,10,10'-6 cm/s,Permeability of the compound by PAMPA method at pH 7.4
6272466,756586,1163971,COc1cccc2c(=O)c3c([nH]c12)CCCC3,permeability,16,10'-6 cm/s,Permeability of the compound by PAMPA method at pH 7.4
6272473,756586,1163972,COc1ccc2[nH]c3c(c(=O)c2c1)CCCC3,permeability,16,10'-6 cm/s,Permeability of the compound by PAMPA method at pH 7.4
6272480,756586,1163973,COc1cccc2[nH]c3c(c(=O)c12)CCCC3,permeability,17,10'-6 cm/s,Permeability of the compound by PAMPA method at pH 7.4
6272487,756586,1163974,Cc1cccc2c(=O)c3c([nH]c12)CCCC3,permeability,26,10'-6 cm/s,Permeability of the compound by PAMPA method at pH 7.4
6272494,756586,1163975,Cc1ccc2c(=O)c3c([nH]c2c1)CCCC3,permeability,27,10'-6 cm/s,Permeability of the compound by PAMPA method at pH 7.4
6272501,756586,1163976,Cc1ccc2[nH]c3c(c(=O)c2c1)CCCC3,permeability,19,10'-6 cm/s,Permeability of the compound by PAMPA method at pH 7.4
6272508,756586,1163977,Cc1cccc2[nH]c3c(c(=O)c12)CCCC3,permeability,87,10'-6 cm/s,Permeability of the compound by PAMPA method at pH 7.4
6272515,756586,1163978,O=c1c2c([nH]c3c(Cl)cccc13)CCCC2,permeability,107,10'-6 cm/s,Permeability of the compound by PAMPA method at pH 7.4
6272522,756586,524492,O=c1c2c([nH]c3cc(Cl)ccc13)CCCC2,permeability,75,10'-6 cm/s,Permeability of the compound by PAMPA method at pH 7.4
6272529,756586,1163731,O=c1c2c([nH]c3ccc(Cl)cc13)CCCC2,permeability,57,10'-6 cm/s,Permeability of the compound by PAMPA method at pH 7.4
6272536,756586,1163732,O=c1c2c([nH]c3cccc(Cl)c13)CCCC2,permeability,47,10'-6 cm/s,Permeability of the compound by PAMPA method at pH 7.4
6272543,756586,1163733,CC1(C)CCc2[nH]c3ccccc3c(=O)c2C1,permeability,43,10'-6 cm/s,Permeability of the compound by PAMPA method at pH 7.4
6272550,756586,1163734,COc1cccc2c(=O)c3c([nH]c12)CCC(C)(C)C3,permeability,95,10'-6 cm/s,Permeability of the compound by PAMPA method at pH 7.4
6272557,756586,1163735,COc1ccc2c(=O)c3c([nH]c2c1)CCC(C)(C)C3,permeability,88,10'-6 cm/s,Permeability of the compound by PAMPA method at pH 7.4
6272564,756586,1163736,COc1ccc2[nH]c3c(c(=O)c2c1)CC(C)(C)CC3,permeability,73,10'-6 cm/s,Permeability of the compound by PAMPA method at pH 7.4
6272571,756586,1163737,COc1cccc2[nH]c3c(c(=O)c12)CC(C)(C)CC3,permeability,54,10'-6 cm/s,Permeability of the compound by PAMPA method at pH 7.4
6272578,756586,1163738,Cc1cccc2c(=O)c3c([nH]c12)CCC(C)(C)C3,permeability,90,10'-6 cm/s,Permeability of the compound by PAMPA method at pH 7.4
6272585,756586,1163739,Cc1ccc2c(=O)c3c([nH]c2c1)CCC(C)(C)C3,permeability,82,10'-6 cm/s,Permeability of the compound by PAMPA method at pH 7.4
6272592,756586,1163740,Cc1ccc2[nH]c3c(c(=O)c2c1)CC(C)(C)CC3,permeability,84,10'-6 cm/s,Permeability of the compound by PAMPA method at pH 7.4
6272599,756586,1163741,Cc1cccc2[nH]c3c(c(=O)c12)CC(C)(C)CC3,permeability,269,10'-6 cm/s,Permeability of the compound by PAMPA method at pH 7.4
6272606,756586,1163742,CC1(C)CCc2[nH]c3c(Cl)cccc3c(=O)c2C1,permeability,427,10'-6 cm/s,Permeability of the compound by PAMPA method at pH 7.4
6272613,756586,1163743,CC1(C)CCc2[nH]c3cc(Cl)ccc3c(=O)c2C1,permeability,62,10'-6 cm/s,Permeability of the compound by PAMPA method at pH 7.4
6272620,756586,1163744,CC1(C)CCc2[nH]c3ccc(Cl)cc3c(=O)c2C1,permeability,63,10'-6 cm/s,Permeability of the compound by PAMPA method at pH 7.4
6272627,756586,1163745,CC1(C)CCc2[nH]c3cccc(Cl)c3c(=O)c2C1,permeability,117,10'-6 cm/s,Permeability of the compound by PAMPA method at pH 7.4
6272634,756586,1163746,CC1(C)CCc2c([nH]c3ccccc3c2=O)C1,permeability,43,10'-6 cm/s,Permeability of the compound by PAMPA method at pH 7.4
6272641,756586,1163747,COc1cccc2c(=O)c3c([nH]c12)CC(C)(C)CC3,permeability,114,10'-6 cm/s,Permeability of the compound by PAMPA method at pH 7.4
6272648,756586,1163748,COc1ccc2c(=O)c3c([nH]c2c1)CC(C)(C)CC3,permeability,64,10'-6 cm/s,Permeability of the compound by PAMPA method at pH 7.4
6272655,756586,1163749,COc1ccc2[nH]c3c(c(=O)c2c1)CCC(C)(C)C3,permeability,128,10'-6 cm/s,Permeability of the compound by PAMPA method at pH 7.4
6273269,756586,1163750,COc1cccc2[nH]c3c(c(=O)c12)CCC(C)(C)C3,permeability,43,10'-6 cm/s,Permeability of the compound by PAMPA method at pH 7.4
6273276,756586,1163751,Cc1cccc2c(=O)c3c([nH]c12)CC(C)(C)CC3,permeability,88,10'-6 cm/s,Permeability of the compound by PAMPA method at pH 7.4
6273283,756586,1163752,Cc1ccc2c(=O)c3c([nH]c2c1)CC(C)(C)CC3,permeability,53,10'-6 cm/s,Permeability of the compound by PAMPA method at pH 7.4
6273290,756586,1163753,Cc1ccc2[nH]c3c(c(=O)c2c1)CCC(C)(C)C3,permeability,78,10'-6 cm/s,Permeability of the compound by PAMPA method at pH 7.4
6273297,756586,1163754,Cc1cccc2[nH]c3c(c(=O)c12)CCC(C)(C)C3,permeability,240,10'-6 cm/s,Permeability of the compound by PAMPA method at pH 7.4
6273304,756586,1163755,CC1(C)CCc2c([nH]c3c(Cl)cccc3c2=O)C1,permeability,407,10'-6 cm/s,Permeability of the compound by PAMPA method at pH 7.4
6273311,756586,1163781,CC1(C)CCc2c([nH]c3cc(Cl)ccc3c2=O)C1,permeability,0,10'-6 cm/s,Permeability of the compound by PAMPA method at pH 7.4
6273318,756586,1163782,CC1(C)CCc2c([nH]c3ccc(Cl)cc3c2=O)C1,permeability,96,10'-6 cm/s,Permeability of the compound by PAMPA method at pH 7.4
6273325,756586,1163783,CC1(C)CCc2c([nH]c3cccc(Cl)c3c2=O)C1,permeability,103,10'-6 cm/s,Permeability of the compound by PAMPA method at pH 7.4
6273332,756586,1163784,O=c1c2c([nH]c3cc([N+](=O)[O-])ccc13)CCCC2,permeability,63,10'-6 cm/s,Permeability of the compound by PAMPA method at pH 7.4
6273339,756586,1163785,O=c1c2c([nH]c3ccc([N+](=O)[O-])cc13)CCCC2,permeability,6.9,10'-6 cm/s,Permeability of the compound by PAMPA method at pH 7.4
6273346,756586,1163786,O=c1c2c([nH]c3c(F)cccc13)CCCC2,permeability,17,10'-6 cm/s,Permeability of the compound by PAMPA method at pH 7.4
6273353,756586,1163787,O=c1c2c([nH]c3cc(F)ccc13)CCCC2,permeability,21,10'-6 cm/s,Permeability of the compound by PAMPA method at pH 7.4
6273360,756586,1163788,O=c1c2c([nH]c3ccc(I)cc13)CCCC2,permeability,96,10'-6 cm/s,Permeability of the compound by PAMPA method at pH 7.4
6273367,756586,1163789,O=c1c2c([nH]c3cc(Br)ccc13)CCCC2,permeability,70,10'-6 cm/s,Permeability of the compound by PAMPA method at pH 7.4
6273374,756586,911290,Oc1c2c(nc3ccc(Br)cc13)CCCC2,permeability,63,10'-6 cm/s,Permeability of the compound by PAMPA method at pH 7.4
6273381,756586,1163790,CC(C)(C)c1cccc2c(=O)c3c([nH]c12)CCCC3,permeability,553,10'-6 cm/s,Permeability of the compound by PAMPA method at pH 7.4
6273388,756586,1163791,CC(C)(C)c1ccc2[nH]c3c(c(=O)c2c1)CCCC3,permeability,165,10'-6 cm/s,Permeability of the compound by PAMPA method at pH 7.4
6273395,756586,1163792,O=c1c2c([nH]c3c(C(F)(F)F)cccc13)CCCC2,permeability,246,10'-6 cm/s,Permeability of the compound by PAMPA method at pH 7.4
6273402,756586,1163793,CC(C)c1ccc2[nH]c3c(c(=O)c2c1)CCCC3,permeability,100,10'-6 cm/s,Permeability of the compound by PAMPA method at pH 7.4
6273409,756586,1163794,CCOc1ccc2[nH]c3c(c(=O)c2c1)CCCC3,permeability,52,10'-6 cm/s,Permeability of the compound by PAMPA method at pH 7.4
6273416,756586,1163795,CCOC(=O)c1ccc2[nH]c3c(c(=O)c2c1)CCCC3,permeability,63,10'-6 cm/s,Permeability of the compound by PAMPA method at pH 7.4
6273423,756586,1163796,Cc1ccc(C)c2c(=O)c3c([nH]c12)CCCC3,permeability,263,10'-6 cm/s,Permeability of the compound by PAMPA method at pH 7.4
6273430,756586,1163797,Cc1cc(C)c2[nH]c3c(c(=O)c2c1)CCCC3,permeability,58,10'-6 cm/s,Permeability of the compound by PAMPA method at pH 7.4
6273437,756586,1163798,Cc1cc(C)c2c(=O)c3c([nH]c2c1)CCCC3,permeability,218,10'-6 cm/s,Permeability of the compound by PAMPA method at pH 7.4
6273444,756586,1163799,Cc1ccc2c(=O)c3c([nH]c2c1C)CCCC3,permeability,42,10'-6 cm/s,Permeability of the compound by PAMPA method at pH 7.4
6273451,756586,1163800,Cc1cc2[nH]c3c(c(=O)c2cc1C)CCCC3,permeability,46,10'-6 cm/s,Permeability of the compound by PAMPA method at pH 7.4
6273458,756586,1163801,COc1ccc(OC)c2c(=O)c3c([nH]c12)CCCC3,permeability,9,10'-6 cm/s,Permeability of the compound by PAMPA method at pH 7.4
6273465,756586,1163802,COc1cc(OC)c2[nH]c3c(c(=O)c2c1)CCCC3,permeability,51,10'-6 cm/s,Permeability of the compound by PAMPA method at pH 7.4
6273472,756586,1163803,COc1cc(OC)c2c(=O)c3c([nH]c2c1)CCCC3,permeability,13,10'-6 cm/s,Permeability of the compound by PAMPA method at pH 7.4
6273479,756586,1163804,COc1ccc2c(=O)c3c([nH]c2c1OC)CCCC3,permeability,19,10'-6 cm/s,Permeability of the compound by PAMPA method at pH 7.4
6273486,756586,1164009,COc1cc2[nH]c3c(c(=O)c2cc1OC)CCCC3,permeability,1,10'-6 cm/s,Permeability of the compound by PAMPA method at pH 7.4
6273493,756586,1164010,O=c1c2c([nH]c3c(Cl)ccc(Cl)c13)CCCC2,permeability,288,10'-6 cm/s,Permeability of the compound by PAMPA method at pH 7.4
6273500,756586,1164011,O=c1c2c([nH]c3c(Cl)cc(Cl)cc13)CCCC2,permeability,252,10'-6 cm/s,Permeability of the compound by PAMPA method at pH 7.4
6273507,756586,1164012,O=c1c2c([nH]c3cc(Cl)cc(Cl)c13)CCCC2,permeability,134,10'-6 cm/s,Permeability of the compound by PAMPA method at pH 7.4
6273514,756586,1164013,O=c1c2c([nH]c3c(Cl)c(Cl)ccc13)CCCC2,permeability,348,10'-6 cm/s,Permeability of the compound by PAMPA method at pH 7.4
6273521,756586,1164014,O=c1c2c([nH]c3cc(Cl)c(Cl)cc13)CCCC2,permeability,180,10'-6 cm/s,Permeability of the compound by PAMPA method at pH 7.4
6273528,756586,1164015,O=c1c2c([nH]c3c(F)ccc(F)c13)CCCC2,permeability,12,10'-6 cm/s,Permeability of the compound by PAMPA method at pH 7.4
6273535,756586,1164016,O=c1c2c([nH]c3c(F)cc(F)cc13)CCCC2,permeability,29,10'-6 cm/s,Permeability of the compound by PAMPA method at pH 7.4
6273542,756586,1164017,O=c1c2c([nH]c3cc(F)cc(F)c13)CCCC2,permeability,13,10'-6 cm/s,Permeability of the compound by PAMPA method at pH 7.4
6273549,756586,1164018,O=c1c2c([nH]c3c(F)c(F)ccc13)CCCC2,permeability,38,10'-6 cm/s,Permeability of the compound by PAMPA method at pH 7.4
6273556,756586,1164019,O=c1c2c([nH]c3cc(F)c(F)cc13)CCCC2,permeability,28,10'-6 cm/s,Permeability of the compound by PAMPA method at pH 7.4
6274165,756586,1164020,COc1cc2c(=O)c3c([nH]c2cc1Cl)CCCC3,permeability,24,10'-6 cm/s,Permeability of the compound by PAMPA method at pH 7.4
6274172,756586,1164021,COc1cc2[nH]c3c(c(=O)c2cc1Cl)CCCC3,permeability,85,10'-6 cm/s,Permeability of the compound by PAMPA method at pH 7.4
6274179,756586,1164022,CC(C)Oc1cc2[nH]c3c(c(=O)c2cc1Cl)CCCC3,permeability,0,10'-6 cm/s,Permeability of the compound by PAMPA method at pH 7.4
6274186,756586,1164023,COc1cc2[nH]c3c(c(=O)c2cc1Cl)CSCC3,permeability,101,10'-6 cm/s,Permeability of the compound by PAMPA method at pH 7.4
6274193,756586,1164024,COc1cc2[nH]c3c(c(=O)c2cc1Cl)CC(F)(F)CC3,permeability,107,10'-6 cm/s,Permeability of the compound by PAMPA method at pH 7.4
6274200,756586,1164025,O=c1c2c([nH]c3ccc(Cl)cc13)CCC(F)(F)C2,permeability,62,10'-6 cm/s,Permeability of the compound by PAMPA method at pH 7.4
6274207,756586,1164026,COc1ccc2c(=O)c3c([nH]c2c1)CCC(F)(F)C3,permeability,39,10'-6 cm/s,Permeability of the compound by PAMPA method at pH 7.4
6274214,756586,1164027,COc1cc2[nH]c3c(c(=O)c2cc1C)CCCC3,permeability,50,10'-6 cm/s,Permeability of the compound by PAMPA method at pH 7.4
6274221,756586,1164028,COc1cc2[nH]c3c(c(=O)c2cc1C)CSCC3,permeability,68,10'-6 cm/s,Permeability of the compound by PAMPA method at pH 7.4
6274228,756586,1164029,O=c1c2c([nH]c3cc(Br)ccc13)CCSC2,permeability,6.3,10'-6 cm/s,Permeability of the compound by PAMPA method at pH 7.4
6274235,756586,1164030,CN1CCc2[nH]c3ccccc3c(=O)c2C1,permeability,21,10'-6 cm/s,Permeability of the compound by PAMPA method at pH 7.4
6274242,756586,1164031,O=c1c2c([nH]c3ccc(Oc4ccc(F)cc4)cc13)CCCC2,permeability,0,10'-6 cm/s,Permeability of the compound by PAMPA method at pH 7.4
6274249,756586,1164032,COc1cc2[nH]c3c(c(=O)c2cc1Cl)C[S+]([O-])CC3,permeability,0,10'-6 cm/s,Permeability of the compound by PAMPA method at pH 7.4
6274256,756586,1164033,COc1cc2[nH]c3c(c(=O)c2cc1Cl)CS(=O)(=O)CC3,permeability,0,10'-6 cm/s,Permeability of the compound by PAMPA method at pH 7.4
6274263,756586,1164034,O=c1c2c([nH]c3ccc(-c4ccncc4)cc13)CCSC2,permeability,15,10'-6 cm/s,Permeability of the compound by PAMPA method at pH 7.4
6274270,756586,1164035,O=c1c2c([nH]c3ccc(-c4cccnc4)cc13)CCSC2,permeability,3,10'-6 cm/s,Permeability of the compound by PAMPA method at pH 7.4
6274277,756586,1164036,O=c1c2c([nH]c3ccc(-c4ccc(F)cc4F)cc13)CCSC2,permeability,10,10'-6 cm/s,Permeability of the compound by PAMPA method at pH 7.4
6274284,756586,1164037,Cc1cc(Cl)ccc1-c1ccc2[nH]c3c(c(=O)c2c1)CSCC3,permeability,1,10'-6 cm/s,Permeability of the compound by PAMPA method at pH 7.4
6274291,756586,1164038,O=c1c2c([nH]c3ccc(-c4ccc(OC(F)(F)F)cc4)cc13)CCSC2,permeability,1,10'-6 cm/s,Permeability of the compound by PAMPA method at pH 7.4
6274298,756586,1164039,O=c1c2c([nH]c3ccc(-c4cccc(Oc5ccc(F)cc5)c4)cc13)CCSC2,permeability,2,10'-6 cm/s,Permeability of the compound by PAMPA method at pH 7.4
6274305,756586,1163805,Cc1cc(Oc2ccc(OC(F)(F)F)cc2)ccc1-c1ccc2[nH]c3c(c(=O)c2c1)CSCC3,permeability,1,10'-6 cm/s,Permeability of the compound by PAMPA method at pH 7.4
6274312,756586,1163806,O=c1c2c([nH]c3ccc(-c4ccc(COc5ccc(OC(F)(F)F)cc5)cc4)cc13)CCSC2,permeability,3,10'-6 cm/s,Permeability of the compound by PAMPA method at pH 7.4
6274319,756586,1163807,O=c1c2c([nH]c3ccc(-c4ccc(COc5ccccc5)cc4)cc13)CCSC2,permeability,7,10'-6 cm/s,Permeability of the compound by PAMPA method at pH 7.4
6274326,756586,1163808,O=c1c2c([nH]c3ccc(-c4ccc(OCc5ccccc5)cc4)cc13)CCSC2,permeability,1,10'-6 cm/s,Permeability of the compound by PAMPA method at pH 7.4
6274333,756586,1163809,O=c1c2c([nH]c3ccc(-c4ccc(C(F)(F)F)cc4)cc13)CCSC2,permeability,1,10'-6 cm/s,Permeability of the compound by PAMPA method at pH 7.4
6274340,756586,1163810,O=c1c2c([nH]c3ccc(-c4ccc(C(F)(F)F)cc4)cc13)CCCC2,permeability,36,10'-6 cm/s,Permeability of the compound by PAMPA method at pH 7.4
6274347,756586,1163811,O=c1c2c([nH]c3cc(-c4ccc(C(F)(F)F)cc4)ccc13)CCCC2,permeability,250,10'-6 cm/s,Permeability of the compound by PAMPA method at pH 7.4
6274354,756586,1163812,O=c1c2c([nH]c3cc(-c4c(F)cccc4F)ccc13)CCCC2,permeability,339,10'-6 cm/s,Permeability of the compound by PAMPA method at pH 7.4
6274361,756586,1163813,CN(C)c1ccc(-c2ccc3c(=O)c4c([nH]c3c2)CCCC4)cc1,permeability,199,10'-6 cm/s,Permeability of the compound by PAMPA method at pH 7.4
6274368,756586,1163814,O=c1c2c([nH]c3cc(-c4ccc(Oc5ccc(OC(F)(F)F)cc5)cc4)ccc13)CCCC2,permeability,18,10'-6 cm/s,Permeability of the compound by PAMPA method at pH 7.4
6300913,758596,1165289,O=C(NCCN1CCCC1)c1ccc(-c2cnc3ccc(NCC4CC4)nn23)cc1,permeability,50,10'-6 cm/s,Permeability of the compound at pH 7.4 by PAMPA method
6300914,758596,1165292,CN(C)CCNC(=O)c1ccc(-c2cnc3ccc(NCC4CC4)nn23)cc1F,permeability,50,10'-6 cm/s,Permeability of the compound at pH 7.4 by PAMPA method
6300915,758596,1165293,O=C(NCCN1CCCC1)c1ccc(-c2cnc3ccc(NCC4CC4)nn23)cc1F,permeability,50,10'-6 cm/s,Permeability of the compound at pH 7.4 by PAMPA method
6300916,758596,1165295,O=C(NC[C@@H]1C[C@@H](F)CN1)c1ccc(-c2cnc3ccc(NCC4CC4)nn23)cc1F,permeability,50,10'-6 cm/s,Permeability of the compound at pH 7.4 by PAMPA method
6300917,758596,1165302,CCCNc1ccc2ncc(-c3ccc(C(=O)NC[C@@H]4C[C@@H](F)CN4)c(F)c3)n2n1,permeability,50,10'-6 cm/s,Permeability of the compound at pH 7.4 by PAMPA method
6300918,758596,1165303,CCCCNc1ccc2ncc(-c3ccc(C(=O)NC[C@@H]4C[C@@H](F)CN4)c(F)c3)n2n1,permeability,50,10'-6 cm/s,Permeability of the compound at pH 7.4 by PAMPA method
6300919,758596,1165304,CCCCCNc1ccc2ncc(-c3ccc(C(=O)NC[C@@H]4C[C@@H](F)CN4)c(F)c3)n2n1,permeability,50,10'-6 cm/s,Permeability of the compound at pH 7.4 by PAMPA method
6300920,758596,1165305,O=C(NC[C@@H]1C[C@@H](F)CN1)c1ccc(-c2cnc3ccc(NC4CCC4)nn23)cc1F,permeability,50,10'-6 cm/s,Permeability of the compound at pH 7.4 by PAMPA method
6300921,758596,1165306,O=C(NC[C@@H]1C[C@@H](F)CN1)c1ccc(-c2cnc3ccc(NC4CCCC4)nn23)cc1F,permeability,50,10'-6 cm/s,Permeability of the compound at pH 7.4 by PAMPA method
6300922,758596,1165307,CSCCNc1ccc2ncc(-c3ccc(C(=O)NC[C@@H]4C[C@@H](F)CN4)c(F)c3)n2n1,permeability,50,10'-6 cm/s,Permeability of the compound at pH 7.4 by PAMPA method
6300923,758596,1165310,O=C(NC[C@@H]1C[C@@H](F)CN1)c1ccc(-c2cnc3ccc(NCCCCF)nn23)cc1F,permeability,50,10'-6 cm/s,Permeability of the compound at pH 7.4 by PAMPA method
6300924,758596,689432,O=C(NC[C@@H]1CCCN1)c1ccc(-c2cnc3ccc(NCC4CC4)nn23)cc1,permeability,0.84,10'-6 cm/s,Permeability of the compound at pH 7.4 by PAMPA method
6300925,758596,1165294,O=C(NC[C@@H]1CCCN1)c1ccc(-c2cnc3ccc(NCC4CC4)nn23)cc1F,permeability,19,10'-6 cm/s,Permeability of the compound at pH 7.4 by PAMPA method
6300926,758596,1165296,O=C(NC[C@@H]1CCCN1)c1ccc(-c2cnc3ccc(NCC4CC4)nn23)cc1Cl,permeability,14,10'-6 cm/s,Permeability of the compound at pH 7.4 by PAMPA method
6300927,758596,1165297,CN(C)CCNC(=O)c1ccc(-c2cnc3ccc(NCC4CC4)nn23)nc1,permeability,14,10'-6 cm/s,Permeability of the compound at pH 7.4 by PAMPA method
6300928,758596,1165298,O=C(NCCN1CCCC1)c1ccc(-c2cnc3ccc(NCC4CC4)nn23)nc1,permeability,11,10'-6 cm/s,Permeability of the compound at pH 7.4 by PAMPA method
6300929,758596,1165308,CSCCCNc1ccc2ncc(-c3ccc(C(=O)NC[C@@H]4C[C@@H](F)CN4)c(F)c3)n2n1,permeability,40,10'-6 cm/s,Permeability of the compound at pH 7.4 by PAMPA method
6300930,758596,1165309,O=C(NC[C@@H]1C[C@@H](F)CN1)c1ccc(-c2cnc3ccc(NCCCF)nn23)cc1F,permeability,33,10'-6 cm/s,Permeability of the compound at pH 7.4 by PAMPA method
6300931,758596,1165311,O=C(NC[C@@H]1C[C@@H](F)CN1)c1ccc(-c2cnc3ccc(NCCCCCF)nn23)cc1F,permeability,37,10'-6 cm/s,Permeability of the compound at pH 7.4 by PAMPA method
6343452,765782,1043970,CCCc1cc(-c2nc(-c3ccc(C)cc3)cs2)ccn1,Papp,0.7555,10'-6 cm/s,Apparent permeability at 10 uM after 4 hrs by PAMPA
6343453,765782,1174772,CCCc1cc(-c2nc(-c3ccc(NC(C)C)cc3)cs2)ccn1,Papp,1.059,10'-6 cm/s,Apparent permeability at 10 uM after 4 hrs by PAMPA
6343454,765782,1174776,CCCc1cc(-c2nc(-c3ccc(NS(C)(=O)=O)cc3)cs2)ccn1,Papp,14.98,10'-6 cm/s,Apparent permeability at 10 uM after 4 hrs by PAMPA
6361566,768729,1177418,c1cc(Nc2nc3c(s2)CCCc2n[nH]cc2-3)ncn1,Papp,41,10'-6 cm/s,Apparent permeability of the compound by PAMPA assay
6361567,768729,1177417,c1cncc(Nc2nc3c(s2)CCCc2n[nH]cc2-3)c1,Papp,35,10'-6 cm/s,Apparent permeability of the compound by PAMPA assay
6361568,768729,1177416,c1ccc(Nc2nc3c(s2)CCCc2n[nH]cc2-3)nc1,Papp,9.4,10'-6 cm/s,Apparent permeability of the compound by PAMPA assay
6361569,768729,1177415,Cc1cc(C)nc(Nc2nc3c(s2)CCc2n[nH]cc2-3)c1,Papp,1,10'-6 cm/s,Apparent permeability of the compound by PAMPA assay
6361570,768729,1177414,Cc1cccc(Nc2nc3c(s2)CCc2n[nH]cc2-3)n1,Papp,2,10'-6 cm/s,Apparent permeability of the compound by PAMPA assay
6361571,768729,1177411,c1cnc(Nc2nc3c(s2)CCc2n[nH]cc2-3)nc1,Papp,3.4,10'-6 cm/s,Apparent permeability of the compound by PAMPA assay
6361572,768729,1177413,Cc1ccc(Nc2nc3c(s2)CCc2n[nH]cc2-3)nc1,Papp,1.9,10'-6 cm/s,Apparent permeability of the compound by PAMPA assay
6361573,768729,1177412,Cc1ccnc(Nc2nc3c(s2)CCc2n[nH]cc2-3)c1,Papp,12.4,10'-6 cm/s,Apparent permeability of the compound by PAMPA assay
6361574,768729,1177410,c1ccc(Nc2nc3c(s2)CCc2n[nH]cc2-3)cc1,Papp,0.1,10'-6 cm/s,Apparent permeability of the compound by PAMPA assay
6361575,768729,1177409,c1cc(Nc2nc3c(s2)CCc2n[nH]cc2-3)ccn1,Papp,2.5,10'-6 cm/s,Apparent permeability of the compound by PAMPA assay
6361576,768729,1177408,c1cncc(Nc2nc3c(s2)CCc2n[nH]cc2-3)c1,Papp,18.7,10'-6 cm/s,Apparent permeability of the compound by PAMPA assay
6361577,768729,1177407,c1ccc(Nc2nc3c(s2)CCc2n[nH]cc2-3)nc1,Papp,3,10'-6 cm/s,Apparent permeability of the compound by PAMPA assay
6361715,768729,1177419,c1cnc(Nc2nc3c(s2)CCCc2n[nH]cc2-3)cn1,Papp,3.8,10'-6 cm/s,Apparent permeability of the compound by PAMPA assay
6361716,768729,1177420,c1cnc(Nc2nc3c(s2)CCCc2n[nH]cc2-3)nc1,Papp,1.5,10'-6 cm/s,Apparent permeability of the compound by PAMPA assay
6361717,768729,1177421,c1cc(Nc2nc3c(s2)CCCc2n[nH]cc2-3)n[nH]1,Papp,25,10'-6 cm/s,Apparent permeability of the compound by PAMPA assay
6361718,768729,1177422,Cc1cc(Nc2nc3c(s2)CCCc2n[nH]cc2-3)n[nH]1,Papp,15,10'-6 cm/s,Apparent permeability of the compound by PAMPA assay
6361719,768729,1177423,Cn1ccc(Nc2nc3c(s2)CCCc2n[nH]cc2-3)n1,Papp,19,10'-6 cm/s,Apparent permeability of the compound by PAMPA assay
6361720,768729,1177607,Cc1ccc(Nc2nc3c(s2)CCCc2n[nH]cc2-3)nn1,Papp,31,10'-6 cm/s,Apparent permeability of the compound by PAMPA assay
6361721,768729,1177608,c1[nH]nc2c1-c1nc(NC3CCCCC3)sc1CCC2,Papp,2.8,10'-6 cm/s,Apparent permeability of the compound by PAMPA assay
6361722,768729,1177609,Cc1cccnc1Nc1nc2c(s1)CCCc1n[nH]cc1-2,Papp,8,10'-6 cm/s,Apparent permeability of the compound by PAMPA assay
6361723,768729,1177610,Cc1ccc(Nc2nc3c(s2)CCCc2n[nH]cc2-3)nc1,Papp,2.7,10'-6 cm/s,Apparent permeability of the compound by PAMPA assay
6361724,768729,1177611,Cc1cccc(Nc2nc3c(s2)CCCc2n[nH]cc2-3)n1,Papp,4.9,10'-6 cm/s,Apparent permeability of the compound by PAMPA assay
6361725,768729,1177612,Cc1cc(C)nc(Nc2nc3c(s2)CCCc2n[nH]cc2-3)c1,Papp,1.2,10'-6 cm/s,Apparent permeability of the compound by PAMPA assay
6361726,768729,1177613,Fc1ccc(Nc2nc3c(s2)CCCc2n[nH]cc2-3)nc1,Papp,0.3,10'-6 cm/s,Apparent permeability of the compound by PAMPA assay
6361727,768729,1177614,Fc1cccc(Nc2nc3c(s2)CCCc2n[nH]cc2-3)n1,Papp,0.1,10'-6 cm/s,Apparent permeability of the compound by PAMPA assay
6361728,768729,1177615,Clc1cccc(Nc2nc3c(s2)CCCc2n[nH]cc2-3)n1,Papp,15.4,10'-6 cm/s,Apparent permeability of the compound by PAMPA assay
6361729,768729,1177616,COc1cccc(Nc2nc3c(s2)CCCc2n[nH]cc2-3)n1,Papp,0.1,10'-6 cm/s,Apparent permeability of the compound by PAMPA assay
6361730,768729,1177617,CCOc1cccc(Nc2nc3c(s2)CCCc2n[nH]cc2-3)n1,Papp,0.1,10'-6 cm/s,Apparent permeability of the compound by PAMPA assay
6361731,768729,1177618,N#Cc1cccc(Nc2nc3c(s2)CCCc2n[nH]cc2-3)n1,Papp,0.1,10'-6 cm/s,Apparent permeability of the compound by PAMPA assay
6361732,768729,1177619,COC(=O)c1cccc(Nc2nc3c(s2)CCCc2n[nH]cc2-3)n1,Papp,0.1,10'-6 cm/s,Apparent permeability of the compound by PAMPA assay
6361733,768729,1177620,OCc1cccc(Nc2nc3c(s2)CCCc2n[nH]cc2-3)n1,Papp,38.8,10'-6 cm/s,Apparent permeability of the compound by PAMPA assay
6361734,768729,1177621,COCCOc1cccc(Nc2nc3c(s2)CCCc2n[nH]cc2-3)n1,Papp,0.1,10'-6 cm/s,Apparent permeability of the compound by PAMPA assay
6361735,768729,1177622,CN(C)c1cccc(Nc2nc3c(s2)CCCc2n[nH]cc2-3)n1,Papp,0.1,10'-6 cm/s,Apparent permeability of the compound by PAMPA assay
6361736,768729,1177623,CCNc1cccc(Nc2nc3c(s2)CCCc2n[nH]cc2-3)n1,Papp,3.1,10'-6 cm/s,Apparent permeability of the compound by PAMPA assay
6361737,768729,1177624,c1cc(Nc2nc3c(s2)CCCc2n[nH]cc2-3)nc(N2CCCC2)c1,Papp,0.1,10'-6 cm/s,Apparent permeability of the compound by PAMPA assay
6361738,768729,1177625,Cc1ccnc(Nc2nc3c(s2)CCCc2n[nH]cc2-3)n1,Papp,0.5,10'-6 cm/s,Apparent permeability of the compound by PAMPA assay
6361739,768729,1177626,COc1ccnc(Nc2nc3c(s2)CCCc2n[nH]cc2-3)n1,Papp,0.3,10'-6 cm/s,Apparent permeability of the compound by PAMPA assay
6361830,768729,1177402,c1ccc(Nc2nc(-c3cn[nH]c3)cs2)nc1,Papp,32.9,10'-6 cm/s,Apparent permeability of the compound by PAMPA assay
6360588,770410,27609,Clc1cccc(Cl)c1NC1=NCCN1,permeability,6.3,10'-6 cm/s,Permeability of the compound by PAMPA
6360589,770410,6216,CN(C)CCCN1c2ccccc2Sc2ccc(Cl)cc21,permeability,8.7,10'-6 cm/s,Permeability of the compound by PAMPA
6360590,770410,1620,CN/C(=N\CCSCc1nc[nH]c1C)NC#N,permeability,0.4,10'-6 cm/s,Permeability of the compound by PAMPA
6360591,770410,1177341,O=C(CCNCCCCNc1c2c(nc3ccccc13)CCCCC2)Nc1ccc2c(c1)C(=O)c1cccc3ccnc-2c13,permeability,1.1,10'-6 cm/s,Permeability of the compound by PAMPA
6360592,770410,16485,Cn1c(=O)c2c(ncn2C)n(C)c1=O,permeability,1.4,10'-6 cm/s,Permeability of the compound by PAMPA
6360593,770410,1177340,O=C(CCNCCCNc1c2c(nc3ccccc13)CCCCC2)Nc1ccc2c(c1)C(=O)c1cccc3ccnc-2c13,permeability,8.9,10'-6 cm/s,Permeability of the compound by PAMPA
6360594,770410,1177339,O=C(CCNCCNc1c2c(nc3ccccc13)CCCCC2)Nc1ccc2c(c1)C(=O)c1cccc3ccnc-2c13,permeability,7.9,10'-6 cm/s,Permeability of the compound by PAMPA
6360595,770410,1177338,O=C(CNCCNc1c2c(nc3ccccc13)CCCCC2)Nc1ccc2c(c1)C(=O)c1cccc3ccnc-2c13,permeability,4,10'-6 cm/s,Permeability of the compound by PAMPA
6360596,770410,1177337,O=C(CCNCCCCNc1c2c(nc3ccccc13)CCCC2)Nc1ccc2c(c1)C(=O)c1cccc3ccnc-2c13,permeability,2.1,10'-6 cm/s,Permeability of the compound by PAMPA
6360597,770410,1177336,O=C(CCNCCCNc1c2c(nc3ccccc13)CCCC2)Nc1ccc2c(c1)C(=O)c1cccc3ccnc-2c13,permeability,3.3,10'-6 cm/s,Permeability of the compound by PAMPA
6360598,770410,1177335,O=C(CCNCCNc1c2c(nc3ccccc13)CCCC2)Nc1ccc2c(c1)C(=O)c1cccc3ccnc-2c13,permeability,2.6,10'-6 cm/s,Permeability of the compound by PAMPA
6360599,770410,1177334,O=C(CNCCNc1c2c(nc3ccccc13)CCCC2)Nc1ccc2c(c1)C(=O)c1cccc3ccnc-2c13,permeability,4.8,10'-6 cm/s,Permeability of the compound by PAMPA
6360600,770410,1177333,O=C(CCNCCCCNc1c2c(nc3ccccc13)CCC2)Nc1ccc2c(c1)C(=O)c1cccc3ccnc-2c13,permeability,2.4,10'-6 cm/s,Permeability of the compound by PAMPA
6360601,770410,1177332,O=C(CCNCCCNc1c2c(nc3ccccc13)CCC2)Nc1ccc2c(c1)C(=O)c1cccc3ccnc-2c13,permeability,4.9,10'-6 cm/s,Permeability of the compound by PAMPA
6360602,770410,1177331,O=C(CCNCCNc1c2c(nc3ccccc13)CCC2)Nc1ccc2c(c1)C(=O)c1cccc3ccnc-2c13,permeability,1.9,10'-6 cm/s,Permeability of the compound by PAMPA
6360603,770410,1177330,O=C(CNCCNc1c2c(nc3ccccc13)CCC2)Nc1ccc2c(c1)C(=O)c1cccc3ccnc-2c13,permeability,4.6,10'-6 cm/s,Permeability of the compound by PAMPA
6361323,770410,6243,CNCCCN1c2ccccc2CCc2ccccc21,permeability,10.1,10'-6 cm/s,Permeability of the compound by PAMPA
6361324,770410,57175,CCn1cc(C(=O)O)c(=O)c2cc(F)c(N3CCNCC3)nc21,permeability,0.5,10'-6 cm/s,Permeability of the compound by PAMPA
6361325,770410,374052,C[C@]12CCC(=O)C=C1CC[C@@H]1[C@@H]2[C@@H](O)C[C@@]2(C)[C@H]1CC[C@]2(O)C(=O)CO,permeability,2.3,10'-6 cm/s,Permeability of the compound by PAMPA
6361326,770410,605,CN(C)CCCN1c2ccccc2CCc2ccccc21,permeability,11.5,10'-6 cm/s,Permeability of the compound by PAMPA
6361327,770410,16391,CN(C)CCCN1c2ccccc2Sc2ccccc21,permeability,8.2,10'-6 cm/s,Permeability of the compound by PAMPA
6373149,772806,1178809,Clc1ccc(Oc2ccc3c(NCCCNCc4ccc5c(c4)OCO5)ccnc3c2)cc1,permeability,317,10'-6 cm/s,Permeability of the compound at pH 7.4 after 30 mins by PAMPA
6373137,772806,1178754,COc1ccc(Oc2ccc3c(NCCCNCc4ccco4)ccnc3c2)cc1,permeability,317,10'-6 cm/s,Permeability of the compound at pH 7.4 after 30 mins by PAMPA
6373138,772806,1178755,COc1ccc(F)cc1CNCCCNc1ccnc2cc(Oc3cccc(N(C)C)c3)ccc12,permeability,317,10'-6 cm/s,Permeability of the compound at pH 7.4 after 30 mins by PAMPA
6373139,772806,1178756,c1ccc(Oc2ccc3c(NCCCNCc4ccc5c(c4)OCO5)ccnc3c2)cc1,permeability,317,10'-6 cm/s,Permeability of the compound at pH 7.4 after 30 mins by PAMPA
6373140,772806,1178757,COc1ccccc1Oc1ccc2c(NCCCNCc3ccco3)ccnc2c1,permeability,317,10'-6 cm/s,Permeability of the compound at pH 7.4 after 30 mins by PAMPA
6373141,772806,1178758,Fc1ccc(Oc2ccc3c(NCCCNCc4ccco4)ccnc3c2)cc1,permeability,317,10'-6 cm/s,Permeability of the compound at pH 7.4 after 30 mins by PAMPA
6373142,772806,1178759,COc1ccc(F)cc1CNCCCNc1ccnc2cc(Oc3ccc(Cl)cc3)ccc12,permeability,317,10'-6 cm/s,Permeability of the compound at pH 7.4 after 30 mins by PAMPA
6373143,772806,1178760,COc1ccc(F)cc1CNCCCNc1ccnc2cc(Oc3ccc(F)cc3)ccc12,permeability,317,10'-6 cm/s,Permeability of the compound at pH 7.4 after 30 mins by PAMPA
6373144,772806,1178761,COc1ccc(F)cc1CNCCCNc1ccnc2cc(Oc3ccccc3)ccc12,permeability,317,10'-6 cm/s,Permeability of the compound at pH 7.4 after 30 mins by PAMPA
6373145,772806,1178762,COc1cccc(Oc2ccc3c(NCCCNCc4ccco4)ccnc3c2)c1,permeability,317,10'-6 cm/s,Permeability of the compound at pH 7.4 after 30 mins by PAMPA
6373146,772806,1178763,CN(C)c1cccc(Oc2ccc3c(NCCCNCc4ccco4)ccnc3c2)c1,permeability,317,10'-6 cm/s,Permeability of the compound at pH 7.4 after 30 mins by PAMPA
6373147,772806,1178807,COc1cccc(CNCCCNc2ccnc3cc(Oc4ccc(C(C)(C)C)cc4)ccc23)c1O,permeability,317,10'-6 cm/s,Permeability of the compound at pH 7.4 after 30 mins by PAMPA
6373148,772806,1178808,COc1cccc(Oc2ccc3c(NCCCNCc4cc(F)ccc4OC)ccnc3c2)c1,permeability,317,10'-6 cm/s,Permeability of the compound at pH 7.4 after 30 mins by PAMPA
6373150,772806,1178810,COc1ccc(Oc2ccc3c(NCCCNCc4cccc(OC)c4O)ccnc3c2)cc1,permeability,317,10'-6 cm/s,Permeability of the compound at pH 7.4 after 30 mins by PAMPA
6373151,772806,1178811,COc1ccccc1Oc1ccc2c(NCCCNCc3ccc4c(c3)OCO4)ccnc2c1,permeability,317,10'-6 cm/s,Permeability of the compound at pH 7.4 after 30 mins by PAMPA
6373152,772806,1178812,COc1cccc(Oc2ccc3c(NCCCNCc4ccc5c(c4)OCO5)ccnc3c2)c1,permeability,317,10'-6 cm/s,Permeability of the compound at pH 7.4 after 30 mins by PAMPA
6373153,772806,1178813,COc1ccc(Oc2ccc3c(NCCCNCc4cc(F)ccc4OC)ccnc3c2)cc1,permeability,317,10'-6 cm/s,Permeability of the compound at pH 7.4 after 30 mins by PAMPA
6373154,772806,1178814,Fc1ccc(Oc2ccc3c(NCCCNCc4ccc5c(c4)OCO5)ccnc3c2)cc1,permeability,317,10'-6 cm/s,Permeability of the compound at pH 7.4 after 30 mins by PAMPA
6373155,772806,1178815,COc1cccc(CNCCCNc2ccnc3cc(Oc4ccc(Cl)cc4)ccc23)c1O,permeability,317,10'-6 cm/s,Permeability of the compound at pH 7.4 after 30 mins by PAMPA
6373156,772806,1178816,Clc1ccc(Oc2ccc3c(NCCCNCc4ccco4)ccnc3c2)cc1,permeability,317,10'-6 cm/s,Permeability of the compound at pH 7.4 after 30 mins by PAMPA
6373157,772806,1178817,COc1ccc(F)cc1CNCCCNc1ccnc2cc(Oc3ccccc3OC)ccc12,permeability,317,10'-6 cm/s,Permeability of the compound at pH 7.4 after 30 mins by PAMPA
6373158,772806,1178818,COc1ccc(Oc2ccc3c(NCCCNCc4ccc5c(c4)OCO5)ccnc3c2)cc1,permeability,317,10'-6 cm/s,Permeability of the compound at pH 7.4 after 30 mins by PAMPA
6373159,772806,1178819,COc1cccc(CNCCCNc2ccnc3cc(Oc4ccccc4)ccc23)c1O,permeability,317,10'-6 cm/s,Permeability of the compound at pH 7.4 after 30 mins by PAMPA
6373160,772806,1178820,COc1cccc(CNCCCNc2ccnc3cc(Oc4cccc(N(C)C)c4)ccc23)c1O,permeability,317,10'-6 cm/s,Permeability of the compound at pH 7.4 after 30 mins by PAMPA
6373161,772806,1178821,CC(C)(C)c1ccc(Oc2ccc3c(NCCCNCc4ccc5c(c4)OCO5)ccnc3c2)cc1,permeability,317,10'-6 cm/s,Permeability of the compound at pH 7.4 after 30 mins by PAMPA
6373162,772806,1178822,COc1ccc(F)cc1CNCCCNc1ccnc2cc(Oc3ccc(C(C)(C)C)cc3)ccc12,permeability,317,10'-6 cm/s,Permeability of the compound at pH 7.4 after 30 mins by PAMPA
6373163,772806,1178823,COc1cccc(Oc2ccc3c(NCCCNCc4cccc(OC)c4O)ccnc3c2)c1,permeability,317,10'-6 cm/s,Permeability of the compound at pH 7.4 after 30 mins by PAMPA
6373164,772806,1178824,COc1cccc(CNCCCNc2ccnc3cc(Oc4ccc(F)cc4)ccc23)c1O,permeability,317,10'-6 cm/s,Permeability of the compound at pH 7.4 after 30 mins by PAMPA
6373165,772806,1178825,CN(C)c1cccc(Oc2ccc3c(NCCCNCc4ccc5c(c4)OCO5)ccnc3c2)c1,permeability,317,10'-6 cm/s,Permeability of the compound at pH 7.4 after 30 mins by PAMPA
6373166,772806,1178826,CC(C)(C)c1ccc(Oc2ccc3c(NCCCNCc4ccco4)ccnc3c2)cc1,permeability,317,10'-6 cm/s,Permeability of the compound at pH 7.4 after 30 mins by PAMPA
6373167,772806,1178874,COc1ccccc1Oc1ccc2c(NCCCNCc3cccc(OC)c3O)ccnc2c1,permeability,317,10'-6 cm/s,Permeability of the compound at pH 7.4 after 30 mins by PAMPA
6373168,772806,1178875,c1ccc(Oc2ccc3c(NCCCNCc4ccco4)ccnc3c2)cc1,permeability,317,10'-6 cm/s,Permeability of the compound at pH 7.4 after 30 mins by PAMPA
6373169,772806,1178876,COc1ccc(-c2ccc3c(NCCCNCc4ccco4)ccnc3c2)cc1,permeability,237,10'-6 cm/s,Permeability of the compound at pH 7.4 after 30 mins by PAMPA
6373170,772806,1178877,COc1ccc(F)cc1CNCCCNc1ccnc2cc(Cc3ccc4c(c3)OCO4)ccc12,permeability,237,10'-6 cm/s,Permeability of the compound at pH 7.4 after 30 mins by PAMPA
6373171,772806,1178878,COc1cccc(CNCCCNc2ccnc3cc(-c4ccc(C(F)(F)F)cc4)ccc23)c1O,permeability,237,10'-6 cm/s,Permeability of the compound at pH 7.4 after 30 mins by PAMPA
6373172,772806,1178879,COc1ccc(-c2ccc3c(NCCCNCc4ccc5c(c4)OCO5)ccnc3c2)cc1,permeability,237,10'-6 cm/s,Permeability of the compound at pH 7.4 after 30 mins by PAMPA
6373173,772806,1178880,c1cc(NCCCNCc2ccc3c(c2)OCO3)c2ccc(Cc3ccc4c(c3)OCO4)cc2n1,permeability,237,10'-6 cm/s,Permeability of the compound at pH 7.4 after 30 mins by PAMPA
6373174,772806,1178881,COc1ccc(-c2ccc3c(NCCCNCc4cc(F)ccc4OC)ccnc3c2)cc1,permeability,237,10'-6 cm/s,Permeability of the compound at pH 7.4 after 30 mins by PAMPA
6373175,772806,1178882,c1ccc(-c2ccc3c(NCCCNCc4ccc5c(c4)OCO5)ccnc3c2)cc1,permeability,237,10'-6 cm/s,Permeability of the compound at pH 7.4 after 30 mins by PAMPA
6373176,772806,1178883,Fc1ccc(-c2ccc3c(NCCCNCc4ccc5c(c4)OCO5)ccnc3c2)cc1,permeability,237,10'-6 cm/s,Permeability of the compound at pH 7.4 after 30 mins by PAMPA
6373177,772806,1178884,COc1ccc(F)cc1CNCCCNc1ccnc2cc(-c3ccccc3)ccc12,permeability,237,10'-6 cm/s,Permeability of the compound at pH 7.4 after 30 mins by PAMPA
6373178,772806,1178885,c1coc(CNCCCNc2ccnc3cc(Cc4ccc5c(c4)OCO5)ccc23)c1,permeability,237,10'-6 cm/s,Permeability of the compound at pH 7.4 after 30 mins by PAMPA
6373179,772806,1178886,COc1cccc(CNCCCNc2ccnc3cc(Cc4ccc5c(c4)OCO5)ccc23)c1O,permeability,237,10'-6 cm/s,Permeability of the compound at pH 7.4 after 30 mins by PAMPA
6373180,772806,1178887,Fc1ccc(-c2ccc3c(NCCCNCc4ccco4)ccnc3c2)cc1,permeability,237,10'-6 cm/s,Permeability of the compound at pH 7.4 after 30 mins by PAMPA
6373181,772806,1178888,COc1ccc(-c2ccc3c(NCCCNCc4cccc(OC)c4O)ccnc3c2)cc1,permeability,237,10'-6 cm/s,Permeability of the compound at pH 7.4 after 30 mins by PAMPA
6373182,772806,1178889,COc1ccc(F)cc1CNCCCNc1ccnc2cc(-c3ccc(C(F)(F)F)cc3)ccc12,permeability,237,10'-6 cm/s,Permeability of the compound at pH 7.4 after 30 mins by PAMPA
6373183,772806,1178890,COc1ccc(F)cc1CNCCCNc1ccnc2cc(-c3ccc(F)cc3)ccc12,permeability,237,10'-6 cm/s,Permeability of the compound at pH 7.4 after 30 mins by PAMPA
6373184,772806,1178891,FC(F)(F)c1ccc(-c2ccc3c(NCCCNCc4ccc5c(c4)OCO5)ccnc3c2)cc1,permeability,237,10'-6 cm/s,Permeability of the compound at pH 7.4 after 30 mins by PAMPA
6373185,772806,1178892,c1ccc(-c2ccc3c(NCCCNCc4ccco4)ccnc3c2)cc1,permeability,237,10'-6 cm/s,Permeability of the compound at pH 7.4 after 30 mins by PAMPA
6373186,772806,1178893,COc1cccc(CNCCCNc2ccnc3cc(-c4cc(C(F)(F)F)cc(C(F)(F)F)c4)ccc23)c1O,permeability,237,10'-6 cm/s,Permeability of the compound at pH 7.4 after 30 mins by PAMPA
6373187,772806,1178894,FC(F)(F)c1ccc(-c2ccc3c(NCCCNCc4ccco4)ccnc3c2)cc1,permeability,237,10'-6 cm/s,Permeability of the compound at pH 7.4 after 30 mins by PAMPA
6373188,772806,1178895,CC(C)(C)c1ccc(-c2ccc3c(NCCCNCc4ccco4)ccnc3c2)cc1,permeability,237,10'-6 cm/s,Permeability of the compound at pH 7.4 after 30 mins by PAMPA
6373189,772806,1178896,COc1cccc(CNCCCNc2ccnc3cc(-c4ccc(C(C)(C)C)cc4)ccc23)c1O,permeability,237,10'-6 cm/s,Permeability of the compound at pH 7.4 after 30 mins by PAMPA
6373190,772806,1178954,CC(C)(C)c1ccc(-c2ccc3c(NCCCNCc4ccc5c(c4)OCO5)ccnc3c2)cc1,permeability,237,10'-6 cm/s,Permeability of the compound at pH 7.4 after 30 mins by PAMPA
6373191,772806,1178955,c1ccc2c(-c3ccc4c(NCCCNCc5ccc6c(c5)OCO6)ccnc4c3)cccc2c1,permeability,237,10'-6 cm/s,Permeability of the compound at pH 7.4 after 30 mins by PAMPA
6373192,772806,1178956,FC(F)(F)c1cc(-c2ccc3c(NCCCNCc4ccc5c(c4)OCO5)ccnc3c2)cc(C(F)(F)F)c1,permeability,237,10'-6 cm/s,Permeability of the compound at pH 7.4 after 30 mins by PAMPA
6373193,772806,1178957,COc1ccc(F)cc1CNCCCNc1ccnc2cc(-c3cc(C(F)(F)F)cc(C(F)(F)F)c3)ccc12,permeability,237,10'-6 cm/s,Permeability of the compound at pH 7.4 after 30 mins by PAMPA
6373194,772806,1178958,COc1cccc(CNCCCNc2ccnc3cc(-c4ccc(F)cc4)ccc23)c1O,permeability,237,10'-6 cm/s,Permeability of the compound at pH 7.4 after 30 mins by PAMPA
6373195,772806,1178959,FC(F)(F)c1cc(-c2ccc3c(NCCCNCc4ccco4)ccnc3c2)cc(C(F)(F)F)c1,permeability,237,10'-6 cm/s,Permeability of the compound at pH 7.4 after 30 mins by PAMPA
6373196,772806,1178960,COc1ccc(F)cc1CNCCCNc1ccnc2cc(-c3cccc4ccccc34)ccc12,permeability,237,10'-6 cm/s,Permeability of the compound at pH 7.4 after 30 mins by PAMPA
6373197,772806,1178961,COc1cccc(CNCCCNc2ccnc3cc(-c4cccc5ccccc45)ccc23)c1O,permeability,237,10'-6 cm/s,Permeability of the compound at pH 7.4 after 30 mins by PAMPA
6373198,772806,1178962,c1coc(CNCCCNc2ccnc3cc(-c4cccc5ccccc45)ccc23)c1,permeability,237,10'-6 cm/s,Permeability of the compound at pH 7.4 after 30 mins by PAMPA
6373199,772806,1178963,COc1ccc(F)cc1CNCCCNc1ccnc2cc(-c3ccc(C(C)(C)C)cc3)ccc12,permeability,237,10'-6 cm/s,Permeability of the compound at pH 7.4 after 30 mins by PAMPA
6373200,772806,1179019,COc1cccc(CNCCCNc2ccnc3cc(-c4ccccc4)ccc23)c1O,permeability,237,10'-6 cm/s,Permeability of the compound at pH 7.4 after 30 mins by PAMPA
6373201,772806,1179020,CCC(CC)c1ccc2c(NCCCNCc3cccc(OC)c3O)ccnc2c1,permeability,23,10'-6 cm/s,Permeability of the compound at pH 7.4 after 30 mins by PAMPA
6373202,772806,1179021,COc1cccc(CNCCCNc2ccnc3cc(Cc4cc(C)cc(C)c4)ccc23)c1O,permeability,23,10'-6 cm/s,Permeability of the compound at pH 7.4 after 30 mins by PAMPA
6373203,772806,1179022,Cc1cc(C)cc(Cc2ccc3c(NCCCNCc4ccco4)ccnc3c2)c1,permeability,23,10'-6 cm/s,Permeability of the compound at pH 7.4 after 30 mins by PAMPA
6373204,772806,1179023,COc1cccc(CNCCCNc2ccnc3cc(Cc4ccc(C#N)cc4)ccc23)c1O,permeability,23,10'-6 cm/s,Permeability of the compound at pH 7.4 after 30 mins by PAMPA
6373205,772806,1179024,COc1ccc(F)cc1CNCCCNc1ccnc2cc(Cc3ccccc3)ccc12,permeability,23,10'-6 cm/s,Permeability of the compound at pH 7.4 after 30 mins by PAMPA
6373206,772806,1179025,COc1cccc(CNCCCNc2ccnc3cc(Cc4ccc(F)cc4Cl)ccc23)c1O,permeability,23,10'-6 cm/s,Permeability of the compound at pH 7.4 after 30 mins by PAMPA
6373207,772806,1179026,c1ccc(CCc2ccc3c(NCCCNCc4ccc5c(c4)OCO5)ccnc3c2)cc1,permeability,23,10'-6 cm/s,Permeability of the compound at pH 7.4 after 30 mins by PAMPA
6373208,772806,1179027,COc1cccc(CNCCCNc2ccnc3cc(Cc4ccc(F)cc4)ccc23)c1O,permeability,23,10'-6 cm/s,Permeability of the compound at pH 7.4 after 30 mins by PAMPA
6373209,772806,1179028,COc1cccc(CNCCCNc2ccnc3cc(CCc4ccccc4)ccc23)c1O,permeability,23,10'-6 cm/s,Permeability of the compound at pH 7.4 after 30 mins by PAMPA
6373210,772806,1179029,COc1cccc(CNCCCNc2ccnc3cc(Cc4ccccc4)ccc23)c1O,permeability,23,10'-6 cm/s,Permeability of the compound at pH 7.4 after 30 mins by PAMPA
6373211,772806,1179030,COc1cccc(CNCCCNc2ccnc3cc(C4CCCCC4)ccc23)c1O,permeability,23,10'-6 cm/s,Permeability of the compound at pH 7.4 after 30 mins by PAMPA
6373212,772806,1179031,Fc1ccc(Cc2ccc3c(NCCCNCc4ccco4)ccnc3c2)c(Cl)c1,permeability,23,10'-6 cm/s,Permeability of the compound at pH 7.4 after 30 mins by PAMPA
6373213,772806,1179032,COc1cccc(CNCCCNc2ccnc3cc(CC(C)C)ccc23)c1O,permeability,23,10'-6 cm/s,Permeability of the compound at pH 7.4 after 30 mins by PAMPA
6373214,772806,1179033,COc1cccc(CNCCCNc2ccnc3cc(CCC(C)C)ccc23)c1O,permeability,23,10'-6 cm/s,Permeability of the compound at pH 7.4 after 30 mins by PAMPA
6373215,772806,1179034,N#Cc1ccc(Cc2ccc3c(NCCCNCc4ccc5c(c4)OCO5)ccnc3c2)cc1,permeability,23,10'-6 cm/s,Permeability of the compound at pH 7.4 after 30 mins by PAMPA
6373216,772806,1179035,COc1cccc(CNCCCNc2ccnc3cc(Cc4cccc(C(F)(F)F)c4)ccc23)c1O,permeability,23,10'-6 cm/s,Permeability of the compound at pH 7.4 after 30 mins by PAMPA
6373217,772806,1179036,Fc1ccc(Cc2ccc3c(NCCCNCc4ccc5c(c4)OCO5)ccnc3c2)c(Cl)c1,permeability,23,10'-6 cm/s,Permeability of the compound at pH 7.4 after 30 mins by PAMPA
6373218,772806,1179037,CCC(CC)c1ccc2c(NCCCNCc3ccc4c(c3)OCO4)ccnc2c1,permeability,23,10'-6 cm/s,Permeability of the compound at pH 7.4 after 30 mins by PAMPA
6373219,772806,1179038,CC(C)CCc1ccc2c(NCCCNCc3ccc4c(c3)OCO4)ccnc2c1,permeability,23,10'-6 cm/s,Permeability of the compound at pH 7.4 after 30 mins by PAMPA
6373220,772806,1179039,COc1ccc(F)cc1CNCCCNc1ccnc2cc(Cc3ccc(C#N)cc3)ccc12,permeability,23,10'-6 cm/s,Permeability of the compound at pH 7.4 after 30 mins by PAMPA
6373221,772806,1179040,COc1ccc(F)cc1CNCCCNc1ccnc2cc(Cc3cc(C)cc(C)c3)ccc12,permeability,23,10'-6 cm/s,Permeability of the compound at pH 7.4 after 30 mins by PAMPA
6373222,772806,1179041,N#Cc1ccc(Cc2ccc3c(NCCCNCc4ccco4)ccnc3c2)cc1,permeability,23,10'-6 cm/s,Permeability of the compound at pH 7.4 after 30 mins by PAMPA
6373223,772806,1179042,FC(F)(F)c1cccc(Cc2ccc3c(NCCCNCc4ccc5c(c4)OCO5)ccnc3c2)c1,permeability,23,10'-6 cm/s,Permeability of the compound at pH 7.4 after 30 mins by PAMPA
6373224,772806,1179138,c1ccc(Cc2ccc3c(NCCCNCc4ccco4)ccnc3c2)cc1,permeability,23,10'-6 cm/s,Permeability of the compound at pH 7.4 after 30 mins by PAMPA
6373225,772806,1179139,COc1ccc(F)cc1CNCCCNc1ccnc2cc(Cc3cccc(C(F)(F)F)c3)ccc12,permeability,23,10'-6 cm/s,Permeability of the compound at pH 7.4 after 30 mins by PAMPA
6373226,772806,1179140,CCC(CC)c1ccc2c(NCCCNCc3cc(F)ccc3OC)ccnc2c1,permeability,23,10'-6 cm/s,Permeability of the compound at pH 7.4 after 30 mins by PAMPA
6373227,772806,1179141,c1cc(NCCCNCc2ccc3c(c2)OCO3)c2ccc(CC3CCCCC3)cc2n1,permeability,23,10'-6 cm/s,Permeability of the compound at pH 7.4 after 30 mins by PAMPA
6373228,772806,1179142,Cc1cc(C)cc(Cc2ccc3c(NCCCNCc4ccc5c(c4)OCO5)ccnc3c2)c1,permeability,23,10'-6 cm/s,Permeability of the compound at pH 7.4 after 30 mins by PAMPA
6373229,772806,1179143,c1ccc(CCc2ccc3c(NCCCNCc4ccco4)ccnc3c2)cc1,permeability,23,10'-6 cm/s,Permeability of the compound at pH 7.4 after 30 mins by PAMPA
6373230,772806,1179144,COc1cccc(CNCCCNc2ccnc3cc(CC4CCCCC4)ccc23)c1O,permeability,23,10'-6 cm/s,Permeability of the compound at pH 7.4 after 30 mins by PAMPA
6373231,772806,1179145,c1coc(CNCCCNc2ccnc3cc(CC4CCCCC4)ccc23)c1,permeability,23,10'-6 cm/s,Permeability of the compound at pH 7.4 after 30 mins by PAMPA
6373232,772806,1179146,FC(F)(F)c1cccc(Cc2ccc3c(NCCCNCc4ccco4)ccnc3c2)c1,permeability,23,10'-6 cm/s,Permeability of the compound at pH 7.4 after 30 mins by PAMPA
6373233,772806,1179147,Fc1ccc(Cc2ccc3c(NCCCNCc4ccco4)ccnc3c2)cc1,permeability,23,10'-6 cm/s,Permeability of the compound at pH 7.4 after 30 mins by PAMPA
6373234,772806,1179148,CC(C)Cc1ccc2c(NCCCNCc3ccc4c(c3)OCO4)ccnc2c1,permeability,23,10'-6 cm/s,Permeability of the compound at pH 7.4 after 30 mins by PAMPA
6373235,772806,1179149,COc1ccc(F)cc1CNCCCNc1ccnc2cc(Cc3ccc(F)cc3)ccc12,permeability,23,10'-6 cm/s,Permeability of the compound at pH 7.4 after 30 mins by PAMPA
6373236,772806,1179150,CCC(CC)c1ccc2c(NCCCNCc3ccco3)ccnc2c1,permeability,23,10'-6 cm/s,Permeability of the compound at pH 7.4 after 30 mins by PAMPA
6373237,772806,1179151,COc1ccc(F)cc1CNCCCNc1ccnc2cc(CC(C)C)ccc12,permeability,23,10'-6 cm/s,Permeability of the compound at pH 7.4 after 30 mins by PAMPA
6373238,772806,1179152,COc1ccc(F)cc1CNCCCNc1ccnc2cc(C3CCCCC3)ccc12,permeability,23,10'-6 cm/s,Permeability of the compound at pH 7.4 after 30 mins by PAMPA
6373239,772806,1179153,COc1ccc(F)cc1CNCCCNc1ccnc2cc(CCC(C)C)ccc12,permeability,23,10'-6 cm/s,Permeability of the compound at pH 7.4 after 30 mins by PAMPA
6373240,772806,1179154,c1coc(CNCCCNc2ccnc3cc(C4CCCCC4)ccc23)c1,permeability,23,10'-6 cm/s,Permeability of the compound at pH 7.4 after 30 mins by PAMPA
6373241,772806,1179155,Fc1ccc(Cc2ccc3c(NCCCNCc4ccc5c(c4)OCO5)ccnc3c2)cc1,permeability,23,10'-6 cm/s,Permeability of the compound at pH 7.4 after 30 mins by PAMPA
6373242,772806,1179156,c1cc(NCCCNCc2ccc3c(c2)OCO3)c2ccc(C3CCCCC3)cc2n1,permeability,23,10'-6 cm/s,Permeability of the compound at pH 7.4 after 30 mins by PAMPA
6373243,772806,1179157,COc1ccc(F)cc1CNCCCNc1ccnc2cc(CCc3ccccc3)ccc12,permeability,23,10'-6 cm/s,Permeability of the compound at pH 7.4 after 30 mins by PAMPA
6373244,772806,1179158,COc1ccc(F)cc1CNCCCNc1ccnc2cc(CC3CCCCC3)ccc12,permeability,23,10'-6 cm/s,Permeability of the compound at pH 7.4 after 30 mins by PAMPA
6373245,772806,1179159,CC(C)CCc1ccc2c(NCCCNCc3ccco3)ccnc2c1,permeability,23,10'-6 cm/s,Permeability of the compound at pH 7.4 after 30 mins by PAMPA
6373246,772806,1179160,COc1ccc(F)cc1CNCCCNc1ccnc2cc(Cc3ccc(F)cc3Cl)ccc12,permeability,23,10'-6 cm/s,Permeability of the compound at pH 7.4 after 30 mins by PAMPA
6373247,772806,1179161,CC(C)Cc1ccc2c(NCCCNCc3ccco3)ccnc2c1,permeability,23,10'-6 cm/s,Permeability of the compound at pH 7.4 after 30 mins by PAMPA
6373248,772806,1179162,c1ccc(Cc2ccc3c(NCCCNCc4ccc5c(c4)OCO5)ccnc3c2)cc1,permeability,23,10'-6 cm/s,Permeability of the compound at pH 7.4 after 30 mins by PAMPA
6374120,772832,1180952,CN(C)CCNc1ccc(Cn2c(=O)[nH]c3c(N)nc(C(F)(F)F)cc32)cn1,permeability,0.1,10'-6 cm/s,Permeability of the compound by PAMPA
6374121,772832,1180954,Nc1nc(C(F)(F)F)cc2c1[nH]c(=O)n2Cc1ccc(NCCN2CCCC2)nc1,permeability,0.1,10'-6 cm/s,Permeability of the compound by PAMPA
6374122,772832,1180958,CN(C)CCN1CCN(c2ccc(Cn3c(=O)[nH]c4c(N)nc(C(F)(F)F)cc43)cn2)CC1,permeability,0.1,10'-6 cm/s,Permeability of the compound by PAMPA
6374123,772832,1180962,Nc1nc(C(F)(F)F)cc2c1[nH]c(=O)n2Cc1ccc(NCCN2CCCCC2)nc1,permeability,0.3,10'-6 cm/s,Permeability of the compound by PAMPA
6374124,772832,1180961,CN1CCN(CCN(C)c2ccc(Cn3c(=O)[nH]c4c(N)nc(C(F)(F)F)cc43)cn2)CC1,permeability,0.7,10'-6 cm/s,Permeability of the compound by PAMPA
6374125,772832,1180955,CN(C)CCN(C)c1ccc(Cn2c(=O)[nH]c3c(N)nc(C(F)(F)F)cc32)cn1,permeability,0.9,10'-6 cm/s,Permeability of the compound by PAMPA
6374126,772832,1180951,CN(C)CCOc1ccc(Cn2c(=O)[nH]c3c(N)nc(C(F)(F)F)cc32)cn1,permeability,1.3,10'-6 cm/s,Permeability of the compound by PAMPA
6374127,772832,1180960,CCN(CC)CCN(C)c1ccc(Cn2c(=O)[nH]c3c(N)nc(C(F)(F)F)cc32)cn1,permeability,2.5,10'-6 cm/s,Permeability of the compound by PAMPA
6374128,772832,1180953,Nc1nc(C(F)(F)F)cc2c1[nH]c(=O)n2Cc1ccc(OCCN2CCCC2)nc1,permeability,4.7,10'-6 cm/s,Permeability of the compound by PAMPA
6374129,772832,1180959,CN(CCN1CCCCC1)c1ccc(Cn2c(=O)[nH]c3c(N)nc(C(F)(F)F)cc32)cn1,permeability,5.2,10'-6 cm/s,Permeability of the compound by PAMPA
6374130,772832,1180957,COCCN1CCN(c2ccc(Cn3c(=O)[nH]c4c(N)nc(C(F)(F)F)cc43)cn2)CC1,permeability,9.9,10'-6 cm/s,Permeability of the compound by PAMPA
6374131,772832,1180956,CN1CCN(c2ccc(Cn3c(=O)[nH]c4c(N)nc(C(F)(F)F)cc43)cn2)CC1,permeability,12,10'-6 cm/s,Permeability of the compound by PAMPA
7986879,795053,1219,COc1ccc(CCN(C)CCCC(C#N)(c2ccc(OC)c(OC)c2)C(C)C)cc1OC,permeability,15.6,ucm/s,Permeability of the compound by PAMPA
7986876,795053,1270918,Nc1nc(Cc2ccc(-c3cccc4oc5ccccc5c34)cc2)cn1Cc1ccccc1Cl,permeability,4,ucm/s,Permeability of the compound by PAMPA
7986877,795053,1270915,COc1cc(OC)cc(-c2ccc(Cc3cn(Cc4cc(F)cc(F)c4)c(N)n3)cc2)c1,permeability,3.2,ucm/s,Permeability of the compound by PAMPA
7986878,795053,1270914,COc1cc(OC)cc(-c2ccc(Cc3cn(Cc4ccc(F)cc4)c(N)n3)cc2)c1,permeability,4,ucm/s,Permeability of the compound by PAMPA
7986880,795053,364520,C[C@]12CC[C@H]3[C@@H](CCC4=CC(=O)CC[C@@]43C)[C@@H]1CC[C@@H]2O,permeability,15.7,ucm/s,Permeability of the compound by PAMPA
7986881,795053,16391,CN(C)CCCN1c2ccccc2Sc2ccccc21,permeability,11.5,ucm/s,Permeability of the compound by PAMPA
7986882,795053,11968,CN1C(C(=O)Nc2ccccn2)=C(O)c2ccccc2S1(=O)=O,permeability,0.4,ucm/s,Permeability of the compound by PAMPA
7986883,795053,146,CC1COc2c(N3CCN(C)CC3)c(F)cc3c(=O)c(C(=O)O)cn1c23,permeability,0.7,ucm/s,Permeability of the compound by PAMPA
7986884,795053,374052,C[C@]12CCC(=O)C=C1CC[C@@H]1[C@@H]2[C@@H](O)C[C@@]2(C)[C@H]1CC[C@]2(O)C(=O)CO,permeability,0.6,ucm/s,Permeability of the compound by PAMPA
7986885,795053,57175,CCn1cc(C(=O)O)c(=O)c2cc(F)c(N3CCNCC3)nc21,permeability,0.3,ucm/s,Permeability of the compound by PAMPA
7986886,795053,6243,CNCCCN1c2ccccc2CCc2ccccc21,permeability,12.4,ucm/s,Permeability of the compound by PAMPA
7986887,795053,16485,Cn1c(=O)c2c(ncn2C)n(C)c1=O,permeability,0.9,ucm/s,Permeability of the compound by PAMPA
7986888,795053,1279,CC(C)NCC(O)COc1ccc(CC(N)=O)cc1,permeability,0.2,ucm/s,Permeability of the compound by PAMPA
7985404,795365,1270630,CN1CCC2(CC1)CNC(=O)c1cc(-c3ccnc(NC(=O)c4cccc(OC(F)(F)F)c4)c3)[nH]c12,permeability,0,nm/s,Permeability of the compound by PAMPA
7985405,795365,1270629,O=C(Nc1cc(-c2cc3c([nH]2)C2(CCNCC2)CNC3=O)ccn1)c1cccc(OC(F)(F)F)c1,permeability,0,nm/s,Permeability of the compound by PAMPA
7985406,795365,1270628,CN1CCC2(CC1)CNC(=O)c1cc(-c3ccnc(NC(=O)c4cccc(F)c4)c3)[nH]c12,permeability,0,nm/s,Permeability of the compound by PAMPA
7985407,795365,1270627,O=C(Nc1cc(-c2cc3c([nH]2)C2(CCNCC2)CNC3=O)ccn1)c1cccc(F)c1,permeability,6,nm/s,Permeability of the compound by PAMPA
7985408,795365,1270626,CN1CCC2(CC1)CNC(=O)c1cc(-c3ccnc(NC(=O)c4ccc5ccccc5c4)c3)[nH]c12,permeability,0,nm/s,Permeability of the compound by PAMPA
7985410,795365,1270624,O=C(Nc1cc(-c2cc3c([nH]2)C2(CCNCC2)CNC3=O)ccn1)c1ccc(F)cc1,permeability,0,nm/s,Permeability of the compound by PAMPA
7985411,795365,1270622,O=C1NCC2(CCNCC2)c2[nH]c(-c3ccnc(NC(=O)c4cccc5ccccc45)c3)cc21,permeability,0,nm/s,Permeability of the compound by PAMPA
7985412,795365,1270620,O=C(Nc1cc(-c2cc3c([nH]2)C2(CCNCC2)CNC3=O)ccn1)c1ccc2ccccc2c1,permeability,0,nm/s,Permeability of the compound by PAMPA
7985413,795365,1270618,Cc1ccc(C(=O)Nc2cc(-c3cc4c([nH]3)C3(CCNCC3)CNC4=O)ccn2)cc1C,permeability,0,nm/s,Permeability of the compound by PAMPA
7985414,795365,1117749,O=C1NCC2(CCNCC2)c2[nH]c(-c3ccnc(-c4ccc5c(c4)OCO5)n3)cc21,permeability,0,nm/s,Permeability of the compound by PAMPA
7986167,795365,1270631,O=C(Nc1cc(-c2cc3c([nH]2)C2(CCNCC2)CNC3=O)ccn1)c1ccc(C(F)(F)F)cc1,permeability,0,nm/s,Permeability of the compound by PAMPA
7986168,795365,1270632,O=C(Nc1cc(-c2cc3c([nH]2)C2(CCNCC2)CNC3=O)ccn1)c1ccccn1,permeability,0,nm/s,Permeability of the compound by PAMPA
7986169,795365,1270633,O=C(Nc1cc(-c2cc3c([nH]2)C2(CCNCC2)CNC3=O)ccn1)c1ccncc1,permeability,0,nm/s,Permeability of the compound by PAMPA
7986172,795365,1270634,Cc1ccc(C(=O)Nc2cc(-c3cc4c([nH]3)C3(CCCNC3)CNC4=O)ccn2)cc1C,permeability,10,nm/s,Permeability of the compound by PAMPA
7986175,795365,1270635,O=C(Nc1cc(-c2cc3c([nH]2)C2(CCCNC2)CNC3=O)ccn1)c1ccc2ccccc2c1,permeability,0,nm/s,Permeability of the compound by PAMPA
7986176,795365,1270636,O=C1NCC2(CCCNC2)c2[nH]c(-c3ccnc(NC(=O)c4cccc5ccccc45)c3)cc21,permeability,1,nm/s,Permeability of the compound by PAMPA
7986177,795365,1270637,O=C(Nc1cc(-c2cc3c([nH]2)C2(CCCNC2)CNC3=O)ccn1)c1ccc(F)cc1,permeability,5,nm/s,Permeability of the compound by PAMPA
7986178,795365,1270637,O=C(Nc1cc(-c2cc3c([nH]2)C2(CCCNC2)CNC3=O)ccn1)c1ccc(F)cc1,permeability,11,nm/s,Permeability of the compound by PAMPA
7986179,795365,1270637,O=C(Nc1cc(-c2cc3c([nH]2)C2(CCCNC2)CNC3=O)ccn1)c1ccc(F)cc1,permeability,0,nm/s,Permeability of the compound by PAMPA
7986180,795365,1270638,O=C(Nc1cc(-c2cc3c([nH]2)C2(CCCNC2)CNC3=O)ccn1)c1cccc(F)c1,permeability,19,nm/s,Permeability of the compound by PAMPA
7986181,795365,1270639,O=C(Nc1cc(-c2cc3c([nH]2)C2(CCCNC2)CNC3=O)ccn1)c1cccc(OC(F)(F)F)c1,permeability,0,nm/s,Permeability of the compound by PAMPA
7986182,795365,1270640,O=C(Nc1cc(-c2cc3c([nH]2)C2(CCCNC2)CNC3=O)ccn1)c1ccc(C(F)(F)F)cc1,permeability,0,nm/s,Permeability of the compound by PAMPA
7986183,795365,1270641,O=C(Nc1cc(-c2cc3c([nH]2)C2(CCCNC2)CNC3=O)ccn1)c1ccccn1,permeability,2,nm/s,Permeability of the compound by PAMPA
7986184,795365,1270642,O=C(Nc1cc(-c2cc3c([nH]2)C2(CCCNC2)CNC3=O)ccn1)c1cc(F)cc(F)c1,permeability,63,nm/s,Permeability of the compound by PAMPA
7986185,795365,1270643,O=C(Nc1cc(-c2cc3c([nH]2)C2(CCCNC2)CNC3=O)ccn1)c1cccc(C(F)(F)F)c1,permeability,0,nm/s,Permeability of the compound by PAMPA
7986186,795365,1270644,Cc1ccc(C(=O)Nc2cc(-c3cc4c([nH]3)C3(CCNC3)CNC4=O)ccn2)cc1C,permeability,2,nm/s,Permeability of the compound by PAMPA
7986187,795365,1270645,O=C(Nc1cc(-c2cc3c([nH]2)C2(CCNC2)CNC3=O)ccn1)c1ccc2ccccc2c1,permeability,0,nm/s,Permeability of the compound by PAMPA
7986188,795365,1270646,O=C(Nc1cc(-c2cc3c([nH]2)C2(CCNC2)CNC3=O)ccn1)c1ccc(F)cc1,permeability,0,nm/s,Permeability of the compound by PAMPA
7986189,795365,1270647,O=C(Nc1cc(-c2cc3c([nH]2)C2(CCNC2)CNC3=O)ccn1)c1cccc(F)c1,permeability,6,nm/s,Permeability of the compound by PAMPA
7986190,795365,1270648,O=C(Nc1cc(-c2cc3c([nH]2)C2(CCNC2)CNC3=O)ccn1)c1cccc(OC(F)(F)F)c1,permeability,0,nm/s,Permeability of the compound by PAMPA
8009364,796816,1273302,CN1CCN(CCC(=O)NN2c3ccccc3Sc3cc([N+](=O)[O-])ccc32)CC1,permeability,14.6,ucm/s,Permeability of the compound by PAMPA assay
8009365,796816,1273301,COc1ccc2c(c1)Sc1ccccc1N2NC(=O)CCN1CCN(C)CC1,permeability,16.8,ucm/s,Permeability of the compound by PAMPA assay
8009366,796816,1273300,CN1CCN(CCC(=O)NN2c3ccccc3Sc3cc(Cl)ccc32)CC1,permeability,13.8,ucm/s,Permeability of the compound by PAMPA assay
8009367,796816,1273299,CN1CCN(CCC(=O)NN2c3ccccc3Sc3ccccc32)CC1,permeability,17,ucm/s,Permeability of the compound by PAMPA assay
8009368,796816,1273298,COc1ccc2c(c1)Sc1ccccc1N2NC(=O)CCN1CCCC1,permeability,8.7,ucm/s,Permeability of the compound by PAMPA assay
8009369,796816,1273297,O=C(CCN1CCCC1)NN1c2ccccc2Sc2cc(Cl)ccc21,permeability,16.4,ucm/s,Permeability of the compound by PAMPA assay
8009370,796816,1273296,O=C(CCN1CCCC1)NN1c2ccccc2Sc2ccccc21,permeability,17.3,ucm/s,Permeability of the compound by PAMPA assay
8009371,796816,1273295,CC(=O)NN1c2ccccc2Sc2cc(Cl)ccc21,permeability,9.8,ucm/s,Permeability of the compound by PAMPA assay
8009372,796816,1273294,O=C(CN1CCCC1)NN1c2ccccc2Sc2cc(Cl)ccc21,permeability,14.9,ucm/s,Permeability of the compound by PAMPA assay
8009373,796816,1273293,O=C(CN1CCCC1)NN1c2ccccc2Sc2ccc(Cl)cc21,permeability,11.2,ucm/s,Permeability of the compound by PAMPA assay
8009374,796816,1273292,O=C(CN1CCCC1)NN1c2ccccc2Sc2ccccc21,permeability,10.5,ucm/s,Permeability of the compound by PAMPA assay
8009375,796816,1273291,O=C(CN1CCCCC1)NN1c2ccccc2Sc2cc(Cl)ccc21,permeability,14.7,ucm/s,Permeability of the compound by PAMPA assay
8009376,796816,1273290,O=C(CN1CCCCC1)NN1c2ccccc2Sc2ccc(Cl)cc21,permeability,9.1,ucm/s,Permeability of the compound by PAMPA assay
8009377,796816,1273289,O=C(CN1CCCCC1)NN1c2ccccc2Sc2cccc(Cl)c21,permeability,13.9,ucm/s,Permeability of the compound by PAMPA assay
8009378,796816,1273288,O=C(CN1CCCCC1)NN1c2ccccc2Sc2ccccc21,permeability,16.4,ucm/s,Permeability of the compound by PAMPA assay
8009379,796816,1273287,CN(C)CC(=O)NN1c2ccccc2Sc2cc(Cl)ccc21,permeability,15.5,ucm/s,Permeability of the compound by PAMPA assay
8009380,796816,1273286,CN(C)CC(=O)NN1c2ccccc2Sc2ccc(Cl)cc21,permeability,13.5,ucm/s,Permeability of the compound by PAMPA assay
8009381,796816,1273285,CN(C)CC(=O)NN1c2ccccc2Sc2ccccc21,permeability,18.3,ucm/s,Permeability of the compound by PAMPA assay
8009454,796816,364520,C[C@]12CC[C@H]3[C@@H](CCC4=CC(=O)CC[C@@]43C)[C@@H]1CC[C@@H]2O,permeability,24.5,ucm/s,Permeability of the compound by PAMPA assay
8009455,796816,1219,COc1ccc(CCN(C)CCCC(C#N)(c2ccc(OC)c(OC)c2)C(C)C)cc1OC,permeability,20.2,ucm/s,Permeability of the compound by PAMPA assay
8009456,796816,605,CN(C)CCCN1c2ccccc2CCc2ccccc21,permeability,14.4,ucm/s,Permeability of the compound by PAMPA assay
8009457,796816,6243,CNCCCN1c2ccccc2CCc2ccccc21,permeability,16.2,ucm/s,Permeability of the compound by PAMPA assay
8009458,796816,12825,CC(=O)[C@H]1CC[C@H]2[C@@H]3CCC4=CC(=O)CC[C@]4(C)[C@H]3CC[C@]12C,permeability,17.7,ucm/s,Permeability of the compound by PAMPA assay
8009459,796816,16391,CN(C)CCCN1c2ccccc2Sc2ccccc21,permeability,15.5,ucm/s,Permeability of the compound by PAMPA assay
8009460,796816,6216,CN(C)CCCN1c2ccccc2Sc2ccc(Cl)cc21,permeability,11,ucm/s,Permeability of the compound by PAMPA assay
8009461,796816,27609,Clc1cccc(Cl)c1NC1=NCCN1,permeability,9.5,ucm/s,Permeability of the compound by PAMPA assay
8009462,796816,182165,C[C@]12C[C@H](O)[C@H]3[C@@H](CCC4=CC(=O)CC[C@@]43C)[C@@H]1CC[C@@H]2C(=O)CO,permeability,6.4,ucm/s,Permeability of the compound by PAMPA assay
8009463,796816,11968,CN1C(C(=O)Nc2ccccn2)=C(O)c2ccccc2S1(=O)=O,permeability,3.7,ucm/s,Permeability of the compound by PAMPA assay
8009464,796816,374052,C[C@]12CCC(=O)C=C1CC[C@@H]1[C@@H]2[C@@H](O)C[C@@]2(C)[C@H]1CC[C@]2(O)C(=O)CO,permeability,5,ucm/s,Permeability of the compound by PAMPA assay
8009465,796816,16485,Cn1c(=O)c2c(ncn2C)n(C)c1=O,permeability,4.3,ucm/s,Permeability of the compound by PAMPA assay
8009466,796816,16278,CCn1cc(C(=O)O)c(=O)c2cc(F)c(N3CCNC(C)C3)c(F)c21,permeability,2.5,ucm/s,Permeability of the compound by PAMPA assay
8009467,796816,57175,CCn1cc(C(=O)O)c(=O)c2cc(F)c(N3CCNCC3)nc21,permeability,2.6,ucm/s,Permeability of the compound by PAMPA assay
8009468,796816,146,CC1COc2c(N3CCN(C)CC3)c(F)cc3c(=O)c(C(=O)O)cn1c23,permeability,2.3,ucm/s,Permeability of the compound by PAMPA assay
10857834,813116,1336774,COc1ccc2oc(C(=O)NCCCCCCCCCCNc3c4c(nc5ccccc35)CCCC4)cc(=O)c2c1.Cl,permeability,14.9,ucm/s,Permeability of the compound in phosphate buffer at pH 7.4 by PAMPA
10857835,813116,1336772,Cl.O=C(NCCCCCCCCCCNc1c2c(nc3cc(Cl)ccc13)CCCC2)c1cc(=O)c2ccccc2o1,permeability,7.1,ucm/s,Permeability of the compound in phosphate buffer at pH 7.4 by PAMPA
10857821,813116,1336793,Cl.O=C(NCCCCCCCCCCNc1c2c(nc3cc(Cl)ccc13)CCCC2)c1cc(=O)c2cc(O)c(O)cc2o1,permeability,5.3,ucm/s,Permeability of the compound in phosphate buffer at pH 7.4 by PAMPA
10857822,813116,1336792,Cl.O=C(NCCCCCCCCCCNc1c2c(nc3ccccc13)CCCC2)c1cc(=O)c2cc(O)c(O)cc2o1,permeability,6.3,ucm/s,Permeability of the compound in phosphate buffer at pH 7.4 by PAMPA
10857823,813116,1336789,Cl.O=C(NCCCCCCCCCCNc1c2c(nc3cc(Cl)ccc13)CCCC2)c1cc(=O)c2c(O)cc(O)cc2o1,permeability,7.8,ucm/s,Permeability of the compound in phosphate buffer at pH 7.4 by PAMPA
10857824,813116,1336788,COc1cc(O)c2c(=O)cc(C(=O)NCCCCCCCCCCNc3c4c(nc5cc(Cl)ccc35)CCCC4)oc2c1.Cl,permeability,8.7,ucm/s,Permeability of the compound in phosphate buffer at pH 7.4 by PAMPA
10857825,813116,1336787,Cl.O=C(NCCCCCCCCCCNc1c2c(nc3ccccc13)CCCC2)c1cc(=O)c2c(O)cc(O)cc2o1,permeability,13.1,ucm/s,Permeability of the compound in phosphate buffer at pH 7.4 by PAMPA
10857826,813116,1336786,COc1cc(O)c2c(=O)cc(C(=O)NCCCCCCCCCCNc3c4c(nc5ccccc35)CCCC4)oc2c1.Cl,permeability,10.6,ucm/s,Permeability of the compound in phosphate buffer at pH 7.4 by PAMPA
10857827,813116,1336784,Cl.O=C(NCCCCCCCCCCNc1c2c(nc3cc(Cl)ccc13)CCCC2)c1cc(=O)c2cc(O)ccc2o1,permeability,11.5,ucm/s,Permeability of the compound in phosphate buffer at pH 7.4 by PAMPA
10857828,813116,1336783,Cl.O=C(NCCCCCCCCCCNc1c2c(nc3ccccc13)CCCC2)c1cc(=O)c2cc(O)ccc2o1,permeability,23.1,ucm/s,Permeability of the compound in phosphate buffer at pH 7.4 by PAMPA
10857829,813116,1336781,COc1cc2oc(C(=O)NCCCCCCCCCCNc3c4c(nc5cc(Cl)ccc35)CCCC4)cc(=O)c2cc1OC.Cl,permeability,7.4,ucm/s,Permeability of the compound in phosphate buffer at pH 7.4 by PAMPA
10857830,813116,1336780,COc1cc2oc(C(=O)NCCCCCCCCCCNc3c4c(nc5ccccc35)CCCC4)cc(=O)c2cc1OC.Cl,permeability,15,ucm/s,Permeability of the compound in phosphate buffer at pH 7.4 by PAMPA
10857831,813116,1336778,COc1cc(OC)c2c(=O)cc(C(=O)NCCCCCCCCCCNc3c4c(nc5cc(Cl)ccc35)CCCC4)oc2c1.Cl,permeability,10.7,ucm/s,Permeability of the compound in phosphate buffer at pH 7.4 by PAMPA
10857832,813116,1336777,COc1cc(OC)c2c(=O)cc(C(=O)NCCCCCCCCCCNc3c4c(nc5ccccc35)CCCC4)oc2c1.Cl,permeability,14.7,ucm/s,Permeability of the compound in phosphate buffer at pH 7.4 by PAMPA
10857833,813116,1336775,COc1ccc2oc(C(=O)NCCCCCCCCCCNc3c4c(nc5cc(Cl)ccc35)CCCC4)cc(=O)c2c1.Cl,permeability,7.5,ucm/s,Permeability of the compound in phosphate buffer at pH 7.4 by PAMPA
10857836,813116,1336770,Cl.O=C(NCCCCCCCCCCNc1c2c(nc3ccccc13)CCCC2)c1cc(=O)c2ccccc2o1,permeability,9.1,ucm/s,Permeability of the compound in phosphate buffer at pH 7.4 by PAMPA
10849015,813442,1335564,O=C(O)c1cc(-c2ccc(CC(C(=O)c3ccccc3)c3ccccc3)cc2)no1,Papp,103,ucm/s,Apparent permeability by PAMPA assay
10849016,813442,1335568,O=C(O)c1csc(-c2ccc(CC(C(=O)c3ccccc3)c3ccccc3)cc2)n1,Papp,85,ucm/s,Apparent permeability by PAMPA assay
10849017,813442,1335574,O=C(O)c1cc(-c2ccc(CC(C(=O)c3ccc(F)cc3)c3ccc(F)cc3)cc2)no1,Papp,8,ucm/s,Apparent permeability by PAMPA assay
10849018,813442,1335575,O=C(O)c1cc(-c2ccc(CC(C(=O)c3ccc(F)c(F)c3)c3ccc(F)cc3)cc2)no1,Papp,16,ucm/s,Apparent permeability by PAMPA assay
10849019,813442,1335576,O=C(O)c1cc(-c2ccc(CC(C(=O)c3ccc(Cl)cc3)c3ccc(F)c(F)c3)cc2)no1,Papp,168,ucm/s,Apparent permeability by PAMPA assay
10849020,813442,1335579,O=C(O)c1cc(-c2ccc(CC(c3ccccc3)c3nc(-c4ccccc4)no3)cc2)no1,Papp,45,ucm/s,Apparent permeability by PAMPA assay
10849021,813442,1335580,COc1ccc(-c2noc(C(Cc3ccc(-c4cc(C(=O)O)on4)cc3)c3ccc(F)cc3)n2)cc1,Papp,4,ucm/s,Apparent permeability by PAMPA assay
10849022,813442,1335581,COc1ccc(C(Cc2ccc(-c3cc(C(=O)O)on3)cc2)c2nc(-c3ccc(Cl)cc3)no2)cc1,Papp,48,ucm/s,Apparent permeability by PAMPA assay
10849023,813442,1335582,O=C(O)c1csc(-c2ccc(CC(c3ccc(F)cc3)c3nc(-c4cccc(F)c4)no3)cc2)n1,Papp,10,ucm/s,Apparent permeability by PAMPA assay
10849024,813442,1335583,COc1ccc(C(Cc2ccc(-c3nc(C(=O)O)cs3)cc2)c2nc(-c3cccc(F)c3)no2)cc1,Papp,6,ucm/s,Apparent permeability by PAMPA assay
10945472,828461,1351397,COc1cc(N2CCC(C(=O)N3CCOCC3)CC2)ccc1Nc1nc(NC2CCCCC2)c2nc[nH]c2n1,Papp,744,ucm/s,Apparent permeability of the compound by PAMPA
10945461,828461,1351370,Cc1cc(N2CCOCC2)ccc1Nc1nc(NC2CCCCC2)c2nc[nH]c2n1,Papp,400,ucm/s,Apparent permeability of the compound by PAMPA
10945462,828461,1351386,COc1cc(N2CCN(S(C)(=O)=O)CC2)ccc1Nc1nc(NC2CCCCC2)c2nc[nH]c2n1,Papp,848,ucm/s,Apparent permeability of the compound by PAMPA
10945463,828461,1351387,COc1cc(N2CCN(S(=O)(=O)CCCN3CCOCC3)CC2)ccc1Nc1nc(NC2CCCCC2)c2nc[nH]c2n1,Papp,725,ucm/s,Apparent permeability of the compound by PAMPA
10945464,828461,1351388,COc1cc(N2CCN(C(=O)C3CCC(O)CC3)CC2)ccc1Nc1nc(NC2CCCCC2)c2nc[nH]c2n1,Papp,81,ucm/s,Apparent permeability of the compound by PAMPA
10945466,828461,1351390,CNC(=O)C(=O)N1CCN(c2ccc(Nc3nc(NC4CCCCC4)c4nc[nH]c4n3)c(OC)c2)CC1,Papp,978,ucm/s,Apparent permeability of the compound by PAMPA
10945467,828461,1351392,COc1cc(N2CCN(Cc3ccccn3)CC2)ccc1Nc1nc(NC2CCCCC2)c2nc[nH]c2n1,Papp,976,ucm/s,Apparent permeability of the compound by PAMPA
10945469,828461,1351394,COc1cc(N2CCN(CC3CCOC3)CC2)ccc1Nc1nc(NC2CCCCC2)c2nc[nH]c2n1,Papp,1874,ucm/s,Apparent permeability of the compound by PAMPA
10945470,828461,1351395,COc1cc(N2CCC(N3CCOCC3)CC2)ccc1Nc1nc(NC2CCCCC2)c2nc[nH]c2n1,Papp,700,ucm/s,Apparent permeability of the compound by PAMPA
10945471,828461,1351396,COc1cc(N2CCC(C(=O)N3CCC(N(C)C)C3)CC2)ccc1Nc1nc(NC2CCCCC2)c2nc[nH]c2n1,Papp,0,ucm/s,Apparent permeability of the compound by PAMPA
10945473,828461,1351398,COc1cc(N2CCC(CN3CCOCC3)CC2)ccc1Nc1nc(NC2CCCCC2)c2nc[nH]c2n1,Papp,2087,ucm/s,Apparent permeability of the compound by PAMPA
10945474,828461,1351399,COc1cc(N2CCC(CC(=O)N3CCOCC3)CC2)ccc1Nc1nc(NC2CCCCC2)c2nc[nH]c2n1,Papp,409,ucm/s,Apparent permeability of the compound by PAMPA
10945475,828461,1351507,COc1cc(N2CCC(CC(=O)N3CCN(C)CC3)CC2)ccc1Nc1nc(NC2CCCCC2)c2nc[nH]c2n1,Papp,530,ucm/s,Apparent permeability of the compound by PAMPA
10945476,828461,1351508,CCN(CC)CC1CCN(c2ccc(Nc3nc(NC4CCCCC4)c4nc[nH]c4n3)c(OC)c2)CC1,Papp,480,ucm/s,Apparent permeability of the compound by PAMPA
10945478,828461,1351510,COc1cc(N2CCC(CC(=O)N3CCCC3)CC2)ccc1Nc1nc(NC2CCCCC2)c2nc[nH]c2n1,Papp,1688,ucm/s,Apparent permeability of the compound by PAMPA
10991307,834218,889028,CS(=O)(=O)c1ccc(C(=O)OCC(=O)NC23CC4CC(CC(C4)C2)C3)cc1[N+](=O)[O-],permeability,167,ucm/s,Permeability of compound by PAMPA at pH 7.4
10991308,834218,1360243,CC1CCN(C(=O)c2sc(-c3ccc(S(C)(=O)=O)c([N+](=O)[O-])c3)nc2C(F)(F)F)CC1,permeability,702,ucm/s,Permeability of compound by PAMPA at pH 7.4
10991309,834218,1360244,CS(=O)(=O)c1ccc(-c2nc(C(F)(F)F)c(C(=O)N3CCCCC3)s2)cc1[N+](=O)[O-],permeability,791,ucm/s,Permeability of compound by PAMPA at pH 7.4
10991310,834218,1360245,CS(=O)(=O)c1ccc(-c2ncc(C(=O)N3CCCCC3)s2)cc1[N+](=O)[O-],permeability,287,ucm/s,Permeability of compound by PAMPA at pH 7.4
10991311,834218,1360379,CS(=O)(=O)c1ccc(-c2nc(-c3ccccc3)c(C(=O)N3CCCCC3)s2)cc1[N+](=O)[O-],permeability,971,ucm/s,Permeability of compound by PAMPA at pH 7.4
10991312,834218,1360380,CCc1nc(-c2ccc(S(C)(=O)=O)c([N+](=O)[O-])c2)sc1C(=O)N1CCCCC1,permeability,657,ucm/s,Permeability of compound by PAMPA at pH 7.4
10991313,834218,1360381,CS(=O)(=O)c1ccc(-c2ncc(C(=O)NC34CC5CC(CC(C5)C3)C4)s2)cc1[N+](=O)[O-],permeability,379,ucm/s,Permeability of compound by PAMPA at pH 7.4
10991314,834218,1360382,Cc1nc(-c2ccc(S(C)(=O)=O)c([N+](=O)[O-])c2)sc1C(=O)N1CCCCC1,permeability,280,ucm/s,Permeability of compound by PAMPA at pH 7.4
10991315,834218,1360383,CC1(C)CC2CC(C)(CN2C(=O)c2sc(-c3ccc(S(C)(=O)=O)c([N+](=O)[O-])c3)nc2C(F)(F)F)C1,permeability,8,ucm/s,Permeability of compound by PAMPA at pH 7.4
10991316,834218,1360384,CCc1nc(-c2ccc(S(C)(=O)=O)c([N+](=O)[O-])c2)sc1C(=O)N1CC2(C)CC1CC(C)(C)C2,permeability,949,ucm/s,Permeability of compound by PAMPA at pH 7.4
10991317,834218,1360385,CN(Cc1cccc(F)c1)C(=O)c1sc(-c2ccc(S(C)(=O)=O)c([N+](=O)[O-])c2)nc1C(F)(F)F,permeability,271,ucm/s,Permeability of compound by PAMPA at pH 7.4
10991318,834218,1360242,CN(Cc1ccccc1)C(=O)c1sc(-c2ccc(S(C)(=O)=O)c([N+](=O)[O-])c2)nc1C(F)(F)F,permeability,1499,ucm/s,Permeability of compound by PAMPA at pH 7.4
10991319,834218,1360241,CN(Cc1ccccc1F)C(=O)c1sc(-c2ccc(S(C)(=O)=O)c([N+](=O)[O-])c2)nc1C(F)(F)F,permeability,221,ucm/s,Permeability of compound by PAMPA at pH 7.4
10991320,834218,1360240,CS(=O)(=O)c1ccc(-c2nc(C(F)(F)F)c(C(=O)N3CCc4ccccc4C3)s2)cc1[N+](=O)[O-],permeability,84,ucm/s,Permeability of compound by PAMPA at pH 7.4
10991321,834218,1360239,CC1Cc2ccccc2N1C(=O)c1sc(-c2ccc(S(C)(=O)=O)c([N+](=O)[O-])c2)nc1C(F)(F)F,permeability,43,ucm/s,Permeability of compound by PAMPA at pH 7.4
10991322,834218,1360238,Cc1nc(-c2ccc(S(C)(=O)=O)c([N+](=O)[O-])c2)sc1C(=O)N1CC2(C)CC1CC(C)(C)C2,permeability,1416,ucm/s,Permeability of compound by PAMPA at pH 7.4
10991323,834218,1360237,Cc1nc(-c2ccc(S(C)(=O)=O)c([N+](=O)[O-])c2)sc1C(=O)N1CCC(C)CC1,permeability,912,ucm/s,Permeability of compound by PAMPA at pH 7.4
10991324,834218,1360236,CCCN(C(=O)c1csc(-c2ccc(S(C)(=O)=O)c([N+](=O)[O-])c2)n1)c1ccccc1,permeability,1619,ucm/s,Permeability of compound by PAMPA at pH 7.4
10991325,834218,1360386,CN(Cc1cccc(F)c1)C(=O)c1cnc(-c2ccc(S(C)(=O)=O)c([N+](=O)[O-])c2)s1,permeability,1031,ucm/s,Permeability of compound by PAMPA at pH 7.4
11020823,839505,1366459,N#Cc1cc(C#N)c(NC2CCN(Cc3ccccc3)CC2)nc1N,permeability,17,ucm/s,Permeability of the compound in PBS/ethanol at 1 mg/ml after 4 hrs by PAMPA
11020820,839505,1366456,N#Cc1c(N)nc(NCCC2CCN(Cc3ccccc3)CC2)c(C#N)c1-c1ccccc1,permeability,34,ucm/s,Permeability of the compound in PBS/ethanol at 1 mg/ml after 4 hrs by PAMPA
11020821,839505,1366457,N#Cc1c(N)nc(NCCCC2CCN(Cc3ccccc3)CC2)c(C#N)c1-c1ccccc1,permeability,31.6,ucm/s,Permeability of the compound in PBS/ethanol at 1 mg/ml after 4 hrs by PAMPA
11020822,839505,1366458,N#Cc1c(N)nc(NCCCCC2CCN(Cc3ccccc3)CC2)c(C#N)c1-c1ccccc1,permeability,25.7,ucm/s,Permeability of the compound in PBS/ethanol at 1 mg/ml after 4 hrs by PAMPA
11020824,839505,1366460,N#Cc1cc(C#N)c(NCCC2CCN(Cc3ccccc3)CC2)nc1N,permeability,14.4,ucm/s,Permeability of the compound in PBS/ethanol at 1 mg/ml after 4 hrs by PAMPA
11020825,839505,1366461,N#Cc1cc(C#N)c(NCCCC2CCN(Cc3ccccc3)CC2)nc1N,permeability,20.8,ucm/s,Permeability of the compound in PBS/ethanol at 1 mg/ml after 4 hrs by PAMPA
11020826,839505,1366462,N#Cc1cc(C#N)c(NCCCCC2CCN(Cc3ccccc3)CC2)nc1N,permeability,21.2,ucm/s,Permeability of the compound in PBS/ethanol at 1 mg/ml after 4 hrs by PAMPA
11005597,841027,1364117,O=[N+]([O-])OCCOc1ccc(/C=[N+](\[O-])Cc2ccccc2)cc1,permeability,16.8,ucm/s,Permeability of the compound at pH 7.4 by PAMPA
11005598,841027,1364116,O=[N+]([O-])OCCCOc1ccc(/C=[N+](\[O-])Cc2ccccc2)cc1,permeability,22,ucm/s,Permeability of the compound at pH 7.4 by PAMPA
11005599,841027,1364108,Cc1ccc2nc(Cl)c(/C=[N+](\[O-])C(C)(C)C)cc2c1,permeability,15,ucm/s,Permeability of the compound at pH 7.4 by PAMPA
11005600,841027,1364107,CC(C)(C)/[N+]([O-])=C/c1cccc(C(F)(F)F)c1,permeability,27,ucm/s,Permeability of the compound at pH 7.4 by PAMPA
11014162,842162,1365101,O=C(CCCCN1CCCCC1)Nc1cc(-c2ccc(Cl)cc2)n[nH]1,permeability,10,ucm/s,Permeability of the compound at 10 uM after 4 hrs by PAMPA assay
11014163,842162,1365106,COc1ccc(-c2cc(NC(=O)CCCCN3CCCCC3)[nH]n2)cc1,permeability,10,ucm/s,Permeability of the compound at 10 uM after 4 hrs by PAMPA assay
11014164,842162,1365107,COc1cccc(-c2cc(NC(=O)CCCCN3CCCCC3)[nH]n2)c1,permeability,10,ucm/s,Permeability of the compound at 10 uM after 4 hrs by PAMPA assay
11014165,842162,1365108,COc1ccccc1-c1cc(NC(=O)CCCCN2CCCCC2)[nH]n1,permeability,10,ucm/s,Permeability of the compound at 10 uM after 4 hrs by PAMPA assay
11014166,842162,1365109,COc1ccc(-c2n[nH]c(NC(=O)CCCCN3CCCCC3)c2C)cc1,permeability,10,ucm/s,Permeability of the compound at 10 uM after 4 hrs by PAMPA assay
11014167,842162,1365110,O=C(CCCCN1CCCCC1)Nc1cc(-c2ccc(F)cc2)n[nH]1,permeability,10,ucm/s,Permeability of the compound at 10 uM after 4 hrs by PAMPA assay
11014168,842162,1365111,O=C(CCCCN1CCCCC1)Nc1cc(-c2ccc(Br)cc2)n[nH]1,permeability,10,ucm/s,Permeability of the compound at 10 uM after 4 hrs by PAMPA assay
11014169,842162,1365112,O=C(CCCCN1CCCCC1)Nc1cc(-c2ccncc2)n[nH]1,permeability,2,ucm/s,Permeability of the compound at 10 uM after 4 hrs by PAMPA assay
11014170,842162,1365113,O=C(CCCCN1CCCCC1)Nc1cc(-c2ccc(C(F)(F)F)cc2)n[nH]1,permeability,10,ucm/s,Permeability of the compound at 10 uM after 4 hrs by PAMPA assay
11014171,842162,1365114,O=C(CCCCN1CCCCC1)Nc1cc(-c2ccco2)n[nH]1,permeability,10,ucm/s,Permeability of the compound at 10 uM after 4 hrs by PAMPA assay
11014172,842162,1365115,COc1ccc(-c2cc(NC(=O)CCCCN3CCC(C)CC3)[nH]n2)cc1,permeability,10,ucm/s,Permeability of the compound at 10 uM after 4 hrs by PAMPA assay
11014173,842162,1365116,COc1ccc(-c2cc(NC(=O)CCCCN3CCOCC3)[nH]n2)cc1,permeability,10,ucm/s,Permeability of the compound at 10 uM after 4 hrs by PAMPA assay
11014174,842162,1365117,COc1ccc(-c2cc(NC(=O)CCCCN3CCNC(=O)C3)[nH]n2)cc1,permeability,0,ucm/s,Permeability of the compound at 10 uM after 4 hrs by PAMPA assay
11014175,842162,1365118,COc1ccc(-c2cc(NC(=O)CCCCN3CCC(C(N)=O)CC3)[nH]n2)cc1,permeability,0,ucm/s,Permeability of the compound at 10 uM after 4 hrs by PAMPA assay
11014176,842162,1365119,COc1ccc(-c2cc(NC(=O)CCCCN3CCCCCC3)[nH]n2)cc1,permeability,10,ucm/s,Permeability of the compound at 10 uM after 4 hrs by PAMPA assay
11014177,842162,1365120,COc1ccc(-c2cc(NC(=O)CCCCN3CCCOCC3)[nH]n2)cc1,permeability,10,ucm/s,Permeability of the compound at 10 uM after 4 hrs by PAMPA assay
11014178,842162,1365121,COc1ccc(-c2cc(NC(=O)CCCCN3CCCNCC3)[nH]n2)cc1,permeability,0,ucm/s,Permeability of the compound at 10 uM after 4 hrs by PAMPA assay
11014474,842162,1365122,COc1ccc(-c2cc(NC(=O)CCCCN3CCNC(=O)CC3)[nH]n2)cc1,permeability,0,ucm/s,Permeability of the compound at 10 uM after 4 hrs by PAMPA assay
11014475,842162,1364236,COc1ccc(-c2cc(NC(=O)CCCCN3CCCN(C(C)=O)CC3)[nH]n2)cc1,permeability,2,ucm/s,Permeability of the compound at 10 uM after 4 hrs by PAMPA assay
11014476,842162,1364237,COc1ccc(-c2n[nH]c(NC(=O)CCCCN3CCCN(C(C)=O)CC3)c2C)cc1,permeability,2,ucm/s,Permeability of the compound at 10 uM after 4 hrs by PAMPA assay
11014477,842162,1364238,COc1ccc(-c2cc(NC(=O)C(C)CCCN3CCCN(C(C)=O)CC3)[nH]n2)cc1,permeability,10,ucm/s,Permeability of the compound at 10 uM after 4 hrs by PAMPA assay
11014478,842162,1364239,COc1ccc(-c2cnc(NC(=O)CCCCN3CCCN(C(C)=O)CC3)[nH]2)cc1,permeability,10,ucm/s,Permeability of the compound at 10 uM after 4 hrs by PAMPA assay
12062858,853970,1424101,COc1ccc2nc3cc(Cl)ccc3c(NC3CC4CCC(C3)N4Cc3ccccc3)c2c1,Peff,8.31,ucm/s,Effective permeability of the compound at pH 7.4 at 30 to 50 uM by PAMPA assay
12062840,853970,448830,COc1ccc2nc3cc(Cl)ccc3c(Nc3ccc(N4CCN(C)CC4)cc3)c2c1,Peff,8.13,ucm/s,Effective permeability of the compound at pH 7.4 at 30 to 50 uM by PAMPA assay
12062841,853970,1423974,CCN1CCN(c2ccc(Nc3c4ccc(Cl)cc4nc4ccc(OC)cc34)cc2)CC1,Peff,6.13,ucm/s,Effective permeability of the compound at pH 7.4 at 30 to 50 uM by PAMPA assay
12062842,853970,1423975,COc1ccc2nc3cc(Cl)ccc3c(Nc3ccc(N4CCN(C(C)=O)CC4)cc3)c2c1,Peff,8.79,ucm/s,Effective permeability of the compound at pH 7.4 at 30 to 50 uM by PAMPA assay
12062845,853970,1423978,COc1ccc2nc3cc(Cl)ccc3c(NCC#CCN3CCN(C)CC3)c2c1,Peff,11.52,ucm/s,Effective permeability of the compound at pH 7.4 at 30 to 50 uM by PAMPA assay
12062852,853970,1423983,COc1ccc2nc3cc(Cl)ccc3c(NC3CCN(Cc4ccc(Cl)cc4)CC3)c2c1,Peff,15.53,ucm/s,Effective permeability of the compound at pH 7.4 at 30 to 50 uM by PAMPA assay
12062853,853970,1423984,COc1ccc(CN2CCC(Nc3c4ccc(Cl)cc4nc4ccc(OC)cc34)CC2)cc1,Peff,7.54,ucm/s,Effective permeability of the compound at pH 7.4 at 30 to 50 uM by PAMPA assay
12062854,853970,1423985,COc1ccc2nc3cc(Cl)ccc3c(NC3CCN(Cc4ccc(C#N)cc4)CC3)c2c1,Peff,9.15,ucm/s,Effective permeability of the compound at pH 7.4 at 30 to 50 uM by PAMPA assay
12062855,853970,1423986,COc1ccc2nc3cc(Cl)ccc3c(NC3CCN(CCc4ccccc4)CC3)c2c1,Peff,7.68,ucm/s,Effective permeability of the compound at pH 7.4 at 30 to 50 uM by PAMPA assay
12062856,853970,1423987,COc1ccc2nc3cc(Cl)ccc3c(NC3CCN(CCc4ccc(C)cc4)CC3)c2c1,Peff,7.39,ucm/s,Effective permeability of the compound at pH 7.4 at 30 to 50 uM by PAMPA assay
12062859,853970,1424102,COc1ccc2nc3cc(Cl)ccc3c(Nc3ccc(CN4CCCCC4)cc3)c2c1,Peff,5.28,ucm/s,Effective permeability of the compound at pH 7.4 at 30 to 50 uM by PAMPA assay
12062862,853970,448613,CCN(CC)CCNc1c2ccc(Cl)cc2nc2ccc(OC)cc12,Peff,20.98,ucm/s,Effective permeability of the compound at pH 7.4 at 30 to 50 uM by PAMPA assay
12062863,853970,287822,COc1ccc2nc3cc(Cl)ccc3c(NCCCN(C)C)c2c1,Peff,13.34,ucm/s,Effective permeability of the compound at pH 7.4 at 30 to 50 uM by PAMPA assay
12062864,853970,300748,CCN(CC)CCCNc1c2ccc(Cl)cc2nc2ccc(OC)cc12,Peff,21.98,ucm/s,Effective permeability of the compound at pH 7.4 at 30 to 50 uM by PAMPA assay
12062865,853970,448614,CCN(CC)CCCCNc1c2ccc(Cl)cc2nc2ccc(OC)cc12,Peff,16.37,ucm/s,Effective permeability of the compound at pH 7.4 at 30 to 50 uM by PAMPA assay
12062866,853970,122542,COc1ccc2nc3cc(Cl)ccc3c(N)c2c1,Peff,14.81,ucm/s,Effective permeability of the compound at pH 7.4 at 30 to 50 uM by PAMPA assay
12062867,853970,16485,Cn1c(=O)c2c(ncn2C)n(C)c1=O,Peff,2.46,ucm/s,Effective permeability of the compound at pH 7.4 at 30 to 50 uM by PAMPA assay
12062868,853970,2355,CCN(CC)CCCC(C)Nc1c2ccc(Cl)cc2nc2ccc(OC)cc12,Peff,19.3,ucm/s,Effective permeability of the compound at pH 7.4 at 30 to 50 uM by PAMPA assay
12062869,853970,255477,C=C[C@H]1CN2CC[C@H]1C[C@@H]2[C@@H](O)c1ccnc2ccc(OC)cc12,Peff,11.48,ucm/s,Effective permeability of the compound at pH 7.4 at 30 to 50 uM by PAMPA assay
12062870,853970,1219,COc1ccc(CCN(C)CCCC(C#N)(c2ccc(OC)c(OC)c2)C(C)C)cc1OC,Peff,18.45,ucm/s,Effective permeability of the compound at pH 7.4 at 30 to 50 uM by PAMPA assay
12076150,856749,1426765,CC(C)(C)/[N+]([O-])=C/c1ccc(O)cc1,permeability,0.2,ucm/s,Permeability of the compound after 4 hrs by PAMPA assay
12076149,856749,1426764,CC(C)(C)/[N+]([O-])=C/c1ccccc1O,permeability,37.5,ucm/s,Permeability of the compound after 4 hrs by PAMPA assay
12076151,856749,1364111,CC(C)(C)c1cc(/C=[N+](\[O-])C(C)(C)C)cc(C(C)(C)C)c1O,permeability,10.2,ucm/s,Permeability of the compound after 4 hrs by PAMPA assay
12076153,856749,1279,CC(C)NCC(O)COc1ccc(CC(N)=O)cc1,permeability,2.7,ucm/s,Permeability of the compound after 4 hrs by PAMPA assay
12076154,856749,16485,Cn1c(=O)c2c(ncn2C)n(C)c1=O,permeability,2.2,ucm/s,Permeability of the compound after 4 hrs by PAMPA assay
12076155,856749,6243,CNCCCN1c2ccccc2CCc2ccccc21,permeability,14.4,ucm/s,Permeability of the compound after 4 hrs by PAMPA assay
12076156,856749,57175,CCn1cc(C(=O)O)c(=O)c2cc(F)c(N3CCNCC3)nc21,permeability,1.7,ucm/s,Permeability of the compound after 4 hrs by PAMPA assay
12076157,856749,374052,C[C@]12CCC(=O)C=C1CC[C@@H]1[C@@H]2[C@@H](O)C[C@@]2(C)[C@H]1CC[C@]2(O)C(=O)CO,permeability,2.3,ucm/s,Permeability of the compound after 4 hrs by PAMPA assay
12076158,856749,146,CC1COc2c(N3CCN(C)CC3)c(F)cc3c(=O)c(C(=O)O)cn1c23,permeability,1.1,ucm/s,Permeability of the compound after 4 hrs by PAMPA assay
12076159,856749,11968,CN1C(C(=O)Nc2ccccn2)=C(O)c2ccccc2S1(=O)=O,permeability,1.6,ucm/s,Permeability of the compound after 4 hrs by PAMPA assay
12076160,856749,16391,CN(C)CCCN1c2ccccc2Sc2ccccc21,permeability,8.8,ucm/s,Permeability of the compound after 4 hrs by PAMPA assay
12076161,856749,364520,C[C@]12CC[C@H]3[C@@H](CCC4=CC(=O)CC[C@@]43C)[C@@H]1CC[C@@H]2O,permeability,16.1,ucm/s,Permeability of the compound after 4 hrs by PAMPA assay
12076162,856749,1219,COc1ccc(CCN(C)CCCC(C#N)(c2ccc(OC)c(OC)c2)C(C)C)cc1OC,permeability,15.4,ucm/s,Permeability of the compound after 4 hrs by PAMPA assay
12076607,857220,27112,CCCNCC(O)COc1ccccc1C(=O)CCc1ccccc1,permeability,1500,ucm/s,Permeability of the compound at 10 uM at pH 7.4 by PAMPA
12076608,857220,1284089,O=C(CCc1ccccc1)c1ccccc1OCC(O)CN1CCN(C(c2ccccc2)c2ccccc2)CC1,permeability,2.3,ucm/s,Permeability of the compound at 10 uM at pH 7.4 by PAMPA
12076609,857220,1285018,O=C(CCc1ccccc1)c1cc(F)ccc1OCC(O)CN1CCN(C(c2ccccc2)c2ccccc2)CC1,permeability,0.8,ucm/s,Permeability of the compound at 10 uM at pH 7.4 by PAMPA
12076611,857220,1284991,O=C(CCc1ccccc1)c1ccccc1OCC(O)CN1CCC(c2ccccc2)CC1,permeability,490,ucm/s,Permeability of the compound at 10 uM at pH 7.4 by PAMPA
12109883,864822,1430360,COc1cc2[nH]c(-c3cccc(Oc4ccccc4)c3)c(C(=O)OCCO)c(=O)c2cc1F,permeability,620,ucm/s,Permeability of the compound at pH 7.4 by PAMPA
12109884,864822,1430354,COc1cc2[nH]c(-c3cccc(Oc4ccccc4)c3)c(C(=O)OCCCN3CCOCC3)c(=O)c2cc1F,permeability,880,ucm/s,Permeability of the compound at pH 7.4 by PAMPA
12109885,864822,1430377,CCOC(=O)c1c(-c2cc(F)cc(OC)c2)[nH]c2cc(OC)c(F)cc2c1=O,permeability,230,ucm/s,Permeability of the compound at pH 7.4 by PAMPA
12109886,864822,1430376,CCOC(=O)c1c(-c2cccc(Br)c2)[nH]c2cc(OC)c(F)cc2c1=O,permeability,670,ucm/s,Permeability of the compound at pH 7.4 by PAMPA
12109887,864822,1430375,CCOC(=O)c1c(-c2cccc(Cl)c2)[nH]c2cc(OC)c(F)cc2c1=O,permeability,410,ucm/s,Permeability of the compound at pH 7.4 by PAMPA
12109888,864822,1430372,CCOC(=O)c1c(-c2cccc(Oc3ccccc3)c2)[nH]c2cc(OC)c(F)cc2c1=O,permeability,560,ucm/s,Permeability of the compound at pH 7.4 by PAMPA
12112106,864822,619880,CCOC(=O)c1c(-c2cccc(Cl)c2)[nH]c2cc(OC)ccc2c1=O,permeability,950,ucm/s,Permeability of the compound at pH 7.4 by PAMPA
12112146,864822,1430575,CCOC(=O)c1c(-c2cccc(Oc3ccccc3)c2)[nH]c2cc(OC)ccc2c1=O,permeability,750,ucm/s,Permeability of the compound at pH 7.4 by PAMPA
12112147,864822,1430570,CCCOc1cccc(-c2[nH]c3cc(OC)ccc3c(=O)c2C(=O)OCC)c1,permeability,340,ucm/s,Permeability of the compound at pH 7.4 by PAMPA
12112148,864822,619813,CCOC(=O)c1c(-c2cccc(OC)c2)[nH]c2cc(OC)ccc2c1=O,permeability,170,ucm/s,Permeability of the compound at pH 7.4 by PAMPA
12112149,864822,1430569,CCOC(=O)c1c(-c2cccc(OCC)c2)[nH]c2cc(OC)ccc2c1=O,permeability,260,ucm/s,Permeability of the compound at pH 7.4 by PAMPA
12112150,864822,1430568,CCOC(=O)c1c(-c2cccc(-c3ccccc3)c2)[nH]c2cc(OC)ccc2c1=O,permeability,2900,ucm/s,Permeability of the compound at pH 7.4 by PAMPA
12112151,864822,586035,CCOC(=O)c1c(-c2ccc3c(c2)OCO3)[nH]c2cc(OC)ccc2c1=O,permeability,100,ucm/s,Permeability of the compound at pH 7.4 by PAMPA
12151318,872601,1442137,COc1ccc2cc1COCC=CCOCc1cc(ccc1OCCN1CCCC1)Nc1nccc-2n1,Papp,10.1,ucm/s,Apparent permeability of compound at 1 uM after 5 hrs by PAMPA assay
12151319,872601,1441910,Cc1cnc2nc1-c1cccc(c1)COCC=CCOCc1cc(ccc1OCCN1CCCC1)N2,Papp,16.8,ucm/s,Apparent permeability of compound at 1 uM after 5 hrs by PAMPA assay
12151320,872601,1442155,C1=CCOCc2cc(ccc2OCCN2CCCCC2)Nc2nccc(n2)-c2cccc(c2)COC1,Papp,3.93,ucm/s,Apparent permeability of compound at 1 uM after 5 hrs by PAMPA assay
12151321,872601,1344709,C1=N/C2=N/c3ccc(OCCN4CCCC4)c(c3)COC/C=C/COCc3cccc(c3)C(=C1)N2,Papp,9.3,ucm/s,Apparent permeability of compound at 1 uM after 5 hrs by PAMPA assay
12151322,872601,1442153,CCN(CC)CCOc1ccc2cc1COCC=CCOCc1cccc(c1)-c1ccnc(n1)N2,Papp,15.8,ucm/s,Apparent permeability of compound at 1 uM after 5 hrs by PAMPA assay
12151082,878575,1441109,O=C(CCC1=CCN(CCCCc2ccc(Cl)cc2)C1=O)NO,permeability,4.94,nm/s,Passive permeability of the compound by PAMPA
12151083,878575,1441107,CC(C)(C)c1ccc(CCCN2CC=C(CCC(=O)NO)C2=O)cc1,permeability,15.04,nm/s,Passive permeability of the compound by PAMPA
12151084,878575,1440712,CC(C)(C)c1ccc(CCN2CC=C(CCC(=O)NO)C2=O)cc1,permeability,65.29,nm/s,Passive permeability of the compound by PAMPA
12151085,878575,1441120,O=C(CCC1=CCN(Cc2cc(C(F)(F)F)cc(C(F)(F)F)c2)C1=O)NO,permeability,28.32,nm/s,Passive permeability of the compound by PAMPA
12151086,878575,1441118,CC(C)(C)c1ccc(CN2CC=C(CCC(=O)NO)C2=O)cc1,permeability,21.95,nm/s,Passive permeability of the compound by PAMPA
12151087,878575,1441115,O=C(CCC1=CCN(Cc2ccc(Br)cc2)C1=O)NO,permeability,10.16,nm/s,Passive permeability of the compound by PAMPA
12151088,878575,1441113,O=C(CCC1=CCN(Cc2ccc(F)cc2)C1=O)NO,permeability,19.31,nm/s,Passive permeability of the compound by PAMPA
12159404,878936,381693,Cn1c(=O)c2[nH]cnc2n(C)c1=O,permeability,0.09,ucm/s,Permeability at 10 uM at pH 7.4 by PAMPA method
12159405,878936,182165,C[C@]12C[C@H](O)[C@H]3[C@@H](CCC4=CC(=O)CC[C@@]43C)[C@@H]1CC[C@@H]2C(=O)CO,permeability,17.3,ucm/s,Permeability at 10 uM at pH 7.4 by PAMPA method
12161170,878936,1441831,COC(=O)[C@@H]1CCCN1C(=O)[C@@H](Cc1ccccc1)N(C)C(=O)[C@H](C)NC(=O)[C@H](CC(C)C)NC(=O)C[C@H](O)[C@H](Cc1ccccc1)NC(=O)c1cc(NS(C)(=O)=O)cc(C(=O)N[C@H](C)c2ccccc2)c1,permeability,8.58,ucm/s,Permeability at 10 uM at pH 7.4 by PAMPA method
12188357,882273,1446539,Nc1c2c(nc3c1C(c1ccc(Cl)c(Cl)c1)c1ccc4ccccc4c1O3)CCCC2,permeability,12.3,ucm/s,Permeability of the compound by PAMPA
12188358,882273,1446537,Nc1c2c(nc3c1C(c1ccc([N+](=O)[O-])cc1)c1ccc4ccccc4c1O3)CCCC2,permeability,16.1,ucm/s,Permeability of the compound by PAMPA
12188359,882273,1446536,COc1cc(C2c3ccc4ccccc4c3Oc3nc4c(c(N)c32)CCCC4)cc(OC)c1OC,permeability,23.4,ucm/s,Permeability of the compound by PAMPA
12188360,882273,1446535,COc1ccc(C2c3ccc4ccccc4c3Oc3nc4c(c(N)c32)CCCC4)c(OC)c1,permeability,14.6,ucm/s,Permeability of the compound by PAMPA
12631817,933979,1511706,O[C@@H]1COC[C@H]1Nc1nc(Nc2cc(Cl)cc(Cl)c2)ncc1Br,permeability,0.3,ucm/s,Permeability of the compound by PAMPA
12631818,933979,1511705,O[C@@H]1COC[C@H]1Nc1nc(Nc2cc(Cl)cc(Cl)c2)ncc1-c1ccc(F)cc1,permeability,0.01,ucm/s,Permeability of the compound by PAMPA
12631819,933979,1511704,O[C@@H]1COC[C@H]1Nc1nc(Nc2cc(Cl)cc(Cl)c2)ncc1-c1cccnc1,permeability,1,ucm/s,Permeability of the compound by PAMPA
12631820,933979,1511703,Cc1cc(-c2cnc(Nc3cc(Cl)cc(Cl)c3)nc2NC2CCC(N(C)C)CC2)on1,permeability,0.03,ucm/s,Permeability of the compound by PAMPA
12631821,933979,1511702,Cc1cc(-c2cnc(Nc3cc(Cl)cc(Cl)c3)nc2NC2CCNCC2)on1,permeability,0.2,ucm/s,Permeability of the compound by PAMPA
12631822,933979,1511701,CN1CCC(NC(=O)c2cnc(Nc3cc(Cl)cc(Cl)c3)nc2N[C@@H]2COC[C@H]2O)CC1,permeability,1.4,ucm/s,Permeability of the compound by PAMPA
12631823,933979,1511700,CC[C@@H](CO)Nc1nc(Nc2cc(Cl)cc(Cl)c2)ncc1C(=O)NC1CCN(C)CC1,permeability,2,ucm/s,Permeability of the compound by PAMPA
12631824,933979,1511699,CN1CCC(NC(=O)c2cnc(Nc3cc(Cl)cc(Cl)c3)nc2N[C@H]2CCCCNC2=O)CC1,permeability,0.2,ucm/s,Permeability of the compound by PAMPA
12631825,933979,1511698,CN1CCC(NC(=O)c2cnc(Nc3cc(Cl)cc(Cl)c3)nc2NC2CCOCC2)CC1,permeability,0.1,ucm/s,Permeability of the compound by PAMPA
12631826,933979,1511697,CN1CCC(NC(=O)c2cnc(Nc3cc(Cl)cc(Cl)c3)nc2NC2CCC(N(C)C)CC2)CC1,permeability,0.3,ucm/s,Permeability of the compound by PAMPA
12631827,933979,1511696,CN1CCC(NC(=O)c2cnc(NCc3cc(Cl)ccc3Cl)nc2NC2CCC(N(C)C)CC2)CC1,permeability,2,ucm/s,Permeability of the compound by PAMPA
12631828,933979,1511695,CN1CCC(NC(=O)c2cnc(NCc3cc(Cl)ccc3Cl)nc2NC2CCNCC2)CC1,permeability,0.1,ucm/s,Permeability of the compound by PAMPA
12631829,933979,1511694,CN1CCC(NC(=O)c2cnc(NCc3cc(Cl)ccc3Cl)nc2NC2CCCC2)CC1,permeability,0.02,ucm/s,Permeability of the compound by PAMPA
12631830,933979,1511693,COc1ccccc1CNc1ncc(C(=O)NC2CCN(C)CC2)c(NC2CCCC2)n1,permeability,1.2,ucm/s,Permeability of the compound by PAMPA
12631832,933979,1511691,COc1ccccc1CNc1ncc(C(=O)NCCc2nnn[nH]2)c(NC2CCCC2)n1,permeability,21,ucm/s,Permeability of the compound by PAMPA
12631833,933979,1511388,COc1ccccc1CNc1ncc(C(=O)NCCNC(C)=O)c(NC2CCCC2)n1,permeability,1.9,ucm/s,Permeability of the compound by PAMPA
12631834,933979,1511707,COc1ccccc1CNc1ncc(C(=O)NCCCO)c(NC2CCCC2)n1,permeability,0.9,ucm/s,Permeability of the compound by PAMPA
12631835,933979,1511349,O=C(NCCCN1CCOC1=O)c1cnc(NCc2cc(Cl)ccc2Cl)nc1NC1CCCC1,permeability,0,ucm/s,Permeability of the compound by PAMPA
12631836,933979,1511348,O=C(NCCCN1CCCC1=O)c1cnc(NCc2cc(Cl)ccc2Cl)nc1NC1CCCC1,permeability,0.1,ucm/s,Permeability of the compound by PAMPA
12631837,933979,1511346,COc1ccccc1CNc1ncc(C(=O)NCCCN2CCCC2=O)c(NC2CCCC2)n1,permeability,1.5,ucm/s,Permeability of the compound by PAMPA
12660076,940605,1516322,CCc1nc2c(C)cn(Cc3ccccc3C#N)c(=O)c2n1[C@H]1CCc2cc(-c3ccccc3-c3nnn[nH]3)ccc21,permeability,19,ucm/s,Permeability of the compound by PAMPA
12660077,940605,1516321,CCc1nc2c(C)cn(Cc3ccccc3C)c(=O)c2n1[C@H]1CCc2cc(-c3ccccc3-c3nnn[nH]3)ccc21,permeability,7,ucm/s,Permeability of the compound by PAMPA
12660078,940605,1516593,CCc1nc2ccn(Cc3ccccc3C#N)c(=O)c2n1[C@H]1CCc2cc(-c3ccccc3-c3nnn[nH]3)ccc21,permeability,10.7,ucm/s,Permeability of the compound by PAMPA
12660079,940605,1516592,CCc1nc2ccn(Cc3ccccc3C)c(=O)c2n1[C@H]1CCc2cc(-c3ccccc3-c3nnn[nH]3)ccc21,permeability,3.6,ucm/s,Permeability of the compound by PAMPA
12646135,941173,1519963,O=C(Nc1cccc(-c2nc3ccccc3o2)c1)c1cc([N+](=O)[O-])ccc1Cl,permeability,45,ucm/s,Permeability of the compound at pH 7.4 by PAMPA
12646173,941173,1518449,COc1ccc(-c2nc3ccccc3s2)cc1NC(=O)c1cc([N+](=O)[O-])c(N2CCN(C)CC2)cc1Cl,permeability,676,ucm/s,Permeability of the compound at pH 7.4 by PAMPA
12646174,941173,1518448,CN1CCN(c2cc(Cl)c(C(=O)Nc3cccc(-c4nc5ccccc5s4)c3)cc2[N+](=O)[O-])CC1,permeability,366,ucm/s,Permeability of the compound at pH 7.4 by PAMPA
12646175,941173,1517122,O=C(Nc1ccc(F)c(-c2nc3ccccc3o2)c1)c1cc([N+](=O)[O-])ccc1Cl,permeability,366,ucm/s,Permeability of the compound at pH 7.4 by PAMPA
12646176,941173,1519980,O=C(Nc1cccc(-c2nc3ccccc3[nH]2)c1)c1cc([N+](=O)[O-])ccc1Cl,permeability,352,ucm/s,Permeability of the compound at pH 7.4 by PAMPA
12646177,941173,1518461,O=C(Nc1cccc(-c2nc3ccccc3s2)c1)c1cc([N+](=O)[O-])c(O)cc1Cl,permeability,307,ucm/s,Permeability of the compound at pH 7.4 by PAMPA
12646178,941173,1518450,O=C(Nc1cccc(-c2nc3ccccc3s2)c1)c1cc([N+](=O)[O-])c(N2CCNCC2)cc1Cl,permeability,276,ucm/s,Permeability of the compound at pH 7.4 by PAMPA
12646179,941173,1519984,COc1ccc(-c2nc3ccccc3o2)cc1NC(=O)c1cc([N+](=O)[O-])ccc1Cl,permeability,274,ucm/s,Permeability of the compound at pH 7.4 by PAMPA
12646180,941173,1519975,O=C(Nc1nc2c(Cl)cccc2s1)c1cc([N+](=O)[O-])ccc1Cl,permeability,242,ucm/s,Permeability of the compound at pH 7.4 by PAMPA
12646181,941173,1519986,O=C(Nc1cc(-c2nc3ccccc3o2)ccc1F)c1cc([N+](=O)[O-])ccc1Cl,permeability,214,ucm/s,Permeability of the compound at pH 7.4 by PAMPA
12646182,941173,1517129,O=C(Nc1cc(-c2nc3ccccc3s2)ccc1F)c1cc([N+](=O)[O-])ccc1Cl,permeability,191,ucm/s,Permeability of the compound at pH 7.4 by PAMPA
12646183,941173,1519974,O=C(Nc1nc2ccc(Cl)cc2s1)c1cc([N+](=O)[O-])ccc1Cl,permeability,138,ucm/s,Permeability of the compound at pH 7.4 by PAMPA
12646186,941173,1519985,Cc1cc(NC(=O)c2cc([N+](=O)[O-])ccc2Cl)cc(-c2nc3ccccc3o2)c1O,permeability,105,ucm/s,Permeability of the compound at pH 7.4 by PAMPA
12646187,941173,1519397,Cc1ccc(-c2nc3ccccc3s2)cc1NC(=O)c1cc([N+](=O)[O-])c(N2CCN(C)CC2)cc1Cl,permeability,74,ucm/s,Permeability of the compound at pH 7.4 by PAMPA
12646190,941173,1517127,Cc1cc(NC(=O)c2cc([N+](=O)[O-])ccc2Cl)cc(-c2nc3ccccc3s2)c1O,permeability,48,ucm/s,Permeability of the compound at pH 7.4 by PAMPA
12646192,941173,1519969,O=C(Nc1cc(C(F)(F)F)cc(C(F)(F)F)c1)c1cc([N+](=O)[O-])ccc1Cl,permeability,44,ucm/s,Permeability of the compound at pH 7.4 by PAMPA
12646193,941173,1517123,Cc1ccc(-c2nc3ccccc3s2)cc1NC(=O)c1cc([N+](=O)[O-])ccc1Cl,permeability,41,ucm/s,Permeability of the compound at pH 7.4 by PAMPA
12646194,941173,1519971,O=C(Nc1nc(-c2ccc(F)c(F)c2)cs1)c1cc([N+](=O)[O-])ccc1Cl,permeability,37,ucm/s,Permeability of the compound at pH 7.4 by PAMPA
12646195,941173,1519981,O=C(Nc1ccc(-c2ccccc2)cc1)c1cc([N+](=O)[O-])ccc1Cl,permeability,26,ucm/s,Permeability of the compound at pH 7.4 by PAMPA
12646197,941173,1518452,COC(=O)C1CCN(c2cc(Cl)c(C(=O)Nc3cc(-c4nc5ccccc5s4)ccc3C)cc2[N+](=O)[O-])CC1,permeability,24,ucm/s,Permeability of the compound at pH 7.4 by PAMPA
12646202,941173,1518451,O=C(Nc1cccc(-c2nc3ccccc3s2)c1)c1cc([N+](=O)[O-])c(N2CCOCC2)cc1Cl,permeability,18,ucm/s,Permeability of the compound at pH 7.4 by PAMPA
12646205,941173,1518455,Cc1ccc(-c2nc3ccccc3s2)cc1NC(=O)c1cc([N+](=O)[O-])c(N2CCC(C(=O)O)CC2)cc1Cl,permeability,17,ucm/s,Permeability of the compound at pH 7.4 by PAMPA
12646206,941173,1517130,O=C(Nc1ccc(F)c(-c2nc3ccccc3s2)c1)c1cc([N+](=O)[O-])ccc1Cl,permeability,17,ucm/s,Permeability of the compound at pH 7.4 by PAMPA
12646216,941173,1518453,COc1cc(Cl)c(C(=O)Nc2cccc(-c3nc4ccccc4s3)c2)cc1[N+](=O)[O-],permeability,12,ucm/s,Permeability of the compound at pH 7.4 by PAMPA
12646220,941173,1518456,CCOC(=O)Cc1cc(Cl)c(C(=O)Nc2cc(-c3nc4ccccc4s3)ccc2C)cc1[N+](=O)[O-],permeability,10,ucm/s,Permeability of the compound at pH 7.4 by PAMPA
12647432,941173,1519977,O=C(Nc1cccc(-c2nc3ccccc3s2)c1)c1cc([N+](=O)[O-])ccc1Cl,permeability,12,ucm/s,Permeability of the compound at pH 7.4 by PAMPA
12647433,941173,1519968,O=C(Nc1ccc(Cl)c(C(F)(F)F)c1)c1cc([N+](=O)[O-])ccc1Cl,permeability,8,ucm/s,Permeability of the compound at pH 7.4 by PAMPA
12647426,941173,1519973,O=C(Nc1nc2ccc(F)cc2s1)c1cc([N+](=O)[O-])ccc1Cl,permeability,10,ucm/s,Permeability of the compound at pH 7.4 by PAMPA
12647440,941173,1518457,COc1ccc(-c2nc3ccccc3s2)cc1NC(=O)c1cc([N+](=O)[O-])c(N2CCC(C(=O)O)CC2)cc1Cl,permeability,5,ucm/s,Permeability of the compound at pH 7.4 by PAMPA
12647446,941173,1517133,Cc1ccc(-c2nc3ccccc3s2)cc1NC(=O)c1cc([N+](=O)[O-])c(N2CCNCC2)cc1Cl,permeability,4,ucm/s,Permeability of the compound at pH 7.4 by PAMPA
12647453,941173,1517132,O=C(Nc1ccc(Cl)c(-c2nc3ccccc3s2)c1)c1cc([N+](=O)[O-])ccc1Cl,permeability,3,ucm/s,Permeability of the compound at pH 7.4 by PAMPA
12647454,941173,1519972,O=C(Nc1nc(-c2ccc(Cl)cc2)cs1)c1cc([N+](=O)[O-])ccc1Cl,permeability,3,ucm/s,Permeability of the compound at pH 7.4 by PAMPA
12647455,941173,1519970,O=C(Nc1nc(-c2cccc(F)c2)cs1)c1cc([N+](=O)[O-])ccc1Cl,permeability,3,ucm/s,Permeability of the compound at pH 7.4 by PAMPA
12648972,941173,1518460,O=C(O)COc1cc(Cl)c(C(=O)Nc2cccc(-c3nc4ccccc4s3)c2)cc1[N+](=O)[O-],permeability,1,ucm/s,Permeability of the compound at pH 7.4 by PAMPA
12648973,941173,1518459,Cc1ccc(-c2nc3ccccc3s2)cc1NC(=O)c1cc([N+](=O)[O-])c(N2CCCCC2)cc1Cl,permeability,1,ucm/s,Permeability of the compound at pH 7.4 by PAMPA
12648974,941173,1518458,COC(=O)C1CCN(c2cc(Cl)c(C(=O)Nc3cc(-c4nc5ccccc5s4)ccc3OC)cc2[N+](=O)[O-])CC1,permeability,1,ucm/s,Permeability of the compound at pH 7.4 by PAMPA
12648975,941173,1518454,Cc1ccc(-c2nc3ccccc3s2)cc1NC(=O)c1cc([N+](=O)[O-])c(N(C)C)cc1Cl,permeability,1,ucm/s,Permeability of the compound at pH 7.4 by PAMPA
12646184,941174,1518448,CN1CCN(c2cc(Cl)c(C(=O)Nc3cccc(-c4nc5ccccc5s4)c3)cc2[N+](=O)[O-])CC1,permeability,108,ucm/s,Permeability of the compound at pH 3.0 by PAMPA
12646185,941174,1518451,O=C(Nc1cccc(-c2nc3ccccc3s2)c1)c1cc([N+](=O)[O-])c(N2CCOCC2)cc1Cl,permeability,106,ucm/s,Permeability of the compound at pH 3.0 by PAMPA
12646188,941174,1519397,Cc1ccc(-c2nc3ccccc3s2)cc1NC(=O)c1cc([N+](=O)[O-])c(N2CCN(C)CC2)cc1Cl,permeability,60,ucm/s,Permeability of the compound at pH 3.0 by PAMPA
12646189,941174,1519977,O=C(Nc1cccc(-c2nc3ccccc3s2)c1)c1cc([N+](=O)[O-])ccc1Cl,permeability,51,ucm/s,Permeability of the compound at pH 3.0 by PAMPA
12647500,941174,1517133,Cc1ccc(-c2nc3ccccc3s2)cc1NC(=O)c1cc([N+](=O)[O-])c(N2CCNCC2)cc1Cl,permeability,0.6,ucm/s,Permeability of the compound at pH 3.0 by PAMPA
12648971,941174,1518450,O=C(Nc1cccc(-c2nc3ccccc3s2)c1)c1cc([N+](=O)[O-])c(N2CCNCC2)cc1Cl,permeability,1,ucm/s,Permeability of the compound at pH 3.0 by PAMPA
12699346,943349,1522106,O=c1cc(-c2ccccc2)c2ccccc2n1CC1CN2CCC1CC2,permeability,900,nm/s,Permeability of the compound at pH 7.4 by PAMPA
12699347,943349,1522107,O=c1cc(-c2ccccc2)c2ccccc2n1CC1CNCCO1,permeability,550,nm/s,Permeability of the compound at pH 7.4 by PAMPA
12699348,943349,1422105,c1cnc2c(c1)C[C@@]1(CN3CCC1CC3)O2,permeability,510,nm/s,Permeability of the compound at pH 7.4 by PAMPA
12699349,943349,1522099,O=c1cc(-c2cccc3[nH]ccc23)c2ccccc2n1CC1CN2CCC1CC2,permeability,400,nm/s,Permeability of the compound at pH 7.4 by PAMPA
12699350,943349,1522096,O=c1cc(-c2ccccc2)c2ccccc2n1CC1CN2CCC1(F)CC2,permeability,380,nm/s,Permeability of the compound at pH 7.4 by PAMPA
12699351,943349,1522097,CC(=O)NCc1cccc(-c2cc(=O)n(CC3CN4CCC3CC4)c3ccccc23)c1,permeability,1,nm/s,Permeability of the compound at pH 7.4 by PAMPA
12699352,943349,1522098,CS(=O)(=O)NCc1cccc(-c2cc(=O)n(CC3CN4CCC3CC4)c3ccccc23)c1,permeability,0,nm/s,Permeability of the compound at pH 7.4 by PAMPA
12682698,943495,1525765,CC(C)=CCc1c(O)cc(O)c2c1O[C@@]13C(=C[C@H]4C(=O)C1(CC=C(C)C)OC[C@@H]3[C@H]4CN1CCN(c3ccccc3)CC1)C2=O,permeability,20.6,ucm/s,Permeability of the compound at pH 7.4 by PAMPA
12682688,943495,1526272,CC(C)=CCC12OC(C)(C)[C@@H]3C[C@@H](C=C4C(=O)c5ccccc5O[C@]431)C2=O,permeability,29.3,ucm/s,Permeability of the compound at pH 7.4 by PAMPA
12682670,943495,1370,CC(C)NCC(O)COc1cccc2ccccc12,permeability,541.5,ucm/s,Permeability of the compound at pH 7.4 by PAMPA
12682671,943495,1525316,CC(C)=CCC12OC[C@@H]3[C@@H](CN(CCO)CCO)[C@@H](C=C4C(=O)c5c(O)cccc5O[C@]431)C2=O,permeability,197.2,ucm/s,Permeability of the compound at pH 7.4 by PAMPA
12682672,943495,1525311,CC(C)=CCC12OC[C@@H]3[C@@H](CN(C)C)[C@@H](C=C4C(=O)c5c(O)cccc5O[C@]431)C2=O,permeability,189.1,ucm/s,Permeability of the compound at pH 7.4 by PAMPA
12682673,943495,1525773,CC(C)=CCC12OC[C@@H]3[C@@H](CN4CCN(C)CC4)[C@@H](C=C4C(=O)c5c(O)cccc5O[C@]431)C2=O,permeability,155.7,ucm/s,Permeability of the compound at pH 7.4 by PAMPA
12682674,943495,1525771,CC(C)=CCC12OC[C@@H]3[C@@H](CN4CCOCC4)[C@@H](C=C4C(=O)c5c(O)cccc5O[C@]431)C2=O,permeability,153.2,ucm/s,Permeability of the compound at pH 7.4 by PAMPA
12682675,943495,1525321,CC(=O)OC[C@@H]1[C@H]2COC3(CC=C(C)C)C(=O)[C@@H]1C=C1C(=O)c4c(O)cccc4O[C@]123,permeability,143.3,ucm/s,Permeability of the compound at pH 7.4 by PAMPA
12682676,943495,1525318,CC(C)=CCC12OC[C@@H]3[C@@H](COC(C)C)[C@@H](C=C4C(=O)c5c(O)cccc5O[C@]431)C2=O,permeability,123.2,ucm/s,Permeability of the compound at pH 7.4 by PAMPA
12682677,943495,1525769,CC(C)=CCC12OC[C@@H]3[C@@H](CN4CCCC4)[C@@H](C=C4C(=O)c5c(O)cccc5O[C@]431)C2=O,permeability,108.1,ucm/s,Permeability of the compound at pH 7.4 by PAMPA
12682678,943495,1525319,CC(C)=CCC12OC[C@@H]3[C@@H](COCc4ccccc4)[C@@H](C=C4C(=O)c5c(O)cccc5O[C@]431)C2=O,permeability,82.5,ucm/s,Permeability of the compound at pH 7.4 by PAMPA
12682679,943495,1526271,CC(C)=CCC12OC(C)(C)[C@@H]3C[C@@H](C=C4C(=O)c5c(O)cccc5O[C@]431)C2=O,permeability,77.6,ucm/s,Permeability of the compound at pH 7.4 by PAMPA
12682680,943495,1525325,CC(C)=CCC12OC[C@@H]3[C@@H](CN4CCN(c5ccccc5)CC4)[C@@H](C=C4C(=O)c5c(O)cccc5O[C@]431)C2=O,permeability,77.3,ucm/s,Permeability of the compound at pH 7.4 by PAMPA
12682681,943495,1525323,CC(C)=CCC12OC[C@@H]3[C@@H](COC(=O)Cc4ccccc4)[C@@H](C=C4C(=O)c5c(O)cccc5O[C@]431)C2=O,permeability,67.3,ucm/s,Permeability of the compound at pH 7.4 by PAMPA
12682682,943495,1525315,CCCCN(CCCC)C[C@@H]1[C@H]2COC3(CC=C(C)C)C(=O)[C@@H]1C=C1C(=O)c4c(O)cccc4O[C@]123,permeability,50.1,ucm/s,Permeability of the compound at pH 7.4 by PAMPA
12682683,943495,1525338,CC(C)=CCc1c(O)cc(O)c2c1O[C@@]13C(=C[C@H]4C(=O)C1(CC=C(C)C)OC[C@@H]3[C@H]4CN(C)C)C2=O,permeability,41.9,ucm/s,Permeability of the compound at pH 7.4 by PAMPA
12682684,943495,1525772,CC(C)=CCC12OC[C@@H]3[C@@H](CN4CCNCC4)[C@@H](C=C4C(=O)c5c(O)cccc5O[C@]431)C2=O,permeability,37.2,ucm/s,Permeability of the compound at pH 7.4 by PAMPA
12682685,943495,1525777,CC(C)=CCC12OC[C@@H]3[C@@H](CN4CCOCC4)[C@@H](C=C4C(=O)c5c(O)cc6c(c5O[C@]431)C=CC(C)(C)O6)C2=O,permeability,36.3,ucm/s,Permeability of the compound at pH 7.4 by PAMPA
12682686,943495,1525761,CC(=O)OC[C@@H]1[C@H]2COC3(CC=C(C)C)C(=O)[C@@H]1C=C1C(=O)c4c(O)cc(O)c(CC=C(C)C)c4O[C@]123,permeability,34.2,ucm/s,Permeability of the compound at pH 7.4 by PAMPA
12682687,943495,581814,C[C@H]1O[C@@H](O[C@H]2[C@@H](O)C[C@H](O[C@H]3[C@@H](O)C[C@H](O[C@H]4CC[C@@]5(C)[C@H](CC[C@@H]6[C@@H]5C[C@@H](O)[C@]5(C)[C@@H](C7=CC(=O)OC7)CC[C@]65O)C4)O[C@@H]3C)O[C@@H]2C)C[C@H](O)[C@@H]1O,permeability,30,ucm/s,Permeability of the compound at pH 7.4 by PAMPA
12682689,943495,1525784,CC(C)=CCc1c(O)cc2c(c1O)C(=O)C1=C[C@H]3C(=O)C4(CC=C(C)C)OC[C@H]([C@H]3CN3CCOCC3)[C@]14O2,permeability,28.4,ucm/s,Permeability of the compound at pH 7.4 by PAMPA
12682690,943495,1526270,CC(C)=CCC12OC(C)(C)[C@@H]3C[C@@H](C=C4C(=O)c5c(O)cc(O)cc5O[C@]431)C2=O,permeability,27.5,ucm/s,Permeability of the compound at pH 7.4 by PAMPA
12682691,943495,1525332,CC(C)=CCc1c(O)cc(O)c2c1O[C@@]13C(=C[C@H]4C(=O)C1(CC=C(C)C)OC[C@@H]3[C@H]4CN1CCCCC1)C2=O,permeability,27.3,ucm/s,Permeability of the compound at pH 7.4 by PAMPA
12682692,943495,561598,CC(C)=CCC[C@]1(C)C=Cc2c(O)c3c(c(CC=C(C)C)c2O1)O[C@]12C(=C[C@@H]4C[C@H]1C(C)(C)O[C@@]2(C/C=C(/C)C(=O)O)C4=O)C3=O,permeability,26.5,ucm/s,Permeability of the compound at pH 7.4 by PAMPA
12682693,943495,1526277,CC(C)=CCC12OC[C@@H]3[C@@H](CN4CCOCC4)[C@@H](C=C4C(=O)c5c(cc6c(c5O)C=CC(C)(C)O6)O[C@]431)C2=O,permeability,26.4,ucm/s,Permeability of the compound at pH 7.4 by PAMPA
12682694,943495,1525782,CC(C)=CCc1c(O)cc2c(c1O)C(=O)C1=C[C@H]3C(=O)C4(CC=C(C)C)OC[C@H]([C@H]3CN3CCCC3)[C@]14O2,permeability,26.2,ucm/s,Permeability of the compound at pH 7.4 by PAMPA
12682695,943495,1525344,CC(C)=CCc1c(O)cc(O)c2c1O[C@@]13C(=C[C@H]4C(=O)C1(CC=C(C)C)OC[C@@H]3[C@H]4COC(C)C)C2=O,permeability,23.5,ucm/s,Permeability of the compound at pH 7.4 by PAMPA
12682696,943495,1525793,CCCCN(CCCC)C[C@@H]1[C@H]2COC3(CC=C(C)C)C(=O)[C@@H]1C=C1C(=O)c4c(cc(O)c(CC=C(C)C)c4O)O[C@]123,permeability,22.7,ucm/s,Permeability of the compound at pH 7.4 by PAMPA
12682697,943495,1526262,CC(C)=CCc1c(O)cc2c(c1O)C(=O)C1=C[C@@H]3C[C@H]4COC(CC=C(C)C)(C3=O)[C@@]14O2,permeability,21.9,ucm/s,Permeability of the compound at pH 7.4 by PAMPA
12682699,943495,1525343,CC(C)=CCc1c(O)cc(O)c2c1O[C@@]13C(=C[C@H]4C(=O)C1(CC=C(C)C)OC[C@@H]3[C@H]4CN(CCO)CCO)C2=O,permeability,19,ucm/s,Permeability of the compound at pH 7.4 by PAMPA
12682700,943495,1526260,CC(C)=CCC12OC[C@@H]3C[C@@H](C=C4C(=O)c5c(cc6c(c5O)C=CC(C)(C)O6)O[C@]431)C2=O,permeability,16.8,ucm/s,Permeability of the compound at pH 7.4 by PAMPA
12682701,943495,1525331,CC(C)=CCc1c(O)cc(O)c2c1O[C@@]13C(=C[C@H]4C(=O)C1(CC=C(C)C)OC[C@@H]3[C@H]4CN1CCCC1)C2=O,permeability,15.6,ucm/s,Permeability of the compound at pH 7.4 by PAMPA
12682702,943495,1526261,CC(C)=CCC12OC[C@@H]3C[C@@H](C=C4C(=O)c5c(O)cc6c(c5O[C@]431)C=CC(C)(C)O6)C2=O,permeability,13.6,ucm/s,Permeability of the compound at pH 7.4 by PAMPA
12682703,943495,1525330,CC(C)=CCc1c(O)cc2c(c1O)C(=O)C1=C[C@H]3C(=O)C4(CC=C(C)C)OC[C@H]([C@H]3CN3CCN(c5ccccc5)CC3)[C@]14O2,permeability,13.2,ucm/s,Permeability of the compound at pH 7.4 by PAMPA
12682704,943495,1525789,CC(C)=CCc1c(O)cc2c(c1O)C(=O)C1=C[C@H]3C(=O)C4(CC=C(C)C)OC[C@H]([C@H]3CN(C)C)[C@]14O2,permeability,12.2,ucm/s,Permeability of the compound at pH 7.4 by PAMPA
12682705,943495,1526263,CC(C)=CCc1c(O)cc(O)c2c1O[C@]13C(=C[C@@H]4C[C@H]1COC3(CC=C(C)C)C4=O)C2=O,permeability,12.1,ucm/s,Permeability of the compound at pH 7.4 by PAMPA
12682706,943495,1525342,CCCCN(CCCC)C[C@@H]1[C@H]2COC3(CC=C(C)C)C(=O)[C@@H]1C=C1C(=O)c4c(O)cc(O)c(CC=C(C)C)c4O[C@]123,permeability,11.8,ucm/s,Permeability of the compound at pH 7.4 by PAMPA
12682707,943495,1525759,CC(C)=CCc1c(O)cc(O)c2c1O[C@@]13C(=C[C@H]4C(=O)C1(CC=C(C)C)OC[C@@H]3[C@H]4COCc1ccccc1)C2=O,permeability,11,ucm/s,Permeability of the compound at pH 7.4 by PAMPA
12682708,943495,1526269,CC(C)=CCc1c(O)cc(O)c2c1O[C@]13C(=C[C@@H]4C[C@H]1C(C)(C)OC3(CC=C(C)C)C4=O)C2=O,permeability,10.3,ucm/s,Permeability of the compound at pH 7.4 by PAMPA
12682709,943495,1525763,CC(C)=CCc1c(O)cc(O)c2c1O[C@@]13C(=C[C@H]4C(=O)C1(CC=C(C)C)OC[C@@H]3[C@H]4COC(=O)Cc1ccccc1)C2=O,permeability,9.8,ucm/s,Permeability of the compound at pH 7.4 by PAMPA
12682710,943495,1525794,CC(C)=CCc1c(O)cc2c(c1O)C(=O)C1=C[C@H]3C(=O)C4(CC=C(C)C)OC[C@H]([C@H]3CN(CCO)CCO)[C@]14O2,permeability,9.1,ucm/s,Permeability of the compound at pH 7.4 by PAMPA
12682711,943495,1525781,CCCCN(CCCC)C[C@@H]1[C@H]2COC3(CC=C(C)C)C(=O)[C@@H]1C=C1C(=O)c4c(O)cc5c(c4O[C@]123)C=CC(C)(C)O5,permeability,8.2,ucm/s,Permeability of the compound at pH 7.4 by PAMPA
12682712,943495,1525774,CCCCN(CCCC)C[C@@H]1[C@H]2COC3(CC=C(C)C)C(=O)[C@@H]1C=C1C(=O)c4c(cc5c(c4O)C=CC(C)(C)O5)O[C@]123,permeability,8.1,ucm/s,Permeability of the compound at pH 7.4 by PAMPA
13300212,958790,1560097,CC(C)CCNc1ccc(-c2cnc3ccc(N4CCC(N)CC4)nn23)cn1,Papp,55,nm/s,Apparent permeability of the compound by PAMPA
13300213,958790,1560096,CC(C)CCNc1ccc(-c2cnc3ccc(N4CCC(N(C)C)CC4)nn23)cn1,Papp,137,nm/s,Apparent permeability of the compound by PAMPA
13300214,958790,1560093,CC(C)CCNc1ccc(-c2cnc3ccc(NC4CCN(C)C4)nn23)cn1,Papp,114,nm/s,Apparent permeability of the compound by PAMPA
13300215,958790,1560088,CC(C)CCNc1ccc(-c2cnc3ccc(NC4CCN(C)CC4)nn23)cn1,Papp,81,nm/s,Apparent permeability of the compound by PAMPA
13321358,961837,1562513,NC(=O)Cc1ccc(Nc2nc(-c3ccccc3)nc3c2S(=O)(=O)CCC3)cc1,permeability,50,ucm/s,Permeability of the compound at pH 7.4 after 4 hrs by PAMPA
13321359,961837,1562510,O=C(O)Cc1ccc(Nc2nc(-c3ccccc3)nc3c2CCS(=O)(=O)C3)cc1,permeability,2,ucm/s,Permeability of the compound at pH 7.4 after 4 hrs by PAMPA
13321360,961837,1562509,O=C(O)Cc1ccc(Nc2nc(-c3ccccc3)nc3c2S(=O)(=O)CCC3)cc1,permeability,5.8,ucm/s,Permeability of the compound at pH 7.4 after 4 hrs by PAMPA
13321361,961837,1562331,O=C(O)Cc1ccc(Nc2nc(-c3ccccc3)nc3c2SCCC3)cc1,permeability,15.5,ucm/s,Permeability of the compound at pH 7.4 after 4 hrs by PAMPA
13321362,961837,1562321,O=C(O)Cc1ccc(Nc2nc(-c3ccccc3)nc3c2CS(=O)(=O)C3)cc1,permeability,2,ucm/s,Permeability of the compound at pH 7.4 after 4 hrs by PAMPA
13321363,961837,1562317,O=C(O)Cc1ccc(Nc2nc(-c3ccccc3)nc3c2CSC3)cc1,permeability,13.3,ucm/s,Permeability of the compound at pH 7.4 after 4 hrs by PAMPA
13332331,963490,1566307,Cc1cnc(NC(=O)NC23CC4CC(CC(C4)C2)C3)s1,permeability,30,ucm/s,Permeability of the compound by PAMPA
13332323,963490,1566324,O=C(Nc1nnc(C2CCC2)o1)NC1C2CC3CC(C2)CC1C3,permeability,843,ucm/s,Permeability of the compound by PAMPA
13332324,963490,1566323,O=C(Nc1nnc(C2CC2)o1)NC1C2CC3CC(C2)CC1C3,permeability,860,ucm/s,Permeability of the compound by PAMPA
13332325,963490,1566322,CC(C)c1nnc(NC(=O)NC2C3CC4CC(C3)CC2C4)o1,permeability,484,ucm/s,Permeability of the compound by PAMPA
13332326,963490,1566321,Cc1csc(NC(=O)NC2C3CC4CC(C3)CC2C4)n1,permeability,696,ucm/s,Permeability of the compound by PAMPA
13332327,963490,1566319,CC(C)(C)c1cc(NC(=O)NC2C3CC4CC(C3)CC2C4)no1,permeability,1157,ucm/s,Permeability of the compound by PAMPA
13332328,963490,1566316,CCCn1nc(NC(=O)NC23CC4CC(CC(C4)C2)C3)cc1C,permeability,811,ucm/s,Permeability of the compound by PAMPA
13332329,963490,1566310,CC(C)c1nnc(NC(=O)NC23CC4CC(CC(C4)C2)C3)o1,permeability,333,ucm/s,Permeability of the compound by PAMPA
13332332,963490,1566306,Cc1csc(NC(=O)NC23CC4CC(CC(C4)C2)C3)n1,permeability,766,ucm/s,Permeability of the compound by PAMPA
13332333,963490,1566305,O=C(Nc1nccs1)NC12CC3CC(CC(C3)C1)C2,permeability,543,ucm/s,Permeability of the compound by PAMPA
13344912,963490,1566303,CCCn1nc(NC(=O)NC2C3CC4CC(C3)CC2C4)cc1C,permeability,398,ucm/s,Permeability of the compound by PAMPA
13344913,963490,1566325,CCn1nc(NC(=O)NC2C3CC4CC(C3)CC2C4)cc1C,permeability,989,ucm/s,Permeability of the compound by PAMPA
13344457,965211,1565997,COc1c(-c2ccc3c(c2)CCC3NNS(C)(=O)=O)cc(-n2ccc(=O)[nH]c2=O)cc1C(C)(C)C,Peff,0.24,ucm/s,Effective permeability of the compound by PAMPA
13344458,965211,1565996,COc1c(-c2ccc3c(c2)CC/C3=N\NS(C)(=O)=O)cc(-n2ccc(=O)[nH]c2=O)cc1C(C)(C)C,Peff,0.47,ucm/s,Effective permeability of the compound by PAMPA
13344459,965211,1565995,COc1c(-c2ccc3c(c2)CC=C3C(C)(C)NS(C)(=O)=O)cc(-n2ccc(=O)[nH]c2=O)cc1C(C)(C)C,Peff,4.06,ucm/s,Effective permeability of the compound by PAMPA
13344460,965211,1565993,COc1c(-c2ccc3c(c2)CC=C3CNS(C)(=O)=O)cc(-n2ccc(=O)[nH]c2=O)cc1C(C)(C)C,Peff,5.43,ucm/s,Effective permeability of the compound by PAMPA
13344461,965211,1566004,COc1c(-c2ccc3c(c2)CCC3CNS(C)(=O)=O)cc(-n2ccc(=O)[nH]c2=O)cc1C(C)(C)C,Peff,8.93,ucm/s,Effective permeability of the compound by PAMPA
13344462,965211,1566003,COc1c(-c2ccc3cc(CNS(C)(=O)=O)sc3c2)cc(-n2ccc(=O)[nH]c2=O)cc1C(C)(C)C,Peff,0.81,ucm/s,Effective permeability of the compound by PAMPA
13344463,965211,1566002,COc1c(-c2ccc3nc(NS(C)(=O)=O)sc3c2)cc(-n2ccc(=O)[nH]c2=O)cc1C(C)(C)C,Peff,1.4,ucm/s,Effective permeability of the compound by PAMPA
13344464,965211,1566001,COc1c(-c2ccc3c(CNS(C)(=O)=O)csc3c2)cc(-n2ccc(=O)[nH]c2=O)cc1C(C)(C)C,Peff,0.81,ucm/s,Effective permeability of the compound by PAMPA
13344465,965211,1565998,COc1c(C(=O)Nc2ccc(NS(C)(=O)=O)cc2)cc(N2CCC(=O)NC2=O)cc1C(C)(C)C,Peff,0.22,ucm/s,Effective permeability of the compound by PAMPA
13363308,967112,1568327,ClC(Cn1ncc2c(NCc3ccc(Br)cc3)ncnc21)c1ccc(Br)cc1,Papp,3.41,ucm/s,Apparent permeability of the compound after 5 hrs by PAMPA
13363311,967112,1568324,Fc1ccc(CNc2ncnc3c2cnn3CC(Cl)c2ccc(Br)cc2)cc1,Papp,10.7,ucm/s,Apparent permeability of the compound after 5 hrs by PAMPA
13363314,967112,1568321,Clc1ccc(CNc2ncnc3c2cnn3CC(Cl)c2ccc(Br)cc2)cc1,Papp,4.24,ucm/s,Apparent permeability of the compound after 5 hrs by PAMPA
13363315,967112,1568320,Clc1ccccc1CNc1ncnc2c1cnn2CC(Cl)c1ccc(Br)cc1,Papp,8.78,ucm/s,Apparent permeability of the compound after 5 hrs by PAMPA
13363316,967112,1568319,Clc1cccc(CNc2ncnc3c2cnn3CC(Cl)c2ccc(Br)cc2)c1,Papp,9.1,ucm/s,Apparent permeability of the compound after 5 hrs by PAMPA
13363318,967112,1568317,ClC(Cn1ncc2c(Nc3ccccc3)ncnc21)c1ccc(Br)cc1,Papp,6.64,ucm/s,Apparent permeability of the compound after 5 hrs by PAMPA
13363320,967112,1568315,Fc1cccc(Nc2ncnc3c2cnn3CC(Cl)c2ccccc2)c1,Papp,7.5,ucm/s,Apparent permeability of the compound after 5 hrs by PAMPA
13363321,967112,1568314,ClC(Cn1ncc2c(Nc3cccc(Br)c3)ncnc21)c1ccccc1,Papp,3.2,ucm/s,Apparent permeability of the compound after 5 hrs by PAMPA
13363322,967112,1568313,Fc1ccc(C(Cl)Cn2ncc3c(Nc4cccc(Br)c4)ncnc32)cc1,Papp,6.8,ucm/s,Apparent permeability of the compound after 5 hrs by PAMPA
13363327,967112,646042,Fc1ccc(C(Cl)Cn2ncc3c(Nc4cccc(F)c4)ncnc32)cc1,Papp,13.9,ucm/s,Apparent permeability of the compound after 5 hrs by PAMPA
13363328,967112,441971,Fc1ccc(CNc2ncnc3c2cnn3CC(Cl)c2ccc(Cl)cc2)cc1,Papp,16.6,ucm/s,Apparent permeability of the compound after 5 hrs by PAMPA
13372311,970221,1569417,C[C@@H](Oc1c(N)ncc2c(C3=CCN(C(N)=O)CC3)coc12)c1c(Cl)ccc(F)c1Cl,permeability,359,ucm/s,Permeability of the compound at pH 7.4 by PAMPA
13372312,970221,1569404,CC(=O)N1CCC(n2cc(-c3coc4c(O[C@H](C)c5c(Cl)ccc(F)c5Cl)c(N)ncc34)cn2)CC1,permeability,318,ucm/s,Permeability of the compound at pH 7.4 by PAMPA
13372314,970221,1569413,CC(=O)N1CC=C(c2coc3c(O[C@H](C)c4c(Cl)ccc(F)c4Cl)c(N)ncc23)CC1,permeability,199,ucm/s,Permeability of the compound at pH 7.4 by PAMPA
13370363,971875,1569479,COc1ccc(-c2nc3ccccc3o2)cc1NC(=O)c1cnccc1Cl,permeability,391,ucm/s,Permeability of the compound by PAMPA
13370349,971875,1569486,CN(C)CCC(=O)Nc1cccc(-c2nc3ccccc3s2)c1,permeability,2081,ucm/s,Permeability of the compound by PAMPA
13370350,971875,1569483,C/C=C/C(=O)Nc1cccc(-c2nc3ccccc3s2)c1,permeability,1641,ucm/s,Permeability of the compound by PAMPA
13370351,971875,1569484,C=C(C)C(=O)Nc1cccc(-c2nc3ccccc3s2)c1,permeability,987,ucm/s,Permeability of the compound by PAMPA
13370352,971875,1569489,CC(C)(CCl)C(=O)Nc1cccc(-c2nc3ccccc3s2)c1,permeability,891,ucm/s,Permeability of the compound by PAMPA
13370353,971875,1569482,C=CC(=O)Nc1cccc(-c2nc3ccccc3s2)c1,permeability,797,ucm/s,Permeability of the compound by PAMPA
13370354,971875,1569474,Cc1ccc(-c2nc3ccccc3s2)cc1NC(=O)c1cnccc1Cl,permeability,791,ucm/s,Permeability of the compound by PAMPA
13370355,971875,1569488,CC(Cl)C(=O)Nc1cccc(-c2nc3ccccc3s2)c1,permeability,769,ucm/s,Permeability of the compound by PAMPA
13370356,971875,1569490,O=C(Nc1cccc(-c2nc3ccccc3s2)c1)c1cnccc1Cl,permeability,732,ucm/s,Permeability of the compound by PAMPA
13370357,971875,1569491,O=C(Nc1cccc(-c2nc3ccccc3s2)c1)c1cccnc1Cl,permeability,677,ucm/s,Permeability of the compound by PAMPA
13370358,971875,1569487,O=C(CCl)Nc1cccc(-c2nc3ccccc3s2)c1,permeability,660,ucm/s,Permeability of the compound by PAMPA
13370359,971875,1569478,Cc1ccc(-c2nc3ccccc3o2)cc1NC(=O)c1cnccc1Cl,permeability,646,ucm/s,Permeability of the compound by PAMPA
13370360,971875,1569494,O=C(Nc1cccc(-c2nc3ccccc3s2)c1)c1ccncc1Cl,permeability,563,ucm/s,Permeability of the compound by PAMPA
13370361,971875,590476,O=C(Nc1ccc(Cl)cc1)c1cc([N+](=O)[O-])ccc1Cl,permeability,536,ucm/s,Permeability of the compound by PAMPA
13370362,971875,1569493,O=C(Nc1cccc(-c2nc3ccccc3s2)c1)c1ccnc(Cl)c1,permeability,478,ucm/s,Permeability of the compound by PAMPA
13370364,971875,1569476,O=C(Nc1cc(-c2nc3ccccc3s2)ccc1F)c1cnccc1Cl,permeability,306,ucm/s,Permeability of the compound by PAMPA
13370365,971875,1569481,O=C(Nc1ccc(F)c(-c2nc3ccccc3o2)c1)c1cnccc1Cl,permeability,305,ucm/s,Permeability of the compound by PAMPA
13370366,971875,1569480,O=C(Nc1cc(-c2nc3ccccc3o2)ccc1F)c1cnccc1Cl,permeability,258,ucm/s,Permeability of the compound by PAMPA
13370367,971875,1569496,O=C(Nc1cccc(-c2nc3ccccc3s2)c1)c1cnc(Cl)s1,permeability,133,ucm/s,Permeability of the compound by PAMPA
13370368,971875,1569475,COc1ccc(-c2nc3ccccc3s2)cc1NC(=O)c1cnccc1Cl,permeability,121,ucm/s,Permeability of the compound by PAMPA
13370369,971875,1569492,O=C(Nc1cccc(-c2nc3ccccc3s2)c1)c1ccc(Cl)nc1Cl,permeability,104,ucm/s,Permeability of the compound by PAMPA
13370372,971875,1569495,O=C(Nc1cccc(-c2nc3ccccc3s2)c1)c1cc([N+](=O)[O-])cnc1Cl,permeability,42,ucm/s,Permeability of the compound by PAMPA
13371565,971875,1569477,O=C(Nc1ccc(F)c(-c2nc3ccccc3s2)c1)c1cnccc1Cl,permeability,21,ucm/s,Permeability of the compound by PAMPA
13371577,971875,1569485,O=C(O)/C=C/C(=O)Nc1cccc(-c2nc3ccccc3s2)c1,permeability,4,ucm/s,Permeability of the compound by PAMPA
13387504,972137,61508,CCCCNc1nc(SCC)nc2c1cnn2CC(Cl)c1ccccc1,Papp,5.99,ucm/s,Apparent permeability of the compound after 5 hrs by PAMPA
13388387,972137,1572033,CSc1nc(N(C(=O)OCCN2CCN(C)CC2)c2cccc(Br)c2)c2cnn(CC(C)c3ccccc3)c2n1,Papp,2.11,ucm/s,Apparent permeability of the compound after 5 hrs by PAMPA
13388394,972137,1180747,CSc1nc(Nc2cccc(Br)c2)c2cnn(CC(C)c3ccccc3)c2n1,Papp,0.01,ucm/s,Apparent permeability of the compound after 5 hrs by PAMPA
13392126,972519,1572647,COc1cccc(-c2ccc(-n3c(Cl)cc4[nH]c(=O)c(-c5cccc(C(=O)O)c5)c(O)c43)cc2)c1O,permeability,0.6,nm/s,Permeability of the compound by PAMPA
13392127,972519,1572646,COc1cccc(-c2ccc(-n3c(Cl)cc4[nH]c(=O)c(-c5ccccc5)c(O)c43)cc2)c1O,permeability,110,nm/s,Permeability of the compound by PAMPA
13392128,972519,1572645,CCc1ccc(-n2c(Cl)cc3[nH]c(=O)c(-c4ccccc4)c(O)c32)cc1,permeability,150,nm/s,Permeability of the compound by PAMPA
13392129,972519,1572644,N#Cc1c(O)c2c(cc(Cl)n2-c2ccc(-c3ccsc3)cc2)[nH]c1=O,permeability,0.7,nm/s,Permeability of the compound by PAMPA
13392130,972519,1572643,Cc1ccc(-c2ccc(-n3c(Cl)cc4[nH]c(=O)c(C#N)c(O)c43)cc2)cc1,permeability,4.8,nm/s,Permeability of the compound by PAMPA
13392131,972519,1572642,COc1cccc(-c2ccc(-n3c(Cl)cc4[nH]c(=O)c(C#N)c(O)c43)cc2)c1O,permeability,3,nm/s,Permeability of the compound by PAMPA
13392132,972519,1572641,COc1cccc(-c2ccc(-n3ccc4[nH]c(=O)c(C#N)c(O)c43)cc2)c1O,permeability,0.4,nm/s,Permeability of the compound by PAMPA
13392133,972519,1572638,COc1ccc(-c2ccc(-n3ccc4[nH]c(=O)c(C#N)c(O)c43)cc2)cc1,permeability,0.8,nm/s,Permeability of the compound by PAMPA
13392134,972519,446780,N#Cc1c(O)c2c(-c3ccc(-c4ccccc4O)cc3)csc2[nH]c1=O,permeability,3,nm/s,Permeability of the compound by PAMPA
13396786,972689,1573438,CCOCc1c(C(=O)NCc2cncn2C)cnn1-c1ncc(C)c(-c2cccs2)n1,permeability,4,ucm/s,Permeability of the compound at pH 7.4 by PAMPA
13396782,972689,1573428,CCCCc1c(C(=O)NCc2cncn2C)cnn1-c1ncc(C)c(-c2cccs2)n1,permeability,8,ucm/s,Permeability of the compound at pH 7.4 by PAMPA
13396789,972689,1573426,CCOCc1c(C(=O)NCc2cncn2C)cnn1-c1ncc(C)c(N2CCCCC2)n1,permeability,3.5,ucm/s,Permeability of the compound at pH 7.4 by PAMPA
13396790,972689,1573442,CCOCc1c(C(=O)NCc2cncn2C)cnn1-c1ncc(C)c(N2CCCC2)n1,permeability,3.1,ucm/s,Permeability of the compound at pH 7.4 by PAMPA
13396793,972689,1573439,CCOCc1c(C(=O)NCc2cncn2C)cnn1-c1ncc(C)c(OCC)n1,permeability,2.9,ucm/s,Permeability of the compound at pH 7.4 by PAMPA
13396801,972689,1573441,CCOCc1c(C(=O)NCc2cncn2C)cnn1-c1ncc(C)c(N2CCC2)n1,permeability,1.6,ucm/s,Permeability of the compound at pH 7.4 by PAMPA
13396802,972689,1573440,CCOCc1c(C(=O)NCc2cncn2C)cnn1-c1ncc(C)c(NC2CCC2)n1,permeability,1.6,ucm/s,Permeability of the compound at pH 7.4 by PAMPA
13395049,973969,1572150,O=C1Nc2ccccc2/C1=C\c1ccc2c(/C=C/c3ccc(C(=O)O)cc3)n[nH]c2c1,permeability,2.1,ucm/s,Permeability of the compound at pH 7.4 by PAMPA
13395050,973969,1572308,COc1ccc2c(c1)/C(=C\c1ccc3c(/C=C/c4ccc(N5CCN(C)CC5)nc4)n[nH]c3c1)C(=O)N2,permeability,164,ucm/s,Permeability of the compound at pH 7.4 by PAMPA
13395051,973969,1572307,CN1CCN(c2ccc(/C=C/c3n[nH]c4cc(/C=C5/C(=O)Nc6ccccc65)ccc34)cn2)CC1,permeability,335,ucm/s,Permeability of the compound at pH 7.4 by PAMPA
13395052,973969,1572305,CN(C)Cc1ccc(/C=C/c2n[nH]c3cc(/C=C4/C(=O)Nc5ccccc54)ccc23)cc1,permeability,276,ucm/s,Permeability of the compound at pH 7.4 by PAMPA
13395053,973969,1572303,O=C1Nc2ccc(O)cc2/C1=C\c1ccc2c(/C=C/c3ccncc3)n[nH]c2c1,permeability,4,ucm/s,Permeability of the compound at pH 7.4 by PAMPA
13395054,973969,1572155,O=C1Nc2ccccc2/C1=C\c1ccc2c(/C=C/c3ccncc3)n[nH]c2c1,permeability,197,ucm/s,Permeability of the compound at pH 7.4 by PAMPA
13408489,976253,1575819,COc1ccc(CNS(=O)(=O)/C=C/c2ccc(OC(C)=O)c(OC(C)=O)c2)cc1,permeability,11.6,ucm/s,Permeability of the compound at 25 ug/ml after 18 hrs by PAMPA assay
13408490,976253,1575818,CC(=O)Oc1ccc(/C=C/S(=O)(=O)NCc2ccc(C)cc2)cc1OC(C)=O,permeability,8.6,ucm/s,Permeability of the compound at 25 ug/ml after 18 hrs by PAMPA assay
13408491,976253,1575817,CC(=O)Oc1ccc(/C=C/S(=O)(=O)NCc2ccc(F)cc2)cc1OC(C)=O,permeability,7.5,ucm/s,Permeability of the compound at 25 ug/ml after 18 hrs by PAMPA assay
13408493,976253,1575815,CC(=O)Oc1ccc(/C=C/S(=O)(=O)NCc2ccc(Cl)cc2)cc1OC(C)=O,permeability,5.1,ucm/s,Permeability of the compound at 25 ug/ml after 18 hrs by PAMPA assay
13408496,976253,1575812,CC(=O)Oc1ccc(/C=C/S(=O)(=O)NCCc2ccccc2)cc1OC(C)=O,permeability,10.1,ucm/s,Permeability of the compound at 25 ug/ml after 18 hrs by PAMPA assay
13408497,976253,1575811,CC(=O)Oc1ccc(/C=C/S(=O)(=O)NCc2ccccc2)cc1OC(C)=O,permeability,15.1,ucm/s,Permeability of the compound at 25 ug/ml after 18 hrs by PAMPA assay
13408498,976253,27609,Clc1cccc(Cl)c1NC1=NCCN1,permeability,5.2,ucm/s,Permeability of the compound at 25 ug/ml after 18 hrs by PAMPA assay
13408499,976253,1219,COc1ccc(CCN(C)CCCC(C#N)(c2ccc(OC)c(OC)c2)C(C)C)cc1OC,permeability,16.9,ucm/s,Permeability of the compound at 25 ug/ml after 18 hrs by PAMPA assay
13408500,976253,374052,C[C@]12CCC(=O)C=C1CC[C@@H]1[C@@H]2[C@@H](O)C[C@@]2(C)[C@H]1CC[C@]2(O)C(=O)CO,permeability,1.8,ucm/s,Permeability of the compound at 25 ug/ml after 18 hrs by PAMPA assay
13408501,976253,171563,O=C(/C=C/c1ccc(O)c(O)c1)OCCc1ccccc1,permeability,1.8,ucm/s,Permeability of the compound at 25 ug/ml after 18 hrs by PAMPA assay
13408502,976253,1575810,CN(CCc1ccccc1)S(=O)(=O)/C=C/c1ccc(O)c(O)c1,permeability,4.8,ucm/s,Permeability of the compound at 25 ug/ml after 18 hrs by PAMPA assay
13408503,976253,1575809,O=S(=O)(/C=C/c1ccc(O)c(O)c1)NCCc1ccc(Cl)cc1,permeability,3.4,ucm/s,Permeability of the compound at 25 ug/ml after 18 hrs by PAMPA assay
13408504,976253,1575808,COc1ccc(CNS(=O)(=O)/C=C/c2ccc(O)c(O)c2)cc1,permeability,4.7,ucm/s,Permeability of the compound at 25 ug/ml after 18 hrs by PAMPA assay
13408505,976253,1575807,Cc1ccc(CNS(=O)(=O)/C=C/c2ccc(O)c(O)c2)cc1,permeability,6.7,ucm/s,Permeability of the compound at 25 ug/ml after 18 hrs by PAMPA assay
13408506,976253,1575806,O=S(=O)(/C=C/c1ccc(O)c(O)c1)NCc1ccc(F)cc1,permeability,6,ucm/s,Permeability of the compound at 25 ug/ml after 18 hrs by PAMPA assay
13408507,976253,1575805,O=S(=O)(/C=C/c1ccc(O)c(O)c1)NCc1ccc(C(F)(F)F)cc1,permeability,2.8,ucm/s,Permeability of the compound at 25 ug/ml after 18 hrs by PAMPA assay
13408508,976253,1575804,O=S(=O)(/C=C/c1ccc(O)c(O)c1)NCc1ccc(Cl)cc1,permeability,2.5,ucm/s,Permeability of the compound at 25 ug/ml after 18 hrs by PAMPA assay
13408509,976253,1575803,O=S(=O)(/C=C/c1ccc(O)c(O)c1)NCCCCc1ccccc1,permeability,3.8,ucm/s,Permeability of the compound at 25 ug/ml after 18 hrs by PAMPA assay
13408510,976253,1575802,O=S(=O)(/C=C/c1ccc(O)c(O)c1)NCCCc1ccccc1,permeability,5.7,ucm/s,Permeability of the compound at 25 ug/ml after 18 hrs by PAMPA assay
13408511,976253,1575801,O=S(=O)(/C=C/c1ccc(O)c(O)c1)NCCc1ccccc1,permeability,8.2,ucm/s,Permeability of the compound at 25 ug/ml after 18 hrs by PAMPA assay
13408512,976253,1575800,O=S(=O)(/C=C/c1ccc(O)c(O)c1)NCc1ccccc1,permeability,12.2,ucm/s,Permeability of the compound at 25 ug/ml after 18 hrs by PAMPA assay
13435078,980912,1578473,N#Cc1cc(C#N)c(NC2CCN(Cc3ccccc3)CC2)nc1NC1CCN(Cc2ccccc2)CC1,permeability,5,ucm/s,Permeability of the compound at 1 mg/ml after 4 hrs by PAMPA
13435080,980912,1578471,N#Cc1cc(C#N)c(NCCCCC2CCN(Cc3ccccc3)CC2)nc1Cl,permeability,6.99,ucm/s,Permeability of the compound at 1 mg/ml after 4 hrs by PAMPA
13435081,980912,1578470,N#Cc1cc(C#N)c(NCCCC2CCN(Cc3ccccc3)CC2)nc1Cl,permeability,5.98,ucm/s,Permeability of the compound at 1 mg/ml after 4 hrs by PAMPA
13435082,980912,1578469,N#Cc1cc(C#N)c(NCCC2CCN(Cc3ccccc3)CC2)nc1Cl,permeability,8.52,ucm/s,Permeability of the compound at 1 mg/ml after 4 hrs by PAMPA
13435083,980912,1578468,N#Cc1cc(C#N)c(NC2CCN(Cc3ccccc3)CC2)nc1Cl,permeability,7.39,ucm/s,Permeability of the compound at 1 mg/ml after 4 hrs by PAMPA
13435084,980912,1578467,N#Cc1c(Cl)nc(NCCCCC2CCN(Cc3ccccc3)CC2)c(C#N)c1-c1ccccc1,permeability,10.31,ucm/s,Permeability of the compound at 1 mg/ml after 4 hrs by PAMPA
13435085,980912,1578466,N#Cc1c(Cl)nc(NCCCC2CCN(Cc3ccccc3)CC2)c(C#N)c1-c1ccccc1,permeability,10.12,ucm/s,Permeability of the compound at 1 mg/ml after 4 hrs by PAMPA
13488484,988225,1585593,Fc1ccc(-n2cc(-c3cnn4ccc(C5CCCNC5)nc34)cn2)cc1,Papp,217,nm/s,Apparent permeability of the compound at 50 to 200 uM after 5 hrs by PAMPA
13488485,988225,1585592,CN1CCC(Oc2ccc3ncc(-c4cnn(-c5ccc(F)cc5)c4)n3n2)CC1,Papp,214,nm/s,Apparent permeability of the compound at 50 to 200 uM after 5 hrs by PAMPA
13488486,988225,1585591,Fc1ccc(-n2cc(-c3cnc4ccc(N[C@H]5CC[C@H](N6CCCC6)CC5)nn34)cn2)cc1,Papp,104,nm/s,Apparent permeability of the compound at 50 to 200 uM after 5 hrs by PAMPA
13488487,988225,1585590,N[C@H]1CC[C@H](Nc2ccc3ncc(-c4cnn(-c5ccc(F)cc5)c4)n3n2)CC1,Papp,43,nm/s,Apparent permeability of the compound at 50 to 200 uM after 5 hrs by PAMPA
13488488,988225,1585589,CN1CCC(Nc2ccc3ncc(-c4cnn(-c5cnccn5)c4)n3n2)CC1,Papp,0.5,nm/s,Apparent permeability of the compound at 50 to 200 uM after 5 hrs by PAMPA
13488489,988225,1585610,CN1CCC(Nc2ccc3ncc(-c4cnn(-c5cccc(F)c5)c4)n3n2)CC1,Papp,110,nm/s,Apparent permeability of the compound at 50 to 200 uM after 5 hrs by PAMPA
13488490,988225,1585604,c1ccc(-n2cc(-c3cnc4ccc(NC5CCNCC5)nn34)cn2)cc1,Papp,23,nm/s,Apparent permeability of the compound at 50 to 200 uM after 5 hrs by PAMPA
13476764,988276,1584999,CCc1nc(Oc2ccc(C(=O)O)cc2)ccc1CN1CCC(N2C(=O)N(C3CCOCC3)C[C@H]2c2ccccc2)CC1,Papp,12.2,ucm/s,Apparent permeability of the compound at 200 uM after 16 hrs by PAMPA
13476765,988276,1585002,Cc1nc(Oc2ccc(C(N)=O)cc2)ccc1CN1CCC(N2C(=O)N(C3CCOCC3)C[C@H]2c2ccccc2)CC1,Papp,12,ucm/s,Apparent permeability of the compound at 200 uM after 16 hrs by PAMPA
13476766,988276,1585000,O=C(O)c1ccc(Sc2ccc(CN3CCC(N4C(=O)N(C5CCOCC5)C[C@H]4c4ccccc4)CC3)cn2)cc1,Papp,11.7,ucm/s,Apparent permeability of the compound at 200 uM after 16 hrs by PAMPA
13476767,988276,1584995,Cc1nc(Oc2ccc(C(=O)O)cc2)ccc1CN1CCC(N2C(=O)N(C3CCOCC3)C[C@H]2c2ccccc2)CC1,Papp,7.8,ucm/s,Apparent permeability of the compound at 200 uM after 16 hrs by PAMPA
13494915,992035,1586825,CCCC[C@H](NC(=O)[C@H](CCCCN)NC(=O)[C@H](CCCNC(=N)N)NC(=O)c1ccc(/C=C2\SC(=S)N(CCCC)C2=O)cc1)C(N)=O,permeability,1.61,ucm/s,Permeability of the compound by PAMPA
13494916,992035,1586846,CCCC[C@H](NC(=O)[C@H](CCCCN)NC(=O)[C@H](CCCNC(=N)N)NC(=O)/C=C/c1ccccc1)C(N)=O,permeability,1.26,ucm/s,Permeability of the compound by PAMPA
13494918,992035,1586844,CCCC[C@H](NC(=O)[C@H](CCCCN)NC(=O)[C@H](CCCNC(=N)N)NC(=O)c1ccc(/C=C(\C#N)C(=O)NC2CC2)cc1)C(N)=O,permeability,1.11,ucm/s,Permeability of the compound by PAMPA
13494924,992035,1586835,CCCC[C@H](NC(=O)[C@H](CCCCN)NC(=O)[C@H](CCCNC(=N)N)NC(=O)c1cccc(/C=C2\SC(=O)N(C3CCCC3)C2=O)c1)C(N)=O,permeability,1.9,ucm/s,Permeability of the compound by PAMPA
13494926,992035,1586851,CCCC[C@@H](NC(=O)[C@@H](CCCCN)NC(=O)[C@@H](CCCNC(=N)N)NC(=O)c1ccc(/C=C2\SC(=O)N(Cc3ccccc3)C2=O)cc1)C(N)=O,permeability,0.29,ucm/s,Permeability of the compound by PAMPA
13494927,992035,1586850,CCCC[C@H](NC(=O)[C@H](CCCCN)NC(=O)[C@H](CCCNC(=N)N)NC(=O)c1ccc(/C=C2\SC(=O)N(CCc3ccccc3)C2=O)cc1)C(N)=O,permeability,0.82,ucm/s,Permeability of the compound by PAMPA
13494928,992035,1586849,CCCC[C@H](NC(=O)[C@H](CCCCN)NC(=O)[C@H](CCCNC(=N)N)NC(=O)c1ccc(/C=C2\SC(=O)N(Cc3ccc(Cl)cc3)C2=O)cc1)C(N)=O,permeability,1.11,ucm/s,Permeability of the compound by PAMPA
13494929,992035,1586848,CCCC[C@H](NC(=O)[C@H](CCCCN)NC(=O)[C@H](CCCNC(=N)N)NC(=O)c1ccc(/C=C2\SC(=O)N(Cc3ccc(F)cc3)C2=O)cc1)C(N)=O,permeability,0.43,ucm/s,Permeability of the compound by PAMPA
13494930,992035,1586664,CCCC[C@H](NC(=O)[C@H](CCCCN)NC(=O)[C@H](CCCNC(=N)N)NC(=O)c1ccc(/C=C2\SC(=O)N(c3ccc(C)cc3)C2=O)cc1)C(N)=O,permeability,0.66,ucm/s,Permeability of the compound by PAMPA
13494931,992035,1586660,CCCC[C@H](NC(=O)[C@H](CCCCN)NC(=O)[C@H](CCCNC(=N)N)NC(=O)c1ccc(/C=C2\SC(=S)N(Cc3ccc(OC)cc3)C2=O)cc1)C(N)=O,permeability,0.6,ucm/s,Permeability of the compound by PAMPA
13494932,992035,1586657,CCCC[C@H](NC(=O)[C@H](CCCCN)NC(=O)[C@H](CCCNC(=N)N)NC(=O)c1ccc(/C=C2\SC(=S)N(c3ccc(Cl)cc3)C2=O)cc1)C(N)=O,permeability,1.02,ucm/s,Permeability of the compound by PAMPA
13494933,992035,1586655,CCCC[C@H](NC(=O)[C@H](CCCCN)NC(=O)[C@H](CCCNC(=N)N)NC(=O)c1ccc(/C=C2\SC(=S)N(c3ccc(OC)cc3)C2=O)cc1)C(N)=O,permeability,0.59,ucm/s,Permeability of the compound by PAMPA
13494935,992035,1586857,CCCC[C@H](NC(=O)[C@H](CCCCN)NC(=O)[C@H](CCCNC(=N)N)NC(=O)c1ccc(/C=C2\SC(=O)N(C3CCCCC3)C2=O)cc1)C(N)=O,permeability,1.69,ucm/s,Permeability of the compound by PAMPA
13494936,992035,1586856,CCCC[C@H](NC(=O)[C@H](CCCCN)NC(=O)[C@H](CCCNC(=N)N)NC(=O)c1ccc(/C=C2\SC(=O)N(C3CCCC3)C2=O)cc1)C(N)=O,permeability,0.44,ucm/s,Permeability of the compound by PAMPA
13494937,992035,1586855,CCCC[C@H](NC(=O)[C@H](CCCCN)NC(=O)[C@H](CCCNC(=N)N)NC(=O)c1ccc(/C=C2\SC(=O)N(CCCC)C2=O)cc1)C(N)=O,permeability,1.18,ucm/s,Permeability of the compound by PAMPA
13494938,992035,1586677,C=CCN1C(=O)/C(=C/c2ccc(C(=O)N[C@@H](CCCNC(=N)N)C(=O)N[C@@H](CCCCN)C(=O)N[C@@H](CCCC)C(N)=O)cc2)SC1=S,permeability,0.42,ucm/s,Permeability of the compound by PAMPA
13494939,992035,1586676,CCCCC(C(=O)OC)N1C(=O)/C(=C/c2ccc(C(=O)N[C@@H](CCCNC(=N)N)C(=O)N[C@@H](CCCCN)C(=O)N[C@@H](CCCC)C(N)=O)cc2)SC1=S,permeability,0.87,ucm/s,Permeability of the compound by PAMPA
13494940,992035,1586674,CCCC[C@H](NC(=O)[C@H](CCCCN)NC(=O)[C@H](CCCNC(=N)N)NC(=O)c1ccc(/C=C2\SC(=S)N(C3CCCCC3)C2=O)cc1)C(N)=O,permeability,1.82,ucm/s,Permeability of the compound by PAMPA
13494941,992035,1586673,CCCC[C@H](NC(=O)[C@H](CCCCN)NC(=O)[C@H](CCCNC(=N)N)NC(=O)c1ccc(/C=C2\SC(=S)N(C3CCCC3)C2=O)cc1)C(N)=O,permeability,2.31,ucm/s,Permeability of the compound by PAMPA
13836233,1275567,1603530,Cc1c(Cc2cccc(NS(=O)(=O)N(C)C)c2)c(=O)oc2cc(OC(=O)N(C)C)c(Cl)cc12,permeability,4,ucm/s,Permeability of the compound by PSR4p PAMPA
13836222,1275567,1603540,Cc1c(Cc2cccc(NS(=O)(=O)N3CCN(C)CC3)c2)c(=O)oc2cc(OC(=O)N(C)C)c(Cl)cc12,permeability,2,ucm/s,Permeability of the compound by PSR4p PAMPA
13836223,1275567,1603539,COCCNS(=O)(=O)Nc1cccc(Cc2c(C)c3cc(Cl)c(OC(=O)N(C)C)cc3oc2=O)c1,permeability,4,ucm/s,Permeability of the compound by PSR4p PAMPA
13836224,1275567,1603538,Cc1c(Cc2cccc(NS(=O)(=O)NCCO)c2)c(=O)oc2cc(OC(=O)N(C)C)c(Cl)cc12,permeability,5,ucm/s,Permeability of the compound by PSR4p PAMPA
13836225,1275567,1603537,Cc1c(Cc2cccc(NS(=O)(=O)NCCC#N)c2)c(=O)oc2cc(OC(=O)N(C)C)c(Cl)cc12,permeability,5,ucm/s,Permeability of the compound by PSR4p PAMPA
13836226,1275567,1603536,Cc1c(Cc2cccc(NS(=O)(=O)NCCN)c2)c(=O)oc2cc(OC(=O)N(C)C)c(Cl)cc12.Cl,permeability,0.2,ucm/s,Permeability of the compound by PSR4p PAMPA
13836227,1275567,1603535,Cc1c(Cc2cccc(NS(=O)(=O)NCC(F)(F)F)c2)c(=O)oc2cc(OC(=O)N(C)C)c(Cl)cc12,permeability,3,ucm/s,Permeability of the compound by PSR4p PAMPA
13836228,1275567,1603534,CONS(=O)(=O)Nc1cccc(Cc2c(C)c3cc(Cl)c(OC(=O)N(C)C)cc3oc2=O)c1,permeability,3,ucm/s,Permeability of the compound by PSR4p PAMPA
13836229,1275567,1603533,CCS(=O)(=O)Nc1cccc(Cc2c(C)c3cc(Cl)c(OC(=O)N(C)C)cc3oc2=O)c1,permeability,3,ucm/s,Permeability of the compound by PSR4p PAMPA
13836230,1275567,1603532,Cc1c(Cc2cccc(NS(C)(=O)=O)c2)c(=O)oc2cc(OC(=O)N(C)C)c(Cl)cc12,permeability,3,ucm/s,Permeability of the compound by PSR4p PAMPA
13836234,1275567,1603529,CNS(=O)(=O)Nc1cccc(Cc2c(C)c3cc(Cl)c(OC(=O)N(C)C)cc3oc2=O)c1,permeability,4,ucm/s,Permeability of the compound by PSR4p PAMPA
13836235,1275567,1603528,Cc1c(Cc2cccc(NS(N)(=O)=O)c2)c(=O)oc2cc(OC(=O)N(C)C)c(Cl)cc12,permeability,5,ucm/s,Permeability of the compound by PSR4p PAMPA
13836236,1275567,1603527,Cc1c(Cc2cccc(N)c2)c(=O)oc2cc(OC(=O)N(C)C)c(Cl)cc12,permeability,6,ucm/s,Permeability of the compound by PSR4p PAMPA
13836959,1276063,6216,CN(C)CCCN1c2ccccc2Sc2ccc(Cl)cc21,Peff,6,ucm/s,Effective permeability of the compound at 5 mg/mL after 10 hrs by PAMPA
13836960,1276063,1603744,COc1cc2[se]n(CCCCC3CCN(Cc4ccccc4)CC3)c(=O)c2cc1OC,Peff,15.8,ucm/s,Effective permeability of the compound at 5 mg/mL after 10 hrs by PAMPA
13836961,1276063,1603743,COc1cc2[se]n(CCCC3CCN(Cc4ccccc4)CC3)c(=O)c2cc1OC,Peff,10.3,ucm/s,Effective permeability of the compound at 5 mg/mL after 10 hrs by PAMPA
13836962,1276063,1603742,COc1cc2[se]n(CCC3CCN(Cc4ccccc4)CC3)c(=O)c2cc1OC,Peff,8.6,ucm/s,Effective permeability of the compound at 5 mg/mL after 10 hrs by PAMPA
13844590,1278483,146,CC1COc2c(N3CCN(C)CC3)c(F)cc3c(=O)c(C(=O)O)cn1c23,permeability,0.8,ucm/s,Permeability of the compound by PAMPA
13844589,1278483,381693,Cn1c(=O)c2[nH]cnc2n(C)c1=O,permeability,0.1,ucm/s,Permeability of the compound by PAMPA
13844591,1278483,1279,CC(C)NCC(O)COc1ccc(CC(N)=O)cc1,permeability,0.8,ucm/s,Permeability of the compound by PAMPA
13844592,1278483,16278,CCn1cc(C(=O)O)c(=O)c2cc(F)c(N3CCNC(C)C3)c(F)c21,permeability,1.1,ucm/s,Permeability of the compound by PAMPA
13844593,1278483,374052,C[C@]12CCC(=O)C=C1CC[C@@H]1[C@@H]2[C@@H](O)C[C@@]2(C)[C@H]1CC[C@]2(O)C(=O)CO,permeability,1.9,ucm/s,Permeability of the compound by PAMPA
13844594,1278483,11968,CN1C(C(=O)Nc2ccccn2)=C(O)c2ccccc2S1(=O)=O,permeability,2.5,ucm/s,Permeability of the compound by PAMPA
13844595,1278483,27609,Clc1cccc(Cl)c1NC1=NCCN1,permeability,5.3,ucm/s,Permeability of the compound by PAMPA
13844596,1278483,6216,CN(C)CCCN1c2ccccc2Sc2ccc(Cl)cc21,permeability,6.5,ucm/s,Permeability of the compound by PAMPA
13844597,1278483,16391,CN(C)CCCN1c2ccccc2Sc2ccccc21,permeability,8.8,ucm/s,Permeability of the compound by PAMPA
13844598,1278483,12825,CC(=O)[C@H]1CC[C@H]2[C@@H]3CCC4=CC(=O)CC[C@]4(C)[C@H]3CC[C@]12C,permeability,9.3,ucm/s,Permeability of the compound by PAMPA
13844599,1278483,6243,CNCCCN1c2ccccc2CCc2ccccc21,permeability,12,ucm/s,Permeability of the compound by PAMPA
13844600,1278483,1219,COc1ccc(CCN(C)CCCC(C#N)(c2ccc(OC)c(OC)c2)C(C)C)cc1OC,permeability,16,ucm/s,Permeability of the compound by PAMPA
13844601,1278483,364520,C[C@]12CC[C@H]3[C@@H](CCC4=CC(=O)CC[C@@]43C)[C@@H]1CC[C@@H]2O,permeability,17,ucm/s,Permeability of the compound by PAMPA
13844602,1278484,381693,Cn1c(=O)c2[nH]cnc2n(C)c1=O,permeability,0.26,ucm/s,Permeability of the compound at 100 mg/mL after 10 hrs by PAMPA
13844603,1278484,146,CC1COc2c(N3CCN(C)CC3)c(F)cc3c(=O)c(C(=O)O)cn1c23,permeability,0.37,ucm/s,Permeability of the compound at 100 mg/mL after 10 hrs by PAMPA
13844604,1278484,1279,CC(C)NCC(O)COc1ccc(CC(N)=O)cc1,permeability,0.78,ucm/s,Permeability of the compound at 100 mg/mL after 10 hrs by PAMPA
13844605,1278484,16278,CCn1cc(C(=O)O)c(=O)c2cc(F)c(N3CCNC(C)C3)c(F)c21,permeability,0.37,ucm/s,Permeability of the compound at 100 mg/mL after 10 hrs by PAMPA
13844606,1278484,374052,C[C@]12CCC(=O)C=C1CC[C@@H]1[C@@H]2[C@@H](O)C[C@@]2(C)[C@H]1CC[C@]2(O)C(=O)CO,permeability,0.65,ucm/s,Permeability of the compound at 100 mg/mL after 10 hrs by PAMPA
13844607,1278484,11968,CN1C(C(=O)Nc2ccccn2)=C(O)c2ccccc2S1(=O)=O,permeability,0.24,ucm/s,Permeability of the compound at 100 mg/mL after 10 hrs by PAMPA
13844608,1278484,27609,Clc1cccc(Cl)c1NC1=NCCN1,permeability,5.1,ucm/s,Permeability of the compound at 100 mg/mL after 10 hrs by PAMPA
13844609,1278484,6216,CN(C)CCCN1c2ccccc2Sc2ccc(Cl)cc21,permeability,6,ucm/s,Permeability of the compound at 100 mg/mL after 10 hrs by PAMPA
13844610,1278484,16391,CN(C)CCCN1c2ccccc2Sc2ccccc21,permeability,14.3,ucm/s,Permeability of the compound at 100 mg/mL after 10 hrs by PAMPA
13844611,1278484,12825,CC(=O)[C@H]1CC[C@H]2[C@@H]3CCC4=CC(=O)CC[C@]4(C)[C@H]3CC[C@]12C,permeability,17.7,ucm/s,Permeability of the compound at 100 mg/mL after 10 hrs by PAMPA
13844612,1278484,6243,CNCCCN1c2ccccc2CCc2ccccc21,permeability,16.4,ucm/s,Permeability of the compound at 100 mg/mL after 10 hrs by PAMPA
13844613,1278484,1219,COc1ccc(CCN(C)CCCC(C#N)(c2ccc(OC)c(OC)c2)C(C)C)cc1OC,permeability,21.2,ucm/s,Permeability of the compound at 100 mg/mL after 10 hrs by PAMPA
13844614,1278484,364520,C[C@]12CC[C@H]3[C@@H](CCC4=CC(=O)CC[C@@]43C)[C@@H]1CC[C@@H]2O,permeability,22.3,ucm/s,Permeability of the compound at 100 mg/mL after 10 hrs by PAMPA
13844615,1278484,1607550,COc1ccc(CC2COc3cc(OCCCCCCNc4c5c(nc6ccccc46)CCCC5)ccc3C2=O)cc1,permeability,2.8,ucm/s,Permeability of the compound at 100 mg/mL after 10 hrs by PAMPA
13844616,1278484,1607559,O=C1/C(=C/c2ccc(Cl)cc2)COc2cc(OCCCCCCNc3c4c(nc5ccccc35)CCCC4)ccc21,permeability,1.1,ucm/s,Permeability of the compound at 100 mg/mL after 10 hrs by PAMPA
13844617,1278484,1607558,O=C1/C(=C/c2ccc(F)cc2)COc2cc(OCCCCCCNc3c4c(nc5ccccc35)CCCC4)ccc21,permeability,4,ucm/s,Permeability of the compound at 100 mg/mL after 10 hrs by PAMPA
13844618,1278484,1607553,COc1ccc(/C=C2\COc3cc(OCCCCCCCCNc4c5c(nc6ccccc46)CCCC5)ccc3C2=O)cc1,permeability,4.9,ucm/s,Permeability of the compound at 100 mg/mL after 10 hrs by PAMPA
13844619,1278484,1607552,COc1ccc(/C=C2\COc3cc(OCCCCCCNc4c5c(nc6ccccc46)CCCC5)ccc3C2=O)cc1,permeability,6.8,ucm/s,Permeability of the compound at 100 mg/mL after 10 hrs by PAMPA
13844620,1278484,1607551,COc1ccc(/C=C2\COc3cc(OCCCCCNc4c5c(nc6ccccc46)CCCC5)ccc3C2=O)cc1,permeability,6.6,ucm/s,Permeability of the compound at 100 mg/mL after 10 hrs by PAMPA
13859900,1281484,457260,COc1cccc(OC)c1-c1cc(C(=O)N[C@@H](CC(C)C)C(=O)O)nn1-c1ccnc2cc(Cl)ccc12,permeability,70,ucm/s,Permeability of the compound at donor and acceptor pH 7.4 by PAMPA
13859901,1281484,1610551,COc1cccc(OC)c1-c1nc(C(=O)N[C@@H](CC(C)C)C(=O)O)cn1-c1cccc2ccccc12,permeability,12,ucm/s,Permeability of the compound at donor and acceptor pH 7.4 by PAMPA
13859902,1281484,1610555,COc1cccc(OC)c1-c1nc(C(=O)N[C@@H](CC(C)C)C(=O)O)cn1-c1ccnc2cc(Cl)ccc12,permeability,6,ucm/s,Permeability of the compound at donor and acceptor pH 7.4 by PAMPA
13885679,1285218,1611108,COc1ccc(-n2cnc3cc(C(=O)N4CCCCC4)ccc32)cc1,permeability,624,ucm/s,Passive permeability of the compound at pH 7.4 by PAMPA
13885680,1285218,1611103,O=C(c1ccc2c(c1)ncn2-c1cccc(C(F)(F)F)c1)N1CCCCC1,permeability,1346,ucm/s,Passive permeability of the compound at pH 7.4 by PAMPA
13885681,1285218,1611101,O=C(c1ccc2c(c1)ncn2-c1cccc(Cl)c1)N1CCCCC1,permeability,895,ucm/s,Passive permeability of the compound at pH 7.4 by PAMPA
13885682,1285218,1611088,Cc1cccc(-n2cnc3cc(C(=O)N4CCCC(C)(C)C4)ccc32)c1,permeability,2265,ucm/s,Passive permeability of the compound at pH 7.4 by PAMPA
13885683,1285218,766945,Cc1cccc(-n2cnc3cc(C(=O)N4CCCCC4)ccc32)c1,permeability,1196,ucm/s,Passive permeability of the compound at pH 7.4 by PAMPA
13885684,1285218,1611068,Cc1cc(-c2nnc3n2CCCCC3)c(C)n1-c1cccc(C#N)c1,permeability,229,ucm/s,Passive permeability of the compound at pH 7.4 by PAMPA
13885685,1285218,1611067,Cc1ccc(-n2c(C)cc(-c3nnc4n3CCCCC4)c2C)cc1,permeability,1330,ucm/s,Passive permeability of the compound at pH 7.4 by PAMPA
13885686,1285218,1611065,Cc1cc(-c2nnc3n2CCCCC3)c(C)n1-c1cccc(C(F)(F)F)c1,permeability,1512,ucm/s,Passive permeability of the compound at pH 7.4 by PAMPA
13885687,1285218,1611062,Cc1cc(-c2nnc3n2CCCCC3)c(C)n1-c1cccc(Cl)c1,permeability,1100,ucm/s,Passive permeability of the compound at pH 7.4 by PAMPA
13885688,1285218,1611061,Cc1cc(-c2nnc3n2CCCCC3)c(C)n1-c1ccc(Cl)c(Cl)c1,permeability,1646,ucm/s,Passive permeability of the compound at pH 7.4 by PAMPA
13885689,1285218,832142,Cc1cc(-c2nnc3n2CCCCC3)c(C)n1-c1ccccc1,permeability,599,ucm/s,Passive permeability of the compound at pH 7.4 by PAMPA
13912942,1290008,1617804,COC(=O)Nc1ccc(S(=O)(=O)C(C)C)c([C@H]2CCCN2C(=O)[C@H](Nc2ccc3c(N)nccc3c2)c2ccc(Cl)c(OC)c2)c1,permeability,25,nm/s,Permeability of the compound after 4 hrs by PAMPA
13912943,1290008,1617822,COC(=O)Nc1ccc(S(=O)(=O)C(C)C)c([C@H]2CCCN2C(=O)[C@H](Nc2ccc3c(N)nccc3c2)c2ccc(OC)c(OC)c2)c1,permeability,2,nm/s,Permeability of the compound after 4 hrs by PAMPA
13912944,1290008,1617821,COC(=O)Nc1ccc(S(=O)(=O)C(C)C)c([C@H]2CCCN2C(=O)[C@H](Nc2ccc3c(N)nccc3c2)c2cccc(OC(F)F)c2)c1,permeability,7,nm/s,Permeability of the compound after 4 hrs by PAMPA
13912945,1290008,1617820,COC(=O)Nc1ccc(S(=O)(=O)C(C)C)c([C@H]2CCCN2C(=O)[C@H](Nc2ccc3c(N)nccc3c2)c2ccccc2)c1,permeability,58,nm/s,Permeability of the compound after 4 hrs by PAMPA
13912946,1290008,1617819,CCOc1cc([C@@H](Nc2ccc3c(N)nccc3c2)C(=O)N2CCC[C@@H]2c2cc(NC(=O)OC)ccc2S(=O)(=O)C(C)C)ccc1OC(C)C,permeability,7,nm/s,Permeability of the compound after 4 hrs by PAMPA
13912947,1290008,1617818,CCOc1cc(C(Nc2ccc3c(N)nccc3c2)C(=O)N2CCCC2c2ccccc2)ccc1OC(C)C,permeability,81,nm/s,Permeability of the compound after 4 hrs by PAMPA
13912948,1290008,1617817,CCOc1cc(C(Nc2ccc3c(N)nccc3c2)C(=O)N(C)Cc2ccccc2)ccc1OC(C)C,permeability,230,nm/s,Permeability of the compound after 4 hrs by PAMPA
13912949,1290008,1617816,CCOc1cc(C(Nc2ccc3c(N)nccc3c2)C(=O)NCc2cc(NC(C)=O)ccc2S(=O)(=O)CC)ccc1OC(C)C,permeability,0,nm/s,Permeability of the compound after 4 hrs by PAMPA
13912950,1290008,1617815,CCOc1cc(C(Nc2ccc3c(N)nccc3c2)C(=O)NCc2ccccc2S(=O)(=O)CC)ccc1OC(C)C,permeability,9,nm/s,Permeability of the compound after 4 hrs by PAMPA
13912951,1290008,1617814,CCOc1cc(C(Nc2ccc3c(N)nccc3c2)C(=O)NCc2ccccc2S(=O)(=O)C(C)C)ccc1OC(C)C,permeability,12,nm/s,Permeability of the compound after 4 hrs by PAMPA
13912952,1290008,1617813,CCOc1cc(C(Nc2ccc3c(N)nccc3c2)C(=O)NCc2ccccc2S(=O)(=O)C2CC2)ccc1OC(C)C,permeability,26,nm/s,Permeability of the compound after 4 hrs by PAMPA
13912953,1290008,1617830,CCOc1cc(C(Nc2ccc3c(N)nccc3c2)C(=O)NCc2cccc(N)c2)ccc1OC(C)C,permeability,0,nm/s,Permeability of the compound after 4 hrs by PAMPA
13912954,1290008,1617829,CCOc1cc(C(Nc2ccc3c(N)nccc3c2)C(=O)NCc2cccc(O)c2)ccc1OC(C)C,permeability,0,nm/s,Permeability of the compound after 4 hrs by PAMPA
13912955,1290008,1617828,CCOc1cc(C(Nc2ccc3c(N)nccc3c2)C(=O)NCc2cccc(NC(=O)OC)c2)ccc1OC(C)C,permeability,0,nm/s,Permeability of the compound after 4 hrs by PAMPA
13912956,1290008,1617827,CCOc1cc(C(Nc2ccc3c(N)nccc3c2)C(=O)NCc2cccc(S(N)(=O)=O)c2)ccc1OC(C)C,permeability,0,nm/s,Permeability of the compound after 4 hrs by PAMPA
13912957,1290008,1617826,CCOc1cc(C(Nc2ccc3c(N)nccc3c2)C(=O)NCc2cccc(NS(N)(=O)=O)c2)ccc1OC(C)C,permeability,0,nm/s,Permeability of the compound after 4 hrs by PAMPA
13912958,1290008,1617825,CCOc1cc(C(Nc2ccc3c(N)nccc3c2)C(=O)NCc2cccc(NC(C)=O)c2)ccc1OC(C)C,permeability,1,nm/s,Permeability of the compound after 4 hrs by PAMPA
13912959,1290008,1617824,CCOc1cc(C(Nc2ccc3c(N)nccc3c2)C(=O)NCc2ccccc2)ccc1OC(C)C,permeability,48,nm/s,Permeability of the compound after 4 hrs by PAMPA
13924147,1290008,1617811,CCS(=O)(=O)c1ccccc1[C@H]1[C@@H](C(=O)O)CCN1C(=O)[C@H](Nc1ccc2c(N)nccc2c1)c1ccc(F)c(OC)c1,permeability,0.56,nm/s,Permeability of the compound after 4 hrs by PAMPA
13924148,1290008,1617810,CCOc1ccc(F)c([C@@H](Nc2ccc3c(N)nccc3c2)C(=O)N2CC[C@H](C(=O)O)[C@@H]2c2cc(NC(=O)OC)ccc2S(=O)(=O)C(C)C)c1,permeability,0.8,nm/s,Permeability of the compound after 4 hrs by PAMPA
13924149,1290008,1617809,CCOc1ccc(F)c([C@@H](Nc2ccc3c(N)nccc3c2)C(=O)N2CCC[C@@H]2c2cc(NC(=O)OC)ccc2S(=O)(=O)C(C)C)c1,permeability,140,nm/s,Permeability of the compound after 4 hrs by PAMPA
13924150,1290008,1617808,CCOc1cc([C@@H](Nc2ccc3c(N)nccc3c2)C(=O)N2CCC[C@@H]2c2cc(NC(=O)OC)ccc2S(=O)(=O)C(C)C)c(F)cc1F,permeability,49,nm/s,Permeability of the compound after 4 hrs by PAMPA
13924151,1290008,1617807,COC(=O)Nc1ccc(S(=O)(=O)C(C)C)c([C@H]2CCCN2C(=O)[C@H](Nc2ccc3c(N)nccc3c2)c2cc(OC)ccc2F)c1,permeability,64,nm/s,Permeability of the compound after 4 hrs by PAMPA
13924152,1290008,1617806,COC(=O)Nc1ccc(S(=O)(=O)C(C)C)c([C@H]2CCCN2C(=O)[C@H](Nc2ccc3c(N)nccc3c2)c2cc(C)ccc2F)c1,permeability,46,nm/s,Permeability of the compound after 4 hrs by PAMPA
13924153,1290008,1617805,COC(=O)Nc1ccc(S(=O)(=O)C(C)C)c([C@H]2CCCN2C(=O)[C@H](Nc2ccc3c(N)nccc3c2)c2ccc(F)c(OC)c2)c1,permeability,25,nm/s,Permeability of the compound after 4 hrs by PAMPA
13919681,1290368,1616154,COc1cccc(CNc2ccc(S(=O)(=O)Nc3nc4ccc(F)cc4s3)cc2)c1O,permeability,65,ucm/s,Permeability of the compound at pH 7.4 by PAMPA
13919682,1290368,1616153,COc1cccc(CNc2ccc(S(=O)(=O)Nc3cccc(C(C)C)c3)cc2)c1O,permeability,39,ucm/s,Permeability of the compound at pH 7.4 by PAMPA
13919683,1290368,1616148,COc1ccc2nc(NS(=O)(=O)c3ccc(NCc4cccc(OC)c4O)cc3)sc2c1,permeability,10,ucm/s,Permeability of the compound at pH 7.4 by PAMPA
13920019,1290368,1616122,COc1cccc(CNc2ccc(S(=O)(=O)Nc3nc4ccccc4o3)cc2)c1O,permeability,168,ucm/s,Permeability of the compound at pH 7.4 by PAMPA
13920020,1290368,1616121,COc1cccc(CNc2ccc(S(=O)(=O)Nc3nc4ccccc4s3)cc2)c1O,permeability,394,ucm/s,Permeability of the compound at pH 7.4 by PAMPA
13927869,1293921,1620479,COC(=O)N[C@@H](C(=O)N1CCC[C@H]1c1ncc(-c2ccc(-c3ccc(-c4cnc([C@@H]5CCCN5C(=O)[C@H](C)NC(C)=O)[nH]4)cc3)cc2)[nH]1)c1ccccc1,permeability,100,nm/s,Permeability of the compound at PH 7.4 by PAMPA
13927856,1293921,1620471,CCN(CC)[C@@H](C(=O)N1CCC[C@H]1c1ncc(-c2ccc(-c3ccc(-c4cnc([C@@H]5CCCN5C(=O)[C@@H](NC(=O)OC)C(C)C)[nH]4)cc3)cc2)[nH]1)c1ccccc1,permeability,706,nm/s,Permeability of the compound at PH 7.4 by PAMPA
13927857,1293921,1620470,CC[C@H](NC(=O)OC)C(=O)N1CCC[C@H]1c1ncc(-c2ccc(-c3ccc(-c4cnc([C@@H]5CCCN5C(=O)[C@@H](c5ccccc5)N(CC)CC)[nH]4)cc3)cc2)[nH]1,permeability,363,nm/s,Permeability of the compound at PH 7.4 by PAMPA
13927858,1293921,1620469,CCN(CC)[C@@H](C(=O)N1CCC[C@H]1c1ncc(-c2ccc(-c3ccc(-c4cnc([C@@H]5CCCN5C(=O)[C@H](C)NC(=O)OC)[nH]4)cc3)cc2)[nH]1)c1ccccc1,permeability,253,nm/s,Permeability of the compound at PH 7.4 by PAMPA
13927859,1293921,1620465,COC(=O)N[C@H](C(=O)N1CCC[C@H]1c1ncc(-c2ccc(-c3ccc(-c4cnc([C@@H]5CCCN5C(=O)[C@@H](NC(=O)OC)C5CC5)[nH]4)cc3)cc2)[nH]1)C1CC1,permeability,500,nm/s,Permeability of the compound at PH 7.4 by PAMPA
13927860,1293921,1620464,COC(=O)N[C@H](C(=O)N1CCC[C@H]1c1ncc(-c2ccc(-c3ccc(-c4cnc([C@@H]5CCCN5C(=O)[C@@H](NC(=O)OC)[C@@H](C)OC)[nH]4)cc3)cc2)[nH]1)[C@@H](C)OC,permeability,275,nm/s,Permeability of the compound at PH 7.4 by PAMPA
13927861,1293921,1339281,COC(=O)N[C@H](C(=O)N1CCC[C@H]1c1ncc(-c2ccc(-c3ccc(-c4cnc([C@@H]5CCCN5C(=O)[C@@H](NC(=O)OC)C(C)C)[nH]4)cc3)cc2)[nH]1)C(C)C,permeability,496,nm/s,Permeability of the compound at PH 7.4 by PAMPA
13927862,1293921,1620463,CC[C@H](NC(=O)OC)C(=O)N1CCC[C@H]1c1ncc(-c2ccc(-c3ccc(-c4cnc([C@@H]5CCCN5C(=O)[C@H](CC)NC(=O)OC)[nH]4)cc3)cc2)[nH]1,permeability,384,nm/s,Permeability of the compound at PH 7.4 by PAMPA
13927863,1293921,1620551,COC(=O)NC1(C(=O)N2CCC[C@H]2c2ncc(-c3ccc(-c4ccc(-c5cnc([C@@H]6CCCN6C(=O)C6(NC(=O)OC)CC6)[nH]5)cc4)cc3)[nH]2)CC1,permeability,2,nm/s,Permeability of the compound at PH 7.4 by PAMPA
13927864,1293921,1620550,COC(=O)NC(C)(C)C(=O)N1CCC[C@H]1c1ncc(-c2ccc(-c3ccc(-c4cnc([C@@H]5CCCN5C(=O)C(C)(C)NC(=O)OC)[nH]4)cc3)cc2)[nH]1,permeability,26,nm/s,Permeability of the compound at PH 7.4 by PAMPA
13927865,1293921,1620483,CCOC(=O)N[C@@H](C)C(=O)N1CCC[C@H]1c1ncc(-c2ccc(-c3ccc(-c4cnc([C@@H]5CCCN5C(=O)[C@H](C)NC(=O)OCC)[nH]4)cc3)cc2)[nH]1,permeability,451,nm/s,Permeability of the compound at PH 7.4 by PAMPA
13927866,1293921,1620482,COC(=O)N[C@H](C)C(=O)N1CCC[C@H]1c1ncc(-c2ccc(-c3ccc(-c4cnc([C@@H]5CCCN5C(=O)[C@@H](C)NC(=O)OC)[nH]4)cc3)cc2)[nH]1,permeability,47,nm/s,Permeability of the compound at PH 7.4 by PAMPA
13927867,1293921,1620481,COC(=O)N[C@@H](C)C(=O)N1CCC[C@H]1c1ncc(-c2ccc(-c3ccc(-c4cnc([C@@H]5CCCN5C(=O)[C@H](C)NC(=O)OC)[nH]4)cc3)cc2)[nH]1,permeability,207,nm/s,Permeability of the compound at PH 7.4 by PAMPA
13927868,1293921,1620480,COC(=O)N[C@@H](C)C(=O)N1CCC[C@H]1c1ncc(-c2ccc(-c3ccc(-c4cnc([C@@H]5CCCN5C(=O)[C@H](NC(=O)OC)c5ccccc5)[nH]4)cc3)cc2)[nH]1,permeability,363,nm/s,Permeability of the compound at PH 7.4 by PAMPA
13927870,1293921,1620478,COC(=O)N[C@@H](C(=O)N1CCC[C@H]1c1ncc(-c2ccc(-c3ccc(-c4cnc([C@@H]5CCCN5C(=O)[C@@H](C)NC(C)=O)[nH]4)cc3)cc2)[nH]1)c1ccccc1,permeability,28,nm/s,Permeability of the compound at PH 7.4 by PAMPA
13927871,1293921,1620477,COC(=O)N[C@@H](C(=O)N1CCC[C@H]1c1ncc(-c2ccc(-c3ccc(-c4cnc([C@@H]5CCCN5C(=O)CNC(C)=O)[nH]4)cc3)cc2)[nH]1)c1ccccc1,permeability,12,nm/s,Permeability of the compound at PH 7.4 by PAMPA
13927872,1293921,1620476,CCN(CC)[C@@H](C(=O)N1CCC[C@H]1c1ncc(-c2ccc(-c3ccc(-c4cnc([C@@H]5CCCN5C(=O)[C@@H](c5ccccc5)N5CCCCC5)[nH]4)cc3)cc2)[nH]1)c1ccccc1,permeability,337,nm/s,Permeability of the compound at PH 7.4 by PAMPA
13927875,1293921,1620474,O=C([C@@H](c1ccccc1)N1CCOCC1)N1CCC[C@H]1c1ncc(-c2ccc(-c3ccc(-c4cnc([C@@H]5CCCN5C(=O)[C@@H](c5ccccc5)N5CCOCC5)[nH]4)cc3)cc2)[nH]1,permeability,349,nm/s,Permeability of the compound at PH 7.4 by PAMPA
13927876,1293921,1620473,O=C([C@@H](c1ccccc1)N1CCCCC1)N1CCC[C@H]1c1ncc(-c2ccc(-c3ccc(-c4cnc([C@@H]5CCCN5C(=O)[C@@H](c5ccccc5)N5CCCCC5)[nH]4)cc3)cc2)[nH]1,permeability,251,nm/s,Permeability of the compound at PH 7.4 by PAMPA
13927877,1293921,1620472,O=C([C@@H](c1ccccc1)N1CCCC1)N1CCC[C@H]1c1ncc(-c2ccc(-c3ccc(-c4cnc([C@@H]5CCCN5C(=O)[C@@H](c5ccccc5)N5CCCC5)[nH]4)cc3)cc2)[nH]1,permeability,36,nm/s,Permeability of the compound at PH 7.4 by PAMPA
13927878,1293921,1620560,CCN(CC)[C@@H](C(=O)N1CCC[C@H]1c1ncc(-c2ccc(-c3ccc(-c4cnc([C@@H]5CCCN5C(=O)[C@@H](c5ccccc5)N(CC)CC)[nH]4)cc3)cc2)[nH]1)c1ccccc1,permeability,255,nm/s,Permeability of the compound at PH 7.4 by PAMPA
13927879,1293921,1620559,CCN(C)[C@@H](C(=O)N1CCC[C@H]1c1ncc(-c2ccc(-c3ccc(-c4cnc([C@@H]5CCCN5C(=O)[C@@H](c5ccccc5)N(C)CC)[nH]4)cc3)cc2)[nH]1)c1ccccc1,permeability,106,nm/s,Permeability of the compound at PH 7.4 by PAMPA
13927880,1293921,1620558,CN(C)[C@@H](C(=O)N1CCC[C@H]1c1ncc(-c2ccc(-c3ccc(-c4cnc([C@@H]5CCCN5C(=O)[C@@H]5CCCO5)[nH]4)cc3)cc2)[nH]1)c1ccccc1,permeability,200,nm/s,Permeability of the compound at PH 7.4 by PAMPA
13927881,1293921,1620557,CN(C)[C@@H](C(=O)N1CCC[C@H]1c1ncc(-c2ccc(-c3ccc(-c4cnc([C@@H]5CCCN5C(=O)[C@H]5CCCO5)[nH]4)cc3)cc2)[nH]1)c1ccccc1,permeability,158,nm/s,Permeability of the compound at PH 7.4 by PAMPA
13927882,1293921,1620556,COC(=O)N[C@@H](C(=O)N1CCC[C@H]1c1ncc(-c2ccc(-c3ccc(-c4cnc([C@@H]5CCCN5C(=O)[C@@H]5CCCO5)[nH]4)cc3)cc2)[nH]1)c1ccccc1,permeability,480,nm/s,Permeability of the compound at PH 7.4 by PAMPA
13927883,1293921,1620555,COC(=O)N[C@@H](C(=O)N1CCC[C@H]1c1ncc(-c2ccc(-c3ccc(-c4cnc([C@@H]5CCCN5C(=O)[C@H]5CCCO5)[nH]4)cc3)cc2)[nH]1)c1ccccc1,permeability,464,nm/s,Permeability of the compound at PH 7.4 by PAMPA
13927884,1293921,1620554,COC(=O)N[C@@H](C(=O)N1CCC[C@H]1c1ncc(-c2ccc(-c3ccc(-c4cnc([C@@H]5CCCN5C(C)=O)[nH]4)cc3)cc2)[nH]1)c1ccccc1,permeability,500,nm/s,Permeability of the compound at PH 7.4 by PAMPA
13927885,1293921,1620553,COC(=O)NCC(=O)N1CCC[C@H]1c1ncc(-c2ccc(-c3ccc(-c4cnc([C@@H]5CCCN5C(=O)[C@H](NC(=O)OC)c5ccccc5)[nH]4)cc3)cc2)[nH]1,permeability,164,nm/s,Permeability of the compound at PH 7.4 by PAMPA
13927886,1293921,1620563,COC(=O)N[C@@H](C(=O)N1CCC[C@H]1c1ncc(-c2ccc(-c3ncc(-c4cnc([C@@H]5CCCN5C(=O)[C@H](NC(=O)OC)c5ccccc5)[nH]4)cn3)cc2)[nH]1)c1ccccc1,permeability,186,nm/s,Permeability of the compound at PH 7.4 by PAMPA
13927887,1293921,1620562,COC(=O)N[C@@H](C(=O)N1CCC[C@H]1c1ncc(-c2ccc(-c3ccc(-c4cnc([C@@H]5CCCN5C(=O)[C@H](NC(=O)OC)c5ccccc5)[nH]4)nc3)cc2)[nH]1)c1ccccc1,permeability,179,nm/s,Permeability of the compound at PH 7.4 by PAMPA
13927888,1293921,1620561,COC(=O)N[C@@H](C(=O)N1CCC[C@H]1c1ncc(-c2ccc(-c3ccc(-c4cnc([C@@H]5CCCN5C(=O)[C@H](NC(=O)OC)c5ccccc5)[nH]4)cn3)cc2)[nH]1)c1ccccc1,permeability,177,nm/s,Permeability of the compound at PH 7.4 by PAMPA
14990523,1431109,1817143,CC1=C[C@H]2Cc3nc4cc(Cl)ccc4c(NCCCCCCNc4c5c(nc6cc(Cl)ccc46)C[C@@H]4C=C(C)C[C@H]5C4)c3[C@@H](C1)C2,Peff,11.1,10'-6 cm/s,Effective permeability of the compound by PAMPA assay
14990524,1431109,1817144,CC1=C[C@H]2Cc3nc4cc(Cl)ccc4c(NCCCCCCCCNc4c5c(nc6cc(Cl)ccc46)C[C@@H]4C=C(C)C[C@H]5C4)c3[C@@H](C1)C2,Peff,13.9,10'-6 cm/s,Effective permeability of the compound by PAMPA assay
14990525,1431109,1817145,CC1=C[C@H]2Cc3nc4cc(Cl)ccc4c(NCCCCCCCCCCNc4c5c(nc6cc(Cl)ccc46)C[C@@H]4C=C(C)C[C@H]5C4)c3[C@@H](C1)C2,Peff,8.7,10'-6 cm/s,Effective permeability of the compound by PAMPA assay
14990526,1431109,1817146,CC1=C[C@H]2Cc3nc4cc(Cl)ccc4c(NCCCCCCCCCCCCNc4c5c(nc6cc(Cl)ccc46)C[C@@H]4C=C(C)C[C@H]5C4)c3[C@@H](C1)C2,Peff,17.4,10'-6 cm/s,Effective permeability of the compound by PAMPA assay
14990527,1431109,1817147,CC1=C[C@H]2Cc3nc4cc(Cl)ccc4c(NCc4ccc(CNc5c6c(nc7cc(Cl)ccc57)C[C@@H]5C=C(C)C[C@H]6C5)cc4)c3[C@@H](C1)C2,Peff,8.3,10'-6 cm/s,Effective permeability of the compound by PAMPA assay
14990528,1431109,236356,CC1=CC2Cc3nc4cc(Cl)ccc4c(N)c3C(C1)C2,Peff,23.8,10'-6 cm/s,Effective permeability of the compound by PAMPA assay
14990529,1431109,1620,CN/C(=N\CCSCc1nc[nH]c1C)NC#N,Peff,0.7,10'-6 cm/s,Effective permeability of the compound by PAMPA assay
14990530,1431109,16278,CCn1cc(C(=O)O)c(=O)c2cc(F)c(N3CCNC(C)C3)c(F)c21,Peff,0.75,10'-6 cm/s,Effective permeability of the compound by PAMPA assay
14990531,1431109,246,CCn1cc(C(=O)O)c(=O)c2cc(F)c(N3CCNCC3)cc21,Peff,0.9,10'-6 cm/s,Effective permeability of the compound by PAMPA assay
14990532,1431109,146,CC1COc2c(N3CCN(C)CC3)c(F)cc3c(=O)c(C(=O)O)cn1c23,Peff,0.97,10'-6 cm/s,Effective permeability of the compound by PAMPA assay
14990533,1431109,374052,C[C@]12CCC(=O)C=C1CC[C@@H]1[C@@H]2[C@@H](O)C[C@@]2(C)[C@H]1CC[C@]2(O)C(=O)CO,Peff,1.4,10'-6 cm/s,Effective permeability of the compound by PAMPA assay
14990534,1431109,11968,CN1C(C(=O)Nc2ccccn2)=C(O)c2ccccc2S1(=O)=O,Peff,1.71,10'-6 cm/s,Effective permeability of the compound by PAMPA assay
14990535,1431109,27609,Clc1cccc(Cl)c1NC1=NCCN1,Peff,6.5,10'-6 cm/s,Effective permeability of the compound by PAMPA assay
14990536,1431109,182165,C[C@]12C[C@H](O)[C@H]3[C@@H](CCC4=CC(=O)CC[C@@]43C)[C@@H]1CC[C@@H]2C(=O)CO,Peff,6.7,10'-6 cm/s,Effective permeability of the compound by PAMPA assay
14990537,1431109,605,CN(C)CCCN1c2ccccc2CCc2ccccc21,Peff,12.3,10'-6 cm/s,Effective permeability of the compound by PAMPA assay
14990538,1431109,16391,CN(C)CCCN1c2ccccc2Sc2ccccc21,Peff,13.8,10'-6 cm/s,Effective permeability of the compound by PAMPA assay
14990539,1431109,12825,CC(=O)[C@H]1CC[C@H]2[C@@H]3CCC4=CC(=O)CC[C@]4(C)[C@H]3CC[C@]12C,Peff,16.8,10'-6 cm/s,Effective permeability of the compound by PAMPA assay
14990540,1431109,6243,CNCCCN1c2ccccc2CCc2ccccc21,Peff,17.8,10'-6 cm/s,Effective permeability of the compound by PAMPA assay
14990541,1431109,364520,C[C@]12CC[C@H]3[C@@H](CCC4=CC(=O)CC[C@@]43C)[C@@H]1CC[C@@H]2O,Peff,24,10'-6 cm/s,Effective permeability of the compound by PAMPA assay
14990542,1431109,1219,COc1ccc(CCN(C)CCCC(C#N)(c2ccc(OC)c(OC)c2)C(C)C)cc1OC,Peff,25.3,10'-6 cm/s,Effective permeability of the compound by PAMPA assay
15133671,1437534,1676054,CN1CCN(C)/C(=N/c2ccc([N+](=O)[O-])cc2C(=O)Nc2ccccc2)C1,permeability,13,ucm/s,Permeability at pH 7.4 by PAMPA assay
15133778,1437534,250508,COc1ccc(CCN(C)CCCC(C#N)(c2ccc(OC)c(OC)c2)C(C)C)cc1OC.Cl,permeability,138,ucm/s,Permeability at pH 7.4 by PAMPA assay
15133779,1437534,182165,C[C@]12C[C@H](O)[C@H]3[C@@H](CCC4=CC(=O)CC[C@@]43C)[C@@H]1CC[C@@H]2C(=O)CO,permeability,14,ucm/s,Permeability at pH 7.4 by PAMPA assay
15133780,1437534,381693,Cn1c(=O)c2[nH]cnc2n(C)c1=O,permeability,0.32,ucm/s,Permeability at pH 7.4 by PAMPA assay
14971324,1446277,1821530,CN(C)CCn1c(CC(C)(C)C)nc2cc(S(=O)(=O)C3CN(C)C3)ccc21,Peff,7.8,ucm/s,Effective permeability by PAMPA method
14971325,1446277,1733190,CN(C)CCn1c(CC(C)(C)C)nc2cc(S(=O)(=O)C3CN(C(N)=O)C3)ccc21,Peff,0.6,ucm/s,Effective permeability by PAMPA method
14971326,1446277,1821537,CCN1CC(S(=O)(=O)c2ccc3c(c2)nc(CC(C)(C)C)n3CCN(C)C)C1,Peff,10,ucm/s,Effective permeability by PAMPA method
14971327,1446277,1821538,CN(C)CCn1c(CC(C)(C)C)nc2cc(S(=O)(=O)C3CN(CC(F)(F)F)C3)ccc21,Peff,18,ucm/s,Effective permeability by PAMPA method
14971328,1446277,1821539,CN(C)CCn1c(CC(C)(C)C)nc2cc(S(=O)(=O)C3CN(CCO)C3)ccc21,Peff,1.5,ucm/s,Effective permeability by PAMPA method
14971330,1446277,1821541,CN(C)CCn1c(CC(C)(C)C)nc2cc(S(=O)(=O)C3CN(S(C)(=O)=O)C3)ccc21,Peff,5.9,ucm/s,Effective permeability by PAMPA method
15061037,1448926,778315,O=C(O)c1cccc(-n2sc3ccccc3c2=O)c1,permeability,4.4,10'-6 cm/s,Permeability of the compound at donor pH 7.4 and acceptor pH 7.4 by PAMPA
15061038,1448926,793497,COC(=O)c1cccc(-n2sc3ccccc3c2=O)c1,permeability,1300,10'-6 cm/s,Permeability of the compound at donor pH 7.4 and acceptor pH 7.4 by PAMPA
15061039,1448926,994325,CN(C)C(=O)c1cccc(-n2sc3ccccc3c2=O)c1,permeability,97,10'-6 cm/s,Permeability of the compound at donor pH 7.4 and acceptor pH 7.4 by PAMPA
15061040,1448926,763033,CN(C)S(=O)(=O)c1cccc(-n2sc3ccccc3c2=O)c1,permeability,777,10'-6 cm/s,Permeability of the compound at donor pH 7.4 and acceptor pH 7.4 by PAMPA
15035464,1454401,1762567,CCNC(=O)O[C@H]1CC[C@](CNc2n[nH]c3cccc(OC)c23)(c2ccccc2)CC1,permeability,670,nm/s,Permeability of the compound by PAMPA
15035465,1454401,1762564,COc1cccc2oc(=O)nc(NCC(C)(C)c3ccccc3)c12,permeability,695,nm/s,Permeability of the compound by PAMPA
15035466,1454401,1820209,COc1cccc2c1C(NCC(C)(C)c1ccccc1)=NC2=O,permeability,790,nm/s,Permeability of the compound by PAMPA
15035467,1454401,1762563,COc1cccc2nc(O)nc(NCC(C)(C)c3ccccc3)c12,permeability,816,nm/s,Permeability of the compound by PAMPA
15020937,1455582,1219,COc1ccc(CCN(C)CCCC(C#N)(c2ccc(OC)c(OC)c2)C(C)C)cc1OC,permeability,25.2,10'-6 cm/s,Permeability of the compound by PAMPA
15020938,1455582,364520,C[C@]12CC[C@H]3[C@@H](CCC4=CC(=O)CC[C@@]43C)[C@@H]1CC[C@@H]2O,permeability,24.3,10'-6 cm/s,Permeability of the compound by PAMPA
15020939,1455582,182165,C[C@]12C[C@H](O)[C@H]3[C@@H](CCC4=CC(=O)CC[C@@]43C)[C@@H]1CC[C@@H]2C(=O)CO,permeability,6.7,10'-6 cm/s,Permeability of the compound by PAMPA
15020940,1455582,27609,Clc1cccc(Cl)c1NC1=NCCN1,permeability,6.5,10'-6 cm/s,Permeability of the compound by PAMPA
15020941,1455582,146,CC1COc2c(N3CCN(C)CC3)c(F)cc3c(=O)c(C(=O)O)cn1c23,permeability,0.98,10'-6 cm/s,Permeability of the compound by PAMPA
15020942,1455582,16278,CCn1cc(C(=O)O)c(=O)c2cc(F)c(N3CCNC(C)C3)c(F)c21,permeability,0.75,10'-6 cm/s,Permeability of the compound by PAMPA
15020943,1455582,12825,CC(=O)[C@H]1CC[C@H]2[C@@H]3CCC4=CC(=O)CC[C@]4(C)[C@H]3CC[C@]12C,permeability,16.8,10'-6 cm/s,Permeability of the compound by PAMPA
15020944,1455582,16391,CN(C)CCCN1c2ccccc2Sc2ccccc21,permeability,13.8,10'-6 cm/s,Permeability of the compound by PAMPA
15020945,1455582,605,CN(C)CCCN1c2ccccc2CCc2ccccc21,permeability,12.3,10'-6 cm/s,Permeability of the compound by PAMPA
15020946,1455582,374052,C[C@]12CCC(=O)C=C1CC[C@@H]1[C@@H]2[C@@H](O)C[C@@]2(C)[C@H]1CC[C@]2(O)C(=O)CO,permeability,1.4,10'-6 cm/s,Permeability of the compound by PAMPA
15020947,1455582,11968,CN1C(C(=O)Nc2ccccn2)=C(O)c2ccccc2S1(=O)=O,permeability,1.83,10'-6 cm/s,Permeability of the compound by PAMPA
15020948,1455582,6243,CNCCCN1c2ccccc2CCc2ccccc21,permeability,17.8,10'-6 cm/s,Permeability of the compound by PAMPA
15020949,1455582,1620,CN/C(=N\CCSCc1nc[nH]c1C)NC#N,permeability,0.7,10'-6 cm/s,Permeability of the compound by PAMPA
15020950,1455582,246,CCn1cc(C(=O)O)c(=O)c2cc(F)c(N3CCNCC3)cc21,permeability,0.9,10'-6 cm/s,Permeability of the compound by PAMPA
15007959,1459307,1789254,CCc1cccc(CC)c1NC(=O)Nc1ccc2[nH]nc(-c3cccc(S(N)(=O)=O)c3)c2c1,permeability,21,10'-6 cm/s,Permeability of the compound at pH 7.4 by PAMPA
15007960,1459307,1789406,NS(=O)(=O)c1cccc(-c2n[nH]c3ccc(NC(=O)C(c4ccsc4)N4CCCC4)cc23)c1,permeability,4.2,10'-6 cm/s,Permeability of the compound at pH 7.4 by PAMPA
15007961,1459307,1789405,CCc1ccccc1C(C(=O)Nc1ccc2[nH]nc(-c3cccc(S(N)(=O)=O)c3)c2c1)N(C)C,permeability,19,10'-6 cm/s,Permeability of the compound at pH 7.4 by PAMPA
15085081,1459654,1825575,COc1cc2[nH]c(C)c(-c3ccc(Cl)cc3C)c(=O)c2cc1Cl,Peff,369,10'-6 cm/s,Effective permeability of the compound at pH 7.4 by PAMPA
15085084,1459654,1825578,COc1cc2[nH]c(C)c(-c3ccc(Oc4ccc(OC(F)(F)F)cc4)cc3F)c(=O)c2cc1Cl,Peff,0,10'-6 cm/s,Effective permeability of the compound at pH 7.4 by PAMPA
15085088,1459654,1825582,COc1cc2[nH]c(C)c(-c3ccc(-c4ccc(C(F)(F)F)cc4F)nc3)c(=O)c2cc1Cl,Peff,1070,10'-6 cm/s,Effective permeability of the compound at pH 7.4 by PAMPA
15085089,1459654,1825583,COc1cc2[nH]c(C)c(-c3ccc(-c4ccc(OC(F)(F)F)cc4)nc3)c(=O)c2cc1Cl,Peff,0,10'-6 cm/s,Effective permeability of the compound at pH 7.4 by PAMPA
15085090,1459654,15086,NC(=O)N1c2ccccc2C=Cc2ccccc21,Peff,112,10'-6 cm/s,Effective permeability of the compound at pH 7.4 by PAMPA
15085091,1459654,250508,COc1ccc(CCN(C)CCCC(C#N)(c2ccc(OC)c(OC)c2)C(C)C)cc1OC.Cl,Peff,1405,10'-6 cm/s,Effective permeability of the compound at pH 7.4 by PAMPA
15085092,1459654,1382812,CNC(=C[N+](=O)[O-])NCCSCc1ccc(CN(C)C)o1.Cl,Peff,0.5,10'-6 cm/s,Effective permeability of the compound at pH 7.4 by PAMPA
15144097,1462048,16278,CCn1cc(C(=O)O)c(=O)c2cc(F)c(N3CCNC(C)C3)c(F)c21,Peff,0.31,10'-6 cm/s,Permeability of the compound after 16 hrs by PAMPA
15144098,1462048,374052,C[C@]12CCC(=O)C=C1CC[C@@H]1[C@@H]2[C@@H](O)C[C@@]2(C)[C@H]1CC[C@]2(O)C(=O)CO,Peff,1.14,10'-6 cm/s,Permeability of the compound after 16 hrs by PAMPA
15144099,1462048,11968,CN1C(C(=O)Nc2ccccn2)=C(O)c2ccccc2S1(=O)=O,Peff,1.72,10'-6 cm/s,Permeability of the compound after 16 hrs by PAMPA
15144100,1462048,182165,C[C@]12C[C@H](O)[C@H]3[C@@H](CCC4=CC(=O)CC[C@@]43C)[C@@H]1CC[C@@H]2C(=O)CO,Peff,1.09,10'-6 cm/s,Permeability of the compound after 16 hrs by PAMPA
15144101,1462048,12825,CC(=O)[C@H]1CC[C@H]2[C@@H]3CCC4=CC(=O)CC[C@]4(C)[C@H]3CC[C@]12C,Peff,4.14,10'-6 cm/s,Permeability of the compound after 16 hrs by PAMPA
15144102,1462048,27626,C[C@]12CC[C@@H]3c4ccc(O)cc4CC[C@H]3[C@@H]1CC[C@@H]2O,Peff,8.33,10'-6 cm/s,Permeability of the compound after 16 hrs by PAMPA
15144103,1462048,1219,COc1ccc(CCN(C)CCCC(C#N)(c2ccc(OC)c(OC)c2)C(C)C)cc1OC,Peff,13.31,10'-6 cm/s,Permeability of the compound after 16 hrs by PAMPA
15144104,1462048,364520,C[C@]12CC[C@H]3[C@@H](CCC4=CC(=O)CC[C@@]43C)[C@@H]1CC[C@@H]2O,Peff,10.51,10'-6 cm/s,Permeability of the compound after 16 hrs by PAMPA
15144105,1462048,1828358,Cc1c(C)c2ccc(NCc3ccccc3O)cc2oc1=O,Peff,12.3,10'-6 cm/s,Permeability of the compound after 16 hrs by PAMPA
15144106,1462048,1828354,O=c1oc2cc(/N=C/c3ccc(O)cc3O)ccc2c2c1CCC2,Peff,4.7,10'-6 cm/s,Permeability of the compound after 16 hrs by PAMPA
15144107,1462048,1828351,Cc1c(C)c2ccc(/N=C/c3ccc(O)cc3O)cc2oc1=O,Peff,6.7,10'-6 cm/s,Permeability of the compound after 16 hrs by PAMPA
15144108,1462048,1828350,O=c1oc2cc(/N=C/c3ccccc3O)ccc2c2c1CCC2,Peff,8.9,10'-6 cm/s,Permeability of the compound after 16 hrs by PAMPA
15144109,1462048,1828347,Cc1c(C)c2ccc(/N=C/c3ccccc3O)cc2oc1=O,Peff,10.6,10'-6 cm/s,Permeability of the compound after 16 hrs by PAMPA
15144208,1462048,4584,NCCc1ccc(O)c(O)c1,Peff,0.83,10'-6 cm/s,Permeability of the compound after 16 hrs by PAMPA
15158392,1463488,1830344,NC[C@H]1CC[C@H](C(=O)N[C@@H](Cc2ccccc2)c2nc(-c3ccc4c(N)n[nH]c4c3)c(Cl)[nH]2)CC1,permeability,0.3,nm/s,Permeability of the compound at pH 7.4 by PAMPA method
15158393,1463488,1830348,Nc1nccc2c1CCC(C(=O)N[C@@H](Cc1ccccc1)c1nc(-c3ccc4c(N)n[nH]c4c3)c(Cl)[nH]1)C2,permeability,1.5,nm/s,Permeability of the compound at pH 7.4 by PAMPA method
15158394,1463488,1830349,Nc1nccc2cc(C(=O)N[C@@H](Cc3ccccc3)c3nc(-c4ccc5c(N)n[nH]c5c4)c(Cl)[nH]3)ccc12,permeability,38,nm/s,Permeability of the compound at pH 7.4 by PAMPA method
15158395,1463488,1830353,C[C@H]1CC[C@H](C(=O)N[C@@H](Cc2ccccc2)c2nc(-c3ccc4c(N)n[nH]c4c3)c(Cl)[nH]2)CC1,permeability,4.6,nm/s,Permeability of the compound at pH 7.4 by PAMPA method
15158397,1463488,1830356,Cc1ccc(C(=O)N[C@@H](Cc2ccccc2)c2nc(-c3ccc4c(N)n[nH]c4c3)c(Cl)[nH]2)c(F)c1,permeability,547,nm/s,Permeability of the compound at pH 7.4 by PAMPA method
15158398,1463488,1830358,COc1cc(F)c(C(=O)N[C@@H](Cc2ccccc2)c2nc(-c3ccc4c(N)n[nH]c4c3)c(Cl)[nH]2)c(F)c1,permeability,234,nm/s,Permeability of the compound at pH 7.4 by PAMPA method
15163126,1463823,1833860,CC(C)C[C@@H]1NC(=O)[C@H](CC(C)C)NC(=O)[C@@H](CC(C)C)NC(=O)[C@H](Cc2ccc(O)cc2)NC(=O)[C@@H]2CCCN2C(=O)[C@H](CC(C)C)NC1=O,permeability,41,nm/s,Permeability of the compound at donor pH 7.4 and acceptor pH 7.4 after 3 hrs incubation by PAMPA analysis
15163127,1463823,1831114,CC(C)C[C@@H]1NC(=O)[C@H](Cc2ccc(O)cc2)NC(=O)[C@@H]2CCCN2C(=O)[C@H](CC(C)C)NC(=O)[C@H](CC(C)C)NC(=O)[C@@H](CC(C)C)NC1=O,permeability,111,nm/s,Permeability of the compound at donor pH 7.4 and acceptor pH 7.4 after 3 hrs incubation by PAMPA analysis
15163128,1463823,1831115,CC(C)C[C@@H]1NC(=O)[C@@H](CC(C)C)NC(=O)[C@@H](CC(C)C)NC(=O)[C@H](Cc2ccc(O)cc2)NC(=O)[C@H]2CCCN2C(=O)[C@@H](CC(C)C)NC1=O,permeability,415,nm/s,Permeability of the compound at donor pH 7.4 and acceptor pH 7.4 after 3 hrs incubation by PAMPA analysis
15163129,1463823,1831116,CC(C)C[C@@H]1NC(=O)[C@@H](CC(C)C)N(C)C(=O)[C@H](CC(C)C)NC(=O)[C@H](Cc2ccc(O)cc2)NC(=O)[C@@H]2CCCN2C(=O)[C@H](CC(C)C)NC1=O,permeability,144,nm/s,Permeability of the compound at donor pH 7.4 and acceptor pH 7.4 after 3 hrs incubation by PAMPA analysis
15163130,1463823,1831117,CC(C)C[C@@H]1NC(=O)[C@H](Cc2ccc(O)cc2)NC(=O)[C@@H]2CCCN2C(=O)[C@H](CC(C)C)NC(=O)[C@H](CC(C)C)N(C)C(=O)[C@@H](CC(C)C)N(C)C1=O,permeability,346.67,nm/s,Permeability of the compound at donor pH 7.4 and acceptor pH 7.4 after 3 hrs incubation by PAMPA analysis
15163131,1463823,1831118,CC(C)C[C@@H]1NC(=O)[C@H](Cc2ccc(O)cc2)N(C)C(=O)[C@@H]2CCCN2C(=O)[C@H](CC(C)C)NC(=O)[C@H](CC(C)C)N(C)C(=O)[C@@H](CC(C)C)N(C)C1=O,permeability,363,nm/s,Permeability of the compound at donor pH 7.4 and acceptor pH 7.4 after 3 hrs incubation by PAMPA analysis
15163132,1463823,1831119,CC(C)C[C@@H]1NC(=O)[C@H](Cc2ccc(O)cc2)NC(=O)[C@@H]2CCCN2C(=O)[C@H](CC(C)C)NC(=O)[C@](C)(CC(C)C)NC(=O)[C@@H](CC(C)C)NC1=O,permeability,350,nm/s,Permeability of the compound at donor pH 7.4 and acceptor pH 7.4 after 3 hrs incubation by PAMPA analysis
15163133,1463823,1831120,CC(C)C[C@@H]1NC(=O)[C@@H](CC(C)C)NC(=O)[C@](C)(CC(C)C)NC(=O)[C@H](Cc2ccc(O)cc2)NC(=O)[C@@H]2CCCN2C(=O)[C@H](CC(C)C)NC1=O,permeability,170,nm/s,Permeability of the compound at donor pH 7.4 and acceptor pH 7.4 after 3 hrs incubation by PAMPA analysis
15163134,1463823,1831121,CC(C)C[C@@H]1NC(=O)[C@@H](CC(C)C)NC(=O)[C@H](CC(C)C)NC(=O)[C@@H](CC(C)C)NC(=O)[C@H](Cc2ccc(O)cc2)NC(=O)[C@@H]2CCCN2C(=O)[C@H](CC(C)C)NC1=O,permeability,130,nm/s,Permeability of the compound at donor pH 7.4 and acceptor pH 7.4 after 3 hrs incubation by PAMPA analysis
15163135,1463823,1831122,CC(C)C[C@@H]1NC(=O)[C@@H](CC(C)C)NC(=O)[C@H](CC(C)C)NC(=O)[C@@](C)(CC(C)C)NC(=O)[C@H](Cc2ccc(O)cc2)NC(=O)[C@@H]2CCCN2C(=O)[C@H](CC(C)C)NC1=O,permeability,303.33,nm/s,Permeability of the compound at donor pH 7.4 and acceptor pH 7.4 after 3 hrs incubation by PAMPA analysis
15163136,1463823,1831123,CC(C)C[C@@H]1NC(=O)[C@@H](CC(C)C)NC(=O)[C@H](Cc2ccc(O)cc2)NC(=O)[C@@H]2CCCN2C(=O)[C@H](CC(C)C)NC(=O)[C@](C)(CC(C)C)NC(=O)[C@@H](CC(C)C)NC1=O,permeability,185,nm/s,Permeability of the compound at donor pH 7.4 and acceptor pH 7.4 after 3 hrs incubation by PAMPA analysis
15163137,1463823,1831124,CC(C)C[C@@H]1NC(=O)[C@@H](CC(C)C)NC(=O)[C@H](CC(C)C)NC(=O)[C@@](C)(CC(C)C)NC(=O)[C@@H](Cc2ccc(O)cc2)NC(=O)[C@@H]2CCCN2C(=O)[C@H](CC(C)C)NC1=O,permeability,300,nm/s,Permeability of the compound at donor pH 7.4 and acceptor pH 7.4 after 3 hrs incubation by PAMPA analysis
15163138,1463823,1831125,CC(C)C[C@@H]1NC(=O)[C@H](Cc2ccc(O)cc2)NC(=O)[C@@H]2CCCN2C(=O)[C@H](CC(C)C)NC(=O)[C@H](CC(C)C)NC(=O)[C@H](Cc2ccccc2)NC1=O,permeability,200,nm/s,Permeability of the compound at donor pH 7.4 and acceptor pH 7.4 after 3 hrs incubation by PAMPA analysis
15163139,1463823,1831126,CC(C)C[C@@H]1NC(=O)[C@H](Cc2ccc(O)cc2)NC(=O)[C@@H]2CCCN2C(=O)[C@H](CC(C)C)NC(=O)[C@H](CC(C)C)NC(=O)[C@H](Cc2ccccn2)NC1=O,permeability,13.5,nm/s,Permeability of the compound at donor pH 7.4 and acceptor pH 7.4 after 3 hrs incubation by PAMPA analysis
15163140,1463823,1831127,CC(C)C[C@@H]1NC(=O)[C@H](Cc2ccc(O)cc2)NC(=O)[C@@H]2CCCN2C(=O)[C@H](CC(C)C)NC(=O)[C@H](CC(C)C)NC(=O)[C@H](Cc2ccncc2)NC1=O,permeability,6.5,nm/s,Permeability of the compound at donor pH 7.4 and acceptor pH 7.4 after 3 hrs incubation by PAMPA analysis
15163141,1463823,1831128,CC(C)C[C@@H]1NC(=O)[C@@H](CC(C)C)NC(=O)[C@H]([C@@H](C)O)NC(=O)[C@H](Cc2ccc(O)cc2)NC(=O)[C@@H]2CCCN2C(=O)[C@H](CC(C)C)NC1=O,permeability,6.5,nm/s,Permeability of the compound at donor pH 7.4 and acceptor pH 7.4 after 3 hrs incubation by PAMPA analysis
15163142,1463823,1831129,CC(C)C[C@@H]1NC(=O)[C@@H](CC(C)C)NC(=O)[C@@H]([C@H](C)O)NC(=O)[C@H](Cc2ccc(O)cc2)NC(=O)[C@@H]2CCCN2C(=O)[C@H](CC(C)C)NC1=O,permeability,10.5,nm/s,Permeability of the compound at donor pH 7.4 and acceptor pH 7.4 after 3 hrs incubation by PAMPA analysis
15163437,1463856,1449839,Cn1c(=O)c2c(nc(N3CCC[C@@H](N)C3)n2Cc2ccccc2Cl)c2cc(C(=O)O)ccc21,permeability,0.01,10'-6 cm/s,Permeability of the compound at pH 7.4 by PAMPA
15163438,1463856,1449798,Cn1c(=O)c2c(nc(N3CCC[C@@H](N)C3)n2Cc2ccccc2Cl)c2ccc(C(=O)O)cc21,permeability,0.01,10'-6 cm/s,Permeability of the compound at pH 7.4 by PAMPA
15163439,1463856,1420575,COC(=O)c1ccc2c(c1)c1nc(N3CCC[C@@H](N)C3)n(Cc3ccccc3Cl)c1c(=O)n2C.Cl,permeability,47.4,10'-6 cm/s,Permeability of the compound at pH 7.4 by PAMPA
15163440,1463856,1831153,Cl.Cn1c(=O)c2c(nc(N3CCC[C@@H](N)C3)n2Cc2ccccc2Cl)c2cc(C(=O)OCOC(=O)C(C)(C)C)ccc21,permeability,6.3,10'-6 cm/s,Permeability of the compound at pH 7.4 by PAMPA
15163441,1463856,1831154,CN(C)CCOC(=O)c1ccc2c(c1)c1nc(N3CCC[C@@H](N)C3)n(Cc3ccccc3Cl)c1c(=O)n2C.Cl,permeability,0.6,10'-6 cm/s,Permeability of the compound at pH 7.4 by PAMPA
15163442,1463856,1831155,CN(C)CCCOC(=O)c1ccc2c(c1)c1nc(N3CCC[C@@H](N)C3)n(Cc3ccccc3Cl)c1c(=O)n2C.Cl,permeability,0.1,10'-6 cm/s,Permeability of the compound at pH 7.4 by PAMPA
15163443,1463856,1831156,Cl.Cn1c(=O)c2c(nc(N3CCC[C@@H](N)C3)n2Cc2ccccc2Cl)c2cc(C(=O)OCCN3CCOCC3)ccc21,permeability,7.1,10'-6 cm/s,Permeability of the compound at pH 7.4 by PAMPA
15163444,1463856,1831157,Cl.Cn1c(=O)c2c(nc(N3CCC[C@@H](N)C3)n2Cc2ccccc2Cl)c2cc(C(=O)OCCCN3CCOCC3)ccc21,permeability,3.4,10'-6 cm/s,Permeability of the compound at pH 7.4 by PAMPA
15163445,1463856,1831158,C[C@@H]1CN(CCOC(=O)c2ccc3c(c2)c2nc(N4CCC[C@@H](N)C4)n(Cc4ccccc4Cl)c2c(=O)n3C)C[C@H](C)O1.Cl,permeability,18,10'-6 cm/s,Permeability of the compound at pH 7.4 by PAMPA
15163446,1463856,1831159,Cc1oc(=O)oc1COC(=O)c1ccc2c(c1)c1nc(N3CCC[C@@H](N)C3)n(Cc3ccccc3Cl)c1c(=O)n2C.Cl,permeability,12.1,10'-6 cm/s,Permeability of the compound at pH 7.4 by PAMPA
15163447,1463856,1831160,Cc1oc(=O)oc1COC(=O)c1ccc2c(c1)c1nc(N3CCC[C@@H](N)C3)n(Cc3cc(F)ccc3Cl)c1c(=O)n2C.Cl,permeability,8.4,10'-6 cm/s,Permeability of the compound at pH 7.4 by PAMPA
15163448,1463856,1420692,COC(=O)c1ccc2c3nc(N4CCC[C@@H](N)C4)n(Cc4ccccc4Cl)c3c(=O)n(C)c2c1.Cl,permeability,41.4,10'-6 cm/s,Permeability of the compound at pH 7.4 by PAMPA
15163449,1463856,1831161,Cc1oc(=O)oc1COC(=O)c1ccc2c3nc(N4CCC[C@@H](N)C4)n(Cc4ccccc4Cl)c3c(=O)n(C)c2c1.Cl,permeability,14.2,10'-6 cm/s,Permeability of the compound at pH 7.4 by PAMPA
15163450,1463856,1831162,Cc1oc(=O)oc1COC(=O)c1ccc2c3nc(N4CCC[C@@H](N)C4)n(Cc4cc(F)ccc4Cl)c3c(=O)n(C)c2c1.Cl,permeability,15.9,10'-6 cm/s,Permeability of the compound at pH 7.4 by PAMPA
15167239,1464559,1219,COc1ccc(CCN(C)CCCC(C#N)(c2ccc(OC)c(OC)c2)C(C)C)cc1OC,Peff,16,10'-6 cm/s,Permeability of the compound by PAMPA
15167240,1464559,16506,O=C1Nc2ccc(Cl)cc2C(c2ccccc2)=NC1O,Peff,10,10'-6 cm/s,Permeability of the compound by PAMPA
15167241,1464559,721,CN1C(=O)CN=C(c2ccccc2)c2cc(Cl)ccc21,Peff,16,10'-6 cm/s,Permeability of the compound by PAMPA
15167242,1464559,27609,Clc1cccc(Cl)c1NC1=NCCN1,Peff,5.3,10'-6 cm/s,Permeability of the compound by PAMPA
15167243,1464559,605,CN(C)CCCN1c2ccccc2CCc2ccccc21,Peff,13,10'-6 cm/s,Permeability of the compound by PAMPA
15167244,1464559,364520,C[C@]12CC[C@H]3[C@@H](CCC4=CC(=O)CC[C@@]43C)[C@@H]1CC[C@@H]2O,Peff,17,10'-6 cm/s,Permeability of the compound by PAMPA
15167245,1464559,16485,Cn1c(=O)c2c(ncn2C)n(C)c1=O,Peff,1.3,10'-6 cm/s,Permeability of the compound by PAMPA
15167246,1464559,57175,CCn1cc(C(=O)O)c(=O)c2cc(F)c(N3CCNCC3)nc21,Peff,0.9,10'-6 cm/s,Permeability of the compound by PAMPA
15167247,1464559,11968,CN1C(C(=O)Nc2ccccn2)=C(O)c2ccccc2S1(=O)=O,Peff,2.5,10'-6 cm/s,Permeability of the compound by PAMPA
15167248,1464559,246,CCn1cc(C(=O)O)c(=O)c2cc(F)c(N3CCNCC3)cc21,Peff,0.1,10'-6 cm/s,Permeability of the compound by PAMPA
15167249,1464559,381693,Cn1c(=O)c2[nH]cnc2n(C)c1=O,Peff,0.12,10'-6 cm/s,Permeability of the compound by PAMPA
15167250,1464560,1219,COc1ccc(CCN(C)CCCC(C#N)(c2ccc(OC)c(OC)c2)C(C)C)cc1OC,Peff,16.9,10'-6 cm/s,Permeability of the compound in PBS/EtOH buffer at 100 ug/ml by PAMPA
15167251,1464560,16506,O=C1Nc2ccc(Cl)cc2C(c2ccccc2)=NC1O,Peff,9.6,10'-6 cm/s,Permeability of the compound in PBS/EtOH buffer at 100 ug/ml by PAMPA
15167252,1464560,721,CN1C(=O)CN=C(c2ccccc2)c2cc(Cl)ccc21,Peff,11.86,10'-6 cm/s,Permeability of the compound in PBS/EtOH buffer at 100 ug/ml by PAMPA
15167253,1464560,27609,Clc1cccc(Cl)c1NC1=NCCN1,Peff,5.1,10'-6 cm/s,Permeability of the compound in PBS/EtOH buffer at 100 ug/ml by PAMPA
15167254,1464560,605,CN(C)CCCN1c2ccccc2CCc2ccccc21,Peff,10.1,10'-6 cm/s,Permeability of the compound in PBS/EtOH buffer at 100 ug/ml by PAMPA
15167255,1464560,364520,C[C@]12CC[C@H]3[C@@H](CCC4=CC(=O)CC[C@@]43C)[C@@H]1CC[C@@H]2O,Peff,16.3,10'-6 cm/s,Permeability of the compound in PBS/EtOH buffer at 100 ug/ml by PAMPA
15167256,1464560,16485,Cn1c(=O)c2c(ncn2C)n(C)c1=O,Peff,1.28,10'-6 cm/s,Permeability of the compound in PBS/EtOH buffer at 100 ug/ml by PAMPA
15167257,1464560,57175,CCn1cc(C(=O)O)c(=O)c2cc(F)c(N3CCNCC3)nc21,Peff,0.47,10'-6 cm/s,Permeability of the compound in PBS/EtOH buffer at 100 ug/ml by PAMPA
15167258,1464560,11968,CN1C(C(=O)Nc2ccccn2)=C(O)c2ccccc2S1(=O)=O,Peff,0.72,10'-6 cm/s,Permeability of the compound in PBS/EtOH buffer at 100 ug/ml by PAMPA
15167259,1464560,246,CCn1cc(C(=O)O)c(=O)c2cc(F)c(N3CCNCC3)cc21,Peff,0.42,10'-6 cm/s,Permeability of the compound in PBS/EtOH buffer at 100 ug/ml by PAMPA
15167260,1464560,381693,Cn1c(=O)c2[nH]cnc2n(C)c1=O,Peff,0.1,10'-6 cm/s,Permeability of the compound in PBS/EtOH buffer at 100 ug/ml by PAMPA
15164742,1465038,1833968,Cn1nc(C(F)(F)F)cc1-c1cnc2[nH]c(-c3c(F)cccc3Cl)cc2c1,permeability,0.05,10'-6 cm/s,Passive permeability of the compound at 20 uM by PAMPA
15164743,1465038,1833975,COc1cc(C)c(-c2cnc3[nH]c(-c4c(F)cccc4Cl)cc3c2)cn1,permeability,0.1,10'-6 cm/s,Passive permeability of the compound at 20 uM by PAMPA
15164744,1465038,1833977,COc1cc(OC)c(-c2cnc3[nH]c(-c4c(F)cccc4Cl)cc3c2)cn1,permeability,0.66,10'-6 cm/s,Passive permeability of the compound at 20 uM by PAMPA
15200267,1468501,1837737,Cc1c(C)c2c(c(C)c1O)CCC(C)(C(=O)NCCCCCCNc1c3c(nc4ccccc14)CCCC3)O2,permeability,8.87,10'-6 cm/s,Permeability of the compound in PBS and EtOH by PAMPA method
15200268,1468501,364520,C[C@]12CC[C@H]3[C@@H](CCC4=CC(=O)CC[C@@]43C)[C@@H]1CC[C@@H]2O,permeability,14,10'-6 cm/s,Permeability of the compound in PBS and EtOH by PAMPA method
15200269,1468501,1219,COc1ccc(CCN(C)CCCC(C#N)(c2ccc(OC)c(OC)c2)C(C)C)cc1OC,permeability,13,10'-6 cm/s,Permeability of the compound in PBS and EtOH by PAMPA method
15200270,1468501,27626,C[C@]12CC[C@@H]3c4ccc(O)cc4CC[C@H]3[C@@H]1CC[C@@H]2O,permeability,11.4,10'-6 cm/s,Permeability of the compound in PBS and EtOH by PAMPA method
15200271,1468501,12825,CC(=O)[C@H]1CC[C@H]2[C@@H]3CCC4=CC(=O)CC[C@]4(C)[C@H]3CC[C@]12C,permeability,7.5,10'-6 cm/s,Permeability of the compound in PBS and EtOH by PAMPA method
15200272,1468501,27609,Clc1cccc(Cl)c1NC1=NCCN1,permeability,5.8,10'-6 cm/s,Permeability of the compound in PBS and EtOH by PAMPA method
15200273,1468501,419443,C[C@]12CCC(=O)C=C1CC[C@@H]1[C@@H]2CC[C@@]2(C)[C@H]1CC[C@]2(O)C(=O)CO,permeability,2.5,10'-6 cm/s,Permeability of the compound in PBS and EtOH by PAMPA method
15200274,1468501,374052,C[C@]12CCC(=O)C=C1CC[C@@H]1[C@@H]2[C@@H](O)C[C@@]2(C)[C@H]1CC[C@]2(O)C(=O)CO,permeability,1.2,10'-6 cm/s,Permeability of the compound in PBS and EtOH by PAMPA method
15200275,1468501,11968,CN1C(C(=O)Nc2ccccn2)=C(O)c2ccccc2S1(=O)=O,permeability,0.6,10'-6 cm/s,Permeability of the compound in PBS and EtOH by PAMPA method
15200276,1468501,16278,CCn1cc(C(=O)O)c(=O)c2cc(F)c(N3CCNC(C)C3)c(F)c21,permeability,0.8,10'-6 cm/s,Permeability of the compound in PBS and EtOH by PAMPA method
15200277,1468501,4584,NCCc1ccc(O)c(O)c1,permeability,0.1,10'-6 cm/s,Permeability of the compound in PBS and EtOH by PAMPA method
15219091,1471264,1840521,O=c1ccc2ccc(OCCN3CCN(CCNc4c5c(nc6ccccc46)CCCC5)CC3)cc2o1,permeability,2.13,10'-6 cm/s,Permeability of the compound after 16 hrs by PAMPA
15219092,1471264,1840520,O=c1ccc2ccc(OCCCN3CCN(CCNc4c5c(nc6ccccc46)CCCC5)CC3)cc2o1,permeability,3.43,10'-6 cm/s,Permeability of the compound after 16 hrs by PAMPA
15219093,1471264,1840519,O=c1ccc2ccc(OCCCCN3CCN(CCNc4c5c(nc6ccccc46)CCCC5)CC3)cc2o1,permeability,5.23,10'-6 cm/s,Permeability of the compound after 16 hrs by PAMPA
15219094,1471264,1840518,O=c1ccc2ccc(OCCCCCN3CCN(CCNc4c5c(nc6ccccc46)CCCC5)CC3)cc2o1,permeability,6.5,10'-6 cm/s,Permeability of the compound after 16 hrs by PAMPA
15219095,1471264,1840517,O=c1ccc2ccc(OCCCCCCN3CCN(CCNc4c5c(nc6ccccc46)CCCC5)CC3)cc2o1,permeability,6.96,10'-6 cm/s,Permeability of the compound after 16 hrs by PAMPA
15219096,1471264,1840516,O=c1ccc2ccc(OCCN3CCN(CCCNc4c5c(nc6ccccc46)CCCC5)CC3)cc2o1,permeability,1.21,10'-6 cm/s,Permeability of the compound after 16 hrs by PAMPA
15219097,1471264,1840515,O=c1ccc2ccc(OCCCN3CCN(CCCNc4c5c(nc6ccccc46)CCCC5)CC3)cc2o1,permeability,1.45,10'-6 cm/s,Permeability of the compound after 16 hrs by PAMPA
15219098,1471264,1840514,O=c1ccc2ccc(OCCCCN3CCN(CCCNc4c5c(nc6ccccc46)CCCC5)CC3)cc2o1,permeability,2.04,10'-6 cm/s,Permeability of the compound after 16 hrs by PAMPA
15219099,1471264,1840513,O=c1ccc2ccc(OCCCCCN3CCN(CCCNc4c5c(nc6ccccc46)CCCC5)CC3)cc2o1,permeability,2.37,10'-6 cm/s,Permeability of the compound after 16 hrs by PAMPA
15219100,1471264,1840512,O=c1ccc2ccc(OCCCCCCN3CCN(CCCNc4c5c(nc6ccccc46)CCCC5)CC3)cc2o1,permeability,3.4,10'-6 cm/s,Permeability of the compound after 16 hrs by PAMPA
15219101,1471264,1840511,Cc1cc(=O)oc2cc(OCCN3CCN(CCCNc4c5c(nc6ccccc46)CCCC5)CC3)ccc12,permeability,1.9,10'-6 cm/s,Permeability of the compound after 16 hrs by PAMPA
15219102,1471264,1840510,Cc1cc2ccc(OCCN3CCN(CCCNc4c5c(nc6ccccc46)CCCC5)CC3)cc2oc1=O,permeability,2.95,10'-6 cm/s,Permeability of the compound after 16 hrs by PAMPA
15219103,1471264,1840509,Cc1c(C)c2ccc(OCCN3CCN(CCCNc4c5c(nc6ccccc46)CCCC5)CC3)cc2oc1=O,permeability,4.75,10'-6 cm/s,Permeability of the compound after 16 hrs by PAMPA
15219104,1471264,1840508,Cc1c(Cl)c(=O)oc2cc(OCCN3CCN(CCCNc4c5c(nc6ccccc46)CCCC5)CC3)ccc12,permeability,5.37,10'-6 cm/s,Permeability of the compound after 16 hrs by PAMPA
15219105,1471264,1840507,COc1cc(=O)oc2cc(OCCN3CCN(CCCNc4c5c(nc6ccccc46)CCCC5)CC3)ccc12,permeability,1.96,10'-6 cm/s,Permeability of the compound after 16 hrs by PAMPA
15219106,1471264,1840506,CCOc1cc(=O)oc2cc(OCCN3CCN(CCCNc4c5c(nc6ccccc46)CCCC5)CC3)ccc12,permeability,2.74,10'-6 cm/s,Permeability of the compound after 16 hrs by PAMPA
15219107,1471264,1840505,O=c1cc(C(F)(F)F)c2ccc(OCCN3CCN(CCCNc4c5c(nc6ccccc46)CCCC5)CC3)cc2o1,permeability,5.58,10'-6 cm/s,Permeability of the compound after 16 hrs by PAMPA
15219108,1471264,1840504,O=c1cc(-c2ccccc2)c2ccc(OCCN3CCN(CCCNc4c5c(nc6ccccc46)CCCC5)CC3)cc2o1,permeability,7.59,10'-6 cm/s,Permeability of the compound after 16 hrs by PAMPA
15219109,1471264,1840503,Nc1cc(=O)oc2cc(OCCN3CCN(CCCNc4c5c(nc6ccccc46)CCCC5)CC3)ccc12,permeability,0.78,10'-6 cm/s,Permeability of the compound after 16 hrs by PAMPA
15219110,1471264,1840502,O=c1oc2cc(OCCN3CCN(CCCNc4c5c(nc6ccccc46)CCCC5)CC3)ccc2c2c1CCCC2,permeability,3.01,10'-6 cm/s,Permeability of the compound after 16 hrs by PAMPA
15219111,1471264,364520,C[C@]12CC[C@H]3[C@@H](CCC4=CC(=O)CC[C@@]43C)[C@@H]1CC[C@@H]2O,permeability,15.18,10'-6 cm/s,Permeability of the compound after 16 hrs by PAMPA
15219112,1471264,1219,COc1ccc(CCN(C)CCCC(C#N)(c2ccc(OC)c(OC)c2)C(C)C)cc1OC,permeability,17.55,10'-6 cm/s,Permeability of the compound after 16 hrs by PAMPA
15219113,1471264,27626,C[C@]12CC[C@@H]3c4ccc(O)cc4CC[C@H]3[C@@H]1CC[C@@H]2O,permeability,15.12,10'-6 cm/s,Permeability of the compound after 16 hrs by PAMPA
15219114,1471264,12825,CC(=O)[C@H]1CC[C@H]2[C@@H]3CCC4=CC(=O)CC[C@]4(C)[C@H]3CC[C@]12C,permeability,11.7,10'-6 cm/s,Permeability of the compound after 16 hrs by PAMPA
15219115,1471264,16391,CN(C)CCCN1c2ccccc2Sc2ccccc21,permeability,7.3,10'-6 cm/s,Permeability of the compound after 16 hrs by PAMPA
15219116,1471264,6216,CN(C)CCCN1c2ccccc2Sc2ccc(Cl)cc21,permeability,8.01,10'-6 cm/s,Permeability of the compound after 16 hrs by PAMPA
15219117,1471264,27609,Clc1cccc(Cl)c1NC1=NCCN1,permeability,7.18,10'-6 cm/s,Permeability of the compound after 16 hrs by PAMPA
15219118,1471264,182165,C[C@]12C[C@H](O)[C@H]3[C@@H](CCC4=CC(=O)CC[C@@]43C)[C@@H]1CC[C@@H]2C(=O)CO,permeability,2.32,10'-6 cm/s,Permeability of the compound after 16 hrs by PAMPA
15219119,1471264,11968,CN1C(C(=O)Nc2ccccn2)=C(O)c2ccccc2S1(=O)=O,permeability,0.88,10'-6 cm/s,Permeability of the compound after 16 hrs by PAMPA
15219120,1471264,374052,C[C@]12CCC(=O)C=C1CC[C@@H]1[C@@H]2[C@@H](O)C[C@@]2(C)[C@H]1CC[C@]2(O)C(=O)CO,permeability,1.27,10'-6 cm/s,Permeability of the compound after 16 hrs by PAMPA
15219121,1471264,16485,Cn1c(=O)c2c(ncn2C)n(C)c1=O,permeability,2.11,10'-6 cm/s,Permeability of the compound after 16 hrs by PAMPA
15219122,1471264,146,CC1COc2c(N3CCN(C)CC3)c(F)cc3c(=O)c(C(=O)O)cn1c23,permeability,1.21,10'-6 cm/s,Permeability of the compound after 16 hrs by PAMPA
15220283,1471264,4584,NCCc1ccc(O)c(O)c1,permeability,0.5,10'-6 cm/s,Permeability of the compound after 16 hrs by PAMPA
15220284,1471265,364520,C[C@]12CC[C@H]3[C@@H](CCC4=CC(=O)CC[C@@]43C)[C@@H]1CC[C@@H]2O,permeability,17,10'-6 cm/s,Permeability of the compound by PAMPA
15220285,1471265,1219,COc1ccc(CCN(C)CCCC(C#N)(c2ccc(OC)c(OC)c2)C(C)C)cc1OC,permeability,16,10'-6 cm/s,Permeability of the compound by PAMPA
15220286,1471265,27626,C[C@]12CC[C@@H]3c4ccc(O)cc4CC[C@H]3[C@@H]1CC[C@@H]2O,permeability,12,10'-6 cm/s,Permeability of the compound by PAMPA
15220287,1471265,12825,CC(=O)[C@H]1CC[C@H]2[C@@H]3CCC4=CC(=O)CC[C@]4(C)[C@H]3CC[C@]12C,permeability,9.3,10'-6 cm/s,Permeability of the compound by PAMPA
15220288,1471265,16391,CN(C)CCCN1c2ccccc2Sc2ccccc21,permeability,8.8,10'-6 cm/s,Permeability of the compound by PAMPA
15220289,1471265,6216,CN(C)CCCN1c2ccccc2Sc2ccc(Cl)cc21,permeability,6.5,10'-6 cm/s,Permeability of the compound by PAMPA
15220290,1471265,27609,Clc1cccc(Cl)c1NC1=NCCN1,permeability,5.3,10'-6 cm/s,Permeability of the compound by PAMPA
15220291,1471265,182165,C[C@]12C[C@H](O)[C@H]3[C@@H](CCC4=CC(=O)CC[C@@]43C)[C@@H]1CC[C@@H]2C(=O)CO,permeability,5.1,10'-6 cm/s,Permeability of the compound by PAMPA
15220292,1471265,11968,CN1C(C(=O)Nc2ccccn2)=C(O)c2ccccc2S1(=O)=O,permeability,2.5,10'-6 cm/s,Permeability of the compound by PAMPA
15220293,1471265,374052,C[C@]12CCC(=O)C=C1CC[C@@H]1[C@@H]2[C@@H](O)C[C@@]2(C)[C@H]1CC[C@]2(O)C(=O)CO,permeability,1.9,10'-6 cm/s,Permeability of the compound by PAMPA
15220294,1471265,16485,Cn1c(=O)c2c(ncn2C)n(C)c1=O,permeability,1.3,10'-6 cm/s,Permeability of the compound by PAMPA
15220295,1471265,146,CC1COc2c(N3CCN(C)CC3)c(F)cc3c(=O)c(C(=O)O)cn1c23,permeability,0.8,10'-6 cm/s,Permeability of the compound by PAMPA
15220296,1471265,4584,NCCc1ccc(O)c(O)c1,permeability,0.2,10'-6 cm/s,Permeability of the compound by PAMPA
15227108,1472753,1840955,COc1ccc(Oc2ccc(S(=O)(=O)C3(C(=O)NO)CCC4(CCNCC4)C3)cc2)cc1,permeability,0.009,nm/s,Permeability of the compound by PAMPA
15227109,1472753,1840958,O=C(NO)C1(S(=O)(=O)c2ccc(Oc3ccc(OC(F)(F)F)cc3)cc2)CCC2(CCNCC2)C1,permeability,0.007,nm/s,Permeability of the compound by PAMPA
15227111,1472753,1840964,CNC(=O)c1ccc(Oc2ccc(S(=O)(=O)C3(C(=O)NO)CCC4(CCNCC4)C3)cc2)cc1,permeability,0.01,nm/s,Permeability of the compound by PAMPA
15227114,1472753,1840980,COc1ccc(C(=O)Oc2ccc(S(=O)(=O)C3(C(=O)NO)CCC4(CCNCC4)C3)cc2)cc1,permeability,0.002,nm/s,Permeability of the compound by PAMPA
15251770,1476604,395394,O=c1n(Cc2nc3ccccc3n2CCCCO)c2cnccc2n1C1CC1,permeability,2.2,ucm/s,Permeability of the compound at 150 uM by PAMPA
15251771,1476604,1844655,O=c1n(Cc2nc3cc(Cl)ccn3c2CCCCO)c2cnccc2n1C1CC1,permeability,3.1,ucm/s,Permeability of the compound at 150 uM by PAMPA
15251772,1476604,1844663,O=C(O)CCc1c(Cn2c(=O)n(C3CC3)c3ccncc32)nc2cc(Cl)ccn12,permeability,0.3,ucm/s,Permeability of the compound at 150 uM by PAMPA
15251773,1476604,1844664,NC(=O)CCc1c(Cn2c(=O)n(C3CC3)c3ccncc32)nc2cc(Cl)ccn12,permeability,2.5,ucm/s,Permeability of the compound at 150 uM by PAMPA
15251774,1476604,1844665,O=C(CCc1c(Cn2c(=O)n(C3CC3)c3ccncc32)nc2cc(Cl)ccn12)NCCO,permeability,0.96,ucm/s,Permeability of the compound at 150 uM by PAMPA
15251775,1476604,1844667,CS(=O)(=O)CCc1c(Cn2c(=O)n(C3CC3)c3ccncc32)nc2cc(Cl)ccn12,permeability,3.6,ucm/s,Permeability of the compound at 150 uM by PAMPA
15251776,1476604,1844668,CCS(=O)(=O)CCc1c(Cn2c(=O)n(C3CC3)c3ccncc32)nc2cc(Cl)ccn12,permeability,2.6,ucm/s,Permeability of the compound at 150 uM by PAMPA
15254118,1476697,1283860,CC(C)=CC[C@@]12OC(C)(C)[C@@H]3C[C@@H](C=C4C(=O)c5c(O)cccc5O[C@]431)C2=O,permeability,18,ucm/s,Permeability of the compound at pH 7.4 by PAMPA
15254128,1476697,561598,CC(C)=CCC[C@]1(C)C=Cc2c(O)c3c(c(CC=C(C)C)c2O1)O[C@]12C(=C[C@@H]4C[C@H]1C(C)(C)O[C@@]2(C/C=C(/C)C(=O)O)C4=O)C3=O,permeability,2.3,ucm/s,Permeability of the compound at pH 7.4 by PAMPA
15254135,1476697,1844854,C/C(=C/C[C@@]12OC(C)(C)[C@@H]3C[C@@H](C=C4C(=O)c5c(O)cccc5O[C@]431)C2=O)COC(=O)Cn1ccnc1,permeability,34,ucm/s,Permeability of the compound at pH 7.4 by PAMPA
15254142,1476697,1844855,C/C(=C/C[C@@]12OC(C)(C)[C@@H]3C[C@@H](C=C4C(=O)c5c(O)cccc5O[C@]431)C2=O)COC(=O)CN1CCCC1,permeability,28.3,ucm/s,Permeability of the compound at pH 7.4 by PAMPA
15254149,1476697,1844856,C/C(=C/C[C@@]12OC(C)(C)[C@@H]3C[C@@H](C=C4C(=O)c5c(O)cccc5O[C@]431)C2=O)COC(=O)CN1CCCCC1,permeability,43.7,ucm/s,Permeability of the compound at pH 7.4 by PAMPA
15254156,1476697,1844857,C/C(=C/C[C@@]12OC(C)(C)[C@@H]3C[C@@H](C=C4C(=O)c5c(O)cccc5O[C@]431)C2=O)COC(=O)CN1CCOCC1,permeability,50.3,ucm/s,Permeability of the compound at pH 7.4 by PAMPA
15254163,1476697,1844858,C/C(=C/C[C@@]12OC(C)(C)[C@@H]3C[C@@H](C=C4C(=O)c5c(O)cccc5O[C@]431)C2=O)COC(=O)CN1CCN(C)CC1,permeability,15.4,ucm/s,Permeability of the compound at pH 7.4 by PAMPA
15254170,1476697,1844859,C/C(=C/C[C@@]12OC(C)(C)[C@@H]3C[C@@H](C=C4C(=O)c5c(O)cccc5O[C@]431)C2=O)COC(=O)CN(C)C,permeability,58,ucm/s,Permeability of the compound at pH 7.4 by PAMPA
15254185,1476697,1844860,CCN(CC)CC(=O)OC/C(C)=C\C[C@@]12OC(C)(C)[C@@H]3C[C@@H](C=C4C(=O)c5c(O)cccc5O[C@]431)C2=O,permeability,63.8,ucm/s,Permeability of the compound at pH 7.4 by PAMPA
15254188,1476697,16591,CC(C(=O)O)c1cccc(C(=O)c2ccccc2)c1,permeability,1.8,ucm/s,Permeability of the compound at pH 7.4 by PAMPA
15254191,1476697,1370,CC(C)NCC(O)COc1cccc2ccccc12,permeability,127.5,ucm/s,Permeability of the compound at pH 7.4 by PAMPA
15697881,1512617,557815,COc1cc(NC(=O)c2ccccn2)ccc1Cl,Peff,256,ucm/s,Effective permeability by PAMPA method
15697882,1512617,564895,O=C(Nc1cccc(OC(F)F)c1)c1ccccn1,Peff,214,ucm/s,Effective permeability by PAMPA method
15697883,1512617,1960595,Cc1ccnc(Nc2nc(-c3cn[nH]c3)c(C)s2)n1,Peff,257,ucm/s,Effective permeability by PAMPA method
15697884,1512617,1960608,O=C(Nc1ccc(Cl)c(OCF)c1)c1ccccn1,Peff,272,ucm/s,Effective permeability by PAMPA method
15697885,1512617,1370,CC(C)NCC(O)COc1cccc2ccccc12,Peff,160,ucm/s,Effective permeability by PAMPA method
15697886,1512617,1279,CC(C)NCC(O)COc1ccc(CC(N)=O)cc1,Peff,2.8,ucm/s,Effective permeability by PAMPA method
16393844,1539265,2051969,Oc1ccc(-c2cc3ccccc3o2)c2cccnc12,permeability,4.3,10'-6 cm/s,Permeability of the compound at 100 ug/ml after 10 hrs by PAMPA assay
16393845,1539265,2051970,Oc1ccc(-c2cc3cccc(O)c3o2)c2cccnc12,permeability,14.5,10'-6 cm/s,Permeability of the compound at 100 ug/ml after 10 hrs by PAMPA assay
16393846,1539265,2051971,Oc1ccc2cc(-c3ccc(O)c4ncccc34)oc2c1,permeability,15.8,10'-6 cm/s,Permeability of the compound at 100 ug/ml after 10 hrs by PAMPA assay
16393847,1539265,2051972,Oc1ccc2oc(-c3ccc(O)c4ncccc34)cc2c1,permeability,15.5,10'-6 cm/s,Permeability of the compound at 100 ug/ml after 10 hrs by PAMPA assay
16393848,1539265,2051973,Oc1cc(O)c2cc(-c3ccc(O)c4ncccc34)oc2c1,permeability,2.6,10'-6 cm/s,Permeability of the compound at 100 ug/ml after 10 hrs by PAMPA assay
16393849,1539265,2051974,Cc1c(-c2ccc(O)c3ncccc23)oc2ccc(O)cc12,permeability,16.8,10'-6 cm/s,Permeability of the compound at 100 ug/ml after 10 hrs by PAMPA assay
16393850,1539265,2051975,Oc1ccc(-c2cc3cc(I)cc(I)c3o2)c2cccnc12,permeability,3.6,10'-6 cm/s,Permeability of the compound at 100 ug/ml after 10 hrs by PAMPA assay
16393851,1539265,2051976,Oc1ccc2cc(-c3ccc4cccc(O)c4n3)oc2c1,permeability,15.8,10'-6 cm/s,Permeability of the compound at 100 ug/ml after 10 hrs by PAMPA assay
16393852,1539265,2051977,Oc1cc(O)c2cc(-c3ccc4cccc(O)c4n3)oc2c1,permeability,13.3,10'-6 cm/s,Permeability of the compound at 100 ug/ml after 10 hrs by PAMPA assay
16393853,1539265,2051978,Oc1c(Cl)cc(-c2cc3ccccc3o2)c2cccnc12,permeability,2.6,10'-6 cm/s,Permeability of the compound at 100 ug/ml after 10 hrs by PAMPA assay
16393854,1539265,2051979,Oc1c(Cl)cc(-c2cc3cccc(O)c3o2)c2cccnc12,permeability,16.4,10'-6 cm/s,Permeability of the compound at 100 ug/ml after 10 hrs by PAMPA assay
16393855,1539265,2051980,Oc1ccc2cc(-c3cc(Cl)c(O)c4ncccc34)oc2c1,permeability,17.9,10'-6 cm/s,Permeability of the compound at 100 ug/ml after 10 hrs by PAMPA assay
16393856,1539265,2051981,Oc1ccc2oc(-c3cc(Cl)c(O)c4ncccc34)cc2c1,permeability,21.4,10'-6 cm/s,Permeability of the compound at 100 ug/ml after 10 hrs by PAMPA assay
16393857,1539265,2051982,Cc1c(-c2cc(Cl)c(O)c3ncccc23)oc2ccc(O)cc12,permeability,3.5,10'-6 cm/s,Permeability of the compound at 100 ug/ml after 10 hrs by PAMPA assay
16393858,1539265,2051983,Oc1ccc2cc(-c3cc(I)c(O)c4ncccc34)oc2c1,permeability,16.6,10'-6 cm/s,Permeability of the compound at 100 ug/ml after 10 hrs by PAMPA assay
16393859,1539265,2051984,Oc1ccc2oc(-c3cc(I)c(O)c4ncccc34)cc2c1,permeability,19.1,10'-6 cm/s,Permeability of the compound at 100 ug/ml after 10 hrs by PAMPA assay
16393860,1539265,2051985,Oc1cc(O)c2cc(-c3cc(I)c(O)c4ncccc34)oc2c1,permeability,0.8,10'-6 cm/s,Permeability of the compound at 100 ug/ml after 10 hrs by PAMPA assay
16393865,1539265,6216,CN(C)CCCN1c2ccccc2Sc2ccc(Cl)cc21,permeability,5.8,10'-6 cm/s,Permeability of the compound at 100 ug/ml after 10 hrs by PAMPA assay
16393866,1539265,374052,C[C@]12CCC(=O)C=C1CC[C@@H]1[C@@H]2[C@@H](O)C[C@@]2(C)[C@H]1CC[C@]2(O)C(=O)CO,permeability,1,10'-6 cm/s,Permeability of the compound at 100 ug/ml after 10 hrs by PAMPA assay
16392017,1539810,1075320,Nc1ncc(-c2nc(N3CCOCC3)nc3c2CCN3c2cccnc2)cn1,permeability,1.9,10'-6 cm/s,Permeability of the compound by PAMPA method
16392018,1539810,2051407,CN1CCN(Cc2ccc(N3CCc4c(-c5cnc(N)nc5)nc(N5CCOCC5)nc43)cc2)CC1,permeability,0.92,10'-6 cm/s,Permeability of the compound by PAMPA method
16392019,1539810,2051410,Nc1ncc(-c2nc(N3CCOCC3)nc3c2CCN3c2ccc(C(=O)N3CCOCC3)cc2F)cn1,permeability,3.16,10'-6 cm/s,Permeability of the compound by PAMPA method
16392020,1539810,2051401,CN1CCN(C(=O)c2cc(N3CCc4c(-c5cnc(N)nc5)nc(N5CCOCC5)nc43)ccn2)CC1,permeability,1.13,10'-6 cm/s,Permeability of the compound by PAMPA method
16392021,1539810,2051402,CN1CCN(C(=O)c2ccc(N3CCc4c(-c5cnc(N)nc5)nc(N5CCOCC5)nc43)cn2)CC1,permeability,1.64,10'-6 cm/s,Permeability of the compound by PAMPA method
16392022,1539810,2051403,CN1CCN(C(=O)c2cncc(N3CCc4c(-c5cnc(N)nc5)nc(N5CCOCC5)nc43)c2)CC1,permeability,0.73,10'-6 cm/s,Permeability of the compound by PAMPA method
16392024,1539810,2051405,CN1CCN(C(=O)c2cccc(N3CCc4c(-c5cnc(N)nc5)nc(N5CCOCC5)nc43)c2)CC1,permeability,1.79,10'-6 cm/s,Permeability of the compound by PAMPA method
16392025,1539810,2051406,CN1CCN(C(=O)c2ccc(N3CCc4c(-c5cnc(N)nc5)nc(N5CCOCC5)nc43)cc2)CC1,permeability,1.24,10'-6 cm/s,Permeability of the compound by PAMPA method
16392026,1539810,2051408,Nc1ncc(-c2nc(N3CCOCC3)nc3c2CCN3c2ccc(CN3CCOCC3)cc2)cn1,permeability,4.52,10'-6 cm/s,Permeability of the compound by PAMPA method
16392027,1539810,2051409,Nc1ncc(-c2nc(N3CCOCC3)nc3c2CCN3c2ccc(CN3CCOCC3)cc2F)cn1,permeability,4.18,10'-6 cm/s,Permeability of the compound by PAMPA method
16401428,1541171,2052721,COc1cc2c(cc1C(C)=O)CC[C@H]1C(C)(C)[C@@H](OC(=O)C(F)(F)F)CC[C@]21C,permeability,7.31,10'-6 cm/s,Permeability of the compound at 25 ug/ml after 18 hrs by PAMPA assay
16401429,1541171,2052725,CCCCNC(=O)c1cc2c(cc1OC)[C@@]1(C)CC[C@H](O)C(C)(C)[C@@H]1CC2,permeability,11.26,10'-6 cm/s,Permeability of the compound at 25 ug/ml after 18 hrs by PAMPA assay
16402326,1541171,1219,COc1ccc(CCN(C)CCCC(C#N)(c2ccc(OC)c(OC)c2)C(C)C)cc1OC,permeability,13.4,10'-6 cm/s,Permeability of the compound at 25 ug/ml after 18 hrs by PAMPA assay
16402327,1541171,27609,Clc1cccc(Cl)c1NC1=NCCN1,permeability,5.26,10'-6 cm/s,Permeability of the compound at 25 ug/ml after 18 hrs by PAMPA assay
16402328,1541171,1279,CC(C)NCC(O)COc1ccc(CC(N)=O)cc1,permeability,0.64,10'-6 cm/s,Permeability of the compound at 25 ug/ml after 18 hrs by PAMPA assay
16406004,1541916,2052957,NCc1ccc(-c2nc3ccc(Cl)cc3c3c2CCCN3Cc2ccccc2)cc1,Peff,7.4,ucm/s,Permeability of the compound by PAMPA method
16406005,1541916,2052958,N#Cc1ccc(-c2nc3ccc(Cl)cc3c3c2CCN3)cc1,Peff,6.8,ucm/s,Permeability of the compound by PAMPA method
16406006,1541916,2052959,N#Cc1ccc(-c2nc3ccc(Cl)cc3c3c2CCCN3)cc1,Peff,14.3,ucm/s,Permeability of the compound by PAMPA method
16406007,1541916,2052960,N#Cc1ccc(-c2nc3ccc(Cl)cc3c3c2CCCCN3)cc1,Peff,20,ucm/s,Permeability of the compound by PAMPA method
16406008,1541916,2052961,N#Cc1ccc(-c2nc3cc(Cl)ccc3c3c2CCCN3)cc1,Peff,16.2,ucm/s,Permeability of the compound by PAMPA method
16406009,1541916,2052962,NCc1ccc(-c2nc3ccc(Cl)cc3c3c2CCN3)cc1,Peff,7.4,ucm/s,Permeability of the compound by PAMPA method
16406010,1541916,2052963,NCc1ccc(-c2nc3ccc(Cl)cc3c3c2CCCN3)cc1,Peff,4.6,ucm/s,Permeability of the compound by PAMPA method
16406011,1541916,2052964,NCc1ccc(-c2nc3ccc(Cl)cc3c3c2CCCCN3)cc1,Peff,11.6,ucm/s,Permeability of the compound by PAMPA method
16406012,1541916,2052965,NCc1ccc(-c2nc3cc(Cl)ccc3c3c2CCCN3)cc1,Peff,4,ucm/s,Permeability of the compound by PAMPA method
16406013,1541916,2052966,N#Cc1ccc(-c2nc3cc(Cl)ccc3cc2CCCN)cc1,Peff,18.3,ucm/s,Permeability of the compound by PAMPA method
16406014,1541916,2052967,N#Cc1ccc([C@H]2Nc3ccc(Cl)cc3[C@@H]3OCCC[C@H]23)cc1,Peff,7,ucm/s,Permeability of the compound by PAMPA method
16406015,1541916,2052968,N#Cc1ccc(-c2nc3ccc(Cl)cc3c3c2CCCO3)cc1,Peff,29.7,ucm/s,Permeability of the compound by PAMPA method
16406016,1541916,2052969,NCc1ccc(-c2nc3ccc(Cl)cc3c3c2CCCO3)cc1,Peff,15.5,ucm/s,Permeability of the compound by PAMPA method
16406017,1541916,2052970,Clc1ccc2nc(-c3ccco3)c3c(c2c1)OCCC3,Peff,3.5,ucm/s,Permeability of the compound by PAMPA method
16406018,1541916,2052971,Clc1ccc2nc(-c3cccs3)c3c(c2c1)OCCC3,Peff,14.4,ucm/s,Permeability of the compound by PAMPA method
16406019,1541916,2052972,OCCCc1cc2cc(Cl)ccc2nc1-c1ccco1,Peff,10.3,ucm/s,Permeability of the compound by PAMPA method
16406020,1541916,2052973,OCCCc1cc2cc(Cl)ccc2nc1-c1cccs1,Peff,28.4,ucm/s,Permeability of the compound by PAMPA method
16406021,1541916,2052974,N#CCCc1cc2cc(Cl)ccc2nc1-c1cccs1,Peff,17.9,ucm/s,Permeability of the compound by PAMPA method
16406022,1541916,2052975,Clc1ccc2nc(-c3cccs3)c(CCCN3CCCC3)cc2c1,Peff,12.9,ucm/s,Permeability of the compound by PAMPA method
16406023,1541916,2052976,CCN(CC)CCCc1cc2cc(Cl)ccc2nc1-c1cccs1,Peff,20.9,ucm/s,Permeability of the compound by PAMPA method
16407030,1541916,1620,CN/C(=N\CCSCc1nc[nH]c1C)NC#N,Peff,0.7,ucm/s,Permeability of the compound by PAMPA method
16407031,1541916,16278,CCn1cc(C(=O)O)c(=O)c2cc(F)c(N3CCNC(C)C3)c(F)c21,Peff,0.7,ucm/s,Permeability of the compound by PAMPA method
16407032,1541916,246,CCn1cc(C(=O)O)c(=O)c2cc(F)c(N3CCNCC3)cc21,Peff,0.9,ucm/s,Permeability of the compound by PAMPA method
16407033,1541916,146,CC1COc2c(N3CCN(C)CC3)c(F)cc3c(=O)c(C(=O)O)cn1c23,Peff,0.98,ucm/s,Permeability of the compound by PAMPA method
16407034,1541916,374052,C[C@]12CCC(=O)C=C1CC[C@@H]1[C@@H]2[C@@H](O)C[C@@]2(C)[C@H]1CC[C@]2(O)C(=O)CO,Peff,1.4,ucm/s,Permeability of the compound by PAMPA method
16407035,1541916,11968,CN1C(C(=O)Nc2ccccn2)=C(O)c2ccccc2S1(=O)=O,Peff,1.8,ucm/s,Permeability of the compound by PAMPA method
16407036,1541916,27609,Clc1cccc(Cl)c1NC1=NCCN1,Peff,6.5,ucm/s,Permeability of the compound by PAMPA method
16407037,1541916,182165,C[C@]12C[C@H](O)[C@H]3[C@@H](CCC4=CC(=O)CC[C@@]43C)[C@@H]1CC[C@@H]2C(=O)CO,Peff,6.7,ucm/s,Permeability of the compound by PAMPA method
16407038,1541916,605,CN(C)CCCN1c2ccccc2CCc2ccccc21,Peff,12.3,ucm/s,Permeability of the compound by PAMPA method
16407039,1541916,16391,CN(C)CCCN1c2ccccc2Sc2ccccc21,Peff,13.8,ucm/s,Permeability of the compound by PAMPA method
16407040,1541916,12825,CC(=O)[C@H]1CC[C@H]2[C@@H]3CCC4=CC(=O)CC[C@]4(C)[C@H]3CC[C@]12C,Peff,16.8,ucm/s,Permeability of the compound by PAMPA method
16407041,1541916,6243,CNCCCN1c2ccccc2CCc2ccccc21,Peff,17.8,ucm/s,Permeability of the compound by PAMPA method
16407042,1541916,364520,C[C@]12CC[C@H]3[C@@H](CCC4=CC(=O)CC[C@@]43C)[C@@H]1CC[C@@H]2O,Peff,23.1,ucm/s,Permeability of the compound by PAMPA method
16407043,1541916,1219,COc1ccc(CCN(C)CCCC(C#N)(c2ccc(OC)c(OC)c2)C(C)C)cc1OC,Peff,25.8,ucm/s,Permeability of the compound by PAMPA method
16407014,1541924,1620,CN/C(=N\CCSCc1nc[nH]c1C)NC#N,Peff,0,ucm/s,Permeability of the compound by high throughput PAMPA method
16407015,1541924,16278,CCn1cc(C(=O)O)c(=O)c2cc(F)c(N3CCNC(C)C3)c(F)c21,Peff,1.1,ucm/s,Permeability of the compound by high throughput PAMPA method
16407016,1541924,246,CCn1cc(C(=O)O)c(=O)c2cc(F)c(N3CCNCC3)cc21,Peff,0.1,ucm/s,Permeability of the compound by high throughput PAMPA method
16407017,1541924,146,CC1COc2c(N3CCN(C)CC3)c(F)cc3c(=O)c(C(=O)O)cn1c23,Peff,0.8,ucm/s,Permeability of the compound by high throughput PAMPA method
16407018,1541924,374052,C[C@]12CCC(=O)C=C1CC[C@@H]1[C@@H]2[C@@H](O)C[C@@]2(C)[C@H]1CC[C@]2(O)C(=O)CO,Peff,1.9,ucm/s,Permeability of the compound by high throughput PAMPA method
16407019,1541924,11968,CN1C(C(=O)Nc2ccccn2)=C(O)c2ccccc2S1(=O)=O,Peff,2.5,ucm/s,Permeability of the compound by high throughput PAMPA method
16407020,1541924,27609,Clc1cccc(Cl)c1NC1=NCCN1,Peff,5.3,ucm/s,Permeability of the compound by high throughput PAMPA method
16407021,1541924,182165,C[C@]12C[C@H](O)[C@H]3[C@@H](CCC4=CC(=O)CC[C@@]43C)[C@@H]1CC[C@@H]2C(=O)CO,Peff,5.1,ucm/s,Permeability of the compound by high throughput PAMPA method
16407022,1541924,605,CN(C)CCCN1c2ccccc2CCc2ccccc21,Peff,13,ucm/s,Permeability of the compound by high throughput PAMPA method
16407023,1541924,16391,CN(C)CCCN1c2ccccc2Sc2ccccc21,Peff,8.8,ucm/s,Permeability of the compound by high throughput PAMPA method
16407024,1541924,12825,CC(=O)[C@H]1CC[C@H]2[C@@H]3CCC4=CC(=O)CC[C@]4(C)[C@H]3CC[C@]12C,Peff,9.3,ucm/s,Permeability of the compound by high throughput PAMPA method
16407025,1541924,6243,CNCCCN1c2ccccc2CCc2ccccc21,Peff,12,ucm/s,Permeability of the compound by high throughput PAMPA method
16407026,1541924,364520,C[C@]12CC[C@H]3[C@@H](CCC4=CC(=O)CC[C@@]43C)[C@@H]1CC[C@@H]2O,Peff,17,ucm/s,Permeability of the compound by high throughput PAMPA method
16407027,1541924,1219,COc1ccc(CCN(C)CCCC(C#N)(c2ccc(OC)c(OC)c2)C(C)C)cc1OC,Peff,16,ucm/s,Permeability of the compound by high throughput PAMPA method
16413257,1542571,2053611,CC(C)CCOc1ccc(CN2CC(C(=O)O)C2)cc1,permeability,3.2,cm/s,Permeability of the compound by PAMPA
16413258,1542571,2053628,O=C(O)C1CN(Cc2ccc(OCc3ccc(Cl)c(Cl)c3)cc2)C1,permeability,2.7,cm/s,Permeability of the compound by PAMPA
16413259,1542571,1309289,O=C(O)C1CN(Cc2ccc(OCc3ccccc3)cc2Cl)C1,permeability,4.2,cm/s,Permeability of the compound by PAMPA
16413260,1542571,1295227,O=C(O)C1CN(Cc2ccc(CCc3cccc(C(F)(F)F)c3)cc2)C1,permeability,5.3,cm/s,Permeability of the compound by PAMPA
16413261,1542571,1319769,O=C(O)C1CN(Cc2ccc(OCc3cccc(C(F)(F)F)c3)cc2F)C1,permeability,9.4,cm/s,Permeability of the compound by PAMPA
16396933,1542658,2052427,CC(C)(C)c1ccc(COc2ccc([C@@H](NC(=O)[C@H](CCCCN)NC(=O)[C@H](CCCNC(=N)N)NC(=O)c3ccc(Cl)s3)C(N)=O)cc2)cc1,permeability,0.33,ucm/s,Permeability of compound after 5 hrs by PAMPA
16396934,1542658,2052438,COc1cccc(COc2ccc([C@@H](NC(=O)[C@H](CCCCN)NC(=O)[C@H](CCCNC(=N)N)NC(=O)c3ccc(-c4cccs4)s3)C(N)=O)cc2)c1,permeability,0.65,ucm/s,Permeability of compound after 5 hrs by PAMPA
16396935,1542658,2052439,N=C(N)NCCC[C@H](NC(=O)c1ccc(-c2cccs2)s1)C(=O)N[C@@H](CCCCN)C(=O)N[C@@H](C(N)=O)c1ccc(OCc2ccc(Cl)c(Cl)c2)cc1,permeability,0.79,ucm/s,Permeability of compound after 5 hrs by PAMPA
16452854,1552674,2062405,CCN(C)S(=O)(=O)NC(=O)c1ccc2c(C3CCCCC3)c3n(c2c1)CC1(C(=O)N2C4CCC2CN(C)C4)CC1c1cc(OC)ccc1-3,permeability,561,nm/s,Permeability of the compound at pH 7.4 by PAMPA
16452855,1552674,2062406,COc1ccc2c(c1)C1CC1(C(=O)N1C3CCC1CN(C)C3)Cn1c-2c(C2CCCCC2)c2ccc(C(=O)NS(=O)(=O)N3CCC3)cc21,permeability,665,nm/s,Permeability of the compound at pH 7.4 by PAMPA
16452856,1552674,1623458,COc1ccc2c(c1)C1CC1(C(=O)N1C3CCC1CN(C)C3)Cn1c-2c(C2CCCCC2)c2ccc(C(=O)NS(=O)(=O)N(C)C)cc21,permeability,713,nm/s,Permeability of the compound at pH 7.4 by PAMPA
16481146,1553283,16278,CCn1cc(C(=O)O)c(=O)c2cc(F)c(N3CCNC(C)C3)c(F)c21,permeability,1.81,ucm/s,Permeability of the compound at 25 ug/ml at pH 7.4 after 16 hrs by PAMPA
16481147,1553283,146,CC1COc2c(N3CCN(C)CC3)c(F)cc3c(=O)c(C(=O)O)cn1c23,permeability,1.31,ucm/s,Permeability of the compound at 25 ug/ml at pH 7.4 after 16 hrs by PAMPA
16481138,1553283,2069269,O=c1oc2cc(OCCNC3CCN(Cc4ccccc4)CC3)ccc2c2c1CCCC2,permeability,16.21,ucm/s,Permeability of the compound at 25 ug/ml at pH 7.4 after 16 hrs by PAMPA
16481139,1553283,364520,C[C@]12CC[C@H]3[C@@H](CCC4=CC(=O)CC[C@@]43C)[C@@H]1CC[C@@H]2O,permeability,16.81,ucm/s,Permeability of the compound at 25 ug/ml at pH 7.4 after 16 hrs by PAMPA
16481140,1553283,1219,COc1ccc(CCN(C)CCCC(C#N)(c2ccc(OC)c(OC)c2)C(C)C)cc1OC,permeability,21.01,ucm/s,Permeability of the compound at 25 ug/ml at pH 7.4 after 16 hrs by PAMPA
16481141,1553283,27626,C[C@]12CC[C@@H]3c4ccc(O)cc4CC[C@H]3[C@@H]1CC[C@@H]2O,permeability,17.03,ucm/s,Permeability of the compound at 25 ug/ml at pH 7.4 after 16 hrs by PAMPA
16481142,1553283,27609,Clc1cccc(Cl)c1NC1=NCCN1,permeability,8.14,ucm/s,Permeability of the compound at 25 ug/ml at pH 7.4 after 16 hrs by PAMPA
16481143,1553283,182165,C[C@]12C[C@H](O)[C@H]3[C@@H](CCC4=CC(=O)CC[C@@]43C)[C@@H]1CC[C@@H]2C(=O)CO,permeability,3.11,ucm/s,Permeability of the compound at 25 ug/ml at pH 7.4 after 16 hrs by PAMPA
16481144,1553283,11968,CN1C(C(=O)Nc2ccccn2)=C(O)c2ccccc2S1(=O)=O,permeability,1.32,ucm/s,Permeability of the compound at 25 ug/ml at pH 7.4 after 16 hrs by PAMPA
16481145,1553283,374052,C[C@]12CCC(=O)C=C1CC[C@@H]1[C@@H]2[C@@H](O)C[C@@]2(C)[C@H]1CC[C@]2(O)C(=O)CO,permeability,1.41,ucm/s,Permeability of the compound at 25 ug/ml at pH 7.4 after 16 hrs by PAMPA
16481148,1553299,364520,C[C@]12CC[C@H]3[C@@H](CCC4=CC(=O)CC[C@@]43C)[C@@H]1CC[C@@H]2O,permeability,17,ucm/s,Permeability of the compound at 25 ug/ml at pH 7.4 after 18 hrs by PAMPA
16481149,1553299,1219,COc1ccc(CCN(C)CCCC(C#N)(c2ccc(OC)c(OC)c2)C(C)C)cc1OC,permeability,16,ucm/s,Permeability of the compound at 25 ug/ml at pH 7.4 after 18 hrs by PAMPA
16481150,1553299,27626,C[C@]12CC[C@@H]3c4ccc(O)cc4CC[C@H]3[C@@H]1CC[C@@H]2O,permeability,12,ucm/s,Permeability of the compound at 25 ug/ml at pH 7.4 after 18 hrs by PAMPA
16481151,1553299,27609,Clc1cccc(Cl)c1NC1=NCCN1,permeability,5.3,ucm/s,Permeability of the compound at 25 ug/ml at pH 7.4 after 18 hrs by PAMPA
16481152,1553299,182165,C[C@]12C[C@H](O)[C@H]3[C@@H](CCC4=CC(=O)CC[C@@]43C)[C@@H]1CC[C@@H]2C(=O)CO,permeability,5.1,ucm/s,Permeability of the compound at 25 ug/ml at pH 7.4 after 18 hrs by PAMPA
16481153,1553299,11968,CN1C(C(=O)Nc2ccccn2)=C(O)c2ccccc2S1(=O)=O,permeability,2.5,ucm/s,Permeability of the compound at 25 ug/ml at pH 7.4 after 18 hrs by PAMPA
16481154,1553299,374052,C[C@]12CCC(=O)C=C1CC[C@@H]1[C@@H]2[C@@H](O)C[C@@]2(C)[C@H]1CC[C@]2(O)C(=O)CO,permeability,1.9,ucm/s,Permeability of the compound at 25 ug/ml at pH 7.4 after 18 hrs by PAMPA
16481155,1553299,16278,CCn1cc(C(=O)O)c(=O)c2cc(F)c(N3CCNC(C)C3)c(F)c21,permeability,1.1,ucm/s,Permeability of the compound at 25 ug/ml at pH 7.4 after 18 hrs by PAMPA
16481156,1553299,146,CC1COc2c(N3CCN(C)CC3)c(F)cc3c(=O)c(C(=O)O)cn1c23,permeability,0.8,ucm/s,Permeability of the compound at 25 ug/ml at pH 7.4 after 18 hrs by PAMPA
16471824,1556118,2068493,COc1cc2ncnc(-n3nc(-c4ccccn4)nc3N)c2cc1OCCCNC(=O)OC(C)C,permeability,432.5,ucm/s,Permeability of the compound at 10 uM after 30 mins by PAMPA
16471825,1556118,2068486,COCCOc1cc2c(-n3nc(-c4ccccn4)nc3N)ncnc2cc1OC,permeability,196.3,ucm/s,Permeability of the compound at 10 uM after 30 mins by PAMPA
16471826,1556118,2068409,COCCOc1cc2ncnc(-n3nc(-c4ccccn4)nc3N)c2cc1OCCOC,permeability,16.6,ucm/s,Permeability of the compound at 10 uM after 30 mins by PAMPA
16471827,1556118,1415780,COc1cc2ncnc(-n3nc(-c4ccccn4)nc3N)c2cc1OC,permeability,95.9,ucm/s,Permeability of the compound at 10 uM after 30 mins by PAMPA
16494091,1556755,2072558,Clc1ccc([C@H](c2ccccc2)N2CCNCC2)cc1,permeability,1920,10'-6 cm/s,Permeability of compound by PAMPA method
16494090,1556755,897759,CN1CCN([C@@H](c2ccccc2)c2ccc(Cl)cc2)CC1,permeability,1834,10'-6 cm/s,Permeability of compound by PAMPA method
16494092,1556755,2072560,CCN1CCN([C@@H](c2ccccc2)c2ccc(Cl)cc2)CC1,permeability,514.5,10'-6 cm/s,Permeability of compound by PAMPA method
16494093,1556755,2072583,NCCOCCOCCOCCOCCN1CCN(C(c2ccccc2)c2ccc(Cl)cc2)CC1,permeability,682.1,10'-6 cm/s,Permeability of compound by PAMPA method
16494094,1556755,2072584,CN1CCN(C(c2ccc(Cl)cc2)c2ccc(Cl)cc2)CC1,permeability,1024.3,10'-6 cm/s,Permeability of compound by PAMPA method
16494095,1556755,2072587,CCN1CCN(C(c2ccc(Cl)cc2)c2ccc(Cl)cc2)CC1,permeability,892.3,10'-6 cm/s,Permeability of compound by PAMPA method
16491203,1558564,2072710,Cc1cc(C[C@@H](NC(=O)N2CCN(c3cccc(Cl)c3)CC2)C(=O)N2CCC(N3CCCCC3)CC2)cc2cn[nH]c12,permeability,52,nm/s,Permeability of compound by PAMPA
16491204,1558564,2072712,Cc1cc(C[C@@H](NC(=O)N2CCN(c3ccccc3Br)CC2)C(=O)N2CCC(N3CCCCC3)CC2)cc2cn[nH]c12,permeability,35,nm/s,Permeability of compound by PAMPA
16491205,1558564,2072714,Cc1cc(C[C@@H](NC(=O)N2CCN(c3ccc(Br)cc3)CC2)C(=O)N2CCC(N3CCCCC3)CC2)cc2cn[nH]c12,permeability,52,nm/s,Permeability of compound by PAMPA
16491206,1558564,2072724,Cc1cc(C[C@@H](NC(=O)N2CCN(c3ccc(Cl)cc3Cl)CC2)C(=O)N2CCC(N3CCCCC3)CC2)cc2cn[nH]c12,permeability,170,nm/s,Permeability of compound by PAMPA
16491207,1558564,2070993,Cc1cc(C[C@@H](NC(=O)N2CCC(c3ccc(Cl)cc3Cl)CC2)C(=O)N2CCC(N3CCCCC3)CC2)cc2cn[nH]c12,permeability,24,nm/s,Permeability of compound by PAMPA
16491208,1558564,2070995,Cc1ccc(C2CCN(C(=O)N[C@H](Cc3cc(C)c4[nH]ncc4c3)C(=O)N3CCC(N4CCCCC4)CC3)CC2)c(Cl)c1,permeability,120,nm/s,Permeability of compound by PAMPA
16491209,1558564,2070998,Cc1cc(C[C@@H](NC(=O)N2CCC(c3ccc(C(F)(F)F)cc3C(F)(F)F)CC2)C(=O)N2CCC(N3CCCCC3)CC2)cc2cn[nH]c12,permeability,71,nm/s,Permeability of compound by PAMPA
16491210,1558564,2071000,Cc1cc(C[C@@H](NC(=O)N2CCC(c3ccc4ccccc4c3)CC2)C(=O)N2CCC(N3CCCCC3)CC2)cc2cn[nH]c12,permeability,61,nm/s,Permeability of compound by PAMPA
16491211,1558564,2071001,Cc1cc(C[C@@H](NC(=O)N2CCC(c3cc4ccccc4cc3Cl)CC2)C(=O)N2CCC(N3CCCCC3)CC2)cc2cn[nH]c12,permeability,57,nm/s,Permeability of compound by PAMPA
16491221,1558564,501085,Cc1cc(C[C@@H](NC(=O)N2CCC(N3Cc4cccc(F)c4NC3=O)CC2)C(=O)N2CCC(N3CCCCC3)CC2)cc2cn[nH]c12,permeability,11,nm/s,Permeability of compound by PAMPA
16528987,1567020,2078421,Cc1c(Cc2c(Cl)cccc2Cl)nc(N(C)Cc2ccc(N3CCOCC3)cc2)[nH]c1=O,Peff,21.9,ucm/s,Effective permeability of compound at pH 7.4 after 5 hrs by PAMPA
16528988,1567020,2078422,Cc1c(Cc2c(Cl)cccc2Cl)nc(N(C)Cc2ccc(N3CCN(C)CC3)cc2)[nH]c1=O,Peff,1.37,ucm/s,Effective permeability of compound at pH 7.4 after 5 hrs by PAMPA
16528989,1567020,2078427,Cc1c(C(C)c2c(Cl)cccc2Cl)nc(N(C)Cc2ccc(N3CCN(C)CC3)cc2)[nH]c1=O,Peff,0.91,ucm/s,Effective permeability of compound at pH 7.4 after 5 hrs by PAMPA
16528990,1567020,2078424,Cc1c(Cc2c(Cl)cccc2Cl)nc(N(C)Cc2ccc([N+](=O)[O-])cc2)[nH]c1=O,Peff,10.93,ucm/s,Effective permeability of compound at pH 7.4 after 5 hrs by PAMPA
16528991,1567020,2078431,COc1ccc(CN(C)c2nc(C(C)c3c(F)cccc3F)c(C)c(=O)[nH]2)cc1,Peff,5.54,ucm/s,Effective permeability of compound at pH 7.4 after 5 hrs by PAMPA
16578924,1576246,155303,CC(=O)NC(=O)NCc1ccccc1,Peff,1.63,10'-5cm/s,Effective permeability of compound at pH 7.4 at 200 uM after 5 hrs by PAMPA
16578923,1576246,2084426,CS(=O)(=O)NC(=O)NCc1ccccc1,Peff,2.61,10'-7 cm/s,Effective permeability of compound at pH 7.4 at 200 uM after 5 hrs by PAMPA
16578910,1576246,65403,O=C(O)CCc1ccccc1,Peff,1.66,ucm/s,Effective permeability of compound at pH 7.4 at 200 uM after 5 hrs by PAMPA
16578911,1576246,256900,O=C(CCc1ccccc1)NO,Peff,4.97,ucm/s,Effective permeability of compound at pH 7.4 at 200 uM after 5 hrs by PAMPA
16578912,1576246,21424,CC(=O)N(O)CCc1ccccc1,Peff,4.53,ucm/s,Effective permeability of compound at pH 7.4 at 200 uM after 5 hrs by PAMPA
16578913,1576246,2084418,CONC(=O)CCc1ccccc1,Peff,7.28,ucm/s,Effective permeability of compound at pH 7.4 at 200 uM after 5 hrs by PAMPA
16578914,1576246,2084419,CC(=O)NOCCc1ccccc1,Peff,4.6,ucm/s,Effective permeability of compound at pH 7.4 at 200 uM after 5 hrs by PAMPA
16578915,1576246,1162720,O=P(O)(O)CCc1ccccc1,Peff,9.4,10'-8cm/s,Effective permeability of compound at pH 7.4 at 200 uM after 5 hrs by PAMPA
16578916,1576246,2084420,O=[PH](O)CCc1ccccc1,Peff,1.7,10'-8cm/s,Effective permeability of compound at pH 7.4 at 200 uM after 5 hrs by PAMPA
16578917,1576246,2084421,O=S(=O)([O-])CCc1ccccc1.[Na+],Peff,3.84,10'-8cm/s,Effective permeability of compound at pH 7.4 at 200 uM after 5 hrs by PAMPA
16578919,1576246,2084423,NS(=O)(=O)CCc1ccccc1,Peff,2.13,ucm/s,Effective permeability of compound at pH 7.4 at 200 uM after 5 hrs by PAMPA
16578920,1576246,854934,CS(=O)(=O)NCCCc1ccccc1,Peff,1.05,10'-5cm/s,Effective permeability of compound at pH 7.4 at 200 uM after 5 hrs by PAMPA
16578921,1576246,2084424,CS(=O)(=O)NC(=O)CCc1ccccc1,Peff,3.45,10'-7 cm/s,Effective permeability of compound at pH 7.4 at 200 uM after 5 hrs by PAMPA
16578922,1576246,2084425,CN(C)S(=O)(=O)NC(=O)CCc1ccccc1,Peff,1.53,ucm/s,Effective permeability of compound at pH 7.4 at 200 uM after 5 hrs by PAMPA
16578925,1576246,2084427,c1ccc(CCc2nnn[nH]2)cc1,Peff,4.83,10'-7 cm/s,Effective permeability of compound at pH 7.4 at 200 uM after 5 hrs by PAMPA
16578926,1576246,136512,O=C1NC(=O)C(Cc2ccccc2)S1,Peff,8.77,ucm/s,Effective permeability of compound at pH 7.4 at 200 uM after 5 hrs by PAMPA
16578927,1576246,275003,O=C1NC(=O)C(Cc2ccccc2)O1,Peff,2.46,ucm/s,Effective permeability of compound at pH 7.4 at 200 uM after 5 hrs by PAMPA
16578928,1576246,2084428,O=c1[nH]c(CCc2ccccc2)no1,Peff,1.22,ucm/s,Effective permeability of compound at pH 7.4 at 200 uM after 5 hrs by PAMPA
16578929,1576246,2084429,O=c1[nH]c(CCc2ccccc2)ns1,Peff,1.14,10'-5cm/s,Effective permeability of compound at pH 7.4 at 200 uM after 5 hrs by PAMPA
16578930,1576246,2084430,O=S1NC(CCc2ccccc2)=NO1,Peff,1.1,10'-7 cm/s,Effective permeability of compound at pH 7.4 at 200 uM after 5 hrs by PAMPA
16578931,1576246,2084431,S=c1[nH]c(CCc2ccccc2)no1,Peff,3.27,10'-7 cm/s,Effective permeability of compound at pH 7.4 at 200 uM after 5 hrs by PAMPA
16578932,1576246,2084432,Oc1cc(Cc2ccccc2)on1,Peff,4.65,ucm/s,Effective permeability of compound at pH 7.4 at 200 uM after 5 hrs by PAMPA
16578933,1576246,2084433,O=C1CC(=O)C(Cc2ccccc2)N1,Peff,2.5,ucm/s,Effective permeability of compound at pH 7.4 at 200 uM after 5 hrs by PAMPA
16578934,1576246,2084434,O=C1C=C(O)CC1Cc1ccccc1,Peff,2.12,10'-7 cm/s,Effective permeability of compound at pH 7.4 at 200 uM after 5 hrs by PAMPA
16578935,1576246,2084435,CC1=C(O)CC(Cc2ccccc2)C1=O,Peff,2.6,10'-7 cm/s,Effective permeability of compound at pH 7.4 at 200 uM after 5 hrs by PAMPA
16578936,1576246,2084436,O=C1CCC(O)=C1Cc1ccccc1,Peff,1.54,10'-7 cm/s,Effective permeability of compound at pH 7.4 at 200 uM after 5 hrs by PAMPA
16578937,1576246,2084437,O=C1CCC(Cc2ccccc2)=C1O,Peff,1.14,10'-5cm/s,Effective permeability of compound at pH 7.4 at 200 uM after 5 hrs by PAMPA
16578938,1576246,2084438,O=C1CC(c2ccccc2)C=C1O,Peff,1.7,10'-5cm/s,Effective permeability of compound at pH 7.4 at 200 uM after 5 hrs by PAMPA
16578940,1576246,2084440,O=c1c(O)c(NCc2ccccc2)c1=O,Peff,2.24,10'-7 cm/s,Effective permeability of compound at pH 7.4 at 200 uM after 5 hrs by PAMPA
16578941,1576246,2084441,Oc1c(F)cc(Cc2ccccc2)cc1F,Peff,7.05,ucm/s,Effective permeability of compound at pH 7.4 at 200 uM after 5 hrs by PAMPA
16578942,1576246,2084442,Oc1c(F)ccc(Cc2ccccc2)c1F,Peff,4.71,ucm/s,Effective permeability of compound at pH 7.4 at 200 uM after 5 hrs by PAMPA
16578944,1576246,2084444,[O-][S+](Cc1ccccc1)c1ccccc1O,Peff,1.23,10'-5cm/s,Effective permeability of compound at pH 7.4 at 200 uM after 5 hrs by PAMPA
16578945,1576246,2084445,O=S(=O)(Cc1ccccc1)c1ccccc1O,Peff,1.57,10'-5cm/s,Effective permeability of compound at pH 7.4 at 200 uM after 5 hrs by PAMPA
16588244,1577488,2086449,CCN1CCN(Cc2ccc(NC(=O)CNc3ccc(-c4ccc(NC(C)=O)nc4)cc3)cc2C(F)(F)F)CC1,permeability,26.2,ucm/s,Permeability of compound by PAMPA
16588245,1577488,2086450,CC(=O)Nc1ccc(-c2ccc(NCC(=O)Nc3ccc(CN4CCNCC4)c(C(F)(F)F)c3)cc2)cn1,permeability,1.13,ucm/s,Permeability of compound by PAMPA
16588246,1577488,2086452,O=C(CNc1ccc(-c2ccc(NC(=O)C3CC3)nc2)cc1)Nc1ccc(CN2CCNCC2)c(C(F)(F)F)c1,permeability,5.53,ucm/s,Permeability of compound by PAMPA
16588247,1577488,2086453,CCN1CCN(Cc2ccc(NC(=O)CNc3ccc(-c4ccc(NC(=O)C5CC5)nc4)cc3)cc2C(F)(F)F)CC1,permeability,34.53,ucm/s,Permeability of compound by PAMPA
16588248,1577488,2086454,CN1CCN(Cc2ccc(NC(=O)CNc3ccc(-c4ccc(NC(=O)C5CC5)nc4)cc3F)cc2C(F)(F)F)CC1,permeability,30.61,ucm/s,Permeability of compound by PAMPA
16643134,1588363,27251,CCN(C)C(=O)Oc1cccc([C@H](C)N(C)C)c1,Peff,6.6,10'-6 cm/s,Effective permeability of the compound at 100 uM at pH 7.4 after 3 to 6 hrs by PAMPA
16643135,1588363,9333,Nc1c2c(nc3ccccc13)CCCC2,Peff,5.3,10'-6 cm/s,Effective permeability of the compound at 100 uM at pH 7.4 after 3 to 6 hrs by PAMPA
16643129,1588363,2092317,O=C(Nc1ccc(O)cc1)Nc1nc2ccc(F)cc2s1,Peff,2.2,10'-6 cm/s,Effective permeability of the compound at 100 uM at pH 7.4 after 3 to 6 hrs by PAMPA
16643130,1588363,2092319,O=C(Nc1cccc(O)c1)Nc1nc2ccc(F)cc2s1,Peff,7,10'-6 cm/s,Effective permeability of the compound at 100 uM at pH 7.4 after 3 to 6 hrs by PAMPA
16643131,1588363,2092343,O=C(Nc1ccc(O)c(Cl)c1)Nc1nc2ccc(OC(F)(F)F)cc2s1,Peff,2.2,10'-6 cm/s,Effective permeability of the compound at 100 uM at pH 7.4 after 3 to 6 hrs by PAMPA
16643132,1588363,2092345,O=C(Nc1cc(Cl)c(O)c(Cl)c1)Nc1nc2ccc(OC(F)(F)F)cc2s1,Peff,7,10'-6 cm/s,Effective permeability of the compound at 100 uM at pH 7.4 after 3 to 6 hrs by PAMPA
16643133,1588363,9372,COc1cc2c(cc1OC)C(=O)C(CC1CCN(Cc3ccccc3)CC1)C2,Peff,7.3,10'-6 cm/s,Effective permeability of the compound at 100 uM at pH 7.4 after 3 to 6 hrs by PAMPA
16643136,1588363,364520,C[C@]12CC[C@H]3[C@@H](CCC4=CC(=O)CC[C@@]43C)[C@@H]1CC[C@@H]2O,Peff,11.3,10'-6 cm/s,Effective permeability of the compound at 100 uM at pH 7.4 after 3 to 6 hrs by PAMPA
16643137,1588363,6216,CN(C)CCCN1c2ccccc2Sc2ccc(Cl)cc21,Peff,5.6,10'-6 cm/s,Effective permeability of the compound at 100 uM at pH 7.4 after 3 to 6 hrs by PAMPA
16643138,1588363,374052,C[C@]12CCC(=O)C=C1CC[C@@H]1[C@@H]2[C@@H](O)C[C@@]2(C)[C@H]1CC[C@]2(O)C(=O)CO,Peff,2.9,10'-6 cm/s,Effective permeability of the compound at 100 uM at pH 7.4 after 3 to 6 hrs by PAMPA
16643139,1588363,11968,CN1C(C(=O)Nc2ccccn2)=C(O)c2ccccc2S1(=O)=O,Peff,2.2,10'-6 cm/s,Effective permeability of the compound at 100 uM at pH 7.4 after 3 to 6 hrs by PAMPA
16643140,1588363,381693,Cn1c(=O)c2[nH]cnc2n(C)c1=O,Peff,1.1,10'-6 cm/s,Effective permeability of the compound at 100 uM at pH 7.4 after 3 to 6 hrs by PAMPA
16643141,1588363,1279,CC(C)NCC(O)COc1ccc(CC(N)=O)cc1,Peff,1,10'-6 cm/s,Effective permeability of the compound at 100 uM at pH 7.4 after 3 to 6 hrs by PAMPA
16667812,1612861,2111869,Cc1cc2ccc1[C@@H](C)COC(=O)Nc1ccc(S(=O)(=O)C3CC3)c(c1)CN(C)C(=O)[C@@H]2Nc1ccc2c(N)ncc(F)c2c1,permeability,900,nm/s,Permeability coefficient of the compound at 100 uM after 4 hrs by PAMPA
16667813,1612861,2110762,Cc1cc2ccc1[C@@H](C)COC(=O)Nc1ccc(S(=O)(=O)C3CC3)c(c1)CN(C)C(=O)[C@@H]2Nc1cc2ccnc(N)c2cc1F,permeability,180,nm/s,Permeability coefficient of the compound at 100 uM after 4 hrs by PAMPA
16667814,1612861,2118380,Cc1cc2ccc1[C@@H](C)COC(=O)Nc1ccc(S(=O)(=O)C3CC3)c(c1)CN(C)C(=O)[C@@H]2Nc1cc(F)c2c(N)nccc2c1,permeability,200,nm/s,Permeability coefficient of the compound at 100 uM after 4 hrs by PAMPA
16667815,1612861,2100491,Cc1cc2ccc1[C@@H](C)COC(=O)Nc1ccc(S(=O)(=O)C3CC3)c(c1)CN(C)C(=O)[C@@H]2Nc1ccc2c(N)nccc2c1,permeability,50,nm/s,Permeability coefficient of the compound at 100 uM after 4 hrs by PAMPA
16667816,1612861,2187933,CCOP(=O)(O)c1ccc2cc1CN(C)C(=O)[C@H](Nc1ccc3c(N)nccc3c1)c1ccc(c(C)c1)[C@@H](C)COC(=O)N2,permeability,3,nm/s,Permeability coefficient of the compound at 100 uM after 4 hrs by PAMPA
16667817,1612861,2190158,CCOP(=O)(OCC)c1ccc2cc1CN(C)C(=O)[C@H](Nc1ccc3c(N)nccc3c1)c1ccc(c(C)c1)[C@@H](C)COC(=O)N2,permeability,45,nm/s,Permeability coefficient of the compound at 100 uM after 4 hrs by PAMPA
16667818,1612861,2161311,Cc1cc2ccc1[C@@H](C)COC(=O)Nc1ccc(-c3ccnn3C)c(c1)CN(C)C(=O)[C@@H]2Nc1ccc2c(N)nccc2c1,permeability,59,nm/s,Permeability coefficient of the compound at 100 uM after 4 hrs by PAMPA
16667819,1612861,2126805,CCN(CC)C(=O)c1ccc2cc1CN(C)C(=O)[C@H](Nc1ccc3c(N)nccc3c1)c1ccc(c(C)c1)[C@@H](C)COC(=O)N2,permeability,33,nm/s,Permeability coefficient of the compound at 100 uM after 4 hrs by PAMPA
16667820,1612861,2139894,Cc1cc2ccc1[C@@H](C)COC(=O)Nc1ccc(C(=O)N(C)C)c(c1)CN(C)C(=O)[C@@H]2Nc1ccc2c(N)nccc2c1,permeability,19,nm/s,Permeability coefficient of the compound at 100 uM after 4 hrs by PAMPA
16667821,1612861,2135788,Cc1cc2ccc1[C@@H](C)COC(=O)Nc1ccc(C(N)=O)c(c1)CN(C)C(=O)[C@@H]2Nc1ccc2c(N)nccc2c1,permeability,58,nm/s,Permeability coefficient of the compound at 100 uM after 4 hrs by PAMPA
16667823,1612861,2144680,Cc1cc2ccc1[C@@H](C)COC(=O)Nc1ccc(OC(F)(F)F)c(c1)CN(C)C(=O)[C@@H]2Nc1ccc2c(N)nccc2c1,permeability,230,nm/s,Permeability coefficient of the compound at 100 uM after 4 hrs by PAMPA
16667824,1612861,2116747,Cc1cc2ccc1[C@@H](C)COC(=O)Nc1cccc(c1)CN(C)C(=O)[C@@H]2Nc1ccc2c(N)nccc2c1,permeability,13,nm/s,Permeability coefficient of the compound at 100 uM after 4 hrs by PAMPA
16671498,1613703,2107742,Cc1cc2ccc1[C@@H](C)COC(=O)Nc1ccc(C3(C(=O)O)CC3)c(c1)CN(C)C(=O)[C@@H]2Nc1ccc2c(N)ncc(F)c2c1,permeability,117,nm/s,Permeability of the compound at pH 7.4 by PAMPA assay
16671510,1613703,2109537,Cc1cc2ccc1[C@@H](C)COC(=O)Nc1ccc(C3(C(=O)O)CCC3)c(c1)CN(C)C(=O)[C@@H]2Nc1ccc2c(N)ncc(F)c2c1,permeability,34,nm/s,Permeability of the compound at pH 7.4 by PAMPA assay
16671522,1613703,2194096,Cc1cc2ccc1[C@@H](C)COC(=O)Nc1ccc(C3(C(=O)O)CCCC3)c(c1)CN(C)C(=O)[C@@H]2Nc1ccc2c(N)ncc(F)c2c1,permeability,40,nm/s,Permeability of the compound at pH 7.4 by PAMPA assay
16671533,1613703,2165467,Cc1cc2ccc1[C@@H](C)COC(=O)Nc1ccc(C3(C(=O)O)CCCCC3)c(c1)CN(C)C(=O)[C@@H]2Nc1ccc2c(N)ncc(F)c2c1,permeability,80,nm/s,Permeability of the compound at pH 7.4 by PAMPA assay
16671544,1613703,2105301,Cc1cc2ccc1[C@@H](C)COC(=O)Nc1ccc(C3(C(=O)O)CCOCC3)c(c1)CN(C)C(=O)[C@@H]2Nc1ccc2c(N)ncc(F)c2c1,permeability,21,nm/s,Permeability of the compound at pH 7.4 by PAMPA assay
16671555,1613703,2176575,Cc1cc2ccc1[C@@H](C)COC(=O)Nc1ccc(C3(c4nnn[nH]4)CC3)c(c1)CN(C)C(=O)[C@@H]2Nc1ccc2c(N)ncc(F)c2c1,permeability,48,nm/s,Permeability of the compound at pH 7.4 by PAMPA assay
16744799,1616413,2189274,CCNC(=S)Nc1cc(-n2cnc(CN(C)C)c2)ncn1,Peff,3,10'-6 cm/s,Permeability of the compound in PBS/EtOH (7:3) buffer measured after 10 hrs by PAMPA assay
16744800,1616413,2128038,CCNC(=S)Nc1cc(-n2cnc(CN(CC)CC)c2)ncn1,Peff,1,10'-6 cm/s,Permeability of the compound in PBS/EtOH (7:3) buffer measured after 10 hrs by PAMPA assay
16744801,1616413,2099981,CCCN(CCC)Cc1cn(-c2cc(NC(=S)NCC)ncn2)cn1,Peff,7.5,10'-6 cm/s,Permeability of the compound in PBS/EtOH (7:3) buffer measured after 10 hrs by PAMPA assay
16744802,1616413,2112318,CCNC(=S)Nc1cc(-n2cnc(CN(C)Cc3ccccc3)c2)ncn1,Peff,8.8,10'-6 cm/s,Permeability of the compound in PBS/EtOH (7:3) buffer measured after 10 hrs by PAMPA assay
16744803,1616413,2170073,CCNC(=S)Nc1cc(-n2cnc(CN3CCCC3)c2)ncn1,Peff,1.15,10'-6 cm/s,Permeability of the compound in PBS/EtOH (7:3) buffer measured after 10 hrs by PAMPA assay
16744804,1616413,2144317,CCNC(=S)Nc1cc(-n2cnc(CN3CCCCC3)c2)ncn1,Peff,5,10'-6 cm/s,Permeability of the compound in PBS/EtOH (7:3) buffer measured after 10 hrs by PAMPA assay
16744805,1616413,2117232,CCNC(=S)Nc1cc(-n2cnc(CN3CCCCCC3)c2)ncn1,Peff,5.3,10'-6 cm/s,Permeability of the compound in PBS/EtOH (7:3) buffer measured after 10 hrs by PAMPA assay
16744806,1616413,2131689,CCNC(=S)Nc1cc(-n2cnc(CN3CCOCC3)c2)ncn1,Peff,0.35,10'-6 cm/s,Permeability of the compound in PBS/EtOH (7:3) buffer measured after 10 hrs by PAMPA assay
16744807,1616413,2159429,CCNC(=S)Nc1cc(-n2cnc(CN3CCN(C)CC3)c2)ncn1,Peff,1.95,10'-6 cm/s,Permeability of the compound in PBS/EtOH (7:3) buffer measured after 10 hrs by PAMPA assay
16744808,1616413,6243,CNCCCN1c2ccccc2CCc2ccccc21,Peff,16.6,10'-6 cm/s,Permeability of the compound in PBS/EtOH (7:3) buffer measured after 10 hrs by PAMPA assay
16746737,1617079,2119491,CC1=C[C@@H]2Cc3nc4cc(Cl)ccc4c(NCCCCCCCCCNC(=N)N)c3[C@H](C1)C2,Peff,5.4,10'-6 cm/s,Permeability of the compound by PAMPA assay
16746720,1617079,2180312,CC1=C[C@@H]2Cc3nc4cc(Cl)ccc4c(NCCCCCC#N)c3[C@H](C1)C2,Peff,12.4,10'-6 cm/s,Permeability of the compound by PAMPA assay
16746724,1617079,2120124,CC1=C[C@@H]2Cc3nc4cc(Cl)ccc4c(NCCCCCCCCCC#N)c3[C@H](C1)C2,Peff,11.3,10'-6 cm/s,Permeability of the compound by PAMPA assay
16746725,1617079,2162422,CC1=C[C@@H]2Cc3nc4cc(Cl)ccc4c(NCCCCCCCCCCC#N)c3[C@H](C1)C2,Peff,16.2,10'-6 cm/s,Permeability of the compound by PAMPA assay
16746726,1617079,2191165,CC1=C[C@@H]2Cc3nc4cc(Cl)ccc4c(NCc4ccc(C#N)cc4)c3[C@H](C1)C2,Peff,19.3,10'-6 cm/s,Permeability of the compound by PAMPA assay
16746729,1617079,2149103,CC1=C[C@@H]2Cc3nc4cc(Cl)ccc4c(NCCCCCCCN)c3[C@H](C1)C2,Peff,7.6,10'-6 cm/s,Permeability of the compound by PAMPA assay
16746730,1617079,2147008,CC1=C[C@@H]2Cc3nc4cc(Cl)ccc4c(NCCCCCCCCN)c3[C@H](C1)C2,Peff,9.8,10'-6 cm/s,Permeability of the compound by PAMPA assay
16746731,1617079,2110442,CC1=C[C@@H]2Cc3nc4cc(Cl)ccc4c(NCCCCCCCCCN)c3[C@H](C1)C2,Peff,7.1,10'-6 cm/s,Permeability of the compound by PAMPA assay
16746732,1617079,2181567,CC1=C[C@@H]2Cc3nc4cc(Cl)ccc4c(NCCCCCCCCCCN)c3[C@H](C1)C2,Peff,7,10'-6 cm/s,Permeability of the compound by PAMPA assay
16746733,1617079,2114525,CC1=C[C@@H]2Cc3nc4cc(Cl)ccc4c(NCCCCCCCCCCCN)c3[C@H](C1)C2,Peff,4,10'-6 cm/s,Permeability of the compound by PAMPA assay
16746734,1617079,2153803,CC1=C[C@@H]2Cc3nc4cc(Cl)ccc4c(NCc4ccc(CN)cc4)c3[C@H](C1)C2,Peff,11.7,10'-6 cm/s,Permeability of the compound by PAMPA assay
16746736,1617079,2100354,CC1=C[C@@H]2Cc3nc4cc(Cl)ccc4c(NCCCCCCNC(=N)N)c3[C@H](C1)C2,Peff,2.9,10'-6 cm/s,Permeability of the compound by PAMPA assay
16746738,1617079,2117542,CC1=C[C@@H]2Cc3nc4cc(Cl)ccc4c(NCCCN4CCCCC4)c3[C@H](C1)C2,Peff,5.9,10'-6 cm/s,Permeability of the compound by PAMPA assay
16746739,1617079,2195309,CC1=C[C@@H]2Cc3nc4cc(Cl)ccc4c(NCCCN4CCOCC4)c3[C@H](C1)C2,Peff,15,10'-6 cm/s,Permeability of the compound by PAMPA assay
16746740,1617079,2118392,N#CCCCCCCNc1c2c(nc3ccccc13)CCCC2,Peff,11.2,10'-6 cm/s,Permeability of the compound by PAMPA assay
16746741,1617079,2191292,N#CCCCCCCCCNc1c2c(nc3ccccc13)CCCC2,Peff,7.6,10'-6 cm/s,Permeability of the compound by PAMPA assay
16746742,1617079,2121345,N#CCCCCCCNc1c2c(nc3cc(Cl)ccc13)CCCC2,Peff,16.7,10'-6 cm/s,Permeability of the compound by PAMPA assay
16746743,1617079,2183288,N#CCCCCCCCNc1c2c(nc3cc(Cl)ccc13)CCCC2,Peff,14.7,10'-6 cm/s,Permeability of the compound by PAMPA assay
16746744,1617079,2112324,N#CCCCCCCCCNc1c2c(nc3cc(Cl)ccc13)CCCC2,Peff,5.4,10'-6 cm/s,Permeability of the compound by PAMPA assay
16746745,1617079,631036,NCCCCCCCNc1c2c(nc3ccccc13)CCCC2,Peff,7.4,10'-6 cm/s,Permeability of the compound by PAMPA assay
16746746,1617079,631037,NCCCCCCCCCNc1c2c(nc3ccccc13)CCCC2,Peff,6.9,10'-6 cm/s,Permeability of the compound by PAMPA assay
16746747,1617079,1566683,NCCCCCCCCCNc1c2c(nc3cc(Cl)ccc13)CCCC2,Peff,5.8,10'-6 cm/s,Permeability of the compound by PAMPA assay
16746748,1617079,2186947,N=C(N)NCCCCCCCNc1c2c(nc3ccccc13)CCCC2,Peff,5.9,10'-6 cm/s,Permeability of the compound by PAMPA assay
16746749,1617079,2154876,N=C(N)NCCCCCCCCCNc1c2c(nc3ccccc13)CCCC2,Peff,6.5,10'-6 cm/s,Permeability of the compound by PAMPA assay
16746750,1617079,2115751,N=C(N)NCCCCCCCCCNc1c2c(nc3cc(Cl)ccc13)CCCC2,Peff,6.7,10'-6 cm/s,Permeability of the compound by PAMPA assay
16746751,1617079,1620,CN/C(=N\CCSCc1nc[nH]c1C)NC#N,Peff,0.7,10'-6 cm/s,Permeability of the compound by PAMPA assay
16746752,1617079,16278,CCn1cc(C(=O)O)c(=O)c2cc(F)c(N3CCNC(C)C3)c(F)c21,Peff,0.7,10'-6 cm/s,Permeability of the compound by PAMPA assay
16746753,1617079,246,CCn1cc(C(=O)O)c(=O)c2cc(F)c(N3CCNCC3)cc21,Peff,0.9,10'-6 cm/s,Permeability of the compound by PAMPA assay
16746754,1617079,146,CC1COc2c(N3CCN(C)CC3)c(F)cc3c(=O)c(C(=O)O)cn1c23,Peff,1,10'-6 cm/s,Permeability of the compound by PAMPA assay
16746755,1617079,374052,C[C@]12CCC(=O)C=C1CC[C@@H]1[C@@H]2[C@@H](O)C[C@@]2(C)[C@H]1CC[C@]2(O)C(=O)CO,Peff,1.4,10'-6 cm/s,Permeability of the compound by PAMPA assay
16746756,1617079,11968,CN1C(C(=O)Nc2ccccn2)=C(O)c2ccccc2S1(=O)=O,Peff,2.2,10'-6 cm/s,Permeability of the compound by PAMPA assay
16746757,1617079,27609,Clc1cccc(Cl)c1NC1=NCCN1,Peff,6.5,10'-6 cm/s,Permeability of the compound by PAMPA assay
16746758,1617079,182165,C[C@]12C[C@H](O)[C@H]3[C@@H](CCC4=CC(=O)CC[C@@]43C)[C@@H]1CC[C@@H]2C(=O)CO,Peff,6.7,10'-6 cm/s,Permeability of the compound by PAMPA assay
16746759,1617079,605,CN(C)CCCN1c2ccccc2CCc2ccccc21,Peff,12.3,10'-6 cm/s,Permeability of the compound by PAMPA assay
16746760,1617079,16391,CN(C)CCCN1c2ccccc2Sc2ccccc21,Peff,13.8,10'-6 cm/s,Permeability of the compound by PAMPA assay
16746761,1617079,12825,CC(=O)[C@H]1CC[C@H]2[C@@H]3CCC4=CC(=O)CC[C@]4(C)[C@H]3CC[C@]12C,Peff,16.8,10'-6 cm/s,Permeability of the compound by PAMPA assay
16746762,1617079,6243,CNCCCN1c2ccccc2CCc2ccccc21,Peff,17.8,10'-6 cm/s,Permeability of the compound by PAMPA assay
16746763,1617079,364520,C[C@]12CC[C@H]3[C@@H](CCC4=CC(=O)CC[C@@]43C)[C@@H]1CC[C@@H]2O,Peff,26.5,10'-6 cm/s,Permeability of the compound by PAMPA assay
16746764,1617079,1219,COc1ccc(CCN(C)CCCC(C#N)(c2ccc(OC)c(OC)c2)C(C)C)cc1OC,Peff,28.4,10'-6 cm/s,Permeability of the compound by PAMPA assay
16746797,1617082,1620,CN/C(=N\CCSCc1nc[nH]c1C)NC#N,Peff,0,10'-6 cm/s,Permeability of the compound at 25 ug/ml at 7.4 pH after 18 hrs by PAMPA
16746798,1617082,16278,CCn1cc(C(=O)O)c(=O)c2cc(F)c(N3CCNC(C)C3)c(F)c21,Peff,1.1,10'-6 cm/s,Permeability of the compound at 25 ug/ml at 7.4 pH after 18 hrs by PAMPA
16746799,1617082,246,CCn1cc(C(=O)O)c(=O)c2cc(F)c(N3CCNCC3)cc21,Peff,0.1,10'-6 cm/s,Permeability of the compound at 25 ug/ml at 7.4 pH after 18 hrs by PAMPA
16746800,1617082,146,CC1COc2c(N3CCN(C)CC3)c(F)cc3c(=O)c(C(=O)O)cn1c23,Peff,0.8,10'-6 cm/s,Permeability of the compound at 25 ug/ml at 7.4 pH after 18 hrs by PAMPA
16746801,1617082,374052,C[C@]12CCC(=O)C=C1CC[C@@H]1[C@@H]2[C@@H](O)C[C@@]2(C)[C@H]1CC[C@]2(O)C(=O)CO,Peff,1.9,10'-6 cm/s,Permeability of the compound at 25 ug/ml at 7.4 pH after 18 hrs by PAMPA
16746802,1617082,11968,CN1C(C(=O)Nc2ccccn2)=C(O)c2ccccc2S1(=O)=O,Peff,2.5,10'-6 cm/s,Permeability of the compound at 25 ug/ml at 7.4 pH after 18 hrs by PAMPA
16746803,1617082,27609,Clc1cccc(Cl)c1NC1=NCCN1,Peff,5.3,10'-6 cm/s,Permeability of the compound at 25 ug/ml at 7.4 pH after 18 hrs by PAMPA
16746804,1617082,182165,C[C@]12C[C@H](O)[C@H]3[C@@H](CCC4=CC(=O)CC[C@@]43C)[C@@H]1CC[C@@H]2C(=O)CO,Peff,5.1,10'-6 cm/s,Permeability of the compound at 25 ug/ml at 7.4 pH after 18 hrs by PAMPA
16746805,1617082,605,CN(C)CCCN1c2ccccc2CCc2ccccc21,Peff,13,10'-6 cm/s,Permeability of the compound at 25 ug/ml at 7.4 pH after 18 hrs by PAMPA
16746806,1617082,16391,CN(C)CCCN1c2ccccc2Sc2ccccc21,Peff,8.8,10'-6 cm/s,Permeability of the compound at 25 ug/ml at 7.4 pH after 18 hrs by PAMPA
16746807,1617082,12825,CC(=O)[C@H]1CC[C@H]2[C@@H]3CCC4=CC(=O)CC[C@]4(C)[C@H]3CC[C@]12C,Peff,9.3,10'-6 cm/s,Permeability of the compound at 25 ug/ml at 7.4 pH after 18 hrs by PAMPA
16746808,1617082,6243,CNCCCN1c2ccccc2CCc2ccccc21,Peff,12,10'-6 cm/s,Permeability of the compound at 25 ug/ml at 7.4 pH after 18 hrs by PAMPA
16746809,1617082,364520,C[C@]12CC[C@H]3[C@@H](CCC4=CC(=O)CC[C@@]43C)[C@@H]1CC[C@@H]2O,Peff,17,10'-6 cm/s,Permeability of the compound at 25 ug/ml at 7.4 pH after 18 hrs by PAMPA
16746810,1617082,1219,COc1ccc(CCN(C)CCCC(C#N)(c2ccc(OC)c(OC)c2)C(C)C)cc1OC,Peff,16,10'-6 cm/s,Permeability of the compound at 25 ug/ml at 7.4 pH after 18 hrs by PAMPA
16749747,1617722,2151396,COC(=O)c1ccc(N2CCN(C)CC2)c(NC(=O)c2ccc(F)c(C)c2Cl)c1,permeability,59.8,ucm/s,Permeability of the compound after 4 hrs by PAMPA
16749734,1617722,1370,CC(C)NCC(O)COc1cccc2ccccc12,permeability,98.7,ucm/s,Permeability of the compound after 4 hrs by PAMPA
16749735,1617722,16591,CC(C(=O)O)c1cccc(C(=O)c2ccccc2)c1,permeability,2.2,ucm/s,Permeability of the compound after 4 hrs by PAMPA
16749737,1617722,2171830,Cc1c(F)c(N)cc(C(=O)Nc2cc(C(=O)OC3CCCCC3)ccc2N2CCN(C)CC2)c1Cl,permeability,5.6,ucm/s,Permeability of the compound after 4 hrs by PAMPA
16749738,1617722,2166849,Cc1c(F)c(N)cc(C(=O)Nc2cc(C(=O)Oc3ccccc3)ccc2N2CCN(C)CC2)c1Cl,permeability,38,ucm/s,Permeability of the compound after 4 hrs by PAMPA
16749739,1617722,2192342,Cc1c(F)c([N+](=O)[O-])cc(C(=O)Nc2cc(C(=O)Oc3ccccc3)ccc2N2CCN(C)CC2)c1Cl,permeability,56.3,ucm/s,Permeability of the compound after 4 hrs by PAMPA
16749740,1617722,2122475,Cc1c(F)ccc(C(=O)Nc2cc(C(=O)Oc3ccccc3)ccc2N2CCN(C)CC2)c1Cl,permeability,48,ucm/s,Permeability of the compound after 4 hrs by PAMPA
16749741,1617722,2113469,CN1CCN(c2ccc(C(=O)Oc3ccccc3)cc2NC(=O)c2ccc(F)c([N+](=O)[O-])c2)CC1,permeability,60,ucm/s,Permeability of the compound after 4 hrs by PAMPA
16749742,1617722,2112422,Cc1c(F)ccc(C(=O)Nc2cc(C(=O)OC(C)C)ccc2N2CCN(C)CC2)c1Cl,permeability,49.8,ucm/s,Permeability of the compound after 4 hrs by PAMPA
16749743,1617722,2103468,CC(C)OC(=O)c1ccc(N2CCN(C)CC2)c(NC(=O)c2ccc(F)c([N+](=O)[O-])c2)c1,permeability,61.4,ucm/s,Permeability of the compound after 4 hrs by PAMPA
16749744,1617722,2131475,CCOC(=O)c1ccc(N2CCN(C)CC2)c(NC(=O)c2ccc(F)c(C)c2Cl)c1,permeability,44.9,ucm/s,Permeability of the compound after 4 hrs by PAMPA
16749745,1617722,2116660,COC(=O)c1ccc(N2CCN(C)CC2)c(NC(=O)c2cc(N)c(F)c(C)c2Cl)c1,permeability,52.9,ucm/s,Permeability of the compound after 4 hrs by PAMPA
16749746,1617722,2180975,COC(=O)c1ccc(N2CCN(C)CC2)c(NC(=O)c2cc([N+](=O)[O-])c(F)c(C)c2Cl)c1,permeability,74.8,ucm/s,Permeability of the compound after 4 hrs by PAMPA
16749748,1617722,2160115,COC(=O)c1ccc(N2CCN(C)CC2)c(NC(=O)c2ccc(F)c([N+](=O)[O-])c2)c1,permeability,52.4,ucm/s,Permeability of the compound after 4 hrs by PAMPA
16755699,1618832,2185917,CCOc1ccc(CC2CCC(CC(=O)NO)CC2)cc1-c1nc2c(CC)nn(C)c2c(=O)[nH]1,Peff,31.2,nm/s,Passive membrane permeability of the compound at 50 uM after 18 hrs by PAMPA
16755700,1618832,2179642,CCOc1ccc(C[C@H]2CC[C@H](C(=O)NO)CC2)cc1-c1nc2c(CC)nn(C)c2c(=O)[nH]1,Peff,35.1,nm/s,Passive membrane permeability of the compound at 50 uM after 18 hrs by PAMPA
16755690,1618832,2180355,CCCc1nn(C)c2c(=O)[nH]c(-c3cc(S(=O)(=O)N4CCN(c5ncc(C(=O)NO)cn5)CC4)ccc3OCC)nc12,Peff,7.2,nm/s,Passive membrane permeability of the compound at 50 uM after 18 hrs by PAMPA
16755691,1618832,2195858,CCCc1nn(C)c2c(=O)[nH]c(-c3cc(S(=O)(=O)NC4CCN(c5ncc(C(=O)NO)cn5)CC4)ccc3OCC)nc12,Peff,1,nm/s,Passive membrane permeability of the compound at 50 uM after 18 hrs by PAMPA
16755692,1618832,2135108,CCCc1nn(C)c2c(=O)[nH]c(-c3cc(S(=O)(=O)Nc4ccc(/C=C/C(=O)NO)cc4)ccc3OCC)nc12,Peff,2.3,nm/s,Passive membrane permeability of the compound at 50 uM after 18 hrs by PAMPA
16755693,1618832,2117101,CCCc1nn(C)c2c(=O)[nH]c(-c3cc(NC4CCN(c5ncc(C(=O)NO)cn5)CC4)ccc3OCC)nc12,Peff,13.4,nm/s,Passive membrane permeability of the compound at 50 uM after 18 hrs by PAMPA
16755694,1618832,2159511,CCCc1nn(C)c2c(=O)[nH]c(-c3cc(N4CCC(CC(=O)NO)CC4)ccc3OCC)nc12,Peff,4.9,nm/s,Passive membrane permeability of the compound at 50 uM after 18 hrs by PAMPA
16755695,1618832,2184325,CCOc1ccc(Oc2ccc(C(=O)NO)cc2)cc1-c1nc2c(CC)nn(C)c2c(=O)[nH]1,Peff,36.8,nm/s,Passive membrane permeability of the compound at 50 uM after 18 hrs by PAMPA
16755696,1618832,2146022,CCOc1ccc(OC2CCN(c3ncc(C(=O)NO)cn3)CC2)cc1-c1nc2c(CC)nn(C)c2c(=O)[nH]1,Peff,30.5,nm/s,Passive membrane permeability of the compound at 50 uM after 18 hrs by PAMPA
16755697,1618832,2133211,CCOc1ccc(CN2CCN(c3ncc(C(=O)NO)cn3)CC2)cc1-c1nc2c(CC)nn(C)c2c(=O)[nH]1,Peff,8.9,nm/s,Passive membrane permeability of the compound at 50 uM after 18 hrs by PAMPA
16755698,1618832,2105209,CCOc1ccc(CC2CCN(c3ncc(C(=O)NO)cn3)CC2)cc1-c1nc2c(CC)nn(C)c2c(=O)[nH]1,Peff,4.1,nm/s,Passive membrane permeability of the compound at 50 uM after 18 hrs by PAMPA
16755702,1618832,2109964,CCOc1ccc(CC2CC(C(=O)NO)C2)cc1-c1nc2c(CC)nn(C)c2c(=O)[nH]1,Peff,15.7,nm/s,Passive membrane permeability of the compound at 50 uM after 18 hrs by PAMPA
16755703,1618832,2111359,CCOc1ccc(C2CC(C(=O)NO)C2)cc1-c1nc2c(CC)nn(C)c2c(=O)[nH]1,Peff,13.7,nm/s,Passive membrane permeability of the compound at 50 uM after 18 hrs by PAMPA
16755704,1618832,2194010,CCOc1ccc(-c2ccc(C(=O)NO)cn2)cc1-c1nc2c(CC)nn(C)c2c(=O)[nH]1,Peff,9.2,nm/s,Passive membrane permeability of the compound at 50 uM after 18 hrs by PAMPA
16755705,1618832,2165402,CCOc1ccc(-c2ccc(C(=O)NO)nc2)cc1-c1nc2c(CC)nn(C)c2c(=O)[nH]1,Peff,15.2,nm/s,Passive membrane permeability of the compound at 50 uM after 18 hrs by PAMPA
16755706,1618832,410802,CCCc1nn(C)c2c(=O)[nH]c(-c3cc(S(=O)(=O)N4CCN(C)CC4)ccc3OCC)nc12,Peff,27.5,nm/s,Passive membrane permeability of the compound at 50 uM after 18 hrs by PAMPA
16755707,1618832,44920,CN1CC(=O)N2[C@H](c3ccc4c(c3)OCO4)c3[nH]c4ccccc4c3C[C@@H]2C1=O,Peff,26.8,nm/s,Passive membrane permeability of the compound at 50 uM after 18 hrs by PAMPA
16755708,1618832,11305,O=C(CCCCCCC(=O)Nc1ccccc1)NO,Peff,2.3,nm/s,Passive membrane permeability of the compound at 50 uM after 18 hrs by PAMPA
16757097,1619123,2162233,CC1=C(O)C(=O)C=C2C1=CC=C1[C@@]2(C)CC[C@@]2(C)[C@@H]3C[C@](C)(C(=O)NCCN(C)C)CC[C@]3(C)CC[C@]12C,permeability,45.03,10'-6 cm/s,Permeability of the compound at pH 7.4 by PAMPA-based pION assay
16757098,1619123,2134536,CCN(CC)CCNC(=O)[C@]1(C)CC[C@]2(C)CC[C@]3(C)C4=CC=C5C(=CC(=O)C(O)=C5C)[C@]4(C)CC[C@@]3(C)[C@@H]2C1,permeability,53.12,10'-6 cm/s,Permeability of the compound at pH 7.4 by PAMPA-based pION assay
16757099,1619123,2153482,CC1=C(O)C(=O)C=C2C1=CC=C1[C@@]2(C)CC[C@@]2(C)[C@@H]3C[C@](C)(C(=O)NCCN(C(C)C)C(C)C)CC[C@]3(C)CC[C@]12C,permeability,35.18,10'-6 cm/s,Permeability of the compound at pH 7.4 by PAMPA-based pION assay
16757100,1619123,2125523,CC1=C(O)C(=O)C=C2C1=CC=C1[C@@]2(C)CC[C@@]2(C)[C@@H]3C[C@](C)(C(=O)NCCN4CCCC4)CC[C@]3(C)CC[C@]12C,permeability,23,10'-6 cm/s,Permeability of the compound at pH 7.4 by PAMPA-based pION assay
16757101,1619123,2183623,CC1=C(O)C(=O)C=C2C1=CC=C1[C@@]2(C)CC[C@@]2(C)[C@@H]3C[C@](C)(C(=O)NCCN4CCCCC4)CC[C@]3(C)CC[C@]12C,permeability,18.1,10'-6 cm/s,Permeability of the compound at pH 7.4 by PAMPA-based pION assay
16757102,1619123,2112679,CC1=C(O)C(=O)C=C2C1=CC=C1[C@@]2(C)CC[C@@]2(C)[C@@H]3C[C@](C)(C(=O)NCCN4CCOCC4)CC[C@]3(C)CC[C@]12C,permeability,11.45,10'-6 cm/s,Permeability of the compound at pH 7.4 by PAMPA-based pION assay
16757103,1619123,2175148,CC1=C(O)C(=O)C=C2C1=CC=C1[C@@]2(C)CC[C@@]2(C)[C@@H]3C[C@](C)(C(=O)NCCN4CCN(C)CC4)CC[C@]3(C)CC[C@]12C,permeability,29.04,10'-6 cm/s,Permeability of the compound at pH 7.4 by PAMPA-based pION assay
16757104,1619123,2103710,CC1=C(O)C(=O)C=C2C1=CC=C1[C@@]2(C)CC[C@@]2(C)[C@@H]3C[C@](C)(C(=O)NCCCn4ccnc4)CC[C@]3(C)CC[C@]12C,permeability,0.6,10'-6 cm/s,Permeability of the compound at pH 7.4 by PAMPA-based pION assay
16757105,1619123,86102,CC1=C(O)C(=O)C=C2C1=CC=C1[C@@]2(C)CC[C@@]2(C)[C@@H]3C[C@](C)(C(=O)O)CC[C@]3(C)CC[C@]12C,permeability,13.29,10'-6 cm/s,Permeability of the compound at pH 7.4 by PAMPA-based pION assay
16757304,1619191,1118031,Cc1nc2ccc(Cl)cc2c(-c2ccccc2)c1C(=O)O,permeability,0.23,10'-6 cm/s,Permeability of the compound by PAMPA
16757315,1619191,2156829,CC(C)c1nc2ccc(Cl)cc2c(-c2ccccc2)c1C(=O)O,permeability,1.96,10'-6 cm/s,Permeability of the compound by PAMPA
16757326,1619191,2150959,O=C(O)c1c(N2CCCCC2)nc2ccc(Cl)cc2c1-c1ccccc1,permeability,6.99,10'-6 cm/s,Permeability of the compound by PAMPA
16757337,1619191,2180553,O=C(O)c1c(N2CCCCC2)nc2c(Cl)cc(Cl)cc2c1-c1ccccc1,permeability,2.98,10'-6 cm/s,Permeability of the compound by PAMPA
16757348,1619191,2159687,Cc1cc(Cl)cc2c(-c3ccccc3)c(C(=O)O)c(N3CCCCC3)nc12,permeability,1.78,10'-6 cm/s,Permeability of the compound by PAMPA
16757359,1619191,2188718,CC(C)c1cccc(-c2c(C(=O)O)c(N(C)C)nc3ccc(Cl)cc23)c1,permeability,6.47,10'-6 cm/s,Permeability of the compound by PAMPA
16757370,1619191,2168389,Clc1ccc2nc(N3CCCCC3)c(-c3nnn[nH]3)c(-c3ccccc3)c2c1,permeability,3.4,10'-6 cm/s,Permeability of the compound by PAMPA
16757388,1619191,2099353,O=c1[nH]nc(-c2c(N3CCCCC3)nc3ccc(Cl)cc3c2-c2ccccc2)o1,permeability,0.06,10'-6 cm/s,Permeability of the compound by PAMPA
16757399,1619191,2179476,S=c1[nH]nc(-c2c(N3CCCCC3)nc3ccc(Cl)cc3c2-c2ccccc2)o1,permeability,1.44,10'-6 cm/s,Permeability of the compound by PAMPA
16759750,1619630,2106533,CN1CCC(C)(C2CC(=O)N(CCOc3ccc(F)c(C#N)c3)C2)CC1,permeability,210,nm/s,Permeability at pH 7.4 by PAMPA method
16759751,1619630,2131686,CC1([C@@H]2CC(=O)N(CCOc3ccc(F)c(C#N)c3)C2)CCS(=O)(=O)CC1,permeability,36,nm/s,Permeability at pH 7.4 by PAMPA method
16759752,1619630,2167259,CC1([C@@H]2CC(=O)N(CCOc3ccc(F)c(F)c3)C2)CCS(=O)(=O)CC1,permeability,170,nm/s,Permeability at pH 7.4 by PAMPA method
16759753,1619630,2108898,CC1(C2CC(=O)N(CCOc3ccc(F)c(C#N)c3)C2)CCNCC1.Cl,permeability,3,nm/s,Permeability at pH 7.4 by PAMPA method
16780850,1623066,2113652,COC(=O)Nc1ccc(S(=O)(=O)C(C)C)c([C@H]2CCCN2C(=O)[C@H](Nc2ccc3c(c2)C(=O)NC3C)c2ccc(OC)c(OC)c2)c1,permeability,130,nm/s,Permeability of the compound at pH 7.4 by PAMPA
16780828,1623066,2156458,COC(=O)Nc1ccc(S(=O)(=O)C(C)C)c([C@@H]2CCCN2C(=O)[C@H](Nc2cccc(C(N)=O)c2)c2ccc(OC)c(OC)c2)c1,permeability,24,nm/s,Permeability of the compound at pH 7.4 by PAMPA
16780829,1623066,2128667,COC(=O)Nc1ccc(S(=O)(=O)C(C)C)c([C@@H]2CCCN2C(=O)[C@H](Nc2ccc3c(N)nccc3c2)c2ccc(OC)c(OC)c2)c1,permeability,2,nm/s,Permeability of the compound at pH 7.4 by PAMPA
16780830,1623066,2149941,COC(=O)Nc1ccc(S(=O)(=O)C(C)C)c([C@H]2CCCN2C(=O)[C@H](Nc2ccc3c(c2)C(=O)NCC3)c2ccc(OC)c(OC)c2)c1,permeability,160,nm/s,Permeability of the compound at pH 7.4 by PAMPA
16780831,1623066,2130919,CNC(=O)c1cccc(N[C@@H](C(=O)N2CCC[C@@H]2c2cc(NC(=O)OC)ccc2S(=O)(=O)C(C)C)c2ccc(OC)c(OC)c2)c1,permeability,100,nm/s,Permeability of the compound at pH 7.4 by PAMPA
16780832,1623066,2158714,COC(=O)Nc1ccc(S(=O)(=O)C(C)C)c([C@H]2CCCN2C(=O)[C@H](Nc2ccc3cc[nH]c(=O)c3c2)c2ccc(OC)c(OC)c2)c1,permeability,87,nm/s,Permeability of the compound at pH 7.4 by PAMPA
16780833,1623066,2139869,COC(=O)Nc1ccc(S(=O)(=O)C(C)C)c([C@H]2CCCN2C(=O)[C@H](Nc2ccc3nc[nH]c(=O)c3c2)c2ccc(OC)c(OC)c2)c1,permeability,6,nm/s,Permeability of the compound at pH 7.4 by PAMPA
16780834,1623066,2167372,COC(=O)Nc1ccc(S(=O)(=O)C(C)C)c([C@H]2CCCN2C(=O)[C@H](Nc2ccc3cn[nH]c(=O)c3c2)c2ccc(OC)c(OC)c2)c1,permeability,76,nm/s,Permeability of the compound at pH 7.4 by PAMPA
16780835,1623066,2148853,COC(=O)Nc1ccc(S(=O)(=O)C(C)C)c([C@H]2CCCN2C(=O)[C@H](Nc2ccc3c(=O)[nH][nH]c(=O)c3c2)c2ccc(OC)c(OC)c2)c1,permeability,0,nm/s,Permeability of the compound at pH 7.4 by PAMPA
16780836,1623066,2178421,COC(=O)Nc1ccc(S(=O)(=O)C(C)C)c([C@H]2CCCN2C(=O)[C@H](Nc2ccc3c(c2)C(=O)NC3)c2ccc(OC)c(OC)c2)c1,permeability,18,nm/s,Permeability of the compound at pH 7.4 by PAMPA
16780837,1623066,2157630,COC(=O)Nc1ccc(S(=O)(=O)C(C)C)c([C@H]2CCCN2C(=O)[C@H](Nc2ccc3[nH][nH]c(=O)c3c2)c2ccc(OC)c(OC)c2)c1,permeability,0,nm/s,Permeability of the compound at pH 7.4 by PAMPA
16780838,1623066,2186868,COC(=O)Nc1ccc(S(=O)(=O)C(C)C)c([C@H]2CCCN2C(=O)[C@H](Nc2ccc3c(F)c[nH]c(=O)c3c2)c2ccc(OC)c(OC)c2)c1,permeability,100,nm/s,Permeability of the compound at pH 7.4 by PAMPA
16780839,1623066,2155527,COC(=O)Nc1ccc(S(=O)(=O)C(C)C)c([C@H]2CCCN2C(=O)[C@H](Nc2ccc3c(Cl)c[nH]c(=O)c3c2)c2ccc(OC)c(OC)c2)c1,permeability,440,nm/s,Permeability of the compound at pH 7.4 by PAMPA
16780840,1623066,2145309,COC(=O)Nc1ccc(S(=O)(=O)C(C)C)c([C@H]2CCCN2C(=O)[C@H](Nc2ccc3c(Br)c[nH]c(=O)c3c2)c2ccc(OC)c(OC)c2)c1,permeability,690,nm/s,Permeability of the compound at pH 7.4 by PAMPA
16780841,1623066,2111906,COC(=O)Nc1ccc(S(=O)(=O)C(C)C)c([C@H]2CCCN2C(=O)[C@H](Nc2ccc3c(C)c[nH]c(=O)c3c2)c2ccc(OC)c(OC)c2)c1,permeability,170,nm/s,Permeability of the compound at pH 7.4 by PAMPA
16780842,1623066,2154257,CCc1c[nH]c(=O)c2cc(N[C@@H](C(=O)N3CCC[C@@H]3c3cc(NC(=O)OC)ccc3S(=O)(=O)C(C)C)c3ccc(OC)c(OC)c3)ccc12,permeability,440,nm/s,Permeability of the compound at pH 7.4 by PAMPA
16780843,1623066,2191690,COC(=O)Nc1ccc(S(=O)(=O)C(C)C)c([C@H]2CCCN2C(=O)[C@H](Nc2ccc3c(C4CC4)c[nH]c(=O)c3c2)c2ccc(OC)c(OC)c2)c1,permeability,900,nm/s,Permeability of the compound at pH 7.4 by PAMPA
16780844,1623066,2162980,COC(=O)Nc1ccc(S(=O)(=O)C(C)C)c([C@H]2CCCN2C(=O)[C@H](Nc2ccc3c(c2)C(=O)NC[C@H]3C)c2ccc(OC)c(OC)c2)c1,permeability,380,nm/s,Permeability of the compound at pH 7.4 by PAMPA
16780845,1623066,2147748,COC(=O)Nc1ccc(S(=O)(=O)C(C)C)c([C@H]2CCCN2C(=O)[C@H](Nc2ccc3c(c2)C(=O)NC[C@@H]3C)c2ccc(OC)c(OC)c2)c1,permeability,330,nm/s,Permeability of the compound at pH 7.4 by PAMPA
16780846,1623066,2171738,COC(=O)Nc1ccc(S(=O)(=O)C(C)C)c([C@H]2CCCN2C(=O)[C@H](Nc2cc3c(cc2F)CNC3=O)c2ccc(OC)c(OC)c2)c1,permeability,160,nm/s,Permeability of the compound at pH 7.4 by PAMPA
16780847,1623066,2137422,COC(=O)Nc1ccc(S(=O)(=O)C(C)C)c([C@H]2CCCN2C(=O)[C@H](Nc2ccc3c(c2F)C(=O)NC3)c2ccc(OC)c(OC)c2)c1,permeability,160,nm/s,Permeability of the compound at pH 7.4 by PAMPA
16780848,1623066,2109438,COC(=O)Nc1ccc(S(=O)(=O)C(C)C)c([C@H]2CCCN2C(=O)[C@H](Nc2cc(F)c3c(c2)C(=O)NC3)c2ccc(OC)c(OC)c2)c1,permeability,160,nm/s,Permeability of the compound at pH 7.4 by PAMPA
16780849,1623066,2144182,COC(=O)Nc1ccc(S(=O)(=O)C(C)C)c([C@H]2CCCN2C(=O)[C@H](Nc2cc(C)c3c(c2)C(=O)NC3)c2ccc(OC)c(OC)c2)c1,permeability,140,nm/s,Permeability of the compound at pH 7.4 by PAMPA
16780851,1623066,2113652,COC(=O)Nc1ccc(S(=O)(=O)C(C)C)c([C@H]2CCCN2C(=O)[C@H](Nc2ccc3c(c2)C(=O)NC3C)c2ccc(OC)c(OC)c2)c1,permeability,120,nm/s,Permeability of the compound at pH 7.4 by PAMPA
16780852,1623066,2141655,COC(=O)Nc1ccc(S(=O)(=O)C(C)C)c([C@H]2CCCN2C(=O)[C@H](Nc2ccc3c(c2)C(=O)NC3=O)c2ccc(OC)c(OC)c2)c1,permeability,240,nm/s,Permeability of the compound at pH 7.4 by PAMPA
16799633,1625940,2187751,O=C(NCc1cccc(-c2ccc(CS(=O)(=O)Cc3n[nH]c(=O)[nH]3)cc2)c1)c1nc2ccccc2c(=O)[nH]1,permeability,7,nm/s,Permeability of the compound at pH 7.4 by PAMPA assay
16799675,1625940,2135442,CCOCCC1(Oc2ccc(-c3cccc(CNC(=O)c4nc5ccccc5c(=O)[nH]4)c3)cc2)C(=O)NC(=O)NC1=O,permeability,95,nm/s,Permeability of the compound at pH 7.4 by PAMPA assay
16799724,1625940,2116378,CC(=O)N(O)C(CS(=O)(=O)c1ccc(-c2cccc(CNC(=O)c3nc4ccccc4c(=O)[nH]3)c2)cc1)C(C)C,permeability,452,nm/s,Permeability of the compound at pH 7.4 by PAMPA assay
16809864,1627943,285281,COc1cc2c(cc1OC)C(=O)C(CC1CCN(Cc3cccc(C)c3)CC1)C2,Peff,12.6,10'-6 cm/s,Effective permeability of the compound after 18 hrs by PAMPA
16809865,1627943,2152821,COc1cc2c(cc1OC)C(=O)C(CC1CCN(Cc3ccccc3F)CC1)C2,Peff,13.7,10'-6 cm/s,Effective permeability of the compound after 18 hrs by PAMPA
16809866,1627943,2136734,COc1cc2c(cc1OC)C(=O)C(CC1CCN(Cc3cccc(F)c3)CC1)C2,Peff,11.5,10'-6 cm/s,Effective permeability of the compound after 18 hrs by PAMPA
16809867,1627943,2100740,COc1cc2c(cc1OC)C(=O)C(CC1CCN(Cc3ncccc3C)CC1)C2,Peff,8.4,10'-6 cm/s,Effective permeability of the compound after 18 hrs by PAMPA
16809868,1627943,2128812,COc1cc2c(cc1OC)C(=O)C(CC1CCN(Cc3cccc(C)n3)CC1)C2,Peff,9.7,10'-6 cm/s,Effective permeability of the compound after 18 hrs by PAMPA
16809869,1627943,2143935,COc1cc2c(cc1OC)C(=O)C(CC1CCN(Cc3ccc4cccc(O)c4n3)CC1)C2,Peff,6.1,10'-6 cm/s,Effective permeability of the compound after 18 hrs by PAMPA
16809870,1627943,2159434,COc1cc2c(cc1OC)C(=O)C(CC1CCN(Cc3ccc(O)c4ncccc34)CC1)C2,Peff,8.8,10'-6 cm/s,Effective permeability of the compound after 18 hrs by PAMPA
16809871,1627943,4584,NCCc1ccc(O)c(O)c1,Peff,0.12,10'-6 cm/s,Effective permeability of the compound after 18 hrs by PAMPA
16809872,1627943,374052,C[C@]12CCC(=O)C=C1CC[C@@H]1[C@@H]2[C@@H](O)C[C@@]2(C)[C@H]1CC[C@]2(O)C(=O)CO,Peff,1.5,10'-6 cm/s,Effective permeability of the compound after 18 hrs by PAMPA
16809873,1627943,11968,CN1C(C(=O)Nc2ccccn2)=C(O)c2ccccc2S1(=O)=O,Peff,1.8,10'-6 cm/s,Effective permeability of the compound after 18 hrs by PAMPA
16809874,1627943,182165,C[C@]12C[C@H](O)[C@H]3[C@@H](CCC4=CC(=O)CC[C@@]43C)[C@@H]1CC[C@@H]2C(=O)CO,Peff,4.9,10'-6 cm/s,Effective permeability of the compound after 18 hrs by PAMPA
16809875,1627943,27609,Clc1cccc(Cl)c1NC1=NCCN1,Peff,4.7,10'-6 cm/s,Effective permeability of the compound after 18 hrs by PAMPA
16809876,1627943,12825,CC(=O)[C@H]1CC[C@H]2[C@@H]3CCC4=CC(=O)CC[C@]4(C)[C@H]3CC[C@]12C,Peff,7.2,10'-6 cm/s,Effective permeability of the compound after 18 hrs by PAMPA
16809877,1627943,27626,C[C@]12CC[C@@H]3c4ccc(O)cc4CC[C@H]3[C@@H]1CC[C@@H]2O,Peff,9.7,10'-6 cm/s,Effective permeability of the compound after 18 hrs by PAMPA
16809878,1627943,1219,COc1ccc(CCN(C)CCCC(C#N)(c2ccc(OC)c(OC)c2)C(C)C)cc1OC,Peff,13.1,10'-6 cm/s,Effective permeability of the compound after 18 hrs by PAMPA
16809879,1627943,364520,C[C@]12CC[C@H]3[C@@H](CCC4=CC(=O)CC[C@@]43C)[C@@H]1CC[C@@H]2O,Peff,16,10'-6 cm/s,Effective permeability of the compound after 18 hrs by PAMPA
16809855,1627966,4584,NCCc1ccc(O)c(O)c1,Peff,0.2,10'-6 cm/s,Effective permeability of the compound by PAMPA
16809856,1627966,374052,C[C@]12CCC(=O)C=C1CC[C@@H]1[C@@H]2[C@@H](O)C[C@@]2(C)[C@H]1CC[C@]2(O)C(=O)CO,Peff,1.9,10'-6 cm/s,Effective permeability of the compound by PAMPA
16809857,1627966,11968,CN1C(C(=O)Nc2ccccn2)=C(O)c2ccccc2S1(=O)=O,Peff,2.5,10'-6 cm/s,Effective permeability of the compound by PAMPA
16809858,1627966,182165,C[C@]12C[C@H](O)[C@H]3[C@@H](CCC4=CC(=O)CC[C@@]43C)[C@@H]1CC[C@@H]2C(=O)CO,Peff,5.1,10'-6 cm/s,Effective permeability of the compound by PAMPA
16809859,1627966,27609,Clc1cccc(Cl)c1NC1=NCCN1,Peff,5.3,10'-6 cm/s,Effective permeability of the compound by PAMPA
16809860,1627966,12825,CC(=O)[C@H]1CC[C@H]2[C@@H]3CCC4=CC(=O)CC[C@]4(C)[C@H]3CC[C@]12C,Peff,9.3,10'-6 cm/s,Effective permeability of the compound by PAMPA
16809861,1627966,27626,C[C@]12CC[C@@H]3c4ccc(O)cc4CC[C@H]3[C@@H]1CC[C@@H]2O,Peff,12,10'-6 cm/s,Effective permeability of the compound by PAMPA
16809862,1627966,1219,COc1ccc(CCN(C)CCCC(C#N)(c2ccc(OC)c(OC)c2)C(C)C)cc1OC,Peff,16,10'-6 cm/s,Effective permeability of the compound by PAMPA
16809863,1627966,364520,C[C@]12CC[C@H]3[C@@H](CCC4=CC(=O)CC[C@@]43C)[C@@H]1CC[C@@H]2O,Peff,17,10'-6 cm/s,Effective permeability of the compound by PAMPA
16813629,1628567,2160297,CN1CCc2cccc(c2)[C@@H](Nc2ccc3c(N)ncc(F)c3c2)C(=O)N(C)Cc2cc(ccc2S(=O)(=O)C2CC2)NC1=O,permeability,220,nm/s,Permeability of the compound at pH 7.4 by PAMPA
16813630,1628567,2142847,CN1Cc2cc(ccc2S(=O)(=O)C2CC2)NC(=O)CCc2cccc(c2)[C@@H](Nc2ccc3c(N)ncc(F)c3c2)C1=O,permeability,120,nm/s,Permeability of the compound at pH 7.4 by PAMPA
16813631,1628567,2098881,COc1ccc2cc1CCC(=O)Nc1ccc(S(=O)(=O)C3CC3)c(c1)CN(C)C(=O)[C@@H]2Nc1ccc2c(N)ncc(F)c2c1,permeability,540,nm/s,Permeability of the compound at pH 7.4 by PAMPA
16813632,1628567,2126910,COc1cc2cc(c1)[C@@H](Nc1ccc3c(N)ncc(F)c3c1)C(=O)N(C)Cc1cc(ccc1S(=O)(=O)C1CC1)NC(=O)CC2,permeability,290,nm/s,Permeability of the compound at pH 7.4 by PAMPA
16814173,1628663,2157901,Nc1c(C(=O)O)cnn1-c1ccc(CC(C(=O)c2ccc(Cl)cc2)c2ccc(F)c(F)c2)cc1,Pm,15,nm/s,Intrinsic permeability of compound at 50 uM at pH 7.4 after 16 hrs by PAMPA assay
16814174,1628663,2185118,Nc1c(C(=O)O)cnn1-c1ccc(CC(c2ccc(F)cc2)c2nc(-c3ccc(Cl)cc3)no2)cc1,Pm,91,nm/s,Intrinsic permeability of compound at 50 uM at pH 7.4 after 16 hrs by PAMPA assay
16814175,1628663,2114335,COc1ccc(-c2noc(C(Cc3ccc(-n4ncc(C(=O)O)c4N)cc3)c3ccc(F)cc3)n2)cc1,Pm,4,nm/s,Intrinsic permeability of compound at 50 uM at pH 7.4 after 16 hrs by PAMPA assay
16814176,1628663,2152770,Nc1c(C(=O)O)cnn1-c1ccc(CN(Cc2ccc(F)cc2)Cc2ccc(Cl)cc2)cc1,Pm,106,nm/s,Intrinsic permeability of compound at 50 uM at pH 7.4 after 16 hrs by PAMPA assay
16814177,1628663,2171295,COc1ccc(CN(Cc2ccc(OC)cc2)Cc2ccc(-n3ncc(C(=O)O)c3N)cc2)cc1,Pm,125,nm/s,Intrinsic permeability of compound at 50 uM at pH 7.4 after 16 hrs by PAMPA assay
16814178,1628663,2160085,Nc1c(C(=O)O)cnn1-c1ccc(CN(Cc2ccc(F)cc2)Cc2ccc(F)c(F)c2)cc1,Pm,278.9,nm/s,Intrinsic permeability of compound at 50 uM at pH 7.4 after 16 hrs by PAMPA assay
16814179,1628663,2137079,Nc1c(C(=O)O)cnn1-c1ccc(CN(Cc2ccc(Cl)cc2)Cc2ccc(F)c(F)c2)cc1,Pm,498,nm/s,Intrinsic permeability of compound at 50 uM at pH 7.4 after 16 hrs by PAMPA assay
16814180,1628663,2046,NS(=O)(=O)c1cc(C(=O)O)c(NCc2ccco2)cc1Cl,Pm,1,nm/s,Intrinsic permeability of compound at 50 uM at pH 7.4 after 16 hrs by PAMPA assay
16814181,1628663,1370,CC(C)NCC(O)COc1cccc2ccccc12,Pm,166,nm/s,Intrinsic permeability of compound at 50 uM at pH 7.4 after 16 hrs by PAMPA assay
16823852,1630801,2080400,O=C(O)c1c(O)c(F)c(F)c(F)c1F,Peff,0.1,10'-6 cm/s,Permeability of the compound at pH 7.4 after 2 hrs by PAMPA
16823853,1630801,2102640,O=C([O-])c1c(O)c(F)c(F)c(F)c1F.[Na+],Peff,0.1,10'-6 cm/s,Permeability of the compound at pH 7.4 after 2 hrs by PAMPA
16823854,1630801,1280,CC(=O)Oc1ccccc1C(=O)O,Peff,4.7,10'-6 cm/s,Permeability of the compound at pH 7.4 after 2 hrs by PAMPA
16823855,1630801,16591,CC(C(=O)O)c1cccc(C(=O)c2ccccc2)c1,Peff,3,10'-6 cm/s,Permeability of the compound at pH 7.4 after 2 hrs by PAMPA
16823856,1630801,10685,CN/C(=C\[N+](=O)[O-])NCCSCc1ccc(CN(C)C)o1,Peff,0.1,10'-6 cm/s,Permeability of the compound at pH 7.4 after 2 hrs by PAMPA
16827878,1631978,2125293,COc1cc2c(cc1OC)C(=O)/C(=C/c1ccc(CN3CCCC3)c(O)c1)CO2,permeability,11.1,10'-6 cm/s,Permeability of the compound at 100 ug/ml after 18 hrs by PAMPA assay
16827879,1631978,2153254,COc1cc2c(cc1OC)C(=O)/C(=C/c1ccc(CN3CCCCC3)c(O)c1)CO2,permeability,10.37,10'-6 cm/s,Permeability of the compound at 100 ug/ml after 18 hrs by PAMPA assay
16827880,1631978,2165497,CCN(Cc1ccc(/C=C2\COc3cc(OC)c(OC)cc3C2=O)cc1O)Cc1ccccc1OC,permeability,6.05,10'-6 cm/s,Permeability of the compound at 100 ug/ml after 18 hrs by PAMPA assay
16827881,1631978,2137805,CCN(Cc1ccc(/C=C2\COc3cc(OC)c(OC)cc3C2=O)cc1O)Cc1ccccc1N(C)C,permeability,10.46,10'-6 cm/s,Permeability of the compound at 100 ug/ml after 18 hrs by PAMPA assay
16827882,1631978,1219,COc1ccc(CCN(C)CCCC(C#N)(c2ccc(OC)c(OC)c2)C(C)C)cc1OC,permeability,16.9,10'-6 cm/s,Permeability of the compound at 100 ug/ml after 18 hrs by PAMPA assay
16827883,1631978,16506,O=C1Nc2ccc(Cl)cc2C(c2ccccc2)=NC1O,permeability,9.6,10'-6 cm/s,Permeability of the compound at 100 ug/ml after 18 hrs by PAMPA assay
16827884,1631978,721,CN1C(=O)CN=C(c2ccccc2)c2cc(Cl)ccc21,permeability,11.86,10'-6 cm/s,Permeability of the compound at 100 ug/ml after 18 hrs by PAMPA assay
16827885,1631978,27609,Clc1cccc(Cl)c1NC1=NCCN1,permeability,5.1,10'-6 cm/s,Permeability of the compound at 100 ug/ml after 18 hrs by PAMPA assay
16827886,1631978,605,CN(C)CCCN1c2ccccc2CCc2ccccc21,permeability,10.1,10'-6 cm/s,Permeability of the compound at 100 ug/ml after 18 hrs by PAMPA assay
16827887,1631978,364520,C[C@]12CC[C@H]3[C@@H](CCC4=CC(=O)CC[C@@]43C)[C@@H]1CC[C@@H]2O,permeability,16.3,10'-6 cm/s,Permeability of the compound at 100 ug/ml after 18 hrs by PAMPA assay
16827888,1631978,16485,Cn1c(=O)c2c(ncn2C)n(C)c1=O,permeability,1.28,10'-6 cm/s,Permeability of the compound at 100 ug/ml after 18 hrs by PAMPA assay
16827889,1631978,57175,CCn1cc(C(=O)O)c(=O)c2cc(F)c(N3CCNCC3)nc21,permeability,0.47,10'-6 cm/s,Permeability of the compound at 100 ug/ml after 18 hrs by PAMPA assay
16827890,1631978,11968,CN1C(C(=O)Nc2ccccn2)=C(O)c2ccccc2S1(=O)=O,permeability,0.72,10'-6 cm/s,Permeability of the compound at 100 ug/ml after 18 hrs by PAMPA assay
16827891,1631978,246,CCn1cc(C(=O)O)c(=O)c2cc(F)c(N3CCNCC3)cc21,permeability,0.42,10'-6 cm/s,Permeability of the compound at 100 ug/ml after 18 hrs by PAMPA assay
16827892,1631978,381693,Cn1c(=O)c2[nH]cnc2n(C)c1=O,permeability,0.1,10'-6 cm/s,Permeability of the compound at 100 ug/ml after 18 hrs by PAMPA assay
16827893,1631979,1219,COc1ccc(CCN(C)CCCC(C#N)(c2ccc(OC)c(OC)c2)C(C)C)cc1OC,permeability,16,10'-6 cm/s,Permeability of the compound at 25 ug/ml after 18 hrs by PAMPA assay
16827894,1631979,16506,O=C1Nc2ccc(Cl)cc2C(c2ccccc2)=NC1O,permeability,10,10'-6 cm/s,Permeability of the compound at 25 ug/ml after 18 hrs by PAMPA assay
16827895,1631979,721,CN1C(=O)CN=C(c2ccccc2)c2cc(Cl)ccc21,permeability,16,10'-6 cm/s,Permeability of the compound at 25 ug/ml after 18 hrs by PAMPA assay
16827896,1631979,27609,Clc1cccc(Cl)c1NC1=NCCN1,permeability,5.3,10'-6 cm/s,Permeability of the compound at 25 ug/ml after 18 hrs by PAMPA assay
16827897,1631979,605,CN(C)CCCN1c2ccccc2CCc2ccccc21,permeability,13,10'-6 cm/s,Permeability of the compound at 25 ug/ml after 18 hrs by PAMPA assay
16827898,1631979,364520,C[C@]12CC[C@H]3[C@@H](CCC4=CC(=O)CC[C@@]43C)[C@@H]1CC[C@@H]2O,permeability,17,10'-6 cm/s,Permeability of the compound at 25 ug/ml after 18 hrs by PAMPA assay
16827899,1631979,16485,Cn1c(=O)c2c(ncn2C)n(C)c1=O,permeability,1.3,10'-6 cm/s,Permeability of the compound at 25 ug/ml after 18 hrs by PAMPA assay
16827900,1631979,57175,CCn1cc(C(=O)O)c(=O)c2cc(F)c(N3CCNCC3)nc21,permeability,0.9,10'-6 cm/s,Permeability of the compound at 25 ug/ml after 18 hrs by PAMPA assay
16827901,1631979,11968,CN1C(C(=O)Nc2ccccn2)=C(O)c2ccccc2S1(=O)=O,permeability,2.5,10'-6 cm/s,Permeability of the compound at 25 ug/ml after 18 hrs by PAMPA assay
16827902,1631979,246,CCn1cc(C(=O)O)c(=O)c2cc(F)c(N3CCNCC3)cc21,permeability,0.1,10'-6 cm/s,Permeability of the compound at 25 ug/ml after 18 hrs by PAMPA assay
16827903,1631979,381693,Cn1c(=O)c2[nH]cnc2n(C)c1=O,permeability,0.12,10'-6 cm/s,Permeability of the compound at 25 ug/ml after 18 hrs by PAMPA assay
16840748,1633975,2097933,CN(C)c1ccc(/C=C/C(=O)c2ccc(OC(=O)N3CCCC3)cc2O)cc1,permeability,7.03,ucm/s,Permeability of compound at 100 ug/ml after 18 hrs by PAMPA
16840749,1633975,1219,COc1ccc(CCN(C)CCCC(C#N)(c2ccc(OC)c(OC)c2)C(C)C)cc1OC,permeability,16.2,ucm/s,Permeability of compound at 100 ug/ml after 18 hrs by PAMPA
16840750,1633975,16506,O=C1Nc2ccc(Cl)cc2C(c2ccccc2)=NC1O,permeability,9.2,ucm/s,Permeability of compound at 100 ug/ml after 18 hrs by PAMPA
16840751,1633975,721,CN1C(=O)CN=C(c2ccccc2)c2cc(Cl)ccc21,permeability,10.9,ucm/s,Permeability of compound at 100 ug/ml after 18 hrs by PAMPA
16840752,1633975,27609,Clc1cccc(Cl)c1NC1=NCCN1,permeability,5.5,ucm/s,Permeability of compound at 100 ug/ml after 18 hrs by PAMPA
16840753,1633975,605,CN(C)CCCN1c2ccccc2CCc2ccccc21,permeability,11.2,ucm/s,Permeability of compound at 100 ug/ml after 18 hrs by PAMPA
16840754,1633975,364520,C[C@]12CC[C@H]3[C@@H](CCC4=CC(=O)CC[C@@]43C)[C@@H]1CC[C@@H]2O,permeability,15.5,ucm/s,Permeability of compound at 100 ug/ml after 18 hrs by PAMPA
16840755,1633975,16485,Cn1c(=O)c2c(ncn2C)n(C)c1=O,permeability,1.22,ucm/s,Permeability of compound at 100 ug/ml after 18 hrs by PAMPA
16840756,1633975,57175,CCn1cc(C(=O)O)c(=O)c2cc(F)c(N3CCNCC3)nc21,permeability,0.55,ucm/s,Permeability of compound at 100 ug/ml after 18 hrs by PAMPA
16840757,1633975,11968,CN1C(C(=O)Nc2ccccn2)=C(O)c2ccccc2S1(=O)=O,permeability,0.84,ucm/s,Permeability of compound at 100 ug/ml after 18 hrs by PAMPA
16840758,1633975,246,CCn1cc(C(=O)O)c(=O)c2cc(F)c(N3CCNCC3)cc21,permeability,0.33,ucm/s,Permeability of compound at 100 ug/ml after 18 hrs by PAMPA
16840759,1633975,381693,Cn1c(=O)c2[nH]cnc2n(C)c1=O,permeability,0.17,ucm/s,Permeability of compound at 100 ug/ml after 18 hrs by PAMPA
16850382,1635371,2136216,O=C1c2ccccc2S(=O)(=O)N1CCN1CCN(Cc2ccccc2)CC1,permeability,3.75,10'-6 cm/s,Permeability of the compound at 100 uM up to 6 hrs by PAMPA
16850383,1635371,2136154,O=C1c2ccccc2S(=O)(=O)N1CCN1CCN(Cc2ccc(F)cc2)CC1,permeability,3.65,10'-6 cm/s,Permeability of the compound at 100 uM up to 6 hrs by PAMPA
16850384,1635371,2117128,O=C1c2ccccc2S(=O)(=O)N1CCCCN1CCN(Cc2ccccc2)CC1,permeability,10.6,10'-6 cm/s,Permeability of the compound at 100 uM up to 6 hrs by PAMPA
16850385,1635371,2135133,O=C1c2ccccc2S(=O)(=O)N1CCCCN1CCN(Cc2ccccc2F)CC1,permeability,11,10'-6 cm/s,Permeability of the compound at 100 uM up to 6 hrs by PAMPA
16850386,1635371,2101855,O=C1c2ccccc2S(=O)(=O)N1CCCCCN1CCN(Cc2ccccc2F)CC1,permeability,9.6,10'-6 cm/s,Permeability of the compound at 100 uM up to 6 hrs by PAMPA
16850387,1635371,9333,Nc1c2c(nc3ccccc13)CCCC2,permeability,5.3,10'-6 cm/s,Permeability of the compound at 100 uM up to 6 hrs by PAMPA
16850388,1635371,9372,COc1cc2c(cc1OC)C(=O)C(CC1CCN(Cc3ccccc3)CC1)C2,permeability,7.3,10'-6 cm/s,Permeability of the compound at 100 uM up to 6 hrs by PAMPA
16850389,1635371,27251,CCN(C)C(=O)Oc1cccc([C@H](C)N(C)C)c1,permeability,6.6,10'-6 cm/s,Permeability of the compound at 100 uM up to 6 hrs by PAMPA
16850390,1635371,364520,C[C@]12CC[C@H]3[C@@H](CCC4=CC(=O)CC[C@@]43C)[C@@H]1CC[C@@H]2O,permeability,11.3,10'-6 cm/s,Permeability of the compound at 100 uM up to 6 hrs by PAMPA
16850391,1635371,6216,CN(C)CCCN1c2ccccc2Sc2ccc(Cl)cc21,permeability,5.6,10'-6 cm/s,Permeability of the compound at 100 uM up to 6 hrs by PAMPA
16850392,1635371,374052,C[C@]12CCC(=O)C=C1CC[C@@H]1[C@@H]2[C@@H](O)C[C@@]2(C)[C@H]1CC[C@]2(O)C(=O)CO,permeability,2.85,10'-6 cm/s,Permeability of the compound at 100 uM up to 6 hrs by PAMPA
16850393,1635371,11968,CN1C(C(=O)Nc2ccccn2)=C(O)c2ccccc2S1(=O)=O,permeability,2.2,10'-6 cm/s,Permeability of the compound at 100 uM up to 6 hrs by PAMPA
16850394,1635371,381693,Cn1c(=O)c2[nH]cnc2n(C)c1=O,permeability,1.07,10'-6 cm/s,Permeability of the compound at 100 uM up to 6 hrs by PAMPA
16850395,1635371,1279,CC(C)NCC(O)COc1ccc(CC(N)=O)cc1,permeability,1.02,10'-6 cm/s,Permeability of the compound at 100 uM up to 6 hrs by PAMPA
16895689,1639067,2151525,C/C(=C\c1cc(F)c(Oc2ccc(S(=O)(=O)NCCOCCOCCOCCNC(=O)CCCCCCC(=O)NCCOCCOCCOCCNS(=O)(=O)c3ccc(Oc4c(F)cc(/C=C(\C)C(=O)N=C(N)N)cc4F)cc3)cc2)c(F)c1)C(=O)N=C(N)N,Papp,0.01,ucm/s,Apparent permeability of the compound from apical to basolateral side at pH 7.4 after 3 hrs by PAMPA
16895690,1639067,2132513,CN1Cc2ccc(Cl)cc2C(c2cccc(S(=O)(=O)NCCP(=O)(O)O)c2)C1,Papp,0.53,ucm/s,Apparent permeability of the compound from apical to basolateral side at pH 7.4 after 3 hrs by PAMPA
16895681,1639067,2179413,CN1Cc2c(Cl)cc(Cl)cc2C(c2ccc(NS(=O)(=O)NCCP(=O)(O)O)cc2)C1,Papp,0.56,ucm/s,Apparent permeability of the compound from apical to basolateral side at pH 7.4 after 3 hrs by PAMPA
16895682,1639067,2182063,CN1Cc2c(Cl)cc(Cl)cc2C(c2cccc(NS(=O)(=O)NCCP(=O)(O)O)c2)C1,Papp,0.61,ucm/s,Apparent permeability of the compound from apical to basolateral side at pH 7.4 after 3 hrs by PAMPA
16895683,1639067,2139780,C/C(=C\c1cc(F)c(Oc2ccc(S(=O)(=O)NCc3ccc(CP(=O)(O)O)cc3)cc2)c(F)c1)C(=O)N=C(N)N,Papp,1.61,ucm/s,Apparent permeability of the compound from apical to basolateral side at pH 7.4 after 3 hrs by PAMPA
16895684,1639067,2142482,C/C(=C\c1cc(F)c(Oc2ccc(S(=O)(=O)NCCCP(=O)(O)O)cc2)c(F)c1)C(=O)N=C(N)N,Papp,1.3,ucm/s,Apparent permeability of the compound from apical to basolateral side at pH 7.4 after 3 hrs by PAMPA
16895685,1639067,2101739,NC(N)=Nc1nc(-c2cccc(N3CCN(C(=O)[C@H](O)[C@@H](O)[C@H](O)[C@H](O)CO)CC3)c2)c2cc(Cl)ccc2n1,Papp,0.43,ucm/s,Apparent permeability of the compound from apical to basolateral side at pH 7.4 after 3 hrs by PAMPA
16895686,1639067,2184986,N=C(N)N1CCN(c2cccc(-c3nc(N=C(N)N)nc4ccc(Cl)cc34)c2)CC1,Papp,0.99,ucm/s,Apparent permeability of the compound from apical to basolateral side at pH 7.4 after 3 hrs by PAMPA
16895687,1639067,2143359,NC(N)=Nc1nc(-c2cccc(N3CCN(CCO)CC3)c2)c2cc(Cl)ccc2n1,Papp,0.35,ucm/s,Apparent permeability of the compound from apical to basolateral side at pH 7.4 after 3 hrs by PAMPA
16895688,1639067,2169793,NC(N)=Nc1nc(-c2ccc(N3CCN(CCO)CC3)cc2)c2cc(Cl)ccc2n1,Papp,0.3,ucm/s,Apparent permeability of the compound from apical to basolateral side at pH 7.4 after 3 hrs by PAMPA
16895691,1639067,2122758,CN1Cc2c(Cl)cc(Cl)cc2C(c2cccc(S(=O)(=O)Nc3ccc(CP(=O)(O)O)cc3)c2)C1,Papp,0.8,ucm/s,Apparent permeability of the compound from apical to basolateral side at pH 7.4 after 3 hrs by PAMPA
16895692,1639067,2141928,CN1Cc2c(Cl)cc(Cl)cc2C(c2cccc(S(=O)(=O)NCCCS(=O)(=O)O)c2)C1,Papp,0.5,ucm/s,Apparent permeability of the compound from apical to basolateral side at pH 7.4 after 3 hrs by PAMPA
16895693,1639067,2144619,CN1Cc2c(Cl)cc(Cl)cc2C(c2cccc(S(=O)(=O)N(CC(=O)O)CP(=O)(O)O)c2)C1,Papp,0.2,ucm/s,Apparent permeability of the compound from apical to basolateral side at pH 7.4 after 3 hrs by PAMPA
16895694,1639067,2132032,CN1Cc2c(Cl)cc(Cl)cc2C(c2ccc(S(=O)(=O)Nc3ccc(CP(=O)(O)O)cc3)cc2)C1,Papp,0.3,ucm/s,Apparent permeability of the compound from apical to basolateral side at pH 7.4 after 3 hrs by PAMPA
16895695,1639067,2119272,CN1Cc2c(Cl)cc(Cl)cc2C(c2ccc(S(=O)(=O)NCc3ccc(CP(=O)(O)O)cc3)cc2)C1,Papp,0.4,ucm/s,Apparent permeability of the compound from apical to basolateral side at pH 7.4 after 3 hrs by PAMPA
16895696,1639067,2177857,CN1Cc2c(Cl)cc(Cl)cc2C(c2ccc(S(=O)(=O)N(CCC(=O)O)CCC(=O)O)cc2)C1,Papp,0.05,ucm/s,Apparent permeability of the compound from apical to basolateral side at pH 7.4 after 3 hrs by PAMPA
16895697,1639067,2190264,CN1Cc2c(Cl)cc(Cl)cc2C(c2cccc(S(=O)(=O)NCCN(CCNS(=O)(=O)c3cccc(C4CN(C)Cc5c(Cl)cc(Cl)cc54)c3)CCNS(=O)(=O)c3cccc(C4CN(C)Cc5c(Cl)cc(Cl)cc54)c3)c2)C1,Papp,0.02,ucm/s,Apparent permeability of the compound from apical to basolateral side at pH 7.4 after 3 hrs by PAMPA
16895698,1639067,2181563,CN1Cc2c(Cl)cc(Cl)cc2C(c2ccc(S(=O)(=O)NCCCCCCCCCCCCNS(=O)(=O)c3ccc(C4CN(C)Cc5c(Cl)cc(Cl)cc54)cc3)cc2)C1,Papp,0.04,ucm/s,Apparent permeability of the compound from apical to basolateral side at pH 7.4 after 3 hrs by PAMPA
16895699,1639067,2190298,CN1Cc2ccccc2C(c2ccc(S(=O)(=O)NCCN(CCNS(=O)(=O)c3ccc(C4CN(C)Cc5c(Cl)cc(Cl)cc54)cc3)CCNS(=O)(=O)c3ccc(C4CN(C)Cc5c(Cl)cc(Cl)cc54)cc3)cc2)C1,Papp,0.03,ucm/s,Apparent permeability of the compound from apical to basolateral side at pH 7.4 after 3 hrs by PAMPA
16895700,1639067,2108351,CN1Cc2c(Cl)cc(Cl)cc2C(c2ccc(S(=O)(=O)NCc3ccc(CNS(=O)(=O)c4ccc(C5CN(C)Cc6c(Cl)cc(Cl)cc65)cc4)cc3)cc2)C1,Papp,0.02,ucm/s,Apparent permeability of the compound from apical to basolateral side at pH 7.4 after 3 hrs by PAMPA
16895701,1639067,2111136,CN1Cc2c(Cl)cc(Cl)cc2C(c2ccc(S(=O)(=O)NCCOCCOCCNS(=O)(=O)c3ccc(C4CN(C)Cc5c(Cl)cc(Cl)cc54)cc3)cc2)C1,Papp,0.02,ucm/s,Apparent permeability of the compound from apical to basolateral side at pH 7.4 after 3 hrs by PAMPA
16895702,1639067,2173992,CN1Cc2c(Cl)cc(Cl)cc2C(c2ccc(NC(=O)N[C@@H](CC(=O)O)C(=O)O)cc2)C1,Papp,0.2,ucm/s,Apparent permeability of the compound from apical to basolateral side at pH 7.4 after 3 hrs by PAMPA
16895703,1639067,2163370,CN1Cc2c(Cl)cc(Cl)cc2C(c2cccc(NC(=O)N[C@@H](CC(=O)O)C(=O)O)c2)C1,Papp,0.17,ucm/s,Apparent permeability of the compound from apical to basolateral side at pH 7.4 after 3 hrs by PAMPA
16895704,1639067,2124528,CN1Cc2c(Cl)cc(Cl)cc2C(c2ccc(NC(=O)N[C@@H](CCC(=O)O)C(=O)O)cc2)C1,Papp,0.2,ucm/s,Apparent permeability of the compound from apical to basolateral side at pH 7.4 after 3 hrs by PAMPA
16895705,1639067,2108554,CN1Cc2c(Cl)cc(Cl)cc2C(c2cccc(NC(=O)N[C@@H](CCC(=O)O)C(=O)O)c2)C1,Papp,0.1,ucm/s,Apparent permeability of the compound from apical to basolateral side at pH 7.4 after 3 hrs by PAMPA
16895706,1639067,2101559,CN1Cc2c(Cl)cc(Cl)cc2C(c2ccc(NC(=O)NCP(=O)(O)O)cc2)C1,Papp,0.1,ucm/s,Apparent permeability of the compound from apical to basolateral side at pH 7.4 after 3 hrs by PAMPA
16895707,1639067,2176059,C/C(=C\c1ccc(Oc2ccc(S(=O)(=O)NCCOCCOCCOCCNS(=O)(=O)c3ccc(Oc4c(F)cc(/C=C(\C)C(=O)N=C(N)N)cc4F)cc3)cc2)cc1)C(=O)N=C(N)N,Papp,0.1,ucm/s,Apparent permeability of the compound from apical to basolateral side at pH 7.4 after 3 hrs by PAMPA
16895708,1639067,2138943,C/C(=C\c1cc(F)c(Oc2ccc(S(=O)(=O)NCCOCCOCCOCCn3cc(CO)nn3)cc2)c(F)c1)C(=O)N=C(N)N,Papp,0.9,ucm/s,Apparent permeability of the compound from apical to basolateral side at pH 7.4 after 3 hrs by PAMPA
16895709,1639067,2136267,C/C(=C\c1cc(F)c(Oc2ccc(S(=O)(=O)Nc3ccc(P(=O)(O)O)cc3)cc2)c(F)c1)C(=O)N=C(N)N,Papp,0.2,ucm/s,Apparent permeability of the compound from apical to basolateral side at pH 7.4 after 3 hrs by PAMPA
16895710,1639067,2116083,C/C(=C\c1cc(F)c(Oc2ccc(S(=O)(=O)Nc3ccc(CP(=O)(O)O)cc3)cc2)c(F)c1)C(=O)N=C(N)N,Papp,1.6,ucm/s,Apparent permeability of the compound from apical to basolateral side at pH 7.4 after 3 hrs by PAMPA
16895711,1639067,2193631,C/C(=C\c1cc(F)c(Oc2ccc(S(=O)(=O)NCP(=O)(O)O)cc2)c(F)c1)C(=O)N=C(N)N,Papp,0.5,ucm/s,Apparent permeability of the compound from apical to basolateral side at pH 7.4 after 3 hrs by PAMPA
16895712,1639067,2192522,C/C(=C\c1cc(F)c(Oc2ccc(S(=O)(=O)N(CC(=O)O)CP(=O)(O)O)cc2)c(F)c1)C(=O)N=C(N)N,Papp,1.65,ucm/s,Apparent permeability of the compound from apical to basolateral side at pH 7.4 after 3 hrs by PAMPA
16895713,1639067,2104461,COCCNC(=O)NS(=O)(=O)c1ccc(Oc2c(F)cc(/C=C(\C)C(=O)N=C(N)N)cc2F)cc1,Papp,0.2,ucm/s,Apparent permeability of the compound from apical to basolateral side at pH 7.4 after 3 hrs by PAMPA
16895714,1639067,2139765,C/C(=C\c1cc(F)c(Oc2ccc(S(=O)(=O)NC(=O)NC(CC(=O)O)C(=O)O)cc2)c(F)c1)C(=O)N=C(N)N,Papp,0.1,ucm/s,Apparent permeability of the compound from apical to basolateral side at pH 7.4 after 3 hrs by PAMPA
16895715,1639067,2142464,NC(N)=Nc1nc(-c2ccc(N3CCN(CC(=O)O)CC3)cc2)c2cc(Cl)ccc2n1,Papp,0.1,ucm/s,Apparent permeability of the compound from apical to basolateral side at pH 7.4 after 3 hrs by PAMPA
16895716,1639067,2116130,NC(N)=Nc1nc(-c2cccc(N3CCN(CCCC(=O)O)CC3)c2)c2cc(Cl)ccc2n1.O=C(O)C(F)(F)F,Papp,0.4,ucm/s,Apparent permeability of the compound from apical to basolateral side at pH 7.4 after 3 hrs by PAMPA
16895717,1639067,2118931,C/C(=C\c1cc(F)c(Oc2ccc(S(=O)(=O)NCCCS(=O)(=O)O)cc2)c(F)c1)C(=O)N=C(N)N,Papp,0.45,ucm/s,Apparent permeability of the compound from apical to basolateral side at pH 7.4 after 3 hrs by PAMPA
16895718,1639067,2154117,CN1Cc2c(Cl)cc(Cl)cc2C(c2ccc(S(=O)(=O)N(CC(=O)O)CP(=O)(O)O)cc2)C1,Papp,0.2,ucm/s,Apparent permeability of the compound from apical to basolateral side at pH 7.4 after 3 hrs by PAMPA
16895719,1639067,2154505,NC(N)=Nc1nc(-c2ccc(N3CCN(CCCC(=O)O)CC3)cc2)c2cc(Cl)ccc2n1,Papp,0.27,ucm/s,Apparent permeability of the compound from apical to basolateral side at pH 7.4 after 3 hrs by PAMPA
16895720,1639067,2128239,CCNC(=O)NS(=O)(=O)c1ccc(Oc2c(F)cc(/C=C(\C)C(=O)N=C(N)N)cc2F)cc1,Papp,0.45,ucm/s,Apparent permeability of the compound from apical to basolateral side at pH 7.4 after 3 hrs by PAMPA
16895721,1639067,2137937,C/C(=C\c1cc(F)c(Oc2ccc(S(=O)(=O)NC(=O)NCCN(C)C)cc2)c(F)c1)C(=O)N=C(N)N,Papp,0.4,ucm/s,Apparent permeability of the compound from apical to basolateral side at pH 7.4 after 3 hrs by PAMPA
16895722,1639067,2125280,CN1Cc2c(Cl)cc(Cl)cc2C(c2ccc(S(=O)(=O)Nc3ccc(P(=O)(O)O)cc3)cc2)C1,Papp,0.2,ucm/s,Apparent permeability of the compound from apical to basolateral side at pH 7.4 after 3 hrs by PAMPA
18279528,1709544,2260638,COc1cccc(-c2nc(SC(C(N)=O)c3nc(-c4ccccc4)cs3)[nH]c(=O)c2C#N)c1,permeability,9.1,ucm/s,Permeability of the compound at 25 ug/ml after 18 hrs by PAMPA
18279529,1709544,2261706,COc1ccccc1-c1nc(SC(C(N)=O)c2nc(-c3ccc([N+](=O)[O-])cc3)cs2)[nH]c(=O)c1C#N,permeability,1.7,ucm/s,Permeability of the compound at 25 ug/ml after 18 hrs by PAMPA
18279563,1709544,2258442,COc1cccc(-c2nc(SC(C(N)=O)c3nc(-c4ccc([N+](=O)[O-])cc4)cs3)[nH]c(=O)c2C#N)c1,permeability,0.42,ucm/s,Permeability of the compound at 25 ug/ml after 18 hrs by PAMPA
18279564,1709544,2259677,COc1ccccc1-c1nc(SC(C(N)=O)c2nc(-c3cccc([N+](=O)[O-])c3)cs2)[nH]c(=O)c1C#N,permeability,3.1,ucm/s,Permeability of the compound at 25 ug/ml after 18 hrs by PAMPA
18279565,1709544,2258980,COc1cccc(-c2nc(SC(C(N)=O)c3nc(-c4cccc([N+](=O)[O-])c4)cs3)[nH]c(=O)c2C#N)c1,permeability,0.46,ucm/s,Permeability of the compound at 25 ug/ml after 18 hrs by PAMPA
18279566,1709544,2260418,CCOc1cccc(-c2nc(SC(C(N)=O)c3nc(-c4ccc([N+](=O)[O-])cc4)cs3)[nH]c(=O)c2C#N)c1,permeability,0.73,ucm/s,Permeability of the compound at 25 ug/ml after 18 hrs by PAMPA
18279567,1709544,2260277,COc1cccc(-c2nc(SCC(=O)Nc3nc(-c4cc(Cl)c(N)c(Cl)c4)cs3)[nH]c(=O)c2C#N)c1,permeability,0.11,ucm/s,Permeability of the compound at 25 ug/ml after 18 hrs by PAMPA
18279568,1709544,2259177,CCOc1cccc(-c2nc(SCC(=O)Nc3nc(-c4cc(Cl)c(N)c(Cl)c4)cs3)[nH]c(=O)c2C#N)c1,permeability,0.07,ucm/s,Permeability of the compound at 25 ug/ml after 18 hrs by PAMPA
18279569,1709544,2260498,N#Cc1c(-c2cccc(C(F)(F)F)c2)nc(SC(C(N)=O)c2nc(-c3ccccc3)cs2)[nH]c1=O,permeability,4.6,ucm/s,Permeability of the compound at 25 ug/ml after 18 hrs by PAMPA
18279570,1709544,2259103,N#Cc1c(-c2cccc(C(F)(F)F)c2)nc(SCC(=O)Nc2nc(-c3cc(Cl)c(N)c(Cl)c3)cs2)[nH]c1=O,permeability,0.88,ucm/s,Permeability of the compound at 25 ug/ml after 18 hrs by PAMPA
18279571,1709544,2259241,N#Cc1c(-c2cccc(OC(F)(F)F)c2)nc(SC(C(N)=O)c2nc(-c3ccccc3)cs2)[nH]c1=O,permeability,3.2,ucm/s,Permeability of the compound at 25 ug/ml after 18 hrs by PAMPA
18279572,1709544,2258289,COc1cccc(-c2nc(SCC(=O)Nc3nc(-c4cccc(Br)c4)cs3)[nH]c(=O)c2C#N)c1,permeability,0.94,ucm/s,Permeability of the compound at 25 ug/ml after 18 hrs by PAMPA
18279573,1709544,2261564,COc1cccc(-c2nc(SC(C(N)=O)c3nc(-c4cccc(-c5cccnc5F)c4)cs3)[nH]c(=O)c2C#N)c1,permeability,0.04,ucm/s,Permeability of the compound at 25 ug/ml after 18 hrs by PAMPA
18279574,1709544,2259363,COc1cccc(-c2nc(SC(C(N)=O)c3nc(-c4ccccc4)c[nH]3)[nH]c(=O)c2C#N)c1,permeability,2.8,ucm/s,Permeability of the compound at 25 ug/ml after 18 hrs by PAMPA
18279575,1709544,2258753,CCOc1cccc(-c2nc(SC(C(N)=O)c3nc(-c4ccccc4)c[nH]3)[nH]c(=O)c2C#N)c1,permeability,7.1,ucm/s,Permeability of the compound at 25 ug/ml after 18 hrs by PAMPA
18279576,1709544,2260138,COc1cccc(-c2nc(SCC(=O)Nc3nc(-c4cc(Cl)c(N)c(Cl)c4)c[nH]3)[nH]c(=O)c2C#N)c1,permeability,0.34,ucm/s,Permeability of the compound at 25 ug/ml after 18 hrs by PAMPA
18279577,1709544,1219,COc1ccc(CCN(C)CCCC(C#N)(c2ccc(OC)c(OC)c2)C(C)C)cc1OC,permeability,16.2,ucm/s,Permeability of the compound at 25 ug/ml after 18 hrs by PAMPA
18279578,1709544,27609,Clc1cccc(Cl)c1NC1=NCCN1,permeability,5.9,ucm/s,Permeability of the compound at 25 ug/ml after 18 hrs by PAMPA
18279579,1709544,374052,C[C@]12CCC(=O)C=C1CC[C@@H]1[C@@H]2[C@@H](O)C[C@@]2(C)[C@H]1CC[C@]2(O)C(=O)CO,permeability,2.8,ucm/s,Permeability of the compound at 25 ug/ml after 18 hrs by PAMPA
18279580,1709544,381693,Cn1c(=O)c2[nH]cnc2n(C)c1=O,permeability,0.13,ucm/s,Permeability of the compound at 25 ug/ml after 18 hrs by PAMPA
18284303,1710975,2261121,Oc1cccc2ccc(-c3cc4ccccc4[nH]3)nc12,permeability,8,10'-6 cm/s,Permeability of compound at 100 ug/ml after 10 hrs by PAMPA assay
18284304,1710975,2257978,Oc1cccc2ccc(-c3cc4cc(F)ccc4[nH]3)nc12,permeability,10.6,10'-6 cm/s,Permeability of compound at 100 ug/ml after 10 hrs by PAMPA assay
18284305,1710975,2259353,Oc1cccc2ccc(-c3cc4cc(Cl)ccc4[nH]3)nc12,permeability,9.8,10'-6 cm/s,Permeability of compound at 100 ug/ml after 10 hrs by PAMPA assay
18284306,1710975,2261495,Oc1ccc2[nH]c(-c3ccc4cccc(O)c4n3)cc2c1,permeability,14.8,10'-6 cm/s,Permeability of compound at 100 ug/ml after 10 hrs by PAMPA assay
18284307,1710975,2260463,COc1cc2cc(-c3ccc4cccc(O)c4n3)[nH]c2cc1OC,permeability,5.2,10'-6 cm/s,Permeability of compound at 100 ug/ml after 10 hrs by PAMPA assay
18284308,1710975,2261687,COc1cc2[nH]c(-c3ccc4cccc(O)c4n3)cc2cc1O,permeability,12.1,10'-6 cm/s,Permeability of compound at 100 ug/ml after 10 hrs by PAMPA assay
18284309,1710975,2260322,Oc1cccc2ccc(-c3cc4ccc5c(c4[nH]3)OCO5)nc12,permeability,5.9,10'-6 cm/s,Permeability of compound at 100 ug/ml after 10 hrs by PAMPA assay
18284310,1710975,2260470,Oc1c(Cl)cc(Cl)c2ccc(-c3cc4ccccc4[nH]3)nc12,permeability,6.6,10'-6 cm/s,Permeability of compound at 100 ug/ml after 10 hrs by PAMPA assay
18284311,1710975,2259078,Oc1c(Cl)cc(Cl)c2ccc(-c3cc4cc(F)ccc4[nH]3)nc12,permeability,5.3,10'-6 cm/s,Permeability of compound at 100 ug/ml after 10 hrs by PAMPA assay
18284312,1710975,2259218,Oc1c(Cl)cc(Cl)c2ccc(-c3cc4cc(Cl)ccc4[nH]3)nc12,permeability,5.6,10'-6 cm/s,Permeability of compound at 100 ug/ml after 10 hrs by PAMPA assay
18284313,1710975,2257842,Oc1ccc2[nH]c(-c3ccc4c(Cl)cc(Cl)c(O)c4n3)cc2c1,permeability,10.2,10'-6 cm/s,Permeability of compound at 100 ug/ml after 10 hrs by PAMPA assay
18284314,1710975,2257997,COc1cc2cc(-c3ccc4c(Cl)cc(Cl)c(O)c4n3)[nH]c2cc1OC,permeability,3.9,10'-6 cm/s,Permeability of compound at 100 ug/ml after 10 hrs by PAMPA assay
18284315,1710975,2261285,COc1cc2[nH]c(-c3ccc4c(Cl)cc(Cl)c(O)c4n3)cc2cc1O,permeability,8.4,10'-6 cm/s,Permeability of compound at 100 ug/ml after 10 hrs by PAMPA assay
18284316,1710975,2261426,Oc1c(Cl)cc(Cl)c2ccc(-c3cc4cc5c(cc4[nH]3)OCO5)nc12,permeability,4.9,10'-6 cm/s,Permeability of compound at 100 ug/ml after 10 hrs by PAMPA assay
18284317,1710975,2260045,Oc1ccc(-c2cc3ccccc3[nH]2)c2cccnc12,permeability,12.8,10'-6 cm/s,Permeability of compound at 100 ug/ml after 10 hrs by PAMPA assay
18284318,1710975,2259011,Oc1ccc2[nH]c(-c3ccc(O)c4ncccc34)cc2c1,permeability,9.1,10'-6 cm/s,Permeability of compound at 100 ug/ml after 10 hrs by PAMPA assay
18284319,1710975,2260400,Oc1ccc2[nH]c(-c3cc(Cl)c(O)c4ncccc34)cc2c1,permeability,6.8,10'-6 cm/s,Permeability of compound at 100 ug/ml after 10 hrs by PAMPA assay
18284324,1710975,6216,CN(C)CCCN1c2ccccc2Sc2ccc(Cl)cc21,permeability,5.9,10'-6 cm/s,Permeability of compound at 100 ug/ml after 10 hrs by PAMPA assay
18284325,1710975,374052,C[C@]12CCC(=O)C=C1CC[C@@H]1[C@@H]2[C@@H](O)C[C@@]2(C)[C@H]1CC[C@]2(O)C(=O)CO,permeability,1.1,10'-6 cm/s,Permeability of compound at 100 ug/ml after 10 hrs by PAMPA assay
18291223,1712643,2257453,N#Cc1ccc2[nH]cc(CCCCN3CCN(c4cccc5c(N)c6c(nc45)CCCC6)CC3)c2c1,Peff,4.43,10'-6 cm/s,Effective permeability of the compound in PBS/ethanol buffer after 12 hrs by PAMPA
18291224,1712643,2260742,N#Cc1ccc2[nH]cc(CCCCN3CCN(c4ccc5c(N)c6c(nc5c4)CCCC6)CC3)c2c1,Peff,2.99,10'-6 cm/s,Effective permeability of the compound in PBS/ethanol buffer after 12 hrs by PAMPA
18291225,1712643,2261608,N#Cc1ccc2[nH]cc(CCCCN3CCN(c4ccc5nc6c(c(N)c5c4)CCCC6)CC3)c2c1,Peff,3.55,10'-6 cm/s,Effective permeability of the compound in PBS/ethanol buffer after 12 hrs by PAMPA
18291226,1712643,2258335,N#Cc1ccc2[nH]cc(CCCCN3CCN(c4cccc5nc6c(c(N)c45)CCCC6)CC3)c2c1,Peff,5.11,10'-6 cm/s,Effective permeability of the compound in PBS/ethanol buffer after 12 hrs by PAMPA
18291227,1712643,2258177,N#Cc1ccc2[nH]cc(C(=O)CCCN3CCN(c4cccc5c(N)c6c(nc45)CCCC6)CC3)c2c1,Peff,1.61,10'-6 cm/s,Effective permeability of the compound in PBS/ethanol buffer after 12 hrs by PAMPA
18291228,1712643,2259568,N#Cc1ccc2[nH]cc(C(=O)CCCN3CCN(c4ccc5c(N)c6c(nc5c4)CCCC6)CC3)c2c1,Peff,1.68,10'-6 cm/s,Effective permeability of the compound in PBS/ethanol buffer after 12 hrs by PAMPA
18291229,1712643,2259136,N#Cc1ccc2[nH]cc(C(=O)CCCN3CCN(c4ccc5nc6c(c(N)c5c4)CCCC6)CC3)c2c1,Peff,1.04,10'-6 cm/s,Effective permeability of the compound in PBS/ethanol buffer after 12 hrs by PAMPA
18291230,1712643,2260529,N#Cc1ccc2[nH]cc(C(=O)CCCN3CCN(c4cccc5nc6c(c(N)c45)CCCC6)CC3)c2c1,Peff,1.33,10'-6 cm/s,Effective permeability of the compound in PBS/ethanol buffer after 12 hrs by PAMPA
18291231,1712643,2260380,N#Cc1ccc2[nH]cc(CCCCN3CCN(c4cccc5nc6c(c(N)c45)CCC6)CC3)c2c1,Peff,4.38,10'-6 cm/s,Effective permeability of the compound in PBS/ethanol buffer after 12 hrs by PAMPA
18291232,1712643,2261750,N#Cc1ccc2[nH]cc(CCCCN3CCN(c4cccc5nc6c(c(N)c45)CCCCC6)CC3)c2c1,Peff,3.97,10'-6 cm/s,Effective permeability of the compound in PBS/ethanol buffer after 12 hrs by PAMPA
18291233,1712643,2261867,CC(=O)Nc1c2c(nc3cccc(N4CCN(CCCCc5c[nH]c6ccc(C#N)cc56)CC4)c13)CCCC2,Peff,1.92,10'-6 cm/s,Effective permeability of the compound in PBS/ethanol buffer after 12 hrs by PAMPA
18291234,1712643,2258603,N#Cc1ccc2[nH]cc(CCN3CCN(c4cccc5nc6c(c(N)c45)CCCC6)CC3)c2c1,Peff,4.48,10'-6 cm/s,Effective permeability of the compound in PBS/ethanol buffer after 12 hrs by PAMPA
18291235,1712643,2257423,N#Cc1ccc2[nH]cc(CCCN3CCN(c4cccc5nc6c(c(N)c45)CCCC6)CC3)c2c1,Peff,5.46,10'-6 cm/s,Effective permeability of the compound in PBS/ethanol buffer after 12 hrs by PAMPA
18291236,1712643,2260710,COC(=O)c1ccc2[nH]cc(CCCCN3CCN(c4cccc5nc6c(c(N)c45)CCCC6)CC3)c2c1,Peff,6.22,10'-6 cm/s,Effective permeability of the compound in PBS/ethanol buffer after 12 hrs by PAMPA
18291237,1712643,2260861,Nc1c2c(nc3cccc(N4CCN(CCCCc5c[nH]c6ccc(F)cc56)CC4)c13)CCCC2,Peff,3.76,10'-6 cm/s,Effective permeability of the compound in PBS/ethanol buffer after 12 hrs by PAMPA
18291238,1712643,2259465,Nc1c2c(nc3cccc(N4CCN(CCCCc5c[nH]c6ccc(Cl)cc56)CC4)c13)CCCC2,Peff,2.74,10'-6 cm/s,Effective permeability of the compound in PBS/ethanol buffer after 12 hrs by PAMPA
18291239,1712643,2259891,Nc1c2c(nc3cccc(N4CCN(CCCCc5c[nH]c6ccc(Br)cc56)CC4)c13)CCCC2,Peff,3.05,10'-6 cm/s,Effective permeability of the compound in PBS/ethanol buffer after 12 hrs by PAMPA
18291240,1712643,2258509,Nc1c2c(nc3cccc(N4CCN(CCCCc5c[nH]c6ccccc56)CC4)c13)CCCC2,Peff,3.52,10'-6 cm/s,Effective permeability of the compound in PBS/ethanol buffer after 12 hrs by PAMPA
18291241,1712643,2258649,COc1ccc2[nH]cc(CCCCN3CCN(c4cccc5nc6c(c(N)c45)CCCC6)CC3)c2c1,Peff,4.53,10'-6 cm/s,Effective permeability of the compound in PBS/ethanol buffer after 12 hrs by PAMPA
18291242,1712643,2261921,Cc1ccc2[nH]cc(CCCCN3CCN(c4cccc5nc6c(c(N)c45)CCCC6)CC3)c2c1,Peff,3.64,10'-6 cm/s,Effective permeability of the compound in PBS/ethanol buffer after 12 hrs by PAMPA
18291243,1712643,16485,Cn1c(=O)c2c(ncn2C)n(C)c1=O,Peff,1.09,10'-6 cm/s,Effective permeability of the compound in PBS/ethanol buffer after 12 hrs by PAMPA
18291244,1712643,27609,Clc1cccc(Cl)c1NC1=NCCN1,Peff,3.71,10'-6 cm/s,Effective permeability of the compound in PBS/ethanol buffer after 12 hrs by PAMPA
18291245,1712643,721,CN1C(=O)CN=C(c2ccccc2)c2cc(Cl)ccc21,Peff,16.46,10'-6 cm/s,Effective permeability of the compound in PBS/ethanol buffer after 12 hrs by PAMPA
18291246,1712643,27626,C[C@]12CC[C@@H]3c4ccc(O)cc4CC[C@H]3[C@@H]1CC[C@@H]2O,Peff,9.61,10'-6 cm/s,Effective permeability of the compound in PBS/ethanol buffer after 12 hrs by PAMPA
18291247,1712643,12825,CC(=O)[C@H]1CC[C@H]2[C@@H]3CCC4=CC(=O)CC[C@]4(C)[C@H]3CC[C@]12C,Peff,9.96,10'-6 cm/s,Effective permeability of the compound in PBS/ethanol buffer after 12 hrs by PAMPA
18291248,1712643,364520,C[C@]12CC[C@H]3[C@@H](CCC4=CC(=O)CC[C@@]43C)[C@@H]1CC[C@@H]2O,Peff,15.6,10'-6 cm/s,Effective permeability of the compound in PBS/ethanol buffer after 12 hrs by PAMPA
18291249,1712643,65605,COc1ccc(CCN2CCC(Nc3nc4ccccc4n3Cc3ccc(F)cc3)CC2)cc1,Peff,8.48,10'-6 cm/s,Effective permeability of the compound in PBS/ethanol buffer after 12 hrs by PAMPA
18291250,1712643,374052,C[C@]12CCC(=O)C=C1CC[C@@H]1[C@@H]2[C@@H](O)C[C@@]2(C)[C@H]1CC[C@]2(O)C(=O)CO,Peff,1.59,10'-6 cm/s,Effective permeability of the compound in PBS/ethanol buffer after 12 hrs by PAMPA
18291251,1712643,57175,CCn1cc(C(=O)O)c(=O)c2cc(F)c(N3CCNCC3)nc21,Peff,0.7,10'-6 cm/s,Effective permeability of the compound in PBS/ethanol buffer after 12 hrs by PAMPA
18291252,1712643,16278,CCn1cc(C(=O)O)c(=O)c2cc(F)c(N3CCNC(C)C3)c(F)c21,Peff,0.52,10'-6 cm/s,Effective permeability of the compound in PBS/ethanol buffer after 12 hrs by PAMPA
18291253,1712643,182165,C[C@]12C[C@H](O)[C@H]3[C@@H](CCC4=CC(=O)CC[C@@]43C)[C@@H]1CC[C@@H]2C(=O)CO,Peff,2.79,10'-6 cm/s,Effective permeability of the compound in PBS/ethanol buffer after 12 hrs by PAMPA
18291254,1712643,2258765,CC1COc2c(N3CCN(C)CC3)c(F)cc3c2N1CC(C(=O)O)C3=O,Peff,0.4,10'-6 cm/s,Effective permeability of the compound in PBS/ethanol buffer after 12 hrs by PAMPA
18291255,1712643,11968,CN1C(C(=O)Nc2ccccn2)=C(O)c2ccccc2S1(=O)=O,Peff,0.48,10'-6 cm/s,Effective permeability of the compound in PBS/ethanol buffer after 12 hrs by PAMPA
18292560,1712837,2259207,COCCCOc1nc(C(C)(C)C)ncc1C(=O)N(CC(C)C)[C@@H]1CNC[C@H](C(=O)N2CCOCC2)C1,permeability,272,nm/s,Permeability of the compound at pH 7.4 buffer after 3 hrs by PAMPA
18292561,1712837,2257827,CCCCCNc1nc(C(C)(C)C)ncc1C(=O)N(CC(C)C)[C@@H]1CNC[C@H](C(=O)N2CCOCC2)C1,permeability,252,nm/s,Permeability of the compound at pH 7.4 buffer after 3 hrs by PAMPA
18292562,1712837,2099142,CCCCCCc1nc(C(C)(C)C)ncc1C(=O)N(CC(C)C)[C@@H]1CNC[C@H](C(=O)N2CCOCC2)C1,permeability,435,nm/s,Permeability of the compound at pH 7.4 buffer after 3 hrs by PAMPA
18292563,1712837,2168180,COCCCNc1nc(C(C)(C)C)ncc1C(=O)N(CC(C)C)[C@@H]1CNC[C@H](C(=O)N2CCOCC2)C1,permeability,390,nm/s,Permeability of the compound at pH 7.4 buffer after 3 hrs by PAMPA
18292564,1712837,2261522,COCCCCn1c(C(=O)N(CC(C)C)[C@@H]2CNC[C@H](C(=O)N3CCOCC3)C2)cnc1-c1ccccc1,permeability,72,nm/s,Permeability of the compound at pH 7.4 buffer after 3 hrs by PAMPA
18292565,1712837,2260620,COCCCCn1c(C(=O)N(CC(C)C)[C@@H]2CNC[C@H](C(=O)N3CCOCC3)C2)ccc1-c1ccccc1,permeability,217,nm/s,Permeability of the compound at pH 7.4 buffer after 3 hrs by PAMPA
18292566,1712837,2261800,COCCCCc1c(C(=O)N(CC(C)C)[C@@H]2CNC[C@H](C(=O)N3CCOCC3)C2)ncn1-c1ccccc1,permeability,78,nm/s,Permeability of the compound at pH 7.4 buffer after 3 hrs by PAMPA
18292567,1712837,2259377,COCCCCc1c(C(=O)N(CC(C)C)[C@@H]2CNC[C@H](C(=O)N3CCOCC3)C2)cnn1-c1ccccc1,permeability,78,nm/s,Permeability of the compound at pH 7.4 buffer after 3 hrs by PAMPA
18292568,1712837,2260772,COCCCCc1c(C(=O)N(CC(C)C)[C@@H]2CNC[C@H](C(=O)N3CCOCC3)C2)nnn1-c1ccccc1,permeability,369,nm/s,Permeability of the compound at pH 7.4 buffer after 3 hrs by PAMPA
18292569,1712837,2258144,COCCCCn1c(C(=O)N(CC(C)C)[C@@H]2CNC[C@H](C(=O)N3CCOCC3)C2)nnc1-c1ccccc1,permeability,116,nm/s,Permeability of the compound at pH 7.4 buffer after 3 hrs by PAMPA
18292570,1712837,2259533,COCCCCc1c(C(=O)N(CC(C)C)[C@@H]2CNC[C@H](C(=O)N3CCOCC3)C2)nc2ccccn12,permeability,63,nm/s,Permeability of the compound at pH 7.4 buffer after 3 hrs by PAMPA
18292571,1712837,2198016,COCCCCn1c(C(=O)N(CC(C)C)[C@@H]2CNC[C@H](C(=O)N3CCOCC3)C2)nc2ccccc21,permeability,345,nm/s,Permeability of the compound at pH 7.4 buffer after 3 hrs by PAMPA
18292573,1712837,2260898,COCCCCn1c(C(=O)N(CC(C)C)[C@@H]2CNC[C@H](C(=O)N3CCOCC3)C2)cc2ccccc21,permeability,282,nm/s,Permeability of the compound at pH 7.4 buffer after 3 hrs by PAMPA
18292574,1712837,2257591,CC(C)CN(C(=O)c1nc2ccccc2[nH]1)[C@@H]1CNC[C@H](C(=O)N2CCOCC2)C1,permeability,60,nm/s,Permeability of the compound at pH 7.4 buffer after 3 hrs by PAMPA
18292575,1712837,2258870,CC(C)CN(C(=O)c1nc2ccccc2n1C)[C@@H]1CNC[C@H](C(=O)N2CCOCC2)C1,permeability,274,nm/s,Permeability of the compound at pH 7.4 buffer after 3 hrs by PAMPA
18292576,1712837,2261556,CCn1c(C(=O)N(CC(C)C)[C@@H]2CNC[C@H](C(=O)N3CCOCC3)C2)nc2ccccc21,permeability,242,nm/s,Permeability of the compound at pH 7.4 buffer after 3 hrs by PAMPA
18292577,1712837,2260129,COCCCCn1c(C(=O)N(CC(C)C)[C@H]2CCCNC2)nc2ccccc21,permeability,324,nm/s,Permeability of the compound at pH 7.4 buffer after 3 hrs by PAMPA
18292578,1712837,2261891,COCCCCn1c(C(=O)N(CC(C)C)[C@@H]2CNC[C@H](CO)C2)nc2ccccc21,permeability,82,nm/s,Permeability of the compound at pH 7.4 buffer after 3 hrs by PAMPA
18292579,1712837,2260486,COCCCCn1c(C(=O)N(CC(C)C)[C@@H]2CNC[C@H](C(C)(C)O)C2)nc2ccccc21,permeability,202,nm/s,Permeability of the compound at pH 7.4 buffer after 3 hrs by PAMPA
18292580,1712837,2258450,CCn1c(C(=O)N(CC(C)C)[C@@H]2CNC[C@H](CO)C2)nc2ccccc21,permeability,55,nm/s,Permeability of the compound at pH 7.4 buffer after 3 hrs by PAMPA
18294258,1713034,2258711,CC1(C)c2cccc(C(=O)NO)c2CN1c1nc2ccc(C(F)(F)F)cc2[nH]1,permeability,0.1,10'-6 cm/s,Permeability of the compound by PAMPA
18294259,1713034,2261979,CC1(C)c2cccc(C(=O)NO)c2CN1c1nc2cc(C(F)(F)F)ccc2o1,permeability,7,10'-6 cm/s,Permeability of the compound by PAMPA
18294260,1713034,2260663,CC1(C)c2cccc(C(=O)NO)c2CN1c1nc2ncccc2o1,permeability,0.7,10'-6 cm/s,Permeability of the compound by PAMPA
18294261,1713034,2260825,CC1(C)c2cccc(C(=O)NO)c2CN1c1ccc(C(F)(F)F)cn1,permeability,12,10'-6 cm/s,Permeability of the compound by PAMPA
18294262,1713034,2259426,CC1(C)c2cccc(C(=O)NO)c2CN1c1ccc(C(F)(F)F)nc1,permeability,8,10'-6 cm/s,Permeability of the compound by PAMPA
18294263,1713034,2259585,CC1(C)c2cccc(C(=O)NO)c2CN1c1ncc(C(F)(F)F)cn1,permeability,18,10'-6 cm/s,Permeability of the compound by PAMPA
18294265,1713034,2261621,CC1(C)c2cccc(C(N)=O)c2CN1c1cnc(C(F)(F)F)cn1,permeability,17,10'-6 cm/s,Permeability of the compound by PAMPA
18294266,1713034,2258352,CC1(C)c2cccc(C(=O)NO)c2CN1c1cnc(C(F)(F)F)cn1,permeability,13,10'-6 cm/s,Permeability of the compound by PAMPA
18306351,1715770,2276129,CCN(CC)CCNC(=O)c1oc2ccc(N(Cc3ccc(Br)cc3)S(=O)(=O)c3ccc(Br)cc3)cc2c1C,Peff,2.54,ucm/s,Effective permeability of the compound at pH 7.4 by PAMPA
18306352,1715770,2262076,Cc1c(C(=O)NC2CCN(C)CC2)oc2ccc(N(Cc3ccc(Br)cc3)S(=O)(=O)c3ccc(Br)cc3)cc12,Peff,6.54,ucm/s,Effective permeability of the compound at pH 7.4 by PAMPA
18306353,1715770,16591,CC(C(=O)O)c1cccc(C(=O)c2ccccc2)c1,Peff,4.5,ucm/s,Effective permeability of the compound at pH 7.4 by PAMPA
18306354,1715770,1370,CC(C)NCC(O)COc1cccc2ccccc12,Peff,112.8,ucm/s,Effective permeability of the compound at pH 7.4 by PAMPA
18307973,1716170,2275550,Cc1cc2c(cc1C)-c1oc(CNc3ccc(F)cc3)c(C)c1C(=O)C2=O,Peff,42,10'-6 cm/s,Effective permeability of the compound at pH 7.4 by PAMPA assay
18307974,1716170,2267789,Cc1cc2c(cc1C)-c1oc(CNc3cccc(F)c3)c(C)c1C(=O)C2=O,Peff,66.2,10'-6 cm/s,Effective permeability of the compound at pH 7.4 by PAMPA assay
18307975,1716170,2264084,Cc1cc2c(cc1C)-c1oc(CN3CCN(c4ccc(F)cc4)CC3)c(C)c1C(=O)C2=O,Peff,28.3,10'-6 cm/s,Effective permeability of the compound at pH 7.4 by PAMPA assay
18307976,1716170,2274689,Cc1cc2c(cc1C)-c1oc(CNc3ccc(CN4CCOCC4)cc3)c(C)c1C(=O)C2=O,Peff,46.5,10'-6 cm/s,Effective permeability of the compound at pH 7.4 by PAMPA assay
18307977,1716170,2265960,Cc1cc2c(cc1C)-c1oc(C(=O)N3CCN(Cc4ccccc4)CC3)c(C)c1C(=O)C2=O,Peff,11.9,10'-6 cm/s,Effective permeability of the compound at pH 7.4 by PAMPA assay
18307978,1716170,2242336,Cc1cc2c(cc1C)-c1occ(C)c1C(=O)C2=O,Peff,43.1,10'-6 cm/s,Effective permeability of the compound at pH 7.4 by PAMPA assay
18307979,1716170,15738,CC1(C)CCC2=C(O1)c1ccccc1C(=O)C2=O,Peff,46.4,10'-6 cm/s,Effective permeability of the compound at pH 7.4 by PAMPA assay
18307980,1716170,16591,CC(C(=O)O)c1cccc(C(=O)c2ccccc2)c1,Peff,1.93,10'-6 cm/s,Effective permeability of the compound at pH 7.4 by PAMPA assay
18312494,1717438,2271661,CS(=O)(=O)CCn1c(Cn2cc(S(C)(=O)=O)c3ccccc32)nc2cc(Cl)ccc21,Peff,2.3,10'-6 cm/s,Effective permeability of the compound by PAMPA
18312572,1717438,2275014,CS(=O)(=O)CCn1c(Cn2cc(S(C)(=O)=O)c3ccccc32)nc2ccccc21,Peff,4.87,10'-6 cm/s,Effective permeability of the compound by PAMPA
18312573,1717438,2263739,CS(=O)(=O)CCCn1c(Cn2cc(S(C)(=O)=O)c3ccccc32)nc2cc(Cl)ccc21,Peff,1.55,10'-6 cm/s,Effective permeability of the compound by PAMPA
18312574,1717438,2278458,CN(C)S(=O)(=O)c1cn(Cc2nc3cc(Cl)ccc3n2CCCS(C)(=O)=O)c2ccccc12,Peff,1.55,10'-6 cm/s,Effective permeability of the compound by PAMPA
18312575,1717438,2262259,CS(=O)(=O)CCCn1c(Cn2nc(S(C)(=O)=O)c3ccccc32)nc2cc(Cl)ccc21,Peff,2.78,10'-6 cm/s,Effective permeability of the compound by PAMPA
18312576,1717438,2277093,CS(=O)(=O)CCCn1c(Cn2nc(S(C)(=O)=O)c3ccncc32)nc2cc(Cl)ccc21,Peff,1.55,10'-6 cm/s,Effective permeability of the compound by PAMPA
18312577,1717438,2267045,CS(=O)(=O)c1nn(Cc2nc3cc(Cl)ccc3n2CCCO)c2cnccc12,Peff,3.47,10'-6 cm/s,Effective permeability of the compound by PAMPA
18312578,1717438,2264717,CS(=O)(=O)c1nn(Cc2nc3cc(Cl)ccc3n2CCCCO)c2cnccc12,Peff,2.42,10'-6 cm/s,Effective permeability of the compound by PAMPA
18312579,1717438,2275348,CC(C)(O)CCn1c(Cn2nc(S(C)(=O)=O)c3ccncc32)nc2cc(Cl)ccc21,Peff,2.39,10'-6 cm/s,Effective permeability of the compound by PAMPA
18312580,1717438,2278756,CC(C)(O)CCCn1c(Cn2nc(S(C)(=O)=O)c3ccncc32)nc2cc(Cl)ccc21,Peff,2.57,10'-6 cm/s,Effective permeability of the compound by PAMPA
18312581,1717438,2276483,CS(=O)(=O)c1nn(Cc2nc3cc(Cl)ccc3n2CCOCCO)c2cnccc12,Peff,3.12,10'-6 cm/s,Effective permeability of the compound by PAMPA
18312582,1717438,2272226,CS(=O)(=O)c1nn(Cc2nc3cc(Cl)ccc3n2CCC(O)C(F)(F)F)c2cnccc12,Peff,4.29,10'-6 cm/s,Effective permeability of the compound by PAMPA
18312583,1717438,2268793,CS(=O)(=O)c1nn(Cc2nc3cc(Cl)ccc3n2CCC(F)(F)F)c2cnccc12,Peff,2.81,10'-6 cm/s,Effective permeability of the compound by PAMPA
18312584,1717438,2272630,CS(=O)(=O)c1nn(Cc2nc3cc(Cl)ccc3n2CCCCC(F)(F)F)c2cnccc12,Peff,0.95,10'-6 cm/s,Effective permeability of the compound by PAMPA
18312585,1717438,2280488,CS(=O)(=O)c1nn(Cc2nc3cc(Cl)ccc3n2CC2COC2)c2cnccc12,Peff,3.22,10'-6 cm/s,Effective permeability of the compound by PAMPA
18313371,1717647,2272545,COc1cc(/C=C/C(=O)c2cccnc2)ccc1O,permeability,9.9,10'-6 cm/s,Passive permeability of the compound at 100 uM after 6 hrs by PAMPA
18313372,1717647,2269126,O=C(/C=C/c1ccc(O)c(O)c1)c1cccnc1,permeability,5.5,10'-6 cm/s,Passive permeability of the compound at 100 uM after 6 hrs by PAMPA
18313373,1717647,941313,O=C(/C=C/c1cccc(O)c1)c1cccnc1,permeability,6.5,10'-6 cm/s,Passive permeability of the compound at 100 uM after 6 hrs by PAMPA
18313374,1717647,9372,COc1cc2c(cc1OC)C(=O)C(CC1CCN(Cc3ccccc3)CC1)C2,permeability,7.3,10'-6 cm/s,Passive permeability of the compound at 100 uM after 6 hrs by PAMPA
18313375,1717647,27251,CCN(C)C(=O)Oc1cccc([C@H](C)N(C)C)c1,permeability,6.6,10'-6 cm/s,Passive permeability of the compound at 100 uM after 6 hrs by PAMPA
18313376,1717647,9333,Nc1c2c(nc3ccccc13)CCCC2,permeability,5.3,10'-6 cm/s,Passive permeability of the compound at 100 uM after 6 hrs by PAMPA
18313377,1717647,364520,C[C@]12CC[C@H]3[C@@H](CCC4=CC(=O)CC[C@@]43C)[C@@H]1CC[C@@H]2O,permeability,11.3,10'-6 cm/s,Passive permeability of the compound at 100 uM after 6 hrs by PAMPA
18313378,1717647,6216,CN(C)CCCN1c2ccccc2Sc2ccc(Cl)cc21,permeability,5.6,10'-6 cm/s,Passive permeability of the compound at 100 uM after 6 hrs by PAMPA
18313379,1717647,374052,C[C@]12CCC(=O)C=C1CC[C@@H]1[C@@H]2[C@@H](O)C[C@@]2(C)[C@H]1CC[C@]2(O)C(=O)CO,permeability,2.9,10'-6 cm/s,Passive permeability of the compound at 100 uM after 6 hrs by PAMPA
18313380,1717647,11968,CN1C(C(=O)Nc2ccccn2)=C(O)c2ccccc2S1(=O)=O,permeability,2.2,10'-6 cm/s,Passive permeability of the compound at 100 uM after 6 hrs by PAMPA
18313381,1717647,381693,Cn1c(=O)c2[nH]cnc2n(C)c1=O,permeability,1.1,10'-6 cm/s,Passive permeability of the compound at 100 uM after 6 hrs by PAMPA
18313382,1717647,1279,CC(C)NCC(O)COc1ccc(CC(N)=O)cc1,permeability,1,10'-6 cm/s,Passive permeability of the compound at 100 uM after 6 hrs by PAMPA
18324011,1719985,2277272,CCN1CCN(c2cc(C)c3cc(NC(=O)c4ccc(Cl)c(Cl)c4)ccc3n2)CC1,permeability,25.86,10'-6 cm/s,Permeability coefficient of the compound at pH 7.4 by double-sink PAMPA
18324012,1719985,2262277,Cc1cc(NCCN(C)C)nc2ccc(NC(=O)c3ccc(Cl)c(Cl)c3)cc12,permeability,3.13,10'-6 cm/s,Permeability coefficient of the compound at pH 7.4 by double-sink PAMPA
18324013,1719985,2270191,CCN(CC)CCNc1cc(C)c2cc(NC(=O)c3ccc(Cl)c(Cl)c3)ccc2n1,permeability,28.11,10'-6 cm/s,Permeability coefficient of the compound at pH 7.4 by double-sink PAMPA
18324014,1719985,2265118,Cc1cc(NCCN2CCCC2)nc2ccc(NC(=O)c3ccc(Cl)c(Cl)c3)cc12,permeability,20.8,10'-6 cm/s,Permeability coefficient of the compound at pH 7.4 by double-sink PAMPA
18324015,1719985,2275795,Cc1cc(NCCN2CCCCC2)nc2ccc(NC(=O)c3ccc(Cl)c(Cl)c3)cc12,permeability,47.28,10'-6 cm/s,Permeability coefficient of the compound at pH 7.4 by double-sink PAMPA
18324016,1719985,2268560,Cc1cc(NCCN2CCOCC2)nc2ccc(NC(=O)c3ccc(Cl)c(Cl)c3)cc12,permeability,49.79,10'-6 cm/s,Permeability coefficient of the compound at pH 7.4 by double-sink PAMPA
18324017,1719985,2272360,Cc1cc(NCCN2CCN(C)CC2)nc2ccc(NC(=O)c3ccc(Cl)c(Cl)c3)cc12,permeability,7.71,10'-6 cm/s,Permeability coefficient of the compound at pH 7.4 by double-sink PAMPA
18325966,1720322,2272857,CCN(C)C(=O)Oc1cccc(NC(=O)c2cc(O)c(O)c(O)c2)c1,Peff,3.08,10'-6 cm/s,Permeability at 100 ug/ml incubated for 10 hrs by PAMPA method
18325967,1720322,2262567,CCN(C)C(=O)Oc1cccc(CNC(=O)c2cc(O)c(O)c(O)c2)c1,Peff,4.86,10'-6 cm/s,Permeability at 100 ug/ml incubated for 10 hrs by PAMPA method
18325968,1720322,2273188,CCN(C)C(=O)Oc1cccc(CCNC(=O)c2cc(O)c(O)c(O)c2)c1,Peff,5.14,10'-6 cm/s,Permeability at 100 ug/ml incubated for 10 hrs by PAMPA method
18325969,1720322,2277681,CCN(C)C(=O)Oc1cccc(NC(=O)CCCCC2CCSS2)c1,Peff,10.32,10'-6 cm/s,Permeability at 100 ug/ml incubated for 10 hrs by PAMPA method
18325970,1720322,2269780,CCN(C)C(=O)Oc1cccc(CNC(=O)CCCCC2CCSS2)c1,Peff,27.79,10'-6 cm/s,Permeability at 100 ug/ml incubated for 10 hrs by PAMPA method
18325971,1720322,2269380,CCN(C)C(=O)Oc1cccc(CCNC(=O)CCCCC2CCSS2)c1,Peff,12.12,10'-6 cm/s,Permeability at 100 ug/ml incubated for 10 hrs by PAMPA method
18325975,1720322,27251,CCN(C)C(=O)Oc1cccc([C@H](C)N(C)C)c1,Peff,16.32,10'-6 cm/s,Permeability at 100 ug/ml incubated for 10 hrs by PAMPA method
18337708,1722468,2273145,COc1cc2c(NC3CCN(C)CC3)cc(-c3ccc(C)o3)nc2cc1OCCCN1CCCC1,permeability,12.9,nm/s,Permeability of the compound at 50 uM after 18 hrs by PAMPA
18337709,1722468,2262635,COc1cc2c(NC3CCN(C)CC3)cc(C3CCCCC3)nc2cc1OCCCN1CCCC1,permeability,19.8,nm/s,Permeability of the compound at 50 uM after 18 hrs by PAMPA
18337710,1722468,2276699,COc1cc2c(NC3CCN(C)CC3)cc(C3=CCCCC3)nc2cc1OCCCN1CCCC1,permeability,20.9,nm/s,Permeability of the compound at 50 uM after 18 hrs by PAMPA
18337711,1722468,2277755,COc1cc2c(NC3CCN(C)CC3)cc(-c3ccccc3)nc2cc1OCCCN1CCCC1,permeability,16.9,nm/s,Permeability of the compound at 50 uM after 18 hrs by PAMPA
18337712,1722468,2267528,COc1cc2c(NC3CCN(C)CC3)cc(-c3cccnc3)nc2cc1OCCCN1CCCC1,permeability,2.2,nm/s,Permeability of the compound at 50 uM after 18 hrs by PAMPA
18337713,1722468,2276693,COc1cc2c(NC3CCN(C)CC3)cc(-c3ccoc3)nc2cc1OCCCN1CCCC1,permeability,2.2,nm/s,Permeability of the compound at 50 uM after 18 hrs by PAMPA
18337714,1722468,2262628,COc1cc2c(NC3CCN(C)CC3)cc(-c3ccc(C)s3)nc2cc1OCCCN1CCCC1,permeability,29.1,nm/s,Permeability of the compound at 50 uM after 18 hrs by PAMPA
18337715,1722468,2272864,COc1cc2c(NC3CCN(C)CC3)cc(-c3ccnn3C)nc2cc1OCCCN1CCCC1,permeability,0.9,nm/s,Permeability of the compound at 50 uM after 18 hrs by PAMPA
18337716,1722468,2280067,COc1cc2c(NC3CCN(C)CC3)cc(C3=CCOCC3)nc2cc1OCCCN1CCCC1,permeability,3.7,nm/s,Permeability of the compound at 50 uM after 18 hrs by PAMPA
18337717,1722468,2270956,COc1cc2c(NC3CCN(C)CC3)cc(C3CCOCC3)nc2cc1OCCCN1CCCC1,permeability,2.2,nm/s,Permeability of the compound at 50 uM after 18 hrs by PAMPA
18337718,1722468,2263039,CCc1ccc(-c2cc(NC3CCN(C)CC3)c3cc(OC)c(OCCCN4CCCC4)cc3n2)o1,permeability,23.9,nm/s,Permeability of the compound at 50 uM after 18 hrs by PAMPA
18337719,1722468,2262986,CCNCc1ccc(-c2cc(NC3CCN(C)CC3)c3cc(OC)c(OCCCN4CCCC4)cc3n2)o1,permeability,1.3,nm/s,Permeability of the compound at 50 uM after 18 hrs by PAMPA
18337720,1722468,2278115,COc1cc2c(NC3CCN(C)CC3)cc(-c3ccc(CO)o3)nc2cc1OCCCN1CCCC1,permeability,0.5,nm/s,Permeability of the compound at 50 uM after 18 hrs by PAMPA
18337721,1722468,2266360,COc1cc2c(NC3CCNCC3)cc(-c3ccc(C)o3)nc2cc1OCCCN1CCCC1,permeability,2,nm/s,Permeability of the compound at 50 uM after 18 hrs by PAMPA
18337722,1722468,2274264,COc1cc2c(NC3CCN(C(C)C)CC3)cc(-c3ccc(C)o3)nc2cc1OCCCN1CCCC1,permeability,25.8,nm/s,Permeability of the compound at 50 uM after 18 hrs by PAMPA
18337723,1722468,2276657,CCc1ccc(-c2cc(NC3CCN(C(C)C)CC3)c3cc(OC)c(OCCCN4CCCC4)cc3n2)o1,permeability,38.3,nm/s,Permeability of the compound at 50 uM after 18 hrs by PAMPA
18337724,1722468,2265942,COc1cc2c(NC3CCN(C4CC4)CC3)cc(-c3ccc(C)o3)nc2cc1OCCCN1CCCC1,permeability,40.4,nm/s,Permeability of the compound at 50 uM after 18 hrs by PAMPA
18337725,1722468,2279495,CCc1ccc(-c2cc(NC3CCN(C4CC4)CC3)c3cc(OC)c(OCCCN4CCCC4)cc3n2)o1,permeability,55.6,nm/s,Permeability of the compound at 50 uM after 18 hrs by PAMPA
18376870,1729571,2264881,N[C@H]1CC[C@@H](N(C[C@H]2Cc3ccccc3CN2)[C@H]2CCCc3cccnc32)CC1,permeability,0,nm/s,Permeability of the compound in pH 7.4 buffer after 4 hrs by PAMPA
18376857,1729571,2236216,NC/C=C\CN(C[C@H]1Cc2ccccc2CN1)[C@H]1CCCc2cccnc21,permeability,570,nm/s,Permeability of the compound in pH 7.4 buffer after 4 hrs by PAMPA
18376858,1729571,2226058,NC/C=C/CN(C[C@H]1Cc2ccccc2CN1)[C@H]1CCCc2cccnc21,permeability,830,nm/s,Permeability of the compound in pH 7.4 buffer after 4 hrs by PAMPA
18376859,1729571,2262638,C/C(=C/CN(C[C@H]1Cc2ccccc2CN1)[C@H]1CCCc2cccnc21)CN,permeability,11,nm/s,Permeability of the compound in pH 7.4 buffer after 4 hrs by PAMPA
18376860,1729571,2267106,C/C(=C/CN)CN(C[C@H]1Cc2ccccc2CN1)[C@H]1CCCc2cccnc21,permeability,250,nm/s,Permeability of the compound in pH 7.4 buffer after 4 hrs by PAMPA
18376861,1729571,2277758,C/C(CN(C[C@H]1Cc2ccccc2CN1)[C@H]1CCCc2cccnc21)=C(\F)CN,permeability,550,nm/s,Permeability of the compound in pH 7.4 buffer after 4 hrs by PAMPA
18376862,1729571,2272481,C/C(CN(C[C@H]1Cc2ccccc2CN1)[C@H]1CCCc2cccnc21)=C(/F)CN,permeability,700,nm/s,Permeability of the compound in pH 7.4 buffer after 4 hrs by PAMPA
18376863,1729571,2264559,C/C(CN)=C(\F)CN(C[C@H]1Cc2ccccc2CN1)[C@H]1CCCc2cccnc21,permeability,490,nm/s,Permeability of the compound in pH 7.4 buffer after 4 hrs by PAMPA
18376864,1729571,2278531,C/C(CN)=C(/F)CN(C[C@H]1Cc2ccccc2CN1)[C@H]1CCCc2cccnc21,permeability,220,nm/s,Permeability of the compound in pH 7.4 buffer after 4 hrs by PAMPA
18376865,1729571,2267905,FC1(F)CCC(NC/C=C\CN(C[C@H]2Cc3ccccc3CN2)[C@H]2CCCc3cccnc32)CC1,permeability,13,nm/s,Permeability of the compound in pH 7.4 buffer after 4 hrs by PAMPA
18376866,1729571,2263432,NC(=O)NC/C=C\CN(C[C@H]1Cc2ccccc2CN1)[C@H]1CCCc2cccnc21,permeability,110,nm/s,Permeability of the compound in pH 7.4 buffer after 4 hrs by PAMPA
18376867,1729571,2266801,NCC1CC1CN(C[C@H]1Cc2ccccc2CN1)[C@H]1CCCc2cccnc21,permeability,130,nm/s,Permeability of the compound in pH 7.4 buffer after 4 hrs by PAMPA
18376868,1729571,2274674,N[C@H]1CC[C@H](CN(C[C@H]2Cc3ccccc3CN2)[C@H]2CCCc3cccnc32)CC1,permeability,12,nm/s,Permeability of the compound in pH 7.4 buffer after 4 hrs by PAMPA
18376869,1729571,2278119,N[C@H]1CC[C@H](N(C[C@H]2Cc3ccccc3CN2)[C@H]2CCCc3cccnc32)CC1,permeability,37,nm/s,Permeability of the compound in pH 7.4 buffer after 4 hrs by PAMPA
18385799,1731304,2263341,COc1ccc(C(=O)CCC2C=CN(Cc3cccc(Cl)c3)C=C2C#N)cc1OC,Peff,15.1,10'-6 cm/s,Effective permeability of compound at 100 uM at pH 7.4 by PAMPA
18385800,1731304,2268662,COc1ccc(C(=O)CCC2C=CN(Cc3cccc(Cl)c3)C=C2C(C)=O)cc1OC,Peff,18.2,10'-6 cm/s,Effective permeability of compound at 100 uM at pH 7.4 by PAMPA
18385801,1731304,2276593,COc1ccc(C(=O)CCC2C=CN(Cc3cccc(Cl)c3)C=C2C(N)=O)cc1OC,Peff,18.9,10'-6 cm/s,Effective permeability of compound at 100 uM at pH 7.4 by PAMPA
18385802,1731304,2201438,COc1cc2c(cc1OC)C(=O)C(CC1C=CN(Cc3ccccc3C)C=C1C(C)=O)C2,Peff,19.1,10'-6 cm/s,Effective permeability of compound at 100 uM at pH 7.4 by PAMPA
18385803,1731304,2263727,COc1cc2c(cc1OC)C(=O)C(CC1C=CN(Cc3ccccc3)C=C1C(C)=O)CC2,Peff,20.4,10'-6 cm/s,Effective permeability of compound at 100 uM at pH 7.4 by PAMPA
18385804,1731304,2265723,COc1ccc2c(c1)CCC(CC1C=CN(Cc3ccccc3Cl)C=C1C(C)=O)C2=O,Peff,21.2,10'-6 cm/s,Effective permeability of compound at 100 uM at pH 7.4 by PAMPA
18385805,1731304,2270985,COc1ccc2c(c1)CCC(CC1C=CN(Cc3ccccc3C)C=C1C(N)=O)C2=O,Peff,18.8,10'-6 cm/s,Effective permeability of compound at 100 uM at pH 7.4 by PAMPA
18385806,1731304,419463,C[C@]12CCC(=O)C=C1CC[C@@H]1[C@@H]2C(=O)C[C@@]2(C)[C@H]1CC[C@]2(O)C(=O)CO,Peff,16.8,10'-6 cm/s,Effective permeability of compound at 100 uM at pH 7.4 by PAMPA
18390262,1732035,2270555,Cc1cc(=O)oc2cc(OCCCCSC(=S)N3CCCCC3)ccc12,Peff,9.21,10'-6 cm/s,Effective permeability at 25 ug/ml after 16 hrs by PAMPA
18390263,1732035,1219,COc1ccc(CCN(C)CCCC(C#N)(c2ccc(OC)c(OC)c2)C(C)C)cc1OC,Peff,19.8,10'-6 cm/s,Effective permeability at 25 ug/ml after 16 hrs by PAMPA
18390264,1732035,605,CN(C)CCCN1c2ccccc2CCc2ccccc21,Peff,15.1,10'-6 cm/s,Effective permeability at 25 ug/ml after 16 hrs by PAMPA
18390265,1732035,12825,CC(=O)[C@H]1CC[C@H]2[C@@H]3CCC4=CC(=O)CC[C@]4(C)[C@H]3CC[C@]12C,Peff,16.2,10'-6 cm/s,Effective permeability at 25 ug/ml after 16 hrs by PAMPA
18390266,1732035,27609,Clc1cccc(Cl)c1NC1=NCCN1,Peff,5.1,10'-6 cm/s,Effective permeability at 25 ug/ml after 16 hrs by PAMPA
18390267,1732035,182165,C[C@]12C[C@H](O)[C@H]3[C@@H](CCC4=CC(=O)CC[C@@]43C)[C@@H]1CC[C@@H]2C(=O)CO,Peff,6.3,10'-6 cm/s,Effective permeability at 25 ug/ml after 16 hrs by PAMPA
18390268,1732035,11968,CN1C(C(=O)Nc2ccccn2)=C(O)c2ccccc2S1(=O)=O,Peff,4.5,10'-6 cm/s,Effective permeability at 25 ug/ml after 16 hrs by PAMPA
18390269,1732035,16485,Cn1c(=O)c2c(ncn2C)n(C)c1=O,Peff,3.3,10'-6 cm/s,Effective permeability at 25 ug/ml after 16 hrs by PAMPA
18390270,1732035,16278,CCn1cc(C(=O)O)c(=O)c2cc(F)c(N3CCNC(C)C3)c(F)c21,Peff,2.9,10'-6 cm/s,Effective permeability at 25 ug/ml after 16 hrs by PAMPA
18390271,1732035,146,CC1COc2c(N3CCN(C)CC3)c(F)cc3c(=O)c(C(=O)O)cn1c23,Peff,1.1,10'-6 cm/s,Effective permeability at 25 ug/ml after 16 hrs by PAMPA
18390272,1732035,364520,C[C@]12CC[C@H]3[C@@H](CCC4=CC(=O)CC[C@@]43C)[C@@H]1CC[C@@H]2O,Peff,24,10'-6 cm/s,Effective permeability at 25 ug/ml after 16 hrs by PAMPA
18390273,1732036,1219,COc1ccc(CCN(C)CCCC(C#N)(c2ccc(OC)c(OC)c2)C(C)C)cc1OC,Peff,16,10'-6 cm/s,Effective permeability at 25 ug/ml after 18 hrs by PAMPA
18390274,1732036,605,CN(C)CCCN1c2ccccc2CCc2ccccc21,Peff,13,10'-6 cm/s,Effective permeability at 25 ug/ml after 18 hrs by PAMPA
18390275,1732036,12825,CC(=O)[C@H]1CC[C@H]2[C@@H]3CCC4=CC(=O)CC[C@]4(C)[C@H]3CC[C@]12C,Peff,9.3,10'-6 cm/s,Effective permeability at 25 ug/ml after 18 hrs by PAMPA
18390276,1732036,27609,Clc1cccc(Cl)c1NC1=NCCN1,Peff,5.3,10'-6 cm/s,Effective permeability at 25 ug/ml after 18 hrs by PAMPA
18390277,1732036,182165,C[C@]12C[C@H](O)[C@H]3[C@@H](CCC4=CC(=O)CC[C@@]43C)[C@@H]1CC[C@@H]2C(=O)CO,Peff,5.1,10'-6 cm/s,Effective permeability at 25 ug/ml after 18 hrs by PAMPA
18390278,1732036,11968,CN1C(C(=O)Nc2ccccn2)=C(O)c2ccccc2S1(=O)=O,Peff,2.5,10'-6 cm/s,Effective permeability at 25 ug/ml after 18 hrs by PAMPA
18390279,1732036,16485,Cn1c(=O)c2c(ncn2C)n(C)c1=O,Peff,1.3,10'-6 cm/s,Effective permeability at 25 ug/ml after 18 hrs by PAMPA
18390280,1732036,16278,CCn1cc(C(=O)O)c(=O)c2cc(F)c(N3CCNC(C)C3)c(F)c21,Peff,1.1,10'-6 cm/s,Effective permeability at 25 ug/ml after 18 hrs by PAMPA
18390281,1732036,146,CC1COc2c(N3CCN(C)CC3)c(F)cc3c(=O)c(C(=O)O)cn1c23,Peff,0.8,10'-6 cm/s,Effective permeability at 25 ug/ml after 18 hrs by PAMPA
18390282,1732036,364520,C[C@]12CC[C@H]3[C@@H](CCC4=CC(=O)CC[C@@]43C)[C@@H]1CC[C@@H]2O,Peff,17,10'-6 cm/s,Effective permeability at 25 ug/ml after 18 hrs by PAMPA
18399514,1734269,508408,NCCCCN(Cc1nc2ccccc2[nH]1)[C@H]1CCCc2cccnc21,permeability,86,nm/s,Permeability of the compound at pH 7.4 after 4 hrs by PAMPA
18399506,1734269,1606050,NCCCCN(C[C@H]1Cc2ccccc2CN1)[C@H]1CCCc2cccnc21,permeability,0,nm/s,Permeability of the compound at pH 7.4 after 4 hrs by PAMPA
18399507,1734269,2262441,c1ccc2c(c1)CN[C@@H](CN(CC1CCNCC1)[C@H]1CCCc3cccnc31)C2,permeability,0,nm/s,Permeability of the compound at pH 7.4 after 4 hrs by PAMPA
18399508,1734269,2267733,c1ccc2c(c1)CN[C@@H](CN(CCC1CCNCC1)[C@H]1CCCc3cccnc31)C2,permeability,19,nm/s,Permeability of the compound at pH 7.4 after 4 hrs by PAMPA
18399509,1734269,2269487,c1ccc2c(c1)CN[C@@H](CN(CCN1CCNCC1)[C@H]1CCCc3cccnc31)C2,permeability,10,nm/s,Permeability of the compound at pH 7.4 after 4 hrs by PAMPA
18399510,1734269,2270089,c1ccc2c(c1)CN[C@@H](CN(CCCN1CCNCC1)[C@H]1CCCc3cccnc31)C2,permeability,0,nm/s,Permeability of the compound at pH 7.4 after 4 hrs by PAMPA
18399511,1734269,2262181,c1ccc2c(c1)CN[C@@H](CN(CCCCN1CCNCC1)[C@H]1CCCc3cccnc31)C2,permeability,14,nm/s,Permeability of the compound at pH 7.4 after 4 hrs by PAMPA
18399512,1734269,2266642,c1ccc2c(c1)CN[C@@H](CN(CC[C@@H]1CCCNC1)[C@H]1CCCc3cccnc31)C2,permeability,0,nm/s,Permeability of the compound at pH 7.4 after 4 hrs by PAMPA
18399513,1734269,2277321,c1ccc2c(c1)CN[C@@H](CN(CC[C@H]1CCCNC1)[C@H]1CCCc3cccnc31)C2,permeability,55,nm/s,Permeability of the compound at pH 7.4 after 4 hrs by PAMPA
18399515,1734269,2273888,c1ccc2c(c1)CN[C@H](CN(CCCN1CCNCC1)[C@H]1CCCc3cccnc31)C2,permeability,16,nm/s,Permeability of the compound at pH 7.4 after 4 hrs by PAMPA
18399516,1734269,2278381,c1cnc2c(c1)CN[C@@H](CN(CCCN1CCNCC1)[C@H]1CCCc3cccnc31)C2,permeability,9,nm/s,Permeability of the compound at pH 7.4 after 4 hrs by PAMPA
18399517,1734269,2270498,c1cnc2c(c1)CN[C@H](CN(CCCN1CCNCC1)[C@H]1CCCc3cccnc31)C2,permeability,0,nm/s,Permeability of the compound at pH 7.4 after 4 hrs by PAMPA
18399518,1734269,2265156,c1cnc(CN(CCCN2CCNCC2)[C@H]2CCCc3cccnc32)nc1,permeability,31,nm/s,Permeability of the compound at pH 7.4 after 4 hrs by PAMPA
18399519,1734269,2275833,c1cnc2c(c1)CCC[C@@H]2N(CCCN1CCNCC1)Cc1cc2ccccc2cn1,permeability,243,nm/s,Permeability of the compound at pH 7.4 after 4 hrs by PAMPA
18399520,1734269,2264644,c1cnc2c(c1)CCC[C@@H]2N(CCCN1CCNCC1)Cc1nc2ccccc2[nH]1,permeability,146,nm/s,Permeability of the compound at pH 7.4 after 4 hrs by PAMPA
18399522,1734269,2268063,CN1CCN(CCCN(C[C@H]2Cc3ccccc3CN2)[C@H]2CCCc3cccnc32)CC1,permeability,360,nm/s,Permeability of the compound at pH 7.4 after 4 hrs by PAMPA
18399523,1734269,2278684,CCN1CCN(CCCN(C[C@H]2Cc3ccccc3CN2)[C@H]2CCCc3cccnc32)CC1,permeability,317,nm/s,Permeability of the compound at pH 7.4 after 4 hrs by PAMPA
18399524,1734269,2263022,CC(C)N1CCN(CCCN(C[C@H]2Cc3ccccc3CN2)[C@H]2CCCc3cccnc32)CC1,permeability,344,nm/s,Permeability of the compound at pH 7.4 after 4 hrs by PAMPA
18399525,1734269,2263582,NC(=O)N1CCN(CCCN(C[C@H]2Cc3ccccc3CN2)[C@H]2CCCc3cccnc32)CC1,permeability,67,nm/s,Permeability of the compound at pH 7.4 after 4 hrs by PAMPA
18399526,1734269,2270685,c1ccc2c(c1)CN[C@@H](CN(CCCN1CCN(C3CC3)CC1)[C@H]1CCCc3cccnc31)C2,permeability,505,nm/s,Permeability of the compound at pH 7.4 after 4 hrs by PAMPA
18399527,1734269,2273172,CN1CCN(CCCN(C[C@H]2Cc3ccccc3CN2C)[C@H]2CCCc3cccnc32)CC1,permeability,513,nm/s,Permeability of the compound at pH 7.4 after 4 hrs by PAMPA
18408139,1735967,2263693,Cn1cc(-c2ccc(N(C(=O)NCc3ccccc3)[C@H]3CC[C@H](Nc4ccc(C#N)cn4)CC3)cc2)ccc1=O,permeability,273,nm/s,Permeability of the compound at 10 umol/L incubated for 3 hrs by LC/MS/MS detection based PAMPA method
18408181,1735967,2276285,Cn1cc(-c2ccc(N(C(=O)NCc3ccccc3)[C@H]3CC[C@H](Nc4ccc(C#N)cn4)CC3)cc2)cn1,permeability,288,nm/s,Permeability of the compound at 10 umol/L incubated for 3 hrs by LC/MS/MS detection based PAMPA method
18408208,1735967,2275394,N#Cc1ccc(N[C@H]2CC[C@H](N(C(=O)NCc3ccccc3)c3ccc(-c4cccnc4)cc3)CC2)nc1,permeability,280,nm/s,Permeability of the compound at 10 umol/L incubated for 3 hrs by LC/MS/MS detection based PAMPA method
18408226,1735967,2277746,Cn1ccc(-c2ccc(N(C(=O)NCc3ccccc3)[C@H]3CC[C@H](Nc4ccc(C#N)cn4)CC3)cc2)cc1=O,permeability,247,nm/s,Permeability of the compound at 10 umol/L incubated for 3 hrs by LC/MS/MS detection based PAMPA method
18439756,1741068,2272535,Cc1cccnc1CN(C)C[C@H]1Cc2c(cccc2N2CCNCC2)CN1,permeability,193,nm/s,Permeability of compound at pH 7.4 by PAMPA
18439745,1741068,1606050,NCCCCN(C[C@H]1Cc2ccccc2CN1)[C@H]1CCCc2cccnc21,permeability,0,nm/s,Permeability of compound at pH 7.4 by PAMPA
18439746,1741068,2275700,CN(C[C@H]1Cc2c(cccc2N2CCNCC2)CN1)[C@H]1CCCc2cccnc21,permeability,0,nm/s,Permeability of compound at pH 7.4 by PAMPA
18439747,1741068,2265042,CN(C[C@@H]1Cc2c(cccc2N2CCNCC2)CN1)[C@H]1CCCc2cccnc21,permeability,4,nm/s,Permeability of compound at pH 7.4 by PAMPA
18439748,1741068,2272311,CCN(C[C@H]1Cc2c(cccc2N2CCNCC2)CN1)[C@H]1CCCc2cccnc21,permeability,75,nm/s,Permeability of compound at pH 7.4 by PAMPA
18439749,1741068,2280161,CCCN(C[C@H]1Cc2c(cccc2N2CCNCC2)CN1)[C@H]1CCCc2cccnc21,permeability,26.5,nm/s,Permeability of compound at pH 7.4 by PAMPA
18439750,1741068,2268885,c1cnc2c(c1)CCC[C@@H]2N(CC1CC1)C[C@H]1Cc2c(cccc2N2CCNCC2)CN1,permeability,87,nm/s,Permeability of compound at pH 7.4 by PAMPA
18439751,1741068,2276808,CC(C)N(C[C@H]1Cc2c(cccc2N2CCNCC2)CN1)[C@H]1CCCc2cccnc21,permeability,16,nm/s,Permeability of compound at pH 7.4 by PAMPA
18439752,1741068,2279316,c1cnc2c(c1)CCC[C@@H]2N(CC1CCCCC1)C[C@H]1Cc2c(cccc2N2CCNCC2)CN1,permeability,9,nm/s,Permeability of compound at pH 7.4 by PAMPA
18439753,1741068,2271449,FC1(F)CCC(CN(C[C@H]2Cc3c(cccc3N3CCNCC3)CN2)[C@H]2CCCc3cccnc32)CC1,permeability,0,nm/s,Permeability of compound at pH 7.4 by PAMPA
18439754,1741068,2275929,OCCN(C[C@H]1Cc2c(cccc2N2CCNCC2)CN1)[C@H]1CCCc2cccnc21,permeability,11,nm/s,Permeability of compound at pH 7.4 by PAMPA
18439755,1741068,2279434,COCCN(C[C@H]1Cc2c(cccc2N2CCNCC2)CN1)[C@H]1CCCc2cccnc21,permeability,1,nm/s,Permeability of compound at pH 7.4 by PAMPA
18439757,1741068,2264620,Cc1cnc(CN(C)C[C@H]2Cc3c(cccc3N3CCNCC3)CN2)c(C)c1,permeability,0,nm/s,Permeability of compound at pH 7.4 by PAMPA
18439758,1741068,2269112,Cc1ccc(CN(C)C[C@H]2Cc3c(cccc3N3CCNCC3)CN2)nc1,permeability,225,nm/s,Permeability of compound at pH 7.4 by PAMPA
18439759,1741068,2279732,Cc1cnc2c(c1)CCC[C@@H]2N(C)C[C@H]1Cc2c(cccc2N2CCNCC2)CN1,permeability,9,nm/s,Permeability of compound at pH 7.4 by PAMPA
18439760,1741068,2274396,CN1CCN(c2cccc3c2C[C@H](CN2CCC[C@H]4CCc5cccnc5[C@H]42)NC3)CC1,permeability,323,nm/s,Permeability of compound at pH 7.4 by PAMPA
18439761,1741068,2266498,CN(C[C@H]1Cc2c(cccc2N2C[C@H]3C[C@@H]2CN3)CN1)[C@H]1CCCc2cccnc21,permeability,0,nm/s,Permeability of compound at pH 7.4 by PAMPA
18439762,1741068,2278627,CN(C[C@H]1Cc2c(cccc2N2C[C@@H]3C[C@H]2CN3)CN1)[C@H]1CCCc2cccnc21,permeability,0,nm/s,Permeability of compound at pH 7.4 by PAMPA
18439763,1741068,2268001,CN(C[C@H]1Cc2c(cccc2N2CCNC(C)(C)C2)CN1)[C@H]1CCCc2cccnc21,permeability,0,nm/s,Permeability of compound at pH 7.4 by PAMPA
18439764,1741068,2263527,C[C@@H]1CN(c2cccc3c2C[C@H](CN(C)[C@H]2CCCc4cccnc42)NC3)C[C@H](C)N1,permeability,39,nm/s,Permeability of compound at pH 7.4 by PAMPA
18439765,1741068,2271422,CN1CCN(c2cccc3c2C[C@H](CN(C)[C@H]2CCCc4cccnc42)NC3)CC1,permeability,996,nm/s,Permeability of compound at pH 7.4 by PAMPA
18439766,1741068,2266905,CCN1CCN(c2cccc3c2C[C@H](CN(C)[C@H]2CCCc4cccnc42)NC3)CC1,permeability,205,nm/s,Permeability of compound at pH 7.4 by PAMPA
18439767,1741068,2274786,CC(C)N1CCN(c2cccc3c2C[C@H](CN(C)[C@H]2CCCc4cccnc42)NC3)CC1,permeability,143,nm/s,Permeability of compound at pH 7.4 by PAMPA
18439768,1741068,2270355,CN(C[C@H]1Cc2c(cccc2N2CCN(C3CC3)CC2)CN1)[C@H]1CCCc2cccnc21,permeability,265,nm/s,Permeability of compound at pH 7.4 by PAMPA
18439769,1741068,2278232,CN(C[C@H]1Cc2c(cccc2N2CCN(C3COC3)CC2)CN1)[C@H]1CCCc2cccnc21,permeability,725,nm/s,Permeability of compound at pH 7.4 by PAMPA
18439770,1741068,2264980,CN(C[C@H]1Cc2c(cccc2N2CCN(c3cccc(C(F)(F)F)c3)CC2)CN1)[C@H]1CCCc2cccnc21,permeability,141,nm/s,Permeability of compound at pH 7.4 by PAMPA
18439771,1741068,2273573,C[C@@H]1CN(c2cccc3c2C[C@H](CN(C)[C@H]2CCCc4cccnc42)NC3)C[C@H](C)N1C,permeability,142,nm/s,Permeability of compound at pH 7.4 by PAMPA
18439772,1741068,2265640,CN(C[C@H]1Cc2c(cccc2N2CCN3CCC[C@@H]3C2)CN1)[C@H]1CCCc2cccnc21,permeability,740,nm/s,Permeability of compound at pH 7.4 by PAMPA
18439773,1741068,2277008,CN(C[C@H]1Cc2c(cccc2N2CCN3CCC[C@H]3C2)CN1)[C@H]1CCCc2cccnc21,permeability,167,nm/s,Permeability of compound at pH 7.4 by PAMPA
18439774,1741068,2269090,CN1Cc2cccc(N3CCNCC3)c2C[C@@H]1CN(C)[C@H]1CCCc2cccnc21,permeability,3,nm/s,Permeability of compound at pH 7.4 by PAMPA
18439775,1741068,2280369,CN1CCN(c2cccc3c2C[C@H](CN(C)[C@H]2CCCc4cccnc42)N(C)C3)CC1,permeability,364,nm/s,Permeability of compound at pH 7.4 by PAMPA
18443606,1742227,2267454,Cc1cnc(Oc2ccc3nc(COc4cccc(C(=O)O)c4)n(C)c3c2)c(C)c1,Papp,13,ucm/s,Apparent permeability of the compound after 4 hrs by PAMPA
18443607,1742227,2267784,Cn1c(COc2cccc(C(=O)O)c2)nc2ccc(Oc3ccc(Cl)c(F)c3)cc21,Papp,38.5,ucm/s,Apparent permeability of the compound after 4 hrs by PAMPA
18443608,1742227,2264363,Cn1c(COc2cccc(C(=O)O)c2)nc2ccc(Oc3ccc(Cl)c(F)c3)nc21,Papp,25.6,ucm/s,Apparent permeability of the compound after 4 hrs by PAMPA
18443610,1742227,2279474,Cn1c(COc2cccc(C(=O)O)c2)nc2ccc(Oc3ccc(F)cc3)nc21,Papp,8.6,ucm/s,Apparent permeability of the compound after 4 hrs by PAMPA
18443611,1742227,2268863,Cc1ccc(Oc2ccc3nc(COc4cccc(C(=O)O)c4)n(C)c3n2)cc1,Papp,12.6,ucm/s,Apparent permeability of the compound after 4 hrs by PAMPA
18443612,1742227,2276095,Cc1ccc(Oc2ccc3nc(COc4cccc(C(=O)O)c4)n(C)c3n2)cc1F,Papp,14.8,ucm/s,Apparent permeability of the compound after 4 hrs by PAMPA
18443613,1742227,2265418,Cc1ccc(Oc2ccc3nc(COc4cccc(C(=O)O)c4)n(C)c3n2)c(C)c1,Papp,28.8,ucm/s,Apparent permeability of the compound after 4 hrs by PAMPA
18443614,1742227,2262880,Cc1cc(C)cc(Oc2ccc3nc(COc4cccc(C(=O)O)c4)n(C)c3n2)c1,Papp,17.4,ucm/s,Apparent permeability of the compound after 4 hrs by PAMPA
18443615,1742227,2270798,Cc1ccc(Oc2ccc3nc(COc4cccc(C(=O)O)c4)n(C)c3n2)cc1C,Papp,12.4,ucm/s,Apparent permeability of the compound after 4 hrs by PAMPA
18443616,1742227,2266124,Cn1c(COc2cccc(C(=O)O)c2)nc2ccc(Oc3ccc4c(c3)CCC4)nc21,Papp,31.5,ucm/s,Apparent permeability of the compound after 4 hrs by PAMPA
18443617,1742227,2276833,Cn1c(COc2cccc(C(=O)O)c2)nc2ccc(Oc3ccc4c(c3)OCC4)nc21,Papp,9.1,ucm/s,Apparent permeability of the compound after 4 hrs by PAMPA
18443618,1742227,2270211,Cn1c(COc2cccc(C(=O)O)c2)nc2cnc(Oc3ccc(Cl)c(F)c3)cc21,Papp,11.2,ucm/s,Apparent permeability of the compound after 4 hrs by PAMPA
18443619,1742227,2280185,Cc1ccc(Oc2cc3c(cn2)nc(COc2cccc(C(=O)O)c2)n3C)cc1,Papp,6.8,ucm/s,Apparent permeability of the compound after 4 hrs by PAMPA
18443620,1742227,2277868,Cn1c(COc2cccc(C(=O)O)c2)nc2cnc(Oc3ccc4c(c3)OCC4)cc21,Papp,3.6,ucm/s,Apparent permeability of the compound after 4 hrs by PAMPA
18443621,1742227,2269977,Cn1c(COc2cccc(C(=O)O)c2)nc2cnc(Oc3ccc4c(c3)CCC4)cc21,Papp,16.5,ucm/s,Apparent permeability of the compound after 4 hrs by PAMPA
18443622,1742227,2262751,Cn1c(COc2cccc(C(=O)O)c2)nc2ccc(Oc3ccccn3)cc21,Papp,2.2,ucm/s,Apparent permeability of the compound after 4 hrs by PAMPA
18443623,1742227,2273382,Cn1c(COc2cccc(C(=O)O)c2)nc2ccc(Oc3cccc(Cl)n3)cc21,Papp,7.6,ucm/s,Apparent permeability of the compound after 4 hrs by PAMPA
18443624,1742227,2279793,Cn1c(COc2cccc(C(=O)O)c2)nc2ccc(Oc3ccc(Cl)cn3)cc21,Papp,16.2,ucm/s,Apparent permeability of the compound after 4 hrs by PAMPA
18443625,1742227,2271931,Cn1c(COc2cccc(C(=O)O)c2)nc2ccc(Oc3cc(Cl)ccn3)cc21,Papp,10.3,ucm/s,Apparent permeability of the compound after 4 hrs by PAMPA
18443626,1742227,2270737,Cn1c(COc2cccc(C(=O)O)c2)nc2ccc(Oc3ncccc3Cl)cc21,Papp,8.1,ucm/s,Apparent permeability of the compound after 4 hrs by PAMPA
18443627,1742227,2264841,Cc1cccc(Oc2ccc3nc(COc4cccc(C(=O)O)c4)n(C)c3c2)n1,Papp,2.7,ucm/s,Apparent permeability of the compound after 4 hrs by PAMPA
18443628,1742227,2268797,Cc1ccc(Oc2ccc3nc(COc4cccc(C(=O)O)c4)n(C)c3c2)nc1,Papp,4.8,ucm/s,Apparent permeability of the compound after 4 hrs by PAMPA
18443629,1742227,2279969,Cc1ccnc(Oc2ccc3nc(COc4cccc(C(=O)O)c4)n(C)c3c2)c1,Papp,3.5,ucm/s,Apparent permeability of the compound after 4 hrs by PAMPA
18443630,1742227,2265894,Cc1cccnc1Oc1ccc2nc(COc3cccc(C(=O)O)c3)n(C)c2c1,Papp,6,ucm/s,Apparent permeability of the compound after 4 hrs by PAMPA
18443631,1742227,2275065,Cn1c(COc2cccc(C(=O)O)c2)nc2ccc(Oc3ccc(F)cn3)cc21,Papp,4.7,ucm/s,Apparent permeability of the compound after 4 hrs by PAMPA
18443632,1742227,2264936,Cn1c(COc2cccc(C(=O)O)c2)nc2ccc(Oc3ncccc3F)cc21,Papp,3.9,ucm/s,Apparent permeability of the compound after 4 hrs by PAMPA
18443633,1742227,2273175,Cc1ccc(Oc2ccc3nc(COc4cccc(C(=O)O)c4)n(C)c3c2)nc1C,Papp,7.7,ucm/s,Apparent permeability of the compound after 4 hrs by PAMPA
18443634,1742227,2267859,Cc1ccc(C)c(Oc2ccc3nc(COc4cccc(C(=O)O)c4)n(C)c3c2)n1,Papp,11,ucm/s,Apparent permeability of the compound after 4 hrs by PAMPA
18443635,1742227,2278492,Cc1cnc(Oc2ccc3nc(COc4cccc(C(=O)O)c4)n(C)c3c2)c(F)c1,Papp,5.8,ucm/s,Apparent permeability of the compound after 4 hrs by PAMPA
18443636,1742227,2279972,Cc1cc(F)cnc1Oc1ccc2nc(COc3cccc(C(=O)O)c3)n(C)c2c1,Papp,8.3,ucm/s,Apparent permeability of the compound after 4 hrs by PAMPA
18443637,1742227,2269354,Cn1c(COc2cccc(C(=O)O)c2)nc2ccc(Oc3ncc(Cl)cc3Cl)cc21,Papp,16.1,ucm/s,Apparent permeability of the compound after 4 hrs by PAMPA
18443638,1742227,2278952,Cn1c(COc2cccc(C(=O)O)c2)nc2ccc(Oc3ncc(Cl)cc3F)cc21,Papp,11.8,ucm/s,Apparent permeability of the compound after 4 hrs by PAMPA
18443639,1742227,2270762,Cc1cc(Cl)cnc1Oc1ccc2nc(COc3cccc(C(=O)O)c3)n(C)c2c1,Papp,13.7,ucm/s,Apparent permeability of the compound after 4 hrs by PAMPA
18445064,1742460,2263023,CNC(=O)[C@@H](NC(=O)c1ccc(-c2ccc(CNc3nc4c(c(=O)[nH]3)CCC4)c(F)c2)o1)C(C)C,permeability,1.98,nm/s,Permeability of the compound at 5 uM after 5 hrs by PAMPA
18445065,1742460,2279214,CNC(=O)[C@@H](NC(=O)c1csc(-c2ccc(CSc3nc4c(c(=O)[nH]3)CCC4)c(F)c2)n1)C(C)C,permeability,34.3,nm/s,Permeability of the compound at 5 uM after 5 hrs by PAMPA
18445066,1742460,2267936,CNC(=O)[C@@H](NC(=O)c1ccc(-c2ccc(CSc3nc4c(c(=O)[nH]3)CCC4)c(F)c2)o1)C1CC1,permeability,21.1,nm/s,Permeability of the compound at 5 uM after 5 hrs by PAMPA
18445067,1742460,2272526,CNC(=O)[C@@H](NC(=O)c1ccc(-c2ccc(CSc3nc4c(c(=O)[nH]3)CCC4)c(F)c2)o1)C(C)(C)C,permeability,72.9,nm/s,Permeability of the compound at 5 uM after 5 hrs by PAMPA
18445068,1742460,2265660,CC(C)[C@@H](NC(=O)c1ccc(-c2ccc(CSc3nc4c(c(=O)[nH]3)CCC4)c(F)c2)o1)C(=O)NC1CNC1,permeability,0.3,nm/s,Permeability of the compound at 5 uM after 5 hrs by PAMPA
18445069,1742460,2273593,CC(C)[C@@H](NC(=O)c1ccc(-c2ccc(CSc3nc4c(c(=O)[nH]3)CCC4)c(F)c2)o1)C(=O)NC1COC1,permeability,13.2,nm/s,Permeability of the compound at 5 uM after 5 hrs by PAMPA
18445070,1742460,2262286,CC(C)[C@H](NC(=O)c1ccc(-c2ccc(CSc3nc4c(c(=O)[nH]3)CCC4)c(F)c2)o1)C(=O)N[C@@H]1CCCC[C@H]1O,permeability,3.4,nm/s,Permeability of the compound at 5 uM after 5 hrs by PAMPA
18445071,1742460,2220431,CNC(=O)[C@@H](NC(=O)c1ccc(-c2ccc(CSc3nc4c(c(=O)[nH]3)CCC4)c(F)c2)o1)C(C)C,permeability,2.38,ucm/s,Permeability of the compound at 5 uM after 5 hrs by PAMPA
18447421,1742836,2274419,NCC(O)CNc1cc(N2CCc3ccccc3C2)nc2ccccc12,Peff,0,ucm/s,Effective permeability of the compound by PAMPA
18447422,1742836,2277863,NCC(O)CNc1cc(N2CCCc3ccccc3C2)nc2ccccc12,Peff,0,ucm/s,Effective permeability of the compound by PAMPA
18447423,1742836,2265629,NCCNc1cc(N2CCCc3ccccc3C2)nc2ccccc12,Peff,0.99,ucm/s,Effective permeability of the compound by PAMPA
18447424,1742836,2268423,Cc1ccc2nc(N3CCS(=O)(=O)c4ccccc4C3)cc(NCCN)c2c1,Peff,0.12,ucm/s,Effective permeability of the compound by PAMPA
18447425,1742836,2263262,Cc1ccc2nc(N3CCCc4ccc(F)cc4C3)cc(NCCO)c2c1,Peff,1.53,ucm/s,Effective permeability of the compound by PAMPA
18447426,1742836,2279625,Cc1ccc2nc(N3CCCc4ccc(F)cc4C3)cc(NC3(CN)COC3)c2c1,Peff,0.59,ucm/s,Effective permeability of the compound by PAMPA
18447427,1742836,2277721,Cc1ccc2nc(N3CCCc4ccc(F)cc4C3)cc(NCC3(N)COC3)c2c1,Peff,0.73,ucm/s,Effective permeability of the compound by PAMPA
18457678,1745161,1365137,CS(=O)(=O)N1CCN(Cc2cn3cc(-c4cnc(N)nc4)nc(N4CCOCC4)c3n2)CC1,permeability,0.26,10'-6 cm/s,Permeability of the compound at 300 uL after 5 hrs by PAMPA
18457679,1745161,2290590,CS(=O)(=O)N1CCN(Cc2cc3c(N4CCOCC4)nc(-c4cnc(N)nc4)cn3n2)CC1,permeability,0.93,10'-6 cm/s,Permeability of the compound at 300 uL after 5 hrs by PAMPA
18457680,1745161,2295543,CS(=O)(=O)N1CCN(Cc2nc3c(N4CCOCC4)nc(-c4cnc(N)nc4)cn3n2)CC1,permeability,1.92,10'-6 cm/s,Permeability of the compound at 300 uL after 5 hrs by PAMPA
18457681,1745161,2286215,CS(=O)(=O)N1CCN(Cc2cn3nc(-c4cnc(N)nc4)nc(N4CCOCC4)c3n2)CC1,permeability,3.54,10'-6 cm/s,Permeability of the compound at 300 uL after 5 hrs by PAMPA
18457682,1745161,2291124,CS(=O)(=O)N1CCN(Cc2cc3c(N4CCOCC4)nc(-c4cnc(N)nc4)c(Cl)n3n2)CC1,permeability,0.69,10'-6 cm/s,Permeability of the compound at 300 uL after 5 hrs by PAMPA
18457683,1745161,2283735,CS(=O)(=O)N1CCN(Cc2nc3c(N4CCOCC4)nc(-c4cnc(N)nc4)c(Cl)n3n2)CC1,permeability,1.51,10'-6 cm/s,Permeability of the compound at 300 uL after 5 hrs by PAMPA
18476303,1749080,2170128,COC(=O)N[C@H](C(=O)N1CCC[C@H]1c1nc2ccc([C@H]3CC[C@H](c4ccc5nc([C@@H]6CCCN6C(=O)[C@@H](NC(=O)OC)C(C)C)[nH]c5c4)N3c3ccc(C(C)(C)C)cc3)cc2[nH]1)C(C)C,permeability,0.14,ucm/s,Permeability of the compound by PAMPA
18476304,1749080,2284616,COC(=O)N[C@H](C(=O)N1CCC[C@H]1c1nc2ccc([C@H]3CC[C@H](c4ccc5nc([C@@H]6CCCN6C(=O)[C@@H](NC(=O)OC)C(C)C)[nH]c5c4)N3c3ccc(N4CCOCC4)cc3)cc2[nH]1)C(C)C,permeability,0.73,ucm/s,Permeability of the compound by PAMPA
18476305,1749080,2286224,COC(=O)N[C@H](C(=O)N1CCC[C@H]1c1nc2ccc([C@H]3CC[C@H](c4ccc5nc([C@@H]6CCCN6C(=O)[C@@H](NC(=O)OC)C(C)C)[nH]c5c4)N3c3ccc(N4CCCCC4)c(F)c3)cc2[nH]1)C(C)C,permeability,0.01,ucm/s,Permeability of the compound by PAMPA
18476306,1749080,2125113,COC(=O)N[C@H](C(=O)N1CCC[C@H]1c1nc2cc([C@H]3CC[C@H](c4ccc5[nH]c([C@@H]6CCCN6C(=O)[C@@H](NC(=O)OC)C(C)C)nc5c4)N3c3cc(F)c(N4CCCCC4)c(F)c3)ccc2[nH]1)C(C)C,permeability,0,ucm/s,Permeability of the compound by PAMPA
18476307,1749080,2281863,COC(=O)N[C@H](C(=O)N1CCC[C@H]1c1nc2ccc([C@H]3CC[C@H](c4ccc5nc([C@@H]6CCCN6C(=O)[C@@H](NC(=O)OC)C(C)C)[nH]c5c4)N3c3cc(Cl)c(N4CCCCC4)c(Cl)c3)cc2[nH]1)C(C)C,permeability,0.03,ucm/s,Permeability of the compound by PAMPA
18476308,1749080,2294074,COC(=O)N[C@H](C(=O)N1CCC[C@H]1c1nc2ccc([C@H]3CC[C@H](c4ccc5nc([C@@H]6CCCN6C(=O)[C@@H](NC(=O)OC)C(C)C)[nH]c5c4)N3c3cc(F)c(N4CCC(c5ccccc5)CC4)c(F)c3)cc2[nH]1)C(C)C,permeability,0,ucm/s,Permeability of the compound by PAMPA
18476309,1749080,2282408,COC(=O)N[C@H](C(=O)N1CCC[C@H]1c1nc2ccc([C@H]3CC[C@H](c4ccc5nc([C@@H]6CCCN6C(=O)[C@@H](NC(=O)OC)C(C)C)[nH]c5c4)N3c3cc(F)c(N4CCC(c5ccc(F)cc5)CC4)c(F)c3)cc2[nH]1)C(C)C,permeability,0,ucm/s,Permeability of the compound by PAMPA
18489474,1752460,2284761,Fc1cccc(-n2cnc3c(NCc4nc(-c5ccccc5)cs4)nc(N4CCOCC4)nc32)c1,Papp,0.1,10'-6 cm/s,Apparent permeability at 5 uM after 5 hrs by PAMPA
18489470,1752460,2293842,Fc1cccc(-n2cnc3c(NCc4nc5ccccc5o4)nc(N4CCOCC4)nc32)c1,Papp,0.1,10'-6 cm/s,Apparent permeability at 5 uM after 5 hrs by PAMPA
18489471,1752460,2289452,Fc1cccc(-n2cnc3c(NCc4nc5ccccc5s4)nc(N4CCOCC4)nc32)c1,Papp,0.1,10'-6 cm/s,Apparent permeability at 5 uM after 5 hrs by PAMPA
18489472,1752460,2288563,Fc1cccc(-n2cnc3c(NCc4nc(-c5ccccc5)c[nH]4)nc(N4CCOCC4)nc32)c1,Papp,0.1,10'-6 cm/s,Apparent permeability at 5 uM after 5 hrs by PAMPA
18489473,1752460,2284315,Fc1cccc(-n2cnc3c(NCc4nc(-c5ccccc5)co4)nc(N4CCOCC4)nc32)c1,Papp,0.1,10'-6 cm/s,Apparent permeability at 5 uM after 5 hrs by PAMPA
18489475,1752460,2281690,CN1CCN(c2ccc(CNc3nc(N4CCOCC4)nc4c3ncn4-c3cccc(F)c3)cc2)CC1,Papp,0.3,10'-6 cm/s,Apparent permeability at 5 uM after 5 hrs by PAMPA
18489476,1752460,2289373,CN1CCN(c2ccc(CNc3nc(N4CCOCC4)nc4c3ncn4-c3cccc(F)c3)nc2)CC1,Papp,7.1,10'-6 cm/s,Apparent permeability at 5 uM after 5 hrs by PAMPA
18489477,1752460,2293900,Fc1cccc(-n2cnc3c(NCc4ncc[nH]4)nc(N4CCOCC4)nc32)c1,Papp,0.1,10'-6 cm/s,Apparent permeability at 5 uM after 5 hrs by PAMPA
18489478,1752460,2295384,Fc1cccc(-n2cnc3c(NCc4ccccn4)nc(N4CCOCC4)nc32)c1,Papp,6.8,10'-6 cm/s,Apparent permeability at 5 uM after 5 hrs by PAMPA
18489479,1752460,2286176,Fc1cccc(-n2cnc3c(NCc4ccccc4F)nc(N4CCOCC4)nc32)c1,Papp,0.1,10'-6 cm/s,Apparent permeability at 5 uM after 5 hrs by PAMPA
18489578,1752460,2289605,Fc1cccc(-n2cnc3c(NCc4nc5c(F)c(F)ccc5[nH]4)nc(N4CCOCC4)nc32)c1,Papp,0.4,10'-6 cm/s,Apparent permeability at 5 uM after 5 hrs by PAMPA
18498328,1753918,246,CCn1cc(C(=O)O)c(=O)c2cc(F)c(N3CCNCC3)cc21,Peff,0.95,ucm/s,Effective permeability of the compound at 200 uM after 5 hrs by PAMPA
18498329,1753918,16485,Cn1c(=O)c2c(ncn2C)n(C)c1=O,Peff,3.61,ucm/s,Effective permeability of the compound at 200 uM after 5 hrs by PAMPA
18498330,1753918,1764571,COc1ccccc1N1CCN(CC(O)CN2C(=O)NC(C)(c3ccc(F)cc3)C2=O)CC1,Peff,2.3,ucm/s,Effective permeability of the compound at 200 uM after 5 hrs by PAMPA
18502060,1754740,2286397,CN(C)C1CCN(C(=O)c2ccc(-c3cn4c(-c5ccc(C#N)cc5)cnc4cn3)cc2)CC1,permeability,64.7,10'-6 cm/s,Permeability of the compound by PAMPA
18502061,1754740,2287041,CC(=O)N1CCN(C(=O)c2ccc(-c3cn4c(-c5ccc(O)cc5)cnc4cn3)cc2)CC1,permeability,2.82,10'-6 cm/s,Permeability of the compound by PAMPA
18502062,1754740,2291970,N#Cc1ccc(-c2cnc3cnc(-c4ccc(C(=O)N5CCOCC5)cc4)cn23)cc1,permeability,43.1,10'-6 cm/s,Permeability of the compound by PAMPA
18502063,1754740,2288056,O=C(c1ccc(-c2cn3c(-c4ccc(O)cc4)cnc3cn2)cc1)N1CCOCC1,permeability,50.2,10'-6 cm/s,Permeability of the compound by PAMPA
18502064,1754740,2282657,CN1CCN(C(=O)c2ccc(-c3cn4c(-c5ccc(C(N)=O)cc5)cnc4cn3)cc2)CC1,permeability,1.78,10'-6 cm/s,Permeability of the compound by PAMPA
18502065,1754740,2280744,CN1CCN(C(=O)c2ccc(-c3cn4c(-c5ccc(C(F)F)cc5)cnc4cn3)cc2)CC1,permeability,76.2,10'-6 cm/s,Permeability of the compound by PAMPA
18502066,1754740,2290351,CN1CCN(C(=O)c2ccc(-c3cn4c(-c5ccc(C(F)(F)F)cc5)cnc4cn3)cc2)CC1,permeability,87.4,10'-6 cm/s,Permeability of the compound by PAMPA
18502067,1754740,2289908,CN1CCN(C(=O)c2ccc(-c3cn4c(-c5ccc(Cl)cc5)cnc4cn3)cc2)CC1,permeability,71.3,10'-6 cm/s,Permeability of the compound by PAMPA
18502068,1754740,2295142,CN1CCN(C(=O)c2ccc(-c3cn4c(-c5ccc(C#N)cc5)cnc4cn3)cc2)CC1,permeability,102,10'-6 cm/s,Permeability of the compound by PAMPA
18502069,1754740,2295517,CN1CCN(C(=O)c2ccc(-c3cn4c(-c5ccc(C(=O)O)cc5)cnc4cn3)cc2)CC1,permeability,0.1,10'-6 cm/s,Permeability of the compound by PAMPA
18502070,1754740,2294244,CN1CCN(C(=O)c2ccc(-c3cn4c(-c5cccc(O)c5)cnc4cn3)cc2)CC1,permeability,33.2,10'-6 cm/s,Permeability of the compound by PAMPA
18502071,1754740,2287647,CN1CCN(C(=O)c2ccc(-c3cn4c(-c5ccc(O)cc5)cnc4cn3)cc2)CC1,permeability,34.7,10'-6 cm/s,Permeability of the compound by PAMPA
18502072,1754740,2290631,NC(=O)c1ccc(-c2cn3c(-c4ccc(O)cc4)cnc3cn2)cc1,permeability,22.7,10'-6 cm/s,Permeability of the compound by PAMPA
18502168,1754740,2289800,N#Cc1ccc(-c2cnc3ccc(-c4ccc(C(=O)N5CCOCC5)cc4)cn23)cc1,permeability,74.4,10'-6 cm/s,Permeability of the compound by PAMPA
18502169,1754740,2282589,CN1CCN(C(=O)c2ccc(-c3ccc4ncc(-c5ccc(C#N)cc5)n4c3)cc2)CC1,permeability,81.9,10'-6 cm/s,Permeability of the compound by PAMPA
18502170,1754740,2294260,CN(C)C1CCN(C(=O)c2ccc(-c3ccc4ncc(-c5ccc(C#N)cc5)n4n3)cc2)CC1,permeability,75.3,10'-6 cm/s,Permeability of the compound by PAMPA
18502171,1754740,2286923,N#Cc1ccc(-c2cnc3ccc(-c4ccc(C(=O)N5CCNCC5)cc4)nn23)cc1,permeability,45.8,10'-6 cm/s,Permeability of the compound by PAMPA
18502172,1754740,2282040,N#Cc1ccc(-c2cnc3ccc(-c4ccc(C(=O)N5CCOCC5)cc4)nn23)cc1,permeability,30,10'-6 cm/s,Permeability of the compound by PAMPA
18502173,1754740,2291319,CN1CCN(C(=O)c2ccc(-c3ccc4ncc(-c5ccc(C#N)cc5)n4n3)cc2)CC1,permeability,25,10'-6 cm/s,Permeability of the compound by PAMPA
18512647,1757175,351226,COc1ccc(/N=C2\C(=O)Nc3ccccc32)cc1,permeability,5.9,10'-6 cm/s,Effective permeability of the compound after 2.5 hrs at 25 degC by PAMPA assay
18512648,1757175,376929,O=C1Nc2ccccc2/C1=N/c1ccccc1,permeability,10.7,10'-6 cm/s,Effective permeability of the compound after 2.5 hrs at 25 degC by PAMPA assay
18512649,1757175,2281353,O=C1Nc2ccccc2C1=Nc1ccccc1F,permeability,10.6,10'-6 cm/s,Effective permeability of the compound after 2.5 hrs at 25 degC by PAMPA assay
18512650,1757175,858176,O=C1Nc2ccccc2C1=Nc1ccc(F)cc1,permeability,8.8,10'-6 cm/s,Effective permeability of the compound after 2.5 hrs at 25 degC by PAMPA assay
18512651,1757175,2285170,CN(C)c1ccc(N=C2C(=O)Nc3ccccc32)cc1,permeability,8.3,10'-6 cm/s,Effective permeability of the compound after 2.5 hrs at 25 degC by PAMPA assay
18512652,1757175,2297007,O=C1Nc2ccccc2C1=NN(c1ccccc1)c1ccccc1,permeability,9.8,10'-6 cm/s,Effective permeability of the compound after 2.5 hrs at 25 degC by PAMPA assay
18512653,1757175,2295885,O=C1Nc2ccccc2C1=NN1CCCCC1,permeability,15.3,10'-6 cm/s,Effective permeability of the compound after 2.5 hrs at 25 degC by PAMPA assay
18512654,1757175,735197,O=C1Nc2ccccc2C1=NN1CCOCC1,permeability,5.7,10'-6 cm/s,Effective permeability of the compound after 2.5 hrs at 25 degC by PAMPA assay
18512655,1757175,2283650,O=C1Nc2ccccc2C1=NN(Cc1ccccc1)c1ccccc1,permeability,8.9,10'-6 cm/s,Effective permeability of the compound after 2.5 hrs at 25 degC by PAMPA assay
18512659,1757175,2289178,COc1ccc2c(c1)/C(=N\N(c1ccccc1)c1ccccc1)C(=O)N2,permeability,16.4,10'-6 cm/s,Effective permeability of the compound after 2.5 hrs at 25 degC by PAMPA assay
18512660,1757175,2284289,O=C1Nc2ccc(Cl)cc2C1=NN1CCCCC1,permeability,29.4,10'-6 cm/s,Effective permeability of the compound after 2.5 hrs at 25 degC by PAMPA assay
18512661,1757175,2284805,O=C1Nc2ccc(F)cc2C1=NN1CCCCC1,permeability,16.5,10'-6 cm/s,Effective permeability of the compound after 2.5 hrs at 25 degC by PAMPA assay
18512662,1757175,2281409,O=C1Nc2ccc(Br)cc2C1=NN1CCCCC1,permeability,9.4,10'-6 cm/s,Effective permeability of the compound after 2.5 hrs at 25 degC by PAMPA assay
18512663,1757175,2293062,COc1ccc2c(c1)C(=NN1CCCCC1)C(=O)N2,permeability,10.6,10'-6 cm/s,Effective permeability of the compound after 2.5 hrs at 25 degC by PAMPA assay
18512664,1757175,2293588,O=C1Nc2ccc(Cl)cc2C1=NN1CCOCC1,permeability,12.3,10'-6 cm/s,Effective permeability of the compound after 2.5 hrs at 25 degC by PAMPA assay
18512665,1757175,2288649,O=C1Nc2ccc(F)cc2C1=NN1CCOCC1,permeability,8.4,10'-6 cm/s,Effective permeability of the compound after 2.5 hrs at 25 degC by PAMPA assay
18512666,1757175,2285229,O=C1Nc2ccc(Br)cc2C1=NN1CCOCC1,permeability,11,10'-6 cm/s,Effective permeability of the compound after 2.5 hrs at 25 degC by PAMPA assay
18512667,1757175,2294639,O=C1Nc2ccc(I)cc2C1=NN1CCOCC1,permeability,11.3,10'-6 cm/s,Effective permeability of the compound after 2.5 hrs at 25 degC by PAMPA assay
18512668,1757175,1279,CC(C)NCC(O)COc1ccc(CC(N)=O)cc1,permeability,0.5,10'-6 cm/s,Effective permeability of the compound after 2.5 hrs at 25 degC by PAMPA assay
18512669,1757175,16485,Cn1c(=O)c2c(ncn2C)n(C)c1=O,permeability,1.1,10'-6 cm/s,Effective permeability of the compound after 2.5 hrs at 25 degC by PAMPA assay
18512670,1757175,6243,CNCCCN1c2ccccc2CCc2ccccc21,permeability,12.9,10'-6 cm/s,Effective permeability of the compound after 2.5 hrs at 25 degC by PAMPA assay
18512671,1757175,57175,CCn1cc(C(=O)O)c(=O)c2cc(F)c(N3CCNCC3)nc21,permeability,0.2,10'-6 cm/s,Effective permeability of the compound after 2.5 hrs at 25 degC by PAMPA assay
18512672,1757175,374052,C[C@]12CCC(=O)C=C1CC[C@@H]1[C@@H]2[C@@H](O)C[C@@]2(C)[C@H]1CC[C@]2(O)C(=O)CO,permeability,0.6,10'-6 cm/s,Effective permeability of the compound after 2.5 hrs at 25 degC by PAMPA assay
18512673,1757175,146,CC1COc2c(N3CCN(C)CC3)c(F)cc3c(=O)c(C(=O)O)cn1c23,permeability,0.4,10'-6 cm/s,Effective permeability of the compound after 2.5 hrs at 25 degC by PAMPA assay
18512674,1757175,11968,CN1C(C(=O)Nc2ccccn2)=C(O)c2ccccc2S1(=O)=O,permeability,0.3,10'-6 cm/s,Effective permeability of the compound after 2.5 hrs at 25 degC by PAMPA assay
18512675,1757175,16391,CN(C)CCCN1c2ccccc2Sc2ccccc21,permeability,8.5,10'-6 cm/s,Effective permeability of the compound after 2.5 hrs at 25 degC by PAMPA assay
18512676,1757175,364520,C[C@]12CC[C@H]3[C@@H](CCC4=CC(=O)CC[C@@]43C)[C@@H]1CC[C@@H]2O,permeability,16.4,10'-6 cm/s,Effective permeability of the compound after 2.5 hrs at 25 degC by PAMPA assay
18512677,1757175,1219,COc1ccc(CCN(C)CCCC(C#N)(c2ccc(OC)c(OC)c2)C(C)C)cc1OC,permeability,17.3,10'-6 cm/s,Effective permeability of the compound after 2.5 hrs at 25 degC by PAMPA assay
18512678,1757176,1279,CC(C)NCC(O)COc1ccc(CC(N)=O)cc1,permeability,0.8,10'-6 cm/s,Effective permeability of the compound at 25 ug/ml by PAMPA assay
18512679,1757176,16485,Cn1c(=O)c2c(ncn2C)n(C)c1=O,permeability,1.3,10'-6 cm/s,Effective permeability of the compound at 25 ug/ml by PAMPA assay
18512680,1757176,6243,CNCCCN1c2ccccc2CCc2ccccc21,permeability,12,10'-6 cm/s,Effective permeability of the compound at 25 ug/ml by PAMPA assay
18512681,1757176,57175,CCn1cc(C(=O)O)c(=O)c2cc(F)c(N3CCNCC3)nc21,permeability,0.9,10'-6 cm/s,Effective permeability of the compound at 25 ug/ml by PAMPA assay
18512682,1757176,374052,C[C@]12CCC(=O)C=C1CC[C@@H]1[C@@H]2[C@@H](O)C[C@@]2(C)[C@H]1CC[C@]2(O)C(=O)CO,permeability,1.9,10'-6 cm/s,Effective permeability of the compound at 25 ug/ml by PAMPA assay
18512683,1757176,146,CC1COc2c(N3CCN(C)CC3)c(F)cc3c(=O)c(C(=O)O)cn1c23,permeability,0.8,10'-6 cm/s,Effective permeability of the compound at 25 ug/ml by PAMPA assay
18512684,1757176,11968,CN1C(C(=O)Nc2ccccn2)=C(O)c2ccccc2S1(=O)=O,permeability,2.5,10'-6 cm/s,Effective permeability of the compound at 25 ug/ml by PAMPA assay
18512685,1757176,16391,CN(C)CCCN1c2ccccc2Sc2ccccc21,permeability,8.8,10'-6 cm/s,Effective permeability of the compound at 25 ug/ml by PAMPA assay
18512686,1757176,364520,C[C@]12CC[C@H]3[C@@H](CCC4=CC(=O)CC[C@@]43C)[C@@H]1CC[C@@H]2O,permeability,17,10'-6 cm/s,Effective permeability of the compound at 25 ug/ml by PAMPA assay
18512687,1757176,1219,COc1ccc(CCN(C)CCCC(C#N)(c2ccc(OC)c(OC)c2)C(C)C)cc1OC,permeability,16,10'-6 cm/s,Effective permeability of the compound at 25 ug/ml by PAMPA assay
18514989,1757757,2293449,C#CCN(C)CCCCOc1ccc2ccc(=O)oc2c1,Peff,8.92,ucm/s,Permeability of the compound in PBS/EtOH at 100 mg/ml after 16 hrs by PAMPA
18514990,1757757,364520,C[C@]12CC[C@H]3[C@@H](CCC4=CC(=O)CC[C@@]43C)[C@@H]1CC[C@@H]2O,Peff,10.98,ucm/s,Permeability of the compound in PBS/EtOH at 100 mg/ml after 16 hrs by PAMPA
18514991,1757757,1219,COc1ccc(CCN(C)CCCC(C#N)(c2ccc(OC)c(OC)c2)C(C)C)cc1OC,Peff,10.11,ucm/s,Permeability of the compound in PBS/EtOH at 100 mg/ml after 16 hrs by PAMPA
18514992,1757757,27626,C[C@]12CC[C@@H]3c4ccc(O)cc4CC[C@H]3[C@@H]1CC[C@@H]2O,Peff,8,ucm/s,Permeability of the compound in PBS/EtOH at 100 mg/ml after 16 hrs by PAMPA
18514993,1757757,27609,Clc1cccc(Cl)c1NC1=NCCN1,Peff,4.8,ucm/s,Permeability of the compound in PBS/EtOH at 100 mg/ml after 16 hrs by PAMPA
18514994,1757757,182165,C[C@]12C[C@H](O)[C@H]3[C@@H](CCC4=CC(=O)CC[C@@]43C)[C@@H]1CC[C@@H]2C(=O)CO,Peff,4.92,ucm/s,Permeability of the compound in PBS/EtOH at 100 mg/ml after 16 hrs by PAMPA
18514995,1757757,11968,CN1C(C(=O)Nc2ccccn2)=C(O)c2ccccc2S1(=O)=O,Peff,1.51,ucm/s,Permeability of the compound in PBS/EtOH at 100 mg/ml after 16 hrs by PAMPA
18514996,1757757,374052,C[C@]12CCC(=O)C=C1CC[C@@H]1[C@@H]2[C@@H](O)C[C@@]2(C)[C@H]1CC[C@]2(O)C(=O)CO,Peff,1.77,ucm/s,Permeability of the compound in PBS/EtOH at 100 mg/ml after 16 hrs by PAMPA
18514997,1757757,16278,CCn1cc(C(=O)O)c(=O)c2cc(F)c(N3CCNC(C)C3)c(F)c21,Peff,1.05,ucm/s,Permeability of the compound in PBS/EtOH at 100 mg/ml after 16 hrs by PAMPA
18514998,1757758,364520,C[C@]12CC[C@H]3[C@@H](CCC4=CC(=O)CC[C@@]43C)[C@@H]1CC[C@@H]2O,Peff,17,ucm/s,Permeability of the compound by PAMPA
18514999,1757758,1219,COc1ccc(CCN(C)CCCC(C#N)(c2ccc(OC)c(OC)c2)C(C)C)cc1OC,Peff,16,ucm/s,Permeability of the compound by PAMPA
18515000,1757758,27626,C[C@]12CC[C@@H]3c4ccc(O)cc4CC[C@H]3[C@@H]1CC[C@@H]2O,Peff,12,ucm/s,Permeability of the compound by PAMPA
18515001,1757758,27609,Clc1cccc(Cl)c1NC1=NCCN1,Peff,5.3,ucm/s,Permeability of the compound by PAMPA
18515002,1757758,182165,C[C@]12C[C@H](O)[C@H]3[C@@H](CCC4=CC(=O)CC[C@@]43C)[C@@H]1CC[C@@H]2C(=O)CO,Peff,5.1,ucm/s,Permeability of the compound by PAMPA
18515003,1757758,11968,CN1C(C(=O)Nc2ccccn2)=C(O)c2ccccc2S1(=O)=O,Peff,2.5,ucm/s,Permeability of the compound by PAMPA
18515004,1757758,374052,C[C@]12CCC(=O)C=C1CC[C@@H]1[C@@H]2[C@@H](O)C[C@@]2(C)[C@H]1CC[C@]2(O)C(=O)CO,Peff,1.9,ucm/s,Permeability of the compound by PAMPA
18515005,1757758,16278,CCn1cc(C(=O)O)c(=O)c2cc(F)c(N3CCNC(C)C3)c(F)c21,Peff,1.1,ucm/s,Permeability of the compound by PAMPA
18521046,1758824,2282131,O=S1(=O)CC(O)(CCc2ccccc2)C1,Peff,1.22,10'-5cm/s,Effective permeability of the compound by PAMPA
18521064,1758824,2296865,OC1(CCc2ccccc2)COC1,Peff,8.27,10'-6 cm/s,Effective permeability of the compound by PAMPA
18521065,1758824,2296332,OC1(CCc2ccccc2)CSC1,Peff,1.32,10'-5cm/s,Effective permeability of the compound by PAMPA
18521066,1758824,2284603,[O-][S+]1CC(O)(CCc2ccccc2)C1,Peff,6.23,10'-6 cm/s,Effective permeability of the compound by PAMPA
18521095,1758841,2294195,CN(c1ccccc1)c1ccc2c(c1)CCC[C@H]2CNc1cnccc1C(=O)O,permeability,51.18,nm/s,Permeability of the compound by PAMPA
18521096,1758841,2290097,COc1ccc2c(c1)CCC[C@H]2CNc1cnccc1C(=O)O,permeability,18.42,nm/s,Permeability of the compound by PAMPA
18521097,1758841,2285222,O=C(O)c1ccncc1NC[C@@H]1CCCc2cc(Oc3ccccc3)ccc21,permeability,32.25,nm/s,Permeability of the compound by PAMPA
18521098,1758841,2294550,O=C(O)c1ccncc1NC[C@@H]1CCCc2cc(Sc3ccccc3)ccc21,permeability,51.5,nm/s,Permeability of the compound by PAMPA
18528462,1759881,2290213,Cn1cc2c3c(c[nH]c3c1=O)CN(CC1CC1)c1ccc(CS(C)(=O)=O)cc1-2,permeability,4.3,10'-6 cm/s,Permeability of the compound by PAMPA method
18528463,1759881,2288282,Cn1cc2c3c(c[nH]c(=O)c31)CN(CC1CC1)c1ccc(CS(C)(=O)=O)cc1-2,permeability,2.5,10'-6 cm/s,Permeability of the compound by PAMPA method
18528464,1759881,2286287,Cn1cc2c3c(c[nH]c3c1=O)CN(C1CCC(F)(F)CC1)c1ccc(CS(C)(=O)=O)cc1-2,permeability,7.3,10'-6 cm/s,Permeability of the compound by PAMPA method
18528465,1759881,2290649,Cn1cc2c3c(c[nH]c3c1=O)CN(c1ccc(F)cc1)c1ccc(CS(C)(=O)=O)cc1-2,permeability,6.6,10'-6 cm/s,Permeability of the compound by PAMPA method
18528466,1759881,2295608,Cn1cc2c3c(c[nH]c3c1=O)CN(c1ccc(F)cc1F)c1ccc(CS(C)(=O)=O)cc1-2,permeability,13,10'-6 cm/s,Permeability of the compound by PAMPA method
18528467,1759881,2286280,Cn1cc2c3c(c[nH]c3c1=O)CN(c1ccccn1)c1ccc(CS(C)(=O)=O)cc1-2,permeability,6,10'-6 cm/s,Permeability of the compound by PAMPA method
18528468,1759881,2294139,Cn1cc2c3c(c[nH]c(=O)c31)-c1cc(CS(C)(=O)=O)ccc1N(c1ccc(F)cc1)C2,permeability,5.1,10'-6 cm/s,Permeability of the compound by PAMPA method
18528469,1759881,2291632,Cn1cc2c3c(c[nH]c(=O)c31)-c1cc(CS(C)(=O)=O)ccc1N(c1ccccn1)C2,permeability,5.9,10'-6 cm/s,Permeability of the compound by PAMPA method
18532481,1760569,2273145,COc1cc2c(NC3CCN(C)CC3)cc(-c3ccc(C)o3)nc2cc1OCCCN1CCCC1,Peff,12.9,nm/s,Permeability of the compound at 50 uM after 18 hrs by PAMPA
18532482,1760569,2263039,CCc1ccc(-c2cc(NC3CCN(C)CC3)c3cc(OC)c(OCCCN4CCCC4)cc3n2)o1,Peff,23.9,nm/s,Permeability of the compound at 50 uM after 18 hrs by PAMPA
18532483,1760569,2295483,COc1cc2c(NC3CCN(C)C(=O)C3)cc(-c3ccc(C)o3)nc2cc1OCCCN1CCCC1,Peff,3.4,nm/s,Permeability of the compound at 50 uM after 18 hrs by PAMPA
18532484,1760569,2286155,COc1cc2c(NCC3CCN(C)CC3)cc(-c3ccc(C)o3)nc2cc1OCCCN1CCCC1,Peff,11,nm/s,Permeability of the compound at 50 uM after 18 hrs by PAMPA
18532485,1760569,2291056,CCc1ccc(-c2cc(NCC3CCN(C)CC3)c3cc(OC)c(OCCCN4CCCC4)cc3n2)o1,Peff,16.2,nm/s,Permeability of the compound at 50 uM after 18 hrs by PAMPA
18532486,1760569,2281798,COc1cc2c(NCC3CCN(C(C)C)CC3)cc(-c3ccc(C)o3)nc2cc1OCCCN1CCCC1,Peff,19.2,nm/s,Permeability of the compound at 50 uM after 18 hrs by PAMPA
18532487,1760569,2284186,COc1cc2c(NC3CC4(CCN(C)CC4)C3)cc(-c3ccc(C)o3)nc2cc1OCCCN1CCCC1,Peff,10.5,nm/s,Permeability of the compound at 50 uM after 18 hrs by PAMPA
18532488,1760569,2282633,COc1cc2c(NC3CC4(CCN(C(C)C)CC4)C3)cc(-c3ccc(C)o3)nc2cc1OCCCN1CCCC1,Peff,19.3,nm/s,Permeability of the compound at 50 uM after 18 hrs by PAMPA
18532489,1760569,2294295,COc1cc2c(NC3CC4(CCN(C)C4)C3)cc(-c3ccc(C)o3)nc2cc1OCCCN1CCCC1,Peff,3.3,nm/s,Permeability of the compound at 50 uM after 18 hrs by PAMPA
18532490,1760569,2286963,COc1cc2c(NC3CCC34CCN(C)CC4)cc(-c3ccc(C)o3)nc2cc1OCCCN1CCCC1,Peff,15.9,nm/s,Permeability of the compound at 50 uM after 18 hrs by PAMPA
18532491,1760569,2282084,CCc1ccc(-c2cc(NC3CCC34CCN(C)CC4)c3cc(OC)c(OCCCN4CCCC4)cc3n2)o1,Peff,37.7,nm/s,Permeability of the compound at 50 uM after 18 hrs by PAMPA
18532492,1760569,2290369,COc1cc2c(NC3CCC34CCN(C)C4)cc(-c3ccc(C)o3)nc2cc1OCCCN1CCCC1,Peff,7.6,nm/s,Permeability of the compound at 50 uM after 18 hrs by PAMPA
18532493,1760569,2285482,COc1cc2c(NC3C4CCC3CN(C)C4)cc(-c3ccc(C)o3)nc2cc1OCCCN1CCCC1,Peff,33.7,nm/s,Permeability of the compound at 50 uM after 18 hrs by PAMPA
18532494,1760569,2289839,CCc1ccc(-c2cc(NCC3C4CCC3CN(C)C4)c3cc(OC)c(OCCCN4CCCC4)cc3n2)o1,Peff,36.1,nm/s,Permeability of the compound at 50 uM after 18 hrs by PAMPA
18532495,1760569,2283524,COc1cc2c(NC3CC4CCC(C3)N4C)cc(-c3ccc(C)o3)nc2cc1OCCCN1CCCC1,Peff,3.6,nm/s,Permeability of the compound at 50 uM after 18 hrs by PAMPA
18532496,1760569,2293528,Cc1ccc(-c2cc(NC3CCN(C)CC3)c3cc(Cl)c(OCCCN4CCCC4)cc3n2)o1,Peff,24.5,nm/s,Permeability of the compound at 50 uM after 18 hrs by PAMPA
18532497,1760569,2285677,CCc1ccc(-c2cc(NC3CCN(C)CC3)c3cc(OC)c(OCCCN(C)C)cc3n2)o1,Peff,14.9,nm/s,Permeability of the compound at 50 uM after 18 hrs by PAMPA
18532498,1760569,2283287,CCc1ccc(-c2cc(NC3CCN(C)CC3)c3cc(OC)c(OCCCN4CCC5(CC5)C4)cc3n2)o1,Peff,36.6,nm/s,Permeability of the compound at 50 uM after 18 hrs by PAMPA
18532499,1760569,2288184,CCc1ccc(-c2cc(NC3CCN(C)CC3)c3cc(OC)c(OCCCN4CCCCC4)cc3n2)o1,Peff,8.3,nm/s,Permeability of the compound at 50 uM after 18 hrs by PAMPA
18532500,1760569,2286161,COc1cc2c(NC3CCN(C)CC3)cc(-c3ccc(C)o3)nc2cc1OCC1CCNCC1,Peff,2.9,nm/s,Permeability of the compound at 50 uM after 18 hrs by PAMPA
18532501,1760569,2281284,COc1cc2c(NC3CCN(C)CC3)cc(-c3ccc(C)o3)nc2cc1OCC1CCN(C)CC1,Peff,12,nm/s,Permeability of the compound at 50 uM after 18 hrs by PAMPA
18532502,1760569,2293477,COc1cc2c(NC3CCN(C)CC3)cc(-c3ccc(C)o3)nc2cc1OC1CC2(C1)CN(C)C2,Peff,7.1,nm/s,Permeability of the compound at 50 uM after 18 hrs by PAMPA
18532503,1760569,2291497,COc1cc2c(NC3CC4(CCN(C)CC4)C3)cc(-c3ccc(C)o3)nc2cc1OCC1CCN(C)CC1,Peff,14.9,nm/s,Permeability of the compound at 50 uM after 18 hrs by PAMPA
18532504,1760569,2294744,COc1cc2c(NC3CC4(CCN(C(C)C)CC4)C3)cc(-c3ccc(C)o3)nc2cc1OC1CC2(C1)CN(C)C2,Peff,11.1,nm/s,Permeability of the compound at 50 uM after 18 hrs by PAMPA
18542563,1762653,2281923,O=C(/C(=C/c1ccccc1)c1ccccc1)N1CCN(c2ncccn2)CC1,permeability,14.3,10'-6 cm/s,Permeability of the compound after 10 hrs by PAMPA
18542564,1762653,2289189,COc1ccc(/C=C(/C(=O)N2CCN(c3ncccn3)CC2)c2ccccc2)cc1,permeability,10.3,10'-6 cm/s,Permeability of the compound after 10 hrs by PAMPA
18542565,1762653,2294147,COc1ccccc1/C=C(/C(=O)N1CCN(c2ncccn2)CC1)c1ccccc1,permeability,12.3,10'-6 cm/s,Permeability of the compound after 10 hrs by PAMPA
18542566,1762653,2285752,O=C(/C(=C/c1ccc(Cl)cc1)c1ccccc1)N1CCN(c2ncccn2)CC1,permeability,7.4,10'-6 cm/s,Permeability of the compound after 10 hrs by PAMPA
18542567,1762653,2290659,O=C(/C(=C/c1cccc(Cl)c1)c1ccccc1)N1CCN(c2ncccn2)CC1,permeability,11.2,10'-6 cm/s,Permeability of the compound after 10 hrs by PAMPA
18542568,1762653,2292073,O=C(/C(=C/c1ccccc1Cl)c1ccccc1)N1CCN(c2ncccn2)CC1,permeability,9.4,10'-6 cm/s,Permeability of the compound after 10 hrs by PAMPA
18542569,1762653,2287160,O=C(/C(=C/c1ccc(C(F)(F)F)cc1)c1ccccc1)N1CCN(c2ncccn2)CC1,permeability,8.2,10'-6 cm/s,Permeability of the compound after 10 hrs by PAMPA
18542570,1762653,2292939,COc1ccc(O)c(/C=C(/C(=O)N2CCN(c3ncccn3)CC2)c2ccccc2)c1,permeability,14.1,10'-6 cm/s,Permeability of the compound after 10 hrs by PAMPA
18542571,1762653,2291552,O=C(/C(=C/c1ccccc1)c1cccc(C(F)(F)F)c1)N1CCN(c2ncccn2)CC1,permeability,7.2,10'-6 cm/s,Permeability of the compound after 10 hrs by PAMPA
18542572,1762653,2284237,COc1ccc(/C=C(/C(=O)N2CCN(c3ncccn3)CC2)c2cccc(C(F)(F)F)c2)cc1,permeability,14.7,10'-6 cm/s,Permeability of the compound after 10 hrs by PAMPA
18542573,1762653,2295955,COc1ccccc1/C=C(/C(=O)N1CCN(c2ncccn2)CC1)c1cccc(C(F)(F)F)c1,permeability,9.7,10'-6 cm/s,Permeability of the compound after 10 hrs by PAMPA
18542574,1762653,2288593,O=C(/C(=C/c1ccc(Cl)cc1)c1cccc(C(F)(F)F)c1)N1CCN(c2ncccn2)CC1,permeability,5.1,10'-6 cm/s,Permeability of the compound after 10 hrs by PAMPA
18542575,1762653,2283722,O=C(/C(=C/c1cccc(Cl)c1)c1cccc(C(F)(F)F)c1)N1CCN(c2ncccn2)CC1,permeability,10.7,10'-6 cm/s,Permeability of the compound after 10 hrs by PAMPA
18542576,1762653,2292999,O=C(/C(=C/c1ccccc1Cl)c1cccc(C(F)(F)F)c1)N1CCN(c2ncccn2)CC1,permeability,15.1,10'-6 cm/s,Permeability of the compound after 10 hrs by PAMPA
18542577,1762653,2288084,O=C(/C(=C/c1ccc(F)cc1)c1cccc(C(F)(F)F)c1)N1CCN(c2ncccn2)CC1,permeability,12.3,10'-6 cm/s,Permeability of the compound after 10 hrs by PAMPA
18542578,1762653,2282266,O=C(/C(=C/c1ccc(C(F)(F)F)cc1)c1cccc(C(F)(F)F)c1)N1CCN(c2ncccn2)CC1,permeability,9.3,10'-6 cm/s,Permeability of the compound after 10 hrs by PAMPA
18542579,1762653,2287145,COc1ccc(O)c(/C=C(/C(=O)N2CCN(c3ncccn3)CC2)c2cccc(C(F)(F)F)c2)c1,permeability,12.7,10'-6 cm/s,Permeability of the compound after 10 hrs by PAMPA
18542580,1762653,2286609,O=C(/C(=C/c1ccccc1)c1ccc(F)cc1)N1CCN(c2ncccn2)CC1,permeability,11.2,10'-6 cm/s,Permeability of the compound after 10 hrs by PAMPA
18542581,1762653,2291535,COc1ccc(/C=C(/C(=O)N2CCN(c3ncccn3)CC2)c2ccc(F)cc2)cc1,permeability,10.5,10'-6 cm/s,Permeability of the compound after 10 hrs by PAMPA
18542582,1762653,2290022,COc1ccccc1/C=C(/C(=O)N1CCN(c2ncccn2)CC1)c1ccc(F)cc1,permeability,13.8,10'-6 cm/s,Permeability of the compound after 10 hrs by PAMPA
18542583,1762653,2294993,O=C(/C(=C/c1ccc(Cl)cc1)c1ccc(F)cc1)N1CCN(c2ncccn2)CC1,permeability,7.8,10'-6 cm/s,Permeability of the compound after 10 hrs by PAMPA
18542584,1762653,2294466,O=C(/C(=C/c1cccc(Cl)c1)c1ccc(F)cc1)N1CCN(c2ncccn2)CC1,permeability,9.4,10'-6 cm/s,Permeability of the compound after 10 hrs by PAMPA
18542585,1762653,2282799,O=C(/C(=C/c1ccccc1Cl)c1ccc(F)cc1)N1CCN(c2ncccn2)CC1,permeability,11.3,10'-6 cm/s,Permeability of the compound after 10 hrs by PAMPA
18542586,1762653,2281317,O=C(/C(=C/c1ccc(F)cc1)c1ccc(F)cc1)N1CCN(c2ncccn2)CC1,permeability,14.3,10'-6 cm/s,Permeability of the compound after 10 hrs by PAMPA
18542587,1762653,2286190,O=C(/C(=C/c1ccc(C(F)(F)F)cc1)c1ccc(F)cc1)N1CCN(c2ncccn2)CC1,permeability,7.6,10'-6 cm/s,Permeability of the compound after 10 hrs by PAMPA
18542588,1762653,2281838,COc1ccc(O)c(/C=C(/C(=O)N2CCN(c3ncccn3)CC2)c2ccc(F)cc2)c1,permeability,6.4,10'-6 cm/s,Permeability of the compound after 10 hrs by PAMPA
18542589,1762653,2293512,O=C(/C(=C/C=C/c1ccccc1)c1ccc(F)cc1)N1CCN(c2ncccn2)CC1,permeability,14.9,10'-6 cm/s,Permeability of the compound after 10 hrs by PAMPA
18542590,1762653,2294046,O=C(/C(=C/C=C/c1ccccc1)c1cccc(C(F)(F)F)c1)N1CCN(c2ncccn2)CC1,permeability,12.6,10'-6 cm/s,Permeability of the compound after 10 hrs by PAMPA
18542591,1762653,103658,Oc1ccc(/C=C/c2cc(O)cc(O)c2)cc1,permeability,1.1,10'-6 cm/s,Permeability of the compound after 10 hrs by PAMPA
18546095,1763205,2289441,CCN1/C(=C/c2c(N/N=C/c3c(CO)cnc(C)c3O)c(=O)c2=O)Sc2ccccc21,Peff,2.8,10'-6 cm/s,Effective permeability of the compound at 10'-5 mol/L after 5 hrs by UV-based PAMPA
18546096,1763205,2284550,COc1ccc(Nc2c(N/N=C/c3c(CO)cnc(C)c3O)c(=O)c2=O)cc1,Peff,1.6,10'-6 cm/s,Effective permeability of the compound at 10'-5 mol/L after 5 hrs by UV-based PAMPA
18546097,1763205,2293553,Cc1ncc(CO)c(/C=N/NC(=O)c2ccc(NC(=O)CC[C@@H](C)[C@H]3CC[C@H]4[C@@H]5[C@H](O)C[C@@H]6C[C@H](O)CC[C@]6(C)[C@H]5C[C@H](O)[C@]34C)cc2)c1O,Peff,2.2,10'-6 cm/s,Effective permeability of the compound at 10'-5 mol/L after 5 hrs by UV-based PAMPA
18546098,1763205,2288605,Cc1ncc(CO)c(/C=N/NC(=O)CC[C@@H](C)[C@H]2CC[C@H]3[C@@H]4[C@H](O)C[C@@H]5C[C@H](O)CC[C@]5(C)[C@H]4C[C@H](O)[C@]23C)c1O,Peff,7.5,10'-6 cm/s,Effective permeability of the compound at 10'-5 mol/L after 5 hrs by UV-based PAMPA
18546099,1763205,2293754,Cc1ncc(CO)c(/C=N/Nc2nncc3ccccc23)c1O,Peff,7.8,10'-6 cm/s,Effective permeability of the compound at 10'-5 mol/L after 5 hrs by UV-based PAMPA
18548126,1763456,2290302,COc1ccc(Cn2cc(C(=O)NCCNc3c4c(nc5ccc(OC)cc35)CCCC4)c(=O)c3ccccc32)cc1,Peff,1.65,ucm/s,Effective permeability of the compound dissolved in PBS containing 1% F-127 at 100 uM after 3 to 6 hrs by PAMPA
18548127,1763456,2295277,COc1ccc(Cn2cc(C(=O)NCCCNc3c4c(nc5ccc(OC)cc35)CCCC4)c(=O)c3ccccc32)cc1,Peff,4.85,ucm/s,Effective permeability of the compound dissolved in PBS containing 1% F-127 at 100 uM after 3 to 6 hrs by PAMPA
18548128,1763456,2295768,COc1ccc(Cn2cc(C(=O)NCCCCCCCNc3c4c(nc5ccc(OC)cc35)CCCC4)c(=O)c3ccccc32)cc1,Peff,9.25,ucm/s,Effective permeability of the compound dissolved in PBS containing 1% F-127 at 100 uM after 3 to 6 hrs by PAMPA
18548129,1763456,2283525,COc1ccc(Cn2cc(C(=O)NCCNc3c4c(nc5ccccc35)CCCC4)c(=O)c3ccccc32)cc1,Peff,1.8,ucm/s,Effective permeability of the compound dissolved in PBS containing 1% F-127 at 100 uM after 3 to 6 hrs by PAMPA
18548130,1763456,2292819,COc1ccc(Cn2cc(C(=O)NCCCNc3c4c(nc5ccccc35)CCCC4)c(=O)c3ccccc32)cc1,Peff,2.6,ucm/s,Effective permeability of the compound dissolved in PBS containing 1% F-127 at 100 uM after 3 to 6 hrs by PAMPA
18548131,1763456,2284635,COc1ccc(Cn2cc(C(=O)NCCCCCCNc3c4c(nc5ccccc35)CCCC4)c(=O)c3ccccc32)cc1,Peff,2.28,ucm/s,Effective permeability of the compound dissolved in PBS containing 1% F-127 at 100 uM after 3 to 6 hrs by PAMPA
18548132,1763456,2293368,COc1ccc(Cn2cc(C(=O)NCCNc3c4c(nc5cc(Cl)ccc35)CCCC4)c(=O)c3ccccc32)cc1,Peff,2.37,ucm/s,Effective permeability of the compound dissolved in PBS containing 1% F-127 at 100 uM after 3 to 6 hrs by PAMPA
18548133,1763456,2288880,COc1ccc(Cn2cc(C(=O)NCCCNc3c4c(nc5cc(Cl)ccc35)CCCC4)c(=O)c3ccccc32)cc1,Peff,3.08,ucm/s,Effective permeability of the compound dissolved in PBS containing 1% F-127 at 100 uM after 3 to 6 hrs by PAMPA
18548134,1763456,2291742,COc1ccc(Cn2cc(C(=O)NCCCCCCCNc3c4c(nc5cc(Cl)ccc35)CCCC4)c(=O)c3ccccc32)cc1,Peff,2.35,ucm/s,Effective permeability of the compound dissolved in PBS containing 1% F-127 at 100 uM after 3 to 6 hrs by PAMPA
18548135,1763456,12825,CC(=O)[C@H]1CC[C@H]2[C@@H]3CCC4=CC(=O)CC[C@]4(C)[C@H]3CC[C@]12C,Peff,8.6,ucm/s,Effective permeability of the compound dissolved in PBS containing 1% F-127 at 100 uM after 3 to 6 hrs by PAMPA
18548136,1763456,27626,C[C@]12CC[C@@H]3c4ccc(O)cc4CC[C@H]3[C@@H]1CC[C@@H]2O,Peff,10.2,ucm/s,Effective permeability of the compound dissolved in PBS containing 1% F-127 at 100 uM after 3 to 6 hrs by PAMPA
18548137,1763456,6216,CN(C)CCCN1c2ccccc2Sc2ccc(Cl)cc21,Peff,4.6,ucm/s,Effective permeability of the compound dissolved in PBS containing 1% F-127 at 100 uM after 3 to 6 hrs by PAMPA
18548138,1763456,364520,C[C@]12CC[C@H]3[C@@H](CCC4=CC(=O)CC[C@@]43C)[C@@H]1CC[C@@H]2O,Peff,8.5,ucm/s,Effective permeability of the compound dissolved in PBS containing 1% F-127 at 100 uM after 3 to 6 hrs by PAMPA
18548139,1763456,9372,COc1cc2c(cc1OC)C(=O)C(CC1CCN(Cc3ccccc3)CC1)C2,Peff,6.8,ucm/s,Effective permeability of the compound dissolved in PBS containing 1% F-127 at 100 uM after 3 to 6 hrs by PAMPA
18548140,1763456,16391,CN(C)CCCN1c2ccccc2Sc2ccccc21,Peff,6.6,ucm/s,Effective permeability of the compound dissolved in PBS containing 1% F-127 at 100 uM after 3 to 6 hrs by PAMPA
18548141,1763456,605,CN(C)CCCN1c2ccccc2CCc2ccccc21,Peff,7.1,ucm/s,Effective permeability of the compound dissolved in PBS containing 1% F-127 at 100 uM after 3 to 6 hrs by PAMPA
18548142,1763456,374052,C[C@]12CCC(=O)C=C1CC[C@@H]1[C@@H]2[C@@H](O)C[C@@]2(C)[C@H]1CC[C@]2(O)C(=O)CO,Peff,2.01,ucm/s,Effective permeability of the compound dissolved in PBS containing 1% F-127 at 100 uM after 3 to 6 hrs by PAMPA
18548143,1763456,6243,CNCCCN1c2ccccc2CCc2ccccc21,Peff,5.05,ucm/s,Effective permeability of the compound dissolved in PBS containing 1% F-127 at 100 uM after 3 to 6 hrs by PAMPA
18548144,1763456,11968,CN1C(C(=O)Nc2ccccn2)=C(O)c2ccccc2S1(=O)=O,Peff,1.5,ucm/s,Effective permeability of the compound dissolved in PBS containing 1% F-127 at 100 uM after 3 to 6 hrs by PAMPA
18548145,1763456,1279,CC(C)NCC(O)COc1ccc(CC(N)=O)cc1,Peff,2.5,ucm/s,Effective permeability of the compound dissolved in PBS containing 1% F-127 at 100 uM after 3 to 6 hrs by PAMPA
18548146,1763457,12825,CC(=O)[C@H]1CC[C@H]2[C@@H]3CCC4=CC(=O)CC[C@]4(C)[C@H]3CC[C@]12C,Peff,10.8,ucm/s,Effective permeability of the compound dissolved in PBS at 100 uM after 3 to 6 hrs by PAMPA
18548147,1763457,27626,C[C@]12CC[C@@H]3c4ccc(O)cc4CC[C@H]3[C@@H]1CC[C@@H]2O,Peff,14.5,ucm/s,Effective permeability of the compound dissolved in PBS at 100 uM after 3 to 6 hrs by PAMPA
18548148,1763457,6216,CN(C)CCCN1c2ccccc2Sc2ccc(Cl)cc21,Peff,4.7,ucm/s,Effective permeability of the compound dissolved in PBS at 100 uM after 3 to 6 hrs by PAMPA
18548149,1763457,364520,C[C@]12CC[C@H]3[C@@H](CCC4=CC(=O)CC[C@@]43C)[C@@H]1CC[C@@H]2O,Peff,11.6,ucm/s,Effective permeability of the compound dissolved in PBS at 100 uM after 3 to 6 hrs by PAMPA
18548150,1763457,9372,COc1cc2c(cc1OC)C(=O)C(CC1CCN(Cc3ccccc3)CC1)C2,Peff,8.9,ucm/s,Effective permeability of the compound dissolved in PBS at 100 uM after 3 to 6 hrs by PAMPA
18548151,1763457,16391,CN(C)CCCN1c2ccccc2Sc2ccccc21,Peff,9.4,ucm/s,Effective permeability of the compound dissolved in PBS at 100 uM after 3 to 6 hrs by PAMPA
18548152,1763457,605,CN(C)CCCN1c2ccccc2CCc2ccccc21,Peff,9.5,ucm/s,Effective permeability of the compound dissolved in PBS at 100 uM after 3 to 6 hrs by PAMPA
18548153,1763457,374052,C[C@]12CCC(=O)C=C1CC[C@@H]1[C@@H]2[C@@H](O)C[C@@]2(C)[C@H]1CC[C@]2(O)C(=O)CO,Peff,2.6,ucm/s,Effective permeability of the compound dissolved in PBS at 100 uM after 3 to 6 hrs by PAMPA
18548154,1763457,6243,CNCCCN1c2ccccc2CCc2ccccc21,Peff,5.8,ucm/s,Effective permeability of the compound dissolved in PBS at 100 uM after 3 to 6 hrs by PAMPA
18548155,1763457,11968,CN1C(C(=O)Nc2ccccn2)=C(O)c2ccccc2S1(=O)=O,Peff,2.2,ucm/s,Effective permeability of the compound dissolved in PBS at 100 uM after 3 to 6 hrs by PAMPA
18548156,1763457,1279,CC(C)NCC(O)COc1ccc(CC(N)=O)cc1,Peff,0.91,ucm/s,Effective permeability of the compound dissolved in PBS at 100 uM after 3 to 6 hrs by PAMPA
18549365,1763678,2291017,CCCc1nn(C)c2c(=O)[nH]c(-c3cc(Cc4ccc(CC(=O)NO)cc4)ccc3OCC)nc12,Peff,29.4,nm/s,Effective permeability of the compound at 50 uM after 18 hrs by UV spectroscopy based PAMPA
18549366,1763678,2282297,CCCc1nn(C)c2c(=O)[nH]c(-c3cc(Cc4ccc(C(=O)NO)cc4F)ccc3OCC)nc12,Peff,37,nm/s,Effective permeability of the compound at 50 uM after 18 hrs by UV spectroscopy based PAMPA
18549623,1763678,410802,CCCc1nn(C)c2c(=O)[nH]c(-c3cc(S(=O)(=O)N4CCN(C)CC4)ccc3OCC)nc12,Peff,27.5,nm/s,Effective permeability of the compound at 50 uM after 18 hrs by UV spectroscopy based PAMPA
18549624,1763678,421326,CCCc1nc(C)c2c(=O)nc(-c3cc(S(=O)(=O)N4CCN(CC)CC4)ccc3OCC)[nH]n12,Peff,21.4,nm/s,Effective permeability of the compound at 50 uM after 18 hrs by UV spectroscopy based PAMPA
18549625,1763678,44920,CN1CC(=O)N2[C@H](c3ccc4c(c3)OCO4)c3[nH]c4ccccc4c3C[C@@H]2C1=O,Peff,26.8,nm/s,Effective permeability of the compound at 50 uM after 18 hrs by UV spectroscopy based PAMPA
18549626,1763678,11305,O=C(CCCCCCC(=O)Nc1ccccc1)NO,Peff,2.34,nm/s,Effective permeability of the compound at 50 uM after 18 hrs by UV spectroscopy based PAMPA
18549627,1763678,1336035,CN1CCc2c(c3ccccc3n2Cc2ccc(C(=O)NO)cc2)C1,Peff,17.7,nm/s,Effective permeability of the compound at 50 uM after 18 hrs by UV spectroscopy based PAMPA
18549628,1763678,2295972,CCCc1nn(C)c2c(=O)[nH]c(-c3cc(Cc4ccc(C(=O)NO)cc4)ccc3OCC)nc12,Peff,21.6,nm/s,Effective permeability of the compound at 50 uM after 18 hrs by UV spectroscopy based PAMPA
18549629,1763678,2287176,CCCc1nn(C)c2c(=O)[nH]c(-c3cc(Cc4ccc(C(=O)NO)c(F)c4)ccc3OCC)nc12,Peff,28.4,nm/s,Effective permeability of the compound at 50 uM after 18 hrs by UV spectroscopy based PAMPA
18549630,1763678,2290337,CCCc1nn(C)c2c(=O)[nH]c(-c3cc(Cc4ccc(C(=O)NO)s4)ccc3OCC)nc12,Peff,29.1,nm/s,Effective permeability of the compound at 50 uM after 18 hrs by UV spectroscopy based PAMPA
18549631,1763678,2294786,CCCc1nn(C)c2c(=O)[nH]c(-c3cc(-c4ccc(C(=O)NO)cc4)ccc3OCC)nc12,Peff,26.8,nm/s,Effective permeability of the compound at 50 uM after 18 hrs by UV spectroscopy based PAMPA
18549632,1763678,2283103,CCCc1nn(C)c2c(=O)[nH]c(-c3cc(-c4ccc(CC(=O)NO)cc4)ccc3OCC)nc12,Peff,19.7,nm/s,Effective permeability of the compound at 50 uM after 18 hrs by UV spectroscopy based PAMPA
18549633,1763678,2280672,CCCc1nn(C)c2c(=O)[nH]c(-c3cc(-c4ccc(C(=O)NO)s4)ccc3OCC)nc12,Peff,28.2,nm/s,Effective permeability of the compound at 50 uM after 18 hrs by UV spectroscopy based PAMPA
18549634,1763678,2284447,CCCc1nn(C)c2c(=O)[nH]c(-c3cc([C@H]4CC[C@@H](C(=O)NO)CC4)ccc3OCC)nc12,Peff,16.8,nm/s,Effective permeability of the compound at 50 uM after 18 hrs by UV spectroscopy based PAMPA
18549635,1763678,2291766,CCCc1nc(C)c2c(=O)[nH]c(-c3cc(Cc4ccc(C(=O)NO)cc4)ccc3OCC)nn12,Peff,18.6,nm/s,Effective permeability of the compound at 50 uM after 18 hrs by UV spectroscopy based PAMPA
18549636,1763678,2292286,CCCc1nc(C)c2c(=O)[nH]c(-c3cc(Cc4ccc(C(=O)NO)s4)ccc3OCC)nn12,Peff,16,nm/s,Effective permeability of the compound at 50 uM after 18 hrs by UV spectroscopy based PAMPA
18567789,1767774,1370,CC(C)NCC(O)COc1cccc2ccccc12,permeability,62.7,nm/s,Passive permeability of the compound in pH 7.4 PBS at 10 uM after 5 hrs by UPLC-MS/MS method based PAMPA
18567790,1767774,1796241,CC(=O)N[C@H](C(=O)N1C[C@H](O)C[C@H]1C(=O)NCc1ccc(-c2scnc2C)cc1)C(C)(C)C,permeability,1.2,nm/s,Passive permeability of the compound in pH 7.4 PBS at 10 uM after 5 hrs by UPLC-MS/MS method based PAMPA
18567791,1767774,2298347,Cc1ncsc1-c1ccc(CNC(=O)[C@@H]2C[C@@H](O)CN2C(=O)[C@@H](NC(=O)CO)C(C)(C)C)cc1,permeability,0.1,nm/s,Passive permeability of the compound in pH 7.4 PBS at 10 uM after 5 hrs by UPLC-MS/MS method based PAMPA
18567792,1767774,2300384,Cc1ncsc1-c1ccc(CNC(=O)[C@@H]2C[C@@H](O)CN2C(=O)[C@@H](NC(=O)C2CC2)C(C)(C)C)cc1,permeability,6.1,nm/s,Passive permeability of the compound in pH 7.4 PBS at 10 uM after 5 hrs by UPLC-MS/MS method based PAMPA
18567793,1767774,2297961,Cc1ncsc1-c1ccc(CNC(=O)[C@@H]2C[C@@H](O)CN2C(=O)[C@@H](NC(=O)C2(F)CC2)C(C)(C)C)cc1,permeability,27.1,nm/s,Passive permeability of the compound in pH 7.4 PBS at 10 uM after 5 hrs by UPLC-MS/MS method based PAMPA
18567794,1767774,2298028,Cc1ncsc1-c1ccc(CNC(=O)[C@@H]2C[C@@H](O)CN2C(=O)[C@@H](NC(=O)C2(C#N)CC2)C(C)(C)C)cc1,permeability,19.4,nm/s,Passive permeability of the compound in pH 7.4 PBS at 10 uM after 5 hrs by UPLC-MS/MS method based PAMPA
18567795,1767774,2301441,CC(=O)C1(C(=O)N[C@H](C(=O)N2C[C@H](O)C[C@H]2C(=O)NCc2ccc(-c3scnc3C)cc2)C(C)(C)C)CC1,permeability,15,nm/s,Passive permeability of the compound in pH 7.4 PBS at 10 uM after 5 hrs by UPLC-MS/MS method based PAMPA
18567796,1767774,2301115,CC(=O)NC1(C(=O)N[C@H](C(=O)N2C[C@H](O)C[C@H]2C(=O)NCc2ccc(-c3scnc3C)cc2)C(C)(C)C)CC1,permeability,0.1,nm/s,Passive permeability of the compound in pH 7.4 PBS at 10 uM after 5 hrs by UPLC-MS/MS method based PAMPA
18567797,1767774,2301702,Cc1ncsc1-c1ccc(CNC(=O)[C@@H]2C[C@@H](O)CN2C(=O)[C@@H](NC(=O)C2CCC2)C(C)(C)C)cc1,permeability,11.6,nm/s,Passive permeability of the compound in pH 7.4 PBS at 10 uM after 5 hrs by UPLC-MS/MS method based PAMPA
18567798,1767774,2298205,Cc1ncsc1-c1ccc(CNC(=O)[C@@H]2C[C@@H](O)CN2C(=O)[C@@H](NC(=O)C2COC2)C(C)(C)C)cc1,permeability,0.3,nm/s,Passive permeability of the compound in pH 7.4 PBS at 10 uM after 5 hrs by UPLC-MS/MS method based PAMPA
18568180,1767886,2300628,Cc1cc(C(=O)N[C@H]2CCCCC/C=C\[C@@H]3C[C@@]3(C(=O)NS(=O)(=O)C3CC3)NC(=O)[C@@H]3C[C@@H](Oc4nc5ccccc5nc4C)CN3C2=O)no1,Papp,3.5,ucm/s,Apparent permeability of the compound by PAMPA
18568181,1767886,2298015,Cc1cc(C(=O)N[C@H]2CCCCC/C=C\[C@@H]3C[C@@]3(C(=O)NS(=O)(=O)C3CC3)NC(=O)[C@@H]3C[C@@H](Oc4nc5cc(F)ccc5nc4C(F)(F)F)CN3C2=O)no1,Papp,5.1,ucm/s,Apparent permeability of the compound by PAMPA
18568182,1767886,2297466,Cc1cc(C(=O)N[C@H]2CCCCC/C=C\[C@@H]3C[C@@]3(C(=O)NS(=O)(=O)C3(C)CC3)NC(=O)[C@@H]3C[C@@H](Oc4nc5cc(F)ccc5nc4C(F)(F)F)CN3C2=O)no1,Papp,12.1,ucm/s,Apparent permeability of the compound by PAMPA
18568183,1767886,2300141,Cc1cc(C(=O)N[C@H]2CCCCC/C=C\[C@@H]3C[C@@]3(C(=O)NS(=O)(=O)C3(C)CC3)NC(=O)[C@@H]3C[C@@H](Oc4nc5ccccc5c5ccc(F)cc45)CN3C2=O)no1,Papp,0.19,ucm/s,Apparent permeability of the compound by PAMPA
18568184,1767886,2299273,Cn1ccc(C(=O)N[C@H]2CCCCC/C=C\[C@@H]3C[C@@]3(C(=O)NS(=O)(=O)C3(C)CC3)NC(=O)[C@@H]3C[C@@H](Oc4nc5cc(OC(F)(F)F)ccc5c5ccc(F)cc45)CN3C2=O)n1,Papp,0.06,ucm/s,Apparent permeability of the compound by PAMPA
18568185,1767886,2300058,CC(=O)N(C)[C@@H](CC(C)(C)C)C(=O)N[C@H]1CCCCC/C=C\[C@@H]2C[C@@]2(C(=O)NS(=O)(=O)C2(C)CC2)NC(=O)[C@@H]2C[C@@H](Oc3nc4cc(F)ccc4c4ccccc34)CN2C1=O,Papp,0.28,ucm/s,Apparent permeability of the compound by PAMPA
18570879,1768814,1376105,CC[C@H](C)[C@@H]([C@@H](CC(=O)N1CCC[C@H]1[C@H](OC)[C@@H](C)C(=O)N[C@H](C)[C@@H](O)c1ccccc1)OC)N(C)C(=O)[C@@H](NC(=O)[C@@H](NC)C(C)C)C(C)C,permeability,0.079,10'-6 cm/s,Permeability of the compound at 200 umol/L after 5 hrs by PAMPA
18570880,1768814,2300496,CCNC(=O)c1csc([C@H](Cc2ccccc2)NC(=O)[C@H](C)[C@@H](OC)[C@@H]2CCCN2C(=O)C[C@@H](OC)[C@H]([C@@H](C)CC)N(C)C(=O)[C@@H](NC(=O)[C@H](C(C)C)N(C)C)C(C)C)n1,permeability,1.7,10'-6 cm/s,Permeability of the compound at 200 umol/L after 5 hrs by PAMPA
18570881,1768814,2301327,CCOC(=O)c1csc([C@H](Cc2ccccc2)NC(=O)[C@H](C)[C@@H](OC)[C@@H]2CCCN2C(=O)C[C@@H](OC)[C@H]([C@@H](C)CC)N(C)C(=O)[C@@H](NC(=O)[C@H](C(C)C)N(C)C)C(C)C)n1,permeability,3.2,10'-6 cm/s,Permeability of the compound at 200 umol/L after 5 hrs by PAMPA
18570882,1768814,2300759,CC[C@H](C)[C@@H]([C@@H](CC(=O)N1CCC[C@H]1[C@H](OC)[C@@H](C)C(=O)N[C@@H](Cc1ccccc1)c1nc(C(=O)NCCN)cs1)OC)N(C)C(=O)[C@@H](NC(=O)[C@H](C(C)C)N(C)C)C(C)C,permeability,0.056,10'-6 cm/s,Permeability of the compound at 200 umol/L after 5 hrs by PAMPA
18570883,1768814,2301589,CC[C@H](C)[C@@H]([C@@H](CC(=O)N1CCC[C@H]1[C@H](OC)[C@@H](C)C(=O)N[C@@H](Cc1ccccc1)c1nc(C(=O)NCCNC)cs1)OC)N(C)C(=O)[C@@H](NC(=O)[C@H](C(C)C)N(C)C)C(C)C,permeability,0.004,10'-6 cm/s,Permeability of the compound at 200 umol/L after 5 hrs by PAMPA
18570884,1768814,2299967,CC[C@H](C)[C@@H]([C@@H](CC(=O)N1CCC[C@H]1[C@H](OC)[C@@H](C)C(=O)N[C@@H](Cc1ccccc1)c1nc(C(=O)NCCO)cs1)OC)N(C)C(=O)[C@@H](NC(=O)[C@H](C(C)C)N(C)C)C(C)C,permeability,0.02,10'-6 cm/s,Permeability of the compound at 200 umol/L after 5 hrs by PAMPA
18570885,1768814,2301446,CC[C@H](C)[C@@H]([C@@H](CC(=O)N1CCC[C@H]1[C@H](OC)[C@@H](C)C(=O)N[C@@H](Cc1ccccc1)c1nc(C(=O)NCCS)cs1)OC)N(C)C(=O)[C@@H](NC(=O)[C@H](C(C)C)N(C)C)C(C)C,permeability,1.1,10'-6 cm/s,Permeability of the compound at 200 umol/L after 5 hrs by PAMPA
18570886,1768814,2299580,CC[C@H](C)[C@@H]([C@@H](CC(=O)N1CCC[C@H]1[C@H](OC)[C@@H](C)C(=O)N[C@@H](Cc1ccccc1)c1nc(C(=O)NCCCCNC(=O)CCS)cs1)OC)N(C)C(=O)[C@@H](NC(=O)[C@H](C(C)C)N(C)C)C(C)C,permeability,0.001,10'-6 cm/s,Permeability of the compound at 200 umol/L after 5 hrs by PAMPA
18570887,1768814,2298731,CC[C@H](C)[C@@H]([C@@H](CC(=O)N1CCC[C@H]1[C@H](OC)[C@@H](C)C(=O)N[C@@H](Cc1ccccc1)c1nc(C(=O)NCCc2ccc(N)cc2)cs1)OC)N(C)C(=O)[C@@H](NC(=O)[C@H](C(C)C)N(C)C)C(C)C,permeability,0.3,10'-6 cm/s,Permeability of the compound at 200 umol/L after 5 hrs by PAMPA
18570888,1768814,2298129,CC[C@H](C)[C@@H]([C@@H](CC(=O)N1CCC[C@H]1[C@H](OC)[C@@H](C)C(=O)N[C@@H](Cc1ccccc1)c1nc(C(=O)NCCc2ccc(O)cc2)cs1)OC)N(C)C(=O)[C@@H](NC(=O)[C@H](C(C)C)N(C)C)C(C)C,permeability,0.36,10'-6 cm/s,Permeability of the compound at 200 umol/L after 5 hrs by PAMPA
18570889,1768814,2298828,CC[C@H](C)[C@@H]([C@@H](CC(=O)N1CCC[C@H]1[C@H](OC)[C@@H](C)C(=O)N[C@@H](Cc1ccccc1)c1nc(C(=O)N(C)CCN)cs1)OC)N(C)C(=O)[C@@H](NC(=O)[C@H](C(C)C)N(C)C)C(C)C,permeability,0.072,10'-6 cm/s,Permeability of the compound at 200 umol/L after 5 hrs by PAMPA
18570890,1768814,2300872,CC[C@H](C)[C@@H]([C@@H](CC(=O)N1CCC[C@H]1[C@H](OC)[C@@H](C)C(=O)N[C@@H](Cc1ccccc1)c1nc(C(=O)N(C)CCNC)cs1)OC)N(C)C(=O)[C@@H](NC(=O)[C@H](C(C)C)N(C)C)C(C)C,permeability,0.001,10'-6 cm/s,Permeability of the compound at 200 umol/L after 5 hrs by PAMPA
18570891,1768814,2299255,CC[C@H](C)[C@@H]([C@@H](CC(=O)N1CCC[C@H]1[C@H](OC)[C@@H](C)C(=O)N[C@@H](Cc1ccccc1)c1nc(C(=O)N(C)CCO)cs1)OC)N(C)C(=O)[C@@H](NC(=O)[C@H](C(C)C)N(C)C)C(C)C,permeability,0.077,10'-6 cm/s,Permeability of the compound at 200 umol/L after 5 hrs by PAMPA
18570892,1768814,2297839,CC[C@H](C)[C@@H]([C@@H](CC(=O)N1CCC[C@H]1[C@H](OC)[C@@H](C)C(=O)N[C@@H](Cc1ccccc1)c1nc(C(=O)N(C)CCS)cs1)OC)N(C)C(=O)[C@@H](NC(=O)[C@H](C(C)C)N(C)C)C(C)C,permeability,1.1,10'-6 cm/s,Permeability of the compound at 200 umol/L after 5 hrs by PAMPA
18570893,1768814,2299525,CC[C@H](C)[C@@H]([C@@H](CC(=O)N1CCC[C@H]1[C@H](OC)[C@@H](C)C(=O)N[C@@H](Cc1ccccc1)c1nc(C(=O)OCCN)cs1)OC)N(C)C(=O)[C@@H](NC(=O)[C@H](C(C)C)N(C)C)C(C)C,permeability,0.007,10'-6 cm/s,Permeability of the compound at 200 umol/L after 5 hrs by PAMPA
18570894,1768814,2298532,CC[C@H](C)[C@@H]([C@@H](CC(=O)N1CCC[C@H]1[C@H](OC)[C@@H](C)C(=O)N[C@@H](Cc1ccccc1)c1nc(C(=O)OCCO)cs1)OC)N(C)C(=O)[C@@H](NC(=O)[C@H](C(C)C)N(C)C)C(C)C,permeability,0.04,10'-6 cm/s,Permeability of the compound at 200 umol/L after 5 hrs by PAMPA
18570895,1768814,2297678,CC[C@H](C)[C@@H]([C@@H](CC(=O)N1CCC[C@H]1[C@H](OC)[C@@H](C)C(=O)N[C@@H](Cc1ccccc1)c1nc(C(=O)OCCS)cs1)OC)N(C)C(=O)[C@@H](NC(=O)[C@H](C(C)C)N(C)C)C(C)C,permeability,0.005,10'-6 cm/s,Permeability of the compound at 200 umol/L after 5 hrs by PAMPA
18575859,1769761,2297224,CC1(C)Cc2c(c(C(=O)Nc3ccccc3C(F)(F)F)cc3nc(Nc4c(F)cccc4Cl)[nH]c23)O1,Papp,0.12,10'-6 cm/s,Apparent passive permeability of the compound by PAMPA
18575860,1769761,2301295,CC1(C)Cc2c(c(C(=O)Nc3cc(C(F)(F)F)ccc3F)cc3nc(Nc4c(F)cccc4Cl)[nH]c23)O1,Papp,0.62,10'-6 cm/s,Apparent passive permeability of the compound by PAMPA
18575861,1769761,2300101,Cc1cc(C(F)(F)F)ccc1NC(=O)c1cc2nc(Nc3c(F)cccc3Cl)[nH]c2c2c1OC(C)(C)C2,Papp,0.31,10'-6 cm/s,Apparent passive permeability of the compound by PAMPA
18575862,1769761,2297460,CC1(C)Cc2c(c(C(=O)Nc3ccc(F)c(C(F)(F)F)c3)cc3nc(Nc4c(F)cccc4Cl)[nH]c23)O1,Papp,0.33,10'-6 cm/s,Apparent passive permeability of the compound by PAMPA
18575863,1769761,2299036,Cc1cccc(Cl)c1Nc1nc2cc(C(=O)Nc3cc(C(F)(F)F)ccc3F)c3c(c2[nH]1)CC(C)(C)O3,Papp,1.34,10'-6 cm/s,Apparent passive permeability of the compound by PAMPA
18575864,1769761,2301552,CC1(C)Cc2c(c(C(=O)Nc3ccc(C(F)(F)F)cn3)cc3nc(Nc4c(Cl)cccc4Cl)[nH]c23)O1,Papp,0.63,10'-6 cm/s,Apparent passive permeability of the compound by PAMPA
18579154,1770434,2226435,O=C(Nc1cccc(C(F)(F)F)c1)NC1CCN(Cc2ccccc2)CC1,permeability,670,10'-6 cm/s,Permeability of the compound at 10 uM by PAMPA
18579155,1770434,2297232,Cc1ccccc1CN1CCC(NC(=O)Nc2cccc(C(F)(F)F)c2)CC1,permeability,1200,10'-6 cm/s,Permeability of the compound at 10 uM by PAMPA
18579156,1770434,2297832,O=C(Nc1cccc(C(F)(F)F)c1)NC1CCN(Cc2ccccc2Cl)CC1,permeability,830,10'-6 cm/s,Permeability of the compound at 10 uM by PAMPA
18579157,1770434,2298211,O=C(Nc1cccc(C(F)(F)F)c1)NC1CCN(Cc2ccccc2F)CC1,permeability,1500,10'-6 cm/s,Permeability of the compound at 10 uM by PAMPA
18579158,1770434,2300205,Cc1cccc(CN2CCC(NC(=O)Nc3cccc(C(F)(F)F)c3)CC2)c1,permeability,2200,10'-6 cm/s,Permeability of the compound at 10 uM by PAMPA
18579159,1770434,2297765,O=C(Nc1cccc(C(F)(F)F)c1)NC1CCN(Cc2cccc(Cl)c2)CC1,permeability,1700,10'-6 cm/s,Permeability of the compound at 10 uM by PAMPA
18579160,1770434,2301259,O=C(Nc1cccc(C(F)(F)F)c1)NC1CCN(Cc2cccc(F)c2)CC1,permeability,2200,10'-6 cm/s,Permeability of the compound at 10 uM by PAMPA
18579161,1770434,2297493,Cc1ccc(CN2CCC(NC(=O)Nc3cccc(C(F)(F)F)c3)CC2)cc1,permeability,2200,10'-6 cm/s,Permeability of the compound at 10 uM by PAMPA
18579162,1770434,2300302,O=C(Nc1cccc(C(F)(F)F)c1)NC1CCN(Cc2ccc(Cl)cc2)CC1,permeability,1300,10'-6 cm/s,Permeability of the compound at 10 uM by PAMPA
18579163,1770434,2300962,O=C(Nc1cccc(C(F)(F)F)c1)NC1CCN(Cc2ccc(F)cc2)CC1,permeability,2200,10'-6 cm/s,Permeability of the compound at 10 uM by PAMPA
18579164,1770434,2301123,O=C(Nc1cccc(C(F)(F)F)c1)NC1CCN(C(=O)c2ccccc2)CC1,permeability,910,10'-6 cm/s,Permeability of the compound at 10 uM by PAMPA
18579165,1770434,148585,O=C(Nc1ccccc1)NC1CCN(Cc2ccccc2)CC1,permeability,1400,10'-6 cm/s,Permeability of the compound at 10 uM by PAMPA
18579167,1770434,2300538,Cc1ccc(NC(=O)NC2CCN(Cc3ccccc3)CC2)cc1Cl,permeability,2200,10'-6 cm/s,Permeability of the compound at 10 uM by PAMPA
18579173,1770434,2299223,O=C(Nc1cccc(-n2cccc2)c1)NC1CCN(Cc2ccccc2)CC1,permeability,930,10'-6 cm/s,Permeability of the compound at 10 uM by PAMPA
18579174,1770434,2301302,Cn1nccc1-c1cccc(NC(=O)NC2CCN(Cc3ccccc3)CC2)c1,permeability,2200,10'-6 cm/s,Permeability of the compound at 10 uM by PAMPA
18579175,1770434,2301065,O=C(Nc1cccc(CN2CCOCC2)c1)NC1CCN(Cc2ccccc2)CC1,permeability,220,10'-6 cm/s,Permeability of the compound at 10 uM by PAMPA
18579176,1770434,2300453,CCCN1CCC(N(CCC)C(=O)Nc2cccc(C(F)(F)F)c2)CC1,permeability,1600,10'-6 cm/s,Permeability of the compound at 10 uM by PAMPA
18579177,1770434,2301275,CCCCN(C(=O)Nc1cccc(C(F)(F)F)c1)C1CCN(CCC)CC1,permeability,2200,10'-6 cm/s,Permeability of the compound at 10 uM by PAMPA
18579178,1770434,2299654,CCCN1CCC(N(CC(C)C)C(=O)Nc2cccc(C(F)(F)F)c2)CC1,permeability,1900,10'-6 cm/s,Permeability of the compound at 10 uM by PAMPA
18579179,1770434,2300504,CCCN1CCC(N(CCC(C)C)C(=O)Nc2cccc(C(F)(F)F)c2)CC1,permeability,1500,10'-6 cm/s,Permeability of the compound at 10 uM by PAMPA
18579180,1770434,2299913,CCCN1CCC(N(CCOC)C(=O)Nc2cccc(C(F)(F)F)c2)CC1,permeability,1600,10'-6 cm/s,Permeability of the compound at 10 uM by PAMPA
18579181,1770434,2300766,CCCN1CCC(N(CC2CCCCC2)C(=O)Nc2cccc(C(F)(F)F)c2)CC1,permeability,2200,10'-6 cm/s,Permeability of the compound at 10 uM by PAMPA
18579182,1770434,2236607,CCCN1CCC(N(Cc2ccco2)C(=O)Nc2cccc(C(F)(F)F)c2)CC1,permeability,2200,10'-6 cm/s,Permeability of the compound at 10 uM by PAMPA
18579183,1770434,2218591,CCCN1CCC(N(Cc2ccccc2)C(=O)Nc2cccc(C(F)(F)F)c2)CC1,permeability,1800,10'-6 cm/s,Permeability of the compound at 10 uM by PAMPA
18579184,1770434,2298993,CCCN1CCC(N(Cc2cccnc2)C(=O)Nc2cccc(C(F)(F)F)c2)CC1,permeability,1300,10'-6 cm/s,Permeability of the compound at 10 uM by PAMPA
18579185,1770434,2298151,CCCN1CCC(N(Cc2ccncc2)C(=O)Nc2cccc(C(F)(F)F)c2)CC1,permeability,700,10'-6 cm/s,Permeability of the compound at 10 uM by PAMPA
18579186,1770434,2244330,CCCN1CCC(N(Cc2ccc3c(c2)OCO3)C(=O)Nc2cccc(C(F)(F)F)c2)CC1,permeability,2200,10'-6 cm/s,Permeability of the compound at 10 uM by PAMPA
18579187,1770434,2203425,CCCN1CCC(N(Cc2cc(F)cc(C(F)(F)F)c2)C(=O)Nc2cccc(C(F)(F)F)c2)CC1,permeability,2200,10'-6 cm/s,Permeability of the compound at 10 uM by PAMPA
18579188,1770434,2223489,O=C(Nc1cccc(C(F)(F)F)c1)N(Cc1ccccc1)C1CCNCC1,permeability,2200,10'-6 cm/s,Permeability of the compound at 10 uM by PAMPA
18579189,1770434,2298678,O=C(Nc1cccc(C(F)(F)F)c1)N(Cc1ccccc1)C1CCN(CCC(F)(F)F)CC1,permeability,440,10'-6 cm/s,Permeability of the compound at 10 uM by PAMPA
18579190,1770434,2241930,CCCCN1CCC(N(Cc2ccccc2)C(=O)Nc2cccc(C(F)(F)F)c2)CC1,permeability,2200,10'-6 cm/s,Permeability of the compound at 10 uM by PAMPA
18579191,1770434,2298417,CCCCCN1CCC(N(Cc2ccccc2)C(=O)Nc2cccc(C(F)(F)F)c2)CC1,permeability,1400,10'-6 cm/s,Permeability of the compound at 10 uM by PAMPA
18579193,1770434,2239008,CCCC(C)N1CCC(N(Cc2ccccc2)C(=O)Nc2cccc(C(F)(F)F)c2)CC1,permeability,1400,10'-6 cm/s,Permeability of the compound at 10 uM by PAMPA
18579194,1770434,2217662,O=C(Nc1cccc(C(F)(F)F)c1)N(Cc1ccccc1)C1CCN(CC2CC2)CC1,permeability,2200,10'-6 cm/s,Permeability of the compound at 10 uM by PAMPA
18579196,1770434,2301494,CC(C)CCN1CCC(N(Cc2ccccc2)C(=O)Nc2cccc(C(F)(F)F)c2)CC1,permeability,2200,10'-6 cm/s,Permeability of the compound at 10 uM by PAMPA
18579197,1770434,2297737,CC(C)(C)CCN1CCC(N(Cc2ccccc2)C(=O)Nc2cccc(C(F)(F)F)c2)CC1,permeability,2200,10'-6 cm/s,Permeability of the compound at 10 uM by PAMPA
18579198,1770434,2301233,O=C(Nc1cccc(C(F)(F)F)c1)N(Cc1ccccc1)C1CCN(CC2CCCC2)CC1,permeability,990,10'-6 cm/s,Permeability of the compound at 10 uM by PAMPA
18579199,1770434,2297472,O=C(Nc1cccc(C(F)(F)F)c1)N(Cc1ccccc1)C1CCN(CC2CCCCC2)CC1,permeability,1,10'-6 cm/s,Permeability of the compound at 10 uM by PAMPA
18579201,1770434,2297204,CCCC(=O)N1CCC(N(Cc2ccccc2)C(=O)Nc2cccc(C(F)(F)F)c2)CC1,permeability,2200,10'-6 cm/s,Permeability of the compound at 10 uM by PAMPA
18579202,1770434,2298203,CCCS(=O)(=O)N1CCC(N(Cc2ccccc2)C(=O)Nc2cccc(C(F)(F)F)c2)CC1,permeability,1,10'-6 cm/s,Permeability of the compound at 10 uM by PAMPA
18579203,1770434,2299046,CCCCS(=O)(=O)N1CCC(N(Cc2ccccc2)C(=O)Nc2cccc(C(F)(F)F)c2)CC1,permeability,1,10'-6 cm/s,Permeability of the compound at 10 uM by PAMPA
18579204,1770434,2298279,O=C(Nc1cccc(C(F)(F)F)c1)N(Cc1ccccc1)C1CCN(Cc2nccs2)CC1,permeability,310,10'-6 cm/s,Permeability of the compound at 10 uM by PAMPA
18579205,1770434,2297428,O=C(Nc1cccc(C(F)(F)F)c1)N(Cc1ccccc1)C1CCN(Cc2c[nH]cn2)CC1,permeability,50,10'-6 cm/s,Permeability of the compound at 10 uM by PAMPA
18579206,1770434,2299645,O=C(Nc1cccc(C(F)(F)F)c1)N(Cc1ccccc1)C1CCN(Cc2cc[nH]n2)CC1,permeability,2200,10'-6 cm/s,Permeability of the compound at 10 uM by PAMPA
18579207,1770434,2297691,O=C(Nc1cccc(C(F)(F)F)c1)N(Cc1ccccc1)C1CCN(Cc2ccccc2)CC1,permeability,300,10'-6 cm/s,Permeability of the compound at 10 uM by PAMPA
18579208,1770434,2297754,O=C(Nc1cccc(C(F)(F)F)c1)N(Cc1ccccc1)C1CCN(Cc2cccnc2)CC1,permeability,2200,10'-6 cm/s,Permeability of the compound at 10 uM by PAMPA
18579209,1770434,2301511,O=C(Nc1cccc(C(F)(F)F)c1)N(Cc1ccccc1)C1CCN(Cc2ccc(F)cc2)CC1,permeability,2200,10'-6 cm/s,Permeability of the compound at 10 uM by PAMPA
18579210,1770434,2298019,CCOc1cc(CN2CCC(N(Cc3ccccc3)C(=O)Nc3cccc(C(F)(F)F)c3)CC2)cc(Cl)c1O,permeability,110,10'-6 cm/s,Permeability of the compound at 10 uM by PAMPA
18579211,1770434,2301768,O=C(Nc1cccc(C(F)(F)F)c1)N(Cc1ccccc1)C1CCN(Cc2ccc3c(c2)OCO3)CC1,permeability,2200,10'-6 cm/s,Permeability of the compound at 10 uM by PAMPA
18579212,1770434,2299330,O=C(Nc1cccc(C(F)(F)F)c1)N(Cc1ccccc1)C1CCN(Cc2ccc3c(c2)OCCO3)CC1,permeability,2200,10'-6 cm/s,Permeability of the compound at 10 uM by PAMPA
18579213,1770434,2212041,CCCCN1CCC(N(Cc2ccc3c(c2)OCO3)C(=O)Nc2cccc(C(F)(F)F)c2)CC1,permeability,2200,10'-6 cm/s,Permeability of the compound at 10 uM by PAMPA
18579214,1770434,2243833,CC(C)(C)N1CCC(N(Cc2ccc3c(c2)OCO3)C(=O)Nc2cccc(C(F)(F)F)c2)CC1,permeability,2200,10'-6 cm/s,Permeability of the compound at 10 uM by PAMPA
18587831,1771670,2297816,C=CC(=O)NCCCC[C@H](NC(=O)Cc1ccccc1)C(=O)N1CCN(c2ccc(C(F)(F)F)nc2)CC1,Peff,89.8,nm/s,Effective permeability of the compound by PAMPA assay
18587825,1771670,1443055,C=CC(=O)NCCCC[C@H](NC(=O)Cc1ccccc1)C(=O)N1CCN(c2cccc(C)n2)CC1,Peff,87.7,nm/s,Effective permeability of the compound by PAMPA assay
18587826,1771670,2300659,C=CC(=O)NCCCC[C@H](NC(=O)Cc1ccccc1)C(=O)N1CCN(c2cccc(F)n2)CC1,Peff,133,nm/s,Effective permeability of the compound by PAMPA assay
18587827,1771670,2301033,C=CC(=O)NCCCC[C@H](NC(=O)Cc1ccccc1)C(=O)N1CCN(c2cccc(C(C)(C)C)n2)CC1,Peff,219,nm/s,Effective permeability of the compound by PAMPA assay
18587828,1771670,2299276,C=CC(=O)NCCCC[C@H](NC(=O)Cc1ccccc1)C(=O)N1CCN(c2cccc(-c3ccccc3)n2)CC1,Peff,219,nm/s,Effective permeability of the compound by PAMPA assay
18587829,1771670,2299792,C=CC(=O)NCCCC[C@H](NC(=O)Cc1ccccc1)C(=O)N1CCN(c2cccc([N+](=O)[O-])n2)CC1,Peff,91.6,nm/s,Effective permeability of the compound by PAMPA assay
18587830,1771670,2299533,C=CC(=O)NCCCC[C@H](NC(=O)Cc1ccccc1)C(=O)N1CCN(c2ccc(F)nc2)CC1,Peff,35.4,nm/s,Effective permeability of the compound by PAMPA assay
18587832,1771670,2301564,C=CC(=O)NCCCC[C@H](NC(=O)Cc1ccccc1)C(=O)N1CCN(c2ccncc2)CC1,Peff,5.1,nm/s,Effective permeability of the compound by PAMPA assay
18587833,1771670,2298071,C=CC(=O)NCCCC[C@H](NC(=O)Cc1ccccc1)C(=O)N1CCN(C(=O)c2ccc(F)cc2)CC1,Peff,30.5,nm/s,Effective permeability of the compound by PAMPA assay
18587834,1771670,2300848,C=CC(=O)NCCCC[C@H](NC(=O)Cc1ccccc1)C(=O)N1CCN(Cc2ccc(F)cc2)CC1,Peff,103,nm/s,Effective permeability of the compound by PAMPA assay
18587835,1771670,2299023,C=CC(=O)NCCCC[C@H](NC(=O)Cc1ccccc1)C(=O)N1CCN(S(=O)(=O)c2cccc3c(N(C)C)cccc23)CC1,Peff,76.8,nm/s,Effective permeability of the compound by PAMPA assay
18587836,1771670,2300085,C=CC(=O)NCCCC[C@H](NC(=O)Nc1ccc(F)cc1)C(=O)N1CCN(c2cccc(C)n2)CC1,Peff,125,nm/s,Effective permeability of the compound by PAMPA assay
18587837,1771670,2300078,C=CC(=O)NCCCC[C@H](NC(=O)c1ccc(F)cc1)C(=O)N1CCN(c2cccc(C)n2)CC1,Peff,127,nm/s,Effective permeability of the compound by PAMPA assay
18587838,1771670,2300601,C=CC(=O)NCCCC[C@H](NC(=O)Cc1ccc(F)cc1)C(=O)N1CCN(c2cccc(C)n2)CC1,Peff,114,nm/s,Effective permeability of the compound by PAMPA assay
18587839,1771670,2299362,C=CC(=O)NCCCC[C@H](NC(=O)Cc1ccccc1F)C(=O)N1CCN(c2cccc(C)n2)CC1,Peff,114,nm/s,Effective permeability of the compound by PAMPA assay
18587840,1771670,2300373,C=CC(=O)NCCCC[C@H](NC(=O)Cc1cccc(F)c1)C(=O)N1CCN(c2cccc(C)n2)CC1,Peff,125,nm/s,Effective permeability of the compound by PAMPA assay
18587841,1771670,2301217,C=CC(=O)NCCCC[C@H](NC(=O)Cc1ccc(F)cc1)C(=O)N1CCN(c2ccc([N+](=O)[O-])nc2)CC1,Peff,19.7,nm/s,Effective permeability of the compound by PAMPA assay
18587842,1771670,2301187,C=CC(=O)NCCCC[C@H](NC(=O)c1ccc(F)cc1)C(=O)N1CCN(c2ccc([N+](=O)[O-])nc2)CC1,Peff,40.8,nm/s,Effective permeability of the compound by PAMPA assay
18587843,1771670,2301415,C=CC(=O)NCCCC[C@H](NC(=O)Cc1ccccc1F)C(=O)N1CCN(c2cccc([N+](=O)[O-])n2)CC1,Peff,87.4,nm/s,Effective permeability of the compound by PAMPA assay
18587844,1771670,2045,NS(=O)(=O)c1cc2c(cc1Cl)NCNS2(=O)=O,Peff,0.6,nm/s,Effective permeability of the compound by PAMPA assay
18587845,1771670,789,COCCc1ccc(OCC(O)CNC(C)C)cc1,Peff,40.4,nm/s,Effective permeability of the compound by PAMPA assay
18587846,1771670,1219,COc1ccc(CCN(C)CCCC(C#N)(c2ccc(OC)c(OC)c2)C(C)C)cc1OC,Peff,520,nm/s,Effective permeability of the compound by PAMPA assay
18590383,1772183,364520,C[C@]12CC[C@H]3[C@@H](CCC4=CC(=O)CC[C@@]43C)[C@@H]1CC[C@@H]2O,Peff,17,10'-6 cm/s,Effective permeability of the compound at 25 ug/ml after 18 hrs by PAMPA
18590384,1772183,1219,COc1ccc(CCN(C)CCCC(C#N)(c2ccc(OC)c(OC)c2)C(C)C)cc1OC,Peff,16,10'-6 cm/s,Effective permeability of the compound at 25 ug/ml after 18 hrs by PAMPA
18590385,1772183,27626,C[C@]12CC[C@@H]3c4ccc(O)cc4CC[C@H]3[C@@H]1CC[C@@H]2O,Peff,12,10'-6 cm/s,Effective permeability of the compound at 25 ug/ml after 18 hrs by PAMPA
18590386,1772183,27609,Clc1cccc(Cl)c1NC1=NCCN1,Peff,5.3,10'-6 cm/s,Effective permeability of the compound at 25 ug/ml after 18 hrs by PAMPA
18590387,1772183,182165,C[C@]12C[C@H](O)[C@H]3[C@@H](CCC4=CC(=O)CC[C@@]43C)[C@@H]1CC[C@@H]2C(=O)CO,Peff,5.1,10'-6 cm/s,Effective permeability of the compound at 25 ug/ml after 18 hrs by PAMPA
18590388,1772183,16278,CCn1cc(C(=O)O)c(=O)c2cc(F)c(N3CCNC(C)C3)c(F)c21,Peff,1.1,10'-6 cm/s,Effective permeability of the compound at 25 ug/ml after 18 hrs by PAMPA
18590389,1772183,374052,C[C@]12CCC(=O)C=C1CC[C@@H]1[C@@H]2[C@@H](O)C[C@@]2(C)[C@H]1CC[C@]2(O)C(=O)CO,Peff,1.9,10'-6 cm/s,Effective permeability of the compound at 25 ug/ml after 18 hrs by PAMPA
18590390,1772183,11968,CN1C(C(=O)Nc2ccccn2)=C(O)c2ccccc2S1(=O)=O,Peff,2.5,10'-6 cm/s,Effective permeability of the compound at 25 ug/ml after 18 hrs by PAMPA
18590391,1772184,2298550,COc1ccc(/C=C/C(=O)N2CCN(Cc3ccc(O)c4ncccc34)CC2)cc1OC,permeability,8.82,10'-6 cm/s,Permeability of the compound at 100 ug/ml after 10 hrs by PAMPA
18590392,1772184,2300106,O=C(/C=C/c1ccc(F)cc1F)N1CCN(Cc2ccc(O)c3ncccc23)CC1,permeability,18.58,10'-6 cm/s,Permeability of the compound at 100 ug/ml after 10 hrs by PAMPA
18590393,1772184,2299848,O=C(/C=C/c1ccccc1Cl)N1CCN(Cc2ccc(O)c3ncccc23)CC1,permeability,6.83,10'-6 cm/s,Permeability of the compound at 100 ug/ml after 10 hrs by PAMPA
18590394,1772184,2299318,O=C(CCc1ccccc1Cl)N1CCN(Cc2ccc(O)c3ncccc23)CC1,permeability,11.05,10'-6 cm/s,Permeability of the compound at 100 ug/ml after 10 hrs by PAMPA
18590395,1772184,2298212,COc1ccc(CCC(=O)N2CCN(Cc3ccc(O)c4ncccc34)CC2)cc1OC,permeability,9.67,10'-6 cm/s,Permeability of the compound at 100 ug/ml after 10 hrs by PAMPA
18590396,1772184,364520,C[C@]12CC[C@H]3[C@@H](CCC4=CC(=O)CC[C@@]43C)[C@@H]1CC[C@@H]2O,permeability,15.76,10'-6 cm/s,Permeability of the compound at 100 ug/ml after 10 hrs by PAMPA
18590397,1772184,1219,COc1ccc(CCN(C)CCCC(C#N)(c2ccc(OC)c(OC)c2)C(C)C)cc1OC,permeability,13.44,10'-6 cm/s,Permeability of the compound at 100 ug/ml after 10 hrs by PAMPA
18590398,1772184,27626,C[C@]12CC[C@@H]3c4ccc(O)cc4CC[C@H]3[C@@H]1CC[C@@H]2O,permeability,9.17,10'-6 cm/s,Permeability of the compound at 100 ug/ml after 10 hrs by PAMPA
18590399,1772184,27609,Clc1cccc(Cl)c1NC1=NCCN1,permeability,5,10'-6 cm/s,Permeability of the compound at 100 ug/ml after 10 hrs by PAMPA
18590400,1772184,182165,C[C@]12C[C@H](O)[C@H]3[C@@H](CCC4=CC(=O)CC[C@@]43C)[C@@H]1CC[C@@H]2C(=O)CO,permeability,4.76,10'-6 cm/s,Permeability of the compound at 100 ug/ml after 10 hrs by PAMPA
18590401,1772184,16278,CCn1cc(C(=O)O)c(=O)c2cc(F)c(N3CCNC(C)C3)c(F)c21,permeability,1.59,10'-6 cm/s,Permeability of the compound at 100 ug/ml after 10 hrs by PAMPA
18590402,1772184,374052,C[C@]12CCC(=O)C=C1CC[C@@H]1[C@@H]2[C@@H](O)C[C@@]2(C)[C@H]1CC[C@]2(O)C(=O)CO,permeability,1.97,10'-6 cm/s,Permeability of the compound at 100 ug/ml after 10 hrs by PAMPA
18590403,1772184,11968,CN1C(C(=O)Nc2ccccn2)=C(O)c2ccccc2S1(=O)=O,permeability,1.8,10'-6 cm/s,Permeability of the compound at 100 ug/ml after 10 hrs by PAMPA
18667691,1776935,2308045,COc1ccc2c(c1)C/C(=C/c1ccccc1-c1ccccc1)C2=O,Peff,26.65,ucm/s,Effective permeability of the compound at 100 ug/ml after 16 hrs by PAMPA
18667692,1776935,2309374,COc1ccc(-c2ccccc2/C=C2/Cc3cc(OC)ccc3C2=O)cc1,Peff,26.23,ucm/s,Effective permeability of the compound at 100 ug/ml after 16 hrs by PAMPA
18667693,1776935,2306930,COc1ccc2c(c1)C/C(=C/c1ccccc1-c1ccc3ccccc3c1)C2=O,Peff,28.54,ucm/s,Effective permeability of the compound at 100 ug/ml after 16 hrs by PAMPA
18667694,1776935,2305432,COc1ccc2c(c1)C/C(=C/c1ccccc1-c1ccc3nc(N)ccc3c1)C2=O,Peff,24.29,ucm/s,Effective permeability of the compound at 100 ug/ml after 16 hrs by PAMPA
18667695,1776935,9372,COc1cc2c(cc1OC)C(=O)C(CC1CCN(Cc3ccccc3)CC1)C2,Peff,22.91,ucm/s,Effective permeability of the compound at 100 ug/ml after 16 hrs by PAMPA
18667696,1776935,16485,Cn1c(=O)c2c(ncn2C)n(C)c1=O,Peff,2.09,ucm/s,Effective permeability of the compound at 100 ug/ml after 16 hrs by PAMPA
18701651,1783507,57175,CCn1cc(C(=O)O)c(=O)c2cc(F)c(N3CCNCC3)nc21,permeability,0.5,ucm/s,Permeability of the compound after 2.5 hrs by PAMPA
18701652,1783507,6243,CNCCCN1c2ccccc2CCc2ccccc21,permeability,11.4,ucm/s,Permeability of the compound after 2.5 hrs by PAMPA
18701653,1783507,16485,Cn1c(=O)c2c(ncn2C)n(C)c1=O,permeability,0.1,ucm/s,Permeability of the compound after 2.5 hrs by PAMPA
18701654,1783507,1279,CC(C)NCC(O)COc1ccc(CC(N)=O)cc1,permeability,0.5,ucm/s,Permeability of the compound after 2.5 hrs by PAMPA
18701655,1783507,2333557,O=C(CCCc1c[nH]c2ccccc12)NCCC1CCN(Cc2ccccc2)CC1,permeability,3.9,ucm/s,Permeability of the compound after 2.5 hrs by PAMPA
18701656,1783507,2093630,O=C(CCc1c[nH]c2ccccc12)NCCC1CCN(Cc2ccccc2)CC1,permeability,2.2,ucm/s,Permeability of the compound after 2.5 hrs by PAMPA
18701657,1783507,2325266,O=C(Cc1c[nH]c2ccc(Br)cc12)NCCC1CCN(Cc2ccccc2)CC1,permeability,5.8,ucm/s,Permeability of the compound after 2.5 hrs by PAMPA
18701658,1783507,2317330,Cc1[nH]c2ccccc2c1CC(=O)NCCC1CCN(Cc2ccccc2)CC1,permeability,2.3,ucm/s,Permeability of the compound after 2.5 hrs by PAMPA
18701659,1783507,2321862,Cn1cc(C(=O)NCCC2CCN(Cc3ccccc3)CC2)c2ccccc21,permeability,4.8,ucm/s,Permeability of the compound after 2.5 hrs by PAMPA
18701660,1783507,2332463,Cn1cc(CC(=O)NCCC2CCN(Cc3ccccc3)CC2)c2ccccc21,permeability,7.3,ucm/s,Permeability of the compound after 2.5 hrs by PAMPA
18701661,1783507,2323099,O=C(Cc1c[nH]c2ccccc12)NCCC1CCN(Cc2ccccc2)CC1,permeability,2.4,ucm/s,Permeability of the compound after 2.5 hrs by PAMPA
18701680,1783507,374052,C[C@]12CCC(=O)C=C1CC[C@@H]1[C@@H]2[C@@H](O)C[C@@]2(C)[C@H]1CC[C@]2(O)C(=O)CO,permeability,0.4,ucm/s,Permeability of the compound after 2.5 hrs by PAMPA
18701681,1783507,146,CC1COc2c(N3CCN(C)CC3)c(F)cc3c(=O)c(C(=O)O)cn1c23,permeability,0.8,ucm/s,Permeability of the compound after 2.5 hrs by PAMPA
18701682,1783507,11968,CN1C(C(=O)Nc2ccccn2)=C(O)c2ccccc2S1(=O)=O,permeability,0.1,ucm/s,Permeability of the compound after 2.5 hrs by PAMPA
18701683,1783507,16391,CN(C)CCCN1c2ccccc2Sc2ccccc21,permeability,11.8,ucm/s,Permeability of the compound after 2.5 hrs by PAMPA
18701684,1783507,364520,C[C@]12CC[C@H]3[C@@H](CCC4=CC(=O)CC[C@@]43C)[C@@H]1CC[C@@H]2O,permeability,16.8,ucm/s,Permeability of the compound after 2.5 hrs by PAMPA
18701685,1783507,1219,COc1ccc(CCN(C)CCCC(C#N)(c2ccc(OC)c(OC)c2)C(C)C)cc1OC,permeability,17,ucm/s,Permeability of the compound after 2.5 hrs by PAMPA
18701686,1783508,365538,Nc1nc2c(ncn2COCCO)c(=O)[nH]1,permeability,0,ucm/s,Permeability of the compound by PAMPA
18701687,1783508,1279,CC(C)NCC(O)COc1ccc(CC(N)=O)cc1,permeability,0,ucm/s,Permeability of the compound by PAMPA
18701688,1783508,15086,NC(=O)N1c2ccccc2C=Cc2ccccc21,permeability,11.3,ucm/s,Permeability of the compound by PAMPA
18701689,1783508,83724,CO/N=C(\C(=O)N[C@@H]1C(=O)N2C(C(=O)O)=C(CSc3nc(=O)c(O)nn3C)CS[C@H]12)c1csc(N)n1,permeability,0,ucm/s,Permeability of the compound by PAMPA
18701690,1783508,1256,O=c1ccc2ccccc2o1,permeability,22.1,ucm/s,Permeability of the compound by PAMPA
18701691,1783508,29890,O=C(O)Cc1ccccc1Nc1c(Cl)cccc1Cl,permeability,12.5,ucm/s,Permeability of the compound by PAMPA
18701692,1783508,374052,C[C@]12CCC(=O)C=C1CC[C@@H]1[C@@H]2[C@@H](O)C[C@@]2(C)[C@H]1CC[C@]2(O)C(=O)CO,permeability,3.4,ucm/s,Permeability of the compound by PAMPA
18701693,1783508,246,CCn1cc(C(=O)O)c(=O)c2cc(F)c(N3CCNCC3)cc21,permeability,0.9,ucm/s,Permeability of the compound by PAMPA
18701694,1783508,10685,CN/C(=C\[N+](=O)[O-])NCCSCc1ccc(CN(C)C)o1,permeability,0.5,ucm/s,Permeability of the compound by PAMPA
18701695,1783508,1223,O=C(O)c1cc(/N=N/c2ccc(S(=O)(=O)Nc3ccccn3)cc2)ccc1O,permeability,0.1,ucm/s,Permeability of the compound by PAMPA
18701696,1783508,1219,COc1ccc(CCN(C)CCCC(C#N)(c2ccc(OC)c(OC)c2)C(C)C)cc1OC,permeability,7.4,ucm/s,Permeability of the compound by PAMPA
18701697,1783509,365538,Nc1nc2c(ncn2COCCO)c(=O)[nH]1,permeability,0.1,ucm/s,Permeability of the compound at 500 uM after 8 hrs by PAMPA
18701698,1783509,1279,CC(C)NCC(O)COc1ccc(CC(N)=O)cc1,permeability,0.1,ucm/s,Permeability of the compound at 500 uM after 8 hrs by PAMPA
18701699,1783509,15086,NC(=O)N1c2ccccc2C=Cc2ccccc21,permeability,11.2,ucm/s,Permeability of the compound at 500 uM after 8 hrs by PAMPA
18701700,1783509,83724,CO/N=C(\C(=O)N[C@@H]1C(=O)N2C(C(=O)O)=C(CSc3nc(=O)c(O)nn3C)CS[C@H]12)c1csc(N)n1,permeability,0.1,ucm/s,Permeability of the compound at 500 uM after 8 hrs by PAMPA
18701701,1783509,1256,O=c1ccc2ccccc2o1,permeability,19.3,ucm/s,Permeability of the compound at 500 uM after 8 hrs by PAMPA
18701702,1783509,29890,O=C(O)Cc1ccccc1Nc1c(Cl)cccc1Cl,permeability,11.8,ucm/s,Permeability of the compound at 500 uM after 8 hrs by PAMPA
18701703,1783509,374052,C[C@]12CCC(=O)C=C1CC[C@@H]1[C@@H]2[C@@H](O)C[C@@]2(C)[C@H]1CC[C@]2(O)C(=O)CO,permeability,0.3,ucm/s,Permeability of the compound at 500 uM after 8 hrs by PAMPA
18701704,1783509,246,CCn1cc(C(=O)O)c(=O)c2cc(F)c(N3CCNCC3)cc21,permeability,0.1,ucm/s,Permeability of the compound at 500 uM after 8 hrs by PAMPA
18701705,1783509,10685,CN/C(=C\[N+](=O)[O-])NCCSCc1ccc(CN(C)C)o1,permeability,0.1,ucm/s,Permeability of the compound at 500 uM after 8 hrs by PAMPA
18701706,1783509,1223,O=C(O)c1cc(/N=N/c2ccc(S(=O)(=O)Nc3ccccn3)cc2)ccc1O,permeability,0.1,ucm/s,Permeability of the compound at 500 uM after 8 hrs by PAMPA
18701707,1783509,1219,COc1ccc(CCN(C)CCCC(C#N)(c2ccc(OC)c(OC)c2)C(C)C)cc1OC,permeability,6.4,ucm/s,Permeability of the compound at 500 uM after 8 hrs by PAMPA
18701708,1783509,2323099,O=C(Cc1c[nH]c2ccccc12)NCCC1CCN(Cc2ccccc2)CC1,permeability,0.1,ucm/s,Permeability of the compound at 500 uM after 8 hrs by PAMPA
18701709,1783509,2332463,Cn1cc(CC(=O)NCCC2CCN(Cc3ccccc3)CC2)c2ccccc21,permeability,5.5,ucm/s,Permeability of the compound at 500 uM after 8 hrs by PAMPA
18701710,1783509,2321862,Cn1cc(C(=O)NCCC2CCN(Cc3ccccc3)CC2)c2ccccc21,permeability,4.6,ucm/s,Permeability of the compound at 500 uM after 8 hrs by PAMPA
18701711,1783509,2317330,Cc1[nH]c2ccccc2c1CC(=O)NCCC1CCN(Cc2ccccc2)CC1,permeability,0.7,ucm/s,Permeability of the compound at 500 uM after 8 hrs by PAMPA
18701712,1783509,2325266,O=C(Cc1c[nH]c2ccc(Br)cc12)NCCC1CCN(Cc2ccccc2)CC1,permeability,0.5,ucm/s,Permeability of the compound at 500 uM after 8 hrs by PAMPA
18701713,1783509,2093630,O=C(CCc1c[nH]c2ccccc12)NCCC1CCN(Cc2ccccc2)CC1,permeability,0.7,ucm/s,Permeability of the compound at 500 uM after 8 hrs by PAMPA
18701714,1783509,2333557,O=C(CCCc1c[nH]c2ccccc12)NCCC1CCN(Cc2ccccc2)CC1,permeability,0.1,ucm/s,Permeability of the compound at 500 uM after 8 hrs by PAMPA
18728786,1787957,364520,C[C@]12CC[C@H]3[C@@H](CCC4=CC(=O)CC[C@@]43C)[C@@H]1CC[C@@H]2O,permeability,17,ucm/s,Permeability of the compound by PAMPA
18728787,1787957,1219,COc1ccc(CCN(C)CCCC(C#N)(c2ccc(OC)c(OC)c2)C(C)C)cc1OC,permeability,16,ucm/s,Permeability of the compound by PAMPA
18728788,1787957,27626,C[C@]12CC[C@@H]3c4ccc(O)cc4CC[C@H]3[C@@H]1CC[C@@H]2O,permeability,12,ucm/s,Permeability of the compound by PAMPA
18728789,1787957,12825,CC(=O)[C@H]1CC[C@H]2[C@@H]3CCC4=CC(=O)CC[C@]4(C)[C@H]3CC[C@]12C,permeability,9.3,ucm/s,Permeability of the compound by PAMPA
18728790,1787957,182165,C[C@]12C[C@H](O)[C@H]3[C@@H](CCC4=CC(=O)CC[C@@]43C)[C@@H]1CC[C@@H]2C(=O)CO,permeability,5.1,ucm/s,Permeability of the compound by PAMPA
18728791,1787957,11968,CN1C(C(=O)Nc2ccccn2)=C(O)c2ccccc2S1(=O)=O,permeability,2.5,ucm/s,Permeability of the compound by PAMPA
18728792,1787957,374052,C[C@]12CCC(=O)C=C1CC[C@@H]1[C@@H]2[C@@H](O)C[C@@]2(C)[C@H]1CC[C@]2(O)C(=O)CO,permeability,1.8,ucm/s,Permeability of the compound by PAMPA
18728793,1787957,16278,CCn1cc(C(=O)O)c(=O)c2cc(F)c(N3CCNC(C)C3)c(F)c21,permeability,1.1,ucm/s,Permeability of the compound by PAMPA
18728794,1787957,4584,NCCc1ccc(O)c(O)c1,permeability,0.2,ucm/s,Permeability of the compound by PAMPA
18728795,1787958,2328925,COc1cc(C2=NNC(c3ccc(Cl)cc3)C2)ccc1O,permeability,13.86,ucm/s,Permeability of the compound at 50 ug/ml after 16 hrs by PAMPA
18728796,1787958,2318657,COc1cc(C2=NN(S(=O)(=O)c3ccc(C)cc3)C(c3ccc(Cl)cc3)C2)ccc1O,permeability,12.01,ucm/s,Permeability of the compound at 50 ug/ml after 16 hrs by PAMPA
18728797,1787958,2330004,COc1cc(C2=NN(C(=S)Nc3ccccc3)C(c3ccc(Cl)cc3)C2)ccc1O,permeability,9.55,ucm/s,Permeability of the compound at 50 ug/ml after 16 hrs by PAMPA
18728798,1787958,364520,C[C@]12CC[C@H]3[C@@H](CCC4=CC(=O)CC[C@@]43C)[C@@H]1CC[C@@H]2O,permeability,16.22,ucm/s,Permeability of the compound at 50 ug/ml after 16 hrs by PAMPA
18728799,1787958,1219,COc1ccc(CCN(C)CCCC(C#N)(c2ccc(OC)c(OC)c2)C(C)C)cc1OC,permeability,15.02,ucm/s,Permeability of the compound at 50 ug/ml after 16 hrs by PAMPA
18728800,1787958,27626,C[C@]12CC[C@@H]3c4ccc(O)cc4CC[C@H]3[C@@H]1CC[C@@H]2O,permeability,11.85,ucm/s,Permeability of the compound at 50 ug/ml after 16 hrs by PAMPA
18728801,1787958,12825,CC(=O)[C@H]1CC[C@H]2[C@@H]3CCC4=CC(=O)CC[C@]4(C)[C@H]3CC[C@]12C,permeability,9.5,ucm/s,Permeability of the compound at 50 ug/ml after 16 hrs by PAMPA
18728802,1787958,182165,C[C@]12C[C@H](O)[C@H]3[C@@H](CCC4=CC(=O)CC[C@@]43C)[C@@H]1CC[C@@H]2C(=O)CO,permeability,4.98,ucm/s,Permeability of the compound at 50 ug/ml after 16 hrs by PAMPA
18728803,1787958,11968,CN1C(C(=O)Nc2ccccn2)=C(O)c2ccccc2S1(=O)=O,permeability,2.64,ucm/s,Permeability of the compound at 50 ug/ml after 16 hrs by PAMPA
18728804,1787958,374052,C[C@]12CCC(=O)C=C1CC[C@@H]1[C@@H]2[C@@H](O)C[C@@]2(C)[C@H]1CC[C@]2(O)C(=O)CO,permeability,1.8,ucm/s,Permeability of the compound at 50 ug/ml after 16 hrs by PAMPA
18728805,1787958,16278,CCn1cc(C(=O)O)c(=O)c2cc(F)c(N3CCNC(C)C3)c(F)c21,permeability,1.24,ucm/s,Permeability of the compound at 50 ug/ml after 16 hrs by PAMPA
18728806,1787958,4584,NCCc1ccc(O)c(O)c1,permeability,0.22,ucm/s,Permeability of the compound at 50 ug/ml after 16 hrs by PAMPA
18734263,1788992,402466,NC(=O)c1cc[n+](CCC[n+]2ccc(/C=N/O)cc2)cc1.[Br-].[Br-],permeability,0.33,10'-6 cm/s,Permeability of the compound at 100 uM after 3 to 6 hrs by PAMPA assay
18734264,1788992,194484,NC(=O)c1cc[n+](CCCC[n+]2ccc(/C=N/O)cc2)cc1.[Br-].[Br-],permeability,0.34,10'-6 cm/s,Permeability of the compound at 100 uM after 3 to 6 hrs by PAMPA assay
18734265,1788992,402470,NC(=O)c1cc[n+](C/C=C/C[n+]2ccc(/C=N/O)cc2)cc1.[Br-].[Br-],permeability,0.45,10'-6 cm/s,Permeability of the compound at 100 uM after 3 to 6 hrs by PAMPA assay
18734266,1788992,2332091,NC(=O)c1cc[n+](CCC[n+]2ccc(/C=N/O)c(Cl)c2)cc1.[Br-].[Br-],permeability,1.4,10'-6 cm/s,Permeability of the compound at 100 uM after 3 to 6 hrs by PAMPA assay
18734267,1788992,2324212,NC(=O)c1cc[n+](CCCC[n+]2ccc(/C=N/O)c(Cl)c2)cc1.[Br-].[Br-],permeability,1,10'-6 cm/s,Permeability of the compound at 100 uM after 3 to 6 hrs by PAMPA assay
18734268,1788992,2328669,NC(=O)c1cc[n+](C/C=C/C[n+]2ccc(/C=N/O)c(Cl)c2)cc1.[Br-].[Br-],permeability,2.6,10'-6 cm/s,Permeability of the compound at 100 uM after 3 to 6 hrs by PAMPA assay
18734269,1788992,2320798,NC(=O)c1cc[n+](CCC[n+]2cc(Cl)c(/C=N/O)c(Cl)c2)cc1.[Br-].[Br-],permeability,1.73,10'-6 cm/s,Permeability of the compound at 100 uM after 3 to 6 hrs by PAMPA assay
18734270,1788992,2325274,NC(=O)c1cc[n+](CCCC[n+]2cc(Cl)c(/C=N/O)c(Cl)c2)cc1.[Br-].[Br-],permeability,1.4,10'-6 cm/s,Permeability of the compound at 100 uM after 3 to 6 hrs by PAMPA assay
18734271,1788992,2317346,NC(=O)c1cc[n+](C/C=C/C[n+]2cc(Cl)c(/C=N/O)c(Cl)c2)cc1.[Br-].[Br-],permeability,2.21,10'-6 cm/s,Permeability of the compound at 100 uM after 3 to 6 hrs by PAMPA assay
18734272,1788992,11968,CN1C(C(=O)Nc2ccccn2)=C(O)c2ccccc2S1(=O)=O,permeability,2.2,10'-6 cm/s,Permeability of the compound at 100 uM after 3 to 6 hrs by PAMPA assay
18734273,1788992,9333,Nc1c2c(nc3ccccc13)CCCC2,permeability,5.3,10'-6 cm/s,Permeability of the compound at 100 uM after 3 to 6 hrs by PAMPA assay
18734342,1788992,14005,C[n+]1ccccc1C=NO.[I-],permeability,0.36,10'-6 cm/s,Permeability of the compound at 100 uM after 3 to 6 hrs by PAMPA assay
18734343,1788992,45597,NC(=O)c1cc[n+](COC[n+]2ccccc2/C=N/O)cc1.[Cl-].[Cl-],permeability,0.84,10'-6 cm/s,Permeability of the compound at 100 uM after 3 to 6 hrs by PAMPA assay
18751327,1792061,2328369,C[C@@H]1CNC[C@H](C)N1c1ccc(-c2cnc3c(-c4ccc(S(N)(=O)=O)c5ccccc45)cnn3c2)cc1,permeability,5.5,10'-6 cm/s,Permeability of the compound by PAMPA
18751328,1792061,2320036,NS(=O)(=O)c1ccc(-c2cnn3cc(-c4ccc(N5CCNCC5)nc4)cnc23)c2ccccc12,permeability,8.3,10'-6 cm/s,Permeability of the compound by PAMPA
18751329,1792061,2318586,CN(C)CCOc1ccc(-c2cnc3c(-c4ccc(S(N)(=O)=O)c5ccccc45)cnn3c2)cn1,permeability,8.8,10'-6 cm/s,Permeability of the compound by PAMPA
18751330,1792061,2330252,NS(=O)(=O)c1ccc(-c2cnn3cc(-c4ccc(OCCN5CCCCC5)nc4)cnc23)c2ccccc12,permeability,364.7,10'-6 cm/s,Permeability of the compound by PAMPA
18751331,1792061,2316690,NS(=O)(=O)c1ccc(-c2cnn3cc(-c4ccc(C5CCNCC5)cc4)cnc23)c2ccccc12,permeability,78.6,10'-6 cm/s,Permeability of the compound by PAMPA
18751332,1792061,2324971,NS(=O)(=O)c1ccc(-c2cnn3cc(-c4ccc(OCCN5CCCCC5)cc4)cnc23)c2ccccc12,permeability,481.5,10'-6 cm/s,Permeability of the compound by PAMPA
18751333,1792061,2317670,CC(C)(CN1CCCCC1)Oc1ccc(-c2cnc3c(-c4ccc(S(N)(=O)=O)c5ccccc45)cnn3c2)cc1,permeability,1920.5,10'-6 cm/s,Permeability of the compound by PAMPA
18751334,1792061,2328353,NS(=O)(=O)c1ccc(-c2cnn3cc(-c4ccc(OCCN5CCCC5)cc4)cnc23)c2ccccc12,permeability,317,10'-6 cm/s,Permeability of the compound by PAMPA
18751335,1792061,2333365,CC(N)c1ccc(-c2cnc3c(-c4ccc(S(N)(=O)=O)c5ccccc45)cnn3c2)cc1,permeability,14.2,10'-6 cm/s,Permeability of the compound by PAMPA
18751336,1792061,2322763,CC(C)(N)c1ccc(-c2cnc3c(-c4ccc(S(N)(=O)=O)c5ccccc45)cnn3c2)cc1,permeability,9.4,10'-6 cm/s,Permeability of the compound by PAMPA
18751338,1792061,2320615,NS(=O)(=O)c1ccc(-c2cnn3cc(-c4ccc(CN5CCCC5)cc4)cnc23)c2ccccc12,permeability,467,10'-6 cm/s,Permeability of the compound by PAMPA
18751339,1792061,2323086,CC(c1ccc(-c2cnc3c(-c4ccc(S(N)(=O)=O)c5ccccc45)cnn3c2)cc1)N1CCCC1,permeability,1116,10'-6 cm/s,Permeability of the compound by PAMPA
18764392,1794929,2326289,CN1CCC(c2nc(-c3ccc(F)c(NS(C)(=O)=O)c3)c(-c3ccnc(NCC4CC4)n3)s2)CC1,permeability,57,nm/s,Permeability of the compound by PAMPA
18764393,1794929,2326328,CN1CCC(c2nc(-c3cccc(S(C)(=O)=O)c3)c(-c3ccnc(Nc4ccc(N5CCNCC5)cc4)n3)s2)CC1,permeability,0,nm/s,Permeability of the compound by PAMPA
18764394,1794929,2327551,CN1CCC(c2nc(-c3ccc(F)cc3)c(-c3ccnc(Nc4ccc(N5CCNCC5)cc4)n3)s2)CC1,permeability,75,nm/s,Permeability of the compound by PAMPA
18773390,1796642,2329785,CC(Cn1ncc2c(Nc3cccc(O)c3)nc(NCCO)nc21)c1ccccc1,Papp,0.2,ucm/s,Apparent permeability of the compound after 5 hrs by PAMPA
18773303,1796642,1928986,CC(Cn1ncc2c(Nc3cccc(O)c3)nc(SCCN3CCOCC3)nc21)c1ccccc1,Papp,6.81,ucm/s,Apparent permeability of the compound after 5 hrs by PAMPA
18773307,1796642,1827900,CC(C)Sc1nc(Nc2cccc(O)c2)c2cnn(CC(Cl)c3ccccc3)c2n1,Papp,4.53,ucm/s,Apparent permeability of the compound after 5 hrs by PAMPA
18773317,1796642,2325768,Oc1ccc(Cl)c(Nc2ncnc3c2cnn3CC(Cl)c2ccccc2)c1,Papp,4.39,ucm/s,Apparent permeability of the compound after 5 hrs by PAMPA
18773324,1796642,2317861,CSc1nc(Nc2cc(O)ccc2Cl)c2cnn(CC(C)c3ccccc3)c2n1,Papp,8.33,ucm/s,Apparent permeability of the compound after 5 hrs by PAMPA
18773331,1796642,2317432,CSc1nc(Nc2cc(O)ccc2Cl)c2cnn(CC(Cl)c3ccccc3)c2n1,Papp,3.23,ucm/s,Apparent permeability of the compound after 5 hrs by PAMPA
18773340,1796642,2328094,CC(Cn1ncc2c(Nc3cc(O)ccc3Cl)nc(SCCN3CCOCC3)nc21)c1ccccc1,Papp,11.2,ucm/s,Apparent permeability of the compound after 5 hrs by PAMPA
18773346,1796642,2326375,Oc1ccc(Cl)c(Nc2nc(SCCN3CCOCC3)nc3c2cnn3CC(Cl)c2ccccc2)c1,Papp,9.74,ucm/s,Apparent permeability of the compound after 5 hrs by PAMPA
18773356,1796642,2334265,CC(Cn1ncc2c(Nc3cc(O)ccc3Cl)nc(NCCO)nc21)c1ccccc1,Papp,0.1,ucm/s,Apparent permeability of the compound after 5 hrs by PAMPA
18773362,1796642,2323012,OCCNc1nc(Nc2cc(O)ccc2Cl)c2cnn(CC(Cl)c3ccccc3)c2n1,Papp,2.7,ucm/s,Apparent permeability of the compound after 5 hrs by PAMPA
18773371,1796642,2330856,CC(Cn1ncc2c(Nc3cc(O)ccc3Cl)nc(NCCN)nc21)c1ccccc1,Papp,2.2,ucm/s,Apparent permeability of the compound after 5 hrs by PAMPA
18773382,1796642,2322597,Oc1cccc(Nc2nc(SCCN3CCOCC3)nc3c2cnn3CC(Cl)c2ccccc2)c1,Papp,4.44,ucm/s,Apparent permeability of the compound after 5 hrs by PAMPA
18776347,1796975,2320448,COc1cc2c(N3CCN(C)CC3)nc(N(C)C)nc2cc1OC1CCCC1,permeability,17.7,10'-6 cm/s,Permeability of compound at 50 uM at pH 7.4 after 6 hrs by PAMPA
18776348,1796975,2329592,COc1cc2c(N3CCCCC3)nc(N(C)C)nc2cc1OC1CCCC1,permeability,36.8,10'-6 cm/s,Permeability of compound at 50 uM at pH 7.4 after 6 hrs by PAMPA
18776349,1796975,2318918,COc1cc2c(N3CCNCC3)nc(N(C)C)nc2cc1OCCCN1CCCC1,permeability,4.3,10'-6 cm/s,Permeability of compound at 50 uM at pH 7.4 after 6 hrs by PAMPA
18776350,1796975,2324055,COc1cc2c(N3CCN(C)CC3)nc(N(C)C)nc2cc1OCCCN1CCCC1,permeability,15.3,10'-6 cm/s,Permeability of compound at 50 uM at pH 7.4 after 6 hrs by PAMPA
18780496,1797946,2316410,Nc1cccc(C(OCCN2CCCCC2)c2cc3nccc(C(=O)O)c3s2)c1,Peff,52.7,10'-6 cm/s,Effective permeability of the compound at pH 7.4 by PAMPA
18780497,1797946,2327047,CN(C)C/C=C/C(=O)Nc1cccc(C(OCCN2CCCCC2)c2cc3nccc(C(=O)O)c3s2)c1,Peff,1,10'-6 cm/s,Effective permeability of the compound at pH 7.4 by PAMPA
18780498,1797946,2327630,CC(C)OC(=O)c1ccnc2cc(C(OCCN3CCCCC3)c3cccc(NC(=O)/C=C/CN(C)C)c3)sc12,Peff,71.4,10'-6 cm/s,Effective permeability of the compound at pH 7.4 by PAMPA
18780499,1797946,2330733,CC(C)OC(=O)c1ccnc2cc(C(OCCN3CCCCC3)c3cccc(N)c3)sc12,Peff,1018,10'-6 cm/s,Effective permeability of the compound at pH 7.4 by PAMPA
18794325,1801104,2331591,Cc1ccc(Sc2cc(=O)n(O)c(=O)[nH]2)cc1,Peff,0.92,ucm/s,Effective permeability of the compound at 10 uM after 5 hrs by PAMPA
18794326,1801104,2328590,O=c1cc(Sc2ccc(Cl)cc2)[nH]c(=O)n1O,Peff,0.35,ucm/s,Effective permeability of the compound at 10 uM after 5 hrs by PAMPA
18794327,1801104,2319590,O=c1cc(Sc2ccc([N+](=O)[O-])cc2)[nH]c(=O)n1O,Peff,0.032,ucm/s,Effective permeability of the compound at 10 uM after 5 hrs by PAMPA
18794328,1801104,2332430,O=c1cc(Sc2ccc(-c3ccc(O)cc3)cc2)[nH]c(=O)n1O,Peff,0.039,ucm/s,Effective permeability of the compound at 10 uM after 5 hrs by PAMPA
18794329,1801104,2316130,COc1ccc(-c2ccc(Sc3cc(=O)n(O)c(=O)[nH]3)cc2)cc1OC,Peff,0.9,ucm/s,Effective permeability of the compound at 10 uM after 5 hrs by PAMPA
18872338,1810751,2345032,N=C(N)NCCCCCCCCN(CCCCCCCCNC(=N)NCC1CC1)C(=O)N(CCCCCCCCNC(=N)N)CCCCCCCCNC(=N)NCC1CC1,Papp,1.6,10'-6 cm/s,Apparent permeability of the compound after 5 hrs by PAMPA
18872339,1810751,466768,CO[C@H]1/C=C/O[C@@]2(C)Oc3c(C)c(O)c4c(O)c(c5c(nc6cc(C)ccn65)c4c3C2=O)NC(=O)/C(C)=C\C=C\[C@H](C)[C@H](O)[C@@H](C)[C@@H](O)[C@@H](C)[C@H](OC(C)=O)[C@@H]1C,Papp,0.06,10'-6 cm/s,Apparent permeability of the compound after 5 hrs by PAMPA
18872340,1810751,27340,O=C(N[C@H](CO)[C@H](O)c1ccc([N+](=O)[O-])cc1)C(Cl)Cl,Papp,0.3,10'-6 cm/s,Apparent permeability of the compound after 5 hrs by PAMPA
18880240,1812251,2378292,Cc1cc(/C=C/C(C)(C)C(=O)NC(C)(C)CO)ccc1Cc1cc([C@@H]2O[C@H](CO)[C@@H](O)[C@H](O)[C@H]2O)c(C)cc1C,permeability,7.5,10'-6 cm/s,Permeability of the compound at pH 7.4 by PAMPA assay
18880246,1812251,2422170,COc1cc(C(C)C)c(Cc2ccc(/C=C/C(C)(C)C(=O)NC(C)(C)CO)cc2)cc1[C@@H]1O[C@H](CO)[C@@H](O)[C@H](O)[C@H]1O,permeability,1.8,10'-6 cm/s,Permeability of the compound at pH 7.4 by PAMPA assay
18880247,1812251,2344518,Cc1cc(/C=C/C(C)(C)C(=O)NC(C)(C)CO)ccc1Cc1cc([C@@H]2O[C@H](CO)[C@@H](O)[C@H](O)[C@H]2O)c(O)cc1C(C)C,permeability,0.5,10'-6 cm/s,Permeability of the compound at pH 7.4 by PAMPA assay
18880249,1812251,2424468,COc1cc(C(C)C)c(Cc2ccc(/C=C/C(C)(C)C(=O)NC(C)(C)C(=O)NCCN(C)C)cc2)cc1[C@@H]1O[C@H](CO)[C@@H](O)[C@H](O)[C@H]1O,permeability,0,10'-6 cm/s,Permeability of the compound at pH 7.4 by PAMPA assay
18880250,1812251,2388132,Cc1cc(/C=C/C(C)(C)C(=O)NC(C)(C)C(=O)NCC(C)(C)N)ccc1Cc1cc([C@@H]2O[C@H](CO)[C@@H](O)[C@H](O)[C@H]2O)c(O)cc1C(C)C,permeability,0,10'-6 cm/s,Permeability of the compound at pH 7.4 by PAMPA assay
18881129,1812476,469462,O=C(c1cc(Cc2n[nH]c(=O)c3ccccc23)ccc1F)N1CCNCC1,permeability,0.081,10'-6 cm/s,Permeability of compound in 5% DMSO after 7 hrs by PAMPA
18881131,1812476,2435344,NCCOCCOCC(=O)N1CCN(C(=O)c2cc(Cc3n[nH]c(=O)c4ccccc34)ccc2F)CC1,permeability,0.00119,10'-6 cm/s,Permeability of compound in 5% DMSO after 7 hrs by PAMPA
18881135,1812476,361469,Cc1nc(Nc2ncc(C(=O)Nc3c(C)cccc3Cl)s2)cc(N2CCN(CCO)CC2)n1,permeability,1.49,10'-6 cm/s,Permeability of compound in 5% DMSO after 7 hrs by PAMPA
18881136,1812476,2408431,Cc1nc(Nc2ncc(C(=O)Nc3c(C)cccc3Cl)s2)cc(N2CCNCC2)n1,permeability,0.0371,10'-6 cm/s,Permeability of compound in 5% DMSO after 7 hrs by PAMPA
18881137,1812476,2376865,Cc1nc(Nc2ncc(C(=O)Nc3c(C)cccc3Cl)s2)cc(N2CCN(CCOCCOCCNC(=O)OC(C)(C)C)CC2)n1,permeability,0.0065,10'-6 cm/s,Permeability of compound in 5% DMSO after 7 hrs by PAMPA
18881138,1812476,2381076,Cc1nc(Nc2ncc(C(=O)Nc3c(C)cccc3Cl)s2)cc(N2CCN(CCOCCOCCN)CC2)n1,permeability,0.056,10'-6 cm/s,Permeability of compound in 5% DMSO after 7 hrs by PAMPA
18881140,1812476,2346029,Cc1nc(Nc2ncc(C(=O)Nc3c(C)cccc3Cl)s2)cc(N2CCN(CCOCCOCCNC(=O)CS(=O)(=O)O)CC2)n1,permeability,0.0274,10'-6 cm/s,Permeability of compound in 5% DMSO after 7 hrs by PAMPA
18881141,1812476,2378172,NCc1cccc(C(=O)N2CCC(CCCCNC(=O)/C=C/c3cccnc3)CC2)c1,permeability,0.092,10'-6 cm/s,Permeability of compound in 5% DMSO after 7 hrs by PAMPA
18881142,1812476,573927,O=C(/C=C/c1cccnc1)NCCCCC1CCN(C(=O)c2ccccc2)CC1,permeability,39.5,10'-6 cm/s,Permeability of compound in 5% DMSO after 7 hrs by PAMPA
18881143,1812476,2358239,Cc1nc(Nc2ncc(C(=O)Nc3c(C)cccc3Cl)s2)cc(N2CCN(CCOCCOCCNC(=O)C3C(C(=O)O)C(C(=O)O)C3C(=O)O)CC2)n1,permeability,0.0122,10'-6 cm/s,Permeability of compound in 5% DMSO after 7 hrs by PAMPA
18881144,1812476,2460550,Cc1nn(CCOCCOCCNC(=O)C2C(C(=O)O)C(C(=O)O)C2C(=O)O)cc1-c1ccc2cc(CCN3CCC[C@H]3C)ccc2n1,permeability,0.0131,10'-6 cm/s,Permeability of compound in 5% DMSO after 7 hrs by PAMPA
18881146,1812476,2377789,Cc1nn(CCOCCOCCNC(=O)CCCCCC2(C)C(/C=C/C=C/C=C3/N(CCCS(=O)(=O)O)c4ccc(S(=O)(=O)O)cc4C3(C)C)=[N+](CCCS(=O)(=O)[O-])c3ccc(S(=O)(=O)O)cc32)cc1-c1ccc2cc(CCN3CCC[C@H]3C)ccc2n1,permeability,0.284,10'-6 cm/s,Permeability of compound in 5% DMSO after 7 hrs by PAMPA
18881147,1812476,2370927,Cc1nn(CCOCCOCCN)cc1-c1ccc2cc(CCN3CCC[C@H]3C)ccc2n1,permeability,0.0246,10'-6 cm/s,Permeability of compound in 5% DMSO after 7 hrs by PAMPA
18881148,1812476,2449626,Cc1nn(CCOCCOCCNC(=O)OC(C)(C)C)cc1-c1ccc2cc(CCN3CCC[C@H]3C)ccc2n1,permeability,0.873,10'-6 cm/s,Permeability of compound in 5% DMSO after 7 hrs by PAMPA
18881149,1812476,403097,Cc1nn(C)cc1-c1ccc2cc(CCN3CCC[C@H]3C)ccc2n1,permeability,1.13,10'-6 cm/s,Permeability of compound in 5% DMSO after 7 hrs by PAMPA
18881153,1812476,2443329,NCCOCCOCC(=O)NCc1cccc(C(=O)N2CCC(CCCCNC(=O)/C=C/c3cccnc3)CC2)c1,permeability,0.016,10'-6 cm/s,Permeability of compound in 5% DMSO after 7 hrs by PAMPA
18881154,1812476,2347525,CC(C)(C)OC(=O)NCCOCCOCC(=O)NCc1cccc(C(=O)N2CCC(CCCCNC(=O)/C=C/c3cccnc3)CC2)c1,permeability,1.2,10'-6 cm/s,Permeability of compound in 5% DMSO after 7 hrs by PAMPA
18881185,1812476,1282795,Cc1sc2c(c1C)C(c1ccc(Cl)cc1)=N[C@@H](CC(=O)OC(C)(C)C)c1nnc(C)n1-2,permeability,2.24,10'-6 cm/s,Permeability of compound in 5% DMSO after 7 hrs by PAMPA
18881186,1812476,2343490,Cc1sc2c(c1C)C(c1ccc(Cl)cc1)=N[C@@H](CC(=O)NCCOCCOCCNC(=O)OC(C)(C)C)c1nnc(C)n1-2,permeability,6.22,10'-6 cm/s,Permeability of compound in 5% DMSO after 7 hrs by PAMPA
18881187,1812476,2447922,Cc1sc2c(c1C)C(c1ccc(Cl)cc1)=N[C@@H](CC(=O)NCCOCCOCCN)c1nnc(C)n1-2,permeability,0.0146,10'-6 cm/s,Permeability of compound in 5% DMSO after 7 hrs by PAMPA
18881191,1812476,469866,O=C(c1cc(Cc2n[nH]c(=O)c3ccccc23)ccc1F)N1CCN(C(=O)C2CC2)CC1,permeability,3.37,10'-6 cm/s,Permeability of compound in 5% DMSO after 7 hrs by PAMPA
18881192,1812476,822,C=CCc1ccccc1OCC(O)CNC(C)C,permeability,10.9,10'-6 cm/s,Permeability of compound in 5% DMSO after 7 hrs by PAMPA
18881193,1812476,2366705,COC(=O)CSCCCc1ccccc1OCC(O)CNC(C)C,permeability,0.0436,10'-6 cm/s,Permeability of compound in 5% DMSO after 7 hrs by PAMPA
18881194,1812476,2413391,CC(C)NCC(O)COc1ccccc1CCCSCC(=O)NCCOCCOCCNC(=O)OC(C)(C)C,permeability,0.0189,10'-6 cm/s,Permeability of compound in 5% DMSO after 7 hrs by PAMPA
18881198,1812476,2347198,C=CCc1ccccc1OCC(O)CNCCOCCOCCOCCOCCNC(=O)C1C(C(=O)O)C(C(=O)O)C1C(=O)O,permeability,0.0035,10'-6 cm/s,Permeability of compound in 5% DMSO after 7 hrs by PAMPA
18893582,1815532,2375584,CN(C)CCNc1nc(/C=C/c2ccc(F)cc2)nc2ccccc12,permeability,9.61,10'-6 cm/s,Permeability of compound in PBS at pH 7.4 incubated for 5 hrs by UV spectroscopic assay based PAMPA
18893583,1815532,2351474,CSc1ccc(/C=C/c2nc(NCCN(C)C)c3ccccc3n2)cc1,permeability,5.86,10'-6 cm/s,Permeability of compound in PBS at pH 7.4 incubated for 5 hrs by UV spectroscopic assay based PAMPA
18893584,1815532,2378709,CC(C)c1ccc(/C=C/c2nc(NCCN(C)C)c3ccccc3n2)cc1,permeability,5.85,10'-6 cm/s,Permeability of compound in PBS at pH 7.4 incubated for 5 hrs by UV spectroscopic assay based PAMPA
18893585,1815532,2346879,CN(C)CCNc1nc(/C=C/c2ccc(S(C)(=O)=O)cc2)nc2ccccc12,permeability,1.42,10'-6 cm/s,Permeability of compound in PBS at pH 7.4 incubated for 5 hrs by UV spectroscopic assay based PAMPA
18893586,1815532,2407959,CN(C)CCCNc1nc(/C=C/c2ccc(F)cc2)nc2ccc(Cl)cc12,permeability,6.29,10'-6 cm/s,Permeability of compound in PBS at pH 7.4 incubated for 5 hrs by UV spectroscopic assay based PAMPA
18893587,1815532,2356894,CSc1ccc(/C=C/c2nc(NCCN(C)C)c3cc(Cl)ccc3n2)cc1,permeability,3.49,10'-6 cm/s,Permeability of compound in PBS at pH 7.4 incubated for 5 hrs by UV spectroscopic assay based PAMPA
18893588,1815532,2360975,CC(C)c1ccc(/C=C/c2nc(NCCN(C)C)c3cc(Cl)ccc3n2)cc1,permeability,0.73,10'-6 cm/s,Permeability of compound in PBS at pH 7.4 incubated for 5 hrs by UV spectroscopic assay based PAMPA
18893589,1815532,2393931,CN(C)CCCNc1nc(/C=C/c2ccc(S(C)(=O)=O)cc2)nc2ccc(Cl)cc12,permeability,0.61,10'-6 cm/s,Permeability of compound in PBS at pH 7.4 incubated for 5 hrs by UV spectroscopic assay based PAMPA
18893590,1815532,2444157,CN(C)CCNc1nc(/C=C/c2ccc(S(C)(=O)=O)cc2)nc2ccc(Cl)cc12,permeability,0.36,10'-6 cm/s,Permeability of compound in PBS at pH 7.4 incubated for 5 hrs by UV spectroscopic assay based PAMPA
18893591,1815532,2368375,CCN(CC)CCNc1nc(/C=C/c2ccc(S(C)(=O)=O)cc2)nc2ccc(Cl)cc12,permeability,0.56,10'-6 cm/s,Permeability of compound in PBS at pH 7.4 incubated for 5 hrs by UV spectroscopic assay based PAMPA
18893592,1815532,2354370,CC(C)c1ccc(/C=C/c2nc(NCCN(C)C)c3cc(F)ccc3n2)cc1,permeability,3.38,10'-6 cm/s,Permeability of compound in PBS at pH 7.4 incubated for 5 hrs by UV spectroscopic assay based PAMPA
18893593,1815532,2445827,CCN(CC)CCNc1nc(/C=C/c2ccc(C(C)C)cc2)nc2ccc(F)cc12,permeability,1.74,10'-6 cm/s,Permeability of compound in PBS at pH 7.4 incubated for 5 hrs by UV spectroscopic assay based PAMPA
18893594,1815532,2365358,CCN(CC)CCCNc1nc(/C=C/c2ccc(OC)cc2)nc2ccc(Br)cc12,permeability,5.35,10'-6 cm/s,Permeability of compound in PBS at pH 7.4 incubated for 5 hrs by UV spectroscopic assay based PAMPA
18893595,1815532,16485,Cn1c(=O)c2c(ncn2C)n(C)c1=O,permeability,5.84,10'-6 cm/s,Permeability of compound in PBS at pH 7.4 incubated for 5 hrs by UV spectroscopic assay based PAMPA
18893596,1815532,89526,N=C(N)NC(=O)c1nc(Cl)c(N)nc1N,permeability,0.05,10'-6 cm/s,Permeability of compound in PBS at pH 7.4 incubated for 5 hrs by UV spectroscopic assay based PAMPA
18920920,1823591,660529,C[N+]1(CC2CC2)CC[C@]23c4c5ccc(O)c4O[C@H]2C(=O)CC[C@@]3(O)[C@H]1C5,Peff,0,ucm/s,Passive membrane permeability by LC-MS/MS analysis based PAMPA
18920921,1823591,2197354,Oc1ccc2c(c1)[C@@]13CCCC[C@H]1[C@@H](C2)NCC3,Peff,0.7,ucm/s,Passive membrane permeability by LC-MS/MS analysis based PAMPA
18920922,1823591,1942275,CCC(=O)N(c1ccccc1)C1CCNCC1,Peff,2.6,ucm/s,Passive membrane permeability by LC-MS/MS analysis based PAMPA
18920923,1823591,6005,CN1CC[C@]23c4c5ccc(O)c4O[C@H]2[C@@H](O)C=C[C@H]3[C@H]1C5,Peff,0.2,ucm/s,Passive membrane permeability by LC-MS/MS analysis based PAMPA
18920924,1823591,1925133,COc1ccc2c3c1O[C@H]1C(=O)CC[C@@]4(O)[C@@H](C2)NCC[C@]314,Peff,0.9,ucm/s,Passive membrane permeability by LC-MS/MS analysis based PAMPA
18920925,1823591,139237,CCC1(c2cccc(O)c2)CCCCN(C)C1,Peff,14.3,ucm/s,Passive membrane permeability by LC-MS/MS analysis based PAMPA
18920926,1823591,1046822,COc1ccc2c(c1)[C@@]13CCCC[C@H]1[C@@H](C2)NCC3,Peff,17.2,ucm/s,Passive membrane permeability by LC-MS/MS analysis based PAMPA
18920927,1823591,94484,CN1CC[C@]23c4c5ccc(O)c4O[C@H]2C(=O)CC[C@@]3(O)[C@H]1C5,Peff,3.2,ucm/s,Passive membrane permeability by LC-MS/MS analysis based PAMPA
18920928,1823591,704233,CN1CC[C@@]23CCCC[C@@H]2[C@@H]1Cc1ccc(O)cc13,Peff,5.4,ucm/s,Passive membrane permeability by LC-MS/MS analysis based PAMPA
18920929,1823591,419580,CN1CC[C@]23c4c5ccc(O)c4O[C@H]2C(=O)CC[C@H]3[C@H]1C5,Peff,1.7,ucm/s,Passive membrane permeability by LC-MS/MS analysis based PAMPA
18920930,1823591,19572,CN1CC[C@]23CCCC[C@H]2[C@H]1Cc1ccc(O)cc13,Peff,9.2,ucm/s,Passive membrane permeability by LC-MS/MS analysis based PAMPA
18920931,1823591,388373,COc1ccc2c3c1O[C@H]1C(=O)CC[C@H]4[C@@H](C2)N(C)CC[C@]314,Peff,9.1,ucm/s,Passive membrane permeability by LC-MS/MS analysis based PAMPA
18920932,1823591,675727,CC[C@@H](c1cccc(O)c1)[C@@H](C)CN(C)C,Peff,13.6,ucm/s,Passive membrane permeability by LC-MS/MS analysis based PAMPA
18920933,1823591,77456,COc1ccc2c(c1)[C@]13CCCC[C@@H]1[C@H](C2)N(C)CC3,Peff,63.7,ucm/s,Passive membrane permeability by LC-MS/MS analysis based PAMPA
18920934,1823591,2421159,CCOC(=O)[C@@]1(c2ccccc2)CCC=C[C@@H]1N(C)C,Peff,31.6,ucm/s,Passive membrane permeability by LC-MS/MS analysis based PAMPA
18920935,1823591,22528,CCOC(=O)C1(c2ccccc2)CCN(C)CC1,Peff,40.2,ucm/s,Passive membrane permeability by LC-MS/MS analysis based PAMPA
18920936,1823591,27638,CCC(=O)N(c1ccccc1)C1(COC)CCN(CCc2cccs2)CC1,Peff,37.9,ucm/s,Passive membrane permeability by LC-MS/MS analysis based PAMPA
18920937,1823591,6167,COc1ccc2c3c1O[C@H]1[C@@H](O)C=C[C@H]4[C@@H](C2)N(C)CC[C@@]341,Peff,8,ucm/s,Passive membrane permeability by LC-MS/MS analysis based PAMPA
18920938,1823591,19915,CCC(=O)N(c1ccccc1)C1CCN(CCc2ccccc2)CC1,Peff,57.2,ucm/s,Passive membrane permeability by LC-MS/MS analysis based PAMPA
18920939,1823591,21459,O=C1CC[C@@]2(O)[C@H]3Cc4ccc(O)c5c4[C@@]2(CCN3CC2CC2)[C@H]1O5,Peff,15.1,ucm/s,Passive membrane permeability by LC-MS/MS analysis based PAMPA
18920940,1823591,27624,COc1ccc2c3c1O[C@H]1C(=O)CC[C@@]4(O)[C@@H](C2)N(C)CC[C@]314,Peff,17.9,ucm/s,Passive membrane permeability by LC-MS/MS analysis based PAMPA
18920941,1823591,2373172,CNC[C@H]1CCCC[C@]1(O)c1cccc(OC)c1,Peff,13.4,ucm/s,Passive membrane permeability by LC-MS/MS analysis based PAMPA
18920942,1823591,138661,COc1cccc([C@@]2(O)CCCC[C@@H]2CN(C)C)c1,Peff,26.9,ucm/s,Passive membrane permeability by LC-MS/MS analysis based PAMPA
18923721,1824369,1817518,C=CC(=O)Nc1cc(Nc2nccc(-c3cn(C)c4ccccc34)n2)c(OC)cc1N(C)CCN(C)C,Papp,2.7,10'-6 cm/s,Apparent permeability of compound at pH 7.4 by LC-MS based PAMPA method
18923727,1824369,2408221,Cc1cc2cc(n1)-c1cnn(C)c1OCCC[C@@H](C)CN1/C(=N/C2=O)Nc2ccc(CN3CCN(C)CC3)cc21,Papp,5.3,10'-6 cm/s,Apparent permeability of compound at pH 7.4 by LC-MS based PAMPA method
18923734,1824369,2432566,Cc1cc2cc(n1)-c1cnn(C)c1OCCC[C@@H](C)CN1/C(=N/C2=O)Nc2ccccc21,Papp,0.2,10'-6 cm/s,Apparent permeability of compound at pH 7.4 by LC-MS based PAMPA method
18930483,1825723,353011,Cc1cc(C2CCCCC2)n(O)c(=O)c1,permeability,8.17,10'-6 cm/s,Permeability of the compound incubated for 10 hrs by PAMPA
18930484,1825723,2377958,O=c1c2ccccc2cc(C2CCCCC2)n1O,permeability,4.43,10'-6 cm/s,Permeability of the compound incubated for 10 hrs by PAMPA
18930485,1825723,2387293,CCc1cc(C2CCCCC2)n(O)c(=O)c1,permeability,4.53,10'-6 cm/s,Permeability of the compound incubated for 10 hrs by PAMPA
18930486,1825723,2361406,Cc1cc(C2CCCCCC2)n(O)c(=O)c1,permeability,4.42,10'-6 cm/s,Permeability of the compound incubated for 10 hrs by PAMPA
18930487,1825723,2406339,Cc1cc([C@H]2C[C@H]3CC[C@@H]2C3)n(O)c(=O)c1,permeability,7.5,10'-6 cm/s,Permeability of the compound incubated for 10 hrs by PAMPA
18930488,1825723,2423287,Cc1cc(=O)n(O)c(C2CCCCC2)c1Br,permeability,3.97,10'-6 cm/s,Permeability of the compound incubated for 10 hrs by PAMPA
18930489,1825723,2382450,Cc1cc(C2CCCCC2)n(O)c(=O)c1I,permeability,7.65,10'-6 cm/s,Permeability of the compound incubated for 10 hrs by PAMPA
18930490,1825723,2355022,Cc1cc(C2CCCCC2)n(O)c(=O)c1CNC1CCCC1,permeability,3.89,10'-6 cm/s,Permeability of the compound incubated for 10 hrs by PAMPA
18936122,1827148,2282085,CCN1CC(C(=O)NC(C)CCc2ccc(Cl)c(Cl)c2)=C(O)C1=O,permeability,35,nm/s,Permeability of compound at pH 7.4 by PAMPA
18936123,1827148,2429072,Nc1c(C(=O)N[C@H]2CC[C@@H](c3ccc(OCc4ccccc4)cc3)CC2)[nH]c(=O)[nH]c1=O,permeability,0,nm/s,Permeability of compound at pH 7.4 by PAMPA
18936124,1827148,2456951,Nc1c(C(=O)N[C@@H]2CC[C@H](c3ccccc3)c3ccccc32)[nH]c(=O)[nH]c1=O,permeability,322,nm/s,Permeability of compound at pH 7.4 by PAMPA
18936125,1827148,2453888,Nc1c(C(=O)N[C@@H]2CCCc3c(OCc4ccccc4)cccc32)[nH]c(=O)[nH]c1=O,permeability,712,nm/s,Permeability of compound at pH 7.4 by PAMPA
18936126,1827148,2385133,Nc1c(C(=O)N[C@@H]2CCc3cc(OCc4ccccc4)ccc32)[nH]c(=O)[nH]c1=O,permeability,768,nm/s,Permeability of compound at pH 7.4 by PAMPA
18936127,1827148,2346509,O=C(N[C@H]1CC[C@@H](c2ccccc2)CC1)c1[nH]c(=O)[nH]c(=O)c1O,permeability,12,nm/s,Permeability of compound at pH 7.4 by PAMPA
18936129,1827148,2355695,O=C(N[C@H]1CC[C@@H](c2ccccc2)CC1)c1[nH]c(=O)n(Cc2ccccc2)c(=O)c1O,permeability,158,nm/s,Permeability of compound at pH 7.4 by PAMPA
18939367,1828798,1327590,COc1cccc(CNC(=O)c2ccc(-c3ccncc3)cc2)c1,permeability,20.2,10'-6 cm/s,Permeability of compound by PAMPA
18939368,1828798,2361561,CCOc1cccc(CNC(=O)c2ccc(-c3ccncc3)cc2)c1,permeability,18.1,10'-6 cm/s,Permeability of compound by PAMPA
18939369,1828798,2383767,CCCOc1cccc(CNC(=O)c2ccc(-c3ccncc3)cc2)c1,permeability,16.2,10'-6 cm/s,Permeability of compound by PAMPA
18939370,1828798,2393453,O=C(NCc1cccc2c1OCCO2)c1ccc(-c2ccncc2)cc1,permeability,14.9,10'-6 cm/s,Permeability of compound by PAMPA
18939371,1828798,2343049,CN(C)CCCOc1cccc(CNC(=O)c2ccc(-c3ccncc3)cc2)c1,permeability,2.47,10'-6 cm/s,Permeability of compound by PAMPA
18939372,1828798,2355815,COc1cccc([C@@H](C)NC(=O)c2ccc(-c3ccncc3)cc2)c1,permeability,19.6,10'-6 cm/s,Permeability of compound by PAMPA
18939373,1828798,2366809,COc1cccc([C@@H](C)NC(=O)c2ccc(-c3ccnc(F)c3)cc2)c1,permeability,14.7,10'-6 cm/s,Permeability of compound by PAMPA
18939374,1828798,2379867,COc1cccc([C@@H](C)NC(=O)c2ccc(-c3ccncc3F)cc2)c1,permeability,21.4,10'-6 cm/s,Permeability of compound by PAMPA
18939375,1828798,2367520,COc1cccc([C@@H](C)NC(=O)c2ccc(-c3ccncn3)cc2)c1,permeability,19.7,10'-6 cm/s,Permeability of compound by PAMPA
18939376,1828798,2455255,COc1cccc([C@@H](C)NC(=O)c2ccc(-c3ccnnc3)cc2)c1,permeability,12.5,10'-6 cm/s,Permeability of compound by PAMPA
18939377,1828798,2420710,COc1cccc([C@@H](C)NC(=O)c2ccc(-c3ccncn3)cc2N2CC[C@@H](CN)C2)c1,permeability,1.4,10'-6 cm/s,Permeability of compound by PAMPA
18939378,1828798,2427469,COc1cccc([C@@H](C)NC(=O)c2ccc(-c3ccncn3)cc2N2CCC[C@H](CN)C2)c1,permeability,2.6,10'-6 cm/s,Permeability of compound by PAMPA
18939379,1828798,2372734,COc1cccc([C@@H](C)NC(=O)c2ccc(-c3ccncn3)cc2N2CCC[C@@H](CN)C2)c1,permeability,2.5,10'-6 cm/s,Permeability of compound by PAMPA
18939463,1828798,2426798,COc1cccc([C@@H](C)NC(=O)c2ccc(-c3ccnc(NCC4CC4)c3)cc2)c1,permeability,5.1,10'-6 cm/s,Permeability of compound by PAMPA
18939464,1828798,2459360,COc1cccc([C@@H](C)NC(=O)c2ccc(-c3ccnc(NCCCO)c3)cc2)c1,permeability,9.2,10'-6 cm/s,Permeability of compound by PAMPA
18939465,1828798,2376443,CCCOc1cccc([C@@H](C)NC(=O)c2ccc(-c3ccncc3)cc2)c1,permeability,18.8,10'-6 cm/s,Permeability of compound by PAMPA
18940767,1829015,2402924,CC[C@H](C)[C@@H]1NC(=O)[C@H](Cc2ccc(O)cc2)N(C)C(=O)[C@H](Cc2ccccc2)NC(=O)CN(C)C(=O)[C@H](C)N(C)C(=O)[C@@H](Cc2ccccc2)N(C)C(=O)[C@H](CC(C)C)NC1=O,Papp,7.8,10'-6 cm/s,Apparent permeability of compound in pH 7.4 PBS after 16 hrs by PAMPA assay
18940768,1829015,2403680,CC[C@H](C)[C@@H]1NC(=O)[C@H](Cc2ccc(O)cc2)N(C)C(=O)[C@H](Cc2ccccc2)NC(=O)CN(C)C(=O)[C@@H]2CCCN2C(=O)[C@@H](Cc2ccccc2)N(C)C(=O)[C@H](C)NC1=O,Papp,2.2,10'-6 cm/s,Apparent permeability of compound in pH 7.4 PBS after 16 hrs by PAMPA assay
18940769,1829015,2382751,CC[C@H](C)[C@@H]1NC(=O)[C@H](Cc2ccc(O)cc2)N(C)C(=O)[C@H](Cc2ccccc2)NC(=O)CN(C)C(=O)[C@@H]2CCCN2C(=O)[C@@H](C)N(C)C(=O)[C@H](CC(C)C)NC1=O,Papp,1.3,10'-6 cm/s,Apparent permeability of compound in pH 7.4 PBS after 16 hrs by PAMPA assay
18940770,1829015,2393783,CC[C@H](C)[C@@H]1NC(=O)[C@H](Cc2ccc(O)cc2)N(C)C(=O)[C@H](C)NC(=O)CN(C)C(=O)[C@@H]2CCCN2C(=O)[C@@H](Cc2ccccc2)N(C)C(=O)[C@H](CC(C)C)NC1=O,Papp,1.2,10'-6 cm/s,Apparent permeability of compound in pH 7.4 PBS after 16 hrs by PAMPA assay
18940771,1829015,2407996,CC[C@H](C)[C@@H]1NC(=O)[C@H](C)N(C)C(=O)[C@H](Cc2ccccc2)NC(=O)CN(C)C(=O)[C@@H]2CCCN2C(=O)[C@@H](Cc2ccccc2)N(C)C(=O)[C@H](CC(C)C)NC1=O,Papp,5.9,10'-6 cm/s,Apparent permeability of compound in pH 7.4 PBS after 16 hrs by PAMPA assay
18940772,1829015,2402286,CC(C)C[C@@H]1NC(=O)[C@H](C)NC(=O)[C@H](Cc2ccc(O)cc2)N(C)C(=O)[C@H](Cc2ccccc2)NC(=O)CN(C)C(=O)[C@@H]2CCCN2C(=O)[C@@H](Cc2ccccc2)N(C)C1=O,Papp,0.2,10'-6 cm/s,Apparent permeability of compound in pH 7.4 PBS after 16 hrs by PAMPA assay
18940773,1829015,1356396,CC(C)C[C@@H]1NC(=O)[C@H](C(C)C)NC(=O)[C@H](Cc2ccc(O)cc2)N(C)C(=O)[C@H](Cc2ccccc2)NC(=O)CN(C)C(=O)[C@@H]2CCCN2C(=O)[C@@H](Cc2ccccc2)N(C)C1=O,Papp,1.9,10'-6 cm/s,Apparent permeability of compound in pH 7.4 PBS after 16 hrs by PAMPA assay
18940821,1829015,481433,CC[C@H](C)[C@@H]1NC(=O)[C@H](Cc2ccc(O)cc2)N(C)C(=O)[C@H](Cc2ccccc2)NC(=O)CN(C)C(=O)[C@@H]2CCCN2C(=O)[C@@H](Cc2ccccc2)N(C)C(=O)[C@H](CC(C)C)NC1=O,Papp,1.2,10'-6 cm/s,Apparent permeability of compound in pH 7.4 PBS after 16 hrs by PAMPA assay
18940822,1829015,2432736,CC[C@H](C)[C@@H]1NC(=O)[C@H](Cc2ccccc2)N(C)C(=O)[C@H](Cc2ccccc2)NC(=O)CN(C)C(=O)[C@@H]2CCCN2C(=O)[C@@H](Cc2ccccc2)N(C)C(=O)[C@H](CC(C)C)NC1=O,Papp,2.3,10'-6 cm/s,Apparent permeability of compound in pH 7.4 PBS after 16 hrs by PAMPA assay
18945420,1829792,2406924,CCN(CC)CCCS(=O)(=O)N1CCC(c2c[nH]c3c(C(N)=O)cc(-c4ccccc4)cc23)CC1,permeability,200,nm/s,Permeability of the compound by PAMPA
18945411,1829792,1138797,CCS(=O)(=O)N1CCC(c2c[nH]c3c(C(N)=O)cc(-c4ccccc4)cc23)CC1,permeability,250,nm/s,Permeability of the compound by PAMPA
18945424,1829792,2343814,NC(=O)c1cc(-c2ccccc2)cc2c(C3CCN(S(=O)(=O)CCCN4CCCC4)CC3)c[nH]c12,permeability,160,nm/s,Permeability of the compound by PAMPA
18945433,1829792,2369421,NC(=O)c1cc(-c2ccccc2)cc2c(C3CCN(S(=O)(=O)CCCN4CCCCC4)CC3)c[nH]c12,permeability,240,nm/s,Permeability of the compound by PAMPA
18945436,1829792,2372966,NC(=O)c1cc(-c2ccccc2)cc2c(C3CCN(S(=O)(=O)CCCN4CCOCC4)CC3)c[nH]c12,permeability,318,nm/s,Permeability of the compound by PAMPA
18945446,1829792,2394012,NC(=O)c1cc(-c2ccccc2)cc2c(C3CCN(S(=O)(=O)CCCN4CCCCCC4)CC3)c[nH]c12,permeability,290,nm/s,Permeability of the compound by PAMPA
18945449,1829792,2393521,NC(=O)c1cc(-c2ccccc2)cc2c(C3CCN(S(=O)(=O)CCCNC4CCCC4)CC3)c[nH]c12,permeability,140,nm/s,Permeability of the compound by PAMPA
18945452,1829792,2364934,NCCS(=O)(=O)N1CCC(c2c[nH]c3c(C(N)=O)cc(-c4ccccc4)cc23)CC1,permeability,3,nm/s,Permeability of the compound by PAMPA
18945461,1829792,2399970,CN(C)CCS(=O)(=O)N1CCC(c2c[nH]c3c(C(N)=O)cc(-c4ccccc4)cc23)CC1,permeability,270,nm/s,Permeability of the compound by PAMPA
18945470,1829792,2380478,NC(=O)c1cc(-c2ccccc2)cc2c(C3CCN(S(=O)(=O)CCN4CCOCC4)CC3)c[nH]c12,permeability,310,nm/s,Permeability of the compound by PAMPA
18945485,1829792,2460979,NC(=O)c1cc(-c2ccccc2)cc2c(C3CCS(=O)(=O)CC3)c[nH]c12,permeability,277,nm/s,Permeability of the compound by PAMPA
18945501,1829792,2435172,NC(=O)c1cc(-c2ccc(F)cc2)cc2c(C3CCS(=O)(=O)CC3)c[nH]c12,permeability,280,nm/s,Permeability of the compound by PAMPA
18945509,1829792,2447510,CC1(C)CC(c2c[nH]c3c(C(N)=O)cc(-c4ccccc4)cc23)CCS1(=O)=O,permeability,330,nm/s,Permeability of the compound by PAMPA
18945518,1829792,2435519,CC1(C)C[C@H](c2c[nH]c3c(C(N)=O)cc(-c4ccc(F)cc4)cc23)CCS1(=O)=O,permeability,283,nm/s,Permeability of the compound by PAMPA
18946186,1830033,2352920,CCN(c1cc2oc(-c3ccc(F)cc3)c(C(=O)NC)c2cc1-c1ccc(OC)c(C(=O)NC2(c3ncccn3)CC2)c1)S(C)(=O)=O,permeability,487,nm/s,Permeability of the compound at pH 7.4 by PAMPA
18946187,1830033,2346868,CCN(C(=O)OC)c1cc2oc(-c3ccc(F)cc3)c(C(=O)NC)c2cc1-c1ccc(OC)c(C(=O)NC2(c3ncccn3)CC2)c1,permeability,660,nm/s,Permeability of the compound at pH 7.4 by PAMPA
18946188,1830033,2441471,CCN(C(=O)N(C)C)c1cc2oc(-c3ccc(F)cc3)c(C(=O)NC)c2cc1-c1ccc(OC)c(C(=O)NC2(c3ncccn3)CC2)c1,permeability,575,nm/s,Permeability of the compound at pH 7.4 by PAMPA
18946189,1830033,2417394,CCN(C(C)=O)c1cc2oc(-c3ccc(F)cc3)c(C(=O)NC)c2cc1-c1ccc(OC)c(C(=O)NC2(c3ncccn3)CC2)c1,permeability,466,nm/s,Permeability of the compound at pH 7.4 by PAMPA
18946190,1830033,2436429,CCN(C(=O)C(F)(F)F)c1cc2oc(-c3ccc(F)cc3)c(C(=O)NC)c2cc1-c1ccc(OC)c(C(=O)NC2(c3ncccn3)CC2)c1,permeability,835,nm/s,Permeability of the compound at pH 7.4 by PAMPA
18946191,1830033,2404708,CCNc1cc2oc(-c3ccc(F)cc3)c(C(=O)NC)c2cc1-c1ccc(OC)c(C(=O)NC2(c3ncccn3)CC2)c1,permeability,720,nm/s,Permeability of the compound at pH 7.4 by PAMPA
18946192,1830033,2453944,CCN(c1cc2oc(-c3ccc(F)cc3)c(C(=O)NC)c2cc1-c1cc(F)c(OC)c(C(=O)NC2(c3ncccn3)CC2)c1)S(C)(=O)=O,permeability,659,nm/s,Permeability of the compound at pH 7.4 by PAMPA
18946193,1830033,2418217,CCN(c1cc2oc(-c3ccc(F)cc3)c(C(=O)NC)c2cc1-c1cc(Cl)c(OC)c(C(=O)NC2(c3ncccn3)CC2)c1)S(C)(=O)=O,permeability,821,nm/s,Permeability of the compound at pH 7.4 by PAMPA
18946194,1830033,2376791,CCN(c1cc2oc(-c3ccc(F)cc3)c(C(=O)NC)c2cc1-c1cc(C)c(OC)c(C(=O)NC2(c3ncccn3)CC2)c1)S(C)(=O)=O,permeability,409,nm/s,Permeability of the compound at pH 7.4 by PAMPA
18946195,1830033,2381558,CCN(c1cc2oc(-c3ccc(F)cc3)c(C(=O)NC)c2cc1-c1cc(F)c(F)c(C(=O)NC2(c3ncccn3)CC2)c1)S(C)(=O)=O,permeability,731,nm/s,Permeability of the compound at pH 7.4 by PAMPA
18948154,1830462,1219,COc1ccc(CCN(C)CCCC(C#N)(c2ccc(OC)c(OC)c2)C(C)C)cc1OC,Peff,16,10'-6 cm/s,Effective permeability of the compound by PAMPA
18948155,1830462,721,CN1C(=O)CN=C(c2ccccc2)c2cc(Cl)ccc21,Peff,16,10'-6 cm/s,Effective permeability of the compound by PAMPA
18948156,1830462,12825,CC(=O)[C@H]1CC[C@H]2[C@@H]3CCC4=CC(=O)CC[C@]4(C)[C@H]3CC[C@]12C,Peff,9.3,10'-6 cm/s,Effective permeability of the compound by PAMPA
18948157,1830462,1279,CC(C)NCC(O)COc1ccc(CC(N)=O)cc1,Peff,0.8,10'-6 cm/s,Effective permeability of the compound by PAMPA
18948158,1830462,4584,NCCc1ccc(O)c(O)c1,Peff,0.2,10'-6 cm/s,Effective permeability of the compound by PAMPA
18948159,1830462,16278,CCn1cc(C(=O)O)c(=O)c2cc(F)c(N3CCNC(C)C3)c(F)c21,Peff,1.1,10'-6 cm/s,Effective permeability of the compound by PAMPA
18948160,1830462,27648,Cc1nnc2n1-c1ccc(Cl)cc1C(c1ccccc1)=NC2,Peff,5.4,10'-6 cm/s,Effective permeability of the compound by PAMPA
18948161,1830462,6216,CN(C)CCCN1c2ccccc2Sc2ccc(Cl)cc21,Peff,6.5,10'-6 cm/s,Effective permeability of the compound by PAMPA
18948162,1830462,16506,O=C1Nc2ccc(Cl)cc2C(c2ccccc2)=NC1O,Peff,10,10'-6 cm/s,Effective permeability of the compound by PAMPA
18975748,1838005,2405072,Cc1c(N2CCN(C)CC2)ccc2c3c(c(=O)oc12)CN(C(=O)c1ccc2c(c1)CS(=O)(=O)N2)CC3.O=C(O)C(F)(F)F,Peff,0.1,10'-6 cm/s,Effective permeability of compound at pH 7.4 by PAMPA
18975749,1838005,2358410,Cc1c(N2CCN(C)CC2)ccc2c3c(c(=O)oc12)CN(C(=O)c1ccc(NS(C)(=O)=O)cc1)CC3,Peff,5.4,10'-6 cm/s,Effective permeability of compound at pH 7.4 by PAMPA
18975750,1838005,2462549,Cc1cc(C(=O)N2CCc3c(c(=O)oc4c(C)c(N5CCN(C)CC5)ccc34)C2)ccc1NS(C)(=O)=O,Peff,23.1,10'-6 cm/s,Effective permeability of compound at pH 7.4 by PAMPA
18975751,1838005,2345439,COc1cc(C(=O)N2CCc3c(c(=O)oc4c(C)c(N5CCN(C)CC5)ccc34)C2)ccc1NS(C)(=O)=O,Peff,44.2,10'-6 cm/s,Effective permeability of compound at pH 7.4 by PAMPA
18975752,1838005,2408787,Cc1c(N2CCN(C)CC2)ccc2c3c(c(=O)oc12)CN(C(=O)c1ccc(NS(C)(=O)=O)c(F)c1)CC3,Peff,16.9,10'-6 cm/s,Effective permeability of compound at pH 7.4 by PAMPA
18975753,1838005,2417075,Cc1c(N2CCN(C)CC2)ccc2c3c(c(=O)oc12)CN(C(=O)c1ccc(NS(C)(=O)=O)c(Cl)c1)CC3,Peff,31.1,10'-6 cm/s,Effective permeability of compound at pH 7.4 by PAMPA
18975754,1838005,2413096,Cc1c(N2CCN(C)CC2)ccc2c3c(c(=O)oc12)CN(C(=O)c1ccc(NS(C)(=O)=O)c(Br)c1)CC3,Peff,50,10'-6 cm/s,Effective permeability of compound at pH 7.4 by PAMPA
18975755,1838005,2384020,Cc1c(N2CCN(C)CC2)ccc2c3c(c(=O)oc12)CN(C(=O)c1ccc(NS(C)(=O)=O)c(OC(F)(F)F)c1)CC3,Peff,43.7,10'-6 cm/s,Effective permeability of compound at pH 7.4 by PAMPA
18975756,1838005,2422062,Cc1c(N2CCN(C)CC2)ccc2c3c(c(=O)oc12)CN(C(=O)c1cc(Cl)cc(NS(C)(=O)=O)c1)CC3,Peff,6.6,10'-6 cm/s,Effective permeability of compound at pH 7.4 by PAMPA
18975757,1838005,2370977,Cc1c(N2CCN(C)[C@@H](C)C2)ccc2c3c(c(=O)oc12)CN(C(=O)c1ccc(NS(C)(=O)=O)c(OC(F)(F)F)c1)CC3,Peff,50,10'-6 cm/s,Effective permeability of compound at pH 7.4 by PAMPA
18984195,1839512,1731678,CC(C)N(C)[C@@H]1CC[C@H](N2CC[C@H](NC(=O)c3cccc(C(F)(F)F)c3)C2=O)[C@H](CS(C)(=O)=O)C1,permeability,94,nm/s,Permeability of the compound at pH 7.4 by PAMPA
18984196,1839512,2370299,CC(C)N(C)[C@@H]1CC[C@H](N2CC[C@H](NC(=O)c3cccc(C(F)(F)F)c3)C2=O)[C@H](NS(C)(=O)=O)C1,permeability,593,nm/s,Permeability of the compound at pH 7.4 by PAMPA
18984197,1839512,2372360,CC(C)N(C)[C@@H]1CC[C@H](N2CC[C@H](NC(=O)c3cccc(C(F)(F)F)c3)C2=O)[C@H](N(C)S(C)(=O)=O)C1,permeability,65,nm/s,Permeability of the compound at pH 7.4 by PAMPA
18984198,1839512,1946259,CCC[C@@H]1C[C@H](N(C)C(C)C)CC[C@@H]1N1CC[C@H](Nc2ncnc3ccc(C(F)(F)F)cc23)C1=O,permeability,529,nm/s,Permeability of the compound at pH 7.4 by PAMPA
18984199,1839512,2377710,CC(C)N(C)[C@@H]1CC[C@H](N2CC[C@H](Nc3ncnc4ccc(C(F)(F)F)cc34)C2=O)[C@H](CS(C)(=O)=O)C1,permeability,14,nm/s,Permeability of the compound at pH 7.4 by PAMPA
18984200,1839512,2364732,CC(C)N(C)[C@@H]1CC[C@H](N2CC[C@H](Nc3ncnc4ccc(C(F)(F)F)cc34)C2=O)[C@H](NS(C)(=O)=O)C1,permeability,394,nm/s,Permeability of the compound at pH 7.4 by PAMPA
18984201,1839512,2349792,CC(=O)N[C@@H]1C[C@H](N(C)C(C)C)CC[C@@H]1N1CC[C@H](Nc2ncnc3ccc(C(F)(F)F)cc23)C1=O,permeability,443,nm/s,Permeability of the compound at pH 7.4 by PAMPA
19001490,1843249,2353233,O=C(c1ccccc1)N1CCCC(c2cc3ncccc3[nH]2)C1,Peff,2.88,10'-6 cm/s,Effective permeability of compound by PAMPA assay
19001512,1843249,2380171,O=C(c1ccc(F)cc1)N1CCCC(c2cc3ncccc3[nH]2)C1,Peff,0.625,10'-6 cm/s,Effective permeability of compound by PAMPA assay
19001534,1843249,2422030,COc1ccc(C(=O)N2CCCC(c3cc4ncccc4[nH]3)C2)cc1OC,Peff,1.58,10'-6 cm/s,Effective permeability of compound by PAMPA assay
19001554,1843249,2349080,N#Cc1ccc(C(=O)N2CCCC(c3cc4ncccc4[nH]3)C2)cc1,Peff,0.379,10'-6 cm/s,Effective permeability of compound by PAMPA assay
19001576,1843249,2343515,O=C(c1ccccn1)N1CCCC(c2cc3ncccc3[nH]2)C1,Peff,2.33,10'-6 cm/s,Effective permeability of compound by PAMPA assay
19001598,1843249,2353619,O=C(c1cccc(C(F)(F)F)n1)N1CCCC(c2cc3ncccc3[nH]2)C1,Peff,0.584,10'-6 cm/s,Effective permeability of compound by PAMPA assay
19001621,1843249,2417485,O=C(c1ccc(C(F)(F)F)nc1)N1CCCC(c2cc3ncccc3[nH]2)C1,Peff,0.887,10'-6 cm/s,Effective permeability of compound by PAMPA assay
19001663,1843249,2378129,Cc1nc(C)c(C(=O)N2CCCC(c3cc4ncccc4[nH]3)C2)o1,Peff,1.56,10'-6 cm/s,Effective permeability of compound by PAMPA assay
19001686,1843249,2451886,O=C(c1cc(C(F)(F)F)n[nH]1)N1CCCC(c2cc3ncccc3[nH]2)C1,Peff,0.881,10'-6 cm/s,Effective permeability of compound by PAMPA assay
19001709,1843249,2349411,Cn1nccc1C(=O)N1CCCC(c2cc3ncccc3[nH]2)C1,Peff,1.03,10'-6 cm/s,Effective permeability of compound by PAMPA assay
19001732,1843249,2461810,O=C(c1cc(C2CC2)no1)N1CCCC(c2cc3ncccc3[nH]2)C1,Peff,3.17,10'-6 cm/s,Effective permeability of compound by PAMPA assay
19001755,1843249,2367135,CC(C)(C)c1cc(C(=O)N2CCCC(c3cc4ncccc4[nH]3)C2)on1,Peff,2.97,10'-6 cm/s,Effective permeability of compound by PAMPA assay
19001778,1843249,2351042,O=C(c1cc(C(F)(F)F)no1)N1CCCC(c2cc3ncccc3[nH]2)C1,Peff,3.45,10'-6 cm/s,Effective permeability of compound by PAMPA assay
19001801,1843249,2370015,CC(C)(O)c1cc(C(=O)N2CCCC(c3cc4ncccc4[nH]3)C2)on1,Peff,0.45,10'-6 cm/s,Effective permeability of compound by PAMPA assay
19001824,1843249,2403301,COc1cc(C(=O)N2CCCC(c3cc4ncccc4[nH]3)C2)on1,Peff,6.36,10'-6 cm/s,Effective permeability of compound by PAMPA assay
19001848,1843249,2444471,O=C(c1ccccc1)N1CCCC(c2nc3ncccc3[nH]2)C1,Peff,2.43,10'-6 cm/s,Effective permeability of compound by PAMPA assay
19001871,1843249,2417824,O=C(c1ccccc1)N1CCCC(c2cn3ncccc3n2)C1,Peff,13.9,10'-6 cm/s,Effective permeability of compound by PAMPA assay
19001894,1843249,2358511,O=C(c1ccccc1)N1CCCC(c2cc3ncccn3n2)C1,Peff,16.5,10'-6 cm/s,Effective permeability of compound by PAMPA assay
19001917,1843249,2417287,O=C(c1ccccc1)N1CCCC(c2cn3cccnc3n2)C1,Peff,2.75,10'-6 cm/s,Effective permeability of compound by PAMPA assay
19001940,1843249,2350872,COc1ccc2[nH]c(C3CCCN(C(=O)c4ccc(F)cc4)C3)cc2n1,Peff,14.4,10'-6 cm/s,Effective permeability of compound by PAMPA assay
19001963,1843249,2344455,O=C(c1ccc(F)cc1)N1CCCC(c2cc3nc(C(F)(F)F)ccc3[nH]2)C1,Peff,12.2,10'-6 cm/s,Effective permeability of compound by PAMPA assay
19001986,1843249,2395464,O=C(c1ccc(F)cc1)N1CCCC(c2cc3nc(Cl)ccc3[nH]2)C1,Peff,15,10'-6 cm/s,Effective permeability of compound by PAMPA assay
19002009,1843249,2426376,O=C(c1ccc(F)cc1)N1CCCC(c2cc3nc(N4CCCC4)ccc3[nH]2)C1,Peff,0.152,10'-6 cm/s,Effective permeability of compound by PAMPA assay
19002032,1843249,2386450,O=C(c1cc(C(F)(F)F)no1)N1CCCC(c2cc3nc(NCc4ccccc4)ccc3[nH]2)C1,Peff,0.239,10'-6 cm/s,Effective permeability of compound by PAMPA assay
19002055,1843249,2391731,O=C(c1ccc(F)cc1)N1CCCC(c2cc3ncc(Cl)cc3[nH]2)C1,Peff,10.6,10'-6 cm/s,Effective permeability of compound by PAMPA assay
19002078,1843249,2372251,N#Cc1cnc2cc(C3CCCN(C(=O)c4cc(C(F)(F)F)no4)C3)[nH]c2c1,Peff,5.51,10'-6 cm/s,Effective permeability of compound by PAMPA assay
19002101,1843249,2346537,O=C(c1cc(C(F)(F)F)no1)N1CCCC(c2cc3ncc(Br)cc3[nH]2)C1,Peff,7.99,10'-6 cm/s,Effective permeability of compound by PAMPA assay
19002124,1843249,2376632,O=C(c1cc(C(F)(F)F)no1)N1CCCC(c2cc3ncc(-c4ccccc4)cc3[nH]2)C1,Peff,0.307,10'-6 cm/s,Effective permeability of compound by PAMPA assay
19002147,1843249,2420426,O=C(c1ccccc1)N1C=C(c2cc3ncccc3[nH]2)CCC1,Peff,2.99,10'-6 cm/s,Effective permeability of compound by PAMPA assay
19002169,1843249,2367611,O=C(c1ccccc1)N1CCC(c2cc3ncccc3[nH]2)CC1,Peff,0.94,10'-6 cm/s,Effective permeability of compound by PAMPA assay
19002192,1843249,2349581,O=C(c1ccccc1)N1CC=C(c2cc3ncccc3[nH]2)CC1,Peff,1.65,10'-6 cm/s,Effective permeability of compound by PAMPA assay
19002216,1843249,2389010,CC(C)c1cc(C(=O)N2CC=C(c3cc4ncccc4[nH]3)CC2)on1,Peff,1.54,10'-6 cm/s,Effective permeability of compound by PAMPA assay
19002240,1843249,2350664,O=C(c1cc(C(F)(F)F)no1)N1CCC(c2cc3ncccc3[nH]2)C1,Peff,2.86,10'-6 cm/s,Effective permeability of compound by PAMPA assay
19002263,1843249,2376898,O=C(Nc1cccc(-c2cc3ncccc3[nH]2)c1)c1ccccc1,Peff,0.606,10'-6 cm/s,Effective permeability of compound by PAMPA assay
19002285,1843249,2361488,CN(C(=O)c1ccccc1)c1cccc(-c2cc3ncccc3[nH]2)c1,Peff,2.78,10'-6 cm/s,Effective permeability of compound by PAMPA assay
19002308,1843249,2370435,O=C(Nc1ccc(-c2cc3ncccc3[nH]2)cc1)c1ccccc1,Peff,0.545,10'-6 cm/s,Effective permeability of compound by PAMPA assay
19002330,1843249,2365709,CN(CCc1cc2ncccc2[nH]1)C(=O)c1ccccc1,Peff,2.85,10'-6 cm/s,Effective permeability of compound by PAMPA assay
19002353,1843249,2365476,O=C(c1cc(C2CC2)no1)N1CCOC(c2cc3ncccc3[nH]2)C1,Peff,3.18,10'-6 cm/s,Effective permeability of compound by PAMPA assay
19002410,1843249,2379161,O=C(c1ccc(F)cc1)N1CC=C(c2cc3ncccc3[nH]2)CC1,Peff,0.907,10'-6 cm/s,Effective permeability of compound by PAMPA assay
19002507,1843249,2345302,O=C(c1ccc(F)cc1)N1CCC(c2cc3ncccc3[nH]2)C1,Peff,1.58,10'-6 cm/s,Effective permeability of compound by PAMPA assay
19002529,1843249,2381414,Cc1ccoc1C(=O)N1CCCC(c2cc3ncccc3[nH]2)C1,Peff,3.09,10'-6 cm/s,Effective permeability of compound by PAMPA assay
19002551,1843249,2451238,CC(C)(C)OC(=O)N1CCCC(c2cn3nc(Cl)ccc3n2)C1,Peff,22.4,10'-6 cm/s,Effective permeability of compound by PAMPA assay
19002589,1843249,2435223,O=C(c1cc(C(F)(F)F)no1)N1CCOC(c2cc3ncccc3[nH]2)C1,Peff,4.3,10'-6 cm/s,Effective permeability of compound by PAMPA assay
19002610,1843249,2450898,O=C(Cc1ccccc1)N1CCN(c2nc3ccccc3s2)CC1,Peff,15.3,10'-6 cm/s,Effective permeability of compound by PAMPA assay
19002633,1843249,2345494,O=C(c1ccccc1)N1CC=C(c2cc3ccccc3[nH]2)CC1,Peff,4.86,10'-6 cm/s,Effective permeability of compound by PAMPA assay
19002676,1843249,2365627,CCN(C(=O)CCc1nc2ncccc2[nH]1)c1ccccc1,Peff,9.64,10'-6 cm/s,Effective permeability of compound by PAMPA assay
19002715,1843249,2375863,Cc1nc(C)c(C(=O)N2CCCC(c3cc4ncccc4[nH]3)C2)s1,Peff,2.88,10'-6 cm/s,Effective permeability of compound by PAMPA assay
19002780,1843249,2448278,CC(C)(C)OC(=O)N1CCCC(c2cn3cccnc3n2)C1,Peff,7.69,10'-6 cm/s,Effective permeability of compound by PAMPA assay
19002803,1843249,2406613,CCC(=O)N1CCCC(c2nc3ncc(Cl)cc3[nH]2)C1,Peff,9.01,10'-6 cm/s,Effective permeability of compound by PAMPA assay
19002826,1843249,2411848,Nc1cc(C2CCCN(C(=O)c3cc(C(F)(F)F)no3)C2)[nH]n1,Peff,3.76,10'-6 cm/s,Effective permeability of compound by PAMPA assay
19002849,1843249,2403669,Nc1cc(C2CCCN(C(=O)c3ccccc3)C2)[nH]n1,Peff,1.42,10'-6 cm/s,Effective permeability of compound by PAMPA assay
19002872,1843249,2377558,O=C1c2ccccc2CN1CCc1cc2ncccc2[nH]1,Peff,0.504,10'-6 cm/s,Effective permeability of compound by PAMPA assay
19002895,1843249,2403085,O=C(c1ccccc1)N1CCCC(c2cn3nc(Cl)ccc3n2)C1,Peff,23.6,10'-6 cm/s,Effective permeability of compound by PAMPA assay
19002917,1843249,2345410,O=C(CCc1nc2cccnc2n1CCO)Nc1ccccc1,Peff,3.98,10'-6 cm/s,Effective permeability of compound by PAMPA assay
19002940,1843249,2349475,CCN(CCC(=O)Nc1cccnc1)C(=O)c1ccc(F)cc1,Peff,5.23,10'-6 cm/s,Effective permeability of compound by PAMPA assay
19002963,1843249,2383700,CCN(CCc1nc2ncc(Cl)cc2[nH]1)C(=O)c1ccc(F)cc1,Peff,11.4,10'-6 cm/s,Effective permeability of compound by PAMPA assay
19002985,1843249,2391462,O=C(CCc1nc2ncc(Cl)cc2[nH]1)Nc1cccc(F)c1,Peff,6.13,10'-6 cm/s,Effective permeability of compound by PAMPA assay
19003007,1843249,2419059,O=C(CCc1nc2ncc(Cl)cc2[nH]1)Nc1ccccc1,Peff,5.97,10'-6 cm/s,Effective permeability of compound by PAMPA assay
19003029,1843249,2342677,O=C(NCCc1nc2ncc(Cl)cc2[nH]1)c1ccccc1,Peff,8.77,10'-6 cm/s,Effective permeability of compound by PAMPA assay
19003049,1843249,2438782,O=C(c1ccccc1)N1CCN(c2nc3ccccc3s2)CC1,Peff,40.4,10'-6 cm/s,Effective permeability of compound by PAMPA assay
19003068,1843249,2366260,CCN(CCc1nc2ncccc2[nH]1)C(=O)c1ccccc1,Peff,3.35,10'-6 cm/s,Effective permeability of compound by PAMPA assay
19003090,1843249,2351505,CN(CC(O)c1cc2ncccc2n1S(=O)(=O)c1ccccc1)C(=O)c1ccccc1,Peff,15.65,10'-6 cm/s,Effective permeability of compound by PAMPA assay
19003108,1843249,2455189,O=C(CCc1nc2ncccc2[nH]1)Nc1ccccc1,Peff,2.72,10'-6 cm/s,Effective permeability of compound by PAMPA assay
19010628,1844973,2355881,O=c1[nH]c(N2CCC3(CC2)CN(CCO)c2cc(F)cc(F)c23)nc2c1CCCC2,permeability,2,10'-6 cm/s,Permeability of the compound measured after 4 hrs by PAMPA
19010629,1844973,2389752,CN1CCCc2c1nc(N1CCC3(CC1)CN(CCO)c1cc(F)cc(F)c13)[nH]c2=O,permeability,3.3,10'-6 cm/s,Permeability of the compound measured after 4 hrs by PAMPA
19010630,1844973,2352372,CN1CCCc2c1nc(N1CCC3(CC1)C(=O)N(CCO)c1cc(F)cc(F)c13)[nH]c2=O,permeability,3,10'-6 cm/s,Permeability of the compound measured after 4 hrs by PAMPA
19010631,1844973,2452711,CN1CCN(c2cc(F)c3c(c2)N(C)C(=O)C32CCN(c3nc4c(c(=O)[nH]3)CCCN4C)CC2)CC1,permeability,12.8,10'-6 cm/s,Permeability of the compound measured after 4 hrs by PAMPA
19010632,1844973,2356091,C[C@@H]1CN(c2cc(F)c3c(c2)N(C)C(=O)C32CCN(c3nc4c(c(=O)[nH]3)CCCN4C)CC2)C[C@H](C)O1,permeability,12.4,10'-6 cm/s,Permeability of the compound measured after 4 hrs by PAMPA
19010633,1844973,1519682,CS(=O)(=O)c1ccc(-c2nnc(/C=C/c3nnc(-c4ccc(C#N)cc4)o3)n2-c2ccccc2Cl)nc1,permeability,11.4,10'-6 cm/s,Permeability of the compound measured after 4 hrs by PAMPA
19014705,1845914,2173596,Cn1cc(-c2cc(S(C)(=O)=O)ccc2Oc2ccc(F)cc2F)c2cc(C(N)=O)[nH]c2c1=O,permeability,2.4,10'-6 cm/s,Permeability in dog MDCK cells by PAMPA
19014706,1845914,2125078,CCNC(=O)c1cc2c(-c3cc(S(C)(=O)=O)ccc3Oc3ccc(F)cc3F)cn(C)c(=O)c2[nH]1,permeability,10.8,10'-6 cm/s,Permeability in dog MDCK cells by PAMPA
19014707,1845914,2421713,CCN(C)C(=O)c1cc2c(-c3cc(S(C)(=O)=O)ccc3Oc3ccc(F)cc3F)cn(C)c(=O)c2[nH]1,permeability,16,10'-6 cm/s,Permeability in dog MDCK cells by PAMPA
19014708,1845914,2361606,CCNC(=O)c1cc2c(-c3cc(S(=O)(=O)CC)ccc3Oc3ccc(F)cc3F)cn(C)c(=O)c2[nH]1,permeability,3.18,10'-6 cm/s,Permeability in dog MDCK cells by PAMPA
19014709,1845914,2377865,CCNC(=O)c1cc2c(-c3cc(S(=O)(=O)CC)ccc3Oc3ccccc3C)cn(C)c(=O)c2[nH]1,permeability,3.68,10'-6 cm/s,Permeability in dog MDCK cells by PAMPA
19014710,1845914,2419222,CCNC(=O)c1cc2c(-c3cc(S(=O)(=O)CC)ccc3Oc3ccccc3Cl)cn(C)c(=O)c2[nH]1,permeability,13.8,10'-6 cm/s,Permeability in dog MDCK cells by PAMPA
19014711,1845914,2426081,CCNC(=O)c1cc2c(-c3cc(S(=O)(=O)CC)ccc3Oc3ccccc3C(C)(C)C)cn(C)c(=O)c2[nH]1,permeability,5.6,10'-6 cm/s,Permeability in dog MDCK cells by PAMPA
19014712,1845914,2361623,CCNC(=O)c1cc2c(-c3cc(S(=O)(=O)CC)ccc3Oc3c(C)cccc3F)cn(C)c(=O)c2[nH]1,permeability,15.4,10'-6 cm/s,Permeability in dog MDCK cells by PAMPA
19014713,1845914,2376580,CCNC(=O)c1cc2c(-c3cc(S(=O)(=O)CC)ccc3Oc3c(C)cccc3Cl)cn(C)c(=O)c2[nH]1,permeability,2.73,10'-6 cm/s,Permeability in dog MDCK cells by PAMPA
19014714,1845914,2341770,CCNC(=O)c1cc2c(-c3cc(S(=O)(=O)CC)ccc3Oc3c(C)cccc3Br)cn(C)c(=O)c2[nH]1,permeability,10.5,10'-6 cm/s,Permeability in dog MDCK cells by PAMPA
19014715,1845914,2369813,CCNC(=O)c1cc2c(-c3cc(S(=O)(=O)CC)ccc3Oc3c(C)cccc3C)cn(C)c(=O)c2[nH]1,permeability,7.68,10'-6 cm/s,Permeability in dog MDCK cells by PAMPA
19014716,1845914,2347098,CCNC(=O)c1cc2c(-c3cc(S(=O)(=O)CC)ccc3Oc3c(C)cccc3C#N)cn(C)c(=O)c2[nH]1,permeability,15.3,10'-6 cm/s,Permeability in dog MDCK cells by PAMPA
19014717,1845914,2417843,CCNC(=O)c1cc2c(-c3cc(S(=O)(=O)CC)ccc3Oc3c(C)cccc3C(F)(F)F)cn(C)c(=O)c2[nH]1,permeability,15.2,10'-6 cm/s,Permeability in dog MDCK cells by PAMPA
19014718,1845914,2368300,CCNC(=O)c1cc2c(-c3cc(S(=O)(=O)CC)ccc3Oc3cc(C)cc(C)c3)cn(C)c(=O)c2[nH]1,permeability,3.1,10'-6 cm/s,Permeability in dog MDCK cells by PAMPA
19014719,1845914,2384148,CCNC(=O)c1cc2c(-c3cc(S(C)(=O)=O)ccc3Oc3c(C)cccc3C)cn(C)c(=O)c2[nH]1,permeability,10.7,10'-6 cm/s,Permeability in dog MDCK cells by PAMPA
19014720,1845914,2435307,CCNC(=O)c1cc2c(-c3cc(S(=O)(=O)C4CC4)ccc3Oc3c(C)cccc3C)cn(C)c(=O)c2[nH]1,permeability,8.33,10'-6 cm/s,Permeability in dog MDCK cells by PAMPA
19014721,1845914,2439038,CCNC(=O)c1cc2c(-c3cc(S(C)(=O)=O)ccc3Nc3c(C)cccc3C)cn(C)c(=O)c2[nH]1,permeability,3.59,10'-6 cm/s,Permeability in dog MDCK cells by PAMPA
19014722,1845914,2360749,CCNC(=O)c1cc2c(-c3ccccc3Cc3c(C)cccc3C)cn(C)c(=O)c2[nH]1,permeability,3.81,10'-6 cm/s,Permeability in dog MDCK cells by PAMPA
19014723,1845914,2364814,CCNC(=O)c1cc2c(-c3cc(S(=O)(=O)CC)ccc3-c3c(C)cccc3C)cn(C)c(=O)c2[nH]1,permeability,9,10'-6 cm/s,Permeability in dog MDCK cells by PAMPA
19014724,1845914,2410306,CCNC(=O)c1cc2c(-c3cc(S(=O)(=O)CC)ccc3-c3ccccc3C)cn(C)c(=O)c2[nH]1,permeability,10.3,10'-6 cm/s,Permeability in dog MDCK cells by PAMPA
19014725,1845914,2431002,CCNC(=O)c1cc2c(-c3cc(S(=O)(=O)CC)ccc3-c3cccc4cc[nH]c34)cn(C)c(=O)c2[nH]1,permeability,3.5,10'-6 cm/s,Permeability in dog MDCK cells by PAMPA
19014726,1845914,2460796,CCNC(=O)c1cc2c(-c3cc(S(=O)(=O)CC)ccc3-n3ccc4ccccc43)cn(C)c(=O)c2[nH]1,permeability,15.9,10'-6 cm/s,Permeability in dog MDCK cells by PAMPA
19014727,1845914,2350572,CCNC(=O)c1cc2c(-c3cc(S(=O)(=O)CC)ccc3-n3ccc4cccc(C)c43)cn(C)c(=O)c2[nH]1,permeability,14.7,10'-6 cm/s,Permeability in dog MDCK cells by PAMPA
19014728,1845914,2459999,CCNC(=O)c1cc2c(-c3cc(S(=O)(=O)CC)ccc3Oc3c(C)cc(F)cc3C)cn(C)c(=O)c2[nH]1,permeability,6.12,10'-6 cm/s,Permeability in dog MDCK cells by PAMPA
19014729,1845914,2418555,CCNC(=O)c1cc2c(-c3cc(S(=O)(=O)CC)ccc3Oc3c(C)cc(Cl)cc3C)cn(C)c(=O)c2[nH]1,permeability,1.46,10'-6 cm/s,Permeability in dog MDCK cells by PAMPA
19014730,1845914,2457078,CCNC(=O)c1cc2c(-c3cc(S(=O)(=O)CC)ccc3Oc3c(C)cccc3C(F)F)cn(C)c(=O)c2[nH]1,permeability,15.2,10'-6 cm/s,Permeability in dog MDCK cells by PAMPA
19014731,1845914,2374047,CCNC(=O)c1cc2c(-c3cc(C(C)(C)O)ccc3Oc3c(C)cccc3C)cn(C)c(=O)c2[nH]1,permeability,6.3,10'-6 cm/s,Permeability in dog MDCK cells by PAMPA
19014732,1845914,2335425,CCNC(=O)c1cc2c(-c3cc(C(C)(C)O)ccc3Oc3c(C)cc(F)cc3C)cn(C)c(=O)c2[nH]1,permeability,2,10'-6 cm/s,Permeability in dog MDCK cells by PAMPA
19014733,1845914,2400292,CCNC(=O)c1cc2c(-c3cc(NS(=O)(=O)CC)ccc3Oc3c(C)cccc3C)cn(C)c(=O)c2[nH]1,permeability,0.22,10'-6 cm/s,Permeability in dog MDCK cells by PAMPA
19014734,1845914,2373940,CCNC(=O)c1cc2c(-c3cc(NS(=O)(=O)CC)ccc3Oc3c(C)cc(F)cc3C)cn(C)c(=O)c2[nH]1,permeability,0.23,10'-6 cm/s,Permeability in dog MDCK cells by PAMPA
19014735,1845914,2424973,CCNC(=O)c1cc2c(-c3cc(CO)ccc3Oc3c(C)cccc3C)cn(C)c(=O)c2[nH]1,permeability,1.69,10'-6 cm/s,Permeability in dog MDCK cells by PAMPA
19014736,1845914,2356749,CCNC(=O)c1ccc(Oc2c(C)cccc2C)c(-c2cn(C)c(=O)c3[nH]c(C(=O)NCC)cc23)c1,permeability,2.63,10'-6 cm/s,Permeability in dog MDCK cells by PAMPA
19014737,1845914,2403998,CCNC(=O)c1cc2c(-c3cc(NC(=O)OC)ccc3Oc3c(C)cc(F)cc3C)cn(C)c(=O)c2[nH]1,permeability,0.92,10'-6 cm/s,Permeability in dog MDCK cells by PAMPA
19014738,1845914,2342175,CCNC(=O)c1cc2c(-c3cc(NC(C)=O)ccc3Oc3c(C)cccc3C)cn(C)c(=O)c2[nH]1,permeability,1.96,10'-6 cm/s,Permeability in dog MDCK cells by PAMPA
19014739,1845914,2368298,CCNC(=O)c1cc2c(-c3cc(NC(C)=O)ccc3Oc3c(C)cc(F)cc3C)cn(C)c(=O)c2[nH]1,permeability,1.06,10'-6 cm/s,Permeability in dog MDCK cells by PAMPA
19014740,1845914,2371748,CCNC(=O)c1cc2c(-c3cc(C4(O)CCC4)ccc3Oc3c(C)cc(F)cc3C)cn(C)c(=O)c2[nH]1,permeability,1.56,10'-6 cm/s,Permeability in dog MDCK cells by PAMPA
19014741,1845914,2457619,CCNC(=O)c1cc2c(-c3cc(C4(O)COC4)ccc3Oc3c(C)cc(F)cc3C)cn(C)c(=O)c2[nH]1,permeability,1.66,10'-6 cm/s,Permeability in dog MDCK cells by PAMPA
19014742,1845914,2362585,CCNC(=O)c1cc2c(-c3cc(C4(O)CCOCC4)ccc3Oc3c(C)cc(F)cc3C)cn(C)c(=O)c2[nH]1,permeability,1.47,10'-6 cm/s,Permeability in dog MDCK cells by PAMPA
19014743,1845914,2449827,CCNC(=O)c1cc2c(-c3cc(C(=O)O)ccc3Oc3c(C)cccc3C)cn(C)c(=O)c2[nH]1,permeability,0.74,10'-6 cm/s,Permeability in dog MDCK cells by PAMPA
19014744,1845914,2349083,Cc1cccc(C)c1Oc1ccc(C(C)(C)O)cc1-c1cn(C)c(=O)c2[nH]c(C(=O)NC(C)(C)C)cc12,permeability,1.26,10'-6 cm/s,Permeability in dog MDCK cells by PAMPA
19014745,1845914,2359287,Cc1cc(F)cc(C)c1Oc1ccc(C(C)(C)O)cc1-c1cn(C)c(=O)c2[nH]c(C(=O)NC34CC(C3)C4)cc12,permeability,0.97,10'-6 cm/s,Permeability in dog MDCK cells by PAMPA
19014746,1845914,2422733,CNC(=O)c1cc2c(-c3cc(C(C)(C)O)ccc3Oc3c(C)cc(F)cc3C)cn(C)c(=O)c2[nH]1,permeability,0.55,10'-6 cm/s,Permeability in dog MDCK cells by PAMPA
19014747,1845914,2426142,Cc1cc(F)cc(C)c1Oc1ccc(C(C)(C)O)cc1-c1cn(C)c(=O)c2[nH]c(C(=O)NC3CC3)cc12,permeability,1.13,10'-6 cm/s,Permeability in dog MDCK cells by PAMPA
19014748,1845914,2454911,Cc1cc(F)cc(C)c1Oc1ccc(C(C)(C)O)cc1-c1cn(C)c(=O)c2[nH]c(C(=O)NC(C)(C)C(F)(F)F)cc12,permeability,0.57,10'-6 cm/s,Permeability in dog MDCK cells by PAMPA
19014749,1845914,2392522,Cc1cc(F)cc(C)c1Oc1ccc(C(C)(C)O)cc1-c1cn(C)c(=O)c2[nH]c(C(=O)NC3(C)CC3(F)F)cc12,permeability,0.76,10'-6 cm/s,Permeability in dog MDCK cells by PAMPA
19034264,1849695,2447042,COc1cc2c(cc1Cl)cc(C(=O)NC(CO)c1ccc(C(=O)O)cc1)n2C,permeability,9,nm/s,Permeability of the compound at 10 uM at pH 7.4 by PAMPA
19034266,1849695,2378419,Cn1c(C(=O)NC2(c3ccc(C(=O)O)cc3)COC2)cc2c(Cl)c(Cl)ccc21,permeability,52,nm/s,Permeability of the compound at 10 uM at pH 7.4 by PAMPA
19034268,1849695,2417555,Cn1c(C(=O)NC2(c3ccc(C(=O)O)nc3)COC2)cc2c(Cl)c(Cl)ccc21,permeability,13,nm/s,Permeability of the compound at 10 uM at pH 7.4 by PAMPA
19034269,1849695,2449075,Cn1c(C(=O)NC2(c3ccc(CC(=O)O)cc3)COC2)cc2c(Cl)c(Cl)ccc21,permeability,1,nm/s,Permeability of the compound at 10 uM at pH 7.4 by PAMPA
19034270,1849695,2400165,Cn1c(C(=O)NC2(c3ccc(CC(=O)NS(C)(=O)=O)cc3)COC2)cc2c(Cl)c(Cl)ccc21,permeability,4,nm/s,Permeability of the compound at 10 uM at pH 7.4 by PAMPA
19034271,1849695,2352285,CONC(=O)Cc1ccc(C2(NC(=O)c3cc4c(Cl)c(Cl)ccc4n3C)COC2)cc1,permeability,273,nm/s,Permeability of the compound at 10 uM at pH 7.4 by PAMPA
19034272,1849695,2359540,Cn1c(C(=O)NC2(c3ccc(CC(=O)O)c(F)c3)COC2)cc2c(Cl)c(Cl)ccc21,permeability,45,nm/s,Permeability of the compound at 10 uM at pH 7.4 by PAMPA
19034273,1849695,2349837,Cn1c(C(=O)NC2(c3ccc(CO)cc3)COC2)cc2c(Cl)c(Cl)ccc21,permeability,154,nm/s,Permeability of the compound at 10 uM at pH 7.4 by PAMPA
19034274,1849695,2455725,Cn1c(C(=O)NC2(c3ccc([C@@H](O)c4cccnc4)cc3)COC2)cc2c(Cl)c(Cl)ccc21,permeability,208,nm/s,Permeability of the compound at 10 uM at pH 7.4 by PAMPA
19034275,1849695,2426812,Cn1c(C(=O)NC2(c3ccc([C@H](O)c4cccnc4)cc3)COC2)cc2c(Cl)c(Cl)ccc21,permeability,252,nm/s,Permeability of the compound at 10 uM at pH 7.4 by PAMPA
19034276,1849695,2350274,Cn1c(C(=O)NC2(c3ccc(C(C(=O)O)c4cccnc4)cc3)COC2)cc2c(Cl)c(Cl)ccc21,permeability,1,nm/s,Permeability of the compound at 10 uM at pH 7.4 by PAMPA
19034277,1849695,2383660,Cn1c(C(=O)NC2(c3ccc(C(CC(=O)O)c4cccnc4)cc3)COC2)cc2c(Cl)c(Cl)ccc21,permeability,16,nm/s,Permeability of the compound at 10 uM at pH 7.4 by PAMPA
19034278,1849695,2459890,CC(=O)OC(C)OC(=O)C(c1ccc(C2(NC(=O)c3cc4c(Cl)c(Cl)ccc4n3C)COC2)cc1)c1cccnc1,permeability,118,nm/s,Permeability of the compound at 10 uM at pH 7.4 by PAMPA
19085849,1863884,2352793,Cc1ccc(S(=O)(=O)N[C@@H](CC(=O)NC(C)(C)C)C(=O)NCCNC(=O)c2ccccc2)cc1,permeability,137,nm/s,Permeability of the compound at pH 7.4 by PAMPA
19085850,1863884,2386633,Cc1ccc(S(=O)(=O)N[C@@H](CC(=O)NC(C)(C)C)C(=O)NCCNC(=O)c2ccccc2F)cc1,permeability,105,nm/s,Permeability of the compound at pH 7.4 by PAMPA
19085852,1863884,2368849,COc1cccc(C(=O)NCCNC(=O)[C@H](CC(=O)NC(C)(C)C)NS(=O)(=O)c2ccc(C)cc2)c1,permeability,159,nm/s,Permeability of the compound at pH 7.4 by PAMPA
19085853,1863884,2351503,C#Cc1cccc(C(=O)NCCNC(=O)[C@H](CC(=O)NC(C)(C)C)NS(=O)(=O)c2ccc(C)cc2)c1,permeability,203,nm/s,Permeability of the compound at pH 7.4 by PAMPA
19103093,1868050,246,CCn1cc(C(=O)O)c(=O)c2cc(F)c(N3CCNCC3)cc21,permeability,0.95,10'-6 cm/s,Permeability of the compound by PAMPA
19103094,1868050,16485,Cn1c(=O)c2c(ncn2C)n(C)c1=O,permeability,3.61,10'-6 cm/s,Permeability of the compound by PAMPA
19103096,1868050,2376856,CCn1cncc1-c1c[nH]c2ccc(C(N)=O)cc12,permeability,2.78,10'-6 cm/s,Permeability of the compound by PAMPA
19103097,1868050,21325,NCCc1c[nH]c2ccc(C(N)=O)cc12,permeability,3.54,10'-6 cm/s,Permeability of the compound by PAMPA
19104247,1868195,391512,COc1ccc(/C=N/NC(N)=S)cc1,permeability,11.24,10'-6 cm/s,Permeability of the compound in PBS/EtOH at 100 ug/ml incubated for 16 hrs by PAMPA
19104248,1868195,391521,CN(C)c1ccc(/C=N/NC(N)=S)cc1,permeability,10.14,10'-6 cm/s,Permeability of the compound in PBS/EtOH at 100 ug/ml incubated for 16 hrs by PAMPA
19104249,1868195,628728,CCc1ccc(/C=N/NC(N)=S)cc1,permeability,9.44,10'-6 cm/s,Permeability of the compound in PBS/EtOH at 100 ug/ml incubated for 16 hrs by PAMPA
19104250,1868195,324387,N/C(S)=N/N=C/c1ccc([N+](=O)[O-])cc1,permeability,12.78,10'-6 cm/s,Permeability of the compound in PBS/EtOH at 100 ug/ml incubated for 16 hrs by PAMPA
19104251,1868195,1171076,NC(=S)N/N=C/c1cccc(F)c1,permeability,13.12,10'-6 cm/s,Permeability of the compound in PBS/EtOH at 100 ug/ml incubated for 16 hrs by PAMPA
19104252,1868195,407395,NC(=S)N/N=C/c1ccccc1F,permeability,10.33,10'-6 cm/s,Permeability of the compound in PBS/EtOH at 100 ug/ml incubated for 16 hrs by PAMPA
19104253,1868195,364520,C[C@]12CC[C@H]3[C@@H](CCC4=CC(=O)CC[C@@]43C)[C@@H]1CC[C@@H]2O,permeability,17.33,10'-6 cm/s,Permeability of the compound in PBS/EtOH at 100 ug/ml incubated for 16 hrs by PAMPA
19104254,1868195,12825,CC(=O)[C@H]1CC[C@H]2[C@@H]3CCC4=CC(=O)CC[C@]4(C)[C@H]3CC[C@]12C,permeability,8.13,10'-6 cm/s,Permeability of the compound in PBS/EtOH at 100 ug/ml incubated for 16 hrs by PAMPA
19104255,1868195,4584,NCCc1ccc(O)c(O)c1,permeability,0.21,10'-6 cm/s,Permeability of the compound in PBS/EtOH at 100 ug/ml incubated for 16 hrs by PAMPA
19104256,1868195,374052,C[C@]12CCC(=O)C=C1CC[C@@H]1[C@@H]2[C@@H](O)C[C@@]2(C)[C@H]1CC[C@]2(O)C(=O)CO,permeability,1.71,10'-6 cm/s,Permeability of the compound in PBS/EtOH at 100 ug/ml incubated for 16 hrs by PAMPA
19118393,1871156,2377509,NC1=CC(N)=C2C=CC(=O)N=C2C1=O,permeability,0.095,10'-6 cm/s,Permeability of the compound at 10 uM after 5 hrs by PAMPA
19118394,1871156,2389160,O=C(Nc1nc2cc(-c3cccnc3)ccn2n1)c1cccc(Cl)c1,permeability,6.3,10'-6 cm/s,Permeability of the compound at 10 uM after 5 hrs by PAMPA
19118395,1871156,2381520,O=C(Nc1nc2cc(-c3ccccc3)ccn2n1)c1cccc(Cl)c1,permeability,0.9,10'-6 cm/s,Permeability of the compound at 10 uM after 5 hrs by PAMPA
19118396,1871156,2459738,O=C(Nc1nc2cc(-c3ccccc3)ccn2n1)c1cccc([N+](=O)[O-])c1,permeability,0.15,10'-6 cm/s,Permeability of the compound at 10 uM after 5 hrs by PAMPA
19118397,1871156,2342570,O=C(Nc1nc2nc(-c3ccccc3)ccn2n1)c1cccc([N+](=O)[O-])c1,permeability,0.16,10'-6 cm/s,Permeability of the compound at 10 uM after 5 hrs by PAMPA
19122046,1871889,2371375,CN(C)Cc1ccc2c(-c3ccnc(N)n3)c(-c3ccc(F)cc3)nn2c1,Papp,185,nm/s,Apparent permeability of the compound in phosphate buffer saline at 50 to 200 uM after 5 hrs by PAMPA
19122047,1871889,2382630,CN(C)CCNc1ccc2nc(-c3ccc(F)cc3)c(-c3ccnc(N)n3)n2n1,Papp,10,nm/s,Apparent permeability of the compound in phosphate buffer saline at 50 to 200 uM after 5 hrs by PAMPA
19122048,1871889,2365595,CN(C)Cc1ccc2c(c1)nc(-c1ccc(F)cc1)n2-c1ccnc(N)n1,Papp,32,nm/s,Apparent permeability of the compound in phosphate buffer saline at 50 to 200 uM after 5 hrs by PAMPA
19122049,1871889,2407152,CN(C)Cc1ccn2c(-c3ccnc(N)n3)c(-c3ccc(F)cc3)nc2n1,Papp,118,nm/s,Apparent permeability of the compound in phosphate buffer saline at 50 to 200 uM after 5 hrs by PAMPA
19122050,1871889,2418979,CN(C)Cc1cc2nc(-c3ccc(F)cc3)c(-c3ccnc(N)n3)n2cn1,Papp,58,nm/s,Apparent permeability of the compound in phosphate buffer saline at 50 to 200 uM after 5 hrs by PAMPA
19122051,1871889,2395964,CN1CCC(n2cc(Nc3nccc(-c4c(-c5ccc(F)cc5)nc5ccccn45)n3)cn2)CC1,Papp,124,nm/s,Apparent permeability of the compound in phosphate buffer saline at 50 to 200 uM after 5 hrs by PAMPA
19122052,1871889,2408193,CN1CCC(c2ccc(Nc3nccc(-c4c(-c5ccc(F)cc5)nc5ccccn45)n3)cc2)CC1,Papp,0,nm/s,Apparent permeability of the compound in phosphate buffer saline at 50 to 200 uM after 5 hrs by PAMPA
19122053,1871889,2395950,CN1CCN(c2ccc(Nc3nccc(-c4c(-c5ccc(F)cc5)nc5ccccn45)n3)cc2)CC1,Papp,0,nm/s,Apparent permeability of the compound in phosphate buffer saline at 50 to 200 uM after 5 hrs by PAMPA
19122054,1871889,2399431,Fc1ccc(-c2nc3ccccn3c2-c2ccnc(NC3CCOCC3)n2)cc1,Papp,145,nm/s,Apparent permeability of the compound in phosphate buffer saline at 50 to 200 uM after 5 hrs by PAMPA
19122055,1871889,2422544,CN(C)CCCNc1nccc(-c2c(-c3ccc(F)cc3)nc3ccccn23)n1,Papp,82,nm/s,Apparent permeability of the compound in phosphate buffer saline at 50 to 200 uM after 5 hrs by PAMPA
19122056,1871889,345539,CN(C)Cc1ccn2c(-c3ccnc(N)n3)c(-c3ccc(F)cc3)nc2c1,Papp,110,nm/s,Apparent permeability of the compound in phosphate buffer saline at 50 to 200 uM after 5 hrs by PAMPA
19123692,1872061,2367473,CC(C)COc1ccc(-c2nn(C)c3cc(C(=O)NS(=O)(=O)C4CC4)c(F)cc23)cn1,permeability,100,nm/s,Permeability of the compound at pH 7.4 by PAMPA
19123678,1872061,2441363,Cn1cc(-c2ccc(C(F)(F)F)cc2)c2ccc(C(=O)NS(C)(=O)=O)cc21,permeability,171,nm/s,Permeability of the compound at pH 7.4 by PAMPA
19123680,1872061,2397777,Cn1cc(-c2ccc(C(F)(F)F)cc2)c2ccc(C(=O)NS(=O)(=O)C3CC3)cc21,permeability,135,nm/s,Permeability of the compound at pH 7.4 by PAMPA
19123681,1872061,2331461,Cn1cc(-c2ccc(C(F)(F)F)cc2)c2cc(F)c(C(=O)NS(C)(=O)=O)cc21,permeability,140,nm/s,Permeability of the compound at pH 7.4 by PAMPA
19123682,1872061,2330381,Cn1cc(-c2ccc(C(F)(F)F)cc2)c2cc(F)c(C(=O)NS(=O)(=O)C3CC3)cc21,permeability,323,nm/s,Permeability of the compound at pH 7.4 by PAMPA
19123683,1872061,2316315,Cn1cc(-c2ccc(C(F)F)cc2)c2cc(F)c(C(=O)NS(=O)(=O)C3CC3)cc21,permeability,60,nm/s,Permeability of the compound at pH 7.4 by PAMPA
19123684,1872061,2318631,CC(C)COc1ncc(-c2cn(C)c3cc(C(=O)NS(C)(=O)=O)ccc23)cc1Cl,permeability,216,nm/s,Permeability of the compound at pH 7.4 by PAMPA
19123685,1872061,2323196,Cn1cc(-c2cnc(OCC3CC3)c(Cl)c2)c2ccc(C(=O)NS(=O)(=O)C3CC3)cc21,permeability,391,nm/s,Permeability of the compound at pH 7.4 by PAMPA
19123686,1872061,2382023,CC(C)COc1ncc(-c2cn(C)c3cc(C(=O)NS(C)(=O)=O)c(F)cc23)cc1Cl,permeability,205,nm/s,Permeability of the compound at pH 7.4 by PAMPA
19123687,1872061,2354816,CC(C)COc1ncc(-c2cn(C)c3cc(C(=O)NS(=O)(=O)C4CC4)c(F)cc23)cc1Cl,permeability,310,nm/s,Permeability of the compound at pH 7.4 by PAMPA
19123688,1872061,2420473,CC(C)COc1ccc(-c2cn(C)c3cc(C(=O)NS(C)(=O)=O)c(F)cc23)cn1,permeability,164,nm/s,Permeability of the compound at pH 7.4 by PAMPA
19123689,1872061,2326954,CC(C)COc1ccc(-c2cn(C)c3cc(C(=O)NS(=O)(=O)C4CC4)c(F)cc23)cn1,permeability,254,nm/s,Permeability of the compound at pH 7.4 by PAMPA
19123690,1872061,2394624,Cn1nc(-c2ccc(C(F)(F)F)cc2)c2cc(F)c(C(=O)NS(=O)(=O)C3CC3)cc21,permeability,102,nm/s,Permeability of the compound at pH 7.4 by PAMPA
19123691,1872061,2319749,CC(C)COc1ncc(-c2nn(C)c3cc(C(=O)NS(C)(=O)=O)ccc23)cc1Cl,permeability,417,nm/s,Permeability of the compound at pH 7.4 by PAMPA
19130473,1873539,365538,Nc1nc2c(ncn2COCCO)c(=O)[nH]1,Peff,0,10'-6 cm/s,Effective permeability of compound by PAMPA
19130474,1873539,1279,CC(C)NCC(O)COc1ccc(CC(N)=O)cc1,Peff,0,10'-6 cm/s,Effective permeability of compound by PAMPA
19130475,1873539,83724,CO/N=C(\C(=O)N[C@@H]1C(=O)N2C(C(=O)O)=C(CSc3nc(=O)c(O)nn3C)CS[C@H]12)c1csc(N)n1,Peff,0,10'-6 cm/s,Effective permeability of compound by PAMPA
19130476,1873539,1256,O=c1ccc2ccccc2o1,Peff,22.1,10'-6 cm/s,Effective permeability of compound by PAMPA
19130477,1873539,29890,O=C(O)Cc1ccccc1Nc1c(Cl)cccc1Cl,Peff,12.5,10'-6 cm/s,Effective permeability of compound by PAMPA
19130478,1873539,374052,C[C@]12CCC(=O)C=C1CC[C@@H]1[C@@H]2[C@@H](O)C[C@@]2(C)[C@H]1CC[C@]2(O)C(=O)CO,Peff,3.4,10'-6 cm/s,Effective permeability of compound by PAMPA
19130479,1873539,246,CCn1cc(C(=O)O)c(=O)c2cc(F)c(N3CCNCC3)cc21,Peff,0.9,10'-6 cm/s,Effective permeability of compound by PAMPA
19130480,1873539,10685,CN/C(=C\[N+](=O)[O-])NCCSCc1ccc(CN(C)C)o1,Peff,0.5,10'-6 cm/s,Effective permeability of compound by PAMPA
19130481,1873539,1223,O=C(O)c1cc(/N=N/c2ccc(S(=O)(=O)Nc3ccccn3)cc2)ccc1O,Peff,0.1,10'-6 cm/s,Effective permeability of compound by PAMPA
19130482,1873539,1219,COc1ccc(CCN(C)CCCC(C#N)(c2ccc(OC)c(OC)c2)C(C)C)cc1OC,Peff,7.4,10'-6 cm/s,Effective permeability of compound by PAMPA
19130483,1873540,2415536,CO[C@@H]1O[C@H](CNCCCCCCCn2c(-c3ccccc3)nc(-c3ccccc3)c2-c2ccccc2)[C@H]2OC(C)(C)O[C@@H]12,Peff,2.28,10'-6 cm/s,Effective permeability of compound incubated for 8 hrs by PAMPA
19130484,1873540,2379532,CC1(C)O[C@H]2[C@@H](O1)[C@@H](CNCCCCCCn1c(-c3ccccc3)nc(-c3ccccc3)c1-c1ccccc1)O[C@@H]1OC(C)(C)O[C@@H]12,Peff,0.54,10'-6 cm/s,Effective permeability of compound incubated for 8 hrs by PAMPA
19130485,1873540,365538,Nc1nc2c(ncn2COCCO)c(=O)[nH]1,Peff,0.6,10'-6 cm/s,Effective permeability of compound incubated for 8 hrs by PAMPA
19130486,1873540,1279,CC(C)NCC(O)COc1ccc(CC(N)=O)cc1,Peff,0.16,10'-6 cm/s,Effective permeability of compound incubated for 8 hrs by PAMPA
19130487,1873540,83724,CO/N=C(\C(=O)N[C@@H]1C(=O)N2C(C(=O)O)=C(CSc3nc(=O)c(O)nn3C)CS[C@H]12)c1csc(N)n1,Peff,0.38,10'-6 cm/s,Effective permeability of compound incubated for 8 hrs by PAMPA
19130488,1873540,1256,O=c1ccc2ccccc2o1,Peff,26.19,10'-6 cm/s,Effective permeability of compound incubated for 8 hrs by PAMPA
19130489,1873540,29890,O=C(O)Cc1ccccc1Nc1c(Cl)cccc1Cl,Peff,12.6,10'-6 cm/s,Effective permeability of compound incubated for 8 hrs by PAMPA
19130490,1873540,374052,C[C@]12CCC(=O)C=C1CC[C@@H]1[C@@H]2[C@@H](O)C[C@@]2(C)[C@H]1CC[C@]2(O)C(=O)CO,Peff,5.57,10'-6 cm/s,Effective permeability of compound incubated for 8 hrs by PAMPA
19130491,1873540,246,CCn1cc(C(=O)O)c(=O)c2cc(F)c(N3CCNCC3)cc21,Peff,0.46,10'-6 cm/s,Effective permeability of compound incubated for 8 hrs by PAMPA
19130492,1873540,10685,CN/C(=C\[N+](=O)[O-])NCCSCc1ccc(CN(C)C)o1,Peff,0.62,10'-6 cm/s,Effective permeability of compound incubated for 8 hrs by PAMPA
19130493,1873540,1223,O=C(O)c1cc(/N=N/c2ccc(S(=O)(=O)Nc3ccccn3)cc2)ccc1O,Peff,0.71,10'-6 cm/s,Effective permeability of compound incubated for 8 hrs by PAMPA
19130494,1873540,1219,COc1ccc(CCN(C)CCCC(C#N)(c2ccc(OC)c(OC)c2)C(C)C)cc1OC,Peff,5.43,10'-6 cm/s,Effective permeability of compound incubated for 8 hrs by PAMPA
19146421,1877277,2420803,CCS(=O)(=O)c1ccc2oc(-c3ccc4c(c3)C=C[C@H](O)[C@H]4O)nc2c1,permeability,33.3,ucm/s,Permeability at pH 7.4 by PAMPA
19146422,1877277,2349960,CCS(=O)(=O)c1ccc2oc(-c3ccc4c(c3)[C@@H](O)[C@H](O)C=C4)nc2c1,permeability,34.4,ucm/s,Permeability at pH 7.4 by PAMPA
19146423,1877277,1144723,CCS(=O)(=O)c1ccc2oc(-c3ccc4ccccc4c3)nc2c1,permeability,9.5,ucm/s,Permeability at pH 7.4 by PAMPA
19155961,1879802,2352428,Cc1cc(C)c(S(=O)(=O)N(Cc2nnn[nH]2)c2ccc(Nc3ccnc(N4CCNCC4)n3)cc2)c(C)c1,permeability,55.37,10'-6 cm/s,Permeability of the compound at pH 7.4 by PAMPA
19155962,1879802,2383233,Cc1cc(C)c(S(=O)(=O)N(CC#N)c2ccc(Nc3ccnc(N4CCNCC4)n3)cc2)c(C)c1,permeability,61.49,10'-6 cm/s,Permeability of the compound at pH 7.4 by PAMPA
19155963,1879802,2421698,Cc1cc(C)c(S(=O)(=O)N(CC(=O)NO)c2ccc(Nc3ccnc(N4CCNCC4)n3)cc2)c(C)c1,permeability,44.1,10'-6 cm/s,Permeability of the compound at pH 7.4 by PAMPA
19155964,1879802,2404779,Cc1cc(C)c(S(=O)(=O)N(CC(=O)O)c2ccc(Nc3ccnc(N4CCNCC4)n3)cc2)c(C)c1,permeability,104.35,10'-6 cm/s,Permeability of the compound at pH 7.4 by PAMPA
19155965,1879802,2367937,COC(=O)CN(c1ccc(Nc2ccnc(N3CCNCC3)n2)cc1)S(=O)(=O)c1c(C)cc(C)cc1C,permeability,101.22,10'-6 cm/s,Permeability of the compound at pH 7.4 by PAMPA
19155966,1879802,2460448,Cc1cc(C)c(S(=O)(=O)N(CC(=O)O)c2ccc(Nc3ccnc(N4CCCC4)n3)cc2)c(C)c1,permeability,70.42,10'-6 cm/s,Permeability of the compound at pH 7.4 by PAMPA
19155967,1879802,2343396,COc1cc(S(=O)(=O)Nc2ccc(Nc3ccnc(N4CCCC4)n3)cc2)c(C)cc1C,permeability,65.87,10'-6 cm/s,Permeability of the compound at pH 7.4 by PAMPA
19167751,1882813,2432626,CCN(CCCNC(=O)c1cc(O)c(C(=O)NCCCN(CC)Cc2ccccc2OC)cc1O)Cc1ccccc1OC,Peff,4.23,ucm/s,Effective permeability of the compound in PBS/EtOH at 100 ug/ml after 18 hrs by PAMPA
19167752,1882813,2424079,CCN(CCCCNC(=O)c1cc(O)c(C(=O)NCCCCN(CC)Cc2ccccc2OC)cc1O)Cc1ccccc1OC,Peff,4.45,ucm/s,Effective permeability of the compound in PBS/EtOH at 100 ug/ml after 18 hrs by PAMPA
19167753,1882813,2358944,CCN(CCCCCCNC(=O)c1cc(O)c(C(=O)NCCCCCCN(CC)Cc2ccccc2OC)cc1O)Cc1ccccc1OC,Peff,5.54,ucm/s,Effective permeability of the compound in PBS/EtOH at 100 ug/ml after 18 hrs by PAMPA
19167754,1882813,1219,COc1ccc(CCN(C)CCCC(C#N)(c2ccc(OC)c(OC)c2)C(C)C)cc1OC,Peff,16.9,ucm/s,Effective permeability of the compound in PBS/EtOH at 100 ug/ml after 18 hrs by PAMPA
19167755,1882813,16506,O=C1Nc2ccc(Cl)cc2C(c2ccccc2)=NC1O,Peff,9.6,ucm/s,Effective permeability of the compound in PBS/EtOH at 100 ug/ml after 18 hrs by PAMPA
19167756,1882813,721,CN1C(=O)CN=C(c2ccccc2)c2cc(Cl)ccc21,Peff,11.86,ucm/s,Effective permeability of the compound in PBS/EtOH at 100 ug/ml after 18 hrs by PAMPA
19167757,1882813,27609,Clc1cccc(Cl)c1NC1=NCCN1,Peff,5.1,ucm/s,Effective permeability of the compound in PBS/EtOH at 100 ug/ml after 18 hrs by PAMPA
19167758,1882813,605,CN(C)CCCN1c2ccccc2CCc2ccccc21,Peff,10.1,ucm/s,Effective permeability of the compound in PBS/EtOH at 100 ug/ml after 18 hrs by PAMPA
19167759,1882813,364520,C[C@]12CC[C@H]3[C@@H](CCC4=CC(=O)CC[C@@]43C)[C@@H]1CC[C@@H]2O,Peff,16.3,ucm/s,Effective permeability of the compound in PBS/EtOH at 100 ug/ml after 18 hrs by PAMPA
19167760,1882813,16485,Cn1c(=O)c2c(ncn2C)n(C)c1=O,Peff,1.28,ucm/s,Effective permeability of the compound in PBS/EtOH at 100 ug/ml after 18 hrs by PAMPA
19167761,1882813,57175,CCn1cc(C(=O)O)c(=O)c2cc(F)c(N3CCNCC3)nc21,Peff,0.47,ucm/s,Effective permeability of the compound in PBS/EtOH at 100 ug/ml after 18 hrs by PAMPA
19167762,1882813,11968,CN1C(C(=O)Nc2ccccn2)=C(O)c2ccccc2S1(=O)=O,Peff,0.72,ucm/s,Effective permeability of the compound in PBS/EtOH at 100 ug/ml after 18 hrs by PAMPA
19167763,1882813,246,CCn1cc(C(=O)O)c(=O)c2cc(F)c(N3CCNCC3)cc21,Peff,0.42,ucm/s,Effective permeability of the compound in PBS/EtOH at 100 ug/ml after 18 hrs by PAMPA
19167764,1882813,381693,Cn1c(=O)c2[nH]cnc2n(C)c1=O,Peff,0.1,ucm/s,Effective permeability of the compound in PBS/EtOH at 100 ug/ml after 18 hrs by PAMPA
19167772,1882814,57175,CCn1cc(C(=O)O)c(=O)c2cc(F)c(N3CCNCC3)nc21,Peff,0.9,ucm/s,Effective permeability of the compound by PAMPA
19167765,1882814,1219,COc1ccc(CCN(C)CCCC(C#N)(c2ccc(OC)c(OC)c2)C(C)C)cc1OC,Peff,16,ucm/s,Effective permeability of the compound by PAMPA
19167766,1882814,16506,O=C1Nc2ccc(Cl)cc2C(c2ccccc2)=NC1O,Peff,10,ucm/s,Effective permeability of the compound by PAMPA
19167767,1882814,721,CN1C(=O)CN=C(c2ccccc2)c2cc(Cl)ccc21,Peff,16,ucm/s,Effective permeability of the compound by PAMPA
19167768,1882814,27609,Clc1cccc(Cl)c1NC1=NCCN1,Peff,5.3,ucm/s,Effective permeability of the compound by PAMPA
19167769,1882814,605,CN(C)CCCN1c2ccccc2CCc2ccccc21,Peff,13,ucm/s,Effective permeability of the compound by PAMPA
19167770,1882814,364520,C[C@]12CC[C@H]3[C@@H](CCC4=CC(=O)CC[C@@]43C)[C@@H]1CC[C@@H]2O,Peff,17,ucm/s,Effective permeability of the compound by PAMPA
19167771,1882814,16485,Cn1c(=O)c2c(ncn2C)n(C)c1=O,Peff,1.3,ucm/s,Effective permeability of the compound by PAMPA
19167773,1882814,11968,CN1C(C(=O)Nc2ccccn2)=C(O)c2ccccc2S1(=O)=O,Peff,2.5,ucm/s,Effective permeability of the compound by PAMPA
19167774,1882814,246,CCn1cc(C(=O)O)c(=O)c2cc(F)c(N3CCNCC3)cc21,Peff,0.1,ucm/s,Effective permeability of the compound by PAMPA
19167775,1882814,381693,Cn1c(=O)c2[nH]cnc2n(C)c1=O,Peff,0.12,ucm/s,Effective permeability of the compound by PAMPA
19170910,1883240,2385506,N#Cc1ccc(O[C@H]2CN(S(=O)(=O)c3ccc(Cl)cc3Cl)C[C@@]2(O)CO)cc1,permeability,370,nm/s,Permeability of the compound by PAMPA
19170911,1883240,2375335,N#Cc1ccc(S(=O)(=O)[C@H]2CN(S(=O)(=O)c3ccc(Cl)cc3Cl)C[C@@H]2O)cc1,permeability,780,nm/s,Permeability of the compound by PAMPA
19170912,1883240,2403965,N#Cc1ccc(S(=O)(=O)[C@H]2CN(S(=O)(=O)c3ccc(Cl)cc3Cl)C[C@@]2(O)CO)cc1,permeability,450,nm/s,Permeability of the compound by PAMPA
19170913,1883240,2417529,N#Cc1ccc(S(=O)(=O)[C@H]2CN(S(=O)(=O)c3ccc(C#N)cc3Cl)C[C@@]2(O)CO)cc1,permeability,350,nm/s,Permeability of the compound by PAMPA
19170914,1883240,2346199,N#Cc1ccc(S(=O)(=O)N2C[C@H](S(=O)(=O)c3ccc(Cl)cc3)[C@](O)(CO)C2)c(Cl)c1,permeability,350,nm/s,Permeability of the compound by PAMPA
19171992,1883534,2374756,O=C(Nc1cc2cc[nH]c2cn1)c1ccc(Cl)c(Cl)c1,Peff,110.7,10'-6 cm/s,Effective permeability of the compound in prisma HT buffer at 10 mM at pH 7.4 after 4 hrs by PAMPA
19171993,1883534,2357604,O=C(Nc1ccc2[nH]ccc2n1)c1ccc(Cl)c(Cl)c1,Peff,106.7,10'-6 cm/s,Effective permeability of the compound in prisma HT buffer at 10 mM at pH 7.4 after 4 hrs by PAMPA
19171994,1883534,2346898,O=C(Nc1ccc2[nH]ccc2n1)c1ccc(F)c(Cl)c1,Peff,109.9,10'-6 cm/s,Effective permeability of the compound in prisma HT buffer at 10 mM at pH 7.4 after 4 hrs by PAMPA
19171995,1883534,2357153,O=C(Nc1ccc2[nH]ccc2n1)c1ccc(Cl)c(F)c1,Peff,126.6,10'-6 cm/s,Effective permeability of the compound in prisma HT buffer at 10 mM at pH 7.4 after 4 hrs by PAMPA
19171996,1883534,1219,COc1ccc(CCN(C)CCCC(C#N)(c2ccc(OC)c(OC)c2)C(C)C)cc1OC,Peff,98,10'-6 cm/s,Effective permeability of the compound in prisma HT buffer at 10 mM at pH 7.4 after 4 hrs by PAMPA
19171997,1883534,381693,Cn1c(=O)c2[nH]cnc2n(C)c1=O,Peff,0.51,10'-6 cm/s,Effective permeability of the compound in prisma HT buffer at 10 mM at pH 7.4 after 4 hrs by PAMPA
19174120,1884082,2366912,C[C@@H](OC(C)(C)C)[C@@H]1NC(=O)CNC(=O)[C@H](CSC(c2ccccc2)(c2ccccc2)c2ccccc2)NC(=O)CNC(=O)[C@H](CSC(c2ccccc2)(c2ccccc2)c2ccccc2)NC(=O)CN(C)C1=O,permeability,0.6,10'-6 cm/s,Permeability of the compound in pH 7.4 phosphate buffered saline at 20 uM after 20 hrs by PAMPA
19174121,1884082,2393584,C[C@@H](OC(C)(C)C)[C@@H]1NC(=O)CN(C)C(=O)[C@H](CSC(c2ccccc2)(c2ccccc2)c2ccccc2)NC(=O)CNC(=O)[C@H](CSC(c2ccccc2)(c2ccccc2)c2ccccc2)NC(=O)CN(C)C1=O,permeability,1,10'-6 cm/s,Permeability of the compound in pH 7.4 phosphate buffered saline at 20 uM after 20 hrs by PAMPA
19174122,1884082,2364258,C[C@@H](OC(C)(C)C)[C@@H]1NC(=O)CN(C)C(=O)[C@H](CSC(c2ccccc2)(c2ccccc2)c2ccccc2)NC(=O)CN(C)C(=O)[C@H](CSC(c2ccccc2)(c2ccccc2)c2ccccc2)NC(=O)CN(C)C1=O,permeability,0.2,10'-6 cm/s,Permeability of the compound in pH 7.4 phosphate buffered saline at 20 uM after 20 hrs by PAMPA
19174123,1884082,2441665,CN1CC(=O)N[C@@H](CSC(c2ccccc2)(c2ccccc2)c2ccccc2)C(=O)N(C)CC(=O)N[C@@H](CSC(c2ccccc2)(c2ccccc2)c2ccccc2)C(=O)N(C)CC(=O)N[C@@H](COC(C)(C)C)C1=O,permeability,0.3,10'-6 cm/s,Permeability of the compound in pH 7.4 phosphate buffered saline at 20 uM after 20 hrs by PAMPA
19174124,1884082,2396874,CN1CC(=O)N[C@@H](CSC(c2ccccc2)(c2ccccc2)c2ccccc2)C(=O)N[C@@H](Cc2ccccc2)C(=O)N[C@@H](COC(C)(C)C)C(=O)N(C)CC(=O)N[C@@H](CSC(c2ccccc2)(c2ccccc2)c2ccccc2)C1=O,permeability,0.2,10'-6 cm/s,Permeability of the compound in pH 7.4 phosphate buffered saline at 20 uM after 20 hrs by PAMPA
19174125,1884082,2460497,CN1CC(=O)N[C@@H](CS(c2ccccc2)(c2ccccc2)c2ccccc2)C(=O)N[C@@H](CSC(c2ccccc2)(c2ccccc2)c2ccccc2)C(=O)N(C)CC(=O)N[C@@H](COC(C)(C)C)C1=O,permeability,2,10'-6 cm/s,Permeability of the compound in pH 7.4 phosphate buffered saline at 20 uM after 20 hrs by PAMPA
19174128,1884082,2437685,CN1CC(=O)N[C@@H](CSC(c2ccccc2)(c2ccccc2)c2ccccc2)C(=O)N(C)CC(=O)N[C@@H](CSC(c2ccccc2)(c2ccccc2)c2ccccc2)C(=O)N(C)CC(=O)N[C@@H](CCC(=O)O)C1=O,permeability,0.2,10'-6 cm/s,Permeability of the compound in pH 7.4 phosphate buffered saline at 20 uM after 20 hrs by PAMPA
19177853,1884985,1579271,N#Cc1ccc2cc3c(=O)[nH]c(=O)nc-3n(-c3cccc(-c4nnn[nH]4)c3)c2c1,Peff,0.003,10'-6 cm/s,Effective permeability of the compound at 10 uM after 5 hrs by PAMPA
19177854,1884985,1579298,N#Cc1ccc2cc3c(=O)[nH]c(=O)nc-3n(-c3cccc(O)c3)c2c1,Peff,0.01,10'-6 cm/s,Effective permeability of the compound at 10 uM after 5 hrs by PAMPA
19177855,1884985,1579256,N#Cc1ccc2cc3c(=O)[nH]c(=O)nc-3n(-c3ccc(O)cc3)c2c1,Peff,0.008,10'-6 cm/s,Effective permeability of the compound at 10 uM after 5 hrs by PAMPA
19177856,1884985,1579297,N#Cc1ccc2cc3c(=O)[nH]c(=O)nc-3n(-c3ccccc3)c2c1,Peff,0.4,10'-6 cm/s,Effective permeability of the compound at 10 uM after 5 hrs by PAMPA
19177857,1884985,2356652,N#Cc1ccc2cc3c(=O)[nH]c(=O)nc-3n(-c3ccc(OC(F)(F)F)cc3)c2c1,Peff,1.1,10'-6 cm/s,Effective permeability of the compound at 10 uM after 5 hrs by PAMPA
19177858,1884985,2377171,N#Cc1ccc2cc3c(=O)[nH]c(=O)nc-3n(-c3ccc(OC(F)F)cc3)c2c1,Peff,0.3,10'-6 cm/s,Effective permeability of the compound at 10 uM after 5 hrs by PAMPA
19177859,1884985,2377618,N#Cc1ccc2cc3c(=O)[nH]c(=O)nc-3n(-c3ccc4c(c3)OCO4)c2c1,Peff,0.5,10'-6 cm/s,Effective permeability of the compound at 10 uM after 5 hrs by PAMPA
19177860,1884985,2452336,N#Cc1ccc2cc3c(=O)[nH]c(=O)nc-3n(-c3ccc4c(c3)OC(F)(F)O4)c2c1,Peff,1.1,10'-6 cm/s,Effective permeability of the compound at 10 uM after 5 hrs by PAMPA
19177861,1884985,2351847,Cn1c(=O)nc2n(-c3ccc(O)cc3)c3cc(C#N)ccc3cc-2c1=O,Peff,0.1,10'-6 cm/s,Effective permeability of the compound at 10 uM after 5 hrs by PAMPA
19177862,1884985,2371188,N#Cc1ccc2cc3c(=O)[nH]c(=O)nc-3n(-c3ccc(OCc4ccccc4)cc3)c2c1,Peff,1.2,10'-6 cm/s,Effective permeability of the compound at 10 uM after 5 hrs by PAMPA
19177863,1884985,2395444,N#Cc1ccc2cc3c(=O)[nH]c(=O)nc-3n(-c3ccc(OCc4ccc(Cl)cc4)cc3)c2c1,Peff,0.4,10'-6 cm/s,Effective permeability of the compound at 10 uM after 5 hrs by PAMPA
19177864,1884985,2380726,N#Cc1ccc2cc3c(=O)[nH]c(=O)nc-3n(-c3ccc(OCc4ccc(Br)cc4)cc3)c2c1,Peff,0.2,10'-6 cm/s,Effective permeability of the compound at 10 uM after 5 hrs by PAMPA
19177865,1884985,2380898,N#Cc1ccc2cc3c(=O)[nH]c(=O)nc-3n(-c3ccc(OCc4cccc(Cl)c4)cc3)c2c1,Peff,0.4,10'-6 cm/s,Effective permeability of the compound at 10 uM after 5 hrs by PAMPA
19177866,1884985,2446784,COC(=O)c1cccc(COc2ccc(-n3c4nc(=O)[nH]c(=O)c-4cc4ccc(C#N)cc43)cc2)c1,Peff,0.6,10'-6 cm/s,Effective permeability of the compound at 10 uM after 5 hrs by PAMPA
19177867,1884985,2389919,N#Cc1ccc2cc3c(=O)[nH]c(=O)nc-3n(-c3ccc(OCc4cccc(C(=O)O)c4)cc3)c2c1,Peff,0.01,10'-6 cm/s,Effective permeability of the compound at 10 uM after 5 hrs by PAMPA
19177868,1884985,2456372,N#Cc1ccc2cc3c(=O)[nH]c(=O)nc-3n(-c3ccc(Oc4ccccc4)cc3)c2c1,Peff,2.8,10'-6 cm/s,Effective permeability of the compound at 10 uM after 5 hrs by PAMPA
19177869,1884985,2341673,N#Cc1ccc2cc3c(=O)[nH]c(=O)nc-3n(-c3ccc(Oc4ccc(Cl)cc4)cc3)c2c1,Peff,0.8,10'-6 cm/s,Effective permeability of the compound at 10 uM after 5 hrs by PAMPA
19177870,1884985,2376695,N#Cc1ccc2cc3c(=O)[nH]c(=O)nc-3n(-c3ccc(Oc4ccc(F)cc4)cc3)c2c1,Peff,2.7,10'-6 cm/s,Effective permeability of the compound at 10 uM after 5 hrs by PAMPA
19177871,1884985,2456354,COC(=O)c1cccc(Oc2ccc(-n3c4nc(=O)[nH]c(=O)c-4cc4ccc(C#N)cc43)cc2)c1,Peff,0.7,10'-6 cm/s,Effective permeability of the compound at 10 uM after 5 hrs by PAMPA
19177872,1884985,2427429,N#Cc1ccc2cc3c(=O)[nH]c(=O)nc-3n(-c3ccc(Oc4cccc(C(=O)O)c4)cc3)c2c1,Peff,0.003,10'-6 cm/s,Effective permeability of the compound at 10 uM after 5 hrs by PAMPA
19177873,1884985,2460922,N#Cc1ccc2cc3c(=O)[nH]c(=O)nc-3n(-c3cccc(OCc4ccccc4)c3)c2c1,Peff,1.7,10'-6 cm/s,Effective permeability of the compound at 10 uM after 5 hrs by PAMPA
19177874,1884985,2406977,N#Cc1ccc2cc3c(=O)[nH]c(=O)nc-3n(-c3cccc(Oc4ccccc4)c3)c2c1,Peff,2,10'-6 cm/s,Effective permeability of the compound at 10 uM after 5 hrs by PAMPA
19177875,1884985,2431163,N#Cc1ccc2cc3c(=O)n(-c4ccccc4)c(=O)nc-3n(-c3ccc(O)cc3)c2c1,Peff,0.1,10'-6 cm/s,Effective permeability of the compound at 10 uM after 5 hrs by PAMPA
19177876,1884985,2375183,N#Cc1ccc2cc3c(=O)n(-c4ccc(Cl)cc4)c(=O)nc-3n(-c3ccc(O)cc3)c2c1,Peff,0.08,10'-6 cm/s,Effective permeability of the compound at 10 uM after 5 hrs by PAMPA
19177877,1884985,2416532,N#Cc1ccc2cc3c(=O)n(-c4ccc(F)cc4)c(=O)nc-3n(-c3ccc(O)cc3)c2c1,Peff,0.06,10'-6 cm/s,Effective permeability of the compound at 10 uM after 5 hrs by PAMPA
19177878,1884985,2364164,N#Cc1ccc2cc3c(=O)n(-c4ccc(Br)cc4)c(=O)nc-3n(-c3ccc(O)cc3)c2c1,Peff,0.05,10'-6 cm/s,Effective permeability of the compound at 10 uM after 5 hrs by PAMPA
19177879,1884985,2392562,COC(=O)c1cccc(-n2c(=O)nc3n(-c4ccc(O)cc4)c4cc(C#N)ccc4cc-3c2=O)c1,Peff,0.03,10'-6 cm/s,Effective permeability of the compound at 10 uM after 5 hrs by PAMPA
19177880,1884985,2426040,N#Cc1ccc2cc3c(=O)n(-c4cccc(C(N)=O)c4)c(=O)nc-3n(-c3ccc(O)cc3)c2c1,Peff,0.01,10'-6 cm/s,Effective permeability of the compound at 10 uM after 5 hrs by PAMPA
19177881,1884985,2343211,N#Cc1ccc2cc3c(=O)n(-c4ccc(Cl)cc4)c(=O)nc-3n(-c3cccc(O)c3)c2c1,Peff,0.04,10'-6 cm/s,Effective permeability of the compound at 10 uM after 5 hrs by PAMPA
19177882,1884985,2391463,N#Cc1ccc2cc3c(=O)n(-c4cccc(Cl)c4)c(=O)nc-3n(-c3cccc(O)c3)c2c1,Peff,0.07,10'-6 cm/s,Effective permeability of the compound at 10 uM after 5 hrs by PAMPA
19177883,1884985,2457872,N#Cc1ccc2cc3c(=O)n(-c4ccc(Cl)c(Cl)c4)c(=O)nc-3n(-c3cccc(O)c3)c2c1,Peff,0.03,10'-6 cm/s,Effective permeability of the compound at 10 uM after 5 hrs by PAMPA
19177884,1884985,2442807,CS(=O)(=O)Nc1ccc(-n2c3nc(=O)n(-c4ccc(Cl)cc4)c(=O)c-3cc3ccc(C#N)cc32)cc1,Peff,0.02,10'-6 cm/s,Effective permeability of the compound at 10 uM after 5 hrs by PAMPA
19177885,1884985,2348022,CS(=O)(=O)Nc1cccc(-n2c3nc(=O)n(-c4ccc(Cl)cc4)c(=O)c-3cc3ccc(C#N)cc32)c1,Peff,0.06,10'-6 cm/s,Effective permeability of the compound at 10 uM after 5 hrs by PAMPA
19177886,1884985,2378870,N#Cc1ccc2cc3c(=O)n(-c4ccc(Cl)cc4)c(=O)nc-3n(-c3ccccc3)c2c1,Peff,4.4,10'-6 cm/s,Effective permeability of the compound at 10 uM after 5 hrs by PAMPA
19185331,1886452,2361492,COc1ccccc1N1CCN(c2nc3c(c(=O)[nH]2)CCCC3)CC1,permeability,0.34,10'-6 cm/s,Permeability of the compound by PAMPA
19185332,1886452,631324,Oc1nc(-c2ccc(C(F)(F)F)cc2)nc2c1CSCC2,permeability,3.24,10'-6 cm/s,Permeability of the compound by PAMPA
19185333,1886452,1519682,CS(=O)(=O)c1ccc(-c2nnc(/C=C/c3nnc(-c4ccc(C#N)cc4)o3)n2-c2ccccc2Cl)nc1,permeability,11.4,10'-6 cm/s,Permeability of the compound by PAMPA
19185334,1886452,2449945,O=c1[nH]c(N2CCC3(CC2)CN(CCO)c2ccccc23)nc2c1CCCC2,permeability,17.4,10'-6 cm/s,Permeability of the compound by PAMPA
19185335,1886452,2430515,O=c1[nH]c(N2CCC3(CC2)CN(CCO)c2cccc(F)c23)nc2c1CCCC2,permeability,7.6,10'-6 cm/s,Permeability of the compound by PAMPA
19185336,1886452,2355881,O=c1[nH]c(N2CCC3(CC2)CN(CCO)c2cc(F)cc(F)c23)nc2c1CCCC2,permeability,2,10'-6 cm/s,Permeability of the compound by PAMPA
19185337,1886452,2416013,O=C1N(CCO)c2ccccc2C12CCN(c1nc3c(c(=O)[nH]1)CCCC3)CC2,permeability,2.9,10'-6 cm/s,Permeability of the compound by PAMPA
19185338,1886452,2448345,O=C1N(CCO)c2cccc(F)c2C12CCN(c1nc3c(c(=O)[nH]1)CCCC3)CC2,permeability,3.6,10'-6 cm/s,Permeability of the compound by PAMPA
19185339,1886452,2384368,O=C1N(CCO)c2cccc(Cl)c2C12CCN(c1nc3c(c(=O)[nH]1)CCCC3)CC2,permeability,1.1,10'-6 cm/s,Permeability of the compound by PAMPA
19185340,1886452,2424574,O=C1N(CCO)c2cc(F)cc(F)c2C12CCN(c1nc3c(c(=O)[nH]1)CCCC3)CC2,permeability,7.9,10'-6 cm/s,Permeability of the compound by PAMPA
19185341,1886452,2368158,O=C1N(CCO)c2cc(Cl)cc(Cl)c2C12CCN(c1nc3c(c(=O)[nH]1)CCCC3)CC2,permeability,43,10'-6 cm/s,Permeability of the compound by PAMPA
19193080,1888472,2392258,CS(=O)(=O)C(C(=O)NCCS(N)(=O)=O)c1nc2ccc(-c3ccccc3)cc2s1,permeability,368,nm/s,Permeability of compound at pH 7.4 by PAMPA
19193081,1888472,2010517,CS(=O)(=O)C(C(=O)NCCS(N)(=O)=O)c1nc2ccc(-c3ccc(C(=O)N4CCOCC4)cc3)cc2s1,permeability,13,nm/s,Permeability of compound at pH 7.4 by PAMPA
19193082,1888472,2005647,CS(=O)(=O)C(C(=O)NCCS(N)(=O)=O)c1nc2ccc(-c3cnn(CCN4CCOCC4)c3)cc2s1,permeability,0,nm/s,Permeability of compound at pH 7.4 by PAMPA
19193083,1888472,2005621,CS(=O)(=O)C(C(=O)NCCS(N)(=O)=O)c1nc2ccc(-c3ccc(F)nc3)cc2s1,permeability,78,nm/s,Permeability of compound at pH 7.4 by PAMPA
19193084,1888472,2366001,CS(=O)(=O)C(C(=O)NCC(=O)NC1CC1)c1nc2ccc(-c3ccc(F)nc3)cc2s1,permeability,389,nm/s,Permeability of compound at pH 7.4 by PAMPA
19212806,1891547,2368563,CCC(=O)N1CCN(C(=O)c2cc(-c3ccc(CN4CCOCC4)cc3)nc3ccc(F)cc23)CC1,Peff,55.3,nm/s,Effective permeability by PAMPA
19212811,1891547,2462004,O=C(NCCc1ccccn1)c1cc(-c2ccc(CN3CCOCC3)cc2)nc2ccc(F)cc12,Peff,93.5,nm/s,Effective permeability by PAMPA
19212813,1891547,2354891,O=C(c1cc(-c2ccc(CN3CCOCC3)cc2)nc2ccc(F)cc12)N1CCC(O)CC1,Peff,36.7,nm/s,Effective permeability by PAMPA
19212814,1891547,2424607,CCC(=O)N1CCN(Cc2cc(-c3ccc(CN4CCOCC4)cc3)nc3ccc(F)cc23)CC1,Peff,71.5,nm/s,Effective permeability by PAMPA
19212815,1891547,2374667,CCCN1CCN(Cc2cc(-c3ccc(CN4CCOCC4)cc3)nc3ccc(F)cc23)CC1,Peff,92.6,nm/s,Effective permeability by PAMPA
19212816,1891547,2404612,CC(C)(C)N1CCN(CCNC(=O)c2cc(-c3ccc(CN4CCOCC4)cc3)nc3ccc(F)cc23)CC1,Peff,20.9,nm/s,Effective permeability by PAMPA
19212817,1891547,2356250,CC(C)(C)C(=O)N1CCN(CCNC(=O)c2cc(-c3ccc(CN4CCOCC4)cc3)nc3ccc(F)cc23)CC1,Peff,61.1,nm/s,Effective permeability by PAMPA
19212818,1891547,2382298,Fc1ccc2nc(-c3ccc(CN4CCOCC4)cc3)cc(CNCCN3CCCC3)c2c1,Peff,45.5,nm/s,Effective permeability by PAMPA
19212819,1891547,2347294,Fc1ccc2nc(-c3ccc(CN4CCOCC4)cc3)cc(CNCCN3CCN(c4ccccc4)CC3)c2c1,Peff,23.9,nm/s,Effective permeability by PAMPA
19212820,1891547,2349892,CC(C)(C)OC(=O)N1CCN(CCNCc2cc(-c3ccc(CN4CCOCC4)cc3)nc3ccc(F)cc23)CC1,Peff,45.7,nm/s,Effective permeability by PAMPA
19212821,1891547,2380651,CCOC(=O)N1CCC(NC(=O)c2cc(-c3ccc(CN4CCOCC4)cc3)nc3ccc(F)cc23)CC1,Peff,1.9,nm/s,Effective permeability by PAMPA
19212827,1891547,2407685,O=C(CCN1CCCC1)Nc1cc(-c2ccc(CN3CCOCC3)cc2)nc2ccc(F)cc12,Peff,100.9,nm/s,Effective permeability by PAMPA
19212831,1891547,2392965,CCOCc1ccc(-c2cc(NC(=O)CCN3CCCC3)c3cc(F)ccc3n2)cc1,Peff,81.5,nm/s,Effective permeability by PAMPA
19216788,1892123,16485,Cn1c(=O)c2c(ncn2C)n(C)c1=O,permeability,16.1,10'-6 cm/s,Permeability of compound at pH 7.4 by PAMPA
19216789,1892123,246,CCn1cc(C(=O)O)c(=O)c2cc(F)c(N3CCNCC3)cc21,permeability,0.54,10'-6 cm/s,Permeability of compound at pH 7.4 by PAMPA
19216819,1892123,2359578,CCn1cncc1-c1c[nH]c2ccc(I)c(F)c12,permeability,9.66,10'-6 cm/s,Permeability of compound at pH 7.4 by PAMPA
19244874,1898355,2353990,N#CC(C(=O)NCC(=O)NC1COC1)c1nc2ccc(-c3ccc(F)nc3)cc2s1,permeability,4,nm/s,Permeability of compound at pH 7.4 by PAMPA
19244875,1898355,2345354,CN1CCN(C(=O)c2ccc(-c3ccc4nc(C(C#N)C(=O)NCC(=O)NC5CC5)sc4c3)cc2)CC1,permeability,3,nm/s,Permeability of compound at pH 7.4 by PAMPA
19244876,1898355,2427852,CN(C)C(=O)c1cccc(-c2ccc3nc(C(C#N)C(=O)NCC(=O)NC4CC4)sc3c2)c1,permeability,3,nm/s,Permeability of compound at pH 7.4 by PAMPA
19244877,1898355,2416061,N#CC(C(=O)NCC(=O)NC1CC1)c1nc2ccc(-c3ccc(C(=O)N4CCOCC4)cc3)cc2s1,permeability,4,nm/s,Permeability of compound at pH 7.4 by PAMPA
19244878,1898355,2457906,N#CC(C(=O)NCC(=O)NC1CC1)c1nc2ccc(-c3ccccc3)cc2s1,permeability,845,nm/s,Permeability of compound at pH 7.4 by PAMPA
19250632,1899405,1370,CC(C)NCC(O)COc1cccc2ccccc12,Papp,54,10'-7 cm/s,Apparent permeability of the compound after 24 hrs by PAMPA
19250666,1899405,694145,COc1cc2c(NC3CCN(C(C)C)CC3)nc(C3CCCCC3)nc2cc1OCCCN1CCCC1,Papp,0.49,10'-7 cm/s,Apparent permeability of the compound after 24 hrs by PAMPA
19250667,1899405,2361551,COc1cc2c(cc1OCCCN1CCCC1)N=C(C1CCCCC1)CN=C2NC1CCN(C(C)C)CC1,Papp,4.8,10'-7 cm/s,Apparent permeability of the compound after 24 hrs by PAMPA
19260163,1901680,1219,COc1ccc(CCN(C)CCCC(C#N)(c2ccc(OC)c(OC)c2)C(C)C)cc1OC,Peff,422.58,nm/s,Permeability at 200 uM incubated for 4 hrs by PAMPA method
19260164,1901680,381693,Cn1c(=O)c2[nH]cnc2n(C)c1=O,Peff,6.85,nm/s,Permeability at 200 uM incubated for 4 hrs by PAMPA method
19260165,1901680,2357308,C[C@@H](NCC(=O)N[C@@H](Cc1ccc(F)cc1)C(=O)N1CCN(C(=O)[C@H](Cc2ccc(F)cc2)NC(=O)CNC(=O)[C@@H](C)NC(=O)[C@@H](N)Cc2ccc(O)cc2)CC1)C(=O)N[C@@H](Cc1ccc(O)cc1)C(N)=O,Peff,6.93,nm/s,Permeability at 200 uM incubated for 4 hrs by PAMPA method
19260166,1901680,2457385,N[C@@H](Cc1ccc(O)cc1)C(=O)N[C@@H]1CSCc2ccccc2CSC[C@@H](NC(=O)[C@@H](N)Cc2ccc(O)cc2)C(=O)NCC(=O)N[C@@H](Cc2ccc(F)cc2)C(=O)NNC(=O)[C@H](Cc2ccc(F)cc2)NC(=O)CNC1=O.O=C(O)C(F)(F)F.O=C(O)C(F)(F)F,Peff,21.57,nm/s,Permeability at 200 uM incubated for 4 hrs by PAMPA method
19260167,1901680,2409861,Cc1cc(O)cc(C)c1C[C@H](N)C(=O)N[C@@H]1CSCc2ccccc2CSC[C@@H](NC(=O)[C@@H](N)Cc2c(C)cc(O)cc2C)C(=O)NCC(=O)N[C@@H](Cc2ccc(F)cc2)C(=O)NNC(=O)[C@H](Cc2ccc(F)cc2)NC(=O)CNC1=O.O=C(O)C(F)(F)F.O=C(O)C(F)(F)F,Peff,5.87,nm/s,Permeability at 200 uM incubated for 4 hrs by PAMPA method
19260168,1901680,2386632,Cc1cc(O)cc(C)c1C[C@H](N)C(=O)N[C@@H]1CCCCNC(=O)C[C@@H](C(N)=O)NC(=O)[C@@H](Cc2ccccc2)CC(=O)[C@H](Cc2ccc(C(F)(F)F)cc2)NC1=O,Peff,5.8,nm/s,Permeability at 200 uM incubated for 4 hrs by PAMPA method
19262906,1902396,2367714,Cc1nc2cc(-c3ccccc3)nn2c(N2CCC(C)(C)CC2)c1C(OC(C)(C)C)C(=O)O,permeability,703,nm/s,Permeability of the compound in pH 7.4 buffer at 100 uM measured after 4 hrs by sandwich-PAMPA
19262907,1902396,2361909,Cc1ccc(-c2cc3nc(C)c(C(OC(C)(C)C)C(=O)O)c(-c4cc(F)c5c(c4C)CCCO5)n3n2)cc1,permeability,492,nm/s,Permeability of the compound in pH 7.4 buffer at 100 uM measured after 4 hrs by sandwich-PAMPA
19262908,1902396,2417834,Cc1nc2cc(-c3ccc(OCc4ccccc4)cc3)nn2c(-c2cc(F)c3c(c2C)CCCO3)c1C(OC(C)(C)C)C(=O)O,permeability,313,nm/s,Permeability of the compound in pH 7.4 buffer at 100 uM measured after 4 hrs by sandwich-PAMPA
19262909,1902396,2385094,Cc1nc2cc(-c3cccc(OCc4ccccc4)c3)nn2c(-c2cc(F)c3c(c2C)CCCO3)c1C(OC(C)(C)C)C(=O)O,permeability,570,nm/s,Permeability of the compound in pH 7.4 buffer at 100 uM measured after 4 hrs by sandwich-PAMPA
19262910,1902396,2357466,Cc1nc2cc(-c3cccc(Oc4ccccc4)c3)nn2c(-c2cc(F)c3c(c2C)CCCO3)c1C(OC(C)(C)C)C(=O)O,permeability,472,nm/s,Permeability of the compound in pH 7.4 buffer at 100 uM measured after 4 hrs by sandwich-PAMPA
19262911,1902396,2364307,Cc1nc2cc(-c3cccc(OCc4ccccc4)c3)nn2c(N2CCC(C)(C)CC2)c1C(OC(C)(C)C)C(=O)O,permeability,375,nm/s,Permeability of the compound in pH 7.4 buffer at 100 uM measured after 4 hrs by sandwich-PAMPA
19262912,1902396,2378778,Cc1nc2cc(-c3cccc(-c4ccccc4)c3)nn2c(-c2cc(F)c3c(c2C)CCCO3)c1[C@H](OC(C)(C)C)C(=O)O,permeability,733,nm/s,Permeability of the compound in pH 7.4 buffer at 100 uM measured after 4 hrs by sandwich-PAMPA
19262913,1902396,2356618,Cc1ccccc1-c1cccc(-c2cc3nc(C)c([C@H](OC(C)(C)C)C(=O)O)c(-c4cc(F)c5c(c4C)CCCO5)n3n2)c1,permeability,471,nm/s,Permeability of the compound in pH 7.4 buffer at 100 uM measured after 4 hrs by sandwich-PAMPA
19262914,1902396,2386494,COc1ccccc1-c1cccc(-c2cc3nc(C)c([C@H](OC(C)(C)C)C(=O)O)c(-c4cc(F)c5c(c4C)CCCO5)n3n2)c1,permeability,765,nm/s,Permeability of the compound in pH 7.4 buffer at 100 uM measured after 4 hrs by sandwich-PAMPA
19262915,1902396,2431049,Cc1nc2cc(-c3cccc(-c4ccccc4F)c3)nn2c(-c2cc(F)c3c(c2C)CCCO3)c1[C@H](OC(C)(C)C)C(=O)O,permeability,608,nm/s,Permeability of the compound in pH 7.4 buffer at 100 uM measured after 4 hrs by sandwich-PAMPA
19262916,1902396,2372917,Cc1nc2cc(-c3cccc(-c4ccncc4)c3)nn2c(-c2cc(F)c3c(c2C)CCCO3)c1[C@H](OC(C)(C)C)C(=O)O,permeability,488,nm/s,Permeability of the compound in pH 7.4 buffer at 100 uM measured after 4 hrs by sandwich-PAMPA
19262917,1902396,2375206,COc1ccc(-c2cccc(-c3cc4nc(C)c([C@H](OC(C)(C)C)C(=O)O)c(-c5cc(F)c6c(c5C)CCCO6)n4n3)c2)cn1,permeability,514,nm/s,Permeability of the compound in pH 7.4 buffer at 100 uM measured after 4 hrs by sandwich-PAMPA
19262941,1902396,2432295,Cc1nc2cc(-c3cccc(-c4ccccc4)c3)nn2c(-c2cc(F)c3c(c2C)CCCO3)c1C(OC(C)(C)C)C(=O)O,permeability,652,nm/s,Permeability of the compound in pH 7.4 buffer at 100 uM measured after 4 hrs by sandwich-PAMPA
19262990,1902396,2443495,Cc1nc2cc(-c3ccccc3)nn2c(-c2cc(F)c3c(c2C)CCCO3)c1C(OC(C)(C)C)C(=O)O,permeability,218,nm/s,Permeability of the compound in pH 7.4 buffer at 100 uM measured after 4 hrs by sandwich-PAMPA
19266028,1902931,2453147,CC[C@H](Nc1ncnc2[nH]cnc12)c1nc2cccc(CNCc3ccc(C(=O)NO)cc3)c2c(=O)n1-c1ccccc1,permeability,1,10'-6 cm/s,Permeability of compound in DMSO aqueous buffer at pH 7.4 after 30 mins by PAMPA
19266020,1902931,2346893,CC[C@H](Nc1ncnc2[nH]cnc12)c1nc2cccc(CNc3ncc(C(=O)NO)s3)c2c(=O)n1-c1ccccc1,permeability,1.3,10'-6 cm/s,Permeability of compound in DMSO aqueous buffer at pH 7.4 after 30 mins by PAMPA
19266021,1902931,2371012,CC[C@H](Nc1ncnc2[nH]cnc12)c1nc2cccc(CNC(=O)c3ccc(C(=O)NO)cc3)c2c(=O)n1-c1ccccc1,permeability,1,10'-6 cm/s,Permeability of compound in DMSO aqueous buffer at pH 7.4 after 30 mins by PAMPA
19266022,1902931,2451488,CC[C@H](Nc1ncnc2[nH]cnc12)c1nc2cccc(CNc3ncc(C(=O)NO)cn3)c2c(=O)n1-c1ccccc1,permeability,1,10'-6 cm/s,Permeability of compound in DMSO aqueous buffer at pH 7.4 after 30 mins by PAMPA
19266023,1902931,2358632,CC[C@H](Nc1ncnc2[nH]cnc12)c1nc2cccc(CCCCCC(=O)NO)c2c(=O)n1-c1ccccc1,permeability,1,10'-6 cm/s,Permeability of compound in DMSO aqueous buffer at pH 7.4 after 30 mins by PAMPA
19266024,1902931,2434266,CC[C@H](Nc1ncnc2[nH]cnc12)c1nc2cccc(-c3ccc(C(=O)NO)cc3)c2c(=O)n1-c1ccccc1,permeability,1.2,10'-6 cm/s,Permeability of compound in DMSO aqueous buffer at pH 7.4 after 30 mins by PAMPA
19266025,1902931,2352495,CC[C@H](Nc1ncnc2[nH]cnc12)c1nc2cccc(-c3nc4ccc(C(=O)NO)cc4s3)c2c(=O)n1-c1ccccc1,permeability,2.4,10'-6 cm/s,Permeability of compound in DMSO aqueous buffer at pH 7.4 after 30 mins by PAMPA
19266026,1902931,2387506,CC[C@H](Nc1ncnc2[nH]cnc12)c1nc2cccc(NCc3ccc(C(=O)NO)cc3)c2c(=O)n1-c1ccccc1,permeability,6.4,10'-6 cm/s,Permeability of compound in DMSO aqueous buffer at pH 7.4 after 30 mins by PAMPA
19266027,1902931,2456469,CC[C@H](Nc1ncnc2[nH]cnc12)c1nc2cccc(NCc3ccc(C(=O)NO)c(C)c3)c2c(=O)n1-c1ccccc1,permeability,2.6,10'-6 cm/s,Permeability of compound in DMSO aqueous buffer at pH 7.4 after 30 mins by PAMPA
19266029,1902931,2350387,CC[C@H](Nc1nc(N)nc(C)c1C#N)c1nc2cccc(CCCCCC(=O)NO)c2c(=O)n1-c1ccccc1,permeability,25.3,10'-6 cm/s,Permeability of compound in DMSO aqueous buffer at pH 7.4 after 30 mins by PAMPA
19266030,1902931,2396399,CC[C@H](Nc1nc(N)ncc1C)c1nc2cccc(CCCCCC(=O)NO)c2c(=O)n1-c1ccccc1,permeability,22.7,10'-6 cm/s,Permeability of compound in DMSO aqueous buffer at pH 7.4 after 30 mins by PAMPA
19266031,1902931,2371821,CC[C@H](Nc1nc(N)nc(N)c1C#N)c1nc2cccc(NCc3ccc(C(=O)NO)cc3)c2c(=O)n1-c1ccccc1,permeability,4.9,10'-6 cm/s,Permeability of compound in DMSO aqueous buffer at pH 7.4 after 30 mins by PAMPA
19266032,1902931,2362932,CC[C@H](Nc1nc(N)nc(C)c1C#N)c1nc2cccc(NCc3ccc(C(=O)NO)cc3)c2c(=O)n1-c1ccccc1,permeability,12,10'-6 cm/s,Permeability of compound in DMSO aqueous buffer at pH 7.4 after 30 mins by PAMPA
19266033,1902931,2366688,CC[C@H](Nc1cc(C)nc(N)n1)c1nc2cccc(NCc3ccc(C(=O)NO)cc3)c2c(=O)n1-c1ccccc1,permeability,15.7,10'-6 cm/s,Permeability of compound in DMSO aqueous buffer at pH 7.4 after 30 mins by PAMPA
19266034,1902931,2374936,CC[C@H](Nc1ncnc(N)c1Cl)c1nc2cccc(NCc3ccc(C(=O)NO)cc3)c2c(=O)n1-c1ccccc1,permeability,50.5,10'-6 cm/s,Permeability of compound in DMSO aqueous buffer at pH 7.4 after 30 mins by PAMPA
19266035,1902931,2363836,CC[C@H](Nc1ncnc(N)c1Cl)c1nc2cccc(NCc3ccc(C(=O)NO)cn3)c2c(=O)n1-c1ccccc1,permeability,77.5,10'-6 cm/s,Permeability of compound in DMSO aqueous buffer at pH 7.4 after 30 mins by PAMPA
19266036,1902931,2356310,CC[C@H](Nc1nc(N)nc(C)c1Cl)c1nc2cccc(NCc3ccc(C(=O)NO)cc3)c2c(=O)n1-c1ccccc1,permeability,30.2,10'-6 cm/s,Permeability of compound in DMSO aqueous buffer at pH 7.4 after 30 mins by PAMPA
19266037,1902931,2346490,CC[C@H](Nc1nc(C)nc(N)c1C#N)c1nc2cccc(NCc3ccc(C(=O)NO)cc3)c2c(=O)n1-c1ccccc1,permeability,12.4,10'-6 cm/s,Permeability of compound in DMSO aqueous buffer at pH 7.4 after 30 mins by PAMPA
19266038,1902931,2355235,CC[C@H](Nc1nc(N)nc(N)c1Cl)c1nc2cccc(NCc3ccc(C(=O)NO)cc3)c2c(=O)n1-c1ccccc1,permeability,149.1,10'-6 cm/s,Permeability of compound in DMSO aqueous buffer at pH 7.4 after 30 mins by PAMPA
19302223,1911374,2141533,CN(C)CCOc1ccc(/C(=C(/CCCO)c2ccccc2)c2ccc(O)cc2)cc1.Cl,Peff,0.23,10'-6 cm/s,Effective permeability of the compound at 10 uM after 5 hrs by PAMPA
19302224,1911374,2455855,Cl.Cl.OCCC/C(=C(\c1ccc(Br)cc1)c1ccc(N2CCNCC2)cc1)c1ccccc1,Peff,0.52,10'-6 cm/s,Effective permeability of the compound at 10 uM after 5 hrs by PAMPA
19302225,1911374,2350703,Cc1ccc(/C(=C(\CCCO)c2ccccc2)c2ccc(N3CCNCC3)cc2)cc1.Cl.Cl,Peff,3.61,10'-6 cm/s,Effective permeability of the compound at 10 uM after 5 hrs by PAMPA
19302226,1911374,2379727,Cc1ccc(/C(=C(\CCCO)c2ccccc2)c2ccc(N3CCN(C)CC3)cc2)cc1.Cl.Cl,Peff,4.84,10'-6 cm/s,Effective permeability of the compound at 10 uM after 5 hrs by PAMPA
19302227,1911374,2343400,CC(C)N1CCN(c2ccc(/C(=C(/CCCO)c3ccccc3)c3ccc(O)cc3)cc2)CC1.Cl.Cl,Peff,0.46,10'-6 cm/s,Effective permeability of the compound at 10 uM after 5 hrs by PAMPA
19302228,1911374,2412020,CC(C)N1CCN(c2ccc(/C(=C(/CCCO)c3ccccc3)c3ccc(Br)cc3)cc2)CC1.Cl.Cl,Peff,0.37,10'-6 cm/s,Effective permeability of the compound at 10 uM after 5 hrs by PAMPA
19302229,1911374,2344938,Cc1ccc(/C(=C(\CCCO)c2ccccc2)c2ccc(N3CCN(C(C)C)CC3)cc2)cc1.Cl.Cl,Peff,2.09,10'-6 cm/s,Effective permeability of the compound at 10 uM after 5 hrs by PAMPA
19302230,1911374,2450602,CCN1CCN(c2ccc(/C(=C(/CCCO)c3ccccc3)c3ccc(C)cc3)cc2)CC1.Cl.Cl,Peff,4.47,10'-6 cm/s,Effective permeability of the compound at 10 uM after 5 hrs by PAMPA
19302231,1911374,2358336,CC(C)N1CCN(c2ccc(/C(=C(/CCCO)c3ccccc3)c3cccc(O)c3)cc2)CC1.Cl.Cl,Peff,1.29,10'-6 cm/s,Effective permeability of the compound at 10 uM after 5 hrs by PAMPA
19310805,1913592,2326289,CN1CCC(c2nc(-c3ccc(F)c(NS(C)(=O)=O)c3)c(-c3ccnc(NCC4CC4)n3)s2)CC1,permeability,3.4,10'-5 cm/s,Permeability of compound by PAMPA
19310806,1913592,2327551,CN1CCC(c2nc(-c3ccc(F)cc3)c(-c3ccnc(Nc4ccc(N5CCNCC5)cc4)n3)s2)CC1,permeability,1.2,10'-5 cm/s,Permeability of compound by PAMPA
19310807,1913592,2401489,CN1CCN(c2ccc(Nc3nccc(-c4sc(C5CCNCC5)nc4-c4ccc(F)cc4)n3)cc2)CC1,permeability,1.1,10'-5 cm/s,Permeability of compound by PAMPA
19310808,1913592,2371685,CCOC(=O)N1CCC(c2nc(-c3ccc(F)cc3)c(-c3ccnc(Nc4ccc(N5CCN(C)CC5)cc4)n3)s2)CC1,permeability,4.1,10'-5 cm/s,Permeability of compound by PAMPA
19310809,1913592,2401657,Fc1ccc(-c2nc(N3CCOCC3)sc2-c2ccnc(Nc3ccc(N4CCNCC4)cc3)n2)cc1,permeability,2.8,10'-5 cm/s,Permeability of compound by PAMPA
19310810,1913592,2362596,Fc1ccc(-c2nc(N3CCCC3)sc2-c2ccnc(Nc3ccc(N4CCNCC4)cc3)n2)cc1,permeability,2.7,10'-5 cm/s,Permeability of compound by PAMPA
19310811,1913592,2456038,CN1CCN(c2ccc(Nc3nccc(-c4sc(N)nc4-c4ccc(F)cc4)n3)cc2)CC1,permeability,2.6,10'-5 cm/s,Permeability of compound by PAMPA
19310813,1913592,2369120,Nc1nc(-c2ccc(F)cc2)c(-c2ccnc(Nc3ccc(N4CCOCC4)cc3)n2)s1,permeability,0.3,10'-5 cm/s,Permeability of compound by PAMPA
19310815,1913592,2438092,O=C(Nc1nc(-c2ccc(F)cc2)c(-c2ccnc(Nc3ccc(N4CCNCC4)cc3)n2)s1)C1CC1,permeability,0.2,10'-5 cm/s,Permeability of compound by PAMPA
19310816,1913592,2366928,CN1CCC(C(=O)Nc2nc(-c3ccc(F)cc3)c(-c3ccnc(Nc4ccc(N5CCNCC5)cc4)n3)s2)CC1,permeability,0.1,10'-5 cm/s,Permeability of compound by PAMPA
19310818,1913592,2402752,O=S(=O)(Nc1nc(-c2ccc(F)cc2)c(-c2ccnc(Nc3ccc(N4CCNCC4)cc3)n2)s1)C1CCNCC1,permeability,0.3,10'-5 cm/s,Permeability of compound by PAMPA
19310819,1913592,2437016,Fc1ccc(-c2nc(C3CCNCC3)sc2-c2ccnc(Nc3nncs3)n2)cc1,permeability,0.1,10'-5 cm/s,Permeability of compound by PAMPA
19310820,1913592,2351460,Cc1nnc(Nc2nccc(-c3sc(C4CCNCC4)nc3-c3ccc(F)cc3)n2)s1,permeability,0.8,10'-5 cm/s,Permeability of compound by PAMPA
19310821,1913592,2464148,Cc1csc(Nc2nccc(-c3sc(C4CCNCC4)nc3-c3ccc(F)cc3)n2)n1,permeability,1.5,10'-5 cm/s,Permeability of compound by PAMPA
19310822,1913592,2443289,Cc1cc(Nc2nccc(-c3sc(C4CCNCC4)nc3-c3ccc(F)cc3)n2)on1,permeability,1.2,10'-5 cm/s,Permeability of compound by PAMPA
19310823,1913592,2376676,Cc1cc(Nc2nccc(-c3sc(C4CCNCC4)nc3-c3ccc(F)cc3)n2)nn1C,permeability,2,10'-5 cm/s,Permeability of compound by PAMPA
19310824,1913592,2453479,Fc1ccc(-c2nc(C3CCNCC3)sc2-c2ccnc(Nc3ccn(C4CCNCC4)n3)n2)cc1,permeability,0.3,10'-5 cm/s,Permeability of compound by PAMPA
19310825,1913592,2353033,Fc1ccc(-c2nc(C3CCNCC3)sc2-c2ccnc(Nc3ccccn3)n2)cc1,permeability,3.3,10'-5 cm/s,Permeability of compound by PAMPA
19310826,1913592,2353024,Fc1ccc(-c2nc(C3CCNCC3)sc2-c2ccnc(Nc3cnccn3)n2)cc1,permeability,1.6,10'-5 cm/s,Permeability of compound by PAMPA
19310827,1913592,2417069,Fc1ccc(-c2nc(C3CCNCC3)sc2-c2ccnc(Nc3cccnn3)n2)cc1,permeability,1.9,10'-5 cm/s,Permeability of compound by PAMPA
19310828,1913592,2442496,Fc1ccc(-c2nc(C3CCNCC3)sc2-c2ccnc(Nc3ccncn3)n2)cc1,permeability,1.8,10'-5 cm/s,Permeability of compound by PAMPA
19310829,1913592,2345013,Cc1nccc(Nc2nccc(-c3sc(C4CCNCC4)nc3-c3ccc(F)cc3)n2)n1,permeability,1.8,10'-5 cm/s,Permeability of compound by PAMPA
19310830,1913592,2384722,CCOc1nccc(Nc2nccc(-c3sc(C4CCNCC4)nc3-c3ccc(F)cc3)n2)n1,permeability,1.7,10'-5 cm/s,Permeability of compound by PAMPA
19310831,1913592,2461848,Cc1cc(Nc2nccc(-c3sc(C4CCNCC4)nc3-c3ccc(F)cc3)n2)ccn1,permeability,2.1,10'-5 cm/s,Permeability of compound by PAMPA
19310832,1913592,2380618,Cc1cc(Nc2nccc(-c3sc(C4CCNCC4)nc3-c3ccc(F)cc3)n2)cc(C)n1,permeability,1.9,10'-5 cm/s,Permeability of compound by PAMPA
19310833,1913592,2396885,Oc1cc(Nc2nccc(-c3sc(C4CCNCC4)nc3-c3ccc(F)cc3)n2)ccn1,permeability,0.2,10'-5 cm/s,Permeability of compound by PAMPA
19310834,1913592,2390854,COc1cc(Nc2nccc(-c3sc(C4CCNCC4)nc3-c3ccc(F)cc3)n2)cc(C)n1,permeability,1.9,10'-5 cm/s,Permeability of compound by PAMPA
19310835,1913592,2455910,Cc1nc(Nc2nccc(-c3sc(C4CCNCC4)nc3-c3ccc(F)cc3)n2)ccc1F,permeability,3,10'-5 cm/s,Permeability of compound by PAMPA
19310839,1913592,2457349,Fc1ccc(-c2nc(C3CCNCC3)sc2-c2ccnc(NCc3ccncc3)n2)cc1,permeability,1.6,10'-5 cm/s,Permeability of compound by PAMPA
19310840,1913592,2343774,OC(CNc1nccc(-c2sc(C3CCNCC3)nc2-c2ccc(F)cc2)n1)c1ccncc1,permeability,0.1,10'-5 cm/s,Permeability of compound by PAMPA
19310841,1913592,2388126,Fc1ccc(-c2nc(C3CCNCC3)oc2-c2ccnc(Nc3ccncn3)n2)cc1,permeability,1.9,10'-5 cm/s,Permeability of compound by PAMPA
19310842,1913592,2456872,Nc1nccc(-c2sc(C3CCNCC3)nc2-c2ccc(F)cc2)n1,permeability,1.3,10'-5 cm/s,Permeability of compound by PAMPA
19310843,1913592,2404818,OCCNc1nccc(-c2sc(C3CCNCC3)nc2-c2ccc(F)cc2)n1,permeability,0.1,10'-5 cm/s,Permeability of compound by PAMPA
19310844,1913592,2361847,COCCNc1nccc(-c2sc(C3CCNCC3)nc2-c2ccc(F)cc2)n1,permeability,3,10'-5 cm/s,Permeability of compound by PAMPA
19310845,1913592,2435524,Fc1ccc(-c2nc(C3CCNCC3)sc2-c2ccnc(NCC3CCCO3)n2)cc1,permeability,3.2,10'-5 cm/s,Permeability of compound by PAMPA
19310846,1913592,2346784,CN(C)CCNc1nccc(-c2sc(C3CCNCC3)nc2-c2ccc(F)cc2)n1,permeability,0.24,10'-5 cm/s,Permeability of compound by PAMPA
19310847,1913592,2348215,CN(C)C(CNc1nccc(-c2sc(C3CCNCC3)nc2-c2ccc(F)cc2)n1)C1CC1,permeability,0.34,10'-5 cm/s,Permeability of compound by PAMPA
19310848,1913592,2355552,Fc1ccc(-c2nc(C3CCNCC3)sc2-c2ccnc(NCCN3CCCC3)n2)cc1,permeability,0.1,10'-5 cm/s,Permeability of compound by PAMPA
19310849,1913592,2401338,CN1CCN(CCNc2nccc(-c3sc(C4CCNCC4)nc3-c3ccc(F)cc3)n2)CC1,permeability,0.1,10'-5 cm/s,Permeability of compound by PAMPA
19310850,1913592,2443183,Fc1ccc(-c2nc(C3CCNCC3)sc2-c2ccnc(NCCN3CCOCC3)n2)cc1,permeability,1.7,10'-5 cm/s,Permeability of compound by PAMPA
19310851,1913592,2368859,Fc1ccc(-c2nc(C3CCNCC3)sc2-c2ccnc(NCCN3CCSCC3)n2)cc1,permeability,3.1,10'-5 cm/s,Permeability of compound by PAMPA
19310852,1913592,2422962,O[C@H]1CC[C@H](Nc2nccc(-c3sc(C4CCNCC4)nc3-c3ccc(F)cc3)n2)CC1,permeability,0.55,10'-5 cm/s,Permeability of compound by PAMPA
19310853,1913592,2372859,CN1CCC(Nc2nccc(-c3sc(C4CCNCC4)nc3-c3ccc(F)cc3)n2)C1,permeability,0.17,10'-5 cm/s,Permeability of compound by PAMPA
19310854,1913592,2378868,Fc1ccc(-c2nc(C3CCNCC3)sc2-c2ccnc(N3CCCC3)n2)cc1,permeability,4.6,10'-5 cm/s,Permeability of compound by PAMPA
19310855,1913592,2406551,OC1CCN(c2nccc(-c3sc(C4CCNCC4)nc3-c3ccc(F)cc3)n2)C1,permeability,0.65,10'-5 cm/s,Permeability of compound by PAMPA
19310856,1913592,2344359,Fc1ccc(-c2nc(C3CCNCC3)sc2-c2ccnc(N3CCC(N4CCC4)CC3)n2)cc1,permeability,0.72,10'-5 cm/s,Permeability of compound by PAMPA
19310857,1913592,2421464,Fc1ccc(-c2nc(C3CCNCC3)sc2-c2ccnc(N3CCC(N4CCOCC4)CC3)n2)cc1,permeability,2.7,10'-5 cm/s,Permeability of compound by PAMPA
19310858,1913592,2351878,Fc1ccc(-c2nc(C3CCNCC3)sc2-c2ccnc(N3CCC(CN4CCOCC4)CC3)n2)cc1,permeability,3.8,10'-5 cm/s,Permeability of compound by PAMPA
19310859,1913592,2368052,c1cc(Nc2nccc(-c3sc(C4CCNCC4)nc3C3CC3)n2)ncn1,permeability,1.8,10'-5 cm/s,Permeability of compound by PAMPA
19310860,1913592,2361003,Cc1cc(Nc2nccc(-c3sc(C4CCNCC4)nc3C3CC3)n2)ccn1,permeability,1.8,10'-5 cm/s,Permeability of compound by PAMPA
19310861,1913592,2436731,Cc1cc(Nc2nccc(-c3sc(C4CCNCC4)nc3CN3CCCCC3)n2)ccn1,permeability,0.1,10'-5 cm/s,Permeability of compound by PAMPA
19364389,1920646,2341496,Cc1ccc(S(=O)(=O)Cc2nc(-c3ccc(C(=O)NCc4cccnc4)cc3)oc2C)cc1,Peff,617.4,10'-6 cm/s,Permeability of compound at pH 7.4 by PAMPA
19364390,1920646,2349667,O=C(Cc1ccccc1)Nc1ccc(-c2nc3cc(NC(=O)Cc4ccccc4)ccc3[nH]2)cc1,Peff,204.1,10'-6 cm/s,Permeability of compound at pH 7.4 by PAMPA
19364391,1920646,2355285,CC(C)C(=O)Nc1ccc2oc(-c3ccc(C(C)(C)C)cc3)nc2c1,Peff,1916.4,10'-6 cm/s,Permeability of compound at pH 7.4 by PAMPA
19364392,1920646,1219,COc1ccc(CCN(C)CCCC(C#N)(c2ccc(OC)c(OC)c2)C(C)C)cc1OC,Peff,2267,10'-6 cm/s,Permeability of compound at pH 7.4 by PAMPA
19364393,1920646,406787,CCCSc1ccc2[nH]c(NC(=O)OC)nc2c1,Peff,283.6,10'-6 cm/s,Permeability of compound at pH 7.4 by PAMPA
19364394,1920646,15086,NC(=O)N1c2ccccc2C=Cc2ccccc21,Peff,266.3,10'-6 cm/s,Permeability of compound at pH 7.4 by PAMPA
19364395,1920646,10685,CN/C(=C\[N+](=O)[O-])NCCSCc1ccc(CN(C)C)o1,Peff,0,10'-6 cm/s,Permeability of compound at pH 7.4 by PAMPA
19364491,1920683,2446522,CCOS(=O)(=O)/C=C/c1ccc(O[C@@H]2CN(C(=O)C(=O)Nc3ccc(Oc4ccc(CC)cc4)cc3)C[C@@H]2Oc2ccc(CCS(=O)(=O)OCC)cc2)cc1,Papp,1.77,10'-6 cm/s,Apparent permeability of compound at 10 uM at pH 7.4 after 12 hrs by PAMPA
19364495,1920683,2374791,CCOS(=O)(=O)/C=C/c1ccc(O[C@@H]2CN(C(=O)C(=O)Nc3ccc(Oc4ccc(CC)cc4)cc3)C[C@H]2Oc2ccc(CCS(=O)(=O)OCC)cc2)cc1,Papp,1.62,10'-6 cm/s,Apparent permeability of compound at 10 uM at pH 7.4 after 12 hrs by PAMPA
19364503,1920683,2352398,CCOS(=O)(=O)/C=C/c1ccc(O[C@@H]2CN(C(=O)C(=O)Nc3ccccc3)C[C@@H]2Oc2ccc(CCS(=O)(=O)OCC)cc2)cc1,Papp,1.09,10'-6 cm/s,Apparent permeability of compound at 10 uM at pH 7.4 after 12 hrs by PAMPA
19364507,1920683,2408057,CCOS(=O)(=O)/C=C/c1ccc(O[C@@H]2CN(C(=O)C(=O)Nc3ccccc3)C[C@H]2Oc2ccc(/C=C/S(=O)(=O)OCC)cc2)cc1,Papp,1.27,10'-6 cm/s,Apparent permeability of compound at 10 uM at pH 7.4 after 12 hrs by PAMPA
19364524,1920683,2398437,CCOS(=O)(=O)/C=C/c1ccc(O[C@@H]2CN(C(=O)C(=O)Nc3ccc(Oc4ccc(-c5ccccc5)cc4)cc3)C[C@H]2Oc2ccc(CCS(=O)(=O)OCC)cc2)cc1,Papp,1.68,10'-6 cm/s,Apparent permeability of compound at 10 uM at pH 7.4 after 12 hrs by PAMPA
19364536,1920683,2373095,CCOS(=O)(=O)/C=C/c1ccc(O[C@@H]2CN(C(=O)C(=O)Nc3ccc(Oc4ccc(-c5ccccc5)cc4)cc3)C[C@@H]2Oc2ccc(CCS(=O)(=O)OCC)cc2)cc1,Papp,1.48,10'-6 cm/s,Apparent permeability of compound at 10 uM at pH 7.4 after 12 hrs by PAMPA
19364549,1920683,2354423,CCCCCCCCCCc1ccc(NC(=O)C(=O)N2C[C@@H](Oc3ccc(/C=C/S(=O)(=O)OCC)cc3)[C@H](Oc3ccc(CCS(=O)(=O)OCC)cc3)C2)cc1,Papp,1.93,10'-6 cm/s,Apparent permeability of compound at 10 uM at pH 7.4 after 12 hrs by PAMPA
19364553,1920683,2352873,CCCCCCCCCCc1ccc(NC(=O)C(=O)N2C[C@H](Oc3ccc(CCS(=O)(=O)OCC)cc3)[C@H](Oc3ccc(/C=C/S(=O)(=O)OCC)cc3)C2)cc1,Papp,1.82,10'-6 cm/s,Apparent permeability of compound at 10 uM at pH 7.4 after 12 hrs by PAMPA
19364557,1920683,2380993,CCCCCCCCCCCCc1ccc(NC(=O)C(=O)N2C[C@@H](Oc3ccc(/C=C/S(=O)(=O)OCC)cc3)[C@H](Oc3ccc(CCS(=O)(=O)OCC)cc3)C2)cc1,Papp,1.74,10'-6 cm/s,Apparent permeability of compound at 10 uM at pH 7.4 after 12 hrs by PAMPA
19364573,1920683,2426683,CCCCCCCCCCCCc1ccc(NC(=O)C(=O)N2C[C@H](Oc3ccc(CCS(=O)(=O)OCC)cc3)[C@H](Oc3ccc(/C=C/S(=O)(=O)OCC)cc3)C2)cc1,Papp,2.26,10'-6 cm/s,Apparent permeability of compound at 10 uM at pH 7.4 after 12 hrs by PAMPA
19364583,1920683,2407472,CCOS(=O)(=O)/C=C/c1ccc(O[C@@H]2CNC[C@H]2Oc2ccc(/C=C/S(=O)(=O)OCC)cc2)cc1,Papp,0.93,10'-6 cm/s,Apparent permeability of compound at 10 uM at pH 7.4 after 12 hrs by PAMPA
19364587,1920683,2425612,CCOS(=O)(=O)/C=C/c1ccc(O[C@H]2CNC[C@H]2Oc2ccc(/C=C/S(=O)(=O)OCC)cc2)cc1,Papp,0.87,10'-6 cm/s,Apparent permeability of compound at 10 uM at pH 7.4 after 12 hrs by PAMPA
19364590,1920683,1279,CC(C)NCC(O)COc1ccc(CC(N)=O)cc1,Papp,0.84,10'-6 cm/s,Apparent permeability of compound at 10 uM at pH 7.4 after 12 hrs by PAMPA
19364598,1920683,1370,CC(C)NCC(O)COc1cccc2ccccc12,Papp,8.71,10'-6 cm/s,Apparent permeability of compound at 10 uM at pH 7.4 after 12 hrs by PAMPA
19402214,1922535,1533724,CCCOC(=O)C1=C(C)CS[C@@H]2[C@H](NC(=O)COc3ccccc3)C(=O)N12,permeability,7.28,ucm/s,Permeability of compound by PAMPA
19402216,1922535,555972,CC1=C(C(=O)O)N2C(=O)[C@@H](NC(=O)[C@H](N)c3ccccc3)[C@H]2SC1,permeability,0.0001,ucm/s,Permeability of compound by PAMPA
19402218,1922535,2383850,CC1=C(c2nc(C)no2)N2C(=O)[C@@H](NC(=O)COc3ccccc3)[C@H]2SC1,permeability,13.4,ucm/s,Permeability of compound by PAMPA
19429040,1925469,33778,Ic1ccccc1CN[C@@H]1C2CCN(CC2)[C@@H]1C(c1ccccc1)c1ccccc1,Peff,10.36,ucm/s,Permeability of compound incubated for 6 hrs at pH 7.4 by PAMPA
19429041,1925469,2379501,c1ccc(CN[C@@H]2C3CCN(CC3)[C@@H]2Cc2ccccc2)cc1,Peff,19.18,ucm/s,Permeability of compound incubated for 6 hrs at pH 7.4 by PAMPA
19429043,1925469,62259,CN(C)C(=O)C(CCN1CCC(O)(c2ccc(Cl)cc2)CC1)(c1ccccc1)c1ccccc1,Peff,15.99,ucm/s,Permeability of compound incubated for 6 hrs at pH 7.4 by PAMPA
19429044,1925469,2356678,NC(=O)C(CCN1CCC(O)(c2ccc(Cl)cc2)CC1)(c1ccccc1)c1ccccc1,Peff,0.65,ucm/s,Permeability of compound incubated for 6 hrs at pH 7.4 by PAMPA
19429049,1925470,33778,Ic1ccccc1CN[C@@H]1C2CCN(CC2)[C@@H]1C(c1ccccc1)c1ccccc1,Peff,8.24,ucm/s,Permeability of compound incubated for 16 hrs at pH 7.4 by PAMPA
19429050,1925470,2379501,c1ccc(CN[C@@H]2C3CCN(CC3)[C@@H]2Cc2ccccc2)cc1,Peff,14.52,ucm/s,Permeability of compound incubated for 16 hrs at pH 7.4 by PAMPA
19429052,1925470,62259,CN(C)C(=O)C(CCN1CCC(O)(c2ccc(Cl)cc2)CC1)(c1ccccc1)c1ccccc1,Peff,12.49,ucm/s,Permeability of compound incubated for 16 hrs at pH 7.4 by PAMPA
19429053,1925470,2356678,NC(=O)C(CCN1CCC(O)(c2ccc(Cl)cc2)CC1)(c1ccccc1)c1ccccc1,Peff,1.78,ucm/s,Permeability of compound incubated for 16 hrs at pH 7.4 by PAMPA
19446347,1929485,977513,CCc1c(C(=O)NCCc2ccc(N3CCCCC3)cc2)[nH]c2ccc(Cl)cc12,Papp,1.23,ucm/s,Apparent permeability of the compound at 10 uM after 5 hrs by PAMPA
19446348,1929485,2356501,O=S(=O)(NCc1ccc(-c2ccc(F)nc2F)cc1)c1cc2cc(Cl)ccc2[nH]1,Papp,141,ucm/s,Apparent permeability of the compound at 10 uM after 5 hrs by PAMPA
19446349,1929485,2345155,O=S(=O)(NCc1ccc(-c2ccc(F)cc2F)cn1)c1cc2cc(Cl)ccc2[nH]1,Papp,53.8,ucm/s,Apparent permeability of the compound at 10 uM after 5 hrs by PAMPA
19468733,1932509,2462395,O=C(Nc1nc(-c2ccc(Cl)cc2)c(-c2ccc(Cl)cc2)s1)C1CCN(Cc2cccc(F)c2)CC1,Peff,15.9,ucm/s,Permeability of the compound at 100 ug/ml incubated for 120 mins by PAMPA
19468734,1932509,2402580,O=C(Nc1nc(-c2ccc(Cl)cc2)c(-c2ccc(Cl)cc2)s1)C1CCN(Cc2cc(F)cc(F)c2)CC1,Peff,8.8,ucm/s,Permeability of the compound at 100 ug/ml incubated for 120 mins by PAMPA
19468735,1932509,2397532,COc1ccc(-c2nc(NC(=O)C3CCN(Cc4ccccc4C(F)(F)F)CC3)sc2-c2ccc(OC)cc2)cc1,Peff,12.3,ucm/s,Permeability of the compound at 100 ug/ml incubated for 120 mins by PAMPA
19468736,1932509,2442173,COc1ccc(-c2nc(NC(=O)C3CCN(Cc4cccc(F)c4)CC3)sc2-c2ccc(OC)cc2)cc1,Peff,12.5,ucm/s,Permeability of the compound at 100 ug/ml incubated for 120 mins by PAMPA
19468737,1932509,2440587,COc1ccc(-c2nc(NC(=O)C3CCN(Cc4c(F)cccc4Cl)CC3)sc2-c2ccc(OC)cc2)cc1,Peff,8.2,ucm/s,Permeability of the compound at 100 ug/ml incubated for 120 mins by PAMPA
19468738,1932509,2431101,Cc1ccc(-c2nc(NCC3CCN(Cc4ccccc4C)CC3)sc2-c2ccc(C)cc2)cc1,Peff,10.6,ucm/s,Permeability of the compound at 100 ug/ml incubated for 120 mins by PAMPA
19468739,1932509,2402803,Cc1ccc(-c2nc(NCC3CCN(Cc4ccccc4C(F)(F)F)CC3)sc2-c2ccc(C)cc2)cc1,Peff,12.8,ucm/s,Permeability of the compound at 100 ug/ml incubated for 120 mins by PAMPA
19468740,1932509,2403237,Cc1ccc(-c2nc(NCC3CCN(Cc4cc(F)cc(F)c4)CC3)sc2-c2ccc(C)cc2)cc1,Peff,14.5,ucm/s,Permeability of the compound at 100 ug/ml incubated for 120 mins by PAMPA
19468741,1932509,2419881,Cc1ccc(-c2nc(NCC3CCN(Cc4ccc(F)cc4)CC3)sc2-c2ccc(C)cc2)cc1,Peff,10.1,ucm/s,Permeability of the compound at 100 ug/ml incubated for 120 mins by PAMPA
19468742,1932509,2400990,Cc1ccccc1CN1CCC(CNc2nc(-c3ccc(Cl)cc3)c(-c3ccc(Cl)cc3)s2)CC1,Peff,8.8,ucm/s,Permeability of the compound at 100 ug/ml incubated for 120 mins by PAMPA
19468743,1932509,2400367,Fc1cc(F)cc(CN2CCC(CNc3nc(-c4ccc(Cl)cc4)c(-c4ccc(Cl)cc4)s3)CC2)c1,Peff,12.5,ucm/s,Permeability of the compound at 100 ug/ml incubated for 120 mins by PAMPA
19468744,1932509,2425094,Fc1ccc(CN2CCC(CNc3nc(-c4ccc(Cl)cc4)c(-c4ccc(Cl)cc4)s3)CC2)c(Cl)c1,Peff,13.2,ucm/s,Permeability of the compound at 100 ug/ml incubated for 120 mins by PAMPA
19468745,1932509,2437214,COc1ccc(-c2nc(NCC3CCN(Cc4ccccc4C)CC3)sc2-c2ccc(OC)cc2)cc1,Peff,12.3,ucm/s,Permeability of the compound at 100 ug/ml incubated for 120 mins by PAMPA
19468746,1932509,2398201,COc1ccc(-c2nc(NCC3CCN(Cc4ccccc4C(F)(F)F)CC3)sc2-c2ccc(OC)cc2)cc1,Peff,8.4,ucm/s,Permeability of the compound at 100 ug/ml incubated for 120 mins by PAMPA
19468747,1932509,2430225,COc1ccc(-c2nc(NCC3CCN(Cc4c(F)cccc4Cl)CC3)sc2-c2ccc(OC)cc2)cc1,Peff,12.2,ucm/s,Permeability of the compound at 100 ug/ml incubated for 120 mins by PAMPA
19468748,1932509,2387919,Fc1ccc(CN2CCC(Nc3nc(-c4ccc(Cl)cc4)c(-c4ccc(Cl)cc4)s3)CC2)c(Cl)c1,Peff,8.4,ucm/s,Permeability of the compound at 100 ug/ml incubated for 120 mins by PAMPA
19468749,1932509,2426158,COc1ccc(-c2nc(NC3CCN(Cc4ccc(C)cc4)CC3)sc2-c2ccc(OC)cc2)cc1,Peff,9.6,ucm/s,Permeability of the compound at 100 ug/ml incubated for 120 mins by PAMPA
19468750,1932509,2433366,COc1ccc(CN2CCC(Nc3nc(-c4ccc(OC)cc4)c(-c4ccc(OC)cc4)s3)CC2)cc1,Peff,10.3,ucm/s,Permeability of the compound at 100 ug/ml incubated for 120 mins by PAMPA
19468751,1932509,2415378,COc1ccc(-c2nc(NC3CCN(Cc4ccc(C(F)(F)F)cc4)CC3)sc2-c2ccc(OC)cc2)cc1,Peff,8.6,ucm/s,Permeability of the compound at 100 ug/ml incubated for 120 mins by PAMPA
19484553,1935581,2439454,CCOCc1cn(-c2cccc(S(=O)(=O)Nc3ccccc3C(F)(F)F)c2)nn1,Papp,0.71,10'-6 cm/s,Apparent permeability of the compound by PAMPA
19484554,1935581,2442190,CCCCc1cn(-c2cccc(S(=O)(=O)Nc3ccccc3C(F)(F)F)c2)nn1,Papp,0.21,10'-6 cm/s,Apparent permeability of the compound by PAMPA
19484555,1935581,2403436,CCCCc1cn(-c2cccc(S(=O)(=O)Nc3ccccc3O)c2)nn1,Papp,0.1,10'-6 cm/s,Apparent permeability of the compound by PAMPA
19484556,1935581,2422039,O=[N+]([O-])c1cccc(S(=O)(=O)Nc2ccccc2O)c1,Papp,0.1,10'-6 cm/s,Apparent permeability of the compound by PAMPA
19484557,1935581,2402150,CCCCc1cn(-c2ccc(NC(=O)Nc3ccccc3C)cc2)nn1,Papp,2.86,10'-6 cm/s,Apparent permeability of the compound by PAMPA
19484602,1935581,2462348,CCCCc1cn(-c2cccc(S(=O)(=O)Nc3cccc4cnccc34)c2)nn1,Papp,0.68,10'-6 cm/s,Apparent permeability of the compound by PAMPA
19484603,1935581,2394307,CCOCc1cn(-c2cccc(S(=O)(=O)Nc3cccc4cnccc34)c2)nn1,Papp,0.44,10'-6 cm/s,Apparent permeability of the compound by PAMPA
20649693,1982133,2485099,Cc1c(NCc2ccccc2N2CCN(C)CC2)cnn(C)c1=O,permeability,330,nm/s,Permeability by PAMPA
20649694,1982133,2476132,CCCCc1c(NCc2ccccc2N2CCN(C)CC2)cnn(C)c1=O,permeability,250,nm/s,Permeability by PAMPA
20649695,1982133,2477856,CN1CCN(c2ccccc2CNc2cnn(C)c(=O)c2)CC1,permeability,140,nm/s,Permeability by PAMPA
20658144,1984263,2483132,COc1cc2c(cc1OC)/C(=C/CCCCCN(C)Cc1ccccc1)OC2=O,permeability,10.06,10'-6 cm/s,Permeability of the compound at 100 ug/ml measured after 18 hrs by PAMPA assay
20658145,1984263,2480417,COc1cc2c(cc1OC)/C(=C\CCCCCN(C)Cc1ccccc1)OC2=O,permeability,10.31,10'-6 cm/s,Permeability of the compound at 100 ug/ml measured after 18 hrs by PAMPA assay
20658146,1984263,2482477,COc1cc2c(cc1OC)C(CCCCCCN(C)Cc1ccccc1)OC2=O,permeability,13.58,10'-6 cm/s,Permeability of the compound at 100 ug/ml measured after 18 hrs by PAMPA assay
20660128,1984718,2484683,COc1c2c(cc3c1OCO3)[C@]13C=C[C@H](OC)C[C@@H]1[N@](C2)C[C@H]3OC(=O)c1cccc2ccccc12,Peff,9,10'-6 cm/s,Effective permeability of the compound at pH 7.4 at 100 uM measured after 3 to 6 hrs by PAMPA assay
20660132,1984718,2471025,COc1c2c(cc3c1OCO3)[C@]13C=C[C@H](OC)C[C@@H]1[N@](C2)C[C@H]3OC(=O)c1ccccc1[N+](=O)[O-],Peff,12,10'-6 cm/s,Effective permeability of the compound at pH 7.4 at 100 uM measured after 3 to 6 hrs by PAMPA assay
20660135,1984718,2480961,COc1ccccc1C(=O)O[C@@H]1C[N@@]2Cc3c(cc4c(c3OC)OCO4)[C@@]13C=C[C@H](OC)C[C@H]23,Peff,12,10'-6 cm/s,Effective permeability of the compound at pH 7.4 at 100 uM measured after 3 to 6 hrs by PAMPA assay
20660137,1984718,2476726,COc1c2c(cc3c1OCO3)[C@]13C=C[C@H](OC)C[C@@H]1[N@](C2)C[C@H]3OC(=O)c1cccc(C)c1,Peff,8,10'-6 cm/s,Effective permeability of the compound at pH 7.4 at 100 uM measured after 3 to 6 hrs by PAMPA assay
20660138,1984718,2477503,COc1c2c(cc3c1OCO3)[C@]13C=C[C@H](OC)C[C@@H]1[N@](C2)C[C@H]3OC(=O)c1ccccc1C,Peff,19,10'-6 cm/s,Effective permeability of the compound at pH 7.4 at 100 uM measured after 3 to 6 hrs by PAMPA assay
20660139,1984718,2469903,COc1c2c(cc3c1OCO3)[C@]13C=C[C@H](OC)C[C@@H]1[N@](C2)C[C@H]3OC(=O)c1ccccc1,Peff,12,10'-6 cm/s,Effective permeability of the compound at pH 7.4 at 100 uM measured after 3 to 6 hrs by PAMPA assay
20662203,1985146,2484105,CC1CCCCC1NC(=O)NCCSc1nnc(C2CC2)n1-c1ccccc1,Peff,96.3,nm/s,Effective permeability by PAMPA method
20662204,1985146,2476018,CC1CCCCC1NC(=O)NCCCc1nnc(C2CC2)n1-c1ccccc1,Peff,21.7,nm/s,Effective permeability by PAMPA method
20662205,1985146,2482268,CC1CCCCC1NC(=O)NCCOc1nnc(C2CC2)n1-c1ccccc1,Peff,43.2,nm/s,Effective permeability by PAMPA method
20662206,1985146,2476521,CC1CCCCC1NC(=O)NCCCc1nnc(C2CC2)n1-c1ccc(F)cc1,Peff,36.6,nm/s,Effective permeability by PAMPA method
20662207,1985146,2479804,O=C(NCCCc1nnc(C2CC2)n1-c1ccc(F)cc1)NC1CCC(F)CC1,Peff,1.4,nm/s,Effective permeability by PAMPA method
20662208,1985146,2469482,O=C(NCCCc1nnc(C2CC2)n1-c1ccccc1)NC1CCOCC1,Peff,1,nm/s,Effective permeability by PAMPA method
20662209,1985146,2470111,CC1CCCCC1NC(=O)NCCCc1nnc(-c2ccccc2)n1C,Peff,10.4,nm/s,Effective permeability by PAMPA method
20662210,1985146,2470852,CC1CCCCC1NC(=O)NCCc1nnc(-c2ccccc2)n1C,Peff,10.3,nm/s,Effective permeability by PAMPA method
20662211,1985146,2478458,CCn1c(CCCNC(=O)NC2CCOCC2)nnc1C1CC1,Peff,0.03,nm/s,Effective permeability by PAMPA method
20662212,1985146,2472772,CC1CCCCC1NC(=O)NCCCCc1ccccc1,Peff,160,nm/s,Effective permeability by PAMPA method
20662213,1985146,2474245,CC1CC(O)CCC1NC(=O)NCCCCc1ccccc1,Peff,15.7,nm/s,Effective permeability by PAMPA method
20662214,1985146,2477996,O=C(NCCCCc1ccccc1)NC1CCC(O)CC1,Peff,7.96,nm/s,Effective permeability by PAMPA method
20662215,1985146,2471346,O=C(CCCCCc1ccccc1)NC1CCC(O)CC1,Peff,26.28,nm/s,Effective permeability by PAMPA method
20662216,1985146,2477192,O=C(CCCCCc1ccccc1)NC1CCOCC1,Peff,240.14,nm/s,Effective permeability by PAMPA method
20662217,1985146,2482938,NC1CCC(NC(=O)CCCCCc2ccccc2)CC1,Peff,9.64,nm/s,Effective permeability by PAMPA method
20662218,1985146,2472644,O=C(NCCCCc1ccccc1)NC1CCNCC1,Peff,7.1,nm/s,Effective permeability by PAMPA method
20662219,1985146,2485260,CC1CCC(NC(=O)CCCCCc2ccccc2)CC1,Peff,86.7,nm/s,Effective permeability by PAMPA method
20662220,1985146,2484955,O=C(CCCCCc1ccccc1)NC1CCC(F)(F)CC1,Peff,214.6,nm/s,Effective permeability by PAMPA method
20662221,1985146,2473507,O=C(CCCCCc1ccccn1)NC1CCC(O)CC1,Peff,0.441,nm/s,Effective permeability by PAMPA method
20662222,1985146,2482508,O=C(CCCCCc1cccnc1)NC1CCC(O)CC1,Peff,0.523,nm/s,Effective permeability by PAMPA method
20662223,1985146,2471899,O=C(CCCCCc1ccncc1)NC1CCC(O)CC1,Peff,0.744,nm/s,Effective permeability by PAMPA method
20662224,1985146,2469394,O=C(CCCCCc1ccncn1)NC1CCC(O)CC1,Peff,0.053,nm/s,Effective permeability by PAMPA method
20662225,1985146,2483079,O=C(CCCCCc1ccccc1)N[C@H]1CC[C@@H](O)CC1,Peff,42.6,nm/s,Effective permeability by PAMPA method
20662226,1985146,2484688,O=C(CCCCCc1ccccc1)N[C@H]1CC[C@H](O)CC1,Peff,22.9,nm/s,Effective permeability by PAMPA method
20662227,1985146,2475368,O=C(CCCCOc1ccccc1)N[C@H]1CC[C@H](O)CC1,Peff,3.66,nm/s,Effective permeability by PAMPA method
20662228,1985146,2485061,O=C(CCCOCc1ccccc1)N[C@H]1CC[C@H](O)CC1,Peff,1.176,nm/s,Effective permeability by PAMPA method
20662229,1985146,2482351,O=C(CCOCCc1ccccc1)N[C@H]1CC[C@H](O)CC1,Peff,2.228,nm/s,Effective permeability by PAMPA method
20662230,1985146,2476125,O=C(COCCCc1ccccc1)N[C@H]1CC[C@H](O)CC1,Peff,23.8,nm/s,Effective permeability by PAMPA method
20662231,1985146,2485440,O=C(N[C@H]1CC[C@H](O)CC1)OCCCCc1ccccc1,Peff,210.15,nm/s,Effective permeability by PAMPA method
20663109,1985345,2479446,CCS(=O)(=O)N1CCC(c2cncc(N3C(=O)c4ccc(Cl)cc4C3(C)C)c2)CC1,permeability,4.01,10'-6 cm/s,Permeability of the compound measured at 18 hrs by PAMPA
20663110,1985345,2472075,CC1(C)c2cc(Cl)ccc2C(=O)N1c1cncc(N2CCN(S(C)(=O)=O)CC2)c1,permeability,6.03,10'-6 cm/s,Permeability of the compound measured at 18 hrs by PAMPA
20663111,1985345,2484094,CCS(=O)(=O)N1CC(Oc2cncc(N3C(=O)c4ccc(Cl)cc4C3(C)C)c2)C1,permeability,4.17,10'-6 cm/s,Permeability of the compound measured at 18 hrs by PAMPA
20663112,1985345,2469505,CC1(C)c2cc(Cl)ccc2C(=O)N1c1cncc(OC2CN(C(=O)c3ncccc3Cl)C2)c1,permeability,3.32,10'-6 cm/s,Permeability of the compound measured at 18 hrs by PAMPA
20663113,1985345,2478689,Cc1ccncc1C(=O)N1CC(Oc2cncc(N3C(=O)c4ccc(Cl)cc4C3(C)C)c2)C1,permeability,5.4,10'-6 cm/s,Permeability of the compound measured at 18 hrs by PAMPA
20663114,1985345,2471570,Cn1cc(C(=O)N2CC(Oc3cncc(N4C(=O)c5ccc(Cl)cc5C4(C)C)c3)C2)cn1,permeability,3.45,10'-6 cm/s,Permeability of the compound measured at 18 hrs by PAMPA
20663115,1985345,2477910,Cn1cc(C(=O)N2CC3(C2)CN(c2cncc(N4C(=O)c5ccc(Cl)cc5C4(C)C)c2)C3)cn1,permeability,3.63,10'-6 cm/s,Permeability of the compound measured at 18 hrs by PAMPA
20663157,1985345,2479328,CCC(=O)N[C@@H]1CCCc2c1cncc2N1Cc2cc(Cl)ccc2C1=O,permeability,3.63,10'-6 cm/s,Permeability of the compound measured at 18 hrs by PAMPA
20665229,1985847,2470076,Cn1cc(-c2ccc3c(C(=O)[C@H](NCCc4ccc(C#N)cc4)c4ccccc4)c[nH]c3c2)cn1,permeability,0.066,nm/s,Permeability of compound at 10 uM incubated for 4 hrs by LC-MS/MS based PAMPA method
20665230,1985847,2472676,Cn1cc(-c2ccc(NC(=O)[C@H](NCCc3ccc(C#N)cc3)c3ccccc3)nc2)cn1,permeability,13.8,nm/s,Permeability of compound at 10 uM incubated for 4 hrs by LC-MS/MS based PAMPA method
20665231,1985847,2477905,C[C@H](CN[C@@H](C(=O)Nc1ccc(-c2cnn(C)c2)cn1)c1ccccc1)c1ccc(C#N)cc1,permeability,11.9,nm/s,Permeability of compound at 10 uM incubated for 4 hrs by LC-MS/MS based PAMPA method
20675121,1988058,2486206,CCCCCC(=O)N[C@H](C(=O)NCc1ccc(NC(=N)N)cc1)c1ccc(OCc2ccccc2)cc1.O=C(O)C(F)(F)F,permeability,1.6,10'-6 cm/s,Permeability of the compound at 200 uM measured after 5 hrs at pH 7.4 by PAMPA
20675122,1988058,2469084,CCCCCCC(=O)N[C@H](C(=O)NCc1ccc(NC(=N)N)cc1)c1ccc(OCc2ccccc2)cc1.O=C(O)C(F)(F)F,permeability,0.4,10'-6 cm/s,Permeability of the compound at 200 uM measured after 5 hrs at pH 7.4 by PAMPA
20675123,1988058,2477934,CCCCCCCC(=O)N[C@H](C(=O)NCc1ccc(NC(=N)N)cc1)c1ccc(OCc2ccccc2)cc1.O=C(O)C(F)(F)F,permeability,0.3,10'-6 cm/s,Permeability of the compound at 200 uM measured after 5 hrs at pH 7.4 by PAMPA
20675124,1988058,2482604,N=C(N)Nc1ccc(CNC(=O)[C@@H](NC(=O)c2ccc(OC3CCCCC3)cc2)c2ccc(OCc3ccccc3)cc2)cc1.O=C(O)C(F)(F)F,permeability,0.3,10'-6 cm/s,Permeability of the compound at 200 uM measured after 5 hrs at pH 7.4 by PAMPA
20675125,1988058,2470891,N=C(N)Nc1ccc(CNC(=O)[C@@H](NC(=O)c2ccc(Oc3ccccc3)cc2)c2ccc(OCc3ccccc3)cc2)cc1.O=C(O)C(F)(F)F,permeability,0.3,10'-6 cm/s,Permeability of the compound at 200 uM measured after 5 hrs at pH 7.4 by PAMPA
20675126,1988058,2479772,N=C(N)Nc1ccc(CNC(=O)[C@@H](NC(=O)c2cccc(Oc3ccccc3)c2)c2ccc(OCc3ccccc3)cc2)cc1.O=C(O)C(F)(F)F,permeability,0.2,10'-6 cm/s,Permeability of the compound at 200 uM measured after 5 hrs at pH 7.4 by PAMPA
20675127,1988058,16485,Cn1c(=O)c2c(ncn2C)n(C)c1=O,permeability,7.7,10'-6 cm/s,Permeability of the compound at 200 uM measured after 5 hrs at pH 7.4 by PAMPA
20675128,1988058,15086,NC(=O)N1c2ccccc2C=Cc2ccccc21,permeability,8.1,10'-6 cm/s,Permeability of the compound at 200 uM measured after 5 hrs at pH 7.4 by PAMPA
20675129,1988058,921,O=C1NC(=O)C(c2ccccc2)(c2ccccc2)N1,permeability,6,10'-6 cm/s,Permeability of the compound at 200 uM measured after 5 hrs at pH 7.4 by PAMPA
20679284,1988850,2482161,CC1(C)C(=O)N(c2ccc(C#N)c(C(F)(F)F)c2)C(=S)N1c1ccc(OCCOCCOCCOCCOc2cccc3c2C(=O)N(C2CCC(=O)NC2=O)C3=O)cc1,Papp,1,10'-6 cm/s,Apparent permeability in pH 7.4 ammonium acetate buffer incubated for 5 hrs by PAMPA
20679285,1988850,2484178,CC1(C)C(=O)N(c2ccc(C#N)c(C(F)(F)F)c2)C(=S)N1c1ccc(OCCOCCOCCOCCOC23CC4CC(CC(C4)C2)C3)cc1,Papp,1,10'-6 cm/s,Apparent permeability in pH 7.4 ammonium acetate buffer incubated for 5 hrs by PAMPA
20679286,1988850,2474478,Cc1ncsc1-c1ccc(CNC(=O)[C@@H]2C[C@@H](O)CN2C(=O)[C@@H](NC(=O)CCOCCOCCOCCOc2ccc(N3C(=S)N(c4ccc(C#N)c(C(F)(F)F)c4)C(=O)C3(C)C)cc2)C(C)(C)C)cc1,Papp,1,10'-6 cm/s,Apparent permeability in pH 7.4 ammonium acetate buffer incubated for 5 hrs by PAMPA
20679287,1988850,2485063,Cc1ncsc1-c1ccc(CNC(=O)[C@@H]2C[C@@H](O)CN2C(=O)[C@@H](NC(=O)COCCCOCCCCOc2ccc(N3C(=S)N(c4ccc(C#N)c(C(F)(F)F)c4)C(=O)C3(C)C)cc2)C(C)(C)C)cc1,Papp,1,10'-6 cm/s,Apparent permeability in pH 7.4 ammonium acetate buffer incubated for 5 hrs by PAMPA
20679288,1988850,2478393,Cc1ncsc1-c1ccc(CNC(=O)[C@@H]2C[C@@H](O)CN2C(=O)[C@@H](NC(=O)COCCCOCCCCCOc2ccc(N3C(=S)N(c4ccc(C#N)c(C(F)(F)F)c4)C(=O)C3(C)C)cc2)C(C)(C)C)cc1,Papp,1,10'-6 cm/s,Apparent permeability in pH 7.4 ammonium acetate buffer incubated for 5 hrs by PAMPA
20679289,1988850,2485635,Cc1ncsc1-c1ccc(CNC(=O)[C@@H]2C[C@@H](O)CN2C(=O)[C@@H](NC(=O)COCC(F)(F)C(F)(F)C(F)(F)COCCCOc2ccc(N3C(=S)N(c4ccc(C#N)c(C(F)(F)F)c4)C(=O)C3(C)C)cc2)C(C)(C)C)cc1,Papp,1,10'-6 cm/s,Apparent permeability in pH 7.4 ammonium acetate buffer incubated for 5 hrs by PAMPA
20679290,1988850,2470606,Cc1ncsc1-c1ccc(CNC(=O)[C@@H]2C[C@@H](O)CN2C(=O)[C@@H](NC(=O)COCCCOc2ccc(-c3ccc(N4C(=S)N(c5ccc(C#N)c(C(F)(F)F)c5)C(=O)C4(C)C)cc3)cc2)C(C)(C)C)cc1,Papp,1,10'-6 cm/s,Apparent permeability in pH 7.4 ammonium acetate buffer incubated for 5 hrs by PAMPA
20679291,1988850,2476498,Cc1ncsc1-c1ccc(CNC(=O)[C@@H]2C[C@@H](O)CN2C(=O)[C@@H](NC(=O)COCC(F)(F)COc2ccc(-c3ccc(N4C(=S)N(c5ccc(C#N)c(C(F)(F)F)c5)C(=O)C4(C)C)cc3)cc2)C(C)(C)C)cc1,Papp,1,10'-6 cm/s,Apparent permeability in pH 7.4 ammonium acetate buffer incubated for 5 hrs by PAMPA
20679292,1988850,2480370,Cc1ncsc1-c1ccc(CNC(=O)[C@@H]2C[C@@H](O)CN2C(=O)[C@@H](NC(=O)COCCCOCC(F)(F)C(F)(F)COc2ccc(N3C(=S)N(c4ccc(C#N)c(C(F)(F)F)c4)C(=O)C3(C)C)cc2)C(C)(C)C)cc1,Papp,1,10'-6 cm/s,Apparent permeability in pH 7.4 ammonium acetate buffer incubated for 5 hrs by PAMPA
20679293,1988850,2481281,Cc1ncsc1-c1ccc(CNC(=O)[C@@H]2C[C@@H](O)CN2C(=O)[C@@H](NC(=O)CCOCCOCCOc2ccc(C(=O)N[C@H]3C(C)(C)[C@H](Oc4ccc(C#N)c(C(F)(F)F)c4)C3(C)C)cc2)C(C)(C)C)cc1,Papp,1,10'-6 cm/s,Apparent permeability in pH 7.4 ammonium acetate buffer incubated for 5 hrs by PAMPA
20679294,1988850,2480293,Cc1ncsc1-c1ccc(CNC(=O)[C@@H]2C[C@@H](O)CN2C(=O)[C@@H](NC(=O)COCCCCCOc2ccc(C(=O)N[C@H]3C(C)(C)[C@H](Oc4ccc(C#N)c(C(F)(F)F)c4)C3(C)C)cc2)C(C)(C)C)cc1,Papp,1,10'-6 cm/s,Apparent permeability in pH 7.4 ammonium acetate buffer incubated for 5 hrs by PAMPA
20679295,1988850,2473623,CC(O)(COc1ccc(O)cc1)C(=O)Nc1ccc(C#N)c(C(F)(F)F)c1,Papp,1.4,10'-6 cm/s,Apparent permeability in pH 7.4 ammonium acetate buffer incubated for 5 hrs by PAMPA
20679296,1988850,1438019,CN1C(=O)N(c2ccc(C#N)c(C(F)(F)F)c2)C(=O)C1(C)c1ccc(O)cc1,Papp,8.3,10'-6 cm/s,Apparent permeability in pH 7.4 ammonium acetate buffer incubated for 5 hrs by PAMPA
20679297,1988850,631100,CC1(C)C(=O)N(c2ccc(C#N)c(C(F)(F)F)c2)C(=S)N1c1ccc(O)cc1,Papp,4.6,10'-6 cm/s,Apparent permeability in pH 7.4 ammonium acetate buffer incubated for 5 hrs by PAMPA
20679298,1988850,2485181,N#Cc1ccc(N2CCC[C@@H]2C(O)CO)cc1C(F)(F)F,Papp,13.3,10'-6 cm/s,Apparent permeability in pH 7.4 ammonium acetate buffer incubated for 5 hrs by PAMPA
20679299,1988850,1518885,O=C1CCC(N2C(=O)c3cccc(O)c3C2=O)C(=O)N1,Papp,2,10'-6 cm/s,Apparent permeability in pH 7.4 ammonium acetate buffer incubated for 5 hrs by PAMPA
20679302,1988850,2477054,CC(O)(COc1ccc(OCCOCCOCCOCCOc2cccc3c2C(=O)N(C2CCC(=O)NC2=O)C3=O)cc1)C(=O)Nc1ccc(C#N)c(C(F)(F)F)c1,Papp,0.3,10'-6 cm/s,Apparent permeability in pH 7.4 ammonium acetate buffer incubated for 5 hrs by PAMPA
20679303,1988850,2470323,CC(O)(COc1ccc(OCCOCCOCCOCCOc2cccc3c2CN([C@H]2CCC(=O)NC2=O)C3=O)cc1)C(=O)Nc1ccc(C#N)c(C(F)(F)F)c1,Papp,0.4,10'-6 cm/s,Apparent permeability in pH 7.4 ammonium acetate buffer incubated for 5 hrs by PAMPA
20679305,1988850,2486106,CN1C(=O)N(c2ccc(C#N)c(C(F)(F)F)c2)C(=O)C1(C)c1ccc(OCCOCCOCCOCCOc2cccc3c2CN([C@H]2CCC(=O)NC2=O)C3=O)cc1,Papp,0.3,10'-6 cm/s,Apparent permeability in pH 7.4 ammonium acetate buffer incubated for 5 hrs by PAMPA
20679309,1988850,2484413,N#Cc1ccc(N2CCC[C@@H]2C(O)COCCOCCOCCOCCOC23CC4CC(CC(C4)C2)C3)cc1C(F)(F)F,Papp,2.3,10'-6 cm/s,Apparent permeability in pH 7.4 ammonium acetate buffer incubated for 5 hrs by PAMPA
20684802,1990089,2469235,Cn1nccc1[C@H]1CCC[C@@H]1Oc1cc(F)c(S(=O)(=O)Nc2ncns2)cc1F,Papp,0.3,10'-6 cm/s,Apparent permeability of the compound at 5 uM measured after 4 hrs at pH 7.4 by PAMPA
20684803,1990089,2479122,Cn1nccc1[C@H]1CCCC[C@@H]1Oc1cc(F)c(S(=O)(=O)Nc2ncns2)cc1F,Papp,0.3,10'-6 cm/s,Apparent permeability of the compound at 5 uM measured after 4 hrs at pH 7.4 by PAMPA
20684804,1990089,2477789,Cc1nsc(NS(=O)(=O)c2cc(F)c(O[C@H]3CCC[C@@H]3c3ccnn3C)cc2F)n1,Papp,12.6,10'-6 cm/s,Apparent permeability of the compound at 5 uM measured after 4 hrs at pH 7.4 by PAMPA
20684805,1990089,2470133,Cn1nccc1[C@H]1CCC[C@@H]1Oc1cc(F)c(S(=O)(=O)Nc2nccs2)cc1F,Papp,50,10'-6 cm/s,Apparent permeability of the compound at 5 uM measured after 4 hrs at pH 7.4 by PAMPA
20684806,1990089,2471589,Cn1nccc1[C@H]1CCCC[C@@H]1Oc1cc(F)c(S(=O)(=O)Nc2cscn2)cc1F,Papp,50,10'-6 cm/s,Apparent permeability of the compound at 5 uM measured after 4 hrs at pH 7.4 by PAMPA
20684807,1990089,2479277,Cn1nccc1[C@H]1CCC[C@@H]1Oc1cc(F)c(S(=O)(=O)Nc2ccncn2)cc1F,Papp,7.1,10'-6 cm/s,Apparent permeability of the compound at 5 uM measured after 4 hrs at pH 7.4 by PAMPA
20684808,1990089,2477314,Cn1nccc1[C@H]1CCCC[C@@H]1Oc1cc(F)c(S(=O)(=O)Nc2ccncn2)cc1F,Papp,5,10'-6 cm/s,Apparent permeability of the compound at 5 uM measured after 4 hrs at pH 7.4 by PAMPA
20684810,1990089,2485322,Cn1nccc1[C@H]1CCC[C@@H]1Oc1ccc(S(=O)(=O)Nc2ccncn2)c(F)c1F,Papp,5.4,10'-6 cm/s,Apparent permeability of the compound at 5 uM measured after 4 hrs at pH 7.4 by PAMPA
20684811,1990089,2482339,Cn1nccc1[C@H]1CCC[C@@H]1Oc1cc(F)c(S(=O)(=O)Nc2ccncn2)c(F)c1,Papp,2.2,10'-6 cm/s,Apparent permeability of the compound at 5 uM measured after 4 hrs at pH 7.4 by PAMPA
20684812,1990089,2484948,Cn1nccc1[C@H]1CCCC[C@@H]1Oc1cc(F)c(S(=O)(=O)Nc2ccncn2)c(F)c1,Papp,2.2,10'-6 cm/s,Apparent permeability of the compound at 5 uM measured after 4 hrs at pH 7.4 by PAMPA
20684813,1990089,2479491,Cn1nccc1[C@H]1CCCCC[C@@H]1Oc1cc(F)c(S(=O)(=O)Nc2ccncn2)c(F)c1,Papp,6.7,10'-6 cm/s,Apparent permeability of the compound at 5 uM measured after 4 hrs at pH 7.4 by PAMPA
20684814,1990089,2474467,Cn1nccc1[C@H]1CCC[C@@H]1Oc1cc(F)c(S(=O)(=O)Nc2ccncn2)cc1Cl,Papp,14.3,10'-6 cm/s,Apparent permeability of the compound at 5 uM measured after 4 hrs at pH 7.4 by PAMPA
20684815,1990089,2470126,Cn1nccc1[C@H]1CCCC[C@@H]1Oc1cc(F)c(S(=O)(=O)Nc2ccncn2)cc1Cl,Papp,6.3,10'-6 cm/s,Apparent permeability of the compound at 5 uM measured after 4 hrs at pH 7.4 by PAMPA
20684816,1990089,2470126,Cn1nccc1[C@H]1CCCC[C@@H]1Oc1cc(F)c(S(=O)(=O)Nc2ccncn2)cc1Cl,Papp,5.2,10'-6 cm/s,Apparent permeability of the compound at 5 uM measured after 4 hrs at pH 7.4 by PAMPA
20684817,1990089,2474046,Cc1cc(S(=O)(=O)Nc2ccncn2)c(F)cc1O[C@H]1CCC[C@@H]1c1ccnn1C,Papp,10.3,10'-6 cm/s,Apparent permeability of the compound at 5 uM measured after 4 hrs at pH 7.4 by PAMPA
20684818,1990089,2476545,Cc1cc(S(=O)(=O)Nc2ccncn2)c(F)cc1O[C@H]1CCCC[C@@H]1c1ccnn1C,Papp,6.7,10'-6 cm/s,Apparent permeability of the compound at 5 uM measured after 4 hrs at pH 7.4 by PAMPA
20692961,1992246,2474000,CNC(=O)c1ccc(=O)n(Cc2cc(Br)ccc2F)c1,permeability,260,nm/s,Artificial membrane permeability by PAMPA method
20692962,1992246,2476436,CNC(=O)c1ccc(=O)n(Cc2ccccc2)c1,permeability,58,nm/s,Artificial membrane permeability by PAMPA method
20692963,1992246,2469913,CNC(=O)c1cccn(Cc2ccccc2)c1=O,permeability,595,nm/s,Artificial membrane permeability by PAMPA method
20692964,1992246,2476493,CCNC(=O)c1cccn(Cc2ccccc2)c1=O,permeability,790,nm/s,Artificial membrane permeability by PAMPA method
20692965,1992246,2471833,CNC(=O)c1cc(C(N)=O)cn(Cc2ccccc2)c1=O,permeability,110,nm/s,Artificial membrane permeability by PAMPA method
20692966,1992246,2480234,CNC(=O)c1cc(C(=O)NC)c(=O)n(Cc2ccccc2)c1,permeability,130,nm/s,Artificial membrane permeability by PAMPA method
20692967,1992246,2469835,CCNC(=O)c1cc(C(=O)NC)c(=O)n(Cc2ccccc2)c1,permeability,245,nm/s,Artificial membrane permeability by PAMPA method
20692968,1992246,2482425,CNC(=O)c1cc(C(=O)NC(C)C)cn(Cc2ccccc2)c1=O,permeability,330,nm/s,Artificial membrane permeability by PAMPA method
20692969,1992246,2471693,CNC(=O)c1cc(C(=O)NC2CC2)cn(Cc2ccccc2)c1=O,permeability,200,nm/s,Artificial membrane permeability by PAMPA method
20692970,1992246,2475305,CNC(=O)c1cc(C(=O)NC2CCC2)cn(Cc2ccccc2)c1=O,permeability,427,nm/s,Artificial membrane permeability by PAMPA method
20692971,1992246,2478618,CNC(=O)c1cc(C(=O)NC2CCOCC2)cn(Cc2ccccc2)c1=O,permeability,110,nm/s,Artificial membrane permeability by PAMPA method
20692972,1992246,2480127,CNC(=O)c1cc(C(=O)NCCOC)cn(Cc2ccccc2)c1=O,permeability,110,nm/s,Artificial membrane permeability by PAMPA method
20692973,1992246,2474913,CNC(=O)c1cc(C(=O)NCCO)cn(Cc2ccccc2)c1=O,permeability,22,nm/s,Artificial membrane permeability by PAMPA method
20692974,1992246,2486388,CNC(=O)c1cc(C(=O)NCC(C)C)cn(Cc2ccccc2)c1=O,permeability,510,nm/s,Artificial membrane permeability by PAMPA method
20692975,1992246,2471476,CNC(=O)c1cc(C(=O)NCCC(C)C)cn(Cc2ccccc2)c1=O,permeability,530,nm/s,Artificial membrane permeability by PAMPA method
20692976,1992246,2479903,CNC(=O)c1cc(C(=O)NCCC2CCOCC2)cn(Cc2ccccc2)c1=O,permeability,170,nm/s,Artificial membrane permeability by PAMPA method
20692977,1992246,2470953,CNC(=O)c1cc(C(=O)NCCC2CCCNC2)cn(Cc2ccccc2)c1=O.Cl,permeability,3,nm/s,Artificial membrane permeability by PAMPA method
20692978,1992246,2483371,CNC(=O)c1cc(C(=O)NCCCC2CCCNC2)cn(Cc2ccccc2)c1=O.Cl,permeability,3,nm/s,Artificial membrane permeability by PAMPA method
20692979,1992246,2477646,CNC(=O)c1cc(C(=O)NCCCC2CNCCO2)cn(Cc2ccccc2)c1=O,permeability,15,nm/s,Artificial membrane permeability by PAMPA method
20692980,1992246,2480861,CNC(=O)c1cc(C(=O)NC2CC2)cn([C@H](C)c2ccccc2)c1=O,permeability,300,nm/s,Artificial membrane permeability by PAMPA method
20692981,1992246,2484396,CNC(=O)c1cc(C(=O)NC2CC2)c(C)n(Cc2ccccc2)c1=O,permeability,110,nm/s,Artificial membrane permeability by PAMPA method
20692982,1992246,2472232,CNC(=O)c1cc(C(=O)NC2CC2)cn(CC2CCCCC2)c1=O,permeability,190,nm/s,Artificial membrane permeability by PAMPA method
20692983,1992246,2486297,CNC(=O)c1cc(C(=O)NC2CC2)cn(CC2CCCCO2)c1=O,permeability,46,nm/s,Artificial membrane permeability by PAMPA method
20692984,1992246,2481518,CNC(=O)c1cc(C(=O)NC2CC2)cn(CC2CCCOC2)c1=O,permeability,22,nm/s,Artificial membrane permeability by PAMPA method
20692985,1992246,2481731,CNC(=O)c1cc(C(=O)NC2CC2)cn(CC2CCOCC2)c1=O,permeability,12,nm/s,Artificial membrane permeability by PAMPA method
20692986,1992246,2485584,CNC(=O)c1cc(C(=O)NC2CCC2)cn(Cc2ccccn2)c1=O,permeability,51,nm/s,Artificial membrane permeability by PAMPA method
20692987,1992246,2474616,CNC(=O)c1cc(C(=O)NC2CCC2)cn(Cc2cccnc2)c1=O,permeability,130,nm/s,Artificial membrane permeability by PAMPA method
20692988,1992246,2481772,CNC(=O)c1cc(C(=O)NC2CCC2)cn(Cc2ccncc2)c1=O,permeability,130,nm/s,Artificial membrane permeability by PAMPA method
20692989,1992246,2470176,CNC(=O)c1cc(C(=O)NC2CC2)cn(Cc2ccccc2F)c1=O,permeability,220,nm/s,Artificial membrane permeability by PAMPA method
20692990,1992246,2482657,CNC(=O)c1cc(C(=O)NC2CC2)cn(Cc2cccc(F)c2)c1=O,permeability,300,nm/s,Artificial membrane permeability by PAMPA method
20692991,1992246,2474047,CNC(=O)c1cc(C(=O)NC2CC2)cn(Cc2ccc(F)cc2)c1=O,permeability,300,nm/s,Artificial membrane permeability by PAMPA method
20692992,1992246,2471239,CNC(=O)c1cc(C(=O)NC2CC2)cn(Cc2cccc(C)c2)c1=O,permeability,440,nm/s,Artificial membrane permeability by PAMPA method
20692993,1992246,2475546,CNC(=O)c1cc(C(=O)NC2CC2)cn(Cc2ccc(C)cc2)c1=O,permeability,350,nm/s,Artificial membrane permeability by PAMPA method
20692994,1992246,2472652,CNC(=O)c1cc(C(=O)NC2CC2)cn(Cc2cccc(OC)c2)c1=O,permeability,220,nm/s,Artificial membrane permeability by PAMPA method
20692995,1992246,2477970,CNC(=O)c1cc(C(=O)NC2CC2)cn(Cc2ccc(OC)cc2)c1=O,permeability,220,nm/s,Artificial membrane permeability by PAMPA method
20692996,1992246,2474381,CNC(=O)c1cc(C(=O)NC2CC2)cn(Cc2cccc(C#N)c2)c1=O,permeability,100,nm/s,Artificial membrane permeability by PAMPA method
20692997,1992246,2477993,CNC(=O)c1cc(C(=O)NC2CC2)cn(Cc2cccc([C@@H](C)O)c2)c1=O,permeability,34,nm/s,Artificial membrane permeability by PAMPA method
20692998,1992246,2474349,CNC(=O)c1cc(C(=O)NC2CC2)cn(Cc2cccc(CCN3CCOCC3)c2)c1=O,permeability,68,nm/s,Artificial membrane permeability by PAMPA method
20692999,1992246,2471913,CNC(=O)c1cc(C(=O)NC2CCC2)cn(Cc2cccc(NC)c2)c1=O,permeability,430,nm/s,Artificial membrane permeability by PAMPA method
20693000,1992246,2471964,CNC(=O)c1cc(C(=O)NC2CC2)cn(Cc2ccc3nc[nH]c3c2)c1=O,permeability,3,nm/s,Artificial membrane permeability by PAMPA method
20693001,1992246,2474620,CNC(=O)c1cc(C(=O)NC2CC2)cn(Cc2cccc3[nH]c(C)nc23)c1=O,permeability,24,nm/s,Artificial membrane permeability by PAMPA method
20693002,1992246,2482394,CNC(=O)c1cc(C(=O)NC2CC2)cn(Cc2cccc3[nH]ncc23)c1=O,permeability,38,nm/s,Artificial membrane permeability by PAMPA method
20693003,1992246,2486439,CNC(=O)c1cc(C(=O)NC2CC2)cn(Cc2cccc3cn[nH]c23)c1=O,permeability,190,nm/s,Artificial membrane permeability by PAMPA method
20693004,1992246,2479283,CNC(=O)c1cc(C(=O)NC2CC2)cn(Cc2cccc3occc23)c1=O,permeability,410,nm/s,Artificial membrane permeability by PAMPA method
20693005,1992246,2484982,CNC(=O)c1cc(C(=O)NC2CC2)cn(Cc2cccc3[nH]ccc23)c1=O,permeability,178,nm/s,Artificial membrane permeability by PAMPA method
20693006,1992246,2470871,CNC(=O)c1cc(C(=O)NC2CC2)cn(Cc2cccc3cc[nH]c23)c1=O,permeability,480,nm/s,Artificial membrane permeability by PAMPA method
20693007,1992246,2479789,CNC(=O)c1cc(C(=O)NC2CC2)cn(Cc2nccc3[nH]ccc23)c1=O,permeability,7,nm/s,Artificial membrane permeability by PAMPA method
20693008,1992246,2474409,CNC(=O)c1cc(C(=O)NC2CC2)cn(Cc2cccc3c2CCN3)c1=O,permeability,140,nm/s,Artificial membrane permeability by PAMPA method
20706381,1994374,2482905,CN(Cc1cc(C(F)(F)F)cc(C(F)(F)F)c1)C(=O)c1c(OCCCC2CCN(C(=O)OC(C)(C)C)CC2)c2ccccc2n(C)c1=O,permeability,11,nm/s,Permeability of compound in buffer solution at pH 7.4 by PAMPA method
20706382,1994374,2474895,COc1cc(CN(C)C(=O)c2c(OCCCC3CCN(C(=O)OC(C)(C)C)CC3)c3ccccc3n(C)c2=O)cc(OC)c1,permeability,295,nm/s,Permeability of compound in buffer solution at pH 7.4 by PAMPA method
20706383,1994374,2476304,CCOc1cc(CN(C)C(=O)c2c(OCCCC3CCN(C(=O)OC(C)(C)C)CC3)c3ccccc3n(C)c2=O)cc(OCC)c1,permeability,275,nm/s,Permeability of compound in buffer solution at pH 7.4 by PAMPA method
20706384,1994374,2471705,COc1cc(CN(C)C(=O)c2c(OCCCC3CCN(C(=O)OC(C)(C)C)CC3)c3cnccc3n(C)c2=O)cc(OC)c1,permeability,260,nm/s,Permeability of compound in buffer solution at pH 7.4 by PAMPA method
20706385,1994374,2483091,COc1cc(CN(C)C(=O)c2c(OCCCC3CCN(C(=O)OC(C)(C)C)CC3)c3cccnc3n(C)c2=O)cc(OC)c1,permeability,241,nm/s,Permeability of compound in buffer solution at pH 7.4 by PAMPA method
20706386,1994374,2480844,COc1cc(CN(C)C(=O)c2c(OCCCC3CCN(C(=O)OC4(C)CC4)CC3)c3cccnc3n(C)c2=O)cc(OC)c1,permeability,200,nm/s,Permeability of compound in buffer solution at pH 7.4 by PAMPA method
20706387,1994374,2478439,CN(Cc1cc(C(F)(F)F)cc(C(F)(F)F)c1)C(=O)c1c(OCCCC2CCN(C(=O)OC3(C)CC3)CC2)c2cccnc2n(C)c1=O,permeability,721,nm/s,Permeability of compound in buffer solution at pH 7.4 by PAMPA method
20706388,1994374,2482158,COc1cc(CN(C)C(=O)c2c(OCCCC3CCN(C(=O)OC4(C)CC4)CC3)c3cccnc3n(C)c2=O)cc(C(F)(F)F)c1,permeability,424,nm/s,Permeability of compound in buffer solution at pH 7.4 by PAMPA method
22401656,2016238,2493866,COc1cc(C(=O)N[C@H](C)c2c(F)cccc2F)ccc1-c1cn[nH]c1,permeability,610,nm/s,Permeability of the compound at pH 7.4 by PAMPA
22401657,2016238,2164816,COc1cc(C(=O)N[C@H](CO)c2ccccc2)ccc1-c1cn[nH]c1,permeability,110,nm/s,Permeability of the compound at pH 7.4 by PAMPA
22401658,2016238,2505181,COc1cc(C(=O)N[C@@H](c2ccccc2F)C(C)(C)O)ccc1-c1cn[nH]c1,permeability,440,nm/s,Permeability of the compound at pH 7.4 by PAMPA
22401659,2016238,2251006,COc1cccc([C@@H](C)NC(=O)c2ccc(-c3cn[nH]c3)c(C)c2)c1,permeability,200,nm/s,Permeability of the compound at pH 7.4 by PAMPA
22401660,2016238,2489026,COc1cc(NC(=O)[C@H](N)CCc2ccccc2)ccc1-c1cn[nH]c1,permeability,740,nm/s,Permeability of the compound at pH 7.4 by PAMPA
22404942,2016840,2489525,O=C(c1ccc(F)c(Cl)c1)N1CCC(F)(CNCCOc2ccccc2)CC1,permeability,8.6,10^-6 cm/s,Permeability of the compound at 100 uM measured after 40 mins by PAMPA
22404943,2016840,2518576,CNc1ccccc1OCCNCC1(F)CCN(C(=O)c2ccc(F)c(Cl)c2)CC1,permeability,6.7,10^-6 cm/s,Permeability of the compound at 100 uM measured after 40 mins by PAMPA
22404944,2016840,2503570,O=C(c1ccc(F)c(Cl)c1)N1CCC(F)(CNCCOc2cccc3[nH]ccc23)CC1,permeability,4.7,10^-6 cm/s,Permeability of the compound at 100 uM measured after 40 mins by PAMPA
22404945,2016840,16485,Cn1c(=O)c2c(ncn2C)n(C)c1=O,permeability,15.1,10^-6 cm/s,Permeability of the compound at 100 uM measured after 40 mins by PAMPA
22404946,2016840,246,CCn1cc(C(=O)O)c(=O)c2cc(F)c(N3CCNCC3)cc21,permeability,0.56,10^-6 cm/s,Permeability of the compound at 100 uM measured after 40 mins by PAMPA
22407530,2017171,2491662,COc1cccc(C(C(=O)NS(=O)(=O)c2ccc(C)cc2OC)N2CCc3c2cccc3N(CC(=O)NS(=O)(=O)c2ccccc2)S(=O)(=O)c2c(C)cc(C)cc2C)c1,permeability,3.79,10^-6 cm/s,Permeability of the compound at pH 7.4 incubated for 4 hrs by PAMPA
22407531,2017171,2497958,COc1ccc(S(=O)(=O)N(CC(=O)NS(=O)(=O)c2ccccc2)c2cccc3c2CCN3C(C(=O)NS(=O)(=O)c2ccc(C)cc2OC)c2cccc(OC)c2)cc1,permeability,4.51,10^-6 cm/s,Permeability of the compound at pH 7.4 incubated for 4 hrs by PAMPA
22407532,2017171,2487651,COc1ccc(S(=O)(=O)NC(=O)CN(c2cccc3c2CCN3C(C(=O)NS(=O)(=O)c2ccc(C)cc2OC)c2cccc(OC)c2)S(=O)(=O)c2ccc(OC)cc2)cc1,permeability,5.27,10^-6 cm/s,Permeability of the compound at pH 7.4 incubated for 4 hrs by PAMPA
22407533,2017171,1735786,COc1ccc(S(=O)(=O)N(CC(=O)O)c2ccc(N(CC(=O)O)S(=O)(=O)c3ccc(OC)cc3)c3ccccc23)cc1,permeability,0.19,10^-6 cm/s,Permeability of the compound at pH 7.4 incubated for 4 hrs by PAMPA
22434950,2023570,2501741,NCCCn1c(=O)c2cc(F)ccc2n2c(=S)[nH]nc12.O=C(O)C(F)(F)F,permeability,1,10^-6 cm/s,Permeability of the compound by PAMPA
22434951,2023570,2531780,CS(=O)(=O)NCCn1c(=O)c2cc(F)ccc2n2c(=S)[nH]nc12,permeability,8.9,10^-6 cm/s,Permeability of the compound by PAMPA
22434952,2023570,2491641,CS(=O)(=O)NCCCn1c(=O)c2cc(F)ccc2n2c(=S)[nH]nc12,permeability,10.8,10^-6 cm/s,Permeability of the compound by PAMPA
22434953,2023570,2503269,O=c1c2cc(F)ccc2n2c(=S)[nH]nc2n1CCP(=O)(O)O,permeability,9.3,10^-6 cm/s,Permeability of the compound by PAMPA
22434954,2023570,2500178,CCOP(=O)(CCn1c(=O)c2cc(F)ccc2n2c(=S)[nH]nc12)OCC,permeability,16.7,10^-6 cm/s,Permeability of the compound by PAMPA
22434955,2023570,2522644,O=c1c2cc(F)ccc2n2c(=S)[nH]nc2n1CC1CC1,permeability,46,10^-6 cm/s,Permeability of the compound by PAMPA
22434956,2023570,2497353,C[C@H]1C[C@@H]1n1c(=O)c2cc(F)ccc2n2c(=S)[nH]nc12,permeability,188,10^-6 cm/s,Permeability of the compound by PAMPA
22434957,2023570,2507483,O=c1c2cc(F)ccc2n2c(=S)[nH]nc2n1CCc1ccccc1Cl,permeability,56.3,10^-6 cm/s,Permeability of the compound by PAMPA
22434958,2023570,2495442,O=c1c2cc(F)ccc2n2c(=S)[nH]nc2n1CCc1ccc(Cl)cc1,permeability,1,10^-6 cm/s,Permeability of the compound by PAMPA
22434959,2023570,2502435,O=c1c2cc(F)ccc2n2c(=S)[nH]nc2n1CCc1ccccn1,permeability,355,10^-6 cm/s,Permeability of the compound by PAMPA
22434960,2023570,2526003,O=c1c2cc(F)ccc2n2c(=S)[nH]nc2n1CCc1cccnc1,permeability,1,10^-6 cm/s,Permeability of the compound by PAMPA
22434961,2023570,2502921,O=c1c2cc(F)ccc2n2c(=S)[nH]nc2n1CCc1ccncc1,permeability,32.7,10^-6 cm/s,Permeability of the compound by PAMPA
22434962,2023570,2503454,CC(C)(C)OC(=O)N1CC(CCn2c(=O)c3cc(F)ccc3n3c(=S)[nH]nc23)C1,permeability,229,10^-6 cm/s,Permeability of the compound by PAMPA
22434963,2023570,2492653,CN1CCCC1CCn1c(=O)c2cc(F)ccc2n2c(=S)[nH]nc12,permeability,53.8,10^-6 cm/s,Permeability of the compound by PAMPA
22434964,2023570,2510020,O=c1c2cc(F)ccc2n2c(=S)[nH]nc2n1CCN1CCCCC1,permeability,358,10^-6 cm/s,Permeability of the compound by PAMPA
22434965,2023570,2506301,O=c1c2cc(F)ccc2n2c(=S)[nH]nc2n1CCN1CCC(F)(F)CC1,permeability,234,10^-6 cm/s,Permeability of the compound by PAMPA
22434966,2023570,2513029,O=c1c2cc(F)ccc2n2c(=S)[nH]nc2n1CCN1CCOCC1,permeability,67,10^-6 cm/s,Permeability of the compound by PAMPA
22434967,2023570,2500503,CN1CCN(CCn2c(=O)c3cc(F)ccc3n3c(=S)[nH]nc23)CC1,permeability,12.7,10^-6 cm/s,Permeability of the compound by PAMPA
22434968,2023570,2504128,CC(C)(C)OC(=O)N1CCN(CCn2c(=O)c3cc(F)ccc3n3c(=S)[nH]nc23)CC1,permeability,33.1,10^-6 cm/s,Permeability of the compound by PAMPA
22434969,2023570,2528440,O=c1c2cc(F)ccc2n2c(=S)[nH]nc2n1CCC1CCC(F)(F)CC1,permeability,201,10^-6 cm/s,Permeability of the compound by PAMPA
22434972,2023570,2517363,N[C@@H](CCC(=O)O)C(=O)NCCOCCOCCOCCOCCC(=O)NCCCn1c(=O)c2cc(F)ccc2n2c(=S)[nH]nc12,permeability,13.4,10^-6 cm/s,Permeability of the compound by PAMPA
22434973,2023570,2509358,CC(C)(C)OC(=O)CC[C@H](N)C(=O)NCCOCCOCCOCCOCCC(=O)NCCCn1c(=O)c2cc(F)ccc2n2c(=S)[nH]nc12,permeability,18.1,10^-6 cm/s,Permeability of the compound by PAMPA
22434974,2023570,2508784,NCCOCCOCCOCCC(=O)NCCCn1c(=O)c2cc(F)ccc2n2c(=S)[nH]nc12,permeability,8.8,10^-6 cm/s,Permeability of the compound by PAMPA
22434975,2023570,2535502,CC(C)(C)OC(=O)NCCOCCOCCOCCC(=O)NCCCn1c(=O)c2cc(F)ccc2n2c(=S)[nH]nc12,permeability,44.3,10^-6 cm/s,Permeability of the compound by PAMPA
22434976,2023570,2524517,NCCCCCC(=O)NCCCn1c(=O)c2cc(F)ccc2n2c(=S)[nH]nc12,permeability,3.5,10^-6 cm/s,Permeability of the compound by PAMPA
22434977,2023570,2506823,CC(C)(C)OC(=O)NCCCCCC(=O)NCCCn1c(=O)c2cc(F)ccc2n2c(=S)[nH]nc12,permeability,405,10^-6 cm/s,Permeability of the compound by PAMPA
22434978,2023570,2496734,CC(C)(C)OC(=O)CC[C@@H](NC(=O)OC(C)(C)C)C(=O)NCCCn1c(=O)c2cc(F)ccc2n2c(=S)[nH]nc12,permeability,121.4,10^-6 cm/s,Permeability of the compound by PAMPA
22434979,2023570,2489731,CC(C)(C)OC(=O)CC[C@H](NC(=O)OC(C)(C)C)C(=O)NCCCn1c(=O)c2cc(F)ccc2n2c(=S)[nH]nc12,permeability,744,10^-6 cm/s,Permeability of the compound by PAMPA
22434980,2023570,2531194,CC(C)(C)OC(=O)CC[C@H](N)C(=O)NCCCn1c(=O)c2cc(F)ccc2n2c(=S)[nH]nc12,permeability,8.7,10^-6 cm/s,Permeability of the compound by PAMPA
22434981,2023570,2513288,N[C@@H](CCC(=O)O)C(=O)NCCCn1c(=O)c2cc(F)ccc2n2c(=S)[nH]nc12,permeability,20.1,10^-6 cm/s,Permeability of the compound by PAMPA
22434982,2023570,2511885,O=C(O)CCC(=O)NCCCn1c(=O)c2cc(F)ccc2n2c(=S)[nH]nc12,permeability,1,10^-6 cm/s,Permeability of the compound by PAMPA
22434983,2023570,2514161,NS(=O)(=O)CCCC(=O)NCCCn1c(=O)c2cc(F)ccc2n2c(=S)[nH]nc12,permeability,3,10^-6 cm/s,Permeability of the compound by PAMPA
22434987,2023570,2525401,Nc1nnc2n(CCc3ccccc3)c(=O)c3cc(F)ccc3n12,permeability,885,10^-6 cm/s,Permeability of the compound by PAMPA
22434988,2023570,2495460,Cc1nnc2n(CCc3ccccc3)c(=O)c3cc(F)ccc3n12,permeability,1084,10^-6 cm/s,Permeability of the compound by PAMPA
22434989,2023570,2534410,O=c1c2cc(F)ccc2n2cnnc2n1CCc1ccccc1,permeability,924,10^-6 cm/s,Permeability of the compound by PAMPA
22434991,2023570,2501870,CCn1c(=O)c2ccccc2n2c(=S)[nH]nc12,permeability,427,10^-6 cm/s,Permeability of the compound by PAMPA
22434992,2023570,820123,CCCn1c(=O)c2ccccc2n2c(S)nnc12,permeability,37,10^-6 cm/s,Permeability of the compound by PAMPA
22434994,2023570,734376,CCCCn1c(=O)c2ccccc2n2c(S)nnc12,permeability,77.5,10^-6 cm/s,Permeability of the compound by PAMPA
22434998,2023570,2535305,O=c1c2ccccc2n2c(=S)[nH]nc2n1CCC(F)(F)F,permeability,82,10^-6 cm/s,Permeability of the compound by PAMPA
22435011,2023570,2507577,O=c1c2cc(F)ccc2n2c(=S)[nH]nc2n1CCc1ccccc1,permeability,77,10^-6 cm/s,Permeability of the compound by PAMPA
22435012,2023570,2510540,O=c1c2cc(Br)ccc2n2c(=S)[nH]nc2n1CCc1ccccc1,permeability,162,10^-6 cm/s,Permeability of the compound by PAMPA
22435013,2023570,2488503,O=c1c2cc(I)ccc2n2c(=S)[nH]nc2n1CCc1ccccc1,permeability,1025,10^-6 cm/s,Permeability of the compound by PAMPA
22435015,2023570,2526875,CC(=O)Nc1ccc2c(c1)c(=O)n(CCc1ccccc1)c1n[nH]c(=S)n21,permeability,253,10^-6 cm/s,Permeability of the compound by PAMPA
22435016,2023570,2514630,CN(C)c1ccc2c(c1)c(=O)n(CCc1ccccc1)c1n[nH]c(=S)n21,permeability,356,10^-6 cm/s,Permeability of the compound by PAMPA
22435017,2023570,2530910,O=c1c2cc(N3CCOCC3)ccc2n2c(=S)[nH]nc2n1CCc1ccccc1,permeability,1.2,10^-6 cm/s,Permeability of the compound by PAMPA
22435018,2023570,2526789,O=c1c2ccc(F)cc2n2c(=S)[nH]nc2n1CCc1ccccc1,permeability,91,10^-6 cm/s,Permeability of the compound by PAMPA
22435019,2023570,2501266,O=c1c2cccc(F)c2n2c(=S)[nH]nc2n1CCc1ccccc1,permeability,141,10^-6 cm/s,Permeability of the compound by PAMPA
22435020,2023570,2496291,O=c1c2ncccc2n2c(=S)[nH]nc2n1CCc1ccccc1,permeability,16.8,10^-6 cm/s,Permeability of the compound by PAMPA
22435021,2023570,2508592,O=c1c2ccncc2n2c(=S)[nH]nc2n1CCc1ccccc1,permeability,202,10^-6 cm/s,Permeability of the compound by PAMPA
22435022,2023570,2521760,O=c1c2cccnc2n2c(=S)[nH]nc2n1CCc1ccccc1,permeability,51.8,10^-6 cm/s,Permeability of the compound by PAMPA
22435023,2023570,2489972,O=c1c2cc(F)ccc2n2c(=S)[nH]nc2n1Cc1ccccc1,permeability,841,10^-6 cm/s,Permeability of the compound by PAMPA
22435024,2023570,2518927,O=c1c2cc(F)ccc2n2c(=S)[nH]nc2n1CCCc1ccccc1,permeability,1269,10^-6 cm/s,Permeability of the compound by PAMPA
22435026,2023570,2506193,O=c1c2cc(Cl)ccc2n2c(=S)[nH]nc2n1CCC(F)(F)F,permeability,257,10^-6 cm/s,Permeability of the compound by PAMPA
22435033,2023570,2508537,CNC(=S)N1CN(CCc2ccccc2)C(=O)c2cc(F)ccc21,permeability,161,10^-6 cm/s,Permeability of the compound by PAMPA
22435034,2023570,2499174,CCn1c(=O)c2cc(F)ccc2n2c(=S)[nH]nc12,permeability,39.5,10^-6 cm/s,Permeability of the compound by PAMPA
22435035,2023570,2530288,CCCn1c(=O)c2cc(F)ccc2n2c(=S)[nH]nc12,permeability,195,10^-6 cm/s,Permeability of the compound by PAMPA
22435036,2023570,2502934,O=c1c2cc(F)ccc2n2c(=S)[nH]nc2n1CCC(F)(F)F,permeability,117,10^-6 cm/s,Permeability of the compound by PAMPA
22435037,2023570,2492730,O=c1c2cc(F)ccc2n2c(=S)[nH]nc2n1CCCO,permeability,222,10^-6 cm/s,Permeability of the compound by PAMPA
22435038,2023570,2498834,NCCn1c(=O)c2cc(F)ccc2n2c(=S)[nH]nc12,permeability,8.2,10^-6 cm/s,Permeability of the compound by PAMPA
22435039,2023570,2502243,NCCCn1c(=O)c2cc(F)ccc2n2c(=S)[nH]nc12,permeability,16.8,10^-6 cm/s,Permeability of the compound by PAMPA
22435040,2023570,2502723,NCCCn1c(=O)c2cccc(F)c2n2c(=S)[nH]nc12,permeability,4.2,10^-6 cm/s,Permeability of the compound by PAMPA
22435041,2023570,2495163,CN(C)CCn1c(=O)c2cc(F)ccc2n2c(=S)[nH]nc12,permeability,117,10^-6 cm/s,Permeability of the compound by PAMPA
22435042,2023570,2526499,CC(CN(C)C)n1c(=O)c2cc(F)ccc2n2c(=S)[nH]nc12,permeability,186,10^-6 cm/s,Permeability of the compound by PAMPA
22435043,2023570,2517903,CC(=O)NCCn1c(=O)c2cc(F)ccc2n2c(=S)[nH]nc12,permeability,12.9,10^-6 cm/s,Permeability of the compound by PAMPA
22435044,2023570,2511477,CC(=O)NCCCn1c(=O)c2cc(F)ccc2n2c(=S)[nH]nc12,permeability,18,10^-6 cm/s,Permeability of the compound by PAMPA
22435045,2023570,2489324,O=C(NCCCn1c(=O)c2cc(F)ccc2n2c(=S)[nH]nc12)c1ccccc1,permeability,267,10^-6 cm/s,Permeability of the compound by PAMPA
22435046,2023570,2532288,O=C(NCCCn1c(=O)c2cc(F)ccc2n2c(=S)[nH]nc12)C1CCCC1,permeability,155,10^-6 cm/s,Permeability of the compound by PAMPA
22435047,2023570,2502062,CC(C)(C)[C@H]1CC[C@H](C(=O)NCCCn2c(=O)c3cc(F)ccc3n3c(=S)[nH]nc23)CC1,permeability,66.9,10^-6 cm/s,Permeability of the compound by PAMPA
22435048,2023570,2510162,CC(C)(C)OC(=O)NC1CCC(C(=O)NCCCn2c(=O)c3cc(F)ccc3n3c(=S)[nH]nc23)CC1,permeability,330,10^-6 cm/s,Permeability of the compound by PAMPA
22435049,2023570,2513748,NC1CCC(C(=O)NCCCn2c(=O)c3cc(F)ccc3n3c(=S)[nH]nc23)CC1,permeability,1.6,10^-6 cm/s,Permeability of the compound by PAMPA
22435053,2023570,2521845,O=C(NCCCn1c(=O)c2cc(F)ccc2n2c(=S)[nH]nc12)C1CCOCC1,permeability,8,10^-6 cm/s,Permeability of the compound by PAMPA
22435054,2023570,2509597,O=C(CC1CCNCC1)NCCCn1c(=O)c2cc(F)ccc2n2c(=S)[nH]nc12,permeability,4.4,10^-6 cm/s,Permeability of the compound by PAMPA
22435055,2023570,2504118,CN1CCN(CC(=O)NCCCn2c(=O)c3cc(F)ccc3n3c(=S)[nH]nc23)CC1,permeability,1,10^-6 cm/s,Permeability of the compound by PAMPA
22435056,2023570,2532592,O=C(CN1CCOCC1)NCCCn1c(=O)c2cc(F)ccc2n2c(=S)[nH]nc12,permeability,1,10^-6 cm/s,Permeability of the compound by PAMPA
22435057,2023570,2526415,O=C(NCCCn1c(=O)c2cc(F)ccc2n2c(=S)[nH]nc12)c1ccc(Cn2ccnc2)cc1,permeability,46.8,10^-6 cm/s,Permeability of the compound by PAMPA
22435058,2023570,2528561,O=C(Cc1ccccc1)NCCCn1c(=O)c2cc(F)ccc2n2c(=S)[nH]nc12,permeability,248,10^-6 cm/s,Permeability of the compound by PAMPA
22435059,2023570,2488885,Cc1noc(C)c1CCC(=O)NCCCn1c(=O)c2cc(F)ccc2n2c(=S)[nH]nc12,permeability,27.6,10^-6 cm/s,Permeability of the compound by PAMPA
22435060,2023570,2504834,O=C(Cc1cccc(F)c1)NCCCn1c(=O)c2cc(F)ccc2n2c(=S)[nH]nc12,permeability,364,10^-6 cm/s,Permeability of the compound by PAMPA
22435061,2023570,2521777,O=C(Cc1ccc(F)cc1)NCCCn1c(=O)c2cc(F)ccc2n2c(=S)[nH]nc12,permeability,8.5,10^-6 cm/s,Permeability of the compound by PAMPA
22435062,2023570,2501908,O=C(Cc1cccc(Cl)c1)NCCCn1c(=O)c2cc(F)ccc2n2c(=S)[nH]nc12,permeability,861,10^-6 cm/s,Permeability of the compound by PAMPA
22435063,2023570,2489438,O=C(Cc1ccc(Br)cc1)NCCCn1c(=O)c2cc(F)ccc2n2c(=S)[nH]nc12,permeability,767,10^-6 cm/s,Permeability of the compound by PAMPA
22435064,2023570,2509514,Cc1ccc(CC(=O)NCCCn2c(=O)c3cc(F)ccc3n3c(=S)[nH]nc23)cc1,permeability,621,10^-6 cm/s,Permeability of the compound by PAMPA
22435065,2023570,2490179,O=C(Cc1ccc(O)cc1)NCCCn1c(=O)c2cc(F)ccc2n2c(=S)[nH]nc12,permeability,3.7,10^-6 cm/s,Permeability of the compound by PAMPA
22435066,2023570,2518289,COc1ccccc1CC(=O)NCCCn1c(=O)c2cc(F)ccc2n2c(=S)[nH]nc12,permeability,379,10^-6 cm/s,Permeability of the compound by PAMPA
22435067,2023570,2519341,COc1cccc(CC(=O)NCCCn2c(=O)c3cc(F)ccc3n3c(=S)[nH]nc23)c1,permeability,300,10^-6 cm/s,Permeability of the compound by PAMPA
22435068,2023570,2493260,COc1ccc(CC(=O)NCCCn2c(=O)c3cc(F)ccc3n3c(=S)[nH]nc23)cc1,permeability,233,10^-6 cm/s,Permeability of the compound by PAMPA
22435069,2023570,2500444,O=C(Cc1ccccc1C(F)(F)F)NCCCn1c(=O)c2cc(F)ccc2n2c(=S)[nH]nc12,permeability,825,10^-6 cm/s,Permeability of the compound by PAMPA
22435070,2023570,2531648,O=C(Cc1cccc(C(F)(F)F)c1)NCCCn1c(=O)c2cc(F)ccc2n2c(=S)[nH]nc12,permeability,1088,10^-6 cm/s,Permeability of the compound by PAMPA
22435071,2023570,2523471,N#Cc1ccccc1CC(=O)NCCCn1c(=O)c2cc(F)ccc2n2c(=S)[nH]nc12,permeability,156,10^-6 cm/s,Permeability of the compound by PAMPA
22435072,2023570,2515938,N#Cc1ccc(CC(=O)NCCCn2c(=O)c3cc(F)ccc3n3c(=S)[nH]nc23)cc1,permeability,172,10^-6 cm/s,Permeability of the compound by PAMPA
22435073,2023570,2519567,CC(C)(C)OC(=O)Nc1ccc(CC(=O)NCCCn2c(=O)c3cc(F)ccc3n3c(=S)[nH]nc23)cc1,permeability,910,10^-6 cm/s,Permeability of the compound by PAMPA
22435074,2023570,2535757,O=C(Cc1ccccn1)NCCCn1c(=O)c2cc(F)ccc2n2c(=S)[nH]nc12,permeability,68,10^-6 cm/s,Permeability of the compound by PAMPA
22435075,2023570,2494540,O=C(Cc1cccnc1)NCCCn1c(=O)c2cc(F)ccc2n2c(=S)[nH]nc12,permeability,21,10^-6 cm/s,Permeability of the compound by PAMPA
22435076,2023570,2508457,O=C(Cc1ccncc1)NCCCn1c(=O)c2cc(F)ccc2n2c(=S)[nH]nc12,permeability,1,10^-6 cm/s,Permeability of the compound by PAMPA
22443586,2025375,2529903,COc1ccccc1NC(=O)c1cc2cnc(Nc3ccc(N4CCNCC4)cn3)nc2n1C1CCCC1,permeability,464,10^-6 cm/s,Permeability of the compound at pH 7.4 by PAMPA
22443587,2025375,2493713,Cc1cc(C)nc(NS(=O)(=O)c2ccc(Nc3ncc4cc(C(=O)N(C)C)n(C5CCCC5)c4n3)cc2)n1,permeability,376,10^-6 cm/s,Permeability of the compound at pH 7.4 by PAMPA
22443588,2025375,1926959,CN(C)C(=O)c1cc2cnc(Nc3ccc(N4CCNCC4)cn3)nc2n1C1CCCC1,permeability,123.3,10^-6 cm/s,Permeability of the compound at pH 7.4 by PAMPA
22445323,2025616,2492605,Cc1ccc(S(=O)(=O)Nc2ncc(-c3cccc([N+](=O)[O-])c3)s2)cc1,permeability,8.9,10^-6 cm/s,Permeability of compound at pH 7.4 by PAMPA assay
22445324,2025616,2487794,O=C(O)c1cc(-c2ccc(Cl)c(OC3CC3)c2)ncn1,permeability,6.5,10^-6 cm/s,Permeability of compound at pH 7.4 by PAMPA assay
22445325,2025616,2512268,CN(C)c1cccc(S(=O)(=O)Nc2ccc(-c3ccccc3N3CCCC3)nn2)c1,permeability,31.2,10^-6 cm/s,Permeability of compound at pH 7.4 by PAMPA assay
22445326,2025616,2491308,COc1ccccc1-c1ccc(NS(=O)(=O)c2ccc(C)cc2)nn1,permeability,34.7,10^-6 cm/s,Permeability of compound at pH 7.4 by PAMPA assay
22445327,2025616,2492373,Cc1ccc(S(=O)(=O)Nc2ccc(-c3cccc4ccncc34)nn2)cc1,permeability,22.4,10^-6 cm/s,Permeability of compound at pH 7.4 by PAMPA assay
22445328,2025616,2512009,Cc1ccc(S(=O)(=O)Nc2ccc(-c3cccc4cccnc34)nn2)cc1,permeability,44.1,10^-6 cm/s,Permeability of compound at pH 7.4 by PAMPA assay
22445329,2025616,2503648,Cc1ccc(S(=O)(=O)Nc2ccc(-c3cccc4c3N(C)CC4)nn2)cc1,permeability,38.5,10^-6 cm/s,Permeability of compound at pH 7.4 by PAMPA assay
22445330,2025616,2526738,Cc1ccc(S(=O)(=O)Nc2ccc(-c3cccc4ccn(C)c34)nn2)cc1,permeability,49.2,10^-6 cm/s,Permeability of compound at pH 7.4 by PAMPA assay
22445331,2025616,2509909,Cc1ccc(S(=O)(=O)Nc2ccc(-c3ccccc3N3CCOCC3)nn2)cc1,permeability,44.3,10^-6 cm/s,Permeability of compound at pH 7.4 by PAMPA assay
22445332,2025616,2491441,Cc1ccc(S(=O)(=O)Nc2ccc(-c3ccccc3N3CCCCC3)nn2)cc1,permeability,50.6,10^-6 cm/s,Permeability of compound at pH 7.4 by PAMPA assay
22445333,2025616,2518447,Cc1ccc(S(=O)(=O)Nc2ccc(-c3ccccc3N3CCCC3)nn2)cc1,permeability,43.5,10^-6 cm/s,Permeability of compound at pH 7.4 by PAMPA assay
22445334,2025616,2508017,Cc1ccc(S(=O)(=O)Nc2ccc(-c3ccccc3N(C)C)nn2)cc1,permeability,35.7,10^-6 cm/s,Permeability of compound at pH 7.4 by PAMPA assay
22445335,2025616,2496796,Cc1ccc(S(=O)(=O)Nc2ccc(-c3cccc(N(C)C)c3)nn2)cc1,permeability,32.4,10^-6 cm/s,Permeability of compound at pH 7.4 by PAMPA assay
22445336,2025616,2521590,CN(C)c1ccccc1S(=O)(=O)Nc1ccc(-c2cccc(Cl)c2)nn1,permeability,35.7,10^-6 cm/s,Permeability of compound at pH 7.4 by PAMPA assay
22445337,2025616,2510179,CN(C)c1cccc(S(=O)(=O)Nc2ccc(-c3cccc(Cl)c3)nn2)c1,permeability,42.5,10^-6 cm/s,Permeability of compound at pH 7.4 by PAMPA assay
22445338,2025616,2528137,Cc1cccc(S(=O)(=O)Nc2ccc(-c3cccc(Cl)c3)nn2)c1,permeability,40.2,10^-6 cm/s,Permeability of compound at pH 7.4 by PAMPA assay
22450295,2026819,2231673,O=C(NCCN1CCCC1)c1cc(-c2ccc(CN3CCOCC3)cc2)nc2ccc(F)cc12,permeability,73,nm/s,Permeability of the compound at 10 uM incubated for 5 hrs by UPLC-MS/MS analysis based PAMPA method
22450296,2026819,2503805,O=C(NCCN1CCCC1)c1cc(NCCCN2CCOCC2)nc2ccc(F)cc12,permeability,2.3,nm/s,Permeability of the compound at 10 uM incubated for 5 hrs by UPLC-MS/MS analysis based PAMPA method
22450297,2026819,2518304,O=C(NCCN1CCCC1)c1cc(NCCCCN2CCOCC2)nc2ccc(Cl)cc12,permeability,2,nm/s,Permeability of the compound at 10 uM incubated for 5 hrs by UPLC-MS/MS analysis based PAMPA method
22450298,2026819,2511551,O=C(NCCN1CCCC1)c1cc(NCCC2CCOCC2)nc2ccc(Cl)cc12,permeability,48,nm/s,Permeability of the compound at 10 uM incubated for 5 hrs by UPLC-MS/MS analysis based PAMPA method
22450299,2026819,2496527,O=C(NCCN1CCC(F)CC1)c1cc(NCCCN2CCOCC2)nc2ccc(F)cc12,permeability,58,nm/s,Permeability of the compound at 10 uM incubated for 5 hrs by UPLC-MS/MS analysis based PAMPA method
22450300,2026819,2496702,O=C(NCCN1CCOCC1)c1cc(NCCCN2CCOCC2)nc2ccc(F)cc12,permeability,24,nm/s,Permeability of the compound at 10 uM incubated for 5 hrs by UPLC-MS/MS analysis based PAMPA method
22450301,2026819,2490314,O=C(NCCN1CCC(F)(F)CC1)c1cc(NCCCN2CCOCC2)nc2ccc(F)cc12,permeability,94,nm/s,Permeability of the compound at 10 uM incubated for 5 hrs by UPLC-MS/MS analysis based PAMPA method
22450302,2026819,2490215,O=C(NCCN1CCCC(F)(F)C1)c1cc(NCCCN2CCOCC2)nc2ccc(F)cc12,permeability,120,nm/s,Permeability of the compound at 10 uM incubated for 5 hrs by UPLC-MS/MS analysis based PAMPA method
22450303,2026819,2492192,O=C(NCCN1CCC(F)(F)C1)c1cc(NCCCN2CCOCC2)nc2ccc(F)cc12,permeability,89,nm/s,Permeability of the compound at 10 uM incubated for 5 hrs by UPLC-MS/MS analysis based PAMPA method
22450304,2026819,2519998,O=C(NCCN1CCCC1)c1cc(-c2ccc(S(=O)(=O)N3CCOCC3)cc2)nc2ccc(F)cc12,permeability,29,nm/s,Permeability of the compound at 10 uM incubated for 5 hrs by UPLC-MS/MS analysis based PAMPA method
22450305,2026819,2517625,O=C(NCCN1CCCC1)c1cc(-c2ccc(CN3CCOCC3)c(F)c2)nc2ccc(F)cc12,permeability,63,nm/s,Permeability of the compound at 10 uM incubated for 5 hrs by UPLC-MS/MS analysis based PAMPA method
22450306,2026819,2535677,O=C(NCCN1CCCC1)c1cc(-c2ccc(CN3CCOCC3)cc2F)nc2ccc(F)cc12,permeability,132,nm/s,Permeability of the compound at 10 uM incubated for 5 hrs by UPLC-MS/MS analysis based PAMPA method
22450307,2026819,2490572,O=C(NCCN1CCCC1)c1cc(-c2ccc(CN3CCS(=O)(=O)CC3)cc2)nc2ccc(F)cc12,permeability,14,nm/s,Permeability of the compound at 10 uM incubated for 5 hrs by UPLC-MS/MS analysis based PAMPA method
22450308,2026819,2523606,O=C(NCCN1CCCC1)c1cc(-c2ccc(CN3CCCC3=O)cc2)nc2ccc(F)cc12,permeability,49,nm/s,Permeability of the compound at 10 uM incubated for 5 hrs by UPLC-MS/MS analysis based PAMPA method
22450309,2026819,2529059,CN(CCN1CCCC1)C(=O)c1cc(-c2ccc(CN3CCOCC3)cc2)nc2ccc(F)cc12,permeability,137,nm/s,Permeability of the compound at 10 uM incubated for 5 hrs by UPLC-MS/MS analysis based PAMPA method
22450310,2026819,2502462,O=C(NCCNC1CC1)c1cc(-c2ccc(CN3CCOCC3)cc2)nc2ccc(F)cc12,permeability,49,nm/s,Permeability of the compound at 10 uM incubated for 5 hrs by UPLC-MS/MS analysis based PAMPA method
22450311,2026819,2512463,O=C(NCCN1CCC1)c1cc(-c2ccc(CN3CCOCC3)cc2)nc2ccc(F)cc12,permeability,75,nm/s,Permeability of the compound at 10 uM incubated for 5 hrs by UPLC-MS/MS analysis based PAMPA method
22452209,2027092,9333,Nc1c2c(nc3ccccc13)CCCC2,Peff,5.3,10^-6 cm/s,Effective permeability at 100 uM after 3 to 6 hrs by PAMPA assay
22452213,2027092,2509420,COc1ccc2[nH]cc(CCNC(=O)CN(CCCCCCCCNc3c4c(nc5ccccc35)CCCC4)C(=O)CCCC[C@@H]3CCSS3)c2c1,Peff,6.9,10^-6 cm/s,Effective permeability at 100 uM after 3 to 6 hrs by PAMPA assay
22452214,2027092,2509432,COc1ccc2nc3c(c(NCCCCCCCCN(CC(=O)NCCc4c[nH]c5ccc(OC)cc45)C(=O)/C=C/c4ccc(O)c(OC)c4)c2c1)CCCC3,Peff,1.8,10^-6 cm/s,Effective permeability at 100 uM after 3 to 6 hrs by PAMPA assay
22452215,2027092,2521348,COc1ccc2nc3c(c(NCCCCCCCN(CC(=O)NCCc4c[nH]c5ccc(OC)cc45)C(=O)/C=C/c4ccc(O)c(OC)c4)c2c1)CCCC3,Peff,4.2,10^-6 cm/s,Effective permeability at 100 uM after 3 to 6 hrs by PAMPA assay
22452216,2027092,2527017,COc1ccc2nc3c(c(NCCCCCCN(CC(=O)NCCc4c[nH]c5ccc(OC)cc45)C(=O)/C=C/c4ccc(O)c(OC)c4)c2c1)CCCC3,Peff,2.2,10^-6 cm/s,Effective permeability at 100 uM after 3 to 6 hrs by PAMPA assay
22452217,2027092,2507230,COc1ccc2[nH]cc(CCNC(=O)CN(CCCCCCCCNc3c4c(nc5ccccc35)CCCC4)C(=O)/C=C/c3ccc(O)c(OC)c3)c2c1,Peff,5.8,10^-6 cm/s,Effective permeability at 100 uM after 3 to 6 hrs by PAMPA assay
22453323,2027426,2527435,CN1CCCC1CCOc1ccc(/C(=C(/CCCO)c2ccccc2)c2ccc(Br)cc2)cc1.Cl,Peff,0.21,10^-6 cm/s,Effective permeability of compound at 10 uM in PBS buffer at pH 7.4 after 5 hrs by LC-MS/MS analysis based PAMPA method
22453324,2027426,2528162,CN1CCC[C@H]1COc1ccc(/C(=C(/CCCO)c2ccccc2)c2ccc(Br)cc2)cc1.Cl,Peff,0.93,10^-6 cm/s,Effective permeability of compound at 10 uM in PBS buffer at pH 7.4 after 5 hrs by LC-MS/MS analysis based PAMPA method
22453325,2027426,2504840,CN1CCCC1CCOc1ccc(/C(=C(/CCCO)c2ccccc2)c2ccc(O)cc2)cc1.Cl,Peff,0.01,10^-6 cm/s,Effective permeability of compound at 10 uM in PBS buffer at pH 7.4 after 5 hrs by LC-MS/MS analysis based PAMPA method
22453326,2027426,2507161,CN1CCC[C@@H]1COc1ccc(/C(=C(/CCCO)c2ccccc2)c2ccc(O)cc2)cc1.Cl,Peff,0.7,10^-6 cm/s,Effective permeability of compound at 10 uM in PBS buffer at pH 7.4 after 5 hrs by LC-MS/MS analysis based PAMPA method
22453327,2027426,2528572,CN1CCC[C@H]1COc1ccc(/C(=C(/CCCO)c2ccccc2)c2ccc(O)cc2)cc1.Cl,Peff,2.11,10^-6 cm/s,Effective permeability of compound at 10 uM in PBS buffer at pH 7.4 after 5 hrs by LC-MS/MS analysis based PAMPA method
22453328,2027426,338556,CN(C)CCOc1ccc(/C(=C(/CCCO)c2ccccc2)c2ccc(O)cc2)cc1,Peff,0.23,10^-6 cm/s,Effective permeability of compound at 10 uM in PBS buffer at pH 7.4 after 5 hrs by LC-MS/MS analysis based PAMPA method
22480510,2033064,2521706,CC(C)CC(=O)OCCc1cn(-c2ccc(NC(=O)Nc3ccccc3C(F)(F)F)cc2)nn1,Papp,4.24,10^-6 cm/s,Apparent permeability of compound incubated for 5 hrs by PAMPA assay
22480511,2033064,2489352,CCOP(=O)(OCC)OCCc1cn(-c2ccc(NC(=O)Nc3ccccc3C)cc2)nn1,Papp,0.72,10^-6 cm/s,Apparent permeability of compound incubated for 5 hrs by PAMPA assay
22480512,2033064,2524298,CCCCc1cn(-c2ccc(NC(=O)Nc3cc(OP(=O)(OCC)OCC)ccc3C)cc2)nn1,Papp,0.68,10^-6 cm/s,Apparent permeability of compound incubated for 5 hrs by PAMPA assay
22480513,2033064,2490576,CCCCc1cn(-c2ccc(NC(=O)Nc3cc(OC4CCCC4)ccc3C)cc2)nn1,Papp,1.96,10^-6 cm/s,Apparent permeability of compound incubated for 5 hrs by PAMPA assay
22480514,2033064,2521305,COCCc1cn(-c2ccc(NC(=O)Nc3ccccc3C)cc2)nn1,Papp,0.69,10^-6 cm/s,Apparent permeability of compound incubated for 5 hrs by PAMPA assay
22480515,2033064,2532272,CCOC(=O)CCc1cn(-c2ccc(NC(=O)Nc3ccccc3C(F)(F)F)cc2)nn1,Papp,1.56,10^-6 cm/s,Apparent permeability of compound incubated for 5 hrs by PAMPA assay
22480516,2033064,2512012,CC(C)CCc1cn(-c2ccc(NC(=O)Nc3cccc4cnccc34)cc2)nn1,Papp,0.18,10^-6 cm/s,Apparent permeability of compound incubated for 5 hrs by PAMPA assay
22480517,2033064,2492134,CCCCc1cn(-c2ccc(NC(=O)Nc3cccc4cnccc34)cc2)nn1,Papp,0.1,10^-6 cm/s,Apparent permeability of compound incubated for 5 hrs by PAMPA assay
22480518,2033064,2402150,CCCCc1cn(-c2ccc(NC(=O)Nc3ccccc3C)cc2)nn1,Papp,2.86,10^-6 cm/s,Apparent permeability of compound incubated for 5 hrs by PAMPA assay
22762058,2047578,2497953,CC(C)(O)c1coc(S(=O)(=O)[N-]C(=O)Nc2c3c(cc4c2CCC4)CCC3)c1.[Na+],Peff,0.003,nm/s,Effective permeability of compound by PAMPA
22762059,2047578,2517215,CCOC(=O)[C@@H](Cc1ncccn1)NC(=O)Nc1c2c(cc3c1CCC3)CCC2,Peff,82,nm/s,Effective permeability of compound by PAMPA
22762060,2047578,2526625,CCOC(=O)[C@@H](Cc1cnccn1)NC(=O)Nc1c2c(cc3c1CCC3)CCC2,Peff,139,nm/s,Effective permeability of compound by PAMPA
22765233,2048408,200174,Nc1nc(OCc2ccccc2)c2[nH]nnc2n1,permeability,167,nm/s,Permeability of compound at pH 7.4 by PAMPA assay
22765234,2048408,2501318,Nc1cc(Cc2ccccc2)c2nn[nH]c2n1,permeability,313,nm/s,Permeability of compound at pH 7.4 by PAMPA assay
22765235,2048408,2508507,Nc1cc([C@H](Cc2ccccc2)c2ccccc2)c2nn[nH]c2n1,permeability,648,nm/s,Permeability of compound at pH 7.4 by PAMPA assay
22765236,2048408,2510404,Nc1cc([C@H](CCCc2ccccc2)c2ccccc2)c2nn[nH]c2n1,permeability,1250,nm/s,Permeability of compound at pH 7.4 by PAMPA assay
22765237,2048408,2529311,Nc1cc([C@H](CCOCc2ccccc2)c2ccccc2)c2nn[nH]c2n1,permeability,730,nm/s,Permeability of compound at pH 7.4 by PAMPA assay
22765238,2048408,2536596,Nc1cc([C@H](CCNCc2ccccc2)c2ccccc2)c2nn[nH]c2n1,permeability,43,nm/s,Permeability of compound at pH 7.4 by PAMPA assay
22765239,2048408,2494444,Nc1cc([C@H](CCNCc2ccccc2C(F)(F)F)c2ccccc2)c2nn[nH]c2n1,permeability,237,nm/s,Permeability of compound at pH 7.4 by PAMPA assay
22765240,2048408,2507717,Nc1cc([C@H](CCN[C@H]2CCc3ccccc32)c2ccccc2)c2nn[nH]c2n1,permeability,65,nm/s,Permeability of compound at pH 7.4 by PAMPA assay
22765241,2048408,2532418,Nc1cc([C@H](CCN[C@@H]2CC[C@@H](c3ccccc3)C2)c2ccccc2)c2nn[nH]c2n1,permeability,24,nm/s,Permeability of compound at pH 7.4 by PAMPA assay
22765242,2048408,2526822,Nc1cc([C@H](CCNC23CCC(c4ccccc4)(CC2)CC3)c2ccccc2)c2nn[nH]c2n1,permeability,17,nm/s,Permeability of compound at pH 7.4 by PAMPA assay
22765243,2048408,2512742,Nc1cc([C@H](CCN[C@@H]2CC[C@@H](c3ccccc3)OC2)c2ccccc2)c2nn[nH]c2n1,permeability,37,nm/s,Permeability of compound at pH 7.4 by PAMPA assay
22765244,2048408,2498503,Nc1cc(C(CCNC23CCC(c4ccccc4)(CC2)OC3)c2ccccc2)c2nn[nH]c2n1,permeability,104,nm/s,Permeability of compound at pH 7.4 by PAMPA assay
22765245,2048408,2502589,Nc1cc([C@H](CCCN2CCC(c3ccccc3)CC2)c2ccccc2)c2nn[nH]c2n1,permeability,13,nm/s,Permeability of compound at pH 7.4 by PAMPA assay
22765246,2048408,2518898,CN(CC[C@H](c1ccccc1)c1cc(N)nc2[nH]nnc12)C12CCC(c3ccccc3)(CC1)CC2,permeability,1,nm/s,Permeability of compound at pH 7.4 by PAMPA assay
22765247,2048408,2488498,Nc1cc([C@H](CCN(CCF)C23CCC(c4ccccc4)(CC2)CC3)c2ccccc2)c2nn[nH]c2n1,permeability,217,nm/s,Permeability of compound at pH 7.4 by PAMPA assay
22775598,2050873,2493557,CN1CCNC(=O)COc2ccc(F)cc2C(=O)N2CCCC[C@H]2c2cc3nc([C@H]4C[C@H](O)C4)cc1n3n2,permeability,27,10^-6 cm/s,Permeability of compound incubated for 4 hrs by PAMPA assay
22775589,2050873,2498218,CN1CCNC(=O)COc2ccc(F)cc2C(=O)N2CCCC[C@H]2c2cc3nc(N4CCC4)cc1n3n2,permeability,80,10^-6 cm/s,Permeability of compound incubated for 4 hrs by PAMPA assay
22775590,2050873,2494733,CN1CCNC(=O)COc2ccc(F)cc2C(=O)N2CCCC[C@H]2c2cc3nc(N4CC(O)C4)cc1n3n2,permeability,8,10^-6 cm/s,Permeability of compound incubated for 4 hrs by PAMPA assay
22775591,2050873,2488713,CN1CCNC(=O)COc2ccc(F)cc2C(=O)N2CCCC[C@H]2c2cc3nc(N4CC(N)C4)cc1n3n2,permeability,3.3,10^-6 cm/s,Permeability of compound incubated for 4 hrs by PAMPA assay
22775592,2050873,2505952,CNC1CN(c2cc3n4nc(cc4n2)[C@@H]2CCCCN2C(=O)c2cc(F)ccc2OCC(=O)NCCN3C)C1,permeability,5.9,10^-6 cm/s,Permeability of compound incubated for 4 hrs by PAMPA assay
22775593,2050873,2516082,CN1CCNC(=O)COc2ccc(F)cc2C(=O)N2CCCC[C@H]2c2cc3nc(N4CC[C@H](N)C4)cc1n3n2,permeability,0.3,10^-6 cm/s,Permeability of compound incubated for 4 hrs by PAMPA assay
22775594,2050873,2504704,CN1CCNC(=O)COc2ccc(F)cc2C(=O)N2CCCC[C@H]2c2cc3nc(C4CNC4)cc1n3n2,permeability,0,10^-6 cm/s,Permeability of compound incubated for 4 hrs by PAMPA assay
22775595,2050873,2494614,CN1CCNC(=O)COc2ccc(F)cc2C(=O)N2CCCC[C@H]2c2cc3nc([C@H]4C[C@@H](N)C4)cc1n3n2,permeability,0,10^-6 cm/s,Permeability of compound incubated for 4 hrs by PAMPA assay
22775596,2050873,2498591,CN1CCNC(=O)COc2ccc(F)cc2C(=O)N2CCCC[C@H]2c2cc3nc([C@H]4C[C@H](N)C4)cc1n3n2,permeability,0,10^-6 cm/s,Permeability of compound incubated for 4 hrs by PAMPA assay
22775597,2050873,2499861,CN1CCNC(=O)COc2ccc(F)cc2C(=O)N2CCCC[C@H]2c2cc3nc([C@H]4C[C@@H](O)C4)cc1n3n2,permeability,28,10^-6 cm/s,Permeability of compound incubated for 4 hrs by PAMPA assay
22780060,2052000,2518314,Cc1ncc2c(n1)CCN(C(=O)c1cc(C(C)C)c(O)cc1O)C2,permeability,33.33,10^-6 cm/s,Permeability of the compound at pH 7.4 by PAMPA
22780061,2052000,2491596,Cc1ncc2c(n1)CN(C(=O)c1cc(C(C)C)c(O)cc1O)C2,permeability,27.03,10^-6 cm/s,Permeability of the compound at pH 7.4 by PAMPA
22780062,2052000,686684,CC(C)c1cc(C(=O)N2Cc3ccc(CN4CCN(C)CC4)cc3C2)c(O)cc1O,permeability,74.32,10^-6 cm/s,Permeability of the compound at pH 7.4 by PAMPA
22780063,2052000,2510451,CCOc1ncc2c(n1)CCN(C(=O)c1cc(C(C)C)c(O)cc1O)C2,permeability,72.41,10^-6 cm/s,Permeability of the compound at pH 7.4 by PAMPA
22780064,2052000,2534193,COCCOc1ncc2c(n1)CCN(C(=O)c1cc(C(C)C)c(O)cc1O)C2,permeability,55.55,10^-6 cm/s,Permeability of the compound at pH 7.4 by PAMPA
22780065,2052000,2491550,CC(C)c1cc(C(=O)N2CCc3nc(OCCN(C)C)ncc3C2)c(O)cc1O,permeability,3.25,10^-6 cm/s,Permeability of the compound at pH 7.4 by PAMPA
22780066,2052000,2513738,CCN(CC)CCOc1ncc2c(n1)CCN(C(=O)c1cc(C(C)C)c(O)cc1O)C2,permeability,25.7,10^-6 cm/s,Permeability of the compound at pH 7.4 by PAMPA
22780067,2052000,2526137,CC(C)c1cc(C(=O)N2CCc3nc(OCCCN(C)C)ncc3C2)c(O)cc1O,permeability,4.15,10^-6 cm/s,Permeability of the compound at pH 7.4 by PAMPA
22780068,2052000,2494021,CC(C)c1cc(C(=O)N2CCc3nc(OCCN4CCCC4)ncc3C2)c(O)cc1O,permeability,3.06,10^-6 cm/s,Permeability of the compound at pH 7.4 by PAMPA
22780069,2052000,2498893,CC(C)c1cc(C(=O)N2CCc3nc(OCCN4CCCCC4)ncc3C2)c(O)cc1O,permeability,20.46,10^-6 cm/s,Permeability of the compound at pH 7.4 by PAMPA
22780070,2052000,2506366,CC(C)c1cc(C(=O)N2CCc3nc(OCCN4CCOCC4)ncc3C2)c(O)cc1O,permeability,30.25,10^-6 cm/s,Permeability of the compound at pH 7.4 by PAMPA
22780071,2052000,2501173,COCCOc1nc2c(c(OC)n1)CN(C(=O)c1cc(C(C)C)c(O)cc1O)CC2,permeability,75.75,10^-6 cm/s,Permeability of the compound at pH 7.4 by PAMPA
22780072,2052000,2529933,CCOc1nc(OCCOC)nc2c1CN(C(=O)c1cc(C(C)C)c(O)cc1O)CC2,permeability,77.26,10^-6 cm/s,Permeability of the compound at pH 7.4 by PAMPA
22780073,2052000,2514640,CCCOc1nc(OCCOC)nc2c1CN(C(=O)c1cc(C(C)C)c(O)cc1O)CC2,permeability,87.71,10^-6 cm/s,Permeability of the compound at pH 7.4 by PAMPA
22780074,2052000,2537020,COCCOc1nc2c(c(OC(C)C)n1)CN(C(=O)c1cc(C(C)C)c(O)cc1O)CC2,permeability,79.43,10^-6 cm/s,Permeability of the compound at pH 7.4 by PAMPA
22780075,2052000,2518965,CNc1nc(OCCOC)nc2c1CN(C(=O)c1cc(C(C)C)c(O)cc1O)CC2,permeability,57.5,10^-6 cm/s,Permeability of the compound at pH 7.4 by PAMPA
22780076,2052000,2533843,CCNc1nc(OCCOC)nc2c1CN(C(=O)c1cc(C(C)C)c(O)cc1O)CC2,permeability,71.47,10^-6 cm/s,Permeability of the compound at pH 7.4 by PAMPA
22780077,2052000,2502588,CCCNc1nc(OCCOC)nc2c1CN(C(=O)c1cc(C(C)C)c(O)cc1O)CC2,permeability,78.67,10^-6 cm/s,Permeability of the compound at pH 7.4 by PAMPA
22780078,2052000,2500675,COCCOc1nc2c(c(NC(C)C)n1)CN(C(=O)c1cc(C(C)C)c(O)cc1O)CC2,permeability,62.44,10^-6 cm/s,Permeability of the compound at pH 7.4 by PAMPA
22780079,2052000,2501078,COCCOc1nc2c(c(NC3CC3)n1)CN(C(=O)c1cc(C(C)C)c(O)cc1O)CC2,permeability,56.35,10^-6 cm/s,Permeability of the compound at pH 7.4 by PAMPA
22780080,2052000,2516581,COCCOc1nc2c(c(N(C)C)n1)CN(C(=O)c1cc(C(C)C)c(O)cc1O)CC2,permeability,82.96,10^-6 cm/s,Permeability of the compound at pH 7.4 by PAMPA
22780081,2052000,2499818,CCN(CC)c1nc(OCCOC)nc2c1CN(C(=O)c1cc(C(C)C)c(O)cc1O)CC2,permeability,107.14,10^-6 cm/s,Permeability of the compound at pH 7.4 by PAMPA
22787428,2053705,9459,COc1ccc2cc3[n+](cc2c1OC)CCc1cc2c(cc1-3)OCO2.[Cl-],permeability,0.2,10^-6 cm/s,Permeability of the compound at pH 7.4 measured after 6 hrs by PAMPA method
22787429,2053705,1965084,COc1ccc2cc3[n+](cc2c1OCc1ccccc1)CCc1cc2c(cc1-3)OCO2.[Br-],permeability,0.4,10^-6 cm/s,Permeability of the compound at pH 7.4 measured after 6 hrs by PAMPA method
22787430,2053705,2493160,COc1ccc2cc3[n+](cc2c1OCc1ccc(C)cc1)CCc1cc2c(cc1-3)OCO2.[Br-],permeability,0.8,10^-6 cm/s,Permeability of the compound at pH 7.4 measured after 6 hrs by PAMPA method
22787431,2053705,2509177,COc1ccc2cc3[n+](cc2c1OCc1ccc(Br)cc1)CCc1cc2c(cc1-3)OCO2.[Br-],permeability,0.6,10^-6 cm/s,Permeability of the compound at pH 7.4 measured after 6 hrs by PAMPA method
22787432,2053705,2492686,COc1ccc2cc3[n+](cc2c1OCc1ccc([N+](=O)[O-])cc1)CCc1cc2c(cc1-3)OCO2.[Br-],permeability,1.4,10^-6 cm/s,Permeability of the compound at pH 7.4 measured after 6 hrs by PAMPA method
22787433,2053705,2506564,COc1ccc2cc3[n+](cc2c1OCc1cccc([N+](=O)[O-])c1)CCc1cc2c(cc1-3)OCO2.[Br-],permeability,1.2,10^-6 cm/s,Permeability of the compound at pH 7.4 measured after 6 hrs by PAMPA method
22787434,2053705,2499512,COc1ccc2cc3[n+](cc2c1OCc1ccc(C(F)(F)F)cc1)CCc1cc2c(cc1-3)OCO2.[Br-],permeability,0.8,10^-6 cm/s,Permeability of the compound at pH 7.4 measured after 6 hrs by PAMPA method
22787435,2053705,2509870,COc1ccc(COc2c(OC)ccc3cc4[n+](cc23)CCc2cc3c(cc2-4)OCO3)cc1.[Br-],permeability,4.8,10^-6 cm/s,Permeability of the compound at pH 7.4 measured after 6 hrs by PAMPA method
22787436,2053705,2494935,COc1ccc2cc3[n+](cc2c1OCc1ccc2ccccc2c1)CCc1cc2c(cc1-3)OCO2.[Br-],permeability,0.8,10^-6 cm/s,Permeability of the compound at pH 7.4 measured after 6 hrs by PAMPA method
22787437,2053705,2500150,COc1ccc2cc3[n+](cc2c1OC(C)c1ccccc1)CCc1cc2c(cc1-3)OCO2.[Br-],permeability,0.4,10^-6 cm/s,Permeability of the compound at pH 7.4 measured after 6 hrs by PAMPA method
22787438,2053705,371655,CO/N=C(\C(=O)N[C@@H]1C(=O)N2C(C(=O)O)=C(COC(N)=O)CS[C@H]12)c1ccco1,permeability,0.3,10^-6 cm/s,Permeability of the compound at pH 7.4 measured after 6 hrs by PAMPA method
22787439,2053705,2046,NS(=O)(=O)c1cc(C(=O)O)c(NCc2ccco2)cc1Cl,permeability,0.1,10^-6 cm/s,Permeability of the compound at pH 7.4 measured after 6 hrs by PAMPA method
22787440,2053705,11968,CN1C(C(=O)Nc2ccccn2)=C(O)c2ccccc2S1(=O)=O,permeability,2.5,10^-6 cm/s,Permeability of the compound at pH 7.4 measured after 6 hrs by PAMPA method
22787441,2053705,9372,COc1cc2c(cc1OC)C(=O)C(CC1CCN(Cc3ccccc3)CC1)C2,permeability,9.8,10^-6 cm/s,Permeability of the compound at pH 7.4 measured after 6 hrs by PAMPA method
22787442,2053705,27251,CCN(C)C(=O)Oc1cccc([C@H](C)N(C)C)c1,permeability,12.6,10^-6 cm/s,Permeability of the compound at pH 7.4 measured after 6 hrs by PAMPA method
22787443,2053705,9333,Nc1c2c(nc3ccccc13)CCCC2,permeability,6,10^-6 cm/s,Permeability of the compound at pH 7.4 measured after 6 hrs by PAMPA method
22788465,2054012,2493524,COc1ccc(/C=N/N(C)S(=O)(=O)c2cc3c(cc2C)OCO3)cc1OC,permeability,13.08,10^-6 cm/s,Permeability of the compound incubated for 8 hrs by PAMPA-TGI assay
22788466,2054012,451253,COc1ccc([C@]2(C#N)CC[C@@H](C(=O)O)CC2)cc1OC1CCCC1,permeability,7.29,10^-6 cm/s,Permeability of the compound incubated for 8 hrs by PAMPA-TGI assay
22788467,2054012,365538,Nc1nc2c(ncn2COCCO)c(=O)[nH]1,permeability,0.08,10^-6 cm/s,Permeability of the compound incubated for 8 hrs by PAMPA-TGI assay
22788468,2054012,1280,CC(=O)Oc1ccccc1C(=O)O,permeability,1.69,10^-6 cm/s,Permeability of the compound incubated for 8 hrs by PAMPA-TGI assay
22788469,2054012,1279,CC(C)NCC(O)COc1ccc(CC(N)=O)cc1,permeability,0.11,10^-6 cm/s,Permeability of the compound incubated for 8 hrs by PAMPA-TGI assay
22788470,2054012,6514,CC(=O)N1CCN(c2ccc(OC[C@H]3CO[C@](Cn4ccnc4)(c4ccc(Cl)cc4Cl)O3)cc2)CC1,permeability,4.93,10^-6 cm/s,Permeability of the compound incubated for 8 hrs by PAMPA-TGI assay
22788471,2054012,1256,O=c1ccc2ccccc2o1,permeability,22.65,10^-6 cm/s,Permeability of the compound incubated for 8 hrs by PAMPA-TGI assay
22788472,2054012,29890,O=C(O)Cc1ccccc1Nc1c(Cl)cccc1Cl,permeability,13.01,10^-6 cm/s,Permeability of the compound incubated for 8 hrs by PAMPA-TGI assay
22788473,2054012,374052,C[C@]12CCC(=O)C=C1CC[C@@H]1[C@@H]2[C@@H](O)C[C@@]2(C)[C@H]1CC[C@]2(O)C(=O)CO,permeability,2.16,10^-6 cm/s,Permeability of the compound incubated for 8 hrs by PAMPA-TGI assay
22788474,2054012,27229,C[C@]12C=CC(=O)C=C1CC[C@@H]1[C@@H]2C(=O)C[C@@]2(C)[C@H]1CC[C@]2(O)C(=O)CO,permeability,3.09,10^-6 cm/s,Permeability of the compound incubated for 8 hrs by PAMPA-TGI assay
22788475,2054012,10685,CN/C(=C\[N+](=O)[O-])NCCSCc1ccc(CN(C)C)o1,permeability,0.38,10^-6 cm/s,Permeability of the compound incubated for 8 hrs by PAMPA-TGI assay
22788476,2054012,1223,O=C(O)c1cc(/N=N/c2ccc(S(=O)(=O)Nc3ccccn3)cc2)ccc1O,permeability,0.45,10^-6 cm/s,Permeability of the compound incubated for 8 hrs by PAMPA-TGI assay
22788477,2054012,1219,COc1ccc(CCN(C)CCCC(C#N)(c2ccc(OC)c(OC)c2)C(C)C)cc1OC,permeability,6.45,10^-6 cm/s,Permeability of the compound incubated for 8 hrs by PAMPA-TGI assay
22788478,2054012,321696,O=C(Nc1c(Cl)cncc1Cl)c1ccc(OC(F)F)c(OCC2CC2)c1,permeability,5.28,10^-6 cm/s,Permeability of the compound incubated for 8 hrs by PAMPA-TGI assay
22788593,2054031,365538,Nc1nc2c(ncn2COCCO)c(=O)[nH]1,permeability,0.06,10^-6 cm/s,Permeability of the compound by PAMPA-TGI assay
22788594,2054031,1280,CC(=O)Oc1ccccc1C(=O)O,permeability,3.8,10^-6 cm/s,Permeability of the compound by PAMPA-TGI assay
22788595,2054031,1279,CC(C)NCC(O)COc1ccc(CC(N)=O)cc1,permeability,0.1,10^-6 cm/s,Permeability of the compound by PAMPA-TGI assay
22788596,2054031,6514,CC(=O)N1CCN(c2ccc(OC[C@H]3CO[C@](Cn4ccnc4)(c4ccc(Cl)cc4Cl)O3)cc2)CC1,permeability,3.3,10^-6 cm/s,Permeability of the compound by PAMPA-TGI assay
22788597,2054031,1256,O=c1ccc2ccccc2o1,permeability,22.9,10^-6 cm/s,Permeability of the compound by PAMPA-TGI assay
22788598,2054031,29890,O=C(O)Cc1ccccc1Nc1c(Cl)cccc1Cl,permeability,12.5,10^-6 cm/s,Permeability of the compound by PAMPA-TGI assay
22788599,2054031,374052,C[C@]12CCC(=O)C=C1CC[C@@H]1[C@@H]2[C@@H](O)C[C@@]2(C)[C@H]1CC[C@]2(O)C(=O)CO,permeability,3.4,10^-6 cm/s,Permeability of the compound by PAMPA-TGI assay
22788600,2054031,27229,C[C@]12C=CC(=O)C=C1CC[C@@H]1[C@@H]2C(=O)C[C@@]2(C)[C@H]1CC[C@]2(O)C(=O)CO,permeability,5.7,10^-6 cm/s,Permeability of the compound by PAMPA-TGI assay
22788601,2054031,10685,CN/C(=C\[N+](=O)[O-])NCCSCc1ccc(CN(C)C)o1,permeability,0.5,10^-6 cm/s,Permeability of the compound by PAMPA-TGI assay
22788602,2054031,1223,O=C(O)c1cc(/N=N/c2ccc(S(=O)(=O)Nc3ccccn3)cc2)ccc1O,permeability,0.3,10^-6 cm/s,Permeability of the compound by PAMPA-TGI assay
22788603,2054031,1219,COc1ccc(CCN(C)CCCC(C#N)(c2ccc(OC)c(OC)c2)C(C)C)cc1OC,permeability,7.4,10^-6 cm/s,Permeability of the compound by PAMPA-TGI assay
22789974,2054253,2490892,Cl.OCCC/C(=C(\c1ccc(O)cc1)c1ccc(C2CCNCC2)cc1)c1ccccc1,Peff,0.0001,10^-6 cm/s,Permeability of compound incubated for 5 hrs by PAMPA assay
22789975,2054253,2498061,CC(C)N1CCC(c2ccc(/C(=C(/CCCO)c3ccccc3)c3ccc(O)cc3)cc2)CC1.Cl,Peff,0.049,10^-6 cm/s,Permeability of compound incubated for 5 hrs by PAMPA assay
22789976,2054253,2510622,Cl.OCCC/C(=C(\c1ccc(O)cc1)c1ccc(C2CCN(C3CC3)CC2)cc1)c1ccccc1,Peff,0.84,10^-6 cm/s,Permeability of compound incubated for 5 hrs by PAMPA assay
22789977,2054253,2529621,CC(C)N1CC=C(c2ccc(/C(=C(/CCCO)c3ccccc3)c3cccc(O)c3)cc2)CC1.Cl,Peff,0.039,10^-6 cm/s,Permeability of compound incubated for 5 hrs by PAMPA assay
22789978,2054253,2489496,CC(C)N1CC=C(c2ccc(/C(=C(/CCCO)c3ccccc3)c3ccc(O)cc3)cc2)CC1.Cl,Peff,0.054,10^-6 cm/s,Permeability of compound incubated for 5 hrs by PAMPA assay
22789979,2054253,2494333,CC(C)N1CCC(c2ccc(/C(=C(/CCCO)c3ccc(F)cc3)c3ccc(O)cc3)cc2)CC1.Cl,Peff,0.003,10^-6 cm/s,Permeability of compound incubated for 5 hrs by PAMPA assay
22789980,2054253,2493974,CC(C)N1CCC(c2ccc(/C(=C(/CCCO)c3ccc(F)cc3F)c3ccc(O)cc3)cc2)CC1.Cl,Peff,0.005,10^-6 cm/s,Permeability of compound incubated for 5 hrs by PAMPA assay
22789981,2054253,338556,CN(C)CCOc1ccc(/C(=C(/CCCO)c2ccccc2)c2ccc(O)cc2)cc1,Peff,0.23,10^-6 cm/s,Permeability of compound incubated for 5 hrs by PAMPA assay
22792786,2054974,2533946,O=c1c2ccccc2oc2ccc(OCCCCCN3CCCCCC3)cc12,permeability,5.6,10^-6 cm/s,Permeability of compound in PBS buffer assessed as permeability coefficient at pH 7.4 at 200 uM incubated for 5 hrs by PAMPA based LC-MS analysis
22792787,2054974,2520215,O=c1c2cc(Cl)ccc2oc2ccc(OCCCCCN3CCCCCC3)cc12,permeability,2.2,10^-6 cm/s,Permeability of compound in PBS buffer assessed as permeability coefficient at pH 7.4 at 200 uM incubated for 5 hrs by PAMPA based LC-MS analysis
22792788,2054974,16485,Cn1c(=O)c2c(ncn2C)n(C)c1=O,permeability,15.1,10^-6 cm/s,Permeability of compound in PBS buffer assessed as permeability coefficient at pH 7.4 at 200 uM incubated for 5 hrs by PAMPA based LC-MS analysis
22812604,2059128,381693,Cn1c(=O)c2[nH]cnc2n(C)c1=O,permeability,0.12,10^-6 cm/s,Permeability of compound at 100 uM at pH 7.4 by PAMPA assay
22812605,2059128,11968,CN1C(C(=O)Nc2ccccn2)=C(O)c2ccccc2S1(=O)=O,permeability,2.5,10^-6 cm/s,Permeability of compound at 100 uM at pH 7.4 by PAMPA assay
22812606,2059128,1219,COc1ccc(CCN(C)CCCC(C#N)(c2ccc(OC)c(OC)c2)C(C)C)cc1OC,permeability,16,10^-6 cm/s,Permeability of compound at 100 uM at pH 7.4 by PAMPA assay
22818230,2060396,2349792,CC(=O)N[C@@H]1C[C@H](N(C)C(C)C)CC[C@@H]1N1CC[C@H](Nc2ncnc3ccc(C(F)(F)F)cc23)C1=O,permeability,443,nm/s,Permeability of the compound at pH 7.4 after 4 hrs by PAMPA
22818231,2060396,2488973,CC(=O)N[C@@H]1C[C@H](N(C)C)CC[C@@H]1N1CC[C@H](Nc2ncnc3ccc(C(F)(F)F)cc23)C1=O,permeability,557,nm/s,Permeability of the compound at pH 7.4 after 4 hrs by PAMPA
22818232,2060396,2490041,CC(=O)N[C@@H]1C[C@H](NC(C)C)CC[C@@H]1N1CC[C@H](Nc2ncnc3ccc(C(F)(F)F)cc23)C1=O,permeability,208,nm/s,Permeability of the compound at pH 7.4 after 4 hrs by PAMPA
22818233,2060396,2507435,CN[C@@H]1CC[C@H](N2CC[C@H](Nc3ncnc4ccc(C(F)(F)F)cc34)C2=O)[C@H](NC(C)=O)C1,permeability,235,nm/s,Permeability of the compound at pH 7.4 after 4 hrs by PAMPA
22818234,2060396,2504789,CC(=O)N[C@@H]1C[C@H](N)CC[C@@H]1N1CC[C@H](Nc2ncnc3ccc(C(F)(F)F)cc23)C1=O,permeability,30,nm/s,Permeability of the compound at pH 7.4 after 4 hrs by PAMPA
22818235,2060396,2518017,CC(=O)N[C@@H]1C[C@H](NC(C)(C)C)CC[C@@H]1N1CC[C@H](Nc2ncnc3ccc(C(F)(F)F)cc23)C1=O,permeability,560,nm/s,Permeability of the compound at pH 7.4 after 4 hrs by PAMPA
22818236,2060396,2493868,CC(=O)N[C@@H]1C[C@H](NC(C)(C)C)CC[C@@H]1N1CC[C@H](Nc2ncnc3ccc(OC(F)(F)F)cc23)C1=O,permeability,507,nm/s,Permeability of the compound at pH 7.4 after 4 hrs by PAMPA
22818238,2060396,2505194,CN[C@@H]1CC[C@H](N2CC[C@H](NC(=O)c3cccc(C(C)(C)C)n3)C2=O)[C@H](NC(C)=O)C1,permeability,30,nm/s,Permeability of the compound at pH 7.4 after 4 hrs by PAMPA
22818239,2060396,2511797,CC(=O)N[C@@H]1C[C@H](NC(C)(C)C)CC[C@@H]1N1CC[C@H](NC(=O)c2cccc(C(C)(C)C)n2)C1=O,permeability,332,nm/s,Permeability of the compound at pH 7.4 after 4 hrs by PAMPA
22818240,2060396,2526799,CC(=O)N[C@@H]1C[C@H](NC(C)(C)C)CC[C@@H]1N1CC[C@H](Nc2ncnc3ccc(C(C)(C)C)nc23)C1=O,permeability,251,nm/s,Permeability of the compound at pH 7.4 after 4 hrs by PAMPA
22844584,2066012,2531169,CCOc1nc(Nc2ccc(C(=O)N3CCOCC3)cc2OC)nc2[nH]ccc12,permeability,480,nm/s,Artificial membrane permeability by PAMPA method
22844585,2066012,2497232,CCOc1nc(Nc2ccc(C(=O)N3CCOCC3)cc2)nc2[nH]ccc12,permeability,510,nm/s,Artificial membrane permeability by PAMPA method
22844586,2066012,2509289,NC(=O)c1ccc(Nc2nc(NCC(F)(F)F)c3cc[nH]c3n2)cc1,permeability,36,nm/s,Artificial membrane permeability by PAMPA method
22854908,2069344,2493403,COc1cc(Nc2ncc(CCc3c(F)c(OC)cc(OC)c3Cl)cn2)ccc1N1CCC(N2CCN(C)CC2)CC1,permeability,19.4,10^-6 cm/s,Permeability of compound at pH 7.4 incubated for 2 hrs by PAMPA assay
22854909,2069344,2528028,COc1cc(CCc2cnc(Nc3ccc(N4CCC(N5CCN(C)CC5)CC4)c(OC)c3)nc2)c(F)c(OC)c1,permeability,24.4,10^-6 cm/s,Permeability of compound at pH 7.4 incubated for 2 hrs by PAMPA assay
22854910,2069344,2511110,COc1cc(Nc2ncc(CCc3c(F)c(OC)cc(OC)c3F)cn2)ccc1N1CCC(N2CCN(C)CC2)CC1,permeability,18.4,10^-6 cm/s,Permeability of compound at pH 7.4 incubated for 2 hrs by PAMPA assay
22854911,2069344,2498261,COc1cc(Nc2ncc(CCc3c(Cl)c(OC)cc(OC)c3Cl)cn2)ccc1N1CCC(N2CCN(C)CC2)CC1,permeability,18.7,10^-6 cm/s,Permeability of compound at pH 7.4 incubated for 2 hrs by PAMPA assay
22854912,2069344,2489178,COc1cc(COc2cnc(Nc3ccc(N4CCC(N5CCN(C)CC5)CC4)c(OC)c3)nc2)cc(OC)c1,permeability,18.5,10^-6 cm/s,Permeability of compound at pH 7.4 incubated for 2 hrs by PAMPA assay
22854913,2069344,2521835,COc1cc(OC)cc(OCc2cnc(Nc3ccc(N4CCC(N5CCN(C)CC5)CC4)c(OC)c3)nc2)c1,permeability,30,10^-6 cm/s,Permeability of compound at pH 7.4 incubated for 2 hrs by PAMPA assay
22854914,2069344,2525631,COc1cc(OC)cc(C(=O)N(C)c2cnc(Nc3ccc(N4CCC(N5CCN(C)CC5)CC4)c(OC)c3)nc2)c1,permeability,3.7,10^-6 cm/s,Permeability of compound at pH 7.4 incubated for 2 hrs by PAMPA assay
22854915,2069344,2503612,COc1cc(CCc2cnc(Nc3ccc(N4CCC(N5CCN(C)CC5)CC4)c(OC)c3)nc2)cc(OC)c1,permeability,15.1,10^-6 cm/s,Permeability of compound at pH 7.4 incubated for 2 hrs by PAMPA assay
22854916,2069344,2525537,COc1cc(CNc2cnc(Nc3ccc(N4CCC(N5CCN(C)CC5)CC4)c(OC)c3)nc2)cc(OC)c1,permeability,18.1,10^-6 cm/s,Permeability of compound at pH 7.4 incubated for 2 hrs by PAMPA assay
22854917,2069344,2535270,COc1cc(OC)cc(C(=O)Nc2cnc(Nc3ccc(N4CCC(N5CCN(C)CC5)CC4)c(OC)c3)nc2)c1,permeability,2.9,10^-6 cm/s,Permeability of compound at pH 7.4 incubated for 2 hrs by PAMPA assay
22854918,2069344,2518989,COc1cc(OC)cc(C(=O)Nc2cnc(Nc3ccc(N4CCC(N5CCN(C)CC5)CC4)c(OC)c3)nc2NCCS(C)(=O)=O)c1,permeability,0.2,10^-6 cm/s,Permeability of compound at pH 7.4 incubated for 2 hrs by PAMPA assay
22854919,2069344,2530438,COc1cc(OC)cc(C(=O)Nc2cnc(Nc3ccc(N4CCC(N5CCN(C)CC5)CC4)c(OC)c3)nc2Nc2ccccc2)c1,permeability,0.4,10^-6 cm/s,Permeability of compound at pH 7.4 incubated for 2 hrs by PAMPA assay
22854920,2069344,2471477,CCNS(=O)(=O)c1ccccc1Nc1nc(Nc2ccc(N3CCC(N4CCN(C)CC4)CC3)c(OC)c2)ncc1CCc1cc(OC)cc(OC)c1,permeability,1.8,10^-6 cm/s,Permeability of compound at pH 7.4 incubated for 2 hrs by PAMPA assay
22854921,2069344,2478631,CCNS(=O)(=O)c1ccccc1Nc1nc(Nc2ccc(N3CCC(N4CCN(C)CC4)CC3)c(OC)c2)ncc1NC(=O)c1cc(OC)cc(OC)c1,permeability,1.4,10^-6 cm/s,Permeability of compound at pH 7.4 incubated for 2 hrs by PAMPA assay
22895279,2074782,2299061,Cc1ncsc1-c1ccc(CNC(=O)[C@@H]2C[C@@H](O)CN2C(=O)[C@@H](NC(=O)COCCOCCOCCNC(=O)C[C@@H]2N=C(c3ccc(Cl)cc3)c3c(sc(C)c3C)-n3c(C)nnc32)C(C)(C)C)cc1,Peff,0.03,10^-6 cm/s,Permeability of the compound in phosphate buffer containing 5% DMSO at pH 7.4 incubated for 15 hrs by PAMPA based LC/MS analysis
22895280,2074782,2299649,Cc1ncsc1-c1ccc(CNC(=O)[C@@H]2C[C@@H](O)CN2C(=O)[C@@H](NC(=O)COCCOCCNC(=O)C[C@@H]2N=C(c3ccc(Cl)cc3)c3c(sc(C)c3C)-n3c(C)nnc32)C(C)(C)C)cc1,Peff,0.6,10^-6 cm/s,Permeability of the compound in phosphate buffer containing 5% DMSO at pH 7.4 incubated for 15 hrs by PAMPA based LC/MS analysis
22895281,2074782,2507212,Cc1ncsc1-c1ccc(CNC(=O)[C@@H]2C[C@@H](O)CN2C(=O)[C@@H](NC(=O)[C@H](Cc2ccccc2)NC(=O)COCCOCCOCCNC(=O)C[C@@H]2N=C(c3ccc(Cl)cc3)c3c(sc(C)c3C)-n3c(C)nnc32)C(C)(C)C)cc1,Peff,0.006,10^-6 cm/s,Permeability of the compound in phosphate buffer containing 5% DMSO at pH 7.4 incubated for 15 hrs by PAMPA based LC/MS analysis
22895282,2074782,2493415,CC(=O)N[C@H](C(=O)N1C[C@H](O)C[C@H]1C(=O)NCc1ccc(-c2scnc2C)cc1)C(C)(C)SCCOCCNC(=O)C[C@@H]1N=C(c2ccc(Cl)cc2)c2c(sc(C)c2C)-n2c(C)nnc21,Peff,0.005,10^-6 cm/s,Permeability of the compound in phosphate buffer containing 5% DMSO at pH 7.4 incubated for 15 hrs by PAMPA based LC/MS analysis
22895283,2074782,2488398,CC(=O)N[C@H](C(=O)N1C[C@H](O)C[C@H]1C(=O)NCc1ccc(-c2scnc2C)cc1)C(C)(C)SCCOCCOCCNC(=O)C[C@@H]1N=C(c2ccc(Cl)cc2)c2c(sc(C)c2C)-n2c(C)nnc21,Peff,0.003,10^-6 cm/s,Permeability of the compound in phosphate buffer containing 5% DMSO at pH 7.4 incubated for 15 hrs by PAMPA based LC/MS analysis
22895284,2074782,2506139,CC(=O)N[C@H](C(=O)N1C[C@H](O)C[C@H]1C(=O)NCc1ccc(-c2scnc2C)cc1)C(C)(C)SCCCCNC(=O)C[C@@H]1N=C(c2ccc(Cl)cc2)c2c(sc(C)c2C)-n2c(C)nnc21,Peff,0.002,10^-6 cm/s,Permeability of the compound in phosphate buffer containing 5% DMSO at pH 7.4 incubated for 15 hrs by PAMPA based LC/MS analysis
22895285,2074782,2300325,CC(=O)N1c2ccc(-c3ccc(C(=O)NCCOCCOCC(=O)N[C@H](C(=O)N4C[C@H](O)C[C@H]4C(=O)NCc4ccc(-c5scnc5C)cc4)C(C)(C)C)cc3)cc2[C@H](Nc2ccc(Cl)cc2)C[C@@H]1C,Peff,0.3,10^-6 cm/s,Permeability of the compound in phosphate buffer containing 5% DMSO at pH 7.4 incubated for 15 hrs by PAMPA based LC/MS analysis
22895286,2074782,2298867,CC(=O)N1c2ccc(-c3ccc(C(=O)NCCOCCOCCOCCOCC(=O)N[C@H](C(=O)N4C[C@H](O)C[C@H]4C(=O)NCc4ccc(-c5scnc5C)cc4)C(C)(C)C)cc3)cc2[C@H](Nc2ccc(Cl)cc2)C[C@@H]1C,Peff,0.16,10^-6 cm/s,Permeability of the compound in phosphate buffer containing 5% DMSO at pH 7.4 incubated for 15 hrs by PAMPA based LC/MS analysis
22895287,2074782,2496281,Cc1ncsc1-c1ccc(CNC(=O)[C@@H]2C[C@@H](O)CN2C(=O)[C@@H](NC(=O)COCCOCCOCCOCC(=O)N[C@H](C(=O)N2C[C@H](O)C[C@H]2C(=O)NCc2ccc(-c3scnc3C)cc2)C(C)(C)C)C(C)(C)C)cc1,Peff,0.009,10^-6 cm/s,Permeability of the compound in phosphate buffer containing 5% DMSO at pH 7.4 incubated for 15 hrs by PAMPA based LC/MS analysis
22895288,2074782,2488154,Cc1ncsc1-c1ccc(CNC(=O)[C@@H]2C[C@@H](O)CN2C(=O)[C@@H](NC(=O)COCCOCCOCCOCCOCCOCC(=O)N[C@H](C(=O)N2C[C@H](O)C[C@H]2C(=O)NCc2ccc(-c3scnc3C)cc2)C(C)(C)C)C(C)(C)C)cc1,Peff,0.005,10^-6 cm/s,Permeability of the compound in phosphate buffer containing 5% DMSO at pH 7.4 incubated for 15 hrs by PAMPA based LC/MS analysis
22895289,2074782,2534838,Cc1ncsc1-c1ccc(CNC(=O)[C@@H]2C[C@H](O)CN2C(=O)[C@@H](NC(=O)COCCOCCOCCOCCOCCOCC(=O)N[C@H](C(=O)N2C[C@@H](O)C[C@H]2C(=O)NCc2ccc(-c3scnc3C)cc2)C(C)(C)C)C(C)(C)C)cc1,Peff,0.002,10^-6 cm/s,Permeability of the compound in phosphate buffer containing 5% DMSO at pH 7.4 incubated for 15 hrs by PAMPA based LC/MS analysis
22895290,2074783,1282795,Cc1sc2c(c1C)C(c1ccc(Cl)cc1)=N[C@@H](CC(=O)OC(C)(C)C)c1nnc(C)n1-2,Peff,5.6,10^-6 cm/s,Permeability of the compound in phosphate buffer containing 5% DMSO at pH 7.4 incubated for 7 hrs by PAMPA based LC/MS analysis
22895291,2074783,2519211,Cc1ncsc1-c1ccc(CNC(=O)[C@@H]2C[C@@H](O)CN2C(=O)[C@@H](OC(=O)Cc2ccccc2)C(C)(C)C)cc1,Peff,16,10^-6 cm/s,Permeability of the compound in phosphate buffer containing 5% DMSO at pH 7.4 incubated for 7 hrs by PAMPA based LC/MS analysis
22895292,2074783,2520076,Cc1ncsc1-c1ccc(CNC(=O)[C@@H]2C[C@@H](O)CN2C(=O)[C@@H](NC(=O)Cc2ccccc2)C(C)(C)C)cc1,Peff,8.6,10^-6 cm/s,Permeability of the compound in phosphate buffer containing 5% DMSO at pH 7.4 incubated for 7 hrs by PAMPA based LC/MS analysis
22895293,2074783,2496745,Cc1ncsc1-c1ccc(CNC(=O)[C@@H]2C[C@@H](O)CN2C(=O)[C@@H](OC(=O)CCOCCOCCOCCNC(=O)Cc2ccccc2)C(C)(C)C)cc1,Peff,0.3,10^-6 cm/s,Permeability of the compound in phosphate buffer containing 5% DMSO at pH 7.4 incubated for 7 hrs by PAMPA based LC/MS analysis
22895294,2074783,2529863,Cc1ncsc1-c1ccc(CNC(=O)[C@@H]2C[C@@H](O)CN2C(=O)[C@@H](NC(=O)CCOCCOCCOCCNC(=O)Cc2ccccc2)C(C)(C)C)cc1,Peff,0.2,10^-6 cm/s,Permeability of the compound in phosphate buffer containing 5% DMSO at pH 7.4 incubated for 7 hrs by PAMPA based LC/MS analysis
22919051,2080348,2278860,CCc1nc2c(N3CCNCC3)ccnc2n1Cc1cccc(F)c1,permeability,5.84,10^-6 cm/s,Permeability in PBS at pH 7.4 at 100 uM incubated for 5 hrs at room temperature by by UPLC/MS analysis based PAMPA method
22919052,2080348,2504151,CCc1nc2c(N3CCNCC3)nccc2n1S(=O)(=O)c1cccc(Cl)c1,permeability,6.97,10^-6 cm/s,Permeability in PBS at pH 7.4 at 100 uM incubated for 5 hrs at room temperature by by UPLC/MS analysis based PAMPA method
22919053,2080348,1219,COc1ccc(CCN(C)CCCC(C#N)(c2ccc(OC)c(OC)c2)C(C)C)cc1OC,permeability,1.85,10^-5cm/s,Permeability in PBS at pH 7.4 at 100 uM incubated for 5 hrs at room temperature by by UPLC/MS analysis based PAMPA method
22931082,2083010,2321712,CNC(=O)Nc1ccc2c(c1)CC[C@@]21OC(=O)N(CC(=O)N(Cc2ccc(F)cc2)[C@@H](C)C(F)(F)F)C1=O,permeability,1,10^-6 cm/s,Permeability of the compound by PAMPA
22931083,2083010,2516723,C[C@H](N(Cc1ccc(F)cc1)C(=O)CN1C(=O)N[C@]2(C[C@@H](F)c3cc(-c4cnn(C)c4)ccc32)C1=O)C(F)(F)F,permeability,2.56,10^-6 cm/s,Permeability of the compound by PAMPA
22931084,2083010,2505963,C[C@H](N(Cc1ccc(F)cc1)C(=O)CN1C(=O)N[C@]2(C[C@@H](O)c3cc(-c4cnn(C)c4)ccc32)C1=O)C(F)(F)F,permeability,0.57,10^-6 cm/s,Permeability of the compound by PAMPA
22931085,2083010,2536135,C[C@H](N(Cc1ccc(F)cc1)C(=O)CN1C(=O)N[C@]2(CC(=O)c3cc(-c4cnn(C)c4)ccc32)C1=O)C(F)(F)F,permeability,2.5,10^-6 cm/s,Permeability of the compound by PAMPA
22931086,2083010,2521218,C[C@H](N(Cc1ccc(F)cc1)C(=O)CN1C(=O)N[C@]2(CS(=O)(=O)c3cc(-c4cnn(C)c4)ccc32)C1=O)C(F)(F)F,permeability,2.1,10^-6 cm/s,Permeability of the compound by PAMPA
22931087,2083010,2523698,C[C@H](N(Cc1ccc(F)cc1)C(=O)CN1C(=O)N[C@]2(CCc3cc(-c4cnn(C)c4)ccc32)C1=O)C(F)(F)F,permeability,3.5,10^-6 cm/s,Permeability of the compound by PAMPA
22931088,2083010,2492370,C[C@H](N(Cc1ccc(F)cc1)C(=O)CN1C(=O)N[C@]2(C[C@@H](F)c3cc(-c4cnn(CC(=O)N(C)C)c4)ccc32)C1=O)C(F)(F)F,permeability,1,10^-6 cm/s,Permeability of the compound by PAMPA
22931089,2083010,2519797,C[C@H](N(Cc1ccc(F)cc1)C(=O)CN1C(=O)N[C@]2(C[C@@H](F)c3cc(-c4cnn(CCO)c4)ccc32)C1=O)C(F)(F)F,permeability,0.87,10^-6 cm/s,Permeability of the compound by PAMPA
22931090,2083010,2524190,CNC(=O)Cn1cc(-c2ccc3c(c2)[C@H](F)C[C@]32NC(=O)N(CC(=O)N(Cc3ccc(F)cc3)[C@@H](C)C(F)(F)F)C2=O)cn1,permeability,0.81,10^-6 cm/s,Permeability of the compound by PAMPA
22931091,2083010,2509550,CNC(=O)Nc1ccc2c(c1)[C@H](F)C[C@]21NC(=O)N(CC(=O)N(Cc2ccc(F)cc2)[C@@H](C)C(F)(F)F)C1=O,permeability,0.14,10^-6 cm/s,Permeability of the compound by PAMPA
22978404,2091039,2521317,COc1ccccc1N1CCN(CCCCC(=O)Nc2cccc(C(C)(C)C)c2)CC1.Cl,Peff,4.8,10^-6 cm/s,Effective permeability of the compound at 200 uM incubated for 5 hrs by PAMPA based UPLC/MS analysis
22978405,2091039,2523991,COc1ccccc1N1CCN(CCCCC(=O)Nc2cccc(C(C)C)c2)CC1.Cl,Peff,8.6,10^-6 cm/s,Effective permeability of the compound at 200 uM incubated for 5 hrs by PAMPA based UPLC/MS analysis
22978406,2091039,2518876,COc1ccccc1N1CCN(CCCCC(=O)Nc2ccc(C(C)C)cc2)CC1.Cl,Peff,10.5,10^-6 cm/s,Effective permeability of the compound at 200 uM incubated for 5 hrs by PAMPA based UPLC/MS analysis
22978407,2091039,246,CCn1cc(C(=O)O)c(=O)c2cc(F)c(N3CCNCC3)cc21,Peff,0.6,10^-6 cm/s,Effective permeability of the compound at 200 uM incubated for 5 hrs by PAMPA based UPLC/MS analysis
22978408,2091039,16485,Cn1c(=O)c2c(ncn2C)n(C)c1=O,Peff,15.1,10^-6 cm/s,Effective permeability of the compound at 200 uM incubated for 5 hrs by PAMPA based UPLC/MS analysis
22992787,2094360,2516709,C[C@H](CCC(=O)OCCOCCOCCN=[N+]=[N-])[C@H]1CC[C@H]2[C@@H]3CC[C@@H]4C[C@H](OC(=O)[C@H](CC(=O)O)Nc5ccc([N+](=O)[O-])c6nonc56)CC[C@]4(C)[C@H]3CC[C@]12C,Papp,3.6,ucm/s,Apparent permeability at pH 7.4 by PAMPA
22992788,2094360,2521966,C[C@H](CCC(=O)OCCOCCOCCOCCN=[N+]=[N-])[C@H]1CC[C@H]2[C@@H]3CC[C@@H]4C[C@H](OC(=O)[C@H](CC(=O)O)Nc5ccc([N+](=O)[O-])c6nonc56)CC[C@]4(C)[C@H]3CC[C@]12C,Papp,9,ucm/s,Apparent permeability at pH 7.4 by PAMPA
22992789,2094360,27340,O=C(N[C@H](CO)[C@H](O)c1ccc([N+](=O)[O-])cc1)C(Cl)Cl,Papp,8.8,ucm/s,Apparent permeability at pH 7.4 by PAMPA
22992790,2094360,29890,O=C(O)Cc1ccccc1Nc1c(Cl)cccc1Cl,Papp,7.1,ucm/s,Apparent permeability at pH 7.4 by PAMPA
22992791,2094360,381693,Cn1c(=O)c2[nH]cnc2n(C)c1=O,Papp,1.4,ucm/s,Apparent permeability at pH 7.4 by PAMPA
23147223,2101172,2553694,[2H]C([2H])([2H])c1nnn(C)c1-c1cnc2c3cc(F)c(C(C)(C)O)cc3n([C@H](c3ccccc3)C3CCOCC3)c2c1,permeability,690,nm/s,Permeability of the compound at pH 7.4 by PAMPA
23147224,2101172,2544082,Cc1nnn(C)c1-c1cnc2c3ccc(C(C)(C)O)cc3n(C(c3cnn[nH]3)C3CCOCC3)c2c1,permeability,120,nm/s,Permeability of the compound at pH 7.4 by PAMPA
23147225,2101172,2565540,Cc1cc([C@H](C2CCOCC2)n2c3cc(C(C)(C)O)ccc3c3ncc(-c4c(C)nnn4C)cc32)n(C)n1,permeability,150,nm/s,Permeability of the compound at pH 7.4 by PAMPA
23147226,2101172,2551513,Cc1cc([C@H](C2CCOCC2)n2c3cc(C(C)(C)O)ccc3c3ncc(-c4c(C)nnn4C)cc32)no1,permeability,350,nm/s,Permeability of the compound at pH 7.4 by PAMPA
23147227,2101172,2556970,[2H]C([2H])([2H])c1nnn(C)c1-c1cnc2c3ccc(C(C)(C)O)cc3n([C@H](c3cc(C)on3)C3CCOCC3)c2c1,permeability,260,nm/s,Permeability of the compound at pH 7.4 by PAMPA
23147228,2101172,2568974,[2H]C([2H])([2H])c1nnn(C)c1-c1cnc2c3ccc(C(C)(C)O)c(F)c3n([C@H](c3cc(C)on3)C3CCOCC3)c2c1,permeability,800,nm/s,Permeability of the compound at pH 7.4 by PAMPA
23147229,2101172,2562974,[2H]C([2H])([2H])c1nnn(C)c1-c1cnc2c3cc(F)c(C(C)(C)O)cc3n([C@H](c3cc(C)on3)C3CCOCC3)c2c1,permeability,690,nm/s,Permeability of the compound at pH 7.4 by PAMPA
23147230,2101172,2548887,[2H]C([2H])([2H])c1nnn(C)c1-c1cnc2c3c(F)cc(C(C)(C)O)cc3n([C@H](c3cc(C)on3)C3CCOCC3)c2c1,permeability,410,nm/s,Permeability of the compound at pH 7.4 by PAMPA
23147231,2101172,2557944,[2H]C([2H])([2H])c1nnn(C)c1-c1cnc2c3ccc(C(C)(C)O)cc3n([C@H](c3ccc(Cl)cn3)C3CCOCC3)c2c1,permeability,610,nm/s,Permeability of the compound at pH 7.4 by PAMPA
23147232,2101172,2542642,[2H]C([2H])([2H])c1nnn(C)c1-c1cnc2c3ccc(C(C)(C)O)cc3n([C@H](c3ncccc3F)C3CCOCC3)c2c1,permeability,270,nm/s,Permeability of the compound at pH 7.4 by PAMPA
23147233,2101172,2540666,[2H]C([2H])([2H])c1nnn(C)c1-c1cnc2c3ccc(C(C)(C)O)c(F)c3n([C@H](c3ncccc3F)C3CCOCC3)c2c1,permeability,420,nm/s,Permeability of the compound at pH 7.4 by PAMPA
23153005,2102452,2566354,CCCCc1nc(=O)c(S(=O)(=O)c2ccc(-c3ccnc(NC(=O)C4CC4)c3)cc2)c(O)n1-c1c(OC)cccc1OC,permeability,11,nm/s,Permeability of the compound at pH 7.4 by PAMPA
23153006,2102452,2568218,CCCCc1nc(=O)c(S(=O)(=O)c2ccc(-c3ccc(F)cc3)cc2)c(O)n1-c1c(OC)cccc1OC,permeability,132,nm/s,Permeability of the compound at pH 7.4 by PAMPA
23153007,2102452,2566987,CCCCc1nc(=O)c(S(=O)(=O)c2ccc(-c3cccnc3)cc2)c(O)n1-c1c(OC)cccc1OC,permeability,6,nm/s,Permeability of the compound at pH 7.4 by PAMPA
23153008,2102452,2548775,CCCCc1nc(=O)c(S(=O)(=O)c2ccc(-c3ccc(F)nc3)cc2)c(O)n1-c1c(OC)cccc1OC,permeability,24,nm/s,Permeability of the compound at pH 7.4 by PAMPA
23153009,2102452,2566116,CCCCc1nc(=O)c(S(=O)(=O)c2ccc(-n3ccccc3=O)cc2)c(O)n1-c1c(OC)cccc1OC,permeability,1,nm/s,Permeability of the compound at pH 7.4 by PAMPA
23153010,2102452,2544589,CCCCc1nc(=O)c(S(=O)(=O)c2ccc(-n3cc(Cl)ccc3=O)cc2)c(O)n1-c1c(OC)cccc1OC,permeability,0,nm/s,Permeability of the compound at pH 7.4 by PAMPA
23153011,2102452,2557325,CCCCc1[nH]c(=O)c(S(=O)(=O)c2ccc(-c3ccncc3C)cc2)c(O)c1-c1c(OC)cccc1OC,permeability,76,nm/s,Permeability of the compound at pH 7.4 by PAMPA
23153013,2102452,2543953,CCCCc1[nH]c(=O)c(S(=O)(=O)c2ccc(-n3ccccc3=O)cc2)c(O)c1-c1c(OC)cccc1OC,permeability,5,nm/s,Permeability of the compound at pH 7.4 by PAMPA
23153014,2102452,2565963,CCCCc1[nH]c(=O)c(S(=O)(=O)c2ccc(-n3cc(Cl)ccc3=O)cc2)c(O)c1-c1c(OC)cccc1OC,permeability,22,nm/s,Permeability of the compound at pH 7.4 by PAMPA
23153015,2102452,2549689,COc1cccc(OC)c1-n1c(CCC(C)C)nc(=O)c(S(=O)(=O)c2ccc(-c3ccc(F)nc3)cc2)c1O,permeability,35,nm/s,Permeability of the compound at pH 7.4 by PAMPA
23153016,2102452,2571827,COc1cccc(OC)c1-n1c(COC(C)C)nc(=O)c(S(=O)(=O)c2ccc(-c3ccc(F)nc3)cc2)c1O,permeability,4,nm/s,Permeability of the compound at pH 7.4 by PAMPA
23153017,2102452,2571584,CCCCc1nc(=O)c(S(=O)(=O)c2ccccc2)c(O)n1-c1c(OC)cccc1OC,permeability,1.5,nm/s,Permeability of the compound at pH 7.4 by PAMPA
23153018,2102452,2559725,CCCCc1nc(=O)c(S(=O)(=O)c2ccc(C)cc2)c(O)n1-c1c(OC)cccc1OC,permeability,7,nm/s,Permeability of the compound at pH 7.4 by PAMPA
23153019,2102452,2558313,CCCCc1nc(=O)c(S(=O)(=O)c2ccc(C3CC3)cc2)c(O)n1-c1c(OC)cccc1OC,permeability,22,nm/s,Permeability of the compound at pH 7.4 by PAMPA
23160958,2103890,2560849,CCCc1c(C(=O)N2CCNCC2)cc(-c2nc(-c3ccc(Cl)cc3)cs2)c(=O)n1-c1c(CC)cccc1CC,permeability,134,10^-6 cm/s,Permeability of compound at pH 7.4 by PAMPA assay
23160959,2103890,2558560,CCc1cccc(CC)c1-n1c(CC(C)C)c(C(=O)N2CCNCC2)cc(-c2nc(-c3ccc(Cl)cc3)cs2)c1=O,permeability,16,10^-6 cm/s,Permeability of compound at pH 7.4 by PAMPA assay
23160960,2103890,2553854,CCc1cccc(CC)c1-n1c(C=C(C)C)c(C(=O)N2CCNCC2)cc(-c2nc(-c3ccc(Cl)cc3)cs2)c1=O,permeability,225,10^-6 cm/s,Permeability of compound at pH 7.4 by PAMPA assay
23160961,2103890,2541925,CCc1cccc(CC)c1-n1c(CC2CC2)c(C(=O)N2CCNCC2)cc(-c2nc(-c3ccc(Cl)cc3)cs2)c1=O,permeability,43,10^-6 cm/s,Permeability of compound at pH 7.4 by PAMPA assay
23160962,2103890,2546317,CCc1cccc(CC)c1-n1c(CC2CCNC2)c(C(=O)N2CCNCC2)cc(-c2nc(-c3ccc(Cl)cc3)cs2)c1=O,permeability,24,10^-6 cm/s,Permeability of compound at pH 7.4 by PAMPA assay
23160963,2103890,2545479,CCc1cccc(CC)c1-n1c(C=C(C)C)c(C(=O)N2CCNCC2C)cc(-c2nc(-c3ccc(Cl)cc3)cs2)c1=O,permeability,40,10^-6 cm/s,Permeability of compound at pH 7.4 by PAMPA assay
23160964,2103890,2539539,CCc1cccc(CC)c1-n1c(C=C(C)C)c(C(=O)N2CCNC3(CC3)C2)cc(-c2nc(-c3ccc(Cl)cc3)cs2)c1=O,permeability,48,10^-6 cm/s,Permeability of compound at pH 7.4 by PAMPA assay
23160965,2103890,2569048,CCc1cccc(CC)c1-n1c(C=C(C)C)c(C(=O)N2CCNC(=O)C2)cc(-c2nc(-c3ccc(Cl)cc3)cs2)c1=O,permeability,275,10^-6 cm/s,Permeability of compound at pH 7.4 by PAMPA assay
23160966,2103890,2572785,CCc1cccc(CC)c1-n1c(C=C(C)C)c(C(=O)N2CCNC(C(=O)O)C2)cc(-c2nc(-c3ccc(Cl)cc3)cs2)c1=O,permeability,1,10^-6 cm/s,Permeability of compound at pH 7.4 by PAMPA assay
23160967,2103890,2566910,CCc1cccc(CC)c1-n1c(C=C(C)C)c(C(=O)N2CC3CCC(C2)N3)cc(-c2nc(-c3ccc(Cl)cc3)cs2)c1=O,permeability,89,10^-6 cm/s,Permeability of compound at pH 7.4 by PAMPA assay
23160968,2103890,2548695,CCc1cccc(CC)c1-n1c(C=C(C)C)c(C(=O)N2C3CCC2CNC3)cc(-c2nc(-c3ccc(Cl)cc3)cs2)c1=O,permeability,99,10^-6 cm/s,Permeability of compound at pH 7.4 by PAMPA assay
23160969,2103890,2545239,CCc1ccc(OC)cc1-n1c(C=C(C)C)c(C(=O)N2CCNCC2)cc(-c2nc(-c3ccc(Cl)cc3)cs2)c1=O,permeability,549,10^-6 cm/s,Permeability of compound at pH 7.4 by PAMPA assay
23160970,2103890,2355484,CCc1ccc(Cl)cc1-n1c(C=C(C)C)c(C(=O)N2CCNCC2)cc(-c2nc(-c3ccc(Cl)cc3)cs2)c1=O,permeability,255,10^-6 cm/s,Permeability of compound at pH 7.4 by PAMPA assay
23160971,2103890,2355484,CCc1ccc(Cl)cc1-n1c(C=C(C)C)c(C(=O)N2CCNCC2)cc(-c2nc(-c3ccc(Cl)cc3)cs2)c1=O,permeability,434,10^-6 cm/s,Permeability of compound at pH 7.4 by PAMPA assay
23162020,2104046,2568540,NC(=O)c1ccc(CNC(=O)[C@@H](NC(=O)c2ccc(Oc3ccccc3)cc2)c2ccc(OCc3ccccc3)cc2)cc1,permeability,0.61,10^-6 cm/s,Passive membrane permeability of the compound in phosphate buffered saline at 200 uM incubated for 5 hrs by PAMPA assay based HPLC analysis
23162021,2104046,2552283,NC(=O)c1cccc(NC(=O)[C@@H](NC(=O)c2ccc(Oc3ccccc3)cc2)c2ccc(OCc3ccccc3)cc2)c1,permeability,2.2,10^-6 cm/s,Passive membrane permeability of the compound in phosphate buffered saline at 200 uM incubated for 5 hrs by PAMPA assay based HPLC analysis
23162022,2104046,16485,Cn1c(=O)c2c(ncn2C)n(C)c1=O,permeability,7.3,10^-6 cm/s,Passive membrane permeability of the compound in phosphate buffered saline at 200 uM incubated for 5 hrs by PAMPA assay based HPLC analysis
23162023,2104046,15086,NC(=O)N1c2ccccc2C=Cc2ccccc21,permeability,8.9,10^-6 cm/s,Passive membrane permeability of the compound in phosphate buffered saline at 200 uM incubated for 5 hrs by PAMPA assay based HPLC analysis
23162024,2104046,921,O=C1NC(=O)C(c2ccccc2)(c2ccccc2)N1,permeability,5.7,10^-6 cm/s,Passive membrane permeability of the compound in phosphate buffered saline at 200 uM incubated for 5 hrs by PAMPA assay based HPLC analysis
23162025,2104046,2560984,N#Cc1ccc(Oc2ccc(C(=O)N[C@H](C(=O)Nc3cccc(C(N)=O)c3)c3ccc(OCc4ccccc4)cc3)cc2)cc1,permeability,1,10^-6 cm/s,Passive membrane permeability of the compound in phosphate buffered saline at 200 uM incubated for 5 hrs by PAMPA assay based HPLC analysis
23162026,2104046,2553627,NC(=O)c1cccc(NC(=O)[C@@H](NC(=O)c2ccc(Oc3ccc(C(F)(F)F)cc3)cc2)c2ccc(OCc3ccccc3)cc2)c1,permeability,1.4,10^-6 cm/s,Passive membrane permeability of the compound in phosphate buffered saline at 200 uM incubated for 5 hrs by PAMPA assay based HPLC analysis
23162027,2104046,2540896,NC(=O)c1cccc(NC(=O)[C@@H](NC(=O)c2ccc(Oc3ccc4c(c3)OCO4)cc2)c2ccc(OCc3ccccc3)cc2)c1,permeability,0.8,10^-6 cm/s,Passive membrane permeability of the compound in phosphate buffered saline at 200 uM incubated for 5 hrs by PAMPA assay based HPLC analysis
23162028,2104046,2549247,NC(=O)c1cccc(NC(=O)[C@@H](NC(=O)c2ccc(C(=O)c3ccccc3)cc2)c2ccc(OCc3ccccc3)cc2)c1,permeability,1.8,10^-6 cm/s,Passive membrane permeability of the compound in phosphate buffered saline at 200 uM incubated for 5 hrs by PAMPA assay based HPLC analysis
23162029,2104046,2547715,NC(=O)c1cccc(NC(=O)[C@@H](NC(=O)c2ccc(-c3ccc(Cl)cc3)cc2)c2ccc(OCc3ccccc3)cc2)c1,permeability,0.7,10^-6 cm/s,Passive membrane permeability of the compound in phosphate buffered saline at 200 uM incubated for 5 hrs by PAMPA assay based HPLC analysis
23162030,2104046,2569331,NC(=O)c1cccc(NC(=O)[C@@H](NC(=O)c2ccc(-c3ccco3)cc2)c2ccc(OCc3ccccc3)cc2)c1,permeability,0.45,10^-6 cm/s,Passive membrane permeability of the compound in phosphate buffered saline at 200 uM incubated for 5 hrs by PAMPA assay based HPLC analysis
23162031,2104046,2564052,NC(=O)c1cccc(NC(=O)[C@@H](NC(=O)c2ccc(N3CCOCC3)cc2)c2ccc(OCc3ccccc3)cc2)c1,permeability,1.7,10^-6 cm/s,Passive membrane permeability of the compound in phosphate buffered saline at 200 uM incubated for 5 hrs by PAMPA assay based HPLC analysis
23169707,2105316,1376107,O=C(O)c1ccc2nc(-c3cc(Cl)cc(Cl)c3)oc2c1,permeability,50,10^-6 cm/s,Permeability of the compound at 10 uM measured after 4 hrs by PAMPA based LC-MS analysis
23169705,2105316,2545039,O=C(O)c1cc(Cl)c2oc3ccccc3c(=O)c2c1,permeability,17,10^-6 cm/s,Permeability of the compound at 10 uM measured after 4 hrs by PAMPA based LC-MS analysis
23169706,2105316,2544533,Cc1cc(C(=O)O)cc2c(=O)c3ccccc3oc12,permeability,18,10^-6 cm/s,Permeability of the compound at 10 uM measured after 4 hrs by PAMPA based LC-MS analysis
23187997,2109297,2567382,NS(=O)(=O)c1ccc(Cc2c(-c3ccc(F)c(OCC4CC4(F)F)c3)nn(-c3nc(C(=O)O)cs3)c2CC2CC2)cc1F,permeability,4.9,10^-6 cm/s,Permeability of compound by PAMPA
23187998,2109297,2570554,NS(=O)(=O)c1ccc(Cc2c(-c3ccc(F)c(OC4CC4)c3)nn(-c3nc(C(=O)O)cs3)c2CC2CC2)cc1F,permeability,5.8,10^-6 cm/s,Permeability of compound by PAMPA
23187999,2109297,2553074,NS(=O)(=O)c1ccc(Cc2c(-c3cccc(OCc4ccccc4)c3)nn(-c3nc(C(=O)O)cs3)c2CC2CC2)cc1F,permeability,1.1,10^-6 cm/s,Permeability of compound by PAMPA
23188000,2109297,2566523,NS(=O)(=O)c1ccc(Cc2c(-c3ccc(F)c(OCc4cccc(F)c4)c3)nn(-c3nc(C(=O)O)cs3)c2CC2CC2)cc1F,permeability,2.9,10^-6 cm/s,Permeability of compound by PAMPA
23188001,2109297,2548729,NS(=O)(=O)c1ccc(Cc2c(-c3ccc(F)c(OCc4ccc(C(F)(F)F)o4)c3)nn(-c3nc(C(=O)O)cs3)c2CC2CC2)cc1F,permeability,12,10^-6 cm/s,Permeability of compound by PAMPA
23188002,2109297,2553837,Cc1ccc(Oc2cc(-c3nn(-c4nc(C(=O)O)cs4)c(CC4CC4)c3Cc3ccc(S(N)(=O)=O)c(F)c3)ccc2F)cc1,permeability,13,10^-6 cm/s,Permeability of compound by PAMPA
23188003,2109297,2541362,NS(=O)(=O)c1ccc(Cc2c(-c3cccc(N4CCOCC4)c3)nn(-c3nc(C(=O)O)cs3)c2CC2CC2)cc1F,permeability,1.6,10^-6 cm/s,Permeability of compound by PAMPA
23188004,2109297,2571568,NS(=O)(=O)c1ccc(Cc2c(-c3cccc(Nc4ccccc4)c3)nn(-c3nc(C(=O)O)cs3)c2CC2CC2)cc1,permeability,4.4,10^-6 cm/s,Permeability of compound by PAMPA
23188005,2109297,2571759,NS(=O)(=O)c1ccc(Cc2c(-c3ccc(F)c(NC(=O)c4ccccc4)c3)nn(-c3nc(C(=O)O)cs3)c2CC2CC2)cc1F,permeability,6.4,10^-6 cm/s,Permeability of compound by PAMPA
23188006,2109297,2546775,NS(=O)(=O)c1ccc(Cc2c(-c3ccc(F)c(C(=O)N4CCCC4)c3)nn(-c3nc(C(=O)O)cs3)c2CC2CC2)cc1F,permeability,5.7,10^-6 cm/s,Permeability of compound by PAMPA
23188007,2109297,2550569,NS(=O)(=O)c1ccc(Cc2c(-c3ccc(F)c(C(=O)NCc4ccccc4)c3)nn(-c3nc(C(=O)O)cs3)c2CC2CC2)cc1F,permeability,8.7,10^-6 cm/s,Permeability of compound by PAMPA
23193699,2110431,2539917,CC(Oc1cc(Cl)ccc1Cl)c1nc(N)nc(N2CCN(C)CC2)n1,permeability,18,10^-6 cm/s,Permeability of the compound by PAMPA
23193700,2110431,2554046,CCC(Oc1cc(Cl)ccc1Cl)c1nc(N)nc(N2CCN(C)CC2)n1,permeability,18.9,10^-6 cm/s,Permeability of the compound by PAMPA
23193701,2110431,2562497,Cc1ccc(C(C)C)c(OC(C)c2nc(N)nc(N3CCN(C)CC3)n2)c1,permeability,123,10^-6 cm/s,Permeability of the compound by PAMPA
23198062,2111384,2552063,C#CCN(C)C1=CC(=O)c2ccccc2C1=O,permeability,18.5,10^-6 cm/s,Permeability of compound at pH 7.4 measured after 6 hrs by PAMPA assay
23198063,2111384,1524110,C#CCNC1=CC(=O)c2ccccc2C1=O,permeability,20.8,10^-6 cm/s,Permeability of compound at pH 7.4 measured after 6 hrs by PAMPA assay
23198064,2111384,2555884,C#CCN(C)C1=C(Cl)C(=O)c2ccccc2C1=O,permeability,14,10^-6 cm/s,Permeability of compound at pH 7.4 measured after 6 hrs by PAMPA assay
23198065,2111384,2560162,C#CCNC1=C(Cl)C(=O)c2ccccc2C1=O,permeability,29.4,10^-6 cm/s,Permeability of compound at pH 7.4 measured after 6 hrs by PAMPA assay
23198066,2111384,2572431,C#CCNC1=CC(=O)c2cccc(OCC)c2C1=O,permeability,18.5,10^-6 cm/s,Permeability of compound at pH 7.4 measured after 6 hrs by PAMPA assay
23198067,2111384,2562289,C#CCNC1=CC(=O)c2cccc(OCc3ccccc3)c2C1=O,permeability,25.5,10^-6 cm/s,Permeability of compound at pH 7.4 measured after 6 hrs by PAMPA assay
23198068,2111384,2559811,C#CCNC1=CC(=O)c2cccc(OC)c2C1=O,permeability,18.8,10^-6 cm/s,Permeability of compound at pH 7.4 measured after 6 hrs by PAMPA assay
23198069,2111384,2566171,C#CCNC1=CC(=O)c2c(O)ccc(O)c2C1=O,permeability,43.3,10^-6 cm/s,Permeability of compound at pH 7.4 measured after 6 hrs by PAMPA assay
23198070,2111384,9333,Nc1c2c(nc3ccccc13)CCCC2,permeability,5.9,10^-6 cm/s,Permeability of compound at pH 7.4 measured after 6 hrs by PAMPA assay
23198071,2111384,9372,COc1cc2c(cc1OC)C(=O)C(CC1CCN(Cc3ccccc3)CC1)C2,permeability,21.9,10^-6 cm/s,Permeability of compound at pH 7.4 measured after 6 hrs by PAMPA assay
23198072,2111384,27251,CCN(C)C(=O)Oc1cccc([C@H](C)N(C)C)c1,permeability,18.7,10^-6 cm/s,Permeability of compound at pH 7.4 measured after 6 hrs by PAMPA assay
23198073,2111384,11674,CC(C)Cc1ccc(C(C)C(=O)O)cc1,permeability,18,10^-6 cm/s,Permeability of compound at pH 7.4 measured after 6 hrs by PAMPA assay
23198074,2111384,62615,NS(=O)(=O)c1cc2c(cc1Cl)N=CNS2(=O)=O,permeability,1.14,10^-6 cm/s,Permeability of compound at pH 7.4 measured after 6 hrs by PAMPA assay
23198075,2111384,2046,NS(=O)(=O)c1cc(C(=O)O)c(NCc2ccco2)cc1Cl,permeability,0.19,10^-6 cm/s,Permeability of compound at pH 7.4 measured after 6 hrs by PAMPA assay
23198076,2111384,1153672,CNC(=C[N+](=O)[O-])NCCSCc1ccc(CN(C)C)o1,permeability,0.04,10^-6 cm/s,Permeability of compound at pH 7.4 measured after 6 hrs by PAMPA assay
23198077,2111384,1223,O=C(O)c1cc(/N=N/c2ccc(S(=O)(=O)Nc3ccccn3)cc2)ccc1O,permeability,0.09,10^-6 cm/s,Permeability of compound at pH 7.4 measured after 6 hrs by PAMPA assay
23201848,2112184,378218,O=C(Nc1ccc([N+](=O)[O-])cc1Cl)c1cc(Cl)ccc1O,permeability,1,10^-6 cm/s,Permeability of compound by PAMPA assay
23201849,2112184,1240428,COc1ccc(Cl)cc1C(=O)Nc1ccc([N+](=O)[O-])cc1Cl,permeability,1007,10^-6 cm/s,Permeability of compound by PAMPA assay
23201850,2112184,1520935,NCCOc1ccc(Cl)cc1C(=O)Nc1ccc([N+](=O)[O-])cc1Cl,permeability,1023,10^-6 cm/s,Permeability of compound by PAMPA assay
23201851,2112184,1520934,O=C(Nc1ccc([N+](=O)[O-])cc1Cl)c1cc(Cl)ccc1OC1CCNCC1,permeability,517,10^-6 cm/s,Permeability of compound by PAMPA assay
23201853,2112184,588774,O=C(Nc1ccc([N+](=O)[O-])cc1Cl)c1cc(Br)ccc1O,permeability,67.1,10^-6 cm/s,Permeability of compound by PAMPA assay
23201855,2112184,2569069,COc1ccc(C(=O)Nc2ccc([N+](=O)[O-])cc2Cl)c(O)c1,permeability,3,10^-6 cm/s,Permeability of compound by PAMPA assay
23201856,2112184,2569793,COc1ccc(O)c(C(=O)Nc2ccc([N+](=O)[O-])cc2Cl)c1,permeability,67.1,10^-6 cm/s,Permeability of compound by PAMPA assay
23201857,2112184,1439974,Cc1ccc(O)c(C(=O)Nc2ccc([N+](=O)[O-])cc2Cl)c1,permeability,134.3,10^-6 cm/s,Permeability of compound by PAMPA assay
23201859,2112184,2562926,O=C(Nc1ccc([N+](=O)[O-])cc1Cl)c1cc([N+](=O)[O-])ccc1O,permeability,30.3,10^-6 cm/s,Permeability of compound by PAMPA assay
23201860,2112184,2544610,CC(=O)c1ccc(O)c(C(=O)Nc2ccc([N+](=O)[O-])cc2Cl)c1,permeability,33.1,10^-6 cm/s,Permeability of compound by PAMPA assay
23201861,2112184,2553946,O=C(Nc1ccc([N+](=O)[O-])cc1Cl)c1cnc2ccccc2c1O,permeability,499,10^-6 cm/s,Permeability of compound by PAMPA assay
23201862,2112184,1738506,O=C(Nc1ccc([N+](=O)[O-])cc1Cl)c1ccc2ccccc2c1O,permeability,90.2,10^-6 cm/s,Permeability of compound by PAMPA assay
23201863,2112184,2539753,O=C(Nc1ccc([N+](=O)[O-])cc1Cl)c1c(O)ccc2ccccc12,permeability,356.1,10^-6 cm/s,Permeability of compound by PAMPA assay
23201864,2112184,2554004,O=C(Nc1ccc([N+](=O)[O-])cc1Cl)c1cc(-c2ccc(F)cc2F)ccc1O,permeability,23.7,10^-6 cm/s,Permeability of compound by PAMPA assay
23201865,2112184,2562710,Nc1ccc(Cl)cc1C(=O)Nc1ccc([N+](=O)[O-])cc1Cl,permeability,671,10^-6 cm/s,Permeability of compound by PAMPA assay
23201866,2112184,2556735,Nc1cccc(Cl)c1C(=O)Nc1ccc([N+](=O)[O-])cc1Cl,permeability,450,10^-6 cm/s,Permeability of compound by PAMPA assay
23201867,2112184,2547814,CC(=O)Nc1ccccc1C(=O)Nc1ccc([N+](=O)[O-])cc1Cl,permeability,431,10^-6 cm/s,Permeability of compound by PAMPA assay
23201868,2112184,2539770,CS(=O)(=O)Nc1ccc(Br)cc1C(=O)Nc1ccc([N+](=O)[O-])cc1Cl,permeability,85.1,10^-6 cm/s,Permeability of compound by PAMPA assay
23201869,2112184,2552730,O=C(Nc1ccc([N+](=O)[O-])cc1Cl)c1cc(Cl)ccc1NS(=O)(=O)c1ccccc1,permeability,2250,10^-6 cm/s,Permeability of compound by PAMPA assay
23201870,2112184,2569530,O=C(Nc1ccc([N+](=O)[O-])cc1Cl)c1cccc2cc[nH]c12,permeability,1763,10^-6 cm/s,Permeability of compound by PAMPA assay
23201871,2112184,1957937,O=C(Nc1ccccc1Cl)c1cc(Cl)ccc1O,permeability,118,10^-6 cm/s,Permeability of compound by PAMPA assay
23201872,2112184,1365678,O=C(Nc1ccc([N+](=O)[O-])cc1)c1cc(Cl)ccc1O,permeability,127.1,10^-6 cm/s,Permeability of compound by PAMPA assay
23201873,2112184,796278,O=C(Nc1c(Cl)cc([N+](=O)[O-])cc1Cl)c1cc(Cl)ccc1O,permeability,53,10^-6 cm/s,Permeability of compound by PAMPA assay
23201874,2112184,2383641,O=C(Nc1ccc([N+](=O)[O-])c(Cl)c1)c1cc(Cl)ccc1O,permeability,68,10^-6 cm/s,Permeability of compound by PAMPA assay
23201875,2112184,473405,COc1cc([N+](=O)[O-])ccc1NC(=O)c1cc(Cl)ccc1O,permeability,334.4,10^-6 cm/s,Permeability of compound by PAMPA assay
23201876,2112184,2540414,CC(C)c1cnc(NC(=O)c2cc(Cl)ccc2O)s1,permeability,117,10^-6 cm/s,Permeability of compound by PAMPA assay
23201877,2112184,1275498,O=C(Nc1ncc([N+](=O)[O-])s1)c1cc(Cl)ccc1O,permeability,37,10^-6 cm/s,Permeability of compound by PAMPA assay
23201878,2112184,2434146,O=C(Nc1ccncc1Cl)c1cc(Cl)ccc1O,permeability,31,10^-6 cm/s,Permeability of compound by PAMPA assay
23201879,2112184,1439957,Nc1ccc(NC(=O)c2cc(Cl)ccc2O)c(Cl)c1,permeability,152,10^-6 cm/s,Permeability of compound by PAMPA assay
23201880,2112184,2543877,CN1CCC(NC(=O)c2cc(Cl)ccc2O)CC1,permeability,212,10^-6 cm/s,Permeability of compound by PAMPA assay
23201881,2112184,2374006,N#Cc1ccc(NC(=O)c2cc(Cl)ccc2O)c(Cl)c1,permeability,5.1,10^-6 cm/s,Permeability of compound by PAMPA assay
23201882,2112184,1957941,O=C(Nc1ccc(F)cc1Cl)c1cc(Cl)ccc1O,permeability,50.5,10^-6 cm/s,Permeability of compound by PAMPA assay
23201885,2112184,1511872,O=C(Nc1ccc(F)cc1)c1cc(Cl)ccc1O,permeability,390.8,10^-6 cm/s,Permeability of compound by PAMPA assay
23201886,2112184,2562698,O=C(Nc1c(Cl)cc(F)cc1Cl)c1cc(Cl)ccc1O,permeability,25,10^-6 cm/s,Permeability of compound by PAMPA assay
23201887,2112184,2562063,NS(=O)(=O)c1ccc(NC(=O)c2cc(Cl)ccc2O)cc1,permeability,1,10^-6 cm/s,Permeability of compound by PAMPA assay
23201888,2112184,1365682,O=C(Nc1ccc(C(F)(F)F)cc1)c1cc(Cl)ccc1O,permeability,22.3,10^-6 cm/s,Permeability of compound by PAMPA assay
23201890,2112184,1512188,O=C(Nc1ccccc1C(F)(F)F)c1cc(Cl)ccc1O,permeability,26,10^-6 cm/s,Permeability of compound by PAMPA assay
23201891,2112184,1529958,CC(=O)Nc1ccc(NC(=O)c2cc(Cl)ccc2O)c(Cl)c1,permeability,87,10^-6 cm/s,Permeability of compound by PAMPA assay
23201892,2112184,2551725,CN(C)C(=O)c1cccc(NC(=O)c2cc(Cl)ccc2O)c1,permeability,5,10^-6 cm/s,Permeability of compound by PAMPA assay
23201893,2112184,1957938,O=C(Nc1ccc(Cl)cc1Cl)c1cc(Cl)ccc1O,permeability,22.4,10^-6 cm/s,Permeability of compound by PAMPA assay
23201894,2112184,1365680,O=C(Nc1ccc(Cl)cc1)c1cc(Cl)ccc1O,permeability,297,10^-6 cm/s,Permeability of compound by PAMPA assay
23201896,2112184,1957940,O=C(Nc1c(Cl)cccc1Cl)c1cc(Cl)ccc1O,permeability,73,10^-6 cm/s,Permeability of compound by PAMPA assay
23201897,2112184,1512139,O=C(Nc1c(F)cccc1F)c1cc(Cl)ccc1O,permeability,32,10^-6 cm/s,Permeability of compound by PAMPA assay
23201898,2112184,1511876,COc1ccc(NC(=O)c2cc(Cl)ccc2O)cc1,permeability,81,10^-6 cm/s,Permeability of compound by PAMPA assay
23201899,2112184,2545271,COc1cccc(NC(=O)c2cc(Cl)ccc2O)c1,permeability,43,10^-6 cm/s,Permeability of compound by PAMPA assay
23201900,2112184,2569194,Cc1cccc(NC(=O)c2cc(Cl)ccc2O)c1C,permeability,48,10^-6 cm/s,Permeability of compound by PAMPA assay
23201901,2112184,2542744,COc1ccc(Cl)c(NC(=O)c2cc(Cl)ccc2O)c1,permeability,34,10^-6 cm/s,Permeability of compound by PAMPA assay
23201902,2112184,1586506,Cc1ccc(NC(=O)c2cc(Cl)ccc2O)cc1,permeability,21,10^-6 cm/s,Permeability of compound by PAMPA assay
23201903,2112184,1529952,O=C(Nc1ccccc1[N+](=O)[O-])c1cc(Cl)ccc1O,permeability,153,10^-6 cm/s,Permeability of compound by PAMPA assay
23201904,2112184,2563140,O=C(Nc1ccc2cc([N+](=O)[O-])ccc2c1)c1cc(Cl)ccc1O,permeability,447.3,10^-6 cm/s,Permeability of compound by PAMPA assay
23201905,2112184,2546015,O=C(Nc1ccc([N+](=O)[O-])c2ccccc12)c1cc(Cl)ccc1O,permeability,141,10^-6 cm/s,Permeability of compound by PAMPA assay
23201907,2112184,2547183,O=C(Nc1ccc(C(F)(F)F)c(Cl)c1)c1cc(Br)ccc1O,permeability,23.2,10^-6 cm/s,Permeability of compound by PAMPA assay
23201913,2112184,2543068,N#Cc1ccc(NC(=O)c2ccc3ccccc3c2O)c(Cl)c1,permeability,111.2,10^-6 cm/s,Permeability of compound by PAMPA assay
23201916,2112184,2561079,N#Cc1ccc(NC(=O)c2cccc3cc[nH]c23)c(Cl)c1,permeability,553,10^-6 cm/s,Permeability of compound by PAMPA assay
23207723,2113174,2540239,O=C(NCc1ccncc1)Nc1ccc2cn(-c3ccccc3)nc2c1,permeability,50,nm/s,Permeability of the compound at pH 7.4 by PAMPA
23207724,2113174,2542365,O=C(NCc1ccncc1)Nc1ccc2cc(-c3ccccc3)nn2c1,permeability,50,nm/s,Permeability of the compound at pH 7.4 by PAMPA
23207725,2113174,2554868,O=C(NCc1ccncc1)Nc1ccc2nc(-c3ccccc3)nn2c1,permeability,27.6,nm/s,Permeability of the compound at pH 7.4 by PAMPA
23207726,2113174,2562582,Cn1nccc1-c1nc2ccc(NC(=O)NCc3ccncc3)cn2n1,permeability,0.8,nm/s,Permeability of the compound at pH 7.4 by PAMPA
23217142,2115023,2546641,COc1ccc(CCN(Cc2ccc(C(=O)O)cc2)c2nc3cccnc3s2)cc1,permeability,22.25,10^-6 cm/s,Permeability of the compound at 50 uM measured after 4 hrs by PAMPA assay
23217143,2115023,1219,COc1ccc(CCN(C)CCCC(C#N)(c2ccc(OC)c(OC)c2)C(C)C)cc1OC,permeability,80.46,10^-6 cm/s,Permeability of the compound at 50 uM measured after 4 hrs by PAMPA assay
23217144,2115023,26820,Cc1cc(=O)n(-c2ccccc2)n1C,permeability,1.94,10^-6 cm/s,Permeability of the compound at 50 uM measured after 4 hrs by PAMPA assay
23217145,2115023,10685,CN/C(=C\[N+](=O)[O-])NCCSCc1ccc(CN(C)C)o1,permeability,0.2,10^-6 cm/s,Permeability of the compound at 50 uM measured after 4 hrs by PAMPA assay
23220696,2115652,2319590,O=c1cc(Sc2ccc([N+](=O)[O-])cc2)[nH]c(=O)n1O,Papp,0.017,10^-6 cm/s,Apparent permeability of the compound incubated for 5 hrs by LC-MS/MS analysis based PAMPA method
23220697,2115652,2324096,COc1cccc(Sc2cc(=O)n(O)c(=O)[nH]2)c1,Papp,0.21,10^-6 cm/s,Apparent permeability of the compound incubated for 5 hrs by LC-MS/MS analysis based PAMPA method
23220698,2115652,2325239,COc1ccc(-c2ccc(Sc3cc(=O)n(O)c(=O)[nH]3)cc2)cc1,Papp,1.1,10^-6 cm/s,Apparent permeability of the compound incubated for 5 hrs by LC-MS/MS analysis based PAMPA method
23220699,2115652,2545689,Cn1c(Sc2ccc(F)cc2)cc(=O)n(O)c1=O,Papp,3,10^-6 cm/s,Apparent permeability of the compound incubated for 5 hrs by LC-MS/MS analysis based PAMPA method
23220700,2115652,2562166,Cn1c(Sc2ccc(Cl)cc2)cc(=O)n(O)c1=O,Papp,4.5,10^-6 cm/s,Apparent permeability of the compound incubated for 5 hrs by LC-MS/MS analysis based PAMPA method
23220701,2115652,2564663,Cn1c(Sc2cccc(F)c2)cc(=O)n(O)c1=O,Papp,2.5,10^-6 cm/s,Apparent permeability of the compound incubated for 5 hrs by LC-MS/MS analysis based PAMPA method
23220702,2115652,2560684,COc1cccc(Sc2cc(=O)n(O)c(=O)n2C)c1,Papp,2.4,10^-6 cm/s,Apparent permeability of the compound incubated for 5 hrs by LC-MS/MS analysis based PAMPA method
23220703,2115652,2558817,CCc1ccc(Sc2cc(=O)n(O)c(=O)n2C)cc1,Papp,6.6,10^-6 cm/s,Apparent permeability of the compound incubated for 5 hrs by LC-MS/MS analysis based PAMPA method
23220704,2115652,2542106,CCc1ccccc1Sc1cc(=O)n(O)c(=O)n1C,Papp,5.8,10^-6 cm/s,Apparent permeability of the compound incubated for 5 hrs by LC-MS/MS analysis based PAMPA method
23220705,2115652,2557743,Cn1c(Sc2cccc3ccccc23)cc(=O)n(O)c1=O,Papp,5.1,10^-6 cm/s,Apparent permeability of the compound incubated for 5 hrs by LC-MS/MS analysis based PAMPA method
23220706,2115652,2569720,CCn1c(Sc2ccc(F)cc2)cc(=O)n(O)c1=O,Papp,4.1,10^-6 cm/s,Apparent permeability of the compound incubated for 5 hrs by LC-MS/MS analysis based PAMPA method
23220707,2115652,2545030,CCn1c(Sc2cccc(F)c2)cc(=O)n(O)c1=O,Papp,3.4,10^-6 cm/s,Apparent permeability of the compound incubated for 5 hrs by LC-MS/MS analysis based PAMPA method
23220708,2115652,2570960,CCn1c(Sc2cccc(Cl)c2)cc(=O)n(O)c1=O,Papp,5.1,10^-6 cm/s,Apparent permeability of the compound incubated for 5 hrs by LC-MS/MS analysis based PAMPA method
23224406,2116272,27340,O=C(N[C@H](CO)[C@H](O)c1ccc([N+](=O)[O-])cc1)C(Cl)Cl,permeability,5,10^-6 cm/s,Permeability of compound in PBS at pH 7.4 after 18 hrs by PAMPA
23224407,2116272,29890,O=C(O)Cc1ccccc1Nc1c(Cl)cccc1Cl,permeability,3,10^-6 cm/s,Permeability of compound in PBS at pH 7.4 after 18 hrs by PAMPA
23224408,2116272,381693,Cn1c(=O)c2[nH]cnc2n(C)c1=O,permeability,0.3,10^-6 cm/s,Permeability of compound in PBS at pH 7.4 after 18 hrs by PAMPA
23224409,2116272,2548538,N#Cc1ccccc1-c1cc(-c2cc(Cl)cc(OCC3CC3)c2)c(=O)n(-c2cccnc2)c1,permeability,4.27,10^-6 cm/s,Permeability of compound in PBS at pH 7.4 after 18 hrs by PAMPA
23224410,2116272,2548466,N#Cc1ccccc1-c1cc(-c2cc(Cl)cc(OCCC(F)(F)F)c2)c(=O)n(-c2cccnc2)c1,permeability,4,10^-6 cm/s,Permeability of compound in PBS at pH 7.4 after 18 hrs by PAMPA
23224411,2116272,2563643,Cc1ocnc1COc1cc(Cl)cc(-c2cc(-c3ccccc3C#N)cn(-c3cccnc3)c2=O)c1,permeability,3.04,10^-6 cm/s,Permeability of compound in PBS at pH 7.4 after 18 hrs by PAMPA
23224412,2116272,2555036,Cc1ncoc1COc1cc(Cl)cc(-c2cc(-c3c[nH]c(=O)[nH]c3=O)cn(-c3cccnc3)c2=O)c1,permeability,0.24,10^-6 cm/s,Permeability of compound in PBS at pH 7.4 after 18 hrs by PAMPA
23224413,2116272,2567361,O=c1[nH]cc(-c2cc(-c3cc(Cl)cc(OCc4ocnc4C(F)(F)F)c3)c(=O)n(-c3cccnc3)c2)c(=O)[nH]1,permeability,0.57,10^-6 cm/s,Permeability of compound in PBS at pH 7.4 after 18 hrs by PAMPA
23224414,2116272,2564312,Cn1cc(-c2cc(-c3cc(Cl)cc(OCC4CC4)c3)c(=O)n(-c3cccnc3)c2)c(=O)[nH]c1=O,permeability,3.25,10^-6 cm/s,Permeability of compound in PBS at pH 7.4 after 18 hrs by PAMPA
23224415,2116272,2566281,Cn1cc(-c2cc(-c3cc(Cl)cc(OCCC(F)(F)F)c3)c(=O)n(-c3cccnc3)c2)c(=O)[nH]c1=O,permeability,2.26,10^-6 cm/s,Permeability of compound in PBS at pH 7.4 after 18 hrs by PAMPA
23224416,2116272,2560962,O=c1[nH]cc(-c2cc(-c3cc(Cl)c(F)c(OCc4ccccc4Cl)c3)c(=O)n(-c3cccnc3)c2)c(=O)[nH]1,permeability,0.73,10^-6 cm/s,Permeability of compound in PBS at pH 7.4 after 18 hrs by PAMPA
23224417,2116272,2554842,Cn1cc(-c2cc(-c3cc(Cl)c(F)c(OCc4ccccc4Cl)c3)c(=O)n(-c3cccnc3)c2)c(=O)[nH]c1=O,permeability,1.5,10^-6 cm/s,Permeability of compound in PBS at pH 7.4 after 18 hrs by PAMPA
23224418,2116272,2564317,Cn1cc(-c2cc(-c3cc(Cl)cc(OCc4ocnc4C(F)(F)F)c3)c(=O)n(-c3cccnc3)c2)c(=O)[nH]c1=O,permeability,1.03,10^-6 cm/s,Permeability of compound in PBS at pH 7.4 after 18 hrs by PAMPA
23224419,2116272,2555798,Cn1cc(-c2cc(-c3cc(Cl)cc(OCc4scnc4C(F)(F)F)c3)c(=O)n(-c3cccnc3)c2)c(=O)[nH]c1=O,permeability,1.16,10^-6 cm/s,Permeability of compound in PBS at pH 7.4 after 18 hrs by PAMPA
23240791,2119986,2571142,COc1cc(NC(=O)[C@H](N)CC(C)C)ccc1-c1cnco1,permeability,58.4,10^-6 cm/s,Permeability of the compound at pH 7.4 incubated for 4 hrs by PAMPA-based UV spectrophotometry
23240792,2119986,2564948,COc1cc(NC(=O)[C@@H]2NCCC[C@@H]2C(C)C)ccc1-c1cnco1,permeability,43.5,10^-6 cm/s,Permeability of the compound at pH 7.4 incubated for 4 hrs by PAMPA-based UV spectrophotometry
23240793,2119986,2566657,CC(C)C[C@@H](N)C(=O)Nc1ccc(-c2cnco2)c(OC(F)F)c1,permeability,96.7,10^-6 cm/s,Permeability of the compound at pH 7.4 incubated for 4 hrs by PAMPA-based UV spectrophotometry
23240794,2119986,16591,CC(C(=O)O)c1cccc(C(=O)c2ccccc2)c1,permeability,1.1,10^-6 cm/s,Permeability of the compound at pH 7.4 incubated for 4 hrs by PAMPA-based UV spectrophotometry
23240795,2119986,789,COCCc1ccc(OCC(O)CNC(C)C)cc1,permeability,83.5,10^-6 cm/s,Permeability of the compound at pH 7.4 incubated for 4 hrs by PAMPA-based UV spectrophotometry
23240796,2119986,10685,CN/C(=C\[N+](=O)[O-])NCCSCc1ccc(CN(C)C)o1,permeability,0.2,10^-6 cm/s,Permeability of the compound at pH 7.4 incubated for 4 hrs by PAMPA-based UV spectrophotometry
23258142,2123412,318390,C=C(C)[C@@H]1CCC(C)=C[C@H]1c1c(O)cc(CCCCC)cc1O,permeability,22.66,10^-6 cm/s,Permeability of the compound at 100 ug/ml incubated for 18 hrs by PAMPA
23258143,2123412,2560989,C=C(C)[C@@H]1CCC(C)=C[C@H]1c1c(O)cc(CCCCC)cc1OC(=O)N(C)CC,permeability,18.81,10^-6 cm/s,Permeability of the compound at 100 ug/ml incubated for 18 hrs by PAMPA
23258144,2123412,2564556,C=C(C)[C@@H]1CCC(C)=C[C@H]1c1c(O)cc(CCCCC)cc1OC(=O)N(C)Cc1ccc(Cl)cc1,permeability,12.9,10^-6 cm/s,Permeability of the compound at 100 ug/ml incubated for 18 hrs by PAMPA
23258145,2123412,374052,C[C@]12CCC(=O)C=C1CC[C@@H]1[C@@H]2[C@@H](O)C[C@@]2(C)[C@H]1CC[C@]2(O)C(=O)CO,permeability,1.71,10^-6 cm/s,Permeability of the compound at 100 ug/ml incubated for 18 hrs by PAMPA
23258146,2123412,364520,C[C@]12CC[C@H]3[C@@H](CCC4=CC(=O)CC[C@@]43C)[C@@H]1CC[C@@H]2O,permeability,15.6,10^-6 cm/s,Permeability of the compound at 100 ug/ml incubated for 18 hrs by PAMPA
23258147,2123412,146,CC1COc2c(N3CCN(C)CC3)c(F)cc3c(=O)c(C(=O)O)cn1c23,permeability,0.8,10^-6 cm/s,Permeability of the compound at 100 ug/ml incubated for 18 hrs by PAMPA
23258148,2123412,27609,Clc1cccc(Cl)c1NC1=NCCN1,permeability,5.3,10^-6 cm/s,Permeability of the compound at 100 ug/ml incubated for 18 hrs by PAMPA
23258149,2123412,11968,CN1C(C(=O)Nc2ccccn2)=C(O)c2ccccc2S1(=O)=O,permeability,1.79,10^-6 cm/s,Permeability of the compound at 100 ug/ml incubated for 18 hrs by PAMPA
23258150,2123412,12825,CC(=O)[C@H]1CC[C@H]2[C@@H]3CCC4=CC(=O)CC[C@]4(C)[C@H]3CC[C@]12C,permeability,9.3,10^-6 cm/s,Permeability of the compound at 100 ug/ml incubated for 18 hrs by PAMPA
23269367,2125719,2549955,COc1cc2c(NCC3CCN(Cc4ccc(C(=O)NO)cc4)CC3)cc(-c3ccc(C)o3)nc2cc1OCCCN1CCCC1,permeability,0,nm/s,Permeability of the compound in PBS/EtOH buffer (70:30) incubated for 18 hrs by UV plate reader based PAMPA assay
23269362,2125719,2273145,COc1cc2c(NC3CCN(C)CC3)cc(-c3ccc(C)o3)nc2cc1OCCCN1CCCC1,permeability,12.9,nm/s,Permeability of the compound in PBS/EtOH buffer (70:30) incubated for 18 hrs by UV plate reader based PAMPA assay
23269363,2125719,2286155,COc1cc2c(NCC3CCN(C)CC3)cc(-c3ccc(C)o3)nc2cc1OCCCN1CCCC1,permeability,11,nm/s,Permeability of the compound in PBS/EtOH buffer (70:30) incubated for 18 hrs by UV plate reader based PAMPA assay
23269364,2125719,2546364,COc1cc2c(NCC3CCN(c4ncc(C(=O)NO)cn4)CC3)cc(-c3ccc(C)o3)nc2cc1OCCCN1CCCC1,permeability,0,nm/s,Permeability of the compound in PBS/EtOH buffer (70:30) incubated for 18 hrs by UV plate reader based PAMPA assay
23269365,2125719,2565959,COc1cc2c(NCc3ccc(C(=O)NO)cc3)cc(-c3ccc(C)o3)nc2cc1OCCCN1CCCC1,permeability,1,nm/s,Permeability of the compound in PBS/EtOH buffer (70:30) incubated for 18 hrs by UV plate reader based PAMPA assay
23269366,2125719,2544377,COc1cc2c(NCC3CCC(C(=O)NO)CC3)cc(-c3ccc(C)o3)nc2cc1OCCCN1CCCC1,permeability,0,nm/s,Permeability of the compound in PBS/EtOH buffer (70:30) incubated for 18 hrs by UV plate reader based PAMPA assay
23269368,2125719,2548218,COc1cc2c(NC3CCN(Cc4ccc(C(=O)NO)cc4)CC3)cc(-c3ccc(C)o3)nc2cc1OCCCN1CCCC1,permeability,0,nm/s,Permeability of the compound in PBS/EtOH buffer (70:30) incubated for 18 hrs by UV plate reader based PAMPA assay
23269369,2125719,2567482,COc1cc2c(NCC3CCN(c4ccc(C(=O)NO)cc4)CC3)cc(-c3ccc(C)o3)nc2cc1OCCCN1CCCC1,permeability,0.5,nm/s,Permeability of the compound in PBS/EtOH buffer (70:30) incubated for 18 hrs by UV plate reader based PAMPA assay
23269370,2125719,2560444,COc1cc2c(NCc3ccc(-c4ccc(C(=O)NO)cc4)cc3)cc(-c3ccc(C)o3)nc2cc1OCCCN1CCCC1,permeability,1.1,nm/s,Permeability of the compound in PBS/EtOH buffer (70:30) incubated for 18 hrs by UV plate reader based PAMPA assay
23269371,2125719,2549481,COc1cc2c(NC3CCN(c4ccc(C(=O)NO)cc4)CC3)cc(-c3ccc(C)o3)nc2cc1OCCCN1CCCC1,permeability,0.14,nm/s,Permeability of the compound in PBS/EtOH buffer (70:30) incubated for 18 hrs by UV plate reader based PAMPA assay
23269372,2125719,2559601,COc1cc2c(NCC3CCN(c4ncc(C(=O)NO)cn4)CC3)cc(C)nc2cc1OCCCN1CCCC1,permeability,0,nm/s,Permeability of the compound in PBS/EtOH buffer (70:30) incubated for 18 hrs by UV plate reader based PAMPA assay
23269373,2125719,2556782,COc1cc2c(NC3CCN(c4ncc(C(=O)NO)cn4)CC3)cc(C)nc2cc1OCCCN1CCCC1,permeability,0.75,nm/s,Permeability of the compound in PBS/EtOH buffer (70:30) incubated for 18 hrs by UV plate reader based PAMPA assay
23269374,2125719,2570764,COc1cc2c(NCC3CCN(c4ncc(C(=O)NO)cn4)CC3)cc(-c3ccc(C)o3)nc2cc1OCC1CCNCC1,permeability,0.25,nm/s,Permeability of the compound in PBS/EtOH buffer (70:30) incubated for 18 hrs by UV plate reader based PAMPA assay
23269375,2125719,2549881,COc1cc2nc(-c3ccc(C)o3)cc(NCC3CCN(c4ncc(C(=O)NO)cn4)CC3)c2cc1OC,permeability,5.04,nm/s,Permeability of the compound in PBS/EtOH buffer (70:30) incubated for 18 hrs by UV plate reader based PAMPA assay
23269376,2125719,2556433,COc1cc2nc(-c3ccc(C)o3)cc(NC3CCN(c4ncc(C(=O)NO)cn4)CC3)c2cc1OC,permeability,5.96,nm/s,Permeability of the compound in PBS/EtOH buffer (70:30) incubated for 18 hrs by UV plate reader based PAMPA assay
23269377,2125719,2570594,COc1cc2nc(-c3ccc(C)o3)cc(NCC3C4CCC3CN(c3ncc(C(=O)NO)cn3)C4)c2cc1OC,permeability,9.59,nm/s,Permeability of the compound in PBS/EtOH buffer (70:30) incubated for 18 hrs by UV plate reader based PAMPA assay
23269378,2125719,2557165,COc1cc2nc(-c3ccc(C)o3)cc(NCc3ccc(C(=O)NO)cc3)c2cc1OC,permeability,5.34,nm/s,Permeability of the compound in PBS/EtOH buffer (70:30) incubated for 18 hrs by UV plate reader based PAMPA assay
23269379,2125719,2556552,COc1cc2nc(-c3ccc(C)o3)cc(NCC3CCC(C(=O)NO)CC3)c2cc1OC,permeability,3.93,nm/s,Permeability of the compound in PBS/EtOH buffer (70:30) incubated for 18 hrs by UV plate reader based PAMPA assay
23269380,2125719,2564349,COc1cc2nc(-c3ccc(C)o3)cc(NCC3CCN(Cc4ccc(C(=O)NO)cc4)CC3)c2cc1OC,permeability,5.56,nm/s,Permeability of the compound in PBS/EtOH buffer (70:30) incubated for 18 hrs by UV plate reader based PAMPA assay
23269381,2125719,2563190,COc1cc2nc(-c3ccc(C)o3)cc(NCC3CCN(Cc4ccc(C(=O)NO)s4)CC3)c2cc1OC,permeability,4.01,nm/s,Permeability of the compound in PBS/EtOH buffer (70:30) incubated for 18 hrs by UV plate reader based PAMPA assay
23269382,2125719,2568285,COc1cc2nc(-c3ccc(C)o3)cc(NCC3CCN(C4CC(C(=O)NO)C4)CC3)c2cc1OC,permeability,0.68,nm/s,Permeability of the compound in PBS/EtOH buffer (70:30) incubated for 18 hrs by UV plate reader based PAMPA assay
23269383,2125719,2539477,COc1cc2nc(C3CCCCC3)cc(NCC3CCN(c4ncc(C(=O)NO)cn4)CC3)c2cc1OC,permeability,2.1,nm/s,Permeability of the compound in PBS/EtOH buffer (70:30) incubated for 18 hrs by UV plate reader based PAMPA assay
23269384,2125719,499179,Cc1[nH]c2ccccc2c1CCNCc1ccc(/C=C/C(=O)NO)cc1,permeability,14.2,nm/s,Permeability of the compound in PBS/EtOH buffer (70:30) incubated for 18 hrs by UV plate reader based PAMPA assay
23274849,2126617,2569098,O=C(C[C@@H]1Cc2cc(Cl)c3[nH]c(=O)n(CC(F)(F)F)c3c2CN(CC(F)(F)F)C1=O)N1CCC(n2c(=O)[nH]c3ncccc32)CC1,permeability,23,nm/s,Permeability of compound at pH 7.4 by PAMPA assay
23274847,2126617,2541803,Cn1c(=O)[nH]c2c(Cl)cc3c(c21)CN(CC(F)(F)F)C(=O)[C@H](CC(=O)N1CCC(N2CCc4ccccc4NC2=O)CC1)C3,permeability,192,nm/s,Permeability of compound at pH 7.4 by PAMPA assay
23274850,2126617,2543481,O=C(C[C@@H]1Cc2cc(Cl)c3c(c2CN(CC(F)(F)F)C1=O)C(F)(F)C(=O)N3)N1CCC(n2c(=O)[nH]c3ncccc32)CC1,permeability,87,nm/s,Permeability of compound at pH 7.4 by PAMPA assay
23276526,2126996,2545960,CC(C)(O)[C@H]1CC[C@H](NC(=O)N2CCc3c(cnn3-c3cccc(F)c3)C2)CC1,Papp,220,nm/s,Apparent permeability of the compound by PAMPA
23276527,2126996,2559917,CC(C)(O)[C@H]1CC[C@H](NC(=O)c2ccc3c(cnn3-c3cccc(F)c3)c2)CC1,Papp,510,nm/s,Apparent permeability of the compound by PAMPA
23276528,2126996,2562110,CC(C)(O)[C@H]1CC[C@H](NC(=O)c2ccc3c(ccn3-c3cccc(F)c3)c2)CC1,Papp,470,nm/s,Apparent permeability of the compound by PAMPA
23276529,2126996,2547633,CCC(=O)N1CCc2c(cnn2-c2cccc(F)c2)C1,Papp,650,nm/s,Apparent permeability of the compound by PAMPA
23289979,2129837,2542804,Cn1cc(Cc2cccs2)c(-c2cc(Cl)nc(N)n2)n1,permeability,258,nm/s,Permeability of the compound in PRISMA HT buffer at pH 7.4 at 10 umol/L incubated for 3 hrs bt PAMPA based LC/MS/MS analysis
23289980,2129837,2568059,Cn1cc(Cc2cccc(F)c2)c(-c2cc(Cl)nc(N)n2)n1,permeability,257,nm/s,Permeability of the compound in PRISMA HT buffer at pH 7.4 at 10 umol/L incubated for 3 hrs bt PAMPA based LC/MS/MS analysis
23289981,2129837,2541806,Cc1c(Cc2cccs2)c(-c2cc(Cl)nc(N)n2)nn1C,permeability,280,nm/s,Permeability of the compound in PRISMA HT buffer at pH 7.4 at 10 umol/L incubated for 3 hrs bt PAMPA based LC/MS/MS analysis
23289982,2129837,2548533,Cc1c(Cc2ccccc2)c(-c2cc(Cl)nc(N)n2)nn1C,permeability,274,nm/s,Permeability of the compound in PRISMA HT buffer at pH 7.4 at 10 umol/L incubated for 3 hrs bt PAMPA based LC/MS/MS analysis
23295151,2130823,2557068,CCCCc1nc(=O)c(C(=O)N2CCC(c3cccnc3)C2)c(O)n1-c1c(OC)cccc1OC,permeability,0,nm/s,Permeability of the compound at pH 7.4 by PAMPA assay
23295152,2130823,2557068,CCCCc1nc(=O)c(C(=O)N2CCC(c3cccnc3)C2)c(O)n1-c1c(OC)cccc1OC,permeability,1,nm/s,Permeability of the compound at pH 7.4 by PAMPA assay
23295142,2130823,2545464,CCCCc1[nH]c(=O)c(C(=O)N2CC[C@H](c3ccccc3)C2)c(O)c1-c1c(OC)cccc1OC,permeability,18,nm/s,Permeability of the compound at pH 7.4 by PAMPA assay
23295143,2130823,2562862,CCCCc1[nH]c(=O)c(C(=O)N2CC[C@@H](c3ccccc3)C2)c(O)c1-c1c(OC)cccc1OC,permeability,73,nm/s,Permeability of the compound at pH 7.4 by PAMPA assay
23295144,2130823,2549025,CCCCc1nc(=O)c(C(=O)N2CC[C@H](c3ccccc3)C2)c(O)n1-c1c(OC)cccc1OC,permeability,12,nm/s,Permeability of the compound at pH 7.4 by PAMPA assay
23295145,2130823,2566178,CCCCc1nc(=O)c(C(=O)N2CC[C@@H](c3ccccc3)C2)c(O)n1-c1c(OC)cccc1OC,permeability,23,nm/s,Permeability of the compound at pH 7.4 by PAMPA assay
23295146,2130823,2564268,CCOCc1nc(=O)c(C(=O)N2CC[C@H](c3ccccc3)C2)c(O)n1-c1c(OC)cccc1OC,permeability,3,nm/s,Permeability of the compound at pH 7.4 by PAMPA assay
23295147,2130823,2547819,CCCCc1nc(=O)c(C(=O)N2CCC(c3ccc(Cl)cc3)C2)c(O)n1-c1c(OC)cccc1OC,permeability,74,nm/s,Permeability of the compound at pH 7.4 by PAMPA assay
23295148,2130823,2547819,CCCCc1nc(=O)c(C(=O)N2CCC(c3ccc(Cl)cc3)C2)c(O)n1-c1c(OC)cccc1OC,permeability,63,nm/s,Permeability of the compound at pH 7.4 by PAMPA assay
23295149,2130823,2567891,CCCCc1nc(=O)c(C(=O)N2CCC(c3ccccn3)C2)c(O)n1-c1c(OC)cccc1OC,permeability,0,nm/s,Permeability of the compound at pH 7.4 by PAMPA assay
23295150,2130823,2567891,CCCCc1nc(=O)c(C(=O)N2CCC(c3ccccn3)C2)c(O)n1-c1c(OC)cccc1OC,permeability,6,nm/s,Permeability of the compound at pH 7.4 by PAMPA assay
23295153,2130823,2568879,CCCCc1nc(=O)c(C(=O)N2CCC(c3ccncc3)C2)c(O)n1-c1c(OC)cccc1OC,permeability,3,nm/s,Permeability of the compound at pH 7.4 by PAMPA assay
23295154,2130823,2568879,CCCCc1nc(=O)c(C(=O)N2CCC(c3ccncc3)C2)c(O)n1-c1c(OC)cccc1OC,permeability,5,nm/s,Permeability of the compound at pH 7.4 by PAMPA assay
23295155,2130823,2548183,CCCCc1nc(=O)c(C(=O)N2CC[C@@H](c3ccc(Cl)cn3)C2)c(O)n1-c1c(OC)cccc1OC,permeability,12,nm/s,Permeability of the compound at pH 7.4 by PAMPA assay
23295156,2130823,2560916,CCCCc1nc(=O)c(C(=O)N2CC[C@H](c3ccc(Cl)cn3)C2)c(O)n1-c1c(OC)cccc1OC,permeability,11,nm/s,Permeability of the compound at pH 7.4 by PAMPA assay
23313104,2134908,2539594,CCN(C)C(=O)Oc1cccc(CNCCNCCOc2cccc3c2ccn3S(=O)(=O)c2ccccc2)c1,permeability,1.27,10^-6 cm/s,Permeability coefficient of the compound in PBS buffer incubated for 5 hrs by PAMPA-based LC-MS analysis
23313105,2134908,16485,Cn1c(=O)c2c(ncn2C)n(C)c1=O,permeability,7.89,10^-6 cm/s,Permeability coefficient of the compound in PBS buffer incubated for 5 hrs by PAMPA-based LC-MS analysis
23313106,2134908,246,CCn1cc(C(=O)O)c(=O)c2cc(F)c(N3CCNCC3)cc21,permeability,0.056,10^-6 cm/s,Permeability coefficient of the compound in PBS buffer incubated for 5 hrs by PAMPA-based LC-MS analysis
23316821,2135901,508408,NCCCCN(Cc1nc2ccccc2[nH]1)[C@H]1CCCc2cccnc21,permeability,86,nm/s,Permeability of the compound at pH 7.4 incubated for 4 hrs by PAMPA
23316822,2135901,2551223,CN1CCC(N(C)c2cccc3c2C[C@H](CN(C)[C@H]2CCCc4cccnc42)NC3)CC1,permeability,10,nm/s,Permeability of the compound at pH 7.4 incubated for 4 hrs by PAMPA
23316823,2135901,2570722,CN(C)C1CCN(c2cccc3c2C[C@H](CN(C)[C@H]2CCCc4cccnc42)NC3)CC1,permeability,44,nm/s,Permeability of the compound at pH 7.4 incubated for 4 hrs by PAMPA
23316824,2135901,2551907,CN1CCN(Nc2cccc3c2C[C@@H](CN(C)[C@H]2CCCc4cccnc42)NC3)CC1,permeability,235,nm/s,Permeability of the compound at pH 7.4 incubated for 4 hrs by PAMPA
23316825,2135901,2556280,CN1C[C@@H]2CN(c3cccc4c3C[C@H](CN(C)[C@H]3CCCc5cccnc53)NC4)C[C@@H]2C1,permeability,5,nm/s,Permeability of the compound at pH 7.4 incubated for 4 hrs by PAMPA
23316826,2135901,2556133,CN(C[C@H]1Cc2c(cccc2N2C[C@H]3CCN(C)[C@H]3C2)CN1)[C@H]1CCCc2cccnc21,permeability,19,nm/s,Permeability of the compound at pH 7.4 incubated for 4 hrs by PAMPA
23316827,2135901,2568801,CN1CC[C@H]2CN(c3cccc4c3C[C@H](CN(C)[C@H]3CCCc5cccnc53)NC4)C[C@H]21,permeability,9,nm/s,Permeability of the compound at pH 7.4 incubated for 4 hrs by PAMPA
23316828,2135901,2571528,CN(C)[C@@H]1CCN(c2cccc3c2C[C@H](CN(C)[C@H]2CCCc4cccnc42)NC3)C1,permeability,14,nm/s,Permeability of the compound at pH 7.4 incubated for 4 hrs by PAMPA
23316829,2135901,2557047,CN(C)[C@H]1CCN(c2cccc3c2C[C@H](CN(C)[C@H]2CCCc4cccnc42)NC3)C1,permeability,16,nm/s,Permeability of the compound at pH 7.4 incubated for 4 hrs by PAMPA
24342782,2145521,2735784,[2H]C([2H])([2H])c1nnn(C)c1-c1cc2c(cc1F)c1ncc(C(C)(C)O)cc1n2[C@H](c1ccccc1)C1CCOCC1,permeability,840,nm/s,Permeability of the compound by PAMPA
24342783,2145521,2728649,[2H]C([2H])([2H])c1nnn(C)c1-c1cc2c(cc1F)c1ncc(C(C)(C)O)cc1n2[C@H](c1ncccc1F)C1CCOCC1,permeability,550,nm/s,Permeability of the compound by PAMPA
24342784,2145521,2734964,[2H]C([2H])([2H])c1nnn(C)c1-c1cc2c(cc1F)c1ncc(C(C)(C)O)cc1n2[C@H](c1cc(C)on1)C1CCOCC1,permeability,300,nm/s,Permeability of the compound by PAMPA
24347790,2146998,6723,CCN(CC)CC(=O)Nc1c(C)cccc1C,Papp,94,10^-6 cm/s,Apparent permeability of the compound at 50 uM by PAMPA
24347788,2146998,2726600,COc1cc(CC(=O)N2CC(=O)N[C@@H](Cc3ccccc3)C(=O)N(CC(N)=O)C(=O)CCSCc3ccc(cc3)C(=O)N[C@@H](CCCCN)CN(C(=O)CCC3CCCCC3)CC(=O)N[C@@H](Cc3ccccc3)CN(C(=O)CCc3ccccc3)CC(=O)N[C@@H](Cc3ccccc3)C2)cc(OC)c1,Papp,266,10^-6 cm/s,Apparent permeability of the compound at 50 uM by PAMPA
24347789,2146998,1219,COc1ccc(CCN(C)CCCC(C#N)(c2ccc(OC)c(OC)c2)C(C)C)cc1OC,Papp,169,10^-6 cm/s,Apparent permeability of the compound at 50 uM by PAMPA
24360039,2149832,2720415,CN1CCN(c2cc(F)c(-c3ccc(C(=O)N4CCOCC4)cc3)cc2Nc2ncnc(Cl)c2N)CC1,permeability,13.73,10^-6 cm/s,Permeability of compound at pH 7.4 incubated for 4 hrs by PAMPA assay
24360040,2149832,2738560,CN1CCN(c2cc(F)c(-c3ccc(C(=O)NCCN4CCOCC4)cc3)cc2Nc2ncnc(Cl)c2N)CC1,permeability,10.51,10^-6 cm/s,Permeability of compound at pH 7.4 incubated for 4 hrs by PAMPA assay
24360041,2149832,2715833,CN1CCN(c2cc(F)c(-c3ccc(C(=O)NCCCN4CCOCC4)cc3)cc2Nc2ncnc(Cl)c2N)CC1,permeability,9.14,10^-6 cm/s,Permeability of compound at pH 7.4 incubated for 4 hrs by PAMPA assay
24360042,2149832,2722132,CN1CCN(c2cc(F)c(-c3ccc(C(=O)NCC4CCOCC4)cc3)cc2Nc2ncnc(Cl)c2N)CC1,permeability,16.87,10^-6 cm/s,Permeability of compound at pH 7.4 incubated for 4 hrs by PAMPA assay
24360043,2149832,2738693,CN1CCN(c2cc(F)c(-c3ccc(C(=O)N(C)C)cc3)cc2Nc2ncnc(Cl)c2N)CC1,permeability,20.22,10^-6 cm/s,Permeability of compound at pH 7.4 incubated for 4 hrs by PAMPA assay
24362282,2150358,2724297,Cc1ccc(C2CC(N(Cc3ccc(Br)c(Cl)c3)C3CCNCC3)C2)cc1,permeability,806,10^-6 cm/s,Permeability of the compound by PAMPA method
24362283,2150358,2715225,Clc1cc(CN(C2CCNCC2)C2CC(c3ccc(Br)cc3)C2)ccc1Br,permeability,32,10^-6 cm/s,Permeability of the compound by PAMPA method
24362284,2150358,2720132,Fc1ccc(C2CC(N(Cc3ccc(Br)c(Cl)c3)C3CCNCC3)C2)cc1,permeability,398,10^-6 cm/s,Permeability of the compound by PAMPA method
24362285,2150358,2736767,Cc1cccc(C2CC(N(Cc3ccc(Br)c(Cl)c3)C3CCNCC3)C2)c1,permeability,265,10^-6 cm/s,Permeability of the compound by PAMPA method
24362286,2150358,2719278,Clc1cc(CN(C2CCNCC2)C2CC(c3cccc(Br)c3)C2)ccc1Br,permeability,14,10^-6 cm/s,Permeability of the compound by PAMPA method
24362287,2150358,2721815,Cc1ccc(C2CC(N(Cc3ccc(Br)c(Cl)c3)C3CCOCC3)C2)cc1,permeability,6.4,10^-6 cm/s,Permeability of the compound by PAMPA method
24362288,2150358,2719022,CC(=O)N1CCC(N(Cc2ccc(Br)c(Cl)c2)C2CC(c3ccc(C)cc3)C2)CC1,permeability,1909,10^-6 cm/s,Permeability of the compound by PAMPA method
24362289,2150358,2731592,Cc1ccc(C2CC(N(Cc3ccc(Br)c(Cl)c3)C3CCN(C)CC3)C2)cc1,permeability,274.27,10^-6 cm/s,Permeability of the compound by PAMPA method
24362290,2150358,2723936,Cc1ccc(C2CC(N(Cc3ccc(Br)c(Cl)c3)C3CCN(C(C)C)CC3)C2)cc1,permeability,23.1,10^-6 cm/s,Permeability of the compound by PAMPA method
24362291,2150358,2719911,Cc1ccc(C2CC(N(Cc3ccc(Br)c(Cl)c3)C3CCC(N)CC3)C2)cc1,permeability,818.04,10^-6 cm/s,Permeability of the compound by PAMPA method
24362292,2150358,2719978,Cc1ccc(C2CC(N(Cc3ccc(Br)c(Cl)c3)C3CC4CNC3C4)C2)cc1,permeability,122.99,10^-6 cm/s,Permeability of the compound by PAMPA method
24362293,2150358,2737990,Cc1ccc(C2CC(N(Cc3ccc(Br)c(Cl)c3)C3CCCNCC3)C2)cc1,permeability,665.84,10^-6 cm/s,Permeability of the compound by PAMPA method
24366633,2151715,2299061,Cc1ncsc1-c1ccc(CNC(=O)[C@@H]2C[C@@H](O)CN2C(=O)[C@@H](NC(=O)COCCOCCOCCNC(=O)C[C@@H]2N=C(c3ccc(Cl)cc3)c3c(sc(C)c3C)-n3c(C)nnc32)C(C)(C)C)cc1,Peff,0.01,10^-6 cm/s,Permeability of the compound in PBS at pH 7.4 after 16 hrs by PAMPA
24366634,2151715,2293229,Cc1ncsc1-c1ccc([C@H](C)NC(=O)[C@@H]2C[C@@H](O)CN2C(=O)[C@@H](NC(=O)COCCCOCCNC(=O)C[C@@H]2N=C(c3ccc(Cl)cc3)c3c(sc(C)c3C)-n3c(C)nnc32)C(C)(C)C)cc1,Peff,0.2,10^-6 cm/s,Permeability of the compound in PBS at pH 7.4 after 16 hrs by PAMPA
24366635,2151715,2719851,Cc1ncsc1-c1ccc(CNC(=O)[C@@H]2C[C@@H](O)CN2C(=O)[C@@H](NC(=O)COCCCCCOCCNC(=O)C[C@@H]2N=C(c3ccc(Cl)cc3)c3c(sc(C)c3C)-n3c(C)nnc32)C(C)(C)C)cc1,Peff,0.5,10^-6 cm/s,Permeability of the compound in PBS at pH 7.4 after 16 hrs by PAMPA
24366636,2151715,2719171,Cc1ncsc1-c1ccc(CNC(=O)[C@@H]2C[C@@H](O)CN2C(=O)[C@@H](NC(=O)COCCCOCCNC(=O)C[C@@H]2N=C(c3ccc(Cl)cc3)c3c(sc(C)c3C)-n3c(C)nnc32)C(C)(C)C)cc1,Peff,0.08,10^-6 cm/s,Permeability of the compound in PBS at pH 7.4 after 16 hrs by PAMPA
24366637,2151715,2726146,Cc1ncsc1-c1ccc(CNC(=O)[C@@H]2C[C@@H](O)CN2C(=O)[C@@H](NC(=O)COCCOCCOCCOC(=O)C[C@@H]2N=C(c3ccc(Cl)cc3)c3c(sc(C)c3C)-n3c(C)nnc32)C(C)(C)C)cc1,Peff,0.1,10^-6 cm/s,Permeability of the compound in PBS at pH 7.4 after 16 hrs by PAMPA
24366638,2151715,2731632,Cc1ncsc1-c1ccc([C@H](C)NC(=O)[C@@H]2C[C@@H](O)CN2C(=O)[C@@H](NC(=O)COCCCOCCOC(=O)C[C@@H]2N=C(c3ccc(Cl)cc3)c3c(sc(C)c3C)-n3c(C)nnc32)C(C)(C)C)cc1,Peff,0.3,10^-6 cm/s,Permeability of the compound in PBS at pH 7.4 after 16 hrs by PAMPA
24366639,2151715,2730790,Cc1ncsc1-c1ccc(CNC(=O)[C@@H]2C[C@@H](O)CN2C(=O)[C@@H](NC(=O)COCCCCCOCCOC(=O)C[C@@H]2N=C(c3ccc(Cl)cc3)c3c(sc(C)c3C)-n3c(C)nnc32)C(C)(C)C)cc1,Peff,0.2,10^-6 cm/s,Permeability of the compound in PBS at pH 7.4 after 16 hrs by PAMPA
24366640,2151715,2723496,Cc1ncsc1-c1ccc(CNC(=O)[C@@H]2C[C@@H](O)CN2C(=O)[C@@H](NC(=O)COCCCOCCOC(=O)C[C@@H]2N=C(c3ccc(Cl)cc3)c3c(sc(C)c3C)-n3c(C)nnc32)C(C)(C)C)cc1,Peff,0.6,10^-6 cm/s,Permeability of the compound in PBS at pH 7.4 after 16 hrs by PAMPA
24374237,2152218,2335413,OC[C@H]1O[C@@H](S[C@@H]2O[C@H](CO)[C@H](O)[C@H](n3cc(-c4cccc(F)c4)nn3)[C@H]2O)[C@H](O)[C@@H](n2cc(-c3cccc(F)c3)nn2)[C@H]1O,permeability,0.9,10^-6 cm/s,Permeability of compound at pH 7.4 incubated for 4 hrs by PAMPA assay
24374239,2152218,2735825,CO[C@@H]1[C@@H](n2cc(-c3cc(F)c(F)c(F)c3)nn2)[C@@H](O)[C@@H](CO)O[C@H]1S[C@@H]1COC[C@H](n2cc(-c3ccccc3)nn2)[C@H]1O,permeability,61.4,10^-6 cm/s,Permeability of compound at pH 7.4 incubated for 4 hrs by PAMPA assay
24374240,2152218,2729808,CO[C@@H]1[C@@H](n2cc(-c3cc(F)c(F)c(F)c3)nn2)[C@@H](O)[C@@H](CO)O[C@H]1S[C@@H]1COC[C@H](n2cc(-c3cccc(F)c3)nn2)[C@H]1O,permeability,44.1,10^-6 cm/s,Permeability of compound at pH 7.4 incubated for 4 hrs by PAMPA assay
24374241,2152218,2726846,CO[C@@H]1[C@@H](n2cc(-c3cc(F)c(F)c(F)c3)nn2)[C@@H](O)[C@@H](CO)O[C@H]1S[C@@H]1COC[C@H](n2cc(-c3cccc(Cl)c3)nn2)[C@H]1O,permeability,73.6,10^-6 cm/s,Permeability of compound at pH 7.4 incubated for 4 hrs by PAMPA assay
24374242,2152218,2719610,CO[C@@H]1[C@@H](n2cc(-c3cc(F)c(F)c(F)c3)nn2)[C@@H](O)[C@@H](CO)O[C@H]1S[C@@H]1COC[C@H](n2cc(-c3cccc(OC(F)F)c3)nn2)[C@H]1O,permeability,35.6,10^-6 cm/s,Permeability of compound at pH 7.4 incubated for 4 hrs by PAMPA assay
24374243,2152218,2737551,CO[C@@H]1[C@@H](n2cc(-c3cc(F)c(F)c(F)c3)nn2)[C@@H](O)[C@@H](CO)O[C@H]1S[C@@H]1COC[C@H](n2cc(-c3cccc(O)c3)nn2)[C@H]1O,permeability,76.9,10^-6 cm/s,Permeability of compound at pH 7.4 incubated for 4 hrs by PAMPA assay
24374245,2152218,2720475,CO[C@@H]1[C@@H](n2cc(-c3cc(F)c(F)c(F)c3)nn2)[C@@H](O)[C@@H](CO)O[C@H]1S[C@@H]1COC[C@H](n2cc(-c3ccccn3)nn2)[C@H]1O,permeability,0.5,10^-6 cm/s,Permeability of compound at pH 7.4 incubated for 4 hrs by PAMPA assay
24374246,2152218,2726226,CO[C@@H]1[C@@H](n2cc(-c3cc(F)c(F)c(F)c3)nn2)[C@@H](O)[C@@H](CO)O[C@H]1S[C@@H]1COC[C@H](n2cc(-c3ncccn3)nn2)[C@H]1O,permeability,0.5,10^-6 cm/s,Permeability of compound at pH 7.4 incubated for 4 hrs by PAMPA assay
24374247,2152218,2736064,CO[C@@H]1[C@@H](n2cc(-c3cc(F)c(F)c(F)c3)nn2)[C@@H](O)[C@@H](CO)O[C@H]1S[C@@H]1COC[C@H](n2cc(-c3cncnc3)nn2)[C@H]1O,permeability,0.2,10^-6 cm/s,Permeability of compound at pH 7.4 incubated for 4 hrs by PAMPA assay
24374249,2152218,2719909,COc1ccc(-c2cn([C@H]3COC[C@@H](S[C@@H]4O[C@H](CO)[C@H](O)[C@H](n5cc(-c6cc(F)c(F)c(F)c6)nn5)[C@H]4OC)[C@@H]3O)nn2)cn1,permeability,1.9,10^-6 cm/s,Permeability of compound at pH 7.4 incubated for 4 hrs by PAMPA assay
24374250,2152218,2737859,COc1cnc(-c2cn([C@H]3COC[C@@H](S[C@@H]4O[C@H](CO)[C@H](O)[C@H](n5cc(-c6cc(F)c(F)c(F)c6)nn5)[C@H]4OC)[C@@H]3O)nn2)nc1,permeability,1.4,10^-6 cm/s,Permeability of compound at pH 7.4 incubated for 4 hrs by PAMPA assay
24374251,2152218,2734919,COc1ncc(-c2cn([C@H]3COC[C@@H](S[C@@H]4O[C@H](CO)[C@H](O)[C@H](n5cc(-c6cc(F)c(F)c(F)c6)nn5)[C@H]4OC)[C@@H]3O)nn2)cn1,permeability,3.9,10^-6 cm/s,Permeability of compound at pH 7.4 incubated for 4 hrs by PAMPA assay
24374252,2152218,2736824,CO[C@@H]1[C@@H](n2cc(-c3cc(F)c(F)c(F)c3)nn2)[C@@H](O)[C@@H](CO)O[C@H]1S[C@@H]1COC[C@H](n2cc(-c3ncc(F)cn3)nn2)[C@H]1O,permeability,2.4,10^-6 cm/s,Permeability of compound at pH 7.4 incubated for 4 hrs by PAMPA assay
24374254,2152218,2738258,CO[C@@H]1[C@@H](n2cc(-c3cc(F)c(F)c(F)c3)nn2)[C@@H](O)[C@@H](CO)O[C@H]1S[C@@H]1COC[C@H](n2cc(-c3ccnc(Cl)c3)nn2)[C@H]1O,permeability,30.9,10^-6 cm/s,Permeability of compound at pH 7.4 incubated for 4 hrs by PAMPA assay
24374256,2152218,2732111,CO[C@@H]1[C@@H](n2cc(-c3cc(F)c(F)c(F)c3)nn2)[C@@H](O)[C@@H](CO)O[C@H]1S[C@@H]1COC[C@H](n2cc(-c3nccc(N)n3)nn2)[C@H]1O,permeability,0,10^-6 cm/s,Permeability of compound at pH 7.4 incubated for 4 hrs by PAMPA assay
24374262,2152218,2739157,CO[C@@H]1[C@@H](n2cc(-c3ccc(Br)c(F)c3)nn2)[C@@H](O)[C@@H](CO)O[C@H]1S[C@@H]1COC[C@H](n2cc(-c3cncnc3)nn2)[C@H]1O,permeability,3.6,10^-6 cm/s,Permeability of compound at pH 7.4 incubated for 4 hrs by PAMPA assay
24408760,2160795,2731007,O=C(OCC(F)(F)F)c1cc(F)cc2cc(CNC(=O)c3cnn4cccnc34)oc12,permeability,687,nm/s,Permeability of the compound at pH 7.4 by PAMPA assay
24408761,2160795,2727332,O=C(NCc1cc2cc(Cl)cc(-c3nn[nH]n3)c2o1)c1cnn2cccnc12,permeability,2,nm/s,Permeability of the compound at pH 7.4 by PAMPA assay
24408745,2160795,2724046,COC(=O)c1cc(NC(=O)c2cnn3cccnc23)cc(C(=O)OC)c1,permeability,545,nm/s,Permeability of the compound at pH 7.4 by PAMPA assay
24408746,2160795,2732902,COC(=O)c1cccc2cc(CN3Cc4ccncc4C3=O)oc12,permeability,543,nm/s,Permeability of the compound at pH 7.4 by PAMPA assay
24408747,2160795,2733525,COC(=O)c1cccc2cc(CNC(=O)c3cnn4cccnc34)oc12,permeability,732,nm/s,Permeability of the compound at pH 7.4 by PAMPA assay
24408748,2160795,2733594,O=C(O)c1cccc2cc(CNC(=O)c3cnn4cccnc34)oc12,permeability,0,nm/s,Permeability of the compound at pH 7.4 by PAMPA assay
24408749,2160795,2722567,O=C(O)c1cccc2cc(Cn3ccc4ccncc4c3=O)oc12,permeability,9,nm/s,Permeability of the compound at pH 7.4 by PAMPA assay
24408750,2160795,2734891,O=C(NCc1cc2cc(Cl)cc(C(=O)O)c2o1)c1cncc2cccnc12,permeability,2,nm/s,Permeability of the compound at pH 7.4 by PAMPA assay
24408751,2160795,2726601,O=C(O)c1ccc2oc(CNC(=O)c3cnn4cccnc34)cc2c1,permeability,3,nm/s,Permeability of the compound at pH 7.4 by PAMPA assay
24408752,2160795,2721310,O=C(O)c1ccc2cc(CNC(=O)c3cnn4cccnc34)oc2c1,permeability,1,nm/s,Permeability of the compound at pH 7.4 by PAMPA assay
24408753,2160795,2736246,Cn1c(CNC(=O)c2cnn3cccnc23)nc2c(C(=O)O)cccc21,permeability,31,nm/s,Permeability of the compound at pH 7.4 by PAMPA assay
24408754,2160795,2736490,C[C@H](NC(=O)c1cnn2cccnc12)c1cc2cc(Cl)cc(C(=O)O)c2o1,permeability,6,nm/s,Permeability of the compound at pH 7.4 by PAMPA assay
24408755,2160795,2732629,O=C(O)c1cccc2c(Cl)c(CNC(=O)c3cnn4cccnc34)oc12,permeability,107,nm/s,Permeability of the compound at pH 7.4 by PAMPA assay
24408756,2160795,2727158,O=C(O)c1cc(Cl)cc2cc(CNC(=O)c3cnn4cccnc34)oc12,permeability,7,nm/s,Permeability of the compound at pH 7.4 by PAMPA assay
24408757,2160795,2726812,O=C(O)c1c(F)ccc2cc(CNC(=O)c3cnn4cccnc34)oc12,permeability,12,nm/s,Permeability of the compound at pH 7.4 by PAMPA assay
24408758,2160795,2726018,O=C(O)c1c(O)c(Cl)cc2cc(CNC(=O)c3cnn4cccnc34)oc12,permeability,0,nm/s,Permeability of the compound at pH 7.4 by PAMPA assay
24408759,2160795,2722134,Cc1cc(C(=O)O)c2oc(CNC(=O)c3cnn4cccnc34)c(Cl)c2c1,permeability,3,nm/s,Permeability of the compound at pH 7.4 by PAMPA assay
24408762,2160795,2725367,O=C(NCc1cc2cc(Cl)c3oc(=O)[nH]c(=O)c3c2o1)c1cnn2cccnc12,permeability,122,nm/s,Permeability of the compound at pH 7.4 by PAMPA assay
24408763,2160795,2345318,CCn1nc(C)cc1C(=O)/N=c1\[nH]c2cc(C(N)=O)cc(OC)c2n1C/C=C/Cn1/c(=N/C(=O)c2cc(C)nn2CC)[nH]c2cc(C(N)=O)cc(OCCCN3CCOCC3)c21,permeability,23,nm/s,Permeability of the compound at pH 7.4 by PAMPA assay
24408764,2160795,112046,Cc1ccc2c(=O)c3cccc(CC(=O)O)c3oc2c1C,permeability,9,nm/s,Permeability of the compound at pH 7.4 by PAMPA assay
24412663,2161768,2731352,Cc1nn(CC(F)(F)F)cc1Nc1ncc(C2CC2)c(NCCc2c[nH]cn2)n1,Peff,3.89,10^-7 cm/s,Effective permeability in PBS at 7.4 incubated for 5 hrs by PAMPA analysis
24412664,2161768,2724052,Cc1nn(CC(F)(F)F)cc1Nc1ncc(C2CC2)c(NCCCNC(=O)C2CCC2)n1,Peff,5.08,10^-6 cm/s,Effective permeability in PBS at 7.4 incubated for 5 hrs by PAMPA analysis
24412666,2161768,2724371,Cc1nn(CC(F)(F)F)cc1Nc1ncc(Br)c(NCCCNC(=O)C2CCC2)n1,Peff,3.73,10^-6 cm/s,Effective permeability in PBS at 7.4 incubated for 5 hrs by PAMPA analysis
24412668,2161768,2731884,Cc1nn(CC(F)(F)F)cc1Nc1nccc(NCCCNC(=O)C2CCC2)n1,Peff,2.39,10^-6 cm/s,Effective permeability in PBS at 7.4 incubated for 5 hrs by PAMPA analysis
24412669,2161768,2733381,Brc1cnc(Nc2cccc(CN3CCOCC3)c2)nc1NCCc1c[nH]cn1,Peff,1.3,10^-6 cm/s,Effective permeability in PBS at 7.4 incubated for 5 hrs by PAMPA analysis
24412670,2161768,2720616,Cc1nn(CC(F)(F)F)cc1Nc1ncc(Br)c(NCCc2cnc[nH]2)n1,Peff,1.51,10^-6 cm/s,Effective permeability in PBS at 7.4 incubated for 5 hrs by PAMPA analysis
24412671,2161768,2737562,NS(=O)(=O)c1ccc(CNc2nc(Nc3cccc(CN4CCOCC4)c3)ncc2C2CC2)cc1,Peff,7.09,10^-7 cm/s,Effective permeability in PBS at 7.4 incubated for 5 hrs by PAMPA analysis
24412674,2161768,2736139,c1cc(CN2CCOCC2)cc(Nc2ncc(C3CC3)c(NCCc3c[nH]cn3)n2)c1,Peff,5.61,10^-7 cm/s,Effective permeability in PBS at 7.4 incubated for 5 hrs by PAMPA analysis
24412675,2161768,2736033,Cc1nn(CC(F)(F)F)cc1Nc1nccc(NCCc2cnc[nH]2)n1,Peff,6.23,10^-8cm/s,Effective permeability in PBS at 7.4 incubated for 5 hrs by PAMPA analysis
24412677,2161768,2719811,O=C(NCCCNc1ccnc(Nc2cccc(NC(=O)N3CCCC3)c2)n1)C1CCC1,Peff,8.24,10^-8cm/s,Effective permeability in PBS at 7.4 incubated for 5 hrs by PAMPA analysis
24412678,2161768,2729881,O=C(NCCCNc1nc(Nc2cccc(NC(=O)N3CCCC3)c2)ncc1Br)C1CCC1,Peff,8.85,10^-7 cm/s,Effective permeability in PBS at 7.4 incubated for 5 hrs by PAMPA analysis
24412679,2161768,2734438,NS(=O)(=O)c1ccc(CNc2ccnc(Nc3cccc(CN4CCOCC4)c3)n2)cc1,Peff,4.56,10^-7 cm/s,Effective permeability in PBS at 7.4 incubated for 5 hrs by PAMPA analysis
24412680,2161768,2730149,c1cc(CN2CCOCC2)cc(Nc2nccc(NCCc3cnc[nH]3)n2)c1,Peff,1.66,10^-7 cm/s,Effective permeability in PBS at 7.4 incubated for 5 hrs by PAMPA analysis
24412681,2161768,2733133,NS(=O)(=O)c1ccc(CNc2nc(Nc3cccc(NC(=O)N4CCCC4)c3)ncc2C2CC2)cc1,Peff,2.6,10^-6 cm/s,Effective permeability in PBS at 7.4 incubated for 5 hrs by PAMPA analysis
24412682,2161768,2734497,O=C(NCCCNc1nc(Nc2cccc(NC(=O)N3CCCC3)c2)ncc1C1CC1)C1CCC1,Peff,5.97,10^-7 cm/s,Effective permeability in PBS at 7.4 incubated for 5 hrs by PAMPA analysis
24412683,2161768,1958102,O=C(NCCCNc1nc(Nc2cccc(CN3CCOCC3)c2)ncc1C1CC1)C1CCC1,Peff,2.6,10^-6 cm/s,Effective permeability in PBS at 7.4 incubated for 5 hrs by PAMPA analysis
24412684,2161768,2126220,O=C(Nc1cccc(Nc2ncc(Br)c(NCCc3cnc[nH]3)n2)c1)N1CCCC1,Peff,1.39,10^-7 cm/s,Effective permeability in PBS at 7.4 incubated for 5 hrs by PAMPA analysis
24421102,2163933,1606050,NCCCCN(C[C@H]1Cc2ccccc2CN1)[C@H]1CCCc2cccnc21,permeability,0,nm/s,Permeability of compound at pH 7.4 incubated for 4 hrs by PAMPA assay
24421103,2163933,2715415,NCCCCN(C[C@H]1Cc2ncccc2CN1)[C@H]1CCCc2cccnc21,permeability,14,nm/s,Permeability of compound at pH 7.4 incubated for 4 hrs by PAMPA assay
24421104,2163933,2731166,NCCCCN(C[C@@H]1Cc2ncccc2CN1)[C@H]1CCCc2cccnc21,permeability,7,nm/s,Permeability of compound at pH 7.4 incubated for 4 hrs by PAMPA assay
24421105,2163933,2721020,NCCCCN(C[C@H]1Cc2cccnc2CN1)[C@H]1CCCc2cccnc21,permeability,6,nm/s,Permeability of compound at pH 7.4 incubated for 4 hrs by PAMPA assay
24421106,2163933,2724122,NCCCCN(C[C@@H]1Cc2cccnc2CN1)[C@H]1CCCc2cccnc21,permeability,77,nm/s,Permeability of compound at pH 7.4 incubated for 4 hrs by PAMPA assay
24421107,2163933,2728262,NCCCCN(C[C@H]1Cc2nccnc2CN1)[C@H]1CCCc2cccnc21,permeability,2,nm/s,Permeability of compound at pH 7.4 incubated for 4 hrs by PAMPA assay
24421108,2163933,2728817,NCCCCN(C[C@@H]1Cc2nccnc2CN1)[C@H]1CCCc2cccnc21,permeability,2,nm/s,Permeability of compound at pH 7.4 incubated for 4 hrs by PAMPA assay
24421109,2163933,2723969,CN(C[C@H]1Cc2ncccc2CN1)[C@H]1CCCc2cccnc21,permeability,1300,nm/s,Permeability of compound at pH 7.4 incubated for 4 hrs by PAMPA assay
24421110,2163933,2732205,CN(C[C@@H]1Cc2ncccc2CN1)[C@H]1CCCc2cccnc21,permeability,1000,nm/s,Permeability of compound at pH 7.4 incubated for 4 hrs by PAMPA assay
24421111,2163933,2736549,NC/C=C\CN(C[C@H]1Cc2ncccc2CN1)[C@H]1CCCc2cccnc21,permeability,68,nm/s,Permeability of compound at pH 7.4 incubated for 4 hrs by PAMPA assay
24421112,2163933,2714860,NC/C=C/CN(C[C@H]1Cc2ncccc2CN1)[C@H]1CCCc2cccnc21,permeability,15,nm/s,Permeability of compound at pH 7.4 incubated for 4 hrs by PAMPA assay
24421113,2163933,2730087,NCc1ccc(CN(C[C@H]2Cc3ncccc3CN2)[C@H]2CCCc3cccnc32)cc1,permeability,69,nm/s,Permeability of compound at pH 7.4 incubated for 4 hrs by PAMPA assay
24421114,2163933,2723637,NC(=O)NCCCCN(C[C@H]1Cc2ncccc2CN1)[C@H]1CCCc2cccnc21,permeability,2,nm/s,Permeability of compound at pH 7.4 incubated for 4 hrs by PAMPA assay
24421115,2163933,2723435,NC(=O)NC/C=C\CN(C[C@H]1Cc2ncccc2CN1)[C@H]1CCCc2cccnc21,permeability,2,nm/s,Permeability of compound at pH 7.4 incubated for 4 hrs by PAMPA assay
24421116,2163933,2736147,NC(=O)NC/C=C/CN(C[C@H]1Cc2ncccc2CN1)[C@H]1CCCc2cccnc21,permeability,2,nm/s,Permeability of compound at pH 7.4 incubated for 4 hrs by PAMPA assay
24421117,2163933,2726892,CN(C)CCCCN(C[C@H]1Cc2ncccc2CN1)[C@H]1CCCc2cccnc21,permeability,240,nm/s,Permeability of compound at pH 7.4 incubated for 4 hrs by PAMPA assay
24421118,2163933,2725314,CCN(CC)CCCCN(C[C@H]1Cc2ncccc2CN1)[C@H]1CCCc2cccnc21,permeability,240,nm/s,Permeability of compound at pH 7.4 incubated for 4 hrs by PAMPA assay
24421119,2163933,2722483,FC1(F)CCC(NCCCCN(C[C@H]2Cc3ncccc3CN2)[C@H]2CCCc3cccnc32)CC1,permeability,52,nm/s,Permeability of compound at pH 7.4 incubated for 4 hrs by PAMPA assay
24421120,2163933,2738269,CN(CCCCN(C[C@H]1Cc2ncccc2CN1)[C@H]1CCCc2cccnc21)C1CCC(F)(F)CC1,permeability,310,nm/s,Permeability of compound at pH 7.4 incubated for 4 hrs by PAMPA assay
24421121,2163933,2729962,c1cnc2c(c1)CN[C@@H](CN(CCCCNC1CCOCC1)[C@H]1CCCc3cccnc31)C2,permeability,8,nm/s,Permeability of compound at pH 7.4 incubated for 4 hrs by PAMPA assay
24421122,2163933,2721583,CN(CCCCN(C[C@H]1Cc2ncccc2CN1)[C@H]1CCCc2cccnc21)C1CCOCC1,permeability,490,nm/s,Permeability of compound at pH 7.4 incubated for 4 hrs by PAMPA assay
24421123,2163933,2727909,c1cnc2c(c1)CN[C@@H](CN(CCCCNC1COC1)[C@H]1CCCc3cccnc31)C2,permeability,300,nm/s,Permeability of compound at pH 7.4 incubated for 4 hrs by PAMPA assay
24421124,2163933,2737400,c1cnc2c(c1)CN[C@@H](CN(CCCCN(C1COC1)C1COC1)[C@H]1CCCc3cccnc31)C2,permeability,320,nm/s,Permeability of compound at pH 7.4 incubated for 4 hrs by PAMPA assay
24421125,2163933,2725956,c1cnc2c(c1)CN[C@@H](CN(CCCC1CCNCC1)[C@H]1CCCc3cccnc31)C2,permeability,24,nm/s,Permeability of compound at pH 7.4 incubated for 4 hrs by PAMPA assay
24421126,2163933,2726593,c1cnc2c(c1)CN[C@@H](CN(CCCCN1CCOCC1)[C@H]1CCCc3cccnc31)C2,permeability,830,nm/s,Permeability of compound at pH 7.4 incubated for 4 hrs by PAMPA assay
24421488,2164005,2733439,CCOP(=O)(Cn1ccc(NC(=O)c2cc(Oc3ccc(S(C)(=O)=O)cc3)cc(O[C@@H](C)CO)c2)n1)OCC,permeability,7,nm/s,Permeability of compound at pH 7.4 by PAMPA assay
24421489,2164005,2737659,CCOP(=O)(Cn1ccc(NC(=O)c2cc(Oc3ccc(S(C)(=O)=O)cc3)cc(O[C@@H](CC)CO)c2)n1)OCC,permeability,84,nm/s,Permeability of compound at pH 7.4 by PAMPA assay
24421490,2164005,2738429,CCOP(=O)(Cn1ccc(NC(=O)c2cc(Oc3ccc(S(C)(=O)=O)cc3)cc(OC(C)C)c2)n1)OCC,permeability,501,nm/s,Permeability of compound at pH 7.4 by PAMPA assay
24421491,2164005,2727820,CCOP(=O)(Cn1ccc(NC(=O)c2cc(Oc3ccc(S(C)(=O)=O)cc3)cc(O[C@@H](C)CF)c2)n1)OCC,permeability,560,nm/s,Permeability of compound at pH 7.4 by PAMPA assay
24421492,2164005,2725968,CCOP(=O)(Cn1ccc(NC(=O)c2cc(Oc3ccc(S(C)(=O)=O)cc3)cc(OC(CF)CF)c2)n1)OCC,permeability,382,nm/s,Permeability of compound at pH 7.4 by PAMPA assay
24421493,2164005,2729321,CCOP(=O)(Cn1ccc(NC(=O)c2cc(Oc3ccc(S(C)(=O)=O)nc3)cc(OC(C)C)c2)n1)OCC,permeability,471,nm/s,Permeability of compound at pH 7.4 by PAMPA assay
24421494,2164005,2731137,CCOP(=O)(Cn1ccc(NC(=O)c2cc(Oc3ccc(S(C)(=O)=O)nn3)cc(OC(C)C)c2)n1)OCC,permeability,255,nm/s,Permeability of compound at pH 7.4 by PAMPA assay
24421495,2164005,2729942,CCOP(=O)(Cn1ccc(NC(=O)c2cc(Oc3cnc(S(C)(=O)=O)nc3)cc(OC(C)C)c2)n1)OCC,permeability,314,nm/s,Permeability of compound at pH 7.4 by PAMPA assay
24421496,2164005,2732973,CCOP(=O)(Cn1ccc(NC(=O)c2cc(Oc3cnc(S(C)(=O)=O)cn3)cc(OC(C)C)c2)n1)OCC,permeability,445,nm/s,Permeability of compound at pH 7.4 by PAMPA assay
24421497,2164005,2721146,CCOP(=O)(Cn1ccc(NC(=O)c2cc(Oc3ccc(S(=O)(=O)CC)cc3)cc(OC(C)C)c2)n1)OCC,permeability,534,nm/s,Permeability of compound at pH 7.4 by PAMPA assay
24421498,2164005,2737297,CCOP(=O)(Cn1ccc(NC(=O)c2cc(Oc3ccc(S(=O)(=O)C(C)C)cc3)cc(OC(C)C)c2)n1)OCC,permeability,536,nm/s,Permeability of compound at pH 7.4 by PAMPA assay
24421499,2164005,2716899,CCOP(=O)(Cn1ccc(NC(=O)c2cc(Oc3ccc(S(=O)(=O)N4CCC4)cc3)cc(OC(C)C)c2)n1)OCC,permeability,516,nm/s,Permeability of compound at pH 7.4 by PAMPA assay
24424711,2164747,2733861,CC(C)C[C@](C)(N)COc1ccc(-c2ccnc(C(F)F)c2)nc1C(F)F,permeability,724,nm/s,Permeability of compound at pH 7.4 measured after 4 hrs by PAMPA assay
24424706,2164747,2714220,Cc1cc(-c2ccc(OC[C@@](C)(N)CC(C)C)c(C(F)(F)F)c2)ccn1,permeability,305,nm/s,Permeability of compound at pH 7.4 measured after 4 hrs by PAMPA assay
24424707,2164747,2736757,Cc1cc(-c2ccc(OC[C@@](C)(N)CC(C)C)c(C(F)F)c2)ccn1,permeability,319,nm/s,Permeability of compound at pH 7.4 measured after 4 hrs by PAMPA assay
24424708,2164747,2727384,CC(C)C[C@](C)(N)COc1ccc(-c2ccnc(C(F)F)c2)cc1C(F)(F)F,permeability,550,nm/s,Permeability of compound at pH 7.4 measured after 4 hrs by PAMPA assay
24424709,2164747,2732656,CC(C)C[C@](C)(N)COc1ccc(-c2ccnc(C(F)F)c2)cc1C(F)F,permeability,427,nm/s,Permeability of compound at pH 7.4 measured after 4 hrs by PAMPA assay
24424710,2164747,2729274,CC(C)C[C@](C)(N)COc1ccc(-c2ccnc(C(F)F)c2)cc1C#N,permeability,687,nm/s,Permeability of compound at pH 7.4 measured after 4 hrs by PAMPA assay
24441244,2166886,2726839,CC1=C(C(=O)Nc2cc(C(=O)O)ccn2)[C@H](c2ccc(C)cc2Cl)N=C(Nc2nc3ccc(F)cc3o2)N1,permeability,1,10^-6 cm/s,Permeability of compound by PAMPA assay
24441245,2166886,2722960,CC1=C(C(=O)Nc2cc(C(=O)O)ccn2)[C@@H](c2ccc(C)cc2Cl)N=C(Nc2nc3ccc(F)cc3o2)N1,permeability,1,10^-6 cm/s,Permeability of compound by PAMPA assay
24441215,2166886,2737401,CC1=C(C(=O)Nc2cc(C(=O)O)ccn2)C(c2ccccc2Cl)N=C(Nc2nc3cccc(Cl)c3o2)N1,permeability,1,10^-6 cm/s,Permeability of compound by PAMPA assay
24441246,2166886,2718375,CC1=C(C(=O)Nc2cc(C(=O)O)ccn2)C(c2ccc(N3CCCC3)cc2Cl)N=C(Nc2nc3ccc(F)cc3o2)N1,permeability,1,10^-6 cm/s,Permeability of compound by PAMPA assay
24441295,2166886,2728376,CC1=C(C(=O)Nc2cc(C(=O)O)ccn2)C(c2ccc(C)cc2Cl)N=C(Nc2nc3cnccc3o2)N1,permeability,1,10^-6 cm/s,Permeability of compound by PAMPA assay
24441267,2166886,2732101,CC1=C(C(=O)Nc2cc(C(=O)O)ccn2)C(c2cccc(S(N)(=O)=O)c2)N=C(Nc2nc3ccc(F)cc3o2)N1,permeability,10,10^-6 cm/s,Permeability of compound by PAMPA assay
24441268,2166886,2737352,CC1=C(C(=O)Nc2cc(C(=O)O)ccn2)C(c2ccc(C)cc2Cl)N=C(Nc2nc3cccc(N)c3o2)N1,permeability,1,10^-6 cm/s,Permeability of compound by PAMPA assay
24441269,2166886,2731376,COc1ccc(C2N=C(Nc3nc4cccc(N)c4o3)NC(C)=C2C(=O)Nc2cc(C(=O)O)ccn2)c(Cl)c1,permeability,1,10^-6 cm/s,Permeability of compound by PAMPA assay
24441199,2166886,2723744,CC1=C(C(=O)Nc2cc(C(=O)O)ccn2)C(c2ccccc2Cl)N=C(Nc2nc3ccc(F)cc3o2)N1,permeability,1,10^-6 cm/s,Permeability of compound by PAMPA assay
24441200,2166886,2728818,CC1=C(C(=O)Nc2cc(C(=O)O)ccn2)C(c2ccccc2Cl)N=C(Nc2nc3c(N)cccc3o2)N1,permeability,1,10^-6 cm/s,Permeability of compound by PAMPA assay
24441201,2166886,2738657,CC1=C(C(=O)Nc2cc(C(=O)O)ccn2)C(c2ccccc2Cl)N=C(Nc2nc3cccc(N)c3o2)N1,permeability,1,10^-6 cm/s,Permeability of compound by PAMPA assay
24441202,2166886,2736217,CC1=C(C(=O)Nc2cc(C(=O)O)ccn2)C(c2ccccc2Cl)N=C(Nc2nc3cc(C)ccc3o2)N1,permeability,1,10^-6 cm/s,Permeability of compound by PAMPA assay
24441203,2166886,2729012,COc1ccc2oc(NC3=NC(c4ccccc4Cl)C(C(=O)Nc4cc(C(=O)O)ccn4)=C(C)N3)nc2c1,permeability,1,10^-6 cm/s,Permeability of compound by PAMPA assay
24441204,2166886,2735425,CC1=C(C(=O)Nc2cc(C(=O)O)ccn2)C(c2ccccc2Cl)N=C(Nc2nc3ccc(C)cc3o2)N1,permeability,1,10^-6 cm/s,Permeability of compound by PAMPA assay
24441205,2166886,2714248,COc1ccc2nc(NC3=NC(c4ccccc4Cl)C(C(=O)Nc4cc(C(=O)O)ccn4)=C(C)N3)oc2c1,permeability,1,10^-6 cm/s,Permeability of compound by PAMPA assay
24441206,2166886,2726794,CC1=C(C(=O)Nc2cc(C(=O)O)ccn2)C(c2ccccc2Cl)N=C(Nc2nc3c(F)cccc3o2)N1,permeability,100,10^-6 cm/s,Permeability of compound by PAMPA assay
24441207,2166886,2736987,CC1=C(C(=O)Nc2cc(C(=O)O)ccn2)C(c2ccccc2Cl)N=C(Nc2nc3cc(Cl)ccc3o2)N1,permeability,1,10^-6 cm/s,Permeability of compound by PAMPA assay
24441208,2166886,2731318,CC1=C(C(=O)Nc2cc(C(=O)O)ccn2)C(c2ccccc2Cl)N=C(Nc2nc3cccc(F)c3o2)N1,permeability,1,10^-6 cm/s,Permeability of compound by PAMPA assay
24441209,2166886,2729641,CC1=C(C(=O)Nc2cc(C(=O)O)ccn2)C(c2ccccc2Cl)N=C(Nc2nc3c(Cl)cccc3o2)N1,permeability,1.3,10^-6 cm/s,Permeability of compound by PAMPA assay
24441210,2166886,2721669,CC1=C(C(=O)Nc2cc(C(=O)O)ccn2)C(c2ccccc2Cl)N=C(Nc2nc3cc(N)ccc3o2)N1,permeability,10,10^-6 cm/s,Permeability of compound by PAMPA assay
24441211,2166886,2731696,CC1=C(C(=O)Nc2cc(C(=O)O)ccn2)C(c2ccccc2Cl)N=C(Nc2nc3cc(F)ccc3o2)N1,permeability,10,10^-6 cm/s,Permeability of compound by PAMPA assay
24441212,2166886,2732315,CC1=C(C(=O)Nc2cc(C(=O)O)ccn2)C(c2ccccc2Cl)N=C(Nc2nc3ccc(Cl)cc3o2)N1,permeability,10,10^-6 cm/s,Permeability of compound by PAMPA assay
24441213,2166886,2739178,CC1=C(C(=O)Nc2cc(C(=O)O)ccn2)C(c2ccccc2Cl)N=C(Nc2nc3cccc(C)c3o2)N1,permeability,10,10^-6 cm/s,Permeability of compound by PAMPA assay
24441214,2166886,2726535,CC1=C(C(=O)Nc2cc(C(=O)O)ccn2)C(c2ccccc2Cl)N=C(Nc2nc3cccc(C(F)(F)F)c3o2)N1,permeability,1,10^-6 cm/s,Permeability of compound by PAMPA assay
24441216,2166886,2729226,CC1=C(C(=O)Nc2cc(C(=O)O)ccn2)C(c2ccccc2Cl)N=C(Nc2nc3c(C)cccc3o2)N1,permeability,1.3,10^-6 cm/s,Permeability of compound by PAMPA assay
24441217,2166886,2736735,CC1=C(C(=O)Nc2cc(C(=O)O)ccn2)[C@H](c2ccccc2Cl)N=C(Nc2nc3ccc(F)cc3o2)N1,permeability,1,10^-6 cm/s,Permeability of compound by PAMPA assay
24441218,2166886,2737244,CC1=C(C(=O)Nc2cc(C(=O)O)ccn2)[C@@H](c2ccccc2Cl)N=C(Nc2nc3ccc(F)cc3o2)N1,permeability,1,10^-6 cm/s,Permeability of compound by PAMPA assay
24441219,2166886,2737608,CC1=C(C(=O)Nc2cc(C(=O)O)ccn2)C(c2ccccc2Cl)N=C(Nc2nc3cccc(OC(F)(F)F)c3o2)N1,permeability,10,10^-6 cm/s,Permeability of compound by PAMPA assay
24441220,2166886,2719920,COc1cccc2nc(NC3=NC(c4ccccc4Cl)C(C(=O)Nc4cc(C(=O)O)ccn4)=C(C)N3)oc12,permeability,1,10^-6 cm/s,Permeability of compound by PAMPA assay
24441221,2166886,2731673,CC1=C(C(=O)Nc2cc(C(=O)O)ccn2)C(c2ccccc2Cl)N=C(Nc2nc3cccc([N+](=O)[O-])c3o2)N1,permeability,31,10^-6 cm/s,Permeability of compound by PAMPA assay
24441222,2166886,2737917,CC1=C(C(=O)Nc2cc(C(=O)O)ccn2)[C@@H](c2ccccc2Cl)N=C(Nc2nc3cccc(N)c3o2)N1,permeability,1.3,10^-6 cm/s,Permeability of compound by PAMPA assay
24441223,2166886,2730329,CC1=C(C(=O)Nc2ccc(C(=O)O)cn2)C(c2ccccc2Cl)N=C(Nc2nc3ccc(F)cc3o2)N1,permeability,1,10^-6 cm/s,Permeability of compound by PAMPA assay
24441224,2166886,2732778,CC1=C(C(=O)Nc2cc(C(=O)O)ccc2Cl)C(c2ccccc2Cl)N=C(Nc2nc3ccc(F)cc3o2)N1,permeability,29.6,10^-6 cm/s,Permeability of compound by PAMPA assay
24441225,2166886,2728722,CC1=C(C(=O)Nc2cc(C(=O)O)ccc2F)C(c2ccccc2Cl)N=C(Nc2nc3ccc(F)cc3o2)N1,permeability,2.2,10^-6 cm/s,Permeability of compound by PAMPA assay
24441226,2166886,2737123,COC(=O)c1ccnc(NC(=O)C2=C(C)NC(Nc3nc4ccc(F)cc4o3)=N[C@H]2c2ccccc2Cl)c1,permeability,21.9,10^-6 cm/s,Permeability of compound by PAMPA assay
24441227,2166886,2738303,COC(=O)c1ccnc(NC(=O)C2=C(C)NC(Nc3nc4ccc(F)cc4o3)=N[C@@H]2c2ccccc2Cl)c1,permeability,7.4,10^-6 cm/s,Permeability of compound by PAMPA assay
24441228,2166886,2733145,CNCCNC(=O)C1=C(C)NC(Nc2nc3ccc(F)cc3o2)=NC1c1ccccc1Cl,permeability,30,10^-6 cm/s,Permeability of compound by PAMPA assay
24441229,2166886,2727337,CC1=C(C(=O)Nc2cc(CO)ccn2)C(c2ccccc2Cl)N=C(Nc2nc3ccc(F)cc3o2)N1,permeability,59.9,10^-6 cm/s,Permeability of compound by PAMPA assay
24441230,2166886,2720329,CC1=C(C(=O)Nc2cc(C(N)=O)ccn2)C(c2ccccc2Cl)N=C(Nc2nc3ccc(F)cc3o2)N1,permeability,15.5,10^-6 cm/s,Permeability of compound by PAMPA assay
24441231,2166886,2721841,CC1=C(C(=O)Nc2cc(C#N)ccn2)C(c2ccccc2Cl)N=C(Nc2nc3ccc(F)cc3o2)N1,permeability,6.8,10^-6 cm/s,Permeability of compound by PAMPA assay
24441232,2166886,2727875,CC1=C(C(=O)Nc2ccc(C#N)cn2)C(c2ccccc2Cl)N=C(Nc2nc3ccc(F)cc3o2)N1,permeability,7.8,10^-6 cm/s,Permeability of compound by PAMPA assay
24441233,2166886,2733077,CC1=C(C(=O)Nc2cc(-c3nn[nH]n3)ccn2)C(c2ccccc2Cl)N=C(Nc2nc3ccc(F)cc3o2)N1,permeability,1,10^-6 cm/s,Permeability of compound by PAMPA assay
24441234,2166886,2731762,CC1=C(C(=O)Nc2ccccn2)C(c2ccccc2Cl)N=C(Nc2nc3ccc(F)cc3o2)N1,permeability,171.11,10^-6 cm/s,Permeability of compound by PAMPA assay
24441235,2166886,2730451,CC1=C(C(=O)NCc2cnn(C)c2)C(c2ccccc2Cl)N=C(Nc2nc3ccc(F)cc3o2)N1,permeability,942.87,10^-6 cm/s,Permeability of compound by PAMPA assay
24441236,2166886,2725570,CC1=C(C(=O)Nc2cc(C(=O)O)ccn2)C(c2ccc(F)cc2Cl)N=C(Nc2nc3ccc(F)cc3o2)N1,permeability,1,10^-6 cm/s,Permeability of compound by PAMPA assay
24441237,2166886,2732681,COc1ccc(C2N=C(Nc3nc4ccc(F)cc4o3)NC(C)=C2C(=O)Nc2cc(C(=O)O)ccn2)c(Cl)c1,permeability,10,10^-6 cm/s,Permeability of compound by PAMPA assay
24441238,2166886,2726971,CC1=C(C(=O)Nc2cc(C(=O)O)ccn2)C(c2ccc(Cl)cc2Cl)N=C(Nc2nc3ccc(F)cc3o2)N1,permeability,1,10^-6 cm/s,Permeability of compound by PAMPA assay
24441239,2166886,2731594,CC1=C(C(=O)Nc2cc(C(=O)O)ccn2)C(c2cccc(F)c2Cl)N=C(Nc2nc3ccc(F)cc3o2)N1,permeability,10,10^-6 cm/s,Permeability of compound by PAMPA assay
24441240,2166886,2732998,CC1=C(C(=O)Nc2cc(C(=O)O)ccn2)C(c2cccc(Cl)c2Cl)N=C(Nc2nc3ccc(F)cc3o2)N1,permeability,10,10^-6 cm/s,Permeability of compound by PAMPA assay
24441241,2166886,2734786,CC1=C(C(=O)Nc2cc(C(=O)O)ccn2)C(c2ccc(C)cc2Cl)N=C(Nc2nc3ccc(F)cc3o2)N1,permeability,1.5,10^-6 cm/s,Permeability of compound by PAMPA assay
24441242,2166886,2727653,CC1=C(C(=O)Nc2cc(C(=O)O)ccn2)C(c2cccc(C(F)(F)F)c2Cl)N=C(Nc2nc3ccc(F)cc3o2)N1,permeability,10,10^-6 cm/s,Permeability of compound by PAMPA assay
24441243,2166886,2738949,COc1cccc(C2N=C(Nc3nc4ccc(F)cc4o3)NC(C)=C2C(=O)Nc2cc(C(=O)O)ccn2)c1Cl,permeability,1,10^-6 cm/s,Permeability of compound by PAMPA assay
24441247,2166886,2723347,CC1=C(C(=O)Nc2cc(C(=O)O)ccn2)C(c2ccc(N3CCCCC3)cc2Cl)N=C(Nc2nc3ccc(F)cc3o2)N1,permeability,1.35,10^-6 cm/s,Permeability of compound by PAMPA assay
24441248,2166886,2729811,CC1=C(C(=O)Nc2cc(C(=O)O)ccn2)C(c2ccc(N3CCOCC3)cc2Cl)N=C(Nc2nc3ccc(F)cc3o2)N1,permeability,26.5,10^-6 cm/s,Permeability of compound by PAMPA assay
24441249,2166886,2729352,CC1=C(C(=O)Nc2cc(C(=O)O)ccn2)C(c2ccc(-n3cccn3)cc2Cl)N=C(Nc2nc3ccc(F)cc3o2)N1,permeability,1,10^-6 cm/s,Permeability of compound by PAMPA assay
24441250,2166886,2721181,CC1=C(C(=O)Nc2cc(C(=O)O)ccn2)C(c2ccc(C(F)(F)F)cc2Cl)N=C(Nc2nc3ccc(F)cc3o2)N1,permeability,1,10^-6 cm/s,Permeability of compound by PAMPA assay
24441251,2166886,2738898,CC1=C(C(=O)Nc2cc(C(=O)O)ccn2)C(c2ccc(Br)cc2Cl)N=C(Nc2nc3ccc(F)cc3o2)N1,permeability,1.7,10^-6 cm/s,Permeability of compound by PAMPA assay
24441252,2166886,2716306,CC1=C(C(=O)Nc2cc(C(=O)O)ccn2)C(c2cccc([N+](=O)[O-])c2Cl)N=C(Nc2nc3ccc(F)cc3o2)N1,permeability,1,10^-6 cm/s,Permeability of compound by PAMPA assay
24441253,2166886,2736801,CC1=C(C(=O)Nc2cc(C(=O)O)ccn2)C(c2cccc(N)c2Cl)N=C(Nc2nc3ccc(F)cc3o2)N1,permeability,1,10^-6 cm/s,Permeability of compound by PAMPA assay
24441254,2166886,2738974,CC1=C(C(=O)Nc2cc(C(=O)O)ccn2)C(c2ccc(-c3ccccc3)cc2Cl)N=C(Nc2nc3ccc(F)cc3o2)N1,permeability,4.9,10^-6 cm/s,Permeability of compound by PAMPA assay
24441255,2166886,2726437,CC1=C(C(=O)Nc2cc(C(=O)O)ccn2)C(c2ccc(C#N)cc2Cl)N=C(Nc2nc3ccc(F)cc3o2)N1,permeability,1,10^-6 cm/s,Permeability of compound by PAMPA assay
24441256,2166886,2726300,CCOc1ccc(C2N=C(Nc3nc4ccc(F)cc4o3)NC(C)=C2C(=O)Nc2cc(C(=O)O)ccn2)c(Cl)c1,permeability,1,10^-6 cm/s,Permeability of compound by PAMPA assay
24441257,2166886,2735062,CC1=C(C(=O)Nc2cc(C(=O)O)ccn2)C(c2ccc(-c3ccc(C(F)(F)F)cc3)cc2Cl)N=C(Nc2nc3ccc(F)cc3o2)N1,permeability,6.6,10^-6 cm/s,Permeability of compound by PAMPA assay
24441258,2166886,2725569,CC1=C(C(=O)Nc2cc(C(=O)O)ccn2)C(c2ccc(-c3ccc(C)nc3)cc2Cl)N=C(Nc2nc3ccc(F)cc3o2)N1,permeability,1,10^-6 cm/s,Permeability of compound by PAMPA assay
24441259,2166886,2737146,CC1=C(C(=O)Nc2cc(C(=O)O)ccn2)C(c2ccc(-c3ccc(C(F)(F)F)nc3)cc2Cl)N=C(Nc2nc3ccc(F)cc3o2)N1,permeability,1,10^-6 cm/s,Permeability of compound by PAMPA assay
24441260,2166886,2733860,CC1=C(C(=O)Nc2cc(C(=O)O)ccn2)C(c2ccc(-c3cnc(C)nc3)cc2Cl)N=C(Nc2nc3ccc(F)cc3o2)N1,permeability,1,10^-6 cm/s,Permeability of compound by PAMPA assay
24441261,2166886,2739100,CC1=C(C(=O)Nc2cc(C(=O)O)ccn2)C(c2ccc(C(=O)O)cc2Cl)N=C(Nc2nc3ccc(F)cc3o2)N1,permeability,1,10^-6 cm/s,Permeability of compound by PAMPA assay
24441262,2166886,2730784,CC1=C(C(=O)Nc2cc(C(=O)O)ccn2)C(c2cc(C(=O)O)ccc2Cl)N=C(Nc2nc3ccc(F)cc3o2)N1,permeability,2.85,10^-6 cm/s,Permeability of compound by PAMPA assay
24441263,2166886,2717103,CC1=C(C(=O)Nc2cc(C(=O)O)ccn2)C(c2ccc(-n3ccnc3)cc2Cl)N=C(Nc2nc3ccc(F)cc3o2)N1,permeability,1,10^-6 cm/s,Permeability of compound by PAMPA assay
24441264,2166886,2736311,CC1=C(C(=O)Nc2cc(C(=O)O)ccn2)C(c2ccccc2Br)N=C(Nc2nc3ccc(F)cc3o2)N1,permeability,10,10^-6 cm/s,Permeability of compound by PAMPA assay
24441265,2166886,2735701,CC1=C(C(=O)Nc2cc(C(=O)O)ccn2)C(c2cccc(C(N)=O)c2)N=C(Nc2nc3ccc(F)cc3o2)N1,permeability,1,10^-6 cm/s,Permeability of compound by PAMPA assay
24441266,2166886,2733001,CC1=C(C(=O)Nc2cc(C(=O)O)ccn2)C(c2cccc(C(F)(F)F)c2)N=C(Nc2nc3ccc(F)cc3o2)N1,permeability,1,10^-6 cm/s,Permeability of compound by PAMPA assay
24441270,2166886,2720662,CC1=C(C(=O)Nc2ccccn2)C(c2ccccc2Cl)N=C(Nc2nc3cccc(N)c3o2)N1,permeability,271.13,10^-6 cm/s,Permeability of compound by PAMPA assay
24441271,2166886,2735693,CC1=C(C(=O)NCc2cnn(C)c2)C(c2ccccc2Cl)N=C(Nc2nc3cccc(N)c3o2)N1,permeability,101.9,10^-6 cm/s,Permeability of compound by PAMPA assay
24441272,2166886,2731624,CC1=C(C(=O)NCc2cnn(C)c2)C(c2ccc(C)cc2Cl)N=C(Nc2nc3cccc(N)c3o2)N1,permeability,25.28,10^-6 cm/s,Permeability of compound by PAMPA assay
24441273,2166886,2731511,CC1=C(C(=O)Nc2cc(C(=O)O)ccn2)[C@@H](c2ccc(C)cc2Cl)N=C(Nc2nc3cccc(N)c3o2)N1,permeability,1,10^-6 cm/s,Permeability of compound by PAMPA assay
24441274,2166886,2722617,CC1=C(C(=O)Nc2cc(C(=O)O)ccn2)[C@H](c2ccc(C)cc2Cl)N=C(Nc2nc3cccc(N)c3o2)N1,permeability,1,10^-6 cm/s,Permeability of compound by PAMPA assay
24441275,2166886,2734877,COc1ccc([C@H]2N=C(Nc3nc4cccc(N)c4o3)NC(C)=C2C(=O)Nc2cc(C(=O)O)ccn2)c(Cl)c1,permeability,1,10^-6 cm/s,Permeability of compound by PAMPA assay
24441276,2166886,2722509,COc1ccc([C@@H]2N=C(Nc3nc4cccc(N)c4o3)NC(C)=C2C(=O)Nc2cc(C(=O)O)ccn2)c(Cl)c1,permeability,1,10^-6 cm/s,Permeability of compound by PAMPA assay
24441277,2166886,2734554,CC1=C(C(=O)Nc2cc(-c3nn[nH]n3)ccn2)C(c2ccc(C)cc2Cl)N=C(Nc2nc3ccc(F)cc3o2)N1,permeability,1,10^-6 cm/s,Permeability of compound by PAMPA assay
24441278,2166886,2738340,CC1=C(C(=O)Nc2cc(N(C)C)ccn2)C(c2ccc(C)cc2Cl)N=C(Nc2nc3cccc(N)c3o2)N1,permeability,179.3,10^-6 cm/s,Permeability of compound by PAMPA assay
24441279,2166886,2732021,CC1=C(C(=O)Nc2cc(N(C)C)ccn2)C(c2ccc(C)cc2Cl)N=C(Nc2nc3ccc(F)cc3o2)N1,permeability,264.3,10^-6 cm/s,Permeability of compound by PAMPA assay
24441280,2166886,2731850,COC(=O)c1ccnc(NC(=O)C2=C(C)NC(Nc3nc4cccc(N)c4o3)=NC2c2ccc(C)cc2Cl)c1,permeability,177.1,10^-6 cm/s,Permeability of compound by PAMPA assay
24441281,2166886,2726341,CC1=C(C(=O)Nc2cc(B(O)O)ccn2)C(c2ccc(C)cc2Cl)N=C(Nc2nc3ccc(F)cc3o2)N1,permeability,3.2,10^-6 cm/s,Permeability of compound by PAMPA assay
24441282,2166886,2728714,COc1ccc2nc(NC3=NC(c4ccccc4Cl)C(C(=O)Nc4nnc(-c5cccnc5)s4)=C(C)N3)oc2c1,permeability,4.4,10^-6 cm/s,Permeability of compound by PAMPA assay
24441283,2166886,2729611,CC1=C(C(=O)Nc2nnc(-c3cccnc3)s2)C(c2ccccc2Cl)N=C(Nc2nc3ccc(Cl)cc3o2)N1,permeability,10.3,10^-6 cm/s,Permeability of compound by PAMPA assay
24441284,2166886,2736334,COc1ccc2oc(NC3=NC(c4ccccc4Cl)C(C(=O)Nc4nnc(-c5cccnc5)s4)=C(C)N3)nc2c1,permeability,19.1,10^-6 cm/s,Permeability of compound by PAMPA assay
24441285,2166886,2735663,CC1=C(C(=O)Nc2nnc(-c3cccnc3)s2)C(c2ccccc2Cl)N=C(Nc2nc3cc(C)ccc3o2)N1,permeability,1.5,10^-6 cm/s,Permeability of compound by PAMPA assay
24441286,2166886,2719298,CC1=C(C(=O)Nc2nnc(-c3cccnc3)s2)C(c2ccccc2Cl)N=C(Nc2nc3cc(F)ccc3o2)N1,permeability,1.5,10^-6 cm/s,Permeability of compound by PAMPA assay
24441287,2166886,2717352,CC1=C(C(=O)Nc2nnc(-c3cccnc3)s2)C(c2ccccc2Cl)N=C(Nc2nc3cc(Cl)ccc3o2)N1,permeability,3.4,10^-6 cm/s,Permeability of compound by PAMPA assay
24441288,2166886,2732109,CC1=C(C(=O)Nc2nnc(-c3cccnc3)s2)C(c2ccccc2Cl)N=C(Nc2nc3ccc(C)cc3o2)N1,permeability,2.9,10^-6 cm/s,Permeability of compound by PAMPA assay
24441289,2166886,2727277,CC1=C(C(=O)Nc2nnc(-c3cccnc3)s2)C(c2ccccc2Cl)N=C(Nc2nc3ccc(F)cc3o2)N1,permeability,9.9,10^-6 cm/s,Permeability of compound by PAMPA assay
24441290,2166886,2735878,CC1=C(C(=O)Nc2nnc(-c3cccnc3)s2)C(c2ccccc2Cl)N=C(Nc2nc3cc(N)ccc3o2)N1,permeability,4.4,10^-6 cm/s,Permeability of compound by PAMPA assay
24441291,2166886,2733696,CC1=C(C(=O)Nc2cc(C(=O)O)ccn2)C(c2ccc(C)cc2Cl)N=C(Nc2nc3ncccc3o2)N1,permeability,1,10^-6 cm/s,Permeability of compound by PAMPA assay
24441292,2166886,2720892,CC1=C(C(=O)Nc2cc(C(=O)O)ccn2)C(c2ccc(C)cc2Cl)N=C(Nc2ncc(-c3ccccc3)o2)N1,permeability,4.14,10^-6 cm/s,Permeability of compound by PAMPA assay
24441293,2166886,2721847,CC1=C(C(=O)NCc2cnn(C)c2)C(c2ccc(C)cc2Cl)N=C(Nc2nc3cnccc3o2)N1,permeability,127.62,10^-6 cm/s,Permeability of compound by PAMPA assay
24441294,2166886,2724208,CC1=C(C(=O)NCc2cnn(C)c2)C(c2ccc(C)cc2Cl)N=C(Nc2nc3ncccc3o2)N1,permeability,62.84,10^-6 cm/s,Permeability of compound by PAMPA assay
24441296,2166886,2726152,CC1=C(C(=O)NCc2cnn(C)c2)C(c2ccc(C)cc2Cl)N=C(Nc2nc3cccnc3o2)N1,permeability,355.44,10^-6 cm/s,Permeability of compound by PAMPA assay
24441297,2166886,2729365,CC1=C(C(=O)Nc2cc(C(=O)O)ccn2)C(c2ccc(C)cc2Cl)N=C(Nc2nc3cccnc3o2)N1,permeability,1,10^-6 cm/s,Permeability of compound by PAMPA assay
24441298,2166886,2725869,CC1=C(C(=O)Nc2cc(C(=O)O)ccn2)C(c2ccc(C)cc2Cl)N=C(Nc2nc3c(o2)CCCC3)N1,permeability,1.8,10^-6 cm/s,Permeability of compound by PAMPA assay
24441299,2166886,2722865,CC1=C(C(=O)NCc2cnn(Cc3ccccc3)c2)C(c2ccc(C)cc2Cl)N=C(Nc2nc3ccc(F)cc3o2)N1,permeability,159,10^-6 cm/s,Permeability of compound by PAMPA assay
24441300,2166886,2723805,CC1=C(C(=O)NCc2c(C)nn(C)c2C)C(c2ccc(C)cc2Cl)N=C(Nc2nc3ccc(F)cc3o2)N1,permeability,16.91,10^-6 cm/s,Permeability of compound by PAMPA assay
24441301,2166886,2716923,CCn1cc(CNC(=O)C2=C(C)NC(Nc3nc4ccc(F)cc4o3)=NC2c2ccc(C)cc2Cl)cn1,permeability,21.9,10^-6 cm/s,Permeability of compound by PAMPA assay
24441302,2166886,2733100,CC1=C(C(=O)NCc2c(C)nn(C)c2C)C(c2ccc(C)cc2Cl)N=C(Nc2nc3cccc(N)c3o2)N1,permeability,127.92,10^-6 cm/s,Permeability of compound by PAMPA assay
24441303,2166886,2725316,CC1=C(C(=O)NCc2cnn(Cc3ccccc3)c2)C(c2ccc(C)cc2Cl)N=C(Nc2nc3cccc(N)c3o2)N1,permeability,103.8,10^-6 cm/s,Permeability of compound by PAMPA assay
24441304,2166886,2720320,CC1=C(C(=O)NCc2cnn(C)c2)[C@H](c2ccc(C)cc2Cl)N=C(Nc2nc3cccc(N)c3o2)N1,permeability,416.8,10^-6 cm/s,Permeability of compound by PAMPA assay
24441305,2166886,2735446,CC1=C(C(=O)NCc2cnn(C)c2)[C@@H](c2ccc(C)cc2Cl)N=C(Nc2nc3cccc(N)c3o2)N1,permeability,326.9,10^-6 cm/s,Permeability of compound by PAMPA assay
24441306,2166886,2721598,CCn1cc(CNC(=O)C2=C(C)NC(Nc3nc4cccc(N)c4o3)=NC2c2ccc(C)cc2Cl)cn1,permeability,360.4,10^-6 cm/s,Permeability of compound by PAMPA assay
24441307,2166886,2726363,CCn1cc(CNC(=O)C2=C(C)NC(Nc3nc4cccc(N)c4o3)=NC2c2ccc(F)cc2Cl)cn1,permeability,188.9,10^-6 cm/s,Permeability of compound by PAMPA assay
24441308,2166886,2725147,CC1=C(C(=O)NCc2cnn(C)c2)C(c2ccc(F)cc2Cl)N=C(Nc2nc3cccc(N)c3o2)N1,permeability,17.14,10^-6 cm/s,Permeability of compound by PAMPA assay
24441309,2166886,2723559,CCn1cc(CNC(=O)C2=C(C)NC(Nc3nc4cccc(N)c4o3)=NC2c2ccc(Cl)cc2Cl)cn1,permeability,289.5,10^-6 cm/s,Permeability of compound by PAMPA assay
24441310,2166886,2737330,CCn1cc(C(C)NC(=O)C2=C(C)NC(Nc3nc4cccc(N)c4o3)=NC2c2ccc(C)cc2Cl)cn1,permeability,332.7,10^-6 cm/s,Permeability of compound by PAMPA assay
24441311,2166886,2734146,CCn1cc(C(C)NC(=O)C2=C(C)NC(Nc3nc4cccc(N)c4o3)=NC2c2ccc(Cl)cc2Cl)cn1,permeability,114.1,10^-6 cm/s,Permeability of compound by PAMPA assay
24441312,2166886,2724860,CC1=C(C(=O)NCc2cnn(C)c2)C(c2ccc(Cl)cc2Cl)N=C(Nc2nc3cccc(N)c3o2)N1,permeability,142.4,10^-6 cm/s,Permeability of compound by PAMPA assay
24441313,2166886,2726512,CC1=C(C(=O)NCc2cnn(C)c2C)C(c2ccc(C)cc2Cl)N=C(Nc2nc3ccc(F)cc3o2)N1,permeability,460.2,10^-6 cm/s,Permeability of compound by PAMPA assay
24441314,2166886,2718053,CCn1cc(CNC(=O)C2=C(C)NC(Nc3nc4ccc(F)c(N)c4o3)=NC2c2ccc(C)cc2Cl)cn1,permeability,410.3,10^-6 cm/s,Permeability of compound by PAMPA assay
24441315,2166886,2732741,CC1=C(C(=O)NCc2cnn(C)c2)C(c2ccc(C)cc2Cl)N=C(Nc2nc3ccc(F)c(N)c3o2)N1,permeability,459.1,10^-6 cm/s,Permeability of compound by PAMPA assay
24441316,2166886,2724968,CC1=C(C(=O)NCc2cnn(C)c2)C(c2ccc(Cl)cc2Cl)N=C(Nc2nc3ccc(F)c(N)c3o2)N1,permeability,166.7,10^-6 cm/s,Permeability of compound by PAMPA assay
24441317,2166886,2736658,CC1=C(C(=O)NCc2cnn(C)c2)C(c2ccc(C)cc2Cl)N=C(Nc2nc3ccc(F)c(C(=O)O)c3o2)N1,permeability,1,10^-6 cm/s,Permeability of compound by PAMPA assay
24441318,2166886,2724654,CCn1nc(C)c(CNC(=O)C2=C(C)NC(Nc3nc4ccc(F)c(N)c4o3)=NC2c2ccc(C)cc2Cl)c1F,permeability,187.9,10^-6 cm/s,Permeability of compound by PAMPA assay
24441319,2166886,2724737,CCn1cc(CNC(=O)C2=C(C)NC(Nc3nc4ccc(F)c(N)c4o3)=NC2c2ccc(Cl)cc2Cl)cn1,permeability,380.3,10^-6 cm/s,Permeability of compound by PAMPA assay
24441320,2166886,2739391,CC1=C(C(=O)NCc2cnn(CC(F)(F)F)c2)C(c2ccc(C)cc2Cl)N=C(Nc2nc3ccc(F)c(N)c3o2)N1,permeability,193.1,10^-6 cm/s,Permeability of compound by PAMPA assay
24441321,2166886,2727986,CC1=C(C(=O)NCc2cnn(C(C)(C)C)c2)C(c2ccc(C)cc2Cl)N=C(Nc2nc3ccc(F)c(N)c3o2)N1,permeability,553.2,10^-6 cm/s,Permeability of compound by PAMPA assay
24441322,2166886,2736719,CCn1ncc(CNC(=O)C2=C(C)NC(Nc3nc4ccc(F)c(N)c4o3)=NC2c2ccc(C)cc2Cl)c1F,permeability,427.4,10^-6 cm/s,Permeability of compound by PAMPA assay
24441323,2166886,2728320,CCn1cc(CNC(=O)C2=C(C)NC(Nc3nc4ccc(F)c(N)c4o3)=N[C@@H]2c2ccc(C)cc2Cl)cn1,permeability,772.8,10^-6 cm/s,Permeability of compound by PAMPA assay
24441324,2166886,2732137,CCn1cc(CNC(=O)C2=C(C)NC(Nc3nc4ccc(F)c(N)c4o3)=N[C@H]2c2ccc(C)cc2Cl)cn1,permeability,407.39,10^-6 cm/s,Permeability of compound by PAMPA assay
24441325,2166886,2730959,CCn1cc(CNC(=O)C2=C(C)NC(Nc3nc4ccc(F)c(N)c4o3)=NC2c2ccccc2Cl)cn1,permeability,133.5,10^-6 cm/s,Permeability of compound by PAMPA assay
24441326,2166886,2725623,CC1=C(C(=O)Nc2ccccc2)C(c2ccccc2Cl)N=C(Nc2nc3ccccc3o2)N1,permeability,10,10^-6 cm/s,Permeability of compound by PAMPA assay
24441327,2166886,2735378,COC(=O)c1ccc(NC(=O)C2=C(C)NC(Nc3nc4ccccc4o3)=NC2c2ccccc2Cl)cc1,permeability,25.4,10^-6 cm/s,Permeability of compound by PAMPA assay
24441328,2166886,2727406,CCOC(=O)c1ccc(NC(=O)C2=C(C)NC(Nc3nc4ccccc4o3)=NC2c2ccccc2Cl)cc1,permeability,8.8,10^-6 cm/s,Permeability of compound by PAMPA assay
24441329,2166886,2729595,CC1=C(C(=O)Nc2ccccc2Cl)C(c2ccccc2Cl)N=C(Nc2nc3ccccc3o2)N1,permeability,56,10^-6 cm/s,Permeability of compound by PAMPA assay
24441330,2166886,2717701,CC1=C(C(=O)Nc2ccc(Cl)cc2)C(c2ccccc2Cl)N=C(Nc2nc3ccccc3o2)N1,permeability,2,10^-6 cm/s,Permeability of compound by PAMPA assay
24441331,2166886,2724295,CC1=C(C(=O)Nc2cccc(C(=O)O)c2)C(c2ccccc2Cl)N=C(Nc2nc3ccccc3o2)N1,permeability,1,10^-6 cm/s,Permeability of compound by PAMPA assay
24441332,2166886,2721253,CC1=C(C(=O)Nc2ccc(C(=O)O)cc2)C(c2ccccc2Cl)N=C(Nc2nc3ccccc3o2)N1,permeability,3.6,10^-6 cm/s,Permeability of compound by PAMPA assay
24441333,2166886,2736984,CC1=C(C(=O)Nc2cccc(CO)c2)C(c2ccccc2Cl)N=C(Nc2nc3ccccc3o2)N1,permeability,1124.1,10^-6 cm/s,Permeability of compound by PAMPA assay
24441334,2166886,2736666,CC1=C(C(=O)N2CCOCC2)C(c2ccccc2Cl)N=C(Nc2nc3ccccc3o2)N1,permeability,1046.7,10^-6 cm/s,Permeability of compound by PAMPA assay
24441335,2166886,2722649,CC1=C(C(=O)Nc2cccc(Br)c2)C(c2ccccc2Cl)N=C(Nc2nc3ccccc3o2)N1,permeability,1.8,10^-6 cm/s,Permeability of compound by PAMPA assay
24441336,2166886,2733967,CC1=C(C(=O)Nc2ccc(F)cc2)C(c2ccccc2Cl)N=C(Nc2nc3ccccc3o2)N1,permeability,29.4,10^-6 cm/s,Permeability of compound by PAMPA assay
24441337,2166886,2727015,CC1=C(C(=O)Nc2cccnc2)C(c2ccccc2Cl)N=C(Nc2nc3ccccc3o2)N1,permeability,513,10^-6 cm/s,Permeability of compound by PAMPA assay
24441338,2166886,2731079,CC1=C(C(=O)Nc2ccc(Br)cc2)C(c2ccccc2Cl)N=C(Nc2nc3ccccc3o2)N1,permeability,14.9,10^-6 cm/s,Permeability of compound by PAMPA assay
24441339,2166886,2735265,CC1=C(C(=O)N(C)c2ccccc2)C(c2ccccc2Cl)N=C(Nc2nc3ccccc3o2)N1,permeability,203.1,10^-6 cm/s,Permeability of compound by PAMPA assay
24441340,2166886,2737810,CC1=C(C(=O)Nc2ccc(N(C)C)cc2)C(c2ccccc2Cl)N=C(Nc2nc3ccccc3o2)N1,permeability,15,10^-6 cm/s,Permeability of compound by PAMPA assay
24441341,2166886,2721916,CC1=C(C(=O)Nc2cccc(Cl)c2)C(c2ccccc2Cl)N=C(Nc2nc3ccccc3o2)N1,permeability,9.2,10^-6 cm/s,Permeability of compound by PAMPA assay
24441342,2166886,2731378,CC1=C(C(=O)Nc2ccc3sc(C)nc3c2)C(c2ccccc2Cl)N=C(Nc2nc3ccccc3o2)N1,permeability,4.2,10^-6 cm/s,Permeability of compound by PAMPA assay
24441343,2166886,2738862,CC1=C(C(=O)Nc2ccccc2CO)C(c2ccccc2Cl)N=C(Nc2nc3ccccc3o2)N1,permeability,1038.5,10^-6 cm/s,Permeability of compound by PAMPA assay
24441344,2166886,2720577,CC1=C(C(=O)Nc2ccc(CO)cc2)C(c2ccccc2Cl)N=C(Nc2nc3ccccc3o2)N1,permeability,863.9,10^-6 cm/s,Permeability of compound by PAMPA assay
24441345,2166886,2731213,CC1=C(C(=O)Nc2ccccc2O)C(c2ccccc2Cl)N=C(Nc2nc3ccccc3o2)N1,permeability,21.1,10^-6 cm/s,Permeability of compound by PAMPA assay
24441346,2166886,2735189,CC1=C(C(=O)Nc2ccc(O)cc2)C(c2ccccc2Cl)N=C(Nc2nc3ccccc3o2)N1,permeability,14.5,10^-6 cm/s,Permeability of compound by PAMPA assay
24441347,2166886,2719304,CC1=C(C(=O)Nc2ccc([N+](=O)[O-])cc2)C(c2ccccc2Cl)N=C(Nc2nc3ccccc3o2)N1,permeability,7.3,10^-6 cm/s,Permeability of compound by PAMPA assay
24441348,2166886,2715950,CC1=C(C(=O)Nc2ccc(C(=O)O)nc2)C(c2ccccc2Cl)N=C(Nc2nc3ccccc3o2)N1,permeability,1,10^-6 cm/s,Permeability of compound by PAMPA assay
24441349,2166886,2714233,CC1=C(C(=O)Nc2ccc(CO)nc2)C(c2ccccc2Cl)N=C(Nc2nc3ccccc3o2)N1,permeability,766.1,10^-6 cm/s,Permeability of compound by PAMPA assay
24441350,2166886,2734478,COC(=O)c1ccc(NC(=O)C2=C(C)NC(Nc3nc4ccccc4o3)=NC2c2ccccc2Cl)cn1,permeability,96.1,10^-6 cm/s,Permeability of compound by PAMPA assay
24441351,2166886,2730908,CC1=C(C(=O)Nc2nnc(C(F)(F)F)s2)C(c2ccccc2Cl)N=C(Nc2nc3ccccc3o2)N1,permeability,12.6,10^-6 cm/s,Permeability of compound by PAMPA assay
24441352,2166886,2732768,CCOC(=O)c1nnc(NC(=O)C2=C(C)NC(Nc3nc4ccccc4o3)=NC2c2ccccc2Cl)s1,permeability,2.7,10^-6 cm/s,Permeability of compound by PAMPA assay
24441353,2166886,2728717,COC(=O)Cc1ccc(NC(=O)C2=C(C)NC(Nc3nc4ccccc4o3)=NC2c2ccccc2Cl)cc1,permeability,195,10^-6 cm/s,Permeability of compound by PAMPA assay
24441354,2166886,2735287,CC1=C(C(=O)Nc2cccc(CN)c2)C(c2ccccc2Cl)N=C(Nc2nc3ccccc3o2)N1,permeability,32.7,10^-6 cm/s,Permeability of compound by PAMPA assay
24441355,2166886,2723858,CC1=C(C(=O)Nc2ccc(-c3cc[nH]n3)cc2)C(c2ccccc2Cl)N=C(Nc2nc3ccccc3o2)N1,permeability,24.6,10^-6 cm/s,Permeability of compound by PAMPA assay
24441356,2166886,2728316,CC1=C(C(=O)Nc2nnc(C)s2)C(c2ccccc2Cl)N=C(Nc2nc3ccccc3o2)N1,permeability,23.75,10^-6 cm/s,Permeability of compound by PAMPA assay
24441357,2166886,2727434,CC1=C(C(=O)Nc2cccc(-c3nnn[nH]3)c2)C(c2ccccc2Cl)N=C(Nc2nc3ccccc3o2)N1,permeability,5,10^-6 cm/s,Permeability of compound by PAMPA assay
24441358,2166886,2729109,COC(=O)Cc1cccc(NC(=O)C2=C(C)NC(Nc3nc4ccccc4o3)=NC2c2ccccc2Cl)c1,permeability,17.4,10^-6 cm/s,Permeability of compound by PAMPA assay
24441359,2166886,2723692,CC1=C(C(=O)Nc2cccc(-c3cn[nH]c3)c2)C(c2ccccc2Cl)N=C(Nc2nc3ccccc3o2)N1,permeability,25.4,10^-6 cm/s,Permeability of compound by PAMPA assay
24441360,2166886,2723576,CC1=C(C(=O)Nc2nnc(-c3cccnc3)s2)C(c2ccccc2Cl)N=C(Nc2nc3ccccc3o2)N1,permeability,3.7,10^-6 cm/s,Permeability of compound by PAMPA assay
24441361,2166886,2730482,CC1=C(C(=O)Nc2ccc(C(N)=O)cc2)C(c2ccccc2Cl)N=C(Nc2nc3ccccc3o2)N1,permeability,6.3,10^-6 cm/s,Permeability of compound by PAMPA assay
24441362,2166886,2714084,CC1=C(C(=O)Nc2ccc(CN3CCOCC3)cc2)C(c2ccccc2Cl)N=C(Nc2nc3ccccc3o2)N1,permeability,120.4,10^-6 cm/s,Permeability of compound by PAMPA assay
24441363,2166886,2734945,CC1=C(C(=O)Nc2ccc(-n3cccn3)cc2)C(c2ccccc2Cl)N=C(Nc2nc3ccccc3o2)N1,permeability,11.8,10^-6 cm/s,Permeability of compound by PAMPA assay
24441364,2166886,2731498,COC(=O)c1nnc(NC(=O)C2=C(C)NC(Nc3nc4ccccc4o3)=NC2c2ccccc2Cl)s1,permeability,7.6,10^-6 cm/s,Permeability of compound by PAMPA assay
24441365,2166886,2720959,COC(=O)c1csc(NC(=O)C2=C(C)NC(Nc3nc4ccccc4o3)=NC2c2ccccc2Cl)n1,permeability,65.6,10^-6 cm/s,Permeability of compound by PAMPA assay
24441366,2166886,2729120,CC1=C(C(=O)Nc2nnc(-c3ccncc3)s2)C(c2ccccc2Cl)N=C(Nc2nc3ccccc3o2)N1,permeability,6.2,10^-6 cm/s,Permeability of compound by PAMPA assay
24441367,2166886,2726047,COC(=O)c1cncc(NC(=O)C2=C(C)NC(Nc3nc4ccccc4o3)=NC2c2ccccc2Cl)c1,permeability,246.9,10^-6 cm/s,Permeability of compound by PAMPA assay
24441368,2166886,2735935,CC1=C(C(=O)Nc2ccc(C#N)cc2)C(c2ccccc2Cl)N=C(Nc2nc3ccccc3o2)N1,permeability,18.7,10^-6 cm/s,Permeability of compound by PAMPA assay
24441369,2166886,2722842,CC1=C(C(=O)Nc2ccc(N3CCNCC3)cc2)C(c2ccccc2Cl)N=C(Nc2nc3ccccc3o2)N1,permeability,893.64,10^-6 cm/s,Permeability of compound by PAMPA assay
24441370,2166886,2721391,CC1=C(C(=O)Nc2ccc(-c3nnc[nH]3)cc2)C(c2ccccc2Cl)N=C(Nc2nc3ccccc3o2)N1,permeability,1.7,10^-6 cm/s,Permeability of compound by PAMPA assay
24441371,2166886,2722507,CC1=C(C(=O)Nc2ncc(CO)s2)C(c2ccccc2Cl)N=C(Nc2nc3ccccc3o2)N1,permeability,161.4,10^-6 cm/s,Permeability of compound by PAMPA assay
24441372,2166886,2720570,CC1=C(C(=O)Nc2cc(C(=O)O)ccn2)C(c2ccccc2Cl)N=C(Nc2nc3ccccc3o2)N1,permeability,1,10^-6 cm/s,Permeability of compound by PAMPA assay
24441373,2166886,2723117,CC1=C(C(=O)Nc2cccc(C(=O)O)n2)C(c2ccccc2Cl)N=C(Nc2nc3ccccc3o2)N1,permeability,1,10^-6 cm/s,Permeability of compound by PAMPA assay
24441374,2166886,2722615,COC(=O)c1ccnc(NC(=O)C2=C(C)NC(Nc3nc4ccccc4o3)=NC2c2ccccc2Cl)c1,permeability,27.7,10^-6 cm/s,Permeability of compound by PAMPA assay
24441375,2166886,2736258,COC(=O)c1cccc(NC(=O)C2=C(C)NC(Nc3nc4ccccc4o3)=NC2c2ccccc2Cl)n1,permeability,18.9,10^-6 cm/s,Permeability of compound by PAMPA assay
24441376,2166886,2717241,CC1=C(C(=O)Nc2nc(CO)cs2)C(c2ccccc2Cl)N=C(Nc2nc3ccccc3o2)N1,permeability,59.9,10^-6 cm/s,Permeability of compound by PAMPA assay
24441377,2166886,2735408,CC1=C(C(=O)Nc2ncc(C(=O)O)s2)C(c2ccccc2Cl)N=C(Nc2nc3ccccc3o2)N1,permeability,1,10^-6 cm/s,Permeability of compound by PAMPA assay
24441378,2166886,2736930,CC1=C(C(=O)Nc2ccnc(C(=O)O)c2)C(c2ccccc2Cl)N=C(Nc2nc3ccccc3o2)N1,permeability,1,10^-6 cm/s,Permeability of compound by PAMPA assay
24441379,2166886,2732420,COC(=O)c1cc(NC(=O)C2=C(C)NC(Nc3nc4ccccc4o3)=NC2c2ccccc2Cl)ccn1,permeability,49.2,10^-6 cm/s,Permeability of compound by PAMPA assay
24441380,2166886,2726780,CC1=C(C(=O)Nc2nncs2)C(c2ccccc2Cl)N=C(Nc2nc3ccccc3o2)N1,permeability,207.3,10^-6 cm/s,Permeability of compound by PAMPA assay
24441381,2166886,2720307,COC(=O)c1ccnc(NC(=O)C2=C(C)NC(Nc3nc4ccccc4o3)=N[C@H]2c2ccccc2Cl)c1,permeability,306.7,10^-6 cm/s,Permeability of compound by PAMPA assay
24441382,2166886,2720241,COC(=O)c1ccnc(NC(=O)C2=C(C)NC(Nc3nc4ccccc4o3)=N[C@@H]2c2ccccc2Cl)c1,permeability,250.4,10^-6 cm/s,Permeability of compound by PAMPA assay
24441383,2166886,2739225,CC1=C(C(=O)Nc2cc(C(=O)O)ccn2)[C@H](c2ccccc2Cl)N=C(Nc2nc3ccccc3o2)N1,permeability,1,10^-6 cm/s,Permeability of compound by PAMPA assay
24441384,2166886,2717191,CC1=C(C(=O)Nc2cc(C(=O)O)ccn2)[C@@H](c2ccccc2Cl)N=C(Nc2nc3ccccc3o2)N1,permeability,1,10^-6 cm/s,Permeability of compound by PAMPA assay
24441385,2166886,2720456,CC1=C(C(=O)Nc2cc(C(=O)O)ccc2F)C(c2ccccc2Cl)N=C(Nc2nc3ccccc3o2)N1,permeability,3.3,10^-6 cm/s,Permeability of compound by PAMPA assay
24441386,2166886,2732620,CC1=C(C(=O)Nc2cc(CO)ccn2)C(c2ccccc2Cl)N=C(Nc2nc3ccccc3o2)N1,permeability,109.6,10^-6 cm/s,Permeability of compound by PAMPA assay
24441387,2166886,2735710,CC1=C(C(=O)Nc2cc(C(N)=O)ccn2)C(c2ccccc2Cl)N=C(Nc2nc3ccccc3o2)N1,permeability,156,10^-6 cm/s,Permeability of compound by PAMPA assay
24441388,2166886,2726433,CNC(=O)c1ccnc(NC(=O)C2=C(C)NC(Nc3nc4ccccc4o3)=NC2c2ccccc2Cl)c1,permeability,421.9,10^-6 cm/s,Permeability of compound by PAMPA assay
24441389,2166886,2736491,CC1=C(C(=O)Nc2ccccn2)C(c2ccccc2Cl)N=C(Nc2nc3ccccc3o2)N1,permeability,173.5,10^-6 cm/s,Permeability of compound by PAMPA assay
24441390,2166886,2717550,COc1ccccc1CNC(=O)C1=C(C)NC(Nc2nc3ccccc3o2)=NC1c1ccccc1Cl,permeability,99.3,10^-6 cm/s,Permeability of compound by PAMPA assay
24441391,2166886,2722663,CC1=C(C(=O)NCc2ccc(Cl)cc2)C(c2ccccc2Cl)N=C(Nc2nc3ccccc3o2)N1,permeability,25.8,10^-6 cm/s,Permeability of compound by PAMPA assay
24441392,2166886,2730207,CC1=C(C(=O)NCc2ccccc2O)C(c2ccccc2Cl)N=C(Nc2nc3ccccc3o2)N1,permeability,19.3,10^-6 cm/s,Permeability of compound by PAMPA assay
24441393,2166886,2738383,CC1=C(C(=O)NCc2ccccn2)C(c2ccccc2Cl)N=C(Nc2nc3ccccc3o2)N1,permeability,1424,10^-6 cm/s,Permeability of compound by PAMPA assay
24441394,2166886,2727650,CC1=C(C(=O)NCc2cccnc2)C(c2ccccc2Cl)N=C(Nc2nc3ccccc3o2)N1,permeability,1248.8,10^-6 cm/s,Permeability of compound by PAMPA assay
24441395,2166886,2726729,COC(=O)c1ccccc1CNC(=O)C1=C(C)NC(Nc2nc3ccccc3o2)=NC1c1ccccc1Cl,permeability,462.5,10^-6 cm/s,Permeability of compound by PAMPA assay
24441396,2166886,2734079,COC(=O)c1ccc(CNC(=O)C2=C(C)NC(Nc3nc4ccccc4o3)=NC2c2ccccc2Cl)cc1,permeability,543.4,10^-6 cm/s,Permeability of compound by PAMPA assay
24441397,2166886,2714672,COC(=O)c1cccc(CNC(=O)C2=C(C)NC(Nc3nc4ccccc4o3)=NC2c2ccccc2Cl)c1,permeability,615.7,10^-6 cm/s,Permeability of compound by PAMPA assay
24441398,2166886,2725336,CC1=C(C(=O)NCc2ccc(C(=O)O)cc2)C(c2ccccc2Cl)N=C(Nc2nc3ccccc3o2)N1,permeability,1,10^-6 cm/s,Permeability of compound by PAMPA assay
24441399,2166886,2734738,CC1=C(C(=O)NCc2cccc(C(=O)O)c2)C(c2ccccc2Cl)N=C(Nc2nc3ccccc3o2)N1,permeability,1.3,10^-6 cm/s,Permeability of compound by PAMPA assay
24441400,2166886,2738259,CC1=C(C(=O)NCc2cccc(CO)c2)C(c2ccccc2Cl)N=C(Nc2nc3ccccc3o2)N1,permeability,868.8,10^-6 cm/s,Permeability of compound by PAMPA assay
24441401,2166886,2716227,CC1=C(C(=O)NCc2ccc(CO)cc2)C(c2ccccc2Cl)N=C(Nc2nc3ccccc3o2)N1,permeability,867.3,10^-6 cm/s,Permeability of compound by PAMPA assay
24441402,2166886,2737867,CC1=C(C(=O)NCc2ccccc2CO)C(c2ccccc2Cl)N=C(Nc2nc3ccccc3o2)N1,permeability,1362.3,10^-6 cm/s,Permeability of compound by PAMPA assay
24441403,2166886,2737958,CC1=C(C(=O)NCc2cncn2C)C(c2ccccc2Cl)N=C(Nc2nc3ccccc3o2)N1,permeability,98.8,10^-6 cm/s,Permeability of compound by PAMPA assay
24441404,2166886,2733700,CC1=C(C(=O)NCc2nccn2C)C(c2ccccc2Cl)N=C(Nc2nc3ccccc3o2)N1,permeability,1113,10^-6 cm/s,Permeability of compound by PAMPA assay
24441405,2166886,2733884,CC1=C(C(=O)NCc2cncs2)C(c2ccccc2Cl)N=C(Nc2nc3ccccc3o2)N1,permeability,507.4,10^-6 cm/s,Permeability of compound by PAMPA assay
24441406,2166886,2736582,CC1=C(C(=O)NCc2cn(C)cn2)C(c2ccccc2Cl)N=C(Nc2nc3ccccc3o2)N1,permeability,868.4,10^-6 cm/s,Permeability of compound by PAMPA assay
24441407,2166886,2723759,CC1=C(C(=O)NCc2nc3ccccc3n2C)C(c2ccccc2Cl)N=C(Nc2nc3ccccc3o2)N1,permeability,10,10^-6 cm/s,Permeability of compound by PAMPA assay
24441408,2166886,2718967,CC1=C(C(=O)NCc2cn(C)cn2)[C@H](c2ccccc2Cl)N=C(Nc2nc3ccccc3o2)N1,permeability,866.5,10^-6 cm/s,Permeability of compound by PAMPA assay
24441409,2166886,2719453,CC1=C(C(=O)NCCN(C)C)C(c2ccccc2Cl)N=C(Nc2nc3ccccc3o2)N1,permeability,1227,10^-6 cm/s,Permeability of compound by PAMPA assay
24441410,2166886,2739074,CC1=C(C(=O)NCc2cnn(C)c2)C(c2ccccc2Cl)N=C(Nc2nc3ccccc3o2)N1,permeability,807.7,10^-6 cm/s,Permeability of compound by PAMPA assay
24441411,2166886,2732280,COP(=O)(OC)C1=C(C)NC(Nc2nc3ccccc3o2)=NC1c1ccccc1Cl,permeability,1813.86,10^-6 cm/s,Permeability of compound by PAMPA assay
24441412,2166886,2720584,CC1=C(S(C)(=O)=O)C(c2ccccc2Cl)N=C(Nc2nc3ccccc3o2)N1,permeability,42.78,10^-6 cm/s,Permeability of compound by PAMPA assay
24441413,2166886,2737822,O/N=C1\CCCC2=C1C(c1ccccc1Cl)N=C(Nc1nc3ccccc3o1)N2,permeability,244.29,10^-6 cm/s,Permeability of compound by PAMPA assay
24441414,2166886,2724155,O=C(Nc1nncs1)C1=C(C(F)(F)F)NC(Nc2nc3ccccc3o2)=NC1c1ccccc1Cl,permeability,715.1,10^-6 cm/s,Permeability of compound by PAMPA assay
24441415,2166886,2726619,COCC1=C(C(=O)Nc2nncs2)C(c2ccccc2Cl)N=C(Nc2nc3ccccc3o2)N1,permeability,319.8,10^-6 cm/s,Permeability of compound by PAMPA assay
24441416,2166886,2719956,CC(C)CC1=C(C(=O)Nc2nncs2)C(c2ccccc2Cl)N=C(Nc2nc3ccccc3o2)N1,permeability,42.7,10^-6 cm/s,Permeability of compound by PAMPA assay
24441417,2166886,2725559,O=C(Nc1nncs1)C1=C(c2cnccn2)NC(Nc2nc3ccccc3o2)=NC1c1ccccc1Cl,permeability,60.3,10^-6 cm/s,Permeability of compound by PAMPA assay
24441418,2166886,2717533,CC(C)C1=C(C(=O)Nc2nncs2)C(c2ccccc2Cl)N=C(Nc2nc3ccccc3o2)N1,permeability,24.6,10^-6 cm/s,Permeability of compound by PAMPA assay
24441419,2166886,2188412,CC1=C(C(=O)Nc2nncs2)C(c2ccccc2Br)N=C(Nc2nc3ccccc3o2)N1,permeability,446.9,10^-6 cm/s,Permeability of compound by PAMPA assay
24441420,2166886,2182907,CC1=C(C(=O)Nc2nncs2)C2(CCCC2)N=C(Nc2nc3ccccc3o2)N1,permeability,1,10^-6 cm/s,Permeability of compound by PAMPA assay
24441421,2166886,2114350,CC1=C(C(=O)Nc2nncs2)C(c2nn(C)cc2Cl)N=C(Nc2nc3ccccc3o2)N1,permeability,746.9,10^-6 cm/s,Permeability of compound by PAMPA assay
24441422,2166886,2724082,CC1=C(C(=O)Nc2nncs2)C(c2n[nH]cc2Cl)N=C(Nc2nc3ccccc3o2)N1,permeability,37,10^-6 cm/s,Permeability of compound by PAMPA assay
24441423,2166886,2738729,CC1=C(C(=O)Nc2nncs2)C(c2ccncc2Br)N=C(Nc2nc3ccccc3o2)N1,permeability,208.7,10^-6 cm/s,Permeability of compound by PAMPA assay
24441424,2166886,2731311,CC1=C(C(=O)Nc2nncs2)C(c2ncccc2Cl)N=C(Nc2nc3ccccc3o2)N1,permeability,695.3,10^-6 cm/s,Permeability of compound by PAMPA assay
24441425,2166886,2734101,CC1=C(C(=O)Nc2nncs2)C(c2ncccc2Br)N=C(Nc2nc3ccccc3o2)N1,permeability,709.3,10^-6 cm/s,Permeability of compound by PAMPA assay
24441426,2166886,2723320,CC1=C(C(=O)Nc2nncs2)C(c2c(Br)cnn2C)N=C(Nc2nc3ccccc3o2)N1,permeability,198.3,10^-6 cm/s,Permeability of compound by PAMPA assay
24441427,2166886,2734881,CC1=C(C(=O)Nc2nncs2)C2(Cc3ccccc32)N=C(Nc2nc3ccccc3o2)N1,permeability,190.9,10^-6 cm/s,Permeability of compound by PAMPA assay
24441428,2166886,2736250,CC1=C(C(=O)Nc2nncs2)C2(CCOC2)N=C(Nc2nc3ccccc3o2)N1,permeability,102.7,10^-6 cm/s,Permeability of compound by PAMPA assay
24441429,2166886,2737417,CC1=C(C(=O)Nc2nncs2)C(c2ccc(Cl)cc2Cl)N=C(Nc2nc3ccccc3o2)N1,permeability,4.9,10^-6 cm/s,Permeability of compound by PAMPA assay
24441430,2166886,2725296,CC1=C(C(=O)Nc2nncs2)C(c2cccnc2Br)N=C(Nc2nc3ccccc3o2)N1,permeability,185.7,10^-6 cm/s,Permeability of compound by PAMPA assay
24441431,2166886,2720194,CC1=C(C(=O)Nc2nncs2)C(c2ccccc2C(F)(F)F)N=C(Nc2nc3ccccc3o2)N1,permeability,29.8,10^-6 cm/s,Permeability of compound by PAMPA assay
24441432,2166886,2714871,CC1=C(C(=O)Nc2nncs2)C(c2ccc(C)cc2Cl)N=C(Nc2nc3ccccc3o2)N1,permeability,14.4,10^-6 cm/s,Permeability of compound by PAMPA assay
24441433,2166886,2730563,CC1=C(C(=O)Nc2nncs2)C(c2nn(C)cc2Br)N=C(Nc2nc3ccccc3o2)N1,permeability,1044,10^-6 cm/s,Permeability of compound by PAMPA assay
24441434,2166886,2732803,COc1ccc(C2N=C(Nc3nc4ccccc4o3)NC(C)=C2C(=O)Nc2nncs2)c(Cl)c1,permeability,31.9,10^-6 cm/s,Permeability of compound by PAMPA assay
24441435,2166886,2738119,CC1=C(C(=O)Nc2nncs2)C(c2ccccc2C)N=C(Nc2nc3ccccc3o2)N1,permeability,83.8,10^-6 cm/s,Permeability of compound by PAMPA assay
24441436,2166886,2733912,CC1=C(C(=O)Nc2nncs2)C(c2n[nH]cc2Br)N=C(Nc2nc3ccccc3o2)N1,permeability,27.4,10^-6 cm/s,Permeability of compound by PAMPA assay
24441437,2166886,2739008,COc1ccc(Cl)c(C2N=C(Nc3nc4ccccc4o3)NC(C)=C2C(=O)Nc2nncs2)c1,permeability,19.8,10^-6 cm/s,Permeability of compound by PAMPA assay
24441438,2166886,2726921,CC1=C(C(=O)Nc2nncs2)C(c2cc(Cl)ccc2Cl)N=C(Nc2nc3ccccc3o2)N1,permeability,2.9,10^-6 cm/s,Permeability of compound by PAMPA assay
24441439,2166886,2727660,CC1=C(C(=O)Nc2nncs2)C2(CCSCC2)N=C(Nc2nc3ccccc3o2)N1,permeability,417.5,10^-6 cm/s,Permeability of compound by PAMPA assay
24441440,2166886,2725917,CCOC(=O)N1C(Nc2nc3ccccc3o2)=NC(c2ccccc2Cl)C(C(=O)Nc2cc(C(=O)O)ccn2)=C1C,permeability,1,10^-6 cm/s,Permeability of compound by PAMPA assay
24441441,2166886,2725247,CC1=C(C(=O)Nc2cc(C(=O)O)ccn2)C(c2ccccc2Cl)N=C(Nc2nc3ccccc3o2)N1C(=O)c1ccccc1,permeability,1,10^-6 cm/s,Permeability of compound by PAMPA assay
24441442,2166886,2731758,O=C1CC(C(=O)O)CC2=C1C(c1ccccc1Cl)N=C(Nc1nc3ccccc3o1)N2,permeability,1,10^-6 cm/s,Permeability of compound by PAMPA assay
24441443,2166886,2720446,CN(C)C(=O)C1CC(=O)C2=C(C1)NC(Nc1nc3ccccc3o1)=NC2c1ccccc1Cl,permeability,219.68,10^-6 cm/s,Permeability of compound by PAMPA assay
24441444,2166886,2722563,CNC(=O)C1CC(=O)C2=C(C1)NC(Nc1nc3ccccc3o1)=NC2c1ccccc1Cl,permeability,430.36,10^-6 cm/s,Permeability of compound by PAMPA assay
24441445,2166886,2732141,O=C1CC(C(=O)NCCO)CC2=C1C(c1ccccc1Cl)N=C(Nc1nc3ccccc3o1)N2,permeability,2,10^-6 cm/s,Permeability of compound by PAMPA assay
24441446,2166886,2719715,COCCNC(=O)C1CC(=O)C2=C(C1)NC(Nc1nc3ccccc3o1)=NC2c1ccccc1Cl,permeability,747.27,10^-6 cm/s,Permeability of compound by PAMPA assay
24441447,2166886,2721521,O=C1CC(C(=O)Nc2nncs2)CC2=C1C(c1ccccc1Cl)N=C(Nc1nc3ccccc3o1)N2,permeability,5,10^-6 cm/s,Permeability of compound by PAMPA assay
24441448,2166886,2720413,O=C1CC(C(=O)N2CCNCC2)CC2=C1C(c1ccccc1Cl)N=C(Nc1nc3ccccc3o1)N2,permeability,4.7,10^-6 cm/s,Permeability of compound by PAMPA assay
24441449,2166886,2722513,O=C(O)CNC(=O)C1CC(=O)C2=C(C1)NC(Nc1nc3ccccc3o1)=NC2c1ccccc1Cl,permeability,1,10^-6 cm/s,Permeability of compound by PAMPA assay
24441450,2166886,2739188,CN(C)CCNC(=O)C1CC(=O)C2=C(C1)NC(Nc1nc3ccccc3o1)=NC2c1ccccc1Cl,permeability,9.8,10^-6 cm/s,Permeability of compound by PAMPA assay
24505671,2169246,2719497,Cc1noc(C)c1-c1cc(C(N)=O)c2c3ccc(C(C)(C)O)cc3n([C@@H](c3ccccc3)C3CCOCC3)c2c1,permeability,584,nM/s,Permeability coefficient of the compound by PAMPA
24505666,2169246,2718889,Cc1noc(C)c1-c1cc(C(N)=O)c2c3cc(C(=O)N4C[C@@H](C)O[C@@H](C)C4)ccc3n(Cc3ccccc3)c2c1,permeability,809,nm/s,Permeability coefficient of the compound by PAMPA
24505667,2169246,2719159,Cc1noc(C)c1-c1cc(C(N)=O)c2c3cc(C(C)(C)O)ccc3n(Cc3ccccc3)c2c1,permeability,749,nM/s,Permeability coefficient of the compound by PAMPA
24505668,2169246,2078166,Cc1noc(C)c1-c1cc(C(N)=O)c2c3ccc(C(C)(C)O)cc3n(Cc3ccccc3)c2c1,permeability,849,nM/s,Permeability coefficient of the compound by PAMPA
24505669,2169246,2719570,Cc1noc(C)c1-c1cc(C(N)=O)c2c3ccc(C(C)(C)O)cc3n(CC3CCOCC3)c2c1,permeability,402,nM/s,Permeability coefficient of the compound by PAMPA
24505670,2169246,2737891,Cc1noc(C)c1-c1cc(C(N)=O)c2c3ccc(C(C)(C)O)cc3n(C(c3ccccc3)c3ccccc3)c2c1,permeability,682,nM/s,Permeability coefficient of the compound by PAMPA
24505672,2169246,2724805,Cc1noc(C)c1-c1cc(C(N)=O)c2c3ccc(C(C)(C)O)cc3n([C@H](c3ccccc3)C3CCOCC3)c2c1,permeability,671,nM/s,Permeability coefficient of the compound by PAMPA
24505673,2169246,2726925,Cc1noc(C)c1-c1cc(C(N)=O)c2c3ccc(C(C)(C)O)cc3n([C@H](c3ccc(F)cc3)C3CCOCC3)c2c1,permeability,702,nM/s,Permeability coefficient of the compound by PAMPA
24505674,2169246,2731626,Cc1noc(C)c1-c1cnc2c3ccc(C(C)(C)O)cc3n([C@H](c3ccccc3)C3CCOCC3)c2c1,permeability,984,nM/s,Permeability coefficient of the compound by PAMPA
24505675,2169246,2335429,Cc1nnn(C)c1-c1cnc2c3ccc(C(C)(C)O)cc3n([C@H](c3ccccc3)C3CCOCC3)c2c1,permeability,661,nM/s,Permeability coefficient of the compound by PAMPA
24508952,2170245,2720243,CC(C)(C)c1ccc(NC(=O)N2CCN(c3ccc(C#N)cn3)CC2)cc1,permeability,1232,10^-6 cm/s,Permeability of the compound by PAMPA assay
24508953,2170245,2722947,CC(C)c1ccc(NC(=O)N2CCN(c3ccc(C#N)nn3)CC2)cc1,permeability,316,10^-6 cm/s,Permeability of the compound by PAMPA assay
24508954,2170245,2721727,CC(C)c1ccc(CC(=O)N2CCN(c3ccc(C#N)nn3)CC2)cc1,permeability,413,10^-6 cm/s,Permeability of the compound by PAMPA assay
24511045,2170794,1986169,C[C@@]1(c2cccc(NC(=O)c3ccc(Br)cn3)c2)COCC(N)=N1,Papp,190,nm/s,Apparent permeability of the compound in dog MDCK-MDR1 cells measured after 1 hr by PAMPA assay
24511046,2170794,1986228,C[C@@]1(c2cccc(NC(=O)c3ccc(Br)cn3)c2)CO[C@@](C)(C(F)(F)F)C(N)=N1,Papp,103,nm/s,Apparent permeability of the compound in dog MDCK-MDR1 cells measured after 1 hr by PAMPA assay
24511047,2170794,1986230,C[C@@]1(c2cc(NC(=O)c3ccc(Br)cn3)ccc2F)CO[C@@](C)(C(F)(F)F)C(N)=N1,Papp,67,nm/s,Apparent permeability of the compound in dog MDCK-MDR1 cells measured after 1 hr by PAMPA assay
24511048,2170794,2259836,C[C@]1(C(F)(F)F)OC[C@@](C)(c2cccc(NC(=O)c3ccc(Br)cn3)c2)N=C1N,Papp,49,nm/s,Apparent permeability of the compound in dog MDCK-MDR1 cells measured after 1 hr by PAMPA assay
24511049,2170794,1986222,CC1(c2cc(NC(=O)c3ccc(Br)cn3)ccc2F)COCC(N)=N1,Papp,124,nm/s,Apparent permeability of the compound in dog MDCK-MDR1 cells measured after 1 hr by PAMPA assay
24511535,2170920,2714416,O=C1CCc2cccc(c2)Oc2ccc(cc2)C[C@@H](C(=O)NCc2ccccc2F)NC(=O)[C@H](CC(=O)N2CCC[C@@H]2c2ccccc2)N1,permeability,227,nm/s,Permeability of compound by PAMPA
24511536,2170920,2719294,O=C1CCCCCCCCOC[C@@H](C(=O)NCc2ccccc2F)NC(=O)[C@H](CC(=O)N2CCC[C@@H]2c2ccccc2)N1,permeability,260,nm/s,Permeability of compound by PAMPA
24511537,2170920,2722713,O=C1CCc2cccc(c2)OCCCC[C@@H](C(=O)NCc2ccccc2F)NC(=O)[C@H](CC(=O)N2CCC[C@@H]2c2ccccc2)N1,permeability,206,nm/s,Permeability of compound by PAMPA
24518302,2172832,2734263,CNC(=O)C(C)Nc1cc(=O)n(C)c2ccc(Nc3ccnc(Cl)c3C#N)cc12,permeability,0.2,10^-6 cm/s,Permeability of the compound by PAMPA
24518303,2172832,2726365,CC(Nc1cc(=O)n(C)c2ccc(Nc3ccnc(Cl)c3C#N)cc12)c1ncco1,permeability,1,10^-6 cm/s,Permeability of the compound by PAMPA
24518304,2172832,2722152,Cc1nnc(C(C)Nc2cc(=O)n(C)c3ccc(Nc4ccnc(Cl)c4C#N)cc23)o1,permeability,0.2,10^-6 cm/s,Permeability of the compound by PAMPA
24518305,2172832,2733955,CC(Nc1cc(=O)n(C)c2ccc(Nc3ccnc(Cl)c3C#N)cc12)c1ncn(C)n1,permeability,1.8,10^-6 cm/s,Permeability of the compound by PAMPA
24518306,2172832,2728349,CC(Nc1cc(=O)n(C)c2ccc(Nc3ccnc(Cl)c3C#N)cc12)c1ncccn1,permeability,2,10^-6 cm/s,Permeability of the compound by PAMPA
24518307,2172832,2728757,C[C@@H](Nc1cc(=O)n(C)c2ccc(Nc3ccnc(Cl)c3C#N)cc12)c1ncccn1,permeability,2,10^-6 cm/s,Permeability of the compound by PAMPA
24518308,2172832,2722831,CC(Nc1cc(=O)n(CC2CC2)c2ccc(Nc3ccnc(Cl)c3C#N)cc12)c1ncccn1,permeability,8.5,10^-6 cm/s,Permeability of the compound by PAMPA
24518309,2172832,2731723,CC(Nc1cc(=O)n(CC2CCC2)c2ccc(Nc3ccnc(Cl)c3C#N)cc12)c1ncccn1,permeability,21,10^-6 cm/s,Permeability of the compound by PAMPA
24518310,2172832,2718358,Cc1cnc(C(C)Nc2cc(=O)n(C)c3ccc(Nc4ccnc(Cl)c4C#N)cc23)nc1,permeability,5.6,10^-6 cm/s,Permeability of the compound by PAMPA
24518311,2172832,2733811,CC(Nc1cc(=O)n(C)c2ccc(Nc3ccnc(Cl)c3C#N)cc12)c1ncc(C2CC2)cn1,permeability,14,10^-6 cm/s,Permeability of the compound by PAMPA
24518312,2172832,2725677,Cn1c(=O)cc(NC(C)(C)c2ncccn2)c2cc(Nc3ccnc(Cl)c3C#N)ccc21,permeability,1.8,10^-6 cm/s,Permeability of the compound by PAMPA
24518313,2172832,2726395,Cn1c(=O)cc(NC(C)(C)c2ncc(C3CC3)cn2)c2cc(Nc3ccnc(Cl)c3C#N)ccc21,permeability,35,10^-6 cm/s,Permeability of the compound by PAMPA
24666500,2186393,2728320,CCn1cc(CNC(=O)C2=C(C)NC(Nc3nc4ccc(F)c(N)c4o3)=N[C@@H]2c2ccc(C)cc2Cl)cn1,permeability,407,10^-6 cm/s,Permeability of the compound at pH 7.4 measured after 30 mins by PAMPA based LC/MS analysis
24666495,2186393,2720320,CC1=C(C(=O)NCc2cnn(C)c2)[C@H](c2ccc(C)cc2Cl)N=C(Nc2nc3cccc(N)c3o2)N1,permeability,661,10^-6 cm/s,Permeability of the compound at pH 7.4 measured after 30 mins by PAMPA based LC/MS analysis
24666494,2186393,2731624,CC1=C(C(=O)NCc2cnn(C)c2)C(c2ccc(C)cc2Cl)N=C(Nc2nc3cccc(N)c3o2)N1,permeability,315,10^-6 cm/s,Permeability of the compound at pH 7.4 measured after 30 mins by PAMPA based LC/MS analysis
24666496,2186393,2732741,CC1=C(C(=O)NCc2cnn(C)c2)C(c2ccc(C)cc2Cl)N=C(Nc2nc3ccc(F)c(N)c3o2)N1,permeability,485,10^-6 cm/s,Permeability of the compound at pH 7.4 measured after 30 mins by PAMPA based LC/MS analysis
24666497,2186393,2721598,CCn1cc(CNC(=O)C2=C(C)NC(Nc3nc4cccc(N)c4o3)=NC2c2ccc(C)cc2Cl)cn1,permeability,632,10^-6 cm/s,Permeability of the compound at pH 7.4 measured after 30 mins by PAMPA based LC/MS analysis
24666498,2186393,2718053,CCn1cc(CNC(=O)C2=C(C)NC(Nc3nc4ccc(F)c(N)c4o3)=NC2c2ccc(C)cc2Cl)cn1,permeability,410,10^-6 cm/s,Permeability of the compound at pH 7.4 measured after 30 mins by PAMPA based LC/MS analysis
24666499,2186393,2732137,CCn1cc(CNC(=O)C2=C(C)NC(Nc3nc4ccc(F)c(N)c4o3)=N[C@H]2c2ccc(C)cc2Cl)cn1,permeability,773,10^-6 cm/s,Permeability of the compound at pH 7.4 measured after 30 mins by PAMPA based LC/MS analysis
24667735,2186716,2548183,CCCCc1nc(=O)c(C(=O)N2CC[C@@H](c3ccc(Cl)cn3)C2)c(O)n1-c1c(OC)cccc1OC,permeability,203,nm/s,Permeability of the compound at pH 7.4 by PAMPA method
24667736,2186716,2548183,CCCCc1nc(=O)c(C(=O)N2CC[C@@H](c3ccc(Cl)cn3)C2)c(O)n1-c1c(OC)cccc1OC,permeability,12,nm/s,Permeability of the compound at pH 7.4 by PAMPA method
24667737,2186716,2761490,COc1cccc(OC)c1-n1c(CCCC(F)(F)F)nc(=O)c(C(=O)N2CC[C@H](c3ccccc3)C2)c1O,permeability,22,nm/s,Permeability of the compound at pH 7.4 by PAMPA method
24667738,2186716,2755961,COc1cccc(OC)c1-n1c(-c2ccc(F)cc2)nc(=O)c(C(=O)N2CC[C@H](c3ccccc3F)C2)c1O,permeability,20,nm/s,Permeability of the compound at pH 7.4 by PAMPA method
24667739,2186716,2741888,CCc1cccc(CC)c1-n1c(-c2ccn(C)n2)nc(=O)c(C(=O)N2CC[C@@H](c3ncc(Cl)cc3F)C2)c1O,permeability,7,nm/s,Permeability of the compound at pH 7.4 by PAMPA method
24702989,2195530,2771241,O=C(Nc1ccccc1)Nc1cccc(Nc2nccc(Nc3ccc4[nH]ccc4c3)n2)c1,Papp,20,um/s,Effective permeability in PBS at pH 7.4 incubated for 5 hrs by PAMPA based UPLC-MS/MS analysis
24702990,2195530,2777454,O=C(Nc1ccccc1)Nc1cccc(Nc2nccc(Nc3ccc4cc[nH]c4c3)n2)c1,Papp,0.1,um/s,Effective permeability in PBS at pH 7.4 incubated for 5 hrs by PAMPA based UPLC-MS/MS analysis
24702991,2195530,2741142,Cn1cc2ccc(Nc3ccnc(Nc4cccc(NC(=O)Nc5ccccc5)c4)n3)cc2n1,Papp,30,um/s,Effective permeability in PBS at pH 7.4 incubated for 5 hrs by PAMPA based UPLC-MS/MS analysis
24703090,2195558,2741014,CC(=O)N1N=C(c2ccc(-c3ccccc3)cc2)CC1c1ccccc1,Papp,9.15,10^-6 cm/s,Apparent permeability of compound across gastrointestinal tract mimic in PBS buffer incubated for 5 hrs by PAMPA assay based HPLC analysis
24703091,2195558,2751063,CC(=O)N1N=C(c2ccc(-c3ccccc3)cc2)CC1c1ccccc1[N+](=O)[O-],Papp,6.9,10^-6 cm/s,Apparent permeability of compound across gastrointestinal tract mimic in PBS buffer incubated for 5 hrs by PAMPA assay based HPLC analysis
24703092,2195558,2746917,CC(=O)N1N=C(c2ccc(-c3ccccc3)cc2)CC1c1cccc([N+](=O)[O-])c1,Papp,9.42,10^-6 cm/s,Apparent permeability of compound across gastrointestinal tract mimic in PBS buffer incubated for 5 hrs by PAMPA assay based HPLC analysis
24703093,2195558,2753416,CC(=O)N1N=C(c2ccc(-c3ccccc3)cc2)CC1c1ccc([N+](=O)[O-])cc1,Papp,7.85,10^-6 cm/s,Apparent permeability of compound across gastrointestinal tract mimic in PBS buffer incubated for 5 hrs by PAMPA assay based HPLC analysis
24703094,2195558,2743177,CC(=O)N1N=C(c2ccc(-c3ccccc3)cc2)CC1c1ccc(C(=O)O)cc1,Papp,2.13,10^-6 cm/s,Apparent permeability of compound across gastrointestinal tract mimic in PBS buffer incubated for 5 hrs by PAMPA assay based HPLC analysis
24703095,2195558,2779670,COc1ccc(OC)c(C2CC(c3ccc(-c4ccccc4)cc3)=NN2C(C)=O)c1,Papp,6.94,10^-6 cm/s,Apparent permeability of compound across gastrointestinal tract mimic in PBS buffer incubated for 5 hrs by PAMPA assay based HPLC analysis
24703096,2195558,2740733,COc1ccc(C2CC(c3ccc(-c4ccccc4)cc3)=NN2C(C)=O)cc1OC,Papp,9.02,10^-6 cm/s,Apparent permeability of compound across gastrointestinal tract mimic in PBS buffer incubated for 5 hrs by PAMPA assay based HPLC analysis
24703097,2195558,2759731,CC(=O)N1N=C(c2ccc(-c3ccccc3)cc2)CC1c1ccc2c(c1)OCO2,Papp,8.75,10^-6 cm/s,Apparent permeability of compound across gastrointestinal tract mimic in PBS buffer incubated for 5 hrs by PAMPA assay based HPLC analysis
24703098,2195558,2769063,CC(=O)N1N=C(c2ccc(-c3ccccc3)cc2)CC1c1ccc2ccccc2c1,Papp,3.36,10^-6 cm/s,Apparent permeability of compound across gastrointestinal tract mimic in PBS buffer incubated for 5 hrs by PAMPA assay based HPLC analysis
24703099,2195558,2760736,CC(=O)N1N=C(c2ccc(C)cc2)CC1c1ccc(-c2ccccc2)cc1,Papp,4.27,10^-6 cm/s,Apparent permeability of compound across gastrointestinal tract mimic in PBS buffer incubated for 5 hrs by PAMPA assay based HPLC analysis
24703100,2195558,2762418,CC(=O)N1N=C(c2ccccc2[N+](=O)[O-])CC1c1ccc(-c2ccccc2)cc1,Papp,1.22,10^-6 cm/s,Apparent permeability of compound across gastrointestinal tract mimic in PBS buffer incubated for 5 hrs by PAMPA assay based HPLC analysis
24703101,2195558,2748650,CC(=O)N1N=C(c2ccc(Br)cc2)CC1c1ccc(-c2ccccc2)cc1,Papp,4.9,10^-6 cm/s,Apparent permeability of compound across gastrointestinal tract mimic in PBS buffer incubated for 5 hrs by PAMPA assay based HPLC analysis
24703102,2195558,2755385,COc1cc(C2=NN(C(C)=O)C(c3ccc(-c4ccccc4)cc3)C2)cc(OC)c1OC,Papp,7.89,10^-6 cm/s,Apparent permeability of compound across gastrointestinal tract mimic in PBS buffer incubated for 5 hrs by PAMPA assay based HPLC analysis
24703103,2195558,2754545,COc1ccc(C2=NN(C(C)=O)C(c3ccc(-c4ccccc4)cc3)C2)c(OC)c1,Papp,1,10^-6 cm/s,Apparent permeability of compound across gastrointestinal tract mimic in PBS buffer incubated for 5 hrs by PAMPA assay based HPLC analysis
24703104,2195558,2762455,COc1ccc(OC)c(C2=NN(C(C)=O)C(c3ccc(-c4ccccc4)cc3)C2)c1,Papp,6.87,10^-6 cm/s,Apparent permeability of compound across gastrointestinal tract mimic in PBS buffer incubated for 5 hrs by PAMPA assay based HPLC analysis
24703105,2195558,2756215,CC(=O)N1N=C(c2ccc3c(c2)OCO3)CC1c1ccc(-c2ccccc2)cc1,Papp,8.44,10^-6 cm/s,Apparent permeability of compound across gastrointestinal tract mimic in PBS buffer incubated for 5 hrs by PAMPA assay based HPLC analysis
24703106,2195558,2756811,CC(=O)N1N=C(c2cccc3ccccc23)CC1c1ccc(-c2ccccc2)cc1,Papp,5.47,10^-6 cm/s,Apparent permeability of compound across gastrointestinal tract mimic in PBS buffer incubated for 5 hrs by PAMPA assay based HPLC analysis
24703107,2195558,2758667,CC(=O)N1N=C(c2ccc3ccccc3c2)CC1c1ccc(-c2ccccc2)cc1,Papp,4.43,10^-6 cm/s,Apparent permeability of compound across gastrointestinal tract mimic in PBS buffer incubated for 5 hrs by PAMPA assay based HPLC analysis
24750875,2208124,705000,CC(=O)/C(C)=N/O,permeability,6,10^-6 cm/s,Permeability of compound by PAMPA assay
24750876,2208124,2743644,NCCNC(=O)/C=N/O,permeability,1.4,10^-6 cm/s,Permeability of compound by PAMPA assay
24750877,2208124,1683607,CN(C)CCNC(=O)/C=N/O,permeability,2.2,10^-6 cm/s,Permeability of compound by PAMPA assay
24750878,2208124,2766799,C[N+](C)(C)CCNC(=O)/C=N/O.[I-],permeability,1.6,10^-6 cm/s,Permeability of compound by PAMPA assay
24750879,2208124,2763842,CCN(CC)CCNC(=O)/C=N/O,permeability,1.1,10^-6 cm/s,Permeability of compound by PAMPA assay
24750880,2208124,2771706,O=C(/C=N/O)NCCN1CCCC1,permeability,1.1,10^-6 cm/s,Permeability of compound by PAMPA assay
24750881,2208124,2769320,CN(C)CCCNC(=O)/C=N/O,permeability,1.8,10^-6 cm/s,Permeability of compound by PAMPA assay
24750882,2208124,2777044,O=C(/C=N/O)NCc1ncc[nH]1,permeability,1.1,10^-6 cm/s,Permeability of compound by PAMPA assay
24750883,2208124,2770405,NCC(O)CNC(=O)/C=N/O,permeability,0.81,10^-6 cm/s,Permeability of compound by PAMPA assay
24750884,2208124,2748139,O=C(/C=N/O)NCC(O)CO,permeability,0.61,10^-6 cm/s,Permeability of compound by PAMPA assay
24756242,2209738,2742530,CN(C)C(=O)c1ccc2cccccc1-2,permeability,7.6,10^-6 cm/s,Permeability of the compound at pH 7.4 by PAMPA assay
24756243,2209738,2775636,O=C(Cn1ccccc1=O)Nc1cc2cccccc-2c1,permeability,3.7,10^-6 cm/s,Permeability of the compound at pH 7.4 by PAMPA assay
24756244,2209738,2757450,CN(C)C(=O)Cc1ccc2cccc-2cc1,permeability,8.7,10^-6 cm/s,Permeability of the compound at pH 7.4 by PAMPA assay
24756245,2209738,2745753,CN(C)C(=O)c1cccc2ccccc12,permeability,8.3,10^-6 cm/s,Permeability of the compound at pH 7.4 by PAMPA assay
24756246,2209738,2766116,CN(C)C(=O)c1c[nH]c2ccccc12,permeability,2.2,10^-6 cm/s,Permeability of the compound at pH 7.4 by PAMPA assay
24756247,2209738,2761378,CN(C)C(=O)c1cn(C)c2ccccc12,permeability,6.7,10^-6 cm/s,Permeability of the compound at pH 7.4 by PAMPA assay
24756248,2209738,2765294,c1cc2ccc(CN3CCCCC3)ccc-2c1,permeability,3.4,10^-6 cm/s,Permeability of the compound at pH 7.4 by PAMPA assay
24756249,2209738,2763657,O=C(NCCO)c1ccc2ccc(C(=O)c3ccccc3)c-2cc1,permeability,1.8,10^-6 cm/s,Permeability of the compound at pH 7.4 by PAMPA assay
24756250,2209738,2747959,CN1CCN(C(=O)c2ccc3ccc(C(=O)c4ccccc4)c-3cc2)CC1,permeability,8.4,10^-6 cm/s,Permeability of the compound at pH 7.4 by PAMPA assay
24756251,2209738,2752671,NC(=O)C1CCN(C(=O)c2ccc3cccccc2-3)CC1,permeability,0.5,10^-6 cm/s,Permeability of the compound at pH 7.4 by PAMPA assay
24756252,2209738,1036651,NC(=O)C1CCN(C(=O)c2cccc3ccccc23)CC1,permeability,0.2,10^-6 cm/s,Permeability of the compound at pH 7.4 by PAMPA assay
24756253,2209738,2763447,NC(=O)C1CCN(C(=O)c2c[nH]c3ccccc23)CC1,permeability,0.01,10^-6 cm/s,Permeability of the compound at pH 7.4 by PAMPA assay
24756254,2209738,2779069,Cn1cc(C(=O)N2CCC(C(N)=O)CC2)c2ccccc21,permeability,0.2,10^-6 cm/s,Permeability of the compound at pH 7.4 by PAMPA assay
24756255,2209738,2776137,CN(C)C(=O)Cc1ccc2ccccc2c1,permeability,4.7,10^-6 cm/s,Permeability of the compound at pH 7.4 by PAMPA assay
24756256,2209738,2771103,CN(C)C(=O)Cc1ccc2cc[nH]c2c1,permeability,1.3,10^-6 cm/s,Permeability of the compound at pH 7.4 by PAMPA assay
24756257,2209738,2755625,CN(C)C(=O)Cc1ccc2ccn(C)c2c1,permeability,7.6,10^-6 cm/s,Permeability of the compound at pH 7.4 by PAMPA assay
24756258,2209738,2745052,c1ccc2cc(CN3CCCCC3)ccc2c1,permeability,4.6,10^-6 cm/s,Permeability of the compound at pH 7.4 by PAMPA assay
24756259,2209738,2762833,O=C(Nc1cc2cccccc-2c1)c1cccnc1,permeability,4.8,10^-6 cm/s,Permeability of the compound at pH 7.4 by PAMPA assay
24756260,2209738,970935,O=C(Nc1ccc2ccccc2c1)c1cccnc1,permeability,55,10^-6 cm/s,Permeability of the compound at pH 7.4 by PAMPA assay
24756261,2209738,2779264,Cn1c(NC(=O)c2cccnc2)cc2ccccc21,permeability,4.9,10^-6 cm/s,Permeability of the compound at pH 7.4 by PAMPA assay
24756262,2209738,2742909,O=C(Cn1ccccc1=O)Nc1cc2ccccc2[nH]1,permeability,0.1,10^-6 cm/s,Permeability of the compound at pH 7.4 by PAMPA assay
24756263,2209738,2742695,Cn1c(NC(=O)Cn2ccccc2=O)cc2ccccc21,permeability,3.3,10^-6 cm/s,Permeability of the compound at pH 7.4 by PAMPA assay
24756264,2209738,2745522,COC(=O)c1ccc2c(C(=O)N(C)C)cn(C)c2c1,permeability,4.2,10^-6 cm/s,Permeability of the compound at pH 7.4 by PAMPA assay
24756265,2209738,2753597,COC(=O)c1ccc2ccc(C(=O)Nc3ccccc3)c-2cc1,permeability,0.4,10^-6 cm/s,Permeability of the compound at pH 7.4 by PAMPA assay
24756266,2209738,2746575,COC(=O)c1ccc2c(C(=O)Nc3ccccc3)cn(C)c2c1,permeability,2.2,10^-6 cm/s,Permeability of the compound at pH 7.4 by PAMPA assay
24756267,2209738,2754119,O=C(NCc1cccnc1)c1ccc2ccc(C(=O)c3ccccc3)c-2cc1,permeability,2.4,10^-6 cm/s,Permeability of the compound at pH 7.4 by PAMPA assay
24756268,2209738,2757245,O=C(NCc1cccnc1)c1ccc2[nH]cc(C(=O)c3ccccc3)c2c1,permeability,0.1,10^-6 cm/s,Permeability of the compound at pH 7.4 by PAMPA assay
24756269,2209738,2762480,Cn1cc(C(=O)c2ccccc2)c2cc(C(=O)NCc3cccnc3)ccc21,permeability,1.7,10^-6 cm/s,Permeability of the compound at pH 7.4 by PAMPA assay
24756270,2209738,2769095,O=C(NCCO)c1ccc2[nH]cc(C(=O)c3ccccc3)c2c1,permeability,0.01,10^-6 cm/s,Permeability of the compound at pH 7.4 by PAMPA assay
24756271,2209738,2779162,Cn1cc(C(=O)c2ccccc2)c2cc(C(=O)NCCO)ccc21,permeability,0.5,10^-6 cm/s,Permeability of the compound at pH 7.4 by PAMPA assay
24756272,2209738,2764953,CN1CCN(C(=O)c2ccc3[nH]cc(C(=O)c4ccccc4)c3c2)CC1,permeability,0.2,10^-6 cm/s,Permeability of the compound at pH 7.4 by PAMPA assay
24756273,2209738,2749118,CN1CCN(C(=O)c2ccc3c(c2)c(C(=O)c2ccccc2)cn3C)CC1,permeability,1.9,10^-6 cm/s,Permeability of the compound at pH 7.4 by PAMPA assay
24756274,2209738,2741240,O=C(NCCc1cnc[nH]1)c1ccc2ccc(C(=O)c3ccccc3)c-2cc1,permeability,0.3,10^-6 cm/s,Permeability of the compound at pH 7.4 by PAMPA assay
24756275,2209738,2763041,O=C(NCCc1cnc[nH]1)C1=CC2C(C(=O)c3ccccc3)=CN=C2C=C1,permeability,0.01,10^-6 cm/s,Permeability of the compound at pH 7.4 by PAMPA assay
24756276,2209738,2754886,Cn1cc(C(=O)c2ccccc2)c2cc(C(=O)NCCc3cnc[nH]3)ccc21,permeability,0.1,10^-6 cm/s,Permeability of the compound at pH 7.4 by PAMPA assay
24756277,2209738,2761302,O=C(NCCc1c[nH]c2ccccc12)c1ccc2ccc(C(=O)c3ccccc3)c-2cc1,permeability,0.03,10^-6 cm/s,Permeability of the compound at pH 7.4 by PAMPA assay
24756278,2209738,2770832,O=C(NCCc1c[nH]c2ccccc12)c1ccc2[nH]cc(C(=O)c3ccccc3)c2c1,permeability,0.01,10^-6 cm/s,Permeability of the compound at pH 7.4 by PAMPA assay
24756279,2209738,2754973,Cn1cc(C(=O)c2ccccc2)c2cc(C(=O)NCCc3c[nH]c4ccccc34)ccc21,permeability,0.04,10^-6 cm/s,Permeability of the compound at pH 7.4 by PAMPA assay
24756280,2209738,2331364,COC(=O)c1ccc2ccc(C(=O)c3ccccc3)c-2cc1,permeability,0.1,10^-6 cm/s,Permeability of the compound at pH 7.4 by PAMPA assay
24756281,2209738,2029424,COC(=O)c1ccc2[nH]cc(C(=O)c3ccccc3)c2c1,permeability,2.8,10^-6 cm/s,Permeability of the compound at pH 7.4 by PAMPA assay
24756282,2209738,2769876,COC(=O)c1ccc2c(C(=O)c3ccccc3)c[nH]c2c1,permeability,1.5,10^-6 cm/s,Permeability of the compound at pH 7.4 by PAMPA assay
24756283,2209738,2773068,COC(=O)c1ccc2c(ccn2C(=O)c2ccccc2)c1,permeability,0.5,10^-6 cm/s,Permeability of the compound at pH 7.4 by PAMPA assay
24756284,2209738,2760011,COC(=O)c1ccc2ccn(C(=O)c3ccccc3)c2c1,permeability,0.5,10^-6 cm/s,Permeability of the compound at pH 7.4 by PAMPA assay
24756285,2209738,2323281,COC(=O)c1ccc2c(C(=O)c3ccccc3)cc(C(=O)c3ccccc3)c-2cc1,permeability,0.3,10^-6 cm/s,Permeability of the compound at pH 7.4 by PAMPA assay
24756286,2209738,2749912,COC(=O)c1ccc2c(c1)c(C(=O)c1ccccc1)cn2C(=O)c1ccccc1,permeability,1.3,10^-6 cm/s,Permeability of the compound at pH 7.4 by PAMPA assay
24756287,2209738,2773818,COC(=O)c1ccc2c(C(=O)c3ccccc3)cn(C(=O)c3ccccc3)c2c1,permeability,2.1,10^-6 cm/s,Permeability of the compound at pH 7.4 by PAMPA assay
24756288,2209738,2743198,COC(=O)c1ccc2ccc(C(=O)N(C)C)c-2cc1,permeability,7.4,10^-6 cm/s,Permeability of the compound at pH 7.4 by PAMPA assay
24771203,2213342,2772121,OC[C@H]1O[C@@H](n2nncc2-c2ccc(Cl)c(Cl)c2)[C@H](O)[C@@H](n2cc(-c3cc(F)c(F)c(F)c3)nn2)[C@H]1O,permeability,70,nm/s,Permeability of the compound at pH 7.4 measured for 4 hrs by UV plate reader based PAMPA assay
24771204,2213342,2778626,OC[C@H]1O[C@@H](n2nncc2-c2cccc(Cl)c2)[C@H](O)[C@@H](n2cc(-c3cc(F)c(F)c(F)c3)nn2)[C@H]1O,permeability,33,nm/s,Permeability of the compound at pH 7.4 measured for 4 hrs by UV plate reader based PAMPA assay
24771205,2213342,2754844,OC[C@H]1O[C@@H](c2nncn2-c2cccc(Cl)c2)[C@H](O)[C@@H](n2cc(-c3cc(F)c(F)c(F)c3)nn2)[C@H]1O,permeability,6,nm/s,Permeability of the compound at pH 7.4 measured for 4 hrs by UV plate reader based PAMPA assay
24771206,2213342,2763048,OC[C@H]1O[C@@H](c2ncnn2-c2cccc(Cl)c2)[C@H](O)[C@@H](n2cc(-c3cc(F)c(F)c(F)c3)nn2)[C@H]1O,permeability,203,nm/s,Permeability of the compound at pH 7.4 measured for 4 hrs by UV plate reader based PAMPA assay
24771207,2213342,2753415,Cc1nc([C@@H]2O[C@H](CO)[C@H](O)[C@H](n3cc(-c4cc(F)c(F)c(F)c4)nn3)[C@H]2O)n(-c2cccc(Cl)c2)n1,permeability,345,nm/s,Permeability of the compound at pH 7.4 measured for 4 hrs by UV plate reader based PAMPA assay
24771208,2213342,2742265,Cc1nc([C@@H]2O[C@H](CO)[C@H](O)[C@H](n3cc(-c4cc(F)c(F)c(F)c4)nn3)[C@H]2O)n(-c2cccc(Cl)c2Cl)n1,permeability,452,nm/s,Permeability of the compound at pH 7.4 measured for 4 hrs by UV plate reader based PAMPA assay
24771209,2213342,2776409,Cc1nc([C@@H]2O[C@H](CO)[C@H](O)[C@H](n3cc(-c4cc(F)c(F)c(F)c4)nn3)[C@H]2O)n(-c2cc(Cl)cc(Cl)c2)n1,permeability,125,nm/s,Permeability of the compound at pH 7.4 measured for 4 hrs by UV plate reader based PAMPA assay
24771210,2213342,2763900,Cc1nc([C@@H]2O[C@H](CO)[C@H](O)[C@H](n3cc(-c4cc(F)c(F)c(F)c4)nn3)[C@H]2O)n(-c2ccc(Cl)c(Cl)c2)n1,permeability,456,nm/s,Permeability of the compound at pH 7.4 measured for 4 hrs by UV plate reader based PAMPA assay
24771211,2213342,2748291,Cc1nc([C@@H]2O[C@H](CO)[C@H](O)[C@H](n3cc(-c4cc(F)c(F)c(F)c4)nn3)[C@H]2O)n(-c2cc(Cl)ccc2Cl)n1,permeability,304,nm/s,Permeability of the compound at pH 7.4 measured for 4 hrs by UV plate reader based PAMPA assay
24771212,2213342,2750413,Cc1nc([C@@H]2O[C@H](CO)[C@H](O)[C@H](n3cc(-c4cc(F)c(F)c(F)c4)nn3)[C@H]2O)n(-c2cc(Cl)ccc2F)n1,permeability,125,nm/s,Permeability of the compound at pH 7.4 measured for 4 hrs by UV plate reader based PAMPA assay
24771213,2213342,2741072,COc1ccc(Cl)cc1-n1nc(C)nc1[C@@H]1O[C@H](CO)[C@H](O)[C@H](n2cc(-c3cc(F)c(F)c(F)c3)nn2)[C@H]1O,permeability,140,nm/s,Permeability of the compound at pH 7.4 measured for 4 hrs by UV plate reader based PAMPA assay
24771214,2213342,2758278,Cc1nc([C@@H]2O[C@H](CO)[C@H](O)[C@H](n3cc(-c4cc(F)c(F)c(F)c4)nn3)[C@H]2O)n(-c2cc(Cl)ccc2C)n1,permeability,181,nm/s,Permeability of the compound at pH 7.4 measured for 4 hrs by UV plate reader based PAMPA assay
24771215,2213342,2764650,Cc1nc([C@@H]2O[C@H](CO)[C@H](O)[C@H](n3cc(-c4cc(F)c(F)c(F)c4)nn3)[C@H]2O)n(-c2cc(Cl)ccc2Br)n1,permeability,148,nm/s,Permeability of the compound at pH 7.4 measured for 4 hrs by UV plate reader based PAMPA assay
24771216,2213342,2749812,Cc1nc([C@@H]2O[C@H](CO)[C@H](O)[C@H](n3cc(-c4cc(F)c(F)c(F)c4)nn3)[C@H]2O)n(-c2cc(Cl)ccc2C(F)(F)F)n1,permeability,369,nm/s,Permeability of the compound at pH 7.4 measured for 4 hrs by UV plate reader based PAMPA assay
24778742,2215888,2737829,Cc1nc(C)c([C@H](OC(C)(C)C)C(=O)O)c(N2CCC(C)(C)CC2)c1-c1ccc(OCCc2ccc(F)cc2)cc1,permeability,505,nm/s,Permeability of the compound at pH 7.4 by PAMPA assay
24778743,2215888,2770697,Cc1c([C@H](OC(C)(C)C)C(=O)O)c(N2CCC(C)(C)CC2)c(-c2ccc(OCCc3ccc(F)cc3)cc2)c2nccn12,permeability,410,nm/s,Permeability of the compound at pH 7.4 by PAMPA assay
24778744,2215888,2769071,Cc1c([C@H](OC(C)(C)C)C(=O)O)c(N2CCC(C)(C)CC2)c(-c2ccc(OCCc3ccc(F)cc3)cc2)c2ncnn12,permeability,654,nm/s,Permeability of the compound at pH 7.4 by PAMPA assay
24778745,2215888,2745698,Cc1cn2c(C)c([C@H](OC(C)(C)C)C(=O)O)c(N3CCC(C)(C)CC3)c(-c3ccc(OCCc4ccc(F)cc4)cc3)c2n1,permeability,438,nm/s,Permeability of the compound at pH 7.4 by PAMPA assay
24778746,2215888,2779666,CCc1cn2c(C)c([C@H](OC(C)(C)C)C(=O)O)c(N3CCC(C)(C)CC3)c(-c3ccc(OCCc4ccc(F)cc4)cc3)c2n1,permeability,343,nm/s,Permeability of the compound at pH 7.4 by PAMPA assay
24778747,2215888,2743313,Cc1nc2c(-c3ccc4c(c3)CCN(Cc3c(C)cccc3Cl)C4)c(N3CCC(C)(C)CC3)c([C@H](OC(C)(C)C)C(=O)O)c(C)n2n1,permeability,483,nm/s,Permeability of the compound at pH 7.4 by PAMPA assay
24778748,2215888,2746287,Cc1nc2c(-c3ccc4c(c3)CCN(c3ncnc5c3oc3ccccc35)C4)c(N3CCC(C)(C)CC3)c([C@H](OC(C)(C)C)C(=O)O)c(C)n2n1,permeability,752,nm/s,Permeability of the compound at pH 7.4 by PAMPA assay
24778749,2215888,2766365,Cc1c([C@H](OC(C)(C)C)C(=O)O)c(N2CCC(C)(C)CC2)c(-c2ccc3c(c2)CCN(c2ncnc4c2oc2ccccc24)C3)c2ncnn12,permeability,474,nm/s,Permeability of the compound at pH 7.4 by PAMPA assay
24778750,2215888,2746616,Cc1c([C@H](OC(C)(C)C)C(=O)O)c(N2CCC(C)(C)CC2)c(-c2ccc3c(c2)CCN(c2ncnc4c2oc2ccccc24)C3)c2nccn12,permeability,663,nm/s,Permeability of the compound at pH 7.4 by PAMPA assay
24778751,2215888,2761486,Cc1c([C@H](OC(C)(C)C)C(=O)O)c(N2CCC(C)(C)CC2)c(-c2ccc3c(c2)CCN(c2ncnc4c2oc2ccccc24)C3)c2cnnn12,permeability,790,nm/s,Permeability of the compound at pH 7.4 by PAMPA assay
24804980,2222276,378218,O=C(Nc1ccc([N+](=O)[O-])cc1Cl)c1cc(Cl)ccc1O,permeability,8.5,10^-6 cm/s,Permeability of compound incubated for 3 hrs by UV plate reader based PAMPA assay
24804981,2222276,1232946,O=C(Nc1ccccc1)c1cc(Cl)ccc1O,permeability,16,10^-6 cm/s,Permeability of compound incubated for 3 hrs by UV plate reader based PAMPA assay
24804982,2222276,1365678,O=C(Nc1ccc([N+](=O)[O-])cc1)c1cc(Cl)ccc1O,permeability,12.4,10^-6 cm/s,Permeability of compound incubated for 3 hrs by UV plate reader based PAMPA assay
24804983,2222276,1365677,O=C(Nc1cccc([N+](=O)[O-])c1)c1cc(Cl)ccc1O,permeability,19.5,10^-6 cm/s,Permeability of compound incubated for 3 hrs by UV plate reader based PAMPA assay
24804984,2222276,2383641,O=C(Nc1ccc([N+](=O)[O-])c(Cl)c1)c1cc(Cl)ccc1O,permeability,12.3,10^-6 cm/s,Permeability of compound incubated for 3 hrs by UV plate reader based PAMPA assay
24804985,2222276,1365679,O=C(Nc1cccc(Cl)c1)c1cc(Cl)ccc1O,permeability,8.6,10^-6 cm/s,Permeability of compound incubated for 3 hrs by UV plate reader based PAMPA assay
24804986,2222276,1512144,O=C(Nc1ccc(F)c(Cl)c1)c1cc(Cl)ccc1O,permeability,11.5,10^-6 cm/s,Permeability of compound incubated for 3 hrs by UV plate reader based PAMPA assay
24804987,2222276,1511872,O=C(Nc1ccc(F)cc1)c1cc(Cl)ccc1O,permeability,18.2,10^-6 cm/s,Permeability of compound incubated for 3 hrs by UV plate reader based PAMPA assay
24804988,2222276,1439971,O=C(Nc1cccc(F)c1)c1cc(Cl)ccc1O,permeability,3.7,10^-6 cm/s,Permeability of compound incubated for 3 hrs by UV plate reader based PAMPA assay
24804989,2222276,1365682,O=C(Nc1ccc(C(F)(F)F)cc1)c1cc(Cl)ccc1O,permeability,6.9,10^-6 cm/s,Permeability of compound incubated for 3 hrs by UV plate reader based PAMPA assay
24804990,2222276,589894,O=C(Nc1cccc(C(F)(F)F)c1)c1cc(Cl)ccc1O,permeability,4.2,10^-6 cm/s,Permeability of compound incubated for 3 hrs by UV plate reader based PAMPA assay
24804991,2222276,1439972,CC(C)(C)c1cccc(NC(=O)c2cc(Cl)ccc2O)c1,permeability,18.7,10^-6 cm/s,Permeability of compound incubated for 3 hrs by UV plate reader based PAMPA assay
24804992,2222276,2776080,O=C(Nc1cccc(O)c1)c1cc(Cl)ccc1O,permeability,15.9,10^-6 cm/s,Permeability of compound incubated for 3 hrs by UV plate reader based PAMPA assay
24804993,2222276,2751056,O=C(Nc1ccc(O)cc1)c1cc(Cl)ccc1O,permeability,33.1,10^-6 cm/s,Permeability of compound incubated for 3 hrs by UV plate reader based PAMPA assay
24804994,2222276,2770606,O=C(Nc1ccc(N2CCCCC2)cc1)c1cc(Cl)ccc1O,permeability,43.3,10^-6 cm/s,Permeability of compound incubated for 3 hrs by UV plate reader based PAMPA assay
24804995,2222276,2449199,Cc1ccc(CNC(=O)c2cc(Cl)ccc2O)cc1,permeability,42.6,10^-6 cm/s,Permeability of compound incubated for 3 hrs by UV plate reader based PAMPA assay
24804996,2222276,2768895,Cc1cccc(CNC(=O)c2cc(Cl)ccc2O)c1,permeability,28.4,10^-6 cm/s,Permeability of compound incubated for 3 hrs by UV plate reader based PAMPA assay
24804997,2222276,915189,O=C(Nc1ccc([N+](=O)[O-])cc1Cl)c1ccccc1O,permeability,15.3,10^-6 cm/s,Permeability of compound incubated for 3 hrs by UV plate reader based PAMPA assay
24804998,2222276,2750901,O=C(Nc1ccc([N+](=O)[O-])cc1Cl)c1ccccc1,permeability,42.2,10^-6 cm/s,Permeability of compound incubated for 3 hrs by UV plate reader based PAMPA assay
24804999,2222276,1439974,Cc1ccc(O)c(C(=O)Nc2ccc([N+](=O)[O-])cc2Cl)c1,permeability,20.9,10^-6 cm/s,Permeability of compound incubated for 3 hrs by UV plate reader based PAMPA assay
24805000,2222276,2743869,Cc1ccc(C(=O)Nc2ccc([N+](=O)[O-])cc2Cl)c(O)c1,permeability,6.1,10^-6 cm/s,Permeability of compound incubated for 3 hrs by UV plate reader based PAMPA assay
24805001,2222276,2459572,O=C(Nc1ccc([N+](=O)[O-])cc1Cl)c1cc(F)ccc1O,permeability,30.7,10^-6 cm/s,Permeability of compound incubated for 3 hrs by UV plate reader based PAMPA assay
24805002,2222276,2769487,O=C(Nc1ccc(O[C@@H]2O[C@H](CO)[C@@H](O)[C@H](O)[C@H]2O)cc1)c1cc(Cl)ccc1O,permeability,1.9,10^-6 cm/s,Permeability of compound incubated for 3 hrs by UV plate reader based PAMPA assay
24805003,2222276,1219,COc1ccc(CCN(C)CCCC(C#N)(c2ccc(OC)c(OC)c2)C(C)C)cc1OC,permeability,114.8,10^-6 cm/s,Permeability of compound incubated for 3 hrs by UV plate reader based PAMPA assay
24805004,2222276,10685,CN/C(=C\[N+](=O)[O-])NCCSCc1ccc(CN(C)C)o1,permeability,1.6,10^-6 cm/s,Permeability of compound incubated for 3 hrs by UV plate reader based PAMPA assay
24807073,2222590,2767373,Nc1nc(Oc2ccc(NC(=O)N[C@@H](CCc3ccccc3)C(=O)O)cc2)c2cc[nH]c2n1,permeability,3.57,10^-6 cm/s,Permeability of compound in PBS buffer at pH 7.4 at 500 mM incubated for 18 hrs by UV plate reader based PAMPA assay
24807074,2222590,29890,O=C(O)Cc1ccccc1Nc1c(Cl)cccc1Cl,permeability,3.08,10^-6 cm/s,Permeability of compound in PBS buffer at pH 7.4 at 500 mM incubated for 18 hrs by UV plate reader based PAMPA assay
24807075,2222590,27340,O=C(N[C@H](CO)[C@H](O)c1ccc([N+](=O)[O-])cc1)C(Cl)Cl,permeability,4.53,10^-6 cm/s,Permeability of compound in PBS buffer at pH 7.4 at 500 mM incubated for 18 hrs by UV plate reader based PAMPA assay
24808142,2222850,2755490,CNC(=O)c1ccc(Nc2nc(N)n(C(=O)Nc3ccc(-c4cc(OCc5ccccc5)cc(C(=O)O)c4)cc3)n2)cc1,permeability,0.971,10^-6 cm/s,Permeability of the compound in PBS buffer at pH 7.4 measured after 18 hrs by UV plate reader based PAMPA assay
24808143,2222850,2763366,CNC(=O)c1ccc(Nc2nc(N)n(C(=O)Nc3ccc(-c4ccc(OCc5ccccc5)c(C(=O)O)c4)cc3)n2)cc1,permeability,0.24,10^-6 cm/s,Permeability of the compound in PBS buffer at pH 7.4 measured after 18 hrs by UV plate reader based PAMPA assay
24808144,2222850,2767304,Nc1nc(Nc2ccc(S(N)(=O)=O)cc2)nn1C(=O)Nc1ccc(-c2cc(OCc3ccccc3)cc(C(=O)O)c2)cc1,permeability,1.15,10^-6 cm/s,Permeability of the compound in PBS buffer at pH 7.4 measured after 18 hrs by UV plate reader based PAMPA assay
24808145,2222850,2762371,Nc1nc(Nc2ccc(S(N)(=O)=O)cc2)nn1C(=O)Nc1ccc(-c2ccc(OCc3ccccc3)c(C(=O)O)c2)cc1,permeability,0.488,10^-6 cm/s,Permeability of the compound in PBS buffer at pH 7.4 measured after 18 hrs by UV plate reader based PAMPA assay
24808146,2222850,2756291,Nc1nc(Nc2ccc(S(N)(=O)=O)cc2)nn1C(=O)Nc1ccc(-c2ccccc2)cc1,permeability,0,10^-6 cm/s,Permeability of the compound in PBS buffer at pH 7.4 measured after 18 hrs by UV plate reader based PAMPA assay
24808147,2222850,2778376,COC(=O)c1cccc(-c2ccc(NC(=O)n3nc(Nc4ccc(S(N)(=O)=O)cc4)nc3N)cc2)c1,permeability,0.09,10^-6 cm/s,Permeability of the compound in PBS buffer at pH 7.4 measured after 18 hrs by UV plate reader based PAMPA assay
24808148,2222850,2754486,Nc1nc(Nc2ccc(S(N)(=O)=O)cc2)nn1C(=O)Nc1ccc(-c2cccc(C(=O)O)c2)cc1,permeability,0.015,10^-6 cm/s,Permeability of the compound in PBS buffer at pH 7.4 measured after 18 hrs by UV plate reader based PAMPA assay
24808149,2222850,381693,Cn1c(=O)c2[nH]cnc2n(C)c1=O,permeability,0.27,10^-6 cm/s,Permeability of the compound in PBS buffer at pH 7.4 measured after 18 hrs by UV plate reader based PAMPA assay
24808150,2222850,29890,O=C(O)Cc1ccccc1Nc1c(Cl)cccc1Cl,permeability,2.91,10^-6 cm/s,Permeability of the compound in PBS buffer at pH 7.4 measured after 18 hrs by UV plate reader based PAMPA assay
24808151,2222850,27340,O=C(N[C@H](CO)[C@H](O)c1ccc([N+](=O)[O-])cc1)C(Cl)Cl,permeability,4.36,10^-6 cm/s,Permeability of the compound in PBS buffer at pH 7.4 measured after 18 hrs by UV plate reader based PAMPA assay
24808246,2222872,2724414,CCNc1cc(=O)[nH]c2ccc(Nc3ccnc(Cl)c3C#N)cc12,permeability,0.1,10^-6 cm/s,Permeability of the compound at pH 7.4 by PAMPA
24808247,2222872,2726395,Cn1c(=O)cc(NC(C)(C)c2ncc(C3CC3)cn2)c2cc(Nc3ccnc(Cl)c3C#N)ccc21,permeability,35,10^-6 cm/s,Permeability of the compound at pH 7.4 by PAMPA
24808248,2222872,2755482,Cn1c(=O)c2c(c3cc(Nc4ccnc(Cl)c4C#N)ccc31)N[C@@H](C1CC1)C(F)(F)CO2,permeability,5.5,10^-6 cm/s,Permeability of the compound at pH 7.4 by PAMPA
24830853,2229260,2754698,O=C(Nc1ccc2c(=O)c3cccc(F)c3oc2c1)c1ccccc1,permeability,0.22,10^-6 cm/s,Permeability of the compound by PAMPA analysis
24830854,2229260,2762731,CC(=O)Nc1ccc2c(=O)c3cccc(F)c3oc2c1,permeability,8.5,10^-6 cm/s,Permeability of the compound by PAMPA analysis
24830855,2229260,2745026,CCNc1ccc2c(=O)c3cccc(F)c3oc2c1,permeability,0.36,10^-6 cm/s,Permeability of the compound by PAMPA analysis
24830856,2229260,2776411,CCNc1ccc2c(=O)c3cccc(Cl)c3oc2c1,permeability,6.73,10^-6 cm/s,Permeability of the compound by PAMPA analysis
24830857,2229260,2768814,CCN(CC)c1ccc2c(=O)c3cccc(Cl)c3oc2c1,permeability,0.54,10^-6 cm/s,Permeability of the compound by PAMPA analysis
24830858,2229260,2756106,O=c1c2ccc(N3CCCC3)cc2oc2c(F)cccc12,permeability,0.95,10^-6 cm/s,Permeability of the compound by PAMPA analysis
24830859,2229260,2761823,O=c1c2ccc(N3CCCC3)cc2oc2c(Cl)cccc12,permeability,0.24,10^-6 cm/s,Permeability of the compound by PAMPA analysis
24830860,2229260,2780413,O=C1CCCN1c1ccc2c(=O)c3cccc(F)c3oc2c1,permeability,2.09,10^-6 cm/s,Permeability of the compound by PAMPA analysis
24830861,2229260,2779037,O=c1c2ccc(N3CCCCC3)cc2oc2c(Cl)cccc12,permeability,0.49,10^-6 cm/s,Permeability of the compound by PAMPA analysis
24830862,2229260,2753797,O=c1c2ccc(N3CCCCCC3)cc2oc2c(F)cccc12,permeability,1.64,10^-6 cm/s,Permeability of the compound by PAMPA analysis
24830863,2229260,2775783,O=c1c2ccc(N3CCOCC3)cc2oc2c(F)cccc12,permeability,1.8,10^-6 cm/s,Permeability of the compound by PAMPA analysis
24830864,2229260,2743936,CN1CCN(c2ccc3c(=O)c4cccc(F)c4oc3c2)CC1,permeability,0.08,10^-6 cm/s,Permeability of the compound by PAMPA analysis
24830865,2229260,2769378,O=c1c2cnc(N3CCCC3)cc2oc2c(Cl)cccc12,permeability,6.94,10^-6 cm/s,Permeability of the compound by PAMPA analysis
24830866,2229260,2754028,O=c1c2ccc(N3CCCC3)nc2oc2c(F)cccc12,permeability,9.1,10^-6 cm/s,Permeability of the compound by PAMPA analysis
24830867,2229260,2769087,O=C(O)c1cc2c(=O)c3cccc(Cl)c3oc2cc1N1CCCC1,permeability,8.64,10^-6 cm/s,Permeability of the compound by PAMPA analysis
24830868,2229260,2742132,O=c1c2ccc(N3CCC(O)C3)cc2oc2c(F)cccc12,permeability,1.49,10^-6 cm/s,Permeability of the compound by PAMPA analysis
24830869,2229260,2780438,NC1CCN(c2ccc3c(=O)c4cccc(F)c4oc3c2)C1,permeability,0.79,10^-6 cm/s,Permeability of the compound by PAMPA analysis
24830870,2229260,2755420,O=C(O)C1CCN(c2ccc3c(=O)c4cccc(Cl)c4oc3c2)C1,permeability,2.27,10^-6 cm/s,Permeability of the compound by PAMPA analysis
24830871,2229260,2741002,O=C(O)C1CCCN1c1ccc2c(=O)c3cccc(Cl)c3oc2c1,permeability,2.79,10^-6 cm/s,Permeability of the compound by PAMPA analysis
24830872,2229260,2759410,O=C(O)CC1CCN(c2ccc3c(=O)c4cccc(Cl)c4oc3c2)C1,permeability,1.55,10^-6 cm/s,Permeability of the compound by PAMPA analysis
24830873,2229260,2778165,O=C(O)C1CCCN(c2ccc3c(=O)c4cccc(Cl)c4oc3c2)C1,permeability,2.43,10^-6 cm/s,Permeability of the compound by PAMPA analysis
24830874,2229260,2779246,O=C(O)C1CCN(c2ccc3c(=O)c4cccc(Cl)c4oc3n2)C1,permeability,1.55,10^-6 cm/s,Permeability of the compound by PAMPA analysis
24830875,2229260,2767830,Clc1cccc2c1Oc1cc(N3CCCC3)ccc1C2,permeability,0.36,10^-6 cm/s,Permeability of the compound by PAMPA analysis
24830877,2229260,2777145,OC1(C(F)(F)F)c2ccc(N3CCCC3)cc2Oc2c(Cl)cccc21,permeability,6.73,10^-6 cm/s,Permeability of the compound by PAMPA analysis
24830878,2229260,2768834,Clc1cccc2c1Oc1cc(N3CCCC3)ccc1C2C1COC1,permeability,0.09,10^-6 cm/s,Permeability of the compound by PAMPA analysis
24830879,2229260,2757297,CC1c2ccc(N3CCCC3)cc2Oc2c(Cl)cccc21,permeability,0.015,10^-6 cm/s,Permeability of the compound by PAMPA analysis
24830880,2229260,2752596,O=C(O)C1CCN(c2ccc3c(c2)Oc2c(Cl)cccc2S3(=O)=O)C1,permeability,1.26,10^-6 cm/s,Permeability of the compound by PAMPA analysis
24830881,2229260,2760795,O=C1Nc2ccc(N3CCCC3)cc2Oc2c(Cl)cccc21,permeability,2.09,10^-6 cm/s,Permeability of the compound by PAMPA analysis
24830882,2229260,2754041,O=C1Nc2ccc(N3CCC(C(=O)O)C3)cc2Oc2c(Cl)cccc21,permeability,1,10^-6 cm/s,Permeability of the compound by PAMPA analysis
24830883,2229260,2766089,O=C1Nc2cccc(Cl)c2Oc2cc(N3CCC(C(=O)O)C3)ccc21,permeability,1.64,10^-6 cm/s,Permeability of the compound by PAMPA analysis
24830884,2229260,2765891,CC1(C(=O)O)CCN(c2ccc3c(=O)c4cccc(Cl)c4oc3c2)C1,permeability,2.03,10^-6 cm/s,Permeability of the compound by PAMPA analysis
24830885,2229260,2755440,O=C(O)C1(C(F)(F)F)CCN(c2ccc3c(=O)c4cccc(Cl)c4oc3c2)C1,permeability,1.78,10^-6 cm/s,Permeability of the compound by PAMPA analysis
24830886,2229260,2767245,CC1(C)CN(c2ccc3c(=O)c4cccc(Cl)c4oc3c2)CC1C(=O)O,permeability,0.98,10^-6 cm/s,Permeability of the compound by PAMPA analysis
24830888,2229260,2772001,O=C(O)C1CCN(c2cc3oc4c(Cl)cccc4c(=O)c3cn2)C1,permeability,0.96,10^-6 cm/s,Permeability of the compound by PAMPA analysis
24830890,2229260,2743635,O=C(O)C1CCN(c2cc3oc4c(Cl)cccc4c(=O)c3cc2Cl)C1,permeability,1.59,10^-6 cm/s,Permeability of the compound by PAMPA analysis
24830891,2229260,2777276,Cc1cc2c(=O)c3cccc(Cl)c3oc2cc1N1CCC(C(=O)O)C1,permeability,1.34,10^-6 cm/s,Permeability of the compound by PAMPA analysis
24830893,2229260,2772066,O=C(O)C1CCN(c2ccc3c(=O)c4c(F)ccc(Cl)c4oc3c2)C1,permeability,1.83,10^-6 cm/s,Permeability of the compound by PAMPA analysis
24830894,2229260,2762909,O=C(O)C1CCN(c2ccc3c(=O)c4c(Cl)ccc(Cl)c4oc3c2)C1,permeability,1.72,10^-6 cm/s,Permeability of the compound by PAMPA analysis
24830895,2229260,2751486,Cc1ccc(Cl)c2oc3cc(N4CCC(C(=O)O)C4)ccc3c(=O)c12,permeability,0.59,10^-6 cm/s,Permeability of the compound by PAMPA analysis
24830896,2229260,2758535,O=C(O)C1CCN(c2ccc3c(=O)c4c(C(F)(F)F)ccc(Cl)c4oc3c2)C1,permeability,1.18,10^-6 cm/s,Permeability of the compound by PAMPA analysis
24830897,2229260,2753528,N#Cc1ccc(Cl)c2oc3cc(N4CCC(C(=O)O)C4)ccc3c(=O)c12,permeability,0.8,10^-6 cm/s,Permeability of the compound by PAMPA analysis
24830898,2229260,2758643,O=C(O)C1CCN(c2ccc3c(=O)c4c(O)ccc(Cl)c4oc3c2)C1,permeability,0.53,10^-6 cm/s,Permeability of the compound by PAMPA analysis
24830899,2229260,2777634,COc1ccc(Cl)c2oc3cc(N4CCC(C(=O)O)C4)ccc3c(=O)c12,permeability,0.68,10^-6 cm/s,Permeability of the compound by PAMPA analysis
24830900,2229260,2747950,CCOc1ccc(Cl)c2oc3cc(N4CCC(C(=O)O)C4)ccc3c(=O)c12,permeability,0.7,10^-6 cm/s,Permeability of the compound by PAMPA analysis
24830901,2229260,2779112,O=C(O)[C@@H]1CCN(c2ccc3c(=O)c4cccc(Cl)c4oc3c2)C1,permeability,2.82,10^-6 cm/s,Permeability of the compound by PAMPA analysis
24830902,2229260,2774031,O=C(O)[C@H]1CCN(c2ccc3c(=O)c4cccc(Cl)c4oc3c2)C1,permeability,3.02,10^-6 cm/s,Permeability of the compound by PAMPA analysis
24830903,2229260,2742022,O=C(O)[C@H]1CCN(c2ccc3c(=O)c4c(Cl)ccc(Cl)c4oc3c2)C1,permeability,1.19,10^-6 cm/s,Permeability of the compound by PAMPA analysis
24842526,2232062,2762019,N#Cc1cccnc1N1CCN(CCCN2CCN(c3cccc(Cl)c3Cl)CC2)CC1,permeability,5.9,10^-6 cm/s,Permeability of compound at pH 7.4 by PAMPA assay
24842527,2232062,2747605,N#Cc1cccnc1N1CCN(CCCN2CCN(c3ccccc3)CC2)CC1,permeability,25,10^-6 cm/s,Permeability of compound at pH 7.4 by PAMPA assay
24842528,2232062,2765029,COc1ccc(N2CCN(CCCN3CCN(c4ncccc4C#N)CC3)CC2)cc1,permeability,24,10^-6 cm/s,Permeability of compound at pH 7.4 by PAMPA assay
24842529,2232062,2754108,COc1ccccc1N1CCN(CCCN2CCN(c3ncccc3C#N)CC2)CC1,permeability,20,10^-6 cm/s,Permeability of compound at pH 7.4 by PAMPA assay
24842530,2232062,2750225,COc1ccccc1N1CCN(CCCN2CCN(C(=O)c3ccccc3)CC2)CC1,permeability,11,10^-6 cm/s,Permeability of compound at pH 7.4 by PAMPA assay
24842531,2232062,2744795,O=C(c1ccccc1)N1CCN(CCCN2CCN(c3ccccc3)CC2)CC1,permeability,20,10^-6 cm/s,Permeability of compound at pH 7.4 by PAMPA assay
24842532,2232062,2744855,COc1ccc(N2CCN(CCCN3CCN(C(=O)c4ccccc4)CC3)CC2)cc1,permeability,23,10^-6 cm/s,Permeability of compound at pH 7.4 by PAMPA assay
24842533,2232062,2766322,O=C(c1ccccc1)N1CCN(CCCN2CCN(c3cccc(Cl)c3Cl)CC2)CC1,permeability,23,10^-6 cm/s,Permeability of compound at pH 7.4 by PAMPA assay
24842534,2232062,2749919,COc1ccccc1N1CCN(CCCN2CCN(C(=O)c3ccccn3)CC2)CC1,permeability,8.7,10^-6 cm/s,Permeability of compound at pH 7.4 by PAMPA assay
24842535,2232062,2760154,O=C(c1ccccn1)N1CCN(CCCN2CCN(c3cccc(Cl)c3Cl)CC2)CC1,permeability,17,10^-6 cm/s,Permeability of compound at pH 7.4 by PAMPA assay
24842536,2232062,2768059,COc1ccccc1N1CCN(CCN2CCN(c3ncccc3C#N)CC2)CC1,permeability,14,10^-6 cm/s,Permeability of compound at pH 7.4 by PAMPA assay
24842537,2232062,2776928,N#Cc1cccnc1N1CCN(CCN2CCN(c3cccc(Cl)c3Cl)CC2)CC1,permeability,7.9,10^-6 cm/s,Permeability of compound at pH 7.4 by PAMPA assay
24842538,2232062,2780612,COc1ccccc1N1CCN(CCN2CCN(C(=O)c3nn(C)c4ccccc34)CC2)CC1,permeability,13,10^-6 cm/s,Permeability of compound at pH 7.4 by PAMPA assay
24842539,2232062,2771254,Cn1nc(C(=O)N2CCN(CCN3CCN(c4cccc(Cl)c4Cl)CC3)CC2)c2ccccc21,permeability,6.8,10^-6 cm/s,Permeability of compound at pH 7.4 by PAMPA assay
24842540,2232062,2773234,COc1ccccc1N1CCN(CCCNC(=O)c2cnccn2)CC1,permeability,25,10^-6 cm/s,Permeability of compound at pH 7.4 by PAMPA assay
24842541,2232062,2742158,N#Cc1cccnc1N1CCN(CCCOc2ccc3c(c2)NC(=O)CC3)CC1,permeability,14,10^-6 cm/s,Permeability of compound at pH 7.4 by PAMPA assay
24842542,2232062,2773029,N#Cc1cccnc1N1CCN(CCCCOc2ccc3c(c2)NC(=O)CC3)CC1,permeability,12,10^-6 cm/s,Permeability of compound at pH 7.4 by PAMPA assay
24842543,2232062,2744050,O=C1CCc2ccc(OCCCCN3CCN(C(=O)c4ccccn4)CC3)cc2N1,permeability,9.4,10^-6 cm/s,Permeability of compound at pH 7.4 by PAMPA assay
24842544,2232062,2046,NS(=O)(=O)c1cc(C(=O)O)c(NCc2ccco2)cc1Cl,permeability,0,10^-6 cm/s,Permeability of compound at pH 7.4 by PAMPA assay
24842545,2232062,62615,NS(=O)(=O)c1cc2c(cc1Cl)N=CNS2(=O)=O,permeability,0.3,10^-6 cm/s,Permeability of compound at pH 7.4 by PAMPA assay
24842546,2232062,10685,CN/C(=C\[N+](=O)[O-])NCCSCc1ccc(CN(C)C)o1,permeability,0,10^-6 cm/s,Permeability of compound at pH 7.4 by PAMPA assay
24842547,2232062,9372,COc1cc2c(cc1OC)C(=O)C(CC1CCN(Cc3ccccc3)CC1)C2,permeability,21,10^-6 cm/s,Permeability of compound at pH 7.4 by PAMPA assay
24842548,2232062,6216,CN(C)CCCN1c2ccccc2Sc2ccc(Cl)cc21,permeability,9.6,10^-6 cm/s,Permeability of compound at pH 7.4 by PAMPA assay
24850052,2233928,2753532,N#Cc1ccc(-c2ccc3c(ccc(=O)n3CCN3CCCCC3)c2)cc1,permeability,8.3,10^-6 cm/s,Permeability of the compound by PAMPA assay
24850053,2233928,2749149,N#Cc1ccc(-c2ccc3c(ccc(=O)n3CC(=O)N3CCCCC3)c2)cc1,permeability,16.1,10^-6 cm/s,Permeability of the compound by PAMPA assay
24850054,2233928,2767569,N#Cc1ccc(Oc2ccc3c(ccc(=O)n3CCN3CCCCC3)c2)cc1,permeability,3.7,10^-6 cm/s,Permeability of the compound by PAMPA assay
24850055,2233928,2741321,N#Cc1ccc(COc2ccc3nc(C(=O)N4CCNCC4)ccc3c2)cc1,permeability,2.7,10^-6 cm/s,Permeability of the compound by PAMPA assay
24850056,2233928,2136027,O=C(c1ccc2cc(Oc3ccc(C(F)(F)F)cc3)ccc2n1)N1CCNCC1,permeability,2.1,10^-6 cm/s,Permeability of the compound by PAMPA assay
24850057,2233928,2181148,O=C(c1ccc2cc(Oc3ccc(S(=O)(=O)C(F)(F)F)cc3)ccc2n1)N1CCNCC1,permeability,0.8,10^-6 cm/s,Permeability of the compound by PAMPA assay
24850058,2233928,2102901,O=C(c1ccc2cc(Oc3ccc(C(F)F)cn3)ccc2n1)N1CCNCC1,permeability,3.3,10^-6 cm/s,Permeability of the compound by PAMPA assay
24850059,2233928,2166564,O=C(c1ccc2cc(Oc3ccc(C(F)(F)F)cn3)ccc2n1)N1CCNCC1,permeability,4.7,10^-6 cm/s,Permeability of the compound by PAMPA assay
24850060,2233928,2133405,O=C(c1ccc2cc(Oc3ccc(OC(F)(F)F)cn3)ccc2n1)N1CCNCC1,permeability,5.1,10^-6 cm/s,Permeability of the compound by PAMPA assay
24850061,2233928,2137769,O=C(c1ccc2cc(Oc3cnc(C(F)(F)F)cn3)ccc2n1)N1CCNCC1,permeability,3.8,10^-6 cm/s,Permeability of the compound by PAMPA assay
24850062,2233928,2127067,O=C(c1ccc2cc(Oc3ncc(C(F)(F)F)cn3)ccc2n1)N1CCNCC1,permeability,1.5,10^-6 cm/s,Permeability of the compound by PAMPA assay
24850063,2233928,2155488,O=C(c1ccc2cc(Oc3ccc(C(F)(F)F)cn3)ccc2n1)N1CCNC(C(F)(F)F)C1,permeability,24.3,10^-6 cm/s,Permeability of the compound by PAMPA assay
24850064,2233928,2105428,O=C(N[C@@H]1CCOC1=O)c1ccc2cc(Oc3ccc(C(F)(F)F)cn3)ccc2n1,permeability,32.7,10^-6 cm/s,Permeability of the compound by PAMPA assay
24850065,2233928,2159551,O=C(NC1CCC1)c1ccc2cc(Oc3ccc(C(F)(F)F)cn3)ccc2n1,permeability,3.4,10^-6 cm/s,Permeability of the compound by PAMPA assay
24850066,2233928,2138803,O=C(N[C@H]1C[C@@H](O)C1)c1ccc2cc(Oc3ccc(C(F)(F)F)cn3)ccc2n1,permeability,19.5,10^-6 cm/s,Permeability of the compound by PAMPA assay
24850067,2233928,2152220,O=C(NC1CC(F)C1)c1ccc2cc(Oc3ccc(C(F)(F)F)cn3)ccc2n1,permeability,16.7,10^-6 cm/s,Permeability of the compound by PAMPA assay
24850068,2233928,2178484,O=C(NC1CC(F)(F)C1)c1ccc2cc(Oc3ccc(C(F)(F)F)cn3)ccc2n1,permeability,12.1,10^-6 cm/s,Permeability of the compound by PAMPA assay
24850069,2233928,2148533,CS(=O)(=O)CCNC(=O)c1ccc2cc(Oc3ccc(C(F)(F)F)cn3)ccc2n1,permeability,18,10^-6 cm/s,Permeability of the compound by PAMPA assay
24850070,2233928,2144736,O=C(c1ccc2cc(Oc3ccc(C(F)(F)F)cn3)ccc2n1)N1CCC1,permeability,66.1,10^-6 cm/s,Permeability of the compound by PAMPA assay
24850071,2233928,2143390,O=C(c1ccc2cc(Oc3ccc(C(F)(F)F)cn3)ccc2n1)N1CC(F)(F)C1,permeability,3.04,10^-6 cm/s,Permeability of the compound by PAMPA assay
24850072,2233928,2157112,CS(=O)(=O)C1CN(C(=O)c2ccc3cc(Oc4ccc(C(F)(F)F)cn4)ccc3n2)C1,permeability,21.5,10^-6 cm/s,Permeability of the compound by PAMPA assay
24850073,2233928,2105955,O=C(c1ccc2cc(Oc3ccc(C(F)(F)F)cn3)ccc2n1)N1CCCC1,permeability,26.3,10^-6 cm/s,Permeability of the compound by PAMPA assay
24850074,2233928,2119641,O=C(c1ccc2cc(Oc3ccc(C(F)(F)F)cn3)ccc2n1)N1CC[C@H](F)C1,permeability,31.6,10^-6 cm/s,Permeability of the compound by PAMPA assay
24850075,2233928,2180256,O=C(c1ccc2cc(Oc3ccc(C(F)(F)F)cn3)ccc2n1)N1CC[C@@H](F)C1,permeability,22.9,10^-6 cm/s,Permeability of the compound by PAMPA assay
24852724,2234319,2766882,O=C(Oc1ccc([N+](=O)[O-])cc1)N1CCN(S(=O)(=O)c2ccc(C3CCCCC3)cc2)CC1,permeability,2.4,10^-7 cm/s,Permeability of the compound by measuring lambda maximum incubated for 18 hrs by PAMPA method
24852725,2234319,2767614,O=C(Oc1ccc([N+](=O)[O-])cc1)N1CCN(S(=O)(=O)c2ccc(Oc3ccccc3)cc2)CC1,permeability,2.3,10^-7 cm/s,Permeability of the compound by measuring lambda maximum incubated for 18 hrs by PAMPA method
24852726,2234319,2774517,O=C(Oc1ccc([N+](=O)[O-])cc1)N1CCN(S(=O)(=O)c2ccc3ccccc3c2)CC1,permeability,2.6,10^-7 cm/s,Permeability of the compound by measuring lambda maximum incubated for 18 hrs by PAMPA method
24852727,2234319,2762703,O=C(Oc1ccc([N+](=O)[O-])cc1)N1CCN(S(=O)(=O)c2ccc(-c3ccc(Cl)c(Cl)c3)cc2)CC1,permeability,2.8,10^-7 cm/s,Permeability of the compound by measuring lambda maximum incubated for 18 hrs by PAMPA method
24852728,2234319,2741167,O=C(Oc1ccc([N+](=O)[O-])cc1)N1CCN(S(=O)(=O)c2ccc(-c3ccccc3)cc2)CC1,permeability,1.9,10^-7 cm/s,Permeability of the compound by measuring lambda maximum incubated for 18 hrs by PAMPA method
24852729,2234319,2771915,CCCCc1ccc(S(=O)(=O)N2CCN(C(=O)Oc3ccc([N+](=O)[O-])cc3)CC2)cc1,permeability,2.6,10^-7 cm/s,Permeability of the compound by measuring lambda maximum incubated for 18 hrs by PAMPA method
24852730,2234319,2770702,O=C(Oc1ccc([N+](=O)[O-])cc1)N1CCN(S(=O)(=O)c2ccc(Oc3ccc(Cl)c(Cl)c3)cc2)CC1,permeability,3.1,10^-7 cm/s,Permeability of the compound by measuring lambda maximum incubated for 18 hrs by PAMPA method
24852731,2234319,2746661,O=C(Oc1ccc([N+](=O)[O-])cc1)N1CCN(S(=O)(=O)c2ccc(Oc3cccc(Cl)c3)cc2)CC1,permeability,2.3,10^-7 cm/s,Permeability of the compound by measuring lambda maximum incubated for 18 hrs by PAMPA method
24852732,2234319,2774768,O=C(Oc1ccc([N+](=O)[O-])cc1)N1CCN(S(=O)(=O)c2ccc(Oc3ccc(Cl)cc3)cc2)CC1,permeability,2.4,10^-7 cm/s,Permeability of the compound by measuring lambda maximum incubated for 18 hrs by PAMPA method
24852733,2234319,2744848,O=C(Oc1ccc([N+](=O)[O-])cc1)N1CCN(S(=O)(=O)c2ccc(Oc3ncc(C(F)(F)F)cc3Cl)cc2)CC1,permeability,2.3,10^-7 cm/s,Permeability of the compound by measuring lambda maximum incubated for 18 hrs by PAMPA method
24852734,2234319,2770074,O=C(Oc1ccc([N+](=O)[O-])cc1)N1CCN(S(=O)(=O)c2ccc(Oc3ccccc3Cl)cc2)CC1,permeability,2.7,10^-7 cm/s,Permeability of the compound by measuring lambda maximum incubated for 18 hrs by PAMPA method
24855324,2234796,2768317,CC(=O)N[C@H]1Cc2cccc(c2)Oc2cccc(c2)C[C@@H](C(=O)NCc2ccc(C)cc2)NC(=O)[C@H](CCc2ccccc2)NC1=O,permeability,22,nm/s,Permeability of the compound in PRISMA HT buffer at pH 7.4 at 10 uM incubated for 3 hrs by PAMPA based LC/MS/MS analysis
24855325,2234796,2751658,CC(=O)N[C@H]1Cc2cccc(c2)Oc2cccc(c2)C[C@@H](C(=O)NCC(F)(F)F)NC(=O)[C@H](CCc2ccccc2)NC1=O,permeability,151,nm/s,Permeability of the compound in PRISMA HT buffer at pH 7.4 at 10 uM incubated for 3 hrs by PAMPA based LC/MS/MS analysis
24855326,2234796,2765343,O=C(NCC(F)(F)F)[C@@H]1Cc2cccc(c2)Oc2cccc(c2)C[C@H](N2CCCC2=O)C(=O)N[C@@H](CCc2ccccc2)C(=O)N1,permeability,214,nm/s,Permeability of the compound in PRISMA HT buffer at pH 7.4 at 10 uM incubated for 3 hrs by PAMPA based LC/MS/MS analysis
24855327,2234796,2753248,O=C(NCC(F)(F)F)[C@@H]1CCCCOc2cccc(c2)C[C@H](N2CCCC2=O)C(=O)N[C@@H](CCc2ccccc2)C(=O)N1,permeability,187,nm/s,Permeability of the compound in PRISMA HT buffer at pH 7.4 at 10 uM incubated for 3 hrs by PAMPA based LC/MS/MS analysis
24855328,2234796,2746780,O=C(NCC(F)(F)F)[C@@H]1COCCOc2cccc(c2)C[C@H](N2CCCC2=O)C(=O)N[C@@H](CCc2ccccc2)C(=O)N1,permeability,120,nm/s,Permeability of the compound in PRISMA HT buffer at pH 7.4 at 10 uM incubated for 3 hrs by PAMPA based LC/MS/MS analysis
24855329,2234796,2765194,O=C(NCC(F)F)[C@@H]1CCCCOc2cccc(c2)C[C@H](N2CCCC2=O)C(=O)N[C@@H](CCc2ccccc2)C(=O)N1,permeability,72,nm/s,Permeability of the compound in PRISMA HT buffer at pH 7.4 at 10 uM incubated for 3 hrs by PAMPA based LC/MS/MS analysis
24855330,2234796,2762584,O=C(NCC1CC1)[C@@H]1CCCCOc2cccc(c2)C[C@H](N2CCCC2=O)C(=O)N[C@@H](CCc2ccccc2)C(=O)N1,permeability,103,nm/s,Permeability of the compound in PRISMA HT buffer at pH 7.4 at 10 uM incubated for 3 hrs by PAMPA based LC/MS/MS analysis
24855331,2234796,2766596,Cn1cc(CNC(=O)[C@@H]2CCCCOc3cccc(c3)C[C@H](N3CCCC3=O)C(=O)N[C@@H](CCc3ccccc3)C(=O)N2)cn1,permeability,11,nm/s,Permeability of the compound in PRISMA HT buffer at pH 7.4 at 10 uM incubated for 3 hrs by PAMPA based LC/MS/MS analysis
24855332,2234796,2754055,O=C1N[C@H](c2nnc(C(F)(F)F)o2)CCCCOc2cccc(c2)C[C@H](N2CCCC2=O)C(=O)N[C@H]1CCc1ccccc1,permeability,160,nm/s,Permeability of the compound in PRISMA HT buffer at pH 7.4 at 10 uM incubated for 3 hrs by PAMPA based LC/MS/MS analysis
24855333,2234796,2776298,O=C1N[C@H](c2nnc(C(F)(F)F)[nH]2)CCCCOc2cccc(c2)C[C@H](N2CCCC2=O)C(=O)N[C@H]1CCc1ccccc1,permeability,82,nm/s,Permeability of the compound in PRISMA HT buffer at pH 7.4 at 10 uM incubated for 3 hrs by PAMPA based LC/MS/MS analysis
24855334,2234796,2750670,O=C(NC1(C(F)(F)F)CC1)[C@@H]1CCCCOc2cccc(c2)C[C@H](N2CCCC2=O)C(=O)N[C@@H](CCc2ccccc2)C(=O)N1,permeability,145,nm/s,Permeability of the compound in PRISMA HT buffer at pH 7.4 at 10 uM incubated for 3 hrs by PAMPA based LC/MS/MS analysis
24855335,2234796,2745990,O=C(NC1CCCC1)[C@@H]1CCCCOc2cccc(c2)C[C@H](N2CCCC2=O)C(=O)N[C@@H](CCc2ccccc2)C(=O)N1,permeability,151,nm/s,Permeability of the compound in PRISMA HT buffer at pH 7.4 at 10 uM incubated for 3 hrs by PAMPA based LC/MS/MS analysis
24855336,2234796,2771376,O=C(NC1CCCC1)[C@@H]1CCCCOc2cccc(c2)C[C@H](N2CCCC2=O)C(=O)N[C@@H](COc2ccccc2)C(=O)N1,permeability,208,nm/s,Permeability of the compound in PRISMA HT buffer at pH 7.4 at 10 uM incubated for 3 hrs by PAMPA based LC/MS/MS analysis
24855337,2234796,2779173,O=C(NC1CCCC1)[C@@H]1CCCCOc2cccc(c2)C[C@H](N2CCCC2=O)C(=O)N[C@@H](CCc2ccc(F)cc2)C(=O)N1,permeability,212,nm/s,Permeability of the compound in PRISMA HT buffer at pH 7.4 at 10 uM incubated for 3 hrs by PAMPA based LC/MS/MS analysis
24855338,2234796,2769907,O=C(NC1CCCC1)[C@@H]1CCCCOc2cccc(c2)C[C@H](N2CCCC2=O)C(=O)N[C@@H](CCN2CCC(F)(F)CC2)C(=O)N1,permeability,133,nm/s,Permeability of the compound in PRISMA HT buffer at pH 7.4 at 10 uM incubated for 3 hrs by PAMPA based LC/MS/MS analysis
24855339,2234796,2744545,O=C(NC1CCCC1)[C@@H]1CCCCOc2cccc(c2)C[C@H](N2CCCC2=O)C(=O)N[C@@H](CCN2CCOCC2)C(=O)N1,permeability,15,nm/s,Permeability of the compound in PRISMA HT buffer at pH 7.4 at 10 uM incubated for 3 hrs by PAMPA based LC/MS/MS analysis
24855340,2234796,2769333,CC1(C)Cc2cccc(c2)OCCCC[C@@H](C(=O)NC2CCCC2)NC(=O)[C@H](CCN2CCOCC2)NC1=O,permeability,269,nm/s,Permeability of the compound in PRISMA HT buffer at pH 7.4 at 10 uM incubated for 3 hrs by PAMPA based LC/MS/MS analysis
24855341,2234796,2770155,O=C(NC1CCCC1)[C@@H]1CCCCOc2cccc(c2)CC2(COC2)C(=O)N[C@@H](CCN2CCOCC2)C(=O)N1,permeability,89,nm/s,Permeability of the compound in PRISMA HT buffer at pH 7.4 at 10 uM incubated for 3 hrs by PAMPA based LC/MS/MS analysis
24855342,2234796,2745499,CN[C@H]1Cc2cccc(c2)OCCCC[C@@H](C(=O)NC2CCCC2)NC(=O)[C@H](CCN2CCOCC2)NC1=O,permeability,0,nm/s,Permeability of the compound in PRISMA HT buffer at pH 7.4 at 10 uM incubated for 3 hrs by PAMPA based LC/MS/MS analysis
24855343,2234796,2758463,CN(C)[C@H]1Cc2cccc(c2)OCCCC[C@@H](C(=O)NC2CCCC2)NC(=O)[C@H](CCN2CCOCC2)NC1=O,permeability,20,nm/s,Permeability of the compound in PRISMA HT buffer at pH 7.4 at 10 uM incubated for 3 hrs by PAMPA based LC/MS/MS analysis
24855344,2234796,2769311,O=C(NC1CCCC1)[C@@H]1CCCCOc2cccc(c2)C[C@H](N2CCC2)C(=O)N[C@@H](CCN2CCOCC2)C(=O)N1,permeability,0,nm/s,Permeability of the compound in PRISMA HT buffer at pH 7.4 at 10 uM incubated for 3 hrs by PAMPA based LC/MS/MS analysis
24860520,2236063,2772069,O=c1cc(Cc2ccccn2)[nH]c2nc(Nc3c4c(cc5c3CCC5)CCC4)nn12,permeability,0.18,nm/s,Permeability of compound in pH 7.4 phosphate buffered saline at 10 uM measured after 4 hrs by PAMPA
24860521,2236063,2776658,O=c1cc(CC2CCCCO2)[nH]c2nc(Nc3c4c(cc5c3CCC5)CCC4)nn12,permeability,0.38,nm/s,Permeability of compound in pH 7.4 phosphate buffered saline at 10 uM measured after 4 hrs by PAMPA
24860522,2236063,2767370,S=c1cc(Cc2ccccn2)[nH]c2nc(Nc3c4c(cc5c3CCC5)CCC4)nn12,permeability,0.18,nm/s,Permeability of compound in pH 7.4 phosphate buffered saline at 10 uM measured after 4 hrs by PAMPA
24860523,2236063,2756731,S=c1cc(CC2CCCCO2)[nH]c2nc(Nc3c4c(cc5c3CCC5)CCC4)nn12,permeability,0.004,nm/s,Permeability of compound in pH 7.4 phosphate buffered saline at 10 uM measured after 4 hrs by PAMPA
24864660,2237523,72873,C/C=C/C[C@@H](C)[C@@H](O)[C@H]1C(=O)N[C@@H](CC)C(=O)N(C)CC(=O)N(C)[C@@H](CC(C)C)C(=O)N[C@@H](C(C)C)C(=O)N(C)[C@@H](CC(C)C)C(=O)N[C@@H](C)C(=O)N[C@H](C)C(=O)N(C)[C@@H](CC(C)C)C(=O)N(C)[C@@H](CC(C)C)C(=O)N(C)[C@@H](C(C)C)C(=O)N1C,permeability,1.97,10^-6 cm/s,Permeability in PBS buffer measured after 18 hrs by PAMPA based LC-MS analysis
24864661,2237523,2754863,CCC[C@@H]1NC(=O)[C@H](CC(C)C)N(C)C(=O)[C@H](C(C)C)N(C)C(=O)[C@H](CC(C)C)N(C)C(=O)[C@H](CC(C)C)N(C)C(=O)[C@@H](C)NC(=O)[C@H](C)NC(=O)[C@H](CC(C)C)N(C)C(=O)[C@H](C(C)C)NC(=O)[C@H](CC(C)C)N(C)C(=O)CN(C)C1=O,permeability,0.29,10^-6 cm/s,Permeability in PBS buffer measured after 18 hrs by PAMPA based LC-MS analysis
24864662,2237523,2753114,CCC[C@@H]1NC(=O)[C@H](CC(C)C)N(C)C(=O)[C@H](CC(C)C)N(C)C(=O)[C@H](CC(C)C)N(C)C(=O)[C@H](CC(C)C)N(C)C(=O)[C@@H](C)NC(=O)[C@H](C)NC(=O)[C@H](CC(C)C)N(C)C(=O)[C@H](C(C)C)NC(=O)[C@H](CC(C)C)N(C)C(=O)CN(C)C1=O,permeability,0.06,10^-6 cm/s,Permeability in PBS buffer measured after 18 hrs by PAMPA based LC-MS analysis
24864663,2237523,2756970,CCC[C@@H]1NC(=O)[C@H](CC(C)C)N(C)C(=O)[C@H](C(C)C)N(C)C(=O)[C@H](CC(C)C)N(C)C(=O)[C@H](CC(C)C)N(C)C(=O)[C@@H](C)NC(=O)[C@H](CCC(N)=O)NC(=O)[C@H](CC(C)C)N(C)C(=O)[C@H](C(C)C)NC(=O)[C@H](CC(C)C)N(C)C(=O)CN(C)C1=O,permeability,0.004,10^-6 cm/s,Permeability in PBS buffer measured after 18 hrs by PAMPA based LC-MS analysis
24864664,2237523,2754501,CCC[C@@H]1NC(=O)[C@H](CC(C)C)N(C)C(=O)[C@H](CC(C)C)N(C)C(=O)[C@H](CC(C)C)N(C)C(=O)[C@H](CC(C)C)N(C)C(=O)[C@@H](C)NC(=O)[C@H](CCC(N)=O)NC(=O)[C@H](CC(C)C)N(C)C(=O)[C@H](C(C)C)NC(=O)[C@H](CC(C)C)N(C)C(=O)CN(C)C1=O,permeability,0.009,10^-6 cm/s,Permeability in PBS buffer measured after 18 hrs by PAMPA based LC-MS analysis
24864665,2237523,15086,NC(=O)N1c2ccccc2C=Cc2ccccc21,permeability,11,10^-6 cm/s,Permeability in PBS buffer measured after 18 hrs by PAMPA based LC-MS analysis
24887300,2243447,2745433,CC(C)(C)c1cc(Cl)c(Cl)cc1-n1c(O)nnc1Sc1ccc(C(F)(F)F)cn1,permeability,2.1,10^-6 cm/s,Passive permeability of the compound across apical to basolateral at 100 uM incubated for 5 hrs by PAMPA assay
24887302,2243447,2769422,CN1CCCN(Cc2cccc(C(=O)Nc3sc4c(c3C(=O)N/N=C/c3ccc(Cl)c(C(F)(F)F)c3)CCN(C3CC3)C4)c2)CC1,permeability,0.12,10^-6 cm/s,Passive permeability of the compound across apical to basolateral at 100 uM incubated for 5 hrs by PAMPA assay
24887303,2243447,2776248,CN(C)C1CCN(Cc2cccc(C(=O)Nc3sc4c(c3C(=O)N/N=C/c3ccc(Cl)c(C(F)(F)F)c3)CCN(C3CC3)C4)c2)CC1,permeability,0.068,10^-6 cm/s,Passive permeability of the compound across apical to basolateral at 100 uM incubated for 5 hrs by PAMPA assay
24887304,2243447,2774314,CN(C)CCN1CCN(Cc2cccc(C(=O)Nc3sc4c(c3C(=O)N/N=C/c3ccc(Cl)c(C(F)(F)F)c3)CCN(C3CC3)C4)c2)CC1,permeability,0.068,10^-6 cm/s,Passive permeability of the compound across apical to basolateral at 100 uM incubated for 5 hrs by PAMPA assay
24887305,2243447,2766122,CCN(CC)CCCN(C)Cc1cccc(C(=O)Nc2sc3c(c2C(=O)N/N=C/c2ccc(Cl)c(C(F)(F)F)c2)CCN(C2CC2)C3)c1,permeability,0.051,10^-6 cm/s,Passive permeability of the compound across apical to basolateral at 100 uM incubated for 5 hrs by PAMPA assay
24887306,2243447,2759865,CCN(CC)CCCN(C)Cc1cccc(C(=O)Nc2sc3c(c2C(=O)N/N=C/c2ccc(Cl)c(C(F)(F)F)c2)CCC(C)(O)C3)c1,permeability,0.26,10^-6 cm/s,Passive permeability of the compound across apical to basolateral at 100 uM incubated for 5 hrs by PAMPA assay
24887308,2243447,2745559,CC1(C)CCc2c(sc(NC(=O)c3cccc(OCCOCCOCCOCCC(=O)O)c3)c2C(=O)N/N=C/c2ccc(Cl)c(C(F)(F)F)c2)C1,permeability,0.56,10^-6 cm/s,Passive permeability of the compound across apical to basolateral at 100 uM incubated for 5 hrs by PAMPA assay
24887309,2243447,2760743,CCN(CC)CCOCCOCCOc1cccc(C(=O)Nc2sc3c(c2C(=O)N/N=C/c2ccc(Cl)c(C(F)(F)F)c2)CCC(C)(C)C3)c1,permeability,0.025,10^-6 cm/s,Passive permeability of the compound across apical to basolateral at 100 uM incubated for 5 hrs by PAMPA assay
24887310,2243447,2779781,CCN(CC)CCOCCOCCOc1cccc(C(=O)Nc2sc3c(c2C(=O)N/N=C/c2ccc(Cl)c(C(F)(F)F)c2)CCN(C2CC2)C3)c1,permeability,0.23,10^-6 cm/s,Passive permeability of the compound across apical to basolateral at 100 uM incubated for 5 hrs by PAMPA assay
24887311,2243447,2765630,CCN(CC)C[C@@H](O)COCCOCCOCCOc1cccc(C(=O)Nc2sc3c(c2C(=O)N/N=C/c2ccc(Cl)c(C(F)(F)F)c2)CCC(C)(C)C3)c1,permeability,0.025,10^-6 cm/s,Passive permeability of the compound across apical to basolateral at 100 uM incubated for 5 hrs by PAMPA assay
24887313,2243447,2742963,COCCN(CCOCCOCCOCCOCCOCCOCc1cccc(C(=O)Nc2sc3c(c2C(=O)N/N=C/c2ccc(Cl)c(C(F)(F)F)c2)CCC(C)(C)C3)c1)CC(=O)O,permeability,0.025,10^-6 cm/s,Passive permeability of the compound across apical to basolateral at 100 uM incubated for 5 hrs by PAMPA assay
24893447,2244845,2345032,N=C(N)NCCCCCCCCN(CCCCCCCCNC(=N)NCC1CC1)C(=O)N(CCCCCCCCNC(=N)N)CCCCCCCCNC(=N)NCC1CC1,Papp,1.88,10^-6 cm/s,Apparent permeability of the compound across bacterial inner membrane mimic pure POPG in PBS buffer at pH 7.4 incubated for 5 hrs by PAMPA based UV-Vis spectrophotometric analysis
24893448,2244845,2740721,N=C(NCCCCCCCCNC(N)=O)NCC1CC1.O=C(O)C(F)(F)F,Papp,6.1,10^-6 cm/s,Apparent permeability of the compound across bacterial inner membrane mimic pure POPG in PBS buffer at pH 7.4 incubated for 5 hrs by PAMPA based UV-Vis spectrophotometric analysis
24893449,2244845,2746659,CCCCCCCCN(CCCCCCCCNC(=N)NCC1CC1)C(=O)N(CCCCCCNC(=N)NCC1CC1)CCCCCCNC(=N)NCC1CC1,Papp,0.18,10^-6 cm/s,Apparent permeability of the compound across bacterial inner membrane mimic pure POPG in PBS buffer at pH 7.4 incubated for 5 hrs by PAMPA based UV-Vis spectrophotometric analysis
24893450,2244845,2775611,N=C(N)NCCCCCCCCN(CCCCCCCCN)C(=O)N(CCCCCCCCN)CCCCCCCCNC(=N)N.O=C(O)C(F)(F)F,Papp,0.19,10^-6 cm/s,Apparent permeability of the compound across bacterial inner membrane mimic pure POPG in PBS buffer at pH 7.4 incubated for 5 hrs by PAMPA based UV-Vis spectrophotometric analysis
24893451,2244845,2745885,N=C(N)NCCCCCCCCN(CCCCCCCCNC(=N)NCC1CC1)C(=O)N(CCCCCCCCNC(=N)NCC1CC1)CCCCCCCCNC(=N)NCC1CC1.O=C(O)C(F)(F)F,Papp,0.26,10^-6 cm/s,Apparent permeability of the compound across bacterial inner membrane mimic pure POPG in PBS buffer at pH 7.4 incubated for 5 hrs by PAMPA based UV-Vis spectrophotometric analysis
24893452,2244845,27340,O=C(N[C@H](CO)[C@H](O)c1ccc([N+](=O)[O-])cc1)C(Cl)Cl,Papp,0.06,10^-6 cm/s,Apparent permeability of the compound across bacterial inner membrane mimic pure POPG in PBS buffer at pH 7.4 incubated for 5 hrs by PAMPA based UV-Vis spectrophotometric analysis
24893453,2244845,16485,Cn1c(=O)c2c(ncn2C)n(C)c1=O,Papp,1.95,10^-6 cm/s,Apparent permeability of the compound across bacterial inner membrane mimic pure POPG in PBS buffer at pH 7.4 incubated for 5 hrs by PAMPA based UV-Vis spectrophotometric analysis
24893464,2244849,2345032,N=C(N)NCCCCCCCCN(CCCCCCCCNC(=N)NCC1CC1)C(=O)N(CCCCCCCCNC(=N)N)CCCCCCCCNC(=N)NCC1CC1,Papp,0.74,10^-6 cm/s,Apparent permeability of the compound across bacterial inner membrane mimic POPE/POPG (6:4) in PBS buffer at pH 7.4 incubated for 5 hrs by PAMPA based UV-Vis spectrophotometric analysis
24893465,2244849,2740721,N=C(NCCCCCCCCNC(N)=O)NCC1CC1.O=C(O)C(F)(F)F,Papp,3.48,10^-6 cm/s,Apparent permeability of the compound across bacterial inner membrane mimic POPE/POPG (6:4) in PBS buffer at pH 7.4 incubated for 5 hrs by PAMPA based UV-Vis spectrophotometric analysis
24893466,2244849,2746659,CCCCCCCCN(CCCCCCCCNC(=N)NCC1CC1)C(=O)N(CCCCCCNC(=N)NCC1CC1)CCCCCCNC(=N)NCC1CC1,Papp,0.13,10^-6 cm/s,Apparent permeability of the compound across bacterial inner membrane mimic POPE/POPG (6:4) in PBS buffer at pH 7.4 incubated for 5 hrs by PAMPA based UV-Vis spectrophotometric analysis
24893467,2244849,2775611,N=C(N)NCCCCCCCCN(CCCCCCCCN)C(=O)N(CCCCCCCCN)CCCCCCCCNC(=N)N.O=C(O)C(F)(F)F,Papp,0.18,10^-6 cm/s,Apparent permeability of the compound across bacterial inner membrane mimic POPE/POPG (6:4) in PBS buffer at pH 7.4 incubated for 5 hrs by PAMPA based UV-Vis spectrophotometric analysis
24893468,2244849,2745885,N=C(N)NCCCCCCCCN(CCCCCCCCNC(=N)NCC1CC1)C(=O)N(CCCCCCCCNC(=N)NCC1CC1)CCCCCCCCNC(=N)NCC1CC1.O=C(O)C(F)(F)F,Papp,0.3,10^-6 cm/s,Apparent permeability of the compound across bacterial inner membrane mimic POPE/POPG (6:4) in PBS buffer at pH 7.4 incubated for 5 hrs by PAMPA based UV-Vis spectrophotometric analysis
24893469,2244849,27340,O=C(N[C@H](CO)[C@H](O)c1ccc([N+](=O)[O-])cc1)C(Cl)Cl,Papp,1.12,10^-6 cm/s,Apparent permeability of the compound across bacterial inner membrane mimic POPE/POPG (6:4) in PBS buffer at pH 7.4 incubated for 5 hrs by PAMPA based UV-Vis spectrophotometric analysis
24893470,2244849,16485,Cn1c(=O)c2c(ncn2C)n(C)c1=O,Papp,1.98,10^-6 cm/s,Apparent permeability of the compound across bacterial inner membrane mimic POPE/POPG (6:4) in PBS buffer at pH 7.4 incubated for 5 hrs by PAMPA based UV-Vis spectrophotometric analysis
24893864,2244929,2566657,CC(C)C[C@@H](N)C(=O)Nc1ccc(-c2cnco2)c(OC(F)F)c1,permeability,91.8,10^-6 cm/s,Permeability of the compound at pH 7.4 by PAMPA
24893865,2244929,2779524,CCc1nc([C@@H](N)CC(C)C)nc2ccc(-c3cnco3)cc12,permeability,90.7,10^-6 cm/s,Permeability of the compound at pH 7.4 by PAMPA
24893866,2244929,2753662,CC(C)C[C@@H](N)c1cc(C#N)c2cc(-c3ccncc3)ccc2n1,permeability,30.7,10^-6 cm/s,Permeability of the compound at pH 7.4 by PAMPA
24893867,2244929,2773582,CC(C)C[C@H](N)c1cc(C#N)c2cc(-c3ccncc3)ccc2n1,permeability,96.9,10^-6 cm/s,Permeability of the compound at pH 7.4 by PAMPA
24893868,2244929,2766130,CC(C)C[C@H](N)c1cc(C#N)c2cc(-c3cnco3)ccc2n1,permeability,93,10^-6 cm/s,Permeability of the compound at pH 7.4 by PAMPA
24893869,2244929,2773119,CCc1nc([C@@H](N)CC(C)C)nc2cc(OC)c(-c3cnco3)cc12,permeability,78.5,10^-6 cm/s,Permeability of the compound at pH 7.4 by PAMPA
24902893,2246983,2755612,COC(=O)Nc1cc(-c2cnc(OC[C@@](C)(N)CC(C)C)c(C)c2)ccn1,permeability,697,nm/s,Permeability of compound at pH 7.4 incubated for 4 hrs by PAMPA assay
24902894,2246983,2741807,COC(=O)Nc1cc(-c2ccc(OC[C@@](C)(N)CC(C)C)c(C)n2)ccn1,permeability,864,nm/s,Permeability of compound at pH 7.4 incubated for 4 hrs by PAMPA assay
24902895,2246983,2770929,CC(C)C[C@](C)(N)COc1cnc(-c2ccnc(C(F)F)c2)cc1C(F)F,permeability,458,nm/s,Permeability of compound at pH 7.4 incubated for 4 hrs by PAMPA assay
24903793,2247198,2744415,CC(C)C[C@@H]1NC(=O)[C@@H](CC(C)C)NC(=O)[C@@H](CC(C)C)NC(=O)C(CCC(=O)N2CCCC2)NC(=O)[C@@H](CC(C)C)NC(=O)[C@H]2CCCN2C1=O,Papp,1.1,10^-6 cm/s,Apparent permeability of the compound after 15 hrs by UPLC-MS based PAMPA
24903794,2247198,2761481,CC(C)C[C@@H]1NC(=O)[C@@H](CC(C)C)NC(=O)[C@@H](CC(C)C)NC(=O)[C@@H](CC(C)C)NC(=O)C(CCC(=O)N2CCCC2)NC(=O)[C@H]2CCCN2C1=O,Papp,0.56,10^-6 cm/s,Apparent permeability of the compound after 15 hrs by UPLC-MS based PAMPA
24903795,2247198,2742837,CC(C)C[C@@H]1NC(=O)[C@@H](CC(C)C)NC(=O)[C@@H](CC(C)C)NC(=O)[C@@H](CC(C)C)NC(=O)[C@@H](CC(C)C)NC(=O)[C@H]2CCCN2C1=O,Papp,5.3,10^-6 cm/s,Apparent permeability of the compound after 15 hrs by UPLC-MS based PAMPA
24903796,2247198,2777824,CC(C)C[C@@H]1NC(=O)[C@@H](CC(C)C)NC(=O)[C@@H](CC(C)C)NC(=O)[C@@H](CC(C)C)NC(=O)[C@H]2CCCN2C(=O)[C@H](CC(C)C)NC1=O,Papp,8.1,10^-6 cm/s,Apparent permeability of the compound after 15 hrs by UPLC-MS based PAMPA
24903797,2247198,2745286,CC(C)C[C@@H]1NC(=O)C(C2CCCCC2)NC(=O)[C@@H](CC(C)C)NC(=O)C(CC2CCCCC2)NC(=O)[C@@H](CC(C)C)NC(=O)[C@H]2CCCN2C1=O,Papp,14,10^-6 cm/s,Apparent permeability of the compound after 15 hrs by UPLC-MS based PAMPA
24903798,2247198,2757718,CC(C)C[C@@H]1NC(=O)[C@@H](CC(C)C)NC(=O)[C@H](CC(C)C)NC(=O)[C@@H](CC(=O)N(C)C)NC(=O)[C@H]2CCCN2C(=O)[C@H](CC(C)C)NC1=O,Papp,0.28,10^-6 cm/s,Apparent permeability of the compound after 15 hrs by UPLC-MS based PAMPA
24903799,2247198,2770364,CC(C)C[C@@H]1NC(=O)[C@@H](CC(C)C)NC(=O)[C@H](CC(C)C)NC(=O)[C@@H](CC(=O)N2CCCC2)NC(=O)[C@H]2CCCN2C(=O)[C@H](CC(C)C)NC1=O,Papp,0.56,10^-6 cm/s,Apparent permeability of the compound after 15 hrs by UPLC-MS based PAMPA
24903800,2247198,2748421,CC(C)C[C@@H]1NC(=O)[C@@H](CC(C)C)NC(=O)[C@H](CC(C)C)NC(=O)[C@@H](CCC(=O)N(C)C)NC(=O)[C@H]2CCCN2C(=O)[C@H](CC(C)C)NC1=O,Papp,0.7,10^-6 cm/s,Apparent permeability of the compound after 15 hrs by UPLC-MS based PAMPA
24903801,2247198,2743923,COC(=O)CC[C@H]1NC(=O)[C@H]2CCCN2C(=O)[C@H](CC(C)C)NC(=O)[C@H](CC(C)C)NC(=O)[C@@H](CC(C)C)NC(=O)[C@H](CC(C)C)NC1=O,Papp,2,10^-6 cm/s,Apparent permeability of the compound after 15 hrs by UPLC-MS based PAMPA
24903802,2247198,2745701,CC(C)C[C@@H]1NC(=O)[C@@H](CC(C)C)NC(=O)[C@@H](CC(C)C)NC(=O)[C@@H](CC(C)C)NC(=O)[C@H]2CCCN2C(=O)C(CCC(=O)N2CCCC2)NC1=O,Papp,0.66,10^-6 cm/s,Apparent permeability of the compound after 15 hrs by UPLC-MS based PAMPA
24903803,2247198,2747431,CC(C)C[C@@H]1NC(=O)C(CCC(=O)N2CCCC2)NC(=O)[C@@H](CC(C)C)NC(=O)[C@@H](CC(C)C)NC(=O)[C@@H](CC(C)C)NC(=O)[C@H]2CCCN2C1=O,Papp,0.32,10^-6 cm/s,Apparent permeability of the compound after 15 hrs by UPLC-MS based PAMPA
24903804,2247198,2770113,CC(C)C[C@@H]1NC(=O)C(CCC(=O)N2CCCC2)NC(=O)[C@@H](CC(C)C)NC(=O)[C@@H](CC(C)C)NC(=O)[C@H]2CCCN2C(=O)[C@H](CC(C)C)NC1=O,Papp,0.3,10^-6 cm/s,Apparent permeability of the compound after 15 hrs by UPLC-MS based PAMPA
24903805,2247198,2778100,CC(C)C[C@@H]1NC(=O)[C@@H](CC(C)C)NC(=O)C(CCC(=O)N2CCCC2)NC(=O)[C@@H](CC(C)C)NC(=O)[C@H]2CCCN2C(=O)[C@H](CC(C)C)NC1=O,Papp,0.66,10^-6 cm/s,Apparent permeability of the compound after 15 hrs by UPLC-MS based PAMPA
24903806,2247198,2755967,CC(C)C[C@@H]1NC(=O)[C@@H](CC(C)C)NC(=O)[C@@H](CC(C)C)NC(=O)C(CCC(=O)N2CCCC2)NC(=O)[C@H]2CCCN2C(=O)[C@H](CC(C)C)NC1=O,Papp,1.7,10^-6 cm/s,Apparent permeability of the compound after 15 hrs by UPLC-MS based PAMPA
24903807,2247198,2766096,CC(C)C[C@@H]1NC(=O)[C@@H](CC(C)C)NC(=O)C(CCC(=O)N2CCCC2)NC(=O)[C@@H](CC(C)C)NC(=O)[C@@H](CC(C)C)NC(=O)[C@H]2CCCN2C1=O,Papp,1.3,10^-6 cm/s,Apparent permeability of the compound after 15 hrs by UPLC-MS based PAMPA
24903808,2247198,2748200,CC(C)C[C@@H]1NC(=O)[C@@H](CCC(=O)N2CCCC2)NC(=O)[C@@H](CC(C)C)NC(=O)[C@@H](CC(C)C)NC(=O)[C@@H](CC(C)C)NC(=O)[C@H]2CCCN2C1=O,Papp,0.13,10^-6 cm/s,Apparent permeability of the compound after 15 hrs by UPLC-MS based PAMPA
24903809,2247198,2741232,CC(C)C[C@H]1NC(=O)[C@H]2CCCN2C(=O)C(CCC(=O)N2CCCC2)NC(=O)[C@@H](CC(C)C)NC(=O)[C@@H](CC(C)C)NC(=O)[C@@H](CC(C)C)NC1=O,Papp,1.5,10^-6 cm/s,Apparent permeability of the compound after 15 hrs by UPLC-MS based PAMPA
24903810,2247198,2777187,CC(C)C[C@@H]1NC(=O)[C@@H](CC(C)C)NC(=O)[C@H](CC(C)C)NC(=O)[C@@H](CC(C)C)NC(=O)[C@H]2CCCN2C(=O)[C@H](CC(C)C)NC1=O,Papp,8,10^-6 cm/s,Apparent permeability of the compound after 15 hrs by UPLC-MS based PAMPA
24903811,2247198,2764456,CC(C)C[C@@H]1NC(=O)C(CCC(=O)N2CCCC2)NC(=O)[C@H]2CCCN2C(=O)[C@H](CC(C)C)NC(=O)[C@H](CC(C)C)NC(=O)[C@@H](CC(C)C)NC1=O,Papp,1.5,10^-6 cm/s,Apparent permeability of the compound after 15 hrs by UPLC-MS based PAMPA
24903812,2247198,2759999,CC(C)CC1NC(=O)[C@H]2CCCN2C(=O)[C@H](CC(C)C)NC(=O)[C@H](CC(C)C)NC(=O)[C@@H](CC(C)C)NC(=O)C(CCC(=O)N2CCCC2)NC1=O,Papp,0.23,10^-6 cm/s,Apparent permeability of the compound after 15 hrs by UPLC-MS based PAMPA
24903813,2247198,2744628,CC(C)CC1NC(=O)[C@H]2CCCN2C(=O)[C@H](CC(C)C)NC(=O)[C@H](CC(C)C)NC(=O)C(CCC(=O)N2CCCC2)NC(=O)[C@H](CC(C)C)NC1=O,Papp,0.14,10^-6 cm/s,Apparent permeability of the compound after 15 hrs by UPLC-MS based PAMPA
24903814,2247198,2770872,CC(C)CC1NC(=O)[C@H]2CCCN2C(=O)[C@H](CC(C)C)NC(=O)C(CCC(=O)N2CCCC2)NC(=O)[C@@H](CC(C)C)NC(=O)[C@H](CC(C)C)NC1=O,Papp,0.28,10^-6 cm/s,Apparent permeability of the compound after 15 hrs by UPLC-MS based PAMPA
24903815,2247198,2775141,CC(C)CC1NC(=O)[C@H]2CCCN2C(=O)C(CCC(=O)N2CCCC2)NC(=O)[C@H](CC(C)C)NC(=O)[C@@H](CC(C)C)NC(=O)[C@H](CC(C)C)NC1=O,Papp,0.18,10^-6 cm/s,Apparent permeability of the compound after 15 hrs by UPLC-MS based PAMPA
24908376,2248270,2762762,COC(=O)[C@H](CC(C)C)Nc1nc(Cl)nc(N[C@H]2CC[C@H](Nc3nc(Cl)nc(N[C@@H](CC(C)C)C(=O)OC)n3)CC2)n1,Papp,0.023,10^-6 cm/s,Permeability of the compound in PBS at pH 7.4 incubated for 5 hrs by LC/MS based PAMPA assay
24908377,2248270,2746065,CC(=O)Nc1ccc(Nc2ncnc(N[C@@H](CC(C)C)C(=O)OC(C)(C)C)n2)cc1,Papp,6.07,10^-6 cm/s,Permeability of the compound in PBS at pH 7.4 incubated for 5 hrs by LC/MS based PAMPA assay
24908378,2248270,2741282,CC(=O)Nc1ccc(Nc2ncnc(N[C@@H](CC(C)C)C(=O)O)n2)cc1,Papp,0.001,10^-6 cm/s,Permeability of the compound in PBS at pH 7.4 incubated for 5 hrs by LC/MS based PAMPA assay
24908379,2248270,2752057,CC(=O)Nc1ccc(Nc2ncnc(NCCC(=O)OC(C)(C)C)n2)cc1,Papp,0.94,10^-6 cm/s,Permeability of the compound in PBS at pH 7.4 incubated for 5 hrs by LC/MS based PAMPA assay
24908380,2248270,2764721,CC(=O)Nc1ccc(Nc2ncnc(N[C@@H](Cc3ccccc3)C(=O)OC(C)(C)C)n2)cc1,Papp,7.35,10^-6 cm/s,Permeability of the compound in PBS at pH 7.4 incubated for 5 hrs by LC/MS based PAMPA assay
24912230,2249493,309549,O=C(O)c1nc(-c2cccs2)nc(O)c1O,permeability,0,10^-6 cm/s,Apparent permeability coefficient of the compound incubated for 5 hrs by LC-MS/MS analysis based PAMPA method
24912231,2249493,2756269,O=C(O)c1nc(-c2ccc(F)cc2)[nH]c(=O)c1O,permeability,0,10^-6 cm/s,Apparent permeability coefficient of the compound incubated for 5 hrs by LC-MS/MS analysis based PAMPA method
24912232,2249493,309684,COC(=O)c1nc(-c2cccs2)nc(O)c1O,permeability,0.9,10^-6 cm/s,Apparent permeability coefficient of the compound incubated for 5 hrs by LC-MS/MS analysis based PAMPA method
24912233,2249493,2759338,O=C(O)c1nc(-c2ccc(-c3ccccc3)cc2)[nH]c(=O)c1O,permeability,0.06,10^-6 cm/s,Apparent permeability coefficient of the compound incubated for 5 hrs by LC-MS/MS analysis based PAMPA method
24912234,2249493,2755447,Cc1ccc(Cc2nc(C(=O)O)c(O)c(=O)[nH]2)cc1,permeability,0.07,10^-6 cm/s,Apparent permeability coefficient of the compound incubated for 5 hrs by LC-MS/MS analysis based PAMPA method
24912235,2249493,2754021,COC(=O)c1nc(Cc2ccc(Cl)c(Cl)c2)[nH]c(=O)c1O,permeability,3.1,10^-6 cm/s,Apparent permeability coefficient of the compound incubated for 5 hrs by LC-MS/MS analysis based PAMPA method
24912236,2249493,560900,O=C(O)c1nc(Cc2ccc(Cl)c(Cl)c2)nc(O)c1O,permeability,0.05,10^-6 cm/s,Apparent permeability coefficient of the compound incubated for 5 hrs by LC-MS/MS analysis based PAMPA method
24912237,2249493,2772535,O=C(O)c1nc(Cc2cccs2)[nH]c(=O)c1O,permeability,0,10^-6 cm/s,Apparent permeability coefficient of the compound incubated for 5 hrs by LC-MS/MS analysis based PAMPA method
24912238,2249493,2777177,COc1ccc(CNC(=O)c2nc(C)[nH]c(=O)c2O)cc1,permeability,12.4,10^-6 cm/s,Apparent permeability coefficient of the compound incubated for 5 hrs by LC-MS/MS analysis based PAMPA method
24912239,2249493,361287,O=C(NCc1ccc(F)cc1)c1nc(-c2cccs2)nc(O)c1O,permeability,1.1,10^-6 cm/s,Apparent permeability coefficient of the compound incubated for 5 hrs by LC-MS/MS analysis based PAMPA method
24929323,2254362,2352654,C[C@@H]1CN(c2ncc(Cl)c(Nc3ccc4c(c3)n(CCC(C)(C)O)c(=O)n4C)n2)C[C@H](C)C1(F)F,permeability,33,10^-6 cm/s,Passive membrane permeability of compound in phosphate buffered saline at pH 7.4 at 10 uM incubated for 16 hrs by PAMPA assay based TQ-S LC-MS/MS analysis
24929324,2254362,2771288,C[C@H]1C[C@@H](O)CN(c2ncc(Cl)c(Nc3ccc4c(c3)n(CCC(C)(C)O)c(=O)n4C)n2)C1,permeability,23,10^-6 cm/s,Passive membrane permeability of compound in phosphate buffered saline at pH 7.4 at 10 uM incubated for 16 hrs by PAMPA assay based TQ-S LC-MS/MS analysis
24929325,2254362,2775736,Cn1c(=O)c2c(c3cc(Nc4nc(N5CCC(F)(F)[C@@H](CO)C5)ncc4Cl)ccc31)N[C@@H](C1CC1)C(F)(F)CO2,permeability,21,10^-6 cm/s,Passive membrane permeability of compound in phosphate buffered saline at pH 7.4 at 10 uM incubated for 16 hrs by PAMPA assay based TQ-S LC-MS/MS analysis
24929326,2254362,2776619,C[C@H]1C[C@@H](O)CN(c2ncc(Cl)c(Nc3ccc4c(c3)c3c(c(=O)n4C)OCC(F)(F)[C@H](C4CC4)N3)n2)C1,permeability,24,10^-6 cm/s,Passive membrane permeability of compound in phosphate buffered saline at pH 7.4 at 10 uM incubated for 16 hrs by PAMPA assay based TQ-S LC-MS/MS analysis
24929327,2254362,2767881,C[C@@H]1C[C@H](O)CN(c2ncc(Cl)c(Nc3ccc4c(c3)c3c(c(=O)n4C)OCC(F)(F)[C@H](C4CC4)N3)n2)C1,permeability,16,10^-6 cm/s,Passive membrane permeability of compound in phosphate buffered saline at pH 7.4 at 10 uM incubated for 16 hrs by PAMPA assay based TQ-S LC-MS/MS analysis
24930284,2254668,875658,N=c1c2c(-c3ccccc3)c(-c3ccccc3)n(Cc3ccccc3)c2ncn1CCCO,permeability,1000,10^-6 cm/s,Permeability of the compound at pH 7.4 incubated for 30 mins by UV plate reader based PAMPA assay
24930285,2254668,2464864,N=c1c2c(-c3ccccc3)c(-c3ccccc3)n(Cc3ccccc3)c2ncn1[C@H]1CC[C@H](O)CC1,permeability,1000,10^-6 cm/s,Permeability of the compound at pH 7.4 incubated for 30 mins by UV plate reader based PAMPA assay
24930286,2254668,891539,N=c1c2c(-c3ccccc3)c(-c3ccccc3)n(Cc3ccccc3)c2ncn1CCO,permeability,1000,10^-6 cm/s,Permeability of the compound at pH 7.4 incubated for 30 mins by UV plate reader based PAMPA assay
24930287,2254668,2763329,N=c1c2c(-c3ccccc3)c(-c3ccccc3)n(Cc3ccccc3)c2ncn1CCCCO,permeability,1000,10^-6 cm/s,Permeability of the compound at pH 7.4 incubated for 30 mins by UV plate reader based PAMPA assay
24930288,2254668,2766344,N=c1c2c(-c3ccccc3)c(-c3ccccc3)n(Cc3ccccc3)c2ncn1CCCCCO,permeability,1000,10^-6 cm/s,Permeability of the compound at pH 7.4 incubated for 30 mins by UV plate reader based PAMPA assay
24930289,2254668,2778394,COCCn1cnc2c(c(-c3ccccc3)c(-c3ccccc3)n2Cc2ccccc2)c1=N,permeability,1000,10^-6 cm/s,Permeability of the compound at pH 7.4 incubated for 30 mins by UV plate reader based PAMPA assay
24930290,2254668,2775600,N=c1c2c(-c3ccccc3)c(-c3ccccc3)n(Cc3ccccc3)c2ncn1[C@H]1CC[C@@H](O)CC1,permeability,1000,10^-6 cm/s,Permeability of the compound at pH 7.4 incubated for 30 mins by UV plate reader based PAMPA assay
24930291,2254668,2745547,N=c1c2c(-c3ccccc3)c(-c3ccccc3)n(Cc3ccccc3)c2ncn1[C@@H]1CCCC[C@H]1O,permeability,1000,10^-6 cm/s,Permeability of the compound at pH 7.4 incubated for 30 mins by UV plate reader based PAMPA assay
24930292,2254668,2760810,N=c1c2c(-c3ccccc3)c(-c3ccccc3)n(Cc3ccccc3)c2ncn1C[C@@H]1CCCC[C@H]1O,permeability,1000,10^-6 cm/s,Permeability of the compound at pH 7.4 incubated for 30 mins by UV plate reader based PAMPA assay
24930293,2254668,2747820,N=c1c2c(-c3ccccc3)c(-c3ccccc3)n(Cc3ccccc3)c2ncn1C[C@@H]1CCCC[C@H]1CO,permeability,1000,10^-6 cm/s,Permeability of the compound at pH 7.4 incubated for 30 mins by UV plate reader based PAMPA assay
24930294,2254668,2743031,N=c1c2c(-c3ccccc3)c(-c3ccccc3)n(Cc3ccccc3)c2ncn1[C@H](CO)Cc1ccccc1,permeability,1,10^-6 cm/s,Permeability of the compound at pH 7.4 incubated for 30 mins by UV plate reader based PAMPA assay
24930295,2254668,2740723,C[C@H]([C@@H](O)c1ccccc1)n1cnc2c(c(-c3ccccc3)c(-c3ccccc3)n2Cc2ccccc2)c1=N,permeability,606,10^-6 cm/s,Permeability of the compound at pH 7.4 incubated for 30 mins by UV plate reader based PAMPA assay
24930297,2254668,2764312,N=c1c2c(-c3ccccc3)c(-c3ccccc3)n(Cc3ccccc3)c2ncn1C1CCC(=O)CC1,permeability,1000,10^-6 cm/s,Permeability of the compound at pH 7.4 incubated for 30 mins by UV plate reader based PAMPA assay
24930298,2254668,2768277,N=c1c2c(-c3ccccc3)c(-c3ccccc3)n(Cc3ccccc3)c2ncn1C1CCOCC1,permeability,1000,10^-6 cm/s,Permeability of the compound at pH 7.4 incubated for 30 mins by UV plate reader based PAMPA assay
24930299,2254668,2744382,N=c1c2c(-c3ccccc3)c(-c3ccccc3)n(Cc3ccccc3)c2ncn1CC1CCOCC1,permeability,1000,10^-6 cm/s,Permeability of the compound at pH 7.4 incubated for 30 mins by UV plate reader based PAMPA assay
24930300,2254668,2757038,N=c1c2c(-c3ccccc3)c(-c3ccccc3)n(Cc3ccccc3)c2ncn1CC1CCOC1,permeability,1000,10^-6 cm/s,Permeability of the compound at pH 7.4 incubated for 30 mins by UV plate reader based PAMPA assay
24930301,2254668,2760847,N=c1c2c(-c3ccccc3)c(-c3ccccc3)n(Cc3ccccc3)c2ncn1CC1CCCO1,permeability,1000,10^-6 cm/s,Permeability of the compound at pH 7.4 incubated for 30 mins by UV plate reader based PAMPA assay
24930302,2254668,2779200,N=c1c2c(-c3ccccc3)c(-c3ccccc3)n(Cc3ccccc3)c2ncn1CC1COC1,permeability,7.2,10^-6 cm/s,Permeability of the compound at pH 7.4 incubated for 30 mins by UV plate reader based PAMPA assay
24930303,2254668,2749852,CCOC(CCCn1cnc2c(c(-c3ccccc3)c(-c3ccccc3)n2Cc2ccccc2)c1=N)OCC,permeability,1000,10^-6 cm/s,Permeability of the compound at pH 7.4 incubated for 30 mins by UV plate reader based PAMPA assay
24930304,2254668,2779582,N=c1c2c(-c3ccccc3)c(-c3ccccc3)n(Cc3ccccc3)c2ncn1CCNc1ccncc1,permeability,445.1,10^-6 cm/s,Permeability of the compound at pH 7.4 incubated for 30 mins by UV plate reader based PAMPA assay
24930305,2254668,2764826,N=c1c2c(-c3ccccc3)c(-c3ccccc3)n(Cc3ccccc3)c2ncn1CCN,permeability,164.7,10^-6 cm/s,Permeability of the compound at pH 7.4 incubated for 30 mins by UV plate reader based PAMPA assay
24930306,2254668,2748972,CN(C)CCn1cnc2c(c(-c3ccccc3)c(-c3ccccc3)n2Cc2ccccc2)c1=N,permeability,1358,10^-6 cm/s,Permeability of the compound at pH 7.4 incubated for 30 mins by UV plate reader based PAMPA assay
24930307,2254668,2775227,CN(C)CCCn1cnc2c(c(-c3ccccc3)c(-c3ccccc3)n2Cc2ccccc2)c1=N,permeability,319.6,10^-6 cm/s,Permeability of the compound at pH 7.4 incubated for 30 mins by UV plate reader based PAMPA assay
24930309,2254668,2743185,N=c1c2c(-c3ccccc3)c(-c3ccccc3)n(Cc3ccccc3)c2ncn1CCCN1CCN(c2ccccc2)CC1,permeability,1000,10^-6 cm/s,Permeability of the compound at pH 7.4 incubated for 30 mins by UV plate reader based PAMPA assay
24930310,2254668,2753414,COc1ccc(CCn2cnc3c(c(-c4ccccc4)c(-c4ccccc4)n3Cc3ccccc3)c2=N)cc1OC,permeability,1196.9,10^-6 cm/s,Permeability of the compound at pH 7.4 incubated for 30 mins by UV plate reader based PAMPA assay
24930311,2254668,2760641,N=c1c2c(-c3ccccc3)c(-c3ccccc3)n(CCc3ccccc3)c2ncn1CCO,permeability,1000,10^-6 cm/s,Permeability of the compound at pH 7.4 incubated for 30 mins by UV plate reader based PAMPA assay
24930312,2254668,2780519,N=c1c2c(-c3ccccc3)c(-c3ccccc3)n(CCc3ccccc3)c2ncn1CCCCO,permeability,1000,10^-6 cm/s,Permeability of the compound at pH 7.4 incubated for 30 mins by UV plate reader based PAMPA assay
24930313,2254668,2751242,N=c1c2c(-c3ccccc3)c(-c3ccccc3)n(CCc3ccccc3)c2ncn1[C@H]1CC[C@H](O)CC1,permeability,1000,10^-6 cm/s,Permeability of the compound at pH 7.4 incubated for 30 mins by UV plate reader based PAMPA assay
24930315,2254668,2778761,N=c1c2c(-c3ccccc3)c(-c3ccccc3)n(CCc3ccccc3)c2ncn1C1CCOCC1,permeability,1000,10^-6 cm/s,Permeability of the compound at pH 7.4 incubated for 30 mins by UV plate reader based PAMPA assay
24930316,2254668,2775691,N=c1c2c(-c3ccccc3)c(-c3ccccc3)n(CCc3ccccc3)c2ncn1CC1CCOCC1,permeability,1229.2,10^-6 cm/s,Permeability of the compound at pH 7.4 incubated for 30 mins by UV plate reader based PAMPA assay
24930317,2254668,2741747,N=c1c2c(-c3ccccc3)c(-c3ccccc3)n(CCc3ccccc3)c2ncn1CC1CCOC1,permeability,1000,10^-6 cm/s,Permeability of the compound at pH 7.4 incubated for 30 mins by UV plate reader based PAMPA assay
24930318,2254668,2750205,N=c1c2c(-c3ccccc3)c(-c3ccccc3)n(CCc3ccccc3)c2ncn1CC1CCCO1,permeability,1000,10^-6 cm/s,Permeability of the compound at pH 7.4 incubated for 30 mins by UV plate reader based PAMPA assay
24930319,2254668,2756799,CN(C)CCCn1cnc2c(c(-c3ccccc3)c(-c3ccccc3)n2CCc2ccccc2)c1=N,permeability,294.4,10^-6 cm/s,Permeability of the compound at pH 7.4 incubated for 30 mins by UV plate reader based PAMPA assay
24930320,2254668,2748719,COc1ccc(Cn2c(-c3ccccc3)c(-c3ccccc3)c3c(=N)n(CCCO)cnc32)cc1,permeability,1000,10^-6 cm/s,Permeability of the compound at pH 7.4 incubated for 30 mins by UV plate reader based PAMPA assay
24930321,2254668,2755633,COc1ccc(Cn2c(-c3ccccc3)c(-c3ccccc3)c3c(=N)n(CCO)cnc32)cc1,permeability,1000,10^-6 cm/s,Permeability of the compound at pH 7.4 incubated for 30 mins by UV plate reader based PAMPA assay
24930322,2254668,2744740,COc1ccc(Cn2c(-c3ccccc3)c(-c3ccccc3)c3c(=N)n([C@H]4CC[C@H](O)CC4)cnc32)cc1,permeability,1000,10^-6 cm/s,Permeability of the compound at pH 7.4 incubated for 30 mins by UV plate reader based PAMPA assay
24930324,2254668,2776912,COc1ccc(Cn2c(-c3ccccc3)c(-c3ccccc3)c3c(=N)n(CC4CCOCC4)cnc32)cc1,permeability,1266.09,10^-6 cm/s,Permeability of the compound at pH 7.4 incubated for 30 mins by UV plate reader based PAMPA assay
24930325,2254668,2758150,COc1ccc(Cn2c(-c3ccccc3)c(-c3ccccc3)c3c(=N)n(CC4CCCO4)cnc32)cc1,permeability,1000,10^-6 cm/s,Permeability of the compound at pH 7.4 incubated for 30 mins by UV plate reader based PAMPA assay
24930326,2254668,2751002,N=c1c2c(-c3ccccc3)c(-c3ccccc3)n(Cc3ccc(OC(F)(F)F)cc3)c2ncn1CCCO,permeability,1000,10^-6 cm/s,Permeability of the compound at pH 7.4 incubated for 30 mins by UV plate reader based PAMPA assay
24930327,2254668,2768196,N=c1c2c(-c3ccccc3)c(-c3ccccc3)n(Cc3ccc(OC(F)(F)F)cc3)c2ncn1[C@H]1CC[C@H](O)CC1,permeability,1246.89,10^-6 cm/s,Permeability of the compound at pH 7.4 incubated for 30 mins by UV plate reader based PAMPA assay
24930328,2254668,2759100,N=c1c2c(-c3ccccc3)c(-c3ccccc3)n(Cc3ccc(OC(F)(F)F)cc3)c2ncn1[C@H]1CC[C@@H](O)CC1,permeability,1246.89,10^-6 cm/s,Permeability of the compound at pH 7.4 incubated for 30 mins by UV plate reader based PAMPA assay
24930330,2254668,2746025,N=c1c2c(-c3ccccc3)c(-c3ccccc3)n(Cc3ccc(OC(F)(F)F)cc3)c2ncn1C1CCOCC1,permeability,1000,10^-6 cm/s,Permeability of the compound at pH 7.4 incubated for 30 mins by UV plate reader based PAMPA assay
24930331,2254668,2750970,N=c1c2c(-c3ccccc3)c(-c3ccccc3)n(Cc3ccc(S(N)(=O)=O)cc3)c2ncn1CCCO,permeability,1,10^-6 cm/s,Permeability of the compound at pH 7.4 incubated for 30 mins by UV plate reader based PAMPA assay
24930332,2254668,2742956,N=c1c2c(-c3ccccc3)c(-c3ccccc3)n(Cc3ccc(S(N)(=O)=O)cc3)c2ncn1C1CCOCC1,permeability,1000,10^-6 cm/s,Permeability of the compound at pH 7.4 incubated for 30 mins by UV plate reader based PAMPA assay
24930333,2254668,2759998,N=c1c2c(-c3ccccc3)c(-c3ccccc3)n(Cc3ccc(S(N)(=O)=O)cc3)c2ncn1CC1CCOCC1,permeability,1,10^-6 cm/s,Permeability of the compound at pH 7.4 incubated for 30 mins by UV plate reader based PAMPA assay
24930334,2254668,2752997,N=c1c2c(-c3ccccc3)c(-c3ccccc3)n(CC3CCCCC3)c2ncn1CCCO,permeability,1000,10^-6 cm/s,Permeability of the compound at pH 7.4 incubated for 30 mins by UV plate reader based PAMPA assay
24930337,2254668,2767357,N=c1c2c(-c3ccccc3)c(-c3ccccc3)n(CC3CC3)c2ncn1CCCO,permeability,1000,10^-6 cm/s,Permeability of the compound at pH 7.4 incubated for 30 mins by UV plate reader based PAMPA assay
24930338,2254668,2757643,N=c1c2c(-c3ccccc3)c(-c3ccccc3)n(CC3CC3)c2ncn1C1CCOCC1,permeability,1000,10^-6 cm/s,Permeability of the compound at pH 7.4 incubated for 30 mins by UV plate reader based PAMPA assay
24930339,2254668,2755063,N=c1c2c(-c3ccccc3)c(-c3ccccc3)n(CC3CC3)c2ncn1CC1CCOCC1,permeability,1000,10^-6 cm/s,Permeability of the compound at pH 7.4 incubated for 30 mins by UV plate reader based PAMPA assay
24930340,2254668,2763399,COc1ccc(-c2c(-c3ccc(OC)cc3)n(Cc3ccccc3)c3ncn(CCO)c(=N)c23)cc1,permeability,1000,10^-6 cm/s,Permeability of the compound at pH 7.4 incubated for 30 mins by UV plate reader based PAMPA assay
24930341,2254668,2768378,COc1ccc(-c2c(-c3ccc(OC)cc3)n(Cc3ccccc3)c3ncn(CCCO)c(=N)c23)cc1,permeability,1000,10^-6 cm/s,Permeability of the compound at pH 7.4 incubated for 30 mins by UV plate reader based PAMPA assay
24930342,2254668,2763687,COc1ccc(-c2c(-c3ccc(OC)cc3)n(Cc3ccccc3)c3ncn([C@H]4CC[C@H](O)CC4)c(=N)c23)cc1,permeability,196,10^-6 cm/s,Permeability of the compound at pH 7.4 incubated for 30 mins by UV plate reader based PAMPA assay
24930343,2254668,2744359,COc1ccc(-c2c(-c3ccc(OC)cc3)n(Cc3ccccc3)c3ncn([C@@H]4CCCC[C@H]4O)c(=N)c23)cc1,permeability,1000,10^-6 cm/s,Permeability of the compound at pH 7.4 incubated for 30 mins by UV plate reader based PAMPA assay
24930344,2254668,2768992,COc1ccc(-c2c(-c3ccc(OC)cc3)n(Cc3ccccc3)c3ncn([C@H]4CC[C@H](OC)CC4)c(=N)c23)cc1,permeability,1000,10^-6 cm/s,Permeability of the compound at pH 7.4 incubated for 30 mins by UV plate reader based PAMPA assay
24930345,2254668,2773369,COc1ccc(-c2c(-c3ccc(OC)cc3)n(Cc3ccccc3)c3ncn(C4CCOCC4)c(=N)c23)cc1,permeability,1000,10^-6 cm/s,Permeability of the compound at pH 7.4 incubated for 30 mins by UV plate reader based PAMPA assay
24930346,2254668,2768171,COc1ccc(-c2c(-c3ccc(OC)cc3)n(Cc3ccccc3)c3ncn(CC4CCOC4)c(=N)c23)cc1,permeability,1000,10^-6 cm/s,Permeability of the compound at pH 7.4 incubated for 30 mins by UV plate reader based PAMPA assay
24930348,2254668,2770613,N=c1c2c(-c3ccccc3)cn(Cc3ccccc3)c2ncn1CCO,permeability,1270.9,10^-6 cm/s,Permeability of the compound at pH 7.4 incubated for 30 mins by UV plate reader based PAMPA assay
24930349,2254668,2762448,N=c1c2c(-c3ccccc3)cn(Cc3ccccc3)c2ncn1C1CCOCC1,permeability,1729,10^-6 cm/s,Permeability of the compound at pH 7.4 incubated for 30 mins by UV plate reader based PAMPA assay
24930350,2254668,2773173,N=c1c2c(-c3ccccc3)cn(Cc3ccccc3)c2ncn1Cc1ccco1,permeability,1737,10^-6 cm/s,Permeability of the compound at pH 7.4 incubated for 30 mins by UV plate reader based PAMPA assay
24930351,2254668,2777211,COc1ccc(CCn2cnc3c(c(-c4ccccc4)cn3Cc3ccccc3)c2=N)cc1OC,permeability,1000,10^-6 cm/s,Permeability of the compound at pH 7.4 incubated for 30 mins by UV plate reader based PAMPA assay
24930352,2254668,2761305,Cc1c(C)n(Cc2ccccc2)c2ncn(CCCO)c(=N)c12,permeability,609.3,10^-6 cm/s,Permeability of the compound at pH 7.4 incubated for 30 mins by UV plate reader based PAMPA assay
24930353,2254668,2775300,Cc1c(C)n(Cc2ccccc2)c2ncn([C@H]3CC[C@H](O)CC3)c(=N)c12,permeability,1,10^-6 cm/s,Permeability of the compound at pH 7.4 incubated for 30 mins by UV plate reader based PAMPA assay
24930354,2254668,2757216,Cc1c(C)n(Cc2ccccc2)c2ncn(C3CCOCC3)c(=N)c12,permeability,1683.3,10^-6 cm/s,Permeability of the compound at pH 7.4 incubated for 30 mins by UV plate reader based PAMPA assay
24930355,2254668,2772504,N=c1c2c3c(n(CCc4ccccc4)c2ncn1CCCO)CCCC3,permeability,883.12,10^-6 cm/s,Permeability of the compound at pH 7.4 incubated for 30 mins by UV plate reader based PAMPA assay
24930356,2254668,2747651,N=c1c2c3c(n(CCc4ccccc4)c2ncn1[C@H]1CC[C@H](O)CC1)CCCC3,permeability,204.6,10^-6 cm/s,Permeability of the compound at pH 7.4 incubated for 30 mins by UV plate reader based PAMPA assay
24930358,2254668,2767030,N#Cc1c(-c2ccccc2)c(-c2ccccc2)n(Cc2ccccc2)c1/N=C/N[C@H]1CC[C@H](O)CC1,permeability,327.5,10^-6 cm/s,Permeability of the compound at pH 7.4 incubated for 30 mins by UV plate reader based PAMPA assay
24930360,2254668,649100,N#Cc1c(-c2ccccc2)c(-c2ccccc2)n(Cc2ccccc2)c1N,permeability,62,10^-6 cm/s,Permeability of the compound at pH 7.4 incubated for 30 mins by UV plate reader based PAMPA assay
24981361,2266406,2791902,COc1cc2ncnc(Nc3ccc(O[C@H]4CO[C@H]5[C@@H]4OC[C@@H]5O)c(Cl)c3)c2cc1OC,Papp,7.45,10^-6 cm/s,Apparent permeability of compound at 20 mM and measured after 16 hrs by PAMPA assay
24981362,2266406,1522807,Cc1cccc(Cl)c1C(=O)N[C@@H](Cc1ccc(-c2c(C)n(C)c(=O)n(C)c2=O)cc1)C(=O)O,Papp,0,10^-6 cm/s,Apparent permeability of compound at 20 mM and measured after 16 hrs by PAMPA assay
24981363,2266406,2810752,Cc1cccc(Cl)c1C(=O)N[C@@H](Cc1ccc(-c2c(C)n(C)c(=O)n(C)c2=O)cc1)C(=O)O[C@H]1CO[C@H]2[C@@H]1OC[C@@H]2O,Papp,1.68,10^-6 cm/s,Apparent permeability of compound at 20 mM and measured after 16 hrs by PAMPA assay
25026974,2280508,364520,C[C@]12CC[C@H]3[C@@H](CCC4=CC(=O)CC[C@@]43C)[C@@H]1CC[C@@H]2O,Kp,17,10^-6 cm/s,Permeability coefficient of the compound by PAMPA assay
25026975,2280508,27626,C[C@]12CC[C@@H]3c4ccc(O)cc4CC[C@H]3[C@@H]1CC[C@@H]2O,Kp,12,10^-6 cm/s,Permeability coefficient of the compound by PAMPA assay
25026976,2280508,12825,CC(=O)[C@H]1CC[C@H]2[C@@H]3CCC4=CC(=O)CC[C@]4(C)[C@H]3CC[C@]12C,Kp,9.3,10^-6 cm/s,Permeability coefficient of the compound by PAMPA assay
25026977,2280508,6216,CN(C)CCCN1c2ccccc2Sc2ccc(Cl)cc21,Kp,6.5,10^-6 cm/s,Permeability coefficient of the compound by PAMPA assay
25026978,2280508,16485,Cn1c(=O)c2c(ncn2C)n(C)c1=O,Kp,1.3,10^-6 cm/s,Permeability coefficient of the compound by PAMPA assay
25026979,2280508,182165,C[C@]12C[C@H](O)[C@H]3[C@@H](CCC4=CC(=O)CC[C@@]43C)[C@@H]1CC[C@@H]2C(=O)CO,Kp,5.1,10^-6 cm/s,Permeability coefficient of the compound by PAMPA assay
25026980,2280508,374052,C[C@]12CCC(=O)C=C1CC[C@@H]1[C@@H]2[C@@H](O)C[C@@]2(C)[C@H]1CC[C@]2(O)C(=O)CO,Kp,1.9,10^-6 cm/s,Permeability coefficient of the compound by PAMPA assay
25026981,2280508,146,CC1COc2c(N3CCN(C)CC3)c(F)cc3c(=O)c(C(=O)O)cn1c23,Kp,0.8,10^-6 cm/s,Permeability coefficient of the compound by PAMPA assay
25026982,2280508,1279,CC(C)NCC(O)COc1ccc(CC(N)=O)cc1,Kp,0.8,10^-6 cm/s,Permeability coefficient of the compound by PAMPA assay
25026983,2280508,381693,Cn1c(=O)c2[nH]cnc2n(C)c1=O,Kp,0.1,10^-6 cm/s,Permeability coefficient of the compound by PAMPA assay
25034687,2282756,2791354,CCOc1ccccc1-c1ccc(-c2nc3cnccc3c(NC(C)C(=O)O)c2C#N)cc1,Papp,10,nm/s,Apparent permeability of compound across apical to basolateral side in parallel artificial membrane at 10 uM by PAMPA assay
25034688,2282756,2794537,CC[C@@H](Nc1c(C#N)c(-c2ccc(Br)cc2)nc2cnccc12)C(=O)O,Papp,5.9,nm/s,Apparent permeability of compound across apical to basolateral side in parallel artificial membrane at 10 uM by PAMPA assay
25034689,2282756,2810985,CC[C@@H](Nc1c(C#N)c(-c2ccc(Br)cc2)nc2cnccc12)C(N)=O,Papp,88,nm/s,Apparent permeability of compound across apical to basolateral side in parallel artificial membrane at 10 uM by PAMPA assay
25034690,2282756,2793479,CCOc1ccccc1-c1ccc(-c2nc3cnccc3c(N[C@H](CC)C(N)=O)c2C#N)cc1,Papp,18,nm/s,Apparent permeability of compound across apical to basolateral side in parallel artificial membrane at 10 uM by PAMPA assay
25034691,2282756,2804498,CCOc1ccccc1-c1ccc(-c2nc3cnccc3c(N[C@H](CC)C(=O)NS(C)(=O)=O)c2C#N)cc1,Papp,2.6,nm/s,Apparent permeability of compound across apical to basolateral side in parallel artificial membrane at 10 uM by PAMPA assay
25034692,2282756,2809707,CC[C@@H](Nc1c(C#N)c(-c2ccc(-c3cccc(Cl)c3F)cc2)nc2cnccc12)C(N)=O,Papp,3.1,nm/s,Apparent permeability of compound across apical to basolateral side in parallel artificial membrane at 10 uM by PAMPA assay
25034693,2282756,2537320,CC[C@@H](Nc1c(C#N)c(-c2ccc(-c3cccc(C)c3F)cc2)nc2cnccc12)C(=O)O,Papp,14,nm/s,Apparent permeability of compound across apical to basolateral side in parallel artificial membrane at 10 uM by PAMPA assay
25050932,2286940,331579,COc1ccccc1N1CCN(CCCCNC(=O)c2ccc(-c3ccccc3)cc2)CC1,permeability,-3.9,10^-6 cm/s,Permeability of compound by PAMPA assay
25050933,2286940,2801310,COc1ccccc1N1CCN(CCCCNC(=O)c2ccc(B3C=CC=CN3)cc2)CC1,permeability,-4.3,10^-6 cm/s,Permeability of compound by PAMPA assay
25050934,2286940,603733,O=C(NCCS(=O)(=O)c1ccc(C(F)(F)F)cn1)c1ccc(-c2ccccc2)cc1,permeability,-4.2,10^-6 cm/s,Permeability of compound by PAMPA assay
25050935,2286940,2809109,O=C(NCCS(=O)(=O)c1ccc(C(F)(F)F)cn1)c1ccc(B2C=CC=CN2)cc1,permeability,-4.5,10^-6 cm/s,Permeability of compound by PAMPA assay
25050936,2286940,186954,O=C(Cc1ccc(-c2ccccc2)cc1)Nc1cc(C2CC2)[nH]n1,permeability,-3.9,10^-6 cm/s,Permeability of compound by PAMPA assay
25050937,2286940,2771339,O=C(Cc1ccc(B2C=CC=CN2)cc1)Nc1cc(C2CC2)[nH]n1,permeability,-4.5,10^-6 cm/s,Permeability of compound by PAMPA assay
25066045,2291064,2792517,CCCCC(NC(=O)c1[nH]c2c(c1C)C(=O)CC(C)(C)C2)C(=O)Nc1ccccc1,permeability,12.5,10^-6 cm/s,Permeability of compound by PAMPA assay
25066046,2291064,2797326,CCCCC(NC(=O)c1[nH]c2c(c1C)C(=O)CC(C)(C)C2)C(=O)Nc1ccccc1OC,permeability,49.4,10^-6 cm/s,Permeability of compound by PAMPA assay
25066047,2291064,2788403,CCCCC(NC(=O)c1[nH]c2c(c1C)C(=O)CC(C)(C)C2)C(=O)Nc1ccccc1Cl,permeability,7.16,10^-6 cm/s,Permeability of compound by PAMPA assay
25066048,2291064,2806239,CCCCC(NC(=O)c1[nH]c2c(c1C)C(=O)CC(C)(C)C2)C(=O)Nc1ccccc1C#N,permeability,7.85,10^-6 cm/s,Permeability of compound by PAMPA assay
25066049,2291064,2790428,CCCCC(NC(=O)c1[nH]c2c(c1C)C(=O)CC(C)(C)C2)C(=O)Nc1cccc(C#N)c1,permeability,7.78,10^-6 cm/s,Permeability of compound by PAMPA assay
25066050,2291064,2797457,CCCCC(NC(=O)c1[nH]c2c(c1C)C(=O)CC(C)(C)C2)C(=O)Nc1ccc(C#N)cc1,permeability,3.68,10^-6 cm/s,Permeability of compound by PAMPA assay
25066051,2291064,2789352,CCCCC(NC(=O)c1[nH]c2c(c1C)C(=O)CC(C)(C)C2)C(=O)Nc1ccc(F)cc1,permeability,23.5,10^-6 cm/s,Permeability of compound by PAMPA assay
25066052,2291064,2792543,CCCCC(NC(=O)c1[nH]c2c(c1C)C(=O)CC(C)(C)C2)C(=O)Nc1ccc(S(C)(=O)=O)cc1,permeability,1.39,10^-6 cm/s,Permeability of compound by PAMPA assay
25066053,2291064,2789995,CCCCC(NC(=O)c1[nH]c2c(c1C)C(=O)CC(C)(C)C2)C(=O)Nc1ccc(C(N)=O)cc1,permeability,0.62,10^-6 cm/s,Permeability of compound by PAMPA assay
25066054,2291064,2798542,CCCCC(NC(=O)c1[nH]c2c(c1C)C(=O)CC(C)(C)C2)C(=O)Nc1ccccn1,permeability,11.25,10^-6 cm/s,Permeability of compound by PAMPA assay
25066055,2291064,2805429,CCCCC(NC(=O)c1[nH]c2c(c1C)C(=O)CC(C)(C)C2)C(=O)Nc1cccnc1,permeability,6.95,10^-6 cm/s,Permeability of compound by PAMPA assay
25066056,2291064,2789092,CCCCC(NC(=O)c1[nH]c2c(c1C)C(=O)CC(C)(C)C2)C(=O)Nc1ccncc1,permeability,3.63,10^-6 cm/s,Permeability of compound by PAMPA assay
25066057,2291064,2788568,CCCCNC(=O)C(CCCC)NC(=O)c1[nH]c2c(c1C)C(=O)CC(C)(C)C2,permeability,8.73,10^-6 cm/s,Permeability of compound by PAMPA assay
25066058,2291064,2806407,CCCCC(NC(=O)c1[nH]c2c(c1C)C(=O)CC(C)(C)C2)C(=O)NC1CCCCC1,permeability,4.15,10^-6 cm/s,Permeability of compound by PAMPA assay
25066059,2291064,1370,CC(C)NCC(O)COc1cccc2ccccc12,permeability,19.4,10^-6 cm/s,Permeability of compound by PAMPA assay
25066060,2291064,2805167,Cc1c(C(=O)N[C@@H](CCC2CC2)C(=O)Nc2ccccc2)[nH]c2c1C(=O)CC(C)(C)C2,permeability,6.35,10^-6 cm/s,Permeability of compound by PAMPA assay
25066061,2291064,2807135,Cc1ccc(NC(=O)[C@@H](CCC2CC2)NC(=O)c2[nH]c3c(c2C)C(=O)CC(C)(C)C3)cn1,permeability,9.64,10^-6 cm/s,Permeability of compound by PAMPA assay
25066062,2291064,2798714,Cc1c(C(=O)N[C@@H](CCC2CC2)C(=O)Nc2ccc(C#N)cc2)[nH]c2c1C(=O)CC(C)(C)C2,permeability,3.12,10^-6 cm/s,Permeability of compound by PAMPA assay
25066063,2291064,694145,COc1cc2c(NC3CCN(C(C)C)CC3)nc(C3CCCCC3)nc2cc1OCCCN1CCCC1,permeability,1.89,10^-6 cm/s,Permeability of compound by PAMPA assay
25067318,2291558,2794298,CC1CN(c2ccncc2NC(=O)c2ccnn3cc(C4CC4)nc23)CCO1,permeability,107,10^-6 cm/s,Permeability of compound at pH 7.4 incubated for 4 hrs by PAMPA assay
25067319,2291558,2806371,O=C(Nc1cnccc1-c1ccccc1)c1ccnn2cc(-c3ccccc3)nc12,permeability,28.2,10^-6 cm/s,Permeability of compound at pH 7.4 incubated for 4 hrs by PAMPA assay
25067321,2291558,2790257,O=C(Nc1cnccc1N1CCC(F)(F)CC1)c1ccnn2cc(-c3ccccc3)nc12,permeability,64.2,10^-6 cm/s,Permeability of compound at pH 7.4 incubated for 4 hrs by PAMPA assay
25067322,2291558,2802021,O=C(Nc1cnccc1N1CCOCC1)c1ccnn2cc(-c3ccccc3)nc12,permeability,29.8,10^-6 cm/s,Permeability of compound at pH 7.4 incubated for 4 hrs by PAMPA assay
25067323,2291558,2790483,CC1CN(c2ccncc2NC(=O)c2ccnn3cc(-c4ccccc4)nc23)CCO1,permeability,80.6,10^-6 cm/s,Permeability of compound at pH 7.4 incubated for 4 hrs by PAMPA assay
25091766,2297702,2792469,CSCC[C@H](NC(=O)[C@H](CC(=O)O)NC(=O)[C@H](Cc1ccccc1)NC(=O)[C@H](CCCNC(=N)N)NC(=O)[C@H](Cc1ccc(O)cc1)NC(=O)[C@H](CC(=O)O)NC(=O)[C@H](CCCNC(=N)N)NC(=O)[C@H](CCCNC(=N)N)NC(=O)[C@@H](NC(=O)[C@@H](NC(=O)[C@H](Cc1c[nH]c2ccccc12)NC(=O)[C@@H](N)CCCNC(=N)N)C(C)C)C(C)C)C(=O)NCC(=O)N[C@@H](Cc1ccccc1)C(=O)N[C@@H](CC(=O)O)C(=O)N[C@@H](Cc1ccc(O)cc1)C(=O)N[C@@H](Cc1c[nH]c2ccccc12)C(=O)N[C@H](C(=O)N[C@@H](Cc1c[nH]c2ccccc12)C(=O)N[C@@H](CCC(=O)O)C(=O)O)C(C)C,Papp,26.1,nm/s,Apparent membrane permeability of the compound in PBS buffer at pH 7.4 measured after 24 hrs by PAMPA assay
25091767,2297702,2810386,CSCC[C@H](NC(=O)[C@H](CC(=O)O)NC(=O)CNC(=O)[C@H](CCCNC(=N)N)NC(=O)[C@H](Cc1ccc(O)cc1)NC(=O)[C@H](CC(=O)O)NC(=O)[C@H](CCCNC(=N)N)NC(=O)[C@H](CCCNC(=N)N)NC(=O)[C@H](C)NC(=O)[C@@H](NC(=O)[C@H](Cc1c[nH]c2ccccc12)NC(=O)[C@@H](N)CCCNC(=N)N)C(C)C)C(=O)NCC(=O)N[C@@H](Cc1ccccc1)C(=O)N[C@@H](CC(=O)O)C(=O)N[C@@H](Cc1ccc(O)cc1)C(=O)N[C@@H](Cc1c[nH]c2ccccc12)C(=O)N[C@H](C(=O)N[C@@H](Cc1c[nH]c2ccccc12)C(=O)N[C@@H](CCC(=O)O)C(=O)O)C(C)C,Papp,15.9,nm/s,Apparent membrane permeability of the compound in PBS buffer at pH 7.4 measured after 24 hrs by PAMPA assay
25091768,2297702,2806583,CSCC[C@H](NC(=O)[C@H](CC(=O)O)NC(=O)[C@H](Cc1ccccc1)NC(=O)[C@H](CCCNC(=N)N)NC(=O)[C@H](Cc1ccc(O)cc1)NC(=O)[C@H](CC(=O)O)NC(=O)[C@H](CCCNC(=N)N)NC(=O)[C@H](CCCNC(=N)N)NC(=O)[C@H](C)NC(=O)[C@@H](NC(=O)[C@H](Cc1c[nH]c2ccccc12)NC(=O)[C@@H](N)CCCNC(=N)N)C(C)C)C(=O)NCC(=O)N[C@@H](Cc1ccccc1)C(=O)N[C@@H](CC(=O)O)C(=O)N[C@@H](Cc1ccc(O)cc1)C(=O)N[C@@H](Cc1c[nH]c2ccccc12)C(=O)N[C@H](C(=O)N[C@@H](Cc1c[nH]c2ccccc12)C(=O)N[C@@H](CCC(=O)O)C(=O)O)C(C)C,Papp,21.8,nm/s,Apparent membrane permeability of the compound in PBS buffer at pH 7.4 measured after 24 hrs by PAMPA assay
25091769,2297702,2804131,CC(C)[C@H](NC(=O)CNC(=O)[C@@H](N)CCCNC(=N)N)C(=O)N[C@@H](C)C(=O)N[C@@H](CCCNC(=N)N)C(=O)N[C@@H](CCCNC(=N)N)C(=O)N[C@@H](CC(=O)O)C(=O)N[C@@H](Cc1ccc(O)cc1)C(=O)N[C@@H](CCCNC(=N)N)C(=O)NCC(=O)N[C@@H](CC(=O)O)C(=O)N1CCC[C@H]1C(=O)NCC(=O)N[C@@H](Cc1ccccc1)C(=O)N[C@@H](CC(=O)O)C(=O)N[C@@H](Cc1ccc(O)cc1)C(=O)N[C@@H](Cc1c[nH]c2ccccc12)C(=O)N[C@@H](Cc1cnc[nH]1)C(=O)N[C@@H](Cc1c[nH]c2ccccc12)C(=O)N[C@@H](CCC(=O)O)C(=O)O,Papp,2.6,nm/s,Apparent membrane permeability of the compound in PBS buffer at pH 7.4 measured after 24 hrs by PAMPA assay
25091770,2297702,2811134,CSCC[C@H](NC(=O)[C@H](CC(=O)O)NC(=O)CNC(=O)[C@H](CCCNC(=N)N)NC(=O)[C@H](Cc1ccc(O)cc1)NC(=O)[C@H](CC(=O)O)NC(=O)[C@H](CCCNC(=N)N)NC(=O)[C@H](CCCNC(=N)N)NC(=O)[C@@H](NC(=O)[C@@H](NC(=O)[C@H](Cc1c[nH]c2ccccc12)NC(=O)[C@@H](N)CCCNC(=N)N)C(C)C)C(C)C)C(=O)NCC(=O)N[C@@H](Cc1ccccc1)C(=O)N[C@@H](CC(=O)O)C(=O)N[C@@H](Cc1ccc(O)cc1)C(=O)N[C@@H](Cc1c[nH]c2ccccc12)C(=O)N[C@H](C(=O)N[C@@H](Cc1c[nH]c2ccccc12)C(=O)N[C@@H](CCC(=O)O)C(=O)O)C(C)C,Papp,0.4,nm/s,Apparent membrane permeability of the compound in PBS buffer at pH 7.4 measured after 24 hrs by PAMPA assay
25091771,2297702,2800618,CSCC[C@H](NC(=O)[C@H](CC(=O)O)NC(=O)[C@H](Cc1ccccc1)NC(=O)[C@H](CCCNC(=N)N)NC(=O)[C@H](Cc1ccc(O)cc1)NC(=O)[C@H](CC(=O)O)NC(=O)[C@H](CCCNC(=N)N)NC(=O)[C@H](CCCNC(=N)N)NC(=O)[C@H](CCCCN)NC(=O)[C@@H](NC(=O)[C@H](Cc1c[nH]c2ccccc12)NC(=O)[C@@H](N)CCCNC(=N)N)C(C)C)C(=O)NCC(=O)N[C@@H](Cc1ccccc1)C(=O)N[C@@H](CC(=O)O)C(=O)N[C@@H](Cc1ccc(O)cc1)C(=O)N[C@@H](Cc1c[nH]c2ccccc12)C(=O)N[C@H](C(=O)N[C@@H](Cc1c[nH]c2ccccc12)C(=O)N[C@@H](CCC(=O)O)C(=O)O)C(C)C,Papp,1.4,nm/s,Apparent membrane permeability of the compound in PBS buffer at pH 7.4 measured after 24 hrs by PAMPA assay
25091772,2297702,2800646,CSCC[C@H](NC(=O)[C@H](CC(=O)O)NC(=O)CNC(=O)[C@H](CCCNC(=N)N)NC(=O)[C@H](Cc1ccc(O)cc1)NC(=O)[C@H](CC(=O)O)NC(=O)[C@H](CCCNC(=N)N)NC(=O)[C@H](CCCNC(=N)N)NC(=O)[C@H](CCCCN)NC(=O)[C@@H](NC(=O)[C@H](Cc1c[nH]c2ccccc12)NC(=O)[C@@H](N)CCCNC(=N)N)C(C)C)C(=O)NCC(=O)N[C@@H](Cc1ccccc1)C(=O)N[C@@H](CC(=O)O)C(=O)N[C@@H](Cc1ccc(O)cc1)C(=O)N[C@@H](Cc1c[nH]c2ccccc12)C(=O)N[C@H](C(=O)N[C@@H](Cc1c[nH]c2ccccc12)C(=O)N[C@@H](CCC(=O)O)C(=O)O)C(C)C,Papp,0.2,nm/s,Apparent membrane permeability of the compound in PBS buffer at pH 7.4 measured after 24 hrs by PAMPA assay
25091773,2297702,2805122,CSCC[C@H](NC(=O)[C@H](CC(=O)O)NC(=O)[C@H](Cc1ccccc1)NC(=O)[C@H](CCCNC(=N)N)NC(=O)[C@H](Cc1ccc(O)cc1)NC(=O)[C@H](CC(=O)O)NC(=O)[C@H](CCCNC(=N)N)NC(=O)[C@H](CCCNC(=N)N)NC(=O)[C@H](C)NC(=O)[C@@H](NC(=O)[C@H](Cc1c[nH]c2ccccc12)NC(=O)[C@@H](N)CCCNC(=N)N)C(C)C)C(=O)NCC(=O)N[C@@H](Cc1ccccc1)C(=O)N[C@@H](CC(=O)O)C(=O)N[C@@H](Cc1ccc(O)cc1)C(=O)N[C@@H](Cc1c[nH]c2ccccc12)C(=O)N[C@@H](Cc1cnc[nH]1)C(=O)N[C@@H](Cc1c[nH]c2ccccc12)C(=O)N[C@@H](CCC(=O)O)C(=O)O,Papp,25.5,nm/s,Apparent membrane permeability of the compound in PBS buffer at pH 7.4 measured after 24 hrs by PAMPA assay
25091774,2297702,2805892,CSCC[C@H](NC(=O)[C@H](CC(=O)O)NC(=O)CNC(=O)[C@H](CCCNC(=N)N)NC(=O)[C@H](Cc1ccc(O)cc1)NC(=O)[C@H](CC(=O)O)NC(=O)[C@H](CCCNC(=N)N)NC(=O)[C@H](CCCNC(=N)N)NC(=O)[C@H](C)NC(=O)[C@@H](NC(=O)[C@H](Cc1c[nH]c2ccccc12)NC(=O)[C@@H](N)CCCNC(=N)N)C(C)C)C(=O)NCC(=O)N[C@@H](Cc1ccccc1)C(=O)N[C@@H](CC(=O)O)C(=O)N[C@@H](Cc1ccc(O)cc1)C(=O)N[C@@H](Cc1c[nH]c2ccccc12)C(=O)N[C@@H](Cc1cnc[nH]1)C(=O)N[C@@H](Cc1c[nH]c2ccccc12)C(=O)N[C@@H](CCC(=O)O)C(=O)O,Papp,0.7,nm/s,Apparent membrane permeability of the compound in PBS buffer at pH 7.4 measured after 24 hrs by PAMPA assay
25091775,2297702,2807528,CSCC[C@H](NC(=O)[C@H](CC(=O)O)NC(=O)[C@H](Cc1ccccc1)NC(=O)[C@H](CCCNC(=N)N)NC(=O)[C@H](Cc1ccc(O)cc1)NC(=O)[C@H](CC(=O)O)NC(=O)[C@H](CCCNC(=N)N)NC(=O)[C@H](CCCNC(=N)N)NC(=O)[C@H](C)NC(=O)[C@@H](NC(=O)[C@H](Cc1c[nH]c2ccccc12)NC(=O)[C@@H](N)CCCNC(=N)N)C(C)C)C(=O)NCC(=O)N[C@@H](Cc1ccccc1)C(=O)N[C@@H](CC(N)=O)C(=O)N[C@@H](Cc1ccc(O)cc1)C(=O)N[C@@H](Cc1c[nH]c2ccccc12)C(=O)N[C@H](C(=O)N[C@@H](Cc1c[nH]c2ccccc12)C(=O)N[C@@H](CCC(=O)O)C(=O)O)C(C)C,Papp,40.4,nm/s,Apparent membrane permeability of the compound in PBS buffer at pH 7.4 measured after 24 hrs by PAMPA assay
25091776,2297702,2793874,CSCC[C@H](NC(=O)[C@H](CC(=O)O)NC(=O)CNC(=O)[C@H](CCCNC(=N)N)NC(=O)[C@H](Cc1ccc(O)cc1)NC(=O)[C@H](CC(=O)O)NC(=O)[C@H](CCCNC(=N)N)NC(=O)[C@H](CCCNC(=N)N)NC(=O)[C@H](C)NC(=O)[C@@H](NC(=O)[C@H](Cc1c[nH]c2ccccc12)NC(=O)[C@@H](N)CCCNC(=N)N)C(C)C)C(=O)NCC(=O)N[C@@H](Cc1ccccc1)C(=O)N[C@@H](CC(N)=O)C(=O)N[C@@H](Cc1ccc(O)cc1)C(=O)N[C@@H](Cc1c[nH]c2ccccc12)C(=O)N[C@H](C(=O)N[C@@H](Cc1c[nH]c2ccccc12)C(=O)N[C@@H](CCC(=O)O)C(=O)O)C(C)C,Papp,0.2,nm/s,Apparent membrane permeability of the compound in PBS buffer at pH 7.4 measured after 24 hrs by PAMPA assay
25091777,2297702,2800718,CSCC[C@H](NC(=O)[C@H](CC(=O)O)NC(=O)[C@H](Cc1ccccc1)NC(=O)[C@H](CCCNC(=N)N)NC(=O)[C@H](Cc1ccc(O)cc1)NC(=O)[C@H](CC(=O)O)NC(=O)[C@H](CCCNC(=N)N)NC(=O)[C@H](Cc1c[nH]c2ccccc12)NC(=O)[C@@H](NC(=O)[C@H](Cc1c[nH]c2ccccc12)NC(=O)[C@@H](N)CCCNC(=N)N)C(C)C)C(=O)NCC(=O)N[C@@H](Cc1ccccc1)C(=O)N[C@@H](CC(=O)O)C(=O)N[C@@H](Cc1c[nH]c2ccccc12)C(=O)N[C@H](C(=O)N[C@@H](Cc1c[nH]c2ccccc12)C(=O)N[C@@H](CCC(=O)O)C(=O)O)C(C)C,Papp,52.8,nm/s,Apparent membrane permeability of the compound in PBS buffer at pH 7.4 measured after 24 hrs by PAMPA assay
25091778,2297702,2803709,CSCC[C@H](NC(=O)[C@H](CC(=O)O)NC(=O)CNC(=O)[C@H](CCCNC(=N)N)NC(=O)[C@H](Cc1ccc(O)cc1)NC(=O)[C@H](CC(=O)O)NC(=O)[C@H](CCCNC(=N)N)NC(=O)[C@H](Cc1c[nH]c2ccccc12)NC(=O)[C@@H](NC(=O)[C@H](Cc1c[nH]c2ccccc12)NC(=O)[C@@H](N)CCCNC(=N)N)C(C)C)C(=O)NCC(=O)N[C@@H](Cc1ccccc1)C(=O)N[C@@H](CC(=O)O)C(=O)N[C@@H](Cc1c[nH]c2ccccc12)C(=O)N[C@H](C(=O)N[C@@H](Cc1c[nH]c2ccccc12)C(=O)N[C@@H](CCC(=O)O)C(=O)O)C(C)C,Papp,0.1,nm/s,Apparent membrane permeability of the compound in PBS buffer at pH 7.4 measured after 24 hrs by PAMPA assay
25091779,2297702,2795874,CSCC[C@@H]1NC(=O)[C@H](CC(=O)O)NC(=O)[C@H](Cc2ccccc2)NC(=O)[C@H](CCCNC(=N)N)NC(=O)[C@H](Cc2ccc(O)cc2)NC(=O)[C@H](CC(=O)O)NC(=O)[C@H](CCCNC(=N)N)NC(=O)[C@H](CCCNC(=N)N)NC(=O)[C@H](C)NC(=O)[C@@H](NC(=O)[C@H](Cc2c[nH]c3ccccc23)NC(=O)[C@@H](N)CCCNC(=N)N)CSSC[C@@H](C(=O)N[C@@H](Cc2c[nH]c3ccccc23)C(=O)N[C@@H](CCC(=O)O)C(=O)O)NC(=O)[C@H](Cc2c[nH]c3ccccc23)NC(=O)[C@H](Cc2ccc(O)cc2)NC(=O)[C@H](CC(=O)O)NC(=O)[C@H](Cc2ccccc2)NC(=O)CNC1=O,Papp,37.1,nm/s,Apparent membrane permeability of the compound in PBS buffer at pH 7.4 measured after 24 hrs by PAMPA assay
25091780,2297702,2788628,CSCC[C@H](NC(=O)CNC(=O)[C@H](CCC(=O)O)NC(=O)[C@H](CCCNC(=N)N)NC(=O)[C@H](C)NC(=O)[C@@H](NC(=O)[C@H](Cc1c[nH]c2ccccc12)NC(=O)[C@@H](N)CCCNC(=N)N)C(C)C)C(=O)N[C@@H](CC(N)=O)C(=O)N[C@H](C(=O)N[C@@H](CC(=O)O)C(=O)N[C@@H](Cc1c[nH]c2ccccc12)C(=O)N[C@@H](Cc1ccc(O)cc1)C(=O)N[C@@H](Cc1ccccc1)C(=O)N[C@@H](CC(=O)O)C(=O)N[C@@H](Cc1ccc(O)cc1)C(=O)N[C@@H](Cc1c[nH]c2ccccc12)C(=O)N[C@@H](Cc1cnc[nH]1)C(=O)N[C@@H](Cc1c[nH]c2ccccc12)C(=O)N[C@@H](CCC(=O)O)C(=O)O)[C@@H](C)O,Papp,4.2,nm/s,Apparent membrane permeability of the compound in PBS buffer at pH 7.4 measured after 24 hrs by PAMPA assay
25091781,2297702,2792943,CSCC[C@H](NC(=O)CNC(=O)[C@H](CCC(=O)O)NC(=O)[C@H](CCCNC(=N)N)NC(=O)[C@H](C)NC(=O)[C@@H](NC(=O)[C@H](Cc1c[nH]c2ccccc12)NC(=O)[C@@H](N)CCCNC(=N)N)C(C)C)C(=O)N[C@@H](CC(N)=O)C(=O)N[C@H](C(=O)N[C@@H](CC(=O)O)C(=O)NCC(=O)N[C@@H](Cc1ccc(O)cc1)C(=O)N[C@@H](Cc1ccccc1)C(=O)N[C@@H](CC(=O)O)C(=O)N[C@@H](Cc1ccc(O)cc1)C(=O)N[C@@H](Cc1c[nH]c2ccccc12)C(=O)N[C@@H](Cc1cnc[nH]1)C(=O)N[C@@H](Cc1c[nH]c2ccccc12)C(=O)N[C@@H](CCC(=O)O)C(=O)O)[C@@H](C)O,Papp,0.2,nm/s,Apparent membrane permeability of the compound in PBS buffer at pH 7.4 measured after 24 hrs by PAMPA assay
25091782,2297702,2796871,CC[C@H](C)[C@H](NC(=O)[C@H](Cc1ccc(O)cc1)NC(=O)[C@H](Cc1c[nH]c2ccccc12)NC(=O)[C@H](Cc1ccc(O)cc1)NC(=O)[C@H](CC(N)=O)NC(=O)CNC(=O)[C@H](Cc1ccc(O)cc1)NC(=O)[C@H](C)NC(=O)[C@H](CCCNC(=N)N)NC(=O)[C@H](C)NC(=O)[C@@H](NC(=O)[C@H](Cc1c[nH]c2ccccc12)NC(=O)[C@@H](N)CCCNC(=N)N)C(C)C)C(=O)N[C@@H](CC(=O)O)C(=O)N[C@H](C(=O)N[C@@H](Cc1c[nH]c2ccccc12)C(=O)N[C@@H](Cc1cnc[nH]1)C(=O)N[C@@H](Cc1c[nH]c2ccccc12)C(=O)N[C@@H](CCC(=O)O)C(=O)O)C(C)C,Papp,41.5,nm/s,Apparent membrane permeability of the compound in PBS buffer at pH 7.4 measured after 24 hrs by PAMPA assay
25091783,2297702,2793204,CC[C@H](C)[C@H](NC(=O)[C@H](Cc1ccc(O)cc1)NC(=O)CNC(=O)[C@H](Cc1ccc(O)cc1)NC(=O)[C@H](CC(N)=O)NC(=O)CNC(=O)[C@H](Cc1ccc(O)cc1)NC(=O)[C@H](C)NC(=O)[C@H](CCCNC(=N)N)NC(=O)[C@H](C)NC(=O)[C@@H](NC(=O)[C@H](Cc1c[nH]c2ccccc12)NC(=O)[C@@H](N)CCCNC(=N)N)C(C)C)C(=O)N[C@@H](CC(=O)O)C(=O)N[C@H](C(=O)N[C@@H](Cc1c[nH]c2ccccc12)C(=O)N[C@@H](Cc1cnc[nH]1)C(=O)N[C@@H](Cc1c[nH]c2ccccc12)C(=O)N[C@@H](CCC(=O)O)C(=O)O)C(C)C,Papp,3.8,nm/s,Apparent membrane permeability of the compound in PBS buffer at pH 7.4 measured after 24 hrs by PAMPA assay
25091784,2297702,2786996,CC(C)C[C@H](NC(=O)[C@H](CCC(=O)O)NC(=O)CNC(=O)[C@H](Cc1ccccc1)NC(=O)[C@H](Cc1c[nH]c2ccccc12)NC(=O)CNC(=O)CNC(=O)[C@H](CCC(=O)O)NC(=O)[C@H](CCCNC(=N)N)NC(=O)[C@H](C)NC(=O)[C@@H](NC(=O)[C@H](Cc1c[nH]c2ccccc12)NC(=O)[C@@H](N)CCCNC(=N)N)C(C)C)C(=O)N[C@@H](C)C(=O)N[C@@H](Cc1ccccc1)C(=O)N[C@@H](CC(N)=O)C(=O)N[C@@H](Cc1ccc(O)cc1)C(=O)N[C@@H](Cc1c[nH]c2ccccc12)C(=O)N[C@H](C(=O)N[C@@H](Cc1c[nH]c2ccccc12)C(=O)N[C@@H](CCC(=O)O)C(=O)O)C(C)C,Papp,20.5,nm/s,Apparent membrane permeability of the compound in PBS buffer at pH 7.4 measured after 24 hrs by PAMPA assay
25091785,2297702,2806051,CC[C@H](C)[C@H](NC(=O)[C@H](CC(=O)O)NC(=O)[C@H](CC(C)C)NC(=O)[C@H](CC(=O)O)NC(=O)[C@H](CCCNC(=N)N)NC(=O)[C@H](Cc1c[nH]c2ccccc12)NC(=O)[C@@H](NC(=O)[C@H](Cc1c[nH]c2ccccc12)NC(=O)[C@@H](N)CCCNC(=N)N)C(C)C)C(=O)N[C@@H](C)C(=O)N[C@H](C(=O)N[C@H](C(=O)N[C@@H](CCCNC(=N)N)C(=O)N[C@@H](CC(=O)O)C(=O)N[C@@H](Cc1ccc(O)cc1)C(=O)N[C@@H](Cc1c[nH]c2ccccc12)C(=O)N[C@H](C(=O)N[C@@H](Cc1c[nH]c2ccccc12)C(=O)N[C@@H](CCC(=O)O)C(=O)O)C(C)C)[C@@H](C)O)[C@@H](C)O,Papp,2,nm/s,Apparent membrane permeability of the compound in PBS buffer at pH 7.4 measured after 24 hrs by PAMPA assay
25091786,2297702,2811004,CC(C)[C@H](NC(=O)CNC(=O)[C@H](CO)NC(=O)[C@H](CO)NC(=O)[C@H](CC(=O)O)NC(=O)[C@@H]1CCCN1C(=O)[C@H](CO)NC(=O)[C@H](Cc1c[nH]c2ccccc12)NC(=O)[C@@H](NC(=O)[C@H](Cc1c[nH]c2ccccc12)NC(=O)[C@@H](N)CCCNC(=N)N)C(C)C)C(=O)N[C@@H](C)C(=O)N[C@@H](Cc1ccc(O)cc1)C(=O)N[C@@H](Cc1c[nH]c2ccccc12)C(=O)N[C@H](C(=O)N[C@@H](Cc1c[nH]c2ccccc12)C(=O)N[C@@H](CCC(=O)O)C(=O)O)C(C)C,Papp,0.9,nm/s,Apparent membrane permeability of the compound in PBS buffer at pH 7.4 measured after 24 hrs by PAMPA assay
25091787,2297702,394165,CC(=O)CC(c1ccccc1)c1c(O)c2ccccc2oc1=O,Papp,70.6,nm/s,Apparent membrane permeability of the compound in PBS buffer at pH 7.4 measured after 24 hrs by PAMPA assay
